"birdID","tagID","datetimeGMT","latitude","longitude","sex"
"5020554",378676,2026-04-05 17:56:23,28.8116321563721,-17.7637710571289,"Unknown"
"5020554",378676,2026-04-05 18:01:07,28.8116645812988,-17.763635635376,"Unknown"
"5020554",378676,2026-04-05 18:05:03,28.811653137207,-17.763557434082,"Unknown"
"5020554",378676,2026-04-05 18:10:51,28.8116817474365,-17.7635726928711,"Unknown"
"5020554",378676,2026-04-05 18:15:06,28.8119068145752,-17.7641105651855,"Unknown"
"5020554",378676,2026-04-05 18:20:04,28.812105178833,-17.7646236419678,"Unknown"
"5020554",378676,2026-04-05 18:25:02,28.8080139160156,-17.7508850097656,"Unknown"
"5020554",378676,2026-04-05 18:29:58,28.8101005554199,-17.7426128387451,"Unknown"
"5020554",378676,2026-04-05 18:34:58,28.8165187835693,-17.7370166778564,"Unknown"
"5020554",378676,2026-04-05 18:40:01,28.818811416626,-17.7357139587402,"Unknown"
"5020554",378676,2026-04-05 18:45:01,28.8247337341309,-17.7463512420654,"Unknown"
"5020554",378676,2026-04-05 18:50:33,28.8248596191406,-17.7477035522461,"Unknown"
"5020554",378676,2026-04-05 18:54:57,28.8333034515381,-17.7576293945312,"Unknown"
"5020554",378676,2026-04-05 18:59:58,28.8362693786621,-17.7598152160645,"Unknown"
"5020554",378676,2026-04-05 19:04:57,28.8386631011963,-17.7625885009766,"Unknown"
"5020554",378676,2026-04-05 19:09:58,28.8416786193848,-17.767126083374,"Unknown"
"5020554",378676,2026-04-05 19:14:57,28.8471202850342,-17.763744354248,"Unknown"
"5020554",378676,2026-04-05 19:19:58,28.8476848602295,-17.7642421722412,"Unknown"
"5020554",378676,2026-04-05 19:24:58,28.845193862915,-17.7744941711426,"Unknown"
"5020554",378676,2026-04-05 19:29:58,28.8458080291748,-17.7751121520996,"Unknown"
"5020554",378676,2026-04-05 19:34:58,28.8463840484619,-17.7758045196533,"Unknown"
"5020554",378676,2026-04-05 19:39:58,28.8449077606201,-17.7774753570557,"Unknown"
"5020554",378676,2026-04-05 19:45:00,28.838451385498,-17.7684516906738,"Unknown"
"5020554",378676,2026-04-05 19:50:01,28.8390636444092,-17.768518447876,"Unknown"
"5020554",378676,2026-04-05 19:55:27,28.8395214080811,-17.7685699462891,"Unknown"
"5020554",378676,2026-04-05 19:59:58,28.8421478271484,-17.7703819274902,"Unknown"
"5020554",378676,2026-04-05 20:04:59,28.8424873352051,-17.7703952789307,"Unknown"
"5020554",378676,2026-04-05 20:09:58,28.8428974151611,-17.7705688476562,"Unknown"
"5020554",378676,2026-04-05 20:14:58,28.843391418457,-17.7707805633545,"Unknown"
"5020554",378676,2026-04-05 20:19:59,28.8450164794922,-17.7713756561279,"Unknown"
"5020554",378676,2026-04-05 20:24:57,28.8453140258789,-17.7714595794678,"Unknown"
"5020554",378676,2026-04-05 20:29:57,28.8456077575684,-17.7715492248535,"Unknown"
"5020554",378676,2026-04-05 20:34:57,28.8459815979004,-17.7715911865234,"Unknown"
"5020554",378676,2026-04-05 20:39:57,28.8463439941406,-17.7716426849365,"Unknown"
"5020554",378676,2026-04-05 20:44:57,28.8467140197754,-17.7717723846436,"Unknown"
"5020554",378676,2026-04-05 20:49:57,28.8470687866211,-17.7719230651855,"Unknown"
"5020554",378676,2026-04-05 20:54:57,28.8474674224854,-17.7720813751221,"Unknown"
"5020554",378676,2026-04-05 20:59:57,28.8479118347168,-17.7722663879395,"Unknown"
"5020554",378676,2026-04-05 21:04:58,28.8483505249023,-17.7725238800049,"Unknown"
"5020554",378676,2026-04-05 21:09:57,28.8486995697021,-17.7729358673096,"Unknown"
"5020554",378676,2026-04-05 21:14:59,28.849084854126,-17.7734336853027,"Unknown"
"5020554",378676,2026-04-05 21:19:57,28.8494415283203,-17.7738800048828,"Unknown"
"5020554",378676,2026-04-05 21:24:57,28.8498306274414,-17.7744483947754,"Unknown"
"5020554",378676,2026-04-05 21:29:58,28.8502216339111,-17.775899887085,"Unknown"
"5020554",378676,2026-04-05 21:34:57,28.8505668640137,-17.7765274047852,"Unknown"
"5020554",378676,2026-04-05 21:40:10,28.8509197235107,-17.7772579193115,"Unknown"
"5020554",378676,2026-04-05 21:50:08,28.851619720459,-17.7785415649414,"Unknown"
"5020554",378676,2026-04-05 22:00:32,28.8523006439209,-17.7796173095703,"Unknown"
"5020554",378676,2026-04-05 22:10:07,28.8527812957764,-17.7806606292725,"Unknown"
"5020554",378676,2026-04-05 22:20:07,28.853385925293,-17.7821922302246,"Unknown"
"5020554",378676,2026-04-05 22:30:08,28.8538608551025,-17.7831363677979,"Unknown"
"5020554",378676,2026-04-05 22:40:08,28.8545055389404,-17.7848472595215,"Unknown"
"5020554",378676,2026-04-05 22:50:09,28.8561611175537,-17.7867240905762,"Unknown"
"5020554",378676,2026-04-05 23:00:07,28.8591613769531,-17.7908897399902,"Unknown"
"5020554",378676,2026-04-05 23:10:08,28.8593349456787,-17.7917652130127,"Unknown"
"5020554",378676,2026-04-05 23:20:07,28.8595314025879,-17.7925186157227,"Unknown"
"5020554",378676,2026-04-05 23:30:07,28.8602600097656,-17.7955589294434,"Unknown"
"5020554",378676,2026-04-05 23:40:09,28.8596496582031,-17.7978897094727,"Unknown"
"5020554",378676,2026-04-05 23:50:07,28.8608283996582,-17.8007068634033,"Unknown"
"5020554",378676,2026-04-06 00:00:08,28.8596458435059,-17.7972011566162,"Unknown"
"5020554",378676,2026-04-06 00:10:10,28.8390464782715,-17.7637672424316,"Unknown"
"5020554",378676,2026-04-06 00:20:08,28.8301811218262,-17.7595767974854,"Unknown"
"5020554",378676,2026-04-06 00:30:10,28.8302364349365,-17.7596130371094,"Unknown"
"5020554",378676,2026-04-06 00:40:09,28.830587387085,-17.7591705322266,"Unknown"
"5020554",378676,2026-04-06 00:50:14,28.8311576843262,-17.7583293914795,"Unknown"
"5020554",378676,2026-04-06 01:00:33,28.8316459655762,-17.7572975158691,"Unknown"
"5020554",378676,2026-04-06 01:10:08,28.831974029541,-17.7564067840576,"Unknown"
"5020554",378676,2026-04-06 01:20:08,28.832447052002,-17.7551803588867,"Unknown"
"5020554",378676,2026-04-06 01:30:09,28.8326854705811,-17.7541427612305,"Unknown"
"5020554",378676,2026-04-06 01:40:08,28.8327293395996,-17.7529144287109,"Unknown"
"5020554",378676,2026-04-06 01:50:09,28.8326358795166,-17.7516632080078,"Unknown"
"5020554",378676,2026-04-06 02:00:08,28.8323497772217,-17.7503299713135,"Unknown"
"5020554",378676,2026-04-06 02:10:09,28.8319797515869,-17.7489185333252,"Unknown"
"5020554",378676,2026-04-06 02:20:09,28.8316230773926,-17.7474136352539,"Unknown"
"5020554",378676,2026-04-06 02:30:10,28.8309669494629,-17.7459869384766,"Unknown"
"5020554",378676,2026-04-06 02:40:09,28.829906463623,-17.7446193695068,"Unknown"
"5020554",378676,2026-04-06 02:50:10,28.8044204711914,-17.7442016601562,"Unknown"
"5020554",378676,2026-04-06 03:00:10,28.8022289276123,-17.7421951293945,"Unknown"
"5020554",378676,2026-04-06 03:10:13,28.8026027679443,-17.7415580749512,"Unknown"
"5020554",378676,2026-04-06 03:20:33,28.8025493621826,-17.7408409118652,"Unknown"
"5020554",378676,2026-04-06 03:30:07,28.802095413208,-17.7402172088623,"Unknown"
"5020554",378676,2026-04-06 03:40:08,28.8007297515869,-17.7398796081543,"Unknown"
"5020554",378676,2026-04-06 03:50:08,28.8004112243652,-17.7387657165527,"Unknown"
"5020554",378676,2026-04-06 04:00:08,28.8001708984375,-17.7377948760986,"Unknown"
"5020554",378676,2026-04-06 04:10:08,28.8000679016113,-17.7369613647461,"Unknown"
"5020554",378676,2026-04-06 04:20:08,28.7999534606934,-17.7360992431641,"Unknown"
"5020554",378676,2026-04-06 04:30:08,28.7999725341797,-17.7354259490967,"Unknown"
"5020554",378676,2026-04-06 04:40:33,28.7974052429199,-17.7380447387695,"Unknown"
"5020554",378676,2026-04-06 04:50:08,28.7970371246338,-17.7380638122559,"Unknown"
"5020554",378676,2026-04-06 05:00:09,28.7967147827148,-17.7380123138428,"Unknown"
"5020554",378676,2026-04-06 05:10:09,28.7964630126953,-17.73752784729,"Unknown"
"5020554",378676,2026-04-06 05:20:08,28.7975578308105,-17.7147903442383,"Unknown"
"5020554",378676,2026-04-06 05:31:33,28.801944732666,-17.6423168182373,"Unknown"
"5020554",378676,2026-04-06 05:36:33,28.8036651611328,-17.6080131530762,"Unknown"
"5020554",378676,2026-04-06 05:41:33,28.8049411773682,-17.5745391845703,"Unknown"
"5020554",378676,2026-04-06 05:46:33,28.8069667816162,-17.541862487793,"Unknown"
"5020554",378676,2026-04-06 05:51:33,28.8120193481445,-17.5106678009033,"Unknown"
"5020554",378676,2026-04-06 05:56:33,28.8182258605957,-17.4800434112549,"Unknown"
"5020554",378676,2026-04-06 06:01:33,28.8234081268311,-17.4495811462402,"Unknown"
"5020554",378676,2026-04-06 06:06:33,28.8286151885986,-17.4206962585449,"Unknown"
"5020554",378676,2026-04-06 06:10:09,28.8298892974854,-17.3961315155029,"Unknown"
"5020554",378676,2026-04-06 06:15:10,28.8340797424316,-17.3619594573975,"Unknown"
"5020554",378676,2026-04-06 06:20:11,28.8289699554443,-17.3254718780518,"Unknown"
"5020554",378676,2026-04-06 06:25:08,28.8252201080322,-17.2894477844238,"Unknown"
"5020554",378676,2026-04-06 06:30:10,28.8209667205811,-17.2502517700195,"Unknown"
"5020554",378676,2026-04-06 06:35:09,28.8202743530273,-17.2116241455078,"Unknown"
"5020554",378676,2026-04-06 06:40:10,28.8206577301025,-17.1766815185547,"Unknown"
"5020554",378676,2026-04-06 07:11:33,28.8306274414062,-16.9407901763916,"Unknown"
"5020554",378676,2026-04-06 07:15:08,28.8298530578613,-16.937837600708,"Unknown"
"5020554",378676,2026-04-06 07:25:09,28.8298740386963,-16.8638534545898,"Unknown"
"5020554",378676,2026-04-06 07:30:08,28.8341236114502,-16.8229675292969,"Unknown"
"5020554",378676,2026-04-06 07:35:09,28.8361835479736,-16.7821960449219,"Unknown"
"5020554",378676,2026-04-06 07:40:08,28.8403377532959,-16.7407207489014,"Unknown"
"5020554",378676,2026-04-06 07:45:11,28.8431282043457,-16.698823928833,"Unknown"
"5020554",378676,2026-04-06 07:50:07,28.8455619812012,-16.6570072174072,"Unknown"
"5020554",378676,2026-04-06 07:55:08,28.845142364502,-16.6160850524902,"Unknown"
"5020554",378676,2026-04-06 08:00:08,28.8514175415039,-16.574405670166,"Unknown"
"5020554",378676,2026-04-06 08:05:12,28.8558082580566,-16.5317192077637,"Unknown"
"5020554",378676,2026-04-06 08:11:33,28.8627986907959,-16.4776287078857,"Unknown"
"5020554",378676,2026-04-06 08:16:33,28.8649425506592,-16.4332599639893,"Unknown"
"5020554",378676,2026-04-06 08:21:33,28.8717060089111,-16.3908157348633,"Unknown"
"5020554",378676,2026-04-06 08:26:33,28.8775177001953,-16.3479881286621,"Unknown"
"5020554",378676,2026-04-06 08:31:33,28.8846740722656,-16.3059844970703,"Unknown"
"5020554",378676,2026-04-06 08:36:33,28.8941173553467,-16.2646141052246,"Unknown"
"5020554",378676,2026-04-06 08:41:33,28.9023609161377,-16.2220573425293,"Unknown"
"5020554",378676,2026-04-06 08:46:33,28.9108104705811,-16.18337059021,"Unknown"
"5020554",378676,2026-04-06 08:51:33,28.9196662902832,-16.1441879272461,"Unknown"
"5020554",378676,2026-04-06 08:56:33,28.9269313812256,-16.1008834838867,"Unknown"
"5020554",378676,2026-04-06 09:00:08,28.9350719451904,-16.0703239440918,"Unknown"
"5020554",378676,2026-04-06 09:05:11,28.9461078643799,-16.0284843444824,"Unknown"
"5020554",378676,2026-04-06 09:10:10,28.9573059082031,-15.9884624481201,"Unknown"
"5020554",378676,2026-04-06 09:15:10,28.9671192169189,-15.9460964202881,"Unknown"
"5020554",378676,2026-04-06 09:20:10,28.9499588012695,-15.9054431915283,"Unknown"
"5020554",378676,2026-04-06 09:25:09,28.9493045806885,-15.8584451675415,"Unknown"
"5020554",378676,2026-04-06 09:30:57,28.9533348083496,-15.8146638870239,"Unknown"
"5020554",378676,2026-04-06 09:37:01,28.9554080963135,-15.7884922027588,"Unknown"
"5020554",378676,2026-04-06 09:47:01,28.9724082946777,-15.6983623504639,"Unknown"
"5020554",378676,2026-04-06 09:52:03,28.9773826599121,-15.6573476791382,"Unknown"
"5020554",378676,2026-04-06 09:57:02,28.9824638366699,-15.6131677627563,"Unknown"
"5020554",378676,2026-04-06 10:02:00,28.9845752716064,-15.569598197937,"Unknown"
"5020554",378676,2026-04-06 10:07:00,28.9883632659912,-15.5342607498169,"Unknown"
"5020554",378676,2026-04-06 10:12:01,28.9933338165283,-15.4878091812134,"Unknown"
"5020554",378676,2026-04-06 10:17:00,29.0018920898438,-15.4449262619019,"Unknown"
"5020554",378676,2026-04-06 10:22:00,29.005521774292,-15.4053287506104,"Unknown"
"5020554",378676,2026-04-06 10:27:01,29.0016860961914,-15.3639554977417,"Unknown"
"5020554",378676,2026-04-06 10:32:03,29.0065650939941,-15.3154144287109,"Unknown"
"5020554",378676,2026-04-06 10:37:02,29.0111351013184,-15.2677936553955,"Unknown"
"5020554",378676,2026-04-06 10:42:00,29.016902923584,-15.2250099182129,"Unknown"
"5020554",378676,2026-04-06 10:46:59,29.0249919891357,-15.1864128112793,"Unknown"
"5020554",378676,2026-04-06 10:52:00,29.0287609100342,-15.1379070281982,"Unknown"
"5020554",378676,2026-04-06 10:57:01,29.0317859649658,-15.1096677780151,"Unknown"
"5020554",378676,2026-04-06 11:02:00,29.0321712493896,-15.0620079040527,"Unknown"
"5020554",378676,2026-04-06 11:07:02,29.0328712463379,-15.0139036178589,"Unknown"
"5020554",378676,2026-04-06 11:12:03,29.0363521575928,-14.9706583023071,"Unknown"
"5020554",378676,2026-04-06 11:17:02,29.0403289794922,-14.9263105392456,"Unknown"
"5020554",378676,2026-04-06 11:22:02,29.0425758361816,-14.8815011978149,"Unknown"
"5020554",378676,2026-04-06 11:27:02,29.0469207763672,-14.8528289794922,"Unknown"
"5020554",378676,2026-04-06 11:32:02,29.0458240509033,-14.8079042434692,"Unknown"
"5020554",378676,2026-04-06 11:37:01,29.0420303344727,-14.7628402709961,"Unknown"
"5020554",378676,2026-04-06 11:42:02,29.0389575958252,-14.717059135437,"Unknown"
"5020554",378676,2026-04-06 11:47:01,29.0399227142334,-14.7070808410645,"Unknown"
"5020554",378676,2026-04-06 11:52:02,29.0459289550781,-14.6644954681396,"Unknown"
"5020554",378676,2026-04-06 11:57:07,29.0621509552002,-14.6263227462769,"Unknown"
"5020554",378676,2026-04-06 12:43:17,29.0701007843018,-14.2595682144165,"Unknown"
"5020554",378676,2026-04-06 12:47:01,29.0715789794922,-14.2416162490845,"Unknown"
"5020554",378676,2026-04-06 12:52:02,29.0704574584961,-14.2235374450684,"Unknown"
"5020554",378676,2026-04-06 12:57:00,29.0657043457031,-14.1994590759277,"Unknown"
"5020554",378676,2026-04-06 13:02:00,29.0610179901123,-14.1567144393921,"Unknown"
"5020554",378676,2026-04-06 13:07:02,29.0646438598633,-14.1114091873169,"Unknown"
"5020554",378676,2026-04-06 13:12:03,29.0722427368164,-14.0686569213867,"Unknown"
"5020554",378676,2026-04-06 13:17:00,29.0803661346436,-14.0257081985474,"Unknown"
"5020554",378676,2026-04-06 13:22:00,29.0856380462646,-13.9828195571899,"Unknown"
"5020554",378676,2026-04-06 13:27:04,29.091854095459,-13.9414978027344,"Unknown"
"5020554",378676,2026-04-06 13:32:03,29.1055183410645,-13.8985786437988,"Unknown"
"5020554",378676,2026-04-06 13:37:02,29.1184120178223,-13.8598470687866,"Unknown"
"5020554",378676,2026-04-06 13:42:02,29.1314544677734,-13.8379888534546,"Unknown"
"5020554",378676,2026-04-06 13:47:02,29.1386680603027,-13.829737663269,"Unknown"
"5020554",378676,2026-04-06 13:52:57,29.1501789093018,-13.8248882293701,"Unknown"
"5020554",378676,2026-04-06 13:57:04,29.1599960327148,-13.8052062988281,"Unknown"
"5020554",378676,2026-04-06 14:02:04,29.1750545501709,-13.7649183273315,"Unknown"
"5020554",378676,2026-04-06 14:07:01,29.1913242340088,-13.7270793914795,"Unknown"
"5020554",378676,2026-04-06 14:12:01,29.1954822540283,-13.6997518539429,"Unknown"
"5020554",378676,2026-04-06 14:17:03,29.2002296447754,-13.7007122039795,"Unknown"
"5020554",378676,2026-04-06 14:22:02,29.2040977478027,-13.7036304473877,"Unknown"
"5020554",378676,2026-04-06 14:27:03,29.2061595916748,-13.7037410736084,"Unknown"
"5020554",378676,2026-04-06 14:32:02,29.2168483734131,-13.686484336853,"Unknown"
"5020554",378676,2026-04-06 14:37:02,29.2383823394775,-13.6498079299927,"Unknown"
"5020554",378676,2026-04-06 14:42:02,29.2589321136475,-13.6219396591187,"Unknown"
"5020554",378676,2026-04-06 14:47:03,29.2835369110107,-13.6178674697876,"Unknown"
"5020554",378676,2026-04-06 14:52:01,29.2992496490479,-13.622465133667,"Unknown"
"5020554",378676,2026-04-06 14:57:04,29.3268737792969,-13.5971479415894,"Unknown"
"5020554",378676,2026-04-06 16:03:03,29.4659976959229,-13.3770570755005,"Unknown"
"5020554",378676,2026-04-06 16:07:00,29.4661121368408,-13.3758754730225,"Unknown"
"5020554",378676,2026-04-06 16:12:00,29.4778442382812,-13.3423347473145,"Unknown"
"5020554",378676,2026-04-06 16:17:00,29.4870166778564,-13.3018093109131,"Unknown"
"5020554",378676,2026-04-06 16:22:00,29.5000247955322,-13.2579965591431,"Unknown"
"5020554",378676,2026-04-06 16:27:02,29.5167560577393,-13.2166299819946,"Unknown"
"5020554",378676,2026-04-06 16:32:00,29.523250579834,-13.1728467941284,"Unknown"
"5020554",378676,2026-04-06 16:37:00,29.5125255584717,-13.1376037597656,"Unknown"
"5020554",378676,2026-04-06 16:42:01,29.4958534240723,-13.0970010757446,"Unknown"
"5020554",378676,2026-04-06 16:47:02,29.4912815093994,-13.05002784729,"Unknown"
"5020554",378676,2026-04-06 16:52:00,29.4825897216797,-13.0051784515381,"Unknown"
"5020554",378676,2026-04-06 16:57:01,29.4781665802002,-12.9701519012451,"Unknown"
"5020554",378676,2026-04-06 17:02:00,29.4579544067383,-12.9436101913452,"Unknown"
"5020554",378676,2026-04-06 17:07:02,29.4291934967041,-12.9210205078125,"Unknown"
"5020554",378676,2026-04-06 17:12:02,29.4003715515137,-12.8944997787476,"Unknown"
"5020554",378676,2026-04-06 17:17:02,29.369104385376,-12.8762836456299,"Unknown"
"5020554",378676,2026-04-06 17:22:00,29.3578319549561,-12.8600406646729,"Unknown"
"5020554",378676,2026-04-06 17:27:01,29.3468799591064,-12.8248338699341,"Unknown"
"5020554",378676,2026-04-06 17:32:18,29.3216590881348,-12.7853364944458,"Unknown"
"5020554",378676,2026-04-06 17:37:21,29.2916126251221,-12.757137298584,"Unknown"
"5020554",378676,2026-04-06 17:43:42,29.2518863677979,-12.7215309143066,"Unknown"
"5020554",378676,2026-04-06 17:47:37,29.2371616363525,-12.694167137146,"Unknown"
"5020554",378676,2026-04-06 17:52:18,29.2196578979492,-12.6544122695923,"Unknown"
"5020554",378676,2026-04-06 17:57:18,29.1995239257812,-12.6156940460205,"Unknown"
"5020554",378676,2026-04-06 18:02:16,29.1748046875,-12.5832672119141,"Unknown"
"5020554",378676,2026-04-06 18:07:19,29.1431827545166,-12.5528659820557,"Unknown"
"5020554",378676,2026-04-06 18:12:17,29.117094039917,-12.5239925384521,"Unknown"
"5020554",378676,2026-04-06 18:17:16,29.1059112548828,-12.5106039047241,"Unknown"
"5020554",378676,2026-04-06 18:22:16,29.0769443511963,-12.4827947616577,"Unknown"
"5020554",378676,2026-04-06 18:27:17,29.0478420257568,-12.4537992477417,"Unknown"
"5020554",378676,2026-04-06 18:32:17,29.0204296112061,-12.425106048584,"Unknown"
"5020554",378676,2026-04-06 18:37:18,29.0032272338867,-12.4189119338989,"Unknown"
"5020554",378676,2026-04-06 18:42:21,29.0026874542236,-12.4169063568115,"Unknown"
"5020554",378676,2026-04-06 18:47:20,29.002347946167,-12.4108695983887,"Unknown"
"5020554",378676,2026-04-06 18:52:19,29.0055484771729,-12.4068984985352,"Unknown"
"5020554",378676,2026-04-06 18:57:57,29.0069332122803,-12.4050378799438,"Unknown"
"5020554",378676,2026-04-06 19:02:16,29.0111045837402,-12.3993053436279,"Unknown"
"5020554",378676,2026-04-06 19:07:16,29.0126724243164,-12.4031066894531,"Unknown"
"5020554",378676,2026-04-06 19:12:16,29.0042839050293,-12.3997564315796,"Unknown"
"5020554",378676,2026-04-06 19:17:16,28.9980449676514,-12.3882713317871,"Unknown"
"5020554",378676,2026-04-06 19:22:16,28.9721279144287,-12.349328994751,"Unknown"
"5020554",378676,2026-04-06 19:27:17,28.9614353179932,-12.3111925125122,"Unknown"
"5020554",378676,2026-04-06 19:32:17,28.9621734619141,-12.2731952667236,"Unknown"
"5020554",378676,2026-04-06 19:37:16,28.9515686035156,-12.2423629760742,"Unknown"
"5020554",378676,2026-04-06 19:42:16,28.9479656219482,-12.202262878418,"Unknown"
"5020554",378676,2026-04-06 19:47:16,28.9474430084229,-12.1904382705688,"Unknown"
"5020554",378676,2026-04-06 19:52:17,28.94606590271,-12.190710067749,"Unknown"
"5020554",378676,2026-04-06 19:57:16,28.9451122283936,-12.1907472610474,"Unknown"
"5020554",378676,2026-04-06 20:02:16,28.9443607330322,-12.1905307769775,"Unknown"
"5020554",378676,2026-04-06 20:07:16,28.9434051513672,-12.1904125213623,"Unknown"
"5020554",378676,2026-04-06 20:12:16,28.9425506591797,-12.1902141571045,"Unknown"
"5020554",378676,2026-04-06 20:17:20,28.9415950775146,-12.1898775100708,"Unknown"
"5020554",378676,2026-04-06 20:22:33,28.9409008026123,-12.1894311904907,"Unknown"
"5020554",378676,2026-04-06 20:27:16,28.9399909973145,-12.1892318725586,"Unknown"
"5020554",378676,2026-04-06 20:32:16,28.9390678405762,-12.1890687942505,"Unknown"
"5020554",378676,2026-04-06 20:37:16,28.9381465911865,-12.1889657974243,"Unknown"
"5020554",378676,2026-04-06 20:42:16,28.9372024536133,-12.1888742446899,"Unknown"
"5020554",378676,2026-04-06 20:47:16,28.9362010955811,-12.188756942749,"Unknown"
"5020554",378676,2026-04-06 20:52:16,28.9352493286133,-12.1888008117676,"Unknown"
"5020554",378676,2026-04-06 20:57:16,28.9341926574707,-12.1890077590942,"Unknown"
"5020554",378676,2026-04-06 21:02:16,28.9331150054932,-12.1893320083618,"Unknown"
"5020554",378676,2026-04-06 21:07:16,28.9319915771484,-12.1896095275879,"Unknown"
"5020554",378676,2026-04-06 21:12:16,28.9309234619141,-12.1898822784424,"Unknown"
"5020554",378676,2026-04-06 21:17:18,28.9298362731934,-12.1900682449341,"Unknown"
"5020554",378676,2026-04-06 21:22:16,28.9286479949951,-12.1903915405273,"Unknown"
"5020554",378676,2026-04-06 21:27:18,28.9275531768799,-12.1905794143677,"Unknown"
"5020554",378676,2026-04-06 21:37:01,28.9255256652832,-12.1907711029053,"Unknown"
"5020554",378676,2026-04-06 21:42:01,28.9244785308838,-12.1909036636353,"Unknown"
"5020554",378676,2026-04-06 21:47:00,28.9235515594482,-12.1910400390625,"Unknown"
"5020554",378676,2026-04-06 21:51:59,28.9225654602051,-12.1911897659302,"Unknown"
"5020554",378676,2026-04-06 21:57:00,28.9216136932373,-12.1913890838623,"Unknown"
"5020554",378676,2026-04-06 22:02:00,28.92063331604,-12.1917839050293,"Unknown"
"5020554",378676,2026-04-06 22:07:01,28.9196758270264,-12.1921110153198,"Unknown"
"5020554",378676,2026-04-06 22:12:00,28.9187355041504,-12.1924018859863,"Unknown"
"5020554",378676,2026-04-06 22:17:00,28.9176959991455,-12.1927509307861,"Unknown"
"5020554",378676,2026-04-06 22:22:03,28.917366027832,-12.1916675567627,"Unknown"
"5020554",378676,2026-04-06 22:27:00,28.9163761138916,-12.1923666000366,"Unknown"
"5020554",378676,2026-04-06 22:32:33,28.9153099060059,-12.1930704116821,"Unknown"
"5020554",378676,2026-04-06 22:36:59,28.9144611358643,-12.1936206817627,"Unknown"
"5020554",378676,2026-04-06 22:41:59,28.9135646820068,-12.1941890716553,"Unknown"
"5020554",378676,2026-04-06 22:46:59,28.9126796722412,-12.1947984695435,"Unknown"
"5020554",378676,2026-04-06 22:51:59,28.911828994751,-12.1954612731934,"Unknown"
"5020554",378676,2026-04-06 22:56:59,28.9110202789307,-12.1962242126465,"Unknown"
"5020554",378676,2026-04-06 23:01:59,28.9102096557617,-12.1969537734985,"Unknown"
"5020554",378676,2026-04-06 23:06:59,28.9094314575195,-12.1976823806763,"Unknown"
"5020554",378676,2026-04-06 23:11:59,28.9086322784424,-12.1984272003174,"Unknown"
"5020554",378676,2026-04-06 23:17:00,28.9078369140625,-12.1991710662842,"Unknown"
"5020554",378676,2026-04-06 23:21:59,28.9070434570312,-12.1998863220215,"Unknown"
"5020554",378676,2026-04-06 23:26:59,28.9063110351562,-12.2005863189697,"Unknown"
"5020554",378676,2026-04-06 23:31:59,28.9055919647217,-12.201376914978,"Unknown"
"5020554",378676,2026-04-06 23:36:59,28.9048442840576,-12.2022047042847,"Unknown"
"5020554",378676,2026-04-06 23:41:59,28.904109954834,-12.2029714584351,"Unknown"
"5020554",378676,2026-04-06 23:46:59,28.9020957946777,-12.1998310089111,"Unknown"
"5020554",378676,2026-04-06 23:51:59,28.9013996124268,-12.2006988525391,"Unknown"
"5020554",378676,2026-04-06 23:56:59,28.9007110595703,-12.2015924453735,"Unknown"
"5020554",378676,2026-04-07 00:01:59,28.9000663757324,-12.2025136947632,"Unknown"
"5020554",378676,2026-04-07 00:06:59,28.8994312286377,-12.2034502029419,"Unknown"
"5020554",378676,2026-04-07 00:11:59,28.8986949920654,-12.2041139602661,"Unknown"
"5020554",378676,2026-04-07 00:17:01,28.8963966369629,-12.1963129043579,"Unknown"
"5020554",378676,2026-04-07 00:22:00,28.8959140777588,-12.197322845459,"Unknown"
"5020554",378676,2026-04-07 00:27:00,28.8952236175537,-12.1874732971191,"Unknown"
"5020554",378676,2026-04-07 00:32:00,28.8933219909668,-12.1745929718018,"Unknown"
"5020554",378676,2026-04-07 00:37:01,28.8929119110107,-12.1754875183105,"Unknown"
"5020554",378676,2026-04-07 00:42:01,28.892484664917,-12.1762914657593,"Unknown"
"5020554",378676,2026-04-07 00:47:01,28.8920574188232,-12.1770401000977,"Unknown"
"5020554",378676,2026-04-07 00:52:03,28.8916454315186,-12.1777658462524,"Unknown"
"5020554",378676,2026-04-07 00:57:08,28.8912124633789,-12.17857837677,"Unknown"
"5020554",378676,2026-04-07 01:02:33,28.8906841278076,-12.1793260574341,"Unknown"
"5020554",378676,2026-04-07 01:06:59,28.8902912139893,-12.1800184249878,"Unknown"
"5020554",378676,2026-04-07 01:11:59,28.8901176452637,-12.1757755279541,"Unknown"
"5020554",378676,2026-04-07 01:16:59,28.8887596130371,-12.1703262329102,"Unknown"
"5020554",378676,2026-04-07 01:21:59,28.8883171081543,-12.1711282730103,"Unknown"
"5020554",378676,2026-04-07 01:27:00,28.8840255737305,-12.1537027359009,"Unknown"
"5020554",378676,2026-04-07 01:36:58,28.8785362243652,-12.1428852081299,"Unknown"
"5020554",378676,2026-04-07 01:46:59,28.8771820068359,-12.1384134292603,"Unknown"
"5020554",378676,2026-04-07 01:56:59,28.8758201599121,-12.1397867202759,"Unknown"
"5020554",378676,2026-04-07 02:06:59,28.8745193481445,-12.1413316726685,"Unknown"
"5020554",378676,2026-04-07 02:16:59,28.8733139038086,-12.1428308486938,"Unknown"
"5020554",378676,2026-04-07 02:26:59,28.8721561431885,-12.1443567276001,"Unknown"
"5020554",378676,2026-04-07 02:36:59,28.8710784912109,-12.1459455490112,"Unknown"
"5020554",378676,2026-04-07 02:47:00,28.8700675964355,-12.1345558166504,"Unknown"
"5020554",378676,2026-04-07 02:57:01,28.8689517974854,-12.1362018585205,"Unknown"
"5020554",378676,2026-04-07 03:07:00,28.8679237365723,-12.1379241943359,"Unknown"
"5020554",378676,2026-04-07 03:17:01,28.8670768737793,-12.1396350860596,"Unknown"
"5020554",378676,2026-04-07 03:27:00,28.8663597106934,-12.1413478851318,"Unknown"
"5020554",378676,2026-04-07 03:37:57,28.8664150238037,-12.1358623504639,"Unknown"
"5020554",378676,2026-04-07 03:47:01,28.8659629821777,-12.1373853683472,"Unknown"
"5020554",378676,2026-04-07 03:56:59,28.8658123016357,-12.1383790969849,"Unknown"
"5020554",378676,2026-04-07 04:07:33,28.8667221069336,-12.1306343078613,"Unknown"
"5020554",378676,2026-04-07 04:16:59,28.8664054870605,-12.1321058273315,"Unknown"
"5020554",378676,2026-04-07 04:26:59,28.8662528991699,-12.1335706710815,"Unknown"
"5020554",378676,2026-04-07 04:36:59,28.8667507171631,-12.1344699859619,"Unknown"
"5020554",378676,2026-04-07 04:46:59,28.8676433563232,-12.1332855224609,"Unknown"
"5020554",378676,2026-04-07 04:56:59,28.8676776885986,-12.1347322463989,"Unknown"
"5020554",378676,2026-04-07 05:06:59,28.8677921295166,-12.1362457275391,"Unknown"
"5020554",378676,2026-04-07 05:17:00,28.8701229095459,-12.1267223358154,"Unknown"
"5020554",378676,2026-04-07 05:26:59,28.8718147277832,-12.1229476928711,"Unknown"
"5020554",378676,2026-04-07 05:37:00,28.8739414215088,-12.1209583282471,"Unknown"
"5020554",378676,2026-04-07 05:46:59,28.881555557251,-12.0953025817871,"Unknown"
"5020554",378676,2026-04-07 05:56:59,28.8822612762451,-12.0969839096069,"Unknown"
"5020554",378676,2026-04-07 06:06:59,28.8786430358887,-12.0650806427002,"Unknown"
"5020554",378676,2026-04-07 06:17:00,28.8858680725098,-12.01051902771,"Unknown"
"5020554",378676,2026-04-07 06:27:14,28.8981094360352,-11.9948015213013,"Unknown"
"5020554",378676,2026-04-07 06:37:01,28.918758392334,-11.9938879013062,"Unknown"
"5020554",378676,2026-04-07 06:47:02,28.9156265258789,-11.9535264968872,"Unknown"
"5020554",378676,2026-04-07 06:57:01,28.9457588195801,-11.9403104782104,"Unknown"
"5020554",378676,2026-04-07 07:07:33,28.9681015014648,-11.9444923400879,"Unknown"
"5020554",378676,2026-04-07 07:18:24,28.9874286651611,-11.9542026519775,"Unknown"
"5020554",378676,2026-04-07 07:28:24,28.9871635437012,-11.953519821167,"Unknown"
"5020554",378676,2026-04-07 07:38:03,28.989185333252,-11.9560995101929,"Unknown"
"5020554",378676,2026-04-07 07:46:59,28.9898929595947,-11.9546480178833,"Unknown"
"5020554",378676,2026-04-07 07:56:58,28.9887409210205,-11.9547100067139,"Unknown"
"5020554",378676,2026-04-07 08:06:59,28.9886436462402,-11.9553270339966,"Unknown"
"5020554",378676,2026-04-07 08:17:00,28.9874897003174,-11.954553604126,"Unknown"
"5020554",378676,2026-04-07 08:26:59,28.9883117675781,-11.9546318054199,"Unknown"
"5020554",378676,2026-04-07 08:37:00,28.9888706207275,-11.9542169570923,"Unknown"
"5020554",378676,2026-04-07 08:46:59,28.9896602630615,-11.9538669586182,"Unknown"
"5020554",378676,2026-04-07 08:51:59,28.9899559020996,-11.953498840332,"Unknown"
"5020554",378676,2026-04-07 08:56:59,28.9901809692383,-11.9532871246338,"Unknown"
"5020554",378676,2026-04-07 09:01:59,28.9904308319092,-11.9531669616699,"Unknown"
"5020554",378676,2026-04-07 09:06:59,28.9907703399658,-11.9529685974121,"Unknown"
"5020554",378676,2026-04-07 09:12:00,28.9911193847656,-11.9526624679565,"Unknown"
"5020554",378676,2026-04-07 09:17:01,28.9915142059326,-11.9522943496704,"Unknown"
"5020554",378676,2026-04-07 09:22:02,28.992359161377,-11.950231552124,"Unknown"
"5020554",378676,2026-04-07 09:27:01,28.9925117492676,-11.9497652053833,"Unknown"
"5020554",378676,2026-04-07 09:37:01,28.9924583435059,-11.9487075805664,"Unknown"
"5020554",378676,2026-04-07 09:46:59,28.9924850463867,-11.9479284286499,"Unknown"
"5020554",378676,2026-04-07 09:51:59,28.9924697875977,-11.9473533630371,"Unknown"
"5020554",378676,2026-04-07 09:57:02,28.9923610687256,-11.9467220306396,"Unknown"
"5020554",378676,2026-04-07 10:02:32,28.9923820495605,-11.9459619522095,"Unknown"
"5020554",378676,2026-04-07 10:07:00,28.9924297332764,-11.9453210830688,"Unknown"
"5020554",378676,2026-04-07 10:12:00,28.9924297332764,-11.9445705413818,"Unknown"
"5020554",378676,2026-04-07 10:17:00,28.9924411773682,-11.9438133239746,"Unknown"
"5020554",378676,2026-04-07 10:22:00,28.9924297332764,-11.9430856704712,"Unknown"
"5020554",378676,2026-04-07 10:27:00,28.9923782348633,-11.9422883987427,"Unknown"
"5020554",378676,2026-04-07 10:32:01,28.9921569824219,-11.9414348602295,"Unknown"
"5020554",378676,2026-04-07 10:37:01,28.9920501708984,-11.9406814575195,"Unknown"
"5020554",378676,2026-04-07 10:42:01,28.9920501708984,-11.9399747848511,"Unknown"
"5020554",378676,2026-04-07 10:47:00,28.9919910430908,-11.9391279220581,"Unknown"
"5020554",378676,2026-04-07 10:52:01,28.9919376373291,-11.9382810592651,"Unknown"
"5020554",378676,2026-04-07 10:57:02,28.99391746521,-11.9360084533691,"Unknown"
"5020554",378676,2026-04-07 11:02:01,28.9937648773193,-11.9350624084473,"Unknown"
"5020554",378676,2026-04-07 11:07:01,28.9936676025391,-11.9342126846313,"Unknown"
"5020554",378676,2026-04-07 11:12:02,28.9959754943848,-11.9259643554688,"Unknown"
"5020554",378676,2026-04-07 11:17:01,28.9961719512939,-11.9255847930908,"Unknown"
"5020554",378676,2026-04-07 11:22:00,28.9960060119629,-11.9249639511108,"Unknown"
"5020554",378676,2026-04-07 11:27:03,28.99560546875,-11.9242391586304,"Unknown"
"5020554",378676,2026-04-07 11:32:02,28.995189666748,-11.9233016967773,"Unknown"
"5020554",378676,2026-04-07 11:37:04,28.9948959350586,-11.9221839904785,"Unknown"
"5020554",378676,2026-04-07 11:42:04,28.9944438934326,-11.9212827682495,"Unknown"
"5020554",378676,2026-04-07 11:47:03,28.9940872192383,-11.9203014373779,"Unknown"
"5020554",378676,2026-04-07 11:52:05,28.9937572479248,-11.9194402694702,"Unknown"
"5020554",378676,2026-04-07 11:57:03,28.9933643341064,-11.9187059402466,"Unknown"
"5020554",378676,2026-04-07 12:02:01,28.9931564331055,-11.9181098937988,"Unknown"
"5020554",378676,2026-04-07 12:07:05,28.9928531646729,-11.9173173904419,"Unknown"
"5020554",378676,2026-04-07 12:12:05,28.9924659729004,-11.9165315628052,"Unknown"
"5020554",378676,2026-04-07 12:17:33,28.9920310974121,-11.9157123565674,"Unknown"
"5020554",378676,2026-04-07 12:22:01,28.9916839599609,-11.9150991439819,"Unknown"
"5020554",378676,2026-04-07 12:27:00,28.991096496582,-11.9144239425659,"Unknown"
"5020554",378676,2026-04-07 12:32:00,28.9906520843506,-11.9137029647827,"Unknown"
"5020554",378676,2026-04-07 12:37:01,28.9902763366699,-11.9128932952881,"Unknown"
"5020554",378676,2026-04-07 12:42:00,28.9898147583008,-11.9121694564819,"Unknown"
"5020554",378676,2026-04-07 12:47:00,28.9893608093262,-11.9116325378418,"Unknown"
"5020554",378676,2026-04-07 12:52:00,28.9888973236084,-11.910945892334,"Unknown"
"5020554",378676,2026-04-07 12:57:01,28.9885444641113,-11.9103336334229,"Unknown"
"5020554",378676,2026-04-07 13:02:01,28.9893951416016,-11.9076728820801,"Unknown"
"5020554",378676,2026-04-07 13:07:01,28.988561630249,-11.9072751998901,"Unknown"
"5020554",378676,2026-04-07 13:12:01,28.9877662658691,-11.9069795608521,"Unknown"
"5020554",378676,2026-04-07 13:17:01,28.9871654510498,-11.9066009521484,"Unknown"
"5020554",378676,2026-04-07 13:22:01,28.9865036010742,-11.9059820175171,"Unknown"
"5020554",378676,2026-04-07 13:27:00,28.9827480316162,-11.9086036682129,"Unknown"
"5020554",378676,2026-04-07 13:37:04,28.9812335968018,-11.913893699646,"Unknown"
"5020554",378676,2026-04-07 13:41:59,28.9818801879883,-11.9134502410889,"Unknown"
"5020554",378676,2026-04-07 13:46:59,28.9813060760498,-11.914158821106,"Unknown"
"5020554",378676,2026-04-07 13:52:00,28.9810333251953,-11.9137029647827,"Unknown"
"5020554",378676,2026-04-07 13:57:00,28.9808387756348,-11.9131965637207,"Unknown"
"5020554",378676,2026-04-07 14:02:01,28.9806251525879,-11.9126281738281,"Unknown"
"5020554",378676,2026-04-07 14:07:00,28.9805355072021,-11.9119529724121,"Unknown"
"5020554",378676,2026-04-07 14:12:01,28.9803733825684,-11.9113292694092,"Unknown"
"5020554",378676,2026-04-07 14:17:01,28.9799251556396,-11.9016962051392,"Unknown"
"5020554",378676,2026-04-07 14:22:01,28.9792423248291,-11.9011383056641,"Unknown"
"5020554",378676,2026-04-07 14:27:01,28.9786338806152,-11.9006223678589,"Unknown"
"5020554",378676,2026-04-07 14:32:02,28.9780139923096,-11.8998994827271,"Unknown"
"5020554",378676,2026-04-07 14:37:00,28.9864864349365,-11.8859901428223,"Unknown"
"5020554",378676,2026-04-07 14:42:03,28.98610496521,-11.8746366500854,"Unknown"
"5020554",378676,2026-04-07 14:47:03,28.9857482910156,-11.8659286499023,"Unknown"
"5020554",378676,2026-04-07 14:52:02,28.9832191467285,-11.8549451828003,"Unknown"
"5020554",378676,2026-04-07 14:57:05,28.9829254150391,-11.8501167297363,"Unknown"
"5020554",378676,2026-04-07 15:03:24,28.9890937805176,-11.8407249450684,"Unknown"
"5020554",378676,2026-04-07 15:07:00,28.9886379241943,-11.8401136398315,"Unknown"
"5020554",378676,2026-04-07 15:12:01,28.9961414337158,-11.8403806686401,"Unknown"
"5020554",378676,2026-04-07 15:17:00,29.0039043426514,-11.8658819198608,"Unknown"
"5020554",378676,2026-04-07 15:21:59,28.9984493255615,-11.8940544128418,"Unknown"
"5020554",378676,2026-04-07 15:27:00,28.9812850952148,-11.9190139770508,"Unknown"
"5020554",378676,2026-04-07 15:31:59,28.9756927490234,-11.9299783706665,"Unknown"
"5020554",378676,2026-04-07 15:37:01,28.9741230010986,-11.9359531402588,"Unknown"
"5020554",378676,2026-04-07 15:42:02,28.9774284362793,-11.9586162567139,"Unknown"
"5020554",378676,2026-04-07 15:46:59,28.9833011627197,-11.9622783660889,"Unknown"
"5020554",378676,2026-04-07 15:52:00,28.9808177947998,-11.9736042022705,"Unknown"
"5020554",378676,2026-04-07 15:56:59,28.98118019104,-11.98779296875,"Unknown"
"5020554",378676,2026-04-07 16:02:00,28.9907073974609,-11.9889116287231,"Unknown"
"5020554",378676,2026-04-07 16:07:00,29.0046443939209,-11.9893741607666,"Unknown"
"5020554",378676,2026-04-07 16:12:04,29.0131988525391,-11.9848499298096,"Unknown"
"5020554",378676,2026-04-07 16:17:00,29.0127620697021,-11.9835453033447,"Unknown"
"5020554",378676,2026-04-07 16:21:59,29.0113620758057,-11.983624458313,"Unknown"
"5020554",378676,2026-04-07 16:26:59,28.999532699585,-11.9962167739868,"Unknown"
"5020554",378676,2026-04-07 16:32:01,28.9742584228516,-12.010308265686,"Unknown"
"5020554",378676,2026-04-07 16:37:13,28.9668979644775,-12.0133380889893,"Unknown"
"5020554",378676,2026-04-07 16:42:00,28.9649391174316,-12.0158653259277,"Unknown"
"5020554",378676,2026-04-07 16:47:00,28.9643096923828,-12.0189170837402,"Unknown"
"5020554",378676,2026-04-07 16:52:01,28.9635486602783,-12.0184459686279,"Unknown"
"5020554",378676,2026-04-07 16:57:00,28.96120262146,-12.0133790969849,"Unknown"
"5020554",378676,2026-04-07 17:02:02,28.9605712890625,-12.0128660202026,"Unknown"
"5020554",378676,2026-04-07 17:07:02,28.9599876403809,-12.0122470855713,"Unknown"
"5020554",378676,2026-04-07 17:12:02,28.9593639373779,-12.0115509033203,"Unknown"
"5020554",378676,2026-04-07 17:17:02,28.9592399597168,-12.0097894668579,"Unknown"
"5020554",378676,2026-04-07 17:22:02,28.9584941864014,-12.0095224380493,"Unknown"
"5020554",378676,2026-04-07 17:27:02,28.9576244354248,-12.0092658996582,"Unknown"
"5020554",378676,2026-04-07 17:36:59,28.9492492675781,-12.00306224823,"Unknown"
"5020554",378676,2026-04-07 17:42:00,28.9519004821777,-12.0083284378052,"Unknown"
"5020554",378676,2026-04-07 17:47:01,28.9593753814697,-11.9882373809814,"Unknown"
"5020554",378676,2026-04-07 17:51:59,28.9520702362061,-11.9491367340088,"Unknown"
"5020554",378676,2026-04-07 17:57:00,28.9354820251465,-11.9110975265503,"Unknown"
"5020554",378676,2026-04-07 18:47:26,28.8180961608887,-12.0522508621216,"Unknown"
"5020554",378676,2026-04-07 18:52:01,28.8172702789307,-12.0592994689941,"Unknown"
"5020554",378676,2026-04-07 18:57:00,28.826509475708,-12.0530204772949,"Unknown"
"5020554",378676,2026-04-07 19:01:58,28.8227081298828,-12.04234790802,"Unknown"
"5020554",378676,2026-04-07 19:07:00,28.8175163269043,-12.0387735366821,"Unknown"
"5020554",378676,2026-04-07 19:11:59,28.8127918243408,-12.0274887084961,"Unknown"
"5020554",378676,2026-04-07 19:16:59,28.7933387756348,-11.9929351806641,"Unknown"
"5020554",378676,2026-04-07 19:21:59,28.7778034210205,-11.9573173522949,"Unknown"
"5020554",378676,2026-04-07 19:27:00,28.7625865936279,-11.923415184021,"Unknown"
"5020554",378676,2026-04-07 19:31:59,28.7507820129395,-11.8905353546143,"Unknown"
"5020554",378676,2026-04-07 19:37:02,28.7388153076172,-11.8583106994629,"Unknown"
"5020554",378676,2026-04-07 19:42:27,28.7339973449707,-11.8457593917847,"Unknown"
"5020554",378676,2026-04-07 19:46:59,28.733003616333,-11.84641456604,"Unknown"
"5020554",378676,2026-04-07 19:51:59,28.7318515777588,-11.8469905853271,"Unknown"
"5020554",378676,2026-04-07 19:56:59,28.7307643890381,-11.8475170135498,"Unknown"
"5020554",378676,2026-04-07 20:01:59,28.7296524047852,-11.8479776382446,"Unknown"
"5020554",378676,2026-04-07 20:06:58,28.7285118103027,-11.8485355377197,"Unknown"
"5020554",378676,2026-04-07 20:11:58,28.7273406982422,-11.8489751815796,"Unknown"
"5020554",378676,2026-04-07 20:16:59,28.7262115478516,-11.8493337631226,"Unknown"
"5020554",378676,2026-04-07 20:21:58,28.7250480651855,-11.8497219085693,"Unknown"
"5020554",378676,2026-04-07 20:26:59,28.723876953125,-11.8500719070435,"Unknown"
"5020554",378676,2026-04-07 20:31:58,28.7227153778076,-11.8506422042847,"Unknown"
"5020554",378676,2026-04-07 20:36:58,28.7215576171875,-11.8514356613159,"Unknown"
"5020554",378676,2026-04-07 20:41:58,28.7203807830811,-11.8519239425659,"Unknown"
"5020554",378676,2026-04-07 20:46:58,28.7191371917725,-11.8524942398071,"Unknown"
"5020554",378676,2026-04-07 20:51:59,28.7178726196289,-11.8530292510986,"Unknown"
"5020554",378676,2026-04-07 20:56:59,28.7166709899902,-11.8536777496338,"Unknown"
"5020554",378676,2026-04-07 21:01:58,28.7154541015625,-11.8541812896729,"Unknown"
"5020554",378676,2026-04-07 21:06:59,28.7142562866211,-11.8548412322998,"Unknown"
"5020554",378676,2026-04-07 21:11:58,28.7130069732666,-11.8555994033813,"Unknown"
"5020554",378676,2026-04-07 21:17:00,28.711820602417,-11.8566265106201,"Unknown"
"5020554",378676,2026-04-07 21:22:00,28.7106456756592,-11.8576936721802,"Unknown"
"5020554",378676,2026-04-07 21:27:00,28.7094440460205,-11.8587369918823,"Unknown"
"5020554",378676,2026-04-07 21:37:02,28.7070503234863,-11.8608407974243,"Unknown"
"5020554",378676,2026-04-07 21:47:02,28.7046527862549,-11.8622770309448,"Unknown"
"5020554",378676,2026-04-07 21:57:33,28.7021389007568,-11.8638744354248,"Unknown"
"5020554",378676,2026-04-07 22:06:59,28.6999931335449,-11.8664636611938,"Unknown"
"5020554",378676,2026-04-07 22:16:59,28.6974658966064,-11.8689250946045,"Unknown"
"5020554",378676,2026-04-07 22:26:59,28.6947498321533,-11.8711833953857,"Unknown"
"5020554",378676,2026-04-07 22:36:59,28.692440032959,-11.8734798431396,"Unknown"
"5020554",378676,2026-04-07 22:46:58,28.6900291442871,-11.8759632110596,"Unknown"
"5020554",378676,2026-04-07 22:56:59,28.6876640319824,-11.8786144256592,"Unknown"
"5020554",378676,2026-04-07 23:06:59,28.6854553222656,-11.8813381195068,"Unknown"
"5020554",378676,2026-04-07 23:16:58,28.6834888458252,-11.883975982666,"Unknown"
"5020554",378676,2026-04-07 23:26:59,28.6816005706787,-11.8865785598755,"Unknown"
"5020554",378676,2026-04-07 23:36:59,28.6799259185791,-11.8892860412598,"Unknown"
"5020554",378676,2026-04-07 23:46:59,28.6783027648926,-11.89182472229,"Unknown"
"5020554",378676,2026-04-07 23:56:58,28.6765975952148,-11.8944978713989,"Unknown"
"5020554",378676,2026-04-08 00:02:32,28.6757545471191,-11.8959178924561,"Unknown"
"5020554",378676,2026-04-08 00:11:59,28.6739978790283,-11.8982963562012,"Unknown"
"5020554",378676,2026-04-08 00:22:00,28.6719760894775,-11.9002161026001,"Unknown"
"5020554",378676,2026-04-08 00:32:00,28.6700096130371,-11.9023246765137,"Unknown"
"5020554",378676,2026-04-08 00:42:00,28.66823387146,-11.9046897888184,"Unknown"
"5020554",378676,2026-04-08 00:52:00,28.6667366027832,-11.9075584411621,"Unknown"
"5020554",378676,2026-04-08 01:02:00,28.6650657653809,-11.9103002548218,"Unknown"
"5020554",378676,2026-04-08 01:12:00,28.6634635925293,-11.9129514694214,"Unknown"
"5020554",378676,2026-04-08 01:22:00,28.6620025634766,-11.9157876968384,"Unknown"
"5020554",378676,2026-04-08 01:37:04,28.6600379943848,-11.9198226928711,"Unknown"
"5020554",378676,2026-04-08 01:47:00,28.6588325500488,-11.9224767684937,"Unknown"
"5020554",378676,2026-04-08 01:57:03,28.6575450897217,-11.9247617721558,"Unknown"
"5020554",378676,2026-04-08 02:07:02,28.656135559082,-11.926775932312,"Unknown"
"5020554",378676,2026-04-08 02:17:02,28.6548252105713,-11.9287710189819,"Unknown"
"5020554",378676,2026-04-08 02:27:03,28.6536827087402,-11.930835723877,"Unknown"
"5020554",378676,2026-04-08 02:37:04,28.6524295806885,-11.9331789016724,"Unknown"
"5020554",378676,2026-04-08 02:47:05,28.6513233184814,-11.9357261657715,"Unknown"
"5020554",378676,2026-04-08 02:57:04,28.6502304077148,-11.9383325576782,"Unknown"
"5020554",378676,2026-04-08 03:07:05,28.6492919921875,-11.9404287338257,"Unknown"
"5020554",378676,2026-04-08 03:17:33,28.6489753723145,-11.9450578689575,"Unknown"
"5020554",378676,2026-04-08 03:26:59,28.6480464935303,-11.9472322463989,"Unknown"
"5020554",378676,2026-04-08 03:36:59,28.6477851867676,-11.9495763778687,"Unknown"
"5020554",378676,2026-04-08 03:46:59,28.6470432281494,-11.9518194198608,"Unknown"
"5020554",378676,2026-04-08 03:56:59,28.6465282440186,-11.95361328125,"Unknown"
"5020554",378676,2026-04-08 04:06:59,28.6480979919434,-11.9472665786743,"Unknown"
"5020554",378676,2026-04-08 04:17:00,28.6475639343262,-11.9490585327148,"Unknown"
"5020554",378676,2026-04-08 04:27:00,28.64697265625,-11.9506950378418,"Unknown"
"5020554",378676,2026-04-08 04:37:00,28.6466484069824,-11.9526681900024,"Unknown"
"5020554",378676,2026-04-08 04:47:00,28.6463623046875,-11.9549522399902,"Unknown"
"5020554",378676,2026-04-08 04:56:59,28.646146774292,-11.9572305679321,"Unknown"
"5020554",378676,2026-04-08 05:06:59,28.6478424072266,-11.9539756774902,"Unknown"
"5020554",378676,2026-04-08 05:17:00,28.6477794647217,-11.9541606903076,"Unknown"
"5020554",378676,2026-04-08 05:26:59,28.6475639343262,-11.9555578231812,"Unknown"
"5020554",378676,2026-04-08 05:37:00,28.6474895477295,-11.9576072692871,"Unknown"
"5020554",378676,2026-04-08 09:07:32,28.6456241607666,-12.0778656005859,"Unknown"
"5020554",378676,2026-04-08 09:17:00,28.6433753967285,-12.0807304382324,"Unknown"
"5020554",378676,2026-04-08 09:27:00,28.6435890197754,-12.0814571380615,"Unknown"
"5020554",378676,2026-04-08 09:37:01,28.6377124786377,-12.0553770065308,"Unknown"
"5020554",378676,2026-04-08 09:46:59,28.6378631591797,-12.0562152862549,"Unknown"
"5020554",378676,2026-04-08 09:56:59,28.6377754211426,-12.0566596984863,"Unknown"
"5020554",378676,2026-04-08 10:06:59,28.6377010345459,-12.0570945739746,"Unknown"
"5020554",378676,2026-04-08 10:11:59,28.6375484466553,-12.0573883056641,"Unknown"
"5020554",378676,2026-04-08 10:16:59,28.6301746368408,-12.0502071380615,"Unknown"
"5020554",378676,2026-04-08 10:21:59,28.6302032470703,-12.0504293441772,"Unknown"
"5020554",378676,2026-04-08 10:26:59,28.6319808959961,-12.0495729446411,"Unknown"
"5020554",378676,2026-04-08 10:32:01,28.631950378418,-12.0497913360596,"Unknown"
"5020554",378676,2026-04-08 10:37:00,28.6318740844727,-12.050048828125,"Unknown"
"5020554",378676,2026-04-08 10:41:59,28.6317863464355,-12.0502099990845,"Unknown"
"5020554",378676,2026-04-08 10:47:00,28.6316509246826,-12.0504093170166,"Unknown"
"5020554",378676,2026-04-08 10:52:02,28.6253776550293,-12.0413112640381,"Unknown"
"5020554",378676,2026-04-08 10:57:00,28.6242504119873,-12.0392618179321,"Unknown"
"5020554",378676,2026-04-08 11:02:00,28.6242141723633,-12.0391855239868,"Unknown"
"5020554",378676,2026-04-08 11:07:07,28.5937995910645,-12.0384426116943,"Unknown"
"5020554",378676,2026-04-08 11:12:01,28.5811634063721,-12.0364246368408,"Unknown"
"5020554",378676,2026-04-08 11:17:01,28.5784816741943,-12.0408401489258,"Unknown"
"5020554",378676,2026-04-08 11:22:01,28.5575141906738,-12.0594234466553,"Unknown"
"5020554",378676,2026-04-08 11:27:00,28.5535621643066,-12.054123878479,"Unknown"
"5020554",378676,2026-04-08 11:32:01,28.5536727905273,-12.0545797348022,"Unknown"
"5020554",378676,2026-04-08 11:37:01,28.5536727905273,-12.0549125671387,"Unknown"
"5020554",378676,2026-04-08 11:41:59,28.5535869598389,-12.0552005767822,"Unknown"
"5020554",378676,2026-04-08 11:46:59,28.5476608276367,-12.0641384124756,"Unknown"
"5020554",378676,2026-04-08 11:52:02,28.5439300537109,-12.0903167724609,"Unknown"
"5020554",378676,2026-04-08 11:57:01,28.5468120574951,-12.0883092880249,"Unknown"
"5020554",378676,2026-04-08 12:02:32,28.5514144897461,-12.0813541412354,"Unknown"
"5020554",378676,2026-04-08 12:07:01,28.5513858795166,-12.0813474655151,"Unknown"
"5020554",378676,2026-04-08 12:12:01,28.55055809021,-12.081901550293,"Unknown"
"5020554",378676,2026-04-08 12:17:03,28.5295734405518,-12.0997409820557,"Unknown"
"5020554",378676,2026-04-08 12:22:02,28.5419902801514,-12.1126327514648,"Unknown"
"5020554",378676,2026-04-08 12:27:03,28.5457286834717,-12.1372404098511,"Unknown"
"5020554",378676,2026-04-08 12:32:03,28.5202960968018,-12.1634159088135,"Unknown"
"5020554",378676,2026-04-08 12:37:02,28.5007381439209,-12.1647272109985,"Unknown"
"5020554",378676,2026-04-08 12:42:03,28.4981880187988,-12.1655216217041,"Unknown"
"5020554",378676,2026-04-08 12:47:03,28.468189239502,-12.1898860931396,"Unknown"
"5020554",378676,2026-04-08 12:52:02,28.46315574646,-12.1839418411255,"Unknown"
"5020554",378676,2026-04-08 12:57:05,28.4538059234619,-12.1688766479492,"Unknown"
"5020554",378676,2026-04-08 13:02:07,28.4553680419922,-12.1310014724731,"Unknown"
"5020554",378676,2026-04-08 13:07:03,28.4659423828125,-12.0996332168579,"Unknown"
"5020554",378676,2026-04-08 13:12:04,28.4799022674561,-12.0734367370605,"Unknown"
"5020554",378676,2026-04-08 13:17:04,28.4970836639404,-12.0596151351929,"Unknown"
"5020554",378676,2026-04-08 13:22:04,28.5145626068115,-12.0442562103271,"Unknown"
"5020554",378676,2026-04-08 13:27:03,28.5299301147461,-12.0201072692871,"Unknown"
"5020554",378676,2026-04-08 13:37:01,28.5675830841064,-12.0118627548218,"Unknown"
"5020554",378676,2026-04-08 13:42:00,28.5862083435059,-11.9963293075562,"Unknown"
"5020554",378676,2026-04-08 13:47:01,28.6031036376953,-11.9848365783691,"Unknown"
"5020554",378676,2026-04-08 13:52:00,28.6052055358887,-11.9897956848145,"Unknown"
"5020554",378676,2026-04-08 13:57:02,28.6035976409912,-12.0141725540161,"Unknown"
"5020554",378676,2026-04-08 14:02:01,28.6010456085205,-12.0191106796265,"Unknown"
"5020554",378676,2026-04-08 14:07:01,28.5932521820068,-12.0037326812744,"Unknown"
"5020554",378676,2026-04-08 14:12:01,28.5894355773926,-11.9964466094971,"Unknown"
"5020554",378676,2026-04-08 14:16:59,28.5894050598145,-12.0084753036499,"Unknown"
"5020554",378676,2026-04-08 14:22:00,28.5901947021484,-12.0085029602051,"Unknown"
"5020554",378676,2026-04-08 14:27:01,28.5940551757812,-12.0009717941284,"Unknown"
"5020554",378676,2026-04-08 14:32:00,28.599796295166,-11.969446182251,"Unknown"
"5020554",378676,2026-04-08 14:37:01,28.5998001098633,-11.9705352783203,"Unknown"
"5020554",378676,2026-04-08 14:51:20,28.6006870269775,-11.974588394165,"Unknown"
"5020554",378676,2026-04-08 14:51:59,28.6002349853516,-11.9736557006836,"Unknown"
"5020554",378676,2026-04-08 14:56:59,28.600793838501,-11.9729013442993,"Unknown"
"5020554",378676,2026-04-08 15:01:58,28.6005382537842,-11.9729623794556,"Unknown"
"5020554",378676,2026-04-08 15:06:59,28.6001567840576,-11.9729299545288,"Unknown"
"5020554",378676,2026-04-08 15:12:00,28.5998115539551,-11.9725761413574,"Unknown"
"5020554",378676,2026-04-08 15:16:59,28.5994281768799,-11.9721775054932,"Unknown"
"5020554",378676,2026-04-08 15:22:00,28.5991821289062,-11.9717855453491,"Unknown"
"5020554",378676,2026-04-08 15:27:01,28.5988140106201,-11.9712953567505,"Unknown"
"5020554",378676,2026-04-08 15:32:01,28.598611831665,-11.9707698822021,"Unknown"
"5020554",378676,2026-04-08 15:37:28,28.5982818603516,-11.9701986312866,"Unknown"
"5020554",378676,2026-04-08 15:41:59,28.5980682373047,-11.9697647094727,"Unknown"
"5020554",378676,2026-04-08 15:46:58,28.5979290008545,-11.969274520874,"Unknown"
"5020554",378676,2026-04-08 15:51:59,28.5977630615234,-11.9688949584961,"Unknown"
"5020554",378676,2026-04-08 15:56:58,28.5975971221924,-11.9684286117554,"Unknown"
"5020554",378676,2026-04-08 16:01:59,28.5973205566406,-11.9679231643677,"Unknown"
"5020554",378676,2026-04-08 16:06:58,28.5970897674561,-11.9675378799438,"Unknown"
"5020554",378676,2026-04-08 16:11:58,28.5967807769775,-11.9671211242676,"Unknown"
"5020554",378676,2026-04-08 16:16:59,28.5964603424072,-11.9666652679443,"Unknown"
"5020554",378676,2026-04-08 16:21:58,28.5961608886719,-11.9663019180298,"Unknown"
"5020554",378676,2026-04-08 16:26:58,28.595911026001,-11.9658689498901,"Unknown"
"5020554",378676,2026-04-08 16:32:00,28.5956783294678,-11.965368270874,"Unknown"
"5020554",378676,2026-04-08 16:37:00,28.5954074859619,-11.964958190918,"Unknown"
"5020554",378676,2026-04-08 16:41:58,28.5953006744385,-11.9643430709839,"Unknown"
"5020554",378676,2026-04-08 16:46:58,28.5951271057129,-11.9639616012573,"Unknown"
"5020554",378676,2026-04-08 16:51:59,28.594856262207,-11.963472366333,"Unknown"
"5020554",378676,2026-04-08 16:57:00,28.5947246551514,-11.9630403518677,"Unknown"
"5020554",378676,2026-04-08 17:02:27,28.594274520874,-11.9624853134155,"Unknown"
"5020554",378676,2026-04-08 17:06:58,28.5940341949463,-11.9620456695557,"Unknown"
"5020554",378676,2026-04-08 17:11:58,28.5937690734863,-11.9615249633789,"Unknown"
"5020554",378676,2026-04-08 17:16:58,28.5934791564941,-11.9609870910645,"Unknown"
"5020554",378676,2026-04-08 17:21:58,28.5931625366211,-11.9604663848877,"Unknown"
"5020554",378676,2026-04-08 17:26:58,28.5928573608398,-11.9600133895874,"Unknown"
"5020554",378676,2026-04-08 17:37:01,28.5712375640869,-11.9461402893066,"Unknown"
"5020554",378676,2026-04-08 17:42:00,28.5724639892578,-11.9335517883301,"Unknown"
"5020554",378676,2026-04-08 17:46:59,28.5719165802002,-11.9332361221313,"Unknown"
"5020554",378676,2026-04-08 17:52:00,28.5714683532715,-11.9329233169556,"Unknown"
"5020554",378676,2026-04-08 17:57:00,28.5709934234619,-11.932487487793,"Unknown"
"5020554",378676,2026-04-08 18:01:59,28.5705966949463,-11.9321393966675,"Unknown"
"5020554",378676,2026-04-08 18:07:00,28.5701332092285,-11.9319610595703,"Unknown"
"5020554",378676,2026-04-08 18:11:59,28.5698146820068,-11.9316034317017,"Unknown"
"5020554",378676,2026-04-08 18:16:59,28.5695285797119,-11.9313011169434,"Unknown"
"5020554",378676,2026-04-08 18:21:59,28.569055557251,-11.9308452606201,"Unknown"
"5020554",378676,2026-04-08 18:27:01,28.5686588287354,-11.9304838180542,"Unknown"
"5020554",378676,2026-04-08 18:32:03,28.5681095123291,-11.9302520751953,"Unknown"
"5020554",378676,2026-04-08 18:37:04,28.5676689147949,-11.9300498962402,"Unknown"
"5020554",378676,2026-04-08 18:42:03,28.5672931671143,-11.9296531677246,"Unknown"
"5020554",378676,2026-04-08 18:47:33,28.5669555664062,-11.9293022155762,"Unknown"
"5020554",378676,2026-04-08 18:51:59,28.5666255950928,-11.9290924072266,"Unknown"
"5020554",378676,2026-04-08 18:56:59,28.5663871765137,-11.9288711547852,"Unknown"
"5020554",378676,2026-04-08 19:01:59,28.56614112854,-11.9286670684814,"Unknown"
"5020554",378676,2026-04-08 19:06:58,28.5656604766846,-11.9287061691284,"Unknown"
"5020554",378676,2026-04-08 19:11:59,28.5651473999023,-11.9286842346191,"Unknown"
"5020554",378676,2026-04-08 19:16:59,28.5644283294678,-11.928840637207,"Unknown"
"5020554",378676,2026-04-08 19:21:59,28.5639667510986,-11.9288644790649,"Unknown"
"5020554",378676,2026-04-08 19:26:59,28.5593299865723,-11.9324865341187,"Unknown"
"5020554",378676,2026-04-08 19:31:59,28.5666255950928,-11.9414443969727,"Unknown"
"5020554",378676,2026-04-08 19:36:59,28.5584106445312,-11.9523267745972,"Unknown"
"5020554",378676,2026-04-08 19:41:59,28.5390701293945,-11.9698553085327,"Unknown"
"5020554",378676,2026-04-08 19:46:59,28.5340728759766,-11.9786176681519,"Unknown"
"5020554",378676,2026-04-08 19:52:00,28.5335788726807,-11.9783411026001,"Unknown"
"5020554",378676,2026-04-08 19:56:59,28.5330810546875,-11.9780349731445,"Unknown"
"5020554",378676,2026-04-08 20:01:59,28.532642364502,-11.9777116775513,"Unknown"
"5020554",378676,2026-04-08 20:06:59,28.5321502685547,-11.977502822876,"Unknown"
"5020554",378676,2026-04-08 20:12:00,28.531623840332,-11.9771747589111,"Unknown"
"5020554",378676,2026-04-08 20:16:59,28.531156539917,-11.9768476486206,"Unknown"
"5020554",378676,2026-04-08 20:21:59,28.5305995941162,-11.9766054153442,"Unknown"
"5020554",378676,2026-04-08 20:26:59,28.530086517334,-11.976393699646,"Unknown"
"5020554",378676,2026-04-08 20:31:59,28.5295333862305,-11.9761209487915,"Unknown"
"5020554",378676,2026-04-08 20:36:59,28.5289993286133,-11.9759178161621,"Unknown"
"5020554",378676,2026-04-08 20:41:59,28.5283203125,-11.9757232666016,"Unknown"
"5020554",378676,2026-04-08 20:46:59,28.5277462005615,-11.9754180908203,"Unknown"
"5020554",378676,2026-04-08 20:51:59,28.5271549224854,-11.9752225875854,"Unknown"
"5020554",378676,2026-04-08 20:56:59,28.526439666748,-11.9751176834106,"Unknown"
"5020554",378676,2026-04-08 21:02:33,28.5257053375244,-11.9748201370239,"Unknown"
"5020554",378676,2026-04-08 21:06:59,28.5225830078125,-11.9764108657837,"Unknown"
"5020554",378676,2026-04-08 21:11:59,28.5216369628906,-11.9763898849487,"Unknown"
"5020554",378676,2026-04-08 21:16:59,28.5207653045654,-11.9763402938843,"Unknown"
"5020554",378676,2026-04-08 21:21:59,28.5198593139648,-11.9761905670166,"Unknown"
"5020554",378676,2026-04-08 21:26:59,28.5190906524658,-11.9760513305664,"Unknown"
"5020554",378676,2026-04-08 21:36:59,28.5177783966064,-11.9755849838257,"Unknown"
"5020554",378676,2026-04-08 21:46:59,28.5163383483887,-11.9754552841187,"Unknown"
"5020554",378676,2026-04-08 21:51:59,28.5156517028809,-11.9753427505493,"Unknown"
"5020554",378676,2026-04-08 21:56:59,28.5149841308594,-11.9751873016357,"Unknown"
"5020554",378676,2026-04-08 22:01:59,28.5142993927002,-11.9749975204468,"Unknown"
"5020554",378676,2026-04-08 22:06:59,28.5135955810547,-11.9748935699463,"Unknown"
"5020554",378676,2026-04-08 22:11:59,28.5129413604736,-11.9748001098633,"Unknown"
"5020554",378676,2026-04-08 22:17:00,28.5122337341309,-11.9745855331421,"Unknown"
"5020554",378676,2026-04-08 22:21:59,28.5115718841553,-11.9744157791138,"Unknown"
"5020554",378676,2026-04-08 22:26:59,28.5110321044922,-11.9741067886353,"Unknown"
"5020554",378676,2026-04-08 22:31:58,28.51051902771,-11.9736614227295,"Unknown"
"5020554",378676,2026-04-08 22:36:59,28.5100231170654,-11.9731740951538,"Unknown"
"5020554",378676,2026-04-08 22:41:59,28.5095233917236,-11.9727163314819,"Unknown"
"5020554",378676,2026-04-08 22:46:59,28.5091075897217,-11.972222328186,"Unknown"
"5020554",378676,2026-04-08 22:51:59,28.508674621582,-11.9718132019043,"Unknown"
"5020554",378676,2026-04-08 22:56:59,28.508279800415,-11.9714918136597,"Unknown"
"5020554",378676,2026-04-08 23:01:59,28.5077247619629,-11.9712715148926,"Unknown"
"5020554",378676,2026-04-08 23:06:59,28.507209777832,-11.9710063934326,"Unknown"
"5020554",378676,2026-04-08 23:11:59,28.5066509246826,-11.9708375930786,"Unknown"
"5020554",378676,2026-04-08 23:16:59,28.5060558319092,-11.9706344604492,"Unknown"
"5020554",378676,2026-04-08 23:22:00,28.5054187774658,-11.9704418182373,"Unknown"
"5020554",378676,2026-04-08 23:26:59,28.5047035217285,-11.9702644348145,"Unknown"
"5020554",378676,2026-04-08 23:32:00,28.504093170166,-11.970139503479,"Unknown"
"5020554",378676,2026-04-08 23:36:59,28.5034847259521,-11.9699964523315,"Unknown"
"5020554",378676,2026-04-08 23:41:59,28.5028305053711,-11.9698829650879,"Unknown"
"5020554",378676,2026-04-08 23:47:00,28.5023651123047,-11.9695224761963,"Unknown"
"5020554",378676,2026-04-08 23:51:59,28.5019035339355,-11.9691562652588,"Unknown"
"5020554",378676,2026-04-08 23:56:59,28.501392364502,-11.9687700271606,"Unknown"
"5020554",378676,2026-04-09 00:02:32,28.5006141662598,-11.9687356948853,"Unknown"
"5020554",378676,2026-04-09 00:06:59,28.5002250671387,-11.9683971405029,"Unknown"
"5020554",378676,2026-04-09 00:12:00,28.4997749328613,-11.9682207107544,"Unknown"
"5020554",378676,2026-04-09 00:16:59,28.4989376068115,-11.9683065414429,"Unknown"
"5020554",378676,2026-04-09 00:21:59,28.4981422424316,-11.9683055877686,"Unknown"
"5020554",378676,2026-04-09 00:26:59,28.4974994659424,-11.9682464599609,"Unknown"
"5020554",378676,2026-04-09 00:31:59,28.4968509674072,-11.9681797027588,"Unknown"
"5020554",378676,2026-04-09 00:36:59,28.4963512420654,-11.9690027236938,"Unknown"
"5020554",378676,2026-04-09 00:41:59,28.4958248138428,-11.9688348770142,"Unknown"
"5020554",378676,2026-04-09 00:46:59,28.4951992034912,-11.9687957763672,"Unknown"
"5020554",378676,2026-04-09 00:51:59,28.4946212768555,-11.9686870574951,"Unknown"
"5020554",378676,2026-04-09 00:57:01,28.4939289093018,-11.9687061309814,"Unknown"
"5020554",378676,2026-04-09 01:01:59,28.4932899475098,-11.9687089920044,"Unknown"
"5020554",378676,2026-04-09 01:07:00,28.4927921295166,-11.9686307907104,"Unknown"
"5020554",378676,2026-04-09 01:11:59,28.4921836853027,-11.96848487854,"Unknown"
"5020554",378676,2026-04-09 01:16:59,28.4916439056396,-11.9683532714844,"Unknown"
"5020554",378676,2026-04-09 01:22:00,28.4912624359131,-11.9681901931763,"Unknown"
"5020554",378676,2026-04-09 01:27:03,28.4908809661865,-11.968071937561,"Unknown"
"5020554",378676,2026-04-09 01:37:33,28.48996925354,-11.9677639007568,"Unknown"
"5020554",378676,2026-04-09 01:46:59,28.489128112793,-11.9675951004028,"Unknown"
"5020554",378676,2026-04-09 01:56:59,28.4882411956787,-11.9672451019287,"Unknown"
"5020554",378676,2026-04-09 02:06:59,28.4874286651611,-11.9672384262085,"Unknown"
"5020554",378676,2026-04-09 02:16:59,28.4865665435791,-11.9671630859375,"Unknown"
"5020554",378676,2026-04-09 02:27:01,28.4857749938965,-11.9669733047485,"Unknown"
"5020554",378676,2026-04-09 02:37:01,28.4851264953613,-11.9668455123901,"Unknown"
"5020554",378676,2026-04-09 02:47:03,28.4843883514404,-11.9667263031006,"Unknown"
"5020554",378676,2026-04-09 02:57:00,28.4837818145752,-11.9667091369629,"Unknown"
"5020554",378676,2026-04-09 03:06:58,28.4834938049316,-11.9666414260864,"Unknown"
"5020554",378676,2026-04-09 03:17:00,28.4832935333252,-11.9666547775269,"Unknown"
"5020554",378676,2026-04-09 03:27:33,28.4831867218018,-11.9666147232056,"Unknown"
"5020554",378676,2026-04-09 03:36:59,28.4832954406738,-11.966685295105,"Unknown"
"5020554",378676,2026-04-09 03:46:59,28.4833698272705,-11.9666614532471,"Unknown"
"5020554",378676,2026-04-09 03:56:59,28.4835052490234,-11.9665184020996,"Unknown"
"5020554",378676,2026-04-09 04:06:59,28.4836959838867,-11.9663581848145,"Unknown"
"5020554",378676,2026-04-09 04:17:00,28.4838790893555,-11.9661712646484,"Unknown"
"5020554",378676,2026-04-09 04:26:59,28.4839859008789,-11.9658422470093,"Unknown"
"5020554",378676,2026-04-09 04:36:59,28.4841022491455,-11.9654712677002,"Unknown"
"5020554",378676,2026-04-09 04:47:00,28.484094619751,-11.9652671813965,"Unknown"
"5020554",378676,2026-04-09 04:57:00,28.4843521118164,-11.9647359848022,"Unknown"
"5020554",378676,2026-04-09 05:07:00,28.4848766326904,-11.9644260406494,"Unknown"
"5020554",378676,2026-04-09 05:16:59,28.4846878051758,-11.964147567749,"Unknown"
"5020554",378676,2026-04-09 05:27:00,28.4850063323975,-11.9637966156006,"Unknown"
"5020554",378676,2026-04-09 05:37:00,28.4852294921875,-11.9632740020752,"Unknown"
"5020554",378676,2026-04-09 06:47:32,28.5927333831787,-11.9710893630981,"Unknown"
"5020554",378676,2026-04-09 06:57:01,28.5935001373291,-11.9705591201782,"Unknown"
"5020554",378676,2026-04-09 07:06:59,28.6003246307373,-11.9644222259521,"Unknown"
"5020554",378676,2026-04-09 07:17:00,28.5892639160156,-11.9761753082275,"Unknown"
"5020554",378676,2026-04-09 07:27:33,28.5895385742188,-11.9762735366821,"Unknown"
"5020554",378676,2026-04-09 07:36:59,28.5899906158447,-11.9764776229858,"Unknown"
"5020554",378676,2026-04-09 07:47:00,28.5703639984131,-12.0032815933228,"Unknown"
"5020554",378676,2026-04-09 07:57:11,28.5689277648926,-12.0080919265747,"Unknown"
"5020554",378676,2026-04-09 08:07:00,28.5613212585449,-12.0188074111938,"Unknown"
"5020554",378676,2026-04-09 08:16:59,28.5498447418213,-12.0339937210083,"Unknown"
"5020554",378676,2026-04-09 08:27:00,28.5506973266602,-12.0390195846558,"Unknown"
"5020554",378676,2026-04-09 08:37:01,28.5781078338623,-11.9993448257446,"Unknown"
"5020554",378676,2026-04-09 08:47:01,28.5902061462402,-11.972149848938,"Unknown"
"5020554",378676,2026-04-09 08:52:02,28.5899848937988,-11.9699201583862,"Unknown"
"5020554",378676,2026-04-09 08:57:00,28.591423034668,-11.9684047698975,"Unknown"
"5020554",378676,2026-04-09 09:02:01,28.5919780731201,-11.9606781005859,"Unknown"
"5020554",378676,2026-04-09 09:07:01,28.5864601135254,-11.9644193649292,"Unknown"
"5020554",378676,2026-04-09 09:12:01,28.5877895355225,-11.9713802337646,"Unknown"
"5020554",378676,2026-04-09 09:18:24,28.5841388702393,-11.9796657562256,"Unknown"
"5020554",378676,2026-04-09 09:22:33,28.582950592041,-11.9825429916382,"Unknown"
"5020554",378676,2026-04-09 09:27:00,28.5832786560059,-11.9821586608887,"Unknown"
"5020554",378676,2026-04-09 09:37:00,28.5902481079102,-11.9852275848389,"Unknown"
"5020554",378676,2026-04-09 09:47:00,28.6109447479248,-11.9997816085815,"Unknown"
"5020554",378676,2026-04-09 09:52:00,28.6172256469727,-12.0025272369385,"Unknown"
"5020554",378676,2026-04-09 09:57:00,28.6202125549316,-12.0087289810181,"Unknown"
"5020554",378676,2026-04-09 10:01:59,28.620246887207,-12.0076637268066,"Unknown"
"5020554",378676,2026-04-09 10:06:59,28.6205520629883,-12.0072860717773,"Unknown"
"5020554",378676,2026-04-09 10:11:59,28.6209468841553,-12.0069141387939,"Unknown"
"5020554",378676,2026-04-09 10:16:59,28.6212368011475,-12.0064115524292,"Unknown"
"5020554",378676,2026-04-09 10:22:01,28.6210689544678,-12.006049156189,"Unknown"
"5020554",378676,2026-04-09 10:27:00,28.6204605102539,-11.9906740188599,"Unknown"
"5020554",378676,2026-04-09 10:31:59,28.6203174591064,-11.9869575500488,"Unknown"
"5020554",378676,2026-04-09 10:37:00,28.6212291717529,-11.9866514205933,"Unknown"
"5020554",378676,2026-04-09 10:42:02,28.6316146850586,-11.9889402389526,"Unknown"
"5020554",378676,2026-04-09 10:47:00,28.6315364837646,-11.9935283660889,"Unknown"
"5020554",378676,2026-04-09 10:52:01,28.629861831665,-11.9997148513794,"Unknown"
"5020554",378676,2026-04-09 10:56:59,28.6298027038574,-12.0009641647339,"Unknown"
"5020554",378676,2026-04-09 11:02:00,28.6310234069824,-11.9984817504883,"Unknown"
"5020554",378676,2026-04-09 11:07:05,28.6394748687744,-11.9830513000488,"Unknown"
"5020554",378676,2026-04-09 11:12:02,28.6412200927734,-11.980167388916,"Unknown"
"5020554",378676,2026-04-09 11:17:01,28.6403789520264,-11.9791488647461,"Unknown"
"5020554",378676,2026-04-09 11:22:00,28.6426658630371,-11.9792518615723,"Unknown"
"5020554",378676,2026-04-09 11:26:59,28.642879486084,-11.9791240692139,"Unknown"
"5020554",378676,2026-04-09 11:32:02,28.643009185791,-11.9790163040161,"Unknown"
"5020554",378676,2026-04-09 11:37:01,28.6431331634521,-11.9790153503418,"Unknown"
"5020554",378676,2026-04-09 11:42:01,28.6433143615723,-11.9790000915527,"Unknown"
"5020554",378676,2026-04-09 11:47:03,28.643367767334,-11.9788150787354,"Unknown"
"5020554",378676,2026-04-09 11:52:05,28.6433734893799,-11.9785499572754,"Unknown"
"5020554",378676,2026-04-09 11:57:32,28.6434860229492,-11.9781789779663,"Unknown"
"5020554",378676,2026-04-09 12:02:00,28.6436328887939,-11.9779462814331,"Unknown"
"5020554",378676,2026-04-09 12:06:59,28.6439075469971,-11.9775924682617,"Unknown"
"5020554",378676,2026-04-09 12:11:59,28.6441612243652,-11.9772109985352,"Unknown"
"5020554",378676,2026-04-09 12:16:59,28.6443195343018,-11.9768419265747,"Unknown"
"5020554",378676,2026-04-09 12:21:59,28.6444473266602,-11.9763593673706,"Unknown"
"5020554",378676,2026-04-09 12:26:59,28.6445598602295,-11.9758176803589,"Unknown"
"5020554",378676,2026-04-09 12:31:59,28.6447200775146,-11.9753179550171,"Unknown"
"5020554",378676,2026-04-09 12:36:59,28.6449794769287,-11.9748029708862,"Unknown"
"5020554",378676,2026-04-09 12:41:59,28.645149230957,-11.9743204116821,"Unknown"
"5020554",378676,2026-04-09 12:46:59,28.6453170776367,-11.9738168716431,"Unknown"
"5020554",378676,2026-04-09 12:51:59,28.6453971862793,-11.97327709198,"Unknown"
"5020554",378676,2026-04-09 12:56:59,28.6455154418945,-11.972767829895,"Unknown"
"5020554",378676,2026-04-09 13:01:59,28.6455936431885,-11.9719305038452,"Unknown"
"5020554",378676,2026-04-09 13:06:59,28.645601272583,-11.9711427688599,"Unknown"
"5020554",378676,2026-04-09 13:12:00,28.6456031799316,-11.9700965881348,"Unknown"
"5020554",378676,2026-04-09 13:17:00,28.645601272583,-11.969220161438,"Unknown"
"5020554",378676,2026-04-09 13:21:59,28.6457099914551,-11.9684429168701,"Unknown"
"5020554",378676,2026-04-09 13:27:00,28.6458721160889,-11.9678363800049,"Unknown"
"5020554",378676,2026-04-09 13:37:00,28.6460056304932,-11.9662799835205,"Unknown"
"5020554",378676,2026-04-09 13:42:01,28.6460876464844,-11.9655838012695,"Unknown"
"5020554",378676,2026-04-09 13:46:59,28.6462268829346,-11.9648380279541,"Unknown"
"5020554",378676,2026-04-09 13:52:00,28.6462688446045,-11.9639320373535,"Unknown"
"5020554",378676,2026-04-09 13:56:59,28.6465187072754,-11.9631471633911,"Unknown"
"5020554",378676,2026-04-09 14:02:33,28.6465969085693,-11.9622488021851,"Unknown"
"5020554",378676,2026-04-09 14:06:58,28.6465301513672,-11.961498260498,"Unknown"
"5020554",378676,2026-04-09 14:11:58,28.6466789245605,-11.9606227874756,"Unknown"
"5020554",378676,2026-04-09 14:16:58,28.6467304229736,-11.9598655700684,"Unknown"
"5020554",378676,2026-04-09 14:21:58,28.6467933654785,-11.9590559005737,"Unknown"
"5020554",378676,2026-04-09 14:26:58,28.6468048095703,-11.9581642150879,"Unknown"
"5020554",378676,2026-04-09 14:31:58,28.6468276977539,-11.9572410583496,"Unknown"
"5020554",378676,2026-04-09 14:36:58,28.6469841003418,-11.9564037322998,"Unknown"
"5020554",378676,2026-04-09 14:41:58,28.6472282409668,-11.955680847168,"Unknown"
"5020554",378676,2026-04-09 14:46:58,28.6473522186279,-11.9547986984253,"Unknown"
"5020554",378676,2026-04-09 14:51:58,28.6474094390869,-11.9540300369263,"Unknown"
"5020554",378676,2026-04-09 14:56:57,28.6475563049316,-11.9533233642578,"Unknown"
"5020554",378676,2026-04-09 15:01:58,28.6475791931152,-11.952693939209,"Unknown"
"5020554",378676,2026-04-09 15:06:58,28.6476364135742,-11.9520092010498,"Unknown"
"5020554",378676,2026-04-09 15:11:58,28.6476345062256,-11.9513282775879,"Unknown"
"5020554",378676,2026-04-09 15:16:58,28.6476078033447,-11.9506540298462,"Unknown"
"5020554",378676,2026-04-09 15:21:58,28.6474380493164,-11.9499959945679,"Unknown"
"5020554",378676,2026-04-09 15:26:58,28.6474609375,-11.9492015838623,"Unknown"
"5020554",378676,2026-04-09 15:31:58,28.647554397583,-11.9484434127808,"Unknown"
"5020554",378676,2026-04-09 15:36:58,28.6476211547852,-11.9477272033691,"Unknown"
"5020554",378676,2026-04-09 15:41:58,28.6477146148682,-11.9468936920166,"Unknown"
"5020554",378676,2026-04-09 15:46:58,28.6476860046387,-11.9460477828979,"Unknown"
"5020554",378676,2026-04-09 15:52:00,28.634801864624,-11.9503803253174,"Unknown"
"5020554",378676,2026-04-09 15:57:00,28.624174118042,-11.9612369537354,"Unknown"
"5020554",378676,2026-04-09 16:01:59,28.6286392211914,-11.9693613052368,"Unknown"
"5020554",378676,2026-04-09 16:07:02,28.6307220458984,-11.9774169921875,"Unknown"
"5020554",378676,2026-04-09 16:12:01,28.6051616668701,-11.9845457077026,"Unknown"
"5020554",378676,2026-04-09 16:17:04,28.5729656219482,-11.9843645095825,"Unknown"
"5020554",378676,2026-04-09 16:22:06,28.5415382385254,-11.9848937988281,"Unknown"
"5020554",378676,2026-04-09 16:27:01,28.5125293731689,-11.9886541366577,"Unknown"
"5020554",378676,2026-04-09 16:31:59,28.484130859375,-11.9951934814453,"Unknown"
"5020554",378676,2026-04-09 16:36:59,28.4661178588867,-12.0038728713989,"Unknown"
"5020554",378676,2026-04-09 16:42:02,28.4619483947754,-12.0215311050415,"Unknown"
"5020554",378676,2026-04-09 16:47:01,28.4520130157471,-12.0371894836426,"Unknown"
"5020554",378676,2026-04-09 16:52:01,28.4387454986572,-12.0514583587646,"Unknown"
"5020554",378676,2026-04-09 16:57:03,28.4217205047607,-12.0665435791016,"Unknown"
"5020554",378676,2026-04-09 17:18:24,28.3523998260498,-12.1062574386597,"Unknown"
"5020554",378676,2026-04-09 17:23:24,28.3284301757812,-12.1156282424927,"Unknown"
"5020554",378676,2026-04-09 17:28:24,28.2994728088379,-12.1245336532593,"Unknown"
"5020554",378676,2026-04-09 18:22:57,28.1210708618164,-12.2591762542725,"Unknown"
"5020554",378676,2026-04-09 18:27:01,28.1214542388916,-12.2548522949219,"Unknown"
"5020554",378676,2026-04-09 18:31:59,28.1136798858643,-12.2596883773804,"Unknown"
"5020554",378676,2026-04-09 18:37:00,28.0959796905518,-12.2613410949707,"Unknown"
"5020554",378676,2026-04-09 18:42:00,28.0773448944092,-12.2774467468262,"Unknown"
"5020554",378676,2026-04-09 18:47:00,28.0674457550049,-12.2966794967651,"Unknown"
"5020554",378676,2026-04-09 18:52:02,28.0749702453613,-12.3120985031128,"Unknown"
"5020554",378676,2026-04-09 18:56:59,28.0854244232178,-12.3215179443359,"Unknown"
"5020554",378676,2026-04-09 19:02:01,28.0852375030518,-12.3207607269287,"Unknown"
"5020554",378676,2026-04-09 19:07:01,28.1014194488525,-12.3261232376099,"Unknown"
"5020554",378676,2026-04-09 19:12:01,28.1012096405029,-12.3419981002808,"Unknown"
"5020554",378676,2026-04-09 19:17:00,28.1006698608398,-12.3417415618896,"Unknown"
"5020554",378676,2026-04-09 19:22:00,28.1000518798828,-12.3414478302002,"Unknown"
"5020554",378676,2026-04-09 19:26:59,28.0994548797607,-12.3411178588867,"Unknown"
"5020554",378676,2026-04-09 19:32:03,28.0989475250244,-12.3408432006836,"Unknown"
"5020554",378676,2026-04-09 19:37:05,28.0983695983887,-12.3405075073242,"Unknown"
"5020554",378676,2026-04-09 19:42:05,28.0980072021484,-12.3399600982666,"Unknown"
"5020554",378676,2026-04-09 19:47:03,28.0976371765137,-12.3393754959106,"Unknown"
"5020554",378676,2026-04-09 19:52:04,28.0969104766846,-12.3390436172485,"Unknown"
"5020554",378676,2026-04-09 19:57:33,28.0962028503418,-12.3388166427612,"Unknown"
"5020554",378676,2026-04-09 20:01:58,28.0956554412842,-12.3386545181274,"Unknown"
"5020554",378676,2026-04-09 20:06:58,28.0951042175293,-12.3383903503418,"Unknown"
"5020554",378676,2026-04-09 20:11:59,28.094518661499,-12.3381567001343,"Unknown"
"5020554",378676,2026-04-09 20:16:59,28.0939235687256,-12.3379383087158,"Unknown"
"5020554",378676,2026-04-09 20:21:59,28.0934810638428,-12.3374862670898,"Unknown"
"5020554",378676,2026-04-09 20:26:59,28.0930099487305,-12.3368635177612,"Unknown"
"5020554",378676,2026-04-09 20:31:58,28.0925674438477,-12.3360977172852,"Unknown"
"5020554",378676,2026-04-09 20:36:59,28.0920677185059,-12.335334777832,"Unknown"
"5020554",378676,2026-04-09 20:41:59,28.0916118621826,-12.3345794677734,"Unknown"
"5020554",378676,2026-04-09 20:46:58,28.0911464691162,-12.3338899612427,"Unknown"
"5020554",378676,2026-04-09 20:51:59,28.0907230377197,-12.3333950042725,"Unknown"
"5020554",378676,2026-04-09 20:56:59,28.0900020599365,-12.3333549499512,"Unknown"
"5020554",378676,2026-04-09 21:01:59,28.0893535614014,-12.3329858779907,"Unknown"
"5020554",378676,2026-04-09 21:06:59,28.0886039733887,-12.3327131271362,"Unknown"
"5020554",378676,2026-04-09 21:11:59,28.0881595611572,-12.3323497772217,"Unknown"
"5020554",378676,2026-04-09 21:16:59,28.0875606536865,-12.332145690918,"Unknown"
"5020554",378676,2026-04-09 21:21:59,28.0870704650879,-12.3319721221924,"Unknown"
"5020554",378676,2026-04-09 21:26:59,28.0866432189941,-12.3314638137817,"Unknown"
"5020554",378676,2026-04-09 21:36:59,28.0859260559082,-12.3303518295288,"Unknown"
"5020554",378676,2026-04-09 21:47:00,28.0852031707764,-12.3294668197632,"Unknown"
"5020554",378676,2026-04-09 21:57:01,28.0842819213867,-12.328670501709,"Unknown"
"5020554",378676,2026-04-09 22:07:32,28.0831565856934,-12.3282155990601,"Unknown"
"5020554",378676,2026-04-09 22:17:01,28.0820617675781,-12.3279628753662,"Unknown"
"5020554",378676,2026-04-09 22:27:01,28.0813789367676,-12.3270206451416,"Unknown"
"5020554",378676,2026-04-09 22:37:00,28.0803394317627,-12.3267984390259,"Unknown"
"5020554",378676,2026-04-09 22:46:59,28.0792541503906,-12.3266744613647,"Unknown"
"5020554",378676,2026-04-09 22:56:59,28.0780944824219,-12.3266668319702,"Unknown"
"5020554",378676,2026-04-09 23:06:59,28.0776081085205,-12.3259410858154,"Unknown"
"5020554",378676,2026-04-09 23:16:59,28.0767097473145,-12.3255300521851,"Unknown"
"5020554",378676,2026-04-09 23:26:59,28.0759944915771,-12.3254203796387,"Unknown"
"5020554",378676,2026-04-09 23:37:01,28.0752582550049,-12.3249654769897,"Unknown"
"5020554",378676,2026-04-09 23:47:04,28.0747718811035,-12.3240480422974,"Unknown"
"5020554",378676,2026-04-09 23:56:59,28.0738925933838,-12.3236694335938,"Unknown"
"5020554",378676,2026-04-10 00:06:59,28.0732574462891,-12.3234233856201,"Unknown"
"5020554",378676,2026-04-10 00:17:01,28.0723705291748,-12.3235845565796,"Unknown"
"5020554",378676,2026-04-10 00:27:01,28.0717010498047,-12.3227987289429,"Unknown"
"5020554",378676,2026-04-10 00:37:02,28.0753231048584,-12.3317718505859,"Unknown"
"5020554",378676,2026-04-10 00:47:33,28.0745906829834,-12.3314619064331,"Unknown"
"5020554",378676,2026-04-10 00:56:59,28.0738544464111,-12.3312730789185,"Unknown"
"5020554",378676,2026-04-10 01:06:59,28.073070526123,-12.3308839797974,"Unknown"
"5020554",378676,2026-04-10 01:16:59,28.0722904205322,-12.330436706543,"Unknown"
"5020554",378676,2026-04-10 01:26:59,28.0715408325195,-12.3298816680908,"Unknown"
"5020554",378676,2026-04-10 01:36:59,28.0707588195801,-12.3298301696777,"Unknown"
"5020554",378676,2026-04-10 01:46:59,28.0700054168701,-12.3298406600952,"Unknown"
"5020554",378676,2026-04-10 01:57:00,28.0693416595459,-12.3295774459839,"Unknown"
"5020554",378676,2026-04-10 02:06:59,28.0686073303223,-12.3294639587402,"Unknown"
"5020554",378676,2026-04-10 02:16:58,28.0679740905762,-12.3293781280518,"Unknown"
"5020554",378676,2026-04-10 02:27:00,28.0674228668213,-12.3293323516846,"Unknown"
"5020554",378676,2026-04-10 02:37:00,28.0738849639893,-12.3521137237549,"Unknown"
"5020554",378676,2026-04-10 02:47:00,28.0728855133057,-12.3520641326904,"Unknown"
"5020554",378676,2026-04-10 02:56:59,28.0719909667969,-12.352071762085,"Unknown"
"5020554",378676,2026-04-10 03:07:33,28.0711479187012,-12.3520936965942,"Unknown"
"5020554",378676,2026-04-10 03:16:59,28.0704212188721,-12.3520269393921,"Unknown"
"5020554",378676,2026-04-10 03:26:59,28.0696125030518,-12.351936340332,"Unknown"
"5020554",378676,2026-04-10 03:37:00,28.0688228607178,-12.3517751693726,"Unknown"
"5020554",378676,2026-04-10 03:47:00,28.0677108764648,-12.3520278930664,"Unknown"
"5020554",378676,2026-04-10 03:56:59,28.0734462738037,-12.3826894760132,"Unknown"
"5020554",378676,2026-04-10 04:06:59,28.0751857757568,-12.3992748260498,"Unknown"
"5020554",378676,2026-04-10 04:16:59,28.074254989624,-12.3990058898926,"Unknown"
"5020554",378676,2026-04-10 04:26:59,28.0734024047852,-12.3987703323364,"Unknown"
"5020554",378676,2026-04-10 04:36:59,28.0726490020752,-12.3985567092896,"Unknown"
"5020554",378676,2026-04-10 04:46:59,28.0719814300537,-12.3984546661377,"Unknown"
"5020554",378676,2026-04-10 04:57:02,28.071174621582,-12.4007177352905,"Unknown"
"5020554",378676,2026-04-10 05:07:00,28.0771255493164,-12.4189739227295,"Unknown"
"5020554",378676,2026-04-10 05:17:00,28.0762882232666,-12.4187278747559,"Unknown"
"5020554",378676,2026-04-10 05:27:00,28.0754909515381,-12.4184980392456,"Unknown"
"5020554",378676,2026-04-10 05:37:02,28.0763530731201,-12.4537239074707,"Unknown"
"5020554",378676,2026-04-10 05:48:24,28.073356628418,-12.5086059570312,"Unknown"
"5020554",378676,2026-04-10 05:57:01,28.0672359466553,-12.5536823272705,"Unknown"
"5020554",378676,2026-04-10 06:28:03,28.0699310302734,-12.7034463882446,"Unknown"
"5020554",378676,2026-04-10 06:36:59,28.0811920166016,-12.7411136627197,"Unknown"
"5020554",378676,2026-04-10 06:47:01,28.0913677215576,-12.7926216125488,"Unknown"
"5020554",378676,2026-04-10 06:56:59,28.1029510498047,-12.8444957733154,"Unknown"
"5020554",378676,2026-04-10 07:06:59,28.1103858947754,-12.8960227966309,"Unknown"
"5020554",378676,2026-04-10 07:17:00,28.1358737945557,-12.9384984970093,"Unknown"
"5020554",378676,2026-04-10 07:27:02,28.1601448059082,-12.9758996963501,"Unknown"
"5020554",378676,2026-04-10 07:38:24,28.174388885498,-13.0235567092896,"Unknown"
"5020554",378676,2026-04-10 07:48:24,28.1848487854004,-13.07200050354,"Unknown"
"5020554",378676,2026-04-10 07:58:24,28.2036075592041,-13.1217565536499,"Unknown"
"5020554",378676,2026-04-10 08:07:33,28.2197704315186,-13.1334323883057,"Unknown"
"5020554",378676,2026-04-10 08:16:59,28.2191677093506,-13.1277542114258,"Unknown"
"5020554",378676,2026-04-10 08:26:59,28.2190608978271,-13.1297817230225,"Unknown"
"5020554",378676,2026-04-10 08:36:59,28.2163581848145,-13.1381673812866,"Unknown"
"5020554",378676,2026-04-10 08:46:59,28.2147827148438,-13.1761512756348,"Unknown"
"5020554",378676,2026-04-10 08:56:59,28.2133941650391,-13.1816205978394,"Unknown"
"5020554",378676,2026-04-10 09:06:59,28.2259712219238,-13.1599502563477,"Unknown"
"5020554",378676,2026-04-10 09:17:01,28.2259559631348,-13.1599063873291,"Unknown"
"5020554",378676,2026-04-10 09:27:02,28.2077312469482,-13.1783781051636,"Unknown"
"5020554",378676,2026-04-10 09:37:01,28.2078247070312,-13.1791543960571,"Unknown"
"5020554",378676,2026-04-10 09:47:33,28.2080535888672,-13.1798362731934,"Unknown"
"5020554",378676,2026-04-10 09:56:59,28.2083339691162,-13.1806755065918,"Unknown"
"5020554",378676,2026-04-10 10:06:59,28.2086849212646,-13.1816596984863,"Unknown"
"5020554",378676,2026-04-10 10:17:02,28.2091026306152,-13.182523727417,"Unknown"
"5020554",378676,2026-04-10 10:27:00,28.2093715667725,-13.1831579208374,"Unknown"
"5020554",378676,2026-04-10 10:37:00,28.2097797393799,-13.1838274002075,"Unknown"
"5020554",378676,2026-04-10 10:46:59,28.2102165222168,-13.184591293335,"Unknown"
"5020554",378676,2026-04-10 10:57:00,28.2107086181641,-13.1854019165039,"Unknown"
"5020554",378676,2026-04-10 11:07:00,28.2112598419189,-13.1861200332642,"Unknown"
"5020554",378676,2026-04-10 11:17:01,28.2169094085693,-13.2059183120728,"Unknown"
"5020554",378676,2026-04-10 11:27:01,28.2127552032471,-13.2602758407593,"Unknown"
"5020554",378676,2026-04-10 11:37:01,28.2194938659668,-13.3163499832153,"Unknown"
"5020554",378676,2026-04-10 11:47:01,28.2586460113525,-13.3476638793945,"Unknown"
"5020554",378676,2026-04-10 11:57:01,28.2911891937256,-13.3905649185181,"Unknown"
"5020554",378676,2026-04-10 13:37:32,28.6169586181641,-13.6416425704956,"Unknown"
"5020554",378676,2026-04-10 13:46:59,28.6640777587891,-13.6558818817139,"Unknown"
"5020554",378676,2026-04-10 13:57:01,28.6921119689941,-13.6828126907349,"Unknown"
"5020554",378676,2026-04-10 14:07:02,28.6806030273438,-13.6632251739502,"Unknown"
"5020554",378676,2026-04-10 14:17:01,28.6794586181641,-13.661901473999,"Unknown"
"5020554",378676,2026-04-10 14:27:03,28.6778335571289,-13.6605844497681,"Unknown"
"5020554",378676,2026-04-10 14:37:03,28.676212310791,-13.6592741012573,"Unknown"
"5020554",378676,2026-04-10 14:47:33,28.6747570037842,-13.6576099395752,"Unknown"
"5020554",378676,2026-04-10 14:56:58,28.6735305786133,-13.655912399292,"Unknown"
"5020554",378676,2026-04-10 15:06:59,28.6720218658447,-13.6539812088013,"Unknown"
"5020554",378676,2026-04-10 15:16:59,28.6704959869385,-13.6519136428833,"Unknown"
"5020554",378676,2026-04-10 15:26:58,28.6694164276123,-13.6503076553345,"Unknown"
"5020554",378676,2026-04-10 15:36:59,28.6682014465332,-13.6494827270508,"Unknown"
"5020554",378676,2026-04-10 15:46:59,28.6882038116455,-13.6318769454956,"Unknown"
"5020554",378676,2026-04-10 15:57:01,28.7436828613281,-13.6058359146118,"Unknown"
"5020554",378676,2026-04-10 16:07:00,28.7958755493164,-13.5744094848633,"Unknown"
"5020554",378676,2026-04-10 16:17:00,28.7960891723633,-13.6218385696411,"Unknown"
"5020554",378676,2026-04-10 16:27:01,28.758243560791,-13.6740217208862,"Unknown"
"5020554",378676,2026-04-10 16:37:01,28.723804473877,-13.7287473678589,"Unknown"
"5020554",378676,2026-04-10 16:47:09,28.7354106903076,-13.7770709991455,"Unknown"
"5020554",378676,2026-04-10 16:57:02,28.7757434844971,-13.8034658432007,"Unknown"
"5020554",378676,2026-04-10 17:07:33,28.7867679595947,-13.8083715438843,"Unknown"
"5020554",378676,2026-04-10 17:16:59,28.7917556762695,-13.8103017807007,"Unknown"
"5020554",378676,2026-04-10 17:27:00,28.7935924530029,-13.8090438842773,"Unknown"
"5020554",378676,2026-04-10 17:36:59,28.7917461395264,-13.8172597885132,"Unknown"
"5020554",378676,2026-04-10 17:47:00,28.7923316955566,-13.8113355636597,"Unknown"
"5020554",378676,2026-04-10 17:57:03,28.7908325195312,-13.8400411605835,"Unknown"
"5020554",378676,2026-04-10 18:07:01,28.7911186218262,-13.8459501266479,"Unknown"
"5020554",378676,2026-04-10 18:17:02,28.7881374359131,-13.8830423355103,"Unknown"
"5020554",378676,2026-04-10 18:27:02,28.7870483398438,-13.8828411102295,"Unknown"
"5020554",378676,2026-04-10 18:37:02,28.7894420623779,-13.8863134384155,"Unknown"
"5020554",378676,2026-04-10 18:48:25,28.8115253448486,-13.8907203674316,"Unknown"
"5020554",378676,2026-04-10 18:58:25,28.8093967437744,-13.9153852462769,"Unknown"
"5020554",378676,2026-04-10 19:08:25,28.8350868225098,-13.8817644119263,"Unknown"
"5020554",378676,2026-04-10 19:18:25,28.8571739196777,-13.8971471786499,"Unknown"
"5020554",378676,2026-04-10 19:28:25,28.8573150634766,-13.9151515960693,"Unknown"
"5020554",378676,2026-04-10 19:38:25,28.8695163726807,-13.8960981369019,"Unknown"
"5020554",378676,2026-04-10 19:47:33,28.868782043457,-13.8954610824585,"Unknown"
"5020554",378676,2026-04-10 19:57:00,28.888111114502,-13.8905143737793,"Unknown"
"5020554",378676,2026-04-10 20:07:01,28.9039306640625,-13.8985347747803,"Unknown"
"5020554",378676,2026-04-10 20:17:00,28.9035797119141,-13.9004611968994,"Unknown"
"5020554",378676,2026-04-10 20:27:00,28.9023857116699,-13.9009685516357,"Unknown"
"5020554",378676,2026-04-10 20:37:00,28.9012870788574,-13.9018726348877,"Unknown"
"5020554",378676,2026-04-10 20:47:00,28.9002532958984,-13.9015684127808,"Unknown"
"5020554",378676,2026-04-10 20:57:01,28.8995914459229,-13.900447845459,"Unknown"
"5020554",378676,2026-04-10 21:07:01,28.8984508514404,-13.9001293182373,"Unknown"
"5020554",378676,2026-04-10 21:17:00,28.8973369598389,-13.8999633789062,"Unknown"
"5020554",378676,2026-04-10 21:27:01,28.8963012695312,-13.8995552062988,"Unknown"
"5020554",378676,2026-04-10 21:37:03,28.8953037261963,-13.8993310928345,"Unknown"
"5020554",378676,2026-04-10 21:47:04,28.8942718505859,-13.8992567062378,"Unknown"
"5020554",378676,2026-04-10 21:57:06,28.8931541442871,-13.8988885879517,"Unknown"
"5020554",378676,2026-04-10 22:07:32,28.8919982910156,-13.8986959457397,"Unknown"
"5020554",378676,2026-04-10 22:17:00,28.8910331726074,-13.8985328674316,"Unknown"
"5020554",378676,2026-04-10 22:27:01,28.8898944854736,-13.8985996246338,"Unknown"
"5020554",378676,2026-04-10 22:37:00,28.888671875,-13.8984775543213,"Unknown"
"5020554",378676,2026-04-10 22:47:02,28.8873405456543,-13.8985481262207,"Unknown"
"5020554",378676,2026-04-10 22:57:01,28.8858833312988,-13.8986711502075,"Unknown"
"5020554",378676,2026-04-10 23:07:02,28.8843803405762,-13.8988838195801,"Unknown"
"5020554",378676,2026-04-10 23:17:03,28.8826465606689,-13.8991451263428,"Unknown"
"5020554",378676,2026-04-10 23:27:00,28.8853816986084,-13.8993654251099,"Unknown"
"5020554",378676,2026-04-10 23:37:04,28.8837909698486,-13.8996715545654,"Unknown"
"5020554",378676,2026-04-10 23:47:05,28.8820114135742,-13.9004325866699,"Unknown"
"5020554",378676,2026-04-10 23:57:00,28.8801383972168,-13.9013118743896,"Unknown"
"5020554",378676,2026-04-11 00:07:00,28.8782711029053,-13.9020042419434,"Unknown"
"5020554",378676,2026-04-11 00:17:02,28.8786945343018,-13.9062204360962,"Unknown"
"5020554",378676,2026-04-11 00:27:00,28.8765068054199,-13.9075899124146,"Unknown"
"5020554",378676,2026-04-11 00:37:02,28.8743572235107,-13.9088954925537,"Unknown"
"5020554",378676,2026-04-11 00:47:33,28.8725776672363,-13.9092025756836,"Unknown"
"5020554",378676,2026-04-11 00:56:59,28.8704643249512,-13.9100656509399,"Unknown"
"5020554",378676,2026-04-11 01:06:59,28.8686218261719,-13.9102783203125,"Unknown"
"5020554",378676,2026-04-11 01:16:59,28.866662979126,-13.9107513427734,"Unknown"
"5020554",378676,2026-04-11 01:27:00,28.8645515441895,-13.9112739562988,"Unknown"
"5020554",378676,2026-04-11 01:37:00,28.8622589111328,-13.9122896194458,"Unknown"
"5020554",378676,2026-04-11 01:46:59,28.8600788116455,-13.9131622314453,"Unknown"
"5020554",378676,2026-04-11 01:57:00,28.8580532073975,-13.9138088226318,"Unknown"
"5020554",378676,2026-04-11 02:07:01,28.8563671112061,-13.9134178161621,"Unknown"
"5020554",378676,2026-04-11 02:17:00,28.8548831939697,-13.9128742218018,"Unknown"
"5020554",378676,2026-04-11 02:27:01,28.8534336090088,-13.9122247695923,"Unknown"
"5020554",378676,2026-04-11 02:37:00,28.8517475128174,-13.9123382568359,"Unknown"
"5020554",378676,2026-04-11 02:47:01,28.8500366210938,-13.9126453399658,"Unknown"
"5020554",378676,2026-04-11 02:57:01,28.8487415313721,-13.9121770858765,"Unknown"
"5020554",378676,2026-04-11 03:07:33,28.8475704193115,-13.9115056991577,"Unknown"
"5020554",378676,2026-04-11 03:17:00,28.8465785980225,-13.9112167358398,"Unknown"
"5020554",378676,2026-04-11 03:27:00,28.8468284606934,-13.9206562042236,"Unknown"
"5020554",378676,2026-04-11 03:37:00,28.8453407287598,-13.9205255508423,"Unknown"
"5020554",378676,2026-04-11 03:47:00,28.8439235687256,-13.9201526641846,"Unknown"
"5020554",378676,2026-04-11 03:57:00,28.8428192138672,-13.9194259643555,"Unknown"
"5020554",378676,2026-04-11 04:07:01,28.8411102294922,-13.9223890304565,"Unknown"
"5020554",378676,2026-04-11 04:17:00,28.8394393920898,-13.9224872589111,"Unknown"
"5020554",378676,2026-04-11 04:27:01,28.8384380340576,-13.9304218292236,"Unknown"
"5020554",378676,2026-04-11 04:37:01,28.8365383148193,-13.9399909973145,"Unknown"
"5020554",378676,2026-04-11 04:47:02,28.8363056182861,-13.9647083282471,"Unknown"
"5020554",378676,2026-04-11 04:57:01,28.8354816436768,-13.970799446106,"Unknown"
"5020554",378676,2026-04-11 05:07:02,28.8337955474854,-13.9718532562256,"Unknown"
"5020554",378676,2026-04-11 05:17:02,28.8230228424072,-14.0099325180054,"Unknown"
"5020554",378676,2026-04-11 05:27:02,28.8079013824463,-14.063286781311,"Unknown"
"5020554",378676,2026-04-11 05:37:01,28.7933120727539,-14.1176424026489,"Unknown"
"5020554",378676,2026-04-11 05:47:03,28.7777042388916,-14.1700868606567,"Unknown"
"5020554",378676,2026-04-11 05:57:03,28.7647075653076,-14.2251462936401,"Unknown"
"5020554",378676,2026-04-11 09:27:41,28.343542098999,-15.5620584487915,"Unknown"
"5020554",378676,2026-04-11 09:37:00,28.3289813995361,-15.6120328903198,"Unknown"
"5020554",378676,2026-04-11 09:47:00,28.3157920837402,-15.6855487823486,"Unknown"
"5020554",378676,2026-04-11 09:57:00,28.301212310791,-15.7577877044678,"Unknown"
"5020554",378676,2026-04-11 10:07:01,28.3009452819824,-15.7861442565918,"Unknown"
"5020554",378676,2026-04-11 10:17:01,28.2934188842773,-15.7882099151611,"Unknown"
"5020554",378676,2026-04-11 10:27:01,28.2861595153809,-15.7880373001099,"Unknown"
"5020554",378676,2026-04-11 10:37:02,28.2712287902832,-15.8035831451416,"Unknown"
"5020554",378676,2026-04-11 10:47:02,28.2651977539062,-15.8735828399658,"Unknown"
"5020554",378676,2026-04-11 10:57:01,28.2594776153564,-15.9461812973022,"Unknown"
"5020554",378676,2026-04-11 11:07:01,28.2544403076172,-16.0253982543945,"Unknown"
"5020554",378676,2026-04-11 11:17:02,28.2626152038574,-16.1033039093018,"Unknown"
"5020554",378676,2026-04-11 11:27:02,28.2738208770752,-16.1754093170166,"Unknown"
"5020554",378676,2026-04-11 11:37:04,28.289794921875,-16.2047824859619,"Unknown"
"5020554",378676,2026-04-11 11:47:02,28.2991371154785,-16.2304859161377,"Unknown"
"5020554",378676,2026-04-11 11:57:03,28.3099479675293,-16.2286052703857,"Unknown"
"5020554",378676,2026-04-11 12:07:32,28.3082122802734,-16.2287101745605,"Unknown"
"5020554",378676,2026-04-11 12:17:00,28.3064975738525,-16.2289543151855,"Unknown"
"5020554",378676,2026-04-11 12:27:03,28.3172187805176,-16.2302265167236,"Unknown"
"5020554",378676,2026-04-11 12:37:01,28.3469257354736,-16.2297611236572,"Unknown"
"5020554",378676,2026-04-11 12:47:04,28.3795413970947,-16.2028961181641,"Unknown"
"5020554",378676,2026-04-11 12:57:01,28.4136390686035,-16.1680278778076,"Unknown"
"5020554",378676,2026-04-11 13:07:02,28.4580898284912,-16.1363887786865,"Unknown"
"5020554",378676,2026-04-11 13:17:01,28.4938983917236,-16.1054000854492,"Unknown"
"5020554",378676,2026-04-11 13:27:01,28.523136138916,-16.0956325531006,"Unknown"
"5020554",378676,2026-04-11 13:37:02,28.5271644592285,-16.0799865722656,"Unknown"
"5020554",378676,2026-04-11 13:47:02,28.5304832458496,-16.084114074707,"Unknown"
"5020554",378676,2026-04-11 13:57:21,28.5257816314697,-16.076774597168,"Unknown"
"5020554",378676,2026-04-11 14:07:00,28.5237655639648,-16.0753803253174,"Unknown"
"5020554",378676,2026-04-11 14:17:06,28.5211372375488,-16.0770378112793,"Unknown"
"5020554",378676,2026-04-11 14:27:08,28.5186977386475,-16.0769271850586,"Unknown"
"5020554",378676,2026-04-11 14:37:33,28.516206741333,-16.0783748626709,"Unknown"
"5020554",378676,2026-04-11 14:47:00,28.5141525268555,-16.0799083709717,"Unknown"
"5020554",378676,2026-04-11 14:57:00,28.5121116638184,-16.0815467834473,"Unknown"
"5020554",378676,2026-04-11 15:07:01,28.5100345611572,-16.0829162597656,"Unknown"
"5020554",378676,2026-04-11 15:17:00,28.5078010559082,-16.0843410491943,"Unknown"
"5020554",378676,2026-04-11 15:27:00,28.5054664611816,-16.0857124328613,"Unknown"
"5020554",378676,2026-04-11 15:36:59,28.5237884521484,-16.0988712310791,"Unknown"
"5020554",378676,2026-04-11 15:47:01,28.5584812164307,-16.1086578369141,"Unknown"
"5020554",378676,2026-04-11 15:57:01,28.5943393707275,-16.1320152282715,"Unknown"
"5020554",378676,2026-04-11 16:07:02,28.614429473877,-16.1775760650635,"Unknown"
"5020554",378676,2026-04-11 16:17:01,28.6068420410156,-16.2366962432861,"Unknown"
"5020554",378676,2026-04-11 16:27:00,28.6064300537109,-16.280345916748,"Unknown"
"5020554",378676,2026-04-11 16:37:01,28.6089553833008,-16.2915668487549,"Unknown"
"5020554",378676,2026-04-11 16:47:00,28.6082592010498,-16.3177051544189,"Unknown"
"5020554",378676,2026-04-11 16:58:25,28.6027526855469,-16.3820819854736,"Unknown"
"5020554",378676,2026-04-11 17:08:25,28.5767707824707,-16.4432067871094,"Unknown"
"5020554",378676,2026-04-11 17:18:25,28.5585861206055,-16.5037155151367,"Unknown"
"5020554",378676,2026-04-11 17:28:25,28.5357532501221,-16.5691375732422,"Unknown"
"5020554",378676,2026-04-11 17:38:25,28.5149707794189,-16.6374626159668,"Unknown"
"5020554",378676,2026-04-11 17:48:25,28.5003776550293,-16.7129230499268,"Unknown"
"5020554",378676,2026-04-11 17:58:25,28.4799060821533,-16.7900848388672,"Unknown"
"5020554",378676,2026-04-11 18:18:05,28.4825286865234,-16.9181804656982,"Unknown"
"5020554",378676,2026-04-11 18:27:02,28.4871520996094,-16.9578285217285,"Unknown"
"5020554",378676,2026-04-11 18:37:02,28.4959297180176,-17.0251903533936,"Unknown"
"5020554",378676,2026-04-11 18:47:03,28.4975452423096,-17.1085472106934,"Unknown"
"5020554",378676,2026-04-11 18:57:01,28.4861602783203,-17.1946983337402,"Unknown"
"5020554",378676,2026-04-11 19:07:01,28.4903354644775,-17.2769222259521,"Unknown"
"5020554",378676,2026-04-11 19:17:00,28.5088882446289,-17.3611450195312,"Unknown"
"5020554",378676,2026-04-11 19:27:01,28.5309753417969,-17.4441680908203,"Unknown"
"5020554",378676,2026-04-11 19:38:25,28.5438213348389,-17.5319499969482,"Unknown"
"5020554",378676,2026-04-11 19:48:25,28.5531978607178,-17.6114902496338,"Unknown"
"5020554",378676,2026-04-11 19:58:25,28.5653038024902,-17.6859722137451,"Unknown"
"5020554",378676,2026-04-11 20:08:25,28.6024875640869,-17.7408218383789,"Unknown"
"5020554",378676,2026-04-11 20:17:02,28.6406002044678,-17.7488918304443,"Unknown"
"5020554",378676,2026-04-11 20:18:02,28.6444339752197,-17.7480201721191,"Unknown"
"5020554",378676,2026-04-11 20:19:02,28.6483383178711,-17.7477436065674,"Unknown"
"5020554",378676,2026-04-11 20:20:00,28.6519775390625,-17.7465953826904,"Unknown"
"5020554",378676,2026-04-11 20:21:00,28.6552982330322,-17.7451133728027,"Unknown"
"5020554",378676,2026-04-11 20:22:01,28.6591548919678,-17.7447261810303,"Unknown"
"5020554",378676,2026-04-11 20:23:00,28.6630382537842,-17.743444442749,"Unknown"
"5020554",378676,2026-04-11 20:24:01,28.6667537689209,-17.7422847747803,"Unknown"
"5020554",378676,2026-04-11 20:25:00,28.6703948974609,-17.7427234649658,"Unknown"
"5020554",378676,2026-04-11 20:26:05,28.6742687225342,-17.7429847717285,"Unknown"
"5020554",378676,2026-04-11 20:27:00,28.6773338317871,-17.7424850463867,"Unknown"
"5020554",378676,2026-04-11 20:28:02,28.6811485290527,-17.7427730560303,"Unknown"
"5020554",378676,2026-04-11 20:29:00,28.6850624084473,-17.7435131072998,"Unknown"
"5020554",378676,2026-04-11 20:30:02,28.6891174316406,-17.7432270050049,"Unknown"
"5020554",378676,2026-04-11 20:31:01,28.6933269500732,-17.7425270080566,"Unknown"
"5020554",378676,2026-04-11 20:32:03,28.6975269317627,-17.7406997680664,"Unknown"
"5020554",378676,2026-04-11 20:33:02,28.7013893127441,-17.7386322021484,"Unknown"
"5020554",378676,2026-04-11 20:34:03,28.70583152771,-17.7365684509277,"Unknown"
"5020554",378676,2026-04-11 20:35:02,28.7096328735352,-17.734167098999,"Unknown"
"5020554",378676,2026-04-11 20:36:02,28.7127056121826,-17.7301254272461,"Unknown"
"5020554",378676,2026-04-11 20:37:02,28.7172470092773,-17.7284717559814,"Unknown"
"5020554",378676,2026-04-11 20:38:04,28.7218132019043,-17.7271347045898,"Unknown"
"5020554",378676,2026-04-11 20:39:03,28.726188659668,-17.7259426116943,"Unknown"
"5020554",378676,2026-04-11 20:40:02,28.730188369751,-17.7248268127441,"Unknown"
"5020554",378676,2026-04-11 20:41:03,28.7345409393311,-17.7240028381348,"Unknown"
"5020554",378676,2026-04-11 20:42:02,28.738697052002,-17.7232246398926,"Unknown"
"5020554",378676,2026-04-11 20:43:03,28.7428073883057,-17.7234439849854,"Unknown"
"5020554",378676,2026-04-11 20:44:03,28.746862411499,-17.7248706817627,"Unknown"
"5020554",378676,2026-04-11 20:45:03,28.7504730224609,-17.7271518707275,"Unknown"
"5020554",378676,2026-04-11 20:47:03,28.7535381317139,-17.7286930084229,"Unknown"
"5020554",378676,2026-04-11 20:47:04,28.7534599304199,-17.7288112640381,"Unknown"
"5020554",378676,2026-04-11 20:48:07,28.7536849975586,-17.730281829834,"Unknown"
"5020554",378676,2026-04-11 20:49:07,28.754280090332,-17.7325191497803,"Unknown"
"5020554",378676,2026-04-11 20:50:08,28.7552680969238,-17.7373809814453,"Unknown"
"5020554",378676,2026-04-11 20:51:10,28.756555557251,-17.7412548065186,"Unknown"
"5020554",378676,2026-04-11 20:52:09,28.757495880127,-17.7454967498779,"Unknown"
"5020554",378676,2026-04-11 20:53:09,28.7573738098145,-17.7503509521484,"Unknown"
"5020554",378676,2026-04-11 20:54:47,28.7556018829346,-17.7636375427246,"Unknown"
"5020554",378676,2026-04-11 20:55:07,28.7538833618164,-17.7643966674805,"Unknown"
"5020554",378676,2026-04-11 20:56:08,28.7562789916992,-17.7674331665039,"Unknown"
"5020554",378676,2026-04-11 20:57:09,28.7593612670898,-17.7714824676514,"Unknown"
"5020554",378676,2026-04-11 20:58:09,28.764196395874,-17.7738361358643,"Unknown"
"5020554",378676,2026-04-11 20:59:09,28.7690906524658,-17.7768154144287,"Unknown"
"5020554",378676,2026-04-11 21:00:33,28.7762413024902,-17.7803974151611,"Unknown"
"5020554",378676,2026-04-11 21:01:07,28.7789554595947,-17.7807426452637,"Unknown"
"5020554",378676,2026-04-11 21:02:12,28.7833156585693,-17.7826728820801,"Unknown"
"5020554",378676,2026-04-11 21:03:07,28.7864284515381,-17.7857875823975,"Unknown"
"5020554",378676,2026-04-11 21:04:07,28.7905540466309,-17.7880096435547,"Unknown"
"5020554",378676,2026-04-11 21:05:08,28.7944221496582,-17.7915878295898,"Unknown"
"5020554",378676,2026-04-11 21:06:08,28.7951850891113,-17.7944068908691,"Unknown"
"5020554",378676,2026-04-11 21:07:08,28.7945976257324,-17.7962741851807,"Unknown"
"5020554",378676,2026-04-11 21:08:07,28.7936153411865,-17.8000450134277,"Unknown"
"5020554",378676,2026-04-11 21:09:13,28.7898788452148,-17.8025074005127,"Unknown"
"5020554",378676,2026-04-11 21:10:07,28.7888069152832,-17.8024559020996,"Unknown"
"5020554",378676,2026-04-11 21:11:09,28.790506362915,-17.8033199310303,"Unknown"
"5020554",378676,2026-04-11 21:12:33,28.7867527008057,-17.807559967041,"Unknown"
"5020554",378676,2026-04-11 21:13:07,28.7838382720947,-17.8081092834473,"Unknown"
"5020554",378676,2026-04-11 21:14:07,28.7808666229248,-17.8096103668213,"Unknown"
"5020554",378676,2026-04-11 21:15:08,28.7803497314453,-17.8117542266846,"Unknown"
"5020554",378676,2026-04-11 21:16:09,28.7803497314453,-17.8111248016357,"Unknown"
"5020554",378676,2026-04-11 21:17:09,28.7800312042236,-17.812328338623,"Unknown"
"5020554",378676,2026-04-11 21:18:09,28.7802352905273,-17.8112525939941,"Unknown"
"5020554",378676,2026-04-11 21:19:09,28.7802810668945,-17.8108787536621,"Unknown"
"5020554",378676,2026-04-11 21:20:07,28.7804737091064,-17.8114337921143,"Unknown"
"5020554",378676,2026-04-11 21:21:09,28.7801895141602,-17.8116817474365,"Unknown"
"5020554",378676,2026-04-11 21:22:09,28.7798023223877,-17.8098182678223,"Unknown"
"5020554",378676,2026-04-11 21:23:14,28.7801342010498,-17.8122711181641,"Unknown"
"5020554",378676,2026-04-11 21:24:07,28.7804489135742,-17.8112678527832,"Unknown"
"5020554",378676,2026-04-11 21:25:09,28.7790794372559,-17.8146800994873,"Unknown"
"5020554",378676,2026-04-11 21:26:09,28.7801742553711,-17.8119106292725,"Unknown"
"5020554",378676,2026-04-11 21:27:07,28.7803153991699,-17.8118419647217,"Unknown"
"5020554",378676,2026-04-11 21:28:09,28.781379699707,-17.8115329742432,"Unknown"
"5020554",378676,2026-04-11 21:29:08,28.7803783416748,-17.8130683898926,"Unknown"
"5020554",378676,2026-04-11 21:30:09,28.7797985076904,-17.8125495910645,"Unknown"
"5020554",378676,2026-04-11 21:31:08,28.7806720733643,-17.8114681243896,"Unknown"
"5020554",378676,2026-04-11 21:32:08,28.7802658081055,-17.8112354278564,"Unknown"
"5020554",378676,2026-04-11 21:33:10,28.7796592712402,-17.8107490539551,"Unknown"
"5020554",378676,2026-04-11 21:34:08,28.7799835205078,-17.8109493255615,"Unknown"
"5020554",378676,2026-04-11 21:35:08,28.7802448272705,-17.8111782073975,"Unknown"
"5020554",378676,2026-04-11 21:36:07,28.7803726196289,-17.811975479126,"Unknown"
"5020554",378676,2026-04-11 21:37:07,28.780158996582,-17.8102626800537,"Unknown"
"5020554",378676,2026-04-11 21:38:10,28.7803001403809,-17.8111553192139,"Unknown"
"5020554",378676,2026-04-11 21:39:09,28.7803344726562,-17.8108005523682,"Unknown"
"5020554",378676,2026-04-11 21:40:13,28.7803382873535,-17.8110580444336,"Unknown"
"5020554",378676,2026-04-11 21:41:09,28.7806053161621,-17.811861038208,"Unknown"
"5020554",378676,2026-04-11 21:42:09,28.7803554534912,-17.8110733032227,"Unknown"
"5020554",378676,2026-04-11 21:43:10,28.7803287506104,-17.8121509552002,"Unknown"
"5020554",378676,2026-04-11 21:44:07,28.7802066802979,-17.810848236084,"Unknown"
"5020554",378676,2026-04-11 21:45:07,28.7805099487305,-17.8110980987549,"Unknown"
"5020554",378676,2026-04-11 21:46:11,28.7802982330322,-17.8112468719482,"Unknown"
"5020554",378676,2026-04-11 21:47:07,28.7803707122803,-17.8107604980469,"Unknown"
"5020554",378676,2026-04-11 21:48:07,28.7801036834717,-17.8116054534912,"Unknown"
"5020554",378676,2026-04-11 21:49:07,28.7801494598389,-17.8114566802979,"Unknown"
"5020554",378676,2026-04-11 21:50:07,28.7804641723633,-17.8113040924072,"Unknown"
"5020554",378676,2026-04-11 21:51:07,28.7805423736572,-17.8114986419678,"Unknown"
"5020554",378676,2026-04-11 21:52:07,28.7799682617188,-17.8121204376221,"Unknown"
"5020554",378676,2026-04-11 21:53:07,28.7803688049316,-17.8133678436279,"Unknown"
"5020554",378676,2026-04-11 21:54:08,28.7811813354492,-17.8107395172119,"Unknown"
"5020554",378676,2026-04-11 21:55:07,28.7801895141602,-17.8119659423828,"Unknown"
"5020554",378676,2026-04-11 21:56:07,28.7808609008789,-17.8112373352051,"Unknown"
"5020554",378676,2026-04-11 21:57:09,28.7815895080566,-17.8121948242188,"Unknown"
"5020554",378676,2026-04-11 21:58:07,28.7809371948242,-17.8111820220947,"Unknown"
"5020554",378676,2026-04-11 21:59:07,28.7837009429932,-17.8089199066162,"Unknown"
"5020554",378676,2026-04-11 22:00:07,28.7827644348145,-17.8085765838623,"Unknown"
"5020554",378676,2026-04-11 22:01:07,28.7805461883545,-17.8118362426758,"Unknown"
"5020554",378676,2026-04-11 22:02:08,28.7788124084473,-17.8132038116455,"Unknown"
"5020554",378676,2026-04-11 22:03:09,28.7798557281494,-17.8124351501465,"Unknown"
"5020554",378676,2026-04-11 22:04:09,28.7802658081055,-17.8115863800049,"Unknown"
"5020554",378676,2026-04-11 22:05:09,28.7803325653076,-17.8108730316162,"Unknown"
"5020554",378676,2026-04-11 22:06:09,28.7804260253906,-17.8109474182129,"Unknown"
"5020554",378676,2026-04-11 22:07:09,28.7801952362061,-17.8110542297363,"Unknown"
"5020554",378676,2026-04-11 22:08:09,28.7807121276855,-17.810037612915,"Unknown"
"5020554",378676,2026-04-11 22:09:08,28.7833118438721,-17.8062076568604,"Unknown"
"5020554",378676,2026-04-11 22:10:07,28.7882976531982,-17.804708480835,"Unknown"
"5020554",378676,2026-04-11 22:11:08,28.7910633087158,-17.8043308258057,"Unknown"
"5020554",378676,2026-04-11 22:12:08,28.7882976531982,-17.8079357147217,"Unknown"
"5020554",378676,2026-04-11 22:13:07,28.7884101867676,-17.8057136535645,"Unknown"
"5020554",378676,2026-04-11 22:14:07,28.7858467102051,-17.8069114685059,"Unknown"
"5020554",378676,2026-04-11 22:15:07,28.7821502685547,-17.8094730377197,"Unknown"
"5020554",378676,2026-04-11 22:16:07,28.7822360992432,-17.8095111846924,"Unknown"
"5020554",378676,2026-04-11 22:17:07,28.7838726043701,-17.8094177246094,"Unknown"
"5020554",378676,2026-04-11 22:18:07,28.7827987670898,-17.8096675872803,"Unknown"
"5020554",378676,2026-04-11 22:19:09,28.7828025817871,-17.8090076446533,"Unknown"
"5020554",378676,2026-04-11 22:20:07,28.7826080322266,-17.8090324401855,"Unknown"
"5020554",378676,2026-04-11 22:21:07,28.780122756958,-17.8115139007568,"Unknown"
"5020554",378676,2026-04-11 22:22:07,28.7801532745361,-17.8109798431396,"Unknown"
"5020554",378676,2026-04-11 22:23:46,28.7800331115723,-17.811502456665,"Unknown"
"5020554",378676,2026-04-11 22:24:10,28.7800369262695,-17.8114738464355,"Unknown"
"5020554",378676,2026-04-11 22:25:11,28.7801609039307,-17.8115272521973,"Unknown"
"5020554",378676,2026-04-11 22:26:12,28.780101776123,-17.8115406036377,"Unknown"
"5020554",378676,2026-04-11 22:27:10,28.7801055908203,-17.8115215301514,"Unknown"
"5020554",378676,2026-04-11 22:28:10,28.7799854278564,-17.8114643096924,"Unknown"
"5020554",378676,2026-04-11 22:29:11,28.7799434661865,-17.8114776611328,"Unknown"
"5020554",378676,2026-04-11 22:30:27,28.7798938751221,-17.8114738464355,"Unknown"
"5020554",378676,2026-04-11 22:31:14,28.7800045013428,-17.8115196228027,"Unknown"
"5020554",378676,2026-04-11 22:32:14,28.7799987792969,-17.811466217041,"Unknown"
"5020554",378676,2026-04-11 22:33:43,28.7800674438477,-17.8115005493164,"Unknown"
"5020554",378676,2026-04-11 22:34:10,28.7801666259766,-17.8115139007568,"Unknown"
"5020554",378676,2026-04-11 22:36:07,28.7800827026367,-17.8115043640137,"Unknown"
"5020554",378676,2026-04-11 22:36:08,28.780086517334,-17.8115062713623,"Unknown"
"5020554",378676,2026-04-11 22:37:16,28.7800006866455,-17.8115119934082,"Unknown"
"5020554",378676,2026-04-11 22:38:38,28.7800636291504,-17.8114852905273,"Unknown"
"5020554",378676,2026-04-11 22:39:13,28.7800521850586,-17.8114528656006,"Unknown"
"5020554",378676,2026-04-11 22:40:14,28.780086517334,-17.8115253448486,"Unknown"
"5020554",378676,2026-04-11 22:41:17,28.7800521850586,-17.8114719390869,"Unknown"
"5020554",378676,2026-04-11 22:42:14,28.7800807952881,-17.8115158081055,"Unknown"
"5020554",378676,2026-04-11 22:43:22,28.7801551818848,-17.8116111755371,"Unknown"
"5020554",378676,2026-04-11 22:44:19,28.7802085876465,-17.8116035461426,"Unknown"
"5020554",378676,2026-04-11 22:45:17,28.7800788879395,-17.8115386962891,"Unknown"
"5020554",378676,2026-04-11 22:46:23,28.7802276611328,-17.8116016387939,"Unknown"
"5020554",378676,2026-04-11 22:47:24,28.7801914215088,-17.8115749359131,"Unknown"
"5020554",378676,2026-04-11 22:48:19,28.7801094055176,-17.8115291595459,"Unknown"
"5020554",378676,2026-04-11 22:49:28,28.7801265716553,-17.811502456665,"Unknown"
"5020554",378676,2026-04-11 22:50:17,28.7802066802979,-17.8115253448486,"Unknown"
"5020554",378676,2026-04-11 22:51:20,28.7803001403809,-17.8116245269775,"Unknown"
"5020554",378676,2026-04-11 22:52:37,28.7801723480225,-17.8114814758301,"Unknown"
"5020554",378676,2026-04-11 22:53:32,28.7801113128662,-17.8115310668945,"Unknown"
"5020554",378676,2026-04-11 22:54:15,28.7800903320312,-17.8115673065186,"Unknown"
"5020554",378676,2026-04-11 22:55:18,28.7800350189209,-17.8116073608398,"Unknown"
"5020554",378676,2026-04-11 22:56:40,28.7800941467285,-17.8115310668945,"Unknown"
"5020554",378676,2026-04-11 22:57:16,28.7802677154541,-17.8115482330322,"Unknown"
"5020554",378676,2026-04-11 23:08:36,28.7800922393799,-17.8115367889404,"Unknown"
"5020554",378676,2026-04-11 23:09:29,28.7800540924072,-17.8115539550781,"Unknown"
"5020554",378676,2026-04-11 23:18:48,28.7798614501953,-17.8115100860596,"Unknown"
"5020554",378676,2026-04-11 23:19:52,28.7798328399658,-17.8116035461426,"Unknown"
"5020554",378676,2026-04-11 23:31:05,28.7802124023438,-17.8114490509033,"Unknown"
"5020554",378676,2026-04-11 23:32:35,28.7801761627197,-17.8114795684814,"Unknown"
"5020554",378676,2026-04-11 23:42:34,28.7800807952881,-17.8114452362061,"Unknown"
"5020554",378676,2026-04-11 23:52:31,28.7800998687744,-17.8114395141602,"Unknown"
"5020554",378676,2026-04-12 00:12:34,28.7800407409668,-17.8114318847656,"Unknown"
"5020554",378676,2026-04-12 00:32:33,28.780143737793,-17.8114719390869,"Unknown"
"5020554",378676,2026-04-12 00:51:13,28.7801074981689,-17.811408996582,"Unknown"
"5020554",378676,2026-04-12 01:01:19,28.7800674438477,-17.8114128112793,"Unknown"
"5020554",378676,2026-04-12 01:11:17,28.7801609039307,-17.8114452362061,"Unknown"
"5020554",378676,2026-04-12 01:22:00,28.7800674438477,-17.8113861083984,"Unknown"
"5020554",378676,2026-04-12 01:32:34,28.7803039550781,-17.8114852905273,"Unknown"
"5020554",378676,2026-04-12 01:41:14,28.7835903167725,-17.8121757507324,"Unknown"
"5020554",378676,2026-04-12 01:52:34,28.7803802490234,-17.8113880157471,"Unknown"
"5020554",378676,2026-04-12 02:02:34,28.7802791595459,-17.8114356994629,"Unknown"
"5020554",378676,2026-04-12 02:12:34,28.7801628112793,-17.8114643096924,"Unknown"
"5020554",378676,2026-04-12 02:22:34,28.7800960540771,-17.811429977417,"Unknown"
"5020554",378676,2026-04-12 02:32:00,28.78005027771,-17.8114624023438,"Unknown"
"5020554",378676,2026-04-12 02:41:15,28.7801380157471,-17.8114490509033,"Unknown"
"5020554",378676,2026-04-12 02:52:19,28.7800712585449,-17.8114147186279,"Unknown"
"5020554",378676,2026-04-12 03:01:16,28.7801284790039,-17.8114147186279,"Unknown"
"5020554",378676,2026-04-12 03:11:19,28.7842712402344,-17.8139514923096,"Unknown"
"5020554",378676,2026-04-12 03:21:47,28.786205291748,-17.8140487670898,"Unknown"
"5020554",378676,2026-04-12 03:32:34,28.7800674438477,-17.8113613128662,"Unknown"
"5020554",378676,2026-04-12 03:42:33,28.7801876068115,-17.8114147186279,"Unknown"
"5020554",378676,2026-04-12 03:52:34,28.7804565429688,-17.8113975524902,"Unknown"
"5020554",378676,2026-04-12 05:01:11,28.7804012298584,-17.8110027313232,"Unknown"
"5020554",378676,2026-04-12 05:21:11,28.781099319458,-17.809907913208,"Unknown"
"5020554",378676,2026-04-12 05:41:10,28.7760734558105,-17.7381172180176,"Unknown"
"5020554",378676,2026-04-12 06:01:47,28.7782516479492,-17.739107131958,"Unknown"
"5020554",378676,2026-04-12 06:21:09,28.7822952270508,-17.742151260376,"Unknown"
"5020554",378676,2026-04-12 06:41:09,28.7891693115234,-17.7415790557861,"Unknown"
"5020554",378676,2026-04-12 07:01:09,28.8549156188965,-17.7713241577148,"Unknown"
"5020554",378676,2026-04-12 07:21:11,28.87353515625,-17.7599639892578,"Unknown"
"5020554",378676,2026-04-12 07:41:12,28.8813419342041,-17.7749290466309,"Unknown"
"5020554",378676,2026-04-12 08:01:11,28.8932323455811,-17.7752418518066,"Unknown"
"5020554",378676,2026-04-12 09:21:32,28.7806911468506,-17.7228412628174,"Unknown"
"5020554",378676,2026-04-12 09:31:11,28.7803344726562,-17.7233028411865,"Unknown"
"5020554",378676,2026-04-12 09:41:12,28.7795639038086,-17.7235927581787,"Unknown"
"5020554",378676,2026-04-12 09:51:13,28.7785758972168,-17.7239894866943,"Unknown"
"5020554",378676,2026-04-12 10:01:10,28.7777462005615,-17.7241668701172,"Unknown"
"5020554",378676,2026-04-12 10:11:10,28.7770881652832,-17.7245597839355,"Unknown"
"5020554",378676,2026-04-12 10:21:11,28.776216506958,-17.7249355316162,"Unknown"
"5020554",378676,2026-04-12 10:22:12,28.7761573791504,-17.7250003814697,"Unknown"
"5020554",378676,2026-04-12 10:23:11,28.7760944366455,-17.7250690460205,"Unknown"
"5020554",378676,2026-04-12 10:33:09,28.7752494812012,-17.7256298065186,"Unknown"
"5020554",378676,2026-04-12 10:34:09,28.7751846313477,-17.7256984710693,"Unknown"
"5020554",378676,2026-04-12 10:35:11,28.7751083374023,-17.7257061004639,"Unknown"
"5020554",378676,2026-04-12 10:36:09,28.775032043457,-17.7257137298584,"Unknown"
"5020554",378676,2026-04-12 10:37:11,28.7749614715576,-17.7257213592529,"Unknown"
"5020554",378676,2026-04-12 10:38:11,28.7748737335205,-17.725772857666,"Unknown"
"5020554",378676,2026-04-12 10:39:11,28.7748413085938,-17.7258377075195,"Unknown"
"5020554",378676,2026-04-12 10:40:11,28.7747592926025,-17.7258358001709,"Unknown"
"5020554",378676,2026-04-12 10:41:11,28.7747097015381,-17.7258701324463,"Unknown"
"5020554",378676,2026-04-12 10:42:11,28.774621963501,-17.7258777618408,"Unknown"
"5020554",378676,2026-04-12 10:43:11,28.7745246887207,-17.7259407043457,"Unknown"
"5020554",378676,2026-04-12 10:44:11,28.7744560241699,-17.7259883880615,"Unknown"
"5020554",378676,2026-04-12 10:45:11,28.7744140625,-17.7260894775391,"Unknown"
"5020554",378676,2026-04-12 10:46:11,28.7743186950684,-17.7261619567871,"Unknown"
"5020554",378676,2026-04-12 10:47:11,28.7742652893066,-17.7262191772461,"Unknown"
"5020554",378676,2026-04-12 10:48:11,28.7741756439209,-17.7262420654297,"Unknown"
"5020554",378676,2026-04-12 10:49:14,28.7741184234619,-17.7262706756592,"Unknown"
"5020554",378676,2026-04-12 10:50:11,28.7740745544434,-17.7263622283936,"Unknown"
"5020554",378676,2026-04-12 10:51:12,28.7740154266357,-17.7263927459717,"Unknown"
"5020554",378676,2026-04-12 10:52:15,28.7739734649658,-17.7264938354492,"Unknown"
"5020554",378676,2026-04-12 10:53:11,28.7739562988281,-17.7264842987061,"Unknown"
"5020554",378676,2026-04-12 10:54:11,28.7738761901855,-17.7265205383301,"Unknown"
"5020554",378676,2026-04-12 10:55:11,28.7738208770752,-17.7265338897705,"Unknown"
"5020554",378676,2026-04-12 10:56:12,28.773738861084,-17.7265930175781,"Unknown"
"5020554",378676,2026-04-12 10:57:09,28.7736740112305,-17.726619720459,"Unknown"
"5020554",378676,2026-04-12 10:58:15,28.7736492156982,-17.7266445159912,"Unknown"
"5020554",378676,2026-04-12 10:59:11,28.7735786437988,-17.7266311645508,"Unknown"
"5020554",378676,2026-04-12 11:00:09,28.7734966278076,-17.7266578674316,"Unknown"
"5020554",378676,2026-04-12 11:01:10,28.7737503051758,-17.7261981964111,"Unknown"
"5020554",378676,2026-04-12 11:02:12,28.7737617492676,-17.7264308929443,"Unknown"
"5020554",378676,2026-04-12 11:03:11,28.7736854553223,-17.7264652252197,"Unknown"
"5020554",378676,2026-04-12 11:04:13,28.7735977172852,-17.7265033721924,"Unknown"
"5020554",378676,2026-04-12 11:05:12,28.773494720459,-17.7265377044678,"Unknown"
"5020554",378676,2026-04-12 11:06:12,28.7734146118164,-17.7265930175781,"Unknown"
"5020554",378676,2026-04-12 11:07:14,28.7733325958252,-17.7265739440918,"Unknown"
"5020554",378676,2026-04-12 11:08:12,28.7732925415039,-17.7266521453857,"Unknown"
"5020554",378676,2026-04-12 11:09:11,28.7731990814209,-17.7266788482666,"Unknown"
"5020554",378676,2026-04-12 11:10:11,28.7731380462646,-17.7266960144043,"Unknown"
"5020554",378676,2026-04-12 11:11:11,28.7730617523193,-17.726749420166,"Unknown"
"5020554",378676,2026-04-12 11:12:10,28.7730350494385,-17.7267589569092,"Unknown"
"5020554",378676,2026-04-12 11:13:11,28.7729682922363,-17.7267227172852,"Unknown"
"5020554",378676,2026-04-12 11:14:11,28.7728900909424,-17.7267608642578,"Unknown"
"5020554",378676,2026-04-12 11:15:13,28.7727813720703,-17.7268524169922,"Unknown"
"5020554",378676,2026-04-12 11:16:13,28.7727203369141,-17.7268943786621,"Unknown"
"5020554",378676,2026-04-12 11:17:12,28.772668838501,-17.7269401550293,"Unknown"
"5020554",378676,2026-04-12 11:18:11,28.7725601196289,-17.7269496917725,"Unknown"
"5020554",378676,2026-04-12 11:19:10,28.7725257873535,-17.7269878387451,"Unknown"
"5020554",378676,2026-04-12 11:20:10,28.7724857330322,-17.7269592285156,"Unknown"
"5020554",378676,2026-04-12 11:21:10,28.7724208831787,-17.727014541626,"Unknown"
"5020554",378676,2026-04-12 11:22:10,28.7723712921143,-17.7270069122314,"Unknown"
"5020554",378676,2026-04-12 11:23:09,28.7723274230957,-17.7270030975342,"Unknown"
"5020554",378676,2026-04-12 11:24:09,28.7722568511963,-17.7269554138184,"Unknown"
"5020554",378676,2026-04-12 11:25:09,28.7722072601318,-17.7269306182861,"Unknown"
"5020554",378676,2026-04-12 11:26:09,28.7721843719482,-17.7269191741943,"Unknown"
"5020554",378676,2026-04-12 11:27:12,28.7721252441406,-17.726921081543,"Unknown"
"5020554",378676,2026-04-12 11:28:12,28.7720527648926,-17.7269287109375,"Unknown"
"5020554",378676,2026-04-12 11:29:12,28.7719688415527,-17.7269306182861,"Unknown"
"5020554",378676,2026-04-12 11:30:12,28.7718982696533,-17.7269630432129,"Unknown"
"5020554",378676,2026-04-12 11:31:11,28.7717990875244,-17.7269630432129,"Unknown"
"5020554",378676,2026-04-12 11:32:13,28.7717342376709,-17.7269535064697,"Unknown"
"5020554",378676,2026-04-12 11:33:13,28.771635055542,-17.7269992828369,"Unknown"
"5020554",378676,2026-04-12 11:34:13,28.7715740203857,-17.7269763946533,"Unknown"
"5020554",378676,2026-04-12 11:35:12,28.7714939117432,-17.7269992828369,"Unknown"
"5020554",378676,2026-04-12 11:36:13,28.7713851928711,-17.7270030975342,"Unknown"
"5020554",378676,2026-04-12 11:37:14,28.7713356018066,-17.7269554138184,"Unknown"
"5020554",378676,2026-04-12 11:38:26,28.7715396881104,-17.7268753051758,"Unknown"
"5020554",378676,2026-04-12 11:39:14,28.7716655731201,-17.726900100708,"Unknown"
"5020554",378676,2026-04-12 11:40:13,28.7715721130371,-17.7268695831299,"Unknown"
"5020554",378676,2026-04-12 11:41:11,28.7714900970459,-17.7268314361572,"Unknown"
"5020554",378676,2026-04-12 11:42:11,28.7714233398438,-17.7267761230469,"Unknown"
"5020554",378676,2026-04-12 11:43:11,28.7713603973389,-17.7267570495605,"Unknown"
"5020554",378676,2026-04-12 11:44:14,28.7713031768799,-17.7267532348633,"Unknown"
"5020554",378676,2026-04-12 11:45:14,28.7713279724121,-17.7266845703125,"Unknown"
"5020554",378676,2026-04-12 11:46:33,28.7712421417236,-17.7267208099365,"Unknown"
"5020554",378676,2026-04-12 11:47:09,28.7712097167969,-17.7267208099365,"Unknown"
"5020554",378676,2026-04-12 11:48:09,28.771146774292,-17.7267570495605,"Unknown"
"5020554",378676,2026-04-12 11:49:09,28.7710876464844,-17.7267780303955,"Unknown"
"5020554",378676,2026-04-12 11:50:09,28.7710628509521,-17.7267951965332,"Unknown"
"5020554",378676,2026-04-12 11:51:09,28.7710285186768,-17.7267723083496,"Unknown"
"5020554",378676,2026-04-12 11:52:10,28.7709922790527,-17.7267799377441,"Unknown"
"5020554",378676,2026-04-12 11:53:09,28.7709465026855,-17.7267951965332,"Unknown"
"5020554",378676,2026-04-12 11:54:09,28.7709121704102,-17.7267951965332,"Unknown"
"5020554",378676,2026-04-12 11:55:09,28.7708702087402,-17.726806640625,"Unknown"
"5020554",378676,2026-04-12 11:56:09,28.7707920074463,-17.7268085479736,"Unknown"
"5020554",378676,2026-04-12 11:57:09,28.7707099914551,-17.7268047332764,"Unknown"
"5020554",378676,2026-04-12 11:58:09,28.7706508636475,-17.7268371582031,"Unknown"
"5020554",378676,2026-04-12 11:59:09,28.7705841064453,-17.7268562316895,"Unknown"
"5020554",378676,2026-04-12 12:00:09,28.7705364227295,-17.7268619537354,"Unknown"
"5020554",378676,2026-04-12 12:01:09,28.770486831665,-17.7268753051758,"Unknown"
"5020554",378676,2026-04-12 12:02:09,28.7704315185547,-17.7268619537354,"Unknown"
"5020554",378676,2026-04-12 12:03:09,28.7703819274902,-17.7268848419189,"Unknown"
"5020554",378676,2026-04-12 12:04:09,28.7703189849854,-17.7268981933594,"Unknown"
"5020554",378676,2026-04-12 12:05:09,28.77024269104,-17.7269134521484,"Unknown"
"5020554",378676,2026-04-12 12:06:09,28.7701644897461,-17.7269191741943,"Unknown"
"5020554",378676,2026-04-12 12:07:09,28.7700824737549,-17.7269268035889,"Unknown"
"5020554",378676,2026-04-12 12:08:09,28.7700080871582,-17.7269382476807,"Unknown"
"5020554",378676,2026-04-12 12:09:09,28.7699012756348,-17.7269515991211,"Unknown"
"5020554",378676,2026-04-12 12:10:09,28.769811630249,-17.726957321167,"Unknown"
"5020554",378676,2026-04-12 12:11:09,28.7697048187256,-17.7269191741943,"Unknown"
"5020554",378676,2026-04-12 12:12:09,28.7696228027344,-17.7269630432129,"Unknown"
"5020554",378676,2026-04-12 12:13:09,28.7695388793945,-17.7269763946533,"Unknown"
"5020554",378676,2026-04-12 12:14:09,28.7694816589355,-17.7269630432129,"Unknown"
"5020554",378676,2026-04-12 12:15:09,28.7693786621094,-17.7269821166992,"Unknown"
"5020554",378676,2026-04-12 12:16:09,28.769323348999,-17.7270240783691,"Unknown"
"5020554",378676,2026-04-12 12:17:09,28.769250869751,-17.7270221710205,"Unknown"
"5020554",378676,2026-04-12 12:18:09,28.7691650390625,-17.7270183563232,"Unknown"
"5020554",378676,2026-04-12 12:19:09,28.7690620422363,-17.7270317077637,"Unknown"
"5020554",378676,2026-04-12 12:20:09,28.768970489502,-17.7270202636719,"Unknown"
"5020554",378676,2026-04-12 12:21:09,28.768928527832,-17.7269840240479,"Unknown"
"5020554",378676,2026-04-12 12:22:09,28.7688961029053,-17.726978302002,"Unknown"
"5020554",378676,2026-04-12 12:23:09,28.7688121795654,-17.7269763946533,"Unknown"
"5020554",378676,2026-04-12 12:24:09,28.7687454223633,-17.7269611358643,"Unknown"
"5020554",378676,2026-04-12 12:25:09,28.7686576843262,-17.7269725799561,"Unknown"
"5020554",378676,2026-04-12 12:26:09,28.7685775756836,-17.7270088195801,"Unknown"
"5020554",378676,2026-04-12 12:27:09,28.7684879302979,-17.7270183563232,"Unknown"
"5020554",378676,2026-04-12 12:28:09,28.7684135437012,-17.7270412445068,"Unknown"
"5020554",378676,2026-04-12 12:29:09,28.7683181762695,-17.7270641326904,"Unknown"
"5020554",378676,2026-04-12 12:30:09,28.7682151794434,-17.7271022796631,"Unknown"
"5020554",378676,2026-04-12 12:31:09,28.7680950164795,-17.7271537780762,"Unknown"
"5020554",378676,2026-04-12 12:32:09,28.7680225372314,-17.7271614074707,"Unknown"
"5020554",378676,2026-04-12 12:33:09,28.7678985595703,-17.7271728515625,"Unknown"
"5020554",378676,2026-04-12 12:34:09,28.767765045166,-17.727180480957,"Unknown"
"5020554",378676,2026-04-12 12:35:09,28.767635345459,-17.7272129058838,"Unknown"
"5020554",378676,2026-04-12 12:36:09,28.7674827575684,-17.7272529602051,"Unknown"
"5020554",378676,2026-04-12 12:37:09,28.767276763916,-17.7272682189941,"Unknown"
"5020554",378676,2026-04-12 12:38:09,28.7671222686768,-17.7272891998291,"Unknown"
"5020554",378676,2026-04-12 12:39:09,28.7669506072998,-17.7272872924805,"Unknown"
"5020554",378676,2026-04-12 12:40:09,28.7668132781982,-17.7272796630859,"Unknown"
"5020554",378676,2026-04-12 12:41:09,28.7666339874268,-17.7272186279297,"Unknown"
"5020554",378676,2026-04-12 12:42:09,28.7664794921875,-17.7272033691406,"Unknown"
"5020554",378676,2026-04-12 12:43:09,28.7663230895996,-17.7272491455078,"Unknown"
"5020554",378676,2026-04-12 12:44:09,28.7662010192871,-17.7272338867188,"Unknown"
"5020554",378676,2026-04-12 12:45:09,28.7660522460938,-17.7271823883057,"Unknown"
"5020554",378676,2026-04-12 12:46:11,28.7658786773682,-17.727165222168,"Unknown"
"5020554",378676,2026-04-12 12:47:11,28.7657508850098,-17.7271194458008,"Unknown"
"5020554",378676,2026-04-12 12:48:09,28.7655982971191,-17.7271671295166,"Unknown"
"5020554",378676,2026-04-12 12:49:09,28.7654438018799,-17.7271633148193,"Unknown"
"5020554",378676,2026-04-12 12:50:09,28.7653293609619,-17.7271003723145,"Unknown"
"5020554",378676,2026-04-12 12:51:09,28.7651844024658,-17.7270812988281,"Unknown"
"5020554",378676,2026-04-12 12:52:09,28.7650489807129,-17.727071762085,"Unknown"
"5020554",378676,2026-04-12 12:53:09,28.7648830413818,-17.7270374298096,"Unknown"
"5020554",378676,2026-04-12 12:54:11,28.7647571563721,-17.7269954681396,"Unknown"
"5020554",378676,2026-04-12 12:55:10,28.7646236419678,-17.726957321167,"Unknown"
"5020554",378676,2026-04-12 12:56:11,28.7645092010498,-17.7269077301025,"Unknown"
"5020554",378676,2026-04-12 12:57:11,28.764404296875,-17.7268657684326,"Unknown"
"5020554",378676,2026-04-12 12:58:09,28.7642917633057,-17.7268562316895,"Unknown"
"5020554",378676,2026-04-12 12:59:09,28.7641506195068,-17.7267913818359,"Unknown"
"5020554",378676,2026-04-12 13:00:10,28.7640037536621,-17.7268238067627,"Unknown"
"5020554",378676,2026-04-12 13:01:10,28.7638893127441,-17.7268352508545,"Unknown"
"5020554",378676,2026-04-12 13:02:09,28.763765335083,-17.7268047332764,"Unknown"
"5020554",378676,2026-04-12 13:03:10,28.7636585235596,-17.7268142700195,"Unknown"
"5020554",378676,2026-04-12 13:04:09,28.7635154724121,-17.7267932891846,"Unknown"
"5020554",378676,2026-04-12 13:05:11,28.7633476257324,-17.726806640625,"Unknown"
"5020554",378676,2026-04-12 13:06:09,28.7632217407227,-17.7267112731934,"Unknown"
"5020554",378676,2026-04-12 13:07:10,28.7630233764648,-17.726770401001,"Unknown"
"5020554",378676,2026-04-12 13:08:09,28.762882232666,-17.7267036437988,"Unknown"
"5020554",378676,2026-04-12 13:09:09,28.7626705169678,-17.7266616821289,"Unknown"
"5020554",378676,2026-04-12 13:10:09,28.7625102996826,-17.7266292572021,"Unknown"
"5020554",378676,2026-04-12 13:11:09,28.7623481750488,-17.7265682220459,"Unknown"
"5020554",378676,2026-04-12 13:12:11,28.7621726989746,-17.7265529632568,"Unknown"
"5020554",378676,2026-04-12 13:13:09,28.7620067596436,-17.7265090942383,"Unknown"
"5020554",378676,2026-04-12 13:14:09,28.7618370056152,-17.726469039917,"Unknown"
"5020554",378676,2026-04-12 13:15:09,28.7616672515869,-17.7264461517334,"Unknown"
"5020554",378676,2026-04-12 13:16:10,28.7625045776367,-17.7271060943604,"Unknown"
"5020554",378676,2026-04-12 13:17:10,28.7660083770752,-17.7278881072998,"Unknown"
"5020554",378676,2026-04-12 13:18:10,28.7677726745605,-17.731466293335,"Unknown"
"5020554",378676,2026-04-12 13:19:10,28.7703857421875,-17.7347526550293,"Unknown"
"5020554",378676,2026-04-12 13:20:10,28.7733879089355,-17.7372646331787,"Unknown"
"5020554",378676,2026-04-12 13:21:10,28.7762355804443,-17.7401371002197,"Unknown"
"5020554",378676,2026-04-12 13:22:09,28.7790985107422,-17.7409954071045,"Unknown"
"5020554",378676,2026-04-12 13:23:10,28.778470993042,-17.7410182952881,"Unknown"
"5020554",378676,2026-04-12 13:24:09,28.7783145904541,-17.7410335540771,"Unknown"
"5020554",378676,2026-04-12 13:25:09,28.7781867980957,-17.7410507202148,"Unknown"
"5020554",378676,2026-04-12 13:26:09,28.77805519104,-17.7410545349121,"Unknown"
"5020554",378676,2026-04-12 13:27:09,28.7779579162598,-17.7410888671875,"Unknown"
"5020554",378676,2026-04-12 13:28:09,28.7778263092041,-17.7411231994629,"Unknown"
"5020554",378676,2026-04-12 13:29:09,28.777702331543,-17.7411270141602,"Unknown"
"5020554",378676,2026-04-12 13:30:09,28.7775573730469,-17.7411727905273,"Unknown"
"5020554",378676,2026-04-12 13:31:10,28.7774467468262,-17.7411804199219,"Unknown"
"5020554",378676,2026-04-12 13:32:10,28.7772998809814,-17.7412052154541,"Unknown"
"5020554",378676,2026-04-12 13:33:10,28.7771949768066,-17.7411975860596,"Unknown"
"5020554",378676,2026-04-12 13:34:10,28.7770595550537,-17.7412376403809,"Unknown"
"5020554",378676,2026-04-12 13:35:11,28.7769470214844,-17.7412300109863,"Unknown"
"5020554",378676,2026-04-12 13:36:10,28.7768363952637,-17.7412300109863,"Unknown"
"5020554",378676,2026-04-12 13:37:11,28.7767086029053,-17.7412643432617,"Unknown"
"5020554",378676,2026-04-12 13:38:11,28.7765827178955,-17.7412700653076,"Unknown"
"5020554",378676,2026-04-12 13:39:11,28.7764511108398,-17.7412757873535,"Unknown"
"5020554",378676,2026-04-12 13:40:11,28.7763271331787,-17.7413005828857,"Unknown"
"5020554",378676,2026-04-12 13:41:10,28.7762432098389,-17.7413177490234,"Unknown"
"5020554",378676,2026-04-12 13:42:12,28.7761688232422,-17.7413349151611,"Unknown"
"5020554",378676,2026-04-12 13:43:10,28.7760124206543,-17.7413330078125,"Unknown"
"5020554",378676,2026-04-12 13:44:10,28.7760696411133,-17.7404708862305,"Unknown"
"5020554",378676,2026-04-12 13:45:11,28.7763481140137,-17.7376117706299,"Unknown"
"5020554",378676,2026-04-12 13:46:09,28.7762889862061,-17.7375736236572,"Unknown"
"5020554",378676,2026-04-12 13:47:12,28.7762508392334,-17.7375297546387,"Unknown"
"5020554",378676,2026-04-12 13:48:11,28.7761631011963,-17.737512588501,"Unknown"
"5020554",378676,2026-04-12 13:49:11,28.7760601043701,-17.7375373840332,"Unknown"
"5020554",378676,2026-04-12 13:50:09,28.7760181427002,-17.7375030517578,"Unknown"
"5020554",378676,2026-04-12 13:51:11,28.7758941650391,-17.7375164031982,"Unknown"
"5020554",378676,2026-04-12 13:52:12,28.7759056091309,-17.7374973297119,"Unknown"
"5020554",378676,2026-04-12 13:53:10,28.7758102416992,-17.7374973297119,"Unknown"
"5020554",378676,2026-04-12 13:54:11,28.7757301330566,-17.7374820709229,"Unknown"
"5020554",378676,2026-04-12 13:55:10,28.7756195068359,-17.7375259399414,"Unknown"
"5020554",378676,2026-04-12 13:56:10,28.7754764556885,-17.737585067749,"Unknown"
"5020554",378676,2026-04-12 13:57:10,28.7754726409912,-17.7375221252441,"Unknown"
"5020554",378676,2026-04-12 13:58:10,28.7753276824951,-17.737491607666,"Unknown"
"5020554",378676,2026-04-12 13:59:11,28.7752532958984,-17.7375240325928,"Unknown"
"5020554",378676,2026-04-12 14:00:47,28.7751331329346,-17.7376270294189,"Unknown"
"5020554",378676,2026-04-12 14:01:09,28.7751350402832,-17.7375926971436,"Unknown"
"5020554",378676,2026-04-12 14:02:09,28.7750072479248,-17.7375774383545,"Unknown"
"5020554",378676,2026-04-12 14:03:09,28.77490234375,-17.7375621795654,"Unknown"
"5020554",378676,2026-04-12 14:04:09,28.774845123291,-17.7375164031982,"Unknown"
"5020554",378676,2026-04-12 14:05:09,28.7747383117676,-17.7375507354736,"Unknown"
"5020554",378676,2026-04-12 14:06:09,28.7746753692627,-17.7375316619873,"Unknown"
"5020554",378676,2026-04-12 14:07:09,28.7745590209961,-17.7375316619873,"Unknown"
"5020554",378676,2026-04-12 14:08:09,28.7744808197021,-17.7375507354736,"Unknown"
"5020554",378676,2026-04-12 14:09:09,28.7744083404541,-17.7375640869141,"Unknown"
"5020554",378676,2026-04-12 14:10:09,28.7743034362793,-17.737548828125,"Unknown"
"5020554",378676,2026-04-12 14:11:09,28.7742290496826,-17.7375831604004,"Unknown"
"5020554",378676,2026-04-12 14:12:09,28.7741317749023,-17.7376022338867,"Unknown"
"5020554",378676,2026-04-12 14:13:09,28.7740612030029,-17.7376155853271,"Unknown"
"5020554",378676,2026-04-12 14:14:10,28.7739562988281,-17.7376174926758,"Unknown"
"5020554",378676,2026-04-12 14:15:10,28.7738819122314,-17.737642288208,"Unknown"
"5020554",378676,2026-04-12 14:16:10,28.7737865447998,-17.7376403808594,"Unknown"
"5020554",378676,2026-04-12 14:17:10,28.7736778259277,-17.7376842498779,"Unknown"
"5020554",378676,2026-04-12 14:18:10,28.7735977172852,-17.7377109527588,"Unknown"
"5020554",378676,2026-04-12 14:19:10,28.7735157012939,-17.7377529144287,"Unknown"
"5020554",378676,2026-04-12 14:20:10,28.7733917236328,-17.737771987915,"Unknown"
"5020554",378676,2026-04-12 14:21:09,28.7733268737793,-17.7377796173096,"Unknown"
"5020554",378676,2026-04-12 14:22:10,28.7732543945312,-17.7377834320068,"Unknown"
"5020554",378676,2026-04-12 14:23:11,28.7731628417969,-17.7377758026123,"Unknown"
"5020554",378676,2026-04-12 14:24:10,28.773120880127,-17.7377853393555,"Unknown"
"5020554",378676,2026-04-12 14:25:11,28.7730350494385,-17.7377815246582,"Unknown"
"5020554",378676,2026-04-12 14:26:10,28.7729644775391,-17.7377758026123,"Unknown"
"5020554",378676,2026-04-12 14:27:10,28.7728633880615,-17.7377738952637,"Unknown"
"5020554",378676,2026-04-12 14:28:10,28.7727680206299,-17.7377624511719,"Unknown"
"5020554",378676,2026-04-12 14:29:11,28.7726306915283,-17.7377681732178,"Unknown"
"5020554",378676,2026-04-12 14:30:11,28.7725200653076,-17.7377338409424,"Unknown"
"5020554",378676,2026-04-12 14:31:12,28.7724552154541,-17.7377510070801,"Unknown"
"5020554",378676,2026-04-12 14:32:12,28.7723617553711,-17.7377395629883,"Unknown"
"5020554",378676,2026-04-12 14:33:11,28.7722644805908,-17.7377090454102,"Unknown"
"5020554",378676,2026-04-12 14:34:10,28.7721099853516,-17.7377109527588,"Unknown"
"5020554",378676,2026-04-12 14:35:11,28.7719707489014,-17.7377433776855,"Unknown"
"5020554",378676,2026-04-12 14:36:11,28.7718982696533,-17.7377090454102,"Unknown"
"5020554",378676,2026-04-12 14:37:11,28.7718029022217,-17.7377471923828,"Unknown"
"5020554",378676,2026-04-12 14:38:12,28.7716598510742,-17.737720489502,"Unknown"
"5020554",378676,2026-04-12 14:39:11,28.7715740203857,-17.7377319335938,"Unknown"
"5020554",378676,2026-04-12 14:40:11,28.7714519500732,-17.7377433776855,"Unknown"
"5020554",378676,2026-04-12 14:41:11,28.7713832855225,-17.7377262115479,"Unknown"
"5020554",378676,2026-04-12 14:42:11,28.771276473999,-17.7377529144287,"Unknown"
"5020554",378676,2026-04-12 14:43:13,28.7711887359619,-17.7377510070801,"Unknown"
"5020554",378676,2026-04-12 14:44:11,28.7711067199707,-17.7377471923828,"Unknown"
"5020554",378676,2026-04-12 14:45:11,28.7709770202637,-17.7377071380615,"Unknown"
"5020554",378676,2026-04-12 14:46:11,28.7708892822266,-17.7376747131348,"Unknown"
"5020554",378676,2026-04-12 14:47:11,28.7707939147949,-17.7376098632812,"Unknown"
"5020554",378676,2026-04-12 14:48:11,28.7707176208496,-17.7376098632812,"Unknown"
"5020554",378676,2026-04-12 14:49:11,28.7706451416016,-17.7375717163086,"Unknown"
"5020554",378676,2026-04-12 14:50:11,28.7705574035645,-17.7375469207764,"Unknown"
"5020554",378676,2026-04-12 14:51:11,28.770471572876,-17.7375640869141,"Unknown"
"5020554",378676,2026-04-12 14:52:12,28.7703819274902,-17.7375907897949,"Unknown"
"5020554",378676,2026-04-12 14:53:11,28.7702808380127,-17.7376174926758,"Unknown"
"5020554",378676,2026-04-12 14:54:11,28.7701759338379,-17.7376441955566,"Unknown"
"5020554",378676,2026-04-12 14:55:11,28.7701015472412,-17.7376575469971,"Unknown"
"5020554",378676,2026-04-12 14:56:11,28.7700099945068,-17.7376728057861,"Unknown"
"5020554",378676,2026-04-12 14:57:11,28.7699108123779,-17.7376766204834,"Unknown"
"5020554",378676,2026-04-12 14:58:11,28.769868850708,-17.7377014160156,"Unknown"
"5020554",378676,2026-04-12 14:59:10,28.7697734832764,-17.7377586364746,"Unknown"
"5020554",378676,2026-04-12 15:00:11,28.7696704864502,-17.7377796173096,"Unknown"
"5020554",378676,2026-04-12 15:01:11,28.7695770263672,-17.7377777099609,"Unknown"
"5020554",378676,2026-04-12 15:02:11,28.7694664001465,-17.7377872467041,"Unknown"
"5020554",378676,2026-04-12 15:03:11,28.7693729400635,-17.7378158569336,"Unknown"
"5020554",378676,2026-04-12 15:04:11,28.7692832946777,-17.737850189209,"Unknown"
"5020554",378676,2026-04-12 15:05:11,28.7691802978516,-17.7378692626953,"Unknown"
"5020554",378676,2026-04-12 15:06:11,28.7690467834473,-17.737907409668,"Unknown"
"5020554",378676,2026-04-12 15:07:11,28.7689628601074,-17.7379112243652,"Unknown"
"5020554",378676,2026-04-12 15:08:11,28.7688961029053,-17.7379283905029,"Unknown"
"5020554",378676,2026-04-12 15:09:11,28.7688255310059,-17.737964630127,"Unknown"
"5020554",378676,2026-04-12 15:10:11,28.7687702178955,-17.7379741668701,"Unknown"
"5020554",378676,2026-04-12 15:11:11,28.7686767578125,-17.7379627227783,"Unknown"
"5020554",378676,2026-04-12 15:12:11,28.7685718536377,-17.7379512786865,"Unknown"
"5020554",378676,2026-04-12 15:13:11,28.7684650421143,-17.7380027770996,"Unknown"
"5020554",378676,2026-04-12 15:14:11,28.7683868408203,-17.7380294799805,"Unknown"
"5020554",378676,2026-04-12 15:15:11,28.7682781219482,-17.7380428314209,"Unknown"
"5020554",378676,2026-04-12 15:16:11,28.7681732177734,-17.7380924224854,"Unknown"
"5020554",378676,2026-04-12 15:17:11,28.7681102752686,-17.7380981445312,"Unknown"
"5020554",378676,2026-04-12 15:18:12,28.7680377960205,-17.7380542755127,"Unknown"
"5020554",378676,2026-04-12 15:19:12,28.770881652832,-17.7372798919678,"Unknown"
"5020554",378676,2026-04-12 15:20:11,28.7743740081787,-17.7381935119629,"Unknown"
"5020554",378676,2026-04-12 15:21:11,28.777193069458,-17.7365455627441,"Unknown"
"5020554",378676,2026-04-12 15:22:11,28.7778282165527,-17.7364444732666,"Unknown"
"5020554",378676,2026-04-12 15:23:12,28.7777767181396,-17.7365417480469,"Unknown"
"5020554",378676,2026-04-12 15:24:11,28.777738571167,-17.7366313934326,"Unknown"
"5020554",378676,2026-04-12 15:25:12,28.7776489257812,-17.736686706543,"Unknown"
"5020554",378676,2026-04-12 15:26:10,28.7775897979736,-17.7367515563965,"Unknown"
"5020554",378676,2026-04-12 15:27:11,28.7775459289551,-17.7368698120117,"Unknown"
"5020554",378676,2026-04-12 15:28:11,28.7774543762207,-17.7370109558105,"Unknown"
"5020554",378676,2026-04-12 15:29:10,28.7773590087891,-17.7370910644531,"Unknown"
"5020554",378676,2026-04-12 15:30:11,28.7772922515869,-17.7371940612793,"Unknown"
"5020554",378676,2026-04-12 15:31:10,28.7772159576416,-17.7372798919678,"Unknown"
"5020554",378676,2026-04-12 15:32:11,28.7771186828613,-17.7373809814453,"Unknown"
"5020554",378676,2026-04-12 15:33:11,28.7770309448242,-17.7374668121338,"Unknown"
"5020554",378676,2026-04-12 15:34:11,28.7769756317139,-17.7375888824463,"Unknown"
"5020554",378676,2026-04-12 15:35:11,28.7768783569336,-17.7376804351807,"Unknown"
"5020554",378676,2026-04-12 15:36:11,28.7767715454102,-17.7377223968506,"Unknown"
"5020554",378676,2026-04-12 15:37:11,28.7766647338867,-17.7377548217773,"Unknown"
"5020554",378676,2026-04-12 15:38:11,28.7775478363037,-17.7381324768066,"Unknown"
"5020554",378676,2026-04-12 15:39:11,28.7806529998779,-17.7387275695801,"Unknown"
"5020554",378676,2026-04-12 15:40:15,28.7826328277588,-17.7392559051514,"Unknown"
"5020554",378676,2026-04-12 15:41:12,28.7859306335449,-17.7391185760498,"Unknown"
"5020554",378676,2026-04-12 15:42:13,28.7897720336914,-17.7409172058105,"Unknown"
"5020554",378676,2026-04-12 15:43:13,28.7933731079102,-17.7437610626221,"Unknown"
"5020554",378676,2026-04-12 15:44:12,28.7962875366211,-17.7466850280762,"Unknown"
"5020554",378676,2026-04-12 15:45:14,28.80002784729,-17.749324798584,"Unknown"
"5020554",378676,2026-04-12 15:46:12,28.802734375,-17.7479267120361,"Unknown"
"5020554",378676,2026-04-12 15:47:12,28.8059139251709,-17.7504234313965,"Unknown"
"5020554",378676,2026-04-12 15:48:12,28.8098602294922,-17.7542495727539,"Unknown"
"5020554",378676,2026-04-12 15:49:13,28.8139305114746,-17.7564163208008,"Unknown"
"5020554",378676,2026-04-12 15:50:12,28.8165187835693,-17.7574119567871,"Unknown"
"5020554",378676,2026-04-12 15:51:13,28.8154640197754,-17.7571582794189,"Unknown"
"5020554",378676,2026-04-12 15:52:12,28.8164348602295,-17.7594738006592,"Unknown"
"5020554",378676,2026-04-12 15:53:13,28.8180904388428,-17.7596664428711,"Unknown"
"5020554",378676,2026-04-12 15:54:14,28.818920135498,-17.7596225738525,"Unknown"
"5020554",378676,2026-04-12 15:55:14,28.8187465667725,-17.7581939697266,"Unknown"
"5020554",378676,2026-04-12 15:56:16,28.8172855377197,-17.7569541931152,"Unknown"
"5020554",378676,2026-04-12 15:57:14,28.8171997070312,-17.755952835083,"Unknown"
"5020554",378676,2026-04-12 15:58:14,28.8180274963379,-17.7551898956299,"Unknown"
"5020554",378676,2026-04-12 15:59:14,28.8192577362061,-17.7591323852539,"Unknown"
"5020554",378676,2026-04-12 16:00:15,28.8194770812988,-17.7581958770752,"Unknown"
"5020554",378676,2026-04-12 16:01:14,28.8194999694824,-17.7583484649658,"Unknown"
"5020554",378676,2026-04-12 16:02:14,28.819019317627,-17.7576446533203,"Unknown"
"5020554",378676,2026-04-12 16:03:14,28.8192291259766,-17.7579784393311,"Unknown"
"5020554",378676,2026-04-12 16:04:14,28.8206825256348,-17.7569847106934,"Unknown"
"5020554",378676,2026-04-12 16:05:14,28.8210773468018,-17.7549476623535,"Unknown"
"5020554",378676,2026-04-12 16:06:14,28.8207492828369,-17.7534828186035,"Unknown"
"5020554",378676,2026-04-12 16:07:13,28.8180656433105,-17.7507705688477,"Unknown"
"5020554",378676,2026-04-12 16:08:14,28.8162879943848,-17.7479782104492,"Unknown"
"5020554",378676,2026-04-12 16:09:15,28.813289642334,-17.7441635131836,"Unknown"
"5020554",378676,2026-04-12 16:10:14,28.8114566802979,-17.741153717041,"Unknown"
"5020554",378676,2026-04-12 16:11:13,28.8084545135498,-17.7375831604004,"Unknown"
"5020554",378676,2026-04-12 16:12:14,28.8085269927979,-17.7354106903076,"Unknown"
"5020554",378676,2026-04-12 16:13:14,28.8069820404053,-17.733003616333,"Unknown"
"5020554",378676,2026-04-12 16:14:14,28.8073444366455,-17.7328052520752,"Unknown"
"5020554",378676,2026-04-12 16:15:15,28.8066825866699,-17.7326908111572,"Unknown"
"5020554",378676,2026-04-12 16:16:17,28.8042316436768,-17.7344799041748,"Unknown"
"5020554",378676,2026-04-12 16:17:14,28.803201675415,-17.7338848114014,"Unknown"
"5020554",378676,2026-04-12 16:18:14,28.8000831604004,-17.7401065826416,"Unknown"
"5020554",378676,2026-04-12 16:19:14,28.7978534698486,-17.7406692504883,"Unknown"
"5020554",378676,2026-04-12 16:20:14,28.7981090545654,-17.7409553527832,"Unknown"
"5020554",378676,2026-04-12 16:21:15,28.7980537414551,-17.7410259246826,"Unknown"
"5020554",378676,2026-04-12 16:22:14,28.7979927062988,-17.7410697937012,"Unknown"
"5020554",378676,2026-04-12 16:23:14,28.7979125976562,-17.7411403656006,"Unknown"
"5020554",378676,2026-04-12 16:24:16,28.7978458404541,-17.7411689758301,"Unknown"
"5020554",378676,2026-04-12 16:25:14,28.797758102417,-17.7412490844727,"Unknown"
"5020554",378676,2026-04-12 16:26:16,28.7976608276367,-17.7413272857666,"Unknown"
"5020554",378676,2026-04-12 16:27:14,28.7976150512695,-17.7413864135742,"Unknown"
"5020554",378676,2026-04-12 16:28:14,28.7975463867188,-17.7414436340332,"Unknown"
"5020554",378676,2026-04-12 16:29:15,28.7980308532715,-17.7425651550293,"Unknown"
"5020554",378676,2026-04-12 16:30:14,28.7994022369385,-17.7434711456299,"Unknown"
"5020554",378676,2026-04-12 16:31:14,28.7993698120117,-17.7434329986572,"Unknown"
"5020554",378676,2026-04-12 16:32:18,28.7976512908936,-17.7438678741455,"Unknown"
"5020554",378676,2026-04-12 16:33:14,28.7969417572021,-17.7442417144775,"Unknown"
"5020554",378676,2026-04-12 16:34:17,28.7972564697266,-17.744686126709,"Unknown"
"5020554",378676,2026-04-12 16:35:15,28.7978286743164,-17.7455940246582,"Unknown"
"5020554",378676,2026-04-12 16:36:15,28.7985229492188,-17.7460670471191,"Unknown"
"5020554",378676,2026-04-12 16:37:15,28.7980403900146,-17.7470016479492,"Unknown"
"5020554",378676,2026-04-12 16:38:17,28.7990303039551,-17.7452945709229,"Unknown"
"5020554",378676,2026-04-12 16:39:15,28.7999496459961,-17.7465991973877,"Unknown"
"5020554",378676,2026-04-12 16:40:16,28.7989082336426,-17.7445468902588,"Unknown"
"5020554",378676,2026-04-12 16:41:16,28.7989387512207,-17.744607925415,"Unknown"
"5020554",378676,2026-04-12 16:42:15,28.7983894348145,-17.744873046875,"Unknown"
"5020554",378676,2026-04-12 16:43:15,28.798131942749,-17.7447547912598,"Unknown"
"5020554",378676,2026-04-12 16:44:15,28.7981262207031,-17.7447929382324,"Unknown"
"5020554",378676,2026-04-12 16:45:15,28.7980175018311,-17.7448787689209,"Unknown"
"5020554",378676,2026-04-12 16:46:15,28.7980175018311,-17.7449150085449,"Unknown"
"5020554",378676,2026-04-12 16:47:15,28.7979488372803,-17.7449741363525,"Unknown"
"5020554",378676,2026-04-12 16:48:18,28.7978687286377,-17.7450828552246,"Unknown"
"5020554",378676,2026-04-12 16:49:15,28.7983551025391,-17.7462310791016,"Unknown"
"5020554",378676,2026-04-12 16:50:15,28.7936420440674,-17.7441539764404,"Unknown"
"5020554",378676,2026-04-12 16:51:15,28.792121887207,-17.7437591552734,"Unknown"
"5020554",378676,2026-04-12 16:52:15,28.7925281524658,-17.7439441680908,"Unknown"
"5020554",378676,2026-04-12 16:53:16,28.7934284210205,-17.7442359924316,"Unknown"
"5020554",378676,2026-04-12 16:54:15,28.7924880981445,-17.74143409729,"Unknown"
"5020554",378676,2026-04-12 16:55:16,28.7924270629883,-17.7412281036377,"Unknown"
"5020554",378676,2026-04-12 16:56:15,28.7909698486328,-17.7403831481934,"Unknown"
"5020554",378676,2026-04-12 16:57:15,28.7908363342285,-17.7404441833496,"Unknown"
"5020554",378676,2026-04-12 16:58:15,28.7907657623291,-17.7405567169189,"Unknown"
"5020554",378676,2026-04-12 16:59:16,28.7906932830811,-17.7406826019287,"Unknown"
"5020554",378676,2026-04-12 17:00:33,28.7906742095947,-17.7408275604248,"Unknown"
"5020554",378676,2026-04-12 17:01:15,28.7906360626221,-17.7409114837646,"Unknown"
"5020554",378676,2026-04-12 17:02:16,28.7900009155273,-17.7391929626465,"Unknown"
"5020554",378676,2026-04-12 17:03:15,28.7908496856689,-17.7380981445312,"Unknown"
"5020554",378676,2026-04-12 17:04:15,28.7901420593262,-17.7379112243652,"Unknown"
"5020554",378676,2026-04-12 17:05:16,28.79030418396,-17.7386322021484,"Unknown"
"5020554",378676,2026-04-12 17:06:16,28.7902164459229,-17.7387065887451,"Unknown"
"5020554",378676,2026-04-12 17:07:16,28.7901420593262,-17.7387371063232,"Unknown"
"5020554",378676,2026-04-12 17:08:16,28.7900562286377,-17.7388343811035,"Unknown"
"5020554",378676,2026-04-12 17:09:16,28.790002822876,-17.7389545440674,"Unknown"
"5020554",378676,2026-04-12 17:10:16,28.7899684906006,-17.7391014099121,"Unknown"
"5020554",378676,2026-04-12 17:11:16,28.7899360656738,-17.7391986846924,"Unknown"
"5020554",378676,2026-04-12 17:12:16,28.7898502349854,-17.7393360137939,"Unknown"
"5020554",378676,2026-04-12 17:13:16,28.7898216247559,-17.7394218444824,"Unknown"
"5020554",378676,2026-04-12 17:14:17,28.789758682251,-17.7395439147949,"Unknown"
"5020554",378676,2026-04-12 17:15:16,28.7896957397461,-17.7395896911621,"Unknown"
"5020554",378676,2026-04-12 17:16:16,28.7896175384521,-17.7396945953369,"Unknown"
"5020554",378676,2026-04-12 17:17:17,28.7895641326904,-17.7397956848145,"Unknown"
"5020554",378676,2026-04-12 17:18:16,28.7894763946533,-17.739875793457,"Unknown"
"5020554",378676,2026-04-12 17:19:16,28.7894401550293,-17.73996925354,"Unknown"
"5020554",378676,2026-04-12 17:20:17,28.789421081543,-17.7400779724121,"Unknown"
"5020554",378676,2026-04-12 17:21:16,28.7894039154053,-17.7401847839355,"Unknown"
"5020554",378676,2026-04-12 17:22:16,28.7893714904785,-17.7403106689453,"Unknown"
"5020554",378676,2026-04-12 17:23:16,28.7902603149414,-17.7405700683594,"Unknown"
"5020554",378676,2026-04-12 17:24:16,28.7938098907471,-17.7402381896973,"Unknown"
"5020554",378676,2026-04-12 17:25:21,28.793628692627,-17.7413635253906,"Unknown"
"5020554",378676,2026-04-12 17:26:16,28.7922134399414,-17.7414722442627,"Unknown"
"5020554",378676,2026-04-12 17:27:16,28.7928581237793,-17.7433681488037,"Unknown"
"5020554",378676,2026-04-12 17:28:16,28.7926864624023,-17.7433300018311,"Unknown"
"5020554",378676,2026-04-12 17:29:16,28.7929782867432,-17.7434883117676,"Unknown"
"5020554",378676,2026-04-12 17:30:16,28.7933216094971,-17.7434577941895,"Unknown"
"5020554",378676,2026-04-12 17:31:16,28.7922325134277,-17.7433567047119,"Unknown"
"5020554",378676,2026-04-12 17:32:16,28.7907752990723,-17.7400493621826,"Unknown"
"5020554",378676,2026-04-12 17:33:16,28.7895832061768,-17.7391319274902,"Unknown"
"5020554",378676,2026-04-12 17:34:16,28.7889518737793,-17.7401752471924,"Unknown"
"5020554",378676,2026-04-12 17:35:16,28.7899532318115,-17.7420425415039,"Unknown"
"5020554",378676,2026-04-12 17:36:16,28.7895240783691,-17.7401237487793,"Unknown"
"5020554",378676,2026-04-12 17:37:16,28.7879600524902,-17.7370834350586,"Unknown"
"5020554",378676,2026-04-12 17:38:16,28.7864646911621,-17.738208770752,"Unknown"
"5020554",378676,2026-04-12 17:39:16,28.7862243652344,-17.7354412078857,"Unknown"
"5020554",378676,2026-04-12 17:41:20,28.7858371734619,-17.7361392974854,"Unknown"
"5020554",378676,2026-04-12 17:41:21,28.7858715057373,-17.7361145019531,"Unknown"
"5020554",378676,2026-04-12 17:42:26,28.785572052002,-17.7354393005371,"Unknown"
"5020554",378676,2026-04-12 17:43:25,28.7841339111328,-17.7359619140625,"Unknown"
"5020554",378676,2026-04-12 17:45:49,28.7847900390625,-17.7356052398682,"Unknown"
"5020554",378676,2026-04-12 17:47:17,28.7841739654541,-17.7370548248291,"Unknown"
"5020554",378676,2026-04-12 17:47:58,28.7844390869141,-17.7370433807373,"Unknown"
"5020554",378676,2026-04-12 17:49:46,28.7848854064941,-17.7392196655273,"Unknown"
"5020554",378676,2026-04-12 17:50:31,28.7856407165527,-17.7389068603516,"Unknown"
"5020554",378676,2026-04-12 17:52:15,28.7832107543945,-17.737922668457,"Unknown"
"5020554",378676,2026-04-12 17:52:45,28.783224105835,-17.7379951477051,"Unknown"
"5020554",378676,2026-04-12 17:53:20,28.7836437225342,-17.7381534576416,"Unknown"
"5020554",378676,2026-04-12 17:54:20,28.7835922241211,-17.738208770752,"Unknown"
"5020554",378676,2026-04-12 17:55:19,28.7834854125977,-17.7383098602295,"Unknown"
"5020554",378676,2026-04-12 17:56:19,28.7834205627441,-17.7384376525879,"Unknown"
"5020554",378676,2026-04-12 17:57:19,28.783805847168,-17.738597869873,"Unknown"
"5020554",378676,2026-04-12 17:58:19,28.782922744751,-17.7348518371582,"Unknown"
"5020554",378676,2026-04-12 17:59:20,28.7795677185059,-17.7313404083252,"Unknown"
"5020554",378676,2026-04-12 18:00:19,28.7779655456543,-17.7285099029541,"Unknown"
"5020554",378676,2026-04-12 18:01:21,28.7799758911133,-17.7317295074463,"Unknown"
"5020554",378676,2026-04-12 18:02:19,28.7802295684814,-17.7320919036865,"Unknown"
"5020554",378676,2026-04-12 18:03:18,28.7798538208008,-17.7323188781738,"Unknown"
"5020554",378676,2026-04-12 18:04:20,28.7800960540771,-17.7333030700684,"Unknown"
"5020554",378676,2026-04-12 18:05:19,28.7825469970703,-17.7358722686768,"Unknown"
"5020554",378676,2026-04-12 18:06:21,28.7843475341797,-17.7375755310059,"Unknown"
"5020554",378676,2026-04-12 18:07:19,28.7867641448975,-17.7422790527344,"Unknown"
"5020554",378676,2026-04-12 18:08:20,28.789421081543,-17.7430152893066,"Unknown"
"5020554",378676,2026-04-12 18:09:20,28.7887744903564,-17.7411670684814,"Unknown"
"5020554",378676,2026-04-12 18:10:19,28.7865524291992,-17.7377376556396,"Unknown"
"5020554",378676,2026-04-12 18:11:19,28.7898845672607,-17.7376480102539,"Unknown"
"5020554",378676,2026-04-12 18:12:20,28.7910461425781,-17.738224029541,"Unknown"
"5020554",378676,2026-04-12 18:13:19,28.7922248840332,-17.7410717010498,"Unknown"
"5020554",378676,2026-04-12 18:14:19,28.7927989959717,-17.741735458374,"Unknown"
"5020554",378676,2026-04-12 18:15:19,28.7908611297607,-17.7407093048096,"Unknown"
"5020554",378676,2026-04-12 18:16:20,28.7892475128174,-17.7378807067871,"Unknown"
"5020554",378676,2026-04-12 18:17:20,28.7901458740234,-17.739688873291,"Unknown"
"5020554",378676,2026-04-12 18:18:19,28.7877750396729,-17.7373847961426,"Unknown"
"5020554",378676,2026-04-12 18:19:19,28.7882289886475,-17.7367534637451,"Unknown"
"5020554",378676,2026-04-12 18:20:19,28.7881717681885,-17.7368392944336,"Unknown"
"5020554",378676,2026-04-12 18:21:20,28.7881145477295,-17.7369575500488,"Unknown"
"5020554",378676,2026-04-12 18:22:19,28.7880592346191,-17.7370586395264,"Unknown"
"5020554",378676,2026-04-12 18:23:19,28.7880401611328,-17.7372055053711,"Unknown"
"5020554",378676,2026-04-12 18:24:20,28.7880325317383,-17.7373027801514,"Unknown"
"5020554",378676,2026-04-12 18:25:19,28.7880401611328,-17.7374305725098,"Unknown"
"5020554",378676,2026-04-12 18:26:19,28.786018371582,-17.7373104095459,"Unknown"
"5020554",378676,2026-04-12 18:27:20,28.7860126495361,-17.7374229431152,"Unknown"
"5020554",378676,2026-04-12 18:28:20,28.7860260009766,-17.7375240325928,"Unknown"
"5020554",378676,2026-04-12 18:29:19,28.7860107421875,-17.7376613616943,"Unknown"
"5020554",378676,2026-04-12 18:30:20,28.7859859466553,-17.7377281188965,"Unknown"
"5020554",378676,2026-04-12 18:31:20,28.7859916687012,-17.7378349304199,"Unknown"
"5020554",378676,2026-04-12 18:32:19,28.7842350006104,-17.7346019744873,"Unknown"
"5020554",378676,2026-04-12 18:33:19,28.7768249511719,-17.732494354248,"Unknown"
"5020554",378676,2026-04-12 18:34:21,28.7710647583008,-17.7286319732666,"Unknown"
"5020554",378676,2026-04-12 18:35:19,28.7699546813965,-17.7269763946533,"Unknown"
"5020554",378676,2026-04-12 18:36:21,28.769905090332,-17.7270889282227,"Unknown"
"5020554",378676,2026-04-12 18:37:21,28.7658767700195,-17.7252464294434,"Unknown"
"5020554",378676,2026-04-12 18:38:21,28.7649173736572,-17.7260112762451,"Unknown"
"5020554",378676,2026-04-12 18:39:19,28.7654762268066,-17.7256660461426,"Unknown"
"5020554",378676,2026-04-12 18:40:25,28.7663192749023,-17.7247276306152,"Unknown"
"5020554",378676,2026-04-12 18:41:19,28.7682361602783,-17.7286682128906,"Unknown"
"5020554",378676,2026-04-12 18:42:20,28.7699108123779,-17.7311515808105,"Unknown"
"5020554",378676,2026-04-12 18:43:21,28.7698936462402,-17.7312679290771,"Unknown"
"5020554",378676,2026-04-12 18:44:21,28.7698440551758,-17.7314052581787,"Unknown"
"5020554",378676,2026-04-12 18:45:22,28.7698421478271,-17.7315406799316,"Unknown"
"5020554",378676,2026-04-12 18:46:21,28.769811630249,-17.7316951751709,"Unknown"
"5020554",378676,2026-04-12 18:47:21,28.7697792053223,-17.7318134307861,"Unknown"
"5020554",378676,2026-04-12 18:48:21,28.7697429656982,-17.7319488525391,"Unknown"
"5020554",378676,2026-04-12 18:49:19,28.7697639465332,-17.7320461273193,"Unknown"
"5020554",378676,2026-04-12 18:50:19,28.7697448730469,-17.7321510314941,"Unknown"
"5020554",378676,2026-04-12 18:51:19,28.7696990966797,-17.7322597503662,"Unknown"
"5020554",378676,2026-04-12 18:52:19,28.7696437835693,-17.7323608398438,"Unknown"
"5020554",378676,2026-04-12 18:53:19,28.7696323394775,-17.7324485778809,"Unknown"
"5020554",378676,2026-04-12 18:54:19,28.7696475982666,-17.7325611114502,"Unknown"
"5020554",378676,2026-04-12 18:55:19,28.7696399688721,-17.7327136993408,"Unknown"
"5020554",378676,2026-04-12 18:56:21,28.7696666717529,-17.7327480316162,"Unknown"
"5020554",378676,2026-04-12 18:57:19,28.769588470459,-17.7328300476074,"Unknown"
"5020554",378676,2026-04-12 18:58:19,28.7695636749268,-17.7328987121582,"Unknown"
"5020554",378676,2026-04-12 18:59:19,28.76953125,-17.7329521179199,"Unknown"
"5020554",378676,2026-04-12 19:00:19,28.7695178985596,-17.7330207824707,"Unknown"
"5020554",378676,2026-04-12 19:01:19,28.7694797515869,-17.7331123352051,"Unknown"
"5020554",378676,2026-04-12 19:02:19,28.769416809082,-17.7331981658936,"Unknown"
"5020554",378676,2026-04-12 19:03:21,28.7693424224854,-17.7332572937012,"Unknown"
"5020554",378676,2026-04-12 19:04:21,28.7693405151367,-17.7333221435547,"Unknown"
"5020554",378676,2026-04-12 19:05:19,28.7693843841553,-17.7334156036377,"Unknown"
"5020554",378676,2026-04-12 19:06:19,28.7693920135498,-17.7334976196289,"Unknown"
"5020554",378676,2026-04-12 19:07:19,28.769458770752,-17.7335720062256,"Unknown"
"5020554",378676,2026-04-12 19:08:19,28.7695236206055,-17.73366355896,"Unknown"
"5020554",378676,2026-04-12 19:09:19,28.7695636749268,-17.7337665557861,"Unknown"
"5020554",378676,2026-04-12 19:10:19,28.7695713043213,-17.7338752746582,"Unknown"
"5020554",378676,2026-04-12 19:11:19,28.7696189880371,-17.7339553833008,"Unknown"
"5020554",378676,2026-04-12 19:12:19,28.7696113586426,-17.7340602874756,"Unknown"
"5020554",378676,2026-04-12 19:13:18,28.769588470459,-17.7341327667236,"Unknown"
"5020554",378676,2026-04-12 19:14:19,28.7695865631104,-17.7342109680176,"Unknown"
"5020554",378676,2026-04-12 19:15:19,28.7695655822754,-17.7342872619629,"Unknown"
"5020554",378676,2026-04-12 19:16:18,28.7695293426514,-17.7343482971191,"Unknown"
"5020554",378676,2026-04-12 19:17:19,28.7695064544678,-17.7344074249268,"Unknown"
"5020554",378676,2026-04-12 19:18:19,28.7694988250732,-17.7344512939453,"Unknown"
"5020554",378676,2026-04-12 19:19:19,28.7695178985596,-17.734561920166,"Unknown"
"5020554",378676,2026-04-12 19:20:19,28.7695159912109,-17.7346172332764,"Unknown"
"5020554",378676,2026-04-12 19:21:19,28.7695045471191,-17.7346839904785,"Unknown"
"5020554",378676,2026-04-12 19:22:19,28.7695541381836,-17.7347526550293,"Unknown"
"5020554",378676,2026-04-12 19:23:18,28.7695617675781,-17.7348327636719,"Unknown"
"5020554",378676,2026-04-12 19:24:19,28.7695655822754,-17.73486328125,"Unknown"
"5020554",378676,2026-04-12 19:25:19,28.7696094512939,-17.7349090576172,"Unknown"
"5020554",378676,2026-04-12 19:26:19,28.7696418762207,-17.7349948883057,"Unknown"
"5020554",378676,2026-04-12 19:27:19,28.7696666717529,-17.7350406646729,"Unknown"
"5020554",378676,2026-04-12 19:28:19,28.7696876525879,-17.7351169586182,"Unknown"
"5020554",378676,2026-04-12 19:29:19,28.7697353363037,-17.7351741790771,"Unknown"
"5020554",378676,2026-04-12 19:30:19,28.7697410583496,-17.7352294921875,"Unknown"
"5020554",378676,2026-04-12 19:31:19,28.769718170166,-17.735237121582,"Unknown"
"5020554",378676,2026-04-12 19:32:19,28.76975440979,-17.7352466583252,"Unknown"
"5020554",378676,2026-04-12 19:33:19,28.7697067260742,-17.7352542877197,"Unknown"
"5020554",378676,2026-04-12 19:34:20,28.7697162628174,-17.7353076934814,"Unknown"
"5020554",378676,2026-04-12 19:35:19,28.7696971893311,-17.7353572845459,"Unknown"
"5020554",378676,2026-04-12 19:36:19,28.7696685791016,-17.7354221343994,"Unknown"
"5020554",378676,2026-04-12 19:37:19,28.7697086334229,-17.7354736328125,"Unknown"
"5020554",378676,2026-04-12 19:38:19,28.769718170166,-17.7355365753174,"Unknown"
"5020554",378676,2026-04-12 19:39:19,28.7697410583496,-17.7356224060059,"Unknown"
"5020554",378676,2026-04-12 19:40:18,28.7697696685791,-17.7356910705566,"Unknown"
"5020554",378676,2026-04-12 19:41:19,28.76979637146,-17.7357196807861,"Unknown"
"5020554",378676,2026-04-12 19:42:19,28.7698078155518,-17.7357559204102,"Unknown"
"5020554",378676,2026-04-12 19:43:19,28.7698402404785,-17.7357959747314,"Unknown"
"5020554",378676,2026-04-12 19:44:19,28.7698612213135,-17.7358551025391,"Unknown"
"5020554",378676,2026-04-12 19:45:19,28.7698459625244,-17.7358913421631,"Unknown"
"5020554",378676,2026-04-12 19:46:19,28.769832611084,-17.7359218597412,"Unknown"
"5020554",378676,2026-04-12 19:47:19,28.7697830200195,-17.7359466552734,"Unknown"
"5020554",378676,2026-04-12 19:48:19,28.7697696685791,-17.7360229492188,"Unknown"
"5020554",378676,2026-04-12 19:49:22,28.7697219848633,-17.7360725402832,"Unknown"
"5020554",378676,2026-04-12 19:50:19,28.769718170166,-17.7361602783203,"Unknown"
"5020554",378676,2026-04-12 19:51:19,28.7697105407715,-17.7361927032471,"Unknown"
"5020554",378676,2026-04-12 19:52:19,28.7697792053223,-17.7362899780273,"Unknown"
"5020554",378676,2026-04-12 19:53:19,28.769739151001,-17.7363719940186,"Unknown"
"5020554",378676,2026-04-12 19:54:19,28.769739151001,-17.7364883422852,"Unknown"
"5020554",378676,2026-04-12 19:55:19,28.7697219848633,-17.7366218566895,"Unknown"
"5020554",378676,2026-04-12 19:56:21,28.7696475982666,-17.7366676330566,"Unknown"
"5020554",378676,2026-04-12 19:57:19,28.7696437835693,-17.7367248535156,"Unknown"
"5020554",378676,2026-04-12 19:58:19,28.7696056365967,-17.7367744445801,"Unknown"
"5020554",378676,2026-04-12 19:59:19,28.7695789337158,-17.7367820739746,"Unknown"
"5020554",378676,2026-04-12 20:00:51,28.7695541381836,-17.73681640625,"Unknown"
"5020554",378676,2026-04-12 20:01:18,28.7695598602295,-17.7368488311768,"Unknown"
"5020554",378676,2026-04-12 20:02:18,28.7695770263672,-17.7368869781494,"Unknown"
"5020554",378676,2026-04-12 20:03:18,28.7695465087891,-17.7369384765625,"Unknown"
"5020554",378676,2026-04-12 20:04:18,28.7695369720459,-17.7370300292969,"Unknown"
"5020554",378676,2026-04-12 20:05:18,28.7695026397705,-17.7371044158936,"Unknown"
"5020554",378676,2026-04-12 20:06:19,28.7695083618164,-17.7372035980225,"Unknown"
"5020554",378676,2026-04-12 20:07:18,28.7694835662842,-17.7372932434082,"Unknown"
"5020554",378676,2026-04-12 20:08:18,28.7694625854492,-17.7373523712158,"Unknown"
"5020554",378676,2026-04-12 20:09:18,28.7694549560547,-17.7373867034912,"Unknown"
"5020554",378676,2026-04-12 20:10:19,28.7694568634033,-17.7374229431152,"Unknown"
"5020554",378676,2026-04-12 20:11:18,28.7693920135498,-17.7374572753906,"Unknown"
"5020554",378676,2026-04-12 20:12:18,28.7693977355957,-17.7374496459961,"Unknown"
"5020554",378676,2026-04-12 20:13:19,28.7693691253662,-17.7374134063721,"Unknown"
"5020554",378676,2026-04-12 20:14:19,28.7693576812744,-17.7374286651611,"Unknown"
"5020554",378676,2026-04-12 20:15:19,28.7693462371826,-17.7374000549316,"Unknown"
"5020554",378676,2026-04-12 20:16:19,28.7693576812744,-17.7374000549316,"Unknown"
"5020554",378676,2026-04-12 20:17:19,28.769323348999,-17.7373676300049,"Unknown"
"5020554",378676,2026-04-12 20:18:19,28.7693195343018,-17.737377166748,"Unknown"
"5020554",378676,2026-04-12 20:19:18,28.7693061828613,-17.737377166748,"Unknown"
"5020554",378676,2026-04-12 20:20:18,28.7693195343018,-17.7373714447021,"Unknown"
"5020554",378676,2026-04-12 20:21:19,28.7693500518799,-17.7373275756836,"Unknown"
"5020554",378676,2026-04-12 20:22:19,28.7718353271484,-17.7385845184326,"Unknown"
"5020554",378676,2026-04-12 20:23:18,28.774341583252,-17.7390079498291,"Unknown"
"5020554",378676,2026-04-12 20:24:19,28.7754440307617,-17.7400016784668,"Unknown"
"5020554",378676,2026-04-12 20:25:19,28.7754688262939,-17.7400131225586,"Unknown"
"5020554",378676,2026-04-12 20:26:19,28.7754688262939,-17.7400074005127,"Unknown"
"5020554",378676,2026-04-12 20:27:19,28.775463104248,-17.7399806976318,"Unknown"
"5020554",378676,2026-04-12 20:28:19,28.7754516601562,-17.7399597167969,"Unknown"
"5020554",378676,2026-04-12 20:29:19,28.7754573822021,-17.7399425506592,"Unknown"
"5020554",378676,2026-04-12 20:30:19,28.7754592895508,-17.7399520874023,"Unknown"
"5020554",378676,2026-04-12 20:31:19,28.7754440307617,-17.7399158477783,"Unknown"
"5020554",378676,2026-04-12 20:32:19,28.7756271362305,-17.7401027679443,"Unknown"
"5020554",378676,2026-04-12 20:33:19,28.7804794311523,-17.7415332794189,"Unknown"
"5020554",378676,2026-04-12 20:34:20,28.7834339141846,-17.7459278106689,"Unknown"
"5020554",378676,2026-04-12 20:35:19,28.7881813049316,-17.7490730285645,"Unknown"
"5020554",378676,2026-04-12 20:36:20,28.7896118164062,-17.7492122650146,"Unknown"
"5020554",378676,2026-04-12 20:37:19,28.7896595001221,-17.751335144043,"Unknown"
"5020554",378676,2026-04-12 20:38:19,28.7909698486328,-17.759349822998,"Unknown"
"5020554",378676,2026-04-12 20:39:20,28.7960777282715,-17.7630138397217,"Unknown"
"5020554",378676,2026-04-12 20:40:19,28.7973442077637,-17.7686519622803,"Unknown"
"5020554",378676,2026-04-12 20:41:19,28.7990169525146,-17.7710075378418,"Unknown"
"5020554",378676,2026-04-12 20:42:19,28.7991809844971,-17.7750949859619,"Unknown"
"5020554",378676,2026-04-12 20:43:19,28.7997817993164,-17.7775249481201,"Unknown"
"5020554",378676,2026-04-12 20:44:19,28.7982292175293,-17.7805442810059,"Unknown"
"5020554",378676,2026-04-12 20:45:19,28.7952060699463,-17.7881183624268,"Unknown"
"5020554",378676,2026-04-12 20:46:19,28.7925243377686,-17.7950115203857,"Unknown"
"5020554",378676,2026-04-12 20:47:19,28.7903690338135,-17.8009395599365,"Unknown"
"5020554",378676,2026-04-12 20:48:19,28.7884979248047,-17.8062305450439,"Unknown"
"5020554",378676,2026-04-12 20:49:19,28.7832279205322,-17.8074779510498,"Unknown"
"5020554",378676,2026-04-12 20:50:20,28.7823753356934,-17.8084487915039,"Unknown"
"5020554",378676,2026-04-12 20:51:20,28.7801742553711,-17.8117141723633,"Unknown"
"5020554",378676,2026-04-12 20:52:19,28.7802257537842,-17.8101139068604,"Unknown"
"5020554",378676,2026-04-12 20:53:19,28.7804203033447,-17.8107089996338,"Unknown"
"5020554",378676,2026-04-12 20:54:19,28.7806987762451,-17.8109111785889,"Unknown"
"5020554",378676,2026-04-12 20:55:21,28.7802772521973,-17.8114681243896,"Unknown"
"5020554",378676,2026-04-12 20:56:35,28.7800235748291,-17.8110790252686,"Unknown"
"5020554",378676,2026-04-12 20:57:22,28.7801990509033,-17.8110809326172,"Unknown"
"5020554",378676,2026-04-12 20:58:43,28.7800369262695,-17.8110256195068,"Unknown"
"5020554",378676,2026-04-12 20:59:34,28.7801704406738,-17.8111248016357,"Unknown"
"5020554",378676,2026-04-12 21:00:30,28.7799949645996,-17.8111038208008,"Unknown"
"5020554",378676,2026-04-12 21:01:24,28.7802124023438,-17.8111915588379,"Unknown"
"5020554",378676,2026-04-12 21:02:23,28.7801685333252,-17.8110599517822,"Unknown"
"5020554",378676,2026-04-12 21:03:24,28.780122756958,-17.8111095428467,"Unknown"
"5020554",378676,2026-04-12 21:04:27,28.7802467346191,-17.8110637664795,"Unknown"
"5020554",378676,2026-04-12 21:05:27,28.7801036834717,-17.8111228942871,"Unknown"
"5020554",378676,2026-04-12 21:06:25,28.780065536499,-17.8111324310303,"Unknown"
"5020554",378676,2026-04-12 21:07:38,28.7801170349121,-17.8111782073975,"Unknown"
"5020554",378676,2026-04-12 21:08:23,28.780065536499,-17.811092376709,"Unknown"
"5020554",378676,2026-04-12 21:09:29,28.7801361083984,-17.8110065460205,"Unknown"
"5020554",378676,2026-04-12 21:10:50,28.7804164886475,-17.8111019134521,"Unknown"
"5020554",378676,2026-04-12 21:11:22,28.7803745269775,-17.8110065460205,"Unknown"
"5020554",378676,2026-04-12 21:12:22,28.7803440093994,-17.8110504150391,"Unknown"
"5020554",378676,2026-04-12 21:13:30,28.780179977417,-17.8111305236816,"Unknown"
"5020554",378676,2026-04-12 21:14:24,28.7802906036377,-17.8110408782959,"Unknown"
"5020554",378676,2026-04-12 21:15:27,28.7802257537842,-17.8110752105713,"Unknown"
"5020554",378676,2026-04-12 21:16:21,28.7802619934082,-17.8111934661865,"Unknown"
"5020554",378676,2026-04-12 21:17:28,28.780309677124,-17.8111095428467,"Unknown"
"5020554",378676,2026-04-12 21:18:28,28.7804183959961,-17.811149597168,"Unknown"
"5020554",378676,2026-04-12 21:20:44,28.785982131958,-17.8091163635254,"Unknown"
"5020554",378676,2026-04-12 21:21:32,28.7802562713623,-17.8111019134521,"Unknown"
"5020554",378676,2026-04-12 21:21:54,28.7801342010498,-17.8111019134521,"Unknown"
"5020554",378676,2026-04-12 21:22:55,28.7801933288574,-17.8110694885254,"Unknown"
"5020554",378676,2026-04-12 21:24:06,28.7801551818848,-17.8111267089844,"Unknown"
"5020554",378676,2026-04-12 21:24:52,28.780387878418,-17.8112030029297,"Unknown"
"5020554",378676,2026-04-12 21:27:13,28.780179977417,-17.8111248016357,"Unknown"
"5020554",378676,2026-04-12 21:28:05,28.7801666259766,-17.8111515045166,"Unknown"
"5020554",378676,2026-04-12 21:39:25,28.7802276611328,-17.8111782073975,"Unknown"
"5020554",378676,2026-04-12 21:48:19,28.780086517334,-17.8110942840576,"Unknown"
"5020554",378676,2026-04-12 21:58:38,28.7802429199219,-17.8110446929932,"Unknown"
"5020554",378676,2026-04-12 22:08:33,28.7802085876465,-17.8110198974609,"Unknown"
"5020554",378676,2026-04-12 22:18:06,28.7800598144531,-17.8113117218018,"Unknown"
"5020554",378676,2026-04-12 22:28:29,28.7801208496094,-17.8112144470215,"Unknown"
"5020554",378676,2026-04-12 22:39:25,28.7804660797119,-17.8111209869385,"Unknown"
"5020554",378676,2026-04-12 22:49:25,28.7798519134521,-17.8112487792969,"Unknown"
"5020554",378676,2026-04-12 22:59:25,28.7801818847656,-17.8112487792969,"Unknown"
"5020554",378676,2026-04-12 23:19:25,28.7801113128662,-17.8111953735352,"Unknown"
"5020554",378676,2026-04-12 23:49:25,28.7802333831787,-17.8110752105713,"Unknown"
"5020554",378676,2026-04-12 23:59:25,28.7800350189209,-17.8114204406738,"Unknown"
"5020554",378676,2026-04-13 00:19:25,28.7801322937012,-17.8112697601318,"Unknown"
"5020554",378676,2026-04-13 01:09:25,28.7785053253174,-17.8134498596191,"Unknown"
"5020554",378676,2026-04-13 01:19:25,28.7800750732422,-17.8112564086914,"Unknown"
"5020554",378676,2026-04-13 01:28:10,28.7801074981689,-17.8111381530762,"Unknown"
"5020554",378676,2026-04-13 02:39:25,28.7800922393799,-17.8112449645996,"Unknown"
"5020554",378676,2026-04-13 12:18:32,26.7203254699707,-16.6808624267578,"Unknown"
"5020554",378676,2026-04-13 12:19:00,26.7214260101318,-16.6821899414062,"Unknown"
"5020554",378676,2026-04-13 12:29:00,26.721435546875,-16.6927089691162,"Unknown"
"5020554",378676,2026-04-13 12:39:00,26.7210540771484,-16.6939239501953,"Unknown"
"5020554",378676,2026-04-13 12:49:00,26.7204780578613,-16.6949577331543,"Unknown"
"5020554",378676,2026-04-13 12:59:00,26.7195796966553,-16.6959037780762,"Unknown"
"5020554",378676,2026-04-13 13:09:02,26.718656539917,-16.6968307495117,"Unknown"
"5020554",378676,2026-04-13 13:19:00,26.7167129516602,-16.6981182098389,"Unknown"
"5020554",378676,2026-04-13 13:29:03,26.6682415008545,-16.6839637756348,"Unknown"
"5020554",378676,2026-04-13 13:39:03,26.6622848510742,-16.6833992004395,"Unknown"
"5020554",378676,2026-04-13 13:49:02,26.6598720550537,-16.6846542358398,"Unknown"
"5020554",378676,2026-04-13 13:59:33,26.6545486450195,-16.6896705627441,"Unknown"
"5020554",378676,2026-04-13 14:09:00,26.6574363708496,-16.6923027038574,"Unknown"
"5020554",378676,2026-04-13 14:19:00,26.6570358276367,-16.694299697876,"Unknown"
"5020554",378676,2026-04-13 14:29:00,26.6567516326904,-16.696870803833,"Unknown"
"5020554",378676,2026-04-13 14:39:01,26.6547756195068,-16.6993732452393,"Unknown"
"5020554",378676,2026-04-13 14:49:01,26.6596240997314,-16.699764251709,"Unknown"
"5020554",378676,2026-04-13 14:59:01,26.6462593078613,-16.6928100585938,"Unknown"
"5020554",378676,2026-04-13 15:09:02,26.5887145996094,-16.6599063873291,"Unknown"
"5020554",378676,2026-04-13 15:19:00,26.5731201171875,-16.6769962310791,"Unknown"
"5020554",378676,2026-04-13 15:29:01,26.5810356140137,-16.6874198913574,"Unknown"
"5020554",378676,2026-04-13 15:34:01,26.5800876617432,-16.6893615722656,"Unknown"
"5020554",378676,2026-04-13 15:44:00,26.578161239624,-16.6938762664795,"Unknown"
"5020554",378676,2026-04-13 15:54:04,26.5584735870361,-16.7130870819092,"Unknown"
"5020554",378676,2026-04-13 16:00:25,26.558744430542,-16.7095470428467,"Unknown"
"5020554",378676,2026-04-13 16:05:25,26.5590705871582,-16.7061710357666,"Unknown"
"5020554",378676,2026-04-13 16:09:33,26.5591926574707,-16.7050666809082,"Unknown"
"5020554",378676,2026-04-13 16:14:00,26.5603580474854,-16.7047958374023,"Unknown"
"5020554",378676,2026-04-13 16:19:01,26.5597896575928,-16.7038822174072,"Unknown"
"5020554",378676,2026-04-13 16:24:01,26.5596961975098,-16.7034912109375,"Unknown"
"5020554",378676,2026-04-13 16:29:00,26.558235168457,-16.705846786499,"Unknown"
"5020554",378676,2026-04-13 16:34:00,26.558687210083,-16.7072944641113,"Unknown"
"5020554",378676,2026-04-13 16:39:00,26.5562858581543,-16.7093391418457,"Unknown"
"5020554",378676,2026-04-13 16:44:00,26.5606117248535,-16.7109241485596,"Unknown"
"5020554",378676,2026-04-13 16:49:00,26.5641040802002,-16.7091693878174,"Unknown"
"5020554",378676,2026-04-13 16:54:00,26.5649337768555,-16.7079105377197,"Unknown"
"5020554",378676,2026-04-13 16:59:00,26.5656929016113,-16.7068004608154,"Unknown"
"5020554",378676,2026-04-13 17:04:02,26.5662441253662,-16.7069778442383,"Unknown"
"5020554",378676,2026-04-13 17:09:00,26.5656623840332,-16.7054119110107,"Unknown"
"5020554",378676,2026-04-13 17:14:00,26.5627822875977,-16.7013568878174,"Unknown"
"5020554",378676,2026-04-13 17:19:01,26.5617046356201,-16.6997547149658,"Unknown"
"5020554",378676,2026-04-13 17:24:00,26.5620040893555,-16.7002506256104,"Unknown"
"5020554",378676,2026-04-13 17:29:00,26.5601482391357,-16.6974391937256,"Unknown"
"5020554",378676,2026-04-13 17:37:59,26.5575370788574,-16.6987724304199,"Unknown"
"5020554",378676,2026-04-13 17:43:01,26.5551605224609,-16.6965141296387,"Unknown"
"5020554",378676,2026-04-13 17:48:00,26.5545768737793,-16.6950778961182,"Unknown"
"5020554",378676,2026-04-13 17:53:00,26.553524017334,-16.6927738189697,"Unknown"
"5020554",378676,2026-04-13 17:58:02,26.551176071167,-16.6902160644531,"Unknown"
"5020554",378676,2026-04-13 18:02:59,26.5471496582031,-16.687707901001,"Unknown"
"5020554",378676,2026-04-13 18:08:02,26.5462188720703,-16.6850662231445,"Unknown"
"5020554",378676,2026-04-13 18:13:04,26.5429592132568,-16.6818943023682,"Unknown"
"5020554",378676,2026-04-13 18:18:02,26.5397567749023,-16.6796817779541,"Unknown"
"5020554",378676,2026-04-13 18:23:01,26.5389251708984,-16.674861907959,"Unknown"
"5020554",378676,2026-04-13 18:28:05,26.5365505218506,-16.6802539825439,"Unknown"
"5020554",378676,2026-04-13 18:33:02,26.5349254608154,-16.6854209899902,"Unknown"
"5020554",378676,2026-04-13 18:37:59,26.531213760376,-16.6839904785156,"Unknown"
"5020554",378676,2026-04-13 18:43:09,26.5282135009766,-16.6873092651367,"Unknown"
"5020554",378676,2026-04-13 18:48:47,26.5245342254639,-16.6865310668945,"Unknown"
"5020554",378676,2026-04-13 18:52:58,26.5238208770752,-16.6872711181641,"Unknown"
"5020554",378676,2026-04-13 18:57:58,26.5212879180908,-16.6904678344727,"Unknown"
"5020554",378676,2026-04-13 19:02:58,26.5182666778564,-16.695592880249,"Unknown"
"5020554",378676,2026-04-13 19:07:58,26.5189151763916,-16.6976432800293,"Unknown"
"5020554",378676,2026-04-13 19:12:58,26.5188751220703,-16.6988506317139,"Unknown"
"5020554",378676,2026-04-13 19:17:59,26.5180702209473,-16.6945152282715,"Unknown"
"5020554",378676,2026-04-13 19:22:58,26.5194053649902,-16.6937351226807,"Unknown"
"5020554",378676,2026-04-13 19:28:00,26.5183086395264,-16.6937866210938,"Unknown"
"5020554",378676,2026-04-13 19:33:02,26.5182018280029,-16.6941413879395,"Unknown"
"5020554",378676,2026-04-13 19:38:00,26.514045715332,-16.6954765319824,"Unknown"
"5020554",378676,2026-04-13 19:43:01,26.5134315490723,-16.6955604553223,"Unknown"
"5020554",378676,2026-04-13 19:48:00,26.513391494751,-16.6965217590332,"Unknown"
"5020554",378676,2026-04-13 19:53:02,26.5133075714111,-16.6973552703857,"Unknown"
"5020554",378676,2026-04-13 19:58:02,26.5131034851074,-16.6979808807373,"Unknown"
"5020554",378676,2026-04-13 20:03:04,26.5129737854004,-16.6986427307129,"Unknown"
"5020554",378676,2026-04-13 20:08:01,26.5128078460693,-16.6991806030273,"Unknown"
"5020554",378676,2026-04-13 20:13:02,26.5126342773438,-16.6996822357178,"Unknown"
"5020554",378676,2026-04-13 20:18:02,26.5124053955078,-16.7002792358398,"Unknown"
"5020554",378676,2026-04-13 20:23:01,26.5121917724609,-16.7008628845215,"Unknown"
"5020554",378676,2026-04-13 20:28:02,26.5119647979736,-16.7015056610107,"Unknown"
"5020554",378676,2026-04-13 20:33:02,26.5118236541748,-16.7021522521973,"Unknown"
"5020554",378676,2026-04-13 20:38:05,26.5117664337158,-16.702917098999,"Unknown"
"5020554",378676,2026-04-13 20:43:04,26.5118064880371,-16.703706741333,"Unknown"
"5020554",378676,2026-04-13 20:48:27,26.5117225646973,-16.704626083374,"Unknown"
"5020554",378676,2026-04-13 20:53:02,26.5116519927979,-16.705451965332,"Unknown"
"5020554",378676,2026-04-13 20:58:00,26.5117073059082,-16.7065563201904,"Unknown"
"5020554",378676,2026-04-13 21:03:33,26.5116748809814,-16.707706451416,"Unknown"
"5020554",378676,2026-04-13 21:07:58,26.5115776062012,-16.708517074585,"Unknown"
"5020554",378676,2026-04-13 21:12:58,26.5114650726318,-16.7094268798828,"Unknown"
"5020554",378676,2026-04-13 21:17:59,26.5113735198975,-16.7104473114014,"Unknown"
"5020554",378676,2026-04-13 21:22:58,26.5112400054932,-16.7113819122314,"Unknown"
"5020554",378676,2026-04-13 21:27:58,26.5110378265381,-16.7124214172363,"Unknown"
"5020554",378676,2026-04-13 21:38:00,26.5106506347656,-16.7145328521729,"Unknown"
"5020554",378676,2026-04-13 21:42:59,26.5105724334717,-16.7154941558838,"Unknown"
"5020554",378676,2026-04-13 21:48:00,26.5105743408203,-16.7164611816406,"Unknown"
"5020554",378676,2026-04-13 21:53:00,26.5104789733887,-16.7175254821777,"Unknown"
"5020554",378676,2026-04-13 21:58:00,26.5103855133057,-16.7185020446777,"Unknown"
"5020554",378676,2026-04-13 22:03:00,26.5103988647461,-16.7194423675537,"Unknown"
"5020554",378676,2026-04-13 22:07:59,26.5103130340576,-16.7205085754395,"Unknown"
"5020554",378676,2026-04-13 22:13:01,26.5102634429932,-16.7215614318848,"Unknown"
"5020554",378676,2026-04-13 22:18:00,26.5101547241211,-16.7225723266602,"Unknown"
"5020554",378676,2026-04-13 22:23:00,26.5100440979004,-16.723705291748,"Unknown"
"5020554",378676,2026-04-13 22:28:00,26.5100421905518,-16.7247867584229,"Unknown"
"5020554",378676,2026-04-13 22:33:00,26.5100612640381,-16.7256946563721,"Unknown"
"5020554",378676,2026-04-13 22:38:00,26.510066986084,-16.7265281677246,"Unknown"
"5020554",378676,2026-04-13 22:43:00,26.5099220275879,-16.7273578643799,"Unknown"
"5020554",378676,2026-04-13 22:48:00,26.5098781585693,-16.7281589508057,"Unknown"
"5020554",378676,2026-04-13 22:53:00,26.5097827911377,-16.7288551330566,"Unknown"
"5020554",378676,2026-04-13 22:58:01,26.5096015930176,-16.7296161651611,"Unknown"
"5020554",378676,2026-04-13 23:03:01,26.5089244842529,-16.7300605773926,"Unknown"
"5020554",378676,2026-04-13 23:08:00,26.5087394714355,-16.7310523986816,"Unknown"
"5020554",378676,2026-04-13 23:13:00,26.5085296630859,-16.7320175170898,"Unknown"
"5020554",378676,2026-04-13 23:18:00,26.5083408355713,-16.7328834533691,"Unknown"
"5020554",378676,2026-04-13 23:23:03,26.5081825256348,-16.7336902618408,"Unknown"
"5020554",378676,2026-04-13 23:28:00,26.5080299377441,-16.7346668243408,"Unknown"
"5020554",378676,2026-04-13 23:33:03,26.5079307556152,-16.7357425689697,"Unknown"
"5020554",378676,2026-04-13 23:38:00,26.5078125,-16.7371959686279,"Unknown"
"5020554",378676,2026-04-13 23:43:00,26.5077114105225,-16.7383518218994,"Unknown"
"5020554",378676,2026-04-13 23:48:00,26.5077571868896,-16.7395095825195,"Unknown"
"5020554",378676,2026-04-13 23:53:00,26.507682800293,-16.7406520843506,"Unknown"
"5020554",378676,2026-04-13 23:58:02,26.5076694488525,-16.7418575286865,"Unknown"
"5020554",378676,2026-04-14 00:03:32,26.5077438354492,-16.7433853149414,"Unknown"
"5020554",378676,2026-04-14 00:08:02,26.5079460144043,-16.7447910308838,"Unknown"
"5020554",378676,2026-04-14 00:13:00,26.5081253051758,-16.7462024688721,"Unknown"
"5020554",378676,2026-04-14 00:18:00,26.5082550048828,-16.7477073669434,"Unknown"
"5020554",378676,2026-04-14 00:23:02,26.5082569122314,-16.7491035461426,"Unknown"
"5020554",378676,2026-04-14 00:28:00,26.508207321167,-16.7504558563232,"Unknown"
"5020554",378676,2026-04-14 00:33:00,26.5082340240479,-16.751932144165,"Unknown"
"5020554",378676,2026-04-14 00:38:00,26.5082702636719,-16.7533054351807,"Unknown"
"5020554",378676,2026-04-14 00:43:00,26.5082035064697,-16.7546501159668,"Unknown"
"5020554",378676,2026-04-14 00:48:00,26.5083351135254,-16.7561702728271,"Unknown"
"5020554",378676,2026-04-14 00:53:00,26.5084800720215,-16.7577629089355,"Unknown"
"5020554",378676,2026-04-14 00:58:00,26.5085430145264,-16.7592620849609,"Unknown"
"5020554",378676,2026-04-14 01:03:03,26.5085945129395,-16.7606811523438,"Unknown"
"5020554",378676,2026-04-14 01:08:00,26.5086097717285,-16.7620964050293,"Unknown"
"5020554",378676,2026-04-14 01:13:02,26.5084285736084,-16.7634620666504,"Unknown"
"5020554",378676,2026-04-14 01:18:00,26.508337020874,-16.7648487091064,"Unknown"
"5020554",378676,2026-04-14 01:23:03,26.5082492828369,-16.7662029266357,"Unknown"
"5020554",378676,2026-04-14 01:28:02,26.5080947875977,-16.7676620483398,"Unknown"
"5020554",378676,2026-04-14 01:38:02,26.5079765319824,-16.7704582214355,"Unknown"
"5020554",378676,2026-04-14 01:48:02,26.5079746246338,-16.7730484008789,"Unknown"
"5020554",378676,2026-04-14 01:58:02,26.507682800293,-16.7755069732666,"Unknown"
"5020554",378676,2026-04-14 02:08:02,26.5070552825928,-16.7777290344238,"Unknown"
"5020554",378676,2026-04-14 02:18:01,26.5061435699463,-16.7801971435547,"Unknown"
"5020554",378676,2026-04-14 02:28:02,26.5004997253418,-16.7787780761719,"Unknown"
"5020554",378676,2026-04-14 02:38:33,26.4993629455566,-16.7806797027588,"Unknown"
"5020554",378676,2026-04-14 02:48:00,26.4984741210938,-16.7826385498047,"Unknown"
"5020554",378676,2026-04-14 02:58:00,26.4975700378418,-16.7846755981445,"Unknown"
"5020554",378676,2026-04-14 03:07:59,26.4968128204346,-16.7867851257324,"Unknown"
"5020554",378676,2026-04-14 03:17:59,26.4961242675781,-16.7889995574951,"Unknown"
"5020554",378676,2026-04-14 03:27:59,26.4955444335938,-16.7912311553955,"Unknown"
"5020554",378676,2026-04-14 03:38:00,26.4845962524414,-16.7925262451172,"Unknown"
"5020554",378676,2026-04-14 03:48:00,26.4836807250977,-16.7951488494873,"Unknown"
"5020554",378676,2026-04-14 03:58:00,26.4829788208008,-16.7978324890137,"Unknown"
"5020554",378676,2026-04-14 04:08:00,26.4814872741699,-16.8000812530518,"Unknown"
"5020554",378676,2026-04-14 04:17:59,26.4804706573486,-16.8028011322021,"Unknown"
"5020554",378676,2026-04-14 04:28:00,26.4794692993164,-16.8054962158203,"Unknown"
"5020554",378676,2026-04-14 04:37:59,26.4786605834961,-16.8081493377686,"Unknown"
"5020554",378676,2026-04-14 04:48:00,26.4743480682373,-16.8092594146729,"Unknown"
"5020554",378676,2026-04-14 04:58:00,26.4738731384277,-16.8115291595459,"Unknown"
"5020554",378676,2026-04-14 05:08:02,26.4735679626465,-16.8137645721436,"Unknown"
"5020554",378676,2026-04-14 05:18:33,26.4727325439453,-16.8150615692139,"Unknown"
"5020554",378676,2026-04-14 05:27:59,26.4717197418213,-16.8162651062012,"Unknown"
"5020554",378676,2026-04-14 05:37:59,26.4703273773193,-16.8157958984375,"Unknown"
"5020554",378676,2026-04-14 05:48:00,26.4690322875977,-16.8170604705811,"Unknown"
"5020554",378676,2026-04-14 05:58:00,26.4410095214844,-16.7852687835693,"Unknown"
"5020554",378676,2026-04-14 06:07:59,26.4203586578369,-16.7648887634277,"Unknown"
"5020554",378676,2026-04-14 06:18:00,26.3924083709717,-16.7401599884033,"Unknown"
"5020554",378676,2026-04-14 06:28:00,26.3399143218994,-16.7045154571533,"Unknown"
"5020554",378676,2026-04-14 06:38:02,26.291711807251,-16.6635875701904,"Unknown"
"5020554",378676,2026-04-14 06:48:02,26.2462959289551,-16.6281433105469,"Unknown"
"5020554",378676,2026-04-14 06:58:01,26.1864376068115,-16.6008243560791,"Unknown"
"5020554",378676,2026-04-14 07:08:02,26.1260185241699,-16.5696392059326,"Unknown"
"5020554",378676,2026-04-14 07:19:25,26.1404304504395,-16.6236591339111,"Unknown"
"5020554",378676,2026-04-14 07:29:25,26.1778354644775,-16.6844253540039,"Unknown"
"5020554",378676,2026-04-14 07:39:25,26.2141952514648,-16.7400455474854,"Unknown"
"5020554",378676,2026-04-14 07:49:25,26.2570610046387,-16.7836608886719,"Unknown"
"5020554",378676,2026-04-14 07:58:04,26.2900447845459,-16.8136386871338,"Unknown"
"5020554",378676,2026-04-14 08:38:32,26.4478702545166,-16.9978275299072,"Unknown"
"5020554",378676,2026-04-14 08:48:01,26.4503707885742,-17.0256156921387,"Unknown"
"5020554",378676,2026-04-14 08:58:02,26.4733867645264,-17.0600070953369,"Unknown"
"5020554",378676,2026-04-14 09:08:01,26.4892158508301,-17.1183910369873,"Unknown"
"5020554",378676,2026-04-14 09:18:01,26.4704627990723,-17.1835079193115,"Unknown"
"5020554",378676,2026-04-14 09:28:01,26.439624786377,-17.1540412902832,"Unknown"
"5020554",378676,2026-04-14 09:38:01,26.3783378601074,-17.102352142334,"Unknown"
"5020554",378676,2026-04-14 09:48:03,26.3292579650879,-17.0490112304688,"Unknown"
"5020554",378676,2026-04-14 09:58:01,26.2801074981689,-16.996618270874,"Unknown"
"5020554",378676,2026-04-14 10:08:06,26.2274799346924,-16.9486408233643,"Unknown"
"5020554",378676,2026-04-14 10:18:03,26.2246742248535,-16.9267234802246,"Unknown"
"5020554",378676,2026-04-14 10:28:02,26.2222652435303,-16.9179763793945,"Unknown"
"5020554",378676,2026-04-14 10:38:03,26.2201900482178,-16.910400390625,"Unknown"
"5020554",378676,2026-04-14 10:48:00,26.2216682434082,-16.9026927947998,"Unknown"
"5020554",378676,2026-04-14 10:58:03,26.2210273742676,-16.9033679962158,"Unknown"
"5020554",378676,2026-04-14 11:08:06,26.2209186553955,-16.8866539001465,"Unknown"
"5020554",378676,2026-04-14 11:18:05,26.2203845977783,-16.8772220611572,"Unknown"
"5020554",378676,2026-04-14 11:28:03,26.2192554473877,-16.8785934448242,"Unknown"
"5020554",378676,2026-04-14 11:39:26,26.2123546600342,-16.878044128418,"Unknown"
"5020554",378676,2026-04-14 11:48:33,26.1998729705811,-16.8719272613525,"Unknown"
"5020554",378676,2026-04-14 11:58:01,26.1983127593994,-16.873420715332,"Unknown"
"5020554",378676,2026-04-14 12:08:01,26.1972599029541,-16.8751735687256,"Unknown"
"5020554",378676,2026-04-14 12:18:01,26.1961402893066,-16.8768424987793,"Unknown"
"5020554",378676,2026-04-14 12:28:01,26.1948623657227,-16.8786182403564,"Unknown"
"5020554",378676,2026-04-14 12:38:01,26.1932716369629,-16.8799266815186,"Unknown"
"5020554",378676,2026-04-14 12:48:03,26.1748371124268,-16.8545589447021,"Unknown"
"5020554",378676,2026-04-14 12:58:02,26.1319351196289,-16.8012886047363,"Unknown"
"5020554",378676,2026-04-14 13:08:03,26.0821132659912,-16.7436962127686,"Unknown"
"5020554",378676,2026-04-14 13:18:02,26.0208873748779,-16.6977195739746,"Unknown"
"5020554",378676,2026-04-14 13:23:03,25.9952125549316,-16.67067527771,"Unknown"
"5020554",378676,2026-04-14 13:28:03,25.9781837463379,-16.6684093475342,"Unknown"
"5020554",378676,2026-04-14 13:38:02,25.9823341369629,-16.6739101409912,"Unknown"
"5020554",378676,2026-04-14 13:42:59,25.9862003326416,-16.676441192627,"Unknown"
"5020554",378676,2026-04-14 13:48:01,25.988151550293,-16.6809692382812,"Unknown"
"5020554",378676,2026-04-14 13:53:06,25.9891567230225,-16.6853008270264,"Unknown"
"5020554",378676,2026-04-14 13:58:03,25.9896087646484,-16.6896076202393,"Unknown"
"5020554",378676,2026-04-14 14:03:32,25.989278793335,-16.6965351104736,"Unknown"
"5020554",378676,2026-04-14 14:07:59,25.9889373779297,-16.697359085083,"Unknown"
"5020554",378676,2026-04-14 14:13:00,25.9891681671143,-16.7113571166992,"Unknown"
"5020554",378676,2026-04-14 14:18:00,25.9890556335449,-16.7201747894287,"Unknown"
"5020554",378676,2026-04-14 14:23:00,25.9919738769531,-16.7258853912354,"Unknown"
"5020554",378676,2026-04-14 14:28:01,25.9912872314453,-16.7325325012207,"Unknown"
"5020554",378676,2026-04-14 14:33:02,25.9926605224609,-16.740104675293,"Unknown"
"5020554",378676,2026-04-14 14:38:00,25.9923267364502,-16.7469177246094,"Unknown"
"5020554",378676,2026-04-14 14:43:03,25.9964122772217,-16.7539405822754,"Unknown"
"5020554",378676,2026-04-14 14:48:03,25.9955520629883,-16.7628078460693,"Unknown"
"5020554",378676,2026-04-14 14:53:02,25.9957294464111,-16.7711067199707,"Unknown"
"5020554",378676,2026-04-14 14:59:03,25.9962158203125,-16.7789287567139,"Unknown"
"5020554",378676,2026-04-14 15:03:02,25.9987983703613,-16.7791786193848,"Unknown"
"5020554",378676,2026-04-14 15:08:04,25.9693241119385,-16.768217086792,"Unknown"
"5020554",378676,2026-04-14 15:13:02,25.9366302490234,-16.7569561004639,"Unknown"
"5020554",378676,2026-04-14 15:18:00,25.9071063995361,-16.741096496582,"Unknown"
"5020554",378676,2026-04-14 15:23:02,25.8760662078857,-16.7258548736572,"Unknown"
"5020554",378676,2026-04-14 15:28:02,25.8452835083008,-16.7107181549072,"Unknown"
"5020554",378676,2026-04-14 15:33:02,25.8139991760254,-16.6916637420654,"Unknown"
"5020554",378676,2026-04-14 15:38:01,25.787425994873,-16.6791915893555,"Unknown"
"5020554",378676,2026-04-14 15:43:01,25.7669124603271,-16.6701641082764,"Unknown"
"5020554",378676,2026-04-14 15:48:01,25.7675247192383,-16.6677646636963,"Unknown"
"5020554",378676,2026-04-14 15:53:00,25.7673072814941,-16.6664180755615,"Unknown"
"5020554",378676,2026-04-14 15:58:02,25.7689342498779,-16.6654453277588,"Unknown"
"5020554",378676,2026-04-14 16:03:01,25.7709255218506,-16.6652870178223,"Unknown"
"5020554",378676,2026-04-14 16:08:00,25.7718982696533,-16.664119720459,"Unknown"
"5020554",378676,2026-04-14 16:13:02,25.7737312316895,-16.6636047363281,"Unknown"
"5020554",378676,2026-04-14 16:18:03,25.7748851776123,-16.661922454834,"Unknown"
"5020554",378676,2026-04-14 16:23:03,25.7739410400391,-16.658712387085,"Unknown"
"5020554",378676,2026-04-14 16:28:03,25.7751426696777,-16.6574726104736,"Unknown"
"5020554",378676,2026-04-14 16:33:07,25.7767105102539,-16.6569290161133,"Unknown"
"5020554",378676,2026-04-14 16:38:02,25.7767143249512,-16.654109954834,"Unknown"
"5020554",378676,2026-04-14 16:43:03,25.7770709991455,-16.6513080596924,"Unknown"
"5020554",378676,2026-04-14 16:48:01,25.7775592803955,-16.6480979919434,"Unknown"
"5020554",378676,2026-04-14 16:53:07,25.7777709960938,-16.6457462310791,"Unknown"
"5020554",378676,2026-04-14 16:58:04,25.7747955322266,-16.6396045684814,"Unknown"
"5020554",378676,2026-04-14 17:04:26,25.736270904541,-16.6133403778076,"Unknown"
"5020554",378676,2026-04-14 17:09:26,25.7030143737793,-16.5915756225586,"Unknown"
"5020554",378676,2026-04-14 17:14:26,25.6745548248291,-16.566520690918,"Unknown"
"5020554",378676,2026-04-14 17:19:26,25.6428508758545,-16.5444488525391,"Unknown"
"5020554",378676,2026-04-14 17:24:26,25.6120586395264,-16.5253295898438,"Unknown"
"5020554",378676,2026-04-14 17:29:26,25.5813636779785,-16.5019817352295,"Unknown"
"5020554",378676,2026-04-14 17:39:24,25.5234832763672,-16.4520397186279,"Unknown"
"5020554",378676,2026-04-14 17:44:24,25.4943733215332,-16.4275341033936,"Unknown"
"5020554",378676,2026-04-14 17:49:24,25.4645614624023,-16.4033470153809,"Unknown"
"5020554",378676,2026-04-14 17:54:24,25.4569396972656,-16.3961353302002,"Unknown"
"5020554",378676,2026-04-14 17:58:01,25.4337310791016,-16.3806457519531,"Unknown"
"5020554",378676,2026-04-14 19:03:51,25.3429870605469,-16.2713317871094,"Unknown"
"5020554",378676,2026-04-14 19:07:58,25.3459758758545,-16.2690658569336,"Unknown"
"5020554",378676,2026-04-14 19:13:00,25.3446884155273,-16.2733268737793,"Unknown"
"5020554",378676,2026-04-14 19:18:01,25.3481063842773,-16.2741069793701,"Unknown"
"5020554",378676,2026-04-14 19:22:59,25.3253746032715,-16.2644004821777,"Unknown"
"5020554",378676,2026-04-14 19:28:01,25.2953605651855,-16.2388496398926,"Unknown"
"5020554",378676,2026-04-14 19:34:24,25.2553176879883,-16.2053260803223,"Unknown"
"5020554",378676,2026-04-14 19:39:24,25.2291603088379,-16.1783885955811,"Unknown"
"5020554",378676,2026-04-14 19:44:24,25.2047328948975,-16.1519680023193,"Unknown"
"5020554",378676,2026-04-14 19:48:01,25.1914615631104,-16.1346302032471,"Unknown"
"5020554",378676,2026-04-14 19:53:01,25.1869926452637,-16.1202774047852,"Unknown"
"5020554",378676,2026-04-14 19:58:02,25.1899185180664,-16.0991058349609,"Unknown"
"5020554",378676,2026-04-14 20:03:01,25.1927719116211,-16.100757598877,"Unknown"
"5020554",378676,2026-04-14 20:08:00,25.1944046020508,-16.1009387969971,"Unknown"
"5020554",378676,2026-04-14 20:13:00,25.1789703369141,-16.0819244384766,"Unknown"
"5020554",378676,2026-04-14 20:18:00,25.1783638000488,-16.0826377868652,"Unknown"
"5020554",378676,2026-04-14 20:23:05,25.1777515411377,-16.0834178924561,"Unknown"
"5020554",378676,2026-04-14 20:28:01,25.1771259307861,-16.084056854248,"Unknown"
"5020554",378676,2026-04-14 20:33:00,25.176477432251,-16.0846099853516,"Unknown"
"5020554",378676,2026-04-14 20:37:59,25.1758918762207,-16.0852184295654,"Unknown"
"5020554",378676,2026-04-14 20:43:09,25.1751537322998,-16.0858306884766,"Unknown"
"5020554",378676,2026-04-14 20:48:00,25.1744518280029,-16.086332321167,"Unknown"
"5020554",378676,2026-04-14 20:53:02,25.1736373901367,-16.0866756439209,"Unknown"
"5020554",378676,2026-04-14 20:58:07,25.1727409362793,-16.0869731903076,"Unknown"
"5020554",378676,2026-04-14 21:03:07,25.1718883514404,-16.0873737335205,"Unknown"
"5020554",378676,2026-04-14 21:08:09,25.171070098877,-16.0878047943115,"Unknown"
"5020554",378676,2026-04-14 21:13:10,25.1701412200928,-16.0881786346436,"Unknown"
"5020554",378676,2026-04-14 21:18:09,25.1692485809326,-16.088472366333,"Unknown"
"5020554",378676,2026-04-14 21:23:27,25.1684017181396,-16.089054107666,"Unknown"
"5020554",378676,2026-04-14 21:27:59,25.1676464080811,-16.0894412994385,"Unknown"
"5020554",378676,2026-04-14 21:38:01,25.1657314300537,-16.0900917053223,"Unknown"
"5020554",378676,2026-04-14 21:48:00,25.1638793945312,-16.0909118652344,"Unknown"
"5020554",378676,2026-04-14 21:58:01,25.1623115539551,-16.0919132232666,"Unknown"
"5020554",378676,2026-04-14 22:08:00,25.160530090332,-16.0929508209229,"Unknown"
"5020554",378676,2026-04-14 22:18:02,25.1587028503418,-16.0937938690186,"Unknown"
"5020554",378676,2026-04-14 22:28:00,25.1565170288086,-16.0932655334473,"Unknown"
"5020554",378676,2026-04-14 22:38:02,25.154655456543,-16.0939788818359,"Unknown"
"5020554",378676,2026-04-14 22:48:04,25.1529903411865,-16.0950660705566,"Unknown"
"5020554",378676,2026-04-14 22:58:02,25.1515369415283,-16.0963459014893,"Unknown"
"5020554",378676,2026-04-14 23:08:02,25.1497001647949,-16.0970611572266,"Unknown"
"5020554",378676,2026-04-14 23:18:33,25.1476631164551,-16.0976428985596,"Unknown"
"5020554",378676,2026-04-14 23:28:00,25.1462059020996,-16.0987548828125,"Unknown"
"5020554",378676,2026-04-14 23:38:00,25.1447257995605,-16.0998497009277,"Unknown"
"5020554",378676,2026-04-14 23:48:02,25.1433391571045,-16.1010761260986,"Unknown"
"5020554",378676,2026-04-14 23:58:00,25.1414604187012,-16.1021938323975,"Unknown"
"5020554",378676,2026-04-15 00:08:00,25.1394672393799,-16.1031455993652,"Unknown"
"5020554",378676,2026-04-15 00:17:59,25.1377944946289,-16.1045913696289,"Unknown"
"5020554",378676,2026-04-15 00:28:00,25.1363010406494,-16.1062564849854,"Unknown"
"5020554",378676,2026-04-15 00:38:00,25.1345100402832,-16.107795715332,"Unknown"
"5020554",378676,2026-04-15 00:48:00,25.1326465606689,-16.1096343994141,"Unknown"
"5020554",378676,2026-04-15 00:57:59,25.1307525634766,-16.1112861633301,"Unknown"
"5020554",378676,2026-04-15 01:07:59,25.128833770752,-16.1131401062012,"Unknown"
"5020554",378676,2026-04-15 01:17:59,25.1269340515137,-16.1148891448975,"Unknown"
"5020554",378676,2026-04-15 01:27:59,25.125301361084,-16.1165981292725,"Unknown"
"5020554",378676,2026-04-15 01:38:00,25.1233921051025,-16.1186332702637,"Unknown"
"5020554",378676,2026-04-15 01:48:00,25.1214218139648,-16.1206245422363,"Unknown"
"5020554",378676,2026-04-15 01:58:01,25.1190757751465,-16.1220264434814,"Unknown"
"5020554",378676,2026-04-15 02:09:02,25.1166458129883,-16.1239261627197,"Unknown"
"5020554",378676,2026-04-15 02:18:00,25.1159439086914,-16.1148204803467,"Unknown"
"5020554",378676,2026-04-15 02:28:00,25.1140289306641,-16.1170310974121,"Unknown"
"5020554",378676,2026-04-15 02:38:00,25.112060546875,-16.1186351776123,"Unknown"
"5020554",378676,2026-04-15 02:48:02,25.1100940704346,-16.1208648681641,"Unknown"
"5020554",378676,2026-04-15 02:58:00,25.1083812713623,-16.1232242584229,"Unknown"
"5020554",378676,2026-04-15 03:08:00,25.10671043396,-16.1255340576172,"Unknown"
"5020554",378676,2026-04-15 03:18:00,25.1047210693359,-16.1272506713867,"Unknown"
"5020554",378676,2026-04-15 03:28:00,25.1035060882568,-16.124792098999,"Unknown"
"5020554",378676,2026-04-15 03:38:00,25.1015300750732,-16.1268310546875,"Unknown"
"5020554",378676,2026-04-15 03:48:00,25.0996036529541,-16.1286659240723,"Unknown"
"5020554",378676,2026-04-15 03:58:00,25.0977210998535,-16.1304149627686,"Unknown"
"5020554",378676,2026-04-15 04:08:33,25.0961532592773,-16.1322364807129,"Unknown"
"5020554",378676,2026-04-15 04:17:59,25.0945377349854,-16.1341762542725,"Unknown"
"5020554",378676,2026-04-15 04:27:59,25.0928821563721,-16.1364421844482,"Unknown"
"5020554",378676,2026-04-15 04:37:59,25.0912837982178,-16.1391887664795,"Unknown"
"5020554",378676,2026-04-15 04:47:59,25.0891971588135,-16.1414604187012,"Unknown"
"5020554",378676,2026-04-15 04:57:59,25.0871601104736,-16.1440238952637,"Unknown"
"5020554",378676,2026-04-15 05:08:00,25.0854434967041,-16.1465721130371,"Unknown"
"5020554",378676,2026-04-15 05:17:59,25.0837879180908,-16.1492443084717,"Unknown"
"5020554",378676,2026-04-15 05:27:59,25.0825042724609,-16.1517658233643,"Unknown"
"5020554",378676,2026-04-15 05:38:00,25.0811080932617,-16.1534557342529,"Unknown"
"5020554",378676,2026-04-15 05:58:01,25.0761528015137,-16.1478157043457,"Unknown"
"5020554",378676,2026-04-15 06:18:03,25.1235694885254,-16.1872844696045,"Unknown"
"5020554",378676,2026-04-15 06:38:02,25.1546630859375,-16.2134990692139,"Unknown"
"5020554",378676,2026-04-15 06:58:03,25.1191425323486,-16.1411170959473,"Unknown"
"5020554",378676,2026-04-15 09:29:02,25.2079200744629,-16.1385803222656,"Unknown"
"5020554",378676,2026-04-15 09:38:02,25.2057094573975,-16.1349811553955,"Unknown"
"5020554",378676,2026-04-15 09:48:01,25.1935596466064,-16.1219024658203,"Unknown"
"5020554",378676,2026-04-15 09:58:02,25.1778030395508,-16.1233711242676,"Unknown"
"5020554",378676,2026-04-15 10:03:03,25.1762237548828,-16.1344776153564,"Unknown"
"5020554",378676,2026-04-15 10:08:02,25.1992988586426,-16.1521949768066,"Unknown"
"5020554",378676,2026-04-15 10:13:00,25.2121906280518,-16.1567306518555,"Unknown"
"5020554",378676,2026-04-15 10:18:02,25.2094650268555,-16.1637020111084,"Unknown"
"5020554",378676,2026-04-15 10:23:07,25.2064056396484,-16.1683864593506,"Unknown"
"5020554",378676,2026-04-15 10:28:02,25.2063827514648,-16.1710319519043,"Unknown"
"5020554",378676,2026-04-15 10:34:25,25.2031574249268,-16.1820240020752,"Unknown"
"5020554",378676,2026-04-15 10:39:25,25.212215423584,-16.1757888793945,"Unknown"
"5020554",378676,2026-04-15 10:43:33,25.2121849060059,-16.1765270233154,"Unknown"
"5020554",378676,2026-04-15 10:48:00,25.212158203125,-16.1773719787598,"Unknown"
"5020554",378676,2026-04-15 10:52:59,25.2121162414551,-16.1782360076904,"Unknown"
"5020554",378676,2026-04-15 10:57:59,25.2120189666748,-16.179162979126,"Unknown"
"5020554",378676,2026-04-15 11:03:01,25.2105712890625,-16.1803684234619,"Unknown"
"5020554",378676,2026-04-15 11:08:00,25.1981658935547,-16.1901912689209,"Unknown"
"5020554",378676,2026-04-15 11:13:00,25.1939830780029,-16.1993160247803,"Unknown"
"5020554",378676,2026-04-15 11:18:01,25.1932849884033,-16.2113227844238,"Unknown"
"5020554",378676,2026-04-15 11:23:00,25.1907634735107,-16.2137832641602,"Unknown"
"5020554",378676,2026-04-15 11:28:01,25.1907997131348,-16.2147808074951,"Unknown"
"5020554",378676,2026-04-15 11:33:01,25.1907653808594,-16.2159004211426,"Unknown"
"5020554",378676,2026-04-15 11:38:02,25.1803016662598,-16.2291355133057,"Unknown"
"5020554",378676,2026-04-15 11:43:00,25.1800537109375,-16.229887008667,"Unknown"
"5020554",378676,2026-04-15 11:48:02,25.1821441650391,-16.2271518707275,"Unknown"
"5020554",378676,2026-04-15 11:53:00,25.1879959106445,-16.2288722991943,"Unknown"
"5020554",378676,2026-04-15 11:58:00,25.1890411376953,-16.2277317047119,"Unknown"
"5020554",378676,2026-04-15 12:03:01,25.182315826416,-16.2195568084717,"Unknown"
"5020554",378676,2026-04-15 12:08:02,25.1824550628662,-16.2204914093018,"Unknown"
"5020554",378676,2026-04-15 12:13:03,25.1824951171875,-16.2213191986084,"Unknown"
"5020554",378676,2026-04-15 12:18:03,25.1825332641602,-16.222053527832,"Unknown"
"5020554",378676,2026-04-15 12:23:02,25.1826038360596,-16.2227363586426,"Unknown"
"5020554",378676,2026-04-15 12:28:03,25.1827564239502,-16.2236194610596,"Unknown"
"5020554",378676,2026-04-15 12:33:00,25.1829166412354,-16.2242794036865,"Unknown"
"5020554",378676,2026-04-15 12:38:09,25.1831207275391,-16.2247581481934,"Unknown"
"5020554",378676,2026-04-15 12:43:04,25.186092376709,-16.2102661132812,"Unknown"
"5020554",378676,2026-04-15 12:49:25,25.1853179931641,-16.2006816864014,"Unknown"
"5020554",378676,2026-04-15 12:54:03,25.178653717041,-16.2007732391357,"Unknown"
"5020554",378676,2026-04-15 12:58:01,25.1716270446777,-16.1997909545898,"Unknown"
"5020554",378676,2026-04-15 13:03:02,25.1638736724854,-16.2010936737061,"Unknown"
"5020554",378676,2026-04-15 13:08:02,25.1573486328125,-16.2012691497803,"Unknown"
"5020554",378676,2026-04-15 13:13:02,25.1570224761963,-16.2022686004639,"Unknown"
"5020554",378676,2026-04-15 13:18:02,25.1566619873047,-16.2034664154053,"Unknown"
"5020554",378676,2026-04-15 13:23:04,25.1563396453857,-16.2046737670898,"Unknown"
"5020554",378676,2026-04-15 13:28:02,25.1560096740723,-16.2056770324707,"Unknown"
"5020554",378676,2026-04-15 13:38:02,25.1551895141602,-16.2073249816895,"Unknown"
"5020554",378676,2026-04-15 13:43:02,25.1518001556396,-16.1917285919189,"Unknown"
"5020554",378676,2026-04-15 13:48:02,25.1650676727295,-16.18678855896,"Unknown"
"5020554",378676,2026-04-15 13:53:01,25.1685848236084,-16.1901340484619,"Unknown"
"5020554",378676,2026-04-15 13:58:02,25.1684074401855,-16.191385269165,"Unknown"
"5020554",378676,2026-04-15 14:04:24,25.1789207458496,-16.1975345611572,"Unknown"
"5020554",378676,2026-04-15 14:09:24,25.1990203857422,-16.2098083496094,"Unknown"
"5020554",378676,2026-04-15 14:13:27,25.210506439209,-16.2180938720703,"Unknown"
"5020554",378676,2026-04-15 14:18:01,25.2101345062256,-16.2187747955322,"Unknown"
"5020554",378676,2026-04-15 14:23:00,25.2103900909424,-16.2147235870361,"Unknown"
"5020554",378676,2026-04-15 14:28:05,25.2006206512451,-16.1961002349854,"Unknown"
"5020554",378676,2026-04-15 14:33:03,25.1976737976074,-16.197208404541,"Unknown"
"5020554",378676,2026-04-15 14:38:00,25.1795406341553,-16.1819648742676,"Unknown"
"5020554",378676,2026-04-15 14:43:00,25.1752738952637,-16.16770362854,"Unknown"
"5020554",378676,2026-04-15 14:48:04,25.1604843139648,-16.1654796600342,"Unknown"
"5020554",378676,2026-04-15 14:53:00,25.1638813018799,-16.1642055511475,"Unknown"
"5020554",378676,2026-04-15 14:59:17,25.1649913787842,-16.1589908599854,"Unknown"
"5020554",378676,2026-04-15 15:03:00,25.165943145752,-16.1507835388184,"Unknown"
"5020554",378676,2026-04-15 15:07:59,25.167652130127,-16.1502075195312,"Unknown"
"5020554",378676,2026-04-15 15:13:00,25.1722068786621,-16.1610412597656,"Unknown"
"5020554",378676,2026-04-15 15:18:00,25.1762981414795,-16.1638851165771,"Unknown"
"5020554",378676,2026-04-15 15:23:06,25.1771564483643,-16.1688137054443,"Unknown"
"5020554",378676,2026-04-15 15:27:59,25.1790466308594,-16.1695137023926,"Unknown"
"5020554",378676,2026-04-15 15:33:00,25.1742782592773,-16.1720886230469,"Unknown"
"5020554",378676,2026-04-15 15:38:07,25.1788215637207,-16.1738224029541,"Unknown"
"5020554",378676,2026-04-15 15:42:59,25.1765575408936,-16.1742057800293,"Unknown"
"5020554",378676,2026-04-15 15:47:59,25.1749591827393,-16.1770572662354,"Unknown"
"5020554",378676,2026-04-15 15:52:59,25.1745452880859,-16.1786556243896,"Unknown"
"5020554",378676,2026-04-15 15:57:59,25.1738529205322,-16.1796779632568,"Unknown"
"5020554",378676,2026-04-15 16:03:00,25.1732120513916,-16.1808452606201,"Unknown"
"5020554",378676,2026-04-15 16:07:59,25.172700881958,-16.1819896697998,"Unknown"
"5020554",378676,2026-04-15 16:13:00,25.1721897125244,-16.1830234527588,"Unknown"
"5020554",378676,2026-04-15 16:18:02,25.1716251373291,-16.1838874816895,"Unknown"
"5020554",378676,2026-04-15 16:23:00,25.1646690368652,-16.1801052093506,"Unknown"
"5020554",378676,2026-04-15 16:28:01,25.1642780303955,-16.1809406280518,"Unknown"
"5020554",378676,2026-04-15 16:33:02,25.1644134521484,-16.1808891296387,"Unknown"
"5020554",378676,2026-04-15 16:38:00,25.1638774871826,-16.1816101074219,"Unknown"
"5020554",378676,2026-04-15 16:43:02,25.1634349822998,-16.1824264526367,"Unknown"
"5020554",378676,2026-04-15 16:48:04,25.1629600524902,-16.1832103729248,"Unknown"
"5020554",378676,2026-04-15 16:53:03,25.1626167297363,-16.1839942932129,"Unknown"
"5020554",378676,2026-04-15 16:58:04,25.1622047424316,-16.1847133636475,"Unknown"
"5020554",378676,2026-04-15 17:03:33,25.1663055419922,-16.1904926300049,"Unknown"
"5020554",378676,2026-04-15 17:07:59,25.1672744750977,-16.1898555755615,"Unknown"
"5020554",378676,2026-04-15 17:13:00,25.1671180725098,-16.1909828186035,"Unknown"
"5020554",378676,2026-04-15 17:18:01,25.1667785644531,-16.1918296813965,"Unknown"
"5020554",378676,2026-04-15 17:23:00,25.1664352416992,-16.1925945281982,"Unknown"
"5020554",378676,2026-04-15 17:28:01,25.166202545166,-16.193229675293,"Unknown"
"5020554",378676,2026-04-15 17:38:00,25.165843963623,-16.1941413879395,"Unknown"
"5020554",378676,2026-04-15 17:43:01,25.1655082702637,-16.1946620941162,"Unknown"
"5020554",378676,2026-04-15 17:48:00,25.1651210784912,-16.195219039917,"Unknown"
"5020554",378676,2026-04-15 17:53:02,25.1649742126465,-16.1958446502686,"Unknown"
"5020554",378676,2026-04-15 17:58:03,25.1647396087646,-16.1963939666748,"Unknown"
"5020554",378676,2026-04-15 18:03:27,25.1645469665527,-16.1968975067139,"Unknown"
"5020554",378676,2026-04-15 18:08:01,25.1645431518555,-16.1974411010742,"Unknown"
"5020554",378676,2026-04-15 18:13:04,25.1644649505615,-16.1980381011963,"Unknown"
"5020554",378676,2026-04-15 18:18:03,25.1643753051758,-16.1984901428223,"Unknown"
"5020554",378676,2026-04-15 18:23:02,25.1641883850098,-16.1990699768066,"Unknown"
"5020554",378676,2026-04-15 18:28:03,25.164005279541,-16.19970703125,"Unknown"
"5020554",378676,2026-04-15 18:33:05,25.1637172698975,-16.2003860473633,"Unknown"
"5020554",378676,2026-04-15 18:38:02,25.154369354248,-16.2113037109375,"Unknown"
"5020554",378676,2026-04-15 18:43:27,25.1540660858154,-16.2119255065918,"Unknown"
"5020554",378676,2026-04-15 18:48:00,25.153865814209,-16.2126007080078,"Unknown"
"5020554",378676,2026-04-15 18:53:01,25.1534976959229,-16.2134170532227,"Unknown"
"5020554",378676,2026-04-15 18:59:24,25.1447906494141,-16.2087745666504,"Unknown"
"5020554",378676,2026-04-15 19:04:24,25.1472682952881,-16.1912250518799,"Unknown"
"5020554",378676,2026-04-15 19:08:33,25.1434574127197,-16.1871337890625,"Unknown"
"5020554",378676,2026-04-15 19:12:58,25.1430339813232,-16.1874256134033,"Unknown"
"5020554",378676,2026-04-15 19:17:58,25.1355762481689,-16.1922302246094,"Unknown"
"5020554",378676,2026-04-15 19:22:58,25.1351165771484,-16.1922817230225,"Unknown"
"5020554",378676,2026-04-15 19:27:58,25.1347980499268,-16.1924858093262,"Unknown"
"5020554",378676,2026-04-15 19:32:58,25.1343669891357,-16.1925258636475,"Unknown"
"5020554",378676,2026-04-15 19:37:58,25.1339511871338,-16.192497253418,"Unknown"
"5020554",378676,2026-04-15 19:42:58,25.1333389282227,-16.1924686431885,"Unknown"
"5020554",378676,2026-04-15 19:47:58,25.1328506469727,-16.1923923492432,"Unknown"
"5020554",378676,2026-04-15 19:52:58,25.1322765350342,-16.1923770904541,"Unknown"
"5020554",378676,2026-04-15 19:57:58,25.131763458252,-16.1922740936279,"Unknown"
"5020554",378676,2026-04-15 20:02:58,25.1235427856445,-16.1762199401855,"Unknown"
"5020554",378676,2026-04-15 20:08:00,25.1200122833252,-16.1520843505859,"Unknown"
"5020554",378676,2026-04-15 20:12:59,25.115140914917,-16.1373043060303,"Unknown"
"5020554",378676,2026-04-15 20:17:59,25.1144981384277,-16.1372337341309,"Unknown"
"5020554",378676,2026-04-15 20:22:58,25.1138820648193,-16.1373519897461,"Unknown"
"5020554",378676,2026-04-15 20:27:58,25.1132888793945,-16.1374225616455,"Unknown"
"5020554",378676,2026-04-15 20:32:59,25.1126289367676,-16.1375274658203,"Unknown"
"5020554",378676,2026-04-15 20:37:59,25.1120014190674,-16.1376247406006,"Unknown"
"5020554",378676,2026-04-15 20:42:59,25.1113681793213,-16.1376209259033,"Unknown"
"5020554",378676,2026-04-15 20:47:59,25.1110610961914,-16.1378154754639,"Unknown"
"5020554",378676,2026-04-15 20:53:00,25.1103935241699,-16.1379585266113,"Unknown"
"5020554",378676,2026-04-15 20:57:59,25.1096878051758,-16.1381340026855,"Unknown"
"5020554",378676,2026-04-15 21:02:59,25.109016418457,-16.1383590698242,"Unknown"
"5020554",378676,2026-04-15 21:07:59,25.1083755493164,-16.138500213623,"Unknown"
"5020554",378676,2026-04-15 21:12:59,25.1077060699463,-16.1387348175049,"Unknown"
"5020554",378676,2026-04-15 21:17:59,25.106969833374,-16.1390933990479,"Unknown"
"5020554",378676,2026-04-15 21:22:59,25.1061305999756,-16.1390609741211,"Unknown"
"5020554",378676,2026-04-15 21:28:01,25.1053581237793,-16.1389045715332,"Unknown"
"5020554",378676,2026-04-15 21:38:02,25.1038284301758,-16.1387710571289,"Unknown"
"5020554",378676,2026-04-15 21:48:00,25.1024913787842,-16.1395778656006,"Unknown"
"5020554",378676,2026-04-15 21:52:59,25.1017932891846,-16.1399326324463,"Unknown"
"5020554",378676,2026-04-15 21:58:00,25.1010761260986,-16.1402053833008,"Unknown"
"5020554",378676,2026-04-15 22:03:32,25.1002807617188,-16.1405296325684,"Unknown"
"5020554",378676,2026-04-15 22:08:00,25.0996131896973,-16.1407508850098,"Unknown"
"5020554",378676,2026-04-15 22:13:00,25.0988864898682,-16.1410121917725,"Unknown"
"5020554",378676,2026-04-15 22:18:00,25.0980434417725,-16.1411666870117,"Unknown"
"5020554",378676,2026-04-15 22:23:02,25.0971946716309,-16.1413974761963,"Unknown"
"5020554",378676,2026-04-15 22:28:00,25.0963287353516,-16.1414623260498,"Unknown"
"5020554",378676,2026-04-15 22:33:01,25.0954818725586,-16.1417293548584,"Unknown"
"5020554",378676,2026-04-15 22:38:01,25.0946273803711,-16.1419620513916,"Unknown"
"5020554",378676,2026-04-15 22:43:00,25.0937309265137,-16.1422576904297,"Unknown"
"5020554",378676,2026-04-15 22:48:03,25.0928726196289,-16.142578125,"Unknown"
"5020554",378676,2026-04-15 22:53:00,25.0919723510742,-16.1429233551025,"Unknown"
"5020554",378676,2026-04-15 22:58:00,25.0910739898682,-16.1432647705078,"Unknown"
"5020554",378676,2026-04-15 23:03:02,25.0901699066162,-16.1436347961426,"Unknown"
"5020554",378676,2026-04-15 23:08:00,25.0892658233643,-16.1440753936768,"Unknown"
"5020554",378676,2026-04-15 23:13:02,25.0882778167725,-16.144495010376,"Unknown"
"5020554",378676,2026-04-15 23:18:00,25.0872249603271,-16.1448860168457,"Unknown"
"5020554",378676,2026-04-15 23:23:02,25.0861492156982,-16.1453056335449,"Unknown"
"5020554",378676,2026-04-15 23:28:01,25.0851516723633,-16.14577293396,"Unknown"
"5020554",378676,2026-04-15 23:33:02,25.0841598510742,-16.1462593078613,"Unknown"
"5020554",378676,2026-04-15 23:38:02,25.0831413269043,-16.1467914581299,"Unknown"
"5020554",378676,2026-04-15 23:43:02,25.0820922851562,-16.1473655700684,"Unknown"
"5020554",378676,2026-04-15 23:48:05,25.0810871124268,-16.1481494903564,"Unknown"
"5020554",378676,2026-04-15 23:53:05,25.0801105499268,-16.1489677429199,"Unknown"
"5020554",378676,2026-04-15 23:58:03,25.0791816711426,-16.1499137878418,"Unknown"
"5020554",378676,2026-04-16 00:03:05,25.0782527923584,-16.1509799957275,"Unknown"
"5020554",378676,2026-04-16 00:08:02,25.077522277832,-16.1521282196045,"Unknown"
"5020554",378676,2026-04-16 00:13:07,25.0766124725342,-16.1532516479492,"Unknown"
"5020554",378676,2026-04-16 00:18:11,25.0757637023926,-16.1544303894043,"Unknown"
"5020554",378676,2026-04-16 00:23:47,25.0748386383057,-16.1558094024658,"Unknown"
"5020554",378676,2026-04-16 00:28:00,25.0741024017334,-16.1569404602051,"Unknown"
"5020554",378676,2026-04-16 00:33:00,25.0733127593994,-16.1582298278809,"Unknown"
"5020554",378676,2026-04-16 00:38:02,25.0726089477539,-16.1595096588135,"Unknown"
"5020554",378676,2026-04-16 00:43:10,25.0718441009521,-16.160945892334,"Unknown"
"5020554",378676,2026-04-16 00:48:33,25.0709819793701,-16.1624279022217,"Unknown"
"5020554",378676,2026-04-16 00:53:00,25.070255279541,-16.1636219024658,"Unknown"
"5020554",378676,2026-04-16 00:57:58,25.0695285797119,-16.1648941040039,"Unknown"
"5020554",378676,2026-04-16 01:02:59,25.068675994873,-16.166202545166,"Unknown"
"5020554",378676,2026-04-16 01:08:00,25.067943572998,-16.1674385070801,"Unknown"
"5020554",378676,2026-04-16 01:12:58,25.0672168731689,-16.1687355041504,"Unknown"
"5020554",378676,2026-04-16 01:17:59,25.0664653778076,-16.1700763702393,"Unknown"
"5020554",378676,2026-04-16 01:22:58,25.0657482147217,-16.1713848114014,"Unknown"
"5020554",378676,2026-04-16 01:27:58,25.0650386810303,-16.1725845336914,"Unknown"
"5020554",378676,2026-04-16 01:37:59,25.0635166168213,-16.1750354766846,"Unknown"
"5020554",378676,2026-04-16 01:47:59,25.06201171875,-16.1774444580078,"Unknown"
"5020554",378676,2026-04-16 01:57:59,25.0604915618896,-16.1799697875977,"Unknown"
"5020554",378676,2026-04-16 02:07:59,25.0590782165527,-16.1827373504639,"Unknown"
"5020554",378676,2026-04-16 02:18:00,25.0577259063721,-16.1855049133301,"Unknown"
"5020554",378676,2026-04-16 02:28:00,25.0564785003662,-16.1885108947754,"Unknown"
"5020554",378676,2026-04-16 02:38:00,25.055212020874,-16.1916084289551,"Unknown"
"5020554",378676,2026-04-16 02:48:00,25.0537509918213,-16.1944465637207,"Unknown"
"5020554",378676,2026-04-16 02:58:04,25.052339553833,-16.1974105834961,"Unknown"
"5020554",378676,2026-04-16 03:08:33,25.0509185791016,-16.2004890441895,"Unknown"
"5020554",378676,2026-04-16 03:17:58,25.0494937896729,-16.2031764984131,"Unknown"
"5020554",378676,2026-04-16 03:27:59,25.0482845306396,-16.2064666748047,"Unknown"
"5020554",378676,2026-04-16 03:37:58,25.0470714569092,-16.2096405029297,"Unknown"
"5020554",378676,2026-04-16 03:47:59,25.0458469390869,-16.2124328613281,"Unknown"
"5020554",378676,2026-04-16 03:57:59,25.0446910858154,-16.2153072357178,"Unknown"
"5020554",378676,2026-04-16 04:07:59,25.0438079833984,-16.218433380127,"Unknown"
"5020554",378676,2026-04-16 04:17:59,25.0426864624023,-16.2214756011963,"Unknown"
"5020554",378676,2026-04-16 04:28:00,25.0416412353516,-16.224494934082,"Unknown"
"5020554",378676,2026-04-16 04:37:59,25.0405788421631,-16.227518081665,"Unknown"
"5020554",378676,2026-04-16 04:47:59,25.0395774841309,-16.2305107116699,"Unknown"
"5020554",378676,2026-04-16 04:57:59,25.0383052825928,-16.2329521179199,"Unknown"
"5020554",378676,2026-04-16 05:08:00,25.0370006561279,-16.2354793548584,"Unknown"
"5020554",378676,2026-04-16 05:18:00,25.0357437133789,-16.2381038665771,"Unknown"
"5020554",378676,2026-04-16 05:28:01,25.0345153808594,-16.2406558990479,"Unknown"
"5020554",378676,2026-04-16 05:38:01,25.0333232879639,-16.2431526184082,"Unknown"
"5020554",378676,2026-04-16 05:58:01,25.0310325622559,-16.2468376159668,"Unknown"
"5020554",378676,2026-04-16 06:18:41,25.0289134979248,-16.2499542236328,"Unknown"
"5020554",378676,2026-04-16 06:28:00,25.0280017852783,-16.2515659332275,"Unknown"
"5020554",378676,2026-04-16 06:38:00,25.0300464630127,-16.2478008270264,"Unknown"
"5020554",378676,2026-04-16 06:48:00,25.0191764831543,-16.2589817047119,"Unknown"
"5020554",378676,2026-04-16 06:58:00,25.0166625976562,-16.2636260986328,"Unknown"
"5020554",378676,2026-04-16 07:08:00,25.0021877288818,-16.2748279571533,"Unknown"
"5020554",378676,2026-04-16 07:18:00,25.0043277740479,-16.2774257659912,"Unknown"
"5020554",378676,2026-04-16 07:28:00,25.0037097930908,-16.2784385681152,"Unknown"
"5020554",378676,2026-04-16 07:38:00,24.9991722106934,-16.2761421203613,"Unknown"
"5020554",378676,2026-04-16 07:48:00,24.9970588684082,-16.2759609222412,"Unknown"
"5020554",378676,2026-04-16 07:58:00,24.989444732666,-16.2704544067383,"Unknown"
"5020554",378676,2026-04-16 08:07:59,24.9894866943359,-16.2713470458984,"Unknown"
"5020554",378676,2026-04-16 08:17:59,24.9889354705811,-16.2721862792969,"Unknown"
"5020554",378676,2026-04-16 08:28:00,24.9885654449463,-16.2731075286865,"Unknown"
"5020554",378676,2026-04-16 08:37:59,24.9880466461182,-16.2737121582031,"Unknown"
"5020554",378676,2026-04-16 08:48:02,24.9874897003174,-16.2744216918945,"Unknown"
"5020554",378676,2026-04-16 08:58:04,24.9961585998535,-16.2856979370117,"Unknown"
"5020554",378676,2026-04-16 09:08:33,25.0001754760742,-16.2720832824707,"Unknown"
"5020554",378676,2026-04-16 09:17:59,24.9968242645264,-16.2753601074219,"Unknown"
"5020554",378676,2026-04-16 09:27:59,24.9878311157227,-16.2790489196777,"Unknown"
"5020554",378676,2026-04-16 09:37:59,24.9874000549316,-16.2798404693604,"Unknown"
"5020554",378676,2026-04-16 09:48:01,24.9976043701172,-16.2805671691895,"Unknown"
"5020554",378676,2026-04-16 09:57:59,24.9977931976318,-16.2812652587891,"Unknown"
"5020554",378676,2026-04-16 10:08:00,25.010705947876,-16.2698097229004,"Unknown"
"5020554",378676,2026-04-16 10:18:07,25.035816192627,-16.2609977722168,"Unknown"
"5020554",378676,2026-04-16 10:22:59,25.0361385345459,-16.2649116516113,"Unknown"
"5020554",378676,2026-04-16 10:27:59,25.0282917022705,-16.2647857666016,"Unknown"
"5020554",378676,2026-04-16 10:33:00,25.0223045349121,-16.2650375366211,"Unknown"
"5020554",378676,2026-04-16 10:37:59,25.0186557769775,-16.2703533172607,"Unknown"
"5020554",378676,2026-04-16 10:42:59,25.0186901092529,-16.2710628509521,"Unknown"
"5020554",378676,2026-04-16 10:48:02,25.0190029144287,-16.2643795013428,"Unknown"
"5020554",378676,2026-04-16 10:53:02,25.0335006713867,-16.2739963531494,"Unknown"
"5020554",378676,2026-04-16 10:58:02,25.0382270812988,-16.2745189666748,"Unknown"
"5020554",378676,2026-04-16 11:02:59,25.0411033630371,-16.2542819976807,"Unknown"
"5020554",378676,2026-04-16 11:07:59,25.0482845306396,-16.250862121582,"Unknown"
"5020554",378676,2026-04-16 11:13:02,25.0389881134033,-16.2384185791016,"Unknown"
"5020554",378676,2026-04-16 11:18:02,25.0388317108154,-16.2389545440674,"Unknown"
"5020554",378676,2026-04-16 11:22:59,25.0387802124023,-16.239595413208,"Unknown"
"5020554",378676,2026-04-16 11:28:02,25.03173828125,-16.2498111724854,"Unknown"
"5020554",378676,2026-04-16 11:33:00,25.0319023132324,-16.2539482116699,"Unknown"
"5020554",378676,2026-04-16 11:38:02,25.0323638916016,-16.2614059448242,"Unknown"
"5020554",378676,2026-04-16 11:43:02,25.0290756225586,-16.2634162902832,"Unknown"
"5020554",378676,2026-04-16 11:48:03,25.0292263031006,-16.2641925811768,"Unknown"
"5020554",378676,2026-04-16 11:53:02,25.0254096984863,-16.262300491333,"Unknown"
"5020554",378676,2026-04-16 11:58:04,25.0230617523193,-16.262674331665,"Unknown"
"5020554",378676,2026-04-16 12:03:32,25.0222625732422,-16.2588691711426,"Unknown"
"5020554",378676,2026-04-16 12:08:00,25.0222339630127,-16.2617721557617,"Unknown"
"5020554",378676,2026-04-16 12:13:00,25.0190906524658,-16.2562370300293,"Unknown"
"5020554",378676,2026-04-16 12:17:59,25.0186767578125,-16.256067276001,"Unknown"
"5020554",378676,2026-04-16 12:23:00,25.0185451507568,-16.2567043304443,"Unknown"
"5020554",378676,2026-04-16 12:28:00,25.0184726715088,-16.2545433044434,"Unknown"
"5020554",378676,2026-04-16 12:33:00,25.0183124542236,-16.2551231384277,"Unknown"
"5020554",378676,2026-04-16 12:38:00,25.0181350708008,-16.2556838989258,"Unknown"
"5020554",378676,2026-04-16 12:43:02,25.0179672241211,-16.256383895874,"Unknown"
"5020554",378676,2026-04-16 12:48:00,25.0178241729736,-16.2571926116943,"Unknown"
"5020554",378676,2026-04-16 12:53:01,25.0175971984863,-16.2579364776611,"Unknown"
"5020554",378676,2026-04-16 12:58:00,25.0173969268799,-16.2585487365723,"Unknown"
"5020554",378676,2026-04-16 13:03:02,25.0173072814941,-16.2592124938965,"Unknown"
"5020554",378676,2026-04-16 13:08:01,25.0170650482178,-16.2599544525146,"Unknown"
"5020554",378676,2026-04-16 13:13:01,25.0168914794922,-16.2607612609863,"Unknown"
"5020554",378676,2026-04-16 13:18:02,25.0167560577393,-16.2616157531738,"Unknown"
"5020554",378676,2026-04-16 13:23:02,25.0166358947754,-16.2626419067383,"Unknown"
"5020554",378676,2026-04-16 13:28:01,25.0164985656738,-16.2637004852295,"Unknown"
"5020554",378676,2026-04-16 13:37:59,25.0160579681396,-16.2657337188721,"Unknown"
"5020554",378676,2026-04-16 13:43:01,25.0191307067871,-16.275993347168,"Unknown"
"5020554",378676,2026-04-16 13:48:03,25.0296936035156,-16.2909450531006,"Unknown"
"5020554",378676,2026-04-16 13:53:01,25.0382957458496,-16.3025894165039,"Unknown"
"5020554",378676,2026-04-16 13:58:01,25.0305786132812,-16.2838153839111,"Unknown"
"5020554",378676,2026-04-16 14:03:02,25.0321025848389,-16.2840671539307,"Unknown"
"5020554",378676,2026-04-16 14:08:06,25.0318851470947,-16.284854888916,"Unknown"
"5020554",378676,2026-04-16 14:14:24,25.0319843292236,-16.2889938354492,"Unknown"
"5020554",378676,2026-04-16 14:18:27,25.0343647003174,-16.289571762085,"Unknown"
"5020554",378676,2026-04-16 14:22:59,25.0364284515381,-16.2927169799805,"Unknown"
"5020554",378676,2026-04-16 14:28:01,25.0362911224365,-16.2932052612305,"Unknown"
"5020554",378676,2026-04-16 14:32:59,25.0358695983887,-16.2935962677002,"Unknown"
"5020554",378676,2026-04-16 14:37:59,25.0354290008545,-16.2939682006836,"Unknown"
"5020554",378676,2026-04-16 14:42:59,25.0349636077881,-16.2944068908691,"Unknown"
"5020554",378676,2026-04-16 14:47:59,25.0346012115479,-16.2950210571289,"Unknown"
"5020554",378676,2026-04-16 14:53:33,25.0341701507568,-16.2957897186279,"Unknown"
"5020554",378676,2026-04-16 14:57:58,25.033821105957,-16.2964534759521,"Unknown"
"5020554",378676,2026-04-16 15:02:58,25.0334625244141,-16.2970123291016,"Unknown"
"5020554",378676,2026-04-16 15:07:58,25.0329818725586,-16.2974853515625,"Unknown"
"5020554",378676,2026-04-16 15:13:00,25.0356979370117,-16.3080425262451,"Unknown"
"5020554",378676,2026-04-16 15:17:58,25.0343208312988,-16.3239002227783,"Unknown"
"5020554",378676,2026-04-16 15:22:58,25.02880859375,-16.3248195648193,"Unknown"
"5020554",378676,2026-04-16 15:27:58,25.0319728851318,-16.3318653106689,"Unknown"
"5020554",378676,2026-04-16 15:32:58,25.0320205688477,-16.3318004608154,"Unknown"
"5020554",378676,2026-04-16 15:37:58,25.0316123962402,-16.3322868347168,"Unknown"
"5020554",378676,2026-04-16 15:42:58,25.0310821533203,-16.3328990936279,"Unknown"
"5020554",378676,2026-04-16 15:47:58,25.0302658081055,-16.3333911895752,"Unknown"
"5020554",378676,2026-04-16 15:52:58,25.0341930389404,-16.3434104919434,"Unknown"
"5020554",378676,2026-04-16 15:57:58,25.0398559570312,-16.3523406982422,"Unknown"
"5020554",378676,2026-04-16 16:02:58,25.0391845703125,-16.3526954650879,"Unknown"
"5020554",378676,2026-04-16 16:07:58,25.0383987426758,-16.3530292510986,"Unknown"
"5020554",378676,2026-04-16 16:12:58,25.0376949310303,-16.3533687591553,"Unknown"
"5020554",378676,2026-04-16 16:17:59,25.0396595001221,-16.3479194641113,"Unknown"
"5020554",378676,2026-04-16 16:22:58,25.03977394104,-16.3430652618408,"Unknown"
"5020554",378676,2026-04-16 16:27:59,25.0389461517334,-16.343469619751,"Unknown"
"5020554",378676,2026-04-16 16:33:01,25.0393180847168,-16.3434867858887,"Unknown"
"5020554",378676,2026-04-16 16:38:01,25.0344200134277,-16.3243656158447,"Unknown"
"5020554",378676,2026-04-16 16:43:00,25.0291900634766,-16.3492736816406,"Unknown"
"5020554",378676,2026-04-16 16:48:01,25.0196323394775,-16.3671722412109,"Unknown"
"5020554",378676,2026-04-16 16:53:01,24.9855861663818,-16.3720722198486,"Unknown"
"5020554",378676,2026-04-16 16:57:58,24.9744853973389,-16.3764724731445,"Unknown"
"5020554",378676,2026-04-16 17:03:27,24.9736785888672,-16.3762092590332,"Unknown"
"5020554",378676,2026-04-16 17:08:00,24.9666709899902,-16.3932971954346,"Unknown"
"5020554",378676,2026-04-16 17:13:01,24.9706382751465,-16.3775501251221,"Unknown"
"5020554",378676,2026-04-16 17:18:01,24.9713935852051,-16.3763694763184,"Unknown"
"5020554",378676,2026-04-16 17:23:01,24.9706249237061,-16.376485824585,"Unknown"
"5020554",378676,2026-04-16 17:28:00,24.9700222015381,-16.3766174316406,"Unknown"
"5020554",378676,2026-04-16 17:38:00,24.9686317443848,-16.3758563995361,"Unknown"
"5020554",378676,2026-04-16 17:43:02,24.9681873321533,-16.3756332397461,"Unknown"
"5020554",378676,2026-04-16 17:48:02,24.9676742553711,-16.3750476837158,"Unknown"
"5020554",378676,2026-04-16 17:53:03,24.9667816162109,-16.3752193450928,"Unknown"
"5020554",378676,2026-04-16 17:58:00,24.9678001403809,-16.3758163452148,"Unknown"
"5020554",378676,2026-04-16 18:03:01,24.9832611083984,-16.378698348999,"Unknown"
"5020554",378676,2026-04-16 18:08:02,24.9847545623779,-16.3820667266846,"Unknown"
"5020554",378676,2026-04-16 18:13:01,24.9913864135742,-16.3948535919189,"Unknown"
"5020554",378676,2026-04-16 18:18:03,24.992992401123,-16.384256362915,"Unknown"
"5020554",378676,2026-04-16 18:23:03,24.9922523498535,-16.3846187591553,"Unknown"
"5020554",378676,2026-04-16 18:28:03,25.0013465881348,-16.3853816986084,"Unknown"
"5020554",378676,2026-04-16 18:33:02,25.0017929077148,-16.3584938049316,"Unknown"
"5020554",378676,2026-04-16 18:38:33,25.0025310516357,-16.3335819244385,"Unknown"
"5020554",378676,2026-04-16 18:42:59,25.0000095367432,-16.3364562988281,"Unknown"
"5020554",378676,2026-04-16 18:48:00,25.0004577636719,-16.3275051116943,"Unknown"
"5020554",378676,2026-04-16 18:52:59,25.0097980499268,-16.3061256408691,"Unknown"
"5020554",378676,2026-04-16 18:57:59,25.0118808746338,-16.3086414337158,"Unknown"
"5020554",378676,2026-04-16 19:02:59,25.0231075286865,-16.3068695068359,"Unknown"
"5020554",378676,2026-04-16 19:07:59,25.0265159606934,-16.2878322601318,"Unknown"
"5020554",378676,2026-04-16 19:12:59,25.0171947479248,-16.2757244110107,"Unknown"
"5020554",378676,2026-04-16 19:17:59,25.0185298919678,-16.2764186859131,"Unknown"
"5020554",378676,2026-04-16 19:23:00,25.0182838439941,-16.2770881652832,"Unknown"
"5020554",378676,2026-04-16 19:28:00,25.0180549621582,-16.2775802612305,"Unknown"
"5020554",378676,2026-04-16 19:32:59,25.0178470611572,-16.2778701782227,"Unknown"
"5020554",378676,2026-04-16 19:37:59,25.0176734924316,-16.2778873443604,"Unknown"
"5020554",378676,2026-04-16 19:42:59,25.017370223999,-16.2777671813965,"Unknown"
"5020554",378676,2026-04-16 19:47:59,25.0170249938965,-16.277681350708,"Unknown"
"5020554",378676,2026-04-16 19:52:59,25.0167255401611,-16.2776889801025,"Unknown"
"5020554",378676,2026-04-16 19:57:59,25.0164527893066,-16.2777194976807,"Unknown"
"5020554",378676,2026-04-16 20:02:59,25.0162830352783,-16.2775859832764,"Unknown"
"5020554",378676,2026-04-16 20:07:59,25.0159492492676,-16.2772312164307,"Unknown"
"5020554",378676,2026-04-16 20:12:59,25.0154895782471,-16.2766494750977,"Unknown"
"5020554",378676,2026-04-16 20:17:59,25.0150299072266,-16.2762851715088,"Unknown"
"5020554",378676,2026-04-16 20:22:59,25.0146617889404,-16.2761821746826,"Unknown"
"5020554",378676,2026-04-16 20:28:01,25.0144500732422,-16.2762794494629,"Unknown"
"5020554",378676,2026-04-16 20:33:00,25.0144519805908,-16.276741027832,"Unknown"
"5020554",378676,2026-04-16 20:38:03,25.0141849517822,-16.2768020629883,"Unknown"
"5020554",378676,2026-04-16 20:43:00,25.0135269165039,-16.276123046875,"Unknown"
"5020554",378676,2026-04-16 20:48:00,25.0129680633545,-16.2759323120117,"Unknown"
"5020554",378676,2026-04-16 20:52:59,25.0125579833984,-16.275764465332,"Unknown"
"5020554",378676,2026-04-16 20:57:59,25.0119915008545,-16.2754993438721,"Unknown"
"5020554",378676,2026-04-16 21:03:33,25.0111808776855,-16.275203704834,"Unknown"
"5020554",378676,2026-04-16 21:07:59,25.0104789733887,-16.2750492095947,"Unknown"
"5020554",378676,2026-04-16 21:12:59,25.0097045898438,-16.2749176025391,"Unknown"
"5020554",378676,2026-04-16 21:17:59,25.0088939666748,-16.2748107910156,"Unknown"
"5020554",378676,2026-04-16 21:22:59,25.0081577301025,-16.2746295928955,"Unknown"
"5020554",378676,2026-04-16 21:27:59,25.0074234008789,-16.2744102478027,"Unknown"
"5020554",378676,2026-04-16 21:38:01,25.006010055542,-16.2742938995361,"Unknown"
"5020554",378676,2026-04-16 21:43:00,25.0053443908691,-16.2744026184082,"Unknown"
"5020554",378676,2026-04-16 21:48:00,25.0047016143799,-16.2743911743164,"Unknown"
"5020554",378676,2026-04-16 21:52:59,25.0040187835693,-16.2741928100586,"Unknown"
"5020554",378676,2026-04-16 21:57:59,25.0032730102539,-16.2740116119385,"Unknown"
"5020554",378676,2026-04-16 22:02:59,25.0024795532227,-16.2738037109375,"Unknown"
"5020554",378676,2026-04-16 22:07:59,25.0018310546875,-16.2736072540283,"Unknown"
"5020554",378676,2026-04-16 22:12:59,25.0010833740234,-16.2735767364502,"Unknown"
"5020554",378676,2026-04-16 22:18:00,25.0003643035889,-16.2735614776611,"Unknown"
"5020554",378676,2026-04-16 22:22:59,24.9996185302734,-16.2735271453857,"Unknown"
"5020554",378676,2026-04-16 22:28:00,24.9988422393799,-16.2734851837158,"Unknown"
"5020554",378676,2026-04-16 22:33:00,24.998119354248,-16.2735137939453,"Unknown"
"5020554",378676,2026-04-16 22:37:59,24.9974479675293,-16.2735862731934,"Unknown"
"5020554",378676,2026-04-16 22:43:00,24.9967403411865,-16.2736721038818,"Unknown"
"5020554",378676,2026-04-16 22:48:00,24.996187210083,-16.2739658355713,"Unknown"
"5020554",378676,2026-04-16 22:52:59,24.9956874847412,-16.2743492126465,"Unknown"
"5020554",378676,2026-04-16 22:58:00,24.9951076507568,-16.2745780944824,"Unknown"
"5020554",378676,2026-04-16 23:03:00,24.9944591522217,-16.2747802734375,"Unknown"
"5020554",378676,2026-04-16 23:08:00,24.9937324523926,-16.2748603820801,"Unknown"
"5020554",378676,2026-04-16 23:13:00,24.9930725097656,-16.2749881744385,"Unknown"
"5020554",378676,2026-04-16 23:18:02,24.9922714233398,-16.2749443054199,"Unknown"
"5020554",378676,2026-04-16 23:23:01,24.9915523529053,-16.27512550354,"Unknown"
"5020554",378676,2026-04-16 23:27:59,24.9910316467285,-16.2754859924316,"Unknown"
"5020554",378676,2026-04-16 23:33:01,24.9903736114502,-16.2757263183594,"Unknown"
"5020554",378676,2026-04-16 23:38:00,24.9897041320801,-16.2759456634521,"Unknown"
"5020554",378676,2026-04-16 23:43:02,24.9889678955078,-16.276123046875,"Unknown"
"5020554",378676,2026-04-16 23:48:02,24.9882583618164,-16.2762413024902,"Unknown"
"5020554",378676,2026-04-16 23:53:02,24.9875202178955,-16.2762432098389,"Unknown"
"5020554",378676,2026-04-16 23:58:01,24.9868030548096,-16.2763118743896,"Unknown"
"5020554",378676,2026-04-17 00:03:32,24.9859733581543,-16.2764530181885,"Unknown"
"5020554",378676,2026-04-17 00:08:00,24.9852199554443,-16.2765522003174,"Unknown"
"5020554",378676,2026-04-17 00:13:00,24.9838581085205,-16.2759189605713,"Unknown"
"5020554",378676,2026-04-17 00:18:01,24.9829540252686,-16.2760810852051,"Unknown"
"5020554",378676,2026-04-17 00:23:00,24.9819946289062,-16.2761421203613,"Unknown"
"5020554",378676,2026-04-17 00:28:01,24.981071472168,-16.2761936187744,"Unknown"
"5020554",378676,2026-04-17 00:33:00,24.9802627563477,-16.2762184143066,"Unknown"
"5020554",378676,2026-04-17 00:38:00,24.9792633056641,-16.2760066986084,"Unknown"
"5020554",378676,2026-04-17 00:43:00,24.97829246521,-16.2756404876709,"Unknown"
"5020554",378676,2026-04-17 00:48:00,24.9769973754883,-16.27490234375,"Unknown"
"5020554",378676,2026-04-17 00:53:00,24.9759101867676,-16.2747421264648,"Unknown"
"5020554",378676,2026-04-17 00:58:00,24.9748306274414,-16.2747211456299,"Unknown"
"5020554",378676,2026-04-17 01:03:00,24.9737319946289,-16.274715423584,"Unknown"
"5020554",378676,2026-04-17 01:08:00,24.9726066589355,-16.2745952606201,"Unknown"
"5020554",378676,2026-04-17 01:13:00,24.9715061187744,-16.2744674682617,"Unknown"
"5020554",378676,2026-04-17 01:18:00,24.9703426361084,-16.274528503418,"Unknown"
"5020554",378676,2026-04-17 01:23:00,24.9692459106445,-16.2746353149414,"Unknown"
"5020554",378676,2026-04-17 01:28:00,24.9682102203369,-16.2750110626221,"Unknown"
"5020554",378676,2026-04-17 01:38:00,24.9659900665283,-16.2760276794434,"Unknown"
"5020554",378676,2026-04-17 01:48:04,24.9637622833252,-16.2770137786865,"Unknown"
"5020554",378676,2026-04-17 01:58:02,24.9613819122314,-16.2780838012695,"Unknown"
"5020554",378676,2026-04-17 02:08:00,24.9587688446045,-16.2793388366699,"Unknown"
"5020554",378676,2026-04-17 02:18:05,24.9560508728027,-16.2811298370361,"Unknown"
"5020554",378676,2026-04-17 02:28:33,24.9535350799561,-16.2829189300537,"Unknown"
"5020554",378676,2026-04-17 02:37:59,24.9514274597168,-16.2850189208984,"Unknown"
"5020554",378676,2026-04-17 02:47:59,24.9493217468262,-16.2872638702393,"Unknown"
"5020554",378676,2026-04-17 02:58:00,24.9472713470459,-16.2896614074707,"Unknown"
"5020554",378676,2026-04-17 03:07:59,24.9451026916504,-16.2922401428223,"Unknown"
"5020554",378676,2026-04-17 03:17:59,24.9429874420166,-16.2950382232666,"Unknown"
"5020554",378676,2026-04-17 03:27:59,24.9407405853271,-16.2978439331055,"Unknown"
"5020554",378676,2026-04-17 03:37:59,24.9437408447266,-16.3009128570557,"Unknown"
"5020554",378676,2026-04-17 03:47:59,24.9419651031494,-16.304500579834,"Unknown"
"5020554",378676,2026-04-17 03:57:59,24.9404029846191,-16.3081474304199,"Unknown"
"5020554",378676,2026-04-17 04:07:59,24.9388484954834,-16.3119277954102,"Unknown"
"5020554",378676,2026-04-17 04:18:00,24.9373626708984,-16.3155498504639,"Unknown"
"5020554",378676,2026-04-17 04:28:01,24.935863494873,-16.3192138671875,"Unknown"
"5020554",378676,2026-04-17 04:38:00,24.9344329833984,-16.3228511810303,"Unknown"
"5020554",378676,2026-04-17 04:48:02,24.9329261779785,-16.3264656066895,"Unknown"
"5020554",378676,2026-04-17 04:58:03,24.9316349029541,-16.3299465179443,"Unknown"
"5020554",378676,2026-04-17 05:08:08,24.9302349090576,-16.3334083557129,"Unknown"
"5020554",378676,2026-04-17 05:18:33,24.9292049407959,-16.3365745544434,"Unknown"
"5020554",378676,2026-04-17 05:28:00,24.9280605316162,-16.3396511077881,"Unknown"
"5020554",378676,2026-04-17 05:38:02,24.9265804290771,-16.3425827026367,"Unknown"
"5020554",378676,2026-04-17 05:58:00,24.9246730804443,-16.347728729248,"Unknown"
"5020554",378676,2026-04-17 06:09:25,24.9502906799316,-16.3773403167725,"Unknown"
"5020554",378676,2026-04-17 06:19:25,24.9910774230957,-16.4259605407715,"Unknown"
"5020554",378676,2026-04-17 06:28:02,25.0286140441895,-16.4740180969238,"Unknown"
"5020554",378676,2026-04-17 06:38:02,25.0720062255859,-16.5328941345215,"Unknown"
"5020554",378676,2026-04-17 06:49:25,25.1229248046875,-16.604040145874,"Unknown"
"5020554",378676,2026-04-17 06:59:25,25.1652717590332,-16.6692810058594,"Unknown"
"5020554",378676,2026-04-17 07:09:25,25.2086849212646,-16.7339706420898,"Unknown"
"5020554",378676,2026-04-17 07:19:25,25.250337600708,-16.7982063293457,"Unknown"
"5020554",378676,2026-04-17 07:39:25,25.3379440307617,-16.9278888702393,"Unknown"
"5020554",378676,2026-04-17 07:49:25,25.384822845459,-16.9905986785889,"Unknown"
"5020554",378676,2026-04-17 13:28:35,26.9961528778076,-18.557638168335,"Unknown"
"5020554",378676,2026-04-17 13:38:00,27.0203838348389,-18.5652885437012,"Unknown"
"5020554",378676,2026-04-17 13:47:59,27.0777587890625,-18.5818614959717,"Unknown"
"5020554",378676,2026-04-17 13:58:00,27.1264419555664,-18.5953369140625,"Unknown"
"5020554",378676,2026-04-17 14:08:02,27.1757583618164,-18.6023731231689,"Unknown"
"5020554",378676,2026-04-17 14:18:01,27.2114162445068,-18.6184101104736,"Unknown"
"5020554",378676,2026-04-17 14:28:01,27.25412940979,-18.6401710510254,"Unknown"
"5020554",378676,2026-04-17 14:38:00,27.2821941375732,-18.6477642059326,"Unknown"
"5020554",378676,2026-04-17 14:48:00,27.2818298339844,-18.6310958862305,"Unknown"
"5020554",378676,2026-04-17 14:58:04,27.283935546875,-18.613655090332,"Unknown"
"5020554",378676,2026-04-17 15:08:02,27.2834815979004,-18.6118545532227,"Unknown"
"5020554",378676,2026-04-17 15:18:00,27.3164958953857,-18.6289100646973,"Unknown"
"5020554",378676,2026-04-17 15:28:00,27.3569869995117,-18.6490459442139,"Unknown"
"5020554",378676,2026-04-17 15:38:02,27.3650245666504,-18.6503276824951,"Unknown"
"5020554",378676,2026-04-17 15:48:01,27.4038639068604,-18.6712379455566,"Unknown"
"5020554",378676,2026-04-17 15:58:02,27.4453582763672,-18.6904525756836,"Unknown"
"5020554",378676,2026-04-17 20:58:46,28.6472911834717,-18.3389911651611,"Unknown"
"5020554",378676,2026-04-17 21:07:59,28.6527347564697,-18.3315505981445,"Unknown"
"5020554",378676,2026-04-17 21:18:00,28.6731967926025,-18.2996959686279,"Unknown"
"5020554",378676,2026-04-17 21:28:02,28.6929321289062,-18.263427734375,"Unknown"
"5020554",378676,2026-04-17 21:38:02,28.7125434875488,-18.2271099090576,"Unknown"
"5020554",378676,2026-04-17 21:48:01,28.728536605835,-18.1953010559082,"Unknown"
"5020554",378676,2026-04-17 21:58:03,28.7224807739258,-18.1488857269287,"Unknown"
"5020554",378676,2026-04-17 22:08:03,28.7229022979736,-18.0910110473633,"Unknown"
"5020554",378676,2026-04-17 22:18:02,28.7485160827637,-18.020866394043,"Unknown"
"5020554",378676,2026-04-17 22:28:02,28.799840927124,-17.9902229309082,"Unknown"
"5020554",378676,2026-04-17 22:29:02,28.8031234741211,-17.9846687316895,"Unknown"
"5020554",378676,2026-04-17 22:30:02,28.8057594299316,-17.9827899932861,"Unknown"
"5020554",378676,2026-04-17 22:31:02,28.8090171813965,-17.9772491455078,"Unknown"
"5020554",378676,2026-04-17 22:32:02,28.8124656677246,-17.971794128418,"Unknown"
"5020554",378676,2026-04-17 22:33:00,28.8164463043213,-17.9672336578369,"Unknown"
"5020554",378676,2026-04-17 22:34:02,28.8221702575684,-17.9640102386475,"Unknown"
"5020554",378676,2026-04-17 22:44:02,28.8534603118896,-17.9272422790527,"Unknown"
"5020554",378676,2026-04-17 22:45:03,28.8557357788086,-17.9251232147217,"Unknown"
"5020554",378676,2026-04-17 22:46:02,28.858190536499,-17.9229373931885,"Unknown"
"5020554",378676,2026-04-17 22:48:25,28.8601627349854,-17.9149017333984,"Unknown"
"5020554",378676,2026-04-17 22:57:08,28.8448295593262,-17.8908843994141,"Unknown"
"5020554",378676,2026-04-17 22:58:02,28.8404712677002,-17.8885631561279,"Unknown"
"5020554",378676,2026-04-17 23:09:25,28.8335132598877,-17.8305950164795,"Unknown"
"5020554",378676,2026-04-17 23:19:05,28.8404350280762,-17.8110790252686,"Unknown"
"5020554",378676,2026-04-17 23:28:05,28.8401622772217,-17.7763977050781,"Unknown"
"5020554",378676,2026-04-17 23:38:00,28.8318614959717,-17.7710075378418,"Unknown"
"5020554",378676,2026-04-17 23:48:01,28.8312301635742,-17.7711639404297,"Unknown"
"5020554",378676,2026-04-17 23:58:02,28.7898502349854,-17.7550525665283,"Unknown"
"5020554",378676,2026-04-18 00:08:30,28.7949447631836,-17.7867069244385,"Unknown"
"5020554",378676,2026-04-18 00:18:03,28.7919731140137,-17.7995681762695,"Unknown"
"5020554",378676,2026-04-18 00:28:05,28.7841949462891,-17.8078155517578,"Unknown"
"5020554",378676,2026-04-18 00:38:02,28.7799816131592,-17.8123989105225,"Unknown"
"5020554",378676,2026-04-18 00:48:01,28.7844085693359,-17.8107395172119,"Unknown"
"5020554",378676,2026-04-18 00:58:16,28.7802085876465,-17.8106060028076,"Unknown"
"5020554",378676,2026-04-18 01:09:25,28.7802562713623,-17.8108711242676,"Unknown"
"5020554",378676,2026-04-18 01:19:25,28.7803173065186,-17.8108596801758,"Unknown"
"5020554",378676,2026-04-18 01:29:25,28.7803726196289,-17.8108558654785,"Unknown"
"5020554",378676,2026-04-18 01:39:25,28.7802543640137,-17.8108501434326,"Unknown"
"5020554",378676,2026-04-18 01:49:25,28.7803649902344,-17.8108100891113,"Unknown"
"5020554",378676,2026-04-18 01:59:25,28.7802219390869,-17.8108692169189,"Unknown"
"5020554",378676,2026-04-18 02:08:07,28.7802467346191,-17.8109321594238,"Unknown"
"5020554",378676,2026-04-18 02:18:07,28.7802696228027,-17.8108329772949,"Unknown"
"5020554",378676,2026-04-18 02:28:05,28.7803573608398,-17.8109397888184,"Unknown"
"5020554",378676,2026-04-18 02:38:06,28.7803192138672,-17.8109664916992,"Unknown"
"5020554",378676,2026-04-18 02:48:10,28.7803287506104,-17.8109321594238,"Unknown"
"5020554",378676,2026-04-18 02:58:18,28.7814846038818,-17.8104972839355,"Unknown"
"5020554",378676,2026-04-18 03:09:04,28.7835693359375,-17.8114166259766,"Unknown"
"5020554",378676,2026-04-18 04:29:25,28.7802906036377,-17.8109111785889,"Unknown"
"5020554",378676,2026-04-18 04:39:25,28.7802925109863,-17.8108825683594,"Unknown"
"5020554",378676,2026-04-18 04:49:25,28.7802867889404,-17.8108749389648,"Unknown"
"5020554",378676,2026-04-18 05:09:25,28.7802791595459,-17.8109798431396,"Unknown"
"5020554",378676,2026-04-18 05:28:07,28.7985610961914,-17.7857551574707,"Unknown"
"5020554",378676,2026-04-18 05:48:33,28.809928894043,-17.7414379119873,"Unknown"
"5020554",378676,2026-04-18 06:08:02,28.7867774963379,-17.7293167114258,"Unknown"
"5020554",378676,2026-04-18 06:28:01,28.7903537750244,-17.7328491210938,"Unknown"
"5020554",378676,2026-04-18 06:48:01,28.7741775512695,-17.7160873413086,"Unknown"
"5020554",378676,2026-04-18 07:09:25,28.6824226379395,-17.6150341033936,"Unknown"
"5020554",378676,2026-04-18 07:28:33,28.6384506225586,-17.5240039825439,"Unknown"
"5020554",378676,2026-04-18 09:28:32,28.7189502716064,-17.5182914733887,"Unknown"
"5020554",378676,2026-04-18 09:38:02,28.7270336151123,-17.5182838439941,"Unknown"
"5020554",378676,2026-04-18 09:47:59,28.7334327697754,-17.518482208252,"Unknown"
"5020554",378676,2026-04-18 09:58:00,28.732946395874,-17.5201930999756,"Unknown"
"5020554",378676,2026-04-18 10:08:00,28.7326717376709,-17.5217380523682,"Unknown"
"5020554",378676,2026-04-18 10:18:02,28.7327785491943,-17.5232086181641,"Unknown"
"5020554",378676,2026-04-18 10:28:01,28.7328681945801,-17.5247211456299,"Unknown"
"5020554",378676,2026-04-18 10:38:00,28.7330360412598,-17.5265617370605,"Unknown"
"5020554",378676,2026-04-18 10:48:06,28.7331027984619,-17.528413772583,"Unknown"
"5020554",378676,2026-04-18 10:58:03,28.733304977417,-17.5302314758301,"Unknown"
"5020554",378676,2026-04-18 11:08:04,28.7335872650146,-17.5319309234619,"Unknown"
"5020554",378676,2026-04-18 11:18:02,28.7338562011719,-17.5334854125977,"Unknown"
"5020554",378676,2026-04-18 11:28:33,28.7342662811279,-17.5348358154297,"Unknown"
"5020554",378676,2026-04-18 11:38:00,28.7347393035889,-17.5358409881592,"Unknown"
"5020554",378676,2026-04-18 11:48:02,28.7351570129395,-17.5368270874023,"Unknown"
"5020554",378676,2026-04-18 11:58:01,28.7357139587402,-17.5377578735352,"Unknown"
"5020554",378676,2026-04-18 12:08:01,28.7363147735596,-17.5385627746582,"Unknown"
"5020554",378676,2026-04-18 12:18:02,28.7369537353516,-17.5391540527344,"Unknown"
"5020554",378676,2026-04-18 12:28:02,28.7374439239502,-17.540096282959,"Unknown"
"5020554",378676,2026-04-18 12:38:02,28.7377815246582,-17.5410232543945,"Unknown"
"5020554",378676,2026-04-18 12:48:01,28.7387218475342,-17.5416526794434,"Unknown"
"5020554",378676,2026-04-18 12:58:02,28.7397880554199,-17.542407989502,"Unknown"
"5020554",378676,2026-04-18 13:08:02,28.7407417297363,-17.5430374145508,"Unknown"
"5020554",378676,2026-04-18 13:18:03,28.7418575286865,-17.5436210632324,"Unknown"
"5020554",378676,2026-04-18 13:28:00,28.742790222168,-17.5442199707031,"Unknown"
"5020554",378676,2026-04-18 13:38:00,28.7437000274658,-17.5447540283203,"Unknown"
"5020554",378676,2026-04-18 13:48:04,28.744758605957,-17.5453453063965,"Unknown"
"5020554",378676,2026-04-18 13:58:04,28.7453804016113,-17.545768737793,"Unknown"
"5020554",378676,2026-04-18 14:08:32,28.7458267211914,-17.546142578125,"Unknown"
"5020554",378676,2026-04-18 14:18:03,28.7464466094971,-17.5463981628418,"Unknown"
"5020554",378676,2026-04-18 14:28:02,28.7472839355469,-17.5467624664307,"Unknown"
"5020554",378676,2026-04-18 14:38:01,28.7481098175049,-17.5470695495605,"Unknown"
"5020554",378676,2026-04-18 14:48:02,28.7489757537842,-17.547191619873,"Unknown"
"5020554",378676,2026-04-18 14:58:01,28.7498188018799,-17.5471019744873,"Unknown"
"5020554",378676,2026-04-18 15:08:00,28.7506542205811,-17.5468196868896,"Unknown"
"5020554",378676,2026-04-18 15:18:00,28.751522064209,-17.5467128753662,"Unknown"
"5020554",378676,2026-04-18 15:28:01,28.7522201538086,-17.5467700958252,"Unknown"
"5020554",378676,2026-04-18 15:38:02,28.7529640197754,-17.5468597412109,"Unknown"
"5020554",378676,2026-04-18 15:48:04,28.7534599304199,-17.5471172332764,"Unknown"
"5020554",378676,2026-04-18 15:58:01,28.7539463043213,-17.5472373962402,"Unknown"
"5020554",378676,2026-04-18 16:08:33,28.7544021606445,-17.5473194122314,"Unknown"
"5020554",378676,2026-04-18 16:18:01,28.7546443939209,-17.5473937988281,"Unknown"
"5020554",378676,2026-04-18 16:28:00,28.7547588348389,-17.5475082397461,"Unknown"
"5020554",378676,2026-04-18 16:38:00,28.754825592041,-17.5477962493896,"Unknown"
"5020554",378676,2026-04-18 16:48:01,28.7547302246094,-17.548282623291,"Unknown"
"5020554",378676,2026-04-18 16:58:01,28.754467010498,-17.5487766265869,"Unknown"
"5020554",378676,2026-04-18 17:08:01,28.7544097900391,-17.5492420196533,"Unknown"
"5020554",378676,2026-04-18 17:18:03,28.7543601989746,-17.5498275756836,"Unknown"
"5020554",378676,2026-04-18 17:28:02,28.749340057373,-17.5566921234131,"Unknown"
"5020554",378676,2026-04-18 17:38:00,28.7500152587891,-17.5996170043945,"Unknown"
"5020554",378676,2026-04-18 17:48:00,28.7546157836914,-17.5983276367188,"Unknown"
"5020554",378676,2026-04-18 17:58:02,28.7606410980225,-17.6387672424316,"Unknown"
"5020554",378676,2026-04-18 18:08:02,28.7741374969482,-17.6865177154541,"Unknown"
"5020554",378676,2026-04-18 18:18:03,28.7460765838623,-17.7153472900391,"Unknown"
"5020554",378676,2026-04-18 18:28:04,28.7697162628174,-17.7317237854004,"Unknown"
"5020554",378676,2026-04-18 18:38:03,28.7696933746338,-17.7316360473633,"Unknown"
"5020554",378676,2026-04-18 18:39:10,28.7696990966797,-17.7315769195557,"Unknown"
"5020554",378676,2026-04-18 18:40:06,28.7696781158447,-17.7315006256104,"Unknown"
"5020554",378676,2026-04-18 18:41:06,28.7696876525879,-17.7314987182617,"Unknown"
"5020554",378676,2026-04-18 18:42:05,28.7697219848633,-17.7314262390137,"Unknown"
"5020554",378676,2026-04-18 18:43:47,28.7697200775146,-17.7312889099121,"Unknown"
"5020554",378676,2026-04-18 18:44:00,28.7696743011475,-17.7312164306641,"Unknown"
"5020554",378676,2026-04-18 18:45:00,28.7696857452393,-17.7311515808105,"Unknown"
"5020554",378676,2026-04-18 18:46:03,28.7696990966797,-17.7310848236084,"Unknown"
"5020554",378676,2026-04-18 18:47:00,28.7697296142578,-17.7310657501221,"Unknown"
"5020554",378676,2026-04-18 18:48:00,28.7697467803955,-17.7310447692871,"Unknown"
"5020554",378676,2026-04-18 18:49:00,28.7697677612305,-17.730978012085,"Unknown"
"5020554",378676,2026-04-18 18:50:03,28.7697448730469,-17.730899810791,"Unknown"
"5020554",378676,2026-04-18 18:51:01,28.769775390625,-17.7308731079102,"Unknown"
"5020554",378676,2026-04-18 18:52:02,28.7698211669922,-17.7307968139648,"Unknown"
"5020554",378676,2026-04-18 18:53:02,28.7698307037354,-17.7307682037354,"Unknown"
"5020554",378676,2026-04-18 18:54:02,28.7698650360107,-17.7307662963867,"Unknown"
"5020554",378676,2026-04-18 18:55:33,28.7698192596436,-17.7307205200195,"Unknown"
"5020554",378676,2026-04-18 18:56:00,28.7698059082031,-17.7306652069092,"Unknown"
"5020554",378676,2026-04-18 18:57:00,28.7697772979736,-17.7306060791016,"Unknown"
"5020554",378676,2026-04-18 18:58:01,28.7697906494141,-17.7306079864502,"Unknown"
"5020554",378676,2026-04-18 18:59:00,28.7697982788086,-17.7305641174316,"Unknown"
"5020554",378676,2026-04-18 19:00:00,28.7698078155518,-17.730504989624,"Unknown"
"5020554",378676,2026-04-18 19:01:00,28.7697563171387,-17.7303867340088,"Unknown"
"5020554",378676,2026-04-18 19:02:00,28.7698173522949,-17.7303295135498,"Unknown"
"5020554",378676,2026-04-18 19:03:00,28.7698726654053,-17.7303142547607,"Unknown"
"5020554",378676,2026-04-18 19:04:00,28.7698745727539,-17.7302303314209,"Unknown"
"5020554",378676,2026-04-18 19:05:00,28.7699069976807,-17.7302207946777,"Unknown"
"5020554",378676,2026-04-18 19:06:00,28.7698707580566,-17.7301025390625,"Unknown"
"5020554",378676,2026-04-18 19:07:00,28.7698860168457,-17.730073928833,"Unknown"
"5020554",378676,2026-04-18 19:08:00,28.7698631286621,-17.72998046875,"Unknown"
"5020554",378676,2026-04-18 19:09:00,28.7698745727539,-17.7298946380615,"Unknown"
"5020554",378676,2026-04-18 19:10:00,28.7699508666992,-17.7298679351807,"Unknown"
"5020554",378676,2026-04-18 19:11:00,28.7700290679932,-17.7298240661621,"Unknown"
"5020554",378676,2026-04-18 19:12:00,28.7700366973877,-17.729700088501,"Unknown"
"5020554",378676,2026-04-18 19:13:00,28.7700862884521,-17.729700088501,"Unknown"
"5020554",378676,2026-04-18 19:14:01,28.7700271606445,-17.7295837402344,"Unknown"
"5020554",378676,2026-04-18 19:15:00,28.7699966430664,-17.7295265197754,"Unknown"
"5020554",378676,2026-04-18 19:16:03,28.7700157165527,-17.7295169830322,"Unknown"
"5020554",378676,2026-04-18 19:17:03,28.7699890136719,-17.7294826507568,"Unknown"
"5020554",378676,2026-04-18 19:18:00,28.7699947357178,-17.7294368743896,"Unknown"
"5020554",378676,2026-04-18 19:19:00,28.7700061798096,-17.7294273376465,"Unknown"
"5020554",378676,2026-04-18 19:20:01,28.7700176239014,-17.7293968200684,"Unknown"
"5020554",378676,2026-04-18 19:21:00,28.7700157165527,-17.7293281555176,"Unknown"
"5020554",378676,2026-04-18 19:22:02,28.7700386047363,-17.7293472290039,"Unknown"
"5020554",378676,2026-04-18 19:23:00,28.7700500488281,-17.7292919158936,"Unknown"
"5020554",378676,2026-04-18 19:24:00,28.7700500488281,-17.72926902771,"Unknown"
"5020554",378676,2026-04-18 19:25:00,28.7700958251953,-17.7292366027832,"Unknown"
"5020554",378676,2026-04-18 19:26:00,28.7701568603516,-17.7292213439941,"Unknown"
"5020554",378676,2026-04-18 19:27:00,28.7702198028564,-17.7291812896729,"Unknown"
"5020554",378676,2026-04-18 19:28:00,28.7702369689941,-17.7291164398193,"Unknown"
"5020554",378676,2026-04-18 19:29:02,28.7702770233154,-17.7291412353516,"Unknown"
"5020554",378676,2026-04-18 19:30:00,28.7702388763428,-17.7290821075439,"Unknown"
"5020554",378676,2026-04-18 19:31:00,28.7702579498291,-17.7290649414062,"Unknown"
"5020554",378676,2026-04-18 19:32:03,28.7703151702881,-17.7290897369385,"Unknown"
"5020554",378676,2026-04-18 19:33:00,28.7689170837402,-17.7282466888428,"Unknown"
"5020554",378676,2026-04-18 19:34:03,28.7662487030029,-17.7274017333984,"Unknown"
"5020554",378676,2026-04-18 19:35:01,28.7642364501953,-17.7270240783691,"Unknown"
"5020554",378676,2026-04-18 19:36:03,28.7657241821289,-17.7311096191406,"Unknown"
"5020554",378676,2026-04-18 19:37:00,28.769567489624,-17.7337532043457,"Unknown"
"5020554",378676,2026-04-18 19:38:00,28.7727966308594,-17.7357063293457,"Unknown"
"5020554",378676,2026-04-18 19:39:00,28.7728061676025,-17.7356758117676,"Unknown"
"5020554",378676,2026-04-18 19:40:02,28.7728004455566,-17.735652923584,"Unknown"
"5020554",378676,2026-04-18 19:41:00,28.7728004455566,-17.7356243133545,"Unknown"
"5020554",378676,2026-04-18 19:42:01,28.7728137969971,-17.73561668396,"Unknown"
"5020554",378676,2026-04-18 19:42:59,28.7728004455566,-17.7355613708496,"Unknown"
"5020554",378676,2026-04-18 19:44:00,28.7728214263916,-17.7355327606201,"Unknown"
"5020554",378676,2026-04-18 19:45:03,28.7728137969971,-17.7354946136475,"Unknown"
"5020554",378676,2026-04-18 19:45:59,28.7728652954102,-17.7354507446289,"Unknown"
"5020554",378676,2026-04-18 19:47:00,28.7728481292725,-17.7354316711426,"Unknown"
"5020554",378676,2026-04-18 19:48:00,28.7728672027588,-17.7354049682617,"Unknown"
"5020554",378676,2026-04-18 19:48:59,28.7729072570801,-17.7353439331055,"Unknown"
"5020554",378676,2026-04-18 19:50:00,28.7729320526123,-17.7353439331055,"Unknown"
"5020554",378676,2026-04-18 19:51:00,28.7729568481445,-17.7353115081787,"Unknown"
"5020554",378676,2026-04-18 19:52:00,28.7729778289795,-17.7352600097656,"Unknown"
"5020554",378676,2026-04-18 19:53:01,28.7730159759521,-17.7352600097656,"Unknown"
"5020554",378676,2026-04-18 19:54:01,28.7730312347412,-17.7352504730225,"Unknown"
"5020554",378676,2026-04-18 19:55:02,28.7730350494385,-17.7352027893066,"Unknown"
"5020554",378676,2026-04-18 19:56:00,28.7730884552002,-17.7351932525635,"Unknown"
"5020554",378676,2026-04-18 19:57:00,28.7730979919434,-17.7351665496826,"Unknown"
"5020554",378676,2026-04-18 19:58:00,28.7731056213379,-17.7352046966553,"Unknown"
"5020554",378676,2026-04-18 19:59:00,28.77317237854,-17.7351970672607,"Unknown"
"5020554",378676,2026-04-18 20:00:00,28.7731971740723,-17.7351932525635,"Unknown"
"5020554",378676,2026-04-18 20:01:00,28.7732257843018,-17.7351589202881,"Unknown"
"5020554",378676,2026-04-18 20:02:03,28.7732715606689,-17.7351398468018,"Unknown"
"5020554",378676,2026-04-18 20:03:03,28.7733116149902,-17.7351093292236,"Unknown"
"5020554",378676,2026-04-18 20:04:00,28.7733497619629,-17.7351093292236,"Unknown"
"5020554",378676,2026-04-18 20:05:00,28.7733688354492,-17.7351303100586,"Unknown"
"5020554",378676,2026-04-18 20:06:00,28.7733955383301,-17.7351779937744,"Unknown"
"5020554",378676,2026-04-18 20:07:00,28.7734279632568,-17.7351608276367,"Unknown"
"5020554",378676,2026-04-18 20:08:01,28.7734832763672,-17.7351226806641,"Unknown"
"5020554",378676,2026-04-18 20:09:00,28.7735500335693,-17.7350769042969,"Unknown"
"5020554",378676,2026-04-18 20:10:00,28.7735843658447,-17.7351036071777,"Unknown"
"5020554",378676,2026-04-18 20:11:00,28.7736549377441,-17.7350673675537,"Unknown"
"5020554",378676,2026-04-18 20:12:00,28.7737426757812,-17.7350730895996,"Unknown"
"5020554",378676,2026-04-18 20:13:00,28.7738342285156,-17.7350788116455,"Unknown"
"5020554",378676,2026-04-18 20:14:00,28.7738628387451,-17.7350826263428,"Unknown"
"5020554",378676,2026-04-18 20:15:00,28.7739372253418,-17.735050201416,"Unknown"
"5020554",378676,2026-04-18 20:16:00,28.7740058898926,-17.7350730895996,"Unknown"
"5020554",378676,2026-04-18 20:17:02,28.774055480957,-17.7350635528564,"Unknown"
"5020554",378676,2026-04-18 20:18:01,28.7741470336914,-17.7350177764893,"Unknown"
"5020554",378676,2026-04-18 20:19:00,28.7742004394531,-17.7350006103516,"Unknown"
"5020554",378676,2026-04-18 20:20:00,28.774242401123,-17.7350006103516,"Unknown"
"5020554",378676,2026-04-18 20:21:01,28.7742614746094,-17.734977722168,"Unknown"
"5020554",378676,2026-04-18 20:22:03,28.7742977142334,-17.7349967956543,"Unknown"
"5020554",378676,2026-04-18 20:23:01,28.7743301391602,-17.7350082397461,"Unknown"
"5020554",378676,2026-04-18 20:24:00,28.7743625640869,-17.7350273132324,"Unknown"
"5020554",378676,2026-04-18 20:25:03,28.7744026184082,-17.7350196838379,"Unknown"
"5020554",378676,2026-04-18 20:26:03,28.774471282959,-17.7350482940674,"Unknown"
"5020554",378676,2026-04-18 20:27:03,28.7744922637939,-17.7350826263428,"Unknown"
"5020554",378676,2026-04-18 20:28:03,28.7745170593262,-17.7350788116455,"Unknown"
"5020554",378676,2026-04-18 20:29:03,28.7745208740234,-17.7351093292236,"Unknown"
"5020554",378676,2026-04-18 20:30:03,28.7745609283447,-17.7350845336914,"Unknown"
"5020554",378676,2026-04-18 20:31:00,28.774585723877,-17.7351455688477,"Unknown"
"5020554",378676,2026-04-18 20:32:02,28.7746028900146,-17.7351493835449,"Unknown"
"5020554",378676,2026-04-18 20:33:01,28.7746353149414,-17.735143661499,"Unknown"
"5020554",378676,2026-04-18 20:34:03,28.7746486663818,-17.7351894378662,"Unknown"
"5020554",378676,2026-04-18 20:35:00,28.77463722229,-17.7352180480957,"Unknown"
"5020554",378676,2026-04-18 20:36:02,28.7746486663818,-17.7352409362793,"Unknown"
"5020554",378676,2026-04-18 20:37:01,28.7746772766113,-17.7352600097656,"Unknown"
"5020554",378676,2026-04-18 20:38:00,28.7747364044189,-17.7352695465088,"Unknown"
"5020554",378676,2026-04-18 20:39:02,28.7748012542725,-17.7352905273438,"Unknown"
"5020554",378676,2026-04-18 20:40:01,28.7748260498047,-17.7352752685547,"Unknown"
"5020554",378676,2026-04-18 20:41:01,28.7748622894287,-17.7352905273438,"Unknown"
"5020554",378676,2026-04-18 20:42:03,28.7748985290527,-17.7352466583252,"Unknown"
"5020554",378676,2026-04-18 20:43:02,28.7749652862549,-17.7352466583252,"Unknown"
"5020554",378676,2026-04-18 20:44:04,28.774974822998,-17.735221862793,"Unknown"
"5020554",378676,2026-04-18 20:45:01,28.7749881744385,-17.7351875305176,"Unknown"
"5020554",378676,2026-04-18 20:46:01,28.7750186920166,-17.7351894378662,"Unknown"
"5020554",378676,2026-04-18 20:47:01,28.7750492095947,-17.7351741790771,"Unknown"
"5020554",378676,2026-04-18 20:48:00,28.7751083374023,-17.7351245880127,"Unknown"
"5020554",378676,2026-04-18 20:49:02,28.7751026153564,-17.735107421875,"Unknown"
"5020554",378676,2026-04-18 20:50:02,28.7751312255859,-17.735107421875,"Unknown"
"5020554",378676,2026-04-18 20:51:01,28.7752017974854,-17.7350597381592,"Unknown"
"5020554",378676,2026-04-18 20:52:05,28.7752456665039,-17.7350215911865,"Unknown"
"5020554",378676,2026-04-18 20:53:00,28.7753257751465,-17.7349796295166,"Unknown"
"5020554",378676,2026-04-18 20:54:05,28.7753753662109,-17.7349624633789,"Unknown"
"5020554",378676,2026-04-18 20:55:03,28.7753887176514,-17.734977722168,"Unknown"
"5020554",378676,2026-04-18 20:56:02,28.7754020690918,-17.7350063323975,"Unknown"
"5020554",378676,2026-04-18 20:57:02,28.7754344940186,-17.734992980957,"Unknown"
"5020554",378676,2026-04-18 20:58:03,28.7754669189453,-17.7349662780762,"Unknown"
"5020554",378676,2026-04-18 20:59:05,28.7754993438721,-17.7349281311035,"Unknown"
"5020554",378676,2026-04-18 21:00:33,28.7755813598633,-17.7349586486816,"Unknown"
"5020554",378676,2026-04-18 21:01:00,28.7755756378174,-17.7349376678467,"Unknown"
"5020554",378676,2026-04-18 21:02:00,28.7756080627441,-17.7349281311035,"Unknown"
"5020554",378676,2026-04-18 21:03:00,28.7756175994873,-17.734935760498,"Unknown"
"5020554",378676,2026-04-18 21:04:00,28.7757015228271,-17.7349643707275,"Unknown"
"5020554",378676,2026-04-18 21:05:00,28.775728225708,-17.7349987030029,"Unknown"
"5020554",378676,2026-04-18 21:06:00,28.7757339477539,-17.7350330352783,"Unknown"
"5020554",378676,2026-04-18 21:07:00,28.7757930755615,-17.7350692749023,"Unknown"
"5020554",378676,2026-04-18 21:08:00,28.7758235931396,-17.7351207733154,"Unknown"
"5020554",378676,2026-04-18 21:09:00,28.7758693695068,-17.7351837158203,"Unknown"
"5020554",378676,2026-04-18 21:10:00,28.7758808135986,-17.7352237701416,"Unknown"
"5020554",378676,2026-04-18 21:11:00,28.7753200531006,-17.7354278564453,"Unknown"
"5020554",378676,2026-04-18 21:12:01,28.7714157104492,-17.7346324920654,"Unknown"
"5020554",378676,2026-04-18 21:13:01,28.7683773040771,-17.735710144043,"Unknown"
"5020554",378676,2026-04-18 21:14:00,28.7744598388672,-17.7423114776611,"Unknown"
"5020554",378676,2026-04-18 21:15:00,28.7793655395508,-17.7471714019775,"Unknown"
"5020554",378676,2026-04-18 21:16:00,28.7809772491455,-17.749210357666,"Unknown"
"5020554",378676,2026-04-18 21:17:00,28.7844982147217,-17.7488059997559,"Unknown"
"5020554",378676,2026-04-18 21:18:01,28.7871074676514,-17.7492427825928,"Unknown"
"5020554",378676,2026-04-18 21:19:01,28.7893753051758,-17.7582988739014,"Unknown"
"5020554",378676,2026-04-18 21:20:00,28.7912826538086,-17.7645874023438,"Unknown"
"5020554",378676,2026-04-18 21:21:01,28.7958278656006,-17.7736968994141,"Unknown"
"5020554",378676,2026-04-18 21:22:01,28.7991104125977,-17.7814960479736,"Unknown"
"5020554",378676,2026-04-18 21:23:00,28.7990970611572,-17.7839622497559,"Unknown"
"5020554",378676,2026-04-18 21:24:00,28.8003730773926,-17.7882175445557,"Unknown"
"5020554",378676,2026-04-18 21:25:01,28.8010902404785,-17.7900772094727,"Unknown"
"5020554",378676,2026-04-18 21:26:00,28.801176071167,-17.7964401245117,"Unknown"
"5020554",378676,2026-04-18 21:27:01,28.8066139221191,-17.8029022216797,"Unknown"
"5020554",378676,2026-04-18 21:28:01,28.8046760559082,-17.8056335449219,"Unknown"
"5020554",378676,2026-04-18 21:29:00,28.8026123046875,-17.8055953979492,"Unknown"
"5020554",378676,2026-04-18 21:30:00,28.8007774353027,-17.805492401123,"Unknown"
"5020554",378676,2026-04-18 21:31:00,28.7996234893799,-17.8082847595215,"Unknown"
"5020554",378676,2026-04-18 21:32:00,28.7965488433838,-17.8056221008301,"Unknown"
"5020554",378676,2026-04-18 21:33:01,28.7930679321289,-17.8055686950684,"Unknown"
"5020554",378676,2026-04-18 21:34:00,28.7902145385742,-17.8075122833252,"Unknown"
"5020554",378676,2026-04-18 21:35:01,28.7871246337891,-17.8092460632324,"Unknown"
"5020554",378676,2026-04-18 21:36:01,28.7812519073486,-17.8111267089844,"Unknown"
"5020554",378676,2026-04-18 21:37:02,28.7798252105713,-17.8110370635986,"Unknown"
"5020554",378676,2026-04-18 21:38:01,28.7802429199219,-17.8112716674805,"Unknown"
"5020554",378676,2026-04-18 21:39:02,28.7801189422607,-17.8113536834717,"Unknown"
"5020554",378676,2026-04-18 21:40:03,28.7796897888184,-17.8102416992188,"Unknown"
"5020554",378676,2026-04-18 21:41:01,28.7806911468506,-17.8105945587158,"Unknown"
"5020554",378676,2026-04-18 21:42:01,28.7802467346191,-17.8104991912842,"Unknown"
"5020554",378676,2026-04-18 21:43:00,28.7801361083984,-17.8116550445557,"Unknown"
"5020554",378676,2026-04-18 21:44:00,28.7797985076904,-17.8126201629639,"Unknown"
"5020554",378676,2026-04-18 21:45:00,28.7802276611328,-17.8114585876465,"Unknown"
"5020554",378676,2026-04-18 21:46:01,28.7818031311035,-17.8122005462646,"Unknown"
"5020554",378676,2026-04-18 21:47:01,28.7805995941162,-17.8113784790039,"Unknown"
"5020554",378676,2026-04-18 21:48:01,28.7814865112305,-17.8099231719971,"Unknown"
"5020554",378676,2026-04-18 21:49:01,28.7802391052246,-17.8117733001709,"Unknown"
"5020554",378676,2026-04-18 21:50:00,28.7801475524902,-17.8114147186279,"Unknown"
"5020554",378676,2026-04-18 21:51:03,28.7802867889404,-17.8113403320312,"Unknown"
"5020554",378676,2026-04-18 21:52:05,28.7801570892334,-17.8113651275635,"Unknown"
"5020554",378676,2026-04-18 21:53:04,28.7800369262695,-17.8113040924072,"Unknown"
"5020554",378676,2026-04-18 21:54:40,28.7800922393799,-17.8113670349121,"Unknown"
"5020554",378676,2026-04-18 21:55:36,28.7799243927002,-17.8114547729492,"Unknown"
"5020554",378676,2026-04-18 21:56:01,28.7801322937012,-17.8113460540771,"Unknown"
"5020554",378676,2026-04-18 21:57:41,28.7800827026367,-17.8113956451416,"Unknown"
"5020554",378676,2026-04-18 21:58:00,28.7800159454346,-17.8113975524902,"Unknown"
"5020554",378676,2026-04-18 21:59:56,28.7800788879395,-17.8113861083984,"Unknown"
"5020554",378676,2026-04-18 22:00:02,28.7800846099854,-17.811372756958,"Unknown"
"5020554",378676,2026-04-18 22:01:02,28.7801494598389,-17.8114814758301,"Unknown"
"5020554",378676,2026-04-18 22:02:13,28.7800140380859,-17.8113536834717,"Unknown"
"5020554",378676,2026-04-18 22:03:03,28.780122756958,-17.8113956451416,"Unknown"
"5020554",378676,2026-04-18 22:04:02,28.7801628112793,-17.811408996582,"Unknown"
"5020554",378676,2026-04-18 22:05:03,28.7802085876465,-17.8114051818848,"Unknown"
"5020554",378676,2026-04-18 22:06:10,28.7801246643066,-17.8114013671875,"Unknown"
"5020554",378676,2026-04-18 22:07:47,28.7801151275635,-17.8114147186279,"Unknown"
"5020554",378676,2026-04-18 22:08:01,28.7800617218018,-17.8114070892334,"Unknown"
"5020554",378676,2026-04-18 22:09:03,28.7800140380859,-17.8113708496094,"Unknown"
"5020554",378676,2026-04-18 22:10:02,28.7801265716553,-17.8113613128662,"Unknown"
"5020554",378676,2026-04-18 22:11:32,28.7800559997559,-17.8114337921143,"Unknown"
"5020554",378676,2026-04-18 22:12:06,28.7800483703613,-17.8113803863525,"Unknown"
"5020554",378676,2026-04-18 22:13:08,28.7801170349121,-17.8113708496094,"Unknown"
"5020554",378676,2026-04-18 22:14:05,28.7800464630127,-17.8113880157471,"Unknown"
"5020554",378676,2026-04-18 22:15:04,28.7800102233887,-17.8113842010498,"Unknown"
"5020554",378676,2026-04-18 22:16:09,28.7800807952881,-17.8113613128662,"Unknown"
"5020554",378676,2026-04-18 22:17:06,28.7801361083984,-17.8113594055176,"Unknown"
"5020554",378676,2026-04-18 22:18:03,28.7801036834717,-17.8113536834717,"Unknown"
"5020554",378676,2026-04-18 22:19:06,28.7800731658936,-17.8113174438477,"Unknown"
"5020554",378676,2026-04-18 22:20:05,28.7800121307373,-17.8113346099854,"Unknown"
"5020554",378676,2026-04-18 22:21:04,28.7800579071045,-17.8113574981689,"Unknown"
"5020554",378676,2026-04-18 22:22:03,28.7800388336182,-17.8113269805908,"Unknown"
"5020554",378676,2026-04-18 22:23:06,28.7800159454346,-17.8113174438477,"Unknown"
"5020554",378676,2026-04-18 22:24:04,28.7799224853516,-17.8113174438477,"Unknown"
"5020554",378676,2026-04-18 22:25:09,28.7800312042236,-17.811315536499,"Unknown"
"5020554",378676,2026-04-18 22:26:03,28.7800102233887,-17.8113212585449,"Unknown"
"5020554",378676,2026-04-18 22:27:24,28.7800788879395,-17.8113250732422,"Unknown"
"5020554",378676,2026-04-18 22:28:05,28.7799224853516,-17.8113422393799,"Unknown"
"5020554",378676,2026-04-18 22:30:26,28.7800235748291,-17.8113021850586,"Unknown"
"5020554",378676,2026-04-18 22:31:24,28.7800102233887,-17.8113021850586,"Unknown"
"5020554",378676,2026-04-18 22:31:37,28.7799415588379,-17.8113021850586,"Unknown"
"5020554",378676,2026-04-18 22:32:33,28.780029296875,-17.8113231658936,"Unknown"
"5020554",378676,2026-04-18 22:33:46,28.7800045013428,-17.8113040924072,"Unknown"
"5020554",378676,2026-04-18 22:34:36,28.7800045013428,-17.8112850189209,"Unknown"
"5020554",378676,2026-04-18 22:35:40,28.78000831604,-17.8112735748291,"Unknown"
"5020554",378676,2026-04-18 22:36:34,28.780086517334,-17.8112258911133,"Unknown"
"5020554",378676,2026-04-18 22:37:34,28.7800846099854,-17.8112659454346,"Unknown"
"5020554",378676,2026-04-18 22:38:34,28.7800788879395,-17.8113136291504,"Unknown"
"5020554",378676,2026-04-18 22:39:37,28.7799777984619,-17.8112888336182,"Unknown"
"5020554",378676,2026-04-18 22:40:59,28.7799854278564,-17.8112869262695,"Unknown"
"5020554",378676,2026-04-18 22:42:55,28.7800331115723,-17.8113021850586,"Unknown"
"5020554",378676,2026-04-18 22:44:25,28.780065536499,-17.8112964630127,"Unknown"
"5020554",378676,2026-04-18 22:54:24,28.7800483703613,-17.8112487792969,"Unknown"
"5020554",378676,2026-04-18 22:55:54,28.7800273895264,-17.81130027771,"Unknown"
"5020554",378676,2026-04-18 23:05:53,28.7800979614258,-17.8112392425537,"Unknown"
"5020554",378676,2026-04-18 23:07:21,28.7800350189209,-17.8112564086914,"Unknown"
"5020554",378676,2026-04-18 23:16:08,28.7802848815918,-17.8112754821777,"Unknown"
"5020554",378676,2026-04-18 23:27:22,28.7799758911133,-17.8112525939941,"Unknown"
"5020554",378676,2026-04-18 23:36:09,28.7800750732422,-17.8112831115723,"Unknown"
"5020554",378676,2026-04-18 23:47:07,28.7800617218018,-17.8113098144531,"Unknown"
"5020554",378676,2026-04-18 23:56:41,28.779972076416,-17.8113250732422,"Unknown"
"5020554",378676,2026-04-19 00:06:01,28.7801418304443,-17.8112888336182,"Unknown"
"5020554",378676,2026-04-19 00:17:22,28.7799625396729,-17.8113613128662,"Unknown"
"5020554",378676,2026-04-19 00:26:30,28.7801818847656,-17.8111209869385,"Unknown"
"5020554",378676,2026-04-19 00:37:22,28.7800750732422,-17.8112659454346,"Unknown"
"5020554",378676,2026-04-19 00:46:58,28.7799987792969,-17.8113422393799,"Unknown"
"5020554",378676,2026-04-19 00:56:08,28.7800617218018,-17.8113689422607,"Unknown"
"5020554",378676,2026-04-19 01:06:01,28.7801322937012,-17.8112030029297,"Unknown"
"5020554",378676,2026-04-19 01:16:42,28.7799625396729,-17.8112945556641,"Unknown"
"5020554",378676,2026-04-19 01:26:09,28.7799873352051,-17.8113040924072,"Unknown"
"5020554",378676,2026-04-19 01:39:25,28.7802448272705,-17.8112545013428,"Unknown"
"5020554",378676,2026-04-19 01:48:25,28.7801132202148,-17.8112010955811,"Unknown"
"5020554",378676,2026-04-19 02:19:04,28.7801246643066,-17.811164855957,"Unknown"
"5020554",378676,2026-04-19 02:38:17,28.780237197876,-17.8112487792969,"Unknown"
"5020554",378676,2026-04-19 02:48:36,28.779857635498,-17.8111476898193,"Unknown"
"5020554",378676,2026-04-19 03:39:25,28.77978515625,-17.811206817627,"Unknown"
"5020554",378676,2026-04-19 03:49:25,28.7803344726562,-17.8112049102783,"Unknown"
"5020554",378676,2026-04-19 04:09:22,28.7799625396729,-17.8112888336182,"Unknown"
"5020554",378676,2026-04-19 11:58:32,29.6244697570801,-15.9129295349121,"Unknown"
"5020554",378676,2026-04-19 11:59:00,29.6259269714355,-15.9143466949463,"Unknown"
"5020554",378676,2026-04-19 12:09:01,29.6319675445557,-15.9268445968628,"Unknown"
"5020554",378676,2026-04-19 12:19:02,29.632007598877,-15.9329862594604,"Unknown"
"5020554",378676,2026-04-19 12:29:02,29.633020401001,-15.9339742660522,"Unknown"
"5020554",378676,2026-04-19 12:39:01,29.6333427429199,-15.9348888397217,"Unknown"
"5020554",378676,2026-04-19 12:49:02,29.6346473693848,-15.9357213973999,"Unknown"
"5020554",378676,2026-04-19 12:59:02,29.6354904174805,-15.9365978240967,"Unknown"
"5020554",378676,2026-04-19 13:09:01,29.6380939483643,-15.9360914230347,"Unknown"
"5020554",378676,2026-04-19 13:19:02,29.6810913085938,-15.8900852203369,"Unknown"
"5020554",378676,2026-04-19 13:29:01,29.6907234191895,-15.8798923492432,"Unknown"
"5020554",378676,2026-04-19 13:39:04,29.7041778564453,-15.8789377212524,"Unknown"
"5020554",378676,2026-04-19 13:49:01,29.7149696350098,-15.8818864822388,"Unknown"
"5020554",378676,2026-04-19 13:59:04,29.7264099121094,-15.8850765228271,"Unknown"
"5020554",378676,2026-04-19 14:10:24,29.7376728057861,-15.8889694213867,"Unknown"
"5020554",378676,2026-04-19 14:19:33,29.747709274292,-15.8940525054932,"Unknown"
"5020554",378676,2026-04-19 14:29:01,29.7555065155029,-15.9001169204712,"Unknown"
"5020554",378676,2026-04-19 14:39:00,29.7685947418213,-15.9105587005615,"Unknown"
"5020554",378676,2026-04-19 14:49:01,29.7789421081543,-15.9156274795532,"Unknown"
"5020554",378676,2026-04-19 14:59:02,29.7880458831787,-15.9242811203003,"Unknown"
"5020554",378676,2026-04-19 15:09:01,29.7974720001221,-15.9487838745117,"Unknown"
"5020554",378676,2026-04-19 15:19:03,29.8124752044678,-15.9519805908203,"Unknown"
"5020554",378676,2026-04-19 15:29:33,29.8141670227051,-15.9484434127808,"Unknown"
"5020554",378676,2026-04-19 15:39:00,29.813419342041,-15.9306230545044,"Unknown"
"5020554",378676,2026-04-19 15:49:01,29.8277530670166,-15.9133005142212,"Unknown"
"5020554",378676,2026-04-19 15:59:01,29.8871574401855,-15.8867845535278,"Unknown"
"5020554",378676,2026-04-19 16:09:01,29.9083938598633,-15.8937406539917,"Unknown"
"5020554",378676,2026-04-19 16:19:01,29.9151058197021,-15.8911476135254,"Unknown"
"5020554",378676,2026-04-19 16:28:59,29.919282913208,-15.8904104232788,"Unknown"
"5020554",378676,2026-04-19 16:39:02,29.9258441925049,-15.8865566253662,"Unknown"
"5020554",378676,2026-04-19 16:49:02,29.9337615966797,-15.8841886520386,"Unknown"
"5020554",378676,2026-04-19 16:59:03,29.9446887969971,-15.8838977813721,"Unknown"
"5020554",378676,2026-04-19 17:09:00,29.9522476196289,-15.8820314407349,"Unknown"
"5020554",378676,2026-04-19 17:19:01,29.9591217041016,-15.8796443939209,"Unknown"
"5020554",378676,2026-04-19 17:29:03,29.9673824310303,-15.8720617294312,"Unknown"
"5020554",378676,2026-04-19 17:39:04,29.9769134521484,-15.8704967498779,"Unknown"
"5020554",378676,2026-04-19 18:09:33,30.0005111694336,-15.8714170455933,"Unknown"
"5020554",378676,2026-04-19 18:18:59,30.0408535003662,-15.8549995422363,"Unknown"
"5020554",378676,2026-04-19 18:28:59,30.1142520904541,-15.8483018875122,"Unknown"
"5020554",378676,2026-04-19 18:39:00,30.1249504089355,-15.8594036102295,"Unknown"
"5020554",378676,2026-04-19 18:49:00,30.1256256103516,-15.8617095947266,"Unknown"
"5020554",378676,2026-04-19 18:59:01,30.1261787414551,-15.8639116287231,"Unknown"
"5020554",378676,2026-04-19 19:09:03,30.1269092559814,-15.8659515380859,"Unknown"
"5020554",378676,2026-04-19 19:19:02,30.1278514862061,-15.8677816390991,"Unknown"
"5020554",378676,2026-04-19 19:28:59,30.1290187835693,-15.8693542480469,"Unknown"
"5020554",378676,2026-04-19 19:39:01,30.130090713501,-15.8708810806274,"Unknown"
"5020554",378676,2026-04-19 19:49:02,30.1308155059814,-15.8722047805786,"Unknown"
"5020554",378676,2026-04-19 19:58:59,30.1317100524902,-15.8731899261475,"Unknown"
"5020554",378676,2026-04-19 20:09:01,30.1324234008789,-15.8736705780029,"Unknown"
"5020554",378676,2026-04-19 20:19:01,30.1334857940674,-15.8742685317993,"Unknown"
"5020554",378676,2026-04-19 20:28:59,30.1343460083008,-15.8742094039917,"Unknown"
"5020554",378676,2026-04-19 20:39:01,30.1347255706787,-15.8740062713623,"Unknown"
"5020554",378676,2026-04-19 20:49:01,30.134937286377,-15.873927116394,"Unknown"
"5020554",378676,2026-04-19 20:59:02,30.1350212097168,-15.8738565444946,"Unknown"
"5020554",378676,2026-04-19 21:09:32,30.1348533630371,-15.8737201690674,"Unknown"
"5020554",378676,2026-04-19 21:19:01,30.1345844268799,-15.873420715332,"Unknown"
"5020554",378676,2026-04-19 21:29:01,30.1333808898926,-15.8517322540283,"Unknown"
"5020554",378676,2026-04-19 21:39:02,30.1338577270508,-15.8517808914185,"Unknown"
"5020554",378676,2026-04-19 21:49:01,30.1342830657959,-15.8516902923584,"Unknown"
"5020554",378676,2026-04-19 21:59:01,30.1417350769043,-15.8494806289673,"Unknown"
"5020554",378676,2026-04-19 22:09:00,30.1731796264648,-15.8630771636963,"Unknown"
"5020554",378676,2026-04-19 22:19:01,30.173791885376,-15.8607454299927,"Unknown"
"5020554",378676,2026-04-19 22:29:02,30.1772975921631,-15.8532772064209,"Unknown"
"5020554",378676,2026-04-19 22:39:33,30.1782550811768,-15.8515491485596,"Unknown"
"5020554",378676,2026-04-19 22:48:59,30.1790027618408,-15.8498048782349,"Unknown"
"5020554",378676,2026-04-19 22:59:00,30.1795520782471,-15.8478679656982,"Unknown"
"5020554",378676,2026-04-19 23:08:59,30.1798782348633,-15.8458080291748,"Unknown"
"5020554",378676,2026-04-19 23:18:59,30.1799011230469,-15.8435964584351,"Unknown"
"5020554",378676,2026-04-19 23:29:00,30.1814956665039,-15.8369588851929,"Unknown"
"5020554",378676,2026-04-19 23:39:00,30.1812343597412,-15.8354558944702,"Unknown"
"5020554",378676,2026-04-19 23:49:00,30.1809978485107,-15.8337955474854,"Unknown"
"5020554",378676,2026-04-19 23:59:00,30.1806507110596,-15.8320169448853,"Unknown"
"5020554",378676,2026-04-20 00:09:00,30.1802921295166,-15.8300380706787,"Unknown"
"5020554",378676,2026-04-20 00:19:00,30.1797695159912,-15.8278903961182,"Unknown"
"5020554",378676,2026-04-20 00:29:00,30.1790733337402,-15.8257150650024,"Unknown"
"5020554",378676,2026-04-20 00:39:00,30.1783981323242,-15.8234100341797,"Unknown"
"5020554",378676,2026-04-20 00:49:00,30.1778335571289,-15.8209991455078,"Unknown"
"5020554",378676,2026-04-20 00:59:01,30.177173614502,-15.8188819885254,"Unknown"
"5020554",378676,2026-04-20 01:09:33,30.1765727996826,-15.81702709198,"Unknown"
"5020554",378676,2026-04-20 01:19:00,30.1761722564697,-15.8153104782104,"Unknown"
"5020554",378676,2026-04-20 01:28:59,30.1758403778076,-15.8141441345215,"Unknown"
"5020554",378676,2026-04-20 01:39:00,30.1755695343018,-15.812816619873,"Unknown"
"5020554",378676,2026-04-20 01:49:00,30.1753044128418,-15.8114347457886,"Unknown"
"5020554",378676,2026-04-20 01:58:59,30.1740703582764,-15.8084106445312,"Unknown"
"5020554",378676,2026-04-20 02:08:59,30.1739902496338,-15.8076553344727,"Unknown"
"5020554",378676,2026-04-20 02:19:00,30.1736850738525,-15.8067979812622,"Unknown"
"5020554",378676,2026-04-20 02:29:00,30.173433303833,-15.8058853149414,"Unknown"
"5020554",378676,2026-04-20 02:39:00,30.1731338500977,-15.8050966262817,"Unknown"
"5020554",378676,2026-04-20 02:49:02,30.1728572845459,-15.8042984008789,"Unknown"
"5020554",378676,2026-04-20 02:59:00,30.1724910736084,-15.803391456604,"Unknown"
"5020554",378676,2026-04-20 03:09:00,30.1708011627197,-15.8029365539551,"Unknown"
"5020554",378676,2026-04-20 03:19:00,30.1708869934082,-15.8020534515381,"Unknown"
"5020554",378676,2026-04-20 03:28:59,30.1708126068115,-15.8013124465942,"Unknown"
"5020554",378676,2026-04-20 03:39:00,30.1701965332031,-15.8004779815674,"Unknown"
"5020554",378676,2026-04-20 03:49:01,30.1697006225586,-15.7996616363525,"Unknown"
"5020554",378676,2026-04-20 03:59:03,30.1691970825195,-15.7989053726196,"Unknown"
"5020554",378676,2026-04-20 04:09:32,30.1683826446533,-15.7981338500977,"Unknown"
"5020554",378676,2026-04-20 04:18:59,30.1663360595703,-15.7953758239746,"Unknown"
"5020554",378676,2026-04-20 04:28:59,30.159496307373,-15.7855424880981,"Unknown"
"5020554",378676,2026-04-20 04:39:02,30.1586933135986,-15.7847137451172,"Unknown"
"5020554",378676,2026-04-20 04:49:00,30.1573696136475,-15.7835493087769,"Unknown"
"5020554",378676,2026-04-20 04:59:00,30.156364440918,-15.7825498580933,"Unknown"
"5020554",378676,2026-04-20 05:10:24,30.1108703613281,-15.7224254608154,"Unknown"
"5020554",378676,2026-04-20 05:20:24,30.0590152740479,-15.6515913009644,"Unknown"
"5020554",378676,2026-04-20 05:29:04,30.0218811035156,-15.5769195556641,"Unknown"
"5020554",378676,2026-04-20 05:39:01,29.9972229003906,-15.476375579834,"Unknown"
"5020554",378676,2026-04-20 05:49:00,29.9976577758789,-15.3824939727783,"Unknown"
"5020554",378676,2026-04-20 05:59:01,30.0123729705811,-15.2843322753906,"Unknown"
"5020554",378676,2026-04-20 06:09:02,30.028844833374,-15.1813564300537,"Unknown"
"5020554",378676,2026-04-20 06:20:24,30.0539436340332,-15.0682611465454,"Unknown"
"5020554",378676,2026-04-20 06:30:24,30.0761871337891,-14.9647464752197,"Unknown"
"5020554",378676,2026-04-20 06:40:24,30.0925197601318,-14.8622226715088,"Unknown"
"5020554",378676,2026-04-20 06:50:24,30.1174449920654,-14.7650194168091,"Unknown"
"5020554",378676,2026-04-20 08:00:24,30.1980419158936,-14.0823879241943,"Unknown"
"5020554",378676,2026-04-20 08:09:00,30.2064781188965,-14.0165567398071,"Unknown"
"5020554",378676,2026-04-20 08:19:01,30.2089309692383,-13.922661781311,"Unknown"
"5020554",378676,2026-04-20 08:29:01,30.1957321166992,-13.8279914855957,"Unknown"
"5020554",378676,2026-04-20 08:39:02,30.1713981628418,-13.7334041595459,"Unknown"
"5020554",378676,2026-04-20 08:49:02,30.1345272064209,-13.6554279327393,"Unknown"
"5020554",378676,2026-04-20 08:59:02,30.1098918914795,-13.5611057281494,"Unknown"
"5020554",378676,2026-04-20 09:09:02,30.0844841003418,-13.4767160415649,"Unknown"
"5020554",378676,2026-04-20 09:19:06,30.0590133666992,-13.391942024231,"Unknown"
"5020554",378676,2026-04-20 09:29:00,30.0630683898926,-13.3828039169312,"Unknown"
"5020554",378676,2026-04-20 09:39:09,30.0691528320312,-13.3760175704956,"Unknown"
"5020554",378676,2026-04-20 09:49:00,30.0730037689209,-13.3742771148682,"Unknown"
"5020554",378676,2026-04-20 09:59:00,30.0736980438232,-13.3734245300293,"Unknown"
"5020554",378676,2026-04-20 10:09:00,30.0529193878174,-13.3237628936768,"Unknown"
"5020554",378676,2026-04-20 10:19:02,30.0392570495605,-13.2951030731201,"Unknown"
"5020554",378676,2026-04-20 10:29:00,30.0136337280273,-13.2363471984863,"Unknown"
"5020554",378676,2026-04-20 10:39:00,30.0151271820068,-13.2222013473511,"Unknown"
"5020554",378676,2026-04-20 10:49:02,30.0170269012451,-13.2042713165283,"Unknown"
"5020554",378676,2026-04-20 10:59:01,29.999942779541,-13.1881074905396,"Unknown"
"5020554",378676,2026-04-20 11:09:03,29.9988327026367,-13.1774663925171,"Unknown"
"5020554",378676,2026-04-20 11:19:33,29.9992008209229,-13.1759376525879,"Unknown"
"5020554",378676,2026-04-20 11:29:00,29.9959259033203,-13.1819229125977,"Unknown"
"5020554",378676,2026-04-20 11:39:00,29.9873542785645,-13.1458692550659,"Unknown"
"5020554",378676,2026-04-20 11:49:00,29.988037109375,-13.1400365829468,"Unknown"
"5020554",378676,2026-04-20 11:59:02,29.9886455535889,-13.1383457183838,"Unknown"
"5020554",378676,2026-04-20 12:09:03,29.9888439178467,-13.1363945007324,"Unknown"
"5020554",378676,2026-04-20 12:19:02,29.9891872406006,-13.1343355178833,"Unknown"
"5020554",378676,2026-04-20 12:29:02,29.9714660644531,-13.1211090087891,"Unknown"
"5020554",378676,2026-04-20 12:38:59,29.971076965332,-13.116997718811,"Unknown"
"5020554",378676,2026-04-20 12:49:01,29.9788303375244,-13.1072969436646,"Unknown"
"5020554",378676,2026-04-20 12:59:00,29.9828796386719,-13.0889482498169,"Unknown"
"5020554",378676,2026-04-20 13:09:00,29.9809265136719,-13.0842390060425,"Unknown"
"5020554",378676,2026-04-20 13:18:59,29.9807014465332,-13.0810642242432,"Unknown"
"5020554",378676,2026-04-20 13:29:00,29.964204788208,-13.0757751464844,"Unknown"
"5020554",378676,2026-04-20 13:39:01,29.9639568328857,-13.0727443695068,"Unknown"
"5020554",378676,2026-04-20 13:49:01,29.989538192749,-13.0868062973022,"Unknown"
"5020554",378676,2026-04-20 13:59:01,30.0001754760742,-13.0917558670044,"Unknown"
"5020554",378676,2026-04-20 14:19:32,30.0091800689697,-13.1025791168213,"Unknown"
"5020554",378676,2026-04-20 14:28:59,30.0088996887207,-13.0998229980469,"Unknown"
"5020554",378676,2026-04-20 14:38:59,30.0083236694336,-13.0970020294189,"Unknown"
"5020554",378676,2026-04-20 14:50:24,30.0465450286865,-13.0856599807739,"Unknown"
"5020554",378676,2026-04-20 14:59:35,30.0526714324951,-13.0808458328247,"Unknown"
"5020554",378676,2026-04-20 15:09:00,30.0654468536377,-13.0582103729248,"Unknown"
"5020554",378676,2026-04-20 15:19:19,30.0738487243652,-13.057559967041,"Unknown"
"5020554",378676,2026-04-20 15:29:33,30.0787582397461,-13.0422067642212,"Unknown"
"5020554",378676,2026-04-20 15:38:59,30.0767250061035,-13.0390338897705,"Unknown"
"5020554",378676,2026-04-20 15:49:00,30.0744609832764,-13.0358848571777,"Unknown"
"5020554",378676,2026-04-20 15:59:00,30.0721836090088,-13.0326995849609,"Unknown"
"5020554",378676,2026-04-20 16:09:00,30.0810222625732,-13.0289373397827,"Unknown"
"5020554",378676,2026-04-20 16:19:01,30.080982208252,-13.0357866287231,"Unknown"
"5020554",378676,2026-04-20 16:29:00,30.0804138183594,-13.0378484725952,"Unknown"
"5020554",378676,2026-04-20 16:39:00,30.0776958465576,-13.0358743667603,"Unknown"
"5020554",378676,2026-04-20 16:49:00,30.0748996734619,-13.0336427688599,"Unknown"
"5020554",378676,2026-04-20 16:59:00,30.0618019104004,-13.0492219924927,"Unknown"
"5020554",378676,2026-04-20 17:09:05,30.0501155853271,-13.0580444335938,"Unknown"
"5020554",378676,2026-04-20 17:19:00,30.042610168457,-13.052173614502,"Unknown"
"5020554",378676,2026-04-20 17:29:00,30.0370388031006,-13.0483808517456,"Unknown"
"5020554",378676,2026-04-20 17:39:00,30.0343170166016,-13.0464029312134,"Unknown"
"5020554",378676,2026-04-20 17:49:01,30.031566619873,-13.0445671081543,"Unknown"
"5020554",378676,2026-04-20 17:59:33,30.0286102294922,-13.0427656173706,"Unknown"
"5020554",378676,2026-04-20 18:08:59,30.0030956268311,-13.0270586013794,"Unknown"
"5020554",378676,2026-04-20 18:19:00,29.9688968658447,-13.0012092590332,"Unknown"
"5020554",378676,2026-04-20 18:28:59,29.9479160308838,-12.962854385376,"Unknown"
"5020554",378676,2026-04-20 18:38:59,29.896167755127,-12.8897190093994,"Unknown"
"5020554",378676,2026-04-20 18:49:00,29.8778381347656,-12.8794040679932,"Unknown"
"5020554",378676,2026-04-20 18:58:59,29.876932144165,-12.8869800567627,"Unknown"
"5020554",378676,2026-04-20 19:08:59,29.878698348999,-12.871753692627,"Unknown"
"5020554",378676,2026-04-20 19:19:00,29.868465423584,-12.8678550720215,"Unknown"
"5020554",378676,2026-04-20 19:29:00,29.8258399963379,-12.8127040863037,"Unknown"
"5020554",378676,2026-04-20 19:38:58,29.7818965911865,-12.7486429214478,"Unknown"
"5020554",378676,2026-04-20 19:48:58,29.7644386291504,-12.6739702224731,"Unknown"
"5020554",378676,2026-04-20 19:58:59,29.7438812255859,-12.6068887710571,"Unknown"
"5020554",378676,2026-04-20 20:09:32,29.7270450592041,-12.5709495544434,"Unknown"
"5020554",378676,2026-04-20 20:18:59,29.7247619628906,-12.5711917877197,"Unknown"
"5020554",378676,2026-04-20 20:28:59,29.7225284576416,-12.5714569091797,"Unknown"
"5020554",378676,2026-04-20 20:39:00,29.720401763916,-12.5718040466309,"Unknown"
"5020554",378676,2026-04-20 20:49:01,29.7183380126953,-12.5722284317017,"Unknown"
"5020554",378676,2026-04-20 20:59:00,29.7162399291992,-12.5728368759155,"Unknown"
"5020554",378676,2026-04-20 21:09:02,29.7138500213623,-12.5734634399414,"Unknown"
"5020554",378676,2026-04-20 21:19:02,29.7114887237549,-12.574179649353,"Unknown"
"5020554",378676,2026-04-20 21:29:01,29.7090187072754,-12.5748596191406,"Unknown"
"5020554",378676,2026-04-20 21:39:00,29.7066402435303,-12.5756511688232,"Unknown"
"5020554",378676,2026-04-20 21:49:01,29.704195022583,-12.5766296386719,"Unknown"
"5020554",378676,2026-04-20 21:59:01,29.7017955780029,-12.5776891708374,"Unknown"
"5020554",378676,2026-04-20 22:09:01,29.6993255615234,-12.5786962509155,"Unknown"
"5020554",378676,2026-04-20 22:18:59,29.6971225738525,-12.5795259475708,"Unknown"
"5020554",378676,2026-04-20 22:29:02,29.6951465606689,-12.5804204940796,"Unknown"
"5020554",378676,2026-04-20 22:39:02,29.693359375,-12.581446647644,"Unknown"
"5020554",378676,2026-04-20 22:49:02,29.6916961669922,-12.5823945999146,"Unknown"
"5020554",378676,2026-04-20 22:59:02,29.6901817321777,-12.5835285186768,"Unknown"
"5020554",378676,2026-04-20 23:09:33,29.6885833740234,-12.5846366882324,"Unknown"
"5020554",378676,2026-04-20 23:18:59,29.6871891021729,-12.5856065750122,"Unknown"
"5020554",378676,2026-04-20 23:28:59,29.6857509613037,-12.5866851806641,"Unknown"
"5020554",378676,2026-04-20 23:38:59,29.6844673156738,-12.587815284729,"Unknown"
"5020554",378676,2026-04-20 23:49:00,29.6830024719238,-12.5890140533447,"Unknown"
"5020554",378676,2026-04-20 23:58:58,29.6807975769043,-12.5899677276611,"Unknown"
"5020554",378676,2026-04-21 00:08:59,29.6791038513184,-12.5910806655884,"Unknown"
"5020554",378676,2026-04-21 00:19:01,29.677806854248,-12.5921249389648,"Unknown"
"5020554",378676,2026-04-21 00:28:59,29.6766376495361,-12.5931663513184,"Unknown"
"5020554",378676,2026-04-21 00:39:00,29.6756114959717,-12.5943040847778,"Unknown"
"5020554",378676,2026-04-21 00:49:00,29.6747245788574,-12.5954504013062,"Unknown"
"5020554",378676,2026-04-21 00:59:00,29.6739177703857,-12.5965166091919,"Unknown"
"5020554",378676,2026-04-21 01:08:59,29.6739082336426,-12.5972919464111,"Unknown"
"5020554",378676,2026-04-21 01:19:00,29.6732215881348,-12.5986242294312,"Unknown"
"5020554",378676,2026-04-21 01:29:01,29.6726055145264,-12.5999488830566,"Unknown"
"5020554",378676,2026-04-21 01:38:58,29.6721611022949,-12.6012144088745,"Unknown"
"5020554",378676,2026-04-21 01:48:59,29.6718845367432,-12.6024751663208,"Unknown"
"5020554",378676,2026-04-21 01:59:00,29.6716976165771,-12.6036863327026,"Unknown"
"5020554",378676,2026-04-21 02:09:32,29.6715564727783,-12.6048202514648,"Unknown"
"5020554",378676,2026-04-21 02:18:59,29.6715240478516,-12.6058034896851,"Unknown"
"5020554",378676,2026-04-21 02:29:00,29.6716232299805,-12.6066493988037,"Unknown"
"5020554",378676,2026-04-21 02:39:00,29.671667098999,-12.6073656082153,"Unknown"
"5020554",378676,2026-04-21 02:49:01,29.6715259552002,-12.608136177063,"Unknown"
"5020554",378676,2026-04-21 02:59:00,29.6716575622559,-12.6087131500244,"Unknown"
"5020554",378676,2026-04-21 03:08:59,29.671989440918,-12.6091928482056,"Unknown"
"5020554",378676,2026-04-21 03:19:01,29.6723518371582,-12.6095094680786,"Unknown"
"5020554",378676,2026-04-21 03:28:59,29.6730346679688,-12.60964012146,"Unknown"
"5020554",378676,2026-04-21 03:39:03,29.6738624572754,-12.6096973419189,"Unknown"
"5020554",378676,2026-04-21 03:49:33,29.6723804473877,-12.6094884872437,"Unknown"
"5020554",378676,2026-04-21 03:58:59,29.6729526519775,-12.6097764968872,"Unknown"
"5020554",378676,2026-04-21 04:08:59,29.6740207672119,-12.6098442077637,"Unknown"
"5020554",378676,2026-04-21 04:18:59,29.6752166748047,-12.6099328994751,"Unknown"
"5020554",378676,2026-04-21 04:28:59,29.676944732666,-12.6103620529175,"Unknown"
"5020554",378676,2026-04-21 04:38:59,29.6781406402588,-12.6103096008301,"Unknown"
"5020554",378676,2026-04-21 04:49:00,29.6777667999268,-12.6093444824219,"Unknown"
"5020554",378676,2026-04-21 04:58:59,29.6789054870605,-12.6091537475586,"Unknown"
"5020554",378676,2026-04-21 05:09:00,29.6798191070557,-12.609016418457,"Unknown"
"5020554",378676,2026-04-21 05:19:00,29.6786632537842,-12.6031675338745,"Unknown"
"5020554",378676,2026-04-21 05:29:02,29.6748485565186,-12.5721502304077,"Unknown"
"5020554",378676,2026-04-21 05:39:01,29.6534957885742,-12.5096035003662,"Unknown"
"5020554",378676,2026-04-21 05:49:02,29.6298141479492,-12.4534044265747,"Unknown"
"5020554",378676,2026-04-21 05:59:02,29.6142425537109,-12.3947696685791,"Unknown"
"5020554",378676,2026-04-21 06:39:32,29.5931358337402,-12.2815742492676,"Unknown"
"5020554",378676,2026-04-21 06:49:01,29.5914096832275,-12.2731466293335,"Unknown"
"5020554",378676,2026-04-21 06:58:59,29.5947608947754,-12.2681522369385,"Unknown"
"5020554",378676,2026-04-21 07:09:00,29.5961971282959,-12.2674198150635,"Unknown"
"5020554",378676,2026-04-21 07:18:59,29.5974197387695,-12.2665481567383,"Unknown"
"5020554",378676,2026-04-21 07:29:01,29.594482421875,-12.257661819458,"Unknown"
"5020554",378676,2026-04-21 07:39:03,29.6083698272705,-12.2592906951904,"Unknown"
"5020554",378676,2026-04-21 07:49:01,29.6042938232422,-12.267523765564,"Unknown"
"5020554",378676,2026-04-21 07:59:05,29.6051158905029,-12.2661447525024,"Unknown"
"5020554",378676,2026-04-21 08:09:02,29.6059379577637,-12.2648086547852,"Unknown"
"5020554",378676,2026-04-21 08:19:02,29.6068916320801,-12.2635517120361,"Unknown"
"5020554",378676,2026-04-21 08:29:51,29.6023406982422,-12.2566471099854,"Unknown"
"5020554",378676,2026-04-21 08:39:03,29.6030178070068,-12.2551546096802,"Unknown"
"5020554",378676,2026-04-21 08:49:02,29.6037616729736,-12.2535018920898,"Unknown"
"5020554",378676,2026-04-21 08:59:00,29.5992374420166,-12.2016897201538,"Unknown"
"5020554",378676,2026-04-21 09:09:01,29.6078052520752,-12.1370372772217,"Unknown"
"5020554",378676,2026-04-21 09:19:02,29.5981483459473,-12.0693073272705,"Unknown"
"5020554",378676,2026-04-21 09:30:21,29.6040134429932,-12.0186014175415,"Unknown"
"5020554",378676,2026-04-21 09:38:59,29.5982303619385,-11.9739589691162,"Unknown"
"5020554",378676,2026-04-21 09:50:03,29.5814266204834,-11.9042882919312,"Unknown"
"5020554",378676,2026-04-21 09:59:00,29.5690956115723,-11.8744745254517,"Unknown"
"5020554",378676,2026-04-21 10:09:00,29.5433788299561,-11.8049354553223,"Unknown"
"5020554",378676,2026-04-21 10:19:01,29.5331802368164,-11.7451457977295,"Unknown"
"5020554",378676,2026-04-21 10:39:33,29.5254764556885,-11.7438125610352,"Unknown"
"5020554",378676,2026-04-21 10:49:00,29.5265159606934,-11.7432556152344,"Unknown"
"5020554",378676,2026-04-21 10:59:01,29.5310249328613,-11.7360191345215,"Unknown"
"5020554",378676,2026-04-21 11:09:01,29.5239353179932,-11.7336120605469,"Unknown"
"5020554",378676,2026-04-21 11:19:01,29.5142593383789,-11.72691822052,"Unknown"
"5020554",378676,2026-04-21 11:29:01,29.5156879425049,-11.7260360717773,"Unknown"
"5020554",378676,2026-04-21 11:39:00,29.5158538818359,-11.7238740921021,"Unknown"
"5020554",378676,2026-04-21 11:49:02,29.5068473815918,-11.7129983901978,"Unknown"
"5020554",378676,2026-04-21 11:58:59,29.4697322845459,-11.6719636917114,"Unknown"
"5020554",378676,2026-04-21 12:09:33,29.471170425415,-11.6704330444336,"Unknown"
"5020554",378676,2026-04-21 12:18:59,29.4588737487793,-11.6295289993286,"Unknown"
"5020554",378676,2026-04-21 12:29:02,29.4587535858154,-11.6237936019897,"Unknown"
"5020554",378676,2026-04-21 12:39:01,29.4597721099854,-11.6218814849854,"Unknown"
"5020554",378676,2026-04-21 12:49:01,29.4426231384277,-11.5987854003906,"Unknown"
"5020554",378676,2026-04-21 12:59:01,29.4299011230469,-11.5841960906982,"Unknown"
"5020554",378676,2026-04-21 13:09:01,29.4307250976562,-11.5821352005005,"Unknown"
"5020554",378676,2026-04-21 13:19:02,29.4291381835938,-11.5787982940674,"Unknown"
"5020554",378676,2026-04-21 13:29:02,29.3788185119629,-11.5446720123291,"Unknown"
"5020554",378676,2026-04-21 13:39:02,29.349588394165,-11.5190830230713,"Unknown"
"5020554",378676,2026-04-21 13:49:00,29.3272438049316,-11.4970874786377,"Unknown"
"5020554",378676,2026-04-21 13:59:02,29.3099422454834,-11.4904146194458,"Unknown"
"5020554",378676,2026-04-21 14:09:03,29.2943801879883,-11.4749670028687,"Unknown"
"5020554",378676,2026-04-21 14:19:04,29.2941970825195,-11.4724416732788,"Unknown"
"5020554",378676,2026-04-21 14:29:04,29.3108654022217,-11.4420433044434,"Unknown"
"5020554",378676,2026-04-21 14:40:03,29.312349319458,-11.4329462051392,"Unknown"
"5020554",378676,2026-04-21 14:49:00,29.3109092712402,-11.427414894104,"Unknown"
"5020554",378676,2026-04-21 14:58:59,29.3074035644531,-11.4192733764648,"Unknown"
"5020554",378676,2026-04-21 15:09:01,29.3023071289062,-11.4117250442505,"Unknown"
"5020554",378676,2026-04-21 15:19:01,29.3028869628906,-11.4089422225952,"Unknown"
"5020554",378676,2026-04-21 15:29:01,29.3052062988281,-11.4110460281372,"Unknown"
"5020554",378676,2026-04-21 15:39:01,29.3082828521729,-11.4102716445923,"Unknown"
"5020554",378676,2026-04-21 15:49:00,29.3072261810303,-11.4082937240601,"Unknown"
"5020554",378676,2026-04-21 15:59:01,29.3044719696045,-11.4035549163818,"Unknown"
"5020554",378676,2026-04-21 16:09:01,29.3029937744141,-11.4016523361206,"Unknown"
"5020554",378676,2026-04-21 16:19:01,29.3014621734619,-11.399730682373,"Unknown"
"5020554",378676,2026-04-21 16:29:02,29.3087253570557,-11.3996992111206,"Unknown"
"5020554",378676,2026-04-21 16:39:01,29.3124542236328,-11.3335742950439,"Unknown"
"5020554",378676,2026-04-21 16:49:00,29.3264427185059,-11.3216342926025,"Unknown"
"5020554",378676,2026-04-21 16:58:59,29.3321018218994,-11.3018045425415,"Unknown"
"5020554",378676,2026-04-21 17:10:24,29.333122253418,-11.2973718643188,"Unknown"
"5020554",378676,2026-04-21 17:19:00,29.3293266296387,-11.284875869751,"Unknown"
"5020554",378676,2026-04-21 17:29:01,29.3268089294434,-11.2802438735962,"Unknown"
"5020554",378676,2026-04-21 17:39:00,29.3220767974854,-11.2748184204102,"Unknown"
"5020554",378676,2026-04-21 17:49:00,29.322380065918,-11.2706909179688,"Unknown"
"5020554",378676,2026-04-21 17:58:59,29.3295001983643,-11.2533082962036,"Unknown"
"5020554",378676,2026-04-21 18:09:33,29.3339290618896,-11.2566604614258,"Unknown"
"5020554",378676,2026-04-21 18:18:59,29.339075088501,-11.258978843689,"Unknown"
"5020554",378676,2026-04-21 18:29:08,29.3411159515381,-11.2380638122559,"Unknown"
"5020554",378676,2026-04-21 18:38:59,29.3314399719238,-11.2233800888062,"Unknown"
"5020554",378676,2026-04-21 18:48:59,29.3290348052979,-11.2229404449463,"Unknown"
"5020554",378676,2026-04-21 18:58:59,29.3269004821777,-11.2224102020264,"Unknown"
"5020554",378676,2026-04-21 19:08:59,29.3246879577637,-11.2219591140747,"Unknown"
"5020554",378676,2026-04-21 19:18:59,29.3183422088623,-11.1963500976562,"Unknown"
"5020554",378676,2026-04-21 19:29:00,29.3070449829102,-11.1505222320557,"Unknown"
"5020554",378676,2026-04-21 19:38:59,29.2936840057373,-11.0953216552734,"Unknown"
"5020554",378676,2026-04-21 19:48:59,29.2695732116699,-11.0718421936035,"Unknown"
"5020554",378676,2026-04-21 19:59:00,29.2681350708008,-11.0716009140015,"Unknown"
"5020554",378676,2026-04-21 20:08:59,29.2667236328125,-11.0715560913086,"Unknown"
"5020554",378676,2026-04-21 20:18:59,29.2663860321045,-11.0701665878296,"Unknown"
"5020554",378676,2026-04-21 20:29:01,29.2649765014648,-11.070122718811,"Unknown"
"5020554",378676,2026-04-21 20:39:01,29.2636604309082,-11.0702457427979,"Unknown"
"5020554",378676,2026-04-21 20:49:01,29.2623195648193,-11.0705089569092,"Unknown"
"5020554",378676,2026-04-21 20:58:59,29.2610168457031,-11.0708227157593,"Unknown"
"5020554",378676,2026-04-21 21:09:33,29.25950050354,-11.0711507797241,"Unknown"
"5020554",378676,2026-04-21 21:19:00,29.2581386566162,-11.0716400146484,"Unknown"
"5020554",378676,2026-04-21 21:29:00,29.2566661834717,-11.0722770690918,"Unknown"
"5020554",378676,2026-04-21 21:38:59,29.2551536560059,-11.0729675292969,"Unknown"
"5020554",378676,2026-04-21 21:48:59,29.2534866333008,-11.0739116668701,"Unknown"
"5020554",378676,2026-04-21 21:59:00,29.2521018981934,-11.0703916549683,"Unknown"
"5020554",378676,2026-04-21 22:09:00,29.2506408691406,-11.0711002349854,"Unknown"
"5020554",378676,2026-04-21 22:19:00,29.2490062713623,-11.0720224380493,"Unknown"
"5020554",378676,2026-04-21 22:29:00,29.2473163604736,-11.072732925415,"Unknown"
"5020554",378676,2026-04-21 22:39:00,29.2456169128418,-11.0735263824463,"Unknown"
"5020554",378676,2026-04-21 22:48:59,29.2438945770264,-11.0742998123169,"Unknown"
"5020554",378676,2026-04-21 22:59:00,29.2421188354492,-11.0749711990356,"Unknown"
"5020554",378676,2026-04-21 23:09:00,29.2404117584229,-11.0755424499512,"Unknown"
"5020554",378676,2026-04-21 23:19:00,29.2386798858643,-11.0764627456665,"Unknown"
"5020554",378676,2026-04-21 23:29:02,29.236873626709,-11.0773315429688,"Unknown"
"5020554",378676,2026-04-21 23:39:01,29.2349815368652,-11.0784034729004,"Unknown"
"5020554",378676,2026-04-21 23:49:05,29.2331390380859,-11.0796947479248,"Unknown"
"5020554",378676,2026-04-21 23:59:33,29.2311267852783,-11.0810480117798,"Unknown"
"5020554",378676,2026-04-22 00:08:59,29.2291584014893,-11.0776033401489,"Unknown"
"5020554",378676,2026-04-22 00:19:00,29.2276515960693,-11.0791330337524,"Unknown"
"5020554",378676,2026-04-22 00:29:00,29.2258472442627,-11.0804166793823,"Unknown"
"5020554",378676,2026-04-22 00:39:01,29.2241992950439,-11.0817880630493,"Unknown"
"5020554",378676,2026-04-22 00:49:00,29.2211818695068,-11.0771903991699,"Unknown"
"5020554",378676,2026-04-22 00:59:00,29.2200622558594,-11.0787572860718,"Unknown"
"5020554",378676,2026-04-22 01:08:59,29.2188129425049,-11.0804920196533,"Unknown"
"5020554",378676,2026-04-22 01:18:59,29.2172203063965,-11.0821046829224,"Unknown"
"5020554",378676,2026-04-22 01:29:01,29.2152214050293,-11.0804300308228,"Unknown"
"5020554",378676,2026-04-22 01:39:01,29.2139549255371,-11.082049369812,"Unknown"
"5020554",378676,2026-04-22 01:48:59,29.2127265930176,-11.0839691162109,"Unknown"
"5020554",378676,2026-04-22 01:58:59,29.2116794586182,-11.0858716964722,"Unknown"
"5020554",378676,2026-04-22 02:09:32,29.2109355926514,-11.0877065658569,"Unknown"
"5020554",378676,2026-04-22 02:18:59,29.2103805541992,-11.0893564224243,"Unknown"
"5020554",378676,2026-04-22 02:28:59,29.2099857330322,-11.0911359786987,"Unknown"
"5020554",378676,2026-04-22 02:39:02,29.2096767425537,-11.0929889678955,"Unknown"
"5020554",378676,2026-04-22 02:48:59,29.2091178894043,-11.0949506759644,"Unknown"
"5020554",378676,2026-04-22 02:59:01,29.2084178924561,-11.0968580245972,"Unknown"
"5020554",378676,2026-04-22 03:09:00,29.208854675293,-11.0971384048462,"Unknown"
"5020554",378676,2026-04-22 03:19:01,29.2086658477783,-11.0988502502441,"Unknown"
"5020554",378676,2026-04-22 03:29:00,29.2088813781738,-11.0990428924561,"Unknown"
"5020554",378676,2026-04-22 03:39:01,29.2089042663574,-11.1009149551392,"Unknown"
"5020554",378676,2026-04-22 03:49:02,29.2090129852295,-11.1026926040649,"Unknown"
"5020554",378676,2026-04-22 03:59:33,29.209114074707,-11.1041717529297,"Unknown"
"5020554",378676,2026-04-22 04:08:59,29.2090911865234,-11.105583190918,"Unknown"
"5020554",378676,2026-04-22 04:18:59,29.2092304229736,-11.1072053909302,"Unknown"
"5020554",378676,2026-04-22 04:28:59,29.2094593048096,-11.1088962554932,"Unknown"
"5020554",378676,2026-04-22 04:38:59,29.2097358703613,-11.1104745864868,"Unknown"
"5020554",378676,2026-04-22 04:48:59,29.210391998291,-11.1123247146606,"Unknown"
"5020554",378676,2026-04-22 04:58:59,29.2111949920654,-11.1135730743408,"Unknown"
"5020554",378676,2026-04-22 05:08:59,29.2118682861328,-11.1150217056274,"Unknown"
"5020554",378676,2026-04-22 05:19:00,29.2125377655029,-11.1162557601929,"Unknown"
"5020554",378676,2026-04-22 05:29:00,29.213451385498,-11.1167259216309,"Unknown"
"5020554",378676,2026-04-22 05:38:59,29.2241344451904,-11.0925226211548,"Unknown"
"5020554",378676,2026-04-22 05:49:01,29.2522315979004,-11.0690841674805,"Unknown"
"5020554",378676,2026-04-22 05:59:00,29.2723999023438,-11.1094560623169,"Unknown"
"5020554",378676,2026-04-22 06:09:35,29.2795028686523,-11.1047286987305,"Unknown"
"5020554",378676,2026-04-22 06:18:59,29.2981185913086,-11.1327056884766,"Unknown"
"5020554",378676,2026-04-22 06:29:01,29.2949676513672,-11.1518440246582,"Unknown"
"5020554",378676,2026-04-22 06:39:00,29.3107662200928,-11.1525392532349,"Unknown"
"5020554",378676,2026-04-22 06:49:00,29.3111343383789,-11.1485939025879,"Unknown"
"5020554",378676,2026-04-22 06:59:00,29.3195323944092,-11.1470928192139,"Unknown"
"5020554",378676,2026-04-22 07:09:08,29.3226127624512,-11.1482744216919,"Unknown"
"5020554",378676,2026-04-22 07:18:59,29.3206310272217,-11.1391038894653,"Unknown"
"5020554",378676,2026-04-22 07:28:59,29.3215866088867,-11.1415462493896,"Unknown"
"5020554",378676,2026-04-22 07:39:00,29.3224468231201,-11.143853187561,"Unknown"
"5020554",378676,2026-04-22 07:48:59,29.323371887207,-11.1460971832275,"Unknown"
"5020554",378676,2026-04-22 07:59:01,29.3244342803955,-11.1482362747192,"Unknown"
"5020554",378676,2026-04-22 08:09:01,29.3254566192627,-11.1501951217651,"Unknown"
"5020554",378676,2026-04-22 08:19:03,29.326488494873,-11.1521844863892,"Unknown"
"5020554",378676,2026-04-22 08:29:33,29.32763671875,-11.1541814804077,"Unknown"
"5020554",378676,2026-04-22 08:38:59,29.3287677764893,-11.1558380126953,"Unknown"
"5020554",378676,2026-04-22 08:49:01,29.329122543335,-11.1552820205688,"Unknown"
"5020554",378676,2026-04-22 08:59:00,29.3306541442871,-11.1571531295776,"Unknown"
"5020554",378676,2026-04-22 09:09:00,29.3321590423584,-11.1594362258911,"Unknown"
"5020554",378676,2026-04-22 09:19:00,29.3336849212646,-11.1614255905151,"Unknown"
"5020554",378676,2026-04-22 09:29:01,29.3398990631104,-11.1442260742188,"Unknown"
"5020554",378676,2026-04-22 09:39:00,29.3445739746094,-11.1347074508667,"Unknown"
"5020554",378676,2026-04-22 09:49:01,29.3527374267578,-11.1415071487427,"Unknown"
"5020554",378676,2026-04-22 09:59:00,29.3496341705322,-11.1543169021606,"Unknown"
"5020554",378676,2026-04-22 10:09:00,29.3366680145264,-11.1689624786377,"Unknown"
"5020554",378676,2026-04-22 10:19:00,29.3375015258789,-11.1677417755127,"Unknown"
"5020554",378676,2026-04-22 10:29:01,29.3371677398682,-11.1793279647827,"Unknown"
"5020554",378676,2026-04-22 10:39:01,29.3385028839111,-11.1823139190674,"Unknown"
"5020554",378676,2026-04-22 10:49:01,29.3400936126709,-11.1832523345947,"Unknown"
"5020554",378676,2026-04-22 10:59:02,29.3418712615967,-11.1838006973267,"Unknown"
"5020554",378676,2026-04-22 11:09:05,29.343692779541,-11.1845970153809,"Unknown"
"5020554",378676,2026-04-22 11:19:33,29.3452339172363,-11.184910774231,"Unknown"
"5020554",378676,2026-04-22 11:29:00,29.3469753265381,-11.1850719451904,"Unknown"
"5020554",378676,2026-04-22 11:39:01,29.3488140106201,-11.1854829788208,"Unknown"
"5020554",378676,2026-04-22 11:48:59,29.3504962921143,-11.1855926513672,"Unknown"
"5020554",378676,2026-04-22 11:59:01,29.3519859313965,-11.1856536865234,"Unknown"
"5020554",378676,2026-04-22 12:09:02,29.353307723999,-11.1860542297363,"Unknown"
"5020554",378676,2026-04-22 12:19:01,29.3549308776855,-11.1860074996948,"Unknown"
"5020554",378676,2026-04-22 12:29:01,29.3562240600586,-11.1857013702393,"Unknown"
"5020554",378676,2026-04-22 12:39:00,29.3586769104004,-11.1859197616577,"Unknown"
"5020554",378676,2026-04-22 12:49:01,29.3605270385742,-11.1864881515503,"Unknown"
"5020554",378676,2026-04-22 12:59:02,29.3621044158936,-11.1844463348389,"Unknown"
"5020554",378676,2026-04-22 13:08:59,29.3643550872803,-11.1654024124146,"Unknown"
"5020554",378676,2026-04-22 13:19:04,29.3603019714355,-11.1683044433594,"Unknown"
"5020554",378676,2026-04-22 13:28:59,29.3583583831787,-11.1649694442749,"Unknown"
"5020554",378676,2026-04-22 13:39:01,29.3515243530273,-11.1743860244751,"Unknown"
"5020554",378676,2026-04-22 13:49:01,29.3333530426025,-11.1705732345581,"Unknown"
"5020554",378676,2026-04-22 13:59:01,29.3239517211914,-11.1719303131104,"Unknown"
"5020554",378676,2026-04-22 14:19:32,29.3358497619629,-11.231822013855,"Unknown"
"5020554",378676,2026-04-22 14:28:59,29.3346576690674,-11.2304697036743,"Unknown"
"5020554",378676,2026-04-22 14:39:02,29.3331508636475,-11.2306795120239,"Unknown"
"5020554",378676,2026-04-22 14:50:03,29.3533935546875,-11.217903137207,"Unknown"
"5020554",378676,2026-04-22 14:58:59,29.3565998077393,-11.2261409759521,"Unknown"
"5020554",378676,2026-04-22 15:09:01,29.3615970611572,-11.2320432662964,"Unknown"
"5020554",378676,2026-04-22 15:19:00,29.3651847839355,-11.2961673736572,"Unknown"
"5020554",378676,2026-04-22 15:29:00,29.3812732696533,-11.2815685272217,"Unknown"
"5020554",378676,2026-04-22 15:38:59,29.3860187530518,-11.2916851043701,"Unknown"
"5020554",378676,2026-04-22 15:49:00,29.3767776489258,-11.289363861084,"Unknown"
"5020554",378676,2026-04-22 15:59:01,29.3693714141846,-11.2960948944092,"Unknown"
"5020554",378676,2026-04-22 16:09:51,29.3560962677002,-11.285231590271,"Unknown"
"5020554",378676,2026-04-22 16:19:05,29.3549709320068,-11.2834339141846,"Unknown"
"5020554",378676,2026-04-22 16:29:00,29.3483848571777,-11.2798919677734,"Unknown"
"5020554",378676,2026-04-22 16:39:02,29.3202743530273,-11.263521194458,"Unknown"
"5020554",378676,2026-04-22 16:49:01,29.3067474365234,-11.2642803192139,"Unknown"
"5020554",378676,2026-04-22 16:59:00,29.296594619751,-11.2554111480713,"Unknown"
"5020554",378676,2026-04-22 17:09:00,29.2956638336182,-11.2548856735229,"Unknown"
"5020554",378676,2026-04-22 17:19:00,29.2948913574219,-11.2543363571167,"Unknown"
"5020554",378676,2026-04-22 17:29:01,29.294017791748,-11.253454208374,"Unknown"
"5020554",378676,2026-04-22 17:39:05,29.2930393218994,-11.2526884078979,"Unknown"
"5020554",378676,2026-04-22 17:49:33,29.2919445037842,-11.2518491744995,"Unknown"
"5020554",378676,2026-04-22 17:58:59,29.2935371398926,-11.2498025894165,"Unknown"
"5020554",378676,2026-04-22 18:08:59,29.2925205230713,-11.2494249343872,"Unknown"
"5020554",378676,2026-04-22 18:19:00,29.2923202514648,-11.2410163879395,"Unknown"
"5020554",378676,2026-04-22 18:29:00,29.2905101776123,-11.240683555603,"Unknown"
"5020554",378676,2026-04-22 18:39:00,29.2882900238037,-11.2406425476074,"Unknown"
"5020554",378676,2026-04-22 18:48:59,29.2917556762695,-11.2341842651367,"Unknown"
"5020554",378676,2026-04-22 18:59:01,29.3019733428955,-11.2732791900635,"Unknown"
"5020554",378676,2026-04-22 19:09:01,29.2545337677002,-11.2541103363037,"Unknown"
"5020554",378676,2026-04-22 19:19:01,29.2430019378662,-11.2302513122559,"Unknown"
"5020554",378676,2026-04-22 19:29:02,29.2441692352295,-11.2264595031738,"Unknown"
"5020554",378676,2026-04-22 19:39:01,29.2442016601562,-11.2262392044067,"Unknown"
"5020554",378676,2026-04-22 19:49:02,29.2120838165283,-11.2030553817749,"Unknown"
"5020554",378676,2026-04-22 19:59:33,29.1830749511719,-11.1701707839966,"Unknown"
"5020554",378676,2026-04-22 20:09:00,29.181791305542,-11.171724319458,"Unknown"
"5020554",378676,2026-04-22 20:18:59,29.1804141998291,-11.1731939315796,"Unknown"
"5020554",378676,2026-04-22 20:29:00,29.1788272857666,-11.174599647522,"Unknown"
"5020554",378676,2026-04-22 20:39:01,29.1771087646484,-11.1759967803955,"Unknown"
"5020554",378676,2026-04-22 20:49:01,29.1756801605225,-11.1777057647705,"Unknown"
"5020554",378676,2026-04-22 20:59:00,29.1744060516357,-11.1795139312744,"Unknown"
"5020554",378676,2026-04-22 21:09:01,29.1733131408691,-11.1814908981323,"Unknown"
"5020554",378676,2026-04-22 21:19:00,29.1721000671387,-11.183295249939,"Unknown"
"5020554",378676,2026-04-22 21:29:02,29.1707191467285,-11.1850023269653,"Unknown"
"5020554",378676,2026-04-22 21:39:00,29.169340133667,-11.1868152618408,"Unknown"
"5020554",378676,2026-04-22 21:49:00,29.1681785583496,-11.1887550354004,"Unknown"
"5020554",378676,2026-04-22 21:59:02,29.1671047210693,-11.1906881332397,"Unknown"
"5020554",378676,2026-04-22 22:09:35,29.1659965515137,-11.1926012039185,"Unknown"
"5020554",378676,2026-04-22 22:18:59,29.1652584075928,-11.1944389343262,"Unknown"
"5020554",378676,2026-04-22 22:29:01,29.164493560791,-11.1964321136475,"Unknown"
"5020554",378676,2026-04-22 22:39:00,29.1639575958252,-11.1976327896118,"Unknown"
"5020554",378676,2026-04-22 22:49:01,29.1629734039307,-11.1985960006714,"Unknown"
"5020554",378676,2026-04-22 22:59:01,29.1622047424316,-11.2007532119751,"Unknown"
"5020554",378676,2026-04-22 23:09:02,29.1614742279053,-11.2029457092285,"Unknown"
"5020554",378676,2026-04-22 23:19:01,29.1607646942139,-11.2049942016602,"Unknown"
"5020554",378676,2026-04-22 23:29:03,29.1601448059082,-11.2070837020874,"Unknown"
"5020554",378676,2026-04-22 23:39:01,29.1595611572266,-11.2092409133911,"Unknown"
"5020554",378676,2026-04-22 23:49:04,29.1589031219482,-11.2113590240479,"Unknown"
"5020554",378676,2026-04-22 23:59:33,29.1582641601562,-11.2134132385254,"Unknown"
"5020554",378676,2026-04-23 00:09:00,29.1576671600342,-11.2151308059692,"Unknown"
"5020554",378676,2026-04-23 00:19:01,29.1571197509766,-11.2170209884644,"Unknown"
"5020554",378676,2026-04-23 00:28:59,29.1558704376221,-11.215145111084,"Unknown"
"5020554",378676,2026-04-23 00:39:00,29.1554527282715,-11.2168874740601,"Unknown"
"5020554",378676,2026-04-23 00:49:01,29.1551723480225,-11.2185554504395,"Unknown"
"5020554",378676,2026-04-23 00:58:59,29.154972076416,-11.2201366424561,"Unknown"
"5020554",378676,2026-04-23 01:08:59,29.1547718048096,-11.2218532562256,"Unknown"
"5020554",378676,2026-04-23 01:19:00,29.1548194885254,-11.2234563827515,"Unknown"
"5020554",378676,2026-04-23 01:28:59,29.1550350189209,-11.2252397537231,"Unknown"
"5020554",378676,2026-04-23 01:38:59,29.1552047729492,-11.2269105911255,"Unknown"
"5020554",378676,2026-04-23 01:49:01,29.1553230285645,-11.2281198501587,"Unknown"
"5020554",378676,2026-04-23 01:59:02,29.1553554534912,-11.2291278839111,"Unknown"
"5020554",378676,2026-04-23 02:09:32,29.1553535461426,-11.2301807403564,"Unknown"
"5020554",378676,2026-04-23 02:18:59,29.1553936004639,-11.2311849594116,"Unknown"
"5020554",378676,2026-04-23 02:29:01,29.1555137634277,-11.2324323654175,"Unknown"
"5020554",378676,2026-04-23 02:39:00,29.1556339263916,-11.2336931228638,"Unknown"
"5020554",378676,2026-04-23 02:49:00,29.1560745239258,-11.2351083755493,"Unknown"
"5020554",378676,2026-04-23 02:59:01,29.1560287475586,-11.2359428405762,"Unknown"
"5020554",378676,2026-04-23 03:09:00,29.1561489105225,-11.2365016937256,"Unknown"
"5020554",378676,2026-04-23 03:19:00,29.1559753417969,-11.2368793487549,"Unknown"
"5020554",378676,2026-04-23 03:29:01,29.1557998657227,-11.2374591827393,"Unknown"
"5020554",378676,2026-04-23 03:39:01,29.1555404663086,-11.2378797531128,"Unknown"
"5020554",378676,2026-04-23 03:49:02,29.1552295684814,-11.2383785247803,"Unknown"
"5020554",378676,2026-04-23 03:59:33,29.1549549102783,-11.2380886077881,"Unknown"
"5020554",378676,2026-04-23 04:09:00,29.1547336578369,-11.2382822036743,"Unknown"
"5020554",378676,2026-04-23 04:19:00,29.1546688079834,-11.2386531829834,"Unknown"
"5020554",378676,2026-04-23 04:29:00,29.1544513702393,-11.2390031814575,"Unknown"
"5020554",378676,2026-04-23 04:39:01,29.1543254852295,-11.2394332885742,"Unknown"
"5020554",378676,2026-04-23 04:49:00,29.1543750762939,-11.2402257919312,"Unknown"
"5020554",378676,2026-04-23 04:59:00,29.1546020507812,-11.2414684295654,"Unknown"
"5020554",378676,2026-04-23 05:09:00,29.1546154022217,-11.2419586181641,"Unknown"
"5020554",378676,2026-04-23 05:19:00,29.1547870635986,-11.242956161499,"Unknown"
"5020554",378676,2026-04-23 05:29:02,29.1554203033447,-11.2429904937744,"Unknown"
"5020554",378676,2026-04-23 05:38:59,29.1597442626953,-11.2866430282593,"Unknown"
"5020554",378676,2026-04-23 05:49:02,29.1761283874512,-11.3357448577881,"Unknown"
"5020554",378676,2026-04-23 05:59:01,29.2082061767578,-11.3518829345703,"Unknown"
"5020554",378676,2026-04-23 06:19:32,29.1998558044434,-11.3569793701172,"Unknown"
"5020554",378676,2026-04-23 06:29:00,29.2063465118408,-11.361310005188,"Unknown"
"5020554",378676,2026-04-23 06:39:01,29.2086925506592,-11.3645858764648,"Unknown"
"5020554",378676,2026-04-23 06:49:00,29.1996994018555,-11.3685750961304,"Unknown"
"5020554",378676,2026-04-23 06:59:00,29.1944103240967,-11.4087533950806,"Unknown"
"5020554",378676,2026-04-23 07:08:59,29.1950130462646,-11.4090785980225,"Unknown"
"5020554",378676,2026-04-23 07:19:01,29.1955318450928,-11.4091033935547,"Unknown"
"5020554",378676,2026-04-23 07:29:01,29.1960697174072,-11.4089984893799,"Unknown"
"5020554",378676,2026-04-23 07:39:01,29.1963138580322,-11.4087715148926,"Unknown"
"5020554",378676,2026-04-23 07:49:00,29.2085952758789,-11.4026870727539,"Unknown"
"5020554",378676,2026-04-23 07:59:05,29.2085285186768,-11.4044771194458,"Unknown"
"5020554",378676,2026-04-23 08:09:01,29.2127342224121,-11.4082107543945,"Unknown"
"5020554",378676,2026-04-23 08:20:03,29.2073192596436,-11.4054317474365,"Unknown"
"5020554",378676,2026-04-23 08:29:01,29.2081680297852,-11.4053144454956,"Unknown"
"5020554",378676,2026-04-23 08:39:00,29.2091045379639,-11.4050922393799,"Unknown"
"5020554",378676,2026-04-23 08:49:02,29.2100563049316,-11.4048871994019,"Unknown"
"5020554",378676,2026-04-23 08:59:01,29.2110385894775,-11.4048519134521,"Unknown"
"5020554",378676,2026-04-23 09:09:01,29.2138690948486,-11.4059257507324,"Unknown"
"5020554",378676,2026-04-23 09:19:01,29.2268543243408,-11.4173812866211,"Unknown"
"5020554",378676,2026-04-23 09:29:01,29.227388381958,-11.4172554016113,"Unknown"
"5020554",378676,2026-04-23 09:39:02,29.2279453277588,-11.4170274734497,"Unknown"
"5020554",378676,2026-04-23 09:49:01,29.2286186218262,-11.4168453216553,"Unknown"
"5020554",378676,2026-04-23 09:59:02,29.2359790802002,-11.4310884475708,"Unknown"
"5020554",378676,2026-04-23 10:09:33,29.2434883117676,-11.439998626709,"Unknown"
"5020554",378676,2026-04-23 10:18:59,29.2438888549805,-11.4399223327637,"Unknown"
"5020554",378676,2026-04-23 10:28:59,29.244104385376,-11.4396238327026,"Unknown"
"5020554",378676,2026-04-23 10:38:59,29.2443027496338,-11.4394445419312,"Unknown"
"5020554",378676,2026-04-23 10:48:59,29.2443199157715,-11.4389781951904,"Unknown"
"5020554",378676,2026-04-23 10:59:01,29.2443752288818,-11.4384021759033,"Unknown"
"5020554",378676,2026-04-23 11:08:59,29.2544078826904,-11.4308271408081,"Unknown"
"5020554",378676,2026-04-23 11:19:00,29.2540473937988,-11.4302377700806,"Unknown"
"5020554",378676,2026-04-23 11:29:01,29.253791809082,-11.4291429519653,"Unknown"
"5020554",378676,2026-04-23 11:39:02,29.2524261474609,-11.4479665756226,"Unknown"
"5020554",378676,2026-04-23 11:49:01,29.2467174530029,-11.4530572891235,"Unknown"
"5020554",378676,2026-04-23 11:59:03,29.2491817474365,-11.4582252502441,"Unknown"
"5020554",378676,2026-04-23 12:09:02,29.2501087188721,-11.4620332717896,"Unknown"
"5020554",378676,2026-04-23 12:19:02,29.2483253479004,-11.4732322692871,"Unknown"
"5020554",378676,2026-04-23 12:29:00,29.2479190826416,-11.4730434417725,"Unknown"
"5020554",378676,2026-04-23 12:39:00,29.2474842071533,-11.473108291626,"Unknown"
"5020554",378676,2026-04-23 12:49:06,29.2412490844727,-11.4849557876587,"Unknown"
"5020554",378676,2026-04-23 12:59:01,29.244836807251,-11.4880809783936,"Unknown"
"5020554",378676,2026-04-23 13:10:05,29.2468662261963,-11.4894189834595,"Unknown"
"5020554",378676,2026-04-23 13:19:03,29.2512950897217,-11.4887456893921,"Unknown"
"5020554",378676,2026-04-23 13:29:10,29.249361038208,-11.4862461090088,"Unknown"
"5020554",378676,2026-04-23 13:39:02,29.2353420257568,-11.4847431182861,"Unknown"
"5020554",378676,2026-04-23 13:49:04,29.2268848419189,-11.482684135437,"Unknown"
"5020554",378676,2026-04-23 13:59:33,29.2252502441406,-11.4825658798218,"Unknown"
"5020554",378676,2026-04-23 14:08:59,29.2222919464111,-11.4817838668823,"Unknown"
"5020554",378676,2026-04-23 14:19:00,29.2201957702637,-11.4810028076172,"Unknown"
"5020554",378676,2026-04-23 14:28:59,29.2180709838867,-11.480544090271,"Unknown"
"5020554",378676,2026-04-23 14:38:59,29.2158355712891,-11.4800128936768,"Unknown"
"5020554",378676,2026-04-23 14:49:01,29.2137413024902,-11.4796457290649,"Unknown"
"5020554",378676,2026-04-23 14:59:00,29.2114696502686,-11.4794435501099,"Unknown"
"5020554",378676,2026-04-23 15:09:01,29.2091617584229,-11.4791202545166,"Unknown"
"5020554",378676,2026-04-23 15:19:01,29.2067470550537,-11.4788722991943,"Unknown"
"5020554",378676,2026-04-23 15:29:02,29.2045249938965,-11.4789113998413,"Unknown"
"5020554",378676,2026-04-23 15:39:02,29.2020893096924,-11.4786720275879,"Unknown"
"5020554",378676,2026-04-23 15:49:02,29.1994915008545,-11.4786949157715,"Unknown"
"5020554",378676,2026-04-23 15:59:02,29.1969089508057,-11.4786853790283,"Unknown"
"5020554",378676,2026-04-23 16:49:32,29.193904876709,-11.4761819839478,"Unknown"
"5020554",378676,2026-04-23 16:59:02,29.19970703125,-11.4891290664673,"Unknown"
"5020554",378676,2026-04-23 17:09:04,29.1986331939697,-11.5009651184082,"Unknown"
"5020554",378676,2026-04-23 17:19:01,29.1937961578369,-11.5112209320068,"Unknown"
"5020554",378676,2026-04-23 17:29:01,29.1913738250732,-11.5106554031372,"Unknown"
"5020554",378676,2026-04-23 17:39:01,29.1851673126221,-11.5048274993896,"Unknown"
"5020554",378676,2026-04-23 17:49:00,29.1879997253418,-11.5226554870605,"Unknown"
"5020554",378676,2026-04-23 17:59:00,29.1952533721924,-11.5274505615234,"Unknown"
"5020554",378676,2026-04-23 18:09:00,29.2041454315186,-11.5211820602417,"Unknown"
"5020554",378676,2026-04-23 18:19:00,29.2116088867188,-11.5170860290527,"Unknown"
"5020554",378676,2026-04-23 18:29:01,29.2189083099365,-11.5101823806763,"Unknown"
"5020554",378676,2026-04-23 18:39:33,29.2169380187988,-11.5073690414429,"Unknown"
"5020554",378676,2026-04-23 18:49:01,29.212890625,-11.5093593597412,"Unknown"
"5020554",378676,2026-04-23 18:59:00,29.1764869689941,-11.4953680038452,"Unknown"
"5020554",378676,2026-04-23 19:09:01,29.1572723388672,-11.5114240646362,"Unknown"
"5020554",378676,2026-04-23 19:19:01,29.107629776001,-11.540135383606,"Unknown"
"5020554",378676,2026-04-23 19:29:00,29.1046905517578,-11.5399808883667,"Unknown"
"5020554",378676,2026-04-23 19:39:01,29.0822830200195,-11.566333770752,"Unknown"
"5020554",378676,2026-04-23 19:49:02,29.0802001953125,-11.5662136077881,"Unknown"
"5020554",378676,2026-04-23 19:58:59,29.0782737731934,-11.5658206939697,"Unknown"
"5020554",378676,2026-04-23 20:09:01,29.0763149261475,-11.5657091140747,"Unknown"
"5020554",378676,2026-04-23 20:19:03,29.07448387146,-11.5659427642822,"Unknown"
"5020554",378676,2026-04-23 20:29:01,29.0724697113037,-11.5655460357666,"Unknown"
"5020554",378676,2026-04-23 20:39:02,29.070728302002,-11.5666885375977,"Unknown"
"5020554",378676,2026-04-23 20:49:03,29.0687236785889,-11.5665149688721,"Unknown"
"5020554",378676,2026-04-23 20:59:01,29.0668201446533,-11.5664348602295,"Unknown"
"5020554",378676,2026-04-23 21:09:33,29.0649223327637,-11.5664157867432,"Unknown"
"5020554",378676,2026-04-23 21:19:00,29.0631465911865,-11.5656328201294,"Unknown"
"5020554",378676,2026-04-23 21:29:01,29.0612926483154,-11.5654077529907,"Unknown"
"5020554",378676,2026-04-23 21:39:01,29.0605888366699,-11.563624382019,"Unknown"
"5020554",378676,2026-04-23 21:49:01,29.0589046478271,-11.5635757446289,"Unknown"
"5020554",378676,2026-04-23 21:59:00,29.0573997497559,-11.561785697937,"Unknown"
"5020554",378676,2026-04-23 22:09:03,29.0557918548584,-11.5620832443237,"Unknown"
"5020554",378676,2026-04-23 22:19:01,29.0542812347412,-11.5624475479126,"Unknown"
"5020554",378676,2026-04-23 22:29:03,29.0530109405518,-11.562460899353,"Unknown"
"5020554",378676,2026-04-23 22:39:03,29.0519161224365,-11.5616226196289,"Unknown"
"5020554",378676,2026-04-23 22:49:03,29.0507049560547,-11.5621557235718,"Unknown"
"5020554",378676,2026-04-23 22:59:02,29.0491790771484,-11.5615520477295,"Unknown"
"5020554",378676,2026-04-23 23:09:01,29.0475616455078,-11.5607900619507,"Unknown"
"5020554",378676,2026-04-23 23:19:03,29.045690536499,-11.5599584579468,"Unknown"
"5020554",378676,2026-04-23 23:29:02,29.0439758300781,-11.5562610626221,"Unknown"
"5020554",378676,2026-04-23 23:39:04,29.0419502258301,-11.5555114746094,"Unknown"
"5020554",378676,2026-04-23 23:49:33,29.0398769378662,-11.5550298690796,"Unknown"
"5020554",378676,2026-04-23 23:59:01,29.0378723144531,-11.5542831420898,"Unknown"
"5020554",378676,2026-04-24 00:09:01,29.0357837677002,-11.5534267425537,"Unknown"
"5020554",378676,2026-04-24 00:19:01,29.0334892272949,-11.5525064468384,"Unknown"
"5020554",378676,2026-04-24 00:29:01,29.0311965942383,-11.55149269104,"Unknown"
"5020554",378676,2026-04-24 00:39:01,29.028881072998,-11.5506248474121,"Unknown"
"5020554",378676,2026-04-24 00:49:02,29.0265140533447,-11.5497045516968,"Unknown"
"5020554",378676,2026-04-24 00:59:01,29.0242214202881,-11.5493440628052,"Unknown"
"5020554",378676,2026-04-24 01:09:01,29.0218849182129,-11.5492305755615,"Unknown"
"5020554",378676,2026-04-24 01:19:02,29.0200691223145,-11.5488367080688,"Unknown"
"5020554",378676,2026-04-24 01:29:02,29.0177001953125,-11.5479421615601,"Unknown"
"5020554",378676,2026-04-24 01:39:02,29.0153388977051,-11.5472106933594,"Unknown"
"5020554",378676,2026-04-24 01:49:03,29.0129489898682,-11.5468683242798,"Unknown"
"5020554",378676,2026-04-24 01:59:03,29.0107154846191,-11.5462646484375,"Unknown"
"5020554",378676,2026-04-24 02:09:32,29.0081806182861,-11.5454006195068,"Unknown"
"5020554",378676,2026-04-24 02:19:01,29.0058555603027,-11.5449886322021,"Unknown"
"5020554",378676,2026-04-24 02:29:02,29.0032844543457,-11.5443248748779,"Unknown"
"5020554",378676,2026-04-24 02:39:01,29.0006465911865,-11.5440559387207,"Unknown"
"5020554",378676,2026-04-24 02:49:03,28.9980125427246,-11.5440988540649,"Unknown"
"5020554",378676,2026-04-24 02:59:02,28.9953708648682,-11.5443382263184,"Unknown"
"5020554",378676,2026-04-24 03:09:02,28.9927730560303,-11.544677734375,"Unknown"
"5020554",378676,2026-04-24 03:19:02,28.9900684356689,-11.5451164245605,"Unknown"
"5020554",378676,2026-04-24 03:29:02,28.9874954223633,-11.5457286834717,"Unknown"
"5020554",378676,2026-04-24 03:39:04,28.9849414825439,-11.5463876724243,"Unknown"
"5020554",378676,2026-04-24 03:49:09,28.9823741912842,-11.5472106933594,"Unknown"
"5020554",378676,2026-04-24 03:59:33,28.9796810150146,-11.5481729507446,"Unknown"
"5020554",378676,2026-04-24 04:09:00,28.9772109985352,-11.5492353439331,"Unknown"
"5020554",378676,2026-04-24 04:19:01,28.9746494293213,-11.5504865646362,"Unknown"
"5020554",378676,2026-04-24 04:29:02,28.9721126556396,-11.5519161224365,"Unknown"
"5020554",378676,2026-04-24 04:39:02,28.9695129394531,-11.5531225204468,"Unknown"
"5020554",378676,2026-04-24 04:49:00,28.9668445587158,-11.55455493927,"Unknown"
"5020554",378676,2026-04-24 04:59:01,28.9641971588135,-11.5560970306396,"Unknown"
"5020554",378676,2026-04-24 05:09:02,28.9617691040039,-11.5580654144287,"Unknown"
"5020554",378676,2026-04-24 05:19:02,28.9608097076416,-11.5949583053589,"Unknown"
"5020554",378676,2026-04-24 05:29:03,28.9534530639648,-11.6654357910156,"Unknown"
"5020554",378676,2026-04-24 05:39:03,28.9440784454346,-11.7408742904663,"Unknown"
"5020554",378676,2026-04-24 05:49:03,28.9351081848145,-11.8193254470825,"Unknown"
"5020554",378676,2026-04-24 05:59:03,28.9196605682373,-11.9035940170288,"Unknown"
"5020554",378676,2026-04-24 09:20:21,28.6176223754883,-13.600435256958,"Unknown"
"5020554",378676,2026-04-24 09:29:01,28.5621509552002,-13.624813079834,"Unknown"
"5020554",378676,2026-04-24 09:39:02,28.5614356994629,-13.6258640289307,"Unknown"
"5020554",378676,2026-04-24 09:49:02,28.4829864501953,-13.6354598999023,"Unknown"
"5020554",378676,2026-04-24 09:59:02,28.4281425476074,-13.6501264572144,"Unknown"
"5020554",378676,2026-04-24 10:09:01,28.406810760498,-13.6482877731323,"Unknown"
"5020554",378676,2026-04-24 10:19:01,28.3876762390137,-13.6532106399536,"Unknown"
"5020554",378676,2026-04-24 10:29:01,28.3300113677979,-13.6980142593384,"Unknown"
"5020554",378676,2026-04-24 10:39:02,28.3283977508545,-13.6981658935547,"Unknown"
"5020554",378676,2026-04-24 10:49:02,28.2626914978027,-13.7177047729492,"Unknown"
"5020554",378676,2026-04-24 10:59:02,28.218843460083,-13.7410774230957,"Unknown"
"5020554",378676,2026-04-24 11:09:03,28.1332015991211,-13.8052597045898,"Unknown"
"5020554",378676,2026-04-24 11:19:04,28.07737159729,-13.889799118042,"Unknown"
"5020554",378676,2026-04-24 11:29:02,28.0765857696533,-13.8919820785522,"Unknown"
"5020554",378676,2026-04-24 11:39:00,28.0756359100342,-13.8941249847412,"Unknown"
"5020554",378676,2026-04-24 11:49:01,28.0746917724609,-13.896502494812,"Unknown"
"5020554",378676,2026-04-24 11:59:03,28.0736656188965,-13.8987445831299,"Unknown"
"5020554",378676,2026-04-24 12:09:32,28.0725917816162,-13.901159286499,"Unknown"
"5020554",378676,2026-04-24 12:19:02,28.0716552734375,-13.9034290313721,"Unknown"
"5020554",378676,2026-04-24 12:29:03,28.0709342956543,-13.9059591293335,"Unknown"
"5020554",378676,2026-04-24 12:39:03,28.070348739624,-13.908540725708,"Unknown"
"5020554",378676,2026-04-24 12:49:05,28.0316143035889,-13.9885520935059,"Unknown"
"5020554",378676,2026-04-24 12:59:02,28.0334033966064,-14.0234365463257,"Unknown"
"5020554",378676,2026-04-24 13:09:05,28.0332069396973,-14.0269756317139,"Unknown"
"5020554",378676,2026-04-24 13:19:02,28.0331039428711,-14.0307855606079,"Unknown"
"5020554",378676,2026-04-24 13:29:02,28.0171070098877,-14.0905704498291,"Unknown"
"5020554",378676,2026-04-24 13:39:03,27.9875926971436,-14.1689395904541,"Unknown"
"5020554",378676,2026-04-24 13:50:25,27.9801082611084,-14.2233514785767,"Unknown"
"5020554",378676,2026-04-24 14:00:25,27.9634761810303,-14.3212366104126,"Unknown"
"5020554",378676,2026-04-24 14:09:33,27.9622573852539,-14.3529386520386,"Unknown"
"5020554",378676,2026-04-24 14:19:03,27.9574298858643,-14.3821773529053,"Unknown"
"5020554",378676,2026-04-24 14:29:05,27.960033416748,-14.4490909576416,"Unknown"
"5020554",378676,2026-04-24 14:39:03,27.9560070037842,-14.5231590270996,"Unknown"
"5020554",378676,2026-04-24 14:49:04,27.9578742980957,-14.6024942398071,"Unknown"
"5020554",378676,2026-04-24 15:00:25,27.9557876586914,-14.6955423355103,"Unknown"
"5020554",378676,2026-04-24 15:10:25,27.9531841278076,-14.7780599594116,"Unknown"
"5020554",378676,2026-04-24 15:19:47,27.9584255218506,-14.8145599365234,"Unknown"
"5020554",378676,2026-04-24 15:29:01,27.9623527526855,-14.8359060287476,"Unknown"
"5020554",378676,2026-04-24 15:39:02,27.9647064208984,-14.9103994369507,"Unknown"
"5020554",378676,2026-04-24 15:49:05,27.9626903533936,-14.9922657012939,"Unknown"
"5020554",378676,2026-04-24 15:59:04,27.9619789123535,-15.0632047653198,"Unknown"
"5020554",378676,2026-04-24 16:09:02,27.9741401672363,-15.1193437576294,"Unknown"
"5020554",378676,2026-04-24 16:19:03,27.9888553619385,-15.1897192001343,"Unknown"
"5020554",378676,2026-04-24 16:29:02,28.0175666809082,-15.2480134963989,"Unknown"
"5020554",378676,2026-04-24 16:39:03,28.0454406738281,-15.3008813858032,"Unknown"
"5020554",378676,2026-04-24 16:49:57,28.0921821594238,-15.3304634094238,"Unknown"
"5020554",378676,2026-04-24 16:59:02,28.1395816802979,-15.3462085723877,"Unknown"
"5020554",378676,2026-04-24 17:09:02,28.1781826019287,-15.373646736145,"Unknown"
"5020554",378676,2026-04-24 17:19:03,28.213996887207,-15.4307289123535,"Unknown"
"5020554",378676,2026-04-24 17:30:25,28.2388820648193,-15.5144424438477,"Unknown"
"5020554",378676,2026-04-24 17:40:25,28.2563285827637,-15.597393989563,"Unknown"
"5020554",378676,2026-04-24 17:50:25,28.269718170166,-15.6678304672241,"Unknown"
"5020554",378676,2026-04-24 19:19:32,28.4454708099365,-16.2066059112549,"Unknown"
"5020554",378676,2026-04-24 19:29:04,28.4759750366211,-16.1532039642334,"Unknown"
"5020554",378676,2026-04-24 19:39:06,28.5228824615479,-16.1165599822998,"Unknown"
"5020554",378676,2026-04-24 19:49:04,28.5702056884766,-16.1173095703125,"Unknown"
"5020554",378676,2026-04-24 19:59:01,28.6079006195068,-16.156644821167,"Unknown"
"5020554",378676,2026-04-24 20:09:02,28.6135101318359,-16.2187690734863,"Unknown"
"5020554",378676,2026-04-24 20:19:02,28.6122207641602,-16.283519744873,"Unknown"
"5020554",378676,2026-04-24 20:29:03,28.6016445159912,-16.3501567840576,"Unknown"
"5020554",378676,2026-04-24 20:39:05,28.5758361816406,-16.4135589599609,"Unknown"
"5020554",378676,2026-04-24 20:50:25,28.5450458526611,-16.4784259796143,"Unknown"
"5020554",378676,2026-04-24 21:00:25,28.5198173522949,-16.5461692810059,"Unknown"
"5020554",378676,2026-04-24 21:10:25,28.4978179931641,-16.6202049255371,"Unknown"
"5020554",378676,2026-04-24 21:20:25,28.4835376739502,-16.6945381164551,"Unknown"
"5020554",378676,2026-04-24 21:30:25,28.4740333557129,-16.7857494354248,"Unknown"
"5020554",378676,2026-04-24 21:40:25,28.4804153442383,-16.8782234191895,"Unknown"
"5020554",378676,2026-04-24 21:50:25,28.499080657959,-16.9675941467285,"Unknown"
"5020554",378676,2026-04-24 23:40:25,28.7356986999512,-17.7219619750977,"Unknown"
"5020554",378676,2026-04-24 23:50:25,28.7455234527588,-17.7213459014893,"Unknown"
"5020554",378676,2026-04-24 23:50:55,28.7462768554688,-17.7217178344727,"Unknown"
"5020554",378676,2026-04-25 00:01:03,28.7609062194824,-17.7298851013184,"Unknown"
"5020554",378676,2026-04-25 00:10:30,28.7589836120605,-17.7287273406982,"Unknown"
"5020554",378676,2026-04-25 00:20:30,28.7631950378418,-17.7331771850586,"Unknown"
"5020554",378676,2026-04-25 00:30:31,28.761697769165,-17.731897354126,"Unknown"
"5020554",378676,2026-04-25 00:31:31,28.7615432739258,-17.7317085266113,"Unknown"
"5020554",378676,2026-04-25 00:41:31,28.7599239349365,-17.7305889129639,"Unknown"
"5020554",378676,2026-04-25 00:42:31,28.7609195709229,-17.7320232391357,"Unknown"
"5020554",378676,2026-04-25 00:52:30,28.7596130371094,-17.7309169769287,"Unknown"
"5020554",378676,2026-04-25 01:02:31,28.7583866119385,-17.729944229126,"Unknown"
"5020554",378676,2026-04-25 01:12:31,28.7572212219238,-17.7294940948486,"Unknown"
"5020554",378676,2026-04-25 01:22:30,28.7564163208008,-17.7284698486328,"Unknown"
"5020554",378676,2026-04-25 01:32:31,28.7556972503662,-17.7273235321045,"Unknown"
"5020554",378676,2026-04-25 01:42:30,28.7552013397217,-17.7263050079346,"Unknown"
"5020554",378676,2026-04-25 01:52:32,28.7870826721191,-17.7473068237305,"Unknown"
"5020554",378676,2026-04-25 02:02:32,28.7773189544678,-17.7619667053223,"Unknown"
"5020554",378676,2026-04-25 02:12:31,28.788990020752,-17.806432723999,"Unknown"
"5020554",378676,2026-04-25 02:22:32,28.7803649902344,-17.8109931945801,"Unknown"
"5020554",378676,2026-04-25 02:32:36,28.7802295684814,-17.8108615875244,"Unknown"
"5020554",378676,2026-04-25 02:42:36,28.7801895141602,-17.811149597168,"Unknown"
"5020554",378676,2026-04-25 02:52:33,28.7802181243896,-17.811014175415,"Unknown"
"5020554",378676,2026-04-25 03:03:03,28.7805061340332,-17.8110790252686,"Unknown"
"5020554",378676,2026-04-25 03:13:13,28.7802925109863,-17.8110027313232,"Unknown"
"5020554",378676,2026-04-25 03:22:33,28.7802600860596,-17.8109760284424,"Unknown"
"5020554",378676,2026-04-25 03:32:32,28.7802658081055,-17.8110027313232,"Unknown"
"5020554",378676,2026-04-25 03:42:32,28.780200958252,-17.8109874725342,"Unknown"
"5020554",378676,2026-04-25 03:52:32,28.780294418335,-17.8110275268555,"Unknown"
"5020554",378676,2026-04-25 04:02:37,28.7801876068115,-17.810998916626,"Unknown"
"5020554",378676,2026-04-25 04:12:35,28.7803230285645,-17.811014175415,"Unknown"
"5020554",378676,2026-04-25 04:22:35,28.7802066802979,-17.8109092712402,"Unknown"
"5020554",378676,2026-04-25 04:33:05,28.7802791595459,-17.8110027313232,"Unknown"
"5020554",378676,2026-04-25 04:42:55,28.780345916748,-17.8111763000488,"Unknown"
"5020554",378676,2026-04-25 04:53:55,28.7801303863525,-17.8110523223877,"Unknown"
"5020554",378676,2026-04-25 05:03:55,28.780309677124,-17.8110809326172,"Unknown"
"5020554",378676,2026-04-25 05:43:55,28.7815475463867,-17.8088302612305,"Unknown"
"5020554",378676,2026-04-25 05:52:37,28.7926349639893,-17.7485446929932,"Unknown"
"5020554",378676,2026-04-25 06:02:35,28.7930355072021,-17.7477054595947,"Unknown"
"5020554",378676,2026-04-25 06:12:36,28.7964324951172,-17.7454586029053,"Unknown"
"5020554",378676,2026-04-25 06:22:35,28.797004699707,-17.7451629638672,"Unknown"
"5020554",378676,2026-04-25 06:33:55,28.8081607818604,-17.7402000427246,"Unknown"
"5020554",378676,2026-04-25 06:43:02,28.8080863952637,-17.7402381896973,"Unknown"
"5020554",378676,2026-04-25 06:52:30,28.8080062866211,-17.7404117584229,"Unknown"
"5020554",378676,2026-04-25 07:02:30,28.8079700469971,-17.740478515625,"Unknown"
"5020554",378676,2026-04-25 07:12:31,28.8080139160156,-17.7406692504883,"Unknown"
"5020554",378676,2026-04-25 07:22:32,28.8224754333496,-17.7389831542969,"Unknown"
"5020554",378676,2026-04-25 07:32:31,28.8226795196533,-17.7390975952148,"Unknown"
"5020554",378676,2026-04-25 07:42:33,28.8251800537109,-17.7426948547363,"Unknown"
"5020554",378676,2026-04-25 07:52:32,28.8322792053223,-17.7395172119141,"Unknown"
"5020554",378676,2026-04-25 08:02:34,28.8325672149658,-17.7399845123291,"Unknown"
"5020554",378676,2026-04-25 08:12:35,28.8327445983887,-17.7403411865234,"Unknown"
"5020554",378676,2026-04-25 08:23:03,28.8331890106201,-17.7409019470215,"Unknown"
"5020554",378676,2026-04-25 08:32:30,28.833423614502,-17.7416191101074,"Unknown"
"5020554",378676,2026-04-25 08:42:31,28.8251209259033,-17.7387256622314,"Unknown"
"5020554",378676,2026-04-25 08:52:31,28.8247699737549,-17.739221572876,"Unknown"
"5020554",378676,2026-04-25 09:02:30,28.8243198394775,-17.7396602630615,"Unknown"
"5020554",378676,2026-04-25 09:12:31,28.8238525390625,-17.7394752502441,"Unknown"
"5020554",378676,2026-04-25 09:13:31,28.8237781524658,-17.7394409179688,"Unknown"
"5020554",378676,2026-04-25 09:14:31,28.823709487915,-17.739444732666,"Unknown"
"5020554",378676,2026-04-25 09:15:30,28.8236904144287,-17.7394065856934,"Unknown"
"5020554",378676,2026-04-25 09:16:31,28.8236312866211,-17.7393798828125,"Unknown"
"5020554",378676,2026-04-25 09:17:31,28.8236026763916,-17.7393131256104,"Unknown"
"5020554",378676,2026-04-25 09:18:31,28.8235569000244,-17.7392864227295,"Unknown"
"5020554",378676,2026-04-25 09:19:32,28.8235054016113,-17.7392234802246,"Unknown"
"5020554",378676,2026-04-25 09:20:30,28.8234539031982,-17.7391910552979,"Unknown"
"5020554",378676,2026-04-25 09:21:30,28.8234329223633,-17.7391681671143,"Unknown"
"5020554",378676,2026-04-25 09:22:30,28.8234062194824,-17.7391204833984,"Unknown"
"5020554",378676,2026-04-25 09:23:30,28.8233470916748,-17.7390766143799,"Unknown"
"5020554",378676,2026-04-25 09:24:32,28.8232822418213,-17.7390270233154,"Unknown"
"5020554",378676,2026-04-25 09:25:32,28.823221206665,-17.7389945983887,"Unknown"
"5020554",378676,2026-04-25 09:26:30,28.8231773376465,-17.7389221191406,"Unknown"
"5020554",378676,2026-04-25 09:27:31,28.8231143951416,-17.7389087677002,"Unknown"
"5020554",378676,2026-04-25 09:28:30,28.8230590820312,-17.738883972168,"Unknown"
"5020554",378676,2026-04-25 09:29:31,28.822998046875,-17.7388687133789,"Unknown"
"5020554",378676,2026-04-25 09:30:31,28.8229465484619,-17.7388706207275,"Unknown"
"5020554",378676,2026-04-25 09:31:30,28.8239002227783,-17.7396259307861,"Unknown"
"5020554",378676,2026-04-25 09:32:30,28.8238582611084,-17.7396221160889,"Unknown"
"5020554",378676,2026-04-25 09:33:30,28.8237972259521,-17.7396335601807,"Unknown"
"5020554",378676,2026-04-25 09:34:30,28.8237380981445,-17.7396392822266,"Unknown"
"5020554",378676,2026-04-25 09:35:31,28.8236675262451,-17.7396335601807,"Unknown"
"5020554",378676,2026-04-25 09:36:30,28.8235893249512,-17.739673614502,"Unknown"
"5020554",378676,2026-04-25 09:37:30,28.8235263824463,-17.7396297454834,"Unknown"
"5020554",378676,2026-04-25 09:38:30,28.8234405517578,-17.739631652832,"Unknown"
"5020554",378676,2026-04-25 09:39:31,28.8233680725098,-17.7396049499512,"Unknown"
"5020554",378676,2026-04-25 09:40:32,28.8233032226562,-17.7396049499512,"Unknown"
"5020554",378676,2026-04-25 09:41:30,28.8232326507568,-17.7395877838135,"Unknown"
"5020554",378676,2026-04-25 09:42:30,28.8231506347656,-17.7396068572998,"Unknown"
"5020554",378676,2026-04-25 09:43:30,28.8230724334717,-17.739574432373,"Unknown"
"5020554",378676,2026-04-25 09:44:30,28.8230056762695,-17.7395629882812,"Unknown"
"5020554",378676,2026-04-25 09:45:30,28.8229217529297,-17.7395725250244,"Unknown"
"5020554",378676,2026-04-25 09:46:30,28.8228435516357,-17.7395534515381,"Unknown"
"5020554",378676,2026-04-25 09:47:30,28.8227615356445,-17.7395267486572,"Unknown"
"5020554",378676,2026-04-25 09:48:30,28.8226547241211,-17.7395095825195,"Unknown"
"5020554",378676,2026-04-25 09:49:32,28.8225860595703,-17.7395496368408,"Unknown"
"5020554",378676,2026-04-25 09:50:30,28.8225078582764,-17.7395458221436,"Unknown"
"5020554",378676,2026-04-25 09:51:32,28.8224334716797,-17.73952293396,"Unknown"
"5020554",378676,2026-04-25 09:52:31,28.8223724365234,-17.7394886016846,"Unknown"
"5020554",378676,2026-04-25 09:53:30,28.8222808837891,-17.7394847869873,"Unknown"
"5020554",378676,2026-04-25 09:54:30,28.8222274780273,-17.7394866943359,"Unknown"
"5020554",378676,2026-04-25 09:55:30,28.8221702575684,-17.7394599914551,"Unknown"
"5020554",378676,2026-04-25 09:56:30,28.8220729827881,-17.7394771575928,"Unknown"
"5020554",378676,2026-04-25 09:57:30,28.8220138549805,-17.7394618988037,"Unknown"
"5020554",378676,2026-04-25 09:58:30,28.8219432830811,-17.7394866943359,"Unknown"
"5020554",378676,2026-04-25 09:59:30,28.8218612670898,-17.73948097229,"Unknown"
"5020554",378676,2026-04-25 10:00:30,28.82177734375,-17.7395133972168,"Unknown"
"5020554",378676,2026-04-25 10:01:30,28.8216934204102,-17.7395343780518,"Unknown"
"5020554",378676,2026-04-25 10:02:32,28.8216400146484,-17.7395668029785,"Unknown"
"5020554",378676,2026-04-25 10:03:32,28.8215827941895,-17.7396240234375,"Unknown"
"5020554",378676,2026-04-25 10:04:30,28.8214931488037,-17.7396278381348,"Unknown"
"5020554",378676,2026-04-25 10:05:30,28.8214359283447,-17.7396392822266,"Unknown"
"5020554",378676,2026-04-25 10:06:32,28.821346282959,-17.7396831512451,"Unknown"
"5020554",378676,2026-04-25 10:07:30,28.8212585449219,-17.7397289276123,"Unknown"
"5020554",378676,2026-04-25 10:08:30,28.8212108612061,-17.7397499084473,"Unknown"
"5020554",378676,2026-04-25 10:09:30,28.8211135864258,-17.7397594451904,"Unknown"
"5020554",378676,2026-04-25 10:10:30,28.8210048675537,-17.7397880554199,"Unknown"
"5020554",378676,2026-04-25 10:11:32,28.8209476470947,-17.7398490905762,"Unknown"
"5020554",378676,2026-04-25 10:12:30,28.8208885192871,-17.7399158477783,"Unknown"
"5020554",378676,2026-04-25 10:13:30,28.8208141326904,-17.7399559020996,"Unknown"
"5020554",378676,2026-04-25 10:14:32,28.8207378387451,-17.7399978637695,"Unknown"
"5020554",378676,2026-04-25 10:15:32,28.8207015991211,-17.7400684356689,"Unknown"
"5020554",378676,2026-04-25 10:16:30,28.820613861084,-17.7400188446045,"Unknown"
"5020554",378676,2026-04-25 10:17:30,28.8205413818359,-17.740047454834,"Unknown"
"5020554",378676,2026-04-25 10:18:32,28.8175601959229,-17.737117767334,"Unknown"
"5020554",378676,2026-04-25 10:19:31,28.8118934631348,-17.7324333190918,"Unknown"
"5020554",378676,2026-04-25 10:20:31,28.8048534393311,-17.72878074646,"Unknown"
"5020554",378676,2026-04-25 10:21:32,28.7969703674316,-17.7244739532471,"Unknown"
"5020554",378676,2026-04-25 10:22:32,28.7954006195068,-17.725025177002,"Unknown"
"5020554",378676,2026-04-25 10:23:30,28.7952880859375,-17.7255096435547,"Unknown"
"5020554",378676,2026-04-25 10:24:30,28.7951335906982,-17.7254447937012,"Unknown"
"5020554",378676,2026-04-25 10:25:32,28.7949466705322,-17.7253894805908,"Unknown"
"5020554",378676,2026-04-25 10:26:32,28.7940654754639,-17.7257823944092,"Unknown"
"5020554",378676,2026-04-25 10:27:32,28.7928886413574,-17.7261180877686,"Unknown"
"5020554",378676,2026-04-25 10:28:32,28.7930088043213,-17.7271118164062,"Unknown"
"5020554",378676,2026-04-25 10:29:32,28.792896270752,-17.7271022796631,"Unknown"
"5020554",378676,2026-04-25 10:30:32,28.7927951812744,-17.7270565032959,"Unknown"
"5020554",378676,2026-04-25 10:31:33,28.7926616668701,-17.7269649505615,"Unknown"
"5020554",378676,2026-04-25 10:32:33,28.7925300598145,-17.7269153594971,"Unknown"
"5020554",378676,2026-04-25 10:33:32,28.7924041748047,-17.7268218994141,"Unknown"
"5020554",378676,2026-04-25 10:34:32,28.7922439575195,-17.7268180847168,"Unknown"
"5020554",378676,2026-04-25 10:35:33,28.7921562194824,-17.7268009185791,"Unknown"
"5020554",378676,2026-04-25 10:36:33,28.7920589447021,-17.7267532348633,"Unknown"
"5020554",378676,2026-04-25 10:37:33,28.7919387817383,-17.7266941070557,"Unknown"
"5020554",378676,2026-04-25 10:38:33,28.7918529510498,-17.7266292572021,"Unknown"
"5020554",378676,2026-04-25 10:39:34,28.7917423248291,-17.7265892028809,"Unknown"
"5020554",378676,2026-04-25 10:40:33,28.7916507720947,-17.7265701293945,"Unknown"
"5020554",378676,2026-04-25 10:41:33,28.7915458679199,-17.7265033721924,"Unknown"
"5020554",378676,2026-04-25 10:42:34,28.791446685791,-17.7264595031738,"Unknown"
"5020554",378676,2026-04-25 10:43:33,28.7913417816162,-17.7264175415039,"Unknown"
"5020554",378676,2026-04-25 10:44:33,28.7912425994873,-17.7263584136963,"Unknown"
"5020554",378676,2026-04-25 10:45:33,28.7911224365234,-17.7262992858887,"Unknown"
"5020554",378676,2026-04-25 10:46:33,28.7910251617432,-17.7261943817139,"Unknown"
"5020554",378676,2026-04-25 10:47:33,28.7909374237061,-17.7261734008789,"Unknown"
"5020554",378676,2026-04-25 10:48:33,28.7908191680908,-17.7260913848877,"Unknown"
"5020554",378676,2026-04-25 10:49:33,28.7907428741455,-17.7260723114014,"Unknown"
"5020554",378676,2026-04-25 10:50:33,28.7906532287598,-17.7259788513184,"Unknown"
"5020554",378676,2026-04-25 10:51:33,28.7905654907227,-17.7259922027588,"Unknown"
"5020554",378676,2026-04-25 10:52:33,28.7904624938965,-17.7260189056396,"Unknown"
"5020554",378676,2026-04-25 10:53:33,28.7903614044189,-17.7259502410889,"Unknown"
"5020554",378676,2026-04-25 10:54:35,28.7902584075928,-17.7259178161621,"Unknown"
"5020554",378676,2026-04-25 10:55:34,28.7901782989502,-17.7258758544922,"Unknown"
"5020554",378676,2026-04-25 10:56:35,28.7901096343994,-17.72585105896,"Unknown"
"5020554",378676,2026-04-25 10:57:32,28.7900371551514,-17.725793838501,"Unknown"
"5020554",378676,2026-04-25 10:58:36,28.7899322509766,-17.7258148193359,"Unknown"
"5020554",378676,2026-04-25 10:59:33,28.7898712158203,-17.7258205413818,"Unknown"
"5020554",378676,2026-04-25 11:01:03,28.7897186279297,-17.7258644104004,"Unknown"
"5020554",378676,2026-04-25 11:01:31,28.7896881103516,-17.7258682250977,"Unknown"
"5020554",378676,2026-04-25 11:02:31,28.789623260498,-17.7258968353271,"Unknown"
"5020554",378676,2026-04-25 11:03:31,28.7895412445068,-17.7259140014648,"Unknown"
"5020554",378676,2026-04-25 11:04:31,28.7894725799561,-17.725944519043,"Unknown"
"5020554",378676,2026-04-25 11:05:31,28.7893924713135,-17.7260074615479,"Unknown"
"5020554",378676,2026-04-25 11:06:31,28.7893085479736,-17.7260074615479,"Unknown"
"5020554",378676,2026-04-25 11:07:31,28.7891845703125,-17.7259750366211,"Unknown"
"5020554",378676,2026-04-25 11:08:31,28.7890892028809,-17.7259292602539,"Unknown"
"5020554",378676,2026-04-25 11:09:31,28.7889804840088,-17.7259006500244,"Unknown"
"5020554",378676,2026-04-25 11:10:31,28.7889003753662,-17.725887298584,"Unknown"
"5020554",378676,2026-04-25 11:11:31,28.7888164520264,-17.725866317749,"Unknown"
"5020554",378676,2026-04-25 11:12:31,28.7886905670166,-17.7258491516113,"Unknown"
"5020554",378676,2026-04-25 11:13:32,28.7886009216309,-17.7258529663086,"Unknown"
"5020554",378676,2026-04-25 11:14:31,28.788537979126,-17.7258472442627,"Unknown"
"5020554",378676,2026-04-25 11:15:31,28.788444519043,-17.7258472442627,"Unknown"
"5020554",378676,2026-04-25 11:16:31,28.7883682250977,-17.7258644104004,"Unknown"
"5020554",378676,2026-04-25 11:17:32,28.7882881164551,-17.7258968353271,"Unknown"
"5020554",378676,2026-04-25 11:18:31,28.7881908416748,-17.7259044647217,"Unknown"
"5020554",378676,2026-04-25 11:19:31,28.7880897521973,-17.725923538208,"Unknown"
"5020554",378676,2026-04-25 11:20:31,28.7880268096924,-17.7259044647217,"Unknown"
"5020554",378676,2026-04-25 11:21:31,28.7879276275635,-17.725902557373,"Unknown"
"5020554",378676,2026-04-25 11:22:31,28.7878131866455,-17.7259197235107,"Unknown"
"5020554",378676,2026-04-25 11:23:32,28.7877235412598,-17.7259216308594,"Unknown"
"5020554",378676,2026-04-25 11:24:32,28.7876262664795,-17.7259540557861,"Unknown"
"5020554",378676,2026-04-25 11:25:31,28.7875595092773,-17.7259750366211,"Unknown"
"5020554",378676,2026-04-25 11:26:31,28.7874660491943,-17.7259845733643,"Unknown"
"5020554",378676,2026-04-25 11:27:31,28.7873878479004,-17.7260150909424,"Unknown"
"5020554",378676,2026-04-25 11:28:31,28.7872867584229,-17.7260208129883,"Unknown"
"5020554",378676,2026-04-25 11:29:31,28.7871627807617,-17.7260475158691,"Unknown"
"5020554",378676,2026-04-25 11:30:31,28.7870597839355,-17.7260322570801,"Unknown"
"5020554",378676,2026-04-25 11:31:31,28.7869510650635,-17.7261028289795,"Unknown"
"5020554",378676,2026-04-25 11:32:31,28.786828994751,-17.7261219024658,"Unknown"
"5020554",378676,2026-04-25 11:33:31,28.7867317199707,-17.7261295318604,"Unknown"
"5020554",378676,2026-04-25 11:34:31,28.7866191864014,-17.7261447906494,"Unknown"
"5020554",378676,2026-04-25 11:35:31,28.7865295410156,-17.7261753082275,"Unknown"
"5020554",378676,2026-04-25 11:36:31,28.7864418029785,-17.7262077331543,"Unknown"
"5020554",378676,2026-04-25 11:37:32,28.7863292694092,-17.7262344360352,"Unknown"
"5020554",378676,2026-04-25 11:38:32,28.7862606048584,-17.7262802124023,"Unknown"
"5020554",378676,2026-04-25 11:39:32,28.7861480712891,-17.7263221740723,"Unknown"
"5020554",378676,2026-04-25 11:40:32,28.7861099243164,-17.7264099121094,"Unknown"
"5020554",378676,2026-04-25 11:41:31,28.7860507965088,-17.7265033721924,"Unknown"
"5020554",378676,2026-04-25 11:42:31,28.785961151123,-17.7265872955322,"Unknown"
"5020554",378676,2026-04-25 11:43:32,28.7858905792236,-17.7266845703125,"Unknown"
"5020554",378676,2026-04-25 11:44:31,28.7858200073242,-17.726749420166,"Unknown"
"5020554",378676,2026-04-25 11:45:31,28.7857799530029,-17.7268581390381,"Unknown"
"5020554",378676,2026-04-25 11:46:31,28.7856998443604,-17.7269401550293,"Unknown"
"5020554",378676,2026-04-25 11:47:31,28.7856769561768,-17.7270259857178,"Unknown"
"5020554",378676,2026-04-25 11:48:31,28.7856140136719,-17.7270812988281,"Unknown"
"5020554",378676,2026-04-25 11:49:31,28.7855434417725,-17.7271404266357,"Unknown"
"5020554",378676,2026-04-25 11:50:31,28.7854633331299,-17.7271747589111,"Unknown"
"5020554",378676,2026-04-25 11:51:31,28.7853870391846,-17.7271938323975,"Unknown"
"5020554",378676,2026-04-25 11:52:33,28.7852935791016,-17.7272167205811,"Unknown"
"5020554",378676,2026-04-25 11:53:32,28.7852020263672,-17.7272357940674,"Unknown"
"5020554",378676,2026-04-25 11:54:32,28.7851028442383,-17.7272682189941,"Unknown"
"5020554",378676,2026-04-25 11:55:31,28.7850379943848,-17.7272872924805,"Unknown"
"5020554",378676,2026-04-25 11:56:33,28.78493309021,-17.7273178100586,"Unknown"
"5020554",378676,2026-04-25 11:57:32,28.7848415374756,-17.72731590271,"Unknown"
"5020554",378676,2026-04-25 11:58:31,28.7847537994385,-17.7273445129395,"Unknown"
"5020554",378676,2026-04-25 11:59:33,28.7846622467041,-17.727352142334,"Unknown"
"5020554",378676,2026-04-25 12:00:33,28.7845783233643,-17.7273750305176,"Unknown"
"5020554",378676,2026-04-25 12:01:32,28.784496307373,-17.7273845672607,"Unknown"
"5020554",378676,2026-04-25 12:02:33,28.7844486236572,-17.727388381958,"Unknown"
"5020554",378676,2026-04-25 12:03:33,28.7843761444092,-17.7274036407471,"Unknown"
"5020554",378676,2026-04-25 12:04:33,28.7843055725098,-17.727409362793,"Unknown"
"5020554",378676,2026-04-25 12:05:31,28.7842636108398,-17.7274322509766,"Unknown"
"5020554",378676,2026-04-25 12:06:34,28.7841892242432,-17.7274284362793,"Unknown"
"5020554",378676,2026-04-25 12:07:33,28.7841339111328,-17.7274646759033,"Unknown"
"5020554",378676,2026-04-25 12:08:34,28.7840747833252,-17.7274398803711,"Unknown"
"5020554",378676,2026-04-25 12:09:33,28.7840232849121,-17.7274436950684,"Unknown"
"5020554",378676,2026-04-25 12:10:33,28.7839622497559,-17.7274513244629,"Unknown"
"5020554",378676,2026-04-25 12:11:33,28.7839260101318,-17.7274856567383,"Unknown"
"5020554",378676,2026-04-25 12:12:33,28.7838916778564,-17.727466583252,"Unknown"
"5020554",378676,2026-04-25 12:13:33,28.7838001251221,-17.7274436950684,"Unknown"
"5020554",378676,2026-04-25 12:14:33,28.7837753295898,-17.7274131774902,"Unknown"
"5020554",378676,2026-04-25 12:15:33,28.7837734222412,-17.7273921966553,"Unknown"
"5020554",378676,2026-04-25 12:16:34,28.7837619781494,-17.7274055480957,"Unknown"
"5020554",378676,2026-04-25 12:17:33,28.7837467193604,-17.7274284362793,"Unknown"
"5020554",378676,2026-04-25 12:18:34,28.783670425415,-17.7274341583252,"Unknown"
"5020554",378676,2026-04-25 12:19:33,28.7836513519287,-17.7274646759033,"Unknown"
"5020554",378676,2026-04-25 12:20:33,28.7836265563965,-17.7274913787842,"Unknown"
"5020554",378676,2026-04-25 12:21:33,28.7836170196533,-17.7275085449219,"Unknown"
"5020554",378676,2026-04-25 12:22:33,28.7835788726807,-17.7275428771973,"Unknown"
"5020554",378676,2026-04-25 12:23:33,28.7835006713867,-17.7275276184082,"Unknown"
"5020554",378676,2026-04-25 12:24:33,28.7834377288818,-17.7274780273438,"Unknown"
"5020554",378676,2026-04-25 12:25:33,28.7833881378174,-17.7274303436279,"Unknown"
"5020554",378676,2026-04-25 12:26:33,28.7833156585693,-17.7273998260498,"Unknown"
"5020554",378676,2026-04-25 12:27:33,28.7832698822021,-17.7274131774902,"Unknown"
"5020554",378676,2026-04-25 12:28:33,28.7832279205322,-17.7274131774902,"Unknown"
"5020554",378676,2026-04-25 12:29:32,28.7831687927246,-17.727388381958,"Unknown"
"5020554",378676,2026-04-25 12:30:33,28.7831249237061,-17.7273597717285,"Unknown"
"5020554",378676,2026-04-25 12:31:33,28.7830982208252,-17.7273368835449,"Unknown"
"5020554",378676,2026-04-25 12:32:33,28.783073425293,-17.727331161499,"Unknown"
"5020554",378676,2026-04-25 12:33:33,28.7830543518066,-17.7273216247559,"Unknown"
"5020554",378676,2026-04-25 12:34:33,28.7829895019531,-17.7272987365723,"Unknown"
"5020554",378676,2026-04-25 12:35:33,28.7829170227051,-17.7272644042969,"Unknown"
"5020554",378676,2026-04-25 12:36:33,28.7829055786133,-17.7272834777832,"Unknown"
"5020554",378676,2026-04-25 12:37:32,28.7828521728516,-17.7272834777832,"Unknown"
"5020554",378676,2026-04-25 12:38:33,28.7828121185303,-17.7272682189941,"Unknown"
"5020554",378676,2026-04-25 12:39:33,28.7827548980713,-17.7272529602051,"Unknown"
"5020554",378676,2026-04-25 12:40:33,28.7827224731445,-17.7272434234619,"Unknown"
"5020554",378676,2026-04-25 12:41:33,28.7826919555664,-17.7272567749023,"Unknown"
"5020554",378676,2026-04-25 12:42:33,28.7826862335205,-17.727258682251,"Unknown"
"5020554",378676,2026-04-25 12:43:33,28.7825908660889,-17.7272396087646,"Unknown"
"5020554",378676,2026-04-25 12:44:33,28.7825126647949,-17.7272033691406,"Unknown"
"5020554",378676,2026-04-25 12:45:33,28.7824935913086,-17.7272090911865,"Unknown"
"5020554",378676,2026-04-25 12:46:34,28.7824726104736,-17.7271537780762,"Unknown"
"5020554",378676,2026-04-25 12:47:33,28.7823715209961,-17.7271099090576,"Unknown"
"5020554",378676,2026-04-25 12:48:33,28.7823123931885,-17.7270812988281,"Unknown"
"5020554",378676,2026-04-25 12:49:33,28.7823009490967,-17.7270736694336,"Unknown"
"5020554",378676,2026-04-25 12:50:33,28.7822799682617,-17.7270374298096,"Unknown"
"5020554",378676,2026-04-25 12:51:33,28.7821922302246,-17.7269916534424,"Unknown"
"5020554",378676,2026-04-25 12:52:33,28.7821636199951,-17.7269744873047,"Unknown"
"5020554",378676,2026-04-25 12:53:33,28.7820796966553,-17.7269401550293,"Unknown"
"5020554",378676,2026-04-25 12:54:33,28.7820606231689,-17.726900100708,"Unknown"
"5020554",378676,2026-04-25 12:55:33,28.7820281982422,-17.7268962860107,"Unknown"
"5020554",378676,2026-04-25 12:56:33,28.78196144104,-17.7268466949463,"Unknown"
"5020554",378676,2026-04-25 12:57:33,28.7819690704346,-17.72682762146,"Unknown"
"5020554",378676,2026-04-25 12:58:33,28.7819499969482,-17.7268161773682,"Unknown"
"5020554",378676,2026-04-25 12:59:34,28.7818546295166,-17.7267665863037,"Unknown"
"5020554",378676,2026-04-25 13:00:33,28.7817783355713,-17.7267303466797,"Unknown"
"5020554",378676,2026-04-25 13:01:34,28.7817001342773,-17.7266864776611,"Unknown"
"5020554",378676,2026-04-25 13:02:33,28.7816677093506,-17.7266693115234,"Unknown"
"5020554",378676,2026-04-25 13:03:34,28.7816104888916,-17.7266235351562,"Unknown"
"5020554",378676,2026-04-25 13:04:35,28.781623840332,-17.7266006469727,"Unknown"
"5020554",378676,2026-04-25 13:05:34,28.7815456390381,-17.7266063690186,"Unknown"
"5020554",378676,2026-04-25 13:06:34,28.7815113067627,-17.7265815734863,"Unknown"
"5020554",378676,2026-04-25 13:07:34,28.7815475463867,-17.7266006469727,"Unknown"
"5020554",378676,2026-04-25 13:08:34,28.7813949584961,-17.7265567779541,"Unknown"
"5020554",378676,2026-04-25 13:09:35,28.7814064025879,-17.7265033721924,"Unknown"
"5020554",378676,2026-04-25 13:10:35,28.7814426422119,-17.7264671325684,"Unknown"
"5020554",378676,2026-04-25 13:11:35,28.7813987731934,-17.7264251708984,"Unknown"
"5020554",378676,2026-04-25 13:12:36,28.7813510894775,-17.7263851165771,"Unknown"
"5020554",378676,2026-04-25 13:13:36,28.7813301086426,-17.7263412475586,"Unknown"
"5020554",378676,2026-04-25 13:14:38,28.7812194824219,-17.7263088226318,"Unknown"
"5020554",378676,2026-04-25 13:15:37,28.7812557220459,-17.7263088226318,"Unknown"
"5020554",378676,2026-04-25 13:16:35,28.7812023162842,-17.7263088226318,"Unknown"
"5020554",378676,2026-04-25 13:17:37,28.7811374664307,-17.7262783050537,"Unknown"
"5020554",378676,2026-04-25 13:18:36,28.7810897827148,-17.7262115478516,"Unknown"
"5020554",378676,2026-04-25 13:19:36,28.7809562683105,-17.7261581420898,"Unknown"
"5020554",378676,2026-04-25 13:20:36,28.7808799743652,-17.7261390686035,"Unknown"
"5020554",378676,2026-04-25 13:21:36,28.7807960510254,-17.7261123657227,"Unknown"
"5020554",378676,2026-04-25 13:22:36,28.7807445526123,-17.7260589599609,"Unknown"
"5020554",378676,2026-04-25 13:23:38,28.7805976867676,-17.7260608673096,"Unknown"
"5020554",378676,2026-04-25 13:24:37,28.7804718017578,-17.7260131835938,"Unknown"
"5020554",378676,2026-04-25 13:25:38,28.7803916931152,-17.7260036468506,"Unknown"
"5020554",378676,2026-04-25 13:26:35,28.7802906036377,-17.7259998321533,"Unknown"
"5020554",378676,2026-04-25 13:27:36,28.7802314758301,-17.7259788513184,"Unknown"
"5020554",378676,2026-04-25 13:28:37,28.7802276611328,-17.7259750366211,"Unknown"
"5020554",378676,2026-04-25 13:29:36,28.7801685333252,-17.7259769439697,"Unknown"
"5020554",378676,2026-04-25 13:30:36,28.7800674438477,-17.7259521484375,"Unknown"
"5020554",378676,2026-04-25 13:31:38,28.7799682617188,-17.7259216308594,"Unknown"
"5020554",378676,2026-04-25 13:32:37,28.779972076416,-17.7259788513184,"Unknown"
"5020554",378676,2026-04-25 13:33:38,28.7799129486084,-17.7260131835938,"Unknown"
"5020554",378676,2026-04-25 13:34:38,28.7798480987549,-17.7260131835938,"Unknown"
"5020554",378676,2026-04-25 13:35:38,28.7798347473145,-17.7260246276855,"Unknown"
"5020554",378676,2026-04-25 13:36:39,28.7798137664795,-17.7260189056396,"Unknown"
"5020554",378676,2026-04-25 13:37:38,28.7797584533691,-17.7260513305664,"Unknown"
"5020554",378676,2026-04-25 13:39:03,28.7796821594238,-17.7260761260986,"Unknown"
"5020554",378676,2026-04-25 13:39:34,28.7796173095703,-17.7260761260986,"Unknown"
"5020554",378676,2026-04-25 13:40:35,28.7795429229736,-17.7260589599609,"Unknown"
"5020554",378676,2026-04-25 13:41:34,28.7794933319092,-17.7260704040527,"Unknown"
"5020554",378676,2026-04-25 13:42:34,28.779426574707,-17.7260513305664,"Unknown"
"5020554",378676,2026-04-25 13:43:34,28.7793731689453,-17.7260475158691,"Unknown"
"5020554",378676,2026-04-25 13:44:35,28.7792854309082,-17.7260150909424,"Unknown"
"5020554",378676,2026-04-25 13:45:36,28.7792510986328,-17.7260303497314,"Unknown"
"5020554",378676,2026-04-25 13:46:34,28.7791996002197,-17.7260475158691,"Unknown"
"5020554",378676,2026-04-25 13:47:34,28.7791652679443,-17.7260646820068,"Unknown"
"5020554",378676,2026-04-25 13:48:34,28.779088973999,-17.7260551452637,"Unknown"
"5020554",378676,2026-04-25 13:49:35,28.7790355682373,-17.7260055541992,"Unknown"
"5020554",378676,2026-04-25 13:50:35,28.7789649963379,-17.7259998321533,"Unknown"
"5020554",378676,2026-04-25 13:51:33,28.7789077758789,-17.7259788513184,"Unknown"
"5020554",378676,2026-04-25 13:52:35,28.7788619995117,-17.7259941101074,"Unknown"
"5020554",378676,2026-04-25 13:53:33,28.778844833374,-17.7259941101074,"Unknown"
"5020554",378676,2026-04-25 13:54:35,28.7788562774658,-17.7259979248047,"Unknown"
"5020554",378676,2026-04-25 13:55:34,28.7798843383789,-17.7263145446777,"Unknown"
"5020554",378676,2026-04-25 13:56:35,28.7798042297363,-17.7263240814209,"Unknown"
"5020554",378676,2026-04-25 13:57:35,28.7797451019287,-17.7263317108154,"Unknown"
"5020554",378676,2026-04-25 13:58:34,28.7796573638916,-17.7263107299805,"Unknown"
"5020554",378676,2026-04-25 13:59:36,28.7795753479004,-17.7263011932373,"Unknown"
"5020554",378676,2026-04-25 14:00:35,28.7795009613037,-17.7263469696045,"Unknown"
"5020554",378676,2026-04-25 14:01:35,28.7794132232666,-17.7263507843018,"Unknown"
"5020554",378676,2026-04-25 14:02:37,28.7793197631836,-17.7264003753662,"Unknown"
"5020554",378676,2026-04-25 14:03:37,28.7792415618896,-17.7264595031738,"Unknown"
"5020554",378676,2026-04-25 14:04:37,28.7791652679443,-17.7265033721924,"Unknown"
"5020554",378676,2026-04-25 14:05:34,28.7790927886963,-17.7265720367432,"Unknown"
"5020554",378676,2026-04-25 14:06:37,28.7790126800537,-17.726583480835,"Unknown"
"5020554",378676,2026-04-25 14:07:35,28.7789306640625,-17.726583480835,"Unknown"
"5020554",378676,2026-04-25 14:09:03,28.7788238525391,-17.7265739440918,"Unknown"
"5020554",378676,2026-04-25 14:09:34,28.7788257598877,-17.7265720367432,"Unknown"
"5020554",378676,2026-04-25 14:10:36,28.7787265777588,-17.7266025543213,"Unknown"
"5020554",378676,2026-04-25 14:11:35,28.7786827087402,-17.7266082763672,"Unknown"
"5020554",378676,2026-04-25 14:12:35,28.7785530090332,-17.7266540527344,"Unknown"
"5020554",378676,2026-04-25 14:13:35,28.778470993042,-17.7266521453857,"Unknown"
"5020554",378676,2026-04-25 14:14:35,28.7783851623535,-17.7266788482666,"Unknown"
"5020554",378676,2026-04-25 14:15:35,28.7783050537109,-17.7266960144043,"Unknown"
"5020554",378676,2026-04-25 14:16:34,28.7782115936279,-17.7267513275146,"Unknown"
"5020554",378676,2026-04-25 14:17:34,28.7787342071533,-17.7268657684326,"Unknown"
"5020554",378676,2026-04-25 14:18:34,28.7786750793457,-17.7268218994141,"Unknown"
"5020554",378676,2026-04-25 14:19:35,28.7786083221436,-17.7267837524414,"Unknown"
"5020554",378676,2026-04-25 14:20:34,28.77854347229,-17.7267875671387,"Unknown"
"5020554",378676,2026-04-25 14:21:36,28.7784976959229,-17.7267818450928,"Unknown"
"5020554",378676,2026-04-25 14:22:35,28.7814846038818,-17.7291393280029,"Unknown"
"5020554",378676,2026-04-25 14:23:35,28.7847118377686,-17.7331600189209,"Unknown"
"5020554",378676,2026-04-25 14:24:36,28.7884159088135,-17.7365303039551,"Unknown"
"5020554",378676,2026-04-25 14:25:35,28.7927913665771,-17.7379722595215,"Unknown"
"5020554",378676,2026-04-25 14:26:35,28.7973098754883,-17.7395305633545,"Unknown"
"5020554",378676,2026-04-25 14:27:35,28.8007926940918,-17.7410373687744,"Unknown"
"5020554",378676,2026-04-25 14:28:35,28.8010692596436,-17.74094581604,"Unknown"
"5020554",378676,2026-04-25 14:29:35,28.801025390625,-17.7410011291504,"Unknown"
"5020554",378676,2026-04-25 14:30:35,28.8009796142578,-17.7411117553711,"Unknown"
"5020554",378676,2026-04-25 14:31:35,28.8009376525879,-17.7412033081055,"Unknown"
"5020554",378676,2026-04-25 14:32:34,28.8009071350098,-17.7412910461426,"Unknown"
"5020554",378676,2026-04-25 14:33:35,28.8008556365967,-17.7413768768311,"Unknown"
"5020554",378676,2026-04-25 14:34:34,28.8008270263672,-17.741455078125,"Unknown"
"5020554",378676,2026-04-25 14:35:35,28.8007621765137,-17.7414951324463,"Unknown"
"5020554",378676,2026-04-25 14:36:34,28.8007259368896,-17.7416248321533,"Unknown"
"5020554",378676,2026-04-25 14:37:35,28.8006820678711,-17.7417335510254,"Unknown"
"5020554",378676,2026-04-25 14:38:34,28.8006496429443,-17.7418212890625,"Unknown"
"5020554",378676,2026-04-25 14:39:35,28.8006420135498,-17.7419090270996,"Unknown"
"5020554",378676,2026-04-25 14:40:34,28.8006210327148,-17.7420043945312,"Unknown"
"5020554",378676,2026-04-25 14:41:34,28.8005485534668,-17.7420978546143,"Unknown"
"5020554",378676,2026-04-25 14:42:35,28.8004722595215,-17.7421493530273,"Unknown"
"5020554",378676,2026-04-25 14:43:35,28.8004035949707,-17.7421779632568,"Unknown"
"5020554",378676,2026-04-25 14:44:34,28.800386428833,-17.742259979248,"Unknown"
"5020554",378676,2026-04-25 14:45:36,28.800329208374,-17.7423362731934,"Unknown"
"5020554",378676,2026-04-25 14:46:34,28.8002548217773,-17.7424068450928,"Unknown"
"5020554",378676,2026-04-25 14:47:35,28.8001823425293,-17.7424716949463,"Unknown"
"5020554",378676,2026-04-25 14:48:34,28.8001537322998,-17.7425155639648,"Unknown"
"5020554",378676,2026-04-25 14:49:34,28.8000450134277,-17.7425708770752,"Unknown"
"5020554",378676,2026-04-25 14:50:36,28.7999858856201,-17.7426433563232,"Unknown"
"5020554",378676,2026-04-25 14:51:35,28.7999134063721,-17.7427082061768,"Unknown"
"5020554",378676,2026-04-25 14:52:34,28.7998600006104,-17.7427463531494,"Unknown"
"5020554",378676,2026-04-25 14:53:34,28.7997455596924,-17.7428169250488,"Unknown"
"5020554",378676,2026-04-25 14:54:34,28.7996921539307,-17.7428779602051,"Unknown"
"5020554",378676,2026-04-25 14:55:34,28.7996311187744,-17.7429256439209,"Unknown"
"5020554",378676,2026-04-25 14:56:35,28.7995662689209,-17.7430210113525,"Unknown"
"5020554",378676,2026-04-25 14:57:36,28.7995319366455,-17.7430686950684,"Unknown"
"5020554",378676,2026-04-25 14:58:35,28.7994575500488,-17.7431411743164,"Unknown"
"5020554",378676,2026-04-25 14:59:35,28.7993831634521,-17.743221282959,"Unknown"
"5020554",378676,2026-04-25 15:00:34,28.7992897033691,-17.7432556152344,"Unknown"
"5020554",378676,2026-04-25 15:01:34,28.7992153167725,-17.7432918548584,"Unknown"
"5020554",378676,2026-04-25 15:02:35,28.799144744873,-17.7433547973633,"Unknown"
"5020554",378676,2026-04-25 15:03:34,28.7990417480469,-17.7434310913086,"Unknown"
"5020554",378676,2026-04-25 15:04:34,28.7989768981934,-17.7434749603271,"Unknown"
"5020554",378676,2026-04-25 15:05:35,28.7989387512207,-17.7435665130615,"Unknown"
"5020554",378676,2026-04-25 15:06:34,28.798921585083,-17.74365234375,"Unknown"
"5020554",378676,2026-04-25 15:07:34,28.7988471984863,-17.7437915802002,"Unknown"
"5020554",378676,2026-04-25 15:08:34,28.7987461090088,-17.7438488006592,"Unknown"
"5020554",378676,2026-04-25 15:09:35,28.7986392974854,-17.7439308166504,"Unknown"
"5020554",378676,2026-04-25 15:10:34,28.7985534667969,-17.7440071105957,"Unknown"
"5020554",378676,2026-04-25 15:11:34,28.7984790802002,-17.7440414428711,"Unknown"
"5020554",378676,2026-04-25 15:12:36,28.7983894348145,-17.7440967559814,"Unknown"
"5020554",378676,2026-04-25 15:13:36,28.7983474731445,-17.7441349029541,"Unknown"
"5020554",378676,2026-04-25 15:14:36,28.7983245849609,-17.7442264556885,"Unknown"
"5020554",378676,2026-04-25 15:15:35,28.7982978820801,-17.7442817687988,"Unknown"
"5020554",378676,2026-04-25 15:16:36,28.7982387542725,-17.7443218231201,"Unknown"
"5020554",378676,2026-04-25 15:17:37,28.7981929779053,-17.7444133758545,"Unknown"
"5020554",378676,2026-04-25 15:18:36,28.7981910705566,-17.7445030212402,"Unknown"
"5020554",378676,2026-04-25 15:19:36,28.7981395721436,-17.7446117401123,"Unknown"
"5020554",378676,2026-04-25 15:20:36,28.7980308532715,-17.7446823120117,"Unknown"
"5020554",378676,2026-04-25 15:21:35,28.7979316711426,-17.7447643280029,"Unknown"
"5020554",378676,2026-04-25 15:22:37,28.7978000640869,-17.7448406219482,"Unknown"
"5020554",378676,2026-04-25 15:23:35,28.7976951599121,-17.7449321746826,"Unknown"
"5020554",378676,2026-04-25 15:24:37,28.7976341247559,-17.745044708252,"Unknown"
"5020554",378676,2026-04-25 15:25:37,28.7975616455078,-17.7451324462891,"Unknown"
"5020554",378676,2026-04-25 15:26:35,28.7974643707275,-17.7451992034912,"Unknown"
"5020554",378676,2026-04-25 15:27:36,28.7973785400391,-17.7452831268311,"Unknown"
"5020554",378676,2026-04-25 15:28:36,28.7973518371582,-17.7453784942627,"Unknown"
"5020554",378676,2026-04-25 15:29:36,28.797342300415,-17.7454776763916,"Unknown"
"5020554",378676,2026-04-25 15:30:37,28.7971687316895,-17.7455921173096,"Unknown"
"5020554",378676,2026-04-25 15:31:35,28.797248840332,-17.7456912994385,"Unknown"
"5020554",378676,2026-04-25 15:32:37,28.7971649169922,-17.7457981109619,"Unknown"
"5020554",378676,2026-04-25 15:33:35,28.7971305847168,-17.7458839416504,"Unknown"
"5020554",378676,2026-04-25 15:34:35,28.7971134185791,-17.7459774017334,"Unknown"
"5020554",378676,2026-04-25 15:35:35,28.7970428466797,-17.7460613250732,"Unknown"
"5020554",378676,2026-04-25 15:36:36,28.7970123291016,-17.746129989624,"Unknown"
"5020554",378676,2026-04-25 15:37:36,28.7969932556152,-17.7462348937988,"Unknown"
"5020554",378676,2026-04-25 15:38:36,28.7970199584961,-17.7463188171387,"Unknown"
"5020554",378676,2026-04-25 15:39:36,28.7969989776611,-17.7464275360107,"Unknown"
"5020554",378676,2026-04-25 15:40:36,28.7969951629639,-17.7465343475342,"Unknown"
"5020554",378676,2026-04-25 15:41:36,28.796895980835,-17.7466201782227,"Unknown"
"5020554",378676,2026-04-25 15:42:36,28.7969512939453,-17.7467575073242,"Unknown"
"5020554",378676,2026-04-25 15:43:36,28.7970561981201,-17.7469043731689,"Unknown"
"5020554",378676,2026-04-25 15:44:35,28.7968063354492,-17.746940612793,"Unknown"
"5020554",378676,2026-04-25 15:45:35,28.7967720031738,-17.7470207214355,"Unknown"
"5020554",378676,2026-04-25 15:47:03,28.7967090606689,-17.7471485137939,"Unknown"
"5020554",378676,2026-04-25 15:47:35,28.7966442108154,-17.7471828460693,"Unknown"
"5020554",378676,2026-04-25 15:48:34,28.7966041564941,-17.7472763061523,"Unknown"
"5020554",378676,2026-04-25 15:49:35,28.7965431213379,-17.7473239898682,"Unknown"
"5020554",378676,2026-04-25 15:50:35,28.7965183258057,-17.7474117279053,"Unknown"
"5020554",378676,2026-04-25 15:51:35,28.7964382171631,-17.7474880218506,"Unknown"
"5020554",378676,2026-04-25 15:52:35,28.7963848114014,-17.7475528717041,"Unknown"
"5020554",378676,2026-04-25 15:53:35,28.7963333129883,-17.7475891113281,"Unknown"
"5020554",378676,2026-04-25 15:54:35,28.7962779998779,-17.7476406097412,"Unknown"
"5020554",378676,2026-04-25 15:55:35,28.7962703704834,-17.7476463317871,"Unknown"
"5020554",378676,2026-04-25 15:56:34,28.7962551116943,-17.747730255127,"Unknown"
"5020554",378676,2026-04-25 15:57:35,28.7962474822998,-17.7477722167969,"Unknown"
"5020554",378676,2026-04-25 15:58:35,28.7962036132812,-17.7478256225586,"Unknown"
"5020554",378676,2026-04-25 15:59:35,28.7962017059326,-17.7478733062744,"Unknown"
"5020554",378676,2026-04-25 16:00:34,28.7962169647217,-17.7479057312012,"Unknown"
"5020554",378676,2026-04-25 16:01:35,28.7962455749512,-17.7479858398438,"Unknown"
"5020554",378676,2026-04-25 16:02:35,28.7962207794189,-17.7480621337891,"Unknown"
"5020554",378676,2026-04-25 16:03:34,28.7961750030518,-17.7481117248535,"Unknown"
"5020554",378676,2026-04-25 16:04:34,28.7961483001709,-17.7481708526611,"Unknown"
"5020554",378676,2026-04-25 16:05:35,28.7961254119873,-17.7482814788818,"Unknown"
"5020554",378676,2026-04-25 16:06:34,28.7961235046387,-17.7483749389648,"Unknown"
"5020554",378676,2026-04-25 16:07:35,28.796070098877,-17.7484455108643,"Unknown"
"5020554",378676,2026-04-25 16:08:34,28.7960453033447,-17.7485179901123,"Unknown"
"5020554",378676,2026-04-25 16:09:35,28.795991897583,-17.7485408782959,"Unknown"
"5020554",378676,2026-04-25 16:10:35,28.795919418335,-17.7486190795898,"Unknown"
"5020554",378676,2026-04-25 16:11:35,28.7959632873535,-17.748628616333,"Unknown"
"5020554",378676,2026-04-25 16:12:35,28.7959575653076,-17.7487030029297,"Unknown"
"5020554",378676,2026-04-25 16:13:34,28.7959289550781,-17.7487468719482,"Unknown"
"5020554",378676,2026-04-25 16:14:34,28.7959785461426,-17.7488212585449,"Unknown"
"5020554",378676,2026-04-25 16:15:35,28.7959995269775,-17.7489166259766,"Unknown"
"5020554",378676,2026-04-25 16:16:35,28.7959899902344,-17.7489891052246,"Unknown"
"5020554",378676,2026-04-25 16:17:34,28.7960090637207,-17.7490825653076,"Unknown"
"5020554",378676,2026-04-25 16:18:35,28.796012878418,-17.749153137207,"Unknown"
"5020554",378676,2026-04-25 16:19:34,28.7959861755371,-17.7492160797119,"Unknown"
"5020554",378676,2026-04-25 16:20:34,28.7959995269775,-17.7492351531982,"Unknown"
"5020554",378676,2026-04-25 16:21:36,28.7960071563721,-17.7492904663086,"Unknown"
"5020554",378676,2026-04-25 16:22:36,28.7960376739502,-17.7493476867676,"Unknown"
"5020554",378676,2026-04-25 16:23:34,28.796028137207,-17.7494068145752,"Unknown"
"5020554",378676,2026-04-25 16:24:35,28.796028137207,-17.7494583129883,"Unknown"
"5020554",378676,2026-04-25 16:25:34,28.7960147857666,-17.7495040893555,"Unknown"
"5020554",378676,2026-04-25 16:26:34,28.7960014343262,-17.7495346069336,"Unknown"
"5020554",378676,2026-04-25 16:27:35,28.7959880828857,-17.7495651245117,"Unknown"
"5020554",378676,2026-04-25 16:28:35,28.7959938049316,-17.7496585845947,"Unknown"
"5020554",378676,2026-04-25 16:29:34,28.7959861755371,-17.7496070861816,"Unknown"
"5020554",378676,2026-04-25 16:30:36,28.795991897583,-17.7495937347412,"Unknown"
"5020554",378676,2026-04-25 16:31:34,28.7959880828857,-17.7496433258057,"Unknown"
"5020554",378676,2026-04-25 16:32:34,28.7965354919434,-17.7498054504395,"Unknown"
"5020554",378676,2026-04-25 16:33:35,28.8004112243652,-17.749267578125,"Unknown"
"5020554",378676,2026-04-25 16:34:35,28.8047122955322,-17.7487621307373,"Unknown"
"5020554",378676,2026-04-25 16:35:35,28.8092670440674,-17.7491283416748,"Unknown"
"5020554",378676,2026-04-25 16:36:35,28.8135776519775,-17.7495975494385,"Unknown"
"5020554",378676,2026-04-25 16:37:34,28.8173351287842,-17.751895904541,"Unknown"
"5020554",378676,2026-04-25 16:38:35,28.8214893341064,-17.7538776397705,"Unknown"
"5020554",378676,2026-04-25 16:39:35,28.8257904052734,-17.7541923522949,"Unknown"
"5020554",378676,2026-04-25 16:40:35,28.8302135467529,-17.755090713501,"Unknown"
"5020554",378676,2026-04-25 16:41:35,28.8348751068115,-17.75510597229,"Unknown"
"5020554",378676,2026-04-25 16:42:35,28.8390293121338,-17.7563877105713,"Unknown"
"5020554",378676,2026-04-25 16:43:34,28.843053817749,-17.7559452056885,"Unknown"
"5020554",378676,2026-04-25 16:44:35,28.8468227386475,-17.7541465759277,"Unknown"
"5020554",378676,2026-04-25 16:45:34,28.8476696014404,-17.7536525726318,"Unknown"
"5020554",378676,2026-04-25 16:46:34,28.8476829528809,-17.7538356781006,"Unknown"
"5020554",378676,2026-04-25 16:47:35,28.8477764129639,-17.7540302276611,"Unknown"
"5020554",378676,2026-04-25 16:48:35,28.8478565216064,-17.7542495727539,"Unknown"
"5020554",378676,2026-04-25 16:49:34,28.8479099273682,-17.7544536590576,"Unknown"
"5020554",378676,2026-04-25 16:50:34,28.8479442596436,-17.7546806335449,"Unknown"
"5020554",378676,2026-04-25 16:51:36,28.8480205535889,-17.7548999786377,"Unknown"
"5020554",378676,2026-04-25 16:52:34,28.8480911254883,-17.7551097869873,"Unknown"
"5020554",378676,2026-04-25 16:53:34,28.8481388092041,-17.7553195953369,"Unknown"
"5020554",378676,2026-04-25 16:54:36,28.8482208251953,-17.755521774292,"Unknown"
"5020554",378676,2026-04-25 16:55:34,28.8509140014648,-17.7599544525146,"Unknown"
"5020554",378676,2026-04-25 16:56:35,28.8529109954834,-17.7601871490479,"Unknown"
"5020554",378676,2026-04-25 16:57:35,28.8527851104736,-17.7594738006592,"Unknown"
"5020554",378676,2026-04-25 16:58:34,28.8529205322266,-17.7596340179443,"Unknown"
"5020554",378676,2026-04-25 16:59:36,28.8530502319336,-17.7597522735596,"Unknown"
"5020554",378676,2026-04-25 17:00:35,28.8543968200684,-17.7616844177246,"Unknown"
"5020554",378676,2026-04-25 17:01:35,28.854549407959,-17.76243019104,"Unknown"
"5020554",378676,2026-04-25 17:02:35,28.854606628418,-17.7625732421875,"Unknown"
"5020554",378676,2026-04-25 17:03:35,28.8559894561768,-17.7652606964111,"Unknown"
"5020554",378676,2026-04-25 17:04:36,28.8563613891602,-17.7655200958252,"Unknown"
"5020554",378676,2026-04-25 17:05:35,28.8564624786377,-17.7656116485596,"Unknown"
"5020554",378676,2026-04-25 17:06:36,28.8575344085693,-17.7636795043945,"Unknown"
"5020554",378676,2026-04-25 17:07:36,28.8594779968262,-17.7629661560059,"Unknown"
"5020554",378676,2026-04-25 17:08:37,28.8596019744873,-17.7630481719971,"Unknown"
"5020554",378676,2026-04-25 17:09:37,28.8596630096436,-17.7631740570068,"Unknown"
"5020554",378676,2026-04-25 17:10:37,28.8605289459229,-17.7628173828125,"Unknown"
"5020554",378676,2026-04-25 17:11:36,28.8614826202393,-17.7631530761719,"Unknown"
"5020554",378676,2026-04-25 17:12:35,28.8649654388428,-17.7636070251465,"Unknown"
"5020554",378676,2026-04-25 17:13:38,28.865140914917,-17.7636489868164,"Unknown"
"5020554",378676,2026-04-25 17:14:35,28.8652000427246,-17.7625350952148,"Unknown"
"5020554",378676,2026-04-25 17:15:36,28.8650398254395,-17.7610244750977,"Unknown"
"5020554",378676,2026-04-25 17:16:36,28.8654823303223,-17.7610836029053,"Unknown"
"5020554",378676,2026-04-25 17:17:35,28.865550994873,-17.7611141204834,"Unknown"
"5020554",378676,2026-04-25 17:18:37,28.8657073974609,-17.7613124847412,"Unknown"
"5020554",378676,2026-04-25 17:19:37,28.8658027648926,-17.7614498138428,"Unknown"
"5020554",378676,2026-04-25 17:20:37,28.8659992218018,-17.7616443634033,"Unknown"
"5020554",378676,2026-04-25 17:21:37,28.8660564422607,-17.7618007659912,"Unknown"
"5020554",378676,2026-04-25 17:22:37,28.8661479949951,-17.761999130249,"Unknown"
"5020554",378676,2026-04-25 17:23:37,28.8662281036377,-17.7621746063232,"Unknown"
"5020554",378676,2026-04-25 17:24:37,28.8663787841797,-17.7623329162598,"Unknown"
"5020554",378676,2026-04-25 17:25:37,28.8664684295654,-17.7625064849854,"Unknown"
"5020554",378676,2026-04-25 17:26:36,28.8665962219238,-17.7626895904541,"Unknown"
"5020554",378676,2026-04-25 17:27:37,28.8667659759521,-17.762882232666,"Unknown"
"5020554",378676,2026-04-25 17:28:36,28.8668994903564,-17.763126373291,"Unknown"
"5020554",378676,2026-04-25 17:29:36,28.867057800293,-17.7628536224365,"Unknown"
"5020554",378676,2026-04-25 17:30:38,28.8660144805908,-17.7579860687256,"Unknown"
"5020554",378676,2026-04-25 17:31:38,28.866024017334,-17.75559425354,"Unknown"
"5020554",378676,2026-04-25 17:32:37,28.8663673400879,-17.7571048736572,"Unknown"
"5020554",378676,2026-04-25 17:33:36,28.867561340332,-17.7559986114502,"Unknown"
"5020554",378676,2026-04-25 17:34:36,28.8670959472656,-17.7554950714111,"Unknown"
"5020554",378676,2026-04-25 17:35:38,28.8672046661377,-17.755708694458,"Unknown"
"5020554",378676,2026-04-25 17:36:38,28.8672294616699,-17.755859375,"Unknown"
"5020554",378676,2026-04-25 17:37:38,28.8672752380371,-17.7560424804688,"Unknown"
"5020554",378676,2026-04-25 17:38:38,28.8672924041748,-17.7561912536621,"Unknown"
"5020554",378676,2026-04-25 17:39:37,28.8673152923584,-17.7563247680664,"Unknown"
"5020554",378676,2026-04-25 17:40:39,28.8673686981201,-17.7564697265625,"Unknown"
"5020554",378676,2026-04-25 17:41:37,28.8673725128174,-17.7566738128662,"Unknown"
"5020554",378676,2026-04-25 17:42:39,28.8673801422119,-17.7568492889404,"Unknown"
"5020554",378676,2026-04-25 17:43:37,28.8645477294922,-17.7565727233887,"Unknown"
"5020554",378676,2026-04-25 17:44:44,28.8615455627441,-17.75537109375,"Unknown"
"5020554",378676,2026-04-25 17:45:38,28.8615550994873,-17.7554969787598,"Unknown"
"5020554",378676,2026-04-25 17:46:39,28.8615341186523,-17.7556438446045,"Unknown"
"5020554",378676,2026-04-25 17:48:03,28.8615417480469,-17.7558727264404,"Unknown"
"5020554",378676,2026-04-25 17:48:36,28.8615131378174,-17.7559700012207,"Unknown"
"5020554",378676,2026-04-25 17:49:36,28.8614959716797,-17.7561321258545,"Unknown"
"5020554",378676,2026-04-25 17:50:36,28.8614749908447,-17.7563304901123,"Unknown"
"5020554",378676,2026-04-25 17:51:36,28.8615226745605,-17.7564563751221,"Unknown"
"5020554",378676,2026-04-25 17:52:37,28.8571720123291,-17.7532386779785,"Unknown"
"5020554",378676,2026-04-25 17:53:37,28.8540935516357,-17.7508449554443,"Unknown"
"5020554",378676,2026-04-25 17:54:37,28.8520355224609,-17.7511463165283,"Unknown"
"5020554",378676,2026-04-25 17:55:37,28.849214553833,-17.7498931884766,"Unknown"
"5020554",378676,2026-04-25 17:56:37,28.8468742370605,-17.7476425170898,"Unknown"
"5020554",378676,2026-04-25 17:57:37,28.8485336303711,-17.7467346191406,"Unknown"
"5020554",378676,2026-04-25 17:58:37,28.8477439880371,-17.7430229187012,"Unknown"
"5020554",378676,2026-04-25 17:59:37,28.8472175598145,-17.7434902191162,"Unknown"
"5020554",378676,2026-04-25 18:00:37,28.8481178283691,-17.7472438812256,"Unknown"
"5020554",378676,2026-04-25 18:01:37,28.8484001159668,-17.7490539550781,"Unknown"
"5020554",378676,2026-04-25 18:02:37,28.8492202758789,-17.7499618530273,"Unknown"
"5020554",378676,2026-04-25 18:03:37,28.8491649627686,-17.7501468658447,"Unknown"
"5020554",378676,2026-04-25 18:04:37,28.8490962982178,-17.7503337860107,"Unknown"
"5020554",378676,2026-04-25 18:05:36,28.8490352630615,-17.7504920959473,"Unknown"
"5020554",378676,2026-04-25 18:06:36,28.8489894866943,-17.750696182251,"Unknown"
"5020554",378676,2026-04-25 18:07:36,28.8489189147949,-17.7509593963623,"Unknown"
"5020554",378676,2026-04-25 18:08:37,28.8488292694092,-17.7511749267578,"Unknown"
"5020554",378676,2026-04-25 18:09:36,28.8487586975098,-17.7513408660889,"Unknown"
"5020554",378676,2026-04-25 18:10:36,28.8487014770508,-17.7515296936035,"Unknown"
"5020554",378676,2026-04-25 18:11:37,28.8486137390137,-17.7517013549805,"Unknown"
"5020554",378676,2026-04-25 18:12:36,28.8485546112061,-17.7519016265869,"Unknown"
"5020554",378676,2026-04-25 18:13:38,28.8485240936279,-17.7520809173584,"Unknown"
"5020554",378676,2026-04-25 18:14:37,28.8459930419922,-17.7510433197021,"Unknown"
"5020554",378676,2026-04-25 18:15:37,28.8415966033936,-17.7473945617676,"Unknown"
"5020554",378676,2026-04-25 18:16:38,28.8391590118408,-17.7460155487061,"Unknown"
"5020554",378676,2026-04-25 18:17:38,28.8390712738037,-17.7462539672852,"Unknown"
"5020554",378676,2026-04-25 18:18:37,28.8388690948486,-17.7444133758545,"Unknown"
"5020554",378676,2026-04-25 18:20:03,28.839241027832,-17.7446212768555,"Unknown"
"5020554",378676,2026-04-25 18:20:36,28.8391742706299,-17.7447185516357,"Unknown"
"5020554",378676,2026-04-25 18:21:36,28.8390426635742,-17.7448558807373,"Unknown"
"5020554",378676,2026-04-25 18:22:37,28.8379535675049,-17.743257522583,"Unknown"
"5020554",378676,2026-04-25 18:23:36,28.8385543823242,-17.7419815063477,"Unknown"
"5020554",378676,2026-04-25 18:24:37,28.8383827209473,-17.7421646118164,"Unknown"
"5020554",378676,2026-04-25 18:25:36,28.8382263183594,-17.7422981262207,"Unknown"
"5020554",378676,2026-04-25 18:26:36,28.8380374908447,-17.7424125671387,"Unknown"
"5020554",378676,2026-04-25 18:27:37,28.8378562927246,-17.7425708770752,"Unknown"
"5020554",378676,2026-04-25 18:28:36,28.8360939025879,-17.739351272583,"Unknown"
"5020554",378676,2026-04-25 18:29:38,28.8359470367432,-17.7393779754639,"Unknown"
"5020554",378676,2026-04-25 18:30:36,28.8357486724854,-17.7394866943359,"Unknown"
"5020554",378676,2026-04-25 18:31:36,28.8355674743652,-17.7396087646484,"Unknown"
"5020554",378676,2026-04-25 18:32:36,28.8353900909424,-17.7396984100342,"Unknown"
"5020554",378676,2026-04-25 18:33:36,28.8352336883545,-17.7397403717041,"Unknown"
"5020554",378676,2026-04-25 18:34:36,28.8350563049316,-17.7397994995117,"Unknown"
"5020554",378676,2026-04-25 18:35:36,28.8347339630127,-17.7382755279541,"Unknown"
"5020554",378676,2026-04-25 18:36:37,28.8297119140625,-17.7414646148682,"Unknown"
"5020554",378676,2026-04-25 18:37:36,28.8241558074951,-17.7425556182861,"Unknown"
"5020554",378676,2026-04-25 18:38:37,28.8180236816406,-17.7395343780518,"Unknown"
"5020554",378676,2026-04-25 18:39:37,28.8109016418457,-17.738805770874,"Unknown"
"5020554",378676,2026-04-25 18:40:37,28.8109436035156,-17.734260559082,"Unknown"
"5020554",378676,2026-04-25 18:41:38,28.8123378753662,-17.7363815307617,"Unknown"
"5020554",378676,2026-04-25 18:42:37,28.8127326965332,-17.7369384765625,"Unknown"
"5020554",378676,2026-04-25 18:43:36,28.8130874633789,-17.7377281188965,"Unknown"
"5020554",378676,2026-04-25 18:44:41,28.8134250640869,-17.7380142211914,"Unknown"
"5020554",378676,2026-04-25 18:45:36,28.8130550384521,-17.7385425567627,"Unknown"
"5020554",378676,2026-04-25 18:46:37,28.8130836486816,-17.7391529083252,"Unknown"
"5020554",378676,2026-04-25 18:47:37,28.8130836486816,-17.7391166687012,"Unknown"
"5020554",378676,2026-04-25 18:48:36,28.8130340576172,-17.7391376495361,"Unknown"
"5020554",378676,2026-04-25 18:49:39,28.8130035400391,-17.7391166687012,"Unknown"
"5020554",378676,2026-04-25 18:50:36,28.8129425048828,-17.7390689849854,"Unknown"
"5020554",378676,2026-04-25 18:51:36,28.8128929138184,-17.7390632629395,"Unknown"
"5020554",378676,2026-04-25 18:52:36,28.8128509521484,-17.7391014099121,"Unknown"
"5020554",378676,2026-04-25 18:53:41,28.8128185272217,-17.7391376495361,"Unknown"
"5020554",378676,2026-04-25 18:54:38,28.8127479553223,-17.7391700744629,"Unknown"
"5020554",378676,2026-04-25 18:55:36,28.8127174377441,-17.7391357421875,"Unknown"
"5020554",378676,2026-04-25 18:56:36,28.8126468658447,-17.7391834259033,"Unknown"
"5020554",378676,2026-04-25 18:57:37,28.8125686645508,-17.7391700744629,"Unknown"
"5020554",378676,2026-04-25 18:58:36,28.8125381469727,-17.7391738891602,"Unknown"
"5020554",378676,2026-04-25 18:59:37,28.8124961853027,-17.7392120361328,"Unknown"
"5020554",378676,2026-04-25 19:00:36,28.8124485015869,-17.7392063140869,"Unknown"
"5020554",378676,2026-04-25 19:01:36,28.8123817443848,-17.7392139434814,"Unknown"
"5020554",378676,2026-04-25 19:02:36,28.8123226165771,-17.7392234802246,"Unknown"
"5020554",378676,2026-04-25 19:03:36,28.8122787475586,-17.7392768859863,"Unknown"
"5020554",378676,2026-04-25 19:04:36,28.8122100830078,-17.739315032959,"Unknown"
"5020554",378676,2026-04-25 19:05:38,28.8121776580811,-17.739351272583,"Unknown"
"5020554",378676,2026-04-25 19:06:36,28.8121471405029,-17.7394065856934,"Unknown"
"5020554",378676,2026-04-25 19:07:36,28.8120994567871,-17.7394332885742,"Unknown"
"5020554",378676,2026-04-25 19:08:38,28.8120403289795,-17.7394866943359,"Unknown"
"5020554",378676,2026-04-25 19:09:36,28.8119869232178,-17.7395343780518,"Unknown"
"5020554",378676,2026-04-25 19:10:36,28.8119373321533,-17.7395687103271,"Unknown"
"5020554",378676,2026-04-25 19:11:36,28.8118858337402,-17.7396106719971,"Unknown"
"5020554",378676,2026-04-25 19:12:36,28.8118495941162,-17.7396697998047,"Unknown"
"5020554",378676,2026-04-25 19:13:36,28.8117904663086,-17.73974609375,"Unknown"
"5020554",378676,2026-04-25 19:14:36,28.8117256164551,-17.7398204803467,"Unknown"
"5020554",378676,2026-04-25 19:15:37,28.8116455078125,-17.7398452758789,"Unknown"
"5020554",378676,2026-04-25 19:16:36,28.8116130828857,-17.7398624420166,"Unknown"
"5020554",378676,2026-04-25 19:17:36,28.8115520477295,-17.7399215698242,"Unknown"
"5020554",378676,2026-04-25 19:18:36,28.8114929199219,-17.7400283813477,"Unknown"
"5020554",378676,2026-04-25 19:19:36,28.8114395141602,-17.7400684356689,"Unknown"
"5020554",378676,2026-04-25 19:20:36,28.8113956451416,-17.7400817871094,"Unknown"
"5020554",378676,2026-04-25 19:21:37,28.8113632202148,-17.7401294708252,"Unknown"
"5020554",378676,2026-04-25 19:22:36,28.8113384246826,-17.7401828765869,"Unknown"
"5020554",378676,2026-04-25 19:23:36,28.8112983703613,-17.7401943206787,"Unknown"
"5020554",378676,2026-04-25 19:24:37,28.8112564086914,-17.7402744293213,"Unknown"
"5020554",378676,2026-04-25 19:25:37,28.8112030029297,-17.7403373718262,"Unknown"
"5020554",378676,2026-04-25 19:26:36,28.8111820220947,-17.7404041290283,"Unknown"
"5020554",378676,2026-04-25 19:27:36,28.8111438751221,-17.7404766082764,"Unknown"
"5020554",378676,2026-04-25 19:28:36,28.8110885620117,-17.7405204772949,"Unknown"
"5020554",378676,2026-04-25 19:29:38,28.8110694885254,-17.74049949646,"Unknown"
"5020554",378676,2026-04-25 19:30:38,28.8110008239746,-17.7405033111572,"Unknown"
"5020554",378676,2026-04-25 19:31:36,28.8109302520752,-17.7405433654785,"Unknown"
"5020554",378676,2026-04-25 19:32:36,28.8108310699463,-17.7405738830566,"Unknown"
"5020554",378676,2026-04-25 19:33:37,28.8107795715332,-17.740650177002,"Unknown"
"5020554",378676,2026-04-25 19:34:37,28.8107242584229,-17.7406253814697,"Unknown"
"5020554",378676,2026-04-25 19:35:36,28.8106422424316,-17.7406616210938,"Unknown"
"5020554",378676,2026-04-25 19:36:37,28.8105583190918,-17.7406616210938,"Unknown"
"5020554",378676,2026-04-25 19:37:36,28.8104629516602,-17.7406711578369,"Unknown"
"5020554",378676,2026-04-25 19:38:36,28.8103694915771,-17.7406787872314,"Unknown"
"5020554",378676,2026-04-25 19:39:36,28.8086967468262,-17.7368488311768,"Unknown"
"5020554",378676,2026-04-25 19:40:38,28.8032817840576,-17.7347755432129,"Unknown"
"5020554",378676,2026-04-25 19:41:37,28.8004016876221,-17.7377014160156,"Unknown"
"5020554",378676,2026-04-25 19:42:38,28.7982635498047,-17.7423610687256,"Unknown"
"5020554",378676,2026-04-25 19:43:37,28.7991237640381,-17.744119644165,"Unknown"
"5020554",378676,2026-04-25 19:44:38,28.8018913269043,-17.7433032989502,"Unknown"
"5020554",378676,2026-04-25 19:45:39,28.802734375,-17.7433452606201,"Unknown"
"5020554",378676,2026-04-25 19:46:41,28.8025875091553,-17.7433261871338,"Unknown"
"5020554",378676,2026-04-25 19:47:36,28.8024406433105,-17.743314743042,"Unknown"
"5020554",378676,2026-04-25 19:48:36,28.802303314209,-17.7433433532715,"Unknown"
"5020554",378676,2026-04-25 19:49:36,28.8021697998047,-17.7433624267578,"Unknown"
"5020554",378676,2026-04-25 19:50:36,28.8020362854004,-17.7433986663818,"Unknown"
"5020554",378676,2026-04-25 19:51:37,28.8018913269043,-17.7434043884277,"Unknown"
"5020554",378676,2026-04-25 19:52:36,28.801778793335,-17.7434101104736,"Unknown"
"5020554",378676,2026-04-25 19:53:36,28.8016300201416,-17.7434883117676,"Unknown"
"5020554",378676,2026-04-25 19:54:39,28.8015365600586,-17.7435760498047,"Unknown"
"5020554",378676,2026-04-25 19:55:36,28.8014507293701,-17.7435741424561,"Unknown"
"5020554",378676,2026-04-25 19:56:39,28.8013172149658,-17.7435913085938,"Unknown"
"5020554",378676,2026-04-25 19:57:38,28.8011875152588,-17.7436256408691,"Unknown"
"5020554",378676,2026-04-25 19:58:39,28.8010406494141,-17.7436962127686,"Unknown"
"5020554",378676,2026-04-25 19:59:39,28.8009300231934,-17.7437019348145,"Unknown"
"5020554",378676,2026-04-25 20:00:37,28.8007678985596,-17.7437610626221,"Unknown"
"5020554",378676,2026-04-25 20:01:36,28.8006458282471,-17.7437572479248,"Unknown"
"5020554",378676,2026-04-25 20:02:39,28.8005294799805,-17.743803024292,"Unknown"
"5020554",378676,2026-04-25 20:03:38,28.8004016876221,-17.7438545227051,"Unknown"
"5020554",378676,2026-04-25 20:04:37,28.8002967834473,-17.7438735961914,"Unknown"
"5020554",378676,2026-04-25 20:05:37,28.8001937866211,-17.7439136505127,"Unknown"
"5020554",378676,2026-04-25 20:06:38,28.8000736236572,-17.7439556121826,"Unknown"
"5020554",378676,2026-04-25 20:07:37,28.799976348877,-17.7440032958984,"Unknown"
"5020554",378676,2026-04-25 20:08:39,28.7998676300049,-17.7440242767334,"Unknown"
"5020554",378676,2026-04-25 20:09:38,28.7997856140137,-17.7440757751465,"Unknown"
"5020554",378676,2026-04-25 20:10:39,28.7996692657471,-17.7441368103027,"Unknown"
"5020554",378676,2026-04-25 20:11:38,28.7995567321777,-17.7441596984863,"Unknown"
"5020554",378676,2026-04-25 20:12:39,28.799467086792,-17.7442226409912,"Unknown"
"5020554",378676,2026-04-25 20:13:38,28.7993488311768,-17.7442665100098,"Unknown"
"5020554",378676,2026-04-25 20:14:38,28.7992706298828,-17.7443332672119,"Unknown"
"5020554",378676,2026-04-25 20:15:38,28.7991943359375,-17.7444305419922,"Unknown"
"5020554",378676,2026-04-25 20:16:38,28.7991027832031,-17.744514465332,"Unknown"
"5020554",378676,2026-04-25 20:17:38,28.7989902496338,-17.7444953918457,"Unknown"
"5020554",378676,2026-04-25 20:18:38,28.7988815307617,-17.744571685791,"Unknown"
"5020554",378676,2026-04-25 20:19:39,28.7987899780273,-17.74462890625,"Unknown"
"5020554",378676,2026-04-25 20:20:40,28.7986831665039,-17.744722366333,"Unknown"
"5020554",378676,2026-04-25 20:21:37,28.7985935211182,-17.7447853088379,"Unknown"
"5020554",378676,2026-04-25 20:22:38,28.798490524292,-17.7448883056641,"Unknown"
"5020554",378676,2026-04-25 20:23:38,28.7983779907227,-17.7449607849121,"Unknown"
"5020554",378676,2026-04-25 20:24:37,28.7982978820801,-17.7450084686279,"Unknown"
"5020554",378676,2026-04-25 20:25:39,28.7981662750244,-17.7451076507568,"Unknown"
"5020554",378676,2026-04-25 20:26:37,28.7980632781982,-17.7451553344727,"Unknown"
"5020554",378676,2026-04-25 20:27:39,28.7979373931885,-17.7452239990234,"Unknown"
"5020554",378676,2026-04-25 20:28:39,28.7978324890137,-17.7453002929688,"Unknown"
"5020554",378676,2026-04-25 20:29:38,28.7977256774902,-17.7454319000244,"Unknown"
"5020554",378676,2026-04-25 20:30:47,28.7975826263428,-17.7455196380615,"Unknown"
"5020554",378676,2026-04-25 20:31:37,28.797477722168,-17.7455997467041,"Unknown"
"5020554",378676,2026-04-25 20:32:39,28.7973785400391,-17.7457103729248,"Unknown"
"5020554",378676,2026-04-25 20:33:43,28.7972507476807,-17.7457733154297,"Unknown"
"5020554",378676,2026-04-25 20:35:03,28.7971057891846,-17.7458477020264,"Unknown"
"5020554",378676,2026-04-25 20:35:36,28.7970199584961,-17.7458686828613,"Unknown"
"5020554",378676,2026-04-25 20:36:36,28.7969131469727,-17.7459545135498,"Unknown"
"5020554",378676,2026-04-25 20:37:36,28.7967758178711,-17.7460117340088,"Unknown"
"5020554",378676,2026-04-25 20:38:36,28.7966327667236,-17.7460632324219,"Unknown"
"5020554",378676,2026-04-25 20:39:36,28.7964992523193,-17.7461051940918,"Unknown"
"5020554",378676,2026-04-25 20:40:36,28.7963542938232,-17.7461433410645,"Unknown"
"5020554",378676,2026-04-25 20:41:36,28.7962188720703,-17.7461376190186,"Unknown"
"5020554",378676,2026-04-25 20:42:36,28.79612159729,-17.7461738586426,"Unknown"
"5020554",378676,2026-04-25 20:43:36,28.7959690093994,-17.7462024688721,"Unknown"
"5020554",378676,2026-04-25 20:44:36,28.7958030700684,-17.7462463378906,"Unknown"
"5020554",378676,2026-04-25 20:45:36,28.7956867218018,-17.7462749481201,"Unknown"
"5020554",378676,2026-04-25 20:46:36,28.7955436706543,-17.7463493347168,"Unknown"
"5020554",378676,2026-04-25 20:47:36,28.7954006195068,-17.7463760375977,"Unknown"
"5020554",378676,2026-04-25 20:48:36,28.7952575683594,-17.7464237213135,"Unknown"
"5020554",378676,2026-04-25 20:49:36,28.795129776001,-17.7464904785156,"Unknown"
"5020554",378676,2026-04-25 20:50:36,28.7949905395508,-17.7465705871582,"Unknown"
"5020554",378676,2026-04-25 20:51:36,28.794849395752,-17.7465915679932,"Unknown"
"5020554",378676,2026-04-25 20:52:36,28.7947025299072,-17.7466621398926,"Unknown"
"5020554",378676,2026-04-25 20:53:36,28.7945384979248,-17.746753692627,"Unknown"
"5020554",378676,2026-04-25 20:54:36,28.7944087982178,-17.7467956542969,"Unknown"
"5020554",378676,2026-04-25 20:55:36,28.7942867279053,-17.7468070983887,"Unknown"
"5020554",378676,2026-04-25 20:56:36,28.7941551208496,-17.7468738555908,"Unknown"
"5020554",378676,2026-04-25 20:57:36,28.7940216064453,-17.7469043731689,"Unknown"
"5020554",378676,2026-04-25 20:58:36,28.7938842773438,-17.7469043731689,"Unknown"
"5020554",378676,2026-04-25 20:59:36,28.7937488555908,-17.7469005584717,"Unknown"
"5020554",378676,2026-04-25 21:00:36,28.7936592102051,-17.7468757629395,"Unknown"
"5020554",378676,2026-04-25 21:01:36,28.7935390472412,-17.7468376159668,"Unknown"
"5020554",378676,2026-04-25 21:02:36,28.7934188842773,-17.7468109130859,"Unknown"
"5020554",378676,2026-04-25 21:03:36,28.7932815551758,-17.7468223571777,"Unknown"
"5020554",378676,2026-04-25 21:04:36,28.7931537628174,-17.7468414306641,"Unknown"
"5020554",378676,2026-04-25 21:05:36,28.7930145263672,-17.7468566894531,"Unknown"
"5020554",378676,2026-04-25 21:06:36,28.7929153442383,-17.7467823028564,"Unknown"
"5020554",378676,2026-04-25 21:07:36,28.7928104400635,-17.7467479705811,"Unknown"
"5020554",378676,2026-04-25 21:08:37,28.7927207946777,-17.7467288970947,"Unknown"
"5020554",378676,2026-04-25 21:09:37,28.7925701141357,-17.7466430664062,"Unknown"
"5020554",378676,2026-04-25 21:10:36,28.7924633026123,-17.7466220855713,"Unknown"
"5020554",378676,2026-04-25 21:11:36,28.7923450469971,-17.7465534210205,"Unknown"
"5020554",378676,2026-04-25 21:12:36,28.7922172546387,-17.7464847564697,"Unknown"
"5020554",378676,2026-04-25 21:13:36,28.7920780181885,-17.746452331543,"Unknown"
"5020554",378676,2026-04-25 21:14:36,28.7919521331787,-17.7463607788086,"Unknown"
"5020554",378676,2026-04-25 21:15:36,28.7918281555176,-17.7462387084961,"Unknown"
"5020554",378676,2026-04-25 21:16:36,28.7917022705078,-17.7461605072021,"Unknown"
"5020554",378676,2026-04-25 21:17:36,28.7915534973145,-17.7460784912109,"Unknown"
"5020554",378676,2026-04-25 21:18:36,28.7914276123047,-17.7459735870361,"Unknown"
"5020554",378676,2026-04-25 21:19:36,28.7913341522217,-17.7458992004395,"Unknown"
"5020554",378676,2026-04-25 21:20:36,28.7911701202393,-17.7458190917969,"Unknown"
"5020554",378676,2026-04-25 21:21:37,28.7910633087158,-17.7457733154297,"Unknown"
"5020554",378676,2026-04-25 21:22:36,28.7909145355225,-17.7457180023193,"Unknown"
"5020554",378676,2026-04-25 21:23:36,28.7907886505127,-17.7456912994385,"Unknown"
"5020554",378676,2026-04-25 21:24:37,28.790620803833,-17.7456359863281,"Unknown"
"5020554",378676,2026-04-25 21:25:36,28.7904663085938,-17.7456321716309,"Unknown"
"5020554",378676,2026-04-25 21:26:37,28.7903480529785,-17.7456321716309,"Unknown"
"5020554",378676,2026-04-25 21:27:36,28.7902183532715,-17.7455768585205,"Unknown"
"5020554",378676,2026-04-25 21:28:37,28.7901210784912,-17.7455387115479,"Unknown"
"5020554",378676,2026-04-25 21:29:36,28.7899856567383,-17.7455139160156,"Unknown"
"5020554",378676,2026-04-25 21:30:36,28.7898426055908,-17.7454967498779,"Unknown"
"5020554",378676,2026-04-25 21:31:36,28.7897148132324,-17.7454719543457,"Unknown"
"5020554",378676,2026-04-25 21:32:37,28.7895755767822,-17.7454261779785,"Unknown"
"5020554",378676,2026-04-25 21:33:38,28.7894287109375,-17.7453632354736,"Unknown"
"5020554",378676,2026-04-25 21:34:37,28.7893085479736,-17.7453289031982,"Unknown"
"5020554",378676,2026-04-25 21:35:36,28.7891674041748,-17.745288848877,"Unknown"
"5020554",378676,2026-04-25 21:36:37,28.7890644073486,-17.7452697753906,"Unknown"
"5020554",378676,2026-04-25 21:37:36,28.7888965606689,-17.745189666748,"Unknown"
"5020554",378676,2026-04-25 21:38:37,28.7887763977051,-17.7451705932617,"Unknown"
"5020554",378676,2026-04-25 21:39:36,28.7886524200439,-17.7451152801514,"Unknown"
"5020554",378676,2026-04-25 21:40:37,28.7885055541992,-17.745059967041,"Unknown"
"5020554",378676,2026-04-25 21:41:36,28.788387298584,-17.7450122833252,"Unknown"
"5020554",378676,2026-04-25 21:42:36,28.7882461547852,-17.7449989318848,"Unknown"
"5020554",378676,2026-04-25 21:43:36,28.7881259918213,-17.7448959350586,"Unknown"
"5020554",378676,2026-04-25 21:44:37,28.7879981994629,-17.7448616027832,"Unknown"
"5020554",378676,2026-04-25 21:45:37,28.7878570556641,-17.7448329925537,"Unknown"
"5020554",378676,2026-04-25 21:46:37,28.7877349853516,-17.7447319030762,"Unknown"
"5020554",378676,2026-04-25 21:47:37,28.7876319885254,-17.7446422576904,"Unknown"
"5020554",378676,2026-04-25 21:48:36,28.7875080108643,-17.7445583343506,"Unknown"
"5020554",378676,2026-04-25 21:49:37,28.7873878479004,-17.7444915771484,"Unknown"
"5020554",378676,2026-04-25 21:50:37,28.7872982025146,-17.7443981170654,"Unknown"
"5020554",378676,2026-04-25 21:51:37,28.7871913909912,-17.7443008422852,"Unknown"
"5020554",378676,2026-04-25 21:52:36,28.7871055603027,-17.744234085083,"Unknown"
"5020554",378676,2026-04-25 21:53:37,28.7870197296143,-17.7441482543945,"Unknown"
"5020554",378676,2026-04-25 21:54:37,28.7869129180908,-17.7440929412842,"Unknown"
"5020554",378676,2026-04-25 21:55:37,28.7868423461914,-17.7440395355225,"Unknown"
"5020554",378676,2026-04-25 21:56:36,28.7867527008057,-17.7439823150635,"Unknown"
"5020554",378676,2026-04-25 21:57:37,28.7866249084473,-17.7438888549805,"Unknown"
"5020554",378676,2026-04-25 21:58:37,28.7865524291992,-17.7438678741455,"Unknown"
"5020554",378676,2026-04-25 21:59:37,28.7864627838135,-17.7438163757324,"Unknown"
"5020554",378676,2026-04-25 22:00:37,28.7863426208496,-17.7437725067139,"Unknown"
"5020554",378676,2026-04-25 22:01:37,28.786247253418,-17.7437019348145,"Unknown"
"5020554",378676,2026-04-25 22:02:37,28.7861595153809,-17.7436180114746,"Unknown"
"5020554",378676,2026-04-25 22:03:37,28.7860546112061,-17.7435741424561,"Unknown"
"5020554",378676,2026-04-25 22:04:37,28.7859210968018,-17.7435169219971,"Unknown"
"5020554",378676,2026-04-25 22:05:36,28.785816192627,-17.7434005737305,"Unknown"
"5020554",378676,2026-04-25 22:06:38,28.7857246398926,-17.7433032989502,"Unknown"
"5020554",378676,2026-04-25 22:07:37,28.785623550415,-17.7432556152344,"Unknown"
"5020554",378676,2026-04-25 22:08:38,28.7855319976807,-17.7431087493896,"Unknown"
"5020554",378676,2026-04-25 22:09:37,28.7854423522949,-17.7430438995361,"Unknown"
"5020554",378676,2026-04-25 22:10:37,28.785364151001,-17.7429943084717,"Unknown"
"5020554",378676,2026-04-25 22:11:39,28.785285949707,-17.7428970336914,"Unknown"
"5020554",378676,2026-04-25 22:12:38,28.7851943969727,-17.7428226470947,"Unknown"
"5020554",378676,2026-04-25 22:13:36,28.7850818634033,-17.7427825927734,"Unknown"
"5020554",378676,2026-04-25 22:14:37,28.7849712371826,-17.7427139282227,"Unknown"
"5020554",378676,2026-04-25 22:15:37,28.7848930358887,-17.7426776885986,"Unknown"
"5020554",378676,2026-04-25 22:16:37,28.7847881317139,-17.7426013946533,"Unknown"
"5020554",378676,2026-04-25 22:17:36,28.7846794128418,-17.7424774169922,"Unknown"
"5020554",378676,2026-04-25 22:18:37,28.7845973968506,-17.7423973083496,"Unknown"
"5020554",378676,2026-04-25 22:19:36,28.7844944000244,-17.7422637939453,"Unknown"
"5020554",378676,2026-04-25 22:20:37,28.7844161987305,-17.7422161102295,"Unknown"
"5020554",378676,2026-04-25 22:21:38,28.7843399047852,-17.7421398162842,"Unknown"
"5020554",378676,2026-04-25 22:22:39,28.7842769622803,-17.7420787811279,"Unknown"
"5020554",378676,2026-04-25 22:23:37,28.7842178344727,-17.742057800293,"Unknown"
"5020554",378676,2026-04-25 22:24:39,28.7841129302979,-17.7420234680176,"Unknown"
"5020554",378676,2026-04-25 22:25:37,28.7840156555176,-17.7419986724854,"Unknown"
"5020554",378676,2026-04-25 22:26:37,28.7839584350586,-17.7419395446777,"Unknown"
"5020554",378676,2026-04-25 22:27:39,28.7838802337646,-17.7418842315674,"Unknown"
"5020554",378676,2026-04-25 22:28:36,28.7838001251221,-17.7418270111084,"Unknown"
"5020554",378676,2026-04-25 22:29:36,28.7837371826172,-17.7417888641357,"Unknown"
"5020554",378676,2026-04-25 22:30:37,28.783655166626,-17.7417259216309,"Unknown"
"5020554",378676,2026-04-25 22:31:36,28.7835845947266,-17.7417068481445,"Unknown"
"5020554",378676,2026-04-25 22:32:36,28.7835311889648,-17.74169921875,"Unknown"
"5020554",378676,2026-04-25 22:33:36,28.7834568023682,-17.7416687011719,"Unknown"
"5020554",378676,2026-04-25 22:34:38,28.7834053039551,-17.7416324615479,"Unknown"
"5020554",378676,2026-04-25 22:35:38,28.7833309173584,-17.7416210174561,"Unknown"
"5020554",378676,2026-04-25 22:36:37,28.7832641601562,-17.7416133880615,"Unknown"
"5020554",378676,2026-04-25 22:37:38,28.7831897735596,-17.741569519043,"Unknown"
"5020554",378676,2026-04-25 22:38:39,28.783109664917,-17.7415390014648,"Unknown"
"5020554",378676,2026-04-25 22:39:39,28.7830715179443,-17.7415599822998,"Unknown"
"5020554",378676,2026-04-25 22:40:38,28.7830352783203,-17.741569519043,"Unknown"
"5020554",378676,2026-04-25 22:41:38,28.7829513549805,-17.7415924072266,"Unknown"
"5020554",378676,2026-04-25 22:42:41,28.7829113006592,-17.7415637969971,"Unknown"
"5020554",378676,2026-04-25 22:43:38,28.7828426361084,-17.7415561676025,"Unknown"
"5020554",378676,2026-04-25 22:44:39,28.7827911376953,-17.7415504455566,"Unknown"
"5020554",378676,2026-04-25 22:45:42,28.7827167510986,-17.7415637969971,"Unknown"
"5020554",378676,2026-04-25 22:46:36,28.7826633453369,-17.7415428161621,"Unknown"
"5020554",378676,2026-04-25 22:47:39,28.7825908660889,-17.741569519043,"Unknown"
"5020554",378676,2026-04-25 22:48:38,28.7825164794922,-17.7415676116943,"Unknown"
"5020554",378676,2026-04-25 22:49:39,28.7824954986572,-17.741527557373,"Unknown"
"5020554",378676,2026-04-25 22:50:38,28.7824287414551,-17.7414932250977,"Unknown"
"5020554",378676,2026-04-25 22:51:39,28.7823371887207,-17.741491317749,"Unknown"
"5020554",378676,2026-04-25 22:52:41,28.782262802124,-17.7414569854736,"Unknown"
"5020554",378676,2026-04-25 22:53:38,28.7822093963623,-17.7413673400879,"Unknown"
"5020554",378676,2026-04-25 22:54:39,28.7821388244629,-17.7413139343262,"Unknown"
"5020554",378676,2026-04-25 22:55:39,28.782054901123,-17.7412128448486,"Unknown"
"5020554",378676,2026-04-25 22:56:39,28.7819766998291,-17.7411861419678,"Unknown"
"5020554",378676,2026-04-25 22:57:38,28.7819137573242,-17.7411403656006,"Unknown"
"5020554",378676,2026-04-25 22:58:39,28.7818298339844,-17.7411117553711,"Unknown"
"5020554",378676,2026-04-25 22:59:39,28.7817840576172,-17.7410869598389,"Unknown"
"5020554",378676,2026-04-25 23:00:37,28.781774520874,-17.7410945892334,"Unknown"
"5020554",378676,2026-04-25 23:01:40,28.7817287445068,-17.7411518096924,"Unknown"
"5020554",378676,2026-04-25 23:02:39,28.7816600799561,-17.7412014007568,"Unknown"
"5020554",378676,2026-04-25 23:03:38,28.7815971374512,-17.7411956787109,"Unknown"
"5020554",378676,2026-04-25 23:04:38,28.78151512146,-17.7412052154541,"Unknown"
"5020554",378676,2026-04-25 23:05:39,28.7814998626709,-17.741153717041,"Unknown"
"5020554",378676,2026-04-25 23:06:39,28.7814273834229,-17.7411155700684,"Unknown"
"5020554",378676,2026-04-25 23:07:37,28.7813663482666,-17.7410621643066,"Unknown"
"5020554",378676,2026-04-25 23:08:39,28.7812652587891,-17.7411212921143,"Unknown"
"5020554",378676,2026-04-25 23:09:37,28.7812232971191,-17.7410926818848,"Unknown"
"5020554",378676,2026-04-25 23:10:39,28.781135559082,-17.741081237793,"Unknown"
"5020554",378676,2026-04-25 23:11:40,28.7810325622559,-17.741081237793,"Unknown"
"5020554",378676,2026-04-25 23:12:41,28.7809963226318,-17.7409858703613,"Unknown"
"5020554",378676,2026-04-25 23:13:37,28.7809257507324,-17.7409820556641,"Unknown"
"5020554",378676,2026-04-25 23:14:38,28.7808475494385,-17.7409477233887,"Unknown"
"5020554",378676,2026-04-25 23:15:41,28.7807674407959,-17.7408847808838,"Unknown"
"5020554",378676,2026-04-25 23:16:38,28.7807579040527,-17.7407703399658,"Unknown"
"5020554",378676,2026-04-25 23:17:38,28.7807006835938,-17.7407302856445,"Unknown"
"5020554",378676,2026-04-25 23:18:37,28.7806758880615,-17.7406387329102,"Unknown"
"5020554",378676,2026-04-25 23:19:39,28.7806053161621,-17.7405624389648,"Unknown"
"5020554",378676,2026-04-25 23:20:39,28.7805194854736,-17.7405414581299,"Unknown"
"5020554",378676,2026-04-25 23:21:45,28.7805061340332,-17.7403907775879,"Unknown"
"5020554",378676,2026-04-25 23:22:39,28.7804412841797,-17.7403812408447,"Unknown"
"5020554",378676,2026-04-25 23:23:38,28.7804317474365,-17.7402763366699,"Unknown"
"5020554",378676,2026-04-25 23:24:40,28.7803401947021,-17.7403430938721,"Unknown"
"5020554",378676,2026-04-25 23:25:38,28.7802848815918,-17.740291595459,"Unknown"
"5020554",378676,2026-04-25 23:26:39,28.7801647186279,-17.7403793334961,"Unknown"
"5020554",378676,2026-04-25 23:27:41,28.7801952362061,-17.7401237487793,"Unknown"
"5020554",378676,2026-04-25 23:28:43,28.780122756958,-17.7400760650635,"Unknown"
"5020554",378676,2026-04-25 23:29:43,28.7801380157471,-17.739896774292,"Unknown"
"5020554",378676,2026-04-25 23:31:03,28.7800254821777,-17.7399368286133,"Unknown"
"5020554",378676,2026-04-25 23:31:36,28.7800045013428,-17.7399005889893,"Unknown"
"5020554",378676,2026-04-25 23:32:36,28.7799587249756,-17.7398319244385,"Unknown"
"5020554",378676,2026-04-25 23:33:36,28.7798938751221,-17.739782333374,"Unknown"
"5020554",378676,2026-04-25 23:34:36,28.7798614501953,-17.7397212982178,"Unknown"
"5020554",378676,2026-04-25 23:35:36,28.7798194885254,-17.7396717071533,"Unknown"
"5020554",378676,2026-04-25 23:36:36,28.7797546386719,-17.7395763397217,"Unknown"
"5020554",378676,2026-04-25 23:37:36,28.7797031402588,-17.7395439147949,"Unknown"
"5020554",378676,2026-04-25 23:38:36,28.7796497344971,-17.7395057678223,"Unknown"
"5020554",378676,2026-04-25 23:39:36,28.7796230316162,-17.73948097229,"Unknown"
"5020554",378676,2026-04-25 23:40:37,28.7795734405518,-17.739429473877,"Unknown"
"5020554",378676,2026-04-25 23:41:37,28.7795181274414,-17.7394199371338,"Unknown"
"5020554",378676,2026-04-25 23:42:37,28.779468536377,-17.7393741607666,"Unknown"
"5020554",378676,2026-04-25 23:43:37,28.7794532775879,-17.7393188476562,"Unknown"
"5020554",378676,2026-04-25 23:44:37,28.7793979644775,-17.7392959594727,"Unknown"
"5020554",378676,2026-04-25 23:45:36,28.7793636322021,-17.7392807006836,"Unknown"
"5020554",378676,2026-04-25 23:46:37,28.7793121337891,-17.739278793335,"Unknown"
"5020554",378676,2026-04-25 23:47:36,28.7792549133301,-17.7392597198486,"Unknown"
"5020554",378676,2026-04-25 23:48:36,28.779224395752,-17.7392616271973,"Unknown"
"5020554",378676,2026-04-25 23:49:36,28.7791595458984,-17.7392158508301,"Unknown"
"5020554",378676,2026-04-25 23:50:38,28.7791481018066,-17.7391605377197,"Unknown"
"5020554",378676,2026-04-25 23:51:36,28.7790966033936,-17.7390899658203,"Unknown"
"5020554",378676,2026-04-25 23:52:36,28.7790393829346,-17.7390270233154,"Unknown"
"5020554",378676,2026-04-25 23:53:36,28.7789897918701,-17.7389392852783,"Unknown"
"5020554",378676,2026-04-25 23:54:36,28.7789287567139,-17.7388896942139,"Unknown"
"5020554",378676,2026-04-25 23:55:36,28.7789096832275,-17.7388439178467,"Unknown"
"5020554",378676,2026-04-25 23:56:36,28.7788696289062,-17.7388019561768,"Unknown"
"5020554",378676,2026-04-25 23:57:38,28.7788219451904,-17.7387371063232,"Unknown"
"5020554",378676,2026-04-25 23:58:37,28.7787570953369,-17.7387142181396,"Unknown"
"5020554",378676,2026-04-25 23:59:38,28.7787246704102,-17.738639831543,"Unknown"
"5020554",378676,2026-04-26 00:00:37,28.7786502838135,-17.7385959625244,"Unknown"
"5020554",378676,2026-04-26 00:01:38,28.7786083221436,-17.7385540008545,"Unknown"
"5020554",378676,2026-04-26 00:02:36,28.7785186767578,-17.7385444641113,"Unknown"
"5020554",378676,2026-04-26 00:03:36,28.7784862518311,-17.7385139465332,"Unknown"
"5020554",378676,2026-04-26 00:04:36,28.7784481048584,-17.7384796142578,"Unknown"
"5020554",378676,2026-04-26 00:05:36,28.778434753418,-17.7384872436523,"Unknown"
"5020554",378676,2026-04-26 00:06:36,28.7783870697021,-17.7385177612305,"Unknown"
"5020554",378676,2026-04-26 00:07:37,28.7783489227295,-17.7384967803955,"Unknown"
"5020554",378676,2026-04-26 00:08:39,28.7783184051514,-17.738468170166,"Unknown"
"5020554",378676,2026-04-26 00:09:36,28.7783088684082,-17.7384548187256,"Unknown"
"5020554",378676,2026-04-26 00:10:36,28.778247833252,-17.7384796142578,"Unknown"
"5020554",378676,2026-04-26 00:11:36,28.7782421112061,-17.7384605407715,"Unknown"
"5020554",378676,2026-04-26 00:12:36,28.7782020568848,-17.7384757995605,"Unknown"
"5020554",378676,2026-04-26 00:13:36,28.7781867980957,-17.7384815216064,"Unknown"
"5020554",378676,2026-04-26 00:14:38,28.7781448364258,-17.7384586334229,"Unknown"
"5020554",378676,2026-04-26 00:15:38,28.7781295776367,-17.7384567260742,"Unknown"
"5020554",378676,2026-04-26 00:16:36,28.7781181335449,-17.7384338378906,"Unknown"
"5020554",378676,2026-04-26 00:17:37,28.7780570983887,-17.7384376525879,"Unknown"
"5020554",378676,2026-04-26 00:18:39,28.7780532836914,-17.7384185791016,"Unknown"
"5020554",378676,2026-04-26 00:19:36,28.7780342102051,-17.7384243011475,"Unknown"
"5020554",378676,2026-04-26 00:20:39,28.7780113220215,-17.7384014129639,"Unknown"
"5020554",378676,2026-04-26 00:21:36,28.7779922485352,-17.738374710083,"Unknown"
"5020554",378676,2026-04-26 00:22:38,28.7779750823975,-17.7383117675781,"Unknown"
"5020554",378676,2026-04-26 00:23:37,28.7779312133789,-17.7383155822754,"Unknown"
"5020554",378676,2026-04-26 00:24:38,28.7779083251953,-17.7383155822754,"Unknown"
"5020554",378676,2026-04-26 00:25:37,28.7778816223145,-17.7383003234863,"Unknown"
"5020554",378676,2026-04-26 00:26:41,28.7778358459473,-17.7382926940918,"Unknown"
"5020554",378676,2026-04-26 00:27:38,28.7778186798096,-17.7382488250732,"Unknown"
"5020554",378676,2026-04-26 00:28:38,28.7777919769287,-17.7381916046143,"Unknown"
"5020554",378676,2026-04-26 00:29:37,28.7777442932129,-17.7381725311279,"Unknown"
"5020554",378676,2026-04-26 00:30:41,28.7777557373047,-17.7381019592285,"Unknown"
"5020554",378676,2026-04-26 00:31:36,28.7777252197266,-17.7381038665771,"Unknown"
"5020554",378676,2026-04-26 00:32:36,28.7777309417725,-17.7380619049072,"Unknown"
"5020554",378676,2026-04-26 00:33:37,28.7777328491211,-17.7380332946777,"Unknown"
"5020554",378676,2026-04-26 00:34:36,28.7776927947998,-17.7380275726318,"Unknown"
"5020554",378676,2026-04-26 00:35:40,28.7777290344238,-17.7379570007324,"Unknown"
"5020554",378676,2026-04-26 00:36:38,28.7776832580566,-17.7379169464111,"Unknown"
"5020554",378676,2026-04-26 00:37:38,28.7776565551758,-17.7378196716309,"Unknown"
"5020554",378676,2026-04-26 00:38:36,28.7776336669922,-17.7377815246582,"Unknown"
"5020554",378676,2026-04-26 00:39:36,28.7776145935059,-17.7377548217773,"Unknown"
"5020554",378676,2026-04-26 00:40:36,28.7776279449463,-17.7376823425293,"Unknown"
"5020554",378676,2026-04-26 00:41:38,28.7776222229004,-17.7376098632812,"Unknown"
"5020554",378676,2026-04-26 00:42:36,28.7775897979736,-17.7375812530518,"Unknown"
"5020554",378676,2026-04-26 00:43:36,28.7775764465332,-17.7375431060791,"Unknown"
"5020554",378676,2026-04-26 00:44:36,28.7775630950928,-17.7374820709229,"Unknown"
"5020554",378676,2026-04-26 00:54:39,28.7775020599365,-17.7370567321777,"Unknown"
"5020554",378676,2026-04-26 00:55:36,28.7775001525879,-17.7369842529297,"Unknown"
"5020554",378676,2026-04-26 00:56:37,28.7775230407715,-17.7368946075439,"Unknown"
"5020554",378676,2026-04-26 00:57:36,28.7775096893311,-17.7368507385254,"Unknown"
"5020554",378676,2026-04-26 00:58:37,28.777515411377,-17.736795425415,"Unknown"
"5020554",378676,2026-04-26 01:08:37,28.777717590332,-17.7363376617432,"Unknown"
"5020554",378676,2026-04-26 01:09:41,28.7777996063232,-17.7363204956055,"Unknown"
"5020554",378676,2026-04-26 01:10:39,28.7778205871582,-17.7362747192383,"Unknown"
"5020554",378676,2026-04-26 01:11:38,28.7778606414795,-17.7362594604492,"Unknown"
"5020554",378676,2026-04-26 01:12:37,28.7779121398926,-17.7361888885498,"Unknown"
"5020554",378676,2026-04-26 01:22:40,28.7782363891602,-17.7357234954834,"Unknown"
"5020554",378676,2026-04-26 01:23:39,28.7782726287842,-17.7356910705566,"Unknown"
"5020554",378676,2026-04-26 01:33:43,28.7785987854004,-17.7352714538574,"Unknown"
"5020554",378676,2026-04-26 01:43:45,28.7789363861084,-17.7348098754883,"Unknown"
"5020554",378676,2026-04-26 01:54:03,28.7795238494873,-17.734375,"Unknown"
"5020554",378676,2026-04-26 02:03:38,28.7801609039307,-17.7340908050537,"Unknown"
"5020554",378676,2026-04-26 02:13:38,28.7807292938232,-17.7340679168701,"Unknown"
"5020554",378676,2026-04-26 02:23:37,28.7814788818359,-17.7341194152832,"Unknown"
"5020554",378676,2026-04-26 02:33:36,28.782190322876,-17.7342472076416,"Unknown"
"5020554",378676,2026-04-26 02:43:37,28.78271484375,-17.7343711853027,"Unknown"
"5020554",378676,2026-04-26 02:53:37,28.7743873596191,-17.7327613830566,"Unknown"
"5020554",378676,2026-04-26 03:03:37,28.7817878723145,-17.7422142028809,"Unknown"
"5020554",378676,2026-04-26 03:13:37,28.7823619842529,-17.7421970367432,"Unknown"
"5020554",378676,2026-04-26 03:23:36,28.7635688781738,-17.7329158782959,"Unknown"
"5020554",378676,2026-04-26 03:33:38,28.7746257781982,-17.7490730285645,"Unknown"
"5020554",378676,2026-04-26 03:43:38,28.8021049499512,-17.7532577514648,"Unknown"
"5020554",378676,2026-04-26 03:53:38,28.7871913909912,-17.7671508789062,"Unknown"
"5020554",378676,2026-04-26 04:05:01,28.796199798584,-17.7646732330322,"Unknown"
"5020554",378676,2026-04-26 04:14:27,28.798267364502,-17.7839984893799,"Unknown"
"5020554",378676,2026-04-26 04:23:40,28.790620803833,-17.8012428283691,"Unknown"
"5020554",378676,2026-04-26 04:33:38,28.7925682067871,-17.7937755584717,"Unknown"
"5020554",378676,2026-04-26 04:43:38,28.7808113098145,-17.8114166259766,"Unknown"
"5020554",378676,2026-04-26 04:53:39,28.7802925109863,-17.8105869293213,"Unknown"
"5020554",378676,2026-04-26 05:03:47,28.7802734375,-17.811185836792,"Unknown"
"5020554",378676,2026-04-26 05:13:36,28.7673397064209,-17.7847652435303,"Unknown"
"5020554",378676,2026-04-26 05:23:36,28.7906894683838,-17.7348098754883,"Unknown"
"5020554",378676,2026-04-26 05:33:38,28.7852478027344,-17.7382736206055,"Unknown"
"5020554",378676,2026-04-26 05:43:39,28.7828273773193,-17.7426338195801,"Unknown"
"5020554",378676,2026-04-26 05:53:38,28.7838020324707,-17.7420330047607,"Unknown"
"5020554",378676,2026-04-26 06:04:03,28.7848033905029,-17.7414608001709,"Unknown"
"5020554",378676,2026-04-26 06:13:38,28.7881565093994,-17.742359161377,"Unknown"
"5020554",378676,2026-04-26 06:23:39,28.7985229492188,-17.7467803955078,"Unknown"
"5020554",378676,2026-04-26 06:33:41,28.8302955627441,-17.7653541564941,"Unknown"
"5020554",378676,2026-04-26 06:43:38,28.8601131439209,-17.7714157104492,"Unknown"
"5020554",378676,2026-04-26 06:53:38,28.8604907989502,-17.7714424133301,"Unknown"
"5020554",378676,2026-04-26 07:03:39,28.8611183166504,-17.771936416626,"Unknown"
"5020554",378676,2026-04-26 07:13:38,28.877534866333,-17.7704753875732,"Unknown"
"5020554",378676,2026-04-26 07:23:37,28.8786087036133,-17.7669868469238,"Unknown"
"5020554",378676,2026-04-26 07:33:39,28.8810729980469,-17.7666931152344,"Unknown"
"5020554",378676,2026-04-26 07:43:38,28.8819885253906,-17.7756118774414,"Unknown"
"5020554",378676,2026-04-26 07:53:40,28.8818664550781,-17.7746906280518,"Unknown"
"5020554",378676,2026-04-26 08:03:39,28.8737144470215,-17.7879180908203,"Unknown"
"5020554",378676,2026-04-26 08:25:01,28.8566303253174,-17.7765617370605,"Unknown"
"5020554",378676,2026-04-26 08:25:02,28.8566265106201,-17.7765522003174,"Unknown"
"5020554",378676,2026-04-26 08:35:07,28.853343963623,-17.7668323516846,"Unknown"
"5020554",378676,2026-04-26 08:36:05,28.8527450561523,-17.7627601623535,"Unknown"
"5020554",378676,2026-04-26 08:37:09,28.8545570373535,-17.7616329193115,"Unknown"
"5020554",378676,2026-04-26 08:38:11,28.8545818328857,-17.7616596221924,"Unknown"
"5020554",378676,2026-04-26 08:39:15,28.8569011688232,-17.7626667022705,"Unknown"
"5020554",378676,2026-04-26 08:40:07,28.8594570159912,-17.7627201080322,"Unknown"
"5020554",378676,2026-04-26 08:41:08,28.8602066040039,-17.7636260986328,"Unknown"
"5020554",378676,2026-04-26 08:42:10,28.8602256774902,-17.7636642456055,"Unknown"
"5020554",378676,2026-04-26 08:43:05,28.8602390289307,-17.7636528015137,"Unknown"
"5020554",378676,2026-04-26 08:44:09,28.8602561950684,-17.7636737823486,"Unknown"
"5020554",378676,2026-04-26 08:45:08,28.8603038787842,-17.7636413574219,"Unknown"
"5020554",378676,2026-04-26 08:46:05,28.860330581665,-17.7636795043945,"Unknown"
"5020554",378676,2026-04-26 08:47:07,28.8603363037109,-17.7636222839355,"Unknown"
"5020554",378676,2026-04-26 08:48:08,28.8603439331055,-17.7636032104492,"Unknown"
"5020554",378676,2026-04-26 08:49:06,28.8603363037109,-17.7636070251465,"Unknown"
"5020554",378676,2026-04-26 08:50:08,28.860315322876,-17.7636299133301,"Unknown"
"5020554",378676,2026-04-26 08:51:07,28.8603000640869,-17.763635635376,"Unknown"
"5020554",378676,2026-04-26 08:52:06,28.8601131439209,-17.7641048431396,"Unknown"
"5020554",378676,2026-04-26 08:53:08,28.8532123565674,-17.7644367218018,"Unknown"
"5020554",378676,2026-04-26 08:54:05,28.8532218933105,-17.7638359069824,"Unknown"
"5020554",378676,2026-04-26 08:55:06,28.8540229797363,-17.7617721557617,"Unknown"
"5020554",378676,2026-04-26 08:56:05,28.8540439605713,-17.7617149353027,"Unknown"
"5020554",378676,2026-04-26 08:57:07,28.8540515899658,-17.7616443634033,"Unknown"
"5020554",378676,2026-04-26 08:58:06,28.8549747467041,-17.7608776092529,"Unknown"
"5020554",378676,2026-04-26 08:59:07,28.854341506958,-17.7554759979248,"Unknown"
"5020554",378676,2026-04-26 09:00:06,28.8543701171875,-17.7541961669922,"Unknown"
"5020554",378676,2026-04-26 09:01:06,28.854398727417,-17.7539405822754,"Unknown"
"5020554",378676,2026-04-26 09:02:08,28.8531455993652,-17.752649307251,"Unknown"
"5020554",378676,2026-04-26 09:03:07,28.8537654876709,-17.7508945465088,"Unknown"
"5020554",378676,2026-04-26 09:04:07,28.8537921905518,-17.7508335113525,"Unknown"
"5020554",378676,2026-04-26 09:05:06,28.8537693023682,-17.7508373260498,"Unknown"
"5020554",378676,2026-04-26 09:06:05,28.8537921905518,-17.7507781982422,"Unknown"
"5020554",378676,2026-04-26 09:07:05,28.8538055419922,-17.7507476806641,"Unknown"
"5020554",378676,2026-04-26 09:08:07,28.8538093566895,-17.7507038116455,"Unknown"
"5020554",378676,2026-04-26 09:09:05,28.8538246154785,-17.7506694793701,"Unknown"
"5020554",378676,2026-04-26 09:10:05,28.8538436889648,-17.7503223419189,"Unknown"
"5020554",378676,2026-04-26 09:11:08,28.8532638549805,-17.7459297180176,"Unknown"
"5020554",378676,2026-04-26 09:12:08,28.8544578552246,-17.7454700469971,"Unknown"
"5020554",378676,2026-04-26 09:13:08,28.8544673919678,-17.7454605102539,"Unknown"
"5020554",378676,2026-04-26 09:14:08,28.8545017242432,-17.7454395294189,"Unknown"
"5020554",378676,2026-04-26 09:15:05,28.8545036315918,-17.7454452514648,"Unknown"
"5020554",378676,2026-04-26 09:16:06,28.8545112609863,-17.7454643249512,"Unknown"
"5020554",378676,2026-04-26 09:17:08,28.8544635772705,-17.7454471588135,"Unknown"
"5020554",378676,2026-04-26 09:18:08,28.8544082641602,-17.7454147338867,"Unknown"
"5020554",378676,2026-04-26 09:19:08,28.8547534942627,-17.7433490753174,"Unknown"
"5020554",378676,2026-04-26 09:20:07,28.8573684692383,-17.743480682373,"Unknown"
"5020554",378676,2026-04-26 09:21:08,28.8570137023926,-17.7431869506836,"Unknown"
"5020554",378676,2026-04-26 09:22:33,28.8556632995605,-17.7409725189209,"Unknown"
"5020554",378676,2026-04-26 09:23:07,28.8556327819824,-17.7409629821777,"Unknown"
"5020554",378676,2026-04-26 09:24:07,28.8556175231934,-17.7409420013428,"Unknown"
"5020554",378676,2026-04-26 09:25:06,28.8564109802246,-17.7396507263184,"Unknown"
"5020554",378676,2026-04-26 09:26:06,28.8567676544189,-17.7392425537109,"Unknown"
"5020554",378676,2026-04-26 09:27:07,28.8567581176758,-17.7391681671143,"Unknown"
"5020554",378676,2026-04-26 09:28:06,28.8558158874512,-17.7379360198975,"Unknown"
"5020554",378676,2026-04-26 09:29:05,28.8542213439941,-17.7362823486328,"Unknown"
"5020554",378676,2026-04-26 09:30:07,28.8536968231201,-17.7358055114746,"Unknown"
"5020554",378676,2026-04-26 09:31:07,28.8525810241699,-17.7332458496094,"Unknown"
"5020554",378676,2026-04-26 09:32:06,28.8527488708496,-17.7332305908203,"Unknown"
"5020554",378676,2026-04-26 09:33:06,28.852855682373,-17.7331848144531,"Unknown"
"5020554",378676,2026-04-26 09:34:13,28.8550720214844,-17.7311153411865,"Unknown"
"5020554",378676,2026-04-26 09:35:33,28.8549957275391,-17.7300262451172,"Unknown"
"5020554",378676,2026-04-26 09:36:12,28.8550262451172,-17.72998046875,"Unknown"
"5020554",378676,2026-04-26 09:37:13,28.8567657470703,-17.7289791107178,"Unknown"
"5020554",378676,2026-04-26 09:38:13,28.8572731018066,-17.726863861084,"Unknown"
"5020554",378676,2026-04-26 09:39:13,28.856969833374,-17.7261447906494,"Unknown"
"5020554",378676,2026-04-26 09:40:12,28.8571949005127,-17.7243633270264,"Unknown"
"5020554",378676,2026-04-26 09:41:13,28.8590297698975,-17.7229423522949,"Unknown"
"5020554",378676,2026-04-26 09:42:13,28.8589458465576,-17.7229671478271,"Unknown"
"5020554",378676,2026-04-26 09:43:19,28.8564376831055,-17.7225551605225,"Unknown"
"5020554",378676,2026-04-26 09:44:14,28.8564319610596,-17.7227268218994,"Unknown"
"5020554",378676,2026-04-26 09:45:13,28.8554782867432,-17.7219104766846,"Unknown"
"5020554",378676,2026-04-26 09:46:13,28.8543243408203,-17.7236938476562,"Unknown"
"5020554",378676,2026-04-26 09:47:14,28.8544273376465,-17.7236289978027,"Unknown"
"5020554",378676,2026-04-26 09:48:13,28.8517894744873,-17.7245483398438,"Unknown"
"5020554",378676,2026-04-26 09:49:18,28.8502292633057,-17.7251567840576,"Unknown"
"5020554",378676,2026-04-26 09:50:14,28.8494358062744,-17.7261238098145,"Unknown"
"5020554",378676,2026-04-26 09:51:15,28.8483581542969,-17.7271823883057,"Unknown"
"5020554",378676,2026-04-26 09:52:13,28.8468933105469,-17.7274360656738,"Unknown"
"5020554",378676,2026-04-26 09:53:15,28.8459148406982,-17.7274360656738,"Unknown"
"5020554",378676,2026-04-26 09:54:15,28.8458213806152,-17.729024887085,"Unknown"
"5020554",378676,2026-04-26 09:55:16,28.8442516326904,-17.7292232513428,"Unknown"
"5020554",378676,2026-04-26 09:56:14,28.8443775177002,-17.7292423248291,"Unknown"
"5020554",378676,2026-04-26 09:57:14,28.8422336578369,-17.7303142547607,"Unknown"
"5020554",378676,2026-04-26 09:58:15,28.8421001434326,-17.7309913635254,"Unknown"
"5020554",378676,2026-04-26 09:59:13,28.8409004211426,-17.7310810089111,"Unknown"
"5020554",378676,2026-04-26 10:00:12,28.8406810760498,-17.7316379547119,"Unknown"
"5020554",378676,2026-04-26 10:01:14,28.8397941589355,-17.7336692810059,"Unknown"
"5020554",378676,2026-04-26 10:02:12,28.8393440246582,-17.7346477508545,"Unknown"
"5020554",378676,2026-04-26 10:03:12,28.8382530212402,-17.7354984283447,"Unknown"
"5020554",378676,2026-04-26 10:04:15,28.8383159637451,-17.7356548309326,"Unknown"
"5020554",378676,2026-04-26 10:05:15,28.8383846282959,-17.7357444763184,"Unknown"
"5020554",378676,2026-04-26 10:06:14,28.8378868103027,-17.7389011383057,"Unknown"
"5020554",378676,2026-04-26 10:07:15,28.8361644744873,-17.7391986846924,"Unknown"
"5020554",378676,2026-04-26 10:08:12,28.8346138000488,-17.7376880645752,"Unknown"
"5020554",378676,2026-04-26 10:09:12,28.8346939086914,-17.7377414703369,"Unknown"
"5020554",378676,2026-04-26 10:10:13,28.8347797393799,-17.7378444671631,"Unknown"
"5020554",378676,2026-04-26 10:11:15,28.8348598480225,-17.7379570007324,"Unknown"
"5020554",378676,2026-04-26 10:12:13,28.8349380493164,-17.7379951477051,"Unknown"
"5020554",378676,2026-04-26 10:13:14,28.8350219726562,-17.7380313873291,"Unknown"
"5020554",378676,2026-04-26 10:14:13,28.835075378418,-17.738109588623,"Unknown"
"5020554",378676,2026-04-26 10:15:12,28.8351573944092,-17.7381763458252,"Unknown"
"5020554",378676,2026-04-26 10:16:15,28.8352127075195,-17.7382431030273,"Unknown"
"5020554",378676,2026-04-26 10:17:12,28.8352527618408,-17.738302230835,"Unknown"
"5020554",378676,2026-04-26 10:18:13,28.8353214263916,-17.7383594512939,"Unknown"
"5020554",378676,2026-04-26 10:19:14,28.8352737426758,-17.7414073944092,"Unknown"
"5020554",378676,2026-04-26 10:20:13,28.8359642028809,-17.7467803955078,"Unknown"
"5020554",378676,2026-04-26 10:21:14,28.8328151702881,-17.7498569488525,"Unknown"
"5020554",378676,2026-04-26 10:22:14,28.8289012908936,-17.7494373321533,"Unknown"
"5020554",378676,2026-04-26 10:23:14,28.8263454437256,-17.749568939209,"Unknown"
"5020554",378676,2026-04-26 10:24:14,28.8238983154297,-17.7484397888184,"Unknown"
"5020554",378676,2026-04-26 10:25:12,28.8234519958496,-17.7493419647217,"Unknown"
"5020554",378676,2026-04-26 10:26:15,28.8234844207764,-17.7493495941162,"Unknown"
"5020554",378676,2026-04-26 10:27:12,28.8234729766846,-17.7493648529053,"Unknown"
"5020554",378676,2026-04-26 10:28:14,28.8234748840332,-17.7494087219238,"Unknown"
"5020554",378676,2026-04-26 10:29:14,28.8234691619873,-17.7494220733643,"Unknown"
"5020554",378676,2026-04-26 10:30:14,28.8234729766846,-17.7494354248047,"Unknown"
"5020554",378676,2026-04-26 10:31:12,28.8234233856201,-17.7494659423828,"Unknown"
"5020554",378676,2026-04-26 10:32:14,28.8234233856201,-17.7495269775391,"Unknown"
"5020554",378676,2026-04-26 10:33:14,28.8234157562256,-17.7495861053467,"Unknown"
"5020554",378676,2026-04-26 10:34:14,28.8234043121338,-17.7496547698975,"Unknown"
"5020554",378676,2026-04-26 10:35:15,28.8233833312988,-17.7497577667236,"Unknown"
"5020554",378676,2026-04-26 10:36:14,28.8233413696289,-17.7498378753662,"Unknown"
"5020554",378676,2026-04-26 10:37:13,28.8232688903809,-17.7498970031738,"Unknown"
"5020554",378676,2026-04-26 10:38:15,28.8232192993164,-17.749963760376,"Unknown"
"5020554",378676,2026-04-26 10:39:14,28.8231906890869,-17.7500667572021,"Unknown"
"5020554",378676,2026-04-26 10:40:15,28.8239727020264,-17.7506771087646,"Unknown"
"5020554",378676,2026-04-26 10:41:12,28.824291229248,-17.7511367797852,"Unknown"
"5020554",378676,2026-04-26 10:42:14,28.8243045806885,-17.7512226104736,"Unknown"
"5020554",378676,2026-04-26 10:43:14,28.8243312835693,-17.7512950897217,"Unknown"
"5020554",378676,2026-04-26 10:44:14,28.8243160247803,-17.7513866424561,"Unknown"
"5020554",378676,2026-04-26 10:45:15,28.8242588043213,-17.751485824585,"Unknown"
"5020554",378676,2026-04-26 10:46:13,28.8241958618164,-17.7515487670898,"Unknown"
"5020554",378676,2026-04-26 10:47:13,28.8241596221924,-17.7516250610352,"Unknown"
"5020554",378676,2026-04-26 10:48:13,28.8241291046143,-17.7517070770264,"Unknown"
"5020554",378676,2026-04-26 10:49:13,28.8241214752197,-17.7517890930176,"Unknown"
"5020554",378676,2026-04-26 10:50:13,28.8240528106689,-17.7518901824951,"Unknown"
"5020554",378676,2026-04-26 10:51:13,28.8240222930908,-17.751974105835,"Unknown"
"5020554",378676,2026-04-26 10:52:13,28.8239650726318,-17.7520523071289,"Unknown"
"5020554",378676,2026-04-26 10:53:13,28.8238906860352,-17.7521362304688,"Unknown"
"5020554",378676,2026-04-26 10:54:13,28.8238506317139,-17.7522106170654,"Unknown"
"5020554",378676,2026-04-26 10:55:13,28.8237972259521,-17.7523307800293,"Unknown"
"5020554",378676,2026-04-26 10:56:14,28.8237133026123,-17.752462387085,"Unknown"
"5020554",378676,2026-04-26 10:57:13,28.8236637115479,-17.752555847168,"Unknown"
"5020554",378676,2026-04-26 10:58:15,28.8235702514648,-17.7527008056641,"Unknown"
"5020554",378676,2026-04-26 10:59:15,28.82350730896,-17.7528057098389,"Unknown"
"5020554",378676,2026-04-26 11:00:14,28.8234424591064,-17.7528877258301,"Unknown"
"5020554",378676,2026-04-26 11:01:14,28.8234024047852,-17.7529735565186,"Unknown"
"5020554",378676,2026-04-26 11:02:14,28.8232860565186,-17.7530746459961,"Unknown"
"5020554",378676,2026-04-26 11:03:13,28.8232841491699,-17.7531776428223,"Unknown"
"5020554",378676,2026-04-26 11:04:13,28.8232116699219,-17.7532768249512,"Unknown"
"5020554",378676,2026-04-26 11:05:13,28.823184967041,-17.7533569335938,"Unknown"
"5020554",378676,2026-04-26 11:06:13,28.823112487793,-17.7534275054932,"Unknown"
"5020554",378676,2026-04-26 11:07:13,28.8230895996094,-17.7534885406494,"Unknown"
"5020554",378676,2026-04-26 11:08:13,28.82301902771,-17.753589630127,"Unknown"
"5020554",378676,2026-04-26 11:09:13,28.82297706604,-17.7536907196045,"Unknown"
"5020554",378676,2026-04-26 11:10:13,28.8229293823242,-17.7537479400635,"Unknown"
"5020554",378676,2026-04-26 11:11:13,28.8228511810303,-17.7538356781006,"Unknown"
"5020554",378676,2026-04-26 11:12:13,28.8227825164795,-17.7539215087891,"Unknown"
"5020554",378676,2026-04-26 11:13:13,28.8227138519287,-17.7540111541748,"Unknown"
"5020554",378676,2026-04-26 11:14:13,28.8226680755615,-17.7540836334229,"Unknown"
"5020554",378676,2026-04-26 11:15:13,28.8226203918457,-17.7541732788086,"Unknown"
"5020554",378676,2026-04-26 11:16:13,28.8225574493408,-17.7542934417725,"Unknown"
"5020554",378676,2026-04-26 11:17:13,28.8224964141846,-17.754358291626,"Unknown"
"5020554",378676,2026-04-26 11:18:13,28.8224754333496,-17.7544193267822,"Unknown"
"5020554",378676,2026-04-26 11:19:13,28.8224067687988,-17.7545070648193,"Unknown"
"5020554",378676,2026-04-26 11:20:13,28.8223857879639,-17.7546119689941,"Unknown"
"5020554",378676,2026-04-26 11:21:14,28.8223838806152,-17.7547225952148,"Unknown"
"5020554",378676,2026-04-26 11:22:13,28.8223533630371,-17.7548599243164,"Unknown"
"5020554",378676,2026-04-26 11:23:13,28.8223133087158,-17.7549457550049,"Unknown"
"5020554",378676,2026-04-26 11:24:16,28.8222332000732,-17.7550506591797,"Unknown"
"5020554",378676,2026-04-26 11:25:13,28.8222045898438,-17.7551555633545,"Unknown"
"5020554",378676,2026-04-26 11:26:13,28.8221588134766,-17.7552299499512,"Unknown"
"5020554",378676,2026-04-26 11:27:13,28.8220596313477,-17.7553882598877,"Unknown"
"5020554",378676,2026-04-26 11:28:13,28.8220863342285,-17.7553844451904,"Unknown"
"5020554",378676,2026-04-26 11:29:13,28.8220520019531,-17.7554588317871,"Unknown"
"5020554",378676,2026-04-26 11:30:13,28.8220291137695,-17.7555103302002,"Unknown"
"5020554",378676,2026-04-26 11:31:13,28.8219680786133,-17.7555465698242,"Unknown"
"5020554",378676,2026-04-26 11:32:13,28.821928024292,-17.7556209564209,"Unknown"
"5020554",378676,2026-04-26 11:33:13,28.8218784332275,-17.7556972503662,"Unknown"
"5020554",378676,2026-04-26 11:34:15,28.8218746185303,-17.7557525634766,"Unknown"
"5020554",378676,2026-04-26 11:35:13,28.8218250274658,-17.7559032440186,"Unknown"
"5020554",378676,2026-04-26 11:36:12,28.8218193054199,-17.7559509277344,"Unknown"
"5020554",378676,2026-04-26 11:37:15,28.8218116760254,-17.7560138702393,"Unknown"
"5020554",378676,2026-04-26 11:38:13,28.8217868804932,-17.75608253479,"Unknown"
"5020554",378676,2026-04-26 11:39:13,28.821756362915,-17.7561454772949,"Unknown"
"5020554",378676,2026-04-26 11:40:13,28.8217334747314,-17.7561950683594,"Unknown"
"5020554",378676,2026-04-26 11:41:14,28.821704864502,-17.7562599182129,"Unknown"
"5020554",378676,2026-04-26 11:42:14,28.8216915130615,-17.7563056945801,"Unknown"
"5020554",378676,2026-04-26 11:43:15,28.8216571807861,-17.7563858032227,"Unknown"
"5020554",378676,2026-04-26 11:44:13,28.8216457366943,-17.7564067840576,"Unknown"
"5020554",378676,2026-04-26 11:45:16,28.8216152191162,-17.7565116882324,"Unknown"
"5020554",378676,2026-04-26 11:46:33,28.8215389251709,-17.7565879821777,"Unknown"
"5020554",378676,2026-04-26 11:47:13,28.8215065002441,-17.7566184997559,"Unknown"
"5020554",378676,2026-04-26 11:48:12,28.8214492797852,-17.7566871643066,"Unknown"
"5020554",378676,2026-04-26 11:49:12,28.8213787078857,-17.7566947937012,"Unknown"
"5020554",378676,2026-04-26 11:50:14,28.8213691711426,-17.7567481994629,"Unknown"
"5020554",378676,2026-04-26 11:51:13,28.8213577270508,-17.7567901611328,"Unknown"
"5020554",378676,2026-04-26 11:52:14,28.8213443756104,-17.7567348480225,"Unknown"
"5020554",378676,2026-04-26 11:53:14,28.8212661743164,-17.7568397521973,"Unknown"
"5020554",378676,2026-04-26 11:54:14,28.8212661743164,-17.7568473815918,"Unknown"
"5020554",378676,2026-04-26 11:55:14,28.821252822876,-17.7568340301514,"Unknown"
"5020554",378676,2026-04-26 11:56:14,28.8212566375732,-17.7568225860596,"Unknown"
"5020554",378676,2026-04-26 11:57:14,28.821310043335,-17.7568473815918,"Unknown"
"5020554",378676,2026-04-26 11:58:14,28.8213634490967,-17.7568855285645,"Unknown"
"5020554",378676,2026-04-26 11:59:14,28.8214092254639,-17.7569255828857,"Unknown"
"5020554",378676,2026-04-26 12:00:12,28.8214225769043,-17.7569847106934,"Unknown"
"5020554",378676,2026-04-26 12:01:14,28.8214492797852,-17.7570190429688,"Unknown"
"5020554",378676,2026-04-26 12:02:13,28.8214912414551,-17.7570877075195,"Unknown"
"5020554",378676,2026-04-26 12:03:13,28.8215179443359,-17.7572154998779,"Unknown"
"5020554",378676,2026-04-26 12:04:13,28.8215198516846,-17.7572650909424,"Unknown"
"5020554",378676,2026-04-26 12:05:14,28.8215370178223,-17.7573356628418,"Unknown"
"5020554",378676,2026-04-26 12:06:12,28.8215389251709,-17.7573928833008,"Unknown"
"5020554",378676,2026-04-26 12:07:14,28.8215465545654,-17.7574520111084,"Unknown"
"5020554",378676,2026-04-26 12:08:13,28.8215446472168,-17.757532119751,"Unknown"
"5020554",378676,2026-04-26 12:09:13,28.8215656280518,-17.7575531005859,"Unknown"
"5020554",378676,2026-04-26 12:10:13,28.8215637207031,-17.7576141357422,"Unknown"
"5020554",378676,2026-04-26 12:11:13,28.8215847015381,-17.7576274871826,"Unknown"
"5020554",378676,2026-04-26 12:12:14,28.8215847015381,-17.7576656341553,"Unknown"
"5020554",378676,2026-04-26 12:13:13,28.8215961456299,-17.7576732635498,"Unknown"
"5020554",378676,2026-04-26 12:14:13,28.8216190338135,-17.7577075958252,"Unknown"
"5020554",378676,2026-04-26 12:15:13,28.8216247558594,-17.7577247619629,"Unknown"
"5020554",378676,2026-04-26 12:16:13,28.8216190338135,-17.7577133178711,"Unknown"
"5020554",378676,2026-04-26 12:17:13,28.8215217590332,-17.7577838897705,"Unknown"
"5020554",378676,2026-04-26 12:18:13,28.821605682373,-17.7577667236328,"Unknown"
"5020554",378676,2026-04-26 12:19:13,28.8215827941895,-17.7578048706055,"Unknown"
"5020554",378676,2026-04-26 12:20:13,28.821605682373,-17.7578258514404,"Unknown"
"5020554",378676,2026-04-26 12:21:13,28.8215999603271,-17.7578506469727,"Unknown"
"5020554",378676,2026-04-26 12:22:13,28.8215713500977,-17.7578582763672,"Unknown"
"5020554",378676,2026-04-26 12:23:13,28.8216075897217,-17.7578220367432,"Unknown"
"5020554",378676,2026-04-26 12:24:13,28.8216190338135,-17.7578258514404,"Unknown"
"5020554",378676,2026-04-26 12:25:13,28.821647644043,-17.7578392028809,"Unknown"
"5020554",378676,2026-04-26 12:26:13,28.8216381072998,-17.7578449249268,"Unknown"
"5020554",378676,2026-04-26 12:27:13,28.821647644043,-17.7578372955322,"Unknown"
"5020554",378676,2026-04-26 12:28:13,28.8216457366943,-17.7578468322754,"Unknown"
"5020554",378676,2026-04-26 12:29:14,28.8216800689697,-17.7578525543213,"Unknown"
"5020554",378676,2026-04-26 12:30:14,28.821683883667,-17.7578468322754,"Unknown"
"5020554",378676,2026-04-26 12:31:14,28.8216953277588,-17.7578163146973,"Unknown"
"5020554",378676,2026-04-26 12:32:13,28.8217258453369,-17.7578411102295,"Unknown"
"5020554",378676,2026-04-26 12:33:14,28.8217678070068,-17.7578277587891,"Unknown"
"5020554",378676,2026-04-26 12:34:13,28.8217716217041,-17.7579231262207,"Unknown"
"5020554",378676,2026-04-26 12:35:12,28.8217811584473,-17.7579612731934,"Unknown"
"5020554",378676,2026-04-26 12:36:14,28.8217678070068,-17.7580032348633,"Unknown"
"5020554",378676,2026-04-26 12:37:13,28.8217830657959,-17.7580642700195,"Unknown"
"5020554",378676,2026-04-26 12:38:14,28.8217811584473,-17.7580947875977,"Unknown"
"5020554",378676,2026-04-26 12:39:15,28.8217678070068,-17.7581367492676,"Unknown"
"5020554",378676,2026-04-26 12:40:13,28.8252067565918,-17.7537689208984,"Unknown"
"5020554",378676,2026-04-26 12:41:16,28.8262462615967,-17.7527980804443,"Unknown"
"5020554",378676,2026-04-26 12:42:14,28.8270320892334,-17.7512302398682,"Unknown"
"5020554",378676,2026-04-26 12:43:13,28.8270606994629,-17.7511653900146,"Unknown"
"5020554",378676,2026-04-26 12:44:14,28.8270893096924,-17.751163482666,"Unknown"
"5020554",378676,2026-04-26 12:45:14,28.8289794921875,-17.750675201416,"Unknown"
"5020554",378676,2026-04-26 12:46:15,28.8287811279297,-17.7495384216309,"Unknown"
"5020554",378676,2026-04-26 12:47:14,28.8288078308105,-17.7495174407959,"Unknown"
"5020554",378676,2026-04-26 12:48:14,28.828784942627,-17.7494869232178,"Unknown"
"5020554",378676,2026-04-26 12:49:13,28.8288459777832,-17.749532699585,"Unknown"
"5020554",378676,2026-04-26 12:50:14,28.8286933898926,-17.7495517730713,"Unknown"
"5020554",378676,2026-04-26 12:51:15,28.8287830352783,-17.7495822906494,"Unknown"
"5020554",378676,2026-04-26 12:52:14,28.8288116455078,-17.7495994567871,"Unknown"
"5020554",378676,2026-04-26 12:53:14,28.8288650512695,-17.7496395111084,"Unknown"
"5020554",378676,2026-04-26 12:54:14,28.8288116455078,-17.7496585845947,"Unknown"
"5020554",378676,2026-04-26 12:55:13,28.8288555145264,-17.7497100830078,"Unknown"
"5020554",378676,2026-04-26 12:56:15,28.8288326263428,-17.74977684021,"Unknown"
"5020554",378676,2026-04-26 12:57:15,28.8288764953613,-17.7498435974121,"Unknown"
"5020554",378676,2026-04-26 12:58:14,28.8288650512695,-17.7498645782471,"Unknown"
"5020554",378676,2026-04-26 12:59:14,28.8288612365723,-17.7498626708984,"Unknown"
"5020554",378676,2026-04-26 13:00:13,28.8288097381592,-17.7499122619629,"Unknown"
"5020554",378676,2026-04-26 13:01:14,28.8288059234619,-17.7499675750732,"Unknown"
"5020554",378676,2026-04-26 13:02:14,28.8287734985352,-17.750020980835,"Unknown"
"5020554",378676,2026-04-26 13:03:15,28.8287105560303,-17.7500457763672,"Unknown"
"5020554",378676,2026-04-26 13:04:14,28.8287086486816,-17.750057220459,"Unknown"
"5020554",378676,2026-04-26 13:05:14,28.8286876678467,-17.750093460083,"Unknown"
"5020554",378676,2026-04-26 13:06:14,28.8286418914795,-17.7501564025879,"Unknown"
"5020554",378676,2026-04-26 13:07:14,28.8285465240479,-17.7501106262207,"Unknown"
"5020554",378676,2026-04-26 13:08:13,28.828592300415,-17.7502422332764,"Unknown"
"5020554",378676,2026-04-26 13:09:15,28.828577041626,-17.7502479553223,"Unknown"
"5020554",378676,2026-04-26 13:10:14,28.8285541534424,-17.7502555847168,"Unknown"
"5020554",378676,2026-04-26 13:11:14,28.82861328125,-17.7502956390381,"Unknown"
"5020554",378676,2026-04-26 13:12:14,28.8286094665527,-17.7503070831299,"Unknown"
"5020554",378676,2026-04-26 13:13:16,28.8286170959473,-17.7503490447998,"Unknown"
"5020554",378676,2026-04-26 13:14:14,28.8286190032959,-17.7503356933594,"Unknown"
"5020554",378676,2026-04-26 13:15:15,28.8285675048828,-17.7503509521484,"Unknown"
"5020554",378676,2026-04-26 13:16:13,28.8285980224609,-17.7503662109375,"Unknown"
"5020554",378676,2026-04-26 13:17:14,28.8285255432129,-17.7503604888916,"Unknown"
"5020554",378676,2026-04-26 13:18:15,28.8285846710205,-17.7503528594971,"Unknown"
"5020554",378676,2026-04-26 13:19:14,28.8285903930664,-17.7503547668457,"Unknown"
"5020554",378676,2026-04-26 13:20:14,28.8286151885986,-17.7503662109375,"Unknown"
"5020554",378676,2026-04-26 13:21:16,28.8285846710205,-17.7504196166992,"Unknown"
"5020554",378676,2026-04-26 13:22:16,28.8285522460938,-17.7504138946533,"Unknown"
"5020554",378676,2026-04-26 13:23:16,28.8285446166992,-17.7504234313965,"Unknown"
"5020554",378676,2026-04-26 13:24:17,28.8285350799561,-17.7504844665527,"Unknown"
"5020554",378676,2026-04-26 13:25:17,28.8285331726074,-17.7504806518555,"Unknown"
"5020554",378676,2026-04-26 13:26:17,28.828556060791,-17.7505073547363,"Unknown"
"5020554",378676,2026-04-26 13:27:18,28.8285427093506,-17.7505111694336,"Unknown"
"5020554",378676,2026-04-26 13:28:18,28.828540802002,-17.7505340576172,"Unknown"
"5020554",378676,2026-04-26 13:29:16,28.8285751342773,-17.7505321502686,"Unknown"
"5020554",378676,2026-04-26 13:30:17,28.8285484313965,-17.7505893707275,"Unknown"
"5020554",378676,2026-04-26 13:31:18,28.8285350799561,-17.7506351470947,"Unknown"
"5020554",378676,2026-04-26 13:32:19,28.8285980224609,-17.7506217956543,"Unknown"
"5020554",378676,2026-04-26 13:33:17,28.8285751342773,-17.7506523132324,"Unknown"
"5020554",378676,2026-04-26 13:34:33,28.8285980224609,-17.7506713867188,"Unknown"
"5020554",378676,2026-04-26 13:35:16,28.8285808563232,-17.7506294250488,"Unknown"
"5020554",378676,2026-04-26 13:36:14,28.8285942077637,-17.7506713867188,"Unknown"
"5020554",378676,2026-04-26 13:37:13,28.8285655975342,-17.7507057189941,"Unknown"
"5020554",378676,2026-04-26 13:38:16,28.8285312652588,-17.7507648468018,"Unknown"
"5020554",378676,2026-04-26 13:39:17,28.8285331726074,-17.7508525848389,"Unknown"
"5020554",378676,2026-04-26 13:40:17,28.8285331726074,-17.7509231567383,"Unknown"
"5020554",378676,2026-04-26 13:41:15,28.8285484313965,-17.7509860992432,"Unknown"
"5020554",378676,2026-04-26 13:42:15,28.8285980224609,-17.7510643005371,"Unknown"
"5020554",378676,2026-04-26 13:43:17,28.8286018371582,-17.7511310577393,"Unknown"
"5020554",378676,2026-04-26 13:44:17,28.8286170959473,-17.7512073516846,"Unknown"
"5020554",378676,2026-04-26 13:45:14,28.8286380767822,-17.7512645721436,"Unknown"
"5020554",378676,2026-04-26 13:46:15,28.830078125,-17.7519683837891,"Unknown"
"5020554",378676,2026-04-26 13:47:17,28.8345699310303,-17.7521553039551,"Unknown"
"5020554",378676,2026-04-26 13:48:15,28.8378925323486,-17.7513561248779,"Unknown"
"5020554",378676,2026-04-26 13:49:17,28.8405132293701,-17.7528018951416,"Unknown"
"5020554",378676,2026-04-26 13:50:15,28.8397388458252,-17.7511920928955,"Unknown"
"5020554",378676,2026-04-26 13:51:17,28.8373775482178,-17.7512741088867,"Unknown"
"5020554",378676,2026-04-26 13:52:17,28.8385066986084,-17.7518768310547,"Unknown"
"5020554",378676,2026-04-26 13:53:16,28.8385620117188,-17.7522029876709,"Unknown"
"5020554",378676,2026-04-26 13:54:18,28.8381099700928,-17.7526454925537,"Unknown"
"5020554",378676,2026-04-26 13:55:18,28.8381519317627,-17.7527141571045,"Unknown"
"5020554",378676,2026-04-26 13:56:18,28.8382148742676,-17.7528419494629,"Unknown"
"5020554",378676,2026-04-26 13:57:16,28.838228225708,-17.7529258728027,"Unknown"
"5020554",378676,2026-04-26 13:58:18,28.8383045196533,-17.7530117034912,"Unknown"
"5020554",378676,2026-04-26 13:59:19,28.8385429382324,-17.7532424926758,"Unknown"
"5020554",378676,2026-04-26 14:00:16,28.8389911651611,-17.7530784606934,"Unknown"
"5020554",378676,2026-04-26 14:01:18,28.8375568389893,-17.7540454864502,"Unknown"
"5020554",378676,2026-04-26 14:02:17,28.8385028839111,-17.7533760070801,"Unknown"
"5020554",378676,2026-04-26 14:03:17,28.8388404846191,-17.7536125183105,"Unknown"
"5020554",378676,2026-04-26 14:05:40,28.8332138061523,-17.7494621276855,"Unknown"
"5020554",378676,2026-04-26 14:07:10,28.8261127471924,-17.7480010986328,"Unknown"
"5020554",378676,2026-04-26 14:08:40,28.8260440826416,-17.752290725708,"Unknown"
"5020554",378676,2026-04-26 14:08:45,28.8260440826416,-17.7523002624512,"Unknown"
"5020554",378676,2026-04-26 14:10:34,28.8257141113281,-17.7548484802246,"Unknown"
"5020554",378676,2026-04-26 14:10:44,28.8257160186768,-17.754846572876,"Unknown"
"5020554",378676,2026-04-26 14:11:44,28.825813293457,-17.7549324035645,"Unknown"
"5020554",378676,2026-04-26 14:12:44,28.8259029388428,-17.7550048828125,"Unknown"
"5020554",378676,2026-04-26 14:13:46,28.8259716033936,-17.7551116943359,"Unknown"
"5020554",378676,2026-04-26 14:14:46,28.8260250091553,-17.7551975250244,"Unknown"
"5020554",378676,2026-04-26 14:15:46,28.8260974884033,-17.7552719116211,"Unknown"
"5020554",378676,2026-04-26 14:16:45,28.8261642456055,-17.7553405761719,"Unknown"
"5020554",378676,2026-04-26 14:17:46,28.826286315918,-17.7554340362549,"Unknown"
"5020554",378676,2026-04-26 14:18:45,28.8263168334961,-17.7554950714111,"Unknown"
"5020554",378676,2026-04-26 14:19:45,28.8263664245605,-17.7555255889893,"Unknown"
"5020554",378676,2026-04-26 14:20:44,28.8264179229736,-17.7555637359619,"Unknown"
"5020554",378676,2026-04-26 14:21:45,28.8264923095703,-17.75559425354,"Unknown"
"5020554",378676,2026-04-26 14:22:45,28.826530456543,-17.7556324005127,"Unknown"
"5020554",378676,2026-04-26 14:23:44,28.8265914916992,-17.7556457519531,"Unknown"
"5020554",378676,2026-04-26 14:24:44,28.8266372680664,-17.755687713623,"Unknown"
"5020554",378676,2026-04-26 14:25:45,28.8266925811768,-17.755687713623,"Unknown"
"5020554",378676,2026-04-26 14:26:45,28.8267345428467,-17.755729675293,"Unknown"
"5020554",378676,2026-04-26 14:27:46,28.8267974853516,-17.7557678222656,"Unknown"
"5020554",378676,2026-04-26 14:28:44,28.8268547058105,-17.755802154541,"Unknown"
"5020554",378676,2026-04-26 14:29:44,28.8269577026367,-17.7557678222656,"Unknown"
"5020554",378676,2026-04-26 14:30:44,28.8269653320312,-17.7557983398438,"Unknown"
"5020554",378676,2026-04-26 14:31:45,28.8269901275635,-17.755838394165,"Unknown"
"5020554",378676,2026-04-26 14:32:45,28.8270092010498,-17.7559108734131,"Unknown"
"5020554",378676,2026-04-26 14:33:46,28.8270664215088,-17.7559413909912,"Unknown"
"5020554",378676,2026-04-26 14:34:44,28.8271312713623,-17.7559566497803,"Unknown"
"5020554",378676,2026-04-26 14:35:45,28.8271808624268,-17.7560024261475,"Unknown"
"5020554",378676,2026-04-26 14:36:44,28.8272533416748,-17.7560405731201,"Unknown"
"5020554",378676,2026-04-26 14:37:44,28.8272838592529,-17.75608253479,"Unknown"
"5020554",378676,2026-04-26 14:38:45,28.8273296356201,-17.7561340332031,"Unknown"
"5020554",378676,2026-04-26 14:39:44,28.827356338501,-17.7562217712402,"Unknown"
"5020554",378676,2026-04-26 14:40:46,28.8274040222168,-17.7562580108643,"Unknown"
"5020554",378676,2026-04-26 14:41:45,28.8274765014648,-17.7563190460205,"Unknown"
"5020554",378676,2026-04-26 14:42:45,28.8275527954102,-17.7563323974609,"Unknown"
"5020554",378676,2026-04-26 14:43:45,28.8276119232178,-17.7563648223877,"Unknown"
"5020554",378676,2026-04-26 14:44:44,28.82763671875,-17.7563934326172,"Unknown"
"5020554",378676,2026-04-26 14:45:44,28.827672958374,-17.7564525604248,"Unknown"
"5020554",378676,2026-04-26 14:46:45,28.8277282714844,-17.7564640045166,"Unknown"
"5020554",378676,2026-04-26 14:47:44,28.8277835845947,-17.7565250396729,"Unknown"
"5020554",378676,2026-04-26 14:48:46,28.8277969360352,-17.7565631866455,"Unknown"
"5020554",378676,2026-04-26 14:49:45,28.8278980255127,-17.7565479278564,"Unknown"
"5020554",378676,2026-04-26 14:50:44,28.8279457092285,-17.7565574645996,"Unknown"
"5020554",378676,2026-04-26 14:51:45,28.8279933929443,-17.7565765380859,"Unknown"
"5020554",378676,2026-04-26 14:52:51,28.8280429840088,-17.7566242218018,"Unknown"
"5020554",378676,2026-04-26 14:53:45,28.8280792236328,-17.7566356658936,"Unknown"
"5020554",378676,2026-04-26 14:54:45,28.8281383514404,-17.7566337585449,"Unknown"
"5020554",378676,2026-04-26 14:55:45,28.8281955718994,-17.7566413879395,"Unknown"
"5020554",378676,2026-04-26 14:56:45,28.8282585144043,-17.7566776275635,"Unknown"
"5020554",378676,2026-04-26 14:57:45,28.8283367156982,-17.7566757202148,"Unknown"
"5020554",378676,2026-04-26 14:58:45,28.8283805847168,-17.7566986083984,"Unknown"
"5020554",378676,2026-04-26 14:59:44,28.8284397125244,-17.7566795349121,"Unknown"
"5020554",378676,2026-04-26 15:00:44,28.8284759521484,-17.7567443847656,"Unknown"
"5020554",378676,2026-04-26 15:01:49,28.8285388946533,-17.7567443847656,"Unknown"
"5020554",378676,2026-04-26 15:02:44,28.8285751342773,-17.7567729949951,"Unknown"
"5020554",378676,2026-04-26 15:03:46,28.8286190032959,-17.7568035125732,"Unknown"
"5020554",378676,2026-04-26 15:04:45,28.8286590576172,-17.7568511962891,"Unknown"
"5020554",378676,2026-04-26 15:05:46,28.8287010192871,-17.7568550109863,"Unknown"
"5020554",378676,2026-04-26 15:06:45,28.8287315368652,-17.7568988800049,"Unknown"
"5020554",378676,2026-04-26 15:07:46,28.8287677764893,-17.7569332122803,"Unknown"
"5020554",378676,2026-04-26 15:08:46,28.8288249969482,-17.756986618042,"Unknown"
"5020554",378676,2026-04-26 15:09:44,28.82887840271,-17.7569732666016,"Unknown"
"5020554",378676,2026-04-26 15:10:46,28.8289031982422,-17.7570533752441,"Unknown"
"5020554",378676,2026-04-26 15:11:46,28.8289489746094,-17.7571048736572,"Unknown"
"5020554",378676,2026-04-26 15:12:47,28.8289737701416,-17.757116317749,"Unknown"
"5020554",378676,2026-04-26 15:14:03,28.8290576934814,-17.7571659088135,"Unknown"
"5020554",378676,2026-04-26 15:14:44,28.8290710449219,-17.7571678161621,"Unknown"
"5020554",378676,2026-04-26 15:15:44,28.8290901184082,-17.757194519043,"Unknown"
"5020554",378676,2026-04-26 15:16:44,28.8291339874268,-17.7572231292725,"Unknown"
"5020554",378676,2026-04-26 15:17:44,28.8291206359863,-17.757230758667,"Unknown"
"5020554",378676,2026-04-26 15:18:44,28.8292350769043,-17.7572002410889,"Unknown"
"5020554",378676,2026-04-26 15:19:44,28.8292808532715,-17.757152557373,"Unknown"
"5020554",378676,2026-04-26 15:20:44,28.8292808532715,-17.7571334838867,"Unknown"
"5020554",378676,2026-04-26 15:21:44,28.8293113708496,-17.757173538208,"Unknown"
"5020554",378676,2026-04-26 15:22:44,28.8293056488037,-17.7571468353271,"Unknown"
"5020554",378676,2026-04-26 15:23:44,28.8293209075928,-17.7571868896484,"Unknown"
"5020554",378676,2026-04-26 15:24:44,28.8292827606201,-17.7572708129883,"Unknown"
"5020554",378676,2026-04-26 15:25:44,28.8293266296387,-17.7572917938232,"Unknown"
"5020554",378676,2026-04-26 15:26:44,28.8293685913086,-17.7573661804199,"Unknown"
"5020554",378676,2026-04-26 15:27:44,28.8293590545654,-17.7573947906494,"Unknown"
"5020554",378676,2026-04-26 15:28:44,28.8293495178223,-17.7574005126953,"Unknown"
"5020554",378676,2026-04-26 15:29:44,28.8293685913086,-17.757438659668,"Unknown"
"5020554",378676,2026-04-26 15:30:45,28.8293609619141,-17.7574691772461,"Unknown"
"5020554",378676,2026-04-26 15:31:45,28.8293476104736,-17.7574920654297,"Unknown"
"5020554",378676,2026-04-26 15:32:45,28.8293228149414,-17.7574920654297,"Unknown"
"5020554",378676,2026-04-26 15:33:45,28.8293285369873,-17.7575092315674,"Unknown"
"5020554",378676,2026-04-26 15:34:45,28.8292942047119,-17.7575168609619,"Unknown"
"5020554",378676,2026-04-26 15:35:45,28.8292789459229,-17.7575035095215,"Unknown"
"5020554",378676,2026-04-26 15:36:44,28.8292617797852,-17.7575397491455,"Unknown"
"5020554",378676,2026-04-26 15:37:45,28.8292694091797,-17.757532119751,"Unknown"
"5020554",378676,2026-04-26 15:38:45,28.8292541503906,-17.7575664520264,"Unknown"
"5020554",378676,2026-04-26 15:39:45,28.8292770385742,-17.7575511932373,"Unknown"
"5020554",378676,2026-04-26 15:40:45,28.8292503356934,-17.7575836181641,"Unknown"
"5020554",378676,2026-04-26 15:41:45,28.8292217254639,-17.7576026916504,"Unknown"
"5020554",378676,2026-04-26 15:42:44,28.8292064666748,-17.7576580047607,"Unknown"
"5020554",378676,2026-04-26 15:43:44,28.8292331695557,-17.7577438354492,"Unknown"
"5020554",378676,2026-04-26 15:44:44,28.8292446136475,-17.757833480835,"Unknown"
"5020554",378676,2026-04-26 15:45:44,28.8292446136475,-17.7578601837158,"Unknown"
"5020554",378676,2026-04-26 15:46:45,28.8292922973633,-17.7579021453857,"Unknown"
"5020554",378676,2026-04-26 15:47:45,28.8295764923096,-17.7576961517334,"Unknown"
"5020554",378676,2026-04-26 15:48:45,28.8330345153809,-17.7528553009033,"Unknown"
"5020554",378676,2026-04-26 15:49:45,28.8362808227539,-17.7493629455566,"Unknown"
"5020554",378676,2026-04-26 15:50:44,28.8362503051758,-17.7484397888184,"Unknown"
"5020554",378676,2026-04-26 15:51:44,28.8362884521484,-17.7484798431396,"Unknown"
"5020554",378676,2026-04-26 15:52:45,28.8363361358643,-17.7485294342041,"Unknown"
"5020554",378676,2026-04-26 15:53:45,28.836353302002,-17.7485771179199,"Unknown"
"5020554",378676,2026-04-26 15:54:45,28.8363246917725,-17.7486457824707,"Unknown"
"5020554",378676,2026-04-26 15:55:45,28.8345985412598,-17.7466983795166,"Unknown"
"5020554",378676,2026-04-26 15:56:46,28.8346672058105,-17.7464580535889,"Unknown"
"5020554",378676,2026-04-26 15:57:45,28.8346519470215,-17.7465267181396,"Unknown"
"5020554",378676,2026-04-26 15:58:46,28.8347225189209,-17.7466220855713,"Unknown"
"5020554",378676,2026-04-26 15:59:46,28.8367671966553,-17.7429256439209,"Unknown"
"5020554",378676,2026-04-26 16:00:47,28.8378047943115,-17.741081237793,"Unknown"
"5020554",378676,2026-04-26 16:01:47,28.8399105072021,-17.7410755157471,"Unknown"
"5020554",378676,2026-04-26 16:02:46,28.8396148681641,-17.7403984069824,"Unknown"
"5020554",378676,2026-04-26 16:03:46,28.8383522033691,-17.7376804351807,"Unknown"
"5020554",378676,2026-04-26 16:04:47,28.837474822998,-17.7365493774414,"Unknown"
"5020554",378676,2026-04-26 16:05:46,28.8374633789062,-17.7367553710938,"Unknown"
"5020554",378676,2026-04-26 16:06:47,28.8374843597412,-17.7369594573975,"Unknown"
"5020554",378676,2026-04-26 16:07:47,28.837381362915,-17.7371768951416,"Unknown"
"5020554",378676,2026-04-26 16:08:47,28.8373050689697,-17.7372550964355,"Unknown"
"5020554",378676,2026-04-26 16:09:46,28.8373126983643,-17.7374038696289,"Unknown"
"5020554",378676,2026-04-26 16:10:46,28.8373184204102,-17.7376556396484,"Unknown"
"5020554",378676,2026-04-26 16:12:02,28.8373947143555,-17.7387409210205,"Unknown"
"5020554",378676,2026-04-26 16:12:47,28.8376407623291,-17.7388229370117,"Unknown"
"5020554",378676,2026-04-26 16:13:46,28.8376426696777,-17.7389907836914,"Unknown"
"5020554",378676,2026-04-26 16:14:46,28.8376274108887,-17.7391872406006,"Unknown"
"5020554",378676,2026-04-26 16:15:47,28.8375949859619,-17.7393703460693,"Unknown"
"5020554",378676,2026-04-26 16:16:47,28.8375835418701,-17.739574432373,"Unknown"
"5020554",378676,2026-04-26 16:17:47,28.8374977111816,-17.7397575378418,"Unknown"
"5020554",378676,2026-04-26 16:18:47,28.8374462127686,-17.7399311065674,"Unknown"
"5020554",378676,2026-04-26 16:19:47,28.837366104126,-17.7401084899902,"Unknown"
"5020554",378676,2026-04-26 16:20:47,28.8372917175293,-17.7402801513672,"Unknown"
"5020554",378676,2026-04-26 16:21:47,28.837251663208,-17.7404556274414,"Unknown"
"5020554",378676,2026-04-26 16:22:47,28.8372192382812,-17.7406253814697,"Unknown"
"5020554",378676,2026-04-26 16:23:47,28.8371620178223,-17.7407836914062,"Unknown"
"5020554",378676,2026-04-26 16:24:47,28.8371276855469,-17.7409687042236,"Unknown"
"5020554",378676,2026-04-26 16:25:47,28.8370838165283,-17.7411479949951,"Unknown"
"5020554",378676,2026-04-26 16:26:47,28.8361949920654,-17.7365608215332,"Unknown"
"5020554",378676,2026-04-26 16:27:48,28.8329124450684,-17.7298316955566,"Unknown"
"5020554",378676,2026-04-26 16:28:47,28.8306941986084,-17.7270011901855,"Unknown"
"5020554",378676,2026-04-26 16:29:48,28.8307075500488,-17.7269668579102,"Unknown"
"5020554",378676,2026-04-26 16:30:48,28.8284587860107,-17.7235088348389,"Unknown"
"5020554",378676,2026-04-26 16:31:47,28.8286762237549,-17.7228221893311,"Unknown"
"5020554",378676,2026-04-26 16:32:47,28.8287715911865,-17.7227973937988,"Unknown"
"5020554",378676,2026-04-26 16:33:47,28.8280601501465,-17.7199115753174,"Unknown"
"5020554",378676,2026-04-26 16:34:47,28.8273391723633,-17.7199993133545,"Unknown"
"5020554",378676,2026-04-26 16:35:47,28.8263397216797,-17.7201671600342,"Unknown"
"5020554",378676,2026-04-26 16:36:47,28.8255939483643,-17.7187805175781,"Unknown"
"5020554",378676,2026-04-26 16:37:47,28.8257122039795,-17.7188148498535,"Unknown"
"5020554",378676,2026-04-26 16:38:48,28.8221664428711,-17.7157020568848,"Unknown"
"5020554",378676,2026-04-26 16:39:47,28.8223342895508,-17.7157554626465,"Unknown"
"5020554",378676,2026-04-26 16:49:49,28.8097496032715,-17.7005004882812,"Unknown"
"5020554",378676,2026-04-26 16:59:48,28.7963542938232,-17.6784839630127,"Unknown"
"5020554",378676,2026-04-26 17:09:49,28.7946529388428,-17.695104598999,"Unknown"
"5020554",378676,2026-04-26 17:19:50,28.8114032745361,-17.723388671875,"Unknown"
"5020554",378676,2026-04-26 17:29:51,28.8147315979004,-17.7302303314209,"Unknown"
"5020554",378676,2026-04-26 17:31:11,28.8085193634033,-17.7326374053955,"Unknown"
"5020554",378676,2026-04-26 17:31:48,28.8068065643311,-17.7287921905518,"Unknown"
"5020554",378676,2026-04-26 17:32:52,28.806224822998,-17.7277221679688,"Unknown"
"5020554",378676,2026-04-26 17:33:58,28.8062133789062,-17.7278232574463,"Unknown"
"5020554",378676,2026-04-26 17:35:17,28.8062305450439,-17.728006362915,"Unknown"
"5020554",378676,2026-04-26 17:35:47,28.8062534332275,-17.7280921936035,"Unknown"
"5020554",378676,2026-04-26 17:36:48,28.8074855804443,-17.731164932251,"Unknown"
"5020554",378676,2026-04-26 17:37:48,28.8105735778809,-17.7360229492188,"Unknown"
"5020554",378676,2026-04-26 17:38:50,28.813346862793,-17.7366542816162,"Unknown"
"5020554",378676,2026-04-26 17:43:22,28.8116455078125,-17.7354125976562,"Unknown"
"5020554",378676,2026-04-26 17:43:23,28.8116474151611,-17.7354183197021,"Unknown"
"5020554",378676,2026-04-26 17:44:27,28.8117122650146,-17.7355613708496,"Unknown"
"5020554",378676,2026-04-26 17:45:27,28.8117656707764,-17.7356300354004,"Unknown"
"5020554",378676,2026-04-26 17:46:26,28.8118190765381,-17.7357006072998,"Unknown"
"5020554",378676,2026-04-26 17:47:27,28.8118705749512,-17.735818862915,"Unknown"
"5020554",378676,2026-04-26 17:48:27,28.8119010925293,-17.7359104156494,"Unknown"
"5020554",378676,2026-04-26 17:49:27,28.8119602203369,-17.7360210418701,"Unknown"
"5020554",378676,2026-04-26 17:50:27,28.81201171875,-17.7360858917236,"Unknown"
"5020554",378676,2026-04-26 17:51:27,28.812068939209,-17.7362041473389,"Unknown"
"5020554",378676,2026-04-26 17:52:27,28.8121280670166,-17.7363185882568,"Unknown"
"5020554",378676,2026-04-26 17:53:27,28.812162399292,-17.7363891601562,"Unknown"
"5020554",378676,2026-04-26 17:54:26,28.8122081756592,-17.736478805542,"Unknown"
"5020554",378676,2026-04-26 17:55:26,28.8122520446777,-17.7366409301758,"Unknown"
"5020554",378676,2026-04-26 17:56:27,28.8123073577881,-17.736780166626,"Unknown"
"5020554",378676,2026-04-26 17:57:26,28.8123416900635,-17.7369213104248,"Unknown"
"5020554",378676,2026-04-26 17:58:27,28.8123817443848,-17.7370109558105,"Unknown"
"5020554",378676,2026-04-26 17:59:27,28.8124027252197,-17.7370853424072,"Unknown"
"5020554",378676,2026-04-26 18:00:27,28.8124179840088,-17.7371559143066,"Unknown"
"5020554",378676,2026-04-26 18:01:27,28.8124256134033,-17.7372283935547,"Unknown"
"5020554",378676,2026-04-26 18:02:27,28.8124237060547,-17.7373123168945,"Unknown"
"5020554",378676,2026-04-26 18:03:27,28.8124446868896,-17.7373847961426,"Unknown"
"5020554",378676,2026-04-26 18:04:27,28.8124847412109,-17.7375049591064,"Unknown"
"5020554",378676,2026-04-26 18:05:27,28.8124961853027,-17.7376117706299,"Unknown"
"5020554",378676,2026-04-26 18:06:27,28.8125171661377,-17.7377433776855,"Unknown"
"5020554",378676,2026-04-26 18:07:26,28.812520980835,-17.7378158569336,"Unknown"
"5020554",378676,2026-04-26 18:08:27,28.8125400543213,-17.7379264831543,"Unknown"
"5020554",378676,2026-04-26 18:09:26,28.8125343322754,-17.7379570007324,"Unknown"
"5020554",378676,2026-04-26 18:10:26,28.8125343322754,-17.7380676269531,"Unknown"
"5020554",378676,2026-04-26 18:11:27,28.8125324249268,-17.7381286621094,"Unknown"
"5020554",378676,2026-04-26 18:12:27,28.8125305175781,-17.7381649017334,"Unknown"
"5020554",378676,2026-04-26 18:13:27,28.8125286102295,-17.7382488250732,"Unknown"
"5020554",378676,2026-04-26 18:14:27,28.8125514984131,-17.7383251190186,"Unknown"
"5020554",378676,2026-04-26 18:15:27,28.8125553131104,-17.738395690918,"Unknown"
"5020554",378676,2026-04-26 18:16:27,28.8125457763672,-17.7384338378906,"Unknown"
"5020554",378676,2026-04-26 18:17:27,28.8125896453857,-17.7385063171387,"Unknown"
"5020554",378676,2026-04-26 18:18:27,28.8126106262207,-17.73854637146,"Unknown"
"5020554",378676,2026-04-26 18:19:27,28.812650680542,-17.7386264801025,"Unknown"
"5020554",378676,2026-04-26 18:20:27,28.8126888275146,-17.7387619018555,"Unknown"
"5020554",378676,2026-04-26 18:21:27,28.8127403259277,-17.7389354705811,"Unknown"
"5020554",378676,2026-04-26 18:22:27,28.8127632141113,-17.739013671875,"Unknown"
"5020554",378676,2026-04-26 18:23:27,28.8127861022949,-17.7391891479492,"Unknown"
"5020554",378676,2026-04-26 18:24:27,28.8127937316895,-17.7393245697021,"Unknown"
"5020554",378676,2026-04-26 18:25:27,28.8128204345703,-17.7394847869873,"Unknown"
"5020554",378676,2026-04-26 18:26:27,28.8128261566162,-17.7395896911621,"Unknown"
"5020554",378676,2026-04-26 18:27:28,28.8128089904785,-17.7397136688232,"Unknown"
"5020554",378676,2026-04-26 18:28:27,28.8127937316895,-17.7398109436035,"Unknown"
"5020554",378676,2026-04-26 18:29:47,28.8128414154053,-17.7399959564209,"Unknown"
"5020554",378676,2026-04-26 18:30:26,28.8128471374512,-17.7400856018066,"Unknown"
"5020554",378676,2026-04-26 18:31:26,28.8128509521484,-17.7402095794678,"Unknown"
"5020554",378676,2026-04-26 18:32:26,28.812858581543,-17.7403526306152,"Unknown"
"5020554",378676,2026-04-26 18:33:26,28.8128662109375,-17.7405261993408,"Unknown"
"5020554",378676,2026-04-26 18:34:26,28.8128852844238,-17.7406940460205,"Unknown"
"5020554",378676,2026-04-26 18:35:26,28.8129196166992,-17.7407894134521,"Unknown"
"5020554",378676,2026-04-26 18:36:26,28.8129405975342,-17.740894317627,"Unknown"
"5020554",378676,2026-04-26 18:37:26,28.8129482269287,-17.7409763336182,"Unknown"
"5020554",378676,2026-04-26 18:38:26,28.8129730224609,-17.7410850524902,"Unknown"
"5020554",378676,2026-04-26 18:39:26,28.8129920959473,-17.7411651611328,"Unknown"
"5020554",378676,2026-04-26 18:40:26,28.8130226135254,-17.7412357330322,"Unknown"
"5020554",378676,2026-04-26 18:41:26,28.8130550384521,-17.7412853240967,"Unknown"
"5020554",378676,2026-04-26 18:42:26,28.8130741119385,-17.7413692474365,"Unknown"
"5020554",378676,2026-04-26 18:43:26,28.8130645751953,-17.7414741516113,"Unknown"
"5020554",378676,2026-04-26 18:44:26,28.813081741333,-17.7415733337402,"Unknown"
"5020554",378676,2026-04-26 18:45:26,28.8130779266357,-17.7416801452637,"Unknown"
"5020554",378676,2026-04-26 18:46:26,28.8130836486816,-17.741756439209,"Unknown"
"5020554",378676,2026-04-26 18:47:26,28.8130722045898,-17.7418727874756,"Unknown"
"5020554",378676,2026-04-26 18:48:26,28.8131008148193,-17.7419662475586,"Unknown"
"5020554",378676,2026-04-26 18:49:26,28.8130855560303,-17.7420406341553,"Unknown"
"5020554",378676,2026-04-26 18:50:26,28.8130950927734,-17.7420902252197,"Unknown"
"5020554",378676,2026-04-26 18:51:26,28.8130912780762,-17.742166519165,"Unknown"
"5020554",378676,2026-04-26 18:52:26,28.8130645751953,-17.7422676086426,"Unknown"
"5020554",378676,2026-04-26 18:53:26,28.8130893707275,-17.7423362731934,"Unknown"
"5020554",378676,2026-04-26 18:54:26,28.813060760498,-17.7424392700195,"Unknown"
"5020554",378676,2026-04-26 18:55:25,28.8130645751953,-17.7425308227539,"Unknown"
"5020554",378676,2026-04-26 18:56:26,28.8130531311035,-17.7426509857178,"Unknown"
"5020554",378676,2026-04-26 18:57:27,28.8130321502686,-17.7428035736084,"Unknown"
"5020554",378676,2026-04-26 18:58:28,28.813024520874,-17.7429218292236,"Unknown"
"5020554",378676,2026-04-26 18:59:26,28.8130073547363,-17.7430019378662,"Unknown"
"5020554",378676,2026-04-26 19:00:26,28.8129768371582,-17.7430820465088,"Unknown"
"5020554",378676,2026-04-26 19:01:26,28.8129444122314,-17.7431163787842,"Unknown"
"5020554",378676,2026-04-26 19:02:26,28.8129196166992,-17.7431735992432,"Unknown"
"5020554",378676,2026-04-26 19:03:26,28.8128910064697,-17.7433395385742,"Unknown"
"5020554",378676,2026-04-26 19:04:26,28.8128871917725,-17.7434024810791,"Unknown"
"5020554",378676,2026-04-26 19:05:26,28.812873840332,-17.7435207366943,"Unknown"
"5020554",378676,2026-04-26 19:06:26,28.8128528594971,-17.7436428070068,"Unknown"
"5020554",378676,2026-04-26 19:07:28,28.8128509521484,-17.7437686920166,"Unknown"
"5020554",378676,2026-04-26 19:08:26,28.8128471374512,-17.7438678741455,"Unknown"
"5020554",378676,2026-04-26 19:09:28,28.8128261566162,-17.7440528869629,"Unknown"
"5020554",378676,2026-04-26 19:10:26,28.8127956390381,-17.7441349029541,"Unknown"
"5020554",378676,2026-04-26 19:11:27,28.8127880096436,-17.7442817687988,"Unknown"
"5020554",378676,2026-04-26 19:12:27,28.8127574920654,-17.7444267272949,"Unknown"
"5020554",378676,2026-04-26 19:13:26,28.8127422332764,-17.7445259094238,"Unknown"
"5020554",378676,2026-04-26 19:14:27,28.8127212524414,-17.744607925415,"Unknown"
"5020554",378676,2026-04-26 19:15:26,28.8126964569092,-17.7446956634521,"Unknown"
"5020554",378676,2026-04-26 19:16:27,28.8126659393311,-17.744800567627,"Unknown"
"5020554",378676,2026-04-26 19:17:28,28.8126487731934,-17.7449340820312,"Unknown"
"5020554",378676,2026-04-26 19:18:27,28.8126220703125,-17.7449970245361,"Unknown"
"5020554",378676,2026-04-26 19:19:26,28.8126087188721,-17.7451133728027,"Unknown"
"5020554",378676,2026-04-26 19:20:28,28.8125610351562,-17.7451934814453,"Unknown"
"5020554",378676,2026-04-26 19:21:27,28.8125438690186,-17.7452583312988,"Unknown"
"5020554",378676,2026-04-26 19:22:26,28.8124980926514,-17.7453479766846,"Unknown"
"5020554",378676,2026-04-26 19:23:26,28.8124542236328,-17.7453594207764,"Unknown"
"5020554",378676,2026-04-26 19:24:26,28.8123950958252,-17.7454242706299,"Unknown"
"5020554",378676,2026-04-26 19:25:26,28.8123416900635,-17.7454795837402,"Unknown"
"5020554",378676,2026-04-26 19:26:26,28.8122997283936,-17.7455234527588,"Unknown"
"5020554",378676,2026-04-26 19:27:26,28.8122978210449,-17.7455291748047,"Unknown"
"5020554",378676,2026-04-26 19:28:26,28.8122234344482,-17.7455501556396,"Unknown"
"5020554",378676,2026-04-26 19:29:27,28.8121776580811,-17.7455902099609,"Unknown"
"5020554",378676,2026-04-26 19:30:26,28.8121471405029,-17.7455997467041,"Unknown"
"5020554",378676,2026-04-26 19:31:26,28.8121128082275,-17.7456188201904,"Unknown"
"5020554",378676,2026-04-26 19:32:26,28.8120574951172,-17.7456512451172,"Unknown"
"5020554",378676,2026-04-26 19:33:26,28.811990737915,-17.7456703186035,"Unknown"
"5020554",378676,2026-04-26 19:34:27,28.8119430541992,-17.7456836700439,"Unknown"
"5020554",378676,2026-04-26 19:35:26,28.8119125366211,-17.7457180023193,"Unknown"
"5020554",378676,2026-04-26 19:36:28,28.8118515014648,-17.745792388916,"Unknown"
"5020554",378676,2026-04-26 19:37:26,28.8118019104004,-17.7458591461182,"Unknown"
"5020554",378676,2026-04-26 19:38:28,28.8117446899414,-17.7459487915039,"Unknown"
"5020554",378676,2026-04-26 19:39:28,28.8117008209229,-17.7459526062012,"Unknown"
"5020554",378676,2026-04-26 19:40:28,28.8116436004639,-17.7459754943848,"Unknown"
"5020554",378676,2026-04-26 19:41:26,28.8115825653076,-17.7460117340088,"Unknown"
"5020554",378676,2026-04-26 19:42:27,28.8115139007568,-17.7460746765137,"Unknown"
"5020554",378676,2026-04-26 19:43:26,28.8114261627197,-17.7461261749268,"Unknown"
"5020554",378676,2026-04-26 19:44:26,28.8113269805908,-17.7461490631104,"Unknown"
"5020554",378676,2026-04-26 19:45:28,28.811279296875,-17.746208190918,"Unknown"
"5020554",378676,2026-04-26 19:46:26,28.8112201690674,-17.746374130249,"Unknown"
"5020554",378676,2026-04-26 19:47:26,28.8111896514893,-17.7463855743408,"Unknown"
"5020554",378676,2026-04-26 19:48:27,28.8112773895264,-17.7467269897461,"Unknown"
"5020554",378676,2026-04-26 19:49:26,28.8102264404297,-17.7525005340576,"Unknown"
"5020554",378676,2026-04-26 19:50:26,28.8096237182617,-17.7512817382812,"Unknown"
"5020554",378676,2026-04-26 19:51:27,28.8035125732422,-17.7486629486084,"Unknown"
"5020554",378676,2026-04-26 19:52:27,28.8014068603516,-17.7493267059326,"Unknown"
"5020554",378676,2026-04-26 19:53:26,28.7992172241211,-17.7487525939941,"Unknown"
"5020554",378676,2026-04-26 19:54:26,28.7991161346436,-17.748815536499,"Unknown"
"5020554",378676,2026-04-26 19:55:27,28.7990474700928,-17.7487983703613,"Unknown"
"5020554",378676,2026-04-26 19:56:28,28.798942565918,-17.7488136291504,"Unknown"
"5020554",378676,2026-04-26 19:57:27,28.7988033294678,-17.7488288879395,"Unknown"
"5020554",378676,2026-04-26 19:58:26,28.7987174987793,-17.7487831115723,"Unknown"
"5020554",378676,2026-04-26 20:00:01,28.7985420227051,-17.7487030029297,"Unknown"
"5020554",378676,2026-04-26 20:00:26,28.7984981536865,-17.7486667633057,"Unknown"
"5020554",378676,2026-04-26 20:01:26,28.7983798980713,-17.7485809326172,"Unknown"
"5020554",378676,2026-04-26 20:02:26,28.7982807159424,-17.7485198974609,"Unknown"
"5020554",378676,2026-04-26 20:03:26,28.7981662750244,-17.7484149932861,"Unknown"
"5020554",378676,2026-04-26 20:04:26,28.7980861663818,-17.7483386993408,"Unknown"
"5020554",378676,2026-04-26 20:05:26,28.7979717254639,-17.7483329772949,"Unknown"
"5020554",378676,2026-04-26 20:06:26,28.7978954315186,-17.7482814788818,"Unknown"
"5020554",378676,2026-04-26 20:07:26,28.7978076934814,-17.7482357025146,"Unknown"
"5020554",378676,2026-04-26 20:08:26,28.7976818084717,-17.7482128143311,"Unknown"
"5020554",378676,2026-04-26 20:09:26,28.7975902557373,-17.7481365203857,"Unknown"
"5020554",378676,2026-04-26 20:10:26,28.7974796295166,-17.7480945587158,"Unknown"
"5020554",378676,2026-04-26 20:11:26,28.7973918914795,-17.7480201721191,"Unknown"
"5020554",378676,2026-04-26 20:12:27,28.7972812652588,-17.7479476928711,"Unknown"
"5020554",378676,2026-04-26 20:13:26,28.7972068786621,-17.7479095458984,"Unknown"
"5020554",378676,2026-04-26 20:14:26,28.7970924377441,-17.747875213623,"Unknown"
"5020554",378676,2026-04-26 20:15:26,28.7969989776611,-17.7478542327881,"Unknown"
"5020554",378676,2026-04-26 20:16:27,28.796911239624,-17.7477970123291,"Unknown"
"5020554",378676,2026-04-26 20:17:26,28.7968330383301,-17.7478122711182,"Unknown"
"5020554",378676,2026-04-26 20:18:26,28.7967414855957,-17.7477493286133,"Unknown"
"5020554",378676,2026-04-26 20:19:27,28.7966442108154,-17.7476844787598,"Unknown"
"5020554",378676,2026-04-26 20:20:26,28.796558380127,-17.7476234436035,"Unknown"
"5020554",378676,2026-04-26 20:21:27,28.7964668273926,-17.7475509643555,"Unknown"
"5020554",378676,2026-04-26 20:22:26,28.796350479126,-17.747486114502,"Unknown"
"5020554",378676,2026-04-26 20:23:26,28.7962512969971,-17.747407913208,"Unknown"
"5020554",378676,2026-04-26 20:24:26,28.7961540222168,-17.7473831176758,"Unknown"
"5020554",378676,2026-04-26 20:25:27,28.7960624694824,-17.7473449707031,"Unknown"
"5020554",378676,2026-04-26 20:26:26,28.7959690093994,-17.7473278045654,"Unknown"
"5020554",378676,2026-04-26 20:27:26,28.795862197876,-17.747278213501,"Unknown"
"5020554",378676,2026-04-26 20:28:26,28.7957763671875,-17.74729347229,"Unknown"
"5020554",378676,2026-04-26 20:29:27,28.79567527771,-17.7472763061523,"Unknown"
"5020554",378676,2026-04-26 20:30:26,28.7955760955811,-17.7472553253174,"Unknown"
"5020554",378676,2026-04-26 20:31:26,28.795503616333,-17.7472534179688,"Unknown"
"5020554",378676,2026-04-26 20:32:26,28.7954044342041,-17.7472362518311,"Unknown"
"5020554",378676,2026-04-26 20:33:26,28.795280456543,-17.7473125457764,"Unknown"
"5020554",378676,2026-04-26 20:34:26,28.7952480316162,-17.7472438812256,"Unknown"
"5020554",378676,2026-04-26 20:35:26,28.7951774597168,-17.7472095489502,"Unknown"
"5020554",378676,2026-04-26 20:36:25,28.795072555542,-17.7472267150879,"Unknown"
"5020554",378676,2026-04-26 20:37:25,28.7949562072754,-17.7472190856934,"Unknown"
"5020554",378676,2026-04-26 20:38:26,28.7948303222656,-17.7472476959229,"Unknown"
"5020554",378676,2026-04-26 20:39:26,28.7947025299072,-17.7472915649414,"Unknown"
"5020554",378676,2026-04-26 20:40:25,28.7946014404297,-17.7472839355469,"Unknown"
"5020554",378676,2026-04-26 20:41:26,28.7945079803467,-17.747278213501,"Unknown"
"5020554",378676,2026-04-26 20:42:26,28.7944087982178,-17.7472972869873,"Unknown"
"5020554",378676,2026-04-26 20:43:26,28.794282913208,-17.7473411560059,"Unknown"
"5020554",378676,2026-04-26 20:44:26,28.7941970825195,-17.7473602294922,"Unknown"
"5020554",378676,2026-04-26 20:45:26,28.7940979003906,-17.7473678588867,"Unknown"
"5020554",378676,2026-04-26 20:46:26,28.7939758300781,-17.7474021911621,"Unknown"
"5020554",378676,2026-04-26 20:47:26,28.7938823699951,-17.7473678588867,"Unknown"
"5020554",378676,2026-04-26 20:48:26,28.7938003540039,-17.7473773956299,"Unknown"
"5020554",378676,2026-04-26 20:49:26,28.7937049865723,-17.7473583221436,"Unknown"
"5020554",378676,2026-04-26 20:50:26,28.7935962677002,-17.7473735809326,"Unknown"
"5020554",378676,2026-04-26 20:51:26,28.7934951782227,-17.7474308013916,"Unknown"
"5020554",378676,2026-04-26 20:52:26,28.7933921813965,-17.7474803924561,"Unknown"
"5020554",378676,2026-04-26 20:53:26,28.7933120727539,-17.7475090026855,"Unknown"
"5020554",378676,2026-04-26 20:54:26,28.7932281494141,-17.7474746704102,"Unknown"
"5020554",378676,2026-04-26 20:55:26,28.7931270599365,-17.7474708557129,"Unknown"
"5020554",378676,2026-04-26 20:56:26,28.7930202484131,-17.7474784851074,"Unknown"
"5020554",378676,2026-04-26 20:57:25,28.7929096221924,-17.7474784851074,"Unknown"
"5020554",378676,2026-04-26 20:58:26,28.792818069458,-17.7475109100342,"Unknown"
"5020554",378676,2026-04-26 20:59:26,28.7927227020264,-17.7475147247314,"Unknown"
"5020554",378676,2026-04-26 21:00:26,28.792610168457,-17.7475528717041,"Unknown"
"5020554",378676,2026-04-26 21:01:26,28.7925224304199,-17.7475681304932,"Unknown"
"5020554",378676,2026-04-26 21:02:26,28.7924137115479,-17.7476081848145,"Unknown"
"5020554",378676,2026-04-26 21:03:26,28.7923049926758,-17.7476196289062,"Unknown"
"5020554",378676,2026-04-26 21:04:26,28.7921962738037,-17.7476673126221,"Unknown"
"5020554",378676,2026-04-26 21:05:26,28.7921161651611,-17.7476539611816,"Unknown"
"5020554",378676,2026-04-26 21:06:26,28.7919998168945,-17.7476444244385,"Unknown"
"5020554",378676,2026-04-26 21:07:26,28.7919292449951,-17.7476634979248,"Unknown"
"5020554",378676,2026-04-26 21:08:25,28.791820526123,-17.7476558685303,"Unknown"
"5020554",378676,2026-04-26 21:09:26,28.7917327880859,-17.7476615905762,"Unknown"
"5020554",378676,2026-04-26 21:10:26,28.7916584014893,-17.7476863861084,"Unknown"
"5020554",378676,2026-04-26 21:11:26,28.7915878295898,-17.7477245330811,"Unknown"
"5020554",378676,2026-04-26 21:12:26,28.7915287017822,-17.7477855682373,"Unknown"
"5020554",378676,2026-04-26 21:13:26,28.7914524078369,-17.7478256225586,"Unknown"
"5020554",378676,2026-04-26 21:14:26,28.7913589477539,-17.7478103637695,"Unknown"
"5020554",378676,2026-04-26 21:15:26,28.7913055419922,-17.7478542327881,"Unknown"
"5020554",378676,2026-04-26 21:16:26,28.7911815643311,-17.7478256225586,"Unknown"
"5020554",378676,2026-04-26 21:17:26,28.7911491394043,-17.7478313446045,"Unknown"
"5020554",378676,2026-04-26 21:18:26,28.7911148071289,-17.7478103637695,"Unknown"
"5020554",378676,2026-04-26 21:19:26,28.7910614013672,-17.7477970123291,"Unknown"
"5020554",378676,2026-04-26 21:20:26,28.7910003662109,-17.74782371521,"Unknown"
"5020554",378676,2026-04-26 21:21:26,28.7909412384033,-17.7477874755859,"Unknown"
"5020554",378676,2026-04-26 21:22:26,28.7908744812012,-17.747745513916,"Unknown"
"5020554",378676,2026-04-26 21:23:26,28.7908420562744,-17.7476787567139,"Unknown"
"5020554",378676,2026-04-26 21:24:26,28.7907657623291,-17.747652053833,"Unknown"
"5020554",378676,2026-04-26 21:25:26,28.7907085418701,-17.7476253509521,"Unknown"
"5020554",378676,2026-04-26 21:26:26,28.7906475067139,-17.7475452423096,"Unknown"
"5020554",378676,2026-04-26 21:27:26,28.7905864715576,-17.7474365234375,"Unknown"
"5020554",378676,2026-04-26 21:28:26,28.7905311584473,-17.7473831176758,"Unknown"
"5020554",378676,2026-04-26 21:29:26,28.7904491424561,-17.7472972869873,"Unknown"
"5020554",378676,2026-04-26 21:30:26,28.7903861999512,-17.7472457885742,"Unknown"
"5020554",378676,2026-04-26 21:31:26,28.790319442749,-17.7471771240234,"Unknown"
"5020554",378676,2026-04-26 21:32:26,28.7902145385742,-17.7470779418945,"Unknown"
"5020554",378676,2026-04-26 21:33:26,28.7901649475098,-17.7469940185547,"Unknown"
"5020554",378676,2026-04-26 21:34:26,28.7900867462158,-17.7469692230225,"Unknown"
"5020554",378676,2026-04-26 21:35:26,28.7900161743164,-17.7468433380127,"Unknown"
"5020554",378676,2026-04-26 21:36:26,28.7899417877197,-17.7467594146729,"Unknown"
"5020554",378676,2026-04-26 21:37:27,28.7898712158203,-17.7467193603516,"Unknown"
"5020554",378676,2026-04-26 21:38:28,28.7897911071777,-17.7466163635254,"Unknown"
"5020554",378676,2026-04-26 21:39:28,28.7897415161133,-17.7465877532959,"Unknown"
"5020554",378676,2026-04-26 21:40:26,28.7896747589111,-17.7464733123779,"Unknown"
"5020554",378676,2026-04-26 21:41:27,28.7895927429199,-17.7463283538818,"Unknown"
"5020554",378676,2026-04-26 21:42:28,28.7895259857178,-17.7462902069092,"Unknown"
"5020554",378676,2026-04-26 21:43:29,28.789457321167,-17.7462043762207,"Unknown"
"5020554",378676,2026-04-26 21:44:28,28.7893619537354,-17.74609375,"Unknown"
"5020554",378676,2026-04-26 21:45:27,28.7892894744873,-17.746021270752,"Unknown"
"5020554",378676,2026-04-26 21:46:27,28.7892055511475,-17.7459697723389,"Unknown"
"5020554",378676,2026-04-26 21:47:26,28.7891159057617,-17.7458610534668,"Unknown"
"5020554",378676,2026-04-26 21:48:27,28.7890243530273,-17.7458477020264,"Unknown"
"5020554",378676,2026-04-26 21:49:28,28.7889060974121,-17.7457275390625,"Unknown"
"5020554",378676,2026-04-26 21:50:27,28.7888240814209,-17.7456798553467,"Unknown"
"5020554",378676,2026-04-26 21:51:29,28.7887210845947,-17.7456092834473,"Unknown"
"5020554",378676,2026-04-26 21:52:26,28.7886142730713,-17.7455883026123,"Unknown"
"5020554",378676,2026-04-26 21:53:27,28.7885055541992,-17.7455425262451,"Unknown"
"5020554",378676,2026-04-26 21:54:28,28.788366317749,-17.745433807373,"Unknown"
"5020554",378676,2026-04-26 21:55:42,28.7882251739502,-17.7453842163086,"Unknown"
"5020554",378676,2026-04-26 21:56:30,28.7881298065186,-17.7453193664551,"Unknown"
"5020554",378676,2026-04-26 21:57:28,28.7880592346191,-17.7453308105469,"Unknown"
"5020554",378676,2026-04-26 21:58:28,28.7879581451416,-17.7452335357666,"Unknown"
"5020554",378676,2026-04-26 21:59:45,28.7878475189209,-17.7452049255371,"Unknown"
"5020554",378676,2026-04-26 22:00:26,28.7877902984619,-17.7451553344727,"Unknown"
"5020554",378676,2026-04-26 22:01:28,28.7877082824707,-17.745361328125,"Unknown"
"5020554",378676,2026-04-26 22:02:27,28.7881164550781,-17.7485256195068,"Unknown"
"5020554",378676,2026-04-26 22:03:29,28.7899284362793,-17.7489700317383,"Unknown"
"5020554",378676,2026-04-26 22:04:27,28.7898960113525,-17.748966217041,"Unknown"
"5020554",378676,2026-04-26 22:05:28,28.7898139953613,-17.7489719390869,"Unknown"
"5020554",378676,2026-04-26 22:06:26,28.7897567749023,-17.7489185333252,"Unknown"
"5020554",378676,2026-04-26 22:07:28,28.7896995544434,-17.748987197876,"Unknown"
"5020554",378676,2026-04-26 22:08:29,28.7896404266357,-17.7489776611328,"Unknown"
"5020554",378676,2026-04-26 22:09:28,28.7895774841309,-17.7489528656006,"Unknown"
"5020554",378676,2026-04-26 22:10:29,28.7895107269287,-17.7489700317383,"Unknown"
"5020554",378676,2026-04-26 22:11:27,28.7894687652588,-17.7489395141602,"Unknown"
"5020554",378676,2026-04-26 22:12:30,28.789400100708,-17.7489337921143,"Unknown"
"5020554",378676,2026-04-26 22:13:32,28.7893409729004,-17.7489280700684,"Unknown"
"5020554",378676,2026-04-26 22:14:28,28.7892875671387,-17.7488574981689,"Unknown"
"5020554",378676,2026-04-26 22:15:29,28.7892284393311,-17.7488784790039,"Unknown"
"5020554",378676,2026-04-26 22:16:27,28.789176940918,-17.7488708496094,"Unknown"
"5020554",378676,2026-04-26 22:17:28,28.7891082763672,-17.7488269805908,"Unknown"
"5020554",378676,2026-04-26 22:18:28,28.7890472412109,-17.7488307952881,"Unknown"
"5020554",378676,2026-04-26 22:19:27,28.7890148162842,-17.7487411499023,"Unknown"
"5020554",378676,2026-04-26 22:20:26,28.7889270782471,-17.7487316131592,"Unknown"
"5020554",378676,2026-04-26 22:21:27,28.7888698577881,-17.7487030029297,"Unknown"
"5020554",378676,2026-04-26 22:22:27,28.7888050079346,-17.7486686706543,"Unknown"
"5020554",378676,2026-04-26 22:23:26,28.7887268066406,-17.7486228942871,"Unknown"
"5020554",378676,2026-04-26 22:24:26,28.7886562347412,-17.7485809326172,"Unknown"
"5020554",378676,2026-04-26 22:25:27,28.7885971069336,-17.7485580444336,"Unknown"
"5020554",378676,2026-04-26 22:26:27,28.7885360717773,-17.7484912872314,"Unknown"
"5020554",378676,2026-04-26 22:27:28,28.7884826660156,-17.7484245300293,"Unknown"
"5020554",378676,2026-04-26 22:28:29,28.788402557373,-17.7483425140381,"Unknown"
"5020554",378676,2026-04-26 22:29:29,28.7883281707764,-17.7482852935791,"Unknown"
"5020554",378676,2026-04-26 22:30:28,28.7882766723633,-17.7482204437256,"Unknown"
"5020554",378676,2026-04-26 22:31:26,28.7882194519043,-17.7481937408447,"Unknown"
"5020554",378676,2026-04-26 22:32:26,28.7881565093994,-17.7481536865234,"Unknown"
"5020554",378676,2026-04-26 22:33:27,28.7880935668945,-17.7480354309082,"Unknown"
"5020554",378676,2026-04-26 22:34:28,28.788013458252,-17.7479915618896,"Unknown"
"5020554",378676,2026-04-26 22:35:28,28.7879257202148,-17.7479667663574,"Unknown"
"5020554",378676,2026-04-26 22:36:28,28.787841796875,-17.7478523254395,"Unknown"
"5020554",378676,2026-04-26 22:37:26,28.7877864837646,-17.7477989196777,"Unknown"
"5020554",378676,2026-04-26 22:38:26,28.7877254486084,-17.7477188110352,"Unknown"
"5020554",378676,2026-04-26 22:39:26,28.7876720428467,-17.7476634979248,"Unknown"
"5020554",378676,2026-04-26 22:40:26,28.7876205444336,-17.7475872039795,"Unknown"
"5020554",378676,2026-04-26 22:41:27,28.7875556945801,-17.7475032806396,"Unknown"
"5020554",378676,2026-04-26 22:42:27,28.787504196167,-17.7474613189697,"Unknown"
"5020554",378676,2026-04-26 22:43:27,28.7874927520752,-17.7474060058594,"Unknown"
"5020554",378676,2026-04-26 22:44:26,28.7874317169189,-17.7473335266113,"Unknown"
"5020554",378676,2026-04-26 22:45:26,28.7873592376709,-17.7472820281982,"Unknown"
"5020554",378676,2026-04-26 22:46:26,28.7873096466064,-17.7471790313721,"Unknown"
"5020554",378676,2026-04-26 22:47:26,28.7872638702393,-17.7471122741699,"Unknown"
"5020554",378676,2026-04-26 22:48:27,28.7871913909912,-17.746997833252,"Unknown"
"5020554",378676,2026-04-26 22:49:27,28.7870864868164,-17.7469291687012,"Unknown"
"5020554",378676,2026-04-26 22:50:26,28.7870197296143,-17.7468929290771,"Unknown"
"5020554",378676,2026-04-26 22:51:29,28.7869434356689,-17.7468280792236,"Unknown"
"5020554",378676,2026-04-26 22:52:27,28.7869281768799,-17.746789932251,"Unknown"
"5020554",378676,2026-04-26 22:53:26,28.7868728637695,-17.7467651367188,"Unknown"
"5020554",378676,2026-04-26 22:54:27,28.786828994751,-17.746696472168,"Unknown"
"5020554",378676,2026-04-26 22:55:32,28.7866992950439,-17.7466716766357,"Unknown"
"5020554",378676,2026-04-26 22:56:27,28.7866344451904,-17.7466716766357,"Unknown"
"5020554",378676,2026-04-26 22:57:28,28.7865810394287,-17.7466564178467,"Unknown"
"5020554",378676,2026-04-26 22:58:28,28.786506652832,-17.7465839385986,"Unknown"
"5020554",378676,2026-04-26 22:59:27,28.7864112854004,-17.7465305328369,"Unknown"
"5020554",378676,2026-04-26 23:00:28,28.7863502502441,-17.7464714050293,"Unknown"
"5020554",378676,2026-04-26 23:01:26,28.7862854003906,-17.7464828491211,"Unknown"
"5020554",378676,2026-04-26 23:02:28,28.7861881256104,-17.7464275360107,"Unknown"
"5020554",378676,2026-04-26 23:03:27,28.7860813140869,-17.7463645935059,"Unknown"
"5020554",378676,2026-04-26 23:04:28,28.7860260009766,-17.7463512420654,"Unknown"
"5020554",378676,2026-04-26 23:05:26,28.7859020233154,-17.746301651001,"Unknown"
"5020554",378676,2026-04-26 23:06:27,28.7858257293701,-17.7462882995605,"Unknown"
"5020554",378676,2026-04-26 23:07:27,28.7857437133789,-17.7462615966797,"Unknown"
"5020554",378676,2026-04-26 23:08:28,28.7856636047363,-17.7462997436523,"Unknown"
"5020554",378676,2026-04-26 23:09:31,28.7855892181396,-17.7462310791016,"Unknown"
"5020554",378676,2026-04-26 23:10:26,28.7854976654053,-17.7461891174316,"Unknown"
"5020554",378676,2026-04-26 23:11:30,28.7854251861572,-17.7460918426514,"Unknown"
"5020554",378676,2026-04-26 23:12:28,28.7853813171387,-17.7460994720459,"Unknown"
"5020554",378676,2026-04-26 23:13:32,28.7853260040283,-17.7461433410645,"Unknown"
"5020554",378676,2026-04-26 23:14:37,28.7853908538818,-17.7463665008545,"Unknown"
"5020554",378676,2026-04-26 23:15:47,28.7852230072021,-17.7460842132568,"Unknown"
"5020554",378676,2026-04-26 23:16:29,28.785192489624,-17.7461051940918,"Unknown"
"5020554",378676,2026-04-26 23:17:28,28.7851867675781,-17.7461242675781,"Unknown"
"5020554",378676,2026-04-26 23:18:26,28.7851505279541,-17.7461090087891,"Unknown"
"5020554",378676,2026-04-26 23:19:28,28.785083770752,-17.7460842132568,"Unknown"
"5020554",378676,2026-04-26 23:20:26,28.7850437164307,-17.7460994720459,"Unknown"
"5020554",378676,2026-04-26 23:21:28,28.7849884033203,-17.7460880279541,"Unknown"
"5020554",378676,2026-04-26 23:22:28,28.7849578857422,-17.7460861206055,"Unknown"
"5020554",378676,2026-04-26 23:23:28,28.7848834991455,-17.74609375,"Unknown"
"5020554",378676,2026-04-26 23:24:28,28.7848472595215,-17.7460784912109,"Unknown"
"5020554",378676,2026-04-26 23:25:26,28.7848281860352,-17.7460498809814,"Unknown"
"5020554",378676,2026-04-26 23:26:28,28.784761428833,-17.7460231781006,"Unknown"
"5020554",378676,2026-04-26 23:27:26,28.7847270965576,-17.7460174560547,"Unknown"
"5020554",378676,2026-04-26 23:28:28,28.784704208374,-17.7460327148438,"Unknown"
"5020554",378676,2026-04-26 23:29:28,28.7846374511719,-17.7460479736328,"Unknown"
"5020554",378676,2026-04-26 23:30:26,28.7845935821533,-17.7460918426514,"Unknown"
"5020554",378676,2026-04-26 23:31:28,28.7845935821533,-17.7460632324219,"Unknown"
"5020554",378676,2026-04-26 23:32:28,28.7845020294189,-17.7460975646973,"Unknown"
"5020554",378676,2026-04-26 23:33:29,28.7844867706299,-17.7460327148438,"Unknown"
"5020554",378676,2026-04-26 23:34:26,28.7844123840332,-17.7460250854492,"Unknown"
"5020554",378676,2026-04-26 23:35:26,28.7843761444092,-17.7460021972656,"Unknown"
"5020554",378676,2026-04-26 23:36:26,28.7843494415283,-17.7459392547607,"Unknown"
"5020554",378676,2026-04-26 23:37:28,28.784294128418,-17.7458972930908,"Unknown"
"5020554",378676,2026-04-26 23:38:26,28.784252166748,-17.7458820343018,"Unknown"
"5020554",378676,2026-04-26 23:39:26,28.7842216491699,-17.7458763122559,"Unknown"
"5020554",378676,2026-04-26 23:40:26,28.7841567993164,-17.7458839416504,"Unknown"
"5020554",378676,2026-04-26 23:41:26,28.7841491699219,-17.7458381652832,"Unknown"
"5020554",378676,2026-04-26 23:42:26,28.7841377258301,-17.7457885742188,"Unknown"
"5020554",378676,2026-04-26 23:43:26,28.7840633392334,-17.7457904815674,"Unknown"
"5020554",378676,2026-04-26 23:44:28,28.7840347290039,-17.7457580566406,"Unknown"
"5020554",378676,2026-04-26 23:45:28,28.7840232849121,-17.7457408905029,"Unknown"
"5020554",378676,2026-04-26 23:46:28,28.7839546203613,-17.7457580566406,"Unknown"
"5020554",378676,2026-04-26 23:47:26,28.7839126586914,-17.745677947998,"Unknown"
"5020554",378676,2026-04-26 23:48:28,28.7838363647461,-17.7455520629883,"Unknown"
"5020554",378676,2026-04-26 23:49:28,28.7837600708008,-17.7454376220703,"Unknown"
"5020554",378676,2026-04-26 23:50:28,28.783670425415,-17.7453441619873,"Unknown"
"5020554",378676,2026-04-26 23:51:27,28.783597946167,-17.7452335357666,"Unknown"
"5020554",378676,2026-04-26 23:52:28,28.7835178375244,-17.7451515197754,"Unknown"
"5020554",378676,2026-04-26 23:53:26,28.7834815979004,-17.7450923919678,"Unknown"
"5020554",378676,2026-04-26 23:54:29,28.7834377288818,-17.7449893951416,"Unknown"
"5020554",378676,2026-04-26 23:55:27,28.7834072113037,-17.7449340820312,"Unknown"
"5020554",378676,2026-04-26 23:56:26,28.7833442687988,-17.7448902130127,"Unknown"
"5020554",378676,2026-04-26 23:57:26,28.7833003997803,-17.7447948455811,"Unknown"
"5020554",378676,2026-04-26 23:58:26,28.7832279205322,-17.7447242736816,"Unknown"
"5020554",378676,2026-04-26 23:59:26,28.783166885376,-17.7446441650391,"Unknown"
"5020554",378676,2026-04-27 00:00:57,28.7830772399902,-17.7445373535156,"Unknown"
"5020554",378676,2026-04-27 00:01:25,28.7830772399902,-17.744499206543,"Unknown"
"5020554",378676,2026-04-27 00:11:25,28.7827911376953,-17.7439136505127,"Unknown"
"5020554",378676,2026-04-27 00:12:25,28.7827587127686,-17.7438583374023,"Unknown"
"5020554",378676,2026-04-27 00:13:25,28.7827453613281,-17.7437801361084,"Unknown"
"5020554",378676,2026-04-27 00:14:25,28.782735824585,-17.7437324523926,"Unknown"
"5020554",378676,2026-04-27 00:15:25,28.7827053070068,-17.7436847686768,"Unknown"
"5020554",378676,2026-04-27 00:16:25,28.7827053070068,-17.7436580657959,"Unknown"
"5020554",378676,2026-04-27 00:17:26,28.7826671600342,-17.7436046600342,"Unknown"
"5020554",378676,2026-04-27 00:27:26,28.7823657989502,-17.74289894104,"Unknown"
"5020554",378676,2026-04-27 00:28:28,28.7823371887207,-17.7427864074707,"Unknown"
"5020554",378676,2026-04-27 00:38:28,28.782112121582,-17.7422771453857,"Unknown"
"5020554",378676,2026-04-27 00:48:28,28.7820148468018,-17.7418880462646,"Unknown"
"5020554",378676,2026-04-27 00:58:28,28.7820167541504,-17.7413902282715,"Unknown"
"5020554",378676,2026-04-27 01:08:32,28.7820243835449,-17.7415027618408,"Unknown"
"5020554",378676,2026-04-27 01:18:31,28.782075881958,-17.7418117523193,"Unknown"
"5020554",378676,2026-04-27 01:19:28,28.782039642334,-17.7418785095215,"Unknown"
"5020554",378676,2026-04-27 01:29:29,28.7822494506836,-17.7424507141113,"Unknown"
"5020554",378676,2026-04-27 01:39:28,28.7822780609131,-17.7432613372803,"Unknown"
"5020554",378676,2026-04-27 01:49:28,28.7823143005371,-17.7439231872559,"Unknown"
"5020554",378676,2026-04-27 01:59:30,28.782356262207,-17.7444038391113,"Unknown"
"5020554",378676,2026-04-27 02:09:47,28.7824897766113,-17.7452068328857,"Unknown"
"5020554",378676,2026-04-27 02:19:28,28.7825183868408,-17.7458267211914,"Unknown"
"5020554",378676,2026-04-27 02:29:25,28.7826919555664,-17.7464447021484,"Unknown"
"5020554",378676,2026-04-27 02:39:25,28.7830028533936,-17.7468357086182,"Unknown"
"5020554",378676,2026-04-27 02:49:28,28.7833347320557,-17.7471542358398,"Unknown"
"5020554",378676,2026-04-27 02:59:27,28.8053379058838,-17.7470798492432,"Unknown"
"5020554",378676,2026-04-27 03:09:27,28.7744121551514,-17.7639179229736,"Unknown"
"5020554",378676,2026-04-27 03:19:25,28.7940368652344,-17.7951755523682,"Unknown"
"5020554",378676,2026-04-27 03:30:15,28.7804107666016,-17.8109970092773,"Unknown"
"5020554",378676,2026-04-27 03:40:51,28.7800445556641,-17.8115081787109,"Unknown"
"5020554",378676,2026-04-27 03:50:51,28.779935836792,-17.8114452362061,"Unknown"
"5020554",378676,2026-04-27 04:00:51,28.7800540924072,-17.8114814758301,"Unknown"
"5020554",378676,2026-04-27 04:10:51,28.7800559997559,-17.8114585876465,"Unknown"
"5020554",378676,2026-04-27 04:20:51,28.7800312042236,-17.811393737793,"Unknown"
"5020554",378676,2026-04-27 04:30:51,28.7800674438477,-17.8112640380859,"Unknown"
"5020554",378676,2026-04-27 04:49:56,28.7801132202148,-17.811243057251,"Unknown"
"5020554",378676,2026-04-27 05:00:51,28.7800884246826,-17.8112182617188,"Unknown"
"5020554",378676,2026-04-27 05:10:51,28.7801361083984,-17.8112316131592,"Unknown"
"5020554",378676,2026-04-27 05:30:27,28.7800674438477,-17.8112392425537,"Unknown"
"5020554",378676,2026-04-27 05:39:33,28.7855548858643,-17.7529354095459,"Unknown"
"5020554",378676,2026-04-27 05:49:28,28.7903270721436,-17.7457122802734,"Unknown"
"5020554",378676,2026-04-27 05:59:27,28.796272277832,-17.7484149932861,"Unknown"
"5020554",378676,2026-04-27 06:09:27,28.8212985992432,-17.7580966949463,"Unknown"
"5020554",378676,2026-04-27 06:19:28,28.8249855041504,-17.7500419616699,"Unknown"
"5020554",378676,2026-04-27 06:29:28,28.8131828308105,-17.722900390625,"Unknown"
"5020554",378676,2026-04-27 06:40:51,28.7730693817139,-17.700044631958,"Unknown"
"5020554",378676,2026-04-27 06:50:51,28.7638530731201,-17.6952438354492,"Unknown"
"5020554",378676,2026-04-27 07:00:21,28.765495300293,-17.7073669433594,"Unknown"
"5020554",378676,2026-04-27 07:09:26,28.7699947357178,-17.7120876312256,"Unknown"
"5020554",378676,2026-04-27 07:19:26,28.7669868469238,-17.7170009613037,"Unknown"
"5020554",378676,2026-04-27 07:29:26,28.7559261322021,-17.7156677246094,"Unknown"
"5020554",378676,2026-04-27 07:39:29,28.7563571929932,-17.7215785980225,"Unknown"
"5020554",378676,2026-04-27 07:49:28,28.7606830596924,-17.7177238464355,"Unknown"
"5020554",378676,2026-04-27 07:59:31,28.7560291290283,-17.7170848846436,"Unknown"
"5020554",378676,2026-04-27 08:09:57,28.7579708099365,-17.7178897857666,"Unknown"
"5020554",378676,2026-04-27 08:19:26,28.7594604492188,-17.7186908721924,"Unknown"
"5020554",378676,2026-04-27 08:29:26,28.759069442749,-17.717658996582,"Unknown"
"5020554",378676,2026-04-27 08:39:27,28.7486000061035,-17.7210674285889,"Unknown"
"5020554",378676,2026-04-27 08:49:27,28.7300357818604,-17.7097930908203,"Unknown"
"5020554",378676,2026-04-27 08:59:27,28.7426433563232,-17.7167263031006,"Unknown"
"5020554",378676,2026-04-27 09:09:28,28.7560005187988,-17.723970413208,"Unknown"
"5020554",378676,2026-04-27 09:19:28,28.7673225402832,-17.723388671875,"Unknown"
"5020554",378676,2026-04-27 09:29:28,28.7686214447021,-17.7251377105713,"Unknown"
"5020554",378676,2026-04-27 09:39:29,28.7710914611816,-17.7270889282227,"Unknown"
"5020554",378676,2026-04-27 09:49:29,28.7773818969727,-17.7302284240723,"Unknown"
"5020554",378676,2026-04-27 09:59:30,28.7734889984131,-17.7354736328125,"Unknown"
"5020554",378676,2026-04-27 10:09:26,28.7757701873779,-17.7308921813965,"Unknown"
"5020554",378676,2026-04-27 10:10:27,28.7691593170166,-17.7266616821289,"Unknown"
"5020554",378676,2026-04-27 10:11:28,28.7676696777344,-17.7243976593018,"Unknown"
"5020554",378676,2026-04-27 10:12:26,28.7658348083496,-17.7224254608154,"Unknown"
"5020554",378676,2026-04-27 10:13:27,28.7639865875244,-17.7202434539795,"Unknown"
"5020554",378676,2026-04-27 10:14:29,28.7642307281494,-17.720458984375,"Unknown"
"5020554",378676,2026-04-27 10:15:29,28.7644443511963,-17.7206363677979,"Unknown"
"5020554",378676,2026-04-27 10:16:30,28.764669418335,-17.7208309173584,"Unknown"
"5020554",378676,2026-04-27 10:17:29,28.7587852478027,-17.7181205749512,"Unknown"
"5020554",378676,2026-04-27 10:18:27,28.7593593597412,-17.717357635498,"Unknown"
"5020554",378676,2026-04-27 10:19:27,28.7585487365723,-17.7169151306152,"Unknown"
"5020554",378676,2026-04-27 10:20:29,28.7588367462158,-17.7170085906982,"Unknown"
"5020554",378676,2026-04-27 10:21:28,28.7590770721436,-17.7170543670654,"Unknown"
"5020554",378676,2026-04-27 10:22:30,28.7593383789062,-17.7170963287354,"Unknown"
"5020554",378676,2026-04-27 10:23:30,28.7595729827881,-17.717113494873,"Unknown"
"5020554",378676,2026-04-27 10:24:29,28.7597942352295,-17.7171401977539,"Unknown"
"5020554",378676,2026-04-27 10:25:30,28.7599983215332,-17.7171630859375,"Unknown"
"5020554",378676,2026-04-27 10:26:29,28.7602729797363,-17.7172393798828,"Unknown"
"5020554",378676,2026-04-27 10:27:32,28.7604942321777,-17.7173309326172,"Unknown"
"5020554",378676,2026-04-27 10:28:30,28.7606868743896,-17.7174701690674,"Unknown"
"5020554",378676,2026-04-27 10:29:30,28.7609405517578,-17.7175750732422,"Unknown"
"5020554",378676,2026-04-27 10:30:30,28.7611236572266,-17.7177486419678,"Unknown"
"5020554",378676,2026-04-27 10:31:28,28.7613487243652,-17.7178268432617,"Unknown"
"5020554",378676,2026-04-27 10:32:29,28.7616310119629,-17.7179374694824,"Unknown"
"5020554",378676,2026-04-27 10:33:27,28.7618217468262,-17.7180480957031,"Unknown"
"5020554",378676,2026-04-27 10:34:30,28.7620544433594,-17.7181549072266,"Unknown"
"5020554",378676,2026-04-27 10:35:30,28.7622966766357,-17.7182922363281,"Unknown"
"5020554",378676,2026-04-27 10:36:30,28.7625274658203,-17.718376159668,"Unknown"
"5020554",378676,2026-04-27 10:37:27,28.7627658843994,-17.7184734344482,"Unknown"
"5020554",378676,2026-04-27 10:38:29,28.7629146575928,-17.7186737060547,"Unknown"
"5020554",378676,2026-04-27 10:39:30,28.7631244659424,-17.7187976837158,"Unknown"
"5020554",378676,2026-04-27 10:40:28,28.7633571624756,-17.7188777923584,"Unknown"
"5020554",378676,2026-04-27 10:41:28,28.7635288238525,-17.7190742492676,"Unknown"
"5020554",378676,2026-04-27 10:42:35,28.7637519836426,-17.7192440032959,"Unknown"
"5020554",378676,2026-04-27 10:43:26,28.7639064788818,-17.7194728851318,"Unknown"
"5020554",378676,2026-04-27 10:44:57,28.7642154693604,-17.7197570800781,"Unknown"
"5020554",378676,2026-04-27 10:45:26,28.7643260955811,-17.7198486328125,"Unknown"
"5020554",378676,2026-04-27 10:46:26,28.7644901275635,-17.720043182373,"Unknown"
"5020554",378676,2026-04-27 10:47:26,28.7646617889404,-17.72021484375,"Unknown"
"5020554",378676,2026-04-27 10:48:26,28.7648544311523,-17.7204074859619,"Unknown"
"5020554",378676,2026-04-27 10:49:26,28.7650108337402,-17.720609664917,"Unknown"
"5020554",378676,2026-04-27 10:50:27,28.7651863098145,-17.7207641601562,"Unknown"
"5020554",378676,2026-04-27 10:51:26,28.7653636932373,-17.7209548950195,"Unknown"
"5020554",378676,2026-04-27 10:52:27,28.7655410766602,-17.7211818695068,"Unknown"
"5020554",378676,2026-04-27 10:53:26,28.7656745910645,-17.7214031219482,"Unknown"
"5020554",378676,2026-04-27 10:54:26,28.7658061981201,-17.7215747833252,"Unknown"
"5020554",378676,2026-04-27 10:55:26,28.7659320831299,-17.7218151092529,"Unknown"
"5020554",378676,2026-04-27 10:56:27,28.7660789489746,-17.7220573425293,"Unknown"
"5020554",378676,2026-04-27 10:57:26,28.7661895751953,-17.7222938537598,"Unknown"
"5020554",378676,2026-04-27 10:58:27,28.7662887573242,-17.7225589752197,"Unknown"
"5020554",378676,2026-04-27 10:59:27,28.7663955688477,-17.7227344512939,"Unknown"
"5020554",378676,2026-04-27 11:00:27,28.7664680480957,-17.7229156494141,"Unknown"
"5020554",378676,2026-04-27 11:01:27,28.7665424346924,-17.7231044769287,"Unknown"
"5020554",378676,2026-04-27 11:02:26,28.7666053771973,-17.7232875823975,"Unknown"
"5020554",378676,2026-04-27 11:03:26,28.7666969299316,-17.7234916687012,"Unknown"
"5020554",378676,2026-04-27 11:04:26,28.766752243042,-17.7236633300781,"Unknown"
"5020554",378676,2026-04-27 11:05:26,28.7668151855469,-17.7238426208496,"Unknown"
"5020554",378676,2026-04-27 11:06:27,28.7668495178223,-17.7240028381348,"Unknown"
"5020554",378676,2026-04-27 11:07:26,28.7668476104736,-17.724142074585,"Unknown"
"5020554",378676,2026-04-27 11:08:26,28.7668914794922,-17.7242946624756,"Unknown"
"5020554",378676,2026-04-27 11:09:27,28.7669582366943,-17.7244644165039,"Unknown"
"5020554",378676,2026-04-27 11:10:26,28.7669582366943,-17.7246379852295,"Unknown"
"5020554",378676,2026-04-27 11:11:26,28.7669868469238,-17.7247905731201,"Unknown"
"5020554",378676,2026-04-27 11:12:26,28.7670307159424,-17.724946975708,"Unknown"
"5020554",378676,2026-04-27 11:13:27,28.7670631408691,-17.7250900268555,"Unknown"
"5020554",378676,2026-04-27 11:14:26,28.7670803070068,-17.7252082824707,"Unknown"
"5020554",378676,2026-04-27 11:15:27,28.7670783996582,-17.72536277771,"Unknown"
"5020554",378676,2026-04-27 11:16:26,28.7671051025391,-17.7255344390869,"Unknown"
"5020554",378676,2026-04-27 11:17:27,28.7670917510986,-17.7256927490234,"Unknown"
"5020554",378676,2026-04-27 11:18:26,28.7670955657959,-17.7258110046387,"Unknown"
"5020554",378676,2026-04-27 11:19:27,28.76708984375,-17.7259311676025,"Unknown"
"5020554",378676,2026-04-27 11:20:26,28.7670631408691,-17.726016998291,"Unknown"
"5020554",378676,2026-04-27 11:21:27,28.7670364379883,-17.7261524200439,"Unknown"
"5020554",378676,2026-04-27 11:22:26,28.7670078277588,-17.7262649536133,"Unknown"
"5020554",378676,2026-04-27 11:23:26,28.7669467926025,-17.7263889312744,"Unknown"
"5020554",378676,2026-04-27 11:24:26,28.7669124603271,-17.7264747619629,"Unknown"
"5020554",378676,2026-04-27 11:25:26,28.7668857574463,-17.7265739440918,"Unknown"
"5020554",378676,2026-04-27 11:26:26,28.7668418884277,-17.7266864776611,"Unknown"
"5020554",378676,2026-04-27 11:27:26,28.7667922973633,-17.7267761230469,"Unknown"
"5020554",378676,2026-04-27 11:28:27,28.7667560577393,-17.7268886566162,"Unknown"
"5020554",378676,2026-04-27 11:29:26,28.766695022583,-17.7269554138184,"Unknown"
"5020554",378676,2026-04-27 11:30:26,28.7666530609131,-17.7270374298096,"Unknown"
"5020554",378676,2026-04-27 11:31:26,28.7666683197021,-17.7271366119385,"Unknown"
"5020554",378676,2026-04-27 11:32:27,28.7666454315186,-17.7271595001221,"Unknown"
"5020554",378676,2026-04-27 11:33:27,28.7658748626709,-17.7278232574463,"Unknown"
"5020554",378676,2026-04-27 11:34:27,28.7659301757812,-17.7283344268799,"Unknown"
"5020554",378676,2026-04-27 11:35:29,28.7592124938965,-17.7286739349365,"Unknown"
"5020554",378676,2026-04-27 11:36:26,28.7588901519775,-17.7284278869629,"Unknown"
"5020554",378676,2026-04-27 11:37:27,28.758731842041,-17.7281646728516,"Unknown"
"5020554",378676,2026-04-27 11:38:27,28.758544921875,-17.7279033660889,"Unknown"
"5020554",378676,2026-04-27 11:39:26,28.7583026885986,-17.7276039123535,"Unknown"
"5020554",378676,2026-04-27 11:40:27,28.7581405639648,-17.7273902893066,"Unknown"
"5020554",378676,2026-04-27 11:41:26,28.757942199707,-17.7271385192871,"Unknown"
"5020554",378676,2026-04-27 11:42:27,28.7576923370361,-17.7269058227539,"Unknown"
"5020554",378676,2026-04-27 11:43:27,28.7574844360352,-17.7266464233398,"Unknown"
"5020554",378676,2026-04-27 11:44:27,28.7572860717773,-17.7264175415039,"Unknown"
"5020554",378676,2026-04-27 11:45:26,28.7570877075195,-17.7261791229248,"Unknown"
"5020554",378676,2026-04-27 11:46:26,28.756872177124,-17.7258796691895,"Unknown"
"5020554",378676,2026-04-27 11:47:27,28.7552261352539,-17.721248626709,"Unknown"
"5020554",378676,2026-04-27 11:48:27,28.755163192749,-17.7211246490479,"Unknown"
"5020554",378676,2026-04-27 11:49:27,28.7551136016846,-17.7209911346436,"Unknown"
"5020554",378676,2026-04-27 11:50:27,28.7550506591797,-17.7208499908447,"Unknown"
"5020554",378676,2026-04-27 11:51:27,28.7550163269043,-17.7207336425781,"Unknown"
"5020554",378676,2026-04-27 11:52:26,28.7550029754639,-17.7206478118896,"Unknown"
"5020554",378676,2026-04-27 11:53:27,28.7550411224365,-17.7205696105957,"Unknown"
"5020554",378676,2026-04-27 11:54:27,28.7510395050049,-17.7220497131348,"Unknown"
"5020554",378676,2026-04-27 11:55:27,28.7508735656738,-17.7218456268311,"Unknown"
"5020554",378676,2026-04-27 11:56:27,28.7506866455078,-17.7215557098389,"Unknown"
"5020554",378676,2026-04-27 11:57:29,28.750732421875,-17.721622467041,"Unknown"
"5020554",378676,2026-04-27 11:58:26,28.7506141662598,-17.7214126586914,"Unknown"
"5020554",378676,2026-04-27 11:59:27,28.7503395080566,-17.720775604248,"Unknown"
"5020554",378676,2026-04-27 12:00:27,28.7497367858887,-17.7192096710205,"Unknown"
"5020554",378676,2026-04-27 12:01:34,28.7493190765381,-17.7182006835938,"Unknown"
"5020554",378676,2026-04-27 12:02:26,28.7489967346191,-17.7188167572021,"Unknown"
"5020554",378676,2026-04-27 12:03:26,28.748851776123,-17.7198810577393,"Unknown"
"5020554",378676,2026-04-27 12:04:27,28.7488346099854,-17.7207279205322,"Unknown"
"5020554",378676,2026-04-27 12:05:31,28.7479152679443,-17.7189865112305,"Unknown"
"5020554",378676,2026-04-27 12:06:32,28.7477703094482,-17.7186679840088,"Unknown"
"5020554",378676,2026-04-27 12:07:28,28.7479419708252,-17.7188968658447,"Unknown"
"5020554",378676,2026-04-27 12:08:28,28.7486534118652,-17.7200393676758,"Unknown"
"5020554",378676,2026-04-27 12:09:29,28.7489376068115,-17.719259262085,"Unknown"
"5020554",378676,2026-04-27 12:10:35,28.7491092681885,-17.7196254730225,"Unknown"
"5020554",378676,2026-04-27 12:11:28,28.7490177154541,-17.7189979553223,"Unknown"
"5020554",378676,2026-04-27 12:12:29,28.7502689361572,-17.7201900482178,"Unknown"
"5020554",378676,2026-04-27 12:13:32,28.7502498626709,-17.7204627990723,"Unknown"
"5020554",378676,2026-04-27 12:14:28,28.7508373260498,-17.7208614349365,"Unknown"
"5020554",378676,2026-04-27 12:15:35,28.7508125305176,-17.7200469970703,"Unknown"
"5020554",378676,2026-04-27 12:16:29,28.750093460083,-17.7196311950684,"Unknown"
"5020554",378676,2026-04-27 12:17:30,28.7500457763672,-17.7194385528564,"Unknown"
"5020554",378676,2026-04-27 12:18:31,28.7499504089355,-17.7191562652588,"Unknown"
"5020554",378676,2026-04-27 12:19:28,28.7498321533203,-17.7190437316895,"Unknown"
"5020554",378676,2026-04-27 12:20:29,28.7513561248779,-17.7207889556885,"Unknown"
"5020554",378676,2026-04-27 12:21:31,28.7519550323486,-17.7214775085449,"Unknown"
"5020554",378676,2026-04-27 12:22:29,28.7529582977295,-17.7217350006104,"Unknown"
"5020554",378676,2026-04-27 12:23:29,28.7537612915039,-17.7230167388916,"Unknown"
"5020554",378676,2026-04-27 12:25:52,28.7523860931396,-17.7230701446533,"Unknown"
"5020554",378676,2026-04-27 12:26:25,28.7522869110107,-17.7229442596436,"Unknown"
"5020554",378676,2026-04-27 12:26:56,28.7521858215332,-17.7228584289551,"Unknown"
"5020554",378676,2026-04-27 12:27:58,28.7500247955322,-17.7199382781982,"Unknown"
"5020554",378676,2026-04-27 12:28:57,28.7505149841309,-17.7205352783203,"Unknown"
"5020554",378676,2026-04-27 12:29:58,28.7516918182373,-17.7211399078369,"Unknown"
"5020554",378676,2026-04-27 12:30:57,28.7519130706787,-17.7204208374023,"Unknown"
"5020554",378676,2026-04-27 12:31:57,28.752649307251,-17.7204265594482,"Unknown"
"5020554",378676,2026-04-27 12:32:57,28.7529449462891,-17.7194995880127,"Unknown"
"5020554",378676,2026-04-27 12:33:57,28.7528839111328,-17.7193031311035,"Unknown"
"5020554",378676,2026-04-27 12:34:59,28.752799987793,-17.7190895080566,"Unknown"
"5020554",378676,2026-04-27 12:35:57,28.7526760101318,-17.7189140319824,"Unknown"
"5020554",378676,2026-04-27 12:36:57,28.7525882720947,-17.7186985015869,"Unknown"
"5020554",378676,2026-04-27 12:37:57,28.7524929046631,-17.7185153961182,"Unknown"
"5020554",378676,2026-04-27 12:38:59,28.7523307800293,-17.7183475494385,"Unknown"
"5020554",378676,2026-04-27 12:39:57,28.7522201538086,-17.7181377410889,"Unknown"
"5020554",378676,2026-04-27 12:40:57,28.7521152496338,-17.7179412841797,"Unknown"
"5020554",378676,2026-04-27 12:41:57,28.7520408630371,-17.7177276611328,"Unknown"
"5020554",378676,2026-04-27 12:42:57,28.7519836425781,-17.7175121307373,"Unknown"
"5020554",378676,2026-04-27 12:43:58,28.7519035339355,-17.7173042297363,"Unknown"
"5020554",378676,2026-04-27 12:44:57,28.7518692016602,-17.7171192169189,"Unknown"
"5020554",378676,2026-04-27 12:45:58,28.7518692016602,-17.7169513702393,"Unknown"
"5020554",378676,2026-04-27 12:46:57,28.7517528533936,-17.716739654541,"Unknown"
"5020554",378676,2026-04-27 12:47:57,28.7516689300537,-17.7165699005127,"Unknown"
"5020554",378676,2026-04-27 12:48:58,28.7516059875488,-17.7163391113281,"Unknown"
"5020554",378676,2026-04-27 12:49:57,28.7514839172363,-17.7161502838135,"Unknown"
"5020554",378676,2026-04-27 12:51:01,28.7515087127686,-17.7159214019775,"Unknown"
"5020554",378676,2026-04-27 12:51:57,28.751428604126,-17.7156829833984,"Unknown"
"5020554",378676,2026-04-27 13:01:59,28.7513446807861,-17.7132415771484,"Unknown"
"5020554",378676,2026-04-27 13:12:00,28.7527236938477,-17.711181640625,"Unknown"
"5020554",378676,2026-04-27 13:22:01,28.7647094726562,-17.7154407501221,"Unknown"
"5020554",378676,2026-04-27 13:32:27,28.765417098999,-17.7161979675293,"Unknown"
"5020554",378676,2026-04-27 13:41:56,28.765905380249,-17.717643737793,"Unknown"
"5020554",378676,2026-04-27 13:42:59,28.7658233642578,-17.7176380157471,"Unknown"
"5020554",378676,2026-04-27 13:43:58,28.7657260894775,-17.7176475524902,"Unknown"
"5020554",378676,2026-04-27 13:45:00,28.7656440734863,-17.7176513671875,"Unknown"
"5020554",378676,2026-04-27 13:45:59,28.7655715942383,-17.7176246643066,"Unknown"
"5020554",378676,2026-04-27 13:46:58,28.7655086517334,-17.7176647186279,"Unknown"
"5020554",378676,2026-04-27 13:47:59,28.7654399871826,-17.7176761627197,"Unknown"
"5020554",378676,2026-04-27 13:48:59,28.7653751373291,-17.7176818847656,"Unknown"
"5020554",378676,2026-04-27 13:50:00,28.7652950286865,-17.7176418304443,"Unknown"
"5020554",378676,2026-04-27 13:50:59,28.7652187347412,-17.7175941467285,"Unknown"
"5020554",378676,2026-04-27 13:51:58,28.7651462554932,-17.717601776123,"Unknown"
"5020554",378676,2026-04-27 13:52:58,28.7650737762451,-17.7175922393799,"Unknown"
"5020554",378676,2026-04-27 13:53:59,28.7650165557861,-17.7176208496094,"Unknown"
"5020554",378676,2026-04-27 13:54:59,28.7649593353271,-17.71755027771,"Unknown"
"5020554",378676,2026-04-27 13:55:57,28.7649154663086,-17.7175197601318,"Unknown"
"5020554",378676,2026-04-27 13:56:59,28.7648754119873,-17.7174510955811,"Unknown"
"5020554",378676,2026-04-27 13:57:57,28.7648468017578,-17.7174453735352,"Unknown"
"5020554",378676,2026-04-27 13:58:59,28.7648334503174,-17.7174320220947,"Unknown"
"5020554",378676,2026-04-27 13:59:58,28.7647914886475,-17.7173233032227,"Unknown"
"5020554",378676,2026-04-27 14:00:58,28.7647895812988,-17.7172431945801,"Unknown"
"5020554",378676,2026-04-27 14:01:57,28.7647609710693,-17.7171649932861,"Unknown"
"5020554",378676,2026-04-27 14:02:59,28.7647323608398,-17.7171096801758,"Unknown"
"5020554",378676,2026-04-27 14:03:58,28.764762878418,-17.7169818878174,"Unknown"
"5020554",378676,2026-04-27 14:04:58,28.7648391723633,-17.7169513702393,"Unknown"
"5020554",378676,2026-04-27 14:05:57,28.7648677825928,-17.7168712615967,"Unknown"
"5020554",378676,2026-04-27 14:06:57,28.7649002075195,-17.7168636322021,"Unknown"
"5020554",378676,2026-04-27 14:07:58,28.7649612426758,-17.7168197631836,"Unknown"
"5020554",378676,2026-04-27 14:08:59,28.7650146484375,-17.7167701721191,"Unknown"
"5020554",378676,2026-04-27 14:09:57,28.7650260925293,-17.7167472839355,"Unknown"
"5020554",378676,2026-04-27 14:10:57,28.7650299072266,-17.7167510986328,"Unknown"
"5020554",378676,2026-04-27 14:11:58,28.7650547027588,-17.7167453765869,"Unknown"
"5020554",378676,2026-04-27 14:12:58,28.7650547027588,-17.7166862487793,"Unknown"
"5020554",378676,2026-04-27 14:13:58,28.7650680541992,-17.7166366577148,"Unknown"
"5020554",378676,2026-04-27 14:14:59,28.765079498291,-17.7166538238525,"Unknown"
"5020554",378676,2026-04-27 14:16:35,28.7651042938232,-17.7166023254395,"Unknown"
"5020554",378676,2026-04-27 14:16:57,28.765100479126,-17.7165985107422,"Unknown"
"5020554",378676,2026-04-27 14:17:56,28.7651653289795,-17.7165927886963,"Unknown"
"5020554",378676,2026-04-27 14:18:56,28.7651824951172,-17.7165908813477,"Unknown"
"5020554",378676,2026-04-27 14:19:56,28.7652244567871,-17.7165546417236,"Unknown"
"5020554",378676,2026-04-27 14:20:58,28.7652320861816,-17.7164783477783,"Unknown"
"5020554",378676,2026-04-27 14:21:58,28.7652187347412,-17.7164611816406,"Unknown"
"5020554",378676,2026-04-27 14:22:56,28.7652721405029,-17.7164630889893,"Unknown"
"5020554",378676,2026-04-27 14:23:56,28.7653160095215,-17.7164421081543,"Unknown"
"5020554",378676,2026-04-27 14:24:56,28.7654304504395,-17.7164421081543,"Unknown"
"5020554",378676,2026-04-27 14:25:57,28.7655258178711,-17.7164478302002,"Unknown"
"5020554",378676,2026-04-27 14:26:58,28.7655944824219,-17.716480255127,"Unknown"
"5020554",378676,2026-04-27 14:27:57,28.7656192779541,-17.7164516448975,"Unknown"
"5020554",378676,2026-04-27 14:28:58,28.7657108306885,-17.716480255127,"Unknown"
"5020554",378676,2026-04-27 14:29:58,28.7658157348633,-17.7164840698242,"Unknown"
"5020554",378676,2026-04-27 14:30:58,28.7659206390381,-17.7164745330811,"Unknown"
"5020554",378676,2026-04-27 14:31:58,28.7659950256348,-17.7164115905762,"Unknown"
"5020554",378676,2026-04-27 14:32:57,28.7660636901855,-17.716365814209,"Unknown"
"5020554",378676,2026-04-27 14:33:58,28.7661151885986,-17.7163906097412,"Unknown"
"5020554",378676,2026-04-27 14:35:27,28.7661781311035,-17.7163581848145,"Unknown"
"5020554",378676,2026-04-27 14:35:56,28.7662105560303,-17.7163372039795,"Unknown"
"5020554",378676,2026-04-27 14:36:56,28.7662353515625,-17.7162780761719,"Unknown"
"5020554",378676,2026-04-27 14:37:56,28.7662868499756,-17.7161903381348,"Unknown"
"5020554",378676,2026-04-27 14:38:56,28.7663631439209,-17.7160968780518,"Unknown"
"5020554",378676,2026-04-27 14:39:56,28.7664012908936,-17.7160758972168,"Unknown"
"5020554",378676,2026-04-27 14:40:56,28.7664165496826,-17.7159938812256,"Unknown"
"5020554",378676,2026-04-27 14:41:56,28.766450881958,-17.7159042358398,"Unknown"
"5020554",378676,2026-04-27 14:51:56,28.7673397064209,-17.7157363891602,"Unknown"
"5020554",378676,2026-04-27 15:01:57,28.7678661346436,-17.714994430542,"Unknown"
"5020554",378676,2026-04-27 15:11:56,28.7730255126953,-17.7103595733643,"Unknown"
"5020554",378676,2026-04-27 15:21:56,28.7746982574463,-17.711877822876,"Unknown"
"5020554",378676,2026-04-27 15:31:56,28.7787895202637,-17.7127647399902,"Unknown"
"5020554",378676,2026-04-27 15:41:58,28.779224395752,-17.7145195007324,"Unknown"
"5020554",378676,2026-04-27 15:51:58,28.7797088623047,-17.7162628173828,"Unknown"
"5020554",378676,2026-04-27 16:01:59,28.7802429199219,-17.7178535461426,"Unknown"
"5020554",378676,2026-04-27 16:02:58,28.7802543640137,-17.7179985046387,"Unknown"
"5020554",378676,2026-04-27 16:03:58,28.7803421020508,-17.7181205749512,"Unknown"
"5020554",378676,2026-04-27 16:04:59,28.7803726196289,-17.7183113098145,"Unknown"
"5020554",378676,2026-04-27 16:05:59,28.7804164886475,-17.7184562683105,"Unknown"
"5020554",378676,2026-04-27 16:06:59,28.7804489135742,-17.7186317443848,"Unknown"
"5020554",378676,2026-04-27 16:08:27,28.7805061340332,-17.7188320159912,"Unknown"
"5020554",378676,2026-04-27 16:08:56,28.7805290222168,-17.7189025878906,"Unknown"
"5020554",378676,2026-04-27 16:09:56,28.7805824279785,-17.7190456390381,"Unknown"
"5020554",378676,2026-04-27 16:10:56,28.7806034088135,-17.7191944122314,"Unknown"
"5020554",378676,2026-04-27 16:11:56,28.780611038208,-17.7193717956543,"Unknown"
"5020554",378676,2026-04-27 16:12:56,28.7806549072266,-17.7194843292236,"Unknown"
"5020554",378676,2026-04-27 16:13:56,28.7807064056396,-17.7196350097656,"Unknown"
"5020554",378676,2026-04-27 16:14:55,28.7807178497314,-17.7198047637939,"Unknown"
"5020554",378676,2026-04-27 16:15:56,28.7807636260986,-17.7199592590332,"Unknown"
"5020554",378676,2026-04-27 16:16:56,28.7807788848877,-17.7201690673828,"Unknown"
"5020554",378676,2026-04-27 16:17:57,28.7807369232178,-17.7203159332275,"Unknown"
"5020554",378676,2026-04-27 16:18:56,28.7808113098145,-17.720531463623,"Unknown"
"5020554",378676,2026-04-27 16:19:56,28.7808094024658,-17.720703125,"Unknown"
"5020554",378676,2026-04-27 16:20:58,28.7808303833008,-17.7208518981934,"Unknown"
"5020554",378676,2026-04-27 16:21:56,28.7808246612549,-17.7210273742676,"Unknown"
"5020554",378676,2026-04-27 16:22:55,28.7808170318604,-17.7212734222412,"Unknown"
"5020554",378676,2026-04-27 16:23:56,28.7808227539062,-17.7214946746826,"Unknown"
"5020554",378676,2026-04-27 16:24:56,28.7808208465576,-17.7216949462891,"Unknown"
"5020554",378676,2026-04-27 16:25:56,28.7808322906494,-17.7219142913818,"Unknown"
"5020554",378676,2026-04-27 16:26:56,28.780818939209,-17.7221012115479,"Unknown"
"5020554",378676,2026-04-27 16:27:56,28.7808246612549,-17.7223510742188,"Unknown"
"5020554",378676,2026-04-27 16:28:56,28.7808208465576,-17.722541809082,"Unknown"
"5020554",378676,2026-04-27 16:29:56,28.7808418273926,-17.7227077484131,"Unknown"
"5020554",378676,2026-04-27 16:30:56,28.7808475494385,-17.7229156494141,"Unknown"
"5020554",378676,2026-04-27 16:31:55,28.7808265686035,-17.7230739593506,"Unknown"
"5020554",378676,2026-04-27 16:32:57,28.7808589935303,-17.7231578826904,"Unknown"
"5020554",378676,2026-04-27 16:33:56,28.7808666229248,-17.7232799530029,"Unknown"
"5020554",378676,2026-04-27 16:34:56,28.7809009552002,-17.7234115600586,"Unknown"
"5020554",378676,2026-04-27 16:35:56,28.7809219360352,-17.7235507965088,"Unknown"
"5020554",378676,2026-04-27 16:36:56,28.7809276580811,-17.7236976623535,"Unknown"
"5020554",378676,2026-04-27 16:37:56,28.7809753417969,-17.7238140106201,"Unknown"
"5020554",378676,2026-04-27 16:38:56,28.7810039520264,-17.7239398956299,"Unknown"
"5020554",378676,2026-04-27 16:39:56,28.7810153961182,-17.7240543365479,"Unknown"
"5020554",378676,2026-04-27 16:40:56,28.7810668945312,-17.7241439819336,"Unknown"
"5020554",378676,2026-04-27 16:41:56,28.7811031341553,-17.7242603302002,"Unknown"
"5020554",378676,2026-04-27 16:42:56,28.7811489105225,-17.7244358062744,"Unknown"
"5020554",378676,2026-04-27 16:43:56,28.7811717987061,-17.7245807647705,"Unknown"
"5020554",378676,2026-04-27 16:44:56,28.7812061309814,-17.7247486114502,"Unknown"
"5020554",378676,2026-04-27 16:45:56,28.7812194824219,-17.7248554229736,"Unknown"
"5020554",378676,2026-04-27 16:46:56,28.7812881469727,-17.7249889373779,"Unknown"
"5020554",378676,2026-04-27 16:47:56,28.7813148498535,-17.7251052856445,"Unknown"
"5020554",378676,2026-04-27 16:48:56,28.7813587188721,-17.7252178192139,"Unknown"
"5020554",378676,2026-04-27 16:49:56,28.7813854217529,-17.7253265380859,"Unknown"
"5020554",378676,2026-04-27 16:50:56,28.7814350128174,-17.7254676818848,"Unknown"
"5020554",378676,2026-04-27 16:51:56,28.7814674377441,-17.7255992889404,"Unknown"
"5020554",378676,2026-04-27 16:52:56,28.7814922332764,-17.7257022857666,"Unknown"
"5020554",378676,2026-04-27 16:53:56,28.7815341949463,-17.725830078125,"Unknown"
"5020554",378676,2026-04-27 16:54:56,28.7815723419189,-17.7259407043457,"Unknown"
"5020554",378676,2026-04-27 16:55:56,28.7815990447998,-17.7261085510254,"Unknown"
"5020554",378676,2026-04-27 16:56:56,28.7816734313965,-17.7262363433838,"Unknown"
"5020554",378676,2026-04-27 16:57:57,28.7816867828369,-17.7263717651367,"Unknown"
"5020554",378676,2026-04-27 16:58:56,28.7817649841309,-17.7264461517334,"Unknown"
"5020554",378676,2026-04-27 16:59:56,28.7818145751953,-17.7265014648438,"Unknown"
"5020554",378676,2026-04-27 17:00:56,28.7818241119385,-17.7265949249268,"Unknown"
"5020554",378676,2026-04-27 17:01:56,28.781852722168,-17.7266750335693,"Unknown"
"5020554",378676,2026-04-27 17:02:56,28.7818794250488,-17.7267913818359,"Unknown"
"5020554",378676,2026-04-27 17:03:57,28.7818393707275,-17.7268218994141,"Unknown"
"5020554",378676,2026-04-27 17:04:56,28.7818279266357,-17.7268905639648,"Unknown"
"5020554",378676,2026-04-27 17:05:56,28.7818565368652,-17.7269630432129,"Unknown"
"5020554",378676,2026-04-27 17:06:56,28.7797069549561,-17.7256603240967,"Unknown"
"5020554",378676,2026-04-27 17:07:57,28.7761745452881,-17.7211074829102,"Unknown"
"5020554",378676,2026-04-27 17:08:56,28.7724552154541,-17.72292137146,"Unknown"
"5020554",378676,2026-04-27 17:09:56,28.7700939178467,-17.7286357879639,"Unknown"
"5020554",378676,2026-04-27 17:10:56,28.76731300354,-17.7343673706055,"Unknown"
"5020554",378676,2026-04-27 17:11:56,28.764799118042,-17.7297611236572,"Unknown"
"5020554",378676,2026-04-27 17:12:57,28.7633361816406,-17.7221012115479,"Unknown"
"5020554",378676,2026-04-27 17:13:56,28.7630100250244,-17.7212200164795,"Unknown"
"5020554",378676,2026-04-27 17:14:58,28.764518737793,-17.7198429107666,"Unknown"
"5020554",378676,2026-04-27 17:15:57,28.7672595977783,-17.7202777862549,"Unknown"
"5020554",378676,2026-04-27 17:16:59,28.7686347961426,-17.7234020233154,"Unknown"
"5020554",378676,2026-04-27 17:17:58,28.7691116333008,-17.726037979126,"Unknown"
"5020554",378676,2026-04-27 17:18:59,28.7685222625732,-17.7264919281006,"Unknown"
"5020554",378676,2026-04-27 17:19:59,28.7701892852783,-17.7250823974609,"Unknown"
"5020554",378676,2026-04-27 17:20:58,28.7730369567871,-17.7212982177734,"Unknown"
"5020554",378676,2026-04-27 17:21:58,28.7739334106445,-17.7216453552246,"Unknown"
"5020554",378676,2026-04-27 17:22:58,28.773853302002,-17.7217044830322,"Unknown"
"5020554",378676,2026-04-27 17:23:58,28.7737636566162,-17.7217216491699,"Unknown"
"5020554",378676,2026-04-27 17:24:58,28.7736377716064,-17.7217464447021,"Unknown"
"5020554",378676,2026-04-27 17:25:59,28.7721099853516,-17.7238159179688,"Unknown"
"5020554",378676,2026-04-27 17:26:58,28.7694931030273,-17.728967666626,"Unknown"
"5020554",378676,2026-04-27 17:27:58,28.7698745727539,-17.7291526794434,"Unknown"
"5020554",378676,2026-04-27 17:28:59,28.7679843902588,-17.7221660614014,"Unknown"
"5020554",378676,2026-04-27 17:29:58,28.764274597168,-17.715669631958,"Unknown"
"5020554",378676,2026-04-27 17:31:00,28.7610168457031,-17.7138481140137,"Unknown"
"5020554",378676,2026-04-27 17:41:02,28.7482604980469,-17.7168827056885,"Unknown"
"5020554",378676,2026-04-27 17:51:00,28.7681274414062,-17.7324333190918,"Unknown"
"5020554",378676,2026-04-27 17:51:59,28.7700099945068,-17.735372543335,"Unknown"
"5020554",378676,2026-04-27 17:53:00,28.772741317749,-17.7369689941406,"Unknown"
"5020554",378676,2026-04-27 17:54:01,28.7753734588623,-17.7349147796631,"Unknown"
"5020554",378676,2026-04-27 17:55:01,28.770544052124,-17.7335548400879,"Unknown"
"5020554",378676,2026-04-27 17:56:00,28.7706069946289,-17.7323417663574,"Unknown"
"5020554",378676,2026-04-27 17:56:59,28.7707901000977,-17.7325916290283,"Unknown"
"5020554",378676,2026-04-27 17:57:58,28.7678985595703,-17.7324542999268,"Unknown"
"5020554",378676,2026-04-27 17:58:59,28.7680683135986,-17.7318286895752,"Unknown"
"5020554",378676,2026-04-27 18:00:00,28.7669582366943,-17.729211807251,"Unknown"
"5020554",378676,2026-04-27 18:00:58,28.7656078338623,-17.7300891876221,"Unknown"
"5020554",378676,2026-04-27 18:01:59,28.7649040222168,-17.7293872833252,"Unknown"
"5020554",378676,2026-04-27 18:02:58,28.7632122039795,-17.72922706604,"Unknown"
"5020554",378676,2026-04-27 18:03:58,28.7621421813965,-17.7291736602783,"Unknown"
"5020554",378676,2026-04-27 18:04:59,28.7615642547607,-17.7288646697998,"Unknown"
"5020554",378676,2026-04-27 18:06:01,28.7634811401367,-17.7297210693359,"Unknown"
"5020554",378676,2026-04-27 18:07:01,28.7638740539551,-17.7329616546631,"Unknown"
"5020554",378676,2026-04-27 18:08:01,28.7658233642578,-17.7355556488037,"Unknown"
"5020554",378676,2026-04-27 18:09:00,28.7679309844971,-17.7362480163574,"Unknown"
"5020554",378676,2026-04-27 18:10:00,28.7696132659912,-17.7394104003906,"Unknown"
"5020554",378676,2026-04-27 18:11:01,28.7725086212158,-17.7392425537109,"Unknown"
"5020554",378676,2026-04-27 18:11:58,28.7757053375244,-17.7392139434814,"Unknown"
"5020554",378676,2026-04-27 18:13:00,28.7778034210205,-17.7419834136963,"Unknown"
"5020554",378676,2026-04-27 18:14:01,28.7800846099854,-17.7434005737305,"Unknown"
"5020554",378676,2026-04-27 18:15:00,28.782564163208,-17.7447929382324,"Unknown"
"5020554",378676,2026-04-27 18:16:01,28.7846584320068,-17.7467002868652,"Unknown"
"5020554",378676,2026-04-27 18:17:00,28.7873039245605,-17.745641708374,"Unknown"
"5020554",378676,2026-04-27 18:18:01,28.790433883667,-17.7451763153076,"Unknown"
"5020554",378676,2026-04-27 18:19:00,28.7933025360107,-17.7445659637451,"Unknown"
"5020554",378676,2026-04-27 18:20:01,28.7963447570801,-17.743314743042,"Unknown"
"5020554",378676,2026-04-27 18:21:02,28.8001766204834,-17.7427139282227,"Unknown"
"5020554",378676,2026-04-27 18:22:00,28.8032684326172,-17.7408809661865,"Unknown"
"5020554",378676,2026-04-27 18:23:00,28.8033199310303,-17.7411594390869,"Unknown"
"5020554",378676,2026-04-27 18:25:23,28.8073825836182,-17.7412223815918,"Unknown"
"5020554",378676,2026-04-27 18:26:15,28.8075218200684,-17.7409381866455,"Unknown"
"5020554",378676,2026-04-27 18:26:26,28.8074989318848,-17.7408771514893,"Unknown"
"5020554",378676,2026-04-27 18:27:28,28.8082408905029,-17.7406425476074,"Unknown"
"5020554",378676,2026-04-27 18:28:28,28.8090000152588,-17.7415447235107,"Unknown"
"5020554",378676,2026-04-27 18:29:30,28.8092746734619,-17.7415885925293,"Unknown"
"5020554",378676,2026-04-27 18:30:27,28.809398651123,-17.7416172027588,"Unknown"
"5020554",378676,2026-04-27 18:31:40,28.8105392456055,-17.7404403686523,"Unknown"
"5020554",378676,2026-04-27 18:32:27,28.8111038208008,-17.7406978607178,"Unknown"
"5020554",378676,2026-04-27 18:33:27,28.812837600708,-17.7437381744385,"Unknown"
"5020554",378676,2026-04-27 18:34:29,28.8157005310059,-17.7438583374023,"Unknown"
"5020554",378676,2026-04-27 18:35:27,28.8185157775879,-17.7419319152832,"Unknown"
"5020554",378676,2026-04-27 18:36:28,28.8211879730225,-17.7435684204102,"Unknown"
"5020554",378676,2026-04-27 18:37:27,28.8231239318848,-17.7460765838623,"Unknown"
"5020554",378676,2026-04-27 18:38:27,28.8261604309082,-17.7474269866943,"Unknown"
"5020554",378676,2026-04-27 18:39:29,28.828462600708,-17.750093460083,"Unknown"
"5020554",378676,2026-04-27 18:40:27,28.8310947418213,-17.7490730285645,"Unknown"
"5020554",378676,2026-04-27 18:41:27,28.8334255218506,-17.7495460510254,"Unknown"
"5020554",378676,2026-04-27 18:42:30,28.8346614837646,-17.7501754760742,"Unknown"
"5020554",378676,2026-04-27 18:43:31,28.835657119751,-17.7498302459717,"Unknown"
"5020554",378676,2026-04-27 18:44:29,28.8365669250488,-17.7506065368652,"Unknown"
"5020554",378676,2026-04-27 18:45:28,28.8379764556885,-17.7508945465088,"Unknown"
"5020554",378676,2026-04-27 18:47:52,28.836145401001,-17.7516040802002,"Unknown"
"5020554",378676,2026-04-27 18:49:22,28.8374309539795,-17.751256942749,"Unknown"
"5020554",378676,2026-04-27 18:49:49,28.8374996185303,-17.751293182373,"Unknown"
"5020554",378676,2026-04-27 18:50:28,28.8379249572754,-17.7517242431641,"Unknown"
"5020554",378676,2026-04-27 18:51:36,28.8378486633301,-17.75022315979,"Unknown"
"5020554",378676,2026-04-27 18:52:27,28.8373279571533,-17.7506542205811,"Unknown"
"5020554",378676,2026-04-27 18:53:31,28.8394050598145,-17.7497177124023,"Unknown"
"5020554",378676,2026-04-27 18:54:32,28.8406715393066,-17.7489776611328,"Unknown"
"5020554",378676,2026-04-27 18:55:27,28.8415374755859,-17.7480525970459,"Unknown"
"5020554",378676,2026-04-27 18:56:29,28.842264175415,-17.7492637634277,"Unknown"
"5020554",378676,2026-04-27 18:57:27,28.8436622619629,-17.7494716644287,"Unknown"
"5020554",378676,2026-04-27 18:58:29,28.845329284668,-17.751392364502,"Unknown"
"5020554",378676,2026-04-27 18:59:30,28.8453159332275,-17.7513637542725,"Unknown"
"5020554",378676,2026-04-27 19:00:30,28.8454685211182,-17.7514476776123,"Unknown"
"5020554",378676,2026-04-27 19:01:30,28.8455371856689,-17.7511310577393,"Unknown"
"5020554",378676,2026-04-27 19:02:29,28.8464317321777,-17.7524356842041,"Unknown"
"5020554",378676,2026-04-27 19:03:27,28.8472194671631,-17.7514247894287,"Unknown"
"5020554",378676,2026-04-27 19:04:31,28.8480625152588,-17.7532138824463,"Unknown"
"5020554",378676,2026-04-27 19:05:29,28.8482189178467,-17.7517890930176,"Unknown"
"5020554",378676,2026-04-27 19:06:30,28.8501720428467,-17.7525367736816,"Unknown"
"5020554",378676,2026-04-27 19:07:30,28.8508224487305,-17.7539405822754,"Unknown"
"5020554",378676,2026-04-27 19:08:29,28.8514194488525,-17.751049041748,"Unknown"
"5020554",378676,2026-04-27 19:09:31,28.852014541626,-17.7514152526855,"Unknown"
"5020554",378676,2026-04-27 19:10:28,28.8523578643799,-17.7532119750977,"Unknown"
"5020554",378676,2026-04-27 19:11:38,28.8521995544434,-17.7531585693359,"Unknown"
"5020554",378676,2026-04-27 19:12:28,28.853307723999,-17.7536945343018,"Unknown"
"5020554",378676,2026-04-27 19:13:31,28.8551826477051,-17.7538051605225,"Unknown"
"5020554",378676,2026-04-27 19:14:29,28.8554553985596,-17.7530727386475,"Unknown"
"5020554",378676,2026-04-27 19:15:29,28.8555641174316,-17.7508525848389,"Unknown"
"5020554",378676,2026-04-27 19:16:28,28.8567657470703,-17.749137878418,"Unknown"
"5020554",378676,2026-04-27 19:17:31,28.8577537536621,-17.7468147277832,"Unknown"
"5020554",378676,2026-04-27 19:18:28,28.8601150512695,-17.7476711273193,"Unknown"
"5020554",378676,2026-04-27 19:19:34,28.8614597320557,-17.7490482330322,"Unknown"
"5020554",378676,2026-04-27 19:20:28,28.8612270355225,-17.748706817627,"Unknown"
"5020554",378676,2026-04-27 19:21:28,28.8643417358398,-17.7484798431396,"Unknown"
"5020554",378676,2026-04-27 19:22:28,28.863805770874,-17.746208190918,"Unknown"
"5020554",378676,2026-04-27 19:23:28,28.8649349212646,-17.7466716766357,"Unknown"
"5020554",378676,2026-04-27 19:24:28,28.8661346435547,-17.7480888366699,"Unknown"
"5020554",378676,2026-04-27 19:25:28,28.8675365447998,-17.747537612915,"Unknown"
"5020554",378676,2026-04-27 19:26:29,28.8687343597412,-17.7470989227295,"Unknown"
"5020554",378676,2026-04-27 19:27:30,28.8705520629883,-17.7477207183838,"Unknown"
"5020554",378676,2026-04-27 19:28:28,28.8701248168945,-17.7480735778809,"Unknown"
"5020554",378676,2026-04-27 19:29:39,28.8698234558105,-17.7467231750488,"Unknown"
"5020554",378676,2026-04-27 19:30:28,28.8699531555176,-17.7467842102051,"Unknown"
"5020554",378676,2026-04-27 19:31:28,28.8700542449951,-17.7468528747559,"Unknown"
"5020554",378676,2026-04-27 19:32:28,28.8701305389404,-17.7468795776367,"Unknown"
"5020554",378676,2026-04-27 19:33:31,28.870246887207,-17.7495174407959,"Unknown"
"5020554",378676,2026-04-27 19:34:29,28.8732070922852,-17.7474422454834,"Unknown"
"5020554",378676,2026-04-27 19:35:40,28.8731498718262,-17.7477531433105,"Unknown"
"5020554",378676,2026-04-27 19:36:29,28.8732872009277,-17.7478656768799,"Unknown"
"5020554",378676,2026-04-27 19:37:30,28.8754482269287,-17.746618270874,"Unknown"
"5020554",378676,2026-04-27 19:38:33,28.8756771087646,-17.7452373504639,"Unknown"
"5020554",378676,2026-04-27 19:39:28,28.8769111633301,-17.7444190979004,"Unknown"
"5020554",378676,2026-04-27 19:41:52,28.8779430389404,-17.7453689575195,"Unknown"
"5020554",378676,2026-04-27 19:43:22,28.8800354003906,-17.7439422607422,"Unknown"
"5020554",378676,2026-04-27 19:44:52,28.8810787200928,-17.7457504272461,"Unknown"
"5020554",378676,2026-04-27 19:46:22,28.8828392028809,-17.7427577972412,"Unknown"
"5020554",378676,2026-04-27 20:25:26,28.8525333404541,-17.8350257873535,"Unknown"
"5020554",378676,2026-04-27 20:34:56,28.8522453308105,-17.8353500366211,"Unknown"
"5020554",378676,2026-04-27 20:35:56,28.8522148132324,-17.8353424072266,"Unknown"
"5020554",378676,2026-04-27 20:36:56,28.8521900177002,-17.8353404998779,"Unknown"
"5020554",378676,2026-04-27 20:37:56,28.8521633148193,-17.835376739502,"Unknown"
"5020554",378676,2026-04-27 20:38:56,28.8521461486816,-17.8354148864746,"Unknown"
"5020554",378676,2026-04-27 20:39:56,28.8521137237549,-17.8353977203369,"Unknown"
"5020554",378676,2026-04-27 20:40:56,28.8520641326904,-17.8354225158691,"Unknown"
"5020554",378676,2026-04-27 20:41:56,28.8520202636719,-17.8354740142822,"Unknown"
"5020554",378676,2026-04-27 20:42:56,28.8519763946533,-17.8354911804199,"Unknown"
"5020554",378676,2026-04-27 20:43:56,28.8519611358643,-17.8354816436768,"Unknown"
"5020554",378676,2026-04-27 20:44:56,28.8519554138184,-17.8355178833008,"Unknown"
"5020554",378676,2026-04-27 20:45:56,28.8519172668457,-17.8355464935303,"Unknown"
"5020554",378676,2026-04-27 20:46:56,28.8519191741943,-17.8355159759521,"Unknown"
"5020554",378676,2026-04-27 20:47:56,28.8518905639648,-17.8355293273926,"Unknown"
"5020554",378676,2026-04-27 20:48:56,28.8518352508545,-17.835506439209,"Unknown"
"5020554",378676,2026-04-27 20:49:56,28.8518142700195,-17.8354949951172,"Unknown"
"5020554",378676,2026-04-27 20:50:56,28.8517551422119,-17.8355102539062,"Unknown"
"5020554",378676,2026-04-27 20:51:56,28.8517398834229,-17.8354892730713,"Unknown"
"5020554",378676,2026-04-27 20:52:56,28.851713180542,-17.8354988098145,"Unknown"
"5020554",378676,2026-04-27 20:53:56,28.8517055511475,-17.8355369567871,"Unknown"
"5020554",378676,2026-04-27 20:54:56,28.8516464233398,-17.8355503082275,"Unknown"
"5020554",378676,2026-04-27 20:55:56,28.8516368865967,-17.8355846405029,"Unknown"
"5020554",378676,2026-04-27 20:56:56,28.8516025543213,-17.8355941772461,"Unknown"
"5020554",378676,2026-04-27 20:57:56,28.8515548706055,-17.8356456756592,"Unknown"
"5020554",378676,2026-04-27 20:58:56,28.8515071868896,-17.8356895446777,"Unknown"
"5020554",378676,2026-04-27 20:59:56,28.8514804840088,-17.8357276916504,"Unknown"
"5020554",378676,2026-04-27 21:00:56,28.8514862060547,-17.8356971740723,"Unknown"
"5020554",378676,2026-04-27 21:01:56,28.8514728546143,-17.8357257843018,"Unknown"
"5020554",378676,2026-04-27 21:02:56,28.8514595031738,-17.8357124328613,"Unknown"
"5020554",378676,2026-04-27 21:03:56,28.8514442443848,-17.8357448577881,"Unknown"
"5020554",378676,2026-04-27 21:04:56,28.8514194488525,-17.8357181549072,"Unknown"
"5020554",378676,2026-04-27 21:05:56,28.8513946533203,-17.8357524871826,"Unknown"
"5020554",378676,2026-04-27 21:06:56,28.8513774871826,-17.8357276916504,"Unknown"
"5020554",378676,2026-04-27 21:07:56,28.8513336181641,-17.8357582092285,"Unknown"
"5020554",378676,2026-04-27 21:08:56,28.8513011932373,-17.8358039855957,"Unknown"
"5020554",378676,2026-04-27 21:09:56,28.8512897491455,-17.8357925415039,"Unknown"
"5020554",378676,2026-04-27 21:10:56,28.8512268066406,-17.8358364105225,"Unknown"
"5020554",378676,2026-04-27 21:11:56,28.8512020111084,-17.8358497619629,"Unknown"
"5020554",378676,2026-04-27 21:12:56,28.8511543273926,-17.8358173370361,"Unknown"
"5020554",378676,2026-04-27 21:13:56,28.8511486053467,-17.8358879089355,"Unknown"
"5020554",378676,2026-04-27 21:14:56,28.8511409759521,-17.8359069824219,"Unknown"
"5020554",378676,2026-04-27 21:15:56,28.8511219024658,-17.8359107971191,"Unknown"
"5020554",378676,2026-04-27 21:16:56,28.8510513305664,-17.8359642028809,"Unknown"
"5020554",378676,2026-04-27 21:17:56,28.851016998291,-17.8359451293945,"Unknown"
"5020554",378676,2026-04-27 21:18:56,28.8510055541992,-17.835958480835,"Unknown"
"5020554",378676,2026-04-27 21:19:56,28.8509750366211,-17.8359909057617,"Unknown"
"5020554",378676,2026-04-27 21:20:56,28.8509197235107,-17.8360290527344,"Unknown"
"5020554",378676,2026-04-27 21:21:56,28.8508739471436,-17.8360137939453,"Unknown"
"5020554",378676,2026-04-27 21:22:56,28.8508281707764,-17.8360652923584,"Unknown"
"5020554",378676,2026-04-27 21:23:56,28.8507766723633,-17.8360633850098,"Unknown"
"5020554",378676,2026-04-27 21:24:56,28.8507328033447,-17.8360996246338,"Unknown"
"5020554",378676,2026-04-27 21:25:56,28.8506965637207,-17.8361034393311,"Unknown"
"5020554",378676,2026-04-27 21:26:56,28.8506603240967,-17.8361167907715,"Unknown"
"5020554",378676,2026-04-27 21:27:56,28.8506202697754,-17.8360996246338,"Unknown"
"5020554",378676,2026-04-27 21:28:56,28.8505954742432,-17.8360958099365,"Unknown"
"5020554",378676,2026-04-27 21:29:56,28.8505611419678,-17.8361434936523,"Unknown"
"5020554",378676,2026-04-27 21:30:56,28.8505172729492,-17.8361892700195,"Unknown"
"5020554",378676,2026-04-27 21:31:56,28.8504829406738,-17.8361396789551,"Unknown"
"5020554",378676,2026-04-27 21:32:56,28.8504791259766,-17.8361415863037,"Unknown"
"5020554",378676,2026-04-27 21:33:56,28.8504657745361,-17.8361778259277,"Unknown"
"5020554",378676,2026-04-27 21:34:56,28.8504600524902,-17.836238861084,"Unknown"
"5020554",378676,2026-04-27 21:35:56,28.8504657745361,-17.8362731933594,"Unknown"
"5020554",378676,2026-04-27 21:36:57,28.8504409790039,-17.8362884521484,"Unknown"
"5020554",378676,2026-04-27 21:37:56,28.8504638671875,-17.8362693786621,"Unknown"
"5020554",378676,2026-04-27 21:38:56,28.8504219055176,-17.8362579345703,"Unknown"
"5020554",378676,2026-04-27 21:39:57,28.8503932952881,-17.8362503051758,"Unknown"
"5020554",378676,2026-04-27 21:40:56,28.8503742218018,-17.8362121582031,"Unknown"
"5020554",378676,2026-04-27 21:41:56,28.8503761291504,-17.8361873626709,"Unknown"
"5020554",378676,2026-04-27 21:42:56,28.8503570556641,-17.8362102508545,"Unknown"
"5020554",378676,2026-04-27 21:43:56,28.8503494262695,-17.8362236022949,"Unknown"
"5020554",378676,2026-04-27 21:44:56,28.8502998352051,-17.8362255096436,"Unknown"
"5020554",378676,2026-04-27 21:45:56,28.8502788543701,-17.8362255096436,"Unknown"
"5020554",378676,2026-04-27 21:46:56,28.8502540588379,-17.8362140655518,"Unknown"
"5020554",378676,2026-04-27 21:47:56,28.8502178192139,-17.8361701965332,"Unknown"
"5020554",378676,2026-04-27 21:48:56,28.8502101898193,-17.8361511230469,"Unknown"
"5020554",378676,2026-04-27 21:49:56,28.850191116333,-17.8361473083496,"Unknown"
"5020554",378676,2026-04-27 21:50:56,28.8501777648926,-17.8361625671387,"Unknown"
"5020554",378676,2026-04-27 21:51:56,28.8501586914062,-17.8361301422119,"Unknown"
"5020554",378676,2026-04-27 21:52:56,28.8501491546631,-17.8361053466797,"Unknown"
"5020554",378676,2026-04-27 21:53:56,28.8501472473145,-17.8360786437988,"Unknown"
"5020554",378676,2026-04-27 21:54:56,28.8501396179199,-17.8360824584961,"Unknown"
"5020554",378676,2026-04-27 21:55:57,28.8501148223877,-17.8360557556152,"Unknown"
"5020554",378676,2026-04-27 21:56:56,28.8501243591309,-17.8360443115234,"Unknown"
"5020554",378676,2026-04-27 21:57:58,28.8501377105713,-17.8360595703125,"Unknown"
"5020554",378676,2026-04-27 21:58:59,28.8501358032227,-17.8360137939453,"Unknown"
"5020554",378676,2026-04-27 21:59:59,28.8501491546631,-17.8359718322754,"Unknown"
"5020554",378676,2026-04-27 22:00:57,28.8501529693604,-17.8359870910645,"Unknown"
"5020554",378676,2026-04-27 22:01:58,28.8501319885254,-17.8359889984131,"Unknown"
"5020554",378676,2026-04-27 22:02:58,28.8501205444336,-17.8359928131104,"Unknown"
"5020554",378676,2026-04-27 22:03:58,28.8500938415527,-17.835994720459,"Unknown"
"5020554",378676,2026-04-27 22:04:58,28.8500499725342,-17.8360118865967,"Unknown"
"5020554",378676,2026-04-27 22:05:58,28.8500232696533,-17.8360157012939,"Unknown"
"5020554",378676,2026-04-27 22:06:59,28.8500003814697,-17.8359794616699,"Unknown"
"5020554",378676,2026-04-27 22:07:59,28.8499965667725,-17.8359928131104,"Unknown"
"5020554",378676,2026-04-27 22:08:59,28.8500576019287,-17.8359870910645,"Unknown"
"5020554",378676,2026-04-27 22:09:57,28.8500728607178,-17.8360176086426,"Unknown"
"5020554",378676,2026-04-27 22:10:59,28.8500690460205,-17.8359909057617,"Unknown"
"5020554",378676,2026-04-27 22:12:00,28.8500442504883,-17.8359603881836,"Unknown"
"5020554",378676,2026-04-27 22:12:59,28.8500709533691,-17.8359451293945,"Unknown"
"5020554",378676,2026-04-27 22:13:56,28.8500480651855,-17.8359622955322,"Unknown"
"5020554",378676,2026-04-27 22:14:59,28.8500442504883,-17.8359909057617,"Unknown"
"5020554",378676,2026-04-27 22:15:56,28.8500366210938,-17.836009979248,"Unknown"
"5020554",378676,2026-04-27 22:16:58,28.8500137329102,-17.8359928131104,"Unknown"
"5020554",378676,2026-04-27 22:17:56,28.8500175476074,-17.8360385894775,"Unknown"
"5020554",378676,2026-04-27 22:18:56,28.8500289916992,-17.8360195159912,"Unknown"
"5020554",378676,2026-04-27 22:19:59,28.8500156402588,-17.836088180542,"Unknown"
"5020554",378676,2026-04-27 22:20:56,28.8500213623047,-17.8360824584961,"Unknown"
"5020554",378676,2026-04-27 22:21:58,28.8499889373779,-17.8360996246338,"Unknown"
"5020554",378676,2026-04-27 22:22:59,28.8499965667725,-17.8361167907715,"Unknown"
"5020554",378676,2026-04-27 22:23:59,28.8499736785889,-17.836109161377,"Unknown"
"5020554",378676,2026-04-27 22:24:58,28.8500003814697,-17.836124420166,"Unknown"
"5020554",378676,2026-04-27 22:25:58,28.8500137329102,-17.8361129760742,"Unknown"
"5020554",378676,2026-04-27 22:26:58,28.8500595092773,-17.8361415863037,"Unknown"
"5020554",378676,2026-04-27 22:27:59,28.8500957489014,-17.8361778259277,"Unknown"
"5020554",378676,2026-04-27 22:28:58,28.8501110076904,-17.8361854553223,"Unknown"
"5020554",378676,2026-04-27 22:29:58,28.8501300811768,-17.8362312316895,"Unknown"
"5020554",378676,2026-04-27 22:30:56,28.8501815795898,-17.8362407684326,"Unknown"
"5020554",378676,2026-04-27 22:31:56,28.8501892089844,-17.8362503051758,"Unknown"
"5020554",378676,2026-04-27 22:32:56,28.850227355957,-17.8362731933594,"Unknown"
"5020554",378676,2026-04-27 22:33:57,28.8502559661865,-17.8363590240479,"Unknown"
"5020554",378676,2026-04-27 22:35:01,28.8502635955811,-17.8363971710205,"Unknown"
"5020554",378676,2026-04-27 22:35:57,28.8502922058105,-17.8364105224609,"Unknown"
"5020554",378676,2026-04-27 22:36:57,28.8503322601318,-17.8364334106445,"Unknown"
"5020554",378676,2026-04-27 22:37:58,28.850341796875,-17.8365345001221,"Unknown"
"5020554",378676,2026-04-27 22:38:58,28.8503570556641,-17.8365726470947,"Unknown"
"5020554",378676,2026-04-27 22:39:56,28.850399017334,-17.8366241455078,"Unknown"
"5020554",378676,2026-04-27 22:41:03,28.8504467010498,-17.8366737365723,"Unknown"
"5020554",378676,2026-04-27 22:41:59,28.8504867553711,-17.8366737365723,"Unknown"
"5020554",378676,2026-04-27 22:43:01,28.8505001068115,-17.8367118835449,"Unknown"
"5020554",378676,2026-04-27 22:43:56,28.8505916595459,-17.8367023468018,"Unknown"
"5020554",378676,2026-04-27 22:44:57,28.8506050109863,-17.8367385864258,"Unknown"
"5020554",378676,2026-04-27 22:45:58,28.8506851196289,-17.836742401123,"Unknown"
"5020554",378676,2026-04-27 22:46:56,28.8507118225098,-17.8367691040039,"Unknown"
"5020554",378676,2026-04-27 22:47:56,28.8507709503174,-17.8367404937744,"Unknown"
"5020554",378676,2026-04-27 22:48:57,28.8508110046387,-17.8367786407471,"Unknown"
"5020554",378676,2026-04-27 22:49:58,28.8508758544922,-17.8367519378662,"Unknown"
"5020554",378676,2026-04-27 22:50:58,28.8509178161621,-17.8367805480957,"Unknown"
"5020554",378676,2026-04-27 22:51:57,28.850959777832,-17.8368129730225,"Unknown"
"5020554",378676,2026-04-27 22:52:56,28.8509845733643,-17.8369007110596,"Unknown"
"5020554",378676,2026-04-27 22:53:57,28.8510265350342,-17.8369331359863,"Unknown"
"5020554",378676,2026-04-27 22:54:57,28.8510665893555,-17.8370151519775,"Unknown"
"5020554",378676,2026-04-27 22:55:57,28.8510990142822,-17.8370552062988,"Unknown"
"5020554",378676,2026-04-27 22:56:59,28.8511428833008,-17.8370018005371,"Unknown"
"5020554",378676,2026-04-27 23:06:58,28.851634979248,-17.8371467590332,"Unknown"
"5020554",378676,2026-04-27 23:07:57,28.8517036437988,-17.8371963500977,"Unknown"
"5020554",378676,2026-04-27 23:08:57,28.8517169952393,-17.8372421264648,"Unknown"
"5020554",378676,2026-04-27 23:09:58,28.8517265319824,-17.8372402191162,"Unknown"
"5020554",378676,2026-04-27 23:20:27,28.8521308898926,-17.8373889923096,"Unknown"
"5020554",378676,2026-04-27 23:20:56,28.8521614074707,-17.8374118804932,"Unknown"
"5020554",378676,2026-04-27 23:30:56,28.8525924682617,-17.8376522064209,"Unknown"
"5020554",378676,2026-04-27 23:31:57,28.8526496887207,-17.8376770019531,"Unknown"
"5020554",378676,2026-04-27 23:32:58,28.8526821136475,-17.8376941680908,"Unknown"
"5020554",378676,2026-04-27 23:42:56,28.853141784668,-17.8375625610352,"Unknown"
"5020554",378676,2026-04-27 23:43:56,28.8532028198242,-17.8375549316406,"Unknown"
"5020554",378676,2026-04-27 23:53:56,28.8536987304688,-17.8373222351074,"Unknown"
"5020554",378676,2026-04-27 23:54:56,28.8537712097168,-17.8372802734375,"Unknown"
"5020554",378676,2026-04-28 00:04:56,28.8542900085449,-17.8371124267578,"Unknown"
"5020554",378676,2026-04-28 00:05:56,28.8543720245361,-17.8371257781982,"Unknown"
"5020554",378676,2026-04-28 00:15:56,28.8550338745117,-17.8371677398682,"Unknown"
"5020554",378676,2026-04-28 00:25:56,28.855676651001,-17.8371753692627,"Unknown"
"5020554",378676,2026-04-28 00:26:57,28.855749130249,-17.8371467590332,"Unknown"
"5020554",378676,2026-04-28 00:36:57,28.8563442230225,-17.8368587493896,"Unknown"
"5020554",378676,2026-04-28 00:46:56,28.8569679260254,-17.8364486694336,"Unknown"
"5020554",378676,2026-04-28 00:56:57,28.8575744628906,-17.8361568450928,"Unknown"
"5020554",378676,2026-04-28 01:06:59,28.8582668304443,-17.8359527587891,"Unknown"
"5020554",378676,2026-04-28 01:16:57,28.8553619384766,-17.8365955352783,"Unknown"
"5020554",378676,2026-04-28 01:26:59,28.8557376861572,-17.8365516662598,"Unknown"
"5020554",378676,2026-04-28 01:36:59,28.8503360748291,-17.8364067077637,"Unknown"
"5020554",378676,2026-04-28 01:47:17,28.8553619384766,-17.833667755127,"Unknown"
"5020554",378676,2026-04-28 01:56:58,28.8554973602295,-17.8331909179688,"Unknown"
"5020554",378676,2026-04-28 02:07:27,28.8555145263672,-17.8327770233154,"Unknown"
"5020554",378676,2026-04-28 02:16:56,28.8544445037842,-17.8321514129639,"Unknown"
"5020554",378676,2026-04-28 02:26:56,28.8549003601074,-17.8316116333008,"Unknown"
"5020554",378676,2026-04-28 02:36:56,28.8551368713379,-17.8311901092529,"Unknown"
"5020554",378676,2026-04-28 02:46:56,28.8552932739258,-17.8306865692139,"Unknown"
"5020554",378676,2026-04-28 02:56:58,28.8554973602295,-17.8374919891357,"Unknown"
"5020554",378676,2026-04-28 03:06:59,28.8492012023926,-17.8786754608154,"Unknown"
"5020554",378676,2026-04-28 03:17:01,28.8326015472412,-17.8795261383057,"Unknown"
"5020554",378676,2026-04-28 03:27:27,28.8021965026855,-17.8130722045898,"Unknown"
"5020554",378676,2026-04-28 03:37:51,28.7801742553711,-17.8109874725342,"Unknown"
"5020554",378676,2026-04-28 03:46:59,28.7802066802979,-17.8111934661865,"Unknown"
"5020554",378676,2026-04-28 03:56:56,28.7802333831787,-17.81125831604,"Unknown"
"5020554",378676,2026-04-28 04:07:35,28.7801818847656,-17.8112144470215,"Unknown"
"5020554",378676,2026-04-28 04:17:35,28.7801609039307,-17.8112010955811,"Unknown"
"5020554",378676,2026-04-28 04:26:57,28.7801761627197,-17.8111953735352,"Unknown"
"5020554",378676,2026-04-28 04:36:58,28.7801551818848,-17.8111953735352,"Unknown"
"5020554",378676,2026-04-28 04:48:21,28.7799587249756,-17.8113307952881,"Unknown"
"5020554",378676,2026-04-28 04:58:21,28.7799892425537,-17.8112831115723,"Unknown"
"5020554",378676,2026-04-28 05:18:21,28.779972076416,-17.8111972808838,"Unknown"
"5020554",378676,2026-04-28 05:26:58,28.7801780700684,-17.8112983703613,"Unknown"
"5020554",378676,2026-04-28 05:37:02,28.8045463562012,-17.7436408996582,"Unknown"
"5020554",378676,2026-04-28 05:46:57,28.82350730896,-17.7539234161377,"Unknown"
"5020554",378676,2026-04-28 05:56:57,28.8246765136719,-17.757022857666,"Unknown"
"5020554",378676,2026-04-28 06:07:00,28.8250389099121,-17.7566909790039,"Unknown"
"5020554",378676,2026-04-28 06:16:57,28.8263263702393,-17.7572402954102,"Unknown"
"5020554",378676,2026-04-28 06:26:59,28.7982597351074,-17.7343883514404,"Unknown"
"5020554",378676,2026-04-28 06:36:59,28.752965927124,-17.7199230194092,"Unknown"
"5020554",378676,2026-04-28 06:46:58,28.7126598358154,-17.7221584320068,"Unknown"
"5020554",378676,2026-04-28 06:57:17,28.6944026947021,-17.7081851959229,"Unknown"
"5020554",378676,2026-04-28 07:07:27,28.6942863464355,-17.7084789276123,"Unknown"
"5020554",378676,2026-04-28 07:16:56,28.6940898895264,-17.7086963653564,"Unknown"
"5020554",378676,2026-04-28 07:26:56,28.6940021514893,-17.7089252471924,"Unknown"
"5020554",378676,2026-04-28 07:36:56,28.694164276123,-17.709264755249,"Unknown"
"5020554",378676,2026-04-28 07:46:56,28.7066593170166,-17.7157344818115,"Unknown"
"5020554",378676,2026-04-28 07:56:57,28.7381381988525,-17.7139625549316,"Unknown"
"5020554",378676,2026-04-28 08:06:58,28.763650894165,-17.7305526733398,"Unknown"
"5020554",378676,2026-04-28 08:16:59,28.7952861785889,-17.7468090057373,"Unknown"
"5020554",378676,2026-04-28 08:26:56,28.801420211792,-17.7344570159912,"Unknown"
"5020554",378676,2026-04-28 08:36:56,28.7969131469727,-17.7440032958984,"Unknown"
"5020554",378676,2026-04-28 08:46:58,28.7808132171631,-17.7366523742676,"Unknown"
"5020554",378676,2026-04-28 08:56:56,28.7787399291992,-17.7405300140381,"Unknown"
"5020554",378676,2026-04-28 09:06:56,28.7745342254639,-17.7313480377197,"Unknown"
"5020554",378676,2026-04-28 09:16:58,28.7750396728516,-17.7310447692871,"Unknown"
"5020554",378676,2026-04-28 09:17:58,28.775110244751,-17.7310447692871,"Unknown"
"5020554",378676,2026-04-28 09:18:58,28.7751731872559,-17.7310600280762,"Unknown"
"5020554",378676,2026-04-28 09:19:57,28.7752590179443,-17.7310523986816,"Unknown"
"5020554",378676,2026-04-28 09:20:58,28.7753524780273,-17.7311172485352,"Unknown"
"5020554",378676,2026-04-28 09:21:58,28.7754154205322,-17.7310829162598,"Unknown"
"5020554",378676,2026-04-28 09:22:56,28.775484085083,-17.7310771942139,"Unknown"
"5020554",378676,2026-04-28 09:23:56,28.7755661010742,-17.7310943603516,"Unknown"
"5020554",378676,2026-04-28 09:24:57,28.7756443023682,-17.7311305999756,"Unknown"
"5020554",378676,2026-04-28 09:25:56,28.7757053375244,-17.7310924530029,"Unknown"
"5020554",378676,2026-04-28 09:26:57,28.7757434844971,-17.7311229705811,"Unknown"
"5020554",378676,2026-04-28 09:27:57,28.7758312225342,-17.7311153411865,"Unknown"
"5020554",378676,2026-04-28 09:28:57,28.7759189605713,-17.7311592102051,"Unknown"
"5020554",378676,2026-04-28 09:29:56,28.7760047912598,-17.7311706542969,"Unknown"
"5020554",378676,2026-04-28 09:30:58,28.7760887145996,-17.7311916351318,"Unknown"
"5020554",378676,2026-04-28 09:31:57,28.7761573791504,-17.7312355041504,"Unknown"
"5020554",378676,2026-04-28 09:32:58,28.7762126922607,-17.731258392334,"Unknown"
"5020554",378676,2026-04-28 09:33:57,28.7763023376465,-17.7312965393066,"Unknown"
"5020554",378676,2026-04-28 09:34:57,28.7763919830322,-17.7312831878662,"Unknown"
"5020554",378676,2026-04-28 09:35:59,28.7764587402344,-17.7312850952148,"Unknown"
"5020554",378676,2026-04-28 09:36:57,28.7765159606934,-17.731315612793,"Unknown"
"5020554",378676,2026-04-28 09:37:58,28.7765960693359,-17.7313003540039,"Unknown"
"5020554",378676,2026-04-28 09:38:57,28.7766036987305,-17.7312908172607,"Unknown"
"5020554",378676,2026-04-28 09:39:59,28.7767429351807,-17.7313404083252,"Unknown"
"5020554",378676,2026-04-28 09:40:57,28.7768001556396,-17.7313613891602,"Unknown"
"5020554",378676,2026-04-28 09:41:58,28.776834487915,-17.7313899993896,"Unknown"
"5020554",378676,2026-04-28 09:42:58,28.7769374847412,-17.7314357757568,"Unknown"
"5020554",378676,2026-04-28 09:44:00,28.7769947052002,-17.7314987182617,"Unknown"
"5020554",378676,2026-04-28 09:45:00,28.7770347595215,-17.731517791748,"Unknown"
"5020554",378676,2026-04-28 09:46:17,28.77712059021,-17.731616973877,"Unknown"
"5020554",378676,2026-04-28 09:46:56,28.7771244049072,-17.73166847229,"Unknown"
"5020554",378676,2026-04-28 09:47:56,28.7772064208984,-17.7317142486572,"Unknown"
"5020554",378676,2026-04-28 09:48:55,28.7772598266602,-17.7317695617676,"Unknown"
"5020554",378676,2026-04-28 09:49:55,28.7773475646973,-17.7318305969238,"Unknown"
"5020554",378676,2026-04-28 09:50:57,28.7773780822754,-17.7319278717041,"Unknown"
"5020554",378676,2026-04-28 09:51:57,28.7774410247803,-17.7319679260254,"Unknown"
"5020554",378676,2026-04-28 09:52:56,28.7774791717529,-17.7320289611816,"Unknown"
"5020554",378676,2026-04-28 09:53:55,28.7775211334229,-17.7320442199707,"Unknown"
"5020554",378676,2026-04-28 09:54:55,28.7776126861572,-17.7320728302002,"Unknown"
"5020554",378676,2026-04-28 09:55:56,28.7776889801025,-17.7321281433105,"Unknown"
"5020554",378676,2026-04-28 09:56:55,28.7777004241943,-17.7321338653564,"Unknown"
"5020554",378676,2026-04-28 09:57:57,28.7777519226074,-17.7321701049805,"Unknown"
"5020554",378676,2026-04-28 09:58:56,28.7778224945068,-17.7322101593018,"Unknown"
"5020554",378676,2026-04-28 10:00:26,28.7778778076172,-17.7322425842285,"Unknown"
"5020554",378676,2026-04-28 10:00:57,28.7778987884521,-17.7322826385498,"Unknown"
"5020554",378676,2026-04-28 10:01:58,28.7798728942871,-17.7332458496094,"Unknown"
"5020554",378676,2026-04-28 10:03:09,28.7843132019043,-17.735445022583,"Unknown"
"5020554",378676,2026-04-28 10:03:58,28.7841186523438,-17.7380695343018,"Unknown"
"5020554",378676,2026-04-28 10:04:55,28.7873077392578,-17.7403182983398,"Unknown"
"5020554",378676,2026-04-28 10:05:56,28.7906131744385,-17.7428245544434,"Unknown"
"5020554",378676,2026-04-28 10:06:58,28.79319190979,-17.7465438842773,"Unknown"
"5020554",378676,2026-04-28 10:07:55,28.791353225708,-17.7499675750732,"Unknown"
"5020554",378676,2026-04-28 10:08:55,28.7903308868408,-17.7499847412109,"Unknown"
"5020554",378676,2026-04-28 10:09:56,28.7937908172607,-17.7496452331543,"Unknown"
"5020554",378676,2026-04-28 10:10:58,28.7977027893066,-17.7508525848389,"Unknown"
"5020554",378676,2026-04-28 10:11:58,28.8015651702881,-17.7522315979004,"Unknown"
"5020554",378676,2026-04-28 10:12:58,28.8055839538574,-17.7505855560303,"Unknown"
"5020554",378676,2026-04-28 10:14:00,28.8101081848145,-17.7499237060547,"Unknown"
"5020554",378676,2026-04-28 10:14:58,28.8138160705566,-17.751672744751,"Unknown"
"5020554",378676,2026-04-28 10:15:58,28.8177108764648,-17.752836227417,"Unknown"
"5020554",378676,2026-04-28 10:16:55,28.8214569091797,-17.7535610198975,"Unknown"
"5020554",378676,2026-04-28 10:17:56,28.8253860473633,-17.7562103271484,"Unknown"
"5020554",378676,2026-04-28 10:18:58,28.82861328125,-17.7574920654297,"Unknown"
"5020554",378676,2026-04-28 10:19:56,28.8317794799805,-17.7591609954834,"Unknown"
"5020554",378676,2026-04-28 10:20:58,28.8350200653076,-17.7605056762695,"Unknown"
"5020554",378676,2026-04-28 10:21:55,28.8382263183594,-17.7606754302979,"Unknown"
"5020554",378676,2026-04-28 10:22:56,28.8399391174316,-17.7647552490234,"Unknown"
"5020554",378676,2026-04-28 10:23:56,28.8420734405518,-17.7696056365967,"Unknown"
"5020554",378676,2026-04-28 10:24:56,28.8445529937744,-17.7735042572021,"Unknown"
"5020554",378676,2026-04-28 10:25:56,28.8481788635254,-17.7751560211182,"Unknown"
"5020554",378676,2026-04-28 10:26:58,28.8515586853027,-17.771577835083,"Unknown"
"5020554",378676,2026-04-28 10:27:56,28.8529815673828,-17.7680969238281,"Unknown"
"5020554",378676,2026-04-28 10:28:56,28.8524627685547,-17.7671146392822,"Unknown"
"5020554",378676,2026-04-28 10:29:56,28.8523540496826,-17.7670555114746,"Unknown"
"5020554",378676,2026-04-28 10:30:58,28.8522262573242,-17.7670001983643,"Unknown"
"5020554",378676,2026-04-28 10:31:56,28.8508224487305,-17.7666625976562,"Unknown"
"5020554",378676,2026-04-28 10:32:57,28.8450317382812,-17.7639217376709,"Unknown"
"5020554",378676,2026-04-28 10:33:56,28.8447246551514,-17.7641925811768,"Unknown"
"5020554",378676,2026-04-28 10:34:56,28.8445987701416,-17.7641525268555,"Unknown"
"5020554",378676,2026-04-28 10:35:58,28.8397846221924,-17.7652816772461,"Unknown"
"5020554",378676,2026-04-28 10:36:57,28.8393497467041,-17.7662754058838,"Unknown"
"5020554",378676,2026-04-28 10:37:56,28.8408069610596,-17.7669830322266,"Unknown"
"5020554",378676,2026-04-28 10:38:55,28.8412590026855,-17.7666034698486,"Unknown"
"5020554",378676,2026-04-28 10:39:58,28.842830657959,-17.7670555114746,"Unknown"
"5020554",378676,2026-04-28 10:40:56,28.8427314758301,-17.7670764923096,"Unknown"
"5020554",378676,2026-04-28 10:42:02,28.8436279296875,-17.7712345123291,"Unknown"
"5020554",378676,2026-04-28 10:42:57,28.8443260192871,-17.7727737426758,"Unknown"
"5020554",378676,2026-04-28 10:43:58,28.8468742370605,-17.7715282440186,"Unknown"
"5020554",378676,2026-04-28 10:44:56,28.8480777740479,-17.7717571258545,"Unknown"
"5020554",378676,2026-04-28 10:45:55,28.8490715026855,-17.7747020721436,"Unknown"
"5020554",378676,2026-04-28 10:46:56,28.8494167327881,-17.7750415802002,"Unknown"
"5020554",378676,2026-04-28 10:47:57,28.8505325317383,-17.7773303985596,"Unknown"
"5020554",378676,2026-04-28 10:48:58,28.8509368896484,-17.778018951416,"Unknown"
"5020554",378676,2026-04-28 10:49:56,28.8518009185791,-17.7800521850586,"Unknown"
"5020554",378676,2026-04-28 10:50:57,28.8535556793213,-17.7817344665527,"Unknown"
"5020554",378676,2026-04-28 10:51:58,28.8538761138916,-17.7832145690918,"Unknown"
"5020554",378676,2026-04-28 10:52:56,28.8560600280762,-17.7845935821533,"Unknown"
"5020554",378676,2026-04-28 10:53:56,28.8563423156738,-17.7846832275391,"Unknown"
"5020554",378676,2026-04-28 10:54:56,28.8580532073975,-17.786678314209,"Unknown"
"5020554",378676,2026-04-28 10:55:56,28.8598289489746,-17.789665222168,"Unknown"
"5020554",378676,2026-04-28 10:56:59,28.8621387481689,-17.7938117980957,"Unknown"
"5020554",378676,2026-04-28 10:57:58,28.8627605438232,-17.7987957000732,"Unknown"
"5020554",378676,2026-04-28 10:58:56,28.8639869689941,-17.8031921386719,"Unknown"
"5020554",378676,2026-04-28 10:59:56,28.8609809875488,-17.7984924316406,"Unknown"
"5020554",378676,2026-04-28 11:00:55,28.860912322998,-17.7959098815918,"Unknown"
"5020554",378676,2026-04-28 11:01:55,28.8608436584473,-17.7958106994629,"Unknown"
"5020554",378676,2026-04-28 11:02:59,28.8608913421631,-17.800085067749,"Unknown"
"5020554",378676,2026-04-28 11:03:58,28.8612957000732,-17.8022747039795,"Unknown"
"5020554",378676,2026-04-28 11:04:58,28.8612651824951,-17.8021430969238,"Unknown"
"5020554",378676,2026-04-28 11:05:58,28.8611869812012,-17.8020286560059,"Unknown"
"5020554",378676,2026-04-28 11:06:59,28.8611526489258,-17.8019504547119,"Unknown"
"5020554",378676,2026-04-28 11:07:57,28.8610858917236,-17.8018455505371,"Unknown"
"5020554",378676,2026-04-28 11:08:56,28.8610191345215,-17.8017234802246,"Unknown"
"5020554",378676,2026-04-28 11:09:58,28.8609924316406,-17.8016452789307,"Unknown"
"5020554",378676,2026-04-28 11:10:56,28.8609352111816,-17.8015251159668,"Unknown"
"5020554",378676,2026-04-28 11:11:56,28.8609218597412,-17.8013916015625,"Unknown"
"5020554",378676,2026-04-28 11:12:56,28.8609657287598,-17.8012351989746,"Unknown"
"5020554",378676,2026-04-28 11:13:58,28.860969543457,-17.8010921478271,"Unknown"
"5020554",378676,2026-04-28 11:14:56,28.8609561920166,-17.800989151001,"Unknown"
"5020554",378676,2026-04-28 11:15:56,28.8609771728516,-17.8009033203125,"Unknown"
"5020554",378676,2026-04-28 11:16:57,28.861011505127,-17.8008499145508,"Unknown"
"5020554",378676,2026-04-28 11:17:58,28.8610420227051,-17.8007755279541,"Unknown"
"5020554",378676,2026-04-28 11:18:59,28.8610744476318,-17.800745010376,"Unknown"
"5020554",378676,2026-04-28 11:19:59,28.8610515594482,-17.8007049560547,"Unknown"
"5020554",378676,2026-04-28 11:20:59,28.8610401153564,-17.8006896972656,"Unknown"
"5020554",378676,2026-04-28 11:21:58,28.8610134124756,-17.8006000518799,"Unknown"
"5020554",378676,2026-04-28 11:22:57,28.8610038757324,-17.8005447387695,"Unknown"
"5020554",378676,2026-04-28 11:23:59,28.8609752655029,-17.8004608154297,"Unknown"
"5020554",378676,2026-04-28 11:24:59,28.8609466552734,-17.8003978729248,"Unknown"
"5020554",378676,2026-04-28 11:25:59,28.8609027862549,-17.800365447998,"Unknown"
"5020554",378676,2026-04-28 11:26:59,28.8608684539795,-17.8002853393555,"Unknown"
"5020554",378676,2026-04-28 11:27:59,28.8608551025391,-17.8002490997314,"Unknown"
"5020554",378676,2026-04-28 11:28:58,28.8608016967773,-17.8001976013184,"Unknown"
"5020554",378676,2026-04-28 11:29:59,28.8607978820801,-17.8001956939697,"Unknown"
"5020554",378676,2026-04-28 11:30:58,28.8607482910156,-17.8001403808594,"Unknown"
"5020554",378676,2026-04-28 11:31:58,28.8606872558594,-17.8001041412354,"Unknown"
"5020554",378676,2026-04-28 11:32:59,28.8606243133545,-17.8000602722168,"Unknown"
"5020554",378676,2026-04-28 11:33:58,28.8606033325195,-17.8000564575195,"Unknown"
"5020554",378676,2026-04-28 11:34:58,28.8605632781982,-17.8000354766846,"Unknown"
"5020554",378676,2026-04-28 11:36:01,28.8604869842529,-17.7999897003174,"Unknown"
"5020554",378676,2026-04-28 11:36:58,28.8604335784912,-17.7999439239502,"Unknown"
"5020554",378676,2026-04-28 11:38:27,28.8603553771973,-17.7998905181885,"Unknown"
"5020554",378676,2026-04-28 11:38:56,28.8603420257568,-17.7998847961426,"Unknown"
"5020554",378676,2026-04-28 11:39:56,28.8602809906006,-17.7998447418213,"Unknown"
"5020554",378676,2026-04-28 11:40:58,28.8602256774902,-17.7998180389404,"Unknown"
"5020554",378676,2026-04-28 11:41:56,28.8601856231689,-17.7997646331787,"Unknown"
"5020554",378676,2026-04-28 11:42:56,28.8601036071777,-17.7997360229492,"Unknown"
"5020554",378676,2026-04-28 11:43:56,28.8600635528564,-17.7996768951416,"Unknown"
"5020554",378676,2026-04-28 11:44:58,28.8600177764893,-17.7996444702148,"Unknown"
"5020554",378676,2026-04-28 11:45:56,28.8599586486816,-17.7996234893799,"Unknown"
"5020554",378676,2026-04-28 11:46:57,28.8598823547363,-17.7995738983154,"Unknown"
"5020554",378676,2026-04-28 11:47:57,28.8598594665527,-17.7995185852051,"Unknown"
"5020554",378676,2026-04-28 11:48:58,28.8597888946533,-17.7994861602783,"Unknown"
"5020554",378676,2026-04-28 11:49:58,28.8597240447998,-17.7993946075439,"Unknown"
"5020554",378676,2026-04-28 11:50:57,28.8596687316895,-17.7993869781494,"Unknown"
"5020554",378676,2026-04-28 11:51:57,28.8596153259277,-17.7993450164795,"Unknown"
"5020554",378676,2026-04-28 11:52:56,28.8595657348633,-17.7993087768555,"Unknown"
"5020554",378676,2026-04-28 11:53:56,28.8595237731934,-17.7992897033691,"Unknown"
"5020554",378676,2026-04-28 11:54:56,28.8594493865967,-17.7992515563965,"Unknown"
"5020554",378676,2026-04-28 11:55:56,28.8594131469727,-17.7992038726807,"Unknown"
"5020554",378676,2026-04-28 11:56:56,28.8593273162842,-17.7991237640381,"Unknown"
"5020554",378676,2026-04-28 11:57:58,28.8592319488525,-17.7990093231201,"Unknown"
"5020554",378676,2026-04-28 11:58:58,28.859203338623,-17.7990341186523,"Unknown"
"5020554",378676,2026-04-28 11:59:56,28.8591384887695,-17.7990093231201,"Unknown"
"5020554",378676,2026-04-28 12:00:57,28.8590908050537,-17.7989826202393,"Unknown"
"5020554",378676,2026-04-28 12:01:56,28.8590145111084,-17.7989521026611,"Unknown"
"5020554",378676,2026-04-28 12:02:57,28.858959197998,-17.7989234924316,"Unknown"
"5020554",378676,2026-04-28 12:03:57,28.8589134216309,-17.7989044189453,"Unknown"
"5020554",378676,2026-04-28 12:04:57,28.8588542938232,-17.7988758087158,"Unknown"
"5020554",378676,2026-04-28 12:05:57,28.8587875366211,-17.7988624572754,"Unknown"
"5020554",378676,2026-04-28 12:06:57,28.8587207794189,-17.798864364624,"Unknown"
"5020554",378676,2026-04-28 12:07:57,28.8586559295654,-17.7988109588623,"Unknown"
"5020554",378676,2026-04-28 12:08:56,28.858585357666,-17.7987766265869,"Unknown"
"5020554",378676,2026-04-28 12:09:56,28.8584938049316,-17.7987861633301,"Unknown"
"5020554",378676,2026-04-28 12:10:56,28.8584232330322,-17.7987461090088,"Unknown"
"5020554",378676,2026-04-28 12:11:56,28.8583755493164,-17.7986888885498,"Unknown"
"5020554",378676,2026-04-28 12:12:56,28.8583011627197,-17.7986831665039,"Unknown"
"5020554",378676,2026-04-28 12:13:57,28.8582382202148,-17.7986526489258,"Unknown"
"5020554",378676,2026-04-28 12:14:56,28.8602466583252,-17.7976417541504,"Unknown"
"5020554",378676,2026-04-28 12:15:56,28.8630313873291,-17.796480178833,"Unknown"
"5020554",378676,2026-04-28 12:16:57,28.8626956939697,-17.794319152832,"Unknown"
"5020554",378676,2026-04-28 12:17:57,28.8626766204834,-17.7942657470703,"Unknown"
"5020554",378676,2026-04-28 12:18:57,28.8626651763916,-17.7942028045654,"Unknown"
"5020554",378676,2026-04-28 12:19:57,28.8626976013184,-17.7942123413086,"Unknown"
"5020554",378676,2026-04-28 12:20:56,28.8610992431641,-17.7949180603027,"Unknown"
"5020554",378676,2026-04-28 12:21:56,28.8610744476318,-17.7949028015137,"Unknown"
"5020554",378676,2026-04-28 12:22:56,28.8610363006592,-17.7948760986328,"Unknown"
"5020554",378676,2026-04-28 12:24:01,28.8602848052979,-17.7908363342285,"Unknown"
"5020554",378676,2026-04-28 12:24:57,28.8608875274658,-17.7912120819092,"Unknown"
"5020554",378676,2026-04-28 12:25:57,28.8611164093018,-17.7902050018311,"Unknown"
"5020554",378676,2026-04-28 12:26:57,28.8648109436035,-17.7918815612793,"Unknown"
"5020554",378676,2026-04-28 12:27:56,28.8658866882324,-17.7914562225342,"Unknown"
"5020554",378676,2026-04-28 12:28:58,28.8658504486084,-17.7913665771484,"Unknown"
"5020554",378676,2026-04-28 12:29:56,28.8658123016357,-17.7913208007812,"Unknown"
"5020554",378676,2026-04-28 12:30:56,28.8657531738281,-17.7912731170654,"Unknown"
"5020554",378676,2026-04-28 12:31:56,28.8656959533691,-17.7912349700928,"Unknown"
"5020554",378676,2026-04-28 12:32:57,28.8685550689697,-17.7923526763916,"Unknown"
"5020554",378676,2026-04-28 12:33:58,28.8740539550781,-17.7899169921875,"Unknown"
"5020554",378676,2026-04-28 12:34:56,28.8781566619873,-17.7884731292725,"Unknown"
"5020554",378676,2026-04-28 12:35:56,28.8786716461182,-17.7872085571289,"Unknown"
"5020554",378676,2026-04-28 12:36:57,28.878734588623,-17.7872505187988,"Unknown"
"5020554",378676,2026-04-28 12:37:58,28.8787517547607,-17.7873134613037,"Unknown"
"5020554",378676,2026-04-28 12:38:56,28.8787746429443,-17.7874050140381,"Unknown"
"5020554",378676,2026-04-28 12:39:56,28.8759880065918,-17.7906303405762,"Unknown"
"5020554",378676,2026-04-28 12:40:55,28.8752040863037,-17.7914123535156,"Unknown"
"5020554",378676,2026-04-28 12:41:58,28.8731479644775,-17.7916011810303,"Unknown"
"5020554",378676,2026-04-28 12:42:56,28.8731002807617,-17.7916069030762,"Unknown"
"5020554",378676,2026-04-28 12:43:56,28.8730392456055,-17.7916126251221,"Unknown"
"5020554",378676,2026-04-28 12:44:57,28.8741493225098,-17.7892684936523,"Unknown"
"5020554",378676,2026-04-28 12:45:56,28.8730564117432,-17.7869415283203,"Unknown"
"5020554",378676,2026-04-28 12:46:58,28.8752918243408,-17.7879524230957,"Unknown"
"5020554",378676,2026-04-28 12:47:58,28.8753108978271,-17.7879962921143,"Unknown"
"5020554",378676,2026-04-28 12:48:57,28.8753566741943,-17.7880420684814,"Unknown"
"5020554",378676,2026-04-28 12:49:57,28.8753967285156,-17.7881126403809,"Unknown"
"5020554",378676,2026-04-28 12:50:58,28.8754005432129,-17.7881679534912,"Unknown"
"5020554",378676,2026-04-28 12:51:57,28.8770389556885,-17.7909851074219,"Unknown"
"5020554",378676,2026-04-28 12:52:56,28.8807411193848,-17.7914848327637,"Unknown"
"5020554",378676,2026-04-28 12:53:57,28.8783893585205,-17.7911071777344,"Unknown"
"5020554",378676,2026-04-28 12:54:57,28.8727989196777,-17.7889080047607,"Unknown"
"5020554",378676,2026-04-28 12:55:57,28.8693599700928,-17.7938480377197,"Unknown"
"5020554",378676,2026-04-28 12:56:56,28.8665084838867,-17.7980918884277,"Unknown"
"5020554",378676,2026-04-28 12:57:56,28.8644390106201,-17.8022994995117,"Unknown"
"5020554",378676,2026-04-28 12:58:56,28.8629093170166,-17.8069839477539,"Unknown"
"5020554",378676,2026-04-28 12:59:56,28.8619804382324,-17.8115215301514,"Unknown"
"5020554",378676,2026-04-28 13:00:57,28.8613147735596,-17.8159065246582,"Unknown"
"5020554",378676,2026-04-28 13:01:56,28.8610515594482,-17.8208923339844,"Unknown"
"5020554",378676,2026-04-28 13:02:57,28.8604431152344,-17.8236980438232,"Unknown"
"5020554",378676,2026-04-28 13:03:58,28.8604831695557,-17.8236274719238,"Unknown"
"5020554",378676,2026-04-28 13:04:58,28.8603591918945,-17.8235740661621,"Unknown"
"5020554",378676,2026-04-28 13:05:58,28.8603248596191,-17.8235397338867,"Unknown"
"5020554",378676,2026-04-28 13:06:57,28.8603038787842,-17.8234596252441,"Unknown"
"5020554",378676,2026-04-28 13:07:56,28.8604106903076,-17.8235836029053,"Unknown"
"5020554",378676,2026-04-28 13:08:56,28.8619613647461,-17.8280124664307,"Unknown"
"5020554",378676,2026-04-28 13:09:58,28.8626823425293,-17.8325080871582,"Unknown"
"5020554",378676,2026-04-28 13:10:57,28.8615665435791,-17.8374481201172,"Unknown"
"5020554",378676,2026-04-28 13:11:57,28.8614139556885,-17.8424110412598,"Unknown"
"5020554",378676,2026-04-28 13:12:56,28.8604907989502,-17.8474903106689,"Unknown"
"5020554",378676,2026-04-28 13:13:56,28.8585720062256,-17.8491535186768,"Unknown"
"5020554",378676,2026-04-28 13:14:56,28.8585205078125,-17.8490371704102,"Unknown"
"5020554",378676,2026-04-28 13:15:56,28.858434677124,-17.8489475250244,"Unknown"
"5020554",378676,2026-04-28 13:16:56,28.8583240509033,-17.8488712310791,"Unknown"
"5020554",378676,2026-04-28 13:17:57,28.8582019805908,-17.8488101959229,"Unknown"
"5020554",378676,2026-04-28 13:18:57,28.8580894470215,-17.848705291748,"Unknown"
"5020554",378676,2026-04-28 13:19:57,28.8579978942871,-17.8486309051514,"Unknown"
"5020554",378676,2026-04-28 13:21:01,28.8578414916992,-17.8485164642334,"Unknown"
"5020554",378676,2026-04-28 13:22:01,28.8577327728271,-17.8483943939209,"Unknown"
"5020554",378676,2026-04-28 13:23:01,28.8576374053955,-17.8483257293701,"Unknown"
"5020554",378676,2026-04-28 13:24:00,28.8575458526611,-17.8482475280762,"Unknown"
"5020554",378676,2026-04-28 13:25:02,28.8574085235596,-17.8481731414795,"Unknown"
"5020554",378676,2026-04-28 13:26:27,28.8572425842285,-17.8480834960938,"Unknown"
"5020554",378676,2026-04-28 13:26:57,28.8571949005127,-17.8480453491211,"Unknown"
"5020554",378676,2026-04-28 13:27:57,28.8571128845215,-17.8479766845703,"Unknown"
"5020554",378676,2026-04-28 13:28:57,28.8570823669434,-17.8481044769287,"Unknown"
"5020554",378676,2026-04-28 13:29:58,28.8582649230957,-17.8556346893311,"Unknown"
"5020554",378676,2026-04-28 13:31:00,28.8582744598389,-17.8609409332275,"Unknown"
"5020554",378676,2026-04-28 13:31:59,28.8582191467285,-17.8609313964844,"Unknown"
"5020554",378676,2026-04-28 13:32:58,28.8586940765381,-17.8623294830322,"Unknown"
"5020554",378676,2026-04-28 13:33:58,28.8593235015869,-17.864086151123,"Unknown"
"5020554",378676,2026-04-28 13:34:59,28.8595657348633,-17.8654193878174,"Unknown"
"5020554",378676,2026-04-28 13:36:00,28.8589038848877,-17.8668117523193,"Unknown"
"5020554",378676,2026-04-28 13:36:58,28.8580265045166,-17.8665065765381,"Unknown"
"5020554",378676,2026-04-28 13:37:58,28.8579750061035,-17.8664836883545,"Unknown"
"5020554",378676,2026-04-28 13:38:58,28.8579196929932,-17.8664932250977,"Unknown"
"5020554",378676,2026-04-28 13:39:59,28.8578491210938,-17.866527557373,"Unknown"
"5020554",378676,2026-04-28 13:40:58,28.8577880859375,-17.86647605896,"Unknown"
"5020554",378676,2026-04-28 13:42:01,28.8577404022217,-17.8664684295654,"Unknown"
"5020554",378676,2026-04-28 13:42:58,28.8576545715332,-17.8664035797119,"Unknown"
"5020554",378676,2026-04-28 13:43:59,28.8575839996338,-17.8664112091064,"Unknown"
"5020554",378676,2026-04-28 13:44:58,28.8575096130371,-17.8663444519043,"Unknown"
"5020554",378676,2026-04-28 13:45:58,28.8574600219727,-17.8663425445557,"Unknown"
"5020554",378676,2026-04-28 13:47:00,28.857385635376,-17.8662967681885,"Unknown"
"5020554",378676,2026-04-28 13:48:00,28.8573207855225,-17.8663120269775,"Unknown"
"5020554",378676,2026-04-28 13:49:01,28.8572444915771,-17.8662738800049,"Unknown"
"5020554",378676,2026-04-28 13:49:58,28.8571815490723,-17.866283416748,"Unknown"
"5020554",378676,2026-04-28 13:50:58,28.8571166992188,-17.8663311004639,"Unknown"
"5020554",378676,2026-04-28 13:52:00,28.8550434112549,-17.8649158477783,"Unknown"
"5020554",378676,2026-04-28 13:53:00,28.8571949005127,-17.8665409088135,"Unknown"
"5020554",378676,2026-04-28 13:53:59,28.8571376800537,-17.8665332794189,"Unknown"
"5020554",378676,2026-04-28 13:55:00,28.8570823669434,-17.8665409088135,"Unknown"
"5020554",378676,2026-04-28 13:55:58,28.8569965362549,-17.8665218353271,"Unknown"
"5020554",378676,2026-04-28 13:57:00,28.8569240570068,-17.8665065765381,"Unknown"
"5020554",378676,2026-04-28 13:58:00,28.8568363189697,-17.8664798736572,"Unknown"
"5020554",378676,2026-04-28 13:59:00,28.8564949035645,-17.8598728179932,"Unknown"
"5020554",378676,2026-04-28 14:00:00,28.8573913574219,-17.8561611175537,"Unknown"
"5020554",378676,2026-04-28 14:01:01,28.8595752716064,-17.8508052825928,"Unknown"
"5020554",378676,2026-04-28 14:02:00,28.8610363006592,-17.8463554382324,"Unknown"
"5020554",378676,2026-04-28 14:03:01,28.8633499145508,-17.8410625457764,"Unknown"
"5020554",378676,2026-04-28 14:04:00,28.8627700805664,-17.8360710144043,"Unknown"
"5020554",378676,2026-04-28 14:05:14,28.8584537506104,-17.8318901062012,"Unknown"
"5020554",378676,2026-04-28 14:05:58,28.8547897338867,-17.8335647583008,"Unknown"
"5020554",378676,2026-04-28 14:07:00,28.8499813079834,-17.8320579528809,"Unknown"
"5020554",378676,2026-04-28 14:08:00,28.8474922180176,-17.8316516876221,"Unknown"
"5020554",378676,2026-04-28 14:09:27,28.8474044799805,-17.831657409668,"Unknown"
"5020554",378676,2026-04-28 14:09:58,28.8473834991455,-17.8316459655762,"Unknown"
"5020554",378676,2026-04-28 14:10:58,28.8473415374756,-17.8316345214844,"Unknown"
"5020554",378676,2026-04-28 14:11:58,28.8473052978516,-17.8316593170166,"Unknown"
"5020554",378676,2026-04-28 14:12:58,28.8472461700439,-17.8316459655762,"Unknown"
"5020554",378676,2026-04-28 14:13:58,28.8472213745117,-17.831657409668,"Unknown"
"5020554",378676,2026-04-28 14:14:59,28.8471622467041,-17.8316650390625,"Unknown"
"5020554",378676,2026-04-28 14:15:58,28.8471450805664,-17.8315849304199,"Unknown"
"5020554",378676,2026-04-28 14:16:59,28.8492164611816,-17.8304443359375,"Unknown"
"5020554",378676,2026-04-28 14:17:59,28.8505859375,-17.8304233551025,"Unknown"
"5020554",378676,2026-04-28 14:18:59,28.8504600524902,-17.8303737640381,"Unknown"
"5020554",378676,2026-04-28 14:19:59,28.8503723144531,-17.8303699493408,"Unknown"
"5020554",378676,2026-04-28 14:20:59,28.8502540588379,-17.8303546905518,"Unknown"
"5020554",378676,2026-04-28 14:21:59,28.8502216339111,-17.8303680419922,"Unknown"
"5020554",378676,2026-04-28 14:23:00,28.8500061035156,-17.8303337097168,"Unknown"
"5020554",378676,2026-04-28 14:23:59,28.8499755859375,-17.8303260803223,"Unknown"
"5020554",378676,2026-04-28 14:24:59,28.8500633239746,-17.8303127288818,"Unknown"
"5020554",378676,2026-04-28 14:25:59,28.8500480651855,-17.8303661346436,"Unknown"
"5020554",378676,2026-04-28 14:26:59,28.8500461578369,-17.8303852081299,"Unknown"
"5020554",378676,2026-04-28 14:27:59,28.8499870300293,-17.8303661346436,"Unknown"
"5020554",378676,2026-04-28 14:28:59,28.8499298095703,-17.8303623199463,"Unknown"
"5020554",378676,2026-04-28 14:29:59,28.8498420715332,-17.8303489685059,"Unknown"
"5020554",378676,2026-04-28 14:30:59,28.8497886657715,-17.8304195404053,"Unknown"
"5020554",378676,2026-04-28 14:31:59,28.8496742248535,-17.8303985595703,"Unknown"
"5020554",378676,2026-04-28 14:32:59,28.8495540618896,-17.8303718566895,"Unknown"
"5020554",378676,2026-04-28 14:33:59,28.8494606018066,-17.830394744873,"Unknown"
"5020554",378676,2026-04-28 14:35:00,28.8493633270264,-17.8303508758545,"Unknown"
"5020554",378676,2026-04-28 14:35:59,28.8494262695312,-17.8302898406982,"Unknown"
"5020554",378676,2026-04-28 14:36:59,28.8494567871094,-17.8302421569824,"Unknown"
"5020554",378676,2026-04-28 14:37:59,28.8551921844482,-17.8284320831299,"Unknown"
"5020554",378676,2026-04-28 14:39:11,28.8566551208496,-17.8279399871826,"Unknown"
"5020554",378676,2026-04-28 14:40:04,28.856653213501,-17.8280220031738,"Unknown"
"5020554",378676,2026-04-28 14:40:59,28.8566551208496,-17.828010559082,"Unknown"
"5020554",378676,2026-04-28 14:41:59,28.8569068908691,-17.8275871276855,"Unknown"
"5020554",378676,2026-04-28 14:42:59,28.8573169708252,-17.8269481658936,"Unknown"
"5020554",378676,2026-04-28 14:43:59,28.857307434082,-17.8269157409668,"Unknown"
"5020554",378676,2026-04-28 14:44:58,28.8572978973389,-17.826868057251,"Unknown"
"5020554",378676,2026-04-28 14:45:59,28.8572387695312,-17.8268299102783,"Unknown"
"5020554",378676,2026-04-28 14:46:58,28.8571949005127,-17.8268527984619,"Unknown"
"5020554",378676,2026-04-28 14:47:58,28.8571548461914,-17.8268337249756,"Unknown"
"5020554",378676,2026-04-28 14:48:59,28.8570804595947,-17.8268184661865,"Unknown"
"5020554",378676,2026-04-28 14:49:58,28.8570308685303,-17.8268203735352,"Unknown"
"5020554",378676,2026-04-28 14:50:59,28.8569679260254,-17.8268051147461,"Unknown"
"5020554",378676,2026-04-28 14:51:58,28.8568878173828,-17.8267688751221,"Unknown"
"5020554",378676,2026-04-28 14:52:58,28.8568115234375,-17.8267517089844,"Unknown"
"5020554",378676,2026-04-28 14:53:58,28.8567161560059,-17.826753616333,"Unknown"
"5020554",378676,2026-04-28 14:54:59,28.8566493988037,-17.8267288208008,"Unknown"
"5020554",378676,2026-04-28 14:55:59,28.856575012207,-17.8267021179199,"Unknown"
"5020554",378676,2026-04-28 14:56:59,28.8565235137939,-17.8267078399658,"Unknown"
"5020554",378676,2026-04-28 14:57:59,28.8564529418945,-17.8266849517822,"Unknown"
"5020554",378676,2026-04-28 14:58:59,28.8564147949219,-17.8266468048096,"Unknown"
"5020554",378676,2026-04-28 14:59:58,28.8562927246094,-17.8266372680664,"Unknown"
"5020554",378676,2026-04-28 15:00:59,28.8562431335449,-17.8265933990479,"Unknown"
"5020554",378676,2026-04-28 15:01:59,28.8561534881592,-17.8265705108643,"Unknown"
"5020554",378676,2026-04-28 15:02:59,28.8561592102051,-17.8265495300293,"Unknown"
"5020554",378676,2026-04-28 15:03:59,28.8561363220215,-17.8265533447266,"Unknown"
"5020554",378676,2026-04-28 15:04:59,28.8560752868652,-17.8265590667725,"Unknown"
"5020554",378676,2026-04-28 15:05:59,28.8560523986816,-17.826566696167,"Unknown"
"5020554",378676,2026-04-28 15:07:01,28.8559474945068,-17.8265972137451,"Unknown"
"5020554",378676,2026-04-28 15:08:01,28.8558921813965,-17.8266105651855,"Unknown"
"5020554",378676,2026-04-28 15:08:59,28.855785369873,-17.8266677856445,"Unknown"
"5020554",378676,2026-04-28 15:09:59,28.8558254241943,-17.8266220092773,"Unknown"
"5020554",378676,2026-04-28 15:10:59,28.8557929992676,-17.8266067504883,"Unknown"
"5020554",378676,2026-04-28 15:11:59,28.8557453155518,-17.8266162872314,"Unknown"
"5020554",378676,2026-04-28 15:13:01,28.8556613922119,-17.8265857696533,"Unknown"
"5020554",378676,2026-04-28 15:14:00,28.8555946350098,-17.8265857696533,"Unknown"
"5020554",378676,2026-04-28 15:15:00,28.8555965423584,-17.8266124725342,"Unknown"
"5020554",378676,2026-04-28 15:15:59,28.8556156158447,-17.8266334533691,"Unknown"
"5020554",378676,2026-04-28 15:16:59,28.8555812835693,-17.826602935791,"Unknown"
"5020554",378676,2026-04-28 15:17:59,28.8555183410645,-17.8265819549561,"Unknown"
"5020554",378676,2026-04-28 15:18:59,28.8555088043213,-17.8265991210938,"Unknown"
"5020554",378676,2026-04-28 15:19:59,28.8554534912109,-17.8265895843506,"Unknown"
"5020554",378676,2026-04-28 15:21:00,28.8553905487061,-17.8265705108643,"Unknown"
"5020554",378676,2026-04-28 15:21:59,28.8553733825684,-17.8265724182129,"Unknown"
"5020554",378676,2026-04-28 15:23:01,28.8553352355957,-17.826545715332,"Unknown"
"5020554",378676,2026-04-28 15:23:59,28.8552494049072,-17.8265571594238,"Unknown"
"5020554",378676,2026-04-28 15:24:59,28.855152130127,-17.8265762329102,"Unknown"
"5020554",378676,2026-04-28 15:26:00,28.8551635742188,-17.8266658782959,"Unknown"
"5020554",378676,2026-04-28 15:27:01,28.8551559448242,-17.8266716003418,"Unknown"
"5020554",378676,2026-04-28 15:27:59,28.8550758361816,-17.8266754150391,"Unknown"
"5020554",378676,2026-04-28 15:28:59,28.8550300598145,-17.8266906738281,"Unknown"
"5020554",378676,2026-04-28 15:30:00,28.8549938201904,-17.8267040252686,"Unknown"
"5020554",378676,2026-04-28 15:30:59,28.8549194335938,-17.8267440795898,"Unknown"
"5020554",378676,2026-04-28 15:32:00,28.8549194335938,-17.8266563415527,"Unknown"
"5020554",378676,2026-04-28 15:33:00,28.8549194335938,-17.8265991210938,"Unknown"
"5020554",378676,2026-04-28 15:34:00,28.8548946380615,-17.8265972137451,"Unknown"
"5020554",378676,2026-04-28 15:35:00,28.8549175262451,-17.8265705108643,"Unknown"
"5020554",378676,2026-04-28 15:36:00,28.8548145294189,-17.8265724182129,"Unknown"
"5020554",378676,2026-04-28 15:36:59,28.8548450469971,-17.8265609741211,"Unknown"
"5020554",378676,2026-04-28 15:37:59,28.8547840118408,-17.8265571594238,"Unknown"
"5020554",378676,2026-04-28 15:39:00,28.8547763824463,-17.8265438079834,"Unknown"
"5020554",378676,2026-04-28 15:40:00,28.8547382354736,-17.8265495300293,"Unknown"
"5020554",378676,2026-04-28 15:41:00,28.85471534729,-17.8265590667725,"Unknown"
"5020554",378676,2026-04-28 15:42:00,28.8547267913818,-17.8265361785889,"Unknown"
"5020554",378676,2026-04-28 15:43:00,28.8546600341797,-17.8265247344971,"Unknown"
"5020554",378676,2026-04-28 15:44:00,28.854663848877,-17.826530456543,"Unknown"
"5020554",378676,2026-04-28 15:45:01,28.8546237945557,-17.8265705108643,"Unknown"
"5020554",378676,2026-04-28 15:46:01,28.8545570373535,-17.8265781402588,"Unknown"
"5020554",378676,2026-04-28 15:47:09,28.8545265197754,-17.8266315460205,"Unknown"
"5020554",378676,2026-04-28 15:48:27,28.8545093536377,-17.8266429901123,"Unknown"
"5020554",378676,2026-04-28 15:48:59,28.8544731140137,-17.8266506195068,"Unknown"
"5020554",378676,2026-04-28 15:49:59,28.8543834686279,-17.8267250061035,"Unknown"
"5020554",378676,2026-04-28 15:50:59,28.8543872833252,-17.8267517089844,"Unknown"
"5020554",378676,2026-04-28 15:51:59,28.8543319702148,-17.8268051147461,"Unknown"
"5020554",378676,2026-04-28 15:52:59,28.8542461395264,-17.8267650604248,"Unknown"
"5020554",378676,2026-04-28 15:53:59,28.8548831939697,-17.8266925811768,"Unknown"
"5020554",378676,2026-04-28 15:54:59,28.8575172424316,-17.8283214569092,"Unknown"
"5020554",378676,2026-04-28 15:55:59,28.8574962615967,-17.8283710479736,"Unknown"
"5020554",378676,2026-04-28 15:56:59,28.8575000762939,-17.8284740447998,"Unknown"
"5020554",378676,2026-04-28 15:58:01,28.8574867248535,-17.8285541534424,"Unknown"
"5020554",378676,2026-04-28 15:58:59,28.8574638366699,-17.8286361694336,"Unknown"
"5020554",378676,2026-04-28 15:59:59,28.8574180603027,-17.8287296295166,"Unknown"
"5020554",378676,2026-04-28 16:00:59,28.8573875427246,-17.8288269042969,"Unknown"
"5020554",378676,2026-04-28 16:01:59,28.857349395752,-17.8289031982422,"Unknown"
"5020554",378676,2026-04-28 16:02:59,28.8573532104492,-17.8289470672607,"Unknown"
"5020554",378676,2026-04-28 16:03:59,28.857292175293,-17.8289890289307,"Unknown"
"5020554",378676,2026-04-28 16:04:59,28.8572731018066,-17.8290843963623,"Unknown"
"5020554",378676,2026-04-28 16:05:59,28.8572750091553,-17.8291625976562,"Unknown"
"5020554",378676,2026-04-28 16:07:01,28.8572463989258,-17.8292388916016,"Unknown"
"5020554",378676,2026-04-28 16:08:01,28.8571968078613,-17.829309463501,"Unknown"
"5020554",378676,2026-04-28 16:09:01,28.8571434020996,-17.8293933868408,"Unknown"
"5020554",378676,2026-04-28 16:10:01,28.8570747375488,-17.8294696807861,"Unknown"
"5020554",378676,2026-04-28 16:10:59,28.8570308685303,-17.829496383667,"Unknown"
"5020554",378676,2026-04-28 16:12:01,28.8569278717041,-17.8295307159424,"Unknown"
"5020554",378676,2026-04-28 16:12:59,28.8568992614746,-17.8296241760254,"Unknown"
"5020554",378676,2026-04-28 16:13:59,28.8568840026855,-17.8296451568604,"Unknown"
"5020554",378676,2026-04-28 16:14:58,28.8568420410156,-17.8297328948975,"Unknown"
"5020554",378676,2026-04-28 16:15:59,28.8568019866943,-17.8298416137695,"Unknown"
"5020554",378676,2026-04-28 16:16:59,28.85671043396,-17.8299140930176,"Unknown"
"5020554",378676,2026-04-28 16:17:58,28.8566379547119,-17.8299713134766,"Unknown"
"5020554",378676,2026-04-28 16:18:58,28.856632232666,-17.8300476074219,"Unknown"
"5020554",378676,2026-04-28 16:19:58,28.8565483093262,-17.8301486968994,"Unknown"
"5020554",378676,2026-04-28 16:20:59,28.8564796447754,-17.830207824707,"Unknown"
"5020554",378676,2026-04-28 16:21:58,28.8564281463623,-17.83030128479,"Unknown"
"5020554",378676,2026-04-28 16:22:58,28.8563003540039,-17.830358505249,"Unknown"
"5020554",378676,2026-04-28 16:23:59,28.8562698364258,-17.8303928375244,"Unknown"
"5020554",378676,2026-04-28 16:24:59,28.8561782836914,-17.830451965332,"Unknown"
"5020554",378676,2026-04-28 16:26:00,28.8561229705811,-17.8305168151855,"Unknown"
"5020554",378676,2026-04-28 16:27:00,28.8560104370117,-17.8305759429932,"Unknown"
"5020554",378676,2026-04-28 16:27:59,28.8559131622314,-17.8306121826172,"Unknown"
"5020554",378676,2026-04-28 16:29:00,28.855884552002,-17.8307819366455,"Unknown"
"5020554",378676,2026-04-28 16:30:01,28.8557758331299,-17.8307342529297,"Unknown"
"5020554",378676,2026-04-28 16:30:59,28.8557109832764,-17.8308258056641,"Unknown"
"5020554",378676,2026-04-28 16:32:00,28.8556785583496,-17.8309116363525,"Unknown"
"5020554",378676,2026-04-28 16:33:00,28.8555240631104,-17.8309268951416,"Unknown"
"5020554",378676,2026-04-28 16:34:00,28.8553581237793,-17.8309898376465,"Unknown"
"5020554",378676,2026-04-28 16:34:59,28.8553867340088,-17.8310394287109,"Unknown"
"5020554",378676,2026-04-28 16:35:59,28.8553276062012,-17.831111907959,"Unknown"
"5020554",378676,2026-04-28 16:36:59,28.8552894592285,-17.8311595916748,"Unknown"
"5020554",378676,2026-04-28 16:37:59,28.8552207946777,-17.8312187194824,"Unknown"
"5020554",378676,2026-04-28 16:39:01,28.8551330566406,-17.8312854766846,"Unknown"
"5020554",378676,2026-04-28 16:39:59,28.8552074432373,-17.8313598632812,"Unknown"
"5020554",378676,2026-04-28 16:41:00,28.8551769256592,-17.831470489502,"Unknown"
"5020554",378676,2026-04-28 16:42:01,28.8551750183105,-17.8316059112549,"Unknown"
"5020554",378676,2026-04-28 16:42:58,28.855188369751,-17.8317222595215,"Unknown"
"5020554",378676,2026-04-28 16:43:59,28.8550968170166,-17.8317337036133,"Unknown"
"5020554",378676,2026-04-28 16:45:01,28.855073928833,-17.8318138122559,"Unknown"
"5020554",378676,2026-04-28 16:46:01,28.8550510406494,-17.8319034576416,"Unknown"
"5020554",378676,2026-04-28 16:46:59,28.8549938201904,-17.8320140838623,"Unknown"
"5020554",378676,2026-04-28 16:47:59,28.8550224304199,-17.8321323394775,"Unknown"
"5020554",378676,2026-04-28 16:48:59,28.8549098968506,-17.8322067260742,"Unknown"
"5020554",378676,2026-04-28 16:50:00,28.8548164367676,-17.8322620391846,"Unknown"
"5020554",378676,2026-04-28 16:50:59,28.8547897338867,-17.8323650360107,"Unknown"
"5020554",378676,2026-04-28 16:51:59,28.8547668457031,-17.8324146270752,"Unknown"
"5020554",378676,2026-04-28 16:52:59,28.8546905517578,-17.8325157165527,"Unknown"
"5020554",378676,2026-04-28 16:54:00,28.8546733856201,-17.832576751709,"Unknown"
"5020554",378676,2026-04-28 16:55:00,28.8546314239502,-17.8326740264893,"Unknown"
"5020554",378676,2026-04-28 16:55:59,28.8550415039062,-17.832986831665,"Unknown"
"5020554",378676,2026-04-28 16:57:01,28.8546466827393,-17.8343143463135,"Unknown"
"5020554",378676,2026-04-28 16:58:01,28.8546180725098,-17.834342956543,"Unknown"
"5020554",378676,2026-04-28 16:59:02,28.8546085357666,-17.8344879150391,"Unknown"
"5020554",378676,2026-04-28 16:59:59,28.8544540405273,-17.8345146179199,"Unknown"
"5020554",378676,2026-04-28 17:01:00,28.854419708252,-17.8346138000488,"Unknown"
"5020554",378676,2026-04-28 17:02:01,28.8543033599854,-17.8347244262695,"Unknown"
"5020554",378676,2026-04-28 17:03:01,28.8541774749756,-17.8347568511963,"Unknown"
"5020554",378676,2026-04-28 17:04:00,28.8542518615723,-17.8348579406738,"Unknown"
"5020554",378676,2026-04-28 17:05:01,28.8542423248291,-17.8348636627197,"Unknown"
"5020554",378676,2026-04-28 17:06:01,28.8541622161865,-17.8349437713623,"Unknown"
"5020554",378676,2026-04-28 17:07:00,28.8541812896729,-17.8349590301514,"Unknown"
"5020554",378676,2026-04-28 17:08:02,28.8541164398193,-17.835018157959,"Unknown"
"5020554",378676,2026-04-28 17:09:03,28.8540630340576,-17.8350124359131,"Unknown"
"5020554",378676,2026-04-28 17:10:01,28.8539810180664,-17.8350353240967,"Unknown"
"5020554",378676,2026-04-28 17:11:03,28.8539333343506,-17.8351058959961,"Unknown"
"5020554",378676,2026-04-28 17:12:01,28.8538494110107,-17.8351173400879,"Unknown"
"5020554",378676,2026-04-28 17:13:01,28.8537521362305,-17.8350791931152,"Unknown"
"5020554",378676,2026-04-28 17:14:06,28.8536853790283,-17.835054397583,"Unknown"
"5020554",378676,2026-04-28 17:15:04,28.8536643981934,-17.8351554870605,"Unknown"
"5020554",378676,2026-04-28 17:15:59,28.8535499572754,-17.8351211547852,"Unknown"
"5020554",378676,2026-04-28 17:17:01,28.8534660339355,-17.8351573944092,"Unknown"
"5020554",378676,2026-04-28 17:18:02,28.8533992767334,-17.8351440429688,"Unknown"
"5020554",378676,2026-04-28 17:19:01,28.8534069061279,-17.8353137969971,"Unknown"
"5020554",378676,2026-04-28 17:20:03,28.8532581329346,-17.835262298584,"Unknown"
"5020554",378676,2026-04-28 17:21:01,28.853307723999,-17.8354415893555,"Unknown"
"5020554",378676,2026-04-28 17:22:03,28.8531532287598,-17.83544921875,"Unknown"
"5020554",378676,2026-04-28 17:23:02,28.8531074523926,-17.8355312347412,"Unknown"
"5020554",378676,2026-04-28 17:24:04,28.8530197143555,-17.8356170654297,"Unknown"
"5020554",378676,2026-04-28 17:25:02,28.8529319763184,-17.8357200622559,"Unknown"
"5020554",378676,2026-04-28 17:26:05,28.8529968261719,-17.8359527587891,"Unknown"
"5020554",378676,2026-04-28 17:27:33,28.8527450561523,-17.8359069824219,"Unknown"
"5020554",378676,2026-04-28 17:27:59,28.8526821136475,-17.8359317779541,"Unknown"
"5020554",378676,2026-04-28 17:28:59,28.8525772094727,-17.8360004425049,"Unknown"
"5020554",378676,2026-04-28 17:29:59,28.8525047302246,-17.8360710144043,"Unknown"
"5020554",378676,2026-04-28 17:30:59,28.8524341583252,-17.83616065979,"Unknown"
"5020554",378676,2026-04-28 17:31:59,28.8523826599121,-17.8362598419189,"Unknown"
"5020554",378676,2026-04-28 17:32:59,28.852352142334,-17.8363208770752,"Unknown"
"5020554",378676,2026-04-28 17:33:59,28.8522815704346,-17.8364009857178,"Unknown"
"5020554",378676,2026-04-28 17:34:59,28.8522300720215,-17.8364601135254,"Unknown"
"5020554",378676,2026-04-28 17:35:59,28.8522453308105,-17.8364906311035,"Unknown"
"5020554",378676,2026-04-28 17:36:59,28.8521404266357,-17.8366241455078,"Unknown"
"5020554",378676,2026-04-28 17:37:59,28.8520793914795,-17.8367233276367,"Unknown"
"5020554",378676,2026-04-28 17:38:58,28.8520317077637,-17.8368263244629,"Unknown"
"5020554",378676,2026-04-28 17:39:58,28.8519592285156,-17.8369235992432,"Unknown"
"5020554",378676,2026-04-28 17:40:59,28.851936340332,-17.8370189666748,"Unknown"
"5020554",378676,2026-04-28 17:41:59,28.8518676757812,-17.8371429443359,"Unknown"
"5020554",378676,2026-04-28 17:42:59,28.8518085479736,-17.8371982574463,"Unknown"
"5020554",378676,2026-04-28 17:43:59,28.8517818450928,-17.8373107910156,"Unknown"
"5020554",378676,2026-04-28 17:44:58,28.8517475128174,-17.8374156951904,"Unknown"
"5020554",378676,2026-04-28 17:45:59,28.8517189025879,-17.837474822998,"Unknown"
"5020554",378676,2026-04-28 17:46:58,28.8517017364502,-17.8375797271729,"Unknown"
"5020554",378676,2026-04-28 17:47:59,28.8516674041748,-17.8376274108887,"Unknown"
"5020554",378676,2026-04-28 17:48:59,28.8516368865967,-17.8376960754395,"Unknown"
"5020554",378676,2026-04-28 17:49:59,28.8516616821289,-17.8377418518066,"Unknown"
"5020554",378676,2026-04-28 17:50:59,28.8516254425049,-17.8378257751465,"Unknown"
"5020554",378676,2026-04-28 17:51:59,28.8516311645508,-17.8379516601562,"Unknown"
"5020554",378676,2026-04-28 17:53:03,28.8550128936768,-17.8394641876221,"Unknown"
"5020554",378676,2026-04-28 17:54:00,28.8544597625732,-17.8394680023193,"Unknown"
"5020554",378676,2026-04-28 17:54:59,28.8558177947998,-17.8399314880371,"Unknown"
"5020554",378676,2026-04-28 17:55:59,28.8553104400635,-17.8387241363525,"Unknown"
"5020554",378676,2026-04-28 17:56:59,28.8570899963379,-17.8376941680908,"Unknown"
"5020554",378676,2026-04-28 17:57:59,28.8570919036865,-17.8377647399902,"Unknown"
"5020554",378676,2026-04-28 17:58:59,28.8581485748291,-17.8370628356934,"Unknown"
"5020554",378676,2026-04-28 17:59:58,28.858118057251,-17.83713722229,"Unknown"
"5020554",378676,2026-04-28 18:00:59,28.8580894470215,-17.8371810913086,"Unknown"
"5020554",378676,2026-04-28 18:01:59,28.8580856323242,-17.8361511230469,"Unknown"
"5020554",378676,2026-04-28 18:02:59,28.8580837249756,-17.8362464904785,"Unknown"
"5020554",378676,2026-04-28 18:03:59,28.8581066131592,-17.8363018035889,"Unknown"
"5020554",378676,2026-04-28 18:04:59,28.8584423065186,-17.833890914917,"Unknown"
"5020554",378676,2026-04-28 18:06:00,28.8584480285645,-17.8337574005127,"Unknown"
"5020554",378676,2026-04-28 18:06:59,28.8584423065186,-17.8338146209717,"Unknown"
"5020554",378676,2026-04-28 18:07:59,28.8584461212158,-17.8338775634766,"Unknown"
"5020554",378676,2026-04-28 18:08:58,28.8584766387939,-17.8339385986328,"Unknown"
"5020554",378676,2026-04-28 18:09:59,28.8584899902344,-17.8340072631836,"Unknown"
"5020554",378676,2026-04-28 18:11:00,28.8581047058105,-17.83371925354,"Unknown"
"5020554",378676,2026-04-28 18:12:02,28.8599472045898,-17.8283672332764,"Unknown"
"5020554",378676,2026-04-28 18:12:59,28.8595848083496,-17.8276386260986,"Unknown"
"5020554",378676,2026-04-28 18:13:58,28.859260559082,-17.8277359008789,"Unknown"
"5020554",378676,2026-04-28 18:14:59,28.8591709136963,-17.8275566101074,"Unknown"
"5020554",378676,2026-04-28 18:15:59,28.8604946136475,-17.8260917663574,"Unknown"
"5020554",378676,2026-04-28 18:16:59,28.8600425720215,-17.8265590667725,"Unknown"
"5020554",378676,2026-04-28 18:17:58,28.8607139587402,-17.8259773254395,"Unknown"
"5020554",378676,2026-04-28 18:18:59,28.8616886138916,-17.8261013031006,"Unknown"
"5020554",378676,2026-04-28 18:19:58,28.8616542816162,-17.826171875,"Unknown"
"5020554",378676,2026-04-28 18:20:58,28.8616485595703,-17.8261775970459,"Unknown"
"5020554",378676,2026-04-28 18:21:58,28.861644744873,-17.8262634277344,"Unknown"
"5020554",378676,2026-04-28 18:22:59,28.8616638183594,-17.8263301849365,"Unknown"
"5020554",378676,2026-04-28 18:24:00,28.8616714477539,-17.8263721466064,"Unknown"
"5020554",378676,2026-04-28 18:25:00,28.8616771697998,-17.8264274597168,"Unknown"
"5020554",378676,2026-04-28 18:26:01,28.8616771697998,-17.8264389038086,"Unknown"
"5020554",378676,2026-04-28 18:26:59,28.8616886138916,-17.8264484405518,"Unknown"
"5020554",378676,2026-04-28 18:27:59,28.8612403869629,-17.8235721588135,"Unknown"
"5020554",378676,2026-04-28 18:28:59,28.8586330413818,-17.8213710784912,"Unknown"
"5020554",378676,2026-04-28 18:29:59,28.858814239502,-17.8191356658936,"Unknown"
"5020554",378676,2026-04-28 18:30:59,28.8640842437744,-17.8209915161133,"Unknown"
"5020554",378676,2026-04-28 18:31:59,28.8663005828857,-17.8214225769043,"Unknown"
"5020554",378676,2026-04-28 18:32:59,28.8663463592529,-17.821496963501,"Unknown"
"5020554",378676,2026-04-28 18:34:01,28.8663921356201,-17.8215255737305,"Unknown"
"5020554",378676,2026-04-28 18:35:02,28.8664264678955,-17.821569442749,"Unknown"
"5020554",378676,2026-04-28 18:36:00,28.8658008575439,-17.8199214935303,"Unknown"
"5020554",378676,2026-04-28 18:36:59,28.8663692474365,-17.8246936798096,"Unknown"
"5020554",378676,2026-04-28 18:38:02,28.8632011413574,-17.8237590789795,"Unknown"
"5020554",378676,2026-04-28 18:38:59,28.8617153167725,-17.825626373291,"Unknown"
"5020554",378676,2026-04-28 18:39:59,28.8599548339844,-17.8285140991211,"Unknown"
"5020554",378676,2026-04-28 18:40:59,28.8616542816162,-17.8246555328369,"Unknown"
"5020554",378676,2026-04-28 18:42:00,28.8637943267822,-17.822301864624,"Unknown"
"5020554",378676,2026-04-28 18:43:00,28.8670272827148,-17.8205528259277,"Unknown"
"5020554",378676,2026-04-28 18:43:58,28.8672542572021,-17.8206176757812,"Unknown"
"5020554",378676,2026-04-28 18:44:59,28.8672962188721,-17.8205986022949,"Unknown"
"5020554",378676,2026-04-28 18:45:59,28.867374420166,-17.8206806182861,"Unknown"
"5020554",378676,2026-04-28 18:46:59,28.8693065643311,-17.8228416442871,"Unknown"
"5020554",378676,2026-04-28 18:47:58,28.8693161010742,-17.8229999542236,"Unknown"
"5020554",378676,2026-04-28 18:49:00,28.8691749572754,-17.8235683441162,"Unknown"
"5020554",378676,2026-04-28 18:49:58,28.8683223724365,-17.826322555542,"Unknown"
"5020554",378676,2026-04-28 18:51:00,28.8679790496826,-17.8271255493164,"Unknown"
"5020554",378676,2026-04-28 18:51:59,28.8691940307617,-17.825891494751,"Unknown"
"5020554",378676,2026-04-28 18:52:58,28.8675498962402,-17.8269748687744,"Unknown"
"5020554",378676,2026-04-28 18:53:59,28.8687133789062,-17.8283367156982,"Unknown"
"5020554",378676,2026-04-28 18:55:00,28.8677234649658,-17.8268356323242,"Unknown"
"5020554",378676,2026-04-28 18:55:59,28.8688774108887,-17.8297367095947,"Unknown"
"5020554",378676,2026-04-28 18:56:59,28.8688201904297,-17.8287029266357,"Unknown"
"5020554",378676,2026-04-28 18:57:59,28.8688468933105,-17.8287220001221,"Unknown"
"5020554",378676,2026-04-28 18:59:00,28.8688945770264,-17.8287792205811,"Unknown"
"5020554",378676,2026-04-28 18:59:59,28.8689346313477,-17.8288249969482,"Unknown"
"5020554",378676,2026-04-28 19:00:59,28.8686008453369,-17.8297424316406,"Unknown"
"5020554",378676,2026-04-28 19:02:00,28.8676834106445,-17.8337993621826,"Unknown"
"5020554",378676,2026-04-28 19:02:59,28.8674297332764,-17.8336772918701,"Unknown"
"5020554",378676,2026-04-28 19:03:59,28.8674430847168,-17.8337383270264,"Unknown"
"5020554",378676,2026-04-28 19:04:59,28.8674697875977,-17.8338012695312,"Unknown"
"5020554",378676,2026-04-28 19:06:01,28.8658981323242,-17.835865020752,"Unknown"
"5020554",378676,2026-04-28 19:07:00,28.8637924194336,-17.8379516601562,"Unknown"
"5020554",378676,2026-04-28 19:07:59,28.8620548248291,-17.8402442932129,"Unknown"
"5020554",378676,2026-04-28 19:08:59,28.8656921386719,-17.8385925292969,"Unknown"
"5020554",378676,2026-04-28 19:10:17,28.8685836791992,-17.8376026153564,"Unknown"
"5020554",378676,2026-04-28 19:10:59,28.8686141967773,-17.8376007080078,"Unknown"
"5020554",378676,2026-04-28 19:11:59,28.8690204620361,-17.8375759124756,"Unknown"
"5020554",378676,2026-04-28 19:12:59,28.8687858581543,-17.8373756408691,"Unknown"
"5020554",378676,2026-04-28 19:13:58,28.8678531646729,-17.8380527496338,"Unknown"
"5020554",378676,2026-04-28 19:14:59,28.8677978515625,-17.8381958007812,"Unknown"
"5020554",378676,2026-04-28 19:15:58,28.8675861358643,-17.8379364013672,"Unknown"
"5020554",378676,2026-04-28 19:16:59,28.8654136657715,-17.8367938995361,"Unknown"
"5020554",378676,2026-04-28 19:17:59,28.8687839508057,-17.8411045074463,"Unknown"
"5020554",378676,2026-04-28 19:18:58,28.8684883117676,-17.8390579223633,"Unknown"
"5020554",378676,2026-04-28 19:19:58,28.8675880432129,-17.8416976928711,"Unknown"
"5020554",378676,2026-04-28 19:20:58,28.8671741485596,-17.8437976837158,"Unknown"
"5020554",378676,2026-04-28 19:21:58,28.8671894073486,-17.8437995910645,"Unknown"
"5020554",378676,2026-04-28 19:22:59,28.867151260376,-17.8436985015869,"Unknown"
"5020554",378676,2026-04-28 19:23:59,28.8671531677246,-17.8436317443848,"Unknown"
"5020554",378676,2026-04-28 19:24:59,28.8675441741943,-17.8445320129395,"Unknown"
"5020554",378676,2026-04-28 19:25:59,28.86940574646,-17.8467769622803,"Unknown"
"5020554",378676,2026-04-28 19:27:01,28.8688621520996,-17.8479309082031,"Unknown"
"5020554",378676,2026-04-28 19:27:59,28.868465423584,-17.8476028442383,"Unknown"
"5020554",378676,2026-04-28 19:28:58,28.868465423584,-17.8476467132568,"Unknown"
"5020554",378676,2026-04-28 19:29:59,28.8684463500977,-17.847620010376,"Unknown"
"5020554",378676,2026-04-28 19:31:00,28.8684215545654,-17.847620010376,"Unknown"
"5020554",378676,2026-04-28 19:32:01,28.8684234619141,-17.8476066589355,"Unknown"
"5020554",378676,2026-04-28 19:32:59,28.8684043884277,-17.8476600646973,"Unknown"
"5020554",378676,2026-04-28 19:33:59,28.8684177398682,-17.8476543426514,"Unknown"
"5020554",378676,2026-04-28 19:35:02,28.8684329986572,-17.8476905822754,"Unknown"
"5020554",378676,2026-04-28 19:35:59,28.8684940338135,-17.8476676940918,"Unknown"
"5020554",378676,2026-04-28 19:37:01,28.868522644043,-17.8477020263672,"Unknown"
"5020554",378676,2026-04-28 19:38:01,28.8685855865479,-17.8476753234863,"Unknown"
"5020554",378676,2026-04-28 19:39:01,28.8686351776123,-17.8476905822754,"Unknown"
"5020554",378676,2026-04-28 19:40:01,28.8686790466309,-17.8476581573486,"Unknown"
"5020554",378676,2026-04-28 19:41:01,28.8687267303467,-17.8476791381836,"Unknown"
"5020554",378676,2026-04-28 19:42:01,28.8687839508057,-17.8477058410645,"Unknown"
"5020554",378676,2026-04-28 19:43:00,28.8688106536865,-17.8477306365967,"Unknown"
"5020554",378676,2026-04-28 19:44:02,28.8688201904297,-17.8477935791016,"Unknown"
"5020554",378676,2026-04-28 19:45:01,28.8688201904297,-17.8477993011475,"Unknown"
"5020554",378676,2026-04-28 19:45:59,28.8688411712646,-17.8477878570557,"Unknown"
"5020554",378676,2026-04-28 19:47:03,28.8688182830811,-17.8477783203125,"Unknown"
"5020554",378676,2026-04-28 19:48:27,28.8688068389893,-17.8477954864502,"Unknown"
"5020554",378676,2026-04-28 19:48:59,28.868803024292,-17.8478088378906,"Unknown"
"5020554",378676,2026-04-28 19:50:01,28.8688087463379,-17.8478012084961,"Unknown"
"5020554",378676,2026-04-28 19:50:59,28.8687992095947,-17.8478507995605,"Unknown"
"5020554",378676,2026-04-28 19:52:01,28.868803024292,-17.8478393554688,"Unknown"
"5020554",378676,2026-04-28 19:52:59,28.8687915802002,-17.847843170166,"Unknown"
"5020554",378676,2026-04-28 19:54:01,28.8687496185303,-17.8478240966797,"Unknown"
"5020554",378676,2026-04-28 19:55:01,28.8687191009521,-17.8477478027344,"Unknown"
"5020554",378676,2026-04-28 19:55:58,28.8687210083008,-17.8476810455322,"Unknown"
"5020554",378676,2026-04-28 19:56:59,28.8686771392822,-17.8475799560547,"Unknown"
"5020554",378676,2026-04-28 19:57:58,28.868688583374,-17.847599029541,"Unknown"
"5020554",378676,2026-04-28 19:59:25,28.8686771392822,-17.8476276397705,"Unknown"
"5020554",378676,2026-04-28 19:59:59,28.8686943054199,-17.8476181030273,"Unknown"
"5020554",378676,2026-04-28 20:00:59,28.8686962127686,-17.8475704193115,"Unknown"
"5020554",378676,2026-04-28 20:01:59,28.8687267303467,-17.8474941253662,"Unknown"
"5020554",378676,2026-04-28 20:03:01,28.8687076568604,-17.8474407196045,"Unknown"
"5020554",378676,2026-04-28 20:03:59,28.8687305450439,-17.8474006652832,"Unknown"
"5020554",378676,2026-04-28 20:04:59,28.8687343597412,-17.8473587036133,"Unknown"
"5020554",378676,2026-04-28 20:06:01,28.8687286376953,-17.8473262786865,"Unknown"
"5020554",378676,2026-04-28 20:07:01,28.8687286376953,-17.8473339080811,"Unknown"
"5020554",378676,2026-04-28 20:08:01,28.8687725067139,-17.8472461700439,"Unknown"
"5020554",378676,2026-04-28 20:08:58,28.8688259124756,-17.8471717834473,"Unknown"
"5020554",378676,2026-04-28 20:09:59,28.8688163757324,-17.8471870422363,"Unknown"
"5020554",378676,2026-04-28 20:10:59,28.8688373565674,-17.8471584320068,"Unknown"
"5020554",378676,2026-04-28 20:11:59,28.8688659667969,-17.8471412658691,"Unknown"
"5020554",378676,2026-04-28 20:12:59,28.8688468933105,-17.8471431732178,"Unknown"
"5020554",378676,2026-04-28 20:13:59,28.8688526153564,-17.8470706939697,"Unknown"
"5020554",378676,2026-04-28 20:15:01,28.8688468933105,-17.8470687866211,"Unknown"
"5020554",378676,2026-04-28 20:16:01,28.8688278198242,-17.8470687866211,"Unknown"
"5020554",378676,2026-04-28 20:16:59,28.8688812255859,-17.8469657897949,"Unknown"
"5020554",378676,2026-04-28 20:18:00,28.8689060211182,-17.84694480896,"Unknown"
"5020554",378676,2026-04-28 20:18:59,28.8689270019531,-17.8469696044922,"Unknown"
"5020554",378676,2026-04-28 20:19:59,28.8689022064209,-17.8469524383545,"Unknown"
"5020554",378676,2026-04-28 20:20:59,28.8689079284668,-17.8469352722168,"Unknown"
"5020554",378676,2026-04-28 20:21:59,28.86887550354,-17.847053527832,"Unknown"
"5020554",378676,2026-04-28 20:22:59,28.8688507080078,-17.8471069335938,"Unknown"
"5020554",378676,2026-04-28 20:23:59,28.8688888549805,-17.847110748291,"Unknown"
"5020554",378676,2026-04-28 20:24:59,28.8688983917236,-17.847095489502,"Unknown"
"5020554",378676,2026-04-28 20:25:59,28.8688983917236,-17.8470916748047,"Unknown"
"5020554",378676,2026-04-28 20:26:59,28.8689231872559,-17.847074508667,"Unknown"
"5020554",378676,2026-04-28 20:27:59,28.8689079284668,-17.8470420837402,"Unknown"
"5020554",378676,2026-04-28 20:28:59,28.8689022064209,-17.8470268249512,"Unknown"
"5020554",378676,2026-04-28 20:29:59,28.8688888549805,-17.8470001220703,"Unknown"
"5020554",378676,2026-04-28 20:30:59,28.8688850402832,-17.8469944000244,"Unknown"
"5020554",378676,2026-04-28 20:31:59,28.8689212799072,-17.8470001220703,"Unknown"
"5020554",378676,2026-04-28 20:32:59,28.868953704834,-17.8469638824463,"Unknown"
"5020554",378676,2026-04-28 20:33:59,28.8689727783203,-17.846996307373,"Unknown"
"5020554",378676,2026-04-28 20:34:59,28.8689765930176,-17.8469924926758,"Unknown"
"5020554",378676,2026-04-28 20:35:59,28.8689785003662,-17.8469638824463,"Unknown"
"5020554",378676,2026-04-28 20:36:59,28.8689937591553,-17.8469429016113,"Unknown"
"5020554",378676,2026-04-28 20:37:59,28.869010925293,-17.8469200134277,"Unknown"
"5020554",378676,2026-04-28 20:38:59,28.8689956665039,-17.8468589782715,"Unknown"
"5020554",378676,2026-04-28 20:39:59,28.8690223693848,-17.8468704223633,"Unknown"
"5020554",378676,2026-04-28 20:40:59,28.8690395355225,-17.8468399047852,"Unknown"
"5020554",378676,2026-04-28 20:41:59,28.8690338134766,-17.8468551635742,"Unknown"
"5020554",378676,2026-04-28 20:42:59,28.8690490722656,-17.8468704223633,"Unknown"
"5020554",378676,2026-04-28 20:43:59,28.8690357208252,-17.8468704223633,"Unknown"
"5020554",378676,2026-04-28 20:44:59,28.8690776824951,-17.8468704223633,"Unknown"
"5020554",378676,2026-04-28 20:45:59,28.869083404541,-17.846866607666,"Unknown"
"5020554",378676,2026-04-28 20:46:59,28.869104385376,-17.8468856811523,"Unknown"
"5020554",378676,2026-04-28 20:47:59,28.869119644165,-17.8468856811523,"Unknown"
"5020554",378676,2026-04-28 20:48:59,28.8691024780273,-17.8468780517578,"Unknown"
"5020554",378676,2026-04-28 20:49:59,28.8691215515137,-17.8468914031982,"Unknown"
"5020554",378676,2026-04-28 20:50:59,28.8691234588623,-17.8469009399414,"Unknown"
"5020554",378676,2026-04-28 20:51:59,28.8691329956055,-17.8468914031982,"Unknown"
"5020554",378676,2026-04-28 20:52:59,28.8691177368164,-17.8469181060791,"Unknown"
"5020554",378676,2026-04-28 20:53:59,28.869119644165,-17.8469505310059,"Unknown"
"5020554",378676,2026-04-28 20:54:59,28.8691101074219,-17.8469753265381,"Unknown"
"5020554",378676,2026-04-28 20:55:59,28.8691291809082,-17.846960067749,"Unknown"
"5020554",378676,2026-04-28 20:56:59,28.8691062927246,-17.8469715118408,"Unknown"
"5020554",378676,2026-04-28 20:57:59,28.8690891265869,-17.8469505310059,"Unknown"
"5020554",378676,2026-04-28 20:58:59,28.8690948486328,-17.8469638824463,"Unknown"
"5020554",378676,2026-04-28 20:59:59,28.8690776824951,-17.8469333648682,"Unknown"
"5020554",378676,2026-04-28 21:00:59,28.8690776824951,-17.8469524383545,"Unknown"
"5020554",378676,2026-04-28 21:01:59,28.8690624237061,-17.8469409942627,"Unknown"
"5020554",378676,2026-04-28 21:03:01,28.8690795898438,-17.8469524383545,"Unknown"
"5020554",378676,2026-04-28 21:04:06,28.8690738677979,-17.8469333648682,"Unknown"
"5020554",378676,2026-04-28 21:05:03,28.8690586090088,-17.8469505310059,"Unknown"
"5020554",378676,2026-04-28 21:06:07,28.8690528869629,-17.8469295501709,"Unknown"
"5020554",378676,2026-04-28 21:07:03,28.869047164917,-17.846887588501,"Unknown"
"5020554",378676,2026-04-28 21:08:04,28.8690528869629,-17.8468914031982,"Unknown"
"5020554",378676,2026-04-28 21:10:24,28.8635673522949,-17.84840965271,"Unknown"
"5020554",378676,2026-04-28 21:11:01,28.8635139465332,-17.8485546112061,"Unknown"
"5020554",378676,2026-04-28 21:11:29,28.8635387420654,-17.8485736846924,"Unknown"
"5020554",378676,2026-04-28 21:12:28,28.8635864257812,-17.8486213684082,"Unknown"
"5020554",378676,2026-04-28 21:13:29,28.8635959625244,-17.8486709594727,"Unknown"
"5020554",378676,2026-04-28 21:14:30,28.863639831543,-17.8487110137939,"Unknown"
"5020554",378676,2026-04-28 21:15:28,28.8637218475342,-17.8487701416016,"Unknown"
"5020554",378676,2026-04-28 21:16:29,28.8637752532959,-17.848783493042,"Unknown"
"5020554",378676,2026-04-28 21:17:29,28.8638401031494,-17.8487949371338,"Unknown"
"5020554",378676,2026-04-28 21:18:29,28.8639163970947,-17.848804473877,"Unknown"
"5020554",378676,2026-04-28 21:19:28,28.8639602661133,-17.8488464355469,"Unknown"
"5020554",378676,2026-04-28 21:20:28,28.8639888763428,-17.8488502502441,"Unknown"
"5020554",378676,2026-04-28 21:21:29,28.8625202178955,-17.849142074585,"Unknown"
"5020554",378676,2026-04-28 21:22:29,28.8602085113525,-17.8457221984863,"Unknown"
"5020554",378676,2026-04-28 21:23:30,28.8568000793457,-17.8461036682129,"Unknown"
"5020554",378676,2026-04-28 21:24:29,28.8551063537598,-17.8426532745361,"Unknown"
"5020554",378676,2026-04-28 21:25:28,28.8525695800781,-17.8411731719971,"Unknown"
"5020554",378676,2026-04-28 21:26:28,28.8525238037109,-17.841194152832,"Unknown"
"5020554",378676,2026-04-28 21:27:29,28.8525314331055,-17.8412055969238,"Unknown"
"5020554",378676,2026-04-28 21:28:29,28.8525295257568,-17.8412322998047,"Unknown"
"5020554",378676,2026-04-28 21:29:29,28.8525047302246,-17.8412837982178,"Unknown"
"5020554",378676,2026-04-28 21:30:28,28.8525257110596,-17.8413276672363,"Unknown"
"5020554",378676,2026-04-28 21:31:28,28.8525047302246,-17.8413715362549,"Unknown"
"5020554",378676,2026-04-28 21:32:29,28.8525104522705,-17.8414058685303,"Unknown"
"5020554",378676,2026-04-28 21:33:29,28.8524856567383,-17.841423034668,"Unknown"
"5020554",378676,2026-04-28 21:34:29,28.8524837493896,-17.8414287567139,"Unknown"
"5020554",378676,2026-04-28 21:35:29,28.8524799346924,-17.841495513916,"Unknown"
"5020554",378676,2026-04-28 21:36:29,28.8524398803711,-17.8415603637695,"Unknown"
"5020554",378676,2026-04-28 21:37:28,28.8524703979492,-17.8416271209717,"Unknown"
"5020554",378676,2026-04-28 21:38:29,28.8524646759033,-17.8416690826416,"Unknown"
"5020554",378676,2026-04-28 21:39:29,28.8524684906006,-17.8417167663574,"Unknown"
"5020554",378676,2026-04-28 21:40:28,28.8524513244629,-17.8417434692383,"Unknown"
"5020554",378676,2026-04-28 21:41:29,28.8524475097656,-17.8417873382568,"Unknown"
"5020554",378676,2026-04-28 21:42:28,28.8524322509766,-17.8418006896973,"Unknown"
"5020554",378676,2026-04-28 21:43:29,28.8524303436279,-17.8418579101562,"Unknown"
"5020554",378676,2026-04-28 21:44:29,28.8524208068848,-17.8419189453125,"Unknown"
"5020554",378676,2026-04-28 21:45:29,28.8524112701416,-17.841926574707,"Unknown"
"5020554",378676,2026-04-28 21:46:29,28.8523921966553,-17.841968536377,"Unknown"
"5020554",378676,2026-04-28 21:47:29,28.8524055480957,-17.8419799804688,"Unknown"
"5020554",378676,2026-04-28 21:48:29,28.8523941040039,-17.8420238494873,"Unknown"
"5020554",378676,2026-04-28 21:49:29,28.8523864746094,-17.8420391082764,"Unknown"
"5020554",378676,2026-04-28 21:50:29,28.8523807525635,-17.8420696258545,"Unknown"
"5020554",378676,2026-04-28 21:51:29,28.8523712158203,-17.8421020507812,"Unknown"
"5020554",378676,2026-04-28 21:52:29,28.8523902893066,-17.8421649932861,"Unknown"
"5020554",378676,2026-04-28 21:53:29,28.8523750305176,-17.8422031402588,"Unknown"
"5020554",378676,2026-04-28 21:54:30,28.8523616790771,-17.8422565460205,"Unknown"
"5020554",378676,2026-04-28 21:55:31,28.8523731231689,-17.8422698974609,"Unknown"
"5020554",378676,2026-04-28 21:56:31,28.8523502349854,-17.842306137085,"Unknown"
"5020554",378676,2026-04-28 21:57:31,28.852352142334,-17.8423461914062,"Unknown"
"5020554",378676,2026-04-28 21:58:29,28.8523426055908,-17.842378616333,"Unknown"
"5020554",378676,2026-04-28 21:59:30,28.8523426055908,-17.8424339294434,"Unknown"
"5020554",378676,2026-04-28 22:00:29,28.8523216247559,-17.8424396514893,"Unknown"
"5020554",378676,2026-04-28 22:01:29,28.8523387908936,-17.8424491882324,"Unknown"
"5020554",378676,2026-04-28 22:02:29,28.8523654937744,-17.8424758911133,"Unknown"
"5020554",378676,2026-04-28 22:03:29,28.8523693084717,-17.8424911499023,"Unknown"
"5020554",378676,2026-04-28 22:04:29,28.8523635864258,-17.8425216674805,"Unknown"
"5020554",378676,2026-04-28 22:05:31,28.8523788452148,-17.8425521850586,"Unknown"
"5020554",378676,2026-04-28 22:06:30,28.8523807525635,-17.842586517334,"Unknown"
"5020554",378676,2026-04-28 22:07:32,28.8523731231689,-17.8426704406738,"Unknown"
"5020554",378676,2026-04-28 22:08:31,28.8524036407471,-17.8427085876465,"Unknown"
"5020554",378676,2026-04-28 22:09:31,28.8524074554443,-17.8427639007568,"Unknown"
"5020554",378676,2026-04-28 22:10:29,28.852466583252,-17.8427925109863,"Unknown"
"5020554",378676,2026-04-28 22:11:31,28.8524188995361,-17.8428382873535,"Unknown"
"5020554",378676,2026-04-28 22:12:31,28.8524379730225,-17.842903137207,"Unknown"
"5020554",378676,2026-04-28 22:13:31,28.8524703979492,-17.8429183959961,"Unknown"
"5020554",378676,2026-04-28 22:14:29,28.8524875640869,-17.8428993225098,"Unknown"
"5020554",378676,2026-04-28 22:15:30,28.8525066375732,-17.8429355621338,"Unknown"
"5020554",378676,2026-04-28 22:16:31,28.8524951934814,-17.8429946899414,"Unknown"
"5020554",378676,2026-04-28 22:17:31,28.8525009155273,-17.8430290222168,"Unknown"
"5020554",378676,2026-04-28 22:18:29,28.8525238037109,-17.8430614471436,"Unknown"
"5020554",378676,2026-04-28 22:19:31,28.8525428771973,-17.8431396484375,"Unknown"
"5020554",378676,2026-04-28 22:20:31,28.8525524139404,-17.8431644439697,"Unknown"
"5020554",378676,2026-04-28 22:21:31,28.8525218963623,-17.8432369232178,"Unknown"
"5020554",378676,2026-04-28 22:22:32,28.8525810241699,-17.843297958374,"Unknown"
"5020554",378676,2026-04-28 22:23:30,28.8525295257568,-17.8432884216309,"Unknown"
"5020554",378676,2026-04-28 22:24:29,28.852575302124,-17.8432846069336,"Unknown"
"5020554",378676,2026-04-28 22:25:29,28.8525886535645,-17.8433284759521,"Unknown"
"5020554",378676,2026-04-28 22:26:29,28.8525695800781,-17.843391418457,"Unknown"
"5020554",378676,2026-04-28 22:27:28,28.8525924682617,-17.843376159668,"Unknown"
"5020554",378676,2026-04-28 22:28:31,28.8525581359863,-17.8434600830078,"Unknown"
"5020554",378676,2026-04-28 22:29:29,28.8525676727295,-17.8434658050537,"Unknown"
"5020554",378676,2026-04-28 22:30:29,28.8526020050049,-17.8434524536133,"Unknown"
"5020554",378676,2026-04-28 22:31:29,28.8526382446289,-17.8434028625488,"Unknown"
"5020554",378676,2026-04-28 22:32:29,28.8526401519775,-17.8433990478516,"Unknown"
"5020554",378676,2026-04-28 22:33:31,28.8526458740234,-17.8434352874756,"Unknown"
"5020554",378676,2026-04-28 22:34:33,28.8526477813721,-17.8434734344482,"Unknown"
"5020554",378676,2026-04-28 22:35:31,28.8526802062988,-17.8434772491455,"Unknown"
"5020554",378676,2026-04-28 22:36:31,28.8526725769043,-17.8435459136963,"Unknown"
"5020554",378676,2026-04-28 22:37:29,28.8526840209961,-17.8435688018799,"Unknown"
"5020554",378676,2026-04-28 22:38:29,28.8526859283447,-17.8435497283936,"Unknown"
"5020554",378676,2026-04-28 22:39:31,28.8527374267578,-17.8435192108154,"Unknown"
"5020554",378676,2026-04-28 22:40:29,28.8527221679688,-17.8435459136963,"Unknown"
"5020554",378676,2026-04-28 22:41:30,28.8527565002441,-17.8436031341553,"Unknown"
"5020554",378676,2026-04-28 22:42:29,28.8527450561523,-17.8436107635498,"Unknown"
"5020554",378676,2026-04-28 22:43:31,28.8527526855469,-17.8436241149902,"Unknown"
"5020554",378676,2026-04-28 22:44:29,28.8527679443359,-17.8436393737793,"Unknown"
"5020554",378676,2026-04-28 22:45:29,28.8527755737305,-17.8436660766602,"Unknown"
"5020554",378676,2026-04-28 22:46:31,28.8527698516846,-17.8436870574951,"Unknown"
"5020554",378676,2026-04-28 22:47:29,28.8527660369873,-17.8437232971191,"Unknown"
"5020554",378676,2026-04-28 22:48:31,28.8527565002441,-17.8437614440918,"Unknown"
"5020554",378676,2026-04-28 22:49:29,28.8527450561523,-17.8437824249268,"Unknown"
"5020554",378676,2026-04-28 22:50:28,28.852746963501,-17.8438510894775,"Unknown"
"5020554",378676,2026-04-28 22:51:29,28.8527908325195,-17.8438148498535,"Unknown"
"5020554",378676,2026-04-28 22:52:29,28.852840423584,-17.8437824249268,"Unknown"
"5020554",378676,2026-04-28 22:53:29,28.852897644043,-17.8437919616699,"Unknown"
"5020554",378676,2026-04-28 22:54:29,28.8529186248779,-17.8437786102295,"Unknown"
"5020554",378676,2026-04-28 22:55:30,28.8529434204102,-17.8437652587891,"Unknown"
"5020554",378676,2026-04-28 22:56:31,28.8529872894287,-17.8437671661377,"Unknown"
"5020554",378676,2026-04-28 22:57:29,28.8529834747314,-17.8437671661377,"Unknown"
"5020554",378676,2026-04-28 22:58:29,28.8530197143555,-17.8438243865967,"Unknown"
"5020554",378676,2026-04-28 22:59:31,28.8530578613281,-17.8438034057617,"Unknown"
"5020554",378676,2026-04-28 23:00:29,28.8530902862549,-17.8438129425049,"Unknown"
"5020554",378676,2026-04-28 23:01:31,28.8531131744385,-17.8437576293945,"Unknown"
"5020554",378676,2026-04-28 23:02:30,28.8531608581543,-17.8436832427979,"Unknown"
"5020554",378676,2026-04-28 23:03:29,28.8532009124756,-17.8436260223389,"Unknown"
"5020554",378676,2026-04-28 23:04:29,28.8532409667969,-17.8436050415039,"Unknown"
"5020554",378676,2026-04-28 23:05:30,28.8532257080078,-17.8435649871826,"Unknown"
"5020554",378676,2026-04-28 23:07:01,28.8532791137695,-17.8435134887695,"Unknown"
"5020554",378676,2026-04-28 23:08:17,28.8532981872559,-17.8435478210449,"Unknown"
"5020554",378676,2026-04-28 23:17:30,28.8535594940186,-17.8431873321533,"Unknown"
"5020554",378676,2026-04-28 23:18:31,28.8535957336426,-17.8431491851807,"Unknown"
"5020554",378676,2026-04-28 23:19:31,28.8536033630371,-17.843111038208,"Unknown"
"5020554",378676,2026-04-28 23:20:31,28.8536586761475,-17.8430709838867,"Unknown"
"5020554",378676,2026-04-28 23:21:31,28.8536720275879,-17.843090057373,"Unknown"
"5020554",378676,2026-04-28 23:31:29,28.8540306091309,-17.8427581787109,"Unknown"
"5020554",378676,2026-04-28 23:32:29,28.8540935516357,-17.8427124023438,"Unknown"
"5020554",378676,2026-04-28 23:33:28,28.8540840148926,-17.8427791595459,"Unknown"
"5020554",378676,2026-04-28 23:34:31,28.8541126251221,-17.8427639007568,"Unknown"
"5020554",378676,2026-04-28 23:35:29,28.8541851043701,-17.8427867889404,"Unknown"
"5020554",378676,2026-04-28 23:36:29,28.8542366027832,-17.8428153991699,"Unknown"
"5020554",378676,2026-04-28 23:46:29,28.8544902801514,-17.8425979614258,"Unknown"
"5020554",378676,2026-04-28 23:47:31,28.8545112609863,-17.8425445556641,"Unknown"
"5020554",378676,2026-04-28 23:48:29,28.8545246124268,-17.8425312042236,"Unknown"
"5020554",378676,2026-04-28 23:58:29,28.8548164367676,-17.8420677185059,"Unknown"
"5020554",378676,2026-04-28 23:59:29,28.8548545837402,-17.8420238494873,"Unknown"
"5020554",378676,2026-04-29 00:09:29,28.855525970459,-17.8414497375488,"Unknown"
"5020554",378676,2026-04-29 00:10:28,28.8555736541748,-17.8414192199707,"Unknown"
"5020554",378676,2026-04-29 00:20:30,28.8562850952148,-17.8409023284912,"Unknown"
"5020554",378676,2026-04-29 00:30:31,28.8567314147949,-17.840705871582,"Unknown"
"5020554",378676,2026-04-29 00:40:29,28.8568058013916,-17.8409862518311,"Unknown"
"5020554",378676,2026-04-29 00:41:31,28.8568210601807,-17.8410186767578,"Unknown"
"5020554",378676,2026-04-29 00:42:31,28.8568096160889,-17.84108543396,"Unknown"
"5020554",378676,2026-04-29 00:52:31,28.8566417694092,-17.8416862487793,"Unknown"
"5020554",378676,2026-04-29 00:53:29,28.8565921783447,-17.8417453765869,"Unknown"
"5020554",378676,2026-04-29 01:03:30,28.8565692901611,-17.8420467376709,"Unknown"
"5020554",378676,2026-04-29 01:13:31,28.8565616607666,-17.8431911468506,"Unknown"
"5020554",378676,2026-04-29 01:14:32,28.8565406799316,-17.8432579040527,"Unknown"
"5020554",378676,2026-04-29 01:24:31,28.8563919067383,-17.8440322875977,"Unknown"
"5020554",378676,2026-04-29 01:34:32,28.8563442230225,-17.8446464538574,"Unknown"
"5020554",378676,2026-04-29 01:45:03,28.8564414978027,-17.8452301025391,"Unknown"
"5020554",378676,2026-04-29 01:54:28,28.8564929962158,-17.8460445404053,"Unknown"
"5020554",378676,2026-04-29 02:04:28,28.8564224243164,-17.8468952178955,"Unknown"
"5020554",378676,2026-04-29 02:14:28,28.8563652038574,-17.8476886749268,"Unknown"
"5020554",378676,2026-04-29 02:24:28,28.8563289642334,-17.8487377166748,"Unknown"
"5020554",378676,2026-04-29 02:34:29,28.8564968109131,-17.849666595459,"Unknown"
"5020554",378676,2026-04-29 02:44:29,28.8567543029785,-17.8508167266846,"Unknown"
"5020554",378676,2026-04-29 02:54:30,28.8567733764648,-17.8518981933594,"Unknown"
"5020554",378676,2026-04-29 03:04:29,28.8567714691162,-17.8527965545654,"Unknown"
"5020554",378676,2026-04-29 03:14:31,28.8568115234375,-17.8533535003662,"Unknown"
"5020554",378676,2026-04-29 03:24:29,28.857048034668,-17.8542537689209,"Unknown"
"5020554",378676,2026-04-29 03:34:29,28.8573570251465,-17.8552627563477,"Unknown"
"5020554",378676,2026-04-29 03:44:32,28.8574047088623,-17.8560466766357,"Unknown"
"5020554",378676,2026-04-29 03:54:32,28.8550395965576,-17.8550357818604,"Unknown"
"5020554",378676,2026-04-29 04:05:02,28.8547954559326,-17.8556632995605,"Unknown"
"5020554",378676,2026-04-29 04:14:30,28.8526248931885,-17.8294525146484,"Unknown"
"5020554",378676,2026-04-29 04:25:05,28.82834815979,-17.8447151184082,"Unknown"
"5020554",378676,2026-04-29 04:34:31,28.8049964904785,-17.8129940032959,"Unknown"
"5020554",378676,2026-04-29 04:44:32,28.7823314666748,-17.8076477050781,"Unknown"
"5020554",378676,2026-04-29 04:55:54,28.7799110412598,-17.8112449645996,"Unknown"
"5020554",378676,2026-04-29 05:05:08,28.7801055908203,-17.8112697601318,"Unknown"
"5020554",378676,2026-04-29 05:14:37,28.7801666259766,-17.8111953735352,"Unknown"
"5020554",378676,2026-04-29 05:25:03,28.7801647186279,-17.8112678527832,"Unknown"
"5020554",378676,2026-04-29 05:34:30,28.8010349273682,-17.768461227417,"Unknown"
"5020554",378676,2026-04-29 05:44:32,28.8098411560059,-17.7214202880859,"Unknown"
"5020554",378676,2026-04-29 05:54:31,28.7859859466553,-17.7282543182373,"Unknown"
"5020554",378676,2026-04-29 06:04:32,28.7825508117676,-17.7328872680664,"Unknown"
"5020554",378676,2026-04-29 06:14:31,28.7831611633301,-17.7330837249756,"Unknown"
"5020554",378676,2026-04-29 06:24:31,28.7915954589844,-17.7378425598145,"Unknown"
"5020554",378676,2026-04-29 06:34:29,28.7912464141846,-17.7394828796387,"Unknown"
"5020554",378676,2026-04-29 06:44:31,28.7924137115479,-17.7394180297852,"Unknown"
"5020554",378676,2026-04-29 06:54:30,28.7932567596436,-17.7393455505371,"Unknown"
"5020554",378676,2026-04-29 07:05:54,28.7808227539062,-17.7251453399658,"Unknown"
"5020554",378676,2026-04-29 07:15:54,28.7249794006348,-17.6833782196045,"Unknown"
"5020554",378676,2026-04-29 07:25:27,28.6660099029541,-17.636646270752,"Unknown"
"5020554",378676,2026-04-29 07:34:33,28.6088848114014,-17.5975952148438,"Unknown"
"5020554",378676,2026-04-29 07:44:33,28.552116394043,-17.5504665374756,"Unknown"
"5020554",378676,2026-04-29 07:54:38,28.5353393554688,-17.5150604248047,"Unknown"
"5020554",378676,2026-04-29 08:15:02,28.50830078125,-17.4947776794434,"Unknown"
"5020554",378676,2026-04-29 08:24:34,28.510383605957,-17.4792022705078,"Unknown"
"5020554",378676,2026-04-29 08:34:29,28.51708984375,-17.4600811004639,"Unknown"
"5020554",378676,2026-04-29 08:44:31,28.5323810577393,-17.4489994049072,"Unknown"
"5020554",378676,2026-04-29 08:54:34,28.5490036010742,-17.4405670166016,"Unknown"
"5020554",378676,2026-04-29 09:04:32,28.5443344116211,-17.4155311584473,"Unknown"
"5020554",378676,2026-04-29 09:14:32,28.4996795654297,-17.3662261962891,"Unknown"
"5020554",378676,2026-04-29 09:24:32,28.4684505462646,-17.3305130004883,"Unknown"
"5020554",378676,2026-04-29 09:34:32,28.4227085113525,-17.3239765167236,"Unknown"
"5020554",378676,2026-04-29 09:44:31,28.3814640045166,-17.3167934417725,"Unknown"
"5020554",378676,2026-04-29 09:54:29,28.3695945739746,-17.3172473907471,"Unknown"
"5020554",378676,2026-04-29 10:04:34,28.3736362457275,-17.3232650756836,"Unknown"
"5020554",378676,2026-04-29 10:14:38,28.3625507354736,-17.3288955688477,"Unknown"
"5020554",378676,2026-04-29 10:24:32,28.358118057251,-17.3309192657471,"Unknown"
"5020554",378676,2026-04-29 10:34:36,28.3550796508789,-17.3280487060547,"Unknown"
"5020554",378676,2026-04-29 10:45:33,28.3520030975342,-17.3284778594971,"Unknown"
"5020554",378676,2026-04-29 10:54:29,28.3520183563232,-17.326171875,"Unknown"
"5020554",378676,2026-04-29 11:04:33,28.3470726013184,-17.3284397125244,"Unknown"
"5020554",378676,2026-04-29 11:14:29,28.348445892334,-17.325719833374,"Unknown"
"5020554",378676,2026-04-29 11:24:30,28.3491516113281,-17.3248138427734,"Unknown"
"5020554",378676,2026-04-29 11:34:31,28.3487949371338,-17.3237857818604,"Unknown"
"5020554",378676,2026-04-29 11:44:33,28.3475208282471,-17.3219223022461,"Unknown"
"5020554",378676,2026-04-29 11:54:32,28.3476409912109,-17.3196182250977,"Unknown"
"5020554",378676,2026-04-29 12:04:30,28.3475894927979,-17.3181228637695,"Unknown"
"5020554",378676,2026-04-29 12:14:33,28.3471126556396,-17.3154144287109,"Unknown"
"5020554",378676,2026-04-29 12:24:57,28.3465709686279,-17.3131408691406,"Unknown"
"5020554",378676,2026-04-29 12:34:32,28.3460464477539,-17.3109130859375,"Unknown"
"5020554",378676,2026-04-29 12:44:57,28.345796585083,-17.309118270874,"Unknown"
"5020554",378676,2026-04-29 12:54:31,28.3450126647949,-17.3072948455811,"Unknown"
"5020554",378676,2026-04-29 13:04:31,28.3440837860107,-17.30539894104,"Unknown"
"5020554",378676,2026-04-29 13:14:32,28.3436431884766,-17.3100872039795,"Unknown"
"5020554",378676,2026-04-29 13:24:31,28.3340244293213,-17.3608684539795,"Unknown"
"5020554",378676,2026-04-29 13:34:30,28.3074417114258,-17.3869018554688,"Unknown"
"5020554",378676,2026-04-29 13:44:31,28.2607612609863,-17.366060256958,"Unknown"
"5020554",378676,2026-04-29 13:55:03,28.2518367767334,-17.3641986846924,"Unknown"
"5020554",378676,2026-04-29 14:04:30,28.2513675689697,-17.3635234832764,"Unknown"
"5020554",378676,2026-04-29 14:14:30,28.2480430603027,-17.339973449707,"Unknown"
"5020554",378676,2026-04-29 14:24:30,28.281852722168,-17.3046379089355,"Unknown"
"5020554",378676,2026-04-29 14:34:31,28.2791976928711,-17.3059310913086,"Unknown"
"5020554",378676,2026-04-29 14:44:29,28.2931957244873,-17.3090991973877,"Unknown"
"5020554",378676,2026-04-29 14:54:31,28.3267478942871,-17.2936992645264,"Unknown"
"5020554",378676,2026-04-29 15:04:30,28.3405456542969,-17.2737045288086,"Unknown"
"5020554",378676,2026-04-29 15:14:31,28.339693069458,-17.2725524902344,"Unknown"
"5020554",378676,2026-04-29 15:24:31,28.3387680053711,-17.2716255187988,"Unknown"
"5020554",378676,2026-04-29 15:34:32,28.3401870727539,-17.263614654541,"Unknown"
"5020554",378676,2026-04-29 15:44:30,28.3395900726318,-17.2665882110596,"Unknown"
"5020554",378676,2026-04-29 15:54:29,28.3352870941162,-17.2684364318848,"Unknown"
"5020554",378676,2026-04-29 16:05:04,28.3340911865234,-17.2679042816162,"Unknown"
"5020554",378676,2026-04-29 16:14:29,28.3330707550049,-17.2671985626221,"Unknown"
"5020554",378676,2026-04-29 16:24:29,28.334342956543,-17.2581787109375,"Unknown"
"5020554",378676,2026-04-29 16:34:29,28.3331680297852,-17.2565994262695,"Unknown"
"5020554",378676,2026-04-29 16:44:57,28.3318367004395,-17.2550754547119,"Unknown"
"5020554",378676,2026-04-29 16:54:29,28.3305931091309,-17.2537841796875,"Unknown"
"5020554",378676,2026-04-29 17:04:30,28.3293895721436,-17.2524242401123,"Unknown"
"5020554",378676,2026-04-29 17:14:29,28.3281726837158,-17.2511577606201,"Unknown"
"5020554",378676,2026-04-29 17:24:29,28.3271102905273,-17.2499389648438,"Unknown"
"5020554",378676,2026-04-29 17:34:33,28.3261375427246,-17.2486228942871,"Unknown"
"5020554",378676,2026-04-29 17:44:31,28.3250045776367,-17.247428894043,"Unknown"
"5020554",378676,2026-04-29 17:54:30,28.3240089416504,-17.2462463378906,"Unknown"
"5020554",378676,2026-04-29 18:04:32,28.3257007598877,-17.2846736907959,"Unknown"
"5020554",378676,2026-04-29 18:14:32,28.3220882415771,-17.3361568450928,"Unknown"
"5020554",378676,2026-04-29 18:24:31,28.332706451416,-17.3846282958984,"Unknown"
"5020554",378676,2026-04-29 18:35:33,28.3558101654053,-17.4353713989258,"Unknown"
"5020554",378676,2026-04-29 18:55:54,28.4007453918457,-17.4908638000488,"Unknown"
"5020554",378676,2026-04-29 20:25:47,28.5550899505615,-17.759859085083,"Unknown"
"5020554",378676,2026-04-29 20:34:31,28.556209564209,-17.7603378295898,"Unknown"
"5020554",378676,2026-04-29 20:35:29,28.5574817657471,-17.7616539001465,"Unknown"
"5020554",378676,2026-04-29 20:36:29,28.557544708252,-17.7615833282471,"Unknown"
"5020554",378676,2026-04-29 20:37:29,28.5576248168945,-17.7615642547607,"Unknown"
"5020554",378676,2026-04-29 20:38:29,28.557674407959,-17.7614803314209,"Unknown"
"5020554",378676,2026-04-29 20:39:30,28.5577030181885,-17.7614212036133,"Unknown"
"5020554",378676,2026-04-29 20:40:29,28.5577430725098,-17.7613887786865,"Unknown"
"5020554",378676,2026-04-29 20:41:29,28.5577812194824,-17.7613582611084,"Unknown"
"5020554",378676,2026-04-29 20:42:30,28.5578384399414,-17.761323928833,"Unknown"
"5020554",378676,2026-04-29 20:43:29,28.5578842163086,-17.7612991333008,"Unknown"
"5020554",378676,2026-04-29 20:44:29,28.5579395294189,-17.7612781524658,"Unknown"
"5020554",378676,2026-04-29 20:45:29,28.5579643249512,-17.7612953186035,"Unknown"
"5020554",378676,2026-04-29 20:46:29,28.5580043792725,-17.7612953186035,"Unknown"
"5020554",378676,2026-04-29 20:47:36,28.5579566955566,-17.7611389160156,"Unknown"
"5020554",378676,2026-04-29 20:48:36,28.5580940246582,-17.7613430023193,"Unknown"
"5020554",378676,2026-04-29 20:49:36,28.5581378936768,-17.7613983154297,"Unknown"
"5020554",378676,2026-04-29 20:50:28,28.5582313537598,-17.7613792419434,"Unknown"
"5020554",378676,2026-04-29 20:51:29,28.5582981109619,-17.7613105773926,"Unknown"
"5020554",378676,2026-04-29 20:52:28,28.5583324432373,-17.7612571716309,"Unknown"
"5020554",378676,2026-04-29 20:53:29,28.5583667755127,-17.7612075805664,"Unknown"
"5020554",378676,2026-04-29 20:54:29,28.5583839416504,-17.761173248291,"Unknown"
"5020554",378676,2026-04-29 20:55:30,28.5583972930908,-17.7610988616943,"Unknown"
"5020554",378676,2026-04-29 20:56:29,28.5584506988525,-17.7610855102539,"Unknown"
"5020554",378676,2026-04-29 20:57:31,28.5584888458252,-17.7610244750977,"Unknown"
"5020554",378676,2026-04-29 20:58:29,28.558500289917,-17.7609767913818,"Unknown"
"5020554",378676,2026-04-29 20:59:29,28.5585708618164,-17.7609214782715,"Unknown"
"5020554",378676,2026-04-29 21:00:29,28.5586471557617,-17.7608642578125,"Unknown"
"5020554",378676,2026-04-29 21:01:29,28.5587215423584,-17.7608280181885,"Unknown"
"5020554",378676,2026-04-29 21:02:29,28.5587673187256,-17.7607536315918,"Unknown"
"5020554",378676,2026-04-29 21:03:29,28.5588150024414,-17.7606906890869,"Unknown"
"5020554",378676,2026-04-29 21:04:29,28.558895111084,-17.7606964111328,"Unknown"
"5020554",378676,2026-04-29 21:05:31,28.5589637756348,-17.760721206665,"Unknown"
"5020554",378676,2026-04-29 21:06:29,28.5590648651123,-17.7607536315918,"Unknown"
"5020554",378676,2026-04-29 21:07:30,28.5590991973877,-17.760763168335,"Unknown"
"5020554",378676,2026-04-29 21:08:31,28.5591564178467,-17.7607707977295,"Unknown"
"5020554",378676,2026-04-29 21:09:29,28.5592308044434,-17.7607574462891,"Unknown"
"5020554",378676,2026-04-29 21:10:30,28.5593032836914,-17.7607402801514,"Unknown"
"5020554",378676,2026-04-29 21:11:31,28.5593891143799,-17.7607288360596,"Unknown"
"5020554",378676,2026-04-29 21:12:29,28.5594806671143,-17.7606964111328,"Unknown"
"5020554",378676,2026-04-29 21:13:30,28.5595455169678,-17.7606334686279,"Unknown"
"5020554",378676,2026-04-29 21:14:31,28.5596084594727,-17.7605361938477,"Unknown"
"5020554",378676,2026-04-29 21:15:29,28.5596923828125,-17.7604503631592,"Unknown"
"5020554",378676,2026-04-29 21:16:29,28.5598163604736,-17.7603874206543,"Unknown"
"5020554",378676,2026-04-29 21:17:29,28.5599098205566,-17.7602825164795,"Unknown"
"5020554",378676,2026-04-29 21:18:30,28.5600185394287,-17.760181427002,"Unknown"
"5020554",378676,2026-04-29 21:19:31,28.5600910186768,-17.7600765228271,"Unknown"
"5020554",378676,2026-04-29 21:20:29,28.5602321624756,-17.7599868774414,"Unknown"
"5020554",378676,2026-04-29 21:21:30,28.5603370666504,-17.7599086761475,"Unknown"
"5020554",378676,2026-04-29 21:22:30,28.5604686737061,-17.7598323822021,"Unknown"
"5020554",378676,2026-04-29 21:23:29,28.5605449676514,-17.7597465515137,"Unknown"
"5020554",378676,2026-04-29 21:24:31,28.5606441497803,-17.759593963623,"Unknown"
"5020554",378676,2026-04-29 21:25:33,28.5607089996338,-17.75950050354,"Unknown"
"5020554",378676,2026-04-29 21:26:29,28.56077003479,-17.7593898773193,"Unknown"
"5020554",378676,2026-04-29 21:27:31,28.5609302520752,-17.7593021392822,"Unknown"
"5020554",378676,2026-04-29 21:28:30,28.5609664916992,-17.7592430114746,"Unknown"
"5020554",378676,2026-04-29 21:29:30,28.561071395874,-17.7592067718506,"Unknown"
"5020554",378676,2026-04-29 21:30:30,28.5611896514893,-17.7591438293457,"Unknown"
"5020554",378676,2026-04-29 21:31:30,28.5613059997559,-17.759105682373,"Unknown"
"5020554",378676,2026-04-29 21:32:30,28.5613746643066,-17.7590560913086,"Unknown"
"5020554",378676,2026-04-29 21:33:32,28.5615692138672,-17.7590522766113,"Unknown"
"5020554",378676,2026-04-29 21:34:30,28.5615558624268,-17.7590198516846,"Unknown"
"5020554",378676,2026-04-29 21:35:30,28.5616989135742,-17.759033203125,"Unknown"
"5020554",378676,2026-04-29 21:36:31,28.5616893768311,-17.7589683532715,"Unknown"
"5020554",378676,2026-04-29 21:37:29,28.5617618560791,-17.7589378356934,"Unknown"
"5020554",378676,2026-04-29 21:38:29,28.5617923736572,-17.7589492797852,"Unknown"
"5020554",378676,2026-04-29 21:39:30,28.5617580413818,-17.758939743042,"Unknown"
"5020554",378676,2026-04-29 21:40:30,28.5616989135742,-17.7588882446289,"Unknown"
"5020554",378676,2026-04-29 21:41:31,28.5616683959961,-17.7589511871338,"Unknown"
"5020554",378676,2026-04-29 21:42:29,28.561580657959,-17.7588005065918,"Unknown"
"5020554",378676,2026-04-29 21:43:30,28.5616054534912,-17.7586822509766,"Unknown"
"5020554",378676,2026-04-29 21:44:31,28.5616188049316,-17.7585430145264,"Unknown"
"5020554",378676,2026-04-29 21:45:31,28.5617179870605,-17.7584419250488,"Unknown"
"5020554",378676,2026-04-29 21:46:31,28.5617370605469,-17.7582378387451,"Unknown"
"5020554",378676,2026-04-29 21:47:33,28.5618705749512,-17.7581348419189,"Unknown"
"5020554",378676,2026-04-29 21:48:31,28.5620098114014,-17.7580890655518,"Unknown"
"5020554",378676,2026-04-29 21:49:31,28.5620403289795,-17.7579803466797,"Unknown"
"5020554",378676,2026-04-29 21:50:30,28.5621528625488,-17.7578639984131,"Unknown"
"5020554",378676,2026-04-29 21:51:31,28.562255859375,-17.7577209472656,"Unknown"
"5020554",378676,2026-04-29 21:52:29,28.5623264312744,-17.7575721740723,"Unknown"
"5020554",378676,2026-04-29 21:53:30,28.5624828338623,-17.7573852539062,"Unknown"
"5020554",378676,2026-04-29 21:54:30,28.5624980926514,-17.757287979126,"Unknown"
"5020554",378676,2026-04-29 21:55:32,28.5628757476807,-17.7573318481445,"Unknown"
"5020554",378676,2026-04-29 21:56:33,28.5629234313965,-17.7572937011719,"Unknown"
"5020554",378676,2026-04-29 21:57:37,28.5630035400391,-17.7573528289795,"Unknown"
"5020554",378676,2026-04-29 21:58:30,28.5630645751953,-17.7573471069336,"Unknown"
"5020554",378676,2026-04-29 22:00:03,28.56321144104,-17.7574939727783,"Unknown"
"5020554",378676,2026-04-29 22:00:28,28.5632400512695,-17.7575378417969,"Unknown"
"5020554",378676,2026-04-29 22:01:29,28.5632762908936,-17.757604598999,"Unknown"
"5020554",378676,2026-04-29 22:02:29,28.5632629394531,-17.7576160430908,"Unknown"
"5020554",378676,2026-04-29 22:03:29,28.5633354187012,-17.7575263977051,"Unknown"
"5020554",378676,2026-04-29 22:04:28,28.5634765625,-17.757396697998,"Unknown"
"5020554",378676,2026-04-29 22:05:28,28.5635852813721,-17.7573585510254,"Unknown"
"5020554",378676,2026-04-29 22:06:28,28.5637073516846,-17.757287979126,"Unknown"
"5020554",378676,2026-04-29 22:07:28,28.5637645721436,-17.7572422027588,"Unknown"
"5020554",378676,2026-04-29 22:08:29,28.563756942749,-17.7572708129883,"Unknown"
"5020554",378676,2026-04-29 22:09:28,28.5638065338135,-17.7572650909424,"Unknown"
"5020554",378676,2026-04-29 22:10:28,28.5637359619141,-17.757209777832,"Unknown"
"5020554",378676,2026-04-29 22:11:28,28.5636539459229,-17.7571334838867,"Unknown"
"5020554",378676,2026-04-29 22:12:28,28.563663482666,-17.7571868896484,"Unknown"
"5020554",378676,2026-04-29 22:13:29,28.5635871887207,-17.7572402954102,"Unknown"
"5020554",378676,2026-04-29 22:14:28,28.5635261535645,-17.7572898864746,"Unknown"
"5020554",378676,2026-04-29 22:15:29,28.5634651184082,-17.7573089599609,"Unknown"
"5020554",378676,2026-04-29 22:16:29,28.5634460449219,-17.7572154998779,"Unknown"
"5020554",378676,2026-04-29 22:17:28,28.5634498596191,-17.7570457458496,"Unknown"
"5020554",378676,2026-04-29 22:18:29,28.5635051727295,-17.7568874359131,"Unknown"
"5020554",378676,2026-04-29 22:19:29,28.5635662078857,-17.7567100524902,"Unknown"
"5020554",378676,2026-04-29 22:20:28,28.5635833740234,-17.7565784454346,"Unknown"
"5020554",378676,2026-04-29 22:21:28,28.5636615753174,-17.7564182281494,"Unknown"
"5020554",378676,2026-04-29 22:22:28,28.5636978149414,-17.7562713623047,"Unknown"
"5020554",378676,2026-04-29 22:23:28,28.5637798309326,-17.7561340332031,"Unknown"
"5020554",378676,2026-04-29 22:24:28,28.5638523101807,-17.755989074707,"Unknown"
"5020554",378676,2026-04-29 22:25:29,28.5639419555664,-17.7558631896973,"Unknown"
"5020554",378676,2026-04-29 22:26:29,28.5640277862549,-17.755765914917,"Unknown"
"5020554",378676,2026-04-29 22:27:29,28.5641231536865,-17.7556285858154,"Unknown"
"5020554",378676,2026-04-29 22:28:28,28.5642147064209,-17.7555294036865,"Unknown"
"5020554",378676,2026-04-29 22:29:30,28.5643272399902,-17.7554168701172,"Unknown"
"5020554",378676,2026-04-29 22:30:29,28.5644359588623,-17.7553005218506,"Unknown"
"5020554",378676,2026-04-29 22:31:30,28.5645732879639,-17.7551803588867,"Unknown"
"5020554",378676,2026-04-29 22:32:29,28.5646572113037,-17.7550792694092,"Unknown"
"5020554",378676,2026-04-29 22:33:29,28.5647754669189,-17.7549819946289,"Unknown"
"5020554",378676,2026-04-29 22:34:28,28.5648460388184,-17.7548828125,"Unknown"
"5020554",378676,2026-04-29 22:35:30,28.5649433135986,-17.7548084259033,"Unknown"
"5020554",378676,2026-04-29 22:36:29,28.565055847168,-17.7547092437744,"Unknown"
"5020554",378676,2026-04-29 22:37:29,28.5651912689209,-17.7545852661133,"Unknown"
"5020554",378676,2026-04-29 22:38:29,28.5653190612793,-17.7545509338379,"Unknown"
"5020554",378676,2026-04-29 22:39:29,28.565450668335,-17.7544479370117,"Unknown"
"5020554",378676,2026-04-29 22:40:29,28.5655841827393,-17.7543354034424,"Unknown"
"5020554",378676,2026-04-29 22:41:29,28.5657157897949,-17.7542591094971,"Unknown"
"5020554",378676,2026-04-29 22:42:29,28.5658473968506,-17.7541732788086,"Unknown"
"5020554",378676,2026-04-29 22:43:29,28.5660018920898,-17.7540740966797,"Unknown"
"5020554",378676,2026-04-29 22:44:29,28.5689105987549,-17.7528343200684,"Unknown"
"5020554",378676,2026-04-29 22:45:30,28.5743370056152,-17.7496776580811,"Unknown"
"5020554",378676,2026-04-29 22:46:30,28.5798320770264,-17.7470684051514,"Unknown"
"5020554",378676,2026-04-29 22:47:30,28.5836009979248,-17.7460098266602,"Unknown"
"5020554",378676,2026-04-29 22:48:29,28.5837116241455,-17.7459583282471,"Unknown"
"5020554",378676,2026-04-29 22:49:30,28.5838813781738,-17.7458801269531,"Unknown"
"5020554",378676,2026-04-29 22:50:29,28.5839939117432,-17.7458114624023,"Unknown"
"5020554",378676,2026-04-29 22:51:29,28.584098815918,-17.7457275390625,"Unknown"
"5020554",378676,2026-04-29 22:52:29,28.5842170715332,-17.7456588745117,"Unknown"
"5020554",378676,2026-04-29 22:53:29,28.5843353271484,-17.7456245422363,"Unknown"
"5020554",378676,2026-04-29 22:54:29,28.5844688415527,-17.7455959320068,"Unknown"
"5020554",378676,2026-04-29 22:55:31,28.5845718383789,-17.7455577850342,"Unknown"
"5020554",378676,2026-04-29 22:56:29,28.5846538543701,-17.745512008667,"Unknown"
"5020554",378676,2026-04-29 22:57:29,28.5848178863525,-17.7454776763916,"Unknown"
"5020554",378676,2026-04-29 22:58:29,28.5849704742432,-17.7454948425293,"Unknown"
"5020554",378676,2026-04-29 22:59:28,28.5851154327393,-17.7454967498779,"Unknown"
"5020554",378676,2026-04-29 23:00:31,28.5852355957031,-17.7455005645752,"Unknown"
"5020554",378676,2026-04-29 23:01:30,28.5853443145752,-17.7455539703369,"Unknown"
"5020554",378676,2026-04-29 23:02:33,28.5854549407959,-17.7455749511719,"Unknown"
"5020554",378676,2026-04-29 23:03:32,28.5855941772461,-17.7455749511719,"Unknown"
"5020554",378676,2026-04-29 23:04:31,28.5857238769531,-17.7455806732178,"Unknown"
"5020554",378676,2026-04-29 23:05:31,28.5858573913574,-17.7455768585205,"Unknown"
"5020554",378676,2026-04-29 23:06:29,28.5859622955322,-17.7456150054932,"Unknown"
"5020554",378676,2026-04-29 23:07:30,28.5861053466797,-17.7455387115479,"Unknown"
"5020554",378676,2026-04-29 23:08:29,28.5862369537354,-17.7454357147217,"Unknown"
"5020554",378676,2026-04-29 23:09:29,28.5863361358643,-17.74534034729,"Unknown"
"5020554",378676,2026-04-29 23:10:29,28.5864276885986,-17.7452697753906,"Unknown"
"5020554",378676,2026-04-29 23:11:29,28.5865592956543,-17.7451477050781,"Unknown"
"5020554",378676,2026-04-29 23:12:29,28.5866661071777,-17.7450580596924,"Unknown"
"5020554",378676,2026-04-29 23:13:29,28.5867938995361,-17.7449989318848,"Unknown"
"5020554",378676,2026-04-29 23:14:30,28.5869293212891,-17.7449150085449,"Unknown"
"5020554",378676,2026-04-29 23:15:30,28.5870532989502,-17.7448444366455,"Unknown"
"5020554",378676,2026-04-29 23:16:30,28.5871658325195,-17.7447891235352,"Unknown"
"5020554",378676,2026-04-29 23:17:31,28.5872859954834,-17.7447376251221,"Unknown"
"5020554",378676,2026-04-29 23:18:31,28.587423324585,-17.7446556091309,"Unknown"
"5020554",378676,2026-04-29 23:19:34,28.5875549316406,-17.7446193695068,"Unknown"
"5020554",378676,2026-04-29 23:20:33,28.5876426696777,-17.7446041107178,"Unknown"
"5020554",378676,2026-04-29 23:21:33,28.5877742767334,-17.7445697784424,"Unknown"
"5020554",378676,2026-04-29 23:22:35,28.5879020690918,-17.7445011138916,"Unknown"
"5020554",378676,2026-04-29 23:23:41,28.5880355834961,-17.7444381713867,"Unknown"
"5020554",378676,2026-04-29 23:24:31,28.5881538391113,-17.7443618774414,"Unknown"
"5020554",378676,2026-04-29 23:25:36,28.5883045196533,-17.7442874908447,"Unknown"
"5020554",378676,2026-04-29 23:26:32,28.5884208679199,-17.744213104248,"Unknown"
"5020554",378676,2026-04-29 23:27:32,28.5885257720947,-17.7441539764404,"Unknown"
"5020554",378676,2026-04-29 23:28:32,28.5886173248291,-17.7440605163574,"Unknown"
"5020554",378676,2026-04-29 23:29:32,28.5887107849121,-17.7439823150635,"Unknown"
"5020554",378676,2026-04-29 23:30:34,28.5888118743896,-17.7438945770264,"Unknown"
"5020554",378676,2026-04-29 23:31:32,28.5888938903809,-17.7438583374023,"Unknown"
"5020554",378676,2026-04-29 23:32:33,28.5889835357666,-17.7438144683838,"Unknown"
"5020554",378676,2026-04-29 23:33:32,28.5890483856201,-17.7437934875488,"Unknown"
"5020554",378676,2026-04-29 23:34:32,28.5891571044922,-17.7436428070068,"Unknown"
"5020554",378676,2026-04-29 23:35:31,28.5892658233643,-17.7435131072998,"Unknown"
"5020554",378676,2026-04-29 23:36:33,28.5893745422363,-17.7433929443359,"Unknown"
"5020554",378676,2026-04-29 23:37:31,28.5894432067871,-17.7433109283447,"Unknown"
"5020554",378676,2026-04-29 23:38:31,28.5895404815674,-17.7431564331055,"Unknown"
"5020554",378676,2026-04-29 23:39:32,28.5896778106689,-17.7430038452148,"Unknown"
"5020554",378676,2026-04-29 23:40:33,28.5898265838623,-17.7428302764893,"Unknown"
"5020554",378676,2026-04-29 23:41:30,28.5899219512939,-17.7427272796631,"Unknown"
"5020554",378676,2026-04-29 23:42:31,28.5900211334229,-17.7426071166992,"Unknown"
"5020554",378676,2026-04-29 23:43:33,28.5901508331299,-17.7424659729004,"Unknown"
"5020554",378676,2026-04-29 23:44:32,28.590238571167,-17.7423877716064,"Unknown"
"5020554",378676,2026-04-29 23:45:32,28.5903377532959,-17.7422924041748,"Unknown"
"5020554",378676,2026-04-29 23:46:35,28.5904331207275,-17.7421779632568,"Unknown"
"5020554",378676,2026-04-29 23:47:31,28.5905227661133,-17.7420845031738,"Unknown"
"5020554",378676,2026-04-29 23:48:31,28.5906219482422,-17.741943359375,"Unknown"
"5020554",378676,2026-04-29 23:58:57,28.5915794372559,-17.7407283782959,"Unknown"
"5020554",378676,2026-04-29 23:59:29,28.5916328430176,-17.740701675415,"Unknown"
"5020554",378676,2026-04-30 00:09:35,28.5914211273193,-17.7394332885742,"Unknown"
"5020554",378676,2026-04-30 00:10:31,28.5913562774658,-17.7394275665283,"Unknown"
"5020554",378676,2026-04-30 00:20:30,28.5909442901611,-17.7383518218994,"Unknown"
"5020554",378676,2026-04-30 00:21:29,28.5908908843994,-17.7382335662842,"Unknown"
"5020554",378676,2026-04-30 00:22:29,28.5908451080322,-17.7381324768066,"Unknown"
"5020554",378676,2026-04-30 00:32:29,28.5910663604736,-17.7378044128418,"Unknown"
"5020554",378676,2026-04-30 00:33:29,28.5910968780518,-17.7378444671631,"Unknown"
"5020554",378676,2026-04-30 00:34:31,28.5911388397217,-17.7378273010254,"Unknown"
"5020554",378676,2026-04-30 00:44:29,28.5913944244385,-17.7377967834473,"Unknown"
"5020554",378676,2026-04-30 00:54:31,28.5914058685303,-17.7379150390625,"Unknown"
"5020554",378676,2026-04-30 01:04:33,28.5908699035645,-17.737024307251,"Unknown"
"5020554",378676,2026-04-30 01:05:32,28.5908737182617,-17.7369117736816,"Unknown"
"5020554",378676,2026-04-30 01:15:32,28.5902423858643,-17.7360000610352,"Unknown"
"5020554",378676,2026-04-30 01:16:31,28.5902080535889,-17.7359237670898,"Unknown"
"5020554",378676,2026-04-30 01:26:35,28.5894165039062,-17.7354927062988,"Unknown"
"5020554",378676,2026-04-30 01:36:57,28.5883674621582,-17.7350788116455,"Unknown"
"5020554",378676,2026-04-30 01:46:34,28.587703704834,-17.7350292205811,"Unknown"
"5020554",378676,2026-04-30 01:57:03,28.5868110656738,-17.7350540161133,"Unknown"
"5020554",378676,2026-04-30 02:06:29,28.5858135223389,-17.7385025024414,"Unknown"
"5020554",378676,2026-04-30 02:16:28,28.584041595459,-17.7387447357178,"Unknown"
"5020554",378676,2026-04-30 02:26:29,28.5821762084961,-17.7383251190186,"Unknown"
"5020554",378676,2026-04-30 02:36:31,28.5812377929688,-17.7376098632812,"Unknown"
"5020554",378676,2026-04-30 02:46:28,28.5800457000732,-17.7367935180664,"Unknown"
"5020554",378676,2026-04-30 02:56:30,28.578929901123,-17.736270904541,"Unknown"
"5020554",378676,2026-04-30 03:06:29,28.577615737915,-17.7365837097168,"Unknown"
"5020554",378676,2026-04-30 03:16:30,28.5800685882568,-17.7379055023193,"Unknown"
"5020554",378676,2026-04-30 03:26:32,28.6415519714355,-17.7289810180664,"Unknown"
"5020554",378676,2026-04-30 03:36:31,28.6867828369141,-17.7412853240967,"Unknown"
"5020554",378676,2026-04-30 03:46:32,28.7422466278076,-17.7195339202881,"Unknown"
"5020554",378676,2026-04-30 03:56:30,28.7481155395508,-17.7202014923096,"Unknown"
"5020554",378676,2026-04-30 04:07:03,28.748514175415,-17.7200889587402,"Unknown"
"5020554",378676,2026-04-30 04:16:29,28.7489929199219,-17.7202472686768,"Unknown"
"5020554",378676,2026-04-30 04:26:30,28.7493915557861,-17.720422744751,"Unknown"
"5020554",378676,2026-04-30 04:36:31,28.7497463226318,-17.7207622528076,"Unknown"
"5020554",378676,2026-04-30 04:46:30,28.7756462097168,-17.7401676177979,"Unknown"
"5020554",378676,2026-04-30 04:56:31,28.7862854003906,-17.7590808868408,"Unknown"
"5020554",378676,2026-04-30 05:06:30,28.7885856628418,-17.7725715637207,"Unknown"
"5020554",378676,2026-04-30 05:16:31,28.7809925079346,-17.808988571167,"Unknown"
"5020554",378676,2026-04-30 05:26:31,28.7847118377686,-17.764102935791,"Unknown"
"5020554",378676,2026-04-30 05:37:03,28.7765598297119,-17.6658172607422,"Unknown"
"5020554",378676,2026-04-30 05:46:31,28.7498779296875,-17.5937671661377,"Unknown"
"5020554",378676,2026-04-30 05:56:29,28.7409820556641,-17.5302562713623,"Unknown"
"5020554",378676,2026-04-30 06:06:30,28.7391262054443,-17.4992504119873,"Unknown"
"5020554",378676,2026-04-30 06:16:30,28.7360725402832,-17.430103302002,"Unknown"
"5020554",378676,2026-04-30 06:26:29,28.7306671142578,-17.3763809204102,"Unknown"
"5020554",378676,2026-04-30 06:36:31,28.7465629577637,-17.3172359466553,"Unknown"
"5020554",378676,2026-04-30 06:46:31,28.7573471069336,-17.2510738372803,"Unknown"
"5020554",378676,2026-04-30 06:56:31,28.7544746398926,-17.2259292602539,"Unknown"
"5020554",378676,2026-04-30 07:06:32,28.7528762817383,-17.1698417663574,"Unknown"
"5020554",378676,2026-04-30 07:16:32,28.7471809387207,-17.1029472351074,"Unknown"
"5020554",378676,2026-04-30 07:26:31,28.7403831481934,-17.0368041992188,"Unknown"
"5020554",378676,2026-04-30 07:36:32,28.742015838623,-16.9662437438965,"Unknown"
"5020554",378676,2026-04-30 07:46:33,28.7416324615479,-16.8991413116455,"Unknown"
"5020554",378676,2026-04-30 07:57:54,28.7581920623779,-16.8285045623779,"Unknown"
"5020554",378676,2026-04-30 09:57:54,28.6260814666748,-16.0395469665527,"Unknown"
"5020554",378676,2026-04-30 10:07:54,28.6183776855469,-16.0182456970215,"Unknown"
"5020554",378676,2026-04-30 10:16:29,28.6080951690674,-15.9881677627563,"Unknown"
"5020554",378676,2026-04-30 10:26:32,28.5866050720215,-15.9362678527832,"Unknown"
"5020554",378676,2026-04-30 10:36:32,28.5752277374268,-15.8762788772583,"Unknown"
"5020554",378676,2026-04-30 10:46:31,28.5609645843506,-15.8133268356323,"Unknown"
"5020554",378676,2026-04-30 10:56:33,28.5523872375488,-15.7637462615967,"Unknown"
"5020554",378676,2026-04-30 11:06:57,28.5519752502441,-15.7493858337402,"Unknown"
"5020554",378676,2026-04-30 11:16:37,28.5477771759033,-15.7440605163574,"Unknown"
"5020554",378676,2026-04-30 11:26:29,28.5462627410889,-15.7374687194824,"Unknown"
"5020554",378676,2026-04-30 11:36:31,28.5509414672852,-15.7297039031982,"Unknown"
"5020554",378676,2026-04-30 11:46:31,28.5499172210693,-15.7311153411865,"Unknown"
"5020554",378676,2026-04-30 11:56:31,28.5456409454346,-15.7230567932129,"Unknown"
"5020554",378676,2026-04-30 12:06:38,28.5343952178955,-15.6661529541016,"Unknown"
"5020554",378676,2026-04-30 12:16:35,28.5239028930664,-15.6078882217407,"Unknown"
"5020554",378676,2026-04-30 12:26:33,28.5061912536621,-15.552188873291,"Unknown"
"5020554",378676,2026-04-30 12:36:32,28.495491027832,-15.4945087432861,"Unknown"
"5020554",378676,2026-04-30 12:46:34,28.4865093231201,-15.4355821609497,"Unknown"
"5020554",378676,2026-04-30 12:56:34,28.4795246124268,-15.3779029846191,"Unknown"
"5020554",378676,2026-04-30 13:06:34,28.4734745025635,-15.3204107284546,"Unknown"
"5020554",378676,2026-04-30 13:17:33,28.4565944671631,-15.2687549591064,"Unknown"
"5020554",378676,2026-04-30 13:48:37,28.468017578125,-15.0762310028076,"Unknown"
"5020554",378676,2026-04-30 13:58:03,28.4742774963379,-15.0252532958984,"Unknown"
"5020554",378676,2026-04-30 14:07:12,28.468412399292,-15.0293121337891,"Unknown"
"5020554",378676,2026-04-30 14:17:12,28.4617404937744,-15.03440284729,"Unknown"
"5020554",378676,2026-04-30 14:27:14,28.4614067077637,-14.9876689910889,"Unknown"
"5020554",378676,2026-04-30 14:37:14,28.4795379638672,-14.9209070205688,"Unknown"
"5020554",378676,2026-04-30 14:47:14,28.4953651428223,-14.8549470901489,"Unknown"
"5020554",378676,2026-04-30 14:57:16,28.5050373077393,-14.8080644607544,"Unknown"
"5020554",378676,2026-04-30 15:07:15,28.5153255462646,-14.7358074188232,"Unknown"
"5020554",378676,2026-04-30 15:17:15,28.5228481292725,-14.6610851287842,"Unknown"
"5020554",378676,2026-04-30 15:28:37,28.5132617950439,-14.5691289901733,"Unknown"
"5020554",378676,2026-04-30 15:38:37,28.5135173797607,-14.5234394073486,"Unknown"
"5020554",378676,2026-04-30 15:48:37,28.5309066772461,-14.4493064880371,"Unknown"
"5020554",378676,2026-04-30 15:58:27,28.5223178863525,-14.3715143203735,"Unknown"
"5020554",378676,2026-04-30 16:28:33,28.5545101165771,-14.1582183837891,"Unknown"
"5020554",378676,2026-04-30 16:38:37,28.5892066955566,-14.1045198440552,"Unknown"
"5020554",378676,2026-04-30 16:48:37,28.624755859375,-14.0600719451904,"Unknown"
"5020554",378676,2026-04-30 17:08:33,28.6528263092041,-14.0724678039551,"Unknown"
"5020554",378676,2026-04-30 17:17:12,28.6477336883545,-14.0767478942871,"Unknown"
"5020554",378676,2026-04-30 17:27:16,28.6539859771729,-14.0604839324951,"Unknown"
"5020554",378676,2026-04-30 17:37:12,28.6550636291504,-14.0640687942505,"Unknown"
"5020554",378676,2026-04-30 17:47:12,28.650182723999,-14.0634145736694,"Unknown"
"5020554",378676,2026-04-30 17:57:13,28.6537628173828,-14.064338684082,"Unknown"
"5020554",378676,2026-04-30 18:07:33,28.6559734344482,-14.0622034072876,"Unknown"
"5020554",378676,2026-04-30 18:17:12,28.6478309631348,-14.0522155761719,"Unknown"
"5020554",378676,2026-04-30 18:27:13,28.6558837890625,-14.0479393005371,"Unknown"
"5020554",378676,2026-04-30 18:37:14,28.6778087615967,-14.078800201416,"Unknown"
"5020554",378676,2026-04-30 18:47:13,28.6763191223145,-14.0805110931396,"Unknown"
"5020554",378676,2026-04-30 18:57:13,28.6740608215332,-14.0922031402588,"Unknown"
"5020554",378676,2026-04-30 19:07:12,28.6891193389893,-14.0797061920166,"Unknown"
"5020554",378676,2026-04-30 19:17:13,28.6858787536621,-14.0749015808105,"Unknown"
"5020554",378676,2026-04-30 19:27:33,28.6792774200439,-14.0641593933105,"Unknown"
"5020554",378676,2026-04-30 19:37:13,28.6791725158691,-14.0642614364624,"Unknown"
"5020554",378676,2026-04-30 19:47:13,28.6793022155762,-14.0647401809692,"Unknown"
"5020554",378676,2026-04-30 19:57:14,28.6773414611816,-14.0677499771118,"Unknown"
"5020554",378676,2026-04-30 20:07:15,28.6710243225098,-14.0672645568848,"Unknown"
"5020554",378676,2026-04-30 20:17:13,28.6722068786621,-14.0469837188721,"Unknown"
"5020554",378676,2026-04-30 20:27:33,28.6721706390381,-14.047402381897,"Unknown"
"5020554",378676,2026-04-30 20:37:12,28.6718139648438,-14.0485105514526,"Unknown"
"5020554",378676,2026-04-30 20:47:12,28.6716842651367,-14.0496044158936,"Unknown"
"5020554",378676,2026-04-30 20:57:12,28.6714763641357,-14.0506219863892,"Unknown"
"5020554",378676,2026-04-30 21:07:13,28.6711540222168,-14.051905632019,"Unknown"
"5020554",378676,2026-04-30 21:17:14,28.6709575653076,-14.0530385971069,"Unknown"
"5020554",378676,2026-04-30 21:27:12,28.6708965301514,-14.0540056228638,"Unknown"
"5020554",378676,2026-04-30 21:37:12,28.6708908081055,-14.0550298690796,"Unknown"
"5020554",378676,2026-04-30 21:47:12,28.6709976196289,-14.0559043884277,"Unknown"
"5020554",378676,2026-04-30 21:57:13,28.6710224151611,-14.0566329956055,"Unknown"
"5020554",378676,2026-04-30 22:07:14,28.6709728240967,-14.0582075119019,"Unknown"
"5020554",378676,2026-04-30 22:17:15,28.6719532012939,-14.0588541030884,"Unknown"
"5020554",378676,2026-04-30 22:27:33,28.6738967895508,-14.0590744018555,"Unknown"
"5020554",378676,2026-04-30 22:37:12,28.6760864257812,-14.0601720809937,"Unknown"
"5020554",378676,2026-04-30 22:47:13,28.6784286499023,-14.0610609054565,"Unknown"
"5020554",378676,2026-04-30 22:57:14,28.6809368133545,-14.0623006820679,"Unknown"
"5020554",378676,2026-04-30 23:07:16,28.6834659576416,-14.0635557174683,"Unknown"
"5020554",378676,2026-04-30 23:17:22,28.6860389709473,-14.0647325515747,"Unknown"
"5020554",378676,2026-04-30 23:27:33,28.6860847473145,-14.0587396621704,"Unknown"
"5020554",378676,2026-04-30 23:37:12,28.6877498626709,-14.059383392334,"Unknown"
"5020554",378676,2026-04-30 23:47:15,28.6826515197754,-14.0480031967163,"Unknown"
"5020554",378676,2026-04-30 23:57:12,28.7342891693115,-14.0253086090088,"Unknown"
"5020554",378676,2026-05-01 00:07:13,28.7810020446777,-13.9905500411987,"Unknown"
"5020554",378676,2026-05-01 00:17:13,28.8058738708496,-13.9414854049683,"Unknown"
"5020554",378676,2026-05-01 00:27:12,28.8288173675537,-13.8905487060547,"Unknown"
"5020554",378676,2026-05-01 00:37:14,28.842472076416,-13.8361263275146,"Unknown"
"5020554",378676,2026-05-01 00:47:14,28.8327102661133,-13.7786474227905,"Unknown"
"5020554",378676,2026-05-01 00:57:14,28.833044052124,-13.7688674926758,"Unknown"
"5020554",378676,2026-05-01 01:07:14,28.8322238922119,-13.7676801681519,"Unknown"
"5020554",378676,2026-05-01 01:17:15,28.8314914703369,-13.7011632919312,"Unknown"
"5020554",378676,2026-05-01 01:27:16,28.8381519317627,-13.6359443664551,"Unknown"
"5020554",378676,2026-05-01 01:38:33,28.8447227478027,-13.5628032684326,"Unknown"
"5020554",378676,2026-05-01 01:47:16,28.8486328125,-13.5087776184082,"Unknown"
"5020554",378676,2026-05-01 01:57:14,28.8504753112793,-13.4486608505249,"Unknown"
"5020554",378676,2026-05-01 02:18:37,28.8600692749023,-13.3188552856445,"Unknown"
"5020554",378676,2026-05-01 02:28:37,28.8609752655029,-13.258903503418,"Unknown"
"5020554",378676,2026-05-01 02:38:37,28.858060836792,-13.1978349685669,"Unknown"
"5020554",378676,2026-05-01 02:48:37,28.8468914031982,-13.1358051300049,"Unknown"
"5020554",378676,2026-05-01 02:58:37,28.8312854766846,-13.0739421844482,"Unknown"
"5020554",378676,2026-05-01 03:08:37,28.8142852783203,-13.0129270553589,"Unknown"
"5020554",378676,2026-05-01 03:17:47,28.8091831207275,-13.0019540786743,"Unknown"
"5020554",378676,2026-05-01 03:27:11,28.808687210083,-13.0026502609253,"Unknown"
"5020554",378676,2026-05-01 03:37:11,28.8081550598145,-13.003472328186,"Unknown"
"5020554",378676,2026-05-01 03:47:12,28.8022632598877,-12.9691534042358,"Unknown"
"5020554",378676,2026-05-01 03:57:12,28.8007678985596,-12.9555635452271,"Unknown"
"5020554",378676,2026-05-01 04:07:12,28.8008613586426,-12.9569244384766,"Unknown"
"5020554",378676,2026-05-01 04:17:11,28.800895690918,-12.9582567214966,"Unknown"
"5020554",378676,2026-05-01 04:27:12,28.8010215759277,-12.9595317840576,"Unknown"
"5020554",378676,2026-05-01 04:37:12,28.8012084960938,-12.9611682891846,"Unknown"
"5020554",378676,2026-05-01 04:47:12,28.8013191223145,-12.9630041122437,"Unknown"
"5020554",378676,2026-05-01 04:57:14,28.8012790679932,-12.9646482467651,"Unknown"
"5020554",378676,2026-05-01 05:07:13,28.8012104034424,-12.9660482406616,"Unknown"
"5020554",378676,2026-05-01 05:17:14,28.8012981414795,-12.9675130844116,"Unknown"
"5020554",378676,2026-05-01 05:27:12,28.802864074707,-12.9534196853638,"Unknown"
"5020554",378676,2026-05-01 05:39:26,28.8102607727051,-12.911922454834,"Unknown"
"5020554",378676,2026-05-01 05:49:25,28.8182411193848,-12.859130859375,"Unknown"
"5020554",378676,2026-05-01 05:59:26,28.8180122375488,-12.8320760726929,"Unknown"
"5020554",378676,2026-05-01 06:30:02,28.8136901855469,-12.7071599960327,"Unknown"
"5020554",378676,2026-05-01 06:39:28,28.7994117736816,-12.7152585983276,"Unknown"
"5020554",378676,2026-05-01 06:49:26,28.8011665344238,-12.7077493667603,"Unknown"
"5020554",378676,2026-05-01 06:59:27,28.798641204834,-12.6814794540405,"Unknown"
"5020554",378676,2026-05-01 07:09:27,28.8049736022949,-12.6659498214722,"Unknown"
"5020554",378676,2026-05-01 07:19:27,28.8214130401611,-12.6590299606323,"Unknown"
"5020554",378676,2026-05-01 07:29:27,28.8306770324707,-12.652006149292,"Unknown"
"5020554",378676,2026-05-01 07:39:26,28.8310260772705,-12.6545820236206,"Unknown"
"5020554",378676,2026-05-01 07:49:47,28.827112197876,-12.6421613693237,"Unknown"
"5020554",378676,2026-05-01 07:59:31,28.8339595794678,-12.6300582885742,"Unknown"
"5020554",378676,2026-05-01 08:09:26,28.8458557128906,-12.6217699050903,"Unknown"
"5020554",378676,2026-05-01 08:19:26,28.8579216003418,-12.6279211044312,"Unknown"
"5020554",378676,2026-05-01 08:29:26,28.8729114532471,-12.6306781768799,"Unknown"
"5020554",378676,2026-05-01 08:39:26,28.885498046875,-12.6336250305176,"Unknown"
"5020554",378676,2026-05-01 08:50:27,28.8953800201416,-12.62255859375,"Unknown"
"5020554",378676,2026-05-01 08:59:27,28.8948154449463,-12.6072330474854,"Unknown"
"5020554",378676,2026-05-01 09:09:27,28.8959732055664,-12.5906057357788,"Unknown"
"5020554",378676,2026-05-01 09:19:26,28.9033470153809,-12.5766706466675,"Unknown"
"5020554",378676,2026-05-01 09:29:25,28.9029636383057,-12.5773792266846,"Unknown"
"5020554",378676,2026-05-01 09:39:27,28.9029960632324,-12.5579690933228,"Unknown"
"5020554",378676,2026-05-01 09:49:27,28.9022083282471,-12.5572938919067,"Unknown"
"5020554",378676,2026-05-01 09:59:27,28.9013290405273,-12.5571279525757,"Unknown"
"5020554",378676,2026-05-01 10:09:28,28.9003391265869,-12.5580539703369,"Unknown"
"5020554",378676,2026-05-01 10:19:28,28.8994140625,-12.5591859817505,"Unknown"
"5020554",378676,2026-05-01 10:29:28,28.8784809112549,-12.5625267028809,"Unknown"
"5020554",378676,2026-05-01 10:39:47,28.8644027709961,-12.5653600692749,"Unknown"
"5020554",378676,2026-05-01 10:49:24,28.8581867218018,-12.5700035095215,"Unknown"
"5020554",378676,2026-05-01 10:59:24,28.858325958252,-12.5706787109375,"Unknown"
"5020554",378676,2026-05-01 11:09:28,28.858154296875,-12.5711364746094,"Unknown"
"5020554",378676,2026-05-01 11:19:27,28.8578758239746,-12.5717172622681,"Unknown"
"5020554",378676,2026-05-01 11:29:28,28.8575820922852,-12.5722246170044,"Unknown"
"5020554",378676,2026-05-01 11:39:55,28.8575286865234,-12.5727853775024,"Unknown"
"5020554",378676,2026-05-01 11:49:25,28.8524284362793,-12.5817670822144,"Unknown"
"5020554",378676,2026-05-01 11:59:27,28.8444290161133,-12.5625152587891,"Unknown"
"5020554",378676,2026-05-01 12:09:27,28.816478729248,-12.4948711395264,"Unknown"
"5020554",378676,2026-05-01 12:19:27,28.795482635498,-12.461480140686,"Unknown"
"5020554",378676,2026-05-01 12:29:28,28.8072242736816,-12.462685585022,"Unknown"
"5020554",378676,2026-05-01 12:39:27,28.8173885345459,-12.45654296875,"Unknown"
"5020554",378676,2026-05-01 12:49:28,28.8263206481934,-12.4450130462646,"Unknown"
"5020554",378676,2026-05-01 12:59:27,28.80784034729,-12.3806037902832,"Unknown"
"5020554",378676,2026-05-01 13:09:28,28.8201465606689,-12.363730430603,"Unknown"
"5020554",378676,2026-05-01 13:19:26,28.8147792816162,-12.3598585128784,"Unknown"
"5020554",378676,2026-05-01 13:29:27,28.8143920898438,-12.3610467910767,"Unknown"
"5020554",378676,2026-05-01 13:39:26,28.8077602386475,-12.3669319152832,"Unknown"
"5020554",378676,2026-05-01 13:49:28,28.8075714111328,-12.3535833358765,"Unknown"
"5020554",378676,2026-05-01 13:59:28,28.8073482513428,-12.3544797897339,"Unknown"
"5020554",378676,2026-05-01 14:09:57,28.8069133758545,-12.354395866394,"Unknown"
"5020554",378676,2026-05-01 14:19:24,28.8027076721191,-12.3424940109253,"Unknown"
"5020554",378676,2026-05-01 14:29:27,28.8026523590088,-12.3502178192139,"Unknown"
"5020554",378676,2026-05-01 14:39:37,28.8008289337158,-12.3598051071167,"Unknown"
"5020554",378676,2026-05-01 14:49:24,28.7960472106934,-12.364634513855,"Unknown"
"5020554",378676,2026-05-01 14:59:25,28.7959060668945,-12.374641418457,"Unknown"
"5020554",378676,2026-05-01 15:09:24,28.7891864776611,-12.381911277771,"Unknown"
"5020554",378676,2026-05-01 15:19:24,28.7822074890137,-12.3843021392822,"Unknown"
"5020554",378676,2026-05-01 15:29:24,28.7821407318115,-12.3848848342896,"Unknown"
"5020554",378676,2026-05-01 15:39:27,28.7820587158203,-12.38551902771,"Unknown"
"5020554",378676,2026-05-01 15:49:27,28.7772960662842,-12.3812561035156,"Unknown"
"5020554",378676,2026-05-01 15:59:27,28.7773342132568,-12.38307762146,"Unknown"
"5020554",378676,2026-05-01 16:09:26,28.7766380310059,-12.3840970993042,"Unknown"
"5020554",378676,2026-05-01 16:19:27,28.7343139648438,-12.3230094909668,"Unknown"
"5020554",378676,2026-05-01 16:29:26,28.7024555206299,-12.254789352417,"Unknown"
"5020554",378676,2026-05-01 16:39:27,28.6853199005127,-12.2437610626221,"Unknown"
"5020554",378676,2026-05-01 16:49:27,28.6809101104736,-12.2495164871216,"Unknown"
"5020554",378676,2026-05-01 16:59:28,28.679479598999,-12.2531471252441,"Unknown"
"5020554",378676,2026-05-01 17:09:29,28.677734375,-12.2512178421021,"Unknown"
"5020554",378676,2026-05-01 17:19:47,28.6773815155029,-12.2523555755615,"Unknown"
"5020554",378676,2026-05-01 17:29:25,28.6770553588867,-12.2537250518799,"Unknown"
"5020554",378676,2026-05-01 17:39:25,28.6766662597656,-12.2548971176147,"Unknown"
"5020554",378676,2026-05-01 17:49:25,28.6765117645264,-12.2555770874023,"Unknown"
"5020554",378676,2026-05-01 17:59:26,28.676420211792,-12.2564888000488,"Unknown"
"5020554",378676,2026-05-01 18:09:57,28.6763610839844,-12.2567615509033,"Unknown"
"5020554",378676,2026-05-01 18:19:27,28.6760444641113,-12.257417678833,"Unknown"
"5020554",378676,2026-05-01 18:29:25,28.675666809082,-12.2580394744873,"Unknown"
"5020554",378676,2026-05-01 18:39:24,28.6756858825684,-12.2591190338135,"Unknown"
"5020554",378676,2026-05-01 18:49:25,28.6756172180176,-12.2602910995483,"Unknown"
"5020554",378676,2026-05-01 18:59:26,28.6755466461182,-12.2611808776855,"Unknown"
"5020554",378676,2026-05-01 19:09:25,28.6748332977295,-12.2591934204102,"Unknown"
"5020554",378676,2026-05-01 19:19:25,28.6745166778564,-12.2595701217651,"Unknown"
"5020554",378676,2026-05-01 19:29:25,28.6647548675537,-12.2339773178101,"Unknown"
"5020554",378676,2026-05-01 19:39:25,28.6518173217773,-12.2055816650391,"Unknown"
"5020554",378676,2026-05-01 19:49:24,28.651273727417,-12.2062454223633,"Unknown"
"5020554",378676,2026-05-01 19:59:24,28.6506443023682,-12.2063837051392,"Unknown"
"5020554",378676,2026-05-01 20:09:24,28.6488399505615,-12.2050151824951,"Unknown"
"5020554",378676,2026-05-01 20:19:27,28.6478977203369,-12.2050180435181,"Unknown"
"5020554",378676,2026-05-01 20:29:27,28.6468486785889,-12.2049608230591,"Unknown"
"5020554",378676,2026-05-01 20:39:47,28.6458473205566,-12.205078125,"Unknown"
"5020554",378676,2026-05-01 20:49:25,28.6448707580566,-12.2053356170654,"Unknown"
"5020554",378676,2026-05-01 20:59:27,28.6440258026123,-12.2059574127197,"Unknown"
"5020554",378676,2026-05-01 21:09:27,28.6427268981934,-12.2061700820923,"Unknown"
"5020554",378676,2026-05-01 21:19:27,28.64137840271,-12.2062683105469,"Unknown"
"5020554",378676,2026-05-01 21:29:27,28.6400680541992,-12.2061786651611,"Unknown"
"5020554",378676,2026-05-01 21:39:28,28.6377010345459,-12.205174446106,"Unknown"
"5020554",378676,2026-05-01 21:49:27,28.6352863311768,-12.2033557891846,"Unknown"
"5020554",378676,2026-05-01 21:59:29,28.6041736602783,-12.1693630218506,"Unknown"
"5020554",378676,2026-05-01 22:09:57,28.6009559631348,-12.1664342880249,"Unknown"
"5020554",378676,2026-05-01 22:19:25,28.5999317169189,-12.1669597625732,"Unknown"
"5020554",378676,2026-05-01 22:29:25,28.5991153717041,-12.1677732467651,"Unknown"
"5020554",378676,2026-05-01 22:39:26,28.5981254577637,-12.1684169769287,"Unknown"
"5020554",378676,2026-05-01 22:49:27,28.5976638793945,-12.1694383621216,"Unknown"
"5020554",378676,2026-05-01 22:59:28,28.5968360900879,-12.170316696167,"Unknown"
"5020554",378676,2026-05-01 23:09:29,28.5960636138916,-12.1709632873535,"Unknown"
"5020554",378676,2026-05-01 23:19:57,28.5952854156494,-12.17160987854,"Unknown"
"5020554",378676,2026-05-01 23:29:25,28.5944137573242,-12.1720886230469,"Unknown"
"5020554",378676,2026-05-01 23:39:26,28.5938014984131,-12.1727266311646,"Unknown"
"5020554",378676,2026-05-01 23:49:25,28.5936470031738,-12.174201965332,"Unknown"
"5020554",378676,2026-05-01 23:59:27,28.5935001373291,-12.1756925582886,"Unknown"
"5020554",378676,2026-05-02 00:09:26,28.5931758880615,-12.176420211792,"Unknown"
"5020554",378676,2026-05-02 00:19:57,28.5927124023438,-12.1768569946289,"Unknown"
"5020554",378676,2026-05-02 00:29:24,28.5925846099854,-12.1781616210938,"Unknown"
"5020554",378676,2026-05-02 00:39:25,28.592306137085,-12.1790370941162,"Unknown"
"5020554",378676,2026-05-02 00:49:27,28.5919933319092,-12.1796054840088,"Unknown"
"5020554",378676,2026-05-02 00:59:25,28.591682434082,-12.1799354553223,"Unknown"
"5020554",378676,2026-05-02 01:09:25,28.5917377471924,-12.181227684021,"Unknown"
"5020554",378676,2026-05-02 01:19:26,28.5856552124023,-12.1725978851318,"Unknown"
"5020554",378676,2026-05-02 01:29:26,28.5803203582764,-12.1581573486328,"Unknown"
"5020554",378676,2026-05-02 01:39:25,28.5797576904297,-12.1528701782227,"Unknown"
"5020554",378676,2026-05-02 01:49:25,28.5798606872559,-12.1539115905762,"Unknown"
"5020554",378676,2026-05-02 01:59:26,28.5799903869629,-12.1545648574829,"Unknown"
"5020554",378676,2026-05-02 02:09:47,28.5797080993652,-12.1545324325562,"Unknown"
"5020554",378676,2026-05-02 02:19:25,28.5793342590332,-12.1546449661255,"Unknown"
"5020554",378676,2026-05-02 02:29:25,28.5790386199951,-12.1548347473145,"Unknown"
"5020554",378676,2026-05-02 02:39:25,28.5788307189941,-12.1551971435547,"Unknown"
"5020554",378676,2026-05-02 02:49:27,28.57883644104,-12.1555833816528,"Unknown"
"5020554",378676,2026-05-02 02:59:25,28.5787239074707,-12.1557893753052,"Unknown"
"5020554",378676,2026-05-02 03:09:47,28.5785217285156,-12.1561365127563,"Unknown"
"5020554",378676,2026-05-02 03:19:25,28.5784358978271,-12.1566123962402,"Unknown"
"5020554",378676,2026-05-02 03:29:24,28.5782642364502,-12.1571817398071,"Unknown"
"5020554",378676,2026-05-02 03:39:25,28.577917098999,-12.1581649780273,"Unknown"
"5020554",378676,2026-05-02 03:49:26,28.5776386260986,-12.1588048934937,"Unknown"
"5020554",378676,2026-05-02 03:59:25,28.5774459838867,-12.1598138809204,"Unknown"
"5020554",378676,2026-05-02 04:09:28,28.577600479126,-12.161301612854,"Unknown"
"5020554",378676,2026-05-02 04:19:47,28.5777492523193,-12.1626272201538,"Unknown"
"5020554",378676,2026-05-02 04:29:28,28.57785987854,-12.1639719009399,"Unknown"
"5020554",378676,2026-05-02 04:39:28,28.57785987854,-12.1654081344604,"Unknown"
"5020554",378676,2026-05-02 04:49:25,28.5779132843018,-12.1668462753296,"Unknown"
"5020554",378676,2026-05-02 04:59:28,28.581241607666,-12.1660194396973,"Unknown"
"5020554",378676,2026-05-02 05:10:17,28.580997467041,-12.167594909668,"Unknown"
"5020554",378676,2026-05-02 05:19:27,28.5807762145996,-12.1689472198486,"Unknown"
"5020554",378676,2026-05-02 05:29:28,28.5805835723877,-12.1704349517822,"Unknown"
"5020554",378676,2026-05-02 05:39:26,28.5799751281738,-12.1713752746582,"Unknown"
"5020554",378676,2026-05-02 06:39:28,28.5878791809082,-12.2104158401489,"Unknown"
"5020554",378676,2026-05-02 06:49:47,28.6040210723877,-12.2287921905518,"Unknown"
"5020554",378676,2026-05-02 07:00:17,28.6009197235107,-12.2346706390381,"Unknown"
"5020554",378676,2026-05-02 07:09:29,28.6003704071045,-12.2353448867798,"Unknown"
"5020554",378676,2026-05-02 07:19:28,28.5994529724121,-12.2362279891968,"Unknown"
"5020554",378676,2026-05-02 07:29:30,28.5987396240234,-12.2370500564575,"Unknown"
"5020554",378676,2026-05-02 07:39:27,28.6005172729492,-12.2397632598877,"Unknown"
"5020554",378676,2026-05-02 07:49:29,28.6000881195068,-12.2407922744751,"Unknown"
"5020554",378676,2026-05-02 08:00:03,28.6003303527832,-12.2414445877075,"Unknown"
"5020554",378676,2026-05-02 08:09:25,28.6007328033447,-12.2427625656128,"Unknown"
"5020554",378676,2026-05-02 08:19:24,28.6050548553467,-12.244891166687,"Unknown"
"5020554",378676,2026-05-02 08:29:24,28.6058521270752,-12.2453470230103,"Unknown"
"5020554",378676,2026-05-02 08:39:27,28.6083183288574,-12.2473487854004,"Unknown"
"5020554",378676,2026-05-02 08:49:24,28.6163101196289,-12.2468519210815,"Unknown"
"5020554",378676,2026-05-02 08:59:27,28.6162414550781,-12.2478170394897,"Unknown"
"5020554",378676,2026-05-02 09:09:24,28.6159343719482,-12.2486419677734,"Unknown"
"5020554",378676,2026-05-02 09:19:24,28.6151065826416,-12.2490081787109,"Unknown"
"5020554",378676,2026-05-02 09:29:24,28.5800971984863,-12.2282075881958,"Unknown"
"5020554",378676,2026-05-02 09:39:27,28.5789318084717,-12.2286329269409,"Unknown"
"5020554",378676,2026-05-02 09:49:25,28.5775279998779,-12.2293748855591,"Unknown"
"5020554",378676,2026-05-02 09:59:28,28.5752429962158,-12.2309713363647,"Unknown"
"5020554",378676,2026-05-02 10:09:30,28.574520111084,-12.2314596176147,"Unknown"
"5020554",378676,2026-05-02 10:19:29,28.5736541748047,-12.2318964004517,"Unknown"
"5020554",378676,2026-05-02 10:29:47,28.5727062225342,-12.2325229644775,"Unknown"
"5020554",378676,2026-05-02 10:39:27,28.5628757476807,-12.2315759658813,"Unknown"
"5020554",378676,2026-05-02 10:49:27,28.5447177886963,-12.2148742675781,"Unknown"
"5020554",378676,2026-05-02 10:59:27,28.5370807647705,-12.1461601257324,"Unknown"
"5020554",378676,2026-05-02 11:09:28,28.5415878295898,-12.0807619094849,"Unknown"
"5020554",378676,2026-05-02 11:19:27,28.5735301971436,-12.0411376953125,"Unknown"
"5020554",378676,2026-05-02 11:29:29,28.6147861480713,-12.0576391220093,"Unknown"
"5020554",378676,2026-05-02 11:39:28,28.6527194976807,-12.0961952209473,"Unknown"
"5020554",378676,2026-05-02 11:49:30,28.6940670013428,-12.1145658493042,"Unknown"
"5020554",378676,2026-05-02 12:00:50,28.733268737793,-12.0705375671387,"Unknown"
"5020554",378676,2026-05-02 12:30:47,28.8306350708008,-12.0675935745239,"Unknown"
"5020554",378676,2026-05-02 12:39:24,28.8300075531006,-12.0704765319824,"Unknown"
"5020554",378676,2026-05-02 12:49:25,28.8292903900146,-12.0714626312256,"Unknown"
"5020554",378676,2026-05-02 12:59:24,28.8287143707275,-12.0724630355835,"Unknown"
"5020554",378676,2026-05-02 13:09:26,28.8288173675537,-12.0733194351196,"Unknown"
"5020554",378676,2026-05-02 13:19:26,28.8291664123535,-12.0737018585205,"Unknown"
"5020554",378676,2026-05-02 13:29:27,28.8367252349854,-12.0776290893555,"Unknown"
"5020554",378676,2026-05-02 13:39:25,28.836254119873,-12.0778665542603,"Unknown"
"5020554",378676,2026-05-02 13:49:25,28.8361721038818,-12.0784158706665,"Unknown"
"5020554",378676,2026-05-02 13:59:25,28.8347587585449,-12.0788621902466,"Unknown"
"5020554",378676,2026-05-02 14:09:27,28.8333473205566,-12.0798082351685,"Unknown"
"5020554",378676,2026-05-02 14:19:27,28.8321113586426,-12.0812835693359,"Unknown"
"5020554",378676,2026-05-02 14:29:27,28.8308544158936,-12.0826978683472,"Unknown"
"5020554",378676,2026-05-02 14:39:27,28.8295459747314,-12.0836687088013,"Unknown"
"5020554",378676,2026-05-02 14:49:27,28.8286418914795,-12.0851974487305,"Unknown"
"5020554",378676,2026-05-02 14:59:28,28.8277835845947,-12.0866365432739,"Unknown"
"5020554",378676,2026-05-02 15:09:47,28.8269634246826,-12.0883226394653,"Unknown"
"5020554",378676,2026-05-02 15:19:24,28.8263072967529,-12.0896940231323,"Unknown"
"5020554",378676,2026-05-02 15:29:24,28.8263092041016,-12.0908212661743,"Unknown"
"5020554",378676,2026-05-02 15:39:28,28.8349094390869,-12.1237602233887,"Unknown"
"5020554",378676,2026-05-02 15:49:26,28.8369579315186,-12.189603805542,"Unknown"
"5020554",378676,2026-05-02 15:59:24,28.8289318084717,-12.2596225738525,"Unknown"
"5020554",378676,2026-05-02 16:09:26,28.8181438446045,-12.3242931365967,"Unknown"
"5020554",378676,2026-05-02 16:19:29,28.8317089080811,-12.3272409439087,"Unknown"
"5020554",378676,2026-05-02 16:29:28,28.8312797546387,-12.3507070541382,"Unknown"
"5020554",378676,2026-05-02 16:39:39,28.8282604217529,-12.3553476333618,"Unknown"
"5020554",378676,2026-05-02 16:50:47,28.8240814208984,-12.3615550994873,"Unknown"
"5020554",378676,2026-05-02 16:59:28,28.8235301971436,-12.3580493927002,"Unknown"
"5020554",378676,2026-05-02 17:09:28,28.817440032959,-12.3483591079712,"Unknown"
"5020554",378676,2026-05-02 17:19:28,28.817440032959,-12.3494663238525,"Unknown"
"5020554",378676,2026-05-02 17:29:49,28.8021430969238,-12.3328924179077,"Unknown"
"5020554",378676,2026-05-02 17:39:27,28.7941837310791,-12.3361377716064,"Unknown"
"5020554",378676,2026-05-02 17:49:25,28.780969619751,-12.339879989624,"Unknown"
"5020554",378676,2026-05-02 17:59:46,28.771505355835,-12.3325414657593,"Unknown"
"5020554",378676,2026-05-02 18:09:28,28.7695617675781,-12.3236455917358,"Unknown"
"5020554",378676,2026-05-02 18:19:27,28.7681579589844,-12.3258285522461,"Unknown"
"5020554",378676,2026-05-02 18:29:27,28.7482032775879,-12.3186779022217,"Unknown"
"5020554",378676,2026-05-02 18:39:27,28.7386875152588,-12.3091230392456,"Unknown"
"5020554",378676,2026-05-02 18:49:28,28.7348690032959,-12.3030071258545,"Unknown"
"5020554",378676,2026-05-02 18:59:27,28.7330532073975,-12.2917785644531,"Unknown"
"5020554",378676,2026-05-02 19:09:47,28.7321739196777,-12.2900438308716,"Unknown"
"5020554",378676,2026-05-02 19:19:24,28.7372379302979,-12.2809085845947,"Unknown"
"5020554",378676,2026-05-02 19:29:27,28.7357597351074,-12.2740459442139,"Unknown"
"5020554",378676,2026-05-02 19:39:27,28.7370090484619,-12.2739152908325,"Unknown"
"5020554",378676,2026-05-02 19:49:28,28.7159595489502,-12.2315263748169,"Unknown"
"5020554",378676,2026-05-02 19:59:29,28.6798095703125,-12.1688432693481,"Unknown"
"5020554",378676,2026-05-02 20:09:27,28.6553726196289,-12.1098499298096,"Unknown"
"5020554",378676,2026-05-02 20:19:47,28.6524276733398,-12.106894493103,"Unknown"
"5020554",378676,2026-05-02 20:29:28,28.6500301361084,-12.1056394577026,"Unknown"
"5020554",378676,2026-05-02 20:39:28,28.6482620239258,-12.1057605743408,"Unknown"
"5020554",378676,2026-05-02 20:49:27,28.646463394165,-12.1064481735229,"Unknown"
"5020554",378676,2026-05-02 20:59:27,28.6446094512939,-12.1071367263794,"Unknown"
"5020554",378676,2026-05-02 21:09:25,28.6426792144775,-12.1080055236816,"Unknown"
"5020554",378676,2026-05-02 21:19:27,28.6410884857178,-12.1089763641357,"Unknown"
"5020554",378676,2026-05-02 21:29:26,28.639518737793,-12.1099977493286,"Unknown"
"5020554",378676,2026-05-02 21:39:27,28.6377601623535,-12.1107873916626,"Unknown"
"5020554",378676,2026-05-02 21:49:28,28.6355247497559,-12.1108551025391,"Unknown"
"5020554",378676,2026-05-02 21:59:29,28.6333408355713,-12.1111860275269,"Unknown"
"5020554",378676,2026-05-02 22:09:28,28.626148223877,-12.1037540435791,"Unknown"
"5020554",378676,2026-05-02 22:19:32,28.6216087341309,-12.0920915603638,"Unknown"
"5020554",378676,2026-05-02 22:29:28,28.6197032928467,-12.0924291610718,"Unknown"
"5020554",378676,2026-05-02 22:39:32,28.6178703308105,-12.0930204391479,"Unknown"
"5020554",378676,2026-05-02 22:49:30,28.613842010498,-12.0869655609131,"Unknown"
"5020554",378676,2026-05-02 22:59:57,28.6159038543701,-12.0814208984375,"Unknown"
"5020554",378676,2026-05-02 23:09:24,28.6136207580566,-12.0823221206665,"Unknown"
"5020554",378676,2026-05-02 23:19:24,28.6133518218994,-12.0768003463745,"Unknown"
"5020554",378676,2026-05-02 23:29:25,28.6116580963135,-12.0719203948975,"Unknown"
"5020554",378676,2026-05-02 23:39:24,28.6126480102539,-12.0582227706909,"Unknown"
"5020554",378676,2026-05-02 23:49:24,28.6114444732666,-12.0597152709961,"Unknown"
"5020554",378676,2026-05-02 23:59:27,28.6100769042969,-12.0607490539551,"Unknown"
"5020554",378676,2026-05-03 00:09:26,28.608570098877,-12.0613603591919,"Unknown"
"5020554",378676,2026-05-03 00:19:27,28.6073760986328,-12.0629119873047,"Unknown"
"5020554",378676,2026-05-03 00:29:25,28.6062145233154,-12.0645618438721,"Unknown"
"5020554",378676,2026-05-03 00:39:28,28.6052589416504,-12.0666465759277,"Unknown"
"5020554",378676,2026-05-03 00:49:28,28.6042938232422,-12.0684146881104,"Unknown"
"5020554",378676,2026-05-03 00:59:30,28.6033916473389,-12.0701742172241,"Unknown"
"5020554",378676,2026-05-03 01:09:27,28.602725982666,-12.0730991363525,"Unknown"
"5020554",378676,2026-05-03 01:19:29,28.6016693115234,-12.0746603012085,"Unknown"
"5020554",378676,2026-05-03 01:29:47,28.6008129119873,-12.0765151977539,"Unknown"
"5020554",378676,2026-05-03 01:39:27,28.600061416626,-12.0785102844238,"Unknown"
"5020554",378676,2026-05-03 01:49:25,28.5993118286133,-12.0798273086548,"Unknown"
"5020554",378676,2026-05-03 01:59:27,28.5983772277832,-12.0805788040161,"Unknown"
"5020554",378676,2026-05-03 02:09:51,28.5975646972656,-12.081111907959,"Unknown"
"5020554",378676,2026-05-03 02:19:30,28.5971221923828,-12.0827083587646,"Unknown"
"5020554",378676,2026-05-03 02:29:47,28.5964679718018,-12.0839519500732,"Unknown"
"5020554",378676,2026-05-03 02:39:28,28.595890045166,-12.0850496292114,"Unknown"
"5020554",378676,2026-05-03 02:49:27,28.5954570770264,-12.086709022522,"Unknown"
"5020554",378676,2026-05-03 02:59:27,28.5950565338135,-12.0887155532837,"Unknown"
"5020554",378676,2026-05-03 03:09:26,28.5946922302246,-12.0907974243164,"Unknown"
"5020554",378676,2026-05-03 03:19:39,28.5943374633789,-12.092227935791,"Unknown"
"5020554",378676,2026-05-03 03:29:28,28.5905380249023,-12.0824995040894,"Unknown"
"5020554",378676,2026-05-03 03:39:28,28.5900974273682,-12.0761804580688,"Unknown"
"5020554",378676,2026-05-03 03:49:28,28.5899295806885,-12.0647687911987,"Unknown"
"5020554",378676,2026-05-03 03:59:47,28.5852642059326,-12.0411195755005,"Unknown"
"5020554",378676,2026-05-03 04:09:26,28.5845775604248,-12.0424165725708,"Unknown"
"5020554",378676,2026-05-03 04:19:26,28.583963394165,-12.0440435409546,"Unknown"
"5020554",378676,2026-05-03 04:29:28,28.5833702087402,-12.0439119338989,"Unknown"
"5020554",378676,2026-05-03 04:39:27,28.5827980041504,-12.0454158782959,"Unknown"
"5020554",378676,2026-05-03 04:49:26,28.5823707580566,-12.0375061035156,"Unknown"
"5020554",378676,2026-05-03 04:59:27,28.5818939208984,-12.0393114089966,"Unknown"
"5020554",378676,2026-05-03 05:09:27,28.58154296875,-12.0411863327026,"Unknown"
"5020554",378676,2026-05-03 05:19:29,28.5811653137207,-12.0430774688721,"Unknown"
"5020554",378676,2026-05-03 05:29:29,28.5806999206543,-12.0444030761719,"Unknown"
"5020554",378676,2026-05-03 05:39:27,28.580436706543,-12.0462074279785,"Unknown"
"5020554",378676,2026-05-03 05:50:50,28.6010589599609,-12.0785064697266,"Unknown"
"5020554",378676,2026-05-03 06:00:17,28.6007881164551,-12.0837469100952,"Unknown"
"5020554",378676,2026-05-03 06:09:24,28.5972156524658,-12.0950441360474,"Unknown"
"5020554",378676,2026-05-03 06:19:27,28.6280918121338,-12.0940952301025,"Unknown"
"5020554",378676,2026-05-03 06:29:25,28.631950378418,-12.0984563827515,"Unknown"
"5020554",378676,2026-05-03 06:39:24,28.630090713501,-12.1024656295776,"Unknown"
"5020554",378676,2026-05-03 06:49:24,28.629358291626,-12.1040544509888,"Unknown"
"5020554",378676,2026-05-03 06:59:26,28.6290626525879,-12.1053400039673,"Unknown"
"5020554",378676,2026-05-03 07:09:28,28.6289825439453,-12.1065683364868,"Unknown"
"5020554",378676,2026-05-03 07:19:29,28.6290283203125,-12.1074657440186,"Unknown"
"5020554",378676,2026-05-03 07:29:30,28.6292839050293,-12.1085062026978,"Unknown"
"5020554",378676,2026-05-03 07:39:47,28.6295127868652,-12.1100826263428,"Unknown"
"5020554",378676,2026-05-03 07:49:25,28.6296863555908,-12.1117725372314,"Unknown"
"5020554",378676,2026-05-03 07:59:28,28.6297988891602,-12.1133861541748,"Unknown"
"5020554",378676,2026-05-03 08:09:29,28.6297740936279,-12.11536693573,"Unknown"
"5020554",378676,2026-05-03 08:19:29,28.6300621032715,-12.1172733306885,"Unknown"
"5020554",378676,2026-05-03 08:29:30,28.6303768157959,-12.1188564300537,"Unknown"
"5020554",378676,2026-05-03 08:39:30,28.6308422088623,-12.1203269958496,"Unknown"
"5020554",378676,2026-05-03 08:49:47,28.6310806274414,-12.1216640472412,"Unknown"
"5020554",378676,2026-05-03 08:59:26,28.6307373046875,-12.1226692199707,"Unknown"
"5020554",378676,2026-05-03 09:09:25,28.6304512023926,-12.1238641738892,"Unknown"
"5020554",378676,2026-05-03 09:19:27,28.6498374938965,-12.1211585998535,"Unknown"
"5020554",378676,2026-05-03 09:29:29,28.6576480865479,-12.1356315612793,"Unknown"
"5020554",378676,2026-05-03 09:39:28,28.6573295593262,-12.1364727020264,"Unknown"
"5020554",378676,2026-05-03 09:49:30,28.6566963195801,-12.1269693374634,"Unknown"
"5020554",378676,2026-05-03 10:00:03,28.656587600708,-12.1278285980225,"Unknown"
"5020554",378676,2026-05-03 10:09:30,28.6565246582031,-12.1282901763916,"Unknown"
"5020554",378676,2026-05-03 10:19:28,28.6556835174561,-12.1269311904907,"Unknown"
"5020554",378676,2026-05-03 10:29:28,28.6477222442627,-12.1099185943604,"Unknown"
"5020554",378676,2026-05-03 10:39:30,28.6479682922363,-12.1100072860718,"Unknown"
"5020554",378676,2026-05-03 10:49:57,28.6479187011719,-12.1097383499146,"Unknown"
"5020554",378676,2026-05-03 10:59:25,28.6374416351318,-12.0851917266846,"Unknown"
"5020554",378676,2026-05-03 11:09:26,28.6364364624023,-12.0856761932373,"Unknown"
"5020554",378676,2026-05-03 11:19:27,28.6354293823242,-12.0858240127563,"Unknown"
"5020554",378676,2026-05-03 11:29:25,28.6344051361084,-12.0862274169922,"Unknown"
"5020554",378676,2026-05-03 11:39:27,28.6331253051758,-12.0864686965942,"Unknown"
"5020554",378676,2026-05-03 11:49:27,28.6320972442627,-12.0871000289917,"Unknown"
"5020554",378676,2026-05-03 11:59:27,28.6309089660645,-12.0873193740845,"Unknown"
"5020554",378676,2026-05-03 12:09:27,28.6296691894531,-12.0872869491577,"Unknown"
"5020554",378676,2026-05-03 12:19:29,28.6283760070801,-12.087366104126,"Unknown"
"5020554",378676,2026-05-03 12:29:27,28.6270885467529,-12.0872421264648,"Unknown"
"5020554",378676,2026-05-03 12:39:24,28.626091003418,-12.0875749588013,"Unknown"
"5020554",378676,2026-05-03 12:49:28,28.6253967285156,-12.088134765625,"Unknown"
"5020554",378676,2026-05-03 12:59:27,28.6245269775391,-12.0882730484009,"Unknown"
"5020554",378676,2026-05-03 13:09:47,28.6235160827637,-12.0883741378784,"Unknown"
"5020554",378676,2026-05-03 13:19:57,28.6225395202637,-12.0890235900879,"Unknown"
"5020554",378676,2026-05-03 13:29:24,28.6216602325439,-12.0895767211914,"Unknown"
"5020554",378676,2026-05-03 13:39:27,28.6215000152588,-12.1050720214844,"Unknown"
"5020554",378676,2026-05-03 13:49:27,28.6216945648193,-12.1788749694824,"Unknown"
"5020554",378676,2026-05-03 13:59:27,28.6163024902344,-12.2525854110718,"Unknown"
"5020554",378676,2026-05-03 14:09:27,28.6007137298584,-12.3213682174683,"Unknown"
"5020554",378676,2026-05-03 14:19:27,28.575647354126,-12.3811206817627,"Unknown"
"5020554",378676,2026-05-03 14:29:24,28.5351982116699,-12.3556413650513,"Unknown"
"5020554",378676,2026-05-03 14:39:25,28.5347576141357,-12.3553695678711,"Unknown"
"5020554",378676,2026-05-03 14:49:24,28.5347671508789,-12.3559980392456,"Unknown"
"5020554",378676,2026-05-03 14:59:27,28.5326328277588,-12.3494539260864,"Unknown"
"5020554",378676,2026-05-03 15:09:26,28.5300369262695,-12.3378353118896,"Unknown"
"5020554",378676,2026-05-03 15:19:26,28.5387001037598,-12.3168487548828,"Unknown"
"5020554",378676,2026-05-03 15:29:24,28.5390377044678,-12.32200050354,"Unknown"
"5020554",378676,2026-05-03 15:39:26,28.5291156768799,-12.3086891174316,"Unknown"
"5020554",378676,2026-05-03 15:49:28,28.5289764404297,-12.3098497390747,"Unknown"
"5020554",378676,2026-05-03 15:59:26,28.5441665649414,-12.3029260635376,"Unknown"
"5020554",378676,2026-05-03 16:19:57,28.5419540405273,-12.2949485778809,"Unknown"
"5020554",378676,2026-05-03 16:29:26,28.5534114837646,-12.2993936538696,"Unknown"
"5020554",378676,2026-05-03 16:39:27,28.5662441253662,-12.3076076507568,"Unknown"
"5020554",378676,2026-05-03 16:49:25,28.5661125183105,-12.3088912963867,"Unknown"
"5020554",378676,2026-05-03 16:59:27,28.5649967193604,-12.2890386581421,"Unknown"
"5020554",378676,2026-05-03 17:09:26,28.5837917327881,-12.313720703125,"Unknown"
"5020554",378676,2026-05-03 17:19:29,28.6045799255371,-12.3171663284302,"Unknown"
"5020554",378676,2026-05-03 17:29:27,28.6054573059082,-12.3199968338013,"Unknown"
"5020554",378676,2026-05-03 17:39:26,28.6053848266602,-12.3207588195801,"Unknown"
"5020554",378676,2026-05-03 17:49:25,28.6045589447021,-12.3221349716187,"Unknown"
"5020554",378676,2026-05-03 17:59:25,28.6055469512939,-12.3336906433105,"Unknown"
"5020554",378676,2026-05-03 18:09:25,28.6049289703369,-12.3354301452637,"Unknown"
"5020554",378676,2026-05-03 18:19:28,28.6037902832031,-12.3422222137451,"Unknown"
"5020554",378676,2026-05-03 18:29:30,28.6036262512207,-12.3442401885986,"Unknown"
"5020554",378676,2026-05-03 18:39:47,28.6034030914307,-12.3462400436401,"Unknown"
"5020554",378676,2026-05-03 18:49:26,28.6038551330566,-12.3495302200317,"Unknown"
"5020554",378676,2026-05-03 18:59:25,28.6036739349365,-12.3516931533813,"Unknown"
"5020554",378676,2026-05-03 19:09:26,28.6036930084229,-12.353551864624,"Unknown"
"5020554",378676,2026-05-03 19:19:26,28.6037616729736,-12.3548231124878,"Unknown"
"5020554",378676,2026-05-03 19:29:27,28.6037063598633,-12.3564510345459,"Unknown"
"5020554",378676,2026-05-03 19:39:28,28.6034526824951,-12.3585500717163,"Unknown"
"5020554",378676,2026-05-03 19:49:29,28.6029796600342,-12.3605766296387,"Unknown"
"5020554",378676,2026-05-03 20:00:03,28.6022663116455,-12.3624143600464,"Unknown"
"5020554",378676,2026-05-03 20:09:25,28.6015949249268,-12.3638620376587,"Unknown"
"5020554",378676,2026-05-03 20:19:25,28.6007289886475,-12.3617172241211,"Unknown"
"5020554",378676,2026-05-03 20:29:26,28.5997085571289,-12.3626613616943,"Unknown"
"5020554",378676,2026-05-03 20:39:25,28.5988616943359,-12.3635721206665,"Unknown"
"5020554",378676,2026-05-03 20:49:25,28.5976581573486,-12.3641080856323,"Unknown"
"5020554",378676,2026-05-03 20:59:25,28.5963897705078,-12.364577293396,"Unknown"
"5020554",378676,2026-05-03 21:09:26,28.5950107574463,-12.3650646209717,"Unknown"
"5020554",378676,2026-05-03 21:19:26,28.5934925079346,-12.3654308319092,"Unknown"
"5020554",378676,2026-05-03 21:29:26,28.5920867919922,-12.3658285140991,"Unknown"
"5020554",378676,2026-05-03 21:39:27,28.590877532959,-12.366286277771,"Unknown"
"5020554",378676,2026-05-03 21:49:27,28.5895576477051,-12.3665761947632,"Unknown"
"5020554",378676,2026-05-03 21:59:27,28.5853271484375,-12.3603563308716,"Unknown"
"5020554",378676,2026-05-03 22:09:28,28.5786819458008,-12.3516502380371,"Unknown"
"5020554",378676,2026-05-03 22:19:28,28.5773963928223,-12.3524389266968,"Unknown"
"5020554",378676,2026-05-03 22:29:28,28.5685729980469,-12.3338556289673,"Unknown"
"5020554",378676,2026-05-03 22:39:28,28.5672016143799,-12.3344659805298,"Unknown"
"5020554",378676,2026-05-03 22:49:29,28.5660800933838,-12.3355865478516,"Unknown"
"5020554",378676,2026-05-03 22:59:30,28.5649757385254,-12.3367614746094,"Unknown"
"5020554",378676,2026-05-03 23:09:57,28.5638771057129,-12.3380088806152,"Unknown"
"5020554",378676,2026-05-03 23:19:26,28.562931060791,-12.3393211364746,"Unknown"
"5020554",378676,2026-05-03 23:29:28,28.5619258880615,-12.3406782150269,"Unknown"
"5020554",378676,2026-05-03 23:39:27,28.5613746643066,-12.3250856399536,"Unknown"
"5020554",378676,2026-05-03 23:49:26,28.5454959869385,-12.2840328216553,"Unknown"
"5020554",378676,2026-05-03 23:59:28,28.5433444976807,-12.2836303710938,"Unknown"
"5020554",378676,2026-05-04 00:09:27,28.5073757171631,-12.2679224014282,"Unknown"
"5020554",378676,2026-05-04 00:19:28,28.455867767334,-12.2325239181519,"Unknown"
"5020554",378676,2026-05-04 00:29:29,28.4348011016846,-12.2162275314331,"Unknown"
"5020554",378676,2026-05-04 00:39:28,28.4333591461182,-12.217188835144,"Unknown"
"5020554",378676,2026-05-04 00:49:28,28.4317531585693,-12.2180767059326,"Unknown"
"5020554",378676,2026-05-04 00:59:29,28.4302177429199,-12.2184133529663,"Unknown"
"5020554",378676,2026-05-04 01:09:29,28.4286403656006,-12.2190561294556,"Unknown"
"5020554",378676,2026-05-04 01:19:31,28.4272212982178,-12.2201700210571,"Unknown"
"5020554",378676,2026-05-04 01:29:57,28.4259433746338,-12.2212753295898,"Unknown"
"5020554",378676,2026-05-04 01:39:26,28.4246845245361,-12.2224216461182,"Unknown"
"5020554",378676,2026-05-04 01:49:26,28.4235668182373,-12.2238140106201,"Unknown"
"5020554",378676,2026-05-04 01:59:27,28.4224491119385,-12.225531578064,"Unknown"
"5020554",378676,2026-05-04 02:09:26,28.4212226867676,-12.2270164489746,"Unknown"
"5020554",378676,2026-05-04 02:19:27,28.4202156066895,-12.2286491394043,"Unknown"
"5020554",378676,2026-05-04 02:29:27,28.4192142486572,-12.2303781509399,"Unknown"
"5020554",378676,2026-05-04 02:39:26,28.4184417724609,-12.231990814209,"Unknown"
"5020554",378676,2026-05-04 02:49:26,28.4177532196045,-12.2337169647217,"Unknown"
"5020554",378676,2026-05-04 02:59:28,28.416841506958,-12.2348594665527,"Unknown"
"5020554",378676,2026-05-04 03:09:57,28.4159393310547,-12.2361087799072,"Unknown"
"5020554",378676,2026-05-04 03:19:25,28.4151229858398,-12.2374315261841,"Unknown"
"5020554",378676,2026-05-04 03:29:26,28.414306640625,-12.2388362884521,"Unknown"
"5020554",378676,2026-05-04 03:39:26,28.413631439209,-12.2401924133301,"Unknown"
"5020554",378676,2026-05-04 03:49:26,28.4128360748291,-12.2415189743042,"Unknown"
"5020554",378676,2026-05-04 03:59:26,28.4120445251465,-12.2428665161133,"Unknown"
"5020554",378676,2026-05-04 04:09:26,28.4113006591797,-12.2443342208862,"Unknown"
"5020554",378676,2026-05-04 04:19:26,28.4106502532959,-12.2457294464111,"Unknown"
"5020554",378676,2026-05-04 04:29:27,28.410062789917,-12.2472085952759,"Unknown"
"5020554",378676,2026-05-04 04:39:26,28.4096717834473,-12.2489070892334,"Unknown"
"5020554",378676,2026-05-04 04:49:26,28.4091606140137,-12.2506732940674,"Unknown"
"5020554",378676,2026-05-04 04:59:29,28.4087314605713,-12.2525196075439,"Unknown"
"5020554",378676,2026-05-04 05:09:28,28.408260345459,-12.2542934417725,"Unknown"
"5020554",378676,2026-05-04 05:19:29,28.4080600738525,-12.2564945220947,"Unknown"
"5020554",378676,2026-05-04 05:29:57,28.4073696136475,-12.2580280303955,"Unknown"
"5020554",378676,2026-05-04 05:40:51,28.4127922058105,-12.2736625671387,"Unknown"
"5020554",378676,2026-05-04 06:39:56,28.4517383575439,-12.3062391281128,"Unknown"
"5020554",378676,2026-05-04 06:49:26,28.4530067443848,-12.2929391860962,"Unknown"
"5020554",378676,2026-05-04 06:59:27,28.4503040313721,-12.2913236618042,"Unknown"
"5020554",378676,2026-05-04 07:09:29,28.4499549865723,-12.2933311462402,"Unknown"
"5020554",378676,2026-05-04 07:19:29,28.4501914978027,-12.2951574325562,"Unknown"
"5020554",378676,2026-05-04 07:29:28,28.4496536254883,-12.2967023849487,"Unknown"
"5020554",378676,2026-05-04 07:39:57,28.4501609802246,-12.2987480163574,"Unknown"
"5020554",378676,2026-05-04 07:49:28,28.4493541717529,-12.3227529525757,"Unknown"
"5020554",378676,2026-05-04 07:59:25,28.4475440979004,-12.3325634002686,"Unknown"
"5020554",378676,2026-05-04 08:09:27,28.4476528167725,-12.3342704772949,"Unknown"
"5020554",378676,2026-05-04 08:19:26,28.4479560852051,-12.3362407684326,"Unknown"
"5020554",378676,2026-05-04 08:29:28,28.4482898712158,-12.3380107879639,"Unknown"
"5020554",378676,2026-05-04 08:39:28,28.4452724456787,-12.3941297531128,"Unknown"
"5020554",378676,2026-05-04 08:50:50,28.4316864013672,-12.4465589523315,"Unknown"
"5020554",378676,2026-05-04 08:59:57,28.4383773803711,-12.4530601501465,"Unknown"
"5020554",378676,2026-05-04 09:09:26,28.4375133514404,-12.4546251296997,"Unknown"
"5020554",378676,2026-05-04 09:19:26,28.4366893768311,-12.4564046859741,"Unknown"
"5020554",378676,2026-05-04 09:29:26,28.4333782196045,-12.4563589096069,"Unknown"
"5020554",378676,2026-05-04 09:39:26,28.4117259979248,-12.4554967880249,"Unknown"
"5020554",378676,2026-05-04 09:49:27,28.4104080200195,-12.4567890167236,"Unknown"
"5020554",378676,2026-05-04 09:59:27,28.4089984893799,-12.457859992981,"Unknown"
"5020554",378676,2026-05-04 10:09:27,28.4077301025391,-12.4588708877563,"Unknown"
"5020554",378676,2026-05-04 10:19:29,28.4064025878906,-12.4599628448486,"Unknown"
"5020554",378676,2026-05-04 10:29:27,28.4051380157471,-12.4609260559082,"Unknown"
"5020554",378676,2026-05-04 10:39:26,28.4042873382568,-12.4616079330444,"Unknown"
"5020554",378676,2026-05-04 10:49:26,28.4032726287842,-12.4629850387573,"Unknown"
"5020554",378676,2026-05-04 10:59:26,28.402099609375,-12.4645051956177,"Unknown"
"5020554",378676,2026-05-04 11:09:28,28.4008045196533,-12.4659252166748,"Unknown"
"5020554",378676,2026-05-04 11:19:28,28.3997993469238,-12.4673976898193,"Unknown"
"5020554",378676,2026-05-04 11:29:57,28.3989429473877,-12.4688625335693,"Unknown"
"5020554",378676,2026-05-04 11:39:27,28.3989276885986,-12.477466583252,"Unknown"
"5020554",378676,2026-05-04 11:49:28,28.4139938354492,-12.4865741729736,"Unknown"
"5020554",378676,2026-05-04 11:59:26,28.4130706787109,-12.4844808578491,"Unknown"
"5020554",378676,2026-05-04 12:09:28,28.4132900238037,-12.4846696853638,"Unknown"
"5020554",378676,2026-05-04 12:19:28,28.4136447906494,-12.4856939315796,"Unknown"
"5020554",378676,2026-05-04 12:29:30,28.4136371612549,-12.48668384552,"Unknown"
"5020554",378676,2026-05-04 12:39:29,28.4139919281006,-12.4879932403564,"Unknown"
"5020554",378676,2026-05-04 12:49:31,28.4145164489746,-12.4891910552979,"Unknown"
"5020554",378676,2026-05-04 12:59:28,28.4150543212891,-12.4902868270874,"Unknown"
"5020554",378676,2026-05-04 13:09:47,28.4153747558594,-12.4913358688354,"Unknown"
"5020554",378676,2026-05-04 13:19:26,28.4159355163574,-12.4924125671387,"Unknown"
"5020554",378676,2026-05-04 13:29:26,28.4165420532227,-12.4935617446899,"Unknown"
"5020554",378676,2026-05-04 13:39:57,28.4172706604004,-12.4944648742676,"Unknown"
"5020554",378676,2026-05-04 13:49:26,28.4181118011475,-12.4954605102539,"Unknown"
"5020554",378676,2026-05-04 13:59:28,28.4187278747559,-12.4963979721069,"Unknown"
"5020554",378676,2026-05-04 14:09:26,28.4192485809326,-12.4972047805786,"Unknown"
"5020554",378676,2026-05-04 14:19:26,28.419677734375,-12.4982299804688,"Unknown"
"5020554",378676,2026-05-04 14:29:26,28.4201335906982,-12.4990711212158,"Unknown"
"5020554",378676,2026-05-04 14:39:25,28.4206428527832,-12.5001573562622,"Unknown"
"5020554",378676,2026-05-04 14:49:26,28.4211254119873,-12.5012445449829,"Unknown"
"5020554",378676,2026-05-04 14:59:27,28.4215850830078,-12.5021648406982,"Unknown"
"5020554",378676,2026-05-04 15:09:27,28.42604637146,-12.4992332458496,"Unknown"
"5020554",378676,2026-05-04 15:19:29,28.4346027374268,-12.5125341415405,"Unknown"
"5020554",378676,2026-05-04 15:29:47,28.4349937438965,-12.513729095459,"Unknown"
"5020554",378676,2026-05-04 15:39:27,28.4346332550049,-12.5151510238647,"Unknown"
"5020554",378676,2026-05-04 15:49:27,28.4343452453613,-12.5166149139404,"Unknown"
"5020554",378676,2026-05-04 15:59:28,28.4180164337158,-12.5029029846191,"Unknown"
"5020554",378676,2026-05-04 16:09:57,28.4175682067871,-12.5039072036743,"Unknown"
"5020554",378676,2026-05-04 16:19:26,28.4171161651611,-12.5050563812256,"Unknown"
"5020554",378676,2026-05-04 16:29:25,28.4167633056641,-12.5064287185669,"Unknown"
"5020554",378676,2026-05-04 16:39:27,28.4162540435791,-12.5077285766602,"Unknown"
"5020554",378676,2026-05-04 16:49:27,28.4157619476318,-12.5091400146484,"Unknown"
"5020554",378676,2026-05-04 16:59:28,28.4152698516846,-12.5105247497559,"Unknown"
"5020554",378676,2026-05-04 17:09:32,28.4148788452148,-12.5119285583496,"Unknown"
"5020554",378676,2026-05-04 17:19:47,28.4147720336914,-12.5136651992798,"Unknown"
"5020554",378676,2026-05-04 17:29:27,28.3819160461426,-12.4833765029907,"Unknown"
"5020554",378676,2026-05-04 17:39:27,28.368335723877,-12.5624589920044,"Unknown"
"5020554",378676,2026-05-04 17:49:27,28.3697929382324,-12.64870262146,"Unknown"
"5020554",378676,2026-05-04 17:59:27,28.3647747039795,-12.6617937088013,"Unknown"
"5020554",378676,2026-05-04 18:09:27,28.3422203063965,-12.7375316619873,"Unknown"
"5020554",378676,2026-05-04 18:19:28,28.3329238891602,-12.8212032318115,"Unknown"
"5020554",378676,2026-05-04 18:29:30,28.3243732452393,-12.8614749908447,"Unknown"
"5020554",378676,2026-05-04 18:40:50,28.3105392456055,-12.8885498046875,"Unknown"
"5020554",378676,2026-05-04 18:49:57,28.3114604949951,-12.9166259765625,"Unknown"
"5020554",378676,2026-05-04 18:59:26,28.3111724853516,-12.917932510376,"Unknown"
"5020554",378676,2026-05-04 19:09:26,28.3090934753418,-12.9808740615845,"Unknown"
"5020554",378676,2026-05-04 19:19:26,28.2749614715576,-13.0415182113647,"Unknown"
"5020554",378676,2026-05-04 19:29:27,28.2394733428955,-13.0843658447266,"Unknown"
"5020554",378676,2026-05-04 19:39:27,28.2335968017578,-13.1573257446289,"Unknown"
"5020554",378676,2026-05-04 19:49:27,28.1827297210693,-13.1621732711792,"Unknown"
"5020554",378676,2026-05-04 19:59:26,28.1594791412354,-13.1558494567871,"Unknown"
"5020554",378676,2026-05-04 20:09:26,28.1588497161865,-13.1573133468628,"Unknown"
"5020554",378676,2026-05-04 20:19:26,28.1580352783203,-13.1586046218872,"Unknown"
"5020554",378676,2026-05-04 20:29:26,28.1570720672607,-13.1596555709839,"Unknown"
"5020554",378676,2026-05-04 20:39:26,28.1561660766602,-13.1607189178467,"Unknown"
"5020554",378676,2026-05-04 20:49:47,28.1549777984619,-13.1615400314331,"Unknown"
"5020554",378676,2026-05-04 20:59:26,28.1538982391357,-13.1624689102173,"Unknown"
"5020554",378676,2026-05-04 21:09:26,28.1528167724609,-13.1632652282715,"Unknown"
"5020554",378676,2026-05-04 21:19:25,28.1516704559326,-13.1640300750732,"Unknown"
"5020554",378676,2026-05-04 21:29:28,28.1504611968994,-13.1646852493286,"Unknown"
"5020554",378676,2026-05-04 21:39:25,28.1496620178223,-13.1657009124756,"Unknown"
"5020554",378676,2026-05-04 21:49:25,28.1483993530273,-13.1663198471069,"Unknown"
"5020554",378676,2026-05-04 21:59:27,28.1471118927002,-13.1669464111328,"Unknown"
"5020554",378676,2026-05-04 22:09:57,28.1457939147949,-13.1674737930298,"Unknown"
"5020554",378676,2026-05-04 22:19:27,28.1444835662842,-13.1679763793945,"Unknown"
"5020554",378676,2026-05-04 22:29:27,28.1429862976074,-13.1686887741089,"Unknown"
"5020554",378676,2026-05-04 22:39:25,28.1416263580322,-13.1696109771729,"Unknown"
"5020554",378676,2026-05-04 22:49:25,28.1403064727783,-13.1700496673584,"Unknown"
"5020554",378676,2026-05-04 22:59:26,28.1390323638916,-13.1706018447876,"Unknown"
"5020554",378676,2026-05-04 23:09:27,28.1381206512451,-13.1717805862427,"Unknown"
"5020554",378676,2026-05-04 23:19:28,28.1367778778076,-13.1724138259888,"Unknown"
"5020554",378676,2026-05-04 23:29:28,28.1339282989502,-13.1711940765381,"Unknown"
"5020554",378676,2026-05-04 23:39:27,28.1324882507324,-13.1719770431519,"Unknown"
"5020554",378676,2026-05-04 23:49:57,28.1309089660645,-13.1728858947754,"Unknown"
"5020554",378676,2026-05-04 23:59:25,28.1295623779297,-13.1737642288208,"Unknown"
"5020554",378676,2026-05-05 00:09:27,28.1281433105469,-13.1749105453491,"Unknown"
"5020554",378676,2026-05-05 00:19:25,28.1265830993652,-13.1757459640503,"Unknown"
"5020554",378676,2026-05-05 00:29:26,28.1249809265137,-13.176570892334,"Unknown"
"5020554",378676,2026-05-05 00:39:27,28.123908996582,-13.1767177581787,"Unknown"
"5020554",378676,2026-05-05 00:49:28,28.1221981048584,-13.1775960922241,"Unknown"
"5020554",378676,2026-05-05 00:59:28,28.1203746795654,-13.1783809661865,"Unknown"
"5020554",378676,2026-05-05 01:09:27,28.1186542510986,-13.1793813705444,"Unknown"
"5020554",378676,2026-05-05 01:19:26,28.1169185638428,-13.1804914474487,"Unknown"
"5020554",378676,2026-05-05 01:29:25,28.1152400970459,-13.1817722320557,"Unknown"
"5020554",378676,2026-05-05 01:39:30,28.113525390625,-13.1831655502319,"Unknown"
"5020554",378676,2026-05-05 01:49:27,28.1116733551025,-13.1846313476562,"Unknown"
"5020554",378676,2026-05-05 01:59:26,28.1100177764893,-13.1863164901733,"Unknown"
"5020554",378676,2026-05-05 02:09:56,28.108325958252,-13.1882982254028,"Unknown"
"5020554",378676,2026-05-05 02:19:25,28.1068992614746,-13.1901330947876,"Unknown"
"5020554",378676,2026-05-05 02:29:25,28.105318069458,-13.1924333572388,"Unknown"
"5020554",378676,2026-05-05 02:39:26,28.1038703918457,-13.1949520111084,"Unknown"
"5020554",378676,2026-05-05 02:49:26,28.1022605895996,-13.1973857879639,"Unknown"
"5020554",378676,2026-05-05 02:59:26,28.1007804870605,-13.1998529434204,"Unknown"
"5020554",378676,2026-05-05 03:09:29,28.09938621521,-13.2015762329102,"Unknown"
"5020554",378676,2026-05-05 03:19:27,28.1023540496826,-13.2087860107422,"Unknown"
"5020554",378676,2026-05-05 03:29:57,28.1008548736572,-13.2116603851318,"Unknown"
"5020554",378676,2026-05-05 03:39:26,28.0997714996338,-13.2143707275391,"Unknown"
"5020554",378676,2026-05-05 03:49:26,28.1018486022949,-13.2294282913208,"Unknown"
"5020554",378676,2026-05-05 03:59:26,28.1007823944092,-13.2322158813477,"Unknown"
"5020554",378676,2026-05-05 04:09:26,28.0927200317383,-13.2341613769531,"Unknown"
"5020554",378676,2026-05-05 04:19:27,28.0914821624756,-13.236777305603,"Unknown"
"5020554",378676,2026-05-05 04:29:29,28.0899105072021,-13.2393703460693,"Unknown"
"5020554",378676,2026-05-05 04:39:28,28.088846206665,-13.2430982589722,"Unknown"
"5020554",378676,2026-05-05 04:49:27,28.0901737213135,-13.2905979156494,"Unknown"
"5020554",378676,2026-05-05 04:59:28,28.0894107818604,-13.2928895950317,"Unknown"
"5020554",378676,2026-05-05 05:09:28,28.0948905944824,-13.3207845687866,"Unknown"
"5020554",378676,2026-05-05 05:19:28,28.1055698394775,-13.4035892486572,"Unknown"
"5020554",378676,2026-05-05 05:30:50,28.108585357666,-13.5063648223877,"Unknown"
"5020554",378676,2026-05-05 05:40:50,28.1048965454102,-13.6007528305054,"Unknown"
"5020554",378676,2026-05-05 05:50:50,28.1018753051758,-13.6972818374634,"Unknown"
"5020554",378676,2026-05-05 06:20:02,28.0642108917236,-13.982702255249,"Unknown"
"5020554",378676,2026-05-05 06:29:26,28.0213832855225,-14.0619239807129,"Unknown"
"5020554",378676,2026-05-05 06:39:29,27.9835624694824,-14.1593685150146,"Unknown"
"5020554",378676,2026-05-05 06:50:50,27.9404201507568,-14.2742519378662,"Unknown"
"5020554",378676,2026-05-05 07:00:50,27.9316692352295,-14.384819984436,"Unknown"
"5020554",378676,2026-05-05 07:10:50,27.9344902038574,-14.4794750213623,"Unknown"
"5020554",378676,2026-05-05 07:20:33,27.9469356536865,-14.5716314315796,"Unknown"
"5020554",378676,2026-05-05 07:29:26,27.9584045410156,-14.6252002716064,"Unknown"
"5020554",378676,2026-05-05 07:40:50,27.9710063934326,-14.6933488845825,"Unknown"
"5020554",378676,2026-05-05 07:50:03,27.964693069458,-14.730489730835,"Unknown"
"5020554",378676,2026-05-05 07:59:27,27.9637184143066,-14.7516593933105,"Unknown"
"5020554",378676,2026-05-05 08:09:28,27.9767360687256,-14.8092460632324,"Unknown"
"5020554",378676,2026-05-05 08:19:26,27.9921531677246,-14.871732711792,"Unknown"
"5020554",378676,2026-05-05 08:29:27,27.9988174438477,-14.8708896636963,"Unknown"
"5020554",378676,2026-05-05 08:39:27,28.0033626556396,-14.8713712692261,"Unknown"
"5020554",378676,2026-05-05 08:49:28,28.004093170166,-14.871901512146,"Unknown"
"5020554",378676,2026-05-05 08:59:28,28.0150012969971,-14.8740701675415,"Unknown"
"5020554",378676,2026-05-05 09:09:28,28.060697555542,-14.9115180969238,"Unknown"
"5020554",378676,2026-05-05 09:19:27,28.0811290740967,-14.9125242233276,"Unknown"
"5020554",378676,2026-05-05 09:29:27,28.0809001922607,-14.9132976531982,"Unknown"
"5020554",378676,2026-05-05 09:39:28,28.1281471252441,-14.952241897583,"Unknown"
"5020554",378676,2026-05-05 09:49:28,28.1667346954346,-15.0294218063354,"Unknown"
"5020554",378676,2026-05-05 09:59:28,28.1855411529541,-15.0675163269043,"Unknown"
"5020554",378676,2026-05-05 10:29:56,28.3122787475586,-15.2528285980225,"Unknown"
"5020554",378676,2026-05-05 10:39:28,28.312328338623,-15.2551956176758,"Unknown"
"5020554",378676,2026-05-05 10:49:25,28.3124752044678,-15.2576627731323,"Unknown"
"5020554",378676,2026-05-05 10:59:28,28.337251663208,-15.319863319397,"Unknown"
"5020554",378676,2026-05-05 11:09:31,28.3674907684326,-15.4094228744507,"Unknown"
"5020554",378676,2026-05-05 11:19:27,28.3883857727051,-15.4731731414795,"Unknown"
"5020554",378676,2026-05-05 11:29:26,28.4218101501465,-15.5612392425537,"Unknown"
"5020554",378676,2026-05-05 11:39:27,28.4457836151123,-15.6434917449951,"Unknown"
"5020554",378676,2026-05-05 11:49:27,28.4451560974121,-15.6453495025635,"Unknown"
"5020554",378676,2026-05-05 11:59:28,28.4446468353271,-15.6475076675415,"Unknown"
"5020554",378676,2026-05-05 12:09:30,28.4479141235352,-15.7307987213135,"Unknown"
"5020554",378676,2026-05-05 12:19:29,28.453483581543,-15.7771434783936,"Unknown"
"5020554",378676,2026-05-05 12:29:30,28.4666862487793,-15.8100290298462,"Unknown"
"5020554",378676,2026-05-05 12:39:28,28.4794254302979,-15.8460035324097,"Unknown"
"5020554",378676,2026-05-05 12:49:27,28.5130805969238,-15.9309234619141,"Unknown"
"5020554",378676,2026-05-05 12:59:57,28.53271484375,-15.9625082015991,"Unknown"
"5020554",378676,2026-05-05 13:09:27,28.5323066711426,-15.9630546569824,"Unknown"
"5020554",378676,2026-05-05 13:19:28,28.5317783355713,-15.963680267334,"Unknown"
"5020554",378676,2026-05-05 13:29:26,28.5326232910156,-15.9663963317871,"Unknown"
"5020554",378676,2026-05-05 13:39:27,28.5808162689209,-16.0143146514893,"Unknown"
"5020554",378676,2026-05-05 13:49:28,28.5815048217773,-16.0156650543213,"Unknown"
"5020554",378676,2026-05-05 13:59:27,28.5850887298584,-16.0237064361572,"Unknown"
"5020554",378676,2026-05-05 14:09:26,28.5856132507324,-16.0241260528564,"Unknown"
"5020554",378676,2026-05-05 14:19:27,28.5860252380371,-16.025053024292,"Unknown"
"5020554",378676,2026-05-05 14:29:27,28.5868492126465,-16.0265693664551,"Unknown"
"5020554",378676,2026-05-05 14:39:27,28.600622177124,-16.0468158721924,"Unknown"
"5020554",378676,2026-05-05 14:49:30,28.6161651611328,-16.0711612701416,"Unknown"
"5020554",378676,2026-05-05 14:59:47,28.626350402832,-16.0976219177246,"Unknown"
"5020554",378676,2026-05-05 15:09:26,28.6275100708008,-16.0979652404785,"Unknown"
"5020554",378676,2026-05-05 15:19:29,28.6283130645752,-16.0981159210205,"Unknown"
"5020554",378676,2026-05-05 15:29:28,28.6289100646973,-16.0980644226074,"Unknown"
"5020554",378676,2026-05-05 15:39:27,28.6341667175293,-16.1136665344238,"Unknown"
"5020554",378676,2026-05-05 15:49:28,28.6471519470215,-16.1586265563965,"Unknown"
"5020554",378676,2026-05-05 15:59:27,28.6531009674072,-16.1766872406006,"Unknown"
"5020554",378676,2026-05-05 16:09:56,28.6629943847656,-16.2384986877441,"Unknown"
"5020554",378676,2026-05-05 16:19:25,28.6634979248047,-16.2390365600586,"Unknown"
"5020554",378676,2026-05-05 16:29:27,28.6643867492676,-16.2399196624756,"Unknown"
"5020554",378676,2026-05-05 16:39:27,28.6722545623779,-16.2861328125,"Unknown"
"5020554",378676,2026-05-05 16:49:26,28.680908203125,-16.3798160552979,"Unknown"
"5020554",378676,2026-05-05 16:59:26,28.6803092956543,-16.4210395812988,"Unknown"
"5020554",378676,2026-05-05 17:09:27,28.6838207244873,-16.5087108612061,"Unknown"
"5020554",378676,2026-05-05 17:19:26,28.6874904632568,-16.5933399200439,"Unknown"
"5020554",378676,2026-05-05 17:29:27,28.6755561828613,-16.6802749633789,"Unknown"
"5020554",378676,2026-05-05 17:39:27,28.6764125823975,-16.7499465942383,"Unknown"
"5020554",378676,2026-05-05 17:50:50,28.6743297576904,-16.8491382598877,"Unknown"
"5020554",378676,2026-05-05 18:00:50,28.6777820587158,-16.9340114593506,"Unknown"
"5020554",378676,2026-05-05 18:10:50,28.6885051727295,-17.0147171020508,"Unknown"
"5020554",378676,2026-05-05 18:20:50,28.698314666748,-17.0963077545166,"Unknown"
"5020554",378676,2026-05-05 18:30:50,28.709587097168,-17.1782875061035,"Unknown"
"5020554",378676,2026-05-05 18:40:50,28.7192115783691,-17.238073348999,"Unknown"
"5020554",378676,2026-05-05 18:50:32,28.7304172515869,-17.3140487670898,"Unknown"
"5020554",378676,2026-05-05 18:59:27,28.7432804107666,-17.380033493042,"Unknown"
"5020554",378676,2026-05-05 19:09:26,28.7566719055176,-17.4541778564453,"Unknown"
"5020554",378676,2026-05-05 19:20:50,28.7778511047363,-17.5350589752197,"Unknown"
"5020554",378676,2026-05-05 19:29:28,28.7904396057129,-17.5989456176758,"Unknown"
"5020554",378676,2026-05-05 19:39:28,28.8057689666748,-17.6741180419922,"Unknown"
"5020554",378676,2026-05-05 19:49:29,28.8054904937744,-17.7004585266113,"Unknown"
"5020554",378676,2026-05-05 19:59:30,28.8014240264893,-17.7180290222168,"Unknown"
"5020554",378676,2026-05-05 20:19:57,28.7828350067139,-17.7377891540527,"Unknown"
"5020554",378676,2026-05-05 20:20:25,28.7828559875488,-17.7378559112549,"Unknown"
"5020554",378676,2026-05-05 20:21:25,28.7828598022461,-17.7379665374756,"Unknown"
"5020554",378676,2026-05-05 20:22:25,28.7828979492188,-17.7381000518799,"Unknown"
"5020554",378676,2026-05-05 20:23:25,28.7829074859619,-17.7381381988525,"Unknown"
"5020554",378676,2026-05-05 20:24:26,28.7829246520996,-17.7381839752197,"Unknown"
"5020554",378676,2026-05-05 20:25:26,28.7829265594482,-17.7382526397705,"Unknown"
"5020554",378676,2026-05-05 20:26:25,28.782901763916,-17.7382984161377,"Unknown"
"5020554",378676,2026-05-05 20:27:25,28.782922744751,-17.7383670806885,"Unknown"
"5020554",378676,2026-05-05 20:28:25,28.7829170227051,-17.7384357452393,"Unknown"
"5020554",378676,2026-05-05 20:29:25,28.780689239502,-17.7405834197998,"Unknown"
"5020554",378676,2026-05-05 20:30:27,28.7827224731445,-17.738899230957,"Unknown"
"5020554",378676,2026-05-05 20:31:26,28.7827949523926,-17.7389049530029,"Unknown"
"5020554",378676,2026-05-05 20:32:26,28.7828235626221,-17.7390213012695,"Unknown"
"5020554",378676,2026-05-05 20:33:26,28.7828807830811,-17.7391147613525,"Unknown"
"5020554",378676,2026-05-05 20:34:26,28.7829399108887,-17.7392158508301,"Unknown"
"5020554",378676,2026-05-05 20:35:25,28.7830467224121,-17.7392997741699,"Unknown"
"5020554",378676,2026-05-05 20:36:25,28.7830772399902,-17.7393951416016,"Unknown"
"5020554",378676,2026-05-05 20:37:27,28.783145904541,-17.73952293396,"Unknown"
"5020554",378676,2026-05-05 20:38:25,28.7831802368164,-17.7396144866943,"Unknown"
"5020554",378676,2026-05-05 20:39:25,28.7837791442871,-17.7404651641846,"Unknown"
"5020554",378676,2026-05-05 20:40:25,28.7837619781494,-17.7437076568604,"Unknown"
"5020554",378676,2026-05-05 20:41:26,28.7861976623535,-17.7439422607422,"Unknown"
"5020554",378676,2026-05-05 20:42:27,28.7876300811768,-17.7471237182617,"Unknown"
"5020554",378676,2026-05-05 20:43:26,28.7845497131348,-17.7488384246826,"Unknown"
"5020554",378676,2026-05-05 20:44:25,28.7845573425293,-17.7467422485352,"Unknown"
"5020554",378676,2026-05-05 20:45:25,28.7878170013428,-17.749095916748,"Unknown"
"5020554",378676,2026-05-05 20:46:25,28.7904243469238,-17.7466583251953,"Unknown"
"5020554",378676,2026-05-05 20:47:25,28.7938804626465,-17.7504940032959,"Unknown"
"5020554",378676,2026-05-05 20:48:26,28.7925510406494,-17.7524013519287,"Unknown"
"5020554",378676,2026-05-05 20:49:25,28.7908306121826,-17.7527866363525,"Unknown"
"5020554",378676,2026-05-05 20:50:30,28.7907161712646,-17.7573757171631,"Unknown"
"5020554",378676,2026-05-05 20:51:28,28.7923583984375,-17.7567119598389,"Unknown"
"5020554",378676,2026-05-05 20:52:27,28.7948608398438,-17.7576694488525,"Unknown"
"5020554",378676,2026-05-05 20:53:38,28.7941646575928,-17.7591438293457,"Unknown"
"5020554",378676,2026-05-05 20:54:35,28.7946701049805,-17.7647590637207,"Unknown"
"5020554",378676,2026-05-05 20:55:26,28.793758392334,-17.7723178863525,"Unknown"
"5020554",378676,2026-05-05 20:56:27,28.7905864715576,-17.7808513641357,"Unknown"
"5020554",378676,2026-05-05 20:57:26,28.7925510406494,-17.7829093933105,"Unknown"
"5020554",378676,2026-05-05 20:58:27,28.7955856323242,-17.7877311706543,"Unknown"
"5020554",378676,2026-05-05 20:59:26,28.7979793548584,-17.7907085418701,"Unknown"
"5020554",378676,2026-05-05 21:00:26,28.7931175231934,-17.7915267944336,"Unknown"
"5020554",378676,2026-05-05 21:01:26,28.7942085266113,-17.7957134246826,"Unknown"
"5020554",378676,2026-05-05 21:02:25,28.7912902832031,-17.7944507598877,"Unknown"
"5020554",378676,2026-05-05 21:03:26,28.7922821044922,-17.7952938079834,"Unknown"
"5020554",378676,2026-05-05 21:04:27,28.7882766723633,-17.7989521026611,"Unknown"
"5020554",378676,2026-05-05 21:05:28,28.7884845733643,-17.8002948760986,"Unknown"
"5020554",378676,2026-05-05 21:06:27,28.7846927642822,-17.8048686981201,"Unknown"
"5020554",378676,2026-05-05 21:07:30,28.7831764221191,-17.8040180206299,"Unknown"
"5020554",378676,2026-05-05 21:08:25,28.783332824707,-17.8028888702393,"Unknown"
"5020554",378676,2026-05-05 21:09:28,28.7811412811279,-17.8073558807373,"Unknown"
"5020554",378676,2026-05-05 21:10:26,28.7815437316895,-17.8066921234131,"Unknown"
"5020554",378676,2026-05-05 21:11:26,28.7813625335693,-17.8060417175293,"Unknown"
"5020554",378676,2026-05-05 21:12:26,28.7821350097656,-17.8084869384766,"Unknown"
"5020554",378676,2026-05-05 21:13:27,28.7819747924805,-17.8070106506348,"Unknown"
"5020554",378676,2026-05-05 21:14:26,28.7854175567627,-17.8076229095459,"Unknown"
"5020554",378676,2026-05-05 21:15:26,28.7851943969727,-17.8095626831055,"Unknown"
"5020554",378676,2026-05-05 21:16:28,28.7796115875244,-17.8111095428467,"Unknown"
"5020554",378676,2026-05-05 21:17:27,28.7792797088623,-17.8134727478027,"Unknown"
"5020554",378676,2026-05-05 21:18:26,28.7797546386719,-17.812406539917,"Unknown"
"5020554",378676,2026-05-05 21:19:27,28.7797145843506,-17.8106117248535,"Unknown"
"5020554",378676,2026-05-05 21:20:26,28.7802925109863,-17.8115139007568,"Unknown"
"5020554",378676,2026-05-05 21:21:26,28.7836303710938,-17.8089237213135,"Unknown"
"5020554",378676,2026-05-05 21:22:26,28.7810955047607,-17.8105792999268,"Unknown"
"5020554",378676,2026-05-05 21:23:29,28.7797088623047,-17.8102722167969,"Unknown"
"5020554",378676,2026-05-05 21:24:26,28.7801265716553,-17.8106460571289,"Unknown"
"5020554",378676,2026-05-05 21:25:33,28.7833003997803,-17.811731338501,"Unknown"
"5020554",378676,2026-05-05 21:27:50,28.7801742553711,-17.8113403320312,"Unknown"
"5020554",378676,2026-05-05 21:29:20,28.7802085876465,-17.8113384246826,"Unknown"
"5020554",378676,2026-05-05 21:29:28,28.7802295684814,-17.8113384246826,"Unknown"
"5020554",378676,2026-05-05 21:30:46,28.7810001373291,-17.8112716674805,"Unknown"
"5020554",378676,2026-05-05 21:31:33,28.7801322937012,-17.8113536834717,"Unknown"
"5020554",378676,2026-05-05 21:32:37,28.7801303863525,-17.8113746643066,"Unknown"
"5020554",378676,2026-05-05 21:33:33,28.7799510955811,-17.8113555908203,"Unknown"
"5020554",378676,2026-05-05 21:40:49,28.7801761627197,-17.8113269805908,"Unknown"
"5020554",378676,2026-05-05 21:50:49,28.779691696167,-17.811653137207,"Unknown"
"5020554",378676,2026-05-05 21:52:03,28.78005027771,-17.8113803863525,"Unknown"
"5020554",378676,2026-05-05 22:01:00,28.7800617218018,-17.8113632202148,"Unknown"
"5020554",378676,2026-05-05 22:02:01,28.7801265716553,-17.8113918304443,"Unknown"
"5020554",378676,2026-05-05 22:04:13,28.7800731658936,-17.8113765716553,"Unknown"
"5020554",378676,2026-05-05 22:13:57,28.7800712585449,-17.8113346099854,"Unknown"
"5020554",378676,2026-05-05 22:23:16,28.7801094055176,-17.8113746643066,"Unknown"
"5020554",378676,2026-05-05 22:34:19,28.7800464630127,-17.8113460540771,"Unknown"
"5020554",378676,2026-05-05 22:44:19,28.7799682617188,-17.8113842010498,"Unknown"
"5020554",378676,2026-05-05 22:54:19,28.7800903320312,-17.811393737793,"Unknown"
"5020554",378676,2026-05-05 23:04:19,28.7801113128662,-17.8113403320312,"Unknown"
"5020554",378676,2026-05-05 23:14:19,28.7799987792969,-17.8113594055176,"Unknown"
"5020554",378676,2026-05-05 23:23:47,28.7799739837646,-17.8113651275635,"Unknown"
"5020554",378676,2026-05-05 23:34:19,28.7800941467285,-17.8113269805908,"Unknown"
"5020554",378676,2026-05-05 23:44:19,28.7798538208008,-17.8111724853516,"Unknown"
"5020554",378676,2026-05-05 23:54:19,28.7801570892334,-17.8112506866455,"Unknown"
"5020554",378676,2026-05-06 00:04:19,28.7802772521973,-17.8113231658936,"Unknown"
"5020554",378676,2026-05-06 00:14:19,28.780294418335,-17.8113555908203,"Unknown"
"5020554",378676,2026-05-06 00:24:02,28.7803249359131,-17.8113021850586,"Unknown"
"5020554",378676,2026-05-06 00:34:19,28.7803535461426,-17.8113193511963,"Unknown"
"5020554",378676,2026-05-06 00:42:59,28.7831211090088,-17.8073291778564,"Unknown"
"5020554",378676,2026-05-06 00:52:54,28.7864151000977,-17.7429466247559,"Unknown"
"5020554",378676,2026-05-06 01:02:58,28.7776489257812,-17.7400569915771,"Unknown"
"5020554",378676,2026-05-06 01:12:55,28.7840843200684,-17.7400646209717,"Unknown"
"5020554",378676,2026-05-06 01:22:54,28.7860507965088,-17.7407245635986,"Unknown"
"5020554",378676,2026-05-06 01:32:54,28.7882804870605,-17.7415809631348,"Unknown"
"5020554",378676,2026-05-06 01:42:56,28.7905750274658,-17.7423133850098,"Unknown"
"5020554",378676,2026-05-06 01:52:56,28.7927150726318,-17.7429656982422,"Unknown"
"5020554",378676,2026-05-06 02:02:56,28.79465675354,-17.7435111999512,"Unknown"
"5020554",378676,2026-05-06 02:12:56,28.7965831756592,-17.7440090179443,"Unknown"
"5020554",378676,2026-05-06 02:22:55,28.798318862915,-17.7443180084229,"Unknown"
"5020554",378676,2026-05-06 02:32:54,28.7998123168945,-17.744987487793,"Unknown"
"5020554",378676,2026-05-06 02:42:56,28.8013973236084,-17.7454147338867,"Unknown"
"5020554",378676,2026-05-06 02:52:57,28.803014755249,-17.7457084655762,"Unknown"
"5020554",378676,2026-05-06 03:03:17,28.8045139312744,-17.7457580566406,"Unknown"
"5020554",378676,2026-05-06 03:12:56,28.8060607910156,-17.746021270752,"Unknown"
"5020554",378676,2026-05-06 03:22:56,28.8077831268311,-17.7461490631104,"Unknown"
"5020554",378676,2026-05-06 03:32:56,28.8088703155518,-17.7459526062012,"Unknown"
"5020554",378676,2026-05-06 03:42:54,28.8097591400146,-17.7456073760986,"Unknown"
"5020554",378676,2026-05-06 03:52:56,28.8106155395508,-17.7451992034912,"Unknown"
"5020554",378676,2026-05-06 04:02:57,28.8114337921143,-17.744649887085,"Unknown"
"5020554",378676,2026-05-06 04:12:56,28.8119697570801,-17.7444839477539,"Unknown"
"5020554",378676,2026-05-06 04:23:27,28.812816619873,-17.7444972991943,"Unknown"
"5020554",378676,2026-05-06 04:32:55,28.8137760162354,-17.7443656921387,"Unknown"
"5020554",378676,2026-05-06 04:42:54,28.8142242431641,-17.7440948486328,"Unknown"
"5020554",378676,2026-05-06 04:52:54,28.814661026001,-17.7438526153564,"Unknown"
"5020554",378676,2026-05-06 05:02:54,28.8147583007812,-17.7437973022461,"Unknown"
"5020554",378676,2026-05-06 05:12:56,28.8148975372314,-17.7438297271729,"Unknown"
"5020554",378676,2026-05-06 05:22:55,28.7984848022461,-17.7427597045898,"Unknown"
"5020554",378676,2026-05-06 05:32:55,28.7943744659424,-17.7404098510742,"Unknown"
"5020554",378676,2026-05-06 05:42:56,28.795316696167,-17.7399387359619,"Unknown"
"5020554",378676,2026-05-06 05:52:56,28.7913341522217,-17.7366676330566,"Unknown"
"5020554",378676,2026-05-06 06:02:57,28.7921943664551,-17.7352848052979,"Unknown"
"5020554",378676,2026-05-06 06:12:57,28.7773284912109,-17.7360191345215,"Unknown"
"5020554",378676,2026-05-06 06:22:56,28.777925491333,-17.7349872589111,"Unknown"
"5020554",378676,2026-05-06 06:32:58,28.7786712646484,-17.7343006134033,"Unknown"
"5020554",378676,2026-05-06 06:42:57,28.7744770050049,-17.7298011779785,"Unknown"
"5020554",378676,2026-05-06 06:52:57,28.7758884429932,-17.728816986084,"Unknown"
"5020554",378676,2026-05-06 07:03:17,28.7800693511963,-17.731424331665,"Unknown"
"5020554",378676,2026-05-06 07:12:56,28.7804698944092,-17.7309246063232,"Unknown"
"5020554",378676,2026-05-06 07:22:56,28.7811527252197,-17.7304039001465,"Unknown"
"5020554",378676,2026-05-06 07:33:02,28.781623840332,-17.7296600341797,"Unknown"
"5020554",378676,2026-05-06 07:42:58,28.7823467254639,-17.7290725708008,"Unknown"
"5020554",378676,2026-05-06 07:53:27,28.7892875671387,-17.7348022460938,"Unknown"
"5020554",378676,2026-05-06 08:02:54,28.7896957397461,-17.7273731231689,"Unknown"
"5020554",378676,2026-05-06 08:12:56,28.7764072418213,-17.7128849029541,"Unknown"
"5020554",378676,2026-05-06 08:22:55,28.7679004669189,-17.708703994751,"Unknown"
"5020554",378676,2026-05-06 08:32:56,28.773983001709,-17.7051620483398,"Unknown"
"5020554",378676,2026-05-06 08:42:57,28.7753028869629,-17.7049865722656,"Unknown"
"5020554",378676,2026-05-06 08:52:57,28.7781562805176,-17.703685760498,"Unknown"
"5020554",378676,2026-05-06 09:02:57,28.7786045074463,-17.7043190002441,"Unknown"
"5020554",378676,2026-05-06 09:12:57,28.7787971496582,-17.7048740386963,"Unknown"
"5020554",378676,2026-05-06 09:22:57,28.778694152832,-17.7049121856689,"Unknown"
"5020554",378676,2026-05-06 09:32:58,28.7778644561768,-17.7052707672119,"Unknown"
"5020554",378676,2026-05-06 09:42:56,28.7770805358887,-17.7055130004883,"Unknown"
"5020554",378676,2026-05-06 09:52:59,28.7767391204834,-17.705846786499,"Unknown"
"5020554",378676,2026-05-06 10:03:27,28.7760925292969,-17.7063484191895,"Unknown"
"5020554",378676,2026-05-06 10:12:54,28.7754878997803,-17.7068977355957,"Unknown"
"5020554",378676,2026-05-06 10:22:56,28.7750511169434,-17.7076950073242,"Unknown"
"5020554",378676,2026-05-06 10:32:54,28.7749900817871,-17.7085571289062,"Unknown"
"5020554",378676,2026-05-06 10:42:54,28.7748641967773,-17.7093105316162,"Unknown"
"5020554",378676,2026-05-06 10:52:55,28.7746047973633,-17.709789276123,"Unknown"
"5020554",378676,2026-05-06 11:02:54,28.7744274139404,-17.7099380493164,"Unknown"
"5020554",378676,2026-05-06 11:12:56,28.7744731903076,-17.710132598877,"Unknown"
"5020554",378676,2026-05-06 11:22:56,28.7744808197021,-17.7103328704834,"Unknown"
"5020554",378676,2026-05-06 11:32:56,28.7746353149414,-17.710542678833,"Unknown"
"5020554",378676,2026-05-06 11:42:56,28.7703838348389,-17.7126655578613,"Unknown"
"5020554",378676,2026-05-06 11:52:54,28.7709636688232,-17.7130241394043,"Unknown"
"5020554",378676,2026-05-06 12:02:56,28.7707195281982,-17.7151508331299,"Unknown"
"5020554",378676,2026-05-06 12:12:57,28.7711734771729,-17.7156162261963,"Unknown"
"5020554",378676,2026-05-06 12:22:56,28.7710075378418,-17.7161464691162,"Unknown"
"5020554",378676,2026-05-06 12:32:54,28.7725315093994,-17.7215633392334,"Unknown"
"5020554",378676,2026-05-06 12:33:58,28.7726459503174,-17.7215232849121,"Unknown"
"5020554",378676,2026-05-06 12:34:58,28.7726383209229,-17.7215404510498,"Unknown"
"5020554",378676,2026-05-06 12:35:56,28.7726821899414,-17.7215595245361,"Unknown"
"5020554",378676,2026-05-06 12:36:56,28.7727603912354,-17.7215595245361,"Unknown"
"5020554",378676,2026-05-06 12:37:57,28.772834777832,-17.7215785980225,"Unknown"
"5020554",378676,2026-05-06 12:38:56,28.7728786468506,-17.7216091156006,"Unknown"
"5020554",378676,2026-05-06 12:39:56,28.7729644775391,-17.7216148376465,"Unknown"
"5020554",378676,2026-05-06 12:40:56,28.7730579376221,-17.7216129302979,"Unknown"
"5020554",378676,2026-05-06 12:41:56,28.7731151580811,-17.7216243743896,"Unknown"
"5020554",378676,2026-05-06 12:42:57,28.7731952667236,-17.7216396331787,"Unknown"
"5020554",378676,2026-05-06 12:43:56,28.7732696533203,-17.721658706665,"Unknown"
"5020554",378676,2026-05-06 12:44:55,28.7733612060547,-17.7216625213623,"Unknown"
"5020554",378676,2026-05-06 12:45:56,28.7734565734863,-17.7216701507568,"Unknown"
"5020554",378676,2026-05-06 12:46:57,28.7735481262207,-17.7216854095459,"Unknown"
"5020554",378676,2026-05-06 12:47:56,28.7736320495605,-17.7216892242432,"Unknown"
"5020554",378676,2026-05-06 12:48:56,28.7737083435059,-17.7217273712158,"Unknown"
"5020554",378676,2026-05-06 12:49:56,28.7737808227539,-17.7217407226562,"Unknown"
"5020554",378676,2026-05-06 12:50:56,28.7738780975342,-17.7217483520508,"Unknown"
"5020554",378676,2026-05-06 12:51:57,28.7739486694336,-17.7217769622803,"Unknown"
"5020554",378676,2026-05-06 12:52:56,28.774040222168,-17.7217864990234,"Unknown"
"5020554",378676,2026-05-06 12:53:56,28.7754287719727,-17.7219161987305,"Unknown"
"5020554",378676,2026-05-06 12:54:57,28.7752342224121,-17.7208957672119,"Unknown"
"5020554",378676,2026-05-06 12:55:56,28.7753276824951,-17.720947265625,"Unknown"
"5020554",378676,2026-05-06 12:56:57,28.7754344940186,-17.7210025787354,"Unknown"
"5020554",378676,2026-05-06 12:57:59,28.7755432128906,-17.7210731506348,"Unknown"
"5020554",378676,2026-05-06 12:58:56,28.7756175994873,-17.721118927002,"Unknown"
"5020554",378676,2026-05-06 12:59:56,28.7756881713867,-17.7212162017822,"Unknown"
"5020554",378676,2026-05-06 13:01:17,28.775764465332,-17.7212467193604,"Unknown"
"5020554",378676,2026-05-06 13:01:56,28.7758293151855,-17.721284866333,"Unknown"
"5020554",378676,2026-05-06 13:02:56,28.7758750915527,-17.7213191986084,"Unknown"
"5020554",378676,2026-05-06 13:03:57,28.7759590148926,-17.7213935852051,"Unknown"
"5020554",378676,2026-05-06 13:04:57,28.7760562896729,-17.7214469909668,"Unknown"
"5020554",378676,2026-05-06 13:05:54,28.7761363983154,-17.721508026123,"Unknown"
"5020554",378676,2026-05-06 13:06:57,28.7762317657471,-17.7215785980225,"Unknown"
"5020554",378676,2026-05-06 13:07:55,28.7763004302979,-17.721622467041,"Unknown"
"5020554",378676,2026-05-06 13:08:55,28.7763843536377,-17.7216873168945,"Unknown"
"5020554",378676,2026-05-06 13:09:54,28.7764549255371,-17.7217311859131,"Unknown"
"5020554",378676,2026-05-06 13:10:57,28.7765769958496,-17.7217979431152,"Unknown"
"5020554",378676,2026-05-06 13:11:56,28.77663230896,-17.7218437194824,"Unknown"
"5020554",378676,2026-05-06 13:12:56,28.7767086029053,-17.7218990325928,"Unknown"
"5020554",378676,2026-05-06 13:13:56,28.7767734527588,-17.721923828125,"Unknown"
"5020554",378676,2026-05-06 13:14:57,28.7768325805664,-17.721981048584,"Unknown"
"5020554",378676,2026-05-06 13:15:59,28.776927947998,-17.7220096588135,"Unknown"
"5020554",378676,2026-05-06 13:16:56,28.7770175933838,-17.7220764160156,"Unknown"
"5020554",378676,2026-05-06 13:17:56,28.7770824432373,-17.7221221923828,"Unknown"
"5020554",378676,2026-05-06 13:18:56,28.7772102355957,-17.7221374511719,"Unknown"
"5020554",378676,2026-05-06 13:19:56,28.7784004211426,-17.7212791442871,"Unknown"
"5020554",378676,2026-05-06 13:20:56,28.778470993042,-17.7213401794434,"Unknown"
"5020554",378676,2026-05-06 13:21:56,28.7785243988037,-17.721363067627,"Unknown"
"5020554",378676,2026-05-06 13:22:54,28.7785797119141,-17.7213821411133,"Unknown"
"5020554",378676,2026-05-06 13:23:56,28.7786426544189,-17.7214622497559,"Unknown"
"5020554",378676,2026-05-06 13:24:54,28.7786293029785,-17.7214756011963,"Unknown"
"5020554",378676,2026-05-06 13:25:56,28.7786388397217,-17.7215347290039,"Unknown"
"5020554",378676,2026-05-06 13:26:56,28.7786960601807,-17.721549987793,"Unknown"
"5020554",378676,2026-05-06 13:27:56,28.778678894043,-17.7215614318848,"Unknown"
"5020554",378676,2026-05-06 13:28:56,28.7786655426025,-17.7215976715088,"Unknown"
"5020554",378676,2026-05-06 13:29:56,28.7786636352539,-17.7216854095459,"Unknown"
"5020554",378676,2026-05-06 13:30:55,28.7787208557129,-17.7217063903809,"Unknown"
"5020554",378676,2026-05-06 13:31:55,28.7787170410156,-17.7217178344727,"Unknown"
"5020554",378676,2026-05-06 13:32:54,28.7786998748779,-17.7216854095459,"Unknown"
"5020554",378676,2026-05-06 13:33:54,28.778657913208,-17.7216682434082,"Unknown"
"5020554",378676,2026-05-06 13:34:54,28.7791481018066,-17.721981048584,"Unknown"
"5020554",378676,2026-05-06 13:35:56,28.7791118621826,-17.7220230102539,"Unknown"
"5020554",378676,2026-05-06 13:36:56,28.779125213623,-17.7220497131348,"Unknown"
"5020554",378676,2026-05-06 13:37:54,28.7791442871094,-17.7220859527588,"Unknown"
"5020554",378676,2026-05-06 13:38:57,28.7791442871094,-17.7221240997314,"Unknown"
"5020554",378676,2026-05-06 13:39:56,28.7791576385498,-17.7221412658691,"Unknown"
"5020554",378676,2026-05-06 13:40:56,28.7791938781738,-17.7222156524658,"Unknown"
"5020554",378676,2026-05-06 13:41:54,28.7792472839355,-17.7222938537598,"Unknown"
"5020554",378676,2026-05-06 13:42:56,28.7792911529541,-17.7223796844482,"Unknown"
"5020554",378676,2026-05-06 13:43:54,28.7793140411377,-17.7224769592285,"Unknown"
"5020554",378676,2026-05-06 13:44:56,28.7793350219727,-17.7225646972656,"Unknown"
"5020554",378676,2026-05-06 13:45:56,28.7793788909912,-17.7226142883301,"Unknown"
"5020554",378676,2026-05-06 13:46:56,28.7794151306152,-17.7225894927979,"Unknown"
"5020554",378676,2026-05-06 13:47:54,28.7794742584229,-17.7225704193115,"Unknown"
"5020554",378676,2026-05-06 13:48:54,28.7795238494873,-17.7226085662842,"Unknown"
"5020554",378676,2026-05-06 13:49:54,28.7795600891113,-17.7227535247803,"Unknown"
"5020554",378676,2026-05-06 13:50:56,28.7795925140381,-17.7230281829834,"Unknown"
"5020554",378676,2026-05-06 13:51:54,28.7796649932861,-17.7231178283691,"Unknown"
"5020554",378676,2026-05-06 13:52:56,28.7796649932861,-17.7231769561768,"Unknown"
"5020554",378676,2026-05-06 13:53:56,28.7796840667725,-17.7232360839844,"Unknown"
"5020554",378676,2026-05-06 13:54:55,28.7797412872314,-17.7233180999756,"Unknown"
"5020554",378676,2026-05-06 13:55:54,28.7797985076904,-17.7233924865723,"Unknown"
"5020554",378676,2026-05-06 13:56:55,28.7798519134521,-17.7234859466553,"Unknown"
"5020554",378676,2026-05-06 13:57:56,28.7799091339111,-17.7235984802246,"Unknown"
"5020554",378676,2026-05-06 13:58:56,28.779956817627,-17.7237014770508,"Unknown"
"5020554",378676,2026-05-06 14:00:17,28.7800312042236,-17.7238864898682,"Unknown"
"5020554",378676,2026-05-06 14:00:56,28.7800769805908,-17.7239933013916,"Unknown"
"5020554",378676,2026-05-06 14:01:57,28.7801742553711,-17.7241191864014,"Unknown"
"5020554",378676,2026-05-06 14:02:56,28.7802581787109,-17.724235534668,"Unknown"
"5020554",378676,2026-05-06 14:03:54,28.7803421020508,-17.7243480682373,"Unknown"
"5020554",378676,2026-05-06 14:04:56,28.7804164886475,-17.7245273590088,"Unknown"
"5020554",378676,2026-05-06 14:05:55,28.78049659729,-17.7246627807617,"Unknown"
"5020554",378676,2026-05-06 14:06:54,28.7805728912354,-17.724817276001,"Unknown"
"5020554",378676,2026-05-06 14:07:56,28.7806644439697,-17.7249488830566,"Unknown"
"5020554",378676,2026-05-06 14:08:56,28.7807445526123,-17.7250995635986,"Unknown"
"5020554",378676,2026-05-06 14:09:56,28.780834197998,-17.7252407073975,"Unknown"
"5020554",378676,2026-05-06 14:10:59,28.7809276580811,-17.7253704071045,"Unknown"
"5020554",378676,2026-05-06 14:11:56,28.7810020446777,-17.7255229949951,"Unknown"
"5020554",378676,2026-05-06 14:12:56,28.7810802459717,-17.7256412506104,"Unknown"
"5020554",378676,2026-05-06 14:13:56,28.7811813354492,-17.7257461547852,"Unknown"
"5020554",378676,2026-05-06 14:14:57,28.7812595367432,-17.7258644104004,"Unknown"
"5020554",378676,2026-05-06 14:15:56,28.7813625335693,-17.725959777832,"Unknown"
"5020554",378676,2026-05-06 14:16:55,28.7814750671387,-17.7260608673096,"Unknown"
"5020554",378676,2026-05-06 14:17:56,28.781566619873,-17.7261981964111,"Unknown"
"5020554",378676,2026-05-06 14:18:58,28.781665802002,-17.7263202667236,"Unknown"
"5020554",378676,2026-05-06 14:20:02,28.7818222045898,-17.7264614105225,"Unknown"
"5020554",378676,2026-05-06 14:20:56,28.7819442749023,-17.7265567779541,"Unknown"
"5020554",378676,2026-05-06 14:21:55,28.7820644378662,-17.7267036437988,"Unknown"
"5020554",378676,2026-05-06 14:22:56,28.7822074890137,-17.7268295288086,"Unknown"
"5020554",378676,2026-05-06 14:24:01,28.7823333740234,-17.7269744873047,"Unknown"
"5020554",378676,2026-05-06 14:24:56,28.7824592590332,-17.7270793914795,"Unknown"
"5020554",378676,2026-05-06 14:25:56,28.7825870513916,-17.7272186279297,"Unknown"
"5020554",378676,2026-05-06 14:26:57,28.7827415466309,-17.7273635864258,"Unknown"
"5020554",378676,2026-05-06 14:28:00,28.7828464508057,-17.7274570465088,"Unknown"
"5020554",378676,2026-05-06 14:28:57,28.7829627990723,-17.7275447845459,"Unknown"
"5020554",378676,2026-05-06 14:29:56,28.7830619812012,-17.7276439666748,"Unknown"
"5020554",378676,2026-05-06 14:30:56,28.7831268310547,-17.727819442749,"Unknown"
"5020554",378676,2026-05-06 14:31:56,28.7836990356445,-17.7294883728027,"Unknown"
"5020554",378676,2026-05-06 14:32:56,28.7848148345947,-17.7315673828125,"Unknown"
"5020554",378676,2026-05-06 14:33:57,28.7849197387695,-17.7316112518311,"Unknown"
"5020554",378676,2026-05-06 14:34:56,28.7849540710449,-17.73166847229,"Unknown"
"5020554",378676,2026-05-06 14:35:56,28.7850723266602,-17.7317199707031,"Unknown"
"5020554",378676,2026-05-06 14:36:58,28.7851409912109,-17.7317638397217,"Unknown"
"5020554",378676,2026-05-06 14:37:56,28.7852001190186,-17.7317867279053,"Unknown"
"5020554",378676,2026-05-06 14:38:58,28.7853088378906,-17.7318496704102,"Unknown"
"5020554",378676,2026-05-06 14:39:58,28.7854175567627,-17.7318382263184,"Unknown"
"5020554",378676,2026-05-06 14:41:04,28.7854671478271,-17.7318534851074,"Unknown"
"5020554",378676,2026-05-06 14:42:27,28.7856006622314,-17.7318859100342,"Unknown"
"5020554",378676,2026-05-06 14:42:54,28.7856502532959,-17.7319011688232,"Unknown"
"5020554",378676,2026-05-06 14:43:54,28.785737991333,-17.7319316864014,"Unknown"
"5020554",378676,2026-05-06 14:44:54,28.7858295440674,-17.7319507598877,"Unknown"
"5020554",378676,2026-05-06 14:45:54,28.7858982086182,-17.7319927215576,"Unknown"
"5020554",378676,2026-05-06 14:46:54,28.785982131958,-17.732006072998,"Unknown"
"5020554",378676,2026-05-06 14:47:54,28.7860660552979,-17.7320537567139,"Unknown"
"5020554",378676,2026-05-06 14:48:54,28.7861270904541,-17.7321014404297,"Unknown"
"5020554",378676,2026-05-06 14:49:54,28.7862243652344,-17.7321586608887,"Unknown"
"5020554",378676,2026-05-06 14:50:55,28.7863101959229,-17.7322044372559,"Unknown"
"5020554",378676,2026-05-06 14:51:54,28.78639793396,-17.7322654724121,"Unknown"
"5020554",378676,2026-05-06 14:52:54,28.7864818572998,-17.7323341369629,"Unknown"
"5020554",378676,2026-05-06 14:53:54,28.7865734100342,-17.7323951721191,"Unknown"
"5020554",378676,2026-05-06 14:54:54,28.7866535186768,-17.7324771881104,"Unknown"
"5020554",378676,2026-05-06 14:55:54,28.7867317199707,-17.7325325012207,"Unknown"
"5020554",378676,2026-05-06 14:56:54,28.7868137359619,-17.7326068878174,"Unknown"
"5020554",378676,2026-05-06 14:57:54,28.78688621521,-17.7326812744141,"Unknown"
"5020554",378676,2026-05-06 14:58:54,28.7869720458984,-17.7327537536621,"Unknown"
"5020554",378676,2026-05-06 14:59:54,28.7870464324951,-17.7328262329102,"Unknown"
"5020554",378676,2026-05-06 15:00:54,28.787130355835,-17.7329216003418,"Unknown"
"5020554",378676,2026-05-06 15:01:54,28.7871952056885,-17.7329978942871,"Unknown"
"5020554",378676,2026-05-06 15:02:54,28.7873191833496,-17.7330532073975,"Unknown"
"5020554",378676,2026-05-06 15:03:54,28.7874011993408,-17.7331218719482,"Unknown"
"5020554",378676,2026-05-06 15:04:54,28.7874908447266,-17.7331771850586,"Unknown"
"5020554",378676,2026-05-06 15:05:54,28.7875862121582,-17.733226776123,"Unknown"
"5020554",378676,2026-05-06 15:06:54,28.7876777648926,-17.7332973480225,"Unknown"
"5020554",378676,2026-05-06 15:07:54,28.7878074645996,-17.7333316802979,"Unknown"
"5020554",378676,2026-05-06 15:08:55,28.787899017334,-17.7333927154541,"Unknown"
"5020554",378676,2026-05-06 15:09:55,28.7880058288574,-17.7334403991699,"Unknown"
"5020554",378676,2026-05-06 15:10:54,28.7880973815918,-17.7334880828857,"Unknown"
"5020554",378676,2026-05-06 15:11:54,28.7881984710693,-17.7335243225098,"Unknown"
"5020554",378676,2026-05-06 15:12:54,28.788272857666,-17.7335643768311,"Unknown"
"5020554",378676,2026-05-06 15:13:55,28.7883701324463,-17.7335929870605,"Unknown"
"5020554",378676,2026-05-06 15:14:54,28.7884387969971,-17.7336444854736,"Unknown"
"5020554",378676,2026-05-06 15:15:54,28.7885303497314,-17.7337017059326,"Unknown"
"5020554",378676,2026-05-06 15:16:54,28.7885913848877,-17.7337303161621,"Unknown"
"5020554",378676,2026-05-06 15:17:54,28.788688659668,-17.7337779998779,"Unknown"
"5020554",378676,2026-05-06 15:18:54,28.788745880127,-17.7337875366211,"Unknown"
"5020554",378676,2026-05-06 15:19:54,28.7888412475586,-17.7338066101074,"Unknown"
"5020554",378676,2026-05-06 15:20:55,28.7889022827148,-17.7338600158691,"Unknown"
"5020554",378676,2026-05-06 15:21:55,28.7889804840088,-17.733943939209,"Unknown"
"5020554",378676,2026-05-06 15:22:56,28.7890815734863,-17.7339725494385,"Unknown"
"5020554",378676,2026-05-06 15:23:56,28.7891330718994,-17.7340087890625,"Unknown"
"5020554",378676,2026-05-06 15:24:55,28.7892208099365,-17.7340259552002,"Unknown"
"5020554",378676,2026-05-06 15:25:55,28.7892665863037,-17.7340545654297,"Unknown"
"5020554",378676,2026-05-06 15:26:55,28.7893409729004,-17.7340698242188,"Unknown"
"5020554",378676,2026-05-06 15:27:55,28.7893962860107,-17.7340774536133,"Unknown"
"5020554",378676,2026-05-06 15:28:56,28.7894744873047,-17.734094619751,"Unknown"
"5020554",378676,2026-05-06 15:29:55,28.7895164489746,-17.7341251373291,"Unknown"
"5020554",378676,2026-05-06 15:30:56,28.7895679473877,-17.7341747283936,"Unknown"
"5020554",378676,2026-05-06 15:31:56,28.7896499633789,-17.7341632843018,"Unknown"
"5020554",378676,2026-05-06 15:32:56,28.789701461792,-17.7342090606689,"Unknown"
"5020554",378676,2026-05-06 15:33:56,28.7897682189941,-17.7342052459717,"Unknown"
"5020554",378676,2026-05-06 15:34:56,28.7898235321045,-17.7342529296875,"Unknown"
"5020554",378676,2026-05-06 15:35:56,28.7899303436279,-17.7342853546143,"Unknown"
"5020554",378676,2026-05-06 15:36:56,28.7899551391602,-17.734302520752,"Unknown"
"5020554",378676,2026-05-06 15:37:56,28.7900409698486,-17.7343215942383,"Unknown"
"5020554",378676,2026-05-06 15:38:56,28.7901268005371,-17.7343368530273,"Unknown"
"5020554",378676,2026-05-06 15:39:55,28.7901592254639,-17.734395980835,"Unknown"
"5020554",378676,2026-05-06 15:40:55,28.7902393341064,-17.7343444824219,"Unknown"
"5020554",378676,2026-05-06 15:41:57,28.7903251647949,-17.7344226837158,"Unknown"
"5020554",378676,2026-05-06 15:42:57,28.7903919219971,-17.7344017028809,"Unknown"
"5020554",378676,2026-05-06 15:43:57,28.7905025482178,-17.7344379425049,"Unknown"
"5020554",378676,2026-05-06 15:44:57,28.7904987335205,-17.7345123291016,"Unknown"
"5020554",378676,2026-05-06 15:45:57,28.7905254364014,-17.7345352172852,"Unknown"
"5020554",378676,2026-05-06 15:46:57,28.790454864502,-17.7345809936523,"Unknown"
"5020554",378676,2026-05-06 15:47:57,28.7904624938965,-17.7346458435059,"Unknown"
"5020554",378676,2026-05-06 15:48:56,28.790584564209,-17.7346897125244,"Unknown"
"5020554",378676,2026-05-06 15:49:56,28.7906494140625,-17.7347259521484,"Unknown"
"5020554",378676,2026-05-06 15:50:57,28.7907066345215,-17.7348022460938,"Unknown"
"5020554",378676,2026-05-06 15:51:57,28.7908248901367,-17.7348861694336,"Unknown"
"5020554",378676,2026-05-06 15:52:57,28.7908210754395,-17.734956741333,"Unknown"
"5020554",378676,2026-05-06 15:53:57,28.7908515930176,-17.7349891662598,"Unknown"
"5020554",378676,2026-05-06 15:54:57,28.7908611297607,-17.735013961792,"Unknown"
"5020554",378676,2026-05-06 15:55:56,28.7909259796143,-17.7350406646729,"Unknown"
"5020554",378676,2026-05-06 15:56:58,28.7909545898438,-17.7350635528564,"Unknown"
"5020554",378676,2026-05-06 15:57:56,28.7910499572754,-17.7350978851318,"Unknown"
"5020554",378676,2026-05-06 15:58:56,28.7911224365234,-17.7351322174072,"Unknown"
"5020554",378676,2026-05-06 15:59:55,28.7912063598633,-17.7351169586182,"Unknown"
"5020554",378676,2026-05-06 16:00:58,28.7912368774414,-17.7351703643799,"Unknown"
"5020554",378676,2026-05-06 16:01:55,28.7912845611572,-17.7352161407471,"Unknown"
"5020554",378676,2026-05-06 16:02:55,28.7913150787354,-17.7352542877197,"Unknown"
"5020554",378676,2026-05-06 16:03:56,28.7913494110107,-17.7352523803711,"Unknown"
"5020554",378676,2026-05-06 16:04:55,28.7914085388184,-17.7352600097656,"Unknown"
"5020554",378676,2026-05-06 16:05:56,28.7914581298828,-17.735315322876,"Unknown"
"5020554",378676,2026-05-06 16:06:56,28.7915115356445,-17.7352828979492,"Unknown"
"5020554",378676,2026-05-06 16:07:56,28.7915554046631,-17.7353210449219,"Unknown"
"5020554",378676,2026-05-06 16:08:55,28.791633605957,-17.7353420257568,"Unknown"
"5020554",378676,2026-05-06 16:09:57,28.7916603088379,-17.7353553771973,"Unknown"
"5020554",378676,2026-05-06 16:10:55,28.7917060852051,-17.7353572845459,"Unknown"
"5020554",378676,2026-05-06 16:11:56,28.7917747497559,-17.7353897094727,"Unknown"
"5020554",378676,2026-05-06 16:12:55,28.791820526123,-17.7354564666748,"Unknown"
"5020554",378676,2026-05-06 16:13:55,28.7918834686279,-17.7354621887207,"Unknown"
"5020554",378676,2026-05-06 16:14:57,28.7919330596924,-17.7354698181152,"Unknown"
"5020554",378676,2026-05-06 16:15:56,28.7919979095459,-17.7354946136475,"Unknown"
"5020554",378676,2026-05-06 16:16:56,28.7920513153076,-17.73561668396,"Unknown"
"5020554",378676,2026-05-06 16:17:56,28.7920913696289,-17.7356796264648,"Unknown"
"5020554",378676,2026-05-06 16:18:56,28.7921562194824,-17.735689163208,"Unknown"
"5020554",378676,2026-05-06 16:19:57,28.79221534729,-17.7357349395752,"Unknown"
"5020554",378676,2026-05-06 16:20:57,28.7922859191895,-17.7358283996582,"Unknown"
"5020554",378676,2026-05-06 16:21:57,28.7923316955566,-17.7358455657959,"Unknown"
"5020554",378676,2026-05-06 16:22:56,28.792366027832,-17.7359046936035,"Unknown"
"5020554",378676,2026-05-06 16:23:58,28.7924404144287,-17.7360172271729,"Unknown"
"5020554",378676,2026-05-06 16:24:58,28.7924652099609,-17.7360916137695,"Unknown"
"5020554",378676,2026-05-06 16:25:57,28.7924690246582,-17.7361831665039,"Unknown"
"5020554",378676,2026-05-06 16:26:57,28.7924785614014,-17.7362041473389,"Unknown"
"5020554",378676,2026-05-06 16:27:57,28.7925281524658,-17.7363166809082,"Unknown"
"5020554",378676,2026-05-06 16:28:57,28.7925434112549,-17.7363681793213,"Unknown"
"5020554",378676,2026-05-06 16:29:58,28.7925720214844,-17.7364673614502,"Unknown"
"5020554",378676,2026-05-06 16:30:57,28.7926464080811,-17.7365531921387,"Unknown"
"5020554",378676,2026-05-06 16:31:56,28.7930774688721,-17.7357368469238,"Unknown"
"5020554",378676,2026-05-06 16:32:59,28.7931327819824,-17.7357749938965,"Unknown"
"5020554",378676,2026-05-06 16:33:57,28.793212890625,-17.735803604126,"Unknown"
"5020554",378676,2026-05-06 16:34:57,28.793306350708,-17.7358894348145,"Unknown"
"5020554",378676,2026-05-06 16:35:57,28.7921657562256,-17.7334251403809,"Unknown"
"5020554",378676,2026-05-06 16:36:57,28.7931442260742,-17.7279930114746,"Unknown"
"5020554",378676,2026-05-06 16:37:57,28.7979507446289,-17.7271308898926,"Unknown"
"5020554",378676,2026-05-06 16:38:57,28.7948207855225,-17.7255859375,"Unknown"
"5020554",378676,2026-05-06 16:39:59,28.7930126190186,-17.7246990203857,"Unknown"
"5020554",378676,2026-05-06 16:40:59,28.7931594848633,-17.724796295166,"Unknown"
"5020554",378676,2026-05-06 16:41:58,28.7933712005615,-17.7249736785889,"Unknown"
"5020554",378676,2026-05-06 16:42:59,28.7934761047363,-17.7250480651855,"Unknown"
"5020554",378676,2026-05-06 16:43:59,28.7936248779297,-17.7251720428467,"Unknown"
"5020554",378676,2026-05-06 16:44:58,28.7937602996826,-17.7253456115723,"Unknown"
"5020554",378676,2026-05-06 16:45:58,28.7975101470947,-17.726375579834,"Unknown"
"5020554",378676,2026-05-06 16:46:57,28.8029727935791,-17.728385925293,"Unknown"
"5020554",378676,2026-05-06 16:47:57,28.8084373474121,-17.7296295166016,"Unknown"
"5020554",378676,2026-05-06 16:49:01,28.8145065307617,-17.7317562103271,"Unknown"
"5020554",378676,2026-05-06 16:49:58,28.8193988800049,-17.7321376800537,"Unknown"
"5020554",378676,2026-05-06 16:52:20,28.8334865570068,-17.7404346466064,"Unknown"
"5020554",378676,2026-05-06 16:53:50,28.8423328399658,-17.7425670623779,"Unknown"
"5020554",378676,2026-05-06 16:55:20,28.8454837799072,-17.7396278381348,"Unknown"
"5020554",378676,2026-05-06 16:56:50,28.8441429138184,-17.7376651763916,"Unknown"
"5020554",378676,2026-05-06 16:57:55,28.8436756134033,-17.7361850738525,"Unknown"
"5020554",378676,2026-05-06 16:57:56,28.8436717987061,-17.7361869812012,"Unknown"
"5020554",378676,2026-05-06 16:59:00,28.8440895080566,-17.7343044281006,"Unknown"
"5020554",378676,2026-05-06 17:00:01,28.8462429046631,-17.7318286895752,"Unknown"
"5020554",378676,2026-05-06 17:01:01,28.847261428833,-17.7306098937988,"Unknown"
"5020554",378676,2026-05-06 17:01:59,28.8459777832031,-17.7298812866211,"Unknown"
"5020554",378676,2026-05-06 17:03:00,28.8443965911865,-17.7287788391113,"Unknown"
"5020554",378676,2026-05-06 17:04:00,28.8431777954102,-17.7284832000732,"Unknown"
"5020554",378676,2026-05-06 17:05:01,28.8399677276611,-17.7291259765625,"Unknown"
"5020554",378676,2026-05-06 17:06:00,28.8364696502686,-17.7319087982178,"Unknown"
"5020554",378676,2026-05-06 17:07:02,28.8320980072021,-17.7358322143555,"Unknown"
"5020554",378676,2026-05-06 17:08:00,28.8296966552734,-17.7416000366211,"Unknown"
"5020554",378676,2026-05-06 17:09:00,28.8292274475098,-17.74462890625,"Unknown"
"5020554",378676,2026-05-06 17:10:01,28.8344554901123,-17.7490482330322,"Unknown"
"5020554",378676,2026-05-06 17:11:00,28.8369007110596,-17.7521057128906,"Unknown"
"5020554",378676,2026-05-06 17:12:01,28.8369121551514,-17.7522678375244,"Unknown"
"5020554",378676,2026-05-06 17:13:00,28.8369483947754,-17.7523937225342,"Unknown"
"5020554",378676,2026-05-06 17:13:59,28.8369827270508,-17.752513885498,"Unknown"
"5020554",378676,2026-05-06 17:15:00,28.8369808197021,-17.7526550292969,"Unknown"
"5020554",378676,2026-05-06 17:16:00,28.8370227813721,-17.7527828216553,"Unknown"
"5020554",378676,2026-05-06 17:17:17,28.8370170593262,-17.7528457641602,"Unknown"
"5020554",378676,2026-05-06 17:18:01,28.8370361328125,-17.7529125213623,"Unknown"
"5020554",378676,2026-05-06 17:19:01,28.8371200561523,-17.7529850006104,"Unknown"
"5020554",378676,2026-05-06 17:20:01,28.8370971679688,-17.7530879974365,"Unknown"
"5020554",378676,2026-05-06 17:21:01,28.8371276855469,-17.7531986236572,"Unknown"
"5020554",378676,2026-05-06 17:22:00,28.8371734619141,-17.7532444000244,"Unknown"
"5020554",378676,2026-05-06 17:23:01,28.8372287750244,-17.7533359527588,"Unknown"
"5020554",378676,2026-05-06 17:24:01,28.8372421264648,-17.7534484863281,"Unknown"
"5020554",378676,2026-05-06 17:25:01,28.8372459411621,-17.7535133361816,"Unknown"
"5020554",378676,2026-05-06 17:26:00,28.8372669219971,-17.753604888916,"Unknown"
"5020554",378676,2026-05-06 17:27:01,28.8373241424561,-17.7537212371826,"Unknown"
"5020554",378676,2026-05-06 17:28:00,28.8373832702637,-17.7537803649902,"Unknown"
"5020554",378676,2026-05-06 17:29:00,28.8374118804932,-17.7538757324219,"Unknown"
"5020554",378676,2026-05-06 17:30:02,28.8374710083008,-17.7539844512939,"Unknown"
"5020554",378676,2026-05-06 17:31:00,28.8375110626221,-17.7540340423584,"Unknown"
"5020554",378676,2026-05-06 17:32:00,28.8375587463379,-17.7541389465332,"Unknown"
"5020554",378676,2026-05-06 17:33:00,28.8376045227051,-17.7542572021484,"Unknown"
"5020554",378676,2026-05-06 17:34:00,28.8376331329346,-17.7543811798096,"Unknown"
"5020554",378676,2026-05-06 17:35:00,28.8401336669922,-17.7539520263672,"Unknown"
"5020554",378676,2026-05-06 17:35:59,28.8373184204102,-17.7536678314209,"Unknown"
"5020554",378676,2026-05-06 17:36:59,28.8373432159424,-17.753755569458,"Unknown"
"5020554",378676,2026-05-06 17:38:00,28.8373851776123,-17.7538528442383,"Unknown"
"5020554",378676,2026-05-06 17:38:59,28.8374481201172,-17.7539520263672,"Unknown"
"5020554",378676,2026-05-06 17:39:59,28.8374729156494,-17.754020690918,"Unknown"
"5020554",378676,2026-05-06 17:40:59,28.8374977111816,-17.7540702819824,"Unknown"
"5020554",378676,2026-05-06 17:41:59,28.8375186920166,-17.7541522979736,"Unknown"
"5020554",378676,2026-05-06 17:42:59,28.8375511169434,-17.7542266845703,"Unknown"
"5020554",378676,2026-05-06 17:43:59,28.8375701904297,-17.7542858123779,"Unknown"
"5020554",378676,2026-05-06 17:44:59,28.8375797271729,-17.7543354034424,"Unknown"
"5020554",378676,2026-05-06 17:45:59,28.8376026153564,-17.7544002532959,"Unknown"
"5020554",378676,2026-05-06 17:46:59,28.8376026153564,-17.7544174194336,"Unknown"
"5020554",378676,2026-05-06 17:47:59,28.8376541137695,-17.7544689178467,"Unknown"
"5020554",378676,2026-05-06 17:49:00,28.8376808166504,-17.7544956207275,"Unknown"
"5020554",378676,2026-05-06 17:49:59,28.8377265930176,-17.7545528411865,"Unknown"
"5020554",378676,2026-05-06 17:50:59,28.8377666473389,-17.7545757293701,"Unknown"
"5020554",378676,2026-05-06 17:51:59,28.8377857208252,-17.7546195983887,"Unknown"
"5020554",378676,2026-05-06 17:53:00,28.8378047943115,-17.7546977996826,"Unknown"
"5020554",378676,2026-05-06 17:53:59,28.8377990722656,-17.7547874450684,"Unknown"
"5020554",378676,2026-05-06 17:55:00,28.8377952575684,-17.7548427581787,"Unknown"
"5020554",378676,2026-05-06 17:55:59,28.8378372192383,-17.7549076080322,"Unknown"
"5020554",378676,2026-05-06 17:56:59,28.8378868103027,-17.7549858093262,"Unknown"
"5020554",378676,2026-05-06 17:57:59,28.8378849029541,-17.7550640106201,"Unknown"
"5020554",378676,2026-05-06 17:59:31,28.8379344940186,-17.75514793396,"Unknown"
"5020554",378676,2026-05-06 17:59:59,28.8379440307617,-17.7551975250244,"Unknown"
"5020554",378676,2026-05-06 18:00:59,28.8379878997803,-17.7552547454834,"Unknown"
"5020554",378676,2026-05-06 18:01:59,28.8380069732666,-17.7553176879883,"Unknown"
"5020554",378676,2026-05-06 18:02:59,28.8380184173584,-17.7553653717041,"Unknown"
"5020554",378676,2026-05-06 18:03:59,28.838041305542,-17.7554931640625,"Unknown"
"5020554",378676,2026-05-06 18:04:59,28.8380508422852,-17.7555675506592,"Unknown"
"5020554",378676,2026-05-06 18:05:59,28.8380737304688,-17.7556343078613,"Unknown"
"5020554",378676,2026-05-06 18:06:59,28.83811378479,-17.7556896209717,"Unknown"
"5020554",378676,2026-05-06 18:07:59,28.8381519317627,-17.7557830810547,"Unknown"
"5020554",378676,2026-05-06 18:08:59,28.8381843566895,-17.7558345794678,"Unknown"
"5020554",378676,2026-05-06 18:09:59,28.838191986084,-17.7558937072754,"Unknown"
"5020554",378676,2026-05-06 18:10:59,28.8382053375244,-17.7559566497803,"Unknown"
"5020554",378676,2026-05-06 18:11:59,28.8382148742676,-17.7560329437256,"Unknown"
"5020554",378676,2026-05-06 18:12:59,28.8381996154785,-17.756067276001,"Unknown"
"5020554",378676,2026-05-06 18:13:59,28.8381805419922,-17.7561435699463,"Unknown"
"5020554",378676,2026-05-06 18:14:59,28.8381748199463,-17.7562313079834,"Unknown"
"5020554",378676,2026-05-06 18:15:59,28.8381900787354,-17.7563133239746,"Unknown"
"5020554",378676,2026-05-06 18:16:59,28.8382034301758,-17.7563800811768,"Unknown"
"5020554",378676,2026-05-06 18:17:59,28.8382205963135,-17.7564868927002,"Unknown"
"5020554",378676,2026-05-06 18:18:59,28.8382377624512,-17.7565784454346,"Unknown"
"5020554",378676,2026-05-06 18:20:00,28.8383007049561,-17.7566604614258,"Unknown"
"5020554",378676,2026-05-06 18:20:59,28.8383693695068,-17.7567710876465,"Unknown"
"5020554",378676,2026-05-06 18:22:00,28.8383865356445,-17.7568511962891,"Unknown"
"5020554",378676,2026-05-06 18:23:00,28.8384246826172,-17.7569732666016,"Unknown"
"5020554",378676,2026-05-06 18:24:01,28.8384685516357,-17.7570629119873,"Unknown"
"5020554",378676,2026-05-06 18:24:59,28.8384971618652,-17.7571258544922,"Unknown"
"5020554",378676,2026-05-06 18:25:59,28.8385410308838,-17.7571754455566,"Unknown"
"5020554",378676,2026-05-06 18:27:00,28.8386058807373,-17.7572364807129,"Unknown"
"5020554",378676,2026-05-06 18:28:01,28.8386573791504,-17.7572689056396,"Unknown"
"5020554",378676,2026-05-06 18:29:01,28.838737487793,-17.7573509216309,"Unknown"
"5020554",378676,2026-05-06 18:30:01,28.838773727417,-17.7573947906494,"Unknown"
"5020554",378676,2026-05-06 18:31:01,28.8388271331787,-17.7574787139893,"Unknown"
"5020554",378676,2026-05-06 18:32:00,28.8389072418213,-17.7575263977051,"Unknown"
"5020554",378676,2026-05-06 18:33:01,28.8389625549316,-17.7576122283936,"Unknown"
"5020554",378676,2026-05-06 18:33:59,28.8389987945557,-17.7576560974121,"Unknown"
"5020554",378676,2026-05-06 18:34:59,28.8391170501709,-17.7576770782471,"Unknown"
"5020554",378676,2026-05-06 18:35:59,28.8391456604004,-17.7577095031738,"Unknown"
"5020554",378676,2026-05-06 18:36:59,28.8392066955566,-17.7577819824219,"Unknown"
"5020554",378676,2026-05-06 18:37:59,28.8392486572266,-17.7578430175781,"Unknown"
"5020554",378676,2026-05-06 18:39:00,28.8392887115479,-17.7578411102295,"Unknown"
"5020554",378676,2026-05-06 18:39:59,28.8393440246582,-17.7579078674316,"Unknown"
"5020554",378676,2026-05-06 18:40:59,28.839391708374,-17.7580013275146,"Unknown"
"5020554",378676,2026-05-06 18:41:59,28.8394432067871,-17.7580528259277,"Unknown"
"5020554",378676,2026-05-06 18:42:59,28.8394947052002,-17.7581233978271,"Unknown"
"5020554",378676,2026-05-06 18:43:59,28.8395404815674,-17.7581367492676,"Unknown"
"5020554",378676,2026-05-06 18:44:59,28.8395709991455,-17.7582607269287,"Unknown"
"5020554",378676,2026-05-06 18:45:59,28.8395919799805,-17.7583026885986,"Unknown"
"5020554",378676,2026-05-06 18:46:59,28.8396339416504,-17.7584056854248,"Unknown"
"5020554",378676,2026-05-06 18:47:59,28.8396472930908,-17.7584743499756,"Unknown"
"5020554",378676,2026-05-06 18:48:59,28.8396873474121,-17.7585620880127,"Unknown"
"5020554",378676,2026-05-06 18:49:59,28.8396968841553,-17.7587184906006,"Unknown"
"5020554",378676,2026-05-06 18:50:59,28.8395023345947,-17.7606258392334,"Unknown"
"5020554",378676,2026-05-06 18:51:59,28.8372707366943,-17.7655868530273,"Unknown"
"5020554",378676,2026-05-06 18:53:00,28.8350105285645,-17.7692203521729,"Unknown"
"5020554",378676,2026-05-06 18:54:01,28.8350372314453,-17.7692584991455,"Unknown"
"5020554",378676,2026-05-06 18:55:01,28.8350696563721,-17.7692565917969,"Unknown"
"5020554",378676,2026-05-06 18:55:59,28.8351135253906,-17.7692584991455,"Unknown"
"5020554",378676,2026-05-06 18:57:00,28.8351383209229,-17.7692470550537,"Unknown"
"5020554",378676,2026-05-06 18:58:03,28.8351860046387,-17.7692604064941,"Unknown"
"5020554",378676,2026-05-06 18:58:59,28.8351936340332,-17.7693328857422,"Unknown"
"5020554",378676,2026-05-06 19:00:00,28.8353309631348,-17.7693843841553,"Unknown"
"5020554",378676,2026-05-06 19:01:00,28.835506439209,-17.7693977355957,"Unknown"
"5020554",378676,2026-05-06 19:01:59,28.8356189727783,-17.7694435119629,"Unknown"
"5020554",378676,2026-05-06 19:02:59,28.8357772827148,-17.7694721221924,"Unknown"
"5020554",378676,2026-05-06 19:04:01,28.8358020782471,-17.769495010376,"Unknown"
"5020554",378676,2026-05-06 19:05:02,28.8359298706055,-17.7694625854492,"Unknown"
"5020554",378676,2026-05-06 19:06:00,28.8360481262207,-17.769474029541,"Unknown"
"5020554",378676,2026-05-06 19:06:59,28.8361492156982,-17.7695446014404,"Unknown"
"5020554",378676,2026-05-06 19:08:03,28.8362445831299,-17.7695541381836,"Unknown"
"5020554",378676,2026-05-06 19:09:00,28.8363552093506,-17.7696628570557,"Unknown"
"5020554",378676,2026-05-06 19:10:00,28.8364143371582,-17.7697219848633,"Unknown"
"5020554",378676,2026-05-06 19:11:00,28.8365001678467,-17.76979637146,"Unknown"
"5020554",378676,2026-05-06 19:12:00,28.8365745544434,-17.7698383331299,"Unknown"
"5020554",378676,2026-05-06 19:13:00,28.8366737365723,-17.7699012756348,"Unknown"
"5020554",378676,2026-05-06 19:13:59,28.8367404937744,-17.7699851989746,"Unknown"
"5020554",378676,2026-05-06 19:14:59,28.8368072509766,-17.7700424194336,"Unknown"
"5020554",378676,2026-05-06 19:16:00,28.8368892669678,-17.7701263427734,"Unknown"
"5020554",378676,2026-05-06 19:17:02,28.8369579315186,-17.7702331542969,"Unknown"
"5020554",378676,2026-05-06 19:18:01,28.8370323181152,-17.7703189849854,"Unknown"
"5020554",378676,2026-05-06 19:19:01,28.8371181488037,-17.7704029083252,"Unknown"
"5020554",378676,2026-05-06 19:19:59,28.8371810913086,-17.7704734802246,"Unknown"
"5020554",378676,2026-05-06 19:21:00,28.8372840881348,-17.7705402374268,"Unknown"
"5020554",378676,2026-05-06 19:22:02,28.8374176025391,-17.7706031799316,"Unknown"
"5020554",378676,2026-05-06 19:23:01,28.8357486724854,-17.7700977325439,"Unknown"
"5020554",378676,2026-05-06 19:24:01,28.836612701416,-17.7696685791016,"Unknown"
"5020554",378676,2026-05-06 19:25:00,28.8367042541504,-17.7697334289551,"Unknown"
"5020554",378676,2026-05-06 19:26:01,28.8367862701416,-17.7698287963867,"Unknown"
"5020554",378676,2026-05-06 19:27:01,28.8369026184082,-17.7699241638184,"Unknown"
"5020554",378676,2026-05-06 19:28:01,28.837007522583,-17.7700653076172,"Unknown"
"5020554",378676,2026-05-06 19:29:02,28.8371295928955,-17.7702560424805,"Unknown"
"5020554",378676,2026-05-06 19:29:59,28.837194442749,-17.7704277038574,"Unknown"
"5020554",378676,2026-05-06 19:30:59,28.8372383117676,-17.7705593109131,"Unknown"
"5020554",378676,2026-05-06 19:31:59,28.8373184204102,-17.7706298828125,"Unknown"
"5020554",378676,2026-05-06 19:33:03,28.8374004364014,-17.7707099914551,"Unknown"
"5020554",378676,2026-05-06 19:34:01,28.8374767303467,-17.7708263397217,"Unknown"
"5020554",378676,2026-05-06 19:35:02,28.837574005127,-17.7708835601807,"Unknown"
"5020554",378676,2026-05-06 19:36:01,28.8376865386963,-17.7709674835205,"Unknown"
"5020554",378676,2026-05-06 19:37:01,28.8378047943115,-17.7710552215576,"Unknown"
"5020554",378676,2026-05-06 19:38:00,28.8378791809082,-17.7711315155029,"Unknown"
"5020554",378676,2026-05-06 19:39:00,28.8379898071289,-17.77126121521,"Unknown"
"5020554",378676,2026-05-06 19:40:02,28.8381004333496,-17.7713584899902,"Unknown"
"5020554",378676,2026-05-06 19:40:59,28.8382034301758,-17.7714424133301,"Unknown"
"5020554",378676,2026-05-06 19:41:59,28.8383255004883,-17.7715034484863,"Unknown"
"5020554",378676,2026-05-06 19:43:00,28.8383731842041,-17.7716236114502,"Unknown"
"5020554",378676,2026-05-06 19:44:00,28.838529586792,-17.7716293334961,"Unknown"
"5020554",378676,2026-05-06 19:45:01,28.8386173248291,-17.7716903686523,"Unknown"
"5020554",378676,2026-05-06 19:46:00,28.8387107849121,-17.7716979980469,"Unknown"
"5020554",378676,2026-05-06 19:47:00,28.8388328552246,-17.7717094421387,"Unknown"
"5020554",378676,2026-05-06 19:48:01,28.8389263153076,-17.7717514038086,"Unknown"
"5020554",378676,2026-05-06 19:49:01,28.8389701843262,-17.7717952728271,"Unknown"
"5020554",378676,2026-05-06 19:50:01,28.8390731811523,-17.7718563079834,"Unknown"
"5020554",378676,2026-05-06 19:50:59,28.8391933441162,-17.7719039916992,"Unknown"
"5020554",378676,2026-05-06 19:52:04,28.8393077850342,-17.7719593048096,"Unknown"
"5020554",378676,2026-05-06 19:53:33,28.8394336700439,-17.7719688415527,"Unknown"
"5020554",378676,2026-05-06 19:53:59,28.8394718170166,-17.7719802856445,"Unknown"
"5020554",378676,2026-05-06 19:54:59,28.839469909668,-17.7719783782959,"Unknown"
"5020554",378676,2026-05-06 19:55:59,28.8395290374756,-17.7719879150391,"Unknown"
"5020554",378676,2026-05-06 19:56:59,28.8396167755127,-17.7719669342041,"Unknown"
"5020554",378676,2026-05-06 19:57:59,28.8396949768066,-17.7719860076904,"Unknown"
"5020554",378676,2026-05-06 19:58:59,28.839771270752,-17.7719898223877,"Unknown"
"5020554",378676,2026-05-06 19:59:59,28.8398284912109,-17.772029876709,"Unknown"
"5020554",378676,2026-05-06 20:00:59,28.8399314880371,-17.7720584869385,"Unknown"
"5020554",378676,2026-05-06 20:01:59,28.8400001525879,-17.7720909118652,"Unknown"
"5020554",378676,2026-05-06 20:02:59,28.8400592803955,-17.772144317627,"Unknown"
"5020554",378676,2026-05-06 20:03:59,28.8401374816895,-17.7721729278564,"Unknown"
"5020554",378676,2026-05-06 20:04:59,28.8381118774414,-17.7717761993408,"Unknown"
"5020554",378676,2026-05-06 20:06:00,28.834659576416,-17.7702960968018,"Unknown"
"5020554",378676,2026-05-06 20:07:00,28.8366470336914,-17.7699813842773,"Unknown"
"5020554",378676,2026-05-06 20:07:59,28.8367786407471,-17.7701282501221,"Unknown"
"5020554",378676,2026-05-06 20:08:59,28.8367824554443,-17.7702369689941,"Unknown"
"5020554",378676,2026-05-06 20:09:59,28.8368377685547,-17.7703113555908,"Unknown"
"5020554",378676,2026-05-06 20:10:59,28.8368854522705,-17.7704086303711,"Unknown"
"5020554",378676,2026-05-06 20:12:00,28.8369426727295,-17.7704925537109,"Unknown"
"5020554",378676,2026-05-06 20:12:59,28.8370037078857,-17.7705535888672,"Unknown"
"5020554",378676,2026-05-06 20:14:00,28.8370361328125,-17.7705993652344,"Unknown"
"5020554",378676,2026-05-06 20:14:59,28.8370723724365,-17.7706813812256,"Unknown"
"5020554",378676,2026-05-06 20:15:59,28.8371467590332,-17.7707347869873,"Unknown"
"5020554",378676,2026-05-06 20:17:00,28.8371868133545,-17.7707958221436,"Unknown"
"5020554",378676,2026-05-06 20:17:59,28.8372192382812,-17.7708911895752,"Unknown"
"5020554",378676,2026-05-06 20:18:59,28.8373241424561,-17.7709522247314,"Unknown"
"5020554",378676,2026-05-06 20:20:00,28.837438583374,-17.7709941864014,"Unknown"
"5020554",378676,2026-05-06 20:20:59,28.8375034332275,-17.7710094451904,"Unknown"
"5020554",378676,2026-05-06 20:22:00,28.837553024292,-17.7710571289062,"Unknown"
"5020554",378676,2026-05-06 20:22:59,28.83762550354,-17.7711200714111,"Unknown"
"5020554",378676,2026-05-06 20:23:59,28.8376808166504,-17.7711601257324,"Unknown"
"5020554",378676,2026-05-06 20:24:59,28.8377342224121,-17.7712306976318,"Unknown"
"5020554",378676,2026-05-06 20:26:00,28.8377876281738,-17.7712688446045,"Unknown"
"5020554",378676,2026-05-06 20:27:01,28.8378524780273,-17.7712554931641,"Unknown"
"5020554",378676,2026-05-06 20:28:00,28.8379058837891,-17.7712917327881,"Unknown"
"5020554",378676,2026-05-06 20:29:00,28.8379707336426,-17.7713184356689,"Unknown"
"5020554",378676,2026-05-06 20:30:00,28.8380546569824,-17.7713279724121,"Unknown"
"5020554",378676,2026-05-06 20:31:00,28.8381729125977,-17.7714080810547,"Unknown"
"5020554",378676,2026-05-06 20:32:00,28.8382720947266,-17.771354675293,"Unknown"
"5020554",378676,2026-05-06 20:32:59,28.8383674621582,-17.7714080810547,"Unknown"
"5020554",378676,2026-05-06 20:33:59,28.8384819030762,-17.7714290618896,"Unknown"
"5020554",378676,2026-05-06 20:35:00,28.8385353088379,-17.7714767456055,"Unknown"
"5020554",378676,2026-05-06 20:35:59,28.8386154174805,-17.7715187072754,"Unknown"
"5020554",378676,2026-05-06 20:36:59,28.8386688232422,-17.7715587615967,"Unknown"
"5020554",378676,2026-05-06 20:37:59,28.8351345062256,-17.7718315124512,"Unknown"
"5020554",378676,2026-05-06 20:38:59,28.8315601348877,-17.7688961029053,"Unknown"
"5020554",378676,2026-05-06 20:39:59,28.8287696838379,-17.7700595855713,"Unknown"
"5020554",378676,2026-05-06 20:41:00,28.8274230957031,-17.7683944702148,"Unknown"
"5020554",378676,2026-05-06 20:42:00,28.8271389007568,-17.773193359375,"Unknown"
"5020554",378676,2026-05-06 20:43:00,28.82301902771,-17.7787551879883,"Unknown"
"5020554",378676,2026-05-06 20:44:00,28.8178939819336,-17.7768878936768,"Unknown"
"5020554",378676,2026-05-06 20:45:01,28.8129043579102,-17.7766551971436,"Unknown"
"5020554",378676,2026-05-06 20:46:01,28.809419631958,-17.7733592987061,"Unknown"
"5020554",378676,2026-05-06 20:47:00,28.8032627105713,-17.7746162414551,"Unknown"
"5020554",378676,2026-05-06 20:48:00,28.8002758026123,-17.7735233306885,"Unknown"
"5020554",378676,2026-05-06 20:49:00,28.7944831848145,-17.7721977233887,"Unknown"
"5020554",378676,2026-05-06 20:50:00,28.7887153625488,-17.7712364196777,"Unknown"
"5020554",378676,2026-05-06 20:51:00,28.7858657836914,-17.773811340332,"Unknown"
"5020554",378676,2026-05-06 20:51:59,28.7819633483887,-17.772518157959,"Unknown"
"5020554",378676,2026-05-06 20:53:01,28.7854537963867,-17.7755451202393,"Unknown"
"5020554",378676,2026-05-06 20:53:59,28.7911033630371,-17.779655456543,"Unknown"
"5020554",378676,2026-05-06 20:55:00,28.7958087921143,-17.7839374542236,"Unknown"
"5020554",378676,2026-05-06 20:56:00,28.7959785461426,-17.7863063812256,"Unknown"
"5020554",378676,2026-05-06 20:57:00,28.7914161682129,-17.785041809082,"Unknown"
"5020554",378676,2026-05-06 20:58:00,28.7899494171143,-17.7847557067871,"Unknown"
"5020554",378676,2026-05-06 20:59:00,28.7854251861572,-17.7826156616211,"Unknown"
"5020554",378676,2026-05-06 20:59:59,28.782470703125,-17.7804622650146,"Unknown"
"5020554",378676,2026-05-06 21:01:01,28.784008026123,-17.7762126922607,"Unknown"
"5020554",378676,2026-05-06 21:02:00,28.7874889373779,-17.7713947296143,"Unknown"
"5020554",378676,2026-05-06 21:03:00,28.7857685089111,-17.7656211853027,"Unknown"
"5020554",378676,2026-05-06 21:04:00,28.7891883850098,-17.7625350952148,"Unknown"
"5020554",378676,2026-05-06 21:04:59,28.7895488739014,-17.7569828033447,"Unknown"
"5020554",378676,2026-05-06 21:06:00,28.7856769561768,-17.7510604858398,"Unknown"
"5020554",378676,2026-05-06 21:07:00,28.7810764312744,-17.7489795684814,"Unknown"
"5020554",378676,2026-05-06 21:08:00,28.775806427002,-17.7468891143799,"Unknown"
"5020554",378676,2026-05-06 21:09:00,28.7709102630615,-17.7436218261719,"Unknown"
"5020554",378676,2026-05-06 21:10:00,28.7664699554443,-17.7394618988037,"Unknown"
"5020554",378676,2026-05-06 21:11:00,28.7653884887695,-17.7421760559082,"Unknown"
"5020554",378676,2026-05-06 21:12:12,28.7690143585205,-17.7448844909668,"Unknown"
"5020554",378676,2026-05-06 21:13:02,28.7741565704346,-17.7497901916504,"Unknown"
"5020554",378676,2026-05-06 21:14:00,28.7786083221436,-17.7528095245361,"Unknown"
"5020554",378676,2026-05-06 21:15:00,28.7852172851562,-17.7528324127197,"Unknown"
"5020554",378676,2026-05-06 21:16:01,28.7902698516846,-17.7561016082764,"Unknown"
"5020554",378676,2026-05-06 21:17:01,28.796070098877,-17.7590961456299,"Unknown"
"5020554",378676,2026-05-06 21:18:01,28.8015155792236,-17.7606048583984,"Unknown"
"5020554",378676,2026-05-06 21:19:01,28.8083038330078,-17.7588348388672,"Unknown"
"5020554",378676,2026-05-06 21:20:00,28.8150787353516,-17.7578144073486,"Unknown"
"5020554",378676,2026-05-06 21:21:00,28.8197231292725,-17.7628040313721,"Unknown"
"5020554",378676,2026-05-06 21:22:00,28.8227272033691,-17.767162322998,"Unknown"
"5020554",378676,2026-05-06 21:23:00,28.8308219909668,-17.7676315307617,"Unknown"
"5020554",378676,2026-05-06 21:24:00,28.837007522583,-17.7718982696533,"Unknown"
"5020554",378676,2026-05-06 21:25:00,28.8434963226318,-17.7743034362793,"Unknown"
"5020554",378676,2026-05-06 21:26:00,28.8496360778809,-17.7704830169678,"Unknown"
"5020554",378676,2026-05-06 21:26:59,28.8527870178223,-17.7658519744873,"Unknown"
"5020554",378676,2026-05-06 21:28:00,28.8517913818359,-17.7633972167969,"Unknown"
"5020554",378676,2026-05-06 21:29:00,28.8519630432129,-17.763147354126,"Unknown"
"5020554",378676,2026-05-06 21:30:00,28.852071762085,-17.7633075714111,"Unknown"
"5020554",378676,2026-05-06 21:31:01,28.8521900177002,-17.7634449005127,"Unknown"
"5020554",378676,2026-05-06 21:32:00,28.8523502349854,-17.763557434082,"Unknown"
"5020554",378676,2026-05-06 21:33:00,28.8525238037109,-17.7637004852295,"Unknown"
"5020554",378676,2026-05-06 21:34:01,28.8526496887207,-17.7638492584229,"Unknown"
"5020555",378677,2026-04-06 18:04:24,28.8119888305664,-17.7644004821777,"Unknown"
"5020555",378677,2026-04-06 18:16:17,28.8119716644287,-17.7643508911133,"Unknown"
"5020555",378677,2026-04-06 18:31:17,28.8119659423828,-17.7643527984619,"Unknown"
"5020555",378677,2026-04-06 18:46:17,28.8100357055664,-17.758716583252,"Unknown"
"5020555",378677,2026-04-06 18:59:53,28.8069725036621,-17.7337036132812,"Unknown"
"5020555",378677,2026-04-06 19:14:53,28.8206024169922,-17.7256202697754,"Unknown"
"5020555",378677,2026-04-06 19:29:54,28.8565139770508,-17.7077236175537,"Unknown"
"5020555",378677,2026-04-06 19:45:51,28.9337615966797,-17.705587387085,"Unknown"
"5020555",378677,2026-04-06 20:01:17,28.9298973083496,-17.7940711975098,"Unknown"
"5020555",378677,2026-04-06 20:16:17,28.9062900543213,-17.8827800750732,"Unknown"
"5020555",378677,2026-04-06 20:30:21,28.9115772247314,-17.8933658599854,"Unknown"
"5020555",378677,2026-04-06 20:44:52,28.9109630584717,-17.8934593200684,"Unknown"
"5020555",378677,2026-04-06 20:59:52,28.9104480743408,-17.8933792114258,"Unknown"
"5020555",378677,2026-04-06 21:14:54,28.909818649292,-17.893424987793,"Unknown"
"5020555",378677,2026-04-06 21:29:54,28.9089221954346,-17.8933067321777,"Unknown"
"5020555",378677,2026-04-06 21:45:17,28.907829284668,-17.8933792114258,"Unknown"
"5020555",378677,2026-04-06 22:00:03,28.9068756103516,-17.8933620452881,"Unknown"
"5020555",378677,2026-04-06 22:15:03,28.9058437347412,-17.8929691314697,"Unknown"
"5020555",378677,2026-04-06 22:30:03,28.9046745300293,-17.8925094604492,"Unknown"
"5020555",378677,2026-04-06 22:45:02,28.9035129547119,-17.8921527862549,"Unknown"
"5020555",378677,2026-04-06 23:00:03,28.9104881286621,-17.8940010070801,"Unknown"
"5020555",378677,2026-04-06 23:15:02,28.9292278289795,-17.9108963012695,"Unknown"
"5020555",378677,2026-04-06 23:30:03,28.9284553527832,-17.910285949707,"Unknown"
"5020555",378677,2026-04-06 23:45:04,28.9274845123291,-17.9092350006104,"Unknown"
"5020555",378677,2026-04-07 00:00:32,28.9265308380127,-17.9079360961914,"Unknown"
"5020555",378677,2026-04-07 00:15:02,28.9257316589355,-17.9063014984131,"Unknown"
"5020555",378677,2026-04-07 00:30:04,28.9247512817383,-17.9044876098633,"Unknown"
"5020555",378677,2026-04-07 00:45:02,28.9236469268799,-17.9023971557617,"Unknown"
"5020555",378677,2026-04-07 01:00:33,28.9227085113525,-17.9000263214111,"Unknown"
"5020555",378677,2026-04-07 01:15:02,28.9191627502441,-17.9227981567383,"Unknown"
"5020555",378677,2026-04-07 01:30:04,28.8984184265137,-17.9661712646484,"Unknown"
"5020555",378677,2026-04-07 01:45:05,28.8824825286865,-17.9956188201904,"Unknown"
"5020555",378677,2026-04-07 02:00:05,28.8482418060303,-18.0210456848145,"Unknown"
"5020555",378677,2026-04-07 02:15:03,28.8486652374268,-18.0203037261963,"Unknown"
"5020555",378677,2026-04-07 02:30:05,28.8491306304932,-18.0196323394775,"Unknown"
"5020555",378677,2026-04-07 02:45:05,28.849292755127,-18.0186138153076,"Unknown"
"5020555",378677,2026-04-07 03:00:05,28.8493709564209,-18.0175437927246,"Unknown"
"5020555",378677,2026-04-07 03:15:07,28.8496322631836,-18.0162563323975,"Unknown"
"5020555",378677,2026-04-07 03:30:33,28.8498592376709,-18.0151309967041,"Unknown"
"5020555",378677,2026-04-07 03:45:03,28.8501052856445,-18.0142574310303,"Unknown"
"5020555",378677,2026-04-07 04:00:03,28.850227355957,-18.0137310028076,"Unknown"
"5020555",378677,2026-04-07 04:15:03,28.8504161834717,-18.0150184631348,"Unknown"
"5020555",378677,2026-04-07 04:30:03,28.8502464294434,-18.0145454406738,"Unknown"
"5020555",378677,2026-04-07 04:45:04,28.8500881195068,-18.0137634277344,"Unknown"
"5020555",378677,2026-04-07 05:00:04,28.8497829437256,-18.0133609771729,"Unknown"
"5020555",378677,2026-04-07 05:15:04,28.8489151000977,-18.0128440856934,"Unknown"
"5020555",378677,2026-04-07 05:30:03,28.8475608825684,-18.0120601654053,"Unknown"
"5020555",378677,2026-04-07 05:45:04,28.8461513519287,-18.0113067626953,"Unknown"
"5020555",378677,2026-04-07 06:00:32,28.844612121582,-18.0107841491699,"Unknown"
"5020555",378677,2026-04-07 06:15:03,28.8432540893555,-18.0104293823242,"Unknown"
"5020555",378677,2026-04-07 06:30:03,28.8287315368652,-18.0686206817627,"Unknown"
"5020555",378677,2026-04-07 06:45:04,28.7785186767578,-18.1543521881104,"Unknown"
"5020555",378677,2026-04-07 07:00:05,28.7496604919434,-18.2194442749023,"Unknown"
"5020555",378677,2026-04-07 07:16:28,28.7272205352783,-18.2627792358398,"Unknown"
"5020555",378677,2026-04-07 07:31:28,28.6803150177002,-18.3618831634521,"Unknown"
"5020555",378677,2026-04-07 08:01:17,28.587308883667,-18.5115184783936,"Unknown"
"5020555",378677,2026-04-07 08:15:03,28.5715427398682,-18.5532512664795,"Unknown"
"5020555",378677,2026-04-07 08:31:28,28.5321102142334,-18.6785316467285,"Unknown"
"5020555",378677,2026-04-07 08:45:07,28.51171875,-18.6809043884277,"Unknown"
"5020555",378677,2026-04-07 09:00:03,28.4647750854492,-18.74973487854,"Unknown"
"5020555",378677,2026-04-07 09:15:08,28.4744606018066,-18.7533512115479,"Unknown"
"5020555",378677,2026-04-07 09:30:33,28.4827671051025,-18.7496318817139,"Unknown"
"5020555",378677,2026-04-07 09:45:05,28.4909038543701,-18.7449417114258,"Unknown"
"5020555",378677,2026-04-07 10:05:12,28.4694766998291,-18.6475734710693,"Unknown"
"5020555",378677,2026-04-07 10:20:13,28.4533443450928,-18.5383415222168,"Unknown"
"5020555",378677,2026-04-07 10:35:13,28.42600440979,-18.4205341339111,"Unknown"
"5020555",378677,2026-04-07 10:50:14,28.4108028411865,-18.2913780212402,"Unknown"
"5020555",378677,2026-04-07 11:05:14,28.4027347564697,-18.1679592132568,"Unknown"
"5020555",378677,2026-04-07 11:20:18,28.397590637207,-18.0425682067871,"Unknown"
"5020555",378677,2026-04-07 11:35:14,28.4302082061768,-17.9258842468262,"Unknown"
"5020555",378677,2026-04-07 11:50:14,28.4691562652588,-17.9112453460693,"Unknown"
"5020555",378677,2026-04-07 12:05:47,28.4690017700195,-17.910026550293,"Unknown"
"5020555",378677,2026-04-07 12:20:12,28.4685382843018,-17.9082279205322,"Unknown"
"5020555",378677,2026-04-07 12:36:27,28.5032424926758,-17.9139308929443,"Unknown"
"5020555",378677,2026-04-07 12:50:13,28.5753135681152,-17.9506549835205,"Unknown"
"5020555",378677,2026-04-07 13:05:12,28.6114883422852,-17.9536190032959,"Unknown"
"5020555",378677,2026-04-07 13:20:13,28.6123352050781,-17.9525852203369,"Unknown"
"5020555",378677,2026-04-07 13:35:16,28.6518669128418,-17.9721012115479,"Unknown"
"5020555",378677,2026-04-07 13:50:13,28.7117977142334,-17.9944400787354,"Unknown"
"5020555",378677,2026-04-07 14:05:07,28.7400875091553,-18.0149173736572,"Unknown"
"5020555",378677,2026-04-07 14:10:07,28.7562294006348,-18.0445671081543,"Unknown"
"5020555",378677,2026-04-07 14:15:05,28.7638339996338,-18.043384552002,"Unknown"
"5020555",378677,2026-04-07 14:20:06,28.7609214782715,-18.0474948883057,"Unknown"
"5020555",378677,2026-04-07 14:25:09,28.7595310211182,-18.0562725067139,"Unknown"
"5020555",378677,2026-04-07 14:30:05,28.759729385376,-18.0532989501953,"Unknown"
"5020555",378677,2026-04-07 14:35:06,28.7770214080811,-18.0607528686523,"Unknown"
"5020555",378677,2026-04-07 14:40:12,28.7853145599365,-18.0702857971191,"Unknown"
"5020555",378677,2026-04-07 14:45:08,28.7909679412842,-18.070240020752,"Unknown"
"5020555",378677,2026-04-07 14:50:07,28.792688369751,-18.0661678314209,"Unknown"
"5020555",378677,2026-04-07 14:56:28,28.8023624420166,-18.0644798278809,"Unknown"
"5020555",378677,2026-04-07 15:05:32,28.8092594146729,-18.0661678314209,"Unknown"
"5020555",378677,2026-04-07 15:10:08,28.8140697479248,-18.0619926452637,"Unknown"
"5020555",378677,2026-04-07 15:15:04,28.8162307739258,-18.0598964691162,"Unknown"
"5020555",378677,2026-04-07 15:20:06,28.8140964508057,-18.0558738708496,"Unknown"
"5020555",378677,2026-04-07 15:25:03,28.8128814697266,-18.053653717041,"Unknown"
"5020555",378677,2026-04-07 15:30:05,28.8127708435059,-18.0546550750732,"Unknown"
"5020555",378677,2026-04-07 15:35:04,28.8151836395264,-18.0553779602051,"Unknown"
"5020555",378677,2026-04-07 15:40:05,28.8181419372559,-18.0569534301758,"Unknown"
"5020555",378677,2026-04-07 15:45:04,28.8224601745605,-18.0533981323242,"Unknown"
"5020555",378677,2026-04-07 15:50:04,28.837251663208,-18.0464401245117,"Unknown"
"5020555",378677,2026-04-07 15:55:07,28.843132019043,-18.0644626617432,"Unknown"
"5020555",378677,2026-04-07 16:00:04,28.8357200622559,-18.0684375762939,"Unknown"
"5020555",378677,2026-04-07 16:05:07,28.8258171081543,-18.0495471954346,"Unknown"
"5020555",378677,2026-04-07 16:10:06,28.8320369720459,-18.0502166748047,"Unknown"
"5020555",378677,2026-04-07 16:15:06,28.8428859710693,-18.0421886444092,"Unknown"
"5020555",378677,2026-04-07 16:20:05,28.848424911499,-18.0292873382568,"Unknown"
"5020555",378677,2026-04-07 16:25:07,28.8617038726807,-18.0120544433594,"Unknown"
"5020555",378677,2026-04-07 16:30:06,28.8713512420654,-17.9935111999512,"Unknown"
"5020555",378677,2026-04-07 16:35:06,28.8833789825439,-17.9758434295654,"Unknown"
"5020555",378677,2026-04-07 16:40:06,28.8856868743896,-17.9728488922119,"Unknown"
"5020555",378677,2026-04-07 16:45:09,28.8876571655273,-17.9722557067871,"Unknown"
"5020555",378677,2026-04-07 16:50:04,28.8900146484375,-17.9709568023682,"Unknown"
"5020555",378677,2026-04-07 16:56:28,28.8938617706299,-17.9737339019775,"Unknown"
"5020555",378677,2026-04-07 17:00:51,28.896167755127,-17.9730167388916,"Unknown"
"5020555",378677,2026-04-07 17:05:06,28.898717880249,-17.9728393554688,"Unknown"
"5020555",378677,2026-04-07 17:10:03,28.9012241363525,-17.9717082977295,"Unknown"
"5020555",378677,2026-04-07 17:15:07,28.9025039672852,-17.9764194488525,"Unknown"
"5020555",378677,2026-04-07 17:20:05,28.9029369354248,-17.9786415100098,"Unknown"
"5020555",378677,2026-04-07 17:25:05,28.9040546417236,-17.9817047119141,"Unknown"
"5020555",378677,2026-04-07 17:30:03,28.9040756225586,-17.9850101470947,"Unknown"
"5020555",378677,2026-04-07 17:35:04,28.9043750762939,-17.9884624481201,"Unknown"
"5020555",378677,2026-04-07 17:40:06,28.9026298522949,-17.9913730621338,"Unknown"
"5020555",378677,2026-04-07 17:45:05,28.9052333831787,-17.9933280944824,"Unknown"
"5020555",378677,2026-04-07 17:50:03,28.9062614440918,-17.9956111907959,"Unknown"
"5020555",378677,2026-04-07 17:55:07,28.9048118591309,-18.0011520385742,"Unknown"
"5020555",378677,2026-04-07 18:00:57,28.906421661377,-18.00244140625,"Unknown"
"5020555",378677,2026-04-07 18:05:04,28.9070281982422,-18.0051250457764,"Unknown"
"5020555",378677,2026-04-07 18:10:04,28.9082832336426,-18.0078563690186,"Unknown"
"5020555",378677,2026-04-07 18:15:04,28.9072456359863,-18.0102767944336,"Unknown"
"5020555",378677,2026-04-07 18:20:04,28.8987350463867,-18.0048713684082,"Unknown"
"5020555",378677,2026-04-07 18:25:05,28.9071884155273,-18.0191459655762,"Unknown"
"5020555",378677,2026-04-07 18:30:04,28.9045791625977,-18.0264377593994,"Unknown"
"5020555",378677,2026-04-07 18:35:04,28.9067039489746,-18.0255031585693,"Unknown"
"5020555",378677,2026-04-07 18:40:07,28.9106731414795,-18.0255126953125,"Unknown"
"5020555",378677,2026-04-07 18:45:05,28.9124755859375,-18.0278816223145,"Unknown"
"5020555",378677,2026-04-07 18:50:04,28.9139728546143,-18.0310459136963,"Unknown"
"5020555",378677,2026-04-07 18:55:06,28.9159278869629,-18.0341720581055,"Unknown"
"5020555",378677,2026-04-07 19:00:05,28.9152240753174,-18.040548324585,"Unknown"
"5020555",378677,2026-04-07 19:05:04,28.9177761077881,-18.0449447631836,"Unknown"
"5020555",378677,2026-04-07 19:10:05,28.9175548553467,-18.0478115081787,"Unknown"
"5020555",378677,2026-04-07 19:15:06,28.8989372253418,-18.0194835662842,"Unknown"
"5020555",378677,2026-04-07 19:20:06,28.8685703277588,-18.0075855255127,"Unknown"
"5020555",378677,2026-04-07 19:25:07,28.864616394043,-18.0147304534912,"Unknown"
"5020555",378677,2026-04-07 19:30:08,28.8502807617188,-18.0027046203613,"Unknown"
"5020555",378677,2026-04-07 19:35:08,28.8483543395996,-17.9857158660889,"Unknown"
"5020555",378677,2026-04-07 19:40:09,28.8655548095703,-17.9984283447266,"Unknown"
"5020555",378677,2026-04-07 19:46:29,28.880428314209,-18.0211963653564,"Unknown"
"5020555",378677,2026-04-07 19:51:29,28.8908576965332,-18.0419101715088,"Unknown"
"5020555",378677,2026-04-07 19:56:29,28.8997898101807,-18.0631580352783,"Unknown"
"5020555",378677,2026-04-07 20:01:29,28.9073429107666,-18.082145690918,"Unknown"
"5020555",378677,2026-04-07 20:06:29,28.8933906555176,-18.0807991027832,"Unknown"
"5020555",378677,2026-04-07 20:11:29,28.9101123809814,-18.1344833374023,"Unknown"
"5020555",378677,2026-04-07 20:21:29,28.9153137207031,-18.1180648803711,"Unknown"
"5020555",378677,2026-04-07 20:30:47,28.9349517822266,-18.0917491912842,"Unknown"
"5020555",378677,2026-04-07 20:35:04,28.9340763092041,-18.0909271240234,"Unknown"
"5020555",378677,2026-04-07 20:40:04,28.9329433441162,-18.0907726287842,"Unknown"
"5020555",378677,2026-04-07 20:45:04,28.9320621490479,-18.0917415618896,"Unknown"
"5020555",378677,2026-04-07 20:50:04,28.9312610626221,-18.0926380157471,"Unknown"
"5020555",378677,2026-04-07 20:55:04,28.9304428100586,-18.0936622619629,"Unknown"
"5020555",378677,2026-04-07 21:00:06,28.9295711517334,-18.0944690704346,"Unknown"
"5020555",378677,2026-04-07 21:05:05,28.9288063049316,-18.0954532623291,"Unknown"
"5020555",378677,2026-04-07 21:10:05,28.9281711578369,-18.0963916778564,"Unknown"
"5020555",378677,2026-04-07 21:15:05,28.9275455474854,-18.0973052978516,"Unknown"
"5020555",378677,2026-04-07 21:20:06,28.9270248413086,-18.0986328125,"Unknown"
"5020555",378677,2026-04-07 21:25:05,28.9262008666992,-18.0995635986328,"Unknown"
"5020555",378677,2026-04-07 21:30:05,28.9255638122559,-18.1006317138672,"Unknown"
"5020555",378677,2026-04-07 21:35:06,28.9247035980225,-18.1017265319824,"Unknown"
"5020555",378677,2026-04-07 21:40:05,28.9239349365234,-18.102725982666,"Unknown"
"5020555",378677,2026-04-07 21:45:06,28.9229984283447,-18.1025505065918,"Unknown"
"5020555",378677,2026-04-07 21:50:05,28.9222526550293,-18.1035785675049,"Unknown"
"5020555",378677,2026-04-07 21:55:06,28.9215431213379,-18.1044464111328,"Unknown"
"5020555",378677,2026-04-07 22:00:05,28.9207668304443,-18.1053218841553,"Unknown"
"5020555",378677,2026-04-07 22:05:04,28.9199542999268,-18.1061305999756,"Unknown"
"5020555",378677,2026-04-07 22:10:06,28.9190311431885,-18.1070079803467,"Unknown"
"5020555",378677,2026-04-07 22:15:04,28.9181690216064,-18.1079406738281,"Unknown"
"5020555",378677,2026-04-07 22:20:04,28.9172973632812,-18.108814239502,"Unknown"
"5020555",378677,2026-04-07 22:25:04,28.9165573120117,-18.1095695495605,"Unknown"
"5020555",378677,2026-04-07 22:30:33,28.9156360626221,-18.1104869842529,"Unknown"
"5020555",378677,2026-04-07 22:35:04,28.9149951934814,-18.1113662719727,"Unknown"
"5020555",378677,2026-04-07 22:40:04,28.9141235351562,-18.1120643615723,"Unknown"
"5020555",378677,2026-04-07 22:45:04,28.9132289886475,-18.1127052307129,"Unknown"
"5020555",378677,2026-04-07 22:50:04,28.9123573303223,-18.1133975982666,"Unknown"
"5020555",378677,2026-04-07 22:55:06,28.9114437103271,-18.1141681671143,"Unknown"
"5020555",378677,2026-04-07 23:00:04,28.9106025695801,-18.1149463653564,"Unknown"
"5020555",378677,2026-04-07 23:05:04,28.9098129272461,-18.1157283782959,"Unknown"
"5020555",378677,2026-04-07 23:10:05,28.9090423583984,-18.1164970397949,"Unknown"
"5020555",378677,2026-04-07 23:15:05,28.9084587097168,-18.1179828643799,"Unknown"
"5020555",378677,2026-04-07 23:20:05,28.9075450897217,-18.118839263916,"Unknown"
"5020555",378677,2026-04-07 23:25:05,28.9066123962402,-18.1195583343506,"Unknown"
"5020555",378677,2026-04-07 23:30:04,28.9057006835938,-18.1202392578125,"Unknown"
"5020555",378677,2026-04-07 23:35:05,28.904857635498,-18.1208915710449,"Unknown"
"5020555",378677,2026-04-07 23:40:04,28.9040584564209,-18.1215515136719,"Unknown"
"5020555",378677,2026-04-07 23:45:04,28.9031429290771,-18.1221771240234,"Unknown"
"5020555",378677,2026-04-07 23:50:04,28.9023208618164,-18.1228713989258,"Unknown"
"5020555",378677,2026-04-07 23:55:05,28.9016036987305,-18.1238708496094,"Unknown"
"5020555",378677,2026-04-08 00:00:05,28.900806427002,-18.1247673034668,"Unknown"
"5020555",378677,2026-04-08 00:05:04,28.9000263214111,-18.125825881958,"Unknown"
"5020555",378677,2026-04-08 00:10:04,28.8993110656738,-18.1268157958984,"Unknown"
"5020555",378677,2026-04-08 00:15:05,28.8987350463867,-18.1280784606934,"Unknown"
"5020555",378677,2026-04-08 00:20:04,28.897970199585,-18.128999710083,"Unknown"
"5020555",378677,2026-04-08 00:25:04,28.8972225189209,-18.1300430297852,"Unknown"
"5020555",378677,2026-04-08 00:30:09,28.8966007232666,-18.131010055542,"Unknown"
"5020555",378677,2026-04-08 00:35:06,28.8960266113281,-18.131893157959,"Unknown"
"5020555",378677,2026-04-08 00:40:05,28.8954906463623,-18.1327877044678,"Unknown"
"5020555",378677,2026-04-08 00:45:07,28.8949489593506,-18.1338539123535,"Unknown"
"5020555",378677,2026-04-08 00:50:10,28.8945236206055,-18.1349620819092,"Unknown"
"5020555",378677,2026-04-08 00:55:33,28.8938503265381,-18.1360683441162,"Unknown"
"5020555",378677,2026-04-08 01:00:04,28.893346786499,-18.1370162963867,"Unknown"
"5020555",378677,2026-04-08 01:05:04,28.8930053710938,-18.1384658813477,"Unknown"
"5020555",378677,2026-04-08 01:10:04,28.8924121856689,-18.139461517334,"Unknown"
"5020555",378677,2026-04-08 01:15:04,28.8923492431641,-18.1410827636719,"Unknown"
"5020555",378677,2026-04-08 01:20:04,28.8918704986572,-18.1421508789062,"Unknown"
"5020555",378677,2026-04-08 01:25:04,28.8913402557373,-18.1432037353516,"Unknown"
"5020555",378677,2026-04-08 01:30:04,28.8905906677246,-18.1439228057861,"Unknown"
"5020555",378677,2026-04-08 01:35:04,28.8901348114014,-18.1446170806885,"Unknown"
"5020555",378677,2026-04-08 01:40:04,28.8896236419678,-18.1455917358398,"Unknown"
"5020555",378677,2026-04-08 01:45:04,28.8889751434326,-18.1464767456055,"Unknown"
"5020555",378677,2026-04-08 01:50:05,28.8883743286133,-18.1474666595459,"Unknown"
"5020555",378677,2026-04-08 01:55:06,28.8852500915527,-18.1367435455322,"Unknown"
"5020555",378677,2026-04-08 02:00:06,28.8784370422363,-18.1188488006592,"Unknown"
"5020555",378677,2026-04-08 02:05:07,28.8672428131104,-18.0958156585693,"Unknown"
"5020555",378677,2026-04-08 02:10:05,28.8539619445801,-18.0742816925049,"Unknown"
"5020555",378677,2026-04-08 02:15:06,28.8406791687012,-18.0530815124512,"Unknown"
"5020555",378677,2026-04-08 02:20:06,28.8380508422852,-18.0495109558105,"Unknown"
"5020555",378677,2026-04-08 02:25:09,28.8306846618652,-18.0367488861084,"Unknown"
"5020555",378677,2026-04-08 02:30:06,28.8207187652588,-18.0154495239258,"Unknown"
"5020555",378677,2026-04-08 02:35:06,28.8142852783203,-17.9955215454102,"Unknown"
"5020555",378677,2026-04-08 02:40:07,28.8156852722168,-17.9930896759033,"Unknown"
"5020555",378677,2026-04-08 02:45:06,28.8157749176025,-17.9933319091797,"Unknown"
"5020555",378677,2026-04-08 02:50:11,28.8158340454102,-17.9934940338135,"Unknown"
"5020555",378677,2026-04-08 02:55:06,28.8159484863281,-17.9936656951904,"Unknown"
"5020555",378677,2026-04-08 03:00:07,28.8161163330078,-17.9938793182373,"Unknown"
"5020555",378677,2026-04-08 03:05:33,28.8164024353027,-17.9942283630371,"Unknown"
"5020555",378677,2026-04-08 03:10:05,28.8167552947998,-17.994457244873,"Unknown"
"5020555",378677,2026-04-08 03:15:05,28.817066192627,-17.9947872161865,"Unknown"
"5020555",378677,2026-04-08 03:20:04,28.8175086975098,-17.9948654174805,"Unknown"
"5020555",378677,2026-04-08 03:25:05,28.8180370330811,-17.9950695037842,"Unknown"
"5020555",378677,2026-04-08 03:30:04,28.8183574676514,-17.9952716827393,"Unknown"
"5020555",378677,2026-04-08 03:35:04,28.8187351226807,-17.9955768585205,"Unknown"
"5020555",378677,2026-04-08 03:40:04,28.8189525604248,-17.9956912994385,"Unknown"
"5020555",378677,2026-04-08 03:45:05,28.8193836212158,-17.9959201812744,"Unknown"
"5020555",378677,2026-04-08 03:50:04,28.8198375701904,-17.996166229248,"Unknown"
"5020555",378677,2026-04-08 03:55:05,28.8202972412109,-17.9962749481201,"Unknown"
"5020555",378677,2026-04-08 04:00:04,28.8206481933594,-17.9963455200195,"Unknown"
"5020555",378677,2026-04-08 04:05:06,28.8211078643799,-17.9964733123779,"Unknown"
"5020555",378677,2026-04-08 04:10:05,28.8215713500977,-17.9966068267822,"Unknown"
"5020555",378677,2026-04-08 04:15:06,28.8220672607422,-17.9967136383057,"Unknown"
"5020555",378677,2026-04-08 04:20:07,28.822639465332,-17.9968338012695,"Unknown"
"5020555",378677,2026-04-08 04:25:33,28.8233051300049,-17.9970550537109,"Unknown"
"5020555",378677,2026-04-08 04:30:04,28.8237838745117,-17.9971084594727,"Unknown"
"5020555",378677,2026-04-08 04:35:04,28.8243618011475,-17.9971733093262,"Unknown"
"5020555",378677,2026-04-08 04:40:05,28.824893951416,-17.9972591400146,"Unknown"
"5020555",378677,2026-04-08 04:45:04,28.8254241943359,-17.9974155426025,"Unknown"
"5020555",378677,2026-04-08 04:50:06,28.825963973999,-17.9974918365479,"Unknown"
"5020555",378677,2026-04-08 04:55:04,28.8263206481934,-17.9977016448975,"Unknown"
"5020555",378677,2026-04-08 05:00:04,28.826587677002,-17.9978866577148,"Unknown"
"5020555",378677,2026-04-08 05:05:04,28.8269386291504,-17.9982776641846,"Unknown"
"5020555",378677,2026-04-08 05:10:05,28.8272514343262,-17.9986839294434,"Unknown"
"5020555",378677,2026-04-08 05:15:06,28.8274002075195,-17.9991073608398,"Unknown"
"5020555",378677,2026-04-08 05:20:04,28.8275756835938,-17.9997653961182,"Unknown"
"5020555",378677,2026-04-08 05:25:05,28.8275814056396,-18.0002975463867,"Unknown"
"5020555",378677,2026-04-08 05:30:08,28.8326854705811,-17.996129989624,"Unknown"
"5020555",378677,2026-04-08 05:35:06,28.8294334411621,-17.9981327056885,"Unknown"
"5020555",378677,2026-04-08 05:40:33,28.82887840271,-17.99875831604,"Unknown"
"5020555",378677,2026-04-08 05:45:06,28.8286266326904,-18.0011940002441,"Unknown"
"5020555",378677,2026-04-08 05:50:04,28.8261127471924,-17.9858245849609,"Unknown"
"5020555",378677,2026-04-08 05:55:04,28.8278045654297,-17.9811763763428,"Unknown"
"5020555",378677,2026-04-08 06:00:05,28.8271999359131,-17.981481552124,"Unknown"
"5020555",378677,2026-04-08 06:05:05,28.8266658782959,-17.9816474914551,"Unknown"
"5020555",378677,2026-04-08 06:10:05,28.8263034820557,-17.9823894500732,"Unknown"
"5020555",378677,2026-04-08 06:15:04,28.827465057373,-17.9780139923096,"Unknown"
"5020555",378677,2026-04-08 06:20:05,28.8395080566406,-17.9628601074219,"Unknown"
"5020555",378677,2026-04-08 06:25:06,28.8502197265625,-17.9512157440186,"Unknown"
"5020555",378677,2026-04-08 06:30:07,28.8630828857422,-17.9411315917969,"Unknown"
"5020555",378677,2026-04-08 06:35:06,28.8733863830566,-17.9310703277588,"Unknown"
"5020555",378677,2026-04-08 06:40:07,28.8815956115723,-17.912239074707,"Unknown"
"5020555",378677,2026-04-08 06:45:07,28.8968772888184,-17.9053058624268,"Unknown"
"5020555",378677,2026-04-08 06:50:05,28.9006824493408,-17.9046154022217,"Unknown"
"5020555",378677,2026-04-08 06:55:05,28.9151268005371,-17.9103469848633,"Unknown"
"5020555",378677,2026-04-08 07:00:06,28.9199161529541,-17.9397163391113,"Unknown"
"5020555",378677,2026-04-08 07:05:09,28.9198684692383,-17.9759368896484,"Unknown"
"5020555",378677,2026-04-08 07:10:10,28.8869361877441,-17.9701614379883,"Unknown"
"5020555",378677,2026-04-08 07:15:09,28.8678417205811,-17.9503650665283,"Unknown"
"5020555",378677,2026-04-08 07:20:12,28.8612213134766,-17.9486694335938,"Unknown"
"5020555",378677,2026-04-08 07:25:47,28.8610000610352,-17.9477386474609,"Unknown"
"5020555",378677,2026-04-08 07:30:06,28.8625526428223,-17.9471206665039,"Unknown"
"5020555",378677,2026-04-08 07:35:07,28.8584156036377,-17.950008392334,"Unknown"
"5020555",378677,2026-04-08 07:40:08,28.8639335632324,-17.944917678833,"Unknown"
"5020555",378677,2026-04-08 07:45:41,28.8596210479736,-17.9498023986816,"Unknown"
"5020555",378677,2026-04-08 07:50:05,28.8621559143066,-17.9487915039062,"Unknown"
"5020555",378677,2026-04-08 07:55:06,28.8644123077393,-17.9476146697998,"Unknown"
"5020555",378677,2026-04-08 08:00:06,28.8621730804443,-17.9441509246826,"Unknown"
"5020555",378677,2026-04-08 08:05:09,28.8631343841553,-17.9413089752197,"Unknown"
"5020555",378677,2026-04-08 08:10:07,28.8616065979004,-17.9388694763184,"Unknown"
"5020555",378677,2026-04-08 08:15:06,28.8606967926025,-17.9390830993652,"Unknown"
"5020555",378677,2026-04-08 08:20:33,28.8613147735596,-17.9388561248779,"Unknown"
"5020555",378677,2026-04-08 08:25:04,28.8611907958984,-17.9384860992432,"Unknown"
"5020555",378677,2026-04-08 08:30:06,28.8682556152344,-17.9400482177734,"Unknown"
"5020555",378677,2026-04-08 08:35:05,28.8697948455811,-17.9426364898682,"Unknown"
"5020555",378677,2026-04-08 08:40:06,28.8693618774414,-17.9435958862305,"Unknown"
"5020555",378677,2026-04-08 08:45:06,28.8689117431641,-17.9445133209229,"Unknown"
"5020555",378677,2026-04-08 08:50:06,28.8685760498047,-17.9454975128174,"Unknown"
"5020555",378677,2026-04-08 08:55:07,28.8681926727295,-17.946460723877,"Unknown"
"5020555",378677,2026-04-08 09:00:05,28.8678817749023,-17.9475345611572,"Unknown"
"5020555",378677,2026-04-08 09:05:07,28.8673725128174,-17.9485969543457,"Unknown"
"5020555",378677,2026-04-08 09:10:07,28.8670082092285,-17.9497146606445,"Unknown"
"5020555",378677,2026-04-08 09:15:08,28.8664703369141,-17.9509563446045,"Unknown"
"5020555",378677,2026-04-08 09:20:08,28.8658542633057,-17.9521198272705,"Unknown"
"5020555",378677,2026-04-08 09:25:33,28.8652458190918,-17.9534072875977,"Unknown"
"5020555",378677,2026-04-08 09:30:05,28.86474609375,-17.9544258117676,"Unknown"
"5020555",378677,2026-04-08 09:35:06,28.8641567230225,-17.955545425415,"Unknown"
"5020555",378677,2026-04-08 09:40:06,28.8635120391846,-17.9566421508789,"Unknown"
"5020555",378677,2026-04-08 09:45:05,28.8629360198975,-17.9578189849854,"Unknown"
"5020555",378677,2026-04-08 09:50:04,28.861629486084,-17.961986541748,"Unknown"
"5020555",378677,2026-04-08 09:55:05,28.865930557251,-17.9616298675537,"Unknown"
"5020555",378677,2026-04-08 10:00:05,28.8686790466309,-17.9640254974365,"Unknown"
"5020555",378677,2026-04-08 10:05:05,28.8685989379883,-17.9665088653564,"Unknown"
"5020555",378677,2026-04-08 10:10:05,28.8677921295166,-17.9676170349121,"Unknown"
"5020555",378677,2026-04-08 10:15:05,28.8669776916504,-17.9686889648438,"Unknown"
"5020555",378677,2026-04-08 10:20:05,28.8661994934082,-17.9697952270508,"Unknown"
"5020555",378677,2026-04-08 10:25:04,28.8653602600098,-17.9708232879639,"Unknown"
"5020555",378677,2026-04-08 10:30:06,28.8645095825195,-17.971830368042,"Unknown"
"5020555",378677,2026-04-08 10:35:05,28.8636512756348,-17.9728126525879,"Unknown"
"5020555",378677,2026-04-08 10:40:06,28.8630409240723,-17.9780769348145,"Unknown"
"5020555",378677,2026-04-08 10:45:06,28.8629703521729,-17.9780387878418,"Unknown"
"5020555",378677,2026-04-08 10:50:10,28.8618583679199,-17.9789810180664,"Unknown"
"5020555",378677,2026-04-08 10:55:09,28.8607196807861,-17.979959487915,"Unknown"
"5020555",378677,2026-04-08 11:00:07,28.8568897247314,-17.977725982666,"Unknown"
"5020555",378677,2026-04-08 11:05:10,28.8537998199463,-17.9664115905762,"Unknown"
"5020555",378677,2026-04-08 11:10:08,28.8530960083008,-17.9669322967529,"Unknown"
"5020555",378677,2026-04-08 11:15:06,28.852502822876,-17.9675312042236,"Unknown"
"5020555",378677,2026-04-08 11:20:11,28.8557472229004,-17.9594974517822,"Unknown"
"5020555",378677,2026-04-08 11:25:08,28.8552341461182,-17.9599685668945,"Unknown"
"5020555",378677,2026-04-08 11:30:08,28.855920791626,-17.9599571228027,"Unknown"
"5020555",378677,2026-04-08 11:35:11,28.8581581115723,-17.9594097137451,"Unknown"
"5020555",378677,2026-04-08 11:40:07,28.8572044372559,-17.9597282409668,"Unknown"
"5020555",378677,2026-04-08 11:45:08,28.8605213165283,-17.9573173522949,"Unknown"
"5020555",378677,2026-04-08 11:50:08,28.8626899719238,-17.9572124481201,"Unknown"
"5020555",378677,2026-04-08 11:55:09,28.8617038726807,-17.9581260681152,"Unknown"
"5020555",378677,2026-04-08 12:00:32,28.8612194061279,-17.9590187072754,"Unknown"
"5020555",378677,2026-04-08 12:05:06,28.8607883453369,-17.9598503112793,"Unknown"
"5020555",378677,2026-04-08 12:10:07,28.860445022583,-17.960620880127,"Unknown"
"5020555",378677,2026-04-08 12:15:07,28.8600254058838,-17.961462020874,"Unknown"
"5020555",378677,2026-04-08 12:20:06,28.8596153259277,-17.9621067047119,"Unknown"
"5020555",378677,2026-04-08 12:25:08,28.8592224121094,-17.9628391265869,"Unknown"
"5020555",378677,2026-04-08 12:30:07,28.8589382171631,-17.9634304046631,"Unknown"
"5020555",378677,2026-04-08 12:35:07,28.858528137207,-17.9640636444092,"Unknown"
"5020555",378677,2026-04-08 12:40:10,28.8578681945801,-17.9647102355957,"Unknown"
"5020555",378677,2026-04-08 12:45:08,28.8569011688232,-17.9617118835449,"Unknown"
"5020555",378677,2026-04-08 12:50:08,28.8561668395996,-17.9678287506104,"Unknown"
"5020555",378677,2026-04-08 12:55:07,28.8556537628174,-17.9690113067627,"Unknown"
"5020555",378677,2026-04-08 13:00:07,28.8574333190918,-17.9689636230469,"Unknown"
"5020555",378677,2026-04-08 13:05:07,28.8571319580078,-17.9694671630859,"Unknown"
"5020555",378677,2026-04-08 13:10:08,28.8567848205566,-17.96999168396,"Unknown"
"5020555",378677,2026-04-08 13:15:07,28.8563747406006,-17.9704418182373,"Unknown"
"5020555",378677,2026-04-08 13:20:06,28.8560466766357,-17.9708843231201,"Unknown"
"5020555",378677,2026-04-08 13:25:09,28.8556995391846,-17.9715538024902,"Unknown"
"5020555",378677,2026-04-08 13:30:08,28.8553905487061,-17.9721031188965,"Unknown"
"5020555",378677,2026-04-08 13:35:10,28.8551120758057,-17.9727096557617,"Unknown"
"5020555",378677,2026-04-08 13:40:08,28.8548545837402,-17.9731521606445,"Unknown"
"5020555",378677,2026-04-08 13:45:07,28.8546142578125,-17.9735774993896,"Unknown"
"5020555",378677,2026-04-08 13:50:33,28.8543910980225,-17.9740829467773,"Unknown"
"5020555",378677,2026-04-08 13:55:07,28.8541946411133,-17.9745121002197,"Unknown"
"5020555",378677,2026-04-08 14:00:08,28.8540649414062,-17.9747276306152,"Unknown"
"5020555",378677,2026-04-08 14:05:09,28.8540363311768,-17.9749774932861,"Unknown"
"5020555",378677,2026-04-08 14:10:33,28.8539867401123,-17.9753112792969,"Unknown"
"5020555",378677,2026-04-08 14:15:08,28.8540382385254,-17.9753665924072,"Unknown"
"5020555",378677,2026-04-08 14:20:09,28.8541374206543,-17.9755592346191,"Unknown"
"5020555",378677,2026-04-08 14:25:09,28.8500518798828,-17.9796905517578,"Unknown"
"5020555",378677,2026-04-08 14:30:13,28.8529396057129,-17.9761009216309,"Unknown"
"5020555",378677,2026-04-08 14:35:09,28.8531322479248,-17.9754238128662,"Unknown"
"5020555",378677,2026-04-08 14:40:08,28.8536128997803,-17.9746360778809,"Unknown"
"5020555",378677,2026-04-08 14:45:06,28.8578090667725,-17.9711856842041,"Unknown"
"5020555",378677,2026-04-08 14:50:09,28.858470916748,-17.977180480957,"Unknown"
"5020555",378677,2026-04-08 14:55:08,28.8584766387939,-17.9770965576172,"Unknown"
"5020555",378677,2026-04-08 15:00:09,28.8583717346191,-17.9799423217773,"Unknown"
"5020555",378677,2026-04-08 15:05:07,28.859317779541,-17.9801025390625,"Unknown"
"5020555",378677,2026-04-08 15:10:07,28.8596515655518,-17.9799556732178,"Unknown"
"5020555",378677,2026-04-08 15:15:07,28.859842300415,-17.9797458648682,"Unknown"
"5020555",378677,2026-04-08 15:20:33,28.8600196838379,-17.9795608520508,"Unknown"
"5020555",378677,2026-04-08 15:25:10,28.860107421875,-17.979419708252,"Unknown"
"5020555",378677,2026-04-08 15:30:08,28.8601398468018,-17.979133605957,"Unknown"
"5020555",378677,2026-04-08 15:35:09,28.8602352142334,-17.9788398742676,"Unknown"
"5020555",378677,2026-04-08 15:40:09,28.8603668212891,-17.9785270690918,"Unknown"
"5020555",378677,2026-04-08 15:45:10,28.8604278564453,-17.9783573150635,"Unknown"
"5020555",378677,2026-04-08 15:50:10,28.8605403900146,-17.9782257080078,"Unknown"
"5020555",378677,2026-04-08 15:55:11,28.8605461120605,-17.978141784668,"Unknown"
"5020555",378677,2026-04-08 16:00:09,28.8605575561523,-17.9781723022461,"Unknown"
"5020555",378677,2026-04-08 16:05:11,28.8607025146484,-17.9781494140625,"Unknown"
"5020555",378677,2026-04-08 16:10:10,28.8607368469238,-17.9781436920166,"Unknown"
"5020555",378677,2026-04-08 16:15:10,28.8607807159424,-17.9782199859619,"Unknown"
"5020555",378677,2026-04-08 16:20:10,28.8609294891357,-17.9783172607422,"Unknown"
"5020555",378677,2026-04-08 16:25:10,28.8610763549805,-17.9784984588623,"Unknown"
"5020555",378677,2026-04-08 16:30:10,28.8610858917236,-17.9785766601562,"Unknown"
"5020555",378677,2026-04-08 16:35:09,28.861083984375,-17.9786987304688,"Unknown"
"5020555",378677,2026-04-08 16:40:11,28.8610591888428,-17.9788303375244,"Unknown"
"5020555",378677,2026-04-08 16:45:11,28.8608741760254,-17.9789543151855,"Unknown"
"5020555",378677,2026-04-08 16:50:33,28.86061668396,-17.9790229797363,"Unknown"
"5020555",378677,2026-04-08 16:55:09,28.8605403900146,-17.9782905578613,"Unknown"
"5020555",378677,2026-04-08 17:00:10,28.8395919799805,-17.9758682250977,"Unknown"
"5020555",378677,2026-04-08 17:05:10,28.8506317138672,-17.9703807830811,"Unknown"
"5020555",378677,2026-04-08 17:10:11,28.8502731323242,-17.9540672302246,"Unknown"
"5020555",378677,2026-04-08 17:15:11,28.8619422912598,-17.9314479827881,"Unknown"
"5020555",378677,2026-04-08 17:20:09,28.8682327270508,-17.9189796447754,"Unknown"
"5020555",378677,2026-04-08 17:25:11,28.879711151123,-17.9070453643799,"Unknown"
"5020555",378677,2026-04-08 17:30:08,28.885856628418,-17.9119110107422,"Unknown"
"5020555",378677,2026-04-08 17:35:10,28.8865184783936,-17.9104518890381,"Unknown"
"5020555",378677,2026-04-08 17:40:25,28.8853645324707,-17.9103469848633,"Unknown"
"5020555",378677,2026-04-08 17:45:09,28.8818264007568,-17.9073810577393,"Unknown"
"5020555",378677,2026-04-08 17:50:10,28.8748550415039,-17.9283657073975,"Unknown"
"5020555",378677,2026-04-08 17:55:11,28.8747406005859,-17.928409576416,"Unknown"
"5020555",378677,2026-04-08 18:00:11,28.8746166229248,-17.9282817840576,"Unknown"
"5020555",378677,2026-04-08 18:05:10,28.8746528625488,-17.928201675415,"Unknown"
"5020555",378677,2026-04-08 18:10:10,28.8745861053467,-17.9280376434326,"Unknown"
"5020555",378677,2026-04-08 18:15:11,28.8628540039062,-17.9345073699951,"Unknown"
"5020555",378677,2026-04-08 18:20:10,28.8493671417236,-17.9484195709229,"Unknown"
"5020555",378677,2026-04-08 18:25:10,28.8550834655762,-17.9588508605957,"Unknown"
"5020555",378677,2026-04-08 18:30:09,28.8657760620117,-17.9300022125244,"Unknown"
"5020555",378677,2026-04-08 18:35:12,28.876974105835,-17.906307220459,"Unknown"
"5020555",378677,2026-04-08 18:40:11,28.8843193054199,-17.908634185791,"Unknown"
"5020555",378677,2026-04-08 18:45:39,28.8870029449463,-17.9189300537109,"Unknown"
"5020555",378677,2026-04-08 18:50:11,28.8869438171387,-17.9187526702881,"Unknown"
"5020555",378677,2026-04-08 18:55:10,28.8868026733398,-17.9187049865723,"Unknown"
"5020555",378677,2026-04-08 19:00:12,28.8869190216064,-17.9188423156738,"Unknown"
"5020555",378677,2026-04-08 19:05:33,28.8870582580566,-17.9189338684082,"Unknown"
"5020555",378677,2026-04-08 19:10:08,28.8871116638184,-17.919132232666,"Unknown"
"5020555",378677,2026-04-08 19:15:09,28.8869876861572,-17.9196338653564,"Unknown"
"5020555",378677,2026-04-08 19:20:09,28.8821601867676,-17.9107398986816,"Unknown"
"5020555",378677,2026-04-08 19:25:09,28.8787155151367,-17.9200458526611,"Unknown"
"5020555",378677,2026-04-08 19:30:19,28.881067276001,-17.9049758911133,"Unknown"
"5020555",378677,2026-04-08 19:36:33,28.8812885284424,-17.9075336456299,"Unknown"
"5020555",378677,2026-04-08 19:40:09,28.8787784576416,-17.9121761322021,"Unknown"
"5020555",378677,2026-04-08 19:45:10,28.8673248291016,-17.9442901611328,"Unknown"
"5020555",378677,2026-04-08 19:50:09,28.8579025268555,-17.9668884277344,"Unknown"
"5020555",378677,2026-04-08 19:55:10,28.8605537414551,-17.9660758972168,"Unknown"
"5020555",378677,2026-04-08 20:00:10,28.8602542877197,-17.9659729003906,"Unknown"
"5020555",378677,2026-04-08 20:05:13,28.8598918914795,-17.9658145904541,"Unknown"
"5020555",378677,2026-04-08 20:10:10,28.8655300140381,-17.9730339050293,"Unknown"
"5020555",378677,2026-04-08 20:15:08,28.8518886566162,-17.9970226287842,"Unknown"
"5020555",378677,2026-04-08 20:20:12,28.8506546020508,-17.9995765686035,"Unknown"
"5020555",378677,2026-04-08 20:25:12,28.8500881195068,-17.9997844696045,"Unknown"
"5020555",378677,2026-04-08 20:30:10,28.8494834899902,-18.0002746582031,"Unknown"
"5020555",378677,2026-04-08 20:35:10,28.8487892150879,-18.0006999969482,"Unknown"
"5020555",378677,2026-04-08 20:40:12,28.8480319976807,-18.0010948181152,"Unknown"
"5020555",378677,2026-04-08 20:45:13,28.8472957611084,-18.0014991760254,"Unknown"
"5020555",378677,2026-04-08 20:50:33,28.8466854095459,-18.0019721984863,"Unknown"
"5020555",378677,2026-04-08 20:55:08,28.8460655212402,-18.0023441314697,"Unknown"
"5020555",378677,2026-04-08 21:00:09,28.8454322814941,-18.0027256011963,"Unknown"
"5020555",378677,2026-04-08 21:05:09,28.8448867797852,-18.0031604766846,"Unknown"
"5020555",378677,2026-04-08 21:10:10,28.8442687988281,-18.0035743713379,"Unknown"
"5020555",378677,2026-04-08 21:15:10,28.8437061309814,-18.0040073394775,"Unknown"
"5020555",378677,2026-04-08 21:20:10,28.8432521820068,-18.0045299530029,"Unknown"
"5020555",378677,2026-04-08 21:25:09,28.842794418335,-18.0049629211426,"Unknown"
"5020555",378677,2026-04-08 21:30:10,28.8423328399658,-18.0054798126221,"Unknown"
"5020555",378677,2026-04-08 21:35:13,28.8419284820557,-18.0060119628906,"Unknown"
"5020555",378677,2026-04-08 21:40:10,28.8416194915771,-18.0065670013428,"Unknown"
"5020555",378677,2026-04-08 21:45:09,28.8413372039795,-18.0070152282715,"Unknown"
"5020555",378677,2026-04-08 21:50:10,28.8410491943359,-18.0074596405029,"Unknown"
"5020555",378677,2026-04-08 21:55:09,28.8408203125,-18.0079326629639,"Unknown"
"5020555",378677,2026-04-08 22:00:08,28.8406028747559,-18.0084209442139,"Unknown"
"5020555",378677,2026-04-08 22:05:10,28.8404502868652,-18.0088558197021,"Unknown"
"5020555",378677,2026-04-08 22:10:10,28.840181350708,-18.0092525482178,"Unknown"
"5020555",378677,2026-04-08 22:15:09,28.8398761749268,-18.0096244812012,"Unknown"
"5020555",378677,2026-04-08 22:20:33,28.8395481109619,-18.0100002288818,"Unknown"
"5020555",378677,2026-04-08 22:25:08,28.839334487915,-18.0103569030762,"Unknown"
"5020555",378677,2026-04-08 22:30:08,28.8390579223633,-18.0107650756836,"Unknown"
"5020555",378677,2026-04-08 22:35:10,28.838846206665,-18.0112590789795,"Unknown"
"5020555",378677,2026-04-08 22:40:08,28.8386402130127,-18.0118618011475,"Unknown"
"5020555",378677,2026-04-08 22:45:09,28.8384246826172,-18.0124588012695,"Unknown"
"5020555",378677,2026-04-08 22:50:10,28.8382396697998,-18.0130863189697,"Unknown"
"5020555",378677,2026-04-08 22:55:08,28.8380451202393,-18.013858795166,"Unknown"
"5020555",378677,2026-04-08 23:00:10,28.8378582000732,-18.0145225524902,"Unknown"
"5020555",378677,2026-04-08 23:05:10,28.8377017974854,-18.0149478912354,"Unknown"
"5020555",378677,2026-04-08 23:10:10,28.8375282287598,-18.0153636932373,"Unknown"
"5020555",378677,2026-04-08 23:15:11,28.8372535705566,-18.0157871246338,"Unknown"
"5020555",378677,2026-04-08 23:20:11,28.8368740081787,-18.0161743164062,"Unknown"
"5020555",378677,2026-04-08 23:25:09,28.8364448547363,-18.0166931152344,"Unknown"
"5020555",378677,2026-04-08 23:30:10,28.8359527587891,-18.0172290802002,"Unknown"
"5020555",378677,2026-04-08 23:35:08,28.8353366851807,-18.0177974700928,"Unknown"
"5020555",378677,2026-04-08 23:40:11,28.8348197937012,-18.0182590484619,"Unknown"
"5020555",378677,2026-04-08 23:45:11,28.8342819213867,-18.0186729431152,"Unknown"
"5020555",378677,2026-04-08 23:50:10,28.8338413238525,-18.0190353393555,"Unknown"
"5020555",378677,2026-04-08 23:55:10,28.8333854675293,-18.0194034576416,"Unknown"
"5020555",378677,2026-04-09 00:00:11,28.8327236175537,-18.0197296142578,"Unknown"
"5020555",378677,2026-04-09 00:05:11,28.8320751190186,-18.0200672149658,"Unknown"
"5020555",378677,2026-04-09 00:10:10,28.8313961029053,-18.0203418731689,"Unknown"
"5020555",378677,2026-04-09 00:15:12,28.830867767334,-18.0204887390137,"Unknown"
"5020555",378677,2026-04-09 00:20:11,28.8303108215332,-18.0206260681152,"Unknown"
"5020555",378677,2026-04-09 00:25:11,28.8297157287598,-18.020788192749,"Unknown"
"5020555",378677,2026-04-09 00:30:10,28.8292846679688,-18.0209999084473,"Unknown"
"5020555",378677,2026-04-09 00:35:11,28.828987121582,-18.0212535858154,"Unknown"
"5020555",378677,2026-04-09 00:40:15,28.8288631439209,-18.0214805603027,"Unknown"
"5020555",378677,2026-04-09 00:45:14,28.8285503387451,-18.0217380523682,"Unknown"
"5020555",378677,2026-04-09 00:50:33,28.8280830383301,-18.0220623016357,"Unknown"
"5020555",378677,2026-04-09 00:55:08,28.8276119232178,-18.022289276123,"Unknown"
"5020555",378677,2026-04-09 01:00:08,28.827112197876,-18.0225048065186,"Unknown"
"5020555",378677,2026-04-09 01:05:08,28.8267021179199,-18.0227279663086,"Unknown"
"5020555",378677,2026-04-09 01:10:08,28.8262691497803,-18.0229816436768,"Unknown"
"5020555",378677,2026-04-09 01:15:08,28.8258228302002,-18.0232334136963,"Unknown"
"5020555",378677,2026-04-09 01:20:08,28.8253440856934,-18.0235748291016,"Unknown"
"5020555",378677,2026-04-09 01:25:10,28.8249416351318,-18.0237846374512,"Unknown"
"5020555",378677,2026-04-09 01:30:08,28.8245849609375,-18.0239849090576,"Unknown"
"5020555",378677,2026-04-09 01:35:10,28.8242130279541,-18.0241756439209,"Unknown"
"5020555",378677,2026-04-09 01:40:10,28.8238563537598,-18.024435043335,"Unknown"
"5020555",378677,2026-04-09 01:45:09,28.8234024047852,-18.0245933532715,"Unknown"
"5020555",378677,2026-04-09 01:50:10,28.8227844238281,-18.0245952606201,"Unknown"
"5020555",378677,2026-04-09 01:55:10,28.8223152160645,-18.0247192382812,"Unknown"
"5020555",378677,2026-04-09 02:00:08,28.8221302032471,-18.024995803833,"Unknown"
"5020555",378677,2026-04-09 02:05:10,28.8218688964844,-18.0250968933105,"Unknown"
"5020555",378677,2026-04-09 02:10:09,28.8216514587402,-18.0250396728516,"Unknown"
"5020555",378677,2026-04-09 02:15:11,28.8213920593262,-18.0249214172363,"Unknown"
"5020555",378677,2026-04-09 02:20:11,28.8209934234619,-18.0247268676758,"Unknown"
"5020555",378677,2026-04-09 02:25:10,28.8205738067627,-18.0245208740234,"Unknown"
"5020555",378677,2026-04-09 02:30:11,28.8192844390869,-18.0216293334961,"Unknown"
"5020555",378677,2026-04-09 02:35:10,28.8181743621826,-18.0167503356934,"Unknown"
"5020555",378677,2026-04-09 02:40:11,28.8071308135986,-18.0005168914795,"Unknown"
"5020555",378677,2026-04-09 02:45:11,28.8070411682129,-18.0006351470947,"Unknown"
"5020555",378677,2026-04-09 02:50:11,28.8069744110107,-18.0006809234619,"Unknown"
"5020555",378677,2026-04-09 02:55:15,28.8069190979004,-18.0006618499756,"Unknown"
"5020555",378677,2026-04-09 03:00:33,28.8067951202393,-18.0007305145264,"Unknown"
"5020555",378677,2026-04-09 03:05:08,28.8066062927246,-18.0007228851318,"Unknown"
"5020555",378677,2026-04-09 03:10:08,28.8064823150635,-18.0008182525635,"Unknown"
"5020555",378677,2026-04-09 03:15:10,28.8063488006592,-18.0009613037109,"Unknown"
"5020555",378677,2026-04-09 03:20:09,28.8060531616211,-18.0010204315186,"Unknown"
"5020555",378677,2026-04-09 03:25:08,28.805721282959,-18.0011043548584,"Unknown"
"5020555",378677,2026-04-09 03:30:08,28.8052101135254,-18.0012683868408,"Unknown"
"5020555",378677,2026-04-09 03:35:10,28.8122615814209,-17.9948120117188,"Unknown"
"5020555",378677,2026-04-09 03:40:08,28.8174781799316,-17.9924201965332,"Unknown"
"5020555",378677,2026-04-09 03:45:08,28.8168697357178,-17.9921741485596,"Unknown"
"5020555",378677,2026-04-09 03:50:08,28.81618309021,-17.9918689727783,"Unknown"
"5020555",378677,2026-04-09 03:55:08,28.8155326843262,-17.9915180206299,"Unknown"
"5020555",378677,2026-04-09 04:00:09,28.8149490356445,-17.9911708831787,"Unknown"
"5020555",378677,2026-04-09 04:05:10,28.8205184936523,-17.9843883514404,"Unknown"
"5020555",378677,2026-04-09 04:10:10,28.8342609405518,-17.9720821380615,"Unknown"
"5020555",378677,2026-04-09 04:15:10,28.8480606079102,-17.9565048217773,"Unknown"
"5020555",378677,2026-04-09 04:20:10,28.8595123291016,-17.9357814788818,"Unknown"
"5020555",378677,2026-04-09 04:26:33,28.8667469024658,-17.9126663208008,"Unknown"
"5020555",378677,2026-04-09 04:30:33,28.8688926696777,-17.912145614624,"Unknown"
"5020555",378677,2026-04-09 04:35:08,28.8685455322266,-17.9120635986328,"Unknown"
"5020555",378677,2026-04-09 04:40:08,28.8681812286377,-17.9120044708252,"Unknown"
"5020555",378677,2026-04-09 04:45:08,28.8679389953613,-17.9091854095459,"Unknown"
"5020555",378677,2026-04-09 04:50:09,28.8674449920654,-17.908805847168,"Unknown"
"5020555",378677,2026-04-09 04:55:10,28.8669872283936,-17.9083404541016,"Unknown"
"5020555",378677,2026-04-09 05:00:09,28.8666152954102,-17.9079627990723,"Unknown"
"5020555",378677,2026-04-09 05:05:09,28.8662548065186,-17.9075317382812,"Unknown"
"5020555",378677,2026-04-09 05:10:33,28.866512298584,-17.9072513580322,"Unknown"
"5020555",378677,2026-04-09 05:15:09,28.8715438842773,-17.9193592071533,"Unknown"
"5020555",378677,2026-04-09 05:20:08,28.8711833953857,-17.9186363220215,"Unknown"
"5020555",378677,2026-04-09 05:25:08,28.8707389831543,-17.9179935455322,"Unknown"
"5020555",378677,2026-04-09 05:30:08,28.8691329956055,-17.9208240509033,"Unknown"
"5020555",378677,2026-04-09 05:35:08,28.8688297271729,-17.9202938079834,"Unknown"
"5020555",378677,2026-04-09 05:40:08,28.8684406280518,-17.9198913574219,"Unknown"
"5020555",378677,2026-04-09 05:45:09,28.868049621582,-17.9193859100342,"Unknown"
"5020555",378677,2026-04-09 05:50:11,28.8676929473877,-17.9187049865723,"Unknown"
"5020555",378677,2026-04-09 05:55:10,28.8673458099365,-17.9180374145508,"Unknown"
"5020555",378677,2026-04-09 06:00:09,28.8682117462158,-17.9163780212402,"Unknown"
"5020555",378677,2026-04-09 06:05:10,28.8774795532227,-17.9059944152832,"Unknown"
"5020555",378677,2026-04-09 06:10:11,28.8855590820312,-17.8889198303223,"Unknown"
"5020555",378677,2026-04-09 06:15:13,28.8933010101318,-17.8732662200928,"Unknown"
"5020555",378677,2026-04-09 06:20:10,28.8935127258301,-17.8646812438965,"Unknown"
"5020555",378677,2026-04-09 06:25:09,28.8864250183105,-17.8757877349854,"Unknown"
"5020555",378677,2026-04-09 06:30:10,28.8892993927002,-17.8822727203369,"Unknown"
"5020555",378677,2026-04-09 06:36:33,28.890495300293,-17.8810939788818,"Unknown"
"5020555",378677,2026-04-09 06:41:33,28.8833179473877,-17.8676376342773,"Unknown"
"5020555",378677,2026-04-09 06:46:33,28.8687038421631,-17.8662605285645,"Unknown"
"5020555",378677,2026-04-09 06:51:33,28.8716983795166,-17.8857116699219,"Unknown"
"5020555",378677,2026-04-09 07:01:33,28.8889217376709,-17.8867626190186,"Unknown"
"5020555",378677,2026-04-09 07:06:11,28.8877792358398,-17.867618560791,"Unknown"
"5020555",378677,2026-04-09 07:11:33,28.882152557373,-17.8672256469727,"Unknown"
"5020555",378677,2026-04-09 07:16:33,28.8686580657959,-17.8898067474365,"Unknown"
"5020555",378677,2026-04-09 07:21:33,28.8669757843018,-17.9049587249756,"Unknown"
"5020555",378677,2026-04-09 07:26:33,28.8662433624268,-17.90749168396,"Unknown"
"5020555",378677,2026-04-09 07:30:33,28.8661594390869,-17.9076652526855,"Unknown"
"5020555",378677,2026-04-09 07:35:27,28.8666439056396,-17.9100322723389,"Unknown"
"5020555",378677,2026-04-09 07:40:09,28.8650550842285,-17.9191646575928,"Unknown"
"5020555",378677,2026-04-09 07:45:11,28.8677539825439,-17.914213180542,"Unknown"
"5020555",378677,2026-04-09 07:50:09,28.8714752197266,-17.9092388153076,"Unknown"
"5020555",378677,2026-04-09 07:55:16,28.8730030059814,-17.9117832183838,"Unknown"
"5020555",378677,2026-04-09 08:00:14,28.8726463317871,-17.9119968414307,"Unknown"
"5020555",378677,2026-04-09 08:05:11,28.8722229003906,-17.9122295379639,"Unknown"
"5020555",378677,2026-04-09 08:10:09,28.8717956542969,-17.912561416626,"Unknown"
"5020555",378677,2026-04-09 08:15:08,28.8713550567627,-17.9128913879395,"Unknown"
"5020555",378677,2026-04-09 08:20:08,28.8709926605225,-17.9133758544922,"Unknown"
"5020555",378677,2026-04-09 08:25:10,28.8706130981445,-17.9138278961182,"Unknown"
"5020555",378677,2026-04-09 08:30:12,28.8703308105469,-17.9142932891846,"Unknown"
"5020555",378677,2026-04-09 08:35:10,28.8700256347656,-17.9149360656738,"Unknown"
"5020555",378677,2026-04-09 08:40:11,28.869779586792,-17.9156475067139,"Unknown"
"5020555",378677,2026-04-09 08:45:10,28.8695697784424,-17.9163837432861,"Unknown"
"5020555",378677,2026-04-09 08:50:11,28.869234085083,-17.9171867370605,"Unknown"
"5020555",378677,2026-04-09 08:55:13,28.8660640716553,-17.9083366394043,"Unknown"
"5020555",378677,2026-04-09 09:00:10,28.8670310974121,-17.9074420928955,"Unknown"
"5020555",378677,2026-04-09 09:06:33,28.8664016723633,-17.904899597168,"Unknown"
"5020555",378677,2026-04-09 09:11:33,28.8683891296387,-17.8931732177734,"Unknown"
"5020555",378677,2026-04-09 09:16:33,28.8575630187988,-17.8952941894531,"Unknown"
"5020555",378677,2026-04-09 09:21:27,28.8560333251953,-17.893648147583,"Unknown"
"5020555",378677,2026-04-09 09:25:11,28.8569087982178,-17.893440246582,"Unknown"
"5020555",378677,2026-04-09 09:30:10,28.8551597595215,-17.889274597168,"Unknown"
"5020555",378677,2026-04-09 09:35:10,28.8581123352051,-17.8895378112793,"Unknown"
"5020555",378677,2026-04-09 09:40:10,28.8563404083252,-17.8931350708008,"Unknown"
"5020555",378677,2026-04-09 09:45:10,28.8564014434814,-17.8937244415283,"Unknown"
"5020555",378677,2026-04-09 09:50:08,28.8601932525635,-17.8959712982178,"Unknown"
"5020555",378677,2026-04-09 09:55:16,28.8566131591797,-17.8903198242188,"Unknown"
"5020555",378677,2026-04-09 10:00:10,28.8559627532959,-17.8903656005859,"Unknown"
"5020555",378677,2026-04-09 10:05:10,28.8564624786377,-17.8899669647217,"Unknown"
"5020555",378677,2026-04-09 10:10:11,28.8572006225586,-17.8877754211426,"Unknown"
"5020555",378677,2026-04-09 10:15:10,28.8573207855225,-17.8881282806396,"Unknown"
"5020555",378677,2026-04-09 10:20:10,28.8575477600098,-17.8884868621826,"Unknown"
"5020555",378677,2026-04-09 10:25:11,28.8578777313232,-17.8888931274414,"Unknown"
"5020555",378677,2026-04-09 10:30:11,28.858341217041,-17.8891563415527,"Unknown"
"5020555",378677,2026-04-09 10:35:11,28.8586483001709,-17.8896064758301,"Unknown"
"5020555",378677,2026-04-09 10:40:14,28.8590259552002,-17.8897037506104,"Unknown"
"5020555",378677,2026-04-09 10:45:11,28.8595504760742,-17.8897838592529,"Unknown"
"5020555",378677,2026-04-09 10:50:11,28.8600406646729,-17.8897285461426,"Unknown"
"5020555",378677,2026-04-09 10:55:14,28.8605728149414,-17.8897075653076,"Unknown"
"5020555",378677,2026-04-09 11:00:11,28.8610687255859,-17.8896770477295,"Unknown"
"5020555",378677,2026-04-09 11:05:11,28.8615283966064,-17.8895568847656,"Unknown"
"5020555",378677,2026-04-09 11:10:12,28.8620223999023,-17.8893013000488,"Unknown"
"5020555",378677,2026-04-09 11:15:14,28.8623123168945,-17.8890476226807,"Unknown"
"5020555",378677,2026-04-09 11:20:12,28.8628082275391,-17.8888111114502,"Unknown"
"5020555",378677,2026-04-09 11:25:12,28.863410949707,-17.8886985778809,"Unknown"
"5020555",378677,2026-04-09 11:30:17,28.8640613555908,-17.8888816833496,"Unknown"
"5020555",378677,2026-04-09 11:35:13,28.8646030426025,-17.888786315918,"Unknown"
"5020555",378677,2026-04-09 11:40:11,28.8651561737061,-17.8888149261475,"Unknown"
"5020555",378677,2026-04-09 11:45:16,28.8656196594238,-17.8888187408447,"Unknown"
"5020555",378677,2026-04-09 11:50:12,28.8659915924072,-17.888843536377,"Unknown"
"5020555",378677,2026-04-09 11:55:12,28.8663654327393,-17.8886260986328,"Unknown"
"5020555",378677,2026-04-09 12:05:32,28.8646183013916,-17.8794040679932,"Unknown"
"5020555",378677,2026-04-09 12:10:08,28.8647041320801,-17.8796710968018,"Unknown"
"5020555",378677,2026-04-09 12:15:09,28.8650093078613,-17.8799152374268,"Unknown"
"5020555",378677,2026-04-09 12:20:11,28.8674907684326,-17.8776683807373,"Unknown"
"5020555",378677,2026-04-09 12:25:08,28.8675079345703,-17.8785610198975,"Unknown"
"5020555",378677,2026-04-09 12:30:08,28.8674793243408,-17.8792915344238,"Unknown"
"5020555",378677,2026-04-09 12:35:09,28.8672523498535,-17.8799457550049,"Unknown"
"5020555",378677,2026-04-09 12:40:08,28.867015838623,-17.8806228637695,"Unknown"
"5020555",378677,2026-04-09 12:45:09,28.8668041229248,-17.8813133239746,"Unknown"
"5020555",378677,2026-04-09 12:50:10,28.8665313720703,-17.8819026947021,"Unknown"
"5020555",378677,2026-04-09 12:55:11,28.8662261962891,-17.882453918457,"Unknown"
"5020555",378677,2026-04-09 13:00:10,28.8659820556641,-17.8832054138184,"Unknown"
"5020555",378677,2026-04-09 13:05:11,28.8658256530762,-17.883903503418,"Unknown"
"5020555",378677,2026-04-09 13:10:11,28.8656368255615,-17.8846378326416,"Unknown"
"5020555",378677,2026-04-09 13:15:11,28.8654289245605,-17.8853034973145,"Unknown"
"5020555",378677,2026-04-09 13:20:10,28.8635921478271,-17.8925113677979,"Unknown"
"5020555",378677,2026-04-09 13:26:16,28.8590927124023,-17.8932647705078,"Unknown"
"5020555",378677,2026-04-09 13:30:08,28.8590030670166,-17.893440246582,"Unknown"
"5020555",378677,2026-04-09 13:35:10,28.8589305877686,-17.893741607666,"Unknown"
"5020555",378677,2026-04-09 13:40:09,28.8591365814209,-17.8942184448242,"Unknown"
"5020555",378677,2026-04-09 13:45:08,28.8590087890625,-17.8922309875488,"Unknown"
"5020555",378677,2026-04-09 13:50:10,28.8606033325195,-17.8919277191162,"Unknown"
"5020555",378677,2026-04-09 13:55:09,28.8589191436768,-17.8923511505127,"Unknown"
"5020555",378677,2026-04-09 14:00:10,28.8590297698975,-17.8925495147705,"Unknown"
"5020555",378677,2026-04-09 14:05:33,28.859130859375,-17.8891696929932,"Unknown"
"5020555",378677,2026-04-09 14:10:11,28.8597927093506,-17.8889198303223,"Unknown"
"5020555",378677,2026-04-09 14:15:09,28.8599109649658,-17.8890628814697,"Unknown"
"5020555",378677,2026-04-09 14:20:10,28.8599491119385,-17.8894176483154,"Unknown"
"5020555",378677,2026-04-09 14:25:10,28.8601589202881,-17.8895034790039,"Unknown"
"5020555",378677,2026-04-09 14:30:10,28.8604106903076,-17.8902053833008,"Unknown"
"5020555",378677,2026-04-09 14:35:11,28.8571968078613,-17.88720703125,"Unknown"
"5020555",378677,2026-04-09 14:40:12,28.8574600219727,-17.8875522613525,"Unknown"
"5020555",378677,2026-04-09 14:45:11,28.8551654815674,-17.8851757049561,"Unknown"
"5020555",378677,2026-04-09 14:50:09,28.8551120758057,-17.8859004974365,"Unknown"
"5020555",378677,2026-04-09 14:55:11,28.8549652099609,-17.8862419128418,"Unknown"
"5020555",378677,2026-04-09 15:00:14,28.8552875518799,-17.8864250183105,"Unknown"
"5020555",378677,2026-04-09 15:05:12,28.8567199707031,-17.8834590911865,"Unknown"
"5020555",378677,2026-04-09 15:10:12,28.8566589355469,-17.8839054107666,"Unknown"
"5020555",378677,2026-04-09 15:15:14,28.8538875579834,-17.8866233825684,"Unknown"
"5020555",378677,2026-04-09 15:20:12,28.8560237884521,-17.8896026611328,"Unknown"
"5020555",378677,2026-04-09 15:25:12,28.8557834625244,-17.8900127410889,"Unknown"
"5020555",378677,2026-04-09 15:30:29,28.8557300567627,-17.8903732299805,"Unknown"
"5020555",378677,2026-04-09 15:35:47,28.8555374145508,-17.8908386230469,"Unknown"
"5020555",378677,2026-04-09 15:40:11,28.8553237915039,-17.8910942077637,"Unknown"
"5020555",378677,2026-04-09 15:45:17,28.8553886413574,-17.8938331604004,"Unknown"
"5020555",378677,2026-04-09 15:50:33,28.8551044464111,-17.8938484191895,"Unknown"
"5020555",378677,2026-04-09 15:55:12,28.8549098968506,-17.8937854766846,"Unknown"
"5020555",378677,2026-04-09 16:00:11,28.8550777435303,-17.8937225341797,"Unknown"
"5020555",378677,2026-04-09 16:05:10,28.8553009033203,-17.8934650421143,"Unknown"
"5020555",378677,2026-04-09 16:10:10,28.8575115203857,-17.8929595947266,"Unknown"
"5020555",378677,2026-04-09 16:15:10,28.8572387695312,-17.8927745819092,"Unknown"
"5020555",378677,2026-04-09 16:20:10,28.8556365966797,-17.887321472168,"Unknown"
"5020555",378677,2026-04-09 16:25:11,28.85524559021,-17.8838272094727,"Unknown"
"5020555",378677,2026-04-09 16:30:11,28.8529376983643,-17.8815097808838,"Unknown"
"5020555",378677,2026-04-09 16:35:10,28.8552055358887,-17.8747596740723,"Unknown"
"5020555",378677,2026-04-09 16:40:11,28.8546733856201,-17.8758563995361,"Unknown"
"5020555",378677,2026-04-09 16:45:11,28.8542995452881,-17.8756332397461,"Unknown"
"5020555",378677,2026-04-09 16:50:11,28.8542404174805,-17.8735980987549,"Unknown"
"5020555",378677,2026-04-09 16:55:12,28.8523426055908,-17.8678550720215,"Unknown"
"5020555",378677,2026-04-09 17:00:10,28.8521919250488,-17.8676986694336,"Unknown"
"5020555",378677,2026-04-09 17:05:12,28.8521938323975,-17.8672466278076,"Unknown"
"5020555",378677,2026-04-09 17:10:11,28.8561515808105,-17.863977432251,"Unknown"
"5020555",378677,2026-04-09 17:15:10,28.8584957122803,-17.8662986755371,"Unknown"
"5020555",378677,2026-04-09 17:20:12,28.8581886291504,-17.866117477417,"Unknown"
"5020555",378677,2026-04-09 17:25:11,28.8577938079834,-17.8661613464355,"Unknown"
"5020555",378677,2026-04-09 17:30:10,28.8573246002197,-17.8662242889404,"Unknown"
"5020555",378677,2026-04-09 17:35:11,28.8604068756104,-17.8935661315918,"Unknown"
"5020555",378677,2026-04-09 17:40:14,28.8697509765625,-17.8977279663086,"Unknown"
"5020555",378677,2026-04-09 17:45:15,28.8698902130127,-17.8978214263916,"Unknown"
"5020555",378677,2026-04-09 17:50:11,28.8727035522461,-17.9008636474609,"Unknown"
"5020555",378677,2026-04-09 17:55:10,28.8757495880127,-17.9042720794678,"Unknown"
"5020555",378677,2026-04-09 18:00:51,28.8747978210449,-17.9059658050537,"Unknown"
"5020555",378677,2026-04-09 18:05:12,28.8761692047119,-17.908576965332,"Unknown"
"5020555",378677,2026-04-09 18:10:10,28.8766059875488,-17.9096126556396,"Unknown"
"5020555",378677,2026-04-09 18:15:10,28.8763217926025,-17.9100952148438,"Unknown"
"5020555",378677,2026-04-09 18:20:13,28.8760585784912,-17.9104557037354,"Unknown"
"5020555",378677,2026-04-09 18:25:11,28.8793506622314,-17.9137210845947,"Unknown"
"5020555",378677,2026-04-09 18:30:33,28.873836517334,-17.912971496582,"Unknown"
"5020555",378677,2026-04-09 18:35:12,28.8675136566162,-17.9070510864258,"Unknown"
"5020555",378677,2026-04-09 18:40:11,28.865104675293,-17.9055805206299,"Unknown"
"5020555",378677,2026-04-09 18:45:11,28.8671817779541,-17.9052906036377,"Unknown"
"5020555",378677,2026-04-09 18:50:11,28.8683395385742,-17.9051494598389,"Unknown"
"5020555",378677,2026-04-09 18:55:10,28.8669204711914,-17.9039497375488,"Unknown"
"5020555",378677,2026-04-09 19:00:12,28.8639221191406,-17.9015254974365,"Unknown"
"5020555",378677,2026-04-09 19:05:11,28.8665828704834,-17.9045848846436,"Unknown"
"5020555",378677,2026-04-09 19:10:11,28.8694839477539,-17.9043979644775,"Unknown"
"5020555",378677,2026-04-09 19:15:11,28.8657817840576,-17.9032325744629,"Unknown"
"5020555",378677,2026-04-09 19:20:11,28.8666381835938,-17.9055442810059,"Unknown"
"5020555",378677,2026-04-09 19:25:10,28.8672466278076,-17.9059238433838,"Unknown"
"5020555",378677,2026-04-09 19:30:13,28.8712673187256,-17.9167003631592,"Unknown"
"5020555",378677,2026-04-09 19:35:10,28.873743057251,-17.9427318572998,"Unknown"
"5020555",378677,2026-04-09 19:40:11,28.8657093048096,-17.9697608947754,"Unknown"
"5020555",378677,2026-04-09 19:45:11,28.8706932067871,-18.0024757385254,"Unknown"
"5020555",378677,2026-04-09 19:50:10,28.858304977417,-18.0064353942871,"Unknown"
"5020555",378677,2026-04-09 19:55:12,28.821403503418,-17.9872074127197,"Unknown"
"5020555",378677,2026-04-09 20:00:14,28.811939239502,-17.9893436431885,"Unknown"
"5020555",378677,2026-04-09 20:05:12,28.8114776611328,-17.9897041320801,"Unknown"
"5020555",378677,2026-04-09 20:10:11,28.8114757537842,-17.9889163970947,"Unknown"
"5020555",378677,2026-04-09 20:15:13,28.8111724853516,-17.9892826080322,"Unknown"
"5020555",378677,2026-04-09 20:20:14,28.8108024597168,-17.98952293396,"Unknown"
"5020555",378677,2026-04-09 20:25:13,28.8103637695312,-17.9897747039795,"Unknown"
"5020555",378677,2026-04-09 20:30:19,28.809814453125,-17.9900436401367,"Unknown"
"5020555",378677,2026-04-09 20:35:11,28.8092708587646,-17.9900932312012,"Unknown"
"5020555",378677,2026-04-09 20:40:33,28.8089332580566,-17.9905624389648,"Unknown"
"5020555",378677,2026-04-09 20:45:11,28.808500289917,-17.9910068511963,"Unknown"
"5020555",378677,2026-04-09 20:50:12,28.8083591461182,-17.9916706085205,"Unknown"
"5020555",378677,2026-04-09 20:55:11,28.8087825775146,-17.9935722351074,"Unknown"
"5020555",378677,2026-04-09 21:00:11,28.8083534240723,-17.9943351745605,"Unknown"
"5020555",378677,2026-04-09 21:05:12,28.807825088501,-17.9951133728027,"Unknown"
"5020555",378677,2026-04-09 21:10:11,28.8072700500488,-17.9959106445312,"Unknown"
"5020555",378677,2026-04-09 21:15:13,28.8066711425781,-17.9967060089111,"Unknown"
"5020555",378677,2026-04-09 21:20:13,28.8060855865479,-17.997615814209,"Unknown"
"5020555",378677,2026-04-09 21:25:13,28.8054695129395,-17.9985599517822,"Unknown"
"5020555",378677,2026-04-09 21:30:14,28.8048248291016,-17.9995422363281,"Unknown"
"5020555",378677,2026-04-09 21:35:13,28.80419921875,-18.0005931854248,"Unknown"
"5020555",378677,2026-04-09 21:40:13,28.8034782409668,-18.0016803741455,"Unknown"
"5020555",378677,2026-04-09 21:45:10,28.8027496337891,-18.002758026123,"Unknown"
"5020555",378677,2026-04-09 21:50:11,28.8018894195557,-18.0038795471191,"Unknown"
"5020555",378677,2026-04-09 21:55:11,28.8010215759277,-18.0049953460693,"Unknown"
"5020555",378677,2026-04-09 22:00:11,28.8001003265381,-18.0060806274414,"Unknown"
"5020555",378677,2026-04-09 22:05:12,28.7991981506348,-18.007230758667,"Unknown"
"5020555",378677,2026-04-09 22:10:12,28.7981643676758,-18.0083408355713,"Unknown"
"5020555",378677,2026-04-09 22:15:33,28.7970008850098,-18.0095844268799,"Unknown"
"5020555",378677,2026-04-09 22:20:12,28.7959976196289,-18.010612487793,"Unknown"
"5020555",378677,2026-04-09 22:25:12,28.7949256896973,-18.0117530822754,"Unknown"
"5020555",378677,2026-04-09 22:30:12,28.7938289642334,-18.0129661560059,"Unknown"
"5020555",378677,2026-04-09 22:35:10,28.792724609375,-18.0141944885254,"Unknown"
"5020555",378677,2026-04-09 22:40:12,28.7928028106689,-18.0164680480957,"Unknown"
"5020555",378677,2026-04-09 22:45:11,28.7917652130127,-18.0176887512207,"Unknown"
"5020555",378677,2026-04-09 22:50:12,28.7989921569824,-18.0243301391602,"Unknown"
"5020555",378677,2026-04-09 22:55:12,28.7979717254639,-18.0250015258789,"Unknown"
"5020555",378677,2026-04-09 23:00:10,28.7969055175781,-18.0256881713867,"Unknown"
"5020555",378677,2026-04-09 23:05:11,28.7959213256836,-18.0263061523438,"Unknown"
"5020555",378677,2026-04-09 23:10:11,28.7949676513672,-18.027027130127,"Unknown"
"5020555",378677,2026-04-09 23:15:12,28.7940826416016,-18.0276756286621,"Unknown"
"5020555",378677,2026-04-09 23:20:11,28.7933006286621,-18.0282001495361,"Unknown"
"5020555",378677,2026-04-09 23:25:11,28.7924842834473,-18.0287189483643,"Unknown"
"5020555",378677,2026-04-09 23:30:10,28.7916355133057,-18.0292778015137,"Unknown"
"5020555",378677,2026-04-09 23:35:12,28.7906494140625,-18.0296001434326,"Unknown"
"5020555",378677,2026-04-09 23:40:13,28.7896671295166,-18.0297260284424,"Unknown"
"5020555",378677,2026-04-09 23:45:12,28.7886753082275,-18.029972076416,"Unknown"
"5020555",378677,2026-04-09 23:50:10,28.7890014648438,-18.0311889648438,"Unknown"
"5020555",378677,2026-04-09 23:55:12,28.7882308959961,-18.0315608978271,"Unknown"
"5020555",378677,2026-04-10 00:00:13,28.7875556945801,-18.0320053100586,"Unknown"
"5020555",378677,2026-04-10 00:05:12,28.7868881225586,-18.0323543548584,"Unknown"
"5020555",378677,2026-04-10 00:10:13,28.7864151000977,-18.0334053039551,"Unknown"
"5020555",378677,2026-04-10 00:15:14,28.7856674194336,-18.0340747833252,"Unknown"
"5020555",378677,2026-04-10 00:20:13,28.784912109375,-18.0347671508789,"Unknown"
"5020555",378677,2026-04-10 00:25:14,28.784236907959,-18.035472869873,"Unknown"
"5020555",378677,2026-04-10 00:30:17,28.7834892272949,-18.0361881256104,"Unknown"
"5020555",378677,2026-04-10 00:35:14,28.7827548980713,-18.036642074585,"Unknown"
"5020555",378677,2026-04-10 00:40:14,28.7819366455078,-18.0370235443115,"Unknown"
"5020555",378677,2026-04-10 00:45:33,28.7810535430908,-18.0375900268555,"Unknown"
"5020555",378677,2026-04-10 00:50:13,28.7803249359131,-18.0381622314453,"Unknown"
"5020555",378677,2026-04-10 00:55:11,28.7796115875244,-18.0388832092285,"Unknown"
"5020555",378677,2026-04-10 01:00:10,28.77907371521,-18.0396308898926,"Unknown"
"5020555",378677,2026-04-10 01:05:10,28.7784080505371,-18.0402603149414,"Unknown"
"5020555",378677,2026-04-10 01:10:10,28.7776927947998,-18.0408573150635,"Unknown"
"5020555",378677,2026-04-10 01:15:10,28.7769927978516,-18.0415134429932,"Unknown"
"5020555",378677,2026-04-10 01:20:10,28.7763481140137,-18.0422267913818,"Unknown"
"5020555",378677,2026-04-10 01:25:10,28.7758331298828,-18.0428562164307,"Unknown"
"5020555",378677,2026-04-10 01:30:10,28.7753658294678,-18.0434303283691,"Unknown"
"5020555",378677,2026-04-10 01:35:11,28.7750091552734,-18.044002532959,"Unknown"
"5020555",378677,2026-04-10 01:40:10,28.7747592926025,-18.0446376800537,"Unknown"
"5020555",378677,2026-04-10 01:45:11,28.7745952606201,-18.0451679229736,"Unknown"
"5020555",378677,2026-04-10 01:50:12,28.7745227813721,-18.0457401275635,"Unknown"
"5020555",378677,2026-04-10 01:55:12,28.7742748260498,-18.0460319519043,"Unknown"
"5020555",378677,2026-04-10 02:00:13,28.7741527557373,-18.046480178833,"Unknown"
"5020555",378677,2026-04-10 02:05:11,28.7738590240479,-18.0466823577881,"Unknown"
"5020555",378677,2026-04-10 02:10:13,28.7737884521484,-18.0470886230469,"Unknown"
"5020555",378677,2026-04-10 02:15:13,28.7737121582031,-18.0472888946533,"Unknown"
"5020555",378677,2026-04-10 02:20:13,28.7737274169922,-18.0476322174072,"Unknown"
"5020555",378677,2026-04-10 02:25:14,28.7736072540283,-18.0479907989502,"Unknown"
"5020555",378677,2026-04-10 02:30:15,28.7736549377441,-18.0484981536865,"Unknown"
"5020555",378677,2026-04-10 02:35:12,28.7737979888916,-18.0490264892578,"Unknown"
"5020555",378677,2026-04-10 02:40:15,28.7738971710205,-18.049295425415,"Unknown"
"5020555",378677,2026-04-10 02:45:12,28.7740306854248,-18.0495929718018,"Unknown"
"5020555",378677,2026-04-10 02:50:13,28.7741527557373,-18.0498161315918,"Unknown"
"5020555",378677,2026-04-10 02:55:33,28.7744007110596,-18.0499744415283,"Unknown"
"5020555",378677,2026-04-10 03:00:12,28.7804164886475,-18.0295848846436,"Unknown"
"5020555",378677,2026-04-10 03:05:12,28.7839164733887,-18.0183696746826,"Unknown"
"5020555",378677,2026-04-10 03:10:10,28.7839794158936,-18.0184497833252,"Unknown"
"5020555",378677,2026-04-10 03:15:10,28.7869529724121,-18.0177669525146,"Unknown"
"5020555",378677,2026-04-10 03:20:12,28.7879829406738,-18.0177307128906,"Unknown"
"5020555",378677,2026-04-10 03:25:10,28.7878246307373,-18.0177574157715,"Unknown"
"5020555",378677,2026-04-10 03:30:10,28.7876892089844,-18.0178413391113,"Unknown"
"5020555",378677,2026-04-10 03:35:10,28.7874450683594,-18.0179195404053,"Unknown"
"5020555",378677,2026-04-10 03:40:10,28.7871913909912,-18.0180492401123,"Unknown"
"5020555",378677,2026-04-10 03:45:10,28.7868537902832,-18.0179271697998,"Unknown"
"5020555",378677,2026-04-10 03:50:10,28.786449432373,-18.0180816650391,"Unknown"
"5020555",378677,2026-04-10 03:55:10,28.7933616638184,-18.0151424407959,"Unknown"
"5020555",378677,2026-04-10 04:05:32,28.8074760437012,-17.9993076324463,"Unknown"
"5020555",378677,2026-04-10 04:10:10,28.8084030151367,-17.9989185333252,"Unknown"
"5020555",378677,2026-04-10 04:15:10,28.8078098297119,-17.998929977417,"Unknown"
"5020555",378677,2026-04-10 04:20:10,28.8072528839111,-17.998966217041,"Unknown"
"5020555",378677,2026-04-10 04:25:10,28.8067932128906,-17.9990253448486,"Unknown"
"5020555",378677,2026-04-10 04:30:10,28.8062133789062,-17.9990100860596,"Unknown"
"5020555",378677,2026-04-10 04:35:12,28.8058795928955,-17.9986763000488,"Unknown"
"5020555",378677,2026-04-10 04:40:12,28.8180198669434,-17.9936923980713,"Unknown"
"5020555",378677,2026-04-10 04:45:10,28.8176288604736,-17.9938945770264,"Unknown"
"5020555",378677,2026-04-10 04:50:10,28.8172550201416,-17.9940395355225,"Unknown"
"5020555",378677,2026-04-10 04:55:12,28.816951751709,-17.9941673278809,"Unknown"
"5020555",378677,2026-04-10 05:00:14,28.8166484832764,-17.9942169189453,"Unknown"
"5020555",378677,2026-04-10 05:05:13,28.8163394927979,-17.9943733215332,"Unknown"
"5020555",378677,2026-04-10 05:10:33,28.8160209655762,-17.9945602416992,"Unknown"
"5020555",378677,2026-04-10 05:15:10,28.8157253265381,-17.9946594238281,"Unknown"
"5020555",378677,2026-04-10 05:20:10,28.8153800964355,-17.9948482513428,"Unknown"
"5020555",378677,2026-04-10 05:25:10,28.8151245117188,-17.9950466156006,"Unknown"
"5020555",378677,2026-04-10 05:30:10,28.8148994445801,-17.9952602386475,"Unknown"
"5020555",378677,2026-04-10 05:35:10,28.8148460388184,-17.9955635070801,"Unknown"
"5020555",378677,2026-04-10 05:40:10,28.8148002624512,-17.9958915710449,"Unknown"
"5020555",378677,2026-04-10 05:45:10,28.8228759765625,-17.9872741699219,"Unknown"
"5020555",378677,2026-04-10 05:50:10,28.8324394226074,-17.9746379852295,"Unknown"
"5020555",378677,2026-04-10 05:55:10,28.8326721191406,-17.9744644165039,"Unknown"
"5020555",378677,2026-04-10 06:00:11,28.8329830169678,-17.9742698669434,"Unknown"
"5020555",378677,2026-04-10 06:05:10,28.8332786560059,-17.9740695953369,"Unknown"
"5020555",378677,2026-04-10 06:10:10,28.8335990905762,-17.97389793396,"Unknown"
"5020555",378677,2026-04-10 06:15:10,28.833948135376,-17.9738292694092,"Unknown"
"5020555",378677,2026-04-10 06:20:11,28.8343296051025,-17.9736385345459,"Unknown"
"5020555",378677,2026-04-10 06:25:11,28.834623336792,-17.9735298156738,"Unknown"
"5020555",378677,2026-04-10 06:30:12,28.8491706848145,-17.9626007080078,"Unknown"
"5020555",378677,2026-04-10 06:35:12,28.8585910797119,-17.9386539459229,"Unknown"
"5020555",378677,2026-04-10 06:40:12,28.866907119751,-17.9120578765869,"Unknown"
"5020555",378677,2026-04-10 06:45:11,28.8604354858398,-17.8976650238037,"Unknown"
"5020555",378677,2026-04-10 06:50:12,28.8650951385498,-17.9083023071289,"Unknown"
"5020555",378677,2026-04-10 06:55:13,28.8727703094482,-17.9012317657471,"Unknown"
"5020555",378677,2026-04-10 07:00:13,28.8766441345215,-17.9192790985107,"Unknown"
"5020555",378677,2026-04-10 07:05:13,28.8828544616699,-17.9286365509033,"Unknown"
"5020555",378677,2026-04-10 07:10:13,28.8827018737793,-17.9282455444336,"Unknown"
"5020555",378677,2026-04-10 07:15:33,28.8827095031738,-17.927848815918,"Unknown"
"5020555",378677,2026-04-10 07:20:11,28.8827877044678,-17.927604675293,"Unknown"
"5020555",378677,2026-04-10 07:25:10,28.8828258514404,-17.9273090362549,"Unknown"
"5020555",378677,2026-04-10 07:30:12,28.8848628997803,-17.9282169342041,"Unknown"
"5020555",378677,2026-04-10 07:35:11,28.8847675323486,-17.9280529022217,"Unknown"
"5020555",378677,2026-04-10 07:40:10,28.8846168518066,-17.927921295166,"Unknown"
"5020555",378677,2026-04-10 07:45:12,28.8846702575684,-17.9280166625977,"Unknown"
"5020555",378677,2026-04-10 07:50:12,28.8845043182373,-17.9280796051025,"Unknown"
"5020555",378677,2026-04-10 07:55:12,28.8825073242188,-17.9282779693604,"Unknown"
"5020555",378677,2026-04-10 08:00:12,28.8725471496582,-17.9146194458008,"Unknown"
"5020555",378677,2026-04-10 08:05:13,28.8765525817871,-17.9130363464355,"Unknown"
"5020555",378677,2026-04-10 08:10:12,28.8717288970947,-17.9166812896729,"Unknown"
"5020555",378677,2026-04-10 08:15:12,28.8645191192627,-17.9074554443359,"Unknown"
"5020555",378677,2026-04-10 08:20:12,28.8642749786377,-17.9045829772949,"Unknown"
"5020555",378677,2026-04-10 08:25:13,28.8679370880127,-17.9081115722656,"Unknown"
"5020555",378677,2026-04-10 08:30:12,28.868049621582,-17.9182567596436,"Unknown"
"5020555",378677,2026-04-10 08:35:13,28.8723945617676,-17.9156513214111,"Unknown"
"5020555",378677,2026-04-10 08:40:15,28.8718147277832,-17.9132289886475,"Unknown"
"5020555",378677,2026-04-10 08:45:13,28.8707065582275,-17.9120578765869,"Unknown"
"5020555",378677,2026-04-10 08:50:10,28.8705635070801,-17.9129505157471,"Unknown"
"5020555",378677,2026-04-10 08:55:11,28.8701400756836,-17.9129295349121,"Unknown"
"5020555",378677,2026-04-10 09:00:25,28.8734169006348,-17.9109897613525,"Unknown"
"5020555",378677,2026-04-10 09:06:35,28.8724040985107,-17.9076499938965,"Unknown"
"5020555",378677,2026-04-10 09:11:17,28.8751678466797,-17.9098224639893,"Unknown"
"5020555",378677,2026-04-10 09:15:10,28.8750820159912,-17.9099521636963,"Unknown"
"5020555",378677,2026-04-10 09:20:10,28.873571395874,-17.9074840545654,"Unknown"
"5020555",378677,2026-04-10 09:25:14,28.8733444213867,-17.9067478179932,"Unknown"
"5020555",378677,2026-04-10 09:30:12,28.8730888366699,-17.9069328308105,"Unknown"
"5020555",378677,2026-04-10 09:35:10,28.8729362487793,-17.9070129394531,"Unknown"
"5020555",378677,2026-04-10 09:40:11,28.872688293457,-17.907169342041,"Unknown"
"5020555",378677,2026-04-10 09:45:10,28.8724460601807,-17.9072818756104,"Unknown"
"5020555",378677,2026-04-10 09:50:10,28.8723278045654,-17.9073791503906,"Unknown"
"5020555",378677,2026-04-10 09:55:10,28.8721084594727,-17.9075088500977,"Unknown"
"5020555",378677,2026-04-10 10:00:10,28.8719367980957,-17.9075698852539,"Unknown"
"5020555",378677,2026-04-10 10:05:10,28.8717384338379,-17.9077796936035,"Unknown"
"5020555",378677,2026-04-10 10:10:13,28.8715667724609,-17.9079093933105,"Unknown"
"5020555",378677,2026-04-10 10:15:13,28.8712940216064,-17.9079761505127,"Unknown"
"5020555",378677,2026-04-10 10:20:13,28.8711318969727,-17.9081211090088,"Unknown"
"5020555",378677,2026-04-10 10:25:12,28.8708992004395,-17.9081993103027,"Unknown"
"5020555",378677,2026-04-10 10:30:12,28.8707523345947,-17.9083766937256,"Unknown"
"5020555",378677,2026-04-10 10:35:10,28.8705635070801,-17.9086322784424,"Unknown"
"5020555",378677,2026-04-10 10:40:11,28.8702793121338,-17.9087409973145,"Unknown"
"5020555",378677,2026-04-10 10:45:11,28.8701076507568,-17.9088764190674,"Unknown"
"5020555",378677,2026-04-10 10:50:12,28.8699932098389,-17.9090938568115,"Unknown"
"5020555",378677,2026-04-10 10:55:14,28.8698291778564,-17.9093475341797,"Unknown"
"5020555",378677,2026-04-10 11:00:14,28.8696746826172,-17.909610748291,"Unknown"
"5020555",378677,2026-04-10 11:05:11,28.869514465332,-17.9099617004395,"Unknown"
"5020555",378677,2026-04-10 11:10:13,28.8692321777344,-17.9104709625244,"Unknown"
"5020555",378677,2026-04-10 11:15:15,28.8689842224121,-17.9110431671143,"Unknown"
"5020555",378677,2026-04-10 11:20:12,28.8686618804932,-17.9115905761719,"Unknown"
"5020555",378677,2026-04-10 11:25:14,28.8683795928955,-17.912130355835,"Unknown"
"5020555",378677,2026-04-10 11:30:21,28.8681335449219,-17.9127559661865,"Unknown"
"5020555",378677,2026-04-10 11:35:15,28.8679294586182,-17.91335105896,"Unknown"
"5020555",378677,2026-04-10 11:40:13,28.8677253723145,-17.9141597747803,"Unknown"
"5020555",378677,2026-04-10 11:45:16,28.867847442627,-17.9148197174072,"Unknown"
"5020555",378677,2026-04-10 11:50:19,28.8678722381592,-17.9155082702637,"Unknown"
"5020555",378677,2026-04-10 11:55:33,28.8678188323975,-17.916166305542,"Unknown"
"5020555",378677,2026-04-10 12:00:10,28.8677558898926,-17.9168319702148,"Unknown"
"5020555",378677,2026-04-10 12:05:10,28.8675765991211,-17.9175662994385,"Unknown"
"5020555",378677,2026-04-10 12:10:11,28.8674182891846,-17.9183807373047,"Unknown"
"5020555",378677,2026-04-10 12:15:10,28.8674144744873,-17.9192409515381,"Unknown"
"5020555",378677,2026-04-10 12:20:12,28.867166519165,-17.9202709197998,"Unknown"
"5020555",378677,2026-04-10 12:25:10,28.86696434021,-17.9213199615479,"Unknown"
"5020555",378677,2026-04-10 12:30:10,28.8667945861816,-17.9224395751953,"Unknown"
"5020555",378677,2026-04-10 12:35:10,28.8666610717773,-17.9236927032471,"Unknown"
"5020555",378677,2026-04-10 12:40:13,28.8664264678955,-17.9248542785645,"Unknown"
"5020555",378677,2026-04-10 12:45:12,28.8661956787109,-17.9259471893311,"Unknown"
"5020555",378677,2026-04-10 12:50:12,28.869930267334,-17.9243469238281,"Unknown"
"5020555",378677,2026-04-10 12:55:14,28.8702640533447,-17.9249629974365,"Unknown"
"5020555",378677,2026-04-10 13:00:13,28.8731918334961,-17.9214057922363,"Unknown"
"5020555",378677,2026-04-10 13:05:14,28.8750400543213,-17.8988361358643,"Unknown"
"5020555",378677,2026-04-10 13:10:33,28.8710899353027,-17.9032764434814,"Unknown"
"5020555",378677,2026-04-10 13:15:11,28.8707370758057,-17.9039840698242,"Unknown"
"5020555",378677,2026-04-10 13:20:13,28.868034362793,-17.9032802581787,"Unknown"
"5020555",378677,2026-04-10 13:25:14,28.8678398132324,-17.9040451049805,"Unknown"
"5020555",378677,2026-04-10 13:30:14,28.8677062988281,-17.9047527313232,"Unknown"
"5020555",378677,2026-04-10 13:35:12,28.8675632476807,-17.9054985046387,"Unknown"
"5020555",378677,2026-04-10 13:40:12,28.8648414611816,-17.9161567687988,"Unknown"
"5020555",378677,2026-04-10 13:45:13,28.8647537231445,-17.9170722961426,"Unknown"
"5020555",378677,2026-04-10 13:50:13,28.8647747039795,-17.9179134368896,"Unknown"
"5020555",378677,2026-04-10 13:55:13,28.8648662567139,-17.9188175201416,"Unknown"
"5020555",378677,2026-04-10 14:00:14,28.8650569915771,-17.9197826385498,"Unknown"
"5020555",378677,2026-04-10 14:05:13,28.8629512786865,-17.9190788269043,"Unknown"
"5020555",378677,2026-04-10 14:10:16,28.8699951171875,-17.9409713745117,"Unknown"
"5020555",378677,2026-04-10 14:15:13,28.872278213501,-17.9432621002197,"Unknown"
"5020555",378677,2026-04-10 14:20:14,28.8718223571777,-17.9508152008057,"Unknown"
"5020555",378677,2026-04-10 14:25:13,28.8713130950928,-17.9515151977539,"Unknown"
"5020555",378677,2026-04-10 14:30:16,28.8715324401855,-17.9459590911865,"Unknown"
"5020555",378677,2026-04-10 14:35:35,28.8693981170654,-17.9523525238037,"Unknown"
"5020555",378677,2026-04-10 14:40:33,28.8698673248291,-17.9557704925537,"Unknown"
"5020555",378677,2026-04-10 14:45:13,28.8696002960205,-17.9564781188965,"Unknown"
"5020555",378677,2026-04-10 14:50:12,28.8699131011963,-17.9572982788086,"Unknown"
"5020555",378677,2026-04-10 14:55:11,28.8693695068359,-17.9580135345459,"Unknown"
"5020555",378677,2026-04-10 15:00:14,28.8688163757324,-17.95871925354,"Unknown"
"5020555",378677,2026-04-10 15:05:13,28.8682746887207,-17.9594440460205,"Unknown"
"5020555",378677,2026-04-10 15:10:33,28.867603302002,-17.9602890014648,"Unknown"
"5020555",378677,2026-04-10 15:15:13,28.8669776916504,-17.9609527587891,"Unknown"
"5020555",378677,2026-04-10 15:20:14,28.8663291931152,-17.9616222381592,"Unknown"
"5020555",378677,2026-04-10 15:25:13,28.8656940460205,-17.9623603820801,"Unknown"
"5020555",378677,2026-04-10 15:30:13,28.8651733398438,-17.9631118774414,"Unknown"
"5020555",378677,2026-04-10 15:35:14,28.8673152923584,-17.9655933380127,"Unknown"
"5020555",378677,2026-04-10 15:40:12,28.8668899536133,-17.9676265716553,"Unknown"
"5020555",378677,2026-04-10 15:45:13,28.8675537109375,-17.9675254821777,"Unknown"
"5020555",378677,2026-04-10 15:50:12,28.8674812316895,-17.9678974151611,"Unknown"
"5020555",378677,2026-04-10 15:55:12,28.8671092987061,-17.968297958374,"Unknown"
"5020555",378677,2026-04-10 16:00:12,28.8667068481445,-17.9687747955322,"Unknown"
"5020555",378677,2026-04-10 16:05:12,28.8662605285645,-17.9691486358643,"Unknown"
"5020555",378677,2026-04-10 16:10:14,28.8640727996826,-17.9681243896484,"Unknown"
"5020555",378677,2026-04-10 16:15:12,28.8646354675293,-17.9643154144287,"Unknown"
"5020555",378677,2026-04-10 16:20:14,28.8643360137939,-17.9644317626953,"Unknown"
"5020555",378677,2026-04-10 16:25:13,28.8638820648193,-17.9647274017334,"Unknown"
"5020555",378677,2026-04-10 16:30:14,28.8636474609375,-17.9649887084961,"Unknown"
"5020555",378677,2026-04-10 16:35:14,28.8634223937988,-17.9652767181396,"Unknown"
"5020555",378677,2026-04-10 16:40:13,28.8632202148438,-17.9655094146729,"Unknown"
"5020555",378677,2026-04-10 16:45:15,28.8627414703369,-17.96559715271,"Unknown"
"5020555",378677,2026-04-10 16:50:46,28.8663673400879,-17.9607486724854,"Unknown"
"5020555",378677,2026-04-10 16:55:15,28.8690624237061,-17.9513301849365,"Unknown"
"5020555",378677,2026-04-10 17:00:12,28.8803577423096,-17.9417018890381,"Unknown"
"5020555",378677,2026-04-10 17:05:12,28.8802223205566,-17.9419593811035,"Unknown"
"5020555",378677,2026-04-10 17:10:16,28.8803005218506,-17.9422817230225,"Unknown"
"5020555",378677,2026-04-10 17:15:12,28.8803367614746,-17.9425621032715,"Unknown"
"5020555",378677,2026-04-10 17:20:12,28.8803558349609,-17.9427795410156,"Unknown"
"5020555",378677,2026-04-10 17:25:14,28.8803482055664,-17.9428749084473,"Unknown"
"5020555",378677,2026-04-10 17:30:12,28.8802604675293,-17.9429187774658,"Unknown"
"5020555",378677,2026-04-10 17:35:14,28.8832874298096,-17.9461002349854,"Unknown"
"5020555",378677,2026-04-10 17:40:13,28.8832015991211,-17.9463710784912,"Unknown"
"5020555",378677,2026-04-10 17:45:13,28.883171081543,-17.9467391967773,"Unknown"
"5020555",378677,2026-04-10 17:50:13,28.8830623626709,-17.9471340179443,"Unknown"
"5020555",378677,2026-04-10 17:55:14,28.8829536437988,-17.9474754333496,"Unknown"
"5020555",378677,2026-04-10 18:05:33,28.8738651275635,-17.9515209197998,"Unknown"
"5020555",378677,2026-04-10 18:10:14,28.874267578125,-17.9459228515625,"Unknown"
"5020555",378677,2026-04-10 18:15:14,28.8660163879395,-17.9484024047852,"Unknown"
"5020555",378677,2026-04-10 18:20:13,28.866397857666,-17.9443511962891,"Unknown"
"5020555",378677,2026-04-10 18:25:12,28.8672313690186,-17.9434146881104,"Unknown"
"5020555",378677,2026-04-10 18:30:23,28.8679676055908,-17.9325160980225,"Unknown"
"5020555",378677,2026-04-10 18:35:14,28.86789894104,-17.9318199157715,"Unknown"
"5020555",378677,2026-04-10 18:40:13,28.8682479858398,-17.9311561584473,"Unknown"
"5020555",378677,2026-04-10 18:45:13,28.8616256713867,-17.9420070648193,"Unknown"
"5020555",378677,2026-04-10 18:50:14,28.8714294433594,-17.9326362609863,"Unknown"
"5020555",378677,2026-04-10 18:55:13,28.8754367828369,-17.9302349090576,"Unknown"
"5020555",378677,2026-04-10 19:00:14,28.8798999786377,-17.9210071563721,"Unknown"
"5020555",378677,2026-04-10 19:05:37,28.884256362915,-17.9228439331055,"Unknown"
"5020555",378677,2026-04-10 19:10:12,28.8898582458496,-17.9268417358398,"Unknown"
"5020555",378677,2026-04-10 19:15:13,28.8836421966553,-17.9264183044434,"Unknown"
"5020555",378677,2026-04-10 19:21:37,28.8789939880371,-17.9372005462646,"Unknown"
"5020555",378677,2026-04-10 19:25:47,28.8821887969971,-17.9391269683838,"Unknown"
"5020555",378677,2026-04-10 19:30:12,28.8831748962402,-17.9400863647461,"Unknown"
"5020555",378677,2026-04-10 19:35:12,28.8847770690918,-17.9396362304688,"Unknown"
"5020555",378677,2026-04-10 19:40:12,28.884651184082,-17.9398975372314,"Unknown"
"5020555",378677,2026-04-10 19:45:14,28.8878402709961,-17.9518070220947,"Unknown"
"5020555",378677,2026-04-10 19:50:12,28.8896160125732,-17.9551467895508,"Unknown"
"5020555",378677,2026-04-10 19:55:13,28.8898887634277,-17.9557914733887,"Unknown"
"5020555",378677,2026-04-10 20:00:12,28.8900566101074,-17.9567451477051,"Unknown"
"5020555",378677,2026-04-10 20:05:13,28.8903770446777,-17.9576759338379,"Unknown"
"5020555",378677,2026-04-10 20:10:13,28.8906688690186,-17.958625793457,"Unknown"
"5020555",378677,2026-04-10 20:15:13,28.8910160064697,-17.9593391418457,"Unknown"
"5020555",378677,2026-04-10 20:20:13,28.8912887573242,-17.9601039886475,"Unknown"
"5020555",378677,2026-04-10 20:25:13,28.8915748596191,-17.9607563018799,"Unknown"
"5020555",378677,2026-04-10 20:30:13,28.8917865753174,-17.9614353179932,"Unknown"
"5020555",378677,2026-04-10 20:35:14,28.8919315338135,-17.9621639251709,"Unknown"
"5020555",378677,2026-04-10 20:40:13,28.89182472229,-17.9627666473389,"Unknown"
"5020555",378677,2026-04-10 20:45:13,28.8915977478027,-17.9633331298828,"Unknown"
"5020555",378677,2026-04-10 20:50:13,28.8914241790771,-17.9638614654541,"Unknown"
"5020555",378677,2026-04-10 20:55:13,28.8912162780762,-17.964412689209,"Unknown"
"5020555",378677,2026-04-10 21:00:14,28.8910255432129,-17.9649200439453,"Unknown"
"5020555",378677,2026-04-10 21:05:13,28.8908576965332,-17.9653759002686,"Unknown"
"5020555",378677,2026-04-10 21:10:15,28.8906955718994,-17.9657497406006,"Unknown"
"5020555",378677,2026-04-10 21:15:14,28.890495300293,-17.9661598205566,"Unknown"
"5020555",378677,2026-04-10 21:20:14,28.8903560638428,-17.9667224884033,"Unknown"
"5020555",378677,2026-04-10 21:25:13,28.8901863098145,-17.9672012329102,"Unknown"
"5020555",378677,2026-04-10 21:30:13,28.8899440765381,-17.9677639007568,"Unknown"
"5020555",378677,2026-04-10 21:35:13,28.8896884918213,-17.9683361053467,"Unknown"
"5020555",378677,2026-04-10 21:40:15,28.8894138336182,-17.968994140625,"Unknown"
"5020555",378677,2026-04-10 21:45:15,28.889102935791,-17.969612121582,"Unknown"
"5020555",378677,2026-04-10 21:50:14,28.8886871337891,-17.9701957702637,"Unknown"
"5020555",378677,2026-04-10 21:55:14,28.8882541656494,-17.9706516265869,"Unknown"
"5020555",378677,2026-04-10 22:00:32,28.887752532959,-17.9711570739746,"Unknown"
"5020555",378677,2026-04-10 22:05:12,28.8873920440674,-17.971549987793,"Unknown"
"5020555",378677,2026-04-10 22:10:14,28.8870849609375,-17.9720287322998,"Unknown"
"5020555",378677,2026-04-10 22:15:12,28.8869171142578,-17.9726848602295,"Unknown"
"5020555",378677,2026-04-10 22:20:14,28.8867111206055,-17.9733543395996,"Unknown"
"5020555",378677,2026-04-10 22:25:12,28.8867835998535,-17.9738292694092,"Unknown"
"5020555",378677,2026-04-10 22:30:12,28.8866214752197,-17.9745769500732,"Unknown"
"5020555",378677,2026-04-10 22:35:14,28.8864097595215,-17.9753379821777,"Unknown"
"5020555",378677,2026-04-10 22:40:12,28.8860664367676,-17.9761619567871,"Unknown"
"5020555",378677,2026-04-10 22:45:12,28.8856639862061,-17.9769821166992,"Unknown"
"5020555",378677,2026-04-10 22:50:14,28.8883838653564,-17.9843349456787,"Unknown"
"5020555",378677,2026-04-10 22:55:12,28.8880214691162,-17.9851131439209,"Unknown"
"5020555",378677,2026-04-10 23:00:14,28.8876361846924,-17.9858055114746,"Unknown"
"5020555",378677,2026-04-10 23:05:13,28.8872566223145,-17.9865703582764,"Unknown"
"5020555",378677,2026-04-10 23:10:12,28.8868961334229,-17.9872589111328,"Unknown"
"5020555",378677,2026-04-10 23:15:14,28.8865814208984,-17.9878749847412,"Unknown"
"5020555",378677,2026-04-10 23:20:13,28.8862266540527,-17.9884185791016,"Unknown"
"5020555",378677,2026-04-10 23:25:15,28.8859081268311,-17.9889316558838,"Unknown"
"5020555",378677,2026-04-10 23:30:14,28.8853607177734,-17.9894428253174,"Unknown"
"5020555",378677,2026-04-10 23:35:15,28.8847351074219,-17.9899597167969,"Unknown"
"5020555",378677,2026-04-10 23:40:14,28.884126663208,-17.9905242919922,"Unknown"
"5020555",378677,2026-04-10 23:45:15,28.8835334777832,-17.9910697937012,"Unknown"
"5020555",378677,2026-04-10 23:50:15,28.8830013275146,-17.9917411804199,"Unknown"
"5020555",378677,2026-04-10 23:55:16,28.88254737854,-17.992338180542,"Unknown"
"5020555",378677,2026-04-11 00:00:14,28.8820095062256,-17.9930057525635,"Unknown"
"5020555",378677,2026-04-11 00:05:14,28.8813743591309,-17.9936904907227,"Unknown"
"5020555",378677,2026-04-11 00:10:16,28.880672454834,-17.9944324493408,"Unknown"
"5020555",378677,2026-04-11 00:15:15,28.8800201416016,-17.9951553344727,"Unknown"
"5020555",378677,2026-04-11 00:20:19,28.8793869018555,-17.9959621429443,"Unknown"
"5020555",378677,2026-04-11 00:25:15,28.8787059783936,-17.9966297149658,"Unknown"
"5020555",378677,2026-04-11 00:30:24,28.8781929016113,-17.9973239898682,"Unknown"
"5020555",378677,2026-04-11 00:35:17,28.8776378631592,-17.9979190826416,"Unknown"
"5020555",378677,2026-04-11 00:40:33,28.8770275115967,-17.99875831604,"Unknown"
"5020555",378677,2026-04-11 00:45:12,28.8764133453369,-17.9994411468506,"Unknown"
"5020555",378677,2026-04-11 00:50:14,28.8758735656738,-18.0001945495605,"Unknown"
"5020555",378677,2026-04-11 00:55:12,28.8771629333496,-18.005392074585,"Unknown"
"5020555",378677,2026-04-11 01:00:12,28.8765354156494,-18.0061626434326,"Unknown"
"5020555",378677,2026-04-11 01:05:12,28.8759689331055,-18.0068511962891,"Unknown"
"5020555",378677,2026-04-11 01:10:12,28.8754272460938,-18.0075263977051,"Unknown"
"5020555",378677,2026-04-11 01:15:12,28.8749732971191,-18.008186340332,"Unknown"
"5020555",378677,2026-04-11 01:20:12,28.8745441436768,-18.0087356567383,"Unknown"
"5020555",378677,2026-04-11 01:25:13,28.8741035461426,-18.0092449188232,"Unknown"
"5020555",378677,2026-04-11 01:30:13,28.8737030029297,-18.0096321105957,"Unknown"
"5020555",378677,2026-04-11 01:35:12,28.8732929229736,-18.0100994110107,"Unknown"
"5020555",378677,2026-04-11 01:40:14,28.8730087280273,-18.0102348327637,"Unknown"
"5020555",378677,2026-04-11 01:45:14,28.8724994659424,-18.0107688903809,"Unknown"
"5020555",378677,2026-04-11 01:50:14,28.8719482421875,-18.0113868713379,"Unknown"
"5020555",378677,2026-04-11 01:55:14,28.8713283538818,-18.0120334625244,"Unknown"
"5020555",378677,2026-04-11 02:00:33,28.8707618713379,-18.0128593444824,"Unknown"
"5020555",378677,2026-04-11 02:05:13,28.8702373504639,-18.0136680603027,"Unknown"
"5020555",378677,2026-04-11 02:10:12,28.8696670532227,-18.0145206451416,"Unknown"
"5020555",378677,2026-04-11 02:15:14,28.868989944458,-18.0152626037598,"Unknown"
"5020555",378677,2026-04-11 02:20:12,28.8683414459229,-18.0159759521484,"Unknown"
"5020555",378677,2026-04-11 02:25:14,28.8677921295166,-18.0166053771973,"Unknown"
"5020555",378677,2026-04-11 02:30:12,28.8672847747803,-18.0173416137695,"Unknown"
"5020555",378677,2026-04-11 02:35:12,28.8667621612549,-18.0181560516357,"Unknown"
"5020555",378677,2026-04-11 02:40:12,28.8665447235107,-18.0194492340088,"Unknown"
"5020555",378677,2026-04-11 02:45:12,28.866003036499,-18.0202045440674,"Unknown"
"5020555",378677,2026-04-11 02:50:13,28.8654403686523,-18.0208168029785,"Unknown"
"5020555",378677,2026-04-11 02:55:12,28.8679752349854,-18.0241889953613,"Unknown"
"5020555",378677,2026-04-11 03:00:13,28.8674488067627,-18.024751663208,"Unknown"
"5020555",378677,2026-04-11 03:05:12,28.8668746948242,-18.0252571105957,"Unknown"
"5020555",378677,2026-04-11 03:10:12,28.8662128448486,-18.0257129669189,"Unknown"
"5020555",378677,2026-04-11 03:15:12,28.8655910491943,-18.0262432098389,"Unknown"
"5020555",378677,2026-04-11 03:20:12,28.8650894165039,-18.0267066955566,"Unknown"
"5020555",378677,2026-04-11 03:25:12,28.8645763397217,-18.02712059021,"Unknown"
"5020555",378677,2026-04-11 03:30:12,28.8640842437744,-18.0275421142578,"Unknown"
"5020555",378677,2026-04-11 03:35:12,28.8635387420654,-18.0278930664062,"Unknown"
"5020555",378677,2026-04-11 03:40:12,28.8629970550537,-18.0282726287842,"Unknown"
"5020555",378677,2026-04-11 03:45:12,28.8624382019043,-18.0285186767578,"Unknown"
"5020555",378677,2026-04-11 03:50:14,28.8620014190674,-18.0286846160889,"Unknown"
"5020555",378677,2026-04-11 03:55:14,28.8615646362305,-18.0289039611816,"Unknown"
"5020555",378677,2026-04-11 04:00:12,28.8610439300537,-18.0290412902832,"Unknown"
"5020555",378677,2026-04-11 04:05:12,28.8605365753174,-18.0292148590088,"Unknown"
"5020555",378677,2026-04-11 04:10:33,28.8599224090576,-18.0294284820557,"Unknown"
"5020555",378677,2026-04-11 04:15:12,28.8594207763672,-18.0295715332031,"Unknown"
"5020555",378677,2026-04-11 04:20:12,28.8589210510254,-18.0297756195068,"Unknown"
"5020555",378677,2026-04-11 04:25:12,28.8584518432617,-18.0299758911133,"Unknown"
"5020555",378677,2026-04-11 04:30:14,28.8577461242676,-18.0295104980469,"Unknown"
"5020555",378677,2026-04-11 04:35:12,28.8572959899902,-18.0297355651855,"Unknown"
"5020555",378677,2026-04-11 04:40:14,28.856861114502,-18.0299949645996,"Unknown"
"5020555",378677,2026-04-11 04:45:12,28.8564739227295,-18.0301895141602,"Unknown"
"5020555",378677,2026-04-11 04:50:12,28.8561038970947,-18.0303955078125,"Unknown"
"5020555",378677,2026-04-11 04:55:15,28.85569190979,-18.0305557250977,"Unknown"
"5020555",378677,2026-04-11 05:00:15,28.8552684783936,-18.0306739807129,"Unknown"
"5020555",378677,2026-04-11 05:05:33,28.8548011779785,-18.0309410095215,"Unknown"
"5020555",378677,2026-04-11 05:10:12,28.8544654846191,-18.031213760376,"Unknown"
"5020555",378677,2026-04-11 05:15:14,28.8540897369385,-18.0314712524414,"Unknown"
"5020555",378677,2026-04-11 05:20:15,28.8536243438721,-18.0315761566162,"Unknown"
"5020555",378677,2026-04-11 05:25:33,28.853235244751,-18.0316295623779,"Unknown"
"5020555",378677,2026-04-11 05:30:12,28.8527889251709,-18.0317344665527,"Unknown"
"5020555",378677,2026-04-11 05:35:14,28.8523044586182,-18.0317859649658,"Unknown"
"5020555",378677,2026-04-11 05:40:12,28.8518314361572,-18.031774520874,"Unknown"
"5020555",378677,2026-04-11 05:45:12,28.8513374328613,-18.0318641662598,"Unknown"
"5020555",378677,2026-04-11 05:50:12,28.8508777618408,-18.0320682525635,"Unknown"
"5020555",378677,2026-04-11 05:55:13,28.850341796875,-18.0322189331055,"Unknown"
"5020555",378677,2026-04-11 06:00:12,28.850170135498,-18.0325717926025,"Unknown"
"5020555",378677,2026-04-11 06:05:14,28.8498191833496,-18.0279598236084,"Unknown"
"5020555",378677,2026-04-11 06:10:12,28.8475971221924,-18.0238208770752,"Unknown"
"5020555",378677,2026-04-11 06:15:14,28.8439292907715,-17.9954109191895,"Unknown"
"5020555",378677,2026-04-11 06:20:12,28.8424072265625,-17.9703254699707,"Unknown"
"5020555",378677,2026-04-11 06:25:12,28.85276222229,-17.9594230651855,"Unknown"
"5020555",378677,2026-04-11 06:30:14,28.8624706268311,-17.9458389282227,"Unknown"
"5020555",378677,2026-04-11 06:35:19,28.8709144592285,-17.928731918335,"Unknown"
"5020555",378677,2026-04-11 06:40:15,28.8779964447021,-17.9192962646484,"Unknown"
"5020555",378677,2026-04-11 06:45:16,28.8721618652344,-17.9293270111084,"Unknown"
"5020555",378677,2026-04-11 06:50:33,28.8721199035645,-17.9291744232178,"Unknown"
"5020555",378677,2026-04-11 06:55:15,28.872106552124,-17.9290657043457,"Unknown"
"5020555",378677,2026-04-11 07:00:16,28.8721694946289,-17.9288864135742,"Unknown"
"5020555",378677,2026-04-11 07:05:14,28.8726463317871,-17.929557800293,"Unknown"
"5020555",378677,2026-04-11 07:10:15,28.8801574707031,-17.9289093017578,"Unknown"
"5020555",378677,2026-04-11 07:15:13,28.8827304840088,-17.9249477386475,"Unknown"
"5020555",378677,2026-04-11 07:20:14,28.8776454925537,-17.9345893859863,"Unknown"
"5020555",378677,2026-04-11 07:25:15,28.8764705657959,-17.9385948181152,"Unknown"
"5020555",378677,2026-04-11 07:30:14,28.8736667633057,-17.9381294250488,"Unknown"
"5020555",378677,2026-04-11 07:35:13,28.876012802124,-17.9441184997559,"Unknown"
"5020555",378677,2026-04-11 07:40:15,28.8758487701416,-17.9443511962891,"Unknown"
"5020555",378677,2026-04-11 07:45:15,28.8757266998291,-17.9446258544922,"Unknown"
"5020555",378677,2026-04-11 07:50:14,28.8756256103516,-17.9448909759521,"Unknown"
"5020555",378677,2026-04-11 07:55:12,28.8754959106445,-17.9451637268066,"Unknown"
"5020555",378677,2026-04-11 08:00:14,28.8669662475586,-17.9382724761963,"Unknown"
"5020555",378677,2026-04-11 08:05:15,28.8660373687744,-17.9256172180176,"Unknown"
"5020555",378677,2026-04-11 08:10:14,28.8619289398193,-17.9308032989502,"Unknown"
"5020555",378677,2026-04-11 08:15:12,28.8639507293701,-17.9367427825928,"Unknown"
"5020555",378677,2026-04-11 08:20:15,28.8700981140137,-17.9279079437256,"Unknown"
"5020555",378677,2026-04-11 08:25:14,28.8750133514404,-17.9117469787598,"Unknown"
"5020555",378677,2026-04-11 08:30:14,28.8771266937256,-17.9095630645752,"Unknown"
"5020555",378677,2026-04-11 08:35:14,28.8769550323486,-17.909761428833,"Unknown"
"5020555",378677,2026-04-11 08:40:15,28.8767261505127,-17.9100189208984,"Unknown"
"5020555",378677,2026-04-11 08:45:16,28.8763847351074,-17.9103240966797,"Unknown"
"5020555",378677,2026-04-11 08:50:16,28.8761348724365,-17.9105281829834,"Unknown"
"5020555",378677,2026-04-11 08:55:16,28.8758373260498,-17.9107456207275,"Unknown"
"5020555",378677,2026-04-11 09:00:33,28.875560760498,-17.9110565185547,"Unknown"
"5020555",378677,2026-04-11 09:05:12,28.8753070831299,-17.9114189147949,"Unknown"
"5020555",378677,2026-04-11 09:10:12,28.8749351501465,-17.9117794036865,"Unknown"
"5020555",378677,2026-04-11 09:15:12,28.874719619751,-17.9121131896973,"Unknown"
"5020555",378677,2026-04-11 09:20:12,28.8745651245117,-17.9124641418457,"Unknown"
"5020555",378677,2026-04-11 09:25:14,28.8744354248047,-17.912769317627,"Unknown"
"5020555",378677,2026-04-11 09:30:12,28.8744297027588,-17.913158416748,"Unknown"
"5020555",378677,2026-04-11 09:35:12,28.8742866516113,-17.9135551452637,"Unknown"
"5020555",378677,2026-04-11 09:40:14,28.874153137207,-17.9140090942383,"Unknown"
"5020555",378677,2026-04-11 09:45:15,28.8832168579102,-17.9143295288086,"Unknown"
"5020555",378677,2026-04-11 09:50:19,28.8820419311523,-17.9042854309082,"Unknown"
"5020555",378677,2026-04-11 09:55:12,28.8821201324463,-17.9024429321289,"Unknown"
"5020555",378677,2026-04-11 10:00:12,28.8821353912354,-17.902587890625,"Unknown"
"5020555",378677,2026-04-11 10:05:12,28.8819828033447,-17.9028072357178,"Unknown"
"5020555",378677,2026-04-11 10:10:13,28.8818054199219,-17.9030933380127,"Unknown"
"5020555",378677,2026-04-11 10:15:13,28.8815631866455,-17.903263092041,"Unknown"
"5020555",378677,2026-04-11 10:20:12,28.8741683959961,-17.8981990814209,"Unknown"
"5020555",378677,2026-04-11 10:25:14,28.8740367889404,-17.8986854553223,"Unknown"
"5020555",378677,2026-04-11 10:30:14,28.8739700317383,-17.899263381958,"Unknown"
"5020555",378677,2026-04-11 10:35:14,28.8739147186279,-17.8997917175293,"Unknown"
"5020555",378677,2026-04-11 10:40:14,28.8738555908203,-17.900260925293,"Unknown"
"5020555",378677,2026-04-11 10:45:15,28.8738136291504,-17.9007015228271,"Unknown"
"5020555",378677,2026-04-11 10:50:14,28.8737678527832,-17.9010848999023,"Unknown"
"5020555",378677,2026-04-11 10:55:14,28.8736572265625,-17.9014110565186,"Unknown"
"5020555",378677,2026-04-11 11:00:15,28.8735904693604,-17.9017753601074,"Unknown"
"5020555",378677,2026-04-11 11:05:18,28.873498916626,-17.9022693634033,"Unknown"
"5020555",378677,2026-04-11 11:10:18,28.8734321594238,-17.9026851654053,"Unknown"
"5020555",378677,2026-04-11 11:15:13,28.8732109069824,-17.9030685424805,"Unknown"
"5020555",378677,2026-04-11 11:20:15,28.873010635376,-17.9034595489502,"Unknown"
"5020555",378677,2026-04-11 11:25:15,28.8729019165039,-17.9039001464844,"Unknown"
"5020555",378677,2026-04-11 11:30:12,28.8728008270264,-17.9043979644775,"Unknown"
"5020555",378677,2026-04-11 11:35:16,28.8727512359619,-17.904914855957,"Unknown"
"5020555",378677,2026-04-11 11:40:15,28.8727054595947,-17.9053783416748,"Unknown"
"5020555",378677,2026-04-11 11:45:17,28.8726825714111,-17.9059104919434,"Unknown"
"5020555",378677,2026-04-11 11:51:37,28.863748550415,-17.899845123291,"Unknown"
"5020555",378677,2026-04-11 11:55:57,28.8637371063232,-17.8764247894287,"Unknown"
"5020555",378677,2026-04-11 12:01:21,28.8616733551025,-17.8758125305176,"Unknown"
"5020555",378677,2026-04-11 12:05:14,28.8582458496094,-17.857213973999,"Unknown"
"5020555",378677,2026-04-11 12:10:17,28.8616600036621,-17.8250274658203,"Unknown"
"5020555",378677,2026-04-11 12:15:14,28.8683452606201,-17.8226127624512,"Unknown"
"5020555",378677,2026-04-11 12:20:14,28.8677959442139,-17.8229713439941,"Unknown"
"5020555",378677,2026-04-11 12:25:13,28.8713607788086,-17.8362350463867,"Unknown"
"5020555",378677,2026-04-11 12:30:13,28.8714370727539,-17.8362712860107,"Unknown"
"5020555",378677,2026-04-11 12:35:13,28.8715744018555,-17.8363437652588,"Unknown"
"5020555",378677,2026-04-11 12:40:13,28.8716697692871,-17.836446762085,"Unknown"
"5020555",378677,2026-04-11 12:45:13,28.8717803955078,-17.836483001709,"Unknown"
"5020555",378677,2026-04-11 12:50:14,28.8718452453613,-17.8365116119385,"Unknown"
"5020555",378677,2026-04-11 12:55:14,28.8718490600586,-17.8365325927734,"Unknown"
"5020555",378677,2026-04-11 13:00:15,28.8718395233154,-17.8366775512695,"Unknown"
"5020555",378677,2026-04-11 13:05:14,28.8716640472412,-17.8365840911865,"Unknown"
"5020555",378677,2026-04-11 13:10:15,28.8715744018555,-17.8366718292236,"Unknown"
"5020555",378677,2026-04-11 13:16:03,28.871395111084,-17.8368167877197,"Unknown"
"5020555",378677,2026-04-11 13:20:12,28.8712749481201,-17.8369464874268,"Unknown"
"5020555",378677,2026-04-11 13:25:12,28.8711490631104,-17.8371105194092,"Unknown"
"5020555",378677,2026-04-11 13:30:14,28.8711624145508,-17.8374538421631,"Unknown"
"5020555",378677,2026-04-11 13:35:14,28.8711071014404,-17.8378276824951,"Unknown"
"5020555",378677,2026-04-11 13:40:12,28.8709392547607,-17.8382091522217,"Unknown"
"5020555",378677,2026-04-11 13:45:12,28.8708763122559,-17.8385925292969,"Unknown"
"5020555",378677,2026-04-11 13:50:16,28.8708190917969,-17.8389625549316,"Unknown"
"5020555",378677,2026-04-11 13:55:13,28.8707160949707,-17.8393516540527,"Unknown"
"5020555",378677,2026-04-11 14:00:15,28.8705902099609,-17.8397750854492,"Unknown"
"5020555",378677,2026-04-11 14:05:13,28.870418548584,-17.8401966094971,"Unknown"
"5020555",378677,2026-04-11 14:10:13,28.870361328125,-17.8405914306641,"Unknown"
"5020555",378677,2026-04-11 14:15:15,28.8702716827393,-17.841064453125,"Unknown"
"5020555",378677,2026-04-11 14:20:14,28.870189666748,-17.8415107727051,"Unknown"
"5020555",378677,2026-04-11 14:25:14,28.8701133728027,-17.8420391082764,"Unknown"
"5020555",378677,2026-04-11 14:30:15,28.8700218200684,-17.8425960540771,"Unknown"
"5020555",378677,2026-04-11 14:35:13,28.8699741363525,-17.8432312011719,"Unknown"
"5020555",378677,2026-04-11 14:40:15,28.8699226379395,-17.8438625335693,"Unknown"
"5020555",378677,2026-04-11 14:45:16,28.8698863983154,-17.84450340271,"Unknown"
"5020555",378677,2026-04-11 14:50:14,28.8698425292969,-17.8450908660889,"Unknown"
"5020555",378677,2026-04-11 14:55:15,28.869743347168,-17.845666885376,"Unknown"
"5020555",378677,2026-04-11 15:00:12,28.8696975708008,-17.8462715148926,"Unknown"
"5020555",378677,2026-04-11 15:05:15,28.8696365356445,-17.8469390869141,"Unknown"
"5020555",378677,2026-04-11 15:10:15,28.8695316314697,-17.8475570678711,"Unknown"
"5020555",378677,2026-04-11 15:15:14,28.8694229125977,-17.8483047485352,"Unknown"
"5020555",378677,2026-04-11 15:20:14,28.8692817687988,-17.8490295410156,"Unknown"
"5020555",378677,2026-04-11 15:25:14,28.8689994812012,-17.849760055542,"Unknown"
"5020555",378677,2026-04-11 15:30:15,28.868616104126,-17.8504180908203,"Unknown"
"5020555",378677,2026-04-11 15:35:15,28.8628025054932,-17.8236103057861,"Unknown"
"5020555",378677,2026-04-11 15:40:14,28.8616409301758,-17.8207035064697,"Unknown"
"5020555",378677,2026-04-11 15:45:33,28.8612689971924,-17.8212299346924,"Unknown"
"5020555",378677,2026-04-11 15:50:14,28.8609428405762,-17.8216781616211,"Unknown"
"5020555",378677,2026-04-11 15:55:12,28.8591423034668,-17.8092613220215,"Unknown"
"5020555",378677,2026-04-11 16:00:16,28.8588714599609,-17.8095970153809,"Unknown"
"5020555",378677,2026-04-11 16:05:14,28.8586502075195,-17.8100681304932,"Unknown"
"5020555",378677,2026-04-11 16:10:15,28.8586235046387,-17.8109302520752,"Unknown"
"5020555",378677,2026-04-11 16:15:14,28.8585872650146,-17.8115901947021,"Unknown"
"5020555",378677,2026-04-11 16:21:03,28.8553409576416,-17.8020858764648,"Unknown"
"5020555",378677,2026-04-11 16:25:14,28.8542041778564,-17.8040256500244,"Unknown"
"5020555",378677,2026-04-11 16:30:13,28.8542098999023,-17.804256439209,"Unknown"
"5020555",378677,2026-04-11 16:35:33,28.8541774749756,-17.8044929504395,"Unknown"
"5020555",378677,2026-04-11 16:40:16,28.854190826416,-17.8046855926514,"Unknown"
"5020555",378677,2026-04-11 16:45:51,28.8544082641602,-17.8049697875977,"Unknown"
"5020555",378677,2026-04-11 16:51:03,28.8544788360596,-17.8052291870117,"Unknown"
"5020555",378677,2026-04-11 16:55:14,28.8545932769775,-17.8054504394531,"Unknown"
"5020555",378677,2026-04-11 17:00:12,28.8546237945557,-17.8056907653809,"Unknown"
"5020555",378677,2026-04-11 17:05:12,28.8548412322998,-17.8058490753174,"Unknown"
"5020555",378677,2026-04-11 17:10:12,28.8549671173096,-17.8060836791992,"Unknown"
"5020555",378677,2026-04-11 17:15:12,28.8551349639893,-17.8063545227051,"Unknown"
"5020555",378677,2026-04-11 17:20:12,28.8573226928711,-17.828197479248,"Unknown"
"5020555",378677,2026-04-11 17:25:12,28.8541889190674,-17.8516998291016,"Unknown"
"5020555",378677,2026-04-11 17:30:13,28.8607501983643,-17.8614292144775,"Unknown"
"5020555",378677,2026-04-11 17:35:12,28.8516941070557,-17.852560043335,"Unknown"
"5020555",378677,2026-04-11 17:40:13,28.8567428588867,-17.8543968200684,"Unknown"
"5020555",378677,2026-04-11 17:45:12,28.8552341461182,-17.8555183410645,"Unknown"
"5020555",378677,2026-04-11 17:50:15,28.8624782562256,-17.8500747680664,"Unknown"
"5020555",378677,2026-04-11 17:55:14,28.8626403808594,-17.8544616699219,"Unknown"
"5020555",378677,2026-04-11 18:00:13,28.8627338409424,-17.8551940917969,"Unknown"
"5020555",378677,2026-04-11 18:05:15,28.8626136779785,-17.8906841278076,"Unknown"
"5020555",378677,2026-04-11 18:10:15,28.877498626709,-17.9061679840088,"Unknown"
"5020555",378677,2026-04-11 18:15:14,28.8708534240723,-17.9341468811035,"Unknown"
"5020555",378677,2026-04-11 18:20:13,28.875431060791,-17.9447040557861,"Unknown"
"5020555",378677,2026-04-11 18:25:15,28.8797988891602,-17.9389305114746,"Unknown"
"5020555",378677,2026-04-11 18:30:16,28.8772144317627,-17.9141750335693,"Unknown"
"5020555",378677,2026-04-11 18:35:15,28.8743324279785,-17.8897972106934,"Unknown"
"5020555",378677,2026-04-11 18:40:15,28.8628387451172,-17.8625774383545,"Unknown"
"5020555",378677,2026-04-11 18:45:16,28.8573036193848,-17.8297653198242,"Unknown"
"5020555",378677,2026-04-11 18:50:17,28.8631820678711,-17.8151912689209,"Unknown"
"5020555",378677,2026-04-11 18:55:14,28.8623580932617,-17.8352127075195,"Unknown"
"5020555",378677,2026-04-11 19:09:44,28.8640079498291,-17.8864059448242,"Unknown"
"5020555",378677,2026-04-11 19:10:51,28.8633422851562,-17.8907928466797,"Unknown"
"5020555",378677,2026-04-11 19:15:13,28.8644390106201,-17.8898429870605,"Unknown"
"5020555",378677,2026-04-11 19:20:13,28.8648376464844,-17.9003200531006,"Unknown"
"5020555",378677,2026-04-11 19:25:16,28.8583602905273,-17.8837985992432,"Unknown"
"5020555",378677,2026-04-11 19:30:14,28.8547592163086,-17.8681373596191,"Unknown"
"5020555",378677,2026-04-11 19:35:14,28.8548164367676,-17.8683032989502,"Unknown"
"5020555",378677,2026-04-11 19:40:15,28.8548049926758,-17.8685436248779,"Unknown"
"5020555",378677,2026-04-11 19:45:14,28.8547439575195,-17.8687210083008,"Unknown"
"5020555",378677,2026-04-11 19:50:16,28.8546504974365,-17.8686866760254,"Unknown"
"5020555",378677,2026-04-11 19:55:16,28.8546161651611,-17.8689422607422,"Unknown"
"5020555",378677,2026-04-11 20:00:18,28.8546524047852,-17.8691711425781,"Unknown"
"5020555",378677,2026-04-11 20:05:16,28.8547782897949,-17.8691349029541,"Unknown"
"5020555",378677,2026-04-11 20:10:15,28.8548164367676,-17.8693351745605,"Unknown"
"5020555",378677,2026-04-11 20:15:15,28.8547973632812,-17.8696098327637,"Unknown"
"5020555",378677,2026-04-11 20:20:13,28.8547973632812,-17.86962890625,"Unknown"
"5020555",378677,2026-04-11 20:25:13,28.854829788208,-17.8696823120117,"Unknown"
"5020555",378677,2026-04-11 20:30:19,28.8548793792725,-17.8697872161865,"Unknown"
"5020555",378677,2026-04-11 20:35:14,28.8548259735107,-17.8697872161865,"Unknown"
"5020555",378677,2026-04-11 20:40:33,28.8549995422363,-17.8699760437012,"Unknown"
"5020555",378677,2026-04-11 20:45:13,28.8553619384766,-17.8704566955566,"Unknown"
"5020555",378677,2026-04-11 20:50:13,28.8556385040283,-17.870698928833,"Unknown"
"5020555",378677,2026-04-11 20:55:15,28.8559112548828,-17.8710174560547,"Unknown"
"5020555",378677,2026-04-11 21:00:14,28.8561611175537,-17.8713760375977,"Unknown"
"5020555",378677,2026-04-11 21:05:15,28.8562698364258,-17.8717613220215,"Unknown"
"5020555",378677,2026-04-11 21:10:14,28.8563899993896,-17.8723182678223,"Unknown"
"5020555",378677,2026-04-11 21:15:14,28.8564395904541,-17.8727970123291,"Unknown"
"5020555",378677,2026-04-11 21:20:33,28.8564777374268,-17.8732681274414,"Unknown"
"5020555",378677,2026-04-11 21:25:13,28.8565139770508,-17.8735885620117,"Unknown"
"5020555",378677,2026-04-11 21:30:13,28.8565101623535,-17.8739242553711,"Unknown"
"5020555",378677,2026-04-11 21:35:13,28.8565864562988,-17.8743057250977,"Unknown"
"5020555",378677,2026-04-11 21:40:13,28.8565444946289,-17.8746757507324,"Unknown"
"5020555",378677,2026-04-11 21:45:13,28.8565788269043,-17.874979019165,"Unknown"
"5020555",378677,2026-04-11 21:50:13,28.8567810058594,-17.8753719329834,"Unknown"
"5020555",378677,2026-04-11 21:55:13,28.8569164276123,-17.8758735656738,"Unknown"
"5020555",378677,2026-04-11 22:00:13,28.8570976257324,-17.8764667510986,"Unknown"
"5020555",378677,2026-04-11 22:05:13,28.8572273254395,-17.8771533966064,"Unknown"
"5020555",378677,2026-04-11 22:10:13,28.8571720123291,-17.8777351379395,"Unknown"
"5020555",378677,2026-04-11 22:15:13,28.8570442199707,-17.8782997131348,"Unknown"
"5020555",378677,2026-04-11 22:20:13,28.8568420410156,-17.8788242340088,"Unknown"
"5020555",378677,2026-04-11 22:25:13,28.8568382263184,-17.8791618347168,"Unknown"
"5020555",378677,2026-04-11 22:30:13,28.8568515777588,-17.8795986175537,"Unknown"
"5020555",378677,2026-04-11 22:35:13,28.859058380127,-17.8790016174316,"Unknown"
"5020555",378677,2026-04-11 22:40:14,28.865385055542,-17.8782997131348,"Unknown"
"5020555",378677,2026-04-11 22:45:15,28.8653583526611,-17.879186630249,"Unknown"
"5020555",378677,2026-04-11 22:50:13,28.8653106689453,-17.8802032470703,"Unknown"
"5020555",378677,2026-04-11 22:55:15,28.865291595459,-17.8812103271484,"Unknown"
"5020555",378677,2026-04-11 23:00:14,28.8652725219727,-17.8822746276855,"Unknown"
"5020555",378677,2026-04-11 23:05:14,28.8652458190918,-17.8832969665527,"Unknown"
"5020555",378677,2026-04-11 23:10:15,28.8651962280273,-17.8843250274658,"Unknown"
"5020555",378677,2026-04-11 23:15:13,28.8650741577148,-17.8853664398193,"Unknown"
"5020555",378677,2026-04-11 23:20:13,28.8650131225586,-17.8864479064941,"Unknown"
"5020555",378677,2026-04-11 23:25:13,28.8671073913574,-17.8871841430664,"Unknown"
"5020555",378677,2026-04-11 23:30:15,28.8670482635498,-17.888219833374,"Unknown"
"5020555",378677,2026-04-11 23:35:13,28.8670120239258,-17.8892478942871,"Unknown"
"5020555",378677,2026-04-11 23:40:15,28.867000579834,-17.890308380127,"Unknown"
"5020555",378677,2026-04-11 23:45:13,28.8670616149902,-17.891300201416,"Unknown"
"5020555",378677,2026-04-11 23:50:13,28.8670978546143,-17.8922672271729,"Unknown"
"5020555",378677,2026-04-11 23:55:15,28.8671436309814,-17.893253326416,"Unknown"
"5020555",378677,2026-04-12 00:00:47,28.8671817779541,-17.8944759368896,"Unknown"
"5020555",378677,2026-04-12 00:05:12,28.867223739624,-17.895378112793,"Unknown"
"5020555",378677,2026-04-12 00:10:12,28.8672294616699,-17.8964424133301,"Unknown"
"5020555",378677,2026-04-12 00:15:12,28.867259979248,-17.8975734710693,"Unknown"
"5020555",378677,2026-04-12 00:20:12,28.8673210144043,-17.8987045288086,"Unknown"
"5020555",378677,2026-04-12 00:25:12,28.867359161377,-17.8998908996582,"Unknown"
"5020555",378677,2026-04-12 00:30:13,28.8672981262207,-17.9011631011963,"Unknown"
"5020555",378677,2026-04-12 00:35:12,28.8672943115234,-17.9023971557617,"Unknown"
"5020555",378677,2026-04-12 00:40:13,28.867359161377,-17.9036712646484,"Unknown"
"5020555",378677,2026-04-12 00:45:12,28.8675155639648,-17.9048881530762,"Unknown"
"5020555",378677,2026-04-12 00:50:13,28.8677387237549,-17.9063720703125,"Unknown"
"5020555",378677,2026-04-12 00:55:12,28.8680438995361,-17.9078998565674,"Unknown"
"5020555",378677,2026-04-12 01:00:12,28.8683910369873,-17.9094390869141,"Unknown"
"5020555",378677,2026-04-12 01:05:12,28.8687343597412,-17.9109935760498,"Unknown"
"5020555",378677,2026-04-12 01:10:14,28.8689937591553,-17.9125633239746,"Unknown"
"5020555",378677,2026-04-12 01:15:12,28.869270324707,-17.9141159057617,"Unknown"
"5020555",378677,2026-04-12 01:20:12,28.8695468902588,-17.9157047271729,"Unknown"
"5020555",378677,2026-04-12 01:25:12,28.8699550628662,-17.917366027832,"Unknown"
"5020555",378677,2026-04-12 01:30:13,28.8703098297119,-17.9190502166748,"Unknown"
"5020555",378677,2026-04-12 01:35:13,28.8705596923828,-17.9207992553711,"Unknown"
"5020555",378677,2026-04-12 01:40:13,28.8705978393555,-17.9225215911865,"Unknown"
"5020555",378677,2026-04-12 01:45:13,28.8706722259521,-17.9242057800293,"Unknown"
"5020555",378677,2026-04-12 01:50:15,28.8707637786865,-17.9259738922119,"Unknown"
"5020555",378677,2026-04-12 01:55:12,28.8707828521729,-17.9276447296143,"Unknown"
"5020555",378677,2026-04-12 02:00:13,28.8750743865967,-17.9245510101318,"Unknown"
"5020555",378677,2026-04-12 02:05:13,28.8825607299805,-17.9233379364014,"Unknown"
"5020555",378677,2026-04-12 02:10:13,28.8824882507324,-17.9249420166016,"Unknown"
"5020555",378677,2026-04-12 02:15:14,28.8823204040527,-17.9265441894531,"Unknown"
"5020555",378677,2026-04-12 02:20:15,28.8821086883545,-17.9280548095703,"Unknown"
"5020555",378677,2026-04-12 02:25:15,28.8819561004639,-17.9296550750732,"Unknown"
"5020555",378677,2026-04-12 02:30:15,28.8818225860596,-17.9313144683838,"Unknown"
"5020555",378677,2026-04-12 02:35:14,28.8817310333252,-17.9328842163086,"Unknown"
"5020555",378677,2026-04-12 02:40:14,28.8816528320312,-17.9345531463623,"Unknown"
"5020555",378677,2026-04-12 02:45:15,28.88157081604,-17.9361896514893,"Unknown"
"5020555",378677,2026-04-12 02:50:13,28.8814716339111,-17.9378108978271,"Unknown"
"5020555",378677,2026-04-12 02:55:14,28.8813858032227,-17.9394683837891,"Unknown"
"5020555",378677,2026-04-12 03:00:33,28.8812599182129,-17.9412860870361,"Unknown"
"5020555",378677,2026-04-12 03:05:13,28.8811817169189,-17.9429035186768,"Unknown"
"5020555",378677,2026-04-12 03:10:13,28.8810501098633,-17.9445171356201,"Unknown"
"5020555",378677,2026-04-12 03:15:13,28.8809127807617,-17.9460983276367,"Unknown"
"5020555",378677,2026-04-12 03:20:13,28.8807640075684,-17.9476337432861,"Unknown"
"5020555",378677,2026-04-12 03:25:13,28.8805236816406,-17.9491672515869,"Unknown"
"5020555",378677,2026-04-12 03:30:12,28.8802738189697,-17.9506359100342,"Unknown"
"5020555",378677,2026-04-12 03:35:13,28.8800506591797,-17.9520835876465,"Unknown"
"5020555",378677,2026-04-12 03:40:12,28.8798751831055,-17.9534912109375,"Unknown"
"5020555",378677,2026-04-12 03:45:13,28.8797073364258,-17.9548683166504,"Unknown"
"5020555",378677,2026-04-12 03:50:13,28.8795871734619,-17.956205368042,"Unknown"
"5020555",378677,2026-04-12 03:55:13,28.8795070648193,-17.9574871063232,"Unknown"
"5020555",378677,2026-04-12 04:00:13,28.8793067932129,-17.9587554931641,"Unknown"
"5020555",378677,2026-04-12 04:05:13,28.879150390625,-17.9598846435547,"Unknown"
"5020555",378677,2026-04-12 04:10:15,28.879020690918,-17.9609088897705,"Unknown"
"5020555",378677,2026-04-12 04:15:13,28.8789367675781,-17.9618988037109,"Unknown"
"5020555",378677,2026-04-12 04:20:13,28.8788604736328,-17.962911605835,"Unknown"
"5020555",378677,2026-04-12 04:25:13,28.8791522979736,-17.9640827178955,"Unknown"
"5020555",378677,2026-04-12 04:30:13,28.8790340423584,-17.9649600982666,"Unknown"
"5020555",378677,2026-04-12 04:35:14,28.878870010376,-17.9658317565918,"Unknown"
"5020555",378677,2026-04-12 04:40:15,28.8787536621094,-17.9666881561279,"Unknown"
"5020555",378677,2026-04-12 04:45:13,28.8786430358887,-17.9674797058105,"Unknown"
"5020555",378677,2026-04-12 04:50:14,28.8785572052002,-17.9683494567871,"Unknown"
"5020555",378677,2026-04-12 04:55:16,28.8784046173096,-17.9690589904785,"Unknown"
"5020555",378677,2026-04-12 05:00:33,28.8783988952637,-17.9698448181152,"Unknown"
"5020555",378677,2026-04-12 05:05:12,28.8784141540527,-17.970645904541,"Unknown"
"5020555",378677,2026-04-12 05:10:12,28.878475189209,-17.9714126586914,"Unknown"
"5020555",378677,2026-04-12 05:15:13,28.8783283233643,-17.9721755981445,"Unknown"
"5020555",378677,2026-04-12 05:20:13,28.8779468536377,-17.9723300933838,"Unknown"
"5020555",378677,2026-04-12 05:25:13,28.877836227417,-17.9729747772217,"Unknown"
"5020555",378677,2026-04-12 05:30:13,28.8777542114258,-17.973596572876,"Unknown"
"5020555",378677,2026-04-12 05:35:12,28.8776893615723,-17.974193572998,"Unknown"
"5020555",378677,2026-04-12 05:40:13,28.8775939941406,-17.9746704101562,"Unknown"
"5020555",378677,2026-04-12 05:45:12,28.8775653839111,-17.9751644134521,"Unknown"
"5020555",378677,2026-04-12 05:50:13,28.8774757385254,-17.9755744934082,"Unknown"
"5020555",378677,2026-04-12 05:55:13,28.8773880004883,-17.9759178161621,"Unknown"
"5020555",378677,2026-04-12 06:05:11,28.8705291748047,-17.9478454589844,"Unknown"
"5020555",378677,2026-04-12 06:10:13,28.8632564544678,-17.9324359893799,"Unknown"
"5020555",378677,2026-04-12 06:15:14,28.8617267608643,-17.9170379638672,"Unknown"
"5020555",378677,2026-04-12 06:20:16,28.8620319366455,-17.9162521362305,"Unknown"
"5020555",378677,2026-04-12 06:26:36,28.8624839782715,-17.9091053009033,"Unknown"
"5020555",378677,2026-04-12 06:31:03,28.8618793487549,-17.888542175293,"Unknown"
"5020555",378677,2026-04-12 06:35:12,28.8620929718018,-17.8880481719971,"Unknown"
"5020555",378677,2026-04-12 06:40:12,28.8625049591064,-17.8881931304932,"Unknown"
"5020555",378677,2026-04-12 06:45:13,28.8630313873291,-17.8883304595947,"Unknown"
"5020555",378677,2026-04-12 06:50:14,28.8633346557617,-17.8886280059814,"Unknown"
"5020555",378677,2026-04-12 06:55:14,28.8588905334473,-17.8832092285156,"Unknown"
"5020555",378677,2026-04-12 07:00:13,28.8578758239746,-17.8864231109619,"Unknown"
"5020555",378677,2026-04-12 07:05:11,28.860746383667,-17.8866958618164,"Unknown"
"5020555",378677,2026-04-12 07:10:15,28.8601818084717,-17.8850688934326,"Unknown"
"5020555",378677,2026-04-12 07:15:13,28.8610000610352,-17.8862438201904,"Unknown"
"5020555",378677,2026-04-12 07:20:11,28.8621006011963,-17.8856430053711,"Unknown"
"5020555",378677,2026-04-12 07:25:14,28.8563327789307,-17.8786849975586,"Unknown"
"5020555",378677,2026-04-12 07:30:13,28.8613605499268,-17.8906059265137,"Unknown"
"5020555",378677,2026-04-12 07:35:11,28.867618560791,-17.8853435516357,"Unknown"
"5020555",378677,2026-04-12 07:40:46,28.8733749389648,-17.8980102539062,"Unknown"
"5020555",378677,2026-04-12 07:45:13,28.8732624053955,-17.8991928100586,"Unknown"
"5020555",378677,2026-04-12 07:50:13,28.8730373382568,-17.8930339813232,"Unknown"
"5020555",378677,2026-04-12 07:55:13,28.865327835083,-17.8750915527344,"Unknown"
"5020555",378677,2026-04-12 08:00:33,28.8654079437256,-17.8749656677246,"Unknown"
"5020555",378677,2026-04-12 08:05:11,28.8651828765869,-17.8751430511475,"Unknown"
"5020555",378677,2026-04-12 08:10:11,28.8650493621826,-17.8752975463867,"Unknown"
"5020555",378677,2026-04-12 08:15:11,28.8648853302002,-17.8755207061768,"Unknown"
"5020555",378677,2026-04-12 08:20:11,28.8646850585938,-17.8757495880127,"Unknown"
"5020555",378677,2026-04-12 08:25:14,28.8645000457764,-17.8760051727295,"Unknown"
"5020555",378677,2026-04-12 08:30:12,28.8642520904541,-17.8761940002441,"Unknown"
"5020555",378677,2026-04-12 08:35:13,28.8640079498291,-17.8765048980713,"Unknown"
"5020555",378677,2026-04-12 08:40:13,28.8634414672852,-17.8731498718262,"Unknown"
"5020555",378677,2026-04-12 08:45:13,28.8671646118164,-17.8623600006104,"Unknown"
"5020555",378677,2026-04-12 08:50:33,28.8640213012695,-17.8590755462646,"Unknown"
"5020555",378677,2026-04-12 08:55:13,28.8627700805664,-17.8558883666992,"Unknown"
"5020555",378677,2026-04-12 09:00:14,28.8644981384277,-17.8508110046387,"Unknown"
"5020555",378677,2026-04-12 09:05:13,28.8624210357666,-17.8440532684326,"Unknown"
"5020555",378677,2026-04-12 09:10:14,28.8527774810791,-17.8386306762695,"Unknown"
"5020555",378677,2026-04-12 09:15:13,28.8644523620605,-17.8688545227051,"Unknown"
"5020555",378677,2026-04-12 09:20:13,28.8628425598145,-17.8767623901367,"Unknown"
"5020555",378677,2026-04-12 09:25:15,28.8842067718506,-17.8860340118408,"Unknown"
"5020555",378677,2026-04-12 09:30:13,28.864351272583,-17.8940677642822,"Unknown"
"5020555",378677,2026-04-12 09:35:13,28.8675785064697,-17.9091739654541,"Unknown"
"5020555",378677,2026-04-12 09:40:15,28.868803024292,-17.9175395965576,"Unknown"
"5020555",378677,2026-04-12 09:45:14,28.8685436248779,-17.9017562866211,"Unknown"
"5020555",378677,2026-04-12 09:50:13,28.8667793273926,-17.9042453765869,"Unknown"
"5020555",378677,2026-04-12 09:55:14,28.8672695159912,-17.9060459136963,"Unknown"
"5020555",378677,2026-04-12 10:00:18,28.866039276123,-17.9033145904541,"Unknown"
"5020555",378677,2026-04-12 10:05:13,28.8658905029297,-17.9002780914307,"Unknown"
"5020555",378677,2026-04-12 10:10:14,28.8620128631592,-17.8953056335449,"Unknown"
"5020555",378677,2026-04-12 10:15:16,28.8701229095459,-17.887659072876,"Unknown"
"5020555",378677,2026-04-12 10:20:16,28.8696918487549,-17.8917484283447,"Unknown"
"5020555",378677,2026-04-12 10:25:15,28.8666095733643,-17.8837127685547,"Unknown"
"5020555",378677,2026-04-12 10:30:11,28.8645496368408,-17.8995151519775,"Unknown"
"5020555",378677,2026-04-12 10:35:15,28.862548828125,-17.9035778045654,"Unknown"
"5020555",378677,2026-04-12 10:40:13,28.863208770752,-17.9070625305176,"Unknown"
"5020555",378677,2026-04-12 10:45:12,28.8695831298828,-17.9103946685791,"Unknown"
"5020555",378677,2026-04-12 10:50:16,28.8689460754395,-17.9056987762451,"Unknown"
"5020555",378677,2026-04-12 10:55:13,28.8687725067139,-17.9058856964111,"Unknown"
"5020555",378677,2026-04-12 11:00:11,28.8685989379883,-17.9062366485596,"Unknown"
"5020555",378677,2026-04-12 11:05:13,28.8684062957764,-17.9065971374512,"Unknown"
"5020555",378677,2026-04-12 11:10:14,28.868091583252,-17.9068355560303,"Unknown"
"5020555",378677,2026-04-12 11:15:14,28.8679141998291,-17.9072494506836,"Unknown"
"5020555",378677,2026-04-12 11:20:13,28.8677310943604,-17.907772064209,"Unknown"
"5020555",378677,2026-04-12 11:25:14,28.867748260498,-17.9079303741455,"Unknown"
"5020555",378677,2026-04-12 11:30:14,28.8643112182617,-17.9042949676514,"Unknown"
"5020555",378677,2026-04-12 11:35:17,28.864953994751,-17.9089889526367,"Unknown"
"5020555",378677,2026-04-12 11:40:14,28.8656196594238,-17.9102420806885,"Unknown"
"5020555",378677,2026-04-12 11:45:15,28.8696746826172,-17.9101505279541,"Unknown"
"5020555",378677,2026-04-12 11:50:33,28.8690948486328,-17.9091358184814,"Unknown"
"5020555",378677,2026-04-12 11:55:12,28.8686962127686,-17.909366607666,"Unknown"
"5020555",378677,2026-04-12 12:00:12,28.8684520721436,-17.9096622467041,"Unknown"
"5020555",378677,2026-04-12 12:05:11,28.8682537078857,-17.9101181030273,"Unknown"
"5020555",378677,2026-04-12 12:10:11,28.8650054931641,-17.9140472412109,"Unknown"
"5020555",378677,2026-04-12 12:15:11,28.8655071258545,-17.9162254333496,"Unknown"
"5020555",378677,2026-04-12 12:20:11,28.8645153045654,-17.9174385070801,"Unknown"
"5020555",378677,2026-04-12 12:25:11,28.8651752471924,-17.9179134368896,"Unknown"
"5020555",378677,2026-04-12 12:30:13,28.8659400939941,-17.9135990142822,"Unknown"
"5020555",378677,2026-04-12 12:35:13,28.8654861450195,-17.9096775054932,"Unknown"
"5020555",378677,2026-04-12 12:40:13,28.8655281066895,-17.9056453704834,"Unknown"
"5020555",378677,2026-04-12 12:45:11,28.8654117584229,-17.9056396484375,"Unknown"
"5020555",378677,2026-04-12 12:50:11,28.865385055542,-17.9053916931152,"Unknown"
"5020555",378677,2026-04-12 12:55:13,28.8659839630127,-17.9056644439697,"Unknown"
"5020555",378677,2026-04-12 13:00:11,28.8651542663574,-17.9049472808838,"Unknown"
"5020555",378677,2026-04-12 13:05:13,28.8692970275879,-17.9100437164307,"Unknown"
"5020555",378677,2026-04-12 13:10:13,28.8687782287598,-17.9103145599365,"Unknown"
"5020555",378677,2026-04-12 13:15:13,28.8682670593262,-17.9106578826904,"Unknown"
"5020555",378677,2026-04-12 13:20:13,28.8678398132324,-17.9110527038574,"Unknown"
"5020555",378677,2026-04-12 13:25:14,28.8674793243408,-17.9114818572998,"Unknown"
"5020555",378677,2026-04-12 13:30:12,28.8669967651367,-17.9120502471924,"Unknown"
"5020555",378677,2026-04-12 13:35:14,28.866626739502,-17.9127044677734,"Unknown"
"5020555",378677,2026-04-12 13:40:12,28.8662490844727,-17.9133796691895,"Unknown"
"5020555",378677,2026-04-12 13:45:13,28.8660335540771,-17.9142322540283,"Unknown"
"5020555",378677,2026-04-12 13:50:13,28.8670482635498,-17.9180717468262,"Unknown"
"5020555",378677,2026-04-12 13:56:36,28.8691120147705,-17.9181423187256,"Unknown"
"5020555",378677,2026-04-12 14:01:03,28.869779586792,-17.9199028015137,"Unknown"
"5020555",378677,2026-04-12 14:05:14,28.869478225708,-17.9230461120605,"Unknown"
"5020555",378677,2026-04-12 14:10:15,28.8716602325439,-17.9247531890869,"Unknown"
"5020555",378677,2026-04-12 14:15:13,28.8734493255615,-17.9307594299316,"Unknown"
"5020555",378677,2026-04-12 14:20:14,28.8689041137695,-17.9345588684082,"Unknown"
"5020555",378677,2026-04-12 14:25:13,28.8684387207031,-17.9372310638428,"Unknown"
"5020555",378677,2026-04-12 14:30:16,28.8680210113525,-17.9383220672607,"Unknown"
"5020555",378677,2026-04-12 14:35:12,28.8678035736084,-17.9392490386963,"Unknown"
"5020555",378677,2026-04-12 14:40:12,28.8677387237549,-17.9402141571045,"Unknown"
"5020555",378677,2026-04-12 14:45:17,28.8703117370605,-17.9393901824951,"Unknown"
"5020555",378677,2026-04-12 14:50:47,28.8706321716309,-17.938928604126,"Unknown"
"5020555",378677,2026-04-12 14:55:12,28.866325378418,-17.9443340301514,"Unknown"
"5020555",378677,2026-04-12 15:00:11,28.8655662536621,-17.946174621582,"Unknown"
"5020555",378677,2026-04-12 15:05:11,28.8652248382568,-17.9471855163574,"Unknown"
"5020555",378677,2026-04-12 15:10:33,28.864896774292,-17.9479751586914,"Unknown"
"5020555",378677,2026-04-12 15:15:13,28.8649997711182,-17.9482135772705,"Unknown"
"5020555",378677,2026-04-12 15:20:10,28.8647441864014,-17.9489879608154,"Unknown"
"5020555",378677,2026-04-12 15:25:13,28.8645992279053,-17.9495868682861,"Unknown"
"5020555",378677,2026-04-12 15:30:10,28.8645305633545,-17.9501132965088,"Unknown"
"5020555",378677,2026-04-12 15:35:11,28.8645248413086,-17.9506340026855,"Unknown"
"5020555",378677,2026-04-12 15:40:11,28.8646564483643,-17.9511089324951,"Unknown"
"5020555",378677,2026-04-12 15:45:11,28.8646335601807,-17.9515151977539,"Unknown"
"5020555",378677,2026-04-12 15:50:13,28.864688873291,-17.9518661499023,"Unknown"
"5020555",378677,2026-04-12 15:55:19,28.8647575378418,-17.9520320892334,"Unknown"
"5020555",378677,2026-04-12 16:00:10,28.8649120330811,-17.9521312713623,"Unknown"
"5020555",378677,2026-04-12 16:05:12,28.8651447296143,-17.9524345397949,"Unknown"
"5020555",378677,2026-04-12 16:10:13,28.8654022216797,-17.9527931213379,"Unknown"
"5020555",378677,2026-04-12 16:15:13,28.8656787872314,-17.9531097412109,"Unknown"
"5020555",378677,2026-04-12 16:20:11,28.8657779693604,-17.9563026428223,"Unknown"
"5020555",378677,2026-04-12 16:25:12,28.8640079498291,-17.9606418609619,"Unknown"
"5020555",378677,2026-04-12 16:30:14,28.8581199645996,-17.9633350372314,"Unknown"
"5020555",378677,2026-04-12 16:35:13,28.8582611083984,-17.9637966156006,"Unknown"
"5020555",378677,2026-04-12 16:40:12,28.8581981658936,-17.9643535614014,"Unknown"
"5020555",378677,2026-04-12 16:45:13,28.8582191467285,-17.9649047851562,"Unknown"
"5020555",378677,2026-04-12 16:50:16,28.8682708740234,-17.9704818725586,"Unknown"
"5020555",378677,2026-04-12 16:55:13,28.8904342651367,-17.9879512786865,"Unknown"
"5020555",378677,2026-04-12 17:00:33,28.8864765167236,-17.9857749938965,"Unknown"
"5020555",378677,2026-04-12 17:05:11,28.8862609863281,-17.9868602752686,"Unknown"
"5020555",378677,2026-04-12 17:10:11,28.8861389160156,-17.9878787994385,"Unknown"
"5020555",378677,2026-04-12 17:15:11,28.8858985900879,-17.9887657165527,"Unknown"
"5020555",378677,2026-04-12 17:20:12,28.8763160705566,-17.9766235351562,"Unknown"
"5020555",378677,2026-04-12 17:25:11,28.8619384765625,-17.9619407653809,"Unknown"
"5020555",378677,2026-04-12 17:30:11,28.8550796508789,-17.9581394195557,"Unknown"
"5020555",378677,2026-04-12 17:35:11,28.8534660339355,-17.9678916931152,"Unknown"
"5020555",378677,2026-04-12 17:40:12,28.8490238189697,-17.9663619995117,"Unknown"
"5020555",378677,2026-04-12 17:45:14,28.848461151123,-17.9642238616943,"Unknown"
"5020555",378677,2026-04-12 17:50:12,28.8481407165527,-17.9641399383545,"Unknown"
"5020555",378677,2026-04-12 17:55:11,28.8479881286621,-17.9643287658691,"Unknown"
"5020555",378677,2026-04-12 18:00:12,28.8479804992676,-17.9644947052002,"Unknown"
"5020555",378677,2026-04-12 18:05:12,28.8480052947998,-17.9644985198975,"Unknown"
"5020555",378677,2026-04-12 18:10:12,28.8480987548828,-17.9644718170166,"Unknown"
"5020555",378677,2026-04-12 18:15:15,28.8481407165527,-17.9644145965576,"Unknown"
"5020555",378677,2026-04-12 18:20:13,28.848201751709,-17.9644031524658,"Unknown"
"5020555",378677,2026-04-12 18:25:14,28.8482246398926,-17.964334487915,"Unknown"
"5020555",378677,2026-04-12 18:30:14,28.848274230957,-17.9644336700439,"Unknown"
"5020555",378677,2026-04-12 18:35:16,28.8482456207275,-17.9646663665771,"Unknown"
"5020555",378677,2026-04-12 18:40:15,28.8482570648193,-17.9648609161377,"Unknown"
"5020555",378677,2026-04-12 18:45:15,28.848316192627,-17.9650955200195,"Unknown"
"5020555",378677,2026-04-12 18:50:16,28.8483905792236,-17.9651546478271,"Unknown"
"5020555",378677,2026-04-12 18:55:16,28.8485794067383,-17.9651699066162,"Unknown"
"5020555",378677,2026-04-12 19:00:14,28.8487739562988,-17.9650707244873,"Unknown"
"5020555",378677,2026-04-12 19:05:33,28.8490734100342,-17.9649219512939,"Unknown"
"5020555",378677,2026-04-12 19:10:14,28.8493251800537,-17.964771270752,"Unknown"
"5020555",378677,2026-04-12 19:15:14,28.8461666107178,-17.9643325805664,"Unknown"
"5020555",378677,2026-04-12 19:20:14,28.8430309295654,-17.9642391204834,"Unknown"
"5020555",378677,2026-04-12 19:25:12,28.8427639007568,-17.9644412994385,"Unknown"
"5020555",378677,2026-04-12 19:30:13,28.8424549102783,-17.9647483825684,"Unknown"
"5020555",378677,2026-04-12 19:35:13,28.842113494873,-17.9649238586426,"Unknown"
"5020555",378677,2026-04-12 19:40:12,28.8418159484863,-17.9651660919189,"Unknown"
"5020555",378677,2026-04-12 19:45:14,28.8415718078613,-17.9654655456543,"Unknown"
"5020555",378677,2026-04-12 19:50:18,28.8412399291992,-17.965747833252,"Unknown"
"5020555",378677,2026-04-12 19:55:13,28.8409805297852,-17.9661712646484,"Unknown"
"5020555",378677,2026-04-12 20:00:14,28.8407402038574,-17.9665508270264,"Unknown"
"5020555",378677,2026-04-12 20:05:14,28.8404178619385,-17.9669761657715,"Unknown"
"5020555",378677,2026-04-12 20:10:12,28.8400402069092,-17.9673805236816,"Unknown"
"5020555",378677,2026-04-12 20:15:14,28.8397846221924,-17.9677772521973,"Unknown"
"5020555",378677,2026-04-12 20:20:13,28.8397979736328,-17.9681968688965,"Unknown"
"5020555",378677,2026-04-12 20:25:15,28.8398361206055,-17.9687232971191,"Unknown"
"5020555",378677,2026-04-12 20:30:13,28.8399295806885,-17.9693450927734,"Unknown"
"5020555",378677,2026-04-12 20:35:33,28.8398666381836,-17.9701442718506,"Unknown"
"5020555",378677,2026-04-12 20:40:13,28.8395709991455,-17.9708480834961,"Unknown"
"5020555",378677,2026-04-12 20:45:12,28.8393459320068,-17.9715194702148,"Unknown"
"5020555",378677,2026-04-12 20:50:14,28.8392696380615,-17.9723625183105,"Unknown"
"5020555",378677,2026-04-12 20:55:13,28.8391456604004,-17.9732570648193,"Unknown"
"5020555",378677,2026-04-12 21:00:13,28.8391132354736,-17.9741916656494,"Unknown"
"5020555",378677,2026-04-12 21:05:13,28.8389854431152,-17.975154876709,"Unknown"
"5020555",378677,2026-04-12 21:10:15,28.8389110565186,-17.9761924743652,"Unknown"
"5020555",378677,2026-04-12 21:15:14,28.8387641906738,-17.9771900177002,"Unknown"
"5020555",378677,2026-04-12 21:20:15,28.8384780883789,-17.9781951904297,"Unknown"
"5020555",378677,2026-04-12 21:25:15,28.8381118774414,-17.9792537689209,"Unknown"
"5020555",378677,2026-04-12 21:30:14,28.8377380371094,-17.9804515838623,"Unknown"
"5020555",378677,2026-04-12 21:35:12,28.8374767303467,-17.9815273284912,"Unknown"
"5020555",378677,2026-04-12 21:40:13,28.8379516601562,-17.9833889007568,"Unknown"
"5020555",378677,2026-04-12 21:45:12,28.8378810882568,-17.9844932556152,"Unknown"
"5020555",378677,2026-04-12 21:50:15,28.8377742767334,-17.9854907989502,"Unknown"
"5020555",378677,2026-04-12 21:55:13,28.8375473022461,-17.9864501953125,"Unknown"
"5020555",378677,2026-04-12 22:00:12,28.837345123291,-17.987491607666,"Unknown"
"5020555",378677,2026-04-12 22:05:33,28.837553024292,-17.9887256622314,"Unknown"
"5020555",378677,2026-04-12 22:10:12,28.8395576477051,-17.991397857666,"Unknown"
"5020555",378677,2026-04-12 22:15:12,28.8393306732178,-17.9924335479736,"Unknown"
"5020555",378677,2026-04-12 22:20:12,28.8391456604004,-17.9934577941895,"Unknown"
"5020555",378677,2026-04-12 22:25:11,28.8389625549316,-17.9945316314697,"Unknown"
"5020555",378677,2026-04-12 22:30:12,28.8393859863281,-17.9959316253662,"Unknown"
"5020555",378677,2026-04-12 22:35:12,28.8389778137207,-17.9970397949219,"Unknown"
"5020555",378677,2026-04-12 22:40:14,28.8385906219482,-17.9982376098633,"Unknown"
"5020555",378677,2026-04-12 22:45:12,28.8383255004883,-17.9995365142822,"Unknown"
"5020555",378677,2026-04-12 22:50:13,28.8380088806152,-18.0008869171143,"Unknown"
"5020555",378677,2026-04-12 22:55:14,28.8420715332031,-18.0055923461914,"Unknown"
"5020555",378677,2026-04-12 23:00:14,28.8425121307373,-18.0072345733643,"Unknown"
"5020555",378677,2026-04-12 23:05:12,28.8424053192139,-18.0083751678467,"Unknown"
"5020555",378677,2026-04-12 23:10:12,28.8421611785889,-18.009557723999,"Unknown"
"5020555",378677,2026-04-12 23:15:14,28.8420429229736,-18.0107421875,"Unknown"
"5020555",378677,2026-04-12 23:20:13,28.8420524597168,-18.0120315551758,"Unknown"
"5020555",378677,2026-04-12 23:25:13,28.8419494628906,-18.0133419036865,"Unknown"
"5020555",378677,2026-04-12 23:30:15,28.8491058349609,-18.0212001800537,"Unknown"
"5020555",378677,2026-04-12 23:35:12,28.8544960021973,-18.0262546539307,"Unknown"
"5020555",378677,2026-04-12 23:40:12,28.8538608551025,-18.0270137786865,"Unknown"
"5020555",378677,2026-04-12 23:45:12,28.8533267974854,-18.0278491973877,"Unknown"
"5020555",378677,2026-04-12 23:50:12,28.8527774810791,-18.0287551879883,"Unknown"
"5020555",378677,2026-04-12 23:55:14,28.8521842956543,-18.0296440124512,"Unknown"
"5020555",378677,2026-04-13 00:00:14,28.8515911102295,-18.03053855896,"Unknown"
"5020555",378677,2026-04-13 00:05:14,28.8513336181641,-18.0317649841309,"Unknown"
"5020555",378677,2026-04-13 00:10:33,28.8509197235107,-18.0329399108887,"Unknown"
"5020555",378677,2026-04-13 00:15:12,28.8505859375,-18.0340766906738,"Unknown"
"5020555",378677,2026-04-13 00:20:14,28.8504047393799,-18.0352592468262,"Unknown"
"5020555",378677,2026-04-13 00:25:14,28.8501129150391,-18.0364570617676,"Unknown"
"5020555",378677,2026-04-13 00:30:14,28.8499126434326,-18.0375633239746,"Unknown"
"5020555",378677,2026-04-13 00:35:13,28.8495483398438,-18.0387172698975,"Unknown"
"5020555",378677,2026-04-13 00:40:14,28.849193572998,-18.039888381958,"Unknown"
"5020555",378677,2026-04-13 00:45:13,28.8488616943359,-18.0409450531006,"Unknown"
"5020555",378677,2026-04-13 00:50:12,28.8484706878662,-18.0421028137207,"Unknown"
"5020555",378677,2026-04-13 00:55:12,28.8481636047363,-18.0433578491211,"Unknown"
"5020555",378677,2026-04-13 01:00:12,28.8478012084961,-18.044792175293,"Unknown"
"5020555",378677,2026-04-13 01:05:13,28.8472747802734,-18.0460777282715,"Unknown"
"5020555",378677,2026-04-13 01:10:13,28.8467979431152,-18.0474224090576,"Unknown"
"5020555",378677,2026-04-13 01:15:14,28.8463764190674,-18.0487194061279,"Unknown"
"5020555",378677,2026-04-13 01:20:12,28.8459320068359,-18.050121307373,"Unknown"
"5020555",378677,2026-04-13 01:25:12,28.845365524292,-18.0514354705811,"Unknown"
"5020555",378677,2026-04-13 01:30:13,28.844970703125,-18.0528144836426,"Unknown"
"5020555",378677,2026-04-13 01:35:12,28.8446731567383,-18.0543251037598,"Unknown"
"5020555",378677,2026-04-13 01:40:14,28.8443603515625,-18.0557250976562,"Unknown"
"5020555",378677,2026-04-13 01:45:13,28.8441772460938,-18.0572147369385,"Unknown"
"5020555",378677,2026-04-13 01:50:12,28.8441200256348,-18.0588703155518,"Unknown"
"5020555",378677,2026-04-13 01:55:13,28.8439350128174,-18.0605297088623,"Unknown"
"5020555",378677,2026-04-13 02:00:12,28.8438739776611,-18.0620079040527,"Unknown"
"5020555",378677,2026-04-13 02:05:12,28.8437175750732,-18.0636615753174,"Unknown"
"5020555",378677,2026-04-13 02:10:13,28.8434638977051,-18.0652294158936,"Unknown"
"5020555",378677,2026-04-13 02:15:14,28.8433036804199,-18.066822052002,"Unknown"
"5020555",378677,2026-04-13 02:20:12,28.8432292938232,-18.0682983398438,"Unknown"
"5020555",378677,2026-04-13 02:25:16,28.8428592681885,-18.0694999694824,"Unknown"
"5020555",378677,2026-04-13 02:30:33,28.8426704406738,-18.070915222168,"Unknown"
"5020555",378677,2026-04-13 02:35:12,28.8424644470215,-18.0722370147705,"Unknown"
"5020555",378677,2026-04-13 02:40:12,28.8426265716553,-18.0739097595215,"Unknown"
"5020555",378677,2026-04-13 02:45:12,28.8426342010498,-18.075496673584,"Unknown"
"5020555",378677,2026-04-13 02:50:13,28.8427906036377,-18.0773258209229,"Unknown"
"5020555",378677,2026-04-13 02:55:12,28.842924118042,-18.0791568756104,"Unknown"
"5020555",378677,2026-04-13 03:00:14,28.843240737915,-18.0811405181885,"Unknown"
"5020555",378677,2026-04-13 03:05:14,28.8432807922363,-18.0828418731689,"Unknown"
"5020555",378677,2026-04-13 03:10:12,28.8435459136963,-18.08473777771,"Unknown"
"5020555",378677,2026-04-13 03:15:12,28.8437747955322,-18.0865516662598,"Unknown"
"5020555",378677,2026-04-13 03:20:12,28.8439769744873,-18.0884590148926,"Unknown"
"5020555",378677,2026-04-13 03:25:12,28.8443641662598,-18.0903472900391,"Unknown"
"5020555",378677,2026-04-13 03:30:13,28.8444175720215,-18.092004776001,"Unknown"
"5020555",378677,2026-04-13 03:35:13,28.8445892333984,-18.0938510894775,"Unknown"
"5020555",378677,2026-04-13 03:40:12,28.8446464538574,-18.0956726074219,"Unknown"
"5020555",378677,2026-04-13 03:45:12,28.844596862793,-18.0971927642822,"Unknown"
"5020555",378677,2026-04-13 03:50:12,28.8442535400391,-18.0984554290771,"Unknown"
"5020555",378677,2026-04-13 03:55:12,28.8444976806641,-18.1000213623047,"Unknown"
"5020555",378677,2026-04-13 04:00:14,28.8442878723145,-18.1014766693115,"Unknown"
"5020555",378677,2026-04-13 04:05:33,28.8448543548584,-18.1033458709717,"Unknown"
"5020555",378677,2026-04-13 04:10:12,28.8455181121826,-18.104305267334,"Unknown"
"5020555",378677,2026-04-13 04:15:13,28.8515453338623,-18.1008529663086,"Unknown"
"5020555",378677,2026-04-13 04:20:12,28.8593482971191,-18.0947856903076,"Unknown"
"5020555",378677,2026-04-13 04:25:14,28.8631000518799,-18.09423828125,"Unknown"
"5020555",378677,2026-04-13 04:30:33,28.8634624481201,-18.0959720611572,"Unknown"
"5020555",378677,2026-04-13 04:35:11,28.86354637146,-18.0972461700439,"Unknown"
"5020555",378677,2026-04-13 04:40:11,28.8637084960938,-18.098690032959,"Unknown"
"5020555",378677,2026-04-13 04:45:11,28.863676071167,-18.0998344421387,"Unknown"
"5020555",378677,2026-04-13 04:50:12,28.8637008666992,-18.1010150909424,"Unknown"
"5020555",378677,2026-04-13 04:55:12,28.8634395599365,-18.1020355224609,"Unknown"
"5020555",378677,2026-04-13 05:00:12,28.8632278442383,-18.103141784668,"Unknown"
"5020555",378677,2026-04-13 05:05:12,28.8628311157227,-18.1042346954346,"Unknown"
"5020555",378677,2026-04-13 05:10:12,28.8625583648682,-18.1054248809814,"Unknown"
"5020555",378677,2026-04-13 05:15:12,28.8626136779785,-18.1068897247314,"Unknown"
"5020555",378677,2026-04-13 05:20:12,28.8623428344727,-18.1079807281494,"Unknown"
"5020555",378677,2026-04-13 05:25:12,28.8620262145996,-18.1090660095215,"Unknown"
"5020555",378677,2026-04-13 05:30:11,28.8613395690918,-18.1098880767822,"Unknown"
"5020555",378677,2026-04-13 05:35:12,28.8644104003906,-18.1016540527344,"Unknown"
"5020555",378677,2026-04-13 05:40:13,28.8645477294922,-18.0864582061768,"Unknown"
"5020555",378677,2026-04-13 05:45:12,28.8605403900146,-18.0712928771973,"Unknown"
"5020555",378677,2026-04-13 05:50:14,28.8593463897705,-18.0589160919189,"Unknown"
"5020555",378677,2026-04-13 05:55:13,28.851921081543,-18.044641494751,"Unknown"
"5020555",378677,2026-04-13 06:00:12,28.8392276763916,-18.0318050384521,"Unknown"
"5020555",378677,2026-04-13 06:05:14,28.830717086792,-18.0173873901367,"Unknown"
"5020555",378677,2026-04-13 06:10:15,28.8161277770996,-18.0059032440186,"Unknown"
"5020555",378677,2026-04-13 06:15:15,28.8145503997803,-18.0076503753662,"Unknown"
"5020555",378677,2026-04-13 06:21:37,28.8294410705566,-18.0147666931152,"Unknown"
"5020555",378677,2026-04-13 06:26:37,28.835470199585,-18.014627456665,"Unknown"
"5020555",378677,2026-04-13 06:31:37,28.8362350463867,-18.007532119751,"Unknown"
"5020555",378677,2026-04-13 06:36:37,28.8402671813965,-18.0011081695557,"Unknown"
"5020555",378677,2026-04-13 06:41:37,28.8382263183594,-17.9966239929199,"Unknown"
"5020555",378677,2026-04-13 06:46:37,28.8452377319336,-17.986967086792,"Unknown"
"5020555",378677,2026-04-13 06:51:37,28.8419036865234,-17.9741230010986,"Unknown"
"5020555",378677,2026-04-13 06:56:37,28.8444480895996,-17.9639987945557,"Unknown"
"5020555",378677,2026-04-13 07:01:37,28.8589038848877,-17.9629669189453,"Unknown"
"5020555",378677,2026-04-13 07:06:37,28.8533592224121,-17.9633502960205,"Unknown"
"5020555",378677,2026-04-13 07:10:33,28.8543243408203,-17.9662914276123,"Unknown"
"5020555",378677,2026-04-13 07:15:14,28.8539276123047,-17.9670066833496,"Unknown"
"5020555",378677,2026-04-13 07:20:12,28.8498020172119,-17.9684753417969,"Unknown"
"5020555",378677,2026-04-13 07:25:15,28.8485717773438,-17.9725379943848,"Unknown"
"5020555",378677,2026-04-13 07:30:13,28.8436698913574,-17.9758110046387,"Unknown"
"5020555",378677,2026-04-13 07:35:15,28.8434066772461,-17.9762554168701,"Unknown"
"5020555",378677,2026-04-13 07:40:15,28.8461456298828,-17.9768543243408,"Unknown"
"5020555",378677,2026-04-13 07:45:16,28.8580055236816,-17.9700126647949,"Unknown"
"5020555",378677,2026-04-13 07:50:14,28.8663635253906,-17.9666633605957,"Unknown"
"5020555",378677,2026-04-13 07:55:13,28.8724346160889,-17.9572582244873,"Unknown"
"5020555",378677,2026-04-13 08:00:12,28.8741111755371,-17.961109161377,"Unknown"
"5020555",378677,2026-04-13 08:05:15,28.8747520446777,-17.9649562835693,"Unknown"
"5020555",378677,2026-04-13 08:10:15,28.8768329620361,-17.9575061798096,"Unknown"
"5020555",378677,2026-04-13 08:15:14,28.8773059844971,-17.9545364379883,"Unknown"
"5020555",378677,2026-04-13 08:20:14,28.8773460388184,-17.9553165435791,"Unknown"
"5020555",378677,2026-04-13 08:25:14,28.8755111694336,-17.9562511444092,"Unknown"
"5020555",378677,2026-04-13 08:30:12,28.8759078979492,-17.9626922607422,"Unknown"
"5020555",378677,2026-04-13 08:35:15,28.8727684020996,-17.9608001708984,"Unknown"
"5020555",378677,2026-04-13 08:40:14,28.8468132019043,-17.9562873840332,"Unknown"
"5020555",378677,2026-04-13 08:45:15,28.8510074615479,-17.9573631286621,"Unknown"
"5020555",378677,2026-04-13 08:50:14,28.8488006591797,-17.9565887451172,"Unknown"
"5020555",378677,2026-04-13 08:56:37,28.8484687805176,-17.9571514129639,"Unknown"
"5020555",378677,2026-04-13 09:00:33,28.8512477874756,-17.9579257965088,"Unknown"
"5020555",378677,2026-04-13 09:05:12,28.8547992706299,-17.9613952636719,"Unknown"
"5020555",378677,2026-04-13 09:10:14,28.8495750427246,-17.9549732208252,"Unknown"
"5020555",378677,2026-04-13 09:15:14,28.8517570495605,-17.9534797668457,"Unknown"
"5020555",378677,2026-04-13 09:20:23,28.8508758544922,-17.9585838317871,"Unknown"
"5020555",378677,2026-04-13 09:25:12,28.8502235412598,-17.9608821868896,"Unknown"
"5020555",378677,2026-04-13 09:30:12,28.8497772216797,-17.9618034362793,"Unknown"
"5020555",378677,2026-04-13 09:35:13,28.8492965698242,-17.9628353118896,"Unknown"
"5020555",378677,2026-04-13 09:40:12,28.8488349914551,-17.963830947876,"Unknown"
"5020555",378677,2026-04-13 09:45:14,28.8523426055908,-17.96506690979,"Unknown"
"5020555",378677,2026-04-13 09:50:12,28.8518218994141,-17.9660301208496,"Unknown"
"5020555",378677,2026-04-13 09:55:12,28.8465900421143,-17.9655723571777,"Unknown"
"5020555",378677,2026-04-13 10:00:14,28.8463172912598,-17.9665145874023,"Unknown"
"5020555",378677,2026-04-13 10:05:12,28.8461627960205,-17.9673538208008,"Unknown"
"5020555",378677,2026-04-13 10:10:12,28.8462142944336,-17.9680576324463,"Unknown"
"5020555",378677,2026-04-13 10:15:12,28.8463878631592,-17.968692779541,"Unknown"
"5020555",378677,2026-04-13 10:20:12,28.8466262817383,-17.9692878723145,"Unknown"
"5020555",378677,2026-04-13 10:25:14,28.8469314575195,-17.9699687957764,"Unknown"
"5020555",378677,2026-04-13 10:30:14,28.8472785949707,-17.9706344604492,"Unknown"
"5020555",378677,2026-04-13 10:35:14,28.8475570678711,-17.9712448120117,"Unknown"
"5020555",378677,2026-04-13 10:40:15,28.8478832244873,-17.9717254638672,"Unknown"
"5020555",378677,2026-04-13 10:45:12,28.8478546142578,-17.9726619720459,"Unknown"
"5020555",378677,2026-04-13 10:50:14,28.8490772247314,-17.9744644165039,"Unknown"
"5020555",378677,2026-04-13 10:55:14,28.8491592407227,-17.9751319885254,"Unknown"
"5020555",378677,2026-04-13 11:00:14,28.8492641448975,-17.9759578704834,"Unknown"
"5020555",378677,2026-04-13 11:05:16,28.8493938446045,-17.9767417907715,"Unknown"
"5020555",378677,2026-04-13 11:10:15,28.8494548797607,-17.9774265289307,"Unknown"
"5020555",378677,2026-04-13 11:15:15,28.849588394165,-17.9782218933105,"Unknown"
"5020555",378677,2026-04-13 11:20:15,28.8487167358398,-17.9771881103516,"Unknown"
"5020555",378677,2026-04-13 11:25:17,28.8492221832275,-17.9770545959473,"Unknown"
"5020555",378677,2026-04-13 11:30:16,28.8496360778809,-17.977087020874,"Unknown"
"5020555",378677,2026-04-13 11:35:19,28.8499011993408,-17.977331161499,"Unknown"
"5020555",378677,2026-04-13 11:40:17,28.8502254486084,-17.9775524139404,"Unknown"
"5020555",378677,2026-04-13 11:45:51,28.8520393371582,-17.9790229797363,"Unknown"
"5020555",378677,2026-04-13 11:50:15,28.8505611419678,-17.9703884124756,"Unknown"
"5020555",378677,2026-04-13 11:55:15,28.8524513244629,-17.9691963195801,"Unknown"
"5020555",378677,2026-04-13 12:00:32,28.8527927398682,-17.9696102142334,"Unknown"
"5020555",378677,2026-04-13 12:05:14,28.8530120849609,-17.9700984954834,"Unknown"
"5020555",378677,2026-04-13 12:10:17,28.8531436920166,-17.9703521728516,"Unknown"
"5020555",378677,2026-04-13 12:15:15,28.8531017303467,-17.9708576202393,"Unknown"
"5020555",378677,2026-04-13 12:20:15,28.8531322479248,-17.9715938568115,"Unknown"
"5020555",378677,2026-04-13 12:25:13,28.8532733917236,-17.9723091125488,"Unknown"
"5020555",378677,2026-04-13 12:30:15,28.8534164428711,-17.9729709625244,"Unknown"
"5020555",378677,2026-04-13 12:35:15,28.8557052612305,-17.9728164672852,"Unknown"
"5020555",378677,2026-04-13 12:40:15,28.861400604248,-17.9704933166504,"Unknown"
"5020555",378677,2026-04-13 12:45:18,28.8605041503906,-17.9595565795898,"Unknown"
"5020555",378677,2026-04-13 12:50:17,28.8607749938965,-17.9484252929688,"Unknown"
"5020555",378677,2026-04-13 12:56:37,28.8561153411865,-17.9502506256104,"Unknown"
"5020555",378677,2026-04-13 13:00:57,28.8564529418945,-17.949951171875,"Unknown"
"5020555",378677,2026-04-13 13:05:18,28.8572063446045,-17.9547119140625,"Unknown"
"5020555",378677,2026-04-13 13:11:37,28.8546161651611,-17.9505577087402,"Unknown"
"5020555",378677,2026-04-13 13:16:37,28.8536472320557,-17.9455718994141,"Unknown"
"5020555",378677,2026-04-13 13:21:37,28.8568668365479,-17.9431819915771,"Unknown"
"5020555",378677,2026-04-13 13:25:47,28.8585968017578,-17.9477596282959,"Unknown"
"5020555",378677,2026-04-13 13:30:15,28.8546848297119,-17.9487705230713,"Unknown"
"5020555",378677,2026-04-13 13:35:17,28.8530502319336,-17.9475154876709,"Unknown"
"5020555",378677,2026-04-13 13:40:17,28.8519744873047,-17.9470310211182,"Unknown"
"5020555",378677,2026-04-13 13:45:14,28.8516445159912,-17.9407939910889,"Unknown"
"5020555",378677,2026-04-13 13:50:13,28.8576259613037,-17.9391174316406,"Unknown"
"5020555",378677,2026-04-13 13:55:14,28.8575000762939,-17.9399662017822,"Unknown"
"5020555",378677,2026-04-13 14:00:22,28.8599395751953,-17.9387607574463,"Unknown"
"5020555",378677,2026-04-13 14:05:12,28.8624687194824,-17.9377326965332,"Unknown"
"5020555",378677,2026-04-13 14:10:33,28.863655090332,-17.9371795654297,"Unknown"
"5020555",378677,2026-04-13 14:15:16,28.8633995056152,-17.9383430480957,"Unknown"
"5020555",378677,2026-04-13 14:20:13,28.8629035949707,-17.9393749237061,"Unknown"
"5020555",378677,2026-04-13 14:25:14,28.8623008728027,-17.9404201507568,"Unknown"
"5020555",378677,2026-04-13 14:30:13,28.8616828918457,-17.9413738250732,"Unknown"
"5020555",378677,2026-04-13 14:35:13,28.8610000610352,-17.9424076080322,"Unknown"
"5020555",378677,2026-04-13 14:40:15,28.8566093444824,-17.942554473877,"Unknown"
"5020555",378677,2026-04-13 14:45:17,28.8623523712158,-17.9366817474365,"Unknown"
"5020555",378677,2026-04-13 14:50:16,28.86452293396,-17.9271850585938,"Unknown"
"5020555",378677,2026-04-13 14:55:14,28.86647605896,-17.9168128967285,"Unknown"
"5020555",378677,2026-04-13 15:00:15,28.8677272796631,-17.9191017150879,"Unknown"
"5020555",378677,2026-04-13 15:05:14,28.869873046875,-17.9215888977051,"Unknown"
"5020555",378677,2026-04-13 15:10:14,28.8724269866943,-17.9241180419922,"Unknown"
"5020555",378677,2026-04-13 15:15:15,28.8743953704834,-17.9253120422363,"Unknown"
"5020555",378677,2026-04-13 15:20:15,28.8751068115234,-17.9219837188721,"Unknown"
"5020555",378677,2026-04-13 15:25:15,28.8774509429932,-17.9208202362061,"Unknown"
"5020555",378677,2026-04-13 15:30:15,28.875659942627,-17.9159049987793,"Unknown"
"5020555",378677,2026-04-13 15:35:17,28.880443572998,-17.9160766601562,"Unknown"
"5020555",378677,2026-04-13 15:40:15,28.8805122375488,-17.9176750183105,"Unknown"
"5020555",378677,2026-04-13 15:45:17,28.880521774292,-17.9192848205566,"Unknown"
"5020555",378677,2026-04-13 15:50:16,28.880744934082,-17.9208679199219,"Unknown"
"5020555",378677,2026-04-13 15:55:15,28.8809394836426,-17.9215297698975,"Unknown"
"5020555",378677,2026-04-13 16:01:33,28.8782081604004,-17.9142036437988,"Unknown"
"5020555",378677,2026-04-13 16:05:14,28.8765354156494,-17.9377841949463,"Unknown"
"5020555",378677,2026-04-13 16:10:15,28.8696060180664,-17.9374694824219,"Unknown"
"5020555",378677,2026-04-13 16:15:15,28.8696460723877,-17.9280261993408,"Unknown"
"5020555",378677,2026-04-13 16:20:16,28.8800296783447,-17.9261531829834,"Unknown"
"5020555",378677,2026-04-13 16:25:33,28.8818073272705,-17.9277305603027,"Unknown"
"5020555",378677,2026-04-13 16:30:15,28.8823661804199,-17.9312343597412,"Unknown"
"5020555",378677,2026-04-13 16:35:14,28.8826942443848,-17.931526184082,"Unknown"
"5020555",378677,2026-04-13 16:40:15,28.8823776245117,-17.9325790405273,"Unknown"
"5020555",378677,2026-04-13 16:45:14,28.8839893341064,-17.928581237793,"Unknown"
"5020555",378677,2026-04-13 16:50:14,28.8803405761719,-17.9335441589355,"Unknown"
"5020555",378677,2026-04-13 16:55:15,28.8813457489014,-17.942008972168,"Unknown"
"5020555",378677,2026-04-13 17:00:13,28.8633861541748,-17.9545593261719,"Unknown"
"5020555",378677,2026-04-13 17:05:16,28.8680191040039,-17.9597969055176,"Unknown"
"5020555",378677,2026-04-13 17:10:14,28.8660545349121,-17.9556789398193,"Unknown"
"5020555",378677,2026-04-13 17:15:14,28.8565616607666,-17.9615802764893,"Unknown"
"5020555",378677,2026-04-13 17:20:15,28.8706016540527,-17.9684715270996,"Unknown"
"5020555",378677,2026-04-13 17:25:14,28.868013381958,-17.9548530578613,"Unknown"
"5020555",378677,2026-04-13 17:30:14,28.8732509613037,-17.95578956604,"Unknown"
"5020555",378677,2026-04-13 17:35:14,28.8717098236084,-17.9527359008789,"Unknown"
"5020555",378677,2026-04-13 17:40:15,28.872049331665,-17.9540462493896,"Unknown"
"5020555",378677,2026-04-13 17:45:16,28.8742275238037,-17.9500484466553,"Unknown"
"5020555",378677,2026-04-13 17:50:15,28.8684959411621,-17.9528732299805,"Unknown"
"5020555",378677,2026-04-13 17:55:14,28.88232421875,-17.9654960632324,"Unknown"
"5020555",378677,2026-04-13 18:16:33,28.8882064819336,-17.9495334625244,"Unknown"
"5020555",378677,2026-04-13 18:20:12,28.8845539093018,-17.9479713439941,"Unknown"
"5020555",378677,2026-04-13 18:25:13,28.8889122009277,-17.9503726959229,"Unknown"
"5020555",378677,2026-04-13 18:30:13,28.8870639801025,-17.9397621154785,"Unknown"
"5020555",378677,2026-04-13 18:35:13,28.8863468170166,-17.9359302520752,"Unknown"
"5020555",378677,2026-04-13 18:40:13,28.887451171875,-17.933801651001,"Unknown"
"5020555",378677,2026-04-13 18:45:12,28.8873710632324,-17.9348087310791,"Unknown"
"5020555",378677,2026-04-13 18:50:13,28.8821353912354,-17.9383792877197,"Unknown"
"5020555",378677,2026-04-13 18:55:16,28.8850231170654,-17.9402542114258,"Unknown"
"5020555",378677,2026-04-13 19:00:13,28.8858470916748,-17.9413871765137,"Unknown"
"5020555",378677,2026-04-13 19:05:12,28.8871803283691,-17.9448394775391,"Unknown"
"5020555",378677,2026-04-13 19:10:14,28.8910751342773,-17.9465923309326,"Unknown"
"5020555",378677,2026-04-13 19:15:19,28.8924674987793,-17.9498672485352,"Unknown"
"5020555",378677,2026-04-13 19:20:15,28.8928108215332,-17.9534854888916,"Unknown"
"5020555",378677,2026-04-13 19:25:13,28.8911418914795,-17.9526462554932,"Unknown"
"5020555",378677,2026-04-13 19:30:12,28.9198589324951,-17.9608058929443,"Unknown"
"5020555",378677,2026-04-13 19:35:15,28.9512195587158,-17.9773826599121,"Unknown"
"5020555",378677,2026-04-13 19:40:15,28.9845218658447,-17.9981117248535,"Unknown"
"5020555",378677,2026-04-13 19:45:17,29.0179595947266,-18.0186023712158,"Unknown"
"5020555",378677,2026-04-13 19:50:13,29.048059463501,-18.0321521759033,"Unknown"
"5020555",378677,2026-04-13 19:55:13,29.0747184753418,-18.040885925293,"Unknown"
"5020555",378677,2026-04-13 20:00:15,29.1030101776123,-18.05251121521,"Unknown"
"5020555",378677,2026-04-13 20:05:14,29.1169204711914,-18.0564880371094,"Unknown"
"5020555",378677,2026-04-13 20:10:13,29.1085758209229,-18.0465507507324,"Unknown"
"5020555",378677,2026-04-13 20:15:12,29.1068019866943,-18.0375633239746,"Unknown"
"5020555",378677,2026-04-13 20:20:15,29.0887622833252,-18.023889541626,"Unknown"
"5020555",378677,2026-04-13 20:25:13,29.0654373168945,-18.0139312744141,"Unknown"
"5020555",378677,2026-04-13 20:30:14,29.055685043335,-18.0099086761475,"Unknown"
"5020555",378677,2026-04-13 20:35:12,29.0555610656738,-18.0106716156006,"Unknown"
"5020555",378677,2026-04-13 20:40:12,29.055513381958,-18.0114974975586,"Unknown"
"5020555",378677,2026-04-13 20:45:12,29.0555839538574,-18.0122871398926,"Unknown"
"5020555",378677,2026-04-13 20:50:12,29.0555763244629,-18.0131912231445,"Unknown"
"5020555",378677,2026-04-13 20:55:14,29.0553913116455,-18.0140342712402,"Unknown"
"5020555",378677,2026-04-13 21:00:33,29.0550727844238,-18.0148639678955,"Unknown"
"5020555",378677,2026-04-13 21:05:14,29.0547733306885,-18.0155162811279,"Unknown"
"5020555",378677,2026-04-13 21:10:12,29.054271697998,-18.0161228179932,"Unknown"
"5020555",378677,2026-04-13 21:15:13,29.0538806915283,-18.0167980194092,"Unknown"
"5020555",378677,2026-04-13 21:20:14,29.0534915924072,-18.017557144165,"Unknown"
"5020555",378677,2026-04-13 21:25:13,29.0532150268555,-18.0183792114258,"Unknown"
"5020555",378677,2026-04-13 21:30:13,29.0529518127441,-18.0191287994385,"Unknown"
"5020555",378677,2026-04-13 21:35:13,29.0526123046875,-18.0198879241943,"Unknown"
"5020555",378677,2026-04-13 21:40:13,29.052490234375,-18.0207271575928,"Unknown"
"5020555",378677,2026-04-13 21:45:14,29.0523796081543,-18.021577835083,"Unknown"
"5020555",378677,2026-04-13 21:50:15,29.0522136688232,-18.0224533081055,"Unknown"
"5020555",378677,2026-04-13 21:55:14,29.0524063110352,-18.0235786437988,"Unknown"
"5020555",378677,2026-04-13 22:00:17,29.0523223876953,-18.0244655609131,"Unknown"
"5020555",378677,2026-04-13 22:05:15,29.0521240234375,-18.0251693725586,"Unknown"
"5020555",378677,2026-04-13 22:10:33,29.0520896911621,-18.0259113311768,"Unknown"
"5020555",378677,2026-04-13 22:15:14,29.0520877838135,-18.0266361236572,"Unknown"
"5020555",378677,2026-04-13 22:20:13,29.0521183013916,-18.0274219512939,"Unknown"
"5020555",378677,2026-04-13 22:25:13,29.0520763397217,-18.0281791687012,"Unknown"
"5020555",378677,2026-04-13 22:30:13,29.0520458221436,-18.0289611816406,"Unknown"
"5020555",378677,2026-04-13 22:35:13,29.0519676208496,-18.0298385620117,"Unknown"
"5020555",378677,2026-04-13 22:40:13,29.0519104003906,-18.0307903289795,"Unknown"
"5020555",378677,2026-04-13 22:45:13,29.0519371032715,-18.03173828125,"Unknown"
"5020555",378677,2026-04-13 22:50:13,29.0519027709961,-18.0325355529785,"Unknown"
"5020555",378677,2026-04-13 22:55:13,29.0518760681152,-18.0335121154785,"Unknown"
"5020555",378677,2026-04-13 23:00:14,29.0519008636475,-18.0344429016113,"Unknown"
"5020555",378677,2026-04-13 23:05:13,29.0518455505371,-18.0352687835693,"Unknown"
"5020555",378677,2026-04-13 23:10:13,29.0517959594727,-18.036060333252,"Unknown"
"5020555",378677,2026-04-13 23:15:13,29.0517559051514,-18.0369529724121,"Unknown"
"5020555",378677,2026-04-13 23:20:13,29.0515995025635,-18.0377788543701,"Unknown"
"5020555",378677,2026-04-13 23:25:13,29.05153465271,-18.0385704040527,"Unknown"
"5020555",378677,2026-04-13 23:30:13,29.0514545440674,-18.0394229888916,"Unknown"
"5020555",378677,2026-04-13 23:35:13,29.0513229370117,-18.0402851104736,"Unknown"
"5020555",378677,2026-04-13 23:40:14,29.051176071167,-18.0411491394043,"Unknown"
"5020555",378677,2026-04-13 23:45:12,29.0510025024414,-18.0419368743896,"Unknown"
"5020555",378677,2026-04-13 23:50:13,29.0508556365967,-18.0427951812744,"Unknown"
"5020555",378677,2026-04-13 23:55:13,29.050687789917,-18.0436553955078,"Unknown"
"5020555",378677,2026-04-14 00:00:14,29.050464630127,-18.0444564819336,"Unknown"
"5020555",378677,2026-04-14 00:05:15,29.0502796173096,-18.0453777313232,"Unknown"
"5020555",378677,2026-04-14 00:10:15,29.0500583648682,-18.0461883544922,"Unknown"
"5020555",378677,2026-04-14 00:15:15,29.0498924255371,-18.0470371246338,"Unknown"
"5020555",378677,2026-04-14 00:20:18,29.049747467041,-18.0478782653809,"Unknown"
"5020555",378677,2026-04-14 00:25:15,29.0495681762695,-18.0487422943115,"Unknown"
"5020555",378677,2026-04-14 00:30:33,29.0494441986084,-18.049503326416,"Unknown"
"5020555",378677,2026-04-14 00:35:15,29.049186706543,-18.0502319335938,"Unknown"
"5020555",378677,2026-04-14 00:40:15,29.0489654541016,-18.0511493682861,"Unknown"
"5020555",378677,2026-04-14 00:45:14,29.0486850738525,-18.0521144866943,"Unknown"
"5020555",378677,2026-04-14 00:50:13,29.0485610961914,-18.0530529022217,"Unknown"
"5020555",378677,2026-04-14 00:55:13,29.0482864379883,-18.0540657043457,"Unknown"
"5020555",378677,2026-04-14 01:00:13,29.0480003356934,-18.0550670623779,"Unknown"
"5020555",378677,2026-04-14 01:05:14,29.0477256774902,-18.0559673309326,"Unknown"
"5020555",378677,2026-04-14 01:10:13,29.0474147796631,-18.0568714141846,"Unknown"
"5020555",378677,2026-04-14 01:15:14,29.0466766357422,-18.0576419830322,"Unknown"
"5020555",378677,2026-04-14 01:20:13,29.0463180541992,-18.0586013793945,"Unknown"
"5020555",378677,2026-04-14 01:25:14,29.0460243225098,-18.0597305297852,"Unknown"
"5020555",378677,2026-04-14 01:30:15,29.045618057251,-18.060827255249,"Unknown"
"5020555",378677,2026-04-14 01:35:14,29.0452499389648,-18.0618457794189,"Unknown"
"5020555",378677,2026-04-14 01:40:33,29.0449466705322,-18.0629138946533,"Unknown"
"5020555",378677,2026-04-14 01:45:12,29.0444564819336,-18.0637054443359,"Unknown"
"5020555",378677,2026-04-14 01:50:13,29.0441570281982,-18.0648250579834,"Unknown"
"5020555",378677,2026-04-14 01:55:13,29.0436878204346,-18.0658149719238,"Unknown"
"5020555",378677,2026-04-14 02:00:14,29.043176651001,-18.0669174194336,"Unknown"
"5020555",378677,2026-04-14 02:05:13,29.0427780151367,-18.0680294036865,"Unknown"
"5020555",378677,2026-04-14 02:10:13,29.0422763824463,-18.0690956115723,"Unknown"
"5020555",378677,2026-04-14 02:15:13,29.0414180755615,-18.0699005126953,"Unknown"
"5020555",378677,2026-04-14 02:20:13,29.0406169891357,-18.0708408355713,"Unknown"
"5020555",378677,2026-04-14 02:25:13,29.0401153564453,-18.0720691680908,"Unknown"
"5020555",378677,2026-04-14 02:30:13,29.0392837524414,-18.0726795196533,"Unknown"
"5020555",378677,2026-04-14 02:35:14,29.0387706756592,-18.0738887786865,"Unknown"
"5020555",378677,2026-04-14 02:40:14,29.0382823944092,-18.0749664306641,"Unknown"
"5020555",378677,2026-04-14 02:45:13,29.0380554199219,-18.0759582519531,"Unknown"
"5020555",378677,2026-04-14 02:50:14,29.0375576019287,-18.0769195556641,"Unknown"
"5020555",378677,2026-04-14 02:55:13,29.0372066497803,-18.0780410766602,"Unknown"
"5020555",378677,2026-04-14 03:00:13,29.0368137359619,-18.079008102417,"Unknown"
"5020555",378677,2026-04-14 03:05:13,29.0363845825195,-18.0800075531006,"Unknown"
"5020555",378677,2026-04-14 03:10:14,29.0356922149658,-18.0808410644531,"Unknown"
"5020555",378677,2026-04-14 03:15:13,29.0350704193115,-18.0817394256592,"Unknown"
"5020555",378677,2026-04-14 03:20:13,29.0342082977295,-18.082592010498,"Unknown"
"5020555",378677,2026-04-14 03:25:14,29.0303592681885,-18.0826988220215,"Unknown"
"5020555",378677,2026-04-14 03:30:13,29.0298271179199,-18.0837631225586,"Unknown"
"5020555",378677,2026-04-14 03:35:15,29.029333114624,-18.084903717041,"Unknown"
"5020555",378677,2026-04-14 03:40:13,29.0288848876953,-18.0860347747803,"Unknown"
"5020555",378677,2026-04-14 03:45:14,29.0284652709961,-18.0871047973633,"Unknown"
"5020555",378677,2026-04-14 03:50:13,29.027982711792,-18.0880813598633,"Unknown"
"5020555",378677,2026-04-14 03:55:14,29.0274887084961,-18.0889701843262,"Unknown"
"5020555",378677,2026-04-14 04:00:32,29.0269947052002,-18.090030670166,"Unknown"
"5020555",378677,2026-04-14 04:05:12,29.026819229126,-18.0912895202637,"Unknown"
"5020555",378677,2026-04-14 04:10:14,29.0263156890869,-18.09228515625,"Unknown"
"5020555",378677,2026-04-14 04:15:13,29.0260200500488,-18.0932140350342,"Unknown"
"5020555",378677,2026-04-14 04:20:14,29.0255832672119,-18.0940551757812,"Unknown"
"5020555",378677,2026-04-14 04:25:13,29.0252170562744,-18.0948696136475,"Unknown"
"5020555",378677,2026-04-14 04:30:13,29.0248889923096,-18.0958576202393,"Unknown"
"5020555",378677,2026-04-14 04:35:15,29.0245552062988,-18.0967845916748,"Unknown"
"5020555",378677,2026-04-14 04:40:13,29.0244693756104,-18.0977172851562,"Unknown"
"5020555",378677,2026-04-14 04:45:13,29.0240802764893,-18.0986843109131,"Unknown"
"5020555",378677,2026-04-14 04:50:33,29.0237007141113,-18.0996398925781,"Unknown"
"5020555",378677,2026-04-14 04:55:13,29.0233669281006,-18.100341796875,"Unknown"
"5020555",378677,2026-04-14 05:00:13,29.0230369567871,-18.1013374328613,"Unknown"
"5020555",378677,2026-04-14 05:05:13,29.0226497650146,-18.1022262573242,"Unknown"
"5020555",378677,2026-04-14 05:10:12,29.0222721099854,-18.1031169891357,"Unknown"
"5020555",378677,2026-04-14 05:15:13,29.021879196167,-18.104061126709,"Unknown"
"5020555",378677,2026-04-14 05:20:13,29.0214176177979,-18.1048812866211,"Unknown"
"5020555",378677,2026-04-14 05:25:12,29.0210456848145,-18.1057910919189,"Unknown"
"5020555",378677,2026-04-14 05:30:13,29.0206928253174,-18.1066398620605,"Unknown"
"5020555",378677,2026-04-14 05:35:14,29.0202541351318,-18.1074542999268,"Unknown"
"5020555",378677,2026-04-14 05:40:13,29.019832611084,-18.1082382202148,"Unknown"
"5020555",378677,2026-04-14 05:45:13,29.0193309783936,-18.1090240478516,"Unknown"
"5020555",378677,2026-04-14 05:50:14,29.0188426971436,-18.1098461151123,"Unknown"
"5020555",378677,2026-04-14 05:55:14,29.0183753967285,-18.1106758117676,"Unknown"
"5020555",378677,2026-04-14 06:00:13,29.0161056518555,-18.1109714508057,"Unknown"
"5020555",378677,2026-04-14 06:05:15,29.0018100738525,-18.1090087890625,"Unknown"
"5020555",378677,2026-04-14 06:10:13,28.9722442626953,-18.1056365966797,"Unknown"
"5020555",378677,2026-04-14 06:15:20,28.9419956207275,-18.1017265319824,"Unknown"
"5020555",378677,2026-04-14 06:20:18,28.91650390625,-18.0922832489014,"Unknown"
"5020555",378677,2026-04-14 06:25:16,28.8938617706299,-18.0799236297607,"Unknown"
"5020555",378677,2026-04-14 06:30:16,28.8755016326904,-18.0657825469971,"Unknown"
"5020555",378677,2026-04-14 06:36:38,28.8514442443848,-18.0454292297363,"Unknown"
"5020555",378677,2026-04-14 06:41:38,28.8352432250977,-18.0283241271973,"Unknown"
"5020555",378677,2026-04-14 06:46:38,28.8226718902588,-18.0133113861084,"Unknown"
"5020555",378677,2026-04-14 07:05:32,28.8441257476807,-17.9742698669434,"Unknown"
"5020555",378677,2026-04-14 07:10:15,28.8440189361572,-17.9730663299561,"Unknown"
"5020555",378677,2026-04-14 07:15:24,28.8432197570801,-17.9714183807373,"Unknown"
"5020555",378677,2026-04-14 07:20:13,28.8422946929932,-17.970308303833,"Unknown"
"5020555",378677,2026-04-14 07:25:26,28.844575881958,-17.9691104888916,"Unknown"
"5020555",378677,2026-04-14 07:30:13,28.8468418121338,-17.9711380004883,"Unknown"
"5020555",378677,2026-04-14 07:35:13,28.8463973999023,-17.971794128418,"Unknown"
"5020555",378677,2026-04-14 07:40:14,28.8461074829102,-17.9723701477051,"Unknown"
"5020555",378677,2026-04-14 07:45:14,28.8457984924316,-17.9729175567627,"Unknown"
"5020555",378677,2026-04-14 07:50:14,28.84543800354,-17.9733753204346,"Unknown"
"5020555",378677,2026-04-14 07:55:13,28.8451499938965,-17.9737606048584,"Unknown"
"5020555",378677,2026-04-14 08:00:13,28.8452739715576,-17.974401473999,"Unknown"
"5020555",378677,2026-04-14 08:05:14,28.8449726104736,-17.9748649597168,"Unknown"
"5020555",378677,2026-04-14 08:10:16,28.8448314666748,-17.9753971099854,"Unknown"
"5020555",378677,2026-04-14 08:15:18,28.8447742462158,-17.97580909729,"Unknown"
"5020555",378677,2026-04-14 08:20:18,28.8447418212891,-17.975923538208,"Unknown"
"5020555",378677,2026-04-14 08:25:17,28.8445777893066,-17.9763278961182,"Unknown"
"5020555",378677,2026-04-14 08:30:19,28.8446617126465,-17.9765205383301,"Unknown"
"5020555",378677,2026-04-14 08:35:16,28.8448257446289,-17.9768581390381,"Unknown"
"5020555",378677,2026-04-14 08:40:22,28.8448143005371,-17.9771919250488,"Unknown"
"5020555",378677,2026-04-14 08:45:14,28.8447952270508,-17.9774475097656,"Unknown"
"5020555",378677,2026-04-14 08:50:16,28.8448486328125,-17.9777641296387,"Unknown"
"5020555",378677,2026-04-14 08:55:20,28.8449802398682,-17.978178024292,"Unknown"
"5020555",378677,2026-04-14 09:00:33,28.8450489044189,-17.9785079956055,"Unknown"
"5020555",378677,2026-04-14 09:05:15,28.8450527191162,-17.9788570404053,"Unknown"
"5020555",378677,2026-04-14 09:10:13,28.8450317382812,-17.9792575836182,"Unknown"
"5020555",378677,2026-04-14 09:15:13,28.84499168396,-17.9797477722168,"Unknown"
"5020555",378677,2026-04-14 09:20:13,28.8450927734375,-17.9800224304199,"Unknown"
"5020555",378677,2026-04-14 09:25:13,28.8452548980713,-17.9803848266602,"Unknown"
"5020555",378677,2026-04-14 09:30:14,28.8454780578613,-17.9806728363037,"Unknown"
"5020555",378677,2026-04-14 09:35:14,28.845609664917,-17.9809074401855,"Unknown"
"5020555",378677,2026-04-14 09:40:14,28.845703125,-17.9810733795166,"Unknown"
"5020555",378677,2026-04-14 09:45:14,28.8458061218262,-17.9813098907471,"Unknown"
"5020555",378677,2026-04-14 09:50:14,28.8457489013672,-17.9816398620605,"Unknown"
"5020555",378677,2026-04-14 09:55:14,28.8456230163574,-17.9818782806396,"Unknown"
"5020555",378677,2026-04-14 10:00:15,28.845609664917,-17.9822368621826,"Unknown"
"5020555",378677,2026-04-14 10:05:16,28.8454742431641,-17.9827404022217,"Unknown"
"5020555",378677,2026-04-14 10:10:15,28.8453235626221,-17.9833660125732,"Unknown"
"5020555",378677,2026-04-14 10:15:14,28.845121383667,-17.9838962554932,"Unknown"
"5020555",378677,2026-04-14 10:20:15,28.8449840545654,-17.9842376708984,"Unknown"
"5020555",378677,2026-04-14 10:25:15,28.8448638916016,-17.9846305847168,"Unknown"
"5020555",378677,2026-04-14 10:30:17,28.8446960449219,-17.985071182251,"Unknown"
"5020555",378677,2026-04-14 10:35:14,28.8442363739014,-17.9856948852539,"Unknown"
"5020555",378677,2026-04-14 10:40:14,28.8437595367432,-17.9863147735596,"Unknown"
"5020555",378677,2026-04-14 10:45:13,28.8431510925293,-17.9869251251221,"Unknown"
"5020555",378677,2026-04-14 10:50:15,28.8426494598389,-17.9877052307129,"Unknown"
"5020555",378677,2026-04-14 10:55:15,28.8426399230957,-17.9882926940918,"Unknown"
"5020555",378677,2026-04-14 11:00:14,28.8427677154541,-17.9888381958008,"Unknown"
"5020555",378677,2026-04-14 11:05:18,28.8430099487305,-17.9896640777588,"Unknown"
"5020555",378677,2026-04-14 11:10:14,28.8430767059326,-17.9903717041016,"Unknown"
"5020555",378677,2026-04-14 11:15:16,28.8431491851807,-17.991231918335,"Unknown"
"5020555",378677,2026-04-14 11:20:16,28.843578338623,-17.991491317749,"Unknown"
"5020555",378677,2026-04-14 11:25:18,28.8490905761719,-17.9752998352051,"Unknown"
"5020555",378677,2026-04-14 11:30:16,28.8520030975342,-17.9617710113525,"Unknown"
"5020555",378677,2026-04-14 11:35:17,28.8519153594971,-17.9623069763184,"Unknown"
"5020555",378677,2026-04-14 11:40:33,28.8511638641357,-17.9615783691406,"Unknown"
"5020555",378677,2026-04-14 11:45:15,28.8509654998779,-17.9620018005371,"Unknown"
"5020555",378677,2026-04-14 11:50:15,28.8506317138672,-17.9625797271729,"Unknown"
"5020555",378677,2026-04-14 11:55:16,28.850414276123,-17.9630126953125,"Unknown"
"5020555",378677,2026-04-14 12:00:14,28.8503437042236,-17.9632587432861,"Unknown"
"5020555",378677,2026-04-14 12:05:16,28.8547058105469,-17.9544353485107,"Unknown"
"5020555",378677,2026-04-14 12:10:15,28.8602066040039,-17.9461803436279,"Unknown"
"5020555",378677,2026-04-14 12:15:15,28.8583564758301,-17.9487628936768,"Unknown"
"5020555",378677,2026-04-14 12:20:15,28.8580513000488,-17.9491329193115,"Unknown"
"5020555",378677,2026-04-14 12:25:15,28.8578128814697,-17.9496364593506,"Unknown"
"5020555",378677,2026-04-14 12:30:17,28.857666015625,-17.9501667022705,"Unknown"
"5020555",378677,2026-04-14 12:35:17,28.8576717376709,-17.9506072998047,"Unknown"
"5020555",378677,2026-04-14 12:40:17,28.8569984436035,-17.9509220123291,"Unknown"
"5020555",378677,2026-04-14 12:45:18,28.8568496704102,-17.951587677002,"Unknown"
"5020555",378677,2026-04-14 12:50:18,28.8568725585938,-17.9524879455566,"Unknown"
"5020555",378677,2026-04-14 12:55:47,28.8568630218506,-17.9534244537354,"Unknown"
"5020555",378677,2026-04-14 13:00:16,28.8566608428955,-17.9540748596191,"Unknown"
"5020555",378677,2026-04-14 13:05:15,28.8564529418945,-17.9547805786133,"Unknown"
"5020555",378677,2026-04-14 13:10:15,28.8563823699951,-17.9556446075439,"Unknown"
"5020555",378677,2026-04-14 13:15:17,28.8562870025635,-17.9562091827393,"Unknown"
"5020555",378677,2026-04-14 13:20:17,28.8562202453613,-17.956729888916,"Unknown"
"5020555",378677,2026-04-14 13:25:15,28.8520584106445,-17.9601650238037,"Unknown"
"5020555",378677,2026-04-14 13:30:18,28.8586311340332,-17.9583969116211,"Unknown"
"5020555",378677,2026-04-14 13:35:17,28.8553848266602,-17.9571056365967,"Unknown"
"5020555",378677,2026-04-14 13:40:17,28.8578357696533,-17.9553356170654,"Unknown"
"5020555",378677,2026-04-14 13:45:16,28.8580455780029,-17.955846786499,"Unknown"
"5020555",378677,2026-04-14 13:50:17,28.8580207824707,-17.9562969207764,"Unknown"
"5020555",378677,2026-04-14 13:55:15,28.8606853485107,-17.9526081085205,"Unknown"
"5020555",378677,2026-04-14 14:00:24,28.8619575500488,-17.947883605957,"Unknown"
"5020555",378677,2026-04-14 14:05:15,28.8617553710938,-17.943941116333,"Unknown"
"5020555",378677,2026-04-14 14:10:17,28.8613891601562,-17.942741394043,"Unknown"
"5020555",378677,2026-04-14 14:15:20,28.8607082366943,-17.9410381317139,"Unknown"
"5020555",378677,2026-04-14 14:20:19,28.859842300415,-17.9420356750488,"Unknown"
"5020555",378677,2026-04-14 14:25:17,28.859748840332,-17.9426670074463,"Unknown"
"5020555",378677,2026-04-14 14:30:21,28.8593826293945,-17.9435558319092,"Unknown"
"5020555",378677,2026-04-14 14:35:19,28.8608226776123,-17.9339237213135,"Unknown"
"5020555",378677,2026-04-14 14:40:17,28.8636512756348,-17.9288845062256,"Unknown"
"5020555",378677,2026-04-14 14:45:20,28.8632545471191,-17.9292583465576,"Unknown"
"5020555",378677,2026-04-14 14:50:22,28.8618030548096,-17.9297904968262,"Unknown"
"5020555",378677,2026-04-14 14:55:34,28.8616619110107,-17.9307899475098,"Unknown"
"5020555",378677,2026-04-14 15:00:17,28.8615283966064,-17.9314155578613,"Unknown"
"5020555",378677,2026-04-14 15:05:17,28.8606147766113,-17.9319496154785,"Unknown"
"5020555",378677,2026-04-14 15:10:17,28.8652954101562,-17.9357299804688,"Unknown"
"5020555",378677,2026-04-14 15:15:16,28.8654651641846,-17.9367561340332,"Unknown"
"5020555",378677,2026-04-14 15:20:16,28.8650341033936,-17.9375514984131,"Unknown"
"5020555",378677,2026-04-14 15:25:18,28.8667526245117,-17.9372444152832,"Unknown"
"5020555",378677,2026-04-14 15:30:16,28.867790222168,-17.9391288757324,"Unknown"
"5020555",378677,2026-04-14 15:35:22,28.8687210083008,-17.9377956390381,"Unknown"
"5020555",378677,2026-04-14 15:40:16,28.8674335479736,-17.9374866485596,"Unknown"
"5020555",378677,2026-04-14 15:45:16,28.866870880127,-17.9381504058838,"Unknown"
"5020555",378677,2026-04-14 15:50:16,28.8651962280273,-17.9377899169922,"Unknown"
"5020555",378677,2026-04-14 15:55:16,28.8650093078613,-17.9388751983643,"Unknown"
"5020555",378677,2026-04-14 16:00:33,28.8646221160889,-17.9394092559814,"Unknown"
"5020555",378677,2026-04-14 16:05:16,28.8610000610352,-17.9422912597656,"Unknown"
"5020555",378677,2026-04-14 16:10:18,28.8598556518555,-17.9443054199219,"Unknown"
"5020555",378677,2026-04-14 16:15:18,28.8594932556152,-17.9450035095215,"Unknown"
"5020555",378677,2026-04-14 16:20:16,28.8589611053467,-17.9459819793701,"Unknown"
"5020555",378677,2026-04-14 16:25:17,28.8586025238037,-17.9469051361084,"Unknown"
"5020555",378677,2026-04-14 16:30:16,28.8582057952881,-17.9479503631592,"Unknown"
"5020555",378677,2026-04-14 16:35:16,28.8577651977539,-17.9488639831543,"Unknown"
"5020555",378677,2026-04-14 16:40:17,28.8574447631836,-17.9497127532959,"Unknown"
"5020555",378677,2026-04-14 16:45:17,28.8571281433105,-17.9505710601807,"Unknown"
"5020555",378677,2026-04-14 16:50:17,28.8568229675293,-17.9515171051025,"Unknown"
"5020555",378677,2026-04-14 16:55:17,28.8565101623535,-17.9524669647217,"Unknown"
"5020555",378677,2026-04-14 17:00:18,28.8564205169678,-17.9532661437988,"Unknown"
"5020555",378677,2026-04-14 17:05:17,28.8562908172607,-17.9541339874268,"Unknown"
"5020555",378677,2026-04-14 17:10:17,28.8565216064453,-17.9552459716797,"Unknown"
"5020555",378677,2026-04-14 17:15:17,28.8559913635254,-17.9562397003174,"Unknown"
"5020555",378677,2026-04-14 17:20:17,28.8552169799805,-17.9574489593506,"Unknown"
"5020555",378677,2026-04-14 17:25:18,28.8544406890869,-17.9585361480713,"Unknown"
"5020555",378677,2026-04-14 17:30:17,28.8538112640381,-17.9594497680664,"Unknown"
"5020555",378677,2026-04-14 17:35:17,28.8532600402832,-17.9601879119873,"Unknown"
"5020555",378677,2026-04-14 17:40:17,28.8526248931885,-17.9610729217529,"Unknown"
"5020555",378677,2026-04-14 17:45:16,28.8521347045898,-17.9619178771973,"Unknown"
"5020555",378677,2026-04-14 17:50:18,28.8516292572021,-17.9626712799072,"Unknown"
"5020555",378677,2026-04-14 17:55:18,28.8511409759521,-17.9634304046631,"Unknown"
"5020555",378677,2026-04-14 18:00:18,28.8484268188477,-17.9640846252441,"Unknown"
"5020555",378677,2026-04-14 18:05:18,28.8475151062012,-17.9653778076172,"Unknown"
"5020555",378677,2026-04-14 18:10:19,28.8466644287109,-17.9665813446045,"Unknown"
"5020555",378677,2026-04-14 18:16:41,28.8392753601074,-17.9737167358398,"Unknown"
"5020555",378677,2026-04-14 18:21:41,28.8459453582764,-17.9711437225342,"Unknown"
"5020555",378677,2026-04-14 18:30:33,28.8542518615723,-17.9605655670166,"Unknown"
"5020555",378677,2026-04-14 18:35:16,28.8538837432861,-17.9614868164062,"Unknown"
"5020555",378677,2026-04-14 18:40:18,28.8536167144775,-17.9624328613281,"Unknown"
"5020555",378677,2026-04-14 18:45:16,28.8588848114014,-17.9726390838623,"Unknown"
"5020555",378677,2026-04-14 18:50:16,28.8602180480957,-17.9720764160156,"Unknown"
"5020555",378677,2026-04-14 18:55:17,28.8539371490479,-17.977331161499,"Unknown"
"5020555",378677,2026-04-14 19:00:19,28.8509349822998,-17.9786701202393,"Unknown"
"5020555",378677,2026-04-14 19:05:20,28.8505210876465,-17.9794673919678,"Unknown"
"5020555",378677,2026-04-14 19:11:41,28.866153717041,-17.983024597168,"Unknown"
"5020555",378677,2026-04-14 19:15:16,28.8891105651855,-17.9819889068604,"Unknown"
"5020555",378677,2026-04-14 19:21:41,28.9288272857666,-17.9983310699463,"Unknown"
"5020555",378677,2026-04-14 19:26:41,28.9590435028076,-18.018159866333,"Unknown"
"5020555",378677,2026-04-14 19:31:41,28.99196434021,-18.0299530029297,"Unknown"
"5020555",378677,2026-04-14 19:41:41,29.0563888549805,-18.0619964599609,"Unknown"
"5020555",378677,2026-04-14 19:46:41,29.0818710327148,-18.0666370391846,"Unknown"
"5020555",378677,2026-04-14 19:51:41,29.0783290863037,-18.0514812469482,"Unknown"
"5020555",378677,2026-04-14 19:56:41,29.0610504150391,-18.0304927825928,"Unknown"
"5020555",378677,2026-04-14 20:01:41,29.0373497009277,-18.0087757110596,"Unknown"
"5020555",378677,2026-04-14 20:06:03,29.0141448974609,-17.9914894104004,"Unknown"
"5020555",378677,2026-04-14 20:10:16,28.9961528778076,-17.9760837554932,"Unknown"
"5020555",378677,2026-04-14 20:15:15,28.9815006256104,-17.9639778137207,"Unknown"
"5020555",378677,2026-04-14 20:20:17,28.9577503204346,-17.9507122039795,"Unknown"
"5020555",378677,2026-04-14 20:25:16,28.9364757537842,-17.9398574829102,"Unknown"
"5020555",378677,2026-04-14 20:30:16,28.9262466430664,-17.9352836608887,"Unknown"
"5020555",378677,2026-04-14 20:35:16,28.9262409210205,-17.9359130859375,"Unknown"
"5020555",378677,2026-04-14 20:40:15,28.9262409210205,-17.9365653991699,"Unknown"
"5020555",378677,2026-04-14 20:45:17,28.9262161254883,-17.9372272491455,"Unknown"
"5020555",378677,2026-04-14 20:50:16,28.9262809753418,-17.9378395080566,"Unknown"
"5020555",378677,2026-04-14 20:55:15,28.9262981414795,-17.9384613037109,"Unknown"
"5020555",378677,2026-04-14 21:00:18,28.926248550415,-17.9390144348145,"Unknown"
"5020555",378677,2026-04-14 21:05:18,28.9264049530029,-17.9395961761475,"Unknown"
"5020555",378677,2026-04-14 21:10:33,28.9265022277832,-17.940279006958,"Unknown"
"5020555",378677,2026-04-14 21:15:16,28.926628112793,-17.940881729126,"Unknown"
"5020555",378677,2026-04-14 21:20:16,28.9268913269043,-17.9415054321289,"Unknown"
"5020555",378677,2026-04-14 21:25:16,28.9271087646484,-17.9421062469482,"Unknown"
"5020555",378677,2026-04-14 21:30:15,28.9271755218506,-17.942834854126,"Unknown"
"5020555",378677,2026-04-14 21:35:16,28.9268493652344,-17.9434223175049,"Unknown"
"5020555",378677,2026-04-14 21:40:16,28.9270210266113,-17.9439296722412,"Unknown"
"5020555",378677,2026-04-14 21:45:16,28.9272804260254,-17.9444637298584,"Unknown"
"5020555",378677,2026-04-14 21:50:16,28.927562713623,-17.9448394775391,"Unknown"
"5020555",378677,2026-04-14 21:55:16,28.9276390075684,-17.9452991485596,"Unknown"
"5020555",378677,2026-04-14 22:00:16,28.9277248382568,-17.9456024169922,"Unknown"
"5020555",378677,2026-04-14 22:05:16,28.9276905059814,-17.945821762085,"Unknown"
"5020555",378677,2026-04-14 22:10:16,28.9275531768799,-17.9460220336914,"Unknown"
"5020555",378677,2026-04-14 22:15:16,28.927433013916,-17.9462490081787,"Unknown"
"5020555",378677,2026-04-14 22:20:16,28.9273719787598,-17.9465999603271,"Unknown"
"5020555",378677,2026-04-14 22:25:16,28.9273090362549,-17.946985244751,"Unknown"
"5020555",378677,2026-04-14 22:30:16,28.9274044036865,-17.9473457336426,"Unknown"
"5020555",378677,2026-04-14 22:35:16,28.927433013916,-17.9476776123047,"Unknown"
"5020555",378677,2026-04-14 22:40:16,28.9272537231445,-17.9479675292969,"Unknown"
"5020555",378677,2026-04-14 22:45:17,28.9271602630615,-17.9482326507568,"Unknown"
"5020555",378677,2026-04-14 22:50:16,28.9270153045654,-17.9484977722168,"Unknown"
"5020555",378677,2026-04-14 22:55:16,28.926908493042,-17.9488391876221,"Unknown"
"5020555",378677,2026-04-14 23:00:16,28.9268016815186,-17.9492168426514,"Unknown"
"5020555",378677,2026-04-14 23:05:17,28.9266624450684,-17.9496517181396,"Unknown"
"5020555",378677,2026-04-14 23:10:16,28.9263916015625,-17.9501171112061,"Unknown"
"5020555",378677,2026-04-14 23:15:16,28.9261379241943,-17.9506797790527,"Unknown"
"5020555",378677,2026-04-14 23:20:16,28.9256629943848,-17.9511680603027,"Unknown"
"5020555",378677,2026-04-14 23:25:17,28.9252643585205,-17.9515895843506,"Unknown"
"5020555",378677,2026-04-14 23:30:16,28.9247398376465,-17.9520359039307,"Unknown"
"5020555",378677,2026-04-14 23:35:17,28.9242839813232,-17.9526329040527,"Unknown"
"5020555",378677,2026-04-14 23:40:16,28.9238815307617,-17.9531402587891,"Unknown"
"5020555",378677,2026-04-14 23:45:18,28.9235134124756,-17.9536437988281,"Unknown"
"5020555",378677,2026-04-14 23:50:17,28.9230995178223,-17.954065322876,"Unknown"
"5020555",378677,2026-04-14 23:55:16,28.9227828979492,-17.9545021057129,"Unknown"
"5020555",378677,2026-04-15 00:00:47,28.9220333099365,-17.9550437927246,"Unknown"
"5020555",378677,2026-04-15 00:05:18,28.9231262207031,-17.9551067352295,"Unknown"
"5020555",378677,2026-04-15 00:10:16,28.9226474761963,-17.9556827545166,"Unknown"
"5020555",378677,2026-04-15 00:15:16,28.9221858978271,-17.9561882019043,"Unknown"
"5020555",378677,2026-04-15 00:20:16,28.9215984344482,-17.9566631317139,"Unknown"
"5020555",378677,2026-04-15 00:25:16,28.9208564758301,-17.9571743011475,"Unknown"
"5020555",378677,2026-04-15 00:30:15,28.9201507568359,-17.9577217102051,"Unknown"
"5020555",378677,2026-04-15 00:35:16,28.9193840026855,-17.9582767486572,"Unknown"
"5020555",378677,2026-04-15 00:40:15,28.9186935424805,-17.9587841033936,"Unknown"
"5020555",378677,2026-04-15 00:45:16,28.9180488586426,-17.9593963623047,"Unknown"
"5020555",378677,2026-04-15 00:50:16,28.9174671173096,-17.9599933624268,"Unknown"
"5020555",378677,2026-04-15 00:55:16,28.9165668487549,-17.960428237915,"Unknown"
"5020555",378677,2026-04-15 01:00:15,28.9159393310547,-17.9610900878906,"Unknown"
"5020555",378677,2026-04-15 01:05:16,28.9152774810791,-17.9617557525635,"Unknown"
"5020555",378677,2026-04-15 01:10:15,28.9145317077637,-17.9624691009521,"Unknown"
"5020555",378677,2026-04-15 01:15:15,28.9137229919434,-17.9632472991943,"Unknown"
"5020555",378677,2026-04-15 01:20:16,28.9129962921143,-17.963924407959,"Unknown"
"5020555",378677,2026-04-15 01:25:16,28.91233253479,-17.9647827148438,"Unknown"
"5020555",378677,2026-04-15 01:30:15,28.9116477966309,-17.9654750823975,"Unknown"
"5020555",378677,2026-04-15 01:35:16,28.9110431671143,-17.9661464691162,"Unknown"
"5020555",378677,2026-04-15 01:40:15,28.9103584289551,-17.9667892456055,"Unknown"
"5020555",378677,2026-04-15 01:45:15,28.9097919464111,-17.9674205780029,"Unknown"
"5020555",378677,2026-04-15 01:50:16,28.9091606140137,-17.9681262969971,"Unknown"
"5020555",378677,2026-04-15 01:55:15,28.9085235595703,-17.968879699707,"Unknown"
"5020555",378677,2026-04-15 02:00:18,28.9080581665039,-17.9696578979492,"Unknown"
"5020555",378677,2026-04-15 02:05:16,28.907527923584,-17.9704074859619,"Unknown"
"5020555",378677,2026-04-15 02:10:15,28.9067935943604,-17.9710445404053,"Unknown"
"5020555",378677,2026-04-15 02:15:17,28.906177520752,-17.9716854095459,"Unknown"
"5020555",378677,2026-04-15 02:20:16,28.9054183959961,-17.9723682403564,"Unknown"
"5020555",378677,2026-04-15 02:25:16,28.9046001434326,-17.9730815887451,"Unknown"
"5020555",378677,2026-04-15 02:30:17,28.9036998748779,-17.9737987518311,"Unknown"
"5020555",378677,2026-04-15 02:35:18,28.9020080566406,-17.9742679595947,"Unknown"
"5020555",378677,2026-04-15 02:40:19,28.9008140563965,-17.9748458862305,"Unknown"
"5020555",378677,2026-04-15 02:45:18,28.8998622894287,-17.9755096435547,"Unknown"
"5020555",378677,2026-04-15 02:50:18,28.8989162445068,-17.9761867523193,"Unknown"
"5020555",378677,2026-04-15 02:55:33,28.8982315063477,-17.977029800415,"Unknown"
"5020555",378677,2026-04-15 03:00:16,28.8974418640137,-17.9777088165283,"Unknown"
"5020555",378677,2026-04-15 03:05:16,28.8965721130371,-17.9784049987793,"Unknown"
"5020555",378677,2026-04-15 03:10:16,28.8957099914551,-17.9791774749756,"Unknown"
"5020555",378677,2026-04-15 03:15:16,28.8948955535889,-17.9799060821533,"Unknown"
"5020555",378677,2026-04-15 03:20:16,28.8940677642822,-17.9807987213135,"Unknown"
"5020555",378677,2026-04-15 03:25:16,28.8932666778564,-17.9817047119141,"Unknown"
"5020555",378677,2026-04-15 03:30:16,28.8925075531006,-17.9825115203857,"Unknown"
"5020555",378677,2026-04-15 03:35:16,28.8921852111816,-17.9835376739502,"Unknown"
"5020555",378677,2026-04-15 03:40:16,28.8915195465088,-17.9845085144043,"Unknown"
"5020555",378677,2026-04-15 03:45:16,28.8907737731934,-17.9855499267578,"Unknown"
"5020555",378677,2026-04-15 03:50:16,28.8902416229248,-17.9866409301758,"Unknown"
"5020555",378677,2026-04-15 03:55:20,28.8896484375,-17.9876499176025,"Unknown"
"5020555",378677,2026-04-15 04:00:33,28.8891162872314,-17.9888305664062,"Unknown"
"5020555",378677,2026-04-15 04:05:16,28.8885612487793,-17.990119934082,"Unknown"
"5020555",378677,2026-04-15 04:10:33,28.8877029418945,-17.991527557373,"Unknown"
"5020555",378677,2026-04-15 04:15:17,28.8866939544678,-17.9928092956543,"Unknown"
"5020555",378677,2026-04-15 04:20:17,28.8856544494629,-17.9941844940186,"Unknown"
"5020555",378677,2026-04-15 04:25:17,28.8846530914307,-17.9956169128418,"Unknown"
"5020555",378677,2026-04-15 04:30:17,28.8836154937744,-17.9970321655273,"Unknown"
"5020555",378677,2026-04-15 04:35:17,28.8825798034668,-17.9984550476074,"Unknown"
"5020555",378677,2026-04-15 04:40:18,28.8814296722412,-17.9998321533203,"Unknown"
"5020555",378677,2026-04-15 04:45:33,28.8801879882812,-18.0013542175293,"Unknown"
"5020555",378677,2026-04-15 04:50:16,28.8790016174316,-18.0026206970215,"Unknown"
"5020555",378677,2026-04-15 04:55:17,28.8776988983154,-18.0038414001465,"Unknown"
"5020555",378677,2026-04-15 05:00:18,28.8766040802002,-18.0052318572998,"Unknown"
"5020555",378677,2026-04-15 05:05:16,28.8756446838379,-18.0066070556641,"Unknown"
"5020555",378677,2026-04-15 05:10:33,28.8746318817139,-18.0080966949463,"Unknown"
"5020555",378677,2026-04-15 05:15:16,28.8738098144531,-18.0094242095947,"Unknown"
"5020555",378677,2026-04-15 05:20:16,28.8726406097412,-18.0105953216553,"Unknown"
"5020555",378677,2026-04-15 05:25:15,28.871675491333,-18.0119590759277,"Unknown"
"5020555",378677,2026-04-15 05:30:17,28.8707485198975,-18.0133171081543,"Unknown"
"5020555",378677,2026-04-15 05:35:16,28.8697738647461,-18.0143909454346,"Unknown"
"5020555",378677,2026-04-15 05:40:16,28.8689231872559,-18.0157299041748,"Unknown"
"5020555",378677,2026-04-15 05:45:16,28.8678779602051,-18.0170783996582,"Unknown"
"5020555",378677,2026-04-15 05:50:17,28.866886138916,-18.0182418823242,"Unknown"
"5020555",378677,2026-04-15 05:55:17,28.8484172821045,-18.0136280059814,"Unknown"
"5020555",378677,2026-04-15 06:00:16,28.8231105804443,-18.0038204193115,"Unknown"
"5020555",378677,2026-04-15 06:05:18,28.8095264434814,-18.0038261413574,"Unknown"
"5020555",378677,2026-04-15 06:10:19,28.8115615844727,-18.0173377990723,"Unknown"
"5020555",378677,2026-04-15 06:15:19,28.8117866516113,-18.021125793457,"Unknown"
"5020555",378677,2026-04-15 06:20:18,28.8144073486328,-18.0275936126709,"Unknown"
"5020555",378677,2026-04-15 06:26:41,28.8102703094482,-18.0186958312988,"Unknown"
"5020555",378677,2026-04-15 06:31:41,28.8146724700928,-18.011661529541,"Unknown"
"5020555",378677,2026-04-15 06:36:41,28.8201904296875,-18.0033798217773,"Unknown"
"5020555",378677,2026-04-15 06:41:41,28.822961807251,-17.9928436279297,"Unknown"
"5020555",378677,2026-04-15 06:46:41,28.8329124450684,-17.9883766174316,"Unknown"
"5020555",378677,2026-04-15 06:50:33,28.8359260559082,-17.9821357727051,"Unknown"
"5020555",378677,2026-04-15 06:55:18,28.8368949890137,-17.9839973449707,"Unknown"
"5020555",378677,2026-04-15 07:00:18,28.8405494689941,-17.9864463806152,"Unknown"
"5020555",378677,2026-04-15 07:05:16,28.8398056030273,-17.9877510070801,"Unknown"
"5020555",378677,2026-04-15 07:10:17,28.8462028503418,-17.984016418457,"Unknown"
"5020555",378677,2026-04-15 07:15:18,28.8480567932129,-17.9659156799316,"Unknown"
"5020555",378677,2026-04-15 07:20:16,28.8528671264648,-17.9638919830322,"Unknown"
"5020555",378677,2026-04-15 07:25:17,28.8558692932129,-17.9575881958008,"Unknown"
"5020555",378677,2026-04-15 07:30:16,28.8528785705566,-17.9608020782471,"Unknown"
"5020555",378677,2026-04-15 07:35:18,28.8539257049561,-17.9567279815674,"Unknown"
"5020555",378677,2026-04-15 07:40:18,28.8623085021973,-17.9570255279541,"Unknown"
"5020555",378677,2026-04-15 07:45:20,28.8680191040039,-17.9447269439697,"Unknown"
"5020555",378677,2026-04-15 07:50:18,28.8715896606445,-17.9361724853516,"Unknown"
"5020555",378677,2026-04-15 07:56:33,28.8700046539307,-17.9328994750977,"Unknown"
"5020555",378677,2026-04-15 08:00:15,28.8678779602051,-17.9363746643066,"Unknown"
"5020555",378677,2026-04-15 08:05:15,28.8640384674072,-17.9349060058594,"Unknown"
"5020555",378677,2026-04-15 08:10:15,28.8646659851074,-17.9472808837891,"Unknown"
"5020555",378677,2026-04-15 08:15:16,28.859395980835,-17.9537220001221,"Unknown"
"5020555",378677,2026-04-15 08:20:15,28.8535995483398,-17.9570903778076,"Unknown"
"5020555",378677,2026-04-15 08:25:17,28.850492477417,-17.9668941497803,"Unknown"
"5020555",378677,2026-04-15 08:30:15,28.8474216461182,-17.9679183959961,"Unknown"
"5020555",378677,2026-04-15 08:35:15,28.8456687927246,-17.9699192047119,"Unknown"
"5020555",378677,2026-04-15 08:40:15,28.8463516235352,-17.9706840515137,"Unknown"
"5020555",378677,2026-04-15 08:45:16,28.8512592315674,-17.9656772613525,"Unknown"
"5020555",378677,2026-04-15 08:50:17,28.8501300811768,-17.9641494750977,"Unknown"
"5020555",378677,2026-04-15 08:55:17,28.8486328125,-17.9668960571289,"Unknown"
"5020555",378677,2026-04-15 09:00:17,28.8572425842285,-17.9644298553467,"Unknown"
"5020555",378677,2026-04-15 09:05:18,28.8568859100342,-17.9519443511963,"Unknown"
"5020555",378677,2026-04-15 09:10:22,28.8644409179688,-17.9415626525879,"Unknown"
"5020555",378677,2026-04-15 09:15:19,28.8653869628906,-17.9256286621094,"Unknown"
"5020555",378677,2026-04-15 09:21:41,28.8689498901367,-17.9194946289062,"Unknown"
"5020555",378677,2026-04-15 09:25:33,28.8693580627441,-17.9195766448975,"Unknown"
"5020555",378677,2026-04-15 09:30:17,28.8693180084229,-17.9167995452881,"Unknown"
"5020555",378677,2026-04-15 09:35:16,28.8716011047363,-17.9173641204834,"Unknown"
"5020555",378677,2026-04-15 09:40:16,28.8718719482422,-17.9173107147217,"Unknown"
"5020555",378677,2026-04-15 09:45:16,28.8732891082764,-17.918851852417,"Unknown"
"5020555",378677,2026-04-15 09:50:20,28.8733921051025,-17.9194355010986,"Unknown"
"5020555",378677,2026-04-15 09:55:15,28.8733806610107,-17.919994354248,"Unknown"
"5020555",378677,2026-04-15 10:01:02,28.8756580352783,-17.9188289642334,"Unknown"
"5020555",378677,2026-04-15 10:05:15,28.8757057189941,-17.9191513061523,"Unknown"
"5020555",378677,2026-04-15 10:10:16,28.8758201599121,-17.919527053833,"Unknown"
"5020555",378677,2026-04-15 10:15:16,28.8761253356934,-17.919921875,"Unknown"
"5020555",378677,2026-04-15 10:20:16,28.8764190673828,-17.9201755523682,"Unknown"
"5020555",378677,2026-04-15 10:25:16,28.8766899108887,-17.9205436706543,"Unknown"
"5020555",378677,2026-04-15 10:30:16,28.8770179748535,-17.9208221435547,"Unknown"
"5020555",378677,2026-04-15 10:35:20,28.8772125244141,-17.9212741851807,"Unknown"
"5020555",378677,2026-04-15 10:40:16,28.8769874572754,-17.9149799346924,"Unknown"
"5020555",378677,2026-04-15 10:45:50,28.8730125427246,-17.9245147705078,"Unknown"
"5020555",378677,2026-04-15 10:50:20,28.8734550476074,-17.9259777069092,"Unknown"
"5020555",378677,2026-04-15 10:55:16,28.8734149932861,-17.9264793395996,"Unknown"
"5020555",378677,2026-04-15 11:00:19,28.8735847473145,-17.9268016815186,"Unknown"
"5020555",378677,2026-04-15 11:05:17,28.8738956451416,-17.9269428253174,"Unknown"
"5020555",378677,2026-04-15 11:10:19,28.8743114471436,-17.927131652832,"Unknown"
"5020555",378677,2026-04-15 11:15:19,28.8746395111084,-17.9271545410156,"Unknown"
"5020555",378677,2026-04-15 11:20:20,28.8751487731934,-17.927282333374,"Unknown"
"5020555",378677,2026-04-15 11:25:20,28.8756122589111,-17.9271583557129,"Unknown"
"5020555",378677,2026-04-15 11:30:21,28.8760757446289,-17.9268550872803,"Unknown"
"5020555",378677,2026-04-15 11:35:33,28.8766174316406,-17.926586151123,"Unknown"
"5020555",378677,2026-04-15 11:40:17,28.876974105835,-17.926248550415,"Unknown"
"5020555",378677,2026-04-15 11:45:19,28.8763542175293,-17.926305770874,"Unknown"
"5020555",378677,2026-04-15 11:50:18,28.8765907287598,-17.9262313842773,"Unknown"
"5020555",378677,2026-04-15 11:55:20,28.8763446807861,-17.926176071167,"Unknown"
"5020555",378677,2026-04-15 12:01:03,28.8745765686035,-17.9233798980713,"Unknown"
"5020555",378677,2026-04-15 12:05:18,28.8748302459717,-17.923131942749,"Unknown"
"5020555",378677,2026-04-15 12:10:19,28.8715381622314,-17.9249401092529,"Unknown"
"5020555",378677,2026-04-15 12:15:19,28.871223449707,-17.9239025115967,"Unknown"
"5020555",378677,2026-04-15 12:20:19,28.8735752105713,-17.9264984130859,"Unknown"
"5020555",378677,2026-04-15 12:25:33,28.8738098144531,-17.9266681671143,"Unknown"
"5020555",378677,2026-04-15 12:30:47,28.8741836547852,-17.9270343780518,"Unknown"
"5020555",378677,2026-04-15 12:35:16,28.8744926452637,-17.927282333374,"Unknown"
"5020555",378677,2026-04-15 12:40:17,28.8748302459717,-17.9274883270264,"Unknown"
"5020555",378677,2026-04-15 12:45:16,28.8752250671387,-17.9275283813477,"Unknown"
"5020555",378677,2026-04-15 12:50:17,28.875675201416,-17.9276561737061,"Unknown"
"5020555",378677,2026-04-15 12:55:17,28.8762531280518,-17.9277648925781,"Unknown"
"5020555",378677,2026-04-15 13:00:17,28.876766204834,-17.9279537200928,"Unknown"
"5020555",378677,2026-04-15 13:05:16,28.8773097991943,-17.9280662536621,"Unknown"
"5020555",378677,2026-04-15 13:10:16,28.8779563903809,-17.9283275604248,"Unknown"
"5020555",378677,2026-04-15 13:15:16,28.8786544799805,-17.9286327362061,"Unknown"
"5020555",378677,2026-04-15 13:20:16,28.8793296813965,-17.9290885925293,"Unknown"
"5020555",378677,2026-04-15 13:25:18,28.8765525817871,-17.9245071411133,"Unknown"
"5020555",378677,2026-04-15 13:30:17,28.8756923675537,-17.9202423095703,"Unknown"
"5020555",378677,2026-04-15 13:35:16,28.8762130737305,-17.9205684661865,"Unknown"
"5020555",378677,2026-04-15 13:40:18,28.8765544891357,-17.9208526611328,"Unknown"
"5020555",378677,2026-04-15 13:45:18,28.8767070770264,-17.921215057373,"Unknown"
"5020555",378677,2026-04-15 13:50:16,28.8770236968994,-17.9214191436768,"Unknown"
"5020555",378677,2026-04-15 13:55:18,28.8850612640381,-17.9246845245361,"Unknown"
"5020555",378677,2026-04-15 14:00:19,28.9186420440674,-17.9439640045166,"Unknown"
"5020555",378677,2026-04-15 14:05:18,28.9502029418945,-17.9693222045898,"Unknown"
"5020555",378677,2026-04-15 14:10:18,28.9578399658203,-17.9704685211182,"Unknown"
"5020555",378677,2026-04-15 14:15:19,28.9602012634277,-17.9705944061279,"Unknown"
"5020555",378677,2026-04-15 14:20:19,28.9614944458008,-17.9727687835693,"Unknown"
"5020555",378677,2026-04-15 14:25:19,28.98903465271,-18.0056819915771,"Unknown"
"5020555",378677,2026-04-15 14:30:18,29.016580581665,-18.0452003479004,"Unknown"
"5020555",378677,2026-04-15 14:35:19,29.0501689910889,-18.0743255615234,"Unknown"
"5020555",378677,2026-04-15 14:40:18,29.08229637146,-18.1062126159668,"Unknown"
"5020555",378677,2026-04-15 14:45:18,29.1128540039062,-18.1409664154053,"Unknown"
"5020555",378677,2026-04-15 14:50:19,29.1417198181152,-18.1765480041504,"Unknown"
"5020555",378677,2026-04-15 14:55:19,29.1743640899658,-18.2090110778809,"Unknown"
"5020555",378677,2026-04-15 15:01:41,29.2177848815918,-18.2502403259277,"Unknown"
"5020555",378677,2026-04-15 15:06:41,29.2464542388916,-18.2813301086426,"Unknown"
"5020555",378677,2026-04-15 15:11:41,29.275146484375,-18.3134117126465,"Unknown"
"5020555",378677,2026-04-15 15:16:41,29.3031845092773,-18.3461074829102,"Unknown"
"5020555",378677,2026-04-15 15:21:41,29.3308258056641,-18.3748302459717,"Unknown"
"5020555",378677,2026-04-15 15:26:41,29.3601493835449,-18.4020576477051,"Unknown"
"5020555",378677,2026-04-15 15:31:41,29.3883628845215,-18.4312229156494,"Unknown"
"5020555",378677,2026-04-15 15:36:41,29.4172496795654,-18.4618644714355,"Unknown"
"5020555",378677,2026-04-15 15:41:41,29.4454364776611,-18.4886035919189,"Unknown"
"5020555",378677,2026-04-15 15:46:41,29.4752464294434,-18.5162868499756,"Unknown"
"5020555",378677,2026-04-15 15:51:41,29.5032501220703,-18.5452747344971,"Unknown"
"5020555",378677,2026-04-15 15:56:41,29.5314598083496,-18.5768814086914,"Unknown"
"5020555",378677,2026-04-15 16:55:47,29.8595714569092,-18.9325923919678,"Unknown"
"5020555",378677,2026-04-15 17:00:19,29.8698177337646,-18.9443378448486,"Unknown"
"5020555",378677,2026-04-15 17:05:16,29.8966159820557,-18.9764633178711,"Unknown"
"5020555",378677,2026-04-15 17:10:19,29.9246711730957,-19.0088443756104,"Unknown"
"5020555",378677,2026-04-15 17:15:19,29.9528522491455,-19.0399971008301,"Unknown"
"5020555",378677,2026-04-15 17:20:18,29.980936050415,-19.0713729858398,"Unknown"
"5020555",378677,2026-04-15 17:25:18,30.0068531036377,-19.1083221435547,"Unknown"
"5020555",378677,2026-04-15 17:30:18,30.0346565246582,-19.1406726837158,"Unknown"
"5020555",378677,2026-04-15 17:35:18,30.0634498596191,-19.1728553771973,"Unknown"
"5020555",378677,2026-04-15 17:40:21,30.0922546386719,-19.2069263458252,"Unknown"
"5020555",378677,2026-04-15 17:45:20,30.1209487915039,-19.2385921478271,"Unknown"
"5020555",378677,2026-04-15 17:50:21,30.1447982788086,-19.2632541656494,"Unknown"
"5020555",378677,2026-04-15 17:55:19,30.1741199493408,-19.2912769317627,"Unknown"
"5020555",378677,2026-04-15 18:05:33,30.2354373931885,-19.3498439788818,"Unknown"
"5020555",378677,2026-04-15 18:10:13,30.2638092041016,-19.3741512298584,"Unknown"
"5020555",378677,2026-04-15 18:15:13,30.2914638519287,-19.4061946868896,"Unknown"
"5020555",378677,2026-04-15 18:20:11,30.3141555786133,-19.4334468841553,"Unknown"
"5020555",378677,2026-04-15 18:25:12,30.3400039672852,-19.4675426483154,"Unknown"
"5020555",378677,2026-04-15 18:36:34,30.4001770019531,-19.547420501709,"Unknown"
"5020555",378677,2026-04-15 18:41:34,30.4297370910645,-19.5745029449463,"Unknown"
"5020555",378677,2026-04-15 18:46:34,30.4597148895264,-19.602746963501,"Unknown"
"5020555",378677,2026-04-15 18:51:34,30.490779876709,-19.6334075927734,"Unknown"
"5020555",378677,2026-04-15 18:56:34,30.5189666748047,-19.6669387817383,"Unknown"
"5020555",378677,2026-04-15 19:01:34,30.5455017089844,-19.6985282897949,"Unknown"
"5020555",378677,2026-04-15 19:06:34,30.5726070404053,-19.7258720397949,"Unknown"
"5020555",378677,2026-04-15 19:11:34,30.6002941131592,-19.7519302368164,"Unknown"
"5020555",378677,2026-04-15 19:16:34,30.6266937255859,-19.7825241088867,"Unknown"
"5020555",378677,2026-04-15 19:21:34,30.6562747955322,-19.8064079284668,"Unknown"
"5020555",378677,2026-04-15 19:26:34,30.6874351501465,-19.8342514038086,"Unknown"
"5020555",378677,2026-04-15 19:31:34,30.7198715209961,-19.8625679016113,"Unknown"
"5020555",378677,2026-04-15 19:36:34,30.7518291473389,-19.8878002166748,"Unknown"
"5020555",378677,2026-04-15 19:41:34,30.7847175598145,-19.9102001190186,"Unknown"
"5020555",378677,2026-04-15 19:46:34,30.8172988891602,-19.9339027404785,"Unknown"
"5020555",378677,2026-04-15 19:51:34,30.8505516052246,-19.9540596008301,"Unknown"
"5020555",378677,2026-04-15 19:56:34,30.8822288513184,-19.9791812896729,"Unknown"
"5020555",378677,2026-04-15 20:06:34,30.9432544708252,-20.0287895202637,"Unknown"
"5020555",378677,2026-04-15 20:11:34,30.9721183776855,-20.0526428222656,"Unknown"
"5020555",378677,2026-04-15 20:16:34,30.9967937469482,-20.079948425293,"Unknown"
"5020555",378677,2026-04-15 20:21:34,31.0211791992188,-20.1042861938477,"Unknown"
"5020555",378677,2026-04-15 20:26:34,31.0442943572998,-20.1299705505371,"Unknown"
"5020555",378677,2026-04-15 20:31:34,31.0673084259033,-20.1539573669434,"Unknown"
"5020555",378677,2026-04-15 20:36:34,31.0914268493652,-20.1771926879883,"Unknown"
"5020555",378677,2026-04-15 20:40:57,31.103178024292,-20.1880321502686,"Unknown"
"5020555",378677,2026-04-15 20:45:12,31.1116409301758,-20.1949653625488,"Unknown"
"5020555",378677,2026-04-15 20:50:11,31.1124515533447,-20.1965522766113,"Unknown"
"5020555",378677,2026-04-15 20:55:12,31.1128425598145,-20.1980247497559,"Unknown"
"5020555",378677,2026-04-15 21:00:14,31.1131153106689,-20.1992301940918,"Unknown"
"5020555",378677,2026-04-15 21:05:16,31.1134204864502,-20.2005062103271,"Unknown"
"5020555",378677,2026-04-15 21:10:13,31.1134243011475,-20.2013893127441,"Unknown"
"5020555",378677,2026-04-15 21:15:33,31.1134986877441,-20.2024326324463,"Unknown"
"5020555",378677,2026-04-15 21:20:10,31.1135559082031,-20.2033672332764,"Unknown"
"5020555",378677,2026-04-15 21:25:10,31.1137371063232,-20.2042961120605,"Unknown"
"5020555",378677,2026-04-15 21:30:10,31.113826751709,-20.2052364349365,"Unknown"
"5020555",378677,2026-04-15 21:35:10,31.1147212982178,-20.2072296142578,"Unknown"
"5020555",378677,2026-04-15 21:40:09,31.1148281097412,-20.2081298828125,"Unknown"
"5020555",378677,2026-04-15 21:45:09,31.1158924102783,-20.2093143463135,"Unknown"
"5020555",378677,2026-04-15 21:50:09,31.1169319152832,-20.2108974456787,"Unknown"
"5020555",378677,2026-04-15 21:55:09,31.1169548034668,-20.211706161499,"Unknown"
"5020555",378677,2026-04-15 22:05:13,31.1172714233398,-20.21337890625,"Unknown"
"5020555",378677,2026-04-15 22:10:11,31.1173324584961,-20.2141990661621,"Unknown"
"5020555",378677,2026-04-15 22:15:10,31.1173973083496,-20.2149677276611,"Unknown"
"5020555",378677,2026-04-15 22:20:11,31.1179904937744,-20.2158718109131,"Unknown"
"5020555",378677,2026-04-15 22:25:12,31.1225414276123,-20.2210712432861,"Unknown"
"5020555",378677,2026-04-15 22:30:11,31.1225528717041,-20.2217483520508,"Unknown"
"5020555",378677,2026-04-15 22:35:11,31.1224250793457,-20.22239112854,"Unknown"
"5020555",378677,2026-04-15 22:40:11,31.1223640441895,-20.2229595184326,"Unknown"
"5020555",378677,2026-04-15 22:45:12,31.1223430633545,-20.2234592437744,"Unknown"
"5020555",378677,2026-04-15 22:50:11,31.1223163604736,-20.2239952087402,"Unknown"
"5020555",378677,2026-04-15 22:55:12,31.1223888397217,-20.224515914917,"Unknown"
"5020555",378677,2026-04-15 23:00:11,31.1224594116211,-20.2250518798828,"Unknown"
"5020555",378677,2026-04-15 23:05:10,31.1225776672363,-20.2256126403809,"Unknown"
"5020555",378677,2026-04-15 23:10:13,31.1227016448975,-20.2261390686035,"Unknown"
"5020555",378677,2026-04-15 23:15:12,31.12278175354,-20.2260684967041,"Unknown"
"5020555",378677,2026-04-15 23:20:10,31.1227970123291,-20.2264270782471,"Unknown"
"5020555",378677,2026-04-15 23:25:13,31.122838973999,-20.2268409729004,"Unknown"
"5020555",378677,2026-04-15 23:30:12,31.1228351593018,-20.2272281646729,"Unknown"
"5020555",378677,2026-04-15 23:35:13,31.1228618621826,-20.2277431488037,"Unknown"
"5020555",378677,2026-04-15 23:40:13,31.1227760314941,-20.228443145752,"Unknown"
"5020555",378677,2026-04-15 23:45:14,31.1227130889893,-20.2291278839111,"Unknown"
"5020555",378677,2026-04-15 23:50:14,31.1226634979248,-20.2298603057861,"Unknown"
"5020555",378677,2026-04-15 23:55:11,31.1225452423096,-20.2305240631104,"Unknown"
"5020555",378677,2026-04-16 00:00:32,31.1224765777588,-20.2313365936279,"Unknown"
"5020555",378677,2026-04-16 00:05:10,31.122428894043,-20.2319679260254,"Unknown"
"5020555",378677,2026-04-16 00:10:10,31.1224155426025,-20.2326107025146,"Unknown"
"5020555",378677,2026-04-16 00:15:10,31.1224327087402,-20.2332611083984,"Unknown"
"5020555",378677,2026-04-16 00:20:10,31.1224689483643,-20.2339172363281,"Unknown"
"5020555",378677,2026-04-16 00:25:10,31.1225299835205,-20.23459815979,"Unknown"
"5020555",378677,2026-04-16 00:30:10,31.1226024627686,-20.2353591918945,"Unknown"
"5020555",378677,2026-04-16 00:35:10,31.122615814209,-20.2361164093018,"Unknown"
"5020555",378677,2026-04-16 00:40:10,31.1226387023926,-20.2367610931396,"Unknown"
"5020555",378677,2026-04-16 00:45:10,31.1233654022217,-20.2377433776855,"Unknown"
"5020555",378677,2026-04-16 00:50:10,31.1233787536621,-20.2385272979736,"Unknown"
"5020555",378677,2026-04-16 00:55:10,31.123441696167,-20.2393817901611,"Unknown"
"5020555",378677,2026-04-16 01:00:11,31.1234874725342,-20.2401504516602,"Unknown"
"5020555",378677,2026-04-16 01:05:10,31.1235256195068,-20.2410221099854,"Unknown"
"5020555",378677,2026-04-16 01:10:10,31.1235847473145,-20.2418804168701,"Unknown"
"5020555",378677,2026-04-16 01:15:11,31.1235961914062,-20.242748260498,"Unknown"
"5020555",378677,2026-04-16 01:20:11,31.1236877441406,-20.2436847686768,"Unknown"
"5020555",378677,2026-04-16 01:25:11,31.1237449645996,-20.2445449829102,"Unknown"
"5020555",378677,2026-04-16 01:30:12,31.1237850189209,-20.2454795837402,"Unknown"
"5020555",378677,2026-04-16 01:35:10,31.1239013671875,-20.2464218139648,"Unknown"
"5020555",378677,2026-04-16 01:40:12,31.1240348815918,-20.2475452423096,"Unknown"
"5020555",378677,2026-04-16 01:45:10,31.124116897583,-20.2486248016357,"Unknown"
"5020555",378677,2026-04-16 01:50:12,31.1242122650146,-20.2497272491455,"Unknown"
"5020555",378677,2026-04-16 01:55:12,31.1242389678955,-20.2508487701416,"Unknown"
"5020555",378677,2026-04-16 02:05:12,31.1243705749512,-20.2528877258301,"Unknown"
"5020555",378677,2026-04-16 02:10:12,31.1247901916504,-20.2543964385986,"Unknown"
"5020555",378677,2026-04-16 02:15:12,31.1248378753662,-20.2555599212646,"Unknown"
"5020555",378677,2026-04-16 02:20:12,31.1248817443848,-20.2566795349121,"Unknown"
"5020555",378677,2026-04-16 02:25:13,31.1249332427979,-20.2578220367432,"Unknown"
"5020555",378677,2026-04-16 02:30:12,31.1249599456787,-20.2589321136475,"Unknown"
"5020555",378677,2026-04-16 02:35:33,31.1250457763672,-20.2600326538086,"Unknown"
"5020555",378677,2026-04-16 02:40:10,31.1251277923584,-20.2609596252441,"Unknown"
"5020555",378677,2026-04-16 02:45:10,31.1252136230469,-20.261848449707,"Unknown"
"5020555",378677,2026-04-16 02:50:11,31.1253414154053,-20.2627601623535,"Unknown"
"5020555",378677,2026-04-16 02:55:10,31.1254272460938,-20.2636604309082,"Unknown"
"5020555",378677,2026-04-16 03:00:11,31.1255855560303,-20.2645816802979,"Unknown"
"5020555",378677,2026-04-16 03:05:11,31.12571144104,-20.2655620574951,"Unknown"
"5020555",378677,2026-04-16 03:10:10,31.1258125305176,-20.2664947509766,"Unknown"
"5020555",378677,2026-04-16 03:15:10,31.1258506774902,-20.2674770355225,"Unknown"
"5020555",378677,2026-04-16 03:20:10,31.1259574890137,-20.268367767334,"Unknown"
"5020555",378677,2026-04-16 03:25:11,31.1259822845459,-20.2693901062012,"Unknown"
"5020555",378677,2026-04-16 03:30:12,31.1259574890137,-20.2704086303711,"Unknown"
"5020555",378677,2026-04-16 03:35:11,31.1262874603271,-20.271505355835,"Unknown"
"5020555",378677,2026-04-16 03:40:12,31.1262798309326,-20.2725238800049,"Unknown"
"5020555",378677,2026-04-16 03:45:14,31.1264019012451,-20.2735004425049,"Unknown"
"5020555",378677,2026-04-16 03:50:33,31.1264667510986,-20.2745361328125,"Unknown"
"5020555",378677,2026-04-16 03:55:10,31.1265182495117,-20.2754459381104,"Unknown"
"5020555",378677,2026-04-16 04:00:10,31.126594543457,-20.2764663696289,"Unknown"
"5020555",378677,2026-04-16 04:05:10,31.1266784667969,-20.277416229248,"Unknown"
"5020555",378677,2026-04-16 04:10:10,31.1267528533936,-20.278470993042,"Unknown"
"5020555",378677,2026-04-16 04:15:10,31.1267395019531,-20.2795562744141,"Unknown"
"5020555",378677,2026-04-16 04:20:10,31.1267967224121,-20.280782699585,"Unknown"
"5020555",378677,2026-04-16 04:25:10,31.1268329620361,-20.2819690704346,"Unknown"
"5020555",378677,2026-04-16 04:30:10,31.1269016265869,-20.2830600738525,"Unknown"
"5020555",378677,2026-04-16 04:35:10,31.126932144165,-20.284294128418,"Unknown"
"5020555",378677,2026-04-16 04:40:12,31.126974105835,-20.2855777740479,"Unknown"
"5020555",378677,2026-04-16 04:45:11,31.127010345459,-20.2868118286133,"Unknown"
"5020555",378677,2026-04-16 04:50:11,31.1270904541016,-20.2880477905273,"Unknown"
"5020555",378677,2026-04-16 04:55:13,31.1271991729736,-20.289249420166,"Unknown"
"5020555",378677,2026-04-16 05:00:47,31.1271095275879,-20.2903709411621,"Unknown"
"5020555",378677,2026-04-16 05:05:10,31.1366138458252,-20.3060321807861,"Unknown"
"5020555",378677,2026-04-16 05:10:10,31.1365280151367,-20.3071689605713,"Unknown"
"5020555",378677,2026-04-16 05:15:12,31.1365032196045,-20.3082828521729,"Unknown"
"5020555",378677,2026-04-16 05:20:12,31.1364459991455,-20.3094348907471,"Unknown"
"5020555",378677,2026-04-16 05:25:10,31.1363925933838,-20.3105182647705,"Unknown"
"5020555",378677,2026-04-16 05:30:10,31.1363887786865,-20.3116683959961,"Unknown"
"5020555",378677,2026-04-16 05:35:11,31.1364364624023,-20.3128261566162,"Unknown"
"5020555",378677,2026-04-16 05:40:11,31.1365776062012,-20.3139801025391,"Unknown"
"5020555",378677,2026-04-16 05:45:10,31.1365585327148,-20.3150825500488,"Unknown"
"5020555",378677,2026-04-16 05:50:13,31.1365547180176,-20.3162288665771,"Unknown"
"5020555",378677,2026-04-16 05:55:12,31.1510753631592,-20.3349990844727,"Unknown"
"5020555",378677,2026-04-16 06:05:13,31.1892108917236,-20.392650604248,"Unknown"
"5020555",378677,2026-04-16 06:10:14,31.2077369689941,-20.4177837371826,"Unknown"
"5020555",378677,2026-04-16 06:16:35,31.2401542663574,-20.4489936828613,"Unknown"
"5020555",378677,2026-04-16 06:21:35,31.2655906677246,-20.4705028533936,"Unknown"
"5020555",378677,2026-04-16 06:26:35,31.2877254486084,-20.4934577941895,"Unknown"
"5020555",378677,2026-04-16 06:31:35,31.3117160797119,-20.5143070220947,"Unknown"
"5020555",378677,2026-04-16 06:36:35,31.3372974395752,-20.5394096374512,"Unknown"
"5020555",378677,2026-04-16 06:41:35,31.3659152984619,-20.5600757598877,"Unknown"
"5020555",378677,2026-04-16 06:46:35,31.3949222564697,-20.5809745788574,"Unknown"
"5020555",378677,2026-04-16 06:51:35,31.4227504730225,-20.6040439605713,"Unknown"
"5020555",378677,2026-04-16 06:56:35,31.4499053955078,-20.629581451416,"Unknown"
"5020555",378677,2026-04-16 07:01:35,31.4755115509033,-20.6522407531738,"Unknown"
"5020555",378677,2026-04-16 07:06:35,31.5023937225342,-20.6754474639893,"Unknown"
"5020555",378677,2026-04-16 07:11:35,31.529935836792,-20.7009811401367,"Unknown"
"5020555",378677,2026-04-16 07:16:35,31.5549468994141,-20.728458404541,"Unknown"
"5020555",378677,2026-04-16 07:21:35,31.5793781280518,-20.7529144287109,"Unknown"
"5020555",378677,2026-04-16 07:26:36,31.6032676696777,-20.7811717987061,"Unknown"
"5020555",378677,2026-04-16 07:31:36,31.6242027282715,-20.8067684173584,"Unknown"
"5020555",378677,2026-04-16 07:36:36,31.6488704681396,-20.8297538757324,"Unknown"
"5020555",378677,2026-04-16 07:41:36,31.6754417419434,-20.8509101867676,"Unknown"
"5020555",378677,2026-04-16 07:46:35,31.703800201416,-20.8720092773438,"Unknown"
"5020555",378677,2026-04-16 07:50:47,31.7182922363281,-20.8799934387207,"Unknown"
"5020555",378677,2026-04-16 07:55:12,31.7181987762451,-20.8804893493652,"Unknown"
"5020555",378677,2026-04-16 08:01:36,31.7512874603271,-20.8962154388428,"Unknown"
"5020555",378677,2026-04-16 08:06:36,31.7795085906982,-20.9157733917236,"Unknown"
"5020555",378677,2026-04-16 08:11:36,31.8084735870361,-20.9353694915771,"Unknown"
"5020555",378677,2026-04-16 08:16:36,31.8375091552734,-20.9526596069336,"Unknown"
"5020555",378677,2026-04-16 08:21:36,31.8674602508545,-20.9700660705566,"Unknown"
"5020555",378677,2026-04-16 08:26:36,31.8951454162598,-20.9874572753906,"Unknown"
"5020555",378677,2026-04-16 08:31:36,31.9220409393311,-21.0098190307617,"Unknown"
"5020555",378677,2026-04-16 08:36:36,31.9477252960205,-21.0338935852051,"Unknown"
"5020555",378677,2026-04-16 08:41:36,31.97412109375,-21.0569591522217,"Unknown"
"5020555",378677,2026-04-16 08:46:36,32.000732421875,-21.080924987793,"Unknown"
"5020555",378677,2026-04-16 08:51:36,32.0288352966309,-21.102855682373,"Unknown"
"5020555",378677,2026-04-16 08:56:36,32.0581283569336,-21.1217288970947,"Unknown"
"5020555",378677,2026-04-16 09:01:35,32.0877799987793,-21.1415119171143,"Unknown"
"5020555",378677,2026-04-16 09:06:36,32.1159172058105,-21.1655426025391,"Unknown"
"5020555",378677,2026-04-16 09:11:36,32.1437911987305,-21.1883277893066,"Unknown"
"5020555",378677,2026-04-16 09:16:36,32.1732292175293,-21.20827293396,"Unknown"
"5020555",378677,2026-04-16 09:21:36,32.202522277832,-21.2282276153564,"Unknown"
"5020555",378677,2026-04-16 09:26:36,32.2327423095703,-21.2470302581787,"Unknown"
"5020555",378677,2026-04-16 09:31:36,32.2612190246582,-21.2746810913086,"Unknown"
"5020555",378677,2026-04-16 09:36:35,32.2923583984375,-21.2975120544434,"Unknown"
"5020555",378677,2026-04-16 09:41:35,32.3218383789062,-21.3192863464355,"Unknown"
"5020555",378677,2026-04-16 10:33:46,32.6097412109375,-21.4777851104736,"Unknown"
"5020555",378677,2026-04-16 10:38:25,32.6284217834473,-21.4831066131592,"Unknown"
"5020555",378677,2026-04-16 10:43:25,32.6626815795898,-21.492790222168,"Unknown"
"5020555",378677,2026-04-16 10:49:47,32.7049140930176,-21.5035133361816,"Unknown"
"5020555",378677,2026-04-16 10:54:46,32.7350578308105,-21.5181407928467,"Unknown"
"5020555",378677,2026-04-16 10:59:21,32.7646064758301,-21.5272197723389,"Unknown"
"5020555",378677,2026-04-16 11:03:24,32.772144317627,-21.527494430542,"Unknown"
"5020555",378677,2026-04-16 11:08:23,32.8005294799805,-21.5316467285156,"Unknown"
"5020555",378677,2026-04-16 11:13:26,32.8342094421387,-21.5403175354004,"Unknown"
"5020555",378677,2026-04-16 11:18:25,32.867431640625,-21.5478210449219,"Unknown"
"5020555",378677,2026-04-16 11:23:24,32.9001617431641,-21.550687789917,"Unknown"
"5020555",378677,2026-04-16 11:28:25,32.9341812133789,-21.5643138885498,"Unknown"
"5020555",378677,2026-04-16 11:33:25,32.967155456543,-21.572416305542,"Unknown"
"5020555",378677,2026-04-16 11:38:23,32.9955444335938,-21.5826587677002,"Unknown"
"5020555",378677,2026-04-16 11:43:24,33.0310859680176,-21.5931606292725,"Unknown"
"5020555",378677,2026-04-16 11:49:46,33.0749092102051,-21.6030292510986,"Unknown"
"5020555",378677,2026-04-16 11:54:46,33.110294342041,-21.6122856140137,"Unknown"
"5020555",378677,2026-04-16 11:59:46,33.1448287963867,-21.6168117523193,"Unknown"
"5020555",378677,2026-04-16 12:04:03,33.1749572753906,-21.6220226287842,"Unknown"
"5020555",378677,2026-04-16 12:08:22,33.2039642333984,-21.62424659729,"Unknown"
"5020555",378677,2026-04-16 12:13:22,33.2400093078613,-21.6306076049805,"Unknown"
"5020555",378677,2026-04-16 12:18:24,33.273624420166,-21.6407527923584,"Unknown"
"5020555",378677,2026-04-16 12:23:25,33.3056182861328,-21.6468601226807,"Unknown"
"5020555",378677,2026-04-16 12:28:24,33.335205078125,-21.6523456573486,"Unknown"
"5020555",378677,2026-04-16 12:33:25,33.3662567138672,-21.6628284454346,"Unknown"
"5020555",378677,2026-04-16 12:39:42,33.4048728942871,-21.6718196868896,"Unknown"
"5020555",378677,2026-04-16 12:43:24,33.4286117553711,-21.678150177002,"Unknown"
"5020555",378677,2026-04-16 12:49:46,33.4686698913574,-21.6853351593018,"Unknown"
"5020555",378677,2026-04-16 12:54:46,33.5005989074707,-21.6878528594971,"Unknown"
"5020555",378677,2026-04-16 13:14:46,33.632625579834,-21.7049083709717,"Unknown"
"5020555",378677,2026-04-16 13:19:46,33.6656684875488,-21.7117977142334,"Unknown"
"5020555",378677,2026-04-16 13:24:46,33.6989059448242,-21.7179927825928,"Unknown"
"5020555",378677,2026-04-16 13:29:46,33.7307586669922,-21.7188606262207,"Unknown"
"5020555",378677,2026-04-16 13:34:33,33.7611694335938,-21.718822479248,"Unknown"
"5020555",378677,2026-04-16 13:38:24,33.7870826721191,-21.7180843353271,"Unknown"
"5020555",378677,2026-04-16 13:43:24,33.8180046081543,-21.7202587127686,"Unknown"
"5020555",378677,2026-04-16 13:48:24,33.8298263549805,-21.7175178527832,"Unknown"
"5020555",378677,2026-04-16 13:53:24,33.8632583618164,-21.7145462036133,"Unknown"
"5020555",378677,2026-04-16 13:58:22,33.8978233337402,-21.7190456390381,"Unknown"
"5020555",378677,2026-04-16 14:05:12,33.943229675293,-21.7153034210205,"Unknown"
"5020555",378677,2026-04-16 14:10:13,33.974739074707,-21.7074661254883,"Unknown"
"5020555",378677,2026-04-16 14:15:12,34.0090751647949,-21.7034950256348,"Unknown"
"5020555",378677,2026-04-16 14:20:11,34.044376373291,-21.705738067627,"Unknown"
"5020555",378677,2026-04-16 14:25:12,34.0795211791992,-21.7000102996826,"Unknown"
"5020555",378677,2026-04-16 14:30:11,34.1147308349609,-21.6998767852783,"Unknown"
"5020555",378677,2026-04-16 14:35:12,34.1510696411133,-21.6949234008789,"Unknown"
"5020555",378677,2026-04-16 14:40:13,34.1841506958008,-21.6886215209961,"Unknown"
"5020555",378677,2026-04-16 14:45:14,34.2171859741211,-21.6780185699463,"Unknown"
"5020555",378677,2026-04-16 14:50:12,34.2518997192383,-21.6748504638672,"Unknown"
"5020555",378677,2026-04-16 14:55:17,34.2873344421387,-21.6686420440674,"Unknown"
"5020555",378677,2026-04-16 15:00:47,34.315616607666,-21.6618576049805,"Unknown"
"5020555",378677,2026-04-16 15:05:12,34.3471221923828,-21.6581878662109,"Unknown"
"5020555",378677,2026-04-16 15:10:12,34.3831405639648,-21.6494045257568,"Unknown"
"5020555",378677,2026-04-16 15:16:35,34.4283409118652,-21.642993927002,"Unknown"
"5020555",378677,2026-04-16 15:21:33,34.4625434875488,-21.6379089355469,"Unknown"
"5020555",378677,2026-04-16 15:25:11,34.4883995056152,-21.6332702636719,"Unknown"
"5020555",378677,2026-04-16 15:30:13,34.5195083618164,-21.6284103393555,"Unknown"
"5020555",378677,2026-04-16 15:35:13,34.5455169677734,-21.6241397857666,"Unknown"
"5020555",378677,2026-04-16 15:40:12,34.5825729370117,-21.6265563964844,"Unknown"
"5020555",378677,2026-04-16 15:45:13,34.619758605957,-21.6187171936035,"Unknown"
"5020555",378677,2026-04-16 15:50:13,34.6355133056641,-21.6136131286621,"Unknown"
"5020555",378677,2026-04-16 15:55:12,34.6573257446289,-21.6139163970947,"Unknown"
"5020555",378677,2026-04-16 16:01:27,34.691333770752,-21.6051483154297,"Unknown"
"5020555",378677,2026-04-16 16:05:12,34.7158203125,-21.596923828125,"Unknown"
"5020555",378677,2026-04-16 16:10:22,34.7508125305176,-21.5895767211914,"Unknown"
"5020555",378677,2026-04-16 16:15:14,34.7878265380859,-21.5809078216553,"Unknown"
"5020555",378677,2026-04-16 16:20:14,34.8244247436523,-21.5720996856689,"Unknown"
"5020555",378677,2026-04-16 16:25:10,34.8559150695801,-21.5599575042725,"Unknown"
"5020555",378677,2026-04-16 16:30:21,34.8903579711914,-21.546272277832,"Unknown"
"5020555",378677,2026-04-16 16:35:57,34.9277648925781,-21.5274124145508,"Unknown"
"5020555",378677,2026-04-16 16:40:15,34.9549751281738,-21.5122127532959,"Unknown"
"5020555",378677,2026-04-16 16:45:19,34.9887008666992,-21.4989070892334,"Unknown"
"5020555",378677,2026-04-16 16:50:13,35.0211372375488,-21.4858436584473,"Unknown"
"5020555",378677,2026-04-16 16:55:22,35.0542221069336,-21.4697704315186,"Unknown"
"5020555",378677,2026-04-16 17:00:11,35.087574005127,-21.4561519622803,"Unknown"
"5020555",378677,2026-04-16 17:05:13,35.1240844726562,-21.4488277435303,"Unknown"
"5020555",378677,2026-04-16 17:10:34,35.1617088317871,-21.4330596923828,"Unknown"
"5020555",378677,2026-04-16 17:15:22,35.1949653625488,-21.4210166931152,"Unknown"
"5020555",378677,2026-04-16 17:21:03,35.2376174926758,-21.4063320159912,"Unknown"
"5020555",378677,2026-04-16 17:25:21,35.2713394165039,-21.3959445953369,"Unknown"
"5020555",378677,2026-04-16 17:30:11,35.3083915710449,-21.3851547241211,"Unknown"
"5020555",378677,2026-04-16 17:35:13,35.3467254638672,-21.3721542358398,"Unknown"
"5020555",378677,2026-04-16 17:40:12,35.3837051391602,-21.3545417785645,"Unknown"
"5020555",378677,2026-04-16 17:45:14,35.4235038757324,-21.3376159667969,"Unknown"
"5020555",378677,2026-04-16 17:50:13,35.4620628356934,-21.3197536468506,"Unknown"
"5020555",378677,2026-04-16 17:55:17,35.503116607666,-21.3041934967041,"Unknown"
"5020555",378677,2026-04-16 18:06:35,35.5899925231934,-21.2704982757568,"Unknown"
"5020555",378677,2026-04-16 18:26:35,35.7465057373047,-21.1965293884277,"Unknown"
"5020555",378677,2026-04-16 18:30:33,35.7591209411621,-21.1917533874512,"Unknown"
"5020555",378677,2026-04-16 18:35:13,35.7733383178711,-21.1860504150391,"Unknown"
"5020555",378677,2026-04-16 18:40:12,35.8120803833008,-21.1656475067139,"Unknown"
"5020555",378677,2026-04-16 18:45:12,35.8548583984375,-21.1553421020508,"Unknown"
"5020555",378677,2026-04-16 18:50:12,35.8967018127441,-21.1393718719482,"Unknown"
"5020555",378677,2026-04-16 18:55:11,35.9401550292969,-21.1275844573975,"Unknown"
"5020555",378677,2026-04-16 19:00:12,35.9834671020508,-21.1135807037354,"Unknown"
"5020555",378677,2026-04-16 19:05:13,36.0054512023926,-21.1039752960205,"Unknown"
"5020555",378677,2026-04-16 19:11:35,36.0312423706055,-21.0924663543701,"Unknown"
"5020555",378677,2026-04-16 19:16:35,36.0717239379883,-21.0762805938721,"Unknown"
"5020555",378677,2026-04-16 19:21:35,36.1097564697266,-21.0606174468994,"Unknown"
"5020555",378677,2026-04-16 19:26:35,36.1511688232422,-21.0461311340332,"Unknown"
"5020555",378677,2026-04-16 19:31:33,36.1920127868652,-21.0313930511475,"Unknown"
"5020555",378677,2026-04-16 19:35:11,36.2166481018066,-21.0172996520996,"Unknown"
"5020555",378677,2026-04-16 19:40:11,36.2561492919922,-20.9955558776855,"Unknown"
"5020555",378677,2026-04-16 19:45:11,36.2993202209473,-20.9845294952393,"Unknown"
"5020555",378677,2026-04-16 19:50:11,36.3429946899414,-20.9742774963379,"Unknown"
"5020555",378677,2026-04-16 19:55:11,36.3828163146973,-20.9607181549072,"Unknown"
"5020555",378677,2026-04-16 20:00:13,36.4245986938477,-20.9504928588867,"Unknown"
"5020555",378677,2026-04-16 20:05:12,36.4646377563477,-20.9394969940186,"Unknown"
"5020555",378677,2026-04-16 20:10:13,36.5015296936035,-20.9262180328369,"Unknown"
"5020555",378677,2026-04-16 20:15:10,36.5355911254883,-20.9098663330078,"Unknown"
"5020555",378677,2026-04-16 20:20:12,36.5677299499512,-20.8893699645996,"Unknown"
"5020555",378677,2026-04-16 20:25:12,36.5987815856934,-20.8733520507812,"Unknown"
"5020555",378677,2026-04-16 20:30:12,36.6295280456543,-20.8496150970459,"Unknown"
"5020555",378677,2026-04-16 20:35:11,36.6603393554688,-20.8289127349854,"Unknown"
"5020555",378677,2026-04-16 20:41:21,36.6974258422852,-20.7981185913086,"Unknown"
"5020555",378677,2026-04-16 20:45:14,36.7218742370605,-20.7796401977539,"Unknown"
"5020555",378677,2026-04-16 20:50:11,36.7532920837402,-20.7561798095703,"Unknown"
"5020555",378677,2026-04-16 20:56:35,36.7937545776367,-20.7275409698486,"Unknown"
"5020555",378677,2026-04-16 21:00:33,36.8085441589355,-20.7174129486084,"Unknown"
"5020555",378677,2026-04-16 21:05:10,36.8181304931641,-20.7106857299805,"Unknown"
"5020555",378677,2026-04-16 21:10:12,36.8272972106934,-20.7082958221436,"Unknown"
"5020555",378677,2026-04-16 21:15:11,36.827808380127,-20.7083148956299,"Unknown"
"5020555",378677,2026-04-16 21:20:11,36.8283348083496,-20.7082424163818,"Unknown"
"5020555",378677,2026-04-16 21:25:13,36.8289375305176,-20.7080097198486,"Unknown"
"5020555",378677,2026-04-16 21:30:11,36.8296737670898,-20.7078857421875,"Unknown"
"5020555",378677,2026-04-16 21:35:14,36.8376197814941,-20.7035064697266,"Unknown"
"5020555",378677,2026-04-16 21:40:12,36.8377304077148,-20.7034378051758,"Unknown"
"5020555",378677,2026-04-16 21:45:12,36.8379058837891,-20.7034358978271,"Unknown"
"5020555",378677,2026-04-16 21:50:14,36.8380584716797,-20.7035331726074,"Unknown"
"5020555",378677,2026-04-16 21:55:14,36.8382148742676,-20.7036247253418,"Unknown"
"5020555",378677,2026-04-16 22:05:33,36.8386344909668,-20.7038669586182,"Unknown"
"5020555",378677,2026-04-16 22:10:10,36.8388404846191,-20.7039241790771,"Unknown"
"5020555",378677,2026-04-16 22:15:10,36.8390731811523,-20.7040863037109,"Unknown"
"5020555",378677,2026-04-16 22:20:10,36.8392677307129,-20.7041072845459,"Unknown"
"5020555",378677,2026-04-16 22:25:12,36.8394508361816,-20.7040920257568,"Unknown"
"5020555",378677,2026-04-16 22:30:12,36.8395919799805,-20.7041568756104,"Unknown"
"5020555",378677,2026-04-16 22:35:12,36.8397483825684,-20.7042045593262,"Unknown"
"5020555",378677,2026-04-16 22:40:10,36.8398513793945,-20.7043170928955,"Unknown"
"5020555",378677,2026-04-16 22:45:10,36.8399772644043,-20.704460144043,"Unknown"
"5020555",378677,2026-04-16 22:50:10,36.8401222229004,-20.704610824585,"Unknown"
"5020555",378677,2026-04-16 22:55:10,36.8403129577637,-20.7047443389893,"Unknown"
"5020555",378677,2026-04-16 23:00:10,36.8404998779297,-20.7049541473389,"Unknown"
"5020555",378677,2026-04-16 23:05:11,36.8406867980957,-20.7052249908447,"Unknown"
"5020555",378677,2026-04-16 23:10:12,36.8408546447754,-20.705493927002,"Unknown"
"5020555",378677,2026-04-16 23:15:12,36.8409805297852,-20.7058868408203,"Unknown"
"5020555",378677,2026-04-16 23:20:12,36.8410415649414,-20.7061519622803,"Unknown"
"5020555",378677,2026-04-16 23:25:12,36.8410530090332,-20.7062911987305,"Unknown"
"5020555",378677,2026-04-16 23:30:12,36.8410301208496,-20.7063007354736,"Unknown"
"5020555",378677,2026-04-16 23:35:10,36.8410797119141,-20.7063655853271,"Unknown"
"5020555",378677,2026-04-16 23:40:10,36.8411140441895,-20.7065620422363,"Unknown"
"5020555",378677,2026-04-16 23:45:11,36.8412780761719,-20.7068786621094,"Unknown"
"5020555",378677,2026-04-16 23:50:12,36.8414268493652,-20.707103729248,"Unknown"
"5020555",378677,2026-04-16 23:55:12,36.8416290283203,-20.7072868347168,"Unknown"
"5020555",378677,2026-04-17 00:00:13,36.8419456481934,-20.7075061798096,"Unknown"
"5020555",378677,2026-04-17 00:05:33,36.8423690795898,-20.7076950073242,"Unknown"
"5020555",378677,2026-04-17 00:10:10,36.8427505493164,-20.707893371582,"Unknown"
"5020555",378677,2026-04-17 00:15:10,36.8432159423828,-20.708179473877,"Unknown"
"5020555",378677,2026-04-17 00:20:10,36.843677520752,-20.7085075378418,"Unknown"
"5020555",378677,2026-04-17 00:25:10,36.8440933227539,-20.7088165283203,"Unknown"
"5020555",378677,2026-04-17 00:30:10,36.8444938659668,-20.7090930938721,"Unknown"
"5020555",378677,2026-04-17 00:35:10,36.8449058532715,-20.7093410491943,"Unknown"
"5020555",378677,2026-04-17 00:40:10,36.8452949523926,-20.70969581604,"Unknown"
"5020555",378677,2026-04-17 00:45:10,36.8457412719727,-20.7100677490234,"Unknown"
"5020555",378677,2026-04-17 00:50:12,36.84619140625,-20.710376739502,"Unknown"
"5020555",378677,2026-04-17 00:55:10,36.8466110229492,-20.7106895446777,"Unknown"
"5020555",378677,2026-04-17 01:00:10,36.8470077514648,-20.7110977172852,"Unknown"
"5020555",378677,2026-04-17 01:05:10,36.8473434448242,-20.711555480957,"Unknown"
"5020555",378677,2026-04-17 01:10:10,36.8476448059082,-20.7119312286377,"Unknown"
"5020555",378677,2026-04-17 01:15:10,36.8480606079102,-20.7123184204102,"Unknown"
"5020555",378677,2026-04-17 01:20:12,36.8484497070312,-20.7126407623291,"Unknown"
"5020555",378677,2026-04-17 01:25:12,36.8489418029785,-20.7128944396973,"Unknown"
"5020555",378677,2026-04-17 01:30:11,36.8493270874023,-20.7133045196533,"Unknown"
"5020555",378677,2026-04-17 01:35:12,36.8497200012207,-20.7137355804443,"Unknown"
"5020555",378677,2026-04-17 01:40:11,36.8501281738281,-20.71413230896,"Unknown"
"5020555",378677,2026-04-17 01:45:12,36.8505172729492,-20.7145481109619,"Unknown"
"5020555",378677,2026-04-17 01:50:10,36.8509063720703,-20.7149982452393,"Unknown"
"5020555",378677,2026-04-17 01:55:12,36.8512840270996,-20.7153282165527,"Unknown"
"5020555",378677,2026-04-17 02:05:12,36.8520050048828,-20.7160625457764,"Unknown"
"5020555",378677,2026-04-17 02:10:12,36.8523330688477,-20.7163009643555,"Unknown"
"5020555",378677,2026-04-17 02:15:12,36.8526268005371,-20.7164134979248,"Unknown"
"5020555",378677,2026-04-17 02:20:13,36.8529739379883,-20.7165393829346,"Unknown"
"5020555",378677,2026-04-17 02:25:33,36.8533592224121,-20.7166137695312,"Unknown"
"5020555",378677,2026-04-17 02:30:10,36.8537330627441,-20.716625213623,"Unknown"
"5020555",378677,2026-04-17 02:35:12,36.8541069030762,-20.7166976928711,"Unknown"
"5020555",378677,2026-04-17 02:40:10,36.8544921875,-20.7167129516602,"Unknown"
"5020555",378677,2026-04-17 02:45:11,36.8549156188965,-20.7168140411377,"Unknown"
"5020555",378677,2026-04-17 02:50:11,36.8553009033203,-20.7170066833496,"Unknown"
"5020555",378677,2026-04-17 02:55:10,36.8556823730469,-20.717264175415,"Unknown"
"5020555",378677,2026-04-17 03:00:11,36.8561134338379,-20.7175407409668,"Unknown"
"5020555",378677,2026-04-17 03:05:12,36.8565139770508,-20.7178688049316,"Unknown"
"5020555",378677,2026-04-17 03:10:11,36.8569412231445,-20.7182178497314,"Unknown"
"5020555",378677,2026-04-17 03:15:10,36.8574028015137,-20.7185249328613,"Unknown"
"5020555",378677,2026-04-17 03:20:14,36.8578186035156,-20.7188243865967,"Unknown"
"5020555",378677,2026-04-17 03:25:12,36.858226776123,-20.719144821167,"Unknown"
"5020555",378677,2026-04-17 03:30:33,36.8587036132812,-20.7195205688477,"Unknown"
"5020555",378677,2026-04-17 03:35:10,36.8590698242188,-20.7197952270508,"Unknown"
"5020555",378677,2026-04-17 03:40:10,36.8594512939453,-20.7200183868408,"Unknown"
"5020555",378677,2026-04-17 03:45:10,36.8598709106445,-20.7202205657959,"Unknown"
"5020555",378677,2026-04-17 03:50:10,36.8602676391602,-20.7204685211182,"Unknown"
"5020555",378677,2026-04-17 03:55:10,36.8606719970703,-20.7207794189453,"Unknown"
"5020555",378677,2026-04-17 04:00:10,36.8610000610352,-20.7210102081299,"Unknown"
"5020555",378677,2026-04-17 04:05:10,36.8613128662109,-20.7212772369385,"Unknown"
"5020555",378677,2026-04-17 04:10:10,36.8615913391113,-20.7215614318848,"Unknown"
"5020555",378677,2026-04-17 04:15:10,36.8618278503418,-20.7217884063721,"Unknown"
"5020555",378677,2026-04-17 04:20:12,36.8620376586914,-20.7220592498779,"Unknown"
"5020555",378677,2026-04-17 04:25:10,36.8623199462891,-20.7222576141357,"Unknown"
"5020555",378677,2026-04-17 04:30:12,36.8625183105469,-20.7224998474121,"Unknown"
"5020555",378677,2026-04-17 04:35:10,36.8627281188965,-20.7227058410645,"Unknown"
"5020555",378677,2026-04-17 04:40:10,36.8629493713379,-20.7228450775146,"Unknown"
"5020555",378677,2026-04-17 04:45:33,36.8631629943848,-20.7229022979736,"Unknown"
"5020555",378677,2026-04-17 04:50:10,36.8633613586426,-20.7230987548828,"Unknown"
"5020555",378677,2026-04-17 04:55:11,36.8635940551758,-20.7232837677002,"Unknown"
"5020555",378677,2026-04-17 05:00:11,36.863842010498,-20.7234916687012,"Unknown"
"5020555",378677,2026-04-17 05:05:11,36.8641357421875,-20.7237434387207,"Unknown"
"5020555",378677,2026-04-17 05:10:10,36.8663787841797,-20.723596572876,"Unknown"
"5020555",378677,2026-04-17 05:15:10,36.8845710754395,-20.7124576568604,"Unknown"
"5020555",378677,2026-04-17 05:20:11,36.9164047241211,-20.6998176574707,"Unknown"
"5020555",378677,2026-04-17 05:25:11,36.9213027954102,-20.698413848877,"Unknown"
"5020555",378677,2026-04-17 05:30:10,36.9218559265137,-20.6987781524658,"Unknown"
"5020555",378677,2026-04-17 05:35:12,36.92236328125,-20.6991500854492,"Unknown"
"5020555",378677,2026-04-17 05:40:11,36.9228744506836,-20.6995620727539,"Unknown"
"5020555",378677,2026-04-17 05:45:33,36.9234809875488,-20.6999416351318,"Unknown"
"5020555",378677,2026-04-17 05:50:13,36.9287300109863,-20.6975593566895,"Unknown"
"5020555",378677,2026-04-17 05:55:12,36.9584312438965,-20.6856346130371,"Unknown"
"5020555",378677,2026-04-17 06:05:12,37.0194358825684,-20.664119720459,"Unknown"
"5020555",378677,2026-04-17 06:10:12,37.052173614502,-20.6562538146973,"Unknown"
"5020555",378677,2026-04-17 06:15:11,37.0853157043457,-20.6455459594727,"Unknown"
"5020555",378677,2026-04-17 06:20:12,37.1185684204102,-20.6383266448975,"Unknown"
"5020555",378677,2026-04-17 06:25:12,37.151985168457,-20.627685546875,"Unknown"
"5020555",378677,2026-04-17 06:30:13,37.1856689453125,-20.6194324493408,"Unknown"
"5020555",378677,2026-04-17 06:35:12,37.2204132080078,-20.6110343933105,"Unknown"
"5020555",378677,2026-04-17 06:40:15,37.2562408447266,-20.603099822998,"Unknown"
"5020555",378677,2026-04-17 06:45:10,37.2910614013672,-20.5989379882812,"Unknown"
"5020555",378677,2026-04-17 06:50:14,37.3247489929199,-20.5975704193115,"Unknown"
"5020555",378677,2026-04-17 06:55:13,37.3597564697266,-20.5928974151611,"Unknown"
"5020555",378677,2026-04-17 07:00:13,37.3956985473633,-20.5907535552979,"Unknown"
"5020555",378677,2026-04-17 07:05:13,37.4291305541992,-20.5878868103027,"Unknown"
"5020555",378677,2026-04-17 07:10:17,37.4632568359375,-20.5857963562012,"Unknown"
"5020555",378677,2026-04-17 07:15:13,37.4967956542969,-20.5797939300537,"Unknown"
"5020555",378677,2026-04-17 07:20:13,37.5293006896973,-20.5738124847412,"Unknown"
"5020555",378677,2026-04-17 07:25:11,37.5637588500977,-20.5695457458496,"Unknown"
"5020555",378677,2026-04-17 07:30:12,37.6010894775391,-20.5627365112305,"Unknown"
"5020555",378677,2026-04-17 07:35:13,37.6399421691895,-20.5589637756348,"Unknown"
"5020555",378677,2026-04-17 07:40:12,37.6763648986816,-20.5461940765381,"Unknown"
"5020555",378677,2026-04-17 07:45:13,37.7139701843262,-20.5343551635742,"Unknown"
"5020555",378677,2026-04-17 07:50:12,37.7501106262207,-20.5222663879395,"Unknown"
"5020555",378677,2026-04-17 07:55:12,37.7832260131836,-20.5129489898682,"Unknown"
"5020555",378677,2026-04-17 08:11:35,37.9014701843262,-20.4648895263672,"Unknown"
"5020555",378677,2026-04-17 08:16:35,37.9370269775391,-20.4515743255615,"Unknown"
"5020555",378677,2026-04-17 08:21:35,37.9700241088867,-20.4412021636963,"Unknown"
"5020555",378677,2026-04-17 08:26:35,38.0040855407715,-20.4270343780518,"Unknown"
"5020555",378677,2026-04-17 08:31:35,38.0380363464355,-20.4199485778809,"Unknown"
"5020555",378677,2026-04-17 08:36:35,38.0729598999023,-20.410120010376,"Unknown"
"5020555",378677,2026-04-17 08:41:35,38.1082763671875,-20.3978900909424,"Unknown"
"5020555",378677,2026-04-17 08:46:33,38.143497467041,-20.390661239624,"Unknown"
"5020555",378677,2026-04-17 08:50:10,38.1690254211426,-20.3838787078857,"Unknown"
"5020555",378677,2026-04-17 08:55:12,38.2047080993652,-20.3756046295166,"Unknown"
"5020555",378677,2026-04-17 09:00:11,38.2402153015137,-20.361930847168,"Unknown"
"5020555",378677,2026-04-17 09:05:13,38.2761306762695,-20.3492946624756,"Unknown"
"5020555",378677,2026-04-17 09:10:12,38.3108100891113,-20.3338317871094,"Unknown"
"5020555",378677,2026-04-17 09:15:13,38.3488922119141,-20.3214416503906,"Unknown"
"5020555",378677,2026-04-17 09:20:12,38.3863487243652,-20.3098945617676,"Unknown"
"5020555",378677,2026-04-17 09:25:12,38.4237785339355,-20.2987461090088,"Unknown"
"5020555",378677,2026-04-17 09:30:12,38.4604187011719,-20.2842311859131,"Unknown"
"5020555",378677,2026-04-17 09:35:12,38.4986267089844,-20.2755851745605,"Unknown"
"5020555",378677,2026-04-17 09:40:12,38.5377807617188,-20.2663040161133,"Unknown"
"5020555",378677,2026-04-17 09:45:13,38.5388946533203,-20.2669200897217,"Unknown"
"5020555",378677,2026-04-17 09:50:12,38.5776214599609,-20.2537174224854,"Unknown"
"5020555",378677,2026-04-17 09:55:12,38.6161079406738,-20.2379875183105,"Unknown"
"5020555",378677,2026-04-17 10:05:12,38.6915283203125,-20.2004661560059,"Unknown"
"5020555",378677,2026-04-17 10:10:13,38.7288818359375,-20.1840572357178,"Unknown"
"5020555",378677,2026-04-17 10:15:13,38.7650375366211,-20.1648941040039,"Unknown"
"5020555",378677,2026-04-17 10:20:13,38.8022041320801,-20.1494274139404,"Unknown"
"5020555",378677,2026-04-17 10:25:13,38.8404502868652,-20.1348209381104,"Unknown"
"5020555",378677,2026-04-17 10:30:16,38.876350402832,-20.116584777832,"Unknown"
"5020555",378677,2026-04-17 10:35:19,38.9152908325195,-20.1042232513428,"Unknown"
"5020555",378677,2026-04-17 10:40:15,38.9516105651855,-20.0863780975342,"Unknown"
"5020555",378677,2026-04-17 10:45:14,38.9896049499512,-20.0680465698242,"Unknown"
"5020555",378677,2026-04-17 10:50:15,39.0283050537109,-20.0499401092529,"Unknown"
"5020555",378677,2026-04-17 10:55:14,39.0651588439941,-20.0303516387939,"Unknown"
"5020555",378677,2026-04-17 11:00:14,39.1042747497559,-20.0165596008301,"Unknown"
"5020555",378677,2026-04-17 11:05:14,39.1422271728516,-19.9982433319092,"Unknown"
"5020555",378677,2026-04-17 11:10:12,39.1809272766113,-19.9855842590332,"Unknown"
"5020555",378677,2026-04-17 11:15:14,39.2185249328613,-19.9643516540527,"Unknown"
"5020555",378677,2026-04-17 11:21:21,39.2647018432617,-19.9391593933105,"Unknown"
"5020555",378677,2026-04-17 11:25:13,39.2953567504883,-19.9238986968994,"Unknown"
"5020555",378677,2026-04-17 11:30:15,39.333438873291,-19.900634765625,"Unknown"
"5020555",378677,2026-04-17 11:35:12,39.3696136474609,-19.874475479126,"Unknown"
"5020555",378677,2026-04-17 11:40:13,39.4054298400879,-19.8462905883789,"Unknown"
"5020555",378677,2026-04-17 11:46:36,39.4554557800293,-19.8215522766113,"Unknown"
"5020555",378677,2026-04-17 11:51:21,39.4916763305664,-19.8016223907471,"Unknown"
"5020555",378677,2026-04-17 11:55:13,39.5205078125,-19.7821807861328,"Unknown"
"5020555",378677,2026-04-17 12:51:27,39.9491424560547,-19.5412979125977,"Unknown"
"5020555",378677,2026-04-17 12:55:13,39.9785270690918,-19.5273723602295,"Unknown"
"5020555",378677,2026-04-17 13:00:13,40.0149574279785,-19.5030193328857,"Unknown"
"5020555",378677,2026-04-17 13:06:36,40.064037322998,-19.475061416626,"Unknown"
"5020555",378677,2026-04-17 13:10:33,40.0724487304688,-19.4716644287109,"Unknown"
"5020555",378677,2026-04-17 13:15:11,40.0724449157715,-19.4711475372314,"Unknown"
"5020555",378677,2026-04-17 13:20:13,40.0725631713867,-19.4708614349365,"Unknown"
"5020555",378677,2026-04-17 13:25:13,40.0874214172363,-19.4651565551758,"Unknown"
"5020555",378677,2026-04-17 13:30:13,40.1254272460938,-19.4468727111816,"Unknown"
"5020555",378677,2026-04-17 13:35:13,40.1611061096191,-19.4366512298584,"Unknown"
"5020555",378677,2026-04-17 13:40:14,40.1969528198242,-19.4157810211182,"Unknown"
"5020555",378677,2026-04-17 13:45:13,40.2363471984863,-19.4011421203613,"Unknown"
"5020555",378677,2026-04-17 13:50:13,40.2756652832031,-19.3882789611816,"Unknown"
"5020555",378677,2026-04-17 13:55:14,40.3147583007812,-19.3734455108643,"Unknown"
"5020555",378677,2026-04-17 14:05:11,40.3933944702148,-19.344690322876,"Unknown"
"5020555",378677,2026-04-17 14:11:34,40.442554473877,-19.330135345459,"Unknown"
"5020555",378677,2026-04-17 14:16:34,40.4822769165039,-19.320707321167,"Unknown"
"5020555",378677,2026-04-17 14:21:21,40.5188484191895,-19.3041858673096,"Unknown"
"5020555",378677,2026-04-17 14:25:11,40.5416831970215,-19.3004722595215,"Unknown"
"5020555",378677,2026-04-17 14:30:13,40.5815620422363,-19.2893486022949,"Unknown"
"5020555",378677,2026-04-17 14:36:34,40.6322250366211,-19.2675724029541,"Unknown"
"5020555",378677,2026-04-17 14:41:34,40.6717224121094,-19.2497978210449,"Unknown"
"5020555",378677,2026-04-17 14:46:34,40.7094764709473,-19.2344551086426,"Unknown"
"5020555",378677,2026-04-17 14:51:34,40.7477989196777,-19.2178859710693,"Unknown"
"5020555",378677,2026-04-17 14:56:34,40.7837219238281,-19.1967182159424,"Unknown"
"5020555",378677,2026-04-17 15:01:34,40.8228378295898,-19.1829128265381,"Unknown"
"5020555",378677,2026-04-17 15:25:33,40.9512329101562,-19.1393375396729,"Unknown"
"5020555",378677,2026-04-17 15:30:12,40.9754180908203,-19.1305694580078,"Unknown"
"5020555",378677,2026-04-17 15:35:11,41.001537322998,-19.1223163604736,"Unknown"
"5020555",378677,2026-04-17 15:40:11,41.0282669067383,-19.1224918365479,"Unknown"
"5020555",378677,2026-04-17 15:45:11,41.0553092956543,-19.1263885498047,"Unknown"
"5020555",378677,2026-04-17 15:50:33,41.0791358947754,-19.1293048858643,"Unknown"
"5020555",378677,2026-04-17 15:55:11,41.0822105407715,-19.1327495574951,"Unknown"
"5020555",378677,2026-04-17 16:00:12,41.1102676391602,-19.1416568756104,"Unknown"
"5020555",378677,2026-04-17 16:05:10,41.1363487243652,-19.1505603790283,"Unknown"
"5020555",378677,2026-04-17 16:10:10,41.1612968444824,-19.156322479248,"Unknown"
"5020555",378677,2026-04-17 16:15:12,41.1885147094727,-19.1721725463867,"Unknown"
"5020555",378677,2026-04-17 16:20:13,41.214542388916,-19.18874168396,"Unknown"
"5020555",378677,2026-04-17 16:25:11,41.2397537231445,-19.2080993652344,"Unknown"
"5020555",378677,2026-04-17 16:30:11,41.2668418884277,-19.2202625274658,"Unknown"
"5020555",378677,2026-04-17 16:35:11,41.2934265136719,-19.2368068695068,"Unknown"
"5020555",378677,2026-04-17 16:40:10,41.320125579834,-19.2569427490234,"Unknown"
"5020555",378677,2026-04-17 16:45:09,41.324405670166,-19.2596645355225,"Unknown"
"5020555",378677,2026-04-17 16:50:11,41.3489379882812,-19.2784957885742,"Unknown"
"5020555",378677,2026-04-17 16:55:11,41.3764762878418,-19.2995223999023,"Unknown"
"5020555",378677,2026-04-17 17:00:11,41.4059906005859,-19.3180904388428,"Unknown"
"5020555",378677,2026-04-17 17:05:11,41.4347686767578,-19.3295803070068,"Unknown"
"5020555",378677,2026-04-17 17:10:10,41.4539375305176,-19.3219013214111,"Unknown"
"5020555",378677,2026-04-17 17:15:11,41.45703125,-19.3122577667236,"Unknown"
"5020555",378677,2026-04-17 17:20:12,41.4586334228516,-19.3131580352783,"Unknown"
"5020555",378677,2026-04-17 17:25:13,41.4862861633301,-19.3254909515381,"Unknown"
"5020555",378677,2026-04-17 17:30:10,41.5157318115234,-19.3377075195312,"Unknown"
"5020555",378677,2026-04-17 17:35:19,41.5386657714844,-19.3431644439697,"Unknown"
"5020555",378677,2026-04-17 17:40:10,41.5497245788574,-19.3449478149414,"Unknown"
"5020555",378677,2026-04-17 17:45:12,41.579231262207,-19.3487873077393,"Unknown"
"5020555",378677,2026-04-17 17:50:12,41.6101150512695,-19.3570919036865,"Unknown"
"5020555",378677,2026-04-17 17:56:34,41.6471710205078,-19.3717956542969,"Unknown"
"5020555",378677,2026-04-17 19:01:35,42.0088539123535,-19.5515422821045,"Unknown"
"5020555",378677,2026-04-17 19:06:35,42.0379028320312,-19.5744533538818,"Unknown"
"5020555",378677,2026-04-17 19:11:35,42.0672264099121,-19.5972862243652,"Unknown"
"5020555",378677,2026-04-17 19:26:35,42.151195526123,-19.664176940918,"Unknown"
"5020555",378677,2026-04-17 19:31:35,42.1792335510254,-19.6917476654053,"Unknown"
"5020555",378677,2026-04-17 19:36:35,42.2078323364258,-19.7127990722656,"Unknown"
"5020555",378677,2026-04-17 19:41:35,42.2363243103027,-19.7343254089355,"Unknown"
"5020555",378677,2026-04-17 19:46:35,42.265438079834,-19.7557048797607,"Unknown"
"5020555",378677,2026-04-17 20:00:33,42.3218574523926,-19.7891254425049,"Unknown"
"5020555",378677,2026-04-17 20:05:12,42.3251953125,-19.7911758422852,"Unknown"
"5020555",378677,2026-04-17 20:10:13,42.354736328125,-19.8029842376709,"Unknown"
"5020555",378677,2026-04-17 20:15:14,42.3832550048828,-19.8111991882324,"Unknown"
"5020555",378677,2026-04-17 20:20:13,42.4112129211426,-19.8266563415527,"Unknown"
"5020555",378677,2026-04-17 20:26:35,42.4459114074707,-19.8404769897461,"Unknown"
"5020555",378677,2026-04-17 20:31:35,42.4718360900879,-19.8523960113525,"Unknown"
"5020555",378677,2026-04-17 20:36:35,42.4980010986328,-19.8616828918457,"Unknown"
"5020555",378677,2026-04-17 20:40:33,42.4977798461914,-19.8627853393555,"Unknown"
"5020555",378677,2026-04-17 20:45:10,42.4975242614746,-19.8641319274902,"Unknown"
"5020555",378677,2026-04-17 20:50:11,42.497257232666,-19.8654613494873,"Unknown"
"5020555",378677,2026-04-17 20:55:10,42.4970855712891,-19.8668651580811,"Unknown"
"5020555",378677,2026-04-17 21:00:10,42.4969940185547,-19.8682899475098,"Unknown"
"5020555",378677,2026-04-17 21:05:10,42.4968643188477,-19.8696346282959,"Unknown"
"5020555",378677,2026-04-17 21:10:10,42.4967727661133,-19.8709983825684,"Unknown"
"5020555",378677,2026-04-17 21:15:10,42.4966278076172,-19.8724155426025,"Unknown"
"5020555",378677,2026-04-17 21:20:10,42.4965629577637,-19.873779296875,"Unknown"
"5020555",378677,2026-04-17 21:25:11,42.4964904785156,-19.8751335144043,"Unknown"
"5020555",378677,2026-04-17 21:30:10,42.4964714050293,-19.8763866424561,"Unknown"
"5020555",378677,2026-04-17 21:35:12,42.4964904785156,-19.8776035308838,"Unknown"
"5020555",378677,2026-04-17 21:40:10,42.4964332580566,-19.8787326812744,"Unknown"
"5020555",378677,2026-04-17 21:45:11,42.4963569641113,-19.8799800872803,"Unknown"
"5020555",378677,2026-04-17 21:50:10,42.4963035583496,-19.8812561035156,"Unknown"
"5020555",378677,2026-04-17 21:55:11,42.496265411377,-19.8825874328613,"Unknown"
"5020555",378677,2026-04-17 22:05:12,42.496150970459,-19.8854904174805,"Unknown"
"5020555",378677,2026-04-17 22:10:10,42.496166229248,-19.8868141174316,"Unknown"
"5020555",378677,2026-04-17 22:15:12,42.496150970459,-19.8882961273193,"Unknown"
"5020555",378677,2026-04-17 22:20:15,42.4961395263672,-19.8897399902344,"Unknown"
"5020555",378677,2026-04-17 22:25:12,42.4962005615234,-19.8911476135254,"Unknown"
"5020555",378677,2026-04-17 22:30:33,42.496280670166,-19.8927116394043,"Unknown"
"5020555",378677,2026-04-17 22:35:11,42.4962768554688,-19.8941059112549,"Unknown"
"5020555",378677,2026-04-17 22:40:10,42.4963035583496,-19.8955078125,"Unknown"
"5020555",378677,2026-04-17 22:45:14,42.4963150024414,-19.8968639373779,"Unknown"
"5020555",378677,2026-04-17 22:50:11,42.4963645935059,-19.8982639312744,"Unknown"
"5020555",378677,2026-04-17 22:55:11,42.496395111084,-19.8996086120605,"Unknown"
"5020555",378677,2026-04-17 23:00:13,42.4963874816895,-19.9009475708008,"Unknown"
"5020555",378677,2026-04-17 23:05:12,42.4963760375977,-19.9023132324219,"Unknown"
"5020555",378677,2026-04-17 23:10:11,42.4963150024414,-19.9036293029785,"Unknown"
"5020555",378677,2026-04-17 23:15:13,42.496337890625,-19.9049797058105,"Unknown"
"5020555",378677,2026-04-17 23:20:13,42.4963531494141,-19.9062328338623,"Unknown"
"5020555",378677,2026-04-17 23:25:13,42.496410369873,-19.9074535369873,"Unknown"
"5020555",378677,2026-04-17 23:30:14,42.4964370727539,-19.9086608886719,"Unknown"
"5020555",378677,2026-04-17 23:35:33,42.4963417053223,-19.9097023010254,"Unknown"
"5020555",378677,2026-04-17 23:40:11,42.4963073730469,-19.9107074737549,"Unknown"
"5020555",378677,2026-04-17 23:45:12,42.4963455200195,-19.91188621521,"Unknown"
"5020555",378677,2026-04-17 23:50:11,42.4963111877441,-19.9130458831787,"Unknown"
"5020555",378677,2026-04-17 23:55:10,42.4962348937988,-19.9141368865967,"Unknown"
"5020555",378677,2026-04-18 00:00:13,42.496208190918,-19.9152641296387,"Unknown"
"5020555",378677,2026-04-18 00:05:10,42.4962120056152,-19.9164867401123,"Unknown"
"5020555",378677,2026-04-18 00:10:12,42.4962310791016,-19.9177665710449,"Unknown"
"5020555",378677,2026-04-18 00:15:11,42.4962768554688,-19.9189739227295,"Unknown"
"5020555",378677,2026-04-18 00:20:12,42.4964256286621,-19.9201698303223,"Unknown"
"5020555",378677,2026-04-18 00:25:12,42.4964752197266,-19.9213809967041,"Unknown"
"5020555",378677,2026-04-18 00:30:11,42.4964828491211,-19.9225444793701,"Unknown"
"5020555",378677,2026-04-18 00:35:13,42.4966125488281,-19.9237823486328,"Unknown"
"5020555",378677,2026-04-18 00:40:11,42.4967384338379,-19.9249134063721,"Unknown"
"5020555",378677,2026-04-18 00:45:11,42.4968070983887,-19.9260578155518,"Unknown"
"5020555",378677,2026-04-18 00:50:11,42.4969215393066,-19.9272193908691,"Unknown"
"5020555",378677,2026-04-18 00:55:14,42.4970512390137,-19.928295135498,"Unknown"
"5020555",378677,2026-04-18 01:00:33,42.4971618652344,-19.9294624328613,"Unknown"
"5020555",378677,2026-04-18 01:05:10,42.497241973877,-19.9304714202881,"Unknown"
"5020555",378677,2026-04-18 01:10:10,42.4972648620605,-19.9315338134766,"Unknown"
"5020555",378677,2026-04-18 01:15:10,42.4972381591797,-19.9325656890869,"Unknown"
"5020555",378677,2026-04-18 01:20:10,42.4972610473633,-19.9335708618164,"Unknown"
"5020555",378677,2026-04-18 01:25:12,42.4972763061523,-19.9344882965088,"Unknown"
"5020555",378677,2026-04-18 01:30:10,42.4973106384277,-19.9354610443115,"Unknown"
"5020555",378677,2026-04-18 01:35:10,42.4973564147949,-19.9363651275635,"Unknown"
"5020555",378677,2026-04-18 01:40:12,42.4973526000977,-19.9374256134033,"Unknown"
"5020555",378677,2026-04-18 01:45:12,42.4972457885742,-19.938570022583,"Unknown"
"5020555",378677,2026-04-18 01:50:11,42.4972724914551,-19.9396839141846,"Unknown"
"5020555",378677,2026-04-18 01:55:12,42.497241973877,-19.9408416748047,"Unknown"
"5020555",378677,2026-04-18 02:05:10,42.4973564147949,-19.9432201385498,"Unknown"
"5020555",378677,2026-04-18 02:10:10,42.4972877502441,-19.9444313049316,"Unknown"
"5020555",378677,2026-04-18 02:15:10,42.4973335266113,-19.9457168579102,"Unknown"
"5020555",378677,2026-04-18 02:20:10,42.4973106384277,-19.9470634460449,"Unknown"
"5020555",378677,2026-04-18 02:25:11,42.4972724914551,-19.9483814239502,"Unknown"
"5020555",378677,2026-04-18 02:30:14,42.4972724914551,-19.9496803283691,"Unknown"
"5020555",378677,2026-04-18 02:35:12,42.4974670410156,-19.9512004852295,"Unknown"
"5020555",378677,2026-04-18 02:40:14,42.5070724487305,-19.971004486084,"Unknown"
"5020555",378677,2026-04-18 02:45:14,42.5073623657227,-19.9721202850342,"Unknown"
"5020555",378677,2026-04-18 02:50:33,42.5074729919434,-19.9734764099121,"Unknown"
"5020555",378677,2026-04-18 02:55:10,42.507698059082,-19.9746799468994,"Unknown"
"5020555",378677,2026-04-18 03:00:10,42.5079803466797,-19.9759979248047,"Unknown"
"5020555",378677,2026-04-18 03:05:10,42.5081939697266,-19.9773197174072,"Unknown"
"5020555",378677,2026-04-18 03:10:10,42.5083503723145,-19.9785232543945,"Unknown"
"5020555",378677,2026-04-18 03:15:10,42.5084609985352,-19.9797019958496,"Unknown"
"5020555",378677,2026-04-18 03:20:10,42.5086250305176,-19.980884552002,"Unknown"
"5020555",378677,2026-04-18 03:25:10,42.5088195800781,-19.9822025299072,"Unknown"
"5020555",378677,2026-04-18 03:30:12,42.5090599060059,-19.9835319519043,"Unknown"
"5020555",378677,2026-04-18 03:35:12,42.5092926025391,-19.9847679138184,"Unknown"
"5020555",378677,2026-04-18 03:40:12,42.5095024108887,-19.9860591888428,"Unknown"
"5020555",378677,2026-04-18 03:45:10,42.5096473693848,-19.9873313903809,"Unknown"
"5020555",378677,2026-04-18 03:50:10,42.5097389221191,-19.9886245727539,"Unknown"
"5020555",378677,2026-04-18 03:55:10,42.5099029541016,-19.9898300170898,"Unknown"
"5020555",378677,2026-04-18 04:00:33,42.5101089477539,-19.9911136627197,"Unknown"
"5020555",378677,2026-04-18 04:05:10,42.5102577209473,-19.9922847747803,"Unknown"
"5020555",378677,2026-04-18 04:10:10,42.5104637145996,-19.9934959411621,"Unknown"
"5020555",378677,2026-04-18 04:15:11,42.5106163024902,-19.9947528839111,"Unknown"
"5020555",378677,2026-04-18 04:20:12,42.5108604431152,-19.9960327148438,"Unknown"
"5020555",378677,2026-04-18 04:25:12,42.5110969543457,-19.9972686767578,"Unknown"
"5020555",378677,2026-04-18 04:30:10,42.5113525390625,-19.9985580444336,"Unknown"
"5020555",378677,2026-04-18 04:35:12,42.5116119384766,-19.9998092651367,"Unknown"
"5020555",378677,2026-04-18 04:40:12,42.511890411377,-20.0010986328125,"Unknown"
"5020555",378677,2026-04-18 04:45:33,42.5120697021484,-20.0025501251221,"Unknown"
"5020555",378677,2026-04-18 04:50:10,42.5121078491211,-20.0037727355957,"Unknown"
"5020555",378677,2026-04-18 04:55:12,42.5122261047363,-20.0052089691162,"Unknown"
"5020555",378677,2026-04-18 05:00:13,42.512321472168,-20.0067024230957,"Unknown"
"5020555",378677,2026-04-18 05:05:12,42.5125846862793,-20.0083026885986,"Unknown"
"5020555",378677,2026-04-18 05:10:12,42.5127601623535,-20.009895324707,"Unknown"
"5020555",378677,2026-04-18 05:15:12,42.5130729675293,-20.0113735198975,"Unknown"
"5020555",378677,2026-04-18 05:20:13,42.5133399963379,-20.012866973877,"Unknown"
"5020555",378677,2026-04-18 05:25:14,42.5134353637695,-20.0145568847656,"Unknown"
"5020555",378677,2026-04-18 05:30:15,42.536922454834,-20.0355033874512,"Unknown"
"5020555",378677,2026-04-18 05:35:13,42.5657119750977,-20.0555458068848,"Unknown"
"5020555",378677,2026-04-18 05:40:13,42.5955924987793,-20.0698795318604,"Unknown"
"5020555",378677,2026-04-18 05:45:15,42.6247634887695,-20.0858211517334,"Unknown"
"5020555",378677,2026-04-18 05:50:12,42.6545181274414,-20.1014175415039,"Unknown"
"5020555",378677,2026-04-18 05:56:35,42.6954307556152,-20.1231708526611,"Unknown"
"5020555",378677,2026-04-18 06:06:46,42.7679061889648,-20.144287109375,"Unknown"
"5020555",378677,2026-04-18 06:11:46,42.804744720459,-20.1508197784424,"Unknown"
"5020555",378677,2026-04-18 06:16:46,42.8418121337891,-20.1574974060059,"Unknown"
"5020555",378677,2026-04-18 06:21:46,42.8773536682129,-20.1642684936523,"Unknown"
"5020555",378677,2026-04-18 06:26:46,42.9126739501953,-20.1716938018799,"Unknown"
"5020555",378677,2026-04-18 06:31:46,42.9471321105957,-20.1792812347412,"Unknown"
"5020555",378677,2026-04-18 06:36:46,42.9828071594238,-20.1876106262207,"Unknown"
"5020555",378677,2026-04-18 06:41:46,43.0172653198242,-20.1920833587646,"Unknown"
"5020555",378677,2026-04-18 06:46:46,43.0531845092773,-20.1989727020264,"Unknown"
"5020555",378677,2026-04-18 06:51:46,43.0815048217773,-20.20534324646,"Unknown"
"5020555",378677,2026-04-18 06:56:46,43.1181602478027,-20.2121849060059,"Unknown"
"5020555",378677,2026-04-18 14:31:33,46.4206809997559,-20.5812835693359,"Unknown"
"5020555",378677,2026-04-18 14:36:07,46.4594650268555,-20.580997467041,"Unknown"
"5020555",378677,2026-04-18 14:41:06,46.5039978027344,-20.583948135376,"Unknown"
"5020555",378677,2026-04-18 14:46:07,46.545280456543,-20.5839462280273,"Unknown"
"5020555",378677,2026-04-18 14:51:07,46.5896987915039,-20.5873756408691,"Unknown"
"5020555",378677,2026-04-18 14:56:05,46.6322822570801,-20.5844593048096,"Unknown"
"5020555",378677,2026-04-18 15:01:05,46.6737976074219,-20.5834159851074,"Unknown"
"5020555",378677,2026-04-18 15:06:07,46.6989593505859,-20.5805988311768,"Unknown"
"5020555",378677,2026-04-18 15:11:07,46.7425155639648,-20.5758323669434,"Unknown"
"5020555",378677,2026-04-18 15:16:07,46.7852935791016,-20.5791530609131,"Unknown"
"5020555",378677,2026-04-18 15:21:07,46.8296813964844,-20.5815715789795,"Unknown"
"5020555",378677,2026-04-18 15:26:07,46.8736534118652,-20.5781517028809,"Unknown"
"5020555",378677,2026-04-18 15:31:07,46.9144439697266,-20.5778160095215,"Unknown"
"5020555",378677,2026-04-18 15:36:07,46.9533996582031,-20.5849342346191,"Unknown"
"5020555",378677,2026-04-18 15:41:07,46.9948234558105,-20.5766201019287,"Unknown"
"5020555",378677,2026-04-18 15:46:06,47.037353515625,-20.5701751708984,"Unknown"
"5020555",378677,2026-04-18 15:51:07,47.0793838500977,-20.5621643066406,"Unknown"
"5020555",378677,2026-04-18 15:56:07,47.1227798461914,-20.5537300109863,"Unknown"
"5020555",378677,2026-04-18 16:01:07,47.1668739318848,-20.54518699646,"Unknown"
"5020555",378677,2026-04-18 16:06:09,47.2103805541992,-20.5389556884766,"Unknown"
"5020555",378677,2026-04-18 16:11:08,47.2216567993164,-20.5359535217285,"Unknown"
"5020555",378677,2026-04-18 16:16:07,47.2646484375,-20.5297107696533,"Unknown"
"5020555",378677,2026-04-18 16:21:51,47.2855491638184,-20.524227142334,"Unknown"
"5020555",378677,2026-04-18 16:26:07,47.2853698730469,-20.5244312286377,"Unknown"
"5020555",378677,2026-04-18 16:31:08,47.3172950744629,-20.5171146392822,"Unknown"
"5020555",378677,2026-04-18 16:36:06,47.3604545593262,-20.5122756958008,"Unknown"
"5020555",378677,2026-04-18 16:41:07,47.4041862487793,-20.5016040802002,"Unknown"
"5020555",378677,2026-04-18 16:46:05,47.4470710754395,-20.4891033172607,"Unknown"
"5020555",378677,2026-04-18 16:52:30,47.5020179748535,-20.479434967041,"Unknown"
"5020555",378677,2026-04-18 16:57:30,47.5461883544922,-20.4755992889404,"Unknown"
"5020555",378677,2026-04-18 17:02:30,47.5884780883789,-20.4613227844238,"Unknown"
"5020555",378677,2026-04-18 17:07:30,47.6302909851074,-20.4461326599121,"Unknown"
"5020555",378677,2026-04-18 17:12:30,47.6725425720215,-20.4314994812012,"Unknown"
"5020555",378677,2026-04-18 17:17:30,47.7111053466797,-20.416690826416,"Unknown"
"5020555",378677,2026-04-18 17:22:30,47.7540626525879,-20.4024467468262,"Unknown"
"5020555",378677,2026-04-18 17:27:30,47.7997665405273,-20.3876514434814,"Unknown"
"5020555",378677,2026-04-18 17:31:07,47.8311767578125,-20.3759078979492,"Unknown"
"5020555",378677,2026-04-18 17:37:30,47.8896408081055,-20.3589878082275,"Unknown"
"5020555",378677,2026-04-18 17:42:30,47.9250793457031,-20.3472003936768,"Unknown"
"5020555",378677,2026-04-18 17:47:30,47.9731178283691,-20.3375873565674,"Unknown"
"5020555",378677,2026-04-18 17:52:30,48.0207595825195,-20.3219165802002,"Unknown"
"5020555",378677,2026-04-18 17:57:30,48.069522857666,-20.306755065918,"Unknown"
"5020555",378677,2026-04-18 18:12:30,48.2074089050293,-20.2578067779541,"Unknown"
"5020555",378677,2026-04-18 18:17:30,48.2556533813477,-20.2422523498535,"Unknown"
"5020555",378677,2026-04-18 18:22:30,48.3023223876953,-20.2209949493408,"Unknown"
"5020555",378677,2026-04-18 18:42:11,48.4349174499512,-20.1735305786133,"Unknown"
"5020555",378677,2026-04-18 18:46:06,48.4497718811035,-20.164945602417,"Unknown"
"5020555",378677,2026-04-18 18:51:07,48.4619560241699,-20.1666030883789,"Unknown"
"5020555",378677,2026-04-18 18:56:05,48.4764556884766,-20.2252826690674,"Unknown"
"5020555",378677,2026-04-18 19:01:07,48.4884834289551,-20.2744216918945,"Unknown"
"5020555",378677,2026-04-18 19:06:08,48.4987106323242,-20.3382606506348,"Unknown"
"5020555",378677,2026-04-18 19:11:07,48.5171356201172,-20.3904113769531,"Unknown"
"5020555",378677,2026-04-18 19:16:09,48.5266494750977,-20.4217624664307,"Unknown"
"5020555",378677,2026-04-18 19:21:08,48.5244331359863,-20.4567832946777,"Unknown"
"5020555",378677,2026-04-18 19:26:08,48.5301361083984,-20.4901313781738,"Unknown"
"5020555",378677,2026-04-18 19:32:30,48.5752754211426,-20.5175628662109,"Unknown"
"5020555",378677,2026-04-18 19:37:30,48.6217498779297,-20.4916648864746,"Unknown"
"5020555",378677,2026-04-18 19:42:30,48.6731986999512,-20.4717216491699,"Unknown"
"5020555",378677,2026-04-18 19:47:30,48.6913757324219,-20.4681282043457,"Unknown"
"5020555",378677,2026-04-18 19:52:30,48.7259902954102,-20.4603309631348,"Unknown"
"5020555",378677,2026-04-18 19:57:30,48.7612075805664,-20.487340927124,"Unknown"
"5020555",378677,2026-04-18 20:02:30,48.7823944091797,-20.5453071594238,"Unknown"
"5020555",378677,2026-04-18 20:07:30,48.8140525817871,-20.6033229827881,"Unknown"
"5020555",378677,2026-04-18 20:12:30,48.8422508239746,-20.6587829589844,"Unknown"
"5020555",378677,2026-04-18 20:17:30,48.8745880126953,-20.7231025695801,"Unknown"
"5020555",378677,2026-04-18 20:22:30,48.9082145690918,-20.786994934082,"Unknown"
"5020555",378677,2026-04-18 20:27:30,48.9319877624512,-20.8541049957275,"Unknown"
"5020555",378677,2026-04-18 20:32:30,48.9608840942383,-20.9210929870605,"Unknown"
"5020555",378677,2026-04-18 20:36:51,48.9681091308594,-20.9232387542725,"Unknown"
"5020555",378677,2026-04-18 20:41:06,48.9887008666992,-20.9090175628662,"Unknown"
"5020555",378677,2026-04-18 20:46:08,49.0173568725586,-20.8880500793457,"Unknown"
"5020555",378677,2026-04-18 20:51:08,49.068489074707,-20.8627738952637,"Unknown"
"5020555",378677,2026-04-18 20:56:06,49.0893821716309,-20.8460311889648,"Unknown"
"5020555",378677,2026-04-18 21:02:30,49.094539642334,-20.8361492156982,"Unknown"
"5020555",378677,2026-04-18 21:07:30,49.0968742370605,-20.8465118408203,"Unknown"
"5020555",378677,2026-04-18 21:12:17,49.1054840087891,-20.8339252471924,"Unknown"
"5020555",378677,2026-04-18 21:16:05,49.1056365966797,-20.8324565887451,"Unknown"
"5020555",378677,2026-04-18 21:21:05,49.1059112548828,-20.8301944732666,"Unknown"
"5020555",378677,2026-04-18 21:26:08,49.1061782836914,-20.8279991149902,"Unknown"
"5020555",378677,2026-04-18 21:31:07,49.1063385009766,-20.8262157440186,"Unknown"
"5020555",378677,2026-04-18 21:36:06,49.1063995361328,-20.8243446350098,"Unknown"
"5020555",378677,2026-04-18 21:41:08,49.1065673828125,-20.8224849700928,"Unknown"
"5020555",378677,2026-04-18 21:46:05,49.1066474914551,-20.8219757080078,"Unknown"
"5020555",378677,2026-04-18 21:51:07,49.106746673584,-20.8202228546143,"Unknown"
"5020555",378677,2026-04-18 21:56:07,49.1069793701172,-20.8179092407227,"Unknown"
"5020555",378677,2026-04-18 22:06:10,49.107494354248,-20.8134174346924,"Unknown"
"5020555",378677,2026-04-18 22:11:33,49.1077613830566,-20.8111038208008,"Unknown"
"5020555",378677,2026-04-18 22:16:08,49.1079902648926,-20.8090000152588,"Unknown"
"5020555",378677,2026-04-18 22:21:06,49.1083145141602,-20.8068962097168,"Unknown"
"5020555",378677,2026-04-18 22:26:07,49.1086540222168,-20.8045234680176,"Unknown"
"5020555",378677,2026-04-18 22:31:08,49.1089744567871,-20.8023223876953,"Unknown"
"5020555",378677,2026-04-18 22:36:05,49.1091804504395,-20.8002510070801,"Unknown"
"5020555",378677,2026-04-18 22:41:07,49.109489440918,-20.7982215881348,"Unknown"
"5020555",378677,2026-04-18 22:46:07,49.1098327636719,-20.7962074279785,"Unknown"
"5020555",378677,2026-04-18 22:51:07,49.1102714538574,-20.7941761016846,"Unknown"
"5020555",378677,2026-04-18 22:56:07,49.1106033325195,-20.7922172546387,"Unknown"
"5020555",378677,2026-04-18 23:01:05,49.110969543457,-20.790153503418,"Unknown"
"5020555",378677,2026-04-18 23:06:05,49.1113204956055,-20.7878742218018,"Unknown"
"5020555",378677,2026-04-18 23:11:07,49.1116828918457,-20.7859477996826,"Unknown"
"5020555",378677,2026-04-18 23:16:07,49.112117767334,-20.7838954925537,"Unknown"
"5020555",378677,2026-04-18 23:21:05,49.112548828125,-20.7818813323975,"Unknown"
"5020555",378677,2026-04-18 23:26:05,49.1130332946777,-20.779956817627,"Unknown"
"5020555",378677,2026-04-18 23:31:07,49.1134338378906,-20.777811050415,"Unknown"
"5020555",378677,2026-04-18 23:36:05,49.1139373779297,-20.7758083343506,"Unknown"
"5020555",378677,2026-04-18 23:41:05,49.1143760681152,-20.7737579345703,"Unknown"
"5020555",378677,2026-04-18 23:46:07,49.115306854248,-20.7709045410156,"Unknown"
"5020555",378677,2026-04-18 23:51:05,49.1159362792969,-20.7685813903809,"Unknown"
"5020555",378677,2026-04-18 23:56:06,49.1166229248047,-20.7663726806641,"Unknown"
"5020555",378677,2026-04-19 00:01:41,49.1174163818359,-20.7639427185059,"Unknown"
"5020555",378677,2026-04-19 00:06:07,49.1179275512695,-20.7620964050293,"Unknown"
"5020555",378677,2026-04-19 00:11:05,49.1184883117676,-20.7600955963135,"Unknown"
"5020555",378677,2026-04-19 00:16:06,49.1190299987793,-20.7580108642578,"Unknown"
"5020555",378677,2026-04-19 00:21:06,49.1196670532227,-20.7557945251465,"Unknown"
"5020555",378677,2026-04-19 00:26:05,49.1201477050781,-20.7536773681641,"Unknown"
"5020555",378677,2026-04-19 00:31:33,49.1207389831543,-20.7517375946045,"Unknown"
"5020555",378677,2026-04-19 00:36:05,49.1212043762207,-20.7499809265137,"Unknown"
"5020555",378677,2026-04-19 00:41:05,49.1216506958008,-20.7480278015137,"Unknown"
"5020555",378677,2026-04-19 00:46:05,49.1220779418945,-20.7459297180176,"Unknown"
"5020555",378677,2026-04-19 00:51:05,49.1224784851074,-20.7439079284668,"Unknown"
"5020555",378677,2026-04-19 00:56:05,49.1228370666504,-20.7418327331543,"Unknown"
"5020555",378677,2026-04-19 01:01:05,49.1232414245605,-20.7397842407227,"Unknown"
"5020555",378677,2026-04-19 01:06:05,49.1235961914062,-20.7379932403564,"Unknown"
"5020555",378677,2026-04-19 01:11:06,49.1238899230957,-20.7362270355225,"Unknown"
"5020555",378677,2026-04-19 01:16:05,49.1243171691895,-20.7344341278076,"Unknown"
"5020555",378677,2026-04-19 01:21:05,49.124641418457,-20.7326927185059,"Unknown"
"5020555",378677,2026-04-19 01:26:05,49.1250076293945,-20.7309150695801,"Unknown"
"5020555",378677,2026-04-19 01:31:05,49.1254806518555,-20.7292919158936,"Unknown"
"5020555",378677,2026-04-19 01:36:06,49.1258697509766,-20.7276630401611,"Unknown"
"5020555",378677,2026-04-19 01:41:05,49.1262054443359,-20.7261505126953,"Unknown"
"5020555",378677,2026-04-19 01:46:08,49.1266174316406,-20.7246398925781,"Unknown"
"5020555",378677,2026-04-19 01:51:07,49.1270027160645,-20.7232933044434,"Unknown"
"5020555",378677,2026-04-19 01:56:05,49.1274452209473,-20.7217674255371,"Unknown"
"5020555",378677,2026-04-19 02:06:07,49.1287536621094,-20.7182712554932,"Unknown"
"5020555",378677,2026-04-19 02:11:05,49.1295318603516,-20.7166156768799,"Unknown"
"5020555",378677,2026-04-19 02:16:05,49.1303520202637,-20.7150707244873,"Unknown"
"5020555",378677,2026-04-19 02:21:05,49.1311111450195,-20.7132415771484,"Unknown"
"5020555",378677,2026-04-19 02:26:07,49.1318855285645,-20.7118110656738,"Unknown"
"5020555",378677,2026-04-19 02:31:07,49.1327438354492,-20.7101669311523,"Unknown"
"5020555",378677,2026-04-19 02:36:08,49.1335830688477,-20.7087478637695,"Unknown"
"5020555",378677,2026-04-19 02:41:08,49.1343841552734,-20.7074584960938,"Unknown"
"5020555",378677,2026-04-19 02:46:07,49.1351585388184,-20.7059288024902,"Unknown"
"5020555",378677,2026-04-19 02:51:08,49.1358833312988,-20.7045001983643,"Unknown"
"5020555",378677,2026-04-19 02:56:10,49.136775970459,-20.7031326293945,"Unknown"
"5020555",378677,2026-04-19 03:01:33,49.1376800537109,-20.7017688751221,"Unknown"
"5020555",378677,2026-04-19 03:06:05,49.1384811401367,-20.7006187438965,"Unknown"
"5020555",378677,2026-04-19 03:11:05,49.1393928527832,-20.6995468139648,"Unknown"
"5020555",378677,2026-04-19 03:16:05,49.1403007507324,-20.6985416412354,"Unknown"
"5020555",378677,2026-04-19 03:21:05,49.1412200927734,-20.6972427368164,"Unknown"
"5020555",378677,2026-04-19 03:26:07,49.1420097351074,-20.6965656280518,"Unknown"
"5020555",378677,2026-04-19 03:31:06,49.1428489685059,-20.6957225799561,"Unknown"
"5020555",378677,2026-04-19 03:36:06,49.1437644958496,-20.6946430206299,"Unknown"
"5020555",378677,2026-04-19 03:41:07,49.1446266174316,-20.6937122344971,"Unknown"
"5020555",378677,2026-04-19 03:46:05,49.1455230712891,-20.6926765441895,"Unknown"
"5020555",378677,2026-04-19 03:51:07,49.1463775634766,-20.6918811798096,"Unknown"
"5020555",378677,2026-04-19 03:56:05,49.1472854614258,-20.6911125183105,"Unknown"
"5020555",378677,2026-04-19 04:01:07,49.1480941772461,-20.6906261444092,"Unknown"
"5020555",378677,2026-04-19 04:06:07,49.1488342285156,-20.6901245117188,"Unknown"
"5020555",378677,2026-04-19 04:11:07,49.1495971679688,-20.6896839141846,"Unknown"
"5020555",378677,2026-04-19 04:16:07,49.1504440307617,-20.6892414093018,"Unknown"
"5020555",378677,2026-04-19 04:21:08,49.1512184143066,-20.6888446807861,"Unknown"
"5020555",378677,2026-04-19 04:26:07,49.1518707275391,-20.6884498596191,"Unknown"
"5020555",378677,2026-04-19 04:31:12,49.1525192260742,-20.6879634857178,"Unknown"
"5020555",378677,2026-04-19 04:36:07,49.1531867980957,-20.6875915527344,"Unknown"
"5020555",378677,2026-04-19 04:41:09,49.153865814209,-20.6868877410889,"Unknown"
"5020555",378677,2026-04-19 04:46:08,49.154670715332,-20.6864528656006,"Unknown"
"5020555",378677,2026-04-19 04:51:10,49.1815490722656,-20.6801719665527,"Unknown"
"5020555",378677,2026-04-19 04:56:33,49.1886405944824,-20.6787128448486,"Unknown"
"5020555",378677,2026-04-19 05:01:06,49.1899070739746,-20.6787261962891,"Unknown"
"5020555",378677,2026-04-19 05:06:09,49.1913375854492,-20.6786575317383,"Unknown"
"5020555",378677,2026-04-19 05:11:07,49.1927375793457,-20.6786079406738,"Unknown"
"5020555",378677,2026-04-19 05:16:07,49.2073211669922,-20.6818008422852,"Unknown"
"5020555",378677,2026-04-19 05:21:06,49.2583999633789,-20.6874847412109,"Unknown"
"5020555",378677,2026-04-19 05:26:08,49.314079284668,-20.6893920898438,"Unknown"
"5020555",378677,2026-04-19 05:31:09,49.353214263916,-20.6862297058105,"Unknown"
"5020555",378677,2026-04-19 05:36:07,49.3910140991211,-20.6864776611328,"Unknown"
"5020555",378677,2026-04-19 05:42:30,49.4629096984863,-20.6817321777344,"Unknown"
"5020555",378677,2026-04-19 05:47:30,49.5134086608887,-20.6842670440674,"Unknown"
"5020555",378677,2026-04-19 05:52:30,49.5625801086426,-20.6958560943604,"Unknown"
"5020555",378677,2026-04-19 05:57:30,49.6175880432129,-20.7065811157227,"Unknown"
"5020555",378677,2026-04-19 06:07:30,49.7304611206055,-20.6770839691162,"Unknown"
"5020555",378677,2026-04-19 06:12:30,49.7885704040527,-20.6551399230957,"Unknown"
"5020555",378677,2026-04-19 06:17:30,49.843448638916,-20.6311187744141,"Unknown"
"5020555",378677,2026-04-19 06:22:30,49.8959579467773,-20.6055545806885,"Unknown"
"5020555",378677,2026-04-19 06:27:30,49.9522399902344,-20.5823249816895,"Unknown"
"5020555",378677,2026-04-19 06:31:57,49.9821014404297,-20.5543346405029,"Unknown"
"5020555",378677,2026-04-19 06:36:07,50.0137138366699,-20.5245513916016,"Unknown"
"5020555",378677,2026-04-19 06:41:08,50.0585517883301,-20.4866523742676,"Unknown"
"5020555",378677,2026-04-19 06:46:10,50.0811309814453,-20.4664077758789,"Unknown"
"5020555",378677,2026-04-19 06:51:12,50.0898513793945,-20.4614562988281,"Unknown"
"5020555",378677,2026-04-19 06:56:08,50.1322021484375,-20.4313735961914,"Unknown"
"5020555",378677,2026-04-19 07:01:09,50.1776237487793,-20.3976459503174,"Unknown"
"5020555",378677,2026-04-19 07:07:30,50.238525390625,-20.3506412506104,"Unknown"
"5020555",378677,2026-04-19 07:12:30,50.282112121582,-20.3073463439941,"Unknown"
"5020555",378677,2026-04-19 07:17:30,50.3242683410645,-20.2654323577881,"Unknown"
"5020555",378677,2026-04-19 07:22:30,50.3673477172852,-20.2295398712158,"Unknown"
"5020555",378677,2026-04-19 07:27:30,50.4096260070801,-20.1915035247803,"Unknown"
"5020555",378677,2026-04-19 07:32:30,50.4478797912598,-20.1534461975098,"Unknown"
"5020555",378677,2026-04-19 07:37:30,50.4858512878418,-20.1120910644531,"Unknown"
"5020555",378677,2026-04-19 11:41:56,51.5419578552246,-18.0220336914062,"Unknown"
"5020555",378677,2026-04-19 11:46:56,51.5528221130371,-18.000883102417,"Unknown"
"5020555",378677,2026-04-19 11:51:56,51.5731506347656,-17.9545440673828,"Unknown"
"5020555",378677,2026-04-19 11:56:56,51.5921173095703,-17.9065189361572,"Unknown"
"5020555",378677,2026-04-19 12:01:56,51.6071090698242,-17.8645610809326,"Unknown"
"5020555",378677,2026-04-19 12:06:56,51.6248092651367,-17.8190326690674,"Unknown"
"5020555",378677,2026-04-19 12:11:56,51.6435089111328,-17.7734222412109,"Unknown"
"5020555",378677,2026-04-19 12:16:56,51.6621208190918,-17.7261486053467,"Unknown"
"5020555",378677,2026-04-19 12:21:56,51.6788749694824,-17.6792583465576,"Unknown"
"5020555",378677,2026-04-19 12:26:56,51.6868896484375,-17.6340484619141,"Unknown"
"5020555",378677,2026-04-19 12:31:03,51.6881790161133,-17.6238994598389,"Unknown"
"5020555",378677,2026-04-19 12:35:33,51.6844177246094,-17.6264495849609,"Unknown"
"5020555",378677,2026-04-19 12:40:34,51.6876106262207,-17.6008720397949,"Unknown"
"5020555",378677,2026-04-19 12:45:31,51.6988830566406,-17.5614395141602,"Unknown"
"5020555",378677,2026-04-19 12:50:35,51.7095108032227,-17.5251865386963,"Unknown"
"5020555",378677,2026-04-19 12:55:36,51.7228240966797,-17.4786682128906,"Unknown"
"5020555",378677,2026-04-19 13:00:35,51.7394905090332,-17.425760269165,"Unknown"
"5020555",378677,2026-04-19 13:05:33,51.758186340332,-17.3756198883057,"Unknown"
"5020555",378677,2026-04-19 13:10:33,51.776496887207,-17.3251342773438,"Unknown"
"5020555",378677,2026-04-19 13:15:32,51.7858543395996,-17.2924728393555,"Unknown"
"5020555",378677,2026-04-19 13:20:34,51.7993316650391,-17.2449951171875,"Unknown"
"5020555",378677,2026-04-19 13:26:56,51.8215827941895,-17.1809597015381,"Unknown"
"5020555",378677,2026-04-19 13:31:56,51.837329864502,-17.1390762329102,"Unknown"
"5020555",378677,2026-04-19 13:36:56,51.8437232971191,-17.1100311279297,"Unknown"
"5020555",378677,2026-04-19 13:41:56,51.8428039550781,-17.0974597930908,"Unknown"
"5020555",378677,2026-04-19 13:46:56,51.851131439209,-17.0906848907471,"Unknown"
"5020555",378677,2026-04-19 13:51:56,51.8673667907715,-17.0470352172852,"Unknown"
"5020555",378677,2026-04-19 13:56:56,51.8860321044922,-17.0010662078857,"Unknown"
"5020555",378677,2026-04-19 14:01:56,51.9091491699219,-16.9557018280029,"Unknown"
"5020555",378677,2026-04-19 14:08:48,51.9372940063477,-16.9012851715088,"Unknown"
"5020555",378677,2026-04-19 14:12:24,51.9526062011719,-16.8743648529053,"Unknown"
"5020555",378677,2026-04-19 14:17:27,51.9709892272949,-16.8334712982178,"Unknown"
"5020555",378677,2026-04-19 14:22:27,51.9926643371582,-16.7903747558594,"Unknown"
"5020555",378677,2026-04-19 14:27:27,52.0141410827637,-16.750301361084,"Unknown"
"5020555",378677,2026-04-19 14:32:25,52.0167808532715,-16.7468452453613,"Unknown"
"5020555",378677,2026-04-19 14:37:27,52.0383567810059,-16.7060470581055,"Unknown"
"5020555",378677,2026-04-19 14:42:24,52.0594215393066,-16.65989112854,"Unknown"
"5020555",378677,2026-04-19 14:47:30,52.0716171264648,-16.6197128295898,"Unknown"
"5020555",378677,2026-04-19 14:52:27,52.091739654541,-16.5780391693115,"Unknown"
"5020555",378677,2026-04-19 14:57:24,52.1116104125977,-16.5377635955811,"Unknown"
"5020555",378677,2026-04-19 15:08:48,52.1359519958496,-16.4518871307373,"Unknown"
"5020555",378677,2026-04-19 15:18:48,52.1604919433594,-16.3780536651611,"Unknown"
"5020555",378677,2026-04-19 15:23:48,52.1739158630371,-16.3385467529297,"Unknown"
"5020555",378677,2026-04-19 15:28:48,52.1897659301758,-16.296947479248,"Unknown"
"5020555",378677,2026-04-19 15:33:48,52.2057952880859,-16.2528953552246,"Unknown"
"5020555",378677,2026-04-19 15:38:48,52.2233657836914,-16.2064380645752,"Unknown"
"5020555",378677,2026-04-19 15:43:48,52.2367210388184,-16.1660499572754,"Unknown"
"5020555",378677,2026-04-19 15:48:48,52.2538223266602,-16.1208667755127,"Unknown"
"5020555",378677,2026-04-19 15:53:48,52.2707672119141,-16.0777168273926,"Unknown"
"5020555",378677,2026-04-19 15:58:48,52.2880706787109,-16.0331192016602,"Unknown"
"5020555",378677,2026-04-19 16:18:48,52.3666610717773,-15.8520812988281,"Unknown"
"5020555",378677,2026-04-19 16:23:48,52.385181427002,-15.8090534210205,"Unknown"
"5020555",378677,2026-04-19 16:28:48,52.4032440185547,-15.765772819519,"Unknown"
"5020555",378677,2026-04-19 16:33:48,52.4203910827637,-15.722975730896,"Unknown"
"5020555",378677,2026-04-19 16:38:48,52.4411773681641,-15.679048538208,"Unknown"
"5020555",378677,2026-04-19 16:43:48,52.4589080810547,-15.6348876953125,"Unknown"
"5020555",378677,2026-04-19 16:53:48,52.4963912963867,-15.5479564666748,"Unknown"
"5020555",378677,2026-04-19 16:58:48,52.5146675109863,-15.5065116882324,"Unknown"
"5020555",378677,2026-04-19 17:03:48,52.5313415527344,-15.4649858474731,"Unknown"
"5020555",378677,2026-04-19 17:08:48,52.5415229797363,-15.4260673522949,"Unknown"
"5020555",378677,2026-04-19 17:13:27,52.5570449829102,-15.3884038925171,"Unknown"
"5020555",378677,2026-04-19 17:17:27,52.5675964355469,-15.3557844161987,"Unknown"
"5020555",378677,2026-04-19 17:22:27,52.5738716125488,-15.3200712203979,"Unknown"
"5020555",378677,2026-04-19 17:27:26,52.579532623291,-15.2811489105225,"Unknown"
"5020555",378677,2026-04-19 17:32:27,52.5873374938965,-15.2407846450806,"Unknown"
"5020555",378677,2026-04-19 17:37:26,52.5944366455078,-15.1969242095947,"Unknown"
"5020555",378677,2026-04-19 17:42:27,52.6047210693359,-15.1555500030518,"Unknown"
"5020555",378677,2026-04-19 17:47:28,52.6078796386719,-15.1168518066406,"Unknown"
"5020555",378677,2026-04-19 17:53:48,52.6153526306152,-15.0623006820679,"Unknown"
"5020555",378677,2026-04-19 17:58:48,52.616039276123,-15.0244951248169,"Unknown"
"5020555",378677,2026-04-19 18:08:48,52.615177154541,-14.9522333145142,"Unknown"
"5020555",378677,2026-04-19 18:12:25,52.6228065490723,-14.9216327667236,"Unknown"
"5020555",378677,2026-04-19 18:17:26,52.6256866455078,-14.8815135955811,"Unknown"
"5020555",378677,2026-04-19 18:22:27,52.6299858093262,-14.8387975692749,"Unknown"
"5020555",378677,2026-04-19 18:27:26,52.6377220153809,-14.7953109741211,"Unknown"
"5020555",378677,2026-04-19 18:32:28,52.6463317871094,-14.7518129348755,"Unknown"
"5020555",378677,2026-04-19 18:37:26,52.6547508239746,-14.7075338363647,"Unknown"
"5020555",378677,2026-04-19 18:42:29,52.665901184082,-14.6643419265747,"Unknown"
"5020555",378677,2026-04-19 18:47:24,52.6650466918945,-14.628625869751,"Unknown"
"5020555",378677,2026-04-19 18:52:25,52.6649780273438,-14.5944452285767,"Unknown"
"5020555",378677,2026-04-19 18:57:27,52.6505355834961,-14.5722284317017,"Unknown"
"5020555",378677,2026-04-19 19:02:24,52.635612487793,-14.5534238815308,"Unknown"
"5020555",378677,2026-04-19 19:07:29,52.6144027709961,-14.5439510345459,"Unknown"
"5020555",378677,2026-04-19 19:12:26,52.6020622253418,-14.5228128433228,"Unknown"
"5020555",378677,2026-04-19 19:17:26,52.5875778198242,-14.4996700286865,"Unknown"
"5020555",378677,2026-04-19 19:22:25,52.5743675231934,-14.4753131866455,"Unknown"
"5020555",378677,2026-04-19 19:27:28,52.555736541748,-14.4606685638428,"Unknown"
"5020555",378677,2026-04-19 19:32:28,52.536319732666,-14.4499626159668,"Unknown"
"5020555",378677,2026-04-19 20:37:57,52.2435188293457,-14.5143518447876,"Unknown"
"5020555",378677,2026-04-19 20:42:23,52.2431526184082,-14.5136852264404,"Unknown"
"5020555",378677,2026-04-19 20:47:24,52.2434120178223,-14.5136003494263,"Unknown"
"5020555",378677,2026-04-19 20:52:25,52.2382011413574,-14.4960041046143,"Unknown"
"5020555",378677,2026-04-19 20:57:25,52.227108001709,-14.4783973693848,"Unknown"
"5020555",378677,2026-04-19 21:02:23,52.2274169921875,-14.4779233932495,"Unknown"
"5020555",378677,2026-04-19 21:07:24,52.2278213500977,-14.4776048660278,"Unknown"
"5020555",378677,2026-04-19 21:12:23,52.2282676696777,-14.4772090911865,"Unknown"
"5020555",378677,2026-04-19 21:17:26,52.2286376953125,-14.4768409729004,"Unknown"
"5020555",378677,2026-04-19 21:22:27,52.2290954589844,-14.4767332077026,"Unknown"
"5020555",378677,2026-04-19 21:27:24,52.2295379638672,-14.4765930175781,"Unknown"
"5020555",378677,2026-04-19 21:32:26,52.2300262451172,-14.4764738082886,"Unknown"
"5020555",378677,2026-04-19 21:37:23,52.2304725646973,-14.4764022827148,"Unknown"
"5020555",378677,2026-04-19 21:42:23,52.2309455871582,-14.476203918457,"Unknown"
"5020555",378677,2026-04-19 21:47:28,52.231330871582,-14.4760417938232,"Unknown"
"5020555",378677,2026-04-19 21:52:27,52.2316856384277,-14.4758577346802,"Unknown"
"5020555",378677,2026-04-19 21:57:28,52.2320518493652,-14.4757146835327,"Unknown"
"5020555",378677,2026-04-19 22:07:25,52.2328262329102,-14.4754247665405,"Unknown"
"5020555",378677,2026-04-19 22:12:26,52.233039855957,-14.4751834869385,"Unknown"
"5020555",378677,2026-04-19 22:17:26,52.2333831787109,-14.4750947952271,"Unknown"
"5020555",378677,2026-04-19 22:22:47,52.2337379455566,-14.4749126434326,"Unknown"
"5020555",378677,2026-04-19 22:27:23,52.2340354919434,-14.4748382568359,"Unknown"
"5020555",378677,2026-04-19 22:32:23,52.234317779541,-14.4748439788818,"Unknown"
"5020555",378677,2026-04-19 22:37:23,52.2345428466797,-14.4747762680054,"Unknown"
"5020555",378677,2026-04-19 22:42:24,52.234733581543,-14.4747266769409,"Unknown"
"5020555",378677,2026-04-19 22:47:25,52.2349739074707,-14.4746789932251,"Unknown"
"5020555",378677,2026-04-19 22:52:23,52.235294342041,-14.4745187759399,"Unknown"
"5020555",378677,2026-04-19 22:57:26,52.2355766296387,-14.4744176864624,"Unknown"
"5020555",378677,2026-04-19 23:02:26,52.235897064209,-14.474365234375,"Unknown"
"5020555",378677,2026-04-19 23:07:27,52.2361106872559,-14.4743680953979,"Unknown"
"5020555",378677,2026-04-19 23:12:32,52.2362861633301,-14.4741811752319,"Unknown"
"5020555",378677,2026-04-19 23:17:23,52.236400604248,-14.4741334915161,"Unknown"
"5020555",378677,2026-04-19 23:22:24,52.2363815307617,-14.4738264083862,"Unknown"
"5020555",378677,2026-04-19 23:27:26,52.2364768981934,-14.4736080169678,"Unknown"
"5020555",378677,2026-04-19 23:32:27,52.2366905212402,-14.4730348587036,"Unknown"
"5020555",378677,2026-04-19 23:37:27,52.2368659973145,-14.4725151062012,"Unknown"
"5020555",378677,2026-04-19 23:42:47,52.2370567321777,-14.4722061157227,"Unknown"
"5020555",378677,2026-04-19 23:47:27,52.2371406555176,-14.4718837738037,"Unknown"
"5020555",378677,2026-04-19 23:52:24,52.2372055053711,-14.4717979431152,"Unknown"
"5020555",378677,2026-04-19 23:57:57,52.2374000549316,-14.4716053009033,"Unknown"
"5020555",378677,2026-04-20 00:02:23,52.2375831604004,-14.4715518951416,"Unknown"
"5020555",378677,2026-04-20 00:07:23,52.2377815246582,-14.4713754653931,"Unknown"
"5020555",378677,2026-04-20 00:12:23,52.2378807067871,-14.4713087081909,"Unknown"
"5020555",378677,2026-04-20 00:17:23,52.2378997802734,-14.4714584350586,"Unknown"
"5020555",378677,2026-04-20 00:22:23,52.2379379272461,-14.471700668335,"Unknown"
"5020555",378677,2026-04-20 00:27:23,52.2379570007324,-14.4720048904419,"Unknown"
"5020555",378677,2026-04-20 00:32:23,52.237964630127,-14.4723014831543,"Unknown"
"5020555",378677,2026-04-20 00:37:23,52.2380027770996,-14.4726667404175,"Unknown"
"5020555",378677,2026-04-20 00:42:24,52.2380142211914,-14.4729928970337,"Unknown"
"5020555",378677,2026-04-20 00:47:25,52.237964630127,-14.4732656478882,"Unknown"
"5020555",378677,2026-04-20 00:52:23,52.2379188537598,-14.4735069274902,"Unknown"
"5020555",378677,2026-04-20 00:57:23,52.2378540039062,-14.4737272262573,"Unknown"
"5020555",378677,2026-04-20 01:02:23,52.2379264831543,-14.4740142822266,"Unknown"
"5020555",378677,2026-04-20 01:07:25,52.2380065917969,-14.4741401672363,"Unknown"
"5020555",378677,2026-04-20 01:12:24,52.2380676269531,-14.4743251800537,"Unknown"
"5020555",378677,2026-04-20 01:17:23,52.2380790710449,-14.4745769500732,"Unknown"
"5020555",378677,2026-04-20 01:22:26,52.2380332946777,-14.4748783111572,"Unknown"
"5020555",378677,2026-04-20 01:27:25,52.2380638122559,-14.4752464294434,"Unknown"
"5020555",378677,2026-04-20 01:32:26,52.2381935119629,-14.4754486083984,"Unknown"
"5020555",378677,2026-04-20 01:37:24,52.2382774353027,-14.4757671356201,"Unknown"
"5020555",378677,2026-04-20 01:42:26,52.2383232116699,-14.4759273529053,"Unknown"
"5020555",378677,2026-04-20 01:47:36,52.2383193969727,-14.4762401580811,"Unknown"
"5020555",378677,2026-04-20 01:52:33,52.2383346557617,-14.4766187667847,"Unknown"
"5020555",378677,2026-04-20 01:57:26,52.2383346557617,-14.4767246246338,"Unknown"
"5020555",378677,2026-04-20 02:07:57,52.238525390625,-14.4774389266968,"Unknown"
"5020555",378677,2026-04-20 02:12:22,52.2385902404785,-14.4778089523315,"Unknown"
"5020555",378677,2026-04-20 02:17:23,52.238697052002,-14.4781284332275,"Unknown"
"5020555",378677,2026-04-20 02:22:24,52.2389678955078,-14.478178024292,"Unknown"
"5020555",378677,2026-04-20 02:27:23,52.2393493652344,-14.477876663208,"Unknown"
"5020555",378677,2026-04-20 02:32:23,52.2397384643555,-14.4783821105957,"Unknown"
"5020555",378677,2026-04-20 02:37:23,52.2420921325684,-14.4624519348145,"Unknown"
"5020555",378677,2026-04-20 02:42:23,52.2439193725586,-14.4491033554077,"Unknown"
"5020555",378677,2026-04-20 02:47:23,52.244312286377,-14.4491596221924,"Unknown"
"5020555",378677,2026-04-20 02:52:23,52.2447395324707,-14.4494314193726,"Unknown"
"5020555",378677,2026-04-20 02:57:23,52.2451133728027,-14.4497566223145,"Unknown"
"5020555",378677,2026-04-20 03:02:23,52.2456016540527,-14.4502038955688,"Unknown"
"5020555",378677,2026-04-20 03:07:23,52.2460708618164,-14.4505224227905,"Unknown"
"5020555",378677,2026-04-20 03:12:23,52.2465209960938,-14.4509353637695,"Unknown"
"5020555",378677,2026-04-20 03:17:23,52.2469863891602,-14.4511423110962,"Unknown"
"5020555",378677,2026-04-20 03:22:25,52.2475128173828,-14.4513053894043,"Unknown"
"5020555",378677,2026-04-20 03:27:23,52.2481231689453,-14.4515647888184,"Unknown"
"5020555",378677,2026-04-20 03:32:23,52.2486610412598,-14.4517650604248,"Unknown"
"5020555",378677,2026-04-20 03:37:23,52.2491722106934,-14.451922416687,"Unknown"
"5020555",378677,2026-04-20 03:42:25,52.2496032714844,-14.4520292282104,"Unknown"
"5020555",378677,2026-04-20 03:47:25,52.2499351501465,-14.4520444869995,"Unknown"
"5020555",378677,2026-04-20 03:52:23,52.2505149841309,-14.4518604278564,"Unknown"
"5020555",378677,2026-04-20 03:57:27,52.2509803771973,-14.4516363143921,"Unknown"
"5020555",378677,2026-04-20 04:02:23,52.2514266967773,-14.4515218734741,"Unknown"
"5020555",378677,2026-04-20 04:07:25,52.2520141601562,-14.4511823654175,"Unknown"
"5020555",378677,2026-04-20 04:12:25,52.2526092529297,-14.4509706497192,"Unknown"
"5020555",378677,2026-04-20 04:17:29,52.2530975341797,-14.4506940841675,"Unknown"
"5020555",378677,2026-04-20 04:22:25,52.2536926269531,-14.4503211975098,"Unknown"
"5020555",378677,2026-04-20 04:27:26,52.2542037963867,-14.4499883651733,"Unknown"
"5020555",378677,2026-04-20 04:32:26,52.2546539306641,-14.4497880935669,"Unknown"
"5020555",378677,2026-04-20 04:37:27,52.2614593505859,-14.4271373748779,"Unknown"
"5020555",378677,2026-04-20 04:42:27,52.2753868103027,-14.3917837142944,"Unknown"
"5020555",378677,2026-04-20 04:47:28,52.2883338928223,-14.3620948791504,"Unknown"
"5020555",378677,2026-04-20 04:53:48,52.3071403503418,-14.3190622329712,"Unknown"
"5020555",378677,2026-04-20 04:58:48,52.3205986022949,-14.2843856811523,"Unknown"
"5020555",378677,2026-04-20 05:02:28,52.3237800598145,-14.2601118087769,"Unknown"
"5020555",378677,2026-04-20 05:23:48,52.354736328125,-14.1568412780762,"Unknown"
"5020555",378677,2026-04-20 05:28:17,52.3643455505371,-14.1323795318604,"Unknown"
"5020555",378677,2026-04-20 05:32:27,52.364917755127,-14.1328401565552,"Unknown"
"5020555",378677,2026-04-20 05:37:25,52.3646926879883,-14.1096706390381,"Unknown"
"5020555",378677,2026-04-20 05:43:48,52.3633918762207,-14.0737600326538,"Unknown"
"5020555",378677,2026-04-20 05:48:48,52.3744621276855,-14.0386981964111,"Unknown"
"5020555",378677,2026-04-20 05:53:48,52.3695831298828,-14.0063924789429,"Unknown"
"5020555",378677,2026-04-20 05:58:48,52.3643226623535,-13.9766759872437,"Unknown"
"5020555",378677,2026-04-20 06:08:48,52.3556671142578,-13.959981918335,"Unknown"
"5020555",378677,2026-04-20 06:12:47,52.3519592285156,-13.9565267562866,"Unknown"
"5020555",378677,2026-04-20 06:17:26,52.3506507873535,-13.9425754547119,"Unknown"
"5020555",378677,2026-04-20 06:22:25,52.3602142333984,-13.9111070632935,"Unknown"
"5020555",378677,2026-04-20 06:27:28,52.3654098510742,-13.8806295394897,"Unknown"
"5020555",378677,2026-04-20 06:32:25,52.3574333190918,-13.8597259521484,"Unknown"
"5020555",378677,2026-04-20 06:37:26,52.3423728942871,-13.8470792770386,"Unknown"
"5020555",378677,2026-04-20 06:42:25,52.3371238708496,-13.8244075775146,"Unknown"
"5020555",378677,2026-04-20 06:47:26,52.3285446166992,-13.8009939193726,"Unknown"
"5020555",378677,2026-04-20 06:52:26,52.3352928161621,-13.7696800231934,"Unknown"
"5020555",378677,2026-04-20 06:57:25,52.33935546875,-13.7415132522583,"Unknown"
"5020555",378677,2026-04-20 07:02:25,52.3468246459961,-13.7088642120361,"Unknown"
"5020555",378677,2026-04-20 07:07:25,52.3498954772949,-13.6778125762939,"Unknown"
"5020555",378677,2026-04-20 07:12:25,52.3513412475586,-13.648398399353,"Unknown"
"5020555",378677,2026-04-20 07:17:26,52.3588371276855,-13.6121625900269,"Unknown"
"5020555",378677,2026-04-20 07:22:27,52.354248046875,-13.5845708847046,"Unknown"
"5020555",378677,2026-04-20 07:27:28,52.3442230224609,-13.5675659179688,"Unknown"
"5020555",378677,2026-04-20 07:32:33,52.3375511169434,-13.5448627471924,"Unknown"
"5020555",378677,2026-04-20 07:37:31,52.3344993591309,-13.5196990966797,"Unknown"
"5020555",378677,2026-04-20 07:42:26,52.3303833007812,-13.4976367950439,"Unknown"
"5020555",378677,2026-04-20 07:47:30,52.329906463623,-13.4709920883179,"Unknown"
"5020555",378677,2026-04-20 07:53:48,52.3225746154785,-13.4417867660522,"Unknown"
"5020555",378677,2026-04-20 07:58:48,52.3344345092773,-13.4110460281372,"Unknown"
"5020555",378677,2026-04-20 08:03:48,52.3380966186523,-13.3812322616577,"Unknown"
"5020555",378677,2026-04-20 08:08:48,52.3376655578613,-13.3531608581543,"Unknown"
"5020555",378677,2026-04-20 08:33:48,52.3216018676758,-13.2379293441772,"Unknown"
"5020555",378677,2026-04-20 08:43:48,52.3139152526855,-13.1885013580322,"Unknown"
"5020555",378677,2026-04-20 08:48:48,52.3055648803711,-13.167085647583,"Unknown"
"5020555",378677,2026-04-20 08:53:48,52.3012390136719,-13.1429815292358,"Unknown"
"5020555",378677,2026-04-20 08:58:48,52.2981262207031,-13.121603012085,"Unknown"
"5020555",378677,2026-04-20 09:28:48,52.2292289733887,-13.0316371917725,"Unknown"
"5020555",378677,2026-04-20 09:33:48,52.239860534668,-13.0055227279663,"Unknown"
"5020555",378677,2026-04-20 09:38:48,52.2406349182129,-12.9777164459229,"Unknown"
"5020555",378677,2026-04-20 09:43:48,52.2313995361328,-12.9544687271118,"Unknown"
"5020555",378677,2026-04-20 09:48:48,52.2158279418945,-12.9360542297363,"Unknown"
"5020555",378677,2026-04-20 09:53:48,52.2063827514648,-12.91224193573,"Unknown"
"5020555",378677,2026-04-20 09:58:48,52.1944541931152,-12.9115562438965,"Unknown"
"5020555",378677,2026-04-20 10:08:48,52.1659202575684,-12.8906002044678,"Unknown"
"5020555",378677,2026-04-20 10:13:48,52.175350189209,-12.8763093948364,"Unknown"
"5020555",378677,2026-04-20 10:18:48,52.1985321044922,-12.8573961257935,"Unknown"
"5020555",378677,2026-04-20 10:23:48,52.2213478088379,-12.8354587554932,"Unknown"
"5020555",378677,2026-04-20 10:38:48,52.1855812072754,-12.7991199493408,"Unknown"
"5020555",378677,2026-04-20 10:43:48,52.1814346313477,-12.7843151092529,"Unknown"
"5020555",378677,2026-04-20 10:48:48,52.1647529602051,-12.7721738815308,"Unknown"
"5020555",378677,2026-04-20 10:53:48,52.2086944580078,-12.707573890686,"Unknown"
"5020555",378677,2026-04-20 11:13:48,52.2463836669922,-12.6260147094727,"Unknown"
"5020555",378677,2026-04-20 11:18:48,52.2660980224609,-12.6033048629761,"Unknown"
"5020555",378677,2026-04-20 11:23:48,52.2900199890137,-12.5804014205933,"Unknown"
"5020555",378677,2026-04-20 11:28:48,52.308895111084,-12.5549011230469,"Unknown"
"5020555",378677,2026-04-20 11:33:48,52.3284721374512,-12.528769493103,"Unknown"
"5020555",378677,2026-04-20 11:38:48,52.3516998291016,-12.5032863616943,"Unknown"
"5020555",378677,2026-04-20 11:43:48,52.365550994873,-12.4760675430298,"Unknown"
"5020555",378677,2026-04-20 11:48:48,52.3824844360352,-12.4488906860352,"Unknown"
"5020555",378677,2026-04-20 11:53:48,52.3985595703125,-12.4215812683105,"Unknown"
"5020555",378677,2026-04-20 11:58:48,52.4052085876465,-12.3917741775513,"Unknown"
"5020555",378677,2026-04-20 13:03:05,52.4148063659668,-12.0888786315918,"Unknown"
"5020555",378677,2026-04-20 13:07:27,52.4111938476562,-12.0649251937866,"Unknown"
"5020555",378677,2026-04-20 13:12:25,52.4215545654297,-12.0396289825439,"Unknown"
"5020555",378677,2026-04-20 13:17:25,52.4286880493164,-12.0112705230713,"Unknown"
"5020555",378677,2026-04-20 13:22:26,52.4423065185547,-11.9864692687988,"Unknown"
"5020555",378677,2026-04-20 13:27:25,52.4529418945312,-11.9621601104736,"Unknown"
"5020555",378677,2026-04-20 13:32:26,52.4455375671387,-11.9344568252563,"Unknown"
"5020555",378677,2026-04-20 13:37:25,52.4461479187012,-11.9059801101685,"Unknown"
"5020555",378677,2026-04-20 13:42:26,52.4447288513184,-11.8796997070312,"Unknown"
"5020555",378677,2026-04-20 13:47:25,52.4392776489258,-11.8500280380249,"Unknown"
"5020555",378677,2026-04-20 13:52:25,52.441032409668,-11.8180437088013,"Unknown"
"5020555",378677,2026-04-20 13:57:25,52.4377784729004,-11.7876605987549,"Unknown"
"5020555",378677,2026-04-20 14:07:25,52.4505500793457,-11.7348394393921,"Unknown"
"5020555",378677,2026-04-20 14:12:25,52.4646530151367,-11.7076177597046,"Unknown"
"5020555",378677,2026-04-20 14:17:24,52.4694442749023,-11.6785593032837,"Unknown"
"5020555",378677,2026-04-20 14:22:26,52.4706382751465,-11.6500940322876,"Unknown"
"5020555",378677,2026-04-20 14:27:26,52.4730033874512,-11.6232433319092,"Unknown"
"5020555",378677,2026-04-20 14:33:48,52.4768943786621,-11.5881195068359,"Unknown"
"5020555",378677,2026-04-20 14:38:48,52.4689483642578,-11.5605669021606,"Unknown"
"5020555",378677,2026-04-20 14:43:48,52.4617004394531,-11.5294275283813,"Unknown"
"5020555",378677,2026-04-20 14:48:48,52.4504013061523,-11.4980096817017,"Unknown"
"5020555",378677,2026-04-20 14:53:48,52.4410705566406,-11.4633455276489,"Unknown"
"5020555",378677,2026-04-20 14:58:48,52.4298782348633,-11.4275579452515,"Unknown"
"5020555",378677,2026-04-20 15:03:48,52.4278793334961,-11.3912706375122,"Unknown"
"5020555",378677,2026-04-20 15:08:48,52.4229621887207,-11.3529453277588,"Unknown"
"5020555",378677,2026-04-20 15:13:48,52.4136047363281,-11.3148965835571,"Unknown"
"5020555",378677,2026-04-20 15:18:48,52.404125213623,-11.2721815109253,"Unknown"
"5020555",378677,2026-04-20 15:23:48,52.4002380371094,-11.2341108322144,"Unknown"
"5020555",378677,2026-04-20 15:28:48,52.3932418823242,-11.1954231262207,"Unknown"
"5020555",378677,2026-04-20 15:33:48,52.3763275146484,-11.1553783416748,"Unknown"
"5020555",378677,2026-04-20 15:38:48,52.3584518432617,-11.1158494949341,"Unknown"
"5020555",378677,2026-04-20 15:43:48,52.3386535644531,-11.0759172439575,"Unknown"
"5020555",378677,2026-04-20 15:48:48,52.3248405456543,-11.0314807891846,"Unknown"
"5020555",378677,2026-04-20 15:53:48,52.3089714050293,-10.9920749664307,"Unknown"
"5020555",378677,2026-04-20 15:58:48,52.2929801940918,-10.9508228302002,"Unknown"
"5020555",378677,2026-04-20 16:03:48,52.2775535583496,-10.9067831039429,"Unknown"
"5020555",378677,2026-04-20 16:08:48,52.2560653686523,-10.8652801513672,"Unknown"
"5020555",378677,2026-04-20 16:13:48,52.2396125793457,-10.8198146820068,"Unknown"
"5020555",378677,2026-04-20 16:18:48,52.2239151000977,-10.7757377624512,"Unknown"
"5020555",378677,2026-04-20 16:23:48,52.205322265625,-10.72935962677,"Unknown"
"5020555",378677,2026-04-20 16:28:48,52.1967544555664,-10.7060394287109,"Unknown"
"5020555",378677,2026-04-20 16:33:48,52.1720886230469,-10.6646404266357,"Unknown"
"5020555",378677,2026-04-20 16:38:48,52.1476020812988,-10.6351709365845,"Unknown"
"5020555",378677,2026-04-20 16:43:48,52.1151504516602,-10.6172962188721,"Unknown"
"5020555",378677,2026-04-20 16:47:57,52.0948486328125,-10.6030168533325,"Unknown"
"5020555",378677,2026-04-20 16:52:25,52.0971755981445,-10.6031265258789,"Unknown"
"5020555",378677,2026-04-20 16:57:23,52.0991477966309,-10.6032047271729,"Unknown"
"5020555",378677,2026-04-20 17:02:23,52.1013488769531,-10.602855682373,"Unknown"
"5020555",378677,2026-04-20 17:07:25,52.103630065918,-10.6023998260498,"Unknown"
"5020555",378677,2026-04-20 17:12:33,52.101676940918,-10.6032085418701,"Unknown"
"5020555",378677,2026-04-20 17:17:26,52.0757522583008,-10.6131582260132,"Unknown"
"5020555",378677,2026-04-20 17:22:25,52.0500640869141,-10.6414051055908,"Unknown"
"5020555",378677,2026-04-20 17:27:27,52.0228385925293,-10.6057329177856,"Unknown"
"5020555",378677,2026-04-20 17:32:26,51.9969329833984,-10.5699462890625,"Unknown"
"5020555",378677,2026-04-20 17:37:57,51.9775924682617,-10.5213642120361,"Unknown"
"5020555",378677,2026-04-20 17:42:23,51.9778633117676,-10.5129098892212,"Unknown"
"5020555",378677,2026-04-20 17:47:24,51.9788017272949,-10.5115537643433,"Unknown"
"5020555",378677,2026-04-20 17:52:25,51.9797134399414,-10.5105352401733,"Unknown"
"5020555",378677,2026-04-20 17:57:25,51.9801864624023,-10.5095558166504,"Unknown"
"5020555",378677,2026-04-20 18:02:47,51.9732780456543,-10.4928846359253,"Unknown"
"5020555",378677,2026-04-20 18:07:27,51.9738502502441,-10.4922189712524,"Unknown"
"5020555",378677,2026-04-20 18:12:28,51.9745178222656,-10.491660118103,"Unknown"
"5020555",378677,2026-04-20 18:17:26,51.9751319885254,-10.4911699295044,"Unknown"
"5020555",378677,2026-04-20 18:22:47,51.9757118225098,-10.4906749725342,"Unknown"
"5020555",378677,2026-04-20 18:27:27,51.9762115478516,-10.4903697967529,"Unknown"
"5020555",378677,2026-04-20 18:32:27,51.9766159057617,-10.4900598526001,"Unknown"
"5020555",378677,2026-04-20 18:37:29,51.9769515991211,-10.48974609375,"Unknown"
"5020555",378677,2026-04-20 18:42:26,51.9772682189941,-10.489426612854,"Unknown"
"5020555",378677,2026-04-20 18:47:28,51.9775047302246,-10.4891290664673,"Unknown"
"5020555",378677,2026-04-20 18:52:39,51.9777030944824,-10.4889144897461,"Unknown"
"5020555",378677,2026-04-20 18:57:57,51.977954864502,-10.4887523651123,"Unknown"
"5020555",378677,2026-04-20 19:02:57,51.9780464172363,-10.4885387420654,"Unknown"
"5020555",378677,2026-04-20 19:07:24,51.9781341552734,-10.4884548187256,"Unknown"
"5020555",378677,2026-04-20 19:12:24,51.9782447814941,-10.4883632659912,"Unknown"
"5020555",378677,2026-04-20 19:17:26,51.9783668518066,-10.4883394241333,"Unknown"
"5020555",378677,2026-04-20 19:22:26,51.9784126281738,-10.4883937835693,"Unknown"
"5020555",378677,2026-04-20 19:27:24,51.9783210754395,-10.4884939193726,"Unknown"
"5020555",378677,2026-04-20 19:32:24,51.9781379699707,-10.4887218475342,"Unknown"
"5020555",378677,2026-04-20 19:37:24,51.9780349731445,-10.48890209198,"Unknown"
"5020555",378677,2026-04-20 19:42:27,51.9779472351074,-10.488977432251,"Unknown"
"5020555",378677,2026-04-20 19:47:25,51.977897644043,-10.4889860153198,"Unknown"
"5020555",378677,2026-04-20 19:52:25,51.9777755737305,-10.489089012146,"Unknown"
"5020555",378677,2026-04-20 19:57:24,51.9776420593262,-10.489013671875,"Unknown"
"5020555",378677,2026-04-20 20:02:27,51.9838027954102,-10.4877548217773,"Unknown"
"5020555",378677,2026-04-20 20:07:26,51.9966506958008,-10.4926338195801,"Unknown"
"5020555",378677,2026-04-20 20:12:25,52.021614074707,-10.5075435638428,"Unknown"
"5020555",378677,2026-04-20 20:17:25,52.0255279541016,-10.5120105743408,"Unknown"
"5020555",378677,2026-04-20 20:22:24,52.0254707336426,-10.5122890472412,"Unknown"
"5020555",378677,2026-04-20 20:27:24,52.0252723693848,-10.5123329162598,"Unknown"
"5020555",378677,2026-04-20 20:32:24,52.0251083374023,-10.5124216079712,"Unknown"
"5020555",378677,2026-04-20 20:37:24,52.029468536377,-10.5147724151611,"Unknown"
"5020555",378677,2026-04-20 20:42:24,52.0287704467773,-10.5153179168701,"Unknown"
"5020555",378677,2026-04-20 20:47:25,52.028190612793,-10.5159664154053,"Unknown"
"5020555",378677,2026-04-20 20:52:24,52.0410346984863,-10.5273361206055,"Unknown"
"5020555",378677,2026-04-20 20:57:26,52.0406303405762,-10.5286912918091,"Unknown"
"5020555",378677,2026-04-20 21:02:47,52.0400886535645,-10.529824256897,"Unknown"
"5020555",378677,2026-04-20 21:07:24,52.0394592285156,-10.5304937362671,"Unknown"
"5020555",378677,2026-04-20 21:12:24,52.0387191772461,-10.5311660766602,"Unknown"
"5020555",378677,2026-04-20 21:17:26,52.0379447937012,-10.5319499969482,"Unknown"
"5020555",378677,2026-04-20 21:22:24,52.0371627807617,-10.5327968597412,"Unknown"
"5020555",378677,2026-04-20 21:27:24,52.0362510681152,-10.5338659286499,"Unknown"
"5020555",378677,2026-04-20 21:32:26,52.0352096557617,-10.5348024368286,"Unknown"
"5020555",378677,2026-04-20 21:37:30,52.0341300964355,-10.5355234146118,"Unknown"
"5020555",378677,2026-04-20 21:42:24,52.0330276489258,-10.5359878540039,"Unknown"
"5020555",378677,2026-04-20 21:47:26,52.0319480895996,-10.5361299514771,"Unknown"
"5020555",378677,2026-04-20 21:52:28,52.0309066772461,-10.536208152771,"Unknown"
"5020555",378677,2026-04-20 21:57:24,52.0299263000488,-10.5362396240234,"Unknown"
"5020555",378677,2026-04-20 22:02:57,52.0287017822266,-10.5362796783447,"Unknown"
"5020555",378677,2026-04-20 22:07:24,52.0278167724609,-10.5364141464233,"Unknown"
"5020555",378677,2026-04-20 22:12:24,52.027099609375,-10.536280632019,"Unknown"
"5020555",378677,2026-04-20 22:17:24,52.0266342163086,-10.5361547470093,"Unknown"
"5020555",378677,2026-04-20 22:22:24,52.0262069702148,-10.5360307693481,"Unknown"
"5020555",378677,2026-04-20 22:27:26,52.0256843566895,-10.5356969833374,"Unknown"
"5020555",378677,2026-04-20 22:32:24,52.025390625,-10.5353708267212,"Unknown"
"5020555",378677,2026-04-20 22:37:24,52.025089263916,-10.5348882675171,"Unknown"
"5020555",378677,2026-04-20 22:42:27,52.0335388183594,-10.542628288269,"Unknown"
"5020555",378677,2026-04-20 22:47:26,52.0335350036621,-10.5427312850952,"Unknown"
"5020555",378677,2026-04-20 22:52:26,52.0328407287598,-10.5424089431763,"Unknown"
"5020555",378677,2026-04-20 22:57:26,52.0320816040039,-10.5420427322388,"Unknown"
"5020555",378677,2026-04-20 23:02:26,52.0312843322754,-10.541579246521,"Unknown"
"5020555",378677,2026-04-20 23:07:24,52.0306587219238,-10.541130065918,"Unknown"
"5020555",378677,2026-04-20 23:12:26,52.0299186706543,-10.5407075881958,"Unknown"
"5020555",378677,2026-04-20 23:17:26,52.0293273925781,-10.5404748916626,"Unknown"
"5020555",378677,2026-04-20 23:22:24,52.0288467407227,-10.5402889251709,"Unknown"
"5020555",378677,2026-04-20 23:27:29,52.0285949707031,-10.5398921966553,"Unknown"
"5020555",378677,2026-04-20 23:32:25,52.0283699035645,-10.5395154953003,"Unknown"
"5020555",378677,2026-04-20 23:37:26,52.0278663635254,-10.539192199707,"Unknown"
"5020555",378677,2026-04-20 23:42:47,52.0272483825684,-10.5389289855957,"Unknown"
"5020555",378677,2026-04-20 23:47:26,52.0270309448242,-10.5385370254517,"Unknown"
"5020555",378677,2026-04-20 23:52:28,52.0268592834473,-10.5380945205688,"Unknown"
"5020555",378677,2026-04-20 23:57:57,52.0265235900879,-10.5376777648926,"Unknown"
"5020555",378677,2026-04-21 00:02:24,52.0263748168945,-10.5375823974609,"Unknown"
"5020555",378677,2026-04-21 00:07:24,52.0263710021973,-10.5372819900513,"Unknown"
"5020555",378677,2026-04-21 00:12:24,52.0262489318848,-10.5371541976929,"Unknown"
"5020555",378677,2026-04-21 00:17:25,52.026237487793,-10.5381183624268,"Unknown"
"5020555",378677,2026-04-21 00:22:24,52.0261993408203,-10.5395584106445,"Unknown"
"5020555",378677,2026-04-21 00:27:26,52.0262489318848,-10.5407590866089,"Unknown"
"5020555",378677,2026-04-21 00:32:26,52.0262603759766,-10.5416164398193,"Unknown"
"5020555",378677,2026-04-21 00:37:24,52.0262680053711,-10.5425443649292,"Unknown"
"5020555",378677,2026-04-21 00:42:24,52.0260925292969,-10.5436573028564,"Unknown"
"5020555",378677,2026-04-21 00:47:24,52.0258140563965,-10.544753074646,"Unknown"
"5020555",378677,2026-04-21 00:52:24,52.0256118774414,-10.5455312728882,"Unknown"
"5020555",378677,2026-04-21 00:57:24,52.0253067016602,-10.5462703704834,"Unknown"
"5020555",378677,2026-04-21 01:02:24,52.025032043457,-10.5471792221069,"Unknown"
"5020555",378677,2026-04-21 01:07:24,52.0246963500977,-10.5482397079468,"Unknown"
"5020555",378677,2026-04-21 01:12:25,52.0244255065918,-10.5493927001953,"Unknown"
"5020555",378677,2026-04-21 01:17:24,52.0240898132324,-10.5506830215454,"Unknown"
"5020555",378677,2026-04-21 01:22:24,52.0237159729004,-10.5520696640015,"Unknown"
"5020555",378677,2026-04-21 01:27:24,52.0234565734863,-10.5536603927612,"Unknown"
"5020555",378677,2026-04-21 01:32:26,52.0231132507324,-10.5554599761963,"Unknown"
"5020555",378677,2026-04-21 01:37:26,52.0228652954102,-10.5572748184204,"Unknown"
"5020555",378677,2026-04-21 01:42:28,52.0226669311523,-10.5590295791626,"Unknown"
"5020555",378677,2026-04-21 01:47:27,52.0224494934082,-10.5607538223267,"Unknown"
"5020555",378677,2026-04-21 01:52:28,52.0223274230957,-10.5620136260986,"Unknown"
"5020555",378677,2026-04-21 01:57:47,52.0221633911133,-10.5639276504517,"Unknown"
"5020555",378677,2026-04-21 02:03:49,52.0007667541504,-10.5486154556274,"Unknown"
"5020555",378677,2026-04-21 02:08:49,51.9765243530273,-10.5286998748779,"Unknown"
"5020555",378677,2026-04-21 02:12:47,51.9665374755859,-10.5200309753418,"Unknown"
"5020555",378677,2026-04-21 02:17:27,51.9669723510742,-10.5208072662354,"Unknown"
"5020555",378677,2026-04-21 02:22:28,51.9674987792969,-10.5217790603638,"Unknown"
"5020555",378677,2026-04-21 02:27:23,51.9680137634277,-10.522744178772,"Unknown"
"5020555",378677,2026-04-21 02:32:25,51.9686317443848,-10.523663520813,"Unknown"
"5020555",378677,2026-04-21 02:37:28,51.9691696166992,-10.5246906280518,"Unknown"
"5020555",378677,2026-04-21 02:42:27,51.9697418212891,-10.5256242752075,"Unknown"
"5020555",378677,2026-04-21 02:47:25,51.97021484375,-10.5265092849731,"Unknown"
"5020555",378677,2026-04-21 02:52:28,51.9707641601562,-10.5275173187256,"Unknown"
"5020555",378677,2026-04-21 02:57:23,51.9712257385254,-10.5285625457764,"Unknown"
"5020555",378677,2026-04-21 03:02:27,51.9717559814453,-10.5296020507812,"Unknown"
"5020555",378677,2026-04-21 03:07:28,51.9721946716309,-10.5305423736572,"Unknown"
"5020555",378677,2026-04-21 03:12:27,51.9726982116699,-10.5316581726074,"Unknown"
"5020555",378677,2026-04-21 03:17:27,51.9732360839844,-10.5325994491577,"Unknown"
"5020555",378677,2026-04-21 03:22:27,51.9737205505371,-10.5334167480469,"Unknown"
"5020555",378677,2026-04-21 03:27:26,51.9742126464844,-10.5343437194824,"Unknown"
"5020555",378677,2026-04-21 03:32:27,51.9747657775879,-10.5353689193726,"Unknown"
"5020555",378677,2026-04-21 03:37:27,51.9752311706543,-10.5363607406616,"Unknown"
"5020555",378677,2026-04-21 03:42:27,51.9757614135742,-10.5373497009277,"Unknown"
"5020555",378677,2026-04-21 03:47:30,51.9762153625488,-10.5381946563721,"Unknown"
"5020555",378677,2026-04-21 03:52:28,51.9768257141113,-10.5393896102905,"Unknown"
"5020555",378677,2026-04-21 03:57:27,51.9577445983887,-10.5303173065186,"Unknown"
"5020555",378677,2026-04-21 04:02:31,51.9310989379883,-10.5101928710938,"Unknown"
"5020555",378677,2026-04-21 04:07:26,51.9048042297363,-10.4908504486084,"Unknown"
"5020555",378677,2026-04-21 04:12:28,51.8754692077637,-10.4802627563477,"Unknown"
"5020555",378677,2026-04-21 04:17:27,51.8458099365234,-10.4694814682007,"Unknown"
"5020555",378677,2026-04-21 04:22:25,51.8183174133301,-10.4657564163208,"Unknown"
"5020555",378677,2026-04-21 04:27:27,51.7974624633789,-10.4650888442993,"Unknown"
"5020555",378677,2026-04-21 04:32:26,51.7667427062988,-10.4549131393433,"Unknown"
"5020555",378677,2026-04-21 04:37:27,51.7368049621582,-10.4471225738525,"Unknown"
"5020555",378677,2026-04-21 04:42:33,51.7044525146484,-10.4409618377686,"Unknown"
"5020555",378677,2026-04-21 04:47:25,51.6715545654297,-10.4345645904541,"Unknown"
"5020555",378677,2026-04-21 04:53:49,51.629280090332,-10.4271240234375,"Unknown"
"5020555",378677,2026-04-21 04:58:49,51.597095489502,-10.4197521209717,"Unknown"
"5020555",378677,2026-04-21 08:13:17,50.371768951416,-10.2088871002197,"Unknown"
"5020555",378677,2026-04-21 08:17:28,50.3524398803711,-10.2090635299683,"Unknown"
"5020555",378677,2026-04-21 08:22:26,50.3215751647949,-10.2070589065552,"Unknown"
"5020555",378677,2026-04-21 08:27:27,50.2962074279785,-10.1988306045532,"Unknown"
"5020555",378677,2026-04-21 08:32:28,50.264289855957,-10.1990776062012,"Unknown"
"5020555",378677,2026-04-21 08:37:29,50.2341499328613,-10.1927175521851,"Unknown"
"5020555",378677,2026-04-21 08:42:27,50.2193069458008,-10.1894998550415,"Unknown"
"5020555",378677,2026-04-21 08:47:28,50.2045822143555,-10.1757755279541,"Unknown"
"5020555",378677,2026-04-21 08:52:29,50.1791076660156,-10.171667098999,"Unknown"
"5020555",378677,2026-04-21 08:57:28,50.1531944274902,-10.1645164489746,"Unknown"
"5020555",378677,2026-04-21 09:02:27,50.1264572143555,-10.1576366424561,"Unknown"
"5020555",378677,2026-04-21 09:07:27,50.0969276428223,-10.1531496047974,"Unknown"
"5020555",378677,2026-04-21 09:12:26,50.0664253234863,-10.1507453918457,"Unknown"
"5020555",378677,2026-04-21 09:17:24,50.0545616149902,-10.1485967636108,"Unknown"
"5020555",378677,2026-04-21 09:22:29,50.054126739502,-10.1489448547363,"Unknown"
"5020555",378677,2026-04-21 09:27:33,50.0257835388184,-10.1498794555664,"Unknown"
"5020555",378677,2026-04-21 09:32:36,49.993034362793,-10.1465692520142,"Unknown"
"5020555",378677,2026-04-21 09:37:32,49.9637260437012,-10.1433391571045,"Unknown"
"5020555",378677,2026-04-21 09:42:28,49.9371032714844,-10.1392097473145,"Unknown"
"5020555",378677,2026-04-21 09:47:28,49.9074363708496,-10.1344795227051,"Unknown"
"5020555",378677,2026-04-21 09:52:32,49.8773460388184,-10.1305017471313,"Unknown"
"5020555",378677,2026-04-21 09:58:49,49.83984375,-10.1274814605713,"Unknown"
"5020555",378677,2026-04-21 10:08:48,49.7810745239258,-10.126030921936,"Unknown"
"5020555",378677,2026-04-21 10:18:48,49.7196311950684,-10.1298856735229,"Unknown"
"5020555",378677,2026-04-21 10:28:48,49.6610412597656,-10.1295003890991,"Unknown"
"5020555",378677,2026-04-21 10:33:48,49.6356391906738,-10.1265468597412,"Unknown"
"5020555",378677,2026-04-21 10:38:48,49.6071090698242,-10.1289796829224,"Unknown"
"5020555",378677,2026-04-21 10:43:48,49.5749015808105,-10.1256322860718,"Unknown"
"5020555",378677,2026-04-21 10:48:48,49.548282623291,-10.1186580657959,"Unknown"
"5020555",378677,2026-04-21 10:53:48,49.5188179016113,-10.1161489486694,"Unknown"
"5020555",378677,2026-04-21 10:58:48,49.4884719848633,-10.1172132492065,"Unknown"
"5020555",378677,2026-04-21 16:48:27,48.3465881347656,-9.887864112854,"Unknown"
"5020555",378677,2026-04-21 16:52:25,48.3505401611328,-9.89945125579834,"Unknown"
"5020555",378677,2026-04-21 16:57:25,48.3609428405762,-9.89303016662598,"Unknown"
"5020555",378677,2026-04-21 17:02:24,48.3678169250488,-9.88661289215088,"Unknown"
"5020555",378677,2026-04-21 17:07:26,48.3648529052734,-9.89077663421631,"Unknown"
"5020555",378677,2026-04-21 17:12:24,48.369556427002,-9.88159370422363,"Unknown"
"5020555",378677,2026-04-21 17:17:23,48.3713722229004,-9.87456226348877,"Unknown"
"5020555",378677,2026-04-21 17:22:25,48.3680610656738,-9.87517547607422,"Unknown"
"5020555",378677,2026-04-21 17:27:25,48.3840370178223,-9.88510322570801,"Unknown"
"5020555",378677,2026-04-21 17:32:23,48.4111747741699,-9.89505195617676,"Unknown"
"5020555",378677,2026-04-21 17:37:26,48.4254608154297,-9.90754985809326,"Unknown"
"5020555",378677,2026-04-21 17:42:25,48.4245986938477,-9.90875434875488,"Unknown"
"5020555",378677,2026-04-21 17:47:26,48.4219818115234,-9.93736457824707,"Unknown"
"5020555",378677,2026-04-21 17:52:25,48.4479064941406,-9.95677089691162,"Unknown"
"5020555",378677,2026-04-21 17:57:25,48.4104614257812,-9.97504425048828,"Unknown"
"5020555",378677,2026-04-21 18:08:48,48.384937286377,-9.98249244689941,"Unknown"
"5020555",378677,2026-04-21 18:13:48,48.3859519958496,-9.98543930053711,"Unknown"
"5020555",378677,2026-04-21 18:18:48,48.3869018554688,-9.98401737213135,"Unknown"
"5020555",378677,2026-04-21 18:23:48,48.3887519836426,-9.98633766174316,"Unknown"
"5020555",378677,2026-04-21 18:28:21,48.3899841308594,-9.98657035827637,"Unknown"
"5020555",378677,2026-04-21 18:32:25,48.3896751403809,-9.98652648925781,"Unknown"
"5020555",378677,2026-04-21 18:37:47,48.3896560668945,-9.98766136169434,"Unknown"
"5020555",378677,2026-04-21 18:42:24,48.3896369934082,-9.98790550231934,"Unknown"
"5020555",378677,2026-04-21 18:47:23,48.3896636962891,-9.98821067810059,"Unknown"
"5020555",378677,2026-04-21 18:52:24,48.3897857666016,-9.98836612701416,"Unknown"
"5020555",378677,2026-04-21 18:57:23,48.3894119262695,-9.98876667022705,"Unknown"
"5020555",378677,2026-04-21 19:02:24,48.3893432617188,-9.98799896240234,"Unknown"
"5020555",378677,2026-04-21 19:07:23,48.3917083740234,-9.98990535736084,"Unknown"
"5020555",378677,2026-04-21 19:12:24,48.391658782959,-9.9899730682373,"Unknown"
"5020555",378677,2026-04-21 19:17:23,48.3915481567383,-9.99017429351807,"Unknown"
"5020555",378677,2026-04-21 19:22:23,48.3969917297363,-9.995680809021,"Unknown"
"5020555",378677,2026-04-21 19:27:23,48.3985900878906,-9.99631023406982,"Unknown"
"5020555",378677,2026-04-21 19:32:23,48.4097442626953,-10.0028018951416,"Unknown"
"5020555",378677,2026-04-21 19:37:24,48.419132232666,-10.0107889175415,"Unknown"
"5020555",378677,2026-04-21 19:42:23,48.4193916320801,-10.01145362854,"Unknown"
"5020555",378677,2026-04-21 19:47:23,48.41943359375,-10.0124530792236,"Unknown"
"5020555",378677,2026-04-21 19:52:25,48.4193725585938,-10.013331413269,"Unknown"
"5020555",378677,2026-04-21 19:57:23,48.4193382263184,-10.0144577026367,"Unknown"
"5020555",378677,2026-04-21 20:02:27,48.4193420410156,-10.0153970718384,"Unknown"
"5020555",378677,2026-04-21 20:07:25,48.4194068908691,-10.0161647796631,"Unknown"
"5020555",378677,2026-04-21 20:12:25,48.4195098876953,-10.0165348052979,"Unknown"
"5020555",378677,2026-04-21 20:17:25,48.4195671081543,-10.0168619155884,"Unknown"
"5020555",378677,2026-04-21 20:22:27,48.4193878173828,-10.017315864563,"Unknown"
"5020555",378677,2026-04-21 20:27:57,48.4190406799316,-10.0177278518677,"Unknown"
"5020555",378677,2026-04-21 20:32:24,48.4189224243164,-10.0181064605713,"Unknown"
"5020555",378677,2026-04-21 20:37:23,48.4189147949219,-10.0183553695679,"Unknown"
"5020555",378677,2026-04-21 20:42:25,48.4186325073242,-10.0188293457031,"Unknown"
"5020555",378677,2026-04-21 20:47:23,48.418212890625,-10.0191783905029,"Unknown"
"5020555",378677,2026-04-21 20:52:23,48.4176597595215,-10.0196018218994,"Unknown"
"5020555",378677,2026-04-21 20:57:23,48.4172210693359,-10.0199737548828,"Unknown"
"5020555",378677,2026-04-21 21:02:23,48.4169273376465,-10.0204696655273,"Unknown"
"5020555",378677,2026-04-21 21:07:23,48.4165534973145,-10.0210838317871,"Unknown"
"5020555",378677,2026-04-21 21:12:23,48.4162635803223,-10.0218868255615,"Unknown"
"5020555",378677,2026-04-21 21:17:23,48.4159545898438,-10.0225744247437,"Unknown"
"5020555",378677,2026-04-21 21:22:23,48.4156646728516,-10.0232009887695,"Unknown"
"5020555",378677,2026-04-21 21:27:23,48.4153251647949,-10.0239191055298,"Unknown"
"5020555",378677,2026-04-21 21:32:23,48.4147644042969,-10.0247249603271,"Unknown"
"5020555",378677,2026-04-21 21:37:23,48.4143371582031,-10.0252494812012,"Unknown"
"5020555",378677,2026-04-21 21:42:23,48.4140014648438,-10.025993347168,"Unknown"
"5020555",378677,2026-04-21 21:47:23,48.4136772155762,-10.0268239974976,"Unknown"
"5020555",378677,2026-04-21 21:52:24,48.4133529663086,-10.0275936126709,"Unknown"
"5020555",378677,2026-04-21 21:57:25,48.4129753112793,-10.0285615921021,"Unknown"
"5020555",378677,2026-04-21 22:07:25,48.4123649597168,-10.0305109024048,"Unknown"
"5020555",378677,2026-04-21 22:12:23,48.4121398925781,-10.0311717987061,"Unknown"
"5020555",378677,2026-04-21 22:17:25,48.4118537902832,-10.0322542190552,"Unknown"
"5020555",378677,2026-04-21 22:22:23,48.4117660522461,-10.0332164764404,"Unknown"
"5020555",378677,2026-04-21 22:27:27,48.4115791320801,-10.034031867981,"Unknown"
"5020555",378677,2026-04-21 22:32:28,48.4113883972168,-10.0351638793945,"Unknown"
"5020555",378677,2026-04-21 22:37:24,48.4110908508301,-10.0363168716431,"Unknown"
"5020555",378677,2026-04-21 22:42:28,48.4106826782227,-10.0374402999878,"Unknown"
"5020555",378677,2026-04-21 22:47:25,48.4102096557617,-10.0387649536133,"Unknown"
"5020555",378677,2026-04-21 22:52:25,48.409782409668,-10.039927482605,"Unknown"
"5020555",378677,2026-04-21 22:57:27,48.4093475341797,-10.0411996841431,"Unknown"
"5020555",378677,2026-04-21 23:02:57,48.4088134765625,-10.042576789856,"Unknown"
"5020555",378677,2026-04-21 23:07:25,48.4085235595703,-10.0437545776367,"Unknown"
"5020555",378677,2026-04-21 23:12:23,48.4081001281738,-10.0451393127441,"Unknown"
"5020555",378677,2026-04-21 23:17:23,48.4076766967773,-10.0464849472046,"Unknown"
"5020555",378677,2026-04-21 23:22:25,48.4071273803711,-10.0477809906006,"Unknown"
"5020555",378677,2026-04-21 23:27:23,48.4064636230469,-10.0492601394653,"Unknown"
"5020555",378677,2026-04-21 23:32:23,48.4059219360352,-10.0507497787476,"Unknown"
"5020555",378677,2026-04-21 23:37:24,48.4054298400879,-10.0523300170898,"Unknown"
"5020555",378677,2026-04-21 23:42:23,48.4050521850586,-10.0540027618408,"Unknown"
"5020555",378677,2026-04-21 23:47:23,48.4046897888184,-10.0554170608521,"Unknown"
"5020555",378677,2026-04-21 23:52:24,48.4041175842285,-10.0567512512207,"Unknown"
"5020555",378677,2026-04-21 23:57:25,48.4037322998047,-10.0582323074341,"Unknown"
"5020555",378677,2026-04-22 00:02:24,48.4035263061523,-10.0596408843994,"Unknown"
"5020555",378677,2026-04-22 00:07:23,48.4033241271973,-10.0611600875854,"Unknown"
"5020555",378677,2026-04-22 00:12:24,48.4031677246094,-10.0627193450928,"Unknown"
"5020555",378677,2026-04-22 00:17:25,48.4028930664062,-10.0642938613892,"Unknown"
"5020555",378677,2026-04-22 00:22:26,48.4027824401855,-10.0658397674561,"Unknown"
"5020555",378677,2026-04-22 00:27:23,48.4024772644043,-10.0673351287842,"Unknown"
"5020555",378677,2026-04-22 00:32:25,48.4021873474121,-10.068775177002,"Unknown"
"5020555",378677,2026-04-22 00:37:25,48.4019546508789,-10.070219039917,"Unknown"
"5020555",378677,2026-04-22 00:42:26,48.4017906188965,-10.0716047286987,"Unknown"
"5020555",378677,2026-04-22 00:47:26,48.401668548584,-10.072811126709,"Unknown"
"5020555",378677,2026-04-22 00:52:26,48.4019165039062,-10.0741577148438,"Unknown"
"5020555",378677,2026-04-22 00:57:26,48.4018096923828,-10.075291633606,"Unknown"
"5020555",378677,2026-04-22 01:02:27,48.4016952514648,-10.076470375061,"Unknown"
"5020555",378677,2026-04-22 01:07:27,48.4016036987305,-10.0775880813599,"Unknown"
"5020555",378677,2026-04-22 01:12:47,48.4015235900879,-10.0788383483887,"Unknown"
"5020555",378677,2026-04-22 01:17:23,48.401496887207,-10.0798320770264,"Unknown"
"5020555",378677,2026-04-22 01:22:22,48.4015045166016,-10.080997467041,"Unknown"
"5020555",378677,2026-04-22 01:27:25,48.4014091491699,-10.0822591781616,"Unknown"
"5020555",378677,2026-04-22 01:32:23,48.4011001586914,-10.0835723876953,"Unknown"
"5020555",378677,2026-04-22 01:37:23,48.4008369445801,-10.084831237793,"Unknown"
"5020555",378677,2026-04-22 01:42:23,48.4006729125977,-10.0857887268066,"Unknown"
"5020555",378677,2026-04-22 01:47:24,48.4004402160645,-10.0868558883667,"Unknown"
"5020555",378677,2026-04-22 01:52:23,48.4000587463379,-10.0879039764404,"Unknown"
"5020555",378677,2026-04-22 01:57:25,48.399658203125,-10.0890989303589,"Unknown"
"5020555",378677,2026-04-22 02:08:33,48.3991470336914,-10.0920286178589,"Unknown"
"5020555",378677,2026-04-22 02:13:04,48.3989372253418,-10.0931930541992,"Unknown"
"5020555",378677,2026-04-22 02:18:04,48.398868560791,-10.094409942627,"Unknown"
"5020555",378677,2026-04-22 02:23:04,48.3988265991211,-10.09592628479,"Unknown"
"5020555",378677,2026-04-22 02:28:04,48.3988342285156,-10.0972919464111,"Unknown"
"5020555",378677,2026-04-22 02:33:04,48.3988075256348,-10.0985317230225,"Unknown"
"5020555",378677,2026-04-22 02:38:05,48.3990135192871,-10.0996541976929,"Unknown"
"5020555",378677,2026-04-22 02:43:04,48.399356842041,-10.1007490158081,"Unknown"
"5020555",378677,2026-04-22 02:48:04,48.3995780944824,-10.1017465591431,"Unknown"
"5020555",378677,2026-04-22 02:53:04,48.3999862670898,-10.1026744842529,"Unknown"
"5020555",378677,2026-04-22 02:58:04,48.4000205993652,-10.1037349700928,"Unknown"
"5020555",378677,2026-04-22 03:03:04,48.3999671936035,-10.1047563552856,"Unknown"
"5020555",378677,2026-04-22 03:08:05,48.4000587463379,-10.1058025360107,"Unknown"
"5020555",378677,2026-04-22 03:13:04,48.4002799987793,-10.1066932678223,"Unknown"
"5020555",378677,2026-04-22 03:18:04,48.4003601074219,-10.1075592041016,"Unknown"
"5020555",378677,2026-04-22 03:23:05,48.4002952575684,-10.1086511611938,"Unknown"
"5020555",378677,2026-04-22 03:28:04,48.4002532958984,-10.1097192764282,"Unknown"
"5020555",378677,2026-04-22 03:33:06,48.4001731872559,-10.1108074188232,"Unknown"
"5020555",378677,2026-04-22 03:38:07,48.4000854492188,-10.112006187439,"Unknown"
"5020555",378677,2026-04-22 03:43:06,48.4001770019531,-10.1133470535278,"Unknown"
"5020555",378677,2026-04-22 03:48:06,48.4002723693848,-10.1144199371338,"Unknown"
"5020555",378677,2026-04-22 03:53:06,48.4002952575684,-10.1156482696533,"Unknown"
"5020555",378677,2026-04-22 03:58:07,48.4003829956055,-10.116888999939,"Unknown"
"5020555",378677,2026-04-22 04:03:06,48.4006233215332,-10.1180725097656,"Unknown"
"5020555",378677,2026-04-22 04:08:07,48.4009094238281,-10.1194734573364,"Unknown"
"5020555",378677,2026-04-22 04:13:07,48.4008903503418,-10.1209144592285,"Unknown"
"5020555",378677,2026-04-22 04:18:07,48.4012413024902,-10.1220111846924,"Unknown"
"5020555",378677,2026-04-22 04:23:07,48.4019508361816,-10.1223945617676,"Unknown"
"5020555",378677,2026-04-22 04:28:07,48.4026870727539,-10.1232423782349,"Unknown"
"5020555",378677,2026-04-22 04:33:08,48.4035758972168,-10.1244115829468,"Unknown"
"5020555",378677,2026-04-22 04:38:08,48.4049415588379,-10.1249504089355,"Unknown"
"5020555",378677,2026-04-22 04:43:10,48.4062957763672,-10.1254758834839,"Unknown"
"5020555",378677,2026-04-22 04:48:10,48.4094314575195,-10.125825881958,"Unknown"
"5020555",378677,2026-04-22 13:22:03,48.7873115539551,-9.11978149414062,"Unknown"
"5020555",378677,2026-04-22 13:26:43,48.7869186401367,-9.12013053894043,"Unknown"
"5020555",378677,2026-04-22 13:31:36,48.7858619689941,-9.120192527771,"Unknown"
"5020555",378677,2026-04-22 13:36:46,48.772891998291,-9.11323070526123,"Unknown"
"5020555",378677,2026-04-22 13:41:35,48.777759552002,-9.09045028686523,"Unknown"
"5020555",378677,2026-04-22 13:46:35,48.7796897888184,-9.0937557220459,"Unknown"
"5020555",378677,2026-04-22 13:51:43,48.780948638916,-9.10371971130371,"Unknown"
"5020555",378677,2026-04-22 13:56:35,48.7810020446777,-9.10506153106689,"Unknown"
"5020555",378677,2026-04-22 14:01:43,48.7809715270996,-9.10606956481934,"Unknown"
"5020555",378677,2026-04-22 14:07:35,48.7808799743652,-9.10678005218506,"Unknown"
"5020555",378677,2026-04-22 14:12:35,48.7803649902344,-9.10571002960205,"Unknown"
"5020555",378677,2026-04-22 14:17:40,48.784309387207,-9.10821056365967,"Unknown"
"5020555",378677,2026-04-22 14:22:35,48.7954406738281,-9.0933780670166,"Unknown"
"5020555",378677,2026-04-22 14:27:43,48.7958145141602,-9.09468364715576,"Unknown"
"5020555",378677,2026-04-22 14:32:43,48.7961692810059,-9.09590721130371,"Unknown"
"5020555",378677,2026-04-22 14:37:38,48.7966079711914,-9.09689998626709,"Unknown"
"5020555",378677,2026-04-22 14:42:43,48.7968673706055,-9.0980339050293,"Unknown"
"5020555",378677,2026-04-22 14:48:03,48.7928428649902,-9.09802913665771,"Unknown"
"5020555",378677,2026-04-22 14:52:35,48.7863883972168,-9.0976095199585,"Unknown"
"5020555",378677,2026-04-22 14:57:36,48.7718772888184,-9.10032558441162,"Unknown"
"5020555",378677,2026-04-22 15:02:37,48.7720565795898,-9.10036277770996,"Unknown"
"5020555",378677,2026-04-22 15:07:34,48.772632598877,-9.10075855255127,"Unknown"
"5020555",378677,2026-04-22 15:12:35,48.7729682922363,-9.10122203826904,"Unknown"
"5020555",378677,2026-04-22 15:17:34,48.773609161377,-9.10130214691162,"Unknown"
"5020555",378677,2026-04-22 15:22:36,48.7741050720215,-9.10116195678711,"Unknown"
"5020555",378677,2026-04-22 15:27:34,48.7743949890137,-9.10086727142334,"Unknown"
"5020555",378677,2026-04-22 15:32:36,48.7739143371582,-9.08638477325439,"Unknown"
"5020555",378677,2026-04-22 15:37:38,48.7609329223633,-9.06710338592529,"Unknown"
"5020555",378677,2026-04-22 15:43:59,48.7487297058105,-9.047438621521,"Unknown"
"5020555",378677,2026-04-22 15:48:59,48.7383270263672,-9.0456714630127,"Unknown"
"5020555",378677,2026-04-22 15:53:59,48.7245292663574,-9.03543758392334,"Unknown"
"5020555",378677,2026-04-22 15:58:59,48.7294120788574,-9.0475492477417,"Unknown"
"5020555",378677,2026-04-22 16:03:03,48.7356109619141,-9.07262802124023,"Unknown"
"5020555",378677,2026-04-22 16:07:34,48.7334632873535,-9.06540775299072,"Unknown"
"5020555",378677,2026-04-22 16:12:37,48.7301368713379,-9.04598617553711,"Unknown"
"5020555",378677,2026-04-22 16:17:36,48.7111015319824,-9.0478401184082,"Unknown"
"5020555",378677,2026-04-22 16:22:36,48.7050552368164,-9.0832986831665,"Unknown"
"5020555",378677,2026-04-22 16:27:37,48.7123565673828,-9.07201862335205,"Unknown"
"5020555",378677,2026-04-22 16:33:11,48.7136077880859,-9.07297611236572,"Unknown"
"5020555",378677,2026-04-22 16:37:36,48.7143325805664,-9.07285118103027,"Unknown"
"5020555",378677,2026-04-22 16:42:34,48.7151260375977,-9.07259845733643,"Unknown"
"5020555",378677,2026-04-22 16:47:35,48.7160339355469,-9.0723180770874,"Unknown"
"5020555",378677,2026-04-22 16:52:34,48.7167625427246,-9.07198238372803,"Unknown"
"5020555",378677,2026-04-22 16:57:34,48.7125968933105,-9.07114315032959,"Unknown"
"5020555",378677,2026-04-22 17:02:34,48.7018432617188,-9.06578731536865,"Unknown"
"5020555",378677,2026-04-22 17:07:36,48.7051582336426,-9.05484867095947,"Unknown"
"5020555",378677,2026-04-22 17:12:36,48.7156677246094,-9.06063365936279,"Unknown"
"5020555",378677,2026-04-22 17:17:34,48.7064094543457,-9.04861164093018,"Unknown"
"5020555",378677,2026-04-22 17:22:34,48.7037582397461,-9.04050064086914,"Unknown"
"5020555",378677,2026-04-22 17:27:35,48.7038764953613,-9.03310775756836,"Unknown"
"5020555",378677,2026-04-22 17:32:34,48.7118339538574,-9.0229606628418,"Unknown"
"5020555",378677,2026-04-22 17:37:36,48.7130165100098,-9.02480030059814,"Unknown"
"5020555",378677,2026-04-22 17:42:36,48.7118453979492,-9.01440811157227,"Unknown"
"5020555",378677,2026-04-22 17:47:35,48.708438873291,-9.01488876342773,"Unknown"
"5020555",378677,2026-04-22 17:52:35,48.7094116210938,-9.0142707824707,"Unknown"
"5020555",378677,2026-04-22 17:57:38,48.6980857849121,-9.01618194580078,"Unknown"
"5020555",378677,2026-04-22 18:07:25,48.7168464660645,-9.02519702911377,"Unknown"
"5020555",378677,2026-04-22 18:12:28,48.6923027038574,-9.03233909606934,"Unknown"
"5020555",378677,2026-04-22 18:17:29,48.6789817810059,-9.05393600463867,"Unknown"
"5020555",378677,2026-04-22 18:23:48,48.6976699829102,-9.03644943237305,"Unknown"
"5020555",378677,2026-04-22 18:28:48,48.7060699462891,-9.05852222442627,"Unknown"
"5020555",378677,2026-04-22 18:33:48,48.6781692504883,-9.09171485900879,"Unknown"
"5020555",378677,2026-04-22 18:38:48,48.6454086303711,-9.10489940643311,"Unknown"
"5020555",378677,2026-04-22 18:43:48,48.6318016052246,-9.09407997131348,"Unknown"
"5020555",378677,2026-04-22 18:48:48,48.624153137207,-9.07319641113281,"Unknown"
"5020555",378677,2026-04-22 18:53:48,48.6250915527344,-9.07252597808838,"Unknown"
"5020555",378677,2026-04-22 18:58:27,48.6311340332031,-9.06549263000488,"Unknown"
"5020555",378677,2026-04-22 19:02:24,48.6278114318848,-9.06424999237061,"Unknown"
"5020555",378677,2026-04-22 19:07:25,48.6131706237793,-9.07347393035889,"Unknown"
"5020555",378677,2026-04-22 19:12:26,48.606517791748,-9.08204555511475,"Unknown"
"5020555",378677,2026-04-22 19:17:27,48.6279983520508,-9.10559558868408,"Unknown"
"5020555",378677,2026-04-22 19:22:26,48.6357498168945,-9.08324909210205,"Unknown"
"5020555",378677,2026-04-22 19:27:25,48.6173057556152,-9.1046199798584,"Unknown"
"5020555",378677,2026-04-22 19:32:26,48.6042404174805,-9.11141490936279,"Unknown"
"5020555",378677,2026-04-22 19:38:48,48.6191596984863,-9.08553886413574,"Unknown"
"5020555",378677,2026-04-22 19:43:48,48.6176414489746,-9.08467388153076,"Unknown"
"5020555",378677,2026-04-22 19:48:48,48.6366081237793,-9.07427787780762,"Unknown"
"5020555",378677,2026-04-22 19:58:48,48.6019554138184,-9.0530891418457,"Unknown"
"5020555",378677,2026-04-22 20:03:48,48.5959587097168,-9.01725196838379,"Unknown"
"5020555",378677,2026-04-22 20:08:48,48.5947761535645,-9.00102806091309,"Unknown"
"5020555",378677,2026-04-22 20:13:03,48.593807220459,-8.99705791473389,"Unknown"
"5020555",378677,2026-04-22 20:17:24,48.5912895202637,-8.9869441986084,"Unknown"
"5020555",378677,2026-04-22 20:22:24,48.5912551879883,-8.98590469360352,"Unknown"
"5020555",378677,2026-04-22 20:27:24,48.5912322998047,-8.98507595062256,"Unknown"
"5020555",378677,2026-04-22 20:32:47,48.5913429260254,-8.98404312133789,"Unknown"
"5020555",378677,2026-04-22 20:37:23,48.591423034668,-8.98326683044434,"Unknown"
"5020555",378677,2026-04-22 20:42:23,48.591438293457,-8.98247623443604,"Unknown"
"5020555",378677,2026-04-22 20:47:23,48.5914268493652,-8.98175430297852,"Unknown"
"5020555",378677,2026-04-22 20:52:25,48.5913772583008,-8.98105335235596,"Unknown"
"5020555",378677,2026-04-22 20:57:23,48.5912895202637,-8.9803466796875,"Unknown"
"5020555",378677,2026-04-22 21:02:23,48.5911026000977,-8.97979736328125,"Unknown"
"5020555",378677,2026-04-22 21:07:23,48.5908546447754,-8.97931098937988,"Unknown"
"5020555",378677,2026-04-22 21:12:23,48.5906372070312,-8.97881889343262,"Unknown"
"5020555",378677,2026-04-22 21:17:23,48.5903129577637,-8.97840309143066,"Unknown"
"5020555",378677,2026-04-22 21:22:24,48.5899925231934,-8.97809505462646,"Unknown"
"5020555",378677,2026-04-22 21:27:23,48.5896110534668,-8.97782516479492,"Unknown"
"5020555",378677,2026-04-22 21:32:23,48.5891342163086,-8.97761726379395,"Unknown"
"5020555",378677,2026-04-22 21:37:26,48.5886611938477,-8.97737216949463,"Unknown"
"5020555",378677,2026-04-22 21:42:24,48.5883445739746,-8.97715282440186,"Unknown"
"5020555",378677,2026-04-22 21:47:28,48.5880165100098,-8.97697353363037,"Unknown"
"5020555",378677,2026-04-22 21:52:27,48.5877647399902,-8.97669792175293,"Unknown"
"5020555",378677,2026-04-22 21:57:27,48.58740234375,-8.97653388977051,"Unknown"
"5020555",378677,2026-04-22 22:07:26,48.5867919921875,-8.97623634338379,"Unknown"
"5020555",378677,2026-04-22 22:12:28,48.5863952636719,-8.97594356536865,"Unknown"
"5020555",378677,2026-04-22 22:17:47,48.5859451293945,-8.97568321228027,"Unknown"
"5020555",378677,2026-04-22 22:22:26,48.5854873657227,-8.97557735443115,"Unknown"
"5020555",378677,2026-04-22 22:27:27,48.5849647521973,-8.97538471221924,"Unknown"
"5020555",378677,2026-04-22 22:32:24,48.5845069885254,-8.97529792785645,"Unknown"
"5020555",378677,2026-04-22 22:37:24,48.5839996337891,-8.97526741027832,"Unknown"
"5020555",378677,2026-04-22 22:42:27,48.5833969116211,-8.97532272338867,"Unknown"
"5020555",378677,2026-04-22 22:47:28,48.5829658508301,-8.97550106048584,"Unknown"
"5020555",378677,2026-04-22 22:52:30,48.5825157165527,-8.97595596313477,"Unknown"
"5020555",378677,2026-04-22 22:57:57,48.5819625854492,-8.97638320922852,"Unknown"
"5020555",378677,2026-04-22 23:02:23,48.5815544128418,-8.97675800323486,"Unknown"
"5020555",378677,2026-04-22 23:07:23,48.5810203552246,-8.97727584838867,"Unknown"
"5020555",378677,2026-04-22 23:12:23,48.5805625915527,-8.97776985168457,"Unknown"
"5020555",378677,2026-04-22 23:17:23,48.580078125,-8.97842884063721,"Unknown"
"5020555",378677,2026-04-22 23:22:23,48.5796012878418,-8.97899055480957,"Unknown"
"5020555",378677,2026-04-22 23:27:23,48.5791893005371,-8.97958850860596,"Unknown"
"5020555",378677,2026-04-22 23:32:24,48.5787124633789,-8.98048400878906,"Unknown"
"5020555",378677,2026-04-22 23:37:23,48.5782012939453,-8.98136329650879,"Unknown"
"5020555",378677,2026-04-22 23:42:25,48.5777282714844,-8.98236083984375,"Unknown"
"5020555",378677,2026-04-22 23:47:23,48.5772476196289,-8.98333644866943,"Unknown"
"5020555",378677,2026-04-22 23:52:23,48.5767402648926,-8.9843921661377,"Unknown"
"5020555",378677,2026-04-22 23:57:24,48.5762710571289,-8.98549175262451,"Unknown"
"5020555",378677,2026-04-23 00:02:23,48.5757217407227,-8.98651313781738,"Unknown"
"5020555",378677,2026-04-23 00:07:24,48.5752334594727,-8.9877872467041,"Unknown"
"5020555",378677,2026-04-23 00:12:25,48.5747566223145,-8.98896312713623,"Unknown"
"5020555",378677,2026-04-23 00:17:25,48.5743179321289,-8.990065574646,"Unknown"
"5020555",378677,2026-04-23 00:22:25,48.5738983154297,-8.99127769470215,"Unknown"
"5020555",378677,2026-04-23 00:27:25,48.5734329223633,-8.99243545532227,"Unknown"
"5020555",378677,2026-04-23 00:32:24,48.5730628967285,-8.99358367919922,"Unknown"
"5020555",378677,2026-04-23 00:37:26,48.5727272033691,-8.99483203887939,"Unknown"
"5020555",378677,2026-04-23 00:42:25,48.5724182128906,-8.99612998962402,"Unknown"
"5020555",378677,2026-04-23 00:47:25,48.5720634460449,-8.99741268157959,"Unknown"
"5020555",378677,2026-04-23 00:52:27,48.5717964172363,-8.99868583679199,"Unknown"
"5020555",378677,2026-04-23 00:57:26,48.5715484619141,-8.99990367889404,"Unknown"
"5020555",378677,2026-04-23 01:02:28,48.5712089538574,-9.00132751464844,"Unknown"
"5020555",378677,2026-04-23 01:07:47,48.5709457397461,-9.00283813476562,"Unknown"
"5020555",378677,2026-04-23 01:12:25,48.5707740783691,-9.004150390625,"Unknown"
"5020555",378677,2026-04-23 01:17:24,48.5705909729004,-9.00548839569092,"Unknown"
"5020555",378677,2026-04-23 01:22:57,48.5704383850098,-9.00687408447266,"Unknown"
"5020555",378677,2026-04-23 01:27:24,48.5703201293945,-9.00815582275391,"Unknown"
"5020555",378677,2026-04-23 01:32:25,48.5701751708984,-9.00959205627441,"Unknown"
"5020555",378677,2026-04-23 01:37:25,48.5699615478516,-9.01102161407471,"Unknown"
"5020555",378677,2026-04-23 01:42:23,48.569709777832,-9.01255321502686,"Unknown"
"5020555",378677,2026-04-23 01:47:24,48.569450378418,-9.01407337188721,"Unknown"
"5020555",378677,2026-04-23 01:52:23,48.5691719055176,-9.01565551757812,"Unknown"
"5020555",378677,2026-04-23 01:57:25,48.5689811706543,-9.0172119140625,"Unknown"
"5020555",378677,2026-04-23 07:31:17,48.6002426147461,-8.74977493286133,"Unknown"
"5020555",378677,2026-04-23 07:44:52,48.6080627441406,-8.7383451461792,"Unknown"
"5020555",378677,2026-04-23 07:49:52,48.6125297546387,-8.73822116851807,"Unknown"
"5020555",378677,2026-04-23 07:54:51,48.6161613464355,-8.73505687713623,"Unknown"
"5020555",378677,2026-04-23 07:59:51,48.6184768676758,-8.72905731201172,"Unknown"
"5020555",378677,2026-04-23 08:04:52,48.6228790283203,-8.72066783905029,"Unknown"
"5020555",378677,2026-04-23 08:09:51,48.6236877441406,-8.71964359283447,"Unknown"
"5020555",378677,2026-04-23 08:14:51,48.6243934631348,-8.71853637695312,"Unknown"
"5020555",378677,2026-04-23 08:19:52,48.6249237060547,-8.71726036071777,"Unknown"
"5020555",378677,2026-04-23 08:24:52,48.6253471374512,-8.71571063995361,"Unknown"
"5020555",378677,2026-04-23 08:29:51,48.6257438659668,-8.71428871154785,"Unknown"
"5020555",378677,2026-04-23 08:34:51,48.626277923584,-8.71292400360107,"Unknown"
"5020555",378677,2026-04-23 08:39:51,48.6265907287598,-8.71178722381592,"Unknown"
"5020555",378677,2026-04-23 08:44:51,48.6270141601562,-8.71043109893799,"Unknown"
"5020555",378677,2026-04-23 08:49:51,48.6272354125977,-8.70898914337158,"Unknown"
"5020555",378677,2026-04-23 08:54:52,48.627368927002,-8.70747470855713,"Unknown"
"5020555",378677,2026-04-23 08:59:51,48.6273803710938,-8.70592212677002,"Unknown"
"5020555",378677,2026-04-23 09:04:52,48.6272773742676,-8.70430850982666,"Unknown"
"5020555",378677,2026-04-23 09:09:53,48.6271591186523,-8.7025728225708,"Unknown"
"5020555",378677,2026-04-23 09:14:52,48.6271438598633,-8.70084381103516,"Unknown"
"5020555",378677,2026-04-23 09:19:53,48.6269760131836,-8.69904708862305,"Unknown"
"5020555",378677,2026-04-23 09:24:56,48.6269607543945,-8.69715213775635,"Unknown"
"5020555",378677,2026-04-23 09:29:54,48.6268920898438,-8.6951789855957,"Unknown"
"5020555",378677,2026-04-23 09:34:55,48.6267852783203,-8.69337272644043,"Unknown"
"5020555",378677,2026-04-23 09:39:51,48.6267929077148,-8.69158363342285,"Unknown"
"5020555",378677,2026-04-23 09:44:53,48.6269302368164,-8.68964672088623,"Unknown"
"5020555",378677,2026-04-23 09:50:17,48.6270217895508,-8.68793773651123,"Unknown"
"5020555",378677,2026-04-23 09:54:51,48.6270484924316,-8.68661499023438,"Unknown"
"5020555",378677,2026-04-23 10:00:17,48.6268653869629,-8.68496036529541,"Unknown"
"5020555",378677,2026-04-23 10:09:25,48.6262893676758,-8.68219757080078,"Unknown"
"5020555",378677,2026-04-23 10:14:24,48.6257438659668,-8.68070697784424,"Unknown"
"5020555",378677,2026-04-23 10:19:24,48.6086463928223,-8.68188285827637,"Unknown"
"5020555",378677,2026-04-23 10:24:24,48.5833435058594,-8.69194412231445,"Unknown"
"5020555",378677,2026-04-23 10:29:28,48.5524215698242,-8.70399284362793,"Unknown"
"5020555",378677,2026-04-23 10:34:29,48.5305671691895,-8.72131061553955,"Unknown"
"5020555",378677,2026-04-23 10:39:24,48.5253143310547,-8.73185062408447,"Unknown"
"5020555",378677,2026-04-23 10:44:26,48.5247344970703,-8.73175144195557,"Unknown"
"5020555",378677,2026-04-23 10:49:25,48.5242309570312,-8.7316312789917,"Unknown"
"5020555",378677,2026-04-23 10:54:24,48.5236396789551,-8.73153114318848,"Unknown"
"5020555",378677,2026-04-23 10:59:24,48.529670715332,-8.74071311950684,"Unknown"
"5020555",378677,2026-04-23 11:04:31,48.5638618469238,-8.75915241241455,"Unknown"
"5020555",378677,2026-04-23 11:09:27,48.5970611572266,-8.76928520202637,"Unknown"
"5020555",378677,2026-04-23 11:14:31,48.6261024475098,-8.796142578125,"Unknown"
"5020555",378677,2026-04-23 11:19:33,48.6395988464355,-8.82866764068604,"Unknown"
"5020555",378677,2026-04-23 11:25:49,48.6442375183105,-8.83146190643311,"Unknown"
"5020555",378677,2026-04-23 11:30:49,48.6428260803223,-8.83180141448975,"Unknown"
"5020555",378677,2026-04-23 11:35:49,48.6403503417969,-8.8299732208252,"Unknown"
"5020555",378677,2026-04-23 11:40:49,48.6336555480957,-8.83875370025635,"Unknown"
"5020555",378677,2026-04-23 11:44:47,48.6280174255371,-8.84561824798584,"Unknown"
"5020555",378677,2026-04-23 11:49:27,48.6272659301758,-8.84545993804932,"Unknown"
"5020555",378677,2026-04-23 11:54:24,48.6263809204102,-8.84543418884277,"Unknown"
"5020555",378677,2026-04-23 11:59:24,48.6254043579102,-8.84561061859131,"Unknown"
"5020555",378677,2026-04-23 12:04:26,48.6245994567871,-8.84578990936279,"Unknown"
"5020555",378677,2026-04-23 12:09:25,48.6237144470215,-8.84638690948486,"Unknown"
"5020555",378677,2026-04-23 12:14:27,48.6228218078613,-8.84679126739502,"Unknown"
"5020555",378677,2026-04-23 12:19:28,48.6219863891602,-8.84697914123535,"Unknown"
"5020555",378677,2026-04-23 12:24:27,48.6210021972656,-8.84704780578613,"Unknown"
"5020555",378677,2026-04-23 12:29:27,48.6159858703613,-8.85001945495605,"Unknown"
"5020555",378677,2026-04-23 12:34:27,48.6280174255371,-8.87366676330566,"Unknown"
"5020555",378677,2026-04-23 12:39:26,48.634147644043,-8.87269496917725,"Unknown"
"5020555",378677,2026-04-23 12:44:28,48.6451263427734,-8.85952663421631,"Unknown"
"5020555",378677,2026-04-23 12:49:29,48.6662788391113,-8.85048675537109,"Unknown"
"5020555",378677,2026-04-23 12:54:28,48.6567649841309,-8.86193943023682,"Unknown"
"5020555",378677,2026-04-23 12:59:30,48.6421089172363,-8.89035701751709,"Unknown"
"5020555",378677,2026-04-23 13:04:29,48.6533813476562,-8.89385604858398,"Unknown"
"5020555",378677,2026-04-23 13:09:28,48.6649627685547,-8.88885974884033,"Unknown"
"5020555",378677,2026-04-23 13:14:28,48.6607666015625,-8.89244365692139,"Unknown"
"5020555",378677,2026-04-23 13:19:31,48.6668472290039,-8.89275360107422,"Unknown"
"5020555",378677,2026-04-23 13:24:29,48.66845703125,-8.89396095275879,"Unknown"
"5020555",378677,2026-04-23 13:29:31,48.670482635498,-8.89443206787109,"Unknown"
"5020555",378677,2026-04-23 13:34:31,48.6700630187988,-8.89553260803223,"Unknown"
"5020555",378677,2026-04-23 13:39:47,48.669563293457,-8.89685440063477,"Unknown"
"5020555",378677,2026-04-23 13:44:26,48.6692161560059,-8.89810085296631,"Unknown"
"5020555",378677,2026-04-23 13:49:28,48.6687927246094,-8.8994836807251,"Unknown"
"5020555",378677,2026-04-23 13:54:27,48.6660194396973,-8.90111637115479,"Unknown"
"5020555",378677,2026-04-23 14:00:31,48.6740112304688,-8.89572620391846,"Unknown"
"5020555",378677,2026-04-23 14:07:25,48.6646194458008,-8.90079212188721,"Unknown"
"5020555",378677,2026-04-23 14:12:24,48.6530914306641,-8.91188430786133,"Unknown"
"5020555",378677,2026-04-23 14:17:23,48.6530838012695,-8.91212844848633,"Unknown"
"5020555",378677,2026-04-23 14:22:23,48.6525802612305,-8.91249942779541,"Unknown"
"5020555",378677,2026-04-23 14:27:23,48.6522216796875,-8.91282558441162,"Unknown"
"5020555",378677,2026-04-23 14:32:24,48.6521034240723,-8.91304206848145,"Unknown"
"5020555",378677,2026-04-23 14:37:23,48.6518859863281,-8.91334438323975,"Unknown"
"5020555",378677,2026-04-23 14:42:26,48.651668548584,-8.91386318206787,"Unknown"
"5020555",378677,2026-04-23 14:47:24,48.6516761779785,-8.91428565979004,"Unknown"
"5020555",378677,2026-04-23 14:52:26,48.6515235900879,-8.91490745544434,"Unknown"
"5020555",378677,2026-04-23 14:57:26,48.6513328552246,-8.91539096832275,"Unknown"
"5020555",378677,2026-04-23 15:02:26,48.6513366699219,-8.91566276550293,"Unknown"
"5020555",378677,2026-04-23 15:07:26,48.6513366699219,-8.91586589813232,"Unknown"
"5020555",378677,2026-04-23 15:12:28,48.6559638977051,-8.91062641143799,"Unknown"
"5020555",378677,2026-04-23 15:17:27,48.6559791564941,-8.91097164154053,"Unknown"
"5020555",378677,2026-04-23 15:22:27,48.6559371948242,-8.91145515441895,"Unknown"
"5020555",378677,2026-04-23 15:27:23,48.6563911437988,-8.92293167114258,"Unknown"
"5020555",378677,2026-04-23 15:32:25,48.6447830200195,-8.94186592102051,"Unknown"
"5020555",378677,2026-04-23 15:37:30,48.6587524414062,-8.93011474609375,"Unknown"
"5020555",378677,2026-04-23 15:42:51,48.6756248474121,-8.91861820220947,"Unknown"
"5020555",378677,2026-04-23 15:48:48,48.6715774536133,-8.92470169067383,"Unknown"
"5020555",378677,2026-04-23 15:53:21,48.6672210693359,-8.9453592300415,"Unknown"
"5020555",378677,2026-04-23 15:57:25,48.667724609375,-8.94557476043701,"Unknown"
"5020555",378677,2026-04-23 16:02:24,48.6654853820801,-8.95022487640381,"Unknown"
"5020555",378677,2026-04-23 16:07:23,48.6748352050781,-8.9638729095459,"Unknown"
"5020555",378677,2026-04-23 16:12:25,48.663272857666,-8.97329139709473,"Unknown"
"5020555",378677,2026-04-23 16:17:26,48.6604156494141,-8.97503471374512,"Unknown"
"5020555",378677,2026-04-23 16:22:26,48.6627578735352,-8.9779167175293,"Unknown"
"5020555",378677,2026-04-23 16:27:26,48.656681060791,-8.98013305664062,"Unknown"
"5020555",378677,2026-04-23 16:32:25,48.6561584472656,-8.98883533477783,"Unknown"
"5020555",378677,2026-04-23 16:37:25,48.663330078125,-9.00447940826416,"Unknown"
"5020555",378677,2026-04-23 16:42:24,48.6401557922363,-9.00749015808105,"Unknown"
"5020555",378677,2026-04-23 16:47:25,48.6154251098633,-9.01400089263916,"Unknown"
"5020555",378677,2026-04-23 16:52:27,48.6457901000977,-9.02076816558838,"Unknown"
"5020555",378677,2026-04-23 16:57:26,48.6608734130859,-9.04665851593018,"Unknown"
"5020555",378677,2026-04-23 17:02:25,48.6467590332031,-9.06732940673828,"Unknown"
"5020555",378677,2026-04-23 17:07:26,48.6383743286133,-9.06505489349365,"Unknown"
"5020555",378677,2026-04-23 17:12:25,48.627025604248,-9.06337642669678,"Unknown"
"5020555",378677,2026-04-23 17:18:11,48.6253280639648,-9.06582355499268,"Unknown"
"5020555",378677,2026-04-23 17:22:23,48.6270904541016,-9.07518291473389,"Unknown"
"5020555",378677,2026-04-23 17:27:24,48.6415634155273,-9.10358619689941,"Unknown"
"5020555",378677,2026-04-23 17:32:25,48.6433753967285,-9.11313056945801,"Unknown"
"5020555",378677,2026-04-23 17:37:25,48.6424102783203,-9.1325798034668,"Unknown"
"5020555",378677,2026-04-23 17:42:24,48.634521484375,-9.14596176147461,"Unknown"
"5020555",378677,2026-04-23 17:47:23,48.6264839172363,-9.15151214599609,"Unknown"
"5020555",378677,2026-04-23 17:52:23,48.6261405944824,-9.15393829345703,"Unknown"
"5020555",378677,2026-04-23 17:57:26,48.6429405212402,-9.16354751586914,"Unknown"
"5020555",378677,2026-04-23 18:07:25,48.6606369018555,-9.16786861419678,"Unknown"
"5020555",378677,2026-04-23 18:12:23,48.6604995727539,-9.17742824554443,"Unknown"
"5020555",378677,2026-04-23 18:17:25,48.6545944213867,-9.16498279571533,"Unknown"
"5020555",378677,2026-04-23 18:22:23,48.6400146484375,-9.16078186035156,"Unknown"
"5020555",378677,2026-04-23 18:27:24,48.6304931640625,-9.14428615570068,"Unknown"
"5020555",378677,2026-04-23 18:32:25,48.6375617980957,-9.13187408447266,"Unknown"
"5020555",378677,2026-04-23 18:37:25,48.6501693725586,-9.10898113250732,"Unknown"
"5020555",378677,2026-04-23 18:42:24,48.6482925415039,-9.10665607452393,"Unknown"
"5020555",378677,2026-04-23 18:47:24,48.6659202575684,-9.10785865783691,"Unknown"
"5020555",378677,2026-04-23 18:52:27,48.6672248840332,-9.10627746582031,"Unknown"
"5020555",378677,2026-04-23 18:57:47,48.669017791748,-9.10308933258057,"Unknown"
"5020555",378677,2026-04-23 19:02:27,48.6686058044434,-9.1043586730957,"Unknown"
"5020555",378677,2026-04-23 19:07:28,48.6641120910645,-9.10311412811279,"Unknown"
"5020555",378677,2026-04-23 19:12:23,48.6502685546875,-9.10953521728516,"Unknown"
"5020555",378677,2026-04-23 19:17:27,48.6398887634277,-9.1240062713623,"Unknown"
"5020555",378677,2026-04-23 19:22:23,48.636531829834,-9.12693881988525,"Unknown"
"5020555",378677,2026-04-23 19:27:26,48.6204223632812,-9.13326835632324,"Unknown"
"5020555",378677,2026-04-23 19:32:28,48.6177711486816,-9.13291263580322,"Unknown"
"5020555",378677,2026-04-23 19:37:27,48.6174049377441,-9.13197612762451,"Unknown"
"5020555",378677,2026-04-23 19:42:26,48.6174049377441,-9.14401340484619,"Unknown"
"5020555",378677,2026-04-23 19:47:24,48.6195297241211,-9.14205360412598,"Unknown"
"5020555",378677,2026-04-23 19:52:27,48.6205291748047,-9.13878345489502,"Unknown"
"5020555",378677,2026-04-23 19:57:27,48.620418548584,-9.13140106201172,"Unknown"
"5020555",378677,2026-04-23 20:02:29,48.621395111084,-9.12842178344727,"Unknown"
"5020555",378677,2026-04-23 20:08:33,48.6227073669434,-9.12665176391602,"Unknown"
"5020555",378677,2026-04-23 20:12:23,48.6235694885254,-9.12625885009766,"Unknown"
"5020555",378677,2026-04-23 20:17:24,48.6243553161621,-9.12647342681885,"Unknown"
"5020555",378677,2026-04-23 20:22:23,48.624942779541,-9.12590217590332,"Unknown"
"5020555",378677,2026-04-23 20:27:23,48.6254119873047,-9.12468433380127,"Unknown"
"5020555",378677,2026-04-23 20:32:23,48.6256904602051,-9.12332057952881,"Unknown"
"5020555",378677,2026-04-23 20:37:24,48.6259994506836,-9.12188243865967,"Unknown"
"5020555",378677,2026-04-23 20:42:23,48.6264877319336,-9.12043380737305,"Unknown"
"5020555",378677,2026-04-23 20:47:23,48.6269302368164,-9.11882591247559,"Unknown"
"5020555",378677,2026-04-23 20:52:23,48.6274490356445,-9.11726379394531,"Unknown"
"5020555",378677,2026-04-23 20:57:24,48.6279220581055,-9.11570930480957,"Unknown"
"5020555",378677,2026-04-23 21:02:47,48.6284599304199,-9.11437034606934,"Unknown"
"5020555",378677,2026-04-23 21:07:23,48.6288108825684,-9.1134557723999,"Unknown"
"5020555",378677,2026-04-23 21:12:23,48.6291198730469,-9.11243343353271,"Unknown"
"5020555",378677,2026-04-23 21:17:23,48.6294136047363,-9.11153221130371,"Unknown"
"5020555",378677,2026-04-23 21:22:22,48.6296463012695,-9.11061573028564,"Unknown"
"5020555",378677,2026-04-23 21:27:22,48.6298370361328,-9.10971641540527,"Unknown"
"5020555",378677,2026-04-23 21:32:22,48.6300811767578,-9.10887241363525,"Unknown"
"5020555",378677,2026-04-23 21:37:22,48.6302947998047,-9.10798454284668,"Unknown"
"5020555",378677,2026-04-23 21:42:22,48.6307029724121,-9.10714435577393,"Unknown"
"5020555",378677,2026-04-23 21:47:26,48.6308746337891,-9.10620307922363,"Unknown"
"5020555",378677,2026-04-23 21:52:24,48.6309127807617,-9.10537910461426,"Unknown"
"5020555",378677,2026-04-23 21:57:23,48.6309471130371,-9.10455703735352,"Unknown"
"5020555",378677,2026-04-23 22:07:25,48.630802154541,-9.10311031341553,"Unknown"
"5020555",378677,2026-04-23 22:12:26,48.6307754516602,-9.10237979888916,"Unknown"
"5020555",378677,2026-04-23 22:17:23,48.6307754516602,-9.10166168212891,"Unknown"
"5020555",378677,2026-04-23 22:22:27,48.6308631896973,-9.10079956054688,"Unknown"
"5020555",378677,2026-04-23 22:27:24,48.630786895752,-9.10009670257568,"Unknown"
"5020555",378677,2026-04-23 22:32:26,48.6307945251465,-9.09921169281006,"Unknown"
"5020555",378677,2026-04-23 22:37:25,48.6309051513672,-9.09843921661377,"Unknown"
"5020555",378677,2026-04-23 22:42:28,48.6309204101562,-9.09780311584473,"Unknown"
"5020555",378677,2026-04-23 22:47:28,48.6308250427246,-9.0972318649292,"Unknown"
"5020555",378677,2026-04-23 22:52:47,48.6306762695312,-9.09663391113281,"Unknown"
"5020555",378677,2026-04-23 22:57:47,48.63037109375,-9.09613513946533,"Unknown"
"5020555",378677,2026-04-23 23:02:25,48.6301689147949,-9.09576320648193,"Unknown"
"5020555",378677,2026-04-23 23:07:25,48.6299514770508,-9.09521770477295,"Unknown"
"5020555",378677,2026-04-23 23:12:24,48.6297798156738,-9.09471797943115,"Unknown"
"5020555",378677,2026-04-23 23:17:25,48.6295547485352,-9.09408187866211,"Unknown"
"5020555",378677,2026-04-23 23:22:26,48.6292953491211,-9.09363174438477,"Unknown"
"5020555",378677,2026-04-23 23:27:25,48.6290626525879,-9.09318542480469,"Unknown"
"5020555",378677,2026-04-23 23:32:24,48.6287307739258,-9.0928201675415,"Unknown"
"5020555",378677,2026-04-23 23:37:27,48.6284103393555,-9.09240436553955,"Unknown"
"5020555",378677,2026-04-23 23:42:28,48.6280746459961,-9.09205150604248,"Unknown"
"5020555",378677,2026-04-23 23:47:57,48.6276397705078,-9.0918436050415,"Unknown"
"5020555",378677,2026-04-23 23:52:24,48.6273040771484,-9.09160041809082,"Unknown"
"5020555",378677,2026-04-23 23:57:23,48.6268882751465,-9.09143257141113,"Unknown"
"5020555",378677,2026-04-24 00:02:23,48.6263160705566,-9.09130477905273,"Unknown"
"5020555",378677,2026-04-24 00:07:23,48.6259841918945,-9.09133720397949,"Unknown"
"5020555",378677,2026-04-24 00:12:23,48.6256256103516,-9.09141445159912,"Unknown"
"5020555",378677,2026-04-24 00:17:23,48.6252975463867,-9.09146499633789,"Unknown"
"5020555",378677,2026-04-24 00:22:23,48.6248054504395,-9.09158611297607,"Unknown"
"5020555",378677,2026-04-24 00:27:25,48.6241912841797,-9.09178256988525,"Unknown"
"5020555",378677,2026-04-24 00:32:23,48.6237030029297,-9.09222316741943,"Unknown"
"5020555",378677,2026-04-24 00:37:24,48.623291015625,-9.09237289428711,"Unknown"
"5020555",378677,2026-04-24 00:42:23,48.6227073669434,-9.09283924102783,"Unknown"
"5020555",378677,2026-04-24 00:47:25,48.6220932006836,-9.09324169158936,"Unknown"
"5020555",378677,2026-04-24 00:52:24,48.6214256286621,-9.09368896484375,"Unknown"
"5020555",378677,2026-04-24 00:57:25,48.6207084655762,-9.09425354003906,"Unknown"
"5020555",378677,2026-04-24 01:02:25,48.6200256347656,-9.09480571746826,"Unknown"
"5020555",378677,2026-04-24 01:07:25,48.6193084716797,-9.0953483581543,"Unknown"
"5020555",378677,2026-04-24 01:12:30,48.6185264587402,-9.0959587097168,"Unknown"
"5020555",378677,2026-04-24 01:17:26,48.6178016662598,-9.0966100692749,"Unknown"
"5020555",378677,2026-04-24 01:22:27,48.6170921325684,-9.0973014831543,"Unknown"
"5020555",378677,2026-04-24 01:27:31,48.616382598877,-9.09805107116699,"Unknown"
"5020555",378677,2026-04-24 01:32:47,48.615650177002,-9.0988712310791,"Unknown"
"5020555",378677,2026-04-24 01:37:23,48.6150093078613,-9.09957599639893,"Unknown"
"5020555",378677,2026-04-24 01:42:23,48.6143341064453,-9.10038757324219,"Unknown"
"5020555",378677,2026-04-24 01:47:25,48.6137237548828,-9.10108470916748,"Unknown"
"5020555",378677,2026-04-24 01:52:25,48.6130599975586,-9.10190868377686,"Unknown"
"5020555",378677,2026-04-24 01:57:23,48.6124420166016,-9.10282325744629,"Unknown"
"5020555",378677,2026-04-24 02:07:47,48.6111373901367,-9.10479354858398,"Unknown"
"5020555",378677,2026-04-24 02:12:22,48.6105194091797,-9.10566520690918,"Unknown"
"5020555",378677,2026-04-24 02:17:27,48.6098556518555,-9.10662746429443,"Unknown"
"5020555",378677,2026-04-24 02:22:23,48.6091918945312,-9.10767459869385,"Unknown"
"5020555",378677,2026-04-24 02:27:23,48.6086120605469,-9.1087064743042,"Unknown"
"5020555",378677,2026-04-24 02:32:23,48.6080741882324,-9.10978126525879,"Unknown"
"5020555",378677,2026-04-24 02:37:23,48.6075134277344,-9.11084842681885,"Unknown"
"5020555",378677,2026-04-24 02:42:27,48.6069412231445,-9.11193752288818,"Unknown"
"5020555",378677,2026-04-24 02:47:23,48.6064147949219,-9.11296939849854,"Unknown"
"5020555",378677,2026-04-24 02:52:26,48.6059036254883,-9.11415672302246,"Unknown"
"5020555",378677,2026-04-24 02:57:23,48.605396270752,-9.11533832550049,"Unknown"
"5020555",378677,2026-04-24 03:02:26,48.6049919128418,-9.11653137207031,"Unknown"
"5020555",378677,2026-04-24 03:07:27,48.6045303344727,-9.1176815032959,"Unknown"
"5020555",378677,2026-04-24 03:12:29,48.6041526794434,-9.11865139007568,"Unknown"
"5020555",378677,2026-04-24 03:17:26,48.6037368774414,-9.11956024169922,"Unknown"
"5020555",378677,2026-04-24 03:22:26,48.6033020019531,-9.12052249908447,"Unknown"
"5020555",378677,2026-04-24 03:27:28,48.6029815673828,-9.12148094177246,"Unknown"
"5020555",378677,2026-04-24 03:32:29,48.602611541748,-9.12258720397949,"Unknown"
"5020555",378677,2026-04-24 03:37:57,48.6022682189941,-9.12372589111328,"Unknown"
"5020555",378677,2026-04-24 03:42:23,48.6020660400391,-9.12462615966797,"Unknown"
"5020555",378677,2026-04-24 03:47:24,48.6018180847168,-9.12564182281494,"Unknown"
"5020555",378677,2026-04-24 03:52:23,48.6016044616699,-9.12664318084717,"Unknown"
"5020555",378677,2026-04-24 03:57:25,48.6014213562012,-9.12769985198975,"Unknown"
"5020555",378677,2026-04-24 04:02:27,48.6012573242188,-9.12869739532471,"Unknown"
"5020555",378677,2026-04-24 04:07:23,48.6010627746582,-9.1296272277832,"Unknown"
"5020555",378677,2026-04-24 04:12:27,48.6008605957031,-9.1305980682373,"Unknown"
"5020555",378677,2026-04-24 04:17:47,48.600643157959,-9.13156604766846,"Unknown"
"5020555",378677,2026-04-24 04:22:23,48.6003837585449,-9.13236618041992,"Unknown"
"5020555",378677,2026-04-24 04:27:25,48.6001129150391,-9.13334369659424,"Unknown"
"5020555",378677,2026-04-24 04:32:24,48.586498260498,-9.11654186248779,"Unknown"
"5020555",378677,2026-04-24 04:37:28,48.5629959106445,-9.11450576782227,"Unknown"
"5020555",378677,2026-04-24 04:42:25,48.5474891662598,-9.137526512146,"Unknown"
"5020555",378677,2026-04-24 04:47:26,48.526195526123,-9.15037250518799,"Unknown"
"5020555",378677,2026-04-24 04:52:24,48.5156784057617,-9.15198707580566,"Unknown"
"5020555",378677,2026-04-24 04:57:25,48.4884223937988,-9.1591968536377,"Unknown"
"5020555",378677,2026-04-24 05:02:26,48.474178314209,-9.14981079101562,"Unknown"
"5020555",378677,2026-04-24 05:07:23,48.4725494384766,-9.15752029418945,"Unknown"
"5020555",378677,2026-04-24 05:12:26,48.4726982116699,-9.16307735443115,"Unknown"
"5020555",378677,2026-04-24 05:17:25,48.4724388122559,-9.16500377655029,"Unknown"
"5020555",378677,2026-04-24 05:22:29,48.4726066589355,-9.16694641113281,"Unknown"
"5020555",378677,2026-04-24 05:27:23,48.4727821350098,-9.16836261749268,"Unknown"
"5020555",378677,2026-04-24 05:32:24,48.4729881286621,-9.1698694229126,"Unknown"
"5020555",378677,2026-04-24 05:37:26,48.4732551574707,-9.17162895202637,"Unknown"
"5020555",378677,2026-04-24 05:42:24,48.473445892334,-9.17149543762207,"Unknown"
"5020555",378677,2026-04-24 05:47:28,48.4739837646484,-9.17087459564209,"Unknown"
"5020555",378677,2026-04-24 05:52:26,48.4746742248535,-9.17114353179932,"Unknown"
"5020555",378677,2026-04-24 05:57:23,48.4791030883789,-9.14835739135742,"Unknown"
"5020555",378677,2026-04-24 06:07:57,48.4780235290527,-9.154541015625,"Unknown"
"5020555",378677,2026-04-24 06:12:23,48.4812889099121,-9.14990139007568,"Unknown"
"5020555",378677,2026-04-24 06:17:23,48.4818916320801,-9.15028285980225,"Unknown"
"5020555",378677,2026-04-24 06:22:23,48.4824485778809,-9.15060997009277,"Unknown"
"5020555",378677,2026-04-24 06:27:23,48.4830284118652,-9.15080738067627,"Unknown"
"5020555",378677,2026-04-24 06:32:23,48.4976959228516,-9.14780235290527,"Unknown"
"5020555",378677,2026-04-24 06:37:25,48.5278015136719,-9.13018321990967,"Unknown"
"5020555",378677,2026-04-24 06:42:25,48.5525512695312,-9.10892581939697,"Unknown"
"5020555",378677,2026-04-24 06:47:23,48.5782661437988,-9.08823776245117,"Unknown"
"5020555",378677,2026-04-24 06:52:25,48.609073638916,-9.07197856903076,"Unknown"
"5020555",378677,2026-04-24 06:57:26,48.6290969848633,-9.04833316802979,"Unknown"
"5020555",378677,2026-04-24 07:02:24,48.644359588623,-9.01645374298096,"Unknown"
"5020555",378677,2026-04-24 07:07:26,48.643367767334,-8.998366355896,"Unknown"
"5020555",378677,2026-04-24 07:12:23,48.6440086364746,-8.99837493896484,"Unknown"
"5020555",378677,2026-04-24 07:17:25,48.6445693969727,-8.99832057952881,"Unknown"
"5020555",378677,2026-04-24 07:22:26,48.645206451416,-8.99823665618896,"Unknown"
"5020555",378677,2026-04-24 07:27:27,48.6458435058594,-8.99826431274414,"Unknown"
"5020555",378677,2026-04-24 07:32:23,48.6465492248535,-8.99836826324463,"Unknown"
"5020555",378677,2026-04-24 07:37:32,48.6655616760254,-9.00217819213867,"Unknown"
"5020555",378677,2026-04-24 07:42:25,48.693058013916,-9.00856113433838,"Unknown"
"5020555",378677,2026-04-24 07:47:26,48.7056427001953,-8.99495697021484,"Unknown"
"5020555",378677,2026-04-24 07:52:26,48.6952705383301,-8.98345756530762,"Unknown"
"5020555",378677,2026-04-24 07:57:26,48.7211112976074,-8.99007701873779,"Unknown"
"5020555",378677,2026-04-24 08:02:23,48.7479095458984,-9.01113986968994,"Unknown"
"5020555",378677,2026-04-24 08:07:27,48.7657470703125,-9.03328037261963,"Unknown"
"5020555",378677,2026-04-24 08:12:26,48.7869453430176,-9.02419090270996,"Unknown"
"5020555",378677,2026-04-24 08:17:27,48.8063812255859,-9.00760841369629,"Unknown"
"5020555",378677,2026-04-24 08:22:28,48.8064270019531,-8.99971199035645,"Unknown"
"5020555",378677,2026-04-24 08:27:34,48.8069000244141,-8.99896335601807,"Unknown"
"5020555",378677,2026-04-24 08:32:27,48.8071022033691,-8.99810695648193,"Unknown"
"5020555",378677,2026-04-24 08:37:27,48.8073387145996,-8.99726581573486,"Unknown"
"5020555",378677,2026-04-24 08:42:25,48.8066864013672,-8.99825668334961,"Unknown"
"5020555",378677,2026-04-24 08:47:27,48.8001670837402,-8.99014854431152,"Unknown"
"5020555",378677,2026-04-24 08:52:28,48.772533416748,-9.00348377227783,"Unknown"
"5020555",378677,2026-04-24 08:57:26,48.7434997558594,-9.00954055786133,"Unknown"
"5020555",378677,2026-04-24 09:13:48,48.7421989440918,-8.95351600646973,"Unknown"
"5020555",378677,2026-04-24 09:18:48,48.7300491333008,-8.94453811645508,"Unknown"
"5020555",378677,2026-04-24 09:23:48,48.7048110961914,-8.95049667358398,"Unknown"
"5020555",378677,2026-04-24 09:27:47,48.6960830688477,-8.95217323303223,"Unknown"
"5020555",378677,2026-04-24 09:32:23,48.6964073181152,-8.95227146148682,"Unknown"
"5020555",378677,2026-04-24 09:37:23,48.6967620849609,-8.95225620269775,"Unknown"
"5020555",378677,2026-04-24 09:42:23,48.6971282958984,-8.9522705078125,"Unknown"
"5020555",378677,2026-04-24 09:47:25,48.6974220275879,-8.95229530334473,"Unknown"
"5020555",378677,2026-04-24 09:52:23,48.6977806091309,-8.95230865478516,"Unknown"
"5020555",378677,2026-04-24 09:57:24,48.6981163024902,-8.95228862762451,"Unknown"
"5020555",378677,2026-04-24 10:07:25,48.698802947998,-8.9521598815918,"Unknown"
"5020555",378677,2026-04-24 10:12:26,48.699104309082,-8.95207500457764,"Unknown"
"5020555",378677,2026-04-24 10:17:26,48.6994247436523,-8.95198345184326,"Unknown"
"5020555",378677,2026-04-24 10:22:26,48.6996459960938,-8.95175170898438,"Unknown"
"5020555",378677,2026-04-24 10:27:23,48.699821472168,-8.95151710510254,"Unknown"
"5020555",378677,2026-04-24 10:32:25,48.687816619873,-8.93441772460938,"Unknown"
"5020555",378677,2026-04-24 10:37:27,48.6822280883789,-8.91684055328369,"Unknown"
"5020555",378677,2026-04-24 10:42:25,48.6850128173828,-8.92779350280762,"Unknown"
"5020555",378677,2026-04-24 10:47:25,48.7153549194336,-8.92486190795898,"Unknown"
"5020555",378677,2026-04-24 10:52:26,48.7458229064941,-8.91973400115967,"Unknown"
"5020555",378677,2026-04-24 10:57:30,48.7707138061523,-8.91657638549805,"Unknown"
"5020555",378677,2026-04-24 11:02:27,48.7779388427734,-8.90033626556396,"Unknown"
"5020555",378677,2026-04-24 11:07:30,48.7723083496094,-8.90471076965332,"Unknown"
"5020555",378677,2026-04-24 11:12:28,48.767505645752,-8.89654350280762,"Unknown"
"5020555",378677,2026-04-24 11:17:27,48.7575225830078,-8.89160823822021,"Unknown"
"5020555",378677,2026-04-24 11:22:28,48.7595367431641,-8.88017272949219,"Unknown"
"5020555",378677,2026-04-24 11:27:25,48.7587890625,-8.87576198577881,"Unknown"
"5020555",378677,2026-04-24 11:33:48,48.7397003173828,-8.88323783874512,"Unknown"
"5020555",378677,2026-04-24 11:38:48,48.7364768981934,-8.88262367248535,"Unknown"
"5020555",378677,2026-04-24 11:43:48,48.7546920776367,-8.87674903869629,"Unknown"
"5020555",378677,2026-04-24 11:48:48,48.7496376037598,-8.8637638092041,"Unknown"
"5020555",378677,2026-04-24 11:52:57,48.7497367858887,-8.86339092254639,"Unknown"
"5020555",378677,2026-04-24 11:57:23,48.7498512268066,-8.86322689056396,"Unknown"
"5020555",378677,2026-04-24 12:02:23,48.7500915527344,-8.86302947998047,"Unknown"
"5020555",378677,2026-04-24 12:07:25,48.750358581543,-8.86262321472168,"Unknown"
"5020555",378677,2026-04-24 12:12:23,48.750617980957,-8.86241626739502,"Unknown"
"5020555",378677,2026-04-24 12:17:25,48.7507514953613,-8.86210346221924,"Unknown"
"5020555",378677,2026-04-24 12:22:23,48.7510032653809,-8.86189460754395,"Unknown"
"5020555",378677,2026-04-24 12:27:23,48.7512092590332,-8.86185932159424,"Unknown"
"5020555",378677,2026-04-24 12:32:25,48.7450408935547,-8.8618049621582,"Unknown"
"5020555",378677,2026-04-24 12:37:25,48.739860534668,-8.87779998779297,"Unknown"
"5020555",378677,2026-04-24 12:42:25,48.7375297546387,-8.89647960662842,"Unknown"
"5020555",378677,2026-04-24 12:47:23,48.7375869750977,-8.90610122680664,"Unknown"
"5020555",378677,2026-04-24 12:52:27,48.740478515625,-8.90346050262451,"Unknown"
"5020555",378677,2026-04-24 12:57:59,48.7407302856445,-8.90193462371826,"Unknown"
"5020555",378677,2026-04-24 13:02:24,48.7375755310059,-8.90268993377686,"Unknown"
"5020555",378677,2026-04-24 13:07:25,48.7354621887207,-8.90038394927979,"Unknown"
"5020555",378677,2026-04-24 13:12:25,48.7353439331055,-8.9003324508667,"Unknown"
"5020555",378677,2026-04-24 13:17:31,48.7351684570312,-8.90029525756836,"Unknown"
"5020555",378677,2026-04-24 13:22:28,48.7352714538574,-8.90036487579346,"Unknown"
"5020555",378677,2026-04-24 13:27:29,48.7352981567383,-8.90073585510254,"Unknown"
"5020555",378677,2026-04-24 13:32:29,48.7353515625,-8.90081977844238,"Unknown"
"5020555",378677,2026-04-24 13:37:31,48.735408782959,-8.90093326568604,"Unknown"
"5020555",378677,2026-04-24 13:42:27,48.7356986999512,-8.90098285675049,"Unknown"
"5020555",378677,2026-04-24 13:47:47,48.7357749938965,-8.9010534286499,"Unknown"
"5020555",378677,2026-04-24 13:52:26,48.7356300354004,-8.90135955810547,"Unknown"
"5020555",378677,2026-04-24 13:57:25,48.7453651428223,-8.89432430267334,"Unknown"
"5020555",378677,2026-04-24 14:07:51,48.7357406616211,-8.88450908660889,"Unknown"
"5020555",378677,2026-04-24 14:12:25,48.7403297424316,-8.87834739685059,"Unknown"
"5020555",378677,2026-04-24 14:17:25,48.7520942687988,-8.8364953994751,"Unknown"
"5020555",378677,2026-04-24 14:22:33,48.7692718505859,-8.79744815826416,"Unknown"
"5020555",378677,2026-04-24 14:27:25,48.7778167724609,-8.78213691711426,"Unknown"
"5020555",378677,2026-04-24 14:32:24,48.791145324707,-8.72810363769531,"Unknown"
"5020555",378677,2026-04-24 14:37:24,48.809684753418,-8.6783561706543,"Unknown"
"5020555",378677,2026-04-24 14:42:24,48.8223075866699,-8.62887859344482,"Unknown"
"5020555",378677,2026-04-24 14:47:49,48.8329010009766,-8.59254264831543,"Unknown"
"5020555",378677,2026-04-24 14:52:26,48.836124420166,-8.57217597961426,"Unknown"
"5020555",378677,2026-04-24 14:57:29,48.8572692871094,-8.5269832611084,"Unknown"
"5020555",378677,2026-04-24 15:02:28,48.8732528686523,-8.48043632507324,"Unknown"
"5020555",378677,2026-04-24 15:07:29,48.8897933959961,-8.43342781066895,"Unknown"
"5020555",378677,2026-04-24 15:12:26,48.9118194580078,-8.39430046081543,"Unknown"
"5020555",378677,2026-04-24 15:17:29,48.9297523498535,-8.37285995483398,"Unknown"
"5020555",378677,2026-04-24 15:22:27,48.9405250549316,-8.3536205291748,"Unknown"
"5020555",378677,2026-04-24 15:27:28,48.9402961730957,-8.35370063781738,"Unknown"
"5020555",378677,2026-04-24 15:32:26,48.9500885009766,-8.33942127227783,"Unknown"
"5020555",378677,2026-04-24 15:37:28,48.9765930175781,-8.30472564697266,"Unknown"
"5020555",378677,2026-04-24 15:42:24,48.9940490722656,-8.27837085723877,"Unknown"
"5020555",378677,2026-04-24 15:47:27,49.0163803100586,-8.24196815490723,"Unknown"
"5020555",378677,2026-04-24 15:52:27,49.0438461303711,-8.20807456970215,"Unknown"
"5020555",378677,2026-04-24 15:57:26,49.0676193237305,-8.16995429992676,"Unknown"
"5020555",378677,2026-04-24 16:28:27,49.2066688537598,-7.93279552459717,"Unknown"
"5020555",378677,2026-04-24 16:32:24,49.2087516784668,-7.92203235626221,"Unknown"
"5020555",378677,2026-04-24 16:37:28,49.2098846435547,-7.91934061050415,"Unknown"
"5020555",378677,2026-04-24 16:42:28,49.2263031005859,-7.88637781143188,"Unknown"
"5020555",378677,2026-04-24 16:47:22,49.246166229248,-7.84811305999756,"Unknown"
"5020555",378677,2026-04-24 16:52:25,49.2688484191895,-7.80649900436401,"Unknown"
"5020555",378677,2026-04-24 16:57:24,49.2675476074219,-7.77932739257812,"Unknown"
"5020555",378677,2026-04-24 17:02:24,49.2707672119141,-7.74640226364136,"Unknown"
"5020555",378677,2026-04-24 17:07:23,49.2769050598145,-7.7140097618103,"Unknown"
"5020555",378677,2026-04-24 17:12:26,49.291820526123,-7.674391746521,"Unknown"
"5020555",378677,2026-04-24 17:17:25,49.313159942627,-7.63358163833618,"Unknown"
"5020555",378677,2026-04-24 17:22:24,49.3325843811035,-7.59149932861328,"Unknown"
"5020555",378677,2026-04-24 17:27:24,49.3443641662598,-7.56293487548828,"Unknown"
"5020555",378677,2026-04-24 17:32:25,49.3567314147949,-7.54837656021118,"Unknown"
"5020555",378677,2026-04-24 17:38:47,49.3615303039551,-7.54256439208984,"Unknown"
"5020555",378677,2026-04-24 17:43:33,49.3603820800781,-7.51805448532104,"Unknown"
"5020555",378677,2026-04-24 17:47:23,49.3551025390625,-7.51501274108887,"Unknown"
"5020555",378677,2026-04-24 17:52:25,49.3543815612793,-7.51895236968994,"Unknown"
"5020555",378677,2026-04-24 17:57:23,49.3414535522461,-7.53737878799438,"Unknown"
"5020555",378677,2026-04-24 18:07:25,49.354621887207,-7.51735687255859,"Unknown"
"5020555",378677,2026-04-24 18:12:25,49.3563079833984,-7.49570989608765,"Unknown"
"5020555",378677,2026-04-24 18:17:26,49.3778495788574,-7.47055625915527,"Unknown"
"5020555",378677,2026-04-24 18:23:48,49.3843116760254,-7.45042657852173,"Unknown"
"5020555",378677,2026-04-24 18:28:48,49.3855323791504,-7.45474195480347,"Unknown"
"5020555",378677,2026-04-24 18:33:41,49.3863716125488,-7.44999837875366,"Unknown"
"5020555",378677,2026-04-24 18:37:27,49.3870964050293,-7.44973659515381,"Unknown"
"5020555",378677,2026-04-24 18:42:24,49.3876800537109,-7.44958209991455,"Unknown"
"5020555",378677,2026-04-24 18:47:26,49.3908996582031,-7.44375085830688,"Unknown"
"5020555",378677,2026-04-24 18:52:26,49.3902206420898,-7.43221616744995,"Unknown"
"5020555",378677,2026-04-24 18:57:24,49.3910675048828,-7.4280047416687,"Unknown"
"5020555",378677,2026-04-24 19:03:48,49.3997230529785,-7.42677021026611,"Unknown"
"5020555",378677,2026-04-24 19:07:47,49.4024658203125,-7.42678070068359,"Unknown"
"5020555",378677,2026-04-24 19:12:25,49.3969573974609,-7.43087244033813,"Unknown"
"5020555",378677,2026-04-24 19:17:23,49.3839111328125,-7.43972682952881,"Unknown"
"5020555",378677,2026-04-24 19:22:23,49.3802032470703,-7.43649053573608,"Unknown"
"5020555",378677,2026-04-24 19:27:24,49.3779335021973,-7.42916774749756,"Unknown"
"5020555",378677,2026-04-24 19:32:26,49.3782691955566,-7.42822694778442,"Unknown"
"5020555",378677,2026-04-24 19:37:25,49.3716812133789,-7.42740058898926,"Unknown"
"5020555",378677,2026-04-24 19:42:23,49.3781127929688,-7.42648506164551,"Unknown"
"5020555",378677,2026-04-24 19:47:23,49.3787956237793,-7.42628049850464,"Unknown"
"5020555",378677,2026-04-24 19:52:27,49.3795051574707,-7.42606353759766,"Unknown"
"5020555",378677,2026-04-24 19:57:23,49.3802146911621,-7.42586135864258,"Unknown"
"5020555",378677,2026-04-24 20:02:23,49.3809623718262,-7.42557287216187,"Unknown"
"5020555",378677,2026-04-24 20:07:25,49.3818359375,-7.42515230178833,"Unknown"
"5020555",378677,2026-04-24 20:12:28,49.3824844360352,-7.42431640625,"Unknown"
"5020555",378677,2026-04-24 20:17:28,49.3831596374512,-7.42353248596191,"Unknown"
"5020555",378677,2026-04-24 20:22:27,49.383731842041,-7.42335414886475,"Unknown"
"5020555",378677,2026-04-24 20:27:31,49.3844909667969,-7.4229416847229,"Unknown"
"5020555",378677,2026-04-24 20:32:27,49.3852081298828,-7.42252826690674,"Unknown"
"5020555",378677,2026-04-24 20:37:28,49.3859672546387,-7.42202234268188,"Unknown"
"5020555",378677,2026-04-24 20:42:25,49.3866653442383,-7.42144155502319,"Unknown"
"5020555",378677,2026-04-24 20:47:29,49.3874015808105,-7.42089748382568,"Unknown"
"5020555",378677,2026-04-24 20:52:57,49.3881912231445,-7.4202995300293,"Unknown"
"5020555",378677,2026-04-24 20:57:23,49.3887786865234,-7.41983413696289,"Unknown"
"5020555",378677,2026-04-24 21:02:23,49.3894271850586,-7.41928625106812,"Unknown"
"5020555",378677,2026-04-24 21:07:23,49.3900566101074,-7.41879034042358,"Unknown"
"5020555",378677,2026-04-24 21:12:23,49.3907165527344,-7.41818523406982,"Unknown"
"5020555",378677,2026-04-24 21:17:23,49.391414642334,-7.41759395599365,"Unknown"
"5020555",378677,2026-04-24 21:22:23,49.3920783996582,-7.41691303253174,"Unknown"
"5020555",378677,2026-04-24 21:27:23,49.3927307128906,-7.41622447967529,"Unknown"
"5020555",378677,2026-04-24 21:32:23,49.3933448791504,-7.4155797958374,"Unknown"
"5020555",378677,2026-04-24 21:37:23,49.393985748291,-7.4148588180542,"Unknown"
"5020555",378677,2026-04-24 21:42:24,49.3945808410645,-7.41414880752563,"Unknown"
"5020555",378677,2026-04-24 21:47:23,49.3951148986816,-7.4133505821228,"Unknown"
"5020555",378677,2026-04-24 21:52:23,49.3956680297852,-7.41256713867188,"Unknown"
"5020555",378677,2026-04-24 21:57:25,49.3961906433105,-7.41175985336304,"Unknown"
"5020555",378677,2026-04-24 22:07:23,49.3972015380859,-7.41017055511475,"Unknown"
"5020555",378677,2026-04-24 22:12:27,49.3976821899414,-7.40943765640259,"Unknown"
"5020555",378677,2026-04-24 22:17:26,49.3980941772461,-7.40869426727295,"Unknown"
"5020555",378677,2026-04-24 22:22:26,49.3985061645508,-7.40786266326904,"Unknown"
"5020555",378677,2026-04-24 22:27:23,49.3988838195801,-7.40715360641479,"Unknown"
"5020555",378677,2026-04-24 22:32:27,49.3992042541504,-7.40643835067749,"Unknown"
"5020555",378677,2026-04-24 22:37:27,49.3995094299316,-7.40576171875,"Unknown"
"5020555",378677,2026-04-24 22:42:29,49.3997764587402,-7.40509033203125,"Unknown"
"5020555",378677,2026-04-24 22:47:47,49.4000129699707,-7.40444755554199,"Unknown"
"5020555",378677,2026-04-24 22:52:23,49.4001541137695,-7.40384006500244,"Unknown"
"5020555",378677,2026-04-24 22:57:23,49.4003448486328,-7.40320873260498,"Unknown"
"5020555",378677,2026-04-24 23:02:23,49.4004974365234,-7.40257596969604,"Unknown"
"5020555",378677,2026-04-24 23:07:23,49.4005889892578,-7.40190744400024,"Unknown"
"5020555",378677,2026-04-24 23:12:23,49.4007034301758,-7.40121793746948,"Unknown"
"5020555",378677,2026-04-24 23:17:23,49.4007949829102,-7.40050601959229,"Unknown"
"5020555",378677,2026-04-24 23:22:23,49.4008712768555,-7.39974975585938,"Unknown"
"5020555",378677,2026-04-24 23:27:27,49.4009017944336,-7.39907646179199,"Unknown"
"5020555",378677,2026-04-24 23:32:23,49.4009399414062,-7.39846038818359,"Unknown"
"5020555",378677,2026-04-24 23:37:23,49.4009819030762,-7.39785003662109,"Unknown"
"5020555",378677,2026-04-24 23:42:23,49.4010276794434,-7.39721298217773,"Unknown"
"5020555",378677,2026-04-24 23:47:25,49.4010772705078,-7.39643001556396,"Unknown"
"5020555",378677,2026-04-24 23:52:23,49.4010543823242,-7.39569282531738,"Unknown"
"5020555",378677,2026-04-24 23:57:27,49.4010810852051,-7.39498519897461,"Unknown"
"5020555",378677,2026-04-25 00:02:47,49.401065826416,-7.39415550231934,"Unknown"
"5020555",378677,2026-04-25 00:07:25,49.4010429382324,-7.39353084564209,"Unknown"
"5020555",378677,2026-04-25 00:12:26,49.4010009765625,-7.3929009437561,"Unknown"
"5020555",378677,2026-04-25 00:17:23,49.4009323120117,-7.39224672317505,"Unknown"
"5020555",378677,2026-04-25 00:22:27,49.4008369445801,-7.39175844192505,"Unknown"
"5020555",378677,2026-04-25 00:27:28,49.4007453918457,-7.39116191864014,"Unknown"
"5020555",378677,2026-04-25 00:32:26,49.4005317687988,-7.39132070541382,"Unknown"
"5020555",378677,2026-04-25 00:37:22,49.4002876281738,-7.39088869094849,"Unknown"
"5020555",378677,2026-04-25 00:42:26,49.4000358581543,-7.39037561416626,"Unknown"
"5020555",378677,2026-04-25 00:47:27,49.3998603820801,-7.38987493515015,"Unknown"
"5020555",378677,2026-04-25 00:52:22,49.399658203125,-7.38943243026733,"Unknown"
"5020555",378677,2026-04-25 00:57:22,49.3994178771973,-7.38893985748291,"Unknown"
"5020555",378677,2026-04-25 01:02:57,49.3991661071777,-7.38841676712036,"Unknown"
"5020555",378677,2026-04-25 01:07:23,49.3989715576172,-7.3880467414856,"Unknown"
"5020555",378677,2026-04-25 01:12:25,49.3986740112305,-7.38766813278198,"Unknown"
"5020555",378677,2026-04-25 01:17:23,49.3984375,-7.38734579086304,"Unknown"
"5020555",378677,2026-04-25 01:22:23,49.3981971740723,-7.38705110549927,"Unknown"
"5020555",378677,2026-04-25 01:27:24,49.3979301452637,-7.38680458068848,"Unknown"
"5020555",378677,2026-04-25 01:32:23,49.3976402282715,-7.38650989532471,"Unknown"
"5020555",378677,2026-04-25 01:37:23,49.3973426818848,-7.3862156867981,"Unknown"
"5020555",378677,2026-04-25 01:42:23,49.3969879150391,-7.38591909408569,"Unknown"
"5020555",378677,2026-04-25 01:47:24,49.3966064453125,-7.38564443588257,"Unknown"
"5020555",378677,2026-04-25 01:52:25,49.3962593078613,-7.38535165786743,"Unknown"
"5020555",378677,2026-04-25 01:57:24,49.3958778381348,-7.38510084152222,"Unknown"
"5020555",378677,2026-04-25 02:07:24,49.3951873779297,-7.38466262817383,"Unknown"
"5020555",378677,2026-04-25 02:12:24,49.3948364257812,-7.38447904586792,"Unknown"
"5020555",378677,2026-04-25 02:17:25,49.3944549560547,-7.38435888290405,"Unknown"
"5020555",378677,2026-04-25 02:22:24,49.3940582275391,-7.38426399230957,"Unknown"
"5020555",378677,2026-04-25 02:27:27,49.3936195373535,-7.38423681259155,"Unknown"
"5020555",378677,2026-04-25 02:32:24,49.3932037353516,-7.38429546356201,"Unknown"
"5020555",378677,2026-04-25 02:37:26,49.3927459716797,-7.38437461853027,"Unknown"
"5020555",378677,2026-04-25 02:42:23,49.3921890258789,-7.38439846038818,"Unknown"
"5020555",378677,2026-04-25 02:47:24,49.3916854858398,-7.38456535339355,"Unknown"
"5020555",378677,2026-04-25 02:52:25,49.3911972045898,-7.38479804992676,"Unknown"
"5020555",378677,2026-04-25 02:57:25,49.390739440918,-7.38510417938232,"Unknown"
"5020555",378677,2026-04-25 03:02:25,49.3903007507324,-7.38546657562256,"Unknown"
"5020555",378677,2026-04-25 03:07:25,49.3898124694824,-7.38585329055786,"Unknown"
"5020555",378677,2026-04-25 03:12:25,49.3893394470215,-7.38626956939697,"Unknown"
"5020555",378677,2026-04-25 03:17:25,49.3888282775879,-7.38665199279785,"Unknown"
"5020555",378677,2026-04-25 03:22:27,49.3883285522461,-7.38708019256592,"Unknown"
"5020555",378677,2026-04-25 03:27:27,49.3878555297852,-7.38760232925415,"Unknown"
"5020555",378677,2026-04-25 03:32:25,49.387393951416,-7.38802623748779,"Unknown"
"5020555",378677,2026-04-25 03:37:28,49.3870086669922,-7.388596534729,"Unknown"
"5020555",378677,2026-04-25 03:42:47,49.3865089416504,-7.38913297653198,"Unknown"
"5020555",378677,2026-04-25 03:47:27,49.3860893249512,-7.38964891433716,"Unknown"
"5020555",378677,2026-04-25 03:52:26,49.3856658935547,-7.39019727706909,"Unknown"
"5020555",378677,2026-04-25 03:57:27,49.3852462768555,-7.39078950881958,"Unknown"
"5020555",378677,2026-04-25 04:02:57,49.3847885131836,-7.39140653610229,"Unknown"
"5020555",378677,2026-04-25 04:07:23,49.3844604492188,-7.39198350906372,"Unknown"
"5020555",378677,2026-04-25 04:12:28,49.3840827941895,-7.3926420211792,"Unknown"
"5020555",378677,2026-04-25 04:17:26,49.3836860656738,-7.39333724975586,"Unknown"
"5020555",378677,2026-04-25 04:22:47,49.3833541870117,-7.39404439926147,"Unknown"
"5020555",378677,2026-04-25 04:27:47,49.3830909729004,-7.39476203918457,"Unknown"
"5020555",378677,2026-04-25 04:32:23,49.3828392028809,-7.39546966552734,"Unknown"
"5020555",378677,2026-04-25 04:37:23,49.3825454711914,-7.39617776870728,"Unknown"
"5020555",378677,2026-04-25 04:42:23,49.382152557373,-7.39706563949585,"Unknown"
"5020555",378677,2026-04-25 04:47:24,49.3819007873535,-7.39780759811401,"Unknown"
"5020555",378677,2026-04-25 04:52:23,49.3836555480957,-7.37837409973145,"Unknown"
"5020555",378677,2026-04-25 04:57:25,49.3864135742188,-7.36869525909424,"Unknown"
"5020555",378677,2026-04-25 05:02:28,49.4036979675293,-7.34207916259766,"Unknown"
"5020555",378677,2026-04-25 05:07:24,49.405086517334,-7.35067939758301,"Unknown"
"5020555",378677,2026-04-25 05:12:26,49.3950958251953,-7.36237668991089,"Unknown"
"5020555",378677,2026-04-25 05:17:27,49.3912506103516,-7.36098480224609,"Unknown"
"5020555",378677,2026-04-25 05:22:25,49.3878211975098,-7.36321640014648,"Unknown"
"5020555",378677,2026-04-25 05:27:23,49.386531829834,-7.36464166641235,"Unknown"
"5020555",378677,2026-04-25 05:32:26,49.3866004943848,-7.36538934707642,"Unknown"
"5020555",378677,2026-04-25 05:37:28,49.3867378234863,-7.36595916748047,"Unknown"
"5020555",378677,2026-04-25 05:42:29,49.3870429992676,-7.36657619476318,"Unknown"
"5020555",378677,2026-04-25 05:47:26,49.3873291015625,-7.36698722839355,"Unknown"
"5020555",378677,2026-04-25 05:52:27,49.3874702453613,-7.36761522293091,"Unknown"
"5020555",378677,2026-04-25 05:57:27,49.3877372741699,-7.36803960800171,"Unknown"
"5020555",378677,2026-04-25 06:07:25,49.3882522583008,-7.36900901794434,"Unknown"
"5020555",378677,2026-04-25 06:12:27,49.3886566162109,-7.36927938461304,"Unknown"
"5020555",378677,2026-04-25 06:17:26,49.3893013000488,-7.36961841583252,"Unknown"
"5020555",378677,2026-04-25 06:22:26,49.3899040222168,-7.36961126327515,"Unknown"
"5020555",378677,2026-04-25 06:27:25,49.396800994873,-7.36697196960449,"Unknown"
"5020555",378677,2026-04-25 06:32:29,49.4183044433594,-7.31651830673218,"Unknown"
"5020555",378677,2026-04-25 06:37:33,49.4416770935059,-7.26712560653687,"Unknown"
"5020555",378677,2026-04-25 06:42:27,49.4665985107422,-7.22608232498169,"Unknown"
"5020555",378677,2026-04-25 06:47:26,49.4885101318359,-7.17780447006226,"Unknown"
"5020555",378677,2026-04-25 06:52:40,49.5124015808105,-7.13905668258667,"Unknown"
"5020555",378677,2026-04-25 06:57:28,49.5384368896484,-7.10702514648438,"Unknown"
"5020555",378677,2026-04-25 07:21:54,49.6473770141602,-6.90848064422607,"Unknown"
"5020555",378677,2026-04-25 07:23:48,49.6526336669922,-6.89222812652588,"Unknown"
"5020555",378677,2026-04-25 07:27:47,49.6646308898926,-6.87367534637451,"Unknown"
"5020555",378677,2026-04-25 07:32:27,49.671573638916,-6.8688497543335,"Unknown"
"5020555",378677,2026-04-25 07:37:24,49.6720008850098,-6.86902236938477,"Unknown"
"5020555",378677,2026-04-25 07:42:24,49.6873321533203,-6.85319423675537,"Unknown"
"5020555",378677,2026-04-25 07:47:25,49.7147331237793,-6.83165454864502,"Unknown"
"5020555",378677,2026-04-25 07:52:25,49.7428779602051,-6.80986022949219,"Unknown"
"5020555",378677,2026-04-25 07:57:23,49.7707366943359,-6.78979587554932,"Unknown"
"5020555",378677,2026-04-25 08:02:26,49.799243927002,-6.77060461044312,"Unknown"
"5020555",378677,2026-04-25 08:07:24,49.8263854980469,-6.75603771209717,"Unknown"
"5020555",378677,2026-04-25 08:12:27,49.857063293457,-6.73921203613281,"Unknown"
"5020555",378677,2026-04-25 08:17:26,49.8855590820312,-6.71098184585571,"Unknown"
"5020555",378677,2026-04-25 08:22:26,49.9043998718262,-6.68672513961792,"Unknown"
"5020555",378677,2026-04-25 08:27:26,49.9325485229492,-6.67654418945312,"Unknown"
"5020555",378677,2026-04-25 08:33:33,49.9699516296387,-6.65012693405151,"Unknown"
"5020555",378677,2026-04-25 08:37:26,49.9921264648438,-6.632972240448,"Unknown"
"5020555",378677,2026-04-25 08:42:26,50.0140228271484,-6.6195650100708,"Unknown"
"5020555",378677,2026-04-25 08:47:26,50.0255584716797,-6.59882354736328,"Unknown"
"5020555",378677,2026-04-25 08:52:26,50.0263824462891,-6.5981330871582,"Unknown"
"5020555",378677,2026-04-25 08:57:26,50.0515899658203,-6.57304334640503,"Unknown"
"5020555",378677,2026-04-25 09:02:27,50.0796432495117,-6.55184841156006,"Unknown"
"5020555",378677,2026-04-25 09:07:27,50.1118049621582,-6.53823232650757,"Unknown"
"5020555",378677,2026-04-25 09:12:30,50.1431617736816,-6.51343107223511,"Unknown"
"5020555",378677,2026-04-25 09:17:27,50.1614112854004,-6.49958515167236,"Unknown"
"5020555",378677,2026-04-25 09:22:27,50.1892547607422,-6.46566009521484,"Unknown"
"5020555",378677,2026-04-25 09:27:25,50.2202758789062,-6.43827819824219,"Unknown"
"5020555",378677,2026-04-25 09:32:23,50.2477569580078,-6.41271066665649,"Unknown"
"5020555",378677,2026-04-25 09:37:23,50.2488250732422,-6.41229581832886,"Unknown"
"5020555",378677,2026-04-25 09:42:23,50.2497901916504,-6.41163349151611,"Unknown"
"5020555",378677,2026-04-25 09:47:23,50.2507705688477,-6.41088151931763,"Unknown"
"5020555",378677,2026-04-25 09:52:23,50.2517318725586,-6.41015195846558,"Unknown"
"5020555",378677,2026-04-25 09:57:23,50.2524108886719,-6.41073608398438,"Unknown"
"5020555",378677,2026-04-25 10:07:47,50.2542037963867,-6.40929269790649,"Unknown"
"5020555",378677,2026-04-25 10:12:25,50.2550354003906,-6.40867567062378,"Unknown"
"5020555",378677,2026-04-25 10:17:26,50.2558631896973,-6.40817260742188,"Unknown"
"5020555",378677,2026-04-25 10:22:26,50.2567939758301,-6.40742206573486,"Unknown"
"5020555",378677,2026-04-25 10:27:29,50.2571754455566,-6.40744113922119,"Unknown"
"5020555",378677,2026-04-25 10:32:26,50.2562255859375,-6.39786100387573,"Unknown"
"5020555",378677,2026-04-25 10:37:26,50.2571640014648,-6.39700508117676,"Unknown"
"5020555",378677,2026-04-25 10:42:25,50.2580909729004,-6.39607191085815,"Unknown"
"5020555",378677,2026-04-25 10:47:26,50.2576637268066,-6.40038442611694,"Unknown"
"5020555",378677,2026-04-25 10:52:32,50.2761650085449,-6.37696027755737,"Unknown"
"5020555",378677,2026-04-25 10:57:31,50.2771224975586,-6.37586116790771,"Unknown"
"5020555",378677,2026-04-25 11:02:25,50.2779731750488,-6.37463617324829,"Unknown"
"5020555",378677,2026-04-25 11:07:24,50.2788696289062,-6.3734769821167,"Unknown"
"5020555",378677,2026-04-25 11:12:26,50.2796516418457,-6.37231683731079,"Unknown"
"5020555",378677,2026-04-25 11:17:25,50.2804794311523,-6.37119579315185,"Unknown"
"5020555",378677,2026-04-25 11:22:26,50.2812843322754,-6.37009859085083,"Unknown"
"5020555",378677,2026-04-25 11:27:25,50.2820167541504,-6.36894989013672,"Unknown"
"5020555",378677,2026-04-25 11:32:22,50.28271484375,-6.36779975891113,"Unknown"
"5020555",378677,2026-04-25 11:37:26,50.2833786010742,-6.36670637130737,"Unknown"
"5020555",378677,2026-04-25 11:42:26,50.2839164733887,-6.36556196212769,"Unknown"
"5020555",378677,2026-04-25 11:47:26,50.2844047546387,-6.3644380569458,"Unknown"
"5020555",378677,2026-04-25 11:52:26,50.2848968505859,-6.36321640014648,"Unknown"
"5020555",378677,2026-04-25 11:57:29,50.2853775024414,-6.36187744140625,"Unknown"
"5020555",378677,2026-04-25 12:02:32,50.2858085632324,-6.36061716079712,"Unknown"
"5020555",378677,2026-04-25 12:07:29,50.2861938476562,-6.35941553115845,"Unknown"
"5020555",378677,2026-04-25 12:12:33,50.2866134643555,-6.35811805725098,"Unknown"
"5020555",378677,2026-04-25 12:17:31,50.2869606018066,-6.35688161849976,"Unknown"
"5020555",378677,2026-04-25 12:22:31,50.2872734069824,-6.35556411743164,"Unknown"
"5020555",378677,2026-04-25 12:27:31,50.2875175476074,-6.35429191589355,"Unknown"
"5020555",378677,2026-04-25 12:32:47,50.2877998352051,-6.35278177261353,"Unknown"
"5020555",378677,2026-04-25 12:37:24,50.2879829406738,-6.35135412216187,"Unknown"
"5020555",378677,2026-04-25 12:42:24,50.2880516052246,-6.34994840621948,"Unknown"
"5020555",378677,2026-04-25 12:47:25,50.2880439758301,-6.34861707687378,"Unknown"
"5020555",378677,2026-04-25 12:52:28,50.2880973815918,-6.34728956222534,"Unknown"
"5020555",378677,2026-04-25 12:57:25,50.2880363464355,-6.34602689743042,"Unknown"
"5020555",378677,2026-04-25 13:02:26,50.2880973815918,-6.34485912322998,"Unknown"
"5020555",378677,2026-04-25 13:07:24,50.2880210876465,-6.34386777877808,"Unknown"
"5020555",378677,2026-04-25 13:12:28,50.2849617004395,-6.33502817153931,"Unknown"
"5020555",378677,2026-04-25 13:17:26,50.2849044799805,-6.33397197723389,"Unknown"
"5020555",378677,2026-04-25 13:22:26,50.2981834411621,-6.31463241577148,"Unknown"
"5020555",378677,2026-04-25 13:27:26,50.3300895690918,-6.2947096824646,"Unknown"
"5020555",378677,2026-04-25 13:32:27,50.3597717285156,-6.27416324615479,"Unknown"
"5020555",378677,2026-04-25 13:37:28,50.3872833251953,-6.23907804489136,"Unknown"
"5020555",378677,2026-04-25 13:42:44,50.4124603271484,-6.21024084091187,"Unknown"
"5020555",378677,2026-04-25 13:47:28,50.4319953918457,-6.18419742584229,"Unknown"
"5020555",378677,2026-04-25 13:52:29,50.4644355773926,-6.15834808349609,"Unknown"
"5020555",378677,2026-04-25 13:57:40,50.495735168457,-6.12732934951782,"Unknown"
"5020555",378677,2026-04-25 14:07:26,50.5395278930664,-6.09836530685425,"Unknown"
"5020555",378677,2026-04-25 14:12:27,50.5721817016602,-6.07355785369873,"Unknown"
"5020555",378677,2026-04-25 14:17:29,50.6035079956055,-6.05175352096558,"Unknown"
"5020555",378677,2026-04-25 14:22:57,50.6397171020508,-6.03357172012329,"Unknown"
"5020555",378677,2026-04-25 14:27:24,50.6681137084961,-6.02312517166138,"Unknown"
"5020555",378677,2026-04-25 14:32:24,50.7002754211426,-6.00000762939453,"Unknown"
"5020555",378677,2026-04-25 14:37:26,50.7331619262695,-5.98138380050659,"Unknown"
"5020555",378677,2026-04-25 14:42:27,50.7661590576172,-5.95925235748291,"Unknown"
"5020555",378677,2026-04-25 14:47:27,50.7979736328125,-5.93456983566284,"Unknown"
"5020555",378677,2026-04-25 14:52:26,50.8312950134277,-5.90944004058838,"Unknown"
"5020555",378677,2026-04-25 14:57:30,50.8640670776367,-5.8824462890625,"Unknown"
"5020555",378677,2026-04-25 15:03:48,50.9053802490234,-5.85181665420532,"Unknown"
"5020555",378677,2026-04-25 15:08:48,50.9408760070801,-5.83372688293457,"Unknown"
"5020555",378677,2026-04-25 15:13:21,50.9713478088379,-5.81238889694214,"Unknown"
"5020555",378677,2026-04-25 15:17:23,50.9952507019043,-5.78345918655396,"Unknown"
"5020555",378677,2026-04-25 15:22:23,51.0272178649902,-5.7512617111206,"Unknown"
"5020555",378677,2026-04-25 15:28:48,51.0685424804688,-5.72575330734253,"Unknown"
"5020555",378677,2026-04-25 15:33:48,51.1012382507324,-5.70438480377197,"Unknown"
"5020555",378677,2026-04-25 15:38:48,51.1354866027832,-5.68541622161865,"Unknown"
"5020555",378677,2026-04-25 15:48:04,51.1735916137695,-5.65924167633057,"Unknown"
"5020555",378677,2026-04-25 15:52:29,51.2005004882812,-5.64281845092773,"Unknown"
"5020555",378677,2026-04-25 15:57:24,51.2361831665039,-5.61969947814941,"Unknown"
"5020555",378677,2026-04-25 16:02:25,51.2712783813477,-5.60042858123779,"Unknown"
"5020555",378677,2026-04-25 16:07:25,51.3059730529785,-5.58444929122925,"Unknown"
"5020555",378677,2026-04-25 16:12:26,51.3410186767578,-5.5723180770874,"Unknown"
"5020555",378677,2026-04-25 16:17:27,51.3734016418457,-5.56176471710205,"Unknown"
"5020555",378677,2026-04-25 16:22:28,51.4077987670898,-5.5559492111206,"Unknown"
"5020555",378677,2026-04-25 16:27:26,51.4410934448242,-5.54370975494385,"Unknown"
"5020555",378677,2026-04-25 16:32:34,51.4769439697266,-5.52690887451172,"Unknown"
"5020555",378677,2026-04-25 16:42:23,51.519115447998,-5.52042531967163,"Unknown"
"5020555",378677,2026-04-25 16:47:25,51.5202102661133,-5.52077531814575,"Unknown"
"5020555",378677,2026-04-25 16:52:26,51.5212287902832,-5.52107810974121,"Unknown"
"5020555",378677,2026-04-25 16:57:23,51.5222091674805,-5.52136993408203,"Unknown"
"5020555",378677,2026-04-25 17:02:25,51.5231704711914,-5.52163219451904,"Unknown"
"5020555",378677,2026-04-25 17:07:25,51.5240898132324,-5.52175903320312,"Unknown"
"5020555",378677,2026-04-25 17:12:25,51.5249214172363,-5.52192687988281,"Unknown"
"5020555",378677,2026-04-25 17:17:26,51.5257301330566,-5.52201890945435,"Unknown"
"5020555",378677,2026-04-25 17:22:25,51.5264625549316,-5.52202463150024,"Unknown"
"5020555",378677,2026-04-25 17:27:25,51.5271415710449,-5.52196502685547,"Unknown"
"5020555",378677,2026-04-25 17:32:25,51.5279235839844,-5.52188587188721,"Unknown"
"5020555",378677,2026-04-25 17:37:25,51.5286140441895,-5.52176761627197,"Unknown"
"5020555",378677,2026-04-25 17:42:28,51.5291213989258,-5.52186918258667,"Unknown"
"5020555",378677,2026-04-25 17:47:24,51.5335655212402,-5.51960754394531,"Unknown"
"5020555",378677,2026-04-25 17:52:57,51.5744781494141,-5.49954271316528,"Unknown"
"5020555",378677,2026-04-25 17:57:27,51.6071701049805,-5.48450231552124,"Unknown"
"5020555",378677,2026-04-25 18:06:33,51.6697196960449,-5.43457746505737,"Unknown"
"5020555",378677,2026-04-25 18:10:22,51.6911315917969,-5.40027570724487,"Unknown"
"5020555",378677,2026-04-25 18:15:20,51.7147903442383,-5.35696506500244,"Unknown"
"5020555",378677,2026-04-25 18:20:21,51.7214775085449,-5.35142469406128,"Unknown"
"5020555",378677,2026-04-25 18:25:21,51.7201042175293,-5.35157585144043,"Unknown"
"5020555",378677,2026-04-25 18:30:47,51.7272682189941,-5.35068273544312,"Unknown"
"5020555",378677,2026-04-25 18:35:19,51.7411460876465,-5.347327709198,"Unknown"
"5020555",378677,2026-04-25 18:40:20,51.7394561767578,-5.34872579574585,"Unknown"
"5020555",378677,2026-04-25 18:45:20,51.7376670837402,-5.34973001480103,"Unknown"
"5020555",378677,2026-04-25 18:50:19,51.7358474731445,-5.35069513320923,"Unknown"
"5020555",378677,2026-04-25 18:55:19,51.7339134216309,-5.35147190093994,"Unknown"
"5020555",378677,2026-04-25 19:00:19,51.7318916320801,-5.35206508636475,"Unknown"
"5020555",378677,2026-04-25 19:05:20,51.7297401428223,-5.35257911682129,"Unknown"
"5020555",378677,2026-04-25 19:10:19,51.7276000976562,-5.35271453857422,"Unknown"
"5020555",378677,2026-04-25 19:15:19,51.7251777648926,-5.35280609130859,"Unknown"
"5020555",378677,2026-04-25 19:20:21,51.7226638793945,-5.35287475585938,"Unknown"
"5020555",378677,2026-04-25 19:25:19,51.7199974060059,-5.35259056091309,"Unknown"
"5020555",378677,2026-04-25 19:30:23,51.7171630859375,-5.35208082199097,"Unknown"
"5020555",378677,2026-04-25 19:35:19,51.7252655029297,-5.35306453704834,"Unknown"
"5020555",378677,2026-04-25 19:40:20,51.7222061157227,-5.35343742370605,"Unknown"
"5020555",378677,2026-04-25 19:45:22,51.7190895080566,-5.35349416732788,"Unknown"
"5020555",378677,2026-04-25 19:50:21,51.7159652709961,-5.35334587097168,"Unknown"
"5020555",378677,2026-04-25 19:55:22,51.7127876281738,-5.35286998748779,"Unknown"
"5020555",378677,2026-04-25 20:00:19,51.7097396850586,-5.35219049453735,"Unknown"
"5020555",378677,2026-04-25 20:05:21,51.7065582275391,-5.35107231140137,"Unknown"
"5020555",378677,2026-04-25 20:10:24,51.7036170959473,-5.34936714172363,"Unknown"
"5020555",378677,2026-04-25 20:15:19,51.7008018493652,-5.34758710861206,"Unknown"
"5020555",378677,2026-04-25 20:20:47,51.6975936889648,-5.34495306015015,"Unknown"
"5020555",378677,2026-04-25 20:25:19,51.6948013305664,-5.34278011322021,"Unknown"
"5020555",378677,2026-04-25 20:30:19,51.6915969848633,-5.34033250808716,"Unknown"
"5020555",378677,2026-04-25 20:35:19,51.6886329650879,-5.33723783493042,"Unknown"
"5020555",378677,2026-04-25 20:40:19,51.6856918334961,-5.33446836471558,"Unknown"
"5020555",378677,2026-04-25 20:45:19,51.682804107666,-5.3316445350647,"Unknown"
"5020555",378677,2026-04-25 20:50:19,51.6799736022949,-5.32876682281494,"Unknown"
"5020555",378677,2026-04-25 20:55:19,51.6772804260254,-5.32571172714233,"Unknown"
"5020555",378677,2026-04-25 21:00:20,51.6745376586914,-5.32270240783691,"Unknown"
"5020555",378677,2026-04-25 21:05:19,51.6720237731934,-5.31955814361572,"Unknown"
"5020555",378677,2026-04-25 21:10:22,51.6697654724121,-5.31662082672119,"Unknown"
"5020555",378677,2026-04-25 21:15:21,51.6677627563477,-5.31360769271851,"Unknown"
"5020555",378677,2026-04-25 21:20:19,51.676628112793,-5.31062841415405,"Unknown"
"5020555",378677,2026-04-25 21:25:20,51.7058792114258,-5.31069421768188,"Unknown"
"5020555",378677,2026-04-25 21:30:24,51.7296981811523,-5.31935977935791,"Unknown"
"5020555",378677,2026-04-25 21:35:19,51.746940612793,-5.31149911880493,"Unknown"
"5020555",378677,2026-04-25 21:40:23,51.7463188171387,-5.31273221969604,"Unknown"
"5020555",378677,2026-04-25 21:45:24,51.7455902099609,-5.31406402587891,"Unknown"
"5020555",378677,2026-04-25 21:50:24,51.744987487793,-5.3153772354126,"Unknown"
"5020555",378677,2026-04-25 21:55:23,51.7443466186523,-5.31645584106445,"Unknown"
"5020555",378677,2026-04-25 22:00:47,51.7434158325195,-5.31747579574585,"Unknown"
"5020555",378677,2026-04-25 22:05:24,51.7423629760742,-5.31839799880981,"Unknown"
"5020555",378677,2026-04-25 22:10:26,51.7414512634277,-5.3190712928772,"Unknown"
"5020555",378677,2026-04-25 22:15:22,51.740608215332,-5.3200569152832,"Unknown"
"5020555",378677,2026-04-25 22:20:22,51.7398719787598,-5.32079744338989,"Unknown"
"5020555",378677,2026-04-25 22:25:24,51.7392463684082,-5.3212685585022,"Unknown"
"5020555",378677,2026-04-25 22:30:47,51.7388000488281,-5.32162761688232,"Unknown"
"5020555",378677,2026-04-25 22:35:19,51.7384910583496,-5.32159996032715,"Unknown"
"5020555",378677,2026-04-25 22:40:22,51.7383651733398,-5.32197141647339,"Unknown"
"5020555",378677,2026-04-25 22:45:22,51.7383728027344,-5.32227325439453,"Unknown"
"5020555",378677,2026-04-25 22:50:22,51.738525390625,-5.32214975357056,"Unknown"
"5020555",378677,2026-04-25 22:55:43,51.7388114929199,-5.32165765762329,"Unknown"
"5020555",378677,2026-04-25 23:00:25,51.739143371582,-5.32174634933472,"Unknown"
"5020555",378677,2026-04-25 23:05:21,51.7399215698242,-5.32189178466797,"Unknown"
"5020555",378677,2026-04-25 23:10:22,51.7407836914062,-5.32174110412598,"Unknown"
"5020555",378677,2026-04-25 23:15:24,51.7511940002441,-5.30813312530518,"Unknown"
"5020555",378677,2026-04-25 23:20:25,51.7520484924316,-5.30658292770386,"Unknown"
"5020555",378677,2026-04-25 23:25:23,51.7529830932617,-5.30489683151245,"Unknown"
"5020555",378677,2026-04-25 23:30:22,51.7536544799805,-5.30289459228516,"Unknown"
"5020555",378677,2026-04-25 23:35:22,51.7537956237793,-5.30140781402588,"Unknown"
"5020555",378677,2026-04-25 23:40:22,51.7542343139648,-5.30019092559815,"Unknown"
"5020555",378677,2026-04-25 23:45:22,51.7545318603516,-5.29878759384155,"Unknown"
"5020555",378677,2026-04-25 23:50:30,51.7547988891602,-5.29710245132446,"Unknown"
"5020555",378677,2026-04-25 23:55:47,51.7549819946289,-5.29579782485962,"Unknown"
"5020555",378677,2026-04-26 00:00:19,51.7552223205566,-5.2944507598877,"Unknown"
"5020555",378677,2026-04-26 00:05:23,51.7549324035645,-5.29330635070801,"Unknown"
"5020555",378677,2026-04-26 00:10:51,51.7551612854004,-5.29235982894897,"Unknown"
"5020555",378677,2026-04-26 00:15:19,51.7546844482422,-5.29181385040283,"Unknown"
"5020555",378677,2026-04-26 00:20:19,51.7502861022949,-5.28882551193237,"Unknown"
"5020555",378677,2026-04-26 00:25:19,51.7502288818359,-5.2865047454834,"Unknown"
"5020555",378677,2026-04-26 00:30:19,51.7496452331543,-5.28475952148438,"Unknown"
"5020555",378677,2026-04-26 00:35:20,51.7504425048828,-5.29513168334961,"Unknown"
"5020555",378677,2026-04-26 00:40:21,51.7385406494141,-5.30738353729248,"Unknown"
"5020555",378677,2026-04-26 00:45:24,51.7384796142578,-5.30736207962036,"Unknown"
"5020555",378677,2026-04-26 00:50:21,51.7384948730469,-5.30735683441162,"Unknown"
"5020555",378677,2026-04-26 00:55:20,51.7384567260742,-5.30733489990234,"Unknown"
"5020555",378677,2026-04-26 01:00:20,51.7384643554688,-5.30738592147827,"Unknown"
"5020555",378677,2026-04-26 01:05:22,51.7384300231934,-5.30754613876343,"Unknown"
"5020555",378677,2026-04-26 01:10:19,51.7384300231934,-5.3075385093689,"Unknown"
"5020555",378677,2026-04-26 01:15:19,51.7384567260742,-5.30752182006836,"Unknown"
"5020555",378677,2026-04-26 01:20:20,51.7384376525879,-5.30752801895142,"Unknown"
"5020555",378677,2026-04-26 01:25:21,51.7384262084961,-5.30752229690552,"Unknown"
"5020555",378677,2026-04-26 01:30:21,51.7384376525879,-5.30757427215576,"Unknown"
"5020555",378677,2026-04-26 01:35:21,51.7384376525879,-5.307541847229,"Unknown"
"5020555",378677,2026-04-26 01:40:19,51.7384338378906,-5.30755662918091,"Unknown"
"5020555",378677,2026-04-26 01:45:20,51.7384223937988,-5.30756568908691,"Unknown"
"5020555",378677,2026-04-26 01:50:22,51.738410949707,-5.30758047103882,"Unknown"
"5020555",378677,2026-04-26 01:55:20,51.738395690918,-5.30772972106934,"Unknown"
"5020555",378677,2026-04-26 02:00:21,51.7383842468262,-5.30774116516113,"Unknown"
"5020556",378624,2026-04-16 20:32:20,28.6782531738281,-17.768159866333,"Unknown"
"5020556",378624,2026-04-16 20:47:27,28.6782207489014,-17.7680244445801,"Unknown"
"5020556",378624,2026-04-16 21:02:19,28.6735134124756,-17.7442016601562,"Unknown"
"5020556",378624,2026-04-16 21:17:21,28.6603107452393,-17.6961574554443,"Unknown"
"5020556",378624,2026-04-16 21:32:20,28.6463966369629,-17.6788997650146,"Unknown"
"5020556",378624,2026-04-16 21:48:44,28.6313819885254,-17.651948928833,"Unknown"
"5020556",378624,2026-04-16 22:03:03,28.6143283843994,-17.6153755187988,"Unknown"
"5020556",378624,2026-04-16 22:17:21,28.6226749420166,-17.5862274169922,"Unknown"
"5020556",378624,2026-04-16 22:32:19,28.6223316192627,-17.5832958221436,"Unknown"
"5020556",378624,2026-04-16 22:47:21,28.6672706604004,-17.6563167572021,"Unknown"
"5020556",378624,2026-04-16 23:02:21,28.7017250061035,-17.7058982849121,"Unknown"
"5020556",378624,2026-04-16 23:18:03,28.7033786773682,-17.7053909301758,"Unknown"
"5020556",378624,2026-04-16 23:32:19,28.7043170928955,-17.7054252624512,"Unknown"
"5020556",378624,2026-04-16 23:47:20,28.7051315307617,-17.7053298950195,"Unknown"
"5020556",378624,2026-04-17 00:02:29,28.7060279846191,-17.7053699493408,"Unknown"
"5020556",378624,2026-04-17 00:17:30,28.7068157196045,-17.7056274414062,"Unknown"
"5020556",378624,2026-04-17 00:32:31,28.707727432251,-17.7057971954346,"Unknown"
"5020556",378624,2026-04-17 00:47:30,28.7187118530273,-17.7009391784668,"Unknown"
"5020556",378624,2026-04-17 01:02:29,28.7349262237549,-17.6705207824707,"Unknown"
"5020556",378624,2026-04-17 01:17:30,28.7352542877197,-17.6708126068115,"Unknown"
"5020556",378624,2026-04-17 01:32:30,28.7448043823242,-17.6572608947754,"Unknown"
"5020556",378624,2026-04-17 01:47:29,28.7444801330566,-17.6576728820801,"Unknown"
"5020556",378624,2026-04-17 02:03:02,28.7440128326416,-17.6579685211182,"Unknown"
"5020556",378624,2026-04-17 02:17:29,28.7547454833984,-17.6504497528076,"Unknown"
"5020556",378624,2026-04-17 02:32:29,28.7544269561768,-17.6504592895508,"Unknown"
"5020556",378624,2026-04-17 02:47:29,28.7540702819824,-17.6503524780273,"Unknown"
"5020556",378624,2026-04-17 03:02:30,28.7533493041992,-17.6501293182373,"Unknown"
"5020556",378624,2026-04-17 03:17:30,28.7528457641602,-17.6499290466309,"Unknown"
"5020556",378624,2026-04-17 03:32:29,28.7521858215332,-17.6494846343994,"Unknown"
"5020556",378624,2026-04-17 03:47:29,28.7514266967773,-17.6490669250488,"Unknown"
"5020556",378624,2026-04-17 04:02:31,28.7505340576172,-17.6488189697266,"Unknown"
"5020556",378624,2026-04-17 04:18:03,28.7496471405029,-17.6486377716064,"Unknown"
"5020556",378624,2026-04-17 04:32:30,28.7486572265625,-17.6484966278076,"Unknown"
"5020556",378624,2026-04-17 04:47:31,28.747522354126,-17.6484889984131,"Unknown"
"5020556",378624,2026-04-17 05:02:31,28.7460479736328,-17.6481781005859,"Unknown"
"5020556",378624,2026-04-17 05:17:31,28.744421005249,-17.6480083465576,"Unknown"
"5020556",378624,2026-04-17 05:32:30,28.7468013763428,-17.6478900909424,"Unknown"
"5020556",378624,2026-04-17 05:47:31,28.8063049316406,-17.7023105621338,"Unknown"
"5020556",378624,2026-04-17 06:03:51,28.8578796386719,-17.7815475463867,"Unknown"
"5020556",378624,2026-04-17 06:17:32,28.8909683227539,-17.8741893768311,"Unknown"
"5020556",378624,2026-04-17 06:32:32,28.872184753418,-17.9148578643799,"Unknown"
"5020556",378624,2026-04-17 06:47:31,28.8659133911133,-17.9080142974854,"Unknown"
"5020556",378624,2026-04-17 07:33:51,28.8676738739014,-17.8913993835449,"Unknown"
"5020556",378624,2026-04-17 07:48:55,28.8650703430176,-17.9313812255859,"Unknown"
"5020556",378624,2026-04-17 08:33:33,28.8711585998535,-17.9176292419434,"Unknown"
"5020556",378624,2026-04-17 08:47:30,28.8664722442627,-17.93141746521,"Unknown"
"5020556",378624,2026-04-17 09:02:32,28.8682746887207,-17.9244327545166,"Unknown"
"5020556",378624,2026-04-17 09:17:30,28.8618011474609,-17.9166278839111,"Unknown"
"5020556",378624,2026-04-17 09:32:33,28.8618106842041,-17.9106025695801,"Unknown"
"5020556",378624,2026-04-17 09:47:30,28.8638248443604,-17.9115562438965,"Unknown"
"5020556",378624,2026-04-17 10:02:30,28.8635005950928,-17.9050731658936,"Unknown"
"5020556",378624,2026-04-17 10:17:31,28.8562774658203,-17.897554397583,"Unknown"
"5020556",378624,2026-04-17 10:32:30,28.8632278442383,-17.894437789917,"Unknown"
"5020556",378624,2026-04-17 10:47:32,28.8583297729492,-17.8920021057129,"Unknown"
"5020556",378624,2026-04-17 11:03:03,28.8568077087402,-17.8936634063721,"Unknown"
"5020556",378624,2026-04-17 11:17:31,28.8614196777344,-17.8941497802734,"Unknown"
"5020556",378624,2026-04-17 11:32:31,28.8578128814697,-17.8938961029053,"Unknown"
"5020556",378624,2026-04-17 11:47:31,28.8585872650146,-17.8978137969971,"Unknown"
"5020556",378624,2026-04-17 12:02:32,28.8656692504883,-17.9125175476074,"Unknown"
"5020556",378624,2026-04-17 12:17:31,28.8658256530762,-17.9095878601074,"Unknown"
"5020556",378624,2026-04-17 12:32:30,28.8659973144531,-17.9235954284668,"Unknown"
"5020556",378624,2026-04-17 12:47:30,28.8668594360352,-17.9189739227295,"Unknown"
"5020556",378624,2026-04-17 13:02:30,28.8684005737305,-17.9163436889648,"Unknown"
"5020556",378624,2026-04-17 13:17:32,28.8695259094238,-17.9140167236328,"Unknown"
"5020556",378624,2026-04-17 13:32:31,28.8697776794434,-17.9122219085693,"Unknown"
"5020556",378624,2026-04-17 13:47:31,28.8721542358398,-17.9099159240723,"Unknown"
"5020556",378624,2026-04-17 14:03:27,28.875129699707,-17.9038372039795,"Unknown"
"5020556",378624,2026-04-17 14:17:30,28.8763790130615,-17.9024333953857,"Unknown"
"5020556",378624,2026-04-17 14:32:32,28.8769683837891,-17.9008445739746,"Unknown"
"5020556",378624,2026-04-17 14:47:32,28.8771419525146,-17.8996677398682,"Unknown"
"5020556",378624,2026-04-17 15:02:30,28.8775329589844,-17.8981513977051,"Unknown"
"5020556",378624,2026-04-17 15:17:31,28.8673686981201,-17.8938541412354,"Unknown"
"5020556",378624,2026-04-17 15:32:31,28.8673000335693,-17.894868850708,"Unknown"
"5020556",378624,2026-04-17 15:47:31,28.8654022216797,-17.8554611206055,"Unknown"
"5020556",378624,2026-04-17 16:02:33,28.8623123168945,-17.8553695678711,"Unknown"
"5020556",378624,2026-04-17 16:18:03,28.86256980896,-17.8562164306641,"Unknown"
"5020556",378624,2026-04-17 16:32:30,28.8631954193115,-17.8572559356689,"Unknown"
"5020556",378624,2026-04-17 16:47:30,28.8642425537109,-17.8577365875244,"Unknown"
"5020556",378624,2026-04-17 17:02:31,28.8598804473877,-17.8146266937256,"Unknown"
"5020556",378624,2026-04-17 17:17:31,28.8603267669678,-17.7933216094971,"Unknown"
"5020556",378624,2026-04-17 17:32:31,28.8339385986328,-17.7521915435791,"Unknown"
"5020556",378624,2026-04-17 17:47:30,28.823881149292,-17.7348022460938,"Unknown"
"5020556",378624,2026-04-17 18:02:31,28.8436508178711,-17.768482208252,"Unknown"
"5020556",378624,2026-04-17 18:17:31,28.8456344604492,-17.7698364257812,"Unknown"
"5020556",378624,2026-04-17 18:32:32,28.8472557067871,-17.771068572998,"Unknown"
"5020556",378624,2026-04-17 18:47:31,28.8486137390137,-17.7722988128662,"Unknown"
"5020556",378624,2026-04-17 19:03:03,28.8499317169189,-17.7739639282227,"Unknown"
"5020556",378624,2026-04-17 19:17:31,28.8510589599609,-17.7756118774414,"Unknown"
"5020556",378624,2026-04-17 19:32:30,28.8232898712158,-17.7606754302979,"Unknown"
"5020556",378624,2026-04-17 19:47:31,28.8128433227539,-17.7521896362305,"Unknown"
"5020556",378624,2026-04-17 20:02:31,28.8145942687988,-17.7525253295898,"Unknown"
"5020556",378624,2026-04-17 20:17:35,28.8162956237793,-17.7528686523438,"Unknown"
"5020556",378624,2026-04-17 20:33:05,28.8181896209717,-17.7441730499268,"Unknown"
"5020556",378624,2026-04-17 20:47:32,28.7830028533936,-17.7757301330566,"Unknown"
"5020556",378624,2026-04-26 08:06:03,28.9238986968994,-16.115837097168,"Unknown"
"5020556",378624,2026-04-26 08:19:27,28.9623794555664,-16.0548534393311,"Unknown"
"5020556",378624,2026-04-26 08:34:30,28.9900493621826,-15.960186958313,"Unknown"
"5020556",378624,2026-04-26 08:49:28,29.0105838775635,-15.8563680648804,"Unknown"
"5020556",378624,2026-04-26 09:04:57,29.0355167388916,-15.7847967147827,"Unknown"
"5020556",378624,2026-04-26 09:19:28,29.0625171661377,-15.7225294113159,"Unknown"
"5020556",378624,2026-04-26 09:34:28,29.083101272583,-15.632737159729,"Unknown"
"5020556",378624,2026-04-26 09:49:30,29.09303855896,-15.5391120910645,"Unknown"
"5020556",378624,2026-04-26 10:04:29,29.1080150604248,-15.4736604690552,"Unknown"
"5020556",378624,2026-04-26 10:19:30,29.126708984375,-15.396203994751,"Unknown"
"5020556",378624,2026-04-26 10:34:28,29.1517295837402,-15.3148250579834,"Unknown"
"5020556",378624,2026-04-26 10:49:27,29.1615467071533,-15.2670183181763,"Unknown"
"5020556",378624,2026-04-26 11:05:52,29.1735439300537,-15.1851196289062,"Unknown"
"5020556",378624,2026-04-26 11:34:57,29.181468963623,-15.0282535552979,"Unknown"
"5020556",378624,2026-04-26 11:49:29,29.1875915527344,-14.9790554046631,"Unknown"
"5020556",378624,2026-04-26 12:04:30,29.1906814575195,-14.9221200942993,"Unknown"
"5020556",378624,2026-04-26 12:19:27,29.1975612640381,-14.834303855896,"Unknown"
"5020556",378624,2026-04-26 12:34:27,29.202730178833,-14.7456665039062,"Unknown"
"5020556",378624,2026-04-26 12:49:29,29.2129249572754,-14.6735734939575,"Unknown"
"5020556",378624,2026-04-26 13:04:27,29.2280178070068,-14.5799226760864,"Unknown"
"5020556",378624,2026-04-26 13:19:29,29.240608215332,-14.5048789978027,"Unknown"
"5020556",378624,2026-04-26 13:34:27,29.2372856140137,-14.4150190353394,"Unknown"
"5020556",378624,2026-04-26 13:50:17,29.2348041534424,-14.3235015869141,"Unknown"
"5020556",378624,2026-04-26 14:05:52,29.2339096069336,-14.2314586639404,"Unknown"
"5020556",378624,2026-04-26 14:20:52,29.2305946350098,-14.1205768585205,"Unknown"
"5020556",378624,2026-04-26 14:35:52,29.2193260192871,-14.0113697052002,"Unknown"
"5020556",378624,2026-04-26 14:50:52,29.2187023162842,-13.9412603378296,"Unknown"
"5020556",378624,2026-04-26 15:05:52,29.2229862213135,-13.8888416290283,"Unknown"
"5020556",378624,2026-04-26 15:19:57,29.2318363189697,-13.8723201751709,"Unknown"
"5020556",378624,2026-04-26 15:34:27,29.2486763000488,-13.8788185119629,"Unknown"
"5020556",378624,2026-04-26 15:49:28,29.2557144165039,-13.8690376281738,"Unknown"
"5020556",378624,2026-04-26 16:04:27,29.2678737640381,-13.8551950454712,"Unknown"
"5020556",378624,2026-04-26 16:19:27,29.2804622650146,-13.8359575271606,"Unknown"
"5020556",378624,2026-04-26 16:34:28,29.2812614440918,-13.8108339309692,"Unknown"
"5020556",378624,2026-04-26 16:49:27,29.2974758148193,-13.7770500183105,"Unknown"
"5020556",378624,2026-04-26 17:04:27,29.2952003479004,-13.7773332595825,"Unknown"
"5020556",378624,2026-04-26 17:19:29,29.2934684753418,-13.7790327072144,"Unknown"
"5020556",378624,2026-04-26 17:34:29,29.2914981842041,-13.778995513916,"Unknown"
"5020556",378624,2026-04-26 17:50:52,29.3085899353027,-13.7508363723755,"Unknown"
"5020556",378624,2026-04-26 18:20:03,29.3207607269287,-13.7086486816406,"Unknown"
"5020556",378624,2026-04-26 18:34:30,29.3312740325928,-13.6887702941895,"Unknown"
"5020556",378624,2026-04-26 18:49:28,29.3427352905273,-13.6761493682861,"Unknown"
"5020556",378624,2026-04-26 19:04:27,29.3675651550293,-13.6144638061523,"Unknown"
"5020556",378624,2026-04-26 19:13:17,29.3818626403809,-13.5650901794434,"Unknown"
"5020556",378624,2026-04-26 19:18:18,29.4011116027832,-13.5633020401001,"Unknown"
"5020556",378624,2026-04-26 19:23:17,29.4159698486328,-13.545859336853,"Unknown"
"5020556",378624,2026-04-26 19:28:18,29.4299087524414,-13.5231504440308,"Unknown"
"5020556",378624,2026-04-26 19:33:17,29.4304389953613,-13.5210762023926,"Unknown"
"5020556",378624,2026-04-26 19:38:19,29.4300746917725,-13.5211267471313,"Unknown"
"5020556",378624,2026-04-26 19:43:19,29.4295215606689,-13.5213632583618,"Unknown"
"5020556",378624,2026-04-26 19:48:19,29.4290580749512,-13.5214395523071,"Unknown"
"5020556",378624,2026-04-26 19:53:18,29.4256591796875,-13.5184412002563,"Unknown"
"5020556",378624,2026-04-26 19:58:19,29.4299621582031,-13.4932231903076,"Unknown"
"5020556",378624,2026-04-26 20:03:19,29.4360198974609,-13.4714765548706,"Unknown"
"5020556",378624,2026-04-26 20:08:18,29.4380741119385,-13.4598941802979,"Unknown"
"5020556",378624,2026-04-26 20:13:18,29.4371700286865,-13.458966255188,"Unknown"
"5020556",378624,2026-04-26 20:18:18,29.4362831115723,-13.4581127166748,"Unknown"
"5020556",378624,2026-04-26 20:23:17,29.435359954834,-13.4573802947998,"Unknown"
"5020556",378624,2026-04-26 20:28:18,29.4344158172607,-13.4566717147827,"Unknown"
"5020556",378624,2026-04-26 20:33:47,29.4333915710449,-13.4558200836182,"Unknown"
"5020556",378624,2026-04-26 20:38:16,29.4324378967285,-13.4538555145264,"Unknown"
"5020556",378624,2026-04-26 20:43:17,29.4314403533936,-13.4533271789551,"Unknown"
"5020556",378624,2026-04-26 20:48:17,29.4304180145264,-13.4527807235718,"Unknown"
"5020556",378624,2026-04-26 20:53:17,29.4294471740723,-13.4522895812988,"Unknown"
"5020556",378624,2026-04-26 20:58:17,29.42844581604,-13.4518146514893,"Unknown"
"5020556",378624,2026-04-26 21:03:17,29.4268836975098,-13.4495277404785,"Unknown"
"5020556",378624,2026-04-26 21:08:17,29.425853729248,-13.4490566253662,"Unknown"
"5020556",378624,2026-04-26 21:13:17,29.4243927001953,-13.4478511810303,"Unknown"
"5020556",378624,2026-04-26 21:18:17,29.4233531951904,-13.4473114013672,"Unknown"
"5020556",378624,2026-04-26 21:23:17,29.4173622131348,-13.4258632659912,"Unknown"
"5020556",378624,2026-04-26 21:28:17,29.4142742156982,-13.4184741973877,"Unknown"
"5020556",378624,2026-04-26 21:33:17,29.4132862091064,-13.4179973602295,"Unknown"
"5020556",378624,2026-04-26 21:38:17,29.4123420715332,-13.4173498153687,"Unknown"
"5020556",378624,2026-04-26 21:43:17,29.4115238189697,-13.4167699813843,"Unknown"
"5020556",378624,2026-04-26 21:48:17,29.4106063842773,-13.4161319732666,"Unknown"
"5020556",378624,2026-04-26 21:53:18,29.4097080230713,-13.4154262542725,"Unknown"
"5020556",378624,2026-04-26 21:58:17,29.4087543487549,-13.4147939682007,"Unknown"
"5020556",378624,2026-04-26 22:03:16,29.4076976776123,-13.4141550064087,"Unknown"
"5020556",378624,2026-04-26 22:08:17,29.4067211151123,-13.4134798049927,"Unknown"
"5020556",378624,2026-04-26 22:13:17,29.4056930541992,-13.4121427536011,"Unknown"
"5020556",378624,2026-04-26 22:18:16,29.4047508239746,-13.4116992950439,"Unknown"
"5020556",378624,2026-04-26 22:23:19,29.4017658233643,-13.4047508239746,"Unknown"
"5020556",378624,2026-04-26 22:28:19,29.3981895446777,-13.4003314971924,"Unknown"
"5020556",378624,2026-04-26 22:33:21,29.3891334533691,-13.374436378479,"Unknown"
"5020556",378624,2026-04-26 22:38:20,29.3920421600342,-13.3688774108887,"Unknown"
"5020556",378624,2026-04-26 22:43:20,29.3918724060059,-13.3581705093384,"Unknown"
"5020556",378624,2026-04-26 22:48:21,29.390983581543,-13.359715461731,"Unknown"
"5020556",378624,2026-04-26 22:53:22,29.3915596008301,-13.3538370132446,"Unknown"
"5020556",378624,2026-04-26 22:58:24,29.3905544281006,-13.3534336090088,"Unknown"
"5020556",378624,2026-04-26 23:03:51,29.3895797729492,-13.3527126312256,"Unknown"
"5020556",378624,2026-04-26 23:10:36,29.3884525299072,-13.3519325256348,"Unknown"
"5020556",378624,2026-04-26 23:20:35,29.3846569061279,-13.3358592987061,"Unknown"
"5020556",378624,2026-04-26 23:25:35,29.3837203979492,-13.3356790542603,"Unknown"
"5020556",378624,2026-04-26 23:30:36,29.3823299407959,-13.3343086242676,"Unknown"
"5020556",378624,2026-04-26 23:35:36,29.3805923461914,-13.3330116271973,"Unknown"
"5020556",378624,2026-04-26 23:40:35,29.3797569274902,-13.3326683044434,"Unknown"
"5020556",378624,2026-04-26 23:45:35,29.378849029541,-13.3323993682861,"Unknown"
"5020556",378624,2026-04-26 23:50:36,29.3779182434082,-13.3320817947388,"Unknown"
"5020556",378624,2026-04-26 23:55:35,29.3770637512207,-13.3319005966187,"Unknown"
"5020556",378624,2026-04-27 00:00:36,29.3758716583252,-13.3305988311768,"Unknown"
"5020556",378624,2026-04-27 00:05:36,29.3750133514404,-13.3304347991943,"Unknown"
"5020556",378624,2026-04-27 00:10:36,29.3741245269775,-13.3302803039551,"Unknown"
"5020556",378624,2026-04-27 00:15:36,29.3732070922852,-13.3301553726196,"Unknown"
"5020556",378624,2026-04-27 00:20:36,29.3723678588867,-13.3300952911377,"Unknown"
"5020556",378624,2026-04-27 00:25:36,29.3713150024414,-13.329984664917,"Unknown"
"5020556",378624,2026-04-27 00:30:36,29.370418548584,-13.3299589157104,"Unknown"
"5020556",378624,2026-04-27 00:35:36,29.3695487976074,-13.3299312591553,"Unknown"
"5020556",378624,2026-04-27 00:40:36,29.3685607910156,-13.3299283981323,"Unknown"
"5020556",378624,2026-04-27 00:45:36,29.3659381866455,-13.3325977325439,"Unknown"
"5020556",378624,2026-04-27 00:50:36,29.359338760376,-13.3281707763672,"Unknown"
"5020556",378624,2026-04-27 00:55:36,29.3582630157471,-13.327974319458,"Unknown"
"5020556",378624,2026-04-27 01:00:39,29.3572463989258,-13.328085899353,"Unknown"
"5020556",378624,2026-04-27 01:05:38,29.3548049926758,-13.3207387924194,"Unknown"
"5020556",378624,2026-04-27 01:10:36,29.3538017272949,-13.3208475112915,"Unknown"
"5020556",378624,2026-04-27 01:15:37,29.3525505065918,-13.3195972442627,"Unknown"
"5020556",378624,2026-04-27 01:20:37,29.3514194488525,-13.3187847137451,"Unknown"
"5020556",378624,2026-04-27 01:25:38,29.3503913879395,-13.3188638687134,"Unknown"
"5020556",378624,2026-04-27 01:30:39,29.3493690490723,-13.3189792633057,"Unknown"
"5020556",378624,2026-04-27 01:35:39,29.348352432251,-13.3189687728882,"Unknown"
"5020556",378624,2026-04-27 01:40:41,29.3473014831543,-13.3189697265625,"Unknown"
"5020556",378624,2026-04-27 01:45:43,29.3462314605713,-13.319037437439,"Unknown"
"5020556",378624,2026-04-27 01:50:41,29.3452243804932,-13.3191242218018,"Unknown"
"5020556",378624,2026-04-27 01:56:03,29.3442153930664,-13.3182182312012,"Unknown"
"5020556",378624,2026-04-27 02:00:36,29.3432712554932,-13.318395614624,"Unknown"
"5020556",378624,2026-04-27 02:05:36,29.3425540924072,-13.3176755905151,"Unknown"
"5020556",378624,2026-04-27 02:10:36,29.3436222076416,-13.3142385482788,"Unknown"
"5020556",378624,2026-04-27 02:15:36,29.3426856994629,-13.3147306442261,"Unknown"
"5020556",378624,2026-04-27 02:20:36,29.3418884277344,-13.3149585723877,"Unknown"
"5020556",378624,2026-04-27 02:25:36,29.3410949707031,-13.3151006698608,"Unknown"
"5020556",378624,2026-04-27 02:30:36,29.3404064178467,-13.3151025772095,"Unknown"
"5020556",378624,2026-04-27 02:35:36,29.3397598266602,-13.3151435852051,"Unknown"
"5020556",378624,2026-04-27 02:40:36,29.3417568206787,-13.316780090332,"Unknown"
"5020556",378624,2026-04-27 02:45:36,29.3411617279053,-13.3169746398926,"Unknown"
"5020556",378624,2026-04-27 02:50:36,29.3404273986816,-13.3172063827515,"Unknown"
"5020556",378624,2026-04-27 02:55:36,29.3396682739258,-13.3174686431885,"Unknown"
"5020556",378624,2026-04-27 03:00:36,29.3389301300049,-13.3177852630615,"Unknown"
"5020556",378624,2026-04-27 03:05:36,29.3381233215332,-13.3179845809937,"Unknown"
"5020556",378624,2026-04-27 03:10:36,29.337251663208,-13.3182687759399,"Unknown"
"5020556",378624,2026-04-27 03:15:36,29.3364372253418,-13.3184986114502,"Unknown"
"5020556",378624,2026-04-27 03:20:36,29.3356094360352,-13.31871509552,"Unknown"
"5020556",378624,2026-04-27 03:25:38,29.334774017334,-13.3190774917603,"Unknown"
"5020556",378624,2026-04-27 03:30:37,29.3341217041016,-13.3193807601929,"Unknown"
"5020556",378624,2026-04-27 03:35:37,29.3335857391357,-13.3193235397339,"Unknown"
"5020556",378624,2026-04-27 03:40:36,29.3327655792236,-13.3198595046997,"Unknown"
"5020556",378624,2026-04-27 03:45:38,29.3319873809814,-13.3203945159912,"Unknown"
"5020556",378624,2026-04-27 03:50:36,29.3312149047852,-13.3209199905396,"Unknown"
"5020556",378624,2026-04-27 03:56:03,29.330415725708,-13.321551322937,"Unknown"
"5020556",378624,2026-04-27 04:00:36,29.3298244476318,-13.3220520019531,"Unknown"
"5020556",378624,2026-04-27 04:05:36,29.329174041748,-13.3225631713867,"Unknown"
"5020556",378624,2026-04-27 04:10:36,29.3285293579102,-13.3229990005493,"Unknown"
"5020556",378624,2026-04-27 04:15:36,29.3279228210449,-13.3234338760376,"Unknown"
"5020556",378624,2026-04-27 04:20:36,29.327320098877,-13.3239097595215,"Unknown"
"5020556",378624,2026-04-27 04:25:36,29.3267421722412,-13.324423789978,"Unknown"
"5020556",378624,2026-04-27 04:30:36,29.3260726928711,-13.324857711792,"Unknown"
"5020556",378624,2026-04-27 04:35:36,29.3255062103271,-13.3252592086792,"Unknown"
"5020556",378624,2026-04-27 04:40:37,29.3249034881592,-13.3257188796997,"Unknown"
"5020556",378624,2026-04-27 04:45:36,29.3243675231934,-13.326114654541,"Unknown"
"5020556",378624,2026-04-27 04:50:36,29.3237342834473,-13.3265495300293,"Unknown"
"5020556",378624,2026-04-27 04:55:36,29.3231620788574,-13.3271255493164,"Unknown"
"5020556",378624,2026-04-27 05:00:36,29.3226222991943,-13.3275594711304,"Unknown"
"5020556",378624,2026-04-27 05:05:38,29.3221817016602,-13.3278350830078,"Unknown"
"5020556",378624,2026-04-27 05:10:37,29.32297706604,-13.3270511627197,"Unknown"
"5020556",378624,2026-04-27 05:15:37,29.3224868774414,-13.3273077011108,"Unknown"
"5020556",378624,2026-04-27 05:20:36,29.3219165802002,-13.3278064727783,"Unknown"
"5020556",378624,2026-04-27 05:25:38,29.3214149475098,-13.3281135559082,"Unknown"
"5020556",378624,2026-04-27 05:30:36,29.320894241333,-13.3284215927124,"Unknown"
"5020556",378624,2026-04-27 05:35:39,29.3210792541504,-13.3276433944702,"Unknown"
"5020556",378624,2026-04-27 05:40:37,29.3294105529785,-13.3284006118774,"Unknown"
"5020556",378624,2026-04-27 05:45:40,29.3339767456055,-13.3428039550781,"Unknown"
"5020556",378624,2026-04-27 05:50:36,29.3346767425537,-13.3418102264404,"Unknown"
"5020556",378624,2026-04-27 05:57:01,29.327465057373,-13.3456315994263,"Unknown"
"5020556",378624,2026-04-27 07:11:57,29.3119258880615,-12.8002691268921,"Unknown"
"5020556",378624,2026-04-27 07:20:36,29.3047142028809,-12.8205242156982,"Unknown"
"5020556",378624,2026-04-27 07:30:37,29.2893447875977,-12.8373699188232,"Unknown"
"5020556",378624,2026-04-27 07:40:37,29.286693572998,-12.8280029296875,"Unknown"
"5020556",378624,2026-04-27 07:50:37,29.265552520752,-12.7469434738159,"Unknown"
"5020556",378624,2026-04-27 08:00:40,29.2194538116455,-12.6886568069458,"Unknown"
"5020556",378624,2026-04-27 08:12:01,29.1536178588867,-12.7211074829102,"Unknown"
"5020556",378624,2026-04-27 08:22:01,29.1036643981934,-12.7677764892578,"Unknown"
"5020556",378624,2026-04-27 08:30:36,29.0777606964111,-12.8210430145264,"Unknown"
"5020556",378624,2026-04-27 08:40:36,29.0545291900635,-12.8904991149902,"Unknown"
"5020556",378624,2026-04-27 08:45:39,29.0477809906006,-12.9257841110229,"Unknown"
"5020556",378624,2026-04-27 08:50:38,29.039794921875,-12.9636135101318,"Unknown"
"5020556",378624,2026-04-27 08:55:39,29.0352458953857,-12.9996099472046,"Unknown"
"5020556",378624,2026-04-27 09:00:38,29.0276432037354,-13.0388507843018,"Unknown"
"5020556",378624,2026-04-27 09:05:38,29.0258102416992,-13.0740299224854,"Unknown"
"5020556",378624,2026-04-27 09:10:37,29.0211887359619,-13.1115140914917,"Unknown"
"5020556",378624,2026-04-27 09:15:39,29.0209941864014,-13.1484489440918,"Unknown"
"5020556",378624,2026-04-27 09:20:37,29.0271072387695,-13.1791620254517,"Unknown"
"5020556",378624,2026-04-27 09:25:38,29.0327949523926,-13.2068328857422,"Unknown"
"5020556",378624,2026-04-27 09:30:39,29.047981262207,-13.2314777374268,"Unknown"
"5020556",378624,2026-04-27 09:36:21,29.065071105957,-13.2565593719482,"Unknown"
"5020556",378624,2026-04-27 09:40:38,29.0731449127197,-13.2622299194336,"Unknown"
"5020556",378624,2026-04-27 09:45:39,29.0697078704834,-13.2677478790283,"Unknown"
"5020556",378624,2026-04-27 09:50:37,29.0696105957031,-13.2699060440063,"Unknown"
"5020556",378624,2026-04-27 09:55:36,29.0741062164307,-13.2767162322998,"Unknown"
"5020556",378624,2026-04-27 10:01:03,29.0758571624756,-13.2777051925659,"Unknown"
"5020556",378624,2026-04-27 10:05:36,29.0758666992188,-13.2776336669922,"Unknown"
"5020556",378624,2026-04-27 10:10:36,29.0668277740479,-13.2900772094727,"Unknown"
"5020556",378624,2026-04-27 10:15:38,29.0632743835449,-13.3076848983765,"Unknown"
"5020556",378624,2026-04-27 10:20:36,29.063325881958,-13.307578086853,"Unknown"
"5020556",378624,2026-04-27 10:25:38,29.069185256958,-13.3213729858398,"Unknown"
"5020556",378624,2026-04-27 10:30:36,29.0682258605957,-13.3125505447388,"Unknown"
"5020556",378624,2026-04-27 10:35:36,29.0682506561279,-13.3123321533203,"Unknown"
"5020556",378624,2026-04-27 10:40:36,29.0682201385498,-13.312162399292,"Unknown"
"5020556",378624,2026-04-27 10:45:36,29.0682830810547,-13.311972618103,"Unknown"
"5020556",378624,2026-04-27 10:50:36,29.0684108734131,-13.3117351531982,"Unknown"
"5020556",378624,2026-04-27 10:55:37,29.0684700012207,-13.3115072250366,"Unknown"
"5020556",378624,2026-04-27 11:00:37,29.0685882568359,-13.3111743927002,"Unknown"
"5020556",378624,2026-04-27 11:05:37,29.0687313079834,-13.3108081817627,"Unknown"
"5020556",378624,2026-04-27 11:10:37,29.0826282501221,-13.3142261505127,"Unknown"
"5020556",378624,2026-04-27 11:15:37,29.0901184082031,-13.3178682327271,"Unknown"
"5020556",378624,2026-04-27 11:20:38,29.1002101898193,-13.3270387649536,"Unknown"
"5020556",378624,2026-04-27 11:25:38,29.1217174530029,-13.3432989120483,"Unknown"
"5020556",378624,2026-04-27 11:30:39,29.1445617675781,-13.3555250167847,"Unknown"
"5020556",378624,2026-04-27 11:35:36,29.1671619415283,-13.3667049407959,"Unknown"
"5020556",378624,2026-04-27 11:40:36,29.1904525756836,-13.3709497451782,"Unknown"
"5020556",378624,2026-04-27 11:45:36,29.2124919891357,-13.3645935058594,"Unknown"
"5020556",378624,2026-04-27 11:50:40,29.2233390808105,-13.332200050354,"Unknown"
"5020556",378624,2026-04-27 11:55:37,29.2426300048828,-13.3058233261108,"Unknown"
"5020556",378624,2026-04-27 12:00:56,29.2506237030029,-13.2975187301636,"Unknown"
"5020556",378624,2026-04-27 12:05:36,29.2455787658691,-13.2776231765747,"Unknown"
"5020556",378624,2026-04-27 12:11:03,29.2468280792236,-13.2508964538574,"Unknown"
"5020556",378624,2026-04-27 12:15:36,29.2465896606445,-13.2508277893066,"Unknown"
"5020556",378624,2026-04-27 12:20:37,29.2463531494141,-13.2507419586182,"Unknown"
"5020556",378624,2026-04-27 12:25:38,29.2461204528809,-13.2507123947144,"Unknown"
"5020556",378624,2026-04-27 12:30:37,29.2458190917969,-13.2505121231079,"Unknown"
"5020556",378624,2026-04-27 12:35:38,29.2454738616943,-13.2503900527954,"Unknown"
"5020556",378624,2026-04-27 12:40:38,29.2451858520508,-13.2503347396851,"Unknown"
"5020556",378624,2026-04-27 12:45:38,29.2449073791504,-13.2503480911255,"Unknown"
"5020556",378624,2026-04-27 12:50:38,29.261344909668,-13.2629404067993,"Unknown"
"5020556",378624,2026-04-27 12:55:39,29.2730655670166,-13.2630100250244,"Unknown"
"5020556",378624,2026-04-27 13:00:39,29.2690410614014,-13.2785005569458,"Unknown"
"5020556",378624,2026-04-27 13:05:39,29.2696151733398,-13.2913675308228,"Unknown"
"5020556",378624,2026-04-27 13:10:38,29.2853832244873,-13.2887516021729,"Unknown"
"5020556",378624,2026-04-27 13:15:39,29.3079681396484,-13.2893848419189,"Unknown"
"5020556",378624,2026-04-27 13:20:38,29.3320255279541,-13.279803276062,"Unknown"
"5020556",378624,2026-04-27 13:25:39,29.3526859283447,-13.2554731369019,"Unknown"
"5020556",378624,2026-04-27 13:30:36,29.373706817627,-13.2501239776611,"Unknown"
"5020556",378624,2026-04-27 13:36:03,29.3973827362061,-13.2603530883789,"Unknown"
"5020556",378624,2026-04-27 13:42:01,29.4234237670898,-13.2711791992188,"Unknown"
"5020556",378624,2026-04-27 13:45:37,29.4404354095459,-13.2760410308838,"Unknown"
"5020556",378624,2026-04-27 13:50:38,29.4656581878662,-13.2861890792847,"Unknown"
"5020556",378624,2026-04-27 13:55:37,29.4856128692627,-13.3032350540161,"Unknown"
"5020556",378624,2026-04-27 14:00:45,29.5012397766113,-13.2860336303711,"Unknown"
"5020556",378624,2026-04-27 14:05:38,29.5092144012451,-13.2838706970215,"Unknown"
"5020556",378624,2026-04-27 14:10:36,29.5124092102051,-13.2807931900024,"Unknown"
"5020556",378624,2026-04-27 14:15:38,29.5142669677734,-13.278470993042,"Unknown"
"5020556",378624,2026-04-27 14:20:36,29.5225124359131,-13.2757692337036,"Unknown"
"5020556",378624,2026-04-27 14:25:36,29.5257453918457,-13.2700872421265,"Unknown"
"5020556",378624,2026-04-27 14:30:38,29.5299835205078,-13.2653789520264,"Unknown"
"5020556",378624,2026-04-27 14:35:36,29.5305767059326,-13.2651586532593,"Unknown"
"5020556",378624,2026-04-27 14:40:39,29.53098487854,-13.2650651931763,"Unknown"
"5020556",378624,2026-04-27 14:45:38,29.5308837890625,-13.2659950256348,"Unknown"
"5020556",378624,2026-04-27 14:50:36,29.5385341644287,-13.2655153274536,"Unknown"
"5020556",378624,2026-04-27 14:55:36,29.5399074554443,-13.2651281356812,"Unknown"
"5020556",378624,2026-04-27 15:00:38,29.5440711975098,-13.2539310455322,"Unknown"
"5020556",378624,2026-04-27 15:05:36,29.5498867034912,-13.2516708374023,"Unknown"
"5020556",378624,2026-04-27 15:13:25,29.5561695098877,-13.2584438323975,"Unknown"
"5020556",378624,2026-04-27 15:18:25,29.556640625,-13.2617082595825,"Unknown"
"5020556",378624,2026-04-27 15:23:25,29.5568904876709,-13.2614297866821,"Unknown"
"5020556",378624,2026-04-27 15:28:25,29.5633087158203,-13.2714319229126,"Unknown"
"5020556",378624,2026-04-27 15:33:24,29.574125289917,-13.269455909729,"Unknown"
"5020556",378624,2026-04-27 15:38:47,29.5776557922363,-13.2692623138428,"Unknown"
"5020556",378624,2026-04-27 15:43:23,29.5883979797363,-13.2730550765991,"Unknown"
"5020556",378624,2026-04-27 15:48:23,29.5892105102539,-13.2725028991699,"Unknown"
"5020556",378624,2026-04-27 15:53:23,29.5951709747314,-13.2700862884521,"Unknown"
"5020556",378624,2026-04-27 15:58:23,29.5960788726807,-13.269154548645,"Unknown"
"5020556",378624,2026-04-27 16:03:25,29.596866607666,-13.2690839767456,"Unknown"
"5020556",378624,2026-04-27 16:08:26,29.5974769592285,-13.2688770294189,"Unknown"
"5020556",378624,2026-04-27 16:13:29,29.5981388092041,-13.2685041427612,"Unknown"
"5020556",378624,2026-04-27 16:18:34,29.5985527038574,-13.2679882049561,"Unknown"
"5020556",378624,2026-04-27 16:23:36,29.5990657806396,-13.2674398422241,"Unknown"
"5020556",378624,2026-04-27 16:28:27,29.5995693206787,-13.2668151855469,"Unknown"
"5020556",378624,2026-04-27 16:33:27,29.6136054992676,-13.2667694091797,"Unknown"
"5020556",378624,2026-04-27 16:38:47,29.6228103637695,-13.2705392837524,"Unknown"
"5020556",378624,2026-04-27 16:43:24,29.623083114624,-13.2699604034424,"Unknown"
"5020556",378624,2026-04-27 16:48:23,29.6298732757568,-13.2929592132568,"Unknown"
"5020556",378624,2026-04-27 16:53:23,29.6340999603271,-13.2937335968018,"Unknown"
"5020556",378624,2026-04-27 16:58:24,29.6362438201904,-13.3046722412109,"Unknown"
"5020556",378624,2026-04-27 17:03:24,29.6364307403564,-13.3043432235718,"Unknown"
"5020556",378624,2026-04-27 17:08:27,29.6413650512695,-13.3129272460938,"Unknown"
"5020556",378624,2026-04-27 17:13:27,29.6583461761475,-13.3240947723389,"Unknown"
"5020556",378624,2026-04-27 17:18:24,29.6716785430908,-13.327220916748,"Unknown"
"5020556",378624,2026-04-27 17:23:25,29.6828632354736,-13.3224897384644,"Unknown"
"5020556",378624,2026-04-27 17:28:26,29.6901016235352,-13.3203907012939,"Unknown"
"5020556",378624,2026-04-27 17:33:26,29.6914463043213,-13.3196449279785,"Unknown"
"5020556",378624,2026-04-27 17:38:29,29.6996841430664,-13.3133888244629,"Unknown"
"5020556",378624,2026-04-27 17:44:27,29.7072410583496,-13.3057718276978,"Unknown"
"5020556",378624,2026-04-27 17:48:26,29.7099533081055,-13.3026323318481,"Unknown"
"5020556",378624,2026-04-27 17:54:21,29.7146854400635,-13.2921466827393,"Unknown"
"5020556",378624,2026-04-27 17:58:24,29.7152328491211,-13.2859745025635,"Unknown"
"5020556",378624,2026-04-27 18:03:25,29.7226390838623,-13.2825994491577,"Unknown"
"5020556",378624,2026-04-27 18:08:24,29.7285575866699,-13.2863187789917,"Unknown"
"5020556",378624,2026-04-27 18:13:27,29.7351818084717,-13.2891225814819,"Unknown"
"5020556",378624,2026-04-27 18:18:26,29.7383365631104,-13.2929039001465,"Unknown"
"5020556",378624,2026-04-27 18:24:03,29.742696762085,-13.2984466552734,"Unknown"
"5020556",378624,2026-04-27 18:28:26,29.7441082000732,-13.298975944519,"Unknown"
"5020556",378624,2026-04-27 18:33:24,29.7556991577148,-13.3010692596436,"Unknown"
"5020556",378624,2026-04-27 18:38:28,29.7600784301758,-13.2952651977539,"Unknown"
"5020556",378624,2026-04-27 18:43:25,29.7621364593506,-13.2886915206909,"Unknown"
"5020556",378624,2026-04-27 18:48:26,29.764720916748,-13.28125,"Unknown"
"5020556",378624,2026-04-27 18:53:25,29.7753829956055,-13.2761697769165,"Unknown"
"5020556",378624,2026-04-27 18:58:25,29.777660369873,-13.2721662521362,"Unknown"
"5020556",378624,2026-04-27 19:03:28,29.7807636260986,-13.2693653106689,"Unknown"
"5020556",378624,2026-04-27 19:13:26,29.781135559082,-13.2836494445801,"Unknown"
"5020556",378624,2026-04-27 19:18:25,29.7817268371582,-13.2874746322632,"Unknown"
"5020556",378624,2026-04-27 19:23:47,29.7803039550781,-13.2892446517944,"Unknown"
"5020556",378624,2026-04-27 19:28:25,29.7874794006348,-13.2882261276245,"Unknown"
"5020556",378624,2026-04-27 19:33:25,29.7961540222168,-13.2615804672241,"Unknown"
"5020556",378624,2026-04-27 19:38:24,29.7899379730225,-13.2797775268555,"Unknown"
"5020556",378624,2026-04-27 19:43:24,29.7593154907227,-13.2934865951538,"Unknown"
"5020556",378624,2026-04-27 19:48:27,29.7414588928223,-13.3213024139404,"Unknown"
"5020556",378624,2026-04-27 19:53:24,29.7303123474121,-13.3344287872314,"Unknown"
"5020556",378624,2026-04-27 19:58:24,29.7298221588135,-13.3338832855225,"Unknown"
"5020556",378624,2026-04-27 20:03:25,29.7294673919678,-13.3314142227173,"Unknown"
"5020556",378624,2026-04-27 20:08:24,29.7289161682129,-13.3307952880859,"Unknown"
"5020556",378624,2026-04-27 20:13:32,29.7283802032471,-13.3301982879639,"Unknown"
"5020556",378624,2026-04-27 20:18:24,29.7279033660889,-13.3296089172363,"Unknown"
"5020556",378624,2026-04-27 20:23:47,29.7273006439209,-13.3288497924805,"Unknown"
"5020556",378624,2026-04-27 20:28:25,29.7268371582031,-13.3282642364502,"Unknown"
"5020556",378624,2026-04-27 20:33:24,29.7262992858887,-13.3276262283325,"Unknown"
"5020556",378624,2026-04-27 20:38:24,29.7258243560791,-13.3268775939941,"Unknown"
"5020556",378624,2026-04-27 20:43:23,29.7252540588379,-13.3261404037476,"Unknown"
"5020556",378624,2026-04-27 20:48:24,29.7246856689453,-13.3254919052124,"Unknown"
"5020556",378624,2026-04-27 20:53:24,29.7239856719971,-13.3254928588867,"Unknown"
"5020556",378624,2026-04-27 20:58:24,29.7233428955078,-13.3247861862183,"Unknown"
"5020556",378624,2026-04-27 21:03:24,29.7227745056152,-13.324049949646,"Unknown"
"5020556",378624,2026-04-27 21:08:24,29.7221870422363,-13.3232927322388,"Unknown"
"5020556",378624,2026-04-27 21:13:24,29.7216377258301,-13.3226261138916,"Unknown"
"5020556",378624,2026-04-27 21:18:24,29.7224960327148,-13.3179197311401,"Unknown"
"5020556",378624,2026-04-27 21:23:25,29.7218856811523,-13.3172264099121,"Unknown"
"5020556",378624,2026-04-27 21:28:25,29.7213439941406,-13.3167810440063,"Unknown"
"5020556",378624,2026-04-27 21:33:27,29.7206420898438,-13.3160715103149,"Unknown"
"5020556",378624,2026-04-27 21:38:24,29.7200260162354,-13.3153591156006,"Unknown"
"5020556",378624,2026-04-27 21:43:25,29.7228469848633,-13.3002347946167,"Unknown"
"5020556",378624,2026-04-27 21:48:24,29.7351837158203,-13.276086807251,"Unknown"
"5020556",378624,2026-04-27 21:53:25,29.747091293335,-13.2577219009399,"Unknown"
"5020556",378624,2026-04-27 21:58:25,29.7604026794434,-13.2349987030029,"Unknown"
"5020556",378624,2026-04-27 22:03:29,29.7610664367676,-13.2320804595947,"Unknown"
"5020556",378624,2026-04-27 22:08:24,29.7602119445801,-13.2316989898682,"Unknown"
"5020556",378624,2026-04-27 22:13:27,29.7593879699707,-13.2313442230225,"Unknown"
"5020556",378624,2026-04-27 22:18:24,29.7586555480957,-13.231107711792,"Unknown"
"5020556",378624,2026-04-27 22:23:27,29.7578525543213,-13.2309045791626,"Unknown"
"5020556",378624,2026-04-27 22:28:26,29.7570838928223,-13.2306900024414,"Unknown"
"5020556",378624,2026-04-27 22:33:27,29.7562694549561,-13.230432510376,"Unknown"
"5020556",378624,2026-04-27 22:38:28,29.7732162475586,-13.2113571166992,"Unknown"
"5020556",378624,2026-04-27 22:43:27,29.7768440246582,-13.2054605484009,"Unknown"
"5020556",378624,2026-04-27 22:48:27,29.7759952545166,-13.2050733566284,"Unknown"
"5020556",378624,2026-04-27 22:53:27,29.7751770019531,-13.2047986984253,"Unknown"
"5020556",378624,2026-04-27 22:58:27,29.7743034362793,-13.2044715881348,"Unknown"
"5020556",378624,2026-04-27 23:03:46,29.7734375,-13.2040195465088,"Unknown"
"5020556",378624,2026-04-27 23:13:27,29.7845878601074,-13.1908884048462,"Unknown"
"5020556",378624,2026-04-27 23:23:26,29.8219528198242,-13.1563949584961,"Unknown"
"5020556",378624,2026-04-27 23:33:47,29.8200721740723,-13.1560354232788,"Unknown"
"5020556",378624,2026-04-27 23:43:23,29.8179111480713,-13.1558561325073,"Unknown"
"5020556",378624,2026-04-27 23:53:26,29.8159809112549,-13.1550979614258,"Unknown"
"5020556",378624,2026-04-28 00:03:26,29.8139324188232,-13.1549024581909,"Unknown"
"5020556",378624,2026-04-28 00:13:25,29.8124465942383,-13.1546459197998,"Unknown"
"5020556",378624,2026-04-28 00:23:24,29.8104724884033,-13.1549015045166,"Unknown"
"5020556",378624,2026-04-28 00:33:26,29.8084335327148,-13.1551208496094,"Unknown"
"5020556",378624,2026-04-28 00:43:26,29.8061695098877,-13.155647277832,"Unknown"
"5020556",378624,2026-04-28 00:53:28,29.8039875030518,-13.1556100845337,"Unknown"
"5020556",378624,2026-04-28 01:03:28,29.8015556335449,-13.1567602157593,"Unknown"
"5020556",378624,2026-04-28 01:13:26,29.7992076873779,-13.1580381393433,"Unknown"
"5020556",378624,2026-04-28 01:23:26,29.7970600128174,-13.1588296890259,"Unknown"
"5020556",378624,2026-04-28 01:33:26,29.7956218719482,-13.1584844589233,"Unknown"
"5020556",378624,2026-04-28 01:43:26,29.7936782836914,-13.1593284606934,"Unknown"
"5020556",378624,2026-04-28 01:53:28,29.7916507720947,-13.1602144241333,"Unknown"
"5020556",378624,2026-04-28 02:03:46,29.8092079162598,-13.1472339630127,"Unknown"
"5020556",378624,2026-04-28 02:13:24,29.8072834014893,-13.1479482650757,"Unknown"
"5020556",378624,2026-04-28 02:23:23,29.8056735992432,-13.1487703323364,"Unknown"
"5020556",378624,2026-04-28 02:33:24,29.8035907745361,-13.1510810852051,"Unknown"
"5020556",378624,2026-04-28 02:43:24,29.8012790679932,-13.152530670166,"Unknown"
"5020556",378624,2026-04-28 02:53:27,29.7989234924316,-13.1541080474854,"Unknown"
"5020556",378624,2026-04-28 03:03:47,29.7966232299805,-13.1558980941772,"Unknown"
"5020556",378624,2026-04-28 03:13:24,29.7956218719482,-13.1595935821533,"Unknown"
"5020556",378624,2026-04-28 03:23:23,29.7937431335449,-13.161524772644,"Unknown"
"5020556",378624,2026-04-28 03:33:23,29.7919883728027,-13.1633405685425,"Unknown"
"5020556",378624,2026-04-28 03:43:23,29.7914447784424,-13.1641092300415,"Unknown"
"5020556",378624,2026-04-28 03:53:25,29.7899188995361,-13.1654100418091,"Unknown"
"5020556",378624,2026-04-28 04:03:25,29.7887344360352,-13.1666860580444,"Unknown"
"5020556",378624,2026-04-28 04:13:25,29.7873497009277,-13.1687545776367,"Unknown"
"5020556",378624,2026-04-28 04:23:25,29.786096572876,-13.1699228286743,"Unknown"
"5020556",378624,2026-04-28 04:33:23,29.7847480773926,-13.1709222793579,"Unknown"
"5020556",378624,2026-04-28 04:43:24,29.7836971282959,-13.1715908050537,"Unknown"
"5020556",378624,2026-04-28 04:53:27,29.7829208374023,-13.1723489761353,"Unknown"
"5020556",378624,2026-04-28 05:03:26,29.7953262329102,-13.2132568359375,"Unknown"
"5020556",378624,2026-04-28 05:13:27,29.8016223907471,-13.2277927398682,"Unknown"
"5020556",378624,2026-04-28 05:23:25,29.8005485534668,-13.2284126281738,"Unknown"
"5020556",378624,2026-04-28 05:33:26,29.8027191162109,-13.245701789856,"Unknown"
"5020556",378624,2026-04-28 05:43:27,29.8096714019775,-13.28333568573,"Unknown"
"5020556",378624,2026-04-28 05:53:25,29.8229427337646,-13.3256254196167,"Unknown"
"5020556",378624,2026-04-28 07:04:49,29.9750022888184,-13.2975692749023,"Unknown"
"5020556",378624,2026-04-28 07:14:49,29.9182014465332,-13.3287220001221,"Unknown"
"5020556",378624,2026-04-28 10:13:57,30.336311340332,-13.082010269165,"Unknown"
"5020556",378624,2026-04-28 11:13:24,30.3411617279053,-12.951771736145,"Unknown"
"5020556",378624,2026-04-28 12:13:57,30.3471031188965,-12.9274959564209,"Unknown"
"5020556",378624,2026-04-28 12:18:24,30.3524398803711,-12.9384918212891,"Unknown"
"5020556",378624,2026-04-28 12:23:25,30.3631801605225,-12.9345569610596,"Unknown"
"5020556",378624,2026-04-28 12:28:24,30.3794212341309,-12.9300260543823,"Unknown"
"5020556",378624,2026-04-28 12:33:25,30.379919052124,-12.9259538650513,"Unknown"
"5020556",378624,2026-04-28 12:38:24,30.3754253387451,-12.9165477752686,"Unknown"
"5020556",378624,2026-04-28 12:43:25,30.3726253509521,-12.9101371765137,"Unknown"
"5020556",378624,2026-04-28 12:48:24,30.386022567749,-12.8911304473877,"Unknown"
"5020556",378624,2026-04-28 12:53:25,30.3858432769775,-12.8872356414795,"Unknown"
"5020556",378624,2026-04-28 12:58:24,30.3853015899658,-12.8868103027344,"Unknown"
"5020556",378624,2026-04-28 13:03:24,30.3845462799072,-12.8864431381226,"Unknown"
"5020556",378624,2026-04-28 13:08:24,30.3837661743164,-12.8860054016113,"Unknown"
"5020556",378624,2026-04-28 13:13:24,30.381196975708,-12.9003553390503,"Unknown"
"5020556",378624,2026-04-28 13:18:24,30.3827514648438,-12.9032773971558,"Unknown"
"5020556",378624,2026-04-28 13:23:24,30.3823833465576,-12.9156370162964,"Unknown"
"5020556",378624,2026-04-28 13:28:24,30.3831062316895,-12.9238882064819,"Unknown"
"5020556",378624,2026-04-28 13:33:25,30.3981876373291,-12.9154167175293,"Unknown"
"5020556",378624,2026-04-28 13:38:24,30.4023494720459,-12.9111480712891,"Unknown"
"5020556",378624,2026-04-28 13:43:24,30.406270980835,-12.9102935791016,"Unknown"
"5020556",378624,2026-04-28 13:48:25,30.4119415283203,-12.9118909835815,"Unknown"
"5020556",378624,2026-04-28 13:53:24,30.4157333374023,-12.9069185256958,"Unknown"
"5020556",378624,2026-04-28 13:58:30,30.4103870391846,-12.8994388580322,"Unknown"
"5020556",378624,2026-04-28 14:04:49,30.4160079956055,-12.8658113479614,"Unknown"
"5020556",378624,2026-04-28 14:08:57,30.4205932617188,-12.8280725479126,"Unknown"
"5020556",378624,2026-04-28 14:13:26,30.4183921813965,-12.7875719070435,"Unknown"
"5020556",378624,2026-04-28 14:18:27,30.4123573303223,-12.7408695220947,"Unknown"
"5020556",378624,2026-04-28 14:23:27,30.4215717315674,-12.7010879516602,"Unknown"
"5020556",378624,2026-04-28 14:28:28,30.4394912719727,-12.6654300689697,"Unknown"
"5020556",378624,2026-04-28 14:33:30,30.4585704803467,-12.6305236816406,"Unknown"
"5020556",378624,2026-04-28 14:39:49,30.4745311737061,-12.5778150558472,"Unknown"
"5020556",378624,2026-04-28 14:44:03,30.4957447052002,-12.5624942779541,"Unknown"
"5020556",378624,2026-04-28 14:48:25,30.5169219970703,-12.566801071167,"Unknown"
"5020556",378624,2026-04-28 14:53:26,30.5433444976807,-12.5646085739136,"Unknown"
"5020556",378624,2026-04-28 14:58:24,30.569034576416,-12.5582847595215,"Unknown"
"5020556",378624,2026-04-28 15:03:26,30.5939998626709,-12.5346651077271,"Unknown"
"5020556",378624,2026-04-28 15:13:25,30.6241207122803,-12.4552869796753,"Unknown"
"5020556",378624,2026-04-28 15:18:26,30.6337203979492,-12.4122705459595,"Unknown"
"5020556",378624,2026-04-28 15:23:27,30.6383514404297,-12.3801898956299,"Unknown"
"5020556",378624,2026-04-28 15:28:57,30.6399765014648,-12.3465728759766,"Unknown"
"5020556",378624,2026-04-28 15:33:25,30.6459217071533,-12.3270378112793,"Unknown"
"5020556",378624,2026-04-28 15:38:24,30.6493244171143,-12.3059225082397,"Unknown"
"5020556",378624,2026-04-28 15:43:24,30.6484565734863,-12.272439956665,"Unknown"
"5020556",378624,2026-04-28 15:48:26,30.6443271636963,-12.2295732498169,"Unknown"
"5020556",378624,2026-04-28 15:53:25,30.6401691436768,-12.1919059753418,"Unknown"
"5020556",378624,2026-04-28 15:58:24,30.6314392089844,-12.1489686965942,"Unknown"
"5020556",378624,2026-04-28 16:04:49,30.6239395141602,-12.087176322937,"Unknown"
"5020556",378624,2026-04-28 16:09:49,30.6207904815674,-12.0539665222168,"Unknown"
"5020556",378624,2026-04-28 16:14:17,30.6212539672852,-12.0346555709839,"Unknown"
"5020556",378624,2026-04-28 16:18:24,30.6202335357666,-12.0276851654053,"Unknown"
"5020556",378624,2026-04-28 16:23:25,30.6094017028809,-11.9831476211548,"Unknown"
"5020556",378624,2026-04-28 16:28:26,30.599048614502,-11.9371356964111,"Unknown"
"5020556",378624,2026-04-28 16:33:25,30.5939903259277,-11.891544342041,"Unknown"
"5020556",378624,2026-04-28 16:38:26,30.5799255371094,-11.8460187911987,"Unknown"
"5020556",378624,2026-04-28 16:43:25,30.562032699585,-11.8022403717041,"Unknown"
"5020556",378624,2026-04-28 16:48:26,30.5519676208496,-11.7554130554199,"Unknown"
"5020556",378624,2026-04-28 16:53:25,30.5381736755371,-11.7080364227295,"Unknown"
"5020556",378624,2026-04-28 16:58:26,30.5255355834961,-11.6606206893921,"Unknown"
"5020556",378624,2026-04-28 17:03:26,30.5483894348145,-11.6606540679932,"Unknown"
"5020556",378624,2026-04-28 17:08:39,30.5526371002197,-11.6512174606323,"Unknown"
"5020556",378624,2026-04-28 17:13:27,30.5518856048584,-11.6500339508057,"Unknown"
"5020556",378624,2026-04-28 17:18:32,30.5555038452148,-11.6417713165283,"Unknown"
"5020556",378624,2026-04-28 17:23:57,30.5611114501953,-11.6384162902832,"Unknown"
"5020556",378624,2026-04-28 17:28:25,30.5625133514404,-11.636869430542,"Unknown"
"5020556",378624,2026-04-28 17:33:25,30.5673637390137,-11.6346883773804,"Unknown"
"5020556",378624,2026-04-28 17:38:27,30.5709075927734,-11.6309337615967,"Unknown"
"5020556",378624,2026-04-28 17:43:47,30.5742988586426,-11.6285400390625,"Unknown"
"5020556",378624,2026-04-28 17:48:25,30.5758743286133,-11.6281681060791,"Unknown"
"5020556",378624,2026-04-28 17:53:25,30.5769710540771,-11.6190996170044,"Unknown"
"5020556",378624,2026-04-28 17:58:25,30.5766620635986,-11.6185541152954,"Unknown"
"5020556",378624,2026-04-28 18:04:33,30.5779571533203,-11.6105089187622,"Unknown"
"5020556",378624,2026-04-28 18:08:25,30.57737159729,-11.6059770584106,"Unknown"
"5020556",378624,2026-04-28 18:13:25,30.57692527771,-11.5986013412476,"Unknown"
"5020556",378624,2026-04-28 18:18:25,30.579008102417,-11.5931797027588,"Unknown"
"5020556",378624,2026-04-28 18:23:25,30.5817070007324,-11.5880765914917,"Unknown"
"5020556",378624,2026-04-28 18:28:25,30.581262588501,-11.5791158676147,"Unknown"
"5020556",378624,2026-04-28 18:33:25,30.5850219726562,-11.571967124939,"Unknown"
"5020556",378624,2026-04-28 18:38:26,30.5831565856934,-11.5633239746094,"Unknown"
"5020556",378624,2026-04-28 18:43:25,30.5852909088135,-11.5570468902588,"Unknown"
"5020556",378624,2026-04-28 18:48:25,30.5879726409912,-11.5505657196045,"Unknown"
"5020556",378624,2026-04-28 18:53:25,30.5766201019287,-11.5152406692505,"Unknown"
"5020556",378624,2026-04-28 18:58:25,30.5783195495605,-11.5063419342041,"Unknown"
"5020556",378624,2026-04-28 19:03:25,30.5783615112305,-11.4794797897339,"Unknown"
"5020556",378624,2026-04-28 19:13:24,30.5803089141846,-11.4016561508179,"Unknown"
"5020556",378624,2026-04-28 19:18:25,30.5902481079102,-11.3621940612793,"Unknown"
"5020556",378624,2026-04-28 19:23:24,30.6056957244873,-11.3276176452637,"Unknown"
"5020556",378624,2026-04-28 19:28:24,30.6198863983154,-11.2873468399048,"Unknown"
"5020556",378624,2026-04-28 19:33:24,30.6189880371094,-11.2414960861206,"Unknown"
"5020556",378624,2026-04-28 19:38:24,30.6136360168457,-11.1976890563965,"Unknown"
"5020556",378624,2026-04-28 19:43:25,30.6091365814209,-11.1562976837158,"Unknown"
"5020556",378624,2026-04-28 19:48:24,30.6053142547607,-11.1139707565308,"Unknown"
"5020556",378624,2026-04-28 19:53:25,30.6042232513428,-11.0744209289551,"Unknown"
"5020556",378624,2026-04-28 19:58:24,30.6014308929443,-11.0349340438843,"Unknown"
"5020556",378624,2026-04-28 20:03:24,30.6027297973633,-10.9964485168457,"Unknown"
"5020556",378624,2026-04-28 20:08:24,30.6038608551025,-10.9657678604126,"Unknown"
"5020556",378624,2026-04-28 20:13:26,30.6033267974854,-10.9652366638184,"Unknown"
"5020556",378624,2026-04-28 20:18:24,30.6029071807861,-10.9645881652832,"Unknown"
"5020556",378624,2026-04-28 20:23:24,30.6027565002441,-10.9321765899658,"Unknown"
"5020556",378624,2026-04-28 20:28:24,30.5924034118652,-10.8916692733765,"Unknown"
"5020556",378624,2026-04-28 20:33:24,30.5789852142334,-10.8524236679077,"Unknown"
"5020556",378624,2026-04-28 20:38:24,30.5691699981689,-10.812463760376,"Unknown"
"5020556",378624,2026-04-28 20:43:31,30.5643291473389,-10.7991065979004,"Unknown"
"5020556",378624,2026-04-28 20:49:49,30.558801651001,-10.766396522522,"Unknown"
"5020556",378624,2026-04-28 20:54:49,30.5555686950684,-10.7263889312744,"Unknown"
"5020556",378624,2026-04-28 20:59:49,30.5517292022705,-10.6853332519531,"Unknown"
"5020556",378624,2026-04-28 21:19:49,30.5347461700439,-10.5217638015747,"Unknown"
"5020556",378624,2026-04-28 21:24:03,30.5335788726807,-10.4890546798706,"Unknown"
"5020556",378624,2026-04-28 21:28:27,30.5359268188477,-10.4598045349121,"Unknown"
"5020556",378624,2026-04-28 21:33:26,30.5418224334717,-10.4243974685669,"Unknown"
"5020556",378624,2026-04-28 21:38:26,30.5418930053711,-10.3862791061401,"Unknown"
"5020556",378624,2026-04-28 21:43:27,30.5412940979004,-10.3599262237549,"Unknown"
"5020556",378624,2026-04-28 21:48:27,30.540828704834,-10.3590087890625,"Unknown"
"5020556",378624,2026-04-28 21:53:26,30.5436916351318,-10.3352193832397,"Unknown"
"5020556",378624,2026-04-28 21:58:27,30.5398616790771,-10.2944364547729,"Unknown"
"5020556",378624,2026-04-28 22:23:26,30.5316772460938,-10.093355178833,"Unknown"
"5020556",378624,2026-04-28 22:28:31,30.5305709838867,-10.0688314437866,"Unknown"
"5020556",378624,2026-04-28 22:33:35,30.5296592712402,-10.0688514709473,"Unknown"
"5020556",378624,2026-04-28 22:38:28,30.5287189483643,-10.0691833496094,"Unknown"
"5020556",378624,2026-04-28 22:43:47,30.5277061462402,-10.0694017410278,"Unknown"
"5020556",378624,2026-04-28 22:48:23,30.5267581939697,-10.069580078125,"Unknown"
"5020556",378624,2026-04-28 22:53:24,30.5258560180664,-10.0698766708374,"Unknown"
"5020556",378624,2026-04-28 22:58:26,30.5249176025391,-10.0700969696045,"Unknown"
"5020556",378624,2026-04-28 23:03:26,30.5238513946533,-10.070107460022,"Unknown"
"5020556",378624,2026-04-28 23:08:29,30.5227470397949,-10.0700149536133,"Unknown"
"5020556",378624,2026-04-28 23:18:29,30.5206413269043,-10.0703554153442,"Unknown"
"5020556",378624,2026-04-28 23:28:48,30.5190486907959,-10.0709409713745,"Unknown"
"5020556",378624,2026-04-28 23:38:25,30.5173187255859,-10.0715675354004,"Unknown"
"5020556",378624,2026-04-28 23:48:25,30.515552520752,-10.0720882415771,"Unknown"
"5020556",378624,2026-04-28 23:58:25,30.5175647735596,-10.0704517364502,"Unknown"
"5020556",378624,2026-04-29 00:08:24,30.5161628723145,-10.0714836120605,"Unknown"
"5020556",378624,2026-04-29 00:18:23,30.5148067474365,-10.0730543136597,"Unknown"
"5020556",378624,2026-04-29 00:28:25,30.5132236480713,-10.0737638473511,"Unknown"
"5020556",378624,2026-04-29 00:38:26,30.5116214752197,-10.0746507644653,"Unknown"
"5020556",378624,2026-04-29 00:48:27,30.5099849700928,-10.0754175186157,"Unknown"
"5020556",378624,2026-04-29 00:58:47,30.5085048675537,-10.076548576355,"Unknown"
"5020556",378624,2026-04-29 01:08:26,30.5069465637207,-10.077579498291,"Unknown"
"5020556",378624,2026-04-29 01:18:27,30.5053195953369,-10.0787715911865,"Unknown"
"5020556",378624,2026-04-29 01:28:26,30.5036811828613,-10.0799036026001,"Unknown"
"5020556",378624,2026-04-29 01:38:26,30.5022144317627,-10.0810718536377,"Unknown"
"5020556",378624,2026-04-29 01:48:26,30.5008010864258,-10.0823812484741,"Unknown"
"5020556",378624,2026-04-29 01:58:24,30.4992179870605,-10.0835123062134,"Unknown"
"5020556",378624,2026-04-29 02:08:25,30.4976119995117,-10.0847206115723,"Unknown"
"5020556",378624,2026-04-29 02:18:25,30.4962177276611,-10.0858678817749,"Unknown"
"5020556",378624,2026-04-29 02:28:26,30.4948081970215,-10.0869693756104,"Unknown"
"5020556",378624,2026-04-29 02:38:27,30.4933452606201,-10.0879783630371,"Unknown"
"5020556",378624,2026-04-29 02:48:57,30.4919853210449,-10.0893611907959,"Unknown"
"5020556",378624,2026-04-29 02:58:24,30.4908905029297,-10.0905857086182,"Unknown"
"5020556",378624,2026-04-29 03:08:24,30.4896965026855,-10.0921258926392,"Unknown"
"5020556",378624,2026-04-29 03:18:25,30.4827060699463,-10.0460844039917,"Unknown"
"5020556",378624,2026-04-29 03:28:25,30.4730129241943,-10.0395803451538,"Unknown"
"5020556",378624,2026-04-29 03:38:26,30.4707126617432,-10.0413007736206,"Unknown"
"5020556",378624,2026-04-29 03:48:27,30.4684982299805,-10.0430736541748,"Unknown"
"5020556",378624,2026-04-29 03:58:27,30.4663219451904,-10.0449285507202,"Unknown"
"5020556",378624,2026-04-29 04:08:28,30.4638042449951,-10.0475425720215,"Unknown"
"5020556",378624,2026-04-29 04:18:47,30.4615802764893,-10.0499334335327,"Unknown"
"5020556",378624,2026-04-29 04:28:24,30.4595699310303,-10.0518264770508,"Unknown"
"5020556",378624,2026-04-29 04:38:24,30.4575881958008,-10.0537557601929,"Unknown"
"5020556",378624,2026-04-29 04:48:24,30.4556331634521,-10.0556440353394,"Unknown"
"5020556",378624,2026-04-29 04:58:23,30.4535484313965,-10.0576400756836,"Unknown"
"5020556",378624,2026-04-29 05:08:25,30.4360103607178,-10.1024913787842,"Unknown"
"5020556",378624,2026-04-29 05:18:26,30.4180641174316,-10.1650400161743,"Unknown"
"5020556",378624,2026-04-29 05:28:25,30.4166069030762,-10.2302341461182,"Unknown"
"5020556",378624,2026-04-29 05:38:25,30.4148788452148,-10.2984037399292,"Unknown"
"5020556",378624,2026-04-29 05:48:25,30.4146137237549,-10.3610019683838,"Unknown"
"5020556",378624,2026-04-29 05:59:49,30.4114665985107,-10.4401607513428,"Unknown"
"5020556",378624,2026-04-29 06:09:49,30.4039077758789,-10.5063619613647,"Unknown"
"5020556",378624,2026-04-29 06:19:49,30.3908157348633,-10.5543441772461,"Unknown"
"5020556",378624,2026-04-29 06:29:17,30.3864974975586,-10.5872859954834,"Unknown"
"5020556",378624,2026-04-29 06:38:24,30.384822845459,-10.574239730835,"Unknown"
"5020556",378624,2026-04-29 06:48:26,30.3735790252686,-10.5924129486084,"Unknown"
"5020556",378624,2026-04-29 06:58:40,30.3426494598389,-10.6597776412964,"Unknown"
"5020556",378624,2026-04-29 07:14:49,30.2742919921875,-10.7312574386597,"Unknown"
"5020556",378624,2026-04-29 08:14:49,30.2209224700928,-11.1031703948975,"Unknown"
"5020556",378624,2026-04-29 08:23:25,30.2192096710205,-11.1091394424438,"Unknown"
"5020556",378624,2026-04-29 08:33:27,30.2231559753418,-11.1131038665771,"Unknown"
"5020556",378624,2026-04-29 08:43:23,30.2367992401123,-11.138165473938,"Unknown"
"5020556",378624,2026-04-29 08:48:24,30.2375679016113,-11.1433954238892,"Unknown"
"5020556",378624,2026-04-29 08:53:24,30.2435188293457,-11.1500930786133,"Unknown"
"5020556",378624,2026-04-29 08:58:24,30.2556381225586,-11.1641750335693,"Unknown"
"5020556",378624,2026-04-29 09:09:49,30.2665119171143,-11.2284145355225,"Unknown"
"5020556",378624,2026-04-29 09:14:49,30.2662467956543,-11.2628192901611,"Unknown"
"5020556",378624,2026-04-29 09:19:49,30.2669792175293,-11.2962579727173,"Unknown"
"5020556",378624,2026-04-29 09:24:47,30.2605361938477,-11.3306617736816,"Unknown"
"5020556",378624,2026-04-29 09:28:37,30.2597064971924,-11.3471899032593,"Unknown"
"5020556",378624,2026-04-29 09:33:25,30.2544174194336,-11.368953704834,"Unknown"
"5020556",378624,2026-04-29 09:38:26,30.2503871917725,-11.393837928772,"Unknown"
"5020556",378624,2026-04-29 09:43:26,30.2504940032959,-11.3941879272461,"Unknown"
"5020556",378624,2026-04-29 09:48:28,30.2505931854248,-11.394660949707,"Unknown"
"5020556",378624,2026-04-29 09:53:28,30.2506847381592,-11.3950605392456,"Unknown"
"5020556",378624,2026-04-29 09:58:26,30.2484741210938,-11.4119453430176,"Unknown"
"5020556",378624,2026-04-29 10:03:27,30.2574996948242,-11.4385538101196,"Unknown"
"5020556",378624,2026-04-29 10:09:06,30.2543811798096,-11.480188369751,"Unknown"
"5020556",378624,2026-04-29 10:13:25,30.2692832946777,-11.4976100921631,"Unknown"
"5020556",378624,2026-04-29 10:18:24,30.2690162658691,-11.5135517120361,"Unknown"
"5020556",378624,2026-04-29 10:23:27,30.2582836151123,-11.5359954833984,"Unknown"
"5020556",378624,2026-04-29 10:28:26,30.2395153045654,-11.5196647644043,"Unknown"
"5020556",378624,2026-04-29 10:33:30,30.2458324432373,-11.5246677398682,"Unknown"
"5020556",378624,2026-04-29 10:38:24,30.2503128051758,-11.5229110717773,"Unknown"
"5020556",378624,2026-04-29 10:43:25,30.2508678436279,-11.5224876403809,"Unknown"
"5020556",378624,2026-04-29 10:48:26,30.2590599060059,-11.528284072876,"Unknown"
"5020556",378624,2026-04-29 10:53:25,30.2732791900635,-11.5464658737183,"Unknown"
"5020556",378624,2026-04-29 10:58:30,30.2833843231201,-11.527569770813,"Unknown"
"5020556",378624,2026-04-29 11:03:25,30.2669734954834,-11.5355434417725,"Unknown"
"5020556",378624,2026-04-29 11:13:23,30.2725238800049,-11.5372619628906,"Unknown"
"5020556",378624,2026-04-29 11:18:23,30.2796421051025,-11.5507221221924,"Unknown"
"5020556",378624,2026-04-29 11:23:24,30.2856502532959,-11.5793046951294,"Unknown"
"5020556",378624,2026-04-29 11:28:24,30.2832279205322,-11.6100358963013,"Unknown"
"5020556",378624,2026-04-29 11:33:23,30.2999706268311,-11.6196727752686,"Unknown"
"5020556",378624,2026-04-29 11:38:23,30.3054237365723,-11.6132736206055,"Unknown"
"5020556",378624,2026-04-29 11:43:23,30.3233070373535,-11.6255550384521,"Unknown"
"5020556",378624,2026-04-29 11:48:25,30.3426570892334,-11.6103248596191,"Unknown"
"5020556",378624,2026-04-29 11:53:24,30.3579711914062,-11.6318492889404,"Unknown"
"5020556",378624,2026-04-29 11:59:03,30.358341217041,-11.6690654754639,"Unknown"
"5020556",378624,2026-04-29 12:04:48,30.3579940795898,-11.7032747268677,"Unknown"
"5020556",378624,2026-04-29 12:09:03,30.3386631011963,-11.7200736999512,"Unknown"
"5020556",378624,2026-04-29 12:13:23,30.3215045928955,-11.7373952865601,"Unknown"
"5020556",378624,2026-04-29 12:18:24,30.2985496520996,-11.7597465515137,"Unknown"
"5020556",378624,2026-04-29 12:23:25,30.2694969177246,-11.7776985168457,"Unknown"
"5020556",378624,2026-04-29 12:28:25,30.2368011474609,-11.7953844070435,"Unknown"
"5020556",378624,2026-04-29 12:33:24,30.2101287841797,-11.8221530914307,"Unknown"
"5020556",378624,2026-04-29 12:38:24,30.1867771148682,-11.849515914917,"Unknown"
"5020556",378624,2026-04-29 12:43:23,30.154411315918,-11.8669137954712,"Unknown"
"5020556",378624,2026-04-29 12:48:23,30.1279640197754,-11.8890886306763,"Unknown"
"5020556",378624,2026-04-29 12:53:23,30.1013526916504,-11.9127025604248,"Unknown"
"5020556",378624,2026-04-29 12:58:23,30.0727291107178,-11.9343128204346,"Unknown"
"5020556",378624,2026-04-29 13:03:23,30.0568180084229,-11.9580459594727,"Unknown"
"5020556",378624,2026-04-29 13:08:25,30.0437107086182,-11.9932680130005,"Unknown"
"5020556",378624,2026-04-29 13:13:23,30.0374393463135,-12.0073547363281,"Unknown"
"5020556",378624,2026-04-29 13:18:23,30.0227527618408,-12.034722328186,"Unknown"
"5020556",378624,2026-04-29 13:23:23,30.0103168487549,-12.061318397522,"Unknown"
"5020556",378624,2026-04-29 13:28:23,29.9920768737793,-12.098258972168,"Unknown"
"5020556",378624,2026-04-29 13:33:25,29.9776382446289,-12.1375579833984,"Unknown"
"5020556",378624,2026-04-29 13:38:25,29.9613952636719,-12.1751937866211,"Unknown"
"5020556",378624,2026-04-29 13:43:23,29.9627857208252,-12.1960506439209,"Unknown"
"5020556",378624,2026-04-29 13:48:23,29.9874858856201,-12.1995782852173,"Unknown"
"5020556",378624,2026-04-29 13:53:23,29.9924068450928,-12.1945724487305,"Unknown"
"5020556",378624,2026-04-29 13:58:38,29.9939212799072,-12.2035207748413,"Unknown"
"5020556",378624,2026-04-29 14:03:47,29.9972171783447,-12.2059936523438,"Unknown"
"5020556",378624,2026-04-29 14:08:23,30.0063438415527,-12.2190246582031,"Unknown"
"5020556",378624,2026-04-29 14:13:28,30.0055694580078,-12.2184162139893,"Unknown"
"5020556",378624,2026-04-29 14:18:23,30.0050582885742,-12.2179346084595,"Unknown"
"5020556",378624,2026-04-29 14:23:24,30.0114688873291,-12.2211637496948,"Unknown"
"5020556",378624,2026-04-29 14:28:23,30.012767791748,-12.2218494415283,"Unknown"
"5020556",378624,2026-04-29 14:33:23,30.0183506011963,-12.2260046005249,"Unknown"
"5020556",378624,2026-04-29 14:38:22,30.0205421447754,-12.2239503860474,"Unknown"
"5020556",378624,2026-04-29 14:43:23,30.0276546478271,-12.228928565979,"Unknown"
"5020556",378624,2026-04-29 14:48:23,30.0268707275391,-12.2284994125366,"Unknown"
"5020556",378624,2026-04-29 14:53:23,30.0324840545654,-12.2338762283325,"Unknown"
"5020556",378624,2026-04-29 14:58:23,30.0339756011963,-12.2365798950195,"Unknown"
"5020556",378624,2026-04-29 15:03:23,30.0299053192139,-12.2439479827881,"Unknown"
"5020556",378624,2026-04-29 15:13:24,30.0276718139648,-12.2465114593506,"Unknown"
"5020556",378624,2026-04-29 15:18:26,30.0210762023926,-12.2508325576782,"Unknown"
"5020556",378624,2026-04-29 15:23:41,30.018726348877,-12.2509536743164,"Unknown"
"5020556",378624,2026-04-29 15:28:37,30.0212249755859,-12.2501583099365,"Unknown"
"5020556",378624,2026-04-29 15:33:25,30.0213832855225,-12.2498178482056,"Unknown"
"5020556",378624,2026-04-29 15:38:25,30.0208721160889,-12.2489728927612,"Unknown"
"5020556",378624,2026-04-29 15:43:28,30.0237922668457,-12.2473373413086,"Unknown"
"5020556",378624,2026-04-29 15:48:25,30.0251064300537,-12.2471895217896,"Unknown"
"5020556",378624,2026-04-29 15:53:26,30.0241870880127,-12.2469816207886,"Unknown"
"5020556",378624,2026-04-29 15:58:27,30.0274066925049,-12.2477235794067,"Unknown"
"5020556",378624,2026-04-29 16:03:47,30.0262584686279,-12.2473697662354,"Unknown"
"5020556",378624,2026-04-29 16:08:25,30.0252799987793,-12.2470989227295,"Unknown"
"5020556",378624,2026-04-29 16:13:26,30.0321483612061,-12.2436685562134,"Unknown"
"5020556",378624,2026-04-29 16:18:30,30.0325489044189,-12.2382850646973,"Unknown"
"5020556",378624,2026-04-29 16:23:22,30.0290069580078,-12.23863697052,"Unknown"
"5020556",378624,2026-04-29 16:28:23,30.0325546264648,-12.2346391677856,"Unknown"
"5020556",378624,2026-04-29 16:33:23,30.031566619873,-12.2340536117554,"Unknown"
"5020556",378624,2026-04-29 16:38:26,30.0306129455566,-12.2335481643677,"Unknown"
"5020556",378624,2026-04-29 16:43:32,30.0295848846436,-12.2333278656006,"Unknown"
"5020556",378624,2026-04-29 16:48:27,30.0338306427002,-12.2234992980957,"Unknown"
"5020556",378624,2026-04-29 16:53:39,30.0422401428223,-12.2247018814087,"Unknown"
"5020556",378624,2026-04-29 16:58:29,30.046594619751,-12.2215814590454,"Unknown"
"5020556",378624,2026-04-29 17:03:57,30.0457668304443,-12.2183523178101,"Unknown"
"5020556",378624,2026-04-29 17:08:23,30.044038772583,-12.2183876037598,"Unknown"
"5020556",378624,2026-04-29 17:13:22,30.0449371337891,-12.2134323120117,"Unknown"
"5020556",378624,2026-04-29 17:18:23,30.0442180633545,-12.2135496139526,"Unknown"
"5020556",378624,2026-04-29 17:23:22,30.0457916259766,-12.2013864517212,"Unknown"
"5020556",378624,2026-04-29 17:28:23,30.0460834503174,-12.1987981796265,"Unknown"
"5020556",378624,2026-04-29 17:33:23,30.0401306152344,-12.195240020752,"Unknown"
"5020556",378624,2026-04-29 17:38:23,30.0382194519043,-12.1900672912598,"Unknown"
"5020556",378624,2026-04-29 17:43:23,30.0379886627197,-12.1937065124512,"Unknown"
"5020556",378624,2026-04-29 17:48:23,30.0472984313965,-12.2239599227905,"Unknown"
"5020556",378624,2026-04-29 17:53:23,30.062614440918,-12.208568572998,"Unknown"
"5020556",378624,2026-04-29 17:58:23,30.0468997955322,-12.169527053833,"Unknown"
"5020556",378624,2026-04-29 18:03:24,30.0332813262939,-12.1607818603516,"Unknown"
"5020556",378624,2026-04-29 18:08:23,30.0319595336914,-12.1571655273438,"Unknown"
"5020556",378624,2026-04-29 18:13:23,30.0352725982666,-12.1562042236328,"Unknown"
"5020556",378624,2026-04-29 18:18:23,30.0119018554688,-12.1868848800659,"Unknown"
"5020556",378624,2026-04-29 18:23:23,30.0155639648438,-12.2170038223267,"Unknown"
"5020556",378624,2026-04-29 18:28:23,30.0282402038574,-12.2441911697388,"Unknown"
"5020556",378624,2026-04-29 18:33:23,30.0436515808105,-12.2766666412354,"Unknown"
"5020556",378624,2026-04-29 18:38:23,30.0497989654541,-12.2942113876343,"Unknown"
"5020556",378624,2026-04-29 18:43:23,30.055492401123,-12.3273477554321,"Unknown"
"5020556",378624,2026-04-29 18:48:23,30.060359954834,-12.3532915115356,"Unknown"
"5020556",378624,2026-04-29 18:53:24,30.0571556091309,-12.3471803665161,"Unknown"
"5020556",378624,2026-04-29 18:58:29,30.0599422454834,-12.3440113067627,"Unknown"
"5020556",378624,2026-04-29 19:03:23,30.0653018951416,-12.3456144332886,"Unknown"
"5020556",378624,2026-04-29 19:13:27,30.0514316558838,-12.347785949707,"Unknown"
"5020556",378624,2026-04-29 19:18:26,30.0572471618652,-12.3424663543701,"Unknown"
"5020556",378624,2026-04-29 19:23:30,30.0597991943359,-12.3249034881592,"Unknown"
"5020556",378624,2026-04-29 19:28:57,30.0617790222168,-12.3251895904541,"Unknown"
"5020556",378624,2026-04-29 19:33:24,30.0629768371582,-12.3265714645386,"Unknown"
"5020556",378624,2026-04-29 19:38:24,30.0594959259033,-12.3475713729858,"Unknown"
"5020556",378624,2026-04-29 19:43:24,30.058572769165,-12.3478717803955,"Unknown"
"5020556",378624,2026-04-29 19:48:25,30.0576267242432,-12.3481178283691,"Unknown"
"5020556",378624,2026-04-29 19:53:24,30.0621299743652,-12.3494701385498,"Unknown"
"5020556",378624,2026-04-29 19:58:25,30.0613231658936,-12.3499183654785,"Unknown"
"5020556",378624,2026-04-29 20:03:24,30.0605201721191,-12.350456237793,"Unknown"
"5020556",378624,2026-04-29 20:08:25,30.0595664978027,-12.3511524200439,"Unknown"
"5020556",378624,2026-04-29 20:13:25,30.0585536956787,-12.3516101837158,"Unknown"
"5020556",378624,2026-04-29 20:18:25,30.0576152801514,-12.3520259857178,"Unknown"
"5020556",378624,2026-04-29 20:23:25,30.0567684173584,-12.3524370193481,"Unknown"
"5020556",378624,2026-04-29 20:28:26,30.0558643341064,-12.3528337478638,"Unknown"
"5020556",378624,2026-04-29 20:33:24,30.0550441741943,-12.3533163070679,"Unknown"
"5020556",378624,2026-04-29 20:38:24,30.0541763305664,-12.3536853790283,"Unknown"
"5020556",378624,2026-04-29 20:43:24,30.0533618927002,-12.354133605957,"Unknown"
"5020556",378624,2026-04-29 20:48:24,30.0525321960449,-12.3547191619873,"Unknown"
"5020556",378624,2026-04-29 20:53:25,30.0516910552979,-12.3553152084351,"Unknown"
"5020556",378624,2026-04-29 20:58:25,30.0507850646973,-12.3560132980347,"Unknown"
"5020556",378624,2026-04-29 21:03:47,30.0497493743896,-12.355339050293,"Unknown"
"5020556",378624,2026-04-29 21:08:24,30.0491199493408,-12.3557348251343,"Unknown"
"5020556",378624,2026-04-29 21:13:24,30.048454284668,-12.3561305999756,"Unknown"
"5020556",378624,2026-04-29 21:18:23,30.0478496551514,-12.3567352294922,"Unknown"
"5020556",378624,2026-04-29 21:23:24,30.0472164154053,-12.3571939468384,"Unknown"
"5020556",378624,2026-04-29 21:28:23,30.0464820861816,-12.3575448989868,"Unknown"
"5020556",378624,2026-04-29 21:33:24,30.0457954406738,-12.3579435348511,"Unknown"
"5020556",378624,2026-04-29 21:38:24,30.0450077056885,-12.3586378097534,"Unknown"
"5020556",378624,2026-04-29 21:43:26,30.0442428588867,-12.3589496612549,"Unknown"
"5020556",378624,2026-04-29 21:48:24,30.0433979034424,-12.3592739105225,"Unknown"
"5020556",378624,2026-04-29 21:53:23,30.0426635742188,-12.3596172332764,"Unknown"
"5020556",378624,2026-04-29 21:58:24,30.0419330596924,-12.3600120544434,"Unknown"
"5020556",378624,2026-04-29 22:03:23,30.0412406921387,-12.3605041503906,"Unknown"
"5020556",378624,2026-04-29 22:08:26,30.0405826568604,-12.3610506057739,"Unknown"
"5020556",378624,2026-04-29 22:13:25,30.0399742126465,-12.3614330291748,"Unknown"
"5020556",378624,2026-04-29 22:18:27,30.0393924713135,-12.3619995117188,"Unknown"
"5020556",378624,2026-04-29 22:23:47,30.0388050079346,-12.3626823425293,"Unknown"
"5020556",378624,2026-04-29 22:28:28,30.0382957458496,-12.3632669448853,"Unknown"
"5020556",378624,2026-04-29 22:33:57,30.0377426147461,-12.3639469146729,"Unknown"
"5020556",378624,2026-04-29 22:38:24,30.0373001098633,-12.3644390106201,"Unknown"
"5020556",378624,2026-04-29 22:43:24,30.0367736816406,-12.3650169372559,"Unknown"
"5020556",378624,2026-04-29 22:48:24,30.0361976623535,-12.3654365539551,"Unknown"
"5020556",378624,2026-04-29 22:53:24,30.0356006622314,-12.3658561706543,"Unknown"
"5020556",378624,2026-04-29 22:58:24,30.0350151062012,-12.3664455413818,"Unknown"
"5020556",378624,2026-04-29 23:03:24,30.0344619750977,-12.3670082092285,"Unknown"
"5020556",378624,2026-04-29 23:13:24,30.0333003997803,-12.3679475784302,"Unknown"
"5020556",378624,2026-04-29 23:23:23,30.0321998596191,-12.3689565658569,"Unknown"
"5020556",378624,2026-04-29 23:28:24,30.0315437316895,-12.3695592880249,"Unknown"
"5020556",378624,2026-04-29 23:33:23,30.0304832458496,-12.3686237335205,"Unknown"
"5020556",378624,2026-04-29 23:38:23,30.0300102233887,-12.3691024780273,"Unknown"
"5020556",378624,2026-04-29 23:43:24,30.0295677185059,-12.3697023391724,"Unknown"
"5020556",378624,2026-04-29 23:48:24,30.0290622711182,-12.3702239990234,"Unknown"
"5020556",378624,2026-04-29 23:53:24,30.0286102294922,-12.3708095550537,"Unknown"
"5020556",378624,2026-04-29 23:58:24,30.0279865264893,-12.37158203125,"Unknown"
"5020556",378624,2026-04-30 00:03:24,30.0272369384766,-12.3723678588867,"Unknown"
"5020556",378624,2026-04-30 00:08:24,30.026704788208,-12.3730783462524,"Unknown"
"5020556",378624,2026-04-30 00:13:23,30.0262508392334,-12.3737020492554,"Unknown"
"5020556",378624,2026-04-30 00:18:24,30.0259017944336,-12.3741474151611,"Unknown"
"5020556",378624,2026-04-30 00:23:24,30.0255279541016,-12.3746194839478,"Unknown"
"5020556",378624,2026-04-30 00:28:24,30.0251922607422,-12.3750600814819,"Unknown"
"5020556",378624,2026-04-30 00:33:25,30.0248031616211,-12.375376701355,"Unknown"
"5020556",378624,2026-04-30 00:38:26,30.0244483947754,-12.3757858276367,"Unknown"
"5020556",378624,2026-04-30 00:48:27,30.0236854553223,-12.3769798278809,"Unknown"
"5020556",378624,2026-04-30 00:53:27,30.0233325958252,-12.3773775100708,"Unknown"
"5020556",378624,2026-04-30 01:03:47,30.0225353240967,-12.3779678344727,"Unknown"
"5020556",378624,2026-04-30 01:13:25,30.0217761993408,-12.3791913986206,"Unknown"
"5020556",378624,2026-04-30 01:23:26,30.0210037231445,-12.3797092437744,"Unknown"
"5020556",378624,2026-04-30 01:33:26,30.0203609466553,-12.3811950683594,"Unknown"
"5020556",378624,2026-04-30 01:38:30,30.0201034545898,-12.3819789886475,"Unknown"
"5020556",378624,2026-04-30 01:48:57,30.0192642211914,-12.3840103149414,"Unknown"
"5020556",378624,2026-04-30 01:58:24,30.0187397003174,-12.3852844238281,"Unknown"
"5020556",378624,2026-04-30 02:08:24,30.0183925628662,-12.3858699798584,"Unknown"
"5020556",378624,2026-04-30 02:18:24,30.0181674957275,-12.3864059448242,"Unknown"
"5020556",378624,2026-04-30 02:28:26,30.0179748535156,-12.3867092132568,"Unknown"
"5020556",378624,2026-04-30 02:38:24,30.017578125,-12.3876934051514,"Unknown"
"5020556",378624,2026-04-30 02:48:24,30.0164833068848,-12.3864231109619,"Unknown"
"5020556",378624,2026-04-30 02:58:24,30.0161781311035,-12.3872003555298,"Unknown"
"5020556",378624,2026-04-30 03:13:24,30.0155162811279,-12.3887376785278,"Unknown"
"5020556",378624,2026-04-30 03:23:25,30.0152587890625,-12.3897638320923,"Unknown"
"5020556",378624,2026-04-30 03:33:31,30.0150032043457,-12.3907556533813,"Unknown"
"5020556",378624,2026-04-30 03:43:27,30.0146636962891,-12.3919239044189,"Unknown"
"5020556",378624,2026-04-30 03:53:24,30.0137958526611,-12.3937397003174,"Unknown"
"5020556",378624,2026-04-30 04:03:57,30.0124416351318,-12.3951425552368,"Unknown"
"5020556",378624,2026-04-30 04:13:23,30.0123825073242,-12.396201133728,"Unknown"
"5020556",378624,2026-04-30 04:23:23,30.0123271942139,-12.3974657058716,"Unknown"
"5020556",378624,2026-04-30 04:33:24,30.0124225616455,-12.3981199264526,"Unknown"
"5020556",378624,2026-04-30 04:43:24,30.012508392334,-12.398383140564,"Unknown"
"5020556",378624,2026-04-30 04:53:24,30.0127334594727,-12.3990468978882,"Unknown"
"5020556",378624,2026-04-30 05:03:24,30.012866973877,-12.3994588851929,"Unknown"
"5020556",378624,2026-04-30 05:13:24,30.0129985809326,-12.3999633789062,"Unknown"
"5020556",378624,2026-04-30 05:23:23,30.0131168365479,-12.4004459381104,"Unknown"
"5020556",378624,2026-04-30 05:33:24,30.0130920410156,-12.4016609191895,"Unknown"
"5020556",378624,2026-04-30 05:43:25,30.0129165649414,-12.4042263031006,"Unknown"
"5020556",378624,2026-04-30 05:53:25,30.0288410186768,-12.4332666397095,"Unknown"
"5020556",378624,2026-04-30 06:03:25,30.0590476989746,-12.4687919616699,"Unknown"
"5020556",378624,2026-04-30 06:13:24,30.064868927002,-12.5237092971802,"Unknown"
"5020556",378624,2026-04-30 06:23:27,30.0488090515137,-12.5657567977905,"Unknown"
"5020556",378624,2026-04-30 06:34:03,30.0560665130615,-12.6370344161987,"Unknown"
"5020556",378624,2026-04-30 06:43:24,30.0762977600098,-12.6981086730957,"Unknown"
"5020556",378624,2026-04-30 06:53:24,30.106294631958,-12.7561779022217,"Unknown"
"5020556",378624,2026-04-30 07:03:24,30.1224212646484,-12.8300657272339,"Unknown"
"5020556",378624,2026-04-30 07:13:24,30.1340675354004,-12.8874454498291,"Unknown"
"5020556",378624,2026-04-30 08:13:56,30.1921920776367,-12.8870868682861,"Unknown"
"5020556",378624,2026-04-30 08:23:24,30.194034576416,-12.8876085281372,"Unknown"
"5020556",378624,2026-04-30 08:33:25,30.1973628997803,-12.9083919525146,"Unknown"
"5020556",378624,2026-04-30 08:43:24,30.1736583709717,-12.9588060379028,"Unknown"
"5020556",378624,2026-04-30 08:53:24,30.1724700927734,-12.9612140655518,"Unknown"
"5020556",378624,2026-04-30 08:58:24,30.1724510192871,-12.9613580703735,"Unknown"
"5020556",378624,2026-04-30 09:03:27,30.177942276001,-12.9627733230591,"Unknown"
"5020556",378624,2026-04-30 09:08:24,30.1722183227539,-12.964334487915,"Unknown"
"5020556",378624,2026-04-30 09:13:24,30.1722946166992,-12.9638071060181,"Unknown"
"5020556",378624,2026-04-30 09:18:24,30.1808109283447,-12.9846029281616,"Unknown"
"5020556",378624,2026-04-30 09:23:24,30.1807765960693,-12.9847974777222,"Unknown"
"5020556",378624,2026-04-30 09:28:24,30.1806907653809,-12.9849691390991,"Unknown"
"5020556",378624,2026-04-30 09:33:24,30.1806411743164,-12.9853143692017,"Unknown"
"5020556",378624,2026-04-30 09:38:26,30.1805267333984,-12.9856672286987,"Unknown"
"5020556",378624,2026-04-30 09:43:27,30.1865234375,-12.9939489364624,"Unknown"
"5020556",378624,2026-04-30 09:48:26,30.1860733032227,-13.0259809494019,"Unknown"
"5020556",378624,2026-04-30 09:53:26,30.1863422393799,-13.0259342193604,"Unknown"
"5020556",378624,2026-04-30 09:58:26,30.1863842010498,-13.0262517929077,"Unknown"
"5020556",378624,2026-04-30 10:03:47,30.19069480896,-13.0302877426147,"Unknown"
"5020556",378624,2026-04-30 10:08:24,30.1908206939697,-13.0305328369141,"Unknown"
"5020556",378624,2026-04-30 10:13:25,30.1962108612061,-13.0348224639893,"Unknown"
"5020556",378624,2026-04-30 10:18:24,30.2055778503418,-13.0292596817017,"Unknown"
"5020556",378624,2026-04-30 10:23:23,30.2074737548828,-13.02965259552,"Unknown"
"5020556",378624,2026-04-30 10:28:26,30.2078132629395,-13.0298461914062,"Unknown"
"5020556",378624,2026-04-30 10:33:23,30.2080116271973,-13.0301609039307,"Unknown"
"5020556",378624,2026-04-30 10:38:25,30.2080879211426,-13.0305118560791,"Unknown"
"5020556",378624,2026-04-30 10:43:25,30.2081890106201,-13.0308036804199,"Unknown"
"5020556",378624,2026-04-30 10:48:25,30.211576461792,-13.04456615448,"Unknown"
"5020556",378624,2026-04-30 10:53:26,30.2043495178223,-13.0509872436523,"Unknown"
"5020556",378624,2026-04-30 10:58:24,30.2095890045166,-13.0497999191284,"Unknown"
"5020556",378624,2026-04-30 11:03:26,30.2141990661621,-13.0494613647461,"Unknown"
"5020556",378624,2026-04-30 11:14:48,30.2204685211182,-13.0485954284668,"Unknown"
"5020556",378624,2026-04-30 11:18:47,30.2206859588623,-13.0486574172974,"Unknown"
"5020556",378624,2026-04-30 11:23:23,30.2209606170654,-13.0485544204712,"Unknown"
"5020556",378624,2026-04-30 11:28:23,30.2210540771484,-13.048623085022,"Unknown"
"5020556",378624,2026-04-30 11:33:23,30.2211322784424,-13.0486621856689,"Unknown"
"5020556",378624,2026-04-30 11:38:25,30.2212905883789,-13.0485649108887,"Unknown"
"5020556",378624,2026-04-30 11:43:23,30.2290134429932,-13.0471210479736,"Unknown"
"5020556",378624,2026-04-30 11:48:23,30.229455947876,-13.0483846664429,"Unknown"
"5020556",378624,2026-04-30 11:53:26,30.2322368621826,-13.0466012954712,"Unknown"
"5020556",378624,2026-04-30 11:58:26,30.2323837280273,-13.0466136932373,"Unknown"
"5020556",378624,2026-04-30 12:03:47,30.2325630187988,-13.0465641021729,"Unknown"
"5020556",378624,2026-04-30 12:08:24,30.2326641082764,-13.0465526580811,"Unknown"
"5020556",378624,2026-04-30 12:13:24,30.2328472137451,-13.0464429855347,"Unknown"
"5020556",378624,2026-04-30 12:18:22,30.2301559448242,-13.0425338745117,"Unknown"
"5020556",378624,2026-04-30 12:23:25,30.2186470031738,-13.0362882614136,"Unknown"
"5020556",378624,2026-04-30 12:28:25,30.2137889862061,-13.0386695861816,"Unknown"
"5020556",378624,2026-04-30 12:33:24,30.2133960723877,-13.040491104126,"Unknown"
"5020556",378624,2026-04-30 12:38:24,30.2134552001953,-13.0431365966797,"Unknown"
"5020556",378624,2026-04-30 12:43:25,30.2135276794434,-13.0438976287842,"Unknown"
"5020556",378624,2026-04-30 12:48:26,30.2134208679199,-13.0438690185547,"Unknown"
"5020556",378624,2026-04-30 12:53:25,30.2132663726807,-13.0438051223755,"Unknown"
"5020556",378624,2026-04-30 12:58:27,30.2134227752686,-13.0436344146729,"Unknown"
"5020556",378624,2026-04-30 13:03:24,30.2133483886719,-13.0436000823975,"Unknown"
"5020556",378624,2026-04-30 13:08:24,30.2133445739746,-13.0435152053833,"Unknown"
"5020556",378624,2026-04-30 13:13:24,30.2134685516357,-13.0435085296631,"Unknown"
"5020556",378624,2026-04-30 13:18:24,30.2135219573975,-13.0435380935669,"Unknown"
"5020556",378624,2026-04-30 13:23:24,30.2178592681885,-13.0483751296997,"Unknown"
"5020556",378624,2026-04-30 13:28:27,30.2187519073486,-13.0488481521606,"Unknown"
"5020556",378624,2026-04-30 13:33:23,30.2177295684814,-13.0479831695557,"Unknown"
"5020556",378624,2026-04-30 13:38:28,30.2177352905273,-13.0479545593262,"Unknown"
"5020556",378624,2026-04-30 13:43:27,30.2176399230957,-13.0478277206421,"Unknown"
"5020556",378624,2026-04-30 13:48:26,30.2174911499023,-13.0477228164673,"Unknown"
"5020556",378624,2026-04-30 13:53:27,30.2173233032227,-13.0476303100586,"Unknown"
"5020556",378624,2026-04-30 13:58:26,30.2172527313232,-13.0476179122925,"Unknown"
"5020556",378624,2026-04-30 14:03:25,30.2227611541748,-13.0515766143799,"Unknown"
"5020556",378624,2026-04-30 14:08:29,30.2251853942871,-13.049388885498,"Unknown"
"5020556",378624,2026-04-30 14:13:27,30.2279758453369,-13.0483407974243,"Unknown"
"5020556",378624,2026-04-30 14:18:32,30.2300720214844,-13.0477066040039,"Unknown"
"5020556",378624,2026-04-30 14:23:47,30.2466697692871,-13.039529800415,"Unknown"
"5020556",378624,2026-04-30 14:28:25,30.2484703063965,-13.0406703948975,"Unknown"
"5020556",378624,2026-04-30 14:33:29,30.2486209869385,-13.0407457351685,"Unknown"
"5020556",378624,2026-04-30 14:38:26,30.2484893798828,-13.0407094955444,"Unknown"
"5020556",378624,2026-04-30 14:43:29,30.2657947540283,-13.0351810455322,"Unknown"
"5020556",378624,2026-04-30 14:48:28,30.2743053436279,-13.0225582122803,"Unknown"
"5020556",378624,2026-04-30 14:53:26,30.2740936279297,-13.0225419998169,"Unknown"
"5020556",378624,2026-04-30 14:58:57,30.2737922668457,-13.0224447250366,"Unknown"
"5020556",378624,2026-04-30 15:03:24,30.273567199707,-13.0223989486694,"Unknown"
"5020556",378624,2026-04-30 15:13:23,30.2700538635254,-13.0170154571533,"Unknown"
"5020556",378624,2026-04-30 15:18:24,30.2748908996582,-13.0099229812622,"Unknown"
"5020556",378624,2026-04-30 15:23:24,30.2726497650146,-13.004693031311,"Unknown"
"5020556",378624,2026-04-30 15:28:23,30.2708396911621,-13.0031938552856,"Unknown"
"5020556",378624,2026-04-30 15:33:26,30.2707252502441,-13.0028228759766,"Unknown"
"5020556",378624,2026-04-30 15:38:26,30.2706813812256,-13.0025196075439,"Unknown"
"5020556",378624,2026-04-30 15:43:24,30.266227722168,-12.9913644790649,"Unknown"
"5020556",378624,2026-04-30 15:48:25,30.2663135528564,-12.9896068572998,"Unknown"
"5020556",378624,2026-04-30 15:53:24,30.2651882171631,-12.9875898361206,"Unknown"
"5020556",378624,2026-04-30 15:58:25,30.2641773223877,-12.9867315292358,"Unknown"
"5020556",378624,2026-04-30 16:03:24,30.2639808654785,-12.9862403869629,"Unknown"
"5020556",378624,2026-04-30 16:08:26,30.263692855835,-12.985746383667,"Unknown"
"5020556",378624,2026-04-30 16:13:24,30.2632579803467,-12.985405921936,"Unknown"
"5020556",378624,2026-04-30 16:18:24,30.2629776000977,-12.9850006103516,"Unknown"
"5020556",378624,2026-04-30 16:23:24,30.2549362182617,-12.9838523864746,"Unknown"
"5020556",378624,2026-04-30 16:28:24,30.2487773895264,-12.9843091964722,"Unknown"
"5020556",378624,2026-04-30 16:33:26,30.2484512329102,-12.9838228225708,"Unknown"
"5020556",378624,2026-04-30 16:38:23,30.2476196289062,-12.9767971038818,"Unknown"
"5020556",378624,2026-04-30 16:43:26,30.2446765899658,-12.9757432937622,"Unknown"
"5020556",378624,2026-04-30 16:48:24,30.2439422607422,-12.9752359390259,"Unknown"
"5020556",378624,2026-04-30 16:53:24,30.2443504333496,-12.9695224761963,"Unknown"
"5020556",378624,2026-04-30 16:58:34,30.2426471710205,-12.9673719406128,"Unknown"
"5020556",378624,2026-04-30 17:03:26,30.2438812255859,-12.9633674621582,"Unknown"
"5020556",378624,2026-04-30 17:08:27,30.2437019348145,-12.9633941650391,"Unknown"
"5020556",378624,2026-04-30 17:13:57,30.2453899383545,-12.9632978439331,"Unknown"
"5020556",378624,2026-04-30 17:18:24,30.2527294158936,-12.9589548110962,"Unknown"
"5020556",378624,2026-04-30 17:23:24,30.2540950775146,-12.9607353210449,"Unknown"
"5020556",378624,2026-04-30 17:28:24,30.254222869873,-12.9607286453247,"Unknown"
"5020556",378624,2026-04-30 17:33:24,30.2617664337158,-12.9531164169312,"Unknown"
"5020556",378624,2026-04-30 17:38:24,30.2633876800537,-12.9539184570312,"Unknown"
"5020556",378624,2026-04-30 17:43:25,30.262975692749,-12.9545574188232,"Unknown"
"5020556",378624,2026-04-30 17:48:24,30.2630958557129,-12.9547138214111,"Unknown"
"5020556",378624,2026-04-30 17:53:47,30.2628440856934,-12.9546375274658,"Unknown"
"5020556",378624,2026-04-30 17:58:24,30.2796401977539,-12.9626941680908,"Unknown"
"5020556",378624,2026-04-30 18:03:24,30.294527053833,-12.9623155593872,"Unknown"
"5020556",378624,2026-04-30 18:08:24,30.2983283996582,-12.9603281021118,"Unknown"
"5020556",378624,2026-04-30 18:13:24,30.2994384765625,-12.9580450057983,"Unknown"
"5020556",378624,2026-04-30 18:18:24,30.2980365753174,-12.9558258056641,"Unknown"
"5020556",378624,2026-04-30 18:23:24,30.2980461120605,-12.9537734985352,"Unknown"
"5020556",378624,2026-04-30 18:28:24,30.2951354980469,-12.9473867416382,"Unknown"
"5020556",378624,2026-04-30 18:33:25,30.2966270446777,-12.9469470977783,"Unknown"
"5020556",378624,2026-04-30 18:38:26,30.2966995239258,-12.9479379653931,"Unknown"
"5020556",378624,2026-04-30 18:43:25,30.302547454834,-12.9450721740723,"Unknown"
"5020556",378624,2026-04-30 18:48:26,30.3056926727295,-12.9451856613159,"Unknown"
"5020556",378624,2026-04-30 18:53:27,30.3065013885498,-12.9438772201538,"Unknown"
"5020556",378624,2026-04-30 18:58:24,30.3069858551025,-12.9364070892334,"Unknown"
"5020556",378624,2026-04-30 19:03:25,30.3089370727539,-12.9331130981445,"Unknown"
"5020556",378624,2026-04-30 19:13:26,30.304292678833,-12.9261751174927,"Unknown"
"5020556",378624,2026-04-30 19:18:28,30.2993869781494,-12.9276647567749,"Unknown"
"5020556",378624,2026-04-30 19:23:47,30.2991371154785,-12.9278678894043,"Unknown"
"5020556",378624,2026-04-30 19:28:26,30.2999782562256,-12.9336709976196,"Unknown"
"5020556",378624,2026-04-30 19:33:25,30.3014621734619,-12.9342803955078,"Unknown"
"5020556",378624,2026-04-30 19:38:25,30.3070774078369,-12.951774597168,"Unknown"
"5020556",378624,2026-04-30 19:43:25,30.3056354522705,-12.9231662750244,"Unknown"
"5020556",378624,2026-04-30 19:48:26,30.3053207397461,-12.9230995178223,"Unknown"
"5020556",378624,2026-04-30 19:53:24,30.306812286377,-12.9247760772705,"Unknown"
"5020556",378624,2026-04-30 19:58:26,30.3061447143555,-12.9243659973145,"Unknown"
"5020556",378624,2026-04-30 20:03:27,30.3055152893066,-12.9240293502808,"Unknown"
"5020556",378624,2026-04-30 20:08:27,30.3048877716064,-12.9239778518677,"Unknown"
"5020556",378624,2026-04-30 20:13:28,30.3043270111084,-12.9238262176514,"Unknown"
"5020556",378624,2026-04-30 20:18:28,30.3037910461426,-12.923659324646,"Unknown"
"5020556",378624,2026-04-30 20:23:31,30.3031997680664,-12.9230899810791,"Unknown"
"5020556",378624,2026-04-30 20:28:29,30.3026924133301,-12.9228477478027,"Unknown"
"5020556",378624,2026-04-30 20:33:30,30.3022136688232,-12.9227685928345,"Unknown"
"5020556",378624,2026-04-30 20:38:27,30.3015823364258,-12.9224977493286,"Unknown"
"5020556",378624,2026-04-30 20:43:28,30.294942855835,-12.9143905639648,"Unknown"
"5020556",378624,2026-04-30 20:48:27,30.2939167022705,-12.901328086853,"Unknown"
"5020556",378624,2026-04-30 20:53:24,30.2915153503418,-12.8986663818359,"Unknown"
"5020556",378624,2026-04-30 20:58:23,30.2911472320557,-12.8986034393311,"Unknown"
"5020556",378624,2026-04-30 21:03:27,30.2908000946045,-12.8960914611816,"Unknown"
"5020556",378624,2026-04-30 21:08:28,30.2903995513916,-12.8960132598877,"Unknown"
"5020556",378624,2026-04-30 21:13:26,30.2900466918945,-12.895848274231,"Unknown"
"5020556",378624,2026-04-30 21:18:29,30.2953853607178,-12.8982534408569,"Unknown"
"5020556",378624,2026-04-30 21:23:27,30.3147773742676,-12.9143686294556,"Unknown"
"5020556",378624,2026-04-30 21:28:29,30.3143653869629,-12.9142427444458,"Unknown"
"5020556",378624,2026-04-30 21:33:28,30.3139476776123,-12.9140176773071,"Unknown"
"5020556",378624,2026-04-30 21:38:32,30.313533782959,-12.9137668609619,"Unknown"
"5020556",378624,2026-04-30 21:43:30,30.3131904602051,-12.9136209487915,"Unknown"
"5020556",378624,2026-04-30 21:48:27,30.3128910064697,-12.9134531021118,"Unknown"
"5020556",378624,2026-04-30 21:53:47,30.3125495910645,-12.9133081436157,"Unknown"
"5020556",378624,2026-04-30 21:58:31,30.3121948242188,-12.9130926132202,"Unknown"
"5020556",378624,2026-04-30 22:03:57,30.3117980957031,-12.9128379821777,"Unknown"
"5020556",378624,2026-04-30 22:08:24,30.3114643096924,-12.912615776062,"Unknown"
"5020556",378624,2026-04-30 22:13:23,30.3110847473145,-12.9123497009277,"Unknown"
"5020556",378624,2026-04-30 22:18:23,30.3150596618652,-12.914098739624,"Unknown"
"5020556",378624,2026-04-30 22:23:24,30.3144969940186,-12.9139757156372,"Unknown"
"5020556",378624,2026-04-30 22:28:23,30.3139743804932,-12.913875579834,"Unknown"
"5020556",378624,2026-04-30 22:33:23,30.3134422302246,-12.9136657714844,"Unknown"
"5020556",378624,2026-04-30 22:38:24,30.3123550415039,-12.9117116928101,"Unknown"
"5020556",378624,2026-04-30 22:43:23,30.3117904663086,-12.9114074707031,"Unknown"
"5020556",378624,2026-04-30 22:48:23,30.311206817627,-12.9111423492432,"Unknown"
"5020556",378624,2026-04-30 22:53:24,30.3105888366699,-12.9109306335449,"Unknown"
"5020556",378624,2026-04-30 22:58:24,30.3099708557129,-12.9106998443604,"Unknown"
"5020556",378624,2026-04-30 23:03:24,30.3093147277832,-12.9104614257812,"Unknown"
"5020556",378624,2026-04-30 23:13:24,30.3079948425293,-12.9100618362427,"Unknown"
"5020556",378624,2026-04-30 23:23:24,30.3066539764404,-12.9095706939697,"Unknown"
"5020556",378624,2026-04-30 23:28:26,30.3002796173096,-12.8975353240967,"Unknown"
"5020556",378624,2026-04-30 23:33:24,30.2826461791992,-12.8763074874878,"Unknown"
"5020556",378624,2026-04-30 23:38:24,30.2819175720215,-12.8756723403931,"Unknown"
"5020556",378624,2026-04-30 23:43:24,30.2812061309814,-12.8749103546143,"Unknown"
"5020556",378624,2026-04-30 23:48:25,30.2805271148682,-12.874153137207,"Unknown"
"5020556",378624,2026-04-30 23:53:24,30.2798824310303,-12.873496055603,"Unknown"
"5020556",378624,2026-04-30 23:58:24,30.2796154022217,-12.8724660873413,"Unknown"
"5020556",378624,2026-05-01 00:03:28,30.2789630889893,-12.8718957901001,"Unknown"
"5020556",378624,2026-05-01 00:13:26,30.2777538299561,-12.8708600997925,"Unknown"
"5020556",378624,2026-05-01 00:18:28,30.277063369751,-12.8701257705688,"Unknown"
"5020556",378624,2026-05-01 00:23:26,30.2763652801514,-12.8693828582764,"Unknown"
"5020556",378624,2026-05-01 00:33:47,30.2749156951904,-12.8680877685547,"Unknown"
"5020556",378624,2026-05-01 00:38:23,30.2742691040039,-12.8675928115845,"Unknown"
"5020556",378624,2026-05-01 00:48:24,30.2728080749512,-12.8665924072266,"Unknown"
"5020556",378624,2026-05-01 00:58:23,30.2712707519531,-12.8655633926392,"Unknown"
"5020556",378624,2026-05-01 01:03:23,30.2704601287842,-12.8651075363159,"Unknown"
"5020556",378624,2026-05-01 01:08:23,30.2696151733398,-12.8646440505981,"Unknown"
"5020556",378624,2026-05-01 01:18:26,30.2666511535645,-12.8476448059082,"Unknown"
"5020556",378624,2026-05-01 01:28:26,30.2649574279785,-12.8468456268311,"Unknown"
"5020556",378624,2026-05-01 01:33:26,30.2641448974609,-12.8464527130127,"Unknown"
"5020556",378624,2026-05-01 01:43:27,30.2625732421875,-12.8456602096558,"Unknown"
"5020556",378624,2026-05-01 01:53:57,30.260871887207,-12.8447999954224,"Unknown"
"5020556",378624,2026-05-01 02:03:24,30.2594680786133,-12.843994140625,"Unknown"
"5020556",378624,2026-05-01 02:13:23,30.2574558258057,-12.8431205749512,"Unknown"
"5020556",378624,2026-05-01 02:23:23,30.2555141448975,-12.8427295684814,"Unknown"
"5020556",378624,2026-05-01 02:33:23,30.2535667419434,-12.8423681259155,"Unknown"
"5020556",378624,2026-05-01 02:43:23,30.2517032623291,-12.8421392440796,"Unknown"
"5020556",378624,2026-05-01 02:53:23,30.2498054504395,-12.8419456481934,"Unknown"
"5020556",378624,2026-05-01 03:03:23,30.2479667663574,-12.8418817520142,"Unknown"
"5020556",378624,2026-05-01 03:13:23,30.2461261749268,-12.8419351577759,"Unknown"
"5020556",378624,2026-05-01 03:23:24,30.2441997528076,-12.8419542312622,"Unknown"
"5020556",378624,2026-05-01 03:33:23,30.2421760559082,-12.8421268463135,"Unknown"
"5020556",378624,2026-05-01 03:43:23,30.2408084869385,-12.8432340621948,"Unknown"
"5020556",378624,2026-05-01 03:53:24,30.2387351989746,-12.84388256073,"Unknown"
"5020556",378624,2026-05-01 04:03:46,30.2366008758545,-12.844554901123,"Unknown"
"5020556",378624,2026-05-01 04:13:26,30.2347469329834,-12.8451795578003,"Unknown"
"5020556",378624,2026-05-01 04:23:23,30.2325305938721,-12.8453416824341,"Unknown"
"5020556",378624,2026-05-01 04:33:23,30.2304534912109,-12.8454723358154,"Unknown"
"5020556",378624,2026-05-01 04:43:23,30.2282695770264,-12.8456792831421,"Unknown"
"5020556",378624,2026-05-01 04:53:25,30.2260456085205,-12.8460321426392,"Unknown"
"5020556",378624,2026-05-01 05:03:23,30.2237796783447,-12.8463335037231,"Unknown"
"5020556",378624,2026-05-01 05:13:25,30.2214260101318,-12.8467502593994,"Unknown"
"5020556",378624,2026-05-01 05:23:27,30.2191200256348,-12.8471460342407,"Unknown"
"5020556",378624,2026-05-01 05:34:17,30.216947555542,-12.8486566543579,"Unknown"
"5020556",378624,2026-05-01 05:43:26,30.2149600982666,-12.8491621017456,"Unknown"
"5020556",378624,2026-05-01 05:53:26,30.2181987762451,-12.872522354126,"Unknown"
"5020556",378624,2026-05-01 06:03:57,30.2166595458984,-12.873682975769,"Unknown"
"5020556",378624,2026-05-01 06:13:24,30.2186584472656,-12.8808975219727,"Unknown"
"5020556",378624,2026-05-01 06:23:24,30.2639389038086,-12.9248380661011,"Unknown"
"5020556",378624,2026-05-01 06:33:24,30.2151622772217,-12.9151859283447,"Unknown"
"5020556",378624,2026-05-01 06:43:24,30.1636295318604,-12.9139013290405,"Unknown"
"5020556",378624,2026-05-01 06:53:23,30.1610546112061,-12.9405126571655,"Unknown"
"5020556",378624,2026-05-01 07:03:26,30.2027854919434,-12.9133787155151,"Unknown"
"5020556",378624,2026-05-01 07:13:25,30.2534446716309,-12.9206628799438,"Unknown"
"5020556",378624,2026-05-01 08:13:29,30.3617038726807,-12.9852561950684,"Unknown"
"5020556",378624,2026-05-01 08:23:27,30.3609256744385,-12.9861278533936,"Unknown"
"5020556",378624,2026-05-01 08:33:47,30.3649425506592,-13.0163736343384,"Unknown"
"5020556",378624,2026-05-01 08:43:25,30.3648147583008,-13.0181312561035,"Unknown"
"5020556",378624,2026-05-01 08:53:25,30.3456344604492,-13.031548500061,"Unknown"
"5020556",378624,2026-05-01 08:58:26,30.3461837768555,-13.0317602157593,"Unknown"
"5020556",378624,2026-05-01 09:03:47,30.3675479888916,-13.0246086120605,"Unknown"
"5020556",378624,2026-05-01 09:08:24,30.3696422576904,-13.0313358306885,"Unknown"
"5020556",378624,2026-05-01 09:13:27,30.370922088623,-13.0323553085327,"Unknown"
"5020556",378624,2026-05-01 09:18:57,30.3759384155273,-13.0340690612793,"Unknown"
"5020556",378624,2026-05-01 09:23:28,30.3799877166748,-13.0328121185303,"Unknown"
"5020556",378624,2026-05-01 09:28:26,30.3827800750732,-13.0305347442627,"Unknown"
"5020556",378624,2026-05-01 09:33:25,30.3861389160156,-13.0299291610718,"Unknown"
"5020556",378624,2026-05-01 09:38:23,30.3874073028564,-13.0295352935791,"Unknown"
"5020556",378624,2026-05-01 09:43:24,30.3907527923584,-13.0307769775391,"Unknown"
"5020556",378624,2026-05-01 09:48:27,30.4058704376221,-13.031156539917,"Unknown"
"5020556",378624,2026-05-01 09:53:27,30.4058532714844,-13.0320615768433,"Unknown"
"5020556",378624,2026-05-01 09:58:27,30.4059772491455,-13.0329580307007,"Unknown"
"5020556",378624,2026-05-01 10:04:05,30.405029296875,-13.0318727493286,"Unknown"
"5020556",378624,2026-05-01 10:08:26,30.4051856994629,-13.0365495681763,"Unknown"
"5020556",378624,2026-05-01 10:13:23,30.4256725311279,-13.0520963668823,"Unknown"
"5020556",378624,2026-05-01 10:18:23,30.425802230835,-13.0528049468994,"Unknown"
"5020556",378624,2026-05-01 10:23:24,30.425931930542,-13.0533866882324,"Unknown"
"5020556",378624,2026-05-01 10:28:24,30.4260749816895,-13.0539121627808,"Unknown"
"5020556",378624,2026-05-01 10:33:23,30.4263000488281,-13.0544729232788,"Unknown"
"5020556",378624,2026-05-01 10:38:25,30.4220066070557,-13.0552101135254,"Unknown"
"5020556",378624,2026-05-01 10:43:24,30.4240837097168,-13.0532073974609,"Unknown"
"5020556",378624,2026-05-01 10:48:25,30.4262561798096,-13.0539608001709,"Unknown"
"5020556",378624,2026-05-01 10:53:24,30.4265880584717,-13.0542116165161,"Unknown"
"5020556",378624,2026-05-01 10:58:26,30.4268264770508,-13.0545873641968,"Unknown"
"5020556",378624,2026-05-01 11:03:24,30.4271469116211,-13.0550403594971,"Unknown"
"5020556",378624,2026-05-01 11:13:47,30.4277591705322,-13.0557041168213,"Unknown"
"5020556",378624,2026-05-01 11:18:25,30.4279479980469,-13.0558662414551,"Unknown"
"5020556",378624,2026-05-01 11:23:24,30.4282264709473,-13.0560569763184,"Unknown"
"5020556",378624,2026-05-01 11:28:24,30.4286613464355,-13.0561895370483,"Unknown"
"5020556",378624,2026-05-01 11:33:22,30.4335556030273,-13.0477304458618,"Unknown"
"5020556",378624,2026-05-01 11:38:28,30.442684173584,-13.0433282852173,"Unknown"
"5020556",378624,2026-05-01 11:43:23,30.4457454681396,-13.0389461517334,"Unknown"
"5020556",378624,2026-05-01 11:48:22,30.4520893096924,-13.0349006652832,"Unknown"
"5020556",378624,2026-05-01 11:53:23,30.4559898376465,-13.0319738388062,"Unknown"
"5020556",378624,2026-05-01 11:58:24,30.456335067749,-13.0313711166382,"Unknown"
"5020556",378624,2026-05-01 12:03:23,30.4587841033936,-13.0198335647583,"Unknown"
"5020556",378624,2026-05-01 12:08:24,30.4594192504883,-13.0121412277222,"Unknown"
"5020556",378624,2026-05-01 12:13:23,30.4608421325684,-13.0102767944336,"Unknown"
"5020556",378624,2026-05-01 12:18:25,30.4631786346436,-13.0029764175415,"Unknown"
"5020556",378624,2026-05-01 12:23:25,30.4683628082275,-13.0012435913086,"Unknown"
"5020556",378624,2026-05-01 12:28:25,30.4733352661133,-13.00110912323,"Unknown"
"5020556",378624,2026-05-01 12:33:25,30.475513458252,-13.0003452301025,"Unknown"
"5020556",378624,2026-05-01 12:38:24,30.4767169952393,-12.9996643066406,"Unknown"
"5020556",378624,2026-05-01 12:43:25,30.4820232391357,-13.0069370269775,"Unknown"
"5020556",378624,2026-05-01 12:48:24,30.4850997924805,-13.0081014633179,"Unknown"
"5020556",378624,2026-05-01 12:53:25,30.4853553771973,-13.008074760437,"Unknown"
"5020556",378624,2026-05-01 12:58:26,30.4854888916016,-13.0081968307495,"Unknown"
"5020556",378624,2026-05-01 13:03:22,30.4916687011719,-13.0093040466309,"Unknown"
"5020556",378624,2026-05-01 13:08:25,30.5000495910645,-13.0070123672485,"Unknown"
"5020556",378624,2026-05-01 13:13:24,30.5029335021973,-13.0122032165527,"Unknown"
"5020556",378624,2026-05-01 13:18:25,30.507080078125,-13.017110824585,"Unknown"
"5020556",378624,2026-05-01 13:23:27,30.5128784179688,-13.0218906402588,"Unknown"
"5020556",378624,2026-05-01 13:28:26,30.5190277099609,-13.0271167755127,"Unknown"
"5020556",378624,2026-05-01 13:33:31,30.5209197998047,-13.0276432037354,"Unknown"
"5020556",378624,2026-05-01 13:38:25,30.5211334228516,-13.0268564224243,"Unknown"
"5020556",378624,2026-05-01 13:43:31,30.521053314209,-13.0260181427002,"Unknown"
"5020556",378624,2026-05-01 13:48:47,30.5209789276123,-13.0250988006592,"Unknown"
"5020556",378624,2026-05-01 13:53:23,30.5208549499512,-13.0242767333984,"Unknown"
"5020556",378624,2026-05-01 13:58:26,30.5209140777588,-13.0232534408569,"Unknown"
"5020556",378624,2026-05-01 14:03:47,30.532133102417,-13.0107192993164,"Unknown"
"5020556",378624,2026-05-01 14:08:29,30.5349731445312,-13.0030450820923,"Unknown"
"5020556",378624,2026-05-01 14:13:25,30.533519744873,-12.9970426559448,"Unknown"
"5020556",378624,2026-05-01 14:18:27,30.5330924987793,-12.9970703125,"Unknown"
"5020556",378624,2026-05-01 14:23:25,30.5330638885498,-12.9968729019165,"Unknown"
"5020556",378624,2026-05-01 14:28:23,30.5366973876953,-13.0044326782227,"Unknown"
"5020556",378624,2026-05-01 14:33:29,30.536678314209,-12.9955205917358,"Unknown"
"5020556",378624,2026-05-01 14:38:33,30.5362854003906,-12.9949331283569,"Unknown"
"5020556",378624,2026-05-01 14:43:47,30.5293216705322,-12.9898042678833,"Unknown"
"5020556",378624,2026-05-01 14:48:27,30.5243988037109,-12.9931392669678,"Unknown"
"5020556",378624,2026-05-01 14:53:24,30.5238666534424,-13.018367767334,"Unknown"
"5020556",378624,2026-05-01 14:58:24,30.5061836242676,-13.0217132568359,"Unknown"
"5020556",378624,2026-05-01 15:03:25,30.4824676513672,-13.0143060684204,"Unknown"
"5020556",378624,2026-05-01 15:13:26,30.4760932922363,-12.9805202484131,"Unknown"
"5020556",378624,2026-05-01 15:18:27,30.4733486175537,-12.9731664657593,"Unknown"
"5020556",378624,2026-05-01 15:23:57,30.4733905792236,-12.9756746292114,"Unknown"
"5020556",378624,2026-05-01 15:28:23,30.4713191986084,-12.9762487411499,"Unknown"
"5020556",378624,2026-05-01 15:33:23,30.4708118438721,-12.9758062362671,"Unknown"
"5020556",378624,2026-05-01 15:38:23,30.4696426391602,-12.9759511947632,"Unknown"
"5020556",378624,2026-05-01 15:43:23,30.4696044921875,-12.9750576019287,"Unknown"
"5020556",378624,2026-05-01 15:48:23,30.4688282012939,-12.9742345809937,"Unknown"
"5020556",378624,2026-05-01 15:53:23,30.4680862426758,-12.9739751815796,"Unknown"
"5020556",378624,2026-05-01 15:58:23,30.4678440093994,-12.9735536575317,"Unknown"
"5020556",378624,2026-05-01 16:03:22,30.467586517334,-12.973334312439,"Unknown"
"5020556",378624,2026-05-01 16:08:23,30.4671325683594,-12.9730930328369,"Unknown"
"5020556",378624,2026-05-01 16:13:23,30.4666137695312,-12.9730787277222,"Unknown"
"5020556",378624,2026-05-01 16:18:24,30.4661407470703,-12.973482131958,"Unknown"
"5020556",378624,2026-05-01 16:23:23,30.4664249420166,-12.9818868637085,"Unknown"
"5020556",378624,2026-05-01 16:28:22,30.4663105010986,-12.9810457229614,"Unknown"
"5020556",378624,2026-05-01 16:33:23,30.4660892486572,-12.9803152084351,"Unknown"
"5020556",378624,2026-05-01 16:38:22,30.4657821655273,-12.9796724319458,"Unknown"
"5020556",378624,2026-05-01 16:43:31,30.4655303955078,-12.979022026062,"Unknown"
"5020556",378624,2026-05-01 16:48:23,30.4651317596436,-12.9782953262329,"Unknown"
"5020556",378624,2026-05-01 16:53:26,30.4645881652832,-12.9777030944824,"Unknown"
"5020556",378624,2026-05-01 16:58:22,30.4642353057861,-12.9772777557373,"Unknown"
"5020556",378624,2026-05-01 17:03:22,30.4635791778564,-12.9765844345093,"Unknown"
"5020556",378624,2026-05-01 17:08:23,30.4627113342285,-12.9763231277466,"Unknown"
"5020556",378624,2026-05-01 17:13:31,30.4620418548584,-12.9760484695435,"Unknown"
"5020556",378624,2026-05-01 17:18:23,30.4613304138184,-12.9760847091675,"Unknown"
"5020556",378624,2026-05-01 17:23:23,30.4603099822998,-12.9760227203369,"Unknown"
"5020556",378624,2026-05-01 17:28:23,30.4595413208008,-12.9763746261597,"Unknown"
"5020556",378624,2026-05-01 17:33:23,30.4589767456055,-12.9763412475586,"Unknown"
"5020556",378624,2026-05-01 17:38:24,30.4566688537598,-12.9760494232178,"Unknown"
"5020556",378624,2026-05-01 17:43:23,30.4562950134277,-12.9757719039917,"Unknown"
"5020556",378624,2026-05-01 17:48:28,30.455680847168,-12.9754791259766,"Unknown"
"5020556",378624,2026-05-01 17:53:47,30.4551067352295,-12.9750280380249,"Unknown"
"5020556",378624,2026-05-01 17:58:23,30.4548511505127,-12.974513053894,"Unknown"
"5020556",378624,2026-05-01 18:03:57,30.4543037414551,-12.974100112915,"Unknown"
"5020556",378624,2026-05-01 18:08:22,30.4529552459717,-12.9658308029175,"Unknown"
"5020556",378624,2026-05-01 18:13:24,30.4243621826172,-12.9750299453735,"Unknown"
"5020556",378624,2026-05-01 18:18:24,30.4349327087402,-12.9498853683472,"Unknown"
"5020556",378624,2026-05-01 18:23:23,30.4537963867188,-12.9428386688232,"Unknown"
"5020556",378624,2026-05-01 18:28:23,30.4507923126221,-12.9437990188599,"Unknown"
"5020556",378624,2026-05-01 18:33:24,30.4474258422852,-12.9486494064331,"Unknown"
"5020556",378624,2026-05-01 18:38:23,30.4422187805176,-12.9516544342041,"Unknown"
"5020556",378624,2026-05-01 18:43:23,30.4384860992432,-12.9567098617554,"Unknown"
"5020556",378624,2026-05-01 18:48:24,30.4338970184326,-12.9608573913574,"Unknown"
"5020556",378624,2026-05-01 18:53:24,30.4283142089844,-12.9617328643799,"Unknown"
"5020556",378624,2026-05-01 18:58:24,30.4273490905762,-12.9616298675537,"Unknown"
"5020556",378624,2026-05-01 19:03:24,30.4165134429932,-12.9734601974487,"Unknown"
"5020556",378624,2026-05-01 19:13:23,30.409631729126,-12.9868955612183,"Unknown"
"5020556",378624,2026-05-01 19:18:23,30.4133834838867,-12.987003326416,"Unknown"
"5020556",378624,2026-05-01 19:23:23,30.4129219055176,-12.9902124404907,"Unknown"
"5020556",378624,2026-05-01 19:28:22,30.4165992736816,-12.9867753982544,"Unknown"
"5020556",378624,2026-05-01 19:33:23,30.4276027679443,-12.9810552597046,"Unknown"
"5020556",378624,2026-05-01 19:38:23,30.4268627166748,-12.9805612564087,"Unknown"
"5020556",378624,2026-05-01 19:43:23,30.4261035919189,-12.9802188873291,"Unknown"
"5020556",378624,2026-05-01 19:48:23,30.425235748291,-12.9797773361206,"Unknown"
"5020556",378624,2026-05-01 19:53:23,30.4243221282959,-12.979471206665,"Unknown"
"5020556",378624,2026-05-01 19:58:23,30.4233226776123,-12.9790296554565,"Unknown"
"5020556",378624,2026-05-01 20:03:22,30.4222888946533,-12.9786558151245,"Unknown"
"5020556",378624,2026-05-01 20:08:23,30.4212589263916,-12.9784412384033,"Unknown"
"5020556",378624,2026-05-01 20:13:23,30.420223236084,-12.9780025482178,"Unknown"
"5020556",378624,2026-05-01 20:18:23,30.4191665649414,-12.9774875640869,"Unknown"
"5020556",378624,2026-05-01 20:23:24,30.4181137084961,-12.9770021438599,"Unknown"
"5020556",378624,2026-05-01 20:28:23,30.4169483184814,-12.9765615463257,"Unknown"
"5020556",378624,2026-05-01 20:33:25,30.4159469604492,-12.9760036468506,"Unknown"
"5020556",378624,2026-05-01 20:38:47,30.421724319458,-12.9875268936157,"Unknown"
"5020556",378624,2026-05-01 20:43:22,30.4208316802979,-12.9869070053101,"Unknown"
"5020556",378624,2026-05-01 20:48:22,30.4198589324951,-12.986349105835,"Unknown"
"5020556",378624,2026-05-01 20:53:23,30.4188938140869,-12.9857988357544,"Unknown"
"5020556",378624,2026-05-01 20:58:23,30.4214630126953,-12.9862766265869,"Unknown"
"5020556",378624,2026-05-01 21:03:22,30.4218578338623,-12.9842014312744,"Unknown"
"5020556",378624,2026-05-01 21:08:22,30.4269638061523,-12.9691476821899,"Unknown"
"5020556",378624,2026-05-01 21:13:24,30.4264488220215,-12.9675321578979,"Unknown"
"5020556",378624,2026-05-01 21:18:22,30.4253425598145,-12.9672164916992,"Unknown"
"5020556",378624,2026-05-01 21:23:24,30.4239768981934,-12.9669761657715,"Unknown"
"5020556",378624,2026-05-01 21:28:23,30.4228630065918,-12.9666748046875,"Unknown"
"5020556",378624,2026-05-01 21:33:22,30.4209957122803,-12.9630079269409,"Unknown"
"5020556",378624,2026-05-01 21:38:24,30.4198150634766,-12.9628200531006,"Unknown"
"5020556",378624,2026-05-01 21:43:24,30.4185314178467,-12.9626226425171,"Unknown"
"5020556",378624,2026-05-01 21:48:26,30.4174156188965,-12.9624881744385,"Unknown"
"5020556",378624,2026-05-01 21:53:24,30.4162368774414,-12.9623384475708,"Unknown"
"5020556",378624,2026-05-01 21:58:28,30.4151039123535,-12.962366104126,"Unknown"
"5020556",378624,2026-05-01 22:03:27,30.4139518737793,-12.9622564315796,"Unknown"
"5020556",378624,2026-05-01 22:08:26,30.4127922058105,-12.9623174667358,"Unknown"
"5020556",378624,2026-05-01 22:13:47,30.4115982055664,-12.9623508453369,"Unknown"
"5020556",378624,2026-05-01 22:18:21,30.4105663299561,-12.9622459411621,"Unknown"
"5020556",378624,2026-05-01 22:23:23,30.4094581604004,-12.9621229171753,"Unknown"
"5020556",378624,2026-05-01 22:28:24,30.408353805542,-12.962010383606,"Unknown"
"5020556",378624,2026-05-01 22:33:24,30.4072608947754,-12.9619150161743,"Unknown"
"5020556",378624,2026-05-01 22:38:23,30.4062099456787,-12.9617538452148,"Unknown"
"5020556",378624,2026-05-01 22:43:24,30.4051532745361,-12.9615983963013,"Unknown"
"5020556",378624,2026-05-01 22:48:22,30.40407371521,-12.9614448547363,"Unknown"
"5020556",378624,2026-05-01 22:53:24,30.403018951416,-12.9614019393921,"Unknown"
"5020556",378624,2026-05-01 22:58:24,30.4020175933838,-12.9613676071167,"Unknown"
"5020556",378624,2026-05-01 23:03:26,30.4009876251221,-12.961386680603,"Unknown"
"5020556",378624,2026-05-01 23:13:57,30.3988361358643,-12.9616832733154,"Unknown"
"5020556",378624,2026-05-01 23:23:23,30.3969268798828,-12.9618186950684,"Unknown"
"5020556",378624,2026-05-01 23:28:24,30.3993968963623,-12.9640617370605,"Unknown"
"5020556",378624,2026-05-01 23:33:23,30.3983459472656,-12.9643077850342,"Unknown"
"5020556",378624,2026-05-01 23:38:23,30.3972873687744,-12.9645376205444,"Unknown"
"5020556",378624,2026-05-01 23:43:24,30.396276473999,-12.964768409729,"Unknown"
"5020556",378624,2026-05-01 23:48:24,30.3952522277832,-12.9649753570557,"Unknown"
"5020556",378624,2026-05-01 23:53:23,30.3942470550537,-12.9652938842773,"Unknown"
"5020556",378624,2026-05-01 23:58:24,30.3932037353516,-12.9656953811646,"Unknown"
"5020556",378624,2026-05-02 00:03:24,30.3949413299561,-12.9622774124146,"Unknown"
"5020556",378624,2026-05-02 00:08:24,30.4074821472168,-12.9625597000122,"Unknown"
"5020556",378624,2026-05-02 00:13:24,30.4065895080566,-12.9627494812012,"Unknown"
"5020556",378624,2026-05-02 00:18:24,30.4056797027588,-12.9628858566284,"Unknown"
"5020556",378624,2026-05-02 00:23:24,30.4047660827637,-12.9629802703857,"Unknown"
"5020556",378624,2026-05-02 00:28:25,30.4038505554199,-12.9631338119507,"Unknown"
"5020556",378624,2026-05-02 00:33:25,30.4029865264893,-12.9632616043091,"Unknown"
"5020556",378624,2026-05-02 00:38:26,30.4021511077881,-12.9634504318237,"Unknown"
"5020556",378624,2026-05-02 00:43:24,30.4013061523438,-12.9636516571045,"Unknown"
"5020556",378624,2026-05-02 00:48:25,30.4005088806152,-12.9637899398804,"Unknown"
"5020556",378624,2026-05-02 00:53:24,30.3997058868408,-12.9639759063721,"Unknown"
"5020556",378624,2026-05-02 00:58:24,30.3988857269287,-12.9641962051392,"Unknown"
"5020556",378624,2026-05-02 01:03:24,30.3981266021729,-12.9643354415894,"Unknown"
"5020556",378624,2026-05-02 01:08:23,30.3973827362061,-12.9645395278931,"Unknown"
"5020556",378624,2026-05-02 01:13:23,30.3965835571289,-12.9647655487061,"Unknown"
"5020556",378624,2026-05-02 01:18:24,30.3958225250244,-12.9650096893311,"Unknown"
"5020556",378624,2026-05-02 01:23:25,30.3950576782227,-12.9652719497681,"Unknown"
"5020556",378624,2026-05-02 01:28:25,30.3942642211914,-12.9655885696411,"Unknown"
"5020556",378624,2026-05-02 01:33:26,30.3934898376465,-12.9658164978027,"Unknown"
"5020556",378624,2026-05-02 01:38:25,30.3926868438721,-12.9661130905151,"Unknown"
"5020556",378624,2026-05-02 01:43:47,30.3918304443359,-12.9664373397827,"Unknown"
"5020556",378624,2026-05-02 01:48:25,30.3911037445068,-12.966757774353,"Unknown"
"5020556",378624,2026-05-02 01:58:25,30.389612197876,-12.9675159454346,"Unknown"
"5020556",378624,2026-05-02 02:08:47,30.3881759643555,-12.9684295654297,"Unknown"
"5020556",378624,2026-05-02 02:18:27,30.3868579864502,-12.969295501709,"Unknown"
"5020556",378624,2026-05-02 02:28:27,30.38547706604,-12.9703969955444,"Unknown"
"5020556",378624,2026-05-02 02:33:28,30.384801864624,-12.9709663391113,"Unknown"
"5020556",378624,2026-05-02 02:43:27,30.3834075927734,-12.9723625183105,"Unknown"
"5020556",378624,2026-05-02 02:53:25,30.3820152282715,-12.9736194610596,"Unknown"
"5020556",378624,2026-05-02 03:03:47,30.3806419372559,-12.9749908447266,"Unknown"
"5020556",378624,2026-05-02 03:13:26,30.3793354034424,-12.9761981964111,"Unknown"
"5020556",378624,2026-05-02 03:23:26,30.3779411315918,-12.9774122238159,"Unknown"
"5020556",378624,2026-05-02 03:33:26,30.3767967224121,-12.9787940979004,"Unknown"
"5020556",378624,2026-05-02 03:43:24,30.3756618499756,-12.9801836013794,"Unknown"
"5020556",378624,2026-05-02 03:53:26,30.3746032714844,-12.9815692901611,"Unknown"
"5020556",378624,2026-05-02 04:03:25,30.3736419677734,-12.9829225540161,"Unknown"
"5020556",378624,2026-05-02 04:13:47,30.3726940155029,-12.984354019165,"Unknown"
"5020556",378624,2026-05-02 04:23:26,30.3718795776367,-12.9855699539185,"Unknown"
"5020556",378624,2026-05-02 04:33:24,30.3711547851562,-12.9868078231812,"Unknown"
"5020556",378624,2026-05-02 04:43:26,30.3706130981445,-12.9881229400635,"Unknown"
"5020556",378624,2026-05-02 04:53:24,30.3701152801514,-12.9893913269043,"Unknown"
"5020556",378624,2026-05-02 05:03:28,30.3696842193604,-12.9907064437866,"Unknown"
"5020556",378624,2026-05-02 05:13:25,30.3693199157715,-12.9919929504395,"Unknown"
"5020556",378624,2026-05-02 05:23:25,30.3700332641602,-12.9892711639404,"Unknown"
"5020556",378624,2026-05-02 05:33:25,30.3695163726807,-12.9905118942261,"Unknown"
"5020556",378624,2026-05-02 05:43:27,30.3691101074219,-12.9921798706055,"Unknown"
"5020556",378624,2026-05-02 05:53:28,30.3687438964844,-12.9935569763184,"Unknown"
"5020556",378624,2026-05-02 06:03:25,30.3820476531982,-12.9689722061157,"Unknown"
"5020556",378624,2026-05-02 06:13:44,30.3658008575439,-12.9478645324707,"Unknown"
"5020556",378624,2026-05-02 06:23:26,30.3623485565186,-12.9549579620361,"Unknown"
"5020556",378624,2026-05-02 06:33:31,30.3615798950195,-12.9559879302979,"Unknown"
"5020556",378624,2026-05-02 06:43:57,30.3606586456299,-12.9566211700439,"Unknown"
"5020556",378624,2026-05-02 06:53:23,30.3597564697266,-12.9571151733398,"Unknown"
"5020556",378624,2026-05-02 07:03:23,30.3568248748779,-12.9806394577026,"Unknown"
"5020556",378624,2026-05-02 07:13:34,30.3559455871582,-12.9957218170166,"Unknown"
"5020556",378624,2026-05-02 08:13:57,30.345006942749,-13.0140323638916,"Unknown"
"5020556",378624,2026-05-02 08:23:23,30.3486995697021,-13.0173568725586,"Unknown"
"5020556",378624,2026-05-02 08:33:23,30.3551826477051,-13.0146818161011,"Unknown"
"5020556",378624,2026-05-02 08:43:24,30.3625469207764,-13.0108575820923,"Unknown"
"5020556",378624,2026-05-02 08:48:24,30.3622379302979,-13.0143976211548,"Unknown"
"5020556",378624,2026-05-02 08:53:23,30.3624877929688,-13.014817237854,"Unknown"
"5020556",378624,2026-05-02 08:58:25,30.36865234375,-13.0187788009644,"Unknown"
"5020556",378624,2026-05-02 09:03:24,30.3732280731201,-13.0187282562256,"Unknown"
"5020556",378624,2026-05-02 09:08:24,30.3724460601807,-13.0192422866821,"Unknown"
"5020556",378624,2026-05-02 09:13:26,30.3755626678467,-13.0226192474365,"Unknown"
"5020556",378624,2026-05-02 09:18:23,30.3757877349854,-13.0229940414429,"Unknown"
"5020556",378624,2026-05-02 09:23:24,30.3762016296387,-13.0233764648438,"Unknown"
"5020556",378624,2026-05-02 09:28:23,30.3796939849854,-13.0280094146729,"Unknown"
"5020556",378624,2026-05-02 09:33:26,30.379035949707,-13.0339727401733,"Unknown"
"5020556",378624,2026-05-02 09:38:24,30.379093170166,-13.0341558456421,"Unknown"
"5020556",378624,2026-05-02 09:43:24,30.3856220245361,-13.0362005233765,"Unknown"
"5020556",378624,2026-05-02 09:48:24,30.3884239196777,-13.0352115631104,"Unknown"
"5020556",378624,2026-05-02 09:53:24,30.3919353485107,-13.038516998291,"Unknown"
"5020556",378624,2026-05-02 09:58:23,30.3949375152588,-13.0411100387573,"Unknown"
"5020556",378624,2026-05-02 10:03:24,30.4013595581055,-13.0391387939453,"Unknown"
"5020556",378624,2026-05-02 10:08:24,30.4036293029785,-13.0371475219727,"Unknown"
"5020556",378624,2026-05-02 10:13:24,30.4037590026855,-13.0372591018677,"Unknown"
"5020556",378624,2026-05-02 10:18:25,30.4037952423096,-13.03759765625,"Unknown"
"5020556",378624,2026-05-02 10:23:25,30.4038162231445,-13.0379858016968,"Unknown"
"5020556",378624,2026-05-02 10:28:26,30.4041843414307,-13.0381927490234,"Unknown"
"5020556",378624,2026-05-02 10:33:28,30.40452003479,-13.0383615493774,"Unknown"
"5020556",378624,2026-05-02 10:38:27,30.4047813415527,-13.0383014678955,"Unknown"
"5020556",378624,2026-05-02 10:43:31,30.4050731658936,-13.0384759902954,"Unknown"
"5020556",378624,2026-05-02 10:48:47,30.4056606292725,-13.0385322570801,"Unknown"
"5020556",378624,2026-05-02 10:53:25,30.405948638916,-13.0386543273926,"Unknown"
"5020556",378624,2026-05-02 10:58:23,30.407054901123,-13.038423538208,"Unknown"
"5020556",378624,2026-05-02 11:03:26,30.4122638702393,-13.035195350647,"Unknown"
"5020556",378624,2026-05-02 11:13:25,30.4149475097656,-13.0307140350342,"Unknown"
"5020556",378624,2026-05-02 11:18:26,30.4152927398682,-13.0311822891235,"Unknown"
"5020556",378624,2026-05-02 11:23:25,30.4153785705566,-13.0312414169312,"Unknown"
"5020556",378624,2026-05-02 11:28:23,30.4153480529785,-13.0314235687256,"Unknown"
"5020556",378624,2026-05-02 11:33:25,30.4151592254639,-13.031681060791,"Unknown"
"5020556",378624,2026-05-02 11:38:24,30.4152793884277,-13.0317049026489,"Unknown"
"5020556",378624,2026-05-02 11:43:25,30.4154109954834,-13.0318126678467,"Unknown"
"5020556",378624,2026-05-02 11:48:26,30.4154853820801,-13.0317821502686,"Unknown"
"5020556",378624,2026-05-02 11:53:27,30.4155597686768,-13.0317878723145,"Unknown"
"5020556",378624,2026-05-02 11:58:30,30.4158096313477,-13.0317802429199,"Unknown"
"5020556",378624,2026-05-02 12:04:05,30.4159679412842,-13.0319023132324,"Unknown"
"5020556",378624,2026-05-02 12:08:25,30.416223526001,-13.0319423675537,"Unknown"
"5020556",378624,2026-05-02 12:13:23,30.4165325164795,-13.0320148468018,"Unknown"
"5020556",378624,2026-05-02 12:18:24,30.423791885376,-13.0217361450195,"Unknown"
"5020556",378624,2026-05-02 12:23:25,30.4394397735596,-13.0113182067871,"Unknown"
"5020556",378624,2026-05-02 12:28:24,30.4523429870605,-13.017539024353,"Unknown"
"5020556",378624,2026-05-02 12:33:25,30.4597396850586,-13.021110534668,"Unknown"
"5020556",378624,2026-05-02 12:38:22,30.4667854309082,-13.0267248153687,"Unknown"
"5020556",378624,2026-05-02 12:43:31,30.4679985046387,-13.0328359603882,"Unknown"
"5020556",378624,2026-05-02 12:48:28,30.4679679870605,-13.0328245162964,"Unknown"
"5020556",378624,2026-05-02 12:53:27,30.4681224822998,-13.0329208374023,"Unknown"
"5020556",378624,2026-05-02 12:58:23,30.4682903289795,-13.0328750610352,"Unknown"
"5020556",378624,2026-05-02 13:03:47,30.4685306549072,-13.0327663421631,"Unknown"
"5020556",378624,2026-05-02 13:08:26,30.4688320159912,-13.0324487686157,"Unknown"
"5020556",378624,2026-05-02 13:13:25,30.4693260192871,-13.0321712493896,"Unknown"
"5020556",378624,2026-05-02 13:18:27,30.4696731567383,-13.0325384140015,"Unknown"
"5020556",378624,2026-05-02 13:23:27,30.4699268341064,-13.0325517654419,"Unknown"
"5020556",378624,2026-05-02 13:28:26,30.4702053070068,-13.0325727462769,"Unknown"
"5020556",378624,2026-05-02 13:33:25,30.4700908660889,-13.0350542068481,"Unknown"
"5020556",378624,2026-05-02 13:38:25,30.4704246520996,-13.0348129272461,"Unknown"
"5020556",378624,2026-05-02 13:43:24,30.4707508087158,-13.034517288208,"Unknown"
"5020556",378624,2026-05-02 13:48:24,30.471321105957,-13.0344219207764,"Unknown"
"5020556",378624,2026-05-02 13:53:25,30.4718818664551,-13.03431224823,"Unknown"
"5020556",378624,2026-05-02 13:58:25,30.4837799072266,-13.0380640029907,"Unknown"
"5020556",378624,2026-05-02 14:03:27,30.4958553314209,-13.0451726913452,"Unknown"
"5020556",378624,2026-05-02 14:08:27,30.496603012085,-13.0444383621216,"Unknown"
"5020556",378624,2026-05-02 14:13:47,30.4971561431885,-13.043740272522,"Unknown"
"5020556",378624,2026-05-02 14:18:25,30.4975929260254,-13.0431003570557,"Unknown"
"5020556",378624,2026-05-02 14:23:25,30.5121250152588,-13.0401849746704,"Unknown"
"5020556",378624,2026-05-02 14:28:23,30.5164413452148,-13.0440254211426,"Unknown"
"5020556",378624,2026-05-02 14:33:24,30.5165596008301,-13.0429944992065,"Unknown"
"5020556",378624,2026-05-02 14:38:25,30.5163021087646,-13.0418672561646,"Unknown"
"5020556",378624,2026-05-02 14:43:22,30.5164127349854,-13.0407304763794,"Unknown"
"5020556",378624,2026-05-02 14:48:48,30.5165424346924,-13.0399808883667,"Unknown"
"5020556",378624,2026-05-02 14:53:26,30.5167140960693,-13.0387868881226,"Unknown"
"5020556",378624,2026-05-02 14:58:26,30.5167579650879,-13.0375995635986,"Unknown"
"5020556",378624,2026-05-02 15:03:26,30.5170555114746,-13.0363359451294,"Unknown"
"5020556",378624,2026-05-02 15:13:47,30.513973236084,-13.0165729522705,"Unknown"
"5020556",378624,2026-05-02 15:18:26,30.5209445953369,-13.0174379348755,"Unknown"
"5020556",378624,2026-05-02 15:23:23,30.5238800048828,-13.0189456939697,"Unknown"
"5020556",378624,2026-05-02 15:28:24,30.5266304016113,-13.0234069824219,"Unknown"
"5020556",378624,2026-05-02 15:33:23,30.5327014923096,-13.0198211669922,"Unknown"
"5020556",378624,2026-05-02 15:38:23,30.5368556976318,-13.0194940567017,"Unknown"
"5020556",378624,2026-05-02 15:43:23,30.5365791320801,-13.0181608200073,"Unknown"
"5020556",378624,2026-05-02 15:48:24,30.5348777770996,-13.0055809020996,"Unknown"
"5020556",378624,2026-05-02 15:53:27,30.5341510772705,-13.0042695999146,"Unknown"
"5020556",378624,2026-05-02 15:58:22,30.5365352630615,-12.9945240020752,"Unknown"
"5020556",378624,2026-05-02 16:03:26,30.5379371643066,-12.9933929443359,"Unknown"
"5020556",378624,2026-05-02 16:08:23,30.5504932403564,-12.9806623458862,"Unknown"
"5020556",378624,2026-05-02 16:13:24,30.5461502075195,-13.0104513168335,"Unknown"
"5020556",378624,2026-05-02 16:18:27,30.5539417266846,-13.0137691497803,"Unknown"
"5020556",378624,2026-05-02 16:23:26,30.5529098510742,-13.0117998123169,"Unknown"
"5020556",378624,2026-05-02 16:28:26,30.5509281158447,-13.0432720184326,"Unknown"
"5020556",378624,2026-05-02 16:33:24,30.5611228942871,-13.0617294311523,"Unknown"
"5020556",378624,2026-05-02 16:38:27,30.5651760101318,-13.0631217956543,"Unknown"
"5020556",378624,2026-05-02 16:44:48,30.5526790618896,-13.0976028442383,"Unknown"
"5020556",378624,2026-05-02 16:48:25,30.5436153411865,-13.1238059997559,"Unknown"
"5020556",378624,2026-05-02 16:53:27,30.5489273071289,-13.1316165924072,"Unknown"
"5020556",378624,2026-05-02 16:58:47,30.5484600067139,-13.1277675628662,"Unknown"
"5020556",378624,2026-05-02 17:03:28,30.5471992492676,-13.1269254684448,"Unknown"
"5020556",378624,2026-05-02 17:08:25,30.5465488433838,-13.1263380050659,"Unknown"
"5020556",378624,2026-05-02 17:13:24,30.5458221435547,-13.1257438659668,"Unknown"
"5020556",378624,2026-05-02 17:18:26,30.5451965332031,-13.1251058578491,"Unknown"
"5020556",378624,2026-05-02 17:23:26,30.5445194244385,-13.1247329711914,"Unknown"
"5020556",378624,2026-05-02 17:28:28,30.544059753418,-13.1240043640137,"Unknown"
"5020556",378624,2026-05-02 17:33:25,30.5392799377441,-13.1061573028564,"Unknown"
"5020556",378624,2026-05-02 17:38:27,30.5376033782959,-13.1027154922485,"Unknown"
"5020556",378624,2026-05-02 17:43:29,30.5378074645996,-13.0946645736694,"Unknown"
"5020556",378624,2026-05-02 17:48:28,30.535249710083,-13.0937767028809,"Unknown"
"5020556",378624,2026-05-02 17:53:27,30.531946182251,-13.0886688232422,"Unknown"
"5020556",378624,2026-05-02 17:58:26,30.5310173034668,-13.0878610610962,"Unknown"
"5020556",378624,2026-05-02 18:03:51,30.5298194885254,-13.0856456756592,"Unknown"
"5020556",378624,2026-05-02 18:08:22,30.5290832519531,-13.0849885940552,"Unknown"
"5020556",378624,2026-05-02 18:13:24,30.5259189605713,-13.0795087814331,"Unknown"
"5020556",378624,2026-05-02 18:18:24,30.5248966217041,-13.0780754089355,"Unknown"
"5020556",378624,2026-05-02 18:23:23,30.5250606536865,-13.0755844116211,"Unknown"
"5020556",378624,2026-05-02 18:28:23,30.5245208740234,-13.0749950408936,"Unknown"
"5020556",378624,2026-05-02 18:33:22,30.5232563018799,-13.0606737136841,"Unknown"
"5020556",378624,2026-05-02 18:38:23,30.5224990844727,-13.0598907470703,"Unknown"
"5020556",378624,2026-05-02 18:43:24,30.5219860076904,-13.0590925216675,"Unknown"
"5020556",378624,2026-05-02 18:48:23,30.5186786651611,-13.0530271530151,"Unknown"
"5020556",378624,2026-05-02 18:53:23,30.522647857666,-13.056414604187,"Unknown"
"5020556",378624,2026-05-02 18:58:23,30.5258045196533,-13.0564870834351,"Unknown"
"5020556",378624,2026-05-02 19:03:22,30.5253448486328,-13.0562772750854,"Unknown"
"5020556",378624,2026-05-02 19:13:23,30.5315837860107,-13.0607242584229,"Unknown"
"5020556",378624,2026-05-02 19:18:24,30.5390529632568,-13.0644588470459,"Unknown"
"5020556",378624,2026-05-02 19:23:24,30.5440464019775,-13.0661058425903,"Unknown"
"5020556",378624,2026-05-02 19:28:24,30.546407699585,-13.0600032806396,"Unknown"
"5020556",378624,2026-05-02 19:33:24,30.5490093231201,-13.0612001419067,"Unknown"
"5020556",378624,2026-05-02 19:38:24,30.5478496551514,-13.0609426498413,"Unknown"
"5020556",378624,2026-05-02 19:43:27,30.5465431213379,-13.0582599639893,"Unknown"
"5020556",378624,2026-05-02 19:48:27,30.545373916626,-13.057035446167,"Unknown"
"5020556",378624,2026-05-02 19:53:47,30.5444755554199,-13.0567092895508,"Unknown"
"5020556",378624,2026-05-02 19:58:24,30.5434589385986,-13.0561943054199,"Unknown"
"5020556",378624,2026-05-02 20:03:25,30.5424861907959,-13.056077003479,"Unknown"
"5020556",378624,2026-05-02 20:08:28,30.5415916442871,-13.0559663772583,"Unknown"
"5020556",378624,2026-05-02 20:13:26,30.5407218933105,-13.0560684204102,"Unknown"
"5020556",378624,2026-05-02 20:18:31,30.5397624969482,-13.0560140609741,"Unknown"
"5020556",378624,2026-05-02 20:23:30,30.5385856628418,-13.0550508499146,"Unknown"
"5020556",378624,2026-05-02 20:28:25,30.5375900268555,-13.0549926757812,"Unknown"
"5020556",378624,2026-05-02 20:33:29,30.5366325378418,-13.055025100708,"Unknown"
"5020556",378624,2026-05-02 20:38:47,30.5356979370117,-13.0549516677856,"Unknown"
"5020556",378624,2026-05-02 20:43:24,30.5348968505859,-13.0548715591431,"Unknown"
"5020556",378624,2026-05-02 20:48:25,30.5340023040771,-13.0548267364502,"Unknown"
"5020556",378624,2026-05-02 20:53:26,30.5331573486328,-13.0547313690186,"Unknown"
"5020556",378624,2026-05-02 20:58:25,30.532341003418,-13.0547609329224,"Unknown"
"5020556",378624,2026-05-02 21:03:24,30.5315380096436,-13.0547542572021,"Unknown"
"5020556",378624,2026-05-02 21:08:27,30.530704498291,-13.0548715591431,"Unknown"
"5020556",378624,2026-05-02 21:13:23,30.5299015045166,-13.0549764633179,"Unknown"
"5020556",378624,2026-05-02 21:18:25,30.5290451049805,-13.055064201355,"Unknown"
"5020556",378624,2026-05-02 21:23:26,30.5282020568848,-13.0550918579102,"Unknown"
"5020556",378624,2026-05-02 21:28:23,30.5273151397705,-13.055027961731,"Unknown"
"5020556",378624,2026-05-02 21:33:26,30.5264186859131,-13.0547332763672,"Unknown"
"5020556",378624,2026-05-02 21:38:26,30.5255641937256,-13.0542879104614,"Unknown"
"5020556",378624,2026-05-02 21:43:25,30.5247135162354,-13.0539493560791,"Unknown"
"5020556",378624,2026-05-02 21:48:26,30.523868560791,-13.0535593032837,"Unknown"
"5020556",378624,2026-05-02 21:53:26,30.522928237915,-13.0531826019287,"Unknown"
"5020556",378624,2026-05-02 21:58:26,30.5220031738281,-13.0528144836426,"Unknown"
"5020556",378624,2026-05-02 22:03:26,30.5211620330811,-13.0524950027466,"Unknown"
"5020556",378624,2026-05-02 22:08:26,30.5202770233154,-13.0521535873413,"Unknown"
"5020556",378624,2026-05-02 22:13:23,30.5193824768066,-13.051794052124,"Unknown"
"5020556",378624,2026-05-02 22:18:31,30.5184020996094,-13.0514726638794,"Unknown"
"5020556",378624,2026-05-02 22:23:31,30.517557144165,-13.0512380599976,"Unknown"
"5020556",378624,2026-05-02 22:28:26,30.5167331695557,-13.0509805679321,"Unknown"
"5020556",378624,2026-05-02 22:33:29,30.5159015655518,-13.0507974624634,"Unknown"
"5020556",378624,2026-05-02 22:38:24,30.5152225494385,-13.0506362915039,"Unknown"
"5020556",378624,2026-05-02 22:43:27,30.5143623352051,-13.050311088562,"Unknown"
"5020556",378624,2026-05-02 22:48:28,30.5135078430176,-13.0500459671021,"Unknown"
"5020556",378624,2026-05-02 22:53:39,30.5126533508301,-13.0498123168945,"Unknown"
"5020556",378624,2026-05-02 22:58:57,30.5117797851562,-13.0497274398804,"Unknown"
"5020556",378624,2026-05-02 23:03:23,30.5111656188965,-13.0497579574585,"Unknown"
"5020556",378624,2026-05-02 23:13:25,30.5099048614502,-13.0499401092529,"Unknown"
"5020556",378624,2026-05-02 23:23:23,30.5087394714355,-13.0506057739258,"Unknown"
"5020556",378624,2026-05-02 23:28:23,30.5092601776123,-13.0560483932495,"Unknown"
"5020556",378624,2026-05-02 23:33:23,30.5065040588379,-13.0495176315308,"Unknown"
"5020556",378624,2026-05-02 23:38:23,30.5056381225586,-13.0493955612183,"Unknown"
"5020556",378624,2026-05-02 23:43:23,30.5049343109131,-13.0493583679199,"Unknown"
"5020556",378624,2026-05-02 23:48:24,30.5043029785156,-13.049262046814,"Unknown"
"5020556",378624,2026-05-02 23:53:24,30.5036907196045,-13.0492877960205,"Unknown"
"5020556",378624,2026-05-02 23:58:24,30.5031585693359,-13.0492868423462,"Unknown"
"5020556",378624,2026-05-03 00:03:23,30.5020523071289,-13.0466260910034,"Unknown"
"5020556",378624,2026-05-03 00:08:23,30.5012645721436,-13.0465536117554,"Unknown"
"5020556",378624,2026-05-03 00:13:24,30.5007476806641,-13.0466184616089,"Unknown"
"5020556",378624,2026-05-03 00:18:25,30.5002784729004,-13.0465641021729,"Unknown"
"5020556",378624,2026-05-03 00:23:23,30.4993152618408,-13.0417108535767,"Unknown"
"5020556",378624,2026-05-03 00:28:26,30.5048732757568,-13.0730876922607,"Unknown"
"5020556",378624,2026-05-03 00:33:24,30.49436378479,-13.05504322052,"Unknown"
"5020556",378624,2026-05-03 00:38:24,30.4890613555908,-13.023946762085,"Unknown"
"5020556",378624,2026-05-03 00:43:26,30.4945259094238,-13.0282297134399,"Unknown"
"5020556",378624,2026-05-03 00:48:27,30.5030345916748,-13.0301065444946,"Unknown"
"5020556",378624,2026-05-03 00:53:24,30.5115718841553,-13.0145769119263,"Unknown"
"5020556",378624,2026-05-03 01:03:24,30.5161018371582,-12.9796857833862,"Unknown"
"5020556",378624,2026-05-03 01:08:26,30.5281467437744,-12.9967813491821,"Unknown"
"5020556",378624,2026-05-03 01:18:26,30.54026222229,-13.0626764297485,"Unknown"
"5020556",378624,2026-05-03 01:23:25,30.5382957458496,-13.0962200164795,"Unknown"
"5020556",378624,2026-05-03 01:28:27,30.5176734924316,-13.0705070495605,"Unknown"
"5020556",378624,2026-05-03 01:34:49,30.4974765777588,-13.0335359573364,"Unknown"
"5020556",378624,2026-05-03 01:39:49,30.4840087890625,-13.004373550415,"Unknown"
"5020556",378624,2026-05-03 01:48:24,30.4820766448975,-13.0013475418091,"Unknown"
"5020556",378624,2026-05-03 01:58:26,30.4801044464111,-12.9996728897095,"Unknown"
"5020556",378624,2026-05-03 02:08:46,30.4799880981445,-13.0025215148926,"Unknown"
"5020556",378624,2026-05-03 02:18:31,30.4788303375244,-13.0031633377075,"Unknown"
"5020556",378624,2026-05-03 02:28:24,30.4785614013672,-13.0047187805176,"Unknown"
"5020556",378624,2026-05-03 02:38:27,30.4773807525635,-13.0055866241455,"Unknown"
"5020556",378624,2026-05-03 02:48:26,30.4782581329346,-13.0148305892944,"Unknown"
"5020556",378624,2026-05-03 02:58:26,30.4772415161133,-13.0155477523804,"Unknown"
"5020556",378624,2026-05-03 03:13:23,30.4888019561768,-13.0389451980591,"Unknown"
"5020556",378624,2026-05-03 03:23:26,30.4876937866211,-13.0411024093628,"Unknown"
"5020556",378624,2026-05-03 03:33:27,30.4864768981934,-13.0424547195435,"Unknown"
"5020556",378624,2026-05-03 03:43:26,30.4855690002441,-13.0439043045044,"Unknown"
"5020556",378624,2026-05-03 03:53:25,30.4846572875977,-13.0453405380249,"Unknown"
"5020556",378624,2026-05-03 04:03:47,30.48366355896,-13.0469551086426,"Unknown"
"5020556",378624,2026-05-03 04:13:27,30.4828128814697,-13.0487461090088,"Unknown"
"5020556",378624,2026-05-03 04:23:47,30.4819183349609,-13.0506067276001,"Unknown"
"5020556",378624,2026-05-03 04:33:27,30.480827331543,-13.0516595840454,"Unknown"
"5020556",378624,2026-05-03 04:43:23,30.4798679351807,-13.053183555603,"Unknown"
"5020556",378624,2026-05-03 04:53:23,30.4788837432861,-13.0563468933105,"Unknown"
"5020556",378624,2026-05-03 05:03:26,30.477912902832,-13.059440612793,"Unknown"
"5020556",378624,2026-05-03 05:13:25,30.4769344329834,-13.0604181289673,"Unknown"
"5020556",378624,2026-05-03 05:23:26,30.4778671264648,-13.068995475769,"Unknown"
"5020556",378624,2026-05-03 05:33:28,30.4972896575928,-13.1103439331055,"Unknown"
"5020556",378624,2026-05-03 05:43:47,30.4963417053223,-13.1107921600342,"Unknown"
"5020556",378624,2026-05-03 05:53:26,30.4983081817627,-13.1010580062866,"Unknown"
"5020556",378624,2026-05-03 06:03:25,30.4732532501221,-13.0480813980103,"Unknown"
"5020556",378624,2026-05-03 06:13:26,30.440372467041,-12.9938850402832,"Unknown"
"5020556",378624,2026-05-03 06:23:26,30.4402675628662,-12.9938411712646,"Unknown"
"5020556",378624,2026-05-03 06:33:25,30.4281921386719,-12.9940900802612,"Unknown"
"5020556",378624,2026-05-03 06:43:28,30.4245147705078,-13.0032052993774,"Unknown"
"5020556",378624,2026-05-03 06:53:57,30.4243869781494,-13.004506111145,"Unknown"
"5020556",378624,2026-05-03 07:03:23,30.4409122467041,-13.0187644958496,"Unknown"
"5020556",378624,2026-05-03 08:14:03,30.5620231628418,-13.2299146652222,"Unknown"
"5020556",378624,2026-05-03 08:23:24,30.5617618560791,-13.2281246185303,"Unknown"
"5020556",378624,2026-05-03 08:33:24,30.5614738464355,-13.2291831970215,"Unknown"
"5020556",378624,2026-05-03 08:43:24,30.5613822937012,-13.2249212265015,"Unknown"
"5020556",378624,2026-05-03 08:53:25,30.5636234283447,-13.218132019043,"Unknown"
"5020556",378624,2026-05-03 08:58:35,30.5633907318115,-13.2158260345459,"Unknown"
"5020556",378624,2026-05-03 09:03:28,30.5631885528564,-13.2160472869873,"Unknown"
"5020556",378624,2026-05-03 09:08:29,30.5628700256348,-13.216365814209,"Unknown"
"5020556",378624,2026-05-03 09:13:47,30.5625820159912,-13.2167692184448,"Unknown"
"5020556",378624,2026-05-03 09:18:27,30.5623607635498,-13.2170076370239,"Unknown"
"5020556",378624,2026-05-03 09:23:24,30.5621852874756,-13.2172718048096,"Unknown"
"5020556",378624,2026-05-03 09:28:24,30.5619125366211,-13.217399597168,"Unknown"
"5020556",378624,2026-05-03 09:33:24,30.5616645812988,-13.2176208496094,"Unknown"
"5020556",378624,2026-05-03 09:38:25,30.5598773956299,-13.2160177230835,"Unknown"
"5020556",378624,2026-05-03 09:43:23,30.5611228942871,-13.2117605209351,"Unknown"
"5020556",378624,2026-05-03 09:48:24,30.5604705810547,-13.2070159912109,"Unknown"
"5020556",378624,2026-05-03 09:53:26,30.5601806640625,-13.2073450088501,"Unknown"
"5020556",378624,2026-05-03 09:58:26,30.5599594116211,-13.207576751709,"Unknown"
"5020556",378624,2026-05-03 10:03:24,30.5597877502441,-13.2078533172607,"Unknown"
"5020556",378624,2026-05-03 10:08:30,30.5596599578857,-13.2082395553589,"Unknown"
"5020556",378624,2026-05-03 10:13:26,30.5544967651367,-13.2339220046997,"Unknown"
"5020556",378624,2026-05-03 10:18:27,30.548641204834,-13.2756967544556,"Unknown"
"5020556",378624,2026-05-03 10:23:26,30.5322113037109,-13.3167037963867,"Unknown"
"5020556",378624,2026-05-03 10:28:26,30.5125942230225,-13.356255531311,"Unknown"
"5020556",378624,2026-05-03 10:33:27,30.4976825714111,-13.399169921875,"Unknown"
"5020556",378624,2026-05-03 10:38:26,30.4841480255127,-13.4425487518311,"Unknown"
"5020556",378624,2026-05-03 10:44:03,30.4850444793701,-13.4570922851562,"Unknown"
"5020556",378624,2026-05-03 10:48:26,30.4734420776367,-13.497389793396,"Unknown"
"5020556",378624,2026-05-03 10:53:26,30.468204498291,-13.5364360809326,"Unknown"
"5020556",378624,2026-05-03 10:58:27,30.4666194915771,-13.5405931472778,"Unknown"
"5020556",378624,2026-05-03 11:03:24,30.4600620269775,-13.5721139907837,"Unknown"
"5020556",378624,2026-05-03 11:14:48,30.4288654327393,-13.6712217330933,"Unknown"
"5020556",378624,2026-05-03 13:14:35,30.3955421447754,-14.7222852706909,"Unknown"
"5020556",378624,2026-05-03 13:18:25,30.3896579742432,-14.7586107254028,"Unknown"
"5020556",378624,2026-05-03 13:24:48,30.3792629241943,-14.8180923461914,"Unknown"
"5020556",378624,2026-05-03 13:28:23,30.3711032867432,-14.8505239486694,"Unknown"
"5020556",378624,2026-05-03 13:33:29,30.3654632568359,-14.8779735565186,"Unknown"
"5020556",378624,2026-05-03 13:38:24,30.3596935272217,-14.9047594070435,"Unknown"
"5020556",378624,2026-05-03 13:43:25,30.3478565216064,-14.9408826828003,"Unknown"
"5020556",378624,2026-05-03 13:48:25,30.3412647247314,-14.9744939804077,"Unknown"
"5020556",378624,2026-05-03 13:53:25,30.3312015533447,-15.0188226699829,"Unknown"
"5020556",378624,2026-05-03 13:58:24,30.3200511932373,-15.0626001358032,"Unknown"
"5020556",378624,2026-05-03 14:03:25,30.3046779632568,-15.105489730835,"Unknown"
"5020556",378624,2026-05-03 14:08:35,30.288537979126,-15.1500520706177,"Unknown"
"5020556",378624,2026-05-03 14:13:57,30.2734107971191,-15.1977519989014,"Unknown"
"5020556",378624,2026-05-03 14:18:51,30.2559261322021,-15.239725112915,"Unknown"
"5020556",378624,2026-05-03 14:23:24,30.2383689880371,-15.2769794464111,"Unknown"
"5020556",378624,2026-05-03 14:28:25,30.21848487854,-15.3165988922119,"Unknown"
"5020556",378624,2026-05-03 14:33:47,30.195915222168,-15.3573055267334,"Unknown"
"5020556",378624,2026-05-03 14:38:28,30.1751918792725,-15.3917179107666,"Unknown"
"5020556",378624,2026-05-03 14:43:22,30.1538867950439,-15.42995262146,"Unknown"
"5020556",378624,2026-05-03 14:48:23,30.1400756835938,-15.4592294692993,"Unknown"
"5020556",378624,2026-05-03 14:53:25,30.1312789916992,-15.4849052429199,"Unknown"
"5020556",378624,2026-05-03 14:58:24,30.1168060302734,-15.5202550888062,"Unknown"
"5020556",378624,2026-05-03 15:03:22,30.0973339080811,-15.5580129623413,"Unknown"
"5020556",378624,2026-05-03 15:13:23,30.0557041168213,-15.6322727203369,"Unknown"
"5020556",378624,2026-05-03 15:18:28,30.0301837921143,-15.6644248962402,"Unknown"
"5020556",378624,2026-05-03 15:23:23,30.0064258575439,-15.6990966796875,"Unknown"
"5020556",378624,2026-05-03 15:28:24,29.9827556610107,-15.7353343963623,"Unknown"
"5020556",378624,2026-05-03 15:33:26,29.9566879272461,-15.7691688537598,"Unknown"
"5020556",378624,2026-05-03 15:38:27,29.9333381652832,-15.8055877685547,"Unknown"
"5020556",378624,2026-05-03 15:43:26,29.9112586975098,-15.8428754806519,"Unknown"
"5020556",378624,2026-05-03 15:48:26,29.8903923034668,-15.8811321258545,"Unknown"
"5020556",378624,2026-05-03 15:53:26,29.8688201904297,-15.9188203811646,"Unknown"
"5020556",378624,2026-05-03 15:59:05,29.850061416626,-15.9494152069092,"Unknown"
"5020556",378624,2026-05-03 16:03:23,29.8401107788086,-15.9715261459351,"Unknown"
"5020556",378624,2026-05-03 16:08:23,29.8240070343018,-15.9979906082153,"Unknown"
"5020556",378624,2026-05-03 16:13:23,29.8054866790771,-16.02956199646,"Unknown"
"5020556",378624,2026-05-03 16:18:25,29.7843265533447,-16.0674934387207,"Unknown"
"5020556",378624,2026-05-03 16:23:26,29.7642936706543,-16.1063175201416,"Unknown"
"5020556",378624,2026-05-03 16:28:23,29.7474670410156,-16.1454048156738,"Unknown"
"5020556",378624,2026-05-03 16:33:57,29.7262554168701,-16.1901340484619,"Unknown"
"5020556",378624,2026-05-03 16:38:25,29.7119388580322,-16.2186336517334,"Unknown"
"5020556",378624,2026-05-03 16:43:24,29.6901416778564,-16.2566432952881,"Unknown"
"5020556",378624,2026-05-03 16:48:25,29.6660499572754,-16.2919216156006,"Unknown"
"5020556",378624,2026-05-03 16:53:28,29.6454906463623,-16.3237857818604,"Unknown"
"5020556",378624,2026-05-03 16:58:29,29.6220207214355,-16.3608207702637,"Unknown"
"5020556",378624,2026-05-03 17:03:27,29.6010360717773,-16.3992309570312,"Unknown"
"5020556",378624,2026-05-03 17:08:26,29.5801486968994,-16.4381675720215,"Unknown"
"5020556",378624,2026-05-03 17:13:26,29.5579280853271,-16.4753074645996,"Unknown"
"5020556",378624,2026-05-03 17:18:26,29.5385360717773,-16.5143566131592,"Unknown"
"5020556",378624,2026-05-03 17:23:26,29.5173015594482,-16.551664352417,"Unknown"
"5020556",378624,2026-05-03 17:28:26,29.513463973999,-16.5452995300293,"Unknown"
"5020556",378624,2026-05-03 17:33:26,29.496057510376,-16.58154296875,"Unknown"
"5020556",378624,2026-05-03 17:38:39,29.4792709350586,-16.6128273010254,"Unknown"
"5020556",378624,2026-05-03 17:43:24,29.4731540679932,-16.6275939941406,"Unknown"
"5020556",378624,2026-05-03 17:48:26,29.4501552581787,-16.6629066467285,"Unknown"
"5020556",378624,2026-05-03 17:53:26,29.4335021972656,-16.7024917602539,"Unknown"
"5020556",378624,2026-05-03 17:58:57,29.4139575958252,-16.7449417114258,"Unknown"
"5020556",378624,2026-05-03 18:03:57,29.3952121734619,-16.783483505249,"Unknown"
"5020556",378624,2026-05-03 18:08:24,29.3765602111816,-16.8162784576416,"Unknown"
"5020556",378624,2026-05-03 18:13:24,29.3576145172119,-16.8550109863281,"Unknown"
"5020556",378624,2026-05-03 18:18:25,29.3414630889893,-16.8956661224365,"Unknown"
"5020556",378624,2026-05-03 18:23:24,29.3255081176758,-16.9349937438965,"Unknown"
"5020556",378624,2026-05-03 18:28:24,29.3078651428223,-16.9743824005127,"Unknown"
"5020556",378624,2026-05-03 18:33:24,29.2889766693115,-17.0126152038574,"Unknown"
"5020556",378624,2026-05-03 18:38:25,29.2697792053223,-17.051155090332,"Unknown"
"5020556",378624,2026-05-03 18:43:24,29.2461776733398,-17.0867290496826,"Unknown"
"5020556",378624,2026-05-03 18:48:24,29.2218837738037,-17.1215896606445,"Unknown"
"5020556",378624,2026-05-03 18:53:24,29.1961364746094,-17.156982421875,"Unknown"
"5020556",378624,2026-05-03 18:58:26,29.1733112335205,-17.1938705444336,"Unknown"
"5020556",378624,2026-05-03 19:03:24,29.1532802581787,-17.232551574707,"Unknown"
"5020556",378624,2026-05-03 19:10:45,29.1287746429443,-17.2819919586182,"Unknown"
"5020556",378624,2026-05-03 19:16:03,29.114767074585,-17.3124485015869,"Unknown"
"5020556",378624,2026-05-03 19:20:42,29.1012477874756,-17.3311023712158,"Unknown"
"5020556",378624,2026-05-03 19:26:03,29.0790882110596,-17.3736133575439,"Unknown"
"5020556",378624,2026-05-03 19:30:44,29.0620594024658,-17.4136714935303,"Unknown"
"5020556",378624,2026-05-03 19:35:44,29.0473861694336,-17.4591674804688,"Unknown"
"5020556",378624,2026-05-03 19:40:45,29.0288619995117,-17.5046291351318,"Unknown"
"5020556",378624,2026-05-03 19:45:42,29.0078010559082,-17.546895980835,"Unknown"
"5020556",378624,2026-05-03 19:50:43,28.9883060455322,-17.5910530090332,"Unknown"
"5020556",378624,2026-05-03 19:55:45,28.969539642334,-17.6361389160156,"Unknown"
"5020556",378624,2026-05-03 20:00:44,28.946741104126,-17.6772155761719,"Unknown"
"5020556",378624,2026-05-03 20:05:44,28.9206943511963,-17.717264175415,"Unknown"
"5020556",378624,2026-05-03 20:11:03,28.8977432250977,-17.760627746582,"Unknown"
"5020556",378624,2026-05-03 20:15:43,28.8688182830811,-17.7752113342285,"Unknown"
"5020556",378624,2026-05-03 20:20:45,28.8507213592529,-17.7789287567139,"Unknown"
"5020556",378624,2026-05-03 20:25:45,28.8373775482178,-17.7643985748291,"Unknown"
"5020556",378624,2026-05-03 20:26:43,28.8333835601807,-17.7603340148926,"Unknown"
"5020556",378624,2026-05-03 20:27:42,28.8284111022949,-17.758882522583,"Unknown"
"5020556",378624,2026-05-03 20:28:42,28.8241806030273,-17.7552604675293,"Unknown"
"5020556",378624,2026-05-03 20:29:43,28.8191871643066,-17.7520999908447,"Unknown"
"5020556",378624,2026-05-03 20:30:43,28.815486907959,-17.748950958252,"Unknown"
"5020556",378624,2026-05-03 20:31:43,28.8134765625,-17.7447681427002,"Unknown"
"5020556",378624,2026-05-03 20:32:43,28.8140354156494,-17.7446708679199,"Unknown"
"5020556",378624,2026-05-03 20:33:43,28.8160285949707,-17.743034362793,"Unknown"
"5020556",378624,2026-05-03 20:34:43,28.8146514892578,-17.7439708709717,"Unknown"
"5020556",378624,2026-05-03 20:35:43,28.8189239501953,-17.7465744018555,"Unknown"
"5020556",378624,2026-05-03 20:36:43,28.8164691925049,-17.7505073547363,"Unknown"
"5020556",378624,2026-05-03 20:37:43,28.8164577484131,-17.7522411346436,"Unknown"
"5020556",378624,2026-05-03 20:38:43,28.8167724609375,-17.753490447998,"Unknown"
"5020556",378624,2026-05-03 20:39:43,28.8175640106201,-17.7552280426025,"Unknown"
"5020556",378624,2026-05-03 20:40:43,28.8173542022705,-17.7567501068115,"Unknown"
"5020556",378624,2026-05-03 20:41:45,28.8165168762207,-17.7559032440186,"Unknown"
"5020556",378624,2026-05-03 20:43:03,28.8157939910889,-17.7595081329346,"Unknown"
"5020556",378624,2026-05-03 20:43:43,28.816593170166,-17.7602958679199,"Unknown"
"5020556",378624,2026-05-03 20:44:45,28.8178310394287,-17.7631587982178,"Unknown"
"5020556",378624,2026-05-03 20:45:53,28.815803527832,-17.7620239257812,"Unknown"
"5020556",378624,2026-05-03 20:46:43,28.8151111602783,-17.7615375518799,"Unknown"
"5020556",378624,2026-05-03 20:47:45,28.8113059997559,-17.7578639984131,"Unknown"
"5020556",378624,2026-05-03 20:49:03,28.8074417114258,-17.7602405548096,"Unknown"
"5020556",378624,2026-05-03 20:49:42,28.806173324585,-17.7597141265869,"Unknown"
"5020556",378624,2026-05-03 20:50:43,28.8022117614746,-17.7633304595947,"Unknown"
"5020556",378624,2026-05-03 20:51:43,28.7979316711426,-17.7615184783936,"Unknown"
"5020556",378624,2026-05-03 20:52:43,28.7972278594971,-17.7562961578369,"Unknown"
"5020556",378624,2026-05-03 20:53:42,28.7989139556885,-17.761402130127,"Unknown"
"5020556",378624,2026-05-03 20:54:43,28.7955436706543,-17.7577705383301,"Unknown"
"5020556",378624,2026-05-03 20:55:42,28.7961292266846,-17.7615623474121,"Unknown"
"5020556",378624,2026-05-03 20:56:43,28.7978038787842,-17.7633590698242,"Unknown"
"5020556",378624,2026-05-03 20:57:43,28.7988357543945,-17.7605514526367,"Unknown"
"5020556",378624,2026-05-03 20:58:43,28.7982425689697,-17.7595100402832,"Unknown"
"5020556",378624,2026-05-03 20:59:42,28.7986240386963,-17.7593116760254,"Unknown"
"5020556",378624,2026-05-03 21:00:43,28.7997703552246,-17.7622337341309,"Unknown"
"5020556",378624,2026-05-03 21:01:43,28.8021945953369,-17.7628383636475,"Unknown"
"5020556",378624,2026-05-03 21:02:43,28.8012638092041,-17.7615509033203,"Unknown"
"5020556",378624,2026-05-03 21:03:42,28.7976036071777,-17.7635116577148,"Unknown"
"5020556",378624,2026-05-03 21:04:42,28.7969760894775,-17.7628078460693,"Unknown"
"5020556",378624,2026-05-03 21:05:43,28.7919483184814,-17.7658081054688,"Unknown"
"5020556",378624,2026-05-03 21:06:43,28.7916812896729,-17.7673759460449,"Unknown"
"5020556",378624,2026-05-03 21:07:43,28.7883853912354,-17.7680931091309,"Unknown"
"5020556",378624,2026-05-03 21:08:42,28.7846870422363,-17.7731437683105,"Unknown"
"5020556",378624,2026-05-03 21:09:43,28.7839965820312,-17.7757568359375,"Unknown"
"5020556",378624,2026-05-03 21:10:43,28.7837200164795,-17.7756729125977,"Unknown"
"5020556",378624,2026-05-03 21:13:08,28.7832508087158,-17.7756614685059,"Unknown"
"5020556",378624,2026-05-03 21:13:32,28.783088684082,-17.7757396697998,"Unknown"
"5020556",378624,2026-05-03 21:15:38,28.7830066680908,-17.7757740020752,"Unknown"
"5020556",378624,2026-05-03 21:17:08,28.7830066680908,-17.7757301330566,"Unknown"
"5020557",378675,2026-04-17 18:12:06,28.7708358764648,-17.7364082336426,"Unknown"
"5020557",378675,2026-04-17 18:27:03,28.7719745635986,-17.7345294952393,"Unknown"
"5020557",378675,2026-04-17 18:42:04,28.7723579406738,-17.7306976318359,"Unknown"
"5020557",378675,2026-04-17 18:57:03,28.7757720947266,-17.7278251647949,"Unknown"
"5020557",378675,2026-04-17 19:12:02,28.7767124176025,-17.7293682098389,"Unknown"
"5020557",378675,2026-04-17 19:27:33,28.777400970459,-17.7308330535889,"Unknown"
"5020557",378675,2026-04-17 19:42:02,28.7774810791016,-17.7322578430176,"Unknown"
"5020557",378675,2026-04-17 19:57:03,28.798210144043,-17.7431831359863,"Unknown"
"5020557",378675,2026-04-17 20:12:02,28.7799510955811,-17.7368774414062,"Unknown"
"5020557",378675,2026-04-17 20:27:02,28.7807731628418,-17.73779296875,"Unknown"
"5020557",378675,2026-04-17 20:42:03,28.7816143035889,-17.7390613555908,"Unknown"
"5020557",378675,2026-04-17 20:57:03,28.7824401855469,-17.7401885986328,"Unknown"
"5020557",378675,2026-04-17 21:12:02,28.7839641571045,-17.742301940918,"Unknown"
"5020557",378675,2026-04-17 21:27:33,28.7850112915039,-17.7437400817871,"Unknown"
"5020557",378675,2026-04-17 21:42:12,28.7856731414795,-17.7443714141846,"Unknown"
"5020557",378675,2026-04-17 21:57:12,28.7862377166748,-17.7450466156006,"Unknown"
"5020557",378675,2026-04-17 22:12:13,28.7873611450195,-17.7460880279541,"Unknown"
"5020557",378675,2026-04-17 22:27:13,28.7885913848877,-17.7467594146729,"Unknown"
"5020557",378675,2026-04-17 22:42:13,28.7899017333984,-17.7470550537109,"Unknown"
"5020557",378675,2026-04-17 22:57:13,28.7911510467529,-17.7473049163818,"Unknown"
"5020557",378675,2026-04-17 23:12:12,28.792085647583,-17.748025894165,"Unknown"
"5020557",378675,2026-04-17 23:27:13,28.7923450469971,-17.749828338623,"Unknown"
"5020557",378675,2026-04-17 23:42:13,28.7934532165527,-17.7503719329834,"Unknown"
"5020557",378675,2026-04-17 23:57:16,28.7945728302002,-17.7505474090576,"Unknown"
"5020557",378675,2026-04-18 00:12:47,28.7952346801758,-17.7512702941895,"Unknown"
"5020557",378675,2026-04-18 00:27:12,28.7962074279785,-17.7517585754395,"Unknown"
"5020557",378675,2026-04-18 00:42:14,28.7975635528564,-17.7521705627441,"Unknown"
"5020557",378675,2026-04-18 00:57:14,28.7991619110107,-17.7521171569824,"Unknown"
"5020557",378675,2026-04-18 01:12:14,28.8001098632812,-17.7527370452881,"Unknown"
"5020557",378675,2026-04-18 01:27:16,28.8011894226074,-17.7529640197754,"Unknown"
"5020557",378675,2026-04-18 01:42:14,28.8036365509033,-17.752836227417,"Unknown"
"5020557",378675,2026-04-18 01:58:17,28.8165245056152,-17.7356872558594,"Unknown"
"5020557",378675,2026-04-18 02:12:13,28.8203659057617,-17.7289428710938,"Unknown"
"5020557",378675,2026-04-18 02:27:14,28.8221111297607,-17.7296028137207,"Unknown"
"5020557",378675,2026-04-18 02:42:13,28.8665065765381,-17.719202041626,"Unknown"
"5020557",378675,2026-04-18 02:57:12,28.8675079345703,-17.7202339172363,"Unknown"
"5020557",378675,2026-04-18 03:27:33,28.9431858062744,-17.7230606079102,"Unknown"
"5020557",378675,2026-04-18 03:42:13,28.9438648223877,-17.7259330749512,"Unknown"
"5020557",378675,2026-04-18 03:57:12,28.9444198608398,-17.7290191650391,"Unknown"
"5020557",378675,2026-04-18 04:12:13,28.9449977874756,-17.7321243286133,"Unknown"
"5020557",378675,2026-04-18 04:27:12,28.9454383850098,-17.7351570129395,"Unknown"
"5020557",378675,2026-04-18 04:42:13,28.9458713531494,-17.7382011413574,"Unknown"
"5020557",378675,2026-04-18 04:57:33,28.9465732574463,-17.7416019439697,"Unknown"
"5020557",378675,2026-04-18 05:12:12,28.9472694396973,-17.7446746826172,"Unknown"
"5020557",378675,2026-04-18 05:27:12,28.9480018615723,-17.7477645874023,"Unknown"
"5020557",378675,2026-04-18 05:42:17,28.9486045837402,-17.7508125305176,"Unknown"
"5020557",378675,2026-04-18 05:57:15,28.9435405731201,-17.7505569458008,"Unknown"
"5020557",378675,2026-04-18 06:13:03,28.9039459228516,-17.7584362030029,"Unknown"
"5020557",378675,2026-04-18 06:27:14,28.847620010376,-17.7609825134277,"Unknown"
"5020557",378675,2026-04-18 06:43:27,28.8119373321533,-17.7196025848389,"Unknown"
"5020557",378675,2026-04-18 06:57:16,28.7813549041748,-17.7088966369629,"Unknown"
"5020557",378675,2026-04-18 07:12:16,28.7116546630859,-17.6632175445557,"Unknown"
"5020557",378675,2026-04-18 07:27:15,28.6708469390869,-17.5766468048096,"Unknown"
"5020557",378675,2026-04-18 07:42:15,28.6482963562012,-17.5305671691895,"Unknown"
"5020557",378675,2026-04-18 07:58:39,28.647045135498,-17.5044326782227,"Unknown"
"5020557",378675,2026-04-18 09:42:57,28.3877582550049,-16.9829597473145,"Unknown"
"5020557",378675,2026-04-18 09:57:20,28.3946151733398,-16.9799346923828,"Unknown"
"5020557",378675,2026-04-18 10:12:47,28.3957805633545,-16.9817085266113,"Unknown"
"5020557",378675,2026-04-18 10:27:18,28.3942794799805,-16.9593715667725,"Unknown"
"5020557",378675,2026-04-18 10:42:19,28.4088325500488,-16.9329242706299,"Unknown"
"5020557",378675,2026-04-18 10:57:19,28.4145030975342,-16.9219169616699,"Unknown"
"5020557",378675,2026-04-18 11:12:19,28.4128303527832,-16.9157657623291,"Unknown"
"5020557",378675,2026-04-18 11:27:17,28.4154014587402,-16.9140644073486,"Unknown"
"5020557",378675,2026-04-18 11:42:19,28.4191036224365,-16.9119052886963,"Unknown"
"5020557",378675,2026-04-18 11:57:19,28.4226722717285,-16.9099979400635,"Unknown"
"5020557",378675,2026-04-18 12:12:47,28.4260597229004,-16.9077491760254,"Unknown"
"5020557",378675,2026-04-18 12:27:19,28.4292411804199,-16.9053535461426,"Unknown"
"5020557",378675,2026-04-18 12:42:23,28.4321899414062,-16.9031658172607,"Unknown"
"5020557",378675,2026-04-18 12:57:21,28.4337921142578,-16.8991641998291,"Unknown"
"5020557",378675,2026-04-18 13:12:57,28.4199752807617,-16.8653450012207,"Unknown"
"5020557",378675,2026-04-18 13:27:19,28.4231910705566,-16.8592739105225,"Unknown"
"5020557",378675,2026-04-18 13:42:20,28.4201984405518,-16.8553905487061,"Unknown"
"5020557",378675,2026-04-18 13:57:24,28.4238739013672,-16.8515586853027,"Unknown"
"5020557",378675,2026-04-18 14:12:19,28.4092464447021,-16.8397808074951,"Unknown"
"5020557",378675,2026-04-18 14:27:19,28.4090213775635,-16.830638885498,"Unknown"
"5020557",378675,2026-04-18 14:42:20,28.4091148376465,-16.8199348449707,"Unknown"
"5020557",378675,2026-04-18 14:57:18,28.4046363830566,-16.8206157684326,"Unknown"
"5020557",378675,2026-04-18 15:28:43,28.411994934082,-16.9013786315918,"Unknown"
"5020557",378675,2026-04-18 15:42:47,28.4200992584229,-16.86279296875,"Unknown"
"5020557",378675,2026-04-18 15:57:18,28.4176349639893,-16.8572463989258,"Unknown"
"5020557",378675,2026-04-18 16:12:19,28.404727935791,-16.8111801147461,"Unknown"
"5020557",378675,2026-04-18 16:27:20,28.4019832611084,-16.8089656829834,"Unknown"
"5020557",378675,2026-04-18 16:42:47,28.4017601013184,-16.8071174621582,"Unknown"
"5020557",378675,2026-04-18 16:57:18,28.4011631011963,-16.8036842346191,"Unknown"
"5020557",378675,2026-04-18 17:12:19,28.4007759094238,-16.8004913330078,"Unknown"
"5020557",378675,2026-04-18 17:27:19,28.4002819061279,-16.7974281311035,"Unknown"
"5020557",378675,2026-04-18 17:42:47,28.3997039794922,-16.7946453094482,"Unknown"
"5020557",378675,2026-04-18 17:57:19,28.3990478515625,-16.7922477722168,"Unknown"
"5020557",378675,2026-04-18 18:12:19,28.3957977294922,-16.7789077758789,"Unknown"
"5020557",378675,2026-04-18 18:27:21,28.3947582244873,-16.776876449585,"Unknown"
"5020557",378675,2026-04-18 18:42:21,28.3937568664551,-16.7749099731445,"Unknown"
"5020557",378675,2026-04-18 18:57:47,28.3927803039551,-16.7735214233398,"Unknown"
"5020557",378675,2026-04-18 19:12:20,28.3920440673828,-16.7720928192139,"Unknown"
"5020557",378675,2026-04-18 19:27:20,28.3914833068848,-16.7711009979248,"Unknown"
"5020557",378675,2026-04-18 19:42:20,28.3906345367432,-16.7704315185547,"Unknown"
"5020557",378675,2026-04-18 19:57:21,28.3900012969971,-16.7707653045654,"Unknown"
"5020557",378675,2026-04-18 20:12:20,28.3899021148682,-16.7712631225586,"Unknown"
"5020557",378675,2026-04-18 20:27:47,28.3896598815918,-16.7714157104492,"Unknown"
"5020557",378675,2026-04-18 20:42:20,28.389139175415,-16.7731761932373,"Unknown"
"5020557",378675,2026-04-18 20:57:54,28.4441680908203,-16.7446117401123,"Unknown"
"5020557",378675,2026-04-18 21:12:19,28.4500064849854,-16.7556953430176,"Unknown"
"5020557",378675,2026-04-18 21:27:20,28.411470413208,-16.7592296600342,"Unknown"
"5020557",378675,2026-04-18 21:47:22,28.4105072021484,-16.7603149414062,"Unknown"
"5020557",378675,2026-04-18 22:02:21,28.4085865020752,-16.7610301971436,"Unknown"
"5020557",378675,2026-04-18 22:17:22,28.406120300293,-16.761646270752,"Unknown"
"5020557",378675,2026-04-18 22:32:22,28.4041385650635,-16.7624988555908,"Unknown"
"5020557",378675,2026-04-18 22:47:22,28.4028053283691,-16.7634124755859,"Unknown"
"5020557",378675,2026-04-18 23:02:46,28.4019680023193,-16.7646369934082,"Unknown"
"5020557",378675,2026-04-18 23:17:21,28.401065826416,-16.7653999328613,"Unknown"
"5020557",378675,2026-04-18 23:32:24,28.4001369476318,-16.76637840271,"Unknown"
"5020557",378675,2026-04-18 23:47:25,28.3992156982422,-16.7671127319336,"Unknown"
"5020557",378675,2026-04-19 00:02:47,28.3982353210449,-16.7682933807373,"Unknown"
"5020557",378675,2026-04-19 00:17:47,28.3974456787109,-16.7692070007324,"Unknown"
"5020557",378675,2026-04-19 00:32:24,28.3967895507812,-16.7698879241943,"Unknown"
"5020557",378675,2026-04-19 00:47:21,28.3975238800049,-16.7746315002441,"Unknown"
"5020557",378675,2026-04-19 01:02:27,28.411979675293,-16.790111541748,"Unknown"
"5020557",378675,2026-04-19 01:17:25,28.4114303588867,-16.7871284484863,"Unknown"
"5020557",378675,2026-04-19 01:32:24,28.4108505249023,-16.7837619781494,"Unknown"
"5020557",378675,2026-04-19 01:47:34,28.4099025726318,-16.780460357666,"Unknown"
"5020557",378675,2026-04-19 02:02:47,28.4156227111816,-16.7920360565186,"Unknown"
"5020557",378675,2026-04-19 02:17:24,28.415922164917,-16.7896003723145,"Unknown"
"5020557",378675,2026-04-19 02:32:22,28.4160671234131,-16.7870388031006,"Unknown"
"5020557",378675,2026-04-19 02:47:26,28.4160137176514,-16.7841682434082,"Unknown"
"5020557",378675,2026-04-19 03:02:47,28.4285125732422,-16.7926940917969,"Unknown"
"5020557",378675,2026-04-19 03:17:21,28.4288787841797,-16.7900466918945,"Unknown"
"5020557",378675,2026-04-19 03:32:26,28.4288787841797,-16.7874031066895,"Unknown"
"5020557",378675,2026-04-19 03:47:30,28.4288635253906,-16.7850589752197,"Unknown"
"5020557",378675,2026-04-19 04:02:21,28.4286823272705,-16.7828369140625,"Unknown"
"5020557",378675,2026-04-19 04:17:24,28.4281883239746,-16.7859172821045,"Unknown"
"5020557",378675,2026-04-19 04:32:47,28.4281940460205,-16.7811737060547,"Unknown"
"5020557",378675,2026-04-19 04:47:22,28.4279594421387,-16.7768726348877,"Unknown"
"5020557",378675,2026-04-19 05:02:22,28.4277362823486,-16.7735977172852,"Unknown"
"5020557",378675,2026-04-19 05:17:22,28.4277400970459,-16.7708854675293,"Unknown"
"5020557",378675,2026-04-19 05:32:22,28.4272918701172,-16.7705554962158,"Unknown"
"5020557",378675,2026-04-19 05:47:24,28.4267902374268,-16.7651176452637,"Unknown"
"5020557",378675,2026-04-19 06:02:21,28.4237804412842,-16.7826728820801,"Unknown"
"5020557",378675,2026-04-19 06:17:23,28.413631439209,-16.8286457061768,"Unknown"
"5020557",378675,2026-04-19 06:32:23,28.428783416748,-16.8626518249512,"Unknown"
"5020557",378675,2026-04-19 06:47:23,28.4231224060059,-16.8746700286865,"Unknown"
"5020557",378675,2026-04-19 07:17:51,28.4443016052246,-16.9565715789795,"Unknown"
"5020557",378675,2026-04-19 07:32:21,28.4329872131348,-16.9447326660156,"Unknown"
"5020557",378675,2026-04-19 07:47:22,28.4174938201904,-16.9398670196533,"Unknown"
"5020557",378675,2026-04-19 08:02:21,28.4062118530273,-16.9288425445557,"Unknown"
"5020557",378675,2026-04-19 08:17:22,28.3945999145508,-16.9173889160156,"Unknown"
"5020557",378675,2026-04-19 08:32:22,28.3847160339355,-16.9135665893555,"Unknown"
"5020557",378675,2026-04-19 08:47:47,28.3821582794189,-16.916540145874,"Unknown"
"5020557",378675,2026-04-19 09:02:22,28.3805961608887,-16.9189319610596,"Unknown"
"5020557",378675,2026-04-19 09:17:22,28.3907222747803,-16.9118175506592,"Unknown"
"5020557",378675,2026-04-19 09:32:22,28.388858795166,-16.9138221740723,"Unknown"
"5020557",378675,2026-04-19 09:47:22,28.3876094818115,-16.9157733917236,"Unknown"
"5020557",378675,2026-04-19 10:02:51,28.3867645263672,-16.9179153442383,"Unknown"
"5020557",378675,2026-04-19 10:17:23,28.3838748931885,-16.9066047668457,"Unknown"
"5020557",378675,2026-04-19 10:32:23,28.3888988494873,-16.9003143310547,"Unknown"
"5020557",378675,2026-04-19 10:47:25,28.3886127471924,-16.9019145965576,"Unknown"
"5020557",378675,2026-04-19 11:02:25,28.3885326385498,-16.9028854370117,"Unknown"
"5020557",378675,2026-04-19 11:17:51,28.3890857696533,-16.9026012420654,"Unknown"
"5020557",378675,2026-04-19 11:32:24,28.3897647857666,-16.9017467498779,"Unknown"
"5020557",378675,2026-04-19 11:47:23,28.3905792236328,-16.9001598358154,"Unknown"
"5020557",378675,2026-04-19 12:02:28,28.3920040130615,-16.8979663848877,"Unknown"
"5020557",378675,2026-04-19 12:17:27,28.3937702178955,-16.89524269104,"Unknown"
"5020557",378675,2026-04-19 12:32:28,28.3956336975098,-16.8911247253418,"Unknown"
"5020557",378675,2026-04-19 12:48:05,28.4112777709961,-16.9165172576904,"Unknown"
"5020557",378675,2026-04-19 13:03:47,28.4078025817871,-16.937873840332,"Unknown"
"5020557",378675,2026-04-19 13:17:47,28.3933715820312,-16.9655494689941,"Unknown"
"5020557",378675,2026-04-19 13:32:24,28.3763618469238,-17.0317935943604,"Unknown"
"5020558",378628,2026-04-18 18:22:15,28.811975479126,-17.7644500732422,"Unknown"
"5020558",378628,2026-04-18 18:37:15,28.811975479126,-17.7644481658936,"Unknown"
"5020558",378628,2026-04-18 18:52:15,28.8118381500244,-17.7643718719482,"Unknown"
"5020558",378628,2026-04-18 19:05:54,28.8025608062744,-17.7503032684326,"Unknown"
"5020558",378628,2026-04-18 19:20:54,28.8024368286133,-17.7365036010742,"Unknown"
"5020558",378628,2026-04-18 19:35:52,28.7798919677734,-17.7178802490234,"Unknown"
"5020558",378628,2026-04-18 19:50:52,28.754451751709,-17.7240905761719,"Unknown"
"5020558",378628,2026-04-18 20:05:52,28.7533416748047,-17.7228012084961,"Unknown"
"5020558",378628,2026-04-18 20:20:50,28.7530746459961,-17.7220649719238,"Unknown"
"5020558",378628,2026-04-18 20:35:55,28.7522125244141,-17.7212429046631,"Unknown"
"5020558",378628,2026-04-18 20:51:17,28.7517032623291,-17.7206058502197,"Unknown"
"5020558",378628,2026-04-18 21:05:50,28.7516193389893,-17.7202663421631,"Unknown"
"5020558",378628,2026-04-18 21:20:51,28.7518196105957,-17.7194557189941,"Unknown"
"5020558",378628,2026-04-18 21:35:50,28.7522258758545,-17.7190017700195,"Unknown"
"5020558",378628,2026-04-18 21:51:17,28.7526416778564,-17.718807220459,"Unknown"
"5020558",378628,2026-04-18 22:06:03,28.7480659484863,-17.7364101409912,"Unknown"
"5020558",378628,2026-04-18 22:21:03,28.7111549377441,-17.7431240081787,"Unknown"
"5020558",378628,2026-04-18 22:36:03,28.7083492279053,-17.7360591888428,"Unknown"
"5020558",378628,2026-04-18 22:51:02,28.7012023925781,-17.7476558685303,"Unknown"
"5020558",378628,2026-04-18 23:07:02,28.7201118469238,-17.7286014556885,"Unknown"
"5020558",378628,2026-04-18 23:21:01,28.7011909484863,-17.7466812133789,"Unknown"
"5020558",378628,2026-04-18 23:36:02,28.6746864318848,-17.7481575012207,"Unknown"
"5020558",378628,2026-04-18 23:51:02,28.6761493682861,-17.7470092773438,"Unknown"
"5020558",378628,2026-04-19 00:06:02,28.6779804229736,-17.7456684112549,"Unknown"
"5020558",378628,2026-04-19 00:21:03,28.6803855895996,-17.7453136444092,"Unknown"
"5020558",378628,2026-04-19 00:37:11,28.692102432251,-17.756160736084,"Unknown"
"5020558",378628,2026-04-19 00:51:33,28.7843341827393,-17.7412719726562,"Unknown"
"5020558",378628,2026-04-19 01:06:02,28.799015045166,-17.7832851409912,"Unknown"
"5020558",378628,2026-04-19 01:21:01,28.8397655487061,-17.725772857666,"Unknown"
"5020558",378628,2026-04-19 01:36:01,28.8771305084229,-17.7403697967529,"Unknown"
"5020558",378628,2026-04-19 01:51:02,28.8778877258301,-17.7402572631836,"Unknown"
"5020558",378628,2026-04-19 02:06:01,28.8785991668701,-17.7396202087402,"Unknown"
"5020558",378628,2026-04-19 02:21:02,28.8791599273682,-17.7388477325439,"Unknown"
"5020558",378628,2026-04-19 02:36:01,28.8796443939209,-17.7373809814453,"Unknown"
"5020558",378628,2026-04-19 02:51:02,28.8803939819336,-17.7353572845459,"Unknown"
"5020558",378628,2026-04-19 03:06:03,28.8811168670654,-17.7331790924072,"Unknown"
"5020558",378628,2026-04-19 03:21:02,28.8817043304443,-17.731107711792,"Unknown"
"5020558",378628,2026-04-19 03:36:02,28.882043838501,-17.7291946411133,"Unknown"
"5020558",378628,2026-04-19 03:51:33,28.8854656219482,-17.7296371459961,"Unknown"
"5020558",378628,2026-04-19 04:06:02,28.8858013153076,-17.728385925293,"Unknown"
"5020558",378628,2026-04-19 04:21:01,28.8859176635742,-17.7269248962402,"Unknown"
"5020558",378628,2026-04-19 04:36:01,28.8872413635254,-17.7273254394531,"Unknown"
"5020558",378628,2026-04-19 04:51:01,28.8791751861572,-17.750804901123,"Unknown"
"5020558",378628,2026-04-19 05:06:02,28.8570652008057,-17.8159122467041,"Unknown"
"5020558",378628,2026-04-19 05:21:01,28.8582134246826,-17.8175086975098,"Unknown"
"5020558",378628,2026-04-19 05:36:01,28.8579406738281,-17.81667137146,"Unknown"
"5020558",378628,2026-04-19 05:51:02,28.8576030731201,-17.8178310394287,"Unknown"
"5020558",378628,2026-04-19 06:06:35,28.8542404174805,-17.8252506256104,"Unknown"
"5020558",378628,2026-04-19 06:21:01,28.8548793792725,-17.8253135681152,"Unknown"
"5020558",378628,2026-04-19 06:36:03,28.8528099060059,-17.8204574584961,"Unknown"
"5020558",378628,2026-04-19 06:51:02,28.8505363464355,-17.8282871246338,"Unknown"
"5020558",378628,2026-04-19 07:06:03,28.85085105896,-17.8288440704346,"Unknown"
"5020558",378628,2026-04-19 07:22:26,28.8545169830322,-17.8753566741943,"Unknown"
"5020558",378628,2026-04-19 07:36:33,28.867000579834,-17.9322910308838,"Unknown"
"5020558",378628,2026-04-19 07:51:03,28.8870964050293,-17.9182281494141,"Unknown"
"5020558",378628,2026-04-19 08:06:02,28.8983955383301,-17.8921852111816,"Unknown"
"5020558",378628,2026-04-19 08:21:02,28.8781261444092,-17.9260845184326,"Unknown"
"5020558",378628,2026-04-19 08:37:26,28.8522872924805,-17.8902339935303,"Unknown"
"5020558",378628,2026-04-19 08:51:57,28.8622856140137,-17.8796768188477,"Unknown"
"5020558",378628,2026-04-19 09:06:01,28.8576526641846,-17.8456954956055,"Unknown"
"5020558",378628,2026-04-19 09:21:33,28.8604946136475,-17.8325614929199,"Unknown"
"5020558",378628,2026-04-19 09:36:01,28.8564167022705,-17.8305149078369,"Unknown"
"5020558",378628,2026-04-19 09:51:01,28.8570194244385,-17.8303146362305,"Unknown"
"5020558",378628,2026-04-19 10:06:01,28.8572025299072,-17.8297367095947,"Unknown"
"5020558",378628,2026-04-19 10:21:02,28.8570690155029,-17.8287334442139,"Unknown"
"5020558",378628,2026-04-19 10:36:02,28.8570785522461,-17.8269500732422,"Unknown"
"5020558",378628,2026-04-19 10:51:02,28.857105255127,-17.8251419067383,"Unknown"
"5020558",378628,2026-04-19 11:06:04,28.8569583892822,-17.8233528137207,"Unknown"
"5020558",378628,2026-04-19 11:21:05,28.8570575714111,-17.8212394714355,"Unknown"
"5020558",378628,2026-04-19 11:36:33,28.8571586608887,-17.8189239501953,"Unknown"
"5020558",378628,2026-04-19 11:51:01,28.8652458190918,-17.8133487701416,"Unknown"
"5020558",378628,2026-04-19 12:06:01,28.8645458221436,-17.8123302459717,"Unknown"
"5020558",378628,2026-04-19 12:21:02,28.8642139434814,-17.8046970367432,"Unknown"
"5020558",378628,2026-04-19 12:36:02,28.8630638122559,-17.8030376434326,"Unknown"
"5020558",378628,2026-04-19 12:51:02,28.8553123474121,-17.8083095550537,"Unknown"
"5020558",378628,2026-04-19 13:06:02,28.854362487793,-17.8051490783691,"Unknown"
"5020558",378628,2026-04-19 13:21:02,28.8537826538086,-17.8029346466064,"Unknown"
"5020558",378628,2026-04-19 13:36:02,28.8528442382812,-17.7994060516357,"Unknown"
"5020558",378628,2026-04-19 13:51:02,28.8518676757812,-17.7957725524902,"Unknown"
"5020558",378628,2026-04-19 14:06:32,28.8505153656006,-17.7916812896729,"Unknown"
"5020558",378628,2026-04-19 14:07:01,28.8504734039307,-17.7915515899658,"Unknown"
"5020558",378628,2026-04-19 14:08:03,28.8503952026367,-17.7912864685059,"Unknown"
"5020558",378628,2026-04-19 14:09:01,28.8502902984619,-17.7910442352295,"Unknown"
"5020558",378628,2026-04-19 14:10:01,28.8501873016357,-17.7908020019531,"Unknown"
"5020558",378628,2026-04-19 14:11:02,28.8500862121582,-17.7905292510986,"Unknown"
"5020558",378628,2026-04-19 14:12:03,28.8499755859375,-17.7902526855469,"Unknown"
"5020558",378628,2026-04-19 14:13:01,28.8498783111572,-17.7900295257568,"Unknown"
"5020558",378628,2026-04-19 14:14:02,28.8498630523682,-17.7901992797852,"Unknown"
"5020558",378628,2026-04-19 14:15:02,28.849796295166,-17.789966583252,"Unknown"
"5020558",378628,2026-04-19 14:16:02,28.8497295379639,-17.7896919250488,"Unknown"
"5020558",378628,2026-04-19 14:17:03,28.8496475219727,-17.7894096374512,"Unknown"
"5020558",378628,2026-04-19 14:18:03,28.8495597839355,-17.7891368865967,"Unknown"
"5020558",378628,2026-04-19 14:19:03,28.8494625091553,-17.7888793945312,"Unknown"
"5020558",378628,2026-04-19 14:20:03,28.84938621521,-17.7886066436768,"Unknown"
"5020558",378628,2026-04-19 14:21:03,28.8492946624756,-17.7883319854736,"Unknown"
"5020558",378628,2026-04-19 14:22:03,28.8491897583008,-17.7880535125732,"Unknown"
"5020558",378628,2026-04-19 14:23:02,28.8490982055664,-17.7877712249756,"Unknown"
"5020558",378628,2026-04-19 14:24:01,28.8490200042725,-17.787504196167,"Unknown"
"5020558",378628,2026-04-19 14:25:01,28.8489570617676,-17.7872333526611,"Unknown"
"5020558",378628,2026-04-19 14:26:02,28.8488845825195,-17.7869529724121,"Unknown"
"5020558",378628,2026-04-19 14:27:01,28.8488521575928,-17.7866649627686,"Unknown"
"5020558",378628,2026-04-19 14:28:01,28.8488082885742,-17.7863426208496,"Unknown"
"5020558",378628,2026-04-19 14:29:04,28.8487434387207,-17.7860469818115,"Unknown"
"5020558",378628,2026-04-19 14:30:04,28.8486843109131,-17.7857475280762,"Unknown"
"5020558",378628,2026-04-19 14:31:02,28.8486404418945,-17.7854423522949,"Unknown"
"5020558",378628,2026-04-19 14:32:01,28.848596572876,-17.7851295471191,"Unknown"
"5020558",378628,2026-04-19 14:33:01,28.8485412597656,-17.7848014831543,"Unknown"
"5020558",378628,2026-04-19 14:34:01,28.8484859466553,-17.7844696044922,"Unknown"
"5020558",378628,2026-04-19 14:35:02,28.8484230041504,-17.7841281890869,"Unknown"
"5020558",378628,2026-04-19 14:36:02,28.8483619689941,-17.7838077545166,"Unknown"
"5020558",378628,2026-04-19 14:37:01,28.8483047485352,-17.783519744873,"Unknown"
"5020558",378628,2026-04-19 14:38:01,28.8482685089111,-17.7832088470459,"Unknown"
"5020558",378628,2026-04-19 14:39:01,28.8500308990479,-17.7835426330566,"Unknown"
"5020558",378628,2026-04-19 14:40:02,28.8526248931885,-17.7849617004395,"Unknown"
"5020558",378628,2026-04-19 14:41:01,28.854190826416,-17.7880420684814,"Unknown"
"5020558",378628,2026-04-19 14:42:01,28.8546371459961,-17.7893905639648,"Unknown"
"5020558",378628,2026-04-19 14:43:01,28.854564666748,-17.7891635894775,"Unknown"
"5020558",378628,2026-04-19 14:44:02,28.8544769287109,-17.7889423370361,"Unknown"
"5020558",378628,2026-04-19 14:45:01,28.8543853759766,-17.7887268066406,"Unknown"
"5020558",378628,2026-04-19 14:46:01,28.8552665710449,-17.7883415222168,"Unknown"
"5020558",378628,2026-04-19 14:47:01,28.8608093261719,-17.7866344451904,"Unknown"
"5020558",378628,2026-04-19 14:48:01,28.8628444671631,-17.7872447967529,"Unknown"
"5020558",378628,2026-04-19 14:49:01,28.8628234863281,-17.7871932983398,"Unknown"
"5020558",378628,2026-04-19 14:54:01,28.8624458312988,-17.7868556976318,"Unknown"
"5020558",378628,2026-04-19 14:59:02,28.8620357513428,-17.7864761352539,"Unknown"
"5020558",378628,2026-04-19 15:04:02,28.8616542816162,-17.7860908508301,"Unknown"
"5020558",378628,2026-04-19 15:09:01,28.8613529205322,-17.7856159210205,"Unknown"
"5020558",378628,2026-04-19 15:10:03,28.8612976074219,-17.7855224609375,"Unknown"
"5020558",378628,2026-04-19 15:11:01,28.8612823486328,-17.7854595184326,"Unknown"
"5020558",378628,2026-04-19 15:12:03,28.8612461090088,-17.7853660583496,"Unknown"
"5020558",378628,2026-04-19 15:13:01,28.8612251281738,-17.7852783203125,"Unknown"
"5020558",378628,2026-04-19 15:14:01,28.8611850738525,-17.785177230835,"Unknown"
"5020558",378628,2026-04-19 15:15:02,28.8611545562744,-17.7850914001465,"Unknown"
"5020558",378628,2026-04-19 15:16:04,28.8611354827881,-17.7850036621094,"Unknown"
"5020558",378628,2026-04-19 15:17:01,28.8611125946045,-17.78493309021,"Unknown"
"5020558",378628,2026-04-19 15:18:03,28.8610877990723,-17.784854888916,"Unknown"
"5020558",378628,2026-04-19 15:19:01,28.8610782623291,-17.7847537994385,"Unknown"
"5020558",378628,2026-04-19 15:20:01,28.8610515594482,-17.7846355438232,"Unknown"
"5020558",378628,2026-04-19 15:21:02,28.8610248565674,-17.7845478057861,"Unknown"
"5020558",378628,2026-04-19 15:22:03,28.8610191345215,-17.7844429016113,"Unknown"
"5020558",378628,2026-04-19 15:23:02,28.861011505127,-17.7843132019043,"Unknown"
"5020558",378628,2026-04-19 15:24:02,28.8609943389893,-17.7841949462891,"Unknown"
"5020558",378628,2026-04-19 15:25:02,28.8609886169434,-17.7840881347656,"Unknown"
"5020558",378628,2026-04-19 15:26:04,28.8610191345215,-17.7839736938477,"Unknown"
"5020558",378628,2026-04-19 15:27:02,28.8591442108154,-17.7827453613281,"Unknown"
"5020558",378628,2026-04-19 15:28:02,28.8591384887695,-17.7826919555664,"Unknown"
"5020558",378628,2026-04-19 15:29:02,28.8591575622559,-17.782621383667,"Unknown"
"5020558",378628,2026-04-19 15:30:02,28.8591537475586,-17.7825450897217,"Unknown"
"5020558",378628,2026-04-19 15:31:02,28.859167098999,-17.7824573516846,"Unknown"
"5020558",378628,2026-04-19 15:32:11,28.8565807342529,-17.7831077575684,"Unknown"
"5020558",378628,2026-04-19 15:33:02,28.8576946258545,-17.7838249206543,"Unknown"
"5020558",378628,2026-04-19 15:34:02,28.8584995269775,-17.7858200073242,"Unknown"
"5020558",378628,2026-04-19 15:35:03,28.8588981628418,-17.7868919372559,"Unknown"
"5020558",378628,2026-04-19 15:36:03,28.8628978729248,-17.7868385314941,"Unknown"
"5020558",378628,2026-04-19 15:37:03,28.8640766143799,-17.7884407043457,"Unknown"
"5020558",378628,2026-04-19 15:42:03,28.8575305938721,-17.7869148254395,"Unknown"
"5020558",378628,2026-04-19 15:47:03,28.8584041595459,-17.7884769439697,"Unknown"
"5020558",378628,2026-04-19 15:48:03,28.8579654693604,-17.7900829315186,"Unknown"
"5020558",378628,2026-04-19 15:49:02,28.8578758239746,-17.7900009155273,"Unknown"
"5020558",378628,2026-04-19 15:50:03,28.8622283935547,-17.7875442504883,"Unknown"
"5020558",378628,2026-04-19 15:51:03,28.8667640686035,-17.7861499786377,"Unknown"
"5020558",378628,2026-04-19 15:56:04,28.8578701019287,-17.799861907959,"Unknown"
"5020558",378628,2026-04-19 16:01:04,28.8600654602051,-17.7980270385742,"Unknown"
"5020558",378628,2026-04-19 16:03:27,28.8622093200684,-17.799373626709,"Unknown"
"5020558",378628,2026-04-19 16:04:57,28.8612232208252,-17.8003749847412,"Unknown"
"5020558",378628,2026-04-19 16:09:03,28.8627109527588,-17.803617477417,"Unknown"
"5020558",378628,2026-04-19 16:09:32,28.8626499176025,-17.8034591674805,"Unknown"
"5020558",378628,2026-04-19 16:14:33,28.8637676239014,-17.803092956543,"Unknown"
"5020558",378628,2026-04-19 16:19:32,28.8635444641113,-17.8019847869873,"Unknown"
"5020558",378628,2026-04-19 16:24:34,28.8634662628174,-17.80078125,"Unknown"
"5020558",378628,2026-04-19 16:29:32,28.8652019500732,-17.8058681488037,"Unknown"
"5020558",378628,2026-04-19 16:34:32,28.8563690185547,-17.7854099273682,"Unknown"
"5020558",378628,2026-04-19 16:39:34,28.8640670776367,-17.795129776001,"Unknown"
"5020558",378628,2026-04-19 16:40:33,28.8655967712402,-17.7988376617432,"Unknown"
"5020558",378628,2026-04-19 16:45:32,28.8649806976318,-17.80784034729,"Unknown"
"5020558",378628,2026-04-19 16:50:37,28.863655090332,-17.8089351654053,"Unknown"
"5020558",378628,2026-04-19 16:55:32,28.8592433929443,-17.8069095611572,"Unknown"
"5020558",378628,2026-04-19 17:00:35,28.8617248535156,-17.810375213623,"Unknown"
"5020558",378628,2026-04-19 17:01:32,28.8617153167725,-17.8103256225586,"Unknown"
"5020558",378628,2026-04-19 17:02:32,28.861572265625,-17.8101825714111,"Unknown"
"5020558",378628,2026-04-19 17:03:32,28.8614845275879,-17.8098888397217,"Unknown"
"5020558",378628,2026-04-19 17:04:32,28.861400604248,-17.8096389770508,"Unknown"
"5020558",378628,2026-04-19 17:05:32,28.8613243103027,-17.8093681335449,"Unknown"
"5020558",378628,2026-04-19 17:06:32,28.8612442016602,-17.8090648651123,"Unknown"
"5020558",378628,2026-04-19 17:07:32,28.8611640930176,-17.808837890625,"Unknown"
"5020558",378628,2026-04-19 17:08:32,28.8611259460449,-17.8085784912109,"Unknown"
"5020558",378628,2026-04-19 17:09:32,28.8610706329346,-17.8083038330078,"Unknown"
"5020558",378628,2026-04-19 17:10:32,28.8610038757324,-17.8080139160156,"Unknown"
"5020558",378628,2026-04-19 17:11:32,28.8609008789062,-17.8077125549316,"Unknown"
"5020558",378628,2026-04-19 17:12:32,28.8608360290527,-17.8075199127197,"Unknown"
"5020558",378628,2026-04-19 17:13:32,28.8607864379883,-17.8072834014893,"Unknown"
"5020558",378628,2026-04-19 17:14:32,28.8607597351074,-17.8070430755615,"Unknown"
"5020558",378628,2026-04-19 17:15:32,28.8607406616211,-17.8067531585693,"Unknown"
"5020558",378628,2026-04-19 17:16:32,28.8629951477051,-17.8053035736084,"Unknown"
"5020558",378628,2026-04-19 17:17:34,28.8661556243896,-17.8052577972412,"Unknown"
"5020558",378628,2026-04-19 17:22:33,28.8628196716309,-17.8065032958984,"Unknown"
"5020558",378628,2026-04-19 17:27:33,28.8648910522461,-17.8121223449707,"Unknown"
"5020558",378628,2026-04-19 17:32:33,28.8646945953369,-17.8110160827637,"Unknown"
"5020558",378628,2026-04-19 17:38:03,28.8645935058594,-17.8098583221436,"Unknown"
"5020558",378628,2026-04-19 17:42:32,28.8644180297852,-17.8090229034424,"Unknown"
"5020558",378628,2026-04-19 17:47:32,28.8642272949219,-17.8079433441162,"Unknown"
"5020558",378628,2026-04-19 17:52:32,28.8641300201416,-17.806827545166,"Unknown"
"5020558",378628,2026-04-19 17:57:32,28.863977432251,-17.8057079315186,"Unknown"
"5020558",378628,2026-04-19 18:02:32,28.8639240264893,-17.8046779632568,"Unknown"
"5020558",378628,2026-04-19 18:07:32,28.8638401031494,-17.8034553527832,"Unknown"
"5020558",378628,2026-04-19 18:12:32,28.8637542724609,-17.8022689819336,"Unknown"
"5020558",378628,2026-04-19 18:17:32,28.8635501861572,-17.8011646270752,"Unknown"
"5020558",378628,2026-04-19 18:22:32,28.8631591796875,-17.800121307373,"Unknown"
"5020558",378628,2026-04-19 18:27:32,28.8657112121582,-17.8058624267578,"Unknown"
"5020558",378628,2026-04-19 18:32:32,28.8645858764648,-17.806978225708,"Unknown"
"5020558",378628,2026-04-19 18:37:32,28.8647270202637,-17.8133735656738,"Unknown"
"5020558",378628,2026-04-19 18:42:32,28.8630847930908,-17.8133869171143,"Unknown"
"5020558",378628,2026-04-19 18:47:32,28.8591842651367,-17.8141803741455,"Unknown"
"5020558",378628,2026-04-19 18:52:32,28.8584308624268,-17.8160209655762,"Unknown"
"5020558",378628,2026-04-19 18:53:32,28.8599739074707,-17.8160209655762,"Unknown"
"5020558",378628,2026-04-19 18:54:32,28.8627967834473,-17.8151779174805,"Unknown"
"5020558",378628,2026-04-19 18:55:32,28.8633422851562,-17.8139305114746,"Unknown"
"5020558",378628,2026-04-19 19:00:32,28.8559551239014,-17.8074626922607,"Unknown"
"5020558",378628,2026-04-19 19:05:32,28.861270904541,-17.7985210418701,"Unknown"
"5020558",378628,2026-04-19 19:06:32,28.864128112793,-17.7902545928955,"Unknown"
"5020558",378628,2026-04-19 19:07:32,28.8623867034912,-17.7829151153564,"Unknown"
"5020558",378628,2026-04-19 19:12:33,28.8759727478027,-17.7775650024414,"Unknown"
"5020558",378628,2026-04-19 19:17:47,28.8633937835693,-17.7629642486572,"Unknown"
"5020558",378628,2026-04-19 19:22:32,28.8291549682617,-17.7524662017822,"Unknown"
"5020558",378628,2026-04-19 19:27:32,28.8131980895996,-17.7485275268555,"Unknown"
"5020558",378628,2026-04-19 19:28:32,28.8129978179932,-17.7484092712402,"Unknown"
"5020558",378628,2026-04-19 19:29:32,28.8128471374512,-17.7483081817627,"Unknown"
"5020558",378628,2026-04-19 19:30:32,28.8126888275146,-17.7482089996338,"Unknown"
"5020558",378628,2026-04-19 19:31:32,28.8125038146973,-17.7481117248535,"Unknown"
"5020558",378628,2026-04-19 19:32:32,28.8123664855957,-17.748025894165,"Unknown"
"5020558",378628,2026-04-19 19:33:38,28.8122081756592,-17.7479248046875,"Unknown"
"5020558",378628,2026-04-19 19:34:32,28.8120708465576,-17.7477951049805,"Unknown"
"5020558",378628,2026-04-19 19:35:32,28.8119602203369,-17.7476978302002,"Unknown"
"5020558",378628,2026-04-19 19:36:32,28.811824798584,-17.7475852966309,"Unknown"
"5020558",378628,2026-04-19 19:37:32,28.8116226196289,-17.7475051879883,"Unknown"
"5020558",378628,2026-04-19 19:38:32,28.8114624023438,-17.7474040985107,"Unknown"
"5020558",378628,2026-04-19 19:39:32,28.8112831115723,-17.7473182678223,"Unknown"
"5020558",378628,2026-04-19 19:40:32,28.8111000061035,-17.7472496032715,"Unknown"
"5020558",378628,2026-04-19 19:41:32,28.8109359741211,-17.7471656799316,"Unknown"
"5020558",378628,2026-04-19 19:42:32,28.8107929229736,-17.7470760345459,"Unknown"
"5020558",378628,2026-04-19 19:43:32,28.8106288909912,-17.7469940185547,"Unknown"
"5020558",378628,2026-04-19 19:44:33,28.8104629516602,-17.7469120025635,"Unknown"
"5020558",378628,2026-04-19 19:45:32,28.8103179931641,-17.74684715271,"Unknown"
"5020558",378628,2026-04-19 19:46:32,28.8101634979248,-17.7467880249023,"Unknown"
"5020558",378628,2026-04-19 19:47:32,28.809986114502,-17.7467384338379,"Unknown"
"5020558",378628,2026-04-19 19:48:32,28.8098201751709,-17.7466602325439,"Unknown"
"5020558",378628,2026-04-19 19:49:33,28.809700012207,-17.7465934753418,"Unknown"
"5020558",378628,2026-04-19 19:50:32,28.8095798492432,-17.7465057373047,"Unknown"
"5020558",378628,2026-04-19 19:51:32,28.8095073699951,-17.7465267181396,"Unknown"
"5020558",378628,2026-04-19 19:52:32,28.8093643188477,-17.7464942932129,"Unknown"
"5020558",378628,2026-04-19 19:53:33,28.8092231750488,-17.7464542388916,"Unknown"
"5020558",378628,2026-04-19 19:54:32,28.8090724945068,-17.7463989257812,"Unknown"
"5020558",378628,2026-04-19 19:55:33,28.8089389801025,-17.7463569641113,"Unknown"
"5020558",378628,2026-04-19 19:56:32,28.8071193695068,-17.7487983703613,"Unknown"
"5020558",378628,2026-04-19 19:57:32,28.804615020752,-17.7533378601074,"Unknown"
"5020558",378628,2026-04-19 19:58:32,28.8074550628662,-17.7547817230225,"Unknown"
"5020558",378628,2026-04-19 19:59:33,28.8097839355469,-17.7565212249756,"Unknown"
"5020558",378628,2026-04-19 20:01:02,28.8095264434814,-17.7563781738281,"Unknown"
"5020558",378628,2026-04-19 20:01:32,28.8094673156738,-17.7563552856445,"Unknown"
"5020558",378628,2026-04-19 20:02:32,28.8093070983887,-17.7562923431396,"Unknown"
"5020558",378628,2026-04-19 20:03:32,28.8091468811035,-17.7562370300293,"Unknown"
"5020558",378628,2026-04-19 20:04:32,28.8090000152588,-17.7561950683594,"Unknown"
"5020558",378628,2026-04-19 20:05:32,28.8088874816895,-17.7561378479004,"Unknown"
"5020558",378628,2026-04-19 20:06:32,28.8087425231934,-17.7560787200928,"Unknown"
"5020558",378628,2026-04-19 20:07:32,28.8085975646973,-17.7560176849365,"Unknown"
"5020558",378628,2026-04-19 20:08:32,28.8084449768066,-17.7559566497803,"Unknown"
"5020558",378628,2026-04-19 20:09:32,28.8083248138428,-17.7559089660645,"Unknown"
"5020558",378628,2026-04-19 20:10:32,28.808198928833,-17.7558078765869,"Unknown"
"5020558",378628,2026-04-19 20:11:32,28.8080635070801,-17.7557544708252,"Unknown"
"5020558",378628,2026-04-19 20:12:32,28.807861328125,-17.7556991577148,"Unknown"
"5020558",378628,2026-04-19 20:13:32,28.8076839447021,-17.7556762695312,"Unknown"
"5020558",378628,2026-04-19 20:14:32,28.8075466156006,-17.7556171417236,"Unknown"
"5020558",378628,2026-04-19 20:15:32,28.8074436187744,-17.7556171417236,"Unknown"
"5020558",378628,2026-04-19 20:16:32,28.8073081970215,-17.7555675506592,"Unknown"
"5020558",378628,2026-04-19 20:17:32,28.8071613311768,-17.7555160522461,"Unknown"
"5020558",378628,2026-04-19 20:18:32,28.8070049285889,-17.7554607391357,"Unknown"
"5020558",378628,2026-04-19 20:19:32,28.8071098327637,-17.7557277679443,"Unknown"
"5020558",378628,2026-04-19 20:20:32,28.8069553375244,-17.7556114196777,"Unknown"
"5020558",378628,2026-04-19 20:21:32,28.806812286377,-17.7555370330811,"Unknown"
"5020558",378628,2026-04-19 20:22:32,28.8066959381104,-17.7554244995117,"Unknown"
"5020558",378628,2026-04-19 20:23:32,28.8065547943115,-17.7553787231445,"Unknown"
"5020558",378628,2026-04-19 20:24:32,28.8064422607422,-17.755313873291,"Unknown"
"5020558",378628,2026-04-19 20:25:32,28.8063011169434,-17.7552280426025,"Unknown"
"5020558",378628,2026-04-19 20:26:32,28.8061580657959,-17.7551193237305,"Unknown"
"5020558",378628,2026-04-19 20:27:34,28.8060245513916,-17.7550487518311,"Unknown"
"5020558",378628,2026-04-19 20:28:34,28.8058643341064,-17.7549533843994,"Unknown"
"5020558",378628,2026-04-19 20:29:32,28.8057632446289,-17.7549076080322,"Unknown"
"5020558",378628,2026-04-19 20:30:32,28.8056488037109,-17.7548694610596,"Unknown"
"5020558",378628,2026-04-19 20:31:32,28.8054981231689,-17.7547950744629,"Unknown"
"5020558",378628,2026-04-19 20:32:32,28.8053665161133,-17.7546730041504,"Unknown"
"5020558",378628,2026-04-19 20:33:32,28.8052215576172,-17.7545852661133,"Unknown"
"5020558",378628,2026-04-19 20:34:32,28.8050956726074,-17.7544727325439,"Unknown"
"5020558",378628,2026-04-19 20:35:32,28.8049507141113,-17.7543811798096,"Unknown"
"5020558",378628,2026-04-19 20:36:32,28.8047924041748,-17.754322052002,"Unknown"
"5020558",378628,2026-04-19 20:37:32,28.8046493530273,-17.7542514801025,"Unknown"
"5020558",378628,2026-04-19 20:38:32,28.804536819458,-17.7542018890381,"Unknown"
"5020558",378628,2026-04-19 20:39:32,28.804407119751,-17.754150390625,"Unknown"
"5020558",378628,2026-04-19 20:40:32,28.8042659759521,-17.7540512084961,"Unknown"
"5020558",378628,2026-04-19 20:41:32,28.8041572570801,-17.7539920806885,"Unknown"
"5020558",378628,2026-04-19 20:42:34,28.8040370941162,-17.7539081573486,"Unknown"
"5020558",378628,2026-04-19 20:43:32,28.8039283752441,-17.753833770752,"Unknown"
"5020558",378628,2026-04-19 20:44:34,28.8037872314453,-17.7537288665771,"Unknown"
"5020558",378628,2026-04-19 20:45:32,28.8036441802979,-17.7535820007324,"Unknown"
"5020558",378628,2026-04-19 20:46:32,28.8034687042236,-17.7534828186035,"Unknown"
"5020558",378628,2026-04-19 20:47:34,28.8032646179199,-17.7533740997314,"Unknown"
"5020558",378628,2026-04-19 20:48:34,28.803071975708,-17.7532539367676,"Unknown"
"5020558",378628,2026-04-19 20:49:34,28.8028869628906,-17.7531661987305,"Unknown"
"5020558",378628,2026-04-19 20:50:34,28.802713394165,-17.7530632019043,"Unknown"
"5020558",378628,2026-04-19 20:51:34,28.8025531768799,-17.7529811859131,"Unknown"
"5020558",378628,2026-04-19 20:52:33,28.8023815155029,-17.752893447876,"Unknown"
"5020558",378628,2026-04-19 20:53:33,28.8022384643555,-17.752799987793,"Unknown"
"5020558",378628,2026-04-19 20:54:32,28.7981014251709,-17.7515602111816,"Unknown"
"5020558",378628,2026-04-19 20:55:32,28.7919425964355,-17.7478618621826,"Unknown"
"5020558",378628,2026-04-19 20:56:33,28.7858390808105,-17.7439785003662,"Unknown"
"5020558",378628,2026-04-19 20:57:33,28.7793083190918,-17.7415714263916,"Unknown"
"5020558",378628,2026-04-19 20:58:33,28.7749290466309,-17.7408103942871,"Unknown"
"5020558",378628,2026-04-19 20:59:33,28.7684478759766,-17.7391262054443,"Unknown"
"5020558",378628,2026-04-19 21:00:33,28.7623023986816,-17.7376689910889,"Unknown"
"5020558",378628,2026-04-19 21:01:32,28.7604331970215,-17.7355003356934,"Unknown"
"5020558",378628,2026-04-19 21:02:33,28.7580051422119,-17.7337684631348,"Unknown"
"5020558",378628,2026-04-19 21:03:32,28.7518653869629,-17.7343769073486,"Unknown"
"5020558",378628,2026-04-19 21:04:32,28.7461948394775,-17.7336730957031,"Unknown"
"5020558",378628,2026-04-19 21:05:33,28.7404155731201,-17.7330207824707,"Unknown"
"5020558",378628,2026-04-19 21:06:32,28.7348403930664,-17.7338314056396,"Unknown"
"5020558",378628,2026-04-19 21:07:33,28.7288780212402,-17.7371253967285,"Unknown"
"5020558",378628,2026-04-19 21:08:33,28.7253456115723,-17.7383861541748,"Unknown"
"5020558",378628,2026-04-19 21:09:32,28.7220439910889,-17.7402248382568,"Unknown"
"5020558",378628,2026-04-19 21:10:32,28.7165489196777,-17.7432136535645,"Unknown"
"5020558",378628,2026-04-19 21:11:32,28.7132034301758,-17.7454929351807,"Unknown"
"5020558",378628,2026-04-19 21:12:33,28.7088623046875,-17.7501239776611,"Unknown"
"5020558",378628,2026-04-19 21:13:32,28.7075786590576,-17.7556591033936,"Unknown"
"5020558",378628,2026-04-19 21:14:32,28.7083740234375,-17.759298324585,"Unknown"
"5020558",378628,2026-04-19 21:15:34,28.7047691345215,-17.7602577209473,"Unknown"
"5020558",378628,2026-04-19 21:16:32,28.7009239196777,-17.7627506256104,"Unknown"
"5020558",378628,2026-04-19 21:17:32,28.7003421783447,-17.7696647644043,"Unknown"
"5020558",378628,2026-04-19 21:18:32,28.699649810791,-17.7766056060791,"Unknown"
"5020558",378628,2026-04-19 21:19:32,28.7007846832275,-17.7747039794922,"Unknown"
"5020558",378628,2026-04-19 21:20:32,28.6981925964355,-17.7735404968262,"Unknown"
"5020558",378628,2026-04-19 21:21:34,28.6948757171631,-17.7713718414307,"Unknown"
"5020558",378628,2026-04-19 21:22:32,28.6903171539307,-17.7709197998047,"Unknown"
"5020558",378628,2026-04-19 21:23:32,28.6875953674316,-17.7746238708496,"Unknown"
"5020558",378628,2026-04-19 21:24:32,28.6845054626465,-17.7753791809082,"Unknown"
"5020558",378628,2026-04-19 21:25:34,28.6810455322266,-17.7744731903076,"Unknown"
"5020558",378628,2026-04-19 21:26:32,28.6868228912354,-17.7753067016602,"Unknown"
"5020558",378628,2026-04-19 21:27:32,28.6930294036865,-17.7753200531006,"Unknown"
"5020558",378628,2026-04-19 21:28:32,28.6955814361572,-17.7794818878174,"Unknown"
"5020558",378628,2026-04-19 21:29:32,28.6952419281006,-17.7857418060303,"Unknown"
"5020558",378628,2026-04-19 21:30:32,28.6987285614014,-17.7865428924561,"Unknown"
"5020558",378628,2026-04-19 21:31:34,28.6970634460449,-17.787971496582,"Unknown"
"5020558",378628,2026-04-19 21:32:32,28.6996116638184,-17.7873821258545,"Unknown"
"5020558",378628,2026-04-19 21:33:32,28.703857421875,-17.7895660400391,"Unknown"
"5020558",378628,2026-04-19 21:34:42,28.7008056640625,-17.7873649597168,"Unknown"
"5020558",378628,2026-04-19 21:35:32,28.6991672515869,-17.7869243621826,"Unknown"
"5020558",378628,2026-04-19 21:37:03,28.695104598999,-17.7874279022217,"Unknown"
"5020558",378628,2026-04-19 21:37:32,28.6967391967773,-17.7875843048096,"Unknown"
"5020558",378628,2026-04-19 21:38:32,28.6932506561279,-17.7877979278564,"Unknown"
"5020558",378628,2026-04-19 21:39:31,28.6953239440918,-17.7838459014893,"Unknown"
"5020558",378628,2026-04-19 21:40:32,28.7007102966309,-17.7854843139648,"Unknown"
"5020558",378628,2026-04-19 21:41:32,28.7030906677246,-17.7895889282227,"Unknown"
"5020558",378628,2026-04-19 21:42:32,28.7071304321289,-17.793270111084,"Unknown"
"5020558",378628,2026-04-19 21:43:32,28.7084865570068,-17.7957649230957,"Unknown"
"5020558",378628,2026-04-19 21:44:33,28.7081108093262,-17.7958602905273,"Unknown"
"5020558",378628,2026-04-19 21:45:39,28.7086658477783,-17.7968120574951,"Unknown"
"5020558",378628,2026-04-19 21:46:32,28.70849609375,-17.7962207794189,"Unknown"
"5020558",378628,2026-04-19 21:47:32,28.7081298828125,-17.7952823638916,"Unknown"
"5020558",378628,2026-04-19 21:48:32,28.7086353302002,-17.796947479248,"Unknown"
"5020558",378628,2026-04-19 21:49:32,28.7089099884033,-17.7965564727783,"Unknown"
"5020558",378628,2026-04-19 21:50:32,28.7087650299072,-17.7963523864746,"Unknown"
"5020558",378628,2026-04-19 21:51:32,28.7088279724121,-17.7967910766602,"Unknown"
"5020558",378628,2026-04-19 21:52:32,28.708179473877,-17.7956600189209,"Unknown"
"5020558",378628,2026-04-19 21:53:32,28.7086067199707,-17.7957134246826,"Unknown"
"5020558",378628,2026-04-19 21:54:32,28.7085990905762,-17.7947006225586,"Unknown"
"5020558",378628,2026-04-19 21:55:34,28.7090759277344,-17.7967338562012,"Unknown"
"5020558",378628,2026-04-19 21:56:38,28.7084445953369,-17.7961254119873,"Unknown"
"5020558",378628,2026-04-19 21:57:34,28.7084980010986,-17.7961921691895,"Unknown"
"5020558",378628,2026-04-19 21:58:32,28.7083892822266,-17.7968807220459,"Unknown"
"5020558",378628,2026-04-19 21:59:32,28.7087306976318,-17.7964744567871,"Unknown"
"5020558",378628,2026-04-19 22:00:39,28.7085380554199,-17.7963581085205,"Unknown"
"5020558",378628,2026-04-19 22:01:32,28.708251953125,-17.7953262329102,"Unknown"
"5020558",378628,2026-04-19 22:02:32,28.7085723876953,-17.7961006164551,"Unknown"
"5020558",378628,2026-04-19 22:04:57,28.7083606719971,-17.7969589233398,"Unknown"
"5020558",378628,2026-04-19 22:05:43,28.7083950042725,-17.7969226837158,"Unknown"
"5020558",378628,2026-04-19 22:07:27,28.7082061767578,-17.7969493865967,"Unknown"
"5020558",378628,2026-04-19 22:08:57,28.7082653045654,-17.796968460083,"Unknown"
"5020558",378628,2026-04-19 22:10:27,28.7083435058594,-17.7969589233398,"Unknown"
"5020558",378628,2026-04-19 22:11:57,28.708381652832,-17.7969608306885,"Unknown"
"5020558",378628,2026-04-19 22:13:27,28.7084465026855,-17.7969608306885,"Unknown"
"5020558",378628,2026-04-19 22:14:14,28.7084369659424,-17.7969589233398,"Unknown"
"5020558",378628,2026-04-19 22:14:39,28.7104511260986,-17.7962417602539,"Unknown"
"5020558",378628,2026-04-19 22:16:57,28.7083873748779,-17.7969551086426,"Unknown"
"5020558",378628,2026-04-19 22:17:26,28.7086410522461,-17.7968616485596,"Unknown"
"5020558",378628,2026-04-19 22:18:02,28.7100830078125,-17.7963733673096,"Unknown"
"5020558",378628,2026-04-19 22:19:27,28.7082691192627,-17.7970275878906,"Unknown"
"5020558",378628,2026-04-19 22:20:06,28.7088241577148,-17.7967777252197,"Unknown"
"5020558",378628,2026-04-19 22:21:03,28.7100315093994,-17.7971115112305,"Unknown"
"5020558",378628,2026-04-19 22:22:37,28.7083530426025,-17.7969989776611,"Unknown"
"5020558",378628,2026-04-19 22:24:04,28.70827293396,-17.796947479248,"Unknown"
"5020558",378628,2026-04-19 22:24:05,28.7082748413086,-17.796947479248,"Unknown"
"5020558",378628,2026-04-19 22:34:11,28.708324432373,-17.7969837188721,"Unknown"
"5020558",378628,2026-04-19 22:35:11,28.7083339691162,-17.7969722747803,"Unknown"
"5020558",378628,2026-04-19 22:36:10,28.7083377838135,-17.796947479248,"Unknown"
"5020558",378628,2026-04-19 22:37:25,28.7083644866943,-17.7969532012939,"Unknown"
"5020558",378628,2026-04-19 22:38:09,28.7083301544189,-17.7969493865967,"Unknown"
"5020558",378628,2026-04-19 22:39:09,28.7083549499512,-17.7969989776611,"Unknown"
"5020558",378628,2026-04-19 22:40:10,28.7083053588867,-17.7969589233398,"Unknown"
"5020558",378628,2026-04-19 22:41:09,28.7084064483643,-17.796947479248,"Unknown"
"5020558",378628,2026-04-19 22:42:09,28.7083587646484,-17.7969646453857,"Unknown"
"5020558",378628,2026-04-19 22:43:08,28.7080497741699,-17.7954750061035,"Unknown"
"5020558",378628,2026-04-19 22:44:08,28.7081413269043,-17.7957725524902,"Unknown"
"5020558",378628,2026-04-19 22:45:08,28.7081089019775,-17.7954177856445,"Unknown"
"5020558",378628,2026-04-19 22:46:08,28.7085094451904,-17.7953815460205,"Unknown"
"5020558",378628,2026-04-19 22:47:09,28.7084178924561,-17.79563331604,"Unknown"
"5020558",378628,2026-04-19 22:48:08,28.7083320617676,-17.7971267700195,"Unknown"
"5020558",378628,2026-04-19 22:49:08,28.7087917327881,-17.7960033416748,"Unknown"
"5020558",378628,2026-04-19 22:50:10,28.7081298828125,-17.7960243225098,"Unknown"
"5020558",378628,2026-04-19 22:51:10,28.7091789245605,-17.7967300415039,"Unknown"
"5020558",378628,2026-04-19 22:52:11,28.7088966369629,-17.7969818115234,"Unknown"
"5020558",378628,2026-04-19 22:53:10,28.7082862854004,-17.7965850830078,"Unknown"
"5020558",378628,2026-04-19 22:54:08,28.708948135376,-17.797082901001,"Unknown"
"5020558",378628,2026-04-19 22:55:08,28.7089405059814,-17.7966423034668,"Unknown"
"5020558",378628,2026-04-19 22:56:09,28.7088165283203,-17.7968444824219,"Unknown"
"5020558",378628,2026-04-19 22:57:16,28.7083034515381,-17.797025680542,"Unknown"
"5020558",378628,2026-04-19 22:58:20,28.708324432373,-17.7970218658447,"Unknown"
"5020558",378628,2026-04-19 23:00:33,28.7083358764648,-17.7970199584961,"Unknown"
"5020558",378628,2026-04-19 23:02:03,28.7083110809326,-17.7970390319824,"Unknown"
"5020558",378628,2026-04-19 23:10:42,28.7083339691162,-17.7970390319824,"Unknown"
"5020558",378628,2026-04-19 23:21:03,28.7083110809326,-17.7970561981201,"Unknown"
"5020558",378628,2026-04-19 23:30:43,28.7082824707031,-17.7970695495605,"Unknown"
"5020558",378628,2026-04-19 23:42:03,28.7082672119141,-17.7970638275146,"Unknown"
"5020558",378628,2026-04-19 23:50:43,28.7082653045654,-17.7970504760742,"Unknown"
"5020558",378628,2026-04-20 00:00:42,28.7082824707031,-17.7970485687256,"Unknown"
"5020558",378628,2026-04-20 00:10:44,28.7083759307861,-17.7970142364502,"Unknown"
"5020558",378628,2026-04-20 00:21:13,28.7082366943359,-17.7971000671387,"Unknown"
"5020558",378628,2026-04-20 00:30:48,28.7083053588867,-17.7970314025879,"Unknown"
"5020558",378628,2026-04-20 00:42:03,28.7083015441895,-17.7970428466797,"Unknown"
"5020558",378628,2026-04-20 00:52:03,28.7082920074463,-17.7970523834229,"Unknown"
"5020558",378628,2026-04-20 01:01:03,28.7082843780518,-17.7970123291016,"Unknown"
"5020558",378628,2026-04-20 01:11:14,28.7082614898682,-17.7970600128174,"Unknown"
"5020558",378628,2026-04-20 01:22:03,28.7081718444824,-17.797082901001,"Unknown"
"5020558",378628,2026-04-20 01:32:03,28.7083492279053,-17.7970504760742,"Unknown"
"5020558",378628,2026-04-20 01:42:03,28.7082557678223,-17.7970581054688,"Unknown"
"5020558",378628,2026-04-20 01:52:03,28.708288192749,-17.7970523834229,"Unknown"
"5020558",378628,2026-04-20 02:02:03,28.7082824707031,-17.7970657348633,"Unknown"
"5020558",378628,2026-04-20 02:10:44,28.7083320617676,-17.7970409393311,"Unknown"
"5020558",378628,2026-04-20 02:20:53,28.7082862854004,-17.7970199584961,"Unknown"
"5020558",378628,2026-04-20 02:30:49,28.7082977294922,-17.7970752716064,"Unknown"
"5020558",378628,2026-04-20 02:40:50,28.7087516784668,-17.7970809936523,"Unknown"
"5020558",378628,2026-04-20 02:50:55,28.7118911743164,-17.7977752685547,"Unknown"
"5020558",378628,2026-04-20 03:00:57,28.7113571166992,-17.7977237701416,"Unknown"
"5020558",378628,2026-04-20 03:11:31,28.7103233337402,-17.7971115112305,"Unknown"
"5020558",378628,2026-04-20 03:20:48,28.711555480957,-17.7973651885986,"Unknown"
"5020558",378628,2026-04-20 03:31:06,28.7116355895996,-17.7978649139404,"Unknown"
"5020558",378628,2026-04-20 03:42:03,28.7096157073975,-17.7946720123291,"Unknown"
"5020558",378628,2026-04-20 03:50:54,28.7092800140381,-17.7944183349609,"Unknown"
"5020558",378628,2026-04-20 04:10:48,28.7114601135254,-17.7958335876465,"Unknown"
"5020558",378628,2026-04-20 04:20:51,28.7103042602539,-17.7962341308594,"Unknown"
"5020558",378628,2026-04-20 04:30:47,28.7083644866943,-17.7954196929932,"Unknown"
"5020558",378628,2026-04-20 04:42:03,28.7083320617676,-17.7970886230469,"Unknown"
"5020558",378628,2026-04-20 04:52:03,28.708366394043,-17.7971038818359,"Unknown"
"5020558",378628,2026-04-20 05:02:03,28.708288192749,-17.7971115112305,"Unknown"
"5020558",378628,2026-04-20 05:10:53,28.7080936431885,-17.7951946258545,"Unknown"
"5020558",378628,2026-04-20 05:20:39,28.7057342529297,-17.7340335845947,"Unknown"
"5020558",378628,2026-04-20 05:30:38,28.7430572509766,-17.7136878967285,"Unknown"
"5020558",378628,2026-04-20 05:40:39,28.7407684326172,-17.7109909057617,"Unknown"
"5020558",378628,2026-04-20 05:50:42,28.75954246521,-17.7140369415283,"Unknown"
"5020558",378628,2026-04-20 06:01:03,28.769847869873,-17.7197971343994,"Unknown"
"5020558",378628,2026-04-20 06:10:38,28.7686500549316,-17.7180252075195,"Unknown"
"5020558",378628,2026-04-20 06:20:40,28.7674560546875,-17.7163848876953,"Unknown"
"5020558",378628,2026-04-20 06:30:39,28.7790298461914,-17.7189750671387,"Unknown"
"5020558",378628,2026-04-20 06:40:38,28.7784595489502,-17.7181205749512,"Unknown"
"5020558",378628,2026-04-20 06:50:37,28.7777080535889,-17.7170505523682,"Unknown"
"5020558",378628,2026-04-20 07:00:40,28.7989120483398,-17.7328300476074,"Unknown"
"5020558",378628,2026-04-20 07:11:03,28.823314666748,-17.7421016693115,"Unknown"
"5020558",378628,2026-04-20 07:20:38,28.8165645599365,-17.7445831298828,"Unknown"
"5020558",378628,2026-04-20 07:30:39,28.8488693237305,-17.7688274383545,"Unknown"
"5020558",378628,2026-04-20 07:40:38,28.8547916412354,-17.7799606323242,"Unknown"
"5020558",378628,2026-04-20 07:50:39,28.8528995513916,-17.7988758087158,"Unknown"
"5020558",378628,2026-04-20 08:00:40,28.868049621582,-17.8137493133545,"Unknown"
"5020558",378628,2026-04-20 08:10:43,28.8547096252441,-17.8040256500244,"Unknown"
"5020558",378628,2026-04-20 08:22:03,28.8476028442383,-17.8207511901855,"Unknown"
"5020558",378628,2026-04-20 08:32:03,28.8473796844482,-17.8231792449951,"Unknown"
"5020558",378628,2026-04-20 08:41:03,28.8481578826904,-17.8252868652344,"Unknown"
"5020558",378628,2026-04-20 08:50:39,28.8462009429932,-17.8296127319336,"Unknown"
"5020558",378628,2026-04-20 09:00:38,28.8613586425781,-17.8166370391846,"Unknown"
"5020558",378628,2026-04-20 09:10:38,28.8639850616455,-17.8112201690674,"Unknown"
"5020558",378628,2026-04-20 09:20:39,28.8621349334717,-17.8050365447998,"Unknown"
"5020558",378628,2026-04-20 09:25:38,28.8620090484619,-17.8042278289795,"Unknown"
"5020558",378628,2026-04-20 09:30:38,28.8619060516357,-17.8036632537842,"Unknown"
"5020558",378628,2026-04-20 09:35:38,28.8586597442627,-17.7985076904297,"Unknown"
"5020558",378628,2026-04-20 09:36:38,28.8586521148682,-17.7983570098877,"Unknown"
"5020558",378628,2026-04-20 09:37:38,28.8586273193359,-17.7982177734375,"Unknown"
"5020558",378628,2026-04-20 09:38:38,28.8586139678955,-17.7980613708496,"Unknown"
"5020558",378628,2026-04-20 09:39:38,28.8586292266846,-17.7978935241699,"Unknown"
"5020558",378628,2026-04-20 09:40:38,28.8586177825928,-17.7977447509766,"Unknown"
"5020558",378628,2026-04-20 09:41:38,28.8585968017578,-17.7975959777832,"Unknown"
"5020558",378628,2026-04-20 09:42:38,28.8597984313965,-17.7970180511475,"Unknown"
"5020558",378628,2026-04-20 09:43:38,28.8617973327637,-17.7964134216309,"Unknown"
"5020558",378628,2026-04-20 09:44:38,28.8617973327637,-17.7962799072266,"Unknown"
"5020558",378628,2026-04-20 09:45:38,28.8617630004883,-17.7961311340332,"Unknown"
"5020558",378628,2026-04-20 09:46:38,28.8617458343506,-17.7959938049316,"Unknown"
"5020558",378628,2026-04-20 09:47:38,28.861701965332,-17.7958507537842,"Unknown"
"5020558",378628,2026-04-20 09:48:38,28.8616771697998,-17.7957153320312,"Unknown"
"5020558",378628,2026-04-20 09:49:38,28.8605194091797,-17.7988872528076,"Unknown"
"5020558",378628,2026-04-20 09:50:38,28.8606185913086,-17.8021430969238,"Unknown"
"5020558",378628,2026-04-20 09:51:38,28.8606357574463,-17.8020858764648,"Unknown"
"5020558",378628,2026-04-20 09:52:38,28.8606071472168,-17.8019962310791,"Unknown"
"5020558",378628,2026-04-20 09:53:38,28.8605709075928,-17.8018779754639,"Unknown"
"5020558",378628,2026-04-20 09:54:38,28.8605690002441,-17.8017826080322,"Unknown"
"5020558",378628,2026-04-20 09:55:38,28.8605480194092,-17.8016662597656,"Unknown"
"5020558",378628,2026-04-20 09:56:38,28.8577327728271,-17.8034534454346,"Unknown"
"5020558",378628,2026-04-20 09:57:38,28.8566398620605,-17.8062934875488,"Unknown"
"5020558",378628,2026-04-20 09:58:38,28.8537445068359,-17.8091201782227,"Unknown"
"5020558",378628,2026-04-20 09:59:38,28.8512058258057,-17.8117389678955,"Unknown"
"5020558",378628,2026-04-20 10:00:38,28.8489227294922,-17.8143520355225,"Unknown"
"5020558",378628,2026-04-20 10:01:38,28.8501625061035,-17.8162250518799,"Unknown"
"5020558",378628,2026-04-20 10:02:38,28.8480567932129,-17.8187808990479,"Unknown"
"5020558",378628,2026-04-20 10:03:38,28.8497657775879,-17.8198738098145,"Unknown"
"5020558",378628,2026-04-20 10:04:38,28.8516101837158,-17.8216400146484,"Unknown"
"5020558",378628,2026-04-20 10:05:38,28.8493423461914,-17.8232135772705,"Unknown"
"5020558",378628,2026-04-20 10:06:38,28.8488368988037,-17.825008392334,"Unknown"
"5020558",378628,2026-04-20 10:07:38,28.8461570739746,-17.8269958496094,"Unknown"
"5020558",378628,2026-04-20 10:08:38,28.8435554504395,-17.8292903900146,"Unknown"
"5020558",378628,2026-04-20 10:09:38,28.8445110321045,-17.8310794830322,"Unknown"
"5020558",378628,2026-04-20 10:10:38,28.8452110290527,-17.832483291626,"Unknown"
"5020558",378628,2026-04-20 10:11:38,28.8447780609131,-17.833517074585,"Unknown"
"5020558",378628,2026-04-20 10:12:38,28.8423652648926,-17.8360328674316,"Unknown"
"5020558",378628,2026-04-20 10:13:38,28.84299659729,-17.8357620239258,"Unknown"
"5020558",378628,2026-04-20 10:14:38,28.8473167419434,-17.8332271575928,"Unknown"
"5020558",378628,2026-04-20 10:15:38,28.8516387939453,-17.831693649292,"Unknown"
"5020558",378628,2026-04-20 10:16:38,28.8563098907471,-17.8298072814941,"Unknown"
"5020558",378628,2026-04-20 10:17:39,28.86110496521,-17.8274154663086,"Unknown"
"5020558",378628,2026-04-20 10:18:39,28.8646125793457,-17.8271160125732,"Unknown"
"5020558",378628,2026-04-20 10:19:39,28.8665943145752,-17.8249454498291,"Unknown"
"5020558",378628,2026-04-20 10:24:38,28.8671360015869,-17.8238925933838,"Unknown"
"5020558",378628,2026-04-20 10:29:38,28.8672885894775,-17.8230113983154,"Unknown"
"5020558",378628,2026-04-20 10:34:38,28.8550338745117,-17.8252735137939,"Unknown"
"5020558",378628,2026-04-20 10:39:38,28.8550567626953,-17.8244876861572,"Unknown"
"5020558",378628,2026-04-20 10:40:38,28.8550643920898,-17.8243198394775,"Unknown"
"5020558",378628,2026-04-20 10:41:38,28.8550605773926,-17.8241634368896,"Unknown"
"5020558",378628,2026-04-20 10:42:38,28.8550624847412,-17.8240165710449,"Unknown"
"5020558",378628,2026-04-20 10:43:39,28.8550796508789,-17.8238124847412,"Unknown"
"5020558",378628,2026-04-20 10:44:40,28.8550567626953,-17.8236312866211,"Unknown"
"5020558",378628,2026-04-20 10:45:39,28.8550415039062,-17.8234577178955,"Unknown"
"5020558",378628,2026-04-20 10:46:41,28.8550643920898,-17.8232650756836,"Unknown"
"5020558",378628,2026-04-20 10:47:39,28.8550319671631,-17.8230762481689,"Unknown"
"5020558",378628,2026-04-20 10:48:40,28.8550510406494,-17.8228740692139,"Unknown"
"5020558",378628,2026-04-20 10:49:39,28.8550300598145,-17.822696685791,"Unknown"
"5020558",378628,2026-04-20 10:50:40,28.8550128936768,-17.8224754333496,"Unknown"
"5020558",378628,2026-04-20 10:51:41,28.855001449585,-17.8222770690918,"Unknown"
"5020558",378628,2026-04-20 10:52:40,28.8549728393555,-17.8221054077148,"Unknown"
"5020558",378628,2026-04-20 10:53:40,28.8555850982666,-17.8212623596191,"Unknown"
"5020558",378628,2026-04-20 10:54:39,28.8565368652344,-17.8206214904785,"Unknown"
"5020558",378628,2026-04-20 10:55:38,28.8565464019775,-17.820556640625,"Unknown"
"5020558",378628,2026-04-20 10:56:38,28.8565998077393,-17.8204364776611,"Unknown"
"5020558",378628,2026-04-20 10:57:39,28.8566036224365,-17.820240020752,"Unknown"
"5020558",378628,2026-04-20 10:58:39,28.856559753418,-17.8201274871826,"Unknown"
"5020558",378628,2026-04-20 10:59:38,28.8566017150879,-17.8199710845947,"Unknown"
"5020558",378628,2026-04-20 11:00:39,28.8565616607666,-17.8198204040527,"Unknown"
"5020558",378628,2026-04-20 11:01:42,28.8565616607666,-17.819652557373,"Unknown"
"5020558",378628,2026-04-20 11:02:41,28.8565864562988,-17.8194751739502,"Unknown"
"5020558",378628,2026-04-20 11:03:40,28.8566131591797,-17.8194274902344,"Unknown"
"5020558",378628,2026-04-20 11:04:39,28.8561325073242,-17.819616317749,"Unknown"
"5020558",378628,2026-04-20 11:05:40,28.8500213623047,-17.81760597229,"Unknown"
"5020558",378628,2026-04-20 11:06:38,28.8470611572266,-17.8200569152832,"Unknown"
"5020558",378628,2026-04-20 11:07:41,28.8450031280518,-17.8238925933838,"Unknown"
"5020558",378628,2026-04-20 11:08:38,28.8464527130127,-17.8263759613037,"Unknown"
"5020558",378628,2026-04-20 11:09:43,28.8467788696289,-17.8267440795898,"Unknown"
"5020558",378628,2026-04-20 11:10:43,28.8467597961426,-17.8266010284424,"Unknown"
"5020558",378628,2026-04-20 11:11:44,28.8468551635742,-17.8262634277344,"Unknown"
"5020558",378628,2026-04-20 11:13:03,28.8468933105469,-17.825984954834,"Unknown"
"5020558",378628,2026-04-20 11:13:38,28.8469066619873,-17.8258514404297,"Unknown"
"5020558",378628,2026-04-20 11:14:38,28.8469848632812,-17.8256282806396,"Unknown"
"5020558",378628,2026-04-20 11:15:38,28.8470325469971,-17.8253974914551,"Unknown"
"5020558",378628,2026-04-20 11:16:38,28.8470878601074,-17.8251533508301,"Unknown"
"5020558",378628,2026-04-20 11:17:37,28.8471527099609,-17.8248825073242,"Unknown"
"5020558",378628,2026-04-20 11:18:38,28.8472099304199,-17.8245906829834,"Unknown"
"5020558",378628,2026-04-20 11:19:38,28.8472633361816,-17.8243026733398,"Unknown"
"5020558",378628,2026-04-20 11:20:38,28.8473281860352,-17.8240375518799,"Unknown"
"5020558",378628,2026-04-20 11:21:38,28.8473987579346,-17.8237552642822,"Unknown"
"5020558",378628,2026-04-20 11:22:38,28.8474712371826,-17.8234519958496,"Unknown"
"5020558",378628,2026-04-20 11:23:37,28.8475017547607,-17.8231868743896,"Unknown"
"5020558",378628,2026-04-20 11:24:38,28.8475284576416,-17.8228912353516,"Unknown"
"5020558",378628,2026-04-20 11:25:38,28.8475532531738,-17.8226108551025,"Unknown"
"5020558",378628,2026-04-20 11:26:38,28.84739112854,-17.8236656188965,"Unknown"
"5020558",378628,2026-04-20 11:27:38,28.8472671508789,-17.8271369934082,"Unknown"
"5020558",378628,2026-04-20 11:28:38,28.8464546203613,-17.8301105499268,"Unknown"
"5020558",378628,2026-04-20 11:29:38,28.8482074737549,-17.831226348877,"Unknown"
"5020558",378628,2026-04-20 11:30:38,28.8507900238037,-17.8327465057373,"Unknown"
"5020558",378628,2026-04-20 11:31:38,28.8536911010742,-17.8338146209717,"Unknown"
"5020558",378628,2026-04-20 11:32:38,28.8558025360107,-17.835578918457,"Unknown"
"5020558",378628,2026-04-20 11:33:38,28.8591251373291,-17.837158203125,"Unknown"
"5020558",378628,2026-04-20 11:34:38,28.86159324646,-17.8401927947998,"Unknown"
"5020558",378628,2026-04-20 11:35:38,28.8637943267822,-17.843729019165,"Unknown"
"5020558",378628,2026-04-20 11:36:38,28.8649616241455,-17.848072052002,"Unknown"
"5020558",378628,2026-04-20 11:41:38,28.8637294769287,-17.8669757843018,"Unknown"
"5020558",378628,2026-04-20 11:46:38,28.8606643676758,-17.894645690918,"Unknown"
"5020558",378628,2026-04-20 11:51:38,28.8592262268066,-17.8867149353027,"Unknown"
"5020558",378628,2026-04-20 11:52:38,28.8590793609619,-17.8864898681641,"Unknown"
"5020558",378628,2026-04-20 11:53:38,28.858943939209,-17.8863506317139,"Unknown"
"5020558",378628,2026-04-20 11:54:38,28.8588619232178,-17.886137008667,"Unknown"
"5020558",378628,2026-04-20 11:55:38,28.8587684631348,-17.8859119415283,"Unknown"
"5020558",378628,2026-04-20 11:56:38,28.8584747314453,-17.8857688903809,"Unknown"
"5020558",378628,2026-04-20 11:57:38,28.8515510559082,-17.8845024108887,"Unknown"
"5020558",378628,2026-04-20 11:58:38,28.8552131652832,-17.8815155029297,"Unknown"
"5020558",378628,2026-04-20 11:59:38,28.8564891815186,-17.8806686401367,"Unknown"
"5020558",378628,2026-04-20 12:00:38,28.862756729126,-17.8767013549805,"Unknown"
"5020558",378628,2026-04-20 12:01:38,28.8632431030273,-17.8800010681152,"Unknown"
"5020558",378628,2026-04-20 12:06:38,28.8717041015625,-17.8932418823242,"Unknown"
"5020558",378628,2026-04-20 12:11:38,28.8726119995117,-17.9017868041992,"Unknown"
"5020558",378628,2026-04-20 12:16:38,28.8729934692383,-17.9032554626465,"Unknown"
"5020558",378628,2026-04-20 12:21:39,28.8753490447998,-17.902286529541,"Unknown"
"5020558",378628,2026-04-20 12:26:38,28.881290435791,-17.9018898010254,"Unknown"
"5020558",378628,2026-04-20 12:31:38,28.8830814361572,-17.9015789031982,"Unknown"
"5020558",378628,2026-04-20 12:36:40,28.8762130737305,-17.9029884338379,"Unknown"
"5020558",378628,2026-04-20 12:41:38,28.8724708557129,-17.8951816558838,"Unknown"
"5020558",378628,2026-04-20 12:46:38,28.8700256347656,-17.8890151977539,"Unknown"
"5020558",378628,2026-04-20 12:51:39,28.8689975738525,-17.8873538970947,"Unknown"
"5020558",378628,2026-04-20 12:56:38,28.8635139465332,-17.884069442749,"Unknown"
"5020558",378628,2026-04-20 13:01:38,28.8609638214111,-17.8861637115479,"Unknown"
"5020558",378628,2026-04-20 13:06:41,28.8613376617432,-17.8869018554688,"Unknown"
"5020558",378628,2026-04-20 13:07:38,28.861759185791,-17.8911285400391,"Unknown"
"5020558",378628,2026-04-20 13:08:38,28.8653659820557,-17.8934440612793,"Unknown"
"5020558",378628,2026-04-20 13:09:38,28.8654823303223,-17.8950805664062,"Unknown"
"5020558",378628,2026-04-20 13:14:38,28.8653297424316,-17.8949813842773,"Unknown"
"5020558",378628,2026-04-20 13:19:38,28.8689308166504,-17.8960647583008,"Unknown"
"5020558",378628,2026-04-20 13:24:38,28.8693618774414,-17.896354675293,"Unknown"
"5020558",378628,2026-04-20 13:29:40,28.8657722473145,-17.8893489837646,"Unknown"
"5020558",378628,2026-04-20 13:34:40,28.8701725006104,-17.8941173553467,"Unknown"
"5020558",378628,2026-04-20 13:39:41,28.8707256317139,-17.8936214447021,"Unknown"
"5020558",378628,2026-04-20 13:44:40,28.8705615997314,-17.8920078277588,"Unknown"
"5020558",378628,2026-04-20 13:49:43,28.8704357147217,-17.8903884887695,"Unknown"
"5020558",378628,2026-04-20 13:56:03,28.8776340484619,-17.9015483856201,"Unknown"
"5020558",378628,2026-04-20 14:00:03,28.8782730102539,-17.9125480651855,"Unknown"
"5020558",378628,2026-04-20 14:04:38,28.8789520263672,-17.9120674133301,"Unknown"
"5020558",378628,2026-04-20 14:09:38,28.8813610076904,-17.9116516113281,"Unknown"
"5020558",378628,2026-04-20 14:14:40,28.8842315673828,-17.9162464141846,"Unknown"
"5020558",378628,2026-04-20 14:19:38,28.8836727142334,-17.916109085083,"Unknown"
"5020558",378628,2026-04-20 14:24:38,28.8836345672607,-17.9213733673096,"Unknown"
"5020558",378628,2026-04-20 14:30:17,28.8828716278076,-17.9208526611328,"Unknown"
"5020558",378628,2026-04-20 14:34:38,28.8770942687988,-17.9293823242188,"Unknown"
"5020558",378628,2026-04-20 14:39:37,28.8776149749756,-17.9280776977539,"Unknown"
"5020558",378628,2026-04-20 14:44:39,28.8719749450684,-17.9278984069824,"Unknown"
"5020558",378628,2026-04-20 14:49:37,28.8706283569336,-17.9269676208496,"Unknown"
"5020558",378628,2026-04-20 14:54:37,28.8714122772217,-17.9251766204834,"Unknown"
"5020558",378628,2026-04-20 14:59:37,28.8721122741699,-17.9233894348145,"Unknown"
"5020558",378628,2026-04-20 15:04:37,28.8759860992432,-17.9170207977295,"Unknown"
"5020558",378628,2026-04-20 15:09:37,28.8771076202393,-17.9106273651123,"Unknown"
"5020558",378628,2026-04-20 15:14:38,28.8665714263916,-17.9240455627441,"Unknown"
"5020558",378628,2026-04-20 15:19:37,28.8689632415771,-17.9195919036865,"Unknown"
"5020558",378628,2026-04-20 15:24:39,28.8722858428955,-17.9145240783691,"Unknown"
"5020558",378628,2026-04-20 15:29:40,28.8740997314453,-17.9088478088379,"Unknown"
"5020558",378628,2026-04-20 15:34:38,28.8742809295654,-17.9068546295166,"Unknown"
"5020558",378628,2026-04-20 15:39:40,28.8715324401855,-17.912425994873,"Unknown"
"5020558",378628,2026-04-20 15:44:40,28.871826171875,-17.9106502532959,"Unknown"
"5020558",378628,2026-04-20 15:49:40,28.873218536377,-17.8957538604736,"Unknown"
"5020558",378628,2026-04-20 15:54:41,28.8767528533936,-17.8946170806885,"Unknown"
"5020558",378628,2026-04-20 15:59:40,28.8793067932129,-17.8959884643555,"Unknown"
"5020558",378628,2026-04-20 16:04:39,28.8816318511963,-17.8998928070068,"Unknown"
"5020558",378628,2026-04-20 16:09:39,28.8843975067139,-17.9062976837158,"Unknown"
"5020558",378628,2026-04-20 16:14:45,28.8870220184326,-17.9081878662109,"Unknown"
"5020558",378628,2026-04-20 16:19:39,28.886926651001,-17.9068126678467,"Unknown"
"5020558",378628,2026-04-20 16:24:41,28.8834552764893,-17.9052581787109,"Unknown"
"5020558",378628,2026-04-20 16:29:39,28.8835735321045,-17.9040508270264,"Unknown"
"5020558",378628,2026-04-20 16:35:03,28.8828773498535,-17.9022407531738,"Unknown"
"5020558",378628,2026-04-20 16:39:40,28.8833255767822,-17.9011192321777,"Unknown"
"5020558",378628,2026-04-20 16:44:38,28.8868789672852,-17.8728618621826,"Unknown"
"5020558",378628,2026-04-20 16:49:39,28.889799118042,-17.8695983886719,"Unknown"
"5020558",378628,2026-04-20 16:54:38,28.8818683624268,-17.870512008667,"Unknown"
"5020558",378628,2026-04-20 16:59:38,28.8816452026367,-17.8692741394043,"Unknown"
"5020558",378628,2026-04-20 17:04:38,28.881290435791,-17.8682308197021,"Unknown"
"5020558",378628,2026-04-20 17:09:39,28.8822402954102,-17.8664951324463,"Unknown"
"5020558",378628,2026-04-20 17:14:39,28.8896179199219,-17.8490657806396,"Unknown"
"5020558",378628,2026-04-20 17:19:39,28.8872013092041,-17.8405857086182,"Unknown"
"5020558",378628,2026-04-20 17:24:42,28.8891696929932,-17.8347663879395,"Unknown"
"5020558",378628,2026-04-20 17:29:39,28.8911190032959,-17.8287963867188,"Unknown"
"5020558",378628,2026-04-20 17:34:39,28.8912010192871,-17.8253402709961,"Unknown"
"5020558",378628,2026-04-20 17:39:39,28.8945350646973,-17.8256206512451,"Unknown"
"5020558",378628,2026-04-20 17:44:42,28.8940582275391,-17.8248901367188,"Unknown"
"5020558",378628,2026-04-20 17:49:39,28.8936500549316,-17.8241882324219,"Unknown"
"5020558",378628,2026-04-20 17:54:41,28.8812370300293,-17.8119201660156,"Unknown"
"5020558",378628,2026-04-20 17:59:41,28.8829212188721,-17.8033790588379,"Unknown"
"5020558",378628,2026-04-20 18:04:43,28.8801460266113,-17.7993011474609,"Unknown"
"5020558",378628,2026-04-20 18:10:33,28.8759517669678,-17.797248840332,"Unknown"
"5020558",378628,2026-04-20 18:14:39,28.8743267059326,-17.7920398712158,"Unknown"
"5020558",378628,2026-04-20 18:19:39,28.8735866546631,-17.7909660339355,"Unknown"
"5020558",378628,2026-04-20 18:24:39,28.8727874755859,-17.7898960113525,"Unknown"
"5020558",378628,2026-04-20 18:29:39,28.8719596862793,-17.7887744903564,"Unknown"
"5020558",378628,2026-04-20 18:34:39,28.8711738586426,-17.7875919342041,"Unknown"
"5020558",378628,2026-04-20 18:39:39,28.8704013824463,-17.78635597229,"Unknown"
"5020558",378628,2026-04-20 18:44:39,28.8696041107178,-17.7851543426514,"Unknown"
"5020558",378628,2026-04-20 18:49:39,28.8688354492188,-17.7839221954346,"Unknown"
"5020558",378628,2026-04-20 18:54:39,28.8679962158203,-17.7828197479248,"Unknown"
"5020558",378628,2026-04-20 18:59:39,28.867244720459,-17.7817325592041,"Unknown"
"5020558",378628,2026-04-20 19:04:39,28.8664226531982,-17.7806224822998,"Unknown"
"5020558",378628,2026-04-20 19:09:40,28.8655433654785,-17.7796077728271,"Unknown"
"5020558",378628,2026-04-20 19:14:39,28.877758026123,-17.7722606658936,"Unknown"
"5020558",378628,2026-04-20 19:19:40,28.8777446746826,-17.7715682983398,"Unknown"
"5020558",378628,2026-04-20 19:24:39,28.8770809173584,-17.7708492279053,"Unknown"
"5020558",378628,2026-04-20 19:29:40,28.8727912902832,-17.7574443817139,"Unknown"
"5020558",378628,2026-04-20 19:34:39,28.8654632568359,-17.7425537109375,"Unknown"
"5020558",378628,2026-04-20 19:39:41,28.8349590301514,-17.74440574646,"Unknown"
"5020558",378628,2026-04-20 19:44:39,28.8259086608887,-17.7470836639404,"Unknown"
"5020558",378628,2026-04-20 19:45:39,28.8256931304932,-17.746955871582,"Unknown"
"5020558",378628,2026-04-20 19:46:39,28.8254451751709,-17.7468376159668,"Unknown"
"5020558",378628,2026-04-20 19:47:39,28.8251838684082,-17.7467365264893,"Unknown"
"5020558",378628,2026-04-20 19:48:39,28.8254165649414,-17.7484550476074,"Unknown"
"5020558",378628,2026-04-20 19:49:39,28.8215827941895,-17.7513790130615,"Unknown"
"5020558",378628,2026-04-20 19:50:41,28.8219108581543,-17.7531604766846,"Unknown"
"5020558",378628,2026-04-20 19:51:40,28.8218078613281,-17.7530288696289,"Unknown"
"5020558",378628,2026-04-20 19:52:39,28.8217029571533,-17.752872467041,"Unknown"
"5020558",378628,2026-04-20 19:53:40,28.8216171264648,-17.7527275085449,"Unknown"
"5020558",378628,2026-04-20 19:54:39,28.8215351104736,-17.7525577545166,"Unknown"
"5020558",378628,2026-04-20 19:55:40,28.8214378356934,-17.752384185791,"Unknown"
"5020558",378628,2026-04-20 19:56:39,28.8213539123535,-17.7522106170654,"Unknown"
"5020558",378628,2026-04-20 19:57:44,28.8212623596191,-17.7520389556885,"Unknown"
"5020558",378628,2026-04-20 19:58:40,28.8211917877197,-17.7518825531006,"Unknown"
"5020558",378628,2026-04-20 20:00:03,28.821044921875,-17.7516441345215,"Unknown"
"5020558",378628,2026-04-20 20:00:38,28.820987701416,-17.7515296936035,"Unknown"
"5020558",378628,2026-04-20 20:01:39,28.8209209442139,-17.7513370513916,"Unknown"
"5020558",378628,2026-04-20 20:02:39,28.8208255767822,-17.7511386871338,"Unknown"
"5020558",378628,2026-04-20 20:03:38,28.8207130432129,-17.7509613037109,"Unknown"
"5020558",378628,2026-04-20 20:04:38,28.8205642700195,-17.7508869171143,"Unknown"
"5020558",378628,2026-04-20 20:05:38,28.8204727172852,-17.7507228851318,"Unknown"
"5020558",378628,2026-04-20 20:06:38,28.8203544616699,-17.7505569458008,"Unknown"
"5020558",378628,2026-04-20 20:07:38,28.8202533721924,-17.7504081726074,"Unknown"
"5020558",378628,2026-04-20 20:08:38,28.8201503753662,-17.7502536773682,"Unknown"
"5020558",378628,2026-04-20 20:09:38,28.8200149536133,-17.7501258850098,"Unknown"
"5020558",378628,2026-04-20 20:10:38,28.8198585510254,-17.7500057220459,"Unknown"
"5020558",378628,2026-04-20 20:11:38,28.8197269439697,-17.7498416900635,"Unknown"
"5020558",378628,2026-04-20 20:12:38,28.8196277618408,-17.7497024536133,"Unknown"
"5020558",378628,2026-04-20 20:13:38,28.8194980621338,-17.7495803833008,"Unknown"
"5020558",378628,2026-04-20 20:14:38,28.8193588256836,-17.7494697570801,"Unknown"
"5020558",378628,2026-04-20 20:15:38,28.8192882537842,-17.7494411468506,"Unknown"
"5020558",378628,2026-04-20 20:16:38,28.819206237793,-17.7494277954102,"Unknown"
"5020558",378628,2026-04-20 20:17:38,28.8190994262695,-17.7493648529053,"Unknown"
"5020558",378628,2026-04-20 20:18:38,28.8189868927002,-17.7492599487305,"Unknown"
"5020558",378628,2026-04-20 20:19:38,28.8188800811768,-17.7492427825928,"Unknown"
"5020558",378628,2026-04-20 20:20:38,28.8188037872314,-17.7492275238037,"Unknown"
"5020558",378628,2026-04-20 20:21:38,28.8186702728271,-17.749116897583,"Unknown"
"5020558",378628,2026-04-20 20:22:38,28.8185272216797,-17.7490253448486,"Unknown"
"5020558",378628,2026-04-20 20:23:38,28.8184127807617,-17.7489337921143,"Unknown"
"5020558",378628,2026-04-20 20:24:38,28.8183040618896,-17.7488288879395,"Unknown"
"5020558",378628,2026-04-20 20:25:38,28.8181896209717,-17.7487258911133,"Unknown"
"5020558",378628,2026-04-20 20:26:38,28.8180923461914,-17.7486152648926,"Unknown"
"5020558",378628,2026-04-20 20:27:39,28.8179759979248,-17.7485389709473,"Unknown"
"5020558",378628,2026-04-20 20:28:38,28.8178520202637,-17.7484664916992,"Unknown"
"5020558",378628,2026-04-20 20:29:38,28.8177185058594,-17.7483882904053,"Unknown"
"5020558",378628,2026-04-20 20:30:39,28.8175830841064,-17.7482833862305,"Unknown"
"5020558",378628,2026-04-20 20:31:39,28.8174228668213,-17.7481746673584,"Unknown"
"5020558",378628,2026-04-20 20:32:38,28.8173027038574,-17.7480983734131,"Unknown"
"5020558",378628,2026-04-20 20:33:38,28.817138671875,-17.7480430603027,"Unknown"
"5020558",378628,2026-04-20 20:34:39,28.8169918060303,-17.7479839324951,"Unknown"
"5020558",378628,2026-04-20 20:35:39,28.8168468475342,-17.747932434082,"Unknown"
"5020558",378628,2026-04-20 20:36:39,28.8167247772217,-17.7478771209717,"Unknown"
"5020558",378628,2026-04-20 20:37:38,28.8166084289551,-17.747802734375,"Unknown"
"5020558",378628,2026-04-20 20:38:38,28.8165054321289,-17.7477474212646,"Unknown"
"5020558",378628,2026-04-20 20:39:38,28.8163986206055,-17.7477054595947,"Unknown"
"5020558",378628,2026-04-20 20:40:39,28.8162612915039,-17.7476463317871,"Unknown"
"5020558",378628,2026-04-20 20:41:38,28.8161563873291,-17.7475852966309,"Unknown"
"5020558",378628,2026-04-20 20:42:38,28.8161087036133,-17.7475566864014,"Unknown"
"5020558",378628,2026-04-20 20:43:38,28.8160247802734,-17.7475299835205,"Unknown"
"5020558",378628,2026-04-20 20:44:38,28.8158950805664,-17.7474842071533,"Unknown"
"5020558",378628,2026-04-20 20:45:39,28.8157901763916,-17.7474613189697,"Unknown"
"5020558",378628,2026-04-20 20:46:39,28.8156929016113,-17.7474117279053,"Unknown"
"5020558",378628,2026-04-20 20:47:39,28.8155994415283,-17.747350692749,"Unknown"
"5020558",378628,2026-04-20 20:48:39,28.8154907226562,-17.7473049163818,"Unknown"
"5020558",378628,2026-04-20 20:49:39,28.8154106140137,-17.7473087310791,"Unknown"
"5020558",378628,2026-04-20 20:50:39,28.8153381347656,-17.7472972869873,"Unknown"
"5020558",378628,2026-04-20 20:51:38,28.8152275085449,-17.7472476959229,"Unknown"
"5020558",378628,2026-04-20 20:52:38,28.8150901794434,-17.7472133636475,"Unknown"
"5020558",378628,2026-04-20 20:53:39,28.8149452209473,-17.747184753418,"Unknown"
"5020558",378628,2026-04-20 20:54:39,28.8148193359375,-17.7471332550049,"Unknown"
"5020558",378628,2026-04-20 20:55:39,28.8146991729736,-17.7471008300781,"Unknown"
"5020558",378628,2026-04-20 20:56:39,28.8145637512207,-17.7470321655273,"Unknown"
"5020558",378628,2026-04-20 20:57:39,28.8143997192383,-17.7469692230225,"Unknown"
"5020558",378628,2026-04-20 20:58:39,28.8143253326416,-17.7468967437744,"Unknown"
"5020558",378628,2026-04-20 20:59:39,28.8142280578613,-17.7468147277832,"Unknown"
"5020558",378628,2026-04-20 21:00:39,28.8141479492188,-17.7467155456543,"Unknown"
"5020558",378628,2026-04-20 21:01:39,28.8140525817871,-17.7466220855713,"Unknown"
"5020558",378628,2026-04-20 21:02:39,28.8139133453369,-17.7465114593506,"Unknown"
"5020558",378628,2026-04-20 21:03:39,28.8138217926025,-17.7464084625244,"Unknown"
"5020558",378628,2026-04-20 21:04:39,28.8136672973633,-17.7462863922119,"Unknown"
"5020558",378628,2026-04-20 21:05:39,28.8135166168213,-17.7461795806885,"Unknown"
"5020558",378628,2026-04-20 21:06:39,28.813383102417,-17.7460842132568,"Unknown"
"5020558",378628,2026-04-20 21:07:39,28.8132438659668,-17.7459812164307,"Unknown"
"5020558",378628,2026-04-20 21:08:39,28.8130626678467,-17.7458591461182,"Unknown"
"5020558",378628,2026-04-20 21:09:39,28.8129253387451,-17.7457275390625,"Unknown"
"5020558",378628,2026-04-20 21:10:39,28.8128089904785,-17.7455959320068,"Unknown"
"5020558",378628,2026-04-20 21:11:39,28.8126659393311,-17.7454509735107,"Unknown"
"5020558",378628,2026-04-20 21:12:39,28.8125286102295,-17.7453117370605,"Unknown"
"5020558",378628,2026-04-20 21:13:39,28.8123683929443,-17.7451877593994,"Unknown"
"5020558",378628,2026-04-20 21:14:39,28.8121795654297,-17.7451190948486,"Unknown"
"5020558",378628,2026-04-20 21:15:39,28.8078689575195,-17.7480449676514,"Unknown"
"5020558",378628,2026-04-20 21:16:39,28.7985343933105,-17.751127243042,"Unknown"
"5020558",378628,2026-04-20 21:17:39,28.7938785552979,-17.7540092468262,"Unknown"
"5020558",378628,2026-04-20 21:18:39,28.7930564880371,-17.7522563934326,"Unknown"
"5020558",378628,2026-04-20 21:19:39,28.7908267974854,-17.7506580352783,"Unknown"
"5020558",378628,2026-04-20 21:20:40,28.7895908355713,-17.749849319458,"Unknown"
"5020558",378628,2026-04-20 21:21:39,28.7842693328857,-17.7499828338623,"Unknown"
"5020558",378628,2026-04-20 21:22:39,28.7768592834473,-17.7504444122314,"Unknown"
"5020558",378628,2026-04-20 21:23:39,28.7697792053223,-17.7497005462646,"Unknown"
"5020558",378628,2026-04-20 21:24:39,28.7638549804688,-17.74684715271,"Unknown"
"5020558",378628,2026-04-20 21:25:39,28.7576007843018,-17.7436103820801,"Unknown"
"5020558",378628,2026-04-20 21:26:39,28.7533359527588,-17.7381839752197,"Unknown"
"5020558",378628,2026-04-20 21:27:39,28.7467002868652,-17.7360992431641,"Unknown"
"5020558",378628,2026-04-20 21:28:39,28.7399749755859,-17.7356986999512,"Unknown"
"5020558",378628,2026-04-20 21:29:39,28.7338008880615,-17.7370223999023,"Unknown"
"5020558",378628,2026-04-20 21:30:39,28.7280712127686,-17.7399215698242,"Unknown"
"5020558",378628,2026-04-20 21:31:39,28.7246532440186,-17.7427196502686,"Unknown"
"5020558",378628,2026-04-20 21:32:39,28.7192687988281,-17.7460269927979,"Unknown"
"5020558",378628,2026-04-20 21:33:39,28.7154941558838,-17.7524242401123,"Unknown"
"5020558",378628,2026-04-20 21:34:39,28.7124080657959,-17.7598876953125,"Unknown"
"5020558",378628,2026-04-20 21:35:39,28.7130107879639,-17.7651767730713,"Unknown"
"5020558",378628,2026-04-20 21:36:39,28.7117881774902,-17.771312713623,"Unknown"
"5020558",378628,2026-04-20 21:37:39,28.7070484161377,-17.7797088623047,"Unknown"
"5020558",378628,2026-04-20 21:38:39,28.7033348083496,-17.7877998352051,"Unknown"
"5020558",378628,2026-04-20 21:39:39,28.7011108398438,-17.7948951721191,"Unknown"
"5020558",378628,2026-04-20 21:40:39,28.700777053833,-17.7924976348877,"Unknown"
"5020558",378628,2026-04-20 21:41:39,28.7061576843262,-17.7916469573975,"Unknown"
"5020558",378628,2026-04-20 21:42:41,28.708309173584,-17.7958202362061,"Unknown"
"5020558",378628,2026-04-20 21:43:44,28.7086162567139,-17.7968330383301,"Unknown"
"5020558",378628,2026-04-20 21:44:56,28.7089691162109,-17.7965106964111,"Unknown"
"5020558",378628,2026-04-20 21:45:51,28.7084407806396,-17.7970809936523,"Unknown"
"5020558",378628,2026-04-20 21:46:46,28.7083015441895,-17.7959785461426,"Unknown"
"5020558",378628,2026-04-20 21:48:04,28.7083511352539,-17.7945995330811,"Unknown"
"5020558",378628,2026-04-20 21:49:01,28.7082710266113,-17.7944412231445,"Unknown"
"5020558",378628,2026-04-20 21:49:41,28.7083168029785,-17.7946166992188,"Unknown"
"5020558",378628,2026-04-20 21:50:48,28.7084884643555,-17.797061920166,"Unknown"
"5020558",378628,2026-04-20 21:52:14,28.7087440490723,-17.7956981658936,"Unknown"
"5020558",378628,2026-04-20 21:53:07,28.708158493042,-17.7949638366699,"Unknown"
"5020558",378628,2026-04-20 21:53:50,28.708101272583,-17.7944869995117,"Unknown"
"5020558",378628,2026-04-20 21:54:39,28.7083835601807,-17.7939147949219,"Unknown"
"5020558",378628,2026-04-20 21:55:39,28.7073497772217,-17.7932243347168,"Unknown"
"5020558",378628,2026-04-20 21:56:48,28.7064743041992,-17.7922439575195,"Unknown"
"5020558",378628,2026-04-20 21:57:55,28.7053146362305,-17.7910022735596,"Unknown"
"5020558",378628,2026-04-20 21:58:48,28.7046031951904,-17.7906360626221,"Unknown"
"5020558",378628,2026-04-20 21:59:39,28.7047920227051,-17.7916278839111,"Unknown"
"5020558",378628,2026-04-20 22:00:39,28.7033786773682,-17.7900886535645,"Unknown"
"5020558",378628,2026-04-20 22:01:39,28.7006893157959,-17.7871417999268,"Unknown"
"5020558",378628,2026-04-20 22:02:39,28.7030925750732,-17.7879734039307,"Unknown"
"5020558",378628,2026-04-20 22:03:39,28.706859588623,-17.793004989624,"Unknown"
"5020558",378628,2026-04-20 22:05:17,28.7079811096191,-17.7952976226807,"Unknown"
"5020558",378628,2026-04-20 22:05:39,28.7080898284912,-17.795482635498,"Unknown"
"5020558",378628,2026-04-20 22:06:39,28.7084712982178,-17.7968158721924,"Unknown"
"5020558",378628,2026-04-20 22:07:39,28.7084426879883,-17.7974300384521,"Unknown"
"5020558",378628,2026-04-20 22:08:41,28.7084045410156,-17.7970218658447,"Unknown"
"5020558",378628,2026-04-20 22:09:41,28.7085247039795,-17.7970886230469,"Unknown"
"5020558",378628,2026-04-20 22:10:41,28.7087097167969,-17.7972965240479,"Unknown"
"5020558",378628,2026-04-20 22:11:43,28.7099800109863,-17.7965812683105,"Unknown"
"5020558",378628,2026-04-20 22:14:04,28.7084293365479,-17.7969512939453,"Unknown"
"5020558",378628,2026-04-20 22:15:34,28.7082901000977,-17.7969913482666,"Unknown"
"5020558",378628,2026-04-20 22:16:26,28.7082195281982,-17.7969932556152,"Unknown"
"5020558",378628,2026-04-20 22:18:04,28.7082843780518,-17.797025680542,"Unknown"
"5020558",378628,2026-04-20 22:19:12,28.7082557678223,-17.7970142364502,"Unknown"
"5020558",378628,2026-04-20 22:19:13,28.7082576751709,-17.7970142364502,"Unknown"
"5020558",378628,2026-04-20 22:21:41,28.7082405090332,-17.7970027923584,"Unknown"
"5020558",378628,2026-04-20 22:23:11,28.7082557678223,-17.7970085144043,"Unknown"
"5020558",378628,2026-04-20 22:24:41,28.7081317901611,-17.7969875335693,"Unknown"
"5020558",378628,2026-04-20 22:26:11,28.7082233428955,-17.7970027923584,"Unknown"
"5020558",378628,2026-04-20 22:36:03,28.7082843780518,-17.7970180511475,"Unknown"
"5020558",378628,2026-04-20 22:36:04,28.7082901000977,-17.7970180511475,"Unknown"
"5020558",378628,2026-04-20 22:46:07,28.7080535888672,-17.7952175140381,"Unknown"
"5020558",378628,2026-04-20 22:47:07,28.707971572876,-17.7956237792969,"Unknown"
"5020558",378628,2026-04-20 22:48:08,28.7080135345459,-17.7959575653076,"Unknown"
"5020558",378628,2026-04-20 22:49:07,28.7082595825195,-17.7969017028809,"Unknown"
"5020558",378628,2026-04-20 22:50:08,28.7084693908691,-17.7969608306885,"Unknown"
"5020558",378628,2026-04-20 22:51:09,28.7088184356689,-17.7970809936523,"Unknown"
"5020558",378628,2026-04-20 22:52:33,28.7083053588867,-17.7958927154541,"Unknown"
"5020558",378628,2026-04-20 22:53:40,28.7087116241455,-17.797342300415,"Unknown"
"5020558",378628,2026-04-20 22:54:08,28.7086315155029,-17.7973079681396,"Unknown"
"5020558",378628,2026-04-20 22:55:08,28.7087364196777,-17.7972373962402,"Unknown"
"5020558",378628,2026-04-20 22:56:22,28.7083015441895,-17.7970561981201,"Unknown"
"5020558",378628,2026-04-20 22:58:32,28.708309173584,-17.7970428466797,"Unknown"
"5020558",378628,2026-04-20 22:59:28,28.7082748413086,-17.7970657348633,"Unknown"
"5020558",378628,2026-04-20 23:10:02,28.7083053588867,-17.7970542907715,"Unknown"
"5020558",378628,2026-04-20 23:10:05,28.708309173584,-17.7970523834229,"Unknown"
"5020558",378628,2026-04-20 23:20:18,28.7082824707031,-17.7971153259277,"Unknown"
"5020558",378628,2026-04-20 23:31:32,28.7083072662354,-17.7970771789551,"Unknown"
"5020558",378628,2026-04-20 23:41:32,28.7082977294922,-17.7970733642578,"Unknown"
"5020558",378628,2026-04-20 23:50:14,28.7082824707031,-17.7970676422119,"Unknown"
"5020558",378628,2026-04-21 00:01:32,28.7082958221436,-17.7970542907715,"Unknown"
"5020558",378628,2026-04-21 00:11:32,28.7082920074463,-17.7970561981201,"Unknown"
"5020558",378628,2026-04-21 00:21:32,28.7083625793457,-17.7970409393311,"Unknown"
"5020558",378628,2026-04-21 00:31:32,28.7082996368408,-17.7970485687256,"Unknown"
"5020558",378628,2026-04-21 00:41:32,28.7082653045654,-17.7970485687256,"Unknown"
"5020558",378628,2026-04-21 00:51:32,28.7082977294922,-17.7970371246338,"Unknown"
"5020558",378628,2026-04-21 01:01:32,28.708366394043,-17.7970123291016,"Unknown"
"5020558",378628,2026-04-21 01:11:32,28.7082920074463,-17.7970485687256,"Unknown"
"5020558",378628,2026-04-21 01:21:32,28.7083492279053,-17.7970294952393,"Unknown"
"5020558",378628,2026-04-21 01:31:32,28.7083702087402,-17.7971038818359,"Unknown"
"5020558",378628,2026-04-21 01:41:32,28.7084407806396,-17.796989440918,"Unknown"
"5020558",378628,2026-04-21 01:51:32,28.7083148956299,-17.7972984313965,"Unknown"
"5020558",378628,2026-04-21 02:01:32,28.7083854675293,-17.797025680542,"Unknown"
"5020558",378628,2026-04-21 02:11:32,28.7083797454834,-17.797155380249,"Unknown"
"5020558",378628,2026-04-21 02:21:32,28.7083930969238,-17.7971572875977,"Unknown"
"5020558",378628,2026-04-21 02:30:11,28.708309173584,-17.7970218658447,"Unknown"
"5020558",378628,2026-04-21 02:40:15,28.7090129852295,-17.7970027923584,"Unknown"
"5020558",378628,2026-04-21 02:50:25,28.7127895355225,-17.7975368499756,"Unknown"
"5020558",378628,2026-04-21 03:00:15,28.7103939056396,-17.7972393035889,"Unknown"
"5020558",378628,2026-04-21 03:10:17,28.7116546630859,-17.7973041534424,"Unknown"
"5020558",378628,2026-04-21 03:20:24,28.7113170623779,-17.7971496582031,"Unknown"
"5020558",378628,2026-04-21 03:30:30,28.7117290496826,-17.7969818115234,"Unknown"
"5020558",378628,2026-04-21 03:40:15,28.7112197875977,-17.7951278686523,"Unknown"
"5020558",378628,2026-04-21 03:50:06,28.6999969482422,-17.750732421875,"Unknown"
"5020558",378628,2026-04-21 04:00:09,28.6900081634521,-17.7244682312012,"Unknown"
"5020558",378628,2026-04-21 04:10:33,28.6643600463867,-17.7240715026855,"Unknown"
"5020558",378628,2026-04-21 04:20:06,28.6642837524414,-17.7241153717041,"Unknown"
"5020558",378628,2026-04-21 04:30:06,28.6644401550293,-17.7242698669434,"Unknown"
"5020558",378628,2026-04-21 04:40:06,28.6648464202881,-17.7245559692383,"Unknown"
"5020558",378628,2026-04-21 04:50:07,28.659330368042,-17.7304859161377,"Unknown"
"5020558",378628,2026-04-21 05:00:06,28.6472759246826,-17.7389373779297,"Unknown"
"5020558",378628,2026-04-21 05:10:07,28.6468086242676,-17.7385692596436,"Unknown"
"5020558",378628,2026-04-21 05:20:07,28.6006698608398,-17.7412261962891,"Unknown"
"5020558",378628,2026-04-21 05:30:07,28.5374622344971,-17.7203178405762,"Unknown"
"5020558",378628,2026-04-21 05:40:09,28.5257968902588,-17.7170562744141,"Unknown"
"5020558",378628,2026-04-21 05:50:07,28.5247535705566,-17.7177333831787,"Unknown"
"5020558",378628,2026-04-21 06:00:08,28.4707527160645,-17.6910495758057,"Unknown"
"5020558",378628,2026-04-21 06:11:32,28.4317798614502,-17.6515426635742,"Unknown"
"5020558",378628,2026-04-21 06:21:32,28.4017944335938,-17.6120796203613,"Unknown"
"5020558",378628,2026-04-21 06:31:32,28.3684539794922,-17.5704708099365,"Unknown"
"5020558",378628,2026-04-21 06:41:32,28.3403835296631,-17.5238475799561,"Unknown"
"5020558",378628,2026-04-21 06:51:21,28.3201770782471,-17.4742050170898,"Unknown"
"5020558",378628,2026-04-21 07:00:10,28.30419921875,-17.4247741699219,"Unknown"
"5020558",378628,2026-04-21 07:10:08,28.2781295776367,-17.4145927429199,"Unknown"
"5020558",378628,2026-04-21 07:20:07,28.2577781677246,-17.3574771881104,"Unknown"
"5020558",378628,2026-04-21 07:30:10,28.2449836730957,-17.2981414794922,"Unknown"
"5020558",378628,2026-04-21 07:40:07,28.2404117584229,-17.2464733123779,"Unknown"
"5020558",378628,2026-04-21 07:50:08,28.2225933074951,-17.1884059906006,"Unknown"
"5020558",378628,2026-04-21 08:00:09,28.2178115844727,-17.1772918701172,"Unknown"
"5020558",378628,2026-04-21 08:10:07,28.2078227996826,-17.1754379272461,"Unknown"
"5020558",378628,2026-04-21 08:20:11,28.2011260986328,-17.177583694458,"Unknown"
"5020558",378628,2026-04-21 08:30:33,28.1873397827148,-17.160249710083,"Unknown"
"5020558",378628,2026-04-21 08:40:09,28.1841449737549,-17.1648998260498,"Unknown"
"5020558",378628,2026-04-21 08:50:07,28.1827335357666,-17.1606845855713,"Unknown"
"5020558",378628,2026-04-21 09:00:07,28.1859512329102,-17.1631412506104,"Unknown"
"5020558",378628,2026-04-21 09:05:08,28.1921558380127,-17.1687030792236,"Unknown"
"5020558",378628,2026-04-21 09:10:07,28.194995880127,-17.1647815704346,"Unknown"
"5020558",378628,2026-04-21 09:15:07,28.19118309021,-17.1665840148926,"Unknown"
"5020558",378628,2026-04-21 09:20:13,28.1933345794678,-17.1702327728271,"Unknown"
"5020558",378628,2026-04-21 09:25:07,28.1939849853516,-17.1716613769531,"Unknown"
"5020558",378628,2026-04-21 09:30:07,28.1887378692627,-17.1726093292236,"Unknown"
"5020558",378628,2026-04-21 09:35:07,28.1889514923096,-17.1697769165039,"Unknown"
"5020558",378628,2026-04-21 09:40:09,28.1847038269043,-17.165355682373,"Unknown"
"5020558",378628,2026-04-21 09:45:07,28.1828804016113,-17.1647167205811,"Unknown"
"5020558",378628,2026-04-21 09:50:07,28.1821041107178,-17.1619453430176,"Unknown"
"5020558",378628,2026-04-21 09:55:07,28.1867351531982,-17.1613178253174,"Unknown"
"5020558",378628,2026-04-21 10:00:07,28.187629699707,-17.1636867523193,"Unknown"
"5020558",378628,2026-04-21 10:05:08,28.188814163208,-17.1632537841797,"Unknown"
"5020558",378628,2026-04-21 10:10:07,28.1896991729736,-17.1636371612549,"Unknown"
"5020558",378628,2026-04-21 10:15:07,28.1895980834961,-17.1638622283936,"Unknown"
"5020558",378628,2026-04-21 10:20:07,28.189826965332,-17.1639385223389,"Unknown"
"5020558",378628,2026-04-21 10:25:07,28.1897525787354,-17.1651382446289,"Unknown"
"5020558",378628,2026-04-21 10:30:10,28.1891841888428,-17.1569576263428,"Unknown"
"5020558",378628,2026-04-21 10:35:07,28.1890392303467,-17.1573371887207,"Unknown"
"5020558",378628,2026-04-21 10:40:07,28.1871204376221,-17.1587982177734,"Unknown"
"5020558",378628,2026-04-21 10:45:09,28.1902046203613,-17.1512088775635,"Unknown"
"5020558",378628,2026-04-21 10:50:10,28.1920700073242,-17.1484527587891,"Unknown"
"5020558",378628,2026-04-21 10:55:15,28.1883144378662,-17.142219543457,"Unknown"
"5020558",378628,2026-04-21 11:00:16,28.1892261505127,-17.1462516784668,"Unknown"
"5020558",378628,2026-04-21 11:05:09,28.1853561401367,-17.1412563323975,"Unknown"
"5020558",378628,2026-04-21 11:10:33,28.1823310852051,-17.1432704925537,"Unknown"
"5020558",378628,2026-04-21 11:15:07,28.1822299957275,-17.1437454223633,"Unknown"
"5020558",378628,2026-04-21 11:20:07,28.182243347168,-17.1441745758057,"Unknown"
"5020558",378628,2026-04-21 11:25:06,28.182300567627,-17.1446399688721,"Unknown"
"5020558",378628,2026-04-21 11:30:07,28.1823616027832,-17.1448993682861,"Unknown"
"5020558",378628,2026-04-21 11:35:07,28.18239402771,-17.1451282501221,"Unknown"
"5020558",378628,2026-04-21 11:40:07,28.1788883209229,-17.1419448852539,"Unknown"
"5020558",378628,2026-04-21 11:45:07,28.1839981079102,-17.1251888275146,"Unknown"
"5020558",378628,2026-04-21 11:50:07,28.1866397857666,-17.1195449829102,"Unknown"
"5020558",378628,2026-04-21 11:55:11,28.1764240264893,-17.1175327301025,"Unknown"
"5020558",378628,2026-04-21 12:00:07,28.1722412109375,-17.1131210327148,"Unknown"
"5020558",378628,2026-04-21 12:05:07,28.1712207794189,-17.1125717163086,"Unknown"
"5020558",378628,2026-04-21 12:10:07,28.1714019775391,-17.1130046844482,"Unknown"
"5020558",378628,2026-04-21 12:15:07,28.164623260498,-17.1161479949951,"Unknown"
"5020558",378628,2026-04-21 12:20:07,28.1677646636963,-17.1141700744629,"Unknown"
"5020558",378628,2026-04-21 12:25:07,28.1653366088867,-17.1176109313965,"Unknown"
"5020558",378628,2026-04-21 12:30:07,28.1658935546875,-17.1184158325195,"Unknown"
"5020558",378628,2026-04-21 12:35:07,28.1663818359375,-17.1193561553955,"Unknown"
"5020558",378628,2026-04-21 12:40:07,28.1670188903809,-17.1201400756836,"Unknown"
"5020558",378628,2026-04-21 12:45:09,28.1677265167236,-17.1208076477051,"Unknown"
"5020558",378628,2026-04-21 12:50:07,28.1711292266846,-17.1171379089355,"Unknown"
"5020558",378628,2026-04-21 12:55:07,28.1716709136963,-17.1177616119385,"Unknown"
"5020558",378628,2026-04-21 13:00:07,28.1721363067627,-17.1183586120605,"Unknown"
"5020558",378628,2026-04-21 13:05:07,28.17258644104,-17.1189403533936,"Unknown"
"5020558",378628,2026-04-21 13:10:09,28.1730270385742,-17.119441986084,"Unknown"
"5020558",378628,2026-04-21 13:15:07,28.1735134124756,-17.1199512481689,"Unknown"
"5020558",378628,2026-04-21 13:20:09,28.1739234924316,-17.1204051971436,"Unknown"
"5020558",378628,2026-04-21 13:25:10,28.1742553710938,-17.1208953857422,"Unknown"
"5020558",378628,2026-04-21 13:30:10,28.1746234893799,-17.1213779449463,"Unknown"
"5020558",378628,2026-04-21 13:35:10,28.1749534606934,-17.1218223571777,"Unknown"
"5020558",378628,2026-04-21 13:40:11,28.1752147674561,-17.1222496032715,"Unknown"
"5020558",378628,2026-04-21 13:45:10,28.1753749847412,-17.1226081848145,"Unknown"
"5020558",378628,2026-04-21 13:50:12,28.1753921508789,-17.1229209899902,"Unknown"
"5020558",378628,2026-04-21 13:55:33,28.1753730773926,-17.1232070922852,"Unknown"
"5020558",378628,2026-04-21 14:00:06,28.1753463745117,-17.1234283447266,"Unknown"
"5020558",378628,2026-04-21 14:05:07,28.1752128601074,-17.1237087249756,"Unknown"
"5020558",378628,2026-04-21 14:10:09,28.1750316619873,-17.1239967346191,"Unknown"
"5020558",378628,2026-04-21 14:15:07,28.1748008728027,-17.1242809295654,"Unknown"
"5020558",378628,2026-04-21 14:20:08,28.17453956604,-17.1244258880615,"Unknown"
"5020558",378628,2026-04-21 14:25:09,28.1743316650391,-17.1246585845947,"Unknown"
"5020558",378628,2026-04-21 14:30:07,28.1740684509277,-17.1247634887695,"Unknown"
"5020558",378628,2026-04-21 14:35:07,28.1737499237061,-17.1248207092285,"Unknown"
"5020558",378628,2026-04-21 14:40:07,28.1734504699707,-17.1247062683105,"Unknown"
"5020558",378628,2026-04-21 14:45:07,28.1729888916016,-17.124641418457,"Unknown"
"5020558",378628,2026-04-21 14:50:09,28.1724948883057,-17.1246929168701,"Unknown"
"5020558",378628,2026-04-21 14:55:09,28.1719284057617,-17.1234359741211,"Unknown"
"5020558",378628,2026-04-21 15:00:07,28.171236038208,-17.1235847473145,"Unknown"
"5020558",378628,2026-04-21 15:05:09,28.1617012023926,-17.1072998046875,"Unknown"
"5020558",378628,2026-04-21 15:10:09,28.1541042327881,-17.1037292480469,"Unknown"
"5020558",378628,2026-04-21 15:15:08,28.1565532684326,-17.1036396026611,"Unknown"
"5020558",378628,2026-04-21 15:20:07,28.1531600952148,-17.100887298584,"Unknown"
"5020558",378628,2026-04-21 15:25:07,28.1528358459473,-17.1005382537842,"Unknown"
"5020558",378628,2026-04-21 15:30:07,28.1522960662842,-17.100118637085,"Unknown"
"5020558",378628,2026-04-21 15:35:09,28.1518688201904,-17.0996227264404,"Unknown"
"5020558",378628,2026-04-21 15:40:07,28.1515350341797,-17.0990123748779,"Unknown"
"5020558",378628,2026-04-21 15:45:09,28.1506252288818,-17.0983238220215,"Unknown"
"5020558",378628,2026-04-21 15:50:09,28.1500930786133,-17.098165512085,"Unknown"
"5020558",378628,2026-04-21 15:55:33,28.1497173309326,-17.097864151001,"Unknown"
"5020558",378628,2026-04-21 16:00:07,28.1491870880127,-17.097541809082,"Unknown"
"5020558",378628,2026-04-21 16:05:07,28.1482620239258,-17.0968952178955,"Unknown"
"5020558",378628,2026-04-21 16:10:07,28.1471538543701,-17.0961589813232,"Unknown"
"5020558",378628,2026-04-21 16:15:07,28.1461734771729,-17.0956211090088,"Unknown"
"5020558",378628,2026-04-21 16:20:07,28.1451225280762,-17.0951633453369,"Unknown"
"5020558",378628,2026-04-21 16:25:07,28.1439037322998,-17.094575881958,"Unknown"
"5020558",378628,2026-04-21 16:30:07,28.1425533294678,-17.0939159393311,"Unknown"
"5020558",378628,2026-04-21 16:35:07,28.1410655975342,-17.0933818817139,"Unknown"
"5020558",378628,2026-04-21 16:40:07,28.1396236419678,-17.0926647186279,"Unknown"
"5020558",378628,2026-04-21 16:45:07,28.1380271911621,-17.0919570922852,"Unknown"
"5020558",378628,2026-04-21 16:50:06,28.1364727020264,-17.0914249420166,"Unknown"
"5020558",378628,2026-04-21 16:55:06,28.1348991394043,-17.0909290313721,"Unknown"
"5020558",378628,2026-04-21 17:00:07,28.1332855224609,-17.0902786254883,"Unknown"
"5020558",378628,2026-04-21 17:05:07,28.1332187652588,-17.0892887115479,"Unknown"
"5020558",378628,2026-04-21 17:10:07,28.1313552856445,-17.0885715484619,"Unknown"
"5020558",378628,2026-04-21 17:15:09,28.1279106140137,-17.0678615570068,"Unknown"
"5020558",378628,2026-04-21 17:20:06,28.1334075927734,-17.0537738800049,"Unknown"
"5020558",378628,2026-04-21 17:25:06,28.1318950653076,-17.052885055542,"Unknown"
"5020558",378628,2026-04-21 17:30:07,28.1223182678223,-17.0355434417725,"Unknown"
"5020558",378628,2026-04-21 17:35:07,28.1091461181641,-17.0023059844971,"Unknown"
"5020558",378628,2026-04-21 17:40:07,28.0987453460693,-16.9671669006348,"Unknown"
"5020558",378628,2026-04-21 17:45:08,28.0850028991699,-16.9196701049805,"Unknown"
"5020558",378628,2026-04-21 17:50:07,28.07102394104,-16.8866710662842,"Unknown"
"5020558",378628,2026-04-21 17:55:07,28.0739593505859,-16.8857860565186,"Unknown"
"5020558",378628,2026-04-21 18:20:32,28.079439163208,-16.8773422241211,"Unknown"
"5020558",378628,2026-04-21 18:25:07,28.0815677642822,-16.8768405914307,"Unknown"
"5020558",378628,2026-04-21 18:30:07,28.0823783874512,-16.8765354156494,"Unknown"
"5020558",378628,2026-04-21 18:35:06,28.0747852325439,-16.8783168792725,"Unknown"
"5020558",378628,2026-04-21 18:40:06,28.0297927856445,-16.8966026306152,"Unknown"
"5020558",378628,2026-04-21 18:45:06,27.9863262176514,-16.9205913543701,"Unknown"
"5020558",378628,2026-04-21 18:50:07,27.947380065918,-16.9445209503174,"Unknown"
"5020558",378628,2026-04-21 18:55:07,27.9102592468262,-16.9668292999268,"Unknown"
"5020558",378628,2026-04-21 19:00:07,27.8722095489502,-16.9916896820068,"Unknown"
"5020558",378628,2026-04-21 19:05:07,27.843635559082,-16.9731311798096,"Unknown"
"5020558",378628,2026-04-21 19:10:07,27.8277530670166,-16.9328994750977,"Unknown"
"5020558",378628,2026-04-21 19:15:06,27.8102760314941,-16.8976917266846,"Unknown"
"5020558",378628,2026-04-21 19:20:07,27.7920532226562,-16.8557529449463,"Unknown"
"5020558",378628,2026-04-21 19:25:07,27.7700176239014,-16.8224010467529,"Unknown"
"5020558",378628,2026-04-21 19:30:07,27.7550315856934,-16.7832641601562,"Unknown"
"5020558",378628,2026-04-21 19:35:07,27.7362079620361,-16.7520179748535,"Unknown"
"5020558",378628,2026-04-21 19:40:07,27.7193717956543,-16.713809967041,"Unknown"
"5020558",378628,2026-04-21 19:45:07,27.7058792114258,-16.6728916168213,"Unknown"
"5020558",378628,2026-04-21 19:50:07,27.6912651062012,-16.6322479248047,"Unknown"
"5020558",378628,2026-04-21 19:55:06,27.6874961853027,-16.5925788879395,"Unknown"
"5020558",378628,2026-04-21 20:00:07,27.6787567138672,-16.5590705871582,"Unknown"
"5020558",378628,2026-04-21 20:05:07,27.6705207824707,-16.5309257507324,"Unknown"
"5020558",378628,2026-04-21 20:10:06,27.6653232574463,-16.5004119873047,"Unknown"
"5020558",378628,2026-04-21 20:15:59,27.6554317474365,-16.4659271240234,"Unknown"
"5020558",378628,2026-04-21 20:21:00,27.6541328430176,-16.4381561279297,"Unknown"
"5020558",378628,2026-04-21 20:25:59,27.6548976898193,-16.4138164520264,"Unknown"
"5020558",378628,2026-04-21 20:31:01,27.6520957946777,-16.3898410797119,"Unknown"
"5020558",378628,2026-04-21 20:36:01,27.6553287506104,-16.3647575378418,"Unknown"
"5020558",378628,2026-04-21 20:40:59,27.6557235717773,-16.3400726318359,"Unknown"
"5020558",378628,2026-04-21 20:45:59,27.6509456634521,-16.318660736084,"Unknown"
"5020558",378628,2026-04-21 20:50:59,27.6413536071777,-16.2992115020752,"Unknown"
"5020558",378628,2026-04-21 20:55:59,27.6265087127686,-16.2788848876953,"Unknown"
"5020558",378628,2026-04-21 21:00:59,27.6138038635254,-16.2644309997559,"Unknown"
"5020558",378628,2026-04-21 21:07:24,27.5865688323975,-16.2406826019287,"Unknown"
"5020558",378628,2026-04-21 21:12:24,27.5689296722412,-16.218900680542,"Unknown"
"5020558",378628,2026-04-21 21:17:24,27.5498352050781,-16.1966819763184,"Unknown"
"5020558",378628,2026-04-21 21:21:51,27.5335674285889,-16.1751155853271,"Unknown"
"5020558",378628,2026-04-21 21:25:59,27.525032043457,-16.1549739837646,"Unknown"
"5020558",378628,2026-04-21 21:31:00,27.5184803009033,-16.129020690918,"Unknown"
"5020558",378628,2026-04-21 21:37:24,27.5067310333252,-16.0955924987793,"Unknown"
"5020558",378628,2026-04-21 21:42:24,27.4944362640381,-16.0716896057129,"Unknown"
"5020558",378628,2026-04-21 21:47:24,27.4829235076904,-16.0444812774658,"Unknown"
"5020558",378628,2026-04-21 21:52:24,27.468843460083,-16.0179100036621,"Unknown"
"5020558",378628,2026-04-21 21:56:27,27.4644660949707,-16.005823135376,"Unknown"
"5020558",378628,2026-04-21 22:00:59,27.4632930755615,-16.006046295166,"Unknown"
"5020558",378628,2026-04-21 22:05:59,27.4607391357422,-16.0020599365234,"Unknown"
"5020558",378628,2026-04-21 22:10:58,27.4593868255615,-15.9814891815186,"Unknown"
"5020558",378628,2026-04-21 22:15:59,27.458137512207,-15.9815073013306,"Unknown"
"5020558",378628,2026-04-21 22:20:59,27.4567756652832,-15.9815769195557,"Unknown"
"5020558",378628,2026-04-21 22:25:58,27.4554214477539,-15.9817886352539,"Unknown"
"5020558",378628,2026-04-21 22:30:58,27.4541397094727,-15.9820489883423,"Unknown"
"5020558",378628,2026-04-21 22:35:58,27.4528884887695,-15.9821882247925,"Unknown"
"5020558",378628,2026-04-21 22:40:58,27.4519805908203,-15.9811859130859,"Unknown"
"5020558",378628,2026-04-21 22:45:59,27.4510269165039,-15.9812469482422,"Unknown"
"5020558",378628,2026-04-21 22:50:59,27.4501285552979,-15.9813690185547,"Unknown"
"5020558",378628,2026-04-21 22:55:59,27.4490795135498,-15.9817161560059,"Unknown"
"5020558",378628,2026-04-21 23:00:58,27.4481182098389,-15.981990814209,"Unknown"
"5020558",378628,2026-04-21 23:05:59,27.4470748901367,-15.9824113845825,"Unknown"
"5020558",378628,2026-04-21 23:10:59,27.4461860656738,-15.9827461242676,"Unknown"
"5020558",378628,2026-04-21 23:15:59,27.44557762146,-15.98326587677,"Unknown"
"5020558",378628,2026-04-21 23:20:59,27.4449272155762,-15.9837160110474,"Unknown"
"5020558",378628,2026-04-21 23:25:59,27.4441509246826,-15.9844331741333,"Unknown"
"5020558",378628,2026-04-21 23:30:58,27.4436073303223,-15.9855833053589,"Unknown"
"5020558",378628,2026-04-21 23:35:59,27.443115234375,-15.9866514205933,"Unknown"
"5020558",378628,2026-04-21 23:40:58,27.4424362182617,-15.9875612258911,"Unknown"
"5020558",378628,2026-04-21 23:45:59,27.4418354034424,-15.9886169433594,"Unknown"
"5020558",378628,2026-04-21 23:50:59,27.4413089752197,-15.9896144866943,"Unknown"
"5020558",378628,2026-04-21 23:56:09,27.4406299591064,-15.9905261993408,"Unknown"
"5020558",378628,2026-04-22 00:01:26,27.4400386810303,-15.9916086196899,"Unknown"
"5020558",378628,2026-04-22 00:05:59,27.4395866394043,-15.992714881897,"Unknown"
"5020558",378628,2026-04-22 00:13:14,27.4387607574463,-15.9941244125366,"Unknown"
"5020558",378628,2026-04-22 00:23:14,27.4377136230469,-15.995831489563,"Unknown"
"5020558",378628,2026-04-22 00:33:14,27.4372539520264,-15.9971323013306,"Unknown"
"5020558",378628,2026-04-22 00:43:14,27.437313079834,-15.9986639022827,"Unknown"
"5020558",378628,2026-04-22 00:53:14,27.4369430541992,-16.0001621246338,"Unknown"
"5020558",378628,2026-04-22 01:03:14,27.4371185302734,-16.0020084381104,"Unknown"
"5020558",378628,2026-04-22 01:13:14,27.4358806610107,-15.9791307449341,"Unknown"
"5020558",378628,2026-04-22 01:23:16,27.4315643310547,-15.9635801315308,"Unknown"
"5020558",378628,2026-04-22 01:33:15,27.4305839538574,-15.9639177322388,"Unknown"
"5020558",378628,2026-04-22 01:43:33,27.4297275543213,-15.9659900665283,"Unknown"
"5020558",378628,2026-04-22 01:53:14,27.4075622558594,-15.9362773895264,"Unknown"
"5020558",378628,2026-04-22 02:03:13,27.3726024627686,-15.9028844833374,"Unknown"
"5020558",378628,2026-04-22 02:13:14,27.3368091583252,-15.8697719573975,"Unknown"
"5020558",378628,2026-04-22 02:23:13,27.3294925689697,-15.8663549423218,"Unknown"
"5020558",378628,2026-04-22 02:33:14,27.3282737731934,-15.8669490814209,"Unknown"
"5020558",378628,2026-04-22 02:43:15,27.3273487091064,-15.867356300354,"Unknown"
"5020558",378628,2026-04-22 02:53:15,27.3262100219727,-15.867977142334,"Unknown"
"5020558",378628,2026-04-22 03:03:13,27.3245429992676,-15.8668336868286,"Unknown"
"5020558",378628,2026-04-22 03:13:14,27.3229122161865,-15.8663349151611,"Unknown"
"5020558",378628,2026-04-22 03:23:14,27.3158645629883,-15.8488636016846,"Unknown"
"5020558",378628,2026-04-22 03:33:16,27.2978954315186,-15.8067226409912,"Unknown"
"5020558",378628,2026-04-22 03:43:15,27.299877166748,-15.7757148742676,"Unknown"
"5020558",378628,2026-04-22 03:53:18,27.2986297607422,-15.7759599685669,"Unknown"
"5020558",378628,2026-04-22 04:03:32,27.2974262237549,-15.7761993408203,"Unknown"
"5020558",378628,2026-04-22 04:13:13,27.2961330413818,-15.776556968689,"Unknown"
"5020558",378628,2026-04-22 04:23:13,27.2947521209717,-15.7771024703979,"Unknown"
"5020558",378628,2026-04-22 04:33:13,27.2935600280762,-15.7777872085571,"Unknown"
"5020558",378628,2026-04-22 04:43:13,27.2922840118408,-15.7787246704102,"Unknown"
"5020558",378628,2026-04-22 04:53:13,27.2910823822021,-15.7797374725342,"Unknown"
"5020558",378628,2026-04-22 05:03:14,27.2898044586182,-15.7807149887085,"Unknown"
"5020558",378628,2026-04-22 05:13:13,27.2886962890625,-15.7816610336304,"Unknown"
"5020558",378628,2026-04-22 05:23:14,27.2875957489014,-15.7826623916626,"Unknown"
"5020558",378628,2026-04-22 05:33:14,27.2868995666504,-15.7745800018311,"Unknown"
"5020558",378628,2026-04-22 05:43:14,27.2858009338379,-15.7320604324341,"Unknown"
"5020558",378628,2026-04-22 05:53:17,27.2827262878418,-15.7217674255371,"Unknown"
"5020558",378628,2026-04-22 06:03:13,27.2792129516602,-15.7112607955933,"Unknown"
"5020558",378628,2026-04-22 06:13:18,27.2610569000244,-15.6770639419556,"Unknown"
"5020558",378628,2026-04-22 06:24:39,27.2410850524902,-15.6344509124756,"Unknown"
"5020558",378628,2026-04-22 06:34:39,27.2168388366699,-15.5920352935791,"Unknown"
"5020558",378628,2026-04-22 06:44:39,27.1935977935791,-15.5453758239746,"Unknown"
"5020558",378628,2026-04-22 06:54:30,27.18430519104,-15.5011339187622,"Unknown"
"5020558",378628,2026-04-22 07:03:14,27.1799144744873,-15.4588527679443,"Unknown"
"5020558",378628,2026-04-22 07:13:14,27.1361522674561,-15.4208307266235,"Unknown"
"5020558",378628,2026-04-22 07:23:15,27.1255855560303,-15.4333562850952,"Unknown"
"5020558",378628,2026-04-22 07:33:16,27.1257705688477,-15.4401254653931,"Unknown"
"5020558",378628,2026-04-22 07:43:14,27.1245460510254,-15.4484052658081,"Unknown"
"5020558",378628,2026-04-22 07:53:14,27.1217803955078,-15.4537773132324,"Unknown"
"5020558",378628,2026-04-22 07:58:13,27.1216506958008,-15.4576864242554,"Unknown"
"5020558",378628,2026-04-22 08:04:02,27.1225185394287,-15.4609880447388,"Unknown"
"5020558",378628,2026-04-22 08:08:14,27.1217727661133,-15.4644746780396,"Unknown"
"5020558",378628,2026-04-22 08:15:59,27.1222553253174,-15.4696130752563,"Unknown"
"5020558",378628,2026-04-22 08:25:59,27.1226978302002,-15.4757251739502,"Unknown"
"5020558",378628,2026-04-22 08:35:59,27.1225318908691,-15.4864482879639,"Unknown"
"5020558",378628,2026-04-22 08:40:59,27.122859954834,-15.4894866943359,"Unknown"
"5020558",378628,2026-04-22 08:45:59,27.1198577880859,-15.4913520812988,"Unknown"
"5020558",378628,2026-04-22 08:50:59,27.1205310821533,-15.4957866668701,"Unknown"
"5020558",378628,2026-04-22 08:56:27,27.1197853088379,-15.5003938674927,"Unknown"
"5020558",378628,2026-04-22 09:01:00,27.1200771331787,-15.5001640319824,"Unknown"
"5020558",378628,2026-04-22 09:05:59,27.117654800415,-15.5051727294922,"Unknown"
"5020558",378628,2026-04-22 09:10:59,27.1183795928955,-15.5117387771606,"Unknown"
"5020558",378628,2026-04-22 09:15:59,27.1173057556152,-15.5169973373413,"Unknown"
"5020558",378628,2026-04-22 09:20:59,27.117826461792,-15.5258674621582,"Unknown"
"5020558",378628,2026-04-22 09:25:59,27.1172943115234,-15.532154083252,"Unknown"
"5020558",378628,2026-04-22 09:30:58,27.1191177368164,-15.539249420166,"Unknown"
"5020558",378628,2026-04-22 09:35:59,27.1121387481689,-15.5440578460693,"Unknown"
"5020558",378628,2026-04-22 09:40:58,27.1071949005127,-15.5425262451172,"Unknown"
"5020558",378628,2026-04-22 09:45:59,27.1045989990234,-15.5424098968506,"Unknown"
"5020558",378628,2026-04-22 09:50:58,27.1022491455078,-15.5410442352295,"Unknown"
"5020558",378628,2026-04-22 09:55:59,27.1031074523926,-15.5375242233276,"Unknown"
"5020558",378628,2026-04-22 10:00:59,27.1015014648438,-15.5373306274414,"Unknown"
"5020558",378628,2026-04-22 10:05:58,27.1054344177246,-15.5517616271973,"Unknown"
"5020558",378628,2026-04-22 10:10:59,27.1162509918213,-15.5809783935547,"Unknown"
"5020558",378628,2026-04-22 10:15:58,27.109842300415,-15.58420753479,"Unknown"
"5020558",378628,2026-04-22 10:20:59,27.1065883636475,-15.5884809494019,"Unknown"
"5020558",378628,2026-04-22 10:26:00,27.100528717041,-15.5855703353882,"Unknown"
"5020558",378628,2026-04-22 10:30:58,27.1025867462158,-15.5772075653076,"Unknown"
"5020558",378628,2026-04-22 10:36:00,27.1023502349854,-15.5706253051758,"Unknown"
"5020558",378628,2026-04-22 10:40:59,27.1018295288086,-15.5686101913452,"Unknown"
"5020558",378628,2026-04-22 10:46:01,27.1071491241455,-15.5645141601562,"Unknown"
"5020558",378628,2026-04-22 10:51:04,27.105339050293,-15.558051109314,"Unknown"
"5020558",378628,2026-04-22 10:56:01,27.1033935546875,-15.5548133850098,"Unknown"
"5020558",378628,2026-04-22 11:01:05,27.1009197235107,-15.5490102767944,"Unknown"
"5020558",378628,2026-04-22 11:06:51,27.0997982025146,-15.5422534942627,"Unknown"
"5020558",378628,2026-04-22 11:10:59,27.0974025726318,-15.5413274765015,"Unknown"
"5020558",378628,2026-04-22 11:15:59,27.097448348999,-15.5419158935547,"Unknown"
"5020558",378628,2026-04-22 11:21:00,27.0879020690918,-15.530535697937,"Unknown"
"5020558",378628,2026-04-22 11:26:00,27.0803070068359,-15.5161371231079,"Unknown"
"5020558",378628,2026-04-22 11:31:01,27.0790462493896,-15.515115737915,"Unknown"
"5020558",378628,2026-04-22 11:35:59,27.0790863037109,-15.5159034729004,"Unknown"
"5020558",378628,2026-04-22 11:41:01,27.0724754333496,-15.5106897354126,"Unknown"
"5020558",378628,2026-04-22 11:45:59,27.0576248168945,-15.486252784729,"Unknown"
"5020558",378628,2026-04-22 11:51:01,27.0504150390625,-15.4632835388184,"Unknown"
"5020558",378628,2026-04-22 11:55:59,27.0453491210938,-15.4401197433472,"Unknown"
"5020558",378628,2026-04-22 12:02:24,27.0391063690186,-15.4165668487549,"Unknown"
"5020558",378628,2026-04-22 12:07:24,27.0336837768555,-15.3877153396606,"Unknown"
"5020558",378628,2026-04-22 12:16:33,27.015308380127,-15.3397588729858,"Unknown"
"5020558",378628,2026-04-22 12:21:00,26.9987487792969,-15.3191661834717,"Unknown"
"5020558",378628,2026-04-22 12:25:59,26.9855995178223,-15.306131362915,"Unknown"
"5020558",378628,2026-04-22 12:31:01,26.9686222076416,-15.2923851013184,"Unknown"
"5020558",378628,2026-04-22 12:36:00,26.9534206390381,-15.2748250961304,"Unknown"
"5020558",378628,2026-04-22 12:41:03,26.9400100708008,-15.2594814300537,"Unknown"
"5020558",378628,2026-04-22 12:46:01,26.9150161743164,-15.2417449951172,"Unknown"
"5020558",378628,2026-04-22 12:51:02,26.8887214660645,-15.226749420166,"Unknown"
"5020558",378628,2026-04-22 12:56:00,26.8625926971436,-15.209508895874,"Unknown"
"5020558",378628,2026-04-22 13:01:00,26.8382015228271,-15.1943769454956,"Unknown"
"5020558",378628,2026-04-22 13:05:58,26.8178901672363,-15.1778936386108,"Unknown"
"5020558",378628,2026-04-22 13:10:59,26.7889633178711,-15.1674365997314,"Unknown"
"5020558",378628,2026-04-22 13:16:24,26.7646350860596,-15.1505098342896,"Unknown"
"5020558",378628,2026-04-22 13:21:01,26.7625331878662,-15.1473474502563,"Unknown"
"5020558",378628,2026-04-22 13:26:01,26.7427291870117,-15.1279153823853,"Unknown"
"5020558",378628,2026-04-22 13:30:59,26.7208213806152,-15.1144037246704,"Unknown"
"5020558",378628,2026-04-22 13:35:58,26.7207622528076,-15.1141414642334,"Unknown"
"5020558",378628,2026-04-22 13:40:58,26.7191486358643,-15.1132354736328,"Unknown"
"5020558",378628,2026-04-22 13:45:59,26.7184047698975,-15.119535446167,"Unknown"
"5020558",378628,2026-04-22 13:51:00,26.717752456665,-15.1228914260864,"Unknown"
"5020558",378628,2026-04-22 13:55:59,26.7178363800049,-15.1240978240967,"Unknown"
"5020558",378628,2026-04-22 14:01:57,26.7122478485107,-15.1276998519897,"Unknown"
"5020558",378628,2026-04-22 14:05:59,26.7110767364502,-15.1312017440796,"Unknown"
"5020558",378628,2026-04-22 14:10:59,26.7118434906006,-15.1336784362793,"Unknown"
"5020558",378628,2026-04-22 14:15:59,26.7121696472168,-15.1350011825562,"Unknown"
"5020558",378628,2026-04-22 14:20:59,26.7124557495117,-15.139328956604,"Unknown"
"5020558",378628,2026-04-22 14:25:59,26.7129573822021,-15.1431045532227,"Unknown"
"5020558",378628,2026-04-22 14:30:58,26.711597442627,-15.1466693878174,"Unknown"
"5020558",378628,2026-04-22 14:36:01,26.7105369567871,-15.1499300003052,"Unknown"
"5020558",378628,2026-04-22 14:41:01,26.7176742553711,-15.1596260070801,"Unknown"
"5020558",378628,2026-04-22 14:46:02,26.7200241088867,-15.1647033691406,"Unknown"
"5020558",378628,2026-04-22 14:51:02,26.7209396362305,-15.1675004959106,"Unknown"
"5020558",378628,2026-04-22 14:56:01,26.721212387085,-15.1690435409546,"Unknown"
"5020558",378628,2026-04-22 15:01:01,26.7216720581055,-15.1703872680664,"Unknown"
"5020558",378628,2026-04-22 15:06:05,26.7221946716309,-15.171760559082,"Unknown"
"5020558",378628,2026-04-22 15:11:02,26.7227268218994,-15.173038482666,"Unknown"
"5020558",378628,2026-04-22 15:16:00,26.7233047485352,-15.1743097305298,"Unknown"
"5020558",378628,2026-04-22 15:21:33,26.7240428924561,-15.1757555007935,"Unknown"
"5020558",378628,2026-04-22 15:25:59,26.724666595459,-15.1767683029175,"Unknown"
"5020558",378628,2026-04-22 15:30:59,26.7254505157471,-15.1779489517212,"Unknown"
"5020558",378628,2026-04-22 15:35:59,26.7252044677734,-15.1790895462036,"Unknown"
"5020558",378628,2026-04-22 15:40:59,26.7022399902344,-15.1563262939453,"Unknown"
"5020558",378628,2026-04-22 15:46:02,26.6912117004395,-15.1462278366089,"Unknown"
"5020558",378628,2026-04-22 15:50:58,26.6917724609375,-15.1479177474976,"Unknown"
"5020558",378628,2026-04-22 15:55:59,26.6924934387207,-15.1487503051758,"Unknown"
"5020558",378628,2026-04-22 16:00:58,26.693115234375,-15.1494197845459,"Unknown"
"5020558",378628,2026-04-22 16:05:59,26.6937713623047,-15.150336265564,"Unknown"
"5020558",378628,2026-04-22 16:15:57,26.6951961517334,-15.151930809021,"Unknown"
"5020558",378628,2026-04-22 16:20:57,26.6915378570557,-15.1497116088867,"Unknown"
"5020558",378628,2026-04-22 16:25:56,26.6930637359619,-15.1548089981079,"Unknown"
"5020558",378628,2026-04-22 16:30:57,26.692892074585,-15.1598215103149,"Unknown"
"5020558",378628,2026-04-22 16:35:58,26.6935920715332,-15.160436630249,"Unknown"
"5020558",378628,2026-04-22 16:40:56,26.6878032684326,-15.1547985076904,"Unknown"
"5020558",378628,2026-04-22 16:45:56,26.664852142334,-15.1298046112061,"Unknown"
"5020558",378628,2026-04-22 16:50:58,26.6457958221436,-15.102222442627,"Unknown"
"5020558",378628,2026-04-22 16:55:57,26.6244735717773,-15.0756454467773,"Unknown"
"5020558",378628,2026-04-22 17:00:57,26.6046905517578,-15.0484752655029,"Unknown"
"5020558",378628,2026-04-22 17:05:57,26.5813274383545,-15.0220460891724,"Unknown"
"5020558",378628,2026-04-22 17:10:56,26.5526885986328,-15.0000648498535,"Unknown"
"5020558",378628,2026-04-22 17:15:56,26.52858543396,-15.0014657974243,"Unknown"
"5020558",378628,2026-04-22 17:20:56,26.5060081481934,-14.9784460067749,"Unknown"
"5020558",378628,2026-04-22 17:25:57,26.4805355072021,-14.9558124542236,"Unknown"
"5020558",378628,2026-04-22 17:30:57,26.467866897583,-14.9432935714722,"Unknown"
"5020558",378628,2026-04-22 17:35:58,26.4412364959717,-14.9245538711548,"Unknown"
"5020558",378628,2026-04-22 17:40:57,26.4402351379395,-14.9275331497192,"Unknown"
"5020558",378628,2026-04-22 17:45:58,26.4397659301758,-14.9233150482178,"Unknown"
"5020558",378628,2026-04-22 17:51:00,26.4372234344482,-14.9179420471191,"Unknown"
"5020558",378628,2026-04-22 17:55:57,26.415979385376,-14.8951988220215,"Unknown"
"5020558",378628,2026-04-22 18:01:46,26.400318145752,-14.9019060134888,"Unknown"
"5020558",378628,2026-04-22 18:05:56,26.4014930725098,-14.9021425247192,"Unknown"
"5020558",378628,2026-04-22 18:10:59,26.3964710235596,-14.9113874435425,"Unknown"
"5020558",378628,2026-04-22 18:15:59,26.3943920135498,-14.9128170013428,"Unknown"
"5020558",378628,2026-04-22 18:21:27,26.3659191131592,-14.902304649353,"Unknown"
"5020558",378628,2026-04-22 18:25:59,26.346305847168,-14.8872365951538,"Unknown"
"5020558",378628,2026-04-22 18:30:58,26.3133678436279,-14.867488861084,"Unknown"
"5020558",378628,2026-04-22 18:35:57,26.2787017822266,-14.8455104827881,"Unknown"
"5020558",378628,2026-04-22 18:41:01,26.2591590881348,-14.8213558197021,"Unknown"
"5020558",378628,2026-04-22 18:46:02,26.2381896972656,-14.7871084213257,"Unknown"
"5020558",378628,2026-04-22 18:52:23,26.2237339019775,-14.7433729171753,"Unknown"
"5020558",378628,2026-04-22 18:57:23,26.2150974273682,-14.705587387085,"Unknown"
"5020558",378628,2026-04-22 19:02:23,26.1977844238281,-14.6730337142944,"Unknown"
"5020558",378628,2026-04-22 19:06:17,26.1968154907227,-14.6734800338745,"Unknown"
"5020558",378628,2026-04-22 19:10:57,26.1913261413574,-14.6685009002686,"Unknown"
"5020558",378628,2026-04-22 19:15:57,26.1902866363525,-14.6695785522461,"Unknown"
"5020558",378628,2026-04-22 19:21:00,26.1888332366943,-14.6706037521362,"Unknown"
"5020558",378628,2026-04-22 19:25:56,26.1875743865967,-14.6717500686646,"Unknown"
"5020558",378628,2026-04-22 19:30:56,26.1832847595215,-14.6721630096436,"Unknown"
"5020558",378628,2026-04-22 19:36:01,26.1820316314697,-14.6734399795532,"Unknown"
"5020558",378628,2026-04-22 19:40:56,26.1808109283447,-14.6746063232422,"Unknown"
"5020558",378628,2026-04-22 19:46:01,26.1795444488525,-14.6755619049072,"Unknown"
"5020558",378628,2026-04-22 19:50:56,26.1782474517822,-14.6763534545898,"Unknown"
"5020558",378628,2026-04-22 19:56:00,26.1769409179688,-14.6772184371948,"Unknown"
"5020558",378628,2026-04-22 20:00:59,26.1756401062012,-14.6780462265015,"Unknown"
"5020558",378628,2026-04-22 20:06:03,26.1743469238281,-14.6789960861206,"Unknown"
"5020558",378628,2026-04-22 20:16:02,26.1716842651367,-14.6806373596191,"Unknown"
"5020558",378628,2026-04-22 20:20:57,26.1703777313232,-14.6814765930176,"Unknown"
"5020558",378628,2026-04-22 20:26:00,26.1689529418945,-14.6822891235352,"Unknown"
"5020558",378628,2026-04-22 20:31:01,26.1674880981445,-14.6830291748047,"Unknown"
"5020558",378628,2026-04-22 20:36:01,26.1659965515137,-14.6837482452393,"Unknown"
"5020558",378628,2026-04-22 20:41:00,26.164478302002,-14.6844024658203,"Unknown"
"5020558",378628,2026-04-22 20:45:59,26.1626071929932,-14.6850872039795,"Unknown"
"5020558",378628,2026-04-22 20:51:00,26.1606006622314,-14.6858415603638,"Unknown"
"5020558",378628,2026-04-22 20:55:59,26.1587162017822,-14.6865644454956,"Unknown"
"5020558",378628,2026-04-22 21:01:26,26.1566581726074,-14.6873369216919,"Unknown"
"5020558",378628,2026-04-22 21:05:58,26.1550025939941,-14.6880741119385,"Unknown"
"5020558",378628,2026-04-22 21:10:58,26.1532516479492,-14.6888885498047,"Unknown"
"5020558",378628,2026-04-22 21:15:58,26.1514873504639,-14.6896266937256,"Unknown"
"5020558",378628,2026-04-22 21:20:58,26.1499767303467,-14.690411567688,"Unknown"
"5020558",378628,2026-04-22 21:25:59,26.148307800293,-14.6911869049072,"Unknown"
"5020558",378628,2026-04-22 21:30:58,26.1466846466064,-14.6920900344849,"Unknown"
"5020558",378628,2026-04-22 21:35:58,26.145227432251,-14.6929597854614,"Unknown"
"5020558",378628,2026-04-22 21:40:58,26.1438140869141,-14.6939029693604,"Unknown"
"5020558",378628,2026-04-22 21:45:59,26.1424732208252,-14.6948947906494,"Unknown"
"5020558",378628,2026-04-22 21:50:58,26.1411151885986,-14.6958312988281,"Unknown"
"5020558",378628,2026-04-22 21:55:59,26.1397476196289,-14.6967859268188,"Unknown"
"5020558",378628,2026-04-22 22:00:59,26.138427734375,-14.6977853775024,"Unknown"
"5020558",378628,2026-04-22 22:05:59,26.1371459960938,-14.6988067626953,"Unknown"
"5020558",378628,2026-04-22 22:10:59,26.1358470916748,-14.6999282836914,"Unknown"
"5020558",378628,2026-04-22 22:15:59,26.1345920562744,-14.7011165618896,"Unknown"
"5020558",378628,2026-04-22 22:20:59,26.1332855224609,-14.7022666931152,"Unknown"
"5020558",378628,2026-04-22 22:25:59,26.1320056915283,-14.7032642364502,"Unknown"
"5020558",378628,2026-04-22 22:30:59,26.1308059692383,-14.7042608261108,"Unknown"
"5020558",378628,2026-04-22 22:35:59,26.1296081542969,-14.7053337097168,"Unknown"
"5020558",378628,2026-04-22 22:40:59,26.1283721923828,-14.7065162658691,"Unknown"
"5020558",378628,2026-04-22 22:45:59,26.1271495819092,-14.7075958251953,"Unknown"
"5020558",378628,2026-04-22 22:50:59,26.1258773803711,-14.7086944580078,"Unknown"
"5020558",378628,2026-04-22 22:55:58,26.1245822906494,-14.7097063064575,"Unknown"
"5020558",378628,2026-04-22 23:00:58,26.1232414245605,-14.7107553482056,"Unknown"
"5020558",378628,2026-04-22 23:05:58,26.1219615936279,-14.7118043899536,"Unknown"
"5020558",378628,2026-04-22 23:10:58,26.1206855773926,-14.7127733230591,"Unknown"
"5020558",378628,2026-04-22 23:15:59,26.1193962097168,-14.7136707305908,"Unknown"
"5020558",378628,2026-04-22 23:20:59,26.1180953979492,-14.7136526107788,"Unknown"
"5020558",378628,2026-04-22 23:25:58,26.1168403625488,-14.7145090103149,"Unknown"
"5020558",378628,2026-04-22 23:30:59,26.1156101226807,-14.7154197692871,"Unknown"
"5020558",378628,2026-04-22 23:35:59,26.1144065856934,-14.7162647247314,"Unknown"
"5020558",378628,2026-04-22 23:41:01,26.1131248474121,-14.7171058654785,"Unknown"
"5020558",378628,2026-04-22 23:46:02,26.1116809844971,-14.7161312103271,"Unknown"
"5020558",378628,2026-04-22 23:51:02,26.110668182373,-14.7174024581909,"Unknown"
"5020558",378628,2026-04-22 23:56:02,26.1097221374512,-14.7186546325684,"Unknown"
"5020558",378628,2026-04-23 00:01:46,26.1109561920166,-14.7237873077393,"Unknown"
"5020558",378628,2026-04-23 00:06:02,26.11012840271,-14.7249565124512,"Unknown"
"5020558",378628,2026-04-23 00:11:03,26.1131706237793,-14.7294454574585,"Unknown"
"5020558",378628,2026-04-23 00:16:02,26.1201820373535,-14.7342195510864,"Unknown"
"5020558",378628,2026-04-23 00:21:09,26.1188716888428,-14.7356357574463,"Unknown"
"5020558",378628,2026-04-23 00:26:02,26.1175498962402,-14.7368650436401,"Unknown"
"5020558",378628,2026-04-23 00:31:07,26.1161766052246,-14.7380666732788,"Unknown"
"5020558",378628,2026-04-23 00:36:09,26.1148738861084,-14.7393169403076,"Unknown"
"5020558",378628,2026-04-23 00:41:07,26.1136245727539,-14.7406339645386,"Unknown"
"5020558",378628,2026-04-23 00:46:02,26.1123542785645,-14.7419958114624,"Unknown"
"5020558",378628,2026-04-23 00:51:02,26.1111373901367,-14.7432632446289,"Unknown"
"5020558",378628,2026-04-23 00:56:02,26.1099300384521,-14.7446098327637,"Unknown"
"5020558",378628,2026-04-23 01:01:02,26.1087455749512,-14.7459106445312,"Unknown"
"5020558",378628,2026-04-23 01:06:02,26.1075477600098,-14.7472801208496,"Unknown"
"5020558",378628,2026-04-23 01:11:02,26.106294631958,-14.7485122680664,"Unknown"
"5020558",378628,2026-04-23 01:16:03,26.1049823760986,-14.7496929168701,"Unknown"
"5020558",378628,2026-04-23 01:21:02,26.1036624908447,-14.7508306503296,"Unknown"
"5020558",378628,2026-04-23 01:26:03,26.1024303436279,-14.7519865036011,"Unknown"
"5020558",378628,2026-04-23 01:31:33,26.1010112762451,-14.7533330917358,"Unknown"
"5020558",378628,2026-04-23 01:36:03,26.0998477935791,-14.7543916702271,"Unknown"
"5020558",378628,2026-04-23 01:41:03,26.0985889434814,-14.7556371688843,"Unknown"
"5020558",378628,2026-04-23 01:46:03,26.0973129272461,-14.7567644119263,"Unknown"
"5020558",378628,2026-04-23 01:51:03,26.096061706543,-14.7578859329224,"Unknown"
"5020558",378628,2026-04-23 01:56:03,26.0948371887207,-14.7590713500977,"Unknown"
"5020558",378628,2026-04-23 02:01:03,26.0936603546143,-14.7604036331177,"Unknown"
"5020558",378628,2026-04-23 02:06:03,26.0924301147461,-14.7617444992065,"Unknown"
"5020558",378628,2026-04-23 02:11:03,26.0915126800537,-14.7623138427734,"Unknown"
"5020558",378628,2026-04-23 02:16:03,26.0902538299561,-14.7633657455444,"Unknown"
"5020558",378628,2026-04-23 02:21:03,26.0889930725098,-14.7645606994629,"Unknown"
"5020558",378628,2026-04-23 02:26:03,26.0877895355225,-14.7657833099365,"Unknown"
"5020558",378628,2026-04-23 02:31:03,26.0867919921875,-14.7671957015991,"Unknown"
"5020558",378628,2026-04-23 02:36:03,26.0855827331543,-14.7683401107788,"Unknown"
"5020558",378628,2026-04-23 02:41:03,26.0843887329102,-14.7695655822754,"Unknown"
"5020558",378628,2026-04-23 02:46:03,26.0831832885742,-14.7707271575928,"Unknown"
"5020558",378628,2026-04-23 02:51:03,26.0819931030273,-14.7718868255615,"Unknown"
"5020558",378628,2026-04-23 02:56:03,26.0808162689209,-14.7730798721313,"Unknown"
"5020558",378628,2026-04-23 03:01:03,26.0796432495117,-14.774242401123,"Unknown"
"5020558",378628,2026-04-23 03:06:03,26.0785331726074,-14.775465965271,"Unknown"
"5020558",378628,2026-04-23 03:11:03,26.0774211883545,-14.7766466140747,"Unknown"
"5020558",378628,2026-04-23 03:16:03,26.0762672424316,-14.7777900695801,"Unknown"
"5020558",378628,2026-04-23 03:21:03,26.0751342773438,-14.7790012359619,"Unknown"
"5020558",378628,2026-04-23 03:26:03,26.0740089416504,-14.779993057251,"Unknown"
"5020558",378628,2026-04-23 03:31:03,26.0728569030762,-14.7809762954712,"Unknown"
"5020558",378628,2026-04-23 03:36:03,26.0716800689697,-14.7819032669067,"Unknown"
"5020558",378628,2026-04-23 03:41:03,26.0704288482666,-14.7827844619751,"Unknown"
"5020558",378628,2026-04-23 03:46:03,26.069185256958,-14.7837190628052,"Unknown"
"5020558",378628,2026-04-23 03:51:03,26.068000793457,-14.7847356796265,"Unknown"
"5020558",378628,2026-04-23 03:56:03,26.0668830871582,-14.7856979370117,"Unknown"
"5020558",378628,2026-04-23 04:01:32,26.0657596588135,-14.7866840362549,"Unknown"
"5020558",378628,2026-04-23 04:06:03,26.0648326873779,-14.7873058319092,"Unknown"
"5020558",378628,2026-04-23 04:15:59,26.0620174407959,-14.7885332107544,"Unknown"
"5020558",378628,2026-04-23 04:25:58,26.0591602325439,-14.7892274856567,"Unknown"
"5020558",378628,2026-04-23 04:35:59,26.0559921264648,-14.7900590896606,"Unknown"
"5020558",378628,2026-04-23 04:45:59,26.053092956543,-14.7907857894897,"Unknown"
"5020558",378628,2026-04-23 04:55:58,26.0500411987305,-14.7912120819092,"Unknown"
"5020558",378628,2026-04-23 05:05:59,26.047119140625,-14.7916040420532,"Unknown"
"5020558",378628,2026-04-23 05:15:59,26.0444622039795,-14.7918004989624,"Unknown"
"5020558",378628,2026-04-23 05:25:59,26.0422954559326,-14.7916173934937,"Unknown"
"5020558",378628,2026-04-23 05:36:00,26.0402584075928,-14.7915334701538,"Unknown"
"5020558",378628,2026-04-23 05:45:59,26.0381755828857,-14.7910175323486,"Unknown"
"5020558",378628,2026-04-23 05:56:01,26.0374126434326,-14.788782119751,"Unknown"
"5020558",378628,2026-04-23 06:06:00,26.0287685394287,-14.8245134353638,"Unknown"
"5020558",378628,2026-04-23 06:17:24,26.0390472412109,-14.8587312698364,"Unknown"
"5020558",378628,2026-04-23 06:27:24,26.0661716461182,-14.9110555648804,"Unknown"
"5020558",378628,2026-04-23 06:37:24,26.1013965606689,-14.9444799423218,"Unknown"
"5020558",378628,2026-04-23 07:26:27,26.1017837524414,-14.8111562728882,"Unknown"
"5020558",378628,2026-04-23 07:36:01,26.0969486236572,-14.8074417114258,"Unknown"
"5020558",378628,2026-04-23 07:45:58,26.0950870513916,-14.8106746673584,"Unknown"
"5020558",378628,2026-04-23 07:55:59,26.0932502746582,-14.813943862915,"Unknown"
"5020558",378628,2026-04-23 08:01:27,26.0922374725342,-14.8157577514648,"Unknown"
"5020558",378628,2026-04-23 08:06:00,26.0914478302002,-14.8171825408936,"Unknown"
"5020558",378628,2026-04-23 08:15:58,26.0896911621094,-14.8204231262207,"Unknown"
"5020558",378628,2026-04-23 08:26:01,26.087984085083,-14.8237600326538,"Unknown"
"5020558",378628,2026-04-23 08:31:27,26.087085723877,-14.825535774231,"Unknown"
"5020558",378628,2026-04-23 08:35:59,26.0863571166992,-14.8270111083984,"Unknown"
"5020558",378628,2026-04-23 08:40:59,26.085578918457,-14.8286619186401,"Unknown"
"5020558",378628,2026-04-23 08:45:59,26.0848350524902,-14.8303079605103,"Unknown"
"5020558",378628,2026-04-23 08:50:59,26.0840587615967,-14.8317584991455,"Unknown"
"5020558",378628,2026-04-23 08:55:59,26.0848598480225,-14.8316612243652,"Unknown"
"5020558",378628,2026-04-23 09:00:58,26.1062641143799,-14.8302707672119,"Unknown"
"5020558",378628,2026-04-23 09:05:59,26.1072998046875,-14.8325843811035,"Unknown"
"5020558",378628,2026-04-23 09:10:59,26.1068267822266,-14.8340492248535,"Unknown"
"5020558",378628,2026-04-23 09:15:59,26.1065235137939,-14.8355703353882,"Unknown"
"5020558",378628,2026-04-23 09:20:59,26.1060581207275,-14.8369331359863,"Unknown"
"5020558",378628,2026-04-23 09:25:59,26.1056632995605,-14.8383932113647,"Unknown"
"5020558",378628,2026-04-23 09:30:58,26.1052112579346,-14.8400316238403,"Unknown"
"5020558",378628,2026-04-23 09:35:59,26.1049327850342,-14.8415365219116,"Unknown"
"5020558",378628,2026-04-23 09:40:58,26.1045475006104,-14.8429489135742,"Unknown"
"5020558",378628,2026-04-23 09:45:58,26.1043090820312,-14.8442888259888,"Unknown"
"5020558",378628,2026-04-23 09:50:59,26.104154586792,-14.8456363677979,"Unknown"
"5020558",378628,2026-04-23 09:55:59,26.1038761138916,-14.8470487594604,"Unknown"
"5020558",378628,2026-04-23 10:00:58,26.1035099029541,-14.8483619689941,"Unknown"
"5020558",378628,2026-04-23 10:05:59,26.1031112670898,-14.8496627807617,"Unknown"
"5020558",378628,2026-04-23 10:11:01,26.1029205322266,-14.8510427474976,"Unknown"
"5020558",378628,2026-04-23 10:16:01,26.1027069091797,-14.8521890640259,"Unknown"
"5020558",378628,2026-04-23 10:20:59,26.1101512908936,-14.8316278457642,"Unknown"
"5020558",378628,2026-04-23 10:26:01,26.1119709014893,-14.8282413482666,"Unknown"
"5020558",378628,2026-04-23 10:31:01,26.1116771697998,-14.8296337127686,"Unknown"
"5020558",378628,2026-04-23 10:36:00,26.1113872528076,-14.8309965133667,"Unknown"
"5020558",378628,2026-04-23 10:41:03,26.1111316680908,-14.8323068618774,"Unknown"
"5020558",378628,2026-04-23 10:46:02,26.110954284668,-14.8338661193848,"Unknown"
"5020558",378628,2026-04-23 10:51:00,26.11083984375,-14.8353242874146,"Unknown"
"5020558",378628,2026-04-23 10:56:04,26.1106090545654,-14.8367872238159,"Unknown"
"5020558",378628,2026-04-23 11:01:27,26.1104316711426,-14.8383779525757,"Unknown"
"5020558",378628,2026-04-23 11:05:59,26.1102256774902,-14.8396768569946,"Unknown"
"5020558",378628,2026-04-23 11:10:59,26.1100006103516,-14.8409900665283,"Unknown"
"5020558",378628,2026-04-23 11:15:59,26.1097717285156,-14.8423023223877,"Unknown"
"5020558",378628,2026-04-23 11:20:59,26.1094913482666,-14.8435144424438,"Unknown"
"5020558",378628,2026-04-23 11:25:59,26.1092338562012,-14.844744682312,"Unknown"
"5020558",378628,2026-04-23 11:30:59,26.1089420318604,-14.8459997177124,"Unknown"
"5020558",378628,2026-04-23 11:35:59,26.1086330413818,-14.8471965789795,"Unknown"
"5020558",378628,2026-04-23 11:40:59,26.1083068847656,-14.8484172821045,"Unknown"
"5020558",378628,2026-04-23 11:45:59,26.1080646514893,-14.8496761322021,"Unknown"
"5020558",378628,2026-04-23 11:51:00,26.107873916626,-14.8509273529053,"Unknown"
"5020558",378628,2026-04-23 11:55:59,26.1077556610107,-14.852144241333,"Unknown"
"5020558",378628,2026-04-23 12:01:01,26.1075572967529,-14.8533096313477,"Unknown"
"5020558",378628,2026-04-23 12:05:59,26.1073818206787,-14.8544502258301,"Unknown"
"5020558",378628,2026-04-23 12:16:01,26.1070899963379,-14.8569307327271,"Unknown"
"5020558",378628,2026-04-23 12:20:59,26.1069164276123,-14.8581809997559,"Unknown"
"5020558",378628,2026-04-23 12:25:59,26.1067428588867,-14.8594083786011,"Unknown"
"5020558",378628,2026-04-23 12:31:01,26.1064567565918,-14.8607177734375,"Unknown"
"5020558",378628,2026-04-23 12:36:02,26.1063499450684,-14.8620796203613,"Unknown"
"5020558",378628,2026-04-23 12:40:59,26.1060905456543,-14.8632917404175,"Unknown"
"5020558",378628,2026-04-23 12:45:59,26.105655670166,-14.8645486831665,"Unknown"
"5020558",378628,2026-04-23 12:50:59,26.1045303344727,-14.8656139373779,"Unknown"
"5020558",378628,2026-04-23 12:56:00,26.1042385101318,-14.8641223907471,"Unknown"
"5020558",378628,2026-04-23 13:01:00,26.1228218078613,-14.862530708313,"Unknown"
"5020558",378628,2026-04-23 13:06:01,26.124303817749,-14.8610715866089,"Unknown"
"5020558",378628,2026-04-23 13:11:02,26.1233062744141,-14.8620100021362,"Unknown"
"5020558",378628,2026-04-23 13:15:59,26.1225986480713,-14.8626594543457,"Unknown"
"5020558",378628,2026-04-23 13:21:01,26.1215724945068,-14.8633708953857,"Unknown"
"5020558",378628,2026-04-23 13:26:01,26.1205539703369,-14.8641567230225,"Unknown"
"5020558",378628,2026-04-23 13:31:02,26.1198062896729,-14.8650188446045,"Unknown"
"5020558",378628,2026-04-23 13:36:03,26.1188659667969,-14.8658542633057,"Unknown"
"5020558",378628,2026-04-23 13:41:27,26.1177024841309,-14.8667945861816,"Unknown"
"5020558",378628,2026-04-23 13:45:59,26.116870880127,-14.8675565719604,"Unknown"
"5020558",378628,2026-04-23 13:51:00,26.11594581604,-14.8684005737305,"Unknown"
"5020558",378628,2026-04-23 13:55:59,26.1149826049805,-14.8691644668579,"Unknown"
"5020558",378628,2026-04-23 14:01:27,26.1141300201416,-14.8702707290649,"Unknown"
"5020558",378628,2026-04-23 14:05:59,26.1134033203125,-14.8712120056152,"Unknown"
"5020558",378628,2026-04-23 14:11:02,26.1125793457031,-14.8722286224365,"Unknown"
"5020558",378628,2026-04-23 14:16:01,26.111852645874,-14.873384475708,"Unknown"
"5020558",378628,2026-04-23 14:21:01,26.1111583709717,-14.8745555877686,"Unknown"
"5020558",378628,2026-04-23 14:26:02,26.1103916168213,-14.8755302429199,"Unknown"
"5020558",378628,2026-04-23 14:31:47,26.1273975372314,-14.8674049377441,"Unknown"
"5020558",378628,2026-04-23 14:36:03,26.1476440429688,-14.8731880187988,"Unknown"
"5020558",378628,2026-04-23 14:40:59,26.1449794769287,-14.8845224380493,"Unknown"
"5020558",378628,2026-04-23 14:46:03,26.1506156921387,-14.877477645874,"Unknown"
"5020558",378628,2026-04-23 14:50:58,26.1587829589844,-14.8672008514404,"Unknown"
"5020558",378628,2026-04-23 14:56:01,26.1747913360596,-14.9002923965454,"Unknown"
"5020558",378628,2026-04-23 15:01:03,26.1762466430664,-14.9190740585327,"Unknown"
"5020558",378628,2026-04-23 15:06:02,26.1743488311768,-14.90696144104,"Unknown"
"5020558",378628,2026-04-23 15:11:02,26.1741943359375,-14.9080295562744,"Unknown"
"5020558",378628,2026-04-23 15:16:02,26.1741828918457,-14.9091157913208,"Unknown"
"5020558",378628,2026-04-23 15:21:04,26.1743240356445,-14.910270690918,"Unknown"
"5020558",378628,2026-04-23 15:26:07,26.1745834350586,-14.9113655090332,"Unknown"
"5020558",378628,2026-04-23 15:31:10,26.1745796203613,-14.9124164581299,"Unknown"
"5020558",378628,2026-04-23 15:36:02,26.1746044158936,-14.9134817123413,"Unknown"
"5020558",378628,2026-04-23 15:41:33,26.1747741699219,-14.9147319793701,"Unknown"
"5020558",378628,2026-04-23 15:45:59,26.1748924255371,-14.9156866073608,"Unknown"
"5020558",378628,2026-04-23 15:50:59,26.1641120910645,-14.9163360595703,"Unknown"
"5020558",378628,2026-04-23 15:55:59,26.1616096496582,-14.915584564209,"Unknown"
"5020558",378628,2026-04-23 16:00:58,26.1522521972656,-14.9147214889526,"Unknown"
"5020558",378628,2026-04-23 16:05:59,26.1522159576416,-14.9155921936035,"Unknown"
"5020558",378628,2026-04-23 16:15:57,26.1491565704346,-14.9054021835327,"Unknown"
"5020558",378628,2026-04-23 16:20:57,26.1493186950684,-14.9064683914185,"Unknown"
"5020558",378628,2026-04-23 16:25:57,26.1492786407471,-14.9075145721436,"Unknown"
"5020558",378628,2026-04-23 16:30:57,26.1509456634521,-14.8987598419189,"Unknown"
"5020558",378628,2026-04-23 16:35:57,26.1521835327148,-14.8971662521362,"Unknown"
"5020558",378628,2026-04-23 16:40:57,26.1520957946777,-14.8981895446777,"Unknown"
"5020558",378628,2026-04-23 16:45:57,26.1546688079834,-14.9011154174805,"Unknown"
"5020558",378628,2026-04-23 16:50:57,26.1549549102783,-14.9026851654053,"Unknown"
"5020558",378628,2026-04-23 16:55:57,26.1548957824707,-14.9045467376709,"Unknown"
"5020558",378628,2026-04-23 17:00:58,26.1548500061035,-14.906044960022,"Unknown"
"5020558",378628,2026-04-23 17:05:57,26.1547355651855,-14.9075155258179,"Unknown"
"5020558",378628,2026-04-23 17:10:58,26.1559104919434,-14.9083623886108,"Unknown"
"5020558",378628,2026-04-23 17:15:57,26.1558437347412,-14.9096059799194,"Unknown"
"5020558",378628,2026-04-23 17:20:58,26.1556777954102,-14.9107103347778,"Unknown"
"5020558",378628,2026-04-23 17:25:57,26.1555118560791,-14.9117574691772,"Unknown"
"5020558",378628,2026-04-23 17:30:58,26.1554641723633,-14.9127283096313,"Unknown"
"5020558",378628,2026-04-23 17:35:59,26.1553840637207,-14.9138593673706,"Unknown"
"5020558",378628,2026-04-23 17:41:01,26.1552963256836,-14.9148635864258,"Unknown"
"5020558",378628,2026-04-23 17:45:58,26.1551990509033,-14.9158277511597,"Unknown"
"5020558",378628,2026-04-23 17:50:59,26.1550788879395,-14.9168510437012,"Unknown"
"5020558",378628,2026-04-23 17:55:58,26.1548404693604,-14.9179658889771,"Unknown"
"5020558",378628,2026-04-23 18:01:33,26.1544208526611,-14.9192895889282,"Unknown"
"5020558",378628,2026-04-23 18:05:58,26.1543674468994,-14.920220375061,"Unknown"
"5020558",378628,2026-04-23 18:10:57,26.1542320251465,-14.9211931228638,"Unknown"
"5020558",378628,2026-04-23 18:15:57,26.1541481018066,-14.9219760894775,"Unknown"
"5020558",378628,2026-04-23 18:20:58,26.1541156768799,-14.9228944778442,"Unknown"
"5020558",378628,2026-04-23 18:25:58,26.1540184020996,-14.9237203598022,"Unknown"
"5020558",378628,2026-04-23 18:30:58,26.1331977844238,-14.9205436706543,"Unknown"
"5020558",378628,2026-04-23 18:35:57,26.1255950927734,-14.8922386169434,"Unknown"
"5020558",378628,2026-04-23 18:40:59,26.1308994293213,-14.8623170852661,"Unknown"
"5020558",378628,2026-04-23 18:45:58,26.1246223449707,-14.83189868927,"Unknown"
"5020558",378628,2026-04-23 18:50:58,26.1143360137939,-14.8030557632446,"Unknown"
"5020558",378628,2026-04-23 18:55:58,26.1044063568115,-14.7815980911255,"Unknown"
"5020558",378628,2026-04-23 19:00:58,26.1031703948975,-14.7827196121216,"Unknown"
"5020558",378628,2026-04-23 19:05:58,26.1019859313965,-14.7839069366455,"Unknown"
"5020558",378628,2026-04-23 19:10:58,26.100757598877,-14.7850723266602,"Unknown"
"5020558",378628,2026-04-23 19:15:58,26.0994853973389,-14.7860984802246,"Unknown"
"5020558",378628,2026-04-23 19:20:59,26.0883445739746,-14.7582216262817,"Unknown"
"5020558",378628,2026-04-23 19:25:57,26.085880279541,-14.7561101913452,"Unknown"
"5020558",378628,2026-04-23 19:30:58,26.0845737457275,-14.757134437561,"Unknown"
"5020558",378628,2026-04-23 19:35:58,26.0829391479492,-14.7574186325073,"Unknown"
"5020558",378628,2026-04-23 19:40:58,26.0817203521729,-14.7583990097046,"Unknown"
"5020558",378628,2026-04-23 19:45:58,26.082612991333,-14.7447662353516,"Unknown"
"5020558",378628,2026-04-23 19:50:57,26.0822105407715,-14.7411136627197,"Unknown"
"5020558",378628,2026-04-23 19:55:58,26.080867767334,-14.7418823242188,"Unknown"
"5020558",378628,2026-04-23 20:00:58,26.0796165466309,-14.7427177429199,"Unknown"
"5020558",378628,2026-04-23 20:05:58,26.0784091949463,-14.7435646057129,"Unknown"
"5020558",378628,2026-04-23 20:16:01,26.0758991241455,-14.7455072402954,"Unknown"
"5020558",378628,2026-04-23 20:20:58,26.0746879577637,-14.7464256286621,"Unknown"
"5020558",378628,2026-04-23 20:25:58,26.0740451812744,-14.7465534210205,"Unknown"
"5020558",378628,2026-04-23 20:30:58,26.0728282928467,-14.7476491928101,"Unknown"
"5020558",378628,2026-04-23 20:35:58,26.0716323852539,-14.7487392425537,"Unknown"
"5020558",378628,2026-04-23 20:40:58,26.070499420166,-14.7499074935913,"Unknown"
"5020558",378628,2026-04-23 20:45:59,26.0693302154541,-14.7510547637939,"Unknown"
"5020558",378628,2026-04-23 20:51:00,26.0682106018066,-14.752236366272,"Unknown"
"5020558",378628,2026-04-23 20:55:58,26.0670700073242,-14.753475189209,"Unknown"
"5020558",378628,2026-04-23 21:01:27,26.0657958984375,-14.7548761367798,"Unknown"
"5020558",378628,2026-04-23 21:05:59,26.0646572113037,-14.7560815811157,"Unknown"
"5020558",378628,2026-04-23 21:10:58,26.0633335113525,-14.7573022842407,"Unknown"
"5020558",378628,2026-04-23 21:15:59,26.0620536804199,-14.7586460113525,"Unknown"
"5020558",378628,2026-04-23 21:20:59,26.06081199646,-14.7600412368774,"Unknown"
"5020558",378628,2026-04-23 21:25:59,26.0595245361328,-14.761284828186,"Unknown"
"5020558",378628,2026-04-23 21:30:59,26.0582294464111,-14.7626085281372,"Unknown"
"5020558",378628,2026-04-23 21:35:59,26.0569705963135,-14.7640523910522,"Unknown"
"5020558",378628,2026-04-23 21:40:59,26.0557308197021,-14.7655229568481,"Unknown"
"5020558",378628,2026-04-23 21:45:58,26.0543594360352,-14.7667226791382,"Unknown"
"5020558",378628,2026-04-23 21:50:58,26.0529098510742,-14.7677936553955,"Unknown"
"5020558",378628,2026-04-23 21:55:58,26.0513744354248,-14.768913269043,"Unknown"
"5020558",378628,2026-04-23 22:01:00,26.0498638153076,-14.7699384689331,"Unknown"
"5020558",378628,2026-04-23 22:05:59,26.0484657287598,-14.7711238861084,"Unknown"
"5020558",378628,2026-04-23 22:11:00,26.0470924377441,-14.7722806930542,"Unknown"
"5020558",378628,2026-04-23 22:16:01,26.0457363128662,-14.7734603881836,"Unknown"
"5020558",378628,2026-04-23 22:21:00,26.044361114502,-14.7746753692627,"Unknown"
"5020558",378628,2026-04-23 22:25:59,26.0425510406494,-14.7749490737915,"Unknown"
"5020558",378628,2026-04-23 22:30:59,26.0412063598633,-14.7763500213623,"Unknown"
"5020558",378628,2026-04-23 22:36:00,26.0397834777832,-14.7775459289551,"Unknown"
"5020558",378628,2026-04-23 22:40:59,26.0383358001709,-14.7786359786987,"Unknown"
"5020558",378628,2026-04-23 22:45:59,26.0367984771729,-14.7796230316162,"Unknown"
"5020558",378628,2026-04-23 22:50:59,26.0353031158447,-14.7804498672485,"Unknown"
"5020558",378628,2026-04-23 22:55:59,26.0337886810303,-14.7813549041748,"Unknown"
"5020558",378628,2026-04-23 23:00:59,26.0323276519775,-14.7822294235229,"Unknown"
"5020558",378628,2026-04-23 23:06:01,26.030876159668,-14.7831535339355,"Unknown"
"5020558",378628,2026-04-23 23:11:00,26.0294342041016,-14.7840709686279,"Unknown"
"5020558",378628,2026-04-23 23:16:00,26.0280513763428,-14.7850503921509,"Unknown"
"5020558",378628,2026-04-23 23:21:00,26.026647567749,-14.785961151123,"Unknown"
"5020558",378628,2026-04-23 23:26:01,26.0251922607422,-14.7868070602417,"Unknown"
"5020558",378628,2026-04-23 23:31:03,26.023811340332,-14.7875642776489,"Unknown"
"5020558",378628,2026-04-23 23:36:00,26.0223426818848,-14.7884969711304,"Unknown"
"5020558",378628,2026-04-23 23:41:01,26.0208320617676,-14.789400100708,"Unknown"
"5020558",378628,2026-04-23 23:46:09,26.0192642211914,-14.7901048660278,"Unknown"
"5020558",378628,2026-04-23 23:51:19,26.0176887512207,-14.7909851074219,"Unknown"
"5020558",378628,2026-04-23 23:56:01,26.0162830352783,-14.7918367385864,"Unknown"
"5020558",378628,2026-04-24 00:01:26,26.0147514343262,-14.7927675247192,"Unknown"
"5020558",378628,2026-04-24 00:05:58,26.0134906768799,-14.7935609817505,"Unknown"
"5020558",378628,2026-04-24 00:15:58,26.0106887817383,-14.7952194213867,"Unknown"
"5020558",378628,2026-04-24 00:25:58,26.0078754425049,-14.7970790863037,"Unknown"
"5020558",378628,2026-04-24 00:30:58,26.006519317627,-14.7982110977173,"Unknown"
"5020558",378628,2026-04-24 00:35:58,26.0051212310791,-14.7992658615112,"Unknown"
"5020558",378628,2026-04-24 00:40:58,26.0037384033203,-14.8003225326538,"Unknown"
"5020558",378628,2026-04-24 00:45:58,26.0022926330566,-14.8012981414795,"Unknown"
"5020558",378628,2026-04-24 00:50:58,26.0008239746094,-14.802227973938,"Unknown"
"5020558",378628,2026-04-24 00:55:58,25.9994106292725,-14.8031826019287,"Unknown"
"5020558",378628,2026-04-24 01:00:58,25.9979400634766,-14.8041000366211,"Unknown"
"5020558",378628,2026-04-24 01:05:58,25.9964160919189,-14.8048810958862,"Unknown"
"5020558",378628,2026-04-24 01:10:58,25.9948577880859,-14.8055143356323,"Unknown"
"5020558",378628,2026-04-24 01:15:58,25.9932842254639,-14.8062009811401,"Unknown"
"5020558",378628,2026-04-24 01:20:58,25.9917850494385,-14.8070793151855,"Unknown"
"5020558",378628,2026-04-24 01:25:58,25.9902648925781,-14.8079519271851,"Unknown"
"5020558",378628,2026-04-24 01:30:59,25.9887561798096,-14.8087377548218,"Unknown"
"5020558",378628,2026-04-24 01:40:58,25.9857501983643,-14.8102951049805,"Unknown"
"5020558",378628,2026-04-24 01:51:02,25.9828968048096,-14.8118095397949,"Unknown"
"5020558",378628,2026-04-24 01:55:58,25.9815711975098,-14.8126230239868,"Unknown"
"5020558",378628,2026-04-24 02:05:58,25.9788684844971,-14.8141918182373,"Unknown"
"5020558",378628,2026-04-24 02:10:58,25.9775314331055,-14.8148765563965,"Unknown"
"5020558",378628,2026-04-24 02:15:58,25.9761295318604,-14.815523147583,"Unknown"
"5020558",378628,2026-04-24 02:25:58,25.9734725952148,-14.8171405792236,"Unknown"
"5020558",378628,2026-04-24 02:36:00,25.970817565918,-14.8185930252075,"Unknown"
"5020558",378628,2026-04-24 02:45:58,25.9681034088135,-14.8201332092285,"Unknown"
"5020558",378628,2026-04-24 02:55:59,25.9654769897461,-14.8215751647949,"Unknown"
"5020558",378628,2026-04-24 03:05:59,25.9627895355225,-14.8228740692139,"Unknown"
"5020558",378628,2026-04-24 03:15:59,25.9601573944092,-14.824239730835,"Unknown"
"5020558",378628,2026-04-24 03:26:00,25.9575347900391,-14.8256340026855,"Unknown"
"5020558",378628,2026-04-24 03:36:17,25.9548301696777,-14.827091217041,"Unknown"
"5020558",378628,2026-04-24 03:45:59,25.952169418335,-14.8285188674927,"Unknown"
"5020558",378628,2026-04-24 03:56:27,25.9494190216064,-14.8301687240601,"Unknown"
"5020558",378628,2026-04-24 04:05:58,25.9469337463379,-14.8316488265991,"Unknown"
"5020558",378628,2026-04-24 04:15:58,25.9444370269775,-14.8332328796387,"Unknown"
"5020558",378628,2026-04-24 04:25:58,25.9417057037354,-14.8347053527832,"Unknown"
"5020558",378628,2026-04-24 04:35:59,25.9390563964844,-14.8363780975342,"Unknown"
"5020558",378628,2026-04-24 04:45:59,25.9364604949951,-14.8380069732666,"Unknown"
"5020558",378628,2026-04-24 04:55:59,25.9336338043213,-14.8394689559937,"Unknown"
"5020558",378628,2026-04-24 05:05:59,25.9309349060059,-14.8411121368408,"Unknown"
"5020558",378628,2026-04-24 05:16:00,25.9284839630127,-14.8427677154541,"Unknown"
"5020558",378628,2026-04-24 05:25:59,25.9261837005615,-14.8453330993652,"Unknown"
"5020558",378628,2026-04-24 05:35:59,25.9242382049561,-14.8473272323608,"Unknown"
"5020558",378628,2026-04-24 05:46:01,25.9217739105225,-14.8439798355103,"Unknown"
"5020558",378628,2026-04-24 05:56:01,25.9397239685059,-14.8317947387695,"Unknown"
"5020558",378628,2026-04-24 06:27:24,25.9772129058838,-14.8584604263306,"Unknown"
"5020558",378628,2026-04-24 06:36:00,25.9801864624023,-14.8540287017822,"Unknown"
"5020558",378628,2026-04-24 06:45:58,25.9784049987793,-14.8639230728149,"Unknown"
"5020558",378628,2026-04-24 06:55:59,25.9796409606934,-14.8672552108765,"Unknown"
"5020558",378628,2026-04-24 07:06:02,25.9352531433105,-14.8723411560059,"Unknown"
"5020558",378628,2026-04-24 07:16:01,25.8938503265381,-14.8635396957397,"Unknown"
"5020558",378628,2026-04-24 07:26:59,25.887186050415,-14.8696317672729,"Unknown"
"5020558",378628,2026-04-24 07:36:01,25.8816604614258,-14.8778886795044,"Unknown"
"5020558",378628,2026-04-24 07:47:24,25.8883991241455,-14.9398565292358,"Unknown"
"5020558",378628,2026-04-24 07:57:24,25.9100036621094,-15.0029401779175,"Unknown"
"5020558",378628,2026-04-24 08:37:24,25.9855766296387,-15.1487264633179,"Unknown"
"5020558",378628,2026-04-24 08:45:59,25.9872016906738,-15.14084815979,"Unknown"
"5020558",378628,2026-04-24 08:55:59,25.9880390167236,-15.1354646682739,"Unknown"
"5020558",378628,2026-04-24 09:00:58,25.987133026123,-15.1361446380615,"Unknown"
"5020558",378628,2026-04-24 09:05:59,25.9861831665039,-15.1367101669312,"Unknown"
"5020558",378628,2026-04-24 09:10:59,25.9811744689941,-15.1283674240112,"Unknown"
"5020558",378628,2026-04-24 09:15:59,25.9779243469238,-15.1248292922974,"Unknown"
"5020558",378628,2026-04-24 09:20:59,25.9746208190918,-15.1241874694824,"Unknown"
"5020558",378628,2026-04-24 09:25:59,25.9736595153809,-15.1246652603149,"Unknown"
"5020558",378628,2026-04-24 09:30:59,25.9726943969727,-15.1251392364502,"Unknown"
"5020558",378628,2026-04-24 09:35:59,25.9717330932617,-15.1255922317505,"Unknown"
"5020558",378628,2026-04-24 09:40:59,25.9757709503174,-15.1312713623047,"Unknown"
"5020558",378628,2026-04-24 09:46:00,25.9750537872314,-15.1318950653076,"Unknown"
"5020558",378628,2026-04-24 09:51:00,25.9742050170898,-15.1325998306274,"Unknown"
"5020558",378628,2026-04-24 09:56:01,25.9733467102051,-15.1333742141724,"Unknown"
"5020558",378628,2026-04-24 10:02:24,25.9714889526367,-15.1452503204346,"Unknown"
"5020558",378628,2026-04-24 10:07:17,25.9583930969238,-15.1568393707275,"Unknown"
"5020558",378628,2026-04-24 10:11:01,25.9575271606445,-15.1573696136475,"Unknown"
"5020558",378628,2026-04-24 10:16:00,25.9564170837402,-15.1581945419312,"Unknown"
"5020558",378628,2026-04-24 10:21:05,25.9552173614502,-15.1591958999634,"Unknown"
"5020558",378628,2026-04-24 10:25:59,25.9539985656738,-15.1600284576416,"Unknown"
"5020558",378628,2026-04-24 10:31:01,25.9528942108154,-15.1609134674072,"Unknown"
"5020558",378628,2026-04-24 10:36:01,25.9517440795898,-15.1618404388428,"Unknown"
"5020558",378628,2026-04-24 10:41:00,25.9505958557129,-15.1627988815308,"Unknown"
"5020558",378628,2026-04-24 10:46:27,25.9494705200195,-15.1636924743652,"Unknown"
"5020558",378628,2026-04-24 10:50:59,25.94850730896,-15.1644878387451,"Unknown"
"5020558",378628,2026-04-24 10:55:58,25.9304981231689,-15.1716938018799,"Unknown"
"5020558",378628,2026-04-24 11:00:59,25.9294815063477,-15.1727437973022,"Unknown"
"5020558",378628,2026-04-24 11:05:59,25.9287853240967,-15.1737985610962,"Unknown"
"5020558",378628,2026-04-24 11:10:58,25.9286003112793,-15.1755981445312,"Unknown"
"5020558",378628,2026-04-24 11:15:59,25.9276714324951,-15.1767463684082,"Unknown"
"5020558",378628,2026-04-24 11:20:59,25.9267749786377,-15.1779146194458,"Unknown"
"5020558",378628,2026-04-24 11:25:59,25.9245872497559,-15.1781854629517,"Unknown"
"5020558",378628,2026-04-24 11:30:59,25.9209613800049,-15.177191734314,"Unknown"
"5020558",378628,2026-04-24 11:35:59,25.9201030731201,-15.178409576416,"Unknown"
"5020558",378628,2026-04-24 11:41:01,25.9192333221436,-15.1797332763672,"Unknown"
"5020558",378628,2026-04-24 11:45:59,25.9183387756348,-15.180944442749,"Unknown"
"5020558",378628,2026-04-24 11:50:59,25.9172630310059,-15.1819801330566,"Unknown"
"5020558",378628,2026-04-24 11:56:01,25.9161624908447,-15.1828966140747,"Unknown"
"5020558",378628,2026-04-24 12:00:59,25.9150085449219,-15.1837644577026,"Unknown"
"5020558",378628,2026-04-24 12:05:59,25.9137840270996,-15.1845560073853,"Unknown"
"5020558",378628,2026-04-24 12:15:59,25.9115428924561,-15.1865091323853,"Unknown"
"5020558",378628,2026-04-24 12:20:59,25.910457611084,-15.1876039505005,"Unknown"
"5020558",378628,2026-04-24 12:25:59,25.9094619750977,-15.1886920928955,"Unknown"
"5020558",378628,2026-04-24 12:30:59,25.9085655212402,-15.1896715164185,"Unknown"
"5020558",378628,2026-04-24 12:36:00,25.8944034576416,-15.178731918335,"Unknown"
"5020558",378628,2026-04-24 12:41:01,25.8922252655029,-15.1857385635376,"Unknown"
"5020558",378628,2026-04-24 12:45:58,25.8911800384521,-15.1882495880127,"Unknown"
"5020558",378628,2026-04-24 12:50:59,25.8944835662842,-15.198187828064,"Unknown"
"5020558",378628,2026-04-24 12:55:59,25.8981304168701,-15.2027320861816,"Unknown"
"5020558",378628,2026-04-24 13:01:00,25.8975982666016,-15.2037725448608,"Unknown"
"5020558",378628,2026-04-24 13:05:59,25.8970050811768,-15.2048244476318,"Unknown"
"5020558",378628,2026-04-24 13:10:58,25.8993759155273,-15.2065057754517,"Unknown"
"5020558",378628,2026-04-24 13:16:01,25.9051284790039,-15.20725440979,"Unknown"
"5020558",378628,2026-04-24 13:21:04,25.9083442687988,-15.2091722488403,"Unknown"
"5020558",378628,2026-04-24 13:26:02,25.9172897338867,-15.208420753479,"Unknown"
"5020558",378628,2026-04-24 13:31:00,25.9215507507324,-15.2084455490112,"Unknown"
"5020558",378628,2026-04-24 13:36:17,25.920955657959,-15.2095165252686,"Unknown"
"5020558",378628,2026-04-24 13:41:17,25.9218788146973,-15.2082071304321,"Unknown"
"5020558",378628,2026-04-24 13:46:00,25.9213180541992,-15.2092580795288,"Unknown"
"5020558",378628,2026-04-24 13:50:58,25.9205513000488,-15.2104616165161,"Unknown"
"5020558",378628,2026-04-24 13:56:01,25.9240703582764,-15.2099056243896,"Unknown"
"5020558",378628,2026-04-24 14:01:00,25.9353008270264,-15.205641746521,"Unknown"
"5020558",378628,2026-04-24 14:06:27,25.9344539642334,-15.2067852020264,"Unknown"
"5020558",378628,2026-04-24 14:10:57,25.93381690979,-15.2075939178467,"Unknown"
"5020558",378628,2026-04-24 14:15:57,25.932975769043,-15.2084808349609,"Unknown"
"5020558",378628,2026-04-24 14:20:57,25.9312915802002,-15.2122507095337,"Unknown"
"5020558",378628,2026-04-24 14:25:57,25.9458351135254,-15.2229490280151,"Unknown"
"5020558",378628,2026-04-24 14:30:58,25.9526233673096,-15.2396354675293,"Unknown"
"5020558",378628,2026-04-24 14:35:57,25.9591178894043,-15.2712707519531,"Unknown"
"5020558",378628,2026-04-24 14:41:00,25.9682655334473,-15.3078022003174,"Unknown"
"5020558",378628,2026-04-24 14:45:57,25.9800624847412,-15.3434782028198,"Unknown"
"5020558",378628,2026-04-24 14:50:57,25.9898872375488,-15.3696565628052,"Unknown"
"5020558",378628,2026-04-24 14:56:00,26.0056304931641,-15.3981094360352,"Unknown"
"5020558",378628,2026-04-24 15:01:00,26.0203075408936,-15.4315395355225,"Unknown"
"5020558",378628,2026-04-24 15:06:00,26.0352478027344,-15.4647989273071,"Unknown"
"5020558",378628,2026-04-24 15:10:57,26.0499629974365,-15.4942789077759,"Unknown"
"5020558",378628,2026-04-24 15:15:59,26.062650680542,-15.5181102752686,"Unknown"
"5020558",378628,2026-04-24 15:21:03,26.0779647827148,-15.552074432373,"Unknown"
"5020558",378628,2026-04-24 15:25:58,26.0933380126953,-15.584903717041,"Unknown"
"5020558",378628,2026-04-24 15:30:58,26.108283996582,-15.6125831604004,"Unknown"
"5020558",378628,2026-04-24 15:35:59,26.1260433197021,-15.6433992385864,"Unknown"
"5020558",378628,2026-04-24 15:41:00,26.1453800201416,-15.6716480255127,"Unknown"
"5020558",378628,2026-04-24 15:45:59,26.1626930236816,-15.6984386444092,"Unknown"
"5020558",378628,2026-04-24 15:50:59,26.1813354492188,-15.7289733886719,"Unknown"
"5020558",378628,2026-04-24 15:56:00,26.2025051116943,-15.7568836212158,"Unknown"
"5020558",378628,2026-04-24 16:00:58,26.2229347229004,-15.7850742340088,"Unknown"
"5020558",378628,2026-04-24 16:05:57,26.2334060668945,-15.8009796142578,"Unknown"
"5020558",378628,2026-04-24 16:15:59,26.2735137939453,-15.8579587936401,"Unknown"
"5020558",378628,2026-04-24 16:20:58,26.2887058258057,-15.8881149291992,"Unknown"
"5020558",378628,2026-04-24 16:26:01,26.3065605163574,-15.9129772186279,"Unknown"
"5020558",378628,2026-04-24 16:30:59,26.3209705352783,-15.9328165054321,"Unknown"
"5020558",378628,2026-04-24 16:36:00,26.3382892608643,-15.9657983779907,"Unknown"
"5020558",378628,2026-04-24 16:40:58,26.3522644042969,-15.9980163574219,"Unknown"
"5020558",378628,2026-04-24 16:46:00,26.352331161499,-16.0183162689209,"Unknown"
"5020558",378628,2026-04-24 16:51:04,26.3542938232422,-16.0206241607666,"Unknown"
"5020558",378628,2026-04-24 16:55:59,26.3565254211426,-16.0203971862793,"Unknown"
"5020558",378628,2026-04-24 17:01:54,26.3584365844727,-16.0199966430664,"Unknown"
"5020558",378628,2026-04-24 17:06:47,26.3582553863525,-16.0205612182617,"Unknown"
"5020558",378628,2026-04-24 17:11:00,26.3649044036865,-16.0349445343018,"Unknown"
"5020558",378628,2026-04-24 17:16:01,26.3798141479492,-16.0473003387451,"Unknown"
"5020558",378628,2026-04-24 17:20:59,26.392786026001,-16.074592590332,"Unknown"
"5020558",378628,2026-04-24 17:26:00,26.4068164825439,-16.1078243255615,"Unknown"
"5020558",378628,2026-04-24 17:31:00,26.4206085205078,-16.136697769165,"Unknown"
"5020558",378628,2026-04-24 17:37:24,26.4419593811035,-16.1701736450195,"Unknown"
"5020558",378628,2026-04-24 17:51:57,26.4919090270996,-16.2424964904785,"Unknown"
"5020558",378628,2026-04-24 17:55:58,26.5053958892822,-16.2566947937012,"Unknown"
"5020558",378628,2026-04-24 18:17:03,26.5636730194092,-16.2121429443359,"Unknown"
"5020558",378628,2026-04-24 18:20:58,26.561595916748,-16.206615447998,"Unknown"
"5020558",378628,2026-04-24 18:25:58,26.5592002868652,-16.1999473571777,"Unknown"
"5020558",378628,2026-04-24 18:30:58,26.5565395355225,-16.195291519165,"Unknown"
"5020558",378628,2026-04-24 18:35:58,26.5472984313965,-16.161584854126,"Unknown"
"5020558",378628,2026-04-24 18:40:59,26.5404663085938,-16.1240901947021,"Unknown"
"5020558",378628,2026-04-24 18:45:58,26.5300178527832,-16.0839958190918,"Unknown"
"5020558",378628,2026-04-24 18:50:59,26.5213432312012,-16.0447425842285,"Unknown"
"5020558",378628,2026-04-24 18:55:58,26.5082664489746,-16.0054702758789,"Unknown"
"5020558",378628,2026-04-24 19:00:59,26.4924945831299,-15.9697523117065,"Unknown"
"5020558",378628,2026-04-24 19:05:59,26.482551574707,-15.9400777816772,"Unknown"
"5020558",378628,2026-04-24 19:10:59,26.4684715270996,-15.9094705581665,"Unknown"
"5020558",378628,2026-04-24 19:16:00,26.4571590423584,-15.8793897628784,"Unknown"
"5020558",378628,2026-04-24 19:21:00,26.4403285980225,-15.8451271057129,"Unknown"
"5020558",378628,2026-04-24 19:25:59,26.4241199493408,-15.811315536499,"Unknown"
"5020558",378628,2026-04-24 19:30:59,26.403787612915,-15.7796077728271,"Unknown"
"5020558",378628,2026-04-24 19:35:59,26.3855648040771,-15.7490901947021,"Unknown"
"5020558",378628,2026-04-24 19:40:59,26.3673763275146,-15.717698097229,"Unknown"
"5020558",378628,2026-04-24 19:46:00,26.347375869751,-15.6857414245605,"Unknown"
"5020558",378628,2026-04-24 19:51:00,26.3296756744385,-15.6538829803467,"Unknown"
"5020558",378628,2026-04-24 19:56:00,26.3123779296875,-15.6227321624756,"Unknown"
"5020558",378628,2026-04-24 20:01:01,26.293212890625,-15.5915174484253,"Unknown"
"5020558",378628,2026-04-24 20:06:00,26.2780208587646,-15.5621013641357,"Unknown"
"5020558",378628,2026-04-24 20:15:59,26.2418098449707,-15.5050563812256,"Unknown"
"5020558",378628,2026-04-24 20:21:01,26.2279891967773,-15.4757127761841,"Unknown"
"5020558",378628,2026-04-24 20:26:02,26.2148208618164,-15.4455556869507,"Unknown"
"5020558",378628,2026-04-24 20:31:00,26.2020797729492,-15.41579246521,"Unknown"
"5020558",378628,2026-04-24 20:36:00,26.1888961791992,-15.3853759765625,"Unknown"
"5020558",378628,2026-04-24 20:40:59,26.173849105835,-15.3552837371826,"Unknown"
"5020558",378628,2026-04-24 20:45:59,26.1624317169189,-15.3250970840454,"Unknown"
"5020558",378628,2026-04-24 20:51:03,26.1505260467529,-15.2942752838135,"Unknown"
"5020558",378628,2026-04-24 20:57:24,26.1368942260742,-15.257435798645,"Unknown"
"5020558",378628,2026-04-24 22:06:32,26.0257339477539,-14.8628644943237,"Unknown"
"5020558",378628,2026-04-24 22:16:00,26.0203704833984,-14.8561973571777,"Unknown"
"5020558",378628,2026-04-24 22:25:58,26.0099620819092,-14.8272485733032,"Unknown"
"5020558",378628,2026-04-24 22:35:58,26.006254196167,-14.8312273025513,"Unknown"
"5020558",378628,2026-04-24 22:45:58,26.0026435852051,-14.835057258606,"Unknown"
"5020558",378628,2026-04-24 22:55:58,25.9988288879395,-14.8389530181885,"Unknown"
"5020558",378628,2026-04-24 23:05:58,25.9948043823242,-14.8426532745361,"Unknown"
"5020558",378628,2026-04-24 23:15:58,25.9816970825195,-14.8028802871704,"Unknown"
"5020558",378628,2026-04-24 23:26:00,25.9722537994385,-14.7927923202515,"Unknown"
"5020558",378628,2026-04-24 23:36:05,25.9686603546143,-14.795690536499,"Unknown"
"5020558",378628,2026-04-24 23:46:00,25.96116065979,-14.7824516296387,"Unknown"
"5020558",378628,2026-04-24 23:56:00,25.9583644866943,-14.7841682434082,"Unknown"
"5020558",378628,2026-04-25 00:05:59,25.9550933837891,-14.7858572006226,"Unknown"
"5020558",378628,2026-04-25 00:16:27,25.9515724182129,-14.7878952026367,"Unknown"
"5020558",378628,2026-04-25 00:25:59,25.9483757019043,-14.7898044586182,"Unknown"
"5020558",378628,2026-04-25 00:35:59,25.9454917907715,-14.7922534942627,"Unknown"
"5020558",378628,2026-04-25 00:45:58,25.9424686431885,-14.7945604324341,"Unknown"
"5020558",378628,2026-04-25 00:55:59,25.9393901824951,-14.7967643737793,"Unknown"
"5020558",378628,2026-04-25 01:05:59,25.9362163543701,-14.7988872528076,"Unknown"
"5020558",378628,2026-04-25 01:15:58,25.9328269958496,-14.8008098602295,"Unknown"
"5020558",378628,2026-04-25 01:25:59,25.9294395446777,-14.8027420043945,"Unknown"
"5020558",378628,2026-04-25 01:36:00,25.9260787963867,-14.8046064376831,"Unknown"
"5020558",378628,2026-04-25 01:46:01,25.9227142333984,-14.8064765930176,"Unknown"
"5020558",378628,2026-04-25 01:56:27,25.9183177947998,-14.808648109436,"Unknown"
"5020558",378628,2026-04-25 02:05:58,25.9154071807861,-14.8111600875854,"Unknown"
"5020558",378628,2026-04-25 02:15:59,25.9120903015137,-14.813624382019,"Unknown"
"5020558",378628,2026-04-25 02:25:58,25.909158706665,-14.8162097930908,"Unknown"
"5020558",378628,2026-04-25 02:35:58,25.9064521789551,-14.8187780380249,"Unknown"
"5020558",378628,2026-04-25 02:45:58,25.9037456512451,-14.8213996887207,"Unknown"
"5020558",378628,2026-04-25 02:55:58,25.9011859893799,-14.8240394592285,"Unknown"
"5020558",378628,2026-04-25 03:05:58,25.8986759185791,-14.8264360427856,"Unknown"
"5020558",378628,2026-04-25 03:15:58,25.8961601257324,-14.8287878036499,"Unknown"
"5020558",378628,2026-04-25 03:25:58,25.8938083648682,-14.8311882019043,"Unknown"
"5020558",378628,2026-04-25 03:35:59,25.8912334442139,-14.8335361480713,"Unknown"
"5020558",378628,2026-04-25 03:46:02,25.8889713287354,-14.8358840942383,"Unknown"
"5020558",378628,2026-04-25 03:56:27,25.886547088623,-14.8383445739746,"Unknown"
"5020558",378628,2026-04-25 04:05:58,25.8843193054199,-14.8405504226685,"Unknown"
"5020558",378628,2026-04-25 04:15:58,25.8819446563721,-14.8428974151611,"Unknown"
"5020558",378628,2026-04-25 04:35:58,25.8778114318848,-14.8478021621704,"Unknown"
"5020558",378628,2026-04-25 04:55:59,25.8735179901123,-14.8524312973022,"Unknown"
"5020558",378628,2026-04-25 05:15:58,25.8690433502197,-14.8566560745239,"Unknown"
"5020558",378628,2026-04-25 05:36:01,25.8648853302002,-14.8606309890747,"Unknown"
"5020558",378628,2026-04-25 05:55:59,25.8824291229248,-14.8133716583252,"Unknown"
"5020558",378628,2026-04-25 06:16:33,25.9067611694336,-14.8161363601685,"Unknown"
"5020558",378628,2026-04-25 06:35:58,25.9036979675293,-14.8117170333862,"Unknown"
"5020558",378628,2026-04-25 06:55:58,25.8973083496094,-14.8278760910034,"Unknown"
"5020558",378628,2026-04-25 07:15:58,25.9177894592285,-14.8239488601685,"Unknown"
"5020558",378628,2026-04-25 07:25:58,25.949031829834,-14.8388547897339,"Unknown"
"5020558",378628,2026-04-25 07:35:58,25.9470634460449,-14.8507013320923,"Unknown"
"5020558",378628,2026-04-25 07:45:59,25.9443912506104,-14.8514547348022,"Unknown"
"5020558",378628,2026-04-25 07:56:01,25.9517211914062,-14.859091758728,"Unknown"
"5020558",378628,2026-04-25 08:06:06,25.9528007507324,-14.8632307052612,"Unknown"
"5020558",378628,2026-04-25 08:16:07,25.9506282806396,-14.8659381866455,"Unknown"
"5020558",378628,2026-04-25 08:26:00,25.9477157592773,-14.8684787750244,"Unknown"
"5020558",378628,2026-04-25 08:36:27,25.9447154998779,-14.8735294342041,"Unknown"
"5020558",378628,2026-04-25 08:46:00,25.9419727325439,-14.8758888244629,"Unknown"
"5020558",378628,2026-04-25 08:56:00,25.9392795562744,-14.8783712387085,"Unknown"
"5020558",378628,2026-04-25 09:01:00,25.9378757476807,-14.8796300888062,"Unknown"
"5020558",378628,2026-04-25 09:05:59,25.9365310668945,-14.8809013366699,"Unknown"
"5020558",378628,2026-04-25 09:10:58,25.935115814209,-14.8821783065796,"Unknown"
"5020558",378628,2026-04-25 09:15:58,25.9337482452393,-14.8834819793701,"Unknown"
"5020558",378628,2026-04-25 09:20:58,25.932430267334,-14.8847751617432,"Unknown"
"5020558",378628,2026-04-25 09:25:59,25.9310989379883,-14.8860368728638,"Unknown"
"5020558",378628,2026-04-25 09:31:00,25.9297294616699,-14.8872785568237,"Unknown"
"5020558",378628,2026-04-25 09:35:59,25.9283638000488,-14.8885297775269,"Unknown"
"5020558",378628,2026-04-25 09:40:59,25.9270935058594,-14.8898334503174,"Unknown"
"5020558",378628,2026-04-25 09:46:01,25.9257946014404,-14.8911418914795,"Unknown"
"5020558",378628,2026-04-25 09:50:59,25.9243240356445,-14.8923778533936,"Unknown"
"5020558",378628,2026-04-25 09:56:01,25.9229354858398,-14.8936719894409,"Unknown"
"5020558",378628,2026-04-25 10:01:27,25.9214649200439,-14.8950672149658,"Unknown"
"5020558",378628,2026-04-25 10:05:59,25.9202194213867,-14.8963212966919,"Unknown"
"5020558",378628,2026-04-25 10:10:58,25.9200668334961,-14.9009141921997,"Unknown"
"5020558",378628,2026-04-25 10:15:59,25.9230651855469,-14.9141073226929,"Unknown"
"5020558",378628,2026-04-25 10:20:59,25.9222297668457,-14.9168510437012,"Unknown"
"5020558",378628,2026-04-25 10:25:59,25.9206714630127,-14.9182815551758,"Unknown"
"5020558",378628,2026-04-25 10:31:00,25.9190979003906,-14.9197874069214,"Unknown"
"5020558",378628,2026-04-25 10:35:59,25.9175968170166,-14.9213600158691,"Unknown"
"5020558",378628,2026-04-25 10:40:58,25.916072845459,-14.9228610992432,"Unknown"
"5020558",378628,2026-04-25 10:45:58,25.9146728515625,-14.9243907928467,"Unknown"
"5020558",378628,2026-04-25 10:50:59,25.9132213592529,-14.9258527755737,"Unknown"
"5020558",378628,2026-04-25 10:55:59,25.9117660522461,-14.9273662567139,"Unknown"
"5020558",378628,2026-04-25 11:01:01,25.910228729248,-14.928825378418,"Unknown"
"5020558",378628,2026-04-25 11:05:59,25.9086856842041,-14.9302034378052,"Unknown"
"5020558",378628,2026-04-25 11:10:59,25.9071674346924,-14.9317274093628,"Unknown"
"5020558",378628,2026-04-25 11:15:59,25.9055843353271,-14.9331398010254,"Unknown"
"5020558",378628,2026-04-25 11:20:59,25.9039573669434,-14.9345064163208,"Unknown"
"5020558",378628,2026-04-25 11:25:59,25.9023399353027,-14.9360904693604,"Unknown"
"5020558",378628,2026-04-25 11:30:59,25.9007606506348,-14.9374408721924,"Unknown"
"5020558",378628,2026-04-25 11:36:00,25.8993015289307,-14.9389410018921,"Unknown"
"5020558",378628,2026-04-25 11:40:59,25.8978290557861,-14.940544128418,"Unknown"
"5020558",378628,2026-04-25 11:46:00,25.8962516784668,-14.9419984817505,"Unknown"
"5020558",378628,2026-04-25 11:51:00,25.8948154449463,-14.9435043334961,"Unknown"
"5020558",378628,2026-04-25 11:55:59,25.893367767334,-14.9450454711914,"Unknown"
"5020558",378628,2026-04-25 12:01:27,25.891809463501,-14.9468584060669,"Unknown"
"5020558",378628,2026-04-25 12:05:59,25.8903789520264,-14.9482479095459,"Unknown"
"5020558",378628,2026-04-25 12:15:58,25.887487411499,-14.9513378143311,"Unknown"
"5020558",378628,2026-04-25 12:20:58,25.8861351013184,-14.9527826309204,"Unknown"
"5020558",378628,2026-04-25 12:25:58,25.8847541809082,-14.9542198181152,"Unknown"
"5020558",378628,2026-04-25 12:30:59,25.8832683563232,-14.9557342529297,"Unknown"
"5020558",378628,2026-04-25 12:36:00,25.8819274902344,-14.9571094512939,"Unknown"
"5020558",378628,2026-04-25 12:41:00,25.8805236816406,-14.9585361480713,"Unknown"
"5020558",378628,2026-04-25 12:46:00,25.8791580200195,-14.9600467681885,"Unknown"
"5020558",378628,2026-04-25 12:51:01,25.8776359558105,-14.9615793228149,"Unknown"
"5020558",378628,2026-04-25 12:56:02,25.8764591217041,-14.9629144668579,"Unknown"
"5020558",378628,2026-04-25 13:00:58,25.8866539001465,-14.9682092666626,"Unknown"
"5020558",378628,2026-04-25 13:05:59,25.8854637145996,-14.9698371887207,"Unknown"
"5020558",378628,2026-04-25 13:10:59,25.8841876983643,-14.9715375900269,"Unknown"
"5020558",378628,2026-04-25 13:15:59,25.8827819824219,-14.9732542037964,"Unknown"
"5020558",378628,2026-04-25 13:20:59,25.8813571929932,-14.9749870300293,"Unknown"
"5020558",378628,2026-04-25 13:26:01,25.8799800872803,-14.9767370223999,"Unknown"
"5020558",378628,2026-04-25 13:31:00,25.8786582946777,-14.9784984588623,"Unknown"
"5020558",378628,2026-04-25 13:36:27,25.8773365020752,-14.9805879592896,"Unknown"
"5020558",378628,2026-04-25 13:40:57,25.8762054443359,-14.9822454452515,"Unknown"
"5020558",378628,2026-04-25 13:45:57,25.8750133514404,-14.9840860366821,"Unknown"
"5020558",378628,2026-04-25 13:50:58,25.8738975524902,-14.9859580993652,"Unknown"
"5020558",378628,2026-04-25 13:55:57,25.8728256225586,-14.9878015518188,"Unknown"
"5020558",378628,2026-04-25 14:00:58,25.8715381622314,-14.9897871017456,"Unknown"
"5020558",378628,2026-04-25 14:05:58,25.8720073699951,-14.9859933853149,"Unknown"
"5020558",378628,2026-04-25 14:10:59,25.8651809692383,-14.9564037322998,"Unknown"
"5020558",378628,2026-04-25 14:15:57,25.8574199676514,-14.9492444992065,"Unknown"
"5020558",378628,2026-04-25 14:20:58,25.8542957305908,-14.9525880813599,"Unknown"
"5020558",378628,2026-04-25 14:25:57,25.8515224456787,-14.9549131393433,"Unknown"
"5020558",378628,2026-04-25 14:30:57,25.8476638793945,-14.9577751159668,"Unknown"
"5020558",378628,2026-04-25 14:35:58,25.8460960388184,-14.9593172073364,"Unknown"
"5020558",378628,2026-04-25 14:40:59,25.8399429321289,-14.9534711837769,"Unknown"
"5020558",378628,2026-04-25 14:45:57,25.8321533203125,-14.9457187652588,"Unknown"
"5020558",378628,2026-04-25 14:50:58,25.8083934783936,-14.937520980835,"Unknown"
"5020558",378628,2026-04-25 14:55:58,25.8071384429932,-14.9232721328735,"Unknown"
"5020558",378628,2026-04-25 15:00:58,25.8081817626953,-14.9043703079224,"Unknown"
"5020558",378628,2026-04-25 15:05:58,25.8124599456787,-14.89914894104,"Unknown"
"5020558",378628,2026-04-25 15:10:58,25.8127708435059,-14.90505027771,"Unknown"
"5020558",378628,2026-04-25 15:16:00,25.8089122772217,-14.9056482315063,"Unknown"
"5020558",378628,2026-04-25 15:20:58,25.8058681488037,-14.9071197509766,"Unknown"
"5020558",378628,2026-04-25 15:25:58,25.8031425476074,-14.9074296951294,"Unknown"
"5020558",378628,2026-04-25 15:30:58,25.8015651702881,-14.9079484939575,"Unknown"
"5020558",378628,2026-04-25 15:35:59,25.8018321990967,-14.9080457687378,"Unknown"
"5020558",378628,2026-04-25 15:41:00,25.7976036071777,-14.9085321426392,"Unknown"
"5020558",378628,2026-04-25 15:47:22,25.7992820739746,-14.9082498550415,"Unknown"
"5020558",378628,2026-04-25 15:52:22,25.7932624816895,-14.9154844284058,"Unknown"
"5020558",378628,2026-04-25 15:57:22,25.7769203186035,-14.9086256027222,"Unknown"
"5020558",378628,2026-04-25 16:21:32,25.7904529571533,-14.9064292907715,"Unknown"
"5020558",378628,2026-04-25 16:25:59,25.7889804840088,-14.9068737030029,"Unknown"
"5020558",378628,2026-04-25 16:30:58,25.7881202697754,-14.9032077789307,"Unknown"
"5020558",378628,2026-04-25 16:35:58,25.8008918762207,-14.895209312439,"Unknown"
"5020558",378628,2026-04-25 16:40:58,25.8128776550293,-14.9112920761108,"Unknown"
"5020558",378628,2026-04-25 16:45:58,25.8253002166748,-14.932993888855,"Unknown"
"5020558",378628,2026-04-25 16:50:59,25.8340950012207,-14.9436225891113,"Unknown"
"5020558",378628,2026-04-25 16:55:58,25.8268413543701,-14.9548969268799,"Unknown"
"5020558",378628,2026-04-25 17:00:58,25.8315849304199,-14.9565095901489,"Unknown"
"5020558",378628,2026-04-25 17:05:58,25.8448848724365,-14.9507188796997,"Unknown"
"5020558",378628,2026-04-25 17:10:58,25.8471984863281,-14.9634389877319,"Unknown"
"5020558",378628,2026-04-25 17:16:10,25.8460941314697,-14.987696647644,"Unknown"
"5020558",378628,2026-04-25 17:21:06,25.8454933166504,-14.9938230514526,"Unknown"
"5020558",378628,2026-04-25 17:26:27,25.8441181182861,-14.9958209991455,"Unknown"
"5020558",378628,2026-04-25 17:30:59,25.8413238525391,-14.9703016281128,"Unknown"
"5020558",378628,2026-04-25 17:36:00,25.8519611358643,-14.9513349533081,"Unknown"
"5020558",378628,2026-04-25 17:41:01,25.869649887085,-14.9479904174805,"Unknown"
"5020558",378628,2026-04-25 17:46:00,25.8784351348877,-14.9356861114502,"Unknown"
"5020558",378628,2026-04-25 17:51:00,25.8787212371826,-14.9081363677979,"Unknown"
"5020558",378628,2026-04-25 17:56:00,25.8938789367676,-14.8983669281006,"Unknown"
"5020558",378628,2026-04-25 18:00:59,25.8939552307129,-14.8955430984497,"Unknown"
"5020558",378628,2026-04-25 18:09:47,25.9075603485107,-14.8908052444458,"Unknown"
"5020558",378628,2026-04-25 18:11:01,25.9069309234619,-14.8924884796143,"Unknown"
"5020558",378628,2026-04-25 18:16:01,25.9161510467529,-14.8932762145996,"Unknown"
"5020558",378628,2026-04-25 18:21:00,25.9107570648193,-14.8825359344482,"Unknown"
"5020558",378628,2026-04-25 18:26:00,25.9107627868652,-14.8825311660767,"Unknown"
"5020558",378628,2026-04-25 18:30:59,25.9079685211182,-14.8870420455933,"Unknown"
"5020558",378628,2026-04-25 18:35:59,25.9054355621338,-14.8847904205322,"Unknown"
"5020558",378628,2026-04-25 18:40:59,25.8966426849365,-14.8914594650269,"Unknown"
"5020558",378628,2026-04-25 18:46:07,25.8984241485596,-14.8982944488525,"Unknown"
"5020558",378628,2026-04-25 18:51:01,25.8997535705566,-14.9041366577148,"Unknown"
"5020558",378628,2026-04-25 18:55:59,25.8987979888916,-14.9058227539062,"Unknown"
"5020558",378628,2026-04-25 19:00:59,25.8985500335693,-14.9067077636719,"Unknown"
"5020558",378628,2026-04-25 19:05:59,25.8975296020508,-14.9081974029541,"Unknown"
"5020558",378628,2026-04-25 19:10:59,25.8956604003906,-14.9135570526123,"Unknown"
"5020558",378628,2026-04-25 19:15:59,25.8960990905762,-14.9173259735107,"Unknown"
"5020558",378628,2026-04-25 19:20:59,25.8955020904541,-14.9240303039551,"Unknown"
"5020558",378628,2026-04-25 19:25:59,25.8900451660156,-14.9171190261841,"Unknown"
"5020558",378628,2026-04-25 19:30:59,25.8791103363037,-14.8882455825806,"Unknown"
"5020558",378628,2026-04-25 19:35:59,25.8787002563477,-14.8891544342041,"Unknown"
"5020558",378628,2026-04-25 19:40:59,25.877269744873,-14.8906373977661,"Unknown"
"5020558",378628,2026-04-25 19:45:59,25.8759670257568,-14.8921270370483,"Unknown"
"5020558",378628,2026-04-25 19:50:59,25.8744773864746,-14.8934507369995,"Unknown"
"5020558",378628,2026-04-25 19:55:59,25.8729038238525,-14.8947191238403,"Unknown"
"5020558",378628,2026-04-25 20:00:59,25.871410369873,-14.8960332870483,"Unknown"
"5020558",378628,2026-04-25 20:05:59,25.8699417114258,-14.8974533081055,"Unknown"
"5020558",378628,2026-04-25 20:15:58,25.8671035766602,-14.9002122879028,"Unknown"
"5020558",378628,2026-04-25 20:20:59,25.8656616210938,-14.9015960693359,"Unknown"
"5020558",378628,2026-04-25 20:26:00,25.8641204833984,-14.9029150009155,"Unknown"
"5020558",378628,2026-04-25 20:31:00,25.8626461029053,-14.9042987823486,"Unknown"
"5020558",378628,2026-04-25 20:35:59,25.8610515594482,-14.9056053161621,"Unknown"
"5020558",378628,2026-04-25 20:40:58,25.8596057891846,-14.9072113037109,"Unknown"
"5020558",378628,2026-04-25 20:45:59,25.858283996582,-14.9090337753296,"Unknown"
"5020558",378628,2026-04-25 20:50:59,25.8569297790527,-14.910834312439,"Unknown"
"5020558",378628,2026-04-25 20:56:02,25.8555583953857,-14.9124488830566,"Unknown"
"5020558",378628,2026-04-25 21:01:27,25.8540325164795,-14.9140129089355,"Unknown"
"5020558",378628,2026-04-25 21:05:58,25.8527221679688,-14.9153480529785,"Unknown"
"5020558",378628,2026-04-25 21:10:58,25.8512382507324,-14.9167900085449,"Unknown"
"5020558",378628,2026-04-25 21:15:58,25.8497543334961,-14.9182147979736,"Unknown"
"5020558",378628,2026-04-25 21:20:59,25.8482990264893,-14.9196557998657,"Unknown"
"5020558",378628,2026-04-25 21:25:58,25.8467273712158,-14.9209289550781,"Unknown"
"5020558",378628,2026-04-25 21:30:58,25.8450965881348,-14.9221639633179,"Unknown"
"5020558",378628,2026-04-25 21:35:58,25.8434009552002,-14.9233512878418,"Unknown"
"5020558",378628,2026-04-25 21:40:58,25.8417282104492,-14.9245176315308,"Unknown"
"5020558",378628,2026-04-25 21:45:58,25.8401985168457,-14.925760269165,"Unknown"
"5020558",378628,2026-04-25 21:50:58,25.8385429382324,-14.9269828796387,"Unknown"
"5020558",378628,2026-04-25 21:55:59,25.8369159698486,-14.9282732009888,"Unknown"
"5020558",378628,2026-04-25 22:01:00,25.8352966308594,-14.9295167922974,"Unknown"
"5020558",378628,2026-04-25 22:05:59,25.8337135314941,-14.9307336807251,"Unknown"
"5020558",378628,2026-04-25 22:11:02,25.8320007324219,-14.9319629669189,"Unknown"
"5020558",378628,2026-04-25 22:15:59,25.8303661346436,-14.9331560134888,"Unknown"
"5020558",378628,2026-04-25 22:21:01,25.828763961792,-14.934458732605,"Unknown"
"5020558",378628,2026-04-25 22:26:02,25.827127456665,-14.9357776641846,"Unknown"
"5020558",378628,2026-04-25 22:31:27,25.8245544433594,-14.9289045333862,"Unknown"
"5020558",378628,2026-04-25 22:35:58,25.8232574462891,-14.930534362793,"Unknown"
"5020558",378628,2026-04-25 22:40:59,25.8222351074219,-14.9184379577637,"Unknown"
"5020558",378628,2026-04-25 22:45:58,25.8219890594482,-14.918909072876,"Unknown"
"5020558",378628,2026-04-25 22:51:00,25.8203678131104,-14.9205808639526,"Unknown"
"5020558",378628,2026-04-25 22:55:58,25.8187580108643,-14.922290802002,"Unknown"
"5020558",378628,2026-04-25 23:00:58,25.8171215057373,-14.9240341186523,"Unknown"
"5020558",378628,2026-04-25 23:05:58,25.815580368042,-14.9257392883301,"Unknown"
"5020558",378628,2026-04-25 23:11:00,25.8140182495117,-14.9274253845215,"Unknown"
"5020558",378628,2026-04-25 23:16:01,25.8124027252197,-14.9292049407959,"Unknown"
"5020558",378628,2026-04-25 23:21:00,25.8108158111572,-14.9309740066528,"Unknown"
"5020558",378628,2026-04-25 23:25:59,25.8092594146729,-14.9327163696289,"Unknown"
"5020558",378628,2026-04-25 23:31:02,25.8076629638672,-14.934455871582,"Unknown"
"5020558",378628,2026-04-25 23:36:01,25.8061485290527,-14.9362192153931,"Unknown"
"5020558",378628,2026-04-25 23:41:00,25.8046417236328,-14.9379405975342,"Unknown"
"5020558",378628,2026-04-25 23:46:01,25.8031902313232,-14.9396686553955,"Unknown"
"5020558",378628,2026-04-25 23:51:02,25.8017063140869,-14.9414377212524,"Unknown"
"5020558",378628,2026-04-25 23:56:01,25.8002338409424,-14.9431390762329,"Unknown"
"5020558",378628,2026-04-26 00:01:27,25.7985172271729,-14.9449920654297,"Unknown"
"5020558",378628,2026-04-26 00:05:58,25.7971496582031,-14.9466180801392,"Unknown"
"5020558",378628,2026-04-26 00:15:58,25.7942485809326,-14.9501066207886,"Unknown"
"5020558",378628,2026-04-26 00:25:58,25.7913913726807,-14.9536190032959,"Unknown"
"5020558",378628,2026-04-26 00:35:58,25.7887077331543,-14.9571762084961,"Unknown"
"5020558",378628,2026-04-26 00:45:59,25.7859802246094,-14.9606704711914,"Unknown"
"5020558",378628,2026-04-26 00:55:58,25.7832946777344,-14.9641981124878,"Unknown"
"5020558",378628,2026-04-26 01:05:58,25.7806949615479,-14.9678020477295,"Unknown"
"5020558",378628,2026-04-26 01:15:59,25.7781467437744,-14.9713878631592,"Unknown"
"5020558",378628,2026-04-26 01:26:03,25.7756671905518,-14.974983215332,"Unknown"
"5020558",378628,2026-04-26 01:36:02,25.7731304168701,-14.9784679412842,"Unknown"
"5020558",378628,2026-04-26 01:46:01,25.7705097198486,-14.9818754196167,"Unknown"
"5020558",378628,2026-04-26 01:56:27,25.7678451538086,-14.9854393005371,"Unknown"
"5020558",378628,2026-04-26 02:05:58,25.7654933929443,-14.9887018203735,"Unknown"
"5020558",378628,2026-04-26 02:15:59,25.7630805969238,-14.9920787811279,"Unknown"
"5020558",378628,2026-04-26 02:25:58,25.7606582641602,-14.9954748153687,"Unknown"
"5020558",378628,2026-04-26 02:35:59,25.7582912445068,-14.9989147186279,"Unknown"
"5020558",378628,2026-04-26 02:45:59,25.7556819915771,-15.0022850036621,"Unknown"
"5020558",378628,2026-04-26 02:55:58,25.7531452178955,-15.005690574646,"Unknown"
"5020558",378628,2026-04-26 03:05:59,25.7507705688477,-15.0092468261719,"Unknown"
"5020558",378628,2026-04-26 03:15:58,25.7483692169189,-15.0126619338989,"Unknown"
"5020558",378628,2026-04-26 03:25:59,25.7461719512939,-15.0162191390991,"Unknown"
"5020558",378628,2026-04-26 03:36:00,25.7441272735596,-15.0198707580566,"Unknown"
"5020558",378628,2026-04-26 03:46:01,25.7420845031738,-15.0234346389771,"Unknown"
"5020558",378628,2026-04-26 03:55:58,25.739990234375,-15.0271043777466,"Unknown"
"5020558",378628,2026-04-26 04:06:26,25.7378120422363,-15.0307273864746,"Unknown"
"5020558",378628,2026-04-26 04:15:58,25.7358531951904,-15.0340309143066,"Unknown"
"5020558",378628,2026-04-26 04:25:59,25.7337684631348,-15.0373106002808,"Unknown"
"5020558",378628,2026-04-26 04:35:58,25.7319984436035,-15.0405569076538,"Unknown"
"5020558",378628,2026-04-26 04:45:59,25.7305507659912,-15.0438871383667,"Unknown"
"5020558",378628,2026-04-26 04:55:59,25.729118347168,-15.0470695495605,"Unknown"
"5020558",378628,2026-04-26 05:05:59,25.72776222229,-15.0502986907959,"Unknown"
"5020558",378628,2026-04-26 05:15:59,25.7264766693115,-15.0535106658936,"Unknown"
"5020558",378628,2026-04-26 05:26:04,25.7250537872314,-15.0565147399902,"Unknown"
"5020558",378628,2026-04-26 05:36:27,25.7236080169678,-15.0595207214355,"Unknown"
"5020558",378628,2026-04-26 05:46:00,25.7221908569336,-15.0622100830078,"Unknown"
"5020558",378628,2026-04-26 05:55:58,25.7292861938477,-15.0570955276489,"Unknown"
"5020558",378628,2026-04-26 06:07:23,25.7766857147217,-15.0650033950806,"Unknown"
"5020558",378628,2026-04-26 06:17:23,25.8182048797607,-15.0944671630859,"Unknown"
"5020558",378628,2026-04-26 06:27:23,25.8424644470215,-15.0847425460815,"Unknown"
"5020558",378628,2026-04-26 06:37:23,25.8467483520508,-15.0841751098633,"Unknown"
"5020558",378628,2026-04-26 06:57:23,25.8489532470703,-15.0896692276001,"Unknown"
"5020558",378628,2026-04-26 07:07:23,25.8140983581543,-15.03990650177,"Unknown"
"5020558",378628,2026-04-26 07:17:12,25.8117580413818,-15.0005874633789,"Unknown"
"5020558",378628,2026-04-26 07:26:00,25.8242588043213,-14.9725074768066,"Unknown"
"5020558",378628,2026-04-26 07:36:01,25.8195629119873,-14.9198484420776,"Unknown"
"5020558",378628,2026-04-26 07:45:58,25.8106098175049,-14.9064321517944,"Unknown"
"5020558",378628,2026-04-26 07:56:01,25.807315826416,-14.8996887207031,"Unknown"
"5020558",378628,2026-04-26 08:06:26,25.8039321899414,-14.8962726593018,"Unknown"
"5020558",378628,2026-04-26 08:15:58,25.8046741485596,-14.8940401077271,"Unknown"
"5020558",378628,2026-04-26 08:25:58,25.8024387359619,-14.8970947265625,"Unknown"
"5020558",378628,2026-04-26 08:36:01,25.8001861572266,-14.9000091552734,"Unknown"
"5020558",378628,2026-04-26 08:46:02,25.7977542877197,-14.9033002853394,"Unknown"
"5020558",378628,2026-04-26 08:56:01,25.7953701019287,-14.9066524505615,"Unknown"
"5020558",378628,2026-04-26 09:00:59,25.7942199707031,-14.9082717895508,"Unknown"
"5020558",378628,2026-04-26 09:05:58,25.7930946350098,-14.9099521636963,"Unknown"
"5020558",378628,2026-04-26 09:10:58,25.7919616699219,-14.9116039276123,"Unknown"
"5020558",378628,2026-04-26 09:15:58,25.7908744812012,-14.9132976531982,"Unknown"
"5020558",378628,2026-04-26 09:21:00,25.7897911071777,-14.9150228500366,"Unknown"
"5020558",378628,2026-04-26 09:25:58,25.7887420654297,-14.9167032241821,"Unknown"
"5020558",378628,2026-04-26 09:30:58,25.7876529693604,-14.918285369873,"Unknown"
"5020558",378628,2026-04-26 09:36:00,25.7865200042725,-14.9199132919312,"Unknown"
"5020558",378628,2026-04-26 09:40:59,25.7854175567627,-14.9216136932373,"Unknown"
"5020558",378628,2026-04-26 09:45:58,25.7843379974365,-14.923285484314,"Unknown"
"5020558",378628,2026-04-26 09:51:01,25.7833709716797,-14.9249954223633,"Unknown"
"5020558",378628,2026-04-26 09:55:59,25.7823677062988,-14.9266738891602,"Unknown"
"5020558",378628,2026-04-26 10:01:01,25.7813549041748,-14.9283742904663,"Unknown"
"5020558",378628,2026-04-26 10:06:02,25.7802867889404,-14.9301776885986,"Unknown"
"5020558",378628,2026-04-26 10:11:01,25.779260635376,-14.931902885437,"Unknown"
"5020558",378628,2026-04-26 10:16:01,25.7782287597656,-14.9336366653442,"Unknown"
"5020558",378628,2026-04-26 10:21:01,25.7771587371826,-14.9354238510132,"Unknown"
"5020558",378628,2026-04-26 10:26:02,25.7761287689209,-14.9371643066406,"Unknown"
"5020558",378628,2026-04-26 10:31:03,25.7752170562744,-14.93883228302,"Unknown"
"5020558",378628,2026-04-26 10:36:02,25.7741546630859,-14.9404850006104,"Unknown"
"5020558",378628,2026-04-26 10:41:00,25.7725944519043,-14.9373712539673,"Unknown"
"5020558",378628,2026-04-26 10:46:27,25.7715511322021,-14.9392623901367,"Unknown"
"5020558",378628,2026-04-26 10:50:58,25.770715713501,-14.9408369064331,"Unknown"
"5020558",378628,2026-04-26 10:55:58,25.7697525024414,-14.9425954818726,"Unknown"
"5020558",378628,2026-04-26 11:00:58,25.7687931060791,-14.9443502426147,"Unknown"
"5020558",378628,2026-04-26 11:05:59,25.7678413391113,-14.9461135864258,"Unknown"
"5020558",378628,2026-04-26 11:10:58,25.7668552398682,-14.9478368759155,"Unknown"
"5020558",378628,2026-04-26 11:15:58,25.7658729553223,-14.9495534896851,"Unknown"
"5020558",378628,2026-04-26 11:20:58,25.7649269104004,-14.951301574707,"Unknown"
"5020558",378628,2026-04-26 11:25:58,25.763973236084,-14.9530782699585,"Unknown"
"5020558",378628,2026-04-26 11:30:58,25.7630596160889,-14.9548473358154,"Unknown"
"5020558",378628,2026-04-26 11:35:59,25.7621269226074,-14.9565811157227,"Unknown"
"5020558",378628,2026-04-26 11:40:58,25.7610626220703,-14.9582872390747,"Unknown"
"5020558",378628,2026-04-26 11:45:59,25.7600383758545,-14.9599962234497,"Unknown"
"5020558",378628,2026-04-26 11:51:01,25.7590770721436,-14.9617147445679,"Unknown"
"5020558",378628,2026-04-26 11:56:00,25.7581977844238,-14.9634780883789,"Unknown"
"5020558",378628,2026-04-26 12:01:00,25.7573528289795,-14.9652433395386,"Unknown"
"5020558",378628,2026-04-26 12:05:59,25.7563667297363,-14.966893196106,"Unknown"
"5020558",378628,2026-04-26 12:17:58,25.7436790466309,-14.9640855789185,"Unknown"
"5020558",378628,2026-04-26 14:18:16,25.7227630615234,-15.0034732818604,"Unknown"
"5020558",378628,2026-04-26 14:22:54,25.7229557037354,-14.9859132766724,"Unknown"
"5020558",378628,2026-04-26 14:27:53,25.7210998535156,-14.9563684463501,"Unknown"
"5020558",378628,2026-04-26 14:32:56,25.7122917175293,-14.9341745376587,"Unknown"
"5020558",378628,2026-04-26 14:37:56,25.7073574066162,-14.9420442581177,"Unknown"
"5020558",378628,2026-04-26 14:42:56,25.7027778625488,-14.9264488220215,"Unknown"
"5020558",378628,2026-04-26 14:47:55,25.7130661010742,-14.9062461853027,"Unknown"
"5020558",378628,2026-04-26 14:52:53,25.7254829406738,-14.889045715332,"Unknown"
"5020558",378628,2026-04-26 14:57:54,25.7296543121338,-14.8768310546875,"Unknown"
"5020558",378628,2026-04-26 15:02:55,25.747730255127,-14.8771886825562,"Unknown"
"5020558",378628,2026-04-26 15:07:54,25.7676773071289,-14.891731262207,"Unknown"
"5020558",378628,2026-04-26 15:12:54,25.7835102081299,-14.9050388336182,"Unknown"
"5020558",378628,2026-04-26 15:17:54,25.7875862121582,-14.9056396484375,"Unknown"
"5020558",378628,2026-04-26 15:22:56,25.7851505279541,-14.9076194763184,"Unknown"
"5020558",378628,2026-04-26 15:27:58,25.7829532623291,-14.9088087081909,"Unknown"
"5020558",378628,2026-04-26 15:32:56,25.780740737915,-14.9099798202515,"Unknown"
"5020558",378628,2026-04-26 15:37:55,25.7785797119141,-14.9111452102661,"Unknown"
"5020558",378628,2026-04-26 15:43:17,25.7762317657471,-14.9123888015747,"Unknown"
"5020558",378628,2026-04-26 15:47:54,25.7846508026123,-14.9092292785645,"Unknown"
"5020558",378628,2026-04-26 15:52:54,25.7936744689941,-14.9042444229126,"Unknown"
"5020558",378628,2026-04-26 15:57:54,25.8034763336182,-14.8938264846802,"Unknown"
"5020558",378628,2026-04-26 16:02:54,25.8101100921631,-14.8824634552002,"Unknown"
"5020558",378628,2026-04-26 16:07:54,25.8057804107666,-14.8872890472412,"Unknown"
"5020558",378628,2026-04-26 16:15:58,25.8270721435547,-14.8876276016235,"Unknown"
"5020558",378628,2026-04-26 16:20:57,25.8367137908936,-14.8740234375,"Unknown"
"5020558",378628,2026-04-26 16:26:11,25.8319301605225,-14.8800859451294,"Unknown"
"5020558",378628,2026-04-26 16:30:57,25.8282012939453,-14.88600730896,"Unknown"
"5020558",378628,2026-04-26 16:36:01,25.8259124755859,-14.88747215271,"Unknown"
"5020558",378628,2026-04-26 16:40:58,25.8234996795654,-14.8889226913452,"Unknown"
"5020558",378628,2026-04-26 16:45:58,25.8382568359375,-14.8827600479126,"Unknown"
"5020558",378628,2026-04-26 16:51:00,25.8478145599365,-14.8794059753418,"Unknown"
"5020558",378628,2026-04-26 16:55:59,25.8440933227539,-14.883692741394,"Unknown"
"5020558",378628,2026-04-26 17:01:27,25.8420314788818,-14.8864488601685,"Unknown"
"5020558",378628,2026-04-26 17:05:57,25.8399429321289,-14.8877067565918,"Unknown"
"5020558",378628,2026-04-26 17:10:57,25.8331661224365,-14.890962600708,"Unknown"
"5020558",378628,2026-04-26 17:15:58,25.8307132720947,-14.8973236083984,"Unknown"
"5020558",378628,2026-04-26 17:20:57,25.8276119232178,-14.8996696472168,"Unknown"
"5020558",378628,2026-04-26 17:25:57,25.8254280090332,-14.9010887145996,"Unknown"
"5020558",378628,2026-04-26 17:30:57,25.8232002258301,-14.9025182723999,"Unknown"
"5020558",378628,2026-04-26 17:35:57,25.8209686279297,-14.9039068222046,"Unknown"
"5020558",378628,2026-04-26 17:40:57,25.8255310058594,-14.9074907302856,"Unknown"
"5020558",378628,2026-04-26 17:45:57,25.8234024047852,-14.9089803695679,"Unknown"
"5020558",378628,2026-04-26 17:50:57,25.8213634490967,-14.9104804992676,"Unknown"
"5020558",378628,2026-04-26 17:55:58,25.8193435668945,-14.9118852615356,"Unknown"
"5020558",378628,2026-04-26 18:00:58,25.8253841400146,-14.9081144332886,"Unknown"
"5020558",378628,2026-04-26 18:05:58,25.8234977722168,-14.9095859527588,"Unknown"
"5020558",378628,2026-04-26 18:10:58,25.822229385376,-14.9092626571655,"Unknown"
"5020558",378628,2026-04-26 18:15:58,25.817813873291,-14.9093284606934,"Unknown"
"5020558",378628,2026-04-26 18:20:58,25.8154544830322,-14.9104471206665,"Unknown"
"5020558",378628,2026-04-26 18:25:58,25.8134651184082,-14.9117822647095,"Unknown"
"5020558",378628,2026-04-26 18:30:58,25.8227348327637,-14.8987255096436,"Unknown"
"5020558",378628,2026-04-26 18:36:02,25.8316745758057,-14.8888969421387,"Unknown"
"5020558",378628,2026-04-26 18:40:58,25.8298683166504,-14.8915996551514,"Unknown"
"5020558",378628,2026-04-26 18:46:01,25.8278160095215,-14.8928356170654,"Unknown"
"5020558",378628,2026-04-26 18:50:58,25.8258171081543,-14.8939981460571,"Unknown"
"5020558",378628,2026-04-26 18:55:59,25.823802947998,-14.8951807022095,"Unknown"
"5020558",378628,2026-04-26 19:00:59,25.8309307098389,-14.897798538208,"Unknown"
"5020558",378628,2026-04-26 19:06:27,25.8301963806152,-14.895453453064,"Unknown"
"5020558",378628,2026-04-26 19:11:01,25.8283176422119,-14.8963966369629,"Unknown"
"5020558",378628,2026-04-26 19:16:03,25.8264293670654,-14.8974828720093,"Unknown"
"5020558",378628,2026-04-26 19:20:59,25.8244781494141,-14.8986129760742,"Unknown"
"5020558",378628,2026-04-26 19:25:59,25.8225212097168,-14.899751663208,"Unknown"
"5020558",378628,2026-04-26 19:31:01,25.820613861084,-14.9008378982544,"Unknown"
"5020558",378628,2026-04-26 19:36:00,25.8187160491943,-14.9018898010254,"Unknown"
"5020558",378628,2026-04-26 19:40:59,25.8168773651123,-14.9029350280762,"Unknown"
"5020558",378628,2026-04-26 19:46:06,25.8147487640381,-14.9039783477783,"Unknown"
"5020558",378628,2026-04-26 19:51:27,25.8125667572021,-14.9050941467285,"Unknown"
"5020558",378628,2026-04-26 19:55:58,25.8107261657715,-14.9060163497925,"Unknown"
"5020558",378628,2026-04-26 20:00:58,25.8112602233887,-14.9027976989746,"Unknown"
"5020558",378628,2026-04-26 20:05:58,25.8092193603516,-14.9042310714722,"Unknown"
"5020558",378628,2026-04-26 20:15:58,25.8053703308105,-14.9072484970093,"Unknown"
"5020558",378628,2026-04-26 20:20:58,25.803466796875,-14.9088201522827,"Unknown"
"5020558",378628,2026-04-26 20:25:58,25.8016357421875,-14.9103984832764,"Unknown"
"5020558",378628,2026-04-26 20:30:58,25.7997894287109,-14.9118690490723,"Unknown"
"5020558",378628,2026-04-26 20:35:58,25.7980079650879,-14.9133796691895,"Unknown"
"5020558",378628,2026-04-26 20:40:58,25.7961921691895,-14.9149532318115,"Unknown"
"5020558",378628,2026-04-26 20:45:58,25.7944107055664,-14.9165029525757,"Unknown"
"5020558",378628,2026-04-26 20:51:00,25.7925071716309,-14.9181337356567,"Unknown"
"5020558",378628,2026-04-26 20:55:58,25.7906894683838,-14.9197406768799,"Unknown"
"5020558",378628,2026-04-26 21:01:00,25.7890224456787,-14.9213123321533,"Unknown"
"5020558",378628,2026-04-26 21:05:58,25.7872619628906,-14.9224672317505,"Unknown"
"5020558",378628,2026-04-26 21:10:58,25.7855319976807,-14.9237775802612,"Unknown"
"5020558",378628,2026-04-26 21:16:03,25.7927589416504,-14.9182977676392,"Unknown"
"5020558",378628,2026-04-26 21:21:03,25.7910270690918,-14.9193353652954,"Unknown"
"5020558",378628,2026-04-26 21:26:27,25.7890930175781,-14.9203453063965,"Unknown"
"5020558",378628,2026-04-26 21:30:58,25.7875652313232,-14.9213047027588,"Unknown"
"5020558",378628,2026-04-26 21:35:58,25.7858734130859,-14.9223051071167,"Unknown"
"5020558",378628,2026-04-26 21:40:58,25.7841243743896,-14.9232978820801,"Unknown"
"5020558",378628,2026-04-26 21:45:58,25.7824440002441,-14.9243316650391,"Unknown"
"5020558",378628,2026-04-26 21:50:58,25.7806911468506,-14.9253311157227,"Unknown"
"5020558",378628,2026-04-26 21:55:58,25.778938293457,-14.9263858795166,"Unknown"
"5020558",378628,2026-04-26 22:00:58,25.7772407531738,-14.9274520874023,"Unknown"
"5020558",378628,2026-04-26 22:05:58,25.7754783630371,-14.9284381866455,"Unknown"
"5020558",378628,2026-04-26 22:10:58,25.7738456726074,-14.9294633865356,"Unknown"
"5020558",378628,2026-04-26 22:15:58,25.7721748352051,-14.9304876327515,"Unknown"
"5020558",378628,2026-04-26 22:20:58,25.7704811096191,-14.931432723999,"Unknown"
"5020558",378628,2026-04-26 22:25:58,25.7686882019043,-14.9323558807373,"Unknown"
"5020558",378628,2026-04-26 22:30:58,25.7668323516846,-14.933198928833,"Unknown"
"5020558",378628,2026-04-26 22:35:59,25.7651100158691,-14.9341144561768,"Unknown"
"5020558",378628,2026-04-26 22:40:58,25.7634620666504,-14.9349031448364,"Unknown"
"5020558",378628,2026-04-26 22:45:58,25.7619247436523,-14.9356746673584,"Unknown"
"5020558",378628,2026-04-26 22:50:58,25.7604370117188,-14.9366312026978,"Unknown"
"5020558",378628,2026-04-26 22:55:58,25.7590026855469,-14.9374666213989,"Unknown"
"5020558",378628,2026-04-26 23:00:58,25.7576122283936,-14.938307762146,"Unknown"
"5020558",378628,2026-04-26 23:05:58,25.756175994873,-14.9392213821411,"Unknown"
"5020558",378628,2026-04-26 23:10:58,25.7546844482422,-14.9402046203613,"Unknown"
"5020558",378628,2026-04-26 23:16:00,25.753288269043,-14.9411773681641,"Unknown"
"5020558",378628,2026-04-26 23:20:59,25.7518577575684,-14.9420852661133,"Unknown"
"5020558",378628,2026-04-26 23:26:01,25.7504539489746,-14.9429922103882,"Unknown"
"5020558",378628,2026-04-26 23:31:27,25.748966217041,-14.944034576416,"Unknown"
"5020558",378628,2026-04-26 23:35:58,25.7477779388428,-14.9448871612549,"Unknown"
"5020558",378628,2026-04-26 23:40:58,25.7465648651123,-14.9459095001221,"Unknown"
"5020558",378628,2026-04-26 23:45:58,25.7453155517578,-14.9469327926636,"Unknown"
"5020558",378628,2026-04-26 23:50:58,25.744119644165,-14.9479808807373,"Unknown"
"5020558",378628,2026-04-26 23:55:58,25.7429466247559,-14.9490222930908,"Unknown"
"5020558",378628,2026-04-27 00:00:58,25.7419166564941,-14.9502506256104,"Unknown"
"5020558",378628,2026-04-27 00:05:58,25.7407569885254,-14.951268196106,"Unknown"
"5020558",378628,2026-04-27 00:15:59,25.7382125854492,-14.95325756073,"Unknown"
"5020558",378628,2026-04-27 00:25:58,25.7357635498047,-14.9553289413452,"Unknown"
"5020558",378628,2026-04-27 00:35:59,25.7334175109863,-14.957311630249,"Unknown"
"5020558",378628,2026-04-27 00:40:59,25.7322483062744,-14.9583673477173,"Unknown"
"5020558",378628,2026-04-27 00:50:59,25.7298851013184,-14.9604940414429,"Unknown"
"5020558",378628,2026-04-27 00:55:58,25.7287006378174,-14.9615831375122,"Unknown"
"5020558",378628,2026-04-27 01:00:59,25.7275218963623,-14.9625616073608,"Unknown"
"5020558",378628,2026-04-27 01:11:00,25.7254447937012,-14.9647274017334,"Unknown"
"5020558",378628,2026-04-27 01:21:00,25.723316192627,-14.967001914978,"Unknown"
"5020558",378628,2026-04-27 01:31:00,25.7211017608643,-14.9690675735474,"Unknown"
"5020558",378628,2026-04-27 01:40:59,25.7189140319824,-14.9712057113647,"Unknown"
"5020558",378628,2026-04-27 01:51:27,25.7167358398438,-14.973445892334,"Unknown"
"5020558",378628,2026-04-27 02:00:58,25.7148532867432,-14.9755945205688,"Unknown"
"5020558",378628,2026-04-27 02:10:58,25.7129402160645,-14.9778890609741,"Unknown"
"5020558",378628,2026-04-27 02:20:59,25.7109718322754,-14.9800310134888,"Unknown"
"5020558",378628,2026-04-27 02:30:59,25.7090950012207,-14.9821519851685,"Unknown"
"5020558",378628,2026-04-27 02:40:58,25.7071990966797,-14.9845218658447,"Unknown"
"5020558",378628,2026-04-27 02:50:59,25.7053070068359,-14.9868049621582,"Unknown"
"5020558",378628,2026-04-27 03:00:59,25.7031650543213,-14.9890813827515,"Unknown"
"5020558",378628,2026-04-27 03:10:59,25.701099395752,-14.9914836883545,"Unknown"
"5020558",378628,2026-04-27 03:20:59,25.6990509033203,-14.9938049316406,"Unknown"
"5020558",378628,2026-04-27 03:30:58,25.6968898773193,-14.9961891174316,"Unknown"
"5020558",378628,2026-04-27 03:41:01,25.6943740844727,-14.9983158111572,"Unknown"
"5020558",378628,2026-04-27 03:50:59,25.6919097900391,-15.0005197525024,"Unknown"
"5020558",378628,2026-04-27 04:01:26,25.6893672943115,-15.0030345916748,"Unknown"
"5020558",378628,2026-04-27 04:15:58,25.6858787536621,-15.0063943862915,"Unknown"
"5020558",378628,2026-04-27 04:25:58,25.6834316253662,-15.008563041687,"Unknown"
"5020558",378628,2026-04-27 04:35:58,25.6809577941895,-15.0107517242432,"Unknown"
"5020558",378628,2026-04-27 04:45:58,25.6786785125732,-15.0130405426025,"Unknown"
"5020558",378628,2026-04-27 04:55:58,25.6764373779297,-15.0152111053467,"Unknown"
"5020558",378628,2026-04-27 05:05:58,25.674373626709,-15.0176362991333,"Unknown"
"5020558",378628,2026-04-27 05:15:58,25.6722450256348,-15.0194492340088,"Unknown"
"5020558",378628,2026-04-27 05:26:01,25.6701812744141,-15.0215482711792,"Unknown"
"5020558",378628,2026-04-27 05:35:59,25.6702194213867,-15.0204229354858,"Unknown"
"5020558",378628,2026-04-27 05:46:00,25.6682415008545,-15.0227479934692,"Unknown"
"5020558",378628,2026-04-27 05:55:58,25.6663436889648,-15.0250749588013,"Unknown"
"5020558",378628,2026-04-27 06:06:27,25.66721534729,-15.0185432434082,"Unknown"
"5020558",378628,2026-04-27 06:15:58,25.6684055328369,-14.9785976409912,"Unknown"
"5020558",378628,2026-04-27 06:27:23,25.6668739318848,-14.9696311950684,"Unknown"
"5020558",378628,2026-04-27 06:37:23,25.6654052734375,-14.9558258056641,"Unknown"
"5020558",378628,2026-04-27 06:45:59,25.6815280914307,-14.9592761993408,"Unknown"
"5020558",378628,2026-04-27 06:56:01,25.6833953857422,-14.9595794677734,"Unknown"
"5020558",378628,2026-04-27 07:05:58,25.7097282409668,-14.9281396865845,"Unknown"
"5020558",378628,2026-04-27 07:15:59,25.7310104370117,-14.9337320327759,"Unknown"
"5020558",378628,2026-04-27 07:26:27,25.7296676635742,-14.9339408874512,"Unknown"
"5020558",378628,2026-04-27 07:35:58,25.7355670928955,-14.9270858764648,"Unknown"
"5020558",378628,2026-04-27 07:46:00,25.7324123382568,-14.9339847564697,"Unknown"
"5020558",378628,2026-04-27 07:56:01,25.7304134368896,-14.939905166626,"Unknown"
"5020558",378628,2026-04-27 08:06:01,25.7273578643799,-14.9429817199707,"Unknown"
"5020558",378628,2026-04-27 08:16:27,25.7243041992188,-14.946195602417,"Unknown"
"5020558",378628,2026-04-27 08:26:01,25.721435546875,-14.9490642547607,"Unknown"
"5020558",378628,2026-04-27 08:36:01,25.7186737060547,-14.9521503448486,"Unknown"
"5020558",378628,2026-04-27 08:46:02,25.7159004211426,-14.9554033279419,"Unknown"
"5020558",378628,2026-04-27 08:56:02,25.7131404876709,-14.9586544036865,"Unknown"
"5020558",378628,2026-04-27 09:00:59,25.7118549346924,-14.9603338241577,"Unknown"
"5020558",378628,2026-04-27 09:05:59,25.7105007171631,-14.9619750976562,"Unknown"
"5020558",378628,2026-04-27 09:10:59,25.7091693878174,-14.9635982513428,"Unknown"
"5020558",378628,2026-04-27 09:15:59,25.7078132629395,-14.9652338027954,"Unknown"
"5020558",378628,2026-04-27 09:20:59,25.7065677642822,-14.9669332504272,"Unknown"
"5020558",378628,2026-04-27 09:26:00,25.7052841186523,-14.9686717987061,"Unknown"
"5020558",378628,2026-04-27 09:31:00,25.703971862793,-14.9702863693237,"Unknown"
"5020558",378628,2026-04-27 09:35:59,25.7026271820068,-14.9718523025513,"Unknown"
"5020558",378628,2026-04-27 09:41:00,25.7012367248535,-14.973461151123,"Unknown"
"5020558",378628,2026-04-27 09:46:01,25.6999568939209,-14.9751358032227,"Unknown"
"5020558",378628,2026-04-27 09:50:58,25.6987133026123,-14.9768419265747,"Unknown"
"5020558",378628,2026-04-27 09:56:00,25.6975021362305,-14.978663444519,"Unknown"
"5020558",378628,2026-04-27 10:01:00,25.6962947845459,-14.9803676605225,"Unknown"
"5020558",378628,2026-04-27 10:06:02,25.6950778961182,-14.9820404052734,"Unknown"
"5020558",378628,2026-04-27 10:11:03,25.6939220428467,-14.9836435317993,"Unknown"
"5020558",378628,2026-04-27 10:15:59,25.6927585601807,-14.9853506088257,"Unknown"
"5020558",378628,2026-04-27 10:21:00,25.6922378540039,-14.9857320785522,"Unknown"
"5020558",378628,2026-04-27 10:26:03,25.6909713745117,-14.9874353408813,"Unknown"
"5020558",378628,2026-04-27 10:31:02,25.6897220611572,-14.9890422821045,"Unknown"
"5020558",378628,2026-04-27 10:36:05,25.6884441375732,-14.9907493591309,"Unknown"
"5020558",378628,2026-04-27 10:41:05,25.6872158050537,-14.9923696517944,"Unknown"
"5020558",378628,2026-04-27 10:46:27,25.6859912872314,-14.9941759109497,"Unknown"
"5020558",378628,2026-04-27 10:50:59,25.6849479675293,-14.9956769943237,"Unknown"
"5020558",378628,2026-04-27 10:55:59,25.6838073730469,-14.9973640441895,"Unknown"
"5020558",378628,2026-04-27 11:00:59,25.682653427124,-14.9989795684814,"Unknown"
"5020558",378628,2026-04-27 11:05:59,25.6815452575684,-15.0005779266357,"Unknown"
"5020558",378628,2026-04-27 11:10:59,25.6804828643799,-15.002197265625,"Unknown"
"5020558",378628,2026-04-27 11:15:59,25.6794452667236,-15.0037622451782,"Unknown"
"5020558",378628,2026-04-27 11:20:59,25.678394317627,-15.0054378509521,"Unknown"
"5020558",378628,2026-04-27 11:25:59,25.6773681640625,-15.0071544647217,"Unknown"
"5020558",378628,2026-04-27 11:30:59,25.6763324737549,-15.0088987350464,"Unknown"
"5020558",378628,2026-04-27 11:35:59,25.6752758026123,-15.0105028152466,"Unknown"
"5020558",378628,2026-04-27 11:40:59,25.6742630004883,-15.0122737884521,"Unknown"
"5020558",378628,2026-04-27 11:46:00,25.6732311248779,-15.0140237808228,"Unknown"
"5020558",378628,2026-04-27 11:50:59,25.6722145080566,-15.015736579895,"Unknown"
"5020558",378628,2026-04-27 11:56:00,25.6712112426758,-15.0174674987793,"Unknown"
"5020558",378628,2026-04-27 12:00:59,25.6702117919922,-15.019211769104,"Unknown"
"5020558",378628,2026-04-27 12:06:00,25.6692180633545,-15.0209980010986,"Unknown"
"5020558",378628,2026-04-27 12:15:58,25.6672744750977,-15.0244951248169,"Unknown"
"5020558",378628,2026-04-27 12:20:58,25.6663570404053,-15.0262365341187,"Unknown"
"5020558",378628,2026-04-27 12:26:00,25.665433883667,-15.0280303955078,"Unknown"
"5020558",378628,2026-04-27 12:31:00,25.6645908355713,-15.0297956466675,"Unknown"
"5020558",378628,2026-04-27 12:36:00,25.6637878417969,-15.0316877365112,"Unknown"
"5020558",378628,2026-04-27 12:41:00,25.6630172729492,-15.0335283279419,"Unknown"
"5020558",378628,2026-04-27 12:45:59,25.6621971130371,-15.0353164672852,"Unknown"
"5020558",378628,2026-04-27 12:50:57,25.6613826751709,-15.0370635986328,"Unknown"
"5020558",378628,2026-04-27 12:56:00,25.6605949401855,-15.0389566421509,"Unknown"
"5020558",378628,2026-04-27 13:01:03,25.6597938537598,-15.0408573150635,"Unknown"
"5020558",378628,2026-04-27 13:06:00,25.6590099334717,-15.0426502227783,"Unknown"
"5020558",378628,2026-04-27 13:11:00,25.6582012176514,-15.0444374084473,"Unknown"
"5020558",378628,2026-04-27 13:16:02,25.6574211120605,-15.0462684631348,"Unknown"
"5020558",378628,2026-04-27 13:20:59,25.6582775115967,-15.0479011535645,"Unknown"
"5020558",378628,2026-04-27 13:26:01,25.6769371032715,-15.046459197998,"Unknown"
"5020558",378628,2026-04-27 13:32:22,25.7023010253906,-15.0358572006226,"Unknown"
"5020558",378628,2026-04-27 13:37:22,25.7139110565186,-15.0164203643799,"Unknown"
"5020558",378628,2026-04-27 13:42:22,25.7233428955078,-14.9907102584839,"Unknown"
"5020558",378628,2026-04-27 13:47:22,25.7333908081055,-14.9680118560791,"Unknown"
"5020558",378628,2026-04-27 13:52:22,25.7447967529297,-14.945930480957,"Unknown"
"5020558",378628,2026-04-27 13:57:22,25.7522373199463,-14.9187860488892,"Unknown"
"5020558",378628,2026-04-27 14:06:27,25.7654285430908,-14.8976764678955,"Unknown"
"5020558",378628,2026-04-27 14:10:57,25.7762241363525,-14.8993434906006,"Unknown"
"5020558",378628,2026-04-27 14:16:00,25.7915058135986,-14.8980178833008,"Unknown"
"5020558",378628,2026-04-27 14:20:58,25.8014106750488,-14.9051685333252,"Unknown"
"5020558",378628,2026-04-27 14:25:57,25.8050098419189,-14.898606300354,"Unknown"
"5020558",378628,2026-04-27 14:31:01,25.8071365356445,-14.8966798782349,"Unknown"
"5020558",378628,2026-04-27 14:35:59,25.8057022094727,-14.8976154327393,"Unknown"
"5020558",378628,2026-04-27 14:40:57,25.8042659759521,-14.898588180542,"Unknown"
"5020558",378628,2026-04-27 14:45:59,25.8027534484863,-14.8995456695557,"Unknown"
"5020558",378628,2026-04-27 14:51:00,25.8009700775146,-14.9000482559204,"Unknown"
"5020558",378628,2026-04-27 14:55:57,25.7991733551025,-14.9005212783813,"Unknown"
"5020558",378628,2026-04-27 15:00:57,25.7973899841309,-14.9009189605713,"Unknown"
"5020558",378628,2026-04-27 15:06:27,25.795295715332,-14.9014930725098,"Unknown"
"5020558",378628,2026-04-27 15:10:57,25.7935485839844,-14.9021558761597,"Unknown"
"5020558",378628,2026-04-27 15:15:57,25.7916488647461,-14.9026861190796,"Unknown"
"5020558",378628,2026-04-27 15:20:57,25.7897281646729,-14.9036264419556,"Unknown"
"5020558",378628,2026-04-27 15:25:57,25.7879180908203,-14.9045867919922,"Unknown"
"5020558",378628,2026-04-27 15:30:57,25.7858848571777,-14.9056091308594,"Unknown"
"5020558",378628,2026-04-27 15:35:57,25.7838554382324,-14.9065561294556,"Unknown"
"5020558",378628,2026-04-27 15:40:57,25.7820262908936,-14.9072284698486,"Unknown"
"5020558",378628,2026-04-27 15:45:57,25.7802181243896,-14.9078741073608,"Unknown"
"5020558",378628,2026-04-27 15:50:57,25.7783832550049,-14.9084615707397,"Unknown"
"5020558",378628,2026-04-27 15:55:57,25.778829574585,-14.905891418457,"Unknown"
"5020558",378628,2026-04-27 16:00:57,25.7766609191895,-14.9067735671997,"Unknown"
"5020558",378628,2026-04-27 16:05:57,25.77463722229,-14.907657623291,"Unknown"
"5020558",378628,2026-04-27 16:15:57,25.7707443237305,-14.9094247817993,"Unknown"
"5020558",378628,2026-04-27 16:20:58,25.7688598632812,-14.9101076126099,"Unknown"
"5020558",378628,2026-04-27 16:25:56,25.7672920227051,-14.9107046127319,"Unknown"
"5020558",378628,2026-04-27 16:30:58,25.7654094696045,-14.9116153717041,"Unknown"
"5020558",378628,2026-04-27 16:35:58,25.7634334564209,-14.9124326705933,"Unknown"
"5020558",378628,2026-04-27 16:40:57,25.7613735198975,-14.9132175445557,"Unknown"
"5020558",378628,2026-04-27 16:45:58,25.7591724395752,-14.9139890670776,"Unknown"
"5020558",378628,2026-04-27 16:50:56,25.7572765350342,-14.9147882461548,"Unknown"
"5020558",378628,2026-04-27 16:55:58,25.7552032470703,-14.9155902862549,"Unknown"
"5020558",378628,2026-04-27 17:00:57,25.7531490325928,-14.9161396026611,"Unknown"
"5020558",378628,2026-04-27 17:05:57,25.7566337585449,-14.9129371643066,"Unknown"
"5020558",378628,2026-04-27 17:10:57,25.7642345428467,-14.9255285263062,"Unknown"
"5020558",378628,2026-04-27 17:15:59,25.766508102417,-14.9364433288574,"Unknown"
"5020558",378628,2026-04-27 17:20:58,25.7694664001465,-14.9350700378418,"Unknown"
"5020558",378628,2026-04-27 17:26:00,25.7839183807373,-14.9176597595215,"Unknown"
"5020558",378628,2026-04-27 17:30:59,25.7938823699951,-14.9025011062622,"Unknown"
"5020558",378628,2026-04-27 17:35:59,25.7916584014893,-14.9041786193848,"Unknown"
"5020558",378628,2026-04-27 17:40:57,25.789457321167,-14.9058227539062,"Unknown"
"5020558",378628,2026-04-27 17:47:11,25.7899627685547,-14.8938941955566,"Unknown"
"5020558",378628,2026-04-27 17:52:22,25.7956047058105,-14.8835535049438,"Unknown"
"5020558",378628,2026-04-27 17:57:22,25.7947025299072,-14.8872776031494,"Unknown"
"5020558",378628,2026-04-27 18:02:22,25.7929592132568,-14.8907880783081,"Unknown"
"5020558",378628,2026-04-27 18:06:17,25.7905406951904,-14.8923425674438,"Unknown"
"5020558",378628,2026-04-27 18:10:57,25.7876682281494,-14.8933792114258,"Unknown"
"5020558",378628,2026-04-27 18:16:06,25.7854633331299,-14.8949813842773,"Unknown"
"5020558",378628,2026-04-27 18:20:58,25.7834033966064,-14.8964900970459,"Unknown"
"5020558",378628,2026-04-27 18:25:58,25.7797584533691,-14.898157119751,"Unknown"
"5020558",378628,2026-04-27 18:30:58,25.77760887146,-14.8996553421021,"Unknown"
"5020558",378628,2026-04-27 18:35:58,25.7819194793701,-14.909722328186,"Unknown"
"5020558",378628,2026-04-27 18:41:00,25.7733745574951,-14.9173965454102,"Unknown"
"5020558",378628,2026-04-27 18:45:59,25.7623844146729,-14.9228534698486,"Unknown"
"5020558",378628,2026-04-27 18:50:59,25.7603378295898,-14.9243221282959,"Unknown"
"5020558",378628,2026-04-27 18:56:01,25.7583198547363,-14.9259624481201,"Unknown"
"5020558",378628,2026-04-27 19:00:58,25.7563667297363,-14.9276485443115,"Unknown"
"5020558",378628,2026-04-27 19:05:58,25.7543888092041,-14.9294128417969,"Unknown"
"5020558",378628,2026-04-27 19:10:58,25.7524337768555,-14.9311399459839,"Unknown"
"5020558",378628,2026-04-27 19:15:58,25.7504749298096,-14.9329051971436,"Unknown"
"5020558",378628,2026-04-27 19:20:58,25.7485389709473,-14.9346599578857,"Unknown"
"5020558",378628,2026-04-27 19:25:58,25.7466278076172,-14.9362449645996,"Unknown"
"5020558",378628,2026-04-27 19:30:59,25.7447414398193,-14.9379043579102,"Unknown"
"5020558",378628,2026-04-27 19:35:58,25.7428436279297,-14.9395084381104,"Unknown"
"5020558",378628,2026-04-27 19:40:58,25.7409210205078,-14.9410963058472,"Unknown"
"5020558",378628,2026-04-27 19:45:58,25.7389602661133,-14.9425210952759,"Unknown"
"5020558",378628,2026-04-27 19:50:58,25.7370491027832,-14.943977355957,"Unknown"
"5020558",378628,2026-04-27 19:55:58,25.7352180480957,-14.9457683563232,"Unknown"
"5020558",378628,2026-04-27 20:01:27,25.7332000732422,-14.9476318359375,"Unknown"
"5020558",378628,2026-04-27 20:05:58,25.731595993042,-14.9490003585815,"Unknown"
"5020558",378628,2026-04-27 20:15:58,25.7281246185303,-14.9520606994629,"Unknown"
"5020558",378628,2026-04-27 20:20:58,25.7265186309814,-14.953387260437,"Unknown"
"5020558",378628,2026-04-27 20:25:58,25.7249183654785,-14.9548635482788,"Unknown"
"5020558",378628,2026-04-27 20:30:58,25.7233943939209,-14.9562339782715,"Unknown"
"5020558",378628,2026-04-27 20:35:59,25.7219104766846,-14.9576396942139,"Unknown"
"5020558",378628,2026-04-27 20:40:58,25.7204074859619,-14.9590425491333,"Unknown"
"5020558",378628,2026-04-27 20:45:58,25.7188930511475,-14.9604091644287,"Unknown"
"5020558",378628,2026-04-27 20:50:58,25.7174854278564,-14.9617490768433,"Unknown"
"5020558",378628,2026-04-27 20:55:58,25.7160415649414,-14.9630174636841,"Unknown"
"5020558",378628,2026-04-27 21:00:58,25.7146530151367,-14.9643144607544,"Unknown"
"5020558",378628,2026-04-27 21:05:58,25.7132930755615,-14.9656658172607,"Unknown"
"5020558",378628,2026-04-27 21:10:58,25.711971282959,-14.9670896530151,"Unknown"
"5020558",378628,2026-04-27 21:15:58,25.7106246948242,-14.9684019088745,"Unknown"
"5020558",378628,2026-04-27 21:20:58,25.7092971801758,-14.9697103500366,"Unknown"
"5020558",378628,2026-04-27 21:25:59,25.7079486846924,-14.9708919525146,"Unknown"
"5020558",378628,2026-04-27 21:30:58,25.7066707611084,-14.972053527832,"Unknown"
"5020558",378628,2026-04-27 21:35:58,25.7053070068359,-14.9730749130249,"Unknown"
"5020558",378628,2026-04-27 21:40:58,25.7039699554443,-14.9740943908691,"Unknown"
"5020558",378628,2026-04-27 21:45:58,25.7026500701904,-14.9752378463745,"Unknown"
"5020558",378628,2026-04-27 21:50:58,25.7012748718262,-14.9763078689575,"Unknown"
"5020558",378628,2026-04-27 21:55:58,25.6999835968018,-14.9774370193481,"Unknown"
"5020558",378628,2026-04-27 22:00:58,25.6987228393555,-14.9785890579224,"Unknown"
"5020558",378628,2026-04-27 22:05:58,25.6972770690918,-14.9795236587524,"Unknown"
"5020558",378628,2026-04-27 22:10:58,25.6958503723145,-14.9804697036743,"Unknown"
"5020558",378628,2026-04-27 22:15:58,25.6945705413818,-14.9815292358398,"Unknown"
"5020558",378628,2026-04-27 22:20:58,25.6933631896973,-14.9828004837036,"Unknown"
"5020558",378628,2026-04-27 22:25:58,25.6921768188477,-14.9840841293335,"Unknown"
"5020558",378628,2026-04-27 22:30:58,25.6909770965576,-14.9852180480957,"Unknown"
"5020558",378628,2026-04-27 22:35:58,25.6898002624512,-14.9864645004272,"Unknown"
"5020558",378628,2026-04-27 22:40:58,25.6886024475098,-14.9874992370605,"Unknown"
"5020558",378628,2026-04-27 22:45:59,25.6873512268066,-14.9884824752808,"Unknown"
"5020558",378628,2026-04-27 22:50:58,25.6862201690674,-14.989631652832,"Unknown"
"5020558",378628,2026-04-27 22:55:58,25.6851329803467,-14.9910182952881,"Unknown"
"5020558",378628,2026-04-27 23:00:59,25.6840286254883,-14.9922657012939,"Unknown"
"5020558",378628,2026-04-27 23:05:59,25.6830825805664,-14.9934949874878,"Unknown"
"5020558",378628,2026-04-27 23:10:58,25.6820468902588,-14.9945487976074,"Unknown"
"5020558",378628,2026-04-27 23:16:00,25.6809024810791,-14.9955549240112,"Unknown"
"5020558",378628,2026-04-27 23:21:00,25.6797657012939,-14.9965114593506,"Unknown"
"5020558",378628,2026-04-27 23:26:17,25.6786670684814,-14.9977359771729,"Unknown"
"5020558",378628,2026-04-27 23:31:00,25.6777362823486,-14.9988327026367,"Unknown"
"5020558",378628,2026-04-27 23:36:02,25.6767330169678,-15.0000352859497,"Unknown"
"5020558",378628,2026-04-27 23:41:03,25.6757411956787,-15.0011701583862,"Unknown"
"5020558",378628,2026-04-27 23:46:27,25.6746482849121,-15.0024194717407,"Unknown"
"5020558",378628,2026-04-27 23:50:58,25.673807144165,-15.0034914016724,"Unknown"
"5020558",378628,2026-04-27 23:55:58,25.6728363037109,-15.0047101974487,"Unknown"
"5020558",378628,2026-04-28 00:00:58,25.6718940734863,-15.0059089660645,"Unknown"
"5020558",378628,2026-04-28 00:05:58,25.6710205078125,-15.0071287155151,"Unknown"
"5020558",378628,2026-04-28 00:16:01,25.6692543029785,-15.0095262527466,"Unknown"
"5020558",378628,2026-04-28 00:25:59,25.666130065918,-15.0076589584351,"Unknown"
"5020558",378628,2026-04-28 00:30:58,25.6651973724365,-15.0093078613281,"Unknown"
"5020558",378628,2026-04-28 00:35:59,25.6643028259277,-15.0109128952026,"Unknown"
"5020558",378628,2026-04-28 00:41:00,25.6633892059326,-15.0124683380127,"Unknown"
"5020558",378628,2026-04-28 00:45:58,25.6624755859375,-15.014087677002,"Unknown"
"5020558",378628,2026-04-28 00:51:01,25.6615695953369,-15.0156049728394,"Unknown"
"5020558",378628,2026-04-28 00:56:03,25.660758972168,-15.0172443389893,"Unknown"
"5020558",378628,2026-04-28 01:01:00,25.6598796844482,-15.0187721252441,"Unknown"
"5020558",378628,2026-04-28 01:06:02,25.6589336395264,-15.0202770233154,"Unknown"
"5020558",378628,2026-04-28 01:10:58,25.6580085754395,-15.0217180252075,"Unknown"
"5020558",378628,2026-04-28 01:21:27,25.6560802459717,-15.024658203125,"Unknown"
"5020558",378628,2026-04-28 01:25:58,25.655345916748,-15.0259847640991,"Unknown"
"5020558",378628,2026-04-28 01:35:58,25.6537246704102,-15.0288715362549,"Unknown"
"5020558",378628,2026-04-28 01:40:58,25.6528511047363,-15.0302352905273,"Unknown"
"5020558",378628,2026-04-28 01:50:59,25.650972366333,-15.0328359603882,"Unknown"
"5020558",378628,2026-04-28 02:00:59,25.6491107940674,-15.035361289978,"Unknown"
"5020558",378628,2026-04-28 02:10:59,25.6473217010498,-15.0378541946411,"Unknown"
"5020558",378628,2026-04-28 02:21:01,25.643367767334,-15.0362396240234,"Unknown"
"5020558",378628,2026-04-28 02:30:58,25.6447048187256,-15.0362329483032,"Unknown"
"5020558",378628,2026-04-28 02:41:01,25.6427688598633,-15.0381259918213,"Unknown"
"5020558",378628,2026-04-28 02:50:58,25.6469497680664,-15.0084505081177,"Unknown"
"5020558",378628,2026-04-28 03:01:06,25.6449661254883,-15.0100507736206,"Unknown"
"5020558",378628,2026-04-28 03:10:58,25.6429424285889,-15.0113897323608,"Unknown"
"5020558",378628,2026-04-28 03:21:02,25.6408729553223,-15.0128412246704,"Unknown"
"5020558",378628,2026-04-28 03:31:03,25.6388530731201,-15.0142240524292,"Unknown"
"5020558",378628,2026-04-28 03:41:27,25.6367015838623,-15.0158176422119,"Unknown"
"5020558",378628,2026-04-28 03:50:58,25.6349582672119,-15.0173254013062,"Unknown"
"5020558",378628,2026-04-28 04:00:58,25.6335468292236,-15.019082069397,"Unknown"
"5020558",378628,2026-04-28 04:15:58,25.6314334869385,-15.0220766067505,"Unknown"
"5020558",378628,2026-04-28 04:25:59,25.6301078796387,-15.0241899490356,"Unknown"
"5020558",378628,2026-04-28 04:35:58,25.6286087036133,-15.0265827178955,"Unknown"
"5020558",378628,2026-04-28 04:46:00,25.6269645690918,-15.0288362503052,"Unknown"
"5020558",378628,2026-04-28 04:56:00,25.6251201629639,-15.0310621261597,"Unknown"
"5020558",378628,2026-04-28 05:05:59,25.6234226226807,-15.0332593917847,"Unknown"
"5020558",378628,2026-04-28 05:15:59,25.6217365264893,-15.035530090332,"Unknown"
"5020558",378628,2026-04-28 05:26:00,25.6200714111328,-15.0378437042236,"Unknown"
"5020558",378628,2026-04-28 05:35:59,25.6182899475098,-15.040114402771,"Unknown"
"5020558",378628,2026-04-28 05:46:09,25.6167182922363,-15.0426206588745,"Unknown"
"5020558",378628,2026-04-28 05:56:27,25.6151790618896,-15.0451173782349,"Unknown"
"5020558",378628,2026-04-28 06:06:07,25.6134052276611,-15.0468425750732,"Unknown"
"5020558",378628,2026-04-28 06:16:01,25.6213665008545,-15.0261363983154,"Unknown"
"5020558",378628,2026-04-28 06:25:58,25.6248073577881,-14.9830160140991,"Unknown"
"5020558",378628,2026-04-28 06:35:58,25.630464553833,-14.9350070953369,"Unknown"
"5020558",378628,2026-04-28 06:45:59,25.651309967041,-14.8988389968872,"Unknown"
"5020558",378628,2026-04-28 06:56:00,25.6826610565186,-14.9353361129761,"Unknown"
"5020558",378628,2026-04-28 07:06:00,25.726957321167,-14.9309501647949,"Unknown"
"5020558",378628,2026-04-28 07:15:58,25.7529373168945,-14.9089136123657,"Unknown"
"5020558",378628,2026-04-28 07:25:58,25.7832202911377,-14.9097480773926,"Unknown"
"5020558",378628,2026-04-28 07:35:59,25.7938404083252,-14.892261505127,"Unknown"
"5020558",378628,2026-04-28 07:46:00,25.791467666626,-14.8948879241943,"Unknown"
"5020558",378628,2026-04-28 07:56:00,25.7879333496094,-14.8972005844116,"Unknown"
"5020558",378628,2026-04-28 08:06:26,25.79172706604,-14.8983430862427,"Unknown"
"5020558",378628,2026-04-28 08:15:58,25.7901306152344,-14.894287109375,"Unknown"
"5020558",378628,2026-04-28 08:26:01,25.7864398956299,-14.8967924118042,"Unknown"
"5020558",378628,2026-04-28 08:36:02,25.7830657958984,-14.8993711471558,"Unknown"
"5020558",378628,2026-04-28 08:46:01,25.779670715332,-14.9017219543457,"Unknown"
"5020558",378628,2026-04-28 08:51:03,25.7779579162598,-14.902907371521,"Unknown"
"5020558",378628,2026-04-28 08:56:00,25.7762012481689,-14.9040441513062,"Unknown"
"5020558",378628,2026-04-28 09:00:59,25.7745475769043,-14.905309677124,"Unknown"
"5020558",378628,2026-04-28 09:05:58,25.7727947235107,-14.9066429138184,"Unknown"
"5020558",378628,2026-04-28 09:10:58,25.7711544036865,-14.907998085022,"Unknown"
"5020558",378628,2026-04-28 09:15:58,25.7694892883301,-14.9093170166016,"Unknown"
"5020558",378628,2026-04-28 09:20:59,25.7677631378174,-14.910572052002,"Unknown"
"5020558",378628,2026-04-28 09:25:59,25.7659931182861,-14.9117965698242,"Unknown"
"5020558",378628,2026-04-28 09:31:00,25.7628650665283,-14.9091081619263,"Unknown"
"5020558",378628,2026-04-28 09:36:01,25.7646789550781,-14.9099760055542,"Unknown"
"5020558",378628,2026-04-28 09:41:00,25.762996673584,-14.9113883972168,"Unknown"
"5020558",378628,2026-04-28 09:46:02,25.7612895965576,-14.9127254486084,"Unknown"
"5020558",378628,2026-04-28 09:51:01,25.7632503509521,-14.913366317749,"Unknown"
"5020558",378628,2026-04-28 09:56:02,25.7708530426025,-14.915415763855,"Unknown"
"5020558",378628,2026-04-28 10:01:00,25.7691173553467,-14.9167747497559,"Unknown"
"5020558",378628,2026-04-28 10:06:03,25.7673606872559,-14.9181871414185,"Unknown"
"5020558",378628,2026-04-28 10:11:02,25.7657299041748,-14.9195318222046,"Unknown"
"5020558",378628,2026-04-28 10:16:02,25.7641010284424,-14.9208164215088,"Unknown"
"5020558",378628,2026-04-28 10:21:02,25.7624492645264,-14.9222469329834,"Unknown"
"5020558",378628,2026-04-28 10:26:04,25.7607326507568,-14.923526763916,"Unknown"
"5020558",378628,2026-04-28 10:31:01,25.7691841125488,-14.9271793365479,"Unknown"
"5020558",378628,2026-04-28 10:36:01,25.7823638916016,-14.9434843063354,"Unknown"
"5020558",378628,2026-04-28 10:42:24,25.7924919128418,-14.9807815551758,"Unknown"
"5020558",378628,2026-04-28 10:47:24,25.8056678771973,-14.9946508407593,"Unknown"
"5020558",378628,2026-04-28 10:52:24,25.8195285797119,-14.9983224868774,"Unknown"
"5020558",378628,2026-04-28 10:57:24,25.8304386138916,-14.9821081161499,"Unknown"
"5020558",378628,2026-04-28 11:02:24,25.8440074920654,-14.9748725891113,"Unknown"
"5020558",378628,2026-04-28 11:07:24,25.8580951690674,-14.9789247512817,"Unknown"
"5020558",378628,2026-04-28 11:12:24,25.8669776916504,-15.0080242156982,"Unknown"
"5020558",378628,2026-04-28 11:37:24,25.9085426330566,-15.1115999221802,"Unknown"
"5020558",378628,2026-04-28 11:41:00,25.9081439971924,-15.111967086792,"Unknown"
"5020558",378628,2026-04-28 11:45:59,25.9178142547607,-15.1266012191772,"Unknown"
"5020558",378628,2026-04-28 11:51:00,25.9317741394043,-15.1531372070312,"Unknown"
"5020558",378628,2026-04-28 11:55:59,25.9465675354004,-15.1776351928711,"Unknown"
"5020558",378628,2026-04-28 12:02:24,25.9639892578125,-15.2137365341187,"Unknown"
"5020558",378628,2026-04-28 12:07:24,25.978687286377,-15.2408876419067,"Unknown"
"5020558",378628,2026-04-28 12:16:00,26.0013580322266,-15.2831525802612,"Unknown"
"5020558",378628,2026-04-28 12:20:59,26.0171909332275,-15.3097047805786,"Unknown"
"5020558",378628,2026-04-28 12:25:59,26.0323047637939,-15.3374586105347,"Unknown"
"5020558",378628,2026-04-28 12:30:57,26.046932220459,-15.3647451400757,"Unknown"
"5020558",378628,2026-04-28 12:35:57,26.064079284668,-15.3902082443237,"Unknown"
"5020558",378628,2026-04-28 12:40:57,26.0811367034912,-15.4149045944214,"Unknown"
"5020558",378628,2026-04-28 12:46:00,26.0978946685791,-15.4417247772217,"Unknown"
"5020558",378628,2026-04-28 12:50:58,26.1157512664795,-15.4657278060913,"Unknown"
"5020558",378628,2026-04-28 12:55:58,26.1313323974609,-15.4953451156616,"Unknown"
"5020558",378628,2026-04-28 13:00:58,26.1468734741211,-15.5252590179443,"Unknown"
"5020558",378628,2026-04-28 13:05:58,26.1540260314941,-15.5402345657349,"Unknown"
"5020558",378628,2026-04-28 13:11:00,26.1693344116211,-15.5701313018799,"Unknown"
"5020558",378628,2026-04-28 13:16:00,26.1842174530029,-15.597261428833,"Unknown"
"5020558",378628,2026-04-28 13:20:59,26.2011814117432,-15.6258354187012,"Unknown"
"5020558",378628,2026-04-28 13:27:22,26.223949432373,-15.659646987915,"Unknown"
"5020558",378628,2026-04-28 13:32:22,26.2399234771729,-15.6884136199951,"Unknown"
"5020558",378628,2026-04-28 13:37:22,26.2549228668213,-15.7199401855469,"Unknown"
"5020558",378628,2026-04-28 13:40:59,26.265998840332,-15.7428693771362,"Unknown"
"5020558",378628,2026-04-28 13:45:59,26.2812576293945,-15.772515296936,"Unknown"
"5020558",378628,2026-04-28 13:50:59,26.2976417541504,-15.8001441955566,"Unknown"
"5020558",378628,2026-04-28 13:57:22,26.3201007843018,-15.8334226608276,"Unknown"
"5020558",378628,2026-04-28 14:27:22,26.4293727874756,-15.9989967346191,"Unknown"
"5020558",378628,2026-04-28 14:31:27,26.4404258728027,-16.0121936798096,"Unknown"
"5020558",378628,2026-04-28 14:35:57,26.4469795227051,-16.0242252349854,"Unknown"
"5020558",378628,2026-04-28 14:40:57,26.4672946929932,-16.0505771636963,"Unknown"
"5020558",378628,2026-04-28 14:45:59,26.4859943389893,-16.0780487060547,"Unknown"
"5020558",378628,2026-04-28 14:51:03,26.5053863525391,-16.1066474914551,"Unknown"
"5020558",378628,2026-04-28 14:55:59,26.5254554748535,-16.129093170166,"Unknown"
"5020558",378628,2026-04-28 15:01:00,26.5476474761963,-16.1530990600586,"Unknown"
"5020558",378628,2026-04-28 15:05:58,26.5695304870605,-16.1765804290771,"Unknown"
"5020558",378628,2026-04-28 15:10:57,26.5926780700684,-16.1944408416748,"Unknown"
"5020558",378628,2026-04-28 15:15:59,26.6156005859375,-16.2173595428467,"Unknown"
"5020558",378628,2026-04-28 15:20:59,26.6386432647705,-16.2369403839111,"Unknown"
"5020558",378628,2026-04-28 15:25:59,26.6620769500732,-16.2550430297852,"Unknown"
"5020558",378628,2026-04-28 15:30:59,26.6831073760986,-16.2764644622803,"Unknown"
"5020558",378628,2026-04-28 15:35:57,26.7053337097168,-16.2967700958252,"Unknown"
"5020558",378628,2026-04-28 15:41:00,26.7176609039307,-16.3083419799805,"Unknown"
"5020558",378628,2026-04-28 15:45:57,26.715648651123,-16.3142719268799,"Unknown"
"5020558",378628,2026-04-28 15:51:00,26.7119121551514,-16.3213558197021,"Unknown"
"5020558",378628,2026-04-28 15:56:00,26.7093162536621,-16.3264198303223,"Unknown"
"5020558",378628,2026-04-28 16:01:17,26.705249786377,-16.3344554901123,"Unknown"
"5020558",378628,2026-04-28 16:06:00,26.7167205810547,-16.3519020080566,"Unknown"
"5020558",378628,2026-04-28 16:15:57,26.7624988555908,-16.3928661346436,"Unknown"
"5020558",378628,2026-04-28 16:21:00,26.7880363464355,-16.4127788543701,"Unknown"
"5020558",378628,2026-04-28 16:26:01,26.8136100769043,-16.4316482543945,"Unknown"
"5020558",378628,2026-04-28 16:32:22,26.8448238372803,-16.4559898376465,"Unknown"
"5020558",378628,2026-04-28 16:37:22,26.8702354431152,-16.4751243591309,"Unknown"
"5020558",378628,2026-04-28 16:42:22,26.8969745635986,-16.4937725067139,"Unknown"
"5020558",378628,2026-04-28 16:47:22,26.9233360290527,-16.5143051147461,"Unknown"
"5020558",378628,2026-04-28 16:52:22,26.9494132995605,-16.534646987915,"Unknown"
"5020558",378628,2026-04-28 16:57:22,26.9662761688232,-16.5509510040283,"Unknown"
"5020558",378628,2026-04-28 17:02:22,26.9737377166748,-16.5638980865479,"Unknown"
"5020558",378628,2026-04-28 17:06:46,26.9771881103516,-16.567268371582,"Unknown"
"5020558",378628,2026-04-28 17:10:57,26.977087020874,-16.5674133300781,"Unknown"
"5020558",378628,2026-04-28 17:15:57,26.9827938079834,-16.5673599243164,"Unknown"
"5020558",378628,2026-04-28 17:20:57,26.9830875396729,-16.5664196014404,"Unknown"
"5020558",378628,2026-04-28 17:25:57,26.9851417541504,-16.5634651184082,"Unknown"
"5020558",378628,2026-04-28 17:30:57,26.9841461181641,-16.5606422424316,"Unknown"
"5020558",378628,2026-04-28 17:35:57,26.9872074127197,-16.5605773925781,"Unknown"
"5020558",378628,2026-04-28 17:41:01,26.9886016845703,-16.5573921203613,"Unknown"
"5020558",378628,2026-04-28 17:45:57,27.001127243042,-16.5690860748291,"Unknown"
"5020558",378628,2026-04-28 17:50:57,27.0236072540283,-16.5879516601562,"Unknown"
"5020558",378628,2026-04-28 17:56:00,27.0447483062744,-16.6109409332275,"Unknown"
"5020558",378628,2026-04-28 18:01:51,27.0713481903076,-16.6353340148926,"Unknown"
"5020558",378628,2026-04-28 18:05:58,27.0893306732178,-16.6539325714111,"Unknown"
"5020558",378628,2026-04-28 18:10:59,27.1130981445312,-16.6738586425781,"Unknown"
"5020558",378628,2026-04-28 18:15:59,27.1348609924316,-16.6977977752686,"Unknown"
"5020558",378628,2026-04-28 18:21:00,27.1585884094238,-16.7207851409912,"Unknown"
"5020558",378628,2026-04-28 18:25:57,27.1815490722656,-16.7452850341797,"Unknown"
"5020558",378628,2026-04-28 18:30:59,27.2037467956543,-16.772855758667,"Unknown"
"5020558",378628,2026-04-28 18:35:56,27.2271404266357,-16.794750213623,"Unknown"
"5020558",378628,2026-04-28 18:40:58,27.253532409668,-16.8162250518799,"Unknown"
"5020558",378628,2026-04-28 18:45:59,27.2812519073486,-16.8360729217529,"Unknown"
"5020558",378628,2026-04-28 18:50:58,27.3036041259766,-16.8642902374268,"Unknown"
"5020558",378628,2026-04-28 18:55:57,27.3284873962402,-16.8897800445557,"Unknown"
"5020558",378628,2026-04-28 19:00:57,27.3508491516113,-16.9170875549316,"Unknown"
"5020558",378628,2026-04-28 19:06:00,27.3728485107422,-16.9451389312744,"Unknown"
"5020558",378628,2026-04-28 19:12:22,27.4020824432373,-16.9791011810303,"Unknown"
"5020558",378628,2026-04-28 19:17:22,27.4248123168945,-17.0058517456055,"Unknown"
"5020558",378628,2026-04-28 19:20:57,27.4432601928711,-17.0224361419678,"Unknown"
"5020558",378628,2026-04-28 19:25:58,27.4696159362793,-17.04563331604,"Unknown"
"5020558",378628,2026-04-28 19:30:57,27.4968891143799,-17.0692119598389,"Unknown"
"5020558",378628,2026-04-28 19:35:58,27.5245571136475,-17.0927810668945,"Unknown"
"5020558",378628,2026-04-28 19:40:57,27.5523262023926,-17.1138248443604,"Unknown"
"5020558",378628,2026-04-28 19:45:57,27.5813331604004,-17.1357955932617,"Unknown"
"5020558",378628,2026-04-28 19:50:57,27.6116523742676,-17.1553554534912,"Unknown"
"5020558",378628,2026-04-28 19:55:57,27.6436462402344,-17.1744842529297,"Unknown"
"5020558",378628,2026-04-28 20:02:22,27.685525894165,-17.2026138305664,"Unknown"
"5020558",378628,2026-04-28 20:06:27,27.7132091522217,-17.2192821502686,"Unknown"
"5020558",378628,2026-04-28 20:11:11,27.7460346221924,-17.2357616424561,"Unknown"
"5020558",378628,2026-04-28 20:16:11,27.7812118530273,-17.2473602294922,"Unknown"
"5020558",378628,2026-04-28 20:21:11,27.8164539337158,-17.2506771087646,"Unknown"
"5020558",378628,2026-04-28 20:26:11,27.8497886657715,-17.2530574798584,"Unknown"
"5020558",378628,2026-04-28 20:31:11,27.8807125091553,-17.2534942626953,"Unknown"
"5020558",378628,2026-04-28 20:36:57,27.9170608520508,-17.25390625,"Unknown"
"5020558",378628,2026-04-28 20:41:11,27.944408416748,-17.2521572113037,"Unknown"
"5020558",378628,2026-04-28 20:46:11,27.9783592224121,-17.2484970092773,"Unknown"
"5020558",378628,2026-04-28 20:51:11,28.0066699981689,-17.2607002258301,"Unknown"
"5020558",378628,2026-04-28 20:56:11,28.0216255187988,-17.286922454834,"Unknown"
"5020558",378628,2026-04-28 21:01:12,28.0357551574707,-17.3129119873047,"Unknown"
"5020558",378628,2026-04-28 21:06:11,28.050609588623,-17.3338451385498,"Unknown"
"5020558",378628,2026-04-28 21:11:11,28.0559787750244,-17.3512706756592,"Unknown"
"5020558",378628,2026-04-28 21:16:11,28.066162109375,-17.3778553009033,"Unknown"
"5020558",378628,2026-04-28 21:21:11,28.0783138275146,-17.4050045013428,"Unknown"
"5020558",378628,2026-04-28 21:26:11,28.0962505340576,-17.4290409088135,"Unknown"
"5020558",378628,2026-04-28 21:31:11,28.1178169250488,-17.4502811431885,"Unknown"
"5020558",378628,2026-04-28 21:36:11,28.1417007446289,-17.4696674346924,"Unknown"
"5020558",378628,2026-04-28 21:41:11,28.165397644043,-17.4902534484863,"Unknown"
"5020558",378628,2026-04-28 21:46:11,28.1900386810303,-17.5093574523926,"Unknown"
"5020558",378628,2026-04-28 21:51:11,28.2143955230713,-17.5302047729492,"Unknown"
"5020558",378628,2026-04-28 21:56:11,28.2414264678955,-17.5446395874023,"Unknown"
"5020558",378628,2026-04-28 22:01:11,28.2678089141846,-17.5612812042236,"Unknown"
"5020558",378628,2026-04-28 22:06:11,28.2948741912842,-17.5776290893555,"Unknown"
"5020558",378628,2026-04-28 22:11:11,28.322229385376,-17.5931529998779,"Unknown"
"5020558",378628,2026-04-28 22:16:14,28.3485870361328,-17.6116218566895,"Unknown"
"5020558",378628,2026-04-28 22:21:11,28.373046875,-17.6336250305176,"Unknown"
"5020558",378628,2026-04-28 22:26:11,28.3967781066895,-17.6587562561035,"Unknown"
"5020558",378628,2026-04-28 22:31:12,28.4192771911621,-17.684289932251,"Unknown"
"5020558",378628,2026-04-28 22:36:12,28.4405670166016,-17.7099075317383,"Unknown"
"5020558",378628,2026-04-28 22:41:11,28.4605045318604,-17.7355194091797,"Unknown"
"5020558",378628,2026-04-28 22:46:11,28.4819049835205,-17.7613124847412,"Unknown"
"5020558",378628,2026-04-28 22:47:11,28.4862842559814,-17.7656803131104,"Unknown"
"5020558",378628,2026-04-28 22:48:11,28.4906616210938,-17.7700042724609,"Unknown"
"5020558",378628,2026-04-28 22:49:11,28.495849609375,-17.7722091674805,"Unknown"
"5020558",378628,2026-04-28 22:50:13,28.5015544891357,-17.7736740112305,"Unknown"
"5020558",378628,2026-04-28 22:51:11,28.5070571899414,-17.7744121551514,"Unknown"
"5020558",378628,2026-04-28 22:52:13,28.5129814147949,-17.7753639221191,"Unknown"
"5020558",378628,2026-04-28 22:53:11,28.5178508758545,-17.7756023406982,"Unknown"
"5020558",378628,2026-04-28 22:54:11,28.5230884552002,-17.7766895294189,"Unknown"
"5020558",378628,2026-04-28 22:55:11,28.5243549346924,-17.7764949798584,"Unknown"
"5020558",378628,2026-04-28 22:56:11,28.5243358612061,-17.7764453887939,"Unknown"
"5020558",378628,2026-04-28 22:57:11,28.5243072509766,-17.7764167785645,"Unknown"
"5020558",378628,2026-04-28 22:58:11,28.524284362793,-17.7763710021973,"Unknown"
"5020558",378628,2026-04-28 22:59:11,28.5251712799072,-17.7766342163086,"Unknown"
"5020558",378628,2026-04-28 23:00:11,28.5294799804688,-17.7769260406494,"Unknown"
"5020558",378628,2026-04-28 23:01:11,28.5347537994385,-17.7776508331299,"Unknown"
"5020558",378628,2026-04-28 23:02:13,28.5404434204102,-17.7771186828613,"Unknown"
"5020558",378628,2026-04-28 23:03:11,28.5450859069824,-17.7744579315186,"Unknown"
"5020558",378628,2026-04-28 23:04:12,28.5487289428711,-17.7699966430664,"Unknown"
"5020558",378628,2026-04-28 23:05:13,28.5522842407227,-17.7646236419678,"Unknown"
"5020558",378628,2026-04-28 23:06:12,28.5567951202393,-17.7610168457031,"Unknown"
"5020558",378628,2026-04-28 23:07:12,28.5612983703613,-17.757266998291,"Unknown"
"5020558",378628,2026-04-28 23:08:11,28.56591796875,-17.7528743743896,"Unknown"
"5020558",378628,2026-04-28 23:09:12,28.5712184906006,-17.7496643066406,"Unknown"
"5020558",378628,2026-04-28 23:10:12,28.5769309997559,-17.7486152648926,"Unknown"
"5020558",378628,2026-04-28 23:11:11,28.5820045471191,-17.748197555542,"Unknown"
"5020558",378628,2026-04-28 23:12:12,28.5878143310547,-17.7475204467773,"Unknown"
"5020558",378628,2026-04-28 23:13:14,28.5937995910645,-17.746187210083,"Unknown"
"5020558",378628,2026-04-28 23:14:12,28.5995330810547,-17.7445697784424,"Unknown"
"5020558",378628,2026-04-28 23:15:12,28.6053104400635,-17.7431221008301,"Unknown"
"5020558",378628,2026-04-28 23:16:12,28.611011505127,-17.743688583374,"Unknown"
"5020558",378628,2026-04-28 23:17:14,28.6170234680176,-17.7450294494629,"Unknown"
"5020558",378628,2026-04-28 23:18:11,28.6223182678223,-17.7451286315918,"Unknown"
"5020558",378628,2026-04-28 23:19:12,28.628116607666,-17.7470951080322,"Unknown"
"5020558",378628,2026-04-28 23:20:11,28.633659362793,-17.7491683959961,"Unknown"
"5020558",378628,2026-04-28 23:21:11,28.6397247314453,-17.7498912811279,"Unknown"
"5020558",378628,2026-04-28 23:22:11,28.6455612182617,-17.7512817382812,"Unknown"
"5020558",378628,2026-04-28 23:23:12,28.6516590118408,-17.7517356872559,"Unknown"
"5020558",378628,2026-04-28 23:24:13,28.6580257415771,-17.7525405883789,"Unknown"
"5020558",378628,2026-04-28 23:25:12,28.6638584136963,-17.7535495758057,"Unknown"
"5020558",378628,2026-04-28 23:26:13,28.670337677002,-17.7538070678711,"Unknown"
"5020558",378628,2026-04-28 23:27:15,28.6768665313721,-17.7531814575195,"Unknown"
"5020558",378628,2026-04-28 23:29:36,28.6919841766357,-17.7492828369141,"Unknown"
"5020558",378628,2026-04-28 23:31:06,28.7011566162109,-17.7447929382324,"Unknown"
"5020558",378628,2026-04-28 23:32:36,28.7074432373047,-17.7390270233154,"Unknown"
"5020558",378628,2026-04-28 23:34:06,28.7141990661621,-17.7315845489502,"Unknown"
"5020558",378628,2026-04-28 23:35:05,28.7191505432129,-17.7271041870117,"Unknown"
"5020558",378628,2026-04-28 23:35:11,28.7197360992432,-17.7268390655518,"Unknown"
"5020558",378628,2026-04-28 23:36:11,28.725154876709,-17.7237701416016,"Unknown"
"5020558",378628,2026-04-28 23:37:11,28.7302913665771,-17.7198867797852,"Unknown"
"5020558",378628,2026-04-28 23:42:13,28.7543869018555,-17.7166004180908,"Unknown"
"5020558",378628,2026-04-28 23:47:13,28.7635250091553,-17.7223720550537,"Unknown"
"5020558",378628,2026-04-28 23:52:14,28.7636566162109,-17.722053527832,"Unknown"
"5020558",378628,2026-04-28 23:57:33,28.7638053894043,-17.7215251922607,"Unknown"
"5020558",378628,2026-04-29 00:02:11,28.7645282745361,-17.7250213623047,"Unknown"
"5020558",378628,2026-04-29 00:07:11,28.7788619995117,-17.7346591949463,"Unknown"
"5020558",378628,2026-04-29 00:08:11,28.7793941497803,-17.7354640960693,"Unknown"
"5020558",378628,2026-04-29 00:09:11,28.7794494628906,-17.7353839874268,"Unknown"
"5020558",378628,2026-04-29 00:10:11,28.7794971466064,-17.735294342041,"Unknown"
"5020558",378628,2026-04-29 00:11:11,28.7796440124512,-17.7352275848389,"Unknown"
"5020558",378628,2026-04-29 00:12:11,28.7796993255615,-17.735200881958,"Unknown"
"5020558",378628,2026-04-29 00:13:11,28.77978515625,-17.7351474761963,"Unknown"
"5020558",378628,2026-04-29 00:14:11,28.7798862457275,-17.7349796295166,"Unknown"
"5020558",378628,2026-04-29 00:15:11,28.7799987792969,-17.7349243164062,"Unknown"
"5020558",378628,2026-04-29 00:16:11,28.7801036834717,-17.7348365783691,"Unknown"
"5020558",378628,2026-04-29 00:17:11,28.7801876068115,-17.7347812652588,"Unknown"
"5020558",378628,2026-04-29 00:18:11,28.7802925109863,-17.7347183227539,"Unknown"
"5020558",378628,2026-04-29 00:19:11,28.780403137207,-17.7346458435059,"Unknown"
"5020558",378628,2026-04-29 00:20:11,28.7804794311523,-17.7346000671387,"Unknown"
"5020558",378628,2026-04-29 00:21:11,28.7805423736572,-17.7345657348633,"Unknown"
"5020558",378628,2026-04-29 00:22:11,28.7806434631348,-17.7344722747803,"Unknown"
"5020558",378628,2026-04-29 00:23:11,28.7807331085205,-17.7343902587891,"Unknown"
"5020558",378628,2026-04-29 00:24:11,28.7808361053467,-17.734302520752,"Unknown"
"5020558",378628,2026-04-29 00:25:11,28.7808799743652,-17.734188079834,"Unknown"
"5020558",378628,2026-04-29 00:26:11,28.78102684021,-17.7340526580811,"Unknown"
"5020558",378628,2026-04-29 00:27:11,28.7811756134033,-17.7338714599609,"Unknown"
"5020558",378628,2026-04-29 00:28:11,28.7812652587891,-17.7338085174561,"Unknown"
"5020558",378628,2026-04-29 00:29:11,28.7813186645508,-17.7337226867676,"Unknown"
"5020558",378628,2026-04-29 00:30:11,28.7813720703125,-17.7336692810059,"Unknown"
"5020558",378628,2026-04-29 00:31:11,28.7814350128174,-17.733549118042,"Unknown"
"5020558",378628,2026-04-29 00:32:11,28.7815246582031,-17.7335071563721,"Unknown"
"5020558",378628,2026-04-29 00:33:11,28.7816028594971,-17.7334594726562,"Unknown"
"5020558",378628,2026-04-29 00:34:11,28.7816581726074,-17.7334232330322,"Unknown"
"5020558",378628,2026-04-29 00:35:11,28.7817058563232,-17.7334136962891,"Unknown"
"5020558",378628,2026-04-29 00:36:11,28.7817459106445,-17.7333278656006,"Unknown"
"5020558",378628,2026-04-29 00:37:11,28.7818088531494,-17.7332954406738,"Unknown"
"5020558",378628,2026-04-29 00:38:11,28.7818660736084,-17.7332649230957,"Unknown"
"5020558",378628,2026-04-29 00:39:11,28.7819309234619,-17.7332229614258,"Unknown"
"5020558",378628,2026-04-29 00:40:11,28.7819843292236,-17.7331848144531,"Unknown"
"5020558",378628,2026-04-29 00:41:12,28.7820453643799,-17.7331714630127,"Unknown"
"5020558",378628,2026-04-29 00:42:11,28.782096862793,-17.7331199645996,"Unknown"
"5020558",378628,2026-04-29 00:43:11,28.7821483612061,-17.7331142425537,"Unknown"
"5020558",378628,2026-04-29 00:44:11,28.7822074890137,-17.7331218719482,"Unknown"
"5020558",378628,2026-04-29 00:45:11,28.782190322876,-17.733081817627,"Unknown"
"5020558",378628,2026-04-29 00:46:11,28.7820606231689,-17.7351665496826,"Unknown"
"5020558",378628,2026-04-29 00:47:11,28.7820625305176,-17.7351894378662,"Unknown"
"5020558",378628,2026-04-29 00:48:11,28.7820720672607,-17.7351818084717,"Unknown"
"5020558",378628,2026-04-29 00:49:11,28.782112121582,-17.7351741790771,"Unknown"
"5020558",378628,2026-04-29 00:50:11,28.7821235656738,-17.7351837158203,"Unknown"
"5020558",378628,2026-04-29 00:51:11,28.7821063995361,-17.7351837158203,"Unknown"
"5020558",378628,2026-04-29 00:52:11,28.7820587158203,-17.7351665496826,"Unknown"
"5020558",378628,2026-04-29 00:53:11,28.7819709777832,-17.7351245880127,"Unknown"
"5020558",378628,2026-04-29 00:54:11,28.7819023132324,-17.7350425720215,"Unknown"
"5020558",378628,2026-04-29 00:55:11,28.7818603515625,-17.7350273132324,"Unknown"
"5020558",378628,2026-04-29 00:56:11,28.7818069458008,-17.7349948883057,"Unknown"
"5020558",378628,2026-04-29 00:57:11,28.7817497253418,-17.7349720001221,"Unknown"
"5020558",378628,2026-04-29 00:58:11,28.7815780639648,-17.7349281311035,"Unknown"
"5020558",378628,2026-04-29 00:59:11,28.7814445495605,-17.7349491119385,"Unknown"
"5020558",378628,2026-04-29 01:00:11,28.7814388275146,-17.7349090576172,"Unknown"
"5020558",378628,2026-04-29 01:01:11,28.7813987731934,-17.7348785400391,"Unknown"
"5020558",378628,2026-04-29 01:02:11,28.781364440918,-17.734884262085,"Unknown"
"5020558",378628,2026-04-29 01:03:11,28.7813262939453,-17.7348518371582,"Unknown"
"5020558",378628,2026-04-29 01:04:11,28.7813148498535,-17.734790802002,"Unknown"
"5020558",378628,2026-04-29 01:05:11,28.7812328338623,-17.734691619873,"Unknown"
"5020558",378628,2026-04-29 01:06:11,28.7811603546143,-17.7346649169922,"Unknown"
"5020558",378628,2026-04-29 01:07:11,28.7810077667236,-17.7345867156982,"Unknown"
"5020558",378628,2026-04-29 01:08:11,28.7809371948242,-17.7345695495605,"Unknown"
"5020558",378628,2026-04-29 01:09:11,28.7808609008789,-17.7345714569092,"Unknown"
"5020558",378628,2026-04-29 01:10:11,28.780818939209,-17.734546661377,"Unknown"
"5020558",378628,2026-04-29 01:11:11,28.7807331085205,-17.7345428466797,"Unknown"
"5020558",378628,2026-04-29 01:12:11,28.7806606292725,-17.7345314025879,"Unknown"
"5020558",378628,2026-04-29 01:13:13,28.7806148529053,-17.7345008850098,"Unknown"
"5020558",378628,2026-04-29 01:14:11,28.7805805206299,-17.7344551086426,"Unknown"
"5020558",378628,2026-04-29 01:15:11,28.7805271148682,-17.7344093322754,"Unknown"
"5020558",378628,2026-04-29 01:16:11,28.7804737091064,-17.7343788146973,"Unknown"
"5020558",378628,2026-04-29 01:17:11,28.7804698944092,-17.7343158721924,"Unknown"
"5020558",378628,2026-04-29 01:18:11,28.7804718017578,-17.7342796325684,"Unknown"
"5020558",378628,2026-04-29 01:19:11,28.7804584503174,-17.7342567443848,"Unknown"
"5020558",378628,2026-04-29 01:20:11,28.7804489135742,-17.7342338562012,"Unknown"
"5020558",378628,2026-04-29 01:21:11,28.7804698944092,-17.7342166900635,"Unknown"
"5020558",378628,2026-04-29 01:22:11,28.7805213928223,-17.734188079834,"Unknown"
"5020558",378628,2026-04-29 01:23:11,28.780574798584,-17.7341899871826,"Unknown"
"5020558",378628,2026-04-29 01:24:11,28.7806377410889,-17.7341060638428,"Unknown"
"5020558",378628,2026-04-29 01:25:11,28.780689239502,-17.7340812683105,"Unknown"
"5020558",378628,2026-04-29 01:26:11,28.7807502746582,-17.73410987854,"Unknown"
"5020558",378628,2026-04-29 01:27:11,28.7808036804199,-17.7341613769531,"Unknown"
"5020558",378628,2026-04-29 01:28:11,28.7808303833008,-17.7341766357422,"Unknown"
"5020558",378628,2026-04-29 01:29:11,28.7808856964111,-17.7341594696045,"Unknown"
"5020558",378628,2026-04-29 01:30:11,28.7809467315674,-17.7341213226318,"Unknown"
"5020558",378628,2026-04-29 01:31:11,28.7809791564941,-17.7340869903564,"Unknown"
"5020558",378628,2026-04-29 01:32:11,28.781042098999,-17.7340412139893,"Unknown"
"5020558",378628,2026-04-29 01:33:11,28.7810440063477,-17.7340335845947,"Unknown"
"5020558",378628,2026-04-29 01:34:11,28.7810459136963,-17.7340087890625,"Unknown"
"5020558",378628,2026-04-29 01:35:11,28.7810668945312,-17.7339382171631,"Unknown"
"5020558",378628,2026-04-29 01:36:11,28.7811012268066,-17.7338924407959,"Unknown"
"5020558",378628,2026-04-29 01:37:11,28.7811489105225,-17.7338676452637,"Unknown"
"5020558",378628,2026-04-29 01:38:11,28.781213760376,-17.7338123321533,"Unknown"
"5020558",378628,2026-04-29 01:39:11,28.7812442779541,-17.7337913513184,"Unknown"
"5020558",378628,2026-04-29 01:40:11,28.7812824249268,-17.7337799072266,"Unknown"
"5020558",378628,2026-04-29 01:41:11,28.7812786102295,-17.7337532043457,"Unknown"
"5020558",378628,2026-04-29 01:42:11,28.7812576293945,-17.7337131500244,"Unknown"
"5020558",378628,2026-04-29 01:43:12,28.7812480926514,-17.7336769104004,"Unknown"
"5020558",378628,2026-04-29 01:44:11,28.7812404632568,-17.7336502075195,"Unknown"
"5020558",378628,2026-04-29 01:45:11,28.7812232971191,-17.7336196899414,"Unknown"
"5020558",378628,2026-04-29 01:46:11,28.7812004089355,-17.7335987091064,"Unknown"
"5020558",378628,2026-04-29 01:47:11,28.7812156677246,-17.7335777282715,"Unknown"
"5020558",378628,2026-04-29 01:48:11,28.7811756134033,-17.7335433959961,"Unknown"
"5020558",378628,2026-04-29 01:49:11,28.7812118530273,-17.7335720062256,"Unknown"
"5020558",378628,2026-04-29 01:50:11,28.7812252044678,-17.7335205078125,"Unknown"
"5020558",378628,2026-04-29 01:51:11,28.7812118530273,-17.7334938049316,"Unknown"
"5020558",378628,2026-04-29 01:52:12,28.7812004089355,-17.7334632873535,"Unknown"
"5020558",378628,2026-04-29 01:53:11,28.7811870574951,-17.7334442138672,"Unknown"
"5020558",378628,2026-04-29 01:54:11,28.7811698913574,-17.7334136962891,"Unknown"
"5020558",378628,2026-04-29 01:55:11,28.7811241149902,-17.7334060668945,"Unknown"
"5020558",378628,2026-04-29 01:56:12,28.7811088562012,-17.7333908081055,"Unknown"
"5020558",378628,2026-04-29 01:57:12,28.781063079834,-17.7333545684814,"Unknown"
"5020558",378628,2026-04-29 01:58:11,28.781042098999,-17.7333316802979,"Unknown"
"5020558",378628,2026-04-29 01:59:11,28.7810134887695,-17.7332916259766,"Unknown"
"5020558",378628,2026-04-29 02:00:32,28.781005859375,-17.7332801818848,"Unknown"
"5020558",378628,2026-04-29 02:01:11,28.7809772491455,-17.7332649230957,"Unknown"
"5020558",378628,2026-04-29 02:02:11,28.7809753417969,-17.7332382202148,"Unknown"
"5020558",378628,2026-04-29 02:03:11,28.7804412841797,-17.7342967987061,"Unknown"
"5020558",378628,2026-04-29 02:04:11,28.7803573608398,-17.7342872619629,"Unknown"
"5020558",378628,2026-04-29 02:05:11,28.7803344726562,-17.7342433929443,"Unknown"
"5020558",378628,2026-04-29 02:06:11,28.7803268432617,-17.7341747283936,"Unknown"
"5020558",378628,2026-04-29 02:07:11,28.7802791595459,-17.7341613769531,"Unknown"
"5020558",378628,2026-04-29 02:08:11,28.7802772521973,-17.7340927124023,"Unknown"
"5020558",378628,2026-04-29 02:09:11,28.7802677154541,-17.7340354919434,"Unknown"
"5020558",378628,2026-04-29 02:10:12,28.7802333831787,-17.733980178833,"Unknown"
"5020558",378628,2026-04-29 02:11:11,28.7801780700684,-17.7339839935303,"Unknown"
"5020558",378628,2026-04-29 02:12:11,28.7801361083984,-17.7339572906494,"Unknown"
"5020558",378628,2026-04-29 02:13:11,28.780086517334,-17.7339363098145,"Unknown"
"5020558",378628,2026-04-29 02:14:11,28.7800350189209,-17.7338886260986,"Unknown"
"5020558",378628,2026-04-29 02:15:11,28.7799797058105,-17.7338733673096,"Unknown"
"5020558",378628,2026-04-29 02:16:11,28.7799320220947,-17.7338523864746,"Unknown"
"5020558",378628,2026-04-29 02:17:11,28.7798652648926,-17.7338008880615,"Unknown"
"5020558",378628,2026-04-29 02:18:11,28.7798252105713,-17.7337837219238,"Unknown"
"5020558",378628,2026-04-29 02:19:11,28.7797546386719,-17.7337493896484,"Unknown"
"5020558",378628,2026-04-29 02:20:11,28.7796936035156,-17.7336978912354,"Unknown"
"5020558",378628,2026-04-29 02:21:11,28.7796230316162,-17.7336521148682,"Unknown"
"5020558",378628,2026-04-29 02:22:11,28.7796211242676,-17.7336368560791,"Unknown"
"5020558",378628,2026-04-29 02:23:11,28.7795867919922,-17.7336254119873,"Unknown"
"5020558",378628,2026-04-29 02:24:11,28.7795543670654,-17.7335948944092,"Unknown"
"5020558",378628,2026-04-29 02:25:11,28.7795524597168,-17.733570098877,"Unknown"
"5020558",378628,2026-04-29 02:26:11,28.7795600891113,-17.7335472106934,"Unknown"
"5020558",378628,2026-04-29 02:27:11,28.7795333862305,-17.7335186004639,"Unknown"
"5020558",378628,2026-04-29 02:28:11,28.7795429229736,-17.7335166931152,"Unknown"
"5020558",378628,2026-04-29 02:29:11,28.7795276641846,-17.7334995269775,"Unknown"
"5020558",378628,2026-04-29 02:30:11,28.7795295715332,-17.7334861755371,"Unknown"
"5020558",378628,2026-04-29 02:31:11,28.7795066833496,-17.7334823608398,"Unknown"
"5020558",378628,2026-04-29 02:32:11,28.779483795166,-17.7334537506104,"Unknown"
"5020558",378628,2026-04-29 02:33:11,28.779483795166,-17.7333965301514,"Unknown"
"5020558",378628,2026-04-29 02:34:11,28.7794570922852,-17.7333679199219,"Unknown"
"5020558",378628,2026-04-29 02:35:11,28.7794799804688,-17.7333183288574,"Unknown"
"5020558",378628,2026-04-29 02:36:11,28.7795066833496,-17.7333030700684,"Unknown"
"5020558",378628,2026-04-29 02:37:11,28.7794818878174,-17.733304977417,"Unknown"
"5020558",378628,2026-04-29 02:38:11,28.7795009613037,-17.733304977417,"Unknown"
"5020558",378628,2026-04-29 02:39:11,28.7795028686523,-17.7332935333252,"Unknown"
"5020558",378628,2026-04-29 02:40:11,28.77952003479,-17.7333106994629,"Unknown"
"5020558",378628,2026-04-29 02:41:11,28.7795391082764,-17.7332916259766,"Unknown"
"5020558",378628,2026-04-29 02:42:11,28.7795391082764,-17.733226776123,"Unknown"
"5020558",378628,2026-04-29 02:43:11,28.7794876098633,-17.73317527771,"Unknown"
"5020558",378628,2026-04-29 02:44:11,28.7794761657715,-17.7331523895264,"Unknown"
"5020558",378628,2026-04-29 02:45:11,28.7794742584229,-17.7331295013428,"Unknown"
"5020558",378628,2026-04-29 02:46:11,28.7794895172119,-17.7331008911133,"Unknown"
"5020558",378628,2026-04-29 02:47:11,28.7794876098633,-17.7330989837646,"Unknown"
"5020558",378628,2026-04-29 02:48:11,28.7794742584229,-17.733097076416,"Unknown"
"5020558",378628,2026-04-29 02:58:12,28.7793960571289,-17.7328014373779,"Unknown"
"5020558",378628,2026-04-29 02:59:12,28.7793769836426,-17.732759475708,"Unknown"
"5020558",378628,2026-04-29 03:00:12,28.7793979644775,-17.732723236084,"Unknown"
"5020558",378628,2026-04-29 03:01:12,28.7794036865234,-17.7326850891113,"Unknown"
"5020558",378628,2026-04-29 03:02:13,28.7793922424316,-17.7326602935791,"Unknown"
"5020558",378628,2026-04-29 03:12:21,28.7797527313232,-17.7326641082764,"Unknown"
"5020558",378628,2026-04-29 03:13:15,28.7797508239746,-17.7326812744141,"Unknown"
"5020558",378628,2026-04-29 03:14:12,28.7797737121582,-17.7327270507812,"Unknown"
"5020558",378628,2026-04-29 03:24:33,28.7793636322021,-17.7336711883545,"Unknown"
"5020558",378628,2026-04-29 03:25:11,28.7793426513672,-17.7336807250977,"Unknown"
"5020558",378628,2026-04-29 03:35:11,28.7787418365479,-17.7338962554932,"Unknown"
"5020558",378628,2026-04-29 03:36:11,28.7786808013916,-17.7339763641357,"Unknown"
"5020558",378628,2026-04-29 03:46:11,28.7779846191406,-17.7338275909424,"Unknown"
"5020558",378628,2026-04-29 03:56:11,28.7778434753418,-17.7338027954102,"Unknown"
"5020558",378628,2026-04-29 04:06:11,28.7776012420654,-17.7337608337402,"Unknown"
"5020558",378628,2026-04-29 04:07:12,28.7775630950928,-17.7337970733643,"Unknown"
"5020558",378628,2026-04-29 04:17:11,28.7776222229004,-17.7342357635498,"Unknown"
"5020558",378628,2026-04-29 04:27:12,28.7782592773438,-17.734411239624,"Unknown"
"5020558",378628,2026-04-29 04:37:11,28.7726707458496,-17.7409229278564,"Unknown"
"5020558",378628,2026-04-29 04:47:12,28.7310581207275,-17.7316207885742,"Unknown"
"5020558",378628,2026-04-29 04:57:11,28.7005844116211,-17.7681579589844,"Unknown"
"5020558",378628,2026-04-29 05:07:33,28.7072582244873,-17.7934455871582,"Unknown"
"5020558",378628,2026-04-29 05:17:13,28.7080078125,-17.7959518432617,"Unknown"
"5020558",378628,2026-04-29 05:27:13,28.7089977264404,-17.7970962524414,"Unknown"
"5020558",378628,2026-04-29 05:37:14,28.7045631408691,-17.789587020874,"Unknown"
"5020558",378628,2026-04-29 05:47:14,28.7058887481689,-17.7346572875977,"Unknown"
"5020558",378628,2026-04-29 05:57:33,28.7314777374268,-17.716495513916,"Unknown"
"5020558",378628,2026-04-29 06:07:11,28.7311897277832,-17.715353012085,"Unknown"
"5020558",378628,2026-04-29 06:17:11,28.7300701141357,-17.7175178527832,"Unknown"
"5020558",378628,2026-04-29 06:27:13,28.72043800354,-17.7186183929443,"Unknown"
"5020558",378628,2026-04-29 06:37:12,28.7345066070557,-17.7148761749268,"Unknown"
"5020558",378628,2026-04-29 06:47:12,28.7750644683838,-17.7298393249512,"Unknown"
"5020558",378628,2026-04-29 06:57:12,28.79248046875,-17.7300033569336,"Unknown"
"5020558",378628,2026-04-29 07:07:12,28.7865428924561,-17.7280158996582,"Unknown"
"5020558",378628,2026-04-29 07:17:11,28.8266487121582,-17.7564849853516,"Unknown"
"5020558",378628,2026-04-29 07:27:11,28.856616973877,-17.7953090667725,"Unknown"
"5020558",378628,2026-04-29 07:37:11,28.8781433105469,-17.844783782959,"Unknown"
"5020558",378628,2026-04-29 07:38:11,28.8793601989746,-17.8505916595459,"Unknown"
"5020558",378628,2026-04-29 07:48:33,28.8746223449707,-17.8796253204346,"Unknown"
"5020558",378628,2026-04-29 07:53:12,28.8734703063965,-17.8770542144775,"Unknown"
"5020558",378628,2026-04-29 07:58:11,28.8616847991943,-17.882999420166,"Unknown"
"5020558",378628,2026-04-29 08:03:11,28.8550586700439,-17.8705883026123,"Unknown"
"5020558",378628,2026-04-29 08:04:11,28.8559818267822,-17.864351272583,"Unknown"
"5020558",378628,2026-04-29 08:05:11,28.8539943695068,-17.8596611022949,"Unknown"
"5020558",378628,2026-04-29 08:06:11,28.8535766601562,-17.8529014587402,"Unknown"
"5020558",378628,2026-04-29 08:07:11,28.8522281646729,-17.8465480804443,"Unknown"
"5020558",378628,2026-04-29 08:08:11,28.8516731262207,-17.840145111084,"Unknown"
"5020558",378628,2026-04-29 08:09:11,28.8512268066406,-17.8350238800049,"Unknown"
"5020558",378628,2026-04-29 08:10:11,28.8512706756592,-17.8349933624268,"Unknown"
"5020558",378628,2026-04-29 08:11:11,28.8512954711914,-17.8349418640137,"Unknown"
"5020558",378628,2026-04-29 08:12:11,28.8513107299805,-17.8348903656006,"Unknown"
"5020558",378628,2026-04-29 08:13:11,28.8513507843018,-17.8348579406738,"Unknown"
"5020558",378628,2026-04-29 08:14:11,28.851375579834,-17.8348140716553,"Unknown"
"5020558",378628,2026-04-29 08:15:11,28.8539409637451,-17.8314666748047,"Unknown"
"5020558",378628,2026-04-29 08:16:11,28.8539619445801,-17.8314456939697,"Unknown"
"5020558",378628,2026-04-29 08:17:11,28.8539600372314,-17.8314208984375,"Unknown"
"5020558",378628,2026-04-29 08:18:11,28.85400390625,-17.8313903808594,"Unknown"
"5020558",378628,2026-04-29 08:19:11,28.854341506958,-17.831127166748,"Unknown"
"5020558",378628,2026-04-29 08:20:11,28.8545722961426,-17.8310031890869,"Unknown"
"5020558",378628,2026-04-29 08:21:11,28.8562564849854,-17.8279933929443,"Unknown"
"5020558",378628,2026-04-29 08:22:12,28.8572673797607,-17.8263092041016,"Unknown"
"5020558",378628,2026-04-29 08:23:12,28.8582572937012,-17.8251953125,"Unknown"
"5020558",378628,2026-04-29 08:24:11,28.858699798584,-17.825532913208,"Unknown"
"5020558",378628,2026-04-29 08:25:12,28.8607368469238,-17.8244934082031,"Unknown"
"5020558",378628,2026-04-29 08:26:11,28.8606643676758,-17.824405670166,"Unknown"
"5020558",378628,2026-04-29 08:27:13,28.8605709075928,-17.8250713348389,"Unknown"
"5020558",378628,2026-04-29 08:28:12,28.86061668396,-17.8263492584229,"Unknown"
"5020558",378628,2026-04-29 08:29:12,28.8605899810791,-17.8262786865234,"Unknown"
"5020558",378628,2026-04-29 08:30:13,28.8611087799072,-17.8240604400635,"Unknown"
"5020558",378628,2026-04-29 08:31:11,28.8614349365234,-17.8224773406982,"Unknown"
"5020558",378628,2026-04-29 08:32:11,28.8613624572754,-17.822395324707,"Unknown"
"5020558",378628,2026-04-29 08:33:12,28.8612461090088,-17.8223075866699,"Unknown"
"5020558",378628,2026-04-29 08:34:13,28.861213684082,-17.8222713470459,"Unknown"
"5020558",378628,2026-04-29 08:35:11,28.8659915924072,-17.8178520202637,"Unknown"
"5020558",378628,2026-04-29 08:36:13,28.8667488098145,-17.8180713653564,"Unknown"
"5020558",378628,2026-04-29 08:41:11,28.8665599822998,-17.8178272247314,"Unknown"
"5020558",378628,2026-04-29 08:46:11,28.8662948608398,-17.8175888061523,"Unknown"
"5020558",378628,2026-04-29 08:51:13,28.8660068511963,-17.8173770904541,"Unknown"
"5020558",378628,2026-04-29 08:56:11,28.8656826019287,-17.8171138763428,"Unknown"
"5020558",378628,2026-04-29 09:01:11,28.8652534484863,-17.8167495727539,"Unknown"
"5020558",378628,2026-04-29 09:06:11,28.8648700714111,-17.8163814544678,"Unknown"
"5020558",378628,2026-04-29 09:11:11,28.8645534515381,-17.8160762786865,"Unknown"
"5020558",378628,2026-04-29 09:16:11,28.8641662597656,-17.8157119750977,"Unknown"
"5020558",378628,2026-04-29 09:21:11,28.8638572692871,-17.8154144287109,"Unknown"
"5020558",378628,2026-04-29 09:26:11,28.8634262084961,-17.815055847168,"Unknown"
"5020558",378628,2026-04-29 09:31:13,28.8629322052002,-17.8145389556885,"Unknown"
"5020558",378628,2026-04-29 09:36:11,28.8624935150146,-17.8140888214111,"Unknown"
"5020558",378628,2026-04-29 09:41:11,28.8620796203613,-17.8135833740234,"Unknown"
"5020558",378628,2026-04-29 09:46:14,28.8634128570557,-17.818338394165,"Unknown"
"5020558",378628,2026-04-29 09:51:13,28.8567638397217,-17.8221683502197,"Unknown"
"5020558",378628,2026-04-29 09:56:11,28.8563594818115,-17.8221130371094,"Unknown"
"5020558",378628,2026-04-29 09:57:11,28.8562889099121,-17.8221111297607,"Unknown"
"5020558",378628,2026-04-29 09:58:11,28.85622215271,-17.8221225738525,"Unknown"
"5020558",378628,2026-04-29 09:59:11,28.8561477661133,-17.8221435546875,"Unknown"
"5020558",378628,2026-04-29 10:00:32,28.8560676574707,-17.8221378326416,"Unknown"
"5020558",378628,2026-04-29 10:01:11,28.8560218811035,-17.8221282958984,"Unknown"
"5020558",378628,2026-04-29 10:02:11,28.85595703125,-17.8220882415771,"Unknown"
"5020558",378628,2026-04-29 10:03:11,28.8569278717041,-17.8203296661377,"Unknown"
"5020558",378628,2026-04-29 10:04:11,28.8606472015381,-17.8159141540527,"Unknown"
"5020558",378628,2026-04-29 10:05:11,28.8616981506348,-17.809383392334,"Unknown"
"5020558",378628,2026-04-29 10:06:11,28.8624057769775,-17.8020401000977,"Unknown"
"5020558",378628,2026-04-29 10:07:11,28.8634510040283,-17.7951259613037,"Unknown"
"5020558",378628,2026-04-29 10:12:11,28.8619976043701,-17.7748165130615,"Unknown"
"5020558",378628,2026-04-29 10:17:11,28.8603420257568,-17.7716808319092,"Unknown"
"5020558",378628,2026-04-29 10:18:11,28.8602714538574,-17.7725715637207,"Unknown"
"5020558",378628,2026-04-29 10:19:11,28.8543014526367,-17.7704105377197,"Unknown"
"5020558",378628,2026-04-29 10:20:12,28.8470478057861,-17.769287109375,"Unknown"
"5020558",378628,2026-04-29 10:21:11,28.8436660766602,-17.7702865600586,"Unknown"
"5020558",378628,2026-04-29 10:22:11,28.8403263092041,-17.7707252502441,"Unknown"
"5020558",378628,2026-04-29 10:23:11,28.8404426574707,-17.7725410461426,"Unknown"
"5020558",378628,2026-04-29 10:24:12,28.8421001434326,-17.7752094268799,"Unknown"
"5020558",378628,2026-04-29 10:25:12,28.8432006835938,-17.7744789123535,"Unknown"
"5020558",378628,2026-04-29 10:26:12,28.8430995941162,-17.7743911743164,"Unknown"
"5020558",378628,2026-04-29 10:27:12,28.8395462036133,-17.771053314209,"Unknown"
"5020558",378628,2026-04-29 10:28:12,28.8349704742432,-17.7672443389893,"Unknown"
"5020558",378628,2026-04-29 10:29:14,28.8351745605469,-17.7707958221436,"Unknown"
"5020558",378628,2026-04-29 10:30:12,28.8343353271484,-17.7702445983887,"Unknown"
"5020558",378628,2026-04-29 10:31:12,28.8332843780518,-17.7708396911621,"Unknown"
"5020558",378628,2026-04-29 10:32:15,28.8335266113281,-17.771448135376,"Unknown"
"5020558",378628,2026-04-29 10:33:13,28.8345336914062,-17.7713928222656,"Unknown"
"5020558",378628,2026-04-29 10:34:13,28.8352222442627,-17.770959854126,"Unknown"
"5020558",378628,2026-04-29 10:35:13,28.8338851928711,-17.772518157959,"Unknown"
"5020558",378628,2026-04-29 10:36:13,28.8333168029785,-17.7698059082031,"Unknown"
"5020558",378628,2026-04-29 10:37:13,28.8331985473633,-17.7696933746338,"Unknown"
"5020558",378628,2026-04-29 10:38:14,28.8318290710449,-17.7683639526367,"Unknown"
"5020558",378628,2026-04-29 10:39:18,28.8312397003174,-17.768045425415,"Unknown"
"5020558",378628,2026-04-29 10:40:13,28.8310508728027,-17.7679424285889,"Unknown"
"5020558",378628,2026-04-29 10:41:13,28.8309173583984,-17.7678833007812,"Unknown"
"5020558",378628,2026-04-29 10:42:13,28.8308582305908,-17.768159866333,"Unknown"
"5020558",378628,2026-04-29 10:43:13,28.831241607666,-17.7693138122559,"Unknown"
"5020558",378628,2026-04-29 10:44:13,28.8306846618652,-17.7685317993164,"Unknown"
"5020558",378628,2026-04-29 10:45:13,28.830545425415,-17.7684459686279,"Unknown"
"5020558",378628,2026-04-29 10:46:13,28.8304290771484,-17.7683696746826,"Unknown"
"5020558",378628,2026-04-29 10:47:13,28.8307495117188,-17.7679901123047,"Unknown"
"5020558",378628,2026-04-29 10:48:13,28.8305931091309,-17.7679672241211,"Unknown"
"5020558",378628,2026-04-29 10:49:13,28.8304443359375,-17.7679138183594,"Unknown"
"5020558",378628,2026-04-29 10:50:13,28.8303680419922,-17.7679290771484,"Unknown"
"5020558",378628,2026-04-29 10:51:13,28.8306083679199,-17.768575668335,"Unknown"
"5020558",378628,2026-04-29 10:52:13,28.8304767608643,-17.7685279846191,"Unknown"
"5020558",378628,2026-04-29 10:53:13,28.8303337097168,-17.7684574127197,"Unknown"
"5020558",378628,2026-04-29 10:54:13,28.8302192687988,-17.7683753967285,"Unknown"
"5020558",378628,2026-04-29 10:55:13,28.8301048278809,-17.7683296203613,"Unknown"
"5020558",378628,2026-04-29 10:56:13,28.8300075531006,-17.7682418823242,"Unknown"
"5020558",378628,2026-04-29 10:57:13,28.8299045562744,-17.7681503295898,"Unknown"
"5020558",378628,2026-04-29 10:58:13,28.829870223999,-17.7680492401123,"Unknown"
"5020558",378628,2026-04-29 10:59:13,28.8301258087158,-17.7686595916748,"Unknown"
"5020558",378628,2026-04-29 11:00:13,28.8321170806885,-17.7690181732178,"Unknown"
"5020558",378628,2026-04-29 11:01:13,28.8320484161377,-17.7690258026123,"Unknown"
"5020558",378628,2026-04-29 11:02:13,28.8319282531738,-17.7690143585205,"Unknown"
"5020558",378628,2026-04-29 11:03:13,28.8318176269531,-17.7689819335938,"Unknown"
"5020558",378628,2026-04-29 11:04:13,28.8316860198975,-17.768928527832,"Unknown"
"5020558",378628,2026-04-29 11:05:13,28.8307075500488,-17.7659492492676,"Unknown"
"5020558",378628,2026-04-29 11:06:13,28.8292484283447,-17.7648773193359,"Unknown"
"5020558",378628,2026-04-29 11:07:13,28.8291130065918,-17.7648277282715,"Unknown"
"5020558",378628,2026-04-29 11:08:13,28.8289585113525,-17.7647838592529,"Unknown"
"5020558",378628,2026-04-29 11:09:13,28.828821182251,-17.7647228240967,"Unknown"
"5020558",378628,2026-04-29 11:10:13,28.8287086486816,-17.7646389007568,"Unknown"
"5020558",378628,2026-04-29 11:11:13,28.8285636901855,-17.7645702362061,"Unknown"
"5020558",378628,2026-04-29 11:12:13,28.8284244537354,-17.7645111083984,"Unknown"
"5020558",378628,2026-04-29 11:13:14,28.8258171081543,-17.7607345581055,"Unknown"
"5020558",378628,2026-04-29 11:14:13,28.8257312774658,-17.7604351043701,"Unknown"
"5020558",378628,2026-04-29 11:15:13,28.8255996704102,-17.7604103088379,"Unknown"
"5020558",378628,2026-04-29 11:16:13,28.8254508972168,-17.7603588104248,"Unknown"
"5020558",378628,2026-04-29 11:17:13,28.8253211975098,-17.7602882385254,"Unknown"
"5020558",378628,2026-04-29 11:18:13,28.8251724243164,-17.7602710723877,"Unknown"
"5020558",378628,2026-04-29 11:19:13,28.8250389099121,-17.7602119445801,"Unknown"
"5020558",378628,2026-04-29 11:20:13,28.8248996734619,-17.7601356506348,"Unknown"
"5020558",378628,2026-04-29 11:21:13,28.8247528076172,-17.7600612640381,"Unknown"
"5020558",378628,2026-04-29 11:22:14,28.8246116638184,-17.7600002288818,"Unknown"
"5020558",378628,2026-04-29 11:23:13,28.8244743347168,-17.7599487304688,"Unknown"
"5020558",378628,2026-04-29 11:24:14,28.8243446350098,-17.7598533630371,"Unknown"
"5020558",378628,2026-04-29 11:25:13,28.8242168426514,-17.7597827911377,"Unknown"
"5020558",378628,2026-04-29 11:26:13,28.8240928649902,-17.7597255706787,"Unknown"
"5020558",378628,2026-04-29 11:27:14,28.8239707946777,-17.7596740722656,"Unknown"
"5020558",378628,2026-04-29 11:28:13,28.8238353729248,-17.7596321105957,"Unknown"
"5020558",378628,2026-04-29 11:29:13,28.8236827850342,-17.7595520019531,"Unknown"
"5020558",378628,2026-04-29 11:30:13,28.8235454559326,-17.7595291137695,"Unknown"
"5020558",378628,2026-04-29 11:31:15,28.8234214782715,-17.7594318389893,"Unknown"
"5020558",378628,2026-04-29 11:32:14,28.8233242034912,-17.7593612670898,"Unknown"
"5020558",378628,2026-04-29 11:33:14,28.8232116699219,-17.759298324585,"Unknown"
"5020558",378628,2026-04-29 11:34:14,28.8231067657471,-17.7592315673828,"Unknown"
"5020558",378628,2026-04-29 11:35:14,28.8230152130127,-17.7591457366943,"Unknown"
"5020558",378628,2026-04-29 11:36:16,28.8228893280029,-17.7590999603271,"Unknown"
"5020558",378628,2026-04-29 11:37:15,28.8227787017822,-17.7590179443359,"Unknown"
"5020558",378628,2026-04-29 11:38:15,28.8226737976074,-17.758939743042,"Unknown"
"5020558",378628,2026-04-29 11:39:16,28.8225727081299,-17.7588863372803,"Unknown"
"5020558",378628,2026-04-29 11:40:15,28.8224658966064,-17.7588195800781,"Unknown"
"5020558",378628,2026-04-29 11:41:15,28.8223495483398,-17.7587261199951,"Unknown"
"5020558",378628,2026-04-29 11:42:15,28.8222427368164,-17.7586555480957,"Unknown"
"5020558",378628,2026-04-29 11:43:15,28.8221282958984,-17.7585582733154,"Unknown"
"5020558",378628,2026-04-29 11:44:14,28.8219985961914,-17.7584476470947,"Unknown"
"5020558",378628,2026-04-29 11:45:16,28.8218727111816,-17.7583675384521,"Unknown"
"5020558",378628,2026-04-29 11:46:16,28.8217754364014,-17.7582969665527,"Unknown"
"5020558",378628,2026-04-29 11:47:16,28.8216705322266,-17.758186340332,"Unknown"
"5020558",378628,2026-04-29 11:48:14,28.821533203125,-17.7581214904785,"Unknown"
"5020558",378628,2026-04-29 11:49:14,28.8213500976562,-17.7580661773682,"Unknown"
"5020558",378628,2026-04-29 11:50:15,28.8211841583252,-17.7580184936523,"Unknown"
"5020558",378628,2026-04-29 11:51:15,28.8210544586182,-17.7579326629639,"Unknown"
"5020558",378628,2026-04-29 11:52:16,28.8209056854248,-17.7578735351562,"Unknown"
"5020558",378628,2026-04-29 11:53:16,28.8207836151123,-17.7577953338623,"Unknown"
"5020558",378628,2026-04-29 11:54:16,28.8206329345703,-17.7577686309814,"Unknown"
"5020558",378628,2026-04-29 11:55:15,28.8205032348633,-17.7576999664307,"Unknown"
"5020558",378628,2026-04-29 11:56:13,28.8203601837158,-17.7576103210449,"Unknown"
"5020558",378628,2026-04-29 11:57:14,28.8202362060547,-17.7575035095215,"Unknown"
"5020558",378628,2026-04-29 11:58:14,28.82008934021,-17.7575092315674,"Unknown"
"5020558",378628,2026-04-29 11:59:15,28.819974899292,-17.7574729919434,"Unknown"
"5020558",378628,2026-04-29 12:00:15,28.8198184967041,-17.757396697998,"Unknown"
"5020558",378628,2026-04-29 12:01:15,28.8197078704834,-17.7573432922363,"Unknown"
"5020558",378628,2026-04-29 12:02:14,28.8195781707764,-17.7572631835938,"Unknown"
"5020558",378628,2026-04-29 12:03:17,28.8194561004639,-17.7571582794189,"Unknown"
"5020558",378628,2026-04-29 12:04:14,28.8168449401855,-17.7559566497803,"Unknown"
"5020558",378628,2026-04-29 12:05:15,28.8171215057373,-17.7558898925781,"Unknown"
"5020558",378628,2026-04-29 12:06:16,28.8173408508301,-17.7555065155029,"Unknown"
"5020558",378628,2026-04-29 12:07:17,28.8160858154297,-17.7546119689941,"Unknown"
"5020558",378628,2026-04-29 12:08:14,28.8159675598145,-17.7545185089111,"Unknown"
"5020558",378628,2026-04-29 12:09:16,28.8165512084961,-17.7552871704102,"Unknown"
"5020558",378628,2026-04-29 12:10:14,28.8164539337158,-17.7552223205566,"Unknown"
"5020558",378628,2026-04-29 12:11:17,28.8173179626465,-17.7553634643555,"Unknown"
"5020558",378628,2026-04-29 12:12:16,28.8171939849854,-17.7553176879883,"Unknown"
"5020558",378628,2026-04-29 12:13:16,28.8170642852783,-17.7552642822266,"Unknown"
"5020558",378628,2026-04-29 12:14:16,28.8169326782227,-17.7552127838135,"Unknown"
"5020558",378628,2026-04-29 12:15:14,28.8176956176758,-17.7562122344971,"Unknown"
"5020558",378628,2026-04-29 12:17:38,28.8250370025635,-17.7551612854004,"Unknown"
"5020558",378628,2026-04-29 12:18:45,28.8283615112305,-17.7557220458984,"Unknown"
"5020558",378628,2026-04-29 12:18:46,28.8283615112305,-17.7557144165039,"Unknown"
"5020558",378628,2026-04-29 12:19:49,28.8283424377441,-17.7556781768799,"Unknown"
"5020558",378628,2026-04-29 12:20:49,28.8283176422119,-17.7555027008057,"Unknown"
"5020558",378628,2026-04-29 12:21:49,28.8282451629639,-17.7554473876953,"Unknown"
"5020558",378628,2026-04-29 12:22:49,28.8281669616699,-17.7554244995117,"Unknown"
"5020558",378628,2026-04-29 12:23:49,28.8280925750732,-17.7554016113281,"Unknown"
"5020558",378628,2026-04-29 12:24:49,28.8280048370361,-17.7553825378418,"Unknown"
"5020558",378628,2026-04-29 12:25:49,28.827917098999,-17.7553157806396,"Unknown"
"5020558",378628,2026-04-29 12:26:48,28.8278312683105,-17.7552700042725,"Unknown"
"5020558",378628,2026-04-29 12:27:49,28.8277378082275,-17.7552719116211,"Unknown"
"5020558",378628,2026-04-29 12:28:49,28.8276214599609,-17.7552280426025,"Unknown"
"5020558",378628,2026-04-29 12:29:48,28.8274955749512,-17.755220413208,"Unknown"
"5020558",378628,2026-04-29 12:30:49,28.8273220062256,-17.7551536560059,"Unknown"
"5020558",378628,2026-04-29 12:31:49,28.8271942138672,-17.7551174163818,"Unknown"
"5020558",378628,2026-04-29 12:32:49,28.8271026611328,-17.7550659179688,"Unknown"
"5020558",378628,2026-04-29 12:33:49,28.8269691467285,-17.7550392150879,"Unknown"
"5020558",378628,2026-04-29 12:34:49,28.8268661499023,-17.7550029754639,"Unknown"
"5020558",378628,2026-04-29 12:35:49,28.8267765045166,-17.7549858093262,"Unknown"
"5020558",378628,2026-04-29 12:36:49,28.8266181945801,-17.754940032959,"Unknown"
"5020558",378628,2026-04-29 12:37:49,28.8265132904053,-17.7549171447754,"Unknown"
"5020558",378628,2026-04-29 12:38:49,28.8264141082764,-17.7548885345459,"Unknown"
"5020558",378628,2026-04-29 12:39:49,28.8263092041016,-17.7548713684082,"Unknown"
"5020558",378628,2026-04-29 12:40:49,28.8261966705322,-17.7548274993896,"Unknown"
"5020558",378628,2026-04-29 12:41:48,28.826057434082,-17.7547855377197,"Unknown"
"5020558",378628,2026-04-29 12:42:49,28.8259582519531,-17.7546920776367,"Unknown"
"5020558",378628,2026-04-29 12:43:49,28.8258876800537,-17.7546291351318,"Unknown"
"5020558",378628,2026-04-29 12:44:49,28.8257904052734,-17.7545604705811,"Unknown"
"5020558",378628,2026-04-29 12:45:49,28.8257217407227,-17.7544956207275,"Unknown"
"5020558",378628,2026-04-29 12:46:49,28.8256130218506,-17.7544536590576,"Unknown"
"5020558",378628,2026-04-29 12:47:49,28.8255271911621,-17.7544021606445,"Unknown"
"5020558",378628,2026-04-29 12:48:49,28.8254356384277,-17.754358291626,"Unknown"
"5020558",378628,2026-04-29 12:49:49,28.8253345489502,-17.7542858123779,"Unknown"
"5020558",378628,2026-04-29 12:50:49,28.8252449035645,-17.7542190551758,"Unknown"
"5020558",378628,2026-04-29 12:51:49,28.8251419067383,-17.7541770935059,"Unknown"
"5020558",378628,2026-04-29 12:52:50,28.8250293731689,-17.7541370391846,"Unknown"
"5020558",378628,2026-04-29 12:53:49,28.8249187469482,-17.7541007995605,"Unknown"
"5020558",378628,2026-04-29 12:54:49,28.8248100280762,-17.7540550231934,"Unknown"
"5020558",378628,2026-04-29 12:55:49,28.8247146606445,-17.7540302276611,"Unknown"
"5020558",378628,2026-04-29 12:56:49,28.8246574401855,-17.7540435791016,"Unknown"
"5020558",378628,2026-04-29 12:57:49,28.8245677947998,-17.7540645599365,"Unknown"
"5020558",378628,2026-04-29 12:58:49,28.8244972229004,-17.7540721893311,"Unknown"
"5020558",378628,2026-04-29 12:59:49,28.8244247436523,-17.7540588378906,"Unknown"
"5020558",378628,2026-04-29 13:00:50,28.824369430542,-17.7540111541748,"Unknown"
"5020558",378628,2026-04-29 13:01:49,28.8243370056152,-17.7540264129639,"Unknown"
"5020558",378628,2026-04-29 13:02:49,28.8242835998535,-17.7540912628174,"Unknown"
"5020558",378628,2026-04-29 13:03:49,28.8242645263672,-17.754114151001,"Unknown"
"5020558",378628,2026-04-29 13:04:49,28.8242282867432,-17.7541103363037,"Unknown"
"5020558",378628,2026-04-29 13:05:49,28.8241920471191,-17.7540760040283,"Unknown"
"5020558",378628,2026-04-29 13:06:49,28.8241291046143,-17.7540435791016,"Unknown"
"5020558",378628,2026-04-29 13:07:49,28.8240413665771,-17.754020690918,"Unknown"
"5020558",378628,2026-04-29 13:08:49,28.8239879608154,-17.7539691925049,"Unknown"
"5020558",378628,2026-04-29 13:09:49,28.8238868713379,-17.7539329528809,"Unknown"
"5020558",378628,2026-04-29 13:10:49,28.8237228393555,-17.7538814544678,"Unknown"
"5020558",378628,2026-04-29 13:11:49,28.8235111236572,-17.7538566589355,"Unknown"
"5020558",378628,2026-04-29 13:12:49,28.8233890533447,-17.7538242340088,"Unknown"
"5020558",378628,2026-04-29 13:13:49,28.8233242034912,-17.7537631988525,"Unknown"
"5020558",378628,2026-04-29 13:14:49,28.8232288360596,-17.7537021636963,"Unknown"
"5020558",378628,2026-04-29 13:15:49,28.8231525421143,-17.7536525726318,"Unknown"
"5020558",378628,2026-04-29 13:16:49,28.8230476379395,-17.7536067962646,"Unknown"
"5020558",378628,2026-04-29 13:17:49,28.822961807251,-17.7535362243652,"Unknown"
"5020558",378628,2026-04-29 13:18:49,28.8228816986084,-17.7534713745117,"Unknown"
"5020558",378628,2026-04-29 13:19:49,28.8228015899658,-17.7534103393555,"Unknown"
"5020558",378628,2026-04-29 13:20:49,28.822717666626,-17.7533149719238,"Unknown"
"5020558",378628,2026-04-29 13:21:49,28.8225860595703,-17.7532234191895,"Unknown"
"5020558",378628,2026-04-29 13:22:49,28.822473526001,-17.75315284729,"Unknown"
"5020558",378628,2026-04-29 13:23:49,28.8223762512207,-17.7530937194824,"Unknown"
"5020558",378628,2026-04-29 13:24:49,28.8222808837891,-17.7530345916748,"Unknown"
"5020558",378628,2026-04-29 13:25:49,28.8222007751465,-17.7529945373535,"Unknown"
"5020558",378628,2026-04-29 13:26:49,28.8221187591553,-17.7529525756836,"Unknown"
"5020558",378628,2026-04-29 13:27:51,28.8220176696777,-17.7529277801514,"Unknown"
"5020558",378628,2026-04-29 13:28:49,28.8218574523926,-17.752986907959,"Unknown"
"5020558",378628,2026-04-29 13:29:49,28.8217620849609,-17.7531204223633,"Unknown"
"5020558",378628,2026-04-29 13:30:49,28.821741104126,-17.7531452178955,"Unknown"
"5020558",378628,2026-04-29 13:31:49,28.8216800689697,-17.7531433105469,"Unknown"
"5020558",378628,2026-04-29 13:32:50,28.8215770721436,-17.7531394958496,"Unknown"
"5020558",378628,2026-04-29 13:33:49,28.8215141296387,-17.7531185150146,"Unknown"
"5020558",378628,2026-04-29 13:34:49,28.8214149475098,-17.7530784606934,"Unknown"
"5020558",378628,2026-04-29 13:35:49,28.8213157653809,-17.7530460357666,"Unknown"
"5020558",378628,2026-04-29 13:36:49,28.8212394714355,-17.7529850006104,"Unknown"
"5020558",378628,2026-04-29 13:37:50,28.8211574554443,-17.7529468536377,"Unknown"
"5020558",378628,2026-04-29 13:38:51,28.8210506439209,-17.7528991699219,"Unknown"
"5020558",378628,2026-04-29 13:39:49,28.8209743499756,-17.7528553009033,"Unknown"
"5020558",378628,2026-04-29 13:40:49,28.8208694458008,-17.7528514862061,"Unknown"
"5020558",378628,2026-04-29 13:41:51,28.8207912445068,-17.7528076171875,"Unknown"
"5020558",378628,2026-04-29 13:42:51,28.820686340332,-17.7527904510498,"Unknown"
"5020558",378628,2026-04-29 13:43:50,28.82057762146,-17.7527770996094,"Unknown"
"5020558",378628,2026-04-29 13:44:50,28.8205051422119,-17.7527770996094,"Unknown"
"5020558",378628,2026-04-29 13:45:50,28.820405960083,-17.7527904510498,"Unknown"
"5020558",378628,2026-04-29 13:46:50,28.8202514648438,-17.7528228759766,"Unknown"
"5020558",378628,2026-04-29 13:47:52,28.8201580047607,-17.7528648376465,"Unknown"
"5020558",378628,2026-04-29 13:48:50,28.820068359375,-17.7528896331787,"Unknown"
"5020558",378628,2026-04-29 13:49:50,28.8200130462646,-17.7528343200684,"Unknown"
"5020558",378628,2026-04-29 13:50:50,28.8199195861816,-17.7528247833252,"Unknown"
"5020558",378628,2026-04-29 13:51:50,28.8198280334473,-17.7528190612793,"Unknown"
"5020558",378628,2026-04-29 13:52:50,28.8238754272461,-17.7567691802979,"Unknown"
"5020558",378628,2026-04-29 13:53:50,28.8284282684326,-17.7602233886719,"Unknown"
"5020558",378628,2026-04-29 13:54:52,28.8282947540283,-17.7599773406982,"Unknown"
"5020558",378628,2026-04-29 13:56:05,28.828498840332,-17.7603797912598,"Unknown"
"5020558",378628,2026-04-29 13:56:50,28.8285064697266,-17.7603549957275,"Unknown"
"5020558",378628,2026-04-29 13:57:52,28.8284301757812,-17.7603893280029,"Unknown"
"5020558",378628,2026-04-29 13:58:50,28.8287353515625,-17.7575359344482,"Unknown"
"5020558",378628,2026-04-29 13:59:51,28.8296203613281,-17.7579860687256,"Unknown"
"5020558",378628,2026-04-29 14:00:50,28.8295707702637,-17.757926940918,"Unknown"
"5020558",378628,2026-04-29 14:01:50,28.8295078277588,-17.7579402923584,"Unknown"
"5020558",378628,2026-04-29 14:02:51,28.829460144043,-17.757963180542,"Unknown"
"5020558",378628,2026-04-29 14:03:50,28.8294010162354,-17.7579689025879,"Unknown"
"5020558",378628,2026-04-29 14:04:50,28.8293170928955,-17.7579612731934,"Unknown"
"5020558",378628,2026-04-29 14:05:51,28.8292503356934,-17.757984161377,"Unknown"
"5020558",378628,2026-04-29 14:06:51,28.8291702270508,-17.7579650878906,"Unknown"
"5020558",378628,2026-04-29 14:07:51,28.8290958404541,-17.7579097747803,"Unknown"
"5020558",378628,2026-04-29 14:08:50,28.8290557861328,-17.7579040527344,"Unknown"
"5020558",378628,2026-04-29 14:09:50,28.8289928436279,-17.7578868865967,"Unknown"
"5020558",378628,2026-04-29 14:10:50,28.8289642333984,-17.7578926086426,"Unknown"
"5020558",378628,2026-04-29 14:11:50,28.8288440704346,-17.7578620910645,"Unknown"
"5020558",378628,2026-04-29 14:12:51,28.8288154602051,-17.7578239440918,"Unknown"
"5020558",378628,2026-04-29 14:13:50,28.8287830352783,-17.7577629089355,"Unknown"
"5020558",378628,2026-04-29 14:14:51,28.8287200927734,-17.7577381134033,"Unknown"
"5020558",378628,2026-04-29 14:15:52,28.8286952972412,-17.7576923370361,"Unknown"
"5020558",378628,2026-04-29 14:16:50,28.828634262085,-17.7576808929443,"Unknown"
"5020558",378628,2026-04-29 14:17:52,28.8286209106445,-17.7576293945312,"Unknown"
"5020558",378628,2026-04-29 14:18:51,28.828498840332,-17.7576541900635,"Unknown"
"5020558",378628,2026-04-29 14:19:52,28.8285121917725,-17.7575950622559,"Unknown"
"5020558",378628,2026-04-29 14:20:52,28.8284473419189,-17.7576370239258,"Unknown"
"5020558",378628,2026-04-29 14:21:51,28.8284339904785,-17.7576026916504,"Unknown"
"5020558",378628,2026-04-29 14:22:51,28.8284187316895,-17.7576007843018,"Unknown"
"5020558",378628,2026-04-29 14:23:52,28.8283748626709,-17.7575950622559,"Unknown"
"5020558",378628,2026-04-29 14:24:51,28.8283138275146,-17.7575988769531,"Unknown"
"5020558",378628,2026-04-29 14:25:53,28.8283405303955,-17.7575378417969,"Unknown"
"5020558",378628,2026-04-29 14:26:51,28.8283195495605,-17.7575283050537,"Unknown"
"5020558",378628,2026-04-29 14:27:54,28.8283023834229,-17.7574710845947,"Unknown"
"5020558",378628,2026-04-29 14:28:53,28.8282928466797,-17.7574234008789,"Unknown"
"5020558",378628,2026-04-29 14:29:53,28.8282680511475,-17.7573757171631,"Unknown"
"5020558",378628,2026-04-29 14:30:55,28.8282375335693,-17.7573337554932,"Unknown"
"5020558",378628,2026-04-29 14:31:53,28.8282089233398,-17.7572727203369,"Unknown"
"5020558",378628,2026-04-29 14:32:53,28.8282070159912,-17.7571678161621,"Unknown"
"5020558",378628,2026-04-29 14:33:55,28.8281536102295,-17.7570781707764,"Unknown"
"5020558",378628,2026-04-29 14:34:54,28.8281497955322,-17.7569923400879,"Unknown"
"5020558",378628,2026-04-29 14:35:54,28.8280906677246,-17.7569465637207,"Unknown"
"5020558",378628,2026-04-29 14:36:55,28.8281421661377,-17.7568473815918,"Unknown"
"5020558",378628,2026-04-29 14:37:57,28.8281478881836,-17.7567672729492,"Unknown"
"5020558",378628,2026-04-29 14:38:53,28.8281230926514,-17.7567100524902,"Unknown"
"5020558",378628,2026-04-29 14:40:17,28.8280448913574,-17.7566299438477,"Unknown"
"5020558",378628,2026-04-29 14:40:50,28.828052520752,-17.7565975189209,"Unknown"
"5020558",378628,2026-04-29 14:41:51,28.8279972076416,-17.7565307617188,"Unknown"
"5020558",378628,2026-04-29 14:42:51,28.8279457092285,-17.756441116333,"Unknown"
"5020558",378628,2026-04-29 14:43:50,28.8279552459717,-17.7563705444336,"Unknown"
"5020558",378628,2026-04-29 14:44:51,28.8279209136963,-17.7563533782959,"Unknown"
"5020558",378628,2026-04-29 14:45:54,28.8278999328613,-17.7562599182129,"Unknown"
"5020558",378628,2026-04-29 14:46:54,28.8278541564941,-17.756175994873,"Unknown"
"5020558",378628,2026-04-29 14:47:53,28.8277912139893,-17.7560958862305,"Unknown"
"5020558",378628,2026-04-29 14:48:50,28.827751159668,-17.7560348510742,"Unknown"
"5020558",378628,2026-04-29 14:49:51,28.8276958465576,-17.7559452056885,"Unknown"
"5020558",378628,2026-04-29 14:50:52,28.8276462554932,-17.7558441162109,"Unknown"
"5020558",378628,2026-04-29 14:51:52,28.8276176452637,-17.7557563781738,"Unknown"
"5020558",378628,2026-04-29 14:52:52,28.8275699615479,-17.7556591033936,"Unknown"
"5020558",378628,2026-04-29 14:53:52,28.8275318145752,-17.7555694580078,"Unknown"
"5020558",378628,2026-04-29 14:54:52,28.8274879455566,-17.7554683685303,"Unknown"
"5020558",378628,2026-04-29 14:55:50,28.8274478912354,-17.7553806304932,"Unknown"
"5020558",378628,2026-04-29 14:56:53,28.8274059295654,-17.7552909851074,"Unknown"
"5020558",378628,2026-04-29 14:57:49,28.8273830413818,-17.7552146911621,"Unknown"
"5020558",378628,2026-04-29 14:58:49,28.8273506164551,-17.7551593780518,"Unknown"
"5020558",378628,2026-04-29 14:59:50,28.8273010253906,-17.7551002502441,"Unknown"
"5020558",378628,2026-04-29 15:00:54,28.8272972106934,-17.7549896240234,"Unknown"
"5020558",378628,2026-04-29 15:01:52,28.8272609710693,-17.7549438476562,"Unknown"
"5020558",378628,2026-04-29 15:02:50,28.8272399902344,-17.7549057006836,"Unknown"
"5020558",378628,2026-04-29 15:03:53,28.8272132873535,-17.7548751831055,"Unknown"
"5020558",378628,2026-04-29 15:04:50,28.8271999359131,-17.7548370361328,"Unknown"
"5020558",378628,2026-04-29 15:05:50,28.8271789550781,-17.7548046112061,"Unknown"
"5020558",378628,2026-04-29 15:06:52,28.8271331787109,-17.7548294067383,"Unknown"
"5020558",378628,2026-04-29 15:07:50,28.8270988464355,-17.7548027038574,"Unknown"
"5020558",378628,2026-04-29 15:08:52,28.8270511627197,-17.7548179626465,"Unknown"
"5020558",378628,2026-04-29 15:09:52,28.8270206451416,-17.7547836303711,"Unknown"
"5020558",378628,2026-04-29 15:10:52,28.8269824981689,-17.7547969818115,"Unknown"
"5020558",378628,2026-04-29 15:11:50,28.8269500732422,-17.7547912597656,"Unknown"
"5020558",378628,2026-04-29 15:12:50,28.82692527771,-17.7548751831055,"Unknown"
"5020558",378628,2026-04-29 15:13:52,28.8269081115723,-17.7548999786377,"Unknown"
"5020558",378628,2026-04-29 15:14:53,28.8268623352051,-17.7549266815186,"Unknown"
"5020558",378628,2026-04-29 15:15:50,28.8268203735352,-17.7549362182617,"Unknown"
"5020558",378628,2026-04-29 15:16:50,28.8267593383789,-17.7549743652344,"Unknown"
"5020558",378628,2026-04-29 15:17:51,28.8267345428467,-17.7549285888672,"Unknown"
"5020558",378628,2026-04-29 15:18:50,28.8266887664795,-17.7548675537109,"Unknown"
"5020558",378628,2026-04-29 15:19:50,28.8266506195068,-17.7547988891602,"Unknown"
"5020558",378628,2026-04-29 15:20:50,28.8266201019287,-17.7548007965088,"Unknown"
"5020558",378628,2026-04-29 15:22:17,28.8265190124512,-17.7547912597656,"Unknown"
"5020558",378628,2026-04-29 15:22:50,28.8264923095703,-17.7547454833984,"Unknown"
"5020558",378628,2026-04-29 15:23:50,28.826473236084,-17.7546844482422,"Unknown"
"5020558",378628,2026-04-29 15:24:50,28.8264541625977,-17.75465965271,"Unknown"
"5020558",378628,2026-04-29 15:25:50,28.8264217376709,-17.7546501159668,"Unknown"
"5020558",378628,2026-04-29 15:26:50,28.8263702392578,-17.75461769104,"Unknown"
"5020558",378628,2026-04-29 15:27:51,28.8263530731201,-17.754566192627,"Unknown"
"5020558",378628,2026-04-29 15:28:50,28.8262882232666,-17.7545471191406,"Unknown"
"5020558",378628,2026-04-29 15:29:50,28.8262519836426,-17.7545318603516,"Unknown"
"5020558",378628,2026-04-29 15:30:50,28.8262023925781,-17.7544956207275,"Unknown"
"5020558",378628,2026-04-29 15:31:50,28.8261413574219,-17.754451751709,"Unknown"
"5020558",378628,2026-04-29 15:32:50,28.8261051177979,-17.7544174194336,"Unknown"
"5020558",378628,2026-04-29 15:33:49,28.8260879516602,-17.7543849945068,"Unknown"
"5020558",378628,2026-04-29 15:34:50,28.8260536193848,-17.7543411254883,"Unknown"
"5020558",378628,2026-04-29 15:35:50,28.8260345458984,-17.7542877197266,"Unknown"
"5020558",378628,2026-04-29 15:36:50,28.8260078430176,-17.7542324066162,"Unknown"
"5020558",378628,2026-04-29 15:37:50,28.8259735107422,-17.7541923522949,"Unknown"
"5020558",378628,2026-04-29 15:38:50,28.8259544372559,-17.7541446685791,"Unknown"
"5020558",378628,2026-04-29 15:39:53,28.8259506225586,-17.7540874481201,"Unknown"
"5020558",378628,2026-04-29 15:40:50,28.8259506225586,-17.7540607452393,"Unknown"
"5020558",378628,2026-04-29 15:41:52,28.8259429931641,-17.7540149688721,"Unknown"
"5020558",378628,2026-04-29 15:42:52,28.8259868621826,-17.7539291381836,"Unknown"
"5020558",378628,2026-04-29 15:43:49,28.8260059356689,-17.7538738250732,"Unknown"
"5020558",378628,2026-04-29 15:44:50,28.8260192871094,-17.753812789917,"Unknown"
"5020558",378628,2026-04-29 15:45:50,28.8260364532471,-17.753776550293,"Unknown"
"5020558",378628,2026-04-29 15:46:52,28.8260478973389,-17.7537021636963,"Unknown"
"5020558",378628,2026-04-29 15:47:53,28.8260536193848,-17.7536563873291,"Unknown"
"5020558",378628,2026-04-29 15:48:52,28.8260879516602,-17.7536106109619,"Unknown"
"5020558",378628,2026-04-29 15:49:53,28.8260803222656,-17.7535533905029,"Unknown"
"5020558",378628,2026-04-29 15:50:53,28.8260765075684,-17.7534942626953,"Unknown"
"5020558",378628,2026-04-29 15:51:55,28.826099395752,-17.7534465789795,"Unknown"
"5020558",378628,2026-04-29 15:52:51,28.8261070251465,-17.7534027099609,"Unknown"
"5020558",378628,2026-04-29 15:53:50,28.8261127471924,-17.7533493041992,"Unknown"
"5020558",378628,2026-04-29 15:54:53,28.8261089324951,-17.7532939910889,"Unknown"
"5020558",378628,2026-04-29 15:55:53,28.8261070251465,-17.7532367706299,"Unknown"
"5020558",378628,2026-04-29 15:56:53,28.8261241912842,-17.7531871795654,"Unknown"
"5020558",378628,2026-04-29 15:57:51,28.8261547088623,-17.7531833648682,"Unknown"
"5020558",378628,2026-04-29 15:58:51,28.8261470794678,-17.7530975341797,"Unknown"
"5020558",378628,2026-04-29 15:59:50,28.8261642456055,-17.7530326843262,"Unknown"
"5020558",378628,2026-04-29 16:00:51,28.8261890411377,-17.7529544830322,"Unknown"
"5020558",378628,2026-04-29 16:01:53,28.8262615203857,-17.7529067993164,"Unknown"
"5020558",378628,2026-04-29 16:02:54,28.8263263702393,-17.7528495788574,"Unknown"
"5020558",378628,2026-04-29 16:03:55,28.82639503479,-17.7527484893799,"Unknown"
"5020558",378628,2026-04-29 16:04:53,28.8264274597168,-17.7526779174805,"Unknown"
"5020558",378628,2026-04-29 16:05:51,28.8264465332031,-17.7526054382324,"Unknown"
"5020558",378628,2026-04-29 16:06:50,28.8264541625977,-17.7526054382324,"Unknown"
"5020558",378628,2026-04-29 16:07:53,28.8264389038086,-17.752534866333,"Unknown"
"5020558",378628,2026-04-29 16:08:50,28.8264675140381,-17.7524871826172,"Unknown"
"5020558",378628,2026-04-29 16:09:51,28.8264598846436,-17.7524108886719,"Unknown"
"5020558",378628,2026-04-29 16:10:54,28.8264656066895,-17.752347946167,"Unknown"
"5020558",378628,2026-04-29 16:11:53,28.8264617919922,-17.7522468566895,"Unknown"
"5020558",378628,2026-04-29 16:12:54,28.826452255249,-17.752197265625,"Unknown"
"5020558",378628,2026-04-29 16:13:54,28.8264541625977,-17.7521839141846,"Unknown"
"5020558",378628,2026-04-29 16:14:51,28.8264484405518,-17.7521343231201,"Unknown"
"5020558",378628,2026-04-29 16:15:52,28.8264484405518,-17.7521362304688,"Unknown"
"5020558",378628,2026-04-29 16:16:51,28.8264446258545,-17.7520999908447,"Unknown"
"5020558",378628,2026-04-29 16:17:51,28.8264675140381,-17.7520751953125,"Unknown"
"5020558",378628,2026-04-29 16:18:53,28.826488494873,-17.7520523071289,"Unknown"
"5020558",378628,2026-04-29 16:19:54,28.8265171051025,-17.7520160675049,"Unknown"
"5020558",378628,2026-04-29 16:20:53,28.8265228271484,-17.7519645690918,"Unknown"
"5020558",378628,2026-04-29 16:21:51,28.8265113830566,-17.7519435882568,"Unknown"
"5020558",378628,2026-04-29 16:22:53,28.8265171051025,-17.751916885376,"Unknown"
"5020558",378628,2026-04-29 16:23:53,28.8265399932861,-17.7518825531006,"Unknown"
"5020558",378628,2026-04-29 16:24:54,28.8265361785889,-17.7518424987793,"Unknown"
"5020558",378628,2026-04-29 16:25:53,28.8265476226807,-17.7517986297607,"Unknown"
"5020558",378628,2026-04-29 16:26:51,28.8265590667725,-17.7517108917236,"Unknown"
"5020558",378628,2026-04-29 16:27:54,28.8265647888184,-17.7517127990723,"Unknown"
"5020558",378628,2026-04-29 16:28:55,28.8265266418457,-17.7516345977783,"Unknown"
"5020558",378628,2026-04-29 16:29:53,28.8265419006348,-17.751651763916,"Unknown"
"5020558",378628,2026-04-29 16:30:53,28.826530456543,-17.7516536712646,"Unknown"
"5020558",378628,2026-04-29 16:31:53,28.8265266418457,-17.7516613006592,"Unknown"
"5020558",378628,2026-04-29 16:32:53,28.8265190124512,-17.7516384124756,"Unknown"
"5020558",378628,2026-04-29 16:33:56,28.8265075683594,-17.7516441345215,"Unknown"
"5020558",378628,2026-04-29 16:34:54,28.8264846801758,-17.7516651153564,"Unknown"
"5020558",378628,2026-04-29 16:35:56,28.8264579772949,-17.7516593933105,"Unknown"
"5020558",378628,2026-04-29 16:36:53,28.8264617919922,-17.7516613006592,"Unknown"
"5020558",378628,2026-04-29 16:37:56,28.8264465332031,-17.7516422271729,"Unknown"
"5020558",378628,2026-04-29 16:38:52,28.8264389038086,-17.7516479492188,"Unknown"
"5020558",378628,2026-04-29 16:39:52,28.8264198303223,-17.7516651153564,"Unknown"
"5020558",378628,2026-04-29 16:40:54,28.8264198303223,-17.7516708374023,"Unknown"
"5020558",378628,2026-04-29 16:41:53,28.8264083862305,-17.7516651153564,"Unknown"
"5020558",378628,2026-04-29 16:42:54,28.82639503479,-17.7516574859619,"Unknown"
"5020558",378628,2026-04-29 16:43:55,28.82639503479,-17.7516441345215,"Unknown"
"5020558",378628,2026-04-29 16:44:54,28.826379776001,-17.7516593933105,"Unknown"
"5020558",378628,2026-04-29 16:45:56,28.8263530731201,-17.7516841888428,"Unknown"
"5020558",378628,2026-04-29 16:46:55,28.8263568878174,-17.75168800354,"Unknown"
"5020558",378628,2026-04-29 16:47:56,28.8263263702393,-17.7516937255859,"Unknown"
"5020558",378628,2026-04-29 16:48:56,28.8263034820557,-17.7516937255859,"Unknown"
"5020558",378628,2026-04-29 16:49:57,28.826301574707,-17.7517147064209,"Unknown"
"5020558",378628,2026-04-29 16:50:55,28.8262882232666,-17.7517051696777,"Unknown"
"5020558",378628,2026-04-29 16:51:52,28.8262748718262,-17.751708984375,"Unknown"
"5020558",378628,2026-04-29 16:52:55,28.8262748718262,-17.751766204834,"Unknown"
"5020558",378628,2026-04-29 16:53:58,28.8262767791748,-17.7517929077148,"Unknown"
"5020558",378628,2026-04-29 16:55:17,28.8263034820557,-17.7518291473389,"Unknown"
"5020558",378628,2026-04-29 16:55:51,28.8263187408447,-17.7518272399902,"Unknown"
"5020558",378628,2026-04-29 16:56:53,28.8263378143311,-17.7518672943115,"Unknown"
"5020558",378628,2026-04-29 16:57:52,28.8264179229736,-17.7519645690918,"Unknown"
"5020558",378628,2026-04-29 16:58:51,28.8263759613037,-17.7518901824951,"Unknown"
"5020558",378628,2026-04-29 16:59:51,28.8263912200928,-17.7518749237061,"Unknown"
"5020558",378628,2026-04-29 17:00:55,28.8263969421387,-17.7518997192383,"Unknown"
"5020558",378628,2026-04-29 17:01:50,28.8264122009277,-17.7519340515137,"Unknown"
"5020558",378628,2026-04-29 17:02:51,28.8264102935791,-17.7519664764404,"Unknown"
"5020558",378628,2026-04-29 17:03:55,28.8263912200928,-17.7520503997803,"Unknown"
"5020558",378628,2026-04-29 17:04:51,28.82639503479,-17.7520866394043,"Unknown"
"5020558",378628,2026-04-29 17:05:52,28.8263912200928,-17.7521266937256,"Unknown"
"5020558",378628,2026-04-29 17:06:57,28.8264026641846,-17.7521648406982,"Unknown"
"5020558",378628,2026-04-29 17:07:52,28.8264179229736,-17.7522010803223,"Unknown"
"5020558",378628,2026-04-29 17:08:52,28.8264141082764,-17.7522277832031,"Unknown"
"5020558",378628,2026-04-29 17:09:52,28.8264408111572,-17.752254486084,"Unknown"
"5020558",378628,2026-04-29 17:10:52,28.8264789581299,-17.7522506713867,"Unknown"
"5020558",378628,2026-04-29 17:12:02,28.8265285491943,-17.752269744873,"Unknown"
"5020558",378628,2026-04-29 17:12:52,28.8265705108643,-17.7522926330566,"Unknown"
"5020558",378628,2026-04-29 17:13:57,28.8266010284424,-17.7523078918457,"Unknown"
"5020558",378628,2026-04-29 17:14:52,28.8266296386719,-17.7523403167725,"Unknown"
"5020558",378628,2026-04-29 17:15:59,28.8266448974609,-17.7523670196533,"Unknown"
"5020558",378628,2026-04-29 17:16:52,28.8266773223877,-17.7523746490479,"Unknown"
"5020558",378628,2026-04-29 17:17:51,28.8267154693604,-17.7523956298828,"Unknown"
"5020558",378628,2026-04-29 17:18:52,28.8267517089844,-17.7524490356445,"Unknown"
"5020558",378628,2026-04-29 17:19:53,28.8267822265625,-17.7525062561035,"Unknown"
"5020558",378628,2026-04-29 17:20:53,28.8268299102783,-17.7525444030762,"Unknown"
"5020558",378628,2026-04-29 17:21:52,28.8259525299072,-17.7538661956787,"Unknown"
"5020558",378628,2026-04-29 17:22:54,28.8259811401367,-17.7539081573486,"Unknown"
"5020558",378628,2026-04-29 17:23:59,28.8260097503662,-17.753942489624,"Unknown"
"5020558",378628,2026-04-29 17:24:57,28.8260269165039,-17.7539615631104,"Unknown"
"5020558",378628,2026-04-29 17:25:51,28.8260498046875,-17.7539539337158,"Unknown"
"5020558",378628,2026-04-29 17:26:52,28.8260803222656,-17.7540073394775,"Unknown"
"5020558",378628,2026-04-29 17:27:52,28.8260917663574,-17.7540340423584,"Unknown"
"5020558",378628,2026-04-29 17:28:54,28.8260917663574,-17.7540760040283,"Unknown"
"5020558",378628,2026-04-29 17:29:54,28.8261299133301,-17.7540626525879,"Unknown"
"5020558",378628,2026-04-29 17:30:51,28.8261547088623,-17.7540340423584,"Unknown"
"5020558",378628,2026-04-29 17:31:54,28.8261909484863,-17.7540340423584,"Unknown"
"5020558",378628,2026-04-29 17:32:52,28.8262538909912,-17.7540130615234,"Unknown"
"5020558",378628,2026-04-29 17:33:54,28.8262901306152,-17.7540016174316,"Unknown"
"5020558",378628,2026-04-29 17:34:52,28.8263072967529,-17.7540073394775,"Unknown"
"5020558",378628,2026-04-29 17:35:54,28.8263492584229,-17.7540111541748,"Unknown"
"5020558",378628,2026-04-29 17:36:52,28.8263816833496,-17.7540035247803,"Unknown"
"5020558",378628,2026-04-29 17:37:54,28.8264465332031,-17.7539710998535,"Unknown"
"5020558",378628,2026-04-29 17:38:52,28.8264865875244,-17.7539768218994,"Unknown"
"5020558",378628,2026-04-29 17:39:56,28.8265323638916,-17.7539310455322,"Unknown"
"5020558",378628,2026-04-29 17:40:52,28.8265590667725,-17.7539749145508,"Unknown"
"5020558",378628,2026-04-29 17:41:54,28.8265609741211,-17.7540092468262,"Unknown"
"5020558",378628,2026-04-29 17:42:55,28.8266067504883,-17.7540378570557,"Unknown"
"5020558",378628,2026-04-29 17:44:17,28.8266181945801,-17.7540836334229,"Unknown"
"5020558",378628,2026-04-29 17:44:52,28.8266067504883,-17.7541313171387,"Unknown"
"5020558",378628,2026-04-29 17:45:52,28.8230533599854,-17.7526607513428,"Unknown"
"5020558",378628,2026-04-29 17:46:55,28.8154335021973,-17.7499942779541,"Unknown"
"5020558",378628,2026-04-29 17:47:52,28.8127193450928,-17.7477226257324,"Unknown"
"5020558",378628,2026-04-29 17:48:52,28.8127021789551,-17.7477798461914,"Unknown"
"5020558",378628,2026-04-29 17:49:52,28.8127365112305,-17.7478637695312,"Unknown"
"5020558",378628,2026-04-29 17:50:55,28.8127498626709,-17.7479209899902,"Unknown"
"5020558",378628,2026-04-29 17:51:55,28.8127555847168,-17.747953414917,"Unknown"
"5020558",378628,2026-04-29 17:52:52,28.8127593994141,-17.7480239868164,"Unknown"
"5020558",378628,2026-04-29 17:53:55,28.8127784729004,-17.7480926513672,"Unknown"
"5020558",378628,2026-04-29 17:54:55,28.8127746582031,-17.748176574707,"Unknown"
"5020558",378628,2026-04-29 17:55:52,28.8127574920654,-17.7482318878174,"Unknown"
"5020558",378628,2026-04-29 17:56:53,28.8127670288086,-17.7482986450195,"Unknown"
"5020558",378628,2026-04-29 17:57:53,28.8127937316895,-17.7483386993408,"Unknown"
"5020558",378628,2026-04-29 17:58:52,28.8127956390381,-17.7483806610107,"Unknown"
"5020558",378628,2026-04-29 17:59:53,28.8128147125244,-17.748405456543,"Unknown"
"5020558",378628,2026-04-29 18:00:53,28.8128223419189,-17.7484378814697,"Unknown"
"5020558",378628,2026-04-29 18:01:54,28.812837600708,-17.7484741210938,"Unknown"
"5020558",378628,2026-04-29 18:02:53,28.8128299713135,-17.7485179901123,"Unknown"
"5020558",378628,2026-04-29 18:03:53,28.8128318786621,-17.7485942840576,"Unknown"
"5020558",378628,2026-04-29 18:04:53,28.8128280639648,-17.748628616333,"Unknown"
"5020558",378628,2026-04-29 18:05:53,28.8093490600586,-17.7501335144043,"Unknown"
"5020558",378628,2026-04-29 18:06:55,28.8094272613525,-17.749002456665,"Unknown"
"5020558",378628,2026-04-29 18:07:53,28.808629989624,-17.7472019195557,"Unknown"
"5020558",378628,2026-04-29 18:08:53,28.8086051940918,-17.7472515106201,"Unknown"
"5020558",378628,2026-04-29 18:09:54,28.8059673309326,-17.7480907440186,"Unknown"
"5020558",378628,2026-04-29 18:10:54,28.8045501708984,-17.7465705871582,"Unknown"
"5020558",378628,2026-04-29 18:11:53,28.8045272827148,-17.7466049194336,"Unknown"
"5020558",378628,2026-04-29 18:12:54,28.8045291900635,-17.7466697692871,"Unknown"
"5020558",378628,2026-04-29 18:13:53,28.8045310974121,-17.7467441558838,"Unknown"
"5020558",378628,2026-04-29 18:14:54,28.804500579834,-17.7467842102051,"Unknown"
"5020558",378628,2026-04-29 18:15:56,28.8045139312744,-17.7468223571777,"Unknown"
"5020558",378628,2026-04-29 18:16:55,28.8045253753662,-17.74684715271,"Unknown"
"5020558",378628,2026-04-29 18:17:54,28.8045063018799,-17.746883392334,"Unknown"
"5020558",378628,2026-04-29 18:18:55,28.8045272827148,-17.7468910217285,"Unknown"
"5020558",378628,2026-04-29 18:19:54,28.8045253753662,-17.7469482421875,"Unknown"
"5020558",378628,2026-04-29 18:20:54,28.804536819458,-17.7470016479492,"Unknown"
"5020558",378628,2026-04-29 18:21:56,28.8045177459717,-17.7470588684082,"Unknown"
"5020558",378628,2026-04-29 18:22:57,28.8045063018799,-17.747106552124,"Unknown"
"5020558",378628,2026-04-29 18:23:57,28.8045139312744,-17.7471485137939,"Unknown"
"5020558",378628,2026-04-29 18:24:56,28.8045120239258,-17.7471790313721,"Unknown"
"5020558",378628,2026-04-29 18:25:53,28.804515838623,-17.7472324371338,"Unknown"
"5020558",378628,2026-04-29 18:26:56,28.8033561706543,-17.745849609375,"Unknown"
"5020558",378628,2026-04-29 18:27:54,28.796724319458,-17.7433433532715,"Unknown"
"5020558",378628,2026-04-29 18:28:54,28.7910537719727,-17.7385540008545,"Unknown"
"5020558",378628,2026-04-29 18:29:55,28.7860660552979,-17.7361660003662,"Unknown"
"5020558",378628,2026-04-29 18:30:56,28.7846927642822,-17.7366943359375,"Unknown"
"5020558",378628,2026-04-29 18:31:53,28.7846374511719,-17.7370109558105,"Unknown"
"5020558",378628,2026-04-29 18:32:54,28.781307220459,-17.7381916046143,"Unknown"
"5020558",378628,2026-04-29 18:33:54,28.7812519073486,-17.7382526397705,"Unknown"
"5020558",378628,2026-04-29 18:34:54,28.7811908721924,-17.7382926940918,"Unknown"
"5020558",378628,2026-04-29 18:35:57,28.779878616333,-17.7359962463379,"Unknown"
"5020558",378628,2026-04-29 18:36:53,28.7787990570068,-17.7365016937256,"Unknown"
"5020558",378628,2026-04-29 18:37:57,28.7777271270752,-17.7345371246338,"Unknown"
"5020558",378628,2026-04-29 18:38:56,28.7774276733398,-17.73388671875,"Unknown"
"5020558",378628,2026-04-29 18:39:56,28.7760620117188,-17.7331237792969,"Unknown"
"5020558",378628,2026-04-29 18:40:56,28.7749423980713,-17.7330131530762,"Unknown"
"5020558",378628,2026-04-29 18:41:53,28.7749309539795,-17.7329978942871,"Unknown"
"5020558",378628,2026-04-29 18:42:54,28.7740650177002,-17.7325420379639,"Unknown"
"5020558",378628,2026-04-29 18:43:54,28.7734718322754,-17.7309532165527,"Unknown"
"5020558",378628,2026-04-29 18:44:53,28.7733879089355,-17.7309761047363,"Unknown"
"5020558",378628,2026-04-29 18:45:54,28.771900177002,-17.7319889068604,"Unknown"
"5020558",378628,2026-04-29 18:46:56,28.7703170776367,-17.7311744689941,"Unknown"
"5020558",378628,2026-04-29 18:47:53,28.7692565917969,-17.7290058135986,"Unknown"
"5020558",378628,2026-04-29 18:48:53,28.7692050933838,-17.7290134429932,"Unknown"
"5020558",378628,2026-04-29 18:49:54,28.7676467895508,-17.726863861084,"Unknown"
"5020558",378628,2026-04-29 18:50:56,28.7671737670898,-17.7270698547363,"Unknown"
"5020558",378628,2026-04-29 18:51:58,28.7647457122803,-17.7265605926514,"Unknown"
"5020558",378628,2026-04-29 18:52:57,28.7645053863525,-17.7250785827637,"Unknown"
"5020558",378628,2026-04-29 18:53:53,28.7637424468994,-17.725378036499,"Unknown"
"5020558",378628,2026-04-29 18:55:01,28.7628154754639,-17.7259368896484,"Unknown"
"5020558",378628,2026-04-29 18:55:54,28.7634334564209,-17.7260875701904,"Unknown"
"5020558",378628,2026-04-29 18:56:54,28.7620182037354,-17.7245597839355,"Unknown"
"5020558",378628,2026-04-29 18:57:53,28.7618865966797,-17.7237186431885,"Unknown"
"5020558",378628,2026-04-29 19:02:54,28.7581958770752,-17.7190246582031,"Unknown"
"5020558",378628,2026-04-29 19:07:53,28.7555084228516,-17.7189025878906,"Unknown"
"5020558",378628,2026-04-29 19:12:55,28.7453708648682,-17.7138957977295,"Unknown"
"5020558",378628,2026-04-29 19:17:55,28.7415924072266,-17.7120304107666,"Unknown"
"5020558",378628,2026-04-29 19:22:54,28.7407417297363,-17.7084617614746,"Unknown"
"5020558",378628,2026-04-29 19:27:59,28.7406005859375,-17.7084178924561,"Unknown"
"5020558",378628,2026-04-29 19:32:54,28.7404842376709,-17.7083282470703,"Unknown"
"5020558",378628,2026-04-29 19:38:17,28.7386646270752,-17.7124080657959,"Unknown"
"5020558",378628,2026-04-29 19:42:54,28.7386341094971,-17.7121429443359,"Unknown"
"5020558",378628,2026-04-29 19:47:54,28.7387256622314,-17.7119026184082,"Unknown"
"5020558",378628,2026-04-29 19:52:55,28.7388153076172,-17.7117481231689,"Unknown"
"5020558",378628,2026-04-29 19:57:52,28.7390213012695,-17.7117042541504,"Unknown"
"5020558",378628,2026-04-29 20:02:54,28.7393074035645,-17.7117080688477,"Unknown"
"5020558",378628,2026-04-29 20:07:55,28.7394905090332,-17.7117729187012,"Unknown"
"5020558",378628,2026-04-29 20:12:54,28.7396926879883,-17.7119598388672,"Unknown"
"5020558",378628,2026-04-29 20:17:53,28.7397480010986,-17.7121639251709,"Unknown"
"5020558",378628,2026-04-29 20:22:55,28.7407684326172,-17.7185001373291,"Unknown"
"5020558",378628,2026-04-29 20:27:54,28.7506275177002,-17.7210540771484,"Unknown"
"5020558",378628,2026-04-29 20:32:54,28.7506351470947,-17.7209930419922,"Unknown"
"5020558",378628,2026-04-29 20:37:59,28.7633838653564,-17.7274169921875,"Unknown"
"5020558",378628,2026-04-29 20:42:56,28.7635040283203,-17.7276668548584,"Unknown"
"5020558",378628,2026-04-29 20:43:53,28.7635269165039,-17.7277488708496,"Unknown"
"5020558",378628,2026-04-29 20:44:54,28.7635536193848,-17.7277984619141,"Unknown"
"5020558",378628,2026-04-29 20:45:53,28.7635707855225,-17.7278289794922,"Unknown"
"5020558",378628,2026-04-29 20:46:54,28.7635726928711,-17.7278804779053,"Unknown"
"5020558",378628,2026-04-29 20:47:55,28.7635688781738,-17.7279167175293,"Unknown"
"5020558",378628,2026-04-29 20:48:55,28.7635803222656,-17.7279605865479,"Unknown"
"5020558",378628,2026-04-29 20:49:55,28.7635879516602,-17.7280178070068,"Unknown"
"5020558",378628,2026-04-29 20:50:54,28.7636127471924,-17.7281112670898,"Unknown"
"5020558",378628,2026-04-29 20:51:54,28.763599395752,-17.7281627655029,"Unknown"
"5020558",378628,2026-04-29 20:52:54,28.7635936737061,-17.7282199859619,"Unknown"
"5020558",378628,2026-04-29 20:53:54,28.7635974884033,-17.72825050354,"Unknown"
"5020558",378628,2026-04-29 20:54:54,28.763599395752,-17.7283115386963,"Unknown"
"5020558",378628,2026-04-29 20:55:54,28.7635974884033,-17.7283515930176,"Unknown"
"5020558",378628,2026-04-29 20:56:56,28.7635765075684,-17.7284107208252,"Unknown"
"5020558",378628,2026-04-29 20:57:54,28.7635803222656,-17.7284755706787,"Unknown"
"5020558",378628,2026-04-29 20:58:53,28.7682456970215,-17.7304058074951,"Unknown"
"5020558",378628,2026-04-29 20:59:54,28.7717533111572,-17.7316913604736,"Unknown"
"5020558",378628,2026-04-29 21:00:54,28.7744884490967,-17.7357120513916,"Unknown"
"5020558",378628,2026-04-29 21:01:54,28.7763690948486,-17.7389621734619,"Unknown"
"5020558",378628,2026-04-29 21:02:54,28.7775115966797,-17.7389125823975,"Unknown"
"5020558",378628,2026-04-29 21:03:54,28.7776412963867,-17.7390327453613,"Unknown"
"5020558",378628,2026-04-29 21:04:54,28.7777347564697,-17.7391567230225,"Unknown"
"5020558",378628,2026-04-29 21:05:53,28.7777404785156,-17.7391967773438,"Unknown"
"5020558",378628,2026-04-29 21:06:53,28.7778587341309,-17.7393054962158,"Unknown"
"5020558",378628,2026-04-29 21:07:53,28.777853012085,-17.7393913269043,"Unknown"
"5020558",378628,2026-04-29 21:08:53,28.7780075073242,-17.7395153045654,"Unknown"
"5020558",378628,2026-04-29 21:09:53,28.7781448364258,-17.7396507263184,"Unknown"
"5020558",378628,2026-04-29 21:10:53,28.7783241271973,-17.7397422790527,"Unknown"
"5020558",378628,2026-04-29 21:11:53,28.7784805297852,-17.7398834228516,"Unknown"
"5020558",378628,2026-04-29 21:12:56,28.7786064147949,-17.7400074005127,"Unknown"
"5020558",378628,2026-04-29 21:13:56,28.7787284851074,-17.740140914917,"Unknown"
"5020558",378628,2026-04-29 21:14:56,28.7788696289062,-17.7402362823486,"Unknown"
"5020558",378628,2026-04-29 21:15:53,28.7789669036865,-17.7403240203857,"Unknown"
"5020558",378628,2026-04-29 21:16:54,28.7790641784668,-17.7404251098633,"Unknown"
"5020558",378628,2026-04-29 21:17:53,28.7791728973389,-17.7405052185059,"Unknown"
"5020558",378628,2026-04-29 21:18:53,28.7793045043945,-17.7405834197998,"Unknown"
"5020558",378628,2026-04-29 21:19:54,28.779411315918,-17.7406368255615,"Unknown"
"5020558",378628,2026-04-29 21:20:53,28.7802658081055,-17.7413158416748,"Unknown"
"5020558",378628,2026-04-29 21:21:56,28.7803630828857,-17.7413272857666,"Unknown"
"5020558",378628,2026-04-29 21:22:53,28.7804679870605,-17.7413177490234,"Unknown"
"5020558",378628,2026-04-29 21:23:53,28.7806167602539,-17.7413520812988,"Unknown"
"5020558",378628,2026-04-29 21:24:53,28.7807464599609,-17.7413864135742,"Unknown"
"5020558",378628,2026-04-29 21:25:54,28.7809104919434,-17.7414608001709,"Unknown"
"5020558",378628,2026-04-29 21:26:54,28.7810497283936,-17.7414245605469,"Unknown"
"5020558",378628,2026-04-29 21:27:54,28.7812156677246,-17.7413921356201,"Unknown"
"5020558",378628,2026-04-29 21:28:53,28.7813339233398,-17.7413787841797,"Unknown"
"5020558",378628,2026-04-29 21:29:53,28.7814483642578,-17.7414226531982,"Unknown"
"5020558",378628,2026-04-29 21:30:54,28.781644821167,-17.7414684295654,"Unknown"
"5020558",378628,2026-04-29 21:31:54,28.7818088531494,-17.7414588928223,"Unknown"
"5020558",378628,2026-04-29 21:32:53,28.7819423675537,-17.7414779663086,"Unknown"
"5020558",378628,2026-04-29 21:33:55,28.7820873260498,-17.7414684295654,"Unknown"
"5020558",378628,2026-04-29 21:34:56,28.7822875976562,-17.7414016723633,"Unknown"
"5020558",378628,2026-04-29 21:35:56,28.7824802398682,-17.7413558959961,"Unknown"
"5020558",378628,2026-04-29 21:36:58,28.7826385498047,-17.7412338256836,"Unknown"
"5020558",378628,2026-04-29 21:37:56,28.784538269043,-17.7439880371094,"Unknown"
"5020558",378628,2026-04-29 21:38:54,28.785831451416,-17.7440719604492,"Unknown"
"5020558",378628,2026-04-29 21:39:54,28.7859535217285,-17.7440910339355,"Unknown"
"5020558",378628,2026-04-29 21:40:54,28.7860221862793,-17.744119644165,"Unknown"
"5020558",378628,2026-04-29 21:41:54,28.7861175537109,-17.7441673278809,"Unknown"
"5020558",378628,2026-04-29 21:42:54,28.7862358093262,-17.7441864013672,"Unknown"
"5020558",378628,2026-04-29 21:43:56,28.78635597229,-17.7442474365234,"Unknown"
"5020558",378628,2026-04-29 21:44:54,28.7864475250244,-17.7442741394043,"Unknown"
"5020558",378628,2026-04-29 21:45:54,28.7865619659424,-17.7443027496338,"Unknown"
"5020558",378628,2026-04-29 21:46:54,28.7866687774658,-17.7443103790283,"Unknown"
"5020558",378628,2026-04-29 21:47:54,28.7867794036865,-17.7443428039551,"Unknown"
"5020558",378628,2026-04-29 21:48:54,28.7868709564209,-17.7443923950195,"Unknown"
"5020558",378628,2026-04-29 21:49:56,28.7870006561279,-17.7444438934326,"Unknown"
"5020558",378628,2026-04-29 21:50:56,28.7870655059814,-17.7444648742676,"Unknown"
"5020558",378628,2026-04-29 21:51:54,28.7871551513672,-17.7445106506348,"Unknown"
"5020558",378628,2026-04-29 21:52:56,28.7872142791748,-17.7445201873779,"Unknown"
"5020558",378628,2026-04-29 21:53:56,28.7873077392578,-17.7445526123047,"Unknown"
"5020558",378628,2026-04-29 21:54:54,28.7874279022217,-17.7446174621582,"Unknown"
"5020558",378628,2026-04-29 21:55:54,28.7875423431396,-17.7446193695068,"Unknown"
"5020558",378628,2026-04-29 21:56:54,28.7876834869385,-17.7446727752686,"Unknown"
"5020558",378628,2026-04-29 21:57:57,28.7878303527832,-17.7446880340576,"Unknown"
"5020558",378628,2026-04-29 21:58:54,28.7879676818848,-17.7446422576904,"Unknown"
"5020558",378628,2026-04-29 21:59:54,28.7881126403809,-17.7446727752686,"Unknown"
"5020558",378628,2026-04-29 22:01:27,28.7882041931152,-17.744592666626,"Unknown"
"5020558",378628,2026-04-29 22:01:53,28.7882118225098,-17.7445507049561,"Unknown"
"5020558",378628,2026-04-29 22:02:53,28.7882652282715,-17.7444705963135,"Unknown"
"5020558",378628,2026-04-29 22:03:53,28.7883377075195,-17.7444076538086,"Unknown"
"5020558",378628,2026-04-29 22:04:53,28.7884063720703,-17.7443218231201,"Unknown"
"5020558",378628,2026-04-29 22:05:53,28.7884635925293,-17.7442264556885,"Unknown"
"5020558",378628,2026-04-29 22:06:53,28.7885837554932,-17.7441310882568,"Unknown"
"5020558",378628,2026-04-29 22:07:53,28.7886962890625,-17.7440853118896,"Unknown"
"5020558",378628,2026-04-29 22:08:53,28.7888603210449,-17.7440090179443,"Unknown"
"5020558",378628,2026-04-29 22:09:53,28.788969039917,-17.743968963623,"Unknown"
"5020558",378628,2026-04-29 22:10:53,28.7890701293945,-17.74391746521,"Unknown"
"5020558",378628,2026-04-29 22:11:53,28.7892837524414,-17.7438507080078,"Unknown"
"5020558",378628,2026-04-29 22:12:53,28.789457321167,-17.7437973022461,"Unknown"
"5020558",378628,2026-04-29 22:13:53,28.7896156311035,-17.7437381744385,"Unknown"
"5020558",378628,2026-04-29 22:14:53,28.7897777557373,-17.7437477111816,"Unknown"
"5020558",378628,2026-04-29 22:15:53,28.7899322509766,-17.743709564209,"Unknown"
"5020558",378628,2026-04-29 22:16:53,28.790075302124,-17.7437057495117,"Unknown"
"5020558",378628,2026-04-29 22:17:53,28.7902393341064,-17.7436428070068,"Unknown"
"5020558",378628,2026-04-29 22:18:53,28.7904014587402,-17.743595123291,"Unknown"
"5020558",378628,2026-04-29 22:19:53,28.7905693054199,-17.7436122894287,"Unknown"
"5020558",378628,2026-04-29 22:20:53,28.7907276153564,-17.743616104126,"Unknown"
"5020558",378628,2026-04-29 22:21:53,28.7909317016602,-17.7436237335205,"Unknown"
"5020558",378628,2026-04-29 22:22:53,28.7911319732666,-17.7436504364014,"Unknown"
"5020558",378628,2026-04-29 22:23:53,28.7913417816162,-17.7436637878418,"Unknown"
"5020558",378628,2026-04-29 22:24:54,28.7915363311768,-17.7436027526855,"Unknown"
"5020558",378628,2026-04-29 22:25:53,28.7917041778564,-17.7436008453369,"Unknown"
"5020558",378628,2026-04-29 22:26:53,28.7918319702148,-17.7436046600342,"Unknown"
"5020558",378628,2026-04-29 22:27:53,28.7919521331787,-17.74365234375,"Unknown"
"5020558",378628,2026-04-29 22:28:53,28.7920684814453,-17.7436218261719,"Unknown"
"5020558",378628,2026-04-29 22:29:53,28.7921733856201,-17.7436294555664,"Unknown"
"5020558",378628,2026-04-29 22:30:53,28.7923183441162,-17.743631362915,"Unknown"
"5020558",378628,2026-04-29 22:31:53,28.7924518585205,-17.7436466217041,"Unknown"
"5020558",378628,2026-04-29 22:32:53,28.7925548553467,-17.7436714172363,"Unknown"
"5020558",378628,2026-04-29 22:33:53,28.7926807403564,-17.7436676025391,"Unknown"
"5020558",378628,2026-04-29 22:34:54,28.7928276062012,-17.7436656951904,"Unknown"
"5020558",378628,2026-04-29 22:35:53,28.7929286956787,-17.7436904907227,"Unknown"
"5020558",378628,2026-04-29 22:36:53,28.7930202484131,-17.7437210083008,"Unknown"
"5020558",378628,2026-04-29 22:37:53,28.7931938171387,-17.7437286376953,"Unknown"
"5020558",378628,2026-04-29 22:38:53,28.7933082580566,-17.7437553405762,"Unknown"
"5020558",378628,2026-04-29 22:39:53,28.7934188842773,-17.7437534332275,"Unknown"
"5020558",378628,2026-04-29 22:40:53,28.7935695648193,-17.7437496185303,"Unknown"
"5020558",378628,2026-04-29 22:41:53,28.7936916351318,-17.7438621520996,"Unknown"
"5020558",378628,2026-04-29 22:42:54,28.7938213348389,-17.7438907623291,"Unknown"
"5020558",378628,2026-04-29 22:43:53,28.7939510345459,-17.7439346313477,"Unknown"
"5020558",378628,2026-04-29 22:44:53,28.7940711975098,-17.7439994812012,"Unknown"
"5020558",378628,2026-04-29 22:45:53,28.7941513061523,-17.7440528869629,"Unknown"
"5020558",378628,2026-04-29 22:46:54,28.7942543029785,-17.7440719604492,"Unknown"
"5020558",378628,2026-04-29 22:47:53,28.7943553924561,-17.7441234588623,"Unknown"
"5020558",378628,2026-04-29 22:48:53,28.7944469451904,-17.7441272735596,"Unknown"
"5020558",378628,2026-04-29 22:49:53,28.7945690155029,-17.7441253662109,"Unknown"
"5020558",378628,2026-04-29 22:50:53,28.7946357727051,-17.7441806793213,"Unknown"
"5020558",378628,2026-04-29 22:51:54,28.7946434020996,-17.744213104248,"Unknown"
"5020558",378628,2026-04-29 22:52:53,28.7946147918701,-17.7443008422852,"Unknown"
"5020558",378628,2026-04-29 22:53:54,28.7938232421875,-17.7448577880859,"Unknown"
"5020558",378628,2026-04-29 22:54:54,28.7932262420654,-17.7424736022949,"Unknown"
"5020558",378628,2026-04-29 22:55:53,28.7949905395508,-17.7431316375732,"Unknown"
"5020558",378628,2026-04-29 22:56:54,28.7951259613037,-17.7431144714355,"Unknown"
"5020558",378628,2026-04-29 22:57:53,28.7952613830566,-17.7431316375732,"Unknown"
"5020558",378628,2026-04-29 22:58:53,28.7954273223877,-17.7432250976562,"Unknown"
"5020558",378628,2026-04-29 22:59:54,28.7955532073975,-17.7432727813721,"Unknown"
"5020558",378628,2026-04-29 23:00:53,28.7956676483154,-17.7432136535645,"Unknown"
"5020558",378628,2026-04-29 23:01:54,28.7958583831787,-17.7432136535645,"Unknown"
"5020558",378628,2026-04-29 23:02:54,28.7960071563721,-17.743221282959,"Unknown"
"5020558",378628,2026-04-29 23:03:54,28.7961711883545,-17.7432708740234,"Unknown"
"5020558",378628,2026-04-29 23:04:54,28.7962837219238,-17.7433242797852,"Unknown"
"5020558",378628,2026-04-29 23:05:53,28.796407699585,-17.7433929443359,"Unknown"
"5020558",378628,2026-04-29 23:06:53,28.7965393066406,-17.7434577941895,"Unknown"
"5020558",378628,2026-04-29 23:07:54,28.7967185974121,-17.7434864044189,"Unknown"
"5020558",378628,2026-04-29 23:08:53,28.7968502044678,-17.7435417175293,"Unknown"
"5020558",378628,2026-04-29 23:09:53,28.7969837188721,-17.7435722351074,"Unknown"
"5020558",378628,2026-04-29 23:10:54,28.7971496582031,-17.7435874938965,"Unknown"
"5020558",378628,2026-04-29 23:11:53,28.7973308563232,-17.7436428070068,"Unknown"
"5020558",378628,2026-04-29 23:12:54,28.7974624633789,-17.7437133789062,"Unknown"
"5020558",378628,2026-04-29 23:13:53,28.7976188659668,-17.7437629699707,"Unknown"
"5020558",378628,2026-04-29 23:14:54,28.7978000640869,-17.7437801361084,"Unknown"
"5020558",378628,2026-04-29 23:15:54,28.797945022583,-17.7438087463379,"Unknown"
"5020558",378628,2026-04-29 23:16:54,28.7981243133545,-17.7438488006592,"Unknown"
"5020558",378628,2026-04-29 23:17:54,28.7982692718506,-17.7439022064209,"Unknown"
"5020558",378628,2026-04-29 23:18:54,28.7984085083008,-17.743932723999,"Unknown"
"5020558",378628,2026-04-29 23:19:54,28.7985305786133,-17.7439346313477,"Unknown"
"5020558",378628,2026-04-29 23:20:54,28.7986469268799,-17.7439212799072,"Unknown"
"5020558",378628,2026-04-29 23:21:54,28.7987937927246,-17.743953704834,"Unknown"
"5020558",378628,2026-04-29 23:22:54,28.7989559173584,-17.7439422607422,"Unknown"
"5020558",378628,2026-04-29 23:23:54,28.7991371154785,-17.7439422607422,"Unknown"
"5020558",378628,2026-04-29 23:24:54,28.7992897033691,-17.7439823150635,"Unknown"
"5020558",378628,2026-04-29 23:25:54,28.7994518280029,-17.7439746856689,"Unknown"
"5020558",378628,2026-04-29 23:26:54,28.7995738983154,-17.7440147399902,"Unknown"
"5020558",378628,2026-04-29 23:27:54,28.7997589111328,-17.7440643310547,"Unknown"
"5020558",378628,2026-04-29 23:28:54,28.7999153137207,-17.7440929412842,"Unknown"
"5020558",378628,2026-04-29 23:29:54,28.8000640869141,-17.7441520690918,"Unknown"
"5020558",378628,2026-04-29 23:30:54,28.8001823425293,-17.7441730499268,"Unknown"
"5020558",378628,2026-04-29 23:31:54,28.800313949585,-17.7442016601562,"Unknown"
"5020558",378628,2026-04-29 23:32:54,28.8004837036133,-17.7442302703857,"Unknown"
"5020558",378628,2026-04-29 23:33:54,28.8006153106689,-17.7442836761475,"Unknown"
"5020558",378628,2026-04-29 23:34:54,28.8007469177246,-17.7442531585693,"Unknown"
"5020558",378628,2026-04-29 23:35:54,28.8009452819824,-17.7442817687988,"Unknown"
"5020558",378628,2026-04-29 23:36:54,28.8010711669922,-17.7443256378174,"Unknown"
"5020558",378628,2026-04-29 23:37:54,28.8012161254883,-17.7443370819092,"Unknown"
"5020558",378628,2026-04-29 23:38:54,28.8012828826904,-17.7443675994873,"Unknown"
"5020558",378628,2026-04-29 23:39:54,28.8013305664062,-17.7444152832031,"Unknown"
"5020558",378628,2026-04-29 23:40:53,28.8013343811035,-17.7444591522217,"Unknown"
"5020558",378628,2026-04-29 23:41:54,28.8013954162598,-17.7444953918457,"Unknown"
"5020558",378628,2026-04-29 23:42:54,28.8014736175537,-17.7445392608643,"Unknown"
"5020558",378628,2026-04-29 23:43:54,28.8015899658203,-17.744571685791,"Unknown"
"5020558",378628,2026-04-29 23:44:54,28.8017463684082,-17.7445182800293,"Unknown"
"5020558",378628,2026-04-29 23:45:53,28.8018207550049,-17.744514465332,"Unknown"
"5020558",378628,2026-04-29 23:46:54,28.8019142150879,-17.7445335388184,"Unknown"
"5020558",378628,2026-04-29 23:47:54,28.8021106719971,-17.7445621490479,"Unknown"
"5020558",378628,2026-04-29 23:48:54,28.8022346496582,-17.7445583343506,"Unknown"
"5020558",378628,2026-04-29 23:49:54,28.8023853302002,-17.7445755004883,"Unknown"
"5020558",378628,2026-04-29 23:50:53,28.8024978637695,-17.7445869445801,"Unknown"
"5020558",378628,2026-04-29 23:51:57,28.8026275634766,-17.7446193695068,"Unknown"
"5020558",378628,2026-04-29 23:52:54,28.8027191162109,-17.7446460723877,"Unknown"
"5020558",378628,2026-04-29 23:53:55,28.802806854248,-17.7446556091309,"Unknown"
"5020558",378628,2026-04-29 23:54:53,28.8029174804688,-17.7446918487549,"Unknown"
"5020558",378628,2026-04-29 23:55:54,28.8030185699463,-17.7447242736816,"Unknown"
"5020558",378628,2026-04-29 23:56:56,28.8031196594238,-17.7447319030762,"Unknown"
"5020558",378628,2026-04-29 23:57:54,28.8032093048096,-17.744758605957,"Unknown"
"5020558",378628,2026-04-29 23:58:54,28.8033027648926,-17.7447624206543,"Unknown"
"5020558",378628,2026-04-29 23:59:56,28.803394317627,-17.7447891235352,"Unknown"
"5020558",378628,2026-04-30 00:00:54,28.8034973144531,-17.7447834014893,"Unknown"
"5020558",378628,2026-04-30 00:01:54,28.8036022186279,-17.7448043823242,"Unknown"
"5020558",378628,2026-04-30 00:02:54,28.8036880493164,-17.7448215484619,"Unknown"
"5020558",378628,2026-04-30 00:03:54,28.8037738800049,-17.7448253631592,"Unknown"
"5020558",378628,2026-04-30 00:04:56,28.8038330078125,-17.7448120117188,"Unknown"
"5020558",378628,2026-04-30 00:05:59,28.8038997650146,-17.7447757720947,"Unknown"
"5020558",378628,2026-04-30 00:06:54,28.8039608001709,-17.7447776794434,"Unknown"
"5020558",378628,2026-04-30 00:07:59,28.8040390014648,-17.7447891235352,"Unknown"
"5020558",378628,2026-04-30 00:08:54,28.8041515350342,-17.7448043823242,"Unknown"
"5020558",378628,2026-04-30 00:09:53,28.8042411804199,-17.7447986602783,"Unknown"
"5020558",378628,2026-04-30 00:10:58,28.8043518066406,-17.7448329925537,"Unknown"
"5020558",378628,2026-04-30 00:11:54,28.8044338226318,-17.7448348999023,"Unknown"
"5020558",378628,2026-04-30 00:12:54,28.8045120239258,-17.744815826416,"Unknown"
"5020558",378628,2026-04-30 00:13:54,28.8045921325684,-17.7448101043701,"Unknown"
"5020558",378628,2026-04-30 00:14:54,28.8046779632568,-17.7447910308838,"Unknown"
"5020558",378628,2026-04-30 00:15:53,28.8047676086426,-17.7447605133057,"Unknown"
"5020558",378628,2026-04-30 00:16:56,28.8048324584961,-17.7447128295898,"Unknown"
"5020558",378628,2026-04-30 00:17:54,28.8048877716064,-17.7446403503418,"Unknown"
"5020558",378628,2026-04-30 00:18:53,28.8049602508545,-17.7445869445801,"Unknown"
"5020558",378628,2026-04-30 00:20:17,28.8050384521484,-17.7445430755615,"Unknown"
"5020558",378628,2026-04-30 00:20:53,28.8050842285156,-17.7445602416992,"Unknown"
"5020558",378628,2026-04-30 00:21:53,28.8051414489746,-17.7445831298828,"Unknown"
"5020558",378628,2026-04-30 00:22:53,28.8052043914795,-17.7445907592773,"Unknown"
"5020558",378628,2026-04-30 00:23:53,28.8052940368652,-17.7445907592773,"Unknown"
"5020558",378628,2026-04-30 00:24:53,28.80539894104,-17.7446155548096,"Unknown"
"5020558",378628,2026-04-30 00:25:53,28.8055362701416,-17.7446708679199,"Unknown"
"5020558",378628,2026-04-30 00:26:53,28.8056526184082,-17.7446956634521,"Unknown"
"5020558",378628,2026-04-30 00:27:53,28.8057537078857,-17.744722366333,"Unknown"
"5020558",378628,2026-04-30 00:28:53,28.8058433532715,-17.7447452545166,"Unknown"
"5020558",378628,2026-04-30 00:29:53,28.8059406280518,-17.744758605957,"Unknown"
"5020558",378628,2026-04-30 00:30:53,28.8060073852539,-17.7447776794434,"Unknown"
"5020558",378628,2026-04-30 00:31:53,28.8061065673828,-17.7447776794434,"Unknown"
"5020558",378628,2026-04-30 00:32:53,28.8061923980713,-17.7447605133057,"Unknown"
"5020558",378628,2026-04-30 00:33:53,28.8062915802002,-17.744800567627,"Unknown"
"5020558",378628,2026-04-30 00:34:53,28.806360244751,-17.7448215484619,"Unknown"
"5020558",378628,2026-04-30 00:35:53,28.8064346313477,-17.7448387145996,"Unknown"
"5020558",378628,2026-04-30 00:36:53,28.8065204620361,-17.7448577880859,"Unknown"
"5020558",378628,2026-04-30 00:37:53,28.8065624237061,-17.7448711395264,"Unknown"
"5020558",378628,2026-04-30 00:38:53,28.8066234588623,-17.7447948455811,"Unknown"
"5020558",378628,2026-04-30 00:39:53,28.8067016601562,-17.744665145874,"Unknown"
"5020558",378628,2026-04-30 00:40:53,28.8068370819092,-17.7445812225342,"Unknown"
"5020558",378628,2026-04-30 00:41:53,28.8069591522217,-17.7445831298828,"Unknown"
"5020558",378628,2026-04-30 00:42:53,28.8070468902588,-17.7445201873779,"Unknown"
"5020558",378628,2026-04-30 00:43:53,28.8071041107178,-17.7445106506348,"Unknown"
"5020558",378628,2026-04-30 00:44:53,28.8071784973145,-17.7445068359375,"Unknown"
"5020558",378628,2026-04-30 00:45:53,28.8072452545166,-17.7445030212402,"Unknown"
"5020558",378628,2026-04-30 00:46:53,28.8073444366455,-17.7445220947266,"Unknown"
"5020558",378628,2026-04-30 00:47:53,28.8074207305908,-17.7445278167725,"Unknown"
"5020558",378628,2026-04-30 00:48:53,28.8075199127197,-17.7445373535156,"Unknown"
"5020558",378628,2026-04-30 00:49:53,28.8076095581055,-17.7445259094238,"Unknown"
"5020558",378628,2026-04-30 00:50:53,28.8076839447021,-17.7445106506348,"Unknown"
"5020558",378628,2026-04-30 00:51:53,28.8077335357666,-17.7444438934326,"Unknown"
"5020558",378628,2026-04-30 00:52:53,28.8077754974365,-17.7443771362305,"Unknown"
"5020558",378628,2026-04-30 00:53:53,28.8078155517578,-17.7443599700928,"Unknown"
"5020558",378628,2026-04-30 00:54:54,28.8079223632812,-17.7442226409912,"Unknown"
"5020558",378628,2026-04-30 00:55:53,28.807991027832,-17.7441024780273,"Unknown"
"5020558",378628,2026-04-30 00:56:53,28.8080654144287,-17.7440509796143,"Unknown"
"5020558",378628,2026-04-30 00:57:53,28.8081359863281,-17.7440090179443,"Unknown"
"5020558",378628,2026-04-30 00:58:53,28.8082008361816,-17.7439498901367,"Unknown"
"5020558",378628,2026-04-30 00:59:53,28.8082847595215,-17.7439136505127,"Unknown"
"5020558",378628,2026-04-30 01:00:53,28.8083553314209,-17.7438793182373,"Unknown"
"5020558",378628,2026-04-30 01:01:53,28.8084392547607,-17.743860244751,"Unknown"
"5020558",378628,2026-04-30 01:02:53,28.8085517883301,-17.7438087463379,"Unknown"
"5020558",378628,2026-04-30 01:03:53,28.8086071014404,-17.7437553405762,"Unknown"
"5020558",378628,2026-04-30 01:04:56,28.8089866638184,-17.7430057525635,"Unknown"
"5020558",378628,2026-04-30 01:05:54,28.8089332580566,-17.7438125610352,"Unknown"
"5020558",378628,2026-04-30 01:06:53,28.8090915679932,-17.7438316345215,"Unknown"
"5020558",378628,2026-04-30 01:07:53,28.8092193603516,-17.7438812255859,"Unknown"
"5020558",378628,2026-04-30 01:08:53,28.809419631958,-17.7438812255859,"Unknown"
"5020558",378628,2026-04-30 01:09:53,28.8095149993896,-17.7438697814941,"Unknown"
"5020558",378628,2026-04-30 01:10:53,28.8096790313721,-17.7439136505127,"Unknown"
"5020558",378628,2026-04-30 01:11:53,28.8098201751709,-17.7439365386963,"Unknown"
"5020558",378628,2026-04-30 01:13:00,28.8099575042725,-17.7439308166504,"Unknown"
"5020558",378628,2026-04-30 01:13:54,28.810079574585,-17.7439498901367,"Unknown"
"5020558",378628,2026-04-30 01:15:27,28.8103046417236,-17.7439823150635,"Unknown"
"5020558",378628,2026-04-30 01:15:53,28.8103523254395,-17.7439765930176,"Unknown"
"5020558",378628,2026-04-30 01:16:53,28.8105144500732,-17.743953704834,"Unknown"
"5020558",378628,2026-04-30 01:17:54,28.8106422424316,-17.7439517974854,"Unknown"
"5020558",378628,2026-04-30 01:18:53,28.8108196258545,-17.7439155578613,"Unknown"
"5020558",378628,2026-04-30 01:19:53,28.81103515625,-17.7438354492188,"Unknown"
"5020558",378628,2026-04-30 01:20:54,28.8112258911133,-17.7438220977783,"Unknown"
"5020558",378628,2026-04-30 01:21:53,28.811393737793,-17.7437839508057,"Unknown"
"5020558",378628,2026-04-30 01:22:53,28.8115768432617,-17.7437629699707,"Unknown"
"5020558",378628,2026-04-30 01:23:54,28.8117580413818,-17.7437019348145,"Unknown"
"5020558",378628,2026-04-30 01:24:54,28.8118572235107,-17.7437438964844,"Unknown"
"5020558",378628,2026-04-30 01:25:53,28.8119049072266,-17.7437591552734,"Unknown"
"5020558",378628,2026-04-30 01:26:54,28.811975479126,-17.7437858581543,"Unknown"
"5020558",378628,2026-04-30 01:27:54,28.8120574951172,-17.7437152862549,"Unknown"
"5020558",378628,2026-04-30 01:28:54,28.8121585845947,-17.7436256408691,"Unknown"
"5020558",378628,2026-04-30 01:29:54,28.8122482299805,-17.7435493469238,"Unknown"
"5020558",378628,2026-04-30 01:30:54,28.8122959136963,-17.7434234619141,"Unknown"
"5020558",378628,2026-04-30 01:31:53,28.8123645782471,-17.7433471679688,"Unknown"
"5020558",378628,2026-04-30 01:32:54,28.8124504089355,-17.7433032989502,"Unknown"
"5020558",378628,2026-04-30 01:33:53,28.8125419616699,-17.7432270050049,"Unknown"
"5020558",378628,2026-04-30 01:34:53,28.8126316070557,-17.7431316375732,"Unknown"
"5020558",378628,2026-04-30 01:35:54,28.8127212524414,-17.7430591583252,"Unknown"
"5020558",378628,2026-04-30 01:36:53,28.812816619873,-17.7430286407471,"Unknown"
"5020558",378628,2026-04-30 01:37:53,28.8128910064697,-17.7428855895996,"Unknown"
"5020558",378628,2026-04-30 01:38:53,28.8129978179932,-17.7427654266357,"Unknown"
"5020558",378628,2026-04-30 01:39:53,28.8130226135254,-17.742654800415,"Unknown"
"5020558",378628,2026-04-30 01:40:54,28.8130912780762,-17.7425994873047,"Unknown"
"5020558",378628,2026-04-30 01:41:53,28.8131561279297,-17.7425785064697,"Unknown"
"5020558",378628,2026-04-30 01:42:53,28.8132057189941,-17.7425174713135,"Unknown"
"5020558",378628,2026-04-30 01:43:53,28.8133068084717,-17.7424335479736,"Unknown"
"5020558",378628,2026-04-30 01:44:54,28.8134326934814,-17.7423400878906,"Unknown"
"5020558",378628,2026-04-30 01:45:53,28.8136005401611,-17.7422542572021,"Unknown"
"5020558",378628,2026-04-30 01:46:53,28.8137683868408,-17.7421779632568,"Unknown"
"5020558",378628,2026-04-30 01:47:53,28.8139667510986,-17.7421417236328,"Unknown"
"5020558",378628,2026-04-30 01:48:53,28.8141326904297,-17.7421340942383,"Unknown"
"5020558",378628,2026-04-30 01:49:53,28.8142986297607,-17.7421073913574,"Unknown"
"5020558",378628,2026-04-30 01:50:53,28.8144111633301,-17.7420539855957,"Unknown"
"5020558",378628,2026-04-30 01:51:53,28.814510345459,-17.742057800293,"Unknown"
"5020558",378628,2026-04-30 01:52:53,28.8145771026611,-17.7420444488525,"Unknown"
"5020558",378628,2026-04-30 01:53:54,28.8146934509277,-17.7420387268066,"Unknown"
"5020558",378628,2026-04-30 01:54:54,28.8148040771484,-17.7419891357422,"Unknown"
"5020558",378628,2026-04-30 01:55:54,28.8149509429932,-17.7418880462646,"Unknown"
"5020558",378628,2026-04-30 01:56:54,28.8151054382324,-17.7417774200439,"Unknown"
"5020558",378628,2026-04-30 01:57:54,28.8152313232422,-17.7416877746582,"Unknown"
"5020558",378628,2026-04-30 01:58:53,28.8153457641602,-17.7415618896484,"Unknown"
"5020558",378628,2026-04-30 01:59:54,28.8154220581055,-17.7414970397949,"Unknown"
"5020558",378628,2026-04-30 02:00:54,28.8155479431152,-17.7413711547852,"Unknown"
"5020558",378628,2026-04-30 02:01:53,28.8157234191895,-17.7413120269775,"Unknown"
"5020558",378628,2026-04-30 02:02:54,28.8159484863281,-17.7413234710693,"Unknown"
"5020558",378628,2026-04-30 02:03:54,28.816104888916,-17.7413330078125,"Unknown"
"5020558",378628,2026-04-30 02:04:53,28.8162841796875,-17.7413425445557,"Unknown"
"5020558",378628,2026-04-30 02:05:53,28.8164958953857,-17.7412910461426,"Unknown"
"5020558",378628,2026-04-30 02:06:53,28.8166618347168,-17.7413101196289,"Unknown"
"5020558",378628,2026-04-30 02:07:53,28.8168392181396,-17.7413272857666,"Unknown"
"5020558",378628,2026-04-30 02:08:53,28.8170337677002,-17.7413902282715,"Unknown"
"5020558",378628,2026-04-30 02:09:53,28.8172569274902,-17.7413673400879,"Unknown"
"5020558",378628,2026-04-30 02:10:53,28.8174724578857,-17.7413463592529,"Unknown"
"5020558",378628,2026-04-30 02:11:53,28.8176345825195,-17.7413101196289,"Unknown"
"5020558",378628,2026-04-30 02:12:53,28.8178195953369,-17.7412948608398,"Unknown"
"5020558",378628,2026-04-30 02:13:53,28.8179950714111,-17.741283416748,"Unknown"
"5020558",378628,2026-04-30 02:14:53,28.8181743621826,-17.7412605285645,"Unknown"
"5020558",378628,2026-04-30 02:15:53,28.8183555603027,-17.7412128448486,"Unknown"
"5020558",378628,2026-04-30 02:16:53,28.8185558319092,-17.7411918640137,"Unknown"
"5020558",378628,2026-04-30 02:17:53,28.8187637329102,-17.7411670684814,"Unknown"
"5020558",378628,2026-04-30 02:18:53,28.8189392089844,-17.7411632537842,"Unknown"
"5020558",378628,2026-04-30 02:19:53,28.81911277771,-17.7411689758301,"Unknown"
"5020558",378628,2026-04-30 02:20:54,28.8192958831787,-17.7411861419678,"Unknown"
"5020558",378628,2026-04-30 02:21:54,28.8194751739502,-17.7411575317383,"Unknown"
"5020558",378628,2026-04-30 02:22:53,28.8196754455566,-17.7411594390869,"Unknown"
"5020558",378628,2026-04-30 02:23:53,28.8198528289795,-17.7411556243896,"Unknown"
"5020558",378628,2026-04-30 02:24:53,28.8200454711914,-17.7411613464355,"Unknown"
"5020558",378628,2026-04-30 02:25:54,28.8202095031738,-17.7411365509033,"Unknown"
"5020558",378628,2026-04-30 02:26:53,28.8204212188721,-17.7410697937012,"Unknown"
"5020558",378628,2026-04-30 02:27:53,28.8206119537354,-17.7410163879395,"Unknown"
"5020558",378628,2026-04-30 02:28:53,28.8207950592041,-17.7410087585449,"Unknown"
"5020558",378628,2026-04-30 02:29:54,28.8209609985352,-17.7409954071045,"Unknown"
"5020558",378628,2026-04-30 02:30:53,28.8211288452148,-17.74098777771,"Unknown"
"5020558",378628,2026-04-30 02:31:54,28.8213062286377,-17.7409553527832,"Unknown"
"5020558",378628,2026-04-30 02:32:54,28.8214931488037,-17.7409553527832,"Unknown"
"5020558",378628,2026-04-30 02:33:54,28.8216571807861,-17.7409572601318,"Unknown"
"5020558",378628,2026-04-30 02:34:53,28.821834564209,-17.7409324645996,"Unknown"
"5020558",378628,2026-04-30 02:35:54,28.8219966888428,-17.7408676147461,"Unknown"
"5020558",378628,2026-04-30 02:36:54,28.8222026824951,-17.7408218383789,"Unknown"
"5020558",378628,2026-04-30 02:37:53,28.8224124908447,-17.7407722473145,"Unknown"
"5020558",378628,2026-04-30 02:38:54,28.8225688934326,-17.7407703399658,"Unknown"
"5020558",378628,2026-04-30 02:39:54,28.8227691650391,-17.7408199310303,"Unknown"
"5020558",378628,2026-04-30 02:40:54,28.8229427337646,-17.7407665252686,"Unknown"
"5020558",378628,2026-04-30 02:41:54,28.8231258392334,-17.7407341003418,"Unknown"
"5020558",378628,2026-04-30 02:42:54,28.8233184814453,-17.7407417297363,"Unknown"
"5020558",378628,2026-04-30 02:43:54,28.8234958648682,-17.7407112121582,"Unknown"
"5020558",378628,2026-04-30 02:44:54,28.8236923217773,-17.7406444549561,"Unknown"
"5020558",378628,2026-04-30 02:45:53,28.8238925933838,-17.7406272888184,"Unknown"
"5020558",378628,2026-04-30 02:46:54,28.8240718841553,-17.7405910491943,"Unknown"
"5020558",378628,2026-04-30 02:47:54,28.8242321014404,-17.7405776977539,"Unknown"
"5020558",378628,2026-04-30 02:48:54,28.8244037628174,-17.7405910491943,"Unknown"
"5020558",378628,2026-04-30 02:49:54,28.8245487213135,-17.740571975708,"Unknown"
"5020558",378628,2026-04-30 02:50:54,28.8247013092041,-17.7405891418457,"Unknown"
"5020558",378628,2026-04-30 02:51:54,28.8248882293701,-17.7406253814697,"Unknown"
"5020558",378628,2026-04-30 02:52:54,28.8250160217285,-17.7406616210938,"Unknown"
"5020558",378628,2026-04-30 02:53:54,28.8251342773438,-17.7407169342041,"Unknown"
"5020558",378628,2026-04-30 02:54:53,28.8252410888672,-17.740743637085,"Unknown"
"5020558",378628,2026-04-30 02:55:53,28.8253746032715,-17.7407245635986,"Unknown"
"5020558",378628,2026-04-30 02:56:53,28.8255634307861,-17.7406902313232,"Unknown"
"5020558",378628,2026-04-30 02:57:53,28.8257331848145,-17.7407302856445,"Unknown"
"5020558",378628,2026-04-30 02:58:54,28.825891494751,-17.7407608032227,"Unknown"
"5020558",378628,2026-04-30 02:59:53,28.8260650634766,-17.7407741546631,"Unknown"
"5020558",378628,2026-04-30 03:00:54,28.8262367248535,-17.740779876709,"Unknown"
"5020558",378628,2026-04-30 03:01:54,28.8264198303223,-17.740795135498,"Unknown"
"5020558",378628,2026-04-30 03:02:54,28.8265857696533,-17.7407894134521,"Unknown"
"5020558",378628,2026-04-30 03:03:54,28.8267650604248,-17.7407932281494,"Unknown"
"5020558",378628,2026-04-30 03:04:54,28.826961517334,-17.7408027648926,"Unknown"
"5020558",378628,2026-04-30 03:05:54,28.827127456665,-17.7407779693604,"Unknown"
"5020558",378628,2026-04-30 03:06:54,28.8273067474365,-17.7407989501953,"Unknown"
"5020558",378628,2026-04-30 03:07:54,28.8274917602539,-17.7408142089844,"Unknown"
"5020558",378628,2026-04-30 03:08:53,28.8276329040527,-17.7408885955811,"Unknown"
"5020558",378628,2026-04-30 03:09:54,28.8278064727783,-17.7409057617188,"Unknown"
"5020558",378628,2026-04-30 03:10:53,28.8279762268066,-17.7409286499023,"Unknown"
"5020558",378628,2026-04-30 03:11:53,28.828125,-17.7409744262695,"Unknown"
"5020558",378628,2026-04-30 03:12:53,28.8282356262207,-17.7410316467285,"Unknown"
"5020558",378628,2026-04-30 03:13:54,28.8284130096436,-17.7410545349121,"Unknown"
"5020558",378628,2026-04-30 03:14:53,28.828592300415,-17.7410793304443,"Unknown"
"5020558",378628,2026-04-30 03:15:53,28.8287677764893,-17.7411231994629,"Unknown"
"5020558",378628,2026-04-30 03:16:53,28.8289337158203,-17.7412052154541,"Unknown"
"5020558",378628,2026-04-30 03:17:55,28.829044342041,-17.7413024902344,"Unknown"
"5020558",378628,2026-04-30 03:18:53,28.829174041748,-17.741325378418,"Unknown"
"5020558",378628,2026-04-30 03:19:54,28.8293132781982,-17.7414398193359,"Unknown"
"5020558",378628,2026-04-30 03:29:55,28.8303031921387,-17.7423038482666,"Unknown"
"5020558",378628,2026-04-30 03:30:53,28.8275928497314,-17.7440147399902,"Unknown"
"5020558",378628,2026-04-30 03:40:54,28.7976875305176,-17.7487106323242,"Unknown"
"5020558",378628,2026-04-30 03:41:54,28.7978229522705,-17.7487564086914,"Unknown"
"5020558",378628,2026-04-30 03:51:56,28.7990875244141,-17.7492198944092,"Unknown"
"5020558",378628,2026-04-30 03:52:54,28.7992038726807,-17.7492008209229,"Unknown"
"5020558",378628,2026-04-30 03:53:54,28.7993316650391,-17.7492179870605,"Unknown"
"5020558",378628,2026-04-30 04:04:16,28.8004875183105,-17.7492980957031,"Unknown"
"5020558",378628,2026-04-30 04:04:54,28.8005676269531,-17.7492713928223,"Unknown"
"5020558",378628,2026-04-30 04:14:54,28.8017349243164,-17.7489833831787,"Unknown"
"5020558",378628,2026-04-30 04:24:54,28.8032817840576,-17.7486782073975,"Unknown"
"5020558",378628,2026-04-30 04:35:17,28.8045196533203,-17.748836517334,"Unknown"
"5020558",378628,2026-04-30 04:44:55,28.8035278320312,-17.7526702880859,"Unknown"
"5020558",378628,2026-04-30 04:54:55,28.8024463653564,-17.7491722106934,"Unknown"
"5020558",378628,2026-04-30 05:04:54,28.7791423797607,-17.7486534118652,"Unknown"
"5020558",378628,2026-04-30 05:14:55,28.7448101043701,-17.7327041625977,"Unknown"
"5020558",378628,2026-04-30 05:24:55,28.7105808258057,-17.7679233551025,"Unknown"
"5020558",378628,2026-04-30 05:25:56,28.7074546813965,-17.7745380401611,"Unknown"
"5020558",378628,2026-04-30 05:35:55,28.7069244384766,-17.7461242675781,"Unknown"
"5020558",378628,2026-04-30 05:45:56,28.742883682251,-17.7158737182617,"Unknown"
"5020558",378628,2026-04-30 05:55:55,28.7439594268799,-17.715518951416,"Unknown"
"5020558",378628,2026-04-30 06:05:54,28.7450065612793,-17.7145614624023,"Unknown"
"5020558",378628,2026-04-30 06:15:54,28.7367534637451,-17.7014217376709,"Unknown"
"5020558",378628,2026-04-30 06:25:55,28.7083683013916,-17.6553382873535,"Unknown"
"5020558",378628,2026-04-30 06:35:55,28.677713394165,-17.6067180633545,"Unknown"
"5020558",378628,2026-04-30 06:45:57,28.6544208526611,-17.5690822601318,"Unknown"
"5020558",378628,2026-04-30 06:55:56,28.6522274017334,-17.5673789978027,"Unknown"
"5020558",378628,2026-04-30 07:16:47,28.6041469573975,-17.5106983184814,"Unknown"
"5020558",378628,2026-04-30 07:25:56,28.6099796295166,-17.503870010376,"Unknown"
"5020558",378628,2026-04-30 07:30:54,28.6093482971191,-17.504207611084,"Unknown"
"5020558",378628,2026-04-30 07:35:53,28.6086940765381,-17.5045490264893,"Unknown"
"5020558",378628,2026-04-30 07:40:56,28.6080093383789,-17.5048713684082,"Unknown"
"5020558",378628,2026-04-30 07:45:54,28.6073818206787,-17.5051593780518,"Unknown"
"5020558",378628,2026-04-30 07:50:57,28.6066856384277,-17.5054702758789,"Unknown"
"5020558",378628,2026-04-30 07:55:57,28.6060352325439,-17.5057182312012,"Unknown"
"5020558",378628,2026-04-30 08:00:56,28.6045303344727,-17.5045833587646,"Unknown"
"5020558",378628,2026-04-30 08:05:56,28.582592010498,-17.4881343841553,"Unknown"
"5020558",378628,2026-04-30 08:10:56,28.5628814697266,-17.4667015075684,"Unknown"
"5020558",378628,2026-04-30 08:15:57,28.5452823638916,-17.4445419311523,"Unknown"
"5020558",378628,2026-04-30 08:20:56,28.5274276733398,-17.4242649078369,"Unknown"
"5020558",378628,2026-04-30 08:25:54,28.5052585601807,-17.4094390869141,"Unknown"
"5020558",378628,2026-04-30 08:30:56,28.4882392883301,-17.3872928619385,"Unknown"
"5020558",378628,2026-04-30 08:35:56,28.469596862793,-17.3662147521973,"Unknown"
"5020558",378628,2026-04-30 08:40:58,28.4558982849121,-17.3408641815186,"Unknown"
"5020558",378628,2026-04-30 08:45:56,28.4383010864258,-17.3184947967529,"Unknown"
"5020558",378628,2026-04-30 08:50:55,28.4250507354736,-17.2939052581787,"Unknown"
"5020558",378628,2026-04-30 08:55:53,28.4255714416504,-17.2937812805176,"Unknown"
"5020558",378628,2026-04-30 09:00:54,28.4253540039062,-17.2938690185547,"Unknown"
"5020558",378628,2026-04-30 09:05:56,28.4240665435791,-17.2923488616943,"Unknown"
"5020558",378628,2026-04-30 09:12:19,28.4015808105469,-17.266471862793,"Unknown"
"5020558",378628,2026-04-30 09:17:03,28.3834075927734,-17.2450275421143,"Unknown"
"5020558",378628,2026-04-30 09:20:54,28.3678646087646,-17.229377746582,"Unknown"
"5020558",378628,2026-04-30 09:26:17,28.3461666107178,-17.2140350341797,"Unknown"
"5020558",378628,2026-04-30 09:30:53,28.3463611602783,-17.2138290405273,"Unknown"
"5020558",378628,2026-04-30 09:35:56,28.3469619750977,-17.2135391235352,"Unknown"
"5020558",378628,2026-04-30 09:40:56,28.325963973999,-17.2031555175781,"Unknown"
"5020558",378628,2026-04-30 09:45:56,28.302791595459,-17.1891956329346,"Unknown"
"5020558",378628,2026-04-30 09:50:55,28.2905693054199,-17.1820487976074,"Unknown"
"5020558",378628,2026-04-30 09:55:53,28.2908229827881,-17.1820812225342,"Unknown"
"5020558",378628,2026-04-30 10:00:53,28.2910213470459,-17.1821517944336,"Unknown"
"5020558",378628,2026-04-30 10:05:53,28.2936248779297,-17.1821250915527,"Unknown"
"5020558",378628,2026-04-30 10:11:27,28.295726776123,-17.1895904541016,"Unknown"
"5020558",378628,2026-04-30 10:15:53,28.2952747344971,-17.1955604553223,"Unknown"
"5020558",378628,2026-04-30 10:20:54,28.2942924499512,-17.2001266479492,"Unknown"
"5020558",378628,2026-04-30 10:25:54,28.2905712127686,-17.2034912109375,"Unknown"
"5020558",378628,2026-04-30 10:30:53,28.289623260498,-17.2071933746338,"Unknown"
"5020558",378628,2026-04-30 10:35:54,28.285306930542,-17.2097434997559,"Unknown"
"5020558",378628,2026-04-30 10:40:54,28.2835216522217,-17.2114677429199,"Unknown"
"5020558",378628,2026-04-30 10:45:53,28.2803726196289,-17.2126922607422,"Unknown"
"5020558",378628,2026-04-30 10:50:54,28.2792472839355,-17.2140026092529,"Unknown"
"5020558",378628,2026-04-30 10:55:54,28.2761001586914,-17.2137413024902,"Unknown"
"5020558",378628,2026-04-30 11:00:54,28.2774238586426,-17.2138824462891,"Unknown"
"5020558",378628,2026-04-30 11:05:54,28.2774925231934,-17.2134704589844,"Unknown"
"5020558",378628,2026-04-30 11:10:54,28.2776737213135,-17.2130069732666,"Unknown"
"5020558",378628,2026-04-30 11:15:54,28.2778129577637,-17.2126960754395,"Unknown"
"5020558",378628,2026-04-30 11:20:56,28.278076171875,-17.212438583374,"Unknown"
"5020558",378628,2026-04-30 11:25:54,28.278247833252,-17.2121467590332,"Unknown"
"5020558",378628,2026-04-30 11:30:54,28.2784271240234,-17.211877822876,"Unknown"
"5020558",378628,2026-04-30 11:35:56,28.2786560058594,-17.2116584777832,"Unknown"
"5020558",378628,2026-04-30 11:41:17,28.2836894989014,-17.2023601531982,"Unknown"
"5020558",378628,2026-04-30 11:45:53,28.28489112854,-17.2008953094482,"Unknown"
"5020558",378628,2026-04-30 11:50:54,28.2740249633789,-17.1791152954102,"Unknown"
"5020558",378628,2026-04-30 11:55:54,28.2788925170898,-17.161563873291,"Unknown"
"5020558",378628,2026-04-30 12:00:54,28.2906875610352,-17.1642818450928,"Unknown"
"5020558",378628,2026-04-30 12:05:54,28.2954025268555,-17.1583652496338,"Unknown"
"5020558",378628,2026-04-30 12:10:54,28.2949504852295,-17.152063369751,"Unknown"
"5020558",378628,2026-04-30 12:15:54,28.2921619415283,-17.1490993499756,"Unknown"
"5020558",378628,2026-04-30 12:20:54,28.287410736084,-17.1415901184082,"Unknown"
"5020558",378628,2026-04-30 12:25:54,28.2863597869873,-17.1120834350586,"Unknown"
"5020558",378628,2026-04-30 12:30:54,28.2883586883545,-17.1027526855469,"Unknown"
"5020558",378628,2026-04-30 12:35:55,28.2796096801758,-17.0954360961914,"Unknown"
"5020558",378628,2026-04-30 12:40:54,28.2842674255371,-17.0800971984863,"Unknown"
"5020558",378628,2026-04-30 12:45:54,28.2887191772461,-17.0826454162598,"Unknown"
"5020558",378628,2026-04-30 12:50:54,28.2673969268799,-17.0820236206055,"Unknown"
"5020558",378628,2026-04-30 12:55:54,28.2644538879395,-17.0886878967285,"Unknown"
"5020558",378628,2026-04-30 13:00:54,28.2573871612549,-17.0977802276611,"Unknown"
"5020558",378628,2026-04-30 13:05:53,28.2526397705078,-17.1176624298096,"Unknown"
"5020558",378628,2026-04-30 13:10:53,28.2532234191895,-17.1176490783691,"Unknown"
"5020558",378628,2026-04-30 13:15:53,28.2626399993896,-17.1232299804688,"Unknown"
"5020558",378628,2026-04-30 13:20:53,28.2654705047607,-17.1250858306885,"Unknown"
"5020558",378628,2026-04-30 13:25:54,28.2685165405273,-17.125072479248,"Unknown"
"5020558",378628,2026-04-30 13:30:54,28.2752952575684,-17.1235771179199,"Unknown"
"5020558",378628,2026-04-30 13:35:54,28.2757606506348,-17.1232929229736,"Unknown"
"5020558",378628,2026-04-30 13:40:53,28.2762546539307,-17.1230583190918,"Unknown"
"5020558",378628,2026-04-30 13:45:54,28.2874889373779,-17.1067409515381,"Unknown"
"5020558",378628,2026-04-30 13:50:57,28.3087043762207,-17.0855770111084,"Unknown"
"5020558",378628,2026-04-30 13:55:54,28.3287601470947,-17.0624599456787,"Unknown"
"5020558",378628,2026-04-30 14:17:02,28.4213638305664,-16.9925384521484,"Unknown"
"5020558",378628,2026-04-30 14:21:30,28.4232997894287,-16.9943733215332,"Unknown"
"5020558",378628,2026-04-30 14:26:30,28.4264278411865,-16.9988136291504,"Unknown"
"5020558",378628,2026-04-30 14:31:30,28.4282741546631,-17.0000457763672,"Unknown"
"5020558",378628,2026-04-30 14:36:30,28.4263019561768,-17.0036525726318,"Unknown"
"5020558",378628,2026-04-30 14:41:28,28.432523727417,-17.0061912536621,"Unknown"
"5020558",378628,2026-04-30 14:46:28,28.431396484375,-17.0104942321777,"Unknown"
"5020558",378628,2026-04-30 14:51:29,28.4322452545166,-17.0142574310303,"Unknown"
"5020558",378628,2026-04-30 14:56:28,28.4325523376465,-17.0138740539551,"Unknown"
"5020558",378628,2026-04-30 15:01:28,28.4497699737549,-17.0286045074463,"Unknown"
"5020558",378628,2026-04-30 15:06:28,28.4661464691162,-17.0181255340576,"Unknown"
"5020558",378628,2026-04-30 15:11:30,28.4878768920898,-17.0106430053711,"Unknown"
"5020558",378628,2026-04-30 15:16:28,28.5089855194092,-16.9937076568604,"Unknown"
"5020558",378628,2026-04-30 15:21:29,28.5296363830566,-16.9719657897949,"Unknown"
"5020558",378628,2026-04-30 15:26:30,28.5312480926514,-16.9789142608643,"Unknown"
"5020558",378628,2026-04-30 15:31:30,28.5424709320068,-16.988618850708,"Unknown"
"5020558",378628,2026-04-30 15:36:32,28.5445518493652,-16.989013671875,"Unknown"
"5020558",378628,2026-04-30 15:41:28,28.5449199676514,-16.9994678497314,"Unknown"
"5020558",378628,2026-04-30 15:46:29,28.5451393127441,-17.0077095031738,"Unknown"
"5020558",378628,2026-04-30 15:51:29,28.5495262145996,-17.0176563262939,"Unknown"
"5020558",378628,2026-04-30 15:56:32,28.5542106628418,-17.0256309509277,"Unknown"
"5020558",378628,2026-04-30 16:02:53,28.556568145752,-17.0363903045654,"Unknown"
"5020558",378628,2026-04-30 16:07:53,28.5580673217773,-17.0428409576416,"Unknown"
"5020558",378628,2026-04-30 16:12:21,28.5603218078613,-17.0505695343018,"Unknown"
"5020558",378628,2026-04-30 16:16:30,28.5610008239746,-17.0507793426514,"Unknown"
"5020558",378628,2026-04-30 16:21:27,28.562032699585,-17.0636959075928,"Unknown"
"5020558",378628,2026-04-30 16:26:30,28.5647640228271,-17.0709190368652,"Unknown"
"5020558",378628,2026-04-30 16:31:29,28.5649509429932,-17.0773105621338,"Unknown"
"5020558",378628,2026-04-30 16:36:28,28.565486907959,-17.0841941833496,"Unknown"
"5020558",378628,2026-04-30 16:41:28,28.566370010376,-17.0868587493896,"Unknown"
"5020558",378628,2026-04-30 16:46:32,28.563648223877,-17.0965976715088,"Unknown"
"5020558",378628,2026-04-30 16:51:28,28.5634288787842,-17.1012115478516,"Unknown"
"5020558",378628,2026-04-30 16:56:31,28.5598087310791,-17.1091709136963,"Unknown"
"5020558",378628,2026-04-30 17:01:29,28.5603313446045,-17.1134128570557,"Unknown"
"5020558",378628,2026-04-30 17:06:57,28.5562362670898,-17.1167297363281,"Unknown"
"5020558",378628,2026-04-30 17:11:27,28.5564212799072,-17.1182632446289,"Unknown"
"5020558",378628,2026-04-30 17:16:28,28.5542240142822,-17.124059677124,"Unknown"
"5020558",378628,2026-04-30 17:21:27,28.5536403656006,-17.1242427825928,"Unknown"
"5020558",378628,2026-04-30 17:26:28,28.5513343811035,-17.1263179779053,"Unknown"
"5020558",378628,2026-04-30 17:31:27,28.5484104156494,-17.1335182189941,"Unknown"
"5020558",378628,2026-04-30 17:36:27,28.5475635528564,-17.1348552703857,"Unknown"
"5020558",378628,2026-04-30 17:41:27,28.5455493927002,-17.1292591094971,"Unknown"
"5020558",378628,2026-04-30 17:46:28,28.5435256958008,-17.1297798156738,"Unknown"
"5020558",378628,2026-04-30 17:51:28,28.5428218841553,-17.133415222168,"Unknown"
"5020558",378628,2026-04-30 17:56:28,28.5429496765137,-17.1332550048828,"Unknown"
"5020558",378628,2026-04-30 18:01:28,28.5380477905273,-17.1345233917236,"Unknown"
"5020558",378628,2026-04-30 18:06:28,28.536304473877,-17.1344375610352,"Unknown"
"5020558",378628,2026-04-30 18:13:13,28.5344257354736,-17.1363334655762,"Unknown"
"5020558",378628,2026-04-30 18:18:14,28.5321311950684,-17.1360054016113,"Unknown"
"5020558",378628,2026-04-30 18:23:13,28.5310115814209,-17.1356925964355,"Unknown"
"5020558",378628,2026-04-30 18:28:12,28.5280838012695,-17.1353969573975,"Unknown"
"5020558",378628,2026-04-30 18:33:13,28.530553817749,-17.133825302124,"Unknown"
"5020558",378628,2026-04-30 18:38:16,28.5319652557373,-17.1376266479492,"Unknown"
"5020558",378628,2026-04-30 18:43:12,28.533618927002,-17.139123916626,"Unknown"
"5020558",378628,2026-04-30 18:48:13,28.5337944030762,-17.1391201019287,"Unknown"
"5020558",378628,2026-04-30 18:53:13,28.5337314605713,-17.1391010284424,"Unknown"
"5020558",378628,2026-04-30 18:58:13,28.5336532592773,-17.1391143798828,"Unknown"
"5020558",378628,2026-04-30 19:03:13,28.5337085723877,-17.1382446289062,"Unknown"
"5020558",378628,2026-04-30 19:08:14,28.5339107513428,-17.1371593475342,"Unknown"
"5020558",378628,2026-04-30 19:13:14,28.5343818664551,-17.1364059448242,"Unknown"
"5020558",378628,2026-04-30 19:18:15,28.5345821380615,-17.1360912322998,"Unknown"
"5020558",378628,2026-04-30 19:23:17,28.5346736907959,-17.1352005004883,"Unknown"
"5020558",378628,2026-04-30 19:28:14,28.5283069610596,-17.1370124816895,"Unknown"
"5020558",378628,2026-04-30 19:34:38,28.4989852905273,-17.1140232086182,"Unknown"
"5020558",378628,2026-04-30 19:38:57,28.4804878234863,-17.1172771453857,"Unknown"
"5020558",378628,2026-04-30 19:43:14,28.4802398681641,-17.138463973999,"Unknown"
"5020558",378628,2026-04-30 19:48:14,28.4850845336914,-17.1634922027588,"Unknown"
"5020558",378628,2026-04-30 19:53:13,28.4858169555664,-17.1904239654541,"Unknown"
"5020558",378628,2026-04-30 19:58:15,28.4953765869141,-17.2174530029297,"Unknown"
"5020558",378628,2026-04-30 20:19:38,28.5326919555664,-17.3399314880371,"Unknown"
"5020558",378628,2026-04-30 20:24:38,28.541187286377,-17.3683967590332,"Unknown"
"5020558",378628,2026-04-30 20:29:38,28.5556087493896,-17.3966407775879,"Unknown"
"5020558",378628,2026-04-30 20:34:38,28.5677032470703,-17.4250545501709,"Unknown"
"5020558",378628,2026-04-30 20:38:14,28.5804386138916,-17.4441795349121,"Unknown"
"5020558",378628,2026-04-30 20:43:13,28.5995006561279,-17.4701595306396,"Unknown"
"5020558",378628,2026-04-30 20:48:13,28.6105251312256,-17.4996242523193,"Unknown"
"5020558",378628,2026-04-30 20:53:13,28.6235733032227,-17.5256690979004,"Unknown"
"5020558",378628,2026-04-30 20:58:15,28.6456508636475,-17.5508060455322,"Unknown"
"5020558",378628,2026-04-30 21:03:14,28.667760848999,-17.5742683410645,"Unknown"
"5020558",378628,2026-04-30 21:08:14,28.6911544799805,-17.6007843017578,"Unknown"
"5020558",378628,2026-04-30 21:13:13,28.7136688232422,-17.6265392303467,"Unknown"
"5020558",378628,2026-04-30 21:18:15,28.7331733703613,-17.6539516448975,"Unknown"
"5020558",378628,2026-04-30 21:23:15,28.7520561218262,-17.6822166442871,"Unknown"
"5020558",378628,2026-04-30 21:28:13,28.7689247131348,-17.7131462097168,"Unknown"
"5020558",378628,2026-04-30 21:33:13,28.7930145263672,-17.726375579834,"Unknown"
"5020558",378628,2026-04-30 21:38:15,28.7998218536377,-17.7305755615234,"Unknown"
"5020558",378628,2026-04-30 21:39:13,28.7998828887939,-17.7306518554688,"Unknown"
"5020558",378628,2026-04-30 21:40:13,28.7999839782715,-17.7306976318359,"Unknown"
"5020558",378628,2026-04-30 21:41:13,28.8000373840332,-17.7307415008545,"Unknown"
"5020558",378628,2026-04-30 21:42:13,28.8001708984375,-17.7308616638184,"Unknown"
"5020558",378628,2026-04-30 21:43:13,28.8001556396484,-17.7309131622314,"Unknown"
"5020558",378628,2026-04-30 21:44:13,28.8002147674561,-17.7310066223145,"Unknown"
"5020558",378628,2026-04-30 21:45:12,28.8002815246582,-17.7310676574707,"Unknown"
"5020558",378628,2026-04-30 21:46:13,28.8003215789795,-17.7311458587646,"Unknown"
"5020558",378628,2026-04-30 21:47:12,28.8004302978516,-17.7341651916504,"Unknown"
"5020558",378628,2026-04-30 21:48:14,28.7957897186279,-17.7361717224121,"Unknown"
"5020558",378628,2026-04-30 21:49:13,28.7952442169189,-17.7383995056152,"Unknown"
"5020558",378628,2026-04-30 21:50:12,28.795316696167,-17.7383861541748,"Unknown"
"5020558",378628,2026-04-30 21:51:12,28.7953720092773,-17.7383594512939,"Unknown"
"5020558",378628,2026-04-30 21:52:13,28.7954292297363,-17.7383499145508,"Unknown"
"5020558",378628,2026-04-30 21:53:13,28.795482635498,-17.7383365631104,"Unknown"
"5020558",378628,2026-04-30 21:54:13,28.7955551147461,-17.7383403778076,"Unknown"
"5020558",378628,2026-04-30 21:55:13,28.7955894470215,-17.738260269165,"Unknown"
"5020558",378628,2026-04-30 21:56:13,28.7956218719482,-17.7382259368896,"Unknown"
"5020558",378628,2026-04-30 21:57:12,28.7956581115723,-17.7382164001465,"Unknown"
"5020558",378628,2026-04-30 21:58:12,28.7956924438477,-17.7381896972656,"Unknown"
"5020558",378628,2026-04-30 21:59:13,28.7956962585449,-17.7382106781006,"Unknown"
"5020558",378628,2026-04-30 22:00:13,28.7957096099854,-17.7381973266602,"Unknown"
"5020558",378628,2026-04-30 22:01:12,28.7957592010498,-17.7381725311279,"Unknown"
"5020558",378628,2026-04-30 22:02:13,28.7957859039307,-17.7381458282471,"Unknown"
"5020558",378628,2026-04-30 22:03:13,28.7957782745361,-17.738109588623,"Unknown"
"5020558",378628,2026-04-30 22:04:13,28.7958087921143,-17.7381076812744,"Unknown"
"5020558",378628,2026-04-30 22:05:15,28.7958393096924,-17.7380046844482,"Unknown"
"5020558",378628,2026-04-30 22:06:13,28.7958507537842,-17.7379264831543,"Unknown"
"5020558",378628,2026-04-30 22:07:14,28.7958755493164,-17.73779296875,"Unknown"
"5020558",378628,2026-04-30 22:08:14,28.7958869934082,-17.7377700805664,"Unknown"
"5020558",378628,2026-04-30 22:09:14,28.7958984375,-17.7376956939697,"Unknown"
"5020558",378628,2026-04-30 22:10:15,28.7959270477295,-17.7376022338867,"Unknown"
"5020558",378628,2026-04-30 22:11:15,28.7959403991699,-17.737548828125,"Unknown"
"5020558",378628,2026-04-30 22:12:16,28.7959632873535,-17.7375049591064,"Unknown"
"5020558",378628,2026-04-30 22:13:14,28.7959804534912,-17.7374591827393,"Unknown"
"5020558",378628,2026-04-30 22:14:14,28.7960262298584,-17.7373886108398,"Unknown"
"5020558",378628,2026-04-30 22:15:16,28.7960548400879,-17.7373237609863,"Unknown"
"5020558",378628,2026-04-30 22:16:14,28.7960739135742,-17.737325668335,"Unknown"
"5020558",378628,2026-04-30 22:17:15,28.7961292266846,-17.737268447876,"Unknown"
"5020558",378628,2026-04-30 22:18:16,28.7961597442627,-17.7372226715088,"Unknown"
"5020558",378628,2026-04-30 22:19:16,28.7961769104004,-17.7372226715088,"Unknown"
"5020558",378628,2026-04-30 22:20:33,28.7962474822998,-17.7372188568115,"Unknown"
"5020558",378628,2026-04-30 22:21:12,28.7962684631348,-17.7372055053711,"Unknown"
"5020558",378628,2026-04-30 22:22:12,28.7963047027588,-17.7371959686279,"Unknown"
"5020558",378628,2026-04-30 22:23:13,28.7963600158691,-17.7371845245361,"Unknown"
"5020558",378628,2026-04-30 22:24:13,28.7963905334473,-17.7371311187744,"Unknown"
"5020558",378628,2026-04-30 22:25:12,28.796480178833,-17.7370719909668,"Unknown"
"5020558",378628,2026-04-30 22:26:12,28.7964973449707,-17.7370319366455,"Unknown"
"5020558",378628,2026-04-30 22:27:12,28.7965488433838,-17.737024307251,"Unknown"
"5020558",378628,2026-04-30 22:28:12,28.7966079711914,-17.7369918823242,"Unknown"
"5020558",378628,2026-04-30 22:29:12,28.7966442108154,-17.7369728088379,"Unknown"
"5020558",378628,2026-04-30 22:30:12,28.7967071533203,-17.7369441986084,"Unknown"
"5020558",378628,2026-04-30 22:31:12,28.7967510223389,-17.7369041442871,"Unknown"
"5020558",378628,2026-04-30 22:32:13,28.7967967987061,-17.7369289398193,"Unknown"
"5020558",378628,2026-04-30 22:33:12,28.7968616485596,-17.7368507385254,"Unknown"
"5020558",378628,2026-04-30 22:34:12,28.7969074249268,-17.7368335723877,"Unknown"
"5020558",378628,2026-04-30 22:35:12,28.7969493865967,-17.7368011474609,"Unknown"
"5020558",378628,2026-04-30 22:36:12,28.7970237731934,-17.7368125915527,"Unknown"
"5020558",378628,2026-04-30 22:37:12,28.7970390319824,-17.7368049621582,"Unknown"
"5020558",378628,2026-04-30 22:38:12,28.7970867156982,-17.7368354797363,"Unknown"
"5020558",378628,2026-04-30 22:39:12,28.7971363067627,-17.7368469238281,"Unknown"
"5020558",378628,2026-04-30 22:40:12,28.7972412109375,-17.7367858886719,"Unknown"
"5020558",378628,2026-04-30 22:41:12,28.797269821167,-17.7368183135986,"Unknown"
"5020558",378628,2026-04-30 22:42:12,28.7973403930664,-17.736852645874,"Unknown"
"5020558",378628,2026-04-30 22:43:12,28.7974491119385,-17.7369117736816,"Unknown"
"5020558",378628,2026-04-30 22:44:12,28.7975044250488,-17.7369232177734,"Unknown"
"5020558",378628,2026-04-30 22:45:12,28.79758644104,-17.736988067627,"Unknown"
"5020558",378628,2026-04-30 22:46:12,28.7976856231689,-17.7370414733887,"Unknown"
"5020558",378628,2026-04-30 22:47:12,28.7977638244629,-17.7370758056641,"Unknown"
"5020558",378628,2026-04-30 22:48:12,28.7978267669678,-17.7371120452881,"Unknown"
"5020558",378628,2026-04-30 22:49:12,28.7978801727295,-17.737117767334,"Unknown"
"5020558",378628,2026-04-30 22:50:12,28.7972640991211,-17.7397689819336,"Unknown"
"5020558",378628,2026-04-30 22:51:13,28.793140411377,-17.741361618042,"Unknown"
"5020558",378628,2026-04-30 22:52:12,28.7917003631592,-17.7423648834229,"Unknown"
"5020558",378628,2026-04-30 22:53:12,28.7917327880859,-17.7423686981201,"Unknown"
"5020558",378628,2026-04-30 22:54:12,28.7917728424072,-17.7423820495605,"Unknown"
"5020558",378628,2026-04-30 22:55:17,28.7918300628662,-17.7424011230469,"Unknown"
"5020558",378628,2026-04-30 22:56:12,28.7918682098389,-17.7424221038818,"Unknown"
"5020558",378628,2026-04-30 22:57:13,28.7919235229492,-17.7424278259277,"Unknown"
"5020558",378628,2026-04-30 22:58:12,28.7920036315918,-17.7424488067627,"Unknown"
"5020558",378628,2026-04-30 22:59:12,28.7920532226562,-17.7424736022949,"Unknown"
"5020558",378628,2026-04-30 23:00:12,28.7920875549316,-17.7424697875977,"Unknown"
"5020558",378628,2026-04-30 23:01:13,28.7921676635742,-17.7424468994141,"Unknown"
"5020558",378628,2026-04-30 23:02:13,28.7922496795654,-17.7424125671387,"Unknown"
"5020558",378628,2026-04-30 23:03:13,28.7922763824463,-17.7424011230469,"Unknown"
"5020558",378628,2026-04-30 23:04:14,28.7923107147217,-17.7423648834229,"Unknown"
"5020558",378628,2026-04-30 23:05:14,28.7923603057861,-17.7423229217529,"Unknown"
"5020558",378628,2026-04-30 23:06:14,28.792366027832,-17.7423191070557,"Unknown"
"5020558",378628,2026-04-30 23:07:13,28.7924194335938,-17.7423343658447,"Unknown"
"5020558",378628,2026-04-30 23:08:14,28.792459487915,-17.7422847747803,"Unknown"
"5020558",378628,2026-04-30 23:09:18,28.7924995422363,-17.7422046661377,"Unknown"
"5020558",378628,2026-04-30 23:10:13,28.7924880981445,-17.7422294616699,"Unknown"
"5020558",378628,2026-04-30 23:11:13,28.7925281524658,-17.7421970367432,"Unknown"
"5020558",378628,2026-04-30 23:12:14,28.7925701141357,-17.7421817779541,"Unknown"
"5020558",378628,2026-04-30 23:13:15,28.7926044464111,-17.7421531677246,"Unknown"
"5020558",378628,2026-04-30 23:14:24,28.7926635742188,-17.7420768737793,"Unknown"
"5020558",378628,2026-04-30 23:15:15,28.7927093505859,-17.7420539855957,"Unknown"
"5020558",378628,2026-04-30 23:16:15,28.7927551269531,-17.7419719696045,"Unknown"
"5020558",378628,2026-04-30 23:17:18,28.7928123474121,-17.7419166564941,"Unknown"
"5020558",378628,2026-04-30 23:18:22,28.7928905487061,-17.7418632507324,"Unknown"
"5020558",378628,2026-04-30 23:19:17,28.7929553985596,-17.7418441772461,"Unknown"
"5020558",378628,2026-04-30 23:20:13,28.7929992675781,-17.7418346405029,"Unknown"
"5020558",378628,2026-04-30 23:21:13,28.7930927276611,-17.7418079376221,"Unknown"
"5020558",378628,2026-04-30 23:22:14,28.7931537628174,-17.7417869567871,"Unknown"
"5020558",378628,2026-04-30 23:23:13,28.7932319641113,-17.7417659759521,"Unknown"
"5020558",378628,2026-04-30 23:24:17,28.7933197021484,-17.7417545318604,"Unknown"
"5020558",378628,2026-04-30 23:25:15,28.7933597564697,-17.741735458374,"Unknown"
"5020558",378628,2026-04-30 23:26:15,28.7934226989746,-17.7417221069336,"Unknown"
"5020558",378628,2026-04-30 23:27:19,28.7934913635254,-17.7417030334473,"Unknown"
"5020558",378628,2026-04-30 23:28:13,28.7935562133789,-17.7416706085205,"Unknown"
"5020558",378628,2026-04-30 23:29:15,28.7936420440674,-17.7416477203369,"Unknown"
"5020558",378628,2026-04-30 23:30:16,28.7936763763428,-17.7416305541992,"Unknown"
"5020558",378628,2026-04-30 23:31:14,28.7937126159668,-17.7415542602539,"Unknown"
"5020558",378628,2026-04-30 23:32:14,28.7937641143799,-17.7415084838867,"Unknown"
"5020558",378628,2026-04-30 23:33:16,28.7937984466553,-17.7414264678955,"Unknown"
"5020558",378628,2026-04-30 23:34:16,28.7937908172607,-17.7413902282715,"Unknown"
"5020558",378628,2026-04-30 23:35:15,28.7938194274902,-17.7413787841797,"Unknown"
"5020558",378628,2026-04-30 23:36:15,28.7938537597656,-17.7413311004639,"Unknown"
"5020558",378628,2026-04-30 23:37:13,28.7938690185547,-17.7412738800049,"Unknown"
"5020558",378628,2026-04-30 23:38:13,28.7939052581787,-17.7412300109863,"Unknown"
"5020558",378628,2026-04-30 23:39:16,28.7939395904541,-17.7411689758301,"Unknown"
"5020558",378628,2026-04-30 23:40:13,28.7939739227295,-17.7411594390869,"Unknown"
"5020558",378628,2026-04-30 23:41:13,28.794017791748,-17.7411441802979,"Unknown"
"5020558",378628,2026-04-30 23:42:13,28.7940406799316,-17.7411289215088,"Unknown"
"5020558",378628,2026-04-30 23:43:14,28.7940673828125,-17.741117477417,"Unknown"
"5020558",378628,2026-04-30 23:44:13,28.7940921783447,-17.741060256958,"Unknown"
"5020558",378628,2026-04-30 23:45:33,28.7941379547119,-17.7410640716553,"Unknown"
"5020558",378628,2026-04-30 23:46:13,28.7941665649414,-17.7410545349121,"Unknown"
"5020558",378628,2026-04-30 23:47:13,28.7941989898682,-17.7410354614258,"Unknown"
"5020558",378628,2026-04-30 23:48:12,28.7942371368408,-17.7410297393799,"Unknown"
"5020558",378628,2026-04-30 23:49:13,28.7943000793457,-17.7410144805908,"Unknown"
"5020558",378628,2026-04-30 23:50:12,28.7943286895752,-17.7410068511963,"Unknown"
"5020558",378628,2026-04-30 23:51:12,28.7944011688232,-17.74098777771,"Unknown"
"5020558",378628,2026-04-30 23:52:12,28.7944431304932,-17.7409477233887,"Unknown"
"5020558",378628,2026-04-30 23:53:12,28.7945137023926,-17.7409324645996,"Unknown"
"5020558",378628,2026-04-30 23:54:12,28.7945652008057,-17.7408809661865,"Unknown"
"5020558",378628,2026-04-30 23:55:12,28.794620513916,-17.7408447265625,"Unknown"
"5020558",378628,2026-04-30 23:56:13,28.7946681976318,-17.7408256530762,"Unknown"
"5020558",378628,2026-04-30 23:57:12,28.7946891784668,-17.7407989501953,"Unknown"
"5020558",378628,2026-04-30 23:58:13,28.7947082519531,-17.7407703399658,"Unknown"
"5020558",378628,2026-04-30 23:59:13,28.7947597503662,-17.74072265625,"Unknown"
"5020558",378628,2026-05-01 00:00:13,28.7947559356689,-17.7407112121582,"Unknown"
"5020558",378628,2026-05-01 00:01:13,28.7947425842285,-17.7406806945801,"Unknown"
"5020558",378628,2026-05-01 00:02:12,28.7947082519531,-17.7406578063965,"Unknown"
"5020558",378628,2026-05-01 00:03:12,28.7947597503662,-17.7406330108643,"Unknown"
"5020558",378628,2026-05-01 00:04:12,28.7947902679443,-17.7405624389648,"Unknown"
"5020558",378628,2026-05-01 00:05:12,28.7948265075684,-17.740478515625,"Unknown"
"5020558",378628,2026-05-01 00:06:13,28.794792175293,-17.7404708862305,"Unknown"
"5020558",378628,2026-05-01 00:07:13,28.7947788238525,-17.7404861450195,"Unknown"
"5020558",378628,2026-05-01 00:08:13,28.7947692871094,-17.74049949646,"Unknown"
"5020558",378628,2026-05-01 00:09:12,28.7947902679443,-17.7405014038086,"Unknown"
"5020558",378628,2026-05-01 00:10:13,28.7948379516602,-17.7405223846436,"Unknown"
"5020558",378628,2026-05-01 00:11:12,28.7948341369629,-17.7405071258545,"Unknown"
"5020558",378628,2026-05-01 00:12:12,28.7948436737061,-17.7405166625977,"Unknown"
"5020558",378628,2026-05-01 00:13:12,28.7948532104492,-17.7405033111572,"Unknown"
"5020558",378628,2026-05-01 00:14:12,28.7948913574219,-17.7404708862305,"Unknown"
"5020558",378628,2026-05-01 00:15:12,28.7949256896973,-17.7404594421387,"Unknown"
"5020558",378628,2026-05-01 00:16:12,28.7949676513672,-17.7403926849365,"Unknown"
"5020558",378628,2026-05-01 00:17:12,28.7949562072754,-17.7403392791748,"Unknown"
"5020558",378628,2026-05-01 00:18:12,28.7949695587158,-17.7403144836426,"Unknown"
"5020558",378628,2026-05-01 00:19:13,28.7949771881104,-17.7403144836426,"Unknown"
"5020558",378628,2026-05-01 00:20:12,28.7950305938721,-17.7402954101562,"Unknown"
"5020558",378628,2026-05-01 00:21:13,28.7950706481934,-17.740348815918,"Unknown"
"5020558",378628,2026-05-01 00:22:13,28.7951011657715,-17.740327835083,"Unknown"
"5020558",378628,2026-05-01 00:23:12,28.7951431274414,-17.7403430938721,"Unknown"
"5020558",378628,2026-05-01 00:24:12,28.7951564788818,-17.7403125762939,"Unknown"
"5020558",378628,2026-05-01 00:25:12,28.7951793670654,-17.7403182983398,"Unknown"
"5020558",378628,2026-05-01 00:26:13,28.7951831817627,-17.7402973175049,"Unknown"
"5020558",378628,2026-05-01 00:27:12,28.7952251434326,-17.7402458190918,"Unknown"
"5020558",378628,2026-05-01 00:28:12,28.795259475708,-17.7402267456055,"Unknown"
"5020558",378628,2026-05-01 00:29:12,28.7952747344971,-17.7402095794678,"Unknown"
"5020558",378628,2026-05-01 00:30:13,28.7952766418457,-17.7402019500732,"Unknown"
"5020558",378628,2026-05-01 00:31:12,28.7953262329102,-17.7401599884033,"Unknown"
"5020558",378628,2026-05-01 00:32:12,28.7953338623047,-17.7401027679443,"Unknown"
"5020558",378628,2026-05-01 00:33:13,28.7953701019287,-17.740119934082,"Unknown"
"5020558",378628,2026-05-01 00:34:12,28.7954044342041,-17.740083694458,"Unknown"
"5020558",378628,2026-05-01 00:35:12,28.7954158782959,-17.7400550842285,"Unknown"
"5020558",378628,2026-05-01 00:36:12,28.7954330444336,-17.740047454834,"Unknown"
"5020558",378628,2026-05-01 00:37:13,28.795431137085,-17.7399559020996,"Unknown"
"5020558",378628,2026-05-01 00:38:13,28.7954387664795,-17.7399463653564,"Unknown"
"5020558",378628,2026-05-01 00:39:12,28.7954540252686,-17.7398948669434,"Unknown"
"5020558",378628,2026-05-01 00:40:13,28.7954769134521,-17.7398281097412,"Unknown"
"5020558",378628,2026-05-01 00:41:13,28.7955532073975,-17.7398414611816,"Unknown"
"5020558",378628,2026-05-01 00:42:13,28.7955627441406,-17.7397804260254,"Unknown"
"5020558",378628,2026-05-01 00:43:12,28.7956237792969,-17.7397651672363,"Unknown"
"5020558",378628,2026-05-01 00:44:13,28.7956619262695,-17.7397556304932,"Unknown"
"5020558",378628,2026-05-01 00:45:13,28.7956790924072,-17.7396221160889,"Unknown"
"5020558",378628,2026-05-01 00:46:12,28.795768737793,-17.7395439147949,"Unknown"
"5020558",378628,2026-05-01 00:47:12,28.795804977417,-17.7394428253174,"Unknown"
"5020558",378628,2026-05-01 00:48:13,28.7958869934082,-17.7394618988037,"Unknown"
"5020558",378628,2026-05-01 00:49:13,28.7959365844727,-17.7393894195557,"Unknown"
"5020558",378628,2026-05-01 00:50:12,28.7959785461426,-17.7393741607666,"Unknown"
"5020558",378628,2026-05-01 00:51:13,28.7960624694824,-17.7393245697021,"Unknown"
"5020558",378628,2026-05-01 00:52:13,28.7961177825928,-17.7393207550049,"Unknown"
"5020558",378628,2026-05-01 00:53:13,28.7961711883545,-17.7392673492432,"Unknown"
"5020558",378628,2026-05-01 00:54:14,28.7962017059326,-17.7391929626465,"Unknown"
"5020558",378628,2026-05-01 00:55:13,28.7962741851807,-17.739164352417,"Unknown"
"5020558",378628,2026-05-01 00:56:13,28.7963218688965,-17.7391605377197,"Unknown"
"5020558",378628,2026-05-01 00:57:12,28.7964096069336,-17.7391204833984,"Unknown"
"5020558",378628,2026-05-01 00:58:13,28.7964668273926,-17.739143371582,"Unknown"
"5020558",378628,2026-05-01 00:59:13,28.7964973449707,-17.7391128540039,"Unknown"
"5020558",378628,2026-05-01 01:00:13,28.7964763641357,-17.7390251159668,"Unknown"
"5020558",378628,2026-05-01 01:01:13,28.7964935302734,-17.7390117645264,"Unknown"
"5020558",378628,2026-05-01 01:02:14,28.7965087890625,-17.7389755249023,"Unknown"
"5020558",378628,2026-05-01 01:03:13,28.796537399292,-17.7389602661133,"Unknown"
"5020558",378628,2026-05-01 01:04:13,28.7966156005859,-17.7389259338379,"Unknown"
"5020558",378628,2026-05-01 01:05:12,28.7966957092285,-17.7388954162598,"Unknown"
"5020558",378628,2026-05-01 01:06:13,28.7967586517334,-17.7389049530029,"Unknown"
"5020558",378628,2026-05-01 01:07:13,28.7968502044678,-17.7388954162598,"Unknown"
"5020558",378628,2026-05-01 01:08:13,28.7969360351562,-17.7389163970947,"Unknown"
"5020558",378628,2026-05-01 01:09:15,28.7960090637207,-17.7387046813965,"Unknown"
"5020558",378628,2026-05-01 01:10:14,28.7959575653076,-17.7386112213135,"Unknown"
"5020558",378628,2026-05-01 01:11:17,28.795970916748,-17.7384796142578,"Unknown"
"5020558",378628,2026-05-01 01:12:12,28.7958984375,-17.7384719848633,"Unknown"
"5020558",378628,2026-05-01 01:13:14,28.7958755493164,-17.7384643554688,"Unknown"
"5020558",378628,2026-05-01 01:14:13,28.7958946228027,-17.738468170166,"Unknown"
"5020558",378628,2026-05-01 01:15:15,28.7958793640137,-17.738452911377,"Unknown"
"5020558",378628,2026-05-01 01:16:13,28.7958698272705,-17.7384624481201,"Unknown"
"5020558",378628,2026-05-01 01:17:14,28.7958869934082,-17.7384471893311,"Unknown"
"5020558",378628,2026-05-01 01:18:14,28.7959060668945,-17.7384281158447,"Unknown"
"5020558",378628,2026-05-01 01:19:12,28.7959079742432,-17.7384071350098,"Unknown"
"5020558",378628,2026-05-01 01:20:12,28.7958545684814,-17.7383880615234,"Unknown"
"5020558",378628,2026-05-01 01:21:13,28.7958564758301,-17.7383937835693,"Unknown"
"5020558",378628,2026-05-01 01:22:14,28.7958316802979,-17.7383880615234,"Unknown"
"5020558",378628,2026-05-01 01:23:16,28.7958278656006,-17.7384014129639,"Unknown"
"5020558",378628,2026-05-01 01:24:14,28.7958354949951,-17.7383918762207,"Unknown"
"5020558",378628,2026-05-01 01:25:14,28.7958316802979,-17.7383766174316,"Unknown"
"5020558",378628,2026-05-01 01:26:15,28.7958641052246,-17.7384223937988,"Unknown"
"5020558",378628,2026-05-01 01:27:31,28.7959289550781,-17.7384490966797,"Unknown"
"5020558",378628,2026-05-01 01:28:12,28.7959842681885,-17.7383937835693,"Unknown"
"5020558",378628,2026-05-01 01:38:13,28.7959499359131,-17.7382850646973,"Unknown"
"5020558",378628,2026-05-01 01:39:12,28.7959995269775,-17.7382736206055,"Unknown"
"5020558",378628,2026-05-01 01:40:12,28.7960414886475,-17.7383041381836,"Unknown"
"5020558",378628,2026-05-01 01:41:13,28.79612159729,-17.7383766174316,"Unknown"
"5020558",378628,2026-05-01 01:42:12,28.7962093353271,-17.7384967803955,"Unknown"
"5020558",378628,2026-05-01 01:43:13,28.7963485717773,-17.7385711669922,"Unknown"
"5020558",378628,2026-05-01 01:53:13,28.7972774505615,-17.7388439178467,"Unknown"
"5020558",378628,2026-05-01 01:54:13,28.797435760498,-17.7389583587646,"Unknown"
"5020558",378628,2026-05-01 01:55:13,28.7975559234619,-17.7390480041504,"Unknown"
"5020558",378628,2026-05-01 01:56:12,28.7976779937744,-17.7390747070312,"Unknown"
"5020558",378628,2026-05-01 01:57:12,28.7978286743164,-17.7391014099121,"Unknown"
"5020558",378628,2026-05-01 02:07:13,28.7989406585693,-17.7394390106201,"Unknown"
"5020558",378628,2026-05-01 02:08:13,28.7990455627441,-17.7395191192627,"Unknown"
"5020558",378628,2026-05-01 02:18:12,28.7997550964355,-17.7397575378418,"Unknown"
"5020558",378628,2026-05-01 02:28:13,28.7955646514893,-17.7390594482422,"Unknown"
"5020558",378628,2026-05-01 02:29:12,28.7956352233887,-17.7390727996826,"Unknown"
"5020558",378628,2026-05-01 02:30:12,28.7957096099854,-17.7390727996826,"Unknown"
"5020558",378628,2026-05-01 02:40:13,28.7962951660156,-17.7389602661133,"Unknown"
"5020558",378628,2026-05-01 02:41:13,28.7964038848877,-17.7388706207275,"Unknown"
"5020558",378628,2026-05-01 02:51:13,28.7970943450928,-17.7387256622314,"Unknown"
"5020558",378628,2026-05-01 03:01:13,28.7971706390381,-17.7382068634033,"Unknown"
"5020558",378628,2026-05-01 03:11:13,28.7962055206299,-17.736536026001,"Unknown"
"5020558",378628,2026-05-01 03:21:33,28.7967643737793,-17.7363471984863,"Unknown"
"5020558",378628,2026-05-01 03:31:12,28.788501739502,-17.7379302978516,"Unknown"
"5020558",378628,2026-05-01 03:41:13,28.7887001037598,-17.7378387451172,"Unknown"
"5020558",378628,2026-05-01 03:51:13,28.7891273498535,-17.7382984161377,"Unknown"
"5020558",378628,2026-05-01 04:01:13,28.7895660400391,-17.7387065887451,"Unknown"
"5020558",378628,2026-05-01 04:11:33,28.7896842956543,-17.738805770874,"Unknown"
"5020558",378628,2026-05-01 04:21:13,28.7895107269287,-17.7387523651123,"Unknown"
"5020558",378628,2026-05-01 04:31:13,28.7903308868408,-17.7388038635254,"Unknown"
"5020558",378628,2026-05-01 04:41:12,28.7909545898438,-17.7385768890381,"Unknown"
"5020558",378628,2026-05-01 04:51:12,28.7918243408203,-17.7380828857422,"Unknown"
"5020558",378628,2026-05-01 05:01:14,28.7923755645752,-17.7377433776855,"Unknown"
"5020558",378628,2026-05-01 05:11:15,28.7931003570557,-17.7372436523438,"Unknown"
"5020558",378628,2026-05-01 05:21:13,28.7939014434814,-17.7362632751465,"Unknown"
"5020558",378628,2026-05-01 05:31:13,28.795015335083,-17.7353668212891,"Unknown"
"5020558",378628,2026-05-01 05:41:15,28.785982131958,-17.7379474639893,"Unknown"
"5020558",378628,2026-05-01 05:52:03,28.7854804992676,-17.7372589111328,"Unknown"
"5020558",378628,2026-05-01 06:01:13,28.7877140045166,-17.7410545349121,"Unknown"
"5020558",378628,2026-05-01 06:11:12,28.7892971038818,-17.7316589355469,"Unknown"
"5020558",378628,2026-05-01 06:21:13,28.8122882843018,-17.6942558288574,"Unknown"
"5020558",378628,2026-05-01 06:31:13,28.8370189666748,-17.6446647644043,"Unknown"
"5020558",378628,2026-05-01 06:41:14,28.8673820495605,-17.5999145507812,"Unknown"
"5020558",378628,2026-05-01 06:51:13,28.8857917785645,-17.5479164123535,"Unknown"
"5020558",378628,2026-05-01 07:01:13,28.8948078155518,-17.4917068481445,"Unknown"
"5020558",378628,2026-05-01 07:11:13,28.8952159881592,-17.4325351715088,"Unknown"
"5020558",378628,2026-05-01 07:21:16,28.9003753662109,-17.4132041931152,"Unknown"
"5020558",378628,2026-05-01 07:31:14,28.8943691253662,-17.4105224609375,"Unknown"
"5020558",378628,2026-05-01 07:36:13,28.8915252685547,-17.4078197479248,"Unknown"
"5020558",378628,2026-05-01 07:41:17,28.8876972198486,-17.4116687774658,"Unknown"
"5020558",378628,2026-05-01 07:46:13,28.8843994140625,-17.4147090911865,"Unknown"
"5020558",378628,2026-05-01 07:52:38,28.8798561096191,-17.41379737854,"Unknown"
"5020558",378628,2026-05-01 07:56:33,28.8778038024902,-17.4124202728271,"Unknown"
"5020558",378628,2026-05-01 08:01:13,28.8774242401123,-17.4130001068115,"Unknown"
"5020558",378628,2026-05-01 08:06:12,28.8705768585205,-17.4237365722656,"Unknown"
"5020558",378628,2026-05-01 08:11:12,28.8683261871338,-17.4260311126709,"Unknown"
"5020558",378628,2026-05-01 08:16:13,28.8664379119873,-17.4273681640625,"Unknown"
"5020558",378628,2026-05-01 08:21:12,28.8646469116211,-17.4217567443848,"Unknown"
"5020558",378628,2026-05-01 08:26:13,28.8599948883057,-17.4238777160645,"Unknown"
"5020558",378628,2026-05-01 08:31:13,28.858922958374,-17.4199867248535,"Unknown"
"5020558",378628,2026-05-01 08:36:13,28.8563289642334,-17.4212093353271,"Unknown"
"5020558",378628,2026-05-01 08:41:13,28.8610572814941,-17.4253158569336,"Unknown"
"5020558",378628,2026-05-01 08:46:13,28.8630542755127,-17.4193134307861,"Unknown"
"5020558",378628,2026-05-01 08:51:13,28.8590965270996,-17.4171085357666,"Unknown"
"5020558",378628,2026-05-01 08:56:13,28.8581161499023,-17.4100131988525,"Unknown"
"5020558",378628,2026-05-01 09:01:13,28.8582763671875,-17.4099750518799,"Unknown"
"5020558",378628,2026-05-01 09:06:13,28.8580532073975,-17.4104881286621,"Unknown"
"5020558",378628,2026-05-01 09:11:13,28.8579330444336,-17.411003112793,"Unknown"
"5020558",378628,2026-05-01 09:16:13,28.8577861785889,-17.4116363525391,"Unknown"
"5020558",378628,2026-05-01 09:21:13,28.8576850891113,-17.4123039245605,"Unknown"
"5020558",378628,2026-05-01 09:26:13,28.8576011657715,-17.4129638671875,"Unknown"
"5020558",378628,2026-05-01 09:31:13,28.8575000762939,-17.4137706756592,"Unknown"
"5020558",378628,2026-05-01 09:36:12,28.8574619293213,-17.4145221710205,"Unknown"
"5020558",378628,2026-05-01 09:41:14,28.8575782775879,-17.4152355194092,"Unknown"
"5020558",378628,2026-05-01 09:46:13,28.8576965332031,-17.4160575866699,"Unknown"
"5020558",378628,2026-05-01 09:51:14,28.8576526641846,-17.4171123504639,"Unknown"
"5020558",378628,2026-05-01 09:56:14,28.857816696167,-17.4180011749268,"Unknown"
"5020558",378628,2026-05-01 10:01:32,28.8579769134521,-17.4188251495361,"Unknown"
"5020558",378628,2026-05-01 10:06:12,28.8582191467285,-17.4194316864014,"Unknown"
"5020558",378628,2026-05-01 10:11:13,28.8590450286865,-17.4201850891113,"Unknown"
"5020558",378628,2026-05-01 10:16:12,28.8594722747803,-17.4206771850586,"Unknown"
"5020558",378628,2026-05-01 10:21:12,28.8597373962402,-17.4212779998779,"Unknown"
"5020558",378628,2026-05-01 10:26:12,28.8600730895996,-17.4219379425049,"Unknown"
"5020558",378628,2026-05-01 10:31:13,28.8604011535645,-17.4226112365723,"Unknown"
"5020558",378628,2026-05-01 10:36:12,28.8608856201172,-17.4234962463379,"Unknown"
"5020558",378628,2026-05-01 10:41:13,28.8613052368164,-17.4242458343506,"Unknown"
"5020558",378628,2026-05-01 10:46:13,28.8620777130127,-17.4250411987305,"Unknown"
"5020558",378628,2026-05-01 10:51:13,28.8565998077393,-17.4307403564453,"Unknown"
"5020558",378628,2026-05-01 10:56:16,28.8525733947754,-17.4232349395752,"Unknown"
"5020558",378628,2026-05-01 11:01:13,28.8465061187744,-17.4192924499512,"Unknown"
"5020558",378628,2026-05-01 11:06:34,28.8431396484375,-17.4147548675537,"Unknown"
"5020558",378628,2026-05-01 11:11:13,28.8385906219482,-17.4092350006104,"Unknown"
"5020558",378628,2026-05-01 11:16:14,28.8336219787598,-17.4054298400879,"Unknown"
"5020558",378628,2026-05-01 11:21:15,28.8324184417725,-17.4030456542969,"Unknown"
"5020558",378628,2026-05-01 11:26:13,28.8297634124756,-17.3988800048828,"Unknown"
"5020558",378628,2026-05-01 11:31:13,28.8302383422852,-17.3994045257568,"Unknown"
"5020558",378628,2026-05-01 11:36:13,28.8308296203613,-17.4000186920166,"Unknown"
"5020558",378628,2026-05-01 11:41:14,28.8390102386475,-17.3874816894531,"Unknown"
"5020558",378628,2026-05-01 11:46:15,28.8420314788818,-17.3862419128418,"Unknown"
"5020558",378628,2026-05-01 11:51:15,28.8426856994629,-17.3868217468262,"Unknown"
"5020558",378628,2026-05-01 11:56:17,28.8433742523193,-17.3874435424805,"Unknown"
"5020558",378628,2026-05-01 12:01:16,28.8440933227539,-17.3880481719971,"Unknown"
"5020558",378628,2026-05-01 12:06:14,28.8448238372803,-17.3885879516602,"Unknown"
"5020558",378628,2026-05-01 12:11:33,28.8456058502197,-17.3891639709473,"Unknown"
"5020558",378628,2026-05-01 12:16:13,28.8462924957275,-17.3897037506104,"Unknown"
"5020558",378628,2026-05-01 12:21:15,28.8470726013184,-17.3902168273926,"Unknown"
"5020558",378628,2026-05-01 12:26:13,28.8478775024414,-17.3907032012939,"Unknown"
"5020558",378628,2026-05-01 12:31:15,28.8487110137939,-17.3911933898926,"Unknown"
"5020558",378628,2026-05-01 12:36:13,28.8495979309082,-17.3917045593262,"Unknown"
"5020558",378628,2026-05-01 12:41:15,28.8504791259766,-17.3922595977783,"Unknown"
"5020558",378628,2026-05-01 12:46:13,28.85133934021,-17.3927230834961,"Unknown"
"5020558",378628,2026-05-01 12:51:15,28.8522090911865,-17.3932437896729,"Unknown"
"5020558",378628,2026-05-01 12:56:15,28.8531150817871,-17.3937377929688,"Unknown"
"5020558",378628,2026-05-01 13:01:15,28.8565521240234,-17.3928737640381,"Unknown"
"5020558",378628,2026-05-01 13:06:15,28.8545818328857,-17.3938541412354,"Unknown"
"5020558",378628,2026-05-01 13:11:15,28.8551330566406,-17.3947563171387,"Unknown"
"5020558",378628,2026-05-01 13:16:33,28.8562335968018,-17.3952655792236,"Unknown"
"5020558",378628,2026-05-01 13:21:13,28.857442855835,-17.3955192565918,"Unknown"
"5020558",378628,2026-05-01 13:26:12,28.8585929870605,-17.3958644866943,"Unknown"
"5020558",378628,2026-05-01 13:31:13,28.8598251342773,-17.3962345123291,"Unknown"
"5020558",378628,2026-05-01 13:36:13,28.8610763549805,-17.3965644836426,"Unknown"
"5020558",378628,2026-05-01 13:41:13,28.8623714447021,-17.3969230651855,"Unknown"
"5020558",378628,2026-05-01 13:46:12,28.8637142181396,-17.3973922729492,"Unknown"
"5020558",378628,2026-05-01 13:51:13,28.8650379180908,-17.3977642059326,"Unknown"
"5020558",378628,2026-05-01 13:56:13,28.8664016723633,-17.3981246948242,"Unknown"
"5020558",378628,2026-05-01 14:01:13,28.8676300048828,-17.3983592987061,"Unknown"
"5020558",378628,2026-05-01 14:06:13,28.8600482940674,-17.3987216949463,"Unknown"
"5020558",378628,2026-05-01 14:11:13,28.8567981719971,-17.4046726226807,"Unknown"
"5020558",378628,2026-05-01 14:16:13,28.8529987335205,-17.413257598877,"Unknown"
"5020558",378628,2026-05-01 14:21:15,28.8539505004883,-17.4155902862549,"Unknown"
"5020558",378628,2026-05-01 14:26:13,28.8483352661133,-17.4260520935059,"Unknown"
"5020558",378628,2026-05-01 14:31:15,28.8455505371094,-17.4329605102539,"Unknown"
"5020558",378628,2026-05-01 14:36:13,28.8440761566162,-17.4373893737793,"Unknown"
"5020558",378628,2026-05-01 14:41:13,28.8431167602539,-17.4409313201904,"Unknown"
"5020558",378628,2026-05-01 14:46:16,28.8365631103516,-17.4493846893311,"Unknown"
"5020558",378628,2026-05-01 14:51:13,28.8346176147461,-17.4575595855713,"Unknown"
"5020558",378628,2026-05-01 14:56:13,28.8318328857422,-17.4649887084961,"Unknown"
"5020558",378628,2026-05-01 15:01:13,28.8275852203369,-17.4680194854736,"Unknown"
"5020558",378628,2026-05-01 15:06:13,28.8230171203613,-17.4713573455811,"Unknown"
"5020558",378628,2026-05-01 15:11:15,28.8192157745361,-17.4760551452637,"Unknown"
"5020558",378628,2026-05-01 15:17:03,28.8149089813232,-17.4817638397217,"Unknown"
"5020558",378628,2026-05-01 15:21:13,28.8130626678467,-17.486400604248,"Unknown"
"5020558",378628,2026-05-01 15:26:13,28.8098106384277,-17.4915142059326,"Unknown"
"5020558",378628,2026-05-01 15:31:13,28.8085918426514,-17.5008239746094,"Unknown"
"5020558",378628,2026-05-01 15:36:13,28.8036670684814,-17.5082321166992,"Unknown"
"5020558",378628,2026-05-01 15:41:13,28.8004245758057,-17.5136775970459,"Unknown"
"5020558",378628,2026-05-01 15:46:13,28.7983913421631,-17.5177803039551,"Unknown"
"5020558",378628,2026-05-01 15:51:13,28.7986431121826,-17.5173892974854,"Unknown"
"5020558",378628,2026-05-01 15:56:13,28.7989368438721,-17.5169696807861,"Unknown"
"5020558",378628,2026-05-01 16:01:13,28.7959327697754,-17.5248489379883,"Unknown"
"5020558",378628,2026-05-01 16:06:13,28.7912063598633,-17.5314331054688,"Unknown"
"5020558",378628,2026-05-01 16:11:13,28.7859497070312,-17.5382270812988,"Unknown"
"5020558",378628,2026-05-01 16:16:13,28.7811832427979,-17.542875289917,"Unknown"
"5020558",378628,2026-05-01 16:21:12,28.7794628143311,-17.5451316833496,"Unknown"
"5020558",378628,2026-05-01 16:26:13,28.777702331543,-17.5467872619629,"Unknown"
"5020558",378628,2026-05-01 16:31:13,28.7665939331055,-17.5519065856934,"Unknown"
"5020558",378628,2026-05-01 16:36:13,28.7664260864258,-17.5513534545898,"Unknown"
"5020558",378628,2026-05-01 16:41:13,28.759895324707,-17.5599403381348,"Unknown"
"5020558",378628,2026-05-01 16:46:13,28.7595081329346,-17.5618877410889,"Unknown"
"5020558",378628,2026-05-01 16:51:13,28.7593517303467,-17.5583915710449,"Unknown"
"5020558",378628,2026-05-01 16:56:13,28.7617416381836,-17.5458965301514,"Unknown"
"5020558",378628,2026-05-01 17:01:13,28.7614212036133,-17.5358505249023,"Unknown"
"5020558",378628,2026-05-01 17:06:13,28.7562065124512,-17.5379123687744,"Unknown"
"5020558",378628,2026-05-01 17:11:14,28.753755569458,-17.5404243469238,"Unknown"
"5020558",378628,2026-05-01 17:16:13,28.751989364624,-17.5379333496094,"Unknown"
"5020558",378628,2026-05-01 17:21:13,28.7488498687744,-17.5408573150635,"Unknown"
"5020558",378628,2026-05-01 17:26:13,28.743143081665,-17.5363712310791,"Unknown"
"5020558",378628,2026-05-01 17:31:13,28.73681640625,-17.5354518890381,"Unknown"
"5020558",378628,2026-05-01 17:36:13,28.7325878143311,-17.5351982116699,"Unknown"
"5020558",378628,2026-05-01 17:42:03,28.7265357971191,-17.5373439788818,"Unknown"
"5020558",378628,2026-05-01 17:46:15,28.7246780395508,-17.532642364502,"Unknown"
"5020558",378628,2026-05-01 17:51:13,28.7276210784912,-17.5284595489502,"Unknown"
"5020558",378628,2026-05-01 17:56:16,28.7267932891846,-17.5253162384033,"Unknown"
"5020558",378628,2026-05-01 18:02:03,28.7247295379639,-17.5207099914551,"Unknown"
"5020558",378628,2026-05-01 18:06:12,28.7248191833496,-17.5185356140137,"Unknown"
"5020558",378628,2026-05-01 18:11:13,28.7212295532227,-17.518798828125,"Unknown"
"5020558",378628,2026-05-01 18:16:12,28.718240737915,-17.5194435119629,"Unknown"
"5020558",378628,2026-05-01 18:21:12,28.712703704834,-17.5190124511719,"Unknown"
"5020558",378628,2026-05-01 18:26:13,28.7111034393311,-17.5193367004395,"Unknown"
"5020558",378628,2026-05-01 18:31:12,28.7077045440674,-17.5205135345459,"Unknown"
"5020558",378628,2026-05-01 18:36:12,28.6963233947754,-17.5247497558594,"Unknown"
"5020558",378628,2026-05-01 18:41:12,28.6950454711914,-17.5275783538818,"Unknown"
"5020558",378628,2026-05-01 18:46:12,28.7027454376221,-17.5294570922852,"Unknown"
"5020558",378628,2026-05-01 18:51:12,28.6998538970947,-17.5310668945312,"Unknown"
"5020558",378628,2026-05-01 18:56:12,28.6992321014404,-17.5334930419922,"Unknown"
"5020558",378628,2026-05-01 19:01:12,28.6959037780762,-17.5248641967773,"Unknown"
"5020558",378628,2026-05-01 19:06:13,28.695821762085,-17.5212516784668,"Unknown"
"5020558",378628,2026-05-01 19:11:13,28.6929912567139,-17.519718170166,"Unknown"
"5020558",378628,2026-05-01 19:16:13,28.6917152404785,-17.5143928527832,"Unknown"
"5020558",378628,2026-05-01 19:21:12,28.6930465698242,-17.5255527496338,"Unknown"
"5020558",378628,2026-05-01 19:26:12,28.6802158355713,-17.5483455657959,"Unknown"
"5020558",378628,2026-05-01 19:31:12,28.6892280578613,-17.5770645141602,"Unknown"
"5020558",378628,2026-05-01 19:36:12,28.6944789886475,-17.6101188659668,"Unknown"
"5020558",378628,2026-05-01 19:41:12,28.6989784240723,-17.6419258117676,"Unknown"
"5020558",378628,2026-05-01 19:46:13,28.7141246795654,-17.6605014801025,"Unknown"
"5020558",378628,2026-05-01 19:51:13,28.7097072601318,-17.6594905853271,"Unknown"
"5020558",378628,2026-05-01 19:56:12,28.7120208740234,-17.6829586029053,"Unknown"
"5020558",378628,2026-05-01 20:01:13,28.7260189056396,-17.7099838256836,"Unknown"
"5020558",378628,2026-05-01 20:06:12,28.7303771972656,-17.7123126983643,"Unknown"
"5020558",378628,2026-05-01 20:11:13,28.7303409576416,-17.7120685577393,"Unknown"
"5020558",378628,2026-05-01 20:16:13,28.7303237915039,-17.7118091583252,"Unknown"
"5020558",378628,2026-05-01 20:21:18,28.7300357818604,-17.7162113189697,"Unknown"
"5020558",378628,2026-05-01 20:26:15,28.72922706604,-17.719087600708,"Unknown"
"5020558",378628,2026-05-01 20:31:33,28.7290420532227,-17.7187919616699,"Unknown"
"5020558",378628,2026-05-01 20:36:12,28.7288722991943,-17.718542098999,"Unknown"
"5020558",378628,2026-05-01 20:41:12,28.7288150787354,-17.7184371948242,"Unknown"
"5020558",378628,2026-05-01 20:46:12,28.728572845459,-17.718505859375,"Unknown"
"5020558",378628,2026-05-01 20:51:12,28.7283096313477,-17.7185192108154,"Unknown"
"5020558",378628,2026-05-01 20:56:12,28.7279567718506,-17.7184753417969,"Unknown"
"5020558",378628,2026-05-01 21:01:12,28.7276515960693,-17.7184715270996,"Unknown"
"5020558",378628,2026-05-01 21:06:13,28.727445602417,-17.7183895111084,"Unknown"
"5020558",378628,2026-05-01 21:11:12,28.7272396087646,-17.7183685302734,"Unknown"
"5020558",378628,2026-05-01 21:16:12,28.7270431518555,-17.718168258667,"Unknown"
"5020558",378628,2026-05-01 21:21:15,28.7271385192871,-17.7177677154541,"Unknown"
"5020558",378628,2026-05-01 21:26:12,28.7271938323975,-17.7175369262695,"Unknown"
"5020558",378628,2026-05-01 21:31:13,28.7273082733154,-17.7173080444336,"Unknown"
"5020558",378628,2026-05-01 21:36:13,28.7274703979492,-17.7170963287354,"Unknown"
"5020558",378628,2026-05-01 21:41:13,28.7277088165283,-17.7166175842285,"Unknown"
"5020558",378628,2026-05-01 21:46:13,28.7279472351074,-17.7160797119141,"Unknown"
"5020558",378628,2026-05-01 21:51:13,28.7400741577148,-17.7128505706787,"Unknown"
"5020558",378628,2026-05-01 21:56:13,28.7591648101807,-17.7244510650635,"Unknown"
"5020558",378628,2026-05-01 22:01:13,28.7698955535889,-17.7316341400146,"Unknown"
"5020558",378628,2026-05-01 22:06:13,28.7699069976807,-17.7316055297852,"Unknown"
"5020558",378628,2026-05-01 22:07:13,28.7699298858643,-17.731559753418,"Unknown"
"5020558",378628,2026-05-01 22:08:15,28.7699966430664,-17.731538772583,"Unknown"
"5020558",378628,2026-05-01 22:09:12,28.7700614929199,-17.7314624786377,"Unknown"
"5020558",378628,2026-05-01 22:10:13,28.7700996398926,-17.7314300537109,"Unknown"
"5020558",378628,2026-05-01 22:11:14,28.7701606750488,-17.7313461303711,"Unknown"
"5020558",378628,2026-05-01 22:12:13,28.7701854705811,-17.7312870025635,"Unknown"
"5020558",378628,2026-05-01 22:13:13,28.7702140808105,-17.7311973571777,"Unknown"
"5020558",378628,2026-05-01 22:14:13,28.7702980041504,-17.7311363220215,"Unknown"
"5020558",378628,2026-05-01 22:15:13,28.7703762054443,-17.7311000823975,"Unknown"
"5020558",378628,2026-05-01 22:16:12,28.7704334259033,-17.7310256958008,"Unknown"
"5020558",378628,2026-05-01 22:17:13,28.7705554962158,-17.7309131622314,"Unknown"
"5020558",378628,2026-05-01 22:18:13,28.7706470489502,-17.7308101654053,"Unknown"
"5020558",378628,2026-05-01 22:19:14,28.7707386016846,-17.7306938171387,"Unknown"
"5020558",378628,2026-05-01 22:20:13,28.7708129882812,-17.7305755615234,"Unknown"
"5020558",378628,2026-05-01 22:21:15,28.7709121704102,-17.7304725646973,"Unknown"
"5020558",378628,2026-05-01 22:22:13,28.7709827423096,-17.7303791046143,"Unknown"
"5020558",378628,2026-05-01 22:23:15,28.7710838317871,-17.7303447723389,"Unknown"
"5020558",378628,2026-05-01 22:24:15,28.7711582183838,-17.7302780151367,"Unknown"
"5020558",378628,2026-05-01 22:25:14,28.7712860107422,-17.730224609375,"Unknown"
"5020558",378628,2026-05-01 22:26:13,28.7713642120361,-17.7301406860352,"Unknown"
"5020558",378628,2026-05-01 22:27:13,28.7714672088623,-17.7301139831543,"Unknown"
"5020558",378628,2026-05-01 22:28:13,28.7715530395508,-17.7299861907959,"Unknown"
"5020558",378628,2026-05-01 22:29:14,28.7716579437256,-17.729923248291,"Unknown"
"5020558",378628,2026-05-01 22:30:13,28.7717533111572,-17.7298355102539,"Unknown"
"5020558",378628,2026-05-01 22:31:13,28.7718391418457,-17.7297782897949,"Unknown"
"5020558",378628,2026-05-01 22:32:13,28.7719440460205,-17.7297210693359,"Unknown"
"5020558",378628,2026-05-01 22:33:13,28.7720546722412,-17.7296981811523,"Unknown"
"5020558",378628,2026-05-01 22:34:14,28.7721672058105,-17.7296314239502,"Unknown"
"5020558",378628,2026-05-01 22:35:13,28.7723121643066,-17.7296009063721,"Unknown"
"5020558",378628,2026-05-01 22:36:13,28.7724227905273,-17.7294673919678,"Unknown"
"5020558",378628,2026-05-01 22:37:13,28.7725582122803,-17.7294387817383,"Unknown"
"5020558",378628,2026-05-01 22:38:13,28.772668838501,-17.7293567657471,"Unknown"
"5020558",378628,2026-05-01 22:39:13,28.7728404998779,-17.7292671203613,"Unknown"
"5020558",378628,2026-05-01 22:40:13,28.772985458374,-17.7292098999023,"Unknown"
"5020558",378628,2026-05-01 22:41:13,28.7731056213379,-17.7291603088379,"Unknown"
"5020558",378628,2026-05-01 22:42:13,28.7732486724854,-17.7291030883789,"Unknown"
"5020558",378628,2026-05-01 22:43:12,28.7733287811279,-17.7289848327637,"Unknown"
"5020558",378628,2026-05-01 22:44:13,28.7734603881836,-17.7288646697998,"Unknown"
"5020558",378628,2026-05-01 22:45:13,28.7735290527344,-17.7287769317627,"Unknown"
"5020558",378628,2026-05-01 22:46:13,28.7736167907715,-17.7287063598633,"Unknown"
"5020558",378628,2026-05-01 22:47:14,28.7737407684326,-17.7286071777344,"Unknown"
"5020558",378628,2026-05-01 22:48:13,28.7738227844238,-17.7285079956055,"Unknown"
"5020558",378628,2026-05-01 22:49:13,28.7739295959473,-17.728443145752,"Unknown"
"5020558",378628,2026-05-01 22:50:13,28.7739963531494,-17.7283611297607,"Unknown"
"5020558",378628,2026-05-01 22:51:13,28.7740612030029,-17.7282791137695,"Unknown"
"5020558",378628,2026-05-01 22:52:14,28.7743911743164,-17.7281055450439,"Unknown"
"5020558",378628,2026-05-01 22:53:13,28.7742366790771,-17.7272720336914,"Unknown"
"5020558",378628,2026-05-01 22:54:13,28.7742881774902,-17.7272567749023,"Unknown"
"5020558",378628,2026-05-01 22:55:13,28.7743339538574,-17.7272338867188,"Unknown"
"5020558",378628,2026-05-01 22:56:13,28.7743854522705,-17.7272300720215,"Unknown"
"5020558",378628,2026-05-01 22:57:13,28.7744331359863,-17.7271785736084,"Unknown"
"5020558",378628,2026-05-01 22:58:14,28.7745037078857,-17.7271499633789,"Unknown"
"5020558",378628,2026-05-01 22:59:15,28.7745590209961,-17.7272148132324,"Unknown"
"5020558",378628,2026-05-01 23:00:13,28.774658203125,-17.727180480957,"Unknown"
"5020558",378628,2026-05-01 23:01:13,28.7747135162354,-17.7272052764893,"Unknown"
"5020558",378628,2026-05-01 23:02:17,28.7747802734375,-17.7272319793701,"Unknown"
"5020558",378628,2026-05-01 23:03:16,28.7748622894287,-17.7272052764893,"Unknown"
"5020558",378628,2026-05-01 23:04:15,28.774938583374,-17.7271881103516,"Unknown"
"5020558",378628,2026-05-01 23:05:33,28.7750358581543,-17.7271595001221,"Unknown"
"5020558",378628,2026-05-01 23:06:12,28.7750835418701,-17.7271518707275,"Unknown"
"5020558",378628,2026-05-01 23:07:13,28.77516746521,-17.7271404266357,"Unknown"
"5020558",378628,2026-05-01 23:08:12,28.7752532958984,-17.7271118164062,"Unknown"
"5020558",378628,2026-05-01 23:09:13,28.775318145752,-17.7271041870117,"Unknown"
"5020558",378628,2026-05-01 23:10:13,28.7754192352295,-17.7270793914795,"Unknown"
"5020558",378628,2026-05-01 23:11:12,28.7754974365234,-17.7270793914795,"Unknown"
"5020558",378628,2026-05-01 23:12:12,28.7756042480469,-17.7271022796631,"Unknown"
"5020558",378628,2026-05-01 23:13:12,28.7756938934326,-17.7270946502686,"Unknown"
"5020558",378628,2026-05-01 23:14:12,28.7757835388184,-17.7270545959473,"Unknown"
"5020558",378628,2026-05-01 23:15:12,28.7758827209473,-17.7270469665527,"Unknown"
"5020558",378628,2026-05-01 23:16:12,28.7759704589844,-17.7270412445068,"Unknown"
"5020558",378628,2026-05-01 23:17:12,28.7760601043701,-17.7269954681396,"Unknown"
"5020558",378628,2026-05-01 23:18:12,28.7761688232422,-17.7269515991211,"Unknown"
"5020558",378628,2026-05-01 23:19:12,28.7762813568115,-17.7269287109375,"Unknown"
"5020558",378628,2026-05-01 23:20:12,28.7763633728027,-17.7269020080566,"Unknown"
"5020558",378628,2026-05-01 23:21:12,28.7764339447021,-17.7268352508545,"Unknown"
"5020558",378628,2026-05-01 23:22:12,28.7765293121338,-17.7267761230469,"Unknown"
"5020558",378628,2026-05-01 23:23:12,28.7766208648682,-17.726734161377,"Unknown"
"5020558",378628,2026-05-01 23:24:13,28.7767200469971,-17.7267055511475,"Unknown"
"5020558",378628,2026-05-01 23:25:12,28.7767791748047,-17.726619720459,"Unknown"
"5020558",378628,2026-05-01 23:26:12,28.7768669128418,-17.7265758514404,"Unknown"
"5020558",378628,2026-05-01 23:27:12,28.7769260406494,-17.7265110015869,"Unknown"
"5020558",378628,2026-05-01 23:28:12,28.7770137786865,-17.7264442443848,"Unknown"
"5020558",378628,2026-05-01 23:29:12,28.7771415710449,-17.7263927459717,"Unknown"
"5020558",378628,2026-05-01 23:30:12,28.7772121429443,-17.7263698577881,"Unknown"
"5020558",378628,2026-05-01 23:31:12,28.7772693634033,-17.7263240814209,"Unknown"
"5020558",378628,2026-05-01 23:32:13,28.7773494720459,-17.7262725830078,"Unknown"
"5020558",378628,2026-05-01 23:33:12,28.7774105072021,-17.7262439727783,"Unknown"
"5020558",378628,2026-05-01 23:34:12,28.7774715423584,-17.7261829376221,"Unknown"
"5020558",378628,2026-05-01 23:35:12,28.7775363922119,-17.7260932922363,"Unknown"
"5020558",378628,2026-05-01 23:36:12,28.7776184082031,-17.7260093688965,"Unknown"
"5020558",378628,2026-05-01 23:37:12,28.7777080535889,-17.7259559631348,"Unknown"
"5020558",378628,2026-05-01 23:38:12,28.7777996063232,-17.7258949279785,"Unknown"
"5020558",378628,2026-05-01 23:39:12,28.7778778076172,-17.7258472442627,"Unknown"
"5020558",378628,2026-05-01 23:40:12,28.7779808044434,-17.7257976531982,"Unknown"
"5020558",378628,2026-05-01 23:41:12,28.778076171875,-17.7257518768311,"Unknown"
"5020558",378628,2026-05-01 23:42:12,28.7781658172607,-17.7257080078125,"Unknown"
"5020558",378628,2026-05-01 23:43:12,28.7782707214355,-17.7256469726562,"Unknown"
"5020558",378628,2026-05-01 23:44:12,28.7783641815186,-17.725564956665,"Unknown"
"5020558",378628,2026-05-01 23:45:12,28.7750415802002,-17.7259330749512,"Unknown"
"5020558",378628,2026-05-01 23:46:13,28.7765254974365,-17.7263240814209,"Unknown"
"5020558",378628,2026-05-01 23:47:13,28.7765579223633,-17.7263660430908,"Unknown"
"5020558",378628,2026-05-01 23:48:13,28.7765674591064,-17.726390838623,"Unknown"
"5020558",378628,2026-05-01 23:49:13,28.7765274047852,-17.7263851165771,"Unknown"
"5020558",378628,2026-05-01 23:50:13,28.7765274047852,-17.7264022827148,"Unknown"
"5020558",378628,2026-05-01 23:51:12,28.7765445709229,-17.726448059082,"Unknown"
"5020558",378628,2026-05-01 23:52:12,28.7765655517578,-17.7265167236328,"Unknown"
"5020558",378628,2026-05-01 23:53:12,28.7765522003174,-17.7265071868896,"Unknown"
"5020558",378628,2026-05-01 23:54:13,28.7765331268311,-17.7265377044678,"Unknown"
"5020558",378628,2026-05-01 23:55:13,28.7765254974365,-17.7265434265137,"Unknown"
"5020558",378628,2026-05-01 23:56:13,28.7765445709229,-17.7265434265137,"Unknown"
"5020558",378628,2026-05-01 23:57:13,28.7765789031982,-17.7266006469727,"Unknown"
"5020558",378628,2026-05-01 23:58:13,28.7765979766846,-17.7266025543213,"Unknown"
"5020558",378628,2026-05-01 23:59:12,28.7766189575195,-17.7265949249268,"Unknown"
"5020558",378628,2026-05-02 00:00:13,28.7766418457031,-17.7266025543213,"Unknown"
"5020558",378628,2026-05-02 00:01:13,28.7766647338867,-17.7265968322754,"Unknown"
"5020558",378628,2026-05-02 00:02:13,28.7766666412354,-17.7265777587891,"Unknown"
"5020558",378628,2026-05-02 00:03:13,28.7766532897949,-17.7265663146973,"Unknown"
"5020558",378628,2026-05-02 00:04:13,28.7766666412354,-17.7265605926514,"Unknown"
"5020558",378628,2026-05-02 00:05:13,28.776683807373,-17.726526260376,"Unknown"
"5020558",378628,2026-05-02 00:06:13,28.7767276763916,-17.7264518737793,"Unknown"
"5020558",378628,2026-05-02 00:07:13,28.7767391204834,-17.7263774871826,"Unknown"
"5020558",378628,2026-05-02 00:08:13,28.7767734527588,-17.7263011932373,"Unknown"
"5020558",378628,2026-05-02 00:09:13,28.7767715454102,-17.726282119751,"Unknown"
"5020558",378628,2026-05-02 00:10:13,28.7768249511719,-17.7261924743652,"Unknown"
"5020558",378628,2026-05-02 00:11:14,28.7768497467041,-17.726095199585,"Unknown"
"5020558",378628,2026-05-02 00:12:15,28.77685546875,-17.7260856628418,"Unknown"
"5020558",378628,2026-05-02 00:13:12,28.7768440246582,-17.7260265350342,"Unknown"
"5020558",378628,2026-05-02 00:14:13,28.7768440246582,-17.7259616851807,"Unknown"
"5020558",378628,2026-05-02 00:15:14,28.7768440246582,-17.7258911132812,"Unknown"
"5020558",378628,2026-05-02 00:16:12,28.7768726348877,-17.7258949279785,"Unknown"
"5020558",378628,2026-05-02 00:17:12,28.776912689209,-17.7259559631348,"Unknown"
"5020558",378628,2026-05-02 00:18:13,28.7769260406494,-17.725923538208,"Unknown"
"5020558",378628,2026-05-02 00:19:13,28.7769298553467,-17.7258853912354,"Unknown"
"5020558",378628,2026-05-02 00:20:12,28.7769546508789,-17.7258739471436,"Unknown"
"5020558",378628,2026-05-02 00:21:13,28.7769737243652,-17.72585105896,"Unknown"
"5020558",378628,2026-05-02 00:22:13,28.7770118713379,-17.7258453369141,"Unknown"
"5020558",378628,2026-05-02 00:23:12,28.7770576477051,-17.725830078125,"Unknown"
"5020558",378628,2026-05-02 00:24:13,28.7770767211914,-17.7257804870605,"Unknown"
"5020558",378628,2026-05-02 00:25:13,28.7770595550537,-17.7257118225098,"Unknown"
"5020558",378628,2026-05-02 00:26:12,28.7770805358887,-17.7256889343262,"Unknown"
"5020558",378628,2026-05-02 00:27:13,28.777172088623,-17.7256660461426,"Unknown"
"5020558",378628,2026-05-02 00:28:12,28.7772197723389,-17.7256088256836,"Unknown"
"5020558",378628,2026-05-02 00:29:12,28.7772655487061,-17.7255535125732,"Unknown"
"5020558",378628,2026-05-02 00:30:15,28.7773189544678,-17.725528717041,"Unknown"
"5020558",378628,2026-05-02 00:31:15,28.7773628234863,-17.7254734039307,"Unknown"
"5020558",378628,2026-05-02 00:32:15,28.7773761749268,-17.7254486083984,"Unknown"
"5020558",378628,2026-05-02 00:33:14,28.7773723602295,-17.7254199981689,"Unknown"
"5020558",378628,2026-05-02 00:34:12,28.7773933410645,-17.7254600524902,"Unknown"
"5020558",378628,2026-05-02 00:35:13,28.7773571014404,-17.7254543304443,"Unknown"
"5020558",378628,2026-05-02 00:36:13,28.7773494720459,-17.725456237793,"Unknown"
"5020558",378628,2026-05-02 00:37:13,28.7774181365967,-17.7254295349121,"Unknown"
"5020558",378628,2026-05-02 00:38:12,28.7774200439453,-17.7254447937012,"Unknown"
"5020558",378628,2026-05-02 00:39:13,28.7774410247803,-17.7254390716553,"Unknown"
"5020558",378628,2026-05-02 00:40:13,28.7774715423584,-17.7254505157471,"Unknown"
"5020558",378628,2026-05-02 00:41:12,28.7775058746338,-17.7254390716553,"Unknown"
"5020558",378628,2026-05-02 00:42:13,28.7775421142578,-17.7254390716553,"Unknown"
"5020558",378628,2026-05-02 00:43:13,28.7775421142578,-17.7254295349121,"Unknown"
"5020558",378628,2026-05-02 00:44:12,28.7775421142578,-17.7254447937012,"Unknown"
"5020558",378628,2026-05-02 00:45:12,28.7775764465332,-17.7254829406738,"Unknown"
"5020558",378628,2026-05-02 00:46:16,28.7775917053223,-17.7255363464355,"Unknown"
"5020558",378628,2026-05-02 00:47:13,28.7776145935059,-17.7255821228027,"Unknown"
"5020558",378628,2026-05-02 00:48:13,28.7776279449463,-17.7256374359131,"Unknown"
"5020558",378628,2026-05-02 00:49:14,28.7776374816895,-17.7256832122803,"Unknown"
"5020558",378628,2026-05-02 00:50:15,28.7776660919189,-17.7257289886475,"Unknown"
"5020558",378628,2026-05-02 00:51:13,28.7776679992676,-17.7257690429688,"Unknown"
"5020558",378628,2026-05-02 00:52:13,28.7776737213135,-17.7258396148682,"Unknown"
"5020558",378628,2026-05-02 00:53:15,28.777681350708,-17.7258739471436,"Unknown"
"5020558",378628,2026-05-02 00:54:12,28.7776279449463,-17.725959777832,"Unknown"
"5020558",378628,2026-05-02 00:55:13,28.77756690979,-17.7261333465576,"Unknown"
"5020558",378628,2026-05-02 00:56:14,28.777437210083,-17.7262306213379,"Unknown"
"5020558",378628,2026-05-02 00:57:13,28.7774066925049,-17.7264308929443,"Unknown"
"5020558",378628,2026-05-02 00:58:12,28.7774124145508,-17.7266082763672,"Unknown"
"5020558",378628,2026-05-02 00:59:14,28.7773513793945,-17.7267189025879,"Unknown"
"5020558",378628,2026-05-02 01:00:13,28.7773017883301,-17.7268218994141,"Unknown"
"5020558",378628,2026-05-02 01:01:13,28.7772579193115,-17.7269420623779,"Unknown"
"5020558",378628,2026-05-02 01:02:13,28.7772216796875,-17.7270679473877,"Unknown"
"5020558",378628,2026-05-02 01:03:13,28.7771472930908,-17.7271842956543,"Unknown"
"5020558",378628,2026-05-02 01:04:13,28.7771091461182,-17.7272758483887,"Unknown"
"5020558",378628,2026-05-02 01:05:13,28.7770767211914,-17.7274188995361,"Unknown"
"5020558",378628,2026-05-02 01:06:13,28.7770099639893,-17.727560043335,"Unknown"
"5020558",378628,2026-05-02 01:07:13,28.7769451141357,-17.727668762207,"Unknown"
"5020558",378628,2026-05-02 01:08:13,28.7769050598145,-17.7277355194092,"Unknown"
"5020558",378628,2026-05-02 01:09:13,28.7768745422363,-17.7278327941895,"Unknown"
"5020558",378628,2026-05-02 01:10:13,28.7768211364746,-17.7279205322266,"Unknown"
"5020558",378628,2026-05-02 01:11:14,28.7767753601074,-17.7280044555664,"Unknown"
"5020558",378628,2026-05-02 01:12:13,28.7767543792725,-17.7280941009521,"Unknown"
"5020558",378628,2026-05-02 01:13:14,28.7767124176025,-17.7281436920166,"Unknown"
"5020558",378628,2026-05-02 01:14:14,28.7766914367676,-17.7282390594482,"Unknown"
"5020558",378628,2026-05-02 01:15:16,28.7766971588135,-17.7283573150635,"Unknown"
"5020558",378628,2026-05-02 01:16:15,28.7766914367676,-17.7284851074219,"Unknown"
"5020558",378628,2026-05-02 01:17:18,28.7766895294189,-17.7285232543945,"Unknown"
"5020558",378628,2026-05-02 01:18:14,28.7766571044922,-17.7285995483398,"Unknown"
"5020558",378628,2026-05-02 01:19:18,28.7766151428223,-17.7286567687988,"Unknown"
"5020558",378628,2026-05-02 01:20:17,28.7765846252441,-17.72873878479,"Unknown"
"5020558",378628,2026-05-02 01:21:24,28.7765502929688,-17.7288684844971,"Unknown"
"5020558",378628,2026-05-02 01:22:16,28.7765140533447,-17.7289619445801,"Unknown"
"5020558",378628,2026-05-02 01:23:27,28.7764549255371,-17.7290935516357,"Unknown"
"5020558",378628,2026-05-02 01:24:14,28.7763690948486,-17.7291889190674,"Unknown"
"5020558",378628,2026-05-02 01:25:33,28.776294708252,-17.7293033599854,"Unknown"
"5020558",378628,2026-05-02 01:26:12,28.7762985229492,-17.7293338775635,"Unknown"
"5020558",378628,2026-05-02 01:27:12,28.7763061523438,-17.7293701171875,"Unknown"
"5020558",378628,2026-05-02 01:28:12,28.7762889862061,-17.7293949127197,"Unknown"
"5020558",378628,2026-05-02 01:29:12,28.776273727417,-17.7294330596924,"Unknown"
"5020558",378628,2026-05-02 01:30:12,28.7762756347656,-17.7294578552246,"Unknown"
"5020558",378628,2026-05-02 01:31:12,28.7762603759766,-17.7295303344727,"Unknown"
"5020558",378628,2026-05-02 01:32:12,28.776252746582,-17.7295951843262,"Unknown"
"5020558",378628,2026-05-02 01:33:13,28.776252746582,-17.7296524047852,"Unknown"
"5020558",378628,2026-05-02 01:34:12,28.776237487793,-17.7297172546387,"Unknown"
"5020558",378628,2026-05-02 01:35:12,28.7761840820312,-17.7297859191895,"Unknown"
"5020558",378628,2026-05-02 01:36:12,28.7761478424072,-17.7298030853271,"Unknown"
"5020558",378628,2026-05-02 01:37:12,28.776086807251,-17.7299385070801,"Unknown"
"5020558",378628,2026-05-02 01:38:13,28.7759990692139,-17.7300319671631,"Unknown"
"5020558",378628,2026-05-02 01:39:13,28.7759113311768,-17.7301845550537,"Unknown"
"5020558",378628,2026-05-02 01:40:12,28.7758197784424,-17.7303524017334,"Unknown"
"5020558",378628,2026-05-02 01:41:13,28.7757740020752,-17.7304649353027,"Unknown"
"5020558",378628,2026-05-02 01:42:13,28.775806427002,-17.7302951812744,"Unknown"
"5020558",378628,2026-05-02 01:43:13,28.7758483886719,-17.7301845550537,"Unknown"
"5020558",378628,2026-05-02 01:44:13,28.7758731842041,-17.7301826477051,"Unknown"
"5020558",378628,2026-05-02 01:45:13,28.7759075164795,-17.7300701141357,"Unknown"
"5020558",378628,2026-05-02 01:46:13,28.7759037017822,-17.7299747467041,"Unknown"
"5020558",378628,2026-05-02 01:47:13,28.7759113311768,-17.7298946380615,"Unknown"
"5020558",378628,2026-05-02 01:48:13,28.7758846282959,-17.7298469543457,"Unknown"
"5020558",378628,2026-05-02 01:49:13,28.775899887085,-17.7297859191895,"Unknown"
"5020558",378628,2026-05-02 01:50:13,28.7759227752686,-17.729700088501,"Unknown"
"5020558",378628,2026-05-02 01:51:13,28.7759456634521,-17.7296295166016,"Unknown"
"5020558",378628,2026-05-02 01:52:14,28.7759590148926,-17.7295837402344,"Unknown"
"5020558",378628,2026-05-02 01:53:13,28.7759552001953,-17.7295455932617,"Unknown"
"5020558",378628,2026-05-02 01:54:15,28.775951385498,-17.7295398712158,"Unknown"
"5020558",378628,2026-05-02 01:55:13,28.7759304046631,-17.7295303344727,"Unknown"
"5020558",378628,2026-05-02 01:56:13,28.7759475708008,-17.7295265197754,"Unknown"
"5020558",378628,2026-05-02 01:57:13,28.7759552001953,-17.7295112609863,"Unknown"
"5020558",378628,2026-05-02 01:58:13,28.7759437561035,-17.7294864654541,"Unknown"
"5020558",378628,2026-05-02 01:59:13,28.7759761810303,-17.7294483184814,"Unknown"
"5020558",378628,2026-05-02 02:00:13,28.775993347168,-17.7294692993164,"Unknown"
"5020558",378628,2026-05-02 02:01:13,28.7759895324707,-17.7294216156006,"Unknown"
"5020558",378628,2026-05-02 02:02:14,28.7759895324707,-17.7293815612793,"Unknown"
"5020558",378628,2026-05-02 02:03:13,28.7759799957275,-17.7293186187744,"Unknown"
"5020558",378628,2026-05-02 02:04:13,28.7759666442871,-17.7292308807373,"Unknown"
"5020558",378628,2026-05-02 02:05:13,28.7759437561035,-17.7292175292969,"Unknown"
"5020558",378628,2026-05-02 02:06:13,28.775936126709,-17.7292137145996,"Unknown"
"5020558",378628,2026-05-02 02:07:13,28.7759189605713,-17.729190826416,"Unknown"
"5020558",378628,2026-05-02 02:08:13,28.7759208679199,-17.7291469573975,"Unknown"
"5020558",378628,2026-05-02 02:09:13,28.7759342193604,-17.7291107177734,"Unknown"
"5020558",378628,2026-05-02 02:10:13,28.7759342193604,-17.7290649414062,"Unknown"
"5020558",378628,2026-05-02 02:11:13,28.775951385498,-17.7290229797363,"Unknown"
"5020558",378628,2026-05-02 02:12:13,28.7759418487549,-17.7289733886719,"Unknown"
"5020558",378628,2026-05-02 02:13:13,28.7759418487549,-17.7289447784424,"Unknown"
"5020558",378628,2026-05-02 02:14:13,28.7759246826172,-17.7289066314697,"Unknown"
"5020558",378628,2026-05-02 02:15:13,28.7759399414062,-17.7288837432861,"Unknown"
"5020558",378628,2026-05-02 02:16:13,28.7759075164795,-17.7288589477539,"Unknown"
"5020558",378628,2026-05-02 02:17:13,28.7758827209473,-17.7287864685059,"Unknown"
"5020558",378628,2026-05-02 02:18:13,28.7758483886719,-17.7287406921387,"Unknown"
"5020558",378628,2026-05-02 02:19:13,28.775842666626,-17.7286624908447,"Unknown"
"5020558",378628,2026-05-02 02:20:13,28.775821685791,-17.728630065918,"Unknown"
"5020558",378628,2026-05-02 02:21:13,28.7758083343506,-17.7285919189453,"Unknown"
"5020558",378628,2026-05-02 02:22:13,28.7758102416992,-17.7285709381104,"Unknown"
"5020558",378628,2026-05-02 02:23:13,28.7758045196533,-17.728551864624,"Unknown"
"5020558",378628,2026-05-02 02:24:13,28.775806427002,-17.7285099029541,"Unknown"
"5020558",378628,2026-05-02 02:25:13,28.775785446167,-17.7285041809082,"Unknown"
"5020558",378628,2026-05-02 02:26:13,28.775785446167,-17.7285003662109,"Unknown"
"5020558",378628,2026-05-02 02:27:13,28.775785446167,-17.728479385376,"Unknown"
"5020558",378628,2026-05-02 02:28:13,28.775749206543,-17.7283878326416,"Unknown"
"5020558",378628,2026-05-02 02:29:13,28.7757110595703,-17.7283210754395,"Unknown"
"5020558",378628,2026-05-02 02:30:13,28.7757205963135,-17.7282390594482,"Unknown"
"5020558",378628,2026-05-02 02:31:13,28.7757129669189,-17.7282199859619,"Unknown"
"5020558",378628,2026-05-02 02:32:13,28.7756824493408,-17.7281723022461,"Unknown"
"5020558",378628,2026-05-02 02:33:13,28.7756652832031,-17.7281398773193,"Unknown"
"5020558",378628,2026-05-02 02:34:13,28.7756633758545,-17.7281398773193,"Unknown"
"5020558",378628,2026-05-02 02:35:13,28.7756690979004,-17.7281322479248,"Unknown"
"5020558",378628,2026-05-02 02:36:13,28.7756671905518,-17.7281665802002,"Unknown"
"5020558",378628,2026-05-02 02:37:13,28.775634765625,-17.7282047271729,"Unknown"
"5020558",378628,2026-05-02 02:38:13,28.7756290435791,-17.7282161712646,"Unknown"
"5020558",378628,2026-05-02 02:39:13,28.7756271362305,-17.728214263916,"Unknown"
"5020558",378628,2026-05-02 02:40:13,28.7756195068359,-17.7282447814941,"Unknown"
"5020558",378628,2026-05-02 02:41:13,28.7756042480469,-17.7283000946045,"Unknown"
"5020558",378628,2026-05-02 02:42:13,28.7755851745605,-17.7283325195312,"Unknown"
"5020558",378628,2026-05-02 02:43:13,28.7755756378174,-17.7283744812012,"Unknown"
"5020558",378628,2026-05-02 02:44:13,28.7755489349365,-17.728422164917,"Unknown"
"5020558",378628,2026-05-02 02:45:13,28.7755603790283,-17.7285213470459,"Unknown"
"5020558",378628,2026-05-02 02:46:13,28.7755012512207,-17.7286357879639,"Unknown"
"5020558",378628,2026-05-02 02:47:13,28.7755012512207,-17.7287445068359,"Unknown"
"5020558",378628,2026-05-02 02:48:13,28.7754516601562,-17.7288589477539,"Unknown"
"5020558",378628,2026-05-02 02:49:33,28.7754344940186,-17.7289848327637,"Unknown"
"5020558",378628,2026-05-02 02:50:12,28.7754459381104,-17.729024887085,"Unknown"
"5020558",378628,2026-05-02 02:51:12,28.775426864624,-17.729133605957,"Unknown"
"5020558",378628,2026-05-02 02:52:13,28.7754211425781,-17.7292213439941,"Unknown"
"5020558",378628,2026-05-02 02:53:12,28.7753944396973,-17.7292652130127,"Unknown"
"5020558",378628,2026-05-02 02:54:12,28.7753677368164,-17.729305267334,"Unknown"
"5020558",378628,2026-05-02 02:55:12,28.7753372192383,-17.7293682098389,"Unknown"
"5020558",378628,2026-05-02 02:56:12,28.7752819061279,-17.7294597625732,"Unknown"
"5020558",378628,2026-05-02 02:57:12,28.775260925293,-17.7294750213623,"Unknown"
"5020558",378628,2026-05-02 02:58:12,28.7752285003662,-17.7295379638672,"Unknown"
"5020558",378628,2026-05-02 02:59:12,28.7752075195312,-17.7295703887939,"Unknown"
"5020558",378628,2026-05-02 03:00:12,28.7751331329346,-17.7296161651611,"Unknown"
"5020558",378628,2026-05-02 03:01:12,28.7750949859619,-17.7296695709229,"Unknown"
"5020558",378628,2026-05-02 03:02:12,28.7750930786133,-17.729736328125,"Unknown"
"5020558",378628,2026-05-02 03:03:12,28.7750453948975,-17.7297706604004,"Unknown"
"5020558",378628,2026-05-02 03:04:12,28.7750015258789,-17.7298278808594,"Unknown"
"5020558",378628,2026-05-02 03:05:12,28.7749710083008,-17.7299194335938,"Unknown"
"5020558",378628,2026-05-02 03:06:12,28.7749328613281,-17.7300300598145,"Unknown"
"5020558",378628,2026-05-02 03:07:12,28.7748966217041,-17.7301044464111,"Unknown"
"5020558",378628,2026-05-02 03:08:12,28.7748394012451,-17.7302360534668,"Unknown"
"5020558",378628,2026-05-02 03:09:12,28.7748355865479,-17.7303466796875,"Unknown"
"5020558",378628,2026-05-02 03:10:12,28.7747688293457,-17.730411529541,"Unknown"
"5020558",378628,2026-05-02 03:11:12,28.7747249603271,-17.7305278778076,"Unknown"
"5020558",378628,2026-05-02 03:12:12,28.7747001647949,-17.7306060791016,"Unknown"
"5020558",378628,2026-05-02 03:13:12,28.7746849060059,-17.7306976318359,"Unknown"
"5020558",378628,2026-05-02 03:14:12,28.7746448516846,-17.7307968139648,"Unknown"
"5020558",378628,2026-05-02 03:15:12,28.7746124267578,-17.7308692932129,"Unknown"
"5020558",378628,2026-05-02 03:16:12,28.7745685577393,-17.7309074401855,"Unknown"
"5020558",378628,2026-05-02 03:17:12,28.7745494842529,-17.7309856414795,"Unknown"
"5020558",378628,2026-05-02 03:18:12,28.7745113372803,-17.7311038970947,"Unknown"
"5020558",378628,2026-05-02 03:19:12,28.774471282959,-17.7311954498291,"Unknown"
"5020558",378628,2026-05-02 03:20:12,28.7744178771973,-17.7312984466553,"Unknown"
"5020558",378628,2026-05-02 03:21:13,28.7744102478027,-17.731372833252,"Unknown"
"5020558",378628,2026-05-02 03:22:12,28.7743701934814,-17.7314624786377,"Unknown"
"5020558",378628,2026-05-02 03:23:12,28.7743530273438,-17.7315979003906,"Unknown"
"5020558",378628,2026-05-02 03:24:13,28.7743015289307,-17.7317314147949,"Unknown"
"5020558",378628,2026-05-02 03:25:12,28.7742652893066,-17.7318477630615,"Unknown"
"5020558",378628,2026-05-02 03:26:12,28.7742099761963,-17.7319507598877,"Unknown"
"5020558",378628,2026-05-02 03:27:12,28.774206161499,-17.7320289611816,"Unknown"
"5020558",378628,2026-05-02 03:28:12,28.7742080688477,-17.7320938110352,"Unknown"
"5020558",378628,2026-05-02 03:29:12,28.7741947174072,-17.732177734375,"Unknown"
"5020558",378628,2026-05-02 03:30:12,28.7741813659668,-17.7322883605957,"Unknown"
"5020558",378628,2026-05-02 03:31:12,28.7741470336914,-17.7323760986328,"Unknown"
"5020558",378628,2026-05-02 03:32:12,28.7741146087646,-17.7324733734131,"Unknown"
"5020558",378628,2026-05-02 03:33:12,28.7740859985352,-17.7325744628906,"Unknown"
"5020558",378628,2026-05-02 03:34:12,28.7740745544434,-17.7327308654785,"Unknown"
"5020558",378628,2026-05-02 03:35:12,28.7740497589111,-17.7328605651855,"Unknown"
"5020558",378628,2026-05-02 03:36:13,28.7740345001221,-17.7329616546631,"Unknown"
"5020558",378628,2026-05-02 03:37:12,28.7739887237549,-17.7330665588379,"Unknown"
"5020558",378628,2026-05-02 03:38:12,28.7739772796631,-17.7331829071045,"Unknown"
"5020558",378628,2026-05-02 03:39:12,28.7739772796631,-17.7332897186279,"Unknown"
"5020558",378628,2026-05-02 03:40:12,28.773946762085,-17.7334175109863,"Unknown"
"5020558",378628,2026-05-02 03:41:12,28.7739505767822,-17.733549118042,"Unknown"
"5020558",378628,2026-05-02 03:42:13,28.7739486694336,-17.7336463928223,"Unknown"
"5020558",378628,2026-05-02 03:43:13,28.7739677429199,-17.7337017059326,"Unknown"
"5020558",378628,2026-05-02 03:44:13,28.7739791870117,-17.7338027954102,"Unknown"
"5020558",378628,2026-05-02 03:45:13,28.7739524841309,-17.7338809967041,"Unknown"
"5020558",378628,2026-05-02 03:46:12,28.7739677429199,-17.7339992523193,"Unknown"
"5020558",378628,2026-05-02 03:47:13,28.7739562988281,-17.7341003417969,"Unknown"
"5020558",378628,2026-05-02 03:48:13,28.7739753723145,-17.7342147827148,"Unknown"
"5020558",378628,2026-05-02 03:49:12,28.7739791870117,-17.7343254089355,"Unknown"
"5020558",378628,2026-05-02 03:50:13,28.7739696502686,-17.7343978881836,"Unknown"
"5020558",378628,2026-05-02 03:51:15,28.7739639282227,-17.7344799041748,"Unknown"
"5020558",378628,2026-05-02 03:52:13,28.7740116119385,-17.7345542907715,"Unknown"
"5020558",378628,2026-05-02 03:53:12,28.7739753723145,-17.7346363067627,"Unknown"
"5020558",378628,2026-05-02 03:54:12,28.7739772796631,-17.7347602844238,"Unknown"
"5020558",378628,2026-05-02 03:55:12,28.7739944458008,-17.7348804473877,"Unknown"
"5020558",378628,2026-05-02 03:56:12,28.7740154266357,-17.7350063323975,"Unknown"
"5020558",378628,2026-05-02 03:57:12,28.7740097045898,-17.7351455688477,"Unknown"
"5020558",378628,2026-05-02 03:58:12,28.7740001678467,-17.735258102417,"Unknown"
"5020558",378628,2026-05-02 03:59:13,28.7740325927734,-17.7353401184082,"Unknown"
"5020558",378628,2026-05-02 04:00:12,28.7740497589111,-17.7354316711426,"Unknown"
"5020558",378628,2026-05-02 04:01:12,28.7741222381592,-17.736478805542,"Unknown"
"5020558",378628,2026-05-02 04:02:12,28.7742805480957,-17.7333393096924,"Unknown"
"5020558",378628,2026-05-02 04:03:13,28.7728157043457,-17.7354469299316,"Unknown"
"5020558",378628,2026-05-02 04:04:12,28.7739944458008,-17.7356510162354,"Unknown"
"5020558",378628,2026-05-02 04:05:12,28.7740020751953,-17.7356414794922,"Unknown"
"5020558",378628,2026-05-02 04:06:12,28.7739906311035,-17.7356872558594,"Unknown"
"5020558",378628,2026-05-02 04:07:13,28.7739639282227,-17.7357196807861,"Unknown"
"5020558",378628,2026-05-02 04:08:12,28.7739582061768,-17.7357578277588,"Unknown"
"5020558",378628,2026-05-02 04:09:12,28.7739429473877,-17.7358264923096,"Unknown"
"5020558",378628,2026-05-02 04:10:12,28.7739143371582,-17.7359161376953,"Unknown"
"5020558",378628,2026-05-02 04:11:12,28.7739524841309,-17.7360057830811,"Unknown"
"5020558",378628,2026-05-02 04:12:12,28.7739219665527,-17.7360401153564,"Unknown"
"5020558",378628,2026-05-02 04:13:12,28.7739219665527,-17.73610496521,"Unknown"
"5020558",378628,2026-05-02 04:14:12,28.7739410400391,-17.7361621856689,"Unknown"
"5020558",378628,2026-05-02 04:15:12,28.7739448547363,-17.7361812591553,"Unknown"
"5020558",378628,2026-05-02 04:16:12,28.7739410400391,-17.7362041473389,"Unknown"
"5020558",378628,2026-05-02 04:17:12,28.7739143371582,-17.7362041473389,"Unknown"
"5020558",378628,2026-05-02 04:18:12,28.7738914489746,-17.7362518310547,"Unknown"
"5020558",378628,2026-05-02 04:19:12,28.7738952636719,-17.7362403869629,"Unknown"
"5020558",378628,2026-05-02 04:20:12,28.773868560791,-17.7362785339355,"Unknown"
"5020558",378628,2026-05-02 04:21:12,28.7738513946533,-17.7363033294678,"Unknown"
"5020558",378628,2026-05-02 04:22:12,28.7738304138184,-17.7363567352295,"Unknown"
"5020558",378628,2026-05-02 04:23:13,28.7738418579102,-17.7363872528076,"Unknown"
"5020558",378628,2026-05-02 04:24:12,28.7738342285156,-17.7364044189453,"Unknown"
"5020558",378628,2026-05-02 04:25:12,28.7738666534424,-17.7364139556885,"Unknown"
"5020558",378628,2026-05-02 04:26:12,28.7738914489746,-17.7364311218262,"Unknown"
"5020558",378628,2026-05-02 04:27:15,28.7738971710205,-17.7364387512207,"Unknown"
"5020558",378628,2026-05-02 04:28:12,28.7738971710205,-17.7364501953125,"Unknown"
"5020558",378628,2026-05-02 04:29:12,28.7739334106445,-17.7364501953125,"Unknown"
"5020558",378628,2026-05-02 04:30:12,28.7739315032959,-17.7364959716797,"Unknown"
"5020558",378628,2026-05-02 04:31:12,28.7739391326904,-17.7365112304688,"Unknown"
"5020558",378628,2026-05-02 04:32:13,28.7739582061768,-17.7365436553955,"Unknown"
"5020558",378628,2026-05-02 04:33:12,28.7739772796631,-17.7366275787354,"Unknown"
"5020558",378628,2026-05-02 04:34:12,28.7739925384521,-17.7366828918457,"Unknown"
"5020558",378628,2026-05-02 04:35:12,28.7739944458008,-17.7367210388184,"Unknown"
"5020558",378628,2026-05-02 04:36:12,28.774019241333,-17.7367458343506,"Unknown"
"5020558",378628,2026-05-02 04:37:12,28.7740669250488,-17.7367553710938,"Unknown"
"5020558",378628,2026-05-02 04:38:15,28.7740802764893,-17.7367839813232,"Unknown"
"5020558",378628,2026-05-02 04:39:15,28.7740898132324,-17.7368087768555,"Unknown"
"5020558",378628,2026-05-02 04:40:29,28.7741146087646,-17.7368488311768,"Unknown"
"5020558",378628,2026-05-02 04:41:47,28.7741546630859,-17.7369480133057,"Unknown"
"5020558",378628,2026-05-02 04:51:12,28.7742671966553,-17.7373352050781,"Unknown"
"5020558",378628,2026-05-02 05:01:12,28.7746639251709,-17.7372970581055,"Unknown"
"5020558",378628,2026-05-02 05:11:12,28.7751731872559,-17.7370853424072,"Unknown"
"5020558",378628,2026-05-02 05:12:12,28.775218963623,-17.7370204925537,"Unknown"
"5020558",378628,2026-05-02 05:22:13,28.7754802703857,-17.7362480163574,"Unknown"
"5020558",378628,2026-05-02 05:32:12,28.7759609222412,-17.7359523773193,"Unknown"
"5020558",378628,2026-05-02 05:42:13,28.776330947876,-17.7355117797852,"Unknown"
"5020558",378628,2026-05-02 05:52:13,28.7798023223877,-17.7336502075195,"Unknown"
"5020558",378628,2026-05-02 05:53:12,28.7845344543457,-17.7338371276855,"Unknown"
"5020558",378628,2026-05-02 06:03:15,28.7621574401855,-17.689790725708,"Unknown"
"5020558",378628,2026-05-02 06:13:16,28.7604103088379,-17.6899890899658,"Unknown"
"5020558",378628,2026-05-02 06:23:15,28.7587661743164,-17.6863346099854,"Unknown"
"5020558",378628,2026-05-02 06:34:38,28.728515625,-17.624979019165,"Unknown"
"5020558",378628,2026-05-02 06:39:38,28.7174587249756,-17.5992050170898,"Unknown"
"5020558",378628,2026-05-02 06:49:38,28.6885185241699,-17.5460529327393,"Unknown"
"5020558",378628,2026-05-02 06:59:38,28.6670227050781,-17.4913482666016,"Unknown"
"5020558",378628,2026-05-02 07:08:14,28.6376972198486,-17.4427146911621,"Unknown"
"5020558",378628,2026-05-02 07:18:15,28.6022930145264,-17.3872680664062,"Unknown"
"5020558",378628,2026-05-02 07:28:16,28.5591869354248,-17.3401699066162,"Unknown"
"5020558",378628,2026-05-02 07:38:23,28.5464630126953,-17.3188056945801,"Unknown"
"5020558",378628,2026-05-02 07:49:33,28.5413818359375,-17.3226623535156,"Unknown"
"5020558",378628,2026-05-02 07:58:15,28.5435581207275,-17.3222579956055,"Unknown"
"5020558",378628,2026-05-02 08:09:03,28.540491104126,-17.3182716369629,"Unknown"
"5020558",378628,2026-05-02 08:13:13,28.5393142700195,-17.3136425018311,"Unknown"
"5020558",378628,2026-05-02 08:18:13,28.5357913970947,-17.3132133483887,"Unknown"
"5020558",378628,2026-05-02 08:23:12,28.534984588623,-17.3150939941406,"Unknown"
"5020558",378628,2026-05-02 08:28:12,28.5343704223633,-17.3163204193115,"Unknown"
"5020558",378628,2026-05-02 08:33:13,28.5252170562744,-17.3048648834229,"Unknown"
"5020558",378628,2026-05-02 08:38:13,28.5094108581543,-17.2787246704102,"Unknown"
"5020558",378628,2026-05-02 08:43:12,28.5035552978516,-17.2551765441895,"Unknown"
"5020558",378628,2026-05-02 08:48:12,28.5073261260986,-17.2557945251465,"Unknown"
"5020558",378628,2026-05-02 08:53:12,28.5097007751465,-17.2592582702637,"Unknown"
"5020558",378628,2026-05-02 08:58:13,28.5125274658203,-17.2608451843262,"Unknown"
"5020558",378628,2026-05-02 09:03:13,28.512996673584,-17.2632122039795,"Unknown"
"5020558",378628,2026-05-02 09:08:13,28.5123615264893,-17.2635517120361,"Unknown"
"5020558",378628,2026-05-02 09:13:13,28.5126266479492,-17.2649116516113,"Unknown"
"5020558",378628,2026-05-02 09:18:12,28.5154991149902,-17.2679080963135,"Unknown"
"5020558",378628,2026-05-02 09:23:15,28.5148658752441,-17.2688961029053,"Unknown"
"5020558",378628,2026-05-02 09:28:13,28.5140075683594,-17.2648067474365,"Unknown"
"5020558",378628,2026-05-02 09:33:17,28.5134620666504,-17.2656059265137,"Unknown"
"5020558",378628,2026-05-02 09:38:12,28.5129814147949,-17.2661514282227,"Unknown"
"5020558",378628,2026-05-02 09:43:13,28.5124378204346,-17.2666625976562,"Unknown"
"5020558",378628,2026-05-02 09:48:21,28.513427734375,-17.2469654083252,"Unknown"
"5020558",378628,2026-05-02 09:53:16,28.5166721343994,-17.2473545074463,"Unknown"
"5020558",378628,2026-05-02 09:58:13,28.5195255279541,-17.2496318817139,"Unknown"
"5020558",378628,2026-05-02 10:03:15,28.5235862731934,-17.2496318817139,"Unknown"
"5020558",378628,2026-05-02 10:08:16,28.524808883667,-17.2513427734375,"Unknown"
"5020558",378628,2026-05-02 10:13:14,28.5290279388428,-17.2502193450928,"Unknown"
"5020558",378628,2026-05-02 10:18:17,28.5303993225098,-17.2481136322021,"Unknown"
"5020558",378628,2026-05-02 10:23:33,28.5341682434082,-17.2465476989746,"Unknown"
"5020558",378628,2026-05-02 10:28:12,28.5341262817383,-17.2476005554199,"Unknown"
"5020558",378628,2026-05-02 10:33:12,28.5411491394043,-17.245174407959,"Unknown"
"5020558",378628,2026-05-02 10:38:12,28.544885635376,-17.2483215332031,"Unknown"
"5020558",378628,2026-05-02 10:43:12,28.5497055053711,-17.2466716766357,"Unknown"
"5020558",378628,2026-05-02 10:48:12,28.5545883178711,-17.2440872192383,"Unknown"
"5020558",378628,2026-05-02 10:53:12,28.5566349029541,-17.2442626953125,"Unknown"
"5020558",378628,2026-05-02 10:58:12,28.5605354309082,-17.2391014099121,"Unknown"
"5020558",378628,2026-05-02 11:03:12,28.5645236968994,-17.2377834320068,"Unknown"
"5020558",378628,2026-05-02 11:08:12,28.568489074707,-17.2348785400391,"Unknown"
"5020558",378628,2026-05-02 11:13:13,28.5684871673584,-17.2318210601807,"Unknown"
"5020558",378628,2026-05-02 11:18:12,28.572998046875,-17.2273426055908,"Unknown"
"5020558",378628,2026-05-02 11:23:13,28.5735015869141,-17.2253093719482,"Unknown"
"5020558",378628,2026-05-02 11:28:13,28.5770587921143,-17.2223262786865,"Unknown"
"5020558",378628,2026-05-02 11:33:12,28.5769023895264,-17.2226276397705,"Unknown"
"5020558",378628,2026-05-02 11:38:13,28.5768508911133,-17.2235221862793,"Unknown"
"5020558",378628,2026-05-02 11:43:12,28.5768718719482,-17.2243824005127,"Unknown"
"5020558",378628,2026-05-02 11:48:13,28.5768718719482,-17.2251720428467,"Unknown"
"5020558",378628,2026-05-02 11:53:13,28.576847076416,-17.2259750366211,"Unknown"
"5020558",378628,2026-05-02 11:58:13,28.5768013000488,-17.2267303466797,"Unknown"
"5020558",378628,2026-05-02 12:03:13,28.5768089294434,-17.2274913787842,"Unknown"
"5020558",378628,2026-05-02 12:08:15,28.5769214630127,-17.2281494140625,"Unknown"
"5020558",378628,2026-05-02 12:13:13,28.5770130157471,-17.2286911010742,"Unknown"
"5020558",378628,2026-05-02 12:18:13,28.5771312713623,-17.2292251586914,"Unknown"
"5020558",378628,2026-05-02 12:23:15,28.5772266387939,-17.2298603057861,"Unknown"
"5020558",378628,2026-05-02 12:28:14,28.577335357666,-17.2305335998535,"Unknown"
"5020558",378628,2026-05-02 12:33:16,28.5775012969971,-17.2312088012695,"Unknown"
"5020558",378628,2026-05-02 12:38:17,28.577657699585,-17.2319202423096,"Unknown"
"5020558",378628,2026-05-02 12:43:16,28.577953338623,-17.2326583862305,"Unknown"
"5020558",378628,2026-05-02 12:48:13,28.5780162811279,-17.2333431243896,"Unknown"
"5020558",378628,2026-05-02 12:53:22,28.5781726837158,-17.2340698242188,"Unknown"
"5020558",378628,2026-05-02 12:58:15,28.5783252716064,-17.2346496582031,"Unknown"
"5020558",378628,2026-05-02 13:03:18,28.5784034729004,-17.2352600097656,"Unknown"
"5020558",378628,2026-05-02 13:08:16,28.5786533355713,-17.2358818054199,"Unknown"
"5020558",378628,2026-05-02 13:13:33,28.5788288116455,-17.2366199493408,"Unknown"
"5020558",378628,2026-05-02 13:18:12,28.5790157318115,-17.2373085021973,"Unknown"
"5020558",378628,2026-05-02 13:23:13,28.5793075561523,-17.2380905151367,"Unknown"
"5020558",378628,2026-05-02 13:28:12,28.5797805786133,-17.2387809753418,"Unknown"
"5020558",378628,2026-05-02 13:33:12,28.5800018310547,-17.2393436431885,"Unknown"
"5020558",378628,2026-05-02 13:38:13,28.580322265625,-17.2400398254395,"Unknown"
"5020558",378628,2026-05-02 13:43:13,28.5805778503418,-17.2407417297363,"Unknown"
"5020558",378628,2026-05-02 13:48:13,28.5809173583984,-17.2413902282715,"Unknown"
"5020558",378628,2026-05-02 13:53:13,28.581428527832,-17.2420349121094,"Unknown"
"5020558",378628,2026-05-02 13:58:13,28.5817584991455,-17.2425727844238,"Unknown"
"5020558",378628,2026-05-02 14:03:13,28.5820808410645,-17.2432994842529,"Unknown"
"5020558",378628,2026-05-02 14:08:13,28.5824394226074,-17.2439212799072,"Unknown"
"5020558",378628,2026-05-02 14:15:57,28.5829620361328,-17.2447490692139,"Unknown"
"5020558",378628,2026-05-02 15:15:57,28.5857086181641,-17.2535934448242,"Unknown"
"5020558",378628,2026-05-02 15:21:17,28.5859088897705,-17.2541732788086,"Unknown"
"5020558",378628,2026-05-02 15:25:57,28.5860919952393,-17.2546653747559,"Unknown"
"5020558",378628,2026-05-02 15:30:57,28.5862140655518,-17.2552013397217,"Unknown"
"5020558",378628,2026-05-02 15:35:57,28.5863380432129,-17.2557582855225,"Unknown"
"5020558",378628,2026-05-02 15:40:57,28.5865459442139,-17.2563648223877,"Unknown"
"5020558",378628,2026-05-02 15:45:57,28.5867099761963,-17.2569103240967,"Unknown"
"5020558",378628,2026-05-02 15:50:59,28.5869026184082,-17.2574443817139,"Unknown"
"5020558",378628,2026-05-02 15:55:56,28.5870761871338,-17.2579612731934,"Unknown"
"5020558",378628,2026-05-02 16:01:26,28.5872402191162,-17.2585563659668,"Unknown"
"5020558",378628,2026-05-02 16:05:57,28.5751419067383,-17.2550888061523,"Unknown"
"5020558",378628,2026-05-02 16:10:57,28.5700664520264,-17.2627429962158,"Unknown"
"5020558",378628,2026-05-02 16:15:56,28.5661010742188,-17.2686424255371,"Unknown"
"5020558",378628,2026-05-02 16:20:57,28.5608978271484,-17.2770442962646,"Unknown"
"5020558",378628,2026-05-02 16:25:56,28.5558586120605,-17.2845840454102,"Unknown"
"5020558",378628,2026-05-02 16:30:59,28.551383972168,-17.2914447784424,"Unknown"
"5020558",378628,2026-05-02 16:35:57,28.5479106903076,-17.2985744476318,"Unknown"
"5020558",378628,2026-05-02 16:40:56,28.5448112487793,-17.3043670654297,"Unknown"
"5020558",378628,2026-05-02 16:46:00,28.5389823913574,-17.3140735626221,"Unknown"
"5020558",378628,2026-05-02 16:50:58,28.5349674224854,-17.3179264068604,"Unknown"
"5020558",378628,2026-05-02 16:55:59,28.5274868011475,-17.324254989624,"Unknown"
"5020558",378628,2026-05-02 17:00:59,28.5268287658691,-17.324405670166,"Unknown"
"5020558",378628,2026-05-02 17:06:00,28.526704788208,-17.3247661590576,"Unknown"
"5020558",378628,2026-05-02 17:10:59,28.5209770202637,-17.3269882202148,"Unknown"
"5020558",378628,2026-05-02 17:15:59,28.5209312438965,-17.3272399902344,"Unknown"
"5020558",378628,2026-05-02 17:20:59,28.5208473205566,-17.3273525238037,"Unknown"
"5020558",378628,2026-05-02 17:26:27,28.5185279846191,-17.3207988739014,"Unknown"
"5020558",378628,2026-05-02 17:30:56,28.5173892974854,-17.3184490203857,"Unknown"
"5020558",378628,2026-05-02 17:35:57,28.5151863098145,-17.3153381347656,"Unknown"
"5020558",378628,2026-05-02 17:40:57,28.5113716125488,-17.3132152557373,"Unknown"
"5020558",378628,2026-05-02 17:45:57,28.5089855194092,-17.3094673156738,"Unknown"
"5020558",378628,2026-05-02 17:50:57,28.5061664581299,-17.3050003051758,"Unknown"
"5020558",378628,2026-05-02 17:55:57,28.5044384002686,-17.2995834350586,"Unknown"
"5020558",378628,2026-05-02 18:00:57,28.5031414031982,-17.3005046844482,"Unknown"
"5020558",378628,2026-05-02 18:05:57,28.5167484283447,-17.3307189941406,"Unknown"
"5020558",378628,2026-05-02 18:11:09,28.5288848876953,-17.3646030426025,"Unknown"
"5020558",378628,2026-05-02 18:16:09,28.5319042205811,-17.3975009918213,"Unknown"
"5020558",378628,2026-05-02 18:21:09,28.5412120819092,-17.433708190918,"Unknown"
"5020558",378628,2026-05-02 18:26:09,28.5498046875,-17.4678077697754,"Unknown"
"5020558",378628,2026-05-02 18:31:09,28.5597515106201,-17.5025863647461,"Unknown"
"5020558",378628,2026-05-02 18:36:09,28.568775177002,-17.535530090332,"Unknown"
"5020558",378628,2026-05-02 18:41:09,28.5763816833496,-17.5676956176758,"Unknown"
"5020558",378628,2026-05-02 18:46:08,28.584888458252,-17.6016502380371,"Unknown"
"5020558",378628,2026-05-02 18:51:09,28.5921249389648,-17.6290512084961,"Unknown"
"5020558",378628,2026-05-02 18:56:09,28.6075305938721,-17.6617622375488,"Unknown"
"5020558",378628,2026-05-02 19:01:08,28.6243896484375,-17.6921272277832,"Unknown"
"5020558",378628,2026-05-02 19:06:08,28.6342220306396,-17.7245769500732,"Unknown"
"5020558",378628,2026-05-02 19:11:13,28.6425189971924,-17.7370777130127,"Unknown"
"5020558",378628,2026-05-02 19:16:15,28.6428966522217,-17.7367858886719,"Unknown"
"5020558",378628,2026-05-02 19:17:33,28.6430206298828,-17.736701965332,"Unknown"
"5020558",378628,2026-05-02 19:18:09,28.6431102752686,-17.7367286682129,"Unknown"
"5020558",378628,2026-05-02 19:19:09,28.643217086792,-17.7367076873779,"Unknown"
"5020558",378628,2026-05-02 19:20:08,28.6433124542236,-17.7366485595703,"Unknown"
"5020558",378628,2026-05-02 19:21:08,28.6433887481689,-17.7366008758545,"Unknown"
"5020558",378628,2026-05-02 19:22:09,28.6435089111328,-17.7365245819092,"Unknown"
"5020558",378628,2026-05-02 19:23:09,28.6436328887939,-17.7365055084229,"Unknown"
"5020558",378628,2026-05-02 19:24:09,28.6437435150146,-17.7364521026611,"Unknown"
"5020558",378628,2026-05-02 19:25:09,28.6439075469971,-17.7363758087158,"Unknown"
"5020558",378628,2026-05-02 19:26:10,28.644079208374,-17.736349105835,"Unknown"
"5020558",378628,2026-05-02 19:27:10,28.6442623138428,-17.7363185882568,"Unknown"
"5020558",378628,2026-05-02 19:28:11,28.6444263458252,-17.7362976074219,"Unknown"
"5020558",378628,2026-05-02 19:29:09,28.6445960998535,-17.7362632751465,"Unknown"
"5020558",378628,2026-05-02 19:30:09,28.6447830200195,-17.7362041473389,"Unknown"
"5020558",378628,2026-05-02 19:31:10,28.6449203491211,-17.7361221313477,"Unknown"
"5020558",378628,2026-05-02 19:32:09,28.6451110839844,-17.7360515594482,"Unknown"
"5020558",378628,2026-05-02 19:33:10,28.6452484130859,-17.7359466552734,"Unknown"
"5020558",378628,2026-05-02 19:34:11,28.6453723907471,-17.7358360290527,"Unknown"
"5020558",378628,2026-05-02 19:35:12,28.6455497741699,-17.735782623291,"Unknown"
"5020558",378628,2026-05-02 19:36:09,28.645694732666,-17.7356853485107,"Unknown"
"5020558",378628,2026-05-02 19:37:09,28.6458415985107,-17.7356014251709,"Unknown"
"5020558",378628,2026-05-02 19:38:10,28.6459560394287,-17.7356052398682,"Unknown"
"5020558",378628,2026-05-02 19:39:08,28.6461086273193,-17.73557472229,"Unknown"
"5020558",378628,2026-05-02 19:40:09,28.6471939086914,-17.7359085083008,"Unknown"
"5020558",378628,2026-05-02 19:41:09,28.6514358520508,-17.7359657287598,"Unknown"
"5020558",378628,2026-05-02 19:42:11,28.6567802429199,-17.7371845245361,"Unknown"
"5020558",378628,2026-05-02 19:43:11,28.6616840362549,-17.7387847900391,"Unknown"
"5020558",378628,2026-05-02 19:44:12,28.6661529541016,-17.7369651794434,"Unknown"
"5020558",378628,2026-05-02 19:45:11,28.6703052520752,-17.7348251342773,"Unknown"
"5020558",378628,2026-05-02 19:46:09,28.6744766235352,-17.736120223999,"Unknown"
"5020558",378628,2026-05-02 19:47:09,28.6787433624268,-17.7392024993896,"Unknown"
"5020558",378628,2026-05-02 19:48:10,28.6835079193115,-17.7403831481934,"Unknown"
"5020558",378628,2026-05-02 19:49:12,28.6889152526855,-17.7399883270264,"Unknown"
"5020558",378628,2026-05-02 19:50:10,28.6931686401367,-17.7377853393555,"Unknown"
"5020558",378628,2026-05-02 19:51:08,28.6960258483887,-17.7361869812012,"Unknown"
"5020558",378628,2026-05-02 19:52:11,28.6961326599121,-17.7361583709717,"Unknown"
"5020558",378628,2026-05-02 19:53:11,28.6962699890137,-17.7361164093018,"Unknown"
"5020558",378628,2026-05-02 19:54:10,28.6963787078857,-17.7360439300537,"Unknown"
"5020558",378628,2026-05-02 19:55:11,28.6964797973633,-17.7359619140625,"Unknown"
"5020558",378628,2026-05-02 19:56:09,28.6965999603271,-17.7360725402832,"Unknown"
"5020558",378628,2026-05-02 19:57:09,28.6983852386475,-17.7359161376953,"Unknown"
"5020558",378628,2026-05-02 19:58:11,28.6984596252441,-17.7359561920166,"Unknown"
"5020558",378628,2026-05-02 19:59:31,28.6985454559326,-17.7359027862549,"Unknown"
"5020558",378628,2026-05-02 20:00:08,28.6986293792725,-17.7358932495117,"Unknown"
"5020558",378628,2026-05-02 20:01:09,28.6986827850342,-17.7358665466309,"Unknown"
"5020558",378628,2026-05-02 20:02:09,28.6987953186035,-17.7358417510986,"Unknown"
"5020558",378628,2026-05-02 20:03:09,28.6988639831543,-17.7358093261719,"Unknown"
"5020558",378628,2026-05-02 20:04:09,28.6989860534668,-17.7357616424561,"Unknown"
"5020558",378628,2026-05-02 20:05:09,28.699089050293,-17.7357349395752,"Unknown"
"5020558",378628,2026-05-02 20:06:09,28.7010402679443,-17.7345523834229,"Unknown"
"5020558",378628,2026-05-02 20:07:08,28.7049350738525,-17.7341976165771,"Unknown"
"5020558",378628,2026-05-02 20:08:09,28.7096996307373,-17.733377456665,"Unknown"
"5020558",378628,2026-05-02 20:09:09,28.7119483947754,-17.7288303375244,"Unknown"
"5020558",378628,2026-05-02 20:10:08,28.7119884490967,-17.7287769317627,"Unknown"
"5020558",378628,2026-05-02 20:11:08,28.7119827270508,-17.7287292480469,"Unknown"
"5020558",378628,2026-05-02 20:12:08,28.7120685577393,-17.7286796569824,"Unknown"
"5020558",378628,2026-05-02 20:13:08,28.71217918396,-17.7286396026611,"Unknown"
"5020558",378628,2026-05-02 20:14:09,28.7123203277588,-17.7286224365234,"Unknown"
"5020558",378628,2026-05-02 20:15:08,28.7124900817871,-17.7285976409912,"Unknown"
"5020558",378628,2026-05-02 20:16:08,28.7126312255859,-17.7285442352295,"Unknown"
"5020558",378628,2026-05-02 20:17:09,28.7128009796143,-17.7285003662109,"Unknown"
"5020558",378628,2026-05-02 20:18:08,28.7129440307617,-17.7284469604492,"Unknown"
"5020558",378628,2026-05-02 20:19:09,28.71311378479,-17.7284488677979,"Unknown"
"5020558",378628,2026-05-02 20:20:08,28.7132377624512,-17.7284049987793,"Unknown"
"5020558",378628,2026-05-02 20:21:08,28.7133712768555,-17.7283725738525,"Unknown"
"5020558",378628,2026-05-02 20:22:09,28.7135124206543,-17.7283325195312,"Unknown"
"5020558",378628,2026-05-02 20:23:09,28.7136535644531,-17.7282695770264,"Unknown"
"5020558",378628,2026-05-02 20:24:08,28.7138080596924,-17.7282199859619,"Unknown"
"5020558",378628,2026-05-02 20:25:08,28.7139492034912,-17.7281723022461,"Unknown"
"5020558",378628,2026-05-02 20:26:08,28.7140636444092,-17.7280864715576,"Unknown"
"5020558",378628,2026-05-02 20:27:08,28.7142314910889,-17.7280044555664,"Unknown"
"5020558",378628,2026-05-02 20:28:09,28.7155666351318,-17.7276363372803,"Unknown"
"5020558",378628,2026-05-02 20:29:08,28.7192039489746,-17.723388671875,"Unknown"
"5020558",378628,2026-05-02 20:30:09,28.7227153778076,-17.7220878601074,"Unknown"
"5020558",378628,2026-05-02 20:35:08,28.7230129241943,-17.7219181060791,"Unknown"
"5020558",378628,2026-05-02 20:40:09,28.7232894897461,-17.7216529846191,"Unknown"
"5020558",378628,2026-05-02 20:45:08,28.7236270904541,-17.7215194702148,"Unknown"
"5020558",378628,2026-05-02 20:50:09,28.7148609161377,-17.731575012207,"Unknown"
"5020558",378628,2026-05-02 20:55:09,28.7034168243408,-17.7425174713135,"Unknown"
"5020558",378628,2026-05-02 20:56:09,28.7009582519531,-17.7470016479492,"Unknown"
"5020558",378628,2026-05-02 20:57:09,28.7000179290771,-17.7496089935303,"Unknown"
"5020558",378628,2026-05-02 20:58:08,28.7004508972168,-17.7499771118164,"Unknown"
"5020558",378628,2026-05-02 20:59:09,28.6998596191406,-17.7504844665527,"Unknown"
"5020558",378628,2026-05-02 21:00:09,28.6987285614014,-17.7507171630859,"Unknown"
"5020558",378628,2026-05-02 21:01:09,28.697172164917,-17.751049041748,"Unknown"
"5020558",378628,2026-05-02 21:02:09,28.6945667266846,-17.7509784698486,"Unknown"
"5020558",378628,2026-05-02 21:03:17,28.6948585510254,-17.750919342041,"Unknown"
"5020558",378628,2026-05-02 21:04:14,28.6944198608398,-17.7508201599121,"Unknown"
"5020558",378628,2026-05-02 21:05:09,28.6977291107178,-17.7561779022217,"Unknown"
"5020558",378628,2026-05-02 21:06:09,28.7006092071533,-17.7589893341064,"Unknown"
"5020558",378628,2026-05-02 21:07:09,28.7009220123291,-17.7659740447998,"Unknown"
"5020558",378628,2026-05-02 21:08:08,28.7003536224365,-17.7722549438477,"Unknown"
"5020558",378628,2026-05-02 21:09:09,28.7036666870117,-17.7783985137939,"Unknown"
"5020558",378628,2026-05-02 21:10:09,28.702995300293,-17.7822437286377,"Unknown"
"5020558",378628,2026-05-02 21:11:09,28.7004833221436,-17.7868633270264,"Unknown"
"5020558",378628,2026-05-02 21:12:09,28.703685760498,-17.7875957489014,"Unknown"
"5020558",378628,2026-05-02 21:13:09,28.7076930999756,-17.7936210632324,"Unknown"
"5020558",378628,2026-05-02 21:14:47,28.7086753845215,-17.7960166931152,"Unknown"
"5020558",378628,2026-05-02 21:15:09,28.708158493042,-17.7963485717773,"Unknown"
"5020558",378628,2026-05-02 21:16:13,28.7088680267334,-17.7969989776611,"Unknown"
"5020558",378628,2026-05-02 21:17:11,28.7089099884033,-17.7965278625488,"Unknown"
"5020558",378628,2026-05-02 21:18:09,28.7083129882812,-17.7958946228027,"Unknown"
"5020558",378628,2026-05-02 21:19:09,28.7079944610596,-17.7954559326172,"Unknown"
"5020558",378628,2026-05-02 21:20:09,28.7082214355469,-17.7960567474365,"Unknown"
"5020558",378628,2026-05-02 21:21:09,28.7084007263184,-17.7960739135742,"Unknown"
"5020558",378628,2026-05-02 21:22:09,28.7088260650635,-17.7971458435059,"Unknown"
"5020558",378628,2026-05-02 21:23:09,28.7085113525391,-17.7972316741943,"Unknown"
"5020558",378628,2026-05-02 21:24:09,28.7082710266113,-17.7960166931152,"Unknown"
"5020558",378628,2026-05-02 21:25:09,28.7084350585938,-17.7968578338623,"Unknown"
"5020558",378628,2026-05-02 21:26:09,28.7080917358398,-17.7961864471436,"Unknown"
"5020558",378628,2026-05-02 21:27:09,28.7080631256104,-17.7958202362061,"Unknown"
"5020558",378628,2026-05-02 21:28:10,28.7086048126221,-17.7966480255127,"Unknown"
"5020558",378628,2026-05-02 21:29:18,28.7098255157471,-17.7974414825439,"Unknown"
"5020558",378628,2026-05-02 21:30:09,28.7094268798828,-17.7973327636719,"Unknown"
"5020558",378628,2026-05-02 21:31:15,28.7087726593018,-17.7965145111084,"Unknown"
"5020558",378628,2026-05-02 21:32:33,28.7083778381348,-17.7969951629639,"Unknown"
"5020558",378628,2026-05-02 21:33:09,28.7081718444824,-17.795581817627,"Unknown"
"5020558",378628,2026-05-02 21:34:09,28.7080001831055,-17.7957000732422,"Unknown"
"5020558",378628,2026-05-02 21:35:09,28.7080593109131,-17.7952556610107,"Unknown"
"5020558",378628,2026-05-02 21:36:08,28.7080516815186,-17.7955455780029,"Unknown"
"5020558",378628,2026-05-02 21:37:16,28.7081089019775,-17.7956123352051,"Unknown"
"5020558",378628,2026-05-02 21:38:08,28.708122253418,-17.7958946228027,"Unknown"
"5020558",378628,2026-05-02 21:39:08,28.7081813812256,-17.7963886260986,"Unknown"
"5020558",378628,2026-05-02 21:40:28,28.7090606689453,-17.7968254089355,"Unknown"
"5020558",378628,2026-05-02 21:42:34,28.7083110809326,-17.7971153259277,"Unknown"
"5020558",378628,2026-05-02 21:42:47,28.7082977294922,-17.7971172332764,"Unknown"
"5020558",378628,2026-05-02 21:44:53,28.7083034515381,-17.7971076965332,"Unknown"
"5020558",378628,2026-05-02 21:44:54,28.7083034515381,-17.7971076965332,"Unknown"
"5020558",378628,2026-05-02 21:47:22,28.7083129882812,-17.7971286773682,"Unknown"
"5020558",378628,2026-05-02 21:48:52,28.7082939147949,-17.7971115112305,"Unknown"
"5020558",378628,2026-05-02 21:50:22,28.7081985473633,-17.7971267700195,"Unknown"
"5020558",378628,2026-05-02 21:51:52,28.7081565856934,-17.7971611022949,"Unknown"
"5020558",378628,2026-05-02 21:53:22,28.7082977294922,-17.7971076965332,"Unknown"
"5020558",378628,2026-05-02 21:54:52,28.7083549499512,-17.7970504760742,"Unknown"
"5020558",378628,2026-05-02 21:56:22,28.7083625793457,-17.79709815979,"Unknown"
"5020558",378628,2026-05-02 21:57:52,28.7084426879883,-17.7970924377441,"Unknown"
"5020558",378628,2026-05-02 21:59:22,28.7084178924561,-17.7970714569092,"Unknown"
"5020558",378628,2026-05-02 22:00:52,28.7083034515381,-17.797046661377,"Unknown"
"5020558",378628,2026-05-02 22:02:22,28.7083129882812,-17.7970352172852,"Unknown"
"5020558",378628,2026-05-02 22:12:22,28.7083606719971,-17.797025680542,"Unknown"
"5020558",378628,2026-05-02 22:13:52,28.7083530426025,-17.7970066070557,"Unknown"
"5020558",378628,2026-05-02 22:23:28,28.708345413208,-17.7970447540283,"Unknown"
"5020558",378628,2026-05-02 22:23:49,28.7083721160889,-17.7970314025879,"Unknown"
"5020558",378628,2026-05-02 22:33:56,28.7083435058594,-17.7970390319824,"Unknown"
"5020558",378628,2026-05-02 22:35:03,28.7083396911621,-17.7970428466797,"Unknown"
"5020558",378628,2026-05-02 22:44:50,28.7083644866943,-17.7970371246338,"Unknown"
"5020558",378628,2026-05-02 22:54:36,28.7083148956299,-17.7970333099365,"Unknown"
"5020558",378628,2026-05-02 23:04:51,28.7083683013916,-17.7970390319824,"Unknown"
"5020558",378628,2026-05-02 23:15:57,28.7081413269043,-17.7970409393311,"Unknown"
"5020558",378628,2026-05-02 23:25:57,28.7083072662354,-17.7970962524414,"Unknown"
"5020558",378628,2026-05-02 23:35:57,28.7083053588867,-17.7970275878906,"Unknown"
"5020558",378628,2026-05-03 01:55:57,28.7082653045654,-17.7970485687256,"Unknown"
"5020558",378628,2026-05-03 02:05:57,28.7082996368408,-17.7970390319824,"Unknown"
"5020558",378628,2026-05-03 02:25:57,28.7083015441895,-17.7970600128174,"Unknown"
"5020558",378628,2026-05-03 02:35:57,28.7080879211426,-17.7970409393311,"Unknown"
"5020558",378628,2026-05-03 04:25:57,28.7083148956299,-17.7970352172852,"Unknown"
"5020558",378628,2026-05-03 05:45:03,28.7424144744873,-17.7103443145752,"Unknown"
"5020558",378628,2026-05-03 06:05:03,28.765043258667,-17.7234725952148,"Unknown"
"5020558",378628,2026-05-03 07:04:33,28.7700290679932,-17.5427150726318,"Unknown"
"5020558",378628,2026-05-03 08:05:03,28.7341232299805,-17.4806098937988,"Unknown"
"5020558",378628,2026-05-03 09:04:32,28.6757717132568,-17.3142261505127,"Unknown"
"5020558",378628,2026-05-03 09:14:32,28.675989151001,-17.2653579711914,"Unknown"
"5020558",378628,2026-05-03 09:24:32,28.6565761566162,-17.2120513916016,"Unknown"
"5020558",378628,2026-05-03 09:29:31,28.6578235626221,-17.2024345397949,"Unknown"
"5020558",378628,2026-05-03 09:34:34,28.664098739624,-17.1967086791992,"Unknown"
"5020558",378628,2026-05-03 09:39:32,28.6694316864014,-17.1899852752686,"Unknown"
"5020558",378628,2026-05-03 09:44:39,28.6757678985596,-17.1834373474121,"Unknown"
"5020558",378628,2026-05-03 09:49:33,28.6836242675781,-17.1782512664795,"Unknown"
"5020558",378628,2026-05-03 09:54:47,28.6872406005859,-17.1711502075195,"Unknown"
"5020558",378628,2026-05-03 09:59:34,28.6957492828369,-17.1662292480469,"Unknown"
"5020558",378628,2026-05-03 10:04:34,28.7007656097412,-17.1647605895996,"Unknown"
"5020558",378628,2026-05-03 10:09:37,28.7009143829346,-17.1658401489258,"Unknown"
"5020558",378628,2026-05-03 10:14:34,28.7008228302002,-17.1669673919678,"Unknown"
"5020558",378628,2026-05-03 10:20:03,28.7007904052734,-17.168140411377,"Unknown"
"5020558",378628,2026-05-03 10:24:31,28.7008438110352,-17.1690979003906,"Unknown"
"5020558",378628,2026-05-03 10:29:31,28.7009124755859,-17.170223236084,"Unknown"
"5020558",378628,2026-05-03 10:34:31,28.7010078430176,-17.1713352203369,"Unknown"
"5020558",378628,2026-05-03 10:39:32,28.7010307312012,-17.1723232269287,"Unknown"
"5020558",378628,2026-05-03 10:44:32,28.7007083892822,-17.1731128692627,"Unknown"
"5020558",378628,2026-05-03 10:49:31,28.7009181976318,-17.1742153167725,"Unknown"
"5020558",378628,2026-05-03 10:54:32,28.7045288085938,-17.1786060333252,"Unknown"
"5020558",378628,2026-05-03 10:59:31,28.710994720459,-17.1760692596436,"Unknown"
"5020558",378628,2026-05-03 11:04:32,28.7169303894043,-17.1715469360352,"Unknown"
"5020558",378628,2026-05-03 11:09:31,28.7238693237305,-17.1672325134277,"Unknown"
"5020558",378628,2026-05-03 11:14:31,28.7273826599121,-17.1666679382324,"Unknown"
"5020558",378628,2026-05-03 11:19:31,28.7278804779053,-17.1676006317139,"Unknown"
"5020558",378628,2026-05-03 11:24:32,28.7281227111816,-17.1684608459473,"Unknown"
"5020558",378628,2026-05-03 11:29:32,28.7284240722656,-17.16943359375,"Unknown"
"5020558",378628,2026-05-03 11:34:32,28.728702545166,-17.1703510284424,"Unknown"
"5020558",378628,2026-05-03 11:39:32,28.7290592193604,-17.1713066101074,"Unknown"
"5020558",378628,2026-05-03 11:44:31,28.7292728424072,-17.1721820831299,"Unknown"
"5020558",378628,2026-05-03 11:51:24,28.7295951843262,-17.1733627319336,"Unknown"
"5020558",378628,2026-05-03 11:56:24,28.7299194335938,-17.1742267608643,"Unknown"
"5020558",378628,2026-05-03 12:01:25,28.7303295135498,-17.175220489502,"Unknown"
"5020558",378628,2026-05-03 12:06:24,28.7306022644043,-17.1761684417725,"Unknown"
"5020558",378628,2026-05-03 12:11:24,28.7310009002686,-17.1772346496582,"Unknown"
"5020558",378628,2026-05-03 12:16:24,28.7313823699951,-17.1780796051025,"Unknown"
"5020558",378628,2026-05-03 12:21:24,28.7318382263184,-17.1789283752441,"Unknown"
"5020558",378628,2026-05-03 12:26:24,28.7321910858154,-17.1797523498535,"Unknown"
"5020558",378628,2026-05-03 12:31:25,28.7325668334961,-17.1805076599121,"Unknown"
"5020558",378628,2026-05-03 12:36:24,28.7330436706543,-17.1813983917236,"Unknown"
"5020558",378628,2026-05-03 12:41:25,28.7335872650146,-17.1821727752686,"Unknown"
"5020558",378628,2026-05-03 12:46:25,28.7341384887695,-17.182933807373,"Unknown"
"5020558",378628,2026-05-03 12:51:26,28.7347106933594,-17.1837482452393,"Unknown"
"5020558",378628,2026-05-03 12:56:27,28.7352409362793,-17.1845149993896,"Unknown"
"5020558",378628,2026-05-03 13:01:25,28.7360687255859,-17.1875839233398,"Unknown"
"5020558",378628,2026-05-03 13:07:22,28.7295417785645,-17.1914482116699,"Unknown"
"5020558",378628,2026-05-03 13:11:24,28.7280006408691,-17.1924018859863,"Unknown"
"5020558",378628,2026-05-03 13:16:26,28.7252235412598,-17.1905574798584,"Unknown"
"5020558",378628,2026-05-03 13:21:25,28.7244701385498,-17.189697265625,"Unknown"
"5020558",378628,2026-05-03 13:26:26,28.7219715118408,-17.1886310577393,"Unknown"
"5020558",378628,2026-05-03 13:31:28,28.7198696136475,-17.1835517883301,"Unknown"
"5020558",378628,2026-05-03 13:36:47,28.7159748077393,-17.1818046569824,"Unknown"
"5020558",378628,2026-05-03 13:41:26,28.7109966278076,-17.1784687042236,"Unknown"
"5020558",378628,2026-05-03 13:46:23,28.7066097259521,-17.1802730560303,"Unknown"
"5020558",378628,2026-05-03 13:51:24,28.700626373291,-17.1822338104248,"Unknown"
"5020558",378628,2026-05-03 13:56:24,28.6935768127441,-17.1819324493408,"Unknown"
"5020558",378628,2026-05-03 14:01:24,28.6885929107666,-17.1850299835205,"Unknown"
"5020558",378628,2026-05-03 14:06:26,28.6829071044922,-17.1855182647705,"Unknown"
"5020558",378628,2026-05-03 14:11:24,28.6775245666504,-17.1858100891113,"Unknown"
"5020558",378628,2026-05-03 14:16:24,28.6741104125977,-17.1840476989746,"Unknown"
"5020558",378628,2026-05-03 14:21:28,28.667989730835,-17.1824836730957,"Unknown"
"5020558",378628,2026-05-03 14:26:29,28.6620998382568,-17.1832218170166,"Unknown"
"5020558",378628,2026-05-03 14:31:27,28.6554527282715,-17.1848640441895,"Unknown"
"5020558",378628,2026-05-03 14:36:27,28.6510581970215,-17.18869972229,"Unknown"
"5020558",378628,2026-05-03 14:41:30,28.6492443084717,-17.1918716430664,"Unknown"
"5020558",378628,2026-05-03 14:46:25,28.6471977233887,-17.1946887969971,"Unknown"
"5020558",378628,2026-05-03 14:51:27,28.6478042602539,-17.1953258514404,"Unknown"
"5020558",378628,2026-05-03 14:56:27,28.6483936309814,-17.1960258483887,"Unknown"
"5020558",378628,2026-05-03 15:01:28,28.6489658355713,-17.19677734375,"Unknown"
"5020558",378628,2026-05-03 15:06:25,28.6417598724365,-17.20436668396,"Unknown"
"5020558",378628,2026-05-03 15:11:25,28.6414699554443,-17.2245025634766,"Unknown"
"5020558",378628,2026-05-03 15:16:47,28.6445007324219,-17.2338848114014,"Unknown"
"5020558",378628,2026-05-03 15:21:25,28.6470680236816,-17.2316513061523,"Unknown"
"5020558",378628,2026-05-03 15:26:26,28.6503562927246,-17.2295360565186,"Unknown"
"5020558",378628,2026-05-03 15:31:24,28.6531829833984,-17.2274971008301,"Unknown"
"5020558",378628,2026-05-03 15:36:24,28.656759262085,-17.2266464233398,"Unknown"
"5020558",378628,2026-05-03 15:41:27,28.6576671600342,-17.2271003723145,"Unknown"
"5020558",378628,2026-05-03 15:51:26,28.6591758728027,-17.2281608581543,"Unknown"
"5020558",378628,2026-05-03 15:56:25,28.6598567962646,-17.2286376953125,"Unknown"
"5020558",378628,2026-05-03 16:01:46,28.6605472564697,-17.2291774749756,"Unknown"
"5020558",378628,2026-05-03 16:06:25,28.6612396240234,-17.2296352386475,"Unknown"
"5020558",378628,2026-05-03 16:11:23,28.6617965698242,-17.2298793792725,"Unknown"
"5020558",378628,2026-05-03 16:16:24,28.6624069213867,-17.2301273345947,"Unknown"
"5020558",378628,2026-05-03 16:21:23,28.6629695892334,-17.2305393218994,"Unknown"
"5020558",378628,2026-05-03 16:26:27,28.6634407043457,-17.2309722900391,"Unknown"
"5020558",378628,2026-05-03 16:31:25,28.6638259887695,-17.2313709259033,"Unknown"
"5020558",378628,2026-05-03 16:36:23,28.664041519165,-17.2319812774658,"Unknown"
"5020558",378628,2026-05-03 16:41:23,28.6643486022949,-17.2325057983398,"Unknown"
"5020558",378628,2026-05-03 16:46:27,28.6647090911865,-17.232967376709,"Unknown"
"5020558",378628,2026-05-03 16:51:23,28.665111541748,-17.233549118042,"Unknown"
"5020558",378628,2026-05-03 16:56:26,28.6654987335205,-17.2340297698975,"Unknown"
"5020558",378628,2026-05-03 17:01:25,28.6658554077148,-17.2344417572021,"Unknown"
"5020558",378628,2026-05-03 17:06:24,28.6661987304688,-17.2348747253418,"Unknown"
"5020558",378628,2026-05-03 17:11:25,28.666524887085,-17.2352924346924,"Unknown"
"5020558",378628,2026-05-03 17:16:24,28.6668529510498,-17.2356967926025,"Unknown"
"5020558",378628,2026-05-03 17:21:23,28.6671352386475,-17.2361011505127,"Unknown"
"5020558",378628,2026-05-03 17:26:24,28.6674308776855,-17.2365379333496,"Unknown"
"5020558",378628,2026-05-03 17:31:24,28.6677188873291,-17.2368812561035,"Unknown"
"5020558",378628,2026-05-03 17:36:26,28.6679592132568,-17.2372379302979,"Unknown"
"5020558",378628,2026-05-03 17:41:23,28.6681423187256,-17.2375640869141,"Unknown"
"5020558",378628,2026-05-03 17:46:25,28.6823139190674,-17.2420864105225,"Unknown"
"5020558",378628,2026-05-03 17:51:24,28.6988544464111,-17.2595729827881,"Unknown"
"5020558",378628,2026-05-03 17:56:26,28.7010250091553,-17.292272567749,"Unknown"
"5020558",378628,2026-05-03 18:01:32,28.6970920562744,-17.311408996582,"Unknown"
"5020558",378628,2026-05-03 18:06:47,28.6973190307617,-17.3119316101074,"Unknown"
"5020558",378628,2026-05-03 18:11:23,28.6975078582764,-17.3123874664307,"Unknown"
"5020558",378628,2026-05-03 18:16:24,28.6976432800293,-17.3127670288086,"Unknown"
"5020558",378628,2026-05-03 18:21:23,28.6976795196533,-17.313045501709,"Unknown"
"5020558",378628,2026-05-03 18:26:25,28.7029514312744,-17.3297672271729,"Unknown"
"5020558",378628,2026-05-03 18:31:23,28.7076530456543,-17.3463325500488,"Unknown"
"5020558",378628,2026-05-03 18:36:22,28.7131748199463,-17.3475551605225,"Unknown"
"5020558",378628,2026-05-03 18:41:22,28.7167854309082,-17.3441047668457,"Unknown"
"5020558",378628,2026-05-03 18:46:25,28.7266635894775,-17.3638114929199,"Unknown"
"5020558",378628,2026-05-03 18:51:22,28.7390003204346,-17.396800994873,"Unknown"
"5020558",378628,2026-05-03 18:56:24,28.7472114562988,-17.4314441680908,"Unknown"
"5020558",378628,2026-05-03 19:01:22,28.754674911499,-17.4672813415527,"Unknown"
"5020558",378628,2026-05-03 19:06:22,28.7587814331055,-17.5061740875244,"Unknown"
"5020558",378628,2026-05-03 19:11:47,28.7661113739014,-17.5466842651367,"Unknown"
"5020558",378628,2026-05-03 19:16:25,28.773099899292,-17.5808086395264,"Unknown"
"5020558",378628,2026-05-03 19:21:57,28.7810440063477,-17.6231002807617,"Unknown"
"5020558",378628,2026-05-03 19:26:23,28.7920227050781,-17.6567687988281,"Unknown"
"5020558",378628,2026-05-03 19:31:26,28.8035678863525,-17.697135925293,"Unknown"
"5020558",378628,2026-05-03 19:36:28,28.8079967498779,-17.7155952453613,"Unknown"
"5020558",378628,2026-05-03 19:41:27,28.8158760070801,-17.7182445526123,"Unknown"
"5020558",378628,2026-05-03 19:46:29,28.8161811828613,-17.7267932891846,"Unknown"
"5020558",378628,2026-05-03 19:51:31,28.8168449401855,-17.7269954681396,"Unknown"
"5020558",378628,2026-05-03 19:52:33,28.8169994354248,-17.7270851135254,"Unknown"
"5020558",378628,2026-05-03 19:53:29,28.8171253204346,-17.7271289825439,"Unknown"
"5020558",378628,2026-05-03 19:54:29,28.8172264099121,-17.727201461792,"Unknown"
"5020558",378628,2026-05-03 19:55:31,28.8173599243164,-17.7273082733154,"Unknown"
"5020558",378628,2026-05-03 19:56:30,28.8174629211426,-17.7273464202881,"Unknown"
"5020558",378628,2026-05-03 19:57:32,28.8175830841064,-17.7274551391602,"Unknown"
"5020558",378628,2026-05-03 19:58:29,28.817684173584,-17.7275199890137,"Unknown"
"5020558",378628,2026-05-03 19:59:32,28.8177967071533,-17.727575302124,"Unknown"
"5020558",378628,2026-05-03 20:00:32,28.8179035186768,-17.7276496887207,"Unknown"
"5020558",378628,2026-05-03 20:01:32,28.8179836273193,-17.727746963501,"Unknown"
"5020558",378628,2026-05-03 20:02:32,28.8175716400146,-17.7334537506104,"Unknown"
"5020558",378628,2026-05-03 20:03:32,28.8182849884033,-17.7405796051025,"Unknown"
"5020558",378628,2026-05-03 20:04:33,28.8171405792236,-17.7469310760498,"Unknown"
"5020558",378628,2026-05-03 20:05:29,28.8180332183838,-17.7477893829346,"Unknown"
"5020558",378628,2026-05-03 20:06:32,28.8181457519531,-17.7478561401367,"Unknown"
"5020558",378628,2026-05-03 20:07:32,28.8182487487793,-17.7478694915771,"Unknown"
"5020558",378628,2026-05-03 20:08:33,28.8183212280273,-17.747896194458,"Unknown"
"5020558",378628,2026-05-03 20:09:32,28.8182182312012,-17.7511825561523,"Unknown"
"5020558",378628,2026-05-03 20:10:32,28.8130702972412,-17.7533721923828,"Unknown"
"5020558",378628,2026-05-03 20:11:34,28.8095016479492,-17.7506618499756,"Unknown"
"5020558",378628,2026-05-03 20:12:32,28.809591293335,-17.7506504058838,"Unknown"
"5020558",378628,2026-05-03 20:13:32,28.8096580505371,-17.7506847381592,"Unknown"
"5020558",378628,2026-05-03 20:14:37,28.809757232666,-17.7506866455078,"Unknown"
"5020558",378628,2026-05-03 20:15:32,28.8098163604736,-17.7507038116455,"Unknown"
"5020558",378628,2026-05-03 20:16:31,28.8098850250244,-17.7506828308105,"Unknown"
"5020558",378628,2026-05-03 20:17:32,28.8099060058594,-17.7506923675537,"Unknown"
"5020558",378628,2026-05-03 20:18:32,28.8099689483643,-17.7506885528564,"Unknown"
"5020558",378628,2026-05-03 20:19:34,28.8100318908691,-17.7506771087646,"Unknown"
"5020558",378628,2026-05-03 20:20:34,28.8100891113281,-17.7506103515625,"Unknown"
"5020558",378628,2026-05-03 20:21:34,28.8101100921631,-17.7505893707275,"Unknown"
"5020558",378628,2026-05-03 20:22:33,28.8101463317871,-17.7505683898926,"Unknown"
"5020558",378628,2026-05-03 20:23:32,28.8102073669434,-17.7505550384521,"Unknown"
"5020558",378628,2026-05-03 20:24:36,28.8102684020996,-17.7505359649658,"Unknown"
"5020558",378628,2026-05-03 20:25:34,28.8103332519531,-17.7505416870117,"Unknown"
"5020558",378628,2026-05-03 20:26:33,28.8103828430176,-17.7505149841309,"Unknown"
"5020558",378628,2026-05-03 20:27:36,28.8104228973389,-17.7504596710205,"Unknown"
"5020558",378628,2026-05-03 20:28:34,28.8104820251465,-17.7504253387451,"Unknown"
"5020558",378628,2026-05-03 20:29:31,28.8105487823486,-17.7503890991211,"Unknown"
"5020558",378628,2026-05-03 20:30:34,28.8106517791748,-17.750394821167,"Unknown"
"5020558",378628,2026-05-03 20:31:32,28.8107414245605,-17.7503776550293,"Unknown"
"5020558",378628,2026-05-03 20:32:35,28.8108291625977,-17.750394821167,"Unknown"
"5020558",378628,2026-05-03 20:33:36,28.8108768463135,-17.7503929138184,"Unknown"
"5020558",378628,2026-05-03 20:34:36,28.8109455108643,-17.7504138946533,"Unknown"
"5020558",378628,2026-05-03 20:35:38,28.8110294342041,-17.7504196166992,"Unknown"
"5020558",378628,2026-05-03 20:36:32,28.8111171722412,-17.7504539489746,"Unknown"
"5020558",378628,2026-05-03 20:37:33,28.8111953735352,-17.7504425048828,"Unknown"
"5020558",378628,2026-05-03 20:38:35,28.8112831115723,-17.7504482269287,"Unknown"
"5020558",378628,2026-05-03 20:39:32,28.8113536834717,-17.75048828125,"Unknown"
"5020558",378628,2026-05-03 20:40:33,28.8114242553711,-17.7504653930664,"Unknown"
"5020558",378628,2026-05-03 20:41:33,28.8114795684814,-17.7504730224609,"Unknown"
"5020558",378628,2026-05-03 20:42:37,28.8115749359131,-17.7504634857178,"Unknown"
"5020558",378628,2026-05-03 20:43:38,28.8088817596436,-17.7511348724365,"Unknown"
"5020558",378628,2026-05-03 20:44:32,28.8041381835938,-17.7504215240479,"Unknown"
"5020558",378628,2026-05-03 20:45:34,28.7997016906738,-17.7481689453125,"Unknown"
"5020558",378628,2026-05-03 20:46:32,28.7997779846191,-17.7481784820557,"Unknown"
"5020558",378628,2026-05-03 20:47:33,28.7997989654541,-17.7481498718262,"Unknown"
"5020558",378628,2026-05-03 20:48:33,28.7998237609863,-17.7481822967529,"Unknown"
"5020558",378628,2026-05-03 20:49:34,28.7998561859131,-17.7481689453125,"Unknown"
"5020558",378628,2026-05-03 20:51:03,28.7999305725098,-17.7481784820557,"Unknown"
"5020558",378628,2026-05-03 20:51:28,28.7999477386475,-17.7481880187988,"Unknown"
"5020558",378628,2026-05-03 20:52:29,28.7999897003174,-17.7481918334961,"Unknown"
"5020558",378628,2026-05-03 20:53:29,28.8000297546387,-17.7481822967529,"Unknown"
"5020558",378628,2026-05-03 20:54:29,28.800085067749,-17.7481746673584,"Unknown"
"5020558",378628,2026-05-03 20:55:29,28.8001194000244,-17.7481746673584,"Unknown"
"5020558",378628,2026-05-03 20:56:29,28.8001747131348,-17.7481708526611,"Unknown"
"5020558",378628,2026-05-03 20:57:29,28.7978401184082,-17.7500057220459,"Unknown"
"5020558",378628,2026-05-03 20:58:29,28.792350769043,-17.7518157958984,"Unknown"
"5020558",378628,2026-05-03 20:59:29,28.7867336273193,-17.7525787353516,"Unknown"
"5020558",378628,2026-05-03 21:00:30,28.7833652496338,-17.7513198852539,"Unknown"
"5020558",378628,2026-05-03 21:01:30,28.7781639099121,-17.7500190734863,"Unknown"
"5020558",378628,2026-05-03 21:02:32,28.7735729217529,-17.746509552002,"Unknown"
"5020558",378628,2026-05-03 21:03:29,28.7692584991455,-17.7436962127686,"Unknown"
"5020558",378628,2026-05-03 21:04:30,28.7646636962891,-17.7397193908691,"Unknown"
"5020558",378628,2026-05-03 21:05:31,28.7600326538086,-17.7354469299316,"Unknown"
"5020558",378628,2026-05-03 21:06:31,28.7551040649414,-17.7314357757568,"Unknown"
"5020558",378628,2026-05-03 21:07:29,28.7493305206299,-17.7295761108398,"Unknown"
"5020558",378628,2026-05-03 21:08:32,28.7430820465088,-17.728157043457,"Unknown"
"5020558",378628,2026-05-03 21:09:29,28.7373905181885,-17.7277889251709,"Unknown"
"5020558",378628,2026-05-03 21:10:29,28.7320671081543,-17.7303886413574,"Unknown"
"5020558",378628,2026-05-03 21:11:29,28.7261486053467,-17.7332916259766,"Unknown"
"5020558",378628,2026-05-03 21:12:30,28.7204780578613,-17.7382431030273,"Unknown"
"5020558",378628,2026-05-03 21:13:30,28.7144470214844,-17.74169921875,"Unknown"
"5020558",378628,2026-05-03 21:14:29,28.7083759307861,-17.7454833984375,"Unknown"
"5020558",378628,2026-05-03 21:15:30,28.706241607666,-17.7520122528076,"Unknown"
"5020558",378628,2026-05-03 21:16:30,28.703369140625,-17.7574405670166,"Unknown"
"5020558",378628,2026-05-03 21:17:32,28.7017765045166,-17.7576961517334,"Unknown"
"5020558",378628,2026-05-03 21:18:31,28.7074718475342,-17.7597332000732,"Unknown"
"5020558",378628,2026-05-03 21:19:30,28.7076053619385,-17.7611904144287,"Unknown"
"5020558",378628,2026-05-03 21:20:31,28.708179473877,-17.7591972351074,"Unknown"
"5020558",378628,2026-05-03 21:21:30,28.7071838378906,-17.7594528198242,"Unknown"
"5020558",378628,2026-05-03 21:22:30,28.7061634063721,-17.7628879547119,"Unknown"
"5020558",378628,2026-05-03 21:23:30,28.7055702209473,-17.7608318328857,"Unknown"
"5020558",378628,2026-05-03 21:24:30,28.7062015533447,-17.762716293335,"Unknown"
"5020558",378628,2026-05-03 21:25:30,28.7056865692139,-17.7638111114502,"Unknown"
"5020558",378628,2026-05-03 21:26:30,28.7028579711914,-17.7659873962402,"Unknown"
"5020558",378628,2026-05-03 21:27:30,28.7014541625977,-17.7662525177002,"Unknown"
"5020558",378628,2026-05-03 21:28:32,28.7005100250244,-17.7672367095947,"Unknown"
"5020558",378628,2026-05-03 21:29:30,28.7010860443115,-17.7745742797852,"Unknown"
"5020558",378628,2026-05-03 21:30:29,28.6994953155518,-17.7821979522705,"Unknown"
"5020558",378628,2026-05-03 21:31:29,28.6981315612793,-17.7896900177002,"Unknown"
"5020558",378628,2026-05-03 21:32:29,28.7017269134521,-17.7950019836426,"Unknown"
"5020558",378628,2026-05-03 21:33:29,28.7046375274658,-17.7923488616943,"Unknown"
"5020558",378628,2026-05-03 21:34:30,28.708459854126,-17.7963161468506,"Unknown"
"5020558",378628,2026-05-03 21:35:32,28.7088603973389,-17.7970371246338,"Unknown"
"5020558",378628,2026-05-03 21:36:31,28.7082595825195,-17.7960529327393,"Unknown"
"5020558",378628,2026-05-03 21:37:31,28.7083950042725,-17.7970561981201,"Unknown"
"5020558",378628,2026-05-03 21:38:31,28.708438873291,-17.7966079711914,"Unknown"
"5020558",378628,2026-05-03 21:39:30,28.7087440490723,-17.7972450256348,"Unknown"
"5020558",378628,2026-05-03 21:40:30,28.7082290649414,-17.7965698242188,"Unknown"
"5020558",378628,2026-05-03 21:41:30,28.7096347808838,-17.7975940704346,"Unknown"
"5020558",378628,2026-05-03 21:42:30,28.708309173584,-17.7966480255127,"Unknown"
"5020558",378628,2026-05-03 21:43:30,28.7083587646484,-17.7970104217529,"Unknown"
"5020558",378628,2026-05-03 21:44:31,28.7057018280029,-17.7925777435303,"Unknown"
"5020558",378628,2026-05-03 21:45:30,28.7082691192627,-17.7963981628418,"Unknown"
"5020558",378628,2026-05-03 21:46:53,28.7082920074463,-17.7970294952393,"Unknown"
"5020558",378628,2026-05-03 21:47:37,28.7083110809326,-17.7970294952393,"Unknown"
"5020558",378628,2026-05-03 21:49:55,28.7083110809326,-17.7970542907715,"Unknown"
"5020558",378628,2026-05-03 21:50:05,28.7083225250244,-17.7970504760742,"Unknown"
"5020558",378628,2026-05-03 21:51:12,28.7083225250244,-17.7970294952393,"Unknown"
"5020558",378628,2026-05-03 21:52:17,28.7083168029785,-17.7970390319824,"Unknown"
"5020558",378628,2026-05-03 21:53:03,28.7083110809326,-17.7970638275146,"Unknown"
"5020558",378628,2026-05-03 21:55:25,28.7083148956299,-17.7970485687256,"Unknown"
"5020558",378628,2026-05-03 21:56:55,28.7083301544189,-17.7970371246338,"Unknown"
"5020558",378628,2026-05-03 21:58:25,28.7083492279053,-17.797025680542,"Unknown"
"5020558",378628,2026-05-03 21:59:55,28.708345413208,-17.7970275878906,"Unknown"
"5020558",378628,2026-05-03 22:01:25,28.7083206176758,-17.7970409393311,"Unknown"
"5020558",378628,2026-05-03 22:02:55,28.7083225250244,-17.7970447540283,"Unknown"
"5020558",378628,2026-05-03 22:04:25,28.7083473205566,-17.7969532012939,"Unknown"
"5020558",378628,2026-05-03 22:05:55,28.7083358764648,-17.7970161437988,"Unknown"
"5020558",378628,2026-05-03 22:07:25,28.7083740234375,-17.7970066070557,"Unknown"
"5020558",378628,2026-05-03 22:08:55,28.7083320617676,-17.7970294952393,"Unknown"
"5020558",378628,2026-05-03 22:18:55,28.7083129882812,-17.7970485687256,"Unknown"
"5020558",378628,2026-05-03 22:20:25,28.7083377838135,-17.7970237731934,"Unknown"
"5020558",378628,2026-05-03 22:30:25,28.7083263397217,-17.7970409393311,"Unknown"
"5020558",378628,2026-05-03 22:30:56,28.7083206176758,-17.7970447540283,"Unknown"
"5020558",378628,2026-05-03 22:40:35,28.7083950042725,-17.7970581054688,"Unknown"
"5020558",378628,2026-05-03 22:51:55,28.7083282470703,-17.7970657348633,"Unknown"
"5020558",378628,2026-05-03 23:01:55,28.7083206176758,-17.7970695495605,"Unknown"
"5020558",378628,2026-05-03 23:11:55,28.7083511352539,-17.7970447540283,"Unknown"
"5020558",378628,2026-05-03 23:21:55,28.7082939147949,-17.7970600128174,"Unknown"
"5020558",378628,2026-05-03 23:30:59,28.7086200714111,-17.7969932556152,"Unknown"
"5020558",378628,2026-05-03 23:41:26,28.7083282470703,-17.7970104217529,"Unknown"
"5020558",378628,2026-05-03 23:51:55,28.7082786560059,-17.7970848083496,"Unknown"
"5020558",378628,2026-05-04 00:01:55,28.7082500457764,-17.7971286773682,"Unknown"
"5020558",378628,2026-05-04 00:11:18,28.7083187103271,-17.7970581054688,"Unknown"
"5020558",378628,2026-05-04 00:21:55,28.7083625793457,-17.7970485687256,"Unknown"
"5020558",378628,2026-05-04 00:31:32,28.7086448669434,-17.7970027923584,"Unknown"
"5020558",378628,2026-05-04 00:41:55,28.7084178924561,-17.7971897125244,"Unknown"
"5020558",378628,2026-05-04 00:51:55,28.7083168029785,-17.7970523834229,"Unknown"
"5020558",378628,2026-05-04 01:01:55,28.7083873748779,-17.7970867156982,"Unknown"
"5020558",378628,2026-05-04 01:11:25,28.7083148956299,-17.797061920166,"Unknown"
"5020558",378628,2026-05-04 01:21:55,28.7083282470703,-17.7970218658447,"Unknown"
"5020558",378628,2026-05-04 01:30:53,28.7081661224365,-17.7970848083496,"Unknown"
"5020558",378628,2026-05-04 01:40:37,28.7084980010986,-17.7970409393311,"Unknown"
"5020558",378628,2026-05-04 01:50:30,28.7026615142822,-17.7811298370361,"Unknown"
"5020558",378628,2026-05-04 02:00:30,28.7307300567627,-17.7093753814697,"Unknown"
"5020558",378628,2026-05-04 02:10:30,28.7846794128418,-17.7214317321777,"Unknown"
"5020558",378628,2026-05-04 02:20:29,28.7886333465576,-17.7233829498291,"Unknown"
"5020558",378628,2026-05-04 02:30:29,28.7895545959473,-17.7223472595215,"Unknown"
"5020558",378628,2026-05-04 02:40:29,28.790563583374,-17.7215747833252,"Unknown"
"5020558",378628,2026-05-04 02:50:30,28.7910938262939,-17.7205410003662,"Unknown"
"5020558",378628,2026-05-04 03:00:32,28.7914257049561,-17.7192974090576,"Unknown"
"5020558",378628,2026-05-04 03:10:32,28.7920627593994,-17.7180519104004,"Unknown"
"5020558",378628,2026-05-04 03:20:36,28.7928771972656,-17.7172508239746,"Unknown"
"5020558",378628,2026-05-04 03:30:32,28.7935829162598,-17.7165966033936,"Unknown"
"5020558",378628,2026-05-04 03:40:31,28.7940368652344,-17.7157859802246,"Unknown"
"5020558",378628,2026-05-04 03:50:47,28.7944030761719,-17.7150421142578,"Unknown"
"5020558",378628,2026-05-04 04:01:02,28.7948112487793,-17.7144641876221,"Unknown"
"5020558",378628,2026-05-04 04:10:30,28.7956066131592,-17.7142372131348,"Unknown"
"5020558",378628,2026-05-04 04:20:30,28.797342300415,-17.7256336212158,"Unknown"
"5020558",378628,2026-05-04 04:30:29,28.7974376678467,-17.7249736785889,"Unknown"
"5020558",378628,2026-05-04 04:40:29,28.7973880767822,-17.7242736816406,"Unknown"
"5020558",378628,2026-05-04 04:50:29,28.7969207763672,-17.7240753173828,"Unknown"
"5020558",378628,2026-05-04 05:00:29,28.7967205047607,-17.7240505218506,"Unknown"
"5020558",378628,2026-05-04 05:10:29,28.7964344024658,-17.7238903045654,"Unknown"
"5020558",378628,2026-05-04 05:20:32,28.796501159668,-17.723482131958,"Unknown"
"5020558",378628,2026-05-04 05:30:32,28.7965755462646,-17.7225856781006,"Unknown"
"5020558",378628,2026-05-04 05:41:03,28.7969455718994,-17.721643447876,"Unknown"
"5020558",378628,2026-05-04 05:50:29,28.7966728210449,-17.7210235595703,"Unknown"
"5020558",378628,2026-05-04 06:00:30,28.7966270446777,-17.7204513549805,"Unknown"
"5020558",378628,2026-05-04 06:10:29,28.7965240478516,-17.7199096679688,"Unknown"
"5020558",378628,2026-05-04 06:20:29,28.7945575714111,-17.7200698852539,"Unknown"
"5020558",378628,2026-05-04 06:30:30,28.8120040893555,-17.7144680023193,"Unknown"
"5020558",378628,2026-05-04 06:40:28,28.8299579620361,-17.7277183532715,"Unknown"
"5020558",378628,2026-05-04 06:50:29,28.8200740814209,-17.7379131317139,"Unknown"
"5020558",378628,2026-05-04 07:00:29,28.8173847198486,-17.7451267242432,"Unknown"
"5020558",378628,2026-05-04 07:10:30,28.817741394043,-17.7474174499512,"Unknown"
"5020558",378628,2026-05-04 07:20:30,28.8127403259277,-17.7421703338623,"Unknown"
"5020558",378628,2026-05-04 07:30:31,28.816349029541,-17.736234664917,"Unknown"
"5020558",378628,2026-05-04 07:40:31,28.8184223175049,-17.7326316833496,"Unknown"
"5020558",378628,2026-05-04 07:50:32,28.8189868927002,-17.7307624816895,"Unknown"
"5020558",378628,2026-05-04 08:01:02,28.8182563781738,-17.7313423156738,"Unknown"
"5020558",378628,2026-05-04 08:10:29,28.8111763000488,-17.7463970184326,"Unknown"
"5020558",378628,2026-05-04 08:20:29,28.8146495819092,-17.7482681274414,"Unknown"
"5020558",378628,2026-05-04 08:30:30,28.8154525756836,-17.7485389709473,"Unknown"
"5020558",378628,2026-05-04 08:40:29,28.840841293335,-17.759937286377,"Unknown"
"5020558",378628,2026-05-04 08:50:29,28.84987449646,-17.7670879364014,"Unknown"
"5020558",378628,2026-05-04 09:00:30,28.8450908660889,-17.7763481140137,"Unknown"
"5020558",378628,2026-05-04 09:01:30,28.8447170257568,-17.7805118560791,"Unknown"
"5020558",378628,2026-05-04 09:02:30,28.8448181152344,-17.7807331085205,"Unknown"
"5020558",378628,2026-05-04 09:03:30,28.8449172973633,-17.7809638977051,"Unknown"
"5020558",378628,2026-05-04 09:04:30,28.8450202941895,-17.7811851501465,"Unknown"
"5020558",378628,2026-05-04 09:05:29,28.8451099395752,-17.7814178466797,"Unknown"
"5020558",378628,2026-05-04 09:06:30,28.8452548980713,-17.7816123962402,"Unknown"
"5020558",378628,2026-05-04 09:07:29,28.8453693389893,-17.7818164825439,"Unknown"
"5020558",378628,2026-05-04 09:08:29,28.8455181121826,-17.7820243835449,"Unknown"
"5020558",378628,2026-05-04 09:09:29,28.8456192016602,-17.7822589874268,"Unknown"
"5020558",378628,2026-05-04 09:10:29,28.8455181121826,-17.7826271057129,"Unknown"
"5020558",378628,2026-05-04 09:11:30,28.8442440032959,-17.7838554382324,"Unknown"
"5020558",378628,2026-05-04 09:12:29,28.8450393676758,-17.7841053009033,"Unknown"
"5020558",378628,2026-05-04 09:13:29,28.8451671600342,-17.7843112945557,"Unknown"
"5020558",378628,2026-05-04 09:14:29,28.8452110290527,-17.7844982147217,"Unknown"
"5020558",378628,2026-05-04 09:15:29,28.8477554321289,-17.7907295227051,"Unknown"
"5020558",378628,2026-05-04 09:16:30,28.8481826782227,-17.7993030548096,"Unknown"
"5020558",378628,2026-05-04 09:17:30,28.8503551483154,-17.8052177429199,"Unknown"
"5020558",378628,2026-05-04 09:18:30,28.8574695587158,-17.8128356933594,"Unknown"
"5020558",378628,2026-05-04 09:19:30,28.8598289489746,-17.8151607513428,"Unknown"
"5020558",378628,2026-05-04 09:20:29,28.8599891662598,-17.8164691925049,"Unknown"
"5020558",378628,2026-05-04 09:21:31,28.8608722686768,-17.8197860717773,"Unknown"
"5020558",378628,2026-05-04 09:22:29,28.8600997924805,-17.8213920593262,"Unknown"
"5020558",378628,2026-05-04 09:23:29,28.8590106964111,-17.823371887207,"Unknown"
"5020558",378628,2026-05-04 09:24:30,28.8572330474854,-17.8253555297852,"Unknown"
"5020558",378628,2026-05-04 09:25:30,28.8558464050293,-17.8266277313232,"Unknown"
"5020558",378628,2026-05-04 09:26:30,28.8540878295898,-17.8274269104004,"Unknown"
"5020558",378628,2026-05-04 09:27:30,28.8518714904785,-17.8290596008301,"Unknown"
"5020558",378628,2026-05-04 09:28:31,28.8495063781738,-17.8309936523438,"Unknown"
"5020558",378628,2026-05-04 09:29:31,28.8484001159668,-17.8324642181396,"Unknown"
"5020558",378628,2026-05-04 09:30:30,28.8469734191895,-17.8344249725342,"Unknown"
"5020558",378628,2026-05-04 09:31:32,28.8456878662109,-17.837474822998,"Unknown"
"5020558",378628,2026-05-04 09:32:32,28.8466758728027,-17.8411293029785,"Unknown"
"5020558",378628,2026-05-04 09:33:30,28.8443393707275,-17.8397941589355,"Unknown"
"5020558",378628,2026-05-04 09:34:29,28.8446044921875,-17.8412780761719,"Unknown"
"5020558",378628,2026-05-04 09:35:30,28.8446216583252,-17.8427467346191,"Unknown"
"5020558",378628,2026-05-04 09:36:30,28.8471927642822,-17.8463020324707,"Unknown"
"5020558",378628,2026-05-04 09:37:30,28.8518352508545,-17.8518199920654,"Unknown"
"5020558",378628,2026-05-04 09:38:30,28.8569641113281,-17.8590698242188,"Unknown"
"5020558",378628,2026-05-04 09:39:30,28.8609313964844,-17.8686199188232,"Unknown"
"5020558",378628,2026-05-04 09:40:29,28.865385055542,-17.8775825500488,"Unknown"
"5020558",378628,2026-05-04 09:41:30,28.8698310852051,-17.8871421813965,"Unknown"
"5020558",378628,2026-05-04 09:46:32,28.8624153137207,-17.9304275512695,"Unknown"
"5020558",378628,2026-05-04 09:51:30,28.8568496704102,-17.9651584625244,"Unknown"
"5020558",378628,2026-05-04 09:56:31,28.8596286773682,-17.9764442443848,"Unknown"
"5020558",378628,2026-05-04 09:57:32,28.8553047180176,-17.9829845428467,"Unknown"
"5020558",378628,2026-05-04 09:58:31,28.8520545959473,-17.987548828125,"Unknown"
"5020558",378628,2026-05-04 09:59:30,28.848217010498,-17.9921989440918,"Unknown"
"5020558",378628,2026-05-04 10:00:31,28.847412109375,-17.9992141723633,"Unknown"
"5020558",378628,2026-05-04 10:01:32,28.8468456268311,-18.003999710083,"Unknown"
"5020558",378628,2026-05-04 10:02:30,28.8460063934326,-18.0057792663574,"Unknown"
"5020558",378628,2026-05-04 10:07:32,28.8424587249756,-18.0075092315674,"Unknown"
"5020558",378628,2026-05-04 10:12:31,28.8382568359375,-18.0116214752197,"Unknown"
"5020558",378628,2026-05-04 10:17:31,28.8325595855713,-18.0161590576172,"Unknown"
"5020558",378628,2026-05-04 10:22:31,28.8274784088135,-18.0220489501953,"Unknown"
"5020558",378628,2026-05-04 10:27:32,28.8266944885254,-18.024974822998,"Unknown"
"5020558",378628,2026-05-04 10:33:03,28.8273315429688,-18.02512550354,"Unknown"
"5020558",378628,2026-05-04 10:37:29,28.8278274536133,-18.0252475738525,"Unknown"
"5020558",378628,2026-05-04 10:42:29,28.8283729553223,-18.0254249572754,"Unknown"
"5020558",378628,2026-05-04 10:47:29,28.8289813995361,-18.0256099700928,"Unknown"
"5020558",378628,2026-05-04 10:52:29,28.8336124420166,-18.0423965454102,"Unknown"
"5020558",378628,2026-05-04 10:57:29,28.8346767425537,-18.0456943511963,"Unknown"
"5020558",378628,2026-05-04 11:02:30,28.8317070007324,-18.0416278839111,"Unknown"
"5020558",378628,2026-05-04 11:07:29,28.8279285430908,-18.0381603240967,"Unknown"
"5020558",378628,2026-05-04 11:12:30,28.8237113952637,-18.0340766906738,"Unknown"
"5020558",378628,2026-05-04 11:17:30,28.8144474029541,-18.0168571472168,"Unknown"
"5020558",378628,2026-05-04 11:22:29,28.8043117523193,-18.0144424438477,"Unknown"
"5020558",378628,2026-05-04 11:27:29,28.7903003692627,-18.0113906860352,"Unknown"
"5020558",378628,2026-05-04 11:32:31,28.7789974212646,-18.0335464477539,"Unknown"
"5020558",378628,2026-05-04 11:37:29,28.7755184173584,-18.0356922149658,"Unknown"
"5020558",378628,2026-05-04 11:42:32,28.7720012664795,-18.038257598877,"Unknown"
"5020558",378628,2026-05-04 11:47:29,28.7673206329346,-18.0406970977783,"Unknown"
"5020558",378628,2026-05-04 11:52:30,28.7621822357178,-18.0425910949707,"Unknown"
"5020558",378628,2026-05-04 11:57:32,28.7585105895996,-18.0439739227295,"Unknown"
"5020558",378628,2026-05-04 12:02:29,28.7389335632324,-18.0565929412842,"Unknown"
"5020558",378628,2026-05-04 12:07:29,28.7178764343262,-18.0680980682373,"Unknown"
"5020558",378628,2026-05-04 12:12:29,28.7045841217041,-18.0716438293457,"Unknown"
"5020558",378628,2026-05-04 12:17:30,28.7050399780273,-18.0710678100586,"Unknown"
"5020558",378628,2026-05-04 12:22:29,28.6914920806885,-18.0693473815918,"Unknown"
"5020558",378628,2026-05-04 12:27:29,28.6647872924805,-18.0505657196045,"Unknown"
"5020558",378628,2026-05-04 12:32:29,28.6374893188477,-18.050952911377,"Unknown"
"5020558",378628,2026-05-04 12:37:29,28.6165218353271,-18.0691947937012,"Unknown"
"5020558",378628,2026-05-04 12:42:29,28.611837387085,-18.0941200256348,"Unknown"
"5020558",378628,2026-05-04 12:47:30,28.6390190124512,-18.09326171875,"Unknown"
"5020558",378628,2026-05-04 12:52:29,28.6668453216553,-18.0822677612305,"Unknown"
"5020558",378628,2026-05-04 12:57:36,28.6731948852539,-18.0812568664551,"Unknown"
"5020558",378628,2026-05-04 13:03:03,28.6775226593018,-18.0782909393311,"Unknown"
"5020558",378628,2026-05-04 13:07:29,28.6782817840576,-18.0766468048096,"Unknown"
"5020558",378628,2026-05-04 13:12:30,28.6820240020752,-18.0733680725098,"Unknown"
"5020558",378628,2026-05-04 13:17:29,28.6855735778809,-18.0706939697266,"Unknown"
"5020558",378628,2026-05-04 13:22:29,28.687126159668,-18.0694122314453,"Unknown"
"5020558",378628,2026-05-04 13:27:29,28.6870002746582,-18.0685234069824,"Unknown"
"5020558",378628,2026-05-04 13:32:29,28.686803817749,-18.0676307678223,"Unknown"
"5020558",378628,2026-05-04 13:37:29,28.6865673065186,-18.0668067932129,"Unknown"
"5020558",378628,2026-05-04 13:42:29,28.6862945556641,-18.0659694671631,"Unknown"
"5020558",378628,2026-05-04 13:47:29,28.6861267089844,-18.0651626586914,"Unknown"
"5020558",378628,2026-05-04 13:52:29,28.6860103607178,-18.0643348693848,"Unknown"
"5020558",378628,2026-05-04 13:57:29,28.6860256195068,-18.0634937286377,"Unknown"
"5020558",378628,2026-05-04 14:02:29,28.6859149932861,-18.0625495910645,"Unknown"
"5020558",378628,2026-05-04 14:07:29,28.685754776001,-18.061393737793,"Unknown"
"5020558",378628,2026-05-04 14:12:29,28.6853618621826,-18.0606002807617,"Unknown"
"5020558",378628,2026-05-04 14:17:29,28.6849460601807,-18.059606552124,"Unknown"
"5020558",378628,2026-05-04 14:22:29,28.6846103668213,-18.058650970459,"Unknown"
"5020558",378628,2026-05-04 14:27:29,28.6843547821045,-18.0578842163086,"Unknown"
"5020558",378628,2026-05-04 14:32:29,28.6840057373047,-18.056941986084,"Unknown"
"5020558",378628,2026-05-04 14:37:29,28.6835975646973,-18.0561141967773,"Unknown"
"5020558",378628,2026-05-04 14:42:29,28.6830978393555,-18.0553722381592,"Unknown"
"5020558",378628,2026-05-04 14:47:29,28.6827697753906,-18.0546646118164,"Unknown"
"5020558",378628,2026-05-04 14:52:30,28.6825008392334,-18.0538463592529,"Unknown"
"5020558",378628,2026-05-04 14:57:29,28.6821632385254,-18.0532035827637,"Unknown"
"5020558",378628,2026-05-04 15:02:29,28.6816902160645,-18.0524463653564,"Unknown"
"5020558",378628,2026-05-04 15:07:30,28.6813106536865,-18.051794052124,"Unknown"
"5020558",378628,2026-05-04 15:12:30,28.6808815002441,-18.0509281158447,"Unknown"
"5020558",378628,2026-05-04 15:17:29,28.6804809570312,-18.0502414703369,"Unknown"
"5020558",378628,2026-05-04 15:22:29,28.6801490783691,-18.0497245788574,"Unknown"
"5020558",378628,2026-05-04 15:27:30,28.6798553466797,-18.0492000579834,"Unknown"
"5020558",378628,2026-05-04 15:32:29,28.6793823242188,-18.0485992431641,"Unknown"
"5020558",378628,2026-05-04 15:37:29,28.6788158416748,-18.0478210449219,"Unknown"
"5020558",378628,2026-05-04 15:42:29,28.6782493591309,-18.0467357635498,"Unknown"
"5020558",378628,2026-05-04 15:47:29,28.6777687072754,-18.0460262298584,"Unknown"
"5020558",378628,2026-05-04 15:52:30,28.6771354675293,-18.0452651977539,"Unknown"
"5020558",378628,2026-05-04 15:57:30,28.6823291778564,-18.0464172363281,"Unknown"
"5020558",378628,2026-05-04 16:18:55,28.7926998138428,-18.0298614501953,"Unknown"
"5020558",378628,2026-05-04 16:23:55,28.8240699768066,-18.0194664001465,"Unknown"
"5020558",378628,2026-05-04 16:28:55,28.8606109619141,-17.9973258972168,"Unknown"
"5020558",378628,2026-05-04 16:33:37,28.8855304718018,-17.9756565093994,"Unknown"
"5020558",378628,2026-05-04 16:33:38,28.8855247497559,-17.9756393432617,"Unknown"
"5020558",378628,2026-05-04 16:38:40,28.8912658691406,-17.97216796875,"Unknown"
"5020558",378628,2026-05-04 16:43:41,28.8914451599121,-17.9738483428955,"Unknown"
"5020558",378628,2026-05-04 16:48:41,28.918399810791,-17.9783000946045,"Unknown"
"5020558",378628,2026-05-04 16:53:42,28.9317035675049,-17.9634170532227,"Unknown"
"5020558",378628,2026-05-04 16:58:40,28.9270858764648,-17.9531173706055,"Unknown"
"5020558",378628,2026-05-04 17:03:40,28.9440422058105,-17.970064163208,"Unknown"
"5020558",378628,2026-05-04 17:08:40,28.9276256561279,-17.9840202331543,"Unknown"
"5020558",378628,2026-05-04 17:13:41,28.9184284210205,-18.0043334960938,"Unknown"
"5020558",378628,2026-05-04 17:18:41,28.9173793792725,-17.9786357879639,"Unknown"
"5020558",378628,2026-05-04 17:23:41,28.9165115356445,-17.9547252655029,"Unknown"
"5020558",378628,2026-05-04 17:28:42,28.9187507629395,-17.9494800567627,"Unknown"
"5020558",378628,2026-05-04 17:33:43,28.9162425994873,-17.9493389129639,"Unknown"
"5020558",378628,2026-05-04 17:38:41,28.9180393218994,-17.9527854919434,"Unknown"
"5020558",378628,2026-05-04 17:43:41,28.916576385498,-17.9520034790039,"Unknown"
"5020558",378628,2026-05-04 17:48:41,28.9117698669434,-17.9311809539795,"Unknown"
"5020558",378628,2026-05-04 17:53:41,28.9027061462402,-17.9183807373047,"Unknown"
"5020558",378628,2026-05-04 17:58:44,28.9027137756348,-17.9187431335449,"Unknown"
"5020558",378628,2026-05-04 18:04:47,28.8944435119629,-17.9313144683838,"Unknown"
"5020558",378628,2026-05-04 18:08:41,28.8927421569824,-17.9310836791992,"Unknown"
"5020558",378628,2026-05-04 18:13:41,28.8927421569824,-17.9327239990234,"Unknown"
"5020558",378628,2026-05-04 18:18:43,28.9080295562744,-17.9300003051758,"Unknown"
"5020558",378628,2026-05-04 18:23:41,28.9049034118652,-17.9251518249512,"Unknown"
"5020558",378628,2026-05-04 18:28:42,28.8928337097168,-17.9351482391357,"Unknown"
"5020558",378628,2026-05-04 18:33:41,28.8945236206055,-17.9372406005859,"Unknown"
"5020558",378628,2026-05-04 18:38:41,28.8943367004395,-17.9372482299805,"Unknown"
"5020558",378628,2026-05-04 18:43:48,28.8965511322021,-17.9383220672607,"Unknown"
"5020558",378628,2026-05-04 18:48:41,28.9036560058594,-17.9321174621582,"Unknown"
"5020558",378628,2026-05-04 18:54:03,28.9069709777832,-17.9259853363037,"Unknown"
"5020558",378628,2026-05-04 18:59:21,28.9085273742676,-17.9257297515869,"Unknown"
"5020558",378628,2026-05-04 19:03:40,28.9103832244873,-17.9230365753174,"Unknown"
"5020558",378628,2026-05-04 19:08:40,28.9097213745117,-17.9224643707275,"Unknown"
"5020558",378628,2026-05-04 19:13:40,28.9073257446289,-17.9035491943359,"Unknown"
"5020558",378628,2026-05-04 19:18:41,28.890438079834,-17.8812808990479,"Unknown"
"5020558",378628,2026-05-04 19:23:41,28.8854923248291,-17.8494262695312,"Unknown"
"5020558",378628,2026-05-04 19:28:40,28.8776836395264,-17.8161239624023,"Unknown"
"5020558",378628,2026-05-04 19:33:41,28.8640518188477,-17.7959365844727,"Unknown"
"5020558",378628,2026-05-04 19:38:40,28.8570766448975,-17.7847442626953,"Unknown"
"5020558",378628,2026-05-04 19:43:41,28.8572597503662,-17.7849311828613,"Unknown"
"5020558",378628,2026-05-04 19:44:40,28.8572883605957,-17.7849731445312,"Unknown"
"5020558",378628,2026-05-04 19:45:40,28.8573226928711,-17.7850151062012,"Unknown"
"5020558",378628,2026-05-04 19:46:40,28.8573226928711,-17.7850360870361,"Unknown"
"5020558",378628,2026-05-04 19:47:40,28.8573226928711,-17.7850799560547,"Unknown"
"5020558",378628,2026-05-04 19:48:40,28.8573341369629,-17.7851486206055,"Unknown"
"5020558",378628,2026-05-04 19:49:40,28.8573398590088,-17.7851963043213,"Unknown"
"5020558",378628,2026-05-04 19:50:40,28.8573303222656,-17.7852325439453,"Unknown"
"5020558",378628,2026-05-04 19:51:40,28.8573474884033,-17.7852916717529,"Unknown"
"5020558",378628,2026-05-04 19:52:40,28.857364654541,-17.7853260040283,"Unknown"
"5020558",378628,2026-05-04 19:53:40,28.8573741912842,-17.7853622436523,"Unknown"
"5020558",378628,2026-05-04 19:54:40,28.8573760986328,-17.7854251861572,"Unknown"
"5020558",378628,2026-05-04 19:55:40,28.8573837280273,-17.7854709625244,"Unknown"
"5020558",378628,2026-05-04 19:56:40,28.8573951721191,-17.7855205535889,"Unknown"
"5020558",378628,2026-05-04 19:57:41,28.8573760986328,-17.7855930328369,"Unknown"
"5020558",378628,2026-05-04 19:58:40,28.8573703765869,-17.7856616973877,"Unknown"
"5020558",378628,2026-05-04 19:59:40,28.8573608398438,-17.7857265472412,"Unknown"
"5020558",378628,2026-05-04 20:00:40,28.8573532104492,-17.7857875823975,"Unknown"
"5020558",378628,2026-05-04 20:01:40,28.8573684692383,-17.7858772277832,"Unknown"
"5020558",378628,2026-05-04 20:02:40,28.8573780059814,-17.7859382629395,"Unknown"
"5020558",378628,2026-05-04 20:03:41,28.8574085235596,-17.7859973907471,"Unknown"
"5020558",378628,2026-05-04 20:04:40,28.8573837280273,-17.7860927581787,"Unknown"
"5020558",378628,2026-05-04 20:05:40,28.8573760986328,-17.7861576080322,"Unknown"
"5020558",378628,2026-05-04 20:06:40,28.8574199676514,-17.7861938476562,"Unknown"
"5020558",378628,2026-05-04 20:07:40,28.8574066162109,-17.7862682342529,"Unknown"
"5020558",378628,2026-05-04 20:08:40,28.8574085235596,-17.7863349914551,"Unknown"
"5020558",378628,2026-05-04 20:09:40,28.8574142456055,-17.7864170074463,"Unknown"
"5020558",378628,2026-05-04 20:10:40,28.8574352264404,-17.7864780426025,"Unknown"
"5020558",378628,2026-05-04 20:11:40,28.8574619293213,-17.7865409851074,"Unknown"
"5020558",378628,2026-05-04 20:12:40,28.8574733734131,-17.7866077423096,"Unknown"
"5020558",378628,2026-05-04 20:13:40,28.8574848175049,-17.7866725921631,"Unknown"
"5020558",378628,2026-05-04 20:14:40,28.8574886322021,-17.786714553833,"Unknown"
"5020558",378628,2026-05-04 20:15:40,28.8575000762939,-17.7867336273193,"Unknown"
"5020558",378628,2026-05-04 20:16:40,28.8575248718262,-17.7867832183838,"Unknown"
"5020558",378628,2026-05-04 20:17:40,28.8575572967529,-17.7868328094482,"Unknown"
"5020558",378628,2026-05-04 20:18:40,28.8575878143311,-17.7868785858154,"Unknown"
"5020558",378628,2026-05-04 20:19:40,28.8576030731201,-17.7869262695312,"Unknown"
"5020558",378628,2026-05-04 20:20:40,28.8576393127441,-17.7869720458984,"Unknown"
"5020558",378628,2026-05-04 20:21:40,28.8576812744141,-17.7870197296143,"Unknown"
"5020558",378628,2026-05-04 20:22:41,28.857723236084,-17.7870712280273,"Unknown"
"5020558",378628,2026-05-04 20:23:40,28.8577251434326,-17.7871208190918,"Unknown"
"5020558",378628,2026-05-04 20:24:40,28.8577251434326,-17.7871589660645,"Unknown"
"5020558",378628,2026-05-04 20:25:40,28.8577175140381,-17.7872104644775,"Unknown"
"5020558",378628,2026-05-04 20:26:40,28.8577003479004,-17.7872695922852,"Unknown"
"5020558",378628,2026-05-04 20:27:40,28.8576965332031,-17.7873458862305,"Unknown"
"5020558",378628,2026-05-04 20:28:40,28.8577041625977,-17.7874240875244,"Unknown"
"5020558",378628,2026-05-04 20:29:40,28.8576831817627,-17.7875194549561,"Unknown"
"5020558",378628,2026-05-04 20:30:40,28.8576641082764,-17.7876129150391,"Unknown"
"5020558",378628,2026-05-04 20:31:40,28.8576774597168,-17.7877197265625,"Unknown"
"5020558",378628,2026-05-04 20:32:40,28.8576641082764,-17.787769317627,"Unknown"
"5020558",378628,2026-05-04 20:33:40,28.85764503479,-17.7878589630127,"Unknown"
"5020558",378628,2026-05-04 20:34:40,28.8576259613037,-17.7879409790039,"Unknown"
"5020558",378628,2026-05-04 20:35:40,28.8576068878174,-17.7880249023438,"Unknown"
"5020558",378628,2026-05-04 20:36:40,28.8576030731201,-17.7881107330322,"Unknown"
"5020558",378628,2026-05-04 20:37:40,28.8575859069824,-17.7882118225098,"Unknown"
"5020558",378628,2026-05-04 20:38:40,28.8575878143311,-17.78830909729,"Unknown"
"5020558",378628,2026-05-04 20:39:40,28.8576068878174,-17.7883758544922,"Unknown"
"5020558",378628,2026-05-04 20:40:40,28.857608795166,-17.7885055541992,"Unknown"
"5020558",378628,2026-05-04 20:41:40,28.8575878143311,-17.7886180877686,"Unknown"
"5020558",378628,2026-05-04 20:42:40,28.8575954437256,-17.7887077331543,"Unknown"
"5020558",378628,2026-05-04 20:43:40,28.8576049804688,-17.788782119751,"Unknown"
"5020558",378628,2026-05-04 20:44:40,28.8576145172119,-17.7889003753662,"Unknown"
"5020558",378628,2026-05-04 20:45:40,28.8576335906982,-17.7890224456787,"Unknown"
"5020558",378628,2026-05-04 20:46:40,28.8576469421387,-17.7891502380371,"Unknown"
"5020558",378628,2026-05-04 20:47:40,28.8576622009277,-17.7892532348633,"Unknown"
"5020558",378628,2026-05-04 20:48:41,28.8548889160156,-17.7905807495117,"Unknown"
"5020558",378628,2026-05-04 20:49:41,28.8497486114502,-17.7932643890381,"Unknown"
"5020558",378628,2026-05-04 20:50:40,28.8468627929688,-17.7926464080811,"Unknown"
"5020558",378628,2026-05-04 20:51:41,28.8459796905518,-17.7873611450195,"Unknown"
"5020558",378628,2026-05-04 20:52:40,28.8443641662598,-17.7815570831299,"Unknown"
"5020558",378628,2026-05-04 20:53:41,28.8411293029785,-17.7761783599854,"Unknown"
"5020558",378628,2026-05-04 20:54:40,28.8363876342773,-17.7730770111084,"Unknown"
"5020558",378628,2026-05-04 20:55:40,28.8319568634033,-17.7695236206055,"Unknown"
"5020558",378628,2026-05-04 20:56:41,28.8264808654785,-17.7669067382812,"Unknown"
"5020558",378628,2026-05-04 20:57:40,28.8206634521484,-17.7662220001221,"Unknown"
"5020558",378628,2026-05-04 20:58:40,28.8151836395264,-17.764123916626,"Unknown"
"5020558",378628,2026-05-04 20:59:41,28.8101921081543,-17.7604694366455,"Unknown"
"5020558",378628,2026-05-04 21:00:40,28.8043727874756,-17.7589416503906,"Unknown"
"5020558",378628,2026-05-04 21:01:41,28.7981929779053,-17.7576732635498,"Unknown"
"5020558",378628,2026-05-04 21:02:41,28.7921676635742,-17.7563400268555,"Unknown"
"5020558",378628,2026-05-04 21:03:41,28.7863464355469,-17.7545776367188,"Unknown"
"5020558",378628,2026-05-04 21:04:41,28.7806453704834,-17.7527732849121,"Unknown"
"5020558",378628,2026-05-04 21:05:41,28.7760066986084,-17.7484188079834,"Unknown"
"5020558",378628,2026-05-04 21:06:41,28.7711601257324,-17.7445983886719,"Unknown"
"5020558",378628,2026-05-04 21:07:40,28.7667236328125,-17.7406482696533,"Unknown"
"5020558",378628,2026-05-04 21:08:41,28.7614936828613,-17.739444732666,"Unknown"
"5020558",378628,2026-05-04 21:09:40,28.7573719024658,-17.7367687225342,"Unknown"
"5020558",378628,2026-05-04 21:10:40,28.7525978088379,-17.7349281311035,"Unknown"
"5020558",378628,2026-05-04 21:11:41,28.748966217041,-17.7329654693604,"Unknown"
"5020558",378628,2026-05-04 21:12:40,28.7420215606689,-17.7325630187988,"Unknown"
"5020558",378628,2026-05-04 21:13:41,28.7350959777832,-17.7328319549561,"Unknown"
"5020558",378628,2026-05-04 21:14:41,28.7281589508057,-17.7349243164062,"Unknown"
"5020558",378628,2026-05-04 21:15:41,28.7208576202393,-17.7375335693359,"Unknown"
"5020558",378628,2026-05-04 21:16:41,28.7150020599365,-17.7415809631348,"Unknown"
"5020558",378628,2026-05-04 21:17:41,28.7114543914795,-17.7438888549805,"Unknown"
"5020558",378628,2026-05-04 21:18:42,28.7102451324463,-17.743860244751,"Unknown"
"5020558",378628,2026-05-04 21:19:41,28.7084541320801,-17.7449779510498,"Unknown"
"5020558",378628,2026-05-04 21:20:41,28.7053623199463,-17.7454071044922,"Unknown"
"5020558",378628,2026-05-04 21:21:42,28.7023696899414,-17.7532482147217,"Unknown"
"5020558",378628,2026-05-04 21:22:41,28.7015056610107,-17.7568302154541,"Unknown"
"5020558",378628,2026-05-04 21:23:41,28.6992321014404,-17.7633972167969,"Unknown"
"5020558",378628,2026-05-04 21:24:41,28.699821472168,-17.7670116424561,"Unknown"
"5020558",378628,2026-05-04 21:25:41,28.6998729705811,-17.7668552398682,"Unknown"
"5020558",378628,2026-05-04 21:26:43,28.6996364593506,-17.7665233612061,"Unknown"
"5020558",378628,2026-05-04 21:27:41,28.7010612487793,-17.7706298828125,"Unknown"
"5020558",378628,2026-05-04 21:28:40,28.7020416259766,-17.775089263916,"Unknown"
"5020558",378628,2026-05-04 21:30:03,28.7021579742432,-17.7829627990723,"Unknown"
"5020558",378628,2026-05-04 21:30:40,28.7018852233887,-17.786003112793,"Unknown"
"5020558",378628,2026-05-04 21:31:41,28.7022514343262,-17.7887783050537,"Unknown"
"5020558",378628,2026-05-04 21:32:41,28.7043170928955,-17.7851581573486,"Unknown"
"5020558",378628,2026-05-04 21:33:41,28.7053413391113,-17.7871131896973,"Unknown"
"5020558",378628,2026-05-04 21:34:40,28.707986831665,-17.7844886779785,"Unknown"
"5020558",378628,2026-05-04 21:35:41,28.7061634063721,-17.789794921875,"Unknown"
"5020558",378628,2026-05-04 21:36:40,28.7050933837891,-17.7916984558105,"Unknown"
"5020558",378628,2026-05-04 21:37:42,28.7085800170898,-17.7963619232178,"Unknown"
"5020558",378628,2026-05-04 21:38:41,28.7080612182617,-17.7961196899414,"Unknown"
"5020558",378628,2026-05-04 21:39:41,28.7081279754639,-17.7955474853516,"Unknown"
"5020558",378628,2026-05-04 21:40:43,28.7100200653076,-17.7970237731934,"Unknown"
"5020558",378628,2026-05-04 21:43:05,28.7083015441895,-17.7963161468506,"Unknown"
"5020558",378628,2026-05-04 21:43:06,28.7082691192627,-17.7963886260986,"Unknown"
"5020558",378628,2026-05-04 21:44:09,28.708532333374,-17.7966156005859,"Unknown"
"5020558",378628,2026-05-04 21:45:11,28.7088165283203,-17.7968215942383,"Unknown"
"5020558",378628,2026-05-04 21:46:10,28.7086601257324,-17.7973251342773,"Unknown"
"5020558",378628,2026-05-04 21:47:14,28.7083053588867,-17.7967166900635,"Unknown"
"5020558",378628,2026-05-04 21:48:09,28.7090148925781,-17.7972068786621,"Unknown"
"5020558",378628,2026-05-04 21:50:15,28.7082939147949,-17.7970447540283,"Unknown"
"5020558",378628,2026-05-04 21:50:16,28.7082939147949,-17.7970447540283,"Unknown"
"5020558",378628,2026-05-04 21:51:21,28.7083873748779,-17.7970275878906,"Unknown"
"5020558",378628,2026-05-04 21:52:19,28.7081489562988,-17.7970218658447,"Unknown"
"5020558",378628,2026-05-04 21:53:22,28.7083415985107,-17.7970104217529,"Unknown"
"5020558",378628,2026-05-04 21:54:35,28.7083187103271,-17.797046661377,"Unknown"
"5020558",378628,2026-05-04 21:56:19,28.70827293396,-17.7970542907715,"Unknown"
"5020558",378628,2026-05-04 21:56:20,28.70827293396,-17.7970542907715,"Unknown"
"5020558",378628,2026-05-04 21:57:34,28.708309173584,-17.7970314025879,"Unknown"
"5020558",378628,2026-05-04 21:58:49,28.7083320617676,-17.7970371246338,"Unknown"
"5020558",378628,2026-05-04 21:59:41,28.7083187103271,-17.797025680542,"Unknown"
"5020558",378628,2026-05-04 22:00:55,28.7083911895752,-17.7970218658447,"Unknown"
"5020558",378628,2026-05-04 22:02:48,28.7083339691162,-17.797046661377,"Unknown"
"5020558",378628,2026-05-04 22:04:18,28.7083282470703,-17.7970314025879,"Unknown"
"5020558",378628,2026-05-04 22:05:14,28.7083187103271,-17.797046661377,"Unknown"
"5020558",378628,2026-05-04 22:05:27,28.7083396911621,-17.7970275878906,"Unknown"
"5020558",378628,2026-05-04 22:07:48,28.7083377838135,-17.7970314025879,"Unknown"
"5020558",378628,2026-05-04 22:09:18,28.7083301544189,-17.7970314025879,"Unknown"
"5020558",378628,2026-05-04 22:10:48,28.7083034515381,-17.7970314025879,"Unknown"
"5020558",378628,2026-05-04 22:11:17,28.708309173584,-17.7970333099365,"Unknown"
"5020558",378628,2026-05-04 22:11:53,28.708423614502,-17.7969837188721,"Unknown"
"5020558",378628,2026-05-04 22:12:57,28.7082176208496,-17.7970752716064,"Unknown"
"5020558",378628,2026-05-04 22:13:55,28.7083148956299,-17.7970409393311,"Unknown"
"5020558",378628,2026-05-04 22:16:18,28.7083396911621,-17.7970199584961,"Unknown"
"5020558",378628,2026-05-04 22:16:56,28.7083225250244,-17.7970161437988,"Unknown"
"5020558",378628,2026-05-04 22:17:23,28.7082023620605,-17.7970638275146,"Unknown"
"5020558",378628,2026-05-04 22:18:59,28.7082996368408,-17.7970275878906,"Unknown"
"5020558",378628,2026-05-04 22:19:24,28.708309173584,-17.7970027923584,"Unknown"
"5020558",378628,2026-05-04 22:20:24,28.708194732666,-17.7971038818359,"Unknown"
"5020558",378628,2026-05-04 22:22:48,28.7082748413086,-17.7970657348633,"Unknown"
"5020558",378628,2026-05-04 22:23:32,28.7082977294922,-17.7970447540283,"Unknown"
"5020558",378628,2026-05-04 22:34:18,28.7082862854004,-17.7970714569092,"Unknown"
"5020558",378628,2026-05-04 22:35:48,28.7082691192627,-17.7970714569092,"Unknown"
"5020558",378628,2026-05-04 22:45:48,28.7082920074463,-17.7970409393311,"Unknown"
"5020558",378628,2026-05-04 22:47:18,28.7082939147949,-17.7970123291016,"Unknown"
"5020558",378628,2026-05-04 22:55:54,28.7081546783447,-17.7963180541992,"Unknown"
"5020558",378628,2026-05-04 22:56:54,28.7081508636475,-17.7965278625488,"Unknown"
"5020558",378628,2026-05-04 22:57:53,28.708309173584,-17.7963485717773,"Unknown"
"5020558",378628,2026-05-04 23:07:53,28.708532333374,-17.7966384887695,"Unknown"
"5020558",378628,2026-05-04 23:09:01,28.7081565856934,-17.7967491149902,"Unknown"
"5020558",378628,2026-05-04 23:11:18,28.7082862854004,-17.7967338562012,"Unknown"
"5020558",378628,2026-05-04 23:21:18,28.7082748413086,-17.7967433929443,"Unknown"
"5020558",378628,2026-05-04 23:31:18,28.7082061767578,-17.7967777252197,"Unknown"
"5020558",378628,2026-05-04 23:41:18,28.7082672119141,-17.7967433929443,"Unknown"
"5020558",378628,2026-05-04 23:50:00,28.7084159851074,-17.7961521148682,"Unknown"
"5020558",378628,2026-05-05,28.7090034484863,-17.7967262268066,"Unknown"
"5020558",378628,2026-05-05 00:11:18,28.7083034515381,-17.797082901001,"Unknown"
"5020558",378628,2026-05-05 00:21:18,28.7083530426025,-17.7970771789551,"Unknown"
"5020558",378628,2026-05-05 00:31:18,28.7083358764648,-17.797046661377,"Unknown"
"5020558",378628,2026-05-05 00:41:18,28.7082633972168,-17.7970790863037,"Unknown"
"5020558",378628,2026-05-05 00:51:18,28.7082424163818,-17.7971439361572,"Unknown"
"5020558",378628,2026-05-05 01:01:18,28.7086219787598,-17.796802520752,"Unknown"
"5020558",378628,2026-05-05 01:11:18,28.708381652832,-17.7968997955322,"Unknown"
"5020558",378628,2026-05-05 01:20:05,28.7089061737061,-17.796012878418,"Unknown"
"5020558",378628,2026-05-05 01:30:04,28.7092208862305,-17.7956256866455,"Unknown"
"5020558",378628,2026-05-05 01:40:17,28.7100124359131,-17.7954273223877,"Unknown"
"5020558",378628,2026-05-05 01:51:01,28.7102947235107,-17.7986259460449,"Unknown"
"5020558",378628,2026-05-05 02:00:10,28.7100486755371,-17.7968101501465,"Unknown"
"5020558",378628,2026-05-05 02:11:04,28.7082862854004,-17.7970733642578,"Unknown"
"5020558",378628,2026-05-05 02:20:08,28.7085418701172,-17.7970638275146,"Unknown"
"5020558",378628,2026-05-05 02:30:00,28.7108020782471,-17.7963085174561,"Unknown"
"5020558",378628,2026-05-05 02:41:18,28.7082767486572,-17.7970657348633,"Unknown"
"5020558",378628,2026-05-05 02:50:10,28.7093601226807,-17.7965660095215,"Unknown"
"5020558",378628,2026-05-05 03:00:31,28.7090225219727,-17.7967319488525,"Unknown"
"5020558",378628,2026-05-05 03:10:13,28.7123165130615,-17.7955207824707,"Unknown"
"5020558",378628,2026-05-05 03:19:52,28.6952362060547,-17.7315368652344,"Unknown"
"5020558",378628,2026-05-05 03:29:52,28.6949710845947,-17.7307605743408,"Unknown"
"5020558",378628,2026-05-05 03:39:52,28.6946277618408,-17.7302112579346,"Unknown"
"5020558",378628,2026-05-05 03:49:53,28.7280750274658,-17.716760635376,"Unknown"
"5020558",378628,2026-05-05 03:59:57,28.7287254333496,-17.7155742645264,"Unknown"
"5020558",378628,2026-05-05 04:09:55,28.729305267334,-17.714973449707,"Unknown"
"5020558",378628,2026-05-05 04:20:17,28.7299003601074,-17.714168548584,"Unknown"
"5020558",378628,2026-05-05 04:29:52,28.7304916381836,-17.7133731842041,"Unknown"
"5020558",378628,2026-05-05 04:39:55,28.731128692627,-17.7123508453369,"Unknown"
"5020558",378628,2026-05-05 04:49:53,28.7318096160889,-17.7110004425049,"Unknown"
"5020558",378628,2026-05-05 04:59:53,28.7325401306152,-17.7097568511963,"Unknown"
"5020558",378628,2026-05-05 05:09:52,28.7330589294434,-17.7085742950439,"Unknown"
"5020558",378628,2026-05-05 05:19:53,28.7336978912354,-17.7075901031494,"Unknown"
"5020558",378628,2026-05-05 05:29:53,28.7342586517334,-17.7067203521729,"Unknown"
"5020558",378628,2026-05-05 05:39:53,28.7348823547363,-17.7060413360596,"Unknown"
"5020558",378628,2026-05-05 05:49:55,28.7352085113525,-17.705394744873,"Unknown"
"5020558",378628,2026-05-05 06:01:18,28.728235244751,-17.6487274169922,"Unknown"
"5020558",378628,2026-05-05 06:11:03,28.7181549072266,-17.599494934082,"Unknown"
"5020558",378628,2026-05-05 06:21:18,28.6922512054443,-17.5504989624023,"Unknown"
"5020558",378628,2026-05-05 06:31:18,28.6742134094238,-17.5036659240723,"Unknown"
"5020558",378628,2026-05-05 06:40:13,28.6647033691406,-17.4595642089844,"Unknown"
"5020558",378628,2026-05-05 06:49:58,28.665584564209,-17.4122047424316,"Unknown"
"5020558",378628,2026-05-05 06:59:57,28.6535701751709,-17.3646221160889,"Unknown"
"5020558",378628,2026-05-05 07:11:18,28.6674537658691,-17.3168048858643,"Unknown"
"5020558",378628,2026-05-05 07:20:52,28.6648864746094,-17.2857398986816,"Unknown"
"5020558",378628,2026-05-05 07:29:55,28.6690769195557,-17.2880096435547,"Unknown"
"5020558",378628,2026-05-05 07:40:05,28.6704406738281,-17.2936172485352,"Unknown"
"5020558",378628,2026-05-05 07:49:54,28.66943359375,-17.2984104156494,"Unknown"
"5020558",378628,2026-05-05 07:59:52,28.6725578308105,-17.3042659759521,"Unknown"
"5020558",378628,2026-05-05 08:09:52,28.6807041168213,-17.3081130981445,"Unknown"
"5020558",378628,2026-05-05 08:20:25,28.6840801239014,-17.3113842010498,"Unknown"
"5020558",378628,2026-05-05 08:29:56,28.6891269683838,-17.3163738250732,"Unknown"
"5020558",378628,2026-05-05 08:40:00,28.6928787231445,-17.3220520019531,"Unknown"
"5020558",378628,2026-05-05 08:49:56,28.693567276001,-17.3242263793945,"Unknown"
"5020558",378628,2026-05-05 08:59:54,28.6931056976318,-17.3303890228271,"Unknown"
"5020558",378628,2026-05-05 09:09:53,28.6931304931641,-17.3324298858643,"Unknown"
"5020558",378628,2026-05-05 09:19:53,28.6931114196777,-17.3346424102783,"Unknown"
"5020558",378628,2026-05-05 09:24:54,28.6929988861084,-17.3356990814209,"Unknown"
"5020558",378628,2026-05-05 09:29:53,28.6928806304932,-17.3367385864258,"Unknown"
"5020558",378628,2026-05-05 09:34:55,28.69211769104,-17.3401489257812,"Unknown"
"5020558",378628,2026-05-05 09:39:52,28.690242767334,-17.3417510986328,"Unknown"
"5020558",378628,2026-05-05 09:44:54,28.6858596801758,-17.3424549102783,"Unknown"
"5020558",378628,2026-05-05 09:49:55,28.6829986572266,-17.3420257568359,"Unknown"
"5020558",378628,2026-05-05 09:54:53,28.6793785095215,-17.3463096618652,"Unknown"
"5020558",378628,2026-05-05 10:00:16,28.6768398284912,-17.347484588623,"Unknown"
"5020558",378628,2026-05-05 10:04:52,28.6743850708008,-17.3492794036865,"Unknown"
"5020558",378628,2026-05-05 10:09:52,28.674337387085,-17.3505439758301,"Unknown"
"5020558",378628,2026-05-05 10:14:54,28.6741828918457,-17.3499622344971,"Unknown"
"5020558",378628,2026-05-05 10:20:07,28.6740493774414,-17.3255348205566,"Unknown"
"5020558",378628,2026-05-05 10:24:52,28.6636924743652,-17.3037548065186,"Unknown"
"5020558",378628,2026-05-05 10:29:56,28.6600017547607,-17.2780170440674,"Unknown"
"5020558",378628,2026-05-05 10:34:55,28.6594009399414,-17.273120880127,"Unknown"
"5020558",378628,2026-05-05 10:39:52,28.6592750549316,-17.271635055542,"Unknown"
"5020558",378628,2026-05-05 10:44:54,28.6594924926758,-17.2651538848877,"Unknown"
"5020558",378628,2026-05-05 10:49:53,28.6585273742676,-17.2455921173096,"Unknown"
"5020558",378628,2026-05-05 10:54:53,28.6627216339111,-17.2220344543457,"Unknown"
"5020558",378628,2026-05-05 10:59:54,28.6578006744385,-17.1973667144775,"Unknown"
"5020558",378628,2026-05-05 11:05:03,28.6469535827637,-17.1815071105957,"Unknown"
"5020558",378628,2026-05-05 11:09:52,28.638391494751,-17.1710758209229,"Unknown"
"5020558",378628,2026-05-05 11:14:55,28.6274852752686,-17.1670532226562,"Unknown"
"5020558",378628,2026-05-05 11:20:16,28.6228713989258,-17.1618003845215,"Unknown"
"5020558",378628,2026-05-05 11:24:55,28.6200408935547,-17.1576137542725,"Unknown"
"5020558",378628,2026-05-05 11:29:51,28.6178951263428,-17.1539993286133,"Unknown"
"5020558",378628,2026-05-05 11:34:55,28.6152572631836,-17.1482200622559,"Unknown"
"5020558",378628,2026-05-05 11:39:53,28.6134128570557,-17.1452026367188,"Unknown"
"5020558",378628,2026-05-05 11:44:55,28.6150665283203,-17.141471862793,"Unknown"
"5020558",378628,2026-05-05 11:49:54,28.6104602813721,-17.1375350952148,"Unknown"
"5020558",378628,2026-05-05 11:54:55,28.6071834564209,-17.130880355835,"Unknown"
"5020558",378628,2026-05-05 12:00:17,28.6037330627441,-17.1304550170898,"Unknown"
"5020558",378628,2026-05-05 12:04:53,28.603006362915,-17.1304302215576,"Unknown"
"5020558",378628,2026-05-05 12:09:54,28.599645614624,-17.124662399292,"Unknown"
"5020558",378628,2026-05-05 12:14:54,28.5956001281738,-17.1196880340576,"Unknown"
"5020558",378628,2026-05-05 12:19:56,28.5899314880371,-17.1176776885986,"Unknown"
"5020558",378628,2026-05-05 12:24:55,28.5864562988281,-17.1177387237549,"Unknown"
"5020558",378628,2026-05-05 12:29:55,28.5840702056885,-17.114673614502,"Unknown"
"5020558",378628,2026-05-05 12:34:54,28.5819683074951,-17.1112365722656,"Unknown"
"5020558",378628,2026-05-05 12:39:53,28.5810623168945,-17.1096782684326,"Unknown"
"5020558",378628,2026-05-05 12:44:53,28.5814971923828,-17.110502243042,"Unknown"
"5020558",378628,2026-05-05 12:49:57,28.5820369720459,-17.1113319396973,"Unknown"
"5020558",378628,2026-05-05 12:54:56,28.5738868713379,-17.1178722381592,"Unknown"
"5020558",378628,2026-05-05 13:00:16,28.5704002380371,-17.1176567077637,"Unknown"
"5020558",378628,2026-05-05 13:04:54,28.5709266662598,-17.1182231903076,"Unknown"
"5020558",378628,2026-05-05 13:09:53,28.5635623931885,-17.1205921173096,"Unknown"
"5020558",378628,2026-05-05 13:14:53,28.5632381439209,-17.1210918426514,"Unknown"
"5020558",378628,2026-05-05 13:19:54,28.563627243042,-17.1220722198486,"Unknown"
"5020558",378628,2026-05-05 13:24:53,28.5641899108887,-17.1227798461914,"Unknown"
"5020558",378628,2026-05-05 13:29:54,28.5647983551025,-17.1234569549561,"Unknown"
"5020558",378628,2026-05-05 13:34:56,28.5654678344727,-17.1242046356201,"Unknown"
"5020558",378628,2026-05-05 13:39:54,28.5660800933838,-17.1249027252197,"Unknown"
"5020558",378628,2026-05-05 13:44:52,28.5667819976807,-17.1254940032959,"Unknown"
"5020558",378628,2026-05-05 13:49:53,28.5674667358398,-17.1260643005371,"Unknown"
"5020558",378628,2026-05-05 13:54:56,28.5680999755859,-17.1265411376953,"Unknown"
"5020558",378628,2026-05-05 13:59:55,28.5687713623047,-17.1270370483398,"Unknown"
"5020558",378628,2026-05-05 14:05:09,28.5693740844727,-17.1271877288818,"Unknown"
"5020558",378628,2026-05-05 14:09:58,28.5701274871826,-17.1279754638672,"Unknown"
"5020558",378628,2026-05-05 14:14:54,28.5706806182861,-17.1284255981445,"Unknown"
"5020558",378628,2026-05-05 14:19:54,28.571310043335,-17.1288719177246,"Unknown"
"5020558",378628,2026-05-05 14:24:58,28.5718555450439,-17.1293678283691,"Unknown"
"5020558",378628,2026-05-05 14:29:59,28.5724678039551,-17.1298408508301,"Unknown"
"5020558",378628,2026-05-05 14:34:56,28.5731506347656,-17.1303806304932,"Unknown"
"5020558",378628,2026-05-05 14:39:56,28.5740089416504,-17.1309261322021,"Unknown"
"5020558",378628,2026-05-05 14:45:02,28.5750064849854,-17.1314067840576,"Unknown"
"5020558",378628,2026-05-05 14:50:00,28.5758457183838,-17.131872177124,"Unknown"
"5020558",378628,2026-05-05 14:55:01,28.5765705108643,-17.1322498321533,"Unknown"
"5020558",378628,2026-05-05 14:59:56,28.5771732330322,-17.1326904296875,"Unknown"
"5020558",378628,2026-05-05 15:05:04,28.5778217315674,-17.1330795288086,"Unknown"
"5020558",378628,2026-05-05 15:10:17,28.5784645080566,-17.1334171295166,"Unknown"
"5020558",378628,2026-05-05 15:14:57,28.5788879394531,-17.1337718963623,"Unknown"
"5020558",378628,2026-05-05 15:19:57,28.5793724060059,-17.1340713500977,"Unknown"
"5020558",378628,2026-05-05 15:24:56,28.5711364746094,-17.1314182281494,"Unknown"
"5020558",378628,2026-05-05 15:29:56,28.5437755584717,-17.1194019317627,"Unknown"
"5020558",378628,2026-05-05 15:34:55,28.5488204956055,-17.1121635437012,"Unknown"
"5020558",378628,2026-05-05 15:39:55,28.5516147613525,-17.1149063110352,"Unknown"
"5020558",378628,2026-05-05 15:44:54,28.5524597167969,-17.1156063079834,"Unknown"
"5020558",378628,2026-05-05 15:49:55,28.5561676025391,-17.11669921875,"Unknown"
"5020558",378628,2026-05-05 15:54:56,28.5573177337646,-17.1174030303955,"Unknown"
"5020558",378628,2026-05-05 15:59:54,28.5610466003418,-17.1198043823242,"Unknown"
"5020558",378628,2026-05-05 16:05:17,28.5621700286865,-17.1204566955566,"Unknown"
"5020558",378628,2026-05-05 16:09:55,28.5653076171875,-17.1218852996826,"Unknown"
"5020558",378628,2026-05-05 16:14:53,28.5691890716553,-17.1230125427246,"Unknown"
"5020558",378628,2026-05-05 16:19:54,28.5701313018799,-17.1234264373779,"Unknown"
"5020558",378628,2026-05-05 16:24:59,28.5697593688965,-17.1283912658691,"Unknown"
"5020558",378628,2026-05-05 16:29:55,28.5689888000488,-17.1302394866943,"Unknown"
"5020558",378628,2026-05-05 16:34:54,28.5667114257812,-17.1326522827148,"Unknown"
"5020558",378628,2026-05-05 16:39:55,28.5655136108398,-17.1352386474609,"Unknown"
"5020558",378628,2026-05-05 16:44:55,28.5626239776611,-17.137020111084,"Unknown"
"5020558",378628,2026-05-05 16:49:55,28.5583724975586,-17.1407623291016,"Unknown"
"5020558",378628,2026-05-05 16:54:56,28.5530796051025,-17.1436100006104,"Unknown"
"5020558",378628,2026-05-05 16:59:54,28.5481815338135,-17.1417999267578,"Unknown"
"5020558",378628,2026-05-05 17:04:56,28.5274353027344,-17.1237945556641,"Unknown"
"5020558",378628,2026-05-05 17:09:55,28.5115947723389,-17.0996284484863,"Unknown"
"5020558",378628,2026-05-05 17:14:57,28.499137878418,-17.0786037445068,"Unknown"
"5020558",378628,2026-05-05 17:19:57,28.4804019927979,-17.057975769043,"Unknown"
"5020558",378628,2026-05-05 17:24:58,28.4808254241943,-17.0620708465576,"Unknown"
"5020558",378628,2026-05-05 17:29:57,28.4827709197998,-17.0651931762695,"Unknown"
"5020558",378628,2026-05-05 17:34:57,28.4840126037598,-17.0680980682373,"Unknown"
"5020558",378628,2026-05-05 17:39:57,28.4841194152832,-17.0706043243408,"Unknown"
"5020558",378628,2026-05-05 17:44:57,28.4876461029053,-17.0721092224121,"Unknown"
"5020558",378628,2026-05-05 17:49:54,28.4879779815674,-17.0742225646973,"Unknown"
"5020558",378628,2026-05-05 17:55:00,28.4858474731445,-17.0719680786133,"Unknown"
"5020558",378628,2026-05-05 17:59:57,28.4820804595947,-17.0472812652588,"Unknown"
"5020558",378628,2026-05-05 18:04:57,28.467903137207,-17.0278282165527,"Unknown"
"5020558",378628,2026-05-05 18:09:55,28.4449367523193,-17.0089893341064,"Unknown"
"5020558",378628,2026-05-05 18:14:56,28.4280834197998,-16.9988784790039,"Unknown"
"5020558",378628,2026-05-05 18:19:54,28.4045963287354,-17.0037536621094,"Unknown"
"5020558",378628,2026-05-05 18:24:55,28.3749599456787,-16.9936275482178,"Unknown"
"5020558",378628,2026-05-05 18:29:55,28.3528919219971,-16.9718647003174,"Unknown"
"5020558",378628,2026-05-05 18:34:55,28.3356246948242,-16.9510097503662,"Unknown"
"5020558",378628,2026-05-05 18:39:59,28.3389587402344,-16.957935333252,"Unknown"
"5020558",378628,2026-05-05 18:44:55,28.3359565734863,-16.9667434692383,"Unknown"
"5020558",378628,2026-05-05 18:49:54,28.3345012664795,-16.9748134613037,"Unknown"
"5020558",378628,2026-05-05 18:56:20,28.3303833007812,-16.9623069763184,"Unknown"
"5020558",378628,2026-05-05 21:26:02,27.585506439209,-16.546350479126,"Unknown"
"5020558",378628,2026-05-05 21:35:17,27.5851669311523,-16.5457420349121,"Unknown"
"5020558",378628,2026-05-05 21:44:54,27.5797557830811,-16.5388832092285,"Unknown"
"5020558",378628,2026-05-05 21:54:54,27.5346717834473,-16.4904441833496,"Unknown"
"5020558",378628,2026-05-05 22:04:55,27.4968109130859,-16.4374504089355,"Unknown"
"5020558",378628,2026-05-05 22:14:57,27.4580917358398,-16.3836631774902,"Unknown"
"5020558",378628,2026-05-05 22:24:54,27.4277057647705,-16.3260459899902,"Unknown"
"5020558",378628,2026-05-05 22:34:57,27.4031143188477,-16.2639312744141,"Unknown"
"5020558",378628,2026-05-05 22:44:56,27.3711318969727,-16.203857421875,"Unknown"
"5020558",378628,2026-05-05 22:54:56,27.3672924041748,-16.2021560668945,"Unknown"
"5020558",378628,2026-05-05 23:05:17,27.365743637085,-16.2037410736084,"Unknown"
"5020558",378628,2026-05-05 23:14:54,27.364143371582,-16.2053413391113,"Unknown"
"5020558",378628,2026-05-05 23:24:55,27.3574523925781,-16.2002449035645,"Unknown"
"5020558",378628,2026-05-05 23:34:55,27.3560657501221,-16.2022380828857,"Unknown"
"5020558",378628,2026-05-05 23:44:57,27.3319358825684,-16.1675300598145,"Unknown"
"5020558",378628,2026-05-05 23:54:53,27.3061180114746,-16.1265869140625,"Unknown"
"5020558",378628,2026-05-06 00:04:56,27.2837524414062,-16.0868740081787,"Unknown"
"5020558",378628,2026-05-06 00:16:20,27.2465362548828,-16.0508422851562,"Unknown"
"5020558",378628,2026-05-06 00:26:20,27.2068653106689,-16.0216808319092,"Unknown"
"5020558",378628,2026-05-06 00:36:20,27.1609516143799,-15.995979309082,"Unknown"
"5020558",378628,2026-05-06 00:46:20,27.1140193939209,-15.969931602478,"Unknown"
"5020558",378628,2026-05-06 00:56:20,27.0646533966064,-15.9396295547485,"Unknown"
"5020558",378628,2026-05-06 01:06:20,27.0149612426758,-15.9054088592529,"Unknown"
"5020558",378628,2026-05-06 01:16:20,26.9646339416504,-15.8701610565186,"Unknown"
"5020558",378628,2026-05-06 01:26:20,26.9139461517334,-15.833044052124,"Unknown"
"5020558",378628,2026-05-06 01:36:20,26.8625087738037,-15.7946939468384,"Unknown"
"5020558",378628,2026-05-06 01:46:20,26.8128623962402,-15.7529745101929,"Unknown"
"5020558",378628,2026-05-06 07:25:26,25.6036987304688,-14.7907600402832,"Unknown"
"5020558",378628,2026-05-06 08:24:54,25.59375,-14.7978286743164,"Unknown"
"5020558",378628,2026-05-06 08:44:55,25.5902729034424,-14.799750328064,"Unknown"
"5020558",378628,2026-05-06 08:54:54,25.5884170532227,-14.8008766174316,"Unknown"
"5020558",378628,2026-05-06 09:04:56,25.5866794586182,-14.8018550872803,"Unknown"
"5020558",378628,2026-05-06 09:14:55,25.5883750915527,-14.8009366989136,"Unknown"
"5020558",378628,2026-05-06 09:24:55,25.58642578125,-14.8021612167358,"Unknown"
"5020558",378628,2026-05-06 09:34:56,25.5910491943359,-14.8097610473633,"Unknown"
"5020558",378628,2026-05-06 09:39:58,25.5925159454346,-14.8131799697876,"Unknown"
"5020558",378628,2026-05-06 09:44:56,25.592227935791,-14.812479019165,"Unknown"
"5020558",378628,2026-05-06 09:49:58,25.5914783477783,-14.8119096755981,"Unknown"
"5020558",378628,2026-05-06 09:54:59,25.5905380249023,-14.812403678894,"Unknown"
"5020558",378628,2026-05-06 10:00:16,25.5896492004395,-14.8127183914185,"Unknown"
"5020558",378628,2026-05-06 10:04:56,25.5888748168945,-14.8131551742554,"Unknown"
"5020558",378628,2026-05-06 10:09:54,25.5880832672119,-14.8135089874268,"Unknown"
"5020558",378628,2026-05-06 10:14:55,25.5872058868408,-14.8139753341675,"Unknown"
"5020558",378628,2026-05-06 10:19:58,25.5863189697266,-14.8144636154175,"Unknown"
"5020558",378628,2026-05-06 10:24:58,25.5854377746582,-14.8149814605713,"Unknown"
"5020558",378628,2026-05-06 10:29:57,25.5845756530762,-14.8154554367065,"Unknown"
"5020558",378628,2026-05-06 10:34:57,25.5837020874023,-14.8157958984375,"Unknown"
"5020558",378628,2026-05-06 10:39:58,25.5828952789307,-14.8162155151367,"Unknown"
"5020558",378628,2026-05-06 10:44:57,25.5820293426514,-14.816668510437,"Unknown"
"5020558",378628,2026-05-06 10:49:58,25.5812320709229,-14.8171720504761,"Unknown"
"5020558",378628,2026-05-06 10:54:57,25.5803718566895,-14.8177452087402,"Unknown"
"5020558",378628,2026-05-06 10:59:59,25.5793704986572,-14.8183107376099,"Unknown"
"5020558",378628,2026-05-06 11:04:56,25.5783252716064,-14.8188152313232,"Unknown"
"5020558",378628,2026-05-06 11:09:59,25.5772571563721,-14.8192758560181,"Unknown"
"5020558",378628,2026-05-06 11:14:58,25.5762157440186,-14.8195600509644,"Unknown"
"5020558",378628,2026-05-06 11:19:57,25.5752010345459,-14.8200082778931,"Unknown"
"5020558",378628,2026-05-06 11:25:03,25.574182510376,-14.8205327987671,"Unknown"
"5020558",378628,2026-05-06 11:30:02,25.5732326507568,-14.8211250305176,"Unknown"
"5020558",378628,2026-05-06 11:34:58,25.5722274780273,-14.8216552734375,"Unknown"
"5020558",378628,2026-05-06 11:39:58,25.571231842041,-14.8222246170044,"Unknown"
"5020558",378628,2026-05-06 11:44:59,25.5702114105225,-14.8227787017822,"Unknown"
"5020558",378628,2026-05-06 11:49:55,25.5691032409668,-14.8232202529907,"Unknown"
"5020558",378628,2026-05-06 11:54:58,25.5680294036865,-14.8236198425293,"Unknown"
"5020558",378628,2026-05-06 12:00:03,25.5669345855713,-14.8240442276001,"Unknown"
"5020558",378628,2026-05-06 12:05:17,25.5657253265381,-14.8244552612305,"Unknown"
"5020558",378628,2026-05-06 12:09:56,25.5648002624512,-14.8249673843384,"Unknown"
"5020558",378628,2026-05-06 12:14:55,25.5648174285889,-14.8225831985474,"Unknown"
"5020558",378628,2026-05-06 12:19:55,25.5636253356934,-14.8229713439941,"Unknown"
"5020558",378628,2026-05-06 12:24:57,25.5664653778076,-14.8285665512085,"Unknown"
"5020558",378628,2026-05-06 12:29:55,25.5672798156738,-14.831226348877,"Unknown"
"5020558",378628,2026-05-06 12:34:55,25.5662841796875,-14.8316230773926,"Unknown"
"5020558",378628,2026-05-06 12:39:57,25.5652141571045,-14.8318395614624,"Unknown"
"5020558",378628,2026-05-06 12:44:55,25.5641841888428,-14.8321990966797,"Unknown"
"5020558",378628,2026-05-06 12:49:58,25.5631160736084,-14.832691192627,"Unknown"
"5020558",378628,2026-05-06 12:54:58,25.5620880126953,-14.8330316543579,"Unknown"
"5020558",378628,2026-05-06 12:59:57,25.5658302307129,-14.8379230499268,"Unknown"
"5020558",378628,2026-05-06 13:04:59,25.5713958740234,-14.8471841812134,"Unknown"
"5020558",378628,2026-05-06 13:10:05,25.5837478637695,-14.8335514068604,"Unknown"
"5020558",378628,2026-05-06 13:14:59,25.5898036956787,-14.8187980651855,"Unknown"
"5020558",378628,2026-05-06 13:19:57,25.5876502990723,-14.8199501037598,"Unknown"
"5020558",378628,2026-05-06 13:24:58,25.5858154296875,-14.8208770751953,"Unknown"
"5020558",378628,2026-05-06 13:29:58,25.5833148956299,-14.8241310119629,"Unknown"
"5020558",378628,2026-05-06 13:34:57,25.5652885437012,-14.8116674423218,"Unknown"
"5020558",378628,2026-05-06 13:39:58,25.548095703125,-14.7798280715942,"Unknown"
"5020558",378628,2026-05-06 13:46:19,25.5233039855957,-14.8042163848877,"Unknown"
"5020558",378628,2026-05-06 13:51:19,25.5175457000732,-14.8219537734985,"Unknown"
"5020558",378628,2026-05-06 13:56:19,25.5058097839355,-14.8392095565796,"Unknown"
"5020558",378628,2026-05-06 14:01:19,25.4929466247559,-14.8686122894287,"Unknown"
"5020558",378628,2026-05-06 14:06:19,25.4706707000732,-14.900562286377,"Unknown"
"5020558",378628,2026-05-06 14:11:19,25.4523143768311,-14.9094705581665,"Unknown"
"5020558",378628,2026-05-06 14:15:33,25.4502086639404,-14.9068994522095,"Unknown"
"5020558",378628,2026-05-06 14:19:54,25.4501857757568,-14.9061441421509,"Unknown"
"5020558",378628,2026-05-06 14:24:55,25.4483051300049,-14.9061212539673,"Unknown"
"5020558",378628,2026-05-06 14:29:55,25.4465084075928,-14.9053382873535,"Unknown"
"5020558",378628,2026-05-06 14:34:55,25.4433784484863,-14.9060497283936,"Unknown"
"5020558",378628,2026-05-06 14:39:55,25.4315490722656,-14.9091329574585,"Unknown"
"5020558",378628,2026-05-06 14:45:07,25.4293403625488,-14.9107627868652,"Unknown"
"5020558",378628,2026-05-06 14:49:55,25.428466796875,-14.9103002548218,"Unknown"
"5020558",378628,2026-05-06 14:54:55,25.4269771575928,-14.9121856689453,"Unknown"
"5020558",378628,2026-05-06 14:59:55,25.4259662628174,-14.9125299453735,"Unknown"
"5020558",378628,2026-05-06 15:04:57,25.4248008728027,-14.9128894805908,"Unknown"
"5020558",378628,2026-05-06 15:10:17,25.4237480163574,-14.9132480621338,"Unknown"
"5020558",378628,2026-05-06 15:14:55,25.4228820800781,-14.9135160446167,"Unknown"
"5020558",378628,2026-05-06 15:19:55,25.4218349456787,-14.9137687683105,"Unknown"
"5020558",378628,2026-05-06 15:24:55,25.420804977417,-14.9140405654907,"Unknown"
"5020558",378628,2026-05-06 15:29:55,25.4197883605957,-14.9143419265747,"Unknown"
"5020558",378628,2026-05-06 15:34:55,25.4187412261963,-14.9147052764893,"Unknown"
"5020558",378628,2026-05-06 15:39:55,25.4176731109619,-14.9150562286377,"Unknown"
"5020558",378628,2026-05-06 15:44:55,25.4166240692139,-14.91539478302,"Unknown"
"5020558",378628,2026-05-06 15:49:55,25.4155597686768,-14.9157009124756,"Unknown"
"5020558",378628,2026-05-06 15:54:57,25.4145317077637,-14.9160242080688,"Unknown"
"5020558",378628,2026-05-06 15:59:55,25.4136180877686,-14.9164533615112,"Unknown"
"5020558",378628,2026-05-06 16:06:45,25.4124412536621,-14.9170112609863,"Unknown"
"5020558",378628,2026-05-06 16:11:45,25.4122543334961,-14.9181299209595,"Unknown"
"5020558",378628,2026-05-06 16:16:45,25.4114780426025,-14.918478012085,"Unknown"
"5020558",378628,2026-05-06 16:21:45,25.4107265472412,-14.9188575744629,"Unknown"
"5020558",378628,2026-05-06 16:26:46,25.4099960327148,-14.919116973877,"Unknown"
"5020558",378628,2026-05-06 16:31:46,25.4093856811523,-14.9194917678833,"Unknown"
"5020558",378628,2026-05-06 16:36:46,25.4088516235352,-14.9198560714722,"Unknown"
"5020558",378628,2026-05-06 16:41:47,25.4083213806152,-14.9202995300293,"Unknown"
"5020558",378628,2026-05-06 16:46:46,25.4076519012451,-14.9206581115723,"Unknown"
"5020558",378628,2026-05-06 16:51:48,25.4068622589111,-14.9210624694824,"Unknown"
"5020558",378628,2026-05-06 16:56:46,25.4059143066406,-14.9214735031128,"Unknown"
"5020558",378628,2026-05-06 17:01:48,25.4052238464355,-14.9218759536743,"Unknown"
"5020558",378628,2026-05-06 17:06:48,25.4086322784424,-14.9099082946777,"Unknown"
"5020558",378628,2026-05-06 17:12:03,25.4078502655029,-14.9100513458252,"Unknown"
"5020558",378628,2026-05-06 17:16:45,25.4071254730225,-14.9102363586426,"Unknown"
"5020558",378628,2026-05-06 17:21:45,25.402515411377,-14.8991899490356,"Unknown"
"5020558",378628,2026-05-06 17:26:45,25.3911018371582,-14.8877744674683,"Unknown"
"5020558",378628,2026-05-06 17:31:45,25.3870677947998,-14.8734979629517,"Unknown"
"5020558",378628,2026-05-06 17:36:45,25.4089756011963,-14.8797302246094,"Unknown"
"5020558",378628,2026-05-06 17:41:46,25.4281368255615,-14.898588180542,"Unknown"
"5020558",378628,2026-05-06 17:46:47,25.4338054656982,-14.9270811080933,"Unknown"
"5020558",378628,2026-05-06 17:51:45,25.4336681365967,-14.9275388717651,"Unknown"
"5020558",378628,2026-05-06 17:56:45,25.4439430236816,-14.9360084533691,"Unknown"
"5020558",378628,2026-05-06 18:01:47,25.4679527282715,-14.9489631652832,"Unknown"
"5020558",378628,2026-05-06 18:06:45,25.4654979705811,-14.9472274780273,"Unknown"
"5020558",378628,2026-05-06 18:11:46,25.4664096832275,-14.947790145874,"Unknown"
"5020558",378628,2026-05-06 18:16:47,25.4655380249023,-14.9484148025513,"Unknown"
"5020558",378628,2026-05-06 18:21:47,25.4656028747559,-14.9582185745239,"Unknown"
"5020558",378628,2026-05-06 18:26:46,25.4641819000244,-14.962947845459,"Unknown"
"5020558",378628,2026-05-06 18:31:46,25.4633197784424,-14.963680267334,"Unknown"
"5020558",378628,2026-05-06 18:36:46,25.4648609161377,-14.9599781036377,"Unknown"
"5020558",378628,2026-05-06 18:41:47,25.470552444458,-14.9580707550049,"Unknown"
"5020558",378628,2026-05-06 18:46:45,25.4677848815918,-14.9574909210205,"Unknown"
"5020558",378628,2026-05-06 18:51:49,25.4669628143311,-14.9581117630005,"Unknown"
"5020558",378628,2026-05-06 18:57:17,25.4540348052979,-14.9414758682251,"Unknown"
"5020558",378628,2026-05-06 19:01:45,25.4550724029541,-14.9405174255371,"Unknown"
"5020558",378628,2026-05-06 19:06:45,25.4526042938232,-14.9377555847168,"Unknown"
"5020558",378628,2026-05-06 19:11:45,25.4520168304443,-14.9355535507202,"Unknown"
"5020558",378628,2026-05-06 19:16:45,25.4517498016357,-14.9337959289551,"Unknown"
"5020558",378628,2026-05-06 19:21:47,25.4516220092773,-14.9330282211304,"Unknown"
"5020558",378628,2026-05-06 19:26:45,25.4508018493652,-14.9335384368896,"Unknown"
"5020558",378628,2026-05-06 19:31:47,25.449951171875,-14.9340553283691,"Unknown"
"5020558",378628,2026-05-06 19:36:45,25.4491519927979,-14.9345808029175,"Unknown"
"5020558",378628,2026-05-06 19:41:46,25.4482955932617,-14.9351511001587,"Unknown"
"5020558",378628,2026-05-06 19:46:46,25.4473724365234,-14.9357347488403,"Unknown"
"5020558",378628,2026-05-06 19:51:46,25.4464168548584,-14.936354637146,"Unknown"
"5020558",378628,2026-05-06 19:56:46,25.4454154968262,-14.9368381500244,"Unknown"
"5020558",378628,2026-05-06 20:02:33,25.4460201263428,-14.940673828125,"Unknown"
"5020558",378628,2026-05-06 20:07:12,25.4453887939453,-14.9412107467651,"Unknown"
"5020558",378628,2026-05-06 20:12:12,25.4446887969971,-14.9418535232544,"Unknown"
"5020558",378628,2026-05-06 20:17:12,25.4440383911133,-14.9426326751709,"Unknown"
"5020558",378628,2026-05-06 20:22:12,25.4432048797607,-14.9430532455444,"Unknown"
"5020558",378628,2026-05-06 20:27:12,25.4424533843994,-14.9435033798218,"Unknown"
"5020558",378628,2026-05-06 20:32:12,25.4417114257812,-14.9441013336182,"Unknown"
"5020558",378628,2026-05-06 20:37:12,25.4409255981445,-14.9445247650146,"Unknown"
"5020558",378628,2026-05-06 20:42:13,25.4401435852051,-14.9451169967651,"Unknown"
"5020558",378628,2026-05-06 20:47:12,25.4393005371094,-14.9456386566162,"Unknown"
"5020558",378628,2026-05-06 20:52:13,25.4386100769043,-14.9462642669678,"Unknown"
"5020558",378628,2026-05-06 20:57:12,25.4379196166992,-14.9468021392822,"Unknown"
"5020558",378628,2026-05-06 21:02:14,25.4372177124023,-14.9474096298218,"Unknown"
"5020558",378628,2026-05-06 21:07:13,25.4364814758301,-14.9478569030762,"Unknown"
"5020558",378628,2026-05-06 21:12:13,25.4357528686523,-14.9482383728027,"Unknown"
"5020558",378628,2026-05-06 21:17:13,25.4352931976318,-14.9490976333618,"Unknown"
"5020558",378628,2026-05-06 21:22:13,25.4344501495361,-14.949631690979,"Unknown"
"5020558",378628,2026-05-06 21:27:13,25.4336566925049,-14.9501237869263,"Unknown"
"5020558",378628,2026-05-06 21:32:13,25.4328098297119,-14.9506244659424,"Unknown"
"5020558",378628,2026-05-06 21:37:12,25.4319591522217,-14.9510650634766,"Unknown"
"5020558",378628,2026-05-06 21:42:12,25.4310359954834,-14.9513368606567,"Unknown"
"5020558",378628,2026-05-06 21:47:14,25.430118560791,-14.9516525268555,"Unknown"
"5020558",378628,2026-05-06 21:52:13,25.4292469024658,-14.95201587677,"Unknown"
"5020558",378628,2026-05-06 21:57:13,25.4283008575439,-14.9523611068726,"Unknown"
"5020558",378628,2026-05-06 22:02:12,25.4273490905762,-14.9527130126953,"Unknown"
"5020558",378628,2026-05-06 22:07:13,25.4263668060303,-14.9530220031738,"Unknown"
"5020558",378628,2026-05-06 22:12:15,25.4253711700439,-14.9533166885376,"Unknown"
"5020558",378628,2026-05-06 22:17:12,25.4245185852051,-14.9533195495605,"Unknown"
"5020558",378628,2026-05-06 22:22:15,25.4235706329346,-14.9536504745483,"Unknown"
"5020558",378628,2026-05-06 22:27:14,25.4226245880127,-14.953953742981,"Unknown"
"5020558",378628,2026-05-06 22:32:15,25.4216499328613,-14.9542722702026,"Unknown"
"5020558",378628,2026-05-06 22:37:16,25.4207611083984,-14.9545974731445,"Unknown"
"5020558",378628,2026-05-06 22:42:15,25.4197540283203,-14.9549922943115,"Unknown"
"5020558",378628,2026-05-06 22:47:16,25.4187431335449,-14.955189704895,"Unknown"
"5020558",378628,2026-05-06 22:52:33,25.4176235198975,-14.9555940628052,"Unknown"
"5020558",378628,2026-05-06 22:57:13,25.4166984558105,-14.9559679031372,"Unknown"
"5020558",378628,2026-05-06 23:02:12,25.4156970977783,-14.9563636779785,"Unknown"
"5020558",378628,2026-05-06 23:07:12,25.4146461486816,-14.9567193984985,"Unknown"
"5020558",378628,2026-05-06 23:12:13,25.4135913848877,-14.9571180343628,"Unknown"
"5020558",378628,2026-05-06 23:17:12,25.4125137329102,-14.9574813842773,"Unknown"
"5020558",378628,2026-05-06 23:22:12,25.4114761352539,-14.95787525177,"Unknown"
"5020558",378628,2026-05-06 23:27:13,25.4104175567627,-14.958251953125,"Unknown"
"5020558",378628,2026-05-06 23:32:12,25.4093437194824,-14.9586219787598,"Unknown"
"5020558",378628,2026-05-06 23:37:13,25.4082889556885,-14.9590148925781,"Unknown"
"5020558",378628,2026-05-06 23:42:12,25.4071998596191,-14.9593896865845,"Unknown"
"5020558",378628,2026-05-06 23:47:12,25.4061107635498,-14.9597339630127,"Unknown"
"5020558",378628,2026-05-06 23:52:12,25.4049911499023,-14.9600896835327,"Unknown"
"5020558",378628,2026-05-06 23:57:12,25.403902053833,-14.9604864120483,"Unknown"
"5020559",370757,2026-04-20 17:34:41,28.8119411468506,-17.7643547058105,"Unknown"
"5020559",370757,2026-04-20 18:01:46,28.8119564056396,-17.76438331604,"Unknown"
"5020559",370757,2026-04-20 18:31:42,28.8527355194092,-17.7398929595947,"Unknown"
"5020559",370757,2026-04-20 19:02:03,28.864070892334,-17.7271900177002,"Unknown"
"5020559",370757,2026-04-20 19:31:41,28.8025798797607,-17.7335338592529,"Unknown"
"5020559",370757,2026-04-20 20:02:03,28.7948932647705,-17.7368774414062,"Unknown"
"5020559",370757,2026-04-20 20:31:40,28.7876739501953,-17.7345905303955,"Unknown"
"5020559",370757,2026-04-20 21:01:39,28.782377243042,-17.7322368621826,"Unknown"
"5020559",370757,2026-04-20 21:31:39,28.7767601013184,-17.7296810150146,"Unknown"
"5020559",370757,2026-04-20 22:01:39,28.7615146636963,-17.6618347167969,"Unknown"
"5020559",370757,2026-04-20 22:31:40,28.7485122680664,-17.5984191894531,"Unknown"
"5020559",370757,2026-04-20 22:41:54,28.7210788726807,-17.4890403747559,"Unknown"
"5020559",370757,2026-04-20 22:51:54,28.6502799987793,-17.4524307250977,"Unknown"
"5020559",370757,2026-04-20 23:01:55,28.5948638916016,-17.4036521911621,"Unknown"
"5020559",370757,2026-04-20 23:11:56,28.5660533905029,-17.3649559020996,"Unknown"
"5020559",370757,2026-04-20 23:21:54,28.5382061004639,-17.3475456237793,"Unknown"
"5020559",370757,2026-04-20 23:31:53,28.5092754364014,-17.3332710266113,"Unknown"
"5020559",370757,2026-04-20 23:42:17,28.4905967712402,-17.3255462646484,"Unknown"
"5020559",370757,2026-04-20 23:51:56,28.4880657196045,-17.3255386352539,"Unknown"
"5020559",370757,2026-04-21 00:01:56,28.4855327606201,-17.3255023956299,"Unknown"
"5020559",370757,2026-04-21 00:11:56,28.4785385131836,-17.3138561248779,"Unknown"
"5020559",370757,2026-04-21 00:21:55,28.4743175506592,-17.3080501556396,"Unknown"
"5020559",370757,2026-04-21 00:31:55,28.4384994506836,-17.2669773101807,"Unknown"
"5020559",370757,2026-04-21 00:41:57,28.4372138977051,-17.2657203674316,"Unknown"
"5020559",370757,2026-04-21 00:52:17,28.4355430603027,-17.2639770507812,"Unknown"
"5020559",370757,2026-04-21 01:01:54,28.4338703155518,-17.2587814331055,"Unknown"
"5020559",370757,2026-04-21 01:11:54,28.3890419006348,-17.2025604248047,"Unknown"
"5020559",370757,2026-04-21 01:21:56,28.3400382995605,-17.1524715423584,"Unknown"
"5020559",370757,2026-04-21 01:31:54,28.3366737365723,-17.1474380493164,"Unknown"
"5020559",370757,2026-04-21 01:41:56,28.2874698638916,-17.1054553985596,"Unknown"
"5020559",370757,2026-04-21 01:51:56,28.2871017456055,-17.1056594848633,"Unknown"
"5020559",370757,2026-04-21 02:02:27,28.2687587738037,-17.0921077728271,"Unknown"
"5020559",370757,2026-04-21 02:11:52,28.2680149078369,-17.0921936035156,"Unknown"
"5020559",370757,2026-04-21 02:21:53,28.2674751281738,-17.0924510955811,"Unknown"
"5020559",370757,2026-04-21 02:31:59,28.2517127990723,-17.0860424041748,"Unknown"
"5020559",370757,2026-04-21 02:41:59,28.2508354187012,-17.0863056182861,"Unknown"
"5020559",370757,2026-04-21 02:52:00,28.250036239624,-17.0864124298096,"Unknown"
"5020559",370757,2026-04-21 03:01:59,28.2344379425049,-17.0744819641113,"Unknown"
"5020559",370757,2026-04-21 03:11:59,28.2329292297363,-17.0749607086182,"Unknown"
"5020559",370757,2026-04-21 03:22:00,28.2314205169678,-17.0753269195557,"Unknown"
"5020559",370757,2026-04-21 03:32:00,28.2298221588135,-17.0753612518311,"Unknown"
"5020559",370757,2026-04-21 03:41:59,28.2281742095947,-17.0752048492432,"Unknown"
"5020559",370757,2026-04-21 03:51:59,28.2212600708008,-17.0646171569824,"Unknown"
"5020559",370757,2026-04-21 04:02:00,28.2176628112793,-17.0569915771484,"Unknown"
"5020559",370757,2026-04-21 04:11:59,28.2151069641113,-17.0570697784424,"Unknown"
"5020559",370757,2026-04-21 04:22:00,28.21164894104,-17.0529861450195,"Unknown"
"5020559",370757,2026-04-21 04:32:00,28.2088565826416,-17.0526580810547,"Unknown"
"5020559",370757,2026-04-21 04:42:00,28.2053089141846,-17.0495128631592,"Unknown"
"5020559",370757,2026-04-21 04:52:00,28.2020034790039,-17.0491218566895,"Unknown"
"5020559",370757,2026-04-21 05:02:20,28.1984577178955,-17.0488014221191,"Unknown"
"5020559",370757,2026-04-21 05:12:02,28.1950855255127,-17.0487194061279,"Unknown"
"5020559",370757,2026-04-21 05:22:02,28.1893577575684,-17.0512275695801,"Unknown"
"5020559",370757,2026-04-21 05:32:02,28.1855545043945,-17.0510864257812,"Unknown"
"5020559",370757,2026-04-21 05:42:05,28.1804828643799,-17.048131942749,"Unknown"
"5020559",370757,2026-04-21 05:52:33,28.1742973327637,-17.0595760345459,"Unknown"
"5020559",370757,2026-04-21 06:02:01,28.164966583252,-17.0159473419189,"Unknown"
"5020559",370757,2026-04-21 06:11:58,28.162425994873,-16.9795188903809,"Unknown"
"5020559",370757,2026-04-21 06:21:58,28.1625804901123,-16.9810237884521,"Unknown"
"5020559",370757,2026-04-21 06:31:59,28.1579532623291,-16.9437274932861,"Unknown"
"5020559",370757,2026-04-21 06:42:01,28.1475868225098,-16.9639625549316,"Unknown"
"5020559",370757,2026-04-21 06:51:59,28.1257266998291,-17.0284061431885,"Unknown"
"5020559",370757,2026-04-21 07:01:59,28.1219654083252,-17.081615447998,"Unknown"
"5020559",370757,2026-04-21 07:12:00,28.1360282897949,-17.0984020233154,"Unknown"
"5020559",370757,2026-04-21 07:21:58,28.1508045196533,-17.0995845794678,"Unknown"
"5020559",370757,2026-04-21 07:31:59,28.1457500457764,-17.0976257324219,"Unknown"
"5020559",370757,2026-04-21 07:42:00,28.1631393432617,-17.1011066436768,"Unknown"
"5020559",370757,2026-04-21 07:51:59,28.1686458587646,-17.1028499603271,"Unknown"
"5020559",370757,2026-04-21 08:02:35,28.1718235015869,-17.1020908355713,"Unknown"
"5020559",370757,2026-04-21 08:12:02,28.1701736450195,-17.1006317138672,"Unknown"
"5020559",370757,2026-04-21 08:21:59,28.168342590332,-17.0991878509521,"Unknown"
"5020559",370757,2026-04-21 08:31:58,28.1671752929688,-17.0971527099609,"Unknown"
"5020559",370757,2026-04-21 08:41:59,28.1652889251709,-17.0958480834961,"Unknown"
"5020559",370757,2026-04-21 08:51:59,28.1632347106934,-17.094913482666,"Unknown"
"5020559",370757,2026-04-21 09:01:58,28.1613006591797,-17.0939254760742,"Unknown"
"5020559",370757,2026-04-21 09:11:59,28.1594753265381,-17.0931949615479,"Unknown"
"5020559",370757,2026-04-21 09:21:59,28.1611862182617,-17.0905532836914,"Unknown"
"5020559",370757,2026-04-21 09:31:58,28.1595039367676,-17.0898418426514,"Unknown"
"5020559",370757,2026-04-21 09:36:59,28.1587467193604,-17.0896511077881,"Unknown"
"5020559",370757,2026-04-21 09:41:58,28.1580219268799,-17.08935546875,"Unknown"
"5020559",370757,2026-04-21 09:46:59,28.1572818756104,-17.0889835357666,"Unknown"
"5020559",370757,2026-04-21 09:51:59,28.1566200256348,-17.0887298583984,"Unknown"
"5020559",370757,2026-04-21 09:56:59,28.1559524536133,-17.0884532928467,"Unknown"
"5020559",370757,2026-04-21 10:01:59,28.1554737091064,-17.0882053375244,"Unknown"
"5020559",370757,2026-04-21 10:06:59,28.1549644470215,-17.0878009796143,"Unknown"
"5020559",370757,2026-04-21 10:12:02,28.1603507995605,-17.098051071167,"Unknown"
"5020559",370757,2026-04-21 10:17:00,28.1599102020264,-17.0981769561768,"Unknown"
"5020559",370757,2026-04-21 10:21:59,28.1596088409424,-17.09814453125,"Unknown"
"5020559",370757,2026-04-21 10:27:02,28.1596221923828,-17.0979747772217,"Unknown"
"5020559",370757,2026-04-21 10:32:01,28.1597328186035,-17.0978107452393,"Unknown"
"5020559",370757,2026-04-21 10:37:02,28.1596336364746,-17.0978660583496,"Unknown"
"5020559",370757,2026-04-21 10:42:03,28.1592884063721,-17.0980892181396,"Unknown"
"5020559",370757,2026-04-21 10:47:07,28.1592063903809,-17.0983219146729,"Unknown"
"5020559",370757,2026-04-21 10:52:01,28.1591396331787,-17.0984764099121,"Unknown"
"5020559",370757,2026-04-21 10:56:59,28.1605091094971,-17.1075420379639,"Unknown"
"5020559",370757,2026-04-21 11:02:33,28.1611232757568,-17.1098575592041,"Unknown"
"5020559",370757,2026-04-21 11:06:59,28.1612987518311,-17.1101398468018,"Unknown"
"5020559",370757,2026-04-21 11:11:59,28.161491394043,-17.1103649139404,"Unknown"
"5020559",370757,2026-04-21 11:16:59,28.1620693206787,-17.1111278533936,"Unknown"
"5020559",370757,2026-04-21 11:21:59,28.1624145507812,-17.1114902496338,"Unknown"
"5020559",370757,2026-04-21 11:26:59,28.1626968383789,-17.1117458343506,"Unknown"
"5020559",370757,2026-04-21 11:31:59,28.1632442474365,-17.1127300262451,"Unknown"
"5020559",370757,2026-04-21 11:36:59,28.1637134552002,-17.1139659881592,"Unknown"
"5020559",370757,2026-04-21 11:41:59,28.1640796661377,-17.1151599884033,"Unknown"
"5020559",370757,2026-04-21 11:46:59,28.164436340332,-17.1160125732422,"Unknown"
"5020559",370757,2026-04-21 11:51:59,28.1645450592041,-17.1169357299805,"Unknown"
"5020559",370757,2026-04-21 11:57:00,28.1687049865723,-17.117525100708,"Unknown"
"5020559",370757,2026-04-21 12:01:59,28.1696243286133,-17.1107044219971,"Unknown"
"5020559",370757,2026-04-21 12:07:00,28.1698837280273,-17.1108779907227,"Unknown"
"5020559",370757,2026-04-21 12:12:00,28.170166015625,-17.1110057830811,"Unknown"
"5020559",370757,2026-04-21 12:17:11,28.1688861846924,-17.1103916168213,"Unknown"
"5020559",370757,2026-04-21 12:22:00,28.1695232391357,-17.1110954284668,"Unknown"
"5020559",370757,2026-04-21 12:27:00,28.1703300476074,-17.1114521026611,"Unknown"
"5020559",370757,2026-04-21 12:32:00,28.1707439422607,-17.11181640625,"Unknown"
"5020559",370757,2026-04-21 12:37:00,28.1713485717773,-17.1122245788574,"Unknown"
"5020559",370757,2026-04-21 12:41:59,28.1720218658447,-17.1129703521729,"Unknown"
"5020559",370757,2026-04-21 12:47:01,28.1726016998291,-17.1136207580566,"Unknown"
"5020559",370757,2026-04-21 12:52:02,28.171989440918,-17.1178073883057,"Unknown"
"5020559",370757,2026-04-21 12:56:59,28.1726150512695,-17.1185665130615,"Unknown"
"5020559",370757,2026-04-21 13:02:00,28.1730518341064,-17.119197845459,"Unknown"
"5020559",370757,2026-04-21 13:06:59,28.1735534667969,-17.1197261810303,"Unknown"
"5020559",370757,2026-04-21 13:11:59,28.1739768981934,-17.1202983856201,"Unknown"
"5020559",370757,2026-04-21 13:17:01,28.174373626709,-17.1208381652832,"Unknown"
"5020559",370757,2026-04-21 13:21:59,28.174783706665,-17.1213512420654,"Unknown"
"5020559",370757,2026-04-21 13:27:01,28.1750583648682,-17.1218757629395,"Unknown"
"5020559",370757,2026-04-21 13:32:03,28.1753082275391,-17.1223239898682,"Unknown"
"5020559",370757,2026-04-21 13:37:02,28.1755466461182,-17.1228199005127,"Unknown"
"5020559",370757,2026-04-21 13:42:02,28.1756725311279,-17.1233539581299,"Unknown"
"5020559",370757,2026-04-21 13:47:02,28.1757678985596,-17.1239109039307,"Unknown"
"5020559",370757,2026-04-21 13:52:03,28.1758365631104,-17.1244087219238,"Unknown"
"5020559",370757,2026-04-21 13:57:02,28.1758441925049,-17.1249237060547,"Unknown"
"5020559",370757,2026-04-21 14:02:32,28.1757907867432,-17.1255378723145,"Unknown"
"5020559",370757,2026-04-21 14:07:01,28.1757526397705,-17.125732421875,"Unknown"
"5020559",370757,2026-04-21 14:12:01,28.1757259368896,-17.126148223877,"Unknown"
"5020559",370757,2026-04-21 14:17:01,28.1756057739258,-17.1265773773193,"Unknown"
"5020559",370757,2026-04-21 14:22:01,28.1755084991455,-17.1269207000732,"Unknown"
"5020559",370757,2026-04-21 14:27:01,28.1753635406494,-17.1271839141846,"Unknown"
"5020559",370757,2026-04-21 14:32:00,28.1751461029053,-17.127233505249,"Unknown"
"5020559",370757,2026-04-21 14:37:00,28.1748352050781,-17.1273651123047,"Unknown"
"5020559",370757,2026-04-21 14:42:00,28.1745681762695,-17.1273918151855,"Unknown"
"5020559",370757,2026-04-21 14:47:00,28.1741790771484,-17.1272869110107,"Unknown"
"5020559",370757,2026-04-21 14:52:01,28.1737823486328,-17.1272525787354,"Unknown"
"5020559",370757,2026-04-21 14:57:00,28.1732234954834,-17.1273193359375,"Unknown"
"5020559",370757,2026-04-21 15:02:00,28.1728210449219,-17.1273174285889,"Unknown"
"5020559",370757,2026-04-21 15:07:00,28.1723690032959,-17.1273994445801,"Unknown"
"5020559",370757,2026-04-21 15:12:02,28.1718368530273,-17.1286430358887,"Unknown"
"5020559",370757,2026-04-21 15:17:01,28.1713447570801,-17.128438949585,"Unknown"
"5020559",370757,2026-04-21 15:22:00,28.1706218719482,-17.1282958984375,"Unknown"
"5020559",370757,2026-04-21 15:27:00,28.169261932373,-17.1257362365723,"Unknown"
"5020559",370757,2026-04-21 15:32:00,28.1685523986816,-17.125415802002,"Unknown"
"5020559",370757,2026-04-21 15:37:01,28.1731758117676,-17.1309623718262,"Unknown"
"5020559",370757,2026-04-21 15:42:02,28.1861476898193,-17.1465377807617,"Unknown"
"5020559",370757,2026-04-21 15:47:01,28.1965198516846,-17.1503486633301,"Unknown"
"5020559",370757,2026-04-21 15:52:01,28.1961345672607,-17.1497344970703,"Unknown"
"5020559",370757,2026-04-21 15:57:03,28.1954498291016,-17.1493282318115,"Unknown"
"5020559",370757,2026-04-21 16:02:02,28.1947402954102,-17.1488399505615,"Unknown"
"5020559",370757,2026-04-21 16:07:33,28.193868637085,-17.1483402252197,"Unknown"
"5020559",370757,2026-04-21 16:12:00,28.193229675293,-17.1478748321533,"Unknown"
"5020559",370757,2026-04-21 16:17:00,28.1925811767578,-17.147497177124,"Unknown"
"5020559",370757,2026-04-21 16:22:00,28.1925067901611,-17.1473731994629,"Unknown"
"5020559",370757,2026-04-21 16:27:00,28.205940246582,-17.1633758544922,"Unknown"
"5020559",370757,2026-04-21 16:32:00,28.2192459106445,-17.1822948455811,"Unknown"
"5020559",370757,2026-04-21 16:37:01,28.2266616821289,-17.1925277709961,"Unknown"
"5020559",370757,2026-04-21 16:42:00,28.2350101470947,-17.2125129699707,"Unknown"
"5020559",370757,2026-04-21 16:47:00,28.238826751709,-17.2271862030029,"Unknown"
"5020559",370757,2026-04-21 16:52:02,28.2329635620117,-17.2324352264404,"Unknown"
"5020559",370757,2026-04-21 16:57:00,28.233980178833,-17.225736618042,"Unknown"
"5020559",370757,2026-04-21 17:02:01,28.2340545654297,-17.2318744659424,"Unknown"
"5020559",370757,2026-04-21 17:07:03,28.2335014343262,-17.2370452880859,"Unknown"
"5020559",370757,2026-04-21 17:12:03,28.2317352294922,-17.2400169372559,"Unknown"
"5020559",370757,2026-04-21 17:17:03,28.2340335845947,-17.2404079437256,"Unknown"
"5020559",370757,2026-04-21 17:22:03,28.2336387634277,-17.2400989532471,"Unknown"
"5020559",370757,2026-04-21 17:27:04,28.2310256958008,-17.2461986541748,"Unknown"
"5020559",370757,2026-04-21 17:32:03,28.2307109832764,-17.24609375,"Unknown"
"5020559",370757,2026-04-21 17:37:03,28.230224609375,-17.2460765838623,"Unknown"
"5020559",370757,2026-04-21 17:42:03,28.2298717498779,-17.2460346221924,"Unknown"
"5020559",370757,2026-04-21 17:47:04,28.2261219024658,-17.2397232055664,"Unknown"
"5020559",370757,2026-04-21 17:52:04,28.223840713501,-17.2350769042969,"Unknown"
"5020559",370757,2026-04-21 17:57:04,28.2214698791504,-17.231351852417,"Unknown"
"5020559",370757,2026-04-21 18:02:03,28.2196140289307,-17.2273082733154,"Unknown"
"5020559",370757,2026-04-21 18:07:03,28.2219886779785,-17.2245941162109,"Unknown"
"5020559",370757,2026-04-21 18:12:03,28.2232456207275,-17.2235336303711,"Unknown"
"5020559",370757,2026-04-21 18:17:05,28.2211170196533,-17.223258972168,"Unknown"
"5020559",370757,2026-04-21 18:22:04,28.220874786377,-17.2233562469482,"Unknown"
"5020559",370757,2026-04-21 18:27:07,28.2206954956055,-17.2234020233154,"Unknown"
"5020559",370757,2026-04-21 18:32:12,28.2205696105957,-17.2233810424805,"Unknown"
"5020559",370757,2026-04-21 18:37:05,28.2204513549805,-17.2233905792236,"Unknown"
"5020559",370757,2026-04-21 18:42:06,28.2202072143555,-17.2236309051514,"Unknown"
"5020559",370757,2026-04-21 18:47:06,28.2199954986572,-17.2238578796387,"Unknown"
"5020559",370757,2026-04-21 18:52:07,28.2198028564453,-17.2240314483643,"Unknown"
"5020559",370757,2026-04-21 18:57:33,28.2195339202881,-17.2241153717041,"Unknown"
"5020559",370757,2026-04-21 19:02:03,28.2193279266357,-17.2243175506592,"Unknown"
"5020559",370757,2026-04-21 19:07:03,28.2190799713135,-17.224494934082,"Unknown"
"5020559",370757,2026-04-21 19:12:03,28.2188568115234,-17.2246360778809,"Unknown"
"5020559",370757,2026-04-21 19:17:03,28.2186260223389,-17.224739074707,"Unknown"
"5020559",370757,2026-04-21 19:22:03,28.2184467315674,-17.2249794006348,"Unknown"
"5020559",370757,2026-04-21 19:27:03,28.218189239502,-17.2251739501953,"Unknown"
"5020559",370757,2026-04-21 19:32:03,28.2179660797119,-17.2254314422607,"Unknown"
"5020559",370757,2026-04-21 19:37:03,28.2178153991699,-17.2257385253906,"Unknown"
"5020559",370757,2026-04-21 19:42:03,28.2176876068115,-17.2260150909424,"Unknown"
"5020559",370757,2026-04-21 19:47:03,28.2175159454346,-17.2263660430908,"Unknown"
"5020559",370757,2026-04-21 19:52:03,28.2173728942871,-17.2267780303955,"Unknown"
"5020559",370757,2026-04-21 19:57:03,28.2172985076904,-17.2270736694336,"Unknown"
"5020559",370757,2026-04-21 20:02:03,28.2176322937012,-17.2275428771973,"Unknown"
"5020559",370757,2026-04-21 20:07:03,28.21755027771,-17.2280693054199,"Unknown"
"5020559",370757,2026-04-21 20:12:03,28.2175464630127,-17.2284488677979,"Unknown"
"5020559",370757,2026-04-21 20:17:03,28.2175121307373,-17.228759765625,"Unknown"
"5020559",370757,2026-04-21 20:22:03,28.2175369262695,-17.229211807251,"Unknown"
"5020559",370757,2026-04-21 20:27:05,28.2175045013428,-17.229663848877,"Unknown"
"5020559",370757,2026-04-21 20:32:03,28.2176132202148,-17.2298679351807,"Unknown"
"5020559",370757,2026-04-21 20:37:04,28.2176856994629,-17.2302284240723,"Unknown"
"5020559",370757,2026-04-21 20:42:03,28.2177696228027,-17.2307395935059,"Unknown"
"5020559",370757,2026-04-21 20:47:03,28.2178993225098,-17.2311611175537,"Unknown"
"5020559",370757,2026-04-21 20:52:03,28.2178764343262,-17.2317123413086,"Unknown"
"5020559",370757,2026-04-21 20:57:04,28.2180004119873,-17.2323169708252,"Unknown"
"5020559",370757,2026-04-21 21:02:33,28.2180862426758,-17.2330112457275,"Unknown"
"5020559",370757,2026-04-21 21:07:03,28.2181339263916,-17.2335872650146,"Unknown"
"5020559",370757,2026-04-21 21:12:03,28.2181873321533,-17.2342205047607,"Unknown"
"5020559",370757,2026-04-21 21:17:03,28.2181606292725,-17.2349681854248,"Unknown"
"5020559",370757,2026-04-21 21:22:03,28.218147277832,-17.235710144043,"Unknown"
"5020559",370757,2026-04-21 21:27:03,28.2181873321533,-17.2364673614502,"Unknown"
"5020559",370757,2026-04-21 21:32:03,28.2182540893555,-17.2373523712158,"Unknown"
"5020559",370757,2026-04-21 21:37:03,28.2182483673096,-17.2382297515869,"Unknown"
"5020559",370757,2026-04-21 21:42:03,28.2182540893555,-17.2390308380127,"Unknown"
"5020559",370757,2026-04-21 21:47:03,28.218391418457,-17.2398643493652,"Unknown"
"5020559",370757,2026-04-21 21:52:03,28.2184391021729,-17.2408180236816,"Unknown"
"5020559",370757,2026-04-21 21:57:03,28.2185764312744,-17.2417030334473,"Unknown"
"5020559",370757,2026-04-21 22:02:04,28.2187004089355,-17.242504119873,"Unknown"
"5020559",370757,2026-04-21 22:07:03,28.2189426422119,-17.2432308197021,"Unknown"
"5020559",370757,2026-04-21 22:12:03,28.2191772460938,-17.2440891265869,"Unknown"
"5020559",370757,2026-04-21 22:17:04,28.2194175720215,-17.2447776794434,"Unknown"
"5020559",370757,2026-04-21 22:22:04,28.2197322845459,-17.2454452514648,"Unknown"
"5020559",370757,2026-04-21 22:27:03,28.2201290130615,-17.2461891174316,"Unknown"
"5020559",370757,2026-04-21 22:32:03,28.2204494476318,-17.2468357086182,"Unknown"
"5020559",370757,2026-04-21 22:37:04,28.220760345459,-17.2476444244385,"Unknown"
"5020559",370757,2026-04-21 22:42:05,28.22096824646,-17.2484741210938,"Unknown"
"5020559",370757,2026-04-21 22:47:03,28.2211990356445,-17.2491912841797,"Unknown"
"5020559",370757,2026-04-21 22:52:03,28.2213878631592,-17.2500038146973,"Unknown"
"5020559",370757,2026-04-21 22:57:04,28.2221412658691,-17.2538604736328,"Unknown"
"5020559",370757,2026-04-21 23:02:03,28.2235145568848,-17.2523536682129,"Unknown"
"5020559",370757,2026-04-21 23:07:03,28.2236042022705,-17.2528305053711,"Unknown"
"5020559",370757,2026-04-21 23:12:04,28.223804473877,-17.2533283233643,"Unknown"
"5020559",370757,2026-04-21 23:17:03,28.2239074707031,-17.253849029541,"Unknown"
"5020559",370757,2026-04-21 23:22:04,28.2239761352539,-17.2542533874512,"Unknown"
"5020559",370757,2026-04-21 23:27:04,28.2242317199707,-17.2547054290771,"Unknown"
"5020559",370757,2026-04-21 23:32:06,28.2244930267334,-17.2551002502441,"Unknown"
"5020559",370757,2026-04-21 23:37:06,28.2247104644775,-17.2553672790527,"Unknown"
"5020559",370757,2026-04-21 23:42:06,28.2248592376709,-17.255578994751,"Unknown"
"5020559",370757,2026-04-21 23:47:08,28.2249908447266,-17.2555503845215,"Unknown"
"5020559",370757,2026-04-21 23:52:14,28.2250308990479,-17.2557640075684,"Unknown"
"5020559",370757,2026-04-21 23:57:33,28.2251453399658,-17.2558307647705,"Unknown"
"5020559",370757,2026-04-22 00:02:03,28.2252178192139,-17.255931854248,"Unknown"
"5020559",370757,2026-04-22 00:07:03,28.22532081604,-17.2560405731201,"Unknown"
"5020559",370757,2026-04-22 00:12:03,28.225492477417,-17.2561283111572,"Unknown"
"5020559",370757,2026-04-22 00:17:04,28.2256507873535,-17.2562561035156,"Unknown"
"5020559",370757,2026-04-22 00:22:03,28.2258453369141,-17.2562465667725,"Unknown"
"5020559",370757,2026-04-22 00:27:03,28.2259883880615,-17.2562885284424,"Unknown"
"5020559",370757,2026-04-22 00:32:03,28.2261753082275,-17.2562599182129,"Unknown"
"5020559",370757,2026-04-22 00:37:03,28.2263031005859,-17.2562561035156,"Unknown"
"5020559",370757,2026-04-22 00:42:03,28.2264060974121,-17.2561225891113,"Unknown"
"5020559",370757,2026-04-22 00:47:03,28.2265663146973,-17.256046295166,"Unknown"
"5020559",370757,2026-04-22 00:52:03,28.2267150878906,-17.2559261322021,"Unknown"
"5020559",370757,2026-04-22 00:57:04,28.2268142700195,-17.255729675293,"Unknown"
"5020559",370757,2026-04-22 01:02:03,28.2269687652588,-17.2555561065674,"Unknown"
"5020559",370757,2026-04-22 01:07:04,28.2271575927734,-17.2553901672363,"Unknown"
"5020559",370757,2026-04-22 01:12:03,28.2273273468018,-17.2550239562988,"Unknown"
"5020559",370757,2026-04-22 01:17:03,28.2274532318115,-17.2546615600586,"Unknown"
"5020559",370757,2026-04-22 01:22:05,28.2276420593262,-17.2542457580566,"Unknown"
"5020559",370757,2026-04-22 01:27:04,28.2277603149414,-17.2538547515869,"Unknown"
"5020559",370757,2026-04-22 01:32:03,28.2279281616211,-17.2534942626953,"Unknown"
"5020559",370757,2026-04-22 01:37:05,28.2280521392822,-17.2532024383545,"Unknown"
"5020559",370757,2026-04-22 01:42:05,28.2281551361084,-17.2527809143066,"Unknown"
"5020559",370757,2026-04-22 01:47:06,28.2283191680908,-17.252420425415,"Unknown"
"5020559",370757,2026-04-22 01:52:05,28.2285404205322,-17.2520847320557,"Unknown"
"5020559",370757,2026-04-22 01:57:06,28.2287273406982,-17.2516555786133,"Unknown"
"5020559",370757,2026-04-22 02:02:32,28.229076385498,-17.2513427734375,"Unknown"
"5020559",370757,2026-04-22 02:07:03,28.2292518615723,-17.251012802124,"Unknown"
"5020559",370757,2026-04-22 02:12:05,28.2296581268311,-17.2545166015625,"Unknown"
"5020559",370757,2026-04-22 02:17:05,28.2232761383057,-17.2452125549316,"Unknown"
"5020559",370757,2026-04-22 02:22:03,28.2233791351318,-17.245044708252,"Unknown"
"5020559",370757,2026-04-22 02:27:03,28.2234134674072,-17.244800567627,"Unknown"
"5020559",370757,2026-04-22 02:32:03,28.2235260009766,-17.2446250915527,"Unknown"
"5020559",370757,2026-04-22 02:37:03,28.2235870361328,-17.2443981170654,"Unknown"
"5020559",370757,2026-04-22 02:42:03,28.223669052124,-17.244197845459,"Unknown"
"5020559",370757,2026-04-22 02:47:03,28.2236995697021,-17.2439727783203,"Unknown"
"5020559",370757,2026-04-22 02:52:03,28.2237148284912,-17.2437610626221,"Unknown"
"5020559",370757,2026-04-22 02:57:03,28.2236671447754,-17.2434959411621,"Unknown"
"5020559",370757,2026-04-22 03:02:03,28.2236328125,-17.2431774139404,"Unknown"
"5020559",370757,2026-04-22 03:07:03,28.2236785888672,-17.2427635192871,"Unknown"
"5020559",370757,2026-04-22 03:12:03,28.2237453460693,-17.2423572540283,"Unknown"
"5020559",370757,2026-04-22 03:17:03,28.223669052124,-17.2418842315674,"Unknown"
"5020559",370757,2026-04-22 03:22:04,28.2234764099121,-17.2415714263916,"Unknown"
"5020559",370757,2026-04-22 03:27:04,28.223201751709,-17.2412700653076,"Unknown"
"5020559",370757,2026-04-22 03:32:04,28.2228546142578,-17.2409954071045,"Unknown"
"5020559",370757,2026-04-22 03:37:05,28.2216186523438,-17.2352638244629,"Unknown"
"5020559",370757,2026-04-22 03:42:04,28.221700668335,-17.235408782959,"Unknown"
"5020559",370757,2026-04-22 03:47:05,28.2222213745117,-17.2350406646729,"Unknown"
"5020559",370757,2026-04-22 03:52:33,28.2296314239502,-17.2383041381836,"Unknown"
"5020559",370757,2026-04-22 03:57:03,28.2295551300049,-17.2381858825684,"Unknown"
"5020559",370757,2026-04-22 04:02:04,28.2294425964355,-17.238073348999,"Unknown"
"5020559",370757,2026-04-22 04:07:04,28.2293319702148,-17.2380084991455,"Unknown"
"5020559",370757,2026-04-22 04:12:03,28.2291622161865,-17.2379703521729,"Unknown"
"5020559",370757,2026-04-22 04:17:03,28.2289962768555,-17.2379379272461,"Unknown"
"5020559",370757,2026-04-22 04:22:03,28.2288379669189,-17.237907409668,"Unknown"
"5020559",370757,2026-04-22 04:27:03,28.2286853790283,-17.237829208374,"Unknown"
"5020559",370757,2026-04-22 04:32:03,28.2325496673584,-17.2356128692627,"Unknown"
"5020559",370757,2026-04-22 04:37:05,28.2367820739746,-17.2360420227051,"Unknown"
"5020559",370757,2026-04-22 04:42:03,28.2366542816162,-17.2360401153564,"Unknown"
"5020559",370757,2026-04-22 04:47:04,28.2364845275879,-17.2360553741455,"Unknown"
"5020559",370757,2026-04-22 04:52:04,28.2447147369385,-17.2360401153564,"Unknown"
"5020559",370757,2026-04-22 04:57:03,28.2446880340576,-17.2359657287598,"Unknown"
"5020559",370757,2026-04-22 05:02:05,28.2445430755615,-17.2358779907227,"Unknown"
"5020559",370757,2026-04-22 05:07:03,28.2444686889648,-17.2357978820801,"Unknown"
"5020559",370757,2026-04-22 05:12:03,28.24440574646,-17.2357616424561,"Unknown"
"5020559",370757,2026-04-22 05:17:04,28.2443466186523,-17.2357196807861,"Unknown"
"5020559",370757,2026-04-22 05:22:03,28.2501354217529,-17.2380619049072,"Unknown"
"5020559",370757,2026-04-22 05:27:04,28.250093460083,-17.2381706237793,"Unknown"
"5020559",370757,2026-04-22 05:32:04,28.2501468658447,-17.2382678985596,"Unknown"
"5020559",370757,2026-04-22 05:37:03,28.2496681213379,-17.2348575592041,"Unknown"
"5020559",370757,2026-04-22 05:42:03,28.2338809967041,-17.2429065704346,"Unknown"
"5020559",370757,2026-04-22 05:47:06,28.2255592346191,-17.2261962890625,"Unknown"
"5020559",370757,2026-04-22 05:52:05,28.2192707061768,-17.2042007446289,"Unknown"
"5020559",370757,2026-04-22 05:57:05,28.2092208862305,-17.1788082122803,"Unknown"
"5020559",370757,2026-04-22 06:12:41,28.1784725189209,-17.1175975799561,"Unknown"
"5020559",370757,2026-04-22 06:17:03,28.177906036377,-17.1175231933594,"Unknown"
"5020559",370757,2026-04-22 06:22:03,28.1772155761719,-17.1130771636963,"Unknown"
"5020559",370757,2026-04-22 06:27:03,28.1777267456055,-17.118968963623,"Unknown"
"5020559",370757,2026-04-22 06:32:03,28.1684589385986,-17.131763458252,"Unknown"
"5020559",370757,2026-04-22 06:37:03,28.178747177124,-17.1368598937988,"Unknown"
"5020559",370757,2026-04-22 06:42:03,28.18532371521,-17.1565437316895,"Unknown"
"5020559",370757,2026-04-22 06:47:03,28.1989479064941,-17.1767883300781,"Unknown"
"5020559",370757,2026-04-22 06:52:03,28.2120800018311,-17.1905193328857,"Unknown"
"5020559",370757,2026-04-22 06:57:03,28.2185764312744,-17.2050533294678,"Unknown"
"5020559",370757,2026-04-22 07:02:04,28.2232971191406,-17.2254447937012,"Unknown"
"5020559",370757,2026-04-22 07:07:03,28.2321033477783,-17.2498188018799,"Unknown"
"5020559",370757,2026-04-22 07:12:03,28.2375106811523,-17.2775325775146,"Unknown"
"5020559",370757,2026-04-22 07:17:03,28.2315711975098,-17.2956199645996,"Unknown"
"5020559",370757,2026-04-22 07:22:03,28.2314605712891,-17.2840538024902,"Unknown"
"5020559",370757,2026-04-22 07:27:04,28.2346496582031,-17.2771797180176,"Unknown"
"5020559",370757,2026-04-22 07:32:04,28.2371864318848,-17.2612476348877,"Unknown"
"5020559",370757,2026-04-22 07:37:03,28.2299423217773,-17.2643222808838,"Unknown"
"5020559",370757,2026-04-22 07:42:04,28.2285480499268,-17.249605178833,"Unknown"
"5020559",370757,2026-04-22 07:47:03,28.2294235229492,-17.2234153747559,"Unknown"
"5020559",370757,2026-04-22 07:52:05,28.2197704315186,-17.2081317901611,"Unknown"
"5020559",370757,2026-04-22 07:57:03,28.227560043335,-17.2081069946289,"Unknown"
"5020559",370757,2026-04-22 08:02:05,28.2339096069336,-17.2079391479492,"Unknown"
"5020559",370757,2026-04-22 08:07:04,28.2196598052979,-17.1870365142822,"Unknown"
"5020559",370757,2026-04-22 08:12:03,28.2154712677002,-17.1700382232666,"Unknown"
"5020559",370757,2026-04-22 08:17:04,28.2068309783936,-17.1613674163818,"Unknown"
"5020559",370757,2026-04-22 08:23:28,28.2097682952881,-17.1573505401611,"Unknown"
"5020559",370757,2026-04-22 08:27:33,28.2098445892334,-17.1571350097656,"Unknown"
"5020559",370757,2026-04-22 08:32:03,28.2105731964111,-17.1586170196533,"Unknown"
"5020559",370757,2026-04-22 08:37:03,28.2132396697998,-17.1623420715332,"Unknown"
"5020559",370757,2026-04-22 08:42:03,28.2133522033691,-17.1655235290527,"Unknown"
"5020559",370757,2026-04-22 08:47:04,28.2163677215576,-17.1709518432617,"Unknown"
"5020559",370757,2026-04-22 08:52:03,28.2201347351074,-17.1718101501465,"Unknown"
"5020559",370757,2026-04-22 08:57:03,28.2186584472656,-17.1771507263184,"Unknown"
"5020559",370757,2026-04-22 09:02:03,28.2190589904785,-17.1771049499512,"Unknown"
"5020559",370757,2026-04-22 09:07:03,28.2193546295166,-17.1769523620605,"Unknown"
"5020559",370757,2026-04-22 09:12:03,28.2194175720215,-17.1765308380127,"Unknown"
"5020559",370757,2026-04-22 09:17:03,28.2196178436279,-17.1761322021484,"Unknown"
"5020559",370757,2026-04-22 09:22:03,28.2195491790771,-17.1759243011475,"Unknown"
"5020559",370757,2026-04-22 09:27:03,28.2195205688477,-17.1756229400635,"Unknown"
"5020559",370757,2026-04-22 09:32:03,28.2194538116455,-17.1752986907959,"Unknown"
"5020559",370757,2026-04-22 09:37:03,28.219388961792,-17.1749782562256,"Unknown"
"5020559",370757,2026-04-22 09:42:03,28.2193603515625,-17.1746826171875,"Unknown"
"5020559",370757,2026-04-22 09:47:03,28.2193603515625,-17.1743984222412,"Unknown"
"5020559",370757,2026-04-22 09:52:03,28.2193508148193,-17.1741733551025,"Unknown"
"5020559",370757,2026-04-22 09:57:03,28.2193622589111,-17.1739463806152,"Unknown"
"5020559",370757,2026-04-22 10:02:03,28.219331741333,-17.1737442016602,"Unknown"
"5020559",370757,2026-04-22 10:07:04,28.2197246551514,-17.1733589172363,"Unknown"
"5020559",370757,2026-04-22 10:12:04,28.2198944091797,-17.1732196807861,"Unknown"
"5020559",370757,2026-04-22 10:17:03,28.2200355529785,-17.1728763580322,"Unknown"
"5020559",370757,2026-04-22 10:22:06,28.2201728820801,-17.1725845336914,"Unknown"
"5020559",370757,2026-04-22 10:27:03,28.2205410003662,-17.1723155975342,"Unknown"
"5020559",370757,2026-04-22 10:32:05,28.2208347320557,-17.1721572875977,"Unknown"
"5020559",370757,2026-04-22 10:37:07,28.2210426330566,-17.1719589233398,"Unknown"
"5020559",370757,2026-04-22 10:42:04,28.2211875915527,-17.1719436645508,"Unknown"
"5020559",370757,2026-04-22 10:47:07,28.2213020324707,-17.1718597412109,"Unknown"
"5020559",370757,2026-04-22 10:52:06,28.2214660644531,-17.1717662811279,"Unknown"
"5020559",370757,2026-04-22 10:57:06,28.2217788696289,-17.1717014312744,"Unknown"
"5020559",370757,2026-04-22 11:02:06,28.2219619750977,-17.1716270446777,"Unknown"
"5020559",370757,2026-04-22 11:07:33,28.2222862243652,-17.1715145111084,"Unknown"
"5020559",370757,2026-04-22 11:12:03,28.2224159240723,-17.1715221405029,"Unknown"
"5020559",370757,2026-04-22 11:17:03,28.2225513458252,-17.1714763641357,"Unknown"
"5020559",370757,2026-04-22 11:22:03,28.2228336334229,-17.1713733673096,"Unknown"
"5020559",370757,2026-04-22 11:27:03,28.2229251861572,-17.1713237762451,"Unknown"
"5020559",370757,2026-04-22 11:32:04,28.2231750488281,-17.1713676452637,"Unknown"
"5020559",370757,2026-04-22 11:37:04,28.2235813140869,-17.171199798584,"Unknown"
"5020559",370757,2026-04-22 11:42:03,28.2238807678223,-17.1712684631348,"Unknown"
"5020559",370757,2026-04-22 11:47:03,28.2189235687256,-17.1655559539795,"Unknown"
"5020559",370757,2026-04-22 11:52:03,28.2144718170166,-17.1482963562012,"Unknown"
"5020559",370757,2026-04-22 11:57:05,28.2098331451416,-17.1381969451904,"Unknown"
"5020559",370757,2026-04-22 12:02:03,28.2065410614014,-17.1381397247314,"Unknown"
"5020559",370757,2026-04-22 12:07:03,28.2087574005127,-17.1388492584229,"Unknown"
"5020559",370757,2026-04-22 12:12:03,28.209810256958,-17.1426887512207,"Unknown"
"5020559",370757,2026-04-22 12:17:04,28.2127017974854,-17.1673984527588,"Unknown"
"5020559",370757,2026-04-22 12:22:03,28.2198734283447,-17.1852836608887,"Unknown"
"5020559",370757,2026-04-22 12:27:03,28.2200756072998,-17.1850166320801,"Unknown"
"5020559",370757,2026-04-22 12:32:04,28.2202224731445,-17.1847057342529,"Unknown"
"5020559",370757,2026-04-22 12:37:03,28.2203731536865,-17.1843757629395,"Unknown"
"5020559",370757,2026-04-22 12:42:03,28.2206020355225,-17.1839580535889,"Unknown"
"5020559",370757,2026-04-22 12:47:03,28.2208347320557,-17.1835613250732,"Unknown"
"5020559",370757,2026-04-22 12:52:03,28.2209491729736,-17.1831569671631,"Unknown"
"5020559",370757,2026-04-22 12:57:05,28.2211570739746,-17.1827011108398,"Unknown"
"5020559",370757,2026-04-22 13:02:05,28.2212677001953,-17.1821994781494,"Unknown"
"5020559",370757,2026-04-22 13:07:03,28.2216548919678,-17.1820602416992,"Unknown"
"5020559",370757,2026-04-22 13:12:03,28.2297325134277,-17.1943817138672,"Unknown"
"5020559",370757,2026-04-22 13:17:03,28.2322063446045,-17.2177562713623,"Unknown"
"5020559",370757,2026-04-22 13:22:05,28.2364807128906,-17.2403049468994,"Unknown"
"5020559",370757,2026-04-22 13:27:07,28.2361583709717,-17.2525196075439,"Unknown"
"5020559",370757,2026-04-22 13:32:04,28.2348937988281,-17.2424354553223,"Unknown"
"5020559",370757,2026-04-22 13:37:05,28.2381992340088,-17.2242164611816,"Unknown"
"5020559",370757,2026-04-22 13:42:03,28.2381992340088,-17.2403144836426,"Unknown"
"5020559",370757,2026-04-22 13:47:06,28.2376823425293,-17.263988494873,"Unknown"
"5020559",370757,2026-04-22 13:52:03,28.2373161315918,-17.2844352722168,"Unknown"
"5020559",370757,2026-04-22 13:57:07,28.2444877624512,-17.292854309082,"Unknown"
"5020559",370757,2026-04-22 14:17:33,28.2409152984619,-17.3457908630371,"Unknown"
"5020559",370757,2026-04-22 14:22:05,28.2387619018555,-17.3497714996338,"Unknown"
"5020559",370757,2026-04-22 14:27:05,28.238676071167,-17.3502445220947,"Unknown"
"5020559",370757,2026-04-22 14:32:03,28.237829208374,-17.3555889129639,"Unknown"
"5020559",370757,2026-04-22 14:37:03,28.2407627105713,-17.3607940673828,"Unknown"
"5020559",370757,2026-04-22 14:42:03,28.2418403625488,-17.3659648895264,"Unknown"
"5020559",370757,2026-04-22 14:47:05,28.2420520782471,-17.3694095611572,"Unknown"
"5020559",370757,2026-04-22 14:52:07,28.2371387481689,-17.3786907196045,"Unknown"
"5020559",370757,2026-04-22 14:58:21,28.2363109588623,-17.3800010681152,"Unknown"
"5020559",370757,2026-04-22 15:02:04,28.225492477417,-17.3795356750488,"Unknown"
"5020559",370757,2026-04-22 15:07:05,28.2185897827148,-17.3789768218994,"Unknown"
"5020559",370757,2026-04-22 15:12:03,28.2317714691162,-17.3917064666748,"Unknown"
"5020559",370757,2026-04-22 15:17:06,28.233736038208,-17.393871307373,"Unknown"
"5020559",370757,2026-04-22 15:22:03,28.236011505127,-17.3919906616211,"Unknown"
"5020559",370757,2026-04-22 15:27:04,28.2363967895508,-17.3903884887695,"Unknown"
"5020559",370757,2026-04-22 15:32:05,28.2373428344727,-17.3922080993652,"Unknown"
"5020559",370757,2026-04-22 15:37:05,28.240213394165,-17.3790149688721,"Unknown"
"5020559",370757,2026-04-22 15:42:03,28.2378215789795,-17.3826217651367,"Unknown"
"5020559",370757,2026-04-22 15:47:03,28.2382965087891,-17.3762989044189,"Unknown"
"5020559",370757,2026-04-22 15:52:03,28.2393321990967,-17.377103805542,"Unknown"
"5020559",370757,2026-04-22 15:57:03,28.2393665313721,-17.3791389465332,"Unknown"
"5020559",370757,2026-04-22 16:02:03,28.2403297424316,-17.3800201416016,"Unknown"
"5020559",370757,2026-04-22 16:07:03,28.239070892334,-17.3844127655029,"Unknown"
"5020559",370757,2026-04-22 16:12:03,28.2392959594727,-17.3831748962402,"Unknown"
"5020559",370757,2026-04-22 16:17:03,28.2339572906494,-17.3890743255615,"Unknown"
"5020559",370757,2026-04-22 16:22:26,28.2355575561523,-17.4004497528076,"Unknown"
"5020559",370757,2026-04-22 16:27:26,28.2350006103516,-17.3986396789551,"Unknown"
"5020559",370757,2026-04-22 16:32:47,28.2356395721436,-17.3972225189209,"Unknown"
"5020559",370757,2026-04-22 16:37:23,28.2357616424561,-17.3961277008057,"Unknown"
"5020559",370757,2026-04-22 16:42:23,28.2359924316406,-17.3951396942139,"Unknown"
"5020559",370757,2026-04-22 16:47:23,28.2362213134766,-17.3939361572266,"Unknown"
"5020559",370757,2026-04-22 16:52:23,28.236499786377,-17.392894744873,"Unknown"
"5020559",370757,2026-04-22 16:57:23,28.236701965332,-17.3917713165283,"Unknown"
"5020559",370757,2026-04-22 17:02:23,28.237003326416,-17.3906402587891,"Unknown"
"5020559",370757,2026-04-22 17:07:23,28.2373161315918,-17.3895969390869,"Unknown"
"5020559",370757,2026-04-22 17:12:23,28.2376155853271,-17.3886432647705,"Unknown"
"5020559",370757,2026-04-22 17:17:23,28.2379055023193,-17.3876762390137,"Unknown"
"5020559",370757,2026-04-22 17:22:23,28.2381362915039,-17.3867435455322,"Unknown"
"5020559",370757,2026-04-22 17:27:23,28.2383708953857,-17.3855381011963,"Unknown"
"5020559",370757,2026-04-22 17:32:23,28.2386817932129,-17.384407043457,"Unknown"
"5020559",370757,2026-04-22 17:37:23,28.2389163970947,-17.3831748962402,"Unknown"
"5020559",370757,2026-04-22 17:42:25,28.2391319274902,-17.3819580078125,"Unknown"
"5020559",370757,2026-04-22 17:47:23,28.2377376556396,-17.3843975067139,"Unknown"
"5020559",370757,2026-04-22 17:52:23,28.2376937866211,-17.392463684082,"Unknown"
"5020559",370757,2026-04-22 17:57:24,28.2380199432373,-17.3972187042236,"Unknown"
"5020559",370757,2026-04-22 18:03:27,28.2399196624756,-17.4020538330078,"Unknown"
"5020559",370757,2026-04-22 18:07:22,28.2493762969971,-17.4082851409912,"Unknown"
"5020559",370757,2026-04-22 18:12:26,28.2558422088623,-17.4048347473145,"Unknown"
"5020559",370757,2026-04-22 18:17:25,28.2538223266602,-17.4009475708008,"Unknown"
"5020559",370757,2026-04-22 18:22:25,28.2549266815186,-17.3940620422363,"Unknown"
"5020559",370757,2026-04-22 18:27:26,28.2531833648682,-17.391939163208,"Unknown"
"5020559",370757,2026-04-22 18:32:26,28.2530059814453,-17.3882217407227,"Unknown"
"5020559",370757,2026-04-22 18:37:25,28.2513580322266,-17.3842620849609,"Unknown"
"5020559",370757,2026-04-22 18:42:25,28.2499599456787,-17.3793544769287,"Unknown"
"5020559",370757,2026-04-22 18:47:24,28.2495174407959,-17.3783512115479,"Unknown"
"5020559",370757,2026-04-22 18:52:25,28.249059677124,-17.3774223327637,"Unknown"
"5020559",370757,2026-04-22 18:57:28,28.2425079345703,-17.3700733184814,"Unknown"
"5020559",370757,2026-04-22 19:02:47,28.2419929504395,-17.3689937591553,"Unknown"
"5020559",370757,2026-04-22 19:07:24,28.241584777832,-17.3681297302246,"Unknown"
"5020559",370757,2026-04-22 19:12:22,28.2431507110596,-17.3647708892822,"Unknown"
"5020559",370757,2026-04-22 19:17:23,28.2423648834229,-17.3639812469482,"Unknown"
"5020559",370757,2026-04-22 19:22:23,28.2416973114014,-17.3631954193115,"Unknown"
"5020559",370757,2026-04-22 19:27:23,28.2432174682617,-17.3651733398438,"Unknown"
"5020559",370757,2026-04-22 19:32:22,28.2455902099609,-17.3660163879395,"Unknown"
"5020559",370757,2026-04-22 19:37:23,28.2504348754883,-17.3638553619385,"Unknown"
"5020559",370757,2026-04-22 19:42:23,28.2574520111084,-17.3635730743408,"Unknown"
"5020559",370757,2026-04-22 19:47:23,28.2548637390137,-17.3611660003662,"Unknown"
"5020559",370757,2026-04-22 19:52:23,28.2543125152588,-17.3604145050049,"Unknown"
"5020559",370757,2026-04-22 19:57:23,28.2537479400635,-17.3597774505615,"Unknown"
"5020559",370757,2026-04-22 20:02:23,28.241771697998,-17.3316097259521,"Unknown"
"5020559",370757,2026-04-22 20:07:23,28.2209186553955,-17.3170623779297,"Unknown"
"5020559",370757,2026-04-22 20:12:24,28.2231140136719,-17.2857723236084,"Unknown"
"5020559",370757,2026-04-22 20:17:24,28.2269744873047,-17.2569465637207,"Unknown"
"5020559",370757,2026-04-22 20:22:24,28.217903137207,-17.2255020141602,"Unknown"
"5020559",370757,2026-04-22 20:27:24,28.2134418487549,-17.2196044921875,"Unknown"
"5020559",370757,2026-04-22 20:32:23,28.2132606506348,-17.2191524505615,"Unknown"
"5020559",370757,2026-04-22 20:37:23,28.2126560211182,-17.2190933227539,"Unknown"
"5020559",370757,2026-04-22 20:42:23,28.2123279571533,-17.2187538146973,"Unknown"
"5020559",370757,2026-04-22 20:47:23,28.211935043335,-17.2184867858887,"Unknown"
"5020559",370757,2026-04-22 20:52:23,28.211275100708,-17.2182636260986,"Unknown"
"5020559",370757,2026-04-22 20:57:24,28.2107162475586,-17.2181072235107,"Unknown"
"5020559",370757,2026-04-22 21:02:23,28.2102890014648,-17.2180690765381,"Unknown"
"5020559",370757,2026-04-22 21:07:24,28.2100105285645,-17.2180271148682,"Unknown"
"5020559",370757,2026-04-22 21:12:23,28.2099533081055,-17.2179355621338,"Unknown"
"5020559",370757,2026-04-22 21:17:25,28.2099628448486,-17.2178916931152,"Unknown"
"5020559",370757,2026-04-22 21:22:26,28.2100486755371,-17.2176780700684,"Unknown"
"5020559",370757,2026-04-22 21:27:25,28.2099838256836,-17.2175369262695,"Unknown"
"5020559",370757,2026-04-22 21:32:34,28.2101573944092,-17.2174167633057,"Unknown"
"5020559",370757,2026-04-22 21:37:47,28.210298538208,-17.2173252105713,"Unknown"
"5020559",370757,2026-04-22 21:42:23,28.2103519439697,-17.2172069549561,"Unknown"
"5020559",370757,2026-04-22 21:47:25,28.2103424072266,-17.2170543670654,"Unknown"
"5020559",370757,2026-04-22 21:52:23,28.210391998291,-17.2169761657715,"Unknown"
"5020559",370757,2026-04-22 21:57:22,28.2105083465576,-17.2168865203857,"Unknown"
"5020559",370757,2026-04-22 22:02:22,28.2106628417969,-17.2168273925781,"Unknown"
"5020559",370757,2026-04-22 22:07:57,28.2108478546143,-17.2167358398438,"Unknown"
"5020559",370757,2026-04-22 22:12:23,28.2110462188721,-17.2166633605957,"Unknown"
"5020559",370757,2026-04-22 22:17:23,28.2113018035889,-17.2165641784668,"Unknown"
"5020559",370757,2026-04-22 22:22:23,28.2115230560303,-17.2165584564209,"Unknown"
"5020559",370757,2026-04-22 22:27:23,28.2115917205811,-17.2165927886963,"Unknown"
"5020559",370757,2026-04-22 22:32:23,28.2117309570312,-17.2166175842285,"Unknown"
"5020559",370757,2026-04-22 22:37:23,28.2118320465088,-17.2167072296143,"Unknown"
"5020559",370757,2026-04-22 22:42:23,28.2120189666748,-17.2167510986328,"Unknown"
"5020559",370757,2026-04-22 22:47:23,28.2121715545654,-17.2167739868164,"Unknown"
"5020559",370757,2026-04-22 22:52:23,28.2121849060059,-17.2168884277344,"Unknown"
"5020559",370757,2026-04-22 22:57:23,28.2116794586182,-17.2216663360596,"Unknown"
"5020559",370757,2026-04-22 23:02:23,28.2121505737305,-17.2304630279541,"Unknown"
"5020559",370757,2026-04-22 23:07:23,28.2122745513916,-17.2306652069092,"Unknown"
"5020559",370757,2026-04-22 23:12:23,28.2124938964844,-17.2309398651123,"Unknown"
"5020559",370757,2026-04-22 23:17:23,28.2096557617188,-17.2336940765381,"Unknown"
"5020559",370757,2026-04-22 23:22:25,28.2095184326172,-17.2340354919434,"Unknown"
"5020559",370757,2026-04-22 23:27:23,28.2095718383789,-17.234224319458,"Unknown"
"5020559",370757,2026-04-22 23:32:23,28.2094211578369,-17.2344951629639,"Unknown"
"5020559",370757,2026-04-22 23:37:23,28.2092208862305,-17.2348461151123,"Unknown"
"5020559",370757,2026-04-22 23:42:23,28.2092971801758,-17.235143661499,"Unknown"
"5020559",370757,2026-04-22 23:47:23,28.2092342376709,-17.2354621887207,"Unknown"
"5020559",370757,2026-04-22 23:52:23,28.209379196167,-17.235668182373,"Unknown"
"5020559",370757,2026-04-22 23:57:23,28.2094535827637,-17.2359027862549,"Unknown"
"5020559",370757,2026-04-23 00:02:23,28.2095031738281,-17.2361297607422,"Unknown"
"5020559",370757,2026-04-23 00:07:23,28.2094573974609,-17.2363796234131,"Unknown"
"5020559",370757,2026-04-23 00:12:23,28.2094631195068,-17.2365646362305,"Unknown"
"5020559",370757,2026-04-23 00:17:23,28.2094821929932,-17.2366790771484,"Unknown"
"5020559",370757,2026-04-23 00:22:23,28.209493637085,-17.2368946075439,"Unknown"
"5020559",370757,2026-04-23 00:27:23,28.2095851898193,-17.237154006958,"Unknown"
"5020559",370757,2026-04-23 00:32:23,28.2095260620117,-17.2374458312988,"Unknown"
"5020559",370757,2026-04-23 00:37:23,28.2095031738281,-17.2377395629883,"Unknown"
"5020559",370757,2026-04-23 00:42:23,28.209508895874,-17.2378692626953,"Unknown"
"5020559",370757,2026-04-23 00:47:23,28.20947265625,-17.2380275726318,"Unknown"
"5020559",370757,2026-04-23 00:52:24,28.20947265625,-17.2382411956787,"Unknown"
"5020559",370757,2026-04-23 00:57:25,28.2095527648926,-17.2383575439453,"Unknown"
"5020559",370757,2026-04-23 01:02:47,28.2097549438477,-17.2384853363037,"Unknown"
"5020559",370757,2026-04-23 01:07:23,28.2099685668945,-17.2386302947998,"Unknown"
"5020559",370757,2026-04-23 01:12:23,28.209997177124,-17.2387027740479,"Unknown"
"5020559",370757,2026-04-23 01:17:23,28.2099666595459,-17.238842010498,"Unknown"
"5020559",370757,2026-04-23 01:22:23,28.2099761962891,-17.2389755249023,"Unknown"
"5020559",370757,2026-04-23 01:27:26,28.2099437713623,-17.2391452789307,"Unknown"
"5020559",370757,2026-04-23 01:32:23,28.2100372314453,-17.2392330169678,"Unknown"
"5020559",370757,2026-04-23 01:37:24,28.2101154327393,-17.2392959594727,"Unknown"
"5020559",370757,2026-04-23 01:42:23,28.2100868225098,-17.2393493652344,"Unknown"
"5020559",370757,2026-04-23 01:47:23,28.2101192474365,-17.2393913269043,"Unknown"
"5020559",370757,2026-04-23 01:52:24,28.2101039886475,-17.2393970489502,"Unknown"
"5020559",370757,2026-04-23 01:57:27,28.2101211547852,-17.2393856048584,"Unknown"
"5020559",370757,2026-04-23 02:02:57,28.2101364135742,-17.2393741607666,"Unknown"
"5020559",370757,2026-04-23 02:07:23,28.2101707458496,-17.2394428253174,"Unknown"
"5020559",370757,2026-04-23 02:12:23,28.2103424072266,-17.239465713501,"Unknown"
"5020559",370757,2026-04-23 02:17:23,28.210542678833,-17.2393665313721,"Unknown"
"5020559",370757,2026-04-23 02:22:23,28.2106742858887,-17.2393016815186,"Unknown"
"5020559",370757,2026-04-23 02:27:23,28.2107963562012,-17.2391738891602,"Unknown"
"5020559",370757,2026-04-23 02:32:23,28.2109870910645,-17.2390117645264,"Unknown"
"5020559",370757,2026-04-23 02:37:23,28.2110557556152,-17.2387886047363,"Unknown"
"5020559",370757,2026-04-23 02:42:23,28.2108860015869,-17.238431930542,"Unknown"
"5020559",370757,2026-04-23 02:47:23,28.2106189727783,-17.2379856109619,"Unknown"
"5020559",370757,2026-04-23 02:52:23,28.2104358673096,-17.2376575469971,"Unknown"
"5020559",370757,2026-04-23 02:57:23,28.2103786468506,-17.2374153137207,"Unknown"
"5020559",370757,2026-04-23 03:02:23,28.2102947235107,-17.237060546875,"Unknown"
"5020559",370757,2026-04-23 03:07:23,28.2102642059326,-17.2368602752686,"Unknown"
"5020559",370757,2026-04-23 03:12:23,28.2102947235107,-17.2367057800293,"Unknown"
"5020559",370757,2026-04-23 03:17:23,28.2104148864746,-17.2365074157715,"Unknown"
"5020559",370757,2026-04-23 03:22:23,28.2105846405029,-17.236291885376,"Unknown"
"5020559",370757,2026-04-23 03:27:23,28.2107524871826,-17.2360153198242,"Unknown"
"5020559",370757,2026-04-23 03:32:23,28.2108039855957,-17.2357120513916,"Unknown"
"5020559",370757,2026-04-23 03:37:25,28.2107810974121,-17.2353935241699,"Unknown"
"5020559",370757,2026-04-23 03:42:24,28.2106189727783,-17.2350177764893,"Unknown"
"5020559",370757,2026-04-23 03:47:23,28.2104988098145,-17.2347087860107,"Unknown"
"5020559",370757,2026-04-23 03:52:23,28.2105922698975,-17.234411239624,"Unknown"
"5020559",370757,2026-04-23 03:57:23,28.2106819152832,-17.2341613769531,"Unknown"
"5020559",370757,2026-04-23 04:02:23,28.2108058929443,-17.2338371276855,"Unknown"
"5020559",370757,2026-04-23 04:07:23,28.2108726501465,-17.2334480285645,"Unknown"
"5020559",370757,2026-04-23 04:12:26,28.2213878631592,-17.2333660125732,"Unknown"
"5020559",370757,2026-04-23 04:17:23,28.2216949462891,-17.2326831817627,"Unknown"
"5020559",370757,2026-04-23 04:22:23,28.2131652832031,-17.2356300354004,"Unknown"
"5020559",370757,2026-04-23 04:27:25,28.2132530212402,-17.2348861694336,"Unknown"
"5020559",370757,2026-04-23 04:32:28,28.213357925415,-17.2341213226318,"Unknown"
"5020559",370757,2026-04-23 04:37:23,28.2134742736816,-17.2334518432617,"Unknown"
"5020559",370757,2026-04-23 04:42:31,28.213565826416,-17.2327518463135,"Unknown"
"5020559",370757,2026-04-23 04:47:47,28.2137413024902,-17.2321147918701,"Unknown"
"5020559",370757,2026-04-23 04:52:23,28.2139377593994,-17.2315254211426,"Unknown"
"5020559",370757,2026-04-23 04:57:23,28.2140979766846,-17.2309150695801,"Unknown"
"5020559",370757,2026-04-23 05:02:23,28.2141399383545,-17.2301998138428,"Unknown"
"5020559",370757,2026-04-23 05:07:22,28.2141761779785,-17.2295970916748,"Unknown"
"5020559",370757,2026-04-23 05:12:22,28.2142353057861,-17.228874206543,"Unknown"
"5020559",370757,2026-04-23 05:17:22,28.21435546875,-17.2282371520996,"Unknown"
"5020559",370757,2026-04-23 05:22:25,28.2144412994385,-17.2276973724365,"Unknown"
"5020559",370757,2026-04-23 05:27:22,28.2145690917969,-17.2273025512695,"Unknown"
"5020559",370757,2026-04-23 05:32:23,28.2147369384766,-17.2269096374512,"Unknown"
"5020559",370757,2026-04-23 05:37:23,28.2317905426025,-17.2305183410645,"Unknown"
"5020559",370757,2026-04-23 05:42:23,28.2519969940186,-17.2503223419189,"Unknown"
"5020559",370757,2026-04-23 05:47:25,28.2518138885498,-17.2501544952393,"Unknown"
"5020559",370757,2026-04-23 05:52:24,28.2358989715576,-17.2690505981445,"Unknown"
"5020559",370757,2026-04-23 05:57:24,28.2286281585693,-17.2757339477539,"Unknown"
"5020559",370757,2026-04-23 06:02:24,28.2271709442139,-17.2801170349121,"Unknown"
"5020559",370757,2026-04-23 06:07:25,28.2308158874512,-17.2797107696533,"Unknown"
"5020559",370757,2026-04-23 06:12:26,28.2328147888184,-17.2833728790283,"Unknown"
"5020559",370757,2026-04-23 06:17:28,28.2338123321533,-17.2899227142334,"Unknown"
"5020559",370757,2026-04-23 06:22:24,28.2327899932861,-17.3101234436035,"Unknown"
"5020559",370757,2026-04-23 06:27:25,28.225284576416,-17.3276996612549,"Unknown"
"5020559",370757,2026-04-23 06:32:24,28.2147617340088,-17.3505172729492,"Unknown"
"5020559",370757,2026-04-23 06:37:24,28.2107467651367,-17.3757743835449,"Unknown"
"5020559",370757,2026-04-23 06:42:26,28.2208499908447,-17.3817920684814,"Unknown"
"5020559",370757,2026-04-23 06:47:22,28.2208271026611,-17.3818645477295,"Unknown"
"5020559",370757,2026-04-23 06:52:24,28.2190837860107,-17.3905830383301,"Unknown"
"5020559",370757,2026-04-23 06:57:23,28.2184181213379,-17.3906135559082,"Unknown"
"5020559",370757,2026-04-23 07:02:46,28.218505859375,-17.3908157348633,"Unknown"
"5020559",370757,2026-04-23 07:07:27,28.2187213897705,-17.3911933898926,"Unknown"
"5020559",370757,2026-04-23 07:12:22,28.2236862182617,-17.4022750854492,"Unknown"
"5020559",370757,2026-04-23 07:17:27,28.2216148376465,-17.4009399414062,"Unknown"
"5020559",370757,2026-04-23 07:22:27,28.2195835113525,-17.4095878601074,"Unknown"
"5020559",370757,2026-04-23 07:27:26,28.2246417999268,-17.4187850952148,"Unknown"
"5020559",370757,2026-04-23 07:32:47,28.2365093231201,-17.4425163269043,"Unknown"
"5020559",370757,2026-04-23 07:37:28,28.240348815918,-17.4401874542236,"Unknown"
"5020559",370757,2026-04-23 07:42:26,28.2430458068848,-17.4344997406006,"Unknown"
"5020559",370757,2026-04-23 07:49:51,28.2485313415527,-17.430419921875,"Unknown"
"5020559",370757,2026-04-23 07:53:59,28.249397277832,-17.429744720459,"Unknown"
"5020559",370757,2026-04-23 07:58:59,28.2504978179932,-17.4295120239258,"Unknown"
"5020559",370757,2026-04-23 08:03:58,28.2546653747559,-17.4289798736572,"Unknown"
"5020559",370757,2026-04-23 08:08:58,28.2547264099121,-17.4287033081055,"Unknown"
"5020559",370757,2026-04-23 08:13:59,28.2547760009766,-17.4283103942871,"Unknown"
"5020559",370757,2026-04-23 08:19:00,28.2548561096191,-17.4277000427246,"Unknown"
"5020559",370757,2026-04-23 08:23:57,28.2520980834961,-17.4224739074707,"Unknown"
"5020559",370757,2026-04-23 08:28:57,28.2521190643311,-17.4218368530273,"Unknown"
"5020559",370757,2026-04-23 08:33:56,28.2520809173584,-17.4211711883545,"Unknown"
"5020559",370757,2026-04-23 08:39:00,28.2520084381104,-17.4205493927002,"Unknown"
"5020559",370757,2026-04-23 08:44:01,28.251916885376,-17.4199733734131,"Unknown"
"5020559",370757,2026-04-23 08:49:00,28.2518177032471,-17.4193687438965,"Unknown"
"5020559",370757,2026-04-23 08:54:17,28.2517490386963,-17.4186401367188,"Unknown"
"5020559",370757,2026-04-23 08:59:00,28.251745223999,-17.4180507659912,"Unknown"
"5020559",370757,2026-04-23 09:04:04,28.2517108917236,-17.4174728393555,"Unknown"
"5020559",370757,2026-04-23 09:09:27,28.2516098022461,-17.416934967041,"Unknown"
"5020559",370757,2026-04-23 09:13:56,28.2515544891357,-17.4164257049561,"Unknown"
"5020559",370757,2026-04-23 09:18:57,28.2514724731445,-17.4159374237061,"Unknown"
"5020559",370757,2026-04-23 09:23:57,28.2514400482178,-17.4153938293457,"Unknown"
"5020559",370757,2026-04-23 09:28:57,28.2514705657959,-17.4148864746094,"Unknown"
"5020559",370757,2026-04-23 09:33:57,28.2514762878418,-17.4143829345703,"Unknown"
"5020559",370757,2026-04-23 09:38:57,28.2514629364014,-17.4137897491455,"Unknown"
"5020559",370757,2026-04-23 09:43:57,28.2514667510986,-17.413158416748,"Unknown"
"5020559",370757,2026-04-23 09:48:58,28.251256942749,-17.4219646453857,"Unknown"
"5020559",370757,2026-04-23 09:53:58,28.2513675689697,-17.4216060638428,"Unknown"
"5020559",370757,2026-04-23 09:58:57,28.2515544891357,-17.4211273193359,"Unknown"
"5020559",370757,2026-04-23 10:03:57,28.2517356872559,-17.4207496643066,"Unknown"
"5020559",370757,2026-04-23 10:08:57,28.2560729980469,-17.413890838623,"Unknown"
"5020559",370757,2026-04-23 10:13:57,28.2577991485596,-17.4027500152588,"Unknown"
"5020559",370757,2026-04-23 10:18:57,28.2575817108154,-17.4033889770508,"Unknown"
"5020559",370757,2026-04-23 10:23:57,28.2577571868896,-17.4030704498291,"Unknown"
"5020559",370757,2026-04-23 10:28:58,28.2564468383789,-17.4079322814941,"Unknown"
"5020559",370757,2026-04-23 10:33:57,28.2564964294434,-17.4075412750244,"Unknown"
"5020559",370757,2026-04-23 10:38:57,28.256441116333,-17.4069480895996,"Unknown"
"5020559",370757,2026-04-23 10:43:57,28.2563495635986,-17.4065532684326,"Unknown"
"5020559",370757,2026-04-23 10:48:57,28.256217956543,-17.4061641693115,"Unknown"
"5020559",370757,2026-04-23 10:53:57,28.2561588287354,-17.4057216644287,"Unknown"
"5020559",370757,2026-04-23 10:58:57,28.2560615539551,-17.4052543640137,"Unknown"
"5020559",370757,2026-04-23 11:03:58,28.2559394836426,-17.4047756195068,"Unknown"
"5020559",370757,2026-04-23 11:08:59,28.2557926177979,-17.4042682647705,"Unknown"
"5020559",370757,2026-04-23 11:13:57,28.2577438354492,-17.4073047637939,"Unknown"
"5020559",370757,2026-04-23 11:18:57,28.2575283050537,-17.4068355560303,"Unknown"
"5020559",370757,2026-04-23 11:23:57,28.2572975158691,-17.4064121246338,"Unknown"
"5020559",370757,2026-04-23 11:29:00,28.2571029663086,-17.4057865142822,"Unknown"
"5020559",370757,2026-04-23 11:34:00,28.2574882507324,-17.3848915100098,"Unknown"
"5020559",370757,2026-04-23 11:38:58,28.2638912200928,-17.3763732910156,"Unknown"
"5020559",370757,2026-04-23 11:43:57,28.2636623382568,-17.3758163452148,"Unknown"
"5020559",370757,2026-04-23 11:49:00,28.2634429931641,-17.3751907348633,"Unknown"
"5020559",370757,2026-04-23 11:53:58,28.2632598876953,-17.3745613098145,"Unknown"
"5020559",370757,2026-04-23 11:59:27,28.2630729675293,-17.3737602233887,"Unknown"
"5020559",370757,2026-04-23 12:03:57,28.2629432678223,-17.3731555938721,"Unknown"
"5020559",370757,2026-04-23 12:08:57,28.2627773284912,-17.3724460601807,"Unknown"
"5020559",370757,2026-04-23 12:13:57,28.262523651123,-17.3716335296631,"Unknown"
"5020559",370757,2026-04-23 12:18:57,28.2622890472412,-17.3709583282471,"Unknown"
"5020559",370757,2026-04-23 12:23:57,28.2619972229004,-17.3701820373535,"Unknown"
"5020559",370757,2026-04-23 12:28:57,28.2617206573486,-17.3693370819092,"Unknown"
"5020559",370757,2026-04-23 12:33:57,28.2614231109619,-17.3685874938965,"Unknown"
"5020559",370757,2026-04-23 12:38:57,28.2611427307129,-17.3677845001221,"Unknown"
"5020559",370757,2026-04-23 12:43:57,28.2608280181885,-17.3668251037598,"Unknown"
"5020559",370757,2026-04-23 12:48:57,28.2605075836182,-17.3661060333252,"Unknown"
"5020559",370757,2026-04-23 12:53:57,28.2601623535156,-17.3653678894043,"Unknown"
"5020559",370757,2026-04-23 12:58:57,28.2598285675049,-17.364574432373,"Unknown"
"5020559",370757,2026-04-23 13:03:57,28.2594757080078,-17.363899230957,"Unknown"
"5020559",370757,2026-04-23 13:09:01,28.2591991424561,-17.3631534576416,"Unknown"
"5020559",370757,2026-04-23 13:13:59,28.2588291168213,-17.3622932434082,"Unknown"
"5020559",370757,2026-04-23 13:19:00,28.258602142334,-17.3613033294678,"Unknown"
"5020559",370757,2026-04-23 13:23:59,28.2582740783691,-17.360279083252,"Unknown"
"5020559",370757,2026-04-23 13:28:59,28.258264541626,-17.3592853546143,"Unknown"
"5020559",370757,2026-04-23 13:34:00,28.2582626342773,-17.3580436706543,"Unknown"
"5020559",370757,2026-04-23 13:39:01,28.2579689025879,-17.3571166992188,"Unknown"
"5020559",370757,2026-04-23 13:44:17,28.2576599121094,-17.3562126159668,"Unknown"
"5020559",370757,2026-04-23 13:49:27,28.2573795318604,-17.3552684783936,"Unknown"
"5020559",370757,2026-04-23 13:53:57,28.2570190429688,-17.3542289733887,"Unknown"
"5020559",370757,2026-04-23 13:58:57,28.2565841674805,-17.3531951904297,"Unknown"
"5020559",370757,2026-04-23 14:03:57,28.2563667297363,-17.3522148132324,"Unknown"
"5020559",370757,2026-04-23 14:08:57,28.2561550140381,-17.3512287139893,"Unknown"
"5020559",370757,2026-04-23 14:13:58,28.2560043334961,-17.350305557251,"Unknown"
"5020559",370757,2026-04-23 14:18:57,28.2557239532471,-17.3493156433105,"Unknown"
"5020559",370757,2026-04-23 14:23:57,28.2554588317871,-17.3481101989746,"Unknown"
"5020559",370757,2026-04-23 14:28:57,28.2555370330811,-17.3470783233643,"Unknown"
"5020559",370757,2026-04-23 14:33:57,28.2554092407227,-17.3462200164795,"Unknown"
"5020559",370757,2026-04-23 14:38:57,28.2552909851074,-17.3452949523926,"Unknown"
"5020559",370757,2026-04-23 14:43:57,28.2551498413086,-17.3444213867188,"Unknown"
"5020559",370757,2026-04-23 14:48:57,28.2549953460693,-17.3434543609619,"Unknown"
"5020559",370757,2026-04-23 14:53:57,28.254846572876,-17.3425903320312,"Unknown"
"5020559",370757,2026-04-23 14:58:59,28.254732131958,-17.3417434692383,"Unknown"
"5020559",370757,2026-04-23 15:03:57,28.2553157806396,-17.3398380279541,"Unknown"
"5020559",370757,2026-04-23 15:08:57,28.2547798156738,-17.3419704437256,"Unknown"
"5020559",370757,2026-04-23 15:13:57,28.2546195983887,-17.3410758972168,"Unknown"
"5020559",370757,2026-04-23 15:18:57,28.2544631958008,-17.3401298522949,"Unknown"
"5020559",370757,2026-04-23 15:23:57,28.2543087005615,-17.339225769043,"Unknown"
"5020559",370757,2026-04-23 15:28:57,28.2541751861572,-17.3383617401123,"Unknown"
"5020559",370757,2026-04-23 15:33:57,28.2539939880371,-17.337438583374,"Unknown"
"5020559",370757,2026-04-23 15:38:57,28.2538356781006,-17.336462020874,"Unknown"
"5020559",370757,2026-04-23 15:43:59,28.2537117004395,-17.3352832794189,"Unknown"
"5020559",370757,2026-04-23 15:48:59,28.2536754608154,-17.3339996337891,"Unknown"
"5020559",370757,2026-04-23 15:54:00,28.2535285949707,-17.3329601287842,"Unknown"
"5020559",370757,2026-04-23 15:59:26,28.2531337738037,-17.3316326141357,"Unknown"
"5020559",370757,2026-04-23 16:03:57,28.2529907226562,-17.3303394317627,"Unknown"
"5020559",370757,2026-04-23 16:08:57,28.253116607666,-17.3290424346924,"Unknown"
"5020559",370757,2026-04-23 16:13:57,28.2476558685303,-17.3486747741699,"Unknown"
"5020559",370757,2026-04-23 16:18:57,28.24635887146,-17.3511180877686,"Unknown"
"5020559",370757,2026-04-23 16:23:57,28.2466697692871,-17.3507537841797,"Unknown"
"5020559",370757,2026-04-23 16:28:57,28.2469463348389,-17.3504085540771,"Unknown"
"5020559",370757,2026-04-23 16:33:57,28.2471618652344,-17.3499431610107,"Unknown"
"5020559",370757,2026-04-23 16:38:57,28.2472381591797,-17.3494987487793,"Unknown"
"5020559",370757,2026-04-23 16:43:57,28.2480640411377,-17.3462047576904,"Unknown"
"5020559",370757,2026-04-23 16:48:59,28.2574596405029,-17.334644317627,"Unknown"
"5020559",370757,2026-04-23 16:53:57,28.2574977874756,-17.3268013000488,"Unknown"
"5020559",370757,2026-04-23 16:58:59,28.2575397491455,-17.3261585235596,"Unknown"
"5020559",370757,2026-04-23 17:03:57,28.2578907012939,-17.3246784210205,"Unknown"
"5020559",370757,2026-04-23 17:08:57,28.2583980560303,-17.2974128723145,"Unknown"
"5020559",370757,2026-04-23 17:13:57,28.2638072967529,-17.2759246826172,"Unknown"
"5020559",370757,2026-04-23 17:18:57,28.269323348999,-17.2715969085693,"Unknown"
"5020559",370757,2026-04-23 17:23:58,28.2781848907471,-17.2794361114502,"Unknown"
"5020559",370757,2026-04-23 17:28:58,28.2975406646729,-17.2793350219727,"Unknown"
"5020559",370757,2026-04-23 17:33:57,28.3165435791016,-17.2816925048828,"Unknown"
"5020559",370757,2026-04-23 17:38:58,28.3372440338135,-17.2886505126953,"Unknown"
"5020559",370757,2026-04-23 18:30:57,28.3505783081055,-17.2890701293945,"Unknown"
"5020559",370757,2026-04-23 18:35:27,28.3426399230957,-17.289192199707,"Unknown"
"5020559",370757,2026-04-23 18:40:29,28.3350200653076,-17.2909049987793,"Unknown"
"5020559",370757,2026-04-23 18:45:32,28.3352928161621,-17.2891159057617,"Unknown"
"5020559",370757,2026-04-23 18:50:26,28.3397445678711,-17.2877922058105,"Unknown"
"5020559",370757,2026-04-23 18:55:28,28.3437881469727,-17.2905941009521,"Unknown"
"5020559",370757,2026-04-23 19:00:26,28.3417530059814,-17.294132232666,"Unknown"
"5020559",370757,2026-04-23 19:05:25,28.3428745269775,-17.2960529327393,"Unknown"
"5020559",370757,2026-04-23 19:10:29,28.3432197570801,-17.2985591888428,"Unknown"
"5020559",370757,2026-04-23 19:15:29,28.3438701629639,-17.2996063232422,"Unknown"
"5020559",370757,2026-04-23 19:20:25,28.3429794311523,-17.3009490966797,"Unknown"
"5020559",370757,2026-04-23 19:25:29,28.344898223877,-17.3041210174561,"Unknown"
"5020559",370757,2026-04-23 19:30:47,28.3457088470459,-17.3056583404541,"Unknown"
"5020559",370757,2026-04-23 19:35:24,28.3325138092041,-17.2969150543213,"Unknown"
"5020559",370757,2026-04-23 19:40:26,28.3264236450195,-17.3173999786377,"Unknown"
"5020559",370757,2026-04-23 19:45:28,28.3069362640381,-17.3343944549561,"Unknown"
"5020559",370757,2026-04-23 19:50:27,28.2820167541504,-17.3415699005127,"Unknown"
"5020559",370757,2026-04-23 19:55:26,28.2521991729736,-17.350643157959,"Unknown"
"5020559",370757,2026-04-23 20:00:27,28.2245235443115,-17.3362865447998,"Unknown"
"5020559",370757,2026-04-23 20:05:26,28.1968669891357,-17.342321395874,"Unknown"
"5020559",370757,2026-04-23 20:10:30,28.1861343383789,-17.3427448272705,"Unknown"
"5020559",370757,2026-04-23 20:15:29,28.1860103607178,-17.3430671691895,"Unknown"
"5020559",370757,2026-04-23 20:20:27,28.1857242584229,-17.3435211181641,"Unknown"
"5020559",370757,2026-04-23 20:25:28,28.1856231689453,-17.3440761566162,"Unknown"
"5020559",370757,2026-04-23 20:30:27,28.1854991912842,-17.3446273803711,"Unknown"
"5020559",370757,2026-04-23 20:35:28,28.1853637695312,-17.3450927734375,"Unknown"
"5020559",370757,2026-04-23 20:40:24,28.1852397918701,-17.3455448150635,"Unknown"
"5020559",370757,2026-04-23 20:45:29,28.1848850250244,-17.3459129333496,"Unknown"
"5020559",370757,2026-04-23 20:50:30,28.1846523284912,-17.3462924957275,"Unknown"
"5020559",370757,2026-04-23 20:55:28,28.1843490600586,-17.3466777801514,"Unknown"
"5020559",370757,2026-04-23 21:00:47,28.1840991973877,-17.347095489502,"Unknown"
"5020559",370757,2026-04-23 21:05:24,28.183780670166,-17.3474941253662,"Unknown"
"5020559",370757,2026-04-23 21:10:24,28.1833190917969,-17.3478393554688,"Unknown"
"5020559",370757,2026-04-23 21:15:24,28.1827526092529,-17.3481597900391,"Unknown"
"5020559",370757,2026-04-23 21:20:24,28.1821556091309,-17.3484439849854,"Unknown"
"5020559",370757,2026-04-23 21:25:24,28.1815929412842,-17.3487339019775,"Unknown"
"5020559",370757,2026-04-23 21:30:24,28.1809539794922,-17.3490581512451,"Unknown"
"5020559",370757,2026-04-23 21:35:24,28.1802234649658,-17.3493328094482,"Unknown"
"5020559",370757,2026-04-23 21:40:24,28.1794281005859,-17.3495197296143,"Unknown"
"5020559",370757,2026-04-23 21:45:24,28.1786212921143,-17.3497447967529,"Unknown"
"5020559",370757,2026-04-23 21:50:24,28.177677154541,-17.3499202728271,"Unknown"
"5020559",370757,2026-04-23 21:55:26,28.1768417358398,-17.350269317627,"Unknown"
"5020559",370757,2026-04-23 22:00:47,28.175895690918,-17.3504734039307,"Unknown"
"5020559",370757,2026-04-23 22:05:24,28.1750831604004,-17.3507347106934,"Unknown"
"5020559",370757,2026-04-23 22:10:24,28.1742172241211,-17.3509311676025,"Unknown"
"5020559",370757,2026-04-23 22:15:24,28.1732902526855,-17.3511829376221,"Unknown"
"5020559",370757,2026-04-23 22:20:24,28.1723613739014,-17.3513832092285,"Unknown"
"5020559",370757,2026-04-23 22:25:24,28.1715679168701,-17.351676940918,"Unknown"
"5020559",370757,2026-04-23 22:30:28,28.1706256866455,-17.3518695831299,"Unknown"
"5020559",370757,2026-04-23 22:35:33,28.1696662902832,-17.3521099090576,"Unknown"
"5020559",370757,2026-04-23 22:40:25,28.1687660217285,-17.3523406982422,"Unknown"
"5020559",370757,2026-04-23 22:45:25,28.1678485870361,-17.3525848388672,"Unknown"
"5020559",370757,2026-04-23 22:50:28,28.169153213501,-17.352912902832,"Unknown"
"5020559",370757,2026-04-23 22:55:40,28.1632919311523,-17.34983253479,"Unknown"
"5020559",370757,2026-04-23 23:00:28,28.1623020172119,-17.3500537872314,"Unknown"
"5020559",370757,2026-04-23 23:05:24,28.1615753173828,-17.3503665924072,"Unknown"
"5020559",370757,2026-04-23 23:10:25,28.1609115600586,-17.3507709503174,"Unknown"
"5020559",370757,2026-04-23 23:15:23,28.1604862213135,-17.3513984680176,"Unknown"
"5020559",370757,2026-04-23 23:20:27,28.1601028442383,-17.3520565032959,"Unknown"
"5020559",370757,2026-04-23 23:25:24,28.1597862243652,-17.3528022766113,"Unknown"
"5020559",370757,2026-04-23 23:30:24,28.1593227386475,-17.3533668518066,"Unknown"
"5020559",370757,2026-04-23 23:35:28,28.1588325500488,-17.3538513183594,"Unknown"
"5020559",370757,2026-04-23 23:40:30,28.1583938598633,-17.3543262481689,"Unknown"
"5020559",370757,2026-04-23 23:45:27,28.1579647064209,-17.3549919128418,"Unknown"
"5020559",370757,2026-04-23 23:50:32,28.1575107574463,-17.3555507659912,"Unknown"
"5020559",370757,2026-04-23 23:55:32,28.1570892333984,-17.3560047149658,"Unknown"
"5020559",370757,2026-04-24 00:00:57,28.1566638946533,-17.3568172454834,"Unknown"
"5020559",370757,2026-04-24 00:05:25,28.1562900543213,-17.357349395752,"Unknown"
"5020559",370757,2026-04-24 00:10:24,28.1557941436768,-17.3578853607178,"Unknown"
"5020559",370757,2026-04-24 00:15:23,28.1552906036377,-17.3583564758301,"Unknown"
"5020559",370757,2026-04-24 00:20:24,28.1547260284424,-17.3586902618408,"Unknown"
"5020559",370757,2026-04-24 00:25:23,28.1541023254395,-17.3589038848877,"Unknown"
"5020559",370757,2026-04-24 00:30:24,28.153392791748,-17.3590297698975,"Unknown"
"5020559",370757,2026-04-24 00:35:24,28.1526355743408,-17.35915184021,"Unknown"
"5020559",370757,2026-04-24 00:40:24,28.1518688201904,-17.3592491149902,"Unknown"
"5020559",370757,2026-04-24 00:45:24,28.1510009765625,-17.3593063354492,"Unknown"
"5020559",370757,2026-04-24 00:50:24,28.1466808319092,-17.3581218719482,"Unknown"
"5020559",370757,2026-04-24 00:55:24,28.1559810638428,-17.3503704071045,"Unknown"
"5020559",370757,2026-04-24 01:00:24,28.1641387939453,-17.3546962738037,"Unknown"
"5020559",370757,2026-04-24 01:05:23,28.1637134552002,-17.3548355102539,"Unknown"
"5020559",370757,2026-04-24 01:10:24,28.1628723144531,-17.3553009033203,"Unknown"
"5020559",370757,2026-04-24 01:15:24,28.1620941162109,-17.3557796478271,"Unknown"
"5020559",370757,2026-04-24 01:20:25,28.1613235473633,-17.3562469482422,"Unknown"
"5020559",370757,2026-04-24 01:25:24,28.1605396270752,-17.35671043396,"Unknown"
"5020559",370757,2026-04-24 01:30:23,28.1597805023193,-17.3572254180908,"Unknown"
"5020559",370757,2026-04-24 01:35:24,28.159049987793,-17.3577842712402,"Unknown"
"5020559",370757,2026-04-24 01:40:24,28.1583042144775,-17.3582973480225,"Unknown"
"5020559",370757,2026-04-24 01:45:26,28.1575946807861,-17.3587913513184,"Unknown"
"5020559",370757,2026-04-24 01:50:24,28.1581630706787,-17.3580360412598,"Unknown"
"5020559",370757,2026-04-24 01:55:25,28.1540298461914,-17.3594932556152,"Unknown"
"5020559",370757,2026-04-24 02:00:26,28.1558628082275,-17.3591976165771,"Unknown"
"5020559",370757,2026-04-24 02:05:25,28.1612663269043,-17.3533878326416,"Unknown"
"5020559",370757,2026-04-24 02:10:24,28.164270401001,-17.3514385223389,"Unknown"
"5020559",370757,2026-04-24 02:15:57,28.1798572540283,-17.343578338623,"Unknown"
"5020559",370757,2026-04-24 02:20:23,28.1796035766602,-17.3439998626709,"Unknown"
"5020559",370757,2026-04-24 02:25:23,28.1792526245117,-17.3445167541504,"Unknown"
"5020559",370757,2026-04-24 02:30:23,28.1789150238037,-17.3450355529785,"Unknown"
"5020559",370757,2026-04-24 02:35:23,28.1785869598389,-17.345516204834,"Unknown"
"5020559",370757,2026-04-24 02:40:23,28.1782417297363,-17.3459987640381,"Unknown"
"5020559",370757,2026-04-24 02:45:23,28.1895713806152,-17.3517684936523,"Unknown"
"5020559",370757,2026-04-24 02:50:23,28.1893215179443,-17.3521041870117,"Unknown"
"5020559",370757,2026-04-24 02:55:23,28.1890850067139,-17.352445602417,"Unknown"
"5020559",370757,2026-04-24 03:00:23,28.188907623291,-17.352783203125,"Unknown"
"5020559",370757,2026-04-24 03:05:23,28.1887245178223,-17.3530826568604,"Unknown"
"5020559",370757,2026-04-24 03:10:24,28.1885414123535,-17.3534126281738,"Unknown"
"5020559",370757,2026-04-24 03:15:24,28.1884307861328,-17.3537044525146,"Unknown"
"5020559",370757,2026-04-24 03:20:24,28.1882934570312,-17.3540267944336,"Unknown"
"5020559",370757,2026-04-24 03:25:24,28.1882133483887,-17.3543853759766,"Unknown"
"5020559",370757,2026-04-24 03:30:23,28.1881237030029,-17.3547306060791,"Unknown"
"5020559",370757,2026-04-24 03:35:23,28.1879539489746,-17.3550491333008,"Unknown"
"5020559",370757,2026-04-24 03:40:23,28.1877880096436,-17.3554153442383,"Unknown"
"5020559",370757,2026-04-24 03:45:24,28.1876220703125,-17.3558330535889,"Unknown"
"5020559",370757,2026-04-24 03:50:24,28.1873970031738,-17.3561954498291,"Unknown"
"5020559",370757,2026-04-24 03:55:24,28.1871681213379,-17.356632232666,"Unknown"
"5020559",370757,2026-04-24 04:00:23,28.1869068145752,-17.3570671081543,"Unknown"
"5020559",370757,2026-04-24 04:05:24,28.1866264343262,-17.3574314117432,"Unknown"
"5020559",370757,2026-04-24 04:10:24,28.1863536834717,-17.3578128814697,"Unknown"
"5020559",370757,2026-04-24 04:15:23,28.1860771179199,-17.3582000732422,"Unknown"
"5020559",370757,2026-04-24 04:20:23,28.1858539581299,-17.3586292266846,"Unknown"
"5020559",370757,2026-04-24 04:25:24,28.185640335083,-17.3590698242188,"Unknown"
"5020559",370757,2026-04-24 04:30:23,28.1854228973389,-17.359395980835,"Unknown"
"5020559",370757,2026-04-24 04:35:24,28.1851940155029,-17.359691619873,"Unknown"
"5020559",370757,2026-04-24 04:40:24,28.1849308013916,-17.3600120544434,"Unknown"
"5020559",370757,2026-04-24 04:45:25,28.1846294403076,-17.3603191375732,"Unknown"
"5020559",370757,2026-04-24 04:50:24,28.1844139099121,-17.360767364502,"Unknown"
"5020559",370757,2026-04-24 04:55:27,28.1841888427734,-17.3612098693848,"Unknown"
"5020559",370757,2026-04-24 05:00:26,28.1839923858643,-17.3616523742676,"Unknown"
"5020559",370757,2026-04-24 05:05:28,28.1837902069092,-17.3621082305908,"Unknown"
"5020559",370757,2026-04-24 05:10:26,28.1877861022949,-17.3650989532471,"Unknown"
"5020559",370757,2026-04-24 05:15:26,28.187557220459,-17.3654804229736,"Unknown"
"5020559",370757,2026-04-24 05:20:26,28.1873302459717,-17.3659362792969,"Unknown"
"5020559",370757,2026-04-24 05:25:25,28.187744140625,-17.3667106628418,"Unknown"
"5020559",370757,2026-04-24 05:30:26,28.1885833740234,-17.3680458068848,"Unknown"
"5020559",370757,2026-04-24 05:40:47,28.2073097229004,-17.3836708068848,"Unknown"
"5020559",370757,2026-04-24 05:45:24,28.2113246917725,-17.3726425170898,"Unknown"
"5020559",370757,2026-04-24 05:50:25,28.2179489135742,-17.3561553955078,"Unknown"
"5020559",370757,2026-04-24 05:55:24,28.2226581573486,-17.3362579345703,"Unknown"
"5020559",370757,2026-04-24 06:01:03,28.2264213562012,-17.3170833587646,"Unknown"
"5020559",370757,2026-04-24 06:05:24,28.2196598052979,-17.3154716491699,"Unknown"
"5020559",370757,2026-04-24 06:10:24,28.2227993011475,-17.315372467041,"Unknown"
"5020559",370757,2026-04-24 06:15:24,28.2399272918701,-17.3197040557861,"Unknown"
"5020559",370757,2026-04-24 06:20:23,28.2547950744629,-17.3361434936523,"Unknown"
"5020559",370757,2026-04-24 06:25:26,28.2660140991211,-17.3573207855225,"Unknown"
"5020559",370757,2026-04-24 06:30:25,28.2770538330078,-17.3763790130615,"Unknown"
"5020559",370757,2026-04-24 06:35:23,28.2868061065674,-17.4008255004883,"Unknown"
"5020559",370757,2026-04-24 06:40:26,28.3018741607666,-17.4262046813965,"Unknown"
"5020559",370757,2026-04-24 06:45:23,28.3160171508789,-17.4518966674805,"Unknown"
"5020559",370757,2026-04-24 06:50:26,28.3301200866699,-17.4771347045898,"Unknown"
"5020559",370757,2026-04-24 06:55:28,28.34423828125,-17.5026206970215,"Unknown"
"5020559",370757,2026-04-24 07:00:23,28.353889465332,-17.5230407714844,"Unknown"
"5020559",370757,2026-04-24 07:05:26,28.3593597412109,-17.5480632781982,"Unknown"
"5020559",370757,2026-04-24 07:10:26,28.3614673614502,-17.5602512359619,"Unknown"
"5020559",370757,2026-04-24 07:15:26,28.3583507537842,-17.5892696380615,"Unknown"
"5020559",370757,2026-04-24 07:20:26,28.3608131408691,-17.622142791748,"Unknown"
"5020559",370757,2026-04-24 07:25:26,28.3646049499512,-17.6542549133301,"Unknown"
"5020559",370757,2026-04-24 07:30:24,28.373893737793,-17.6689395904541,"Unknown"
"5020559",370757,2026-04-24 07:35:26,28.3836212158203,-17.6816234588623,"Unknown"
"5020559",370757,2026-04-24 07:40:28,28.3978462219238,-17.7074031829834,"Unknown"
"5020559",370757,2026-04-24 07:45:26,28.4162425994873,-17.7281284332275,"Unknown"
"5020559",370757,2026-04-24 07:50:28,28.4411239624023,-17.7349033355713,"Unknown"
"5020559",370757,2026-04-24 07:55:26,28.4657936096191,-17.7357940673828,"Unknown"
"5020559",370757,2026-04-24 08:01:27,28.497013092041,-17.7324085235596,"Unknown"
"5020559",370757,2026-04-24 08:01:28,28.4971122741699,-17.7323970794678,"Unknown"
"5020559",370757,2026-04-24 08:02:31,28.502368927002,-17.7324275970459,"Unknown"
"5020559",370757,2026-04-24 08:03:30,28.5067310333252,-17.7309131622314,"Unknown"
"5020559",370757,2026-04-24 08:04:30,28.5109100341797,-17.7282791137695,"Unknown"
"5020559",370757,2026-04-24 08:05:30,28.5130062103271,-17.7244091033936,"Unknown"
"5020559",370757,2026-04-24 08:06:31,28.5171546936035,-17.7206764221191,"Unknown"
"5020559",370757,2026-04-24 08:11:35,28.5408840179443,-17.7085723876953,"Unknown"
"5020559",370757,2026-04-24 08:16:33,28.5658702850342,-17.7047843933105,"Unknown"
"5020559",370757,2026-04-24 08:21:31,28.5921058654785,-17.7007369995117,"Unknown"
"5020559",370757,2026-04-24 08:26:36,28.6181011199951,-17.6921730041504,"Unknown"
"5020559",370757,2026-04-24 08:32:35,28.6453132629395,-17.6842365264893,"Unknown"
"5020559",370757,2026-04-24 08:36:31,28.6679058074951,-17.6834278106689,"Unknown"
"5020559",370757,2026-04-24 08:41:34,28.6809425354004,-17.6828632354736,"Unknown"
"5020559",370757,2026-04-24 08:46:42,28.697732925415,-17.6853485107422,"Unknown"
"5020559",370757,2026-04-24 08:51:42,28.7239208221436,-17.696174621582,"Unknown"
"5020559",370757,2026-04-24 08:56:34,28.7493686676025,-17.7081546783447,"Unknown"
"5020559",370757,2026-04-24 09:01:31,28.7540740966797,-17.7082328796387,"Unknown"
"5020559",370757,2026-04-24 09:06:31,28.7546882629395,-17.7082080841064,"Unknown"
"5020559",370757,2026-04-24 09:11:31,28.7552604675293,-17.7082080841064,"Unknown"
"5020559",370757,2026-04-24 09:16:31,28.7558116912842,-17.708215713501,"Unknown"
"5020559",370757,2026-04-24 09:21:31,28.7564296722412,-17.7082672119141,"Unknown"
"5020559",370757,2026-04-24 09:26:31,28.7569236755371,-17.7081680297852,"Unknown"
"5020559",370757,2026-04-24 09:31:31,28.7574367523193,-17.708309173584,"Unknown"
"5020559",370757,2026-04-24 09:36:46,28.7645053863525,-17.7095718383789,"Unknown"
"5020559",370757,2026-04-24 09:46:32,28.7797183990479,-17.7303562164307,"Unknown"
"5020559",370757,2026-04-24 09:51:32,28.7801418304443,-17.7313861846924,"Unknown"
"5020559",370757,2026-04-24 09:52:33,28.7811374664307,-17.729320526123,"Unknown"
"5020559",370757,2026-04-24 09:53:31,28.7810802459717,-17.7300605773926,"Unknown"
"5020559",370757,2026-04-24 09:54:31,28.7813739776611,-17.729642868042,"Unknown"
"5020559",370757,2026-04-24 09:55:30,28.7842750549316,-17.7315063476562,"Unknown"
"5020559",370757,2026-04-24 09:56:31,28.7813720703125,-17.7324390411377,"Unknown"
"5020559",370757,2026-04-24 09:57:31,28.7780590057373,-17.7312355041504,"Unknown"
"5020559",370757,2026-04-24 09:58:33,28.7789745330811,-17.7313137054443,"Unknown"
"5020559",370757,2026-04-24 09:59:31,28.7802085876465,-17.7307891845703,"Unknown"
"5020559",370757,2026-04-24 10:00:31,28.7793197631836,-17.7301177978516,"Unknown"
"5020559",370757,2026-04-24 10:01:31,28.7791805267334,-17.7301349639893,"Unknown"
"5020559",370757,2026-04-24 10:02:30,28.7790641784668,-17.7298259735107,"Unknown"
"5020559",370757,2026-04-24 10:03:30,28.7768936157227,-17.7285346984863,"Unknown"
"5020559",370757,2026-04-24 10:04:30,28.7766284942627,-17.7282199859619,"Unknown"
"5020559",370757,2026-04-24 10:05:31,28.7749671936035,-17.7285423278809,"Unknown"
"5020559",370757,2026-04-24 10:06:31,28.7747840881348,-17.7285099029541,"Unknown"
"5020559",370757,2026-04-24 10:07:30,28.7746124267578,-17.7284927368164,"Unknown"
"5020559",370757,2026-04-24 10:08:31,28.7744369506836,-17.7284679412842,"Unknown"
"5020559",370757,2026-04-24 10:09:30,28.7742729187012,-17.7284564971924,"Unknown"
"5020559",370757,2026-04-24 10:10:31,28.7740993499756,-17.7284164428711,"Unknown"
"5020559",370757,2026-04-24 10:11:30,28.7739238739014,-17.7283725738525,"Unknown"
"5020559",370757,2026-04-24 10:12:32,28.7737617492676,-17.7283191680908,"Unknown"
"5020559",370757,2026-04-24 10:13:30,28.7755813598633,-17.7280464172363,"Unknown"
"5020559",370757,2026-04-24 10:14:30,28.7777709960938,-17.7270889282227,"Unknown"
"5020559",370757,2026-04-24 10:15:30,28.7776126861572,-17.7270565032959,"Unknown"
"5020559",370757,2026-04-24 10:16:30,28.7766227722168,-17.7252178192139,"Unknown"
"5020559",370757,2026-04-24 10:17:30,28.7766990661621,-17.7250442504883,"Unknown"
"5020559",370757,2026-04-24 10:18:33,28.770975112915,-17.7254981994629,"Unknown"
"5020559",370757,2026-04-24 10:19:30,28.7716083526611,-17.7249660491943,"Unknown"
"5020559",370757,2026-04-24 10:20:30,28.7711715698242,-17.7246322631836,"Unknown"
"5020559",370757,2026-04-24 10:25:30,28.7713890075684,-17.7238140106201,"Unknown"
"5020559",370757,2026-04-24 10:30:30,28.7712707519531,-17.7238864898682,"Unknown"
"5020559",370757,2026-04-24 10:35:30,28.7710609436035,-17.7241039276123,"Unknown"
"5020559",370757,2026-04-24 10:40:33,28.7707996368408,-17.724193572998,"Unknown"
"5020559",370757,2026-04-24 10:45:30,28.7710380554199,-17.724235534668,"Unknown"
"5020559",370757,2026-04-24 10:50:31,28.7708415985107,-17.7242431640625,"Unknown"
"5020559",370757,2026-04-24 10:55:31,28.7705116271973,-17.7238521575928,"Unknown"
"5020559",370757,2026-04-24 11:00:33,28.7704334259033,-17.7245750427246,"Unknown"
"5020559",370757,2026-04-24 11:05:31,28.7728900909424,-17.7289752960205,"Unknown"
"5020559",370757,2026-04-24 11:10:33,28.7720603942871,-17.7291831970215,"Unknown"
"5020559",370757,2026-04-24 11:11:31,28.7718677520752,-17.7292232513428,"Unknown"
"5020559",370757,2026-04-24 11:12:31,28.771671295166,-17.7292442321777,"Unknown"
"5020559",370757,2026-04-24 11:13:31,28.7714920043945,-17.7292709350586,"Unknown"
"5020559",370757,2026-04-24 11:14:31,28.7712898254395,-17.7292919158936,"Unknown"
"5020559",370757,2026-04-24 11:15:31,28.7710933685303,-17.7293128967285,"Unknown"
"5020559",370757,2026-04-24 11:16:31,28.7708969116211,-17.7293262481689,"Unknown"
"5020559",370757,2026-04-24 11:17:31,28.7706985473633,-17.7293529510498,"Unknown"
"5020559",370757,2026-04-24 11:18:32,28.7705211639404,-17.7293796539307,"Unknown"
"5020559",370757,2026-04-24 11:19:31,28.7703304290771,-17.7294006347656,"Unknown"
"5020559",370757,2026-04-24 11:20:31,28.7701530456543,-17.7294235229492,"Unknown"
"5020559",370757,2026-04-24 11:21:31,28.7699356079102,-17.7294521331787,"Unknown"
"5020559",370757,2026-04-24 11:22:31,28.7697696685791,-17.7294845581055,"Unknown"
"5020559",370757,2026-04-24 11:23:31,28.7695770263672,-17.729513168335,"Unknown"
"5020559",370757,2026-04-24 11:24:31,28.7693843841553,-17.7295475006104,"Unknown"
"5020559",370757,2026-04-24 11:25:31,28.7691898345947,-17.7295761108398,"Unknown"
"5020559",370757,2026-04-24 11:26:36,28.7690315246582,-17.7294635772705,"Unknown"
"5020559",370757,2026-04-24 11:27:31,28.7689208984375,-17.7294368743896,"Unknown"
"5020559",370757,2026-04-24 11:28:32,28.7687549591064,-17.7292995452881,"Unknown"
"5020559",370757,2026-04-24 11:29:31,28.7685699462891,-17.7292194366455,"Unknown"
"5020559",370757,2026-04-24 11:30:31,28.7667255401611,-17.7259483337402,"Unknown"
"5020559",370757,2026-04-24 11:31:32,28.7642402648926,-17.7197971343994,"Unknown"
"5020559",370757,2026-04-24 11:32:31,28.7615127563477,-17.7143325805664,"Unknown"
"5020559",370757,2026-04-24 11:37:37,28.7605209350586,-17.7123050689697,"Unknown"
"5020559",370757,2026-04-24 11:42:34,28.7613506317139,-17.7133140563965,"Unknown"
"5020559",370757,2026-04-24 11:47:33,28.7617797851562,-17.7137336730957,"Unknown"
"5020559",370757,2026-04-24 11:52:33,28.7621631622314,-17.7140808105469,"Unknown"
"5020559",370757,2026-04-24 11:57:34,28.7632064819336,-17.7147026062012,"Unknown"
"5020559",370757,2026-04-24 12:03:27,28.7617645263672,-17.7147884368896,"Unknown"
"5020559",370757,2026-04-24 12:07:31,28.7610263824463,-17.7146606445312,"Unknown"
"5020559",370757,2026-04-24 12:12:31,28.7557792663574,-17.7136249542236,"Unknown"
"5020559",370757,2026-04-24 12:17:33,28.7556934356689,-17.7138786315918,"Unknown"
"5020559",370757,2026-04-24 12:22:31,28.755443572998,-17.7139873504639,"Unknown"
"5020559",370757,2026-04-24 12:27:31,28.7550716400146,-17.7140159606934,"Unknown"
"5020559",370757,2026-04-24 12:32:31,28.7546329498291,-17.7140579223633,"Unknown"
"5020559",370757,2026-04-24 12:37:31,28.7542133331299,-17.7141418457031,"Unknown"
"5020559",370757,2026-04-24 12:42:31,28.7537269592285,-17.7141876220703,"Unknown"
"5020559",370757,2026-04-24 12:47:31,28.7532215118408,-17.7142429351807,"Unknown"
"5020559",370757,2026-04-24 12:52:31,28.7474594116211,-17.7158279418945,"Unknown"
"5020559",370757,2026-04-24 12:57:31,28.7468509674072,-17.7154579162598,"Unknown"
"5020559",370757,2026-04-24 13:02:31,28.7462863922119,-17.7150573730469,"Unknown"
"5020559",370757,2026-04-24 13:07:31,28.745964050293,-17.7146434783936,"Unknown"
"5020559",370757,2026-04-24 13:12:33,28.7456474304199,-17.7140274047852,"Unknown"
"5020559",370757,2026-04-24 13:17:36,28.745475769043,-17.7132740020752,"Unknown"
"5020559",370757,2026-04-24 13:22:39,28.7452754974365,-17.7126979827881,"Unknown"
"5020559",370757,2026-04-24 13:27:32,28.745096206665,-17.7122097015381,"Unknown"
"5020559",370757,2026-04-24 13:32:31,28.7447566986084,-17.7113876342773,"Unknown"
"5020559",370757,2026-04-24 13:37:31,28.7444915771484,-17.7107830047607,"Unknown"
"5020559",370757,2026-04-24 13:42:33,28.744478225708,-17.710521697998,"Unknown"
"5020559",370757,2026-04-24 13:47:31,28.7443733215332,-17.7099189758301,"Unknown"
"5020559",370757,2026-04-24 13:52:31,28.7445697784424,-17.7094402313232,"Unknown"
"5020559",370757,2026-04-24 13:57:31,28.7448959350586,-17.7091960906982,"Unknown"
"5020559",370757,2026-04-24 14:02:35,28.7588882446289,-17.7183780670166,"Unknown"
"5020559",370757,2026-04-24 14:07:33,28.7814235687256,-17.7300415039062,"Unknown"
"5020559",370757,2026-04-24 14:12:34,28.7850341796875,-17.7356262207031,"Unknown"
"5020559",370757,2026-04-24 14:13:33,28.7872123718262,-17.7378711700439,"Unknown"
"5020559",370757,2026-04-24 14:14:31,28.7873935699463,-17.7384548187256,"Unknown"
"5020559",370757,2026-04-24 14:15:31,28.7873363494873,-17.7385387420654,"Unknown"
"5020559",370757,2026-04-24 14:16:31,28.7873229980469,-17.738639831543,"Unknown"
"5020559",370757,2026-04-24 14:17:31,28.7873249053955,-17.7387237548828,"Unknown"
"5020559",370757,2026-04-24 14:18:42,28.7873725891113,-17.7400360107422,"Unknown"
"5020559",370757,2026-04-24 14:19:31,28.7873840332031,-17.7409629821777,"Unknown"
"5020559",370757,2026-04-24 14:20:31,28.7878475189209,-17.7421073913574,"Unknown"
"5020559",370757,2026-04-24 14:21:34,28.7879161834717,-17.7422332763672,"Unknown"
"5020559",370757,2026-04-24 14:22:33,28.7879085540771,-17.7422866821289,"Unknown"
"5020559",370757,2026-04-24 14:23:31,28.7878837585449,-17.742338180542,"Unknown"
"5020559",370757,2026-04-24 14:24:31,28.7878665924072,-17.7424163818359,"Unknown"
"5020559",370757,2026-04-24 14:25:32,28.78782081604,-17.742488861084,"Unknown"
"5020559",370757,2026-04-24 14:26:33,28.7877883911133,-17.7425289154053,"Unknown"
"5020559",370757,2026-04-24 14:27:34,28.7877502441406,-17.7425098419189,"Unknown"
"5020559",370757,2026-04-24 14:28:33,28.7877025604248,-17.742504119873,"Unknown"
"5020559",370757,2026-04-24 14:29:31,28.7876720428467,-17.7425479888916,"Unknown"
"5020559",370757,2026-04-24 14:30:34,28.7876510620117,-17.7425708770752,"Unknown"
"5020559",370757,2026-04-24 14:31:33,28.7876110076904,-17.7425632476807,"Unknown"
"5020559",370757,2026-04-24 14:32:33,28.7875785827637,-17.7425651550293,"Unknown"
"5020559",370757,2026-04-24 14:33:33,28.7875537872314,-17.7426052093506,"Unknown"
"5020559",370757,2026-04-24 14:34:32,28.7875232696533,-17.7426376342773,"Unknown"
"5020559",370757,2026-04-24 14:35:31,28.7874927520752,-17.742733001709,"Unknown"
"5020559",370757,2026-04-24 14:36:31,28.7874526977539,-17.7427787780762,"Unknown"
"5020559",370757,2026-04-24 14:37:31,28.7874240875244,-17.7428588867188,"Unknown"
"5020559",370757,2026-04-24 14:38:31,28.7873973846436,-17.7429389953613,"Unknown"
"5020559",370757,2026-04-24 14:39:31,28.7873554229736,-17.7430286407471,"Unknown"
"5020559",370757,2026-04-24 14:40:33,28.7873191833496,-17.7430782318115,"Unknown"
"5020559",370757,2026-04-24 14:41:33,28.7872867584229,-17.7431011199951,"Unknown"
"5020559",370757,2026-04-24 14:42:32,28.7872428894043,-17.7430763244629,"Unknown"
"5020559",370757,2026-04-24 14:43:32,28.7873153686523,-17.7424011230469,"Unknown"
"5020559",370757,2026-04-24 14:44:35,28.7834339141846,-17.7391700744629,"Unknown"
"5020559",370757,2026-04-24 14:45:33,28.7834243774414,-17.7393093109131,"Unknown"
"5020559",370757,2026-04-24 14:46:34,28.7851657867432,-17.7382583618164,"Unknown"
"5020559",370757,2026-04-24 14:47:34,28.7851314544678,-17.7382736206055,"Unknown"
"5020559",370757,2026-04-24 14:48:33,28.7851333618164,-17.7384452819824,"Unknown"
"5020559",370757,2026-04-24 14:49:33,28.7850856781006,-17.7385215759277,"Unknown"
"5020559",370757,2026-04-24 14:50:31,28.7891635894775,-17.7401866912842,"Unknown"
"5020559",370757,2026-04-24 14:51:34,28.7904148101807,-17.7407493591309,"Unknown"
"5020559",370757,2026-04-24 14:52:33,28.7921142578125,-17.7410774230957,"Unknown"
"5020559",370757,2026-04-24 14:53:38,28.7930469512939,-17.7414474487305,"Unknown"
"5020559",370757,2026-04-24 14:54:43,28.7930545806885,-17.7414474487305,"Unknown"
"5020559",370757,2026-04-24 14:55:41,28.7945594787598,-17.7403926849365,"Unknown"
"5020559",370757,2026-04-24 14:57:03,28.7945327758789,-17.740406036377,"Unknown"
"5020559",370757,2026-04-24 14:57:30,28.7945404052734,-17.7404232025146,"Unknown"
"5020559",370757,2026-04-24 14:58:30,28.7945804595947,-17.7404479980469,"Unknown"
"5020559",370757,2026-04-24 14:59:30,28.7945976257324,-17.7404766082764,"Unknown"
"5020559",370757,2026-04-24 15:00:30,28.7945766448975,-17.7405109405518,"Unknown"
"5020559",370757,2026-04-24 15:01:31,28.794584274292,-17.7406692504883,"Unknown"
"5020559",370757,2026-04-24 15:02:31,28.7945957183838,-17.740795135498,"Unknown"
"5020559",370757,2026-04-24 15:03:30,28.7945671081543,-17.7408981323242,"Unknown"
"5020559",370757,2026-04-24 15:04:30,28.7945499420166,-17.7409973144531,"Unknown"
"5020559",370757,2026-04-24 15:05:30,28.7944965362549,-17.7410926818848,"Unknown"
"5020559",370757,2026-04-24 15:06:30,28.7944450378418,-17.7411766052246,"Unknown"
"5020559",370757,2026-04-24 15:07:30,28.7943859100342,-17.7412891387939,"Unknown"
"5020559",370757,2026-04-24 15:08:30,28.7944145202637,-17.7413730621338,"Unknown"
"5020559",370757,2026-04-24 15:09:30,28.7944297790527,-17.7414703369141,"Unknown"
"5020559",370757,2026-04-24 15:10:30,28.7944660186768,-17.7415637969971,"Unknown"
"5020559",370757,2026-04-24 15:11:31,28.7944717407227,-17.7416648864746,"Unknown"
"5020559",370757,2026-04-24 15:12:30,28.7944850921631,-17.7417659759521,"Unknown"
"5020559",370757,2026-04-24 15:13:30,28.7944889068604,-17.7418651580811,"Unknown"
"5020559",370757,2026-04-24 15:14:30,28.7944202423096,-17.7418346405029,"Unknown"
"5020559",370757,2026-04-24 15:15:30,28.7943439483643,-17.7418212890625,"Unknown"
"5020559",370757,2026-04-24 15:16:30,28.7943840026855,-17.7418880462646,"Unknown"
"5020559",370757,2026-04-24 15:17:30,28.7943840026855,-17.7419013977051,"Unknown"
"5020559",370757,2026-04-24 15:18:30,28.794303894043,-17.7419300079346,"Unknown"
"5020559",370757,2026-04-24 15:19:30,28.7941837310791,-17.7419891357422,"Unknown"
"5020559",370757,2026-04-24 15:20:30,28.7941341400146,-17.7420101165771,"Unknown"
"5020559",370757,2026-04-24 15:21:30,28.7941226959229,-17.7420558929443,"Unknown"
"5020559",370757,2026-04-24 15:22:30,28.7943935394287,-17.742057800293,"Unknown"
"5020559",370757,2026-04-24 15:23:30,28.7954864501953,-17.7406520843506,"Unknown"
"5020559",370757,2026-04-24 15:24:30,28.7955665588379,-17.7407188415527,"Unknown"
"5020559",370757,2026-04-24 15:25:31,28.7956218719482,-17.740795135498,"Unknown"
"5020559",370757,2026-04-24 15:26:30,28.7956504821777,-17.7408409118652,"Unknown"
"5020559",370757,2026-04-24 15:27:30,28.7957420349121,-17.740894317627,"Unknown"
"5020559",370757,2026-04-24 15:28:30,28.7964420318604,-17.7441368103027,"Unknown"
"5020559",370757,2026-04-24 15:29:30,28.7977714538574,-17.7451972961426,"Unknown"
"5020559",370757,2026-04-24 15:30:30,28.7976684570312,-17.7453575134277,"Unknown"
"5020559",370757,2026-04-24 15:31:30,28.79762840271,-17.745491027832,"Unknown"
"5020559",370757,2026-04-24 15:32:30,28.7977313995361,-17.7455711364746,"Unknown"
"5020559",370757,2026-04-24 15:33:30,28.7989082336426,-17.7454795837402,"Unknown"
"5020559",370757,2026-04-24 15:34:30,28.8033866882324,-17.7466144561768,"Unknown"
"5020559",370757,2026-04-24 15:35:30,28.8033981323242,-17.7466468811035,"Unknown"
"5020559",370757,2026-04-24 15:36:31,28.8034152984619,-17.7467136383057,"Unknown"
"5020559",370757,2026-04-24 15:37:30,28.8033924102783,-17.7467613220215,"Unknown"
"5020559",370757,2026-04-24 15:38:30,28.803337097168,-17.7467784881592,"Unknown"
"5020559",370757,2026-04-24 15:39:30,28.8033237457275,-17.7468032836914,"Unknown"
"5020559",370757,2026-04-24 15:40:30,28.8033046722412,-17.7468585968018,"Unknown"
"5020559",370757,2026-04-24 15:41:30,28.8032684326172,-17.7469062805176,"Unknown"
"5020559",370757,2026-04-24 15:42:30,28.8033008575439,-17.7469730377197,"Unknown"
"5020559",370757,2026-04-24 15:43:30,28.8032913208008,-17.7470436096191,"Unknown"
"5020559",370757,2026-04-24 15:44:30,28.8032741546631,-17.7470741271973,"Unknown"
"5020559",370757,2026-04-24 15:45:30,28.8032569885254,-17.7470703125,"Unknown"
"5020559",370757,2026-04-24 15:46:30,28.8032360076904,-17.747049331665,"Unknown"
"5020559",370757,2026-04-24 15:47:30,28.8032302856445,-17.7470951080322,"Unknown"
"5020559",370757,2026-04-24 15:48:30,28.8032073974609,-17.7470970153809,"Unknown"
"5020559",370757,2026-04-24 15:49:30,28.8031997680664,-17.7471160888672,"Unknown"
"5020559",370757,2026-04-24 15:50:30,28.8031997680664,-17.7471599578857,"Unknown"
"5020559",370757,2026-04-24 15:51:30,28.8031997680664,-17.7471866607666,"Unknown"
"5020559",370757,2026-04-24 15:52:31,28.8031940460205,-17.7472152709961,"Unknown"
"5020559",370757,2026-04-24 15:53:30,28.803186416626,-17.7472267150879,"Unknown"
"5020559",370757,2026-04-24 15:54:30,28.8031787872314,-17.7472362518311,"Unknown"
"5020559",370757,2026-04-24 15:55:31,28.8031539916992,-17.7472362518311,"Unknown"
"5020559",370757,2026-04-24 15:56:30,28.8031387329102,-17.7472534179688,"Unknown"
"5020559",370757,2026-04-24 15:57:30,28.8031482696533,-17.7472915649414,"Unknown"
"5020559",370757,2026-04-24 15:58:30,28.8031616210938,-17.7473621368408,"Unknown"
"5020559",370757,2026-04-24 15:59:30,28.8031787872314,-17.7474365234375,"Unknown"
"5020559",370757,2026-04-24 16:00:30,28.8031921386719,-17.7474918365479,"Unknown"
"5020559",370757,2026-04-24 16:01:30,28.8032169342041,-17.7475872039795,"Unknown"
"5020559",370757,2026-04-24 16:02:30,28.8032360076904,-17.7476558685303,"Unknown"
"5020559",370757,2026-04-24 16:03:30,28.8032646179199,-17.7477493286133,"Unknown"
"5020559",370757,2026-04-24 16:04:30,28.8032894134521,-17.7477855682373,"Unknown"
"5020559",370757,2026-04-24 16:05:30,28.8033008575439,-17.7478504180908,"Unknown"
"5020559",370757,2026-04-24 16:06:31,28.8033409118652,-17.7479095458984,"Unknown"
"5020559",370757,2026-04-24 16:07:30,28.8033771514893,-17.7479629516602,"Unknown"
"5020559",370757,2026-04-24 16:08:30,28.8034248352051,-17.7480411529541,"Unknown"
"5020559",370757,2026-04-24 16:09:30,28.8034381866455,-17.7480926513672,"Unknown"
"5020559",370757,2026-04-24 16:10:30,28.8034725189209,-17.7481632232666,"Unknown"
"5020559",370757,2026-04-24 16:11:31,28.8035144805908,-17.7482433319092,"Unknown"
"5020559",370757,2026-04-24 16:12:30,28.8035449981689,-17.7483215332031,"Unknown"
"5020559",370757,2026-04-24 16:13:30,28.8035945892334,-17.7484474182129,"Unknown"
"5020559",370757,2026-04-24 16:14:30,28.8036365509033,-17.7485370635986,"Unknown"
"5020559",370757,2026-04-24 16:15:31,28.8036861419678,-17.7486381530762,"Unknown"
"5020559",370757,2026-04-24 16:16:30,28.8037414550781,-17.7487010955811,"Unknown"
"5020559",370757,2026-04-24 16:17:30,28.8037338256836,-17.7487239837646,"Unknown"
"5020559",370757,2026-04-24 16:18:30,28.8037605285645,-17.7487258911133,"Unknown"
"5020559",370757,2026-04-24 16:19:30,28.8037929534912,-17.7487773895264,"Unknown"
"5020559",370757,2026-04-24 16:20:30,28.803840637207,-17.7488117218018,"Unknown"
"5020559",370757,2026-04-24 16:21:30,28.8038578033447,-17.7488880157471,"Unknown"
"5020559",370757,2026-04-24 16:22:31,28.803918838501,-17.7489280700684,"Unknown"
"5020559",370757,2026-04-24 16:23:30,28.8039798736572,-17.7489452362061,"Unknown"
"5020559",370757,2026-04-24 16:24:31,28.8050918579102,-17.7467880249023,"Unknown"
"5020559",370757,2026-04-24 16:25:30,28.8060855865479,-17.7427654266357,"Unknown"
"5020559",370757,2026-04-24 16:26:30,28.806131362915,-17.7428855895996,"Unknown"
"5020559",370757,2026-04-24 16:27:30,28.8061580657959,-17.7429885864258,"Unknown"
"5020559",370757,2026-04-24 16:28:30,28.8042583465576,-17.7425518035889,"Unknown"
"5020559",370757,2026-04-24 16:29:30,28.8044033050537,-17.742733001709,"Unknown"
"5020559",370757,2026-04-24 16:30:30,28.8045024871826,-17.7428569793701,"Unknown"
"5020559",370757,2026-04-24 16:31:30,28.8048305511475,-17.7472820281982,"Unknown"
"5020559",370757,2026-04-24 16:32:31,28.8058300018311,-17.7487602233887,"Unknown"
"5020559",370757,2026-04-24 16:33:31,28.8053169250488,-17.7494506835938,"Unknown"
"5020559",370757,2026-04-24 16:34:31,28.806339263916,-17.752254486084,"Unknown"
"5020559",370757,2026-04-24 16:35:30,28.8069496154785,-17.754186630249,"Unknown"
"5020559",370757,2026-04-24 16:36:31,28.8070487976074,-17.7542285919189,"Unknown"
"5020559",370757,2026-04-24 16:37:30,28.8103160858154,-17.7524185180664,"Unknown"
"5020559",370757,2026-04-24 16:38:30,28.810417175293,-17.7524662017822,"Unknown"
"5020559",370757,2026-04-24 16:39:30,28.8105373382568,-17.7525520324707,"Unknown"
"5020559",370757,2026-04-24 16:40:31,28.8106384277344,-17.7526321411133,"Unknown"
"5020559",370757,2026-04-24 16:41:30,28.810754776001,-17.75266456604,"Unknown"
"5020559",370757,2026-04-24 16:42:31,28.8108577728271,-17.75270652771,"Unknown"
"5020559",370757,2026-04-24 16:43:31,28.8109760284424,-17.7527236938477,"Unknown"
"5020559",370757,2026-04-24 16:44:31,28.8110980987549,-17.7527599334717,"Unknown"
"5020559",370757,2026-04-24 16:45:30,28.8111763000488,-17.7528057098389,"Unknown"
"5020559",370757,2026-04-24 16:46:30,28.8112468719482,-17.7528858184814,"Unknown"
"5020559",370757,2026-04-24 16:47:30,28.8112983703613,-17.7529563903809,"Unknown"
"5020559",370757,2026-04-24 16:48:30,28.8114032745361,-17.753044128418,"Unknown"
"5020559",370757,2026-04-24 16:49:30,28.8115348815918,-17.7531127929688,"Unknown"
"5020559",370757,2026-04-24 16:50:31,28.8116264343262,-17.75315284729,"Unknown"
"5020559",370757,2026-04-24 16:51:31,28.8117141723633,-17.7532196044922,"Unknown"
"5020559",370757,2026-04-24 16:52:31,28.8118057250977,-17.7532711029053,"Unknown"
"5020559",370757,2026-04-24 16:53:31,28.8119297027588,-17.7533073425293,"Unknown"
"5020559",370757,2026-04-24 16:54:30,28.8120403289795,-17.7533721923828,"Unknown"
"5020559",370757,2026-04-24 16:55:31,28.8121204376221,-17.7533779144287,"Unknown"
"5020559",370757,2026-04-24 16:56:32,28.8121910095215,-17.7533855438232,"Unknown"
"5020559",370757,2026-04-24 16:57:32,28.8122520446777,-17.7533493041992,"Unknown"
"5020559",370757,2026-04-24 16:58:31,28.8123016357422,-17.7533321380615,"Unknown"
"5020559",370757,2026-04-24 16:59:32,28.812328338623,-17.7533302307129,"Unknown"
"5020559",370757,2026-04-24 17:00:31,28.8123455047607,-17.7533226013184,"Unknown"
"5020559",370757,2026-04-24 17:01:31,28.8123798370361,-17.7533016204834,"Unknown"
"5020559",370757,2026-04-24 17:02:33,28.8124179840088,-17.7532653808594,"Unknown"
"5020559",370757,2026-04-24 17:03:33,28.8124713897705,-17.7532272338867,"Unknown"
"5020559",370757,2026-04-24 17:04:34,28.8125038146973,-17.7532062530518,"Unknown"
"5020559",370757,2026-04-24 17:05:32,28.8125686645508,-17.7531929016113,"Unknown"
"5020559",370757,2026-04-24 17:06:31,28.8126411437988,-17.7531852722168,"Unknown"
"5020559",370757,2026-04-24 17:07:32,28.8127288818359,-17.7531642913818,"Unknown"
"5020559",370757,2026-04-24 17:08:31,28.8127994537354,-17.7531261444092,"Unknown"
"5020559",370757,2026-04-24 17:09:31,28.8128986358643,-17.7531261444092,"Unknown"
"5020559",370757,2026-04-24 17:10:31,28.8129940032959,-17.7530822753906,"Unknown"
"5020559",370757,2026-04-24 17:11:32,28.8131370544434,-17.7530746459961,"Unknown"
"5020559",370757,2026-04-24 17:12:33,28.8132743835449,-17.7530651092529,"Unknown"
"5020559",370757,2026-04-24 17:13:31,28.8133983612061,-17.7530612945557,"Unknown"
"5020559",370757,2026-04-24 17:14:33,28.8134822845459,-17.7530574798584,"Unknown"
"5020559",370757,2026-04-24 17:15:32,28.8135852813721,-17.7529907226562,"Unknown"
"5020559",370757,2026-04-24 17:16:33,28.8137435913086,-17.7529182434082,"Unknown"
"5020559",370757,2026-04-24 17:17:32,28.8138065338135,-17.7529430389404,"Unknown"
"5020559",370757,2026-04-24 17:18:31,28.8151168823242,-17.7501811981201,"Unknown"
"5020559",370757,2026-04-24 17:19:31,28.8164253234863,-17.7472400665283,"Unknown"
"5020559",370757,2026-04-24 17:20:33,28.8158798217773,-17.7463569641113,"Unknown"
"5020559",370757,2026-04-24 17:21:31,28.8155364990234,-17.7437152862549,"Unknown"
"5020559",370757,2026-04-24 17:22:37,28.8146858215332,-17.7343368530273,"Unknown"
"5020559",370757,2026-04-24 17:23:35,28.8143310546875,-17.7332801818848,"Unknown"
"5020559",370757,2026-04-24 17:24:34,28.8148899078369,-17.733865737915,"Unknown"
"5020559",370757,2026-04-24 17:25:32,28.8148651123047,-17.733922958374,"Unknown"
"5020559",370757,2026-04-24 17:26:31,28.814998626709,-17.7340488433838,"Unknown"
"5020559",370757,2026-04-24 17:27:32,28.815113067627,-17.7341156005859,"Unknown"
"5020559",370757,2026-04-24 17:28:31,28.8152179718018,-17.7342376708984,"Unknown"
"5020559",370757,2026-04-24 17:29:33,28.8153953552246,-17.7346458435059,"Unknown"
"5020559",370757,2026-04-24 17:30:33,28.8152294158936,-17.735279083252,"Unknown"
"5020559",370757,2026-04-24 17:31:31,28.8154182434082,-17.7353229522705,"Unknown"
"5020559",370757,2026-04-24 17:32:33,28.8155765533447,-17.7354888916016,"Unknown"
"5020559",370757,2026-04-24 17:33:33,28.8157405853271,-17.7355442047119,"Unknown"
"5020559",370757,2026-04-24 17:34:34,28.8159580230713,-17.7356605529785,"Unknown"
"5020559",370757,2026-04-24 17:35:34,28.8160533905029,-17.7357063293457,"Unknown"
"5020559",370757,2026-04-24 17:36:31,28.8159732818604,-17.7365303039551,"Unknown"
"5020559",370757,2026-04-24 17:38:03,28.8160552978516,-17.7366065979004,"Unknown"
"5020559",370757,2026-04-24 17:38:31,28.8160820007324,-17.7366142272949,"Unknown"
"5020559",370757,2026-04-24 17:39:31,28.8164825439453,-17.7352809906006,"Unknown"
"5020559",370757,2026-04-24 17:40:31,28.8170547485352,-17.7354393005371,"Unknown"
"5020559",370757,2026-04-24 17:41:31,28.8171329498291,-17.7354888916016,"Unknown"
"5020559",370757,2026-04-24 17:42:31,28.8172130584717,-17.7355651855469,"Unknown"
"5020559",370757,2026-04-24 17:43:31,28.8182830810547,-17.736364364624,"Unknown"
"5020559",370757,2026-04-24 17:44:31,28.8216876983643,-17.7420139312744,"Unknown"
"5020559",370757,2026-04-24 17:45:31,28.8239841461182,-17.7434711456299,"Unknown"
"5020559",370757,2026-04-24 17:46:31,28.824649810791,-17.7417736053467,"Unknown"
"5020559",370757,2026-04-24 17:47:31,28.8247661590576,-17.7418537139893,"Unknown"
"5020559",370757,2026-04-24 17:48:31,28.8249015808105,-17.7419166564941,"Unknown"
"5020559",370757,2026-04-24 17:49:31,28.8237380981445,-17.7392463684082,"Unknown"
"5020559",370757,2026-04-24 17:50:31,28.8228874206543,-17.7392463684082,"Unknown"
"5020559",370757,2026-04-24 17:51:40,28.8237113952637,-17.7396049499512,"Unknown"
"5020559",370757,2026-04-24 17:52:33,28.8232955932617,-17.7398052215576,"Unknown"
"5020559",370757,2026-04-24 17:53:31,28.8235683441162,-17.7400760650635,"Unknown"
"5020559",370757,2026-04-24 17:54:30,28.8228416442871,-17.7371845245361,"Unknown"
"5020559",370757,2026-04-24 17:55:31,28.82297706604,-17.7372989654541,"Unknown"
"5020559",370757,2026-04-24 17:56:31,28.8230934143066,-17.7373523712158,"Unknown"
"5020559",370757,2026-04-24 17:57:31,28.823221206665,-17.7374305725098,"Unknown"
"5020559",370757,2026-04-24 17:58:31,28.8233318328857,-17.7374935150146,"Unknown"
"5020559",370757,2026-04-24 17:59:30,28.8234767913818,-17.7375774383545,"Unknown"
"5020559",370757,2026-04-24 18:00:31,28.8235874176025,-17.7376613616943,"Unknown"
"5020559",370757,2026-04-24 18:01:30,28.823694229126,-17.7377586364746,"Unknown"
"5020559",370757,2026-04-24 18:02:31,28.8237400054932,-17.7378406524658,"Unknown"
"5020559",370757,2026-04-24 18:03:31,28.8238334655762,-17.7379550933838,"Unknown"
"5020559",370757,2026-04-24 18:04:31,28.8239135742188,-17.7380561828613,"Unknown"
"5020559",370757,2026-04-24 18:05:31,28.8239879608154,-17.7381858825684,"Unknown"
"5020559",370757,2026-04-24 18:06:31,28.8240737915039,-17.7383003234863,"Unknown"
"5020559",370757,2026-04-24 18:07:31,28.8241577148438,-17.7383880615234,"Unknown"
"5020559",370757,2026-04-24 18:08:31,28.8242130279541,-17.7384719848633,"Unknown"
"5020559",370757,2026-04-24 18:09:31,28.8243198394775,-17.7385673522949,"Unknown"
"5020559",370757,2026-04-24 18:10:31,28.8243999481201,-17.7386608123779,"Unknown"
"5020559",370757,2026-04-24 18:11:31,28.8244819641113,-17.7387447357178,"Unknown"
"5020559",370757,2026-04-24 18:12:31,28.8245372772217,-17.7388286590576,"Unknown"
"5020559",370757,2026-04-24 18:13:31,28.824649810791,-17.738941192627,"Unknown"
"5020559",370757,2026-04-24 18:14:31,28.8247451782227,-17.7390117645264,"Unknown"
"5020559",370757,2026-04-24 18:15:31,28.8248481750488,-17.739070892334,"Unknown"
"5020559",370757,2026-04-24 18:16:31,28.8249359130859,-17.7391414642334,"Unknown"
"5020559",370757,2026-04-24 18:17:31,28.8250198364258,-17.7391967773438,"Unknown"
"5020559",370757,2026-04-24 18:18:31,28.8251399993896,-17.7392959594727,"Unknown"
"5020559",370757,2026-04-24 18:19:31,28.8252220153809,-17.7393569946289,"Unknown"
"5020559",370757,2026-04-24 18:20:31,28.8253231048584,-17.7394561767578,"Unknown"
"5020559",370757,2026-04-24 18:21:31,28.8254051208496,-17.7395191192627,"Unknown"
"5020559",370757,2026-04-24 18:22:32,28.8254985809326,-17.7396125793457,"Unknown"
"5020559",370757,2026-04-24 18:23:35,28.825590133667,-17.7396469116211,"Unknown"
"5020559",370757,2026-04-24 18:24:33,28.8257026672363,-17.7397136688232,"Unknown"
"5020559",370757,2026-04-24 18:25:35,28.8258018493652,-17.7397575378418,"Unknown"
"5020559",370757,2026-04-24 18:26:35,28.8258838653564,-17.7397918701172,"Unknown"
"5020559",370757,2026-04-24 18:27:32,28.825963973999,-17.7398300170898,"Unknown"
"5020559",370757,2026-04-24 18:28:34,28.826042175293,-17.7398815155029,"Unknown"
"5020559",370757,2026-04-24 18:29:33,28.8261184692383,-17.7398872375488,"Unknown"
"5020559",370757,2026-04-24 18:30:33,28.8261852264404,-17.7399349212646,"Unknown"
"5020559",370757,2026-04-24 18:31:34,28.8262462615967,-17.7399978637695,"Unknown"
"5020559",370757,2026-04-24 18:32:32,28.8263034820557,-17.7400436401367,"Unknown"
"5020559",370757,2026-04-24 18:33:34,28.8263854980469,-17.7401332855225,"Unknown"
"5020559",370757,2026-04-24 18:34:34,28.8264636993408,-17.7402019500732,"Unknown"
"5020559",370757,2026-04-24 18:35:33,28.826566696167,-17.7402820587158,"Unknown"
"5020559",370757,2026-04-24 18:37:02,28.8266906738281,-17.7403831481934,"Unknown"
"5020559",370757,2026-04-24 18:37:31,28.826717376709,-17.7404308319092,"Unknown"
"5020559",370757,2026-04-24 18:38:32,28.8267936706543,-17.7404861450195,"Unknown"
"5020559",370757,2026-04-24 18:39:31,28.8268432617188,-17.7405395507812,"Unknown"
"5020559",370757,2026-04-24 18:40:31,28.8268718719482,-17.7405834197998,"Unknown"
"5020559",370757,2026-04-24 18:41:31,28.8269023895264,-17.7406368255615,"Unknown"
"5020559",370757,2026-04-24 18:42:31,28.8269386291504,-17.7407093048096,"Unknown"
"5020559",370757,2026-04-24 18:43:31,28.8269596099854,-17.7407512664795,"Unknown"
"5020559",370757,2026-04-24 18:44:31,28.8270511627197,-17.7408008575439,"Unknown"
"5020559",370757,2026-04-24 18:45:31,28.8271217346191,-17.7408218383789,"Unknown"
"5020559",370757,2026-04-24 18:46:31,28.8271770477295,-17.7408561706543,"Unknown"
"5020559",370757,2026-04-24 18:47:31,28.8272495269775,-17.7408885955811,"Unknown"
"5020559",370757,2026-04-24 18:48:31,28.8273162841797,-17.7409114837646,"Unknown"
"5020559",370757,2026-04-24 18:49:32,28.8273811340332,-17.7409286499023,"Unknown"
"5020559",370757,2026-04-24 18:50:31,28.8274421691895,-17.7409496307373,"Unknown"
"5020559",370757,2026-04-24 18:51:31,28.8274955749512,-17.7409534454346,"Unknown"
"5020559",370757,2026-04-24 18:52:33,28.8275909423828,-17.7409648895264,"Unknown"
"5020559",370757,2026-04-24 18:53:31,28.8276443481445,-17.7409896850586,"Unknown"
"5020559",370757,2026-04-24 18:54:31,28.8262310028076,-17.7402763366699,"Unknown"
"5020559",370757,2026-04-24 18:55:31,28.826244354248,-17.7402877807617,"Unknown"
"5020559",370757,2026-04-24 18:56:31,28.8250827789307,-17.739408493042,"Unknown"
"5020559",370757,2026-04-24 18:57:32,28.822790145874,-17.7378616333008,"Unknown"
"5020559",370757,2026-04-24 18:58:31,28.8227863311768,-17.7379264831543,"Unknown"
"5020559",370757,2026-04-24 18:59:31,28.8227787017822,-17.7379894256592,"Unknown"
"5020559",370757,2026-04-24 19:00:31,28.8227787017822,-17.7380561828613,"Unknown"
"5020559",370757,2026-04-24 19:01:31,28.8227939605713,-17.7381000518799,"Unknown"
"5020559",370757,2026-04-24 19:02:31,28.8227558135986,-17.7381591796875,"Unknown"
"5020559",370757,2026-04-24 19:03:31,28.8227481842041,-17.7382392883301,"Unknown"
"5020559",370757,2026-04-24 19:04:31,28.8227405548096,-17.7382564544678,"Unknown"
"5020559",370757,2026-04-24 19:05:31,28.822732925415,-17.7383003234863,"Unknown"
"5020559",370757,2026-04-24 19:06:31,28.82275390625,-17.7383613586426,"Unknown"
"5020559",370757,2026-04-24 19:07:31,28.8227195739746,-17.7384090423584,"Unknown"
"5020559",370757,2026-04-24 19:08:32,28.8228816986084,-17.7414627075195,"Unknown"
"5020559",370757,2026-04-24 19:09:32,28.8205089569092,-17.7456130981445,"Unknown"
"5020559",370757,2026-04-24 19:10:32,28.816104888916,-17.7496490478516,"Unknown"
"5020559",370757,2026-04-24 19:11:31,28.8120307922363,-17.7521438598633,"Unknown"
"5020559",370757,2026-04-24 19:12:31,28.8117122650146,-17.7524394989014,"Unknown"
"5020559",370757,2026-04-24 19:13:31,28.8110408782959,-17.7546939849854,"Unknown"
"5020559",370757,2026-04-24 19:14:38,28.8102264404297,-17.7552509307861,"Unknown"
"5020559",370757,2026-04-24 19:15:34,28.8098258972168,-17.7548923492432,"Unknown"
"5020559",370757,2026-04-24 19:16:31,28.8103370666504,-17.7551860809326,"Unknown"
"5020559",370757,2026-04-24 19:17:31,28.8104591369629,-17.7559852600098,"Unknown"
"5020559",370757,2026-04-24 19:18:32,28.8120899200439,-17.7555370330811,"Unknown"
"5020559",370757,2026-04-24 19:19:31,28.8122882843018,-17.7552795410156,"Unknown"
"5020559",370757,2026-04-24 19:20:31,28.8133373260498,-17.755615234375,"Unknown"
"5020559",370757,2026-04-24 19:21:31,28.8132286071777,-17.7559719085693,"Unknown"
"5020559",370757,2026-04-24 19:22:31,28.8133296966553,-17.7559261322021,"Unknown"
"5020559",370757,2026-04-24 19:23:31,28.8138961791992,-17.7556381225586,"Unknown"
"5020559",370757,2026-04-24 19:24:31,28.8138866424561,-17.7543983459473,"Unknown"
"5020559",370757,2026-04-24 19:25:31,28.8137702941895,-17.7542400360107,"Unknown"
"5020559",370757,2026-04-24 19:26:32,28.8141212463379,-17.7549247741699,"Unknown"
"5020559",370757,2026-04-24 19:27:32,28.8125076293945,-17.7545166015625,"Unknown"
"5020559",370757,2026-04-24 19:28:34,28.8125705718994,-17.754150390625,"Unknown"
"5020559",370757,2026-04-24 19:29:31,28.8118095397949,-17.7541275024414,"Unknown"
"5020559",370757,2026-04-24 19:30:37,28.8111190795898,-17.7537517547607,"Unknown"
"5020559",370757,2026-04-24 19:31:31,28.8109931945801,-17.7542991638184,"Unknown"
"5020559",370757,2026-04-24 19:32:31,28.8110294342041,-17.7534637451172,"Unknown"
"5020559",370757,2026-04-24 19:33:43,28.8115348815918,-17.7541255950928,"Unknown"
"5020559",370757,2026-04-24 19:34:36,28.8110065460205,-17.7539157867432,"Unknown"
"5020559",370757,2026-04-24 19:35:33,28.8104553222656,-17.7539920806885,"Unknown"
"5020559",370757,2026-04-24 19:36:31,28.8098907470703,-17.7541084289551,"Unknown"
"5020559",370757,2026-04-24 19:37:31,28.809362411499,-17.753870010376,"Unknown"
"5020559",370757,2026-04-24 19:38:31,28.8116264343262,-17.7501106262207,"Unknown"
"5020559",370757,2026-04-24 19:39:31,28.8122501373291,-17.7490425109863,"Unknown"
"5020559",370757,2026-04-24 19:40:31,28.8117866516113,-17.7490634918213,"Unknown"
"5020559",370757,2026-04-24 19:41:31,28.811731338501,-17.749044418335,"Unknown"
"5020559",370757,2026-04-24 19:42:31,28.8114414215088,-17.7490348815918,"Unknown"
"5020559",370757,2026-04-24 19:43:31,28.8112335205078,-17.7488231658936,"Unknown"
"5020559",370757,2026-04-24 19:44:31,28.8113327026367,-17.7490558624268,"Unknown"
"5020559",370757,2026-04-24 19:45:31,28.811149597168,-17.7490634918213,"Unknown"
"5020559",370757,2026-04-24 19:46:31,28.8110961914062,-17.7489757537842,"Unknown"
"5020559",370757,2026-04-24 19:47:31,28.810827255249,-17.7492904663086,"Unknown"
"5020559",370757,2026-04-24 19:48:31,28.8107242584229,-17.7491703033447,"Unknown"
"5020559",370757,2026-04-24 19:49:31,28.8103466033936,-17.7491645812988,"Unknown"
"5020559",370757,2026-04-24 19:50:31,28.8119373321533,-17.7517280578613,"Unknown"
"5020559",370757,2026-04-24 19:51:31,28.8155269622803,-17.7542171478271,"Unknown"
"5020559",370757,2026-04-24 19:52:31,28.816837310791,-17.7559223175049,"Unknown"
"5020559",370757,2026-04-24 19:53:32,28.8167400360107,-17.7558498382568,"Unknown"
"5020559",370757,2026-04-24 19:54:31,28.816650390625,-17.7557582855225,"Unknown"
"5020559",370757,2026-04-24 19:55:31,28.8165340423584,-17.7556495666504,"Unknown"
"5020559",370757,2026-04-24 19:56:31,28.8164100646973,-17.7555484771729,"Unknown"
"5020559",370757,2026-04-24 19:57:31,28.816312789917,-17.7554893493652,"Unknown"
"5020559",370757,2026-04-24 19:58:31,28.8162117004395,-17.7554397583008,"Unknown"
"5020559",370757,2026-04-24 19:59:31,28.8161201477051,-17.7554016113281,"Unknown"
"5020559",370757,2026-04-24 20:00:32,28.8160438537598,-17.7553176879883,"Unknown"
"5020559",370757,2026-04-24 20:01:31,28.8159332275391,-17.7552223205566,"Unknown"
"5020559",370757,2026-04-24 20:02:32,28.8157997131348,-17.7551422119141,"Unknown"
"5020559",370757,2026-04-24 20:03:32,28.8156757354736,-17.7550754547119,"Unknown"
"5020559",370757,2026-04-24 20:04:32,28.8155689239502,-17.7549819946289,"Unknown"
"5020559",370757,2026-04-24 20:05:32,28.8154850006104,-17.7548580169678,"Unknown"
"5020559",370757,2026-04-24 20:06:31,28.8153343200684,-17.7547264099121,"Unknown"
"5020559",370757,2026-04-24 20:07:31,28.8152828216553,-17.7546615600586,"Unknown"
"5020559",370757,2026-04-24 20:08:34,28.8151473999023,-17.7545471191406,"Unknown"
"5020559",370757,2026-04-24 20:09:34,28.8150653839111,-17.7543888092041,"Unknown"
"5020559",370757,2026-04-24 20:10:34,28.8149681091309,-17.7542572021484,"Unknown"
"5020559",370757,2026-04-24 20:11:34,28.8148975372314,-17.754150390625,"Unknown"
"5020559",370757,2026-04-24 20:12:34,28.8148021697998,-17.7540473937988,"Unknown"
"5020559",370757,2026-04-24 20:13:33,28.8146419525146,-17.7538967132568,"Unknown"
"5020559",370757,2026-04-24 20:14:34,28.8145332336426,-17.753755569458,"Unknown"
"5020559",370757,2026-04-24 20:15:34,28.8144588470459,-17.7536487579346,"Unknown"
"5020559",370757,2026-04-24 20:16:32,28.8143692016602,-17.7535591125488,"Unknown"
"5020559",370757,2026-04-24 20:17:34,28.8142509460449,-17.7534770965576,"Unknown"
"5020559",370757,2026-04-24 20:18:32,28.8141860961914,-17.7533893585205,"Unknown"
"5020559",370757,2026-04-24 20:19:32,28.8140754699707,-17.7533226013184,"Unknown"
"5020559",370757,2026-04-24 20:20:32,28.8140277862549,-17.7532691955566,"Unknown"
"5020559",370757,2026-04-24 20:21:32,28.8139553070068,-17.7531471252441,"Unknown"
"5020559",370757,2026-04-24 20:22:34,28.8138732910156,-17.7530288696289,"Unknown"
"5020559",370757,2026-04-24 20:23:34,28.8138160705566,-17.7528800964355,"Unknown"
"5020559",370757,2026-04-24 20:24:33,28.8137607574463,-17.752799987793,"Unknown"
"5020559",370757,2026-04-24 20:25:34,28.8137054443359,-17.7526397705078,"Unknown"
"5020559",370757,2026-04-24 20:26:32,28.8136348724365,-17.7524967193604,"Unknown"
"5020559",370757,2026-04-24 20:27:31,28.8135795593262,-17.7524013519287,"Unknown"
"5020559",370757,2026-04-24 20:28:33,28.8135166168213,-17.7523136138916,"Unknown"
"5020559",370757,2026-04-24 20:29:32,28.8134288787842,-17.7522258758545,"Unknown"
"5020559",370757,2026-04-24 20:30:32,28.8133716583252,-17.7521743774414,"Unknown"
"5020559",370757,2026-04-24 20:31:33,28.8133010864258,-17.7520980834961,"Unknown"
"5020559",370757,2026-04-24 20:32:32,28.8132343292236,-17.7520122528076,"Unknown"
"5020559",370757,2026-04-24 20:33:32,28.8131542205811,-17.7519550323486,"Unknown"
"5020559",370757,2026-04-24 20:34:32,28.8130989074707,-17.7519130706787,"Unknown"
"5020559",370757,2026-04-24 20:35:32,28.8130168914795,-17.7518711090088,"Unknown"
"5020559",370757,2026-04-24 20:36:33,28.8145618438721,-17.752986907959,"Unknown"
"5020559",370757,2026-04-24 20:37:31,28.8178329467773,-17.7560596466064,"Unknown"
"5020559",370757,2026-04-24 20:38:33,28.8209991455078,-17.7591361999512,"Unknown"
"5020559",370757,2026-04-24 20:39:34,28.8233947753906,-17.7628688812256,"Unknown"
"5020559",370757,2026-04-24 20:40:36,28.825777053833,-17.764554977417,"Unknown"
"5020559",370757,2026-04-24 20:42:02,28.8257064819336,-17.7645282745361,"Unknown"
"5020559",370757,2026-04-24 20:42:32,28.8256874084473,-17.7644920349121,"Unknown"
"5020559",370757,2026-04-24 20:43:32,28.8255786895752,-17.7643871307373,"Unknown"
"5020559",370757,2026-04-24 20:44:32,28.8254890441895,-17.7642841339111,"Unknown"
"5020559",370757,2026-04-24 20:45:32,28.8254280090332,-17.7641944885254,"Unknown"
"5020559",370757,2026-04-24 20:46:32,28.825309753418,-17.764102935791,"Unknown"
"5020559",370757,2026-04-24 20:47:32,28.8252086639404,-17.7640495300293,"Unknown"
"5020559",370757,2026-04-24 20:48:32,28.825159072876,-17.7639503479004,"Unknown"
"5020559",370757,2026-04-24 20:49:32,28.825080871582,-17.7638645172119,"Unknown"
"5020559",370757,2026-04-24 20:50:32,28.8249912261963,-17.7637519836426,"Unknown"
"5020559",370757,2026-04-24 20:51:32,28.8249092102051,-17.7636566162109,"Unknown"
"5020559",370757,2026-04-24 20:52:32,28.8248138427734,-17.7635631561279,"Unknown"
"5020559",370757,2026-04-24 20:53:32,28.824743270874,-17.7634620666504,"Unknown"
"5020559",370757,2026-04-24 20:54:32,28.8246612548828,-17.7633991241455,"Unknown"
"5020559",370757,2026-04-24 20:55:32,28.8245639801025,-17.7632904052734,"Unknown"
"5020559",370757,2026-04-24 20:56:32,28.8244686126709,-17.7631912231445,"Unknown"
"5020559",370757,2026-04-24 20:57:32,28.8243770599365,-17.7630767822266,"Unknown"
"5020559",370757,2026-04-24 20:58:32,28.8243045806885,-17.7629413604736,"Unknown"
"5020559",370757,2026-04-24 20:59:32,28.8242149353027,-17.7628707885742,"Unknown"
"5020559",370757,2026-04-24 21:00:32,28.824104309082,-17.7628059387207,"Unknown"
"5020559",370757,2026-04-24 21:01:32,28.8240013122559,-17.762767791748,"Unknown"
"5020559",370757,2026-04-24 21:02:32,28.823902130127,-17.7626800537109,"Unknown"
"5020559",370757,2026-04-24 21:03:32,28.823844909668,-17.7626457214355,"Unknown"
"5020559",370757,2026-04-24 21:04:32,28.8237819671631,-17.7625713348389,"Unknown"
"5020559",370757,2026-04-24 21:05:32,28.8236713409424,-17.7625064849854,"Unknown"
"5020559",370757,2026-04-24 21:06:32,28.8235530853271,-17.7623901367188,"Unknown"
"5020559",370757,2026-04-24 21:07:32,28.8234386444092,-17.7622928619385,"Unknown"
"5020559",370757,2026-04-24 21:08:32,28.823335647583,-17.7621898651123,"Unknown"
"5020559",370757,2026-04-24 21:09:32,28.8232231140137,-17.7621250152588,"Unknown"
"5020559",370757,2026-04-24 21:10:32,28.8231163024902,-17.7620677947998,"Unknown"
"5020559",370757,2026-04-24 21:11:32,28.8230075836182,-17.7619953155518,"Unknown"
"5020559",370757,2026-04-24 21:12:32,28.8229179382324,-17.7619132995605,"Unknown"
"5020559",370757,2026-04-24 21:13:32,28.8228225708008,-17.7617740631104,"Unknown"
"5020559",370757,2026-04-24 21:14:32,28.8227291107178,-17.7616291046143,"Unknown"
"5020559",370757,2026-04-24 21:15:31,28.8226337432861,-17.761531829834,"Unknown"
"5020559",370757,2026-04-24 21:16:31,28.8225593566895,-17.7614192962646,"Unknown"
"5020559",370757,2026-04-24 21:17:32,28.8224620819092,-17.761323928833,"Unknown"
"5020559",370757,2026-04-24 21:18:31,28.8223819732666,-17.7612342834473,"Unknown"
"5020559",370757,2026-04-24 21:19:32,28.822286605835,-17.7611751556396,"Unknown"
"5020559",370757,2026-04-24 21:20:31,28.8222179412842,-17.7611141204834,"Unknown"
"5020559",370757,2026-04-24 21:21:32,28.8221569061279,-17.7610626220703,"Unknown"
"5020559",370757,2026-04-24 21:22:31,28.8220920562744,-17.7609634399414,"Unknown"
"5020559",370757,2026-04-24 21:23:32,28.8220081329346,-17.7608699798584,"Unknown"
"5020559",370757,2026-04-24 21:24:31,28.8219165802002,-17.7608051300049,"Unknown"
"5020559",370757,2026-04-24 21:25:31,28.8218574523926,-17.7607688903809,"Unknown"
"5020559",370757,2026-04-24 21:26:32,28.8217582702637,-17.7606716156006,"Unknown"
"5020559",370757,2026-04-24 21:27:31,28.8216781616211,-17.760534286499,"Unknown"
"5020559",370757,2026-04-24 21:28:32,28.8216400146484,-17.7604007720947,"Unknown"
"5020559",370757,2026-04-24 21:29:32,28.8215770721436,-17.760290145874,"Unknown"
"5020559",370757,2026-04-24 21:30:31,28.8215446472168,-17.760124206543,"Unknown"
"5020559",370757,2026-04-24 21:31:31,28.8214931488037,-17.7600040435791,"Unknown"
"5020559",370757,2026-04-24 21:32:32,28.8214263916016,-17.7599239349365,"Unknown"
"5020559",370757,2026-04-24 21:33:31,28.8213520050049,-17.7598419189453,"Unknown"
"5020559",370757,2026-04-24 21:34:32,28.8212699890137,-17.7598037719727,"Unknown"
"5020559",370757,2026-04-24 21:35:32,28.8212280273438,-17.7597751617432,"Unknown"
"5020559",370757,2026-04-24 21:36:32,28.8212032318115,-17.7596988677979,"Unknown"
"5020559",370757,2026-04-24 21:37:32,28.8211460113525,-17.7596263885498,"Unknown"
"5020559",370757,2026-04-24 21:38:32,28.8210868835449,-17.7595558166504,"Unknown"
"5020559",370757,2026-04-24 21:39:32,28.8209800720215,-17.7595062255859,"Unknown"
"5020559",370757,2026-04-24 21:40:32,28.8209209442139,-17.7594718933105,"Unknown"
"5020559",370757,2026-04-24 21:41:32,28.8208923339844,-17.7594223022461,"Unknown"
"5020559",370757,2026-04-24 21:42:32,28.8208084106445,-17.7593879699707,"Unknown"
"5020559",370757,2026-04-24 21:43:32,28.8207130432129,-17.7593574523926,"Unknown"
"5020559",370757,2026-04-24 21:44:32,28.8206729888916,-17.759256362915,"Unknown"
"5020559",370757,2026-04-24 21:45:32,28.8205547332764,-17.7592353820801,"Unknown"
"5020559",370757,2026-04-24 21:46:32,28.8204936981201,-17.759147644043,"Unknown"
"5020559",370757,2026-04-24 21:47:33,28.8204650878906,-17.7590637207031,"Unknown"
"5020559",370757,2026-04-24 21:48:32,28.8203811645508,-17.7589912414551,"Unknown"
"5020559",370757,2026-04-24 21:49:32,28.820333480835,-17.7589702606201,"Unknown"
"5020559",370757,2026-04-24 21:50:32,28.8202686309814,-17.7589282989502,"Unknown"
"5020559",370757,2026-04-24 21:51:32,28.8202476501465,-17.7588596343994,"Unknown"
"5020559",370757,2026-04-24 21:52:32,28.8202095031738,-17.758810043335,"Unknown"
"5020559",370757,2026-04-24 21:53:32,28.820161819458,-17.7587146759033,"Unknown"
"5020559",370757,2026-04-24 21:54:32,28.8201351165771,-17.7586650848389,"Unknown"
"5020559",370757,2026-04-24 21:55:32,28.8200912475586,-17.758581161499,"Unknown"
"5020559",370757,2026-04-24 21:56:32,28.8200225830078,-17.7585754394531,"Unknown"
"5020559",370757,2026-04-24 21:57:32,28.8199596405029,-17.7585945129395,"Unknown"
"5020559",370757,2026-04-24 21:58:32,28.8199672698975,-17.7585315704346,"Unknown"
"5020559",370757,2026-04-24 21:59:32,28.8199462890625,-17.7584781646729,"Unknown"
"5020559",370757,2026-04-24 22:00:32,28.8199462890625,-17.7584037780762,"Unknown"
"5020559",370757,2026-04-24 22:01:32,28.8199520111084,-17.7583675384521,"Unknown"
"5020559",370757,2026-04-24 22:02:34,28.8199501037598,-17.7583160400391,"Unknown"
"5020559",370757,2026-04-24 22:03:32,28.8199729919434,-17.7582550048828,"Unknown"
"5020559",370757,2026-04-24 22:04:34,28.8199672698975,-17.7581748962402,"Unknown"
"5020559",370757,2026-04-24 22:05:33,28.819953918457,-17.7580528259277,"Unknown"
"5020559",370757,2026-04-24 22:06:35,28.8200206756592,-17.7579326629639,"Unknown"
"5020559",370757,2026-04-24 22:07:32,28.8200359344482,-17.7578735351562,"Unknown"
"5020559",370757,2026-04-24 22:08:32,28.8200798034668,-17.7577590942383,"Unknown"
"5020559",370757,2026-04-24 22:10:03,28.82008934021,-17.7576084136963,"Unknown"
"5020559",370757,2026-04-24 22:10:31,28.8200836181641,-17.75758934021,"Unknown"
"5020559",370757,2026-04-24 22:11:31,28.8200740814209,-17.7575149536133,"Unknown"
"5020559",370757,2026-04-24 22:12:32,28.8200950622559,-17.7574234008789,"Unknown"
"5020559",370757,2026-04-24 22:13:31,28.820068359375,-17.7573566436768,"Unknown"
"5020559",370757,2026-04-24 22:14:31,28.8200988769531,-17.7571792602539,"Unknown"
"5020559",370757,2026-04-24 22:15:31,28.8200817108154,-17.7571125030518,"Unknown"
"5020559",370757,2026-04-24 22:16:31,28.8201065063477,-17.7570362091064,"Unknown"
"5020559",370757,2026-04-24 22:17:31,28.8201084136963,-17.7570266723633,"Unknown"
"5020559",370757,2026-04-24 22:18:34,28.820140838623,-17.7569198608398,"Unknown"
"5020559",370757,2026-04-24 22:19:31,28.820140838623,-17.7568016052246,"Unknown"
"5020559",370757,2026-04-24 22:20:32,28.8201484680176,-17.7566623687744,"Unknown"
"5020559",370757,2026-04-24 22:21:32,28.8201599121094,-17.7565536499023,"Unknown"
"5020559",370757,2026-04-24 22:22:31,28.8201789855957,-17.756404876709,"Unknown"
"5020559",370757,2026-04-24 22:23:32,28.8201580047607,-17.7562999725342,"Unknown"
"5020559",370757,2026-04-24 22:24:31,28.8201599121094,-17.7562046051025,"Unknown"
"5020559",370757,2026-04-24 22:25:31,28.8201637268066,-17.7561264038086,"Unknown"
"5020559",370757,2026-04-24 22:26:31,28.8201961517334,-17.7560272216797,"Unknown"
"5020559",370757,2026-04-24 22:27:31,28.8201751708984,-17.7559700012207,"Unknown"
"5020559",370757,2026-04-24 22:28:32,28.8201236724854,-17.7559375762939,"Unknown"
"5020559",370757,2026-04-24 22:29:32,28.8201026916504,-17.7559185028076,"Unknown"
"5020559",370757,2026-04-24 22:30:32,28.8200187683105,-17.7559204101562,"Unknown"
"5020559",370757,2026-04-24 22:31:32,28.8199329376221,-17.7559242248535,"Unknown"
"5020559",370757,2026-04-24 22:32:32,28.8198318481445,-17.7559700012207,"Unknown"
"5020559",370757,2026-04-24 22:33:31,28.8197612762451,-17.7560234069824,"Unknown"
"5020559",370757,2026-04-24 22:34:31,28.8197555541992,-17.7560405731201,"Unknown"
"5020559",370757,2026-04-24 22:35:32,28.8196907043457,-17.7560615539551,"Unknown"
"5020559",370757,2026-04-24 22:36:31,28.8195972442627,-17.7560520172119,"Unknown"
"5020559",370757,2026-04-24 22:37:35,28.819486618042,-17.75612449646,"Unknown"
"5020559",370757,2026-04-24 22:38:32,28.8194179534912,-17.7561511993408,"Unknown"
"5020559",370757,2026-04-24 22:39:32,28.8193397521973,-17.7561721801758,"Unknown"
"5020559",370757,2026-04-24 22:40:31,28.8192749023438,-17.7561569213867,"Unknown"
"5020559",370757,2026-04-24 22:41:31,28.8192081451416,-17.7561531066895,"Unknown"
"5020559",370757,2026-04-24 22:42:32,28.8191471099854,-17.756160736084,"Unknown"
"5020559",370757,2026-04-24 22:43:32,28.8190879821777,-17.7562046051025,"Unknown"
"5020559",370757,2026-04-24 22:44:32,28.8190155029297,-17.7562046051025,"Unknown"
"5020559",370757,2026-04-24 22:45:32,28.8189792633057,-17.7562026977539,"Unknown"
"5020559",370757,2026-04-24 22:46:32,28.8188533782959,-17.7561721801758,"Unknown"
"5020559",370757,2026-04-24 22:47:31,28.8188018798828,-17.7561702728271,"Unknown"
"5020559",370757,2026-04-24 22:48:32,28.8187084197998,-17.7561988830566,"Unknown"
"5020559",370757,2026-04-24 22:49:32,28.8186130523682,-17.7561950683594,"Unknown"
"5020559",370757,2026-04-24 22:50:32,28.8184947967529,-17.7562217712402,"Unknown"
"5020559",370757,2026-04-24 22:51:31,28.8183822631836,-17.7562217712402,"Unknown"
"5020559",370757,2026-04-24 22:52:33,28.818244934082,-17.756254196167,"Unknown"
"5020559",370757,2026-04-24 22:53:31,28.8181266784668,-17.7563152313232,"Unknown"
"5020559",370757,2026-04-24 22:54:31,28.8180465698242,-17.7563171386719,"Unknown"
"5020559",370757,2026-04-24 22:55:31,28.8179550170898,-17.7563419342041,"Unknown"
"5020559",370757,2026-04-24 22:56:31,28.8178520202637,-17.7563781738281,"Unknown"
"5020559",370757,2026-04-24 22:57:31,28.8177280426025,-17.7564125061035,"Unknown"
"5020559",370757,2026-04-24 22:58:32,28.8176231384277,-17.7564239501953,"Unknown"
"5020559",370757,2026-04-24 22:59:31,28.8174858093262,-17.7564544677734,"Unknown"
"5020559",370757,2026-04-24 23:00:32,28.8174247741699,-17.7564373016357,"Unknown"
"5020559",370757,2026-04-24 23:01:31,28.8172855377197,-17.7564334869385,"Unknown"
"5020559",370757,2026-04-24 23:02:32,28.8171768188477,-17.7564086914062,"Unknown"
"5020559",370757,2026-04-24 23:03:32,28.8170528411865,-17.7564582824707,"Unknown"
"5020559",370757,2026-04-24 23:04:31,28.8169345855713,-17.7564811706543,"Unknown"
"5020559",370757,2026-04-24 23:05:31,28.8168277740479,-17.7565021514893,"Unknown"
"5020559",370757,2026-04-24 23:06:31,28.8167247772217,-17.7565155029297,"Unknown"
"5020559",370757,2026-04-24 23:07:31,28.816593170166,-17.7565078735352,"Unknown"
"5020559",370757,2026-04-24 23:08:31,28.8164558410645,-17.7565231323242,"Unknown"
"5020559",370757,2026-04-24 23:09:31,28.8163623809814,-17.7565326690674,"Unknown"
"5020559",370757,2026-04-24 23:10:31,28.8162612915039,-17.7565364837646,"Unknown"
"5020559",370757,2026-04-24 23:11:32,28.8161678314209,-17.7565040588379,"Unknown"
"5020559",370757,2026-04-24 23:12:32,28.8160438537598,-17.756462097168,"Unknown"
"5020559",370757,2026-04-24 23:13:32,28.8159599304199,-17.7564067840576,"Unknown"
"5020559",370757,2026-04-24 23:14:32,28.8158626556396,-17.7563877105713,"Unknown"
"5020559",370757,2026-04-24 23:15:31,28.8157539367676,-17.7563629150391,"Unknown"
"5020559",370757,2026-04-24 23:16:33,28.8155860900879,-17.7563323974609,"Unknown"
"5020559",370757,2026-04-24 23:17:32,28.8155117034912,-17.7562465667725,"Unknown"
"5020559",370757,2026-04-24 23:18:33,28.815408706665,-17.7562065124512,"Unknown"
"5020559",370757,2026-04-24 23:19:32,28.8153305053711,-17.7561683654785,"Unknown"
"5020559",370757,2026-04-24 23:20:31,28.8151874542236,-17.7561721801758,"Unknown"
"5020559",370757,2026-04-24 23:21:32,28.8150634765625,-17.7561511993408,"Unknown"
"5020559",370757,2026-04-24 23:22:32,28.8149795532227,-17.7561359405518,"Unknown"
"5020559",370757,2026-04-24 23:23:32,28.8149185180664,-17.756139755249,"Unknown"
"5020559",370757,2026-04-24 23:24:32,28.814811706543,-17.7561302185059,"Unknown"
"5020559",370757,2026-04-24 23:25:32,28.8146572113037,-17.7561454772949,"Unknown"
"5020559",370757,2026-04-24 23:26:32,28.8145217895508,-17.7561435699463,"Unknown"
"5020559",370757,2026-04-24 23:27:32,28.8144569396973,-17.75608253479,"Unknown"
"5020559",370757,2026-04-24 23:28:32,28.8144092559814,-17.7560749053955,"Unknown"
"5020559",370757,2026-04-24 23:29:32,28.8142986297607,-17.756046295166,"Unknown"
"5020559",370757,2026-04-24 23:30:32,28.8141956329346,-17.7560272216797,"Unknown"
"5020559",370757,2026-04-24 23:31:32,28.8140773773193,-17.7560138702393,"Unknown"
"5020559",370757,2026-04-24 23:32:32,28.8139972686768,-17.7559967041016,"Unknown"
"5020559",370757,2026-04-24 23:33:32,28.8138446807861,-17.7560195922852,"Unknown"
"5020559",370757,2026-04-24 23:34:33,28.8137874603271,-17.7560005187988,"Unknown"
"5020559",370757,2026-04-24 23:35:34,28.8136920928955,-17.7560329437256,"Unknown"
"5020559",370757,2026-04-24 23:36:33,28.8135547637939,-17.7560386657715,"Unknown"
"5020559",370757,2026-04-24 23:37:34,28.8134136199951,-17.7560176849365,"Unknown"
"5020559",370757,2026-04-24 23:38:33,28.8132514953613,-17.7560482025146,"Unknown"
"5020559",370757,2026-04-24 23:39:32,28.8131294250488,-17.7560539245605,"Unknown"
"5020559",370757,2026-04-24 23:40:32,28.8130779266357,-17.7560844421387,"Unknown"
"5020559",370757,2026-04-24 23:41:33,28.8130416870117,-17.7561225891113,"Unknown"
"5020559",370757,2026-04-24 23:42:33,28.8129711151123,-17.7561321258545,"Unknown"
"5020559",370757,2026-04-24 23:43:34,28.8128871917725,-17.7561206817627,"Unknown"
"5020559",370757,2026-04-24 23:44:37,28.8128795623779,-17.756010055542,"Unknown"
"5020559",370757,2026-04-24 23:45:34,28.8128299713135,-17.755973815918,"Unknown"
"5020559",370757,2026-04-24 23:46:34,28.8127136230469,-17.7560195922852,"Unknown"
"5020559",370757,2026-04-24 23:47:34,28.8126392364502,-17.7559585571289,"Unknown"
"5020559",370757,2026-04-24 23:48:36,28.8125801086426,-17.7559337615967,"Unknown"
"5020559",370757,2026-04-24 23:49:33,28.8125476837158,-17.7558403015137,"Unknown"
"5020559",370757,2026-04-24 23:50:32,28.812520980835,-17.7557754516602,"Unknown"
"5020559",370757,2026-04-24 23:51:32,28.8124828338623,-17.7556915283203,"Unknown"
"5020559",370757,2026-04-24 23:52:32,28.8124237060547,-17.755672454834,"Unknown"
"5020559",370757,2026-04-24 23:53:32,28.8123836517334,-17.7556533813477,"Unknown"
"5020559",370757,2026-04-24 23:54:33,28.8123588562012,-17.7555828094482,"Unknown"
"5020559",370757,2026-04-24 23:55:33,28.8123302459717,-17.7555389404297,"Unknown"
"5020559",370757,2026-04-24 23:56:36,28.8123359680176,-17.7554130554199,"Unknown"
"5020559",370757,2026-04-24 23:57:35,28.8123149871826,-17.7552928924561,"Unknown"
"5020559",370757,2026-04-24 23:58:34,28.8122386932373,-17.7551746368408,"Unknown"
"5020559",370757,2026-04-24 23:59:37,28.8122272491455,-17.7550640106201,"Unknown"
"5020559",370757,2026-04-25 00:00:33,28.8122043609619,-17.7549705505371,"Unknown"
"5020559",370757,2026-04-25 00:01:37,28.8121547698975,-17.7548656463623,"Unknown"
"5020559",370757,2026-04-25 00:02:37,28.8121185302734,-17.7547512054443,"Unknown"
"5020559",370757,2026-04-25 00:03:33,28.8120975494385,-17.7546195983887,"Unknown"
"5020559",370757,2026-04-25 00:04:35,28.8120555877686,-17.7544937133789,"Unknown"
"5020559",370757,2026-04-25 00:05:35,28.8120174407959,-17.7543888092041,"Unknown"
"5020559",370757,2026-04-25 00:06:35,28.8119735717773,-17.7543430328369,"Unknown"
"5020559",370757,2026-04-25 00:07:35,28.8119487762451,-17.7542495727539,"Unknown"
"5020559",370757,2026-04-25 00:08:55,28.8118762969971,-17.75417137146,"Unknown"
"5020559",370757,2026-04-25 00:10:03,28.8118267059326,-17.7540912628174,"Unknown"
"5020559",370757,2026-04-25 00:10:31,28.81178855896,-17.754077911377,"Unknown"
"5020559",370757,2026-04-25 00:11:31,28.8117504119873,-17.7539978027344,"Unknown"
"5020559",370757,2026-04-25 00:12:31,28.8117084503174,-17.753942489624,"Unknown"
"5020559",370757,2026-04-25 00:13:31,28.8117275238037,-17.7537593841553,"Unknown"
"5020559",370757,2026-04-25 00:14:31,28.8116550445557,-17.753719329834,"Unknown"
"5020559",370757,2026-04-25 00:15:32,28.8115921020508,-17.7536449432373,"Unknown"
"5020559",370757,2026-04-25 00:16:31,28.8115310668945,-17.7535209655762,"Unknown"
"5020559",370757,2026-04-25 00:17:31,28.8114776611328,-17.7535057067871,"Unknown"
"5020559",370757,2026-04-25 00:18:31,28.8113861083984,-17.753511428833,"Unknown"
"5020559",370757,2026-04-25 00:19:31,28.8113842010498,-17.7534103393555,"Unknown"
"5020559",370757,2026-04-25 00:20:31,28.813455581665,-17.7559146881104,"Unknown"
"5020559",370757,2026-04-25 00:21:31,28.8144950866699,-17.7567081451416,"Unknown"
"5020559",370757,2026-04-25 00:22:31,28.8144264221191,-17.7567749023438,"Unknown"
"5020559",370757,2026-04-25 00:23:31,28.8147621154785,-17.7566032409668,"Unknown"
"5020559",370757,2026-04-25 00:24:31,28.8146991729736,-17.7562770843506,"Unknown"
"5020559",370757,2026-04-25 00:25:32,28.814640045166,-17.7562637329102,"Unknown"
"5020559",370757,2026-04-25 00:26:32,28.8146171569824,-17.7562446594238,"Unknown"
"5020559",370757,2026-04-25 00:27:32,28.8145790100098,-17.7562084197998,"Unknown"
"5020559",370757,2026-04-25 00:28:31,28.8145484924316,-17.7562255859375,"Unknown"
"5020559",370757,2026-04-25 00:29:32,28.8144855499268,-17.7561931610107,"Unknown"
"5020559",370757,2026-04-25 00:30:31,28.8144130706787,-17.7561874389648,"Unknown"
"5020559",370757,2026-04-25 00:31:31,28.8143901824951,-17.7562103271484,"Unknown"
"5020559",370757,2026-04-25 00:32:31,28.8143100738525,-17.7562217712402,"Unknown"
"5020559",370757,2026-04-25 00:33:32,28.8142433166504,-17.7561798095703,"Unknown"
"5020559",370757,2026-04-25 00:34:31,28.814172744751,-17.756233215332,"Unknown"
"5020559",370757,2026-04-25 00:35:32,28.814115524292,-17.7563171386719,"Unknown"
"5020559",370757,2026-04-25 00:36:31,28.814022064209,-17.7563209533691,"Unknown"
"5020559",370757,2026-04-25 00:37:31,28.8139343261719,-17.7562828063965,"Unknown"
"5020559",370757,2026-04-25 00:38:31,28.8138542175293,-17.7563514709473,"Unknown"
"5020559",370757,2026-04-25 00:39:31,28.8137741088867,-17.7564525604248,"Unknown"
"5020559",370757,2026-04-25 00:40:31,28.8136787414551,-17.7564964294434,"Unknown"
"5020559",370757,2026-04-25 00:41:31,28.813606262207,-17.7565460205078,"Unknown"
"5020559",370757,2026-04-25 00:42:31,28.8135414123535,-17.7565689086914,"Unknown"
"5020559",370757,2026-04-25 00:43:31,28.8134860992432,-17.7566432952881,"Unknown"
"5020559",370757,2026-04-25 00:44:32,28.8134231567383,-17.7567081451416,"Unknown"
"5020559",370757,2026-04-25 00:45:31,28.8133525848389,-17.7567672729492,"Unknown"
"5020559",370757,2026-04-25 00:46:31,28.8133144378662,-17.7568378448486,"Unknown"
"5020559",370757,2026-04-25 00:47:32,28.8132591247559,-17.7568912506104,"Unknown"
"5020559",370757,2026-04-25 00:48:31,28.8131847381592,-17.756929397583,"Unknown"
"5020559",370757,2026-04-25 00:49:32,28.8131542205811,-17.7569122314453,"Unknown"
"5020559",370757,2026-04-25 00:50:31,28.813102722168,-17.7569370269775,"Unknown"
"5020559",370757,2026-04-25 00:51:32,28.813045501709,-17.7569828033447,"Unknown"
"5020559",370757,2026-04-25 00:52:32,28.8129959106445,-17.757043838501,"Unknown"
"5020559",370757,2026-04-25 00:53:32,28.8129501342773,-17.7571086883545,"Unknown"
"5020559",370757,2026-04-25 00:54:32,28.812915802002,-17.7572116851807,"Unknown"
"5020559",370757,2026-04-25 00:55:32,28.8128414154053,-17.7572460174561,"Unknown"
"5020559",370757,2026-04-25 00:56:32,28.8127956390381,-17.7572937011719,"Unknown"
"5020559",370757,2026-04-25 00:57:32,28.8127479553223,-17.7573699951172,"Unknown"
"5020559",370757,2026-04-25 00:58:32,28.8126964569092,-17.7573738098145,"Unknown"
"5020559",370757,2026-04-25 00:59:31,28.8126544952393,-17.7573223114014,"Unknown"
"5020559",370757,2026-04-25 01:00:31,28.8126106262207,-17.7573318481445,"Unknown"
"5020559",370757,2026-04-25 01:01:31,28.8125915527344,-17.7572612762451,"Unknown"
"5020559",370757,2026-04-25 01:02:31,28.8125228881836,-17.7571392059326,"Unknown"
"5020559",370757,2026-04-25 01:03:31,28.8124294281006,-17.757152557373,"Unknown"
"5020559",370757,2026-04-25 01:04:31,28.8124046325684,-17.7571105957031,"Unknown"
"5020559",370757,2026-04-25 01:05:31,28.8123893737793,-17.7570991516113,"Unknown"
"5020559",370757,2026-04-25 01:06:32,28.8123569488525,-17.7570781707764,"Unknown"
"5020559",370757,2026-04-25 01:07:32,28.8123340606689,-17.7570667266846,"Unknown"
"5020559",370757,2026-04-25 01:08:32,28.8123340606689,-17.7570476531982,"Unknown"
"5020559",370757,2026-04-25 01:09:31,28.8123207092285,-17.7570190429688,"Unknown"
"5020559",370757,2026-04-25 01:10:31,28.8123226165771,-17.7569427490234,"Unknown"
"5020559",370757,2026-04-25 01:11:32,28.8122882843018,-17.7568588256836,"Unknown"
"5020559",370757,2026-04-25 01:12:32,28.8122653961182,-17.7568168640137,"Unknown"
"5020559",370757,2026-04-25 01:13:31,28.8122425079346,-17.7567672729492,"Unknown"
"5020559",370757,2026-04-25 01:14:32,28.8122138977051,-17.7567119598389,"Unknown"
"5020559",370757,2026-04-25 01:15:32,28.8121757507324,-17.7566757202148,"Unknown"
"5020559",370757,2026-04-25 01:16:32,28.8121585845947,-17.7567005157471,"Unknown"
"5020559",370757,2026-04-25 01:17:32,28.8121528625488,-17.7567138671875,"Unknown"
"5020559",370757,2026-04-25 01:18:31,28.8121204376221,-17.7567024230957,"Unknown"
"5020559",370757,2026-04-25 01:19:32,28.8121204376221,-17.7566318511963,"Unknown"
"5020559",370757,2026-04-25 01:20:31,28.8120918273926,-17.7566204071045,"Unknown"
"5020559",370757,2026-04-25 01:21:32,28.8120632171631,-17.7565689086914,"Unknown"
"5020559",370757,2026-04-25 01:22:31,28.812032699585,-17.7565402984619,"Unknown"
"5020559",370757,2026-04-25 01:23:32,28.8120155334473,-17.7565059661865,"Unknown"
"5020559",370757,2026-04-25 01:24:32,28.8119945526123,-17.7564792633057,"Unknown"
"5020559",370757,2026-04-25 01:25:32,28.8119888305664,-17.7564544677734,"Unknown"
"5020559",370757,2026-04-25 01:26:32,28.8119735717773,-17.7564258575439,"Unknown"
"5020559",370757,2026-04-25 01:27:32,28.8119564056396,-17.7563591003418,"Unknown"
"5020559",370757,2026-04-25 01:28:32,28.8119354248047,-17.7562980651855,"Unknown"
"5020559",370757,2026-04-25 01:29:34,28.8119468688965,-17.7562255859375,"Unknown"
"5020559",370757,2026-04-25 01:30:34,28.8119335174561,-17.7561893463135,"Unknown"
"5020559",370757,2026-04-25 01:31:32,28.8119430541992,-17.7561435699463,"Unknown"
"5020559",370757,2026-04-25 01:32:32,28.8119220733643,-17.7561283111572,"Unknown"
"5020559",370757,2026-04-25 01:33:32,28.8119564056396,-17.7560958862305,"Unknown"
"5020559",370757,2026-04-25 01:34:31,28.8119277954102,-17.7560806274414,"Unknown"
"5020559",370757,2026-04-25 01:35:31,28.811954498291,-17.7560043334961,"Unknown"
"5020559",370757,2026-04-25 01:36:32,28.8119716644287,-17.7559375762939,"Unknown"
"5020559",370757,2026-04-25 01:37:32,28.8120021820068,-17.7558536529541,"Unknown"
"5020559",370757,2026-04-25 01:38:32,28.812032699585,-17.755802154541,"Unknown"
"5020559",370757,2026-04-25 01:39:32,28.8120632171631,-17.755744934082,"Unknown"
"5020559",370757,2026-04-25 01:40:31,28.8121032714844,-17.7556648254395,"Unknown"
"5020559",370757,2026-04-25 01:41:32,28.8121223449707,-17.7556495666504,"Unknown"
"5020559",370757,2026-04-25 01:42:31,28.8121185302734,-17.7556324005127,"Unknown"
"5020559",370757,2026-04-25 01:43:31,28.8121604919434,-17.7555809020996,"Unknown"
"5020559",370757,2026-04-25 01:44:32,28.8121681213379,-17.7555160522461,"Unknown"
"5020559",370757,2026-04-25 01:45:34,28.8121910095215,-17.7554416656494,"Unknown"
"5020559",370757,2026-04-25 01:46:32,28.8121910095215,-17.7553672790527,"Unknown"
"5020559",370757,2026-04-25 01:47:32,28.8121929168701,-17.7553691864014,"Unknown"
"5020559",370757,2026-04-25 01:48:31,28.8121776580811,-17.7553424835205,"Unknown"
"5020559",370757,2026-04-25 01:49:32,28.812219619751,-17.7553310394287,"Unknown"
"5020559",370757,2026-04-25 01:50:31,28.8122329711914,-17.7552394866943,"Unknown"
"5020559",370757,2026-04-25 01:51:32,28.8122425079346,-17.7551898956299,"Unknown"
"5020559",370757,2026-04-25 01:52:32,28.8122367858887,-17.7551345825195,"Unknown"
"5020559",370757,2026-04-25 01:53:31,28.8122730255127,-17.7550449371338,"Unknown"
"5020559",370757,2026-04-25 01:54:32,28.8122844696045,-17.7549819946289,"Unknown"
"5020559",370757,2026-04-25 01:55:32,28.8122863769531,-17.754903793335,"Unknown"
"5020559",370757,2026-04-25 01:56:31,28.8123073577881,-17.7548732757568,"Unknown"
"5020559",370757,2026-04-25 01:57:32,28.8123359680176,-17.7548007965088,"Unknown"
"5020559",370757,2026-04-25 01:58:32,28.8123664855957,-17.7547340393066,"Unknown"
"5020559",370757,2026-04-25 01:59:32,28.8123893737793,-17.754695892334,"Unknown"
"5020559",370757,2026-04-25 02:00:32,28.8124046325684,-17.7546501159668,"Unknown"
"5020559",370757,2026-04-25 02:01:32,28.8124160766602,-17.7545776367188,"Unknown"
"5020559",370757,2026-04-25 02:02:31,28.8124313354492,-17.7545146942139,"Unknown"
"5020559",370757,2026-04-25 02:03:31,28.8124389648438,-17.7545070648193,"Unknown"
"5020559",370757,2026-04-25 02:04:34,28.8124713897705,-17.7544441223145,"Unknown"
"5020559",370757,2026-04-25 02:05:32,28.8124942779541,-17.7543869018555,"Unknown"
"5020559",370757,2026-04-25 02:06:32,28.8125457763672,-17.7542953491211,"Unknown"
"5020559",370757,2026-04-25 02:07:32,28.8125877380371,-17.7542095184326,"Unknown"
"5020559",370757,2026-04-25 02:08:32,28.8125839233398,-17.7541255950928,"Unknown"
"5020559",370757,2026-04-25 02:09:32,28.8126258850098,-17.7540607452393,"Unknown"
"5020559",370757,2026-04-25 02:10:32,28.8126583099365,-17.7539672851562,"Unknown"
"5020559",370757,2026-04-25 02:11:32,28.8126697540283,-17.7538871765137,"Unknown"
"5020559",370757,2026-04-25 02:12:31,28.8127136230469,-17.7538833618164,"Unknown"
"5020559",370757,2026-04-25 02:13:31,28.8127670288086,-17.7537956237793,"Unknown"
"5020559",370757,2026-04-25 02:14:32,28.8127708435059,-17.7537307739258,"Unknown"
"5020559",370757,2026-04-25 02:15:32,28.812858581543,-17.7536373138428,"Unknown"
"5020559",370757,2026-04-25 02:16:31,28.8128929138184,-17.7535934448242,"Unknown"
"5020559",370757,2026-04-25 02:17:32,28.8138122558594,-17.7543907165527,"Unknown"
"5020559",370757,2026-04-25 02:18:32,28.8154315948486,-17.7550354003906,"Unknown"
"5020559",370757,2026-04-25 02:19:32,28.8154335021973,-17.7550296783447,"Unknown"
"5020559",370757,2026-04-25 02:20:32,28.8154335021973,-17.7550067901611,"Unknown"
"5020559",370757,2026-04-25 02:21:32,28.8176784515381,-17.7564601898193,"Unknown"
"5020559",370757,2026-04-25 02:22:33,28.8209228515625,-17.7591972351074,"Unknown"
"5020559",370757,2026-04-25 02:23:33,28.82444190979,-17.7615528106689,"Unknown"
"5020559",370757,2026-04-25 02:24:33,28.8276214599609,-17.7623767852783,"Unknown"
"5020559",370757,2026-04-25 02:25:32,28.8315315246582,-17.7642288208008,"Unknown"
"5020559",370757,2026-04-25 02:26:32,28.8336658477783,-17.7664794921875,"Unknown"
"5020559",370757,2026-04-25 02:27:36,28.8375148773193,-17.7688732147217,"Unknown"
"5020559",370757,2026-04-25 02:28:32,28.8414554595947,-17.7720470428467,"Unknown"
"5020559",370757,2026-04-25 02:29:32,28.8440074920654,-17.7766819000244,"Unknown"
"5020559",370757,2026-04-25 02:30:34,28.8457679748535,-17.7810535430908,"Unknown"
"5020559",370757,2026-04-25 02:31:34,28.8474788665771,-17.78635597229,"Unknown"
"5020559",370757,2026-04-25 02:32:32,28.8482761383057,-17.7916221618652,"Unknown"
"5020559",370757,2026-04-25 02:33:33,28.8469944000244,-17.7949962615967,"Unknown"
"5020559",370757,2026-04-25 02:34:34,28.8472232818604,-17.80251121521,"Unknown"
"5020559",370757,2026-04-25 02:35:32,28.8461570739746,-17.8077583312988,"Unknown"
"5020559",370757,2026-04-25 02:36:32,28.8470439910889,-17.8137111663818,"Unknown"
"5020559",370757,2026-04-25 02:37:32,28.8444404602051,-17.8188915252686,"Unknown"
"5020559",370757,2026-04-25 02:38:32,28.8438110351562,-17.8169555664062,"Unknown"
"5020559",370757,2026-04-25 02:39:32,28.8420944213867,-17.8173389434814,"Unknown"
"5020559",370757,2026-04-25 02:40:32,28.8390369415283,-17.8155250549316,"Unknown"
"5020559",370757,2026-04-25 02:41:32,28.8402156829834,-17.8123874664307,"Unknown"
"5020559",370757,2026-04-25 02:42:38,28.8361892700195,-17.818567276001,"Unknown"
"5020559",370757,2026-04-25 02:43:31,28.841817855835,-17.8207263946533,"Unknown"
"5020559",370757,2026-04-25 02:44:32,28.8390140533447,-17.821756362915,"Unknown"
"5020559",370757,2026-04-25 02:45:31,28.8356342315674,-17.823335647583,"Unknown"
"5020559",370757,2026-04-25 02:46:32,28.8328533172607,-17.8281307220459,"Unknown"
"5020559",370757,2026-04-25 02:47:32,28.8304805755615,-17.8270397186279,"Unknown"
"5020559",370757,2026-04-25 02:48:32,28.8303337097168,-17.8271541595459,"Unknown"
"5020559",370757,2026-04-25 02:49:33,28.8317375183105,-17.8291130065918,"Unknown"
"5020559",370757,2026-04-25 02:50:34,28.8293552398682,-17.8357601165771,"Unknown"
"5020559",370757,2026-04-25 02:51:32,28.8283004760742,-17.8369960784912,"Unknown"
"5020559",370757,2026-04-25 02:52:35,28.8243427276611,-17.8349571228027,"Unknown"
"5020559",370757,2026-04-25 02:53:35,28.8260898590088,-17.8332424163818,"Unknown"
"5020559",370757,2026-04-25 02:54:33,28.8276557922363,-17.83203125,"Unknown"
"5020559",370757,2026-04-25 02:55:34,28.8305282592773,-17.8305606842041,"Unknown"
"5020559",370757,2026-04-25 02:56:37,28.8312301635742,-17.8234004974365,"Unknown"
"5020559",370757,2026-04-25 02:57:34,28.8306579589844,-17.8176689147949,"Unknown"
"5020559",370757,2026-04-25 02:58:35,28.8288230895996,-17.8142337799072,"Unknown"
"5020559",370757,2026-04-25 02:59:36,28.8301239013672,-17.8078155517578,"Unknown"
"5020559",370757,2026-04-25 03:00:36,28.8338451385498,-17.8102416992188,"Unknown"
"5020559",370757,2026-04-25 03:01:36,28.8374576568604,-17.8057289123535,"Unknown"
"5020559",370757,2026-04-25 03:02:37,28.8374633789062,-17.7955322265625,"Unknown"
"5020559",370757,2026-04-25 03:03:36,28.8363742828369,-17.7854251861572,"Unknown"
"5020559",370757,2026-04-25 03:04:37,28.8313331604004,-17.7775745391846,"Unknown"
"5020559",370757,2026-04-25 03:06:03,28.8325481414795,-17.7682266235352,"Unknown"
"5020559",370757,2026-04-25 03:06:30,28.8326587677002,-17.765193939209,"Unknown"
"5020559",370757,2026-04-25 03:07:35,28.8347015380859,-17.7593364715576,"Unknown"
"5020559",370757,2026-04-25 03:08:31,28.8388347625732,-17.7557697296143,"Unknown"
"5020559",370757,2026-04-25 03:09:31,28.8428115844727,-17.7527523040771,"Unknown"
"5020559",370757,2026-04-25 03:10:31,28.8472309112549,-17.7512130737305,"Unknown"
"5020559",370757,2026-04-25 03:11:33,28.8519096374512,-17.7503395080566,"Unknown"
"5020559",370757,2026-04-25 03:12:32,28.8554058074951,-17.7506504058838,"Unknown"
"5020559",370757,2026-04-25 03:13:31,28.8580570220947,-17.7536334991455,"Unknown"
"5020559",370757,2026-04-25 03:14:32,28.8600826263428,-17.7579231262207,"Unknown"
"5020559",370757,2026-04-25 03:15:31,28.8616199493408,-17.7628421783447,"Unknown"
"5020559",370757,2026-04-25 03:16:32,28.86208152771,-17.7691497802734,"Unknown"
"5020559",370757,2026-04-25 03:17:31,28.8631992340088,-17.7740936279297,"Unknown"
"5020559",370757,2026-04-25 03:22:31,28.8642253875732,-17.7877502441406,"Unknown"
"5020559",370757,2026-04-25 03:27:31,28.8583984375,-17.8124732971191,"Unknown"
"5020559",370757,2026-04-25 03:32:31,28.8637924194336,-17.8261470794678,"Unknown"
"5020559",370757,2026-04-25 03:33:31,28.8638114929199,-17.826229095459,"Unknown"
"5020559",370757,2026-04-25 03:38:31,28.8639354705811,-17.8265819549561,"Unknown"
"5020559",370757,2026-04-25 03:43:31,28.8640289306641,-17.8269481658936,"Unknown"
"5020559",370757,2026-04-25 03:48:31,28.8641662597656,-17.8273220062256,"Unknown"
"5020559",370757,2026-04-25 03:53:31,28.8642959594727,-17.8276233673096,"Unknown"
"5020559",370757,2026-04-25 03:58:31,28.8644542694092,-17.8279838562012,"Unknown"
"5020559",370757,2026-04-25 04:03:31,28.8676815032959,-17.8348445892334,"Unknown"
"5020559",370757,2026-04-25 04:08:31,28.8677444458008,-17.8351821899414,"Unknown"
"5020559",370757,2026-04-25 04:13:31,28.8678150177002,-17.8354778289795,"Unknown"
"5020559",370757,2026-04-25 04:18:31,28.8678932189941,-17.8357028961182,"Unknown"
"5020559",370757,2026-04-25 04:23:31,28.867992401123,-17.8359909057617,"Unknown"
"5020559",370757,2026-04-25 04:28:31,28.8680725097656,-17.8362712860107,"Unknown"
"5020559",370757,2026-04-25 04:33:31,28.8681735992432,-17.8364639282227,"Unknown"
"5020559",370757,2026-04-25 04:38:31,28.8683586120605,-17.8366374969482,"Unknown"
"5020559",370757,2026-04-25 04:43:31,28.868558883667,-17.8367557525635,"Unknown"
"5020559",370757,2026-04-25 04:48:31,28.8687286376953,-17.8368453979492,"Unknown"
"5020559",370757,2026-04-25 04:53:31,28.8688945770264,-17.8369197845459,"Unknown"
"5020559",370757,2026-04-25 04:58:31,28.8690338134766,-17.8369922637939,"Unknown"
"5020559",370757,2026-04-25 05:03:32,28.8690929412842,-17.8369979858398,"Unknown"
"5020559",370757,2026-04-25 05:08:31,28.8691635131836,-17.8370246887207,"Unknown"
"5020559",370757,2026-04-25 05:13:31,28.8691864013672,-17.837064743042,"Unknown"
"5020559",370757,2026-04-25 05:18:32,28.869197845459,-17.8371620178223,"Unknown"
"5020559",370757,2026-04-25 05:23:31,28.8692092895508,-17.8372020721436,"Unknown"
"5020559",370757,2026-04-25 05:28:31,28.8691940307617,-17.8372268676758,"Unknown"
"5020559",370757,2026-04-25 05:33:34,28.8692092895508,-17.8372325897217,"Unknown"
"5020559",370757,2026-04-25 05:38:32,28.8692245483398,-17.8372459411621,"Unknown"
"5020559",370757,2026-04-25 05:43:32,28.8692264556885,-17.8372097015381,"Unknown"
"5020559",370757,2026-04-25 05:48:33,28.8572750091553,-17.8552017211914,"Unknown"
"5020559",370757,2026-04-25 05:53:34,28.8561458587646,-17.8600807189941,"Unknown"
"5020559",370757,2026-04-25 05:54:35,28.8561687469482,-17.8600387573242,"Unknown"
"5020559",370757,2026-04-25 05:55:39,28.8561592102051,-17.8599052429199,"Unknown"
"5020559",370757,2026-04-25 05:57:03,28.8561573028564,-17.8598327636719,"Unknown"
"5020559",370757,2026-04-25 05:57:31,28.8561744689941,-17.8598194122314,"Unknown"
"5020559",370757,2026-04-25 05:58:34,28.8561935424805,-17.8597621917725,"Unknown"
"5020559",370757,2026-04-25 05:59:31,28.856164932251,-17.8597774505615,"Unknown"
"5020559",370757,2026-04-25 06:00:32,28.8561496734619,-17.8597412109375,"Unknown"
"5020559",370757,2026-04-25 06:01:31,28.8561210632324,-17.8597145080566,"Unknown"
"5020559",370757,2026-04-25 06:02:31,28.8567066192627,-17.8586959838867,"Unknown"
"5020559",370757,2026-04-25 06:03:31,28.8586845397949,-17.8541011810303,"Unknown"
"5020559",370757,2026-04-25 06:04:32,28.8603038787842,-17.8502502441406,"Unknown"
"5020559",370757,2026-04-25 06:05:31,28.8600025177002,-17.8472270965576,"Unknown"
"5020559",370757,2026-04-25 06:06:34,28.860372543335,-17.841817855835,"Unknown"
"5020559",370757,2026-04-25 06:07:34,28.8603286743164,-17.8373394012451,"Unknown"
"5020559",370757,2026-04-25 06:08:34,28.8594436645508,-17.8351764678955,"Unknown"
"5020559",370757,2026-04-25 06:09:31,28.8588733673096,-17.8358764648438,"Unknown"
"5020559",370757,2026-04-25 06:10:33,28.8593215942383,-17.8330230712891,"Unknown"
"5020559",370757,2026-04-25 06:11:31,28.8596878051758,-17.8295249938965,"Unknown"
"5020559",370757,2026-04-25 06:12:31,28.8606739044189,-17.8281650543213,"Unknown"
"5020559",370757,2026-04-25 06:13:32,28.8607769012451,-17.8281574249268,"Unknown"
"5020559",370757,2026-04-25 06:14:31,28.8608322143555,-17.8281059265137,"Unknown"
"5020559",370757,2026-04-25 06:15:31,28.8609657287598,-17.8280868530273,"Unknown"
"5020559",370757,2026-04-25 06:16:31,28.8610763549805,-17.8280658721924,"Unknown"
"5020559",370757,2026-04-25 06:17:32,28.8611736297607,-17.8280410766602,"Unknown"
"5020559",370757,2026-04-25 06:18:31,28.8612861633301,-17.8280487060547,"Unknown"
"5020559",370757,2026-04-25 06:19:32,28.8614234924316,-17.8270416259766,"Unknown"
"5020559",370757,2026-04-25 06:20:32,28.8636112213135,-17.8242778778076,"Unknown"
"5020559",370757,2026-04-25 06:21:31,28.8654975891113,-17.8207569122314,"Unknown"
"5020559",370757,2026-04-25 06:26:32,28.8601188659668,-17.8011837005615,"Unknown"
"5020559",370757,2026-04-25 06:31:31,28.852481842041,-17.7802581787109,"Unknown"
"5020559",370757,2026-04-25 06:32:31,28.8507308959961,-17.7749404907227,"Unknown"
"5020559",370757,2026-04-25 06:33:32,28.847297668457,-17.770414352417,"Unknown"
"5020559",370757,2026-04-25 06:34:32,28.8442687988281,-17.7650394439697,"Unknown"
"5020559",370757,2026-04-25 06:35:32,28.8404598236084,-17.7618293762207,"Unknown"
"5020559",370757,2026-04-25 06:36:32,28.8378486633301,-17.7574787139893,"Unknown"
"5020559",370757,2026-04-25 06:37:31,28.833703994751,-17.7531032562256,"Unknown"
"5020559",370757,2026-04-25 06:38:33,28.8287467956543,-17.7492408752441,"Unknown"
"5020559",370757,2026-04-25 06:39:32,28.8251152038574,-17.7442150115967,"Unknown"
"5020559",370757,2026-04-25 06:40:32,28.8231239318848,-17.7394676208496,"Unknown"
"5020559",370757,2026-04-25 06:41:32,28.8177452087402,-17.7377243041992,"Unknown"
"5020559",370757,2026-04-25 06:42:31,28.8118705749512,-17.7414379119873,"Unknown"
"5020559",370757,2026-04-25 06:43:31,28.8064079284668,-17.7430210113525,"Unknown"
"5020559",370757,2026-04-25 06:44:31,28.8066787719727,-17.7481918334961,"Unknown"
"5020559",370757,2026-04-25 06:45:31,28.8082332611084,-17.7522220611572,"Unknown"
"5020559",370757,2026-04-25 06:46:31,28.806022644043,-17.7539558410645,"Unknown"
"5020559",370757,2026-04-25 06:47:32,28.8077049255371,-17.7566528320312,"Unknown"
"5020559",370757,2026-04-25 06:48:31,28.8107719421387,-17.7551670074463,"Unknown"
"5020559",370757,2026-04-25 06:49:31,28.8113689422607,-17.7553367614746,"Unknown"
"5020559",370757,2026-04-25 06:50:31,28.8113555908203,-17.75514793396,"Unknown"
"5020559",370757,2026-04-25 06:51:31,28.8102493286133,-17.755838394165,"Unknown"
"5020559",370757,2026-04-25 06:52:31,28.8108425140381,-17.7554111480713,"Unknown"
"5020559",370757,2026-04-25 06:53:31,28.8103122711182,-17.7554779052734,"Unknown"
"5020559",370757,2026-04-25 06:54:31,28.8092975616455,-17.7550468444824,"Unknown"
"5020559",370757,2026-04-25 06:55:31,28.8102912902832,-17.755199432373,"Unknown"
"5020559",370757,2026-04-25 06:56:31,28.8106021881104,-17.7544498443604,"Unknown"
"5020559",370757,2026-04-25 06:57:31,28.8106727600098,-17.7548484802246,"Unknown"
"5020559",370757,2026-04-25 06:58:31,28.8104782104492,-17.7549285888672,"Unknown"
"5020559",370757,2026-04-25 06:59:32,28.8112144470215,-17.7546730041504,"Unknown"
"5020559",370757,2026-04-25 07:00:31,28.8115139007568,-17.7542610168457,"Unknown"
"5020559",370757,2026-04-25 07:01:31,28.8118991851807,-17.7550468444824,"Unknown"
"5020559",370757,2026-04-25 07:02:31,28.8110904693604,-17.7553386688232,"Unknown"
"5020559",370757,2026-04-25 07:03:31,28.8110866546631,-17.7553577423096,"Unknown"
"5020559",370757,2026-04-25 07:04:31,28.8103046417236,-17.7547435760498,"Unknown"
"5020559",370757,2026-04-25 07:05:31,28.8068180084229,-17.7535171508789,"Unknown"
"5020559",370757,2026-04-25 07:06:31,28.8063259124756,-17.7524814605713,"Unknown"
"5020559",370757,2026-04-25 07:07:31,28.8064079284668,-17.7523899078369,"Unknown"
"5020559",370757,2026-04-25 07:08:32,28.8063354492188,-17.7524032592773,"Unknown"
"5020559",370757,2026-04-25 07:09:31,28.8062858581543,-17.7524166107178,"Unknown"
"5020559",370757,2026-04-25 07:10:32,28.8062286376953,-17.752368927002,"Unknown"
"5020559",370757,2026-04-25 07:11:32,28.8061218261719,-17.7522983551025,"Unknown"
"5020559",370757,2026-04-25 07:12:32,28.8059825897217,-17.75221824646,"Unknown"
"5020559",370757,2026-04-25 07:13:34,28.805908203125,-17.7521057128906,"Unknown"
"5020559",370757,2026-04-25 07:14:31,28.8058624267578,-17.752103805542,"Unknown"
"5020559",370757,2026-04-25 07:15:34,28.8058071136475,-17.7520580291748,"Unknown"
"5020559",370757,2026-04-25 07:16:31,28.8057556152344,-17.7520389556885,"Unknown"
"5020559",370757,2026-04-25 07:17:31,28.8056697845459,-17.7518901824951,"Unknown"
"5020559",370757,2026-04-25 07:18:34,28.8055763244629,-17.7518291473389,"Unknown"
"5020559",370757,2026-04-25 07:19:32,28.805492401123,-17.7517337799072,"Unknown"
"5020559",370757,2026-04-25 07:20:32,28.8054008483887,-17.7516536712646,"Unknown"
"5020559",370757,2026-04-25 07:21:32,28.8053283691406,-17.7515087127686,"Unknown"
"5020559",370757,2026-04-25 07:22:32,28.8051815032959,-17.7513999938965,"Unknown"
"5020559",370757,2026-04-25 07:23:32,28.8052635192871,-17.7516098022461,"Unknown"
"5020559",370757,2026-04-25 07:24:31,28.8052177429199,-17.7515335083008,"Unknown"
"5020559",370757,2026-04-25 07:25:31,28.8051624298096,-17.7515316009521,"Unknown"
"5020559",370757,2026-04-25 07:26:31,28.8050956726074,-17.751522064209,"Unknown"
"5020559",370757,2026-04-25 07:27:31,28.8073596954346,-17.7527351379395,"Unknown"
"5020559",370757,2026-04-25 07:28:31,28.8075428009033,-17.7538089752197,"Unknown"
"5020559",370757,2026-04-25 07:29:31,28.8103771209717,-17.7547588348389,"Unknown"
"5020559",370757,2026-04-25 07:30:32,28.8132305145264,-17.7587203979492,"Unknown"
"5020559",370757,2026-04-25 07:31:31,28.8130836486816,-17.7581882476807,"Unknown"
"5020559",370757,2026-04-25 07:32:31,28.8132781982422,-17.75807762146,"Unknown"
"5020559",370757,2026-04-25 07:33:31,28.8129425048828,-17.7583274841309,"Unknown"
"5020559",370757,2026-04-25 07:34:31,28.8128395080566,-17.7583427429199,"Unknown"
"5020559",370757,2026-04-25 07:35:31,28.812744140625,-17.7584171295166,"Unknown"
"5020559",370757,2026-04-25 07:36:33,28.81520652771,-17.7583389282227,"Unknown"
"5020559",370757,2026-04-25 07:37:32,28.8196411132812,-17.7585601806641,"Unknown"
"5020559",370757,2026-04-25 07:38:32,28.8245010375977,-17.7584438323975,"Unknown"
"5020559",370757,2026-04-25 07:39:31,28.8271789550781,-17.7523078918457,"Unknown"
"5020559",370757,2026-04-25 07:40:31,28.8274898529053,-17.7492790222168,"Unknown"
"5020559",370757,2026-04-25 07:41:32,28.8286743164062,-17.7475852966309,"Unknown"
"5020559",370757,2026-04-25 07:42:32,28.8286209106445,-17.7475643157959,"Unknown"
"5020559",370757,2026-04-25 07:43:33,28.8285617828369,-17.7475471496582,"Unknown"
"5020559",370757,2026-04-25 07:44:32,28.8280544281006,-17.7455024719238,"Unknown"
"5020559",370757,2026-04-25 07:45:32,28.8309326171875,-17.7407493591309,"Unknown"
"5020559",370757,2026-04-25 07:46:32,28.8326549530029,-17.7394561767578,"Unknown"
"5020559",370757,2026-04-25 07:47:31,28.8327083587646,-17.7394428253174,"Unknown"
"5020559",370757,2026-04-25 07:48:32,28.8327560424805,-17.7394714355469,"Unknown"
"5020559",370757,2026-04-25 07:49:33,28.8327865600586,-17.7394313812256,"Unknown"
"5020559",370757,2026-04-25 07:50:33,28.8328151702881,-17.739465713501,"Unknown"
"5020559",370757,2026-04-25 07:51:32,28.832799911499,-17.7395114898682,"Unknown"
"5020559",370757,2026-04-25 07:52:31,28.8328113555908,-17.7395896911621,"Unknown"
"5020559",370757,2026-04-25 07:53:32,28.8328304290771,-17.7396926879883,"Unknown"
"5020559",370757,2026-04-25 07:54:32,28.8328418731689,-17.7397766113281,"Unknown"
"5020559",370757,2026-04-25 07:55:32,28.8328475952148,-17.7398567199707,"Unknown"
"5020559",370757,2026-04-25 07:56:32,28.8328609466553,-17.7399234771729,"Unknown"
"5020559",370757,2026-04-25 07:57:32,28.8328514099121,-17.7399806976318,"Unknown"
"5020559",370757,2026-04-25 07:58:32,28.8328819274902,-17.7400379180908,"Unknown"
"5020559",370757,2026-04-25 08:00:03,28.8329029083252,-17.7401466369629,"Unknown"
"5020559",370757,2026-04-25 08:00:31,28.8329010009766,-17.7401599884033,"Unknown"
"5020559",370757,2026-04-25 08:01:31,28.8329296112061,-17.740234375,"Unknown"
"5020559",370757,2026-04-25 08:02:32,28.832935333252,-17.7402973175049,"Unknown"
"5020559",370757,2026-04-25 08:03:32,28.8329238891602,-17.740306854248,"Unknown"
"5020559",370757,2026-04-25 08:04:32,28.8329086303711,-17.7402935028076,"Unknown"
"5020559",370757,2026-04-25 08:05:31,28.8329124450684,-17.740306854248,"Unknown"
"5020559",370757,2026-04-25 08:06:31,28.8329238891602,-17.7403392791748,"Unknown"
"5020559",370757,2026-04-25 08:07:32,28.8329105377197,-17.7403545379639,"Unknown"
"5020559",370757,2026-04-25 08:08:32,28.8329620361328,-17.7403831481934,"Unknown"
"5020559",370757,2026-04-25 08:09:31,28.8329696655273,-17.7403945922852,"Unknown"
"5020559",370757,2026-04-25 08:10:31,28.8329734802246,-17.7404174804688,"Unknown"
"5020559",370757,2026-04-25 08:11:32,28.8340606689453,-17.7411155700684,"Unknown"
"5020559",370757,2026-04-25 08:12:32,28.8350219726562,-17.7432308197021,"Unknown"
"5020559",370757,2026-04-25 08:13:32,28.8376522064209,-17.7471675872803,"Unknown"
"5020559",370757,2026-04-25 08:14:32,28.8392887115479,-17.7521820068359,"Unknown"
"5020559",370757,2026-04-25 08:15:33,28.8391551971436,-17.7543621063232,"Unknown"
"5020559",370757,2026-04-25 08:16:32,28.8372249603271,-17.7577610015869,"Unknown"
"5020559",370757,2026-04-25 08:17:32,28.8386516571045,-17.76123046875,"Unknown"
"5020559",370757,2026-04-25 08:18:32,28.8408737182617,-17.765796661377,"Unknown"
"5020559",370757,2026-04-25 08:19:32,28.8443565368652,-17.7682991027832,"Unknown"
"5020559",370757,2026-04-25 08:20:32,28.8465728759766,-17.7729587554932,"Unknown"
"5020559",370757,2026-04-25 08:21:32,28.8499336242676,-17.7771625518799,"Unknown"
"5020559",370757,2026-04-25 08:22:33,28.8516616821289,-17.7827339172363,"Unknown"
"5020559",370757,2026-04-25 08:23:32,28.8541717529297,-17.7863235473633,"Unknown"
"5020559",370757,2026-04-25 08:24:32,28.856143951416,-17.7919864654541,"Unknown"
"5020559",370757,2026-04-25 08:25:32,28.8601016998291,-17.793004989624,"Unknown"
"5020559",370757,2026-04-25 08:26:32,28.863468170166,-17.7910690307617,"Unknown"
"5020559",370757,2026-04-25 08:27:32,28.8640079498291,-17.7946586608887,"Unknown"
"5020559",370757,2026-04-25 08:32:32,28.8741683959961,-17.812816619873,"Unknown"
"5020559",370757,2026-04-25 08:37:32,28.8685550689697,-17.8202209472656,"Unknown"
"5020559",370757,2026-04-25 08:42:32,28.8582000732422,-17.8492298126221,"Unknown"
"5020559",370757,2026-04-25 08:47:34,28.8578968048096,-17.8796653747559,"Unknown"
"5020559",370757,2026-04-25 08:48:32,28.8612785339355,-17.8842620849609,"Unknown"
"5020559",370757,2026-04-25 08:49:34,28.8653984069824,-17.8844203948975,"Unknown"
"5020559",370757,2026-04-25 08:50:34,28.8682651519775,-17.8861541748047,"Unknown"
"5020559",370757,2026-04-25 08:55:32,28.8696670532227,-17.9112491607666,"Unknown"
"5020559",370757,2026-04-25 09:00:33,28.8659286499023,-17.9168739318848,"Unknown"
"5020559",370757,2026-04-25 09:05:32,28.8624019622803,-17.9231777191162,"Unknown"
"5020559",370757,2026-04-25 09:10:32,28.8616676330566,-17.9212989807129,"Unknown"
"5020559",370757,2026-04-25 09:15:32,28.8577575683594,-17.9272441864014,"Unknown"
"5020559",370757,2026-04-25 09:16:32,28.8567485809326,-17.9288120269775,"Unknown"
"5020559",370757,2026-04-25 09:17:34,28.8569278717041,-17.9289951324463,"Unknown"
"5020559",370757,2026-04-25 09:18:32,28.8560905456543,-17.9292621612549,"Unknown"
"5020559",370757,2026-04-25 09:19:33,28.8552627563477,-17.9343357086182,"Unknown"
"5020559",370757,2026-04-25 09:20:32,28.8539943695068,-17.9415607452393,"Unknown"
"5020559",370757,2026-04-25 09:21:32,28.8519897460938,-17.9467811584473,"Unknown"
"5020559",370757,2026-04-25 09:22:32,28.8532752990723,-17.9537582397461,"Unknown"
"5020559",370757,2026-04-25 09:23:32,28.8471221923828,-17.9574203491211,"Unknown"
"5020559",370757,2026-04-25 09:24:32,28.8442974090576,-17.9617080688477,"Unknown"
"5020559",370757,2026-04-25 09:25:32,28.8447322845459,-17.9635620117188,"Unknown"
"5020559",370757,2026-04-25 09:26:32,28.8447570800781,-17.9634456634521,"Unknown"
"5020559",370757,2026-04-25 09:27:32,28.844799041748,-17.9633750915527,"Unknown"
"5020559",370757,2026-04-25 09:28:33,28.8448905944824,-17.9632759094238,"Unknown"
"5020559",370757,2026-04-25 09:29:32,28.8449478149414,-17.963171005249,"Unknown"
"5020559",370757,2026-04-25 09:30:32,28.8449897766113,-17.9630527496338,"Unknown"
"5020559",370757,2026-04-25 09:31:32,28.8450679779053,-17.9629287719727,"Unknown"
"5020559",370757,2026-04-25 09:32:32,28.8451118469238,-17.9628047943115,"Unknown"
"5020559",370757,2026-04-25 09:33:33,28.8451747894287,-17.9626522064209,"Unknown"
"5020559",370757,2026-04-25 09:34:32,28.8452472686768,-17.9624862670898,"Unknown"
"5020559",370757,2026-04-25 09:35:32,28.8453140258789,-17.9624099731445,"Unknown"
"5020559",370757,2026-04-25 09:36:31,28.8453826904297,-17.9623031616211,"Unknown"
"5020559",370757,2026-04-25 09:37:32,28.845422744751,-17.962215423584,"Unknown"
"5020559",370757,2026-04-25 09:38:32,28.8454914093018,-17.9621257781982,"Unknown"
"5020559",370757,2026-04-25 09:39:32,28.8455429077148,-17.9620208740234,"Unknown"
"5020559",370757,2026-04-25 09:40:32,28.8455924987793,-17.9619312286377,"Unknown"
"5020559",370757,2026-04-25 09:41:32,28.845645904541,-17.9618473052979,"Unknown"
"5020559",370757,2026-04-25 09:42:32,28.8457012176514,-17.9617462158203,"Unknown"
"5020559",370757,2026-04-25 09:43:32,28.8457012176514,-17.9616012573242,"Unknown"
"5020559",370757,2026-04-25 09:44:33,28.8457107543945,-17.9614791870117,"Unknown"
"5020559",370757,2026-04-25 09:45:32,28.8457298278809,-17.9613513946533,"Unknown"
"5020559",370757,2026-04-25 09:46:34,28.8457126617432,-17.9611701965332,"Unknown"
"5020559",370757,2026-04-25 09:47:31,28.8457508087158,-17.9610385894775,"Unknown"
"5020559",370757,2026-04-25 09:48:32,28.8457908630371,-17.9608612060547,"Unknown"
"5020559",370757,2026-04-25 09:49:31,28.8476734161377,-17.9585628509521,"Unknown"
"5020559",370757,2026-04-25 09:50:31,28.8479118347168,-17.9549922943115,"Unknown"
"5020559",370757,2026-04-25 09:51:33,28.8471298217773,-17.953784942627,"Unknown"
"5020559",370757,2026-04-25 09:52:32,28.847131729126,-17.9545421600342,"Unknown"
"5020559",370757,2026-04-25 09:53:32,28.844518661499,-17.9523029327393,"Unknown"
"5020559",370757,2026-04-25 09:54:35,28.8464508056641,-17.9475421905518,"Unknown"
"5020559",370757,2026-04-25 09:55:32,28.8485565185547,-17.9436073303223,"Unknown"
"5020559",370757,2026-04-25 09:56:34,28.8497562408447,-17.93821144104,"Unknown"
"5020559",370757,2026-04-25 09:57:32,28.8515911102295,-17.9336261749268,"Unknown"
"5020559",370757,2026-04-25 09:58:35,28.8548374176025,-17.9310569763184,"Unknown"
"5020559",370757,2026-04-25 09:59:33,28.8577346801758,-17.9278221130371,"Unknown"
"5020559",370757,2026-04-25 10:00:32,28.8590831756592,-17.9241561889648,"Unknown"
"5020559",370757,2026-04-25 10:01:32,28.8603477478027,-17.9199542999268,"Unknown"
"5020559",370757,2026-04-25 10:02:31,28.8611240386963,-17.9147338867188,"Unknown"
"5020559",370757,2026-04-25 10:03:32,28.8613777160645,-17.908935546875,"Unknown"
"5020559",370757,2026-04-25 10:04:33,28.8622741699219,-17.9039325714111,"Unknown"
"5020559",370757,2026-04-25 10:05:34,28.8625946044922,-17.8982467651367,"Unknown"
"5020559",370757,2026-04-25 10:10:33,28.8627033233643,-17.8739719390869,"Unknown"
"5020559",370757,2026-04-25 10:15:34,28.8628005981445,-17.8449745178223,"Unknown"
"5020559",370757,2026-04-25 10:20:32,28.8650188446045,-17.817834854126,"Unknown"
"5020559",370757,2026-04-25 10:25:32,28.8624496459961,-17.8017673492432,"Unknown"
"5020559",370757,2026-04-25 10:30:34,28.8454036712646,-17.7744750976562,"Unknown"
"5020559",370757,2026-04-25 10:35:37,28.8344745635986,-17.7691879272461,"Unknown"
"5020559",370757,2026-04-25 10:36:34,28.8343925476074,-17.7692241668701,"Unknown"
"5020559",370757,2026-04-25 10:37:33,28.8361301422119,-17.7699031829834,"Unknown"
"5020559",370757,2026-04-25 10:38:34,28.8388576507568,-17.7726936340332,"Unknown"
"5020559",370757,2026-04-25 10:39:31,28.8401584625244,-17.7740077972412,"Unknown"
"5020559",370757,2026-04-25 10:40:34,28.8417778015137,-17.7741756439209,"Unknown"
"5020559",370757,2026-04-25 10:41:35,28.8417091369629,-17.7741641998291,"Unknown"
"5020559",370757,2026-04-25 10:42:35,28.841646194458,-17.7741279602051,"Unknown"
"5020559",370757,2026-04-25 10:43:33,28.8415489196777,-17.7741413116455,"Unknown"
"5020559",370757,2026-04-25 10:44:38,28.8414688110352,-17.7741222381592,"Unknown"
"5020559",370757,2026-04-25 10:45:34,28.84206199646,-17.7748775482178,"Unknown"
"5020559",370757,2026-04-25 10:46:37,28.8417739868164,-17.7758407592773,"Unknown"
"5020559",370757,2026-04-25 10:47:39,28.8414115905762,-17.7751140594482,"Unknown"
"5020559",370757,2026-04-25 10:48:36,28.8406639099121,-17.7740669250488,"Unknown"
"5020559",370757,2026-04-25 10:49:38,28.8405666351318,-17.7740802764893,"Unknown"
"5020559",370757,2026-04-25 10:50:34,28.8422183990479,-17.7764530181885,"Unknown"
"5020559",370757,2026-04-25 10:51:33,28.8436126708984,-17.7796993255615,"Unknown"
"5020559",370757,2026-04-25 10:53:03,28.8439636230469,-17.7795104980469,"Unknown"
"5020559",370757,2026-04-25 10:53:31,28.8439388275146,-17.7795295715332,"Unknown"
"5020559",370757,2026-04-25 10:54:31,28.8439064025879,-17.7795391082764,"Unknown"
"5020559",370757,2026-04-25 10:55:31,28.8438739776611,-17.7795429229736,"Unknown"
"5020559",370757,2026-04-25 10:56:30,28.8438129425049,-17.7795467376709,"Unknown"
"5020559",370757,2026-04-25 10:57:31,28.8437671661377,-17.7795543670654,"Unknown"
"5020559",370757,2026-04-25 10:58:31,28.8436679840088,-17.7784786224365,"Unknown"
"5020559",370757,2026-04-25 10:59:30,28.8444271087646,-17.7760448455811,"Unknown"
"5020559",370757,2026-04-25 11:00:31,28.844310760498,-17.7760944366455,"Unknown"
"5020559",370757,2026-04-25 11:01:31,28.8441886901855,-17.7761535644531,"Unknown"
"5020559",370757,2026-04-25 11:02:31,28.8440380096436,-17.7762050628662,"Unknown"
"5020559",370757,2026-04-25 11:03:31,28.8438968658447,-17.7762393951416,"Unknown"
"5020559",370757,2026-04-25 11:04:30,28.8437900543213,-17.7762985229492,"Unknown"
"5020559",370757,2026-04-25 11:05:30,28.8437213897705,-17.7763023376465,"Unknown"
"5020559",370757,2026-04-25 11:06:31,28.8435955047607,-17.7763404846191,"Unknown"
"5020559",370757,2026-04-25 11:07:31,28.8434448242188,-17.7763652801514,"Unknown"
"5020559",370757,2026-04-25 11:08:31,28.8432769775391,-17.7763614654541,"Unknown"
"5020559",370757,2026-04-25 11:09:31,28.8431262969971,-17.7763652801514,"Unknown"
"5020559",370757,2026-04-25 11:10:31,28.8429679870605,-17.7763652801514,"Unknown"
"5020559",370757,2026-04-25 11:11:31,28.8428802490234,-17.7763710021973,"Unknown"
"5020559",370757,2026-04-25 11:12:30,28.8428077697754,-17.7763786315918,"Unknown"
"5020559",370757,2026-04-25 11:13:31,28.842679977417,-17.7763900756836,"Unknown"
"5020559",370757,2026-04-25 11:14:31,28.842529296875,-17.7763900756836,"Unknown"
"5020559",370757,2026-04-25 11:15:31,28.8423976898193,-17.7763957977295,"Unknown"
"5020559",370757,2026-04-25 11:16:31,28.84228515625,-17.7764263153076,"Unknown"
"5020559",370757,2026-04-25 11:17:31,28.8422298431396,-17.7765064239502,"Unknown"
"5020559",370757,2026-04-25 11:18:31,28.8421592712402,-17.7765674591064,"Unknown"
"5020559",370757,2026-04-25 11:19:31,28.8420791625977,-17.7765445709229,"Unknown"
"5020559",370757,2026-04-25 11:20:31,28.8395080566406,-17.7739543914795,"Unknown"
"5020559",370757,2026-04-25 11:21:31,28.8383235931396,-17.7681312561035,"Unknown"
"5020559",370757,2026-04-25 11:22:31,28.8379726409912,-17.7669067382812,"Unknown"
"5020559",370757,2026-04-25 11:23:32,28.8378849029541,-17.7668838500977,"Unknown"
"5020559",370757,2026-04-25 11:24:31,28.8377704620361,-17.7668704986572,"Unknown"
"5020559",370757,2026-04-25 11:25:31,28.8376789093018,-17.7668399810791,"Unknown"
"5020559",370757,2026-04-25 11:26:31,28.837553024292,-17.7668132781982,"Unknown"
"5020559",370757,2026-04-25 11:27:31,28.8374423980713,-17.766788482666,"Unknown"
"5020559",370757,2026-04-25 11:28:31,28.8373527526855,-17.7668266296387,"Unknown"
"5020559",370757,2026-04-25 11:29:31,28.8372421264648,-17.7668209075928,"Unknown"
"5020559",370757,2026-04-25 11:30:31,28.8380527496338,-17.7684879302979,"Unknown"
"5020559",370757,2026-04-25 11:31:31,28.8395500183105,-17.7716007232666,"Unknown"
"5020559",370757,2026-04-25 11:32:31,28.8394737243652,-17.7716598510742,"Unknown"
"5020559",370757,2026-04-25 11:33:31,28.8393840789795,-17.7716598510742,"Unknown"
"5020559",370757,2026-04-25 11:34:31,28.8362445831299,-17.7662544250488,"Unknown"
"5020559",370757,2026-04-25 11:35:31,28.8325729370117,-17.7607326507568,"Unknown"
"5020559",370757,2026-04-25 11:36:31,28.8324222564697,-17.7607250213623,"Unknown"
"5020559",370757,2026-04-25 11:37:31,28.8322849273682,-17.7607173919678,"Unknown"
"5020559",370757,2026-04-25 11:38:31,28.832160949707,-17.7607116699219,"Unknown"
"5020559",370757,2026-04-25 11:39:31,28.8320369720459,-17.7607116699219,"Unknown"
"5020559",370757,2026-04-25 11:40:31,28.8319320678711,-17.7607097625732,"Unknown"
"5020559",370757,2026-04-25 11:41:30,28.8318462371826,-17.7607021331787,"Unknown"
"5020559",370757,2026-04-25 11:42:31,28.8317089080811,-17.7607345581055,"Unknown"
"5020559",370757,2026-04-25 11:43:31,28.8325576782227,-17.7612342834473,"Unknown"
"5020559",370757,2026-04-25 11:44:31,28.8343296051025,-17.7694320678711,"Unknown"
"5020559",370757,2026-04-25 11:45:32,28.836067199707,-17.7723293304443,"Unknown"
"5020559",370757,2026-04-25 11:46:31,28.8347721099854,-17.7725391387939,"Unknown"
"5020559",370757,2026-04-25 11:47:40,28.8358974456787,-17.7706165313721,"Unknown"
"5020559",370757,2026-04-25 11:48:31,28.8358573913574,-17.7706203460693,"Unknown"
"5020559",370757,2026-04-25 11:49:31,28.8360996246338,-17.771276473999,"Unknown"
"5020559",370757,2026-04-25 11:50:32,28.8360614776611,-17.7713470458984,"Unknown"
"5020559",370757,2026-04-25 11:51:31,28.8360252380371,-17.771333694458,"Unknown"
"5020559",370757,2026-04-25 11:52:31,28.8371391296387,-17.7718811035156,"Unknown"
"5020559",370757,2026-04-25 11:53:31,28.8392162322998,-17.7728214263916,"Unknown"
"5020559",370757,2026-04-25 11:54:31,28.8391895294189,-17.7728576660156,"Unknown"
"5020559",370757,2026-04-25 11:55:31,28.8391494750977,-17.7728996276855,"Unknown"
"5020559",370757,2026-04-25 11:56:30,28.8393783569336,-17.7741241455078,"Unknown"
"5020559",370757,2026-04-25 11:57:31,28.8393611907959,-17.7741680145264,"Unknown"
"5020559",370757,2026-04-25 11:58:31,28.839334487915,-17.7741985321045,"Unknown"
"5020559",370757,2026-04-25 11:59:32,28.8393650054932,-17.7741966247559,"Unknown"
"5020559",370757,2026-04-25 12:00:31,28.8393993377686,-17.7741661071777,"Unknown"
"5020559",370757,2026-04-25 12:01:32,28.8394165039062,-17.7741661071777,"Unknown"
"5020559",370757,2026-04-25 12:02:31,28.839427947998,-17.7741889953613,"Unknown"
"5020559",370757,2026-04-25 12:03:31,28.8393936157227,-17.7742080688477,"Unknown"
"5020559",370757,2026-04-25 12:04:31,28.8393459320068,-17.7742137908936,"Unknown"
"5020559",370757,2026-04-25 12:05:31,28.8392925262451,-17.7742099761963,"Unknown"
"5020559",370757,2026-04-25 12:06:31,28.839262008667,-17.7742137908936,"Unknown"
"5020559",370757,2026-04-25 12:07:31,28.8391857147217,-17.7741737365723,"Unknown"
"5020559",370757,2026-04-25 12:08:31,28.8391017913818,-17.7741546630859,"Unknown"
"5020559",370757,2026-04-25 12:09:31,28.8390140533447,-17.7741241455078,"Unknown"
"5020559",370757,2026-04-25 12:10:31,28.8389568328857,-17.7740936279297,"Unknown"
"5020559",370757,2026-04-25 12:11:31,28.838846206665,-17.7740726470947,"Unknown"
"5020559",370757,2026-04-25 12:12:31,28.8387832641602,-17.7740497589111,"Unknown"
"5020559",370757,2026-04-25 12:13:31,28.8386993408203,-17.7740211486816,"Unknown"
"5020559",370757,2026-04-25 12:14:31,28.83864402771,-17.7740039825439,"Unknown"
"5020559",370757,2026-04-25 12:15:31,28.8385677337646,-17.773998260498,"Unknown"
"5020559",370757,2026-04-25 12:16:31,28.8384990692139,-17.773983001709,"Unknown"
"5020559",370757,2026-04-25 12:17:31,28.8384246826172,-17.7739925384521,"Unknown"
"5020559",370757,2026-04-25 12:18:31,28.8383445739746,-17.7740058898926,"Unknown"
"5020559",370757,2026-04-25 12:19:31,28.8382740020752,-17.7740173339844,"Unknown"
"5020559",370757,2026-04-25 12:20:31,28.8392677307129,-17.7730407714844,"Unknown"
"5020559",370757,2026-04-25 12:21:30,28.8392295837402,-17.7730522155762,"Unknown"
"5020559",370757,2026-04-25 12:22:31,28.838623046875,-17.7713298797607,"Unknown"
"5020559",370757,2026-04-25 12:23:31,28.8385543823242,-17.7713375091553,"Unknown"
"5020559",370757,2026-04-25 12:24:31,28.8384895324707,-17.7713356018066,"Unknown"
"5020559",370757,2026-04-25 12:25:31,28.8384189605713,-17.7713432312012,"Unknown"
"5020559",370757,2026-04-25 12:26:31,28.8383636474609,-17.7713603973389,"Unknown"
"5020559",370757,2026-04-25 12:27:31,28.837287902832,-17.7718715667725,"Unknown"
"5020559",370757,2026-04-25 12:28:31,28.8371887207031,-17.7718715667725,"Unknown"
"5020559",370757,2026-04-25 12:29:31,28.83713722229,-17.7718944549561,"Unknown"
"5020559",370757,2026-04-25 12:30:31,28.8370742797852,-17.7719097137451,"Unknown"
"5020559",370757,2026-04-25 12:31:31,28.837085723877,-17.7719440460205,"Unknown"
"5020559",370757,2026-04-25 12:32:31,28.8370838165283,-17.7719821929932,"Unknown"
"5020559",370757,2026-04-25 12:33:32,28.8371086120605,-17.7719326019287,"Unknown"
"5020559",370757,2026-04-25 12:34:31,28.8371257781982,-17.7719879150391,"Unknown"
"5020559",370757,2026-04-25 12:35:31,28.8370914459229,-17.7719860076904,"Unknown"
"5020559",370757,2026-04-25 12:36:31,28.8370590209961,-17.7719974517822,"Unknown"
"5020559",370757,2026-04-25 12:37:31,28.837007522583,-17.7720069885254,"Unknown"
"5020559",370757,2026-04-25 12:38:31,28.8369655609131,-17.7720165252686,"Unknown"
"5020559",370757,2026-04-25 12:39:31,28.836893081665,-17.7720108032227,"Unknown"
"5020559",370757,2026-04-25 12:40:30,28.8368511199951,-17.772029876709,"Unknown"
"5020559",370757,2026-04-25 12:41:31,28.8367919921875,-17.7720241546631,"Unknown"
"5020559",370757,2026-04-25 12:42:30,28.8367462158203,-17.7720603942871,"Unknown"
"5020559",370757,2026-04-25 12:43:32,28.836799621582,-17.7720127105713,"Unknown"
"5020559",370757,2026-04-25 12:44:32,28.8368701934814,-17.7719497680664,"Unknown"
"5020559",370757,2026-04-25 12:45:32,28.8385028839111,-17.7680015563965,"Unknown"
"5020559",370757,2026-04-25 12:46:31,28.8384170532227,-17.7675151824951,"Unknown"
"5020559",370757,2026-04-25 12:47:30,28.8384094238281,-17.7675552368164,"Unknown"
"5020559",370757,2026-04-25 12:48:31,28.8402252197266,-17.7708435058594,"Unknown"
"5020559",370757,2026-04-25 12:49:31,28.8413200378418,-17.7730083465576,"Unknown"
"5020559",370757,2026-04-25 12:50:31,28.84130859375,-17.7730751037598,"Unknown"
"5020559",370757,2026-04-25 12:51:31,28.8433647155762,-17.7765808105469,"Unknown"
"5020559",370757,2026-04-25 12:52:31,28.8436546325684,-17.7766132354736,"Unknown"
"5020559",370757,2026-04-25 12:53:31,28.843692779541,-17.7767105102539,"Unknown"
"5020559",370757,2026-04-25 12:54:31,28.8437042236328,-17.7767658233643,"Unknown"
"5020559",370757,2026-04-25 12:55:30,28.8437232971191,-17.77685546875,"Unknown"
"5020559",370757,2026-04-25 12:56:30,28.8437099456787,-17.7769527435303,"Unknown"
"5020559",370757,2026-04-25 12:57:31,28.8437404632568,-17.7770652770996,"Unknown"
"5020559",370757,2026-04-25 12:58:31,28.843729019165,-17.7771663665771,"Unknown"
"5020559",370757,2026-04-25 12:59:31,28.8451080322266,-17.777494430542,"Unknown"
"5020559",370757,2026-04-25 13:00:32,28.8460750579834,-17.7803802490234,"Unknown"
"5020559",370757,2026-04-25 13:01:32,28.8471336364746,-17.7836227416992,"Unknown"
"5020559",370757,2026-04-25 13:02:32,28.8478260040283,-17.7814750671387,"Unknown"
"5020559",370757,2026-04-25 13:03:32,28.8459854125977,-17.7755260467529,"Unknown"
"5020559",370757,2026-04-25 13:04:32,28.8405723571777,-17.7716369628906,"Unknown"
"5020559",370757,2026-04-25 13:05:32,28.839656829834,-17.7712287902832,"Unknown"
"5020559",370757,2026-04-25 13:06:32,28.8395843505859,-17.7712478637695,"Unknown"
"5020559",370757,2026-04-25 13:07:32,28.8395195007324,-17.7712535858154,"Unknown"
"5020559",370757,2026-04-25 13:08:33,28.8395977020264,-17.7711143493652,"Unknown"
"5020559",370757,2026-04-25 13:09:34,28.8396110534668,-17.7711524963379,"Unknown"
"5020559",370757,2026-04-25 13:10:33,28.8396434783936,-17.7711811065674,"Unknown"
"5020559",370757,2026-04-25 13:11:33,28.8396072387695,-17.77126121521,"Unknown"
"5020559",370757,2026-04-25 13:12:33,28.8396148681641,-17.7712345123291,"Unknown"
"5020559",370757,2026-04-25 13:13:35,28.8395977020264,-17.7713603973389,"Unknown"
"5020559",370757,2026-04-25 13:14:33,28.839542388916,-17.7714099884033,"Unknown"
"5020559",370757,2026-04-25 13:15:32,28.8395442962646,-17.7713603973389,"Unknown"
"5020559",370757,2026-04-25 13:16:34,28.8394641876221,-17.7714748382568,"Unknown"
"5020559",370757,2026-04-25 13:17:35,28.8394317626953,-17.7715339660645,"Unknown"
"5020559",370757,2026-04-25 13:18:35,28.8393955230713,-17.7715034484863,"Unknown"
"5020559",370757,2026-04-25 13:19:34,28.8393096923828,-17.7715435028076,"Unknown"
"5020559",370757,2026-04-25 13:20:35,28.8392925262451,-17.7715625762939,"Unknown"
"5020559",370757,2026-04-25 13:21:34,28.8392009735107,-17.7716102600098,"Unknown"
"5020559",370757,2026-04-25 13:22:39,28.8391647338867,-17.771577835083,"Unknown"
"5020559",370757,2026-04-25 13:24:03,28.8390731811523,-17.7716007232666,"Unknown"
"5020559",370757,2026-04-25 13:24:32,28.8390502929688,-17.7716178894043,"Unknown"
"5020559",370757,2026-04-25 13:25:32,28.8389987945557,-17.771635055542,"Unknown"
"5020559",370757,2026-04-25 13:26:31,28.8389530181885,-17.7716903686523,"Unknown"
"5020559",370757,2026-04-25 13:27:32,28.8388996124268,-17.7717456817627,"Unknown"
"5020559",370757,2026-04-25 13:28:31,28.8388538360596,-17.7717895507812,"Unknown"
"5020559",370757,2026-04-25 13:29:31,28.8388233184814,-17.7718868255615,"Unknown"
"5020559",370757,2026-04-25 13:30:32,28.8387966156006,-17.7719821929932,"Unknown"
"5020559",370757,2026-04-25 13:31:31,28.8387546539307,-17.7720012664795,"Unknown"
"5020559",370757,2026-04-25 13:32:31,28.8387088775635,-17.7720317840576,"Unknown"
"5020559",370757,2026-04-25 13:33:31,28.8386554718018,-17.7720794677734,"Unknown"
"5020559",370757,2026-04-25 13:34:32,28.838586807251,-17.7689571380615,"Unknown"
"5020559",370757,2026-04-25 13:35:32,28.8361625671387,-17.7623310089111,"Unknown"
"5020559",370757,2026-04-25 13:36:31,28.8341445922852,-17.7567729949951,"Unknown"
"5020559",370757,2026-04-25 13:37:31,28.8339977264404,-17.7557811737061,"Unknown"
"5020559",370757,2026-04-25 13:38:31,28.8340492248535,-17.7558479309082,"Unknown"
"5020559",370757,2026-04-25 13:39:31,28.8340816497803,-17.7558689117432,"Unknown"
"5020559",370757,2026-04-25 13:40:31,28.8354473114014,-17.7532958984375,"Unknown"
"5020559",370757,2026-04-25 13:41:31,28.8364925384521,-17.7526226043701,"Unknown"
"5020559",370757,2026-04-25 13:42:38,28.837064743042,-17.7529468536377,"Unknown"
"5020559",370757,2026-04-25 13:43:31,28.8365898132324,-17.7532634735107,"Unknown"
"5020559",370757,2026-04-25 13:44:31,28.8379383087158,-17.7530307769775,"Unknown"
"5020559",370757,2026-04-25 13:45:31,28.8380069732666,-17.7530364990234,"Unknown"
"5020559",370757,2026-04-25 13:46:32,28.8389148712158,-17.7510967254639,"Unknown"
"5020559",370757,2026-04-25 13:47:31,28.8394069671631,-17.7510414123535,"Unknown"
"5020559",370757,2026-04-25 13:48:32,28.8394565582275,-17.7511138916016,"Unknown"
"5020559",370757,2026-04-25 13:49:32,28.838207244873,-17.75022315979,"Unknown"
"5020559",370757,2026-04-25 13:50:31,28.8385219573975,-17.7509498596191,"Unknown"
"5020559",370757,2026-04-25 13:51:31,28.8386459350586,-17.7510986328125,"Unknown"
"5020559",370757,2026-04-25 13:52:32,28.838737487793,-17.7512512207031,"Unknown"
"5020559",370757,2026-04-25 13:53:31,28.838846206665,-17.751371383667,"Unknown"
"5020559",370757,2026-04-25 13:54:31,28.8389358520508,-17.7515277862549,"Unknown"
"5020559",370757,2026-04-25 13:55:31,28.8390159606934,-17.7516651153564,"Unknown"
"5020559",370757,2026-04-25 13:56:31,28.8390979766846,-17.751802444458,"Unknown"
"5020559",370757,2026-04-25 13:57:31,28.8392105102539,-17.7519283294678,"Unknown"
"5020559",370757,2026-04-25 13:58:31,28.8392906188965,-17.7520275115967,"Unknown"
"5020559",370757,2026-04-25 13:59:32,28.8393955230713,-17.7521839141846,"Unknown"
"5020559",370757,2026-04-25 14:00:31,28.8394908905029,-17.7523250579834,"Unknown"
"5020559",370757,2026-04-25 14:01:31,28.8395347595215,-17.7525062561035,"Unknown"
"5020559",370757,2026-04-25 14:02:31,28.8395824432373,-17.7526969909668,"Unknown"
"5020559",370757,2026-04-25 14:03:33,28.8396282196045,-17.7528877258301,"Unknown"
"5020559",370757,2026-04-25 14:04:31,28.8396797180176,-17.7530612945557,"Unknown"
"5020559",370757,2026-04-25 14:05:31,28.8397483825684,-17.7532405853271,"Unknown"
"5020559",370757,2026-04-25 14:06:31,28.8398094177246,-17.7534236907959,"Unknown"
"5020559",370757,2026-04-25 14:07:31,28.8398456573486,-17.7536087036133,"Unknown"
"5020559",370757,2026-04-25 14:08:31,28.8398914337158,-17.7537574768066,"Unknown"
"5020559",370757,2026-04-25 14:09:31,28.8440437316895,-17.7557182312012,"Unknown"
"5020559",370757,2026-04-25 14:10:34,28.8468341827393,-17.7563076019287,"Unknown"
"5020559",370757,2026-04-25 14:11:31,28.8472137451172,-17.757511138916,"Unknown"
"5020559",370757,2026-04-25 14:12:44,28.8478984832764,-17.7570266723633,"Unknown"
"5020559",370757,2026-04-25 14:13:31,28.8482723236084,-17.7569637298584,"Unknown"
"5020559",370757,2026-04-25 14:14:31,28.8486175537109,-17.7558155059814,"Unknown"
"5020559",370757,2026-04-25 14:15:31,28.8522911071777,-17.7565250396729,"Unknown"
"5020559",370757,2026-04-25 14:16:31,28.8525276184082,-17.7565841674805,"Unknown"
"5020559",370757,2026-04-25 14:17:31,28.8526840209961,-17.7567443847656,"Unknown"
"5020559",370757,2026-04-25 14:18:31,28.8527927398682,-17.756893157959,"Unknown"
"5020559",370757,2026-04-25 14:19:31,28.8528919219971,-17.7570171356201,"Unknown"
"5020559",370757,2026-04-25 14:20:31,28.8530330657959,-17.7571830749512,"Unknown"
"5020559",370757,2026-04-25 14:21:33,28.8530883789062,-17.7573261260986,"Unknown"
"5020559",370757,2026-04-25 14:22:34,28.8531703948975,-17.7574768066406,"Unknown"
"5020559",370757,2026-04-25 14:23:33,28.8532581329346,-17.7576103210449,"Unknown"
"5020559",370757,2026-04-25 14:24:33,28.8533477783203,-17.757755279541,"Unknown"
"5020559",370757,2026-04-25 14:25:32,28.8534278869629,-17.7579193115234,"Unknown"
"5020559",370757,2026-04-25 14:26:32,28.8535232543945,-17.7580814361572,"Unknown"
"5020559",370757,2026-04-25 14:27:31,28.8535747528076,-17.7582359313965,"Unknown"
"5020559",370757,2026-04-25 14:28:31,28.853666305542,-17.7583961486816,"Unknown"
"5020559",370757,2026-04-25 14:29:31,28.8537292480469,-17.7585639953613,"Unknown"
"5020559",370757,2026-04-25 14:30:31,28.8538188934326,-17.7587394714355,"Unknown"
"5020559",370757,2026-04-25 14:31:31,28.8538990020752,-17.7589206695557,"Unknown"
"5020559",370757,2026-04-25 14:32:31,28.8539752960205,-17.7590942382812,"Unknown"
"5020559",370757,2026-04-25 14:33:34,28.854061126709,-17.7592792510986,"Unknown"
"5020559",370757,2026-04-25 14:34:31,28.8541698455811,-17.7594451904297,"Unknown"
"5020559",370757,2026-04-25 14:35:34,28.8542518615723,-17.759635925293,"Unknown"
"5020559",370757,2026-04-25 14:36:34,28.8543643951416,-17.7598209381104,"Unknown"
"5020559",370757,2026-04-25 14:37:31,28.8544464111328,-17.7600078582764,"Unknown"
"5020559",370757,2026-04-25 14:38:34,28.8545761108398,-17.760196685791,"Unknown"
"5020559",370757,2026-04-25 14:39:31,28.8546600341797,-17.7603759765625,"Unknown"
"5020559",370757,2026-04-25 14:40:35,28.8547801971436,-17.7605762481689,"Unknown"
"5020559",370757,2026-04-25 14:41:33,28.8548755645752,-17.7607536315918,"Unknown"
"5020559",370757,2026-04-25 14:42:36,28.8549919128418,-17.7609519958496,"Unknown"
"5020559",370757,2026-04-25 14:43:34,28.8551006317139,-17.7611560821533,"Unknown"
"5020559",370757,2026-04-25 14:44:35,28.8552055358887,-17.761344909668,"Unknown"
"5020559",370757,2026-04-25 14:45:36,28.8553295135498,-17.7615242004395,"Unknown"
"5020559",370757,2026-04-25 14:46:35,28.8554344177246,-17.7617206573486,"Unknown"
"5020559",370757,2026-04-25 14:47:35,28.8555755615234,-17.7619647979736,"Unknown"
"5020559",370757,2026-04-25 14:48:36,28.8556880950928,-17.762186050415,"Unknown"
"5020559",370757,2026-04-25 14:49:36,28.8558101654053,-17.7624282836914,"Unknown"
"5020559",370757,2026-04-25 14:50:36,28.855920791626,-17.7626628875732,"Unknown"
"5020559",370757,2026-04-25 14:51:36,28.856029510498,-17.7629089355469,"Unknown"
"5020559",370757,2026-04-25 14:52:35,28.8561553955078,-17.763126373291,"Unknown"
"5020559",370757,2026-04-25 14:53:35,28.8562850952148,-17.7633590698242,"Unknown"
"5020559",370757,2026-04-25 14:54:35,28.8563861846924,-17.7636089324951,"Unknown"
"5020559",370757,2026-04-25 14:55:36,28.8564567565918,-17.7638320922852,"Unknown"
"5020559",370757,2026-04-25 14:56:36,28.8565464019775,-17.7640323638916,"Unknown"
"5020559",370757,2026-04-25 14:57:36,28.8566379547119,-17.7642440795898,"Unknown"
"5020559",370757,2026-04-25 14:58:37,28.8567314147949,-17.7644481658936,"Unknown"
"5020559",370757,2026-04-25 14:59:37,28.8568553924561,-17.7646656036377,"Unknown"
"5020559",370757,2026-04-25 15:01:03,28.8569831848145,-17.7649993896484,"Unknown"
"5020559",370757,2026-04-25 15:01:32,28.8570499420166,-17.7651252746582,"Unknown"
"5020559",370757,2026-04-25 15:02:32,28.8572006225586,-17.7653636932373,"Unknown"
"5020559",370757,2026-04-25 15:03:32,28.8573360443115,-17.7655658721924,"Unknown"
"5020559",370757,2026-04-25 15:04:32,28.8575019836426,-17.765739440918,"Unknown"
"5020559",370757,2026-04-25 15:05:32,28.8576602935791,-17.7659187316895,"Unknown"
"5020559",370757,2026-04-25 15:06:32,28.857780456543,-17.7661056518555,"Unknown"
"5020559",370757,2026-04-25 15:07:33,28.8578605651855,-17.76633644104,"Unknown"
"5020559",370757,2026-04-25 15:08:32,28.8579730987549,-17.7665481567383,"Unknown"
"5020559",370757,2026-04-25 15:09:33,28.8580665588379,-17.7667865753174,"Unknown"
"5020559",370757,2026-04-25 15:10:32,28.8581790924072,-17.7669982910156,"Unknown"
"5020559",370757,2026-04-25 15:11:32,28.8582782745361,-17.7672328948975,"Unknown"
"5020559",370757,2026-04-25 15:12:32,28.8583850860596,-17.7674961090088,"Unknown"
"5020559",370757,2026-04-25 15:13:32,28.858491897583,-17.7677516937256,"Unknown"
"5020559",370757,2026-04-25 15:14:32,28.8585834503174,-17.7680053710938,"Unknown"
"5020559",370757,2026-04-25 15:15:33,28.858699798584,-17.7682609558105,"Unknown"
"5020559",370757,2026-04-25 15:16:32,28.8588218688965,-17.7685050964355,"Unknown"
"5020559",370757,2026-04-25 15:17:33,28.8589267730713,-17.7687492370605,"Unknown"
"5020559",370757,2026-04-25 15:18:32,28.8590335845947,-17.7689819335938,"Unknown"
"5020559",370757,2026-04-25 15:19:32,28.8591651916504,-17.769250869751,"Unknown"
"5020559",370757,2026-04-25 15:20:33,28.8592891693115,-17.76953125,"Unknown"
"5020559",370757,2026-04-25 15:21:33,28.8593978881836,-17.76979637146,"Unknown"
"5020559",370757,2026-04-25 15:22:32,28.8595275878906,-17.7700347900391,"Unknown"
"5020559",370757,2026-04-25 15:23:32,28.8596439361572,-17.7703151702881,"Unknown"
"5020559",370757,2026-04-25 15:24:32,28.8597717285156,-17.7705688476562,"Unknown"
"5020559",370757,2026-04-25 15:25:33,28.8605499267578,-17.7744846343994,"Unknown"
"5020559",370757,2026-04-25 15:26:32,28.8607273101807,-17.7751312255859,"Unknown"
"5020559",370757,2026-04-25 15:27:33,28.8607883453369,-17.7753086090088,"Unknown"
"5020559",370757,2026-04-25 15:28:33,28.8608589172363,-17.7755107879639,"Unknown"
"5020559",370757,2026-04-25 15:29:33,28.8609294891357,-17.7756805419922,"Unknown"
"5020559",370757,2026-04-25 15:30:33,28.861011505127,-17.7758750915527,"Unknown"
"5020559",370757,2026-04-25 15:31:33,28.8610725402832,-17.7760486602783,"Unknown"
"5020559",370757,2026-04-25 15:32:33,28.8611526489258,-17.776252746582,"Unknown"
"5020559",370757,2026-04-25 15:33:33,28.8612194061279,-17.7764320373535,"Unknown"
"5020559",370757,2026-04-25 15:34:33,28.8612880706787,-17.7766036987305,"Unknown"
"5020559",370757,2026-04-25 15:35:33,28.8613376617432,-17.7767944335938,"Unknown"
"5020559",370757,2026-04-25 15:36:33,28.8614139556885,-17.7769584655762,"Unknown"
"5020559",370757,2026-04-25 15:37:33,28.8615055084229,-17.7771339416504,"Unknown"
"5020559",370757,2026-04-25 15:38:33,28.8615894317627,-17.7773208618164,"Unknown"
"5020559",370757,2026-04-25 15:39:32,28.8616561889648,-17.7774868011475,"Unknown"
"5020559",370757,2026-04-25 15:40:32,28.8617630004883,-17.7776508331299,"Unknown"
"5020559",370757,2026-04-25 15:41:33,28.8618812561035,-17.7778263092041,"Unknown"
"5020559",370757,2026-04-25 15:42:32,28.8621082305908,-17.779369354248,"Unknown"
"5020559",370757,2026-04-25 15:43:32,28.8622283935547,-17.7805862426758,"Unknown"
"5020559",370757,2026-04-25 15:48:33,28.8555240631104,-17.7862930297852,"Unknown"
"5020559",370757,2026-04-25 15:53:35,28.8558158874512,-17.7867164611816,"Unknown"
"5020559",370757,2026-04-25 15:54:33,28.855827331543,-17.7867603302002,"Unknown"
"5020559",370757,2026-04-25 15:55:33,28.8558025360107,-17.7867965698242,"Unknown"
"5020559",370757,2026-04-25 15:56:33,28.8557949066162,-17.7868423461914,"Unknown"
"5020559",370757,2026-04-25 15:57:33,28.8557891845703,-17.7868766784668,"Unknown"
"5020559",370757,2026-04-25 15:58:33,28.8557758331299,-17.786937713623,"Unknown"
"5020559",370757,2026-04-25 15:59:33,28.8557777404785,-17.7869815826416,"Unknown"
"5020559",370757,2026-04-25 16:00:33,28.8557624816895,-17.7870178222656,"Unknown"
"5020559",370757,2026-04-25 16:01:33,28.8557147979736,-17.7870464324951,"Unknown"
"5020559",370757,2026-04-25 16:02:33,28.8556938171387,-17.7870712280273,"Unknown"
"5020559",370757,2026-04-25 16:03:32,28.8561191558838,-17.7847957611084,"Unknown"
"5020559",370757,2026-04-25 16:04:33,28.8561134338379,-17.7848205566406,"Unknown"
"5020559",370757,2026-04-25 16:05:33,28.8561019897461,-17.7848606109619,"Unknown"
"5020559",370757,2026-04-25 16:06:32,28.8560733795166,-17.7849311828613,"Unknown"
"5020559",370757,2026-04-25 16:07:33,28.8560905456543,-17.7849731445312,"Unknown"
"5020559",370757,2026-04-25 16:08:33,28.856107711792,-17.7850246429443,"Unknown"
"5020559",370757,2026-04-25 16:09:33,28.8561305999756,-17.7851123809814,"Unknown"
"5020559",370757,2026-04-25 16:10:33,28.8561248779297,-17.785177230835,"Unknown"
"5020559",370757,2026-04-25 16:11:33,28.856107711792,-17.7852821350098,"Unknown"
"5020559",370757,2026-04-25 16:12:33,28.8560943603516,-17.7853660583496,"Unknown"
"5020559",370757,2026-04-25 16:13:32,28.856071472168,-17.785436630249,"Unknown"
"5020559",370757,2026-04-25 16:14:32,28.8560581207275,-17.7854309082031,"Unknown"
"5020559",370757,2026-04-25 16:15:32,28.8565406799316,-17.7856369018555,"Unknown"
"5020559",370757,2026-04-25 16:16:32,28.8565654754639,-17.78564453125,"Unknown"
"5020559",370757,2026-04-25 16:17:33,28.8565654754639,-17.7856636047363,"Unknown"
"5020559",370757,2026-04-25 16:18:32,28.8565769195557,-17.7857055664062,"Unknown"
"5020559",370757,2026-04-25 16:19:33,28.856575012207,-17.7857856750488,"Unknown"
"5020559",370757,2026-04-25 16:20:32,28.8565940856934,-17.7859115600586,"Unknown"
"5020559",370757,2026-04-25 16:21:32,28.856595993042,-17.786003112793,"Unknown"
"5020559",370757,2026-04-25 16:22:33,28.8565788269043,-17.7860927581787,"Unknown"
"5020559",370757,2026-04-25 16:23:32,28.8565788269043,-17.7861728668213,"Unknown"
"5020559",370757,2026-04-25 16:24:32,28.8566303253174,-17.7861804962158,"Unknown"
"5020559",370757,2026-04-25 16:25:33,28.8567123413086,-17.7861442565918,"Unknown"
"5020559",370757,2026-04-25 16:26:33,28.856746673584,-17.7861518859863,"Unknown"
"5020559",370757,2026-04-25 16:27:32,28.856761932373,-17.7862014770508,"Unknown"
"5020559",370757,2026-04-25 16:28:33,28.856861114502,-17.7861938476562,"Unknown"
"5020559",370757,2026-04-25 16:29:32,28.8569030761719,-17.786169052124,"Unknown"
"5020559",370757,2026-04-25 16:30:33,28.8569068908691,-17.7861804962158,"Unknown"
"5020559",370757,2026-04-25 16:31:32,28.8568878173828,-17.7861423492432,"Unknown"
"5020559",370757,2026-04-25 16:32:32,28.8568534851074,-17.786111831665,"Unknown"
"5020559",370757,2026-04-25 16:33:33,28.8568592071533,-17.7861042022705,"Unknown"
"5020559",370757,2026-04-25 16:34:33,28.8568325042725,-17.7860832214355,"Unknown"
"5020559",370757,2026-04-25 16:35:32,28.856803894043,-17.7860698699951,"Unknown"
"5020559",370757,2026-04-25 16:36:33,28.8568077087402,-17.7860565185547,"Unknown"
"5020559",370757,2026-04-25 16:37:32,28.8568077087402,-17.7860736846924,"Unknown"
"5020559",370757,2026-04-25 16:38:32,28.8568000793457,-17.7860355377197,"Unknown"
"5020559",370757,2026-04-25 16:39:32,28.8567981719971,-17.7860221862793,"Unknown"
"5020559",370757,2026-04-25 16:40:32,28.8567981719971,-17.7859840393066,"Unknown"
"5020559",370757,2026-04-25 16:41:32,28.8567962646484,-17.7859764099121,"Unknown"
"5020559",370757,2026-04-25 16:42:32,28.8567905426025,-17.7859725952148,"Unknown"
"5020559",370757,2026-04-25 16:43:33,28.8567695617676,-17.7859172821045,"Unknown"
"5020559",370757,2026-04-25 16:44:32,28.8567295074463,-17.7858734130859,"Unknown"
"5020559",370757,2026-04-25 16:45:32,28.8566989898682,-17.7858257293701,"Unknown"
"5020559",370757,2026-04-25 16:46:32,28.8566932678223,-17.7857971191406,"Unknown"
"5020559",370757,2026-04-25 16:47:34,28.8566417694092,-17.7857112884521,"Unknown"
"5020559",370757,2026-04-25 16:48:33,28.8566131591797,-17.7856502532959,"Unknown"
"5020559",370757,2026-04-25 16:49:33,28.8565788269043,-17.7855472564697,"Unknown"
"5020559",370757,2026-04-25 16:50:36,28.8565082550049,-17.7854290008545,"Unknown"
"5020559",370757,2026-04-25 16:51:33,28.8591232299805,-17.7828903198242,"Unknown"
"5020559",370757,2026-04-25 16:52:33,28.8604145050049,-17.7811164855957,"Unknown"
"5020559",370757,2026-04-25 16:53:34,28.8606548309326,-17.7800121307373,"Unknown"
"5020559",370757,2026-04-25 16:54:32,28.8596115112305,-17.7798404693604,"Unknown"
"5020559",370757,2026-04-25 16:55:33,28.859375,-17.779260635376,"Unknown"
"5020559",370757,2026-04-25 16:56:33,28.8595371246338,-17.7797908782959,"Unknown"
"5020559",370757,2026-04-25 16:57:34,28.8595504760742,-17.7797412872314,"Unknown"
"5020559",370757,2026-04-25 16:58:34,28.8596248626709,-17.7796669006348,"Unknown"
"5020559",370757,2026-04-25 16:59:33,28.8590450286865,-17.7797737121582,"Unknown"
"5020559",370757,2026-04-25 17:00:33,28.8590412139893,-17.7796802520752,"Unknown"
"5020559",370757,2026-04-25 17:01:33,28.8590393066406,-17.7796077728271,"Unknown"
"5020559",370757,2026-04-25 17:02:33,28.8603172302246,-17.7773208618164,"Unknown"
"5020559",370757,2026-04-25 17:03:33,28.8603649139404,-17.7772789001465,"Unknown"
"5020559",370757,2026-04-25 17:04:33,28.8604259490967,-17.7772674560547,"Unknown"
"5020559",370757,2026-04-25 17:05:33,28.860466003418,-17.7771797180176,"Unknown"
"5020559",370757,2026-04-25 17:06:33,28.8605213165283,-17.7771053314209,"Unknown"
"5020559",370757,2026-04-25 17:07:34,28.8605899810791,-17.7770042419434,"Unknown"
"5020559",370757,2026-04-25 17:08:32,28.8605995178223,-17.7769203186035,"Unknown"
"5020559",370757,2026-04-25 17:09:33,28.8605804443359,-17.7768211364746,"Unknown"
"5020559",370757,2026-04-25 17:10:35,28.8605976104736,-17.7767448425293,"Unknown"
"5020559",370757,2026-04-25 17:11:34,28.8606090545654,-17.776668548584,"Unknown"
"5020559",370757,2026-04-25 17:12:35,28.8606567382812,-17.7765922546387,"Unknown"
"5020559",370757,2026-04-25 17:13:34,28.8606796264648,-17.7765159606934,"Unknown"
"5020559",370757,2026-04-25 17:14:33,28.860710144043,-17.7764682769775,"Unknown"
"5020559",370757,2026-04-25 17:15:33,28.8607597351074,-17.7763786315918,"Unknown"
"5020559",370757,2026-04-25 17:16:35,28.8617935180664,-17.7741641998291,"Unknown"
"5020559",370757,2026-04-25 17:17:35,28.8637619018555,-17.771276473999,"Unknown"
"5020559",370757,2026-04-25 17:18:35,28.86376953125,-17.7713069915771,"Unknown"
"5020559",370757,2026-04-25 17:23:35,28.8639831542969,-17.7715263366699,"Unknown"
"5020559",370757,2026-04-25 17:28:35,28.8587913513184,-17.7661113739014,"Unknown"
"5020559",370757,2026-04-25 17:33:36,28.857213973999,-17.7653465270996,"Unknown"
"5020559",370757,2026-04-25 17:34:35,28.8549728393555,-17.7639484405518,"Unknown"
"5020559",370757,2026-04-25 17:36:03,28.8549747467041,-17.7641372680664,"Unknown"
"5020559",370757,2026-04-25 17:36:33,28.8549709320068,-17.7641448974609,"Unknown"
"5020559",370757,2026-04-25 17:37:34,28.8549652099609,-17.7642574310303,"Unknown"
"5020559",370757,2026-04-25 17:38:33,28.854944229126,-17.7643527984619,"Unknown"
"5020559",370757,2026-04-25 17:39:33,28.8549365997314,-17.7644138336182,"Unknown"
"5020559",370757,2026-04-25 17:40:33,28.8549480438232,-17.764518737793,"Unknown"
"5020559",370757,2026-04-25 17:41:33,28.8549385070801,-17.7645893096924,"Unknown"
"5020559",370757,2026-04-25 17:42:32,28.8544311523438,-17.7634334564209,"Unknown"
"5020559",370757,2026-04-25 17:43:33,28.8548946380615,-17.7586841583252,"Unknown"
"5020559",370757,2026-04-25 17:44:33,28.8560676574707,-17.7554817199707,"Unknown"
"5020559",370757,2026-04-25 17:45:33,28.8565654754639,-17.7563552856445,"Unknown"
"5020559",370757,2026-04-25 17:46:33,28.8580780029297,-17.753511428833,"Unknown"
"5020559",370757,2026-04-25 17:47:33,28.8580551147461,-17.7536525726318,"Unknown"
"5020559",370757,2026-04-25 17:48:33,28.8580303192139,-17.7537956237793,"Unknown"
"5020559",370757,2026-04-25 17:49:33,28.8580188751221,-17.7539234161377,"Unknown"
"5020559",370757,2026-04-25 17:50:32,28.8579845428467,-17.7540416717529,"Unknown"
"5020559",370757,2026-04-25 17:51:33,28.858024597168,-17.7541217803955,"Unknown"
"5020559",370757,2026-04-25 17:52:32,28.8544368743896,-17.7517242431641,"Unknown"
"5020559",370757,2026-04-25 17:53:33,28.8543071746826,-17.7512016296387,"Unknown"
"5020559",370757,2026-04-25 17:54:33,28.851390838623,-17.7507667541504,"Unknown"
"5020559",370757,2026-04-25 17:55:32,28.8496704101562,-17.7493019104004,"Unknown"
"5020559",370757,2026-04-25 17:56:32,28.8461875915527,-17.7484912872314,"Unknown"
"5020559",370757,2026-04-25 17:57:32,28.847484588623,-17.7468013763428,"Unknown"
"5020559",370757,2026-04-25 17:58:32,28.8495273590088,-17.7459278106689,"Unknown"
"5020559",370757,2026-04-25 17:59:33,28.8506603240967,-17.7455215454102,"Unknown"
"5020559",370757,2026-04-25 18:00:33,28.8505954742432,-17.7457447052002,"Unknown"
"5020559",370757,2026-04-25 18:01:33,28.850549697876,-17.7459754943848,"Unknown"
"5020559",370757,2026-04-25 18:02:33,28.850492477417,-17.7461776733398,"Unknown"
"5020559",370757,2026-04-25 18:03:33,28.8504295349121,-17.7463645935059,"Unknown"
"5020559",370757,2026-04-25 18:04:34,28.8503646850586,-17.7465953826904,"Unknown"
"5020559",370757,2026-04-25 18:05:33,28.850305557251,-17.7468242645264,"Unknown"
"5020559",370757,2026-04-25 18:06:33,28.8502597808838,-17.7470455169678,"Unknown"
"5020559",370757,2026-04-25 18:07:33,28.8502025604248,-17.7472743988037,"Unknown"
"5020559",370757,2026-04-25 18:08:33,28.8501205444336,-17.7474708557129,"Unknown"
"5020559",370757,2026-04-25 18:09:33,28.8500957489014,-17.7477073669434,"Unknown"
"5020559",370757,2026-04-25 18:10:34,28.8500328063965,-17.747917175293,"Unknown"
"5020559",370757,2026-04-25 18:11:33,28.8499870300293,-17.7481422424316,"Unknown"
"5020559",370757,2026-04-25 18:12:33,28.8499355316162,-17.7482604980469,"Unknown"
"5020559",370757,2026-04-25 18:13:33,28.8482971191406,-17.7474517822266,"Unknown"
"5020559",370757,2026-04-25 18:14:33,28.8396320343018,-17.7470741271973,"Unknown"
"5020559",370757,2026-04-25 18:15:33,28.8395175933838,-17.7475395202637,"Unknown"
"5020559",370757,2026-04-25 18:16:34,28.8394508361816,-17.7477207183838,"Unknown"
"5020559",370757,2026-04-25 18:17:35,28.8393974304199,-17.7479190826416,"Unknown"
"5020559",370757,2026-04-25 18:18:33,28.8391971588135,-17.7456970214844,"Unknown"
"5020559",370757,2026-04-25 18:20:03,28.8392639160156,-17.7457370758057,"Unknown"
"5020559",370757,2026-04-25 18:20:32,28.8361625671387,-17.7472476959229,"Unknown"
"5020559",370757,2026-04-25 18:21:32,28.8323745727539,-17.7419319152832,"Unknown"
"5020559",370757,2026-04-25 18:22:32,28.8322143554688,-17.7404499053955,"Unknown"
"5020559",370757,2026-04-25 18:23:32,28.8343505859375,-17.7397556304932,"Unknown"
"5020559",370757,2026-04-25 18:24:33,28.8375587463379,-17.7404556274414,"Unknown"
"5020559",370757,2026-04-25 18:25:34,28.8373699188232,-17.7405815124512,"Unknown"
"5020559",370757,2026-04-25 18:26:34,28.8372116088867,-17.7407646179199,"Unknown"
"5020559",370757,2026-04-25 18:27:33,28.8370056152344,-17.7409057617188,"Unknown"
"5020559",370757,2026-04-25 18:28:33,28.8355350494385,-17.7393684387207,"Unknown"
"5020559",370757,2026-04-25 18:29:33,28.8354568481445,-17.7394466400146,"Unknown"
"5020559",370757,2026-04-25 18:30:32,28.8353137969971,-17.739538192749,"Unknown"
"5020559",370757,2026-04-25 18:31:32,28.8351955413818,-17.7395648956299,"Unknown"
"5020559",370757,2026-04-25 18:32:33,28.8350448608398,-17.7396125793457,"Unknown"
"5020559",370757,2026-04-25 18:33:32,28.8348922729492,-17.7396697998047,"Unknown"
"5020559",370757,2026-04-25 18:34:33,28.8347988128662,-17.739725112915,"Unknown"
"5020559",370757,2026-04-25 18:35:34,28.8347072601318,-17.7397613525391,"Unknown"
"5020559",370757,2026-04-25 18:36:44,28.8345680236816,-17.7397384643555,"Unknown"
"5020559",370757,2026-04-25 18:37:33,28.8344211578369,-17.7398853302002,"Unknown"
"5020559",370757,2026-04-25 18:38:33,28.8343200683594,-17.7398986816406,"Unknown"
"5020559",370757,2026-04-25 18:39:33,28.83420753479,-17.7399482727051,"Unknown"
"5020559",370757,2026-04-25 18:40:32,28.8340930938721,-17.7400283813477,"Unknown"
"5020559",370757,2026-04-25 18:41:33,28.8339328765869,-17.7401008605957,"Unknown"
"5020559",370757,2026-04-25 18:42:33,28.8337726593018,-17.7401714324951,"Unknown"
"5020559",370757,2026-04-25 18:43:32,28.8306522369385,-17.7391090393066,"Unknown"
"5020559",370757,2026-04-25 18:44:32,28.8252487182617,-17.7380847930908,"Unknown"
"5020559",370757,2026-04-25 18:45:33,28.8187828063965,-17.7391834259033,"Unknown"
"5020559",370757,2026-04-25 18:46:34,28.8153610229492,-17.7415351867676,"Unknown"
"5020559",370757,2026-04-25 18:47:33,28.8163146972656,-17.742712020874,"Unknown"
"5020559",370757,2026-04-25 18:48:33,28.816198348999,-17.74755859375,"Unknown"
"5020559",370757,2026-04-25 18:49:33,28.8179130554199,-17.7513236999512,"Unknown"
"5020559",370757,2026-04-25 18:50:33,28.8207397460938,-17.7514247894287,"Unknown"
"5020559",370757,2026-04-25 18:51:33,28.8207111358643,-17.7514839172363,"Unknown"
"5020559",370757,2026-04-25 18:52:32,28.820405960083,-17.7518100738525,"Unknown"
"5020559",370757,2026-04-25 18:53:33,28.8218154907227,-17.7518634796143,"Unknown"
"5020559",370757,2026-04-25 18:54:34,28.8217334747314,-17.7519245147705,"Unknown"
"5020559",370757,2026-04-25 18:55:33,28.8216495513916,-17.7519798278809,"Unknown"
"5020559",370757,2026-04-25 18:56:33,28.8215599060059,-17.7520503997803,"Unknown"
"5020559",370757,2026-04-25 18:57:33,28.8214836120605,-17.7521266937256,"Unknown"
"5020559",370757,2026-04-25 18:58:33,28.8213939666748,-17.7521896362305,"Unknown"
"5020559",370757,2026-04-25 18:59:32,28.8212985992432,-17.7522792816162,"Unknown"
"5020559",370757,2026-04-25 19:00:33,28.8212223052979,-17.7523441314697,"Unknown"
"5020559",370757,2026-04-25 19:01:33,28.8211421966553,-17.7523612976074,"Unknown"
"5020559",370757,2026-04-25 19:02:32,28.8210315704346,-17.7524394989014,"Unknown"
"5020559",370757,2026-04-25 19:03:33,28.8209571838379,-17.7524871826172,"Unknown"
"5020559",370757,2026-04-25 19:04:32,28.8208808898926,-17.7525596618652,"Unknown"
"5020559",370757,2026-04-25 19:05:33,28.8208122253418,-17.75266456604,"Unknown"
"5020559",370757,2026-04-25 19:06:32,28.8207817077637,-17.7526912689209,"Unknown"
"5020559",370757,2026-04-25 19:07:33,28.8207092285156,-17.7527465820312,"Unknown"
"5020559",370757,2026-04-25 19:08:32,28.8206329345703,-17.7527256011963,"Unknown"
"5020559",370757,2026-04-25 19:09:33,28.8205451965332,-17.7527313232422,"Unknown"
"5020559",370757,2026-04-25 19:10:33,28.8206653594971,-17.7525482177734,"Unknown"
"5020559",370757,2026-04-25 19:11:32,28.8171062469482,-17.7502956390381,"Unknown"
"5020559",370757,2026-04-25 19:12:33,28.8173637390137,-17.7561130523682,"Unknown"
"5020559",370757,2026-04-25 19:13:33,28.8183345794678,-17.7604808807373,"Unknown"
"5020559",370757,2026-04-25 19:14:33,28.8216991424561,-17.7590713500977,"Unknown"
"5020559",370757,2026-04-25 19:15:32,28.825611114502,-17.7605056762695,"Unknown"
"5020559",370757,2026-04-25 19:16:33,28.8266277313232,-17.7614231109619,"Unknown"
"5020559",370757,2026-04-25 19:17:33,28.8265438079834,-17.7613945007324,"Unknown"
"5020559",370757,2026-04-25 19:18:33,28.8264656066895,-17.7614250183105,"Unknown"
"5020559",370757,2026-04-25 19:19:33,28.8264026641846,-17.7614898681641,"Unknown"
"5020559",370757,2026-04-25 19:20:32,28.8263931274414,-17.7614917755127,"Unknown"
"5020559",370757,2026-04-25 19:21:33,28.8263626098633,-17.7614517211914,"Unknown"
"5020559",370757,2026-04-25 19:22:32,28.8263263702393,-17.7614612579346,"Unknown"
"5020559",370757,2026-04-25 19:23:33,28.8262786865234,-17.7614803314209,"Unknown"
"5020559",370757,2026-04-25 19:24:32,28.826229095459,-17.7614479064941,"Unknown"
"5020559",370757,2026-04-25 19:25:32,28.8261756896973,-17.761438369751,"Unknown"
"5020559",370757,2026-04-25 19:26:32,28.826135635376,-17.7614498138428,"Unknown"
"5020559",370757,2026-04-25 19:27:33,28.8260440826416,-17.7614974975586,"Unknown"
"5020559",370757,2026-04-25 19:28:33,28.8259658813477,-17.7615051269531,"Unknown"
"5020559",370757,2026-04-25 19:29:32,28.8259029388428,-17.7615509033203,"Unknown"
"5020559",370757,2026-04-25 19:30:32,28.8258419036865,-17.7615356445312,"Unknown"
"5020559",370757,2026-04-25 19:31:33,28.8257846832275,-17.7615756988525,"Unknown"
"5020559",370757,2026-04-25 19:32:32,28.8257102966309,-17.7615375518799,"Unknown"
"5020559",370757,2026-04-25 19:33:32,28.8256340026855,-17.7615375518799,"Unknown"
"5020559",370757,2026-04-25 19:34:32,28.8255996704102,-17.7615127563477,"Unknown"
"5020559",370757,2026-04-25 19:35:32,28.8255634307861,-17.7614765167236,"Unknown"
"5020559",370757,2026-04-25 19:36:33,28.8255195617676,-17.7614231109619,"Unknown"
"5020559",370757,2026-04-25 19:37:32,28.8254776000977,-17.7613735198975,"Unknown"
"5020559",370757,2026-04-25 19:38:32,28.8254241943359,-17.7613849639893,"Unknown"
"5020559",370757,2026-04-25 19:39:32,28.8253860473633,-17.7613868713379,"Unknown"
"5020559",370757,2026-04-25 19:40:32,28.8253612518311,-17.7614154815674,"Unknown"
"5020559",370757,2026-04-25 19:41:32,28.8253383636475,-17.761417388916,"Unknown"
"5020559",370757,2026-04-25 19:42:32,28.8253059387207,-17.7614002227783,"Unknown"
"5020559",370757,2026-04-25 19:43:32,28.825267791748,-17.7613887786865,"Unknown"
"5020559",370757,2026-04-25 19:44:32,28.8252029418945,-17.7613391876221,"Unknown"
"5020559",370757,2026-04-25 19:45:32,28.8251934051514,-17.761360168457,"Unknown"
"5020559",370757,2026-04-25 19:46:32,28.8250694274902,-17.7613544464111,"Unknown"
"5020559",370757,2026-04-25 19:47:32,28.8250503540039,-17.7613334655762,"Unknown"
"5020559",370757,2026-04-25 19:48:35,28.8250007629395,-17.7613124847412,"Unknown"
"5020559",370757,2026-04-25 19:49:35,28.8249378204346,-17.7612724304199,"Unknown"
"5020559",370757,2026-04-25 19:50:34,28.8248310089111,-17.7612457275391,"Unknown"
"5020559",370757,2026-04-25 19:51:32,28.8247966766357,-17.7612457275391,"Unknown"
"5020559",370757,2026-04-25 19:52:35,28.8247356414795,-17.7612037658691,"Unknown"
"5020559",370757,2026-04-25 19:53:35,28.824649810791,-17.7611999511719,"Unknown"
"5020559",370757,2026-04-25 19:54:32,28.8246383666992,-17.761173248291,"Unknown"
"5020559",370757,2026-04-25 19:55:32,28.8245906829834,-17.7611789703369,"Unknown"
"5020559",370757,2026-04-25 19:56:32,28.8245601654053,-17.7612075805664,"Unknown"
"5020559",370757,2026-04-25 19:57:34,28.8245105743408,-17.7612190246582,"Unknown"
"5020559",370757,2026-04-25 19:58:32,28.8244476318359,-17.7612285614014,"Unknown"
"5020559",370757,2026-04-25 19:59:32,28.8244228363037,-17.7612190246582,"Unknown"
"5020559",370757,2026-04-25 20:01:03,28.8244037628174,-17.7611656188965,"Unknown"
"5020559",370757,2026-04-25 20:01:32,28.8243389129639,-17.7612018585205,"Unknown"
"5020559",370757,2026-04-25 20:02:32,28.8242683410645,-17.7611694335938,"Unknown"
"5020559",370757,2026-04-25 20:03:32,28.8242301940918,-17.7611255645752,"Unknown"
"5020559",370757,2026-04-25 20:04:32,28.824182510376,-17.7611083984375,"Unknown"
"5020559",370757,2026-04-25 20:05:32,28.8241691589355,-17.7610702514648,"Unknown"
"5020559",370757,2026-04-25 20:06:32,28.8241329193115,-17.7610626220703,"Unknown"
"5020559",370757,2026-04-25 20:07:32,28.8241176605225,-17.7610759735107,"Unknown"
"5020559",370757,2026-04-25 20:08:32,28.8240833282471,-17.7610130310059,"Unknown"
"5020559",370757,2026-04-25 20:09:32,28.8240489959717,-17.7609729766846,"Unknown"
"5020559",370757,2026-04-25 20:10:32,28.825267791748,-17.7615051269531,"Unknown"
"5020559",370757,2026-04-25 20:11:32,28.8284015655518,-17.7645206451416,"Unknown"
"5020559",370757,2026-04-25 20:12:32,28.8295783996582,-17.7661170959473,"Unknown"
"5020559",370757,2026-04-25 20:13:33,28.8295478820801,-17.7661743164062,"Unknown"
"5020559",370757,2026-04-25 20:14:32,28.8295001983643,-17.7662525177002,"Unknown"
"5020559",370757,2026-04-25 20:15:32,28.8294200897217,-17.7662887573242,"Unknown"
"5020559",370757,2026-04-25 20:16:32,28.82936668396,-17.7663421630859,"Unknown"
"5020559",370757,2026-04-25 20:17:32,28.8293209075928,-17.7663669586182,"Unknown"
"5020559",370757,2026-04-25 20:18:32,28.8292770385742,-17.766414642334,"Unknown"
"5020559",370757,2026-04-25 20:19:32,28.8292694091797,-17.7664604187012,"Unknown"
"5020559",370757,2026-04-25 20:20:33,28.8292102813721,-17.766508102417,"Unknown"
"5020559",370757,2026-04-25 20:21:32,28.8291873931885,-17.7665843963623,"Unknown"
"5020559",370757,2026-04-25 20:22:32,28.8291664123535,-17.7666320800781,"Unknown"
"5020559",370757,2026-04-25 20:23:32,28.8291702270508,-17.7667140960693,"Unknown"
"5020559",370757,2026-04-25 20:24:32,28.8291492462158,-17.7667770385742,"Unknown"
"5020559",370757,2026-04-25 20:25:32,28.8291625976562,-17.7668628692627,"Unknown"
"5020559",370757,2026-04-25 20:26:32,28.8291435241699,-17.7669086456299,"Unknown"
"5020559",370757,2026-04-25 20:27:32,28.8291416168213,-17.7669200897217,"Unknown"
"5020559",370757,2026-04-25 20:28:32,28.8291149139404,-17.7669353485107,"Unknown"
"5020559",370757,2026-04-25 20:29:33,28.8291110992432,-17.7669086456299,"Unknown"
"5020559",370757,2026-04-25 20:30:33,28.8290786743164,-17.7669124603271,"Unknown"
"5020559",370757,2026-04-25 20:31:32,28.8290672302246,-17.7669086456299,"Unknown"
"5020559",370757,2026-04-25 20:32:32,28.8290252685547,-17.7669429779053,"Unknown"
"5020559",370757,2026-04-25 20:33:32,28.8289928436279,-17.7670288085938,"Unknown"
"5020559",370757,2026-04-25 20:34:32,28.8289737701416,-17.7670879364014,"Unknown"
"5020559",370757,2026-04-25 20:35:32,28.8289413452148,-17.7671279907227,"Unknown"
"5020559",370757,2026-04-25 20:36:32,28.8289585113525,-17.7671432495117,"Unknown"
"5020559",370757,2026-04-25 20:37:32,28.8289585113525,-17.7671871185303,"Unknown"
"5020559",370757,2026-04-25 20:38:32,28.8289432525635,-17.7672348022461,"Unknown"
"5020559",370757,2026-04-25 20:39:32,28.8289413452148,-17.7672843933105,"Unknown"
"5020559",370757,2026-04-25 20:40:32,28.8289356231689,-17.7673244476318,"Unknown"
"5020559",370757,2026-04-25 20:41:32,28.8289031982422,-17.767333984375,"Unknown"
"5020559",370757,2026-04-25 20:42:32,28.8289184570312,-17.7674217224121,"Unknown"
"5020559",370757,2026-04-25 20:43:32,28.8289031982422,-17.7674884796143,"Unknown"
"5020559",370757,2026-04-25 20:44:33,28.8289031982422,-17.7675361633301,"Unknown"
"5020559",370757,2026-04-25 20:45:32,28.8288955688477,-17.7676010131836,"Unknown"
"5020559",370757,2026-04-25 20:46:32,28.8289051055908,-17.7676544189453,"Unknown"
"5020559",370757,2026-04-25 20:47:32,28.8289222717285,-17.7676982879639,"Unknown"
"5020559",370757,2026-04-25 20:48:32,28.8289089202881,-17.767765045166,"Unknown"
"5020559",370757,2026-04-25 20:49:32,28.8289203643799,-17.7678451538086,"Unknown"
"5020559",370757,2026-04-25 20:50:32,28.8289127349854,-17.7679328918457,"Unknown"
"5020559",370757,2026-04-25 20:51:32,28.8289108276367,-17.7679862976074,"Unknown"
"5020559",370757,2026-04-25 20:52:32,28.8289108276367,-17.7680034637451,"Unknown"
"5020559",370757,2026-04-25 20:53:32,28.8288993835449,-17.7680854797363,"Unknown"
"5020559",370757,2026-04-25 20:54:32,28.8288707733154,-17.7681217193604,"Unknown"
"5020559",370757,2026-04-25 20:55:32,28.8288822174072,-17.768180847168,"Unknown"
"5020559",370757,2026-04-25 20:56:32,28.8289165496826,-17.7682037353516,"Unknown"
"5020559",370757,2026-04-25 20:57:32,28.8289394378662,-17.7682323455811,"Unknown"
"5020559",370757,2026-04-25 20:58:33,28.8289566040039,-17.7682399749756,"Unknown"
"5020559",370757,2026-04-25 20:59:32,28.8289928436279,-17.7682704925537,"Unknown"
"5020559",370757,2026-04-25 21:00:32,28.8289890289307,-17.7683658599854,"Unknown"
"5020559",370757,2026-04-25 21:01:32,28.8291397094727,-17.7686233520508,"Unknown"
"5020559",370757,2026-04-25 21:02:33,28.8294658660889,-17.7687721252441,"Unknown"
"5020559",370757,2026-04-25 21:03:32,28.8294467926025,-17.7687797546387,"Unknown"
"5020559",370757,2026-04-25 21:04:32,28.8294658660889,-17.7687759399414,"Unknown"
"5020559",370757,2026-04-25 21:05:32,28.8294982910156,-17.7688007354736,"Unknown"
"5020559",370757,2026-04-25 21:06:32,28.8295078277588,-17.76877784729,"Unknown"
"5020559",370757,2026-04-25 21:07:32,28.8295059204102,-17.7687835693359,"Unknown"
"5020559",370757,2026-04-25 21:08:32,28.8295230865479,-17.7687892913818,"Unknown"
"5020559",370757,2026-04-25 21:09:32,28.8295307159424,-17.7688045501709,"Unknown"
"5020559",370757,2026-04-25 21:10:32,28.8295459747314,-17.7687854766846,"Unknown"
"5020559",370757,2026-04-25 21:11:32,28.8295478820801,-17.7687931060791,"Unknown"
"5020559",370757,2026-04-25 21:12:32,28.829553604126,-17.7687721252441,"Unknown"
"5020559",370757,2026-04-25 21:13:32,28.8295459747314,-17.7687091827393,"Unknown"
"5020559",370757,2026-04-25 21:14:32,28.8295402526855,-17.7687015533447,"Unknown"
"5020559",370757,2026-04-25 21:15:32,28.8295478820801,-17.7686729431152,"Unknown"
"5020559",370757,2026-04-25 21:16:33,28.8295860290527,-17.7686214447021,"Unknown"
"5020559",370757,2026-04-25 21:17:32,28.8295936584473,-17.7686004638672,"Unknown"
"5020559",370757,2026-04-25 21:18:32,28.8296279907227,-17.7685852050781,"Unknown"
"5020559",370757,2026-04-25 21:19:32,28.8296337127686,-17.7685890197754,"Unknown"
"5020559",370757,2026-04-25 21:20:32,28.8296375274658,-17.7685604095459,"Unknown"
"5020559",370757,2026-04-25 21:21:32,28.8296585083008,-17.7685508728027,"Unknown"
"5020559",370757,2026-04-25 21:22:32,28.8296604156494,-17.7685718536377,"Unknown"
"5020559",370757,2026-04-25 21:23:33,28.8296718597412,-17.7685508728027,"Unknown"
"5020559",370757,2026-04-25 21:24:32,28.8296852111816,-17.7685604095459,"Unknown"
"5020559",370757,2026-04-25 21:25:32,28.8297100067139,-17.7684726715088,"Unknown"
"5020559",370757,2026-04-25 21:26:32,28.8297328948975,-17.7684688568115,"Unknown"
"5020559",370757,2026-04-25 21:27:32,28.8297500610352,-17.7684326171875,"Unknown"
"5020559",370757,2026-04-25 21:28:32,28.8297958374023,-17.7684001922607,"Unknown"
"5020559",370757,2026-04-25 21:29:32,28.8298320770264,-17.7683792114258,"Unknown"
"5020559",370757,2026-04-25 21:30:32,28.8298873901367,-17.7683525085449,"Unknown"
"5020559",370757,2026-04-25 21:31:32,28.8299236297607,-17.7683219909668,"Unknown"
"5020559",370757,2026-04-25 21:32:32,28.8299732208252,-17.7682876586914,"Unknown"
"5020559",370757,2026-04-25 21:33:32,28.8299980163574,-17.7682247161865,"Unknown"
"5020559",370757,2026-04-25 21:34:33,28.8300228118896,-17.7681903839111,"Unknown"
"5020559",370757,2026-04-25 21:35:32,28.8300323486328,-17.7681827545166,"Unknown"
"5020559",370757,2026-04-25 21:36:32,28.8301067352295,-17.7681484222412,"Unknown"
"5020559",370757,2026-04-25 21:37:32,28.8301582336426,-17.7680797576904,"Unknown"
"5020559",370757,2026-04-25 21:38:32,28.8301734924316,-17.7680358886719,"Unknown"
"5020559",370757,2026-04-25 21:39:32,28.830207824707,-17.7679634094238,"Unknown"
"5020559",370757,2026-04-25 21:40:32,28.8302402496338,-17.7678985595703,"Unknown"
"5020559",370757,2026-04-25 21:41:33,28.8302669525146,-17.7678184509277,"Unknown"
"5020559",370757,2026-04-25 21:42:32,28.8303184509277,-17.767728805542,"Unknown"
"5020559",370757,2026-04-25 21:43:33,28.8303318023682,-17.7676620483398,"Unknown"
"5020559",370757,2026-04-25 21:44:33,28.8303394317627,-17.767578125,"Unknown"
"5020559",370757,2026-04-25 21:45:33,28.830394744873,-17.767505645752,"Unknown"
"5020559",370757,2026-04-25 21:46:33,28.8304176330566,-17.7674579620361,"Unknown"
"5020559",370757,2026-04-25 21:47:32,28.8304443359375,-17.7673873901367,"Unknown"
"5020559",370757,2026-04-25 21:48:32,28.8304691314697,-17.7672595977783,"Unknown"
"5020559",370757,2026-04-25 21:49:32,28.8304576873779,-17.7671871185303,"Unknown"
"5020559",370757,2026-04-25 21:50:32,28.8304214477539,-17.7670936584473,"Unknown"
"5020559",370757,2026-04-25 21:51:32,28.8304119110107,-17.7669696807861,"Unknown"
"5020559",370757,2026-04-25 21:52:33,28.8304214477539,-17.7668991088867,"Unknown"
"5020559",370757,2026-04-25 21:53:32,28.8304252624512,-17.7667999267578,"Unknown"
"5020559",370757,2026-04-25 21:54:32,28.8304309844971,-17.7667102813721,"Unknown"
"5020559",370757,2026-04-25 21:55:33,28.8304138183594,-17.7665576934814,"Unknown"
"5020559",370757,2026-04-25 21:56:33,28.8304100036621,-17.7664413452148,"Unknown"
"5020559",370757,2026-04-25 21:57:32,28.8303890228271,-17.7663383483887,"Unknown"
"5020559",370757,2026-04-25 21:58:32,28.830379486084,-17.7662487030029,"Unknown"
"5020559",370757,2026-04-25 21:59:32,28.8303565979004,-17.7661552429199,"Unknown"
"5020559",370757,2026-04-25 22:00:33,28.8303489685059,-17.7660636901855,"Unknown"
"5020559",370757,2026-04-25 22:01:32,28.830322265625,-17.7659969329834,"Unknown"
"5020559",370757,2026-04-25 22:02:33,28.8303146362305,-17.7659492492676,"Unknown"
"5020559",370757,2026-04-25 22:03:32,28.8302879333496,-17.7658824920654,"Unknown"
"5020559",370757,2026-04-25 22:04:32,28.8302669525146,-17.7657985687256,"Unknown"
"5020559",370757,2026-04-25 22:05:33,28.8302841186523,-17.7657127380371,"Unknown"
"5020559",370757,2026-04-25 22:06:33,28.8302879333496,-17.765604019165,"Unknown"
"5020559",370757,2026-04-25 22:07:32,28.8302593231201,-17.7655353546143,"Unknown"
"5020559",370757,2026-04-25 22:08:32,28.8302459716797,-17.7654609680176,"Unknown"
"5020559",370757,2026-04-25 22:09:33,28.8302364349365,-17.7653923034668,"Unknown"
"5020559",370757,2026-04-25 22:10:32,28.8302154541016,-17.7653217315674,"Unknown"
"5020559",370757,2026-04-25 22:11:33,28.8302097320557,-17.765172958374,"Unknown"
"5020559",370757,2026-04-25 22:12:33,28.8301887512207,-17.7650680541992,"Unknown"
"5020559",370757,2026-04-25 22:13:33,28.8301811218262,-17.764986038208,"Unknown"
"5020559",370757,2026-04-25 22:14:33,28.8301582336426,-17.7649326324463,"Unknown"
"5020559",370757,2026-04-25 22:15:33,28.8301048278809,-17.7648830413818,"Unknown"
"5020559",370757,2026-04-25 22:16:33,28.8300876617432,-17.7647724151611,"Unknown"
"5020559",370757,2026-04-25 22:17:33,28.8300514221191,-17.7647132873535,"Unknown"
"5020559",370757,2026-04-25 22:18:33,28.8300266265869,-17.7646560668945,"Unknown"
"5020559",370757,2026-04-25 22:19:33,28.8300189971924,-17.764591217041,"Unknown"
"5020559",370757,2026-04-25 22:20:33,28.8299980163574,-17.7645111083984,"Unknown"
"5020559",370757,2026-04-25 22:21:34,28.8299884796143,-17.7644462585449,"Unknown"
"5020559",370757,2026-04-25 22:22:32,28.8299617767334,-17.7643775939941,"Unknown"
"5020559",370757,2026-04-25 22:23:34,28.8299217224121,-17.7643375396729,"Unknown"
"5020559",370757,2026-04-25 22:24:33,28.829927444458,-17.7642726898193,"Unknown"
"5020559",370757,2026-04-25 22:25:33,28.8298931121826,-17.7642383575439,"Unknown"
"5020559",370757,2026-04-25 22:26:32,28.8298606872559,-17.764196395874,"Unknown"
"5020559",370757,2026-04-25 22:27:33,28.8298320770264,-17.7641277313232,"Unknown"
"5020559",370757,2026-04-25 22:28:33,28.8298358917236,-17.7640838623047,"Unknown"
"5020559",370757,2026-04-25 22:29:33,28.8298168182373,-17.7640438079834,"Unknown"
"5020559",370757,2026-04-25 22:30:33,28.8298053741455,-17.7640342712402,"Unknown"
"5020559",370757,2026-04-25 22:31:32,28.8297843933105,-17.7639751434326,"Unknown"
"5020559",370757,2026-04-25 22:32:32,28.8297843933105,-17.7639484405518,"Unknown"
"5020559",370757,2026-04-25 22:33:32,28.8297386169434,-17.7638893127441,"Unknown"
"5020559",370757,2026-04-25 22:34:32,28.8297100067139,-17.763822555542,"Unknown"
"5020559",370757,2026-04-25 22:35:33,28.829662322998,-17.763744354248,"Unknown"
"5020559",370757,2026-04-25 22:36:33,28.8296222686768,-17.7636890411377,"Unknown"
"5020559",370757,2026-04-25 22:37:33,28.8295822143555,-17.7636280059814,"Unknown"
"5020559",370757,2026-04-25 22:38:32,28.8295269012451,-17.7635746002197,"Unknown"
"5020559",370757,2026-04-25 22:39:34,28.8295001983643,-17.7635040283203,"Unknown"
"5020559",370757,2026-04-25 22:40:33,28.8294887542725,-17.7634563446045,"Unknown"
"5020559",370757,2026-04-25 22:41:33,28.8294715881348,-17.763370513916,"Unknown"
"5020559",370757,2026-04-25 22:42:33,28.8294506072998,-17.763277053833,"Unknown"
"5020559",370757,2026-04-25 22:43:34,28.8294410705566,-17.7631454467773,"Unknown"
"5020559",370757,2026-04-25 22:44:33,28.8293991088867,-17.7631416320801,"Unknown"
"5020559",370757,2026-04-25 22:45:35,28.8293743133545,-17.7630558013916,"Unknown"
"5020559",370757,2026-04-25 22:46:35,28.8293132781982,-17.7630062103271,"Unknown"
"5020559",370757,2026-04-25 22:47:33,28.8293285369873,-17.7629566192627,"Unknown"
"5020559",370757,2026-04-25 22:48:32,28.8292980194092,-17.7629432678223,"Unknown"
"5020559",370757,2026-04-25 22:49:33,28.8293056488037,-17.7628765106201,"Unknown"
"5020559",370757,2026-04-25 22:50:34,28.8292961120605,-17.7628517150879,"Unknown"
"5020559",370757,2026-04-25 22:51:33,28.8292961120605,-17.7628154754639,"Unknown"
"5020559",370757,2026-04-25 22:52:33,28.8292655944824,-17.7627506256104,"Unknown"
"5020559",370757,2026-04-25 22:53:33,28.8292980194092,-17.7626533508301,"Unknown"
"5020559",370757,2026-04-25 22:54:33,28.8293018341064,-17.7626113891602,"Unknown"
"5020559",370757,2026-04-25 22:55:33,28.8292942047119,-17.7625598907471,"Unknown"
"5020559",370757,2026-04-25 22:56:33,28.829288482666,-17.7624855041504,"Unknown"
"5020559",370757,2026-04-25 22:57:33,28.8293056488037,-17.7624206542969,"Unknown"
"5020559",370757,2026-04-25 22:58:33,28.8293056488037,-17.7623462677002,"Unknown"
"5020559",370757,2026-04-25 22:59:33,28.8292865753174,-17.7622833251953,"Unknown"
"5020559",370757,2026-04-25 23:00:33,28.8292789459229,-17.7622451782227,"Unknown"
"5020559",370757,2026-04-25 23:01:34,28.8292999267578,-17.7622146606445,"Unknown"
"5020559",370757,2026-04-25 23:02:33,28.8292846679688,-17.7621669769287,"Unknown"
"5020559",370757,2026-04-25 23:03:36,28.8292541503906,-17.7621154785156,"Unknown"
"5020559",370757,2026-04-25 23:04:33,28.829252243042,-17.7620944976807,"Unknown"
"5020559",370757,2026-04-25 23:05:34,28.8292675018311,-17.7620449066162,"Unknown"
"5020559",370757,2026-04-25 23:06:35,28.8292369842529,-17.7620487213135,"Unknown"
"5020559",370757,2026-04-25 23:07:33,28.8292465209961,-17.7619514465332,"Unknown"
"5020559",370757,2026-04-25 23:08:35,28.8292293548584,-17.7619667053223,"Unknown"
"5020559",370757,2026-04-25 23:09:36,28.8292026519775,-17.7619934082031,"Unknown"
"5020559",370757,2026-04-25 23:10:36,28.8292217254639,-17.761926651001,"Unknown"
"5020559",370757,2026-04-25 23:11:35,28.8292217254639,-17.7618999481201,"Unknown"
"5020559",370757,2026-04-25 23:12:35,28.8292560577393,-17.7618389129639,"Unknown"
"5020559",370757,2026-04-25 23:13:35,28.8291625976562,-17.7618446350098,"Unknown"
"5020559",370757,2026-04-25 23:14:34,28.8291549682617,-17.7618274688721,"Unknown"
"5020559",370757,2026-04-25 23:15:35,28.829174041748,-17.7617053985596,"Unknown"
"5020559",370757,2026-04-25 23:16:36,28.8291835784912,-17.7616729736328,"Unknown"
"5020559",370757,2026-04-25 23:17:35,28.8291969299316,-17.7616729736328,"Unknown"
"5020559",370757,2026-04-25 23:18:36,28.8292331695557,-17.761604309082,"Unknown"
"5020559",370757,2026-04-25 23:19:34,28.8291778564453,-17.7616062164307,"Unknown"
"5020559",370757,2026-04-25 23:20:34,28.8291702270508,-17.761531829834,"Unknown"
"5020559",370757,2026-04-25 23:21:35,28.8291835784912,-17.7614898681641,"Unknown"
"5020559",370757,2026-04-25 23:22:35,28.8291702270508,-17.7614402770996,"Unknown"
"5020559",370757,2026-04-25 23:23:34,28.8291568756104,-17.761438369751,"Unknown"
"5020559",370757,2026-04-25 23:24:34,28.8291625976562,-17.7613639831543,"Unknown"
"5020559",370757,2026-04-25 23:25:34,28.8291873931885,-17.761287689209,"Unknown"
"5020559",370757,2026-04-25 23:26:35,28.8291816711426,-17.7612857818604,"Unknown"
"5020559",370757,2026-04-25 23:27:33,28.8291568756104,-17.7612743377686,"Unknown"
"5020559",370757,2026-04-25 23:28:34,28.8291778564453,-17.7611503601074,"Unknown"
"5020559",370757,2026-04-25 23:29:37,28.8291625976562,-17.7611465454102,"Unknown"
"5020559",370757,2026-04-25 23:31:03,28.8291397094727,-17.7611274719238,"Unknown"
"5020559",370757,2026-04-25 23:31:32,28.829137802124,-17.7611083984375,"Unknown"
"5020559",370757,2026-04-25 23:32:32,28.829158782959,-17.7611083984375,"Unknown"
"5020559",370757,2026-04-25 23:33:32,28.8291435241699,-17.7610569000244,"Unknown"
"5020559",370757,2026-04-25 23:34:32,28.8291358947754,-17.7610282897949,"Unknown"
"5020559",370757,2026-04-25 23:35:32,28.8291416168213,-17.7609615325928,"Unknown"
"5020559",370757,2026-04-25 23:36:32,28.8290977478027,-17.7608947753906,"Unknown"
"5020559",370757,2026-04-25 23:37:32,28.8290557861328,-17.760856628418,"Unknown"
"5020559",370757,2026-04-25 23:38:32,28.8290500640869,-17.7608222961426,"Unknown"
"5020559",370757,2026-04-25 23:39:32,28.8290519714355,-17.7607746124268,"Unknown"
"5020559",370757,2026-04-25 23:40:32,28.8290691375732,-17.7607402801514,"Unknown"
"5020559",370757,2026-04-25 23:41:32,28.8290824890137,-17.7606811523438,"Unknown"
"5020559",370757,2026-04-25 23:42:32,28.8290882110596,-17.7606353759766,"Unknown"
"5020559",370757,2026-04-25 23:43:32,28.8290691375732,-17.7605895996094,"Unknown"
"5020559",370757,2026-04-25 23:44:32,28.8290634155273,-17.7605400085449,"Unknown"
"5020559",370757,2026-04-25 23:45:32,28.8290615081787,-17.7604637145996,"Unknown"
"5020559",370757,2026-04-25 23:46:32,28.8290557861328,-17.7603874206543,"Unknown"
"5020559",370757,2026-04-25 23:47:32,28.8290691375732,-17.7603302001953,"Unknown"
"5020559",370757,2026-04-25 23:48:32,28.8290901184082,-17.7602710723877,"Unknown"
"5020559",370757,2026-04-25 23:49:32,28.8290958404541,-17.7602214813232,"Unknown"
"5020559",370757,2026-04-25 23:50:32,28.8290920257568,-17.7601490020752,"Unknown"
"5020559",370757,2026-04-25 23:51:32,28.8290767669678,-17.7601013183594,"Unknown"
"5020559",370757,2026-04-25 23:52:32,28.829080581665,-17.7600250244141,"Unknown"
"5020559",370757,2026-04-25 23:53:32,28.8290939331055,-17.7599258422852,"Unknown"
"5020559",370757,2026-04-25 23:54:32,28.829080581665,-17.7598342895508,"Unknown"
"5020559",370757,2026-04-25 23:55:32,28.829065322876,-17.7597465515137,"Unknown"
"5020559",370757,2026-04-25 23:56:32,28.8290576934814,-17.7596836090088,"Unknown"
"5020559",370757,2026-04-25 23:57:32,28.8290462493896,-17.7596187591553,"Unknown"
"5020559",370757,2026-04-25 23:58:32,28.8290195465088,-17.7595710754395,"Unknown"
"5020559",370757,2026-04-25 23:59:32,28.8289833068848,-17.7595291137695,"Unknown"
"5020559",370757,2026-04-26 00:00:32,28.8289279937744,-17.7595195770264,"Unknown"
"5020559",370757,2026-04-26 00:01:32,28.8289356231689,-17.7594718933105,"Unknown"
"5020559",370757,2026-04-26 00:02:32,28.8289375305176,-17.7594089508057,"Unknown"
"5020559",370757,2026-04-26 00:03:32,28.8289375305176,-17.759370803833,"Unknown"
"5020559",370757,2026-04-26 00:04:32,28.8289394378662,-17.7593517303467,"Unknown"
"5020559",370757,2026-04-26 00:05:32,28.8289413452148,-17.7593193054199,"Unknown"
"5020559",370757,2026-04-26 00:06:32,28.8289337158203,-17.7592678070068,"Unknown"
"5020559",370757,2026-04-26 00:07:32,28.8289337158203,-17.7592391967773,"Unknown"
"5020559",370757,2026-04-26 00:08:32,28.8289070129395,-17.7592010498047,"Unknown"
"5020559",370757,2026-04-26 00:09:32,28.8289108276367,-17.7591648101807,"Unknown"
"5020559",370757,2026-04-26 00:10:32,28.8289012908936,-17.7591114044189,"Unknown"
"5020559",370757,2026-04-26 00:11:32,28.8288841247559,-17.7591037750244,"Unknown"
"5020559",370757,2026-04-26 00:12:32,28.828893661499,-17.759069442749,"Unknown"
"5020559",370757,2026-04-26 00:13:32,28.8288669586182,-17.75901222229,"Unknown"
"5020559",370757,2026-04-26 00:14:32,28.8288745880127,-17.758960723877,"Unknown"
"5020559",370757,2026-04-26 00:15:32,28.8288478851318,-17.758918762207,"Unknown"
"5020559",370757,2026-04-26 00:16:33,28.8288154602051,-17.7588672637939,"Unknown"
"5020559",370757,2026-04-26 00:17:32,28.8287925720215,-17.7588272094727,"Unknown"
"5020559",370757,2026-04-26 00:18:32,28.8287773132324,-17.7587661743164,"Unknown"
"5020559",370757,2026-04-26 00:19:32,28.8287677764893,-17.7587146759033,"Unknown"
"5020559",370757,2026-04-26 00:20:32,28.828742980957,-17.7586688995361,"Unknown"
"5020559",370757,2026-04-26 00:21:32,28.8287296295166,-17.7586498260498,"Unknown"
"5020559",370757,2026-04-26 00:22:32,28.828706741333,-17.7586116790771,"Unknown"
"5020559",370757,2026-04-26 00:23:33,28.828706741333,-17.7585945129395,"Unknown"
"5020559",370757,2026-04-26 00:24:32,28.828685760498,-17.7586002349854,"Unknown"
"5020559",370757,2026-04-26 00:25:33,28.8286571502686,-17.7586154937744,"Unknown"
"5020559",370757,2026-04-26 00:26:35,28.828670501709,-17.7585906982422,"Unknown"
"5020559",370757,2026-04-26 00:27:32,28.8286876678467,-17.7585926055908,"Unknown"
"5020559",370757,2026-04-26 00:28:32,28.8286514282227,-17.7585926055908,"Unknown"
"5020559",370757,2026-04-26 00:29:32,28.8286418914795,-17.7586040496826,"Unknown"
"5020559",370757,2026-04-26 00:30:33,28.8286323547363,-17.7585887908936,"Unknown"
"5020559",370757,2026-04-26 00:31:33,28.8286075592041,-17.7586212158203,"Unknown"
"5020559",370757,2026-04-26 00:32:32,28.828592300415,-17.7586078643799,"Unknown"
"5020559",370757,2026-04-26 00:33:32,28.8286018371582,-17.7585945129395,"Unknown"
"5020559",370757,2026-04-26 00:34:32,28.828577041626,-17.7586078643799,"Unknown"
"5020559",370757,2026-04-26 00:35:32,28.8285636901855,-17.7586479187012,"Unknown"
"5020559",370757,2026-04-26 00:36:32,28.8285732269287,-17.7586364746094,"Unknown"
"5020559",370757,2026-04-26 00:37:33,28.8285541534424,-17.7586326599121,"Unknown"
"5020559",370757,2026-04-26 00:38:34,28.8285713195801,-17.7586212158203,"Unknown"
"5020559",370757,2026-04-26 00:39:32,28.828556060791,-17.758659362793,"Unknown"
"5020559",370757,2026-04-26 00:40:32,28.8285903930664,-17.7586688995361,"Unknown"
"5020559",370757,2026-04-26 00:41:33,28.8285999298096,-17.7586841583252,"Unknown"
"5020559",370757,2026-04-26 00:42:34,28.8286094665527,-17.7586975097656,"Unknown"
"5020559",370757,2026-04-26 00:43:35,28.8286094665527,-17.7586803436279,"Unknown"
"5020559",370757,2026-04-26 00:44:32,28.8286247253418,-17.7586421966553,"Unknown"
"5020559",370757,2026-04-26 00:45:33,28.8286399841309,-17.7586612701416,"Unknown"
"5020559",370757,2026-04-26 00:46:34,28.8286628723145,-17.7586402893066,"Unknown"
"5020559",370757,2026-04-26 00:47:32,28.8286666870117,-17.7586154937744,"Unknown"
"5020559",370757,2026-04-26 00:48:32,28.8286914825439,-17.758581161499,"Unknown"
"5020559",370757,2026-04-26 00:49:32,28.8286838531494,-17.7585563659668,"Unknown"
"5020559",370757,2026-04-26 00:50:32,28.8287086486816,-17.7585144042969,"Unknown"
"5020559",370757,2026-04-26 00:51:32,28.8287200927734,-17.758487701416,"Unknown"
"5020559",370757,2026-04-26 00:52:32,28.828742980957,-17.7584381103516,"Unknown"
"5020559",370757,2026-04-26 00:53:32,28.8287754058838,-17.7584114074707,"Unknown"
"5020559",370757,2026-04-26 00:54:32,28.8288154602051,-17.7583923339844,"Unknown"
"5020559",370757,2026-04-26 00:55:32,28.8288345336914,-17.7583618164062,"Unknown"
"5020559",370757,2026-04-26 00:56:33,28.8288669586182,-17.7583522796631,"Unknown"
"5020559",370757,2026-04-26 00:57:32,28.8288612365723,-17.7583675384521,"Unknown"
"5020559",370757,2026-04-26 00:58:32,28.8288879394531,-17.7583637237549,"Unknown"
"5020559",370757,2026-04-26 00:59:33,28.8289222717285,-17.7583293914795,"Unknown"
"5020559",370757,2026-04-26 01:00:32,28.8289527893066,-17.7583389282227,"Unknown"
"5020559",370757,2026-04-26 01:01:33,28.8289737701416,-17.7583312988281,"Unknown"
"5020559",370757,2026-04-26 01:02:33,28.8289680480957,-17.7583847045898,"Unknown"
"5020559",370757,2026-04-26 01:03:33,28.8290271759033,-17.7583560943604,"Unknown"
"5020559",370757,2026-04-26 01:04:34,28.8290405273438,-17.7584171295166,"Unknown"
"5020559",370757,2026-04-26 01:05:35,28.8290748596191,-17.7584075927734,"Unknown"
"5020559",370757,2026-04-26 01:06:35,28.8290996551514,-17.7584552764893,"Unknown"
"5020559",370757,2026-04-26 01:07:36,28.8291034698486,-17.7584781646729,"Unknown"
"5020559",370757,2026-04-26 01:08:33,28.8291301727295,-17.7585144042969,"Unknown"
"5020559",370757,2026-04-26 01:09:36,28.8291549682617,-17.7585620880127,"Unknown"
"5020559",370757,2026-04-26 01:10:35,28.8291969299316,-17.7585830688477,"Unknown"
"5020559",370757,2026-04-26 01:11:34,28.8292198181152,-17.7585945129395,"Unknown"
"5020559",370757,2026-04-26 01:12:33,28.8292045593262,-17.7586193084717,"Unknown"
"5020559",370757,2026-04-26 01:13:36,28.8292503356934,-17.7586059570312,"Unknown"
"5020559",370757,2026-04-26 01:14:35,28.8292579650879,-17.7585868835449,"Unknown"
"5020559",370757,2026-04-26 01:15:35,28.8293285369873,-17.7585773468018,"Unknown"
"5020559",370757,2026-04-26 01:16:37,28.8293704986572,-17.7585678100586,"Unknown"
"5020559",370757,2026-04-26 01:17:35,28.8293762207031,-17.7586154937744,"Unknown"
"5020559",370757,2026-04-26 01:18:35,28.8293972015381,-17.7586193084717,"Unknown"
"5020559",370757,2026-04-26 01:19:36,28.8294544219971,-17.7586078643799,"Unknown"
"5020559",370757,2026-04-26 01:20:37,28.8294620513916,-17.7586688995361,"Unknown"
"5020559",370757,2026-04-26 01:21:32,28.8295249938965,-17.7586841583252,"Unknown"
"5020559",370757,2026-04-26 01:22:36,28.8295669555664,-17.758731842041,"Unknown"
"5020559",370757,2026-04-26 01:23:36,28.8295631408691,-17.7587909698486,"Unknown"
"5020559",370757,2026-04-26 01:24:33,28.8296375274658,-17.7588348388672,"Unknown"
"5020559",370757,2026-04-26 01:25:35,28.8297309875488,-17.7588596343994,"Unknown"
"5020559",370757,2026-04-26 01:26:33,28.8297386169434,-17.7588577270508,"Unknown"
"5020559",370757,2026-04-26 01:27:37,28.8297863006592,-17.7588577270508,"Unknown"
"5020559",370757,2026-04-26 01:28:35,28.8298625946045,-17.7588367462158,"Unknown"
"5020559",370757,2026-04-26 01:29:34,28.8299236297607,-17.758861541748,"Unknown"
"5020559",370757,2026-04-26 01:30:36,28.830020904541,-17.7588882446289,"Unknown"
"5020559",370757,2026-04-26 01:31:36,28.8300952911377,-17.7589168548584,"Unknown"
"5020559",370757,2026-04-26 01:32:37,28.830192565918,-17.7589416503906,"Unknown"
"5020559",370757,2026-04-26 01:33:32,28.8302536010742,-17.7589511871338,"Unknown"
"5020559",370757,2026-04-26 01:34:34,28.83030128479,-17.7589988708496,"Unknown"
"5020559",370757,2026-04-26 01:35:41,28.8303813934326,-17.7590274810791,"Unknown"
"5020559",370757,2026-04-26 01:36:34,28.830451965332,-17.7590675354004,"Unknown"
"5020559",370757,2026-04-26 01:37:33,28.830530166626,-17.7590503692627,"Unknown"
"5020559",370757,2026-04-26 01:38:33,28.8306503295898,-17.7590160369873,"Unknown"
"5020559",370757,2026-04-26 01:39:37,28.8307456970215,-17.7590408325195,"Unknown"
"5020559",370757,2026-04-26 01:40:35,28.8308200836182,-17.7590141296387,"Unknown"
"5020559",370757,2026-04-26 01:41:33,28.8309078216553,-17.7590179443359,"Unknown"
"5020559",370757,2026-04-26 01:42:39,28.8309860229492,-17.7590065002441,"Unknown"
"5020559",370757,2026-04-26 01:43:37,28.8310737609863,-17.7590198516846,"Unknown"
"5020559",370757,2026-04-26 01:44:40,28.8311157226562,-17.7590560913086,"Unknown"
"5020559",370757,2026-04-26 01:45:36,28.8311710357666,-17.7590675354004,"Unknown"
"5020559",370757,2026-04-26 01:46:39,28.8312835693359,-17.759090423584,"Unknown"
"5020559",370757,2026-04-26 01:47:35,28.8313407897949,-17.7590866088867,"Unknown"
"5020559",370757,2026-04-26 01:48:38,28.8314170837402,-17.7590637207031,"Unknown"
"5020559",370757,2026-04-26 01:50:03,28.8314838409424,-17.7589836120605,"Unknown"
"5020559",370757,2026-04-26 01:50:32,28.8315505981445,-17.7589740753174,"Unknown"
"5020559",370757,2026-04-26 01:51:32,28.8316383361816,-17.7589874267578,"Unknown"
"5020559",370757,2026-04-26 01:52:32,28.831729888916,-17.7590179443359,"Unknown"
"5020559",370757,2026-04-26 01:53:32,28.8317947387695,-17.7590999603271,"Unknown"
"5020559",370757,2026-04-26 01:54:32,28.8318729400635,-17.7591667175293,"Unknown"
"5020559",370757,2026-04-26 01:55:32,28.8319301605225,-17.7591533660889,"Unknown"
"5020559",370757,2026-04-26 01:56:32,28.8320484161377,-17.7590579986572,"Unknown"
"5020559",370757,2026-04-26 01:57:32,28.8321323394775,-17.7590236663818,"Unknown"
"5020559",370757,2026-04-26 01:58:32,28.8322315216064,-17.7590637207031,"Unknown"
"5020559",370757,2026-04-26 01:59:32,28.83229637146,-17.7590789794922,"Unknown"
"5020559",370757,2026-04-26 02:00:32,28.8323535919189,-17.7591361999512,"Unknown"
"5020559",370757,2026-04-26 02:01:32,28.8330631256104,-17.7592220306396,"Unknown"
"5020559",370757,2026-04-26 02:02:32,28.8341255187988,-17.7583389282227,"Unknown"
"5020559",370757,2026-04-26 02:03:32,28.8369960784912,-17.7592086791992,"Unknown"
"5020559",370757,2026-04-26 02:04:32,28.8371505737305,-17.7591857910156,"Unknown"
"5020559",370757,2026-04-26 02:05:32,28.8372383117676,-17.7591648101807,"Unknown"
"5020559",370757,2026-04-26 02:06:32,28.8372821807861,-17.759183883667,"Unknown"
"5020559",370757,2026-04-26 02:07:31,28.8373432159424,-17.7591705322266,"Unknown"
"5020559",370757,2026-04-26 02:08:32,28.8374252319336,-17.7591686248779,"Unknown"
"5020559",370757,2026-04-26 02:09:32,28.837516784668,-17.7592163085938,"Unknown"
"5020559",370757,2026-04-26 02:10:32,28.8376159667969,-17.7592220306396,"Unknown"
"5020559",370757,2026-04-26 02:11:32,28.8376941680908,-17.7592639923096,"Unknown"
"5020559",370757,2026-04-26 02:12:32,28.837776184082,-17.7592658996582,"Unknown"
"5020559",370757,2026-04-26 02:13:32,28.8378620147705,-17.7592639923096,"Unknown"
"5020559",370757,2026-04-26 02:14:32,28.8379306793213,-17.75927734375,"Unknown"
"5020559",370757,2026-04-26 02:15:32,28.8380260467529,-17.7592964172363,"Unknown"
"5020559",370757,2026-04-26 02:16:32,28.8381061553955,-17.7593326568604,"Unknown"
"5020559",370757,2026-04-26 02:17:32,28.8381996154785,-17.7593860626221,"Unknown"
"5020559",370757,2026-04-26 02:18:32,28.8383255004883,-17.7594146728516,"Unknown"
"5020559",370757,2026-04-26 02:19:32,28.838399887085,-17.7594223022461,"Unknown"
"5020559",370757,2026-04-26 02:20:32,28.8385181427002,-17.759407043457,"Unknown"
"5020559",370757,2026-04-26 02:21:32,28.8386116027832,-17.7594013214111,"Unknown"
"5020559",370757,2026-04-26 02:22:32,28.8387451171875,-17.7593860626221,"Unknown"
"5020559",370757,2026-04-26 02:23:32,28.8388843536377,-17.7594032287598,"Unknown"
"5020559",370757,2026-04-26 02:24:32,28.8390045166016,-17.7594013214111,"Unknown"
"5020559",370757,2026-04-26 02:25:32,28.8391075134277,-17.759407043457,"Unknown"
"5020559",370757,2026-04-26 02:26:32,28.8392066955566,-17.7594699859619,"Unknown"
"5020559",370757,2026-04-26 02:27:32,28.839750289917,-17.7601795196533,"Unknown"
"5020559",370757,2026-04-26 02:28:32,28.8397560119629,-17.7602443695068,"Unknown"
"5020559",370757,2026-04-26 02:29:32,28.8397789001465,-17.7602806091309,"Unknown"
"5020559",370757,2026-04-26 02:30:32,28.8399124145508,-17.7612857818604,"Unknown"
"5020559",370757,2026-04-26 02:31:32,28.8422031402588,-17.7646160125732,"Unknown"
"5020559",370757,2026-04-26 02:32:32,28.8426609039307,-17.7685241699219,"Unknown"
"5020559",370757,2026-04-26 02:33:31,28.8380031585693,-17.7627220153809,"Unknown"
"5020559",370757,2026-04-26 02:34:32,28.8367404937744,-17.7602844238281,"Unknown"
"5020559",370757,2026-04-26 02:35:32,28.8381519317627,-17.7597255706787,"Unknown"
"5020559",370757,2026-04-26 02:36:32,28.838809967041,-17.7594356536865,"Unknown"
"5020559",370757,2026-04-26 02:37:33,28.8402557373047,-17.759464263916,"Unknown"
"5020559",370757,2026-04-26 02:38:32,28.8402080535889,-17.7600765228271,"Unknown"
"5020559",370757,2026-04-26 02:39:32,28.8397827148438,-17.7613162994385,"Unknown"
"5020559",370757,2026-04-26 02:40:32,28.8398151397705,-17.7614517211914,"Unknown"
"5020559",370757,2026-04-26 02:41:32,28.8398590087891,-17.7615776062012,"Unknown"
"5020559",370757,2026-04-26 02:42:32,28.8399620056152,-17.7616958618164,"Unknown"
"5020559",370757,2026-04-26 02:43:32,28.8400554656982,-17.7617778778076,"Unknown"
"5020559",370757,2026-04-26 02:44:32,28.8401298522949,-17.7618713378906,"Unknown"
"5020559",370757,2026-04-26 02:45:32,28.8402099609375,-17.7619495391846,"Unknown"
"5020559",370757,2026-04-26 02:46:32,28.8402881622314,-17.7620410919189,"Unknown"
"5020559",370757,2026-04-26 02:47:32,28.8403644561768,-17.7621173858643,"Unknown"
"5020559",370757,2026-04-26 02:48:32,28.8404560089111,-17.7621917724609,"Unknown"
"5020559",370757,2026-04-26 02:49:32,28.8405475616455,-17.7622871398926,"Unknown"
"5020559",370757,2026-04-26 02:50:32,28.8406467437744,-17.7623653411865,"Unknown"
"5020559",370757,2026-04-26 02:51:32,28.840726852417,-17.7624645233154,"Unknown"
"5020559",370757,2026-04-26 02:52:32,28.8408145904541,-17.7625694274902,"Unknown"
"5020559",370757,2026-04-26 02:53:32,28.8409080505371,-17.762674331665,"Unknown"
"5020559",370757,2026-04-26 02:54:32,28.8410110473633,-17.762767791748,"Unknown"
"5020559",370757,2026-04-26 02:55:32,28.8411064147949,-17.7628536224365,"Unknown"
"5020559",370757,2026-04-26 02:56:32,28.8411540985107,-17.7630004882812,"Unknown"
"5020559",370757,2026-04-26 02:57:32,28.8412437438965,-17.7631072998047,"Unknown"
"5020559",370757,2026-04-26 02:58:32,28.8413124084473,-17.7632274627686,"Unknown"
"5020559",370757,2026-04-26 02:59:32,28.841381072998,-17.763313293457,"Unknown"
"5020559",370757,2026-04-26 03:00:32,28.8414783477783,-17.7634334564209,"Unknown"
"5020559",370757,2026-04-26 03:01:32,28.8415374755859,-17.7635593414307,"Unknown"
"5020559",370757,2026-04-26 03:02:32,28.8416328430176,-17.7637214660645,"Unknown"
"5020559",370757,2026-04-26 03:03:32,28.8417186737061,-17.7638549804688,"Unknown"
"5020559",370757,2026-04-26 03:04:32,28.8418045043945,-17.763952255249,"Unknown"
"5020559",370757,2026-04-26 03:05:32,28.8418769836426,-17.7640476226807,"Unknown"
"5020559",370757,2026-04-26 03:06:32,28.8419723510742,-17.76416015625,"Unknown"
"5020559",370757,2026-04-26 03:07:32,28.8420581817627,-17.7642765045166,"Unknown"
"5020559",370757,2026-04-26 03:08:32,28.8421630859375,-17.764404296875,"Unknown"
"5020559",370757,2026-04-26 03:09:32,28.8422775268555,-17.7645072937012,"Unknown"
"5020559",370757,2026-04-26 03:10:32,28.8423595428467,-17.7646198272705,"Unknown"
"5020559",370757,2026-04-26 03:11:32,28.8424587249756,-17.7646770477295,"Unknown"
"5020559",370757,2026-04-26 03:12:32,28.8426074981689,-17.7647151947021,"Unknown"
"5020559",370757,2026-04-26 03:13:32,28.8427314758301,-17.7648239135742,"Unknown"
"5020559",370757,2026-04-26 03:14:32,28.8428134918213,-17.7649097442627,"Unknown"
"5020559",370757,2026-04-26 03:15:32,28.8429279327393,-17.7649765014648,"Unknown"
"5020559",370757,2026-04-26 03:16:32,28.8430404663086,-17.7650470733643,"Unknown"
"5020559",370757,2026-04-26 03:17:32,28.843132019043,-17.7651252746582,"Unknown"
"5020559",370757,2026-04-26 03:18:32,28.8432502746582,-17.7652549743652,"Unknown"
"5020559",370757,2026-04-26 03:19:32,28.8433513641357,-17.7653656005859,"Unknown"
"5020559",370757,2026-04-26 03:20:32,28.8434524536133,-17.7654418945312,"Unknown"
"5020559",370757,2026-04-26 03:21:32,28.8435344696045,-17.7655220031738,"Unknown"
"5020559",370757,2026-04-26 03:22:32,28.8436470031738,-17.7655849456787,"Unknown"
"5020559",370757,2026-04-26 03:23:32,28.8437480926514,-17.765682220459,"Unknown"
"5020559",370757,2026-04-26 03:24:32,28.8438758850098,-17.7657871246338,"Unknown"
"5020559",370757,2026-04-26 03:25:32,28.8440036773682,-17.7658443450928,"Unknown"
"5020559",370757,2026-04-26 03:26:32,28.8441047668457,-17.7659111022949,"Unknown"
"5020559",370757,2026-04-26 03:27:32,28.8442192077637,-17.7659301757812,"Unknown"
"5020559",370757,2026-04-26 03:28:32,28.8443241119385,-17.7659816741943,"Unknown"
"5020559",370757,2026-04-26 03:29:32,28.8444366455078,-17.7660713195801,"Unknown"
"5020559",370757,2026-04-26 03:30:32,28.8445625305176,-17.7660980224609,"Unknown"
"5020559",370757,2026-04-26 03:31:32,28.8446578979492,-17.7661170959473,"Unknown"
"5020559",370757,2026-04-26 03:32:32,28.8447494506836,-17.7661895751953,"Unknown"
"5020559",370757,2026-04-26 03:33:32,28.8448677062988,-17.7662467956543,"Unknown"
"5020559",370757,2026-04-26 03:34:32,28.8449821472168,-17.7663269042969,"Unknown"
"5020559",370757,2026-04-26 03:35:32,28.8450775146484,-17.7663860321045,"Unknown"
"5020559",370757,2026-04-26 03:36:32,28.8451862335205,-17.7664737701416,"Unknown"
"5020559",370757,2026-04-26 03:37:32,28.8452854156494,-17.7665233612061,"Unknown"
"5020559",370757,2026-04-26 03:38:32,28.8453712463379,-17.7665786743164,"Unknown"
"5020559",370757,2026-04-26 03:39:32,28.8454570770264,-17.7666358947754,"Unknown"
"5020559",370757,2026-04-26 03:40:32,28.8455581665039,-17.7666912078857,"Unknown"
"5020559",370757,2026-04-26 03:41:32,28.8456420898438,-17.7667598724365,"Unknown"
"5020559",370757,2026-04-26 03:42:32,28.8457679748535,-17.7668285369873,"Unknown"
"5020559",370757,2026-04-26 03:43:32,28.8458423614502,-17.7669105529785,"Unknown"
"5020559",370757,2026-04-26 03:44:33,28.8464298248291,-17.7659111022949,"Unknown"
"5020559",370757,2026-04-26 03:45:32,28.841007232666,-17.7626438140869,"Unknown"
"5020559",370757,2026-04-26 03:46:32,28.8346996307373,-17.7639942169189,"Unknown"
"5020559",370757,2026-04-26 03:47:32,28.8297729492188,-17.7598133087158,"Unknown"
"5020559",370757,2026-04-26 03:48:32,28.8253993988037,-17.7584476470947,"Unknown"
"5020559",370757,2026-04-26 03:49:32,28.8190956115723,-17.7575187683105,"Unknown"
"5020559",370757,2026-04-26 03:50:32,28.8124179840088,-17.7547168731689,"Unknown"
"5020559",370757,2026-04-26 03:51:31,28.806173324585,-17.7533283233643,"Unknown"
"5020559",370757,2026-04-26 03:52:32,28.8007106781006,-17.7489604949951,"Unknown"
"5020559",370757,2026-04-26 03:53:31,28.79421043396,-17.7464561462402,"Unknown"
"5020559",370757,2026-04-26 03:54:32,28.7874412536621,-17.7456474304199,"Unknown"
"5020559",370757,2026-04-26 03:55:32,28.7815685272217,-17.7452297210693,"Unknown"
"5020559",370757,2026-04-26 03:56:32,28.7789764404297,-17.7477779388428,"Unknown"
"5020559",370757,2026-04-26 03:57:32,28.7807865142822,-17.7498741149902,"Unknown"
"5020559",370757,2026-04-26 03:58:32,28.7833347320557,-17.7517986297607,"Unknown"
"5020559",370757,2026-04-26 04:00:02,28.786075592041,-17.754581451416,"Unknown"
"5020559",370757,2026-04-26 04:00:32,28.7877922058105,-17.7538433074951,"Unknown"
"5020559",370757,2026-04-26 04:01:33,28.7885074615479,-17.7564105987549,"Unknown"
"5020559",370757,2026-04-26 04:02:32,28.7915306091309,-17.7543525695801,"Unknown"
"5020559",370757,2026-04-26 04:03:32,28.7942848205566,-17.7557563781738,"Unknown"
"5020559",370757,2026-04-26 04:04:32,28.7973613739014,-17.7564888000488,"Unknown"
"5020559",370757,2026-04-26 04:05:32,28.8003005981445,-17.7530670166016,"Unknown"
"5020559",370757,2026-04-26 04:06:32,28.8031749725342,-17.7483577728271,"Unknown"
"5020559",370757,2026-04-26 04:07:32,28.8067359924316,-17.7435836791992,"Unknown"
"5020559",370757,2026-04-26 04:08:32,28.8101501464844,-17.7403316497803,"Unknown"
"5020559",370757,2026-04-26 04:09:35,28.8128299713135,-17.7399101257324,"Unknown"
"5020559",370757,2026-04-26 04:10:33,28.8160572052002,-17.7398128509521,"Unknown"
"5020559",370757,2026-04-26 04:11:33,28.8196487426758,-17.7402057647705,"Unknown"
"5020559",370757,2026-04-26 04:12:32,28.8230247497559,-17.7403526306152,"Unknown"
"5020559",370757,2026-04-26 04:13:32,28.8263034820557,-17.7408676147461,"Unknown"
"5020559",370757,2026-04-26 04:14:33,28.8294048309326,-17.7411994934082,"Unknown"
"5020559",370757,2026-04-26 04:15:32,28.8312911987305,-17.7423286437988,"Unknown"
"5020559",370757,2026-04-26 04:16:32,28.8313426971436,-17.7423725128174,"Unknown"
"5020559",370757,2026-04-26 04:17:32,28.8313865661621,-17.7423839569092,"Unknown"
"5020559",370757,2026-04-26 04:18:33,28.8314189910889,-17.7424087524414,"Unknown"
"5020559",370757,2026-04-26 04:19:32,28.8314609527588,-17.7424354553223,"Unknown"
"5020559",370757,2026-04-26 04:20:33,28.8315105438232,-17.7424640655518,"Unknown"
"5020559",370757,2026-04-26 04:21:32,28.8315467834473,-17.742488861084,"Unknown"
"5020559",370757,2026-04-26 04:22:33,28.831600189209,-17.7425212860107,"Unknown"
"5020559",370757,2026-04-26 04:23:32,28.8316421508789,-17.7425308227539,"Unknown"
"5020559",370757,2026-04-26 04:24:32,28.8316898345947,-17.7425594329834,"Unknown"
"5020559",370757,2026-04-26 04:25:32,28.8317394256592,-17.7425880432129,"Unknown"
"5020559",370757,2026-04-26 04:26:32,28.8318004608154,-17.7426319122314,"Unknown"
"5020559",370757,2026-04-26 04:27:32,28.831859588623,-17.7426776885986,"Unknown"
"5020559",370757,2026-04-26 04:28:32,28.8319053649902,-17.742696762085,"Unknown"
"5020559",370757,2026-04-26 04:29:33,28.8319702148438,-17.7427291870117,"Unknown"
"5020559",370757,2026-04-26 04:30:35,28.8320465087891,-17.7427616119385,"Unknown"
"5020559",370757,2026-04-26 04:31:32,28.8320903778076,-17.7427787780762,"Unknown"
"5020559",370757,2026-04-26 04:32:32,28.8321380615234,-17.7428150177002,"Unknown"
"5020559",370757,2026-04-26 04:33:33,28.8321971893311,-17.7428455352783,"Unknown"
"5020559",370757,2026-04-26 04:34:33,28.8322658538818,-17.7428855895996,"Unknown"
"5020559",370757,2026-04-26 04:35:33,28.8323230743408,-17.7429027557373,"Unknown"
"5020559",370757,2026-04-26 04:36:32,28.8323783874512,-17.7429542541504,"Unknown"
"5020559",370757,2026-04-26 04:37:32,28.833065032959,-17.7429351806641,"Unknown"
"5020559",370757,2026-04-26 04:38:32,28.8347854614258,-17.7474250793457,"Unknown"
"5020559",370757,2026-04-26 04:39:32,28.8353843688965,-17.7482299804688,"Unknown"
"5020559",370757,2026-04-26 04:40:33,28.8354110717773,-17.7482414245605,"Unknown"
"5020559",370757,2026-04-26 04:41:33,28.8354167938232,-17.7482719421387,"Unknown"
"5020559",370757,2026-04-26 04:42:33,28.8354415893555,-17.7483024597168,"Unknown"
"5020559",370757,2026-04-26 04:43:32,28.8354682922363,-17.7483158111572,"Unknown"
"5020559",370757,2026-04-26 04:44:33,28.8354816436768,-17.7483425140381,"Unknown"
"5020559",370757,2026-04-26 04:45:33,28.8355083465576,-17.7483787536621,"Unknown"
"5020559",370757,2026-04-26 04:46:32,28.8355331420898,-17.7484035491943,"Unknown"
"5020559",370757,2026-04-26 04:47:32,28.8355369567871,-17.7484169006348,"Unknown"
"5020559",370757,2026-04-26 04:48:33,28.8355617523193,-17.7484302520752,"Unknown"
"5020559",370757,2026-04-26 04:49:32,28.8358898162842,-17.7497844696045,"Unknown"
"5020559",370757,2026-04-26 04:50:33,28.835958480835,-17.7498455047607,"Unknown"
"5020559",370757,2026-04-26 04:51:32,28.8359794616699,-17.7498779296875,"Unknown"
"5020559",370757,2026-04-26 04:52:33,28.8359909057617,-17.7498931884766,"Unknown"
"5020559",370757,2026-04-26 04:53:32,28.8360233306885,-17.7499160766602,"Unknown"
"5020559",370757,2026-04-26 04:54:32,28.8360328674316,-17.7499446868896,"Unknown"
"5020559",370757,2026-04-26 04:55:32,28.8360462188721,-17.7499694824219,"Unknown"
"5020559",370757,2026-04-26 04:56:32,28.8360557556152,-17.7499771118164,"Unknown"
"5020559",370757,2026-04-26 04:57:32,28.8360710144043,-17.7499866485596,"Unknown"
"5020559",370757,2026-04-26 04:58:32,28.8361129760742,-17.7500019073486,"Unknown"
"5020559",370757,2026-04-26 04:59:32,28.8361072540283,-17.7500247955322,"Unknown"
"5020559",370757,2026-04-26 05:00:32,28.8361568450928,-17.7500553131104,"Unknown"
"5020559",370757,2026-04-26 05:01:32,28.8361568450928,-17.750036239624,"Unknown"
"5020559",370757,2026-04-26 05:02:32,28.8361721038818,-17.7500495910645,"Unknown"
"5020559",370757,2026-04-26 05:03:32,28.8362007141113,-17.7500476837158,"Unknown"
"5020559",370757,2026-04-26 05:04:32,28.8362197875977,-17.7500457763672,"Unknown"
"5020559",370757,2026-04-26 05:05:32,28.8362331390381,-17.7500495910645,"Unknown"
"5020559",370757,2026-04-26 05:06:32,28.8362598419189,-17.7500591278076,"Unknown"
"5020559",370757,2026-04-26 05:07:33,28.8362903594971,-17.7500629425049,"Unknown"
"5020559",370757,2026-04-26 05:08:33,28.8363437652588,-17.7500190734863,"Unknown"
"5020559",370757,2026-04-26 05:09:33,28.8363571166992,-17.7500438690186,"Unknown"
"5020559",370757,2026-04-26 05:10:33,28.8363666534424,-17.7500438690186,"Unknown"
"5020559",370757,2026-04-26 05:11:34,28.8363742828369,-17.7500648498535,"Unknown"
"5020559",370757,2026-04-26 05:12:33,28.8363838195801,-17.7500534057617,"Unknown"
"5020559",370757,2026-04-26 05:13:33,28.8364162445068,-17.7500495910645,"Unknown"
"5020559",370757,2026-04-26 05:14:33,28.8364124298096,-17.7500476837158,"Unknown"
"5020559",370757,2026-04-26 05:15:33,28.8364486694336,-17.7500038146973,"Unknown"
"5020559",370757,2026-04-26 05:16:33,28.8364505767822,-17.7500076293945,"Unknown"
"5020559",370757,2026-04-26 05:17:33,28.8364276885986,-17.7500019073486,"Unknown"
"5020559",370757,2026-04-26 05:18:36,28.8364543914795,-17.7499847412109,"Unknown"
"5020559",370757,2026-04-26 05:19:33,28.8364505767822,-17.7499504089355,"Unknown"
"5020559",370757,2026-04-26 05:20:32,28.8364448547363,-17.7499446868896,"Unknown"
"5020559",370757,2026-04-26 05:21:32,28.8364410400391,-17.7498912811279,"Unknown"
"5020559",370757,2026-04-26 05:22:33,28.8364162445068,-17.7498626708984,"Unknown"
"5020559",370757,2026-04-26 05:23:33,28.8364067077637,-17.7498474121094,"Unknown"
"5020559",370757,2026-04-26 05:24:33,28.8363933563232,-17.7498264312744,"Unknown"
"5020559",370757,2026-04-26 05:25:33,28.8363933563232,-17.7497787475586,"Unknown"
"5020559",370757,2026-04-26 05:26:34,28.8363342285156,-17.7497158050537,"Unknown"
"5020559",370757,2026-04-26 05:27:34,28.8363399505615,-17.7496948242188,"Unknown"
"5020559",370757,2026-04-26 05:28:33,28.8363437652588,-17.7495975494385,"Unknown"
"5020559",370757,2026-04-26 05:29:33,28.8363132476807,-17.7495632171631,"Unknown"
"5020559",370757,2026-04-26 05:30:33,28.8362865447998,-17.7495460510254,"Unknown"
"5020559",370757,2026-04-26 05:31:37,28.8362579345703,-17.7494926452637,"Unknown"
"5020559",370757,2026-04-26 05:32:34,28.8362464904785,-17.7494468688965,"Unknown"
"5020559",370757,2026-04-26 05:33:34,28.8362140655518,-17.7493839263916,"Unknown"
"5020559",370757,2026-04-26 05:34:35,28.8362007141113,-17.7493629455566,"Unknown"
"5020559",370757,2026-04-26 05:35:34,28.8361911773682,-17.7492847442627,"Unknown"
"5020559",370757,2026-04-26 05:36:35,28.8361511230469,-17.7492408752441,"Unknown"
"5020559",370757,2026-04-26 05:37:35,28.8361320495605,-17.7491703033447,"Unknown"
"5020559",370757,2026-04-26 05:38:36,28.836109161377,-17.749116897583,"Unknown"
"5020559",370757,2026-04-26 05:39:35,28.8361587524414,-17.7490272521973,"Unknown"
"5020559",370757,2026-04-26 05:40:35,28.8360404968262,-17.7490139007568,"Unknown"
"5020559",370757,2026-04-26 05:41:35,28.8360080718994,-17.7489337921143,"Unknown"
"5020559",370757,2026-04-26 05:42:35,28.835958480835,-17.7489013671875,"Unknown"
"5020559",370757,2026-04-26 05:43:32,28.8328895568848,-17.7467765808105,"Unknown"
"5020559",370757,2026-04-26 05:44:32,28.8263740539551,-17.7483711242676,"Unknown"
"5020559",370757,2026-04-26 05:45:34,28.8209400177002,-17.7460308074951,"Unknown"
"5020559",370757,2026-04-26 05:46:33,28.8156585693359,-17.7419261932373,"Unknown"
"5020559",370757,2026-04-26 05:47:32,28.8117542266846,-17.7414608001709,"Unknown"
"5020559",370757,2026-04-26 05:48:32,28.8072967529297,-17.7414073944092,"Unknown"
"5020559",370757,2026-04-26 05:49:33,28.8043193817139,-17.7424907684326,"Unknown"
"5020559",370757,2026-04-26 05:51:03,28.8000869750977,-17.7421340942383,"Unknown"
"5020559",370757,2026-04-26 05:51:32,28.8001041412354,-17.7421016693115,"Unknown"
"5020559",370757,2026-04-26 05:52:32,28.8001232147217,-17.7420558929443,"Unknown"
"5020559",370757,2026-04-26 05:53:33,28.800163269043,-17.7419815063477,"Unknown"
"5020559",370757,2026-04-26 05:54:32,28.8002948760986,-17.7419300079346,"Unknown"
"5020559",370757,2026-04-26 05:55:32,28.8003673553467,-17.7418823242188,"Unknown"
"5020559",370757,2026-04-26 05:56:32,28.8004131317139,-17.7418174743652,"Unknown"
"5020559",370757,2026-04-26 05:57:32,28.8003692626953,-17.7418689727783,"Unknown"
"5020559",370757,2026-04-26 05:58:32,28.7966823577881,-17.7422657012939,"Unknown"
"5020559",370757,2026-04-26 05:59:33,28.796802520752,-17.7421989440918,"Unknown"
"5020559",370757,2026-04-26 06:00:32,28.7969093322754,-17.7421245574951,"Unknown"
"5020559",370757,2026-04-26 06:01:33,28.7970333099365,-17.7420902252197,"Unknown"
"5020559",370757,2026-04-26 06:02:35,28.79714012146,-17.742073059082,"Unknown"
"5020559",370757,2026-04-26 06:03:33,28.7972602844238,-17.742015838623,"Unknown"
"5020559",370757,2026-04-26 06:04:32,28.7973785400391,-17.7419586181641,"Unknown"
"5020559",370757,2026-04-26 06:05:32,28.7974872589111,-17.7419052124023,"Unknown"
"5020559",370757,2026-04-26 06:06:35,28.7976016998291,-17.741849899292,"Unknown"
"5020559",370757,2026-04-26 06:07:32,28.7977390289307,-17.7417907714844,"Unknown"
"5020559",370757,2026-04-26 06:08:32,28.7978630065918,-17.7417392730713,"Unknown"
"5020559",370757,2026-04-26 06:09:32,28.797981262207,-17.7416706085205,"Unknown"
"5020559",370757,2026-04-26 06:10:33,28.7981109619141,-17.7416248321533,"Unknown"
"5020559",370757,2026-04-26 06:11:33,28.7982311248779,-17.7415428161621,"Unknown"
"5020559",370757,2026-04-26 06:12:33,28.798376083374,-17.7414855957031,"Unknown"
"5020559",370757,2026-04-26 06:13:33,28.7984809875488,-17.7414131164551,"Unknown"
"5020559",370757,2026-04-26 06:14:33,28.7986087799072,-17.7413768768311,"Unknown"
"5020559",370757,2026-04-26 06:15:33,28.7986965179443,-17.7413520812988,"Unknown"
"5020559",370757,2026-04-26 06:16:33,28.7987499237061,-17.7412700653076,"Unknown"
"5020559",370757,2026-04-26 06:17:32,28.799488067627,-17.7428798675537,"Unknown"
"5020559",370757,2026-04-26 06:18:33,28.8025398254395,-17.7401161193848,"Unknown"
"5020559",370757,2026-04-26 06:19:33,28.8058776855469,-17.7403240203857,"Unknown"
"5020559",370757,2026-04-26 06:20:34,28.8085479736328,-17.7402725219727,"Unknown"
"5020559",370757,2026-04-26 06:22:58,28.8136348724365,-17.7389526367188,"Unknown"
"5020559",370757,2026-04-26 06:24:28,28.8174991607666,-17.733922958374,"Unknown"
"5020559",370757,2026-04-26 06:25:01,28.819242477417,-17.733907699585,"Unknown"
"5020559",370757,2026-04-26 06:25:32,28.8211421966553,-17.7338809967041,"Unknown"
"5020559",370757,2026-04-26 06:26:32,28.8235168457031,-17.7360763549805,"Unknown"
"5020559",370757,2026-04-26 06:27:32,28.8237133026123,-17.7324829101562,"Unknown"
"5020559",370757,2026-04-26 06:28:32,28.826488494873,-17.7343883514404,"Unknown"
"5020559",370757,2026-04-26 06:29:33,28.8296871185303,-17.7354106903076,"Unknown"
"5020559",370757,2026-04-26 06:30:32,28.831672668457,-17.7372608184814,"Unknown"
"5020559",370757,2026-04-26 06:31:32,28.8342590332031,-17.7405033111572,"Unknown"
"5020559",370757,2026-04-26 06:32:32,28.8362369537354,-17.7394695281982,"Unknown"
"5020559",370757,2026-04-26 06:33:33,28.8392314910889,-17.7403011322021,"Unknown"
"5020559",370757,2026-04-26 06:34:33,28.8418827056885,-17.7422466278076,"Unknown"
"5020559",370757,2026-04-26 06:35:33,28.845516204834,-17.7425212860107,"Unknown"
"5020559",370757,2026-04-26 06:36:33,28.8487014770508,-17.744441986084,"Unknown"
"5020559",370757,2026-04-26 06:37:32,28.85085105896,-17.7436389923096,"Unknown"
"5020559",370757,2026-04-26 06:38:32,28.8543319702148,-17.7451305389404,"Unknown"
"5020559",370757,2026-04-26 06:39:33,28.856689453125,-17.7434825897217,"Unknown"
"5020559",370757,2026-04-26 06:40:32,28.856595993042,-17.7401256561279,"Unknown"
"5020559",370757,2026-04-26 06:41:32,28.860071182251,-17.7426891326904,"Unknown"
"5020559",370757,2026-04-26 06:42:34,28.8628749847412,-17.7457027435303,"Unknown"
"5020559",370757,2026-04-26 06:43:34,28.8654136657715,-17.7440280914307,"Unknown"
"5020559",370757,2026-04-26 06:48:36,28.8723316192627,-17.7326316833496,"Unknown"
"5020559",370757,2026-04-26 06:53:33,28.8758430480957,-17.7217617034912,"Unknown"
"5020559",370757,2026-04-26 06:58:33,28.8805141448975,-17.7280979156494,"Unknown"
"5020559",370757,2026-04-26 07:03:32,28.8817920684814,-17.7271785736084,"Unknown"
"5020559",370757,2026-04-26 07:08:33,28.8860168457031,-17.727518081665,"Unknown"
"5020559",370757,2026-04-26 07:13:33,28.8905410766602,-17.7323131561279,"Unknown"
"5020559",370757,2026-04-26 07:18:32,28.8910331726074,-17.7330093383789,"Unknown"
"5020559",370757,2026-04-26 07:23:32,28.8913536071777,-17.7337627410889,"Unknown"
"5020559",370757,2026-04-26 07:28:32,28.8917598724365,-17.7345123291016,"Unknown"
"5020559",370757,2026-04-26 07:33:33,28.8972930908203,-17.746997833252,"Unknown"
"5020559",370757,2026-04-26 07:38:35,28.911958694458,-17.7701759338379,"Unknown"
"5020559",370757,2026-04-26 07:43:34,28.924747467041,-17.7741546630859,"Unknown"
"5020559",370757,2026-04-26 07:48:33,28.9249324798584,-17.7750988006592,"Unknown"
"5020559",370757,2026-04-26 07:53:35,28.9251289367676,-17.7761096954346,"Unknown"
"5020559",370757,2026-04-26 07:58:34,28.9252395629883,-17.7768707275391,"Unknown"
"5020559",370757,2026-04-26 08:04:02,28.9250965118408,-17.7775840759277,"Unknown"
"5020559",370757,2026-04-26 08:08:33,28.9250640869141,-17.7781581878662,"Unknown"
"5020559",370757,2026-04-26 08:13:32,28.9250259399414,-17.7787208557129,"Unknown"
"5020559",370757,2026-04-26 08:18:33,28.9250240325928,-17.7792720794678,"Unknown"
"5020559",370757,2026-04-26 08:23:33,28.9251728057861,-17.7799301147461,"Unknown"
"5020559",370757,2026-04-26 08:28:33,28.9252376556396,-17.7805366516113,"Unknown"
"5020559",370757,2026-04-26 08:33:33,28.9253063201904,-17.7812404632568,"Unknown"
"5020559",370757,2026-04-26 08:38:33,28.9252891540527,-17.7817687988281,"Unknown"
"5020559",370757,2026-04-26 08:43:34,28.9324913024902,-17.7792453765869,"Unknown"
"5020559",370757,2026-04-26 08:48:33,28.9255313873291,-17.7613582611084,"Unknown"
"5020559",370757,2026-04-26 08:53:37,28.9173450469971,-17.7465038299561,"Unknown"
"5020559",370757,2026-04-26 08:58:38,28.9058170318604,-17.7246742248535,"Unknown"
"5020559",370757,2026-04-26 09:03:37,28.8892116546631,-17.7004947662354,"Unknown"
"5020559",370757,2026-04-26 09:08:38,28.8654365539551,-17.6945724487305,"Unknown"
"5020559",370757,2026-04-26 09:13:37,28.8578853607178,-17.7204742431641,"Unknown"
"5020559",370757,2026-04-26 09:19:03,28.8436279296875,-17.7256240844727,"Unknown"
"5020559",370757,2026-04-26 09:23:36,28.846866607666,-17.7312088012695,"Unknown"
"5020559",370757,2026-04-26 09:24:36,28.8503532409668,-17.730842590332,"Unknown"
"5020559",370757,2026-04-26 09:25:37,28.8506355285645,-17.7285079956055,"Unknown"
"5020559",370757,2026-04-26 09:26:37,28.8512496948242,-17.7271938323975,"Unknown"
"5020559",370757,2026-04-26 09:27:37,28.8515033721924,-17.7251873016357,"Unknown"
"5020559",370757,2026-04-26 09:28:36,28.8517150878906,-17.7243995666504,"Unknown"
"5020559",370757,2026-04-26 09:29:36,28.8507251739502,-17.723705291748,"Unknown"
"5020559",370757,2026-04-26 09:34:36,28.850772857666,-17.7297515869141,"Unknown"
"5020559",370757,2026-04-26 09:39:37,28.8518009185791,-17.7313766479492,"Unknown"
"5020559",370757,2026-04-26 09:40:36,28.8518924713135,-17.7313938140869,"Unknown"
"5020559",370757,2026-04-26 09:41:36,28.8519840240479,-17.7314071655273,"Unknown"
"5020559",370757,2026-04-26 09:42:37,28.8520812988281,-17.7313919067383,"Unknown"
"5020559",370757,2026-04-26 09:43:36,28.853063583374,-17.7295055389404,"Unknown"
"5020559",370757,2026-04-26 09:44:36,28.8554306030273,-17.724292755127,"Unknown"
"5020559",370757,2026-04-26 09:45:37,28.8558292388916,-17.7235794067383,"Unknown"
"5020559",370757,2026-04-26 09:50:38,28.8485145568848,-17.726245880127,"Unknown"
"5020559",370757,2026-04-26 09:55:47,28.844295501709,-17.7292881011963,"Unknown"
"5020559",370757,2026-04-26 09:56:48,28.8434600830078,-17.7285327911377,"Unknown"
"5020559",370757,2026-04-26 09:57:47,28.8421649932861,-17.7308139801025,"Unknown"
"5020559",370757,2026-04-26 09:58:47,28.8413848876953,-17.7309856414795,"Unknown"
"5020559",370757,2026-04-26 09:59:49,28.8402881622314,-17.7319812774658,"Unknown"
"5020559",370757,2026-04-26 10:00:49,28.8396530151367,-17.7334136962891,"Unknown"
"5020559",370757,2026-04-26 10:01:48,28.8384265899658,-17.7338008880615,"Unknown"
"5020559",370757,2026-04-26 10:02:49,28.8385486602783,-17.7338886260986,"Unknown"
"5020559",370757,2026-04-26 10:03:48,28.8386516571045,-17.7349014282227,"Unknown"
"5020559",370757,2026-04-26 10:04:47,28.8375148773193,-17.7386035919189,"Unknown"
"5020559",370757,2026-04-26 10:05:50,28.8376312255859,-17.7397594451904,"Unknown"
"5020559",370757,2026-04-26 10:06:47,28.8377151489258,-17.7398357391357,"Unknown"
"5020559",370757,2026-04-26 10:07:47,28.8375873565674,-17.7401275634766,"Unknown"
"5020559",370757,2026-04-26 10:08:48,28.835277557373,-17.7378673553467,"Unknown"
"5020559",370757,2026-04-26 10:09:47,28.835376739502,-17.7379932403564,"Unknown"
"5020559",370757,2026-04-26 10:10:47,28.8352928161621,-17.7417392730713,"Unknown"
"5020559",370757,2026-04-26 10:11:47,28.8352527618408,-17.7427406311035,"Unknown"
"5020559",370757,2026-04-26 10:12:47,28.8351783752441,-17.7427845001221,"Unknown"
"5020559",370757,2026-04-26 10:13:48,28.83522605896,-17.7435150146484,"Unknown"
"5020559",370757,2026-04-26 10:14:50,28.8340740203857,-17.7449073791504,"Unknown"
"5020559",370757,2026-04-26 10:15:48,28.834156036377,-17.745023727417,"Unknown"
"5020559",370757,2026-04-26 10:16:49,28.8342266082764,-17.745138168335,"Unknown"
"5020559",370757,2026-04-26 10:17:48,28.8347053527832,-17.7473430633545,"Unknown"
"5020559",370757,2026-04-26 10:18:50,28.8347492218018,-17.7502059936523,"Unknown"
"5020559",370757,2026-04-26 10:19:48,28.834774017334,-17.7502880096436,"Unknown"
"5020559",370757,2026-04-26 10:20:49,28.8348083496094,-17.7503795623779,"Unknown"
"5020559",370757,2026-04-26 10:21:50,28.8310222625732,-17.7494735717773,"Unknown"
"5020559",370757,2026-04-26 10:22:47,28.828929901123,-17.7490711212158,"Unknown"
"5020559",370757,2026-04-26 10:23:47,28.8274230957031,-17.7487640380859,"Unknown"
"5020559",370757,2026-04-26 10:24:52,28.8245525360107,-17.7503204345703,"Unknown"
"5020559",370757,2026-04-26 10:25:51,28.8245601654053,-17.7503337860107,"Unknown"
"5020559",370757,2026-04-26 10:26:49,28.8245754241943,-17.7503356933594,"Unknown"
"5020559",370757,2026-04-26 10:27:49,28.8246078491211,-17.7503509521484,"Unknown"
"5020559",370757,2026-04-26 10:28:49,28.8246078491211,-17.7504024505615,"Unknown"
"5020559",370757,2026-04-26 10:29:50,28.8246288299561,-17.7504653930664,"Unknown"
"5020559",370757,2026-04-26 10:30:53,28.8246402740479,-17.7505874633789,"Unknown"
"5020559",370757,2026-04-26 10:31:49,28.8246669769287,-17.7506675720215,"Unknown"
"5020559",370757,2026-04-26 10:32:50,28.8246955871582,-17.7507286071777,"Unknown"
"5020559",370757,2026-04-26 10:33:48,28.8247241973877,-17.7508716583252,"Unknown"
"5020559",370757,2026-04-26 10:34:49,28.8247356414795,-17.7509593963623,"Unknown"
"5020559",370757,2026-04-26 10:35:49,28.8247165679932,-17.7510032653809,"Unknown"
"5020559",370757,2026-04-26 10:36:49,28.8247203826904,-17.7510662078857,"Unknown"
"5020559",370757,2026-04-26 10:37:49,28.8247184753418,-17.7511119842529,"Unknown"
"5020559",370757,2026-04-26 10:38:49,28.8247299194336,-17.7511577606201,"Unknown"
"5020559",370757,2026-04-26 10:39:48,28.8247089385986,-17.7512340545654,"Unknown"
"5020559",370757,2026-04-26 10:40:48,28.8247528076172,-17.7512474060059,"Unknown"
"5020559",370757,2026-04-26 10:41:49,28.8247165679932,-17.7513275146484,"Unknown"
"5020559",370757,2026-04-26 10:42:49,28.8246822357178,-17.7513980865479,"Unknown"
"5020559",370757,2026-04-26 10:43:48,28.8246459960938,-17.7514228820801,"Unknown"
"5020559",370757,2026-04-26 10:44:48,28.8246154785156,-17.7514533996582,"Unknown"
"5020559",370757,2026-04-26 10:45:49,28.824556350708,-17.7515201568604,"Unknown"
"5020559",370757,2026-04-26 10:46:48,28.8245277404785,-17.7516098022461,"Unknown"
"5020559",370757,2026-04-26 10:48:17,28.8244686126709,-17.7516975402832,"Unknown"
"5020559",370757,2026-04-26 10:48:47,28.8244361877441,-17.7517414093018,"Unknown"
"5020559",370757,2026-04-26 10:49:47,28.8243980407715,-17.7518138885498,"Unknown"
"5020559",370757,2026-04-26 10:50:47,28.8243598937988,-17.7518672943115,"Unknown"
"5020559",370757,2026-04-26 10:51:47,28.8242969512939,-17.7519226074219,"Unknown"
"5020559",370757,2026-04-26 10:52:47,28.8242473602295,-17.7519950866699,"Unknown"
"5020559",370757,2026-04-26 10:53:47,28.8242206573486,-17.752082824707,"Unknown"
"5020559",370757,2026-04-26 10:54:47,28.8241958618164,-17.7521781921387,"Unknown"
"5020559",370757,2026-04-26 10:55:47,28.8241653442383,-17.7522621154785,"Unknown"
"5020559",370757,2026-04-26 10:56:47,28.824161529541,-17.7523574829102,"Unknown"
"5020559",370757,2026-04-26 10:57:48,28.8241348266602,-17.7524509429932,"Unknown"
"5020559",370757,2026-04-26 10:58:48,28.8240928649902,-17.7525577545166,"Unknown"
"5020559",370757,2026-04-26 10:59:47,28.8240203857422,-17.7526683807373,"Unknown"
"5020559",370757,2026-04-26 11:00:47,28.82395362854,-17.7528114318848,"Unknown"
"5020559",370757,2026-04-26 11:01:47,28.8238925933838,-17.7528686523438,"Unknown"
"5020559",370757,2026-04-26 11:02:47,28.8238086700439,-17.7529811859131,"Unknown"
"5020559",370757,2026-04-26 11:03:47,28.8237361907959,-17.7530345916748,"Unknown"
"5020559",370757,2026-04-26 11:04:47,28.8236637115479,-17.7531051635742,"Unknown"
"5020559",370757,2026-04-26 11:05:47,28.8236389160156,-17.753210067749,"Unknown"
"5020559",370757,2026-04-26 11:06:47,28.8236064910889,-17.7532901763916,"Unknown"
"5020559",370757,2026-04-26 11:07:48,28.8235645294189,-17.7533740997314,"Unknown"
"5020559",370757,2026-04-26 11:08:47,28.8235321044922,-17.7534523010254,"Unknown"
"5020559",370757,2026-04-26 11:09:47,28.82350730896,-17.7535495758057,"Unknown"
"5020559",370757,2026-04-26 11:10:47,28.8234443664551,-17.7536201477051,"Unknown"
"5020559",370757,2026-04-26 11:11:47,28.8233871459961,-17.7536964416504,"Unknown"
"5020559",370757,2026-04-26 11:12:47,28.8233833312988,-17.7538375854492,"Unknown"
"5020559",370757,2026-04-26 11:13:47,28.8233318328857,-17.7539730072021,"Unknown"
"5020559",370757,2026-04-26 11:14:47,28.8233127593994,-17.7541160583496,"Unknown"
"5020559",370757,2026-04-26 11:15:47,28.8232440948486,-17.7542324066162,"Unknown"
"5020559",370757,2026-04-26 11:16:47,28.8231868743896,-17.7543430328369,"Unknown"
"5020559",370757,2026-04-26 11:17:48,28.8231315612793,-17.7544555664062,"Unknown"
"5020559",370757,2026-04-26 11:18:48,28.8231048583984,-17.7545566558838,"Unknown"
"5020559",370757,2026-04-26 11:19:47,28.8230800628662,-17.7546482086182,"Unknown"
"5020559",370757,2026-04-26 11:20:48,28.8230514526367,-17.7547569274902,"Unknown"
"5020559",370757,2026-04-26 11:21:47,28.8230171203613,-17.7548847198486,"Unknown"
"5020559",370757,2026-04-26 11:22:47,28.8230037689209,-17.7550010681152,"Unknown"
"5020559",370757,2026-04-26 11:23:47,28.8230037689209,-17.7551288604736,"Unknown"
"5020559",370757,2026-04-26 11:24:47,28.8229827880859,-17.7552490234375,"Unknown"
"5020559",370757,2026-04-26 11:25:47,28.8229827880859,-17.755350112915,"Unknown"
"5020559",370757,2026-04-26 11:26:47,28.8229446411133,-17.7554512023926,"Unknown"
"5020559",370757,2026-04-26 11:27:48,28.8229389190674,-17.7555751800537,"Unknown"
"5020559",370757,2026-04-26 11:28:47,28.8229446411133,-17.7556591033936,"Unknown"
"5020559",370757,2026-04-26 11:29:47,28.8229560852051,-17.7557601928711,"Unknown"
"5020559",370757,2026-04-26 11:30:47,28.8229560852051,-17.7559013366699,"Unknown"
"5020559",370757,2026-04-26 11:31:47,28.8229427337646,-17.756010055542,"Unknown"
"5020559",370757,2026-04-26 11:32:48,28.822961807251,-17.7561225891113,"Unknown"
"5020559",370757,2026-04-26 11:33:47,28.8229656219482,-17.7562770843506,"Unknown"
"5020559",370757,2026-04-26 11:34:47,28.8229694366455,-17.7563400268555,"Unknown"
"5020559",370757,2026-04-26 11:35:47,28.8229789733887,-17.756462097168,"Unknown"
"5020559",370757,2026-04-26 11:36:48,28.8229656219482,-17.7565803527832,"Unknown"
"5020559",370757,2026-04-26 11:37:47,28.8229656219482,-17.7566967010498,"Unknown"
"5020559",370757,2026-04-26 11:38:47,28.822961807251,-17.7568283081055,"Unknown"
"5020559",370757,2026-04-26 11:39:48,28.8229637145996,-17.7569160461426,"Unknown"
"5020559",370757,2026-04-26 11:40:47,28.8229541778564,-17.7570152282715,"Unknown"
"5020559",370757,2026-04-26 11:41:48,28.822961807251,-17.7571449279785,"Unknown"
"5020559",370757,2026-04-26 11:42:48,28.8229656219482,-17.7572612762451,"Unknown"
"5020559",370757,2026-04-26 11:43:48,28.8229751586914,-17.7573833465576,"Unknown"
"5020559",370757,2026-04-26 11:44:48,28.82297706604,-17.7575244903564,"Unknown"
"5020559",370757,2026-04-26 11:45:48,28.8229904174805,-17.7576217651367,"Unknown"
"5020559",370757,2026-04-26 11:46:48,28.8229923248291,-17.7577075958252,"Unknown"
"5020559",370757,2026-04-26 11:47:48,28.8230094909668,-17.7578125,"Unknown"
"5020559",370757,2026-04-26 11:48:48,28.8230304718018,-17.7579174041748,"Unknown"
"5020559",370757,2026-04-26 11:49:48,28.8230113983154,-17.7579898834229,"Unknown"
"5020559",370757,2026-04-26 11:50:47,28.8230400085449,-17.75807762146,"Unknown"
"5020559",370757,2026-04-26 11:51:47,28.823034286499,-17.7581577301025,"Unknown"
"5020559",370757,2026-04-26 11:52:48,28.8230438232422,-17.7581844329834,"Unknown"
"5020559",370757,2026-04-26 11:53:47,28.8230457305908,-17.7582569122314,"Unknown"
"5020559",370757,2026-04-26 11:54:48,28.8230323791504,-17.7583141326904,"Unknown"
"5020559",370757,2026-04-26 11:55:48,28.8230361938477,-17.7583637237549,"Unknown"
"5020559",370757,2026-04-26 11:56:48,28.823055267334,-17.758415222168,"Unknown"
"5020559",370757,2026-04-26 11:57:48,28.823070526123,-17.7584533691406,"Unknown"
"5020559",370757,2026-04-26 11:58:48,28.8230686187744,-17.7584838867188,"Unknown"
"5020559",370757,2026-04-26 11:59:48,28.823070526123,-17.7584953308105,"Unknown"
"5020559",370757,2026-04-26 12:00:49,28.8231067657471,-17.7585372924805,"Unknown"
"5020559",370757,2026-04-26 12:01:50,28.8231029510498,-17.7585697174072,"Unknown"
"5020559",370757,2026-04-26 12:02:48,28.8231220245361,-17.7586059570312,"Unknown"
"5020559",370757,2026-04-26 12:03:52,28.8231258392334,-17.758695602417,"Unknown"
"5020559",370757,2026-04-26 12:04:53,28.8231220245361,-17.7587699890137,"Unknown"
"5020559",370757,2026-04-26 12:06:17,28.8231258392334,-17.758882522583,"Unknown"
"5020559",370757,2026-04-26 12:06:49,28.8231258392334,-17.7589206695557,"Unknown"
"5020559",370757,2026-04-26 12:07:48,28.8231220245361,-17.7589721679688,"Unknown"
"5020559",370757,2026-04-26 12:08:48,28.8231163024902,-17.759033203125,"Unknown"
"5020559",370757,2026-04-26 12:09:49,28.8231220245361,-17.7591114044189,"Unknown"
"5020559",370757,2026-04-26 12:10:49,28.8231163024902,-17.7591800689697,"Unknown"
"5020559",370757,2026-04-26 12:11:48,28.8231048583984,-17.7592582702637,"Unknown"
"5020559",370757,2026-04-26 12:12:49,28.8230895996094,-17.7593269348145,"Unknown"
"5020559",370757,2026-04-26 12:13:48,28.8230953216553,-17.7594089508057,"Unknown"
"5020559",370757,2026-04-26 12:14:51,28.8230838775635,-17.7594451904297,"Unknown"
"5020559",370757,2026-04-26 12:15:49,28.8230819702148,-17.7595138549805,"Unknown"
"5020559",370757,2026-04-26 12:16:49,28.8230648040771,-17.7595691680908,"Unknown"
"5020559",370757,2026-04-26 12:17:49,28.8230648040771,-17.7596302032471,"Unknown"
"5020559",370757,2026-04-26 12:18:49,28.8230648040771,-17.7596969604492,"Unknown"
"5020559",370757,2026-04-26 12:19:50,28.8230762481689,-17.7597808837891,"Unknown"
"5020559",370757,2026-04-26 12:20:49,28.8230819702148,-17.7598342895508,"Unknown"
"5020559",370757,2026-04-26 12:21:49,28.8230934143066,-17.7599067687988,"Unknown"
"5020559",370757,2026-04-26 12:22:49,28.8231048583984,-17.7599411010742,"Unknown"
"5020559",370757,2026-04-26 12:23:49,28.8231201171875,-17.7599716186523,"Unknown"
"5020559",370757,2026-04-26 12:24:49,28.8231601715088,-17.7600173950195,"Unknown"
"5020559",370757,2026-04-26 12:25:53,28.8231830596924,-17.7600612640381,"Unknown"
"5020559",370757,2026-04-26 12:26:49,28.8232002258301,-17.7601089477539,"Unknown"
"5020559",370757,2026-04-26 12:27:49,28.8232135772705,-17.7601299285889,"Unknown"
"5020559",370757,2026-04-26 12:28:51,28.8232479095459,-17.7601337432861,"Unknown"
"5020559",370757,2026-04-26 12:29:50,28.8232765197754,-17.7601528167725,"Unknown"
"5020559",370757,2026-04-26 12:30:49,28.8232803344727,-17.7601566314697,"Unknown"
"5020559",370757,2026-04-26 12:31:49,28.8232898712158,-17.7601757049561,"Unknown"
"5020559",370757,2026-04-26 12:32:50,28.8233108520508,-17.7601985931396,"Unknown"
"5020559",370757,2026-04-26 12:33:48,28.8233070373535,-17.7602100372314,"Unknown"
"5020559",370757,2026-04-26 12:34:48,28.8233165740967,-17.760232925415,"Unknown"
"5020559",370757,2026-04-26 12:35:48,28.8233165740967,-17.7602500915527,"Unknown"
"5020559",370757,2026-04-26 12:36:48,28.8233070373535,-17.7602596282959,"Unknown"
"5020559",370757,2026-04-26 12:37:48,28.8233165740967,-17.7602825164795,"Unknown"
"5020559",370757,2026-04-26 12:38:48,28.8232975006104,-17.7602920532227,"Unknown"
"5020559",370757,2026-04-26 12:39:50,28.823299407959,-17.7603225708008,"Unknown"
"5020559",370757,2026-04-26 12:40:49,28.8251647949219,-17.7548675537109,"Unknown"
"5020559",370757,2026-04-26 12:41:50,28.8265895843506,-17.7515544891357,"Unknown"
"5020559",370757,2026-04-26 12:42:47,28.8273220062256,-17.7511043548584,"Unknown"
"5020559",370757,2026-04-26 12:43:51,28.827278137207,-17.7511100769043,"Unknown"
"5020559",370757,2026-04-26 12:44:51,28.8278694152832,-17.7512397766113,"Unknown"
"5020559",370757,2026-04-26 12:45:51,28.8278484344482,-17.7512741088867,"Unknown"
"5020559",370757,2026-04-26 12:46:52,28.8278141021729,-17.7512989044189,"Unknown"
"5020559",370757,2026-04-26 12:47:51,28.8277759552002,-17.7513160705566,"Unknown"
"5020559",370757,2026-04-26 12:48:51,28.8277397155762,-17.7513179779053,"Unknown"
"5020559",370757,2026-04-26 12:49:52,28.8276958465576,-17.7513256072998,"Unknown"
"5020559",370757,2026-04-26 12:50:51,28.8276634216309,-17.7513656616211,"Unknown"
"5020559",370757,2026-04-26 12:51:50,28.8276100158691,-17.7513618469238,"Unknown"
"5020559",370757,2026-04-26 12:52:51,28.8275718688965,-17.7513885498047,"Unknown"
"5020559",370757,2026-04-26 12:53:51,28.8275451660156,-17.7514114379883,"Unknown"
"5020559",370757,2026-04-26 12:54:52,28.8274936676025,-17.7514209747314,"Unknown"
"5020559",370757,2026-04-26 12:55:51,28.8274536132812,-17.7514400482178,"Unknown"
"5020559",370757,2026-04-26 12:56:52,28.8274078369141,-17.7514095306396,"Unknown"
"5020559",370757,2026-04-26 12:57:52,28.827392578125,-17.7514324188232,"Unknown"
"5020559",370757,2026-04-26 12:58:51,28.8273582458496,-17.7514343261719,"Unknown"
"5020559",370757,2026-04-26 12:59:51,28.8273220062256,-17.7514762878418,"Unknown"
"5020559",370757,2026-04-26 13:00:52,28.8272705078125,-17.7514686584473,"Unknown"
"5020559",370757,2026-04-26 13:01:53,28.8272304534912,-17.7514877319336,"Unknown"
"5020559",370757,2026-04-26 13:02:51,28.8271865844727,-17.7514801025391,"Unknown"
"5020559",370757,2026-04-26 13:03:51,28.8271598815918,-17.7514934539795,"Unknown"
"5020559",370757,2026-04-26 13:04:52,28.8271312713623,-17.751501083374,"Unknown"
"5020559",370757,2026-04-26 13:05:52,28.8270778656006,-17.7514934539795,"Unknown"
"5020559",370757,2026-04-26 13:06:51,28.8270397186279,-17.7514991760254,"Unknown"
"5020559",370757,2026-04-26 13:07:52,28.8269939422607,-17.7514953613281,"Unknown"
"5020559",370757,2026-04-26 13:08:52,28.826961517334,-17.7514972686768,"Unknown"
"5020559",370757,2026-04-26 13:09:52,28.8269443511963,-17.7515106201172,"Unknown"
"5020559",370757,2026-04-26 13:10:51,28.8269214630127,-17.7514953613281,"Unknown"
"5020559",370757,2026-04-26 13:11:51,28.8269023895264,-17.751485824585,"Unknown"
"5020559",370757,2026-04-26 13:12:51,28.8268814086914,-17.7514629364014,"Unknown"
"5020559",370757,2026-04-26 13:13:51,28.8268508911133,-17.7514495849609,"Unknown"
"5020559",370757,2026-04-26 13:14:51,28.8268051147461,-17.7514133453369,"Unknown"
"5020559",370757,2026-04-26 13:15:51,28.8267879486084,-17.751407623291,"Unknown"
"5020559",370757,2026-04-26 13:16:51,28.8267669677734,-17.7514038085938,"Unknown"
"5020559",370757,2026-04-26 13:17:52,28.8267459869385,-17.7513980865479,"Unknown"
"5020559",370757,2026-04-26 13:18:51,28.8267269134521,-17.7513523101807,"Unknown"
"5020559",370757,2026-04-26 13:19:51,28.8266944885254,-17.7513217926025,"Unknown"
"5020559",370757,2026-04-26 13:20:52,28.8266944885254,-17.7512969970703,"Unknown"
"5020559",370757,2026-04-26 13:21:51,28.8267631530762,-17.7512645721436,"Unknown"
"5020559",370757,2026-04-26 13:22:51,28.8266563415527,-17.7512054443359,"Unknown"
"5020559",370757,2026-04-26 13:23:52,28.8266525268555,-17.7511577606201,"Unknown"
"5020559",370757,2026-04-26 13:24:51,28.8266525268555,-17.7511310577393,"Unknown"
"5020559",370757,2026-04-26 13:25:52,28.826639175415,-17.7510852813721,"Unknown"
"5020559",370757,2026-04-26 13:26:52,28.8266372680664,-17.7510623931885,"Unknown"
"5020559",370757,2026-04-26 13:27:52,28.8266468048096,-17.7510147094727,"Unknown"
"5020559",370757,2026-04-26 13:28:51,28.8266754150391,-17.7509727478027,"Unknown"
"5020559",370757,2026-04-26 13:29:53,28.8266468048096,-17.7509593963623,"Unknown"
"5020559",370757,2026-04-26 13:30:53,28.8266716003418,-17.750919342041,"Unknown"
"5020559",370757,2026-04-26 13:31:53,28.8267021179199,-17.7508640289307,"Unknown"
"5020559",370757,2026-04-26 13:32:53,28.8267135620117,-17.7508640289307,"Unknown"
"5020559",370757,2026-04-26 13:33:52,28.8267097473145,-17.7508392333984,"Unknown"
"5020559",370757,2026-04-26 13:34:51,28.8267078399658,-17.7508220672607,"Unknown"
"5020559",370757,2026-04-26 13:35:51,28.8267097473145,-17.750804901123,"Unknown"
"5020559",370757,2026-04-26 13:36:51,28.8267288208008,-17.7507991790771,"Unknown"
"5020559",370757,2026-04-26 13:37:51,28.826717376709,-17.7507839202881,"Unknown"
"5020559",370757,2026-04-26 13:38:52,28.8267230987549,-17.7508201599121,"Unknown"
"5020559",370757,2026-04-26 13:39:52,28.826732635498,-17.7508220672607,"Unknown"
"5020559",370757,2026-04-26 13:40:52,28.826717376709,-17.7508354187012,"Unknown"
"5020559",370757,2026-04-26 13:41:52,28.8266925811768,-17.7508640289307,"Unknown"
"5020559",370757,2026-04-26 13:42:53,28.8266754150391,-17.7509307861328,"Unknown"
"5020559",370757,2026-04-26 13:43:52,28.8266544342041,-17.7509670257568,"Unknown"
"5020559",370757,2026-04-26 13:44:52,28.8266334533691,-17.7510223388672,"Unknown"
"5020559",370757,2026-04-26 13:45:53,28.8266162872314,-17.7510967254639,"Unknown"
"5020559",370757,2026-04-26 13:46:52,28.826602935791,-17.7511577606201,"Unknown"
"5020559",370757,2026-04-26 13:47:54,28.8265914916992,-17.7512264251709,"Unknown"
"5020559",370757,2026-04-26 13:48:54,28.8265686035156,-17.7513046264648,"Unknown"
"5020559",370757,2026-04-26 13:49:53,28.8266563415527,-17.7510814666748,"Unknown"
"5020559",370757,2026-04-26 13:50:53,28.8226089477539,-17.7542991638184,"Unknown"
"5020559",370757,2026-04-26 13:51:52,28.8172168731689,-17.7543678283691,"Unknown"
"5020559",370757,2026-04-26 13:53:17,28.8172912597656,-17.7544460296631,"Unknown"
"5020559",370757,2026-04-26 13:53:51,28.8181743621826,-17.7553539276123,"Unknown"
"5020559",370757,2026-04-26 13:54:51,28.8181800842285,-17.755407333374,"Unknown"
"5020559",370757,2026-04-26 13:55:51,28.819616317749,-17.756555557251,"Unknown"
"5020559",370757,2026-04-26 13:56:51,28.8200263977051,-17.7567806243896,"Unknown"
"5020559",370757,2026-04-26 13:57:51,28.8200607299805,-17.756799697876,"Unknown"
"5020559",370757,2026-04-26 13:58:51,28.8200798034668,-17.7568588256836,"Unknown"
"5020559",370757,2026-04-26 13:59:51,28.820104598999,-17.7569217681885,"Unknown"
"5020559",370757,2026-04-26 14:00:51,28.8220043182373,-17.758810043335,"Unknown"
"5020559",370757,2026-04-26 14:01:51,28.8250217437744,-17.7582473754883,"Unknown"
"5020559",370757,2026-04-26 14:02:51,28.8250637054443,-17.7582511901855,"Unknown"
"5020559",370757,2026-04-26 14:03:52,28.8250885009766,-17.7582664489746,"Unknown"
"5020559",370757,2026-04-26 14:04:53,28.8259372711182,-17.7573471069336,"Unknown"
"5020559",370757,2026-04-26 14:05:52,28.8287315368652,-17.754243850708,"Unknown"
"5020559",370757,2026-04-26 14:06:52,28.8294124603271,-17.7555732727051,"Unknown"
"5020559",370757,2026-04-26 14:07:52,28.829475402832,-17.7556591033936,"Unknown"
"5020559",370757,2026-04-26 14:08:52,28.8304405212402,-17.7565841674805,"Unknown"
"5020559",370757,2026-04-26 14:09:51,28.8337097167969,-17.7588806152344,"Unknown"
"5020559",370757,2026-04-26 14:10:52,28.8347702026367,-17.758960723877,"Unknown"
"5020559",370757,2026-04-26 14:11:53,28.8359642028809,-17.759786605835,"Unknown"
"5020559",370757,2026-04-26 14:12:53,28.8377876281738,-17.760799407959,"Unknown"
"5020559",370757,2026-04-26 14:13:51,28.838680267334,-17.7615013122559,"Unknown"
"5020559",370757,2026-04-26 14:14:51,28.8398914337158,-17.7619781494141,"Unknown"
"5020559",370757,2026-04-26 14:15:52,28.8404979705811,-17.7633304595947,"Unknown"
"5020559",370757,2026-04-26 14:16:52,28.8410587310791,-17.763801574707,"Unknown"
"5020559",370757,2026-04-26 14:17:52,28.8420066833496,-17.7648887634277,"Unknown"
"5020559",370757,2026-04-26 14:18:52,28.8422966003418,-17.764892578125,"Unknown"
"5020559",370757,2026-04-26 14:19:52,28.8425140380859,-17.764928817749,"Unknown"
"5020559",370757,2026-04-26 14:20:52,28.8426971435547,-17.7649612426758,"Unknown"
"5020559",370757,2026-04-26 14:21:53,28.8428573608398,-17.7649898529053,"Unknown"
"5020559",370757,2026-04-26 14:22:53,28.843053817749,-17.7651786804199,"Unknown"
"5020559",370757,2026-04-26 14:23:52,28.8467254638672,-17.7643737792969,"Unknown"
"5020559",370757,2026-04-26 14:24:53,28.8486499786377,-17.7622604370117,"Unknown"
"5020559",370757,2026-04-26 14:25:53,28.8453407287598,-17.7570991516113,"Unknown"
"5020559",370757,2026-04-26 14:26:53,28.8435974121094,-17.7515258789062,"Unknown"
"5020559",370757,2026-04-26 14:27:52,28.8416862487793,-17.7454872131348,"Unknown"
"5020559",370757,2026-04-26 14:28:53,28.8371295928955,-17.7412166595459,"Unknown"
"5020559",370757,2026-04-26 14:29:52,28.8321475982666,-17.7388648986816,"Unknown"
"5020559",370757,2026-04-26 14:30:52,28.8255596160889,-17.7369823455811,"Unknown"
"5020559",370757,2026-04-26 14:31:52,28.8200340270996,-17.7339725494385,"Unknown"
"5020559",370757,2026-04-26 14:32:53,28.814905166626,-17.7313556671143,"Unknown"
"5020559",370757,2026-04-26 14:33:53,28.8109531402588,-17.7295932769775,"Unknown"
"5020559",370757,2026-04-26 14:34:53,28.806095123291,-17.7281627655029,"Unknown"
"5020559",370757,2026-04-26 14:35:54,28.8017635345459,-17.727954864502,"Unknown"
"5020559",370757,2026-04-26 14:36:55,28.7962818145752,-17.7250366210938,"Unknown"
"5020559",370757,2026-04-26 14:37:53,28.7909965515137,-17.7250385284424,"Unknown"
"5020559",370757,2026-04-26 14:38:52,28.7852191925049,-17.7231407165527,"Unknown"
"5020559",370757,2026-04-26 14:39:53,28.7786808013916,-17.7195434570312,"Unknown"
"5020559",370757,2026-04-26 14:44:54,28.7786426544189,-17.7151832580566,"Unknown"
"5020559",370757,2026-04-26 14:49:53,28.7835750579834,-17.7130012512207,"Unknown"
"5020559",370757,2026-04-26 14:54:54,28.7868194580078,-17.7073135375977,"Unknown"
"5020559",370757,2026-04-26 14:59:53,28.7873878479004,-17.7075710296631,"Unknown"
"5020559",370757,2026-04-26 15:04:51,28.7956676483154,-17.6986846923828,"Unknown"
"5020559",370757,2026-04-26 15:09:53,28.7923908233643,-17.6957225799561,"Unknown"
"5020559",370757,2026-04-26 15:14:50,28.7905578613281,-17.6976833343506,"Unknown"
"5020559",370757,2026-04-26 15:19:55,28.7892379760742,-17.6969966888428,"Unknown"
"5020559",370757,2026-04-26 15:24:55,28.7839488983154,-17.6955490112305,"Unknown"
"5020559",370757,2026-04-26 15:29:51,28.7825412750244,-17.6905117034912,"Unknown"
"5020559",370757,2026-04-26 15:35:27,28.7792911529541,-17.6936931610107,"Unknown"
"5020559",370757,2026-04-26 15:40:02,28.7787857055664,-17.6948299407959,"Unknown"
"5020559",370757,2026-04-26 15:45:01,28.7789478302002,-17.6955795288086,"Unknown"
"5020559",370757,2026-04-26 15:50:02,28.7795562744141,-17.695779800415,"Unknown"
"5020559",370757,2026-04-26 15:55:02,28.7799167633057,-17.6938381195068,"Unknown"
"5020559",370757,2026-04-26 16:00:01,28.7843265533447,-17.6921310424805,"Unknown"
"5020559",370757,2026-04-26 16:05:01,28.785530090332,-17.6922912597656,"Unknown"
"5020559",370757,2026-04-26 16:10:02,28.7773284912109,-17.6912860870361,"Unknown"
"5020559",370757,2026-04-26 16:15:01,28.7755489349365,-17.6915378570557,"Unknown"
"5020559",370757,2026-04-26 16:20:01,28.7737483978271,-17.690357208252,"Unknown"
"5020559",370757,2026-04-26 16:25:01,28.7693462371826,-17.6886768341064,"Unknown"
"5020559",370757,2026-04-26 16:30:01,28.7675113677979,-17.6948986053467,"Unknown"
"5020559",370757,2026-04-26 16:35:01,28.7651557922363,-17.6909732818604,"Unknown"
"5020559",370757,2026-04-26 16:40:01,28.768835067749,-17.692985534668,"Unknown"
"5020559",370757,2026-04-26 16:45:01,28.7812538146973,-17.6759948730469,"Unknown"
"5020559",370757,2026-04-26 16:50:01,28.7811832427979,-17.6737537384033,"Unknown"
"5020559",370757,2026-04-26 16:55:01,28.7805805206299,-17.6712303161621,"Unknown"
"5020559",370757,2026-04-26 17:00:02,28.7785797119141,-17.673246383667,"Unknown"
"5020559",370757,2026-04-26 17:05:01,28.7788887023926,-17.6735095977783,"Unknown"
"5020559",370757,2026-04-26 17:10:03,28.7782382965088,-17.6728057861328,"Unknown"
"5020559",370757,2026-04-26 17:15:03,28.778600692749,-17.6731662750244,"Unknown"
"5020559",370757,2026-04-26 17:20:03,28.778844833374,-17.6737174987793,"Unknown"
"5020559",370757,2026-04-26 17:25:02,28.7755908966064,-17.6740741729736,"Unknown"
"5020559",370757,2026-04-26 17:30:04,28.7750778198242,-17.6720886230469,"Unknown"
"5020559",370757,2026-04-26 17:35:03,28.7732677459717,-17.6715507507324,"Unknown"
"5020559",370757,2026-04-26 17:40:01,28.7705249786377,-17.6689262390137,"Unknown"
"5020559",370757,2026-04-26 17:45:03,28.770580291748,-17.6663093566895,"Unknown"
"5020559",370757,2026-04-26 17:50:22,28.7707061767578,-17.666820526123,"Unknown"
"5020559",370757,2026-04-26 17:55:33,28.7694702148438,-17.6696910858154,"Unknown"
"5020559",370757,2026-04-26 18:00:01,28.7679462432861,-17.6680793762207,"Unknown"
"5020559",370757,2026-04-26 18:05:01,28.7683601379395,-17.6682929992676,"Unknown"
"5020559",370757,2026-04-26 18:10:01,28.7454414367676,-17.6430950164795,"Unknown"
"5020559",370757,2026-04-26 18:15:02,28.716178894043,-17.6219997406006,"Unknown"
"5020559",370757,2026-04-26 18:20:01,28.6931858062744,-17.6023788452148,"Unknown"
"5020559",370757,2026-04-26 18:25:01,28.6714401245117,-17.5823955535889,"Unknown"
"5020559",370757,2026-04-26 18:30:01,28.6472473144531,-17.559232711792,"Unknown"
"5020559",370757,2026-04-26 18:35:01,28.615852355957,-17.5350723266602,"Unknown"
"5020559",370757,2026-04-26 18:40:01,28.5870056152344,-17.5100688934326,"Unknown"
"5020559",370757,2026-04-26 18:45:01,28.5593643188477,-17.4846782684326,"Unknown"
"5020559",370757,2026-04-26 18:50:01,28.527099609375,-17.4693336486816,"Unknown"
"5020559",370757,2026-04-26 18:55:01,28.4920959472656,-17.4495830535889,"Unknown"
"5020559",370757,2026-04-26 19:00:01,28.4618511199951,-17.4267749786377,"Unknown"
"5020559",370757,2026-04-26 19:05:01,28.4302310943604,-17.4038352966309,"Unknown"
"5020559",370757,2026-04-26 19:10:01,28.4225196838379,-17.4017658233643,"Unknown"
"5020559",370757,2026-04-26 19:15:02,28.4280967712402,-17.432933807373,"Unknown"
"5020559",370757,2026-04-26 19:20:01,28.3992900848389,-17.4157733917236,"Unknown"
"5020559",370757,2026-04-26 19:25:02,28.3738250732422,-17.393238067627,"Unknown"
"5020559",370757,2026-04-26 19:30:01,28.3699951171875,-17.3850765228271,"Unknown"
"5020559",370757,2026-04-26 19:35:01,28.3586730957031,-17.377628326416,"Unknown"
"5020559",370757,2026-04-26 19:40:01,28.3328876495361,-17.3612461090088,"Unknown"
"5020559",370757,2026-04-26 19:45:01,28.3185958862305,-17.3560886383057,"Unknown"
"5020559",370757,2026-04-26 19:50:02,28.3296604156494,-17.3423366546631,"Unknown"
"5020559",370757,2026-04-26 19:55:01,28.3095645904541,-17.3290767669678,"Unknown"
"5020559",370757,2026-04-26 20:25:35,28.2050838470459,-17.337963104248,"Unknown"
"5020559",370757,2026-04-26 20:30:01,28.2056579589844,-17.3378772735596,"Unknown"
"5020559",370757,2026-04-26 20:35:02,28.2062816619873,-17.3378849029541,"Unknown"
"5020559",370757,2026-04-26 20:40:01,28.2068767547607,-17.3379936218262,"Unknown"
"5020559",370757,2026-04-26 20:45:01,28.2074909210205,-17.3381214141846,"Unknown"
"5020559",370757,2026-04-26 20:50:01,28.2080421447754,-17.3382358551025,"Unknown"
"5020559",370757,2026-04-26 20:55:01,28.2085838317871,-17.3383769989014,"Unknown"
"5020559",370757,2026-04-26 21:00:01,28.2091522216797,-17.3385963439941,"Unknown"
"5020559",370757,2026-04-26 21:05:02,28.2097206115723,-17.338809967041,"Unknown"
"5020559",370757,2026-04-26 21:10:01,28.2102279663086,-17.3389701843262,"Unknown"
"5020559",370757,2026-04-26 21:15:02,28.2107753753662,-17.3392677307129,"Unknown"
"5020559",370757,2026-04-26 21:20:02,28.2112407684326,-17.339448928833,"Unknown"
"5020559",370757,2026-04-26 21:25:01,28.2117519378662,-17.3397426605225,"Unknown"
"5020559",370757,2026-04-26 21:30:01,28.2123031616211,-17.3401069641113,"Unknown"
"5020559",370757,2026-04-26 21:35:02,28.2128047943115,-17.3404941558838,"Unknown"
"5020559",370757,2026-04-26 21:40:01,28.2132797241211,-17.3408660888672,"Unknown"
"5020559",370757,2026-04-26 21:45:01,28.2181205749512,-17.3573150634766,"Unknown"
"5020559",370757,2026-04-26 21:50:03,28.1908893585205,-17.3459281921387,"Unknown"
"5020559",370757,2026-04-26 21:55:01,28.1922283172607,-17.3364448547363,"Unknown"
"5020559",370757,2026-04-26 22:00:02,28.1927680969238,-17.3365135192871,"Unknown"
"5020559",370757,2026-04-26 22:05:02,28.193302154541,-17.3365478515625,"Unknown"
"5020559",370757,2026-04-26 22:10:04,28.1938514709473,-17.3364601135254,"Unknown"
"5020559",370757,2026-04-26 22:15:05,28.1942901611328,-17.3364658355713,"Unknown"
"5020559",370757,2026-04-26 22:20:05,28.1947898864746,-17.336576461792,"Unknown"
"5020559",370757,2026-04-26 22:25:06,28.1952266693115,-17.3365535736084,"Unknown"
"5020559",370757,2026-04-26 22:30:05,28.1956424713135,-17.3364524841309,"Unknown"
"5020559",370757,2026-04-26 22:35:04,28.19602394104,-17.3364276885986,"Unknown"
"5020559",370757,2026-04-26 22:40:03,28.1963710784912,-17.3363456726074,"Unknown"
"5020559",370757,2026-04-26 22:45:03,28.1966285705566,-17.336238861084,"Unknown"
"5020559",370757,2026-04-26 22:50:02,28.1967525482178,-17.3361740112305,"Unknown"
"5020559",370757,2026-04-26 22:55:03,28.1968269348145,-17.3360004425049,"Unknown"
"5020559",370757,2026-04-26 23:00:33,28.1968822479248,-17.335901260376,"Unknown"
"5020559",370757,2026-04-26 23:05:01,28.1969318389893,-17.3357276916504,"Unknown"
"5020559",370757,2026-04-26 23:10:01,28.1967353820801,-17.3353862762451,"Unknown"
"5020559",370757,2026-04-26 23:15:01,28.1965217590332,-17.335205078125,"Unknown"
"5020559",370757,2026-04-26 23:20:01,28.1963119506836,-17.3350448608398,"Unknown"
"5020559",370757,2026-04-26 23:25:01,28.1960868835449,-17.3348903656006,"Unknown"
"5020559",370757,2026-04-26 23:30:01,28.1958065032959,-17.334774017334,"Unknown"
"5020559",370757,2026-04-26 23:35:01,28.1955013275146,-17.3346729278564,"Unknown"
"5020559",370757,2026-04-26 23:40:01,28.1951122283936,-17.3345165252686,"Unknown"
"5020559",370757,2026-04-26 23:45:01,28.1946849822998,-17.3342838287354,"Unknown"
"5020559",370757,2026-04-26 23:50:01,28.1941680908203,-17.3341083526611,"Unknown"
"5020559",370757,2026-04-26 23:55:01,28.1935882568359,-17.334005355835,"Unknown"
"5020559",370757,2026-04-27 00:00:01,28.1930255889893,-17.3339405059814,"Unknown"
"5020559",370757,2026-04-27 00:05:01,28.1928691864014,-17.3344249725342,"Unknown"
"5020559",370757,2026-04-27 00:10:01,28.1926307678223,-17.3348217010498,"Unknown"
"5020559",370757,2026-04-27 00:15:01,28.1923370361328,-17.33518409729,"Unknown"
"5020559",370757,2026-04-27 00:20:01,28.1919441223145,-17.3355445861816,"Unknown"
"5020559",370757,2026-04-27 00:25:01,28.1915054321289,-17.3359260559082,"Unknown"
"5020559",370757,2026-04-27 00:30:01,28.1910591125488,-17.3363132476807,"Unknown"
"5020559",370757,2026-04-27 00:35:01,28.1905364990234,-17.3366851806641,"Unknown"
"5020559",370757,2026-04-27 00:40:01,28.1900100708008,-17.3370361328125,"Unknown"
"5020559",370757,2026-04-27 00:45:01,28.1895427703857,-17.3373794555664,"Unknown"
"5020559",370757,2026-04-27 00:50:02,28.1890296936035,-17.3377342224121,"Unknown"
"5020559",370757,2026-04-27 00:55:03,28.1884822845459,-17.3380603790283,"Unknown"
"5020559",370757,2026-04-27 01:00:03,28.1877746582031,-17.3382606506348,"Unknown"
"5020559",370757,2026-04-27 01:05:03,28.1872367858887,-17.3385696411133,"Unknown"
"5020559",370757,2026-04-27 01:10:03,28.1866569519043,-17.3388519287109,"Unknown"
"5020559",370757,2026-04-27 01:15:02,28.1859874725342,-17.3391551971436,"Unknown"
"5020559",370757,2026-04-27 01:20:03,28.1852893829346,-17.3396148681641,"Unknown"
"5020559",370757,2026-04-27 01:25:05,28.1845664978027,-17.3402118682861,"Unknown"
"5020559",370757,2026-04-27 01:30:01,28.1838245391846,-17.3407230377197,"Unknown"
"5020559",370757,2026-04-27 01:35:04,28.1829872131348,-17.3411426544189,"Unknown"
"5020559",370757,2026-04-27 01:40:04,28.1821460723877,-17.3415393829346,"Unknown"
"5020559",370757,2026-04-27 01:45:04,28.1812973022461,-17.3419036865234,"Unknown"
"5020559",370757,2026-04-27 01:50:33,28.1803760528564,-17.3424091339111,"Unknown"
"5020559",370757,2026-04-27 01:55:01,28.1795597076416,-17.3427333831787,"Unknown"
"5020559",370757,2026-04-27 02:00:01,28.178560256958,-17.3430786132812,"Unknown"
"5020559",370757,2026-04-27 02:05:01,28.1773300170898,-17.343132019043,"Unknown"
"5020559",370757,2026-04-27 02:10:01,28.176197052002,-17.3433589935303,"Unknown"
"5020559",370757,2026-04-27 02:15:01,28.1749973297119,-17.343713760376,"Unknown"
"5020559",370757,2026-04-27 02:20:01,28.1738109588623,-17.3441143035889,"Unknown"
"5020559",370757,2026-04-27 02:25:01,28.1726608276367,-17.3446464538574,"Unknown"
"5020559",370757,2026-04-27 02:30:01,28.1716384887695,-17.345458984375,"Unknown"
"5020559",370757,2026-04-27 02:35:01,28.17041015625,-17.3459243774414,"Unknown"
"5020559",370757,2026-04-27 02:40:01,28.1691780090332,-17.3465843200684,"Unknown"
"5020559",370757,2026-04-27 02:45:01,28.1679553985596,-17.347261428833,"Unknown"
"5020559",370757,2026-04-27 02:50:01,28.166784286499,-17.3479900360107,"Unknown"
"5020559",370757,2026-04-27 02:55:01,28.1656589508057,-17.3486671447754,"Unknown"
"5020559",370757,2026-04-27 03:00:01,28.1646308898926,-17.3493309020996,"Unknown"
"5020559",370757,2026-04-27 03:05:01,28.1636066436768,-17.3499736785889,"Unknown"
"5020559",370757,2026-04-27 03:10:01,28.1625843048096,-17.3506126403809,"Unknown"
"5020559",370757,2026-04-27 03:15:01,28.1615390777588,-17.3511905670166,"Unknown"
"5020559",370757,2026-04-27 03:20:01,28.1605358123779,-17.3518447875977,"Unknown"
"5020559",370757,2026-04-27 03:25:01,28.1595401763916,-17.3525333404541,"Unknown"
"5020559",370757,2026-04-27 03:30:01,28.1585178375244,-17.35325050354,"Unknown"
"5020559",370757,2026-04-27 03:35:01,28.1574077606201,-17.3539924621582,"Unknown"
"5020559",370757,2026-04-27 03:40:01,28.1562232971191,-17.3552894592285,"Unknown"
"5020559",370757,2026-04-27 03:45:01,28.1549987792969,-17.3564109802246,"Unknown"
"5020559",370757,2026-04-27 03:50:03,28.1541805267334,-17.3591690063477,"Unknown"
"5020559",370757,2026-04-27 03:55:01,28.1529941558838,-17.360050201416,"Unknown"
"5020559",370757,2026-04-27 04:00:32,28.1518115997314,-17.3619613647461,"Unknown"
"5020559",370757,2026-04-27 04:05:01,28.1508293151855,-17.362756729126,"Unknown"
"5020559",370757,2026-04-27 04:10:01,28.1496353149414,-17.3636817932129,"Unknown"
"5020559",370757,2026-04-27 04:15:01,28.1485633850098,-17.3673210144043,"Unknown"
"5020559",370757,2026-04-27 04:20:01,28.1475105285645,-17.3681774139404,"Unknown"
"5020559",370757,2026-04-27 04:25:01,28.1465263366699,-17.3691005706787,"Unknown"
"5020559",370757,2026-04-27 04:30:01,28.145658493042,-17.3700923919678,"Unknown"
"5020559",370757,2026-04-27 04:35:03,28.1450748443604,-17.3720245361328,"Unknown"
"5020559",370757,2026-04-27 04:40:03,28.1447906494141,-17.3732490539551,"Unknown"
"5020559",370757,2026-04-27 04:45:03,28.1441230773926,-17.3739109039307,"Unknown"
"5020559",370757,2026-04-27 04:50:03,28.1433525085449,-17.3746871948242,"Unknown"
"5020559",370757,2026-04-27 04:55:01,28.1427268981934,-17.3754711151123,"Unknown"
"5020559",370757,2026-04-27 05:00:01,28.1420574188232,-17.3762722015381,"Unknown"
"5020559",370757,2026-04-27 05:05:01,28.1415061950684,-17.3769969940186,"Unknown"
"5020559",370757,2026-04-27 05:10:01,28.1409645080566,-17.377649307251,"Unknown"
"5020559",370757,2026-04-27 05:15:02,28.1404933929443,-17.3806838989258,"Unknown"
"5020559",370757,2026-04-27 05:20:02,28.1402816772461,-17.3825969696045,"Unknown"
"5020559",370757,2026-04-27 05:25:04,28.1396999359131,-17.3834247589111,"Unknown"
"5020559",370757,2026-04-27 05:30:03,28.1390953063965,-17.3842334747314,"Unknown"
"5020559",370757,2026-04-27 05:35:03,28.1382713317871,-17.3843269348145,"Unknown"
"5020559",370757,2026-04-27 05:40:04,28.1370010375977,-17.3840923309326,"Unknown"
"5020559",370757,2026-04-27 05:45:06,28.1337833404541,-17.3808860778809,"Unknown"
"5020559",370757,2026-04-27 05:50:04,28.1318664550781,-17.3795032501221,"Unknown"
"5020559",370757,2026-04-27 05:55:09,28.1305160522461,-17.3766479492188,"Unknown"
"5020559",370757,2026-04-27 06:00:03,28.1258850097656,-17.3720703125,"Unknown"
"5020559",370757,2026-04-27 06:06:26,28.1144618988037,-17.386287689209,"Unknown"
"5020559",370757,2026-04-27 06:11:26,28.1062393188477,-17.4045238494873,"Unknown"
"5020559",370757,2026-04-27 06:21:26,28.0634422302246,-17.3651676177979,"Unknown"
"5020559",370757,2026-04-27 06:26:26,28.0392112731934,-17.3750324249268,"Unknown"
"5020559",370757,2026-04-27 06:31:26,28.0148487091064,-17.3722915649414,"Unknown"
"5020559",370757,2026-04-27 06:36:26,27.9943695068359,-17.3700847625732,"Unknown"
"5020559",370757,2026-04-27 06:41:26,27.9652194976807,-17.3984699249268,"Unknown"
"5020559",370757,2026-04-27 06:56:26,27.8864631652832,-17.4831085205078,"Unknown"
"5020559",370757,2026-04-27 07:01:03,27.8748512268066,-17.5023822784424,"Unknown"
"5020559",370757,2026-04-27 07:05:01,27.8720073699951,-17.5070724487305,"Unknown"
"5020559",370757,2026-04-27 07:10:01,27.8524017333984,-17.539909362793,"Unknown"
"5020559",370757,2026-04-27 07:15:01,27.843017578125,-17.5657501220703,"Unknown"
"5020559",370757,2026-04-27 07:20:01,27.8300457000732,-17.5579719543457,"Unknown"
"5020559",370757,2026-04-27 07:25:01,27.829195022583,-17.5538902282715,"Unknown"
"5020559",370757,2026-04-27 07:30:01,27.8287544250488,-17.5504512786865,"Unknown"
"5020559",370757,2026-04-27 07:35:03,27.8312664031982,-17.5461444854736,"Unknown"
"5020559",370757,2026-04-27 07:40:02,27.8323631286621,-17.5414867401123,"Unknown"
"5020559",370757,2026-04-27 07:45:03,27.8361015319824,-17.5356922149658,"Unknown"
"5020559",370757,2026-04-27 07:50:01,27.836612701416,-17.5301361083984,"Unknown"
"5020559",370757,2026-04-27 07:55:04,27.8379020690918,-17.5248184204102,"Unknown"
"5020559",370757,2026-04-27 08:00:04,27.840856552124,-17.5234451293945,"Unknown"
"5020559",370757,2026-04-27 08:05:02,27.8433780670166,-17.519021987915,"Unknown"
"5020559",370757,2026-04-27 08:10:04,27.8438453674316,-17.5157985687256,"Unknown"
"5020559",370757,2026-04-27 08:15:03,27.8456192016602,-17.51220703125,"Unknown"
"5020559",370757,2026-04-27 08:20:02,27.8475494384766,-17.5115432739258,"Unknown"
"5020559",370757,2026-04-27 08:25:02,27.8540744781494,-17.5088710784912,"Unknown"
"5020559",370757,2026-04-27 08:30:02,27.8537406921387,-17.5059623718262,"Unknown"
"5020559",370757,2026-04-27 08:35:02,27.8549919128418,-17.5024433135986,"Unknown"
"5020559",370757,2026-04-27 08:40:02,27.8436412811279,-17.474308013916,"Unknown"
"5020559",370757,2026-04-27 08:45:04,27.8285732269287,-17.4442577362061,"Unknown"
"5020559",370757,2026-04-27 08:50:05,27.8105316162109,-17.4167709350586,"Unknown"
"5020559",370757,2026-04-27 08:55:02,27.8025970458984,-17.3871364593506,"Unknown"
"5020559",370757,2026-04-27 09:00:06,27.7948837280273,-17.3530349731445,"Unknown"
"5020559",370757,2026-04-27 09:05:03,27.7907333374023,-17.3212146759033,"Unknown"
"5020559",370757,2026-04-27 09:10:08,27.7880592346191,-17.287914276123,"Unknown"
"5020559",370757,2026-04-27 09:37:15,27.7869186401367,-17.1973114013672,"Unknown"
"5020559",370757,2026-04-27 09:42:15,27.7818584442139,-17.1703319549561,"Unknown"
"5020559",370757,2026-04-27 09:47:15,27.7687244415283,-17.1445770263672,"Unknown"
"5020559",370757,2026-04-27 09:52:15,27.7490005493164,-17.1178722381592,"Unknown"
"5020559",370757,2026-04-27 09:57:15,27.7293872833252,-17.0867671966553,"Unknown"
"5020559",370757,2026-04-27 10:21:20,27.6557025909424,-16.9424152374268,"Unknown"
"5020559",370757,2026-04-27 10:25:50,27.6438770294189,-16.9189376831055,"Unknown"
"5020559",370757,2026-04-27 10:30:53,27.6307468414307,-16.8858757019043,"Unknown"
"5020559",370757,2026-04-27 10:35:54,27.6216468811035,-16.8528175354004,"Unknown"
"5020559",370757,2026-04-27 10:40:54,27.6136627197266,-16.8237915039062,"Unknown"
"5020559",370757,2026-04-27 10:45:53,27.6075687408447,-16.7955894470215,"Unknown"
"5020559",370757,2026-04-27 10:50:54,27.6002407073975,-16.7760734558105,"Unknown"
"5020559",370757,2026-04-27 10:55:54,27.5892372131348,-16.7571678161621,"Unknown"
"5020559",370757,2026-04-27 11:00:53,27.5765151977539,-16.740198135376,"Unknown"
"5020559",370757,2026-04-27 11:05:54,27.5650444030762,-16.7205009460449,"Unknown"
"5020559",370757,2026-04-27 11:10:56,27.5483837127686,-16.7047367095947,"Unknown"
"5020559",370757,2026-04-27 11:15:54,27.5342464447021,-16.6879081726074,"Unknown"
"5020559",370757,2026-04-27 11:20:54,27.5199718475342,-16.6751480102539,"Unknown"
"5020559",370757,2026-04-27 11:25:56,27.5001125335693,-16.6618061065674,"Unknown"
"5020559",370757,2026-04-27 11:30:54,27.4882392883301,-16.6490459442139,"Unknown"
"5020559",370757,2026-04-27 11:35:53,27.4677581787109,-16.6360988616943,"Unknown"
"5020559",370757,2026-04-27 11:40:56,27.4447345733643,-16.6235980987549,"Unknown"
"5020559",370757,2026-04-27 11:45:55,27.4201221466064,-16.6094570159912,"Unknown"
"5020559",370757,2026-04-27 11:50:54,27.3977832794189,-16.5938415527344,"Unknown"
"5020559",370757,2026-04-27 11:55:54,27.3775024414062,-16.5745487213135,"Unknown"
"5020559",370757,2026-04-27 12:00:55,27.3774242401123,-16.5750732421875,"Unknown"
"5020559",370757,2026-04-27 12:05:55,27.3726959228516,-16.571081161499,"Unknown"
"5020559",370757,2026-04-27 12:10:55,27.3541584014893,-16.5523586273193,"Unknown"
"5020559",370757,2026-04-27 12:15:56,27.3290309906006,-16.5358963012695,"Unknown"
"5020559",370757,2026-04-27 12:20:55,27.3081684112549,-16.518741607666,"Unknown"
"5020559",370757,2026-04-27 12:25:55,27.2851943969727,-16.4998264312744,"Unknown"
"5020559",370757,2026-04-27 12:30:54,27.263204574585,-16.479341506958,"Unknown"
"5020559",370757,2026-04-27 12:35:57,27.2486801147461,-16.4635562896729,"Unknown"
"5020559",370757,2026-04-27 12:40:55,27.2265472412109,-16.4413585662842,"Unknown"
"5020559",370757,2026-04-27 12:49:00,27.193489074707,-16.4012260437012,"Unknown"
"5020559",370757,2026-04-27 12:54:01,27.175666809082,-16.3748989105225,"Unknown"
"5020559",370757,2026-04-27 12:59:00,27.1602439880371,-16.3488807678223,"Unknown"
"5020559",370757,2026-04-27 13:04:00,27.1493663787842,-16.3265132904053,"Unknown"
"5020559",370757,2026-04-27 13:09:00,27.1300468444824,-16.3016586303711,"Unknown"
"5020559",370757,2026-04-27 13:13:59,27.1111259460449,-16.2758197784424,"Unknown"
"5020559",370757,2026-04-27 13:19:01,27.0937690734863,-16.2531032562256,"Unknown"
"5020559",370757,2026-04-27 13:25:23,27.0681419372559,-16.2184085845947,"Unknown"
"5020559",370757,2026-04-27 13:30:23,27.0487537384033,-16.193323135376,"Unknown"
"5020559",370757,2026-04-27 13:36:07,27.0357475280762,-16.1662635803223,"Unknown"
"5020559",370757,2026-04-27 13:41:03,27.0313911437988,-16.1635417938232,"Unknown"
"5020559",370757,2026-04-27 13:44:44,27.0296478271484,-16.1623764038086,"Unknown"
"5020559",370757,2026-04-27 13:49:45,27.023889541626,-16.1562423706055,"Unknown"
"5020559",370757,2026-04-27 13:54:45,27.0197315216064,-16.1521663665771,"Unknown"
"5020559",370757,2026-04-27 13:59:43,27.0136947631836,-16.1486625671387,"Unknown"
"5020559",370757,2026-04-27 14:04:44,27.0076808929443,-16.1457977294922,"Unknown"
"5020559",370757,2026-04-27 14:10:33,27.0004711151123,-16.1465167999268,"Unknown"
"5020559",370757,2026-04-27 14:14:42,26.9944362640381,-16.148754119873,"Unknown"
"5020559",370757,2026-04-27 14:19:44,26.9899921417236,-16.1530876159668,"Unknown"
"5020559",370757,2026-04-27 14:24:42,26.9835338592529,-16.1520347595215,"Unknown"
"5020559",370757,2026-04-27 14:29:42,26.9778995513916,-16.1548938751221,"Unknown"
"5020559",370757,2026-04-27 14:34:42,26.9727230072021,-16.15846824646,"Unknown"
"5020559",370757,2026-04-27 14:39:43,26.9674053192139,-16.1617984771729,"Unknown"
"5020559",370757,2026-04-27 14:44:43,26.9600982666016,-16.1660442352295,"Unknown"
"5020559",370757,2026-04-27 14:49:42,26.9558925628662,-16.1731967926025,"Unknown"
"5020559",370757,2026-04-27 14:54:47,26.950740814209,-16.1795806884766,"Unknown"
"5020559",370757,2026-04-27 14:59:44,26.9478244781494,-16.18723487854,"Unknown"
"5020559",370757,2026-04-27 15:04:42,26.9434776306152,-16.1932697296143,"Unknown"
"5020559",370757,2026-04-27 15:09:43,26.9419708251953,-16.1941242218018,"Unknown"
"5020559",370757,2026-04-27 15:14:42,26.9409561157227,-16.1938743591309,"Unknown"
"5020559",370757,2026-04-27 15:19:42,26.9400043487549,-16.1936130523682,"Unknown"
"5020559",370757,2026-04-27 15:24:43,26.9390182495117,-16.1933250427246,"Unknown"
"5020559",370757,2026-04-27 15:29:42,26.9380760192871,-16.1930656433105,"Unknown"
"5020559",370757,2026-04-27 15:34:44,26.9372043609619,-16.1928997039795,"Unknown"
"5020559",370757,2026-04-27 15:40:03,26.9363899230957,-16.1928157806396,"Unknown"
"5020559",370757,2026-04-27 15:44:42,26.935546875,-16.1927509307861,"Unknown"
"5020559",370757,2026-04-27 15:49:42,26.9346542358398,-16.1926250457764,"Unknown"
"5020559",370757,2026-04-27 15:54:42,26.9339141845703,-16.1927947998047,"Unknown"
"5020559",370757,2026-04-27 15:59:43,26.9336071014404,-16.1962661743164,"Unknown"
"5020559",370757,2026-04-27 16:04:42,26.9327011108398,-16.1958656311035,"Unknown"
"5020559",370757,2026-04-27 16:09:43,26.9247798919678,-16.1781826019287,"Unknown"
"5020559",370757,2026-04-27 16:14:43,26.9063568115234,-16.1498165130615,"Unknown"
"5020559",370757,2026-04-27 16:19:42,26.8869552612305,-16.121467590332,"Unknown"
"5020559",370757,2026-04-27 16:24:43,26.8659648895264,-16.0932331085205,"Unknown"
"5020559",370757,2026-04-27 16:29:42,26.8478698730469,-16.065502166748,"Unknown"
"5020559",370757,2026-04-27 16:34:42,26.82763671875,-16.0362987518311,"Unknown"
"5020559",370757,2026-04-27 16:39:42,26.8140563964844,-16.0065441131592,"Unknown"
"5020559",370757,2026-04-27 16:48:59,26.7909088134766,-15.9658432006836,"Unknown"
"5020559",370757,2026-04-27 16:53:58,26.7889404296875,-15.9657697677612,"Unknown"
"5020559",370757,2026-04-27 16:58:58,26.78759765625,-15.9668474197388,"Unknown"
"5020559",370757,2026-04-27 17:03:58,26.7879657745361,-15.9647912979126,"Unknown"
"5020559",370757,2026-04-27 17:08:58,26.7860794067383,-15.9631786346436,"Unknown"
"5020559",370757,2026-04-27 17:13:59,26.7861156463623,-15.9617681503296,"Unknown"
"5020559",370757,2026-04-27 17:18:58,26.7865352630615,-15.9601459503174,"Unknown"
"5020559",370757,2026-04-27 17:23:59,26.7875785827637,-15.9550228118896,"Unknown"
"5020559",370757,2026-04-27 17:28:58,26.7867908477783,-15.9525213241577,"Unknown"
"5020559",370757,2026-04-27 17:38:29,26.7754249572754,-15.9372072219849,"Unknown"
"5020559",370757,2026-04-27 17:40:23,26.7772827148438,-15.9287662506104,"Unknown"
"5020559",370757,2026-04-27 17:45:21,26.7659149169922,-15.9030952453613,"Unknown"
"5020559",370757,2026-04-27 17:48:59,26.7558612823486,-15.8846578598022,"Unknown"
"5020559",370757,2026-04-27 17:54:01,26.7401466369629,-15.8600330352783,"Unknown"
"5020559",370757,2026-04-27 17:58:58,26.726749420166,-15.8419437408447,"Unknown"
"5020559",370757,2026-04-27 18:03:58,26.7155685424805,-15.8159790039062,"Unknown"
"5020559",370757,2026-04-27 18:08:58,26.6984806060791,-15.7943325042725,"Unknown"
"5020559",370757,2026-04-27 18:13:59,26.6846542358398,-15.7716722488403,"Unknown"
"5020559",370757,2026-04-27 18:19:00,26.6676368713379,-15.7469530105591,"Unknown"
"5020559",370757,2026-04-27 18:23:59,26.6495933532715,-15.7225131988525,"Unknown"
"5020559",370757,2026-04-27 18:29:00,26.6334133148193,-15.6944952011108,"Unknown"
"5020559",370757,2026-04-27 18:34:07,26.6174583435059,-15.6664009094238,"Unknown"
"5020559",370757,2026-04-27 18:39:00,26.6115379333496,-15.6534786224365,"Unknown"
"5020559",370757,2026-04-27 18:44:07,26.6024608612061,-15.6442584991455,"Unknown"
"5020559",370757,2026-04-27 18:49:07,26.5866394042969,-15.6280717849731,"Unknown"
"5020559",370757,2026-04-27 18:55:23,26.5620346069336,-15.5996322631836,"Unknown"
"5020559",370757,2026-04-27 19:00:23,26.540641784668,-15.577320098877,"Unknown"
"5020559",370757,2026-04-27 19:05:23,26.5216693878174,-15.5543851852417,"Unknown"
"5020559",370757,2026-04-27 19:10:23,26.5023975372314,-15.5304431915283,"Unknown"
"5020559",370757,2026-04-27 19:15:23,26.4815254211426,-15.5054082870483,"Unknown"
"5020559",370757,2026-04-27 19:20:23,26.4632148742676,-15.4860992431641,"Unknown"
"5020559",370757,2026-04-27 19:25:23,26.440299987793,-15.4631376266479,"Unknown"
"5020559",370757,2026-04-27 19:30:17,26.4236946105957,-15.4456062316895,"Unknown"
"5020559",370757,2026-04-27 19:33:58,26.4076919555664,-15.4284610748291,"Unknown"
"5020559",370757,2026-04-27 19:38:58,26.3852081298828,-15.403733253479,"Unknown"
"5020559",370757,2026-04-27 19:44:02,26.3675918579102,-15.3805465698242,"Unknown"
"5020559",370757,2026-04-27 19:49:02,26.3464794158936,-15.355676651001,"Unknown"
"5020559",370757,2026-04-27 19:53:58,26.3236961364746,-15.3324489593506,"Unknown"
"5020559",370757,2026-04-27 19:59:01,26.3034610748291,-15.3066816329956,"Unknown"
"5020559",370757,2026-04-27 20:03:59,26.2896766662598,-15.2947330474854,"Unknown"
"5020559",370757,2026-04-27 20:09:01,26.2888507843018,-15.2950572967529,"Unknown"
"5020559",370757,2026-04-27 20:14:01,26.2810935974121,-15.2884883880615,"Unknown"
"5020559",370757,2026-04-27 20:18:59,26.2595520019531,-15.2629718780518,"Unknown"
"5020559",370757,2026-04-27 20:23:58,26.2538032531738,-15.2562141418457,"Unknown"
"5020559",370757,2026-04-27 20:28:58,26.2532329559326,-15.2563953399658,"Unknown"
"5020559",370757,2026-04-27 20:34:01,26.2526435852051,-15.2565975189209,"Unknown"
"5020559",370757,2026-04-27 20:38:58,26.2489070892334,-15.2506589889526,"Unknown"
"5020559",370757,2026-04-27 20:48:59,26.2478923797607,-15.2506151199341,"Unknown"
"5020559",370757,2026-04-27 20:54:02,26.2473621368408,-15.2507696151733,"Unknown"
"5020559",370757,2026-04-27 20:59:00,26.2468166351318,-15.2510147094727,"Unknown"
"5020559",370757,2026-04-27 21:04:00,26.2462482452393,-15.2510747909546,"Unknown"
"5020559",370757,2026-04-27 21:09:00,26.2456378936768,-15.2512178421021,"Unknown"
"5020559",370757,2026-04-27 21:14:00,26.2450771331787,-15.2514629364014,"Unknown"
"5020559",370757,2026-04-27 21:19:03,26.2444267272949,-15.2516527175903,"Unknown"
"5020559",370757,2026-04-27 21:24:33,26.2437381744385,-15.2519245147705,"Unknown"
"5020559",370757,2026-04-27 21:28:59,26.243236541748,-15.2521781921387,"Unknown"
"5020559",370757,2026-04-27 21:33:59,26.2426376342773,-15.2523279190063,"Unknown"
"5020559",370757,2026-04-27 21:38:59,26.2420902252197,-15.2526292800903,"Unknown"
"5020559",370757,2026-04-27 21:43:59,26.241491317749,-15.2528915405273,"Unknown"
"5020559",370757,2026-04-27 21:48:59,26.2408256530762,-15.2530899047852,"Unknown"
"5020559",370757,2026-04-27 21:53:59,26.2402820587158,-15.2534942626953,"Unknown"
"5020559",370757,2026-04-27 21:58:59,26.2396678924561,-15.2537870407104,"Unknown"
"5020559",370757,2026-04-27 22:03:59,26.2389583587646,-15.2539720535278,"Unknown"
"5020559",370757,2026-04-27 22:08:59,26.2382717132568,-15.2540884017944,"Unknown"
"5020559",370757,2026-04-27 22:13:59,26.2376308441162,-15.2542428970337,"Unknown"
"5020559",370757,2026-04-27 22:18:59,26.2369422912598,-15.254433631897,"Unknown"
"5020559",370757,2026-04-27 22:23:59,26.2361850738525,-15.25461769104,"Unknown"
"5020559",370757,2026-04-27 22:28:59,26.2354507446289,-15.2549324035645,"Unknown"
"5020559",370757,2026-04-27 22:33:59,26.234769821167,-15.2551860809326,"Unknown"
"5020559",370757,2026-04-27 22:38:59,26.2341594696045,-15.2554721832275,"Unknown"
"5020559",370757,2026-04-27 22:43:59,26.2334861755371,-15.2557258605957,"Unknown"
"5020559",370757,2026-04-27 22:48:59,26.2327556610107,-15.2559852600098,"Unknown"
"5020559",370757,2026-04-27 22:53:59,26.226921081543,-15.2468919754028,"Unknown"
"5020559",370757,2026-04-27 22:58:59,26.2046394348145,-15.222936630249,"Unknown"
"5020559",370757,2026-04-27 23:03:59,26.1801052093506,-15.1995220184326,"Unknown"
"5020559",370757,2026-04-27 23:09:00,26.1549777984619,-15.1761112213135,"Unknown"
"5020559",370757,2026-04-27 23:14:01,26.1339416503906,-15.15003490448,"Unknown"
"5020559",370757,2026-04-27 23:18:59,26.1150512695312,-15.1231355667114,"Unknown"
"5020559",370757,2026-04-27 23:24:00,26.1015148162842,-15.0993623733521,"Unknown"
"5020559",370757,2026-04-27 23:28:59,26.0916652679443,-15.0740823745728,"Unknown"
"5020559",370757,2026-04-27 23:34:01,26.0912113189697,-15.0733509063721,"Unknown"
"5020559",370757,2026-04-27 23:39:00,26.0905952453613,-15.0735731124878,"Unknown"
"5020559",370757,2026-04-27 23:43:59,26.0900249481201,-15.0738344192505,"Unknown"
"5020559",370757,2026-04-27 23:48:59,26.0894184112549,-15.0740537643433,"Unknown"
"5020559",370757,2026-04-27 23:54:00,26.0887851715088,-15.0742273330688,"Unknown"
"5020559",370757,2026-04-27 23:59:03,26.0881633758545,-15.0743598937988,"Unknown"
"5020559",370757,2026-04-28 00:04:32,26.0875797271729,-15.0746831893921,"Unknown"
"5020559",370757,2026-04-28 00:08:59,26.0870780944824,-15.0749130249023,"Unknown"
"5020559",370757,2026-04-28 00:13:59,26.0865173339844,-15.0751295089722,"Unknown"
"5020559",370757,2026-04-28 00:18:59,26.0859603881836,-15.075288772583,"Unknown"
"5020559",370757,2026-04-28 00:23:59,26.085298538208,-15.0753879547119,"Unknown"
"5020559",370757,2026-04-28 00:28:59,26.0845928192139,-15.0754919052124,"Unknown"
"5020559",370757,2026-04-28 00:34:00,26.0839328765869,-15.0756673812866,"Unknown"
"5020559",370757,2026-04-28 00:38:59,26.0832633972168,-15.0759172439575,"Unknown"
"5020559",370757,2026-04-28 00:49:00,26.0818023681641,-15.076247215271,"Unknown"
"5020559",370757,2026-04-28 00:53:59,26.0811290740967,-15.0763216018677,"Unknown"
"5020559",370757,2026-04-28 00:59:01,26.0804576873779,-15.0766153335571,"Unknown"
"5020559",370757,2026-04-28 01:04:00,26.0798015594482,-15.0768375396729,"Unknown"
"5020559",370757,2026-04-28 01:09:02,26.079231262207,-15.0771522521973,"Unknown"
"5020559",370757,2026-04-28 01:14:03,26.0670585632324,-15.0645809173584,"Unknown"
"5020559",370757,2026-04-28 01:19:33,26.0665245056152,-15.0654373168945,"Unknown"
"5020559",370757,2026-04-28 01:23:59,26.0661582946777,-15.0660123825073,"Unknown"
"5020559",370757,2026-04-28 01:28:58,26.0487728118896,-15.0455274581909,"Unknown"
"5020559",370757,2026-04-28 01:33:59,26.0481567382812,-15.0459270477295,"Unknown"
"5020559",370757,2026-04-28 01:38:59,26.0475959777832,-15.0464649200439,"Unknown"
"5020559",370757,2026-04-28 01:43:59,26.0470294952393,-15.0468635559082,"Unknown"
"5020559",370757,2026-04-28 01:48:58,26.0385341644287,-15.0334339141846,"Unknown"
"5020559",370757,2026-04-28 01:53:58,26.037878036499,-15.0333795547485,"Unknown"
"5020559",370757,2026-04-28 01:58:59,26.0372180938721,-15.0333957672119,"Unknown"
"5020559",370757,2026-04-28 02:03:58,26.0365333557129,-15.0333042144775,"Unknown"
"5020559",370757,2026-04-28 02:08:58,26.0358123779297,-15.0332288742065,"Unknown"
"5020559",370757,2026-04-28 02:13:58,26.0351161956787,-15.0331840515137,"Unknown"
"5020559",370757,2026-04-28 02:18:59,26.0275001525879,-15.0218772888184,"Unknown"
"5020559",370757,2026-04-28 02:23:59,26.0193862915039,-15.0107688903809,"Unknown"
"5020559",370757,2026-04-28 02:28:59,26.0187168121338,-15.0114402770996,"Unknown"
"5020559",370757,2026-04-28 02:33:59,26.0180339813232,-15.0122938156128,"Unknown"
"5020559",370757,2026-04-28 02:38:59,26.0072479248047,-14.9978647232056,"Unknown"
"5020559",370757,2026-04-28 02:43:59,25.9951400756836,-14.981104850769,"Unknown"
"5020559",370757,2026-04-28 02:48:59,25.9946384429932,-14.9822969436646,"Unknown"
"5020559",370757,2026-04-28 02:53:59,25.9878387451172,-14.9751329421997,"Unknown"
"5020559",370757,2026-04-28 02:58:59,25.987154006958,-14.976450920105,"Unknown"
"5020559",370757,2026-04-28 03:03:59,25.9864253997803,-14.9777355194092,"Unknown"
"5020559",370757,2026-04-28 03:08:59,25.9857749938965,-14.9790096282959,"Unknown"
"5020559",370757,2026-04-28 03:14:00,25.9781455993652,-14.9688272476196,"Unknown"
"5020559",370757,2026-04-28 03:18:59,25.9773979187012,-14.9701566696167,"Unknown"
"5020559",370757,2026-04-28 03:24:00,25.9766540527344,-14.9714612960815,"Unknown"
"5020559",370757,2026-04-28 03:28:59,25.9686412811279,-14.9574527740479,"Unknown"
"5020559",370757,2026-04-28 03:34:00,25.9662818908691,-14.9561500549316,"Unknown"
"5020559",370757,2026-04-28 03:38:59,25.9653587341309,-14.9575977325439,"Unknown"
"5020559",370757,2026-04-28 03:43:59,25.9644470214844,-14.9589767456055,"Unknown"
"5020559",370757,2026-04-28 03:49:01,25.9635372161865,-14.9602870941162,"Unknown"
"5020559",370757,2026-04-28 03:54:00,25.9614028930664,-14.9599857330322,"Unknown"
"5020559",370757,2026-04-28 03:59:32,25.9604606628418,-14.9614725112915,"Unknown"
"5020559",370757,2026-04-28 04:03:59,25.9596729278564,-14.9626131057739,"Unknown"
"5020559",370757,2026-04-28 04:08:58,25.9587879180908,-14.9638996124268,"Unknown"
"5020559",370757,2026-04-28 04:13:59,25.9579334259033,-14.9651231765747,"Unknown"
"5020559",370757,2026-04-28 04:18:59,25.957067489624,-14.9664144515991,"Unknown"
"5020559",370757,2026-04-28 04:23:59,25.9562797546387,-14.9677057266235,"Unknown"
"5020559",370757,2026-04-28 04:28:59,25.9554347991943,-14.9689693450928,"Unknown"
"5020559",370757,2026-04-28 04:33:58,25.954662322998,-14.9701929092407,"Unknown"
"5020559",370757,2026-04-28 04:38:59,25.9538249969482,-14.9714431762695,"Unknown"
"5020559",370757,2026-04-28 04:48:59,25.952356338501,-14.9740180969238,"Unknown"
"5020559",370757,2026-04-28 04:53:59,25.9516754150391,-14.9752836227417,"Unknown"
"5020559",370757,2026-04-28 04:58:59,25.9510040283203,-14.9765100479126,"Unknown"
"5020559",370757,2026-04-28 05:03:59,25.9503231048584,-14.9776954650879,"Unknown"
"5020559",370757,2026-04-28 05:08:59,25.9495983123779,-14.9788570404053,"Unknown"
"5020559",370757,2026-04-28 05:13:59,25.9489097595215,-14.9798955917358,"Unknown"
"5020559",370757,2026-04-28 05:18:59,25.9481983184814,-14.980996131897,"Unknown"
"5020559",370757,2026-04-28 05:23:59,25.9474792480469,-14.9820766448975,"Unknown"
"5020559",370757,2026-04-28 05:28:59,25.9468078613281,-14.9831924438477,"Unknown"
"5020559",370757,2026-04-28 05:34:01,25.9461269378662,-14.9843730926514,"Unknown"
"5020559",370757,2026-04-28 05:39:00,25.9454345703125,-14.9855041503906,"Unknown"
"5020559",370757,2026-04-28 05:43:59,25.9447822570801,-14.9866037368774,"Unknown"
"5020559",370757,2026-04-28 05:48:59,25.9441223144531,-14.9876642227173,"Unknown"
"5020559",370757,2026-04-28 05:53:59,25.9434566497803,-14.9888105392456,"Unknown"
"5020559",370757,2026-04-28 05:58:59,25.9428577423096,-14.9898328781128,"Unknown"
"5020559",370757,2026-04-28 06:45:03,26.0077056884766,-15.1768426895142,"Unknown"
"5020559",370757,2026-04-28 06:48:59,26.006233215332,-15.1775064468384,"Unknown"
"5020559",370757,2026-04-28 06:53:59,26.0071773529053,-15.173731803894,"Unknown"
"5020559",370757,2026-04-28 06:58:59,26.0206127166748,-15.1710071563721,"Unknown"
"5020559",370757,2026-04-28 07:03:59,26.0320720672607,-15.1700820922852,"Unknown"
"5020559",370757,2026-04-28 07:08:59,26.0349521636963,-15.1727733612061,"Unknown"
"5020559",370757,2026-04-28 07:14:33,26.035514831543,-15.1758031845093,"Unknown"
"5020559",370757,2026-04-28 07:18:59,26.039155960083,-15.1897077560425,"Unknown"
"5020559",370757,2026-04-28 07:23:59,26.0384731292725,-15.1921548843384,"Unknown"
"5020559",370757,2026-04-28 07:28:59,26.0307750701904,-15.1799879074097,"Unknown"
"5020559",370757,2026-04-28 07:33:59,26.0033359527588,-15.1820726394653,"Unknown"
"5020559",370757,2026-04-28 07:39:01,26.0033893585205,-15.1816749572754,"Unknown"
"5020559",370757,2026-04-28 07:43:59,26.0059089660645,-15.1840219497681,"Unknown"
"5020559",370757,2026-04-28 07:48:59,26.0085582733154,-15.1827487945557,"Unknown"
"5020559",370757,2026-04-28 07:53:58,26.0065937042236,-15.183913230896,"Unknown"
"5020559",370757,2026-04-28 07:58:59,26.0058097839355,-15.1844453811646,"Unknown"
"5020559",370757,2026-04-28 08:03:59,26.0049934387207,-15.184853553772,"Unknown"
"5020559",370757,2026-04-28 08:08:58,26.004243850708,-15.1853055953979,"Unknown"
"5020559",370757,2026-04-28 08:13:59,25.9984817504883,-15.204628944397,"Unknown"
"5020559",370757,2026-04-28 08:18:59,25.9985694885254,-15.2073812484741,"Unknown"
"5020559",370757,2026-04-28 08:23:58,25.9972019195557,-15.2056226730347,"Unknown"
"5020559",370757,2026-04-28 08:28:59,25.9917774200439,-15.2044324874878,"Unknown"
"5020559",370757,2026-04-28 08:33:59,25.9910411834717,-15.204607963562,"Unknown"
"5020559",370757,2026-04-28 08:38:59,25.9902725219727,-15.2046413421631,"Unknown"
"5020559",370757,2026-04-28 08:48:59,25.9887619018555,-15.2049255371094,"Unknown"
"5020559",370757,2026-04-28 08:53:59,25.9878921508789,-15.204888343811,"Unknown"
"5020559",370757,2026-04-28 08:58:58,25.987154006958,-15.204906463623,"Unknown"
"5020559",370757,2026-04-28 09:03:59,25.9863662719727,-15.2050008773804,"Unknown"
"5020559",370757,2026-04-28 09:08:58,25.9856185913086,-15.2050819396973,"Unknown"
"5020559",370757,2026-04-28 09:13:59,25.9848804473877,-15.2051792144775,"Unknown"
"5020559",370757,2026-04-28 09:18:59,25.9937915802002,-15.1993923187256,"Unknown"
"5020559",370757,2026-04-28 09:23:59,26.0075225830078,-15.2167434692383,"Unknown"
"5020559",370757,2026-04-28 09:28:59,26.016170501709,-15.2022924423218,"Unknown"
"5020559",370757,2026-04-28 09:33:59,26.0127544403076,-15.1858682632446,"Unknown"
"5020559",370757,2026-04-28 09:39:01,26.0095767974854,-15.1653423309326,"Unknown"
"5020559",370757,2026-04-28 09:44:00,26.0047931671143,-15.1410322189331,"Unknown"
"5020559",370757,2026-04-28 09:48:58,25.9985313415527,-15.1140184402466,"Unknown"
"5020559",370757,2026-04-28 09:54:01,25.9979209899902,-15.0900087356567,"Unknown"
"5020559",370757,2026-04-28 09:59:06,26.0149555206299,-15.0877065658569,"Unknown"
"5020559",370757,2026-04-28 10:19:57,26.0564823150635,-15.1634473800659,"Unknown"
"5020559",370757,2026-04-28 10:24:00,26.0556392669678,-15.1637678146362,"Unknown"
"5020559",370757,2026-04-28 10:29:01,26.0730571746826,-15.1706895828247,"Unknown"
"5020559",370757,2026-04-28 10:35:24,26.0940799713135,-15.1961212158203,"Unknown"
"5020559",370757,2026-04-28 10:40:24,26.0973148345947,-15.2034158706665,"Unknown"
"5020559",370757,2026-04-28 10:45:24,26.1001605987549,-15.2327394485474,"Unknown"
"5020559",370757,2026-04-28 10:50:24,26.0941181182861,-15.261570930481,"Unknown"
"5020559",370757,2026-04-28 10:54:57,26.0906429290771,-15.2865238189697,"Unknown"
"5020559",370757,2026-04-28 10:58:59,26.0900192260742,-15.2871112823486,"Unknown"
"5020559",370757,2026-04-28 11:03:59,26.0743789672852,-15.2966270446777,"Unknown"
"5020559",370757,2026-04-28 11:08:59,26.0638065338135,-15.3289833068848,"Unknown"
"5020559",370757,2026-04-28 11:13:59,26.0402050018311,-15.3363971710205,"Unknown"
"5020559",370757,2026-04-28 11:18:59,26.0124835968018,-15.3262615203857,"Unknown"
"5020559",370757,2026-04-28 11:24:00,25.9860515594482,-15.3156509399414,"Unknown"
"5020559",370757,2026-04-28 11:28:59,25.9725666046143,-15.2953023910522,"Unknown"
"5020559",370757,2026-04-28 11:33:59,25.9559307098389,-15.2720317840576,"Unknown"
"5020559",370757,2026-04-28 11:38:59,25.9477825164795,-15.2574396133423,"Unknown"
"5020559",370757,2026-04-28 11:43:59,25.9207439422607,-15.2385845184326,"Unknown"
"5020559",370757,2026-04-28 11:49:00,25.8957481384277,-15.2185249328613,"Unknown"
"5020559",370757,2026-04-28 11:54:00,25.8738880157471,-15.2314596176147,"Unknown"
"5020559",370757,2026-04-28 11:59:00,25.8724403381348,-15.2342319488525,"Unknown"
"5020559",370757,2026-04-28 12:03:59,25.8722267150879,-15.2356424331665,"Unknown"
"5020559",370757,2026-04-28 12:09:03,25.8715991973877,-15.2392549514771,"Unknown"
"5020559",370757,2026-04-28 12:14:00,25.8742599487305,-15.2410526275635,"Unknown"
"5020559",370757,2026-04-28 12:19:01,25.8762741088867,-15.2429332733154,"Unknown"
"5020559",370757,2026-04-28 12:24:02,25.8775691986084,-15.247522354126,"Unknown"
"5020559",370757,2026-04-28 12:29:00,25.8822231292725,-15.25257396698,"Unknown"
"5020559",370757,2026-04-28 12:34:02,25.8885517120361,-15.2595882415771,"Unknown"
"5020559",370757,2026-04-28 12:39:00,25.8910636901855,-15.2640342712402,"Unknown"
"5020559",370757,2026-04-28 12:49:01,25.8996047973633,-15.275336265564,"Unknown"
"5020559",370757,2026-04-28 12:53:58,25.8804531097412,-15.2781848907471,"Unknown"
"5020559",370757,2026-04-28 12:59:01,25.8616466522217,-15.2835283279419,"Unknown"
"5020559",370757,2026-04-28 13:04:01,25.8650856018066,-15.2814912796021,"Unknown"
"5020559",370757,2026-04-28 13:09:00,25.860767364502,-15.2795991897583,"Unknown"
"5020559",370757,2026-04-28 13:14:17,25.8631134033203,-15.278151512146,"Unknown"
"5020559",370757,2026-04-28 13:19:01,25.8616466522217,-15.2817182540894,"Unknown"
"5020559",370757,2026-04-28 13:24:27,25.8605518341064,-15.2912464141846,"Unknown"
"5020559",370757,2026-04-28 13:28:58,25.8607215881348,-15.2924833297729,"Unknown"
"5020559",370757,2026-04-28 13:33:58,25.8606967926025,-15.2936706542969,"Unknown"
"5020559",370757,2026-04-28 13:38:58,25.8607177734375,-15.29478931427,"Unknown"
"5020559",370757,2026-04-28 13:43:58,25.8608055114746,-15.2955894470215,"Unknown"
"5020559",370757,2026-04-28 13:48:58,25.8605194091797,-15.2965459823608,"Unknown"
"5020559",370757,2026-04-28 13:53:58,25.8601417541504,-15.297435760498,"Unknown"
"5020559",370757,2026-04-28 13:59:01,25.8597927093506,-15.2982654571533,"Unknown"
"5020559",370757,2026-04-28 14:04:33,25.8593711853027,-15.2991361618042,"Unknown"
"5020559",370757,2026-04-28 14:08:58,25.8589744567871,-15.2999582290649,"Unknown"
"5020559",370757,2026-04-28 14:13:58,25.8585605621338,-15.3008460998535,"Unknown"
"5020559",370757,2026-04-28 14:18:57,25.8581008911133,-15.3017902374268,"Unknown"
"5020559",370757,2026-04-28 14:23:57,25.857536315918,-15.3027334213257,"Unknown"
"5020559",370757,2026-04-28 14:28:57,25.8569526672363,-15.3035974502563,"Unknown"
"5020559",370757,2026-04-28 14:33:57,25.8563556671143,-15.3044557571411,"Unknown"
"5020559",370757,2026-04-28 14:38:58,25.8557891845703,-15.305365562439,"Unknown"
"5020559",370757,2026-04-28 14:43:57,25.8552379608154,-15.3062810897827,"Unknown"
"5020559",370757,2026-04-28 14:48:57,25.8547344207764,-15.3072996139526,"Unknown"
"5020559",370757,2026-04-28 14:53:57,25.8542823791504,-15.3083906173706,"Unknown"
"5020559",370757,2026-04-28 14:58:57,25.8537464141846,-15.3094682693481,"Unknown"
"5020559",370757,2026-04-28 15:03:58,25.8532218933105,-15.3106393814087,"Unknown"
"5020559",370757,2026-04-28 15:08:58,25.8526077270508,-15.3116512298584,"Unknown"
"5020559",370757,2026-04-28 15:13:58,25.852029800415,-15.3126974105835,"Unknown"
"5020559",370757,2026-04-28 15:18:58,25.8515186309814,-15.3138360977173,"Unknown"
"5020559",370757,2026-04-28 15:23:57,25.8509731292725,-15.315092086792,"Unknown"
"5020559",370757,2026-04-28 15:28:57,25.8506126403809,-15.3164443969727,"Unknown"
"5020559",370757,2026-04-28 15:33:57,25.8505096435547,-15.3176221847534,"Unknown"
"5020559",370757,2026-04-28 15:38:57,25.8506526947021,-15.3186931610107,"Unknown"
"5020559",370757,2026-04-28 15:43:57,25.8506011962891,-15.319806098938,"Unknown"
"5020559",370757,2026-04-28 15:48:57,25.8503437042236,-15.3206233978271,"Unknown"
"5020559",370757,2026-04-28 15:53:57,25.8499298095703,-15.3215084075928,"Unknown"
"5020559",370757,2026-04-28 15:58:58,25.8495616912842,-15.3225755691528,"Unknown"
"5020559",370757,2026-04-28 16:03:58,25.8492088317871,-15.323823928833,"Unknown"
"5020559",370757,2026-04-28 16:08:58,25.8489627838135,-15.32506275177,"Unknown"
"5020559",370757,2026-04-28 16:13:58,25.8487319946289,-15.3262100219727,"Unknown"
"5020559",370757,2026-04-28 16:18:58,25.848461151123,-15.3271942138672,"Unknown"
"5020559",370757,2026-04-28 16:23:57,25.8524284362793,-15.3280467987061,"Unknown"
"5020559",370757,2026-04-28 16:28:57,25.8523044586182,-15.3289289474487,"Unknown"
"5020559",370757,2026-04-28 16:33:57,25.8521614074707,-15.3297395706177,"Unknown"
"5020559",370757,2026-04-28 16:38:57,25.8520088195801,-15.3306093215942,"Unknown"
"5020559",370757,2026-04-28 16:48:59,25.8513984680176,-15.3322896957397,"Unknown"
"5020559",370757,2026-04-28 16:54:01,25.8514213562012,-15.3316030502319,"Unknown"
"5020559",370757,2026-04-28 16:59:01,25.8515796661377,-15.3322134017944,"Unknown"
"5020559",370757,2026-04-28 17:04:02,25.8515510559082,-15.3330106735229,"Unknown"
"5020559",370757,2026-04-28 17:09:01,25.8514804840088,-15.3338689804077,"Unknown"
"5020559",370757,2026-04-28 17:14:03,25.8511962890625,-15.3345079421997,"Unknown"
"5020559",370757,2026-04-28 17:19:02,25.8540515899658,-15.3252477645874,"Unknown"
"5020559",370757,2026-04-28 17:31:03,25.8920497894287,-15.2969636917114,"Unknown"
"5020559",370757,2026-04-28 17:35:42,25.8902492523193,-15.2985382080078,"Unknown"
"5020559",370757,2026-04-28 17:40:42,25.886474609375,-15.3016910552979,"Unknown"
"5020559",370757,2026-04-28 17:45:42,25.8855209350586,-15.3006238937378,"Unknown"
"5020559",370757,2026-04-28 17:50:42,25.885383605957,-15.3015413284302,"Unknown"
"5020559",370757,2026-04-28 17:55:41,25.8852157592773,-15.3024864196777,"Unknown"
"5020559",370757,2026-04-28 18:00:42,25.8849449157715,-15.3034982681274,"Unknown"
"5020559",370757,2026-04-28 18:05:42,25.8848152160645,-15.3045616149902,"Unknown"
"5020559",370757,2026-04-28 18:10:42,25.8825626373291,-15.3158950805664,"Unknown"
"5020559",370757,2026-04-28 18:15:42,25.8802680969238,-15.317138671875,"Unknown"
"5020559",370757,2026-04-28 18:20:44,25.8755264282227,-15.3166465759277,"Unknown"
"5020559",370757,2026-04-28 18:25:42,25.8677635192871,-15.3110065460205,"Unknown"
"5020559",370757,2026-04-28 18:30:42,25.863109588623,-15.3087730407715,"Unknown"
"5020559",370757,2026-04-28 18:35:42,25.8558082580566,-15.3060493469238,"Unknown"
"5020559",370757,2026-04-28 18:40:42,25.8555183410645,-15.3068647384644,"Unknown"
"5020559",370757,2026-04-28 18:45:42,25.8553085327148,-15.3074941635132,"Unknown"
"5020559",370757,2026-04-28 18:50:42,25.8550491333008,-15.3080501556396,"Unknown"
"5020559",370757,2026-04-28 18:55:42,25.8548583984375,-15.3086652755737,"Unknown"
"5020559",370757,2026-04-28 19:00:42,25.8546619415283,-15.3092708587646,"Unknown"
"5020559",370757,2026-04-28 19:05:42,25.8545627593994,-15.3100490570068,"Unknown"
"5020559",370757,2026-04-28 19:10:42,25.8550033569336,-15.311333656311,"Unknown"
"5020559",370757,2026-04-28 19:15:42,25.8550033569336,-15.3121528625488,"Unknown"
"5020559",370757,2026-04-28 19:20:42,25.8549613952637,-15.3129291534424,"Unknown"
"5020559",370757,2026-04-28 19:25:42,25.8576602935791,-15.3204917907715,"Unknown"
"5020559",370757,2026-04-28 19:30:42,25.8575820922852,-15.3209571838379,"Unknown"
"5020559",370757,2026-04-28 19:35:44,25.8573989868164,-15.32142162323,"Unknown"
"5020559",370757,2026-04-28 19:40:42,25.8536167144775,-15.3204288482666,"Unknown"
"5020559",370757,2026-04-28 19:45:42,25.8539619445801,-15.3199911117554,"Unknown"
"5020559",370757,2026-04-28 19:50:44,25.8538131713867,-15.3201532363892,"Unknown"
"5020559",370757,2026-04-28 19:55:44,25.8536796569824,-15.320011138916,"Unknown"
"5020559",370757,2026-04-28 20:01:17,25.8533821105957,-15.3196830749512,"Unknown"
"5020559",370757,2026-04-28 20:05:41,25.853084564209,-15.3192720413208,"Unknown"
"5020559",370757,2026-04-28 20:10:41,25.8526000976562,-15.318829536438,"Unknown"
"5020559",370757,2026-04-28 20:15:41,25.8518409729004,-15.3183507919312,"Unknown"
"5020559",370757,2026-04-28 20:20:41,25.8512115478516,-15.3179388046265,"Unknown"
"5020559",370757,2026-04-28 20:25:41,25.8508033752441,-15.3174829483032,"Unknown"
"5020559",370757,2026-04-28 20:30:41,25.8502674102783,-15.3170003890991,"Unknown"
"5020559",370757,2026-04-28 20:35:41,25.8495006561279,-15.3166227340698,"Unknown"
"5020559",370757,2026-04-28 20:40:42,25.8488368988037,-15.3162231445312,"Unknown"
"5020559",370757,2026-04-28 20:48:59,25.8477039337158,-15.3154153823853,"Unknown"
"5020559",370757,2026-04-28 20:53:58,25.8469696044922,-15.3148756027222,"Unknown"
"5020559",370757,2026-04-28 20:58:59,25.8462886810303,-15.3143539428711,"Unknown"
"5020559",370757,2026-04-28 21:03:58,25.8453369140625,-15.3138360977173,"Unknown"
"5020559",370757,2026-04-28 21:08:58,25.8445053100586,-15.3131942749023,"Unknown"
"5020559",370757,2026-04-28 21:13:59,25.8436088562012,-15.3126525878906,"Unknown"
"5020559",370757,2026-04-28 21:18:59,25.8426570892334,-15.3120212554932,"Unknown"
"5020559",370757,2026-04-28 21:24:00,25.8417530059814,-15.3114604949951,"Unknown"
"5020559",370757,2026-04-28 21:28:58,25.8408298492432,-15.3108921051025,"Unknown"
"5020559",370757,2026-04-28 21:33:59,25.8397006988525,-15.3104724884033,"Unknown"
"5020559",370757,2026-04-28 21:38:59,25.8389511108398,-15.3099365234375,"Unknown"
"5020559",370757,2026-04-28 21:43:58,25.8383121490479,-15.3093566894531,"Unknown"
"5020559",370757,2026-04-28 21:48:58,25.8374843597412,-15.3087301254272,"Unknown"
"5020559",370757,2026-04-28 21:53:58,25.8365459442139,-15.3082208633423,"Unknown"
"5020559",370757,2026-04-28 21:58:58,25.8355197906494,-15.3076105117798,"Unknown"
"5020559",370757,2026-04-28 22:03:59,25.8345584869385,-15.306960105896,"Unknown"
"5020559",370757,2026-04-28 22:08:59,25.8335514068604,-15.3064098358154,"Unknown"
"5020559",370757,2026-04-28 22:14:01,25.83176612854,-15.3049602508545,"Unknown"
"5020559",370757,2026-04-28 22:19:00,25.8200569152832,-15.2874088287354,"Unknown"
"5020559",370757,2026-04-28 22:24:03,25.8194465637207,-15.2875556945801,"Unknown"
"5020559",370757,2026-04-28 22:29:01,25.8154678344727,-15.2810640335083,"Unknown"
"5020559",370757,2026-04-28 22:34:01,25.8148365020752,-15.2812166213989,"Unknown"
"5020559",370757,2026-04-28 22:39:02,25.814281463623,-15.2815017700195,"Unknown"
"5020559",370757,2026-04-28 22:44:01,25.8137874603271,-15.281886100769,"Unknown"
"5020559",370757,2026-04-28 22:49:01,25.8132648468018,-15.2821712493896,"Unknown"
"5020559",370757,2026-04-28 22:54:00,25.8127288818359,-15.2824077606201,"Unknown"
"5020559",370757,2026-04-28 22:59:02,25.8123722076416,-15.2823343276978,"Unknown"
"5020559",370757,2026-04-28 23:04:27,25.8117752075195,-15.2826194763184,"Unknown"
"5020559",370757,2026-04-28 23:08:59,25.8112983703613,-15.2829494476318,"Unknown"
"5020559",370757,2026-04-28 23:14:00,25.8107204437256,-15.2833518981934,"Unknown"
"5020559",370757,2026-04-28 23:18:59,25.8102512359619,-15.2837915420532,"Unknown"
"5020559",370757,2026-04-28 23:24:00,25.8097076416016,-15.2840728759766,"Unknown"
"5020559",370757,2026-04-28 23:28:59,25.8090724945068,-15.2842483520508,"Unknown"
"5020559",370757,2026-04-28 23:34:01,25.8084945678711,-15.2844657897949,"Unknown"
"5020559",370757,2026-04-28 23:39:03,25.8078842163086,-15.2846794128418,"Unknown"
"5020559",370757,2026-04-28 23:44:03,25.8073101043701,-15.2850141525269,"Unknown"
"5020559",370757,2026-04-28 23:49:02,25.8067321777344,-15.2854137420654,"Unknown"
"5020559",370757,2026-04-28 23:54:03,25.806188583374,-15.28586769104,"Unknown"
"5020559",370757,2026-04-28 23:59:27,25.8055763244629,-15.2863721847534,"Unknown"
"5020559",370757,2026-04-29 00:03:59,25.8050289154053,-15.2867412567139,"Unknown"
"5020559",370757,2026-04-29 00:08:59,25.8042964935303,-15.2870225906372,"Unknown"
"5020559",370757,2026-04-29 00:13:59,25.803596496582,-15.2873220443726,"Unknown"
"5020559",370757,2026-04-29 00:18:59,25.80295753479,-15.287727355957,"Unknown"
"5020559",370757,2026-04-29 00:24:01,25.8024196624756,-15.2883024215698,"Unknown"
"5020559",370757,2026-04-29 00:28:59,25.8019142150879,-15.2889232635498,"Unknown"
"5020559",370757,2026-04-29 00:34:00,25.8014240264893,-15.2894859313965,"Unknown"
"5020559",370757,2026-04-29 00:38:59,25.8008403778076,-15.2899112701416,"Unknown"
"5020559",370757,2026-04-29 00:49:02,25.7998294830322,-15.2909879684448,"Unknown"
"5020559",370757,2026-04-29 00:54:03,25.7994022369385,-15.2917318344116,"Unknown"
"5020559",370757,2026-04-29 00:59:03,25.7989368438721,-15.2923412322998,"Unknown"
"5020559",370757,2026-04-29 01:04:03,25.7984504699707,-15.2930212020874,"Unknown"
"5020559",370757,2026-04-29 01:09:05,25.7979869842529,-15.2936983108521,"Unknown"
"5020559",370757,2026-04-29 01:14:01,25.7974166870117,-15.2942180633545,"Unknown"
"5020559",370757,2026-04-29 01:19:02,25.796838760376,-15.2947025299072,"Unknown"
"5020559",370757,2026-04-29 01:24:02,25.7961616516113,-15.2951593399048,"Unknown"
"5020559",370757,2026-04-29 01:29:02,25.795503616333,-15.2954406738281,"Unknown"
"5020559",370757,2026-04-29 01:34:27,25.7948570251465,-15.2958812713623,"Unknown"
"5020559",370757,2026-04-29 01:39:00,25.7943058013916,-15.2962112426758,"Unknown"
"5020559",370757,2026-04-29 01:43:59,25.7937660217285,-15.2966003417969,"Unknown"
"5020559",370757,2026-04-29 01:48:59,25.7932777404785,-15.2969951629639,"Unknown"
"5020559",370757,2026-04-29 01:53:59,25.7927875518799,-15.2974081039429,"Unknown"
"5020559",370757,2026-04-29 01:58:59,25.7922019958496,-15.297833442688,"Unknown"
"5020559",370757,2026-04-29 02:03:59,25.7916221618652,-15.2982511520386,"Unknown"
"5020559",370757,2026-04-29 02:08:59,25.7910423278809,-15.2987127304077,"Unknown"
"5020559",370757,2026-04-29 02:13:59,25.7904777526855,-15.299204826355,"Unknown"
"5020559",370757,2026-04-29 02:18:59,25.7899436950684,-15.2996778488159,"Unknown"
"5020559",370757,2026-04-29 02:23:59,25.7893981933594,-15.3001832962036,"Unknown"
"5020559",370757,2026-04-29 02:28:59,25.7887706756592,-15.3005971908569,"Unknown"
"5020559",370757,2026-04-29 02:33:59,25.7881145477295,-15.3008985519409,"Unknown"
"5020559",370757,2026-04-29 02:38:59,25.787483215332,-15.3012275695801,"Unknown"
"5020559",370757,2026-04-29 02:43:59,25.7867565155029,-15.3015975952148,"Unknown"
"5020559",370757,2026-04-29 02:49:00,25.7860927581787,-15.3020153045654,"Unknown"
"5020559",370757,2026-04-29 02:54:01,25.7853031158447,-15.3023958206177,"Unknown"
"5020559",370757,2026-04-29 02:58:59,25.784481048584,-15.3028221130371,"Unknown"
"5020559",370757,2026-04-29 03:03:59,25.7837181091309,-15.3031988143921,"Unknown"
"5020559",370757,2026-04-29 03:09:01,25.7831001281738,-15.303765296936,"Unknown"
"5020559",370757,2026-04-29 03:14:33,25.7824687957764,-15.3044500350952,"Unknown"
"5020559",370757,2026-04-29 03:18:58,25.7819995880127,-15.3051509857178,"Unknown"
"5020559",370757,2026-04-29 03:23:58,25.7814331054688,-15.3057804107666,"Unknown"
"5020559",370757,2026-04-29 03:28:58,25.7806358337402,-15.3061676025391,"Unknown"
"5020559",370757,2026-04-29 03:33:58,25.7798728942871,-15.3065071105957,"Unknown"
"5020559",370757,2026-04-29 03:38:58,25.7791614532471,-15.3068389892578,"Unknown"
"5020559",370757,2026-04-29 03:43:58,25.7783260345459,-15.3070774078369,"Unknown"
"5020559",370757,2026-04-29 03:48:59,25.7775840759277,-15.3074140548706,"Unknown"
"5020559",370757,2026-04-29 03:53:58,25.7769641876221,-15.3079919815063,"Unknown"
"5020559",370757,2026-04-29 03:58:58,25.7763195037842,-15.3085165023804,"Unknown"
"5020559",370757,2026-04-29 04:03:58,25.7757358551025,-15.308988571167,"Unknown"
"5020559",370757,2026-04-29 04:08:58,25.7749347686768,-15.3092823028564,"Unknown"
"5020559",370757,2026-04-29 04:13:58,25.7741546630859,-15.3095808029175,"Unknown"
"5020559",370757,2026-04-29 04:18:58,25.7734279632568,-15.3101062774658,"Unknown"
"5020559",370757,2026-04-29 04:23:58,25.7726345062256,-15.3104038238525,"Unknown"
"5020559",370757,2026-04-29 04:28:58,25.7719058990479,-15.3107719421387,"Unknown"
"5020559",370757,2026-04-29 04:33:59,25.7712631225586,-15.3113813400269,"Unknown"
"5020559",370757,2026-04-29 04:38:59,25.7706394195557,-15.3118724822998,"Unknown"
"5020559",370757,2026-04-29 04:48:58,25.7693901062012,-15.3130540847778,"Unknown"
"5020559",370757,2026-04-29 04:53:58,25.7687530517578,-15.313588142395,"Unknown"
"5020559",370757,2026-04-29 04:58:58,25.7680416107178,-15.314058303833,"Unknown"
"5020559",370757,2026-04-29 05:03:58,25.7674255371094,-15.3146677017212,"Unknown"
"5020559",370757,2026-04-29 05:08:59,25.7667961120605,-15.3153095245361,"Unknown"
"5020559",370757,2026-04-29 05:14:00,25.7662410736084,-15.315896987915,"Unknown"
"5020559",370757,2026-04-29 05:18:59,25.7656230926514,-15.3165159225464,"Unknown"
"5020559",370757,2026-04-29 05:23:59,25.765007019043,-15.3170804977417,"Unknown"
"5020559",370757,2026-04-29 05:29:00,25.7644233703613,-15.3176507949829,"Unknown"
"5020559",370757,2026-04-29 05:34:00,25.7638111114502,-15.3181753158569,"Unknown"
"5020559",370757,2026-04-29 05:39:00,25.7631759643555,-15.3186616897583,"Unknown"
"5020559",370757,2026-04-29 05:44:01,25.7624568939209,-15.3190755844116,"Unknown"
"5020559",370757,2026-04-29 05:49:01,25.7618083953857,-15.3194828033447,"Unknown"
"5020559",370757,2026-04-29 05:54:03,25.761173248291,-15.3198251724243,"Unknown"
"5020559",370757,2026-04-29 05:59:03,25.7606945037842,-15.320240020752,"Unknown"
"5020559",370757,2026-04-29 06:29:33,25.8404350280762,-15.3872423171997,"Unknown"
"5020559",370757,2026-04-29 06:33:58,25.8398723602295,-15.3876447677612,"Unknown"
"5020559",370757,2026-04-29 06:38:58,25.8482322692871,-15.378345489502,"Unknown"
"5020559",370757,2026-04-29 06:43:59,25.8637371063232,-15.3635864257812,"Unknown"
"5020559",370757,2026-04-29 06:48:59,25.8493328094482,-15.3362464904785,"Unknown"
"5020559",370757,2026-04-29 06:53:59,25.8610935211182,-15.3305463790894,"Unknown"
"5020559",370757,2026-04-29 06:58:58,25.8635272979736,-15.3276824951172,"Unknown"
"5020559",370757,2026-04-29 07:03:58,25.8643360137939,-15.327618598938,"Unknown"
"5020559",370757,2026-04-29 07:08:59,25.8801097869873,-15.3292036056519,"Unknown"
"5020559",370757,2026-04-29 07:13:58,25.9003429412842,-15.3462352752686,"Unknown"
"5020559",370757,2026-04-29 07:18:58,25.9020404815674,-15.3478088378906,"Unknown"
"5020559",370757,2026-04-29 07:23:58,25.9015617370605,-15.3482580184937,"Unknown"
"5020559",370757,2026-04-29 07:28:58,25.9011039733887,-15.3486938476562,"Unknown"
"5020559",370757,2026-04-29 07:33:58,25.9006862640381,-15.3491106033325,"Unknown"
"5020559",370757,2026-04-29 07:38:59,25.9001750946045,-15.3494501113892,"Unknown"
"5020559",370757,2026-04-29 07:44:00,25.8997898101807,-15.3498058319092,"Unknown"
"5020559",370757,2026-04-29 07:48:58,25.8994197845459,-15.3502960205078,"Unknown"
"5020559",370757,2026-04-29 07:54:00,25.899076461792,-15.3507175445557,"Unknown"
"5020559",370757,2026-04-29 07:59:01,25.8987522125244,-15.3511295318604,"Unknown"
"5020559",370757,2026-04-29 08:04:00,25.8880805969238,-15.3327312469482,"Unknown"
"5020559",370757,2026-04-29 08:08:58,25.8646392822266,-15.3380584716797,"Unknown"
"5020559",370757,2026-04-29 08:14:00,25.8611736297607,-15.3234519958496,"Unknown"
"5020559",370757,2026-04-29 08:18:59,25.8781585693359,-15.3145589828491,"Unknown"
"5020559",370757,2026-04-29 08:23:59,25.8897457122803,-15.295352935791,"Unknown"
"5020559",370757,2026-04-29 08:28:59,25.9077987670898,-15.2810468673706,"Unknown"
"5020559",370757,2026-04-29 08:33:59,25.9306831359863,-15.2907104492188,"Unknown"
"5020559",370757,2026-04-29 08:38:59,25.9511337280273,-15.3104772567749,"Unknown"
"5020559",370757,2026-04-29 08:48:59,25.9579296112061,-15.3156833648682,"Unknown"
"5020559",370757,2026-04-29 08:53:59,25.9579906463623,-15.307053565979,"Unknown"
"5020559",370757,2026-04-29 08:59:01,25.9630928039551,-15.3157911300659,"Unknown"
"5020559",370757,2026-04-29 09:04:01,25.9577236175537,-15.3389225006104,"Unknown"
"5020559",370757,2026-04-29 09:09:17,25.9613666534424,-15.3435926437378,"Unknown"
"5020559",370757,2026-04-29 09:13:58,25.9626178741455,-15.3501100540161,"Unknown"
"5020559",370757,2026-04-29 09:19:00,25.9623889923096,-15.3507947921753,"Unknown"
"5020559",370757,2026-04-29 09:24:01,25.9622344970703,-15.3513851165771,"Unknown"
"5020559",370757,2026-04-29 09:29:01,25.9621200561523,-15.3519802093506,"Unknown"
"5020559",370757,2026-04-29 09:33:58,25.9619979858398,-15.3525333404541,"Unknown"
"5020559",370757,2026-04-29 09:38:58,25.9617023468018,-15.35325050354,"Unknown"
"5020559",370757,2026-04-29 09:44:01,25.9657878875732,-15.3612222671509,"Unknown"
"5020559",370757,2026-04-29 09:49:01,25.9656658172607,-15.361852645874,"Unknown"
"5020559",370757,2026-04-29 09:54:01,25.9716739654541,-15.3541688919067,"Unknown"
"5020559",370757,2026-04-29 09:58:59,25.990701675415,-15.3500270843506,"Unknown"
"5020559",370757,2026-04-29 10:05:24,26.0068702697754,-15.3533535003662,"Unknown"
"5020559",370757,2026-04-29 10:10:21,26.0122127532959,-15.3541450500488,"Unknown"
"5020559",370757,2026-04-29 10:14:27,26.0189819335938,-15.3538970947266,"Unknown"
"5020559",370757,2026-04-29 10:19:00,26.0248432159424,-15.3458652496338,"Unknown"
"5020559",370757,2026-04-29 10:24:01,26.0287914276123,-15.3440799713135,"Unknown"
"5020559",370757,2026-04-29 10:29:01,26.0239753723145,-15.3227977752686,"Unknown"
"5020559",370757,2026-04-29 10:33:59,26.026086807251,-15.3137149810791,"Unknown"
"5020559",370757,2026-04-29 10:38:58,26.0261211395264,-15.3143014907837,"Unknown"
"5020559",370757,2026-04-29 10:43:59,26.0261344909668,-15.3149166107178,"Unknown"
"5020559",370757,2026-04-29 10:48:59,26.0262813568115,-15.3154392242432,"Unknown"
"5020559",370757,2026-04-29 10:53:59,26.0264625549316,-15.3159809112549,"Unknown"
"5020559",370757,2026-04-29 10:58:59,26.0266056060791,-15.3166399002075,"Unknown"
"5020559",370757,2026-04-29 11:03:59,26.0267200469971,-15.3172569274902,"Unknown"
"5020559",370757,2026-04-29 11:09:01,26.0267372131348,-15.3178329467773,"Unknown"
"5020559",370757,2026-04-29 11:14:00,26.0266418457031,-15.3183889389038,"Unknown"
"5020559",370757,2026-04-29 11:19:01,26.0264701843262,-15.3188800811768,"Unknown"
"5020559",370757,2026-04-29 11:24:01,26.0263652801514,-15.3194227218628,"Unknown"
"5020559",370757,2026-04-29 11:29:01,26.0232734680176,-15.3066425323486,"Unknown"
"5020559",370757,2026-04-29 11:34:00,26.024995803833,-15.286416053772,"Unknown"
"5020559",370757,2026-04-29 11:39:01,26.0277729034424,-15.2639102935791,"Unknown"
"5020559",370757,2026-04-29 11:44:00,26.0389308929443,-15.2456216812134,"Unknown"
"5020559",370757,2026-04-29 11:49:01,26.0565700531006,-15.2316608428955,"Unknown"
"5020559",370757,2026-04-29 11:54:10,26.0572204589844,-15.2293148040771,"Unknown"
"5020559",370757,2026-04-29 11:58:59,26.0565662384033,-15.2326183319092,"Unknown"
"5020559",370757,2026-04-29 12:05:03,26.0584716796875,-15.2365474700928,"Unknown"
"5020559",370757,2026-04-29 12:08:59,26.0559158325195,-15.2418346405029,"Unknown"
"5020559",370757,2026-04-29 12:14:00,26.0531768798828,-15.2478818893433,"Unknown"
"5020559",370757,2026-04-29 12:18:59,26.0448303222656,-15.2523002624512,"Unknown"
"5020559",370757,2026-04-29 12:23:59,26.0376167297363,-15.2537994384766,"Unknown"
"5020559",370757,2026-04-29 12:29:01,26.0373592376709,-15.254693031311,"Unknown"
"5020559",370757,2026-04-29 12:33:59,26.0370674133301,-15.2555437088013,"Unknown"
"5020559",370757,2026-04-29 12:38:59,26.0276794433594,-15.2660665512085,"Unknown"
"5020559",370757,2026-04-29 12:48:58,26.019100189209,-15.2716474533081,"Unknown"
"5020559",370757,2026-04-29 12:53:58,26.0143356323242,-15.2749795913696,"Unknown"
"5020559",370757,2026-04-29 12:58:58,26.0109176635742,-15.2784442901611,"Unknown"
"5020559",370757,2026-04-29 13:03:59,26.0087184906006,-15.2824048995972,"Unknown"
"5020559",370757,2026-04-29 13:09:00,26.0071773529053,-15.2838487625122,"Unknown"
"5020559",370757,2026-04-29 13:14:00,26.007043838501,-15.2850170135498,"Unknown"
"5020559",370757,2026-04-29 13:19:33,25.9986553192139,-15.274130821228,"Unknown"
"5020559",370757,2026-04-29 13:25:03,25.9861164093018,-15.2495727539062,"Unknown"
"5020559",370757,2026-04-29 13:29:01,25.9866046905518,-15.245903968811,"Unknown"
"5020559",370757,2026-04-29 13:34:27,25.9839878082275,-15.2467365264893,"Unknown"
"5020559",370757,2026-04-29 13:38:58,25.9747047424316,-15.2425661087036,"Unknown"
"5020559",370757,2026-04-29 13:43:58,25.9736003875732,-15.2442665100098,"Unknown"
"5020559",370757,2026-04-29 13:48:57,25.9750347137451,-15.2524404525757,"Unknown"
"5020559",370757,2026-04-29 13:53:58,25.9725208282471,-15.2530040740967,"Unknown"
"5020559",370757,2026-04-29 13:58:58,25.974666595459,-15.2573928833008,"Unknown"
"5020559",370757,2026-04-29 14:04:05,25.9756183624268,-15.2566204071045,"Unknown"
"5020559",370757,2026-04-29 14:08:58,25.9761333465576,-15.2580585479736,"Unknown"
"5020559",370757,2026-04-29 14:13:57,25.9776210784912,-15.2615337371826,"Unknown"
"5020559",370757,2026-04-29 14:18:58,25.9778347015381,-15.2628469467163,"Unknown"
"5020559",370757,2026-04-29 14:23:57,25.9781436920166,-15.2641954421997,"Unknown"
"5020559",370757,2026-04-29 14:28:59,25.9810390472412,-15.275595664978,"Unknown"
"5020559",370757,2026-04-29 14:33:57,25.9829883575439,-15.2787847518921,"Unknown"
"5020559",370757,2026-04-29 14:38:57,25.9832420349121,-15.2800025939941,"Unknown"
"5020559",370757,2026-04-29 14:43:58,25.9851722717285,-15.2809209823608,"Unknown"
"5020559",370757,2026-04-29 14:49:00,25.9861297607422,-15.2862787246704,"Unknown"
"5020559",370757,2026-04-29 14:54:00,25.9840679168701,-15.288966178894,"Unknown"
"5020559",370757,2026-04-29 14:58:58,25.9856834411621,-15.2925043106079,"Unknown"
"5020559",370757,2026-04-29 15:03:58,25.9784717559814,-15.2884378433228,"Unknown"
"5020559",370757,2026-04-29 15:08:58,25.9785957336426,-15.2894582748413,"Unknown"
"5020559",370757,2026-04-29 15:14:00,25.9788036346436,-15.2905149459839,"Unknown"
"5020559",370757,2026-04-29 15:18:58,25.9800224304199,-15.2910356521606,"Unknown"
"5020559",370757,2026-04-29 15:24:00,25.9803409576416,-15.2919425964355,"Unknown"
"5020559",370757,2026-04-29 15:29:00,25.9806118011475,-15.2928228378296,"Unknown"
"5020559",370757,2026-04-29 15:33:58,25.9806671142578,-15.2937631607056,"Unknown"
"5020559",370757,2026-04-29 15:39:00,25.9806747436523,-15.2946977615356,"Unknown"
"5020559",370757,2026-04-29 15:44:02,25.9807910919189,-15.2955675125122,"Unknown"
"5020559",370757,2026-04-29 15:48:59,25.9808330535889,-15.2962074279785,"Unknown"
"5020559",370757,2026-04-29 15:53:58,25.9807014465332,-15.2968769073486,"Unknown"
"5020559",370757,2026-04-29 15:58:57,25.9807624816895,-15.2976226806641,"Unknown"
"5020559",370757,2026-04-29 16:04:26,25.9806499481201,-15.298487663269,"Unknown"
"5020559",370757,2026-04-29 16:08:57,25.980583190918,-15.2991819381714,"Unknown"
"5020559",370757,2026-04-29 16:13:57,25.9806613922119,-15.2996940612793,"Unknown"
"5020559",370757,2026-04-29 16:18:57,25.9805355072021,-15.300350189209,"Unknown"
"5020559",370757,2026-04-29 16:23:57,25.9804878234863,-15.3008213043213,"Unknown"
"5020559",370757,2026-04-29 16:28:57,25.9801902770996,-15.3012666702271,"Unknown"
"5020559",370757,2026-04-29 16:33:57,25.9801597595215,-15.3017978668213,"Unknown"
"5020559",370757,2026-04-29 16:38:57,25.972936630249,-15.2990589141846,"Unknown"
"5020559",370757,2026-04-29 16:48:58,25.9745140075684,-15.3090963363647,"Unknown"
"5020559",370757,2026-04-29 16:53:58,25.9717273712158,-15.3137235641479,"Unknown"
"5020559",370757,2026-04-29 16:58:58,25.9733753204346,-15.3161544799805,"Unknown"
"5020559",370757,2026-04-29 17:03:57,25.9730949401855,-15.318416595459,"Unknown"
"5020559",370757,2026-04-29 17:08:58,25.9728832244873,-15.3188123703003,"Unknown"
"5020559",370757,2026-04-29 17:13:58,25.9643993377686,-15.3296537399292,"Unknown"
"5020559",370757,2026-04-29 17:18:58,25.960428237915,-15.34055519104,"Unknown"
"5020559",370757,2026-04-29 17:23:58,25.9552345275879,-15.344596862793,"Unknown"
"5020559",370757,2026-04-29 17:28:58,25.9412288665771,-15.3394966125488,"Unknown"
"5020559",370757,2026-04-29 17:34:06,25.9400768280029,-15.3401165008545,"Unknown"
"5020559",370757,2026-04-29 17:38:58,25.9370288848877,-15.3471956253052,"Unknown"
"5020559",370757,2026-04-29 17:43:58,25.9369525909424,-15.3479490280151,"Unknown"
"5020559",370757,2026-04-29 17:48:58,25.936840057373,-15.3485107421875,"Unknown"
"5020559",370757,2026-04-29 17:53:58,25.9367122650146,-15.3492259979248,"Unknown"
"5020559",370757,2026-04-29 17:58:58,25.9316291809082,-15.3611612319946,"Unknown"
"5020559",370757,2026-04-29 18:03:58,25.9304428100586,-15.3615112304688,"Unknown"
"5020559",370757,2026-04-29 18:08:59,25.930212020874,-15.3617820739746,"Unknown"
"5020559",370757,2026-04-29 18:14:17,25.929988861084,-15.3620128631592,"Unknown"
"5020559",370757,2026-04-29 18:18:59,25.9297618865967,-15.3622121810913,"Unknown"
"5020559",370757,2026-04-29 18:23:57,25.9287872314453,-15.3591089248657,"Unknown"
"5020559",370757,2026-04-29 18:28:57,25.9258823394775,-15.3529329299927,"Unknown"
"5020559",370757,2026-04-29 18:33:57,25.9257202148438,-15.3532056808472,"Unknown"
"5020559",370757,2026-04-29 18:38:59,25.914306640625,-15.3517713546753,"Unknown"
"5020559",370757,2026-04-29 18:43:57,25.91188621521,-15.3528594970703,"Unknown"
"5020559",370757,2026-04-29 18:48:58,25.9046478271484,-15.3514032363892,"Unknown"
"5020559",370757,2026-04-29 18:53:57,25.9043807983398,-15.3516244888306,"Unknown"
"5020559",370757,2026-04-29 18:58:58,25.9041213989258,-15.3518180847168,"Unknown"
"5020559",370757,2026-04-29 19:03:58,25.8957633972168,-15.3476238250732,"Unknown"
"5020559",370757,2026-04-29 19:09:06,25.890022277832,-15.3465805053711,"Unknown"
"5020559",370757,2026-04-29 19:13:57,25.8864669799805,-15.3493299484253,"Unknown"
"5020559",370757,2026-04-29 19:18:57,25.8862419128418,-15.3492784500122,"Unknown"
"5020559",370757,2026-04-29 19:24:00,25.8861484527588,-15.3490362167358,"Unknown"
"5020559",370757,2026-04-29 19:28:57,25.8859844207764,-15.3488578796387,"Unknown"
"5020559",370757,2026-04-29 19:33:58,25.8857593536377,-15.348484992981,"Unknown"
"5020559",370757,2026-04-29 19:38:59,25.8854293823242,-15.3480072021484,"Unknown"
"5020559",370757,2026-04-29 19:43:58,25.8851146697998,-15.3476247787476,"Unknown"
"5020559",370757,2026-04-29 19:48:58,25.8847389221191,-15.3473339080811,"Unknown"
"5020559",370757,2026-04-29 19:54:00,25.8843765258789,-15.3468599319458,"Unknown"
"5020559",370757,2026-04-29 19:59:00,25.8819770812988,-15.3406057357788,"Unknown"
"5020559",370757,2026-04-29 20:04:27,25.8858127593994,-15.3242149353027,"Unknown"
"5020559",370757,2026-04-29 20:08:57,25.8852005004883,-15.324049949646,"Unknown"
"5020559",370757,2026-04-29 20:13:57,25.8845043182373,-15.3238916397095,"Unknown"
"5020559",370757,2026-04-29 20:18:57,25.883768081665,-15.3237543106079,"Unknown"
"5020559",370757,2026-04-29 20:23:57,25.8829975128174,-15.3236494064331,"Unknown"
"5020559",370757,2026-04-29 20:28:57,25.8822021484375,-15.3236083984375,"Unknown"
"5020559",370757,2026-04-29 20:33:57,25.881404876709,-15.3235960006714,"Unknown"
"5020559",370757,2026-04-29 20:38:57,25.8816947937012,-15.3158559799194,"Unknown"
"5020559",370757,2026-04-29 20:48:58,25.8801937103271,-15.3157501220703,"Unknown"
"5020559",370757,2026-04-29 20:53:58,25.8794479370117,-15.3158111572266,"Unknown"
"5020559",370757,2026-04-29 20:58:58,25.878698348999,-15.3158340454102,"Unknown"
"5020559",370757,2026-04-29 21:03:58,25.8778896331787,-15.3158264160156,"Unknown"
"5020559",370757,2026-04-29 21:08:58,25.8770198822021,-15.315767288208,"Unknown"
"5020559",370757,2026-04-29 21:13:58,25.8761043548584,-15.3157157897949,"Unknown"
"5020559",370757,2026-04-29 21:18:58,25.8751621246338,-15.3156566619873,"Unknown"
"5020559",370757,2026-04-29 21:23:58,25.8742427825928,-15.3155937194824,"Unknown"
"5020559",370757,2026-04-29 21:28:58,25.8732814788818,-15.3154878616333,"Unknown"
"5020559",370757,2026-04-29 21:33:58,25.8722724914551,-15.3153762817383,"Unknown"
"5020559",370757,2026-04-29 21:38:58,25.8712253570557,-15.3151655197144,"Unknown"
"5020559",370757,2026-04-29 21:43:59,25.8702259063721,-15.314977645874,"Unknown"
"5020559",370757,2026-04-29 21:48:58,25.8692073822021,-15.3148365020752,"Unknown"
"5020559",370757,2026-04-29 21:53:58,25.8681240081787,-15.3145418167114,"Unknown"
"5020559",370757,2026-04-29 21:58:58,25.867094039917,-15.3142375946045,"Unknown"
"5020559",370757,2026-04-29 22:04:01,25.8660144805908,-15.3138999938965,"Unknown"
"5020559",370757,2026-04-29 22:08:59,25.8650016784668,-15.313588142395,"Unknown"
"5020559",370757,2026-04-29 22:13:58,25.8640689849854,-15.3133668899536,"Unknown"
"5020559",370757,2026-04-29 22:19:00,25.8630752563477,-15.3131580352783,"Unknown"
"5020559",370757,2026-04-29 22:23:58,25.8624362945557,-15.305926322937,"Unknown"
"5020559",370757,2026-04-29 22:28:58,25.8615226745605,-15.3057117462158,"Unknown"
"5020559",370757,2026-04-29 22:34:01,25.8605766296387,-15.3054304122925,"Unknown"
"5020559",370757,2026-04-29 22:39:00,25.8595790863037,-15.3050947189331,"Unknown"
"5020559",370757,2026-04-29 22:43:58,25.8585910797119,-15.3048315048218,"Unknown"
"5020559",370757,2026-04-29 22:48:58,25.8576335906982,-15.3045110702515,"Unknown"
"5020559",370757,2026-04-29 22:53:58,25.8566627502441,-15.3042678833008,"Unknown"
"5020559",370757,2026-04-29 22:59:01,25.8557529449463,-15.3040800094604,"Unknown"
"5020559",370757,2026-04-29 23:04:01,25.8547840118408,-15.3038187026978,"Unknown"
"5020559",370757,2026-04-29 23:08:59,25.8538722991943,-15.3034801483154,"Unknown"
"5020559",370757,2026-04-29 23:14:00,25.8547687530518,-15.3000059127808,"Unknown"
"5020559",370757,2026-04-29 23:19:27,25.8642597198486,-15.2912683486938,"Unknown"
"5020559",370757,2026-04-29 23:23:58,25.8634738922119,-15.2912559509277,"Unknown"
"5020559",370757,2026-04-29 23:28:59,25.8626308441162,-15.2912244796753,"Unknown"
"5020559",370757,2026-04-29 23:33:59,25.8617839813232,-15.291220664978,"Unknown"
"5020559",370757,2026-04-29 23:38:59,25.8610858917236,-15.2912120819092,"Unknown"
"5020559",370757,2026-04-29 23:43:59,25.8604469299316,-15.2911338806152,"Unknown"
"5020559",370757,2026-04-29 23:48:59,25.859827041626,-15.2909774780273,"Unknown"
"5020559",370757,2026-04-29 23:53:59,25.8591365814209,-15.2908086776733,"Unknown"
"5020559",370757,2026-04-29 23:58:59,25.858455657959,-15.2906379699707,"Unknown"
"5020559",370757,2026-04-30 00:03:59,25.8577461242676,-15.2903985977173,"Unknown"
"5020559",370757,2026-04-30 00:08:59,25.8570365905762,-15.2901935577393,"Unknown"
"5020559",370757,2026-04-30 00:13:59,25.8562202453613,-15.2899732589722,"Unknown"
"5020559",370757,2026-04-30 00:19:00,25.8553924560547,-15.2898359298706,"Unknown"
"5020559",370757,2026-04-30 00:24:00,25.8545665740967,-15.2896385192871,"Unknown"
"5020559",370757,2026-04-30 00:29:00,25.8535919189453,-15.289324760437,"Unknown"
"5020559",370757,2026-04-30 00:34:01,25.8527793884277,-15.2891664505005,"Unknown"
"5020559",370757,2026-04-30 00:39:00,25.8520488739014,-15.2890281677246,"Unknown"
"5020559",370757,2026-04-30 00:49:01,25.8505802154541,-15.2887125015259,"Unknown"
"5020559",370757,2026-04-30 00:54:00,25.84987449646,-15.2885761260986,"Unknown"
"5020559",370757,2026-04-30 00:59:00,25.84912109375,-15.2889013290405,"Unknown"
"5020559",370757,2026-04-30 01:04:00,25.8484439849854,-15.2888736724854,"Unknown"
"5020559",370757,2026-04-30 01:09:00,25.8472862243652,-15.2887125015259,"Unknown"
"5020559",370757,2026-04-30 01:13:59,25.8462619781494,-15.2885799407959,"Unknown"
"5020559",370757,2026-04-30 01:19:01,25.845235824585,-15.2884855270386,"Unknown"
"5020559",370757,2026-04-30 01:24:00,25.8441562652588,-15.2886047363281,"Unknown"
"5020559",370757,2026-04-30 01:28:59,25.8424263000488,-15.290075302124,"Unknown"
"5020559",370757,2026-04-30 01:34:27,25.8427124023438,-15.2894639968872,"Unknown"
"5020559",370757,2026-04-30 01:38:59,25.84206199646,-15.2898807525635,"Unknown"
"5020559",370757,2026-04-30 01:43:58,25.8413429260254,-15.2903547286987,"Unknown"
"5020559",370757,2026-04-30 01:48:59,25.84059715271,-15.2908554077148,"Unknown"
"5020559",370757,2026-04-30 01:53:58,25.8440818786621,-15.288257598877,"Unknown"
"5020559",370757,2026-04-30 01:58:59,25.8547439575195,-15.2751684188843,"Unknown"
"5020559",370757,2026-04-30 02:04:27,25.8541660308838,-15.2759599685669,"Unknown"
"5020559",370757,2026-04-30 02:08:58,25.8536624908447,-15.2766265869141,"Unknown"
"5020559",370757,2026-04-30 02:13:59,25.853063583374,-15.2774019241333,"Unknown"
"5020559",370757,2026-04-30 02:18:58,25.8523349761963,-15.2781314849854,"Unknown"
"5020559",370757,2026-04-30 02:23:58,25.851526260376,-15.2787647247314,"Unknown"
"5020559",370757,2026-04-30 02:28:58,25.8506774902344,-15.2793607711792,"Unknown"
"5020559",370757,2026-04-30 02:33:58,25.8497753143311,-15.2799062728882,"Unknown"
"5020559",370757,2026-04-30 02:38:59,25.8488693237305,-15.2805233001709,"Unknown"
"5020559",370757,2026-04-30 02:43:58,25.8480014801025,-15.2811861038208,"Unknown"
"5020559",370757,2026-04-30 02:48:58,25.8471870422363,-15.2818841934204,"Unknown"
"5020559",370757,2026-04-30 02:53:59,25.8464031219482,-15.28271484375,"Unknown"
"5020559",370757,2026-04-30 02:58:59,25.8456745147705,-15.2834482192993,"Unknown"
"5020559",370757,2026-04-30 03:03:58,25.8449020385742,-15.2840976715088,"Unknown"
"5020559",370757,2026-04-30 03:08:58,25.8441867828369,-15.2848215103149,"Unknown"
"5020559",370757,2026-04-30 03:13:59,25.8435497283936,-15.2856607437134,"Unknown"
"5020559",370757,2026-04-30 03:18:59,25.8429737091064,-15.2864742279053,"Unknown"
"5020559",370757,2026-04-30 03:23:59,25.8424491882324,-15.2873115539551,"Unknown"
"5020559",370757,2026-04-30 03:28:59,25.8419303894043,-15.2881278991699,"Unknown"
"5020559",370757,2026-04-30 03:33:59,25.8414421081543,-15.2889194488525,"Unknown"
"5020559",370757,2026-04-30 03:38:59,25.8435897827148,-15.2935876846313,"Unknown"
"5020559",370757,2026-04-30 03:44:01,25.8429183959961,-15.2939777374268,"Unknown"
"5020559",370757,2026-04-30 03:49:00,25.8422966003418,-15.2944402694702,"Unknown"
"5020559",370757,2026-04-30 03:54:27,25.8416633605957,-15.2947607040405,"Unknown"
"5020559",370757,2026-04-30 03:58:59,25.8411769866943,-15.2952880859375,"Unknown"
"5020559",370757,2026-04-30 04:03:58,25.8406734466553,-15.2959022521973,"Unknown"
"5020559",370757,2026-04-30 04:08:58,25.8401985168457,-15.296573638916,"Unknown"
"5020559",370757,2026-04-30 04:13:59,25.8397750854492,-15.2971382141113,"Unknown"
"5020559",370757,2026-04-30 04:18:59,25.8394241333008,-15.2978096008301,"Unknown"
"5020559",370757,2026-04-30 04:23:59,25.8390731811523,-15.2985076904297,"Unknown"
"5020559",370757,2026-04-30 04:28:58,25.8386821746826,-15.2991228103638,"Unknown"
"5020559",370757,2026-04-30 04:33:59,25.8382568359375,-15.2996740341187,"Unknown"
"5020559",370757,2026-04-30 04:38:59,25.8378410339355,-15.3002414703369,"Unknown"
"5020559",370757,2026-04-30 04:49:27,25.8369789123535,-15.3014135360718,"Unknown"
"5020559",370757,2026-04-30 04:53:58,25.8366432189941,-15.3020448684692,"Unknown"
"5020559",370757,2026-04-30 04:58:58,25.8362655639648,-15.3027048110962,"Unknown"
"5020559",370757,2026-04-30 05:03:58,25.835958480835,-15.3033790588379,"Unknown"
"5020559",370757,2026-04-30 05:08:59,25.8377494812012,-15.3090438842773,"Unknown"
"5020559",370757,2026-04-30 05:14:52,25.8382968902588,-15.307032585144,"Unknown"
"5020559",370757,2026-04-30 05:19:01,25.8389720916748,-15.3056879043579,"Unknown"
"5020559",370757,2026-04-30 05:24:01,25.838846206665,-15.3065357208252,"Unknown"
"5020559",370757,2026-04-30 05:29:02,25.8387622833252,-15.3075370788574,"Unknown"
"5020559",370757,2026-04-30 05:34:05,25.8386707305908,-15.3084621429443,"Unknown"
"5020559",370757,2026-04-30 05:39:01,25.8385696411133,-15.3093910217285,"Unknown"
"5020559",370757,2026-04-30 05:44:02,25.8498020172119,-15.3116855621338,"Unknown"
"5020559",370757,2026-04-30 05:49:01,25.8495426177979,-15.3126182556152,"Unknown"
"5020559",370757,2026-04-30 05:53:59,25.8617973327637,-15.314037322998,"Unknown"
"5020559",370757,2026-04-30 05:59:00,25.8820762634277,-15.3194541931152,"Unknown"
"5020559",370757,2026-04-30 06:04:00,25.9029998779297,-15.3229646682739,"Unknown"
"5020559",370757,2026-04-30 06:08:59,25.9029216766357,-15.3236026763916,"Unknown"
"5020559",370757,2026-04-30 06:13:59,25.9028587341309,-15.3241701126099,"Unknown"
"5020559",370757,2026-04-30 06:19:01,25.9140892028809,-15.3229188919067,"Unknown"
"5020559",370757,2026-04-30 06:23:59,25.9368019104004,-15.3311004638672,"Unknown"
"5020559",370757,2026-04-30 06:29:01,25.9583263397217,-15.3452415466309,"Unknown"
"5020559",370757,2026-04-30 06:34:01,25.9527797698975,-15.3499975204468,"Unknown"
"5020559",370757,2026-04-30 06:39:00,25.9714107513428,-15.3582515716553,"Unknown"
"5020559",370757,2026-04-30 06:44:02,25.9911880493164,-15.3580656051636,"Unknown"
"5020559",370757,2026-04-30 06:48:59,26.0127964019775,-15.3606023788452,"Unknown"
"5020559",370757,2026-04-30 06:53:59,25.9951686859131,-15.3723726272583,"Unknown"
"5020559",370757,2026-04-30 06:58:59,25.9707527160645,-15.3844871520996,"Unknown"
"5020559",370757,2026-04-30 07:04:00,25.9426403045654,-15.3762407302856,"Unknown"
"5020559",370757,2026-04-30 07:08:59,25.9202537536621,-15.3613452911377,"Unknown"
"5020559",370757,2026-04-30 07:14:00,25.890941619873,-15.3599796295166,"Unknown"
"5020559",370757,2026-04-30 07:18:59,25.8665981292725,-15.3654079437256,"Unknown"
"5020559",370757,2026-04-30 07:24:01,25.8402442932129,-15.3768625259399,"Unknown"
"5020559",370757,2026-04-30 07:29:02,25.8141174316406,-15.3700037002563,"Unknown"
"5020559",370757,2026-04-30 07:34:00,25.7868671417236,-15.3586139678955,"Unknown"
"5020559",370757,2026-04-30 07:38:58,25.7573051452637,-15.3656959533691,"Unknown"
"5020559",370757,2026-04-30 07:44:00,25.7264728546143,-15.3713436126709,"Unknown"
"5020559",370757,2026-04-30 07:49:00,25.6941165924072,-15.3808012008667,"Unknown"
"5020559",370757,2026-04-30 07:54:00,25.6617698669434,-15.3800611495972,"Unknown"
"5020559",370757,2026-04-30 07:59:01,25.6312580108643,-15.3811464309692,"Unknown"
"5020559",370757,2026-04-30 08:19:51,25.5449180603027,-15.377290725708,"Unknown"
"5020559",370757,2026-04-30 08:24:01,25.5377235412598,-15.3572950363159,"Unknown"
"5020559",370757,2026-04-30 08:29:03,25.5378761291504,-15.3602724075317,"Unknown"
"5020559",370757,2026-04-30 08:34:04,25.5370616912842,-15.3623466491699,"Unknown"
"5020559",370757,2026-04-30 08:39:27,25.536304473877,-15.3643674850464,"Unknown"
"5020559",370757,2026-04-30 08:48:58,25.5351829528809,-15.3681173324585,"Unknown"
"5020559",370757,2026-04-30 08:53:58,25.53466796875,-15.3701210021973,"Unknown"
"5020559",370757,2026-04-30 08:58:58,25.5341167449951,-15.3721714019775,"Unknown"
"5020559",370757,2026-04-30 09:03:58,25.5335502624512,-15.3741626739502,"Unknown"
"5020559",370757,2026-04-30 09:08:58,25.532922744751,-15.376148223877,"Unknown"
"5020559",370757,2026-04-30 09:14:00,25.5323581695557,-15.3781499862671,"Unknown"
"5020559",370757,2026-04-30 09:18:58,25.5319290161133,-15.380202293396,"Unknown"
"5020559",370757,2026-04-30 09:24:00,25.5314750671387,-15.3822441101074,"Unknown"
"5020559",370757,2026-04-30 09:28:58,25.5311279296875,-15.3841733932495,"Unknown"
"5020559",370757,2026-04-30 09:33:58,25.5308399200439,-15.3861932754517,"Unknown"
"5020559",370757,2026-04-30 09:38:58,25.5305690765381,-15.3880996704102,"Unknown"
"5020559",370757,2026-04-30 09:44:00,25.530309677124,-15.3900136947632,"Unknown"
"5020559",370757,2026-04-30 09:48:59,25.5300350189209,-15.3919410705566,"Unknown"
"5020559",370757,2026-04-30 09:53:59,25.5297565460205,-15.3938026428223,"Unknown"
"5020559",370757,2026-04-30 09:58:58,25.5294513702393,-15.3957605361938,"Unknown"
"5020559",370757,2026-04-30 10:03:58,25.5290355682373,-15.3976640701294,"Unknown"
"5020559",370757,2026-04-30 10:09:01,25.5286388397217,-15.3995523452759,"Unknown"
"5020559",370757,2026-04-30 10:13:59,25.5283241271973,-15.4014854431152,"Unknown"
"5020559",370757,2026-04-30 10:18:59,25.5280475616455,-15.4035110473633,"Unknown"
"5020559",370757,2026-04-30 10:23:58,25.5278377532959,-15.4055480957031,"Unknown"
"5020559",370757,2026-04-30 10:29:00,25.5277690887451,-15.4076070785522,"Unknown"
"5020559",370757,2026-04-30 10:34:00,25.5276489257812,-15.4097423553467,"Unknown"
"5020559",370757,2026-04-30 10:39:27,25.5276489257812,-15.411997795105,"Unknown"
"5020559",370757,2026-04-30 10:44:01,25.5275955200195,-15.4139194488525,"Unknown"
"5020559",370757,2026-04-30 10:49:00,25.5274982452393,-15.4159784317017,"Unknown"
"5020559",370757,2026-04-30 10:53:59,25.5275211334229,-15.4180068969727,"Unknown"
"5020559",370757,2026-04-30 10:58:59,25.527307510376,-15.4196147918701,"Unknown"
"5020559",370757,2026-04-30 11:04:00,25.5274085998535,-15.4216909408569,"Unknown"
"5020559",370757,2026-04-30 11:08:59,25.5275936126709,-15.4237813949585,"Unknown"
"5020559",370757,2026-04-30 11:13:59,25.5277690887451,-15.42578125,"Unknown"
"5020559",370757,2026-04-30 11:18:59,25.5279426574707,-15.4278497695923,"Unknown"
"5020559",370757,2026-04-30 11:23:59,25.5281734466553,-15.4299058914185,"Unknown"
"5020559",370757,2026-04-30 11:28:59,25.5285110473633,-15.4320087432861,"Unknown"
"5020559",370757,2026-04-30 11:34:00,25.5288505554199,-15.434042930603,"Unknown"
"5020559",370757,2026-04-30 11:39:27,25.529125213623,-15.4362678527832,"Unknown"
"5020559",370757,2026-04-30 11:43:59,25.5329055786133,-15.4444599151611,"Unknown"
"5020559",370757,2026-04-30 11:48:58,25.533031463623,-15.4465246200562,"Unknown"
"5020559",370757,2026-04-30 11:53:59,25.5332870483398,-15.448522567749,"Unknown"
"5020559",370757,2026-04-30 11:59:00,25.5335826873779,-15.4505939483643,"Unknown"
"5020559",370757,2026-04-30 12:04:00,25.5340232849121,-15.4525938034058,"Unknown"
"5020559",370757,2026-04-30 12:08:59,25.5344314575195,-15.4546527862549,"Unknown"
"5020559",370757,2026-04-30 12:13:59,25.5348625183105,-15.4566564559937,"Unknown"
"5020559",370757,2026-04-30 12:19:00,25.5208721160889,-15.4483833312988,"Unknown"
"5020559",370757,2026-04-30 12:23:59,25.4954795837402,-15.4446172714233,"Unknown"
"5020559",370757,2026-04-30 12:29:00,25.4757480621338,-15.4417285919189,"Unknown"
"5020559",370757,2026-04-30 12:34:02,25.4718742370605,-15.4292602539062,"Unknown"
"5020559",370757,2026-04-30 12:38:59,25.4705123901367,-15.4189357757568,"Unknown"
"5020559",370757,2026-04-30 12:48:59,25.4654102325439,-15.4038343429565,"Unknown"
"5020559",370757,2026-04-30 12:54:00,25.4647655487061,-15.3835182189941,"Unknown"
"5020559",370757,2026-04-30 12:58:58,25.4650630950928,-15.3855667114258,"Unknown"
"5020559",370757,2026-04-30 13:03:57,25.4603805541992,-15.3742971420288,"Unknown"
"5020559",370757,2026-04-30 13:08:59,25.4582748413086,-15.3560304641724,"Unknown"
"5020559",370757,2026-04-30 13:14:27,25.4552936553955,-15.344747543335,"Unknown"
"5020559",370757,2026-04-30 13:18:57,25.4575786590576,-15.3400964736938,"Unknown"
"5020559",370757,2026-04-30 13:23:58,25.457950592041,-15.3403148651123,"Unknown"
"5020559",370757,2026-04-30 13:28:57,25.4583625793457,-15.3403720855713,"Unknown"
"5020559",370757,2026-04-30 13:33:57,25.4714069366455,-15.3387641906738,"Unknown"
"5020559",370757,2026-04-30 13:38:57,25.4745693206787,-15.3368005752563,"Unknown"
"5020559",370757,2026-04-30 13:43:57,25.4794216156006,-15.3387031555176,"Unknown"
"5020559",370757,2026-04-30 13:48:58,25.483470916748,-15.3328619003296,"Unknown"
"5020559",370757,2026-04-30 13:53:59,25.4831447601318,-15.3331575393677,"Unknown"
"5020559",370757,2026-04-30 13:58:58,25.4834690093994,-15.3338766098022,"Unknown"
"5020559",370757,2026-04-30 14:03:59,25.4869842529297,-15.3267984390259,"Unknown"
"5020559",370757,2026-04-30 14:09:00,25.487361907959,-15.3272953033447,"Unknown"
"5020559",370757,2026-04-30 14:13:58,25.4942760467529,-15.3216762542725,"Unknown"
"5020559",370757,2026-04-30 14:18:58,25.5040645599365,-15.3199129104614,"Unknown"
"5020559",370757,2026-04-30 14:23:57,25.5111045837402,-15.322117805481,"Unknown"
"5020559",370757,2026-04-30 14:28:58,25.5117263793945,-15.3232440948486,"Unknown"
"5020559",370757,2026-04-30 14:33:59,25.5123023986816,-15.3243827819824,"Unknown"
"5020559",370757,2026-04-30 14:38:58,25.5127983093262,-15.325535774231,"Unknown"
"5020559",370757,2026-04-30 14:43:57,25.5132465362549,-15.3266115188599,"Unknown"
"5020559",370757,2026-04-30 14:48:57,25.5136947631836,-15.3276395797729,"Unknown"
"5020559",370757,2026-04-30 14:53:58,25.5141754150391,-15.3286743164062,"Unknown"
"5020559",370757,2026-04-30 14:58:58,25.5147304534912,-15.329779624939,"Unknown"
"5020559",370757,2026-04-30 15:03:58,25.5153331756592,-15.3308486938477,"Unknown"
"5020559",370757,2026-04-30 15:08:58,25.5158729553223,-15.3319778442383,"Unknown"
"5020559",370757,2026-04-30 15:13:59,25.5145988464355,-15.3338193893433,"Unknown"
"5020559",370757,2026-04-30 15:18:58,25.5151119232178,-15.3348417282104,"Unknown"
"5020559",370757,2026-04-30 15:24:17,25.5156059265137,-15.3358812332153,"Unknown"
"5020559",370757,2026-04-30 15:29:27,25.5160598754883,-15.3371572494507,"Unknown"
"5020559",370757,2026-04-30 15:33:57,25.5163440704346,-15.338207244873,"Unknown"
"5020559",370757,2026-04-30 15:38:57,25.5166835784912,-15.339150428772,"Unknown"
"5020559",370757,2026-04-30 15:43:57,25.5260467529297,-15.3407831192017,"Unknown"
"5020559",370757,2026-04-30 15:48:58,25.5400543212891,-15.3589944839478,"Unknown"
"5020559",370757,2026-04-30 15:53:58,25.5594940185547,-15.3565111160278,"Unknown"
"5020559",370757,2026-04-30 15:58:58,25.581615447998,-15.3600425720215,"Unknown"
"5020559",370757,2026-04-30 16:03:58,25.6021614074707,-15.3621044158936,"Unknown"
"5020559",370757,2026-04-30 16:08:58,25.6246185302734,-15.3705863952637,"Unknown"
"5020559",370757,2026-04-30 16:13:58,25.646369934082,-15.3796329498291,"Unknown"
"5020559",370757,2026-04-30 16:18:58,25.6632137298584,-15.3986053466797,"Unknown"
"5020559",370757,2026-04-30 16:24:00,25.6663913726807,-15.4021806716919,"Unknown"
"5020559",370757,2026-04-30 16:28:58,25.6662063598633,-15.4029674530029,"Unknown"
"5020559",370757,2026-04-30 16:33:59,25.6558418273926,-15.4172878265381,"Unknown"
"5020559",370757,2026-04-30 16:39:00,25.6501712799072,-15.44677734375,"Unknown"
"5020559",370757,2026-04-30 16:48:57,25.6754989624023,-15.488805770874,"Unknown"
"5020559",370757,2026-04-30 16:53:57,25.694429397583,-15.5029411315918,"Unknown"
"5020559",370757,2026-04-30 16:58:57,25.7165603637695,-15.5147171020508,"Unknown"
"5020559",370757,2026-04-30 17:03:58,25.7374668121338,-15.5152111053467,"Unknown"
"5020559",370757,2026-04-30 17:08:58,25.7527980804443,-15.4954404830933,"Unknown"
"5020559",370757,2026-04-30 17:13:58,25.7586936950684,-15.4665908813477,"Unknown"
"5020559",370757,2026-04-30 17:18:58,25.7599067687988,-15.4352512359619,"Unknown"
"5020559",370757,2026-04-30 17:23:57,25.7593517303467,-15.4313306808472,"Unknown"
"5020559",370757,2026-04-30 17:28:59,25.7595481872559,-15.4314775466919,"Unknown"
"5020559",370757,2026-04-30 17:33:57,25.7685527801514,-15.4164428710938,"Unknown"
"5020559",370757,2026-04-30 17:38:58,25.7845897674561,-15.3995723724365,"Unknown"
"5020559",370757,2026-04-30 17:43:58,25.8024139404297,-15.3838233947754,"Unknown"
"5020559",370757,2026-04-30 17:48:58,25.8219604492188,-15.3706703186035,"Unknown"
"5020559",370757,2026-04-30 17:53:58,25.8352546691895,-15.3536329269409,"Unknown"
"5020559",370757,2026-04-30 17:58:57,25.8558559417725,-15.3488283157349,"Unknown"
"5020559",370757,2026-04-30 18:09:26,25.8830871582031,-15.3587102890015,"Unknown"
"5020559",370757,2026-04-30 18:13:58,25.8851470947266,-15.3642444610596,"Unknown"
"5020559",370757,2026-04-30 18:18:58,25.8852882385254,-15.3671455383301,"Unknown"
"5020559",370757,2026-04-30 18:23:58,25.8851013183594,-15.3671646118164,"Unknown"
"5020559",370757,2026-04-30 18:28:58,25.8852596282959,-15.367621421814,"Unknown"
"5020559",370757,2026-04-30 18:33:57,25.885425567627,-15.3677644729614,"Unknown"
"5020559",370757,2026-04-30 18:38:58,25.8855724334717,-15.3679876327515,"Unknown"
"5020559",370757,2026-04-30 18:43:58,25.885778427124,-15.3682422637939,"Unknown"
"5020559",370757,2026-04-30 18:48:58,25.8860569000244,-15.3685903549194,"Unknown"
"5020559",370757,2026-04-30 18:53:57,25.8863563537598,-15.3689651489258,"Unknown"
"5020559",370757,2026-04-30 18:58:57,25.8825778961182,-15.3635425567627,"Unknown"
"5020559",370757,2026-04-30 19:03:58,25.8829307556152,-15.3636102676392,"Unknown"
"5020559",370757,2026-04-30 19:08:57,25.8831806182861,-15.3637008666992,"Unknown"
"5020559",370757,2026-04-30 19:13:57,25.8822326660156,-15.3558626174927,"Unknown"
"5020559",370757,2026-04-30 19:18:57,25.8830528259277,-15.3383321762085,"Unknown"
"5020559",370757,2026-04-30 19:23:57,25.8788566589355,-15.3227977752686,"Unknown"
"5020559",370757,2026-04-30 19:28:57,25.8707542419434,-15.3062229156494,"Unknown"
"5020559",370757,2026-04-30 19:33:58,25.8687057495117,-15.2788362503052,"Unknown"
"5020559",370757,2026-04-30 19:38:57,25.8707599639893,-15.2758855819702,"Unknown"
"5020559",370757,2026-04-30 19:43:59,25.8706245422363,-15.2763719558716,"Unknown"
"5020559",370757,2026-04-30 19:48:59,25.8704280853271,-15.2766904830933,"Unknown"
"5020559",370757,2026-04-30 19:53:57,25.8584747314453,-15.261848449707,"Unknown"
"5020559",370757,2026-04-30 19:58:58,25.854211807251,-15.2580308914185,"Unknown"
"5020559",370757,2026-04-30 20:03:57,25.8533267974854,-15.2566223144531,"Unknown"
"5020559",370757,2026-04-30 20:08:57,25.8352527618408,-15.2266445159912,"Unknown"
"5020559",370757,2026-04-30 20:13:58,25.8193321228027,-15.1959743499756,"Unknown"
"5020559",370757,2026-04-30 20:18:59,25.8151531219482,-15.1887445449829,"Unknown"
"5020559",370757,2026-04-30 20:23:58,25.8145294189453,-15.1890020370483,"Unknown"
"5020559",370757,2026-04-30 20:28:57,25.8138942718506,-15.1892204284668,"Unknown"
"5020559",370757,2026-04-30 20:33:59,25.8069324493408,-15.1730937957764,"Unknown"
"5020559",370757,2026-04-30 20:39:00,25.8063354492188,-15.1732950210571,"Unknown"
"5020559",370757,2026-04-30 20:49:00,25.7988777160645,-15.1599245071411,"Unknown"
"5020559",370757,2026-04-30 20:53:59,25.7941436767578,-15.1533679962158,"Unknown"
"5020559",370757,2026-04-30 20:59:00,25.7931308746338,-15.1536474227905,"Unknown"
"5020559",370757,2026-04-30 21:04:27,25.7920207977295,-15.1539659500122,"Unknown"
"5020559",370757,2026-04-30 21:08:58,25.7910766601562,-15.1541433334351,"Unknown"
"5020559",370757,2026-04-30 21:13:58,25.790060043335,-15.1544809341431,"Unknown"
"5020559",370757,2026-04-30 21:18:58,25.7891654968262,-15.1550378799438,"Unknown"
"5020559",370757,2026-04-30 21:23:58,25.7881736755371,-15.1553745269775,"Unknown"
"5020559",370757,2026-04-30 21:28:58,25.7849674224854,-15.1535568237305,"Unknown"
"5020559",370757,2026-04-30 21:33:59,25.7675819396973,-15.1264476776123,"Unknown"
"5020559",370757,2026-04-30 21:38:58,25.7532596588135,-15.0997886657715,"Unknown"
"5020559",370757,2026-04-30 21:43:58,25.7493152618408,-15.093710899353,"Unknown"
"5020559",370757,2026-04-30 21:48:59,25.7415447235107,-15.0817813873291,"Unknown"
"5020559",370757,2026-04-30 21:53:59,25.7364368438721,-15.0743007659912,"Unknown"
"5020559",370757,2026-04-30 21:59:00,25.7351608276367,-15.0750589370728,"Unknown"
"5020559",370757,2026-04-30 22:03:58,25.733907699585,-15.0758657455444,"Unknown"
"5020559",370757,2026-04-30 22:09:00,25.7193393707275,-15.0591611862183,"Unknown"
"5020559",370757,2026-04-30 22:13:59,25.715030670166,-15.0566082000732,"Unknown"
"5020559",370757,2026-04-30 22:19:00,25.7170238494873,-15.0545234680176,"Unknown"
"5020559",370757,2026-04-30 22:24:01,25.7103137969971,-15.0465774536133,"Unknown"
"5020559",370757,2026-04-30 22:29:00,25.7092247009277,-15.0475721359253,"Unknown"
"5020559",370757,2026-04-30 22:33:59,25.7081089019775,-15.0485200881958,"Unknown"
"5020559",370757,2026-04-30 22:39:00,25.7069492340088,-15.0493669509888,"Unknown"
"5020559",370757,2026-04-30 22:43:59,25.7058334350586,-15.0503482818604,"Unknown"
"5020559",370757,2026-04-30 22:48:59,25.7047958374023,-15.0514011383057,"Unknown"
"5020559",370757,2026-04-30 22:54:01,25.7038249969482,-15.0524682998657,"Unknown"
"5020559",370757,2026-04-30 22:59:00,25.7029094696045,-15.0536231994629,"Unknown"
"5020559",370757,2026-04-30 23:04:01,25.7020168304443,-15.0547895431519,"Unknown"
"5020559",370757,2026-04-30 23:09:03,25.7011051177979,-15.0560073852539,"Unknown"
"5020559",370757,2026-04-30 23:14:01,25.7001857757568,-15.0572109222412,"Unknown"
"5020559",370757,2026-04-30 23:19:03,25.6992053985596,-15.0583057403564,"Unknown"
"5020559",370757,2026-04-30 23:24:02,25.6982879638672,-15.0594844818115,"Unknown"
"5020559",370757,2026-04-30 23:29:27,25.6973552703857,-15.0607900619507,"Unknown"
"5020559",370757,2026-04-30 23:33:58,25.6965827941895,-15.0619287490845,"Unknown"
"5020559",370757,2026-04-30 23:38:58,25.6957263946533,-15.0631580352783,"Unknown"
"5020559",370757,2026-04-30 23:43:58,25.6948852539062,-15.0643491744995,"Unknown"
"5020559",370757,2026-04-30 23:48:58,25.6939964294434,-15.0655069351196,"Unknown"
"5020559",370757,2026-04-30 23:53:58,25.6931343078613,-15.0666847229004,"Unknown"
"5020559",370757,2026-04-30 23:59:00,25.6922035217285,-15.0678749084473,"Unknown"
"5020559",370757,2026-05-01 00:04:00,25.6913013458252,-15.0691175460815,"Unknown"
"5020559",370757,2026-05-01 00:08:59,25.6904106140137,-15.0703506469727,"Unknown"
"5020559",370757,2026-05-01 00:14:00,25.6895427703857,-15.071515083313,"Unknown"
"5020559",370757,2026-05-01 00:18:59,25.688627243042,-15.072660446167,"Unknown"
"5020559",370757,2026-05-01 00:23:59,25.6876430511475,-15.073787689209,"Unknown"
"5020559",370757,2026-05-01 00:29:27,25.6865310668945,-15.074951171875,"Unknown"
"5020559",370757,2026-05-01 00:33:58,25.6855659484863,-15.075966835022,"Unknown"
"5020559",370757,2026-05-01 00:38:58,25.6845836639404,-15.0771017074585,"Unknown"
"5020559",370757,2026-05-01 00:49:00,25.6825351715088,-15.0794734954834,"Unknown"
"5020559",370757,2026-05-01 00:53:59,25.681489944458,-15.0806522369385,"Unknown"
"5020559",370757,2026-05-01 00:59:27,25.6803131103516,-15.0818653106689,"Unknown"
"5020559",370757,2026-05-01 01:03:58,25.6793575286865,-15.0828886032104,"Unknown"
"5020559",370757,2026-05-01 01:08:58,25.6782264709473,-15.084080696106,"Unknown"
"5020559",370757,2026-05-01 01:13:58,25.6771621704102,-15.0852642059326,"Unknown"
"5020559",370757,2026-05-01 01:18:58,25.6761035919189,-15.0864791870117,"Unknown"
"5020559",370757,2026-05-01 01:23:58,25.6750526428223,-15.0877122879028,"Unknown"
"5020559",370757,2026-05-01 01:28:58,25.6740207672119,-15.0889797210693,"Unknown"
"5020559",370757,2026-05-01 01:33:58,25.6730346679688,-15.0902910232544,"Unknown"
"5020559",370757,2026-05-01 01:39:00,25.6720428466797,-15.0915784835815,"Unknown"
"5020559",370757,2026-05-01 01:43:58,25.6710224151611,-15.0929107666016,"Unknown"
"5020559",370757,2026-05-01 01:48:59,25.6699504852295,-15.09410572052,"Unknown"
"5020559",370757,2026-05-01 01:53:58,25.6688919067383,-15.0953102111816,"Unknown"
"5020559",370757,2026-05-01 01:58:58,25.6679267883301,-15.096529006958,"Unknown"
"5020559",370757,2026-05-01 02:03:58,25.6669788360596,-15.097770690918,"Unknown"
"5020559",370757,2026-05-01 02:08:58,25.6660957336426,-15.0989828109741,"Unknown"
"5020559",370757,2026-05-01 02:13:58,25.6651306152344,-15.1001930236816,"Unknown"
"5020559",370757,2026-05-01 02:19:00,25.6642608642578,-15.1015319824219,"Unknown"
"5020559",370757,2026-05-01 02:23:58,25.6632823944092,-15.1028232574463,"Unknown"
"5020559",370757,2026-05-01 02:28:58,25.6623611450195,-15.1041526794434,"Unknown"
"5020559",370757,2026-05-01 02:33:59,25.6614475250244,-15.1054944992065,"Unknown"
"5020559",370757,2026-05-01 02:38:58,25.660572052002,-15.106879234314,"Unknown"
"5020559",370757,2026-05-01 02:43:59,25.6596088409424,-15.1081552505493,"Unknown"
"5020559",370757,2026-05-01 02:49:00,25.6588230133057,-15.1095581054688,"Unknown"
"5020559",370757,2026-05-01 02:54:01,25.6580600738525,-15.1109952926636,"Unknown"
"5020559",370757,2026-05-01 02:59:00,25.6572113037109,-15.1124324798584,"Unknown"
"5020559",370757,2026-05-01 03:04:27,25.6562671661377,-15.1138887405396,"Unknown"
"5020559",370757,2026-05-01 03:08:58,25.6531562805176,-15.110541343689,"Unknown"
"5020559",370757,2026-05-01 03:13:58,25.6520614624023,-15.1116189956665,"Unknown"
"5020559",370757,2026-05-01 03:18:58,25.6509418487549,-15.1127033233643,"Unknown"
"5020559",370757,2026-05-01 03:23:58,25.6498985290527,-15.113790512085,"Unknown"
"5020559",370757,2026-05-01 03:28:58,25.6488761901855,-15.1148414611816,"Unknown"
"5020559",370757,2026-05-01 03:33:59,25.6478977203369,-15.1159362792969,"Unknown"
"5020559",370757,2026-05-01 03:38:58,25.6468772888184,-15.1170463562012,"Unknown"
"5020559",370757,2026-05-01 03:43:58,25.6458721160889,-15.1181602478027,"Unknown"
"5020559",370757,2026-05-01 03:48:59,25.6448802947998,-15.1192760467529,"Unknown"
"5020559",370757,2026-05-01 03:53:58,25.6438770294189,-15.1203708648682,"Unknown"
"5020559",370757,2026-05-01 03:59:00,25.642879486084,-15.1214923858643,"Unknown"
"5020559",370757,2026-05-01 04:04:00,25.6418952941895,-15.1226425170898,"Unknown"
"5020559",370757,2026-05-01 04:09:00,25.640869140625,-15.1238079071045,"Unknown"
"5020559",370757,2026-05-01 04:14:01,25.6398334503174,-15.1249485015869,"Unknown"
"5020559",370757,2026-05-01 04:18:59,25.6387310028076,-15.126033782959,"Unknown"
"5020559",370757,2026-05-01 04:23:59,25.638334274292,-15.1274681091309,"Unknown"
"5020559",370757,2026-05-01 04:28:59,25.6374645233154,-15.1289796829224,"Unknown"
"5020559",370757,2026-05-01 04:33:59,25.6366081237793,-15.130428314209,"Unknown"
"5020559",370757,2026-05-01 04:38:59,25.6357517242432,-15.1317443847656,"Unknown"
"5020559",370757,2026-05-01 04:49:00,25.6338596343994,-15.1343784332275,"Unknown"
"5020559",370757,2026-05-01 04:54:01,25.6328582763672,-15.1356153488159,"Unknown"
"5020559",370757,2026-05-01 04:59:01,25.6317863464355,-15.1368722915649,"Unknown"
"5020559",370757,2026-05-01 05:04:02,25.6308937072754,-15.1380577087402,"Unknown"
"5020559",370757,2026-05-01 05:09:27,25.6297645568848,-15.1396217346191,"Unknown"
"5020559",370757,2026-05-01 05:14:00,25.6270141601562,-15.138689994812,"Unknown"
"5020559",370757,2026-05-01 05:18:58,25.6262683868408,-15.1400461196899,"Unknown"
"5020559",370757,2026-05-01 05:23:58,25.6253547668457,-15.1412878036499,"Unknown"
"5020559",370757,2026-05-01 05:28:59,25.6245059967041,-15.1425828933716,"Unknown"
"5020559",370757,2026-05-01 05:34:00,25.6236019134521,-15.1439218521118,"Unknown"
"5020559",370757,2026-05-01 05:39:00,25.6226749420166,-15.1451997756958,"Unknown"
"5020559",370757,2026-05-01 05:44:01,25.6221370697021,-15.1468839645386,"Unknown"
"5020559",370757,2026-05-01 05:49:00,25.6214008331299,-15.1483955383301,"Unknown"
"5020559",370757,2026-05-01 05:53:59,25.6206893920898,-15.1499032974243,"Unknown"
"5020559",370757,2026-05-01 05:58:59,25.6201496124268,-15.1509571075439,"Unknown"
"5020559",370757,2026-05-01 06:03:59,25.6311645507812,-15.1435270309448,"Unknown"
"5020559",370757,2026-05-01 06:08:59,25.6504650115967,-15.1542520523071,"Unknown"
"5020559",370757,2026-05-01 06:13:59,25.6687507629395,-15.1722345352173,"Unknown"
"5020559",370757,2026-05-01 06:18:59,25.6858196258545,-15.1912689208984,"Unknown"
"5020559",370757,2026-05-01 06:24:00,25.7049865722656,-15.2142753601074,"Unknown"
"5020559",370757,2026-05-01 06:29:01,25.72629737854,-15.2364749908447,"Unknown"
"5020559",370757,2026-05-01 06:33:58,25.7424278259277,-15.2617778778076,"Unknown"
"5020559",370757,2026-05-01 06:38:58,25.7299728393555,-15.266806602478,"Unknown"
"5020559",370757,2026-05-01 06:43:58,25.7007026672363,-15.2618360519409,"Unknown"
"5020559",370757,2026-05-01 06:48:59,25.6727294921875,-15.2615222930908,"Unknown"
"5020559",370757,2026-05-01 06:54:00,25.6387386322021,-15.2656536102295,"Unknown"
"5020559",370757,2026-05-01 06:58:58,25.6385765075684,-15.2848978042603,"Unknown"
"5020559",370757,2026-05-01 07:04:00,25.6519546508789,-15.3112802505493,"Unknown"
"5020559",370757,2026-05-01 07:09:00,25.6293888092041,-15.3290948867798,"Unknown"
"5020559",370757,2026-05-01 07:14:00,25.6362533569336,-15.3567934036255,"Unknown"
"5020559",370757,2026-05-01 07:19:01,25.6602668762207,-15.3775672912598,"Unknown"
"5020559",370757,2026-05-01 07:24:00,25.6857509613037,-15.3950004577637,"Unknown"
"5020559",370757,2026-05-01 07:29:00,25.7118492126465,-15.4068717956543,"Unknown"
"5020559",370757,2026-05-01 07:34:02,25.7362537384033,-15.4115905761719,"Unknown"
"5020559",370757,2026-05-01 07:39:02,25.7608184814453,-15.4117212295532,"Unknown"
"5020559",370757,2026-05-01 07:44:00,25.7854385375977,-15.4107465744019,"Unknown"
"5020559",370757,2026-05-01 07:49:00,25.7952651977539,-15.4088563919067,"Unknown"
"5020559",370757,2026-05-01 07:54:03,25.7950992584229,-15.4066429138184,"Unknown"
"5020559",370757,2026-05-01 08:00:03,25.7997703552246,-15.402907371521,"Unknown"
"5020559",370757,2026-05-01 08:03:58,25.8015460968018,-15.4018383026123,"Unknown"
"5020559",370757,2026-05-01 08:08:58,25.8068351745605,-15.3995685577393,"Unknown"
"5020559",370757,2026-05-01 08:13:58,25.8286380767822,-15.4056625366211,"Unknown"
"5020559",370757,2026-05-01 08:18:58,25.8549842834473,-15.4157600402832,"Unknown"
"5020559",370757,2026-05-01 08:23:58,25.8797225952148,-15.4194383621216,"Unknown"
"5020559",370757,2026-05-01 08:28:58,25.9051856994629,-15.4315900802612,"Unknown"
"5020559",370757,2026-05-01 08:33:58,25.9284973144531,-15.4468564987183,"Unknown"
"5020559",370757,2026-05-01 08:38:58,25.9538516998291,-15.4588642120361,"Unknown"
"5020559",370757,2026-05-01 08:48:58,25.9911689758301,-15.4847087860107,"Unknown"
"5020559",370757,2026-05-01 08:53:58,25.9909133911133,-15.485372543335,"Unknown"
"5020559",370757,2026-05-01 08:58:58,25.9906997680664,-15.4860715866089,"Unknown"
"5020559",370757,2026-05-01 09:03:58,25.9906768798828,-15.486762046814,"Unknown"
"5020559",370757,2026-05-01 09:08:58,25.9904441833496,-15.4873847961426,"Unknown"
"5020559",370757,2026-05-01 09:13:58,25.9892978668213,-15.4848346710205,"Unknown"
"5020559",370757,2026-05-01 09:18:58,25.9858875274658,-15.4622678756714,"Unknown"
"5020559",370757,2026-05-01 09:23:58,25.9760284423828,-15.4384479522705,"Unknown"
"5020559",370757,2026-05-01 09:28:59,25.9624671936035,-15.4154758453369,"Unknown"
"5020559",370757,2026-05-01 09:34:00,25.9567852020264,-15.3969459533691,"Unknown"
"5020559",370757,2026-05-01 09:38:58,25.9576301574707,-15.3991804122925,"Unknown"
"5020559",370757,2026-05-01 09:43:58,25.9553489685059,-15.4060840606689,"Unknown"
"5020559",370757,2026-05-01 09:49:00,25.9499282836914,-15.4064779281616,"Unknown"
"5020559",370757,2026-05-01 09:53:58,25.9475154876709,-15.4111156463623,"Unknown"
"5020559",370757,2026-05-01 09:58:58,25.9448299407959,-15.4143562316895,"Unknown"
"5020559",370757,2026-05-01 10:04:27,25.9398326873779,-15.4133577346802,"Unknown"
"5020559",370757,2026-05-01 10:09:27,25.9354648590088,-15.4119997024536,"Unknown"
"5020559",370757,2026-05-01 10:14:00,25.9344806671143,-15.4122161865234,"Unknown"
"5020559",370757,2026-05-01 10:18:59,25.9222316741943,-15.4007911682129,"Unknown"
"5020559",370757,2026-05-01 10:23:59,25.9023590087891,-15.3818855285645,"Unknown"
"5020559",370757,2026-05-01 10:28:58,25.898229598999,-15.3598594665527,"Unknown"
"5020559",370757,2026-05-01 10:34:00,25.8914928436279,-15.3381900787354,"Unknown"
"5020559",370757,2026-05-01 10:39:00,25.8911304473877,-15.3162536621094,"Unknown"
"5020559",370757,2026-05-01 10:43:59,25.8946914672852,-15.2945489883423,"Unknown"
"5020559",370757,2026-05-01 10:49:00,25.9033813476562,-15.2759351730347,"Unknown"
"5020559",370757,2026-05-01 10:53:59,25.9097919464111,-15.258602142334,"Unknown"
"5020559",370757,2026-05-01 10:58:59,25.9037895202637,-15.2343378067017,"Unknown"
"5020559",370757,2026-05-01 11:03:59,25.889949798584,-15.2109127044678,"Unknown"
"5020559",370757,2026-05-01 11:09:00,25.8720474243164,-15.1931638717651,"Unknown"
"5020559",370757,2026-05-01 11:13:59,25.8525581359863,-15.1717758178711,"Unknown"
"5020559",370757,2026-05-01 11:19:01,25.8313941955566,-15.1500062942505,"Unknown"
"5020559",370757,2026-05-01 11:24:00,25.8085041046143,-15.1298904418945,"Unknown"
"5020559",370757,2026-05-01 11:29:00,25.7943325042725,-15.1246385574341,"Unknown"
"5020559",370757,2026-05-01 11:33:59,25.7907752990723,-15.1212902069092,"Unknown"
"5020559",370757,2026-05-01 11:38:59,25.7887630462646,-15.1189937591553,"Unknown"
"5020559",370757,2026-05-01 11:44:07,25.7914619445801,-15.1225643157959,"Unknown"
"5020559",370757,2026-05-01 11:48:59,25.7910003662109,-15.1231994628906,"Unknown"
"5020559",370757,2026-05-01 11:53:59,25.79052734375,-15.1241226196289,"Unknown"
"5020559",370757,2026-05-01 11:58:59,25.790096282959,-15.1247749328613,"Unknown"
"5020559",370757,2026-05-01 12:04:00,25.7898635864258,-15.1254863739014,"Unknown"
"5020559",370757,2026-05-01 12:08:59,25.7896156311035,-15.1262044906616,"Unknown"
"5020559",370757,2026-05-01 12:14:00,25.7892608642578,-15.1270446777344,"Unknown"
"5020559",370757,2026-05-01 12:19:33,25.7890129089355,-15.1276025772095,"Unknown"
"5020559",370757,2026-05-01 12:23:58,25.7887210845947,-15.1283349990845,"Unknown"
"5020559",370757,2026-05-01 12:29:01,25.7884292602539,-15.1290216445923,"Unknown"
"5020559",370757,2026-05-01 12:33:59,25.7880401611328,-15.129734992981,"Unknown"
"5020559",370757,2026-05-01 12:38:59,25.7876091003418,-15.1304969787598,"Unknown"
"5020559",370757,2026-05-01 12:48:57,25.7868385314941,-15.1321086883545,"Unknown"
"5020559",370757,2026-05-01 12:53:57,25.7864055633545,-15.1328678131104,"Unknown"
"5020559",370757,2026-05-01 12:58:57,25.7861480712891,-15.1336307525635,"Unknown"
"5020559",370757,2026-05-01 13:03:57,25.7858638763428,-15.134578704834,"Unknown"
"5020559",370757,2026-05-01 13:08:57,25.7856750488281,-15.1355295181274,"Unknown"
"5020559",370757,2026-05-01 13:13:57,25.7853412628174,-15.136360168457,"Unknown"
"5020559",370757,2026-05-01 13:18:57,25.7849922180176,-15.1373100280762,"Unknown"
"5020559",370757,2026-05-01 13:23:57,25.7846336364746,-15.1382732391357,"Unknown"
"5020559",370757,2026-05-01 13:28:57,25.7842864990234,-15.1391944885254,"Unknown"
"5020559",370757,2026-05-01 13:33:57,25.78395652771,-15.1401863098145,"Unknown"
"5020559",370757,2026-05-01 13:38:57,25.7836532592773,-15.1412220001221,"Unknown"
"5020559",370757,2026-05-01 13:43:57,25.7832565307617,-15.1422910690308,"Unknown"
"5020559",370757,2026-05-01 13:48:56,25.782886505127,-15.1433525085449,"Unknown"
"5020559",370757,2026-05-01 13:53:57,25.7824897766113,-15.1443490982056,"Unknown"
"5020559",370757,2026-05-01 13:58:56,25.7820911407471,-15.1454601287842,"Unknown"
"5020559",370757,2026-05-01 14:03:57,25.7820854187012,-15.150936126709,"Unknown"
"5020559",370757,2026-05-01 14:08:57,25.7872352600098,-15.1645603179932,"Unknown"
"5020559",370757,2026-05-01 14:13:57,25.786771774292,-15.1654348373413,"Unknown"
"5020559",370757,2026-05-01 14:18:57,25.7814598083496,-15.1611623764038,"Unknown"
"5020559",370757,2026-05-01 14:23:57,25.7601757049561,-15.1665372848511,"Unknown"
"5020559",370757,2026-05-01 14:28:57,25.740701675415,-15.1409463882446,"Unknown"
"5020559",370757,2026-05-01 14:33:57,25.7463722229004,-15.1347017288208,"Unknown"
"5020559",370757,2026-05-01 14:38:57,25.7459506988525,-15.1357564926147,"Unknown"
"5020559",370757,2026-05-01 14:44:01,25.7456073760986,-15.1368751525879,"Unknown"
"5020559",370757,2026-05-01 14:48:57,25.7518253326416,-15.1353406906128,"Unknown"
"5020559",370757,2026-05-01 14:54:00,25.7678756713867,-15.1507167816162,"Unknown"
"5020559",370757,2026-05-01 14:59:01,25.7662734985352,-15.1574325561523,"Unknown"
"5020559",370757,2026-05-01 15:04:33,25.7647838592529,-15.1637344360352,"Unknown"
"5020559",370757,2026-05-01 15:08:57,25.7654457092285,-15.1696872711182,"Unknown"
"5020559",370757,2026-05-01 15:13:57,25.7634925842285,-15.1812438964844,"Unknown"
"5020559",370757,2026-05-01 15:18:58,25.7651767730713,-15.1883726119995,"Unknown"
"5020559",370757,2026-05-01 15:23:58,25.7691192626953,-15.2101650238037,"Unknown"
"5020559",370757,2026-05-01 15:28:57,25.7526702880859,-15.2398023605347,"Unknown"
"5020559",370757,2026-05-01 15:33:58,25.7522144317627,-15.2407751083374,"Unknown"
"5020559",370757,2026-05-01 15:38:58,25.721658706665,-15.2480659484863,"Unknown"
"5020559",370757,2026-05-01 15:43:58,25.7159576416016,-15.2512178421021,"Unknown"
"5020559",370757,2026-05-01 15:48:58,25.7191181182861,-15.2531805038452,"Unknown"
"5020559",370757,2026-05-01 15:53:58,25.7185554504395,-15.2543106079102,"Unknown"
"5020559",370757,2026-05-01 15:58:58,25.716344833374,-15.2626523971558,"Unknown"
"5020559",370757,2026-05-01 16:03:58,25.6987895965576,-15.2712516784668,"Unknown"
"5020559",370757,2026-05-01 16:08:58,25.6721706390381,-15.2508583068848,"Unknown"
"5020559",370757,2026-05-01 16:14:05,25.6382999420166,-15.2754211425781,"Unknown"
"5020559",370757,2026-05-01 16:18:58,25.63063621521,-15.2690620422363,"Unknown"
"5020559",370757,2026-05-01 16:23:58,25.6288833618164,-15.2634696960449,"Unknown"
"5020559",370757,2026-05-01 16:28:59,25.6284008026123,-15.2642097473145,"Unknown"
"5020559",370757,2026-05-01 16:33:58,25.6279640197754,-15.2648372650146,"Unknown"
"5020559",370757,2026-05-01 16:38:58,25.6275577545166,-15.2655992507935,"Unknown"
"5020559",370757,2026-05-01 16:48:57,25.6266536712646,-15.2674865722656,"Unknown"
"5020559",370757,2026-05-01 16:53:57,25.6261329650879,-15.2685060501099,"Unknown"
"5020559",370757,2026-05-01 16:58:57,25.6265068054199,-15.2724370956421,"Unknown"
"5020559",370757,2026-05-01 17:03:57,25.6259899139404,-15.273362159729,"Unknown"
"5020559",370757,2026-05-01 17:08:58,25.6254768371582,-15.2745923995972,"Unknown"
"5020559",370757,2026-05-01 17:14:00,25.6252479553223,-15.276123046875,"Unknown"
"5020559",370757,2026-05-01 17:18:58,25.6250152587891,-15.2776947021484,"Unknown"
"5020559",370757,2026-05-01 17:23:58,25.6248149871826,-15.2793769836426,"Unknown"
"5020559",370757,2026-05-01 17:28:57,25.6245346069336,-15.2808647155762,"Unknown"
"5020559",370757,2026-05-01 17:34:01,25.6242122650146,-15.2824811935425,"Unknown"
"5020559",370757,2026-05-01 17:39:17,25.623987197876,-15.2843551635742,"Unknown"
"5020559",370757,2026-05-01 17:43:57,25.6238784790039,-15.2865304946899,"Unknown"
"5020559",370757,2026-05-01 17:48:59,25.6236438751221,-15.2880868911743,"Unknown"
"5020559",370757,2026-05-01 17:53:59,25.6232833862305,-15.2895784378052,"Unknown"
"5020559",370757,2026-05-01 17:59:27,25.6228981018066,-15.2916774749756,"Unknown"
"5020559",370757,2026-05-01 18:03:57,25.6225204467773,-15.2931985855103,"Unknown"
"5020559",370757,2026-05-01 18:08:57,25.6220264434814,-15.2947044372559,"Unknown"
"5020559",370757,2026-05-01 18:13:57,25.6215190887451,-15.2961053848267,"Unknown"
"5020559",370757,2026-05-01 18:18:57,25.620922088623,-15.2974891662598,"Unknown"
"5020559",370757,2026-05-01 18:23:57,25.6203479766846,-15.298978805542,"Unknown"
"5020559",370757,2026-05-01 18:28:58,25.6159591674805,-15.2941427230835,"Unknown"
"5020559",370757,2026-05-01 18:33:58,25.6154518127441,-15.2954835891724,"Unknown"
"5020559",370757,2026-05-01 18:38:58,25.6148052215576,-15.2968349456787,"Unknown"
"5020559",370757,2026-05-01 18:43:58,25.6141910552979,-15.2980432510376,"Unknown"
"5020559",370757,2026-05-01 18:48:58,25.6135635375977,-15.2993841171265,"Unknown"
"5020559",370757,2026-05-01 18:53:59,25.591438293457,-15.2705764770508,"Unknown"
"5020559",370757,2026-05-01 18:58:58,25.5741004943848,-15.2384071350098,"Unknown"
"5020559",370757,2026-05-01 19:04:00,25.5559310913086,-15.2048015594482,"Unknown"
"5020559",370757,2026-05-01 19:09:00,25.5406513214111,-15.1720027923584,"Unknown"
"5020559",370757,2026-05-01 19:14:00,25.5174350738525,-15.1392221450806,"Unknown"
"5020559",370757,2026-05-01 19:19:00,25.4958782196045,-15.1075077056885,"Unknown"
"5020559",370757,2026-05-01 19:23:59,25.4806900024414,-15.0744571685791,"Unknown"
"5020559",370757,2026-05-01 19:30:23,25.4624557495117,-15.0345497131348,"Unknown"
"5020559",370757,2026-05-01 19:34:27,25.4613494873047,-15.0347003936768,"Unknown"
"5020559",370757,2026-05-01 19:38:58,25.4601287841797,-15.0348615646362,"Unknown"
"5020559",370757,2026-05-01 19:43:58,25.4519329071045,-15.0147638320923,"Unknown"
"5020559",370757,2026-05-01 19:48:58,25.4481678009033,-15.0099868774414,"Unknown"
"5020559",370757,2026-05-01 19:53:58,25.4466285705566,-15.0102128982544,"Unknown"
"5020559",370757,2026-05-01 19:58:58,25.4450664520264,-15.0105028152466,"Unknown"
"5020559",370757,2026-05-01 20:03:58,25.4400405883789,-15.0054874420166,"Unknown"
"5020559",370757,2026-05-01 20:08:58,25.4384250640869,-15.0057153701782,"Unknown"
"5020559",370757,2026-05-01 20:13:58,25.4356002807617,-15.0042524337769,"Unknown"
"5020559",370757,2026-05-01 20:18:58,25.433666229248,-15.0036897659302,"Unknown"
"5020559",370757,2026-05-01 20:23:58,25.4320621490479,-15.0038642883301,"Unknown"
"5020559",370757,2026-05-01 20:28:58,25.4305419921875,-15.0040168762207,"Unknown"
"5020559",370757,2026-05-01 20:33:58,25.4290428161621,-15.0043506622314,"Unknown"
"5020559",370757,2026-05-01 20:38:58,25.4274616241455,-15.0047550201416,"Unknown"
"5020559",370757,2026-05-01 20:50:08,25.4239597320557,-15.0057563781738,"Unknown"
"5020559",370757,2026-05-01 20:55:08,25.4223213195801,-15.0062599182129,"Unknown"
"5020559",370757,2026-05-01 21:00:08,25.4207057952881,-15.006724357605,"Unknown"
"5020559",370757,2026-05-01 21:05:08,25.4191627502441,-15.0072412490845,"Unknown"
"5020559",370757,2026-05-01 21:10:08,25.4175605773926,-15.0077924728394,"Unknown"
"5020559",370757,2026-05-01 21:15:09,25.4159030914307,-15.0082263946533,"Unknown"
"5020559",370757,2026-05-01 21:20:10,25.4126091003418,-15.0063762664795,"Unknown"
"5020559",370757,2026-05-01 21:25:09,25.4069137573242,-15.0009803771973,"Unknown"
"5020559",370757,2026-05-01 21:30:11,25.4037990570068,-14.9986085891724,"Unknown"
"5020559",370757,2026-05-01 21:35:10,25.4021701812744,-14.9990377426147,"Unknown"
"5020559",370757,2026-05-01 21:40:11,25.4005241394043,-14.9994678497314,"Unknown"
"5020559",370757,2026-05-01 21:45:09,25.398904800415,-15.0000448226929,"Unknown"
"5020559",370757,2026-05-01 21:50:09,25.3973064422607,-15.0005760192871,"Unknown"
"5020559",370757,2026-05-01 21:55:09,25.3957176208496,-15.0011501312256,"Unknown"
"5020559",370757,2026-05-01 22:00:32,25.392765045166,-14.9998407363892,"Unknown"
"5020559",370757,2026-05-01 22:05:08,25.3856754302979,-14.988697052002,"Unknown"
"5020559",370757,2026-05-01 22:10:08,25.3786945343018,-14.9621438980103,"Unknown"
"5020559",370757,2026-05-01 22:15:08,25.3793544769287,-14.9555578231812,"Unknown"
"5020559",370757,2026-05-01 22:20:10,25.3778762817383,-14.9564046859741,"Unknown"
"5020559",370757,2026-05-01 22:25:09,25.3763999938965,-14.9572019577026,"Unknown"
"5020559",370757,2026-05-01 22:30:08,25.3749046325684,-14.9580421447754,"Unknown"
"5020559",370757,2026-05-01 22:35:08,25.3734092712402,-14.9588928222656,"Unknown"
"5020559",370757,2026-05-01 22:40:08,25.3719635009766,-14.9597568511963,"Unknown"
"5020559",370757,2026-05-01 22:45:08,25.3704223632812,-14.9605751037598,"Unknown"
"5020559",370757,2026-05-01 22:50:08,25.3689079284668,-14.9613924026489,"Unknown"
"5020559",370757,2026-05-01 22:55:08,25.367467880249,-14.9622993469238,"Unknown"
"5020559",370757,2026-05-01 23:00:08,25.3660907745361,-14.9632596969604,"Unknown"
"5020559",370757,2026-05-01 23:05:08,25.3647422790527,-14.9640550613403,"Unknown"
"5020559",370757,2026-05-01 23:10:08,25.3634757995605,-14.9649457931519,"Unknown"
"5020559",370757,2026-05-01 23:15:08,25.3622798919678,-14.9659767150879,"Unknown"
"5020559",370757,2026-05-01 23:20:08,25.3610343933105,-14.9669532775879,"Unknown"
"5020559",370757,2026-05-01 23:25:08,25.3597965240479,-14.9678840637207,"Unknown"
"5020559",370757,2026-05-01 23:30:09,25.3586273193359,-14.9688987731934,"Unknown"
"5020559",370757,2026-05-01 23:35:08,25.3574085235596,-14.9699153900146,"Unknown"
"5020559",370757,2026-05-01 23:40:08,25.356258392334,-14.9709033966064,"Unknown"
"5020559",370757,2026-05-01 23:45:08,25.3549842834473,-14.9716730117798,"Unknown"
"5020559",370757,2026-05-01 23:50:09,25.3535327911377,-14.9720125198364,"Unknown"
"5020559",370757,2026-05-01 23:55:08,25.351957321167,-14.9723320007324,"Unknown"
"5020559",370757,2026-05-02 00:00:08,25.350341796875,-14.972583770752,"Unknown"
"5020559",370757,2026-05-02 00:05:09,25.3487854003906,-14.9728946685791,"Unknown"
"5020559",370757,2026-05-02 00:10:08,25.3471927642822,-14.9731292724609,"Unknown"
"5020559",370757,2026-05-02 00:15:08,25.3455371856689,-14.9732789993286,"Unknown"
"5020559",370757,2026-05-02 00:20:08,25.3438911437988,-14.9735288619995,"Unknown"
"5020559",370757,2026-05-02 00:25:09,25.3422393798828,-14.9737167358398,"Unknown"
"5020559",370757,2026-05-02 00:30:09,25.3406066894531,-14.9738721847534,"Unknown"
"5020559",370757,2026-05-02 00:35:08,25.3389739990234,-14.9740514755249,"Unknown"
"5020559",370757,2026-05-02 00:40:10,25.3372745513916,-14.9742441177368,"Unknown"
"5020559",370757,2026-05-02 00:45:08,25.3356323242188,-14.9744863510132,"Unknown"
"5020559",370757,2026-05-02 00:50:08,25.3340721130371,-14.9747714996338,"Unknown"
"5020559",370757,2026-05-02 00:55:10,25.3325634002686,-14.975136756897,"Unknown"
"5020559",370757,2026-05-02 01:00:08,25.3310375213623,-14.9755706787109,"Unknown"
"5020559",370757,2026-05-02 01:05:10,25.3294773101807,-14.9758710861206,"Unknown"
"5020559",370757,2026-05-02 01:10:11,25.3280124664307,-14.9761734008789,"Unknown"
"5020559",370757,2026-05-02 01:15:10,25.3264675140381,-14.9764423370361,"Unknown"
"5020559",370757,2026-05-02 01:20:11,25.3248996734619,-14.9766883850098,"Unknown"
"5020559",370757,2026-05-02 01:25:33,25.3233299255371,-14.9770860671997,"Unknown"
"5020559",370757,2026-05-02 01:30:09,25.3220558166504,-14.9773731231689,"Unknown"
"5020559",370757,2026-05-02 01:35:08,25.3207168579102,-14.9778099060059,"Unknown"
"5020559",370757,2026-05-02 01:40:08,25.3193283081055,-14.9782466888428,"Unknown"
"5020559",370757,2026-05-02 01:45:08,25.3179664611816,-14.978630065918,"Unknown"
"5020559",370757,2026-05-02 01:50:08,25.3166332244873,-14.9790372848511,"Unknown"
"5020559",370757,2026-05-02 01:55:08,25.3153266906738,-14.979549407959,"Unknown"
"5020559",370757,2026-05-02 02:00:08,25.3139934539795,-14.9801092147827,"Unknown"
"5020559",370757,2026-05-02 02:05:08,25.3126316070557,-14.9806461334229,"Unknown"
"5020559",370757,2026-05-02 02:10:08,25.311222076416,-14.9811429977417,"Unknown"
"5020559",370757,2026-05-02 02:15:08,25.3098201751709,-14.9816732406616,"Unknown"
"5020559",370757,2026-05-02 02:20:08,25.3084506988525,-14.9822196960449,"Unknown"
"5020559",370757,2026-05-02 02:25:08,25.3070201873779,-14.9828281402588,"Unknown"
"5020559",370757,2026-05-02 02:30:08,25.3056411743164,-14.9833612442017,"Unknown"
"5020559",370757,2026-05-02 02:35:08,25.3041763305664,-14.9839296340942,"Unknown"
"5020559",370757,2026-05-02 02:40:08,25.3028259277344,-14.9845886230469,"Unknown"
"5020559",370757,2026-05-02 02:45:08,25.3036842346191,-14.9650173187256,"Unknown"
"5020559",370757,2026-05-02 02:50:08,25.2978229522705,-14.9489269256592,"Unknown"
"5020559",370757,2026-05-02 02:55:08,25.2965278625488,-14.9499969482422,"Unknown"
"5020559",370757,2026-05-02 03:00:08,25.2952270507812,-14.9511079788208,"Unknown"
"5020559",370757,2026-05-02 03:05:08,25.2939281463623,-14.9521780014038,"Unknown"
"5020559",370757,2026-05-02 03:10:08,25.2926959991455,-14.953239440918,"Unknown"
"5020559",370757,2026-05-02 03:15:08,25.2914295196533,-14.9542951583862,"Unknown"
"5020559",370757,2026-05-02 03:20:08,25.2901439666748,-14.9552745819092,"Unknown"
"5020559",370757,2026-05-02 03:25:09,25.2888984680176,-14.9562301635742,"Unknown"
"5020559",370757,2026-05-02 03:30:09,25.2876091003418,-14.9572257995605,"Unknown"
"5020559",370757,2026-05-02 03:35:08,25.2833347320557,-14.9465951919556,"Unknown"
"5020559",370757,2026-05-02 03:40:10,25.2821102142334,-14.9474964141846,"Unknown"
"5020559",370757,2026-05-02 03:45:11,25.2814712524414,-14.9473352432251,"Unknown"
"5020559",370757,2026-05-02 03:50:11,25.2802753448486,-14.9482536315918,"Unknown"
"5020559",370757,2026-05-02 03:55:12,25.2791366577148,-14.9492502212524,"Unknown"
"5020559",370757,2026-05-02 04:00:32,25.2779483795166,-14.9503288269043,"Unknown"
"5020559",370757,2026-05-02 04:05:08,25.2769355773926,-14.9511699676514,"Unknown"
"5020559",370757,2026-05-02 04:10:08,25.2757606506348,-14.9520654678345,"Unknown"
"5020559",370757,2026-05-02 04:15:10,25.2745914459229,-14.953104019165,"Unknown"
"5020559",370757,2026-05-02 04:20:08,25.2734375,-14.9540176391602,"Unknown"
"5020559",370757,2026-05-02 04:25:08,25.2722778320312,-14.9550065994263,"Unknown"
"5020559",370757,2026-05-02 04:30:08,25.271110534668,-14.9559545516968,"Unknown"
"5020559",370757,2026-05-02 04:35:11,25.2698879241943,-14.9568309783936,"Unknown"
"5020559",370757,2026-05-02 04:40:09,25.268684387207,-14.9577693939209,"Unknown"
"5020559",370757,2026-05-02 04:45:08,25.2674808502197,-14.9587059020996,"Unknown"
"5020559",370757,2026-05-02 04:50:09,25.2662544250488,-14.9596748352051,"Unknown"
"5020559",370757,2026-05-02 04:55:09,25.2650718688965,-14.9606370925903,"Unknown"
"5020559",370757,2026-05-02 05:00:09,25.2639102935791,-14.9615612030029,"Unknown"
"5020559",370757,2026-05-02 05:05:10,25.2628021240234,-14.9625730514526,"Unknown"
"5020559",370757,2026-05-02 05:10:10,25.2616024017334,-14.9634609222412,"Unknown"
"5020559",370757,2026-05-02 05:15:10,25.2603130340576,-14.9644231796265,"Unknown"
"5020559",370757,2026-05-02 05:20:10,25.2590484619141,-14.9654054641724,"Unknown"
"5020559",370757,2026-05-02 05:25:11,25.2570343017578,-14.9648466110229,"Unknown"
"5020559",370757,2026-05-02 05:30:10,25.2555370330811,-14.9641628265381,"Unknown"
"5020559",370757,2026-05-02 05:35:14,25.254508972168,-14.9584312438965,"Unknown"
"5020559",370757,2026-05-02 05:40:41,25.253101348877,-14.959433555603,"Unknown"
"5020559",370757,2026-05-02 05:45:10,25.2519378662109,-14.9601926803589,"Unknown"
"5020559",370757,2026-05-02 05:50:08,25.2503890991211,-14.9604005813599,"Unknown"
"5020559",370757,2026-05-02 05:55:10,25.2496204376221,-14.9361028671265,"Unknown"
"5020559",370757,2026-05-02 06:00:08,25.258150100708,-14.9175281524658,"Unknown"
"5020559",370757,2026-05-02 06:05:08,25.2604122161865,-14.904764175415,"Unknown"
"5020559",370757,2026-05-02 06:10:10,25.2492332458496,-14.8875541687012,"Unknown"
"5020559",370757,2026-05-02 06:15:08,25.2599315643311,-14.8749780654907,"Unknown"
"5020559",370757,2026-05-02 06:20:10,25.2713985443115,-14.8608379364014,"Unknown"
"5020559",370757,2026-05-02 06:25:09,25.2721748352051,-14.8620939254761,"Unknown"
"5020559",370757,2026-05-02 06:30:08,25.2792587280273,-14.8598051071167,"Unknown"
"5020559",370757,2026-05-02 06:35:08,25.2804508209229,-14.8648366928101,"Unknown"
"5020559",370757,2026-05-02 06:40:08,25.281078338623,-14.8667373657227,"Unknown"
"5020559",370757,2026-05-02 06:45:08,25.2801837921143,-14.8671903610229,"Unknown"
"5020559",370757,2026-05-02 06:50:08,25.2792663574219,-14.8676052093506,"Unknown"
"5020559",370757,2026-05-02 06:55:08,25.278284072876,-14.8680210113525,"Unknown"
"5020559",370757,2026-05-02 07:00:08,25.2772407531738,-14.8684091567993,"Unknown"
"5020559",370757,2026-05-02 07:05:08,25.2761249542236,-14.8687715530396,"Unknown"
"5020559",370757,2026-05-02 07:10:08,25.2750854492188,-14.869176864624,"Unknown"
"5020559",370757,2026-05-02 07:15:10,25.2740345001221,-14.8695764541626,"Unknown"
"5020559",370757,2026-05-02 07:20:10,25.2729892730713,-14.870062828064,"Unknown"
"5020559",370757,2026-05-02 07:25:09,25.2718868255615,-14.8705854415894,"Unknown"
"5020559",370757,2026-05-02 07:30:10,25.2707576751709,-14.8710699081421,"Unknown"
"5020559",370757,2026-05-02 07:35:11,25.2696304321289,-14.871485710144,"Unknown"
"5020559",370757,2026-05-02 07:40:11,25.2684783935547,-14.871865272522,"Unknown"
"5020559",370757,2026-05-02 07:45:10,25.2672157287598,-14.87233543396,"Unknown"
"5020559",370757,2026-05-02 07:50:11,25.2660312652588,-14.8728370666504,"Unknown"
"5020559",370757,2026-05-02 07:55:11,25.264799118042,-14.8733186721802,"Unknown"
"5020559",370757,2026-05-02 08:20:38,25.2547035217285,-15.018666267395,"Unknown"
"5020559",370757,2026-05-02 08:25:37,25.2509593963623,-15.0203971862793,"Unknown"
"5020559",370757,2026-05-02 08:30:37,25.2414875030518,-15.0225381851196,"Unknown"
"5020559",370757,2026-05-02 08:35:38,25.2191162109375,-15.0061340332031,"Unknown"
"5020559",370757,2026-05-02 08:40:37,25.1948337554932,-14.9897832870483,"Unknown"
"5020560",378673,2026-04-21 16:58:49,28.7195320129395,-17.7336673736572,"Unknown"
"5020560",378673,2026-04-21 17:13:33,28.7404403686523,-17.7119388580322,"Unknown"
"5020560",378673,2026-04-21 17:28:21,28.7470798492432,-17.7080459594727,"Unknown"
"5020560",378673,2026-04-21 17:42:23,28.7589778900146,-17.7176609039307,"Unknown"
"5020560",378673,2026-04-21 17:57:22,28.7799892425537,-17.7301712036133,"Unknown"
"5020560",378673,2026-04-21 18:12:24,28.7817497253418,-17.7351150512695,"Unknown"
"5020560",378673,2026-04-21 18:27:23,28.7810382843018,-17.7343902587891,"Unknown"
"5020560",378673,2026-04-21 18:42:23,28.7874374389648,-17.7424945831299,"Unknown"
"5020560",378673,2026-04-21 18:57:23,28.7854270935059,-17.7416038513184,"Unknown"
"5020560",378673,2026-04-21 19:12:25,28.7834892272949,-17.7407054901123,"Unknown"
"5020560",378673,2026-04-21 19:27:23,28.7817344665527,-17.7398719787598,"Unknown"
"5020560",378673,2026-04-21 19:42:24,28.7801399230957,-17.7391529083252,"Unknown"
"5020560",378673,2026-04-21 19:57:23,28.7788696289062,-17.7385520935059,"Unknown"
"5020560",378673,2026-04-21 20:14:00,28.7797985076904,-17.7384510040283,"Unknown"
"5020560",378673,2026-04-21 20:28:03,28.72340965271,-17.727258682251,"Unknown"
"5020560",378673,2026-04-21 20:42:35,28.7230186462402,-17.7317485809326,"Unknown"
"5020560",378673,2026-04-22 05:03:17,28.725341796875,-17.7255630493164,"Unknown"
"5020560",378673,2026-04-22 05:17:42,28.7336845397949,-17.7200813293457,"Unknown"
"5020560",378673,2026-04-22 05:32:42,28.7377643585205,-17.7205848693848,"Unknown"
"5020560",378673,2026-04-22 05:47:42,28.735237121582,-17.7185649871826,"Unknown"
"5020560",378673,2026-04-22 06:02:46,28.7384567260742,-17.7167282104492,"Unknown"
"5020560",378673,2026-04-22 06:18:33,28.7375717163086,-17.6731834411621,"Unknown"
"5020560",378673,2026-04-22 06:34:08,28.7203884124756,-17.6063041687012,"Unknown"
"5020560",378673,2026-04-22 06:49:03,28.7125205993652,-17.6698207855225,"Unknown"
"5020560",378673,2026-04-22 07:04:08,28.7593154907227,-17.7089538574219,"Unknown"
"5020560",378673,2026-04-22 07:18:03,28.7698287963867,-17.722131729126,"Unknown"
"5020560",378673,2026-04-22 07:32:43,28.7905426025391,-17.7393093109131,"Unknown"
"5020560",378673,2026-04-22 07:47:42,28.7918071746826,-17.7386264801025,"Unknown"
"5020560",378673,2026-04-22 08:02:42,28.7930965423584,-17.7379970550537,"Unknown"
"5020560",378673,2026-04-22 08:17:43,28.8067321777344,-17.7439746856689,"Unknown"
"5020560",378673,2026-04-22 08:32:43,28.8084850311279,-17.7433090209961,"Unknown"
"5020560",378673,2026-04-22 08:47:43,28.8099346160889,-17.7428741455078,"Unknown"
"5020560",378673,2026-04-22 09:02:43,28.8111972808838,-17.7427215576172,"Unknown"
"5020560",378673,2026-04-22 09:17:43,28.8124008178711,-17.7422885894775,"Unknown"
"5020560",378673,2026-04-22 09:33:03,28.8137016296387,-17.7414951324463,"Unknown"
"5020560",378673,2026-04-22 09:47:42,28.8152046203613,-17.7409534454346,"Unknown"
"5020560",378673,2026-04-22 10:02:44,28.8168067932129,-17.7406024932861,"Unknown"
"5020560",378673,2026-04-22 10:17:44,28.8183422088623,-17.740327835083,"Unknown"
"5020560",378673,2026-04-22 10:32:43,28.8180065155029,-17.737512588501,"Unknown"
"5020560",378673,2026-04-22 10:47:42,28.8187103271484,-17.736198425293,"Unknown"
"5020560",378673,2026-04-22 11:02:45,28.8197727203369,-17.7359886169434,"Unknown"
"5020560",378673,2026-04-22 11:18:03,28.8208541870117,-17.7361392974854,"Unknown"
"5020560",378673,2026-04-22 11:32:43,28.821985244751,-17.7365055084229,"Unknown"
"5020560",378673,2026-04-22 11:47:43,28.8233604431152,-17.7369480133057,"Unknown"
"5020560",378673,2026-04-22 12:02:43,28.8245143890381,-17.7372703552246,"Unknown"
"5020560",378673,2026-04-22 12:17:43,28.8257598876953,-17.7377700805664,"Unknown"
"5020560",378673,2026-04-22 12:32:46,28.8268127441406,-17.7381000518799,"Unknown"
"5020560",378673,2026-04-22 12:48:03,28.8280334472656,-17.7379093170166,"Unknown"
"5020560",378673,2026-04-22 13:02:42,28.8292694091797,-17.7374496459961,"Unknown"
"5020560",378673,2026-04-22 13:17:42,28.830587387085,-17.7370185852051,"Unknown"
"5020560",378673,2026-04-22 13:32:44,28.8320426940918,-17.7365245819092,"Unknown"
"5020560",378673,2026-04-22 13:47:43,28.8327941894531,-17.7360000610352,"Unknown"
"5020560",378673,2026-04-22 14:02:44,28.833703994751,-17.7351741790771,"Unknown"
"5020560",378673,2026-04-22 14:17:45,28.8447666168213,-17.7623291015625,"Unknown"
"5020560",378673,2026-04-22 14:33:03,28.8461894989014,-17.7629089355469,"Unknown"
"5020560",378673,2026-04-22 14:47:43,28.8478050231934,-17.7634906768799,"Unknown"
"5020560",378673,2026-04-22 15:02:43,28.8492755889893,-17.7638301849365,"Unknown"
"5020560",378673,2026-04-22 15:17:42,28.850528717041,-17.7630748748779,"Unknown"
"5020560",378673,2026-04-22 15:32:45,28.8470916748047,-17.7626934051514,"Unknown"
"5020560",378673,2026-04-22 15:47:43,28.8263034820557,-17.719762802124,"Unknown"
"5020560",378673,2026-04-22 16:03:03,28.8252391815186,-17.74489402771,"Unknown"
"5020560",378673,2026-04-22 16:17:44,28.8252735137939,-17.7442264556885,"Unknown"
"5020560",378673,2026-04-22 16:32:43,28.8315753936768,-17.7644844055176,"Unknown"
"5020560",378673,2026-04-22 16:47:43,28.8318271636963,-17.7633419036865,"Unknown"
"5020560",378673,2026-04-22 17:02:42,28.8082046508789,-17.7446804046631,"Unknown"
"5020560",378673,2026-04-22 17:17:43,28.807861328125,-17.7442626953125,"Unknown"
"5020560",378673,2026-04-22 17:32:46,28.8067111968994,-17.7445220947266,"Unknown"
"5020560",378673,2026-04-22 17:48:03,28.7986831665039,-17.7460346221924,"Unknown"
"5020560",378673,2026-04-22 18:02:44,28.7966499328613,-17.7453117370605,"Unknown"
"5020560",378673,2026-04-22 18:17:43,28.7944412231445,-17.7461318969727,"Unknown"
"5020560",378673,2026-04-22 18:32:47,28.7919387817383,-17.7453899383545,"Unknown"
"5020560",378673,2026-04-22 18:48:03,28.7896957397461,-17.7444553375244,"Unknown"
"5020560",378673,2026-04-22 19:02:42,28.7874317169189,-17.7433166503906,"Unknown"
"5020560",378673,2026-04-22 19:17:43,28.7849979400635,-17.7420539855957,"Unknown"
"5020560",378673,2026-04-22 19:32:42,28.7826080322266,-17.7405700683594,"Unknown"
"5020560",378673,2026-04-22 19:47:43,28.7791271209717,-17.7373180389404,"Unknown"
"5020560",378673,2026-04-22 20:02:42,28.7777442932129,-17.737174987793,"Unknown"
"5020560",378673,2026-04-22 20:17:46,28.7275810241699,-17.7207889556885,"Unknown"
"5020560",378673,2026-04-22 20:32:56,28.7253513336182,-17.733470916748,"Unknown"
"5020560",378673,2026-04-23 05:18:02,28.7318687438965,-17.7209968566895,"Unknown"
"5020560",378673,2026-04-23 05:32:42,28.7352294921875,-17.718843460083,"Unknown"
"5020560",378673,2026-04-23 05:47:43,28.7396659851074,-17.719705581665,"Unknown"
"5020560",378673,2026-04-23 06:02:44,28.7663993835449,-17.7242851257324,"Unknown"
"5020560",378673,2026-04-23 06:18:03,28.7682628631592,-17.7238845825195,"Unknown"
"5020560",378673,2026-04-23 06:32:42,28.7818069458008,-17.717622756958,"Unknown"
"5020560",378673,2026-04-23 06:47:44,28.7775764465332,-17.7029933929443,"Unknown"
"5020560",378673,2026-04-23 07:02:43,28.7544803619385,-17.714672088623,"Unknown"
"5020560",378673,2026-04-23 07:17:43,28.7563037872314,-17.7069473266602,"Unknown"
"5020560",378673,2026-04-23 07:32:43,28.75732421875,-17.7059383392334,"Unknown"
"5020560",378673,2026-04-23 07:47:43,28.757942199707,-17.7053508758545,"Unknown"
"5020560",378673,2026-04-23 08:02:44,28.7578945159912,-17.7064018249512,"Unknown"
"5020560",378673,2026-04-23 08:17:44,28.7802085876465,-17.7367115020752,"Unknown"
"5020560",378673,2026-04-23 08:33:03,28.7894344329834,-17.7300701141357,"Unknown"
"5020560",378673,2026-04-23 08:47:42,28.7877197265625,-17.7277507781982,"Unknown"
"5020560",378673,2026-04-23 09:02:43,28.7864952087402,-17.72607421875,"Unknown"
"5020560",378673,2026-04-23 09:17:45,28.7857685089111,-17.7244834899902,"Unknown"
"5020560",378673,2026-04-23 09:32:42,28.7864170074463,-17.7185916900635,"Unknown"
"5020560",378673,2026-04-23 09:47:44,28.8127632141113,-17.6952972412109,"Unknown"
"5020560",378673,2026-04-23 10:02:45,28.8203067779541,-17.6990165710449,"Unknown"
"5020560",378673,2026-04-23 10:17:43,28.8257160186768,-17.6935920715332,"Unknown"
"5020560",378673,2026-04-23 10:32:44,28.8117694854736,-17.6936702728271,"Unknown"
"5020560",378673,2026-04-23 10:47:46,28.8121700286865,-17.6923847198486,"Unknown"
"5020560",378673,2026-04-23 11:03:03,28.8123435974121,-17.6913681030273,"Unknown"
"5020560",378673,2026-04-23 11:17:43,28.8124828338623,-17.6903686523438,"Unknown"
"5020560",378673,2026-04-23 11:32:43,28.8135223388672,-17.6884384155273,"Unknown"
"5020560",378673,2026-04-23 11:47:42,28.8128566741943,-17.6877708435059,"Unknown"
"5020560",378673,2026-04-23 12:02:43,28.811861038208,-17.6872329711914,"Unknown"
"5020560",378673,2026-04-23 12:17:43,28.8109912872314,-17.6869201660156,"Unknown"
"5020560",378673,2026-04-23 12:32:43,28.8100872039795,-17.6868953704834,"Unknown"
"5020560",378673,2026-04-23 12:47:45,28.8087635040283,-17.6861057281494,"Unknown"
"5020560",378673,2026-04-23 13:02:44,28.8071002960205,-17.6867561340332,"Unknown"
"5020560",378673,2026-04-23 13:17:43,28.8061237335205,-17.6877155303955,"Unknown"
"5020560",378673,2026-04-23 13:32:45,28.805212020874,-17.6880340576172,"Unknown"
"5020560",378673,2026-04-23 13:48:03,28.8043632507324,-17.6886539459229,"Unknown"
"5020560",378673,2026-04-23 14:02:46,28.8039569854736,-17.6892223358154,"Unknown"
"5020560",378673,2026-04-23 14:18:03,28.8037281036377,-17.6900444030762,"Unknown"
"5020560",378673,2026-04-23 14:32:44,28.8110332489014,-17.6975326538086,"Unknown"
"5020560",378673,2026-04-23 14:47:44,28.8111801147461,-17.6980972290039,"Unknown"
"5020560",378673,2026-04-23 15:02:45,28.8140087127686,-17.697774887085,"Unknown"
"5020560",378673,2026-04-23 15:17:44,28.826847076416,-17.6976356506348,"Unknown"
"5020560",378673,2026-04-23 15:32:43,28.8305282592773,-17.6977310180664,"Unknown"
"5020560",378673,2026-04-23 15:48:03,28.8307666778564,-17.6987628936768,"Unknown"
"5020560",378673,2026-04-23 16:02:43,28.8257446289062,-17.6955394744873,"Unknown"
"5020560",378673,2026-04-23 16:17:43,28.8256397247314,-17.6961135864258,"Unknown"
"5020560",378673,2026-04-23 16:32:43,28.8254833221436,-17.6967487335205,"Unknown"
"5020560",378673,2026-04-23 16:47:43,28.8255405426025,-17.69748878479,"Unknown"
"5020560",378673,2026-04-23 17:02:42,28.8265800476074,-17.6979942321777,"Unknown"
"5020560",378673,2026-04-23 17:17:44,28.8268756866455,-17.6985282897949,"Unknown"
"5020560",378673,2026-04-23 17:32:44,28.8270626068115,-17.69873046875,"Unknown"
"5020560",378673,2026-04-23 17:47:45,28.8272342681885,-17.6991748809814,"Unknown"
"5020560",378673,2026-04-23 18:03:02,28.8218097686768,-17.706033706665,"Unknown"
"5020560",378673,2026-04-23 18:17:44,28.8223285675049,-17.7061214447021,"Unknown"
"5020560",378673,2026-04-23 18:32:42,28.810094833374,-17.7135543823242,"Unknown"
"5020560",378673,2026-04-23 18:47:43,28.7879638671875,-17.7345867156982,"Unknown"
"5020560",378673,2026-04-23 19:02:43,28.7873802185059,-17.7349529266357,"Unknown"
"5020560",378673,2026-04-23 19:17:43,28.7854843139648,-17.7379741668701,"Unknown"
"5020560",378673,2026-04-23 19:32:43,28.7846431732178,-17.7430210113525,"Unknown"
"5020560",378673,2026-04-23 19:47:43,28.7776660919189,-17.7362461090088,"Unknown"
"5020560",378673,2026-04-23 20:02:43,28.7776031494141,-17.7358207702637,"Unknown"
"5020560",378673,2026-04-23 20:17:45,28.7775974273682,-17.736686706543,"Unknown"
"5020560",378673,2026-04-23 20:32:46,28.7840557098389,-17.7402000427246,"Unknown"
"5020560",378673,2026-04-23 20:47:44,28.7837219238281,-17.7409152984619,"Unknown"
"5020560",378673,2026-04-23 21:03:03,28.7836627960205,-17.7415676116943,"Unknown"
"5020560",378673,2026-04-23 21:17:43,28.7831611633301,-17.7417221069336,"Unknown"
"5020560",378673,2026-04-23 21:32:43,28.7825164794922,-17.7416763305664,"Unknown"
"5020560",378673,2026-04-23 21:47:44,28.7822341918945,-17.7413806915283,"Unknown"
"5020560",378673,2026-04-23 22:02:43,28.7826061248779,-17.741662979126,"Unknown"
"5020560",378673,2026-04-23 22:17:44,28.7826480865479,-17.7421340942383,"Unknown"
"5020560",378673,2026-04-23 22:32:43,28.7832717895508,-17.7420425415039,"Unknown"
"5020560",378673,2026-04-23 22:47:43,28.7841262817383,-17.741569519043,"Unknown"
"5020560",378673,2026-04-23 23:02:43,28.7844390869141,-17.7420845031738,"Unknown"
"5020560",378673,2026-04-23 23:17:45,28.7863140106201,-17.7421855926514,"Unknown"
"5020560",378673,2026-04-23 23:32:45,28.7883014678955,-17.7427101135254,"Unknown"
"5020560",378673,2026-04-23 23:48:03,28.7905712127686,-17.7433414459229,"Unknown"
"5020560",378673,2026-04-24 00:02:42,28.7923851013184,-17.7439460754395,"Unknown"
"5020560",378673,2026-04-24 00:17:43,28.7949924468994,-17.7442836761475,"Unknown"
"5020560",378673,2026-04-24 00:32:43,28.7977046966553,-17.744441986084,"Unknown"
"5020560",378673,2026-04-24 00:47:43,28.7937965393066,-17.7449913024902,"Unknown"
"5020560",378673,2026-04-24 01:02:43,28.7976741790771,-17.745548248291,"Unknown"
"5020560",378673,2026-04-24 01:17:44,28.7995147705078,-17.746301651001,"Unknown"
"5020560",378673,2026-04-24 01:32:45,28.8011703491211,-17.7467041015625,"Unknown"
"5020560",378673,2026-04-24 01:47:46,28.802885055542,-17.7484397888184,"Unknown"
"5020560",378673,2026-04-24 02:03:02,28.7754669189453,-17.7384738922119,"Unknown"
"5020560",378673,2026-04-24 02:17:44,28.7248096466064,-17.7303581237793,"Unknown"
"5020560",378673,2026-04-24 02:32:46,28.7253360748291,-17.7332744598389,"Unknown"
"5020560",378673,2026-04-24 02:48:01,28.7252712249756,-17.7329959869385,"Unknown"
"5020560",378673,2026-04-24 03:03:00,28.7252140045166,-17.7330188751221,"Unknown"
"5020560",378673,2026-04-24 03:19:08,28.725248336792,-17.7332801818848,"Unknown"
"5020560",378673,2026-04-24 03:34:08,28.725227355957,-17.7332534790039,"Unknown"
"5020560",378673,2026-04-24 03:49:08,28.725305557251,-17.7334156036377,"Unknown"
"5020560",378673,2026-04-24 05:03:03,28.7252769470215,-17.7331256866455,"Unknown"
"5020560",378673,2026-04-24 05:17:44,28.7333717346191,-17.7182579040527,"Unknown"
"5020560",378673,2026-04-24 05:32:45,28.7365303039551,-17.7161026000977,"Unknown"
"5020560",378673,2026-04-24 05:47:48,28.7423534393311,-17.7166843414307,"Unknown"
"5020560",378673,2026-04-24 06:04:03,28.762357711792,-17.7145709991455,"Unknown"
"5020560",378673,2026-04-24 06:18:03,28.7658653259277,-17.7144641876221,"Unknown"
"5020560",378673,2026-04-24 06:33:03,28.769172668457,-17.7154178619385,"Unknown"
"5020560",378673,2026-04-24 06:47:43,28.7775039672852,-17.7133617401123,"Unknown"
"5020560",378673,2026-04-24 07:02:42,28.7859020233154,-17.7003116607666,"Unknown"
"5020560",378673,2026-04-24 07:17:42,28.7937393188477,-17.6864051818848,"Unknown"
"5020560",378673,2026-04-24 07:32:45,28.7902870178223,-17.6857719421387,"Unknown"
"5020560",378673,2026-04-24 07:47:44,28.7756385803223,-17.7126579284668,"Unknown"
"5020560",378673,2026-04-24 08:02:45,28.7790660858154,-17.7131786346436,"Unknown"
"5020560",378673,2026-04-24 08:18:03,28.7816524505615,-17.713264465332,"Unknown"
"5020560",378673,2026-04-24 08:32:42,28.7835559844971,-17.713321685791,"Unknown"
"5020560",378673,2026-04-24 08:47:43,28.7855567932129,-17.7092819213867,"Unknown"
"5020560",378673,2026-04-24 09:02:43,28.7840194702148,-17.7060146331787,"Unknown"
"5020560",378673,2026-04-24 09:17:43,28.7853450775146,-17.7058506011963,"Unknown"
"5020560",378673,2026-04-24 09:32:43,28.7833957672119,-17.7046680450439,"Unknown"
"5020560",378673,2026-04-24 09:47:43,28.7842044830322,-17.7064914703369,"Unknown"
"5020560",378673,2026-04-24 10:02:44,28.7845764160156,-17.7065544128418,"Unknown"
"5020560",378673,2026-04-24 10:17:44,28.7847595214844,-17.7064838409424,"Unknown"
"5020560",378673,2026-04-24 10:32:43,28.7998161315918,-17.7023639678955,"Unknown"
"5020560",378673,2026-04-24 10:47:45,28.812068939209,-17.7080497741699,"Unknown"
"5020560",378673,2026-04-24 11:03:03,28.8144187927246,-17.7029972076416,"Unknown"
"5020560",378673,2026-04-24 11:17:43,28.8148708343506,-17.703893661499,"Unknown"
"5020560",378673,2026-04-24 11:32:42,28.8151473999023,-17.7051086425781,"Unknown"
"5020560",378673,2026-04-24 11:47:42,28.8154888153076,-17.7065620422363,"Unknown"
"5020560",378673,2026-04-24 12:02:43,28.8158893585205,-17.7082614898682,"Unknown"
"5020560",378673,2026-04-24 12:17:45,28.8162536621094,-17.7103309631348,"Unknown"
"5020560",378673,2026-04-24 12:32:45,28.8169364929199,-17.7126312255859,"Unknown"
"5020560",378673,2026-04-24 12:47:45,28.8179302215576,-17.7153816223145,"Unknown"
"5020560",378673,2026-04-24 13:02:44,28.818977355957,-17.7183418273926,"Unknown"
"5020560",378673,2026-04-24 13:17:44,28.8130340576172,-17.7271404266357,"Unknown"
"5020560",378673,2026-04-24 13:33:03,28.8131561279297,-17.7367134094238,"Unknown"
"5020560",378673,2026-04-24 13:47:46,28.812162399292,-17.7381591796875,"Unknown"
"5020560",378673,2026-04-24 14:02:44,28.8123168945312,-17.742036819458,"Unknown"
"5020560",378673,2026-04-24 14:18:03,28.8113136291504,-17.7434997558594,"Unknown"
"5020560",378673,2026-04-24 14:32:44,28.8102035522461,-17.744535446167,"Unknown"
"5020560",378673,2026-04-24 14:47:44,28.8091926574707,-17.7451877593994,"Unknown"
"5020560",378673,2026-04-24 15:02:44,28.8079319000244,-17.7386150360107,"Unknown"
"5020560",378673,2026-04-24 15:17:45,28.8078346252441,-17.7386283874512,"Unknown"
"5020560",378673,2026-04-24 15:32:46,28.8078498840332,-17.7388305664062,"Unknown"
"5020560",378673,2026-04-24 15:47:44,28.808126449585,-17.7388591766357,"Unknown"
"5020560",378673,2026-04-24 16:03:03,28.8158512115479,-17.7360191345215,"Unknown"
"5020560",378673,2026-04-24 16:17:43,28.8061027526855,-17.7312030792236,"Unknown"
"5020560",378673,2026-04-24 16:32:43,28.7959480285645,-17.7197113037109,"Unknown"
"5020560",378673,2026-04-24 16:47:42,28.7970523834229,-17.7238483428955,"Unknown"
"5020560",378673,2026-04-24 17:02:42,28.7980155944824,-17.7231845855713,"Unknown"
"5020560",378673,2026-04-24 17:17:42,28.7992935180664,-17.7261085510254,"Unknown"
"5020560",378673,2026-04-24 17:32:45,28.8008251190186,-17.7290554046631,"Unknown"
"5020560",378673,2026-04-24 17:48:03,28.8023090362549,-17.7289562225342,"Unknown"
"5020560",378673,2026-04-24 18:02:43,28.8031539916992,-17.731575012207,"Unknown"
"5020560",378673,2026-04-24 18:17:43,28.8027801513672,-17.7197151184082,"Unknown"
"5020560",378673,2026-04-24 18:33:03,28.8050937652588,-17.7204513549805,"Unknown"
"5020560",378673,2026-04-24 18:47:43,28.8073654174805,-17.7209072113037,"Unknown"
"5020560",378673,2026-04-24 19:02:43,28.8093109130859,-17.7212238311768,"Unknown"
"5020560",378673,2026-04-24 19:17:43,28.7944774627686,-17.7344760894775,"Unknown"
"5020560",378673,2026-04-24 19:32:43,28.7935009002686,-17.7343921661377,"Unknown"
"5020560",378673,2026-04-24 19:47:43,28.7896003723145,-17.7384548187256,"Unknown"
"5020560",378673,2026-04-24 20:02:42,28.7878646850586,-17.7377910614014,"Unknown"
"5020560",378673,2026-04-24 20:17:33,28.7797107696533,-17.7445945739746,"Unknown"
"5020560",378673,2026-04-24 20:18:34,28.7720527648926,-17.7394695281982,"Unknown"
"5020560",378673,2026-04-24 20:19:34,28.764835357666,-17.7346496582031,"Unknown"
"5020560",378673,2026-04-24 20:20:33,28.7567939758301,-17.7291584014893,"Unknown"
"5020560",378673,2026-04-24 20:21:32,28.7480659484863,-17.7239456176758,"Unknown"
"5020560",378673,2026-04-24 20:22:34,28.7377490997314,-17.7214393615723,"Unknown"
"5020560",378673,2026-04-24 20:27:35,28.7298469543457,-17.7250862121582,"Unknown"
"5020560",378673,2026-04-24 20:32:34,28.7302646636963,-17.7248401641846,"Unknown"
"5020560",378673,2026-04-24 20:33:34,28.7290935516357,-17.7264976501465,"Unknown"
"5020560",378673,2026-04-24 20:39:03,28.7241916656494,-17.7240180969238,"Unknown"
"5020560",378673,2026-04-24 20:39:34,28.725061416626,-17.7231216430664,"Unknown"
"5020560",378673,2026-04-24 20:44:36,28.7256889343262,-17.7231197357178,"Unknown"
"5020560",378673,2026-04-24 20:50:03,28.728759765625,-17.7225151062012,"Unknown"
"5020560",378673,2026-04-24 20:54:31,28.7291145324707,-17.7220287322998,"Unknown"
"5020560",378673,2026-04-24 20:59:31,28.7294597625732,-17.7216854095459,"Unknown"
"5020560",378673,2026-04-24 21:04:32,28.7298278808594,-17.7212467193604,"Unknown"
"5020560",378673,2026-04-24 21:09:31,28.7302379608154,-17.7211074829102,"Unknown"
"5020560",378673,2026-04-24 21:14:31,28.7308673858643,-17.7209033966064,"Unknown"
"5020560",378673,2026-04-24 21:19:31,28.7314262390137,-17.7207679748535,"Unknown"
"5020560",378673,2026-04-24 21:24:31,28.7320404052734,-17.7204780578613,"Unknown"
"5020560",378673,2026-04-24 21:29:31,28.7326278686523,-17.7202377319336,"Unknown"
"5020560",378673,2026-04-24 21:34:31,28.7332000732422,-17.7199764251709,"Unknown"
"5020560",378673,2026-04-24 21:39:31,28.7337055206299,-17.719446182251,"Unknown"
"5020560",378673,2026-04-24 21:44:32,28.7339992523193,-17.7188968658447,"Unknown"
"5020560",378673,2026-04-24 21:49:32,28.7342433929443,-17.7183933258057,"Unknown"
"5020560",378673,2026-04-24 21:54:32,28.7343158721924,-17.7178592681885,"Unknown"
"5020560",378673,2026-04-24 21:59:31,28.7344856262207,-17.7173442840576,"Unknown"
"5020560",378673,2026-04-24 22:04:31,28.7346210479736,-17.7169342041016,"Unknown"
"5020560",378673,2026-04-24 22:09:32,28.7349014282227,-17.7165393829346,"Unknown"
"5020560",378673,2026-04-24 22:14:32,28.7351417541504,-17.7161750793457,"Unknown"
"5020560",378673,2026-04-24 22:19:31,28.7355098724365,-17.7159080505371,"Unknown"
"5020560",378673,2026-04-24 22:24:33,28.7358074188232,-17.7157592773438,"Unknown"
"5020560",378673,2026-04-24 22:29:31,28.7361373901367,-17.715461730957,"Unknown"
"5020560",378673,2026-04-24 22:34:33,28.7365989685059,-17.7152290344238,"Unknown"
"5020560",378673,2026-04-24 22:39:31,28.7371253967285,-17.7150440216064,"Unknown"
"5020560",378673,2026-04-24 22:44:33,28.7378082275391,-17.7148361206055,"Unknown"
"5020560",378673,2026-04-24 22:49:33,28.7380714416504,-17.7145595550537,"Unknown"
"5020560",378673,2026-04-24 22:54:33,28.7378635406494,-17.7141342163086,"Unknown"
"5020560",378673,2026-04-24 22:59:31,28.7376251220703,-17.714298248291,"Unknown"
"5020560",378673,2026-04-24 23:04:33,28.747522354126,-17.7192687988281,"Unknown"
"5020560",378673,2026-04-24 23:09:34,28.7524299621582,-17.7215976715088,"Unknown"
"5020560",378673,2026-04-24 23:14:33,28.7510452270508,-17.7204151153564,"Unknown"
"5020560",378673,2026-04-24 23:19:33,28.7497081756592,-17.7189140319824,"Unknown"
"5020560",378673,2026-04-24 23:24:34,28.7484111785889,-17.7173671722412,"Unknown"
"5020560",378673,2026-04-24 23:29:34,28.7470741271973,-17.7157497406006,"Unknown"
"5020560",378673,2026-04-24 23:34:33,28.7458934783936,-17.7139530181885,"Unknown"
"5020560",378673,2026-04-24 23:39:39,28.7449607849121,-17.7119445800781,"Unknown"
"5020560",378673,2026-04-24 23:45:03,28.7443332672119,-17.7098522186279,"Unknown"
"5020560",378673,2026-04-24 23:49:32,28.7440986633301,-17.7079410552979,"Unknown"
"5020560",378673,2026-04-24 23:54:32,28.7439670562744,-17.7059879302979,"Unknown"
"5020560",378673,2026-04-24 23:59:32,28.7439212799072,-17.7039184570312,"Unknown"
"5020560",378673,2026-04-25 00:04:31,28.7438716888428,-17.7019062042236,"Unknown"
"5020560",378673,2026-04-25 00:09:31,28.7442684173584,-17.699893951416,"Unknown"
"5020560",378673,2026-04-25 00:14:31,28.7446060180664,-17.6983833312988,"Unknown"
"5020560",378673,2026-04-25 00:19:31,28.7449645996094,-17.6966915130615,"Unknown"
"5020560",378673,2026-04-25 00:24:31,28.7451515197754,-17.6952095031738,"Unknown"
"5020560",378673,2026-04-25 00:29:31,28.7452297210693,-17.6940441131592,"Unknown"
"5020560",378673,2026-04-25 00:34:32,28.7454433441162,-17.693021774292,"Unknown"
"5020560",378673,2026-04-25 00:39:32,28.7459850311279,-17.6921367645264,"Unknown"
"5020560",378673,2026-04-25 00:44:32,28.7466869354248,-17.6914501190186,"Unknown"
"5020560",378673,2026-04-25 00:49:32,28.7475643157959,-17.6908531188965,"Unknown"
"5020560",378673,2026-04-25 00:54:32,28.748327255249,-17.6904277801514,"Unknown"
"5020560",378673,2026-04-25 00:59:31,28.7485084533691,-17.6901111602783,"Unknown"
"5020560",378673,2026-04-25 01:04:32,28.7491283416748,-17.6897506713867,"Unknown"
"5020560",378673,2026-04-25 01:09:31,28.7481784820557,-17.6951599121094,"Unknown"
"5020560",378673,2026-04-25 01:14:31,28.748664855957,-17.693790435791,"Unknown"
"5020560",378673,2026-04-25 01:19:32,28.7491245269775,-17.6926002502441,"Unknown"
"5020560",378673,2026-04-25 01:24:31,28.7495555877686,-17.6914100646973,"Unknown"
"5020560",378673,2026-04-25 01:29:32,28.7483463287354,-17.696720123291,"Unknown"
"5020560",378673,2026-04-25 01:34:33,28.7477855682373,-17.6992645263672,"Unknown"
"5020560",378673,2026-04-25 01:39:32,28.7489242553711,-17.698543548584,"Unknown"
"5020560",378673,2026-04-25 01:44:32,28.7493591308594,-17.6971378326416,"Unknown"
"5020560",378673,2026-04-25 01:49:33,28.7497863769531,-17.6957874298096,"Unknown"
"5020560",378673,2026-04-25 01:54:32,28.7502956390381,-17.6944103240967,"Unknown"
"5020560",378673,2026-04-25 02:00:03,28.750955581665,-17.6929664611816,"Unknown"
"5020560",378673,2026-04-25 02:04:32,28.7515392303467,-17.6919136047363,"Unknown"
"5020560",378673,2026-04-25 02:09:31,28.7522144317627,-17.690860748291,"Unknown"
"5020560",378673,2026-04-25 02:14:32,28.7528839111328,-17.6898632049561,"Unknown"
"5020560",378673,2026-04-25 02:19:31,28.7535858154297,-17.6889972686768,"Unknown"
"5020560",378673,2026-04-25 02:24:32,28.7542896270752,-17.6882705688477,"Unknown"
"5020560",378673,2026-04-25 02:29:32,28.7491283416748,-17.6974620819092,"Unknown"
"5020560",378673,2026-04-25 02:34:32,28.7493438720703,-17.695951461792,"Unknown"
"5020560",378673,2026-04-25 02:39:32,28.7495765686035,-17.6945762634277,"Unknown"
"5020560",378673,2026-04-25 02:44:32,28.7499523162842,-17.6935253143311,"Unknown"
"5020560",378673,2026-04-25 02:49:32,28.7307777404785,-17.7155456542969,"Unknown"
"5020560",378673,2026-04-25 02:54:33,28.7253684997559,-17.7331409454346,"Unknown"
"5020560",378673,2026-04-25 02:59:48,28.7252559661865,-17.7330894470215,"Unknown"
"5020560",378673,2026-04-25 03:01:11,28.7252502441406,-17.7331218719482,"Unknown"
"5020560",378673,2026-04-25 03:01:37,28.7252750396729,-17.7332706451416,"Unknown"
"5020560",378673,2026-04-25 04:49:08,28.7254333496094,-17.7327270507812,"Unknown"
"5020560",378673,2026-04-25 04:58:03,28.7274513244629,-17.725341796875,"Unknown"
"5020560",378673,2026-04-25 05:07:44,28.7284774780273,-17.7242221832275,"Unknown"
"5020560",378673,2026-04-25 05:17:42,28.7292957305908,-17.7229843139648,"Unknown"
"5020560",378673,2026-04-25 05:27:42,28.7304935455322,-17.7219200134277,"Unknown"
"5020560",378673,2026-04-25 05:37:45,28.7347869873047,-17.7215118408203,"Unknown"
"5020560",378673,2026-04-25 05:47:46,28.7337417602539,-17.7197513580322,"Unknown"
"5020560",378673,2026-04-25 05:58:57,28.7464160919189,-17.7203235626221,"Unknown"
"5020560",378673,2026-04-25 06:07:45,28.7514171600342,-17.722785949707,"Unknown"
"5020560",378673,2026-04-25 06:17:43,28.7561855316162,-17.7206153869629,"Unknown"
"5020560",378673,2026-04-25 06:27:44,28.7618141174316,-17.7119407653809,"Unknown"
"5020560",378673,2026-04-25 06:37:43,28.7728462219238,-17.6895217895508,"Unknown"
"5020560",378673,2026-04-25 06:47:43,28.7747440338135,-17.6900100708008,"Unknown"
"5020560",378673,2026-04-25 06:57:43,28.7767181396484,-17.6905384063721,"Unknown"
"5020560",378673,2026-04-25 07:08:03,28.7784461975098,-17.691104888916,"Unknown"
"5020560",378673,2026-04-25 07:17:45,28.7830410003662,-17.6697177886963,"Unknown"
"5020560",378673,2026-04-25 07:27:43,28.789722442627,-17.6748085021973,"Unknown"
"5020560",378673,2026-04-25 07:37:44,28.7783832550049,-17.690408706665,"Unknown"
"5020560",378673,2026-04-25 07:47:43,28.7484436035156,-17.7144680023193,"Unknown"
"5020560",378673,2026-04-25 07:57:43,28.7512798309326,-17.7148933410645,"Unknown"
"5020560",378673,2026-04-25 08:09:07,28.7558917999268,-17.7204322814941,"Unknown"
"5020560",378673,2026-04-25 08:18:33,28.769250869751,-17.7065753936768,"Unknown"
"5020560",378673,2026-04-25 08:27:45,28.7668323516846,-17.7042636871338,"Unknown"
"5020560",378673,2026-04-25 08:37:43,28.7726821899414,-17.7024307250977,"Unknown"
"5020560",378673,2026-04-25 08:42:43,28.7730846405029,-17.702299118042,"Unknown"
"5020560",378673,2026-04-25 08:47:43,28.7734718322754,-17.7021598815918,"Unknown"
"5020560",378673,2026-04-25 08:52:44,28.7739315032959,-17.7022228240967,"Unknown"
"5020560",378673,2026-04-25 08:57:44,28.7742691040039,-17.7021389007568,"Unknown"
"5020560",378673,2026-04-25 09:02:43,28.7747058868408,-17.702220916748,"Unknown"
"5020560",378673,2026-04-25 09:07:43,28.7750816345215,-17.7022838592529,"Unknown"
"5020560",378673,2026-04-25 09:12:43,28.7754573822021,-17.7024173736572,"Unknown"
"5020560",378673,2026-04-25 09:17:44,28.7757797241211,-17.7026271820068,"Unknown"
"5020560",378673,2026-04-25 09:22:44,28.7762393951416,-17.7029190063477,"Unknown"
"5020560",378673,2026-04-25 09:27:44,28.7766094207764,-17.7032928466797,"Unknown"
"5020560",378673,2026-04-25 09:32:45,28.7770843505859,-17.7036666870117,"Unknown"
"5020560",378673,2026-04-25 09:37:45,28.7774143218994,-17.7040119171143,"Unknown"
"5020560",378673,2026-04-25 09:42:45,28.7776966094971,-17.7042484283447,"Unknown"
"5020560",378673,2026-04-25 09:47:45,28.7780437469482,-17.7045211791992,"Unknown"
"5020560",378673,2026-04-25 09:52:45,28.7783546447754,-17.7047157287598,"Unknown"
"5020560",378673,2026-04-25 09:57:46,28.7786731719971,-17.7048244476318,"Unknown"
"5020560",378673,2026-04-25 10:02:45,28.7789497375488,-17.7049827575684,"Unknown"
"5020560",378673,2026-04-25 10:07:45,28.7792625427246,-17.7049865722656,"Unknown"
"5020560",378673,2026-04-25 10:12:45,28.7795829772949,-17.7049827575684,"Unknown"
"5020560",378673,2026-04-25 10:17:45,28.7799243927002,-17.7049961090088,"Unknown"
"5020560",378673,2026-04-25 10:23:03,28.7803440093994,-17.7051010131836,"Unknown"
"5020560",378673,2026-04-25 10:27:48,28.7807312011719,-17.7051658630371,"Unknown"
"5020560",378673,2026-04-25 10:32:43,28.7809677124023,-17.7052707672119,"Unknown"
"5020560",378673,2026-04-25 10:37:48,28.7813816070557,-17.7054233551025,"Unknown"
"5020560",378673,2026-04-25 10:42:45,28.7816982269287,-17.705436706543,"Unknown"
"5020560",378673,2026-04-25 10:47:57,28.78200340271,-17.7054557800293,"Unknown"
"5020560",378673,2026-04-25 10:53:03,28.7823333740234,-17.7055244445801,"Unknown"
"5020560",378673,2026-04-25 10:57:43,28.7825222015381,-17.7055854797363,"Unknown"
"5020560",378673,2026-04-25 11:02:42,28.7827320098877,-17.7056617736816,"Unknown"
"5020560",378673,2026-04-25 11:07:43,28.7828197479248,-17.7057971954346,"Unknown"
"5020560",378673,2026-04-25 11:12:42,28.7828845977783,-17.7057437896729,"Unknown"
"5020560",378673,2026-04-25 11:17:43,28.7828674316406,-17.7057189941406,"Unknown"
"5020560",378673,2026-04-25 11:22:43,28.7828311920166,-17.7056694030762,"Unknown"
"5020560",378673,2026-04-25 11:27:42,28.7801132202148,-17.7068920135498,"Unknown"
"5020560",378673,2026-04-25 11:32:42,28.7781143188477,-17.7071952819824,"Unknown"
"5020560",378673,2026-04-25 11:37:43,28.7779121398926,-17.7071361541748,"Unknown"
"5020560",378673,2026-04-25 11:42:42,28.7776756286621,-17.7071514129639,"Unknown"
"5020560",378673,2026-04-25 11:47:43,28.7773990631104,-17.707332611084,"Unknown"
"5020560",378673,2026-04-25 11:52:43,28.7773971557617,-17.7078094482422,"Unknown"
"5020560",378673,2026-04-25 11:57:43,28.7771530151367,-17.7080173492432,"Unknown"
"5020560",378673,2026-04-25 12:02:43,28.7768211364746,-17.708215713501,"Unknown"
"5020560",378673,2026-04-25 12:07:43,28.7764339447021,-17.7084941864014,"Unknown"
"5020560",378673,2026-04-25 12:12:42,28.7760829925537,-17.708667755127,"Unknown"
"5020560",378673,2026-04-25 12:17:43,28.7757415771484,-17.7088069915771,"Unknown"
"5020560",378673,2026-04-25 12:22:43,28.7753353118896,-17.7090187072754,"Unknown"
"5020560",378673,2026-04-25 12:27:43,28.7749309539795,-17.7091045379639,"Unknown"
"5020560",378673,2026-04-25 12:32:43,28.7744827270508,-17.70920753479,"Unknown"
"5020560",378673,2026-04-25 12:37:45,28.7740077972412,-17.70920753479,"Unknown"
"5020560",378673,2026-04-25 12:42:43,28.7734565734863,-17.7093238830566,"Unknown"
"5020560",378673,2026-04-25 12:47:45,28.7689609527588,-17.7119121551514,"Unknown"
"5020560",378673,2026-04-25 12:52:44,28.7665176391602,-17.7114772796631,"Unknown"
"5020560",378673,2026-04-25 12:57:45,28.7666187286377,-17.7049980163574,"Unknown"
"5020560",378673,2026-04-25 13:02:44,28.7626533508301,-17.7039947509766,"Unknown"
"5020560",378673,2026-04-25 13:07:48,28.763391494751,-17.7046680450439,"Unknown"
"5020560",378673,2026-04-25 13:12:45,28.7637729644775,-17.7050342559814,"Unknown"
"5020560",378673,2026-04-25 13:17:45,28.764196395874,-17.7055187225342,"Unknown"
"5020560",378673,2026-04-25 13:22:47,28.7645359039307,-17.7061824798584,"Unknown"
"5020560",378673,2026-04-25 13:27:47,28.7652454376221,-17.7081336975098,"Unknown"
"5020560",378673,2026-04-25 13:32:48,28.7651538848877,-17.7088832855225,"Unknown"
"5020560",378673,2026-04-25 13:37:53,28.7644596099854,-17.7075748443604,"Unknown"
"5020560",378673,2026-04-25 13:43:03,28.7644653320312,-17.7086048126221,"Unknown"
"5020560",378673,2026-04-25 13:47:43,28.7620429992676,-17.708137512207,"Unknown"
"5020560",378673,2026-04-25 13:52:43,28.7679958343506,-17.6912670135498,"Unknown"
"5020560",378673,2026-04-25 13:57:43,28.768217086792,-17.6916770935059,"Unknown"
"5020560",378673,2026-04-25 14:02:43,28.7685241699219,-17.6920623779297,"Unknown"
"5020560",378673,2026-04-25 14:07:43,28.7687568664551,-17.6924858093262,"Unknown"
"5020560",378673,2026-04-25 14:12:43,28.7689571380615,-17.6929111480713,"Unknown"
"5020560",378673,2026-04-25 14:17:43,28.7759590148926,-17.6902370452881,"Unknown"
"5020560",378673,2026-04-25 14:22:43,28.7762184143066,-17.6906929016113,"Unknown"
"5020560",378673,2026-04-25 14:27:42,28.771541595459,-17.6825752258301,"Unknown"
"5020560",378673,2026-04-25 14:32:43,28.7719230651855,-17.6844444274902,"Unknown"
"5020560",378673,2026-04-25 14:37:44,28.772367477417,-17.6849956512451,"Unknown"
"5020560",378673,2026-04-25 14:42:43,28.7728710174561,-17.6856212615967,"Unknown"
"5020560",378673,2026-04-25 14:47:42,28.7819557189941,-17.7059078216553,"Unknown"
"5020560",378673,2026-04-25 14:52:42,28.7873802185059,-17.6942405700684,"Unknown"
"5020560",378673,2026-04-25 14:57:42,28.8014392852783,-17.6955966949463,"Unknown"
"5020560",378673,2026-04-25 15:02:43,28.8082218170166,-17.6996326446533,"Unknown"
"5020560",378673,2026-04-25 15:07:43,28.8071823120117,-17.7045440673828,"Unknown"
"5020560",378673,2026-04-25 15:12:44,28.8057727813721,-17.7105445861816,"Unknown"
"5020560",378673,2026-04-25 15:17:48,28.8087978363037,-17.7174453735352,"Unknown"
"5020560",378673,2026-04-25 15:22:44,28.8078689575195,-17.7194843292236,"Unknown"
"5020560",378673,2026-04-25 15:27:44,28.808177947998,-17.7195587158203,"Unknown"
"5020560",378673,2026-04-25 15:32:44,28.813793182373,-17.7225246429443,"Unknown"
"5020560",378673,2026-04-25 15:37:45,28.8151378631592,-17.7185173034668,"Unknown"
"5020560",378673,2026-04-25 15:42:44,28.8157043457031,-17.7188777923584,"Unknown"
"5020560",378673,2026-04-25 15:48:03,28.8161849975586,-17.7191352844238,"Unknown"
"5020560",378673,2026-04-25 15:52:42,28.8181896209717,-17.7161827087402,"Unknown"
"5020560",378673,2026-04-25 15:57:43,28.8187980651855,-17.7162246704102,"Unknown"
"5020560",378673,2026-04-25 16:02:43,28.819486618042,-17.716365814209,"Unknown"
"5020560",378673,2026-04-25 16:07:42,28.8201847076416,-17.7165756225586,"Unknown"
"5020560",378673,2026-04-25 16:12:42,28.8210067749023,-17.7166213989258,"Unknown"
"5020560",378673,2026-04-25 16:17:42,28.8216400146484,-17.7164287567139,"Unknown"
"5020560",378673,2026-04-25 16:22:42,28.8223400115967,-17.7162914276123,"Unknown"
"5020560",378673,2026-04-25 16:27:42,28.8232536315918,-17.7162380218506,"Unknown"
"5020560",378673,2026-04-25 16:32:42,28.8242111206055,-17.716194152832,"Unknown"
"5020560",378673,2026-04-25 16:37:42,28.8267669677734,-17.7112503051758,"Unknown"
"5020560",378673,2026-04-25 16:42:42,28.8276138305664,-17.7118701934814,"Unknown"
"5020560",378673,2026-04-25 16:47:42,28.828483581543,-17.7123241424561,"Unknown"
"5020560",378673,2026-04-25 16:52:42,28.8292865753174,-17.7128009796143,"Unknown"
"5020560",378673,2026-04-25 16:57:42,28.8364028930664,-17.708625793457,"Unknown"
"5020560",378673,2026-04-25 17:02:42,28.8367309570312,-17.709789276123,"Unknown"
"5020560",378673,2026-04-25 17:07:42,28.8372440338135,-17.7112140655518,"Unknown"
"5020560",378673,2026-04-25 17:12:43,28.8378810882568,-17.7124614715576,"Unknown"
"5020560",378673,2026-04-25 17:17:42,28.8405590057373,-17.7086524963379,"Unknown"
"5020560",378673,2026-04-25 17:22:42,28.8402938842773,-17.7100887298584,"Unknown"
"5020560",378673,2026-04-25 17:27:44,28.8383255004883,-17.7107067108154,"Unknown"
"5020560",378673,2026-04-25 17:32:42,28.8389873504639,-17.7114963531494,"Unknown"
"5020560",378673,2026-04-25 17:37:43,28.8290233612061,-17.7216968536377,"Unknown"
"5020560",378673,2026-04-25 17:42:42,28.8226661682129,-17.7301597595215,"Unknown"
"5020560",378673,2026-04-25 17:47:43,28.8230075836182,-17.7303562164307,"Unknown"
"5020560",378673,2026-04-25 17:48:42,28.8230381011963,-17.7303848266602,"Unknown"
"5020560",378673,2026-04-25 17:49:43,28.8230590820312,-17.7304077148438,"Unknown"
"5020560",378673,2026-04-25 17:50:43,28.8181743621826,-17.7330455780029,"Unknown"
"5020560",378673,2026-04-25 17:51:43,28.8167285919189,-17.7354927062988,"Unknown"
"5020560",378673,2026-04-25 17:52:43,28.8167324066162,-17.7355632781982,"Unknown"
"5020560",378673,2026-04-25 17:53:42,28.816764831543,-17.735631942749,"Unknown"
"5020560",378673,2026-04-25 17:54:42,28.816780090332,-17.7357063293457,"Unknown"
"5020560",378673,2026-04-25 17:55:43,28.8167915344238,-17.735767364502,"Unknown"
"5020560",378673,2026-04-25 17:56:42,28.8168315887451,-17.7358627319336,"Unknown"
"5020560",378673,2026-04-25 17:57:43,28.8168601989746,-17.735912322998,"Unknown"
"5020560",378673,2026-04-25 17:58:42,28.8168697357178,-17.735969543457,"Unknown"
"5020560",378673,2026-04-25 17:59:42,28.8168849945068,-17.7360382080078,"Unknown"
"5020560",378673,2026-04-25 18:01:16,28.8169250488281,-17.7361583709717,"Unknown"
"5020560",378673,2026-04-25 18:01:42,28.8169460296631,-17.7361927032471,"Unknown"
"5020560",378673,2026-04-25 18:02:42,28.8169631958008,-17.736270904541,"Unknown"
"5020560",378673,2026-04-25 18:03:42,28.817008972168,-17.7363090515137,"Unknown"
"5020560",378673,2026-04-25 18:04:42,28.8170166015625,-17.7363910675049,"Unknown"
"5020560",378673,2026-04-25 18:05:44,28.8170490264893,-17.7364559173584,"Unknown"
"5020560",378673,2026-04-25 18:06:42,28.8170776367188,-17.7365455627441,"Unknown"
"5020560",378673,2026-04-25 18:07:42,28.8171119689941,-17.7365703582764,"Unknown"
"5020560",378673,2026-04-25 18:08:42,28.8170928955078,-17.7365951538086,"Unknown"
"5020560",378673,2026-04-25 18:09:42,28.8171100616455,-17.7366485595703,"Unknown"
"5020560",378673,2026-04-25 18:10:42,28.8170948028564,-17.7367153167725,"Unknown"
"5020560",378673,2026-04-25 18:11:42,28.8170776367188,-17.7367362976074,"Unknown"
"5020560",378673,2026-04-25 18:12:44,28.8170700073242,-17.7367706298828,"Unknown"
"5020560",378673,2026-04-25 18:13:42,28.8170471191406,-17.7367839813232,"Unknown"
"5020560",378673,2026-04-25 18:14:42,28.8170337677002,-17.7368679046631,"Unknown"
"5020560",378673,2026-04-25 18:15:42,28.8170108795166,-17.7368907928467,"Unknown"
"5020560",378673,2026-04-25 18:16:42,28.8169784545898,-17.7369041442871,"Unknown"
"5020560",378673,2026-04-25 18:17:42,28.8169612884521,-17.7368946075439,"Unknown"
"5020560",378673,2026-04-25 18:18:42,28.8169326782227,-17.7369022369385,"Unknown"
"5020560",378673,2026-04-25 18:19:42,28.8169345855713,-17.7369213104248,"Unknown"
"5020560",378673,2026-04-25 18:20:42,28.8169269561768,-17.7369747161865,"Unknown"
"5020560",378673,2026-04-25 18:21:42,28.8169441223145,-17.7369709014893,"Unknown"
"5020560",378673,2026-04-25 18:22:42,28.8169975280762,-17.7369441986084,"Unknown"
"5020560",378673,2026-04-25 18:23:42,28.8170528411865,-17.7369213104248,"Unknown"
"5020560",378673,2026-04-25 18:24:42,28.8170528411865,-17.7369117736816,"Unknown"
"5020560",378673,2026-04-25 18:25:42,28.8170356750488,-17.7368946075439,"Unknown"
"5020560",378673,2026-04-25 18:26:42,28.8170108795166,-17.7368774414062,"Unknown"
"5020560",378673,2026-04-25 18:27:42,28.8170185089111,-17.7368927001953,"Unknown"
"5020560",378673,2026-04-25 18:28:42,28.8170356750488,-17.736873626709,"Unknown"
"5020560",378673,2026-04-25 18:29:42,28.8169994354248,-17.7368640899658,"Unknown"
"5020560",378673,2026-04-25 18:30:44,28.8169860839844,-17.7368927001953,"Unknown"
"5020560",378673,2026-04-25 18:31:42,28.8169460296631,-17.736888885498,"Unknown"
"5020560",378673,2026-04-25 18:32:42,28.8169174194336,-17.7369022369385,"Unknown"
"5020560",378673,2026-04-25 18:33:42,28.8168830871582,-17.7368755340576,"Unknown"
"5020560",378673,2026-04-25 18:34:44,28.8168544769287,-17.7369003295898,"Unknown"
"5020560",378673,2026-04-25 18:35:42,28.8168296813965,-17.7369136810303,"Unknown"
"5020560",378673,2026-04-25 18:36:42,28.8129653930664,-17.7338886260986,"Unknown"
"5020560",378673,2026-04-25 18:37:54,28.8083686828613,-17.7316970825195,"Unknown"
"5020560",378673,2026-04-25 18:38:42,28.8088912963867,-17.731372833252,"Unknown"
"5020560",378673,2026-04-25 18:39:42,28.8088970184326,-17.7314872741699,"Unknown"
"5020560",378673,2026-04-25 18:40:42,28.8101367950439,-17.7335529327393,"Unknown"
"5020560",378673,2026-04-25 18:41:42,28.8126125335693,-17.7362728118896,"Unknown"
"5020560",378673,2026-04-25 18:42:44,28.8134059906006,-17.7379875183105,"Unknown"
"5020560",378673,2026-04-25 18:43:51,28.8135242462158,-17.738245010376,"Unknown"
"5020560",378673,2026-04-25 18:44:49,28.814281463623,-17.7381954193115,"Unknown"
"5020560",378673,2026-04-25 18:45:43,28.8149166107178,-17.7401256561279,"Unknown"
"5020560",378673,2026-04-25 18:46:44,28.8149795532227,-17.7402172088623,"Unknown"
"5020560",378673,2026-04-25 18:47:42,28.8150024414062,-17.7402267456055,"Unknown"
"5020560",378673,2026-04-25 18:48:42,28.8150062561035,-17.7401847839355,"Unknown"
"5020560",378673,2026-04-25 18:49:42,28.8150081634521,-17.7402000427246,"Unknown"
"5020560",378673,2026-04-25 18:50:42,28.8149852752686,-17.7401790618896,"Unknown"
"5020560",378673,2026-04-25 18:51:44,28.8149909973145,-17.7402267456055,"Unknown"
"5020560",378673,2026-04-25 18:52:42,28.8149604797363,-17.740213394165,"Unknown"
"5020560",378673,2026-04-25 18:53:43,28.8148880004883,-17.7402229309082,"Unknown"
"5020560",378673,2026-04-25 18:54:42,28.8148574829102,-17.7402439117432,"Unknown"
"5020560",378673,2026-04-25 18:55:42,28.8148002624512,-17.7402248382568,"Unknown"
"5020560",378673,2026-04-25 18:56:42,28.8147678375244,-17.740234375,"Unknown"
"5020560",378673,2026-04-25 18:57:45,28.8147296905518,-17.7402286529541,"Unknown"
"5020560",378673,2026-04-25 18:58:42,28.8146800994873,-17.7401924133301,"Unknown"
"5020560",378673,2026-04-25 18:59:45,28.8146266937256,-17.7401371002197,"Unknown"
"5020560",378673,2026-04-25 19:00:42,28.8145732879639,-17.7401332855225,"Unknown"
"5020560",378673,2026-04-25 19:01:44,28.8145046234131,-17.7401390075684,"Unknown"
"5020560",378673,2026-04-25 19:02:45,28.8144245147705,-17.7401332855225,"Unknown"
"5020560",378673,2026-04-25 19:03:44,28.8143882751465,-17.740104675293,"Unknown"
"5020560",378673,2026-04-25 19:04:44,28.814338684082,-17.7400894165039,"Unknown"
"5020560",378673,2026-04-25 19:05:42,28.8143177032471,-17.7400913238525,"Unknown"
"5020560",378673,2026-04-25 19:06:45,28.814208984375,-17.7400417327881,"Unknown"
"5020560",378673,2026-04-25 19:07:44,28.8141441345215,-17.7400074005127,"Unknown"
"5020560",378673,2026-04-25 19:08:44,28.8140697479248,-17.7399806976318,"Unknown"
"5020560",378673,2026-04-25 19:09:42,28.814001083374,-17.7399959564209,"Unknown"
"5020560",378673,2026-04-25 19:10:42,28.8139266967773,-17.7399616241455,"Unknown"
"5020560",378673,2026-04-25 19:11:42,28.813850402832,-17.739933013916,"Unknown"
"5020560",378673,2026-04-25 19:12:42,28.8137741088867,-17.7399005889893,"Unknown"
"5020560",378673,2026-04-25 19:13:43,28.8136863708496,-17.7398548126221,"Unknown"
"5020560",378673,2026-04-25 19:14:44,28.8135604858398,-17.7398338317871,"Unknown"
"5020560",378673,2026-04-25 19:15:45,28.8134784698486,-17.7397956848145,"Unknown"
"5020560",378673,2026-04-25 19:16:44,28.8134021759033,-17.7397842407227,"Unknown"
"5020560",378673,2026-04-25 19:17:44,28.8133316040039,-17.739782333374,"Unknown"
"5020560",378673,2026-04-25 19:18:42,28.8132820129395,-17.7397918701172,"Unknown"
"5020560",378673,2026-04-25 19:19:42,28.8132190704346,-17.7398223876953,"Unknown"
"5020560",378673,2026-04-25 19:20:42,28.813138961792,-17.7398166656494,"Unknown"
"5020560",378673,2026-04-25 19:21:43,28.8130626678467,-17.7398109436035,"Unknown"
"5020560",378673,2026-04-25 19:22:44,28.8129634857178,-17.739803314209,"Unknown"
"5020560",378673,2026-04-25 19:23:42,28.8128890991211,-17.7397918701172,"Unknown"
"5020560",378673,2026-04-25 19:24:42,28.8128623962402,-17.7398223876953,"Unknown"
"5020560",378673,2026-04-25 19:25:44,28.8127670288086,-17.7398643493652,"Unknown"
"5020560",378673,2026-04-25 19:26:43,28.8126964569092,-17.739917755127,"Unknown"
"5020560",378673,2026-04-25 19:27:44,28.8126316070557,-17.7399559020996,"Unknown"
"5020560",378673,2026-04-25 19:28:43,28.8125400543213,-17.739990234375,"Unknown"
"5020560",378673,2026-04-25 19:29:44,28.8124904632568,-17.7400741577148,"Unknown"
"5020560",378673,2026-04-25 19:30:45,28.8123931884766,-17.7401237487793,"Unknown"
"5020560",378673,2026-04-25 19:31:42,28.8123435974121,-17.7402019500732,"Unknown"
"5020560",378673,2026-04-25 19:32:42,28.8122520446777,-17.7402286529541,"Unknown"
"5020560",378673,2026-04-25 19:33:43,28.8121681213379,-17.740270614624,"Unknown"
"5020560",378673,2026-04-25 19:34:45,28.8120460510254,-17.7402248382568,"Unknown"
"5020560",378673,2026-04-25 19:35:45,28.811975479126,-17.7402019500732,"Unknown"
"5020560",378673,2026-04-25 19:36:44,28.8118743896484,-17.7401714324951,"Unknown"
"5020560",378673,2026-04-25 19:37:42,28.811803817749,-17.7401943206787,"Unknown"
"5020560",378673,2026-04-25 19:38:42,28.8116722106934,-17.7401638031006,"Unknown"
"5020560",378673,2026-04-25 19:39:43,28.8115711212158,-17.7401638031006,"Unknown"
"5020560",378673,2026-04-25 19:40:42,28.8114910125732,-17.7401580810547,"Unknown"
"5020560",378673,2026-04-25 19:41:43,28.8113918304443,-17.7401542663574,"Unknown"
"5020560",378673,2026-04-25 19:42:43,28.8112888336182,-17.7401103973389,"Unknown"
"5020560",378673,2026-04-25 19:43:43,28.8111667633057,-17.7400856018066,"Unknown"
"5020560",378673,2026-04-25 19:44:43,28.8111343383789,-17.7401161193848,"Unknown"
"5020560",378673,2026-04-25 19:45:43,28.8109951019287,-17.7400341033936,"Unknown"
"5020560",378673,2026-04-25 19:46:44,28.8109149932861,-17.7400608062744,"Unknown"
"5020560",378673,2026-04-25 19:47:44,28.8107795715332,-17.7400398254395,"Unknown"
"5020560",378673,2026-04-25 19:48:44,28.8106746673584,-17.7400703430176,"Unknown"
"5020560",378673,2026-04-25 19:49:43,28.8105754852295,-17.7400779724121,"Unknown"
"5020560",378673,2026-04-25 19:50:42,28.8104858398438,-17.7400989532471,"Unknown"
"5020560",378673,2026-04-25 19:51:42,28.8085536956787,-17.742115020752,"Unknown"
"5020560",378673,2026-04-25 19:52:45,28.8045330047607,-17.7428379058838,"Unknown"
"5020560",378673,2026-04-25 19:53:42,28.8044395446777,-17.742919921875,"Unknown"
"5020560",378673,2026-04-25 19:54:46,28.8042659759521,-17.7429828643799,"Unknown"
"5020560",378673,2026-04-25 19:56:02,28.804105758667,-17.743049621582,"Unknown"
"5020560",378673,2026-04-25 19:56:42,28.8040390014648,-17.7430477142334,"Unknown"
"5020560",378673,2026-04-25 19:57:42,28.803897857666,-17.7431087493896,"Unknown"
"5020560",378673,2026-04-25 19:58:42,28.8037757873535,-17.7431411743164,"Unknown"
"5020560",378673,2026-04-25 19:59:42,28.803638458252,-17.7431640625,"Unknown"
"5020560",378673,2026-04-25 20:00:42,28.8034553527832,-17.7432098388672,"Unknown"
"5020560",378673,2026-04-25 20:01:42,28.8033103942871,-17.7432231903076,"Unknown"
"5020560",378673,2026-04-25 20:02:42,28.803150177002,-17.7432632446289,"Unknown"
"5020560",378673,2026-04-25 20:03:42,28.8030185699463,-17.743278503418,"Unknown"
"5020560",378673,2026-04-25 20:04:42,28.8028659820557,-17.7432670593262,"Unknown"
"5020560",378673,2026-04-25 20:05:42,28.8027267456055,-17.7432670593262,"Unknown"
"5020560",378673,2026-04-25 20:06:42,28.8025646209717,-17.7432823181152,"Unknown"
"5020560",378673,2026-04-25 20:07:42,28.8024291992188,-17.743293762207,"Unknown"
"5020560",378673,2026-04-25 20:08:42,28.8022975921631,-17.7433242797852,"Unknown"
"5020560",378673,2026-04-25 20:09:42,28.8021869659424,-17.7433700561523,"Unknown"
"5020560",378673,2026-04-25 20:10:42,28.8020515441895,-17.7433681488037,"Unknown"
"5020560",378673,2026-04-25 20:11:42,28.8019237518311,-17.7433795928955,"Unknown"
"5020560",378673,2026-04-25 20:12:43,28.8018341064453,-17.7433891296387,"Unknown"
"5020560",378673,2026-04-25 20:13:42,28.8017539978027,-17.7433757781982,"Unknown"
"5020560",378673,2026-04-25 20:14:42,28.8016300201416,-17.7434158325195,"Unknown"
"5020560",378673,2026-04-25 20:15:42,28.80153465271,-17.7434577941895,"Unknown"
"5020560",378673,2026-04-25 20:16:42,28.8014335632324,-17.7434959411621,"Unknown"
"5020560",378673,2026-04-25 20:17:42,28.8012981414795,-17.7435150146484,"Unknown"
"5020560",378673,2026-04-25 20:18:42,28.8012027740479,-17.743537902832,"Unknown"
"5020560",378673,2026-04-25 20:19:42,28.8010959625244,-17.7435989379883,"Unknown"
"5020560",378673,2026-04-25 20:20:42,28.8009815216064,-17.7435894012451,"Unknown"
"5020560",378673,2026-04-25 20:21:42,28.8008670806885,-17.7435531616211,"Unknown"
"5020560",378673,2026-04-25 20:22:42,28.8007545471191,-17.7435779571533,"Unknown"
"5020560",378673,2026-04-25 20:23:42,28.8006496429443,-17.7435989379883,"Unknown"
"5020560",378673,2026-04-25 20:24:42,28.800537109375,-17.7436542510986,"Unknown"
"5020560",378673,2026-04-25 20:25:42,28.8004398345947,-17.74365234375,"Unknown"
"5020560",378673,2026-04-25 20:26:42,28.800313949585,-17.7436676025391,"Unknown"
"5020560",378673,2026-04-25 20:27:42,28.8002014160156,-17.7436771392822,"Unknown"
"5020560",378673,2026-04-25 20:28:42,28.8000926971436,-17.7437152862549,"Unknown"
"5020560",378673,2026-04-25 20:29:42,28.7999992370605,-17.7437438964844,"Unknown"
"5020560",378673,2026-04-25 20:30:42,28.7998828887939,-17.7437782287598,"Unknown"
"5020560",378673,2026-04-25 20:31:42,28.7997703552246,-17.7438087463379,"Unknown"
"5020560",378673,2026-04-25 20:32:42,28.7996654510498,-17.7438468933105,"Unknown"
"5020560",378673,2026-04-25 20:33:42,28.7995185852051,-17.7439060211182,"Unknown"
"5020560",378673,2026-04-25 20:34:43,28.7994403839111,-17.7439727783203,"Unknown"
"5020560",378673,2026-04-25 20:35:42,28.7992858886719,-17.7439918518066,"Unknown"
"5020560",378673,2026-04-25 20:36:42,28.799144744873,-17.7440509796143,"Unknown"
"5020560",378673,2026-04-25 20:37:42,28.7989864349365,-17.7441158294678,"Unknown"
"5020560",378673,2026-04-25 20:38:42,28.7988681793213,-17.7441635131836,"Unknown"
"5020560",378673,2026-04-25 20:39:42,28.798713684082,-17.7441864013672,"Unknown"
"5020560",378673,2026-04-25 20:40:42,28.7985687255859,-17.7442245483398,"Unknown"
"5020560",378673,2026-04-25 20:41:42,28.7984199523926,-17.7443008422852,"Unknown"
"5020560",378673,2026-04-25 20:42:42,28.7982616424561,-17.74436378479,"Unknown"
"5020560",378673,2026-04-25 20:43:42,28.7981243133545,-17.7444095611572,"Unknown"
"5020560",378673,2026-04-25 20:44:42,28.797966003418,-17.7444801330566,"Unknown"
"5020560",378673,2026-04-25 20:45:42,28.7978229522705,-17.744556427002,"Unknown"
"5020560",378673,2026-04-25 20:46:42,28.797664642334,-17.7446193695068,"Unknown"
"5020560",378673,2026-04-25 20:47:42,28.7975215911865,-17.7447052001953,"Unknown"
"5020560",378673,2026-04-25 20:48:42,28.7973823547363,-17.7447700500488,"Unknown"
"5020560",378673,2026-04-25 20:49:42,28.797248840332,-17.7448482513428,"Unknown"
"5020560",378673,2026-04-25 20:50:42,28.797082901001,-17.7449245452881,"Unknown"
"5020560",378673,2026-04-25 20:51:42,28.7969131469727,-17.7449970245361,"Unknown"
"5020560",378673,2026-04-25 20:52:42,28.7967700958252,-17.7450637817383,"Unknown"
"5020560",378673,2026-04-25 20:53:42,28.7966403961182,-17.7451324462891,"Unknown"
"5020560",378673,2026-04-25 20:54:42,28.7965049743652,-17.7451343536377,"Unknown"
"5020560",378673,2026-04-25 20:55:42,28.7963924407959,-17.7451515197754,"Unknown"
"5020560",378673,2026-04-25 20:56:42,28.7962646484375,-17.7451725006104,"Unknown"
"5020560",378673,2026-04-25 20:57:42,28.7961444854736,-17.7451992034912,"Unknown"
"5020560",378673,2026-04-25 20:58:42,28.7960453033447,-17.745246887207,"Unknown"
"5020560",378673,2026-04-25 20:59:42,28.7959041595459,-17.7452659606934,"Unknown"
"5020560",378673,2026-04-25 21:00:42,28.7957820892334,-17.745325088501,"Unknown"
"5020560",378673,2026-04-25 21:01:42,28.7956447601318,-17.7453556060791,"Unknown"
"5020560",378673,2026-04-25 21:02:42,28.7955226898193,-17.7453536987305,"Unknown"
"5020560",378673,2026-04-25 21:03:42,28.7953872680664,-17.7453804016113,"Unknown"
"5020560",378673,2026-04-25 21:04:42,28.7952766418457,-17.7454109191895,"Unknown"
"5020560",378673,2026-04-25 21:05:42,28.7951507568359,-17.7454280853271,"Unknown"
"5020560",378673,2026-04-25 21:06:42,28.7950572967529,-17.7454814910889,"Unknown"
"5020560",378673,2026-04-25 21:07:42,28.7949504852295,-17.7454967498779,"Unknown"
"5020560",378673,2026-04-25 21:08:42,28.7948360443115,-17.7455368041992,"Unknown"
"5020560",378673,2026-04-25 21:09:42,28.7946891784668,-17.7455673217773,"Unknown"
"5020560",378673,2026-04-25 21:10:42,28.794563293457,-17.7455673217773,"Unknown"
"5020560",378673,2026-04-25 21:11:42,28.7944240570068,-17.7455673217773,"Unknown"
"5020560",378673,2026-04-25 21:12:42,28.7942962646484,-17.7456073760986,"Unknown"
"5020560",378673,2026-04-25 21:13:42,28.7941951751709,-17.7456150054932,"Unknown"
"5020560",378673,2026-04-25 21:14:42,28.7940654754639,-17.7455978393555,"Unknown"
"5020560",378673,2026-04-25 21:15:42,28.7939777374268,-17.7455978393555,"Unknown"
"5020560",378673,2026-04-25 21:16:42,28.7938594818115,-17.74560546875,"Unknown"
"5020560",378673,2026-04-25 21:17:44,28.793737411499,-17.7455825805664,"Unknown"
"5020560",378673,2026-04-25 21:18:42,28.7936515808105,-17.7455806732178,"Unknown"
"5020560",378673,2026-04-25 21:19:42,28.7935466766357,-17.7455444335938,"Unknown"
"5020560",378673,2026-04-25 21:20:42,28.7934436798096,-17.745512008667,"Unknown"
"5020560",378673,2026-04-25 21:21:42,28.7933692932129,-17.7454795837402,"Unknown"
"5020560",378673,2026-04-25 21:22:42,28.7932472229004,-17.7454624176025,"Unknown"
"5020560",378673,2026-04-25 21:23:42,28.7931289672852,-17.7454891204834,"Unknown"
"5020560",378673,2026-04-25 21:24:43,28.7929534912109,-17.7453937530518,"Unknown"
"5020560",378673,2026-04-25 21:25:42,28.7928886413574,-17.7453460693359,"Unknown"
"5020560",378673,2026-04-25 21:26:42,28.7928142547607,-17.7453079223633,"Unknown"
"5020560",378673,2026-04-25 21:27:42,28.7927303314209,-17.7452716827393,"Unknown"
"5020560",378673,2026-04-25 21:28:42,28.7926597595215,-17.7452602386475,"Unknown"
"5020560",378673,2026-04-25 21:29:42,28.7925891876221,-17.745246887207,"Unknown"
"5020560",378673,2026-04-25 21:30:42,28.7924766540527,-17.7452354431152,"Unknown"
"5020560",378673,2026-04-25 21:31:43,28.792444229126,-17.7451858520508,"Unknown"
"5020560",378673,2026-04-25 21:32:42,28.7923774719238,-17.7451553344727,"Unknown"
"5020560",378673,2026-04-25 21:33:42,28.7922916412354,-17.7451019287109,"Unknown"
"5020560",378673,2026-04-25 21:34:42,28.7922325134277,-17.7450389862061,"Unknown"
"5020560",378673,2026-04-25 21:35:42,28.7921485900879,-17.7449703216553,"Unknown"
"5020560",378673,2026-04-25 21:36:42,28.7920989990234,-17.7448825836182,"Unknown"
"5020560",378673,2026-04-25 21:37:43,28.7920150756836,-17.7447986602783,"Unknown"
"5020560",378673,2026-04-25 21:38:42,28.7919120788574,-17.7447490692139,"Unknown"
"5020560",378673,2026-04-25 21:39:43,28.7918376922607,-17.7447109222412,"Unknown"
"5020560",378673,2026-04-25 21:40:42,28.7917289733887,-17.7446708679199,"Unknown"
"5020560",378673,2026-04-25 21:41:43,28.7916393280029,-17.7446403503418,"Unknown"
"5020560",378673,2026-04-25 21:42:42,28.7915267944336,-17.7446365356445,"Unknown"
"5020560",378673,2026-04-25 21:43:42,28.7914276123047,-17.7446975708008,"Unknown"
"5020560",378673,2026-04-25 21:44:42,28.7913341522217,-17.7446670532227,"Unknown"
"5020560",378673,2026-04-25 21:45:43,28.7912425994873,-17.7446994781494,"Unknown"
"5020560",378673,2026-04-25 21:46:42,28.7911262512207,-17.7446422576904,"Unknown"
"5020560",378673,2026-04-25 21:47:42,28.7910537719727,-17.7446575164795,"Unknown"
"5020560",378673,2026-04-25 21:48:42,28.7909526824951,-17.7446689605713,"Unknown"
"5020560",378673,2026-04-25 21:49:43,28.7908668518066,-17.7447471618652,"Unknown"
"5020560",378673,2026-04-25 21:50:42,28.7907562255859,-17.7447509765625,"Unknown"
"5020560",378673,2026-04-25 21:51:43,28.7906322479248,-17.7447681427002,"Unknown"
"5020560",378673,2026-04-25 21:52:42,28.7905235290527,-17.7448062896729,"Unknown"
"5020560",378673,2026-04-25 21:53:42,28.790412902832,-17.7448215484619,"Unknown"
"5020560",378673,2026-04-25 21:54:42,28.7903156280518,-17.7447948455811,"Unknown"
"5020560",378673,2026-04-25 21:55:42,28.7902297973633,-17.7448291778564,"Unknown"
"5020560",378673,2026-04-25 21:56:43,28.7901287078857,-17.7448673248291,"Unknown"
"5020560",378673,2026-04-25 21:57:43,28.7900371551514,-17.7448329925537,"Unknown"
"5020560",378673,2026-04-25 21:58:43,28.7899475097656,-17.7448215484619,"Unknown"
"5020560",378673,2026-04-25 21:59:43,28.7898654937744,-17.7447757720947,"Unknown"
"5020560",378673,2026-04-25 22:01:02,28.7897453308105,-17.7447395324707,"Unknown"
"5020560",378673,2026-04-25 22:01:42,28.7896957397461,-17.7447357177734,"Unknown"
"5020560",378673,2026-04-25 22:02:42,28.7895755767822,-17.7447891235352,"Unknown"
"5020560",378673,2026-04-25 22:03:42,28.7894248962402,-17.7447624206543,"Unknown"
"5020560",378673,2026-04-25 22:04:42,28.7893447875977,-17.7446594238281,"Unknown"
"5020560",378673,2026-04-25 22:05:42,28.789234161377,-17.7446308135986,"Unknown"
"5020560",378673,2026-04-25 22:06:42,28.7891330718994,-17.7445831298828,"Unknown"
"5020560",378673,2026-04-25 22:07:42,28.7890224456787,-17.7445545196533,"Unknown"
"5020560",378673,2026-04-25 22:08:42,28.7889556884766,-17.7444877624512,"Unknown"
"5020560",378673,2026-04-25 22:09:43,28.7888793945312,-17.7444458007812,"Unknown"
"5020560",378673,2026-04-25 22:10:43,28.7887897491455,-17.7443733215332,"Unknown"
"5020560",378673,2026-04-25 22:11:42,28.7886905670166,-17.7443599700928,"Unknown"
"5020560",378673,2026-04-25 22:12:42,28.7886123657227,-17.7443618774414,"Unknown"
"5020560",378673,2026-04-25 22:13:42,28.788516998291,-17.744421005249,"Unknown"
"5020560",378673,2026-04-25 22:14:44,28.7883949279785,-17.7444152832031,"Unknown"
"5020560",378673,2026-04-25 22:15:42,28.7883243560791,-17.744499206543,"Unknown"
"5020560",378673,2026-04-25 22:16:42,28.7881908416748,-17.7444667816162,"Unknown"
"5020560",378673,2026-04-25 22:17:43,28.7881088256836,-17.7445201873779,"Unknown"
"5020560",378673,2026-04-25 22:18:43,28.7880363464355,-17.7445869445801,"Unknown"
"5020560",378673,2026-04-25 22:19:42,28.7879543304443,-17.7446250915527,"Unknown"
"5020560",378673,2026-04-25 22:20:42,28.7878704071045,-17.7446804046631,"Unknown"
"5020560",378673,2026-04-25 22:21:42,28.7877750396729,-17.7447452545166,"Unknown"
"5020560",378673,2026-04-25 22:22:42,28.7876758575439,-17.7448062896729,"Unknown"
"5020560",378673,2026-04-25 22:23:42,28.7875900268555,-17.744836807251,"Unknown"
"5020560",378673,2026-04-25 22:24:42,28.7874889373779,-17.7448959350586,"Unknown"
"5020560",378673,2026-04-25 22:25:42,28.7874126434326,-17.7449131011963,"Unknown"
"5020560",378673,2026-04-25 22:26:42,28.7873191833496,-17.7449398040771,"Unknown"
"5020560",378673,2026-04-25 22:27:43,28.7872276306152,-17.7449474334717,"Unknown"
"5020560",378673,2026-04-25 22:28:42,28.7871437072754,-17.7449779510498,"Unknown"
"5020560",378673,2026-04-25 22:29:42,28.787052154541,-17.7449684143066,"Unknown"
"5020560",378673,2026-04-25 22:30:42,28.7869453430176,-17.7449836730957,"Unknown"
"5020560",378673,2026-04-25 22:31:42,28.7868671417236,-17.744987487793,"Unknown"
"5020560",378673,2026-04-25 22:32:42,28.7867965698242,-17.7449493408203,"Unknown"
"5020560",378673,2026-04-25 22:33:42,28.7867527008057,-17.7449150085449,"Unknown"
"5020560",378673,2026-04-25 22:34:42,28.7866458892822,-17.7449436187744,"Unknown"
"5020560",378673,2026-04-25 22:35:42,28.786563873291,-17.7449684143066,"Unknown"
"5020560",378673,2026-04-25 22:36:42,28.7864818572998,-17.744966506958,"Unknown"
"5020560",378673,2026-04-25 22:37:42,28.7864074707031,-17.744966506958,"Unknown"
"5020560",378673,2026-04-25 22:38:42,28.7863502502441,-17.7449169158936,"Unknown"
"5020560",378673,2026-04-25 22:39:43,28.7863101959229,-17.7449321746826,"Unknown"
"5020560",378673,2026-04-25 22:40:42,28.7862167358398,-17.7448558807373,"Unknown"
"5020560",378673,2026-04-25 22:41:42,28.7861843109131,-17.7447204589844,"Unknown"
"5020560",378673,2026-04-25 22:42:42,28.7861213684082,-17.7446784973145,"Unknown"
"5020560",378673,2026-04-25 22:43:42,28.7860546112061,-17.7446460723877,"Unknown"
"5020560",378673,2026-04-25 22:44:42,28.786003112793,-17.744665145874,"Unknown"
"5020560",378673,2026-04-25 22:45:42,28.7859535217285,-17.7445983886719,"Unknown"
"5020560",378673,2026-04-25 22:46:43,28.785831451416,-17.7445411682129,"Unknown"
"5020560",378673,2026-04-25 22:47:43,28.7857551574707,-17.7444953918457,"Unknown"
"5020560",378673,2026-04-25 22:48:43,28.7856922149658,-17.7444133758545,"Unknown"
"5020560",378673,2026-04-25 22:49:43,28.7856140136719,-17.7443771362305,"Unknown"
"5020560",378673,2026-04-25 22:50:43,28.7855319976807,-17.7443523406982,"Unknown"
"5020560",378673,2026-04-25 22:51:43,28.7854804992676,-17.7443103790283,"Unknown"
"5020560",378673,2026-04-25 22:52:43,28.7854232788086,-17.7442436218262,"Unknown"
"5020560",378673,2026-04-25 22:53:43,28.7853736877441,-17.7441825866699,"Unknown"
"5020560",378673,2026-04-25 22:54:42,28.7852821350098,-17.7441501617432,"Unknown"
"5020560",378673,2026-04-25 22:55:44,28.7852210998535,-17.7440814971924,"Unknown"
"5020560",378673,2026-04-25 22:56:43,28.7851943969727,-17.7440166473389,"Unknown"
"5020560",378673,2026-04-25 22:57:44,28.7850799560547,-17.7440147399902,"Unknown"
"5020560",378673,2026-04-25 22:58:43,28.7850360870361,-17.7439994812012,"Unknown"
"5020560",378673,2026-04-25 22:59:43,28.7849559783936,-17.7439422607422,"Unknown"
"5020560",378673,2026-04-25 23:00:42,28.7849178314209,-17.743860244751,"Unknown"
"5020560",378673,2026-04-25 23:01:43,28.7848243713379,-17.7438163757324,"Unknown"
"5020560",378673,2026-04-25 23:02:44,28.7847862243652,-17.743745803833,"Unknown"
"5020560",378673,2026-04-25 23:03:43,28.7847080230713,-17.7437515258789,"Unknown"
"5020560",378673,2026-04-25 23:04:44,28.7846527099609,-17.7437400817871,"Unknown"
"5020560",378673,2026-04-25 23:05:44,28.7845039367676,-17.7437171936035,"Unknown"
"5020560",378673,2026-04-25 23:06:43,28.7844276428223,-17.7436542510986,"Unknown"
"5020560",378673,2026-04-25 23:07:45,28.7843456268311,-17.7435607910156,"Unknown"
"5020560",378673,2026-04-25 23:08:43,28.7843112945557,-17.7435150146484,"Unknown"
"5020560",378673,2026-04-25 23:09:43,28.7842273712158,-17.743501663208,"Unknown"
"5020560",378673,2026-04-25 23:10:43,28.784143447876,-17.7434711456299,"Unknown"
"5020560",378673,2026-04-25 23:11:42,28.7840728759766,-17.7434310913086,"Unknown"
"5020560",378673,2026-04-25 23:12:44,28.7839794158936,-17.74342918396,"Unknown"
"5020560",378673,2026-04-25 23:13:43,28.7838935852051,-17.7434024810791,"Unknown"
"5020560",378673,2026-04-25 23:14:44,28.7838020324707,-17.7433280944824,"Unknown"
"5020560",378673,2026-04-25 23:15:43,28.7837085723877,-17.7433261871338,"Unknown"
"5020560",378673,2026-04-25 23:16:43,28.7836170196533,-17.7433109283447,"Unknown"
"5020560",378673,2026-04-25 23:17:43,28.7835521697998,-17.7432899475098,"Unknown"
"5020560",378673,2026-04-25 23:18:44,28.7834815979004,-17.7432918548584,"Unknown"
"5020560",378673,2026-04-25 23:19:44,28.7833976745605,-17.7432899475098,"Unknown"
"5020560",378673,2026-04-25 23:20:47,28.7833118438721,-17.7432727813721,"Unknown"
"5020560",378673,2026-04-25 23:21:44,28.7832279205322,-17.7432594299316,"Unknown"
"5020560",378673,2026-04-25 23:22:47,28.7831344604492,-17.743293762207,"Unknown"
"5020560",378673,2026-04-25 23:23:47,28.7830333709717,-17.7433013916016,"Unknown"
"5020560",378673,2026-04-25 23:24:44,28.7829513549805,-17.7432308197021,"Unknown"
"5020560",378673,2026-04-25 23:25:46,28.7828826904297,-17.7431716918945,"Unknown"
"5020560",378673,2026-04-25 23:26:45,28.782772064209,-17.7431373596191,"Unknown"
"5020560",378673,2026-04-25 23:27:45,28.7826862335205,-17.7430934906006,"Unknown"
"5020560",378673,2026-04-25 23:28:45,28.7825965881348,-17.742992401123,"Unknown"
"5020560",378673,2026-04-25 23:29:46,28.7825126647949,-17.7428874969482,"Unknown"
"5020560",378673,2026-04-25 23:30:44,28.7824764251709,-17.7428321838379,"Unknown"
"5020560",378673,2026-04-25 23:31:46,28.7824478149414,-17.7428340911865,"Unknown"
"5020560",378673,2026-04-25 23:32:45,28.7823066711426,-17.7429370880127,"Unknown"
"5020560",378673,2026-04-25 23:33:45,28.7822074890137,-17.7429084777832,"Unknown"
"5020560",378673,2026-04-25 23:34:49,28.7820854187012,-17.7429847717285,"Unknown"
"5020560",378673,2026-04-25 23:35:53,28.7819633483887,-17.7430152893066,"Unknown"
"5020560",378673,2026-04-25 23:36:46,28.7818813323975,-17.7430076599121,"Unknown"
"5020560",378673,2026-04-25 23:38:03,28.7817478179932,-17.7430801391602,"Unknown"
"5020560",378673,2026-04-25 23:38:42,28.7817058563232,-17.7430744171143,"Unknown"
"5020560",378673,2026-04-25 23:39:43,28.7816219329834,-17.7431297302246,"Unknown"
"5020560",378673,2026-04-25 23:40:42,28.7815589904785,-17.7431335449219,"Unknown"
"5020560",378673,2026-04-25 23:41:44,28.7814674377441,-17.743143081665,"Unknown"
"5020560",378673,2026-04-25 23:42:42,28.7813587188721,-17.7432441711426,"Unknown"
"5020560",378673,2026-04-25 23:43:42,28.781270980835,-17.7433052062988,"Unknown"
"5020560",378673,2026-04-25 23:44:42,28.7811851501465,-17.7433471679688,"Unknown"
"5020560",378673,2026-04-25 23:45:42,28.781135559082,-17.743408203125,"Unknown"
"5020560",378673,2026-04-25 23:46:42,28.7810478210449,-17.7434349060059,"Unknown"
"5020560",378673,2026-04-25 23:47:42,28.78098487854,-17.7435131072998,"Unknown"
"5020560",378673,2026-04-25 23:48:42,28.7809181213379,-17.7435684204102,"Unknown"
"5020560",378673,2026-04-25 23:49:42,28.7808170318604,-17.743579864502,"Unknown"
"5020560",378673,2026-04-25 23:50:42,28.7807788848877,-17.7436294555664,"Unknown"
"5020560",378673,2026-04-25 23:51:42,28.7807140350342,-17.743631362915,"Unknown"
"5020560",378673,2026-04-25 23:52:42,28.7806529998779,-17.7436428070068,"Unknown"
"5020560",378673,2026-04-25 23:53:43,28.7805633544922,-17.7436904907227,"Unknown"
"5020560",378673,2026-04-25 23:54:43,28.7804946899414,-17.7437038421631,"Unknown"
"5020560",378673,2026-04-25 23:55:42,28.7804374694824,-17.7437038421631,"Unknown"
"5020560",378673,2026-04-25 23:56:42,28.7803821563721,-17.7437000274658,"Unknown"
"5020560",378673,2026-04-25 23:57:42,28.7803115844727,-17.7437171936035,"Unknown"
"5020560",378673,2026-04-25 23:58:42,28.7802486419678,-17.7437076568604,"Unknown"
"5020560",378673,2026-04-25 23:59:42,28.7801856994629,-17.743673324585,"Unknown"
"5020560",378673,2026-04-26 00:00:42,28.780143737793,-17.7436351776123,"Unknown"
"5020560",378673,2026-04-26 00:01:42,28.7800979614258,-17.7435779571533,"Unknown"
"5020560",378673,2026-04-26 00:02:42,28.7800617218018,-17.743537902832,"Unknown"
"5020560",378673,2026-04-26 00:03:42,28.7800045013428,-17.7434940338135,"Unknown"
"5020560",378673,2026-04-26 00:04:42,28.7799739837646,-17.7434539794922,"Unknown"
"5020560",378673,2026-04-26 00:05:42,28.7799491882324,-17.743408203125,"Unknown"
"5020560",378673,2026-04-26 00:06:42,28.7799167633057,-17.7433776855469,"Unknown"
"5020560",378673,2026-04-26 00:07:42,28.7799015045166,-17.7433128356934,"Unknown"
"5020560",378673,2026-04-26 00:08:42,28.7798633575439,-17.743278503418,"Unknown"
"5020560",378673,2026-04-26 00:09:42,28.7798500061035,-17.7431983947754,"Unknown"
"5020560",378673,2026-04-26 00:10:42,28.7798652648926,-17.7431182861328,"Unknown"
"5020560",378673,2026-04-26 00:11:42,28.7798404693604,-17.7430877685547,"Unknown"
"5020560",378673,2026-04-26 00:12:42,28.7798004150391,-17.7430896759033,"Unknown"
"5020560",378673,2026-04-26 00:13:42,28.7797737121582,-17.7430763244629,"Unknown"
"5020560",378673,2026-04-26 00:14:42,28.7797470092773,-17.7430305480957,"Unknown"
"5020560",378673,2026-04-26 00:15:42,28.7797374725342,-17.7429866790771,"Unknown"
"5020560",378673,2026-04-26 00:16:42,28.7797069549561,-17.7430038452148,"Unknown"
"5020560",378673,2026-04-26 00:17:42,28.7797145843506,-17.7429618835449,"Unknown"
"5020560",378673,2026-04-26 00:18:42,28.7796745300293,-17.7429141998291,"Unknown"
"5020560",378673,2026-04-26 00:19:42,28.7796592712402,-17.7429122924805,"Unknown"
"5020560",378673,2026-04-26 00:20:42,28.7796611785889,-17.7428779602051,"Unknown"
"5020560",378673,2026-04-26 00:21:42,28.7796783447266,-17.7428722381592,"Unknown"
"5020560",378673,2026-04-26 00:22:42,28.7796516418457,-17.7428665161133,"Unknown"
"5020560",378673,2026-04-26 00:23:42,28.7796287536621,-17.7428531646729,"Unknown"
"5020560",378673,2026-04-26 00:24:42,28.7796287536621,-17.7428703308105,"Unknown"
"5020560",378673,2026-04-26 00:25:43,28.7796573638916,-17.7427825927734,"Unknown"
"5020560",378673,2026-04-26 00:26:43,28.7796669006348,-17.7427024841309,"Unknown"
"5020560",378673,2026-04-26 00:27:42,28.7796897888184,-17.7426261901855,"Unknown"
"5020560",378673,2026-04-26 00:28:42,28.779691696167,-17.742561340332,"Unknown"
"5020560",378673,2026-04-26 00:29:42,28.7796821594238,-17.7425308227539,"Unknown"
"5020560",378673,2026-04-26 00:30:42,28.7796821594238,-17.7424335479736,"Unknown"
"5020560",378673,2026-04-26 00:31:43,28.7796573638916,-17.742395401001,"Unknown"
"5020560",378673,2026-04-26 00:32:43,28.7796077728271,-17.7423477172852,"Unknown"
"5020560",378673,2026-04-26 00:33:43,28.7795791625977,-17.742280960083,"Unknown"
"5020560",378673,2026-04-26 00:34:42,28.7795753479004,-17.7422504425049,"Unknown"
"5020560",378673,2026-04-26 00:35:42,28.7795715332031,-17.7422122955322,"Unknown"
"5020560",378673,2026-04-26 00:36:43,28.7795372009277,-17.7421436309814,"Unknown"
"5020560",378673,2026-04-26 00:37:42,28.7795238494873,-17.7421436309814,"Unknown"
"5020560",378673,2026-04-26 00:38:42,28.7795028686523,-17.7421054840088,"Unknown"
"5020560",378673,2026-04-26 00:39:42,28.7794895172119,-17.7420806884766,"Unknown"
"5020560",378673,2026-04-26 00:40:42,28.7794666290283,-17.7420883178711,"Unknown"
"5020560",378673,2026-04-26 00:41:43,28.7794723510742,-17.7420024871826,"Unknown"
"5020560",378673,2026-04-26 00:42:42,28.7794742584229,-17.7418880462646,"Unknown"
"5020560",378673,2026-04-26 00:43:42,28.779483795166,-17.7417697906494,"Unknown"
"5020560",378673,2026-04-26 00:44:43,28.7794742584229,-17.7417545318604,"Unknown"
"5020560",378673,2026-04-26 00:45:42,28.7794723510742,-17.7416973114014,"Unknown"
"5020560",378673,2026-04-26 00:46:43,28.7794532775879,-17.7416763305664,"Unknown"
"5020560",378673,2026-04-26 00:47:43,28.7794380187988,-17.7416534423828,"Unknown"
"5020560",378673,2026-04-26 00:48:43,28.7794208526611,-17.7416172027588,"Unknown"
"5020560",378673,2026-04-26 00:49:43,28.7793636322021,-17.7416744232178,"Unknown"
"5020560",378673,2026-04-26 00:50:42,28.7792797088623,-17.7417449951172,"Unknown"
"5020560",378673,2026-04-26 00:51:43,28.7792873382568,-17.7416648864746,"Unknown"
"5020560",378673,2026-04-26 00:52:45,28.7792816162109,-17.7416458129883,"Unknown"
"5020560",378673,2026-04-26 00:53:44,28.7792377471924,-17.7416229248047,"Unknown"
"5020560",378673,2026-04-26 00:54:44,28.7791843414307,-17.7417049407959,"Unknown"
"5020560",378673,2026-04-26 00:55:43,28.7791633605957,-17.7416973114014,"Unknown"
"5020560",378673,2026-04-26 00:56:43,28.7791309356689,-17.7416362762451,"Unknown"
"5020560",378673,2026-04-26 00:57:43,28.7790908813477,-17.7416687011719,"Unknown"
"5020560",378673,2026-04-26 00:58:43,28.7790641784668,-17.7416381835938,"Unknown"
"5020560",378673,2026-04-26 00:59:44,28.7790279388428,-17.7416248321533,"Unknown"
"5020560",378673,2026-04-26 01:00:43,28.7790012359619,-17.7416191101074,"Unknown"
"5020560",378673,2026-04-26 01:01:43,28.7789707183838,-17.7414989471436,"Unknown"
"5020560",378673,2026-04-26 01:02:43,28.7790145874023,-17.7414608001709,"Unknown"
"5020560",378673,2026-04-26 01:03:43,28.7790012359619,-17.741382598877,"Unknown"
"5020560",378673,2026-04-26 01:04:44,28.7790546417236,-17.7412948608398,"Unknown"
"5020560",378673,2026-04-26 01:05:42,28.7790641784668,-17.7412395477295,"Unknown"
"5020560",378673,2026-04-26 01:06:43,28.779109954834,-17.7411136627197,"Unknown"
"5020560",378673,2026-04-26 01:07:44,28.779109954834,-17.741060256958,"Unknown"
"5020560",378673,2026-04-26 01:08:42,28.7791366577148,-17.741060256958,"Unknown"
"5020560",378673,2026-04-26 01:09:45,28.7790946960449,-17.7410469055176,"Unknown"
"5020560",378673,2026-04-26 01:11:03,28.7791290283203,-17.7408771514893,"Unknown"
"5020560",378673,2026-04-26 01:11:42,28.7791347503662,-17.7408351898193,"Unknown"
"5020560",378673,2026-04-26 01:12:42,28.7791786193848,-17.7407817840576,"Unknown"
"5020560",378673,2026-04-26 01:13:42,28.7792129516602,-17.740701675415,"Unknown"
"5020560",378673,2026-04-26 01:14:43,28.7792549133301,-17.740608215332,"Unknown"
"5020560",378673,2026-04-26 01:15:42,28.7792854309082,-17.7405605316162,"Unknown"
"5020560",378673,2026-04-26 01:16:42,28.7792911529541,-17.7404975891113,"Unknown"
"5020560",378673,2026-04-26 01:17:42,28.7792930603027,-17.7404518127441,"Unknown"
"5020560",378673,2026-04-26 01:18:43,28.7793636322021,-17.7403774261475,"Unknown"
"5020560",378673,2026-04-26 01:19:43,28.7793884277344,-17.7403182983398,"Unknown"
"5020560",378673,2026-04-26 01:20:42,28.7794246673584,-17.7403087615967,"Unknown"
"5020560",378673,2026-04-26 01:21:42,28.7794227600098,-17.7402992248535,"Unknown"
"5020560",378673,2026-04-26 01:22:42,28.7793941497803,-17.7402687072754,"Unknown"
"5020560",378673,2026-04-26 01:23:42,28.7793960571289,-17.7402267456055,"Unknown"
"5020560",378673,2026-04-26 01:24:42,28.7794609069824,-17.740177154541,"Unknown"
"5020560",378673,2026-04-26 01:25:42,28.779483795166,-17.7401447296143,"Unknown"
"5020560",378673,2026-04-26 01:26:42,28.7795162200928,-17.7401371002197,"Unknown"
"5020560",378673,2026-04-26 01:27:42,28.7795104980469,-17.7401180267334,"Unknown"
"5020560",378673,2026-04-26 01:28:42,28.7795066833496,-17.7400932312012,"Unknown"
"5020560",378673,2026-04-26 01:29:42,28.7795391082764,-17.7400550842285,"Unknown"
"5020560",378673,2026-04-26 01:30:42,28.7796020507812,-17.7399978637695,"Unknown"
"5020560",378673,2026-04-26 01:31:42,28.7800121307373,-17.7403583526611,"Unknown"
"5020560",378673,2026-04-26 01:32:42,28.7803859710693,-17.7406768798828,"Unknown"
"5020560",378673,2026-04-26 01:33:42,28.7803993225098,-17.7406463623047,"Unknown"
"5020560",378673,2026-04-26 01:34:44,28.7804203033447,-17.7406158447266,"Unknown"
"5020560",378673,2026-04-26 01:35:42,28.7804527282715,-17.7406120300293,"Unknown"
"5020560",378673,2026-04-26 01:36:42,28.7804985046387,-17.7405529022217,"Unknown"
"5020560",378673,2026-04-26 01:37:42,28.7805786132812,-17.7404861450195,"Unknown"
"5020560",378673,2026-04-26 01:38:43,28.780590057373,-17.7404670715332,"Unknown"
"5020560",378673,2026-04-26 01:39:42,28.7807350158691,-17.7404537200928,"Unknown"
"5020560",378673,2026-04-26 01:40:42,28.7802486419678,-17.738956451416,"Unknown"
"5020560",378673,2026-04-26 01:41:42,28.7805576324463,-17.7410144805908,"Unknown"
"5020560",378673,2026-04-26 01:42:43,28.780574798584,-17.74094581604,"Unknown"
"5020560",378673,2026-04-26 01:43:42,28.7805938720703,-17.7409114837646,"Unknown"
"5020560",378673,2026-04-26 01:44:42,28.7805500030518,-17.7409267425537,"Unknown"
"5020560",378673,2026-04-26 01:54:44,28.7807807922363,-17.740478515625,"Unknown"
"5020560",378673,2026-04-26 01:55:42,28.7807559967041,-17.7404975891113,"Unknown"
"5020560",378673,2026-04-26 01:56:42,28.7807521820068,-17.74049949646,"Unknown"
"5020560",378673,2026-04-26 01:57:42,28.7808227539062,-17.7404632568359,"Unknown"
"5020560",378673,2026-04-26 01:58:42,28.7808647155762,-17.7404289245605,"Unknown"
"5020560",378673,2026-04-26 01:59:42,28.7808685302734,-17.7404251098633,"Unknown"
"5020560",378673,2026-04-26 02:00:42,28.7808799743652,-17.7404251098633,"Unknown"
"5020560",378673,2026-04-26 02:10:44,28.7831382751465,-17.7432098388672,"Unknown"
"5020560",378673,2026-04-26 02:11:44,28.7828807830811,-17.7433776855469,"Unknown"
"5020560",378673,2026-04-26 02:21:43,28.7882499694824,-17.7449359893799,"Unknown"
"5020560",378673,2026-04-26 02:22:43,28.7882843017578,-17.7448768615723,"Unknown"
"5020560",378673,2026-04-26 02:23:42,28.7883644104004,-17.7448062896729,"Unknown"
"5020560",378673,2026-04-26 02:24:42,28.7884216308594,-17.7447338104248,"Unknown"
"5020560",378673,2026-04-26 02:34:44,28.7891445159912,-17.7442054748535,"Unknown"
"5020560",378673,2026-04-26 02:44:44,28.7893486022949,-17.7438869476318,"Unknown"
"5020560",378673,2026-04-26 02:45:44,28.7893733978271,-17.7439022064209,"Unknown"
"5020560",378673,2026-04-26 02:46:44,28.789363861084,-17.7438926696777,"Unknown"
"5020560",378673,2026-04-26 02:56:44,28.7895584106445,-17.7438182830811,"Unknown"
"5020560",378673,2026-04-26 02:57:42,28.7895698547363,-17.7438468933105,"Unknown"
"5020560",378673,2026-04-26 02:58:42,28.7895946502686,-17.7438526153564,"Unknown"
"5020560",378673,2026-04-26 03:08:45,28.7898368835449,-17.7437572479248,"Unknown"
"5020560",378673,2026-04-26 03:10:03,28.7898750305176,-17.7437686920166,"Unknown"
"5020560",378673,2026-04-26 03:20:03,28.7899208068848,-17.7438716888428,"Unknown"
"5020560",378673,2026-04-26 03:20:42,28.7899608612061,-17.7438907623291,"Unknown"
"5020560",378673,2026-04-26 03:30:44,28.7891159057617,-17.7481460571289,"Unknown"
"5020560",378673,2026-04-26 03:40:43,28.7877941131592,-17.749137878418,"Unknown"
"5020560",378673,2026-04-26 03:50:44,28.7269973754883,-17.7286853790283,"Unknown"
"5020560",378673,2026-04-26 04:01:24,28.7256774902344,-17.7333717346191,"Unknown"
"5020560",378673,2026-04-26 04:11:34,28.7253456115723,-17.7333068847656,"Unknown"
"5020560",378673,2026-04-26 04:21:13,28.7253131866455,-17.7333602905273,"Unknown"
"5020560",378673,2026-04-26 04:32:07,28.7252578735352,-17.7333793640137,"Unknown"
"5020560",378673,2026-04-26 05:00:43,28.7259902954102,-17.7258186340332,"Unknown"
"5020560",378673,2026-04-26 05:10:43,28.7272644042969,-17.7235317230225,"Unknown"
"5020560",378673,2026-04-26 05:20:44,28.7280464172363,-17.722728729248,"Unknown"
"5020560",378673,2026-04-26 05:31:03,28.7290821075439,-17.7218818664551,"Unknown"
"5020560",378673,2026-04-26 05:40:44,28.730037689209,-17.7208690643311,"Unknown"
"5020560",378673,2026-04-26 05:50:42,28.7350807189941,-17.720682144165,"Unknown"
"5020560",378673,2026-04-26 06:00:43,28.7504100799561,-17.7203674316406,"Unknown"
"5020560",378673,2026-04-26 06:10:43,28.7529621124268,-17.7205371856689,"Unknown"
"5020560",378673,2026-04-26 06:20:44,28.7649841308594,-17.7223930358887,"Unknown"
"5020560",378673,2026-04-26 06:30:43,28.783073425293,-17.7364768981934,"Unknown"
"5020560",378673,2026-04-26 06:40:43,28.7841167449951,-17.7361145019531,"Unknown"
"5020560",378673,2026-04-26 06:50:43,28.817850112915,-17.7412090301514,"Unknown"
"5020560",378673,2026-04-26 07:00:43,28.8196201324463,-17.7394046783447,"Unknown"
"5020560",378673,2026-04-26 07:10:42,28.8081321716309,-17.7408447265625,"Unknown"
"5020560",378673,2026-04-26 07:20:43,28.8015060424805,-17.744779586792,"Unknown"
"5020560",378673,2026-04-26 07:30:44,28.7946529388428,-17.743480682373,"Unknown"
"5020560",378673,2026-04-26 07:40:45,28.7938175201416,-17.7431564331055,"Unknown"
"5020560",378673,2026-04-26 07:50:44,28.7929191589355,-17.7425765991211,"Unknown"
"5020560",378673,2026-04-26 08:01:02,28.7920398712158,-17.7416667938232,"Unknown"
"5020560",378673,2026-04-26 08:10:43,28.7994556427002,-17.73703956604,"Unknown"
"5020560",378673,2026-04-26 08:20:43,28.7990608215332,-17.7361278533936,"Unknown"
"5020560",378673,2026-04-26 08:30:47,28.7983570098877,-17.7355880737305,"Unknown"
"5020560",378673,2026-04-26 08:40:42,28.7975883483887,-17.7350559234619,"Unknown"
"5020560",378673,2026-04-26 08:50:42,28.7968845367432,-17.7349987030029,"Unknown"
"5020560",378673,2026-04-26 08:51:42,28.7968292236328,-17.7349529266357,"Unknown"
"5020560",378673,2026-04-26 08:52:42,28.7967529296875,-17.7349166870117,"Unknown"
"5020560",378673,2026-04-26 08:53:42,28.7966861724854,-17.7348594665527,"Unknown"
"5020560",378673,2026-04-26 08:54:43,28.7966213226318,-17.7348194122314,"Unknown"
"5020560",378673,2026-04-26 08:55:43,28.7965621948242,-17.7347774505615,"Unknown"
"5020560",378673,2026-04-26 08:56:43,28.7964878082275,-17.7347202301025,"Unknown"
"5020560",378673,2026-04-26 08:57:43,28.7963943481445,-17.734676361084,"Unknown"
"5020560",378673,2026-04-26 08:58:43,28.796314239502,-17.7346305847168,"Unknown"
"5020560",378673,2026-04-26 08:59:43,28.7962532043457,-17.7345581054688,"Unknown"
"5020560",378673,2026-04-26 09:00:43,28.7961864471436,-17.7344989776611,"Unknown"
"5020560",378673,2026-04-26 09:01:43,28.7961082458496,-17.7344665527344,"Unknown"
"5020560",378673,2026-04-26 09:02:44,28.7960319519043,-17.7343902587891,"Unknown"
"5020560",378673,2026-04-26 09:03:43,28.7959671020508,-17.7343692779541,"Unknown"
"5020560",378673,2026-04-26 09:04:43,28.7958965301514,-17.7343082427979,"Unknown"
"5020560",378673,2026-04-26 09:05:43,28.7958202362061,-17.7342567443848,"Unknown"
"5020560",378673,2026-04-26 09:06:43,28.7957592010498,-17.7341995239258,"Unknown"
"5020560",378673,2026-04-26 09:07:45,28.7956886291504,-17.7341251373291,"Unknown"
"5020560",378673,2026-04-26 09:08:42,28.7956295013428,-17.7340831756592,"Unknown"
"5020560",378673,2026-04-26 09:09:44,28.795581817627,-17.7340869903564,"Unknown"
"5020560",378673,2026-04-26 09:10:45,28.7955265045166,-17.7340126037598,"Unknown"
"5020560",378673,2026-04-26 09:11:44,28.7954959869385,-17.7339973449707,"Unknown"
"5020560",378673,2026-04-26 09:12:43,28.7954578399658,-17.7339115142822,"Unknown"
"5020560",378673,2026-04-26 09:13:43,28.7954120635986,-17.733959197998,"Unknown"
"5020560",378673,2026-04-26 09:14:42,28.795352935791,-17.7338600158691,"Unknown"
"5020560",378673,2026-04-26 09:15:44,28.7952842712402,-17.7338161468506,"Unknown"
"5020560",378673,2026-04-26 09:16:44,28.7952613830566,-17.7337436676025,"Unknown"
"5020560",378673,2026-04-26 09:17:44,28.7951908111572,-17.7336940765381,"Unknown"
"5020560",378673,2026-04-26 09:18:44,28.7951717376709,-17.733642578125,"Unknown"
"5020560",378673,2026-04-26 09:19:44,28.795093536377,-17.7336025238037,"Unknown"
"5020560",378673,2026-04-26 09:20:43,28.7950286865234,-17.7335357666016,"Unknown"
"5020560",378673,2026-04-26 09:21:44,28.794994354248,-17.7335014343262,"Unknown"
"5020560",378673,2026-04-26 09:22:43,28.7949295043945,-17.7334442138672,"Unknown"
"5020560",378673,2026-04-26 09:23:44,28.7948799133301,-17.7334098815918,"Unknown"
"5020560",378673,2026-04-26 09:24:44,28.7948608398438,-17.7333374023438,"Unknown"
"5020560",378673,2026-04-26 09:25:44,28.7947959899902,-17.7333030700684,"Unknown"
"5020560",378673,2026-04-26 09:26:43,28.7947616577148,-17.7332572937012,"Unknown"
"5020560",378673,2026-04-26 09:27:43,28.7947311401367,-17.7331981658936,"Unknown"
"5020560",378673,2026-04-26 09:28:44,28.7946701049805,-17.7331352233887,"Unknown"
"5020560",378673,2026-04-26 09:29:43,28.7946281433105,-17.7330951690674,"Unknown"
"5020560",378673,2026-04-26 09:30:43,28.7945919036865,-17.7330589294434,"Unknown"
"5020560",378673,2026-04-26 09:31:43,28.7944984436035,-17.733003616333,"Unknown"
"5020560",378673,2026-04-26 09:32:44,28.7944564819336,-17.7329578399658,"Unknown"
"5020560",378673,2026-04-26 09:33:44,28.7944240570068,-17.732889175415,"Unknown"
"5020560",378673,2026-04-26 09:34:44,28.7943687438965,-17.7328052520752,"Unknown"
"5020560",378673,2026-04-26 09:35:43,28.7942695617676,-17.7327995300293,"Unknown"
"5020560",378673,2026-04-26 09:36:44,28.7941722869873,-17.7327728271484,"Unknown"
"5020560",378673,2026-04-26 09:37:44,28.7941284179688,-17.732759475708,"Unknown"
"5020560",378673,2026-04-26 09:38:44,28.7940635681152,-17.7327003479004,"Unknown"
"5020560",378673,2026-04-26 09:39:43,28.7939910888672,-17.7326393127441,"Unknown"
"5020560",378673,2026-04-26 09:40:43,28.7939414978027,-17.7326278686523,"Unknown"
"5020560",378673,2026-04-26 09:41:43,28.793909072876,-17.7325782775879,"Unknown"
"5020560",378673,2026-04-26 09:42:43,28.7938747406006,-17.7325553894043,"Unknown"
"5020560",378673,2026-04-26 09:43:43,28.7938594818115,-17.7325000762939,"Unknown"
"5020560",378673,2026-04-26 09:44:43,28.7938480377197,-17.732442855835,"Unknown"
"5020560",378673,2026-04-26 09:45:43,28.7938060760498,-17.7323970794678,"Unknown"
"5020560",378673,2026-04-26 09:46:43,28.7937965393066,-17.7323226928711,"Unknown"
"5020560",378673,2026-04-26 09:47:43,28.7937641143799,-17.7323150634766,"Unknown"
"5020560",378673,2026-04-26 09:48:43,28.7937660217285,-17.7322788238525,"Unknown"
"5020560",378673,2026-04-26 09:49:43,28.7937660217285,-17.7321949005127,"Unknown"
"5020560",378673,2026-04-26 09:50:44,28.793737411499,-17.7321395874023,"Unknown"
"5020560",378673,2026-04-26 09:51:45,28.7937335968018,-17.7320861816406,"Unknown"
"5020560",378673,2026-04-26 09:52:45,28.7937355041504,-17.7320213317871,"Unknown"
"5020560",378673,2026-04-26 09:53:46,28.7937316894531,-17.731954574585,"Unknown"
"5020560",378673,2026-04-26 09:54:45,28.7937278747559,-17.7318897247314,"Unknown"
"5020560",378673,2026-04-26 09:55:45,28.7937030792236,-17.7318553924561,"Unknown"
"5020560",378673,2026-04-26 09:56:44,28.7937088012695,-17.7317752838135,"Unknown"
"5020560",378673,2026-04-26 09:57:43,28.7937030792236,-17.731653213501,"Unknown"
"5020560",378673,2026-04-26 09:58:42,28.7937145233154,-17.7315788269043,"Unknown"
"5020560",378673,2026-04-26 09:59:43,28.7937393188477,-17.7314338684082,"Unknown"
"5020560",378673,2026-04-26 10:00:43,28.793701171875,-17.7314052581787,"Unknown"
"5020560",378673,2026-04-26 10:01:44,28.7936763763428,-17.731351852417,"Unknown"
"5020560",378673,2026-04-26 10:02:47,28.7936878204346,-17.7313022613525,"Unknown"
"5020560",378673,2026-04-26 10:03:45,28.7936935424805,-17.7312660217285,"Unknown"
"5020560",378673,2026-04-26 10:04:44,28.7936668395996,-17.7311592102051,"Unknown"
"5020560",378673,2026-04-26 10:05:44,28.7936534881592,-17.7310848236084,"Unknown"
"5020560",378673,2026-04-26 10:06:44,28.7936744689941,-17.7309970855713,"Unknown"
"5020560",378673,2026-04-26 10:07:46,28.79368019104,-17.730936050415,"Unknown"
"5020560",378673,2026-04-26 10:08:45,28.7936859130859,-17.7308464050293,"Unknown"
"5020560",378673,2026-04-26 10:09:47,28.7936840057373,-17.7307815551758,"Unknown"
"5020560",378673,2026-04-26 10:10:45,28.7937049865723,-17.7307186126709,"Unknown"
"5020560",378673,2026-04-26 10:11:43,28.7936897277832,-17.7306728363037,"Unknown"
"5020560",378673,2026-04-26 10:12:48,28.7937164306641,-17.7306480407715,"Unknown"
"5020560",378673,2026-04-26 10:13:47,28.7937030792236,-17.7305641174316,"Unknown"
"5020560",378673,2026-04-26 10:14:48,28.7937793731689,-17.7304553985596,"Unknown"
"5020560",378673,2026-04-26 10:15:47,28.793773651123,-17.7304286956787,"Unknown"
"5020560",378673,2026-04-26 10:16:47,28.7937984466553,-17.7303504943848,"Unknown"
"5020560",378673,2026-04-26 10:17:48,28.7938327789307,-17.7302799224854,"Unknown"
"5020560",378673,2026-04-26 10:18:48,28.7938442230225,-17.7302055358887,"Unknown"
"5020560",378673,2026-04-26 10:19:49,28.7938785552979,-17.7301158905029,"Unknown"
"5020560",378673,2026-04-26 10:20:50,28.7939262390137,-17.7300071716309,"Unknown"
"5020560",378673,2026-04-26 10:21:50,28.7939357757568,-17.7299194335938,"Unknown"
"5020560",378673,2026-04-26 10:22:49,28.7939891815186,-17.7297706604004,"Unknown"
"5020560",378673,2026-04-26 10:23:49,28.794017791748,-17.729679107666,"Unknown"
"5020560",378673,2026-04-26 10:24:52,28.7940292358398,-17.7295818328857,"Unknown"
"5020560",378673,2026-04-26 10:25:49,28.7940273284912,-17.7295093536377,"Unknown"
"5020560",378673,2026-04-26 10:26:48,28.7940788269043,-17.7293586730957,"Unknown"
"5020560",378673,2026-04-26 10:27:50,28.7941150665283,-17.7292537689209,"Unknown"
"5020560",378673,2026-04-26 10:28:46,28.794116973877,-17.7291679382324,"Unknown"
"5020560",378673,2026-04-26 10:29:50,28.7941150665283,-17.7290477752686,"Unknown"
"5020560",378673,2026-04-26 10:30:50,28.7940998077393,-17.7289657592773,"Unknown"
"5020560",378673,2026-04-26 10:31:51,28.7941665649414,-17.7288208007812,"Unknown"
"5020560",378673,2026-04-26 10:32:52,28.794132232666,-17.7287845611572,"Unknown"
"5020560",378673,2026-04-26 10:33:49,28.7941589355469,-17.7286529541016,"Unknown"
"5020560",378673,2026-04-26 10:34:50,28.7941627502441,-17.7286109924316,"Unknown"
"5020560",378673,2026-04-26 10:35:49,28.7941970825195,-17.7285385131836,"Unknown"
"5020560",378673,2026-04-26 10:36:48,28.7941474914551,-17.7285022735596,"Unknown"
"5020560",378673,2026-04-26 10:37:49,28.794132232666,-17.7284278869629,"Unknown"
"5020560",378673,2026-04-26 10:38:51,28.7941398620605,-17.7284107208252,"Unknown"
"5020560",378673,2026-04-26 10:39:47,28.7941856384277,-17.7283477783203,"Unknown"
"5020560",378673,2026-04-26 10:40:50,28.7942352294922,-17.7282886505127,"Unknown"
"5020560",378673,2026-04-26 10:41:50,28.7942600250244,-17.7282981872559,"Unknown"
"5020560",378673,2026-04-26 10:42:50,28.7943058013916,-17.7282886505127,"Unknown"
"5020560",378673,2026-04-26 10:43:50,28.7943630218506,-17.7282810211182,"Unknown"
"5020560",378673,2026-04-26 10:44:51,28.7943897247314,-17.7283115386963,"Unknown"
"5020560",378673,2026-04-26 10:45:47,28.7944774627686,-17.7282676696777,"Unknown"
"5020560",378673,2026-04-26 10:46:50,28.7945041656494,-17.7282791137695,"Unknown"
"5020560",378673,2026-04-26 10:48:03,28.7946090698242,-17.728214263916,"Unknown"
"5020560",378673,2026-04-26 10:48:46,28.7946281433105,-17.7282104492188,"Unknown"
"5020560",378673,2026-04-26 10:49:47,28.7961044311523,-17.7327346801758,"Unknown"
"5020560",378673,2026-04-26 10:50:47,28.7963180541992,-17.7334423065186,"Unknown"
"5020560",378673,2026-04-26 10:51:46,28.7962608337402,-17.733434677124,"Unknown"
"5020560",378673,2026-04-26 10:52:47,28.7962169647217,-17.7334213256836,"Unknown"
"5020560",378673,2026-04-26 10:53:46,28.7961807250977,-17.7334136962891,"Unknown"
"5020560",378673,2026-04-26 10:54:47,28.796142578125,-17.7333793640137,"Unknown"
"5020560",378673,2026-04-26 10:55:47,28.7961177825928,-17.733341217041,"Unknown"
"5020560",378673,2026-04-26 10:56:47,28.7960605621338,-17.7332878112793,"Unknown"
"5020560",378673,2026-04-26 10:57:47,28.7960071563721,-17.7332286834717,"Unknown"
"5020560",378673,2026-04-26 10:58:47,28.7959098815918,-17.7331733703613,"Unknown"
"5020560",378673,2026-04-26 10:59:47,28.7958393096924,-17.7331371307373,"Unknown"
"5020560",378673,2026-04-26 11:00:47,28.795783996582,-17.733097076416,"Unknown"
"5020560",378673,2026-04-26 11:01:47,28.7957248687744,-17.7330589294434,"Unknown"
"5020560",378673,2026-04-26 11:02:47,28.7956466674805,-17.7330169677734,"Unknown"
"5020560",378673,2026-04-26 11:03:47,28.7956085205078,-17.7329406738281,"Unknown"
"5020560",378673,2026-04-26 11:04:47,28.7955417633057,-17.7329006195068,"Unknown"
"5020560",378673,2026-04-26 11:05:46,28.7955017089844,-17.7328433990479,"Unknown"
"5020560",378673,2026-04-26 11:06:47,28.7954616546631,-17.7328472137451,"Unknown"
"5020560",378673,2026-04-26 11:07:47,28.7954254150391,-17.7328262329102,"Unknown"
"5020560",378673,2026-04-26 11:08:46,28.7953929901123,-17.7327613830566,"Unknown"
"5020560",378673,2026-04-26 11:09:46,28.7953300476074,-17.732702255249,"Unknown"
"5020560",378673,2026-04-26 11:10:47,28.7953052520752,-17.7326259613037,"Unknown"
"5020560",378673,2026-04-26 11:11:47,28.7952632904053,-17.7325897216797,"Unknown"
"5020560",378673,2026-04-26 11:12:46,28.795238494873,-17.7325325012207,"Unknown"
"5020560",378673,2026-04-26 11:13:46,28.7951850891113,-17.7325096130371,"Unknown"
"5020560",378673,2026-04-26 11:14:46,28.7951374053955,-17.7324676513672,"Unknown"
"5020560",378673,2026-04-26 11:15:47,28.7951030731201,-17.7324295043945,"Unknown"
"5020560",378673,2026-04-26 11:16:47,28.7950439453125,-17.7323684692383,"Unknown"
"5020560",378673,2026-04-26 11:17:47,28.7950115203857,-17.7323017120361,"Unknown"
"5020560",378673,2026-04-26 11:18:47,28.7949504852295,-17.732250213623,"Unknown"
"5020560",378673,2026-04-26 11:19:46,28.7949371337891,-17.7321815490723,"Unknown"
"5020560",378673,2026-04-26 11:20:47,28.7948913574219,-17.7321357727051,"Unknown"
"5020560",378673,2026-04-26 11:21:46,28.7948741912842,-17.7320575714111,"Unknown"
"5020560",378673,2026-04-26 11:22:46,28.7948322296143,-17.7320308685303,"Unknown"
"5020560",378673,2026-04-26 11:23:46,28.7948017120361,-17.7319965362549,"Unknown"
"5020560",378673,2026-04-26 11:24:47,28.7947731018066,-17.7319526672363,"Unknown"
"5020560",378673,2026-04-26 11:25:46,28.7947330474854,-17.7319297790527,"Unknown"
"5020560",378673,2026-04-26 11:26:46,28.7946548461914,-17.731876373291,"Unknown"
"5020560",378673,2026-04-26 11:27:47,28.7943286895752,-17.7356452941895,"Unknown"
"5020560",378673,2026-04-26 11:28:46,28.7952365875244,-17.7352771759033,"Unknown"
"5020560",378673,2026-04-26 11:29:46,28.7951145172119,-17.7352066040039,"Unknown"
"5020560",378673,2026-04-26 11:30:46,28.7949962615967,-17.7351455688477,"Unknown"
"5020560",378673,2026-04-26 11:31:47,28.794885635376,-17.7350730895996,"Unknown"
"5020560",378673,2026-04-26 11:32:47,28.794792175293,-17.7350158691406,"Unknown"
"5020560",378673,2026-04-26 11:33:47,28.7946853637695,-17.7349758148193,"Unknown"
"5020560",378673,2026-04-26 11:34:47,28.7945957183838,-17.7349395751953,"Unknown"
"5020560",378673,2026-04-26 11:35:47,28.7944831848145,-17.7348918914795,"Unknown"
"5020560",378673,2026-04-26 11:36:47,28.7943859100342,-17.7348194122314,"Unknown"
"5020560",378673,2026-04-26 11:37:47,28.7942543029785,-17.734748840332,"Unknown"
"5020560",378673,2026-04-26 11:38:46,28.7941379547119,-17.7346706390381,"Unknown"
"5020560",378673,2026-04-26 11:39:47,28.7940235137939,-17.7346038818359,"Unknown"
"5020560",378673,2026-04-26 11:40:47,28.7939014434814,-17.7345352172852,"Unknown"
"5020560",378673,2026-04-26 11:41:47,28.7937564849854,-17.7344455718994,"Unknown"
"5020560",378673,2026-04-26 11:42:47,28.7936191558838,-17.7343654632568,"Unknown"
"5020560",378673,2026-04-26 11:43:48,28.7934799194336,-17.7342891693115,"Unknown"
"5020560",378673,2026-04-26 11:44:48,28.7933368682861,-17.7341995239258,"Unknown"
"5020560",378673,2026-04-26 11:45:47,28.7932281494141,-17.7341232299805,"Unknown"
"5020560",378673,2026-04-26 11:46:48,28.7931118011475,-17.7340641021729,"Unknown"
"5020560",378673,2026-04-26 11:47:47,28.7929878234863,-17.7340049743652,"Unknown"
"5020560",378673,2026-04-26 11:48:47,28.7928600311279,-17.7339057922363,"Unknown"
"5020560",378673,2026-04-26 11:49:47,28.7927474975586,-17.7338352203369,"Unknown"
"5020560",378673,2026-04-26 11:50:49,28.7926654815674,-17.7337455749512,"Unknown"
"5020560",378673,2026-04-26 11:51:49,28.7925758361816,-17.7336730957031,"Unknown"
"5020560",378673,2026-04-26 11:52:47,28.7925033569336,-17.7336349487305,"Unknown"
"5020560",378673,2026-04-26 11:53:48,28.7923889160156,-17.7335453033447,"Unknown"
"5020560",378673,2026-04-26 11:54:49,28.7923030853271,-17.7334995269775,"Unknown"
"5020560",378673,2026-04-26 11:55:50,28.7921924591064,-17.7334041595459,"Unknown"
"5020560",378673,2026-04-26 11:56:48,28.7920532226562,-17.7333469390869,"Unknown"
"5020560",378673,2026-04-26 11:57:49,28.7905578613281,-17.7320766448975,"Unknown"
"5020560",378673,2026-04-26 11:58:49,28.7883605957031,-17.7305011749268,"Unknown"
"5020560",378673,2026-04-26 11:59:49,28.7882995605469,-17.7304706573486,"Unknown"
"5020560",378673,2026-04-26 12:00:49,28.7882480621338,-17.7304248809814,"Unknown"
"5020560",378673,2026-04-26 12:01:49,28.7882232666016,-17.7303638458252,"Unknown"
"5020560",378673,2026-04-26 12:02:49,28.7881717681885,-17.7303409576416,"Unknown"
"5020560",378673,2026-04-26 12:03:47,28.7881088256836,-17.7303085327148,"Unknown"
"5020560",378673,2026-04-26 12:04:47,28.7880477905273,-17.7302474975586,"Unknown"
"5020560",378673,2026-04-26 12:05:49,28.7879867553711,-17.7302322387695,"Unknown"
"5020560",378673,2026-04-26 12:06:47,28.7879371643066,-17.7301464080811,"Unknown"
"5020560",378673,2026-04-26 12:07:50,28.7878665924072,-17.7301063537598,"Unknown"
"5020560",378673,2026-04-26 12:08:48,28.7877979278564,-17.7300662994385,"Unknown"
"5020560",378673,2026-04-26 12:09:49,28.7877388000488,-17.7299938201904,"Unknown"
"5020560",378673,2026-04-26 12:10:50,28.7876720428467,-17.7299671173096,"Unknown"
"5020560",378673,2026-04-26 12:11:48,28.7876052856445,-17.7299003601074,"Unknown"
"5020560",378673,2026-04-26 12:12:49,28.7875652313232,-17.7298698425293,"Unknown"
"5020560",378673,2026-04-26 12:13:50,28.7875175476074,-17.729907989502,"Unknown"
"5020560",378673,2026-04-26 12:14:48,28.7874736785889,-17.7299156188965,"Unknown"
"5020560",378673,2026-04-26 12:15:47,28.7876567840576,-17.7283821105957,"Unknown"
"5020560",378673,2026-04-26 12:16:49,28.7889633178711,-17.7280921936035,"Unknown"
"5020560",378673,2026-04-26 12:17:51,28.7889919281006,-17.7280712127686,"Unknown"
"5020560",378673,2026-04-26 12:18:48,28.7890033721924,-17.7279758453369,"Unknown"
"5020560",378673,2026-04-26 12:19:50,28.7890434265137,-17.7279853820801,"Unknown"
"5020560",378673,2026-04-26 12:20:50,28.7890625,-17.7279682159424,"Unknown"
"5020560",378673,2026-04-26 12:21:47,28.7906627655029,-17.7271976470947,"Unknown"
"5020560",378673,2026-04-26 12:22:50,28.7918300628662,-17.726749420166,"Unknown"
"5020560",378673,2026-04-26 12:23:48,28.7925605773926,-17.7259769439697,"Unknown"
"5020560",378673,2026-04-26 12:24:49,28.7926025390625,-17.7259006500244,"Unknown"
"5020560",378673,2026-04-26 12:25:49,28.7926578521729,-17.7258033752441,"Unknown"
"5020560",378673,2026-04-26 12:27:00,28.7927265167236,-17.7257232666016,"Unknown"
"5020560",378673,2026-04-26 12:27:47,28.7927703857422,-17.7256717681885,"Unknown"
"5020560",378673,2026-04-26 12:28:46,28.7927894592285,-17.7255859375,"Unknown"
"5020560",378673,2026-04-26 12:29:47,28.793851852417,-17.7247123718262,"Unknown"
"5020560",378673,2026-04-26 12:30:46,28.7939834594727,-17.7231903076172,"Unknown"
"5020560",378673,2026-04-26 12:35:48,28.7944221496582,-17.7229022979736,"Unknown"
"5020560",378673,2026-04-26 12:40:48,28.7947750091553,-17.7225589752197,"Unknown"
"5020560",378673,2026-04-26 12:45:46,28.7950057983398,-17.7221965789795,"Unknown"
"5020560",378673,2026-04-26 12:50:48,28.7868251800537,-17.7296924591064,"Unknown"
"5020560",378673,2026-04-26 12:55:48,28.786714553833,-17.7296371459961,"Unknown"
"5020560",378673,2026-04-26 12:56:47,28.786678314209,-17.7295837402344,"Unknown"
"5020560",378673,2026-04-26 12:57:47,28.7866535186768,-17.7296028137207,"Unknown"
"5020560",378673,2026-04-26 12:58:47,28.7866764068604,-17.7296028137207,"Unknown"
"5020560",378673,2026-04-26 12:59:48,28.7866268157959,-17.7296142578125,"Unknown"
"5020560",378673,2026-04-26 13:00:47,28.7866153717041,-17.7295875549316,"Unknown"
"5020560",378673,2026-04-26 13:01:47,28.7866325378418,-17.7295703887939,"Unknown"
"5020560",378673,2026-04-26 13:02:47,28.7865753173828,-17.7294826507568,"Unknown"
"5020560",378673,2026-04-26 13:03:47,28.7865600585938,-17.7294387817383,"Unknown"
"5020560",378673,2026-04-26 13:04:47,28.7865295410156,-17.7294025421143,"Unknown"
"5020560",378673,2026-04-26 13:05:49,28.7865219116211,-17.7294158935547,"Unknown"
"5020560",378673,2026-04-26 13:06:47,28.7865447998047,-17.729419708252,"Unknown"
"5020560",378673,2026-04-26 13:07:48,28.7865142822266,-17.7294139862061,"Unknown"
"5020560",378673,2026-04-26 13:08:47,28.7865161895752,-17.7293910980225,"Unknown"
"5020560",378673,2026-04-26 13:09:48,28.7865123748779,-17.7293281555176,"Unknown"
"5020560",378673,2026-04-26 13:10:49,28.7865676879883,-17.7292919158936,"Unknown"
"5020560",378673,2026-04-26 13:11:50,28.7865467071533,-17.7292861938477,"Unknown"
"5020560",378673,2026-04-26 13:12:49,28.7865543365479,-17.7292575836182,"Unknown"
"5020560",378673,2026-04-26 13:13:50,28.7865962982178,-17.7292442321777,"Unknown"
"5020560",378673,2026-04-26 13:14:52,28.7866821289062,-17.7292022705078,"Unknown"
"5020560",378673,2026-04-26 13:15:51,28.7866859436035,-17.7291946411133,"Unknown"
"5020560",378673,2026-04-26 13:16:49,28.7866973876953,-17.729175567627,"Unknown"
"5020560",378673,2026-04-26 13:17:48,28.7867546081543,-17.7291564941406,"Unknown"
"5020560",378673,2026-04-26 13:18:49,28.7867546081543,-17.7291603088379,"Unknown"
"5020560",378673,2026-04-26 13:19:49,28.7868099212646,-17.7291374206543,"Unknown"
"5020560",378673,2026-04-26 13:20:47,28.7868385314941,-17.729175567627,"Unknown"
"5020560",378673,2026-04-26 13:21:50,28.7868175506592,-17.729154586792,"Unknown"
"5020560",378673,2026-04-26 13:22:48,28.7868251800537,-17.729154586792,"Unknown"
"5020560",378673,2026-04-26 13:23:48,28.7868747711182,-17.7291069030762,"Unknown"
"5020560",378673,2026-04-26 13:24:52,28.7868938446045,-17.729076385498,"Unknown"
"5020560",378673,2026-04-26 13:25:51,28.7869300842285,-17.7290229797363,"Unknown"
"5020560",378673,2026-04-26 13:26:52,28.7869529724121,-17.7289905548096,"Unknown"
"5020560",378673,2026-04-26 13:27:54,28.786994934082,-17.728967666626,"Unknown"
"5020560",378673,2026-04-26 13:28:50,28.7869834899902,-17.728946685791,"Unknown"
"5020560",378673,2026-04-26 13:29:50,28.7870388031006,-17.7289352416992,"Unknown"
"5020560",378673,2026-04-26 13:30:49,28.7870864868164,-17.728874206543,"Unknown"
"5020560",378673,2026-04-26 13:31:49,28.7870559692383,-17.7288970947266,"Unknown"
"5020560",378673,2026-04-26 13:33:02,28.7870864868164,-17.728853225708,"Unknown"
"5020560",378673,2026-04-26 13:33:48,28.787109375,-17.7288112640381,"Unknown"
"5020560",378673,2026-04-26 13:34:47,28.7871608734131,-17.7287998199463,"Unknown"
"5020560",378673,2026-04-26 13:35:48,28.7871761322021,-17.7287693023682,"Unknown"
"5020560",378673,2026-04-26 13:36:49,28.7872104644775,-17.7287445068359,"Unknown"
"5020560",378673,2026-04-26 13:37:47,28.7872200012207,-17.7287425994873,"Unknown"
"5020560",378673,2026-04-26 13:38:47,28.7872638702393,-17.7287406921387,"Unknown"
"5020560",378673,2026-04-26 13:39:49,28.7872924804688,-17.7286815643311,"Unknown"
"5020560",378673,2026-04-26 13:40:48,28.7873573303223,-17.7286586761475,"Unknown"
"5020560",378673,2026-04-26 13:41:47,28.7874031066895,-17.7286319732666,"Unknown"
"5020560",378673,2026-04-26 13:42:47,28.7874412536621,-17.7286338806152,"Unknown"
"5020560",378673,2026-04-26 13:43:47,28.7874774932861,-17.7286071777344,"Unknown"
"5020560",378673,2026-04-26 13:44:49,28.787540435791,-17.7285861968994,"Unknown"
"5020560",378673,2026-04-26 13:45:49,28.7875747680664,-17.7285690307617,"Unknown"
"5020560",378673,2026-04-26 13:46:47,28.787618637085,-17.7285671234131,"Unknown"
"5020560",378673,2026-04-26 13:47:49,28.7876605987549,-17.7285308837891,"Unknown"
"5020560",378673,2026-04-26 13:48:49,28.7876968383789,-17.7284469604492,"Unknown"
"5020560",378673,2026-04-26 13:49:47,28.7876987457275,-17.728385925293,"Unknown"
"5020560",378673,2026-04-26 13:50:49,28.7877388000488,-17.7284164428711,"Unknown"
"5020560",378673,2026-04-26 13:51:47,28.7877655029297,-17.7284545898438,"Unknown"
"5020560",378673,2026-04-26 13:52:49,28.7878112792969,-17.7284717559814,"Unknown"
"5020560",378673,2026-04-26 13:53:49,28.7878608703613,-17.7284774780273,"Unknown"
"5020560",378673,2026-04-26 13:54:47,28.7878665924072,-17.7284889221191,"Unknown"
"5020560",378673,2026-04-26 13:55:46,28.7878932952881,-17.7285556793213,"Unknown"
"5020560",378673,2026-04-26 13:56:48,28.7879257202148,-17.7286128997803,"Unknown"
"5020560",378673,2026-04-26 13:57:47,28.7879180908203,-17.7286262512207,"Unknown"
"5020560",378673,2026-04-26 13:58:50,28.7879066467285,-17.7286472320557,"Unknown"
"5020560",378673,2026-04-26 13:59:47,28.7878952026367,-17.7286739349365,"Unknown"
"5020560",378673,2026-04-26 14:00:47,28.7878856658936,-17.7286777496338,"Unknown"
"5020560",378673,2026-04-26 14:01:49,28.7878475189209,-17.7286796569824,"Unknown"
"5020560",378673,2026-04-26 14:02:49,28.7878341674805,-17.7286815643311,"Unknown"
"5020560",378673,2026-04-26 14:03:47,28.7878074645996,-17.7286911010742,"Unknown"
"5020560",378673,2026-04-26 14:05:03,28.7877960205078,-17.7287330627441,"Unknown"
"5020560",378673,2026-04-26 14:05:49,28.7877788543701,-17.7287693023682,"Unknown"
"5020560",378673,2026-04-26 14:06:46,28.7877597808838,-17.7287845611572,"Unknown"
"5020560",378673,2026-04-26 14:07:46,28.7877540588379,-17.7287902832031,"Unknown"
"5020560",378673,2026-04-26 14:08:46,28.7877407073975,-17.7287998199463,"Unknown"
"5020560",378673,2026-04-26 14:09:47,28.787748336792,-17.7287998199463,"Unknown"
"5020560",378673,2026-04-26 14:10:47,28.7879638671875,-17.7287406921387,"Unknown"
"5020560",378673,2026-04-26 14:11:47,28.7922019958496,-17.7279109954834,"Unknown"
"5020560",378673,2026-04-26 14:12:47,28.7902145385742,-17.7286281585693,"Unknown"
"5020560",378673,2026-04-26 14:13:47,28.7938919067383,-17.7255077362061,"Unknown"
"5020560",378673,2026-04-26 14:14:46,28.7950496673584,-17.7250080108643,"Unknown"
"5020560",378673,2026-04-26 14:15:46,28.7951011657715,-17.7250099182129,"Unknown"
"5020560",378673,2026-04-26 14:16:47,28.7951145172119,-17.7249755859375,"Unknown"
"5020560",378673,2026-04-26 14:17:47,28.795036315918,-17.7252407073975,"Unknown"
"5020560",378673,2026-04-26 14:22:47,28.7912082672119,-17.7240619659424,"Unknown"
"5020560",378673,2026-04-26 14:23:46,28.7864227294922,-17.725284576416,"Unknown"
"5020560",378673,2026-04-26 14:28:46,28.7582187652588,-17.7179317474365,"Unknown"
"5020560",378673,2026-04-26 14:29:47,28.7519569396973,-17.7120189666748,"Unknown"
"5020560",378673,2026-04-26 14:34:53,28.7396831512451,-17.7063083648682,"Unknown"
"5020560",378673,2026-04-26 14:39:50,28.7392177581787,-17.7011203765869,"Unknown"
"5020560",378673,2026-04-26 14:44:50,28.7422294616699,-17.7054309844971,"Unknown"
"5020560",378673,2026-04-26 14:49:52,28.7396221160889,-17.7033138275146,"Unknown"
"5020560",378673,2026-04-26 14:54:48,28.7318878173828,-17.6988716125488,"Unknown"
"5020560",378673,2026-04-26 14:59:46,28.7264709472656,-17.700870513916,"Unknown"
"5020560",378673,2026-04-26 15:04:47,28.7262630462646,-17.7048740386963,"Unknown"
"5020560",378673,2026-04-26 15:09:48,28.7256660461426,-17.7050724029541,"Unknown"
"5020560",378673,2026-04-26 15:14:48,28.7229022979736,-17.6999435424805,"Unknown"
"5020560",378673,2026-04-26 15:19:46,28.7227058410645,-17.6997337341309,"Unknown"
"5020560",378673,2026-04-26 15:24:48,28.722620010376,-17.6995849609375,"Unknown"
"5020560",378673,2026-04-26 15:29:48,28.7202453613281,-17.6990604400635,"Unknown"
"5020560",378673,2026-04-26 15:35:03,28.7210254669189,-17.7003536224365,"Unknown"
"5020560",378673,2026-04-26 15:39:46,28.7209758758545,-17.7002849578857,"Unknown"
"5020560",378673,2026-04-26 15:44:47,28.7209720611572,-17.7003154754639,"Unknown"
"5020560",378673,2026-04-26 15:49:46,28.72096824646,-17.70041847229,"Unknown"
"5020560",378673,2026-04-26 15:54:46,28.7209606170654,-17.7004737854004,"Unknown"
"5020560",378673,2026-04-26 15:59:46,28.7209167480469,-17.7004470825195,"Unknown"
"5020560",378673,2026-04-26 16:04:46,28.7208423614502,-17.7005615234375,"Unknown"
"5020560",378673,2026-04-26 16:09:46,28.7208919525146,-17.7005405426025,"Unknown"
"5020560",378673,2026-04-26 16:14:46,28.7104530334473,-17.6965198516846,"Unknown"
"5020560",378673,2026-04-26 16:19:46,28.7097015380859,-17.697925567627,"Unknown"
"5020560",378673,2026-04-26 16:24:46,28.7097587585449,-17.6980724334717,"Unknown"
"5020560",378673,2026-04-26 16:29:47,28.7098331451416,-17.6983127593994,"Unknown"
"5020560",378673,2026-04-26 16:34:46,28.7177829742432,-17.7110633850098,"Unknown"
"5020560",378673,2026-04-26 16:39:46,28.7332820892334,-17.7091484069824,"Unknown"
"5020560",378673,2026-04-26 16:44:47,28.7289810180664,-17.6997871398926,"Unknown"
"5020560",378673,2026-04-26 16:49:46,28.7237777709961,-17.6939086914062,"Unknown"
"5020560",378673,2026-04-26 16:54:46,28.722318649292,-17.6881542205811,"Unknown"
"5020560",378673,2026-04-26 16:59:46,28.7171173095703,-17.6830940246582,"Unknown"
"5020560",378673,2026-04-26 17:04:47,28.7172298431396,-17.683349609375,"Unknown"
"5020560",378673,2026-04-26 17:09:46,28.7085266113281,-17.6787261962891,"Unknown"
"5020560",378673,2026-04-26 17:14:46,28.7086391448975,-17.6791954040527,"Unknown"
"5020560",378673,2026-04-26 17:19:48,28.7107925415039,-17.6909599304199,"Unknown"
"5020560",378673,2026-04-26 17:24:48,28.7233295440674,-17.7110748291016,"Unknown"
"5020560",378673,2026-04-26 17:29:48,28.73903465271,-17.7190284729004,"Unknown"
"5020560",378673,2026-04-26 17:36:12,28.7626628875732,-17.7266826629639,"Unknown"
"5020560",378673,2026-04-26 17:39:50,28.7725830078125,-17.7188167572021,"Unknown"
"5020560",378673,2026-04-26 17:40:50,28.7718868255615,-17.7123699188232,"Unknown"
"5020560",378673,2026-04-26 17:45:51,28.7721862792969,-17.6996536254883,"Unknown"
"5020560",378673,2026-04-26 17:51:17,28.773006439209,-17.7001152038574,"Unknown"
"5020560",378673,2026-04-26 17:55:47,28.7736930847168,-17.7004776000977,"Unknown"
"5020560",378673,2026-04-26 18:00:47,28.7745971679688,-17.7008438110352,"Unknown"
"5020560",378673,2026-04-26 18:05:50,28.7755222320557,-17.7011489868164,"Unknown"
"5020560",378673,2026-04-26 18:10:50,28.7773094177246,-17.7047061920166,"Unknown"
"5020560",378673,2026-04-26 18:15:47,28.7885417938232,-17.7032699584961,"Unknown"
"5020560",378673,2026-04-26 18:20:47,28.7806549072266,-17.7032737731934,"Unknown"
"5020560",378673,2026-04-26 18:25:51,28.7753601074219,-17.6959133148193,"Unknown"
"5020560",378673,2026-04-26 18:30:46,28.7728996276855,-17.6952991485596,"Unknown"
"5020560",378673,2026-04-26 18:35:47,28.7736892700195,-17.6956253051758,"Unknown"
"5020560",378673,2026-04-26 18:40:47,28.7695045471191,-17.7016658782959,"Unknown"
"5020560",378673,2026-04-26 18:45:49,28.7713203430176,-17.7012042999268,"Unknown"
"5020560",378673,2026-04-26 18:50:50,28.771951675415,-17.7015781402588,"Unknown"
"5020560",378673,2026-04-26 18:55:50,28.772741317749,-17.7020626068115,"Unknown"
"5020560",378673,2026-04-26 19:00:46,28.7734489440918,-17.7024211883545,"Unknown"
"5020560",378673,2026-04-26 19:05:48,28.7740726470947,-17.7026691436768,"Unknown"
"5020560",378673,2026-04-26 19:10:47,28.7747554779053,-17.7028121948242,"Unknown"
"5020560",378673,2026-04-26 19:15:51,28.7757225036621,-17.7031497955322,"Unknown"
"5020560",378673,2026-04-26 19:20:50,28.7767333984375,-17.7034759521484,"Unknown"
"5020560",378673,2026-04-26 19:25:47,28.7778129577637,-17.7037448883057,"Unknown"
"5020560",378673,2026-04-26 19:30:50,28.7789897918701,-17.7040920257568,"Unknown"
"5020560",378673,2026-04-26 19:35:50,28.780029296875,-17.7043437957764,"Unknown"
"5020560",378673,2026-04-26 19:40:50,28.7805652618408,-17.7368049621582,"Unknown"
"5020560",378673,2026-04-26 19:45:50,28.7831954956055,-17.7428245544434,"Unknown"
"5020560",378673,2026-04-26 19:46:49,28.7832126617432,-17.7428359985352,"Unknown"
"5020560",378673,2026-04-26 19:47:49,28.7832202911377,-17.7428588867188,"Unknown"
"5020560",378673,2026-04-26 19:48:51,28.7832469940186,-17.7428817749023,"Unknown"
"5020560",378673,2026-04-26 19:49:52,28.7832584381104,-17.7428436279297,"Unknown"
"5020560",378673,2026-04-26 19:51:17,28.7832736968994,-17.7428493499756,"Unknown"
"5020560",378673,2026-04-26 19:51:47,28.7832489013672,-17.7428417205811,"Unknown"
"5020560",378673,2026-04-26 19:52:50,28.7832450866699,-17.7428016662598,"Unknown"
"5020560",378673,2026-04-26 19:53:47,28.7832355499268,-17.7427711486816,"Unknown"
"5020560",378673,2026-04-26 19:54:48,28.7832298278809,-17.7427558898926,"Unknown"
"5020560",378673,2026-04-26 19:55:47,28.7832336425781,-17.7427577972412,"Unknown"
"5020560",378673,2026-04-26 19:56:48,28.7832202911377,-17.7427310943604,"Unknown"
"5020560",378673,2026-04-26 19:57:47,28.7832069396973,-17.7427272796631,"Unknown"
"5020560",378673,2026-04-26 19:58:47,28.783166885376,-17.7427234649658,"Unknown"
"5020560",378673,2026-04-26 20:00:16,28.7831592559814,-17.7427196502686,"Unknown"
"5020560",378673,2026-04-26 20:00:47,28.7831420898438,-17.7427024841309,"Unknown"
"5020560",378673,2026-04-26 20:01:48,28.7831363677979,-17.7427158355713,"Unknown"
"5020560",378673,2026-04-26 20:02:48,28.7830944061279,-17.7426662445068,"Unknown"
"5020560",378673,2026-04-26 20:03:47,28.7831039428711,-17.7426490783691,"Unknown"
"5020560",378673,2026-04-26 20:04:47,28.7830905914307,-17.7426147460938,"Unknown"
"5020560",378673,2026-04-26 20:05:47,28.783073425293,-17.7425651550293,"Unknown"
"5020560",378673,2026-04-26 20:06:47,28.7830333709717,-17.7425231933594,"Unknown"
"5020560",378673,2026-04-26 20:07:47,28.7829685211182,-17.7424583435059,"Unknown"
"5020560",378673,2026-04-26 20:08:47,28.782958984375,-17.742395401001,"Unknown"
"5020560",378673,2026-04-26 20:09:47,28.7829303741455,-17.7423343658447,"Unknown"
"5020560",378673,2026-04-26 20:10:47,28.7828521728516,-17.742301940918,"Unknown"
"5020560",378673,2026-04-26 20:11:47,28.7828254699707,-17.7422866821289,"Unknown"
"5020560",378673,2026-04-26 20:12:47,28.7827682495117,-17.7422771453857,"Unknown"
"5020560",378673,2026-04-26 20:13:47,28.7827529907227,-17.7422924041748,"Unknown"
"5020560",378673,2026-04-26 20:14:47,28.78271484375,-17.7422771453857,"Unknown"
"5020560",378673,2026-04-26 20:15:47,28.7827033996582,-17.7422256469727,"Unknown"
"5020560",378673,2026-04-26 20:16:47,28.7826519012451,-17.7422103881836,"Unknown"
"5020560",378673,2026-04-26 20:17:47,28.7826023101807,-17.742166519165,"Unknown"
"5020560",378673,2026-04-26 20:18:47,28.7825393676758,-17.7421321868896,"Unknown"
"5020560",378673,2026-04-26 20:19:47,28.7824287414551,-17.7421283721924,"Unknown"
"5020560",378673,2026-04-26 20:20:55,28.7823467254639,-17.7421054840088,"Unknown"
"5020560",378673,2026-04-26 20:21:48,28.7822608947754,-17.7420654296875,"Unknown"
"5020560",378673,2026-04-26 20:22:47,28.7821674346924,-17.742015838623,"Unknown"
"5020560",378673,2026-04-26 20:23:49,28.7820892333984,-17.7419509887695,"Unknown"
"5020560",378673,2026-04-26 20:24:47,28.7820091247559,-17.7419185638428,"Unknown"
"5020560",378673,2026-04-26 20:25:48,28.7819271087646,-17.7418804168701,"Unknown"
"5020560",378673,2026-04-26 20:26:48,28.7818965911865,-17.7418270111084,"Unknown"
"5020560",378673,2026-04-26 20:27:48,28.781810760498,-17.7418251037598,"Unknown"
"5020560",378673,2026-04-26 20:28:49,28.78173828125,-17.7418003082275,"Unknown"
"5020560",378673,2026-04-26 20:29:48,28.7816276550293,-17.7417831420898,"Unknown"
"5020560",378673,2026-04-26 20:30:49,28.7815189361572,-17.7417449951172,"Unknown"
"5020560",378673,2026-04-26 20:31:49,28.7790298461914,-17.7443141937256,"Unknown"
"5020560",378673,2026-04-26 20:32:48,28.7710189819336,-17.7386913299561,"Unknown"
"5020560",378673,2026-04-26 20:33:47,28.7626209259033,-17.7324352264404,"Unknown"
"5020560",378673,2026-04-26 20:34:48,28.7531604766846,-17.7260875701904,"Unknown"
"5020560",378673,2026-04-26 20:35:54,28.7421875,-17.720344543457,"Unknown"
"5020560",378673,2026-04-26 20:36:49,28.7313842773438,-17.7226943969727,"Unknown"
"5020560",378673,2026-04-26 20:41:49,28.7238731384277,-17.7306709289551,"Unknown"
"5020560",378673,2026-04-26 20:47:21,28.7253112792969,-17.7333641052246,"Unknown"
"5020560",378673,2026-04-26 20:47:47,28.7252674102783,-17.7334098815918,"Unknown"
"5020560",378673,2026-04-26 20:48:50,28.7252979278564,-17.7334156036377,"Unknown"
"5020560",378673,2026-04-26 20:49:51,28.7252235412598,-17.733226776123,"Unknown"
"5020560",378673,2026-04-26 20:50:47,28.7227630615234,-17.7303009033203,"Unknown"
"5020560",378673,2026-04-26 20:51:47,28.7216892242432,-17.731725692749,"Unknown"
"5020560",378673,2026-04-26 20:52:48,28.7252445220947,-17.7290172576904,"Unknown"
"5020560",378673,2026-04-26 20:53:47,28.7276096343994,-17.7272415161133,"Unknown"
"5020560",378673,2026-04-26 20:54:50,28.7252597808838,-17.7333755493164,"Unknown"
"5020560",378673,2026-04-26 20:55:49,28.7252254486084,-17.733377456665,"Unknown"
"5020560",378673,2026-04-26 20:56:50,28.7252559661865,-17.7334041595459,"Unknown"
"5020560",378673,2026-04-26 20:57:56,28.7252635955811,-17.7334384918213,"Unknown"
"5020560",378673,2026-04-26 20:58:50,28.7252540588379,-17.7333145141602,"Unknown"
"5020560",378673,2026-04-26 20:59:52,28.7252254486084,-17.7333507537842,"Unknown"
"5020560",378673,2026-04-26 21:00:50,28.7252330780029,-17.7333106994629,"Unknown"
"5020560",378673,2026-04-26 21:01:52,28.7252464294434,-17.7334213256836,"Unknown"
"5020560",378673,2026-04-26 21:02:53,28.725284576416,-17.7334938049316,"Unknown"
"5020560",378673,2026-04-26 21:04:03,28.7252597808838,-17.7333393096924,"Unknown"
"5020560",378673,2026-04-26 21:05:02,28.7252368927002,-17.7334098815918,"Unknown"
"5020560",378673,2026-04-26 21:05:57,28.7252407073975,-17.7333278656006,"Unknown"
"5020560",378673,2026-04-26 21:06:51,28.7252807617188,-17.733455657959,"Unknown"
"5020560",378673,2026-04-26 21:07:48,28.7249374389648,-17.730619430542,"Unknown"
"5020560",378673,2026-04-26 21:08:48,28.7263851165771,-17.7260036468506,"Unknown"
"5020560",378673,2026-04-26 21:09:48,28.7285079956055,-17.7227973937988,"Unknown"
"5020560",378673,2026-04-26 21:10:47,28.7311687469482,-17.720516204834,"Unknown"
"5020560",378673,2026-04-26 21:15:47,28.7464199066162,-17.7226009368896,"Unknown"
"5020560",378673,2026-04-26 21:20:47,28.7478485107422,-17.7213745117188,"Unknown"
"5020560",378673,2026-04-26 21:25:47,28.74733543396,-17.7202281951904,"Unknown"
"5020560",378673,2026-04-26 21:30:47,28.7469863891602,-17.7193164825439,"Unknown"
"5020560",378673,2026-04-26 21:35:48,28.7469539642334,-17.7186889648438,"Unknown"
"5020560",378673,2026-04-26 21:40:49,28.7475090026855,-17.7182788848877,"Unknown"
"5020560",378673,2026-04-26 21:45:48,28.7481346130371,-17.717752456665,"Unknown"
"5020560",378673,2026-04-26 21:50:47,28.7491302490234,-17.7170963287354,"Unknown"
"5020560",378673,2026-04-26 21:55:51,28.7502136230469,-17.7165355682373,"Unknown"
"5020560",378673,2026-04-26 22:00:48,28.751277923584,-17.7158679962158,"Unknown"
"5020560",378673,2026-04-26 22:05:50,28.7525177001953,-17.7153377532959,"Unknown"
"5020560",378673,2026-04-26 22:10:49,28.7537517547607,-17.7147827148438,"Unknown"
"5020560",378673,2026-04-26 22:15:49,28.7547245025635,-17.7143592834473,"Unknown"
"5020560",378673,2026-04-26 22:20:51,28.7556247711182,-17.7145519256592,"Unknown"
"5020560",378673,2026-04-26 22:25:49,28.756311416626,-17.7145137786865,"Unknown"
"5020560",378673,2026-04-26 22:30:51,28.7567329406738,-17.7146015167236,"Unknown"
"5020560",378673,2026-04-26 22:35:47,28.7570877075195,-17.7151947021484,"Unknown"
"5020560",378673,2026-04-26 22:40:54,28.7574863433838,-17.7155380249023,"Unknown"
"5020560",378673,2026-04-26 22:45:48,28.757682800293,-17.7159442901611,"Unknown"
"5020560",378673,2026-04-26 22:51:17,28.757625579834,-17.7164134979248,"Unknown"
"5020560",378673,2026-04-26 22:55:48,28.7573852539062,-17.7165470123291,"Unknown"
"5020560",378673,2026-04-26 23:00:47,28.7570495605469,-17.7170066833496,"Unknown"
"5020560",378673,2026-04-26 23:05:47,28.7564792633057,-17.717170715332,"Unknown"
"5020560",378673,2026-04-26 23:10:46,28.7558155059814,-17.7175350189209,"Unknown"
"5020560",378673,2026-04-26 23:15:51,28.7549896240234,-17.7176151275635,"Unknown"
"5020560",378673,2026-04-26 23:21:17,28.753849029541,-17.7176132202148,"Unknown"
"5020560",378673,2026-04-26 23:25:46,28.752893447876,-17.7173614501953,"Unknown"
"5020560",378673,2026-04-26 23:30:48,28.7517642974854,-17.7169418334961,"Unknown"
"5020560",378673,2026-04-26 23:35:46,28.7506065368652,-17.7161750793457,"Unknown"
"5020560",378673,2026-04-26 23:40:50,28.7494850158691,-17.7151699066162,"Unknown"
"5020560",378673,2026-04-26 23:45:49,28.7485733032227,-17.7142353057861,"Unknown"
"5020560",378673,2026-04-26 23:50:48,28.7479152679443,-17.7131195068359,"Unknown"
"5020560",378673,2026-04-26 23:55:50,28.747652053833,-17.7120151519775,"Unknown"
"5020560",378673,2026-04-27 00:00:50,28.7476081848145,-17.7109451293945,"Unknown"
"5020560",378673,2026-04-27 00:06:17,28.7477626800537,-17.7099285125732,"Unknown"
"5020560",378673,2026-04-27 00:10:49,28.7482967376709,-17.7092761993408,"Unknown"
"5020560",378673,2026-04-27 00:15:49,28.7490005493164,-17.7087211608887,"Unknown"
"5020560",378673,2026-04-27 00:20:48,28.7498550415039,-17.7083435058594,"Unknown"
"5020560",378673,2026-04-27 00:25:51,28.7510986328125,-17.7083415985107,"Unknown"
"5020560",378673,2026-04-27 00:30:49,28.7521572113037,-17.7085056304932,"Unknown"
"5020560",378673,2026-04-27 00:35:49,28.7530345916748,-17.7089176177979,"Unknown"
"5020560",378673,2026-04-27 00:40:48,28.7539119720459,-17.7094058990479,"Unknown"
"5020560",378673,2026-04-27 00:45:52,28.7546672821045,-17.7102851867676,"Unknown"
"5020560",378673,2026-04-27 00:50:50,28.7551078796387,-17.7110042572021,"Unknown"
"5020560",378673,2026-04-27 00:55:53,28.7553672790527,-17.7119922637939,"Unknown"
"5020560",378673,2026-04-27 01:00:51,28.7552356719971,-17.7129764556885,"Unknown"
"5020560",378673,2026-04-27 01:05:51,28.7549724578857,-17.7139167785645,"Unknown"
"5020560",378673,2026-04-27 01:10:52,28.754487991333,-17.714635848999,"Unknown"
"5020560",378673,2026-04-27 01:15:52,28.7538356781006,-17.715353012085,"Unknown"
"5020560",378673,2026-04-27 01:20:52,28.7529945373535,-17.7158203125,"Unknown"
"5020560",378673,2026-04-27 01:25:53,28.7521686553955,-17.7161750793457,"Unknown"
"5020560",378673,2026-04-27 01:30:49,28.751392364502,-17.7161693572998,"Unknown"
"5020560",378673,2026-04-27 01:35:55,28.7506675720215,-17.7160873413086,"Unknown"
"5020560",378673,2026-04-27 01:40:50,28.7501468658447,-17.7158260345459,"Unknown"
"5020560",378673,2026-04-27 01:45:59,28.7497577667236,-17.7154922485352,"Unknown"
"5020560",378673,2026-04-27 01:51:27,28.7631855010986,-17.7302093505859,"Unknown"
"5020560",378673,2026-04-27 01:55:47,28.7666568756104,-17.7334213256836,"Unknown"
"5020560",378673,2026-04-27 01:56:49,28.7666778564453,-17.7335739135742,"Unknown"
"5020560",378673,2026-04-27 01:57:49,28.766752243042,-17.7336654663086,"Unknown"
"5020560",378673,2026-04-27 01:58:48,28.7667980194092,-17.7337837219238,"Unknown"
"5020560",378673,2026-04-27 02:00:15,28.7669200897217,-17.7338829040527,"Unknown"
"5020560",378673,2026-04-27 02:00:46,28.7669658660889,-17.7339134216309,"Unknown"
"5020560",378673,2026-04-27 02:01:46,28.7670345306396,-17.7340259552002,"Unknown"
"5020560",378673,2026-04-27 02:02:46,28.7671203613281,-17.7341117858887,"Unknown"
"5020560",378673,2026-04-27 02:03:49,28.7671852111816,-17.7342166900635,"Unknown"
"5020560",378673,2026-04-27 02:04:47,28.7672462463379,-17.7342758178711,"Unknown"
"5020560",378673,2026-04-27 02:05:46,28.7673110961914,-17.7343311309814,"Unknown"
"5020560",378673,2026-04-27 02:06:48,28.7674121856689,-17.7343883514404,"Unknown"
"5020560",378673,2026-04-27 02:07:49,28.7674922943115,-17.734468460083,"Unknown"
"5020560",378673,2026-04-27 02:08:46,28.7675933837891,-17.734489440918,"Unknown"
"5020560",378673,2026-04-27 02:09:46,28.7676563262939,-17.7345733642578,"Unknown"
"5020560",378673,2026-04-27 02:10:46,28.767728805542,-17.7346439361572,"Unknown"
"5020560",378673,2026-04-27 02:11:46,28.7678241729736,-17.73464012146,"Unknown"
"5020560",378673,2026-04-27 02:12:49,28.7678852081299,-17.7346363067627,"Unknown"
"5020560",378673,2026-04-27 02:13:46,28.767972946167,-17.7346267700195,"Unknown"
"5020560",378673,2026-04-27 02:14:47,28.7680339813232,-17.7346420288086,"Unknown"
"5020560",378673,2026-04-27 02:15:49,28.7681217193604,-17.7346439361572,"Unknown"
"5020560",378673,2026-04-27 02:16:47,28.7682018280029,-17.7346343994141,"Unknown"
"5020560",378673,2026-04-27 02:17:47,28.7682857513428,-17.7347030639648,"Unknown"
"5020560",378673,2026-04-27 02:18:47,28.7683849334717,-17.7347526550293,"Unknown"
"5020560",378673,2026-04-27 02:19:46,28.7684516906738,-17.734806060791,"Unknown"
"5020560",378673,2026-04-27 02:20:46,28.7685623168945,-17.7348670959473,"Unknown"
"5020560",378673,2026-04-27 02:21:47,28.7686538696289,-17.7348556518555,"Unknown"
"5020560",378673,2026-04-27 02:22:47,28.7687454223633,-17.7348880767822,"Unknown"
"5020560",378673,2026-04-27 02:23:46,28.768835067749,-17.7349796295166,"Unknown"
"5020560",378673,2026-04-27 02:24:46,28.7689151763916,-17.7350845336914,"Unknown"
"5020560",378673,2026-04-27 02:25:47,28.7689628601074,-17.7351837158203,"Unknown"
"5020560",378673,2026-04-27 02:26:47,28.7690505981445,-17.7351322174072,"Unknown"
"5020560",378673,2026-04-27 02:27:46,28.7691459655762,-17.7350921630859,"Unknown"
"5020560",378673,2026-04-27 02:28:46,28.769214630127,-17.7351455688477,"Unknown"
"5020560",378673,2026-04-27 02:29:48,28.7692947387695,-17.7351551055908,"Unknown"
"5020560",378673,2026-04-27 02:30:48,28.7693500518799,-17.7351951599121,"Unknown"
"5020560",378673,2026-04-27 02:31:47,28.7694225311279,-17.7351779937744,"Unknown"
"5020560",378673,2026-04-27 02:32:47,28.7695178985596,-17.7351570129395,"Unknown"
"5020560",378673,2026-04-27 02:33:47,28.7695789337158,-17.7352027893066,"Unknown"
"5020560",378673,2026-04-27 02:34:47,28.7696552276611,-17.7352619171143,"Unknown"
"5020560",378673,2026-04-27 02:35:47,28.7697601318359,-17.7353248596191,"Unknown"
"5020560",378673,2026-04-27 02:36:46,28.7698402404785,-17.7353916168213,"Unknown"
"5020560",378673,2026-04-27 02:37:47,28.7699298858643,-17.7354927062988,"Unknown"
"5020560",378673,2026-04-27 02:38:46,28.7687168121338,-17.7343997955322,"Unknown"
"5020560",378673,2026-04-27 02:39:46,28.7705078125,-17.7373638153076,"Unknown"
"5020560",378673,2026-04-27 02:40:49,28.7711620330811,-17.7382621765137,"Unknown"
"5020560",378673,2026-04-27 02:41:49,28.7729167938232,-17.7385120391846,"Unknown"
"5020560",378673,2026-04-27 02:42:49,28.7732009887695,-17.7386054992676,"Unknown"
"5020560",378673,2026-04-27 02:43:46,28.7732334136963,-17.7386703491211,"Unknown"
"5020560",378673,2026-04-27 02:44:46,28.7732696533203,-17.7387161254883,"Unknown"
"5020560",378673,2026-04-27 02:45:46,28.7732810974121,-17.7387390136719,"Unknown"
"5020560",378673,2026-04-27 02:46:46,28.7733058929443,-17.738790512085,"Unknown"
"5020560",378673,2026-04-27 02:47:47,28.7733097076416,-17.7388286590576,"Unknown"
"5020560",378673,2026-04-27 02:48:47,28.7733249664307,-17.7388362884521,"Unknown"
"5020560",378673,2026-04-27 02:49:46,28.7733325958252,-17.7388668060303,"Unknown"
"5020560",378673,2026-04-27 02:50:47,28.773344039917,-17.7388744354248,"Unknown"
"5020560",378673,2026-04-27 02:51:47,28.7733364105225,-17.738883972168,"Unknown"
"5020560",378673,2026-04-27 02:52:47,28.7733783721924,-17.7388610839844,"Unknown"
"5020560",378673,2026-04-27 02:53:46,28.7733917236328,-17.7388782501221,"Unknown"
"5020560",378673,2026-04-27 02:54:47,28.7734317779541,-17.7388935089111,"Unknown"
"5020560",378673,2026-04-27 02:55:48,28.7734756469727,-17.738862991333,"Unknown"
"5020560",378673,2026-04-27 02:56:48,28.7734794616699,-17.7389163970947,"Unknown"
"5020560",378673,2026-04-27 02:57:47,28.7734851837158,-17.7389526367188,"Unknown"
"5020560",378673,2026-04-27 02:58:48,28.7735118865967,-17.738956451416,"Unknown"
"5020560",378673,2026-04-27 02:59:46,28.7735290527344,-17.7390098571777,"Unknown"
"5020560",378673,2026-04-27 03:00:46,28.7735214233398,-17.7390308380127,"Unknown"
"5020560",378673,2026-04-27 03:01:46,28.7735157012939,-17.7390727996826,"Unknown"
"5020560",378673,2026-04-27 03:02:46,28.7735252380371,-17.7391185760498,"Unknown"
"5020560",378673,2026-04-27 03:03:46,28.7735424041748,-17.7391510009766,"Unknown"
"5020560",378673,2026-04-27 03:04:46,28.7735576629639,-17.7391471862793,"Unknown"
"5020560",378673,2026-04-27 03:05:46,28.7735786437988,-17.7391376495361,"Unknown"
"5020560",378673,2026-04-27 03:06:46,28.7736282348633,-17.7391967773438,"Unknown"
"5020560",378673,2026-04-27 03:07:48,28.7736682891846,-17.7391948699951,"Unknown"
"5020560",378673,2026-04-27 03:08:46,28.7737197875977,-17.7392063140869,"Unknown"
"5020560",378673,2026-04-27 03:09:46,28.773811340332,-17.7391910552979,"Unknown"
"5020560",378673,2026-04-27 03:10:46,28.7738952636719,-17.7392311096191,"Unknown"
"5020560",378673,2026-04-27 03:11:47,28.7740058898926,-17.7392292022705,"Unknown"
"5020560",378673,2026-04-27 03:12:46,28.7740802764893,-17.7392501831055,"Unknown"
"5020560",378673,2026-04-27 03:13:51,28.7741928100586,-17.7392749786377,"Unknown"
"5020560",378673,2026-04-27 03:14:46,28.7742881774902,-17.7392845153809,"Unknown"
"5020560",378673,2026-04-27 03:15:46,28.7744045257568,-17.7393035888672,"Unknown"
"5020560",378673,2026-04-27 03:16:49,28.7744750976562,-17.7393531799316,"Unknown"
"5020560",378673,2026-04-27 03:17:49,28.7745571136475,-17.7394065856934,"Unknown"
"5020560",378673,2026-04-27 03:18:46,28.7746391296387,-17.7394466400146,"Unknown"
"5020560",378673,2026-04-27 03:19:49,28.7747173309326,-17.7394771575928,"Unknown"
"5020560",378673,2026-04-27 03:20:46,28.7748107910156,-17.7395172119141,"Unknown"
"5020560",378673,2026-04-27 03:21:49,28.7726364135742,-17.7411022186279,"Unknown"
"5020560",378673,2026-04-27 03:22:49,28.7647686004639,-17.7370281219482,"Unknown"
"5020560",378673,2026-04-27 03:23:46,28.7574996948242,-17.7316341400146,"Unknown"
"5020560",378673,2026-04-27 03:24:49,28.7517833709717,-17.7271347045898,"Unknown"
"5020560",378673,2026-04-27 03:25:49,28.7427501678467,-17.7227039337158,"Unknown"
"5020560",378673,2026-04-27 03:26:49,28.7337837219238,-17.7231349945068,"Unknown"
"5020560",378673,2026-04-27 03:31:59,28.7252311706543,-17.7330436706543,"Unknown"
"5020560",378673,2026-04-27 03:37:09,28.725435256958,-17.7332344055176,"Unknown"
"5020560",378673,2026-04-27 03:38:00,28.7254886627197,-17.7332649230957,"Unknown"
"5020560",378673,2026-04-27 03:49:21,28.7253684997559,-17.7334861755371,"Unknown"
"5020560",378673,2026-04-27 03:49:55,28.7252941131592,-17.7333755493164,"Unknown"
"5020560",378673,2026-04-27 03:51:29,28.7252426147461,-17.7334480285645,"Unknown"
"5020560",378673,2026-04-27 03:51:54,28.7252864837646,-17.7333927154541,"Unknown"
"5020560",378673,2026-04-27 03:52:58,28.7254295349121,-17.7333698272705,"Unknown"
"5020560",378673,2026-04-27 03:53:57,28.7254829406738,-17.7333641052246,"Unknown"
"5020560",378673,2026-04-27 03:54:52,28.7254161834717,-17.7333946228027,"Unknown"
"5020560",378673,2026-04-27 03:55:58,28.7253608703613,-17.733377456665,"Unknown"
"5020560",378673,2026-04-27 03:57:04,28.7252578735352,-17.7335166931152,"Unknown"
"5020560",378673,2026-04-27 03:58:26,28.72536277771,-17.7333450317383,"Unknown"
"5020560",378673,2026-04-27 03:59:19,28.7253684997559,-17.7333126068115,"Unknown"
"5020560",378673,2026-04-27 04:09:13,28.7252388000488,-17.7334690093994,"Unknown"
"5020560",378673,2026-04-27 04:11:12,28.7256488800049,-17.7333869934082,"Unknown"
"5020560",378673,2026-04-27 04:19:56,28.7252922058105,-17.7333984375,"Unknown"
"5020560",378673,2026-04-27 04:30:27,28.7252826690674,-17.733434677124,"Unknown"
"5020560",378673,2026-04-27 04:39:52,28.7252788543701,-17.7334041595459,"Unknown"
"5020560",378673,2026-04-27 04:51:12,28.7253150939941,-17.7333431243896,"Unknown"
"5020560",378673,2026-04-27 04:59:47,28.705680847168,-17.7528705596924,"Unknown"
"5020560",378673,2026-04-27 05:09:49,28.7328777313232,-17.7216701507568,"Unknown"
"5020560",378673,2026-04-27 05:19:49,28.7325592041016,-17.7216625213623,"Unknown"
"5020560",378673,2026-04-27 05:29:50,28.7328414916992,-17.7227458953857,"Unknown"
"5020560",378673,2026-04-27 05:39:53,28.7332286834717,-17.7217617034912,"Unknown"
"5020560",378673,2026-04-27 05:50:17,28.7334632873535,-17.7208671569824,"Unknown"
"5020560",378673,2026-04-27 05:59:49,28.7378025054932,-17.7173900604248,"Unknown"
"5020560",378673,2026-04-27 06:09:57,28.7500076293945,-17.7183856964111,"Unknown"
"5020560",378673,2026-04-27 06:19:50,28.7594203948975,-17.7222137451172,"Unknown"
"5020560",378673,2026-04-27 06:31:12,28.7685852050781,-17.7257137298584,"Unknown"
"5020560",378673,2026-04-27 06:40:17,28.7695598602295,-17.7227745056152,"Unknown"
"5020560",378673,2026-04-27 06:49:50,28.7690086364746,-17.7203197479248,"Unknown"
"5020560",378673,2026-04-27 06:59:48,28.7641296386719,-17.7058925628662,"Unknown"
"5020560",378673,2026-04-27 07:09:49,28.768856048584,-17.7127132415771,"Unknown"
"5020560",378673,2026-04-27 07:19:48,28.7725811004639,-17.7193813323975,"Unknown"
"5020560",378673,2026-04-27 07:29:49,28.7591705322266,-17.7196044921875,"Unknown"
"5020560",378673,2026-04-27 07:39:51,28.7578735351562,-17.7220687866211,"Unknown"
"5020560",378673,2026-04-27 07:51:12,28.7569160461426,-17.7177982330322,"Unknown"
"5020560",378673,2026-04-27 08:00:17,28.7513809204102,-17.7150268554688,"Unknown"
"5020560",378673,2026-04-27 08:09:49,28.7537422180176,-17.7153549194336,"Unknown"
"5020560",378673,2026-04-27 08:19:52,28.7469463348389,-17.7109756469727,"Unknown"
"5020560",378673,2026-04-27 08:24:50,28.7482357025146,-17.7112007141113,"Unknown"
"5020560",378673,2026-04-27 08:29:49,28.7362594604492,-17.7143478393555,"Unknown"
"5020560",378673,2026-04-27 08:34:51,28.7366027832031,-17.7137145996094,"Unknown"
"5020560",378673,2026-04-27 08:39:52,28.7338848114014,-17.7117919921875,"Unknown"
"5020560",378673,2026-04-27 08:45:21,28.7325973510742,-17.7152061462402,"Unknown"
"5020560",378673,2026-04-27 08:49:47,28.7332553863525,-17.7149391174316,"Unknown"
"5020560",378673,2026-04-27 08:54:47,28.7372589111328,-17.7195529937744,"Unknown"
"5020560",378673,2026-04-27 08:59:47,28.7413330078125,-17.714635848999,"Unknown"
"5020560",378673,2026-04-27 09:04:47,28.7426128387451,-17.7141666412354,"Unknown"
"5020560",378673,2026-04-27 09:09:47,28.7439060211182,-17.7140064239502,"Unknown"
"5020560",378673,2026-04-27 09:14:47,28.7450733184814,-17.7139720916748,"Unknown"
"5020560",378673,2026-04-27 09:19:47,28.7396087646484,-17.7199077606201,"Unknown"
"5020560",378673,2026-04-27 09:24:47,28.7345352172852,-17.7199859619141,"Unknown"
"5020560",378673,2026-04-27 09:29:47,28.7356052398682,-17.7196941375732,"Unknown"
"5020560",378673,2026-04-27 09:34:47,28.7458477020264,-17.7223968505859,"Unknown"
"5020560",378673,2026-04-27 09:39:48,28.7616481781006,-17.7222881317139,"Unknown"
"5020560",378673,2026-04-27 09:44:47,28.7670459747314,-17.7242183685303,"Unknown"
"5020560",378673,2026-04-27 09:49:47,28.7685089111328,-17.7257518768311,"Unknown"
"5020560",378673,2026-04-27 09:54:48,28.7707462310791,-17.7268562316895,"Unknown"
"5020560",378673,2026-04-27 09:55:46,28.7731075286865,-17.7322044372559,"Unknown"
"5020560",378673,2026-04-27 09:56:47,28.7735652923584,-17.7350883483887,"Unknown"
"5020560",378673,2026-04-27 09:58:17,28.7736549377441,-17.7353916168213,"Unknown"
"5020560",378673,2026-04-27 09:58:51,28.7736530303955,-17.7355880737305,"Unknown"
"5020560",378673,2026-04-27 09:59:47,28.7736358642578,-17.7356910705566,"Unknown"
"5020560",378673,2026-04-27 10:00:47,28.7736759185791,-17.7358264923096,"Unknown"
"5020560",378673,2026-04-27 10:01:47,28.7736911773682,-17.7359085083008,"Unknown"
"5020560",378673,2026-04-27 10:02:47,28.7736797332764,-17.7360076904297,"Unknown"
"5020560",378673,2026-04-27 10:03:47,28.7736434936523,-17.7360992431641,"Unknown"
"5020560",378673,2026-04-27 10:04:48,28.7736129760742,-17.7362079620361,"Unknown"
"5020560",378673,2026-04-27 10:05:48,28.773609161377,-17.7363243103027,"Unknown"
"5020560",378673,2026-04-27 10:06:48,28.7736148834229,-17.736442565918,"Unknown"
"5020560",378673,2026-04-27 10:07:49,28.7736034393311,-17.7365627288818,"Unknown"
"5020560",378673,2026-04-27 10:08:48,28.7735939025879,-17.7366886138916,"Unknown"
"5020560",378673,2026-04-27 10:09:47,28.7740592956543,-17.7405052185059,"Unknown"
"5020560",378673,2026-04-27 10:10:49,28.7752628326416,-17.7400379180908,"Unknown"
"5020560",378673,2026-04-27 10:11:47,28.7752170562744,-17.7400894165039,"Unknown"
"5020560",378673,2026-04-27 10:12:49,28.775218963623,-17.7401294708252,"Unknown"
"5020560",378673,2026-04-27 10:13:47,28.7751770019531,-17.7402114868164,"Unknown"
"5020560",378673,2026-04-27 10:14:47,28.775146484375,-17.7402629852295,"Unknown"
"5020560",378673,2026-04-27 10:15:47,28.7751064300537,-17.7403106689453,"Unknown"
"5020560",378673,2026-04-27 10:16:48,28.7750930786133,-17.7403564453125,"Unknown"
"5020560",378673,2026-04-27 10:17:49,28.7750873565674,-17.7403659820557,"Unknown"
"5020560",378673,2026-04-27 10:18:49,28.7750492095947,-17.7404594421387,"Unknown"
"5020560",378673,2026-04-27 10:19:47,28.7750568389893,-17.7404670715332,"Unknown"
"5020560",378673,2026-04-27 10:20:49,28.7750205993652,-17.7405414581299,"Unknown"
"5020560",378673,2026-04-27 10:21:47,28.7749786376953,-17.740571975708,"Unknown"
"5020560",378673,2026-04-27 10:22:47,28.7749404907227,-17.7406101226807,"Unknown"
"5020560",378673,2026-04-27 10:23:49,28.7748966217041,-17.7406463623047,"Unknown"
"5020560",378673,2026-04-27 10:24:48,28.7761363983154,-17.7419776916504,"Unknown"
"5020560",378673,2026-04-27 10:25:49,28.7782249450684,-17.741828918457,"Unknown"
"5020560",378673,2026-04-27 10:26:47,28.7782096862793,-17.7419281005859,"Unknown"
"5020560",378673,2026-04-27 10:27:48,28.7782115936279,-17.7420082092285,"Unknown"
"5020560",378673,2026-04-27 10:28:47,28.7781848907471,-17.7421245574951,"Unknown"
"5020560",378673,2026-04-27 10:29:49,28.778169631958,-17.7422027587891,"Unknown"
"5020560",378673,2026-04-27 10:30:49,28.7781276702881,-17.7422981262207,"Unknown"
"5020560",378673,2026-04-27 10:31:47,28.7780685424805,-17.7423000335693,"Unknown"
"5020560",378673,2026-04-27 10:32:48,28.7780265808105,-17.742280960083,"Unknown"
"5020560",378673,2026-04-27 10:33:47,28.7779808044434,-17.7423801422119,"Unknown"
"5020560",378673,2026-04-27 10:34:49,28.7779312133789,-17.7424201965332,"Unknown"
"5020560",378673,2026-04-27 10:35:49,28.7778511047363,-17.7424507141113,"Unknown"
"5020560",378673,2026-04-27 10:36:47,28.7778263092041,-17.7424755096436,"Unknown"
"5020560",378673,2026-04-27 10:37:47,28.7777214050293,-17.74245262146,"Unknown"
"5020560",378673,2026-04-27 10:38:49,28.7776756286621,-17.742467880249,"Unknown"
"5020560",378673,2026-04-27 10:39:47,28.7776660919189,-17.7424297332764,"Unknown"
"5020560",378673,2026-04-27 10:40:48,28.7776184082031,-17.7424163818359,"Unknown"
"5020560",378673,2026-04-27 10:41:50,28.7775688171387,-17.7424240112305,"Unknown"
"5020560",378673,2026-04-27 10:42:49,28.7775363922119,-17.7424507141113,"Unknown"
"5020560",378673,2026-04-27 10:43:50,28.7775020599365,-17.7424812316895,"Unknown"
"5020560",378673,2026-04-27 10:44:49,28.7774600982666,-17.7425365447998,"Unknown"
"5020560",378673,2026-04-27 10:45:49,28.7773990631104,-17.7425327301025,"Unknown"
"5020560",378673,2026-04-27 10:46:50,28.7775077819824,-17.74245262146,"Unknown"
"5020560",378673,2026-04-27 10:47:49,28.7774753570557,-17.7407932281494,"Unknown"
"5020560",378673,2026-04-27 10:48:47,28.7774658203125,-17.7407913208008,"Unknown"
"5020560",378673,2026-04-27 10:49:49,28.7773838043213,-17.7408199310303,"Unknown"
"5020560",378673,2026-04-27 10:50:51,28.7773303985596,-17.7408866882324,"Unknown"
"5020560",378673,2026-04-27 10:51:51,28.7772941589355,-17.7408752441406,"Unknown"
"5020560",378673,2026-04-27 10:52:50,28.7772846221924,-17.7409286499023,"Unknown"
"5020560",378673,2026-04-27 10:53:51,28.7773399353027,-17.7423038482666,"Unknown"
"5020560",378673,2026-04-27 10:54:51,28.7779388427734,-17.7405872344971,"Unknown"
"5020560",378673,2026-04-27 10:55:51,28.777904510498,-17.740629196167,"Unknown"
"5020560",378673,2026-04-27 10:56:50,28.777889251709,-17.7406539916992,"Unknown"
"5020560",378673,2026-04-27 10:57:51,28.7778797149658,-17.7406539916992,"Unknown"
"5020560",378673,2026-04-27 10:58:49,28.77783203125,-17.740701675415,"Unknown"
"5020560",378673,2026-04-27 10:59:49,28.7777843475342,-17.7407131195068,"Unknown"
"5020560",378673,2026-04-27 11:01:17,28.7776985168457,-17.7407550811768,"Unknown"
"5020560",378673,2026-04-27 11:01:47,28.7776699066162,-17.7407913208008,"Unknown"
"5020560",378673,2026-04-27 11:02:48,28.7776107788086,-17.7407970428467,"Unknown"
"5020560",378673,2026-04-27 11:03:47,28.7775268554688,-17.7407817840576,"Unknown"
"5020560",378673,2026-04-27 11:04:47,28.777494430542,-17.7408142089844,"Unknown"
"5020560",378673,2026-04-27 11:05:47,28.7774429321289,-17.7408294677734,"Unknown"
"5020560",378673,2026-04-27 11:06:47,28.7774124145508,-17.7408676147461,"Unknown"
"5020560",378673,2026-04-27 11:07:47,28.7773761749268,-17.7408714294434,"Unknown"
"5020560",378673,2026-04-27 11:08:47,28.7773361206055,-17.7408847808838,"Unknown"
"5020560",378673,2026-04-27 11:09:47,28.7772903442383,-17.7408790588379,"Unknown"
"5020560",378673,2026-04-27 11:10:47,28.7772178649902,-17.740873336792,"Unknown"
"5020560",378673,2026-04-27 11:11:47,28.7771701812744,-17.7408866882324,"Unknown"
"5020560",378673,2026-04-27 11:12:47,28.7771377563477,-17.7408580780029,"Unknown"
"5020560",378673,2026-04-27 11:13:47,28.7770881652832,-17.7408466339111,"Unknown"
"5020560",378673,2026-04-27 11:14:47,28.7770442962646,-17.7408466339111,"Unknown"
"5020560",378673,2026-04-27 11:15:47,28.7770347595215,-17.7408199310303,"Unknown"
"5020560",378673,2026-04-27 11:16:48,28.7769870758057,-17.7408390045166,"Unknown"
"5020560",378673,2026-04-27 11:17:47,28.7769451141357,-17.7408580780029,"Unknown"
"5020560",378673,2026-04-27 11:18:47,28.776912689209,-17.7408542633057,"Unknown"
"5020560",378673,2026-04-27 11:19:48,28.7768936157227,-17.7408504486084,"Unknown"
"5020560",378673,2026-04-27 11:20:48,28.7768497467041,-17.7408561706543,"Unknown"
"5020560",378673,2026-04-27 11:21:47,28.7768287658691,-17.7408561706543,"Unknown"
"5020560",378673,2026-04-27 11:22:47,28.7767848968506,-17.7408275604248,"Unknown"
"5020560",378673,2026-04-27 11:23:47,28.7767505645752,-17.7408123016357,"Unknown"
"5020560",378673,2026-04-27 11:24:47,28.776704788208,-17.7407894134521,"Unknown"
"5020560",378673,2026-04-27 11:25:47,28.7766494750977,-17.7407779693604,"Unknown"
"5020560",378673,2026-04-27 11:26:47,28.7765884399414,-17.7407379150391,"Unknown"
"5020560",378673,2026-04-27 11:27:47,28.7765293121338,-17.7407379150391,"Unknown"
"5020560",378673,2026-04-27 11:28:47,28.7764587402344,-17.7407131195068,"Unknown"
"5020560",378673,2026-04-27 11:29:47,28.7763824462891,-17.7406959533691,"Unknown"
"5020560",378673,2026-04-27 11:30:48,28.776309967041,-17.7406520843506,"Unknown"
"5020560",378673,2026-04-27 11:31:47,28.7762489318848,-17.7406177520752,"Unknown"
"5020560",378673,2026-04-27 11:32:48,28.7761554718018,-17.7405891418457,"Unknown"
"5020560",378673,2026-04-27 11:33:49,28.7760848999023,-17.7405414581299,"Unknown"
"5020560",378673,2026-04-27 11:34:48,28.7760238647461,-17.7405071258545,"Unknown"
"5020560",378673,2026-04-27 11:35:47,28.7759742736816,-17.7404651641846,"Unknown"
"5020560",378673,2026-04-27 11:36:48,28.775936126709,-17.740421295166,"Unknown"
"5020560",378673,2026-04-27 11:37:47,28.7758922576904,-17.7403697967529,"Unknown"
"5020560",378673,2026-04-27 11:38:47,28.7758255004883,-17.7403240203857,"Unknown"
"5020560",378673,2026-04-27 11:39:48,28.7757530212402,-17.7402572631836,"Unknown"
"5020560",378673,2026-04-27 11:40:47,28.7757034301758,-17.7402515411377,"Unknown"
"5020560",378673,2026-04-27 11:41:48,28.77565574646,-17.7402420043945,"Unknown"
"5020560",378673,2026-04-27 11:42:48,28.7755832672119,-17.7402305603027,"Unknown"
"5020560",378673,2026-04-27 11:43:48,28.7755393981934,-17.7401638031006,"Unknown"
"5020560",378673,2026-04-27 11:44:47,28.7754783630371,-17.7401561737061,"Unknown"
"5020560",378673,2026-04-27 11:45:47,28.7754364013672,-17.740119934082,"Unknown"
"5020560",378673,2026-04-27 11:46:47,28.7753868103027,-17.7400741577148,"Unknown"
"5020560",378673,2026-04-27 11:47:47,28.7753295898438,-17.7400417327881,"Unknown"
"5020560",378673,2026-04-27 11:48:48,28.775260925293,-17.7400608062744,"Unknown"
"5020560",378673,2026-04-27 11:49:49,28.7752113342285,-17.7400226593018,"Unknown"
"5020560",378673,2026-04-27 11:50:47,28.7751617431641,-17.7399864196777,"Unknown"
"5020560",378673,2026-04-27 11:51:47,28.7751026153564,-17.7399234771729,"Unknown"
"5020560",378673,2026-04-27 11:52:48,28.7750072479248,-17.7399349212646,"Unknown"
"5020560",378673,2026-04-27 11:53:49,28.7749290466309,-17.7399463653564,"Unknown"
"5020560",378673,2026-04-27 11:54:48,28.7748889923096,-17.7399597167969,"Unknown"
"5020560",378673,2026-04-27 11:55:47,28.7748470306396,-17.7399921417236,"Unknown"
"5020560",378673,2026-04-27 11:56:48,28.774787902832,-17.7400054931641,"Unknown"
"5020560",378673,2026-04-27 11:57:48,28.7747459411621,-17.7400302886963,"Unknown"
"5020560",378673,2026-04-27 11:58:49,28.7746887207031,-17.7400646209717,"Unknown"
"5020560",378673,2026-04-27 12:00:17,28.7746200561523,-17.7400207519531,"Unknown"
"5020560",378673,2026-04-27 12:00:49,28.7746295928955,-17.7400302886963,"Unknown"
"5020560",378673,2026-04-27 12:01:51,28.7745952606201,-17.7400550842285,"Unknown"
"5020560",378673,2026-04-27 12:02:52,28.7745304107666,-17.7400665283203,"Unknown"
"5020560",378673,2026-04-27 12:03:51,28.7744369506836,-17.7400512695312,"Unknown"
"5020560",378673,2026-04-27 12:04:50,28.7744121551514,-17.7400684356689,"Unknown"
"5020560",378673,2026-04-27 12:05:51,28.7743244171143,-17.7401294708252,"Unknown"
"5020560",378673,2026-04-27 12:06:52,28.774299621582,-17.740161895752,"Unknown"
"5020560",378673,2026-04-27 12:07:51,28.774284362793,-17.7401790618896,"Unknown"
"5020560",378673,2026-04-27 12:08:50,28.7742977142334,-17.7402515411377,"Unknown"
"5020560",378673,2026-04-27 12:09:53,28.7741432189941,-17.740270614624,"Unknown"
"5020560",378673,2026-04-27 12:10:52,28.7741050720215,-17.7402858734131,"Unknown"
"5020560",378673,2026-04-27 12:11:52,28.774040222168,-17.7402400970459,"Unknown"
"5020560",378673,2026-04-27 12:12:52,28.773889541626,-17.7401847839355,"Unknown"
"5020560",378673,2026-04-27 12:13:53,28.7737846374512,-17.740119934082,"Unknown"
"5020560",378673,2026-04-27 12:14:54,28.7737369537354,-17.7400722503662,"Unknown"
"5020560",378673,2026-04-27 12:16:17,28.773609161377,-17.7400169372559,"Unknown"
"5020560",378673,2026-04-27 12:16:49,28.7735958099365,-17.7400016784668,"Unknown"
"5020560",378673,2026-04-27 12:17:50,28.7735023498535,-17.7399559020996,"Unknown"
"5020560",378673,2026-04-27 12:18:48,28.773473739624,-17.7398872375488,"Unknown"
"5020560",378673,2026-04-27 12:19:51,28.773401260376,-17.7398586273193,"Unknown"
"5020560",378673,2026-04-27 12:20:50,28.7733421325684,-17.7398052215576,"Unknown"
"5020560",378673,2026-04-27 12:21:48,28.7732563018799,-17.7397480010986,"Unknown"
"5020560",378673,2026-04-27 12:22:49,28.7731895446777,-17.7396984100342,"Unknown"
"5020560",378673,2026-04-27 12:23:49,28.7731456756592,-17.7396545410156,"Unknown"
"5020560",378673,2026-04-27 12:24:48,28.7730827331543,-17.7395629882812,"Unknown"
"5020560",378673,2026-04-27 12:25:49,28.7729911804199,-17.7394828796387,"Unknown"
"5020560",378673,2026-04-27 12:26:49,28.7729396820068,-17.7394180297852,"Unknown"
"5020560",378673,2026-04-27 12:27:49,28.7729015350342,-17.7393608093262,"Unknown"
"5020560",378673,2026-04-27 12:28:49,28.7728576660156,-17.7393169403076,"Unknown"
"5020560",378673,2026-04-27 12:29:50,28.7727870941162,-17.7392959594727,"Unknown"
"5020560",378673,2026-04-27 12:30:49,28.7727603912354,-17.7392444610596,"Unknown"
"5020560",378673,2026-04-27 12:31:49,28.7727127075195,-17.7392330169678,"Unknown"
"5020560",378673,2026-04-27 12:32:48,28.7726879119873,-17.739200592041,"Unknown"
"5020560",378673,2026-04-27 12:33:47,28.7726421356201,-17.7391948699951,"Unknown"
"5020560",378673,2026-04-27 12:34:47,28.772647857666,-17.7391777038574,"Unknown"
"5020560",378673,2026-04-27 12:35:49,28.7726306915283,-17.7391662597656,"Unknown"
"5020560",378673,2026-04-27 12:36:48,28.7726421356201,-17.739164352417,"Unknown"
"5020560",378673,2026-04-27 12:37:48,28.7726268768311,-17.7391719818115,"Unknown"
"5020560",378673,2026-04-27 12:38:49,28.7726154327393,-17.7391719818115,"Unknown"
"5020560",378673,2026-04-27 12:39:47,28.7725734710693,-17.7391700744629,"Unknown"
"5020560",378673,2026-04-27 12:40:49,28.7725391387939,-17.7391910552979,"Unknown"
"5020560",378673,2026-04-27 12:41:49,28.7725048065186,-17.7391738891602,"Unknown"
"5020560",378673,2026-04-27 12:42:48,28.7724704742432,-17.7391452789307,"Unknown"
"5020560",378673,2026-04-27 12:43:49,28.7724704742432,-17.7391014099121,"Unknown"
"5020560",378673,2026-04-27 12:44:49,28.7724628448486,-17.7390842437744,"Unknown"
"5020560",378673,2026-04-27 12:45:48,28.7724742889404,-17.7390537261963,"Unknown"
"5020560",378673,2026-04-27 12:46:49,28.7724475860596,-17.7390327453613,"Unknown"
"5020560",378673,2026-04-27 12:47:50,28.7724418640137,-17.7389354705811,"Unknown"
"5020560",378673,2026-04-27 12:48:47,28.7724323272705,-17.738899230957,"Unknown"
"5020560",378673,2026-04-27 12:49:47,28.7723960876465,-17.7388496398926,"Unknown"
"5020560",378673,2026-04-27 12:50:47,28.7723808288574,-17.7387924194336,"Unknown"
"5020560",378673,2026-04-27 12:51:50,28.7723636627197,-17.7387161254883,"Unknown"
"5020560",378673,2026-04-27 12:52:48,28.7723217010498,-17.7386493682861,"Unknown"
"5020560",378673,2026-04-27 12:53:48,28.7722816467285,-17.7385845184326,"Unknown"
"5020560",378673,2026-04-27 12:54:47,28.7722568511963,-17.7385368347168,"Unknown"
"5020560",378673,2026-04-27 12:55:49,28.7722244262695,-17.7384662628174,"Unknown"
"5020560",378673,2026-04-27 12:56:47,28.7721748352051,-17.7384166717529,"Unknown"
"5020560",378673,2026-04-27 12:57:46,28.7721691131592,-17.7383232116699,"Unknown"
"5020560",378673,2026-04-27 12:58:48,28.7721309661865,-17.7382717132568,"Unknown"
"5020560",378673,2026-04-27 12:59:48,28.7721138000488,-17.7382278442383,"Unknown"
"5020560",378673,2026-04-27 13:00:47,28.7720775604248,-17.738208770752,"Unknown"
"5020560",378673,2026-04-27 13:01:47,28.7720775604248,-17.7381610870361,"Unknown"
"5020560",378673,2026-04-27 13:02:47,28.7720355987549,-17.7381076812744,"Unknown"
"5020560",378673,2026-04-27 13:03:48,28.7720012664795,-17.7380809783936,"Unknown"
"5020560",378673,2026-04-27 13:04:48,28.7719306945801,-17.7380237579346,"Unknown"
"5020560",378673,2026-04-27 13:05:48,28.7718868255615,-17.7379875183105,"Unknown"
"5020560",378673,2026-04-27 13:06:48,28.7718162536621,-17.737979888916,"Unknown"
"5020560",378673,2026-04-27 13:07:48,28.7717666625977,-17.7379608154297,"Unknown"
"5020560",378673,2026-04-27 13:08:48,28.7716999053955,-17.7379531860352,"Unknown"
"5020560",378673,2026-04-27 13:09:48,28.7716064453125,-17.7379379272461,"Unknown"
"5020560",378673,2026-04-27 13:10:49,28.7715530395508,-17.7378940582275,"Unknown"
"5020560",378673,2026-04-27 13:11:48,28.7715244293213,-17.7378368377686,"Unknown"
"5020560",378673,2026-04-27 13:12:48,28.7714424133301,-17.7378215789795,"Unknown"
"5020560",378673,2026-04-27 13:13:49,28.7648639678955,-17.7325458526611,"Unknown"
"5020560",378673,2026-04-27 13:14:48,28.7633399963379,-17.730640411377,"Unknown"
"5020560",378673,2026-04-27 13:15:48,28.7640914916992,-17.72975730896,"Unknown"
"5020560",378673,2026-04-27 13:16:48,28.7632026672363,-17.730073928833,"Unknown"
"5020560",378673,2026-04-27 13:17:48,28.7630195617676,-17.7299861907959,"Unknown"
"5020560",378673,2026-04-27 13:18:50,28.7628440856934,-17.7298927307129,"Unknown"
"5020560",378673,2026-04-27 13:19:50,28.7626533508301,-17.7297477722168,"Unknown"
"5020560",378673,2026-04-27 13:20:51,28.7621231079102,-17.7316722869873,"Unknown"
"5020560",378673,2026-04-27 13:21:50,28.7614860534668,-17.7307376861572,"Unknown"
"5020560",378673,2026-04-27 13:22:49,28.7613506317139,-17.7305145263672,"Unknown"
"5020560",378673,2026-04-27 13:23:50,28.7612266540527,-17.7303161621094,"Unknown"
"5020560",378673,2026-04-27 13:24:49,28.7610569000244,-17.7301406860352,"Unknown"
"5020560",378673,2026-04-27 13:25:49,28.760871887207,-17.7299613952637,"Unknown"
"5020560",378673,2026-04-27 13:26:50,28.7607078552246,-17.7297916412354,"Unknown"
"5020560",378673,2026-04-27 13:27:50,28.7619972229004,-17.7308826446533,"Unknown"
"5020560",378673,2026-04-27 13:28:54,28.7618045806885,-17.7323188781738,"Unknown"
"5020560",378673,2026-04-27 13:29:50,28.7608890533447,-17.732120513916,"Unknown"
"5020560",378673,2026-04-27 13:30:50,28.7610092163086,-17.7317943572998,"Unknown"
"5020560",378673,2026-04-27 13:31:50,28.7600269317627,-17.7323951721191,"Unknown"
"5020560",378673,2026-04-27 13:32:52,28.7597999572754,-17.7311420440674,"Unknown"
"5020560",378673,2026-04-27 13:33:53,28.7603702545166,-17.7313365936279,"Unknown"
"5020560",378673,2026-04-27 13:34:49,28.7601909637451,-17.731164932251,"Unknown"
"5020560",378673,2026-04-27 13:35:50,28.7603092193604,-17.7297382354736,"Unknown"
"5020560",378673,2026-04-27 13:36:53,28.760929107666,-17.7294597625732,"Unknown"
"5020560",378673,2026-04-27 13:37:51,28.76096534729,-17.7284927368164,"Unknown"
"5020560",378673,2026-04-27 13:38:51,28.7609767913818,-17.7280158996582,"Unknown"
"5020560",378673,2026-04-27 13:39:51,28.7593727111816,-17.7268562316895,"Unknown"
"5020560",378673,2026-04-27 13:40:50,28.7594470977783,-17.7266025543213,"Unknown"
"5020560",378673,2026-04-27 13:41:50,28.7594337463379,-17.7247791290283,"Unknown"
"5020560",378673,2026-04-27 13:42:59,28.7584171295166,-17.7254581451416,"Unknown"
"5020560",378673,2026-04-27 13:47:51,28.7559928894043,-17.7201290130615,"Unknown"
"5020560",378673,2026-04-27 13:48:50,28.7558650970459,-17.7198429107666,"Unknown"
"5020560",378673,2026-04-27 13:53:48,28.7556972503662,-17.7186183929443,"Unknown"
"5020560",378673,2026-04-27 13:58:57,28.7552356719971,-17.7170238494873,"Unknown"
"5020560",378673,2026-04-27 14:03:49,28.7549781799316,-17.7153873443604,"Unknown"
"5020560",378673,2026-04-27 14:08:53,28.7547225952148,-17.7138729095459,"Unknown"
"5020560",378673,2026-04-27 14:13:52,28.7549438476562,-17.7125053405762,"Unknown"
"5020560",378673,2026-04-27 14:18:51,28.7552375793457,-17.7113189697266,"Unknown"
"5020560",378673,2026-04-27 14:23:49,28.755443572998,-17.7102088928223,"Unknown"
"5020560",378673,2026-04-27 14:29:17,28.7557067871094,-17.7089576721191,"Unknown"
"5020560",378673,2026-04-27 14:33:50,28.756031036377,-17.7080135345459,"Unknown"
"5020560",378673,2026-04-27 14:38:49,28.7564258575439,-17.7072601318359,"Unknown"
"5020560",378673,2026-04-27 14:43:50,28.7567577362061,-17.7064819335938,"Unknown"
"5020560",378673,2026-04-27 14:48:50,28.7570686340332,-17.7056369781494,"Unknown"
"5020560",378673,2026-04-27 14:53:50,28.7573719024658,-17.7048969268799,"Unknown"
"5020560",378673,2026-04-27 14:58:50,28.757682800293,-17.7041625976562,"Unknown"
"5020560",378673,2026-04-27 15:03:54,28.7580032348633,-17.7035846710205,"Unknown"
"5020560",378673,2026-04-27 15:09:01,28.758228302002,-17.7029762268066,"Unknown"
"5020560",378673,2026-04-27 15:13:54,28.7584590911865,-17.7025299072266,"Unknown"
"5020560",378673,2026-04-27 15:18:55,28.7585964202881,-17.7022323608398,"Unknown"
"5020560",378673,2026-04-27 15:24:17,28.7586441040039,-17.7020301818848,"Unknown"
"5020560",378673,2026-04-27 15:28:53,28.7587108612061,-17.701940536499,"Unknown"
"5020560",378673,2026-04-27 15:33:51,28.7587757110596,-17.7018585205078,"Unknown"
"5020560",378673,2026-04-27 15:38:52,28.7587738037109,-17.7018356323242,"Unknown"
"5020560",378673,2026-04-27 15:43:53,28.7588005065918,-17.7017307281494,"Unknown"
"5020560",378673,2026-04-27 15:48:56,28.7588348388672,-17.7017440795898,"Unknown"
"5020560",378673,2026-04-27 15:53:54,28.7587966918945,-17.7016677856445,"Unknown"
"5020560",378673,2026-04-27 15:58:59,28.7587471008301,-17.7015590667725,"Unknown"
"5020560",378673,2026-04-27 16:04:01,28.7588558197021,-17.7016487121582,"Unknown"
"5020560",378673,2026-04-27 16:08:53,28.7578887939453,-17.7031097412109,"Unknown"
"5020560",378673,2026-04-27 16:13:53,28.7579364776611,-17.7030944824219,"Unknown"
"5020560",378673,2026-04-27 16:19:03,28.7580852508545,-17.7033538818359,"Unknown"
"5020560",378673,2026-04-27 16:24:15,28.7580833435059,-17.703649520874,"Unknown"
"5020560",378673,2026-04-27 16:28:52,28.7580242156982,-17.7040195465088,"Unknown"
"5020560",378673,2026-04-27 16:33:48,28.7580318450928,-17.7044544219971,"Unknown"
"5020560",378673,2026-04-27 16:38:48,28.7580947875977,-17.7049446105957,"Unknown"
"5020560",378673,2026-04-27 16:43:49,28.7591934204102,-17.7035579681396,"Unknown"
"5020560",378673,2026-04-27 16:48:48,28.75950050354,-17.7038917541504,"Unknown"
"5020560",378673,2026-04-27 16:53:48,28.758810043335,-17.7010440826416,"Unknown"
"5020560",378673,2026-04-27 16:58:48,28.7596130371094,-17.7067852020264,"Unknown"
"5020560",378673,2026-04-27 17:03:52,28.7605361938477,-17.7097244262695,"Unknown"
"5020560",378673,2026-04-27 17:08:48,28.7606601715088,-17.7110252380371,"Unknown"
"5020560",378673,2026-04-27 17:13:48,28.7608737945557,-17.7149257659912,"Unknown"
"5020560",378673,2026-04-27 17:18:48,28.76100730896,-17.7147598266602,"Unknown"
"5020560",378673,2026-04-27 17:23:48,28.7612781524658,-17.7148017883301,"Unknown"
"5020560",378673,2026-04-27 17:28:49,28.7616310119629,-17.7148818969727,"Unknown"
"5020560",378673,2026-04-27 17:33:48,28.7618198394775,-17.7148323059082,"Unknown"
"5020560",378673,2026-04-27 17:38:49,28.7621288299561,-17.7146110534668,"Unknown"
"5020560",378673,2026-04-27 17:43:49,28.7625122070312,-17.7144355773926,"Unknown"
"5020560",378673,2026-04-27 17:48:50,28.7629241943359,-17.7142238616943,"Unknown"
"5020560",378673,2026-04-27 17:53:49,28.7633247375488,-17.7140197753906,"Unknown"
"5020560",378673,2026-04-27 17:58:51,28.7637939453125,-17.7138233184814,"Unknown"
"5020560",378673,2026-04-27 18:03:50,28.7642860412598,-17.7137336730957,"Unknown"
"5020560",378673,2026-04-27 18:08:49,28.7647972106934,-17.713737487793,"Unknown"
"5020560",378673,2026-04-27 18:13:49,28.7652797698975,-17.7136344909668,"Unknown"
"5020560",378673,2026-04-27 18:18:52,28.7657375335693,-17.7136383056641,"Unknown"
"5020560",378673,2026-04-27 18:23:51,28.7661743164062,-17.7135887145996,"Unknown"
"5020560",378673,2026-04-27 18:28:48,28.7665843963623,-17.713508605957,"Unknown"
"5020560",378673,2026-04-27 18:33:51,28.7653331756592,-17.7100315093994,"Unknown"
"5020560",378673,2026-04-27 18:38:53,28.7669067382812,-17.7059707641602,"Unknown"
"5020560",378673,2026-04-27 18:43:52,28.768669128418,-17.7100791931152,"Unknown"
"5020560",378673,2026-04-27 18:48:54,28.7690734863281,-17.710168838501,"Unknown"
"5020560",378673,2026-04-27 18:53:51,28.7713603973389,-17.7179679870605,"Unknown"
"5020560",378673,2026-04-27 19:09:21,28.7657699584961,-17.7087879180908,"Unknown"
"5020560",378673,2026-04-27 19:13:49,28.767915725708,-17.7136306762695,"Unknown"
"5020560",378673,2026-04-27 19:18:48,28.765905380249,-17.7169666290283,"Unknown"
"5020560",378673,2026-04-27 19:23:48,28.7647800445557,-17.7209548950195,"Unknown"
"5020560",378673,2026-04-27 19:28:48,28.7652359008789,-17.7210578918457,"Unknown"
"5020560",378673,2026-04-27 19:33:48,28.7658290863037,-17.7211284637451,"Unknown"
"5020560",378673,2026-04-27 19:38:48,28.7664756774902,-17.7212219238281,"Unknown"
"5020560",378673,2026-04-27 19:43:49,28.7627296447754,-17.7312316894531,"Unknown"
"5020560",378673,2026-04-27 19:48:48,28.7685661315918,-17.7350521087646,"Unknown"
"5020560",378673,2026-04-27 19:49:48,28.7711982727051,-17.7353363037109,"Unknown"
"5020560",378673,2026-04-27 19:50:48,28.7724304199219,-17.73606300354,"Unknown"
"5020560",378673,2026-04-27 19:51:48,28.7723731994629,-17.7360534667969,"Unknown"
"5020560",378673,2026-04-27 19:52:48,28.7723636627197,-17.7360401153564,"Unknown"
"5020560",378673,2026-04-27 19:53:48,28.7723445892334,-17.7360343933105,"Unknown"
"5020560",378673,2026-04-27 19:54:48,28.7723293304443,-17.736011505127,"Unknown"
"5020560",378673,2026-04-27 19:55:48,28.7723274230957,-17.7360153198242,"Unknown"
"5020560",378673,2026-04-27 19:56:48,28.7723064422607,-17.7359676361084,"Unknown"
"5020560",378673,2026-04-27 19:57:48,28.7722911834717,-17.7359447479248,"Unknown"
"5020560",378673,2026-04-27 19:58:48,28.7722644805908,-17.735912322998,"Unknown"
"5020560",378673,2026-04-27 19:59:48,28.7722072601318,-17.7359085083008,"Unknown"
"5020560",378673,2026-04-27 20:00:48,28.7721939086914,-17.7358684539795,"Unknown"
"5020560",378673,2026-04-27 20:01:48,28.772180557251,-17.73583984375,"Unknown"
"5020560",378673,2026-04-27 20:02:48,28.7721633911133,-17.7358074188232,"Unknown"
"5020560",378673,2026-04-27 20:03:48,28.7721214294434,-17.7357769012451,"Unknown"
"5020560",378673,2026-04-27 20:04:49,28.7720928192139,-17.7357482910156,"Unknown"
"5020560",378673,2026-04-27 20:05:49,28.7720794677734,-17.7357234954834,"Unknown"
"5020560",378673,2026-04-27 20:06:48,28.7720489501953,-17.735710144043,"Unknown"
"5020560",378673,2026-04-27 20:07:48,28.7720355987549,-17.7356796264648,"Unknown"
"5020560",378673,2026-04-27 20:08:48,28.7719993591309,-17.7356510162354,"Unknown"
"5020560",378673,2026-04-27 20:09:50,28.7719688415527,-17.7355899810791,"Unknown"
"5020560",378673,2026-04-27 20:10:48,28.771915435791,-17.7355556488037,"Unknown"
"5020560",378673,2026-04-27 20:11:48,28.7718601226807,-17.7355289459229,"Unknown"
"5020560",378673,2026-04-27 20:12:48,28.7718162536621,-17.7354888916016,"Unknown"
"5020560",378673,2026-04-27 20:13:48,28.7717704772949,-17.7354354858398,"Unknown"
"5020560",378673,2026-04-27 20:14:48,28.7717418670654,-17.7353992462158,"Unknown"
"5020560",378673,2026-04-27 20:15:48,28.7716789245605,-17.7353706359863,"Unknown"
"5020560",378673,2026-04-27 20:16:48,28.7716426849365,-17.7353267669678,"Unknown"
"5020560",378673,2026-04-27 20:17:48,28.7715835571289,-17.7352905273438,"Unknown"
"5020560",378673,2026-04-27 20:18:48,28.7715435028076,-17.7352828979492,"Unknown"
"5020560",378673,2026-04-27 20:19:48,28.7715034484863,-17.7352542877197,"Unknown"
"5020560",378673,2026-04-27 20:20:48,28.7714614868164,-17.7352104187012,"Unknown"
"5020560",378673,2026-04-27 20:21:48,28.7714080810547,-17.7352046966553,"Unknown"
"5020560",378673,2026-04-27 20:22:48,28.7713451385498,-17.7351608276367,"Unknown"
"5020560",378673,2026-04-27 20:23:48,28.7713031768799,-17.735107421875,"Unknown"
"5020560",378673,2026-04-27 20:24:48,28.7712497711182,-17.7350692749023,"Unknown"
"5020560",378673,2026-04-27 20:25:48,28.7712268829346,-17.7350368499756,"Unknown"
"5020560",378673,2026-04-27 20:26:48,28.7712001800537,-17.7350234985352,"Unknown"
"5020560",378673,2026-04-27 20:27:48,28.7711601257324,-17.7349853515625,"Unknown"
"5020560",378673,2026-04-27 20:28:48,28.7711200714111,-17.7349319458008,"Unknown"
"5020560",378673,2026-04-27 20:29:48,28.7710800170898,-17.7348976135254,"Unknown"
"5020560",378673,2026-04-27 20:30:48,28.7710266113281,-17.7348403930664,"Unknown"
"5020560",378673,2026-04-27 20:31:48,28.7709712982178,-17.7348079681396,"Unknown"
"5020560",378673,2026-04-27 20:32:48,28.7709064483643,-17.7347354888916,"Unknown"
"5020560",378673,2026-04-27 20:33:49,28.7708549499512,-17.7346992492676,"Unknown"
"5020560",378673,2026-04-27 20:34:48,28.7708034515381,-17.7346363067627,"Unknown"
"5020560",378673,2026-04-27 20:35:49,28.7707405090332,-17.7345542907715,"Unknown"
"5020560",378673,2026-04-27 20:36:48,28.7706832885742,-17.7345180511475,"Unknown"
"5020560",378673,2026-04-27 20:37:48,28.7706298828125,-17.7344779968262,"Unknown"
"5020560",378673,2026-04-27 20:38:49,28.7705879211426,-17.7344760894775,"Unknown"
"5020560",378673,2026-04-27 20:39:48,28.7705612182617,-17.734447479248,"Unknown"
"5020560",378673,2026-04-27 20:40:48,28.7705154418945,-17.7344188690186,"Unknown"
"5020560",378673,2026-04-27 20:41:48,28.7704811096191,-17.7343673706055,"Unknown"
"5020560",378673,2026-04-27 20:42:48,28.7704429626465,-17.734317779541,"Unknown"
"5020560",378673,2026-04-27 20:43:48,28.7703990936279,-17.7342224121094,"Unknown"
"5020560",378673,2026-04-27 20:44:48,28.7703247070312,-17.7341651916504,"Unknown"
"5020560",378673,2026-04-27 20:45:48,28.7702751159668,-17.7341175079346,"Unknown"
"5020560",378673,2026-04-27 20:46:49,28.7702121734619,-17.7340774536133,"Unknown"
"5020560",378673,2026-04-27 20:47:48,28.7701759338379,-17.7340564727783,"Unknown"
"5020560",378673,2026-04-27 20:48:48,28.7701244354248,-17.7340106964111,"Unknown"
"5020560",378673,2026-04-27 20:49:48,28.7700443267822,-17.7340126037598,"Unknown"
"5020560",378673,2026-04-27 20:50:48,28.7700080871582,-17.7339649200439,"Unknown"
"5020560",378673,2026-04-27 20:51:48,28.7700214385986,-17.7339210510254,"Unknown"
"5020560",378673,2026-04-27 20:52:48,28.7700119018555,-17.7338924407959,"Unknown"
"5020560",378673,2026-04-27 20:53:48,28.7699413299561,-17.733814239502,"Unknown"
"5020560",378673,2026-04-27 20:54:48,28.7699317932129,-17.7337799072266,"Unknown"
"5020560",378673,2026-04-27 20:55:48,28.7698783874512,-17.7337875366211,"Unknown"
"5020560",378673,2026-04-27 20:56:48,28.7698631286621,-17.7337741851807,"Unknown"
"5020560",378673,2026-04-27 20:57:48,28.7698211669922,-17.7337436676025,"Unknown"
"5020560",378673,2026-04-27 20:58:48,28.7698078155518,-17.7337474822998,"Unknown"
"5020560",378673,2026-04-27 20:59:48,28.7697830200195,-17.7337265014648,"Unknown"
"5020560",378673,2026-04-27 21:00:48,28.7697601318359,-17.7336921691895,"Unknown"
"5020560",378673,2026-04-27 21:01:48,28.7697429656982,-17.733678817749,"Unknown"
"5020560",378673,2026-04-27 21:02:48,28.7700233459473,-17.7331047058105,"Unknown"
"5020560",378673,2026-04-27 21:03:48,28.772346496582,-17.7347469329834,"Unknown"
"5020560",378673,2026-04-27 21:04:48,28.7744522094727,-17.7369651794434,"Unknown"
"5020560",378673,2026-04-27 21:05:49,28.775634765625,-17.7374382019043,"Unknown"
"5020560",378673,2026-04-27 21:06:48,28.7756214141846,-17.7373447418213,"Unknown"
"5020560",378673,2026-04-27 21:07:48,28.7756175994873,-17.7372722625732,"Unknown"
"5020560",378673,2026-04-27 21:08:48,28.7756328582764,-17.7371807098389,"Unknown"
"5020560",378673,2026-04-27 21:09:48,28.7756175994873,-17.7370891571045,"Unknown"
"5020560",378673,2026-04-27 21:10:48,28.7756099700928,-17.7370185852051,"Unknown"
"5020560",378673,2026-04-27 21:11:48,28.7756004333496,-17.7369384765625,"Unknown"
"5020560",378673,2026-04-27 21:12:48,28.7756118774414,-17.7368793487549,"Unknown"
"5020560",378673,2026-04-27 21:13:48,28.7755889892578,-17.7368316650391,"Unknown"
"5020560",378673,2026-04-27 21:14:48,28.7755832672119,-17.7367401123047,"Unknown"
"5020560",378673,2026-04-27 21:15:48,28.7755565643311,-17.7366371154785,"Unknown"
"5020560",378673,2026-04-27 21:16:48,28.7755661010742,-17.736536026001,"Unknown"
"5020560",378673,2026-04-27 21:17:48,28.7755603790283,-17.7364253997803,"Unknown"
"5020560",378673,2026-04-27 21:18:48,28.7755432128906,-17.7363338470459,"Unknown"
"5020560",378673,2026-04-27 21:19:48,28.7755260467529,-17.736213684082,"Unknown"
"5020560",378673,2026-04-27 21:20:48,28.7755069732666,-17.7360744476318,"Unknown"
"5020560",378673,2026-04-27 21:21:48,28.7755165100098,-17.7359371185303,"Unknown"
"5020560",378673,2026-04-27 21:22:48,28.7754993438721,-17.7358169555664,"Unknown"
"5020560",378673,2026-04-27 21:23:48,28.7755012512207,-17.7356872558594,"Unknown"
"5020560",378673,2026-04-27 21:24:48,28.7754611968994,-17.7355804443359,"Unknown"
"5020560",378673,2026-04-27 21:25:48,28.7758941650391,-17.7351703643799,"Unknown"
"5020560",378673,2026-04-27 21:26:48,28.777286529541,-17.7379627227783,"Unknown"
"5020560",378673,2026-04-27 21:27:50,28.779857635498,-17.7388896942139,"Unknown"
"5020560",378673,2026-04-27 21:28:49,28.7818946838379,-17.739444732666,"Unknown"
"5020560",378673,2026-04-27 21:29:49,28.7818813323975,-17.7393627166748,"Unknown"
"5020560",378673,2026-04-27 21:30:48,28.7818088531494,-17.7392444610596,"Unknown"
"5020560",378673,2026-04-27 21:31:49,28.7817935943604,-17.7391147613525,"Unknown"
"5020560",378673,2026-04-27 21:32:49,28.7817687988281,-17.7389469146729,"Unknown"
"5020560",378673,2026-04-27 21:33:50,28.781795501709,-17.7388706207275,"Unknown"
"5020560",378673,2026-04-27 21:34:49,28.7817821502686,-17.7387466430664,"Unknown"
"5020560",378673,2026-04-27 21:35:50,28.7817344665527,-17.7386589050293,"Unknown"
"5020560",378673,2026-04-27 21:36:51,28.7817058563232,-17.7385959625244,"Unknown"
"5020560",378673,2026-04-27 21:37:49,28.7816467285156,-17.7384281158447,"Unknown"
"5020560",378673,2026-04-27 21:38:49,28.7816390991211,-17.7383365631104,"Unknown"
"5020560",378673,2026-04-27 21:39:49,28.7816772460938,-17.7382259368896,"Unknown"
"5020560",378673,2026-04-27 21:40:49,28.7816429138184,-17.7380771636963,"Unknown"
"5020560",378673,2026-04-27 21:41:48,28.7816467285156,-17.7379684448242,"Unknown"
"5020560",378673,2026-04-27 21:42:50,28.781623840332,-17.7378940582275,"Unknown"
"5020560",378673,2026-04-27 21:43:50,28.7815704345703,-17.7377548217773,"Unknown"
"5020560",378673,2026-04-27 21:44:51,28.7815551757812,-17.7376499176025,"Unknown"
"5020560",378673,2026-04-27 21:45:50,28.7815456390381,-17.7375583648682,"Unknown"
"5020560",378673,2026-04-27 21:46:49,28.7815036773682,-17.7374610900879,"Unknown"
"5020560",378673,2026-04-27 21:47:49,28.7814636230469,-17.7373676300049,"Unknown"
"5020560",378673,2026-04-27 21:48:51,28.7814292907715,-17.7372169494629,"Unknown"
"5020560",378673,2026-04-27 21:49:50,28.7813816070557,-17.737154006958,"Unknown"
"5020560",378673,2026-04-27 21:50:53,28.7812919616699,-17.7370548248291,"Unknown"
"5020560",378673,2026-04-27 21:51:50,28.7812976837158,-17.7370090484619,"Unknown"
"5020560",378673,2026-04-27 21:52:50,28.7812080383301,-17.7368965148926,"Unknown"
"5020560",378673,2026-04-27 21:53:50,28.781213760376,-17.7368488311768,"Unknown"
"5020560",378673,2026-04-27 21:54:50,28.7811470031738,-17.7367210388184,"Unknown"
"5020560",378673,2026-04-27 21:55:50,28.7811756134033,-17.7367115020752,"Unknown"
"5020560",378673,2026-04-27 21:56:49,28.7810935974121,-17.7365589141846,"Unknown"
"5020560",378673,2026-04-27 21:57:49,28.7810935974121,-17.7365093231201,"Unknown"
"5020560",378673,2026-04-27 21:58:50,28.7810344696045,-17.7364044189453,"Unknown"
"5020560",378673,2026-04-27 22:00:17,28.781078338623,-17.7364597320557,"Unknown"
"5020560",378673,2026-04-27 22:00:50,28.7810764312744,-17.7364253997803,"Unknown"
"5020560",378673,2026-04-27 22:01:48,28.7809982299805,-17.7363948822021,"Unknown"
"5020560",378673,2026-04-27 22:02:48,28.7809467315674,-17.7363357543945,"Unknown"
"5020560",378673,2026-04-27 22:03:50,28.7809181213379,-17.7362422943115,"Unknown"
"5020560",378673,2026-04-27 22:04:48,28.7810573577881,-17.7358913421631,"Unknown"
"5020560",378673,2026-04-27 22:05:50,28.7808227539062,-17.7360095977783,"Unknown"
"5020560",378673,2026-04-27 22:07:21,28.7807846069336,-17.7358894348145,"Unknown"
"5020560",378673,2026-04-27 22:07:48,28.7807693481445,-17.7358551025391,"Unknown"
"5020560",378673,2026-04-27 22:08:48,28.7807292938232,-17.7357902526855,"Unknown"
"5020560",378673,2026-04-27 22:09:48,28.7806396484375,-17.7357368469238,"Unknown"
"5020560",378673,2026-04-27 22:10:48,28.7806224822998,-17.7356491088867,"Unknown"
"5020560",378673,2026-04-27 22:11:48,28.7805938720703,-17.7356090545654,"Unknown"
"5020560",378673,2026-04-27 22:12:48,28.780517578125,-17.7355499267578,"Unknown"
"5020560",378673,2026-04-27 22:13:48,28.7804622650146,-17.7354965209961,"Unknown"
"5020560",378673,2026-04-27 22:14:48,28.7804126739502,-17.7354354858398,"Unknown"
"5020560",378673,2026-04-27 22:15:48,28.7803859710693,-17.7353610992432,"Unknown"
"5020560",378673,2026-04-27 22:16:49,28.7803153991699,-17.735294342041,"Unknown"
"5020560",378673,2026-04-27 22:17:48,28.7802715301514,-17.7352523803711,"Unknown"
"5020560",378673,2026-04-27 22:18:48,28.7802333831787,-17.7352066040039,"Unknown"
"5020560",378673,2026-04-27 22:19:48,28.7801990509033,-17.7351379394531,"Unknown"
"5020560",378673,2026-04-27 22:20:48,28.7801074981689,-17.7350997924805,"Unknown"
"5020560",378673,2026-04-27 22:21:48,28.7800407409668,-17.7350311279297,"Unknown"
"5020560",378673,2026-04-27 22:22:48,28.7799797058105,-17.7349815368652,"Unknown"
"5020560",378673,2026-04-27 22:23:48,28.7799224853516,-17.7348918914795,"Unknown"
"5020560",378673,2026-04-27 22:24:48,28.7798671722412,-17.7348480224609,"Unknown"
"5020560",378673,2026-04-27 22:25:48,28.7798137664795,-17.7347984313965,"Unknown"
"5020560",378673,2026-04-27 22:26:48,28.7797393798828,-17.7347812652588,"Unknown"
"5020560",378673,2026-04-27 22:27:48,28.7796669006348,-17.7347507476807,"Unknown"
"5020560",378673,2026-04-27 22:28:48,28.7795886993408,-17.7347393035889,"Unknown"
"5020560",378673,2026-04-27 22:29:48,28.7795276641846,-17.7346992492676,"Unknown"
"5020560",378673,2026-04-27 22:30:48,28.779504776001,-17.7347145080566,"Unknown"
"5020560",378673,2026-04-27 22:31:48,28.7794818878174,-17.7347373962402,"Unknown"
"5020560",378673,2026-04-27 22:32:48,28.7794914245605,-17.7347049713135,"Unknown"
"5020560",378673,2026-04-27 22:33:48,28.7794971466064,-17.7346076965332,"Unknown"
"5020560",378673,2026-04-27 22:34:48,28.7795753479004,-17.7345085144043,"Unknown"
"5020560",378673,2026-04-27 22:35:48,28.7796058654785,-17.7344570159912,"Unknown"
"5020560",378673,2026-04-27 22:36:48,28.779634475708,-17.7344055175781,"Unknown"
"5020560",378673,2026-04-27 22:37:48,28.7796592712402,-17.7343502044678,"Unknown"
"5020560",378673,2026-04-27 22:38:48,28.7796573638916,-17.7343273162842,"Unknown"
"5020560",378673,2026-04-27 22:39:48,28.7796688079834,-17.7342987060547,"Unknown"
"5020560",378673,2026-04-27 22:40:48,28.7796955108643,-17.7342834472656,"Unknown"
"5020560",378673,2026-04-27 22:41:48,28.7797222137451,-17.734260559082,"Unknown"
"5020560",378673,2026-04-27 22:42:48,28.7797260284424,-17.7342014312744,"Unknown"
"5020560",378673,2026-04-27 22:43:48,28.779748916626,-17.7341804504395,"Unknown"
"5020560",378673,2026-04-27 22:44:48,28.7797622680664,-17.7341556549072,"Unknown"
"5020560",378673,2026-04-27 22:45:48,28.7797546386719,-17.7341613769531,"Unknown"
"5020560",378673,2026-04-27 22:46:48,28.7797393798828,-17.7341728210449,"Unknown"
"5020560",378673,2026-04-27 22:47:48,28.7797431945801,-17.7341384887695,"Unknown"
"5020560",378673,2026-04-27 22:48:48,28.7797050476074,-17.7341918945312,"Unknown"
"5020560",378673,2026-04-27 22:49:48,28.779691696167,-17.7342147827148,"Unknown"
"5020560",378673,2026-04-27 22:50:48,28.779670715332,-17.7341899871826,"Unknown"
"5020560",378673,2026-04-27 22:51:48,28.7796459197998,-17.7342071533203,"Unknown"
"5020560",378673,2026-04-27 22:52:48,28.7796936035156,-17.7341194152832,"Unknown"
"5020560",378673,2026-04-27 22:53:48,28.77978515625,-17.7340774536133,"Unknown"
"5020560",378673,2026-04-27 22:54:48,28.7797927856445,-17.7340564727783,"Unknown"
"5020560",378673,2026-04-27 22:55:48,28.7797908782959,-17.7340488433838,"Unknown"
"5020560",378673,2026-04-27 22:56:48,28.7797775268555,-17.7340316772461,"Unknown"
"5020560",378673,2026-04-27 22:57:49,28.7797756195068,-17.7340087890625,"Unknown"
"5020560",378673,2026-04-27 22:58:48,28.7797813415527,-17.7339763641357,"Unknown"
"5020560",378673,2026-04-27 22:59:50,28.7798023223877,-17.7339668273926,"Unknown"
"5020560",378673,2026-04-27 23:00:48,28.7797870635986,-17.7339477539062,"Unknown"
"5020560",378673,2026-04-27 23:01:49,28.7797660827637,-17.7339725494385,"Unknown"
"5020560",378673,2026-04-27 23:02:49,28.7797603607178,-17.7339706420898,"Unknown"
"5020560",378673,2026-04-27 23:03:48,28.7797317504883,-17.7339782714844,"Unknown"
"5020560",378673,2026-04-27 23:04:49,28.7797374725342,-17.7339344024658,"Unknown"
"5020560",378673,2026-04-27 23:05:49,28.7796993255615,-17.7339839935303,"Unknown"
"5020560",378673,2026-04-27 23:06:50,28.7796611785889,-17.7340106964111,"Unknown"
"5020560",378673,2026-04-27 23:07:50,28.7796573638916,-17.7339973449707,"Unknown"
"5020560",378673,2026-04-27 23:08:50,28.7796115875244,-17.7340030670166,"Unknown"
"5020560",378673,2026-04-27 23:09:48,28.7796802520752,-17.7339420318604,"Unknown"
"5020560",378673,2026-04-27 23:10:48,28.779727935791,-17.7339401245117,"Unknown"
"5020560",378673,2026-04-27 23:11:48,28.7797679901123,-17.7339496612549,"Unknown"
"5020560",378673,2026-04-27 23:12:48,28.7797374725342,-17.7339744567871,"Unknown"
"5020560",378673,2026-04-27 23:13:48,28.7797203063965,-17.7339839935303,"Unknown"
"5020560",378673,2026-04-27 23:14:48,28.7797164916992,-17.7339839935303,"Unknown"
"5020560",378673,2026-04-27 23:15:48,28.7797069549561,-17.7340259552002,"Unknown"
"5020560",378673,2026-04-27 23:16:48,28.7796936035156,-17.7340183258057,"Unknown"
"5020560",378673,2026-04-27 23:17:48,28.7797241210938,-17.7339477539062,"Unknown"
"5020560",378673,2026-04-27 23:18:48,28.7797546386719,-17.7339401245117,"Unknown"
"5020560",378673,2026-04-27 23:19:48,28.7798023223877,-17.7339305877686,"Unknown"
"5020560",378673,2026-04-27 23:20:48,28.7798137664795,-17.7339267730713,"Unknown"
"5020560",378673,2026-04-27 23:21:48,28.7798290252686,-17.7339134216309,"Unknown"
"5020560",378673,2026-04-27 23:22:48,28.7798538208008,-17.7339096069336,"Unknown"
"5020560",378673,2026-04-27 23:23:48,28.7798328399658,-17.733943939209,"Unknown"
"5020560",378673,2026-04-27 23:24:48,28.7798652648926,-17.7339248657227,"Unknown"
"5020560",378673,2026-04-27 23:25:48,28.7798366546631,-17.7339401245117,"Unknown"
"5020560",378673,2026-04-27 23:26:48,28.7798690795898,-17.7339057922363,"Unknown"
"5020560",378673,2026-04-27 23:27:48,28.7798709869385,-17.7339038848877,"Unknown"
"5020560",378673,2026-04-27 23:28:48,28.7798805236816,-17.7338886260986,"Unknown"
"5020560",378673,2026-04-27 23:29:49,28.7798881530762,-17.7339172363281,"Unknown"
"5020560",378673,2026-04-27 23:30:49,28.7799091339111,-17.7338924407959,"Unknown"
"5020560",378673,2026-04-27 23:31:48,28.7798862457275,-17.7338829040527,"Unknown"
"5020560",378673,2026-04-27 23:32:49,28.7798500061035,-17.7338809967041,"Unknown"
"5020560",378673,2026-04-27 23:33:48,28.779821395874,-17.7338943481445,"Unknown"
"5020560",378673,2026-04-27 23:34:48,28.7798271179199,-17.7338790893555,"Unknown"
"5020560",378673,2026-04-27 23:35:48,28.7798385620117,-17.7338981628418,"Unknown"
"5020560",378673,2026-04-27 23:36:48,28.7798843383789,-17.73388671875,"Unknown"
"5020560",378673,2026-04-27 23:37:48,28.7798938751221,-17.7339057922363,"Unknown"
"5020560",378673,2026-04-27 23:38:48,28.7799091339111,-17.7338981628418,"Unknown"
"5020560",378673,2026-04-27 23:39:48,28.7799472808838,-17.7338829040527,"Unknown"
"5020560",378673,2026-04-27 23:40:48,28.779993057251,-17.7338676452637,"Unknown"
"5020560",378673,2026-04-27 23:41:48,28.7800102233887,-17.7338047027588,"Unknown"
"5020560",378673,2026-04-27 23:42:48,28.7800579071045,-17.7337436676025,"Unknown"
"5020560",378673,2026-04-27 23:43:48,28.7800350189209,-17.7337398529053,"Unknown"
"5020560",378673,2026-04-27 23:44:48,28.7800636291504,-17.7337551116943,"Unknown"
"5020560",378673,2026-04-27 23:45:48,28.7800884246826,-17.7337665557861,"Unknown"
"5020560",378673,2026-04-27 23:46:48,28.7800827026367,-17.7337532043457,"Unknown"
"5020560",378673,2026-04-27 23:47:48,28.7801113128662,-17.7336807250977,"Unknown"
"5020560",378673,2026-04-27 23:48:48,28.7800979614258,-17.7336921691895,"Unknown"
"5020560",378673,2026-04-27 23:49:48,28.7800731658936,-17.7336654663086,"Unknown"
"5020560",378673,2026-04-27 23:50:48,28.7800388336182,-17.73366355896,"Unknown"
"5020560",378673,2026-04-27 23:51:48,28.7800312042236,-17.7336769104004,"Unknown"
"5020560",378673,2026-04-27 23:52:48,28.7801532745361,-17.7335662841797,"Unknown"
"5020560",378673,2026-04-27 23:53:48,28.7802200317383,-17.7335834503174,"Unknown"
"5020560",378673,2026-04-27 23:54:48,28.7802619934082,-17.7335796356201,"Unknown"
"5020560",378673,2026-04-27 23:55:48,28.7803039550781,-17.7335472106934,"Unknown"
"5020560",378673,2026-04-27 23:56:48,28.7803611755371,-17.7335243225098,"Unknown"
"5020560",378673,2026-04-27 23:57:48,28.7804069519043,-17.733491897583,"Unknown"
"5020560",378673,2026-04-27 23:58:48,28.7804622650146,-17.7334938049316,"Unknown"
"5020560",378673,2026-04-27 23:59:48,28.7804737091064,-17.7334690093994,"Unknown"
"5020560",378673,2026-04-28 00:00:50,28.780517578125,-17.7333812713623,"Unknown"
"5020560",378673,2026-04-28 00:01:48,28.7805709838867,-17.7333679199219,"Unknown"
"5020560",378673,2026-04-28 00:02:48,28.7805957794189,-17.7333145141602,"Unknown"
"5020560",378673,2026-04-28 00:03:49,28.7806358337402,-17.7332973480225,"Unknown"
"5020560",378673,2026-04-28 00:04:50,28.7806510925293,-17.7332420349121,"Unknown"
"5020560",378673,2026-04-28 00:05:48,28.7806625366211,-17.7332286834717,"Unknown"
"5020560",378673,2026-04-28 00:07:17,28.7806510925293,-17.7332038879395,"Unknown"
"5020560",378673,2026-04-28 00:07:48,28.7806491851807,-17.7331829071045,"Unknown"
"5020560",378673,2026-04-28 00:08:48,28.7806854248047,-17.7331123352051,"Unknown"
"5020560",378673,2026-04-28 00:09:48,28.7807388305664,-17.7330722808838,"Unknown"
"5020560",378673,2026-04-28 00:10:48,28.7808113098145,-17.7330760955811,"Unknown"
"5020560",378673,2026-04-28 00:11:48,28.7808265686035,-17.7330417633057,"Unknown"
"5020560",378673,2026-04-28 00:12:48,28.7808380126953,-17.7329978942871,"Unknown"
"5020560",378673,2026-04-28 00:13:48,28.780876159668,-17.7329978942871,"Unknown"
"5020560",378673,2026-04-28 00:14:48,28.7808780670166,-17.7329502105713,"Unknown"
"5020560",378673,2026-04-28 00:15:48,28.7808990478516,-17.7329597473145,"Unknown"
"5020560",378673,2026-04-28 00:16:48,28.7809181213379,-17.7329368591309,"Unknown"
"5020560",378673,2026-04-28 00:17:48,28.780948638916,-17.7329120635986,"Unknown"
"5020560",378673,2026-04-28 00:18:48,28.7809638977051,-17.7329025268555,"Unknown"
"5020560",378673,2026-04-28 00:19:48,28.7810020446777,-17.7328929901123,"Unknown"
"5020560",378673,2026-04-28 00:20:47,28.7810249328613,-17.7328491210938,"Unknown"
"5020560",378673,2026-04-28 00:21:48,28.7810573577881,-17.7328128814697,"Unknown"
"5020560",378673,2026-04-28 00:22:51,28.7810688018799,-17.7327899932861,"Unknown"
"5020560",378673,2026-04-28 00:23:48,28.781078338623,-17.7327442169189,"Unknown"
"5020560",378673,2026-04-28 00:24:50,28.7810935974121,-17.7327423095703,"Unknown"
"5020560",378673,2026-04-28 00:25:48,28.7811260223389,-17.7326850891113,"Unknown"
"5020560",378673,2026-04-28 00:26:48,28.7811584472656,-17.7326793670654,"Unknown"
"5020560",378673,2026-04-28 00:27:48,28.7812099456787,-17.7326145172119,"Unknown"
"5020560",378673,2026-04-28 00:28:48,28.7812309265137,-17.7325954437256,"Unknown"
"5020560",378673,2026-04-28 00:29:48,28.7812881469727,-17.7325706481934,"Unknown"
"5020560",378673,2026-04-28 00:30:48,28.7813568115234,-17.732515335083,"Unknown"
"5020560",378673,2026-04-28 00:31:48,28.7814083099365,-17.7324829101562,"Unknown"
"5020560",378673,2026-04-28 00:32:50,28.7814807891846,-17.7324333190918,"Unknown"
"5020560",378673,2026-04-28 00:33:48,28.7815246582031,-17.7323722839355,"Unknown"
"5020560",378673,2026-04-28 00:34:48,28.7815780639648,-17.7323379516602,"Unknown"
"5020560",378673,2026-04-28 00:35:48,28.7815704345703,-17.7322940826416,"Unknown"
"5020560",378673,2026-04-28 00:36:47,28.7815723419189,-17.7322635650635,"Unknown"
"5020560",378673,2026-04-28 00:37:48,28.7815856933594,-17.732234954834,"Unknown"
"5020560",378673,2026-04-28 00:38:48,28.7816123962402,-17.7322006225586,"Unknown"
"5020560",378673,2026-04-28 00:39:48,28.7816390991211,-17.7321319580078,"Unknown"
"5020560",378673,2026-04-28 00:40:47,28.7816390991211,-17.7320957183838,"Unknown"
"5020560",378673,2026-04-28 00:41:50,28.7816581726074,-17.7320671081543,"Unknown"
"5020560",378673,2026-04-28 00:42:49,28.7816753387451,-17.7319984436035,"Unknown"
"5020560",378673,2026-04-28 00:43:49,28.7817535400391,-17.7319355010986,"Unknown"
"5020560",378673,2026-04-28 00:44:50,28.781810760498,-17.7318706512451,"Unknown"
"5020560",378673,2026-04-28 00:45:49,28.7818412780762,-17.7317924499512,"Unknown"
"5020560",378673,2026-04-28 00:46:48,28.7818698883057,-17.7317295074463,"Unknown"
"5020560",378673,2026-04-28 00:47:48,28.7819118499756,-17.7316856384277,"Unknown"
"5020560",378673,2026-04-28 00:48:48,28.7819538116455,-17.731632232666,"Unknown"
"5020560",378673,2026-04-28 00:49:50,28.781982421875,-17.7315826416016,"Unknown"
"5020560",378673,2026-04-28 00:50:49,28.7820358276367,-17.7315540313721,"Unknown"
"5020560",378673,2026-04-28 00:51:47,28.7820568084717,-17.7314929962158,"Unknown"
"5020560",378673,2026-04-28 00:52:48,28.7820529937744,-17.7314453125,"Unknown"
"5020560",378673,2026-04-28 00:53:50,28.7820816040039,-17.7313899993896,"Unknown"
"5020560",378673,2026-04-28 00:54:47,28.7820987701416,-17.7313556671143,"Unknown"
"5020560",378673,2026-04-28 00:55:48,28.7821140289307,-17.7313041687012,"Unknown"
"5020560",378673,2026-04-28 00:56:50,28.782112121582,-17.7312755584717,"Unknown"
"5020560",378673,2026-04-28 00:57:51,28.7821617126465,-17.7312335968018,"Unknown"
"5020560",378673,2026-04-28 00:58:48,28.7821922302246,-17.7311916351318,"Unknown"
"5020560",378673,2026-04-28 00:59:48,28.7822303771973,-17.7311668395996,"Unknown"
"5020560",378673,2026-04-28 01:00:50,28.7822380065918,-17.731143951416,"Unknown"
"5020560",378673,2026-04-28 01:01:49,28.7822513580322,-17.731086730957,"Unknown"
"5020560",378673,2026-04-28 01:02:48,28.7822589874268,-17.7310390472412,"Unknown"
"5020560",378673,2026-04-28 01:03:48,28.7822742462158,-17.7309951782227,"Unknown"
"5020560",378673,2026-04-28 01:04:51,28.7828750610352,-17.7313385009766,"Unknown"
"5020560",378673,2026-04-28 01:05:50,28.7829189300537,-17.7312908172607,"Unknown"
"5020560",378673,2026-04-28 01:06:48,28.7829513549805,-17.7312316894531,"Unknown"
"5020560",378673,2026-04-28 01:07:50,28.7830467224121,-17.7311325073242,"Unknown"
"5020560",378673,2026-04-28 01:08:48,28.7831420898438,-17.7311267852783,"Unknown"
"5020560",378673,2026-04-28 01:09:48,28.783275604248,-17.7311553955078,"Unknown"
"5020560",378673,2026-04-28 01:10:50,28.7833938598633,-17.7311820983887,"Unknown"
"5020560",378673,2026-04-28 01:11:50,28.7834815979004,-17.7311496734619,"Unknown"
"5020560",378673,2026-04-28 01:12:55,28.7835483551025,-17.731143951416,"Unknown"
"5020560",378673,2026-04-28 01:13:50,28.7835750579834,-17.7311420440674,"Unknown"
"5020560",378673,2026-04-28 01:14:50,28.7836112976074,-17.7311305999756,"Unknown"
"5020560",378673,2026-04-28 01:15:48,28.783634185791,-17.731143951416,"Unknown"
"5020560",378673,2026-04-28 01:16:56,28.78369140625,-17.7311267852783,"Unknown"
"5020560",378673,2026-04-28 01:17:50,28.7837314605713,-17.731086730957,"Unknown"
"5020560",378673,2026-04-28 01:18:49,28.783784866333,-17.7310657501221,"Unknown"
"5020560",378673,2026-04-28 01:19:47,28.7838382720947,-17.7310104370117,"Unknown"
"5020560",378673,2026-04-28 01:20:48,28.7838439941406,-17.7309951782227,"Unknown"
"5020560",378673,2026-04-28 01:21:49,28.783878326416,-17.7309341430664,"Unknown"
"5020560",378673,2026-04-28 01:22:52,28.7838668823242,-17.7308692932129,"Unknown"
"5020560",378673,2026-04-28 01:23:51,28.7838840484619,-17.7307929992676,"Unknown"
"5020560",378673,2026-04-28 01:24:50,28.78391456604,-17.7307243347168,"Unknown"
"5020560",378673,2026-04-28 01:25:50,28.7839431762695,-17.730676651001,"Unknown"
"5020560",378673,2026-04-28 01:26:51,28.7839756011963,-17.7306079864502,"Unknown"
"5020560",378673,2026-04-28 01:27:50,28.7840366363525,-17.7305355072021,"Unknown"
"5020560",378673,2026-04-28 01:28:51,28.7840385437012,-17.730525970459,"Unknown"
"5020560",378673,2026-04-28 01:29:51,28.7840671539307,-17.7305068969727,"Unknown"
"5020560",378673,2026-04-28 01:30:50,28.7841205596924,-17.7305316925049,"Unknown"
"5020560",378673,2026-04-28 01:31:52,28.784200668335,-17.7306118011475,"Unknown"
"5020560",378673,2026-04-28 01:32:52,28.7842826843262,-17.7306213378906,"Unknown"
"5020560",378673,2026-04-28 01:33:48,28.7843437194824,-17.7306709289551,"Unknown"
"5020560",378673,2026-04-28 01:34:51,28.784423828125,-17.7307472229004,"Unknown"
"5020560",378673,2026-04-28 01:35:50,28.7844886779785,-17.7307682037354,"Unknown"
"5020560",378673,2026-04-28 01:36:50,28.7845764160156,-17.7307815551758,"Unknown"
"5020560",378673,2026-04-28 01:37:48,28.7845897674561,-17.7307872772217,"Unknown"
"5020560",378673,2026-04-28 01:38:54,28.7846374511719,-17.7307872772217,"Unknown"
"5020560",378673,2026-04-28 01:39:48,28.7846603393555,-17.7307739257812,"Unknown"
"5020560",378673,2026-04-28 01:40:49,28.7846660614014,-17.730749130249,"Unknown"
"5020560",378673,2026-04-28 01:41:50,28.7846984863281,-17.7307300567627,"Unknown"
"5020560",378673,2026-04-28 01:42:48,28.7847347259521,-17.7307319641113,"Unknown"
"5020560",378673,2026-04-28 01:43:48,28.7847461700439,-17.7307510375977,"Unknown"
"5020560",378673,2026-04-28 01:44:50,28.784797668457,-17.7307109832764,"Unknown"
"5020560",378673,2026-04-28 01:45:47,28.7848129272461,-17.7306976318359,"Unknown"
"5020560",378673,2026-04-28 01:46:50,28.7848205566406,-17.7306747436523,"Unknown"
"5020560",378673,2026-04-28 01:47:48,28.7848320007324,-17.7306499481201,"Unknown"
"5020560",378673,2026-04-28 01:48:48,28.784839630127,-17.7306156158447,"Unknown"
"5020560",378673,2026-04-28 01:49:48,28.7848682403564,-17.7306232452393,"Unknown"
"5020560",378673,2026-04-28 01:50:48,28.7848968505859,-17.7306499481201,"Unknown"
"5020560",378673,2026-04-28 01:51:52,28.7849140167236,-17.7306499481201,"Unknown"
"5020560",378673,2026-04-28 01:52:48,28.784948348999,-17.7306728363037,"Unknown"
"5020560",378673,2026-04-28 01:53:48,28.7849884033203,-17.7306251525879,"Unknown"
"5020560",378673,2026-04-28 01:54:48,28.7850379943848,-17.7306289672852,"Unknown"
"5020560",378673,2026-04-28 01:55:48,28.7850761413574,-17.7305946350098,"Unknown"
"5020560",378673,2026-04-28 01:56:48,28.7851390838623,-17.730583190918,"Unknown"
"5020560",378673,2026-04-28 01:57:48,28.7851791381836,-17.7305736541748,"Unknown"
"5020560",378673,2026-04-28 01:58:48,28.7852020263672,-17.7305717468262,"Unknown"
"5020560",378673,2026-04-28 02:00:21,28.7852363586426,-17.7306003570557,"Unknown"
"5020560",378673,2026-04-28 02:00:48,28.7852382659912,-17.7306137084961,"Unknown"
"5020560",378673,2026-04-28 02:10:48,28.7855987548828,-17.730785369873,"Unknown"
"5020560",378673,2026-04-28 02:11:48,28.785623550415,-17.7307949066162,"Unknown"
"5020560",378673,2026-04-28 02:12:49,28.7856388092041,-17.7308368682861,"Unknown"
"5020560",378673,2026-04-28 02:22:49,28.7862548828125,-17.7309818267822,"Unknown"
"5020560",378673,2026-04-28 02:23:50,28.7862739562988,-17.73095703125,"Unknown"
"5020560",378673,2026-04-28 02:33:50,28.7870178222656,-17.7309322357178,"Unknown"
"5020560",378673,2026-04-28 02:43:48,28.7877006530762,-17.7313385009766,"Unknown"
"5020560",378673,2026-04-28 02:53:49,28.7882766723633,-17.7317905426025,"Unknown"
"5020560",378673,2026-04-28 02:54:49,28.7883605957031,-17.7319011688232,"Unknown"
"5020560",378673,2026-04-28 03:04:49,28.7889537811279,-17.7325267791748,"Unknown"
"5020560",378673,2026-04-28 03:14:50,28.7892360687256,-17.7403221130371,"Unknown"
"5020560",378673,2026-04-28 03:24:49,28.7896327972412,-17.7447643280029,"Unknown"
"5020560",378673,2026-04-28 03:25:48,28.7896518707275,-17.7447204589844,"Unknown"
"5020560",378673,2026-04-28 03:35:49,28.7899551391602,-17.7447452545166,"Unknown"
"5020560",378673,2026-04-28 03:45:50,28.7903079986572,-17.7449569702148,"Unknown"
"5020560",378673,2026-04-28 03:55:50,28.7712917327881,-17.7444438934326,"Unknown"
"5020560",378673,2026-04-28 04:05:50,28.7231311798096,-17.7329292297363,"Unknown"
"5020560",378673,2026-04-28 04:47:13,28.7253341674805,-17.7333297729492,"Unknown"
"5020560",378673,2026-04-28 04:57:13,28.7252979278564,-17.7334041595459,"Unknown"
"5020560",378673,2026-04-28 05:17:13,28.7252998352051,-17.7333354949951,"Unknown"
"5020560",378673,2026-04-28 05:26:17,28.7276363372803,-17.7228164672852,"Unknown"
"5020560",378673,2026-04-28 05:35:49,28.7283134460449,-17.7216949462891,"Unknown"
"5020560",378673,2026-04-28 05:45:50,28.7314968109131,-17.7228965759277,"Unknown"
"5020560",378673,2026-04-28 05:55:50,28.7326850891113,-17.7215423583984,"Unknown"
"5020560",378673,2026-04-28 06:05:49,28.73903465271,-17.7196006774902,"Unknown"
"5020560",378673,2026-04-28 06:15:48,28.7533550262451,-17.7218456268311,"Unknown"
"5020560",378673,2026-04-28 06:25:50,28.7544994354248,-17.7218017578125,"Unknown"
"5020560",378673,2026-04-28 06:35:50,28.7629928588867,-17.7232284545898,"Unknown"
"5020560",378673,2026-04-28 06:45:48,28.7640552520752,-17.7229900360107,"Unknown"
"5020560",378673,2026-04-28 06:55:50,28.764835357666,-17.7188739776611,"Unknown"
"5020560",378673,2026-04-28 07:05:49,28.7598133087158,-17.7188529968262,"Unknown"
"5020560",378673,2026-04-28 07:15:50,28.7599315643311,-17.7104988098145,"Unknown"
"5020560",378673,2026-04-28 07:25:52,28.7541942596436,-17.7032890319824,"Unknown"
"5020560",378673,2026-04-28 07:36:17,28.7554168701172,-17.7038459777832,"Unknown"
"5020560",378673,2026-04-28 07:45:51,28.7565250396729,-17.7043609619141,"Unknown"
"5020560",378673,2026-04-28 07:55:51,28.7728443145752,-17.7263507843018,"Unknown"
"5020560",378673,2026-04-28 08:06:17,28.774055480957,-17.7258949279785,"Unknown"
"5020560",378673,2026-04-28 08:15:47,28.7749671936035,-17.7254180908203,"Unknown"
"5020560",378673,2026-04-28 08:25:51,28.7759342193604,-17.7250099182129,"Unknown"
"5020560",378673,2026-04-28 08:35:51,28.776912689209,-17.7246265411377,"Unknown"
"5020560",378673,2026-04-28 08:45:52,28.782865524292,-17.7133827209473,"Unknown"
"5020560",378673,2026-04-28 08:55:53,28.7751655578613,-17.7063331604004,"Unknown"
"5020560",378673,2026-04-28 09:05:54,28.7758045196533,-17.7073764801025,"Unknown"
"5020560",378673,2026-04-28 09:17:13,28.7790260314941,-17.7005062103271,"Unknown"
"5020560",378673,2026-04-28 09:26:33,28.8000526428223,-17.6704044342041,"Unknown"
"5020560",378673,2026-04-28 09:35:49,28.7967700958252,-17.6550521850586,"Unknown"
"5020560",378673,2026-04-28 09:45:48,28.7910919189453,-17.6401176452637,"Unknown"
"5020560",378673,2026-04-28 09:50:51,28.7884845733643,-17.6380939483643,"Unknown"
"5020560",378673,2026-04-28 09:55:57,28.7820682525635,-17.6246719360352,"Unknown"
"5020560",378673,2026-04-28 10:00:51,28.7790985107422,-17.6205425262451,"Unknown"
"5020560",378673,2026-04-28 10:05:52,28.7738342285156,-17.6125087738037,"Unknown"
"5020560",378673,2026-04-28 10:10:51,28.7726097106934,-17.6118564605713,"Unknown"
"5020560",378673,2026-04-28 10:15:51,28.7638568878174,-17.6027164459229,"Unknown"
"5020560",378673,2026-04-28 10:20:52,28.7615337371826,-17.6016407012939,"Unknown"
"5020560",378673,2026-04-28 10:26:17,28.7615737915039,-17.6023483276367,"Unknown"
"5020560",378673,2026-04-28 10:30:51,28.7615776062012,-17.6030044555664,"Unknown"
"5020560",378673,2026-04-28 10:35:48,28.761812210083,-17.6036701202393,"Unknown"
"5020560",378673,2026-04-28 10:40:48,28.7618751525879,-17.6043071746826,"Unknown"
"5020560",378673,2026-04-28 10:45:49,28.7619457244873,-17.6048831939697,"Unknown"
"5020560",378673,2026-04-28 10:50:48,28.7619953155518,-17.6056251525879,"Unknown"
"5020560",378673,2026-04-28 10:55:50,28.7620677947998,-17.6063613891602,"Unknown"
"5020560",378673,2026-04-28 11:00:50,28.7621765136719,-17.6068744659424,"Unknown"
"5020560",378673,2026-04-28 11:05:50,28.7622985839844,-17.6073360443115,"Unknown"
"5020560",378673,2026-04-28 11:10:50,28.7624454498291,-17.6078319549561,"Unknown"
"5020560",378673,2026-04-28 11:15:48,28.7625617980957,-17.6083374023438,"Unknown"
"5020560",378673,2026-04-28 11:20:48,28.7628288269043,-17.6086368560791,"Unknown"
"5020560",378673,2026-04-28 11:25:50,28.7631874084473,-17.6088905334473,"Unknown"
"5020560",378673,2026-04-28 11:30:50,28.7635536193848,-17.6095695495605,"Unknown"
"5020560",378673,2026-04-28 11:35:50,28.7640342712402,-17.6100120544434,"Unknown"
"5020560",378673,2026-04-28 11:40:50,28.7645473480225,-17.6102237701416,"Unknown"
"5020560",378673,2026-04-28 11:45:50,28.7650089263916,-17.6104202270508,"Unknown"
"5020560",378673,2026-04-28 11:50:50,28.7644157409668,-17.6171722412109,"Unknown"
"5020560",378673,2026-04-28 11:55:50,28.764591217041,-17.6343288421631,"Unknown"
"5020560",378673,2026-04-28 12:02:13,28.7617835998535,-17.6537685394287,"Unknown"
"5020560",378673,2026-04-28 12:07:13,28.7510452270508,-17.6839122772217,"Unknown"
"5020560",378673,2026-04-28 12:12:13,28.7327632904053,-17.7030353546143,"Unknown"
"5020560",378673,2026-04-28 12:17:13,28.7488594055176,-17.7144985198975,"Unknown"
"5020560",378673,2026-04-28 12:21:17,28.7497711181641,-17.7141971588135,"Unknown"
"5020560",378673,2026-04-28 12:25:52,28.7501087188721,-17.7183723449707,"Unknown"
"5020560",378673,2026-04-28 12:30:50,28.7533893585205,-17.7199764251709,"Unknown"
"5020560",378673,2026-04-28 12:35:50,28.7529201507568,-17.7190532684326,"Unknown"
"5020560",378673,2026-04-28 12:40:50,28.7526340484619,-17.7183895111084,"Unknown"
"5020560",378673,2026-04-28 12:45:52,28.7524719238281,-17.7179470062256,"Unknown"
"5020560",378673,2026-04-28 12:50:53,28.7527294158936,-17.7173805236816,"Unknown"
"5020560",378673,2026-04-28 12:55:52,28.7436466217041,-17.7159461975098,"Unknown"
"5020560",378673,2026-04-28 13:00:50,28.7428951263428,-17.7165813446045,"Unknown"
"5020560",378673,2026-04-28 13:05:53,28.7386569976807,-17.7183074951172,"Unknown"
"5020560",378673,2026-04-28 13:10:51,28.7365951538086,-17.7194004058838,"Unknown"
"5020560",378673,2026-04-28 13:15:49,28.7348651885986,-17.7192840576172,"Unknown"
"5020560",378673,2026-04-28 13:20:51,28.7320213317871,-17.7215938568115,"Unknown"
"5020560",378673,2026-04-28 13:25:49,28.7322177886963,-17.7237987518311,"Unknown"
"5020560",378673,2026-04-28 13:31:00,28.7319259643555,-17.7239513397217,"Unknown"
"5020560",378673,2026-04-28 13:35:54,28.7313594818115,-17.7223892211914,"Unknown"
"5020560",378673,2026-04-28 13:41:00,28.7309417724609,-17.7211761474609,"Unknown"
"5020560",378673,2026-04-28 13:45:53,28.7259941101074,-17.7226886749268,"Unknown"
"5020560",378673,2026-04-28 13:51:17,28.7251720428467,-17.7247200012207,"Unknown"
"5020560",378673,2026-04-28 13:55:51,28.7250804901123,-17.7243728637695,"Unknown"
"5020560",378673,2026-04-28 14:00:51,28.7248401641846,-17.7239990234375,"Unknown"
"5020560",378673,2026-04-28 14:05:52,28.7246074676514,-17.723388671875,"Unknown"
"5020560",378673,2026-04-28 14:10:49,28.7244262695312,-17.7229862213135,"Unknown"
"5020560",378673,2026-04-28 14:15:51,28.7242298126221,-17.7226314544678,"Unknown"
"5020560",378673,2026-04-28 14:20:50,28.7239856719971,-17.7223510742188,"Unknown"
"5020560",378673,2026-04-28 14:25:49,28.723690032959,-17.7220249176025,"Unknown"
"5020560",378673,2026-04-28 14:30:50,28.7233047485352,-17.7216835021973,"Unknown"
"5020560",378673,2026-04-28 14:35:50,28.7229785919189,-17.7214164733887,"Unknown"
"5020560",378673,2026-04-28 14:40:49,28.722677230835,-17.7211456298828,"Unknown"
"5020560",378673,2026-04-28 14:45:51,28.7222805023193,-17.7210998535156,"Unknown"
"5020560",378673,2026-04-28 14:50:54,28.7217769622803,-17.7209548950195,"Unknown"
"5020560",378673,2026-04-28 14:55:52,28.7212257385254,-17.7208366394043,"Unknown"
"5020560",378673,2026-04-28 15:00:48,28.7206153869629,-17.7208118438721,"Unknown"
"5020560",378673,2026-04-28 15:05:51,28.7199478149414,-17.7206897735596,"Unknown"
"5020560",378673,2026-04-28 15:10:52,28.7192840576172,-17.720609664917,"Unknown"
"5020560",378673,2026-04-28 15:15:53,28.7185745239258,-17.7205829620361,"Unknown"
"5020560",378673,2026-04-28 15:21:17,28.7177906036377,-17.7205142974854,"Unknown"
"5020560",378673,2026-04-28 15:25:49,28.7170524597168,-17.7205924987793,"Unknown"
"5020560",378673,2026-04-28 15:30:49,28.7161350250244,-17.7206077575684,"Unknown"
"5020560",378673,2026-04-28 15:35:49,28.7152843475342,-17.7208919525146,"Unknown"
"5020560",378673,2026-04-28 15:40:52,28.7144107818604,-17.7209091186523,"Unknown"
"5020560",378673,2026-04-28 15:45:52,28.7135772705078,-17.7210731506348,"Unknown"
"5020560",378673,2026-04-28 15:50:49,28.7127780914307,-17.7213706970215,"Unknown"
"5020560",378673,2026-04-28 15:55:49,28.7119369506836,-17.721715927124,"Unknown"
"5020560",378673,2026-04-28 16:00:49,28.7111530303955,-17.7219829559326,"Unknown"
"5020560",378673,2026-04-28 16:05:50,28.7102890014648,-17.7220554351807,"Unknown"
"5020560",378673,2026-04-28 16:10:52,28.7094974517822,-17.7222003936768,"Unknown"
"5020560",378673,2026-04-28 16:16:27,28.7106456756592,-17.7234973907471,"Unknown"
"5020560",378673,2026-04-28 16:20:48,28.7101707458496,-17.7241020202637,"Unknown"
"5020560",378673,2026-04-28 16:25:48,28.7155628204346,-17.721399307251,"Unknown"
"5020560",378673,2026-04-28 16:30:49,28.7149353027344,-17.7215194702148,"Unknown"
"5020560",378673,2026-04-28 16:35:49,28.7143402099609,-17.721736907959,"Unknown"
"5020560",378673,2026-04-28 16:40:48,28.7137756347656,-17.7218990325928,"Unknown"
"5020560",378673,2026-04-28 16:45:51,28.7339248657227,-17.7168827056885,"Unknown"
"5020560",378673,2026-04-28 16:50:49,28.7355709075928,-17.7139148712158,"Unknown"
"5020560",378673,2026-04-28 16:55:49,28.7343502044678,-17.7129058837891,"Unknown"
"5020560",378673,2026-04-28 17:00:49,28.7330417633057,-17.712064743042,"Unknown"
"5020560",378673,2026-04-28 17:05:49,28.7316112518311,-17.7111797332764,"Unknown"
"5020560",378673,2026-04-28 17:10:49,28.730297088623,-17.7104778289795,"Unknown"
"5020560",378673,2026-04-28 17:15:48,28.7288818359375,-17.7099533081055,"Unknown"
"5020560",378673,2026-04-28 17:20:49,28.7272415161133,-17.7094039916992,"Unknown"
"5020560",378673,2026-04-28 17:25:49,28.7256374359131,-17.7088928222656,"Unknown"
"5020560",378673,2026-04-28 17:30:49,28.7243518829346,-17.7086124420166,"Unknown"
"5020560",378673,2026-04-28 17:35:49,28.723237991333,-17.7083854675293,"Unknown"
"5020560",378673,2026-04-28 17:40:49,28.7219676971436,-17.7081031799316,"Unknown"
"5020560",378673,2026-04-28 17:45:49,28.720645904541,-17.7079086303711,"Unknown"
"5020560",378673,2026-04-28 17:50:48,28.7193279266357,-17.7078056335449,"Unknown"
"5020560",378673,2026-04-28 17:55:48,28.7180919647217,-17.7075977325439,"Unknown"
"5020560",378673,2026-04-28 18:00:49,28.7168216705322,-17.7073459625244,"Unknown"
"5020560",378673,2026-04-28 18:05:49,28.7157115936279,-17.7074203491211,"Unknown"
"5020560",378673,2026-04-28 18:10:49,28.7146072387695,-17.707124710083,"Unknown"
"5020560",378673,2026-04-28 18:15:50,28.713680267334,-17.7068386077881,"Unknown"
"5020560",378673,2026-04-28 18:20:51,28.7128582000732,-17.7070655822754,"Unknown"
"5020560",378673,2026-04-28 18:25:49,28.7119293212891,-17.7072124481201,"Unknown"
"5020560",378673,2026-04-28 18:30:50,28.7110576629639,-17.7071304321289,"Unknown"
"5020560",378673,2026-04-28 18:35:49,28.7103652954102,-17.7071323394775,"Unknown"
"5020560",378673,2026-04-28 18:40:49,28.7096691131592,-17.7071876525879,"Unknown"
"5020560",378673,2026-04-28 18:45:49,28.7090854644775,-17.7072048187256,"Unknown"
"5020560",378673,2026-04-28 18:50:49,28.7086200714111,-17.7072982788086,"Unknown"
"5020560",378673,2026-04-28 18:56:17,28.7080764770508,-17.7074661254883,"Unknown"
"5020560",378673,2026-04-28 19:00:48,28.7076644897461,-17.7075939178467,"Unknown"
"5020560",378673,2026-04-28 19:05:48,28.7072429656982,-17.707670211792,"Unknown"
"5020560",378673,2026-04-28 19:10:48,28.7068290710449,-17.7077922821045,"Unknown"
"5020560",378673,2026-04-28 19:15:49,28.7064647674561,-17.7078018188477,"Unknown"
"5020560",378673,2026-04-28 19:20:49,28.7061061859131,-17.7078304290771,"Unknown"
"5020560",378673,2026-04-28 19:25:49,28.7058200836182,-17.7077922821045,"Unknown"
"5020560",378673,2026-04-28 19:30:49,28.7056064605713,-17.7078800201416,"Unknown"
"5020560",378673,2026-04-28 19:35:50,28.7059535980225,-17.7084217071533,"Unknown"
"5020560",378673,2026-04-28 19:40:51,28.7100009918213,-17.7152328491211,"Unknown"
"5020560",378673,2026-04-28 19:45:49,28.7251930236816,-17.7216205596924,"Unknown"
"5020560",378673,2026-04-28 19:50:49,28.7235774993896,-17.7227973937988,"Unknown"
"5020560",378673,2026-04-28 19:55:49,28.7241268157959,-17.7220706939697,"Unknown"
"5020560",378673,2026-04-28 20:00:50,28.7246170043945,-17.7213401794434,"Unknown"
"5020560",378673,2026-04-28 20:05:49,28.7250518798828,-17.7205944061279,"Unknown"
"5020560",378673,2026-04-28 20:11:17,28.7254905700684,-17.7197933197021,"Unknown"
"5020560",378673,2026-04-28 20:15:52,28.7259521484375,-17.7191123962402,"Unknown"
"5020560",378673,2026-04-28 20:20:48,28.7265758514404,-17.7182865142822,"Unknown"
"5020560",378673,2026-04-28 20:25:51,28.7281036376953,-17.7229537963867,"Unknown"
"5020560",378673,2026-04-28 20:30:51,28.7249526977539,-17.7307205200195,"Unknown"
"5020560",378673,2026-04-28 20:35:50,28.7260494232178,-17.7285404205322,"Unknown"
"5020560",378673,2026-04-28 20:36:49,28.7240657806396,-17.7315998077393,"Unknown"
"5020560",378673,2026-04-28 20:37:48,28.7259616851807,-17.7276306152344,"Unknown"
"5020560",378673,2026-04-28 20:38:52,28.7247772216797,-17.7307529449463,"Unknown"
"5020560",378673,2026-04-28 20:39:49,28.725248336792,-17.7291412353516,"Unknown"
"5020560",378673,2026-04-28 20:40:49,28.7222290039062,-17.7255611419678,"Unknown"
"5020560",378673,2026-04-28 20:41:49,28.7205104827881,-17.7254257202148,"Unknown"
"5020560",378673,2026-04-28 20:42:49,28.7206230163574,-17.7253322601318,"Unknown"
"5020560",378673,2026-04-28 20:43:49,28.7207355499268,-17.7251853942871,"Unknown"
"5020560",378673,2026-04-28 20:44:49,28.7208251953125,-17.7250537872314,"Unknown"
"5020560",378673,2026-04-28 20:45:49,28.7209453582764,-17.7249393463135,"Unknown"
"5020560",378673,2026-04-28 20:46:48,28.7210445404053,-17.724817276001,"Unknown"
"5020560",378673,2026-04-28 20:51:52,28.7216129302979,-17.7242412567139,"Unknown"
"5020560",378673,2026-04-28 20:56:49,28.7222194671631,-17.7238025665283,"Unknown"
"5020560",378673,2026-04-28 21:01:53,28.7283020019531,-17.7192058563232,"Unknown"
"5020560",378673,2026-04-28 21:06:48,28.7289752960205,-17.7185611724854,"Unknown"
"5020560",378673,2026-04-28 21:11:51,28.7296257019043,-17.717845916748,"Unknown"
"5020560",378673,2026-04-28 21:16:49,28.7303771972656,-17.7171287536621,"Unknown"
"5020560",378673,2026-04-28 21:21:49,28.7312450408936,-17.716287612915,"Unknown"
"5020560",378673,2026-04-28 21:26:49,28.7321147918701,-17.7153396606445,"Unknown"
"5020560",378673,2026-04-28 21:31:49,28.7329807281494,-17.7143592834473,"Unknown"
"5020560",378673,2026-04-28 21:36:49,28.7339134216309,-17.713285446167,"Unknown"
"5020560",378673,2026-04-28 21:41:49,28.7346897125244,-17.7126579284668,"Unknown"
"5020560",378673,2026-04-28 21:46:56,28.7352561950684,-17.7122268676758,"Unknown"
"5020560",378673,2026-04-28 21:51:49,28.7359428405762,-17.7115459442139,"Unknown"
"5020560",378673,2026-04-28 21:56:50,28.7366008758545,-17.7108249664307,"Unknown"
"5020560",378673,2026-04-28 22:01:49,28.7371082305908,-17.7101154327393,"Unknown"
"5020560",378673,2026-04-28 22:07:17,28.7376728057861,-17.7091464996338,"Unknown"
"5020560",378673,2026-04-28 22:11:51,28.7380352020264,-17.7083435058594,"Unknown"
"5020560",378673,2026-04-28 22:16:48,28.7383518218994,-17.7075519561768,"Unknown"
"5020560",378673,2026-04-28 22:21:50,28.7385196685791,-17.7067966461182,"Unknown"
"5020560",378673,2026-04-28 22:26:49,28.7386531829834,-17.7059516906738,"Unknown"
"5020560",378673,2026-04-28 22:31:56,28.7385959625244,-17.7052192687988,"Unknown"
"5020560",378673,2026-04-28 22:36:53,28.7385501861572,-17.7042179107666,"Unknown"
"5020560",378673,2026-04-28 22:42:01,28.7382068634033,-17.7030467987061,"Unknown"
"5020560",378673,2026-04-28 22:47:05,28.7379322052002,-17.7020435333252,"Unknown"
"5020560",378673,2026-04-28 22:51:52,28.7376556396484,-17.7011299133301,"Unknown"
"5020560",378673,2026-04-28 22:56:51,28.7374382019043,-17.700309753418,"Unknown"
"5020560",378673,2026-04-28 23:02:21,28.7375946044922,-17.6989765167236,"Unknown"
"5020560",378673,2026-04-28 23:06:49,28.7376461029053,-17.6980171203613,"Unknown"
"5020560",378673,2026-04-28 23:11:48,28.7377586364746,-17.6970100402832,"Unknown"
"5020560",378673,2026-04-28 23:16:48,28.7377910614014,-17.6958045959473,"Unknown"
"5020560",378673,2026-04-28 23:21:48,28.7377033233643,-17.6947746276855,"Unknown"
"5020560",378673,2026-04-28 23:26:48,28.7372436523438,-17.6938381195068,"Unknown"
"5020560",378673,2026-04-28 23:31:49,28.7370128631592,-17.6930389404297,"Unknown"
"5020560",378673,2026-04-28 23:36:49,28.7367610931396,-17.6922245025635,"Unknown"
"5020560",378673,2026-04-28 23:41:49,28.736499786377,-17.6915378570557,"Unknown"
"5020560",378673,2026-04-28 23:46:49,28.7361583709717,-17.6909313201904,"Unknown"
"5020560",378673,2026-04-28 23:51:53,28.7358169555664,-17.6901893615723,"Unknown"
"5020560",378673,2026-04-28 23:57:17,28.7356357574463,-17.6896419525146,"Unknown"
"5020560",378673,2026-04-29 00:01:48,28.7353134155273,-17.689323425293,"Unknown"
"5020560",378673,2026-04-29 00:06:51,28.7349700927734,-17.6890659332275,"Unknown"
"5020560",378673,2026-04-29 00:11:49,28.7399559020996,-17.6987609863281,"Unknown"
"5020560",378673,2026-04-29 00:16:48,28.7378559112549,-17.7064170837402,"Unknown"
"5020560",378673,2026-04-29 00:21:49,28.737678527832,-17.7056617736816,"Unknown"
"5020560",378673,2026-04-29 00:26:50,28.7375965118408,-17.7050914764404,"Unknown"
"5020560",378673,2026-04-29 00:31:49,28.7375202178955,-17.7044467926025,"Unknown"
"5020560",378673,2026-04-29 00:36:50,28.7373123168945,-17.7037239074707,"Unknown"
"5020560",378673,2026-04-29 00:41:50,28.7372665405273,-17.7032985687256,"Unknown"
"5020560",378673,2026-04-29 00:46:52,28.7370986938477,-17.702600479126,"Unknown"
"5020560",378673,2026-04-29 00:51:50,28.7368831634521,-17.7018909454346,"Unknown"
"5020560",378673,2026-04-29 00:56:51,28.7367477416992,-17.7013664245605,"Unknown"
"5020560",378673,2026-04-29 01:01:52,28.7366352081299,-17.700756072998,"Unknown"
"5020560",378673,2026-04-29 01:06:55,28.7363777160645,-17.7002906799316,"Unknown"
"5020560",378673,2026-04-29 01:11:58,28.7361488342285,-17.6996917724609,"Unknown"
"5020560",378673,2026-04-29 01:17:17,28.7358245849609,-17.6991386413574,"Unknown"
"5020560",378673,2026-04-29 01:21:51,28.735466003418,-17.6986312866211,"Unknown"
"5020560",378673,2026-04-29 01:26:49,28.7351989746094,-17.6980628967285,"Unknown"
"5020560",378673,2026-04-29 01:31:51,28.7348518371582,-17.6974925994873,"Unknown"
"5020560",378673,2026-04-29 01:36:53,28.7346057891846,-17.6969718933105,"Unknown"
"5020560",378673,2026-04-29 01:41:49,28.7342433929443,-17.6963787078857,"Unknown"
"5020560",378673,2026-04-29 01:46:48,28.7339267730713,-17.6957263946533,"Unknown"
"5020560",378673,2026-04-29 01:51:49,28.7334995269775,-17.6952667236328,"Unknown"
"5020560",378673,2026-04-29 01:56:48,28.7330913543701,-17.6948394775391,"Unknown"
"5020560",378673,2026-04-29 02:01:56,28.7326354980469,-17.6943168640137,"Unknown"
"5020560",378673,2026-04-29 02:06:55,28.7320919036865,-17.6938934326172,"Unknown"
"5020560",378673,2026-04-29 02:11:52,28.7315692901611,-17.6935558319092,"Unknown"
"5020560",378673,2026-04-29 02:16:55,28.7311344146729,-17.6931762695312,"Unknown"
"5020560",378673,2026-04-29 02:21:53,28.7305870056152,-17.69313621521,"Unknown"
"5020560",378673,2026-04-29 02:27:21,28.7299137115479,-17.6929512023926,"Unknown"
"5020560",378673,2026-04-29 02:31:48,28.7293682098389,-17.6928329467773,"Unknown"
"5020560",378673,2026-04-29 02:36:49,28.7288780212402,-17.6925983428955,"Unknown"
"5020560",378673,2026-04-29 02:41:49,28.72829246521,-17.6924324035645,"Unknown"
"5020560",378673,2026-04-29 02:46:48,28.727855682373,-17.6921005249023,"Unknown"
"5020560",378673,2026-04-29 02:51:48,28.7274055480957,-17.691743850708,"Unknown"
"5020560",378673,2026-04-29 02:56:48,28.7269821166992,-17.6914119720459,"Unknown"
"5020560",378673,2026-04-29 03:01:48,28.7249565124512,-17.6952114105225,"Unknown"
"5020560",378673,2026-04-29 03:06:50,28.7215309143066,-17.7065753936768,"Unknown"
"5020560",378673,2026-04-29 03:11:48,28.7222099304199,-17.7110538482666,"Unknown"
"5020560",378673,2026-04-29 03:16:48,28.7220458984375,-17.7108116149902,"Unknown"
"5020560",378673,2026-04-29 03:21:48,28.7218227386475,-17.7107448577881,"Unknown"
"5020560",378673,2026-04-29 03:26:49,28.7216186523438,-17.7106990814209,"Unknown"
"5020560",378673,2026-04-29 03:31:48,28.7213249206543,-17.7107791900635,"Unknown"
"5020560",378673,2026-04-29 03:36:48,28.7210426330566,-17.7108421325684,"Unknown"
"5020560",378673,2026-04-29 03:41:48,28.7207946777344,-17.7108917236328,"Unknown"
"5020560",378673,2026-04-29 03:46:48,28.7204704284668,-17.7109603881836,"Unknown"
"5020560",378673,2026-04-29 03:51:48,28.7199993133545,-17.710880279541,"Unknown"
"5020560",378673,2026-04-29 03:56:48,28.7196559906006,-17.7108688354492,"Unknown"
"5020560",378673,2026-04-29 04:01:50,28.7193050384521,-17.7109565734863,"Unknown"
"5020560",378673,2026-04-29 04:06:49,28.7190017700195,-17.7109470367432,"Unknown"
"5020560",378673,2026-04-29 04:11:50,28.7259674072266,-17.7267684936523,"Unknown"
"5020560",378673,2026-04-29 04:18:14,28.7252826690674,-17.7333889007568,"Unknown"
"5020560",378673,2026-04-29 04:19:15,28.7252998352051,-17.7333145141602,"Unknown"
"5020560",378673,2026-04-29 04:19:16,28.7252979278564,-17.7333030700684,"Unknown"
"5020560",378673,2026-04-29 04:21:44,28.7253189086914,-17.733211517334,"Unknown"
"5020560",378673,2026-04-29 04:26:55,28.7253456115723,-17.7334117889404,"Unknown"
"5020560",378673,2026-04-29 04:27:59,28.725269317627,-17.7334022521973,"Unknown"
"5020560",378673,2026-04-29 04:30:02,28.7252674102783,-17.7334175109863,"Unknown"
"5020560",378673,2026-04-29 04:30:03,28.7252674102783,-17.7334175109863,"Unknown"
"5020560",378673,2026-04-29 04:31:11,28.7252979278564,-17.7333641052246,"Unknown"
"5020560",378673,2026-04-29 04:32:14,28.7253170013428,-17.7333793640137,"Unknown"
"5020560",378673,2026-04-29 04:33:15,28.7253093719482,-17.733362197876,"Unknown"
"5020560",378673,2026-04-29 04:34:35,28.7254009246826,-17.7330951690674,"Unknown"
"5020560",378673,2026-04-29 04:35:16,28.7253398895264,-17.7333145141602,"Unknown"
"5020560",378673,2026-04-29 04:36:13,28.7252807617188,-17.7333087921143,"Unknown"
"5020560",378673,2026-04-29 04:38:31,28.7253017425537,-17.7334308624268,"Unknown"
"5020560",378673,2026-04-29 04:38:49,28.7253017425537,-17.7334365844727,"Unknown"
"5020560",378673,2026-04-29 04:39:44,28.7253379821777,-17.7332897186279,"Unknown"
"5020560",378673,2026-04-29 04:41:04,28.7253665924072,-17.7332954406738,"Unknown"
"5020560",378673,2026-04-29 04:41:44,28.7252998352051,-17.7334232330322,"Unknown"
"5020560",378673,2026-04-29 04:42:40,28.7253017425537,-17.7333679199219,"Unknown"
"5020560",378673,2026-04-29 04:43:57,28.7253704071045,-17.7333278656006,"Unknown"
"5020560",378673,2026-04-29 04:44:39,28.7252769470215,-17.7333831787109,"Unknown"
"5020560",378673,2026-04-29 04:45:36,28.7244453430176,-17.7317333221436,"Unknown"
"5020560",378673,2026-04-29 04:46:36,28.7174510955811,-17.7330837249756,"Unknown"
"5020560",378673,2026-04-29 04:47:36,28.7130184173584,-17.7386741638184,"Unknown"
"5020560",378673,2026-04-29 04:48:36,28.7096271514893,-17.7445850372314,"Unknown"
"5020560",378673,2026-04-29 04:49:36,28.7059059143066,-17.7496528625488,"Unknown"
"5020560",378673,2026-04-29 04:50:36,28.7050552368164,-17.7502861022949,"Unknown"
"5020560",378673,2026-04-29 04:51:36,28.7076663970947,-17.7497653961182,"Unknown"
"5020560",378673,2026-04-29 04:52:36,28.70627784729,-17.748929977417,"Unknown"
"5020560",378673,2026-04-29 04:53:36,28.7065238952637,-17.7490425109863,"Unknown"
"5020560",378673,2026-04-29 04:54:35,28.7076892852783,-17.7511177062988,"Unknown"
"5020560",378673,2026-04-29 04:55:35,28.7080459594727,-17.756721496582,"Unknown"
"5020560",378673,2026-04-29 04:56:36,28.7127494812012,-17.7584743499756,"Unknown"
"5020560",378673,2026-04-29 04:57:36,28.7143669128418,-17.7583999633789,"Unknown"
"5020560",378673,2026-04-29 04:58:39,28.7162837982178,-17.7586536407471,"Unknown"
"5020560",378673,2026-04-29 04:59:35,28.7150707244873,-17.7598342895508,"Unknown"
"5020560",378673,2026-04-29 05:01:03,28.7159481048584,-17.7603073120117,"Unknown"
"5020560",378673,2026-04-29 05:01:36,28.7149391174316,-17.759090423584,"Unknown"
"5020560",378673,2026-04-29 05:02:36,28.716438293457,-17.7586498260498,"Unknown"
"5020560",378673,2026-04-29 05:03:36,28.7194328308105,-17.7634296417236,"Unknown"
"5020560",378673,2026-04-29 05:04:38,28.7164707183838,-17.7606258392334,"Unknown"
"5020560",378673,2026-04-29 05:05:36,28.7197360992432,-17.7633857727051,"Unknown"
"5020560",378673,2026-04-29 05:06:35,28.7150917053223,-17.7600440979004,"Unknown"
"5020560",378673,2026-04-29 05:07:36,28.718921661377,-17.7628402709961,"Unknown"
"5020560",378673,2026-04-29 05:08:36,28.7175979614258,-17.7616920471191,"Unknown"
"5020560",378673,2026-04-29 05:09:36,28.7133865356445,-17.7570571899414,"Unknown"
"5020560",378673,2026-04-29 05:10:36,28.7114105224609,-17.7490348815918,"Unknown"
"5020560",378673,2026-04-29 05:11:36,28.7152519226074,-17.7428379058838,"Unknown"
"5020560",378673,2026-04-29 05:12:36,28.7187805175781,-17.7371883392334,"Unknown"
"5020560",378673,2026-04-29 05:13:37,28.7233180999756,-17.7332019805908,"Unknown"
"5020560",378673,2026-04-29 05:14:36,28.7264080047607,-17.729076385498,"Unknown"
"5020560",378673,2026-04-29 05:15:36,28.7298831939697,-17.7237873077393,"Unknown"
"5020560",378673,2026-04-29 05:16:36,28.73171043396,-17.7204532623291,"Unknown"
"5020560",378673,2026-04-29 05:21:36,28.7315101623535,-17.7202777862549,"Unknown"
"5020560",378673,2026-04-29 05:26:36,28.7315082550049,-17.7205600738525,"Unknown"
"5020560",378673,2026-04-29 05:31:36,28.7314605712891,-17.7204284667969,"Unknown"
"5020560",378673,2026-04-29 05:36:37,28.7313365936279,-17.7202758789062,"Unknown"
"5020560",378673,2026-04-29 05:41:37,28.7320003509521,-17.7203121185303,"Unknown"
"5020560",378673,2026-04-29 05:46:36,28.7324237823486,-17.7219581604004,"Unknown"
"5020560",378673,2026-04-29 05:51:42,28.7324142456055,-17.7216854095459,"Unknown"
"5020560",378673,2026-04-29 05:56:36,28.7323150634766,-17.7210578918457,"Unknown"
"5020560",378673,2026-04-29 06:01:36,28.7321224212646,-17.7206192016602,"Unknown"
"5020560",378673,2026-04-29 06:06:38,28.7323627471924,-17.7204875946045,"Unknown"
"5020560",378673,2026-04-29 06:11:38,28.7324886322021,-17.7202053070068,"Unknown"
"5020560",378673,2026-04-29 06:16:38,28.7320804595947,-17.717794418335,"Unknown"
"5020560",378673,2026-04-29 06:21:38,28.7321739196777,-17.7171993255615,"Unknown"
"5020560",378673,2026-04-29 06:26:39,28.7334117889404,-17.7167491912842,"Unknown"
"5020560",378673,2026-04-29 06:31:38,28.7335758209229,-17.7162475585938,"Unknown"
"5020560",378673,2026-04-29 06:36:38,28.7270584106445,-17.7139339447021,"Unknown"
"5020560",378673,2026-04-29 06:41:41,28.7285404205322,-17.712718963623,"Unknown"
"5020560",378673,2026-04-29 06:46:38,28.7287216186523,-17.712739944458,"Unknown"
"5020560",378673,2026-04-29 06:51:41,28.7328720092773,-17.7132701873779,"Unknown"
"5020560",378673,2026-04-29 06:56:39,28.7331314086914,-17.7130641937256,"Unknown"
"5020560",378673,2026-04-29 07:02:03,28.7332706451416,-17.7129096984863,"Unknown"
"5020560",378673,2026-04-29 07:06:36,28.7335395812988,-17.7128410339355,"Unknown"
"5020560",378673,2026-04-29 07:11:36,28.7374095916748,-17.7153873443604,"Unknown"
"5020560",378673,2026-04-29 07:16:35,28.7376537322998,-17.715295791626,"Unknown"
"5020560",378673,2026-04-29 07:21:36,28.7381114959717,-17.7151794433594,"Unknown"
"5020560",378673,2026-04-29 07:26:36,28.7385807037354,-17.7149391174316,"Unknown"
"5020560",378673,2026-04-29 07:31:36,28.7390060424805,-17.7148170471191,"Unknown"
"5020560",378673,2026-04-29 07:36:36,28.7319946289062,-17.7201347351074,"Unknown"
"5020560",378673,2026-04-29 07:41:37,28.73073387146,-17.7204532623291,"Unknown"
"5020560",378673,2026-04-29 07:46:39,28.7293109893799,-17.721284866333,"Unknown"
"5020560",378673,2026-04-29 07:51:39,28.7252292633057,-17.7244262695312,"Unknown"
"5020560",378673,2026-04-29 07:56:36,28.7199058532715,-17.7213878631592,"Unknown"
"5020560",378673,2026-04-29 08:01:38,28.7219772338867,-17.728494644165,"Unknown"
"5020560",378673,2026-04-29 08:06:36,28.7212409973145,-17.7284545898438,"Unknown"
"5020560",378673,2026-04-29 08:07:36,28.7213439941406,-17.7283554077148,"Unknown"
"5020560",378673,2026-04-29 08:08:36,28.7194652557373,-17.7263717651367,"Unknown"
"5020560",378673,2026-04-29 08:09:36,28.7209663391113,-17.7248630523682,"Unknown"
"5020560",378673,2026-04-29 08:10:36,28.7215194702148,-17.7241802215576,"Unknown"
"5020560",378673,2026-04-29 08:15:36,28.7275543212891,-17.7241992950439,"Unknown"
"5020560",378673,2026-04-29 08:20:36,28.7324066162109,-17.7224903106689,"Unknown"
"5020560",378673,2026-04-29 08:25:51,28.7414150238037,-17.7179126739502,"Unknown"
"5020560",378673,2026-04-29 08:30:36,28.7478179931641,-17.7179870605469,"Unknown"
"5020560",378673,2026-04-29 08:35:36,28.7494583129883,-17.7172317504883,"Unknown"
"5020560",378673,2026-04-29 08:40:36,28.7556018829346,-17.7252540588379,"Unknown"
"5020560",378673,2026-04-29 08:45:36,28.7509422302246,-17.7223110198975,"Unknown"
"5020560",378673,2026-04-29 08:46:36,28.7488842010498,-17.7211227416992,"Unknown"
"5020560",378673,2026-04-29 08:51:36,28.7521915435791,-17.7241859436035,"Unknown"
"5020560",378673,2026-04-29 08:56:38,28.7527675628662,-17.7195339202881,"Unknown"
"5020560",378673,2026-04-29 09:01:36,28.7526340484619,-17.7171211242676,"Unknown"
"5020560",378673,2026-04-29 09:07:03,28.7526149749756,-17.7169513702393,"Unknown"
"5020560",378673,2026-04-29 09:11:36,28.7524452209473,-17.7168006896973,"Unknown"
"5020560",378673,2026-04-29 09:16:36,28.7524642944336,-17.7167549133301,"Unknown"
"5020560",378673,2026-04-29 09:21:36,28.7526264190674,-17.7168159484863,"Unknown"
"5020560",378673,2026-04-29 09:26:38,28.7528839111328,-17.7170066833496,"Unknown"
"5020560",378673,2026-04-29 09:31:39,28.753116607666,-17.7172012329102,"Unknown"
"5020560",378673,2026-04-29 09:36:40,28.7534427642822,-17.7173805236816,"Unknown"
"5020560",378673,2026-04-29 09:41:39,28.7536754608154,-17.7174663543701,"Unknown"
"5020560",378673,2026-04-29 09:46:37,28.7539691925049,-17.7176094055176,"Unknown"
"5020560",378673,2026-04-29 09:51:39,28.7541370391846,-17.7178287506104,"Unknown"
"5020560",378673,2026-04-29 09:56:40,28.7543506622314,-17.7180137634277,"Unknown"
"5020560",378673,2026-04-29 10:01:39,28.7544708251953,-17.7181148529053,"Unknown"
"5020560",378673,2026-04-29 10:06:40,28.7545604705811,-17.7181777954102,"Unknown"
"5020560",378673,2026-04-29 10:11:42,28.75465965271,-17.7182712554932,"Unknown"
"5020560",378673,2026-04-29 10:16:43,28.7548198699951,-17.7183303833008,"Unknown"
"5020560",378673,2026-04-29 10:21:45,28.7549781799316,-17.7182521820068,"Unknown"
"5020560",378673,2026-04-29 10:26:41,28.7552108764648,-17.7181835174561,"Unknown"
"5020560",378673,2026-04-29 10:31:54,28.7555294036865,-17.7182788848877,"Unknown"
"5020560",378673,2026-04-29 10:37:03,28.7558155059814,-17.7184715270996,"Unknown"
"5020560",378673,2026-04-29 10:41:37,28.7560005187988,-17.7185249328613,"Unknown"
"5020560",378673,2026-04-29 10:46:37,28.7561206817627,-17.7186737060547,"Unknown"
"5020560",378673,2026-04-29 10:51:37,28.756031036377,-17.7187900543213,"Unknown"
"5020560",378673,2026-04-29 10:56:37,28.7560634613037,-17.7188491821289,"Unknown"
"5020560",378673,2026-04-29 11:01:37,28.7558479309082,-17.7192134857178,"Unknown"
"5020560",378673,2026-04-29 11:06:37,28.755729675293,-17.7194213867188,"Unknown"
"5020560",378673,2026-04-29 11:11:37,28.7555408477783,-17.7196865081787,"Unknown"
"5020560",378673,2026-04-29 11:16:38,28.755392074585,-17.7196807861328,"Unknown"
"5020560",378673,2026-04-29 11:21:38,28.7549076080322,-17.71950340271,"Unknown"
"5020560",378673,2026-04-29 11:26:37,28.7545356750488,-17.7193031311035,"Unknown"
"5020560",378673,2026-04-29 11:31:39,28.7541790008545,-17.7192554473877,"Unknown"
"5020560",378673,2026-04-29 11:36:38,28.7538204193115,-17.7191677093506,"Unknown"
"5020560",378673,2026-04-29 11:41:39,28.7536678314209,-17.7189445495605,"Unknown"
"5020560",378673,2026-04-29 11:46:40,28.7534065246582,-17.7187538146973,"Unknown"
"5020560",378673,2026-04-29 11:51:40,28.7532386779785,-17.7185592651367,"Unknown"
"5020560",378673,2026-04-29 11:56:40,28.7640609741211,-17.7223892211914,"Unknown"
"5020560",378673,2026-04-29 12:01:41,28.7634696960449,-17.7223644256592,"Unknown"
"5020560",378673,2026-04-29 12:06:39,28.7627868652344,-17.7223625183105,"Unknown"
"5020560",378673,2026-04-29 12:11:39,28.7620944976807,-17.7223720550537,"Unknown"
"5020560",378673,2026-04-29 12:17:03,28.7613582611084,-17.7223625183105,"Unknown"
"5020560",378673,2026-04-29 12:21:37,28.7607116699219,-17.7222690582275,"Unknown"
"5020560",378673,2026-04-29 12:26:37,28.7600650787354,-17.722146987915,"Unknown"
"5020560",378673,2026-04-29 12:31:37,28.7593193054199,-17.7220096588135,"Unknown"
"5020560",378673,2026-04-29 12:36:38,28.7585830688477,-17.7218475341797,"Unknown"
"5020560",378673,2026-04-29 12:41:39,28.757869720459,-17.7216968536377,"Unknown"
"5020560",378673,2026-04-29 12:46:39,28.757137298584,-17.7216358184814,"Unknown"
"5020560",378673,2026-04-29 12:51:39,28.7563972473145,-17.7213878631592,"Unknown"
"5020560",378673,2026-04-29 12:56:39,28.7556114196777,-17.7212505340576,"Unknown"
"5020560",378673,2026-04-29 13:01:39,28.7548847198486,-17.7211437225342,"Unknown"
"5020560",378673,2026-04-29 13:06:40,28.7541198730469,-17.7211761474609,"Unknown"
"5020560",378673,2026-04-29 13:11:42,28.7538356781006,-17.7210102081299,"Unknown"
"5020560",378673,2026-04-29 13:16:42,28.7530822753906,-17.721040725708,"Unknown"
"5020560",378673,2026-04-29 13:22:03,28.7522029876709,-17.7209014892578,"Unknown"
"5020560",378673,2026-04-29 13:26:37,28.7514324188232,-17.7207679748535,"Unknown"
"5020560",378673,2026-04-29 13:31:37,28.750659942627,-17.7207107543945,"Unknown"
"5020560",378673,2026-04-29 13:36:37,28.7498950958252,-17.7205295562744,"Unknown"
"5020560",378673,2026-04-29 13:41:37,28.7490558624268,-17.7203998565674,"Unknown"
"5020560",378673,2026-04-29 13:46:39,28.7503280639648,-17.7196483612061,"Unknown"
"5020560",378673,2026-04-29 13:51:37,28.7513790130615,-17.7186737060547,"Unknown"
"5020560",378673,2026-04-29 13:56:37,28.7505912780762,-17.7184829711914,"Unknown"
"5020560",378673,2026-04-29 14:01:37,28.7498226165771,-17.718189239502,"Unknown"
"5020560",378673,2026-04-29 14:06:37,28.7490196228027,-17.7178916931152,"Unknown"
"5020560",378673,2026-04-29 14:11:39,28.748176574707,-17.7175903320312,"Unknown"
"5020560",378673,2026-04-29 14:16:37,28.7472267150879,-17.7173366546631,"Unknown"
"5020560",378673,2026-04-29 14:21:37,28.7462387084961,-17.7171001434326,"Unknown"
"5020560",378673,2026-04-29 14:26:37,28.7451572418213,-17.7169876098633,"Unknown"
"5020560",378673,2026-04-29 14:31:37,28.7440395355225,-17.7170829772949,"Unknown"
"5020560",378673,2026-04-29 14:36:39,28.7428569793701,-17.7171325683594,"Unknown"
"5020560",378673,2026-04-29 14:41:39,28.7417182922363,-17.7173614501953,"Unknown"
"5020560",378673,2026-04-29 14:46:38,28.7406234741211,-17.7176647186279,"Unknown"
"5020560",378673,2026-04-29 14:51:39,28.7396621704102,-17.7178363800049,"Unknown"
"5020560",378673,2026-04-29 14:56:37,28.7386054992676,-17.7180938720703,"Unknown"
"5020560",378673,2026-04-29 15:01:38,28.7493667602539,-17.7179927825928,"Unknown"
"5020560",378673,2026-04-29 15:06:39,28.7583465576172,-17.7238063812256,"Unknown"
"5020560",378673,2026-04-29 15:11:40,28.7578754425049,-17.7237358093262,"Unknown"
"5020560",378673,2026-04-29 15:16:38,28.7575149536133,-17.7235469818115,"Unknown"
"5020560",378673,2026-04-29 15:22:03,28.7570152282715,-17.7233390808105,"Unknown"
"5020560",378673,2026-04-29 15:26:37,28.7566699981689,-17.7230625152588,"Unknown"
"5020560",378673,2026-04-29 15:31:37,28.7564220428467,-17.7229118347168,"Unknown"
"5020560",378673,2026-04-29 15:36:37,28.7563877105713,-17.7227878570557,"Unknown"
"5020560",378673,2026-04-29 15:41:37,28.7562580108643,-17.7227210998535,"Unknown"
"5020560",378673,2026-04-29 15:46:37,28.7561225891113,-17.7229785919189,"Unknown"
"5020560",378673,2026-04-29 15:51:37,28.7559700012207,-17.7232437133789,"Unknown"
"5020560",378673,2026-04-29 15:56:37,28.7614765167236,-17.7223987579346,"Unknown"
"5020560",378673,2026-04-29 16:01:37,28.760929107666,-17.7222938537598,"Unknown"
"5020560",378673,2026-04-29 16:06:37,28.7604370117188,-17.7222690582275,"Unknown"
"5020560",378673,2026-04-29 16:11:37,28.7600021362305,-17.7225532531738,"Unknown"
"5020560",378673,2026-04-29 16:16:37,28.7596950531006,-17.7230167388916,"Unknown"
"5020560",378673,2026-04-29 16:21:37,28.7597389221191,-17.7233009338379,"Unknown"
"5020560",378673,2026-04-29 16:26:37,28.7596797943115,-17.7235260009766,"Unknown"
"5020560",378673,2026-04-29 16:31:37,28.7775936126709,-17.7298927307129,"Unknown"
"5020560",378673,2026-04-29 16:36:39,28.7772083282471,-17.7298831939697,"Unknown"
"5020560",378673,2026-04-29 16:37:37,28.7773914337158,-17.7298679351807,"Unknown"
"5020560",378673,2026-04-29 16:38:38,28.7794284820557,-17.728551864624,"Unknown"
"5020560",378673,2026-04-29 16:39:37,28.7793140411377,-17.7285442352295,"Unknown"
"5020560",378673,2026-04-29 16:40:37,28.7792720794678,-17.7285327911377,"Unknown"
"5020560",378673,2026-04-29 16:41:37,28.7792053222656,-17.728536605835,"Unknown"
"5020560",378673,2026-04-29 16:42:38,28.7791633605957,-17.7285594940186,"Unknown"
"5020560",378673,2026-04-29 16:43:38,28.7790660858154,-17.7285614013672,"Unknown"
"5020560",378673,2026-04-29 16:44:40,28.7789554595947,-17.7285556793213,"Unknown"
"5020560",378673,2026-04-29 16:45:40,28.7788848876953,-17.728536605835,"Unknown"
"5020560",378673,2026-04-29 16:46:40,28.7788257598877,-17.7285213470459,"Unknown"
"5020560",378673,2026-04-29 16:47:40,28.7787551879883,-17.7284984588623,"Unknown"
"5020560",378673,2026-04-29 16:48:40,28.778657913208,-17.7284698486328,"Unknown"
"5020560",378673,2026-04-29 16:49:39,28.7786273956299,-17.7284374237061,"Unknown"
"5020560",378673,2026-04-29 16:50:41,28.7785682678223,-17.7283935546875,"Unknown"
"5020560",378673,2026-04-29 16:51:38,28.7785301208496,-17.7283821105957,"Unknown"
"5020560",378673,2026-04-29 16:52:38,28.7784366607666,-17.7283725738525,"Unknown"
"5020560",378673,2026-04-29 16:53:41,28.7783508300781,-17.7283630371094,"Unknown"
"5020560",378673,2026-04-29 16:54:38,28.7782783508301,-17.7283325195312,"Unknown"
"5020560",378673,2026-04-29 16:55:39,28.7782077789307,-17.7283344268799,"Unknown"
"5020560",378673,2026-04-29 16:56:41,28.7781295776367,-17.7283363342285,"Unknown"
"5020560",378673,2026-04-29 16:57:38,28.7780838012695,-17.7283535003662,"Unknown"
"5020560",378673,2026-04-29 16:58:39,28.7779560089111,-17.7283992767334,"Unknown"
"5020560",378673,2026-04-29 16:59:38,28.7778587341309,-17.7283992767334,"Unknown"
"5020560",378673,2026-04-29 17:00:38,28.7777671813965,-17.7284297943115,"Unknown"
"5020560",378673,2026-04-29 17:01:39,28.7776966094971,-17.7284240722656,"Unknown"
"5020560",378673,2026-04-29 17:02:38,28.7776145935059,-17.7284259796143,"Unknown"
"5020560",378673,2026-04-29 17:03:38,28.7745399475098,-17.725736618042,"Unknown"
"5020560",378673,2026-04-29 17:04:38,28.7745895385742,-17.7300643920898,"Unknown"
"5020560",378673,2026-04-29 17:05:38,28.7754955291748,-17.7308902740479,"Unknown"
"5020560",378673,2026-04-29 17:06:38,28.7754554748535,-17.7308597564697,"Unknown"
"5020560",378673,2026-04-29 17:07:38,28.7754230499268,-17.7308311462402,"Unknown"
"5020560",378673,2026-04-29 17:08:39,28.7753257751465,-17.7308464050293,"Unknown"
"5020560",378673,2026-04-29 17:09:39,28.7752838134766,-17.7308464050293,"Unknown"
"5020560",378673,2026-04-29 17:10:38,28.7751884460449,-17.730863571167,"Unknown"
"5020560",378673,2026-04-29 17:11:38,28.7751293182373,-17.7308673858643,"Unknown"
"5020560",378673,2026-04-29 17:12:39,28.7750587463379,-17.7308559417725,"Unknown"
"5020560",378673,2026-04-29 17:13:40,28.7749805450439,-17.7308464050293,"Unknown"
"5020560",378673,2026-04-29 17:14:39,28.7749156951904,-17.7308444976807,"Unknown"
"5020560",378673,2026-04-29 17:15:40,28.7748527526855,-17.7308464050293,"Unknown"
"5020560",378673,2026-04-29 17:16:38,28.7747764587402,-17.7308578491211,"Unknown"
"5020560",378673,2026-04-29 17:17:38,28.7747459411621,-17.7308540344238,"Unknown"
"5020560",378673,2026-04-29 17:18:41,28.77467918396,-17.7308464050293,"Unknown"
"5020560",378673,2026-04-29 17:19:40,28.7746124267578,-17.7308311462402,"Unknown"
"5020560",378673,2026-04-29 17:20:40,28.7745590209961,-17.7308216094971,"Unknown"
"5020560",378673,2026-04-29 17:21:39,28.7745246887207,-17.7308120727539,"Unknown"
"5020560",378673,2026-04-29 17:22:38,28.7744922637939,-17.7307834625244,"Unknown"
"5020560",378673,2026-04-29 17:23:39,28.7744464874268,-17.7308311462402,"Unknown"
"5020560",378673,2026-04-29 17:24:38,28.7744121551514,-17.7308368682861,"Unknown"
"5020560",378673,2026-04-29 17:25:38,28.7744007110596,-17.7308731079102,"Unknown"
"5020560",378673,2026-04-29 17:26:38,28.7743892669678,-17.7309036254883,"Unknown"
"5020560",378673,2026-04-29 17:27:38,28.7743377685547,-17.730920791626,"Unknown"
"5020560",378673,2026-04-29 17:28:38,28.7743110656738,-17.7309894561768,"Unknown"
"5020560",378673,2026-04-29 17:29:39,28.774263381958,-17.7309818267822,"Unknown"
"5020560",378673,2026-04-29 17:30:38,28.7742156982422,-17.7309856414795,"Unknown"
"5020560",378673,2026-04-29 17:32:03,28.7741794586182,-17.7309894561768,"Unknown"
"5020560",378673,2026-04-29 17:32:38,28.7741565704346,-17.7309875488281,"Unknown"
"5020560",378673,2026-04-29 17:33:38,28.7741184234619,-17.730978012085,"Unknown"
"5020560",378673,2026-04-29 17:34:39,28.7741279602051,-17.7310466766357,"Unknown"
"5020560",378673,2026-04-29 17:35:38,28.7741203308105,-17.7311725616455,"Unknown"
"5020560",378673,2026-04-29 17:36:38,28.7740669250488,-17.7311916351318,"Unknown"
"5020560",378673,2026-04-29 17:37:38,28.7740421295166,-17.7312564849854,"Unknown"
"5020560",378673,2026-04-29 17:38:38,28.7739715576172,-17.731330871582,"Unknown"
"5020560",378673,2026-04-29 17:39:38,28.7739295959473,-17.7314224243164,"Unknown"
"5020560",378673,2026-04-29 17:40:38,28.7738990783691,-17.731424331665,"Unknown"
"5020560",378673,2026-04-29 17:41:38,28.773832321167,-17.731466293335,"Unknown"
"5020560",378673,2026-04-29 17:42:38,28.7738094329834,-17.7315540313721,"Unknown"
"5020560",378673,2026-04-29 17:43:38,28.7737979888916,-17.7317276000977,"Unknown"
"5020560",378673,2026-04-29 17:44:38,28.7738018035889,-17.7318553924561,"Unknown"
"5020560",378673,2026-04-29 17:45:38,28.7737922668457,-17.7319240570068,"Unknown"
"5020560",378673,2026-04-29 17:46:38,28.7737102508545,-17.7319812774658,"Unknown"
"5020560",378673,2026-04-29 17:47:39,28.7736282348633,-17.7320384979248,"Unknown"
"5020560",378673,2026-04-29 17:48:38,28.7736015319824,-17.7321224212646,"Unknown"
"5020560",378673,2026-04-29 17:49:38,28.7735328674316,-17.7321643829346,"Unknown"
"5020560",378673,2026-04-29 17:50:38,28.772123336792,-17.7302989959717,"Unknown"
"5020560",378673,2026-04-29 17:51:38,28.7724723815918,-17.7286186218262,"Unknown"
"5020560",378673,2026-04-29 17:52:38,28.771089553833,-17.7269878387451,"Unknown"
"5020560",378673,2026-04-29 17:53:38,28.7710018157959,-17.7269763946533,"Unknown"
"5020560",378673,2026-04-29 17:54:38,28.7709407806396,-17.727071762085,"Unknown"
"5020560",378673,2026-04-29 17:55:38,28.770824432373,-17.7271118164062,"Unknown"
"5020560",378673,2026-04-29 17:56:38,28.770715713501,-17.7271385192871,"Unknown"
"5020560",378673,2026-04-29 17:57:38,28.7706356048584,-17.7271785736084,"Unknown"
"5020560",378673,2026-04-29 17:58:38,28.7705383300781,-17.7272300720215,"Unknown"
"5020560",378673,2026-04-29 17:59:40,28.7704582214355,-17.7272758483887,"Unknown"
"5020560",378673,2026-04-29 18:01:03,28.7703266143799,-17.727367401123,"Unknown"
"5020560",378673,2026-04-29 18:01:38,28.7702751159668,-17.7274227142334,"Unknown"
"5020560",378673,2026-04-29 18:02:38,28.7702217102051,-17.7275047302246,"Unknown"
"5020560",378673,2026-04-29 18:03:38,28.7701244354248,-17.7275295257568,"Unknown"
"5020560",378673,2026-04-29 18:04:39,28.7705345153809,-17.7270832061768,"Unknown"
"5020560",378673,2026-04-29 18:05:40,28.7733936309814,-17.7223796844482,"Unknown"
"5020560",378673,2026-04-29 18:06:38,28.7743301391602,-17.7210674285889,"Unknown"
"5020560",378673,2026-04-29 18:11:38,28.77587890625,-17.7215270996094,"Unknown"
"5020560",378673,2026-04-29 18:16:38,28.7717380523682,-17.7173881530762,"Unknown"
"5020560",378673,2026-04-29 18:21:39,28.7718448638916,-17.7171211242676,"Unknown"
"5020560",378673,2026-04-29 18:26:39,28.771312713623,-17.7201805114746,"Unknown"
"5020560",378673,2026-04-29 18:31:38,28.7708854675293,-17.7203350067139,"Unknown"
"5020560",378673,2026-04-29 18:36:39,28.7705192565918,-17.7206611633301,"Unknown"
"5020560",378673,2026-04-29 18:41:38,28.7735080718994,-17.7231426239014,"Unknown"
"5020560",378673,2026-04-29 18:46:38,28.7733001708984,-17.7215213775635,"Unknown"
"5020560",378673,2026-04-29 18:51:39,28.7740707397461,-17.7087116241455,"Unknown"
"5020560",378673,2026-04-29 18:56:38,28.7740077972412,-17.7090244293213,"Unknown"
"5020560",378673,2026-04-29 19:01:38,28.7738628387451,-17.7094211578369,"Unknown"
"5020560",378673,2026-04-29 19:06:38,28.7739181518555,-17.710168838501,"Unknown"
"5020560",378673,2026-04-29 19:11:40,28.764009475708,-17.7241363525391,"Unknown"
"5020560",378673,2026-04-29 19:16:38,28.7636966705322,-17.7241230010986,"Unknown"
"5020560",378673,2026-04-29 19:21:39,28.7635097503662,-17.7243690490723,"Unknown"
"5020560",378673,2026-04-29 19:26:39,28.7633018493652,-17.7247447967529,"Unknown"
"5020560",378673,2026-04-29 19:31:40,28.7630462646484,-17.7249813079834,"Unknown"
"5020560",378673,2026-04-29 19:36:39,28.7629299163818,-17.7250709533691,"Unknown"
"5020560",378673,2026-04-29 19:41:40,28.7627964019775,-17.7253723144531,"Unknown"
"5020560",378673,2026-04-29 19:42:38,28.7627906799316,-17.7253952026367,"Unknown"
"5020560",378673,2026-04-29 19:43:40,28.7627735137939,-17.7254524230957,"Unknown"
"5020560",378673,2026-04-29 19:44:40,28.7627658843994,-17.7254791259766,"Unknown"
"5020560",378673,2026-04-29 19:45:40,28.762731552124,-17.7255382537842,"Unknown"
"5020560",378673,2026-04-29 19:46:40,28.7627296447754,-17.7255516052246,"Unknown"
"5020560",378673,2026-04-29 19:47:41,28.7626972198486,-17.7255821228027,"Unknown"
"5020560",378673,2026-04-29 19:48:40,28.7626895904541,-17.7256183624268,"Unknown"
"5020560",378673,2026-04-29 19:49:41,28.7626838684082,-17.725679397583,"Unknown"
"5020560",378673,2026-04-29 19:50:40,28.762659072876,-17.7257251739502,"Unknown"
"5020560",378673,2026-04-29 19:51:38,28.7626495361328,-17.7258033752441,"Unknown"
"5020560",378673,2026-04-29 19:52:38,28.7626457214355,-17.7258472442627,"Unknown"
"5020560",378673,2026-04-29 19:53:39,28.7626457214355,-17.7258834838867,"Unknown"
"5020560",378673,2026-04-29 19:54:40,28.762622833252,-17.7258892059326,"Unknown"
"5020560",378673,2026-04-29 19:55:40,28.7626266479492,-17.7258949279785,"Unknown"
"5020560",378673,2026-04-29 19:56:38,28.7626419067383,-17.7259273529053,"Unknown"
"5020560",378673,2026-04-29 19:57:40,28.7626457214355,-17.7259407043457,"Unknown"
"5020560",378673,2026-04-29 19:58:39,28.762638092041,-17.7259674072266,"Unknown"
"5020560",378673,2026-04-29 19:59:39,28.762638092041,-17.7259635925293,"Unknown"
"5020560",378673,2026-04-29 20:00:40,28.7626533508301,-17.7259635925293,"Unknown"
"5020560",378673,2026-04-29 20:01:40,28.7626724243164,-17.7259654998779,"Unknown"
"5020560",378673,2026-04-29 20:02:41,28.7626514434814,-17.7259883880615,"Unknown"
"5020560",378673,2026-04-29 20:03:40,28.7626476287842,-17.726001739502,"Unknown"
"5020560",378673,2026-04-29 20:04:41,28.7626457214355,-17.7260360717773,"Unknown"
"5020560",378673,2026-04-29 20:05:40,28.7626514434814,-17.7259826660156,"Unknown"
"5020560",378673,2026-04-29 20:06:40,28.7627010345459,-17.7260055541992,"Unknown"
"5020560",378673,2026-04-29 20:07:40,28.7626991271973,-17.7260417938232,"Unknown"
"5020560",378673,2026-04-29 20:08:40,28.7627124786377,-17.7261066436768,"Unknown"
"5020560",378673,2026-04-29 20:09:40,28.7627391815186,-17.7261371612549,"Unknown"
"5020560",378673,2026-04-29 20:10:40,28.7627544403076,-17.7261695861816,"Unknown"
"5020560",378673,2026-04-29 20:11:41,28.7627944946289,-17.7261867523193,"Unknown"
"5020560",378673,2026-04-29 20:12:40,28.7628154754639,-17.7261981964111,"Unknown"
"5020560",378673,2026-04-29 20:13:39,28.7628326416016,-17.7262439727783,"Unknown"
"5020560",378673,2026-04-29 20:14:38,28.7628326416016,-17.72629737854,"Unknown"
"5020560",378673,2026-04-29 20:15:40,28.7628936767578,-17.72633934021,"Unknown"
"5020560",378673,2026-04-29 20:16:40,28.762939453125,-17.7264022827148,"Unknown"
"5020560",378673,2026-04-29 20:17:40,28.7629489898682,-17.7264766693115,"Unknown"
"5020560",378673,2026-04-29 20:18:40,28.762996673584,-17.7265357971191,"Unknown"
"5020560",378673,2026-04-29 20:19:43,28.7630100250244,-17.7266025543213,"Unknown"
"5020560",378673,2026-04-29 20:20:40,28.763032913208,-17.7266483306885,"Unknown"
"5020560",378673,2026-04-29 20:21:41,28.7630805969238,-17.7267112731934,"Unknown"
"5020560",378673,2026-04-29 20:22:40,28.7631168365479,-17.7267742156982,"Unknown"
"5020560",378673,2026-04-29 20:23:41,28.7631282806396,-17.7268581390381,"Unknown"
"5020560",378673,2026-04-29 20:24:40,28.764232635498,-17.7294178009033,"Unknown"
"5020560",378673,2026-04-29 20:25:38,28.7590045928955,-17.7276782989502,"Unknown"
"5020560",378673,2026-04-29 20:27:57,28.766321182251,-17.7319889068604,"Unknown"
"5020560",378673,2026-04-29 20:27:58,28.7663249969482,-17.7319869995117,"Unknown"
"5020560",378673,2026-04-29 20:29:01,28.7663326263428,-17.7320690155029,"Unknown"
"5020560",378673,2026-04-29 20:30:01,28.7663516998291,-17.7321300506592,"Unknown"
"5020560",378673,2026-04-29 20:31:01,28.7663516998291,-17.7321891784668,"Unknown"
"5020560",378673,2026-04-29 20:32:04,28.7663478851318,-17.732271194458,"Unknown"
"5020560",378673,2026-04-29 20:33:01,28.766357421875,-17.7323532104492,"Unknown"
"5020560",378673,2026-04-29 20:34:01,28.7663555145264,-17.7324275970459,"Unknown"
"5020560",378673,2026-04-29 20:35:02,28.7663650512695,-17.7325115203857,"Unknown"
"5020560",378673,2026-04-29 20:36:02,28.7663860321045,-17.732593536377,"Unknown"
"5020560",378673,2026-04-29 20:37:01,28.7664279937744,-17.7326717376709,"Unknown"
"5020560",378673,2026-04-29 20:38:01,28.7664546966553,-17.7327575683594,"Unknown"
"5020560",378673,2026-04-29 20:39:01,28.7665691375732,-17.7328033447266,"Unknown"
"5020560",378673,2026-04-29 20:40:01,28.7666511535645,-17.7328548431396,"Unknown"
"5020560",378673,2026-04-29 20:41:01,28.7666816711426,-17.7329845428467,"Unknown"
"5020560",378673,2026-04-29 20:42:01,28.7667827606201,-17.7330188751221,"Unknown"
"5020560",378673,2026-04-29 20:43:01,28.7668876647949,-17.7330894470215,"Unknown"
"5020560",378673,2026-04-29 20:44:02,28.7669353485107,-17.7331829071045,"Unknown"
"5020560",378673,2026-04-29 20:45:02,28.7669830322266,-17.7332820892334,"Unknown"
"5020560",378673,2026-04-29 20:46:01,28.7670269012451,-17.7333698272705,"Unknown"
"5020560",378673,2026-04-29 20:47:01,28.7670459747314,-17.7334537506104,"Unknown"
"5020560",378673,2026-04-29 20:48:01,28.7670783996582,-17.7335662841797,"Unknown"
"5020560",378673,2026-04-29 20:49:01,28.7671356201172,-17.7336730957031,"Unknown"
"5020560",378673,2026-04-29 20:50:01,28.7672176361084,-17.7337188720703,"Unknown"
"5020560",378673,2026-04-29 20:51:01,28.7672710418701,-17.7338047027588,"Unknown"
"5020560",378673,2026-04-29 20:52:01,28.7673244476318,-17.7338981628418,"Unknown"
"5020560",378673,2026-04-29 20:53:01,28.76735496521,-17.7339992523193,"Unknown"
"5020560",378673,2026-04-29 20:54:01,28.7674312591553,-17.7340545654297,"Unknown"
"5020560",378673,2026-04-29 20:55:01,28.7674884796143,-17.734130859375,"Unknown"
"5020560",378673,2026-04-29 20:56:01,28.7675476074219,-17.7341632843018,"Unknown"
"5020560",378673,2026-04-29 20:57:01,28.7676029205322,-17.7342281341553,"Unknown"
"5020560",378673,2026-04-29 20:58:01,28.7676849365234,-17.7343044281006,"Unknown"
"5020560",378673,2026-04-29 20:59:01,28.7677593231201,-17.7343673706055,"Unknown"
"5020560",378673,2026-04-29 21:00:01,28.7678470611572,-17.7344589233398,"Unknown"
"5020560",378673,2026-04-29 21:01:01,28.7679443359375,-17.7345294952393,"Unknown"
"5020560",378673,2026-04-29 21:02:01,28.768009185791,-17.7345809936523,"Unknown"
"5020560",378673,2026-04-29 21:03:01,28.7680606842041,-17.7346534729004,"Unknown"
"5020560",378673,2026-04-29 21:04:01,28.768123626709,-17.7347240447998,"Unknown"
"5020560",378673,2026-04-29 21:05:01,28.7682018280029,-17.7347869873047,"Unknown"
"5020560",378673,2026-04-29 21:06:01,28.7682647705078,-17.7348518371582,"Unknown"
"5020560",378673,2026-04-29 21:07:01,28.7683353424072,-17.7349395751953,"Unknown"
"5020560",378673,2026-04-29 21:08:01,28.768424987793,-17.7349643707275,"Unknown"
"5020560",378673,2026-04-29 21:09:01,28.7685165405273,-17.734992980957,"Unknown"
"5020560",378673,2026-04-29 21:10:01,28.7685661315918,-17.735050201416,"Unknown"
"5020560",378673,2026-04-29 21:11:03,28.7686042785645,-17.7351036071777,"Unknown"
"5020560",378673,2026-04-29 21:12:01,28.7686328887939,-17.7351970672607,"Unknown"
"5020560",378673,2026-04-29 21:13:00,28.7686805725098,-17.7352466583252,"Unknown"
"5020560",378673,2026-04-29 21:14:01,28.7687759399414,-17.7352104187012,"Unknown"
"5020560",378673,2026-04-29 21:15:01,28.7688484191895,-17.7351989746094,"Unknown"
"5020560",378673,2026-04-29 21:16:01,28.7689342498779,-17.7352180480957,"Unknown"
"5020560",378673,2026-04-29 21:17:01,28.7689971923828,-17.735237121582,"Unknown"
"5020560",378673,2026-04-29 21:18:01,28.7690582275391,-17.7353038787842,"Unknown"
"5020560",378673,2026-04-29 21:19:01,28.7691040039062,-17.7353534698486,"Unknown"
"5020560",378673,2026-04-29 21:20:01,28.7691402435303,-17.7354030609131,"Unknown"
"5020560",378673,2026-04-29 21:21:03,28.7691688537598,-17.7354564666748,"Unknown"
"5020560",378673,2026-04-29 21:22:03,28.7692031860352,-17.7355327606201,"Unknown"
"5020560",378673,2026-04-29 21:23:02,28.7692680358887,-17.7355155944824,"Unknown"
"5020560",378673,2026-04-29 21:24:01,28.7693099975586,-17.7355041503906,"Unknown"
"5020560",378673,2026-04-29 21:25:01,28.7693634033203,-17.7355575561523,"Unknown"
"5020560",378673,2026-04-29 21:26:01,28.7694187164307,-17.7356033325195,"Unknown"
"5020560",378673,2026-04-29 21:27:01,28.7694492340088,-17.7356567382812,"Unknown"
"5020560",378673,2026-04-29 21:28:01,28.7694969177246,-17.7356834411621,"Unknown"
"5020560",378673,2026-04-29 21:29:01,28.769552230835,-17.7357158660889,"Unknown"
"5020560",378673,2026-04-29 21:30:01,28.769588470459,-17.7357196807861,"Unknown"
"5020560",378673,2026-04-29 21:31:02,28.7696552276611,-17.7357501983643,"Unknown"
"5020560",378673,2026-04-29 21:32:01,28.7696933746338,-17.7357501983643,"Unknown"
"5020560",378673,2026-04-29 21:33:01,28.7697296142578,-17.7357654571533,"Unknown"
"5020560",378673,2026-04-29 21:34:01,28.7698020935059,-17.7357864379883,"Unknown"
"5020560",378673,2026-04-29 21:35:01,28.7698631286621,-17.735803604126,"Unknown"
"5020560",378673,2026-04-29 21:36:01,28.7699489593506,-17.7358207702637,"Unknown"
"5020560",378673,2026-04-29 21:37:01,28.7699909210205,-17.7358055114746,"Unknown"
"5020560",378673,2026-04-29 21:38:05,28.7700233459473,-17.7358360290527,"Unknown"
"5020560",378673,2026-04-29 21:39:01,28.7701416015625,-17.7357997894287,"Unknown"
"5020560",378673,2026-04-29 21:40:02,28.7702655792236,-17.7358074188232,"Unknown"
"5020560",378673,2026-04-29 21:41:01,28.7704257965088,-17.7358093261719,"Unknown"
"5020560",378673,2026-04-29 21:42:01,28.7705593109131,-17.7357845306396,"Unknown"
"5020560",378673,2026-04-29 21:43:03,28.7708282470703,-17.7357540130615,"Unknown"
"5020560",378673,2026-04-29 21:44:01,28.7718353271484,-17.7357196807861,"Unknown"
"5020560",378673,2026-04-29 21:45:01,28.7719249725342,-17.7357940673828,"Unknown"
"5020560",378673,2026-04-29 21:46:03,28.7720069885254,-17.7358169555664,"Unknown"
"5020560",378673,2026-04-29 21:47:01,28.7720947265625,-17.7358512878418,"Unknown"
"5020560",378673,2026-04-29 21:48:02,28.7721939086914,-17.7358989715576,"Unknown"
"5020560",378673,2026-04-29 21:49:01,28.7722797393799,-17.7359428405762,"Unknown"
"5020560",378673,2026-04-29 21:50:01,28.7723712921143,-17.7359981536865,"Unknown"
"5020560",378673,2026-04-29 21:51:01,28.7724361419678,-17.7359962463379,"Unknown"
"5020560",378673,2026-04-29 21:52:02,28.772497177124,-17.7359504699707,"Unknown"
"5020560",378673,2026-04-29 21:53:02,28.7725467681885,-17.7359828948975,"Unknown"
"5020560",378673,2026-04-29 21:54:01,28.7726173400879,-17.7360076904297,"Unknown"
"5020560",378673,2026-04-29 21:55:01,28.7726783752441,-17.7360591888428,"Unknown"
"5020560",378673,2026-04-29 21:56:02,28.7727489471436,-17.7360706329346,"Unknown"
"5020560",378673,2026-04-29 21:57:01,28.7728214263916,-17.7361145019531,"Unknown"
"5020560",378673,2026-04-29 21:58:01,28.7729225158691,-17.736141204834,"Unknown"
"5020560",378673,2026-04-29 21:59:03,28.7730083465576,-17.7361602783203,"Unknown"
"5020560",378673,2026-04-29 22:00:33,28.7731380462646,-17.7362251281738,"Unknown"
"5020560",378673,2026-04-29 22:01:00,28.7731819152832,-17.736255645752,"Unknown"
"5020560",378673,2026-04-29 22:02:00,28.7732582092285,-17.7362842559814,"Unknown"
"5020560",378673,2026-04-29 22:03:00,28.7733135223389,-17.7363033294678,"Unknown"
"5020560",378673,2026-04-29 22:04:00,28.7733898162842,-17.7363414764404,"Unknown"
"5020560",378673,2026-04-29 22:05:00,28.773458480835,-17.7363777160645,"Unknown"
"5020560",378673,2026-04-29 22:06:00,28.773530960083,-17.7364196777344,"Unknown"
"5020560",378673,2026-04-29 22:07:00,28.7736053466797,-17.736442565918,"Unknown"
"5020560",378673,2026-04-29 22:08:00,28.7736740112305,-17.7364807128906,"Unknown"
"5020560",378673,2026-04-29 22:09:00,28.7737426757812,-17.7365074157715,"Unknown"
"5020560",378673,2026-04-29 22:10:00,28.7738037109375,-17.7365322113037,"Unknown"
"5020560",378673,2026-04-29 22:11:00,28.7738571166992,-17.7365665435791,"Unknown"
"5020560",378673,2026-04-29 22:12:00,28.7739219665527,-17.7365875244141,"Unknown"
"5020560",378673,2026-04-29 22:13:00,28.7739524841309,-17.7366409301758,"Unknown"
"5020560",378673,2026-04-29 22:14:00,28.7739601135254,-17.7367076873779,"Unknown"
"5020560",378673,2026-04-29 22:15:00,28.7739963531494,-17.7367744445801,"Unknown"
"5020560",378673,2026-04-29 22:16:01,28.7740459442139,-17.736837387085,"Unknown"
"5020560",378673,2026-04-29 22:17:01,28.7741031646729,-17.7369232177734,"Unknown"
"5020560",378673,2026-04-29 22:18:01,28.7741889953613,-17.7369956970215,"Unknown"
"5020560",378673,2026-04-29 22:19:01,28.7742881774902,-17.737060546875,"Unknown"
"5020560",378673,2026-04-29 22:20:00,28.7743644714355,-17.7371273040771,"Unknown"
"5020560",378673,2026-04-29 22:21:00,28.7744445800781,-17.7371807098389,"Unknown"
"5020560",378673,2026-04-29 22:22:00,28.774528503418,-17.7372264862061,"Unknown"
"5020560",378673,2026-04-29 22:23:00,28.7746143341064,-17.7372531890869,"Unknown"
"5020560",378673,2026-04-29 22:24:01,28.774715423584,-17.7373085021973,"Unknown"
"5020560",378673,2026-04-29 22:25:00,28.774829864502,-17.7373447418213,"Unknown"
"5020560",378673,2026-04-29 22:26:00,28.7748947143555,-17.7374057769775,"Unknown"
"5020560",378673,2026-04-29 22:27:01,28.7749881744385,-17.7374267578125,"Unknown"
"5020560",378673,2026-04-29 22:28:01,28.7750778198242,-17.7374935150146,"Unknown"
"5020560",378673,2026-04-29 22:29:01,28.775182723999,-17.7375392913818,"Unknown"
"5020560",378673,2026-04-29 22:30:01,28.7752647399902,-17.7375793457031,"Unknown"
"5020560",378673,2026-04-29 22:31:01,28.7754154205322,-17.7375774383545,"Unknown"
"5020560",378673,2026-04-29 22:32:00,28.7755451202393,-17.7375659942627,"Unknown"
"5020560",378673,2026-04-29 22:33:01,28.7756958007812,-17.7375679016113,"Unknown"
"5020560",378673,2026-04-29 22:34:01,28.7758255004883,-17.7375640869141,"Unknown"
"5020560",378673,2026-04-29 22:35:00,28.7759113311768,-17.7376003265381,"Unknown"
"5020560",378673,2026-04-29 22:36:01,28.7759952545166,-17.7376461029053,"Unknown"
"5020560",378673,2026-04-29 22:37:00,28.7760562896729,-17.7376937866211,"Unknown"
"5020560",378673,2026-04-29 22:38:00,28.7761154174805,-17.7377414703369,"Unknown"
"5020560",378673,2026-04-29 22:39:00,28.7761688232422,-17.7378082275391,"Unknown"
"5020560",378673,2026-04-29 22:40:00,28.7762832641602,-17.7377967834473,"Unknown"
"5020560",378673,2026-04-29 22:41:00,28.7764091491699,-17.7377700805664,"Unknown"
"5020560",378673,2026-04-29 22:42:00,28.7765026092529,-17.7377605438232,"Unknown"
"5020560",378673,2026-04-29 22:43:01,28.7766246795654,-17.7377452850342,"Unknown"
"5020560",378673,2026-04-29 22:44:01,28.7766761779785,-17.7377281188965,"Unknown"
"5020560",378673,2026-04-29 22:45:01,28.7767887115479,-17.7377147674561,"Unknown"
"5020560",378673,2026-04-29 22:46:00,28.776927947998,-17.7377243041992,"Unknown"
"5020560",378673,2026-04-29 22:47:01,28.7770099639893,-17.7377033233643,"Unknown"
"5020560",378673,2026-04-29 22:48:01,28.7771396636963,-17.7376766204834,"Unknown"
"5020560",378673,2026-04-29 22:49:01,28.7772216796875,-17.7376899719238,"Unknown"
"5020560",378673,2026-04-29 22:50:00,28.7773094177246,-17.737663269043,"Unknown"
"5020560",378673,2026-04-29 22:51:00,28.7773685455322,-17.7376728057861,"Unknown"
"5020560",378673,2026-04-29 22:52:00,28.7774295806885,-17.7376766204834,"Unknown"
"5020560",378673,2026-04-29 22:53:00,28.7774868011475,-17.7376956939697,"Unknown"
"5020560",378673,2026-04-29 22:54:02,28.7775459289551,-17.7377319335938,"Unknown"
"5020560",378673,2026-04-29 22:55:01,28.7775974273682,-17.7377052307129,"Unknown"
"5020560",378673,2026-04-29 22:56:00,28.7776355743408,-17.737735748291,"Unknown"
"5020560",378673,2026-04-29 22:57:00,28.7776966094971,-17.7377452850342,"Unknown"
"5020560",378673,2026-04-29 22:58:00,28.7777729034424,-17.7377223968506,"Unknown"
"5020560",378673,2026-04-29 22:59:00,28.7778263092041,-17.7377185821533,"Unknown"
"5020560",378673,2026-04-29 23:00:01,28.7778854370117,-17.7376976013184,"Unknown"
"5020560",378673,2026-04-29 23:01:00,28.7779693603516,-17.737678527832,"Unknown"
"5020560",378673,2026-04-29 23:02:00,28.7780342102051,-17.7376937866211,"Unknown"
"5020560",378673,2026-04-29 23:03:00,28.7780952453613,-17.7376804351807,"Unknown"
"5020560",378673,2026-04-29 23:04:01,28.7781715393066,-17.737663269043,"Unknown"
"5020560",378673,2026-04-29 23:05:01,28.7782192230225,-17.7376556396484,"Unknown"
"5020560",378673,2026-04-29 23:06:01,28.7782859802246,-17.737642288208,"Unknown"
"5020560",378673,2026-04-29 23:07:00,28.7783126831055,-17.737621307373,"Unknown"
"5020560",378673,2026-04-29 23:08:00,28.778356552124,-17.7376136779785,"Unknown"
"5020560",378673,2026-04-29 23:09:01,28.7784233093262,-17.7376098632812,"Unknown"
"5020560",378673,2026-04-29 23:10:00,28.7785301208496,-17.7375679016113,"Unknown"
"5020560",378673,2026-04-29 23:11:00,28.7786273956299,-17.7375202178955,"Unknown"
"5020560",378673,2026-04-29 23:12:00,28.7787075042725,-17.73752784729,"Unknown"
"5020560",378673,2026-04-29 23:13:01,28.7788391113281,-17.7374782562256,"Unknown"
"5020560",378673,2026-04-29 23:14:01,28.7789363861084,-17.7374267578125,"Unknown"
"5020560",378673,2026-04-29 23:15:01,28.7790145874023,-17.7373714447021,"Unknown"
"5020560",378673,2026-04-29 23:16:00,28.7790470123291,-17.7373523712158,"Unknown"
"5020560",378673,2026-04-29 23:17:00,28.7791042327881,-17.7373218536377,"Unknown"
"5020560",378673,2026-04-29 23:18:00,28.7791538238525,-17.7372665405273,"Unknown"
"5020560",378673,2026-04-29 23:19:00,28.7791843414307,-17.7372245788574,"Unknown"
"5020560",378673,2026-04-29 23:20:03,28.7792301177979,-17.7371864318848,"Unknown"
"5020560",378673,2026-04-29 23:21:03,28.779275894165,-17.7371482849121,"Unknown"
"5020560",378673,2026-04-29 23:22:00,28.779317855835,-17.7371253967285,"Unknown"
"5020560",378673,2026-04-29 23:23:01,28.7793922424316,-17.7371234893799,"Unknown"
"5020560",378673,2026-04-29 23:24:00,28.7794361114502,-17.737096786499,"Unknown"
"5020560",378673,2026-04-29 23:25:01,28.7794952392578,-17.7370624542236,"Unknown"
"5020560",378673,2026-04-29 23:26:01,28.7795486450195,-17.73703956604,"Unknown"
"5020560",378673,2026-04-29 23:27:00,28.779598236084,-17.7369747161865,"Unknown"
"5020560",378673,2026-04-29 23:28:01,28.7796669006348,-17.7369213104248,"Unknown"
"5020560",378673,2026-04-29 23:29:01,28.7797241210938,-17.7368698120117,"Unknown"
"5020560",378673,2026-04-29 23:30:01,28.77978515625,-17.7368202209473,"Unknown"
"5020560",378673,2026-04-29 23:31:01,28.7798404693604,-17.7367630004883,"Unknown"
"5020560",378673,2026-04-29 23:32:01,28.7799110412598,-17.7367248535156,"Unknown"
"5020560",378673,2026-04-29 23:33:00,28.779935836792,-17.7366695404053,"Unknown"
"5020560",378673,2026-04-29 23:34:01,28.7799320220947,-17.7366123199463,"Unknown"
"5020560",378673,2026-04-29 23:35:01,28.7799854278564,-17.7365646362305,"Unknown"
"5020560",378673,2026-04-29 23:36:01,28.7800197601318,-17.7364330291748,"Unknown"
"5020560",378673,2026-04-29 23:37:03,28.7799797058105,-17.7363777160645,"Unknown"
"5020560",378673,2026-04-29 23:38:01,28.7800235748291,-17.7363033294678,"Unknown"
"5020560",378673,2026-04-29 23:39:01,28.7800807952881,-17.7362537384033,"Unknown"
"5020560",378673,2026-04-29 23:40:03,28.7801342010498,-17.7361831665039,"Unknown"
"5020560",378673,2026-04-29 23:41:03,28.7801284790039,-17.7360649108887,"Unknown"
"5020560",378673,2026-04-29 23:42:01,28.7800979614258,-17.7360343933105,"Unknown"
"5020560",378673,2026-04-29 23:43:01,28.7801189422607,-17.7360191345215,"Unknown"
"5020560",378673,2026-04-29 23:44:00,28.7801513671875,-17.7359523773193,"Unknown"
"5020560",378673,2026-04-29 23:45:00,28.7801704406738,-17.7359428405762,"Unknown"
"5020560",378673,2026-04-29 23:46:00,28.7801914215088,-17.735876083374,"Unknown"
"5020560",378673,2026-04-29 23:47:01,28.7802581787109,-17.7358531951904,"Unknown"
"5020560",378673,2026-04-29 23:48:01,28.780309677124,-17.7358283996582,"Unknown"
"5020560",378673,2026-04-29 23:49:01,28.7803859710693,-17.7357788085938,"Unknown"
"5020560",378673,2026-04-29 23:50:00,28.7804317474365,-17.7357730865479,"Unknown"
"5020560",378673,2026-04-29 23:51:00,28.7804851531982,-17.7357597351074,"Unknown"
"5020560",378673,2026-04-29 23:52:00,28.7805290222168,-17.7357425689697,"Unknown"
"5020560",378673,2026-04-29 23:53:00,28.7805919647217,-17.7357387542725,"Unknown"
"5020560",378673,2026-04-29 23:54:00,28.780647277832,-17.7357749938965,"Unknown"
"5020560",378673,2026-04-29 23:55:01,28.7807331085205,-17.7357616424561,"Unknown"
"5020560",378673,2026-04-29 23:56:01,28.7807903289795,-17.7357044219971,"Unknown"
"5020560",378673,2026-04-29 23:57:01,28.7808589935303,-17.7357006072998,"Unknown"
"5020560",378673,2026-04-29 23:58:01,28.7809181213379,-17.7356815338135,"Unknown"
"5020560",378673,2026-04-29 23:59:01,28.7809638977051,-17.7356643676758,"Unknown"
"5020560",378673,2026-04-30,28.7810153961182,-17.735631942749,"Unknown"
"5020560",378673,2026-04-30 00:01:01,28.7810535430908,-17.7356128692627,"Unknown"
"5020560",378673,2026-04-30 00:02:00,28.7811031341553,-17.7355403900146,"Unknown"
"5020560",378673,2026-04-30 00:03:00,28.7811679840088,-17.7355003356934,"Unknown"
"5020560",378673,2026-04-30 00:04:01,28.7812232971191,-17.7354869842529,"Unknown"
"5020560",378673,2026-04-30 00:05:01,28.7812919616699,-17.7354774475098,"Unknown"
"5020560",378673,2026-04-30 00:06:03,28.7813587188721,-17.7354202270508,"Unknown"
"5020560",378673,2026-04-30 00:07:03,28.7814102172852,-17.7353668212891,"Unknown"
"5020560",378673,2026-04-30 00:08:02,28.7814712524414,-17.7353229522705,"Unknown"
"5020560",378673,2026-04-30 00:09:01,28.7815113067627,-17.7353000640869,"Unknown"
"5020560",378673,2026-04-30 00:10:01,28.7815532684326,-17.7352771759033,"Unknown"
"5020560",378673,2026-04-30 00:11:01,28.7816123962402,-17.735237121582,"Unknown"
"5020560",378673,2026-04-30 00:12:00,28.7816734313965,-17.7352313995361,"Unknown"
"5020560",378673,2026-04-30 00:13:00,28.7817268371582,-17.7351951599121,"Unknown"
"5020560",378673,2026-04-30 00:14:01,28.7817726135254,-17.7351951599121,"Unknown"
"5020560",378673,2026-04-30 00:15:04,28.7818164825439,-17.7351551055908,"Unknown"
"5020560",378673,2026-04-30 00:16:03,28.7818641662598,-17.7351493835449,"Unknown"
"5020560",378673,2026-04-30 00:17:03,28.7819175720215,-17.7351303100586,"Unknown"
"5020560",378673,2026-04-30 00:18:02,28.7819595336914,-17.7350673675537,"Unknown"
"5020560",378673,2026-04-30 00:19:00,28.7820110321045,-17.7350749969482,"Unknown"
"5020560",378673,2026-04-30 00:20:01,28.7820625305176,-17.7350406646729,"Unknown"
"5020560",378673,2026-04-30 00:21:04,28.7820777893066,-17.7349987030029,"Unknown"
"5020560",378673,2026-04-30 00:22:01,28.7821197509766,-17.7349739074707,"Unknown"
"5020560",378673,2026-04-30 00:23:04,28.7821731567383,-17.7349262237549,"Unknown"
"5020560",378673,2026-04-30 00:24:03,28.7821941375732,-17.7348670959473,"Unknown"
"5020560",378673,2026-04-30 00:25:03,28.7822322845459,-17.7347927093506,"Unknown"
"5020560",378673,2026-04-30 00:26:03,28.782190322876,-17.7347049713135,"Unknown"
"5020560",378673,2026-04-30 00:27:03,28.7822246551514,-17.7346267700195,"Unknown"
"5020560",378673,2026-04-30 00:28:01,28.7822284698486,-17.7345638275146,"Unknown"
"5020560",378673,2026-04-30 00:29:33,28.7822666168213,-17.7344741821289,"Unknown"
"5020560",378673,2026-04-30 00:30:00,28.7823047637939,-17.7344532012939,"Unknown"
"5020560",378673,2026-04-30 00:31:00,28.7823600769043,-17.7344284057617,"Unknown"
"5020560",378673,2026-04-30 00:32:00,28.7824020385742,-17.7344017028809,"Unknown"
"5020560",378673,2026-04-30 00:33:02,28.78249168396,-17.734354019165,"Unknown"
"5020560",378673,2026-04-30 00:34:00,28.7825603485107,-17.7343406677246,"Unknown"
"5020560",378673,2026-04-30 00:35:00,28.7826194763184,-17.7343139648438,"Unknown"
"5020560",378673,2026-04-30 00:36:00,28.7826881408691,-17.7342491149902,"Unknown"
"5020560",378673,2026-04-30 00:37:00,28.7827529907227,-17.7342090606689,"Unknown"
"5020560",378673,2026-04-30 00:38:00,28.7828063964844,-17.7341995239258,"Unknown"
"5020560",378673,2026-04-30 00:39:00,28.7828350067139,-17.7341747283936,"Unknown"
"5020560",378673,2026-04-30 00:40:00,28.7828826904297,-17.7341365814209,"Unknown"
"5020560",378673,2026-04-30 00:41:00,28.7829132080078,-17.734094619751,"Unknown"
"5020560",378673,2026-04-30 00:42:00,28.7829475402832,-17.7340297698975,"Unknown"
"5020560",378673,2026-04-30 00:43:00,28.7830047607422,-17.7339820861816,"Unknown"
"5020560",378673,2026-04-30 00:44:00,28.7830638885498,-17.7339935302734,"Unknown"
"5020560",378673,2026-04-30 00:45:00,28.783145904541,-17.733959197998,"Unknown"
"5020560",378673,2026-04-30 00:46:00,28.7832279205322,-17.7339153289795,"Unknown"
"5020560",378673,2026-04-30 00:47:01,28.7833118438721,-17.7338962554932,"Unknown"
"5020560",378673,2026-04-30 00:48:00,28.7834014892578,-17.7339096069336,"Unknown"
"5020560",378673,2026-04-30 00:49:00,28.7835006713867,-17.7338905334473,"Unknown"
"5020560",378673,2026-04-30 00:50:00,28.7835845947266,-17.7338962554932,"Unknown"
"5020560",378673,2026-04-30 00:51:00,28.7836418151855,-17.7339134216309,"Unknown"
"5020560",378673,2026-04-30 00:52:00,28.7837047576904,-17.7338829040527,"Unknown"
"5020560",378673,2026-04-30 00:53:00,28.7837810516357,-17.7338790893555,"Unknown"
"5020560",378673,2026-04-30 00:54:00,28.7838382720947,-17.7338447570801,"Unknown"
"5020560",378673,2026-04-30 00:55:00,28.7838916778564,-17.7338218688965,"Unknown"
"5020560",378673,2026-04-30 00:56:00,28.7839488983154,-17.7337665557861,"Unknown"
"5020560",378673,2026-04-30 00:57:01,28.7840099334717,-17.7337226867676,"Unknown"
"5020560",378673,2026-04-30 00:58:00,28.7840423583984,-17.7336692810059,"Unknown"
"5020560",378673,2026-04-30 00:59:00,28.7840824127197,-17.7336387634277,"Unknown"
"5020560",378673,2026-04-30 01:00:00,28.7841281890869,-17.7335891723633,"Unknown"
"5020560",378673,2026-04-30 01:01:01,28.7841529846191,-17.7335643768311,"Unknown"
"5020560",378673,2026-04-30 01:02:00,28.7841873168945,-17.7335300445557,"Unknown"
"5020560",378673,2026-04-30 01:03:00,28.7842330932617,-17.7334957122803,"Unknown"
"5020560",378673,2026-04-30 01:04:00,28.7842655181885,-17.733434677124,"Unknown"
"5020560",378673,2026-04-30 01:05:01,28.7843017578125,-17.7333965301514,"Unknown"
"5020560",378673,2026-04-30 01:06:00,28.7843132019043,-17.7333488464355,"Unknown"
"5020560",378673,2026-04-30 01:07:00,28.7843284606934,-17.7333164215088,"Unknown"
"5020560",378673,2026-04-30 01:08:00,28.7843742370605,-17.733268737793,"Unknown"
"5020560",378673,2026-04-30 01:09:00,28.7843971252441,-17.7332210540771,"Unknown"
"5020560",378673,2026-04-30 01:10:00,28.7844295501709,-17.7331733703613,"Unknown"
"5020560",378673,2026-04-30 01:11:00,28.7844581604004,-17.7331390380859,"Unknown"
"5020560",378673,2026-04-30 01:12:01,28.7844886779785,-17.7330913543701,"Unknown"
"5020560",378673,2026-04-30 01:13:00,28.7845001220703,-17.733039855957,"Unknown"
"5020560",378673,2026-04-30 01:14:00,28.7845268249512,-17.732982635498,"Unknown"
"5020560",378673,2026-04-30 01:15:00,28.7845458984375,-17.7329292297363,"Unknown"
"5020560",378673,2026-04-30 01:16:00,28.784538269043,-17.7329025268555,"Unknown"
"5020560",378673,2026-04-30 01:17:01,28.7845497131348,-17.7328681945801,"Unknown"
"5020560",378673,2026-04-30 01:18:00,28.7845649719238,-17.732852935791,"Unknown"
"5020560",378673,2026-04-30 01:19:00,28.7845821380615,-17.7328109741211,"Unknown"
"5020560",378673,2026-04-30 01:20:00,28.7846145629883,-17.732759475708,"Unknown"
"5020560",378673,2026-04-30 01:21:00,28.7846393585205,-17.7327003479004,"Unknown"
"5020560",378673,2026-04-30 01:22:00,28.7846832275391,-17.7326221466064,"Unknown"
"5020560",378673,2026-04-30 01:23:00,28.7847080230713,-17.7325592041016,"Unknown"
"5020560",378673,2026-04-30 01:24:00,28.7847213745117,-17.7324981689453,"Unknown"
"5020560",378673,2026-04-30 01:25:00,28.7847633361816,-17.7324733734131,"Unknown"
"5020560",378673,2026-04-30 01:26:00,28.7848167419434,-17.732458114624,"Unknown"
"5020560",378673,2026-04-30 01:36:00,28.7851963043213,-17.7319469451904,"Unknown"
"5020560",378673,2026-04-30 01:37:00,28.7852172851562,-17.7318820953369,"Unknown"
"5020560",378673,2026-04-30 01:38:00,28.7852649688721,-17.731840133667,"Unknown"
"5020560",378673,2026-04-30 01:39:00,28.7852935791016,-17.7317695617676,"Unknown"
"5020560",378673,2026-04-30 01:40:00,28.785306930542,-17.7317028045654,"Unknown"
"5020560",378673,2026-04-30 01:41:01,28.7853145599365,-17.7316589355469,"Unknown"
"5020560",378673,2026-04-30 01:42:01,28.7853584289551,-17.7315788269043,"Unknown"
"5020560",378673,2026-04-30 01:43:01,28.7854175567627,-17.7315254211426,"Unknown"
"5020560",378673,2026-04-30 01:44:01,28.7854499816895,-17.7314796447754,"Unknown"
"5020560",378673,2026-04-30 01:45:01,28.7854709625244,-17.7314128875732,"Unknown"
"5020560",378673,2026-04-30 01:46:00,28.7855129241943,-17.7313556671143,"Unknown"
"5020560",378673,2026-04-30 01:47:00,28.785551071167,-17.731315612793,"Unknown"
"5020560",378673,2026-04-30 01:48:00,28.785572052002,-17.731258392334,"Unknown"
"5020560",378673,2026-04-30 01:58:01,28.7857666015625,-17.7306842803955,"Unknown"
"5020560",378673,2026-04-30 01:59:00,28.785795211792,-17.7306079864502,"Unknown"
"5020560",378673,2026-04-30 02:00:01,28.7858123779297,-17.7305698394775,"Unknown"
"5020560",378673,2026-04-30 02:01:00,28.7858085632324,-17.7304954528809,"Unknown"
"5020560",378673,2026-04-30 02:02:00,28.7858142852783,-17.7304630279541,"Unknown"
"5020560",378673,2026-04-30 02:03:01,28.7858715057373,-17.7303867340088,"Unknown"
"5020560",378673,2026-04-30 02:04:01,28.7859115600586,-17.7303524017334,"Unknown"
"5020560",378673,2026-04-30 02:05:01,28.7859497070312,-17.7302742004395,"Unknown"
"5020560",378673,2026-04-30 02:06:03,28.785982131958,-17.7304077148438,"Unknown"
"5020560",378673,2026-04-30 02:16:00,28.7839584350586,-17.7322292327881,"Unknown"
"5020560",378673,2026-04-30 02:17:01,28.7839508056641,-17.7321872711182,"Unknown"
"5020560",378673,2026-04-30 02:27:01,28.7839508056641,-17.7317581176758,"Unknown"
"5020560",378673,2026-04-30 02:37:01,28.7840003967285,-17.7316970825195,"Unknown"
"5020560",378673,2026-04-30 02:47:03,28.7839603424072,-17.7315464019775,"Unknown"
"5020560",378673,2026-04-30 02:48:00,28.7839679718018,-17.7315330505371,"Unknown"
"5020560",378673,2026-04-30 02:58:03,28.7839603424072,-17.7313270568848,"Unknown"
"5020560",378673,2026-04-30 03:08:07,28.7839527130127,-17.7313423156738,"Unknown"
"5020560",378673,2026-04-30 03:18:35,28.7838573455811,-17.73193359375,"Unknown"
"5020560",378673,2026-04-30 03:28:00,28.7841129302979,-17.7324962615967,"Unknown"
"5020560",378673,2026-04-30 03:38:00,28.7843322753906,-17.7330112457275,"Unknown"
"5020560",378673,2026-04-30 03:48:01,28.7847518920898,-17.7336559295654,"Unknown"
"5020560",378673,2026-04-30 03:58:00,28.7851829528809,-17.7344341278076,"Unknown"
"5020560",378673,2026-04-30 04:08:01,28.7816524505615,-17.740104675293,"Unknown"
"5020560",378673,2026-04-30 04:18:01,28.7822132110596,-17.7400360107422,"Unknown"
"5020560",378673,2026-04-30 04:28:01,28.7827053070068,-17.7401485443115,"Unknown"
"5020560",378673,2026-04-30 04:38:01,28.7666797637939,-17.7312622070312,"Unknown"
"5020560",378673,2026-04-30 04:48:02,28.7249794006348,-17.724292755127,"Unknown"
"5020560",378673,2026-04-30 04:58:01,28.7271938323975,-17.7247123718262,"Unknown"
"5020560",378673,2026-04-30 05:08:01,28.7200584411621,-17.7303161621094,"Unknown"
"5020560",378673,2026-04-30 05:18:02,28.7336292266846,-17.7207088470459,"Unknown"
"5020560",378673,2026-04-30 05:28:04,28.7330684661865,-17.7192420959473,"Unknown"
"5020560",378673,2026-04-30 05:38:33,28.7329978942871,-17.7185859680176,"Unknown"
"5020560",378673,2026-04-30 05:48:03,28.7335090637207,-17.7180137634277,"Unknown"
"5020560",378673,2026-04-30 05:58:01,28.7337703704834,-17.7141036987305,"Unknown"
"5020560",378673,2026-04-30 06:08:32,28.7350006103516,-17.7166900634766,"Unknown"
"5020560",378673,2026-04-30 06:18:01,28.7357902526855,-17.7156925201416,"Unknown"
"5020560",378673,2026-04-30 06:28:01,28.7368240356445,-17.714864730835,"Unknown"
"5020560",378673,2026-04-30 06:38:01,28.7362117767334,-17.7080230712891,"Unknown"
"5020560",378673,2026-04-30 06:48:03,28.7405891418457,-17.7026710510254,"Unknown"
"5020560",378673,2026-04-30 06:58:01,28.75315284729,-17.7032432556152,"Unknown"
"5020560",378673,2026-04-30 07:08:03,28.766960144043,-17.7166442871094,"Unknown"
"5020560",378673,2026-04-30 07:18:01,28.7710151672363,-17.7183113098145,"Unknown"
"5020560",378673,2026-04-30 07:28:02,28.7767887115479,-17.7290573120117,"Unknown"
"5020560",378673,2026-04-30 07:38:02,28.7776317596436,-17.7290954589844,"Unknown"
"5020560",378673,2026-04-30 07:39:01,28.7777042388916,-17.7291164398193,"Unknown"
"5020560",378673,2026-04-30 07:40:01,28.7777709960938,-17.7291412353516,"Unknown"
"5020560",378673,2026-04-30 07:41:01,28.7778415679932,-17.7291698455811,"Unknown"
"5020560",378673,2026-04-30 07:42:03,28.7779273986816,-17.729211807251,"Unknown"
"5020560",378673,2026-04-30 07:52:06,28.7786903381348,-17.7296676635742,"Unknown"
"5020560",378673,2026-04-30 07:53:06,28.7787456512451,-17.7297706604004,"Unknown"
"5020560",378673,2026-04-30 07:54:33,28.7788887023926,-17.7298583984375,"Unknown"
"5020560",378673,2026-04-30 07:55:00,28.778923034668,-17.7298908233643,"Unknown"
"5020560",378673,2026-04-30 08:05:00,28.7797317504883,-17.7307071685791,"Unknown"
"5020560",378673,2026-04-30 08:06:00,28.7798175811768,-17.7307910919189,"Unknown"
"5020560",378673,2026-04-30 08:07:00,28.7798938751221,-17.7308807373047,"Unknown"
"5020560",378673,2026-04-30 08:08:00,28.7799777984619,-17.7309646606445,"Unknown"
"5020560",378673,2026-04-30 08:09:00,28.7800769805908,-17.7310199737549,"Unknown"
"5020560",378673,2026-04-30 08:10:00,28.7801532745361,-17.7311000823975,"Unknown"
"5020560",378673,2026-04-30 08:11:00,28.780252456665,-17.7311954498291,"Unknown"
"5020560",378673,2026-04-30 08:12:00,28.7803497314453,-17.731258392334,"Unknown"
"5020560",378673,2026-04-30 08:13:00,28.7804145812988,-17.731351852417,"Unknown"
"5020560",378673,2026-04-30 08:14:00,28.78053855896,-17.7314281463623,"Unknown"
"5020560",378673,2026-04-30 08:15:00,28.7806262969971,-17.7315368652344,"Unknown"
"5020560",378673,2026-04-30 08:16:00,28.7807178497314,-17.7316150665283,"Unknown"
"5020560",378673,2026-04-30 08:17:00,28.7807922363281,-17.7317008972168,"Unknown"
"5020560",378673,2026-04-30 08:18:00,28.7808952331543,-17.7318096160889,"Unknown"
"5020560",378673,2026-04-30 08:19:00,28.7809906005859,-17.731912612915,"Unknown"
"5020560",378673,2026-04-30 08:20:00,28.7794208526611,-17.7359809875488,"Unknown"
"5020560",378673,2026-04-30 08:21:01,28.7773132324219,-17.7385101318359,"Unknown"
"5020560",378673,2026-04-30 08:22:00,28.776424407959,-17.7388191223145,"Unknown"
"5020560",378673,2026-04-30 08:23:03,28.7748050689697,-17.7400684356689,"Unknown"
"5020560",378673,2026-04-30 08:24:00,28.7749195098877,-17.7401428222656,"Unknown"
"5020560",378673,2026-04-30 08:25:00,28.7728862762451,-17.7409629821777,"Unknown"
"5020560",378673,2026-04-30 08:26:00,28.7729682922363,-17.7411136627197,"Unknown"
"5020560",378673,2026-04-30 08:27:01,28.7714424133301,-17.7396049499512,"Unknown"
"5020560",378673,2026-04-30 08:28:00,28.7694072723389,-17.7377414703369,"Unknown"
"5020560",378673,2026-04-30 08:29:01,28.7694988250732,-17.7379245758057,"Unknown"
"5020560",378673,2026-04-30 08:30:00,28.7690868377686,-17.7368755340576,"Unknown"
"5020560",378673,2026-04-30 08:31:10,28.7709674835205,-17.735710144043,"Unknown"
"5020560",378673,2026-04-30 08:32:00,28.7708740234375,-17.7357215881348,"Unknown"
"5020560",378673,2026-04-30 08:33:01,28.7705955505371,-17.7349796295166,"Unknown"
"5020560",378673,2026-04-30 08:34:01,28.7707233428955,-17.7351131439209,"Unknown"
"5020560",378673,2026-04-30 08:35:01,28.7708339691162,-17.735279083252,"Unknown"
"5020560",378673,2026-04-30 08:36:00,28.7709770202637,-17.7354106903076,"Unknown"
"5020560",378673,2026-04-30 08:37:00,28.7711238861084,-17.735559463501,"Unknown"
"5020560",378673,2026-04-30 08:38:00,28.7712574005127,-17.7357082366943,"Unknown"
"5020560",378673,2026-04-30 08:39:00,28.771390914917,-17.7358818054199,"Unknown"
"5020560",378673,2026-04-30 08:40:00,28.7708129882812,-17.7356414794922,"Unknown"
"5020560",378673,2026-04-30 08:41:00,28.766975402832,-17.7344074249268,"Unknown"
"5020560",378673,2026-04-30 08:42:01,28.7656383514404,-17.7312355041504,"Unknown"
"5020560",378673,2026-04-30 08:43:00,28.7658138275146,-17.7313842773438,"Unknown"
"5020560",378673,2026-04-30 08:44:00,28.7659893035889,-17.7315540313721,"Unknown"
"5020560",378673,2026-04-30 08:45:00,28.7622623443604,-17.7295017242432,"Unknown"
"5020560",378673,2026-04-30 08:46:00,28.761137008667,-17.7275085449219,"Unknown"
"5020560",378673,2026-04-30 08:47:35,28.7616863250732,-17.727502822876,"Unknown"
"5020560",378673,2026-04-30 08:48:00,28.7617740631104,-17.7275295257568,"Unknown"
"5020560",378673,2026-04-30 08:49:00,28.7619552612305,-17.727632522583,"Unknown"
"5020560",378673,2026-04-30 08:50:00,28.7621650695801,-17.7277374267578,"Unknown"
"5020560",378673,2026-04-30 08:51:00,28.7612133026123,-17.7271175384521,"Unknown"
"5020560",378673,2026-04-30 08:52:00,28.7613201141357,-17.7269992828369,"Unknown"
"5020560",378673,2026-04-30 08:53:00,28.7617378234863,-17.726526260376,"Unknown"
"5020560",378673,2026-04-30 08:54:00,28.7619285583496,-17.7266426086426,"Unknown"
"5020560",378673,2026-04-30 08:55:00,28.7621192932129,-17.7267532348633,"Unknown"
"5020560",378673,2026-04-30 08:56:00,28.7623062133789,-17.7269134521484,"Unknown"
"5020560",378673,2026-04-30 08:57:00,28.7624931335449,-17.7270679473877,"Unknown"
"5020560",378673,2026-04-30 08:58:00,28.7626667022705,-17.7272281646729,"Unknown"
"5020560",378673,2026-04-30 08:59:00,28.7628536224365,-17.7274055480957,"Unknown"
"5020560",378673,2026-04-30 09:00:00,28.7630176544189,-17.7275562286377,"Unknown"
"5020560",378673,2026-04-30 09:01:00,28.7631530761719,-17.7276935577393,"Unknown"
"5020560",378673,2026-04-30 09:02:01,28.7633361816406,-17.7278118133545,"Unknown"
"5020560",378673,2026-04-30 09:03:00,28.7635307312012,-17.7279396057129,"Unknown"
"5020560",378673,2026-04-30 09:04:01,28.7637176513672,-17.7280750274658,"Unknown"
"5020560",378673,2026-04-30 09:05:00,28.7638969421387,-17.7281837463379,"Unknown"
"5020560",378673,2026-04-30 09:06:00,28.7640762329102,-17.7283000946045,"Unknown"
"5020560",378673,2026-04-30 09:07:01,28.7643394470215,-17.7284507751465,"Unknown"
"5020560",378673,2026-04-30 09:08:01,28.7646045684814,-17.7286071777344,"Unknown"
"5020560",378673,2026-04-30 09:09:03,28.7647819519043,-17.7287139892578,"Unknown"
"5020560",378673,2026-04-30 09:10:00,28.7649326324463,-17.7288341522217,"Unknown"
"5020560",378673,2026-04-30 09:11:01,28.7650737762451,-17.7288799285889,"Unknown"
"5020560",378673,2026-04-30 09:12:00,28.7642688751221,-17.7302570343018,"Unknown"
"5020560",378673,2026-04-30 09:13:00,28.7643623352051,-17.7301368713379,"Unknown"
"5020560",378673,2026-04-30 09:14:00,28.7645797729492,-17.7302341461182,"Unknown"
"5020560",378673,2026-04-30 09:15:00,28.7647800445557,-17.7303600311279,"Unknown"
"5020560",378673,2026-04-30 09:16:01,28.7649612426758,-17.7304706573486,"Unknown"
"5020560",378673,2026-04-30 09:17:00,28.7651329040527,-17.730598449707,"Unknown"
"5020560",378673,2026-04-30 09:18:01,28.7653312683105,-17.7307071685791,"Unknown"
"5020560",378673,2026-04-30 09:19:00,28.7655296325684,-17.7307968139648,"Unknown"
"5020560",378673,2026-04-30 09:20:00,28.7657337188721,-17.7308902740479,"Unknown"
"5020560",378673,2026-04-30 09:21:00,28.7659530639648,-17.7310314178467,"Unknown"
"5020560",378673,2026-04-30 09:22:00,28.766170501709,-17.7311573028564,"Unknown"
"5020560",378673,2026-04-30 09:23:00,28.7663497924805,-17.7312412261963,"Unknown"
"5020560",378673,2026-04-30 09:24:00,28.7665596008301,-17.7313709259033,"Unknown"
"5020560",378673,2026-04-30 09:25:01,28.7667579650879,-17.7314796447754,"Unknown"
"5020560",378673,2026-04-30 09:26:00,28.7669525146484,-17.7315940856934,"Unknown"
"5020560",378673,2026-04-30 09:27:00,28.7671527862549,-17.7317390441895,"Unknown"
"5020560",378673,2026-04-30 09:28:00,28.7673397064209,-17.731912612915,"Unknown"
"5020560",378673,2026-04-30 09:29:01,28.7674674987793,-17.7320690155029,"Unknown"
"5020560",378673,2026-04-30 09:30:00,28.7677116394043,-17.7322006225586,"Unknown"
"5020560",378673,2026-04-30 09:31:00,28.7679080963135,-17.7323570251465,"Unknown"
"5020560",378673,2026-04-30 09:32:00,28.7681198120117,-17.7325019836426,"Unknown"
"5020560",378673,2026-04-30 09:33:01,28.7683410644531,-17.7326488494873,"Unknown"
"5020560",378673,2026-04-30 09:34:01,28.7685470581055,-17.7327823638916,"Unknown"
"5020560",378673,2026-04-30 09:35:00,28.7687511444092,-17.7329235076904,"Unknown"
"5020560",378673,2026-04-30 09:36:00,28.7689552307129,-17.7330455780029,"Unknown"
"5020560",378673,2026-04-30 09:37:01,28.7691631317139,-17.7331600189209,"Unknown"
"5020560",378673,2026-04-30 09:38:01,28.769401550293,-17.7333145141602,"Unknown"
"5020560",378673,2026-04-30 09:39:01,28.7695941925049,-17.7334442138672,"Unknown"
"5020560",378673,2026-04-30 09:40:01,28.7697982788086,-17.7335720062256,"Unknown"
"5020560",378673,2026-04-30 09:41:00,28.7700023651123,-17.7337093353271,"Unknown"
"5020560",378673,2026-04-30 09:42:00,28.7701759338379,-17.733850479126,"Unknown"
"5020560",378673,2026-04-30 09:43:01,28.770378112793,-17.7339878082275,"Unknown"
"5020560",378673,2026-04-30 09:44:00,28.7706184387207,-17.7341423034668,"Unknown"
"5020560",378673,2026-04-30 09:45:01,28.7707939147949,-17.7342491149902,"Unknown"
"5020560",378673,2026-04-30 09:46:01,28.7710571289062,-17.7343521118164,"Unknown"
"5020560",378673,2026-04-30 09:47:03,28.7712783813477,-17.734504699707,"Unknown"
"5020560",378673,2026-04-30 09:48:03,28.7714958190918,-17.7346286773682,"Unknown"
"5020560",378673,2026-04-30 09:49:01,28.7716808319092,-17.7347602844238,"Unknown"
"5020560",378673,2026-04-30 09:50:01,28.7719249725342,-17.7348480224609,"Unknown"
"5020560",378673,2026-04-30 09:51:03,28.7721157073975,-17.7349872589111,"Unknown"
"5020560",378673,2026-04-30 09:52:03,28.7723140716553,-17.735107421875,"Unknown"
"5020560",378673,2026-04-30 09:53:01,28.7725200653076,-17.7352142333984,"Unknown"
"5020560",378673,2026-04-30 09:54:03,28.7727222442627,-17.7353630065918,"Unknown"
"5020560",378673,2026-04-30 09:55:02,28.7729053497314,-17.7354907989502,"Unknown"
"5020560",378673,2026-04-30 09:56:02,28.7730808258057,-17.7356414794922,"Unknown"
"5020560",378673,2026-04-30 09:57:01,28.7732944488525,-17.7357349395752,"Unknown"
"5020560",378673,2026-04-30 09:58:01,28.7734909057617,-17.7358703613281,"Unknown"
"5020560",378673,2026-04-30 09:59:03,28.7736396789551,-17.73606300354,"Unknown"
"5020560",378673,2026-04-30 10:00:32,28.7739658355713,-17.7362537384033,"Unknown"
"5020560",378673,2026-04-30 10:01:01,28.774055480957,-17.7363224029541,"Unknown"
"5020560",378673,2026-04-30 10:02:01,28.7742252349854,-17.7364501953125,"Unknown"
"5020560",378673,2026-04-30 10:03:00,28.7743816375732,-17.7365875244141,"Unknown"
"5020560",378673,2026-04-30 10:04:00,28.7745513916016,-17.7367248535156,"Unknown"
"5020560",378673,2026-04-30 10:05:01,28.7747497558594,-17.7368679046631,"Unknown"
"5020560",378673,2026-04-30 10:06:01,28.77490234375,-17.7369995117188,"Unknown"
"5020560",378673,2026-04-30 10:07:01,28.7750816345215,-17.7371559143066,"Unknown"
"5020560",378673,2026-04-30 10:08:01,28.775260925293,-17.7373123168945,"Unknown"
"5020560",378673,2026-04-30 10:09:01,28.7754249572754,-17.7374420166016,"Unknown"
"5020560",378673,2026-04-30 10:10:01,28.7756042480469,-17.7375907897949,"Unknown"
"5020560",378673,2026-04-30 10:11:00,28.7757511138916,-17.7377319335938,"Unknown"
"5020560",378673,2026-04-30 10:12:00,28.7759323120117,-17.7378749847412,"Unknown"
"5020560",378673,2026-04-30 10:13:01,28.7761573791504,-17.7380332946777,"Unknown"
"5020560",378673,2026-04-30 10:14:01,28.7763557434082,-17.7381553649902,"Unknown"
"5020560",378673,2026-04-30 10:15:01,28.7765579223633,-17.7382774353027,"Unknown"
"5020560",378673,2026-04-30 10:16:01,28.7767238616943,-17.738395690918,"Unknown"
"5020560",378673,2026-04-30 10:17:01,28.7769374847412,-17.7385330200195,"Unknown"
"5020560",378673,2026-04-30 10:18:00,28.7771072387695,-17.7386493682861,"Unknown"
"5020560",378673,2026-04-30 10:19:01,28.7773380279541,-17.7387580871582,"Unknown"
"5020560",378673,2026-04-30 10:20:01,28.7775363922119,-17.7388668060303,"Unknown"
"5020560",378673,2026-04-30 10:21:01,28.7777671813965,-17.7389984130859,"Unknown"
"5020560",378673,2026-04-30 10:22:01,28.7779636383057,-17.7391166687012,"Unknown"
"5020560",378673,2026-04-30 10:23:01,28.7781448364258,-17.7392063140869,"Unknown"
"5020560",378673,2026-04-30 10:24:01,28.7783393859863,-17.7393226623535,"Unknown"
"5020560",378673,2026-04-30 10:25:01,28.7785091400146,-17.7394351959229,"Unknown"
"5020560",378673,2026-04-30 10:26:01,28.7787265777588,-17.7395610809326,"Unknown"
"5020560",378673,2026-04-30 10:27:01,28.7789459228516,-17.7396812438965,"Unknown"
"5020560",378673,2026-04-30 10:28:01,28.7791709899902,-17.7398052215576,"Unknown"
"5020560",378673,2026-04-30 10:29:01,28.779369354248,-17.739933013916,"Unknown"
"5020560",378673,2026-04-30 10:30:01,28.7795715332031,-17.7400493621826,"Unknown"
"5020560",378673,2026-04-30 10:31:01,28.7797889709473,-17.7401714324951,"Unknown"
"5020560",378673,2026-04-30 10:32:01,28.7800102233887,-17.7402954101562,"Unknown"
"5020560",378673,2026-04-30 10:33:01,28.7801952362061,-17.7404174804688,"Unknown"
"5020560",378673,2026-04-30 10:34:01,28.7803840637207,-17.7405376434326,"Unknown"
"5020560",378673,2026-04-30 10:35:01,28.7805938720703,-17.7406768798828,"Unknown"
"5020560",378673,2026-04-30 10:36:01,28.7808227539062,-17.7408065795898,"Unknown"
"5020560",378673,2026-04-30 10:37:01,28.7810363769531,-17.74094581604,"Unknown"
"5020560",378673,2026-04-30 10:38:01,28.7812652587891,-17.741117477417,"Unknown"
"5020560",378673,2026-04-30 10:39:01,28.7814540863037,-17.7412509918213,"Unknown"
"5020560",378673,2026-04-30 10:40:01,28.7816505432129,-17.7413673400879,"Unknown"
"5020560",378673,2026-04-30 10:41:01,28.7818374633789,-17.7414627075195,"Unknown"
"5020560",378673,2026-04-30 10:42:01,28.7820510864258,-17.7415657043457,"Unknown"
"5020560",378673,2026-04-30 10:43:01,28.7822303771973,-17.7416572570801,"Unknown"
"5020560",378673,2026-04-30 10:44:01,28.7824230194092,-17.7417755126953,"Unknown"
"5020560",378673,2026-04-30 10:45:01,28.7826080322266,-17.7418975830078,"Unknown"
"5020560",378673,2026-04-30 10:46:01,28.7827949523926,-17.7420101165771,"Unknown"
"5020560",378673,2026-04-30 10:47:01,28.7829360961914,-17.7421379089355,"Unknown"
"5020560",378673,2026-04-30 10:48:01,28.7830963134766,-17.742280960083,"Unknown"
"5020560",378673,2026-04-30 10:49:01,28.7832412719727,-17.7424221038818,"Unknown"
"5020560",378673,2026-04-30 10:50:01,28.7834548950195,-17.742582321167,"Unknown"
"5020560",378673,2026-04-30 10:51:01,28.7836570739746,-17.7427139282227,"Unknown"
"5020560",378673,2026-04-30 10:52:01,28.7838306427002,-17.742847442627,"Unknown"
"5020560",378673,2026-04-30 10:53:01,28.7839870452881,-17.7429656982422,"Unknown"
"5020560",378673,2026-04-30 10:54:01,28.7841835021973,-17.7430667877197,"Unknown"
"5020560",378673,2026-04-30 10:55:01,28.7844009399414,-17.7431774139404,"Unknown"
"5020560",378673,2026-04-30 10:56:01,28.7855052947998,-17.7423496246338,"Unknown"
"5020560",378673,2026-04-30 10:57:01,28.7919406890869,-17.7395896911621,"Unknown"
"5020560",378673,2026-04-30 10:58:01,28.7989063262939,-17.7391815185547,"Unknown"
"5020560",378673,2026-04-30 10:59:01,28.7990341186523,-17.739278793335,"Unknown"
"5020560",378673,2026-04-30 11:00:01,28.7991390228271,-17.7393436431885,"Unknown"
"5020560",378673,2026-04-30 11:01:01,28.7991771697998,-17.7393779754639,"Unknown"
"5020560",378673,2026-04-30 11:02:01,28.7975444793701,-17.7403545379639,"Unknown"
"5020560",378673,2026-04-30 11:03:01,28.7976188659668,-17.7403697967529,"Unknown"
"5020560",378673,2026-04-30 11:04:01,28.7977085113525,-17.7404041290283,"Unknown"
"5020560",378673,2026-04-30 11:05:01,28.7977638244629,-17.7404098510742,"Unknown"
"5020560",378673,2026-04-30 11:06:01,28.7978477478027,-17.7404308319092,"Unknown"
"5020560",378673,2026-04-30 11:07:01,28.7979621887207,-17.7404098510742,"Unknown"
"5020560",378673,2026-04-30 11:08:01,28.7980461120605,-17.7404651641846,"Unknown"
"5020560",378673,2026-04-30 11:09:01,28.7981338500977,-17.7405090332031,"Unknown"
"5020560",378673,2026-04-30 11:10:01,28.7982559204102,-17.7405052185059,"Unknown"
"5020560",378673,2026-04-30 11:11:02,28.7983932495117,-17.7404441833496,"Unknown"
"5020560",378673,2026-04-30 11:12:01,28.7985172271729,-17.7404117584229,"Unknown"
"5020560",378673,2026-04-30 11:13:01,28.7986717224121,-17.7403202056885,"Unknown"
"5020560",378673,2026-04-30 11:14:01,28.7987823486328,-17.7402420043945,"Unknown"
"5020560",378673,2026-04-30 11:15:01,28.7988891601562,-17.7402114868164,"Unknown"
"5020560",378673,2026-04-30 11:16:01,28.799015045166,-17.740177154541,"Unknown"
"5020560",378673,2026-04-30 11:17:01,28.7991123199463,-17.7401943206787,"Unknown"
"5020560",378673,2026-04-30 11:18:01,28.7992134094238,-17.7402000427246,"Unknown"
"5020560",378673,2026-04-30 11:19:01,28.7993183135986,-17.7402362823486,"Unknown"
"5020560",378673,2026-04-30 11:20:01,28.7993927001953,-17.7402744293213,"Unknown"
"5020560",378673,2026-04-30 11:21:01,28.7994747161865,-17.7403450012207,"Unknown"
"5020560",378673,2026-04-30 11:22:01,28.7995433807373,-17.7403945922852,"Unknown"
"5020560",378673,2026-04-30 11:23:01,28.7995948791504,-17.740406036377,"Unknown"
"5020560",378673,2026-04-30 11:24:01,28.7996826171875,-17.7404346466064,"Unknown"
"5020560",378673,2026-04-30 11:25:01,28.7997512817383,-17.7404613494873,"Unknown"
"5020560",378673,2026-04-30 11:26:01,28.7998237609863,-17.7405090332031,"Unknown"
"5020560",378673,2026-04-30 11:27:02,28.7998943328857,-17.7405281066895,"Unknown"
"5020560",378673,2026-04-30 11:28:01,28.7999744415283,-17.7405395507812,"Unknown"
"5020560",378673,2026-04-30 11:29:01,28.8000392913818,-17.7405605316162,"Unknown"
"5020560",378673,2026-04-30 11:30:01,28.8001365661621,-17.7405796051025,"Unknown"
"5020560",378673,2026-04-30 11:31:01,28.8002052307129,-17.7405986785889,"Unknown"
"5020560",378673,2026-04-30 11:32:01,28.8003063201904,-17.7405872344971,"Unknown"
"5020560",378673,2026-04-30 11:33:01,28.8003940582275,-17.7405757904053,"Unknown"
"5020560",378673,2026-04-30 11:34:01,28.800500869751,-17.7406063079834,"Unknown"
"5020560",378673,2026-04-30 11:35:01,28.8006057739258,-17.7405872344971,"Unknown"
"5020560",378673,2026-04-30 11:36:01,28.8006782531738,-17.7406196594238,"Unknown"
"5020560",378673,2026-04-30 11:37:01,28.8008041381836,-17.7406177520752,"Unknown"
"5020560",378673,2026-04-30 11:38:01,28.8008861541748,-17.7406044006348,"Unknown"
"5020560",378673,2026-04-30 11:39:01,28.8009815216064,-17.7406139373779,"Unknown"
"5020560",378673,2026-04-30 11:40:02,28.8010807037354,-17.7406196594238,"Unknown"
"5020560",378673,2026-04-30 11:41:01,28.8011951446533,-17.7406539916992,"Unknown"
"5020560",378673,2026-04-30 11:42:01,28.8012886047363,-17.7406768798828,"Unknown"
"5020560",378673,2026-04-30 11:43:01,28.801383972168,-17.7406597137451,"Unknown"
"5020560",378673,2026-04-30 11:44:02,28.8014945983887,-17.7406539916992,"Unknown"
"5020560",378673,2026-04-30 11:45:01,28.8016109466553,-17.740650177002,"Unknown"
"5020560",378673,2026-04-30 11:46:01,28.8017311096191,-17.7406272888184,"Unknown"
"5020560",378673,2026-04-30 11:47:02,28.8018321990967,-17.7406234741211,"Unknown"
"5020560",378673,2026-04-30 11:48:03,28.8019580841064,-17.7406158447266,"Unknown"
"5020560",378673,2026-04-30 11:49:02,28.8020515441895,-17.7406044006348,"Unknown"
"5020560",378673,2026-04-30 11:50:33,28.8021869659424,-17.7406311035156,"Unknown"
"5020560",378673,2026-04-30 11:51:01,28.8022270202637,-17.7406597137451,"Unknown"
"5020560",378673,2026-04-30 11:52:00,28.8022918701172,-17.7407150268555,"Unknown"
"5020560",378673,2026-04-30 11:53:01,28.8023815155029,-17.7407741546631,"Unknown"
"5020560",378673,2026-04-30 11:54:01,28.8024520874023,-17.7408046722412,"Unknown"
"5020560",378673,2026-04-30 11:55:00,28.8025321960449,-17.7408027648926,"Unknown"
"5020560",378673,2026-04-30 11:56:01,28.8026161193848,-17.7408103942871,"Unknown"
"5020560",378673,2026-04-30 11:57:00,28.8027095794678,-17.7408466339111,"Unknown"
"5020560",378673,2026-04-30 11:58:01,28.802806854248,-17.7408466339111,"Unknown"
"5020560",378673,2026-04-30 11:59:00,28.8028755187988,-17.7408561706543,"Unknown"
"5020560",378673,2026-04-30 12:00:01,28.8029804229736,-17.740873336792,"Unknown"
"5020560",378673,2026-04-30 12:01:01,28.8030662536621,-17.7408847808838,"Unknown"
"5020560",378673,2026-04-30 12:02:01,28.803150177002,-17.740894317627,"Unknown"
"5020560",378673,2026-04-30 12:03:00,28.8032131195068,-17.740909576416,"Unknown"
"5020560",378673,2026-04-30 12:04:00,28.8033142089844,-17.7409210205078,"Unknown"
"5020560",378673,2026-04-30 12:05:00,28.8034591674805,-17.7409706115723,"Unknown"
"5020560",378673,2026-04-30 12:06:01,28.8035907745361,-17.7410144805908,"Unknown"
"5020560",378673,2026-04-30 12:07:01,28.8036785125732,-17.7410678863525,"Unknown"
"5020560",378673,2026-04-30 12:08:01,28.803768157959,-17.7411041259766,"Unknown"
"5020560",378673,2026-04-30 12:09:00,28.8038654327393,-17.7411632537842,"Unknown"
"5020560",378673,2026-04-30 12:10:00,28.8039970397949,-17.7412147521973,"Unknown"
"5020560",378673,2026-04-30 12:11:01,28.8041019439697,-17.7412738800049,"Unknown"
"5020560",378673,2026-04-30 12:12:01,28.8042030334473,-17.7413482666016,"Unknown"
"5020560",378673,2026-04-30 12:13:01,28.8043174743652,-17.7414035797119,"Unknown"
"5020560",378673,2026-04-30 12:14:03,28.8044300079346,-17.7414226531982,"Unknown"
"5020560",378673,2026-04-30 12:15:00,28.8045406341553,-17.7414875030518,"Unknown"
"5020560",378673,2026-04-30 12:16:03,28.8046703338623,-17.7415447235107,"Unknown"
"5020560",378673,2026-04-30 12:17:00,28.8047771453857,-17.7415924072266,"Unknown"
"5020560",378673,2026-04-30 12:18:01,28.8048686981201,-17.7416458129883,"Unknown"
"5020560",378673,2026-04-30 12:19:00,28.8049755096436,-17.7417011260986,"Unknown"
"5020560",378673,2026-04-30 12:20:01,28.8050994873047,-17.7417507171631,"Unknown"
"5020560",378673,2026-04-30 12:21:00,28.8052101135254,-17.7418155670166,"Unknown"
"5020560",378673,2026-04-30 12:22:00,28.8053321838379,-17.741870880127,"Unknown"
"5020560",378673,2026-04-30 12:23:01,28.8054370880127,-17.7419147491455,"Unknown"
"5020560",378673,2026-04-30 12:24:00,28.8055858612061,-17.7419490814209,"Unknown"
"5020560",378673,2026-04-30 12:25:00,28.8057060241699,-17.7419757843018,"Unknown"
"5020560",378673,2026-04-30 12:26:01,28.8058090209961,-17.7420215606689,"Unknown"
"5020560",378673,2026-04-30 12:27:01,28.8059482574463,-17.7420597076416,"Unknown"
"5020560",378673,2026-04-30 12:28:01,28.8060703277588,-17.7420883178711,"Unknown"
"5020560",378673,2026-04-30 12:29:01,28.8062019348145,-17.7421226501465,"Unknown"
"5020560",378673,2026-04-30 12:30:00,28.8063373565674,-17.7421398162842,"Unknown"
"5020560",378673,2026-04-30 12:31:00,28.806453704834,-17.7421951293945,"Unknown"
"5020560",378673,2026-04-30 12:32:00,28.8065872192383,-17.7422142028809,"Unknown"
"5020560",378673,2026-04-30 12:33:01,28.8067264556885,-17.7422409057617,"Unknown"
"5020560",378673,2026-04-30 12:34:00,28.80686378479,-17.7422695159912,"Unknown"
"5020560",378673,2026-04-30 12:35:00,28.8069667816162,-17.7423095703125,"Unknown"
"5020560",378673,2026-04-30 12:36:00,28.8070755004883,-17.7423553466797,"Unknown"
"5020560",378673,2026-04-30 12:37:00,28.8071613311768,-17.7424392700195,"Unknown"
"5020560",378673,2026-04-30 12:38:00,28.807279586792,-17.742546081543,"Unknown"
"5020560",378673,2026-04-30 12:39:01,28.8074169158936,-17.7425994873047,"Unknown"
"5020560",378673,2026-04-30 12:40:01,28.8075542449951,-17.742654800415,"Unknown"
"5020560",378673,2026-04-30 12:41:00,28.8076496124268,-17.7427062988281,"Unknown"
"5020560",378673,2026-04-30 12:42:00,28.8077793121338,-17.7427654266357,"Unknown"
"5020560",378673,2026-04-30 12:43:00,28.8079319000244,-17.7428226470947,"Unknown"
"5020560",378673,2026-04-30 12:44:01,28.808048248291,-17.7428779602051,"Unknown"
"5020560",378673,2026-04-30 12:45:00,28.808198928833,-17.7429313659668,"Unknown"
"5020560",378673,2026-04-30 12:46:01,28.8083305358887,-17.7429847717285,"Unknown"
"5020560",378673,2026-04-30 12:47:00,28.8084602355957,-17.7430324554443,"Unknown"
"5020560",378673,2026-04-30 12:48:00,28.8086071014404,-17.7431011199951,"Unknown"
"5020560",378673,2026-04-30 12:49:00,28.8087215423584,-17.7431678771973,"Unknown"
"5020560",378673,2026-04-30 12:50:00,28.8088512420654,-17.7432403564453,"Unknown"
"5020560",378673,2026-04-30 12:51:00,28.8089733123779,-17.7432994842529,"Unknown"
"5020560",378673,2026-04-30 12:52:00,28.8091278076172,-17.7433700561523,"Unknown"
"5020560",378673,2026-04-30 12:53:00,28.8092670440674,-17.7434215545654,"Unknown"
"5020560",378673,2026-04-30 12:54:00,28.8094158172607,-17.7434749603271,"Unknown"
"5020560",378673,2026-04-30 12:55:00,28.8095569610596,-17.743537902832,"Unknown"
"5020560",378673,2026-04-30 12:56:00,28.8096942901611,-17.7435932159424,"Unknown"
"5020560",378673,2026-04-30 12:57:01,28.8098335266113,-17.74365234375,"Unknown"
"5020560",378673,2026-04-30 12:58:01,28.8099746704102,-17.7437362670898,"Unknown"
"5020560",378673,2026-04-30 12:59:00,28.810115814209,-17.7438125610352,"Unknown"
"5020560",378673,2026-04-30 13:00:00,28.8102722167969,-17.7438526153564,"Unknown"
"5020560",378673,2026-04-30 13:01:00,28.8104000091553,-17.7438926696777,"Unknown"
"5020560",378673,2026-04-30 13:02:01,28.8105506896973,-17.7439460754395,"Unknown"
"5020560",378673,2026-04-30 13:03:03,28.8106822967529,-17.744010925293,"Unknown"
"5020560",378673,2026-04-30 13:04:00,28.8108158111572,-17.7440910339355,"Unknown"
"5020560",378673,2026-04-30 13:05:00,28.8109283447266,-17.7441215515137,"Unknown"
"5020560",378673,2026-04-30 13:06:00,28.8110980987549,-17.7441921234131,"Unknown"
"5020560",378673,2026-04-30 13:07:00,28.8112564086914,-17.7442245483398,"Unknown"
"5020560",378673,2026-04-30 13:08:00,28.811372756958,-17.7442779541016,"Unknown"
"5020560",378673,2026-04-30 13:09:01,28.8115196228027,-17.7443103790283,"Unknown"
"5020560",378673,2026-04-30 13:10:01,28.811637878418,-17.7443752288818,"Unknown"
"5020560",378673,2026-04-30 13:11:00,28.811767578125,-17.7444267272949,"Unknown"
"5020560",378673,2026-04-30 13:12:01,28.8119430541992,-17.7444877624512,"Unknown"
"5020560",378673,2026-04-30 13:13:00,28.8121109008789,-17.7445640563965,"Unknown"
"5020560",378673,2026-04-30 13:14:00,28.8122539520264,-17.744607925415,"Unknown"
"5020560",378673,2026-04-30 13:15:00,28.8123836517334,-17.7446479797363,"Unknown"
"5020560",378673,2026-04-30 13:16:01,28.8125381469727,-17.7446994781494,"Unknown"
"5020560",378673,2026-04-30 13:17:03,28.8126926422119,-17.7447757720947,"Unknown"
"5020560",378673,2026-04-30 13:18:00,28.8128490447998,-17.7448291778564,"Unknown"
"5020560",378673,2026-04-30 13:19:01,28.8129959106445,-17.7448711395264,"Unknown"
"5020560",378673,2026-04-30 13:20:01,28.8131523132324,-17.7449493408203,"Unknown"
"5020560",378673,2026-04-30 13:21:00,28.8132705688477,-17.7450160980225,"Unknown"
"5020560",378673,2026-04-30 13:22:00,28.8134117126465,-17.7450866699219,"Unknown"
"5020560",378673,2026-04-30 13:23:03,28.8135299682617,-17.7451858520508,"Unknown"
"5020560",378673,2026-04-30 13:24:01,28.8136672973633,-17.7452373504639,"Unknown"
"5020560",378673,2026-04-30 13:25:00,28.8138179779053,-17.7453060150146,"Unknown"
"5020560",378673,2026-04-30 13:26:00,28.8139305114746,-17.7454051971436,"Unknown"
"5020560",378673,2026-04-30 13:27:00,28.8140335083008,-17.7454566955566,"Unknown"
"5020560",378673,2026-04-30 13:28:00,28.8141803741455,-17.7455387115479,"Unknown"
"5020560",378673,2026-04-30 13:29:00,28.8142547607422,-17.7455978393555,"Unknown"
"5020560",378673,2026-04-30 13:30:00,28.814474105835,-17.7456512451172,"Unknown"
"5020560",378673,2026-04-30 13:31:01,28.8145980834961,-17.7457160949707,"Unknown"
"5020560",378673,2026-04-30 13:32:01,28.8147373199463,-17.7457904815674,"Unknown"
"5020560",378673,2026-04-30 13:33:00,28.8149242401123,-17.7458763122559,"Unknown"
"5020560",378673,2026-04-30 13:34:00,28.815013885498,-17.7459239959717,"Unknown"
"5020560",378673,2026-04-30 13:35:03,28.8151893615723,-17.7460193634033,"Unknown"
"5020560",378673,2026-04-30 13:36:00,28.815299987793,-17.7461109161377,"Unknown"
"5020560",378673,2026-04-30 13:37:03,28.8154716491699,-17.7461547851562,"Unknown"
"5020560",378673,2026-04-30 13:38:04,28.815601348877,-17.7462215423584,"Unknown"
"5020560",378673,2026-04-30 13:39:01,28.8157234191895,-17.7463130950928,"Unknown"
"5020560",378673,2026-04-30 13:40:02,28.8158874511719,-17.7463798522949,"Unknown"
"5020560",378673,2026-04-30 13:41:04,28.8160858154297,-17.7463684082031,"Unknown"
"5020560",378673,2026-04-30 13:42:04,28.8162498474121,-17.7463550567627,"Unknown"
"5020560",378673,2026-04-30 13:43:02,28.8163604736328,-17.7463722229004,"Unknown"
"5020560",378673,2026-04-30 13:44:04,28.816535949707,-17.7464256286621,"Unknown"
"5020560",378673,2026-04-30 13:45:04,28.8166809082031,-17.7464847564697,"Unknown"
"5020560",378673,2026-04-30 13:46:02,28.8168029785156,-17.7465400695801,"Unknown"
"5020560",378673,2026-04-30 13:47:04,28.8169498443604,-17.7466049194336,"Unknown"
"5020560",378673,2026-04-30 13:48:04,28.817102432251,-17.7466716766357,"Unknown"
"5020560",378673,2026-04-30 13:49:02,28.8172206878662,-17.7467460632324,"Unknown"
"5020560",378673,2026-04-30 13:50:02,28.817419052124,-17.74684715271,"Unknown"
"5020560",378673,2026-04-30 13:51:02,28.8175392150879,-17.7469234466553,"Unknown"
"5020560",378673,2026-04-30 13:52:04,28.8177185058594,-17.747034072876,"Unknown"
"5020560",378673,2026-04-30 13:53:02,28.8178977966309,-17.7471103668213,"Unknown"
"5020560",378673,2026-04-30 13:54:04,28.8180885314941,-17.747184753418,"Unknown"
"5020560",378673,2026-04-30 13:55:04,28.8182353973389,-17.7472839355469,"Unknown"
"5020560",378673,2026-04-30 13:56:02,28.8183975219727,-17.7473449707031,"Unknown"
"5020560",378673,2026-04-30 13:57:01,28.8185768127441,-17.7474594116211,"Unknown"
"5020560",378673,2026-04-30 13:58:04,28.8187503814697,-17.7475643157959,"Unknown"
"5020560",378673,2026-04-30 13:59:04,28.8189735412598,-17.7476482391357,"Unknown"
"5020560",378673,2026-04-30 14:00:35,28.8192119598389,-17.7478199005127,"Unknown"
"5020560",378673,2026-04-30 14:01:02,28.8192539215088,-17.7478923797607,"Unknown"
"5020560",378673,2026-04-30 14:02:04,28.8194675445557,-17.7480068206787,"Unknown"
"5020560",378673,2026-04-30 14:03:02,28.8196640014648,-17.7480888366699,"Unknown"
"5020560",378673,2026-04-30 14:04:02,28.8198108673096,-17.7482166290283,"Unknown"
"5020560",378673,2026-04-30 14:05:01,28.8200416564941,-17.7482929229736,"Unknown"
"5020560",378673,2026-04-30 14:06:02,28.8201999664307,-17.7483997344971,"Unknown"
"5020560",378673,2026-04-30 14:07:02,28.8203926086426,-17.7484817504883,"Unknown"
"5020560",378673,2026-04-30 14:08:02,28.8205966949463,-17.7485847473145,"Unknown"
"5020560",378673,2026-04-30 14:09:01,28.82080078125,-17.7486953735352,"Unknown"
"5020560",378673,2026-04-30 14:10:04,28.8209800720215,-17.7488040924072,"Unknown"
"5020560",378673,2026-04-30 14:11:02,28.8211841583252,-17.7488861083984,"Unknown"
"5020560",378673,2026-04-30 14:12:03,28.8213768005371,-17.7489700317383,"Unknown"
"5020560",378673,2026-04-30 14:13:02,28.8215579986572,-17.7490768432617,"Unknown"
"5020560",378673,2026-04-30 14:14:02,28.8217811584473,-17.7491550445557,"Unknown"
"5020560",378673,2026-04-30 14:15:02,28.82200050354,-17.7492713928223,"Unknown"
"5020560",378673,2026-04-30 14:16:04,28.8221874237061,-17.7494373321533,"Unknown"
"5020560",378673,2026-04-30 14:17:02,28.8223552703857,-17.7495727539062,"Unknown"
"5020560",378673,2026-04-30 14:18:03,28.8225612640381,-17.749683380127,"Unknown"
"5020560",378673,2026-04-30 14:19:03,28.8227424621582,-17.74977684021,"Unknown"
"5020560",378673,2026-04-30 14:20:02,28.8229007720947,-17.7499446868896,"Unknown"
"5020560",378673,2026-04-30 14:21:02,28.8230514526367,-17.750093460083,"Unknown"
"5020560",378673,2026-04-30 14:22:03,28.8232288360596,-17.7502174377441,"Unknown"
"5020560",378673,2026-04-30 14:23:02,28.8234119415283,-17.7503223419189,"Unknown"
"5020560",378673,2026-04-30 14:24:04,28.8235912322998,-17.750431060791,"Unknown"
"5020560",378673,2026-04-30 14:25:02,28.8237857818604,-17.7505435943604,"Unknown"
"5020560",378673,2026-04-30 14:26:04,28.8239898681641,-17.7506465911865,"Unknown"
"5020560",378673,2026-04-30 14:27:04,28.8241806030273,-17.7507839202881,"Unknown"
"5020560",378673,2026-04-30 14:28:04,28.8243675231934,-17.7509136199951,"Unknown"
"5020560",378673,2026-04-30 14:29:04,28.8245677947998,-17.7510204315186,"Unknown"
"5020560",378673,2026-04-30 14:30:04,28.8247547149658,-17.7511539459229,"Unknown"
"5020560",378673,2026-04-30 14:31:04,28.8249397277832,-17.7513046264648,"Unknown"
"5020560",378673,2026-04-30 14:32:02,28.8251533508301,-17.7514209747314,"Unknown"
"5020560",378673,2026-04-30 14:33:05,28.8253993988037,-17.7515316009521,"Unknown"
"5020560",378673,2026-04-30 14:34:04,28.825590133667,-17.7516593933105,"Unknown"
"5020560",378673,2026-04-30 14:35:04,28.8258075714111,-17.7517929077148,"Unknown"
"5020560",378673,2026-04-30 14:36:33,28.8261032104492,-17.7519779205322,"Unknown"
"5020560",378673,2026-04-30 14:37:01,28.8261966705322,-17.7520580291748,"Unknown"
"5020560",378673,2026-04-30 14:38:03,28.8223896026611,-17.7546501159668,"Unknown"
"5020560",378673,2026-04-30 14:39:01,28.8225421905518,-17.7547569274902,"Unknown"
"5020560",378673,2026-04-30 14:40:01,28.8226757049561,-17.7548522949219,"Unknown"
"5020560",378673,2026-04-30 14:41:02,28.822883605957,-17.7549095153809,"Unknown"
"5020560",378673,2026-04-30 14:42:02,28.8230514526367,-17.7549724578857,"Unknown"
"5020560",378673,2026-04-30 14:43:02,28.8231983184814,-17.754997253418,"Unknown"
"5020560",378673,2026-04-30 14:44:01,28.8233985900879,-17.7550849914551,"Unknown"
"5020560",378673,2026-04-30 14:45:01,28.8236236572266,-17.7552013397217,"Unknown"
"5020560",378673,2026-04-30 14:46:03,28.8238315582275,-17.7553405761719,"Unknown"
"5020560",378673,2026-04-30 14:47:02,28.8240566253662,-17.7554626464844,"Unknown"
"5020560",378673,2026-04-30 14:48:02,28.824254989624,-17.7555751800537,"Unknown"
"5020560",378673,2026-04-30 14:49:02,28.8232154846191,-17.7542552947998,"Unknown"
"5020560",378673,2026-04-30 14:50:02,28.8222732543945,-17.7511749267578,"Unknown"
"5020560",378673,2026-04-30 14:51:04,28.8209018707275,-17.7487831115723,"Unknown"
"5020560",378673,2026-04-30 14:52:02,28.8192939758301,-17.7451362609863,"Unknown"
"5020560",378673,2026-04-30 14:53:01,28.8196277618408,-17.7428894042969,"Unknown"
"5020560",378673,2026-04-30 14:54:02,28.8198375701904,-17.7429389953613,"Unknown"
"5020560",378673,2026-04-30 14:55:01,28.8199768066406,-17.7429752349854,"Unknown"
"5020560",378673,2026-04-30 14:56:01,28.8201999664307,-17.743034362793,"Unknown"
"5020560",378673,2026-04-30 14:57:01,28.8203754425049,-17.7430820465088,"Unknown"
"5020560",378673,2026-04-30 14:58:01,28.8205108642578,-17.7431373596191,"Unknown"
"5020560",378673,2026-04-30 14:59:01,28.8206596374512,-17.7431411743164,"Unknown"
"5020560",378673,2026-04-30 15:00:01,28.8198776245117,-17.7443141937256,"Unknown"
"5020560",378673,2026-04-30 15:01:02,28.820032119751,-17.7443294525146,"Unknown"
"5020560",378673,2026-04-30 15:02:02,28.820198059082,-17.744348526001,"Unknown"
"5020560",378673,2026-04-30 15:03:04,28.8203239440918,-17.744348526001,"Unknown"
"5020560",378673,2026-04-30 15:04:01,28.8204383850098,-17.7443466186523,"Unknown"
"5020560",378673,2026-04-30 15:05:01,28.8205490112305,-17.7443237304688,"Unknown"
"5020560",378673,2026-04-30 15:06:01,28.8206214904785,-17.7443332672119,"Unknown"
"5020560",378673,2026-04-30 15:07:01,28.8207817077637,-17.744348526001,"Unknown"
"5020560",378673,2026-04-30 15:08:01,28.8188152313232,-17.7445907592773,"Unknown"
"5020560",378673,2026-04-30 15:09:01,28.8194885253906,-17.7463874816895,"Unknown"
"5020560",378673,2026-04-30 15:10:04,28.8173065185547,-17.7457542419434,"Unknown"
"5020560",378673,2026-04-30 15:11:04,28.81715965271,-17.7474822998047,"Unknown"
"5020560",378673,2026-04-30 15:12:01,28.8170852661133,-17.7476654052734,"Unknown"
"5020560",378673,2026-04-30 15:13:04,28.8172931671143,-17.7477416992188,"Unknown"
"5020560",378673,2026-04-30 15:14:01,28.8174705505371,-17.7478103637695,"Unknown"
"5020560",378673,2026-04-30 15:15:01,28.8176593780518,-17.7478809356689,"Unknown"
"5020560",378673,2026-04-30 15:16:01,28.8178005218506,-17.7479553222656,"Unknown"
"5020560",378673,2026-04-30 15:17:02,28.8157005310059,-17.7510013580322,"Unknown"
"5020560",378673,2026-04-30 15:18:02,28.8105564117432,-17.7523231506348,"Unknown"
"5020560",378673,2026-04-30 15:19:01,28.8106746673584,-17.7523975372314,"Unknown"
"5020560",378673,2026-04-30 15:20:03,28.8126373291016,-17.7534122467041,"Unknown"
"5020560",378673,2026-04-30 15:21:04,28.8126487731934,-17.7528972625732,"Unknown"
"5020560",378673,2026-04-30 15:22:01,28.8105373382568,-17.7514801025391,"Unknown"
"5020560",378673,2026-04-30 15:23:02,28.8049983978271,-17.751220703125,"Unknown"
"5020560",378673,2026-04-30 15:24:02,28.8001308441162,-17.7502346038818,"Unknown"
"5020560",378673,2026-04-30 15:25:03,28.798921585083,-17.7503299713135,"Unknown"
"5020560",378673,2026-04-30 15:26:01,28.8004989624023,-17.7513847351074,"Unknown"
"5020560",378673,2026-04-30 15:27:01,28.8007488250732,-17.7515144348145,"Unknown"
"5020560",378673,2026-04-30 15:28:01,28.7977962493896,-17.7534255981445,"Unknown"
"5020560",378673,2026-04-30 15:29:04,28.7943496704102,-17.753044128418,"Unknown"
"5020560",378673,2026-04-30 15:30:06,28.7984199523926,-17.7516174316406,"Unknown"
"5020560",378673,2026-04-30 15:31:04,28.7995052337646,-17.7515544891357,"Unknown"
"5020560",378673,2026-04-30 15:32:03,28.797456741333,-17.7505054473877,"Unknown"
"5020560",378673,2026-04-30 15:33:05,28.7995529174805,-17.7464542388916,"Unknown"
"5020560",378673,2026-04-30 15:34:04,28.8073348999023,-17.7463054656982,"Unknown"
"5020560",378673,2026-04-30 15:35:03,28.8096122741699,-17.7461433410645,"Unknown"
"5020560",378673,2026-04-30 15:36:02,28.8099880218506,-17.746654510498,"Unknown"
"5020560",378673,2026-04-30 15:37:05,28.8112392425537,-17.7449588775635,"Unknown"
"5020560",378673,2026-04-30 15:38:23,28.8128204345703,-17.7450122833252,"Unknown"
"5020560",378673,2026-04-30 15:39:08,28.814489364624,-17.7449760437012,"Unknown"
"5020560",378673,2026-04-30 15:40:06,28.8145065307617,-17.7452964782715,"Unknown"
"5020560",378673,2026-04-30 15:41:03,28.8170509338379,-17.7448692321777,"Unknown"
"5020560",378673,2026-04-30 15:42:15,28.8161849975586,-17.744384765625,"Unknown"
"5020560",378673,2026-04-30 15:43:03,28.8170223236084,-17.7452774047852,"Unknown"
"5020560",378673,2026-04-30 15:44:03,28.8173274993896,-17.7468090057373,"Unknown"
"5020560",378673,2026-04-30 15:45:05,28.8175163269043,-17.7465229034424,"Unknown"
"5020560",378673,2026-04-30 15:46:10,28.8184661865234,-17.7449569702148,"Unknown"
"5020560",378673,2026-04-30 15:47:05,28.81862449646,-17.7449855804443,"Unknown"
"5020560",378673,2026-04-30 15:48:06,28.8188362121582,-17.7449989318848,"Unknown"
"5020560",378673,2026-04-30 15:49:06,28.8190116882324,-17.7450256347656,"Unknown"
"5020560",378673,2026-04-30 15:50:06,28.8192367553711,-17.745023727417,"Unknown"
"5020560",378673,2026-04-30 15:51:05,28.8194389343262,-17.7450180053711,"Unknown"
"5020560",378673,2026-04-30 15:52:07,28.8196697235107,-17.7450389862061,"Unknown"
"5020560",378673,2026-04-30 15:53:07,28.8198642730713,-17.7450561523438,"Unknown"
"5020560",378673,2026-04-30 15:54:06,28.82004737854,-17.7450466156006,"Unknown"
"5020560",378673,2026-04-30 15:55:06,28.8186817169189,-17.7471885681152,"Unknown"
"5020560",378673,2026-04-30 15:56:06,28.817907333374,-17.7477340698242,"Unknown"
"5020560",378673,2026-04-30 15:57:03,28.815486907959,-17.7463359832764,"Unknown"
"5020560",378673,2026-04-30 15:58:07,28.8141956329346,-17.7427272796631,"Unknown"
"5020560",378673,2026-04-30 16:00:30,28.819803237915,-17.7336521148682,"Unknown"
"5020560",378673,2026-04-30 16:02:00,28.8203048706055,-17.7358341217041,"Unknown"
"5020560",378673,2026-04-30 16:02:15,28.8203449249268,-17.7358379364014,"Unknown"
"5020560",378673,2026-04-30 16:03:04,28.8204402923584,-17.7358570098877,"Unknown"
"5020560",378673,2026-04-30 16:04:05,28.8205871582031,-17.7358570098877,"Unknown"
"5020560",378673,2026-04-30 16:05:04,28.8207225799561,-17.7358798980713,"Unknown"
"5020560",378673,2026-04-30 16:06:08,28.8208999633789,-17.7359008789062,"Unknown"
"5020560",378673,2026-04-30 16:07:04,28.8210487365723,-17.7359161376953,"Unknown"
"5020560",378673,2026-04-30 16:08:05,28.8211822509766,-17.7359085083008,"Unknown"
"5020560",378673,2026-04-30 16:09:05,28.8213577270508,-17.7359218597412,"Unknown"
"5020560",378673,2026-04-30 16:10:04,28.8215274810791,-17.7359046936035,"Unknown"
"5020560",378673,2026-04-30 16:11:04,28.8216743469238,-17.7358951568604,"Unknown"
"5020560",378673,2026-04-30 16:12:04,28.8218631744385,-17.7358551025391,"Unknown"
"5020560",378673,2026-04-30 16:13:04,28.8226070404053,-17.7362670898438,"Unknown"
"5020560",378673,2026-04-30 16:14:04,28.8227672576904,-17.7362842559814,"Unknown"
"5020560",378673,2026-04-30 16:15:05,28.8228969573975,-17.7363529205322,"Unknown"
"5020560",378673,2026-04-30 16:16:05,28.8230438232422,-17.7364044189453,"Unknown"
"5020560",378673,2026-04-30 16:17:04,28.8231868743896,-17.7364234924316,"Unknown"
"5020560",378673,2026-04-30 16:18:04,28.8233318328857,-17.7364196777344,"Unknown"
"5020560",378673,2026-04-30 16:19:07,28.8234825134277,-17.7364253997803,"Unknown"
"5020560",378673,2026-04-30 16:20:04,28.8235969543457,-17.7363662719727,"Unknown"
"5020560",378673,2026-04-30 16:21:04,28.823694229126,-17.7362766265869,"Unknown"
"5020560",378673,2026-04-30 16:22:04,28.8237972259521,-17.7362422943115,"Unknown"
"5020560",378673,2026-04-30 16:23:04,28.8239250183105,-17.736213684082,"Unknown"
"5020560",378673,2026-04-30 16:24:04,28.8240814208984,-17.7362747192383,"Unknown"
"5020560",378673,2026-04-30 16:25:04,28.82421875,-17.7362461090088,"Unknown"
"5020560",378673,2026-04-30 16:26:04,28.8243465423584,-17.7362480163574,"Unknown"
"5020560",378673,2026-04-30 16:27:06,28.8245182037354,-17.7362518310547,"Unknown"
"5020560",378673,2026-04-30 16:28:04,28.8246517181396,-17.736234664917,"Unknown"
"5020560",378673,2026-04-30 16:29:05,28.824893951416,-17.7362537384033,"Unknown"
"5020560",378673,2026-04-30 16:30:08,28.8249359130859,-17.7363052368164,"Unknown"
"5020560",378673,2026-04-30 16:31:05,28.8265819549561,-17.7350311279297,"Unknown"
"5020560",378673,2026-04-30 16:32:05,28.8254051208496,-17.732349395752,"Unknown"
"5020560",378673,2026-04-30 16:33:06,28.8255653381348,-17.7322654724121,"Unknown"
"5020560",378673,2026-04-30 16:34:04,28.8257331848145,-17.7322540283203,"Unknown"
"5020560",378673,2026-04-30 16:35:04,28.8258838653564,-17.7321662902832,"Unknown"
"5020560",378673,2026-04-30 16:36:04,28.8260364532471,-17.7321224212646,"Unknown"
"5020560",378673,2026-04-30 16:37:04,28.8261814117432,-17.7320232391357,"Unknown"
"5020560",378673,2026-04-30 16:38:14,28.8263339996338,-17.7318744659424,"Unknown"
"5020560",378673,2026-04-30 16:39:06,28.8264274597168,-17.7317333221436,"Unknown"
"5020560",378673,2026-04-30 16:40:07,28.8265609741211,-17.7316818237305,"Unknown"
"5020560",378673,2026-04-30 16:41:05,28.8266735076904,-17.7316036224365,"Unknown"
"5020560",378673,2026-04-30 16:42:07,28.8266925811768,-17.7315349578857,"Unknown"
"5020560",378673,2026-04-30 16:43:06,28.8269290924072,-17.7315158843994,"Unknown"
"5020560",378673,2026-04-30 16:44:04,28.8269691467285,-17.7313995361328,"Unknown"
"5020560",378673,2026-04-30 16:45:05,28.8271465301514,-17.7313823699951,"Unknown"
"5020560",378673,2026-04-30 16:46:05,28.8271961212158,-17.7312564849854,"Unknown"
"5020560",378673,2026-04-30 16:47:04,28.8273143768311,-17.7311477661133,"Unknown"
"5020560",378673,2026-04-30 16:48:04,28.8274345397949,-17.7310771942139,"Unknown"
"5020560",378673,2026-04-30 16:49:05,28.8275699615479,-17.7309608459473,"Unknown"
"5020560",378673,2026-04-30 16:50:04,28.8276691436768,-17.7309036254883,"Unknown"
"5020560",378673,2026-04-30 16:51:05,28.8278884887695,-17.7307796478271,"Unknown"
"5020560",378673,2026-04-30 16:52:05,28.8279056549072,-17.7307472229004,"Unknown"
"5020560",378673,2026-04-30 16:53:06,28.8280372619629,-17.7306385040283,"Unknown"
"5020560",378673,2026-04-30 16:54:05,28.8281478881836,-17.7305641174316,"Unknown"
"5020560",378673,2026-04-30 16:55:06,28.828296661377,-17.7304573059082,"Unknown"
"5020560",378673,2026-04-30 16:56:05,28.8284015655518,-17.7303791046143,"Unknown"
"5020560",378673,2026-04-30 16:57:04,28.8285217285156,-17.730260848999,"Unknown"
"5020560",378673,2026-04-30 16:58:04,28.8286476135254,-17.730188369751,"Unknown"
"5020560",378673,2026-04-30 16:59:07,28.8287982940674,-17.7301158905029,"Unknown"
"5020560",378673,2026-04-30 17:00:06,28.8289451599121,-17.7300987243652,"Unknown"
"5020560",378673,2026-04-30 17:01:08,28.8289241790771,-17.7298469543457,"Unknown"
"5020560",378673,2026-04-30 17:02:08,28.8290367126465,-17.7297210693359,"Unknown"
"5020560",378673,2026-04-30 17:03:06,28.8290977478027,-17.729606628418,"Unknown"
"5020560",378673,2026-04-30 17:04:07,28.8291683197021,-17.7295150756836,"Unknown"
"5020560",378673,2026-04-30 17:05:07,28.8292465209961,-17.7293453216553,"Unknown"
"5020560",378673,2026-04-30 17:06:06,28.8293495178223,-17.7292976379395,"Unknown"
"5020560",378673,2026-04-30 17:07:07,28.8294296264648,-17.7291870117188,"Unknown"
"5020560",378673,2026-04-30 17:08:08,28.8295555114746,-17.7291221618652,"Unknown"
"5020560",378673,2026-04-30 17:09:05,28.8296432495117,-17.7289886474609,"Unknown"
"5020560",378673,2026-04-30 17:10:16,28.8297157287598,-17.7289352416992,"Unknown"
"5020560",378673,2026-04-30 17:11:07,28.8297996520996,-17.7288856506348,"Unknown"
"5020560",378673,2026-04-30 17:12:09,28.8299083709717,-17.7288360595703,"Unknown"
"5020560",378673,2026-04-30 17:13:07,28.8299980163574,-17.7287158966064,"Unknown"
"5020560",378673,2026-04-30 17:14:13,28.8300590515137,-17.7285957336426,"Unknown"
"5020560",378673,2026-04-30 17:15:16,28.830135345459,-17.7284507751465,"Unknown"
"5020560",378673,2026-04-30 17:16:16,28.8302154541016,-17.7283706665039,"Unknown"
"5020560",378673,2026-04-30 17:17:33,28.83034324646,-17.7282676696777,"Unknown"
"5020560",378673,2026-04-30 17:18:05,28.8303928375244,-17.7282085418701,"Unknown"
"5020560",378673,2026-04-30 17:19:05,28.8304500579834,-17.7281608581543,"Unknown"
"5020560",378673,2026-04-30 17:20:05,28.8305721282959,-17.7280769348145,"Unknown"
"5020560",378673,2026-04-30 17:21:05,28.8306293487549,-17.7280178070068,"Unknown"
"5020560",378673,2026-04-30 17:22:06,28.8306980133057,-17.7279510498047,"Unknown"
"5020560",378673,2026-04-30 17:23:05,28.8307914733887,-17.7279205322266,"Unknown"
"5020560",378673,2026-04-30 17:24:05,28.8308773040771,-17.7278518676758,"Unknown"
"5020560",378673,2026-04-30 17:25:05,28.8310146331787,-17.7278118133545,"Unknown"
"5020560",378673,2026-04-30 17:26:05,28.8310947418213,-17.7277450561523,"Unknown"
"5020560",378673,2026-04-30 17:27:04,28.8311710357666,-17.7276878356934,"Unknown"
"5020560",378673,2026-04-30 17:28:05,28.8312664031982,-17.7276077270508,"Unknown"
"5020560",378673,2026-04-30 17:29:05,28.8313846588135,-17.7275218963623,"Unknown"
"5020560",378673,2026-04-30 17:30:05,28.8314876556396,-17.7274303436279,"Unknown"
"5020560",378673,2026-04-30 17:31:05,28.831579208374,-17.727331161499,"Unknown"
"5020560",378673,2026-04-30 17:32:05,28.8316993713379,-17.7272987365723,"Unknown"
"5020560",378673,2026-04-30 17:33:05,28.8317947387695,-17.7272644042969,"Unknown"
"5020560",378673,2026-04-30 17:34:05,28.831859588623,-17.7272396087646,"Unknown"
"5020560",378673,2026-04-30 17:35:05,28.8317699432373,-17.7306270599365,"Unknown"
"5020560",378673,2026-04-30 17:36:05,28.8324966430664,-17.7310905456543,"Unknown"
"5020560",378673,2026-04-30 17:37:05,28.8325691223145,-17.7310428619385,"Unknown"
"5020560",378673,2026-04-30 17:38:05,28.8326053619385,-17.7309513092041,"Unknown"
"5020560",378673,2026-04-30 17:39:04,28.8326530456543,-17.7309112548828,"Unknown"
"5020560",378673,2026-04-30 17:40:05,28.8327083587646,-17.7308387756348,"Unknown"
"5020560",378673,2026-04-30 17:41:05,28.8327751159668,-17.7307624816895,"Unknown"
"5020560",378673,2026-04-30 17:42:05,28.8328266143799,-17.7306976318359,"Unknown"
"5020560",378673,2026-04-30 17:43:04,28.8328762054443,-17.7306270599365,"Unknown"
"5020560",378673,2026-04-30 17:44:05,28.8329200744629,-17.7305908203125,"Unknown"
"5020560",378673,2026-04-30 17:45:05,28.832986831665,-17.730525970459,"Unknown"
"5020560",378673,2026-04-30 17:46:05,28.8330669403076,-17.7304992675781,"Unknown"
"5020560",378673,2026-04-30 17:47:05,28.8331432342529,-17.7304210662842,"Unknown"
"5020560",378673,2026-04-30 17:48:04,28.8332023620605,-17.7303161621094,"Unknown"
"5020560",378673,2026-04-30 17:49:04,28.8332290649414,-17.7302188873291,"Unknown"
"5020560",378673,2026-04-30 17:50:05,28.8332824707031,-17.7301177978516,"Unknown"
"5020560",378673,2026-04-30 17:51:05,28.8333625793457,-17.7300319671631,"Unknown"
"5020560",378673,2026-04-30 17:52:04,28.8333854675293,-17.7299194335938,"Unknown"
"5020560",378673,2026-04-30 17:53:04,28.8334121704102,-17.729829788208,"Unknown"
"5020560",378673,2026-04-30 17:54:04,28.8334274291992,-17.72975730896,"Unknown"
"5020560",378673,2026-04-30 17:55:06,28.8334312438965,-17.7297210693359,"Unknown"
"5020560",378673,2026-04-30 17:56:06,28.8334655761719,-17.7297039031982,"Unknown"
"5020560",378673,2026-04-30 17:57:05,28.8334980010986,-17.7296581268311,"Unknown"
"5020560",378673,2026-04-30 17:58:06,28.8335266113281,-17.7296161651611,"Unknown"
"5020560",378673,2026-04-30 17:59:06,28.8335971832275,-17.7295761108398,"Unknown"
"5020560",378673,2026-04-30 18:00:06,28.8336200714111,-17.7295017242432,"Unknown"
"5020560",378673,2026-04-30 18:01:06,28.8336410522461,-17.7294483184814,"Unknown"
"5020560",378673,2026-04-30 18:02:06,28.8336620330811,-17.7293834686279,"Unknown"
"5020560",378673,2026-04-30 18:03:06,28.8336887359619,-17.7293262481689,"Unknown"
"5020560",378673,2026-04-30 18:04:05,28.8337306976318,-17.7293262481689,"Unknown"
"5020560",378673,2026-04-30 18:05:06,28.8337478637695,-17.7292156219482,"Unknown"
"5020560",378673,2026-04-30 18:06:06,28.8337802886963,-17.7291469573975,"Unknown"
"5020560",378673,2026-04-30 18:07:06,28.833812713623,-17.7290878295898,"Unknown"
"5020560",378673,2026-04-30 18:08:06,28.8338508605957,-17.7289905548096,"Unknown"
"5020560",378673,2026-04-30 18:09:06,28.8338260650635,-17.7289657592773,"Unknown"
"5020560",378673,2026-04-30 18:10:06,28.8338375091553,-17.7288875579834,"Unknown"
"5020560",378673,2026-04-30 18:11:06,28.8338642120361,-17.7288570404053,"Unknown"
"5020560",378673,2026-04-30 18:12:06,28.8338832855225,-17.7287540435791,"Unknown"
"5020560",378673,2026-04-30 18:13:11,28.8338966369629,-17.7287139892578,"Unknown"
"5020560",378673,2026-04-30 18:14:33,28.833890914917,-17.7286224365234,"Unknown"
"5020560",378673,2026-04-30 18:15:06,28.8338794708252,-17.7285575866699,"Unknown"
"5020560",378673,2026-04-30 18:16:06,28.8338851928711,-17.728443145752,"Unknown"
"5020560",378673,2026-04-30 18:17:05,28.8338508605957,-17.7283554077148,"Unknown"
"5020560",378673,2026-04-30 18:18:05,28.8338146209717,-17.7282905578613,"Unknown"
"5020560",378673,2026-04-30 18:19:06,28.8338203430176,-17.7282333374023,"Unknown"
"5020560",378673,2026-04-30 18:20:05,28.8338375091553,-17.7281627655029,"Unknown"
"5020560",378673,2026-04-30 18:21:05,28.8338508605957,-17.7281036376953,"Unknown"
"5020560",378673,2026-04-30 18:22:06,28.8338451385498,-17.7280426025391,"Unknown"
"5020560",378673,2026-04-30 18:23:06,28.8338489532471,-17.7280025482178,"Unknown"
"5020560",378673,2026-04-30 18:24:06,28.8338470458984,-17.727933883667,"Unknown"
"5020560",378673,2026-04-30 18:25:06,28.8338775634766,-17.7278842926025,"Unknown"
"5020560",378673,2026-04-30 18:26:06,28.8339061737061,-17.7278270721436,"Unknown"
"5020560",378673,2026-04-30 18:27:06,28.8339233398438,-17.7277793884277,"Unknown"
"5020560",378673,2026-04-30 18:28:07,28.8339424133301,-17.7277240753174,"Unknown"
"5020560",378673,2026-04-30 18:29:07,28.8336162567139,-17.7264881134033,"Unknown"
"5020560",378673,2026-04-30 18:30:07,28.8306255340576,-17.7211627960205,"Unknown"
"5020560",378673,2026-04-30 18:31:07,28.8342418670654,-17.7158393859863,"Unknown"
"5020560",378673,2026-04-30 18:36:06,28.8376731872559,-17.6961250305176,"Unknown"
"5020560",378673,2026-04-30 18:41:07,28.8378009796143,-17.6957874298096,"Unknown"
"5020560",378673,2026-04-30 18:46:09,28.837869644165,-17.6953754425049,"Unknown"
"5020560",378673,2026-04-30 18:51:06,28.8379173278809,-17.6950740814209,"Unknown"
"5020560",378673,2026-04-30 18:56:07,28.8381443023682,-17.6948299407959,"Unknown"
"5020560",378673,2026-04-30 19:01:07,28.8353576660156,-17.6954250335693,"Unknown"
"5020560",378673,2026-04-30 19:06:07,28.8058319091797,-17.7070617675781,"Unknown"
"5020560",378673,2026-04-30 19:11:07,28.7971954345703,-17.7333869934082,"Unknown"
"5020560",378673,2026-04-30 19:16:07,28.7956352233887,-17.7359676361084,"Unknown"
"5020560",378673,2026-04-30 19:17:06,28.7956733703613,-17.7359676361084,"Unknown"
"5020560",378673,2026-04-30 19:18:07,28.7957172393799,-17.7359828948975,"Unknown"
"5020560",378673,2026-04-30 19:19:07,28.7957592010498,-17.7359809875488,"Unknown"
"5020560",378673,2026-04-30 19:20:07,28.7958030700684,-17.7359504699707,"Unknown"
"5020560",378673,2026-04-30 19:21:06,28.7958374023438,-17.7359638214111,"Unknown"
"5020560",378673,2026-04-30 19:22:06,28.7958869934082,-17.7359485626221,"Unknown"
"5020560",378673,2026-04-30 19:23:06,28.7959671020508,-17.735954284668,"Unknown"
"5020560",378673,2026-04-30 19:24:07,28.7960758209229,-17.7359313964844,"Unknown"
"5020560",378673,2026-04-30 19:25:07,28.7961463928223,-17.7359409332275,"Unknown"
"5020560",378673,2026-04-30 19:26:07,28.7962169647217,-17.7359924316406,"Unknown"
"5020560",378673,2026-04-30 19:27:07,28.7962856292725,-17.7359771728516,"Unknown"
"5020560",378673,2026-04-30 19:28:09,28.7963981628418,-17.7359714508057,"Unknown"
"5020560",378673,2026-04-30 19:29:07,28.796501159668,-17.7359981536865,"Unknown"
"5020560",378673,2026-04-30 19:30:07,28.7965850830078,-17.7360343933105,"Unknown"
"5020560",378673,2026-04-30 19:31:07,28.7966423034668,-17.7359752655029,"Unknown"
"5020560",378673,2026-04-30 19:32:07,28.7966861724854,-17.7359848022461,"Unknown"
"5020560",378673,2026-04-30 19:33:07,28.7967376708984,-17.7360591888428,"Unknown"
"5020560",378673,2026-04-30 19:34:07,28.7968826293945,-17.7361450195312,"Unknown"
"5020560",378673,2026-04-30 19:35:07,28.796968460083,-17.7361888885498,"Unknown"
"5020560",378673,2026-04-30 19:36:07,28.7970542907715,-17.736177444458,"Unknown"
"5020560",378673,2026-04-30 19:37:07,28.7971591949463,-17.7362060546875,"Unknown"
"5020560",378673,2026-04-30 19:38:09,28.7972526550293,-17.7362594604492,"Unknown"
"5020560",378673,2026-04-30 19:39:07,28.7973823547363,-17.7362594604492,"Unknown"
"5020560",378673,2026-04-30 19:40:09,28.7974586486816,-17.7362422943115,"Unknown"
"5020560",378673,2026-04-30 19:41:09,28.7975482940674,-17.7362518310547,"Unknown"
"5020560",378673,2026-04-30 19:42:09,28.7976417541504,-17.7362632751465,"Unknown"
"5020560",378673,2026-04-30 19:43:09,28.7977199554443,-17.736255645752,"Unknown"
"5020560",378673,2026-04-30 19:44:09,28.7978286743164,-17.7362804412842,"Unknown"
"5020560",378673,2026-04-30 19:45:09,28.7979202270508,-17.7363014221191,"Unknown"
"5020560",378673,2026-04-30 19:46:10,28.7979984283447,-17.7363147735596,"Unknown"
"5020560",378673,2026-04-30 19:47:10,28.7980804443359,-17.7363586425781,"Unknown"
"5020560",378673,2026-04-30 19:48:07,28.7981777191162,-17.7364120483398,"Unknown"
"5020560",378673,2026-04-30 19:49:09,28.7982654571533,-17.7364692687988,"Unknown"
"5020560",378673,2026-04-30 19:50:09,28.7983074188232,-17.7365074157715,"Unknown"
"5020560",378673,2026-04-30 19:51:07,28.798412322998,-17.7365703582764,"Unknown"
"5020560",378673,2026-04-30 19:52:09,28.7984924316406,-17.7366237640381,"Unknown"
"5020560",378673,2026-04-30 19:53:08,28.7985801696777,-17.7366142272949,"Unknown"
"5020560",378673,2026-04-30 19:54:07,28.7987174987793,-17.7367134094238,"Unknown"
"5020560",378673,2026-04-30 19:55:09,28.7987670898438,-17.7367401123047,"Unknown"
"5020560",378673,2026-04-30 19:56:10,28.7988891601562,-17.7367534637451,"Unknown"
"5020560",378673,2026-04-30 19:57:09,28.7989921569824,-17.736780166626,"Unknown"
"5020560",378673,2026-04-30 19:58:09,28.7991142272949,-17.7368144989014,"Unknown"
"5020560",378673,2026-04-30 19:59:07,28.7992286682129,-17.7368907928467,"Unknown"
"5020560",378673,2026-04-30 20:00:10,28.7992858886719,-17.7369327545166,"Unknown"
"5020560",378673,2026-04-30 20:01:09,28.7993659973145,-17.7370300292969,"Unknown"
"5020560",378673,2026-04-30 20:02:10,28.7994537353516,-17.7371234893799,"Unknown"
"5020560",378673,2026-04-30 20:03:08,28.7995281219482,-17.7371616363525,"Unknown"
"5020560",378673,2026-04-30 20:04:10,28.7996273040771,-17.7372665405273,"Unknown"
"5020560",378673,2026-04-30 20:05:09,28.7997131347656,-17.7373371124268,"Unknown"
"5020560",378673,2026-04-30 20:06:10,28.7997894287109,-17.7373867034912,"Unknown"
"5020560",378673,2026-04-30 20:07:11,28.7998638153076,-17.7374839782715,"Unknown"
"5020560",378673,2026-04-30 20:08:11,28.7999267578125,-17.7375831604004,"Unknown"
"5020560",378673,2026-04-30 20:09:07,28.8012371063232,-17.73948097229,"Unknown"
"5020560",378673,2026-04-30 20:10:07,28.8031959533691,-17.7432136535645,"Unknown"
"5020560",378673,2026-04-30 20:11:09,28.8015041351318,-17.7457256317139,"Unknown"
"5020560",378673,2026-04-30 20:12:09,28.8015003204346,-17.7456874847412,"Unknown"
"5020560",378673,2026-04-30 20:13:33,28.8015937805176,-17.7456893920898,"Unknown"
"5020560",378673,2026-04-30 20:14:07,28.8016338348389,-17.7456588745117,"Unknown"
"5020560",378673,2026-04-30 20:15:07,28.8016986846924,-17.745662689209,"Unknown"
"5020560",378673,2026-04-30 20:16:07,28.8017692565918,-17.7456455230713,"Unknown"
"5020560",378673,2026-04-30 20:17:06,28.8018341064453,-17.7456493377686,"Unknown"
"5020560",378673,2026-04-30 20:18:07,28.8018798828125,-17.7456474304199,"Unknown"
"5020560",378673,2026-04-30 20:19:07,28.8019428253174,-17.7456569671631,"Unknown"
"5020560",378673,2026-04-30 20:20:07,28.8019866943359,-17.7456455230713,"Unknown"
"5020560",378673,2026-04-30 20:21:07,28.8020534515381,-17.7456436157227,"Unknown"
"5020560",378673,2026-04-30 20:22:07,28.802131652832,-17.7456130981445,"Unknown"
"5020560",378673,2026-04-30 20:23:07,28.8022232055664,-17.7455615997314,"Unknown"
"5020560",378673,2026-04-30 20:24:07,28.8022975921631,-17.7455425262451,"Unknown"
"5020560",378673,2026-04-30 20:25:07,28.802360534668,-17.7455310821533,"Unknown"
"5020560",378673,2026-04-30 20:26:07,28.8024520874023,-17.7455272674561,"Unknown"
"5020560",378673,2026-04-30 20:27:07,28.80251121521,-17.745491027832,"Unknown"
"5020560",378673,2026-04-30 20:28:07,28.8025894165039,-17.7454776763916,"Unknown"
"5020560",378673,2026-04-30 20:29:07,28.8026313781738,-17.7454528808594,"Unknown"
"5020560",378673,2026-04-30 20:30:07,28.8006267547607,-17.744068145752,"Unknown"
"5020560",378673,2026-04-30 20:31:07,28.7977504730225,-17.7451591491699,"Unknown"
"5020560",378673,2026-04-30 20:32:07,28.7977771759033,-17.7451705932617,"Unknown"
"5020560",378673,2026-04-30 20:33:07,28.7978401184082,-17.7451515197754,"Unknown"
"5020560",378673,2026-04-30 20:34:07,28.7979125976562,-17.7451152801514,"Unknown"
"5020560",378673,2026-04-30 20:35:07,28.7979564666748,-17.7450771331787,"Unknown"
"5020560",378673,2026-04-30 20:36:06,28.7980403900146,-17.7450504302979,"Unknown"
"5020560",378673,2026-04-30 20:37:07,28.7980632781982,-17.7449569702148,"Unknown"
"5020560",378673,2026-04-30 20:38:07,28.79807472229,-17.7449645996094,"Unknown"
"5020560",378673,2026-04-30 20:39:07,28.7981281280518,-17.7449035644531,"Unknown"
"5020560",378673,2026-04-30 20:40:07,28.7981433868408,-17.7448768615723,"Unknown"
"5020560",378673,2026-04-30 20:41:07,28.7981739044189,-17.7448444366455,"Unknown"
"5020560",378673,2026-04-30 20:42:07,28.7982063293457,-17.7448043823242,"Unknown"
"5020560",378673,2026-04-30 20:43:07,28.7982311248779,-17.7447814941406,"Unknown"
"5020560",378673,2026-04-30 20:44:07,28.7982940673828,-17.7447395324707,"Unknown"
"5020560",378673,2026-04-30 20:45:06,28.7983837127686,-17.7447071075439,"Unknown"
"5020560",378673,2026-04-30 20:46:07,28.7984237670898,-17.7446784973145,"Unknown"
"5020560",378673,2026-04-30 20:47:06,28.7984657287598,-17.7446594238281,"Unknown"
"5020560",378673,2026-04-30 20:48:07,28.7984771728516,-17.7446098327637,"Unknown"
"5020560",378673,2026-04-30 20:49:07,28.7985363006592,-17.7445793151855,"Unknown"
"5020560",378673,2026-04-30 20:50:07,28.7985973358154,-17.7445278167725,"Unknown"
"5020560",378673,2026-04-30 20:51:07,28.7985591888428,-17.7445125579834,"Unknown"
"5020560",378673,2026-04-30 20:52:07,28.7985935211182,-17.7444820404053,"Unknown"
"5020560",378673,2026-04-30 20:53:07,28.7986354827881,-17.7444496154785,"Unknown"
"5020560",378673,2026-04-30 20:54:07,28.7986679077148,-17.7444381713867,"Unknown"
"5020560",378673,2026-04-30 20:55:07,28.7987194061279,-17.7444000244141,"Unknown"
"5020560",378673,2026-04-30 20:56:07,28.7987194061279,-17.7443523406982,"Unknown"
"5020560",378673,2026-04-30 20:57:06,28.7987174987793,-17.7443351745605,"Unknown"
"5020560",378673,2026-04-30 20:58:07,28.7987728118896,-17.7443256378174,"Unknown"
"5020560",378673,2026-04-30 20:59:07,28.7993316650391,-17.7456493377686,"Unknown"
"5020560",378673,2026-04-30 21:00:07,28.79616355896,-17.7451095581055,"Unknown"
"5020560",378673,2026-04-30 21:01:08,28.7996292114258,-17.7439613342285,"Unknown"
"5020560",378673,2026-04-30 21:02:07,28.7995948791504,-17.7438316345215,"Unknown"
"5020560",378673,2026-04-30 21:03:07,28.7996139526367,-17.7437686920166,"Unknown"
"5020560",378673,2026-04-30 21:04:09,28.7996711730957,-17.7437419891357,"Unknown"
"5020560",378673,2026-04-30 21:05:07,28.799654006958,-17.743673324585,"Unknown"
"5020560",378673,2026-04-30 21:06:07,28.7997150421143,-17.743595123291,"Unknown"
"5020560",378673,2026-04-30 21:07:07,28.7997283935547,-17.7435970306396,"Unknown"
"5020560",378673,2026-04-30 21:08:07,28.7997856140137,-17.7435817718506,"Unknown"
"5020560",378673,2026-04-30 21:09:06,28.7998714447021,-17.7435512542725,"Unknown"
"5020560",378673,2026-04-30 21:10:06,28.799934387207,-17.7435073852539,"Unknown"
"5020560",378673,2026-04-30 21:11:07,28.7999610900879,-17.7434940338135,"Unknown"
"5020560",378673,2026-04-30 21:12:07,28.8000431060791,-17.7435245513916,"Unknown"
"5020560",378673,2026-04-30 21:13:07,28.8000392913818,-17.7435054779053,"Unknown"
"5020560",378673,2026-04-30 21:14:06,28.8001003265381,-17.743444442749,"Unknown"
"5020560",378673,2026-04-30 21:15:06,28.8001174926758,-17.74338722229,"Unknown"
"5020560",378673,2026-04-30 21:16:07,28.8001804351807,-17.7432689666748,"Unknown"
"5020560",378673,2026-04-30 21:17:07,28.8002071380615,-17.7432136535645,"Unknown"
"5020560",378673,2026-04-30 21:18:06,28.8002223968506,-17.7431964874268,"Unknown"
"5020560",378673,2026-04-30 21:19:06,28.8002891540527,-17.7431869506836,"Unknown"
"5020560",378673,2026-04-30 21:20:06,28.8002967834473,-17.743106842041,"Unknown"
"5020560",378673,2026-04-30 21:21:07,28.8003520965576,-17.7430896759033,"Unknown"
"5020560",378673,2026-04-30 21:22:07,28.8003540039062,-17.743070602417,"Unknown"
"5020560",378673,2026-04-30 21:23:07,28.8004207611084,-17.7430591583252,"Unknown"
"5020560",378673,2026-04-30 21:24:07,28.8004283905029,-17.7430362701416,"Unknown"
"5020560",378673,2026-04-30 21:25:07,28.8004722595215,-17.7429676055908,"Unknown"
"5020560",378673,2026-04-30 21:26:07,28.8004741668701,-17.7429027557373,"Unknown"
"5020560",378673,2026-04-30 21:27:06,28.8004837036133,-17.7428207397461,"Unknown"
"5020560",378673,2026-04-30 21:28:07,28.8005409240723,-17.7427749633789,"Unknown"
"5020560",378673,2026-04-30 21:29:07,28.8005771636963,-17.7427215576172,"Unknown"
"5020560",378673,2026-04-30 21:30:07,28.8006229400635,-17.7426319122314,"Unknown"
"5020560",378673,2026-04-30 21:31:07,28.800666809082,-17.7425689697266,"Unknown"
"5020560",378673,2026-04-30 21:32:07,28.8007545471191,-17.742504119873,"Unknown"
"5020560",378673,2026-04-30 21:33:07,28.8007698059082,-17.7424297332764,"Unknown"
"5020560",378673,2026-04-30 21:34:07,28.8007946014404,-17.7424182891846,"Unknown"
"5020560",378673,2026-04-30 21:35:07,28.8008403778076,-17.7423820495605,"Unknown"
"5020560",378673,2026-04-30 21:36:07,28.8009300231934,-17.7423191070557,"Unknown"
"5020560",378673,2026-04-30 21:37:07,28.8009967803955,-17.7422962188721,"Unknown"
"5020560",378673,2026-04-30 21:38:07,28.8010787963867,-17.742301940918,"Unknown"
"5020560",378673,2026-04-30 21:39:07,28.8011798858643,-17.7422561645508,"Unknown"
"5020560",378673,2026-04-30 21:40:08,28.8013343811035,-17.7422122955322,"Unknown"
"5020560",378673,2026-04-30 21:41:08,28.8014831542969,-17.7421646118164,"Unknown"
"5020560",378673,2026-04-30 21:42:07,28.8016014099121,-17.7420921325684,"Unknown"
"5020560",378673,2026-04-30 21:43:07,28.8016757965088,-17.7420597076416,"Unknown"
"5020560",378673,2026-04-30 21:44:07,28.8017349243164,-17.7419986724854,"Unknown"
"5020560",378673,2026-04-30 21:45:07,28.8017883300781,-17.7419166564941,"Unknown"
"5020560",378673,2026-04-30 21:46:09,28.8018608093262,-17.7417888641357,"Unknown"
"5020560",378673,2026-04-30 21:47:07,28.8019599914551,-17.7416553497314,"Unknown"
"5020560",378673,2026-04-30 21:48:07,28.8020286560059,-17.7415504455566,"Unknown"
"5020560",378673,2026-04-30 21:49:07,28.802074432373,-17.7414436340332,"Unknown"
"5020560",378673,2026-04-30 21:50:07,28.799861907959,-17.741325378418,"Unknown"
"5020560",378673,2026-04-30 21:51:07,28.795280456543,-17.741792678833,"Unknown"
"5020560",378673,2026-04-30 21:52:07,28.79368019104,-17.7419471740723,"Unknown"
"5020560",378673,2026-04-30 21:53:08,28.7937088012695,-17.7419471740723,"Unknown"
"5020560",378673,2026-04-30 21:54:09,28.7937660217285,-17.7418956756592,"Unknown"
"5020560",378673,2026-04-30 21:55:09,28.7938060760498,-17.7417678833008,"Unknown"
"5020560",378673,2026-04-30 21:56:07,28.7938480377197,-17.7416973114014,"Unknown"
"5020560",378673,2026-04-30 21:57:08,28.7939643859863,-17.7416362762451,"Unknown"
"5020560",378673,2026-04-30 21:58:07,28.7940425872803,-17.7416191101074,"Unknown"
"5020560",378673,2026-04-30 21:59:07,28.7941226959229,-17.7416095733643,"Unknown"
"5020560",378673,2026-04-30 22:00:07,28.7941913604736,-17.7416229248047,"Unknown"
"5020560",378673,2026-04-30 22:01:07,28.7942390441895,-17.7415580749512,"Unknown"
"5020560",378673,2026-04-30 22:02:07,28.7943058013916,-17.7414855957031,"Unknown"
"5020560",378673,2026-04-30 22:03:07,28.7943572998047,-17.7414093017578,"Unknown"
"5020560",378673,2026-04-30 22:04:07,28.7944164276123,-17.7413463592529,"Unknown"
"5020560",378673,2026-04-30 22:05:08,28.7944889068604,-17.7413024902344,"Unknown"
"5020560",378673,2026-04-30 22:06:07,28.794490814209,-17.7412605285645,"Unknown"
"5020560",378673,2026-04-30 22:07:08,28.7945690155029,-17.7412605285645,"Unknown"
"5020560",378673,2026-04-30 22:08:10,28.7946090698242,-17.7412300109863,"Unknown"
"5020560",378673,2026-04-30 22:09:11,28.7946186065674,-17.7411670684814,"Unknown"
"5020560",378673,2026-04-30 22:10:07,28.7946834564209,-17.7410850524902,"Unknown"
"5020560",378673,2026-04-30 22:11:09,28.7947196960449,-17.741024017334,"Unknown"
"5020560",378673,2026-04-30 22:12:07,28.7947750091553,-17.7409801483154,"Unknown"
"5020560",378673,2026-04-30 22:13:07,28.7948112487793,-17.7408771514893,"Unknown"
"5020560",378673,2026-04-30 22:14:07,28.794849395752,-17.7407894134521,"Unknown"
"5020560",378673,2026-04-30 22:15:07,28.7948741912842,-17.7406921386719,"Unknown"
"5020560",378673,2026-04-30 22:16:08,28.7948780059814,-17.7406463623047,"Unknown"
"5020560",378673,2026-04-30 22:17:33,28.7949237823486,-17.7405948638916,"Unknown"
"5020560",378673,2026-04-30 22:18:06,28.7949352264404,-17.7405910491943,"Unknown"
"5020560",378673,2026-04-30 22:19:06,28.7949848175049,-17.7405090332031,"Unknown"
"5020560",378673,2026-04-30 22:20:06,28.7950286865234,-17.74045753479,"Unknown"
"5020560",378673,2026-04-30 22:21:07,28.7950477600098,-17.7404346466064,"Unknown"
"5020560",378673,2026-04-30 22:22:08,28.795093536377,-17.7403564453125,"Unknown"
"5020560",378673,2026-04-30 22:23:06,28.7951850891113,-17.7403125762939,"Unknown"
"5020560",378673,2026-04-30 22:24:06,28.7952461242676,-17.7402362823486,"Unknown"
"5020560",378673,2026-04-30 22:25:09,28.7952194213867,-17.7401638031006,"Unknown"
"5020560",378673,2026-04-30 22:26:09,28.795259475708,-17.7401084899902,"Unknown"
"5020560",378673,2026-04-30 22:27:07,28.7953014373779,-17.740047454834,"Unknown"
"5020560",378673,2026-04-30 22:28:08,28.7953319549561,-17.7399387359619,"Unknown"
"5020560",378673,2026-04-30 22:29:09,28.7953662872314,-17.739860534668,"Unknown"
"5020560",378673,2026-04-30 22:30:07,28.7954292297363,-17.7397727966309,"Unknown"
"5020560",378673,2026-04-30 22:31:08,28.7955303192139,-17.7396602630615,"Unknown"
"5020560",378673,2026-04-30 22:32:06,28.7956256866455,-17.7395668029785,"Unknown"
"5020560",378673,2026-04-30 22:33:07,28.7957305908203,-17.7394828796387,"Unknown"
"5020560",378673,2026-04-30 22:34:07,28.7957611083984,-17.7394371032715,"Unknown"
"5020560",378673,2026-04-30 22:35:07,28.7957458496094,-17.7393951416016,"Unknown"
"5020560",378673,2026-04-30 22:36:07,28.795804977417,-17.7393589019775,"Unknown"
"5020560",378673,2026-04-30 22:37:06,28.7958316802979,-17.7392902374268,"Unknown"
"5020560",378673,2026-04-30 22:38:06,28.7958469390869,-17.739164352417,"Unknown"
"5020560",378673,2026-04-30 22:39:07,28.795862197876,-17.7390804290771,"Unknown"
"5020560",378673,2026-04-30 22:40:06,28.7958755493164,-17.7389907836914,"Unknown"
"5020560",378673,2026-04-30 22:41:07,28.7959041595459,-17.7389163970947,"Unknown"
"5020560",378673,2026-04-30 22:42:07,28.7959842681885,-17.7387828826904,"Unknown"
"5020560",378673,2026-04-30 22:43:07,28.7959842681885,-17.7386569976807,"Unknown"
"5020560",378673,2026-04-30 22:44:07,28.7960109710693,-17.7385768890381,"Unknown"
"5020560",378673,2026-04-30 22:45:07,28.7960205078125,-17.7385311126709,"Unknown"
"5020560",378673,2026-04-30 22:46:08,28.796028137207,-17.7384738922119,"Unknown"
"5020560",378673,2026-04-30 22:47:06,28.7960224151611,-17.738395690918,"Unknown"
"5020560",378673,2026-04-30 22:48:06,28.7960834503174,-17.7381954193115,"Unknown"
"5020560",378673,2026-04-30 22:49:06,28.7961921691895,-17.7380313873291,"Unknown"
"5020560",378673,2026-04-30 22:50:06,28.7962779998779,-17.7379493713379,"Unknown"
"5020560",378673,2026-04-30 22:51:10,28.7962665557861,-17.7378559112549,"Unknown"
"5020560",378673,2026-04-30 22:52:06,28.7954616546631,-17.7390041351318,"Unknown"
"5020560",378673,2026-04-30 22:53:06,28.7926540374756,-17.7418441772461,"Unknown"
"5020560",378673,2026-04-30 22:54:09,28.7918357849121,-17.7423515319824,"Unknown"
"5020560",378673,2026-04-30 22:55:10,28.791877746582,-17.7423667907715,"Unknown"
"5020560",378673,2026-04-30 22:56:07,28.7919120788574,-17.7423458099365,"Unknown"
"5020560",378673,2026-04-30 22:57:09,28.7919654846191,-17.7423553466797,"Unknown"
"5020560",378673,2026-04-30 22:58:06,28.7919883728027,-17.7423706054688,"Unknown"
"5020560",378673,2026-04-30 22:59:07,28.7920398712158,-17.7423553466797,"Unknown"
"5020560",378673,2026-04-30 23:00:11,28.7920837402344,-17.7423610687256,"Unknown"
"5020560",378673,2026-04-30 23:01:13,28.7921543121338,-17.7423362731934,"Unknown"
"5020560",378673,2026-04-30 23:02:14,28.7921943664551,-17.7423152923584,"Unknown"
"5020560",378673,2026-04-30 23:03:10,28.7922534942627,-17.7422771453857,"Unknown"
"5020560",378673,2026-04-30 23:04:12,28.7922515869141,-17.7422542572021,"Unknown"
"5020560",378673,2026-04-30 23:05:07,28.7922649383545,-17.7422618865967,"Unknown"
"5020560",378673,2026-04-30 23:06:07,28.792329788208,-17.742301940918,"Unknown"
"5020560",378673,2026-04-30 23:07:07,28.7923774719238,-17.7423095703125,"Unknown"
"5020560",378673,2026-04-30 23:08:18,28.7924766540527,-17.7422332763672,"Unknown"
"5020560",378673,2026-04-30 23:09:33,28.7925128936768,-17.7421894073486,"Unknown"
"5020560",378673,2026-04-30 23:10:06,28.7925357818604,-17.7421607971191,"Unknown"
"5020560",378673,2026-04-30 23:11:06,28.7926082611084,-17.7421283721924,"Unknown"
"5020560",378673,2026-04-30 23:12:07,28.7926445007324,-17.742094039917,"Unknown"
"5020560",378673,2026-04-30 23:13:06,28.79270362854,-17.742036819458,"Unknown"
"5020560",378673,2026-04-30 23:14:07,28.7927532196045,-17.7420101165771,"Unknown"
"5020560",378673,2026-04-30 23:15:07,28.7928047180176,-17.7419910430908,"Unknown"
"5020560",378673,2026-04-30 23:16:07,28.7928733825684,-17.7419891357422,"Unknown"
"5020560",378673,2026-04-30 23:17:07,28.792875289917,-17.7419395446777,"Unknown"
"5020560",378673,2026-04-30 23:18:06,28.7928695678711,-17.7419338226318,"Unknown"
"5020560",378673,2026-04-30 23:19:07,28.7929000854492,-17.7418937683105,"Unknown"
"5020560",378673,2026-04-30 23:20:07,28.7929630279541,-17.7418518066406,"Unknown"
"5020560",378673,2026-04-30 23:21:07,28.7930183410645,-17.7418365478516,"Unknown"
"5020560",378673,2026-04-30 23:22:07,28.7930660247803,-17.7418212890625,"Unknown"
"5020560",378673,2026-04-30 23:23:07,28.7931442260742,-17.7417583465576,"Unknown"
"5020560",378673,2026-04-30 23:24:07,28.7931938171387,-17.7416973114014,"Unknown"
"5020560",378673,2026-04-30 23:25:07,28.7932319641113,-17.7417011260986,"Unknown"
"5020560",378673,2026-04-30 23:26:07,28.793306350708,-17.7416858673096,"Unknown"
"5020560",378673,2026-04-30 23:27:09,28.793384552002,-17.7416858673096,"Unknown"
"5020560",378673,2026-04-30 23:28:07,28.7934513092041,-17.7416152954102,"Unknown"
"5020560",378673,2026-04-30 23:29:07,28.7935047149658,-17.7416343688965,"Unknown"
"5020560",378673,2026-04-30 23:30:07,28.7935810089111,-17.7416076660156,"Unknown"
"5020560",378673,2026-04-30 23:31:09,28.7936382293701,-17.741584777832,"Unknown"
"5020560",378673,2026-04-30 23:32:09,28.7936782836914,-17.7415676116943,"Unknown"
"5020560",378673,2026-04-30 23:33:09,28.7937335968018,-17.7415428161621,"Unknown"
"5020560",378673,2026-04-30 23:34:07,28.7937507629395,-17.7415065765381,"Unknown"
"5020560",378673,2026-04-30 23:35:07,28.793794631958,-17.7414932250977,"Unknown"
"5020560",378673,2026-04-30 23:36:07,28.793830871582,-17.7414360046387,"Unknown"
"5020560",378673,2026-04-30 23:37:06,28.7939014434814,-17.741397857666,"Unknown"
"5020560",378673,2026-04-30 23:38:07,28.7939567565918,-17.7413635253906,"Unknown"
"5020560",378673,2026-04-30 23:39:07,28.794017791748,-17.7413234710693,"Unknown"
"5020560",378673,2026-04-30 23:40:07,28.7940692901611,-17.7412815093994,"Unknown"
"5020560",378673,2026-04-30 23:41:06,28.794116973877,-17.7412414550781,"Unknown"
"5020560",378673,2026-04-30 23:42:06,28.7941818237305,-17.7412128448486,"Unknown"
"5020560",378673,2026-04-30 23:43:07,28.7942161560059,-17.7411727905273,"Unknown"
"5020560",378673,2026-04-30 23:44:07,28.7942714691162,-17.7411308288574,"Unknown"
"5020560",378673,2026-04-30 23:45:06,28.7943210601807,-17.7411003112793,"Unknown"
"5020560",378673,2026-04-30 23:46:07,28.794376373291,-17.7410736083984,"Unknown"
"5020560",378673,2026-04-30 23:47:06,28.7944221496582,-17.7410316467285,"Unknown"
"5020560",378673,2026-04-30 23:48:06,28.7944755554199,-17.7410163879395,"Unknown"
"5020560",378673,2026-04-30 23:49:07,28.7945117950439,-17.7409763336182,"Unknown"
"5020560",378673,2026-04-30 23:50:08,28.7945384979248,-17.7409324645996,"Unknown"
"5020560",378673,2026-04-30 23:51:07,28.7945594787598,-17.7409076690674,"Unknown"
"5020560",378673,2026-04-30 23:52:07,28.7945880889893,-17.7408847808838,"Unknown"
"5020560",378673,2026-04-30 23:53:07,28.7946395874023,-17.7408599853516,"Unknown"
"5020560",378673,2026-04-30 23:54:07,28.7946472167969,-17.7408695220947,"Unknown"
"5020560",378673,2026-04-30 23:55:06,28.7946739196777,-17.7408390045166,"Unknown"
"5020560",378673,2026-04-30 23:56:07,28.7947025299072,-17.7407970428467,"Unknown"
"5020560",378673,2026-04-30 23:57:07,28.7947311401367,-17.7407646179199,"Unknown"
"5020560",378673,2026-04-30 23:58:06,28.7947597503662,-17.74072265625,"Unknown"
"5020560",378673,2026-04-30 23:59:07,28.7946891784668,-17.7408180236816,"Unknown"
"5020560",378673,2026-05-01 00:00:06,28.7946624755859,-17.740758895874,"Unknown"
"5020560",378673,2026-05-01 00:01:07,28.7946949005127,-17.7406616210938,"Unknown"
"5020560",378673,2026-05-01 00:02:07,28.7946720123291,-17.7406482696533,"Unknown"
"5020560",378673,2026-05-01 00:03:09,28.7947216033936,-17.7406978607178,"Unknown"
"5020560",378673,2026-05-01 00:04:07,28.7947483062744,-17.7406444549561,"Unknown"
"5020560",378673,2026-05-01 00:05:07,28.7948036193848,-17.7406234741211,"Unknown"
"5020560",378673,2026-05-01 00:06:07,28.7948436737061,-17.7405872344971,"Unknown"
"5020560",378673,2026-05-01 00:07:07,28.7948989868164,-17.7405662536621,"Unknown"
"5020560",378673,2026-05-01 00:08:07,28.7949123382568,-17.7405033111572,"Unknown"
"5020560",378673,2026-05-01 00:09:06,28.7948703765869,-17.7404403686523,"Unknown"
"5020560",378673,2026-05-01 00:10:06,28.794885635376,-17.7404308319092,"Unknown"
"5020560",378673,2026-05-01 00:11:07,28.7948837280273,-17.7403545379639,"Unknown"
"5020560",378673,2026-05-01 00:12:07,28.7949237823486,-17.740406036377,"Unknown"
"5020560",378673,2026-05-01 00:13:07,28.794942855835,-17.7404193878174,"Unknown"
"5020560",378673,2026-05-01 00:14:08,28.7949390411377,-17.7404727935791,"Unknown"
"5020560",378673,2026-05-01 00:15:07,28.7949676513672,-17.740442276001,"Unknown"
"5020560",378673,2026-05-01 00:16:06,28.7949810028076,-17.7404041290283,"Unknown"
"5020560",378673,2026-05-01 00:17:07,28.7949409484863,-17.7403697967529,"Unknown"
"5020560",378673,2026-05-01 00:18:06,28.7949619293213,-17.740348815918,"Unknown"
"5020560",378673,2026-05-01 00:19:07,28.7950000762939,-17.7403373718262,"Unknown"
"5020560",378673,2026-05-01 00:20:07,28.795036315918,-17.7403106689453,"Unknown"
"5020560",378673,2026-05-01 00:21:07,28.7950839996338,-17.7403144836426,"Unknown"
"5020560",378673,2026-05-01 00:22:08,28.7950839996338,-17.7402648925781,"Unknown"
"5020560",378673,2026-05-01 00:23:07,28.7951049804688,-17.7402362823486,"Unknown"
"5020560",378673,2026-05-01 00:24:07,28.7951393127441,-17.7402324676514,"Unknown"
"5020560",378673,2026-05-01 00:25:08,28.7951412200928,-17.7402267456055,"Unknown"
"5020560",378673,2026-05-01 00:26:07,28.7951679229736,-17.7401962280273,"Unknown"
"5020560",378673,2026-05-01 00:27:07,28.7951850891113,-17.7401885986328,"Unknown"
"5020560",378673,2026-05-01 00:28:07,28.7952003479004,-17.7401485443115,"Unknown"
"5020560",378673,2026-05-01 00:29:08,28.7952213287354,-17.7401237487793,"Unknown"
"5020560",378673,2026-05-01 00:30:09,28.7951984405518,-17.740104675293,"Unknown"
"5020560",378673,2026-05-01 00:31:07,28.7952213287354,-17.7400646209717,"Unknown"
"5020560",378673,2026-05-01 00:32:09,28.7953033447266,-17.74001121521,"Unknown"
"5020560",378673,2026-05-01 00:33:06,28.7953281402588,-17.7399730682373,"Unknown"
"5020560",378673,2026-05-01 00:34:06,28.795280456543,-17.7399425506592,"Unknown"
"5020560",378673,2026-05-01 00:35:06,28.795337677002,-17.7399082183838,"Unknown"
"5020560",378673,2026-05-01 00:36:07,28.7953758239746,-17.7398815155029,"Unknown"
"5020560",378673,2026-05-01 00:37:07,28.7954025268555,-17.7398223876953,"Unknown"
"5020560",378673,2026-05-01 00:38:07,28.7954292297363,-17.7397575378418,"Unknown"
"5020560",378673,2026-05-01 00:39:09,28.795389175415,-17.7397689819336,"Unknown"
"5020560",378673,2026-05-01 00:40:09,28.7954254150391,-17.7397518157959,"Unknown"
"5020560",378673,2026-05-01 00:41:07,28.7954883575439,-17.7397270202637,"Unknown"
"5020560",378673,2026-05-01 00:42:07,28.7955265045166,-17.7396812438965,"Unknown"
"5020560",378673,2026-05-01 00:43:08,28.7955741882324,-17.7396106719971,"Unknown"
"5020560",378673,2026-05-01 00:44:08,28.7956428527832,-17.7396049499512,"Unknown"
"5020560",378673,2026-05-01 00:45:09,28.7957153320312,-17.7395553588867,"Unknown"
"5020560",378673,2026-05-01 00:46:09,28.7957859039307,-17.7394962310791,"Unknown"
"5020560",378673,2026-05-01 00:47:09,28.7957992553711,-17.7394523620605,"Unknown"
"5020560",378673,2026-05-01 00:48:09,28.795841217041,-17.7393798828125,"Unknown"
"5020560",378673,2026-05-01 00:49:09,28.7958545684814,-17.739372253418,"Unknown"
"5020560",378673,2026-05-01 00:50:09,28.7958812713623,-17.7393798828125,"Unknown"
"5020560",378673,2026-05-01 00:51:06,28.7959480285645,-17.7393646240234,"Unknown"
"5020560",378673,2026-05-01 00:52:07,28.7960262298584,-17.7392997741699,"Unknown"
"5020560",378673,2026-05-01 00:53:07,28.7960834503174,-17.7392482757568,"Unknown"
"5020560",378673,2026-05-01 00:54:07,28.7961196899414,-17.7391757965088,"Unknown"
"5020560",378673,2026-05-01 00:55:11,28.7961730957031,-17.7391548156738,"Unknown"
"5020560",378673,2026-05-01 00:56:09,28.7962265014648,-17.7391052246094,"Unknown"
"5020560",378673,2026-05-01 00:57:10,28.7963199615479,-17.7390289306641,"Unknown"
"5020560",378673,2026-05-01 00:58:09,28.7963542938232,-17.7389907836914,"Unknown"
"5020560",378673,2026-05-01 00:59:09,28.796407699585,-17.7389469146729,"Unknown"
"5020560",378673,2026-05-01 01:00:10,28.7964420318604,-17.7388744354248,"Unknown"
"5020560",378673,2026-05-01 01:01:10,28.7964630126953,-17.7388114929199,"Unknown"
"5020560",378673,2026-05-01 01:02:09,28.7965469360352,-17.7387466430664,"Unknown"
"5020560",378673,2026-05-01 01:03:10,28.7966156005859,-17.7386894226074,"Unknown"
"5020560",378673,2026-05-01 01:04:10,28.7966384887695,-17.7386283874512,"Unknown"
"5020560",378673,2026-05-01 01:05:10,28.7966804504395,-17.7385673522949,"Unknown"
"5020560",378673,2026-05-01 01:06:12,28.7967052459717,-17.7385292053223,"Unknown"
"5020560",378673,2026-05-01 01:07:10,28.7966995239258,-17.73850440979,"Unknown"
"5020560",378673,2026-05-01 01:08:10,28.7967987060547,-17.7384376525879,"Unknown"
"5020560",378673,2026-05-01 01:09:07,28.7967586517334,-17.7384376525879,"Unknown"
"5020560",378673,2026-05-01 01:10:10,28.7967853546143,-17.7383880615234,"Unknown"
"5020560",378673,2026-05-01 01:11:11,28.7968254089355,-17.7382545471191,"Unknown"
"5020560",378673,2026-05-01 01:12:09,28.7968578338623,-17.738151550293,"Unknown"
"5020560",378673,2026-05-01 01:13:10,28.796817779541,-17.7380847930908,"Unknown"
"5020560",378673,2026-05-01 01:14:08,28.7968273162842,-17.7379684448242,"Unknown"
"5020560",378673,2026-05-01 01:15:10,28.7968730926514,-17.7377891540527,"Unknown"
"5020560",378673,2026-05-01 01:16:09,28.7970161437988,-17.7376823425293,"Unknown"
"5020560",378673,2026-05-01 01:17:09,28.7971057891846,-17.7375736236572,"Unknown"
"5020560",378673,2026-05-01 01:18:10,28.7972087860107,-17.7374248504639,"Unknown"
"5020560",378673,2026-05-01 01:19:14,28.7973308563232,-17.7373180389404,"Unknown"
"5020560",378673,2026-05-01 01:20:12,28.7974758148193,-17.7372665405273,"Unknown"
"5020560",378673,2026-05-01 01:21:12,28.7975749969482,-17.7372608184814,"Unknown"
"5020560",378673,2026-05-01 01:22:12,28.7976779937744,-17.7372035980225,"Unknown"
"5020560",378673,2026-05-01 01:23:09,28.797721862793,-17.7371711730957,"Unknown"
"5020560",378673,2026-05-01 01:24:09,28.797794342041,-17.7370834350586,"Unknown"
"5020560",378673,2026-05-01 01:25:08,28.7978496551514,-17.7370147705078,"Unknown"
"5020560",378673,2026-05-01 01:26:07,28.7979164123535,-17.7369155883789,"Unknown"
"5020560",378673,2026-05-01 01:27:10,28.7979106903076,-17.7368602752686,"Unknown"
"5020560",378673,2026-05-01 01:28:20,28.7979545593262,-17.7368316650391,"Unknown"
"5020560",378673,2026-05-01 01:29:33,28.7980575561523,-17.7367458343506,"Unknown"
"5020560",378673,2026-05-01 01:30:06,28.7980918884277,-17.7367038726807,"Unknown"
"5020560",378673,2026-05-01 01:40:07,28.7986106872559,-17.7362174987793,"Unknown"
"5020560",378673,2026-05-01 01:41:09,28.7986793518066,-17.736198425293,"Unknown"
"5020560",378673,2026-05-01 01:42:07,28.7988014221191,-17.7361545562744,"Unknown"
"5020560",378673,2026-05-01 01:43:07,28.7989139556885,-17.7361907958984,"Unknown"
"5020560",378673,2026-05-01 01:44:07,28.7989444732666,-17.7361907958984,"Unknown"
"5020560",378673,2026-05-01 01:45:08,28.7990303039551,-17.7362365722656,"Unknown"
"5020560",378673,2026-05-01 01:46:08,28.7991199493408,-17.7361583709717,"Unknown"
"5020560",378673,2026-05-01 01:47:07,28.7991962432861,-17.7361736297607,"Unknown"
"5020560",378673,2026-05-01 01:48:07,28.7992992401123,-17.7361793518066,"Unknown"
"5020560",378673,2026-05-01 01:49:09,28.7993488311768,-17.7361679077148,"Unknown"
"5020560",378673,2026-05-01 01:50:07,28.7994785308838,-17.7361831665039,"Unknown"
"5020560",378673,2026-05-01 01:51:07,28.7995700836182,-17.7361812591553,"Unknown"
"5020560",378673,2026-05-01 01:52:07,28.7996711730957,-17.7362251281738,"Unknown"
"5020560",378673,2026-05-01 01:53:07,28.7997875213623,-17.7362308502197,"Unknown"
"5020560",378673,2026-05-01 01:54:09,28.7998867034912,-17.7362594604492,"Unknown"
"5020560",378673,2026-05-01 02:04:07,28.8008995056152,-17.7362079620361,"Unknown"
"5020560",378673,2026-05-01 02:05:07,28.8010311126709,-17.7361831665039,"Unknown"
"5020560",378673,2026-05-01 02:06:07,28.8011322021484,-17.7361869812012,"Unknown"
"5020560",378673,2026-05-01 02:07:09,28.8012428283691,-17.7361526489258,"Unknown"
"5020560",378673,2026-05-01 02:08:09,28.8013229370117,-17.7360897064209,"Unknown"
"5020560",378673,2026-05-01 02:09:07,28.8014068603516,-17.7360801696777,"Unknown"
"5020560",378673,2026-05-01 02:19:08,28.802225112915,-17.7357215881348,"Unknown"
"5020560",378673,2026-05-01 02:29:07,28.8030681610107,-17.7356700897217,"Unknown"
"5020560",378673,2026-05-01 02:30:07,28.8031558990479,-17.7356643676758,"Unknown"
"5020560",378673,2026-05-01 02:40:07,28.8040409088135,-17.7356014251709,"Unknown"
"5020560",378673,2026-05-01 02:50:09,28.8048477172852,-17.7369937896729,"Unknown"
"5020560",378673,2026-05-01 03:00:08,28.8055839538574,-17.7368202209473,"Unknown"
"5020560",378673,2026-05-01 03:01:07,28.8056831359863,-17.7367897033691,"Unknown"
"5020560",378673,2026-05-01 03:02:11,28.8057765960693,-17.7367763519287,"Unknown"
"5020560",378673,2026-05-01 03:12:33,28.8065872192383,-17.7365798950195,"Unknown"
"5020560",378673,2026-05-01 03:13:06,28.8066253662109,-17.7365760803223,"Unknown"
"5020560",378673,2026-05-01 03:23:06,28.8075542449951,-17.7366981506348,"Unknown"
"5020560",378673,2026-05-01 03:33:06,28.8084869384766,-17.7370910644531,"Unknown"
"5020560",378673,2026-05-01 03:34:06,28.8085479736328,-17.73708152771,"Unknown"
"5020560",378673,2026-05-01 03:44:07,28.8092937469482,-17.7376403808594,"Unknown"
"5020560",378673,2026-05-01 03:54:07,28.8096923828125,-17.7377243041992,"Unknown"
"5020560",378673,2026-05-01 04:04:07,28.8104877471924,-17.7382164001465,"Unknown"
"5020560",378673,2026-05-01 04:14:07,28.7968597412109,-17.7424488067627,"Unknown"
"5020560",378673,2026-05-01 04:24:07,28.7939357757568,-17.7449531555176,"Unknown"
"5020560",378673,2026-05-01 04:34:07,28.7946243286133,-17.7456302642822,"Unknown"
"5020560",378673,2026-05-01 04:44:57,28.792064666748,-17.746301651001,"Unknown"
"5020560",378673,2026-05-01 04:54:08,28.7824325561523,-17.7420616149902,"Unknown"
"5020560",378673,2026-05-01 05:04:08,28.7386531829834,-17.7166290283203,"Unknown"
"5020560",378673,2026-05-01 05:14:08,28.7325630187988,-17.7172908782959,"Unknown"
"5020560",378673,2026-05-01 05:24:09,28.7331581115723,-17.7163715362549,"Unknown"
"5020560",378673,2026-05-01 05:34:08,28.7337265014648,-17.7148113250732,"Unknown"
"5020560",378673,2026-05-01 05:44:33,28.7334518432617,-17.7144470214844,"Unknown"
"5020560",378673,2026-05-01 05:54:09,28.735767364502,-17.7163391113281,"Unknown"
"5020560",378673,2026-05-01 06:04:07,28.7369899749756,-17.7151279449463,"Unknown"
"5020560",378673,2026-05-01 06:14:08,28.7383785247803,-17.7140216827393,"Unknown"
"5020560",378673,2026-05-01 06:24:07,28.7397861480713,-17.712833404541,"Unknown"
"5020560",378673,2026-05-01 06:34:07,28.7540607452393,-17.704906463623,"Unknown"
"5020560",378673,2026-05-01 06:44:07,28.7549457550049,-17.70458984375,"Unknown"
"5020560",378673,2026-05-01 06:54:07,28.7562866210938,-17.7043991088867,"Unknown"
"5020560",378673,2026-05-01 07:04:07,28.7763671875,-17.7109470367432,"Unknown"
"5020560",378673,2026-05-01 07:14:09,28.7769756317139,-17.7112922668457,"Unknown"
"5020560",378673,2026-05-01 07:24:09,28.8039703369141,-17.7257347106934,"Unknown"
"5020560",378673,2026-05-01 07:34:08,28.8249073028564,-17.7416458129883,"Unknown"
"5020560",378673,2026-05-01 07:35:07,28.8230953216553,-17.7407970428467,"Unknown"
"5020560",378673,2026-05-01 07:45:12,28.8181438446045,-17.7461242675781,"Unknown"
"5020560",378673,2026-05-01 07:46:08,28.818187713623,-17.7461128234863,"Unknown"
"5020560",378673,2026-05-01 07:47:10,28.8182487487793,-17.7462043762207,"Unknown"
"5020560",378673,2026-05-01 07:48:09,28.8151073455811,-17.7490158081055,"Unknown"
"5020560",378673,2026-05-01 07:49:10,28.8147869110107,-17.7496166229248,"Unknown"
"5020560",378673,2026-05-01 07:50:33,28.8148307800293,-17.7497844696045,"Unknown"
"5020560",378673,2026-05-01 07:51:06,28.8148345947266,-17.7498512268066,"Unknown"
"5020560",378673,2026-05-01 08:01:07,28.8020153045654,-17.7483692169189,"Unknown"
"5020560",378673,2026-05-01 08:02:07,28.8021411895752,-17.7485427856445,"Unknown"
"5020560",378673,2026-05-01 08:03:07,28.8022384643555,-17.7486705780029,"Unknown"
"5020560",378673,2026-05-01 08:04:07,28.8023643493652,-17.7487564086914,"Unknown"
"5020560",378673,2026-05-01 08:05:06,28.8024406433105,-17.7488021850586,"Unknown"
"5020560",378673,2026-05-01 08:06:07,28.802526473999,-17.7488651275635,"Unknown"
"5020560",378673,2026-05-01 08:07:09,28.8020896911621,-17.7489852905273,"Unknown"
"5020560",378673,2026-05-01 08:08:07,28.7971305847168,-17.7470283508301,"Unknown"
"5020560",378673,2026-05-01 08:09:06,28.7971248626709,-17.7468109130859,"Unknown"
"5020560",378673,2026-05-01 08:10:06,28.7972240447998,-17.7468662261963,"Unknown"
"5020560",378673,2026-05-01 08:11:07,28.797327041626,-17.7469158172607,"Unknown"
"5020560",378673,2026-05-01 08:12:07,28.7974262237549,-17.7469863891602,"Unknown"
"5020560",378673,2026-05-01 08:13:07,28.797550201416,-17.747049331665,"Unknown"
"5020560",378673,2026-05-01 08:14:07,28.7976474761963,-17.7471294403076,"Unknown"
"5020560",378673,2026-05-01 08:15:09,28.7977638244629,-17.7471981048584,"Unknown"
"5020560",378673,2026-05-01 08:16:09,28.797887802124,-17.7472457885742,"Unknown"
"5020560",378673,2026-05-01 08:17:08,28.7980117797852,-17.7473030090332,"Unknown"
"5020560",378673,2026-05-01 08:18:07,28.7981338500977,-17.747386932373,"Unknown"
"5020560",378673,2026-05-01 08:19:07,28.7982521057129,-17.7474708557129,"Unknown"
"5020560",378673,2026-05-01 08:20:08,28.7983779907227,-17.7475471496582,"Unknown"
"5020560",378673,2026-05-01 08:21:07,28.7984771728516,-17.747615814209,"Unknown"
"5020560",378673,2026-05-01 08:22:07,28.7985858917236,-17.7476825714111,"Unknown"
"5020560",378673,2026-05-01 08:23:07,28.7987022399902,-17.7477970123291,"Unknown"
"5020560",378673,2026-05-01 08:24:07,28.798807144165,-17.7479095458984,"Unknown"
"5020560",378673,2026-05-01 08:25:06,28.7988910675049,-17.7479839324951,"Unknown"
"5020560",378673,2026-05-01 08:26:07,28.7990093231201,-17.748046875,"Unknown"
"5020560",378673,2026-05-01 08:27:07,28.7974472045898,-17.7436141967773,"Unknown"
"5020560",378673,2026-05-01 08:28:07,28.7955837249756,-17.7417469024658,"Unknown"
"5020560",378673,2026-05-01 08:29:07,28.7948913574219,-17.7408256530762,"Unknown"
"5020560",378673,2026-05-01 08:30:07,28.7946815490723,-17.7366886138916,"Unknown"
"5020560",378673,2026-05-01 08:31:07,28.7947406768799,-17.7366981506348,"Unknown"
"5020560",378673,2026-05-01 08:32:07,28.7937240600586,-17.7359485626221,"Unknown"
"5020560",378673,2026-05-01 08:33:07,28.7927017211914,-17.7331657409668,"Unknown"
"5020560",378673,2026-05-01 08:34:07,28.7925548553467,-17.7329235076904,"Unknown"
"5020560",378673,2026-05-01 08:35:10,28.7916946411133,-17.730936050415,"Unknown"
"5020560",378673,2026-05-01 08:36:07,28.7918338775635,-17.7309417724609,"Unknown"
"5020560",378673,2026-05-01 08:37:07,28.7920112609863,-17.7309627532959,"Unknown"
"5020560",378673,2026-05-01 08:38:07,28.7922229766846,-17.7309837341309,"Unknown"
"5020560",378673,2026-05-01 08:39:07,28.7923793792725,-17.7309856414795,"Unknown"
"5020560",378673,2026-05-01 08:40:07,28.7924633026123,-17.7310771942139,"Unknown"
"5020560",378673,2026-05-01 08:41:07,28.792552947998,-17.7311573028564,"Unknown"
"5020560",378673,2026-05-01 08:42:07,28.792652130127,-17.7312870025635,"Unknown"
"5020560",378673,2026-05-01 08:43:07,28.7927474975586,-17.731372833252,"Unknown"
"5020560",378673,2026-05-01 08:44:07,28.7928466796875,-17.7314548492432,"Unknown"
"5020560",378673,2026-05-01 08:45:07,28.7974414825439,-17.7309055328369,"Unknown"
"5020560",378673,2026-05-01 08:46:08,28.7988815307617,-17.7291088104248,"Unknown"
"5020560",378673,2026-05-01 08:47:07,28.7989883422852,-17.7291927337646,"Unknown"
"5020560",378673,2026-05-01 08:48:08,28.7977962493896,-17.7279567718506,"Unknown"
"5020560",378673,2026-05-01 08:49:07,28.7978668212891,-17.7279586791992,"Unknown"
"5020560",378673,2026-05-01 08:50:07,28.797981262207,-17.7280807495117,"Unknown"
"5020560",378673,2026-05-01 08:51:07,28.8013648986816,-17.7296485900879,"Unknown"
"5020560",378673,2026-05-01 08:52:07,28.8014659881592,-17.7297534942627,"Unknown"
"5020560",378673,2026-05-01 08:53:07,28.8015670776367,-17.7298622131348,"Unknown"
"5020560",378673,2026-05-01 08:54:07,28.8016872406006,-17.7299423217773,"Unknown"
"5020560",378673,2026-05-01 08:55:09,28.8009262084961,-17.7313327789307,"Unknown"
"5020560",378673,2026-05-01 08:56:07,28.7999134063721,-17.7330341339111,"Unknown"
"5020560",378673,2026-05-01 08:57:07,28.8000183105469,-17.7331581115723,"Unknown"
"5020560",378673,2026-05-01 08:58:07,28.798620223999,-17.7347297668457,"Unknown"
"5020560",378673,2026-05-01 08:59:07,28.7982044219971,-17.7350616455078,"Unknown"
"5020560",378673,2026-05-01 09:00:07,28.7982654571533,-17.7351245880127,"Unknown"
"5020560",378673,2026-05-01 09:01:07,28.7983474731445,-17.7352256774902,"Unknown"
"5020560",378673,2026-05-01 09:02:07,28.7984199523926,-17.7353210449219,"Unknown"
"5020560",378673,2026-05-01 09:03:07,28.7984867095947,-17.7354373931885,"Unknown"
"5020560",378673,2026-05-01 09:04:07,28.7985343933105,-17.7355365753174,"Unknown"
"5020560",378673,2026-05-01 09:05:08,28.7986087799072,-17.7356452941895,"Unknown"
"5020560",378673,2026-05-01 09:06:09,28.7987022399902,-17.7357425689697,"Unknown"
"5020560",378673,2026-05-01 09:07:08,28.7987899780273,-17.7358379364014,"Unknown"
"5020560",378673,2026-05-01 09:08:07,28.7988567352295,-17.7359504699707,"Unknown"
"5020560",378673,2026-05-01 09:09:09,28.7997398376465,-17.7424468994141,"Unknown"
"5020560",378673,2026-05-01 09:10:10,28.7997493743896,-17.742712020874,"Unknown"
"5020560",378673,2026-05-01 09:11:08,28.7998580932617,-17.7428035736084,"Unknown"
"5020560",378673,2026-05-01 09:12:09,28.7999744415283,-17.7428970336914,"Unknown"
"5020560",378673,2026-05-01 09:13:07,28.8000564575195,-17.7430210113525,"Unknown"
"5020560",378673,2026-05-01 09:14:07,28.8001174926758,-17.743106842041,"Unknown"
"5020560",378673,2026-05-01 09:15:07,28.8002014160156,-17.7432041168213,"Unknown"
"5020560",378673,2026-05-01 09:16:07,28.8002986907959,-17.7433452606201,"Unknown"
"5020560",378673,2026-05-01 09:17:09,28.8004150390625,-17.7434501647949,"Unknown"
"5020560",378673,2026-05-01 09:18:07,28.8004741668701,-17.7435684204102,"Unknown"
"5020560",378673,2026-05-01 09:19:07,28.80055809021,-17.7436676025391,"Unknown"
"5020560",378673,2026-05-01 09:20:10,28.800630569458,-17.7437915802002,"Unknown"
"5020560",378673,2026-05-01 09:21:09,28.8007316589355,-17.7439250946045,"Unknown"
"5020560",378673,2026-05-01 09:22:09,28.8008270263672,-17.7440242767334,"Unknown"
"5020560",378673,2026-05-01 09:23:07,28.8008861541748,-17.7441577911377,"Unknown"
"5020560",378673,2026-05-01 09:24:07,28.8009586334229,-17.7442893981934,"Unknown"
"5020560",378673,2026-05-01 09:25:06,28.8010520935059,-17.7444095611572,"Unknown"
"5020560",378673,2026-05-01 09:26:07,28.8011608123779,-17.7445392608643,"Unknown"
"5020560",378673,2026-05-01 09:27:07,28.8012504577637,-17.744649887085,"Unknown"
"5020560",378673,2026-05-01 09:28:09,28.8013477325439,-17.744743347168,"Unknown"
"5020560",378673,2026-05-01 09:29:09,28.8014392852783,-17.7448616027832,"Unknown"
"5020560",378673,2026-05-01 09:30:09,28.8015289306641,-17.744987487793,"Unknown"
"5020560",378673,2026-05-01 09:31:08,28.8016395568848,-17.7451400756836,"Unknown"
"5020560",378673,2026-05-01 09:32:09,28.8017196655273,-17.7452297210693,"Unknown"
"5020560",378673,2026-05-01 09:33:09,28.8018169403076,-17.7453365325928,"Unknown"
"5020560",378673,2026-05-01 09:34:07,28.8019104003906,-17.7454090118408,"Unknown"
"5020560",378673,2026-05-01 09:35:09,28.8019981384277,-17.7455253601074,"Unknown"
"5020560",378673,2026-05-01 09:36:07,28.8020915985107,-17.7456150054932,"Unknown"
"5020560",378673,2026-05-01 09:37:09,28.8021869659424,-17.7457122802734,"Unknown"
"5020560",378673,2026-05-01 09:38:07,28.8022499084473,-17.7458076477051,"Unknown"
"5020560",378673,2026-05-01 09:39:06,28.8023300170898,-17.7459373474121,"Unknown"
"5020560",378673,2026-05-01 09:40:09,28.8024272918701,-17.746036529541,"Unknown"
"5020560",378673,2026-05-01 09:41:08,28.8024997711182,-17.746114730835,"Unknown"
"5020560",378673,2026-05-01 09:42:07,28.8022327423096,-17.745626449585,"Unknown"
"5020560",378673,2026-05-01 09:43:09,28.800952911377,-17.7404937744141,"Unknown"
"5020560",378673,2026-05-01 09:44:09,28.8009395599365,-17.7391395568848,"Unknown"
"5020560",378673,2026-05-01 09:45:08,28.8010406494141,-17.7392406463623,"Unknown"
"5020560",378673,2026-05-01 09:46:07,28.8011589050293,-17.739315032959,"Unknown"
"5020560",378673,2026-05-01 09:47:09,28.8012676239014,-17.739387512207,"Unknown"
"5020560",378673,2026-05-01 09:48:09,28.8013973236084,-17.7394561767578,"Unknown"
"5020560",378673,2026-05-01 09:49:10,28.8005962371826,-17.7361640930176,"Unknown"
"5020560",378673,2026-05-01 09:50:09,28.8011417388916,-17.7348537445068,"Unknown"
"5020560",378673,2026-05-01 09:51:08,28.8012886047363,-17.7348155975342,"Unknown"
"5020560",378673,2026-05-01 09:52:07,28.8011379241943,-17.7339382171631,"Unknown"
"5020560",378673,2026-05-01 09:53:07,28.8015098571777,-17.7330875396729,"Unknown"
"5020560",378673,2026-05-01 09:54:07,28.8016414642334,-17.7329978942871,"Unknown"
"5020560",378673,2026-05-01 09:55:07,28.801700592041,-17.7325210571289,"Unknown"
"5020560",378673,2026-05-01 09:56:07,28.8020057678223,-17.7315940856934,"Unknown"
"5020560",378673,2026-05-01 09:57:09,28.8021240234375,-17.731689453125,"Unknown"
"5020560",378673,2026-05-01 09:58:08,28.8022689819336,-17.7317523956299,"Unknown"
"5020560",378673,2026-05-01 09:59:09,28.8024005889893,-17.7318000793457,"Unknown"
"5020560",378673,2026-05-01 10:00:32,28.8025436401367,-17.7318954467773,"Unknown"
"5020560",378673,2026-05-01 10:01:08,28.8026084899902,-17.7319030761719,"Unknown"
"5020560",378673,2026-05-01 10:02:09,28.8027210235596,-17.7319660186768,"Unknown"
"5020560",378673,2026-05-01 10:03:09,28.802827835083,-17.7320232391357,"Unknown"
"5020560",378673,2026-05-01 10:04:08,28.8015098571777,-17.7310104370117,"Unknown"
"5020560",378673,2026-05-01 10:05:09,28.7977409362793,-17.7303256988525,"Unknown"
"5020560",378673,2026-05-01 10:06:09,28.7933254241943,-17.7302665710449,"Unknown"
"5020560",378673,2026-05-01 10:07:10,28.7888145446777,-17.7331981658936,"Unknown"
"5020560",378673,2026-05-01 10:08:10,28.7857227325439,-17.7358169555664,"Unknown"
"5020560",378673,2026-05-01 10:09:07,28.7858028411865,-17.7359104156494,"Unknown"
"5020560",378673,2026-05-01 10:10:07,28.7858276367188,-17.7358913421631,"Unknown"
"5020560",378673,2026-05-01 10:11:08,28.7859516143799,-17.7358894348145,"Unknown"
"5020560",378673,2026-05-01 10:12:06,28.7860126495361,-17.7358837127686,"Unknown"
"5020560",378673,2026-05-01 10:13:09,28.7867546081543,-17.7374687194824,"Unknown"
"5020560",378673,2026-05-01 10:14:07,28.7873859405518,-17.7371826171875,"Unknown"
"5020560",378673,2026-05-01 10:15:06,28.787540435791,-17.7372665405273,"Unknown"
"5020560",378673,2026-05-01 10:16:07,28.7876529693604,-17.7373847961426,"Unknown"
"5020560",378673,2026-05-01 10:17:10,28.7877864837646,-17.7375164031982,"Unknown"
"5020560",378673,2026-05-01 10:18:10,28.7905406951904,-17.7396583557129,"Unknown"
"5020560",378673,2026-05-01 10:19:08,28.7906856536865,-17.7398166656494,"Unknown"
"5020560",378673,2026-05-01 10:20:10,28.7925701141357,-17.7404346466064,"Unknown"
"5020560",378673,2026-05-01 10:21:12,28.7927436828613,-17.7406005859375,"Unknown"
"5020560",378673,2026-05-01 10:22:10,28.7928619384766,-17.7407169342041,"Unknown"
"5020560",378673,2026-05-01 10:23:10,28.792989730835,-17.7408256530762,"Unknown"
"5020560",378673,2026-05-01 10:24:08,28.7940444946289,-17.7436809539795,"Unknown"
"5020560",378673,2026-05-01 10:25:08,28.7953510284424,-17.7435283660889,"Unknown"
"5020560",378673,2026-05-01 10:26:08,28.7964019775391,-17.7441825866699,"Unknown"
"5020560",378673,2026-05-01 10:27:08,28.7975101470947,-17.7458343505859,"Unknown"
"5020560",378673,2026-05-01 10:28:10,28.8025341033936,-17.7509479522705,"Unknown"
"5020560",378673,2026-05-01 10:29:09,28.8040390014648,-17.7503242492676,"Unknown"
"5020560",378673,2026-05-01 10:30:08,28.805004119873,-17.7519512176514,"Unknown"
"5020560",378673,2026-05-01 10:31:10,28.805061340332,-17.751953125,"Unknown"
"5020560",378673,2026-05-01 10:32:09,28.8063488006592,-17.7530422210693,"Unknown"
"5020560",378673,2026-05-01 10:33:08,28.8068733215332,-17.7533378601074,"Unknown"
"5020560",378673,2026-05-01 10:34:08,28.80784034729,-17.7535552978516,"Unknown"
"5020560",378673,2026-05-01 10:35:10,28.807638168335,-17.7552089691162,"Unknown"
"5020560",378673,2026-05-01 10:36:08,28.8090782165527,-17.7560062408447,"Unknown"
"5020560",378673,2026-05-01 10:37:07,28.8089275360107,-17.7561817169189,"Unknown"
"5020560",378673,2026-05-01 10:38:08,28.8117809295654,-17.7538661956787,"Unknown"
"5020560",378673,2026-05-01 10:39:08,28.8142166137695,-17.7540073394775,"Unknown"
"5020560",378673,2026-05-01 10:40:08,28.8145637512207,-17.7539100646973,"Unknown"
"5020560",378673,2026-05-01 10:41:08,28.8146266937256,-17.753963470459,"Unknown"
"5020560",378673,2026-05-01 10:42:08,28.8146991729736,-17.7540225982666,"Unknown"
"5020560",378673,2026-05-01 10:43:08,28.816219329834,-17.7545757293701,"Unknown"
"5020560",378673,2026-05-01 10:44:09,28.8185634613037,-17.7549438476562,"Unknown"
"5020560",378673,2026-05-01 10:45:08,28.8201484680176,-17.755952835083,"Unknown"
"5020560",378673,2026-05-01 10:46:09,28.8202075958252,-17.7559719085693,"Unknown"
"5020560",378673,2026-05-01 10:47:09,28.8159351348877,-17.755485534668,"Unknown"
"5020560",378673,2026-05-01 10:48:08,28.8165760040283,-17.7557353973389,"Unknown"
"5020560",378673,2026-05-01 10:49:08,28.8165798187256,-17.7558040618896,"Unknown"
"5020560",378673,2026-05-01 10:50:08,28.8166351318359,-17.7558269500732,"Unknown"
"5020560",378673,2026-05-01 10:51:08,28.8166484832764,-17.7558364868164,"Unknown"
"5020560",378673,2026-05-01 10:52:09,28.8166522979736,-17.7558822631836,"Unknown"
"5020560",378673,2026-05-01 10:53:10,28.8166770935059,-17.755931854248,"Unknown"
"5020560",378673,2026-05-01 10:54:08,28.8167057037354,-17.7559757232666,"Unknown"
"5020560",378673,2026-05-01 10:55:09,28.8166904449463,-17.7560348510742,"Unknown"
"5020560",378673,2026-05-01 10:56:09,28.8166542053223,-17.7560787200928,"Unknown"
"5020560",378673,2026-05-01 10:57:09,28.8166065216064,-17.7561302185059,"Unknown"
"5020560",378673,2026-05-01 10:58:10,28.8165378570557,-17.7561359405518,"Unknown"
"5020560",378673,2026-05-01 10:59:10,28.8165111541748,-17.7561626434326,"Unknown"
"5020560",378673,2026-05-01 11:00:09,28.8164825439453,-17.7561531066895,"Unknown"
"5020560",378673,2026-05-01 11:01:09,28.8164596557617,-17.756160736084,"Unknown"
"5020560",378673,2026-05-01 11:02:10,28.8164520263672,-17.7561931610107,"Unknown"
"5020560",378673,2026-05-01 11:03:09,28.8163948059082,-17.7561683654785,"Unknown"
"5020560",378673,2026-05-01 11:04:09,28.8163642883301,-17.7561645507812,"Unknown"
"5020560",378673,2026-05-01 11:05:09,28.8163566589355,-17.7561740875244,"Unknown"
"5020560",378673,2026-05-01 11:06:09,28.8163166046143,-17.7561378479004,"Unknown"
"5020560",378673,2026-05-01 11:07:09,28.8162860870361,-17.7561435699463,"Unknown"
"5020560",378673,2026-05-01 11:08:09,28.8162460327148,-17.7561473846436,"Unknown"
"5020560",378673,2026-05-01 11:09:09,28.81618309021,-17.7561588287354,"Unknown"
"5020560",378673,2026-05-01 11:10:09,28.81618309021,-17.7562046051025,"Unknown"
"5020560",378673,2026-05-01 11:11:09,28.8161754608154,-17.7561702728271,"Unknown"
"5020560",378673,2026-05-01 11:12:09,28.8161125183105,-17.756139755249,"Unknown"
"5020560",378673,2026-05-01 11:13:09,28.8160533905029,-17.7561321258545,"Unknown"
"5020560",378673,2026-05-01 11:14:09,28.8112316131592,-17.7558860778809,"Unknown"
"5020560",378673,2026-05-01 11:15:10,28.8064212799072,-17.7539978027344,"Unknown"
"5020560",378673,2026-05-01 11:16:09,28.8020935058594,-17.7516784667969,"Unknown"
"5020560",378673,2026-05-01 11:17:10,28.8014144897461,-17.7464199066162,"Unknown"
"5020560",378673,2026-05-01 11:18:09,28.8014659881592,-17.7464084625244,"Unknown"
"5020560",378673,2026-05-01 11:19:09,28.8015365600586,-17.7464084625244,"Unknown"
"5020560",378673,2026-05-01 11:20:09,28.8015632629395,-17.7464866638184,"Unknown"
"5020560",378673,2026-05-01 11:21:09,28.8015689849854,-17.7465476989746,"Unknown"
"5020560",378673,2026-05-01 11:22:09,28.801607131958,-17.7465076446533,"Unknown"
"5020560",378673,2026-05-01 11:23:09,28.8017101287842,-17.7464389801025,"Unknown"
"5020560",378673,2026-05-01 11:24:09,28.8018054962158,-17.7464084625244,"Unknown"
"5020560",378673,2026-05-01 11:25:09,28.8018817901611,-17.7463302612305,"Unknown"
"5020560",378673,2026-05-01 11:26:09,28.802001953125,-17.746280670166,"Unknown"
"5020560",378673,2026-05-01 11:27:09,28.8002109527588,-17.7477474212646,"Unknown"
"5020560",378673,2026-05-01 11:28:09,28.8002815246582,-17.747802734375,"Unknown"
"5020560",378673,2026-05-01 11:29:09,28.8003597259521,-17.74782371521,"Unknown"
"5020560",378673,2026-05-01 11:30:10,28.800142288208,-17.7469673156738,"Unknown"
"5020560",378673,2026-05-01 11:31:09,28.7974319458008,-17.7430229187012,"Unknown"
"5020560",378673,2026-05-01 11:32:09,28.7971649169922,-17.7404975891113,"Unknown"
"5020560",378673,2026-05-01 11:33:09,28.7972240447998,-17.7406444549561,"Unknown"
"5020560",378673,2026-05-01 11:34:10,28.7972755432129,-17.7407455444336,"Unknown"
"5020560",378673,2026-05-01 11:35:09,28.7973213195801,-17.7408199310303,"Unknown"
"5020560",378673,2026-05-01 11:36:10,28.7973670959473,-17.7408390045166,"Unknown"
"5020560",378673,2026-05-01 11:37:09,28.7974033355713,-17.7408351898193,"Unknown"
"5020560",378673,2026-05-01 11:38:11,28.7975101470947,-17.7408084869385,"Unknown"
"5020560",378673,2026-05-01 11:39:10,28.7975425720215,-17.7408008575439,"Unknown"
"5020560",378673,2026-05-01 11:40:12,28.7976112365723,-17.740758895874,"Unknown"
"5020560",378673,2026-05-01 11:41:11,28.7976207733154,-17.7407302856445,"Unknown"
"5020560",378673,2026-05-01 11:42:10,28.7977409362793,-17.7407207489014,"Unknown"
"5020560",378673,2026-05-01 11:43:09,28.7977886199951,-17.7407150268555,"Unknown"
"5020560",378673,2026-05-01 11:44:09,28.7978744506836,-17.7407512664795,"Unknown"
"5020560",378673,2026-05-01 11:45:09,28.7979316711426,-17.7407646179199,"Unknown"
"5020560",378673,2026-05-01 11:46:09,28.7980155944824,-17.7408065795898,"Unknown"
"5020560",378673,2026-05-01 11:47:09,28.8013916015625,-17.7442665100098,"Unknown"
"5020560",378673,2026-05-01 11:48:09,28.8014907836914,-17.7443313598633,"Unknown"
"5020560",378673,2026-05-01 11:49:09,28.8015232086182,-17.7443370819092,"Unknown"
"5020560",378673,2026-05-01 11:50:11,28.8015899658203,-17.7443408966064,"Unknown"
"5020560",378673,2026-05-01 11:51:10,28.8016605377197,-17.7443256378174,"Unknown"
"5020560",378673,2026-05-01 11:52:09,28.8017272949219,-17.7443103790283,"Unknown"
"5020560",378673,2026-05-01 11:53:09,28.8018112182617,-17.7442970275879,"Unknown"
"5020560",378673,2026-05-01 11:54:11,28.8018455505371,-17.7442569732666,"Unknown"
"5020560",378673,2026-05-01 11:55:10,28.8018951416016,-17.7442626953125,"Unknown"
"5020560",378673,2026-05-01 11:56:09,28.801887512207,-17.7442874908447,"Unknown"
"5020560",378673,2026-05-01 11:57:11,28.8019504547119,-17.7442970275879,"Unknown"
"5020560",378673,2026-05-01 11:58:09,28.8019886016846,-17.7442932128906,"Unknown"
"5020560",378673,2026-05-01 11:59:09,28.8019771575928,-17.7443332672119,"Unknown"
"5020560",378673,2026-05-01 12:00:09,28.8019733428955,-17.74440574646,"Unknown"
"5020560",378673,2026-05-01 12:01:09,28.8019943237305,-17.7444591522217,"Unknown"
"5020560",378673,2026-05-01 12:02:11,28.8018646240234,-17.7476234436035,"Unknown"
"5020560",378673,2026-05-01 12:03:10,28.8022861480713,-17.7496566772461,"Unknown"
"5020560",378673,2026-05-01 12:04:09,28.8015384674072,-17.7489318847656,"Unknown"
"5020560",378673,2026-05-01 12:05:09,28.7996120452881,-17.7454853057861,"Unknown"
"5020560",378673,2026-05-01 12:06:09,28.7997245788574,-17.7454872131348,"Unknown"
"5020560",378673,2026-05-01 12:07:09,28.7977027893066,-17.7486572265625,"Unknown"
"5020560",378673,2026-05-01 12:08:09,28.7965717315674,-17.749137878418,"Unknown"
"5020560",378673,2026-05-01 12:09:11,28.7962913513184,-17.7488174438477,"Unknown"
"5020560",378673,2026-05-01 12:10:11,28.7960243225098,-17.7485256195068,"Unknown"
"5020560",378673,2026-05-01 12:11:11,28.7942886352539,-17.7477169036865,"Unknown"
"5020560",378673,2026-05-01 12:12:33,28.7951431274414,-17.7476940155029,"Unknown"
"5020560",378673,2026-05-01 12:13:11,28.7951564788818,-17.7477436065674,"Unknown"
"5020560",378673,2026-05-01 12:14:11,28.795238494873,-17.7478199005127,"Unknown"
"5020560",378673,2026-05-01 12:15:11,28.7952537536621,-17.7478542327881,"Unknown"
"5020560",378673,2026-05-01 12:16:11,28.7953357696533,-17.7479248046875,"Unknown"
"5020560",378673,2026-05-01 12:17:11,28.7955207824707,-17.7479820251465,"Unknown"
"5020560",378673,2026-05-01 12:18:10,28.7955379486084,-17.7480640411377,"Unknown"
"5020560",378673,2026-05-01 12:19:09,28.7925720214844,-17.7468090057373,"Unknown"
"5020560",378673,2026-05-01 12:20:10,28.7885799407959,-17.7451019287109,"Unknown"
"5020560",378673,2026-05-01 12:21:12,28.7886581420898,-17.7448749542236,"Unknown"
"5020560",378673,2026-05-01 12:22:11,28.7886791229248,-17.7449474334717,"Unknown"
"5020560",378673,2026-05-01 12:23:09,28.7887001037598,-17.7450428009033,"Unknown"
"5020560",378673,2026-05-01 12:24:09,28.7887535095215,-17.745153427124,"Unknown"
"5020560",378673,2026-05-01 12:25:09,28.7876243591309,-17.7456321716309,"Unknown"
"5020560",378673,2026-05-01 12:26:09,28.7861976623535,-17.7437267303467,"Unknown"
"5020560",378673,2026-05-01 12:27:15,28.7859191894531,-17.7435894012451,"Unknown"
"5020560",378673,2026-05-01 12:28:09,28.7860641479492,-17.7433929443359,"Unknown"
"5020560",378673,2026-05-01 12:29:09,28.7861442565918,-17.7434520721436,"Unknown"
"5020560",378673,2026-05-01 12:30:09,28.786169052124,-17.743501663208,"Unknown"
"5020560",378673,2026-05-01 12:31:10,28.7862148284912,-17.7435722351074,"Unknown"
"5020560",378673,2026-05-01 12:32:11,28.7862930297852,-17.7436618804932,"Unknown"
"5020560",378673,2026-05-01 12:33:09,28.7861442565918,-17.7438373565674,"Unknown"
"5020560",378673,2026-05-01 12:34:09,28.7845554351807,-17.7456493377686,"Unknown"
"5020560",378673,2026-05-01 12:35:09,28.784704208374,-17.7451324462891,"Unknown"
"5020560",378673,2026-05-01 12:36:10,28.7847270965576,-17.7451038360596,"Unknown"
"5020560",378673,2026-05-01 12:37:11,28.7847175598145,-17.7451324462891,"Unknown"
"5020560",378673,2026-05-01 12:38:09,28.7846832275391,-17.745138168335,"Unknown"
"5020560",378673,2026-05-01 12:39:09,28.7830371856689,-17.7405605316162,"Unknown"
"5020560",378673,2026-05-01 12:40:09,28.779914855957,-17.7365684509277,"Unknown"
"5020560",378673,2026-05-01 12:41:10,28.7769756317139,-17.7351093292236,"Unknown"
"5020560",378673,2026-05-01 12:42:13,28.7770252227783,-17.73512840271,"Unknown"
"5020560",378673,2026-05-01 12:43:12,28.777099609375,-17.7351131439209,"Unknown"
"5020560",378673,2026-05-01 12:44:12,28.777156829834,-17.7350959777832,"Unknown"
"5020560",378673,2026-05-01 12:45:12,28.7767810821533,-17.7333145141602,"Unknown"
"5020560",378673,2026-05-01 12:46:11,28.7755432128906,-17.7280521392822,"Unknown"
"5020560",378673,2026-05-01 12:47:11,28.7742023468018,-17.7283020019531,"Unknown"
"5020560",378673,2026-05-01 12:48:13,28.7723064422607,-17.7286376953125,"Unknown"
"5020560",378673,2026-05-01 12:49:13,28.7723522186279,-17.7286911010742,"Unknown"
"5020560",378673,2026-05-01 12:50:12,28.7723274230957,-17.7287063598633,"Unknown"
"5020560",378673,2026-05-01 12:51:13,28.7722930908203,-17.728687286377,"Unknown"
"5020560",378673,2026-05-01 12:52:14,28.7722225189209,-17.7286186218262,"Unknown"
"5020560",378673,2026-05-01 12:53:15,28.7722034454346,-17.7285308837891,"Unknown"
"5020560",378673,2026-05-01 12:54:13,28.7717952728271,-17.7279624938965,"Unknown"
"5020560",378673,2026-05-01 12:55:15,28.7708778381348,-17.7237224578857,"Unknown"
"5020560",378673,2026-05-01 12:56:11,28.7709617614746,-17.7236614227295,"Unknown"
"5020560",378673,2026-05-01 13:01:15,28.7695713043213,-17.7209377288818,"Unknown"
"5020560",378673,2026-05-01 13:06:12,28.7698249816895,-17.7209968566895,"Unknown"
"5020560",378673,2026-05-01 13:11:15,28.7704658508301,-17.7212963104248,"Unknown"
"5020560",378673,2026-05-01 13:16:33,28.7712688446045,-17.7214965820312,"Unknown"
"5020560",378673,2026-05-01 13:21:10,28.7718124389648,-17.7216091156006,"Unknown"
"5020560",378673,2026-05-01 13:26:12,28.772388458252,-17.7216300964355,"Unknown"
"5020560",378673,2026-05-01 13:31:13,28.7733306884766,-17.7218265533447,"Unknown"
"5020560",378673,2026-05-01 13:36:10,28.7737712860107,-17.7219848632812,"Unknown"
"5020560",378673,2026-05-01 13:41:10,28.7740707397461,-17.7221355438232,"Unknown"
"5020560",378673,2026-05-01 13:46:10,28.7743911743164,-17.7222747802734,"Unknown"
"5020560",378673,2026-05-01 13:51:12,28.7746143341064,-17.722375869751,"Unknown"
"5020560",378673,2026-05-01 13:56:33,28.7748394012451,-17.7225799560547,"Unknown"
"5020560",378673,2026-05-01 14:01:09,28.7750911712646,-17.7226982116699,"Unknown"
"5020560",378673,2026-05-01 14:06:09,28.7753429412842,-17.7228031158447,"Unknown"
"5020560",378673,2026-05-01 14:11:10,28.7758083343506,-17.722728729248,"Unknown"
"5020560",378673,2026-05-01 14:16:10,28.7843532562256,-17.7172451019287,"Unknown"
"5020560",378673,2026-05-01 14:21:09,28.7851791381836,-17.7173938751221,"Unknown"
"5020560",378673,2026-05-01 14:26:11,28.7860565185547,-17.7175788879395,"Unknown"
"5020560",378673,2026-05-01 14:31:09,28.7869777679443,-17.7178344726562,"Unknown"
"5020560",378673,2026-05-01 14:36:10,28.7878913879395,-17.7178649902344,"Unknown"
"5020560",378673,2026-05-01 14:41:10,28.7887649536133,-17.7178688049316,"Unknown"
"5020560",378673,2026-05-01 14:46:10,28.7896404266357,-17.717903137207,"Unknown"
"5020560",378673,2026-05-01 14:51:10,28.7905464172363,-17.717924118042,"Unknown"
"5020560",378673,2026-05-01 14:56:10,28.7914085388184,-17.7180271148682,"Unknown"
"5020560",378673,2026-05-01 15:01:10,28.7923545837402,-17.7180976867676,"Unknown"
"5020560",378673,2026-05-01 15:06:11,28.7933330535889,-17.7183361053467,"Unknown"
"5020560",378673,2026-05-01 15:11:12,28.7942943572998,-17.7186069488525,"Unknown"
"5020560",378673,2026-05-01 15:16:11,28.7951717376709,-17.7189159393311,"Unknown"
"5020560",378673,2026-05-01 15:21:12,28.7959480285645,-17.7192153930664,"Unknown"
"5020560",378673,2026-05-01 15:26:13,28.7965888977051,-17.7195091247559,"Unknown"
"5020560",378673,2026-05-01 15:31:12,28.7971439361572,-17.7197818756104,"Unknown"
"5020560",378673,2026-05-01 15:36:13,28.7976055145264,-17.7201652526855,"Unknown"
"5020560",378673,2026-05-01 15:41:13,28.7979469299316,-17.7204971313477,"Unknown"
"5020560",378673,2026-05-01 15:46:12,28.7949905395508,-17.721321105957,"Unknown"
"5020560",378673,2026-05-01 15:51:13,28.7950134277344,-17.7214946746826,"Unknown"
"5020560",378673,2026-05-01 15:56:12,28.7950572967529,-17.7217102050781,"Unknown"
"5020560",378673,2026-05-01 16:01:32,28.7951755523682,-17.7219333648682,"Unknown"
"5020560",378673,2026-05-01 16:06:12,28.7952404022217,-17.7220821380615,"Unknown"
"5020560",378673,2026-05-01 16:11:11,28.7953815460205,-17.7222766876221,"Unknown"
"5020560",378673,2026-05-01 16:16:12,28.7954254150391,-17.72243309021,"Unknown"
"5020560",378673,2026-05-01 16:21:12,28.8071022033691,-17.7408180236816,"Unknown"
"5020560",378673,2026-05-01 16:26:12,28.8297595977783,-17.7645511627197,"Unknown"
"5020560",378673,2026-05-01 16:27:12,28.8360424041748,-17.7664070129395,"Unknown"
"5020560",378673,2026-05-01 16:28:12,28.8421230316162,-17.7699108123779,"Unknown"
"5020560",378673,2026-05-01 16:29:12,28.8453674316406,-17.7741107940674,"Unknown"
"5020560",378673,2026-05-01 16:30:12,28.8509101867676,-17.7789211273193,"Unknown"
"5020560",378673,2026-05-01 16:31:13,28.8547134399414,-17.7852687835693,"Unknown"
"5020560",378673,2026-05-01 16:32:13,28.856575012207,-17.7918910980225,"Unknown"
"5020560",378673,2026-05-01 16:33:13,28.8590183258057,-17.7974758148193,"Unknown"
"5020560",378673,2026-05-01 16:34:13,28.8604736328125,-17.8034782409668,"Unknown"
"5020560",378673,2026-05-01 16:35:12,28.861930847168,-17.8092403411865,"Unknown"
"5020560",378673,2026-05-01 16:36:12,28.8624515533447,-17.8150482177734,"Unknown"
"5020560",378673,2026-05-01 16:37:13,28.8619003295898,-17.821231842041,"Unknown"
"5020560",378673,2026-05-01 16:42:12,28.8537044525146,-17.8372421264648,"Unknown"
"5020560",378673,2026-05-01 16:43:12,28.8536396026611,-17.8371543884277,"Unknown"
"5020560",378673,2026-05-01 16:44:11,28.8536224365234,-17.8370933532715,"Unknown"
"5020560",378673,2026-05-01 16:45:12,28.8536643981934,-17.8370208740234,"Unknown"
"5020560",378673,2026-05-01 16:46:14,28.8536605834961,-17.8369903564453,"Unknown"
"5020560",378673,2026-05-01 16:47:11,28.8535785675049,-17.8368701934814,"Unknown"
"5020560",378673,2026-05-01 16:48:12,28.8535480499268,-17.8367805480957,"Unknown"
"5020560",378673,2026-05-01 16:49:12,28.8535041809082,-17.8367214202881,"Unknown"
"5020560",378673,2026-05-01 16:50:12,28.8534851074219,-17.8366165161133,"Unknown"
"5020560",378673,2026-05-01 16:51:12,28.8534660339355,-17.8365459442139,"Unknown"
"5020560",378673,2026-05-01 16:52:12,28.8533992767334,-17.8364868164062,"Unknown"
"5020560",378673,2026-05-01 16:53:12,28.8523235321045,-17.8391895294189,"Unknown"
"5020560",378673,2026-05-01 16:54:14,28.8503894805908,-17.8438701629639,"Unknown"
"5020560",378673,2026-05-01 16:55:12,28.8499126434326,-17.8398017883301,"Unknown"
"5020560",378673,2026-05-01 16:56:12,28.8506546020508,-17.8391361236572,"Unknown"
"5020560",378673,2026-05-01 16:57:12,28.8505935668945,-17.8390655517578,"Unknown"
"5020560",378673,2026-05-01 16:58:12,28.8505725860596,-17.8390331268311,"Unknown"
"5020560",378673,2026-05-01 16:59:11,28.8505630493164,-17.8389701843262,"Unknown"
"5020560",378673,2026-05-01 17:00:11,28.8505554199219,-17.8388977050781,"Unknown"
"5020560",378673,2026-05-01 17:01:11,28.8505401611328,-17.8388500213623,"Unknown"
"5020560",378673,2026-05-01 17:02:12,28.8505153656006,-17.8387641906738,"Unknown"
"5020560",378673,2026-05-01 17:03:12,28.8504886627197,-17.8387088775635,"Unknown"
"5020560",378673,2026-05-01 17:04:12,28.8504657745361,-17.8386135101318,"Unknown"
"5020560",378673,2026-05-01 17:05:12,28.8504676818848,-17.8385601043701,"Unknown"
"5020560",378673,2026-05-01 17:06:12,28.8504676818848,-17.8384780883789,"Unknown"
"5020560",378673,2026-05-01 17:07:13,28.8504505157471,-17.8384132385254,"Unknown"
"5020560",378673,2026-05-01 17:08:12,28.8504123687744,-17.8383655548096,"Unknown"
"5020560",378673,2026-05-01 17:09:13,28.8504238128662,-17.8383388519287,"Unknown"
"5020560",378673,2026-05-01 17:10:13,28.8504333496094,-17.8383293151855,"Unknown"
"5020560",378673,2026-05-01 17:11:14,28.8504199981689,-17.8382949829102,"Unknown"
"5020560",378673,2026-05-01 17:12:14,28.8504199981689,-17.8382396697998,"Unknown"
"5020560",378673,2026-05-01 17:13:14,28.8504238128662,-17.8381767272949,"Unknown"
"5020560",378673,2026-05-01 17:14:14,28.8504257202148,-17.8381366729736,"Unknown"
"5020560",378673,2026-05-01 17:15:14,28.8504638671875,-17.8381309509277,"Unknown"
"5020560",378673,2026-05-01 17:16:15,28.8503932952881,-17.838077545166,"Unknown"
"5020560",378673,2026-05-01 17:17:15,28.850471496582,-17.838020324707,"Unknown"
"5020560",378673,2026-05-01 17:18:15,28.8503799438477,-17.8380012512207,"Unknown"
"5020560",378673,2026-05-01 17:19:15,28.85036277771,-17.8379516601562,"Unknown"
"5020560",378673,2026-05-01 17:20:16,28.8503246307373,-17.8379096984863,"Unknown"
"5020560",378673,2026-05-01 17:21:15,28.8503093719482,-17.8378868103027,"Unknown"
"5020560",378673,2026-05-01 17:22:15,28.850284576416,-17.8378429412842,"Unknown"
"5020560",378673,2026-05-01 17:23:15,28.8502559661865,-17.8378257751465,"Unknown"
"5020560",378673,2026-05-01 17:24:15,28.8502445220947,-17.8377895355225,"Unknown"
"5020560",378673,2026-05-01 17:25:15,28.8502388000488,-17.8377914428711,"Unknown"
"5020560",378673,2026-05-01 17:26:15,28.8502426147461,-17.8377513885498,"Unknown"
"5020560",378673,2026-05-01 17:27:15,28.8502063751221,-17.837718963623,"Unknown"
"5020560",378673,2026-05-01 17:28:15,28.8502006530762,-17.8376750946045,"Unknown"
"5020560",378673,2026-05-01 17:29:15,28.850170135498,-17.8376407623291,"Unknown"
"5020560",378673,2026-05-01 17:30:15,28.8501644134521,-17.8376884460449,"Unknown"
"5020560",378673,2026-05-01 17:31:15,28.8501510620117,-17.8376598358154,"Unknown"
"5020560",378673,2026-05-01 17:32:15,28.8501434326172,-17.8376235961914,"Unknown"
"5020560",378673,2026-05-01 17:33:15,28.850154876709,-17.8376178741455,"Unknown"
"5020560",378673,2026-05-01 17:34:15,28.8501491546631,-17.8375663757324,"Unknown"
"5020560",378673,2026-05-01 17:35:15,28.8502388000488,-17.8375473022461,"Unknown"
"5020560",378673,2026-05-01 17:36:15,28.8502006530762,-17.8376922607422,"Unknown"
"5020560",378673,2026-05-01 17:37:16,28.8485546112061,-17.8418292999268,"Unknown"
"5020560",378673,2026-05-01 17:38:15,28.8484992980957,-17.8417987823486,"Unknown"
"5020560",378673,2026-05-01 17:39:15,28.848482131958,-17.8417739868164,"Unknown"
"5020560",378673,2026-05-01 17:40:15,28.848445892334,-17.8417510986328,"Unknown"
"5020560",378673,2026-05-01 17:41:15,28.8484268188477,-17.8417167663574,"Unknown"
"5020560",378673,2026-05-01 17:42:15,28.8483333587646,-17.8416290283203,"Unknown"
"5020560",378673,2026-05-01 17:43:15,28.8483734130859,-17.8417110443115,"Unknown"
"5020560",378673,2026-05-01 17:44:15,28.8483371734619,-17.8416576385498,"Unknown"
"5020560",378673,2026-05-01 17:45:15,28.8482913970947,-17.8416233062744,"Unknown"
"5020560",378673,2026-05-01 17:46:15,28.8482761383057,-17.8416481018066,"Unknown"
"5020560",378673,2026-05-01 17:47:15,28.8482532501221,-17.8416290283203,"Unknown"
"5020560",378673,2026-05-01 17:48:15,28.8482303619385,-17.8416271209717,"Unknown"
"5020560",378673,2026-05-01 17:49:14,28.8481826782227,-17.8416042327881,"Unknown"
"5020560",378673,2026-05-01 17:50:15,28.8481712341309,-17.8415851593018,"Unknown"
"5020560",378673,2026-05-01 17:51:15,28.8481979370117,-17.8416442871094,"Unknown"
"5020560",378673,2026-05-01 17:52:15,28.8481349945068,-17.841588973999,"Unknown"
"5020560",378673,2026-05-01 17:53:17,28.8481101989746,-17.841552734375,"Unknown"
"5020560",378673,2026-05-01 17:54:15,28.8480911254883,-17.84153175354,"Unknown"
"5020560",378673,2026-05-01 17:55:16,28.8480644226074,-17.8415050506592,"Unknown"
"5020560",378673,2026-05-01 17:56:17,28.848030090332,-17.8414859771729,"Unknown"
"5020560",378673,2026-05-01 17:57:30,28.8479995727539,-17.8414344787598,"Unknown"
"5020560",378673,2026-05-01 17:59:03,28.8479824066162,-17.8413925170898,"Unknown"
"5020560",378673,2026-05-01 17:59:14,28.847993850708,-17.8414001464844,"Unknown"
"5020560",378673,2026-05-01 18:00:14,28.8479995727539,-17.8413829803467,"Unknown"
"5020560",378673,2026-05-01 18:01:14,28.8480033874512,-17.841344833374,"Unknown"
"5020560",378673,2026-05-01 18:02:14,28.847972869873,-17.8412971496582,"Unknown"
"5020560",378673,2026-05-01 18:03:14,28.8485260009766,-17.8406295776367,"Unknown"
"5020560",378673,2026-05-01 18:04:14,28.851167678833,-17.8344669342041,"Unknown"
"5020560",378673,2026-05-01 18:05:14,28.8543090820312,-17.8277645111084,"Unknown"
"5020560",378673,2026-05-01 18:06:14,28.8557720184326,-17.8196125030518,"Unknown"
"5020560",378673,2026-05-01 18:07:15,28.858097076416,-17.8123645782471,"Unknown"
"5020560",378673,2026-05-01 18:08:14,28.8578243255615,-17.8052978515625,"Unknown"
"5020560",378673,2026-05-01 18:09:14,28.8563404083252,-17.798303604126,"Unknown"
"5020560",378673,2026-05-01 18:10:14,28.8570499420166,-17.7908420562744,"Unknown"
"5020560",378673,2026-05-01 18:11:14,28.8555145263672,-17.7830410003662,"Unknown"
"5020560",378673,2026-05-01 18:12:14,28.854211807251,-17.775691986084,"Unknown"
"5020560",378673,2026-05-01 18:13:15,28.8502006530762,-17.7696189880371,"Unknown"
"5020560",378673,2026-05-01 18:14:15,28.8461132049561,-17.7639827728271,"Unknown"
"5020560",378673,2026-05-01 18:15:14,28.8402671813965,-17.7598400115967,"Unknown"
"5020560",378673,2026-05-01 18:16:14,28.8345184326172,-17.7554054260254,"Unknown"
"5020560",378673,2026-05-01 18:17:15,28.8292999267578,-17.7502021789551,"Unknown"
"5020560",378673,2026-05-01 18:18:14,28.8230800628662,-17.7466888427734,"Unknown"
"5020560",378673,2026-05-01 18:19:14,28.8182144165039,-17.7424602508545,"Unknown"
"5020560",378673,2026-05-01 18:20:14,28.8125400543213,-17.7372455596924,"Unknown"
"5020560",378673,2026-05-01 18:21:14,28.8061676025391,-17.7336578369141,"Unknown"
"5020560",378673,2026-05-01 18:22:14,28.8004150390625,-17.7285270690918,"Unknown"
"5020560",378673,2026-05-01 18:23:14,28.7958488464355,-17.7229995727539,"Unknown"
"5020560",378673,2026-05-01 18:24:15,28.7922592163086,-17.7188739776611,"Unknown"
"5020560",378673,2026-05-01 18:29:15,28.783130645752,-17.7028942108154,"Unknown"
"5020560",378673,2026-05-01 18:34:15,28.7754421234131,-17.696741104126,"Unknown"
"5020560",378673,2026-05-01 18:39:14,28.7722988128662,-17.6868839263916,"Unknown"
"5020560",378673,2026-05-01 18:44:16,28.7731266021729,-17.6841220855713,"Unknown"
"5020560",378673,2026-05-01 18:49:15,28.7531452178955,-17.6972255706787,"Unknown"
"5020560",378673,2026-05-01 18:54:15,28.7438507080078,-17.7146396636963,"Unknown"
"5020560",378673,2026-05-01 18:59:15,28.7363796234131,-17.715030670166,"Unknown"
"5020560",378673,2026-05-01 19:04:15,28.7367324829102,-17.7144317626953,"Unknown"
"5020560",378673,2026-05-01 19:09:15,28.7368392944336,-17.7139530181885,"Unknown"
"5020560",378673,2026-05-01 19:14:16,28.7370662689209,-17.7133655548096,"Unknown"
"5020560",378673,2026-05-01 19:19:15,28.7370910644531,-17.7127799987793,"Unknown"
"5020560",378673,2026-05-01 19:24:17,28.7375602722168,-17.7104320526123,"Unknown"
"5020560",378673,2026-05-01 19:29:15,28.736909866333,-17.7108345031738,"Unknown"
"5020560",378673,2026-05-01 19:34:17,28.7372932434082,-17.7102375030518,"Unknown"
"5020560",378673,2026-05-01 19:39:15,28.7374458312988,-17.7096652984619,"Unknown"
"5020560",378673,2026-05-01 19:44:15,28.7375831604004,-17.7091274261475,"Unknown"
"5020560",378673,2026-05-01 19:49:16,28.7376937866211,-17.7086048126221,"Unknown"
"5020560",378673,2026-05-01 19:54:16,28.7378005981445,-17.7081146240234,"Unknown"
"5020560",378673,2026-05-01 19:59:31,28.7378845214844,-17.7076530456543,"Unknown"
"5020560",378673,2026-05-01 20:04:16,28.7346801757812,-17.7166366577148,"Unknown"
"5020560",378673,2026-05-01 20:09:18,28.7346992492676,-17.7161273956299,"Unknown"
"5020560",378673,2026-05-01 20:14:16,28.7348041534424,-17.7156734466553,"Unknown"
"5020560",378673,2026-05-01 20:19:16,28.7349224090576,-17.7153625488281,"Unknown"
"5020560",378673,2026-05-01 20:24:16,28.7349414825439,-17.7151374816895,"Unknown"
"5020560",378673,2026-05-01 20:29:16,28.7349910736084,-17.715051651001,"Unknown"
"5020560",378673,2026-05-01 20:34:16,28.7318935394287,-17.7213020324707,"Unknown"
"5020560",378673,2026-05-01 20:39:16,28.7253551483154,-17.7329292297363,"Unknown"
"5020560",378673,2026-05-02 03:55:00,28.7253036499023,-17.7333698272705,"Unknown"
"5020560",378673,2026-05-02 04:14:03,28.7308368682861,-17.7208003997803,"Unknown"
"5020560",378673,2026-05-02 04:33:34,28.7278995513916,-17.7229042053223,"Unknown"
"5020560",378673,2026-05-02 05:33:35,28.7254886627197,-17.7204093933105,"Unknown"
"5020560",378673,2026-05-02 06:34:03,28.7330513000488,-17.6948356628418,"Unknown"
"5020560",378673,2026-05-02 07:33:37,28.7365074157715,-17.66796875,"Unknown"
"5020560",378673,2026-05-02 08:33:35,28.7372989654541,-17.7195110321045,"Unknown"
"5020560",378673,2026-05-02 09:34:03,28.8031158447266,-17.745777130127,"Unknown"
"5020560",378673,2026-05-02 09:43:35,28.8030395507812,-17.7462997436523,"Unknown"
"5020560",378673,2026-05-02 09:53:35,28.8029880523682,-17.7468452453613,"Unknown"
"5020560",378673,2026-05-02 10:03:36,28.802848815918,-17.7471675872803,"Unknown"
"5020560",378673,2026-05-02 10:04:37,28.8028240203857,-17.7472057342529,"Unknown"
"5020560",378673,2026-05-02 10:05:35,28.8027896881104,-17.7472152709961,"Unknown"
"5020560",378673,2026-05-02 10:06:35,28.8027687072754,-17.747241973877,"Unknown"
"5020560",378673,2026-05-02 10:07:38,28.8027267456055,-17.7472476959229,"Unknown"
"5020560",378673,2026-05-02 10:08:37,28.8027038574219,-17.7472877502441,"Unknown"
"5020560",378673,2026-05-02 10:09:37,28.8026485443115,-17.7473201751709,"Unknown"
"5020560",378673,2026-05-02 10:10:37,28.802619934082,-17.7473430633545,"Unknown"
"5020560",378673,2026-05-02 10:11:37,28.8025760650635,-17.7473773956299,"Unknown"
"5020560",378673,2026-05-02 10:12:37,28.8025321960449,-17.7474136352539,"Unknown"
"5020560",378673,2026-05-02 10:13:37,28.8024997711182,-17.7474727630615,"Unknown"
"5020560",378673,2026-05-02 10:14:37,28.80246925354,-17.7474956512451,"Unknown"
"5020560",378673,2026-05-02 10:15:35,28.800745010376,-17.7462844848633,"Unknown"
"5020560",378673,2026-05-02 10:16:37,28.7951812744141,-17.7426872253418,"Unknown"
"5020560",378673,2026-05-02 10:17:37,28.7894630432129,-17.7389526367188,"Unknown"
"5020560",378673,2026-05-02 10:18:35,28.7839870452881,-17.735445022583,"Unknown"
"5020560",378673,2026-05-02 10:19:35,28.7792320251465,-17.7307643890381,"Unknown"
"5020560",378673,2026-05-02 10:20:35,28.7749519348145,-17.7263126373291,"Unknown"
"5020560",378673,2026-05-02 10:21:35,28.7698249816895,-17.7235794067383,"Unknown"
"5020560",378673,2026-05-02 10:22:36,28.7626724243164,-17.722110748291,"Unknown"
"5020560",378673,2026-05-02 10:27:35,28.7601928710938,-17.7225608825684,"Unknown"
"5020560",378673,2026-05-02 10:32:38,28.7603778839111,-17.7228946685791,"Unknown"
"5020560",378673,2026-05-02 10:37:37,28.7659740447998,-17.7214241027832,"Unknown"
"5020560",378673,2026-05-02 10:42:35,28.7684726715088,-17.7247219085693,"Unknown"
"5020560",378673,2026-05-02 10:47:35,28.7688140869141,-17.7252216339111,"Unknown"
"5020560",378673,2026-05-02 10:52:37,28.7551212310791,-17.7174587249756,"Unknown"
"5020560",378673,2026-05-02 10:53:35,28.755277633667,-17.7172431945801,"Unknown"
"5020560",378673,2026-05-02 10:58:38,28.7556018829346,-17.7178916931152,"Unknown"
"5020560",378673,2026-05-02 11:03:35,28.7483196258545,-17.7184944152832,"Unknown"
"5020560",378673,2026-05-02 11:08:35,28.7438697814941,-17.7182960510254,"Unknown"
"5020560",378673,2026-05-02 11:13:37,28.7416667938232,-17.7174415588379,"Unknown"
"5020560",378673,2026-05-02 11:18:36,28.7425670623779,-17.7178363800049,"Unknown"
"5020560",378673,2026-05-02 11:23:38,28.7434501647949,-17.7183017730713,"Unknown"
"5020560",378673,2026-05-02 11:28:38,28.744457244873,-17.7186622619629,"Unknown"
"5020560",378673,2026-05-02 11:33:38,28.7450866699219,-17.7192344665527,"Unknown"
"5020560",378673,2026-05-02 11:38:52,28.7456703186035,-17.7198581695557,"Unknown"
"5020560",378673,2026-05-02 11:44:03,28.7461338043213,-17.7202701568604,"Unknown"
"5020560",378673,2026-05-02 11:48:36,28.746768951416,-17.7208385467529,"Unknown"
"5020560",378673,2026-05-02 11:53:35,28.7473449707031,-17.7216014862061,"Unknown"
"5020560",378673,2026-05-02 11:58:36,28.7478809356689,-17.7224655151367,"Unknown"
"5020560",378673,2026-05-02 12:03:37,28.7484817504883,-17.7233352661133,"Unknown"
"5020560",378673,2026-05-02 12:08:37,28.7489395141602,-17.7242259979248,"Unknown"
"5020560",378673,2026-05-02 12:13:37,28.7535228729248,-17.7168502807617,"Unknown"
"5020560",378673,2026-05-02 12:18:36,28.7538108825684,-17.7174682617188,"Unknown"
"5020560",378673,2026-05-02 12:23:37,28.7541084289551,-17.7182807922363,"Unknown"
"5020560",378673,2026-05-02 12:28:36,28.7547397613525,-17.7189960479736,"Unknown"
"5020560",378673,2026-05-02 12:33:38,28.7553310394287,-17.7197399139404,"Unknown"
"5020560",378673,2026-05-02 12:38:36,28.7556438446045,-17.7205982208252,"Unknown"
"5020560",378673,2026-05-02 12:43:36,28.7560157775879,-17.7215347290039,"Unknown"
"5020560",378673,2026-05-02 12:48:38,28.7564277648926,-17.7224998474121,"Unknown"
"5020560",378673,2026-05-02 12:53:39,28.75661277771,-17.7234363555908,"Unknown"
"5020560",378673,2026-05-02 12:58:39,28.756893157959,-17.724250793457,"Unknown"
"5020560",378673,2026-05-02 13:03:38,28.7570838928223,-17.7251014709473,"Unknown"
"5020560",378673,2026-05-02 13:08:40,28.7572765350342,-17.7258586883545,"Unknown"
"5020560",378673,2026-05-02 13:10:03,28.7572689056396,-17.7260913848877,"Unknown"
"5020560",378673,2026-05-02 13:10:37,28.757266998291,-17.7261943817139,"Unknown"
"5020560",378673,2026-05-02 13:11:35,28.7572898864746,-17.7263603210449,"Unknown"
"5020560",378673,2026-05-02 13:12:37,28.7573223114014,-17.7265186309814,"Unknown"
"5020560",378673,2026-05-02 13:13:36,28.7573890686035,-17.7265930175781,"Unknown"
"5020560",378673,2026-05-02 13:14:38,28.757417678833,-17.7267627716064,"Unknown"
"5020560",378673,2026-05-02 13:15:36,28.7574329376221,-17.7268848419189,"Unknown"
"5020560",378673,2026-05-02 13:16:37,28.7574367523193,-17.727029800415,"Unknown"
"5020560",378673,2026-05-02 13:17:38,28.757438659668,-17.7271938323975,"Unknown"
"5020560",378673,2026-05-02 13:18:37,28.7543563842773,-17.7245979309082,"Unknown"
"5020560",378673,2026-05-02 13:19:36,28.7538032531738,-17.7208766937256,"Unknown"
"5020560",378673,2026-05-02 13:24:36,28.7518997192383,-17.7151069641113,"Unknown"
"5020560",378673,2026-05-02 13:29:38,28.7549915313721,-17.7169628143311,"Unknown"
"5020560",378673,2026-05-02 13:34:39,28.7551898956299,-17.7176399230957,"Unknown"
"5020560",378673,2026-05-02 13:39:38,28.7553520202637,-17.7183456420898,"Unknown"
"5020560",378673,2026-05-02 13:44:40,28.7556324005127,-17.718994140625,"Unknown"
"5020560",378673,2026-05-02 13:50:03,28.755880355835,-17.7195358276367,"Unknown"
"5020560",378673,2026-05-02 13:54:36,28.7564334869385,-17.7199382781982,"Unknown"
"5020560",378673,2026-05-02 13:59:36,28.7570514678955,-17.720458984375,"Unknown"
"5020560",378673,2026-05-02 14:04:37,28.7574405670166,-17.7210903167725,"Unknown"
"5020560",378673,2026-05-02 14:09:38,28.7575302124023,-17.7219314575195,"Unknown"
"5020560",378673,2026-05-02 14:14:37,28.7576198577881,-17.7227172851562,"Unknown"
"5020560",378673,2026-05-02 14:19:38,28.7576637268066,-17.7230682373047,"Unknown"
"5020560",378673,2026-05-02 14:24:36,28.7577724456787,-17.7235488891602,"Unknown"
"5020560",378673,2026-05-02 14:29:38,28.7546653747559,-17.7179431915283,"Unknown"
"5020560",378673,2026-05-02 14:34:38,28.7546443939209,-17.7186965942383,"Unknown"
"5020560",378673,2026-05-02 14:39:36,28.7545967102051,-17.719144821167,"Unknown"
"5020560",378673,2026-05-02 14:44:38,28.7543106079102,-17.7191677093506,"Unknown"
"5020560",378673,2026-05-02 14:50:00,28.7536392211914,-17.7232456207275,"Unknown"
"5020560",378673,2026-05-02 14:54:37,28.7534294128418,-17.7228698730469,"Unknown"
"5020560",378673,2026-05-02 14:59:37,28.7536334991455,-17.7231121063232,"Unknown"
"5020560",378673,2026-05-02 15:04:39,28.7508773803711,-17.720832824707,"Unknown"
"5020560",378673,2026-05-02 15:09:41,28.7502365112305,-17.7206058502197,"Unknown"
"5020560",378673,2026-05-02 15:14:38,28.7503986358643,-17.7206935882568,"Unknown"
"5020560",378673,2026-05-02 15:19:42,28.7506542205811,-17.7209320068359,"Unknown"
"5020560",378673,2026-05-02 15:25:03,28.7527484893799,-17.7174587249756,"Unknown"
"5020560",378673,2026-05-02 15:29:37,28.7529945373535,-17.7181911468506,"Unknown"
"5020560",378673,2026-05-02 15:34:38,28.7532424926758,-17.7189540863037,"Unknown"
"5020560",378673,2026-05-02 15:39:37,28.7557754516602,-17.7196769714355,"Unknown"
"5020560",378673,2026-05-02 15:44:37,28.7556629180908,-17.7194633483887,"Unknown"
"5020560",378673,2026-05-02 15:49:37,28.7559547424316,-17.7199859619141,"Unknown"
"5020560",378673,2026-05-02 15:54:37,28.7565746307373,-17.71852684021,"Unknown"
"5020560",378673,2026-05-02 15:59:37,28.7568531036377,-17.7193260192871,"Unknown"
"5020560",378673,2026-05-02 16:04:37,28.7570552825928,-17.7201862335205,"Unknown"
"5020560",378673,2026-05-02 16:09:39,28.7572383880615,-17.7209758758545,"Unknown"
"5020560",378673,2026-05-02 16:14:38,28.7574615478516,-17.721752166748,"Unknown"
"5020560",378673,2026-05-02 16:19:39,28.7576789855957,-17.7222862243652,"Unknown"
"5020560",378673,2026-05-02 16:24:39,28.757984161377,-17.7229557037354,"Unknown"
"5020560",378673,2026-05-02 16:29:37,28.7584533691406,-17.7236728668213,"Unknown"
"5020560",378673,2026-05-02 16:34:39,28.7624454498291,-17.7278480529785,"Unknown"
"5020560",378673,2026-05-02 16:39:37,28.7627544403076,-17.7279834747314,"Unknown"
"5020560",378673,2026-05-02 16:40:40,28.7628021240234,-17.7280368804932,"Unknown"
"5020560",378673,2026-05-02 16:41:38,28.7628955841064,-17.7281494140625,"Unknown"
"5020560",378673,2026-05-02 16:42:37,28.7630386352539,-17.7283134460449,"Unknown"
"5020560",378673,2026-05-02 16:43:38,28.7632293701172,-17.728443145752,"Unknown"
"5020560",378673,2026-05-02 16:44:39,28.7634449005127,-17.7285232543945,"Unknown"
"5020560",378673,2026-05-02 16:45:37,28.7635650634766,-17.7286128997803,"Unknown"
"5020560",378673,2026-05-02 16:46:39,28.7636756896973,-17.7286834716797,"Unknown"
"5020560",378673,2026-05-02 16:47:39,28.7638244628906,-17.7286682128906,"Unknown"
"5020560",378673,2026-05-02 16:48:39,28.7671089172363,-17.7263736724854,"Unknown"
"5020560",378673,2026-05-02 16:49:39,28.7682971954346,-17.7268543243408,"Unknown"
"5020560",378673,2026-05-02 16:50:38,28.7684421539307,-17.7270011901855,"Unknown"
"5020560",378673,2026-05-02 16:51:39,28.7685852050781,-17.7267265319824,"Unknown"
"5020560",378673,2026-05-02 16:52:38,28.7660541534424,-17.7260456085205,"Unknown"
"5020560",378673,2026-05-02 16:53:37,28.7711391448975,-17.729944229126,"Unknown"
"5020560",378673,2026-05-02 16:54:39,28.771577835083,-17.7332916259766,"Unknown"
"5020560",378673,2026-05-02 16:55:41,28.7721061706543,-17.7338600158691,"Unknown"
"5020560",378673,2026-05-02 16:56:40,28.7739372253418,-17.7342987060547,"Unknown"
"5020560",378673,2026-05-02 16:57:39,28.774055480957,-17.7343425750732,"Unknown"
"5020560",378673,2026-05-02 16:58:37,28.7742137908936,-17.7344226837158,"Unknown"
"5020560",378673,2026-05-02 16:59:37,28.7758274078369,-17.7356185913086,"Unknown"
"5020560",378673,2026-05-02 17:00:52,28.7775344848633,-17.7362937927246,"Unknown"
"5020560",378673,2026-05-02 17:02:01,28.7776985168457,-17.7363777160645,"Unknown"
"5020560",378673,2026-05-02 17:02:37,28.7777938842773,-17.736364364624,"Unknown"
"5020560",378673,2026-05-02 17:03:37,28.7779998779297,-17.7364025115967,"Unknown"
"5020560",378673,2026-05-02 17:04:37,28.7816123962402,-17.7380790710449,"Unknown"
"5020560",378673,2026-05-02 17:05:39,28.7820053100586,-17.7383060455322,"Unknown"
"5020560",378673,2026-05-02 17:06:39,28.7821960449219,-17.7383499145508,"Unknown"
"5020560",378673,2026-05-02 17:07:37,28.7823524475098,-17.7383842468262,"Unknown"
"5020560",378673,2026-05-02 17:08:37,28.7824649810791,-17.7384052276611,"Unknown"
"5020560",378673,2026-05-02 17:09:37,28.782564163208,-17.7384719848633,"Unknown"
"5020560",378673,2026-05-02 17:10:39,28.7826404571533,-17.7385101318359,"Unknown"
"5020560",378673,2026-05-02 17:11:37,28.7827835083008,-17.7386054992676,"Unknown"
"5020560",378673,2026-05-02 17:12:37,28.7829418182373,-17.7386951446533,"Unknown"
"5020560",378673,2026-05-02 17:13:37,28.7831153869629,-17.7387218475342,"Unknown"
"5020560",378673,2026-05-02 17:14:37,28.7832851409912,-17.738733291626,"Unknown"
"5020560",378673,2026-05-02 17:15:37,28.7834510803223,-17.7387638092041,"Unknown"
"5020560",378673,2026-05-02 17:16:37,28.783670425415,-17.7388877868652,"Unknown"
"5020560",378673,2026-05-02 17:17:37,28.7838516235352,-17.7390327453613,"Unknown"
"5020560",378673,2026-05-02 17:18:37,28.7840042114258,-17.7391300201416,"Unknown"
"5020560",378673,2026-05-02 17:19:37,28.7841873168945,-17.7392330169678,"Unknown"
"5020560",378673,2026-05-02 17:20:37,28.784366607666,-17.7393169403076,"Unknown"
"5020560",378673,2026-05-02 17:21:37,28.7845458984375,-17.7393054962158,"Unknown"
"5020560",378673,2026-05-02 17:22:37,28.7847290039062,-17.7392959594727,"Unknown"
"5020560",378673,2026-05-02 17:23:37,28.784969329834,-17.7393703460693,"Unknown"
"5020560",378673,2026-05-02 17:24:37,28.7850933074951,-17.7393550872803,"Unknown"
"5020560",378673,2026-05-02 17:25:37,28.7852592468262,-17.7393665313721,"Unknown"
"5020560",378673,2026-05-02 17:26:37,28.7853832244873,-17.7393379211426,"Unknown"
"5020560",378673,2026-05-02 17:27:37,28.7855243682861,-17.7393684387207,"Unknown"
"5020560",378673,2026-05-02 17:28:37,28.785680770874,-17.7394504547119,"Unknown"
"5020560",378673,2026-05-02 17:29:37,28.7857723236084,-17.7394771575928,"Unknown"
"5020560",378673,2026-05-02 17:30:37,28.7858924865723,-17.7395305633545,"Unknown"
"5020560",378673,2026-05-02 17:31:37,28.7860412597656,-17.7395782470703,"Unknown"
"5020560",378673,2026-05-02 17:32:37,28.786190032959,-17.7396087646484,"Unknown"
"5020560",378673,2026-05-02 17:33:37,28.7863273620605,-17.7396278381348,"Unknown"
"5020560",378673,2026-05-02 17:34:37,28.7864589691162,-17.7396926879883,"Unknown"
"5020560",378673,2026-05-02 17:35:37,28.7865715026855,-17.7397155761719,"Unknown"
"5020560",378673,2026-05-02 17:36:38,28.7866897583008,-17.739725112915,"Unknown"
"5020560",378673,2026-05-02 17:37:37,28.7867984771729,-17.7396907806396,"Unknown"
"5020560",378673,2026-05-02 17:38:37,28.7869110107422,-17.7396697998047,"Unknown"
"5020560",378673,2026-05-02 17:39:38,28.7869873046875,-17.7396335601807,"Unknown"
"5020560",378673,2026-05-02 17:40:38,28.7871112823486,-17.7396564483643,"Unknown"
"5020560",378673,2026-05-02 17:41:37,28.7872066497803,-17.7396812438965,"Unknown"
"5020560",378673,2026-05-02 17:42:39,28.7872886657715,-17.7396945953369,"Unknown"
"5020560",378673,2026-05-02 17:43:37,28.7873725891113,-17.7397079467773,"Unknown"
"5020560",378673,2026-05-02 17:44:37,28.7874984741211,-17.7397556304932,"Unknown"
"5020560",378673,2026-05-02 17:45:37,28.7876091003418,-17.7398700714111,"Unknown"
"5020560",378673,2026-05-02 17:46:39,28.7877216339111,-17.7399120330811,"Unknown"
"5020560",378673,2026-05-02 17:47:38,28.7878341674805,-17.7399406433105,"Unknown"
"5020560",378673,2026-05-02 17:48:40,28.7878265380859,-17.7398834228516,"Unknown"
"5020560",378673,2026-05-02 17:49:40,28.7879867553711,-17.7399482727051,"Unknown"
"5020560",378673,2026-05-02 17:50:40,28.7880516052246,-17.7399120330811,"Unknown"
"5020560",378673,2026-05-02 17:51:42,28.7881717681885,-17.739933013916,"Unknown"
"5020560",378673,2026-05-02 17:52:42,28.7882747650146,-17.7399368286133,"Unknown"
"5020560",378673,2026-05-02 17:53:41,28.7883930206299,-17.7399635314941,"Unknown"
"5020560",378673,2026-05-02 17:54:45,28.788516998291,-17.7399711608887,"Unknown"
"5020560",378673,2026-05-02 17:56:03,28.7887153625488,-17.7400588989258,"Unknown"
"5020560",378673,2026-05-02 17:56:37,28.7887630462646,-17.7400779724121,"Unknown"
"5020560",378673,2026-05-02 17:57:37,28.7888851165771,-17.7401313781738,"Unknown"
"5020560",378673,2026-05-02 17:58:38,28.789026260376,-17.740177154541,"Unknown"
"5020560",378673,2026-05-02 17:59:39,28.7891788482666,-17.7402305603027,"Unknown"
"5020560",378673,2026-05-02 18:00:37,28.7892990112305,-17.7402687072754,"Unknown"
"5020560",378673,2026-05-02 18:01:38,28.7894725799561,-17.7403564453125,"Unknown"
"5020560",378673,2026-05-02 18:02:37,28.7896175384521,-17.7397842407227,"Unknown"
"5020560",378673,2026-05-02 18:03:39,28.7878971099854,-17.7386264801025,"Unknown"
"5020560",378673,2026-05-02 18:04:38,28.7880020141602,-17.7386512756348,"Unknown"
"5020560",378673,2026-05-02 18:05:36,28.7880802154541,-17.7387008666992,"Unknown"
"5020560",378673,2026-05-02 18:06:36,28.7881889343262,-17.738733291626,"Unknown"
"5020560",378673,2026-05-02 18:07:36,28.788272857666,-17.7387599945068,"Unknown"
"5020560",378673,2026-05-02 18:08:36,28.7883491516113,-17.7387962341309,"Unknown"
"5020560",378673,2026-05-02 18:09:37,28.7884311676025,-17.7388763427734,"Unknown"
"5020560",378673,2026-05-02 18:10:37,28.7885723114014,-17.7389812469482,"Unknown"
"5020560",378673,2026-05-02 18:11:38,28.7887687683105,-17.7390537261963,"Unknown"
"5020560",378673,2026-05-02 18:12:38,28.7889156341553,-17.7390975952148,"Unknown"
"5020560",378673,2026-05-02 18:13:37,28.7890148162842,-17.7390899658203,"Unknown"
"5020560",378673,2026-05-02 18:14:38,28.7892036437988,-17.7391681671143,"Unknown"
"5020560",378673,2026-05-02 18:15:37,28.7893486022949,-17.7391624450684,"Unknown"
"5020560",378673,2026-05-02 18:16:38,28.7895164489746,-17.7391796112061,"Unknown"
"5020560",378673,2026-05-02 18:17:38,28.7896957397461,-17.7391738891602,"Unknown"
"5020560",378673,2026-05-02 18:18:37,28.7898216247559,-17.7391185760498,"Unknown"
"5020560",378673,2026-05-02 18:19:37,28.7899799346924,-17.7390880584717,"Unknown"
"5020560",378673,2026-05-02 18:20:38,28.7901630401611,-17.7390880584717,"Unknown"
"5020560",378673,2026-05-02 18:21:39,28.7903156280518,-17.7391014099121,"Unknown"
"5020560",378673,2026-05-02 18:22:37,28.7904567718506,-17.7390956878662,"Unknown"
"5020560",378673,2026-05-02 18:23:39,28.7906093597412,-17.7391033172607,"Unknown"
"5020560",378673,2026-05-02 18:24:37,28.7907066345215,-17.739070892334,"Unknown"
"5020560",378673,2026-05-02 18:25:37,28.7907981872559,-17.7390785217285,"Unknown"
"5020560",378673,2026-05-02 18:26:37,28.7908916473389,-17.7390632629395,"Unknown"
"5020560",378673,2026-05-02 18:27:37,28.7910099029541,-17.7390537261963,"Unknown"
"5020560",378673,2026-05-02 18:28:36,28.7911205291748,-17.7389888763428,"Unknown"
"5020560",378673,2026-05-02 18:29:38,28.7912101745605,-17.7389373779297,"Unknown"
"5020560",378673,2026-05-02 18:30:37,28.7913589477539,-17.738920211792,"Unknown"
"5020560",378673,2026-05-02 18:31:37,28.7914619445801,-17.7389183044434,"Unknown"
"5020560",378673,2026-05-02 18:32:39,28.7915687561035,-17.7389221191406,"Unknown"
"5020560",378673,2026-05-02 18:33:39,28.791675567627,-17.7388706207275,"Unknown"
"5020560",378673,2026-05-02 18:34:37,28.791784286499,-17.7388229370117,"Unknown"
"5020560",378673,2026-05-02 18:35:38,28.7919006347656,-17.7388496398926,"Unknown"
"5020560",378673,2026-05-02 18:36:37,28.792028427124,-17.7388229370117,"Unknown"
"5020560",378673,2026-05-02 18:37:38,28.7921581268311,-17.7388648986816,"Unknown"
"5020560",378673,2026-05-02 18:38:39,28.7923221588135,-17.7388820648193,"Unknown"
"5020560",378673,2026-05-02 18:39:38,28.7923774719238,-17.7388458251953,"Unknown"
"5020560",378673,2026-05-02 18:40:38,28.7924842834473,-17.7388191223145,"Unknown"
"5020560",378673,2026-05-02 18:41:39,28.7925567626953,-17.73876953125,"Unknown"
"5020560",378673,2026-05-02 18:42:37,28.7926387786865,-17.7387733459473,"Unknown"
"5020560",378673,2026-05-02 18:43:37,28.7927417755127,-17.7387733459473,"Unknown"
"5020560",378673,2026-05-02 18:44:37,28.7928314208984,-17.7387561798096,"Unknown"
"5020560",378673,2026-05-02 18:45:39,28.792947769165,-17.738733291626,"Unknown"
"5020560",378673,2026-05-02 18:46:38,28.7930488586426,-17.7387561798096,"Unknown"
"5020560",378673,2026-05-02 18:47:37,28.7931671142578,-17.7387599945068,"Unknown"
"5020560",378673,2026-05-02 18:48:37,28.7932434082031,-17.738790512085,"Unknown"
"5020560",378673,2026-05-02 18:49:37,28.7933368682861,-17.7387676239014,"Unknown"
"5020560",378673,2026-05-02 18:50:37,28.7934188842773,-17.7387924194336,"Unknown"
"5020560",378673,2026-05-02 18:51:37,28.7934989929199,-17.7387428283691,"Unknown"
"5020560",378673,2026-05-02 18:52:36,28.7935638427734,-17.738697052002,"Unknown"
"5020560",378673,2026-05-02 18:53:37,28.7936115264893,-17.7387924194336,"Unknown"
"5020560",378673,2026-05-02 18:54:37,28.7937068939209,-17.7387771606445,"Unknown"
"5020560",378673,2026-05-02 18:55:39,28.793794631958,-17.7387523651123,"Unknown"
"5020560",378673,2026-05-02 18:56:36,28.793888092041,-17.7387638092041,"Unknown"
"5020560",378673,2026-05-02 18:57:37,28.7939548492432,-17.7387466430664,"Unknown"
"5020560",378673,2026-05-02 18:58:37,28.7940235137939,-17.7387065887451,"Unknown"
"5020560",378673,2026-05-02 18:59:37,28.7940425872803,-17.7386798858643,"Unknown"
"5020560",378673,2026-05-02 19:00:37,28.794132232666,-17.7386417388916,"Unknown"
"5020560",378673,2026-05-02 19:01:37,28.7941818237305,-17.7386054992676,"Unknown"
"5020560",378673,2026-05-02 19:02:38,28.7942676544189,-17.7385578155518,"Unknown"
"5020560",378673,2026-05-02 19:03:38,28.794340133667,-17.738489151001,"Unknown"
"5020560",378673,2026-05-02 19:04:37,28.7944087982178,-17.7384929656982,"Unknown"
"5020560",378673,2026-05-02 19:05:36,28.7944660186768,-17.7384490966797,"Unknown"
"5020560",378673,2026-05-02 19:06:37,28.7945423126221,-17.7384834289551,"Unknown"
"5020560",378673,2026-05-02 19:07:37,28.7946262359619,-17.7384643554688,"Unknown"
"5020560",378673,2026-05-02 19:08:39,28.7947330474854,-17.7384262084961,"Unknown"
"5020560",378673,2026-05-02 19:09:37,28.7948017120361,-17.7383899688721,"Unknown"
"5020560",378673,2026-05-02 19:10:37,28.7948532104492,-17.7383422851562,"Unknown"
"5020560",378673,2026-05-02 19:11:37,28.7949047088623,-17.7383289337158,"Unknown"
"5020560",378673,2026-05-02 19:12:38,28.7949504852295,-17.7382984161377,"Unknown"
"5020560",378673,2026-05-02 19:13:38,28.7949886322021,-17.7382755279541,"Unknown"
"5020560",378673,2026-05-02 19:14:37,28.7950611114502,-17.7382850646973,"Unknown"
"5020560",378673,2026-05-02 19:15:36,28.7951049804688,-17.7382545471191,"Unknown"
"5020560",378673,2026-05-02 19:16:37,28.7951259613037,-17.7382335662842,"Unknown"
"5020560",378673,2026-05-02 19:17:39,28.7952060699463,-17.7382259368896,"Unknown"
"5020560",378673,2026-05-02 19:18:38,28.7952346801758,-17.7382144927979,"Unknown"
"5020560",378673,2026-05-02 19:19:37,28.7952880859375,-17.7381992340088,"Unknown"
"5020560",378673,2026-05-02 19:20:36,28.7953472137451,-17.7382183074951,"Unknown"
"5020560",378673,2026-05-02 19:21:37,28.79541015625,-17.7382049560547,"Unknown"
"5020560",378673,2026-05-02 19:22:39,28.7954616546631,-17.7381572723389,"Unknown"
"5020560",378673,2026-05-02 19:23:39,28.7954998016357,-17.7381820678711,"Unknown"
"5020560",378673,2026-05-02 19:24:37,28.7955513000488,-17.7381572723389,"Unknown"
"5020560",378673,2026-05-02 19:25:39,28.7955913543701,-17.7381362915039,"Unknown"
"5020560",378673,2026-05-02 19:26:40,28.7956466674805,-17.7381057739258,"Unknown"
"5020560",378673,2026-05-02 19:27:38,28.7957420349121,-17.7380256652832,"Unknown"
"5020560",378673,2026-05-02 19:28:39,28.7958602905273,-17.7380504608154,"Unknown"
"5020560",378673,2026-05-02 19:29:39,28.7959289550781,-17.7380084991455,"Unknown"
"5020560",378673,2026-05-02 19:30:39,28.7960605621338,-17.737943649292,"Unknown"
"5020560",378673,2026-05-02 19:31:39,28.7961139678955,-17.7378845214844,"Unknown"
"5020560",378673,2026-05-02 19:32:39,28.7962131500244,-17.737850189209,"Unknown"
"5020560",378673,2026-05-02 19:33:39,28.7962493896484,-17.7378101348877,"Unknown"
"5020560",378673,2026-05-02 19:34:40,28.7963027954102,-17.7378005981445,"Unknown"
"5020560",378673,2026-05-02 19:35:42,28.7963619232178,-17.7377643585205,"Unknown"
"5020560",378673,2026-05-02 19:36:40,28.7963638305664,-17.7377433776855,"Unknown"
"5020560",378673,2026-05-02 19:37:39,28.7963962554932,-17.7377243041992,"Unknown"
"5020560",378673,2026-05-02 19:38:40,28.7964363098145,-17.7376689910889,"Unknown"
"5020560",378673,2026-05-02 19:39:39,28.796459197998,-17.737642288208,"Unknown"
"5020560",378673,2026-05-02 19:40:36,28.7964935302734,-17.737606048584,"Unknown"
"5020560",378673,2026-05-02 19:41:41,28.7965354919434,-17.7375831604004,"Unknown"
"5020560",378673,2026-05-02 19:42:39,28.796558380127,-17.7375583648682,"Unknown"
"5020560",378673,2026-05-02 19:43:41,28.7966213226318,-17.7375068664551,"Unknown"
"5020560",378673,2026-05-02 19:44:39,28.7966327667236,-17.7375106811523,"Unknown"
"5020560",378673,2026-05-02 19:45:40,28.7966651916504,-17.7374935150146,"Unknown"
"5020560",378673,2026-05-02 19:46:41,28.796688079834,-17.7374629974365,"Unknown"
"5020560",378673,2026-05-02 19:47:40,28.7967128753662,-17.737455368042,"Unknown"
"5020560",378673,2026-05-02 19:48:40,28.7967338562012,-17.7374095916748,"Unknown"
"5020560",378673,2026-05-02 19:49:41,28.7967433929443,-17.7373237609863,"Unknown"
"5020560",378673,2026-05-02 19:50:42,28.7967758178711,-17.7372531890869,"Unknown"
"5020560",378673,2026-05-02 19:51:42,28.7968006134033,-17.7371768951416,"Unknown"
"5020560",378673,2026-05-02 19:52:42,28.7968502044678,-17.7371215820312,"Unknown"
"5020560",378673,2026-05-02 19:53:41,28.7968978881836,-17.7370109558105,"Unknown"
"5020560",378673,2026-05-02 19:54:42,28.7969360351562,-17.7370185852051,"Unknown"
"5020560",378673,2026-05-02 19:55:41,28.7969932556152,-17.7368774414062,"Unknown"
"5020560",378673,2026-05-02 19:56:41,28.7970638275146,-17.7368583679199,"Unknown"
"5020560",378673,2026-05-02 19:57:37,28.7971324920654,-17.7367858886719,"Unknown"
"5020560",378673,2026-05-02 19:58:38,28.7971878051758,-17.7367286682129,"Unknown"
"5020560",378673,2026-05-02 19:59:41,28.7972354888916,-17.7366485595703,"Unknown"
"5020560",378673,2026-05-02 20:01:02,28.7973079681396,-17.7366027832031,"Unknown"
"5020560",378673,2026-05-02 20:01:39,28.7973136901855,-17.7365570068359,"Unknown"
"5020560",378673,2026-05-02 20:02:37,28.7978401184082,-17.7373676300049,"Unknown"
"5020560",378673,2026-05-02 20:03:38,28.7931575775146,-17.7395305633545,"Unknown"
"5020560",378673,2026-05-02 20:04:37,28.792947769165,-17.7411689758301,"Unknown"
"5020560",378673,2026-05-02 20:05:39,28.7918071746826,-17.7403564453125,"Unknown"
"5020560",378673,2026-05-02 20:06:43,28.791877746582,-17.7403335571289,"Unknown"
"5020560",378673,2026-05-02 20:07:41,28.7918910980225,-17.7402687072754,"Unknown"
"5020560",378673,2026-05-02 20:09:01,28.791862487793,-17.7402153015137,"Unknown"
"5020560",378673,2026-05-02 20:09:37,28.7918338775635,-17.7402019500732,"Unknown"
"5020560",378673,2026-05-02 20:10:36,28.7917976379395,-17.7401809692383,"Unknown"
"5020560",378673,2026-05-02 20:11:36,28.7917442321777,-17.740161895752,"Unknown"
"5020560",378673,2026-05-02 20:12:38,28.7916736602783,-17.740177154541,"Unknown"
"5020560",378673,2026-05-02 20:13:37,28.7916717529297,-17.7401905059814,"Unknown"
"5020560",378673,2026-05-02 20:14:37,28.7916831970215,-17.7401885986328,"Unknown"
"5020560",378673,2026-05-02 20:15:37,28.7916984558105,-17.7401847839355,"Unknown"
"5020560",378673,2026-05-02 20:16:37,28.7916870117188,-17.7401905059814,"Unknown"
"5020560",378673,2026-05-02 20:17:37,28.791690826416,-17.7401828765869,"Unknown"
"5020560",378673,2026-05-02 20:18:37,28.7917423248291,-17.7401905059814,"Unknown"
"5020560",378673,2026-05-02 20:19:37,28.7916793823242,-17.7401027679443,"Unknown"
"5020560",378673,2026-05-02 20:20:37,28.7916927337646,-17.740104675293,"Unknown"
"5020560",378673,2026-05-02 20:21:37,28.7916793823242,-17.7401008605957,"Unknown"
"5020560",378673,2026-05-02 20:22:36,28.7916812896729,-17.7400684356689,"Unknown"
"5020560",378673,2026-05-02 20:23:37,28.7916679382324,-17.740062713623,"Unknown"
"5020560",378673,2026-05-02 20:24:36,28.7916851043701,-17.740062713623,"Unknown"
"5020560",378673,2026-05-02 20:25:37,28.7916717529297,-17.740119934082,"Unknown"
"5020560",378673,2026-05-02 20:26:37,28.7916927337646,-17.7401714324951,"Unknown"
"5020560",378673,2026-05-02 20:27:37,28.7917366027832,-17.7402324676514,"Unknown"
"5020560",378673,2026-05-02 20:28:36,28.791748046875,-17.7402534484863,"Unknown"
"5020560",378673,2026-05-02 20:29:37,28.7917289733887,-17.7403011322021,"Unknown"
"5020560",378673,2026-05-02 20:30:37,28.7917594909668,-17.7403411865234,"Unknown"
"5020560",378673,2026-05-02 20:31:37,28.7900810241699,-17.7422218322754,"Unknown"
"5020560",378673,2026-05-02 20:32:37,28.7833766937256,-17.7409420013428,"Unknown"
"5020560",378673,2026-05-02 20:33:37,28.7765579223633,-17.7364311218262,"Unknown"
"5020560",378673,2026-05-02 20:34:37,28.7690162658691,-17.73193359375,"Unknown"
"5020560",378673,2026-05-02 20:35:37,28.7608737945557,-17.7288455963135,"Unknown"
"5020560",378673,2026-05-02 20:36:37,28.7525367736816,-17.7237033843994,"Unknown"
"5020560",378673,2026-05-02 20:37:37,28.7443885803223,-17.7193775177002,"Unknown"
"5020560",378673,2026-05-02 20:42:37,28.7216205596924,-17.7294139862061,"Unknown"
"5020560",378673,2026-05-02 20:49:02,28.72532081604,-17.7333507537842,"Unknown"
"5020560",378673,2026-05-02 20:49:03,28.7253227233887,-17.7333564758301,"Unknown"
"5020560",378673,2026-05-02 20:50:12,28.7253150939941,-17.7332229614258,"Unknown"
"5020560",378673,2026-05-02 20:51:10,28.7253341674805,-17.7332859039307,"Unknown"
"5020560",378673,2026-05-02 20:52:12,28.7253112792969,-17.7332992553711,"Unknown"
"5020560",378673,2026-05-02 20:53:15,28.7252902984619,-17.733470916748,"Unknown"
"5020560",378673,2026-05-02 20:54:31,28.7253646850586,-17.7332229614258,"Unknown"
"5020560",378673,2026-05-02 21:00:14,28.7252960205078,-17.7333793640137,"Unknown"
"5020560",378673,2026-05-02 21:01:13,28.7253437042236,-17.7333202362061,"Unknown"
"5020560",378673,2026-05-02 21:02:14,28.7252292633057,-17.7334518432617,"Unknown"
"5020560",378673,2026-05-02 21:03:10,28.7253150939941,-17.7331943511963,"Unknown"
"5020560",378673,2026-05-02 21:04:19,28.7252979278564,-17.7333335876465,"Unknown"
"5020560",378673,2026-05-02 21:05:17,28.7253112792969,-17.7332992553711,"Unknown"
"5020560",378673,2026-05-02 21:06:10,28.7252941131592,-17.7333297729492,"Unknown"
"5020560",378673,2026-05-02 21:07:11,28.7252922058105,-17.7334365844727,"Unknown"
"5020560",378673,2026-05-02 21:08:09,28.7253456115723,-17.7333488464355,"Unknown"
"5020560",378673,2026-05-02 21:09:10,28.7253112792969,-17.7333965301514,"Unknown"
"5020560",378673,2026-05-02 21:10:12,28.7252941131592,-17.7333641052246,"Unknown"
"5020560",378673,2026-05-02 21:11:10,28.7253398895264,-17.7333297729492,"Unknown"
"5020560",378673,2026-05-02 21:12:15,28.7252826690674,-17.733226776123,"Unknown"
"5020560",378673,2026-05-02 21:13:10,28.7253360748291,-17.7332763671875,"Unknown"
"5020560",378673,2026-05-02 21:14:08,28.725492477417,-17.7332935333252,"Unknown"
"5020560",378673,2026-05-02 21:15:11,28.7253017425537,-17.733268737793,"Unknown"
"5020560",378673,2026-05-02 21:16:09,28.7252826690674,-17.7333374023438,"Unknown"
"5020560",378673,2026-05-02 21:17:08,28.7253074645996,-17.7333087921143,"Unknown"
"5020560",378673,2026-05-02 21:18:11,28.7253398895264,-17.7334651947021,"Unknown"
"5020560",378673,2026-05-02 21:19:09,28.7252807617188,-17.7333374023438,"Unknown"
"5020560",378673,2026-05-02 21:20:08,28.7253017425537,-17.7333126068115,"Unknown"
"5020560",378673,2026-05-02 21:21:09,28.7253360748291,-17.733377456665,"Unknown"
"5020560",378673,2026-05-02 21:22:13,28.7253360748291,-17.7334327697754,"Unknown"
"5020560",378673,2026-05-02 21:23:13,28.7253341674805,-17.7334003448486,"Unknown"
"5020560",378673,2026-05-02 21:24:08,28.7252655029297,-17.7333106994629,"Unknown"
"5020560",378673,2026-05-02 21:25:09,28.7253265380859,-17.7334060668945,"Unknown"
"5020560",378673,2026-05-02 21:26:08,28.72532081604,-17.7333240509033,"Unknown"
"5020560",378673,2026-05-02 21:27:11,28.7253704071045,-17.7334747314453,"Unknown"
"5020560",378673,2026-05-02 21:28:08,28.7253112792969,-17.7333374023438,"Unknown"
"5020560",378673,2026-05-02 21:29:08,28.7253646850586,-17.7334041595459,"Unknown"
"5020560",378673,2026-05-02 21:30:08,28.7254047393799,-17.7330627441406,"Unknown"
"5020560",378673,2026-05-02 21:31:08,28.7253189086914,-17.7333183288574,"Unknown"
"5020560",378673,2026-05-02 21:32:12,28.7253131866455,-17.7333641052246,"Unknown"
"5020560",378673,2026-05-02 21:33:12,28.725341796875,-17.7333011627197,"Unknown"
"5020560",378673,2026-05-02 21:34:13,28.7253284454346,-17.7334461212158,"Unknown"
"5020560",378673,2026-05-02 21:35:10,28.7253017425537,-17.7334632873535,"Unknown"
"5020560",378673,2026-05-02 21:36:07,28.7266864776611,-17.7263298034668,"Unknown"
"5020560",378673,2026-05-02 21:37:06,28.7299003601074,-17.7202625274658,"Unknown"
"5020560",378673,2026-05-02 21:38:08,28.7306938171387,-17.7197036743164,"Unknown"
"5020560",378673,2026-05-02 21:43:07,28.7308139801025,-17.7192211151123,"Unknown"
"5020560",378673,2026-05-02 21:48:06,28.7310104370117,-17.7186431884766,"Unknown"
"5020560",378673,2026-05-02 21:53:09,28.731201171875,-17.7182064056396,"Unknown"
"5020560",378673,2026-05-02 21:58:07,28.7317504882812,-17.7174491882324,"Unknown"
"5020560",378673,2026-05-02 22:03:07,28.7324504852295,-17.7167663574219,"Unknown"
"5020560",378673,2026-05-02 22:08:07,28.7330360412598,-17.7160949707031,"Unknown"
"5020560",378673,2026-05-02 22:13:07,28.7336158752441,-17.7154712677002,"Unknown"
"5020560",378673,2026-05-02 22:18:06,28.7341651916504,-17.7149276733398,"Unknown"
"5020560",378673,2026-05-02 22:23:07,28.7348804473877,-17.7143497467041,"Unknown"
"5020560",378673,2026-05-02 22:28:07,28.7357711791992,-17.7135334014893,"Unknown"
"5020560",378673,2026-05-02 22:33:06,28.7364559173584,-17.7129287719727,"Unknown"
"5020560",378673,2026-05-02 22:38:07,28.7371959686279,-17.7123546600342,"Unknown"
"5020560",378673,2026-05-02 22:43:10,28.7381076812744,-17.711576461792,"Unknown"
"5020560",378673,2026-05-02 22:48:06,28.738748550415,-17.7111167907715,"Unknown"
"5020560",378673,2026-05-02 22:53:07,28.7393207550049,-17.7107067108154,"Unknown"
"5020560",378673,2026-05-02 22:58:07,28.7398815155029,-17.7103309631348,"Unknown"
"5020560",378673,2026-05-02 23:03:11,28.7406177520752,-17.7096977233887,"Unknown"
"5020560",378673,2026-05-02 23:08:12,28.7414321899414,-17.7090511322021,"Unknown"
"5020560",378673,2026-05-02 23:13:33,28.7424583435059,-17.7083110809326,"Unknown"
"5020560",378673,2026-05-02 23:18:07,28.7433528900146,-17.7077007293701,"Unknown"
"5020560",378673,2026-05-02 23:23:07,28.7444458007812,-17.7068424224854,"Unknown"
"5020560",378673,2026-05-02 23:28:07,28.7455215454102,-17.7060661315918,"Unknown"
"5020560",378673,2026-05-02 23:33:07,28.7465324401855,-17.7051982879639,"Unknown"
"5020560",378673,2026-05-02 23:38:07,28.7475967407227,-17.7043876647949,"Unknown"
"5020560",378673,2026-05-02 23:43:07,28.7485523223877,-17.7035522460938,"Unknown"
"5020560",378673,2026-05-02 23:48:06,28.7495632171631,-17.7029857635498,"Unknown"
"5020560",378673,2026-05-02 23:53:07,28.7507190704346,-17.7021923065186,"Unknown"
"5020560",378673,2026-05-02 23:58:07,28.7517013549805,-17.7014102935791,"Unknown"
"5020560",378673,2026-05-03 00:03:06,28.7527599334717,-17.7005996704102,"Unknown"
"5020560",378673,2026-05-03 00:08:07,28.7536926269531,-17.6996841430664,"Unknown"
"5020560",378673,2026-05-03 00:13:08,28.7545108795166,-17.6989803314209,"Unknown"
"5020560",378673,2026-05-03 00:18:07,28.755443572998,-17.6984195709229,"Unknown"
"5020560",378673,2026-05-03 00:23:06,28.7562522888184,-17.6978950500488,"Unknown"
"5020560",378673,2026-05-03 00:28:08,28.7572193145752,-17.6973686218262,"Unknown"
"5020560",378673,2026-05-03 00:33:09,28.7580013275146,-17.6969318389893,"Unknown"
"5020560",378673,2026-05-03 00:38:07,28.7587871551514,-17.6964836120605,"Unknown"
"5020560",378673,2026-05-03 00:43:08,28.7596683502197,-17.6961231231689,"Unknown"
"5020560",378673,2026-05-03 00:48:09,28.7527675628662,-17.7039527893066,"Unknown"
"5020560",378673,2026-05-03 00:53:09,28.753755569458,-17.7036609649658,"Unknown"
"5020560",378673,2026-05-03 00:58:09,28.7548332214355,-17.7032852172852,"Unknown"
"5020560",378673,2026-05-03 01:03:09,28.7559032440186,-17.7027912139893,"Unknown"
"5020560",378673,2026-05-03 01:08:09,28.7568473815918,-17.7024269104004,"Unknown"
"5020560",378673,2026-05-03 01:13:16,28.757848739624,-17.7018394470215,"Unknown"
"5020560",378673,2026-05-03 01:18:11,28.7587223052979,-17.7013740539551,"Unknown"
"5020560",378673,2026-05-03 01:23:33,28.7595882415771,-17.7008895874023,"Unknown"
"5020560",378673,2026-05-03 01:28:07,28.760461807251,-17.7003936767578,"Unknown"
"5020560",378673,2026-05-03 01:33:07,28.7613716125488,-17.69997215271,"Unknown"
"5020560",378673,2026-05-03 01:38:09,28.7604675292969,-17.702299118042,"Unknown"
"5020560",378673,2026-05-03 01:43:07,28.7376613616943,-17.7085247039795,"Unknown"
"5020560",378673,2026-05-03 01:48:07,28.7236309051514,-17.721170425415,"Unknown"
"5020560",378673,2026-05-03 01:53:07,28.7240524291992,-17.7204170227051,"Unknown"
"5020560",378673,2026-05-03 01:58:07,28.7244453430176,-17.7196578979492,"Unknown"
"5020560",378673,2026-05-03 02:03:09,28.7247905731201,-17.7190017700195,"Unknown"
"5020560",378673,2026-05-03 02:08:07,28.7251644134521,-17.718282699585,"Unknown"
"5020560",378673,2026-05-03 02:13:07,28.7254829406738,-17.7174186706543,"Unknown"
"5020560",378673,2026-05-03 02:18:07,28.7258033752441,-17.7166404724121,"Unknown"
"5020560",378673,2026-05-03 02:23:07,28.7260913848877,-17.7157535552979,"Unknown"
"5020560",378673,2026-05-03 02:28:07,28.7263336181641,-17.7149333953857,"Unknown"
"5020560",378673,2026-05-03 02:33:09,28.7266120910645,-17.7141933441162,"Unknown"
"5020560",378673,2026-05-03 02:38:07,28.7268543243408,-17.7134685516357,"Unknown"
"5020560",378673,2026-05-03 02:43:09,28.7270355224609,-17.7126998901367,"Unknown"
"5020560",378673,2026-05-03 02:48:33,28.7272186279297,-17.7118740081787,"Unknown"
"5020560",378673,2026-05-03 02:53:06,28.7273864746094,-17.7113094329834,"Unknown"
"5020560",378673,2026-05-03 02:58:07,28.7275867462158,-17.7107334136963,"Unknown"
"5020560",378673,2026-05-03 03:03:08,28.7276859283447,-17.7102546691895,"Unknown"
"5020560",378673,2026-05-03 03:08:07,28.7278385162354,-17.7096347808838,"Unknown"
"5020560",378673,2026-05-03 03:13:07,28.7278232574463,-17.7092571258545,"Unknown"
"5020560",378673,2026-05-03 03:18:08,28.7284889221191,-17.7113170623779,"Unknown"
"5020560",378673,2026-05-03 03:23:07,28.7285213470459,-17.7109508514404,"Unknown"
"5020560",378673,2026-05-03 03:28:07,28.7284622192383,-17.7107582092285,"Unknown"
"5020560",378673,2026-05-03 03:33:09,28.7284069061279,-17.7105503082275,"Unknown"
"5020560",378673,2026-05-03 03:38:08,28.7286682128906,-17.7101058959961,"Unknown"
"5020560",378673,2026-05-03 03:43:07,28.7287483215332,-17.7097568511963,"Unknown"
"5020560",378673,2026-05-03 03:48:09,28.7289657592773,-17.7093563079834,"Unknown"
"5020560",378673,2026-05-03 03:53:07,28.7292175292969,-17.7089767456055,"Unknown"
"5020560",378673,2026-05-03 03:58:33,28.7295341491699,-17.7085227966309,"Unknown"
"5020560",378673,2026-05-03 04:03:06,28.7297954559326,-17.7080402374268,"Unknown"
"5020560",378673,2026-05-03 04:08:07,28.7301006317139,-17.7074756622314,"Unknown"
"5020560",378673,2026-05-03 04:13:07,28.7302837371826,-17.7069416046143,"Unknown"
"5020560",378673,2026-05-03 04:18:07,28.7301921844482,-17.7067241668701,"Unknown"
"5020560",378673,2026-05-03 04:23:08,28.7300853729248,-17.7065963745117,"Unknown"
"5020560",378673,2026-05-03 04:28:07,28.729887008667,-17.7063884735107,"Unknown"
"5020560",378673,2026-05-03 04:33:07,28.7297134399414,-17.7237014770508,"Unknown"
"5020560",378673,2026-05-03 04:38:07,28.7293949127197,-17.7231178283691,"Unknown"
"5020560",378673,2026-05-03 04:43:09,28.729190826416,-17.7226810455322,"Unknown"
"5020560",378673,2026-05-03 04:48:08,28.7301082611084,-17.7222480773926,"Unknown"
"5020560",378673,2026-05-03 04:53:07,28.7305431365967,-17.7221775054932,"Unknown"
"5020560",378673,2026-05-03 04:58:12,28.7304725646973,-17.7217712402344,"Unknown"
"5020560",378673,2026-05-03 05:03:08,28.73388671875,-17.7211971282959,"Unknown"
"5020560",378673,2026-05-03 05:08:07,28.7324981689453,-17.7183265686035,"Unknown"
"5020560",378673,2026-05-03 05:13:07,28.7308368682861,-17.7147960662842,"Unknown"
"5020560",378673,2026-05-03 05:18:11,28.7308578491211,-17.7141609191895,"Unknown"
"5020560",378673,2026-05-03 05:23:07,28.7308311462402,-17.7135639190674,"Unknown"
"5020560",378673,2026-05-03 05:28:09,28.7308959960938,-17.712739944458,"Unknown"
"5020560",378673,2026-05-03 05:33:07,28.7308902740479,-17.711856842041,"Unknown"
"5020560",378673,2026-05-03 05:38:33,28.7309150695801,-17.7109050750732,"Unknown"
"5020560",378673,2026-05-03 05:43:07,28.7306327819824,-17.7101306915283,"Unknown"
"5020560",378673,2026-05-03 05:48:07,28.730224609375,-17.7094249725342,"Unknown"
"5020560",378673,2026-05-03 05:53:06,28.7298583984375,-17.7086582183838,"Unknown"
"5020560",378673,2026-05-03 05:58:07,28.7296257019043,-17.7078533172607,"Unknown"
"5020560",378673,2026-05-03 06:03:07,28.7293453216553,-17.7069263458252,"Unknown"
"5020560",378673,2026-05-03 06:08:06,28.7289733886719,-17.7059841156006,"Unknown"
"5020560",378673,2026-05-03 06:13:07,28.7287578582764,-17.7052230834961,"Unknown"
"5020560",378673,2026-05-03 06:18:09,28.7286167144775,-17.7044696807861,"Unknown"
"5020560",378673,2026-05-03 06:23:08,28.731782913208,-17.7020511627197,"Unknown"
"5020560",378673,2026-05-03 06:28:07,28.7462177276611,-17.6855583190918,"Unknown"
"5020560",378673,2026-05-03 06:33:07,28.7599201202393,-17.668384552002,"Unknown"
"5020560",378673,2026-05-03 06:38:09,28.7530002593994,-17.6444110870361,"Unknown"
"5020560",378673,2026-05-03 06:43:07,28.7426815032959,-17.6294078826904,"Unknown"
"5020560",378673,2026-05-03 06:48:07,28.7419853210449,-17.6294193267822,"Unknown"
"5020560",378673,2026-05-03 06:53:07,28.7412509918213,-17.629581451416,"Unknown"
"5020560",378673,2026-05-03 06:58:09,28.7405910491943,-17.6297168731689,"Unknown"
"5020560",378673,2026-05-03 07:03:08,28.739875793457,-17.6297798156738,"Unknown"
"5020560",378673,2026-05-03 07:08:11,28.7391624450684,-17.6298732757568,"Unknown"
"5020560",378673,2026-05-03 07:13:10,28.7385215759277,-17.6300029754639,"Unknown"
"5020560",378673,2026-05-03 07:18:08,28.7377529144287,-17.6301898956299,"Unknown"
"5020560",378673,2026-05-03 07:23:08,28.7370548248291,-17.6304244995117,"Unknown"
"5020560",378673,2026-05-03 07:28:10,28.7363319396973,-17.630744934082,"Unknown"
"5020560",378673,2026-05-03 07:33:07,28.7284755706787,-17.6494121551514,"Unknown"
"5020560",378673,2026-05-03 07:38:09,28.7285175323486,-17.6650085449219,"Unknown"
"5020560",378673,2026-05-03 07:43:33,28.727912902832,-17.664909362793,"Unknown"
"5020560",378673,2026-05-03 07:48:06,28.7273464202881,-17.6647777557373,"Unknown"
"5020560",378673,2026-05-03 07:53:07,28.7267684936523,-17.6647701263428,"Unknown"
"5020560",378673,2026-05-03 07:58:10,28.7261867523193,-17.6648197174072,"Unknown"
"5020560",378673,2026-05-03 08:03:09,28.7249965667725,-17.6741771697998,"Unknown"
"5020560",378673,2026-05-03 08:08:08,28.7346706390381,-17.7012519836426,"Unknown"
"5020560",378673,2026-05-03 08:13:09,28.7567348480225,-17.7181167602539,"Unknown"
"5020560",378673,2026-05-03 08:18:08,28.7607231140137,-17.7194995880127,"Unknown"
"5020560",378673,2026-05-03 08:23:09,28.7603549957275,-17.7196140289307,"Unknown"
"5020560",378673,2026-05-03 08:28:09,28.7599411010742,-17.7197895050049,"Unknown"
"5020560",378673,2026-05-03 08:33:07,28.7595710754395,-17.7199897766113,"Unknown"
"5020560",378673,2026-05-03 08:38:10,28.7638206481934,-17.7185745239258,"Unknown"
"5020560",378673,2026-05-03 08:43:07,28.763744354248,-17.7189254760742,"Unknown"
"5020560",378673,2026-05-03 08:48:07,28.7611904144287,-17.7252006530762,"Unknown"
"5020560",378673,2026-05-03 08:53:07,28.7563705444336,-17.7237491607666,"Unknown"
"5020560",378673,2026-05-03 08:54:09,28.756311416626,-17.723747253418,"Unknown"
"5020560",378673,2026-05-03 08:59:07,28.7559089660645,-17.7237358093262,"Unknown"
"5020560",378673,2026-05-03 09:04:09,28.7554988861084,-17.7238521575928,"Unknown"
"5020560",378673,2026-05-03 09:09:10,28.7609710693359,-17.7252292633057,"Unknown"
"5020560",378673,2026-05-03 09:14:09,28.765474319458,-17.7263641357422,"Unknown"
"5020560",378673,2026-05-03 09:15:08,28.7654438018799,-17.7263431549072,"Unknown"
"5020560",378673,2026-05-03 09:16:07,28.765417098999,-17.7263145446777,"Unknown"
"5020560",378673,2026-05-03 09:17:10,28.7654266357422,-17.7262763977051,"Unknown"
"5020560",378673,2026-05-03 09:18:07,28.7653579711914,-17.7262859344482,"Unknown"
"5020560",378673,2026-05-03 09:19:10,28.7652797698975,-17.7262763977051,"Unknown"
"5020560",378673,2026-05-03 09:20:12,28.7651786804199,-17.7262763977051,"Unknown"
"5020560",378673,2026-05-03 09:21:07,28.7651538848877,-17.726282119751,"Unknown"
"5020560",378673,2026-05-03 09:22:10,28.7650985717773,-17.7262763977051,"Unknown"
"5020560",378673,2026-05-03 09:23:10,28.765064239502,-17.7262840270996,"Unknown"
"5020560",378673,2026-05-03 09:24:08,28.7649955749512,-17.7263126373291,"Unknown"
"5020560",378673,2026-05-03 09:25:10,28.7654914855957,-17.7232933044434,"Unknown"
"5020560",378673,2026-05-03 09:26:07,28.7689590454102,-17.7233505249023,"Unknown"
"5020560",378673,2026-05-03 09:31:10,28.7690162658691,-17.7240657806396,"Unknown"
"5020560",378673,2026-05-03 09:36:07,28.7696971893311,-17.7236309051514,"Unknown"
"5020560",378673,2026-05-03 09:41:12,28.7697620391846,-17.7241973876953,"Unknown"
"5020560",378673,2026-05-03 09:46:11,28.7697372436523,-17.7247982025146,"Unknown"
"5020560",378673,2026-05-03 09:51:10,28.7696857452393,-17.7253646850586,"Unknown"
"5020560",378673,2026-05-03 09:56:11,28.7696876525879,-17.7258529663086,"Unknown"
"5020560",378673,2026-05-03 09:57:09,28.7696971893311,-17.7259559631348,"Unknown"
"5020560",378673,2026-05-03 09:58:10,28.7697124481201,-17.726053237915,"Unknown"
"5020560",378673,2026-05-03 09:59:09,28.7697124481201,-17.7261352539062,"Unknown"
"5020560",378673,2026-05-03 10:00:32,28.7697124481201,-17.7263069152832,"Unknown"
"5020560",378673,2026-05-03 10:01:07,28.7697296142578,-17.7263660430908,"Unknown"
"5020560",378673,2026-05-03 10:02:06,28.7697525024414,-17.726448059082,"Unknown"
"5020560",378673,2026-05-03 10:03:07,28.7697925567627,-17.7265338897705,"Unknown"
"5020560",378673,2026-05-03 10:04:07,28.7698040008545,-17.726619720459,"Unknown"
"5020560",378673,2026-05-03 10:05:07,28.7698345184326,-17.7266998291016,"Unknown"
"5020560",378673,2026-05-03 10:06:07,28.7698497772217,-17.7268047332764,"Unknown"
"5020560",378673,2026-05-03 10:07:06,28.7699165344238,-17.7268714904785,"Unknown"
"5020560",378673,2026-05-03 10:08:07,28.7699489593506,-17.7269382476807,"Unknown"
"5020560",378673,2026-05-03 10:09:07,28.7699909210205,-17.7270221710205,"Unknown"
"5020560",378673,2026-05-03 10:10:06,28.7700481414795,-17.7270851135254,"Unknown"
"5020560",378673,2026-05-03 10:11:06,28.7701244354248,-17.7271690368652,"Unknown"
"5020560",378673,2026-05-03 10:12:08,28.7701740264893,-17.7272281646729,"Unknown"
"5020560",378673,2026-05-03 10:13:06,28.7702541351318,-17.7272930145264,"Unknown"
"5020560",378673,2026-05-03 10:14:06,28.7703170776367,-17.7273616790771,"Unknown"
"5020560",378673,2026-05-03 10:15:06,28.7703819274902,-17.7274417877197,"Unknown"
"5020560",378673,2026-05-03 10:16:07,28.7704238891602,-17.7275295257568,"Unknown"
"5020560",378673,2026-05-03 10:17:07,28.770471572876,-17.7276344299316,"Unknown"
"5020560",378673,2026-05-03 10:18:07,28.7705173492432,-17.7277240753174,"Unknown"
"5020560",378673,2026-05-03 10:19:07,28.7705326080322,-17.7278137207031,"Unknown"
"5020560",378673,2026-05-03 10:20:07,28.7705402374268,-17.7279243469238,"Unknown"
"5020560",378673,2026-05-03 10:21:07,28.7705669403076,-17.7280368804932,"Unknown"
"5020560",378673,2026-05-03 10:22:07,28.7705936431885,-17.7281646728516,"Unknown"
"5020560",378673,2026-05-03 10:23:07,28.770694732666,-17.7283382415771,"Unknown"
"5020560",378673,2026-05-03 10:24:06,28.7707366943359,-17.7284393310547,"Unknown"
"5020560",378673,2026-05-03 10:25:07,28.7707538604736,-17.7285652160645,"Unknown"
"5020560",378673,2026-05-03 10:26:07,28.7707633972168,-17.7287120819092,"Unknown"
"5020560",378673,2026-05-03 10:27:07,28.7708072662354,-17.7288398742676,"Unknown"
"5020560",378673,2026-05-03 10:28:07,28.7708415985107,-17.7290096282959,"Unknown"
"5020560",378673,2026-05-03 10:29:07,28.7708911895752,-17.729154586792,"Unknown"
"5020560",378673,2026-05-03 10:30:07,28.7709369659424,-17.7293109893799,"Unknown"
"5020560",378673,2026-05-03 10:31:07,28.7709465026855,-17.729471206665,"Unknown"
"5020560",378673,2026-05-03 10:32:07,28.7709465026855,-17.7296295166016,"Unknown"
"5020560",378673,2026-05-03 10:33:07,28.7709293365479,-17.7297649383545,"Unknown"
"5020560",378673,2026-05-03 10:34:07,28.7709178924561,-17.7298927307129,"Unknown"
"5020560",378673,2026-05-03 10:35:06,28.7709465026855,-17.7300148010254,"Unknown"
"5020560",378673,2026-05-03 10:36:07,28.770975112915,-17.7301483154297,"Unknown"
"5020560",378673,2026-05-03 10:37:07,28.7701873779297,-17.7294178009033,"Unknown"
"5020560",378673,2026-05-03 10:38:07,28.766716003418,-17.7249965667725,"Unknown"
"5020560",378673,2026-05-03 10:39:07,28.7616634368896,-17.7224769592285,"Unknown"
"5020560",378673,2026-05-03 10:44:28,28.7450866699219,-17.7205944061279,"Unknown"
"5020560",378673,2026-05-03 10:49:07,28.7444763183594,-17.7167663574219,"Unknown"
"5020560",378673,2026-05-03 10:54:07,28.7442970275879,-17.7160758972168,"Unknown"
"5020560",378673,2026-05-03 10:59:07,28.7441921234131,-17.7161235809326,"Unknown"
"5020560",378673,2026-05-03 11:04:08,28.7439727783203,-17.7161483764648,"Unknown"
"5020560",378673,2026-05-03 11:09:07,28.7437896728516,-17.7162895202637,"Unknown"
"5020560",378673,2026-05-03 11:14:07,28.7436180114746,-17.7165069580078,"Unknown"
"5020560",378673,2026-05-03 11:19:07,28.7433662414551,-17.7167911529541,"Unknown"
"5020560",378673,2026-05-03 11:24:07,28.7435817718506,-17.7169933319092,"Unknown"
"5020560",378673,2026-05-03 11:29:09,28.7432746887207,-17.7142639160156,"Unknown"
"5020560",378673,2026-05-03 11:34:07,28.7437572479248,-17.7146320343018,"Unknown"
"5020560",378673,2026-05-03 11:39:08,28.7443618774414,-17.712553024292,"Unknown"
"5020560",378673,2026-05-03 11:44:08,28.7419109344482,-17.7158699035645,"Unknown"
"5020560",378673,2026-05-03 11:49:09,28.7389068603516,-17.7153167724609,"Unknown"
"5020560",378673,2026-05-03 11:54:09,28.7394599914551,-17.7156639099121,"Unknown"
"5020560",378673,2026-05-03 11:59:10,28.7399940490723,-17.7161540985107,"Unknown"
"5020560",378673,2026-05-03 12:04:10,28.7418804168701,-17.7201652526855,"Unknown"
"5020560",378673,2026-05-03 12:09:11,28.7369651794434,-17.7195453643799,"Unknown"
"5020560",378673,2026-05-03 12:14:10,28.7379951477051,-17.7198257446289,"Unknown"
"5020560",378673,2026-05-03 12:19:11,28.738883972168,-17.7200107574463,"Unknown"
"5020560",378673,2026-05-03 12:24:10,28.7431926727295,-17.7206592559814,"Unknown"
"5020560",378673,2026-05-03 12:29:07,28.7439460754395,-17.720142364502,"Unknown"
"5020560",378673,2026-05-03 12:34:10,28.7450141906738,-17.7203674316406,"Unknown"
"5020560",378673,2026-05-03 12:39:09,28.7486324310303,-17.7206249237061,"Unknown"
"5020560",378673,2026-05-03 12:44:23,28.7541999816895,-17.7257919311523,"Unknown"
"5020560",378673,2026-05-03 12:49:13,28.7562675476074,-17.7255764007568,"Unknown"
"5020560",378673,2026-05-03 12:50:10,28.7563343048096,-17.7256965637207,"Unknown"
"5020560",378673,2026-05-03 12:51:11,28.7564735412598,-17.7257480621338,"Unknown"
"5020560",378673,2026-05-03 12:52:33,28.7566432952881,-17.7258377075195,"Unknown"
"5020560",378673,2026-05-03 12:53:15,28.7566890716553,-17.7258949279785,"Unknown"
"5020560",378673,2026-05-03 12:54:11,28.7568206787109,-17.7259216308594,"Unknown"
"5020560",378673,2026-05-03 12:55:13,28.7569427490234,-17.7259864807129,"Unknown"
"5020560",378673,2026-05-03 12:56:12,28.7570819854736,-17.726016998291,"Unknown"
"5020560",378673,2026-05-03 12:57:11,28.7572898864746,-17.7260608673096,"Unknown"
"5020560",378673,2026-05-03 12:58:09,28.757474899292,-17.7258262634277,"Unknown"
"5020560",378673,2026-05-03 12:59:12,28.7602939605713,-17.7288188934326,"Unknown"
"5020560",378673,2026-05-03 13:00:14,28.7605743408203,-17.728759765625,"Unknown"
"5020560",378673,2026-05-03 13:01:10,28.7606925964355,-17.7288761138916,"Unknown"
"5020560",378673,2026-05-03 13:02:09,28.7630310058594,-17.7288990020752,"Unknown"
"5020560",378673,2026-05-03 13:03:09,28.7625389099121,-17.731143951416,"Unknown"
"5020560",378673,2026-05-03 13:04:09,28.761474609375,-17.7309017181396,"Unknown"
"5020560",378673,2026-05-03 13:05:18,28.7633152008057,-17.7313365936279,"Unknown"
"5020560",378673,2026-05-03 13:06:18,28.7633724212646,-17.731502532959,"Unknown"
"5020560",378673,2026-05-03 13:07:10,28.7628974914551,-17.7298965454102,"Unknown"
"5020560",378673,2026-05-03 13:08:47,28.7617149353027,-17.7278614044189,"Unknown"
"5020560",378673,2026-05-03 13:09:06,28.7617950439453,-17.7278785705566,"Unknown"
"5020560",378673,2026-05-03 13:10:09,28.7605037689209,-17.727180480957,"Unknown"
"5020560",378673,2026-05-03 13:11:09,28.7603359222412,-17.7276058197021,"Unknown"
"5020560",378673,2026-05-03 13:12:06,28.7658023834229,-17.7326240539551,"Unknown"
"5020560",378673,2026-05-03 13:13:07,28.771312713623,-17.7369899749756,"Unknown"
"5020560",378673,2026-05-03 13:14:06,28.7717132568359,-17.7403392791748,"Unknown"
"5020560",378673,2026-05-03 13:15:09,28.7718276977539,-17.7404327392578,"Unknown"
"5020560",378673,2026-05-03 13:16:06,28.7718868255615,-17.7405567169189,"Unknown"
"5020560",378673,2026-05-03 13:17:07,28.7673320770264,-17.7362766265869,"Unknown"
"5020560",378673,2026-05-03 13:18:09,28.7666015625,-17.7345066070557,"Unknown"
"5020560",378673,2026-05-03 13:19:07,28.7728157043457,-17.7377738952637,"Unknown"
"5020560",378673,2026-05-03 13:20:06,28.7786846160889,-17.7433185577393,"Unknown"
"5020560",378673,2026-05-03 13:21:08,28.7837371826172,-17.7464427947998,"Unknown"
"5020560",378673,2026-05-03 13:22:07,28.7838573455811,-17.7465496063232,"Unknown"
"5020560",378673,2026-05-03 13:23:06,28.7859554290771,-17.7477436065674,"Unknown"
"5020560",378673,2026-05-03 13:24:07,28.7880706787109,-17.7475662231445,"Unknown"
"5020560",378673,2026-05-03 13:25:07,28.7879066467285,-17.7470607757568,"Unknown"
"5020560",378673,2026-05-03 13:26:08,28.7884101867676,-17.7435092926025,"Unknown"
"5020560",378673,2026-05-03 13:27:07,28.7885513305664,-17.7436599731445,"Unknown"
"5020560",378673,2026-05-03 13:28:06,28.7887172698975,-17.7438049316406,"Unknown"
"5020560",378673,2026-05-03 13:29:06,28.7907028198242,-17.7475261688232,"Unknown"
"5020560",378673,2026-05-03 13:30:07,28.7908363342285,-17.7477188110352,"Unknown"
"5020560",378673,2026-05-03 13:31:06,28.7917594909668,-17.7488574981689,"Unknown"
"5020560",378673,2026-05-03 13:32:17,28.793119430542,-17.7501945495605,"Unknown"
"5020560",378673,2026-05-03 13:33:06,28.7933235168457,-17.7503051757812,"Unknown"
"5020560",378673,2026-05-03 13:34:06,28.793493270874,-17.750358581543,"Unknown"
"5020560",378673,2026-05-03 13:35:07,28.7935905456543,-17.7503967285156,"Unknown"
"5020560",378673,2026-05-03 13:36:06,28.7936878204346,-17.7504501342773,"Unknown"
"5020560",378673,2026-05-03 13:37:06,28.7937965393066,-17.7505149841309,"Unknown"
"5020560",378673,2026-05-03 13:38:06,28.7938747406006,-17.7506065368652,"Unknown"
"5020560",378673,2026-05-03 13:39:07,28.7939796447754,-17.7506885528564,"Unknown"
"5020560",378673,2026-05-03 13:40:07,28.7940998077393,-17.7507152557373,"Unknown"
"5020560",378673,2026-05-03 13:41:07,28.7994632720947,-17.7498798370361,"Unknown"
"5020560",378673,2026-05-03 13:42:06,28.8040199279785,-17.7482967376709,"Unknown"
"5020560",378673,2026-05-03 13:43:06,28.8041362762451,-17.7483577728271,"Unknown"
"5020560",378673,2026-05-03 13:44:07,28.804271697998,-17.7484474182129,"Unknown"
"5020560",378673,2026-05-03 13:45:06,28.804370880127,-17.748514175415,"Unknown"
"5020560",378673,2026-05-03 13:46:08,28.8045291900635,-17.7485752105713,"Unknown"
"5020560",378673,2026-05-03 13:47:06,28.8046169281006,-17.7486457824707,"Unknown"
"5020560",378673,2026-05-03 13:48:09,28.8047504425049,-17.7487030029297,"Unknown"
"5020560",378673,2026-05-03 13:49:06,28.8048458099365,-17.748743057251,"Unknown"
"5020560",378673,2026-05-03 13:50:08,28.8049926757812,-17.74880027771,"Unknown"
"5020560",378673,2026-05-03 13:51:10,28.8051319122314,-17.748851776123,"Unknown"
"5020560",378673,2026-05-03 13:52:08,28.8052463531494,-17.7488975524902,"Unknown"
"5020560",378673,2026-05-03 13:53:08,28.805347442627,-17.7489700317383,"Unknown"
"5020560",378673,2026-05-03 13:54:08,28.8054885864258,-17.7490215301514,"Unknown"
"5020560",378673,2026-05-03 13:55:07,28.8055610656738,-17.7491054534912,"Unknown"
"5020560",378673,2026-05-03 13:56:08,28.8056621551514,-17.7491893768311,"Unknown"
"5020560",378673,2026-05-03 13:57:08,28.8058052062988,-17.7492294311523,"Unknown"
"5020560",378673,2026-05-03 13:58:07,28.8059005737305,-17.7493133544922,"Unknown"
"5020560",378673,2026-05-03 13:59:08,28.8060035705566,-17.7493667602539,"Unknown"
"5020560",378673,2026-05-03 14:00:08,28.8061332702637,-17.7494297027588,"Unknown"
"5020560",378673,2026-05-03 14:01:08,28.8062496185303,-17.749454498291,"Unknown"
"5020560",378673,2026-05-03 14:02:07,28.806360244751,-17.7495365142822,"Unknown"
"5020560",378673,2026-05-03 14:03:08,28.8064956665039,-17.7495613098145,"Unknown"
"5020560",378673,2026-05-03 14:04:08,28.8066082000732,-17.7496109008789,"Unknown"
"5020560",378673,2026-05-03 14:05:09,28.8067207336426,-17.749719619751,"Unknown"
"5020560",378673,2026-05-03 14:06:07,28.8068523406982,-17.7497406005859,"Unknown"
"5020560",378673,2026-05-03 14:07:08,28.8069839477539,-17.7498188018799,"Unknown"
"5020560",378673,2026-05-03 14:08:09,28.8071308135986,-17.7498836517334,"Unknown"
"5020560",378673,2026-05-03 14:09:10,28.8072776794434,-17.7499141693115,"Unknown"
"5020560",378673,2026-05-03 14:10:09,28.8073768615723,-17.7499752044678,"Unknown"
"5020560",378673,2026-05-03 14:11:10,28.8075256347656,-17.7500267028809,"Unknown"
"5020560",378673,2026-05-03 14:12:09,28.807674407959,-17.7500801086426,"Unknown"
"5020560",378673,2026-05-03 14:13:09,28.8078346252441,-17.7501182556152,"Unknown"
"5020560",378673,2026-05-03 14:14:10,28.8079776763916,-17.7501945495605,"Unknown"
"5020560",378673,2026-05-03 14:15:10,28.8081283569336,-17.7502155303955,"Unknown"
"5020560",378673,2026-05-03 14:16:10,28.8082618713379,-17.7502613067627,"Unknown"
"5020560",378673,2026-05-03 14:17:08,28.8084449768066,-17.7503757476807,"Unknown"
"5020560",378673,2026-05-03 14:18:07,28.8086776733398,-17.7504711151123,"Unknown"
"5020560",378673,2026-05-03 14:19:10,28.8088321685791,-17.7505321502686,"Unknown"
"5020560",378673,2026-05-03 14:20:10,28.8089580535889,-17.7506008148193,"Unknown"
"5020560",378673,2026-05-03 14:21:07,28.8091335296631,-17.7506790161133,"Unknown"
"5020560",378673,2026-05-03 14:22:11,28.8092746734619,-17.7507228851318,"Unknown"
"5020560",378673,2026-05-03 14:23:10,28.8093242645264,-17.7507877349854,"Unknown"
"5020560",378673,2026-05-03 14:24:07,28.8094100952148,-17.7508316040039,"Unknown"
"5020560",378673,2026-05-03 14:25:10,28.8094959259033,-17.7509078979492,"Unknown"
"5020560",378673,2026-05-03 14:26:07,28.8096714019775,-17.7509918212891,"Unknown"
"5020560",378673,2026-05-03 14:27:10,28.8098945617676,-17.7510471343994,"Unknown"
"5020560",378673,2026-05-03 14:28:11,28.8099708557129,-17.751106262207,"Unknown"
"5020560",378673,2026-05-03 14:29:09,28.8100471496582,-17.7511768341064,"Unknown"
"5020560",378673,2026-05-03 14:30:10,28.8101196289062,-17.7512283325195,"Unknown"
"5020560",378673,2026-05-03 14:31:10,28.8102169036865,-17.7512855529785,"Unknown"
"5020560",378673,2026-05-03 14:32:13,28.8103160858154,-17.7513217926025,"Unknown"
"5020560",378673,2026-05-03 14:33:10,28.8103809356689,-17.7514133453369,"Unknown"
"5020560",378673,2026-05-03 14:34:11,28.8104553222656,-17.7514533996582,"Unknown"
"5020560",378673,2026-05-03 14:35:10,28.8105316162109,-17.7515277862549,"Unknown"
"5020560",378673,2026-05-03 14:36:09,28.8106498718262,-17.7515678405762,"Unknown"
"5020560",378673,2026-05-03 14:37:10,28.8108425140381,-17.7516822814941,"Unknown"
"5020560",378673,2026-05-03 14:38:10,28.8109874725342,-17.7517852783203,"Unknown"
"5020560",378673,2026-05-03 14:39:09,28.8111782073975,-17.7518920898438,"Unknown"
"5020560",378673,2026-05-03 14:40:11,28.811336517334,-17.7519721984863,"Unknown"
"5020560",378673,2026-05-03 14:41:10,28.811466217041,-17.7520751953125,"Unknown"
"5020560",378673,2026-05-03 14:42:10,28.8115558624268,-17.7521572113037,"Unknown"
"5020560",378673,2026-05-03 14:43:10,28.8116874694824,-17.7522373199463,"Unknown"
"5020560",378673,2026-05-03 14:44:12,28.81178855896,-17.7523212432861,"Unknown"
"5020560",378673,2026-05-03 14:45:10,28.8119029998779,-17.7523937225342,"Unknown"
"5020560",378673,2026-05-03 14:46:10,28.8120460510254,-17.7524757385254,"Unknown"
"5020560",378673,2026-05-03 14:47:13,28.8122253417969,-17.7526187896729,"Unknown"
"5020560",378673,2026-05-03 14:48:11,28.8123550415039,-17.7526817321777,"Unknown"
"5020560",378673,2026-05-03 14:49:15,28.8125038146973,-17.752758026123,"Unknown"
"5020560",378673,2026-05-03 14:50:13,28.8126335144043,-17.7528419494629,"Unknown"
"5020560",378673,2026-05-03 14:51:12,28.8127460479736,-17.7529029846191,"Unknown"
"5020560",378673,2026-05-03 14:52:13,28.8128833770752,-17.7529544830322,"Unknown"
"5020560",378673,2026-05-03 14:53:33,28.8130435943604,-17.7530937194824,"Unknown"
"5020560",378673,2026-05-03 14:54:07,28.813081741333,-17.7531318664551,"Unknown"
"5020560",378673,2026-05-03 14:55:07,28.8133010864258,-17.7532405853271,"Unknown"
"5020560",378673,2026-05-03 14:56:08,28.8134670257568,-17.7533435821533,"Unknown"
"5020560",378673,2026-05-03 14:57:07,28.8135757446289,-17.7534084320068,"Unknown"
"5020560",378673,2026-05-03 14:58:07,28.8137111663818,-17.7534713745117,"Unknown"
"5020560",378673,2026-05-03 14:59:08,28.8138942718506,-17.753532409668,"Unknown"
"5020560",378673,2026-05-03 15:00:08,28.8141384124756,-17.7535839080811,"Unknown"
"5020560",378673,2026-05-03 15:01:08,28.8127555847168,-17.7500705718994,"Unknown"
"5020560",378673,2026-05-03 15:02:07,28.8144989013672,-17.7461738586426,"Unknown"
"5020560",378673,2026-05-03 15:03:07,28.8148231506348,-17.7463035583496,"Unknown"
"5020560",378673,2026-05-03 15:04:08,28.8151512145996,-17.7464580535889,"Unknown"
"5020560",378673,2026-05-03 15:05:07,28.8154792785645,-17.7466106414795,"Unknown"
"5020560",378673,2026-05-03 15:06:08,28.8158092498779,-17.7467384338379,"Unknown"
"5020560",378673,2026-05-03 15:07:08,28.8161315917969,-17.7468643188477,"Unknown"
"5020560",378673,2026-05-03 15:08:07,28.816370010376,-17.7469749450684,"Unknown"
"5020560",378673,2026-05-03 15:09:08,28.8165893554688,-17.7470989227295,"Unknown"
"5020560",378673,2026-05-03 15:10:07,28.8168277740479,-17.7472190856934,"Unknown"
"5020560",378673,2026-05-03 15:11:08,28.8170757293701,-17.7473583221436,"Unknown"
"5020560",378673,2026-05-03 15:12:07,28.8173122406006,-17.7474784851074,"Unknown"
"5020560",378673,2026-05-03 15:13:08,28.817569732666,-17.747615814209,"Unknown"
"5020560",378673,2026-05-03 15:14:08,28.8177947998047,-17.7477512359619,"Unknown"
"5020560",378673,2026-05-03 15:15:08,28.8180694580078,-17.747875213623,"Unknown"
"5020560",378673,2026-05-03 15:16:08,28.8183116912842,-17.7480316162109,"Unknown"
"5020560",378673,2026-05-03 15:17:08,28.8185634613037,-17.7481632232666,"Unknown"
"5020560",378673,2026-05-03 15:18:08,28.8188076019287,-17.7483196258545,"Unknown"
"5020560",378673,2026-05-03 15:19:08,28.8190574645996,-17.7484550476074,"Unknown"
"5020560",378673,2026-05-03 15:20:08,28.819299697876,-17.7486057281494,"Unknown"
"5020560",378673,2026-05-03 15:21:08,28.8195209503174,-17.7487411499023,"Unknown"
"5020560",378673,2026-05-03 15:22:08,28.819673538208,-17.7488384246826,"Unknown"
"5020560",378673,2026-05-03 15:23:07,28.8199005126953,-17.7489624023438,"Unknown"
"5020560",378673,2026-05-03 15:24:07,28.82008934021,-17.7490711212158,"Unknown"
"5020560",378673,2026-05-03 15:25:08,28.8202991485596,-17.7491970062256,"Unknown"
"5020560",378673,2026-05-03 15:26:07,28.8205146789551,-17.7492332458496,"Unknown"
"5020560",378673,2026-05-03 15:27:08,28.8207416534424,-17.7492942810059,"Unknown"
"5020560",378673,2026-05-03 15:28:08,28.8209686279297,-17.7493591308594,"Unknown"
"5020560",378673,2026-05-03 15:29:08,28.8211860656738,-17.7494564056396,"Unknown"
"5020560",378673,2026-05-03 15:30:08,28.8213996887207,-17.7495613098145,"Unknown"
"5020560",378673,2026-05-03 15:31:08,28.8216361999512,-17.7496166229248,"Unknown"
"5020560",378673,2026-05-03 15:32:07,28.8218822479248,-17.7497425079346,"Unknown"
"5020560",378673,2026-05-03 15:33:09,28.8221397399902,-17.7498550415039,"Unknown"
"5020560",378673,2026-05-03 15:34:08,28.8224411010742,-17.7499866485596,"Unknown"
"5020560",378673,2026-05-03 15:35:08,28.8227062225342,-17.7501487731934,"Unknown"
"5020560",378673,2026-05-03 15:36:08,28.8229351043701,-17.7502880096436,"Unknown"
"5020560",378673,2026-05-03 15:37:09,28.823148727417,-17.7504444122314,"Unknown"
"5020560",378673,2026-05-03 15:38:08,28.8233261108398,-17.7505950927734,"Unknown"
"5020560",378673,2026-05-03 15:39:07,28.8235473632812,-17.7507572174072,"Unknown"
"5020560",378673,2026-05-03 15:40:09,28.8237686157227,-17.7508392333984,"Unknown"
"5020560",378673,2026-05-03 15:41:08,28.8239498138428,-17.7509841918945,"Unknown"
"5020560",378673,2026-05-03 15:42:09,28.8241901397705,-17.7511005401611,"Unknown"
"5020560",378673,2026-05-03 15:43:10,28.8244247436523,-17.7511672973633,"Unknown"
"5020560",378673,2026-05-03 15:44:07,28.8245964050293,-17.7512722015381,"Unknown"
"5020560",378673,2026-05-03 15:45:08,28.8247966766357,-17.7513828277588,"Unknown"
"5020560",378673,2026-05-03 15:46:08,28.825008392334,-17.7514762878418,"Unknown"
"5020560",378673,2026-05-03 15:47:08,28.8251895904541,-17.7515659332275,"Unknown"
"5020560",378673,2026-05-03 15:48:09,28.8253993988037,-17.7516822814941,"Unknown"
"5020560",378673,2026-05-03 15:49:08,28.8255805969238,-17.7517776489258,"Unknown"
"5020560",378673,2026-05-03 15:50:07,28.8257617950439,-17.7518672943115,"Unknown"
"5020560",378673,2026-05-03 15:51:10,28.8259525299072,-17.7519588470459,"Unknown"
"5020560",378673,2026-05-03 15:52:09,28.8261432647705,-17.7520275115967,"Unknown"
"5020560",378673,2026-05-03 15:53:10,28.8263168334961,-17.7521018981934,"Unknown"
"5020560",378673,2026-05-03 15:54:10,28.8264865875244,-17.7521724700928,"Unknown"
"5020560",378673,2026-05-03 15:55:08,28.8266334533691,-17.7522468566895,"Unknown"
"5020560",378673,2026-05-03 15:56:08,28.826789855957,-17.7522850036621,"Unknown"
"5020560",378673,2026-05-03 15:57:08,28.8269672393799,-17.7523784637451,"Unknown"
"5020560",378673,2026-05-03 15:58:08,28.8271255493164,-17.7524337768555,"Unknown"
"5020560",378673,2026-05-03 15:59:08,28.8272743225098,-17.7525100708008,"Unknown"
"5020560",378673,2026-05-03 16:00:08,28.8274364471436,-17.7525863647461,"Unknown"
"5020560",378673,2026-05-03 16:01:10,28.8275737762451,-17.7526531219482,"Unknown"
"5020560",378673,2026-05-03 16:02:08,28.8277225494385,-17.7527332305908,"Unknown"
"5020560",378673,2026-05-03 16:03:08,28.827880859375,-17.7528171539307,"Unknown"
"5020560",378673,2026-05-03 16:04:07,28.8282012939453,-17.7510528564453,"Unknown"
"5020560",378673,2026-05-03 16:05:08,28.8282432556152,-17.7507266998291,"Unknown"
"5020560",378673,2026-05-03 16:06:09,28.8284473419189,-17.7507705688477,"Unknown"
"5020560",378673,2026-05-03 16:07:08,28.8285999298096,-17.7508010864258,"Unknown"
"5020560",378673,2026-05-03 16:08:09,28.8288078308105,-17.7508792877197,"Unknown"
"5020560",378673,2026-05-03 16:09:08,28.8289546966553,-17.750919342041,"Unknown"
"5020560",378673,2026-05-03 16:10:09,28.8291473388672,-17.7510032653809,"Unknown"
"5020560",378673,2026-05-03 16:11:08,28.8293304443359,-17.7510776519775,"Unknown"
"5020560",378673,2026-05-03 16:12:08,28.8295135498047,-17.7511615753174,"Unknown"
"5020560",378673,2026-05-03 16:13:10,28.8297061920166,-17.7512359619141,"Unknown"
"5020560",378673,2026-05-03 16:14:08,28.8298778533936,-17.7512855529785,"Unknown"
"5020560",378673,2026-05-03 16:15:32,28.8302097320557,-17.7514572143555,"Unknown"
"5020560",378673,2026-05-03 16:16:09,28.830265045166,-17.7514591217041,"Unknown"
"5020560",378673,2026-05-03 16:17:10,28.830436706543,-17.7515640258789,"Unknown"
"5020560",378673,2026-05-03 16:18:10,28.8306427001953,-17.7516670227051,"Unknown"
"5020560",378673,2026-05-03 16:19:08,28.8308124542236,-17.7517757415771,"Unknown"
"5020560",378673,2026-05-03 16:20:09,28.8309879302979,-17.7519035339355,"Unknown"
"5020560",378673,2026-05-03 16:21:10,28.831148147583,-17.752010345459,"Unknown"
"5020560",378673,2026-05-03 16:22:08,28.8312969207764,-17.7521324157715,"Unknown"
"5020560",378673,2026-05-03 16:23:10,28.8343410491943,-17.7536525726318,"Unknown"
"5020560",378673,2026-05-03 16:24:08,28.8344898223877,-17.7537479400635,"Unknown"
"5020560",378673,2026-05-03 16:25:08,28.8346214294434,-17.7538528442383,"Unknown"
"5020560",378673,2026-05-03 16:26:08,28.8347702026367,-17.7539405822754,"Unknown"
"5020560",378673,2026-05-03 16:27:08,28.8349475860596,-17.7540149688721,"Unknown"
"5020560",378673,2026-05-03 16:28:10,28.8350887298584,-17.7540588378906,"Unknown"
"5020560",378673,2026-05-03 16:29:08,28.8352375030518,-17.7541370391846,"Unknown"
"5020560",378673,2026-05-03 16:30:10,28.8348178863525,-17.7551040649414,"Unknown"
"5020560",378673,2026-05-03 16:31:09,28.8349990844727,-17.7551898956299,"Unknown"
"5020560",378673,2026-05-03 16:32:08,28.8351001739502,-17.7552452087402,"Unknown"
"5020560",378673,2026-05-03 16:33:08,28.8353462219238,-17.75537109375,"Unknown"
"5020560",378673,2026-05-03 16:34:08,28.8355159759521,-17.7554473876953,"Unknown"
"5020560",378673,2026-05-03 16:35:08,28.8356742858887,-17.755542755127,"Unknown"
"5020560",378673,2026-05-03 16:36:09,28.8358764648438,-17.7556438446045,"Unknown"
"5020560",378673,2026-05-03 16:37:09,28.8360557556152,-17.7557487487793,"Unknown"
"5020560",378673,2026-05-03 16:38:08,28.8362140655518,-17.7558612823486,"Unknown"
"5020560",378673,2026-05-03 16:39:08,28.8364562988281,-17.7560119628906,"Unknown"
"5020560",378673,2026-05-03 16:40:08,28.8366966247559,-17.7561416625977,"Unknown"
"5020560",378673,2026-05-03 16:41:08,28.8369560241699,-17.7562999725342,"Unknown"
"5020560",378673,2026-05-03 16:42:10,28.8371200561523,-17.7563972473145,"Unknown"
"5020560",378673,2026-05-03 16:43:10,28.8372650146484,-17.7564888000488,"Unknown"
"5020560",378673,2026-05-03 16:44:10,28.8374309539795,-17.7565860748291,"Unknown"
"5020560",378673,2026-05-03 16:45:08,28.8375816345215,-17.7566661834717,"Unknown"
"5020560",378673,2026-05-03 16:46:11,28.8377113342285,-17.7567558288574,"Unknown"
"5020560",378673,2026-05-03 16:47:11,28.8378734588623,-17.7568359375,"Unknown"
"5020560",378673,2026-05-03 16:48:12,28.838005065918,-17.7568969726562,"Unknown"
"5020560",378673,2026-05-03 16:49:10,28.8381671905518,-17.7569351196289,"Unknown"
"5020560",378673,2026-05-03 16:50:11,28.8383617401123,-17.7569694519043,"Unknown"
"5020560",378673,2026-05-03 16:51:11,28.8385639190674,-17.7570114135742,"Unknown"
"5020560",378673,2026-05-03 16:52:09,28.8387756347656,-17.7570686340332,"Unknown"
"5020560",378673,2026-05-03 16:53:10,28.8389434814453,-17.7570571899414,"Unknown"
"5020560",378673,2026-05-03 16:54:08,28.8392238616943,-17.7571468353271,"Unknown"
"5020560",378673,2026-05-03 16:55:11,28.8393497467041,-17.7572250366211,"Unknown"
"5020560",378673,2026-05-03 16:56:13,28.8394775390625,-17.7573490142822,"Unknown"
"5020560",378673,2026-05-03 16:57:11,28.8396110534668,-17.7574329376221,"Unknown"
"5020560",378673,2026-05-03 16:58:11,28.8397960662842,-17.7575645446777,"Unknown"
"5020560",378673,2026-05-03 16:59:33,28.8401126861572,-17.7577514648438,"Unknown"
"5020560",378673,2026-05-03 17:00:08,28.8402080535889,-17.7577743530273,"Unknown"
"5020560",378673,2026-05-03 17:01:08,28.8403549194336,-17.7579174041748,"Unknown"
"5020560",378673,2026-05-03 17:02:08,28.8405094146729,-17.7579917907715,"Unknown"
"5020560",378673,2026-05-03 17:03:08,28.8406753540039,-17.75807762146,"Unknown"
"5020560",378673,2026-05-03 17:04:08,28.8408489227295,-17.7581577301025,"Unknown"
"5020560",378673,2026-05-03 17:05:09,28.8410205841064,-17.7582626342773,"Unknown"
"5020560",378673,2026-05-03 17:06:08,28.8412036895752,-17.7583389282227,"Unknown"
"5020560",378673,2026-05-03 17:07:08,28.8413696289062,-17.758472442627,"Unknown"
"5020560",378673,2026-05-03 17:08:09,28.8454494476318,-17.7617950439453,"Unknown"
"5020560",378673,2026-05-03 17:09:08,28.8502864837646,-17.7648334503174,"Unknown"
"5020560",378673,2026-05-03 17:10:08,28.8503875732422,-17.7649059295654,"Unknown"
"5020560",378673,2026-05-03 17:11:08,28.8504829406738,-17.7649574279785,"Unknown"
"5020560",378673,2026-05-03 17:12:08,28.8505611419678,-17.7650108337402,"Unknown"
"5020560",378673,2026-05-03 17:13:08,28.8511543273926,-17.7633972167969,"Unknown"
"5020560",378673,2026-05-03 17:14:08,28.8512382507324,-17.7634506225586,"Unknown"
"5020560",378673,2026-05-03 17:15:08,28.8513202667236,-17.7634983062744,"Unknown"
"5020560",378673,2026-05-03 17:16:07,28.8514041900635,-17.7635498046875,"Unknown"
"5020560",378673,2026-05-03 17:17:08,28.8515014648438,-17.7636013031006,"Unknown"
"5020560",378673,2026-05-03 17:18:08,28.8515968322754,-17.7636394500732,"Unknown"
"5020560",378673,2026-05-03 17:19:08,28.8516826629639,-17.7636871337891,"Unknown"
"5020560",378673,2026-05-03 17:20:08,28.8517360687256,-17.763744354248,"Unknown"
"5020560",378673,2026-05-03 17:21:08,28.8544445037842,-17.7607688903809,"Unknown"
"5020560",378673,2026-05-03 17:22:08,28.8501052856445,-17.7564735412598,"Unknown"
"5020560",378673,2026-05-03 17:23:08,28.8481559753418,-17.7546653747559,"Unknown"
"5020560",378673,2026-05-03 17:24:08,28.8483180999756,-17.754711151123,"Unknown"
"5020560",378673,2026-05-03 17:25:08,28.8484592437744,-17.7547740936279,"Unknown"
"5020560",378673,2026-05-03 17:26:08,28.8486328125,-17.7547912597656,"Unknown"
"5020560",378673,2026-05-03 17:27:08,28.8488025665283,-17.7548828125,"Unknown"
"5020560",378673,2026-05-03 17:28:08,28.8489761352539,-17.7549591064453,"Unknown"
"5020560",378673,2026-05-03 17:29:08,28.8492088317871,-17.7550430297852,"Unknown"
"5020560",378673,2026-05-03 17:30:08,28.8494491577148,-17.7551307678223,"Unknown"
"5020560",378673,2026-05-03 17:31:08,28.8496074676514,-17.755126953125,"Unknown"
"5020560",378673,2026-05-03 17:32:08,28.8497886657715,-17.7551975250244,"Unknown"
"5020560",378673,2026-05-03 17:33:08,28.8545112609863,-17.7577171325684,"Unknown"
"5020560",378673,2026-05-03 17:34:08,28.8550262451172,-17.7575740814209,"Unknown"
"5020560",378673,2026-05-03 17:35:09,28.8552360534668,-17.7576789855957,"Unknown"
"5020560",378673,2026-05-03 17:36:08,28.8553924560547,-17.7577590942383,"Unknown"
"5020560",378673,2026-05-03 17:37:10,28.8555850982666,-17.7578659057617,"Unknown"
"5020560",378673,2026-05-03 17:38:11,28.8557510375977,-17.7579212188721,"Unknown"
"5020560",378673,2026-05-03 17:39:08,28.8559188842773,-17.7580127716064,"Unknown"
"5020560",378673,2026-05-03 17:40:09,28.8560581207275,-17.7581062316895,"Unknown"
"5020560",378673,2026-05-03 17:41:09,28.8561534881592,-17.7581806182861,"Unknown"
"5020560",378673,2026-05-03 17:42:09,28.8563289642334,-17.7583141326904,"Unknown"
"5020560",378673,2026-05-03 17:43:09,28.8564777374268,-17.7583980560303,"Unknown"
"5020560",378673,2026-05-03 17:44:11,28.8566493988037,-17.758508682251,"Unknown"
"5020560",378673,2026-05-03 17:45:10,28.8570823669434,-17.7626514434814,"Unknown"
"5020560",378673,2026-05-03 17:46:10,28.8572006225586,-17.762731552124,"Unknown"
"5020560",378673,2026-05-03 17:47:09,28.8573799133301,-17.762939453125,"Unknown"
"5020560",378673,2026-05-03 17:48:09,28.8574256896973,-17.7629776000977,"Unknown"
"5020560",378673,2026-05-03 17:49:09,28.8574981689453,-17.7631320953369,"Unknown"
"5020560",378673,2026-05-03 17:50:10,28.8576011657715,-17.7632579803467,"Unknown"
"5020560",378673,2026-05-03 17:51:33,28.8577747344971,-17.7634353637695,"Unknown"
"5020560",378673,2026-05-03 17:52:09,28.8578433990479,-17.7635173797607,"Unknown"
"5020560",378673,2026-05-03 17:53:08,28.857946395874,-17.7636566162109,"Unknown"
"5020560",378673,2026-05-03 17:54:08,28.8580551147461,-17.763744354248,"Unknown"
"5020560",378673,2026-05-03 17:55:09,28.8581485748291,-17.7638549804688,"Unknown"
"5020560",378673,2026-05-03 17:56:09,28.8582534790039,-17.7639598846436,"Unknown"
"5020560",378673,2026-05-03 17:57:09,28.8583583831787,-17.7640590667725,"Unknown"
"5020560",378673,2026-05-03 17:58:08,28.8584537506104,-17.7641410827637,"Unknown"
"5020560",378673,2026-05-03 17:59:08,28.858570098877,-17.7642650604248,"Unknown"
"5020560",378673,2026-05-03 18:00:09,28.8586730957031,-17.7643718719482,"Unknown"
"5020560",378673,2026-05-03 18:01:08,28.8587760925293,-17.7644672393799,"Unknown"
"5020560",378673,2026-05-03 18:02:08,28.8588714599609,-17.7645530700684,"Unknown"
"5020560",378673,2026-05-03 18:03:09,28.858980178833,-17.7646560668945,"Unknown"
"5020560",378673,2026-05-03 18:04:09,28.8590793609619,-17.7647552490234,"Unknown"
"5020560",378673,2026-05-03 18:05:08,28.8591842651367,-17.7648468017578,"Unknown"
"5020560",378673,2026-05-03 18:06:08,28.8593139648438,-17.7649345397949,"Unknown"
"5020560",378673,2026-05-03 18:07:09,28.8594608306885,-17.7650089263916,"Unknown"
"5020560",378673,2026-05-03 18:08:08,28.8595294952393,-17.7650680541992,"Unknown"
"5020560",378673,2026-05-03 18:09:09,28.8596801757812,-17.7651767730713,"Unknown"
"5020560",378673,2026-05-03 18:10:08,28.8597660064697,-17.765209197998,"Unknown"
"5020560",378673,2026-05-03 18:11:09,28.8599166870117,-17.7653274536133,"Unknown"
"5020560",378673,2026-05-03 18:12:09,28.8600063323975,-17.7653827667236,"Unknown"
"5020560",378673,2026-05-03 18:13:08,28.8601112365723,-17.7654609680176,"Unknown"
"5020560",378673,2026-05-03 18:14:08,28.8602237701416,-17.7655639648438,"Unknown"
"5020560",378673,2026-05-03 18:15:08,28.8603401184082,-17.7656402587891,"Unknown"
"5020560",378673,2026-05-03 18:16:08,28.860445022583,-17.7657356262207,"Unknown"
"5020560",378673,2026-05-03 18:17:08,28.8605575561523,-17.7658309936523,"Unknown"
"5020560",378673,2026-05-03 18:18:11,28.8607006072998,-17.7659645080566,"Unknown"
"5020560",378673,2026-05-03 18:19:08,28.8607978820801,-17.7660312652588,"Unknown"
"5020560",378673,2026-05-03 18:20:08,28.8609008789062,-17.7661571502686,"Unknown"
"5020560",378673,2026-05-03 18:21:08,28.8609943389893,-17.7661972045898,"Unknown"
"5020560",378673,2026-05-03 18:22:08,28.8611183166504,-17.766263961792,"Unknown"
"5020560",378673,2026-05-03 18:23:09,28.861234664917,-17.7663459777832,"Unknown"
"5020560",378673,2026-05-03 18:24:08,28.8613395690918,-17.7664356231689,"Unknown"
"5020560",378673,2026-05-03 18:25:08,28.8614330291748,-17.7664985656738,"Unknown"
"5020560",378673,2026-05-03 18:26:09,28.8615112304688,-17.7665615081787,"Unknown"
"5020560",378673,2026-05-03 18:27:08,28.8616237640381,-17.7666187286377,"Unknown"
"5020560",378673,2026-05-03 18:28:08,28.8617153167725,-17.7666835784912,"Unknown"
"5020560",378673,2026-05-03 18:29:08,28.8618049621582,-17.7667179107666,"Unknown"
"5020560",378673,2026-05-03 18:30:08,28.8619022369385,-17.7667713165283,"Unknown"
"5020560",378673,2026-05-03 18:31:08,28.8620147705078,-17.7668209075928,"Unknown"
"5020560",378673,2026-05-03 18:32:09,28.8621253967285,-17.7668857574463,"Unknown"
"5020560",378673,2026-05-03 18:37:09,28.8626308441162,-17.7670783996582,"Unknown"
"5020560",378673,2026-05-03 18:42:09,28.8631572723389,-17.7673320770264,"Unknown"
"5020560",378673,2026-05-03 18:47:10,28.860387802124,-17.763692855835,"Unknown"
"5020560",378673,2026-05-03 18:52:10,28.8632717132568,-17.7565422058105,"Unknown"
"5020560",378673,2026-05-03 18:53:09,28.8640556335449,-17.7513408660889,"Unknown"
"5020560",378673,2026-05-03 18:58:09,28.8673038482666,-17.7353363037109,"Unknown"
"5020560",378673,2026-05-03 19:03:09,28.8680267333984,-17.7356910705566,"Unknown"
"5020560",378673,2026-05-03 19:08:09,28.8684711456299,-17.7358951568604,"Unknown"
"5020560",378673,2026-05-03 19:13:10,28.8690376281738,-17.7360782623291,"Unknown"
"5020560",378673,2026-05-03 19:18:08,28.8695793151855,-17.7363548278809,"Unknown"
"5020560",378673,2026-05-03 19:23:09,28.8701324462891,-17.7364749908447,"Unknown"
"5020560",378673,2026-05-03 19:28:09,28.870756149292,-17.7366752624512,"Unknown"
"5020560",378673,2026-05-03 19:33:09,28.8713893890381,-17.7368030548096,"Unknown"
"5020560",378673,2026-05-03 19:38:11,28.8719158172607,-17.7370471954346,"Unknown"
"5020560",378673,2026-05-03 19:43:10,28.8724803924561,-17.7372741699219,"Unknown"
"5020560",378673,2026-05-03 19:48:08,28.8732280731201,-17.7373218536377,"Unknown"
"5020560",378673,2026-05-03 19:53:09,28.8737869262695,-17.7376155853271,"Unknown"
"5020560",378673,2026-05-03 19:58:16,28.8744125366211,-17.7378520965576,"Unknown"
"5020560",378673,2026-05-03 20:04:34,28.8459739685059,-17.7436008453369,"Unknown"
"5020560",378673,2026-05-03 20:08:33,28.833194732666,-17.7532978057861,"Unknown"
"5020560",378673,2026-05-03 20:09:09,28.8332691192627,-17.7533493041992,"Unknown"
"5020560",378673,2026-05-03 20:10:09,28.8334579467773,-17.7533645629883,"Unknown"
"5020560",378673,2026-05-03 20:11:09,28.8336200714111,-17.7534046173096,"Unknown"
"5020560",378673,2026-05-03 20:12:09,28.8337898254395,-17.753438949585,"Unknown"
"5020560",378673,2026-05-03 20:13:09,28.8339462280273,-17.753454208374,"Unknown"
"5020560",378673,2026-05-03 20:14:09,28.8341045379639,-17.7534847259521,"Unknown"
"5020560",378673,2026-05-03 20:15:09,28.8342800140381,-17.7535133361816,"Unknown"
"5020560",378673,2026-05-03 20:16:08,28.8344402313232,-17.7535343170166,"Unknown"
"5020560",378673,2026-05-03 20:17:09,28.8345794677734,-17.7535572052002,"Unknown"
"5020560",378673,2026-05-03 20:18:09,28.8347263336182,-17.7536239624023,"Unknown"
"5020560",378673,2026-05-03 20:19:09,28.8348789215088,-17.7536315917969,"Unknown"
"5020560",378673,2026-05-03 20:20:09,28.8350448608398,-17.7536487579346,"Unknown"
"5020560",378673,2026-05-03 20:21:09,28.8351993560791,-17.753662109375,"Unknown"
"5020560",378673,2026-05-03 20:22:09,28.8353595733643,-17.7536888122559,"Unknown"
"5020560",378673,2026-05-03 20:23:09,28.8355197906494,-17.7537212371826,"Unknown"
"5020560",378673,2026-05-03 20:24:09,28.8356170654297,-17.7537651062012,"Unknown"
"5020560",378673,2026-05-03 20:25:09,28.8357257843018,-17.753791809082,"Unknown"
"5020560",378673,2026-05-03 20:26:09,28.8358249664307,-17.7538280487061,"Unknown"
"5020560",378673,2026-05-03 20:27:09,28.8359489440918,-17.7538776397705,"Unknown"
"5020560",378673,2026-05-03 20:28:09,28.8360862731934,-17.7539215087891,"Unknown"
"5020560",378673,2026-05-03 20:29:09,28.8339729309082,-17.755350112915,"Unknown"
"5020560",378673,2026-05-03 20:30:09,28.833381652832,-17.7552185058594,"Unknown"
"5020560",378673,2026-05-03 20:31:09,28.8335018157959,-17.7552833557129,"Unknown"
"5020560",378673,2026-05-03 20:32:09,28.8336238861084,-17.7553329467773,"Unknown"
"5020560",378673,2026-05-03 20:33:09,28.8336982727051,-17.755407333374,"Unknown"
"5020560",378673,2026-05-03 20:34:09,28.8338184356689,-17.7555465698242,"Unknown"
"5020560",378673,2026-05-03 20:35:09,28.8339576721191,-17.7556171417236,"Unknown"
"5020560",378673,2026-05-03 20:36:09,28.8340606689453,-17.7557640075684,"Unknown"
"5020560",378673,2026-05-03 20:37:09,28.834156036377,-17.7558403015137,"Unknown"
"5020560",378673,2026-05-03 20:38:09,28.8342132568359,-17.7559452056885,"Unknown"
"5020560",378673,2026-05-03 20:39:09,28.8316631317139,-17.7578315734863,"Unknown"
"5020560",378673,2026-05-03 20:40:09,28.8317928314209,-17.7579479217529,"Unknown"
"5020560",378673,2026-05-03 20:41:09,28.8319034576416,-17.758056640625,"Unknown"
"5020560",378673,2026-05-03 20:42:09,28.8320178985596,-17.7581882476807,"Unknown"
"5020560",378673,2026-05-03 20:43:09,28.8321342468262,-17.7582702636719,"Unknown"
"5020560",378673,2026-05-03 20:44:09,28.8322334289551,-17.7583923339844,"Unknown"
"5020560",378673,2026-05-03 20:45:09,28.8323612213135,-17.7584743499756,"Unknown"
"5020560",378673,2026-05-03 20:46:09,28.832498550415,-17.75852394104,"Unknown"
"5020560",378673,2026-05-03 20:47:09,28.8326072692871,-17.7586078643799,"Unknown"
"5020560",378673,2026-05-03 20:48:09,28.8327255249023,-17.7586708068848,"Unknown"
"5020560",378673,2026-05-03 20:49:11,28.8350868225098,-17.7634677886963,"Unknown"
"5020560",378673,2026-05-03 20:50:09,28.8382987976074,-17.7651653289795,"Unknown"
"5020560",378673,2026-05-03 20:51:09,28.838415145874,-17.765230178833,"Unknown"
"5020560",378673,2026-05-03 20:52:09,28.8385372161865,-17.7652473449707,"Unknown"
"5020560",378673,2026-05-03 20:53:09,28.8386459350586,-17.7652950286865,"Unknown"
"5020560",378673,2026-05-03 20:54:09,28.8387508392334,-17.7653617858887,"Unknown"
"5020560",378673,2026-05-03 20:55:09,28.8388671875,-17.7654113769531,"Unknown"
"5020560",378673,2026-05-03 20:56:09,28.8389472961426,-17.7654609680176,"Unknown"
"5020560",378673,2026-05-03 20:57:10,28.8390560150146,-17.7655048370361,"Unknown"
"5020560",378673,2026-05-03 20:58:09,28.8391437530518,-17.7655792236328,"Unknown"
"5020560",378673,2026-05-03 20:59:09,28.839241027832,-17.7656440734863,"Unknown"
"5020560",378673,2026-05-03 21:00:09,28.8393096923828,-17.7656898498535,"Unknown"
"5020560",378673,2026-05-03 21:01:09,28.8394222259521,-17.7657527923584,"Unknown"
"5020560",378673,2026-05-03 21:02:09,28.839506149292,-17.7658214569092,"Unknown"
"5020560",378673,2026-05-03 21:03:09,28.8395900726318,-17.7658767700195,"Unknown"
"5020560",378673,2026-05-03 21:04:09,28.8396816253662,-17.7659378051758,"Unknown"
"5020560",378673,2026-05-03 21:05:09,28.8397521972656,-17.7660102844238,"Unknown"
"5020560",378673,2026-05-03 21:06:08,28.8398914337158,-17.7660694122314,"Unknown"
"5020560",378673,2026-05-03 21:07:10,28.8399505615234,-17.7661380767822,"Unknown"
"5020560",378673,2026-05-03 21:08:09,28.8400459289551,-17.7662200927734,"Unknown"
"5020560",378673,2026-05-03 21:09:10,28.8401317596436,-17.7662696838379,"Unknown"
"5020560",378673,2026-05-03 21:10:09,28.8401947021484,-17.7663459777832,"Unknown"
"5020560",378673,2026-05-03 21:11:09,28.839563369751,-17.7663269042969,"Unknown"
"5020560",378673,2026-05-03 21:12:09,28.8343524932861,-17.7663860321045,"Unknown"
"5020560",378673,2026-05-03 21:13:09,28.8288230895996,-17.765510559082,"Unknown"
"5020560",378673,2026-05-03 21:14:09,28.8234729766846,-17.7630748748779,"Unknown"
"5020560",378673,2026-05-03 21:15:10,28.8200016021729,-17.7591571807861,"Unknown"
"5020560",378673,2026-05-03 21:16:09,28.820140838623,-17.7591285705566,"Unknown"
"5020560",378673,2026-05-03 21:17:09,28.8202438354492,-17.7591457366943,"Unknown"
"5020560",378673,2026-05-03 21:18:09,28.8203792572021,-17.7591285705566,"Unknown"
"5020560",378673,2026-05-03 21:19:09,28.8205184936523,-17.7591609954834,"Unknown"
"5020560",378673,2026-05-03 21:20:09,28.8206214904785,-17.7591304779053,"Unknown"
"5020560",378673,2026-05-03 21:21:09,28.8207740783691,-17.7591361999512,"Unknown"
"5020560",378673,2026-05-03 21:22:11,28.8208713531494,-17.759126663208,"Unknown"
"5020560",378673,2026-05-03 21:23:08,28.8209838867188,-17.7591075897217,"Unknown"
"5020560",378673,2026-05-03 21:24:09,28.8210906982422,-17.7590923309326,"Unknown"
"5020560",378673,2026-05-03 21:25:12,28.8212242126465,-17.7590942382812,"Unknown"
"5020560",378673,2026-05-03 21:26:13,28.8213729858398,-17.7590808868408,"Unknown"
"5020560",378673,2026-05-03 21:27:15,28.8214988708496,-17.7590713500977,"Unknown"
"5020560",378673,2026-05-03 21:28:15,28.8216152191162,-17.7590503692627,"Unknown"
"5020560",378673,2026-05-03 21:29:10,28.8217353820801,-17.7590370178223,"Unknown"
"5020560",378673,2026-05-03 21:30:12,28.8218555450439,-17.7590141296387,"Unknown"
"5020560",378673,2026-05-03 21:31:10,28.8219718933105,-17.7589855194092,"Unknown"
"5020560",378673,2026-05-03 21:32:33,28.8221435546875,-17.7589454650879,"Unknown"
"5020560",378673,2026-05-03 21:33:08,28.8222312927246,-17.7589244842529,"Unknown"
"5020560",378673,2026-05-03 21:34:08,28.8223552703857,-17.7588882446289,"Unknown"
"5020560",378673,2026-05-03 21:35:08,28.8224678039551,-17.7588558197021,"Unknown"
"5020560",378673,2026-05-03 21:36:08,28.8225917816162,-17.7588119506836,"Unknown"
"5020560",378673,2026-05-03 21:37:08,28.8227233886719,-17.7587814331055,"Unknown"
"5020560",378673,2026-05-03 21:38:08,28.8228454589844,-17.7587471008301,"Unknown"
"5020560",378673,2026-05-03 21:39:08,28.8229751586914,-17.7586975097656,"Unknown"
"5020560",378673,2026-05-03 21:40:08,28.8231048583984,-17.7586326599121,"Unknown"
"5020560",378673,2026-05-03 21:41:08,28.8232345581055,-17.7586154937744,"Unknown"
"5020560",378673,2026-05-03 21:42:08,28.8233509063721,-17.7585792541504,"Unknown"
"5020560",378673,2026-05-03 21:43:08,28.8234615325928,-17.7585430145264,"Unknown"
"5020560",378673,2026-05-03 21:44:08,28.8235893249512,-17.7584743499756,"Unknown"
"5020560",378673,2026-05-03 21:45:08,28.8236999511719,-17.7584209442139,"Unknown"
"5020560",378673,2026-05-03 21:46:08,28.8238296508789,-17.7584133148193,"Unknown"
"5020560",378673,2026-05-03 21:47:08,28.8236045837402,-17.7586479187012,"Unknown"
"5020560",378673,2026-05-03 21:48:08,28.8228206634521,-17.7576942443848,"Unknown"
"5020560",378673,2026-05-03 21:49:08,28.8229236602783,-17.7576484680176,"Unknown"
"5020560",378673,2026-05-03 21:50:09,28.823055267334,-17.75758934021,"Unknown"
"5020560",378673,2026-05-03 21:51:08,28.8231868743896,-17.7575454711914,"Unknown"
"5020560",378673,2026-05-03 21:52:09,28.8233165740967,-17.7574653625488,"Unknown"
"5020560",378673,2026-05-03 21:53:09,28.8234424591064,-17.7574405670166,"Unknown"
"5020560",378673,2026-05-03 21:54:09,28.8235645294189,-17.7573776245117,"Unknown"
"5020560",378673,2026-05-03 21:55:08,28.8236904144287,-17.7573413848877,"Unknown"
"5020560",378673,2026-05-03 21:56:09,28.8238258361816,-17.7572574615479,"Unknown"
"5020560",378673,2026-05-03 21:57:09,28.823938369751,-17.7571907043457,"Unknown"
"5020560",378673,2026-05-03 21:58:08,28.824068069458,-17.7571125030518,"Unknown"
"5020560",378673,2026-05-03 21:59:09,28.8241748809814,-17.7570400238037,"Unknown"
"5020560",378673,2026-05-03 22:00:08,28.8242893218994,-17.7569618225098,"Unknown"
"5020560",378673,2026-05-03 22:01:09,28.8244075775146,-17.7569007873535,"Unknown"
"5020560",378673,2026-05-03 22:02:09,28.824499130249,-17.7568473815918,"Unknown"
"5020560",378673,2026-05-03 22:03:08,28.8246040344238,-17.7567749023438,"Unknown"
"5020560",378673,2026-05-03 22:04:09,28.8246917724609,-17.7566986083984,"Unknown"
"5020560",378673,2026-05-03 22:05:08,28.8247680664062,-17.7566375732422,"Unknown"
"5020560",378673,2026-05-03 22:06:09,28.8248481750488,-17.7565593719482,"Unknown"
"5020560",378673,2026-05-03 22:07:09,28.8249568939209,-17.7565307617188,"Unknown"
"5020560",378673,2026-05-03 22:08:09,28.8250713348389,-17.7564277648926,"Unknown"
"5020560",378673,2026-05-03 22:09:08,28.8252182006836,-17.7564067840576,"Unknown"
"5020560",378673,2026-05-03 22:10:08,28.8253364562988,-17.7563495635986,"Unknown"
"5020560",378673,2026-05-03 22:11:09,28.8254680633545,-17.7563304901123,"Unknown"
"5020560",378673,2026-05-03 22:12:08,28.8255805969238,-17.756233215332,"Unknown"
"5020560",378673,2026-05-03 22:13:09,28.8256721496582,-17.7561321258545,"Unknown"
"5020560",378673,2026-05-03 22:14:08,28.8257465362549,-17.7560367584229,"Unknown"
"5020560",378673,2026-05-03 22:15:08,28.8258152008057,-17.7559452056885,"Unknown"
"5020560",378673,2026-05-03 22:16:08,28.8258991241455,-17.7558708190918,"Unknown"
"5020560",378673,2026-05-03 22:17:08,28.8259906768799,-17.7558097839355,"Unknown"
"5020560",378673,2026-05-03 22:18:08,28.8260440826416,-17.7557544708252,"Unknown"
"5020560",378673,2026-05-03 22:19:10,28.8261470794678,-17.755687713623,"Unknown"
"5020560",378673,2026-05-03 22:20:08,28.826229095459,-17.7556304931641,"Unknown"
"5020560",378673,2026-05-03 22:21:08,28.8263206481934,-17.755558013916,"Unknown"
"5020560",378673,2026-05-03 22:22:08,28.8264083862305,-17.7554950714111,"Unknown"
"5020560",378673,2026-05-03 22:23:08,28.8264579772949,-17.7554264068604,"Unknown"
"5020560",378673,2026-05-03 22:24:08,28.8265323638916,-17.7553596496582,"Unknown"
"5020560",378673,2026-05-03 22:25:08,28.826602935791,-17.7552700042725,"Unknown"
"5020560",378673,2026-05-03 22:26:08,28.8266716003418,-17.7552280426025,"Unknown"
"5020560",378673,2026-05-03 22:27:08,28.8267593383789,-17.7551574707031,"Unknown"
"5020560",378673,2026-05-03 22:28:08,28.8268432617188,-17.7550773620605,"Unknown"
"5020560",378673,2026-05-03 22:29:08,28.8269329071045,-17.7550048828125,"Unknown"
"5020560",378673,2026-05-03 22:30:08,28.8242282867432,-17.7540740966797,"Unknown"
"5020560",378673,2026-05-03 22:31:08,28.8221340179443,-17.7518405914307,"Unknown"
"5020560",378673,2026-05-03 22:32:08,28.8222560882568,-17.7517910003662,"Unknown"
"5020560",378673,2026-05-03 22:33:09,28.8208770751953,-17.7524147033691,"Unknown"
"5020560",378673,2026-05-03 22:34:08,28.817813873291,-17.7515716552734,"Unknown"
"5020560",378673,2026-05-03 22:35:09,28.8179149627686,-17.7515735626221,"Unknown"
"5020560",378673,2026-05-03 22:36:08,28.8180274963379,-17.751558303833,"Unknown"
"5020560",378673,2026-05-03 22:37:09,28.8181381225586,-17.7515487670898,"Unknown"
"5020560",378673,2026-05-03 22:38:08,28.8182487487793,-17.751537322998,"Unknown"
"5020560",378673,2026-05-03 22:39:08,28.8183822631836,-17.7514972686768,"Unknown"
"5020560",378673,2026-05-03 22:40:08,28.818489074707,-17.751501083374,"Unknown"
"5020560",378673,2026-05-03 22:41:08,28.8186016082764,-17.7515029907227,"Unknown"
"5020560",378673,2026-05-03 22:42:08,28.8187103271484,-17.7514762878418,"Unknown"
"5020560",378673,2026-05-03 22:43:08,28.8188171386719,-17.75146484375,"Unknown"
"5020560",378673,2026-05-03 22:44:08,28.8189296722412,-17.7514457702637,"Unknown"
"5020560",378673,2026-05-03 22:45:08,28.8190574645996,-17.7514057159424,"Unknown"
"5020560",378673,2026-05-03 22:46:08,28.8191471099854,-17.7513904571533,"Unknown"
"5020560",378673,2026-05-03 22:47:08,28.8192348480225,-17.7513751983643,"Unknown"
"5020560",378673,2026-05-03 22:48:08,28.8193321228027,-17.7513618469238,"Unknown"
"5020560",378673,2026-05-03 22:49:08,28.8194427490234,-17.7513389587402,"Unknown"
"5020560",378673,2026-05-03 22:50:08,28.8195323944092,-17.7513408660889,"Unknown"
"5020560",378673,2026-05-03 22:51:08,28.8196296691895,-17.7513427734375,"Unknown"
"5020560",378673,2026-05-03 22:52:08,28.8197250366211,-17.7513103485107,"Unknown"
"5020560",378673,2026-05-03 22:53:08,28.8198184967041,-17.7513027191162,"Unknown"
"5020560",378673,2026-05-03 22:54:08,28.8199367523193,-17.7512722015381,"Unknown"
"5020560",378673,2026-05-03 22:55:08,28.8200283050537,-17.7512435913086,"Unknown"
"5020560",378673,2026-05-03 22:56:08,28.8201351165771,-17.7512054443359,"Unknown"
"5020560",378673,2026-05-03 22:57:08,28.8202838897705,-17.7511367797852,"Unknown"
"5020560",378673,2026-05-03 22:58:08,28.8172760009766,-17.74880027771,"Unknown"
"5020560",378673,2026-05-03 22:59:09,28.813362121582,-17.7442245483398,"Unknown"
"5020560",378673,2026-05-03 23:00:09,28.8093776702881,-17.7402210235596,"Unknown"
"5020560",378673,2026-05-03 23:01:09,28.8092613220215,-17.7401008605957,"Unknown"
"5020560",378673,2026-05-03 23:02:09,28.8093452453613,-17.740083694458,"Unknown"
"5020560",378673,2026-05-03 23:03:09,28.8094425201416,-17.7400398254395,"Unknown"
"5020560",378673,2026-05-03 23:04:09,28.8095226287842,-17.7400321960449,"Unknown"
"5020560",378673,2026-05-03 23:05:09,28.8096027374268,-17.7400093078613,"Unknown"
"5020560",378673,2026-05-03 23:06:28,28.8097324371338,-17.7399845123291,"Unknown"
"5020560",378673,2026-05-03 23:07:09,28.8098068237305,-17.7399654388428,"Unknown"
"5020560",378673,2026-05-03 23:08:09,28.8098697662354,-17.7399711608887,"Unknown"
"5020560",378673,2026-05-03 23:09:09,28.8099632263184,-17.7399406433105,"Unknown"
"5020560",378673,2026-05-03 23:10:09,28.8100395202637,-17.7399368286133,"Unknown"
"5020560",378673,2026-05-03 23:11:09,28.8101215362549,-17.7399253845215,"Unknown"
"5020560",378673,2026-05-03 23:12:09,28.8102035522461,-17.7399044036865,"Unknown"
"5020560",378673,2026-05-03 23:13:11,28.8102474212646,-17.7398853302002,"Unknown"
"5020560",378673,2026-05-03 23:14:10,28.8103218078613,-17.7398681640625,"Unknown"
"5020560",378673,2026-05-03 23:15:11,28.8103981018066,-17.739860534668,"Unknown"
"5020560",378673,2026-05-03 23:16:12,28.8104648590088,-17.739839553833,"Unknown"
"5020560",378673,2026-05-03 23:17:11,28.810546875,-17.739839553833,"Unknown"
"5020560",378673,2026-05-03 23:18:10,28.8106231689453,-17.7398204803467,"Unknown"
"5020560",378673,2026-05-03 23:19:12,28.8107032775879,-17.7398128509521,"Unknown"
"5020560",378673,2026-05-03 23:20:11,28.81077003479,-17.739818572998,"Unknown"
"5020560",378673,2026-05-03 23:21:12,28.8108367919922,-17.7397842407227,"Unknown"
"5020560",378673,2026-05-03 23:22:12,28.8108978271484,-17.7398052215576,"Unknown"
"5020560",378673,2026-05-03 23:23:10,28.8109683990479,-17.7397651672363,"Unknown"
"5020560",378673,2026-05-03 23:24:12,28.8110389709473,-17.7397537231445,"Unknown"
"5020560",378673,2026-05-03 23:25:11,28.8111057281494,-17.7397384643555,"Unknown"
"5020560",378673,2026-05-03 23:26:11,28.8111896514893,-17.7397346496582,"Unknown"
"5020560",378673,2026-05-03 23:27:10,28.81125831604,-17.7397041320801,"Unknown"
"5020560",378673,2026-05-03 23:28:08,28.8113098144531,-17.7396850585938,"Unknown"
"5020560",378673,2026-05-03 23:29:09,28.8113632202148,-17.7396430969238,"Unknown"
"5020560",378673,2026-05-03 23:30:09,28.8114223480225,-17.7396049499512,"Unknown"
"5020560",378673,2026-05-03 23:31:09,28.8114585876465,-17.7395648956299,"Unknown"
"5020560",378673,2026-05-03 23:32:09,28.8115158081055,-17.7395572662354,"Unknown"
"5020560",378673,2026-05-03 23:33:09,28.8115615844727,-17.7395439147949,"Unknown"
"5020560",378673,2026-05-03 23:34:33,28.8116283416748,-17.7394886016846,"Unknown"
"5020560",378673,2026-05-03 23:35:08,28.8116474151611,-17.7394905090332,"Unknown"
"5020560",378673,2026-05-03 23:36:09,28.8117122650146,-17.7394752502441,"Unknown"
"5020560",378673,2026-05-03 23:37:09,28.8117656707764,-17.7395095825195,"Unknown"
"5020560",378673,2026-05-03 23:38:09,28.8118324279785,-17.7395133972168,"Unknown"
"5020560",378673,2026-05-03 23:39:08,28.8119068145752,-17.7395420074463,"Unknown"
"5020560",378673,2026-05-03 23:40:09,28.8119525909424,-17.7395343780518,"Unknown"
"5020560",378673,2026-05-03 23:41:08,28.811990737915,-17.7394790649414,"Unknown"
"5020560",378673,2026-05-03 23:42:09,28.8120651245117,-17.7395038604736,"Unknown"
"5020560",378673,2026-05-03 23:43:08,28.8121395111084,-17.7394828796387,"Unknown"
"5020560",378673,2026-05-03 23:44:08,28.8121871948242,-17.7394561767578,"Unknown"
"5020560",378673,2026-05-03 23:45:08,28.8122539520264,-17.7394428253174,"Unknown"
"5020560",378673,2026-05-03 23:46:09,28.8123397827148,-17.7394218444824,"Unknown"
"5020560",378673,2026-05-03 23:47:08,28.8123989105225,-17.7393989562988,"Unknown"
"5020560",378673,2026-05-03 23:48:09,28.8124618530273,-17.7393550872803,"Unknown"
"5020560",378673,2026-05-03 23:49:08,28.8125286102295,-17.7393054962158,"Unknown"
"5020560",378673,2026-05-03 23:50:09,28.8126068115234,-17.7392864227295,"Unknown"
"5020560",378673,2026-05-03 23:51:09,28.8126678466797,-17.7392425537109,"Unknown"
"5020560",378673,2026-05-03 23:52:08,28.8127193450928,-17.7392139434814,"Unknown"
"5020560",378673,2026-05-03 23:53:08,28.8127727508545,-17.7391929626465,"Unknown"
"5020560",378673,2026-05-03 23:54:09,28.812816619873,-17.7391738891602,"Unknown"
"5020560",378673,2026-05-03 23:55:08,28.8128623962402,-17.7391452789307,"Unknown"
"5020560",378673,2026-05-03 23:56:09,28.8129653930664,-17.739107131958,"Unknown"
"5020560",378673,2026-05-03 23:57:09,28.8130359649658,-17.7390995025635,"Unknown"
"5020560",378673,2026-05-03 23:58:09,28.8130989074707,-17.7390632629395,"Unknown"
"5020560",378673,2026-05-03 23:59:09,28.8131504058838,-17.7390041351318,"Unknown"
"5020560",378673,2026-05-04 00:00:09,28.8131999969482,-17.7389469146729,"Unknown"
"5020560",378673,2026-05-04 00:01:09,28.8132457733154,-17.7389354705811,"Unknown"
"5020560",378673,2026-05-04 00:02:08,28.8132781982422,-17.7388954162598,"Unknown"
"5020560",378673,2026-05-04 00:03:08,28.8133296966553,-17.7388610839844,"Unknown"
"5020560",378673,2026-05-04 00:04:08,28.8133850097656,-17.7388515472412,"Unknown"
"5020560",378673,2026-05-04 00:05:09,28.8134460449219,-17.7388172149658,"Unknown"
"5020560",378673,2026-05-04 00:06:09,28.8135051727295,-17.7388019561768,"Unknown"
"5020560",378673,2026-05-04 00:07:08,28.8135547637939,-17.7387714385986,"Unknown"
"5020560",378673,2026-05-04 00:08:09,28.8136177062988,-17.7387275695801,"Unknown"
"5020560",378673,2026-05-04 00:09:09,28.8136596679688,-17.7386913299561,"Unknown"
"5020560",378673,2026-05-04 00:10:09,28.8137245178223,-17.7386779785156,"Unknown"
"5020560",378673,2026-05-04 00:11:11,28.8138046264648,-17.7386608123779,"Unknown"
"5020560",378673,2026-05-04 00:12:12,28.8138675689697,-17.7385883331299,"Unknown"
"5020560",378673,2026-05-04 00:13:11,28.8139457702637,-17.7385673522949,"Unknown"
"5020560",378673,2026-05-04 00:14:10,28.8139877319336,-17.738489151001,"Unknown"
"5020560",378673,2026-05-04 00:15:09,28.8140544891357,-17.7384815216064,"Unknown"
"5020560",378673,2026-05-04 00:16:12,28.8141384124756,-17.7384586334229,"Unknown"
"5020560",378673,2026-05-04 00:17:09,28.8142032623291,-17.7384586334229,"Unknown"
"5020560",378673,2026-05-04 00:18:11,28.8142471313477,-17.7384357452393,"Unknown"
"5020560",378673,2026-05-04 00:19:09,28.814302444458,-17.7384052276611,"Unknown"
"5020560",378673,2026-05-04 00:20:10,28.8143329620361,-17.7383193969727,"Unknown"
"5020560",378673,2026-05-04 00:21:09,28.814380645752,-17.7382926940918,"Unknown"
"5020560",378673,2026-05-04 00:22:09,28.8143997192383,-17.7382164001465,"Unknown"
"5020560",378673,2026-05-04 00:23:08,28.8144397735596,-17.738187789917,"Unknown"
"5020560",378673,2026-05-04 00:24:08,28.814489364624,-17.7381286621094,"Unknown"
"5020560",378673,2026-05-04 00:25:09,28.8145389556885,-17.7380790710449,"Unknown"
"5020560",378673,2026-05-04 00:26:10,28.8146133422852,-17.7380084991455,"Unknown"
"5020560",378673,2026-05-04 00:27:08,28.8146514892578,-17.737943649292,"Unknown"
"5020560",378673,2026-05-04 00:28:08,28.8147258758545,-17.7379131317139,"Unknown"
"5020560",378673,2026-05-04 00:29:09,28.8147945404053,-17.7378597259521,"Unknown"
"5020560",378673,2026-05-04 00:30:09,28.814868927002,-17.7378120422363,"Unknown"
"5020560",378673,2026-05-04 00:31:09,28.8149242401123,-17.7377376556396,"Unknown"
"5020560",378673,2026-05-04 00:32:09,28.8150005340576,-17.7376937866211,"Unknown"
"5020560",378673,2026-05-04 00:33:08,28.8150253295898,-17.7376232147217,"Unknown"
"5020560",378673,2026-05-04 00:34:08,28.8150844573975,-17.7375068664551,"Unknown"
"5020560",378673,2026-05-04 00:35:09,28.8151626586914,-17.7374362945557,"Unknown"
"5020560",378673,2026-05-04 00:36:09,28.8151588439941,-17.7373809814453,"Unknown"
"5020560",378673,2026-05-04 00:37:09,28.8152351379395,-17.7373027801514,"Unknown"
"5020560",378673,2026-05-04 00:38:09,28.815299987793,-17.7371940612793,"Unknown"
"5020560",378673,2026-05-04 00:39:09,28.815357208252,-17.7370319366455,"Unknown"
"5020560",378673,2026-05-04 00:40:08,28.8154449462891,-17.7369499206543,"Unknown"
"5020560",378673,2026-05-04 00:41:09,28.8155040740967,-17.7368431091309,"Unknown"
"5020560",378673,2026-05-04 00:42:09,28.8155117034912,-17.7367572784424,"Unknown"
"5020560",378673,2026-05-04 00:43:08,28.815601348877,-17.7366504669189,"Unknown"
"5020560",378673,2026-05-04 00:44:09,28.8156452178955,-17.7366027832031,"Unknown"
"5020560",378673,2026-05-04 00:45:09,28.8157367706299,-17.7365169525146,"Unknown"
"5020560",378673,2026-05-04 00:46:08,28.8157863616943,-17.7364139556885,"Unknown"
"5020560",378673,2026-05-04 00:47:09,28.8158798217773,-17.7363777160645,"Unknown"
"5020560",378673,2026-05-04 00:48:09,28.8160228729248,-17.7363052368164,"Unknown"
"5020560",378673,2026-05-04 00:49:09,28.8161087036133,-17.7362651824951,"Unknown"
"5020560",378673,2026-05-04 00:50:09,28.8161945343018,-17.7362327575684,"Unknown"
"5020560",378673,2026-05-04 00:51:10,28.8162937164307,-17.7362194061279,"Unknown"
"5020560",378673,2026-05-04 00:52:09,28.8163833618164,-17.7362194061279,"Unknown"
"5020560",378673,2026-05-04 00:53:08,28.8164577484131,-17.7361640930176,"Unknown"
"5020560",378673,2026-05-04 00:54:11,28.8165245056152,-17.7360897064209,"Unknown"
"5020560",378673,2026-05-04 00:55:12,28.8166027069092,-17.7360458374023,"Unknown"
"5020560",378673,2026-05-04 00:56:12,28.8166923522949,-17.7360000610352,"Unknown"
"5020560",378673,2026-05-04 00:57:11,28.8167419433594,-17.7359561920166,"Unknown"
"5020560",378673,2026-05-04 00:58:14,28.8168411254883,-17.7359313964844,"Unknown"
"5020560",378673,2026-05-04 00:59:12,28.8169250488281,-17.7358665466309,"Unknown"
"5020560",378673,2026-05-04 01:00:12,28.8169956207275,-17.7358360290527,"Unknown"
"5020560",378673,2026-05-04 01:01:11,28.8170833587646,-17.7358245849609,"Unknown"
"5020560",378673,2026-05-04 01:02:15,28.817174911499,-17.7358207702637,"Unknown"
"5020560",378673,2026-05-04 01:03:12,28.8172626495361,-17.7358112335205,"Unknown"
"5020560",378673,2026-05-04 01:04:09,28.8173294067383,-17.7357959747314,"Unknown"
"5020560",378673,2026-05-04 01:05:11,28.8174324035645,-17.7357368469238,"Unknown"
"5020560",378673,2026-05-04 01:06:11,28.8175373077393,-17.7357501983643,"Unknown"
"5020560",378673,2026-05-04 01:07:11,28.8175945281982,-17.7357368469238,"Unknown"
"5020560",378673,2026-05-04 01:08:09,28.8177051544189,-17.735725402832,"Unknown"
"5020560",378673,2026-05-04 01:09:10,28.8177890777588,-17.7357139587402,"Unknown"
"5020560",378673,2026-05-04 01:10:11,28.8178787231445,-17.7356929779053,"Unknown"
"5020560",378673,2026-05-04 01:11:13,28.8180179595947,-17.7356948852539,"Unknown"
"5020560",378673,2026-05-04 01:12:11,28.8181247711182,-17.7357006072998,"Unknown"
"5020560",378673,2026-05-04 01:13:12,28.8182106018066,-17.7357139587402,"Unknown"
"5020560",378673,2026-05-04 01:14:11,28.8183555603027,-17.7356777191162,"Unknown"
"5020560",378673,2026-05-04 01:15:11,28.8184223175049,-17.7357006072998,"Unknown"
"5020560",378673,2026-05-04 01:16:09,28.8185558319092,-17.7356567382812,"Unknown"
"5020560",378673,2026-05-04 01:17:47,28.8186988830566,-17.7355709075928,"Unknown"
"5020560",378673,2026-05-04 01:18:07,28.8187313079834,-17.7355422973633,"Unknown"
"5020560",378673,2026-05-04 01:19:08,28.8188362121582,-17.735502243042,"Unknown"
"5020560",378673,2026-05-04 01:20:08,28.8189525604248,-17.7354602813721,"Unknown"
"5020560",378673,2026-05-04 01:21:07,28.8190460205078,-17.7354125976562,"Unknown"
"5020560",378673,2026-05-04 01:22:07,28.8191699981689,-17.7354011535645,"Unknown"
"5020560",378673,2026-05-04 01:23:08,28.8193130493164,-17.7353935241699,"Unknown"
"5020560",378673,2026-05-04 01:24:08,28.8194313049316,-17.7353858947754,"Unknown"
"5020560",378673,2026-05-04 01:25:07,28.8195552825928,-17.7353649139404,"Unknown"
"5020560",378673,2026-05-04 01:26:08,28.8196659088135,-17.7353515625,"Unknown"
"5020560",378673,2026-05-04 01:27:08,28.819766998291,-17.7353191375732,"Unknown"
"5020560",378673,2026-05-04 01:28:08,28.8198680877686,-17.7352905273438,"Unknown"
"5020560",378673,2026-05-04 01:29:08,28.8199844360352,-17.7352676391602,"Unknown"
"5020560",378673,2026-05-04 01:30:08,28.8200798034668,-17.7352466583252,"Unknown"
"5020560",378673,2026-05-04 01:31:08,28.8201942443848,-17.7352294921875,"Unknown"
"5020560",378673,2026-05-04 01:32:08,28.8203010559082,-17.7352142333984,"Unknown"
"5020560",378673,2026-05-04 01:33:08,28.8203945159912,-17.7352199554443,"Unknown"
"5020560",378673,2026-05-04 01:34:08,28.8205165863037,-17.7352104187012,"Unknown"
"5020560",378673,2026-05-04 01:35:09,28.820613861084,-17.7352123260498,"Unknown"
"5020560",378673,2026-05-04 01:36:09,28.8206844329834,-17.7352390289307,"Unknown"
"5020560",378673,2026-05-04 01:37:08,28.8207817077637,-17.7352180480957,"Unknown"
"5020560",378673,2026-05-04 01:38:09,28.820858001709,-17.7352485656738,"Unknown"
"5020560",378673,2026-05-04 01:39:08,28.8209476470947,-17.7352752685547,"Unknown"
"5020560",378673,2026-05-04 01:40:08,28.8210620880127,-17.7352809906006,"Unknown"
"5020560",378673,2026-05-04 01:41:11,28.821159362793,-17.7353477478027,"Unknown"
"5020560",378673,2026-05-04 01:42:08,28.8212928771973,-17.735372543335,"Unknown"
"5020560",378673,2026-05-04 01:43:22,28.8214168548584,-17.7354393005371,"Unknown"
"5020560",378673,2026-05-04 01:44:08,28.8215026855469,-17.7354679107666,"Unknown"
"5020560",378673,2026-05-04 01:45:08,28.8215751647949,-17.7355175018311,"Unknown"
"5020560",378673,2026-05-04 01:46:09,28.8216648101807,-17.7355766296387,"Unknown"
"5020560",378673,2026-05-04 01:47:11,28.8217906951904,-17.7356071472168,"Unknown"
"5020560",378673,2026-05-04 01:48:09,28.8219108581543,-17.7356815338135,"Unknown"
"5020560",378673,2026-05-04 01:49:08,28.8220367431641,-17.7357559204102,"Unknown"
"5020560",378673,2026-05-04 01:50:08,28.8221092224121,-17.7358245849609,"Unknown"
"5020560",378673,2026-05-04 01:51:08,28.8222026824951,-17.735876083374,"Unknown"
"5020560",378673,2026-05-04 01:52:08,28.8223075866699,-17.7359046936035,"Unknown"
"5020560",378673,2026-05-04 01:53:08,28.8223934173584,-17.7359371185303,"Unknown"
"5020560",378673,2026-05-04 01:54:08,28.8225231170654,-17.7359886169434,"Unknown"
"5020560",378673,2026-05-04 01:55:08,28.8226070404053,-17.7360534667969,"Unknown"
"5020560",378673,2026-05-04 01:56:11,28.8182773590088,-17.7361145019531,"Unknown"
"5020560",378673,2026-05-04 01:57:08,28.8178100585938,-17.7360782623291,"Unknown"
"5020560",378673,2026-05-04 01:58:08,28.8179416656494,-17.7361431121826,"Unknown"
"5020560",378673,2026-05-04 01:59:08,28.8180446624756,-17.7361621856689,"Unknown"
"5020560",378673,2026-05-04 02:00:33,28.8182277679443,-17.7361869812012,"Unknown"
"5020560",378673,2026-05-04 02:01:08,28.8183097839355,-17.7362079620361,"Unknown"
"5020560",378673,2026-05-04 02:02:08,28.8184185028076,-17.7362251281738,"Unknown"
"5020560",378673,2026-05-04 02:03:08,28.8185482025146,-17.736234664917,"Unknown"
"5020560",378673,2026-05-04 02:04:08,28.8186149597168,-17.7362594604492,"Unknown"
"5020560",378673,2026-05-04 02:05:08,28.8187084197998,-17.7362804412842,"Unknown"
"5020560",378673,2026-05-04 02:06:08,28.8187847137451,-17.7362785339355,"Unknown"
"5020560",378673,2026-05-04 02:07:08,28.8188934326172,-17.7362880706787,"Unknown"
"5020560",378673,2026-05-04 02:08:08,28.8189563751221,-17.736270904541,"Unknown"
"5020560",378673,2026-05-04 02:09:08,28.819055557251,-17.736270904541,"Unknown"
"5020560",378673,2026-05-04 02:10:08,28.81911277771,-17.7362632751465,"Unknown"
"5020560",378673,2026-05-04 02:11:08,28.8192138671875,-17.7362766265869,"Unknown"
"5020560",378673,2026-05-04 02:12:08,28.8192920684814,-17.7362785339355,"Unknown"
"5020560",378673,2026-05-04 02:13:08,28.8193702697754,-17.7362957000732,"Unknown"
"5020560",378673,2026-05-04 02:14:08,28.8194541931152,-17.7363090515137,"Unknown"
"5020560",378673,2026-05-04 02:15:08,28.8195171356201,-17.7363090515137,"Unknown"
"5020560",378673,2026-05-04 02:16:08,28.8195648193359,-17.7363033294678,"Unknown"
"5020560",378673,2026-05-04 02:17:08,28.8196239471436,-17.7363319396973,"Unknown"
"5020560",378673,2026-05-04 02:18:08,28.8196487426758,-17.736328125,"Unknown"
"5020560",378673,2026-05-04 02:19:08,28.8196277618408,-17.7363166809082,"Unknown"
"5020560",378673,2026-05-04 02:20:08,28.8196659088135,-17.7362880706787,"Unknown"
"5020560",378673,2026-05-04 02:21:08,28.8196926116943,-17.7362766265869,"Unknown"
"5020560",378673,2026-05-04 02:22:08,28.8197078704834,-17.7362861633301,"Unknown"
"5020560",378673,2026-05-04 02:23:08,28.8197441101074,-17.7362880706787,"Unknown"
"5020560",378673,2026-05-04 02:24:08,28.8197593688965,-17.7363033294678,"Unknown"
"5020560",378673,2026-05-04 02:25:08,28.8197708129883,-17.7363204956055,"Unknown"
"5020560",378673,2026-05-04 02:26:08,28.8197822570801,-17.7363128662109,"Unknown"
"5020560",378673,2026-05-04 02:27:08,28.8197994232178,-17.7363204956055,"Unknown"
"5020560",378673,2026-05-04 02:28:08,28.8198127746582,-17.7363147735596,"Unknown"
"5020560",378673,2026-05-04 02:29:08,28.8198146820068,-17.7362976074219,"Unknown"
"5020560",378673,2026-05-04 02:30:08,28.8198547363281,-17.7362995147705,"Unknown"
"5020560",378673,2026-05-04 02:31:08,28.8198776245117,-17.7362937927246,"Unknown"
"5020560",378673,2026-05-04 02:32:08,28.8199043273926,-17.7362518310547,"Unknown"
"5020560",378673,2026-05-04 02:33:08,28.8199844360352,-17.7362613677979,"Unknown"
"5020560",378673,2026-05-04 02:34:08,28.8200492858887,-17.7362480163574,"Unknown"
"5020560",378673,2026-05-04 02:35:08,28.8200626373291,-17.7362518310547,"Unknown"
"5020560",378673,2026-05-04 02:36:08,28.8200817108154,-17.7362251281738,"Unknown"
"5020560",378673,2026-05-04 02:37:08,28.8201007843018,-17.7361927032471,"Unknown"
"5020560",378673,2026-05-04 02:38:08,28.8201484680176,-17.7361812591553,"Unknown"
"5020560",378673,2026-05-04 02:48:08,28.8206062316895,-17.7361965179443,"Unknown"
"5020560",378673,2026-05-04 02:49:09,28.8206462860107,-17.7362327575684,"Unknown"
"5020560",378673,2026-05-04 02:50:08,28.8207111358643,-17.7362365722656,"Unknown"
"5020560",378673,2026-05-04 02:51:08,28.8207759857178,-17.7362384796143,"Unknown"
"5020560",378673,2026-05-04 03:01:10,28.8097171783447,-17.7371921539307,"Unknown"
"5020560",378673,2026-05-04 03:11:08,28.8098640441895,-17.7377548217773,"Unknown"
"5020560",378673,2026-05-04 03:12:09,28.8099346160889,-17.7378463745117,"Unknown"
"5020560",378673,2026-05-04 03:13:09,28.8099689483643,-17.7378997802734,"Unknown"
"5020560",378673,2026-05-04 03:14:09,28.8100261688232,-17.7379360198975,"Unknown"
"5020560",378673,2026-05-04 03:24:09,28.8101711273193,-17.7380867004395,"Unknown"
"5020560",378673,2026-05-04 03:25:09,28.8101367950439,-17.7381172180176,"Unknown"
"5020560",378673,2026-05-04 03:26:09,28.8100967407227,-17.7381839752197,"Unknown"
"5020560",378673,2026-05-04 03:36:08,28.8101425170898,-17.7390289306641,"Unknown"
"5020560",378673,2026-05-04 03:37:08,28.8102397918701,-17.7391185760498,"Unknown"
"5020560",378673,2026-05-04 03:38:11,28.8102111816406,-17.7391777038574,"Unknown"
"5020560",378673,2026-05-04 03:39:10,28.8102416992188,-17.7392959594727,"Unknown"
"5020560",378673,2026-05-04 03:49:11,28.8103790283203,-17.7402210235596,"Unknown"
"5020560",378673,2026-05-04 03:59:09,28.8104820251465,-17.74094581604,"Unknown"
"5020560",378673,2026-05-04 04:09:33,28.8100128173828,-17.7413730621338,"Unknown"
"5020560",378673,2026-05-04 04:19:08,28.8095264434814,-17.7418575286865,"Unknown"
"5020560",378673,2026-05-04 04:29:09,28.8088645935059,-17.7418613433838,"Unknown"
"5020560",378673,2026-05-04 04:39:11,28.8096561431885,-17.7419166564941,"Unknown"
"5020560",378673,2026-05-04 04:49:09,28.809440612793,-17.7410259246826,"Unknown"
"5020560",378673,2026-05-04 04:59:09,28.8094387054443,-17.7406845092773,"Unknown"
"5020560",378673,2026-05-04 05:09:10,28.809009552002,-17.7399482727051,"Unknown"
"5020560",378673,2026-05-04 05:19:09,28.8087425231934,-17.7390727996826,"Unknown"
"5020560",378673,2026-05-04 05:29:09,28.8082599639893,-17.7376937866211,"Unknown"
"5020560",378673,2026-05-04 05:39:33,28.807767868042,-17.7363319396973,"Unknown"
"5020560",378673,2026-05-04 05:49:09,28.8070182800293,-17.7350997924805,"Unknown"
"5020560",378673,2026-05-04 05:59:10,28.8067035675049,-17.7346134185791,"Unknown"
"5020560",378673,2026-05-04 06:09:09,28.8066329956055,-17.7337226867676,"Unknown"
"5020560",378673,2026-05-04 06:19:09,28.8066520690918,-17.7330913543701,"Unknown"
"5020560",378673,2026-05-04 06:29:09,28.7979125976562,-17.7377643585205,"Unknown"
"5020560",378673,2026-05-04 06:39:09,28.7947521209717,-17.7258892059326,"Unknown"
"5020560",378673,2026-05-04 06:49:10,28.7847728729248,-17.7313060760498,"Unknown"
"5020560",378673,2026-05-04 06:59:09,28.7779312133789,-17.73876953125,"Unknown"
"5020560",378673,2026-05-04 07:09:09,28.7694988250732,-17.729211807251,"Unknown"
"5020560",378673,2026-05-04 07:19:10,28.7737007141113,-17.7258682250977,"Unknown"
"5020560",378673,2026-05-04 07:20:11,28.7737331390381,-17.7257785797119,"Unknown"
"5020560",378673,2026-05-04 07:21:12,28.7737846374512,-17.7257423400879,"Unknown"
"5020560",378673,2026-05-04 07:31:11,28.7741107940674,-17.7247867584229,"Unknown"
"5020560",378673,2026-05-04 07:32:11,28.7741622924805,-17.7246990203857,"Unknown"
"5020560",378673,2026-05-04 07:37:33,28.7743682861328,-17.7242088317871,"Unknown"
"5020560",378673,2026-05-04 07:42:11,28.7744560241699,-17.7238254547119,"Unknown"
"5020560",378673,2026-05-04 07:47:09,28.7744541168213,-17.7233848571777,"Unknown"
"5020560",378673,2026-05-04 07:52:09,28.7744903564453,-17.72287940979,"Unknown"
"5020560",378673,2026-05-04 07:57:08,28.7745361328125,-17.72239112854,"Unknown"
"5020560",378673,2026-05-04 08:02:10,28.7745819091797,-17.7219200134277,"Unknown"
"5020560",378673,2026-05-04 08:07:09,28.7719173431396,-17.7114944458008,"Unknown"
"5020560",378673,2026-05-04 08:12:11,28.7722606658936,-17.7111549377441,"Unknown"
"5020560",378673,2026-05-04 08:17:10,28.7782459259033,-17.7108573913574,"Unknown"
"5020560",378673,2026-05-04 08:22:11,28.7792739868164,-17.7115688323975,"Unknown"
"5020560",378673,2026-05-04 08:27:09,28.7801322937012,-17.7110500335693,"Unknown"
"5020560",378673,2026-05-04 08:32:09,28.7767143249512,-17.7113475799561,"Unknown"
"5020560",378673,2026-05-04 08:37:09,28.7738761901855,-17.71213722229,"Unknown"
"5020560",378673,2026-05-04 08:42:09,28.7722511291504,-17.7132396697998,"Unknown"
"5020560",378673,2026-05-04 08:47:11,28.7707920074463,-17.7179756164551,"Unknown"
"5020560",378673,2026-05-04 08:52:09,28.7702350616455,-17.7177677154541,"Unknown"
"5020560",378673,2026-05-04 08:57:09,28.756290435791,-17.7137088775635,"Unknown"
"5020560",378673,2026-05-04 09:02:09,28.7631931304932,-17.706672668457,"Unknown"
"5020560",378673,2026-05-04 09:07:11,28.7604236602783,-17.7056732177734,"Unknown"
"5020560",378673,2026-05-04 09:12:09,28.7601470947266,-17.7062816619873,"Unknown"
"5020560",378673,2026-05-04 09:17:11,28.7600841522217,-17.7068881988525,"Unknown"
"5020560",378673,2026-05-04 09:22:08,28.7583465576172,-17.7111320495605,"Unknown"
"5020560",378673,2026-05-04 09:27:13,28.7545318603516,-17.7120189666748,"Unknown"
"5020560",378673,2026-05-04 09:32:13,28.7512168884277,-17.713586807251,"Unknown"
"5020560",378673,2026-05-04 09:37:11,28.7513523101807,-17.714448928833,"Unknown"
"5020560",378673,2026-05-04 09:42:16,28.7628746032715,-17.7101383209229,"Unknown"
"5020560",378673,2026-05-04 09:47:11,28.7543659210205,-17.706636428833,"Unknown"
"5020560",378673,2026-05-04 09:52:11,28.7539920806885,-17.7075538635254,"Unknown"
"5020560",378673,2026-05-04 09:57:11,28.7549152374268,-17.7124118804932,"Unknown"
"5020560",378673,2026-05-04 10:02:32,28.7573547363281,-17.7146797180176,"Unknown"
"5020560",378673,2026-05-04 10:07:09,28.7577228546143,-17.7154140472412,"Unknown"
"5020560",378673,2026-05-04 10:12:09,28.779613494873,-17.7073822021484,"Unknown"
"5020560",378673,2026-05-04 10:17:09,28.7826652526855,-17.7094020843506,"Unknown"
"5020560",378673,2026-05-04 10:22:09,28.7802028656006,-17.7118473052979,"Unknown"
"5020560",378673,2026-05-04 10:27:10,28.7801170349121,-17.71217918396,"Unknown"
"5020560",378673,2026-05-04 10:32:11,28.7784099578857,-17.7127265930176,"Unknown"
"5020560",378673,2026-05-04 10:37:10,28.754997253418,-17.7229232788086,"Unknown"
"5020560",378673,2026-05-04 10:42:10,28.7324829101562,-17.7165069580078,"Unknown"
"5020560",378673,2026-05-04 10:47:09,28.7262344360352,-17.7117328643799,"Unknown"
"5020560",378673,2026-05-04 10:52:11,28.7294464111328,-17.7088222503662,"Unknown"
"5020560",378673,2026-05-04 10:57:09,28.7300796508789,-17.7093486785889,"Unknown"
"5020560",378673,2026-05-04 11:02:11,28.7307834625244,-17.7098007202148,"Unknown"
"5020560",378673,2026-05-04 11:07:10,28.7361259460449,-17.7032775878906,"Unknown"
"5020560",378673,2026-05-04 11:12:11,28.7399253845215,-17.7005100250244,"Unknown"
"5020560",378673,2026-05-04 11:17:20,28.7394046783447,-17.707799911499,"Unknown"
"5020560",378673,2026-05-04 11:22:12,28.7376708984375,-17.7134399414062,"Unknown"
"5020560",378673,2026-05-04 11:27:12,28.7387142181396,-17.707389831543,"Unknown"
"5020560",378673,2026-05-04 11:32:11,28.7435150146484,-17.7144145965576,"Unknown"
"5020560",378673,2026-05-04 11:37:33,28.7412300109863,-17.7161884307861,"Unknown"
"5020560",378673,2026-05-04 11:42:10,28.7353820800781,-17.7158317565918,"Unknown"
"5020560",378673,2026-05-04 11:47:09,28.7316951751709,-17.7167282104492,"Unknown"
"5020560",378673,2026-05-04 11:52:11,28.7283821105957,-17.7187690734863,"Unknown"
"5020560",378673,2026-05-04 11:57:11,28.72487449646,-17.7226219177246,"Unknown"
"5020560",378673,2026-05-04 12:02:09,28.7201709747314,-17.7263374328613,"Unknown"
"5020560",378673,2026-05-04 12:07:26,28.7177238464355,-17.7266368865967,"Unknown"
"5020560",378673,2026-05-04 12:08:11,28.7178554534912,-17.7267074584961,"Unknown"
"5020560",378673,2026-05-04 12:09:11,28.7178535461426,-17.726863861084,"Unknown"
"5020560",378673,2026-05-04 12:10:15,28.7180328369141,-17.7268657684326,"Unknown"
"5020560",378673,2026-05-04 12:11:23,28.7181015014648,-17.7267951965332,"Unknown"
"5020560",378673,2026-05-04 12:12:10,28.7182216644287,-17.7268161773682,"Unknown"
"5020560",378673,2026-05-04 12:13:11,28.718334197998,-17.7268371582031,"Unknown"
"5020560",378673,2026-05-04 12:14:10,28.71848487854,-17.7269115447998,"Unknown"
"5020560",378673,2026-05-04 12:15:11,28.7186870574951,-17.7269668579102,"Unknown"
"5020560",378673,2026-05-04 12:16:11,28.7189197540283,-17.7270584106445,"Unknown"
"5020560",378673,2026-05-04 12:17:11,28.7190780639648,-17.7270908355713,"Unknown"
"5020560",378673,2026-05-04 12:18:11,28.7190647125244,-17.7272453308105,"Unknown"
"5020560",378673,2026-05-04 12:19:11,28.7191047668457,-17.727294921875,"Unknown"
"5020560",378673,2026-05-04 12:20:11,28.719274520874,-17.7274341583252,"Unknown"
"5020560",378673,2026-05-04 12:21:13,28.7193946838379,-17.7274551391602,"Unknown"
"5020560",378673,2026-05-04 12:22:12,28.7195224761963,-17.7275485992432,"Unknown"
"5020560",378673,2026-05-04 12:23:11,28.7196464538574,-17.7275924682617,"Unknown"
"5020560",378673,2026-05-04 12:24:12,28.7197284698486,-17.727668762207,"Unknown"
"5020560",378673,2026-05-04 12:25:10,28.7196083068848,-17.7276000976562,"Unknown"
"5020560",378673,2026-05-04 12:26:11,28.7195510864258,-17.7275848388672,"Unknown"
"5020560",378673,2026-05-04 12:27:11,28.7196922302246,-17.7276840209961,"Unknown"
"5020560",378673,2026-05-04 12:28:11,28.7195377349854,-17.7276248931885,"Unknown"
"5020560",378673,2026-05-04 12:29:11,28.7196407318115,-17.7276515960693,"Unknown"
"5020560",378673,2026-05-04 12:30:09,28.7193202972412,-17.7274150848389,"Unknown"
"5020560",378673,2026-05-04 12:31:09,28.7195777893066,-17.7273616790771,"Unknown"
"5020560",378673,2026-05-04 12:32:09,28.7197952270508,-17.72731590271,"Unknown"
"5020560",378673,2026-05-04 12:33:10,28.7200412750244,-17.7273139953613,"Unknown"
"5020560",378673,2026-05-04 12:34:09,28.7199382781982,-17.7270641326904,"Unknown"
"5020560",378673,2026-05-04 12:35:10,28.7202415466309,-17.7269859313965,"Unknown"
"5020560",378673,2026-05-04 12:36:10,28.7204437255859,-17.7267875671387,"Unknown"
"5020560",378673,2026-05-04 12:37:10,28.7205982208252,-17.7268466949463,"Unknown"
"5020560",378673,2026-05-04 12:38:14,28.7207698822021,-17.7269248962402,"Unknown"
"5020560",378673,2026-05-04 12:39:11,28.7209815979004,-17.7270069122314,"Unknown"
"5020560",378673,2026-05-04 12:40:12,28.7211608886719,-17.727014541626,"Unknown"
"5020560",378673,2026-05-04 12:41:11,28.7213077545166,-17.726993560791,"Unknown"
"5020560",378673,2026-05-04 12:42:13,28.7214317321777,-17.7270126342773,"Unknown"
"5020560",378673,2026-05-04 12:43:15,28.7215442657471,-17.7269992828369,"Unknown"
"5020560",378673,2026-05-04 12:44:15,28.7216892242432,-17.7269172668457,"Unknown"
"5020560",378673,2026-05-04 12:45:18,28.7218532562256,-17.7267761230469,"Unknown"
"5020560",378673,2026-05-04 12:46:15,28.7220268249512,-17.7266464233398,"Unknown"
"5020560",378673,2026-05-04 12:47:25,28.7221603393555,-17.7266025543213,"Unknown"
"5020560",378673,2026-05-04 12:48:20,28.7222919464111,-17.7266006469727,"Unknown"
"5020560",378673,2026-05-04 12:49:11,28.7223892211914,-17.7266044616699,"Unknown"
"5020560",378673,2026-05-04 12:50:17,28.7225379943848,-17.7266120910645,"Unknown"
"5020560",378673,2026-05-04 12:51:15,28.7226696014404,-17.7266387939453,"Unknown"
"5020560",378673,2026-05-04 12:52:19,28.7227516174316,-17.7265777587891,"Unknown"
"5020560",378673,2026-05-04 12:53:13,28.7228469848633,-17.7264881134033,"Unknown"
"5020560",378673,2026-05-04 12:54:14,28.7229270935059,-17.7264747619629,"Unknown"
"5020560",378673,2026-05-04 12:55:16,28.7229747772217,-17.7264556884766,"Unknown"
"5020560",378673,2026-05-04 12:56:16,28.7230567932129,-17.726390838623,"Unknown"
"5020560",378673,2026-05-04 12:57:14,28.7231369018555,-17.7263259887695,"Unknown"
"5020560",378673,2026-05-04 12:58:15,28.7231922149658,-17.7262783050537,"Unknown"
"5020560",378673,2026-05-04 12:59:20,28.7232894897461,-17.7262153625488,"Unknown"
"5020560",378673,2026-05-04 13:00:15,28.7233715057373,-17.7261791229248,"Unknown"
"5020560",378673,2026-05-04 13:01:33,28.7234916687012,-17.7261657714844,"Unknown"
"5020560",378673,2026-05-04 13:02:09,28.7235469818115,-17.7261581420898,"Unknown"
"5020560",378673,2026-05-04 13:03:10,28.7236175537109,-17.7262496948242,"Unknown"
"5020560",378673,2026-05-04 13:04:10,28.7237205505371,-17.7262496948242,"Unknown"
"5020560",378673,2026-05-04 13:05:11,28.7238483428955,-17.7261981964111,"Unknown"
"5020560",378673,2026-05-04 13:06:09,28.7239742279053,-17.7261657714844,"Unknown"
"5020560",378673,2026-05-04 13:07:11,28.7240810394287,-17.7261714935303,"Unknown"
"5020560",378673,2026-05-04 13:08:11,28.7241687774658,-17.7261257171631,"Unknown"
"5020560",378673,2026-05-04 13:09:09,28.7242603302002,-17.7261428833008,"Unknown"
"5020560",378673,2026-05-04 13:10:10,28.7243633270264,-17.7261047363281,"Unknown"
"5020560",378673,2026-05-04 13:11:09,28.7244911193848,-17.7261009216309,"Unknown"
"5020560",378673,2026-05-04 13:12:09,28.7245559692383,-17.7258720397949,"Unknown"
"5020560",378673,2026-05-04 13:13:08,28.7231884002686,-17.7226638793945,"Unknown"
"5020560",378673,2026-05-04 13:14:09,28.7226257324219,-17.717960357666,"Unknown"
"5020560",378673,2026-05-04 13:19:09,28.7236747741699,-17.7184619903564,"Unknown"
"5020560",378673,2026-05-04 13:24:11,28.7244167327881,-17.7180767059326,"Unknown"
"5020560",378673,2026-05-04 13:29:08,28.7268600463867,-17.7123718261719,"Unknown"
"5020560",378673,2026-05-04 13:34:09,28.7281646728516,-17.7125225067139,"Unknown"
"5020560",378673,2026-05-04 13:39:09,28.7294692993164,-17.7125778198242,"Unknown"
"5020560",378673,2026-05-04 13:44:09,28.7313251495361,-17.7123050689697,"Unknown"
"5020560",378673,2026-05-04 13:49:11,28.7325382232666,-17.7123413085938,"Unknown"
"5020560",378673,2026-05-04 13:54:10,28.733736038208,-17.7122707366943,"Unknown"
"5020560",378673,2026-05-04 13:59:11,28.7349872589111,-17.7120475769043,"Unknown"
"5020560",378673,2026-05-04 14:04:11,28.7364921569824,-17.7116584777832,"Unknown"
"5020560",378673,2026-05-04 14:09:09,28.7380714416504,-17.7113647460938,"Unknown"
"5020560",378673,2026-05-04 14:14:09,28.7401504516602,-17.7115249633789,"Unknown"
"5020560",378673,2026-05-04 14:19:11,28.7421531677246,-17.7120990753174,"Unknown"
"5020560",378673,2026-05-04 14:24:10,28.7440166473389,-17.7125816345215,"Unknown"
"5020560",378673,2026-05-04 14:29:10,28.7459487915039,-17.7130756378174,"Unknown"
"5020560",378673,2026-05-04 14:34:10,28.7473316192627,-17.7135200500488,"Unknown"
"5020560",378673,2026-05-04 14:39:10,28.7486343383789,-17.7140598297119,"Unknown"
"5020560",378673,2026-05-04 14:44:11,28.7501792907715,-17.7146644592285,"Unknown"
"5020560",378673,2026-05-04 14:49:11,28.7518730163574,-17.7153778076172,"Unknown"
"5020560",378673,2026-05-04 14:54:12,28.7532825469971,-17.7158737182617,"Unknown"
"5020560",378673,2026-05-04 14:59:11,28.7544975280762,-17.7163677215576,"Unknown"
"5020560",378673,2026-05-04 15:04:33,28.7556400299072,-17.7168025970459,"Unknown"
"5020560",378673,2026-05-04 15:09:09,28.7566299438477,-17.7169570922852,"Unknown"
"5020560",378673,2026-05-04 15:14:09,28.7578563690186,-17.7172203063965,"Unknown"
"5020560",378673,2026-05-04 15:19:09,28.7589817047119,-17.7175483703613,"Unknown"
"5020560",378673,2026-05-04 15:24:10,28.7601528167725,-17.7180652618408,"Unknown"
"5020560",378673,2026-05-04 15:29:09,28.7614364624023,-17.7184906005859,"Unknown"
"5020560",378673,2026-05-04 15:34:09,28.7626762390137,-17.718786239624,"Unknown"
"5020560",378673,2026-05-04 15:39:09,28.763952255249,-17.7190113067627,"Unknown"
"5020560",378673,2026-05-04 15:44:09,28.7649726867676,-17.719217300415,"Unknown"
"5020560",378673,2026-05-04 15:49:10,28.7660846710205,-17.719367980957,"Unknown"
"5020560",378673,2026-05-04 15:54:11,28.7671890258789,-17.7197551727295,"Unknown"
"5020560",378673,2026-05-04 15:59:11,28.768238067627,-17.7199211120605,"Unknown"
"5020560",378673,2026-05-04 16:04:09,28.7692565917969,-17.7196941375732,"Unknown"
"5020560",378673,2026-05-04 16:09:09,28.7702827453613,-17.7197494506836,"Unknown"
"5020560",378673,2026-05-04 16:14:11,28.7712955474854,-17.719898223877,"Unknown"
"5020560",378673,2026-05-04 16:19:09,28.7724018096924,-17.720027923584,"Unknown"
"5020560",378673,2026-05-04 16:24:09,28.7735767364502,-17.719913482666,"Unknown"
"5020560",378673,2026-05-04 16:29:09,28.7751331329346,-17.7200736999512,"Unknown"
"5020560",378673,2026-05-04 16:34:12,28.7762756347656,-17.7200736999512,"Unknown"
"5020560",378673,2026-05-04 16:39:13,28.7772655487061,-17.7200298309326,"Unknown"
"5020560",378673,2026-05-04 16:44:13,28.778148651123,-17.7198753356934,"Unknown"
"5020560",378673,2026-05-04 16:49:11,28.7790489196777,-17.7197265625,"Unknown"
"5020560",378673,2026-05-04 16:54:14,28.7799758911133,-17.719539642334,"Unknown"
"5020560",378673,2026-05-04 16:59:11,28.780933380127,-17.7192134857178,"Unknown"
"5020560",378673,2026-05-04 17:04:15,28.7817993164062,-17.7190532684326,"Unknown"
"5020560",378673,2026-05-04 17:09:33,28.7828311920166,-17.7187976837158,"Unknown"
"5020560",378673,2026-05-04 17:14:09,28.7836475372314,-17.7185497283936,"Unknown"
"5020560",378673,2026-05-04 17:19:10,28.7846450805664,-17.7181568145752,"Unknown"
"5020560",378673,2026-05-04 17:24:09,28.7854118347168,-17.717924118042,"Unknown"
"5020560",378673,2026-05-04 17:29:11,28.7861099243164,-17.7179832458496,"Unknown"
"5020560",378673,2026-05-04 17:34:09,28.7866992950439,-17.7181529998779,"Unknown"
"5020560",378673,2026-05-04 17:39:09,28.7874011993408,-17.7181930541992,"Unknown"
"5020560",378673,2026-05-04 17:44:09,28.7880039215088,-17.7182502746582,"Unknown"
"5020560",378673,2026-05-04 17:49:11,28.7885227203369,-17.718189239502,"Unknown"
"5020560",378673,2026-05-04 17:54:11,28.7889728546143,-17.7182674407959,"Unknown"
"5020560",378673,2026-05-04 17:59:10,28.7893543243408,-17.7182006835938,"Unknown"
"5020560",378673,2026-05-04 18:04:09,28.7898902893066,-17.7181663513184,"Unknown"
"5020560",378673,2026-05-04 18:09:11,28.7905807495117,-17.7181949615479,"Unknown"
"5020560",378673,2026-05-04 18:14:10,28.7910499572754,-17.7179298400879,"Unknown"
"5020560",378673,2026-05-04 18:19:11,28.7915000915527,-17.7179203033447,"Unknown"
"5020560",378673,2026-05-04 18:24:10,28.7920398712158,-17.717658996582,"Unknown"
"5020560",378673,2026-05-04 18:29:09,28.7924995422363,-17.7173957824707,"Unknown"
"5020560",378673,2026-05-04 18:34:09,28.7929000854492,-17.7170066833496,"Unknown"
"5020560",378673,2026-05-04 18:39:12,28.7933464050293,-17.7166061401367,"Unknown"
"5020560",378673,2026-05-04 18:44:11,28.7936744689941,-17.716287612915,"Unknown"
"5020560",378673,2026-05-04 18:49:11,28.7940788269043,-17.7160701751709,"Unknown"
"5020560",378673,2026-05-04 18:54:11,28.7944488525391,-17.7158641815186,"Unknown"
"5020560",378673,2026-05-04 18:59:09,28.7948131561279,-17.7155704498291,"Unknown"
"5020560",378673,2026-05-04 19:04:11,28.7951927185059,-17.7153968811035,"Unknown"
"5020560",378673,2026-05-04 19:09:11,28.7955570220947,-17.7151031494141,"Unknown"
"5020560",378673,2026-05-04 19:14:09,28.7958469390869,-17.7149314880371,"Unknown"
"5020560",378673,2026-05-04 19:19:11,28.7962055206299,-17.7148361206055,"Unknown"
"5020560",378673,2026-05-04 19:24:11,28.7964630126953,-17.7148056030273,"Unknown"
"5020560",378673,2026-05-04 19:29:33,28.7966690063477,-17.7146301269531,"Unknown"
"5020560",378673,2026-05-04 19:34:11,28.7968444824219,-17.7145748138428,"Unknown"
"5020560",378673,2026-05-04 19:39:11,28.7970714569092,-17.7143726348877,"Unknown"
"5020560",378673,2026-05-04 19:44:13,28.7972373962402,-17.7142105102539,"Unknown"
"5020560",378673,2026-05-04 19:49:11,28.7864875793457,-17.7166843414307,"Unknown"
"5020560",378673,2026-05-04 19:54:12,28.7870292663574,-17.7167453765869,"Unknown"
"5020560",378673,2026-05-04 19:59:11,28.7874546051025,-17.7169742584229,"Unknown"
"5020560",378673,2026-05-04 20:04:11,28.7877731323242,-17.7171287536621,"Unknown"
"5020560",378673,2026-05-04 20:09:10,28.7879486083984,-17.7173881530762,"Unknown"
"5020560",378673,2026-05-04 20:14:10,28.7881984710693,-17.7174263000488,"Unknown"
"5020560",378673,2026-05-04 20:19:09,28.7882766723633,-17.7177734375,"Unknown"
"5020560",378673,2026-05-04 20:24:12,28.7884426116943,-17.7176246643066,"Unknown"
"5020560",378673,2026-05-04 20:29:11,28.7886848449707,-17.7174530029297,"Unknown"
"5020560",378673,2026-05-04 20:34:11,28.7886695861816,-17.7169990539551,"Unknown"
"5020560",378673,2026-05-04 20:39:33,28.7887630462646,-17.7165699005127,"Unknown"
"5020560",378673,2026-05-04 20:44:09,28.7889862060547,-17.7160663604736,"Unknown"
"5020560",378673,2026-05-04 20:49:11,28.7893524169922,-17.7160015106201,"Unknown"
"5020560",378673,2026-05-04 20:54:09,28.789680480957,-17.7159671783447,"Unknown"
"5020560",378673,2026-05-04 20:59:11,28.7900066375732,-17.71604347229,"Unknown"
"5020560",378673,2026-05-04 21:04:09,28.7903423309326,-17.7160797119141,"Unknown"
"5020560",378673,2026-05-04 21:09:11,28.7907085418701,-17.7160205841064,"Unknown"
"5020560",378673,2026-05-04 21:14:11,28.7910900115967,-17.7160568237305,"Unknown"
"5020560",378673,2026-05-04 21:19:10,28.7914848327637,-17.7161674499512,"Unknown"
"5020560",378673,2026-05-04 21:24:12,28.7918357849121,-17.7162933349609,"Unknown"
"5020560",378673,2026-05-04 21:29:33,28.7922191619873,-17.7164630889893,"Unknown"
"5020560",378673,2026-05-04 21:34:11,28.792594909668,-17.7165908813477,"Unknown"
"5020560",378673,2026-05-04 21:39:11,28.7929954528809,-17.7167415618896,"Unknown"
"5020560",378673,2026-05-04 21:44:09,28.7933807373047,-17.7169342041016,"Unknown"
"5020560",378673,2026-05-04 21:49:09,28.7937793731689,-17.7172069549561,"Unknown"
"5020560",378673,2026-05-04 21:54:11,28.7942237854004,-17.7173843383789,"Unknown"
"5020560",378673,2026-05-04 21:59:11,28.7946186065674,-17.7175807952881,"Unknown"
"5020560",378673,2026-05-04 22:04:10,28.7950439453125,-17.717737197876,"Unknown"
"5020560",378673,2026-05-04 22:09:10,28.7954139709473,-17.717887878418,"Unknown"
"5020560",378673,2026-05-04 22:14:11,28.7957611083984,-17.7180004119873,"Unknown"
"5020560",378673,2026-05-04 22:19:11,28.7961025238037,-17.7181243896484,"Unknown"
"5020560",378673,2026-05-04 22:24:12,28.7964992523193,-17.7182483673096,"Unknown"
"5020560",378673,2026-05-04 22:29:12,28.7969074249268,-17.7183074951172,"Unknown"
"5020560",378673,2026-05-04 22:34:13,28.7972946166992,-17.718391418457,"Unknown"
"5020560",378673,2026-05-04 22:39:12,28.7976131439209,-17.7185344696045,"Unknown"
"5020560",378673,2026-05-04 22:44:12,28.7979354858398,-17.7185649871826,"Unknown"
"5020560",378673,2026-05-04 22:49:12,28.7982559204102,-17.71875,"Unknown"
"5020560",378673,2026-05-04 22:54:16,28.7986030578613,-17.718957901001,"Unknown"
"5020560",378673,2026-05-04 22:59:14,28.798921585083,-17.7191600799561,"Unknown"
"5020560",378673,2026-05-04 23:04:33,28.7992267608643,-17.7194652557373,"Unknown"
"5020560",378673,2026-05-04 23:09:09,28.7994155883789,-17.7197799682617,"Unknown"
"5020560",378673,2026-05-04 23:14:10,28.7995471954346,-17.720142364502,"Unknown"
"5020560",378673,2026-05-04 23:19:09,28.7996978759766,-17.7205142974854,"Unknown"
"5020560",378673,2026-05-04 23:24:09,28.799976348877,-17.7210693359375,"Unknown"
"5020560",378673,2026-05-04 23:29:10,28.8002223968506,-17.721700668335,"Unknown"
"5020560",378673,2026-05-04 23:34:11,28.8004817962646,-17.7219734191895,"Unknown"
"5020560",378673,2026-05-04 23:39:11,28.8006553649902,-17.7226123809814,"Unknown"
"5020560",378673,2026-05-04 23:44:08,28.8007183074951,-17.7231101989746,"Unknown"
"5020560",378673,2026-05-04 23:49:10,28.8007183074951,-17.7235908508301,"Unknown"
"5020560",378673,2026-05-04 23:54:09,28.800745010376,-17.725040435791,"Unknown"
"5020560",378673,2026-05-04 23:59:09,28.8006477355957,-17.7255992889404,"Unknown"
"5020560",378673,2026-05-05 00:00:09,28.8006401062012,-17.7256526947021,"Unknown"
"5020560",378673,2026-05-05 00:01:11,28.8006172180176,-17.7256851196289,"Unknown"
"5020560",378673,2026-05-05 00:02:09,28.8006343841553,-17.7257194519043,"Unknown"
"5020560",378673,2026-05-05 00:03:09,28.8006591796875,-17.7257823944092,"Unknown"
"5020560",378673,2026-05-05 00:04:10,28.8006896972656,-17.7258548736572,"Unknown"
"5020560",378673,2026-05-05 00:05:11,28.800708770752,-17.7258911132812,"Unknown"
"5020560",378673,2026-05-05 00:06:09,28.8007106781006,-17.7259521484375,"Unknown"
"5020560",378673,2026-05-05 00:07:09,28.8007335662842,-17.7259654998779,"Unknown"
"5020560",378673,2026-05-05 00:08:09,28.8007469177246,-17.7260398864746,"Unknown"
"5020560",378673,2026-05-05 00:09:09,28.8007907867432,-17.7260665893555,"Unknown"
"5020560",378673,2026-05-05 00:10:09,28.8008193969727,-17.7261257171631,"Unknown"
"5020560",378673,2026-05-05 00:11:08,28.8008003234863,-17.7261447906494,"Unknown"
"5020560",378673,2026-05-05 00:12:08,28.8008441925049,-17.7261962890625,"Unknown"
"5020560",378673,2026-05-05 00:13:08,28.8008460998535,-17.7261962890625,"Unknown"
"5020560",378673,2026-05-05 00:14:09,28.8008708953857,-17.7262344360352,"Unknown"
"5020560",378673,2026-05-05 00:15:08,28.8008861541748,-17.7262649536133,"Unknown"
"5020560",378673,2026-05-05 00:16:08,28.8008041381836,-17.7264232635498,"Unknown"
"5020560",378673,2026-05-05 00:17:11,28.8008270263672,-17.7266464233398,"Unknown"
"5020560",378673,2026-05-05 00:18:11,28.8008441925049,-17.7268295288086,"Unknown"
"5020560",378673,2026-05-05 00:19:11,28.8008136749268,-17.7269268035889,"Unknown"
"5020560",378673,2026-05-05 00:20:10,28.8007907867432,-17.7271671295166,"Unknown"
"5020560",378673,2026-05-05 00:21:11,28.8008422851562,-17.7272243499756,"Unknown"
"5020560",378673,2026-05-05 00:22:11,28.8008422851562,-17.7272624969482,"Unknown"
"5020560",378673,2026-05-05 00:23:10,28.8008613586426,-17.7273979187012,"Unknown"
"5020560",378673,2026-05-05 00:24:10,28.8009357452393,-17.7274723052979,"Unknown"
"5020560",378673,2026-05-05 00:25:10,28.800931930542,-17.7275390625,"Unknown"
"5020560",378673,2026-05-05 00:26:10,28.8010501861572,-17.7275695800781,"Unknown"
"5020560",378673,2026-05-05 00:27:09,28.8010425567627,-17.7276058197021,"Unknown"
"5020560",378673,2026-05-05 00:28:11,28.8011131286621,-17.7276077270508,"Unknown"
"5020560",378673,2026-05-05 00:29:11,28.8011169433594,-17.7279491424561,"Unknown"
"5020560",378673,2026-05-05 00:30:11,28.8011493682861,-17.7280826568604,"Unknown"
"5020560",378673,2026-05-05 00:31:09,28.8011245727539,-17.7282295227051,"Unknown"
"5020560",378673,2026-05-05 00:32:09,28.8011074066162,-17.7284259796143,"Unknown"
"5020560",378673,2026-05-05 00:33:09,28.801097869873,-17.728479385376,"Unknown"
"5020560",378673,2026-05-05 00:34:09,28.8011169433594,-17.7285804748535,"Unknown"
"5020560",378673,2026-05-05 00:35:11,28.801118850708,-17.72873878479,"Unknown"
"5020560",378673,2026-05-05 00:36:09,28.8011436462402,-17.7287216186523,"Unknown"
"5020560",378673,2026-05-05 00:37:10,28.8011798858643,-17.7287216186523,"Unknown"
"5020560",378673,2026-05-05 00:38:08,28.8011779785156,-17.7287559509277,"Unknown"
"5020560",378673,2026-05-05 00:39:08,28.8011951446533,-17.7288589477539,"Unknown"
"5020560",378673,2026-05-05 00:40:09,28.8012275695801,-17.7289924621582,"Unknown"
"5020560",378673,2026-05-05 00:41:09,28.8012619018555,-17.7290058135986,"Unknown"
"5020560",378673,2026-05-05 00:42:09,28.8012981414795,-17.7290191650391,"Unknown"
"5020560",378673,2026-05-05 00:43:10,28.8013401031494,-17.7290534973145,"Unknown"
"5020560",378673,2026-05-05 00:44:10,28.801399230957,-17.7290744781494,"Unknown"
"5020560",378673,2026-05-05 00:45:11,28.8014888763428,-17.7291526794434,"Unknown"
"5020560",378673,2026-05-05 00:46:12,28.801513671875,-17.7291984558105,"Unknown"
"5020560",378673,2026-05-05 00:47:12,28.8015670776367,-17.7292251586914,"Unknown"
"5020560",378673,2026-05-05 00:48:13,28.801643371582,-17.7292613983154,"Unknown"
"5020560",378673,2026-05-05 00:49:14,28.8016586303711,-17.7292995452881,"Unknown"
"5020560",378673,2026-05-05 00:50:14,28.8017082214355,-17.7293376922607,"Unknown"
"5020560",378673,2026-05-05 00:51:12,28.8018207550049,-17.7293453216553,"Unknown"
"5020560",378673,2026-05-05 00:52:13,28.8018531799316,-17.7293853759766,"Unknown"
"5020560",378673,2026-05-05 00:53:13,28.8019332885742,-17.7294178009033,"Unknown"
"5020560",378673,2026-05-05 00:54:13,28.8019504547119,-17.7294425964355,"Unknown"
"5020560",378673,2026-05-05 00:55:14,28.8020057678223,-17.7294483184814,"Unknown"
"5020560",378673,2026-05-05 00:56:13,28.802074432373,-17.7294483184814,"Unknown"
"5020560",378673,2026-05-05 00:57:13,28.8021202087402,-17.7294731140137,"Unknown"
"5020560",378673,2026-05-05 00:58:13,28.802173614502,-17.7294845581055,"Unknown"
"5020560",378673,2026-05-05 00:59:14,28.8022327423096,-17.7294788360596,"Unknown"
"5020560",378673,2026-05-05 01:00:14,28.8022842407227,-17.7295074462891,"Unknown"
"5020560",378673,2026-05-05 01:01:15,28.8023414611816,-17.7295207977295,"Unknown"
"5020560",378673,2026-05-05 01:02:13,28.8024101257324,-17.7295398712158,"Unknown"
"5020560",378673,2026-05-05 01:03:14,28.8024864196777,-17.7295436859131,"Unknown"
"5020560",378673,2026-05-05 01:04:13,28.802547454834,-17.7295703887939,"Unknown"
"5020560",378673,2026-05-05 01:05:16,28.8026351928711,-17.7296161651611,"Unknown"
"5020560",378673,2026-05-05 01:06:09,28.8026924133301,-17.729585647583,"Unknown"
"5020560",378673,2026-05-05 01:07:14,28.8027725219727,-17.7296829223633,"Unknown"
"5020560",378673,2026-05-05 01:08:14,28.8028144836426,-17.7296905517578,"Unknown"
"5020560",378673,2026-05-05 01:09:18,28.8029098510742,-17.7297115325928,"Unknown"
"5020560",378673,2026-05-05 01:10:13,28.8029251098633,-17.7297115325928,"Unknown"
"5020560",378673,2026-05-05 01:11:26,28.803035736084,-17.7297077178955,"Unknown"
"5020560",378673,2026-05-05 01:12:15,28.8030624389648,-17.7297687530518,"Unknown"
"5020560",378673,2026-05-05 01:13:33,28.8031578063965,-17.7298488616943,"Unknown"
"5020560",378673,2026-05-05 01:14:08,28.8031883239746,-17.7298336029053,"Unknown"
"5020560",378673,2026-05-05 01:15:09,28.8032894134521,-17.7297859191895,"Unknown"
"5020560",378673,2026-05-05 01:16:09,28.8033294677734,-17.7299900054932,"Unknown"
"5020560",378673,2026-05-05 01:17:09,28.8033180236816,-17.7300033569336,"Unknown"
"5020560",378673,2026-05-05 01:18:10,28.8033275604248,-17.7300186157227,"Unknown"
"5020560",378673,2026-05-05 01:19:09,28.8033199310303,-17.7300434112549,"Unknown"
"5020560",378673,2026-05-05 01:20:09,28.8033962249756,-17.7299633026123,"Unknown"
"5020560",378673,2026-05-05 01:21:11,28.8033142089844,-17.7301063537598,"Unknown"
"5020560",378673,2026-05-05 01:22:09,28.8033390045166,-17.7302360534668,"Unknown"
"5020560",378673,2026-05-05 01:23:09,28.803394317627,-17.7302665710449,"Unknown"
"5020560",378673,2026-05-05 01:24:09,28.8033142089844,-17.7305355072021,"Unknown"
"5020560",378673,2026-05-05 01:25:09,28.8033084869385,-17.7305469512939,"Unknown"
"5020560",378673,2026-05-05 01:26:09,28.8033504486084,-17.7304782867432,"Unknown"
"5020560",378673,2026-05-05 01:27:09,28.8033542633057,-17.730432510376,"Unknown"
"5020560",378673,2026-05-05 01:28:10,28.8033447265625,-17.7303981781006,"Unknown"
"5020560",378673,2026-05-05 01:29:09,28.8033924102783,-17.7303085327148,"Unknown"
"5020560",378673,2026-05-05 01:30:09,28.803409576416,-17.7302360534668,"Unknown"
"5020560",378673,2026-05-05 01:31:10,28.8033809661865,-17.7302112579346,"Unknown"
"5020560",378673,2026-05-05 01:32:11,28.8034019470215,-17.7301864624023,"Unknown"
"5020560",378673,2026-05-05 01:33:09,28.8034210205078,-17.7301406860352,"Unknown"
"5020560",378673,2026-05-05 01:34:09,28.8034610748291,-17.7301120758057,"Unknown"
"5020560",378673,2026-05-05 01:35:09,28.8034858703613,-17.7300796508789,"Unknown"
"5020560",378673,2026-05-05 01:36:09,28.8035087585449,-17.7300548553467,"Unknown"
"5020560",378673,2026-05-05 01:37:10,28.8035659790039,-17.7300071716309,"Unknown"
"5020560",378673,2026-05-05 01:38:09,28.8035545349121,-17.7299709320068,"Unknown"
"5020560",378673,2026-05-05 01:39:09,28.8035774230957,-17.7299251556396,"Unknown"
"5020560",378673,2026-05-05 01:40:10,28.8035831451416,-17.7298889160156,"Unknown"
"5020560",378673,2026-05-05 01:41:09,28.8036308288574,-17.7298698425293,"Unknown"
"5020560",378673,2026-05-05 01:42:09,28.8037052154541,-17.7298641204834,"Unknown"
"5020560",378673,2026-05-05 01:43:11,28.8037204742432,-17.729829788208,"Unknown"
"5020560",378673,2026-05-05 01:44:12,28.8037071228027,-17.7298526763916,"Unknown"
"5020560",378673,2026-05-05 01:45:12,28.8037109375,-17.7298545837402,"Unknown"
"5020560",378673,2026-05-05 01:46:09,28.8037853240967,-17.7298965454102,"Unknown"
"5020560",378673,2026-05-05 01:47:10,28.8038215637207,-17.7298889160156,"Unknown"
"5020560",378673,2026-05-05 01:48:09,28.803861618042,-17.7298889160156,"Unknown"
"5020560",378673,2026-05-05 01:49:09,28.8038787841797,-17.729850769043,"Unknown"
"5020560",378673,2026-05-05 01:50:09,28.8038997650146,-17.7298316955566,"Unknown"
"5020560",378673,2026-05-05 01:51:09,28.80393409729,-17.7298049926758,"Unknown"
"5020560",378673,2026-05-05 01:52:09,28.80397605896,-17.7297878265381,"Unknown"
"5020560",378673,2026-05-05 01:53:09,28.804069519043,-17.7297420501709,"Unknown"
"5020560",378673,2026-05-05 01:54:09,28.8041572570801,-17.7297096252441,"Unknown"
"5020560",378673,2026-05-05 01:55:09,28.8041877746582,-17.729679107666,"Unknown"
"5020560",378673,2026-05-05 01:56:09,28.8042392730713,-17.7296562194824,"Unknown"
"5020560",378673,2026-05-05 01:57:09,28.8042659759521,-17.7296485900879,"Unknown"
"5020560",378673,2026-05-05 01:58:09,28.8043174743652,-17.7296562194824,"Unknown"
"5020560",378673,2026-05-05 01:59:08,28.8043804168701,-17.7296390533447,"Unknown"
"5020560",378673,2026-05-05 02:00:09,28.8044109344482,-17.7295894622803,"Unknown"
"5020560",378673,2026-05-05 02:01:09,28.8044528961182,-17.7295894622803,"Unknown"
"5020560",378673,2026-05-05 02:02:09,28.8044815063477,-17.7295932769775,"Unknown"
"5020560",378673,2026-05-05 02:03:11,28.8045330047607,-17.7295894622803,"Unknown"
"5020560",378673,2026-05-05 02:04:09,28.8045692443848,-17.7295989990234,"Unknown"
"5020560",378673,2026-05-05 02:05:10,28.8046455383301,-17.7295875549316,"Unknown"
"5020560",378673,2026-05-05 02:06:09,28.8046836853027,-17.7295722961426,"Unknown"
"5020560",378673,2026-05-05 02:07:09,28.8047294616699,-17.7295360565186,"Unknown"
"5020560",378673,2026-05-05 02:08:09,28.8047695159912,-17.7295207977295,"Unknown"
"5020560",378673,2026-05-05 02:09:09,28.8048324584961,-17.7294921875,"Unknown"
"5020560",378673,2026-05-05 02:10:09,28.8048343658447,-17.7294330596924,"Unknown"
"5020560",378673,2026-05-05 02:11:08,28.804817199707,-17.7293643951416,"Unknown"
"5020560",378673,2026-05-05 02:12:09,28.8048305511475,-17.7293758392334,"Unknown"
"5020560",378673,2026-05-05 02:13:10,28.8048858642578,-17.7293224334717,"Unknown"
"5020560",378673,2026-05-05 02:14:10,28.8049716949463,-17.7293663024902,"Unknown"
"5020560",378673,2026-05-05 02:15:09,28.8050918579102,-17.7294178009033,"Unknown"
"5020560",378673,2026-05-05 02:16:10,28.8052062988281,-17.7294235229492,"Unknown"
"5020560",378673,2026-05-05 02:17:10,28.8052730560303,-17.7294025421143,"Unknown"
"5020560",378673,2026-05-05 02:18:10,28.8053283691406,-17.7293663024902,"Unknown"
"5020560",378673,2026-05-05 02:19:09,28.8054218292236,-17.7293682098389,"Unknown"
"5020560",378673,2026-05-05 02:20:09,28.8054828643799,-17.7293300628662,"Unknown"
"5020560",378673,2026-05-05 02:21:10,28.8055477142334,-17.7293300628662,"Unknown"
"5020560",378673,2026-05-05 02:22:10,28.8055648803711,-17.7292652130127,"Unknown"
"5020560",378673,2026-05-05 02:23:09,28.8055820465088,-17.7292442321777,"Unknown"
"5020560",378673,2026-05-05 02:24:09,28.8056201934814,-17.7292213439941,"Unknown"
"5020560",378673,2026-05-05 02:25:09,28.8056392669678,-17.7291564941406,"Unknown"
"5020560",378673,2026-05-05 02:26:10,28.8057174682617,-17.7291450500488,"Unknown"
"5020560",378673,2026-05-05 02:27:09,28.8057880401611,-17.729133605957,"Unknown"
"5020560",378673,2026-05-05 02:28:10,28.8058776855469,-17.7290668487549,"Unknown"
"5020560",378673,2026-05-05 02:29:11,28.8059711456299,-17.7289161682129,"Unknown"
"5020560",378673,2026-05-05 02:30:10,28.8060607910156,-17.7287578582764,"Unknown"
"5020560",378673,2026-05-05 02:31:15,28.8061599731445,-17.7286052703857,"Unknown"
"5020560",378673,2026-05-05 02:32:12,28.8062438964844,-17.7284069061279,"Unknown"
"5020560",378673,2026-05-05 02:33:10,28.8063182830811,-17.7282447814941,"Unknown"
"5020560",378673,2026-05-05 02:34:09,28.8063507080078,-17.7282009124756,"Unknown"
"5020560",378673,2026-05-05 02:35:11,28.8063888549805,-17.7281513214111,"Unknown"
"5020560",378673,2026-05-05 02:36:08,28.8063697814941,-17.7281494140625,"Unknown"
"5020560",378673,2026-05-05 02:37:10,28.8063316345215,-17.7281818389893,"Unknown"
"5020560",378673,2026-05-05 02:38:09,28.8062705993652,-17.7281951904297,"Unknown"
"5020560",378673,2026-05-05 02:39:09,28.8062152862549,-17.7282066345215,"Unknown"
"5020560",378673,2026-05-05 02:40:10,28.8062171936035,-17.7281379699707,"Unknown"
"5020560",378673,2026-05-05 02:41:09,28.8062038421631,-17.728099822998,"Unknown"
"5020560",378673,2026-05-05 02:42:10,28.8062591552734,-17.7280807495117,"Unknown"
"5020560",378673,2026-05-05 02:43:09,28.8062400817871,-17.7280120849609,"Unknown"
"5020560",378673,2026-05-05 02:44:09,28.8062725067139,-17.7279739379883,"Unknown"
"5020560",378673,2026-05-05 02:45:09,28.8062953948975,-17.7279148101807,"Unknown"
"5020560",378673,2026-05-05 02:46:09,28.8062992095947,-17.7278652191162,"Unknown"
"5020560",378673,2026-05-05 02:47:09,28.8062572479248,-17.7277984619141,"Unknown"
"5020560",378673,2026-05-05 02:48:13,28.8063011169434,-17.7276229858398,"Unknown"
"5020560",378673,2026-05-05 02:49:09,28.8062896728516,-17.7274703979492,"Unknown"
"5020560",378673,2026-05-05 02:50:09,28.806339263916,-17.7273616790771,"Unknown"
"5020560",378673,2026-05-05 02:51:11,28.8063430786133,-17.7271766662598,"Unknown"
"5020560",378673,2026-05-05 02:52:09,28.806360244751,-17.7270488739014,"Unknown"
"5020560",378673,2026-05-05 02:53:09,28.8063735961914,-17.7270202636719,"Unknown"
"5020560",378673,2026-05-05 02:54:11,28.80637550354,-17.7269592285156,"Unknown"
"5020560",378673,2026-05-05 02:55:10,28.8064060211182,-17.7269287109375,"Unknown"
"5020560",378673,2026-05-05 02:57:03,28.8064937591553,-17.7268562316895,"Unknown"
"5020560",378673,2026-05-05 02:57:08,28.8064956665039,-17.7268447875977,"Unknown"
"5020560",378673,2026-05-05 02:58:08,28.806510925293,-17.7268009185791,"Unknown"
"5020560",378673,2026-05-05 02:59:08,28.8065280914307,-17.7267627716064,"Unknown"
"5020560",378673,2026-05-05 03:00:08,28.8065433502197,-17.7267189025879,"Unknown"
"5020560",378673,2026-05-05 03:01:09,28.8065624237061,-17.7266235351562,"Unknown"
"5020560",378673,2026-05-05 03:02:09,28.806583404541,-17.7266006469727,"Unknown"
"5020560",378673,2026-05-05 03:03:09,28.8066024780273,-17.7265281677246,"Unknown"
"5020560",378673,2026-05-05 03:04:08,28.8066444396973,-17.7264652252197,"Unknown"
"5020560",378673,2026-05-05 03:05:09,28.8066883087158,-17.7264080047607,"Unknown"
"5020560",378673,2026-05-05 03:06:08,28.8067302703857,-17.7263526916504,"Unknown"
"5020560",378673,2026-05-05 03:07:08,28.8067474365234,-17.7262687683105,"Unknown"
"5020560",378673,2026-05-05 03:08:08,28.8068180084229,-17.7262172698975,"Unknown"
"5020560",378673,2026-05-05 03:09:09,28.8069000244141,-17.7261295318604,"Unknown"
"5020560",378673,2026-05-05 03:10:08,28.8069763183594,-17.7260551452637,"Unknown"
"5020560",378673,2026-05-05 03:11:08,28.8070678710938,-17.7260131835938,"Unknown"
"5020560",378673,2026-05-05 03:12:09,28.8071537017822,-17.7259483337402,"Unknown"
"5020560",378673,2026-05-05 03:13:08,28.8072395324707,-17.7258739471436,"Unknown"
"5020560",378673,2026-05-05 03:14:08,28.8073482513428,-17.7258129119873,"Unknown"
"5020560",378673,2026-05-05 03:15:08,28.8074245452881,-17.725736618042,"Unknown"
"5020560",378673,2026-05-05 03:16:08,28.8075084686279,-17.7256469726562,"Unknown"
"5020560",378673,2026-05-05 03:17:08,28.8075790405273,-17.7255439758301,"Unknown"
"5020560",378673,2026-05-05 03:18:08,28.8076686859131,-17.7254543304443,"Unknown"
"5020560",378673,2026-05-05 03:19:08,28.8077411651611,-17.7253894805908,"Unknown"
"5020560",378673,2026-05-05 03:20:08,28.8078422546387,-17.7253379821777,"Unknown"
"5020560",378673,2026-05-05 03:21:08,28.8079204559326,-17.7252578735352,"Unknown"
"5020560",378673,2026-05-05 03:22:08,28.8080158233643,-17.7251892089844,"Unknown"
"5020560",378673,2026-05-05 03:23:08,28.8081169128418,-17.7251052856445,"Unknown"
"5020560",378673,2026-05-05 03:24:08,28.8082256317139,-17.725040435791,"Unknown"
"5020560",378673,2026-05-05 03:25:08,28.8083095550537,-17.724946975708,"Unknown"
"5020560",378673,2026-05-05 03:26:08,28.8084297180176,-17.7248725891113,"Unknown"
"5020560",378673,2026-05-05 03:31:08,28.8089580535889,-17.7245616912842,"Unknown"
"5020560",378673,2026-05-05 03:36:09,28.8095016479492,-17.7242736816406,"Unknown"
"5020560",378673,2026-05-05 03:41:09,28.8100452423096,-17.7239685058594,"Unknown"
"5020560",378673,2026-05-05 03:46:09,28.8106632232666,-17.7234802246094,"Unknown"
"5020560",378673,2026-05-05 03:51:09,28.8112697601318,-17.7231826782227,"Unknown"
"5020560",378673,2026-05-05 03:56:09,28.8117504119873,-17.7229804992676,"Unknown"
"5020560",378673,2026-05-05 04:01:09,28.812313079834,-17.7228050231934,"Unknown"
"5020560",378673,2026-05-05 04:06:10,28.8128757476807,-17.7226829528809,"Unknown"
"5020560",378673,2026-05-05 04:11:09,28.8133735656738,-17.7224674224854,"Unknown"
"5020560",378673,2026-05-05 04:16:09,28.8138084411621,-17.7221355438232,"Unknown"
"5020560",378673,2026-05-05 04:21:09,28.8142261505127,-17.7219772338867,"Unknown"
"5020560",378673,2026-05-05 04:26:09,28.8145942687988,-17.721736907959,"Unknown"
"5020560",378673,2026-05-05 04:31:09,28.8149032592773,-17.7215309143066,"Unknown"
"5020560",378673,2026-05-05 04:36:09,28.8151569366455,-17.7213973999023,"Unknown"
"5020560",378673,2026-05-05 04:41:11,28.8154582977295,-17.7211093902588,"Unknown"
"5020560",378673,2026-05-05 04:46:09,28.8156719207764,-17.7208385467529,"Unknown"
"5020560",378673,2026-05-05 04:51:09,28.8158702850342,-17.7205390930176,"Unknown"
"5020560",378673,2026-05-05 04:56:09,28.8159465789795,-17.7203330993652,"Unknown"
"5020560",378673,2026-05-05 05:01:33,28.8161277770996,-17.7199954986572,"Unknown"
"5020560",378673,2026-05-05 05:06:14,28.8162364959717,-17.7197780609131,"Unknown"
"5020560",378673,2026-05-05 05:11:23,28.8163146972656,-17.7194652557373,"Unknown"
"5020560",378673,2026-05-05 05:16:33,28.816442489624,-17.7190761566162,"Unknown"
"5020560",378673,2026-05-05 05:21:11,28.8165473937988,-17.7188243865967,"Unknown"
"5020560",378673,2026-05-05 05:26:09,28.8166599273682,-17.7186279296875,"Unknown"
"5020560",378673,2026-05-05 05:31:12,28.8167304992676,-17.7183036804199,"Unknown"
"5020560",378673,2026-05-05 05:36:09,28.816722869873,-17.7180061340332,"Unknown"
"5020560",378673,2026-05-05 05:41:09,28.8168544769287,-17.7175559997559,"Unknown"
"5020560",378673,2026-05-05 05:46:11,28.816873550415,-17.717170715332,"Unknown"
"5020560",378673,2026-05-05 05:51:09,28.8168315887451,-17.7168731689453,"Unknown"
"5020560",378673,2026-05-05 05:56:10,28.8169059753418,-17.7164878845215,"Unknown"
"5020560",378673,2026-05-05 06:01:09,28.8168849945068,-17.7160758972168,"Unknown"
"5020560",378673,2026-05-05 06:06:10,28.8170680999756,-17.7156200408936,"Unknown"
"5020560",378673,2026-05-05 06:11:10,28.8176174163818,-17.7147178649902,"Unknown"
"5020560",378673,2026-05-05 06:16:08,28.8178558349609,-17.7143096923828,"Unknown"
"5020560",378673,2026-05-05 06:21:09,28.8178157806396,-17.7136554718018,"Unknown"
"5020560",378673,2026-05-05 06:26:09,28.817834854126,-17.7130088806152,"Unknown"
"5020560",378673,2026-05-05 06:31:11,28.8180618286133,-17.7124042510986,"Unknown"
"5020560",378673,2026-05-05 06:36:11,28.8180866241455,-17.712158203125,"Unknown"
"5020560",378673,2026-05-05 06:41:11,28.8181438446045,-17.7118988037109,"Unknown"
"5020560",378673,2026-05-05 06:46:12,28.8181381225586,-17.7116985321045,"Unknown"
"5020560",378673,2026-05-05 06:51:11,28.8181457519531,-17.7115364074707,"Unknown"
"5020560",378673,2026-05-05 06:56:11,28.8181247711182,-17.7113513946533,"Unknown"
"5020560",378673,2026-05-05 07:01:12,28.8180541992188,-17.7111339569092,"Unknown"
"5020560",378673,2026-05-05 07:06:12,28.8179931640625,-17.7109069824219,"Unknown"
"5020560",378673,2026-05-05 07:11:12,28.8180313110352,-17.7106895446777,"Unknown"
"5020560",378673,2026-05-05 07:16:11,28.8180503845215,-17.7106037139893,"Unknown"
"5020560",378673,2026-05-05 07:21:16,28.818172454834,-17.710578918457,"Unknown"
"5020560",378673,2026-05-05 07:26:14,28.818452835083,-17.7103652954102,"Unknown"
"5020560",378673,2026-05-05 07:31:17,28.8184833526611,-17.7102584838867,"Unknown"
"5020560",378673,2026-05-05 07:36:47,28.8184642791748,-17.709888458252,"Unknown"
"5020560",378673,2026-05-05 07:41:07,28.8184223175049,-17.7097816467285,"Unknown"
"5020560",378673,2026-05-05 07:46:07,28.8183879852295,-17.7096157073975,"Unknown"
"5020560",378673,2026-05-05 07:51:09,28.8183498382568,-17.7094230651855,"Unknown"
"5020560",378673,2026-05-05 07:56:07,28.818323135376,-17.7090930938721,"Unknown"
"5020560",378673,2026-05-05 08:01:08,28.8182716369629,-17.7091579437256,"Unknown"
"5020560",378673,2026-05-05 08:06:08,28.8182239532471,-17.7092189788818,"Unknown"
"5020560",378673,2026-05-05 08:11:15,28.8181705474854,-17.7092781066895,"Unknown"
"5020560",378673,2026-05-05 08:16:12,28.8181495666504,-17.7093276977539,"Unknown"
"5020560",378673,2026-05-05 08:21:09,28.8179512023926,-17.7093906402588,"Unknown"
"5020560",378673,2026-05-05 08:26:13,28.8177585601807,-17.7094802856445,"Unknown"
"5020560",378673,2026-05-05 08:31:12,28.8175582885742,-17.7095355987549,"Unknown"
"5020560",378673,2026-05-05 08:36:11,28.8173999786377,-17.7095336914062,"Unknown"
"5020560",378673,2026-05-05 08:41:10,28.8172473907471,-17.7096405029297,"Unknown"
"5020560",378673,2026-05-05 08:46:11,28.8170700073242,-17.7098083496094,"Unknown"
"5020560",378673,2026-05-05 08:51:33,28.8168964385986,-17.7100505828857,"Unknown"
"5020560",378673,2026-05-05 08:56:09,28.8167362213135,-17.710241317749,"Unknown"
"5020560",378673,2026-05-05 09:01:09,28.8165550231934,-17.7104015350342,"Unknown"
"5020560",378673,2026-05-05 09:06:09,28.8164157867432,-17.7106285095215,"Unknown"
"5020560",378673,2026-05-05 09:11:09,28.8163223266602,-17.7108306884766,"Unknown"
"5020560",378673,2026-05-05 09:16:10,28.816255569458,-17.7110958099365,"Unknown"
"5020560",378673,2026-05-05 09:21:10,28.8161354064941,-17.7113456726074,"Unknown"
"5020560",378673,2026-05-05 09:26:09,28.8160648345947,-17.7116355895996,"Unknown"
"5020560",378673,2026-05-05 09:31:11,28.8159770965576,-17.7119159698486,"Unknown"
"5020560",378673,2026-05-05 09:36:11,28.8160209655762,-17.7121887207031,"Unknown"
"5020560",378673,2026-05-05 09:41:11,28.8159980773926,-17.7124061584473,"Unknown"
"5020560",378673,2026-05-05 09:46:10,28.8160591125488,-17.7126941680908,"Unknown"
"5020560",378673,2026-05-05 09:51:08,28.8160572052002,-17.7129402160645,"Unknown"
"5020560",378673,2026-05-05 09:56:09,28.8159828186035,-17.7132530212402,"Unknown"
"5020560",378673,2026-05-05 10:01:12,28.8159198760986,-17.713623046875,"Unknown"
"5020560",378673,2026-05-05 10:06:12,28.8158683776855,-17.714017868042,"Unknown"
"5020560",378673,2026-05-05 10:11:33,28.815824508667,-17.7145519256592,"Unknown"
"5020560",378673,2026-05-05 10:16:09,28.8157539367676,-17.7148590087891,"Unknown"
"5020560",378673,2026-05-05 10:21:09,28.8156833648682,-17.7153072357178,"Unknown"
"5020560",378673,2026-05-05 10:26:11,28.8155612945557,-17.7157649993896,"Unknown"
"5020560",378673,2026-05-05 10:31:10,28.8155002593994,-17.7162609100342,"Unknown"
"5020560",378673,2026-05-05 10:36:09,28.8154678344727,-17.7165832519531,"Unknown"
"5020560",378673,2026-05-05 10:41:10,28.8154716491699,-17.7168674468994,"Unknown"
"5020560",378673,2026-05-05 10:46:11,28.8155193328857,-17.7172794342041,"Unknown"
"5020560",378673,2026-05-05 10:51:09,28.8155841827393,-17.7176876068115,"Unknown"
"5020560",378673,2026-05-05 10:56:10,28.8156452178955,-17.7181262969971,"Unknown"
"5020560",378673,2026-05-05 11:01:09,28.8158187866211,-17.7185249328613,"Unknown"
"5020560",378673,2026-05-05 11:06:11,28.8159503936768,-17.7187824249268,"Unknown"
"5020560",378673,2026-05-05 11:11:09,28.8160934448242,-17.7191715240479,"Unknown"
"5020560",378673,2026-05-05 11:16:13,28.816234588623,-17.7197113037109,"Unknown"
"5020560",378673,2026-05-05 11:21:12,28.8164901733398,-17.7201251983643,"Unknown"
"5020560",378673,2026-05-05 11:26:11,28.8166675567627,-17.7205657958984,"Unknown"
"5020560",378673,2026-05-05 11:31:11,28.8168621063232,-17.7210884094238,"Unknown"
"5020560",378673,2026-05-05 11:36:11,28.8171501159668,-17.7214622497559,"Unknown"
"5020560",378673,2026-05-05 11:41:14,28.8174571990967,-17.7219390869141,"Unknown"
"5020560",378673,2026-05-05 11:46:11,28.8177375793457,-17.72243309021,"Unknown"
"5020560",378673,2026-05-05 11:51:12,28.8180770874023,-17.7229137420654,"Unknown"
"5020560",378673,2026-05-05 11:56:12,28.8184680938721,-17.7233409881592,"Unknown"
"5020560",378673,2026-05-05 12:01:14,28.8188800811768,-17.7238922119141,"Unknown"
"5020560",378673,2026-05-05 12:06:11,28.8192596435547,-17.7244529724121,"Unknown"
"5020560",378673,2026-05-05 12:11:11,28.8196678161621,-17.7250537872314,"Unknown"
"5020560",378673,2026-05-05 12:16:09,28.8200950622559,-17.7256507873535,"Unknown"
"5020560",378673,2026-05-05 12:17:10,28.8201637268066,-17.7257671356201,"Unknown"
"5020560",378673,2026-05-05 12:18:09,28.8202781677246,-17.7258911132812,"Unknown"
"5020560",378673,2026-05-05 12:19:11,28.8203811645508,-17.7259902954102,"Unknown"
"5020560",378673,2026-05-05 12:20:10,28.8204689025879,-17.7261829376221,"Unknown"
"5020560",378673,2026-05-05 12:21:09,28.8205699920654,-17.7262935638428,"Unknown"
"5020560",378673,2026-05-05 12:22:09,28.8206920623779,-17.7263927459717,"Unknown"
"5020560",378673,2026-05-05 12:23:10,28.8208026885986,-17.7264995574951,"Unknown"
"5020560",378673,2026-05-05 12:24:10,28.8209037780762,-17.7266330718994,"Unknown"
"5020560",378673,2026-05-05 12:25:10,28.8210201263428,-17.7266998291016,"Unknown"
"5020560",378673,2026-05-05 12:26:10,28.821081161499,-17.7268161773682,"Unknown"
"5020560",378673,2026-05-05 12:27:09,28.8212223052979,-17.7269096374512,"Unknown"
"5020560",378673,2026-05-05 12:28:11,28.8212833404541,-17.7270545959473,"Unknown"
"5020560",378673,2026-05-05 12:29:11,28.821382522583,-17.7271766662598,"Unknown"
"5020560",378673,2026-05-05 12:30:10,28.8214511871338,-17.7272758483887,"Unknown"
"5020560",378673,2026-05-05 12:31:09,28.8215389251709,-17.727409362793,"Unknown"
"5020560",378673,2026-05-05 12:32:10,28.8216972351074,-17.727466583252,"Unknown"
"5020560",378673,2026-05-05 12:33:12,28.8217811584473,-17.7275505065918,"Unknown"
"5020560",378673,2026-05-05 12:34:10,28.8218765258789,-17.7276191711426,"Unknown"
"5020560",378673,2026-05-05 12:35:11,28.8219757080078,-17.7277126312256,"Unknown"
"5020560",378673,2026-05-05 12:36:14,28.822021484375,-17.7278652191162,"Unknown"
"5020560",378673,2026-05-05 12:37:11,28.8222045898438,-17.7279224395752,"Unknown"
"5020560",378673,2026-05-05 12:38:13,28.8222732543945,-17.7280006408691,"Unknown"
"5020560",378673,2026-05-05 12:39:12,28.8223628997803,-17.7281455993652,"Unknown"
"5020560",378673,2026-05-05 12:40:09,28.8224754333496,-17.7282848358154,"Unknown"
"5020560",378673,2026-05-05 12:41:10,28.8226146697998,-17.7283840179443,"Unknown"
"5020560",378673,2026-05-05 12:42:09,28.8227138519287,-17.7284107208252,"Unknown"
"5020560",378673,2026-05-05 12:43:10,28.8228015899658,-17.7285404205322,"Unknown"
"5020560",378673,2026-05-05 12:44:31,28.8230457305908,-17.7286434173584,"Unknown"
"5020560",378673,2026-05-05 12:45:09,28.8230895996094,-17.7287464141846,"Unknown"
"5020560",378673,2026-05-05 12:46:09,28.8232116699219,-17.7288589477539,"Unknown"
"5020560",378673,2026-05-05 12:47:09,28.8233203887939,-17.7289867401123,"Unknown"
"5020560",378673,2026-05-05 12:48:08,28.8234539031982,-17.7290344238281,"Unknown"
"5020560",378673,2026-05-05 12:49:09,28.8235530853271,-17.7291126251221,"Unknown"
"5020560",378673,2026-05-05 12:50:11,28.8236618041992,-17.7292556762695,"Unknown"
"5020560",378673,2026-05-05 12:51:10,28.8237533569336,-17.7293663024902,"Unknown"
"5020560",378673,2026-05-05 12:52:10,28.8238544464111,-17.7294883728027,"Unknown"
"5020560",378673,2026-05-05 12:53:11,28.8239669799805,-17.7295932769775,"Unknown"
"5020560",378673,2026-05-05 12:54:09,28.824068069458,-17.7297134399414,"Unknown"
"5020560",378673,2026-05-05 12:55:09,28.8241939544678,-17.7298030853271,"Unknown"
"5020560",378673,2026-05-05 12:56:11,28.8243198394775,-17.7299003601074,"Unknown"
"5020560",378673,2026-05-05 12:57:09,28.8244247436523,-17.7300148010254,"Unknown"
"5020560",378673,2026-05-05 12:58:09,28.8245315551758,-17.7300987243652,"Unknown"
"5020560",378673,2026-05-05 12:59:09,28.8246517181396,-17.7302074432373,"Unknown"
"5020560",378673,2026-05-05 13:00:09,28.8247756958008,-17.7303123474121,"Unknown"
"5020560",378673,2026-05-05 13:01:09,28.8249053955078,-17.7304286956787,"Unknown"
"5020560",378673,2026-05-05 13:02:10,28.8249988555908,-17.7304878234863,"Unknown"
"5020560",378673,2026-05-05 13:03:11,28.8251209259033,-17.7306232452393,"Unknown"
"5020560",378673,2026-05-05 13:04:12,28.8252029418945,-17.7307224273682,"Unknown"
"5020560",378673,2026-05-05 13:05:11,28.8252925872803,-17.7308082580566,"Unknown"
"5020560",378673,2026-05-05 13:06:09,28.825366973877,-17.7309455871582,"Unknown"
"5020560",378673,2026-05-05 13:07:10,28.825475692749,-17.7310237884521,"Unknown"
"5020560",378673,2026-05-05 13:08:11,28.825569152832,-17.7311496734619,"Unknown"
"5020560",378673,2026-05-05 13:09:09,28.8256435394287,-17.7312431335449,"Unknown"
"5020560",378673,2026-05-05 13:10:09,28.8257446289062,-17.7313556671143,"Unknown"
"5020560",378673,2026-05-05 13:11:11,28.8258323669434,-17.7314453125,"Unknown"
"5020560",378673,2026-05-05 13:12:09,28.8259372711182,-17.7315349578857,"Unknown"
"5020560",378673,2026-05-05 13:13:09,28.8260440826416,-17.731575012207,"Unknown"
"5020560",378673,2026-05-05 13:14:09,28.8261394500732,-17.7316455841064,"Unknown"
"5020560",378673,2026-05-05 13:15:09,28.8262329101562,-17.7317390441895,"Unknown"
"5020560",378673,2026-05-05 13:16:09,28.8263378143311,-17.731819152832,"Unknown"
"5020560",378673,2026-05-05 13:17:09,28.8264312744141,-17.7319316864014,"Unknown"
"5020560",378673,2026-05-05 13:18:09,28.8265056610107,-17.7320251464844,"Unknown"
"5020560",378673,2026-05-05 13:19:09,28.8265857696533,-17.7320804595947,"Unknown"
"5020560",378673,2026-05-05 13:20:09,28.826696395874,-17.7321853637695,"Unknown"
"5020560",378673,2026-05-05 13:21:09,28.8268013000488,-17.7322807312012,"Unknown"
"5020560",378673,2026-05-05 13:22:09,28.8268814086914,-17.7323741912842,"Unknown"
"5020560",378673,2026-05-05 13:23:11,28.8269710540771,-17.7324600219727,"Unknown"
"5020560",378673,2026-05-05 13:24:09,28.8270473480225,-17.7325744628906,"Unknown"
"5020560",378673,2026-05-05 13:25:09,28.8271331787109,-17.7326679229736,"Unknown"
"5020560",378673,2026-05-05 13:26:09,28.8272037506104,-17.7327575683594,"Unknown"
"5020560",378673,2026-05-05 13:27:09,28.8272819519043,-17.7328815460205,"Unknown"
"5020560",378673,2026-05-05 13:28:10,28.8273868560791,-17.7329635620117,"Unknown"
"5020560",378673,2026-05-05 13:29:09,28.8274478912354,-17.7330722808838,"Unknown"
"5020560",378673,2026-05-05 13:30:09,28.8275165557861,-17.7331733703613,"Unknown"
"5020560",378673,2026-05-05 13:31:09,28.8275985717773,-17.7332801818848,"Unknown"
"5020560",378673,2026-05-05 13:32:09,28.8276767730713,-17.7333755493164,"Unknown"
"5020560",378673,2026-05-05 13:33:10,28.8277320861816,-17.7334499359131,"Unknown"
"5020560",378673,2026-05-05 13:34:09,28.827823638916,-17.7335624694824,"Unknown"
"5020560",378673,2026-05-05 13:35:09,28.8278751373291,-17.7336444854736,"Unknown"
"5020560",378673,2026-05-05 13:36:09,28.827974319458,-17.733736038208,"Unknown"
"5020560",378673,2026-05-05 13:37:10,28.8280410766602,-17.7338466644287,"Unknown"
"5020560",378673,2026-05-05 13:38:09,28.828088760376,-17.7339363098145,"Unknown"
"5020560",378673,2026-05-05 13:39:09,28.8281631469727,-17.7340316772461,"Unknown"
"5020560",378673,2026-05-05 13:40:09,28.8282260894775,-17.7341156005859,"Unknown"
"5020560",378673,2026-05-05 13:41:09,28.828296661377,-17.7341995239258,"Unknown"
"5020560",378673,2026-05-05 13:42:09,28.8283386230469,-17.7342910766602,"Unknown"
"5020560",378673,2026-05-05 13:43:10,28.8284015655518,-17.7343711853027,"Unknown"
"5020560",378673,2026-05-05 13:44:09,28.8284454345703,-17.7344856262207,"Unknown"
"5020560",378673,2026-05-05 13:45:09,28.8285503387451,-17.7345237731934,"Unknown"
"5020560",378673,2026-05-05 13:46:10,28.8286170959473,-17.7345848083496,"Unknown"
"5020560",378673,2026-05-05 13:47:09,28.8287162780762,-17.7346534729004,"Unknown"
"5020560",378673,2026-05-05 13:48:09,28.8287811279297,-17.7347373962402,"Unknown"
"5020560",378673,2026-05-05 13:49:09,28.8288516998291,-17.7348308563232,"Unknown"
"5020560",378673,2026-05-05 13:50:09,28.82887840271,-17.734899520874,"Unknown"
"5020560",378673,2026-05-05 13:51:09,28.8289375305176,-17.734977722168,"Unknown"
"5020560",378673,2026-05-05 13:52:09,28.8290252685547,-17.7349758148193,"Unknown"
"5020560",378673,2026-05-05 13:53:09,28.8290729522705,-17.7350826263428,"Unknown"
"5020560",378673,2026-05-05 13:54:09,28.8291358947754,-17.7351531982422,"Unknown"
"5020560",378673,2026-05-05 13:55:09,28.8291797637939,-17.7352256774902,"Unknown"
"5020560",378673,2026-05-05 13:56:09,28.8292350769043,-17.7353115081787,"Unknown"
"5020560",378673,2026-05-05 13:57:09,28.8292751312256,-17.7353992462158,"Unknown"
"5020560",378673,2026-05-05 13:58:09,28.8292961120605,-17.7354602813721,"Unknown"
"5020560",378673,2026-05-05 13:59:09,28.8293590545654,-17.7355461120605,"Unknown"
"5020560",378673,2026-05-05 14:00:09,28.8294162750244,-17.73561668396,"Unknown"
"5020560",378673,2026-05-05 14:01:09,28.8294563293457,-17.7356986999512,"Unknown"
"5020560",378673,2026-05-05 14:02:09,28.8294982910156,-17.7358074188232,"Unknown"
"5020560",378673,2026-05-05 14:03:09,28.8295841217041,-17.7359046936035,"Unknown"
"5020560",378673,2026-05-05 14:04:09,28.829662322998,-17.7359638214111,"Unknown"
"5020560",378673,2026-05-05 14:05:09,28.8297290802002,-17.7360343933105,"Unknown"
"5020560",378673,2026-05-05 14:06:09,28.8297710418701,-17.736141204834,"Unknown"
"5020560",378673,2026-05-05 14:07:09,28.8298473358154,-17.7362060546875,"Unknown"
"5020560",378673,2026-05-05 14:08:09,28.8299007415771,-17.7362899780273,"Unknown"
"5020560",378673,2026-05-05 14:09:09,28.829948425293,-17.7363796234131,"Unknown"
"5020560",378673,2026-05-05 14:10:11,28.8300266265869,-17.7364749908447,"Unknown"
"5020560",378673,2026-05-05 14:11:09,28.8300876617432,-17.7365188598633,"Unknown"
"5020560",378673,2026-05-05 14:12:09,28.8301486968994,-17.7366237640381,"Unknown"
"5020560",378673,2026-05-05 14:13:09,28.8302383422852,-17.7366981506348,"Unknown"
"5020560",378673,2026-05-05 14:14:09,28.8302574157715,-17.7367610931396,"Unknown"
"5020560",378673,2026-05-05 14:15:09,28.8303298950195,-17.7367820739746,"Unknown"
"5020560",378673,2026-05-05 14:16:09,28.8303375244141,-17.7368221282959,"Unknown"
"5020560",378673,2026-05-05 14:17:09,28.8304176330566,-17.7368984222412,"Unknown"
"5020560",378673,2026-05-05 14:18:10,28.8304901123047,-17.7369556427002,"Unknown"
"5020560",378673,2026-05-05 14:19:09,28.8305950164795,-17.7369995117188,"Unknown"
"5020560",378673,2026-05-05 14:20:09,28.8306789398193,-17.7369785308838,"Unknown"
"5020560",378673,2026-05-05 14:21:09,28.8307647705078,-17.737003326416,"Unknown"
"5020560",378673,2026-05-05 14:22:09,28.830846786499,-17.7370548248291,"Unknown"
"5020560",378673,2026-05-05 14:23:09,28.8309326171875,-17.7370624542236,"Unknown"
"5020560",378673,2026-05-05 14:24:09,28.8309993743896,-17.7371120452881,"Unknown"
"5020560",378673,2026-05-05 14:25:09,28.831090927124,-17.7371425628662,"Unknown"
"5020560",378673,2026-05-05 14:26:09,28.8311786651611,-17.7371730804443,"Unknown"
"5020560",378673,2026-05-05 14:27:09,28.8312244415283,-17.7372283935547,"Unknown"
"5020560",378673,2026-05-05 14:28:09,28.8312950134277,-17.7372550964355,"Unknown"
"5020560",378673,2026-05-05 14:29:09,28.8313884735107,-17.7373332977295,"Unknown"
"5020560",378673,2026-05-05 14:30:09,28.8314456939697,-17.7373867034912,"Unknown"
"5020560",378673,2026-05-05 14:31:11,28.8315353393555,-17.7374095916748,"Unknown"
"5020560",378673,2026-05-05 14:32:10,28.8316059112549,-17.7374591827393,"Unknown"
"5020560",378673,2026-05-05 14:33:11,28.8316802978516,-17.7374839782715,"Unknown"
"5020560",378673,2026-05-05 14:34:09,28.8317947387695,-17.7375202178955,"Unknown"
"5020560",378673,2026-05-05 14:35:11,28.8318653106689,-17.7374839782715,"Unknown"
"5020560",378673,2026-05-05 14:36:09,28.8319454193115,-17.7375297546387,"Unknown"
"5020560",378673,2026-05-05 14:37:11,28.8320465087891,-17.7375640869141,"Unknown"
"5020560",378673,2026-05-05 14:38:11,28.8321399688721,-17.7376155853271,"Unknown"
"5020560",378673,2026-05-05 14:39:10,28.8322448730469,-17.7376823425293,"Unknown"
"5020560",378673,2026-05-05 14:40:09,28.8323402404785,-17.737771987915,"Unknown"
"5020560",378673,2026-05-05 14:41:10,28.8324317932129,-17.7378253936768,"Unknown"
"5020560",378673,2026-05-05 14:42:11,28.83251953125,-17.7377243041992,"Unknown"
"5020560",378673,2026-05-05 14:43:09,28.8326892852783,-17.7376823425293,"Unknown"
"5020560",378673,2026-05-05 14:44:09,28.83278465271,-17.7377033233643,"Unknown"
"5020560",378673,2026-05-05 14:45:09,28.8329257965088,-17.7377605438232,"Unknown"
"5020560",378673,2026-05-05 14:46:10,28.8330631256104,-17.7378273010254,"Unknown"
"5020560",378673,2026-05-05 14:47:10,28.8331699371338,-17.7379035949707,"Unknown"
"5020560",378673,2026-05-05 14:48:09,28.8332786560059,-17.7379722595215,"Unknown"
"5020560",378673,2026-05-05 14:49:10,28.8333873748779,-17.7380409240723,"Unknown"
"5020560",378673,2026-05-05 14:50:09,28.8335094451904,-17.7381114959717,"Unknown"
"5020560",378673,2026-05-05 14:51:11,28.8336124420166,-17.7381839752197,"Unknown"
"5020560",378673,2026-05-05 14:52:10,28.8337554931641,-17.738260269165,"Unknown"
"5020560",378673,2026-05-05 14:53:09,28.833854675293,-17.7383308410645,"Unknown"
"5020560",378673,2026-05-05 14:54:10,28.8339862823486,-17.7384281158447,"Unknown"
"5020560",378673,2026-05-05 14:55:09,28.8341121673584,-17.7384834289551,"Unknown"
"5020560",378673,2026-05-05 14:56:10,28.8342170715332,-17.7385673522949,"Unknown"
"5020560",378673,2026-05-05 14:57:10,28.8343181610107,-17.738655090332,"Unknown"
"5020560",378673,2026-05-05 14:58:10,28.8345813751221,-17.7387351989746,"Unknown"
"5020560",378673,2026-05-05 14:59:11,28.8348083496094,-17.738805770874,"Unknown"
"5020560",378673,2026-05-05 15:00:09,28.8349437713623,-17.7388534545898,"Unknown"
"5020560",378673,2026-05-05 15:01:11,28.8350486755371,-17.7389087677002,"Unknown"
"5020560",378673,2026-05-05 15:02:10,28.8351554870605,-17.7389526367188,"Unknown"
"5020560",378673,2026-05-05 15:03:10,28.8353118896484,-17.7390193939209,"Unknown"
"5020560",378673,2026-05-05 15:04:10,28.8353633880615,-17.7390670776367,"Unknown"
"5020560",378673,2026-05-05 15:05:33,28.8355445861816,-17.7391033172607,"Unknown"
"5020560",378673,2026-05-05 15:06:10,28.8356113433838,-17.7391357421875,"Unknown"
"5020560",378673,2026-05-05 15:07:10,28.8358783721924,-17.7391510009766,"Unknown"
"5020560",378673,2026-05-05 15:08:33,28.8362216949463,-17.7392635345459,"Unknown"
"5020560",378673,2026-05-05 15:09:09,28.836332321167,-17.7392692565918,"Unknown"
"5020560",378673,2026-05-05 15:10:09,28.8364887237549,-17.739278793335,"Unknown"
"5020560",378673,2026-05-05 15:11:09,28.836576461792,-17.7393035888672,"Unknown"
"5020560",378673,2026-05-05 15:12:09,28.8367004394531,-17.7393226623535,"Unknown"
"5020560",378673,2026-05-05 15:13:09,28.8367805480957,-17.7393074035645,"Unknown"
"5020560",378673,2026-05-05 15:14:08,28.836950302124,-17.7392864227295,"Unknown"
"5020560",378673,2026-05-05 15:15:09,28.8370933532715,-17.7393016815186,"Unknown"
"5020560",378673,2026-05-05 15:16:09,28.8371963500977,-17.7393245697021,"Unknown"
"5020560",378673,2026-05-05 15:17:09,28.8373565673828,-17.7393379211426,"Unknown"
"5020560",378673,2026-05-05 15:18:09,28.8375358581543,-17.7393493652344,"Unknown"
"5020560",378673,2026-05-05 15:19:08,28.8376789093018,-17.7393665313721,"Unknown"
"5020560",378673,2026-05-05 15:20:09,28.8378715515137,-17.7394046783447,"Unknown"
"5020560",378673,2026-05-05 15:21:09,28.8380908966064,-17.7394180297852,"Unknown"
"5020560",378673,2026-05-05 15:22:09,28.838306427002,-17.7394371032715,"Unknown"
"5020560",378673,2026-05-05 15:23:09,28.8384838104248,-17.7394142150879,"Unknown"
"5020560",378673,2026-05-05 15:24:09,28.8386611938477,-17.7394485473633,"Unknown"
"5020560",378673,2026-05-05 15:25:09,28.8388137817383,-17.7394523620605,"Unknown"
"5020560",378673,2026-05-05 15:26:09,28.8389568328857,-17.7394466400146,"Unknown"
"5020560",378673,2026-05-05 15:27:10,28.8391056060791,-17.7395000457764,"Unknown"
"5020560",378673,2026-05-05 15:28:10,28.8392295837402,-17.7395324707031,"Unknown"
"5020560",378673,2026-05-05 15:29:10,28.8393402099609,-17.7395420074463,"Unknown"
"5020560",378673,2026-05-05 15:30:10,28.8394718170166,-17.7395038604736,"Unknown"
"5020560",378673,2026-05-05 15:31:10,28.8395977020264,-17.73952293396,"Unknown"
"5020560",378673,2026-05-05 15:32:10,28.8397197723389,-17.7395305633545,"Unknown"
"5020560",378673,2026-05-05 15:33:10,28.8398170471191,-17.739559173584,"Unknown"
"5020560",378673,2026-05-05 15:34:10,28.8399429321289,-17.7395839691162,"Unknown"
"5020560",378673,2026-05-05 15:35:10,28.8400344848633,-17.7395973205566,"Unknown"
"5020560",378673,2026-05-05 15:36:10,28.8401737213135,-17.7396068572998,"Unknown"
"5020560",378673,2026-05-05 15:37:11,28.8403072357178,-17.7396106719971,"Unknown"
"5020560",378673,2026-05-05 15:38:11,28.840425491333,-17.7396087646484,"Unknown"
"5020560",378673,2026-05-05 15:39:10,28.8405609130859,-17.7396144866943,"Unknown"
"5020560",378673,2026-05-05 15:40:11,28.8407077789307,-17.7396049499512,"Unknown"
"5020560",378673,2026-05-05 15:41:12,28.8408546447754,-17.7395629882812,"Unknown"
"5020560",378673,2026-05-05 15:42:11,28.8409938812256,-17.7395534515381,"Unknown"
"5020560",378673,2026-05-05 15:43:12,28.8411312103271,-17.7395496368408,"Unknown"
"5020560",378673,2026-05-05 15:44:12,28.8412456512451,-17.7395496368408,"Unknown"
"5020560",378673,2026-05-05 15:45:12,28.8413715362549,-17.7395286560059,"Unknown"
"5020560",378673,2026-05-05 15:46:12,28.8414840698242,-17.7395210266113,"Unknown"
"5020560",378673,2026-05-05 15:47:12,28.8415832519531,-17.7395000457764,"Unknown"
"5020560",378673,2026-05-05 15:48:12,28.8416786193848,-17.7394752502441,"Unknown"
"5020560",378673,2026-05-05 15:49:12,28.8417720794678,-17.7394523620605,"Unknown"
"5020560",378673,2026-05-05 15:50:13,28.8418750762939,-17.7394180297852,"Unknown"
"5020560",378673,2026-05-05 15:51:12,28.8419914245605,-17.7394046783447,"Unknown"
"5020560",378673,2026-05-05 15:52:12,28.8420925140381,-17.7393531799316,"Unknown"
"5020560",378673,2026-05-05 15:53:12,28.8421897888184,-17.7393417358398,"Unknown"
"5020560",378673,2026-05-05 15:54:12,28.842306137085,-17.7393093109131,"Unknown"
"5020560",378673,2026-05-05 15:55:12,28.8424205780029,-17.7392501831055,"Unknown"
"5020560",378673,2026-05-05 15:56:12,28.8425636291504,-17.7391624450684,"Unknown"
"5020560",378673,2026-05-05 15:57:12,28.8427066802979,-17.7391414642334,"Unknown"
"5020560",378673,2026-05-05 15:58:12,28.842830657959,-17.7391376495361,"Unknown"
"5020560",378673,2026-05-05 15:59:12,28.8429317474365,-17.739107131958,"Unknown"
"5020560",378673,2026-05-05 16:00:12,28.8430366516113,-17.7390804290771,"Unknown"
"5020560",378673,2026-05-05 16:01:12,28.843132019043,-17.7390289306641,"Unknown"
"5020560",378673,2026-05-05 16:02:12,28.8432502746582,-17.7389602661133,"Unknown"
"5020560",378673,2026-05-05 16:03:12,28.8434143066406,-17.738826751709,"Unknown"
"5020560",378673,2026-05-05 16:04:12,28.8435440063477,-17.7387886047363,"Unknown"
"5020560",378673,2026-05-05 16:05:12,28.8436336517334,-17.738748550415,"Unknown"
"5020560",378673,2026-05-05 16:06:12,28.8437156677246,-17.7387046813965,"Unknown"
"5020560",378673,2026-05-05 16:07:12,28.8438568115234,-17.7386455535889,"Unknown"
"5020560",378673,2026-05-05 16:08:12,28.8439292907715,-17.7385749816895,"Unknown"
"5020560",378673,2026-05-05 16:09:12,28.8440380096436,-17.7385234832764,"Unknown"
"5020560",378673,2026-05-05 16:10:12,28.8441123962402,-17.7383918762207,"Unknown"
"5020560",378673,2026-05-05 16:11:12,28.8442115783691,-17.7383441925049,"Unknown"
"5020560",378673,2026-05-05 16:12:13,28.8443069458008,-17.738302230835,"Unknown"
"5020560",378673,2026-05-05 16:13:12,28.8443870544434,-17.7382640838623,"Unknown"
"5020560",378673,2026-05-05 16:14:13,28.8444499969482,-17.7381973266602,"Unknown"
"5020560",378673,2026-05-05 16:15:12,28.8445339202881,-17.7381267547607,"Unknown"
"5020560",378673,2026-05-05 16:16:12,28.8446273803711,-17.7381210327148,"Unknown"
"5020560",378673,2026-05-05 16:17:14,28.8447036743164,-17.7380790710449,"Unknown"
"5020560",378673,2026-05-05 16:18:12,28.8447856903076,-17.7380523681641,"Unknown"
"5020560",378673,2026-05-05 16:19:12,28.8448905944824,-17.7380180358887,"Unknown"
"5020560",378673,2026-05-05 16:20:12,28.8449611663818,-17.7379894256592,"Unknown"
"5020560",378673,2026-05-05 16:21:13,28.8450508117676,-17.737964630127,"Unknown"
"5020560",378673,2026-05-05 16:22:12,28.8451442718506,-17.7379455566406,"Unknown"
"5020560",378673,2026-05-05 16:23:12,28.845272064209,-17.7378387451172,"Unknown"
"5020560",378673,2026-05-05 16:24:12,28.845365524292,-17.7377834320068,"Unknown"
"5020560",378673,2026-05-05 16:25:12,28.8454551696777,-17.7377777099609,"Unknown"
"5020560",378673,2026-05-05 16:26:13,28.845531463623,-17.7378196716309,"Unknown"
"5020560",378673,2026-05-05 16:27:12,28.8456020355225,-17.7377376556396,"Unknown"
"5020560",378673,2026-05-05 16:28:12,28.8456497192383,-17.7377281188965,"Unknown"
"5020560",378673,2026-05-05 16:29:12,28.8457431793213,-17.7377262115479,"Unknown"
"5020560",378673,2026-05-05 16:30:12,28.8458766937256,-17.7376537322998,"Unknown"
"5020560",378673,2026-05-05 16:31:13,28.8459758758545,-17.7375984191895,"Unknown"
"5020560",378673,2026-05-05 16:32:12,28.846040725708,-17.7375717163086,"Unknown"
"5020560",378673,2026-05-05 16:33:12,28.8461132049561,-17.7375431060791,"Unknown"
"5020560",378673,2026-05-05 16:34:12,28.8461799621582,-17.7375049591064,"Unknown"
"5020560",378673,2026-05-05 16:35:12,28.8462543487549,-17.7375183105469,"Unknown"
"5020560",378673,2026-05-05 16:36:12,28.8463935852051,-17.7375049591064,"Unknown"
"5020560",378673,2026-05-05 16:37:12,28.8463840484619,-17.7375030517578,"Unknown"
"5020560",378673,2026-05-05 16:38:12,28.8464622497559,-17.7375259399414,"Unknown"
"5020560",378673,2026-05-05 16:39:12,28.8465423583984,-17.7375011444092,"Unknown"
"5020560",378673,2026-05-05 16:40:14,28.846622467041,-17.7374973297119,"Unknown"
"5020560",378673,2026-05-05 16:41:13,28.8467178344727,-17.737476348877,"Unknown"
"5020560",378673,2026-05-05 16:42:14,28.8468284606934,-17.737455368042,"Unknown"
"5020560",378673,2026-05-05 16:43:15,28.8468818664551,-17.7374629974365,"Unknown"
"5020560",378673,2026-05-05 16:44:15,28.8469276428223,-17.7374591827393,"Unknown"
"5020560",378673,2026-05-05 16:45:14,28.8469924926758,-17.7374153137207,"Unknown"
"5020560",378673,2026-05-05 16:46:14,28.8470649719238,-17.7374248504639,"Unknown"
"5020560",378673,2026-05-05 16:47:14,28.8471908569336,-17.7373504638672,"Unknown"
"5020560",378673,2026-05-05 16:48:14,28.8472118377686,-17.7372989654541,"Unknown"
"5020560",378673,2026-05-05 16:49:14,28.8473243713379,-17.7372970581055,"Unknown"
"5020560",378673,2026-05-05 16:50:15,28.8474884033203,-17.7372207641602,"Unknown"
"5020560",378673,2026-05-05 16:51:15,28.8474826812744,-17.7372875213623,"Unknown"
"5020560",378673,2026-05-05 16:52:14,28.847583770752,-17.7372436523438,"Unknown"
"5020560",378673,2026-05-05 16:53:16,28.847677230835,-17.737268447876,"Unknown"
"5020560",378673,2026-05-05 16:54:14,28.8477592468262,-17.7372512817383,"Unknown"
"5020560",378673,2026-05-05 16:55:15,28.8478221893311,-17.7372741699219,"Unknown"
"5020560",378673,2026-05-05 16:56:16,28.8478908538818,-17.7372856140137,"Unknown"
"5020560",378673,2026-05-05 16:57:16,28.8479995727539,-17.7372646331787,"Unknown"
"5020560",378673,2026-05-05 16:58:16,28.8480930328369,-17.7372665405273,"Unknown"
"5020560",378673,2026-05-05 16:59:13,28.8482227325439,-17.7372379302979,"Unknown"
"5020560",378673,2026-05-05 17:00:16,28.8483066558838,-17.7371978759766,"Unknown"
"5020560",378673,2026-05-05 17:01:13,28.8483581542969,-17.7370929718018,"Unknown"
"5020560",378673,2026-05-05 17:02:14,28.8484477996826,-17.7370643615723,"Unknown"
"5020560",378673,2026-05-05 17:03:15,28.8485221862793,-17.7370166778564,"Unknown"
"5020560",378673,2026-05-05 17:04:14,28.8485889434814,-17.7370071411133,"Unknown"
"5020560",378673,2026-05-05 17:05:14,28.8486766815186,-17.737003326416,"Unknown"
"5020560",378673,2026-05-05 17:06:14,28.8487358093262,-17.7369632720947,"Unknown"
"5020560",378673,2026-05-05 17:07:15,28.8487930297852,-17.7369766235352,"Unknown"
"5020560",378673,2026-05-05 17:08:15,28.8488807678223,-17.7369918823242,"Unknown"
"5020560",378673,2026-05-05 17:09:14,28.8489208221436,-17.7369956970215,"Unknown"
"5020560",378673,2026-05-05 17:10:15,28.8490028381348,-17.7370014190674,"Unknown"
"5020560",378673,2026-05-05 17:11:14,28.8490467071533,-17.7370014190674,"Unknown"
"5020560",378673,2026-05-05 17:12:16,28.8491191864014,-17.737024307251,"Unknown"
"5020560",378673,2026-05-05 17:13:16,28.8492183685303,-17.7370910644531,"Unknown"
"5020560",378673,2026-05-05 17:14:16,28.8491992950439,-17.737060546875,"Unknown"
"5020560",378673,2026-05-05 17:15:15,28.849235534668,-17.7370624542236,"Unknown"
"5020560",378673,2026-05-05 17:16:16,28.8493156433105,-17.7371273040771,"Unknown"
"5020560",378673,2026-05-05 17:17:16,28.8493461608887,-17.7371349334717,"Unknown"
"5020560",378673,2026-05-05 17:18:16,28.8494071960449,-17.7371406555176,"Unknown"
"5020560",378673,2026-05-05 17:19:16,28.8494472503662,-17.7371826171875,"Unknown"
"5020560",378673,2026-05-05 17:20:16,28.849494934082,-17.7372150421143,"Unknown"
"5020560",378673,2026-05-05 17:21:16,28.8495006561279,-17.7372207641602,"Unknown"
"5020560",378673,2026-05-05 17:22:15,28.849552154541,-17.7372570037842,"Unknown"
"5020560",378673,2026-05-05 17:23:18,28.8496036529541,-17.7373123168945,"Unknown"
"5020560",378673,2026-05-05 17:24:15,28.8496150970459,-17.7373008728027,"Unknown"
"5020560",378673,2026-05-05 17:25:15,28.8496932983398,-17.7373142242432,"Unknown"
"5020560",378673,2026-05-05 17:26:18,28.8497123718262,-17.737361907959,"Unknown"
"5020560",378673,2026-05-05 17:27:15,28.8497886657715,-17.7374153137207,"Unknown"
"5020560",378673,2026-05-05 17:28:16,28.8497676849365,-17.7373275756836,"Unknown"
"5020560",378673,2026-05-05 17:29:16,28.8498878479004,-17.7374401092529,"Unknown"
"5020560",378673,2026-05-05 17:30:15,28.8499565124512,-17.7374725341797,"Unknown"
"5020560",378673,2026-05-05 17:31:15,28.8499908447266,-17.7374687194824,"Unknown"
"5020560",378673,2026-05-05 17:32:15,28.85009765625,-17.7375144958496,"Unknown"
"5020560",378673,2026-05-05 17:33:15,28.8501033782959,-17.7374706268311,"Unknown"
"5020560",378673,2026-05-05 17:34:15,28.8501052856445,-17.7374477386475,"Unknown"
"5020560",378673,2026-05-05 17:35:17,28.8501739501953,-17.7375316619873,"Unknown"
"5020560",378673,2026-05-05 17:36:20,28.8502254486084,-17.7375354766846,"Unknown"
"5020560",378673,2026-05-05 17:37:18,28.8502655029297,-17.7375526428223,"Unknown"
"5020560",378673,2026-05-05 17:38:17,28.8503150939941,-17.7376041412354,"Unknown"
"5020560",378673,2026-05-05 17:39:16,28.8504371643066,-17.737699508667,"Unknown"
"5020560",378673,2026-05-05 17:40:18,28.8504066467285,-17.7376441955566,"Unknown"
"5020560",378673,2026-05-05 17:41:17,28.850435256958,-17.7376613616943,"Unknown"
"5020560",378673,2026-05-05 17:42:23,28.8505039215088,-17.7377243041992,"Unknown"
"5020560",378673,2026-05-05 17:43:33,28.8505554199219,-17.7377662658691,"Unknown"
"5020560",378673,2026-05-05 17:44:16,28.8505935668945,-17.7378044128418,"Unknown"
"5020560",378673,2026-05-05 17:45:17,28.850658416748,-17.7378635406494,"Unknown"
"5020560",378673,2026-05-05 17:46:16,28.8506927490234,-17.737907409668,"Unknown"
"5020560",378673,2026-05-05 17:47:16,28.850757598877,-17.7379684448242,"Unknown"
"5020560",378673,2026-05-05 17:48:15,28.8508186340332,-17.738000869751,"Unknown"
"5020560",378673,2026-05-05 17:49:16,28.8508720397949,-17.7380447387695,"Unknown"
"5020560",378673,2026-05-05 17:50:16,28.8509273529053,-17.738109588623,"Unknown"
"5020560",378673,2026-05-05 17:51:16,28.8510036468506,-17.738166809082,"Unknown"
"5020560",378673,2026-05-05 17:52:15,28.8510780334473,-17.7382411956787,"Unknown"
"5020560",378673,2026-05-05 17:53:16,28.8511409759521,-17.7382831573486,"Unknown"
"5020560",378673,2026-05-05 17:54:16,28.8511943817139,-17.7383346557617,"Unknown"
"5020560",378673,2026-05-05 17:55:16,28.8512287139893,-17.7384071350098,"Unknown"
"5020560",378673,2026-05-05 17:56:16,28.85129737854,-17.7384414672852,"Unknown"
"5020560",378673,2026-05-05 17:57:17,28.8513469696045,-17.7384948730469,"Unknown"
"5020560",378673,2026-05-05 17:58:16,28.8513984680176,-17.7385597229004,"Unknown"
"5020560",378673,2026-05-05 17:59:16,28.8514556884766,-17.7386074066162,"Unknown"
"5020560",378673,2026-05-05 18:00:47,28.8515033721924,-17.7386951446533,"Unknown"
"5020560",378673,2026-05-05 18:01:15,28.851541519165,-17.7387104034424,"Unknown"
"5020560",378673,2026-05-05 18:02:16,28.8515739440918,-17.7387294769287,"Unknown"
"5020560",378673,2026-05-05 18:03:16,28.8516063690186,-17.7387599945068,"Unknown"
"5020560",378673,2026-05-05 18:04:16,28.8516464233398,-17.7387943267822,"Unknown"
"5020560",378673,2026-05-05 18:05:18,28.8517227172852,-17.738805770874,"Unknown"
"5020560",378673,2026-05-05 18:06:18,28.8517475128174,-17.73876953125,"Unknown"
"5020560",378673,2026-05-05 18:07:15,28.8518142700195,-17.7387943267822,"Unknown"
"5020560",378673,2026-05-05 18:08:17,28.8518848419189,-17.7388381958008,"Unknown"
"5020560",378673,2026-05-05 18:09:18,28.851921081543,-17.7388935089111,"Unknown"
"5020560",378673,2026-05-05 18:10:15,28.8519725799561,-17.7389144897461,"Unknown"
"5020560",378673,2026-05-05 18:11:16,28.8520126342773,-17.7389240264893,"Unknown"
"5020560",378673,2026-05-05 18:12:16,28.8520202636719,-17.7389736175537,"Unknown"
"5020560",378673,2026-05-05 18:13:16,28.8520393371582,-17.7390022277832,"Unknown"
"5020560",378673,2026-05-05 18:14:18,28.8520526885986,-17.7390460968018,"Unknown"
"5020560",378673,2026-05-05 18:15:18,28.8520584106445,-17.7390747070312,"Unknown"
"5020560",378673,2026-05-05 18:16:18,28.852071762085,-17.7390918731689,"Unknown"
"5020560",378673,2026-05-05 18:17:16,28.8520545959473,-17.7391567230225,"Unknown"
"5020560",378673,2026-05-05 18:18:16,28.852144241333,-17.7390518188477,"Unknown"
"5020560",378673,2026-05-05 18:19:16,28.8520317077637,-17.7392425537109,"Unknown"
"5020560",378673,2026-05-05 18:20:16,28.8520317077637,-17.7392673492432,"Unknown"
"5020560",378673,2026-05-05 18:21:16,28.852014541626,-17.7393283843994,"Unknown"
"5020560",378673,2026-05-05 18:22:18,28.852014541626,-17.7393684387207,"Unknown"
"5020560",378673,2026-05-05 18:23:16,28.8520050048828,-17.7394218444824,"Unknown"
"5020560",378673,2026-05-05 18:24:15,28.852014541626,-17.7394733428955,"Unknown"
"5020560",378673,2026-05-05 18:25:16,28.8520622253418,-17.7394981384277,"Unknown"
"5020560",378673,2026-05-05 18:26:18,28.85205078125,-17.7395687103271,"Unknown"
"5020560",378673,2026-05-05 18:27:19,28.8520812988281,-17.739574432373,"Unknown"
"5020560",378673,2026-05-05 18:28:16,28.8520660400391,-17.7396392822266,"Unknown"
"5020560",378673,2026-05-05 18:29:18,28.8521060943604,-17.7396697998047,"Unknown"
"5020560",378673,2026-05-05 18:30:16,28.8521251678467,-17.7396869659424,"Unknown"
"5020560",378673,2026-05-05 18:31:16,28.8521404266357,-17.7396965026855,"Unknown"
"5020560",378673,2026-05-05 18:32:18,28.8520984649658,-17.739782333374,"Unknown"
"5020560",378673,2026-05-05 18:33:18,28.8520660400391,-17.739839553833,"Unknown"
"5020560",378673,2026-05-05 18:34:18,28.8520374298096,-17.7399024963379,"Unknown"
"5020560",378673,2026-05-05 18:35:16,28.8519859313965,-17.7399406433105,"Unknown"
"5020560",378673,2026-05-05 18:36:17,28.8519496917725,-17.7399311065674,"Unknown"
"5020560",378673,2026-05-05 18:37:18,28.8518600463867,-17.7400093078613,"Unknown"
"5020560",378673,2026-05-05 18:38:17,28.8518371582031,-17.7400226593018,"Unknown"
"5020560",378673,2026-05-05 18:39:18,28.8518390655518,-17.7400436401367,"Unknown"
"5020560",378673,2026-05-05 18:40:18,28.851806640625,-17.7400646209717,"Unknown"
"5020560",378673,2026-05-05 18:41:18,28.8517456054688,-17.7401027679443,"Unknown"
"5020560",378673,2026-05-05 18:42:18,28.8517208099365,-17.7401256561279,"Unknown"
"5020560",378673,2026-05-05 18:43:16,28.8516979217529,-17.7401504516602,"Unknown"
"5020560",378673,2026-05-05 18:44:17,28.8517150878906,-17.7401676177979,"Unknown"
"5020560",378673,2026-05-05 18:45:17,28.8517169952393,-17.7401657104492,"Unknown"
"5020560",378673,2026-05-05 18:46:16,28.8516998291016,-17.7402420043945,"Unknown"
"5020560",378673,2026-05-05 18:47:16,28.8517265319824,-17.7402820587158,"Unknown"
"5020560",378673,2026-05-05 18:48:16,28.8517742156982,-17.7402839660645,"Unknown"
"5020560",378673,2026-05-05 18:49:16,28.8517799377441,-17.7403049468994,"Unknown"
"5020560",378673,2026-05-05 18:50:16,28.8517551422119,-17.740385055542,"Unknown"
"5020560",378673,2026-05-05 18:51:17,28.8518009185791,-17.7404384613037,"Unknown"
"5020560",378673,2026-05-05 18:52:17,28.8517513275146,-17.7404975891113,"Unknown"
"5020560",378673,2026-05-05 18:53:18,28.8517036437988,-17.7405738830566,"Unknown"
"5020560",378673,2026-05-05 18:54:17,28.8517036437988,-17.7405986785889,"Unknown"
"5020560",378673,2026-05-05 18:55:18,28.8516540527344,-17.7406482696533,"Unknown"
"5020560",378673,2026-05-05 18:56:18,28.851655960083,-17.7406730651855,"Unknown"
"5020560",378673,2026-05-05 18:57:18,28.8516807556152,-17.7407169342041,"Unknown"
"5020560",378673,2026-05-05 18:58:19,28.8516845703125,-17.740779876709,"Unknown"
"5020560",378673,2026-05-05 18:59:19,28.8516979217529,-17.7408485412598,"Unknown"
"5020560",378673,2026-05-05 19:00:19,28.851692199707,-17.7409019470215,"Unknown"
"5020560",378673,2026-05-05 19:01:18,28.8516521453857,-17.7409744262695,"Unknown"
"5020560",378673,2026-05-05 19:02:17,28.8516864776611,-17.7410659790039,"Unknown"
"5020560",378673,2026-05-05 19:03:19,28.8516597747803,-17.7411804199219,"Unknown"
"5020560",378673,2026-05-05 19:04:20,28.8516540527344,-17.7412776947021,"Unknown"
"5020560",378673,2026-05-05 19:05:22,28.8516387939453,-17.7413902282715,"Unknown"
"5020560",378673,2026-05-05 19:06:20,28.8515815734863,-17.7415065765381,"Unknown"
"5020560",378673,2026-05-05 19:07:21,28.8515567779541,-17.7416133880615,"Unknown"
"5020560",378673,2026-05-05 19:08:17,28.851541519165,-17.7417221069336,"Unknown"
"5020560",378673,2026-05-05 19:09:21,28.8514862060547,-17.7418327331543,"Unknown"
"5020560",378673,2026-05-05 19:10:19,28.8514556884766,-17.7419261932373,"Unknown"
"5020560",378673,2026-05-05 19:11:22,28.8514251708984,-17.7420425415039,"Unknown"
"5020560",378673,2026-05-05 19:12:18,28.8513813018799,-17.742166519165,"Unknown"
"5020560",378673,2026-05-05 19:13:22,28.8513584136963,-17.7423000335693,"Unknown"
"5020560",378673,2026-05-05 19:14:20,28.8512477874756,-17.7424182891846,"Unknown"
"5020560",378673,2026-05-05 19:15:20,28.8512191772461,-17.7425365447998,"Unknown"
"5020560",378673,2026-05-05 19:16:21,28.8511829376221,-17.7426605224609,"Unknown"
"5020560",378673,2026-05-05 19:17:21,28.851131439209,-17.7427787780762,"Unknown"
"5020560",378673,2026-05-05 19:18:20,28.8511047363281,-17.7428798675537,"Unknown"
"5020560",378673,2026-05-05 19:19:20,28.8510303497314,-17.7429981231689,"Unknown"
"5020560",378673,2026-05-05 19:20:21,28.8510074615479,-17.7431201934814,"Unknown"
"5020560",378673,2026-05-05 19:21:21,28.8509712219238,-17.7432193756104,"Unknown"
"5020560",378673,2026-05-05 19:22:20,28.8509197235107,-17.7433605194092,"Unknown"
"5020560",378673,2026-05-05 19:23:18,28.8508682250977,-17.7434730529785,"Unknown"
"5020560",378673,2026-05-05 19:24:21,28.8508052825928,-17.7435817718506,"Unknown"
"5020560",378673,2026-05-05 19:25:20,28.8507556915283,-17.7437038421631,"Unknown"
"5020560",378673,2026-05-05 19:26:20,28.8507328033447,-17.7438163757324,"Unknown"
"5020560",378673,2026-05-05 19:27:33,28.8506565093994,-17.7439556121826,"Unknown"
"5020560",378673,2026-05-05 19:28:15,28.850643157959,-17.744047164917,"Unknown"
"5020560",378673,2026-05-05 19:29:15,28.8506259918213,-17.7441635131836,"Unknown"
"5020560",378673,2026-05-05 19:30:16,28.850564956665,-17.7442760467529,"Unknown"
"5020560",378673,2026-05-05 19:31:16,28.8505630493164,-17.7443714141846,"Unknown"
"5020560",378673,2026-05-05 19:32:15,28.8505535125732,-17.7443561553955,"Unknown"
"5020560",378673,2026-05-05 19:33:16,28.8505344390869,-17.7443885803223,"Unknown"
"5020560",378673,2026-05-05 19:34:16,28.8504676818848,-17.744514465332,"Unknown"
"5020560",378673,2026-05-05 19:35:15,28.8504257202148,-17.7446250915527,"Unknown"
"5020560",378673,2026-05-05 19:36:15,28.8503570556641,-17.7447299957275,"Unknown"
"5020560",378673,2026-05-05 19:37:15,28.8503303527832,-17.7448406219482,"Unknown"
"5020560",378673,2026-05-05 19:38:16,28.8502712249756,-17.7449417114258,"Unknown"
"5020560",378673,2026-05-05 19:39:16,28.8502082824707,-17.7450618743896,"Unknown"
"5020560",378673,2026-05-05 19:40:15,28.8501453399658,-17.7451648712158,"Unknown"
"5020560",378673,2026-05-05 19:41:15,28.8500728607178,-17.7452831268311,"Unknown"
"5020560",378673,2026-05-05 19:42:16,28.8500289916992,-17.7454128265381,"Unknown"
"5020560",378673,2026-05-05 19:43:16,28.8499889373779,-17.745548248291,"Unknown"
"5020560",378673,2026-05-05 19:44:16,28.8499183654785,-17.7456588745117,"Unknown"
"5020560",378673,2026-05-05 19:45:15,28.8498935699463,-17.745777130127,"Unknown"
"5020560",378673,2026-05-05 19:46:16,28.8498458862305,-17.7458992004395,"Unknown"
"5020560",378673,2026-05-05 19:47:16,28.8498229980469,-17.7460289001465,"Unknown"
"5020560",378673,2026-05-05 19:48:15,28.8498001098633,-17.7461624145508,"Unknown"
"5020560",378673,2026-05-05 19:49:16,28.8497524261475,-17.7462978363037,"Unknown"
"5020560",378673,2026-05-05 19:50:16,28.8497219085693,-17.7464427947998,"Unknown"
"5020560",378673,2026-05-05 19:51:16,28.8496856689453,-17.7465629577637,"Unknown"
"5020560",378673,2026-05-05 19:52:16,28.8496551513672,-17.7466773986816,"Unknown"
"5020560",378673,2026-05-05 19:53:16,28.8496437072754,-17.7467937469482,"Unknown"
"5020560",378673,2026-05-05 19:54:16,28.8496189117432,-17.7469139099121,"Unknown"
"5020560",378673,2026-05-05 19:55:16,28.8496208190918,-17.7470397949219,"Unknown"
"5020560",378673,2026-05-05 19:56:16,28.8496131896973,-17.7471389770508,"Unknown"
"5020560",378673,2026-05-05 19:57:16,28.8495903015137,-17.7472705841064,"Unknown"
"5020560",378673,2026-05-05 19:58:15,28.8495845794678,-17.747371673584,"Unknown"
"5020560",378673,2026-05-05 19:59:16,28.8495483398438,-17.7474231719971,"Unknown"
"5020560",378673,2026-05-05 20:00:15,28.8495540618896,-17.7474784851074,"Unknown"
"5020560",378673,2026-05-05 20:01:16,28.8495445251465,-17.7476081848145,"Unknown"
"5020560",378673,2026-05-05 20:02:16,28.849515914917,-17.7477245330811,"Unknown"
"5020560",378673,2026-05-05 20:03:16,28.8495216369629,-17.7478427886963,"Unknown"
"5020560",378673,2026-05-05 20:04:16,28.8495044708252,-17.7479648590088,"Unknown"
"5020560",378673,2026-05-05 20:05:16,28.8494739532471,-17.7480583190918,"Unknown"
"5020560",378673,2026-05-05 20:06:16,28.849437713623,-17.7481555938721,"Unknown"
"5020560",378673,2026-05-05 20:07:16,28.8494358062744,-17.7482566833496,"Unknown"
"5020560",378673,2026-05-05 20:08:16,28.8493900299072,-17.7483596801758,"Unknown"
"5020560",378673,2026-05-05 20:09:16,28.8493614196777,-17.7484455108643,"Unknown"
"5020560",378673,2026-05-05 20:10:17,28.8493423461914,-17.7485446929932,"Unknown"
"5020560",378673,2026-05-05 20:11:16,28.8493099212646,-17.7486362457275,"Unknown"
"5020560",378673,2026-05-05 20:12:16,28.8492774963379,-17.7487411499023,"Unknown"
"5020560",378673,2026-05-05 20:13:16,28.8492279052734,-17.7488689422607,"Unknown"
"5020560",378673,2026-05-05 20:14:16,28.849193572998,-17.7489337921143,"Unknown"
"5020560",378673,2026-05-05 20:15:16,28.8491592407227,-17.7490329742432,"Unknown"
"5020560",378673,2026-05-05 20:16:16,28.8491153717041,-17.7491188049316,"Unknown"
"5020560",378673,2026-05-05 20:17:17,28.8490715026855,-17.749153137207,"Unknown"
"5020560",378673,2026-05-05 20:18:16,28.8490619659424,-17.7492752075195,"Unknown"
"5020560",378673,2026-05-05 20:19:16,28.8490238189697,-17.749340057373,"Unknown"
"5020560",378673,2026-05-05 20:20:16,28.8489723205566,-17.7494468688965,"Unknown"
"5020560",378673,2026-05-05 20:21:16,28.8489322662354,-17.7495269775391,"Unknown"
"5020560",378673,2026-05-05 20:22:16,28.8488750457764,-17.7496318817139,"Unknown"
"5020560",378673,2026-05-05 20:23:17,28.8488292694092,-17.7497024536133,"Unknown"
"5020560",378673,2026-05-05 20:24:17,28.8488025665283,-17.74977684021,"Unknown"
"5020560",378673,2026-05-05 20:25:16,28.8487720489502,-17.7498569488525,"Unknown"
"5020560",378673,2026-05-05 20:26:16,28.8487396240234,-17.7499160766602,"Unknown"
"5020560",378673,2026-05-05 20:27:16,28.8487186431885,-17.7499885559082,"Unknown"
"5020560",378673,2026-05-05 20:28:16,28.8487110137939,-17.7500514984131,"Unknown"
"5020560",378673,2026-05-05 20:29:16,28.8486995697021,-17.7501087188721,"Unknown"
"5020560",378673,2026-05-05 20:30:16,28.8486671447754,-17.7501754760742,"Unknown"
"5020560",378673,2026-05-05 20:31:16,28.8486347198486,-17.7502403259277,"Unknown"
"5020560",378673,2026-05-05 20:32:16,28.8486080169678,-17.7502841949463,"Unknown"
"5020560",378673,2026-05-05 20:33:16,28.8486042022705,-17.750316619873,"Unknown"
"5020560",378673,2026-05-05 20:34:16,28.8486099243164,-17.7503070831299,"Unknown"
"5020560",378673,2026-05-05 20:35:16,28.8485736846924,-17.7504024505615,"Unknown"
"5020560",378673,2026-05-05 20:36:15,28.8485565185547,-17.7504405975342,"Unknown"
"5020560",378673,2026-05-05 20:37:16,28.8484916687012,-17.7505340576172,"Unknown"
"5020560",378673,2026-05-05 20:38:16,28.8484363555908,-17.7506084442139,"Unknown"
"5020560",378673,2026-05-05 20:39:16,28.8483963012695,-17.7506561279297,"Unknown"
"5020560",378673,2026-05-05 20:40:16,28.8483638763428,-17.7507152557373,"Unknown"
"5020560",378673,2026-05-05 20:41:16,28.8483257293701,-17.7507514953613,"Unknown"
"5020560",378673,2026-05-05 20:42:16,28.8482856750488,-17.7508220672607,"Unknown"
"5020560",378673,2026-05-05 20:43:16,28.8482627868652,-17.7508792877197,"Unknown"
"5020560",378673,2026-05-05 20:44:15,28.8482456207275,-17.7509384155273,"Unknown"
"5020560",378673,2026-05-05 20:45:15,28.8482189178467,-17.7509498596191,"Unknown"
"5020560",378673,2026-05-05 20:46:16,28.8482093811035,-17.7509918212891,"Unknown"
"5020560",378673,2026-05-05 20:47:15,28.8481845855713,-17.7510223388672,"Unknown"
"5020560",378673,2026-05-05 20:48:16,28.8481521606445,-17.7510738372803,"Unknown"
"5020560",378673,2026-05-05 20:49:15,28.8481273651123,-17.7510776519775,"Unknown"
"5020560",378673,2026-05-05 20:50:15,28.8481178283691,-17.7511138916016,"Unknown"
"5020560",378673,2026-05-05 20:51:15,28.8481216430664,-17.7511596679688,"Unknown"
"5020560",378673,2026-05-05 20:52:16,28.8481197357178,-17.7511863708496,"Unknown"
"5020560",378673,2026-05-05 20:53:16,28.8481349945068,-17.7511787414551,"Unknown"
"5020560",378673,2026-05-05 20:54:17,28.8481426239014,-17.7512092590332,"Unknown"
"5020560",378673,2026-05-05 20:55:16,28.848123550415,-17.7511768341064,"Unknown"
"5020560",378673,2026-05-05 20:56:16,28.8481121063232,-17.7511882781982,"Unknown"
"5020560",378673,2026-05-05 20:57:16,28.8480892181396,-17.7511940002441,"Unknown"
"5020560",378673,2026-05-05 20:58:16,28.8481464385986,-17.7511405944824,"Unknown"
"5020560",378673,2026-05-05 20:59:16,28.8481979370117,-17.7510681152344,"Unknown"
"5020560",378673,2026-05-05 21:00:18,28.8482189178467,-17.7510833740234,"Unknown"
"5020560",378673,2026-05-05 21:01:17,28.8482685089111,-17.7510471343994,"Unknown"
"5020560",378673,2026-05-05 21:02:16,28.8482875823975,-17.7510643005371,"Unknown"
"5020560",378673,2026-05-05 21:03:16,28.848295211792,-17.7510890960693,"Unknown"
"5020560",378673,2026-05-05 21:04:17,28.8482971191406,-17.7511081695557,"Unknown"
"5020560",378673,2026-05-05 21:05:17,28.8483448028564,-17.7511234283447,"Unknown"
"5020560",378673,2026-05-05 21:06:16,28.8483619689941,-17.7511253356934,"Unknown"
"5020560",378673,2026-05-05 21:07:17,28.8483943939209,-17.7511367797852,"Unknown"
"5020560",378673,2026-05-05 21:08:17,28.8484268188477,-17.7511463165283,"Unknown"
"5020560",378673,2026-05-05 21:09:16,28.8484497070312,-17.7511978149414,"Unknown"
"5020560",378673,2026-05-05 21:10:16,28.8484649658203,-17.7512302398682,"Unknown"
"5020560",378673,2026-05-05 21:11:16,28.8484878540039,-17.7512645721436,"Unknown"
"5020560",378673,2026-05-05 21:12:17,28.8485145568848,-17.7512912750244,"Unknown"
"5020560",378673,2026-05-05 21:13:18,28.8485469818115,-17.7513256072998,"Unknown"
"5020560",378673,2026-05-05 21:14:17,28.8486137390137,-17.7513885498047,"Unknown"
"5020560",378673,2026-05-05 21:15:17,28.8486499786377,-17.7513561248779,"Unknown"
"5020560",378673,2026-05-05 21:16:16,28.8487014770508,-17.751392364502,"Unknown"
"5020560",378673,2026-05-05 21:17:17,28.8487567901611,-17.75146484375,"Unknown"
"5020560",378673,2026-05-05 21:18:18,28.8487873077393,-17.7514896392822,"Unknown"
"5020560",378673,2026-05-05 21:19:17,28.8488368988037,-17.7515277862549,"Unknown"
"5020560",378673,2026-05-05 21:20:16,28.8488731384277,-17.7515983581543,"Unknown"
"5020560",378673,2026-05-05 21:21:18,28.8488712310791,-17.751579284668,"Unknown"
"5020560",378673,2026-05-05 21:22:22,28.8488864898682,-17.7516326904297,"Unknown"
"5020560",378673,2026-05-05 21:23:18,28.8489055633545,-17.7516422271729,"Unknown"
"5020560",378673,2026-05-05 21:24:18,28.8489303588867,-17.7516803741455,"Unknown"
"5020560",378673,2026-05-05 21:25:33,28.8489665985107,-17.7517337799072,"Unknown"
"5020560",378673,2026-05-05 21:26:15,28.8490200042725,-17.7517642974854,"Unknown"
"5020560",378673,2026-05-05 21:27:16,28.8490657806396,-17.7518291473389,"Unknown"
"5020560",378673,2026-05-05 21:28:16,28.8491230010986,-17.7518653869629,"Unknown"
"5020560",378673,2026-05-05 21:29:16,28.8491535186768,-17.7519207000732,"Unknown"
"5020560",378673,2026-05-05 21:30:15,28.8492221832275,-17.7519760131836,"Unknown"
"5020560",378673,2026-05-05 21:31:15,28.8492469787598,-17.7520332336426,"Unknown"
"5020560",378673,2026-05-05 21:32:15,28.8493309020996,-17.7520866394043,"Unknown"
"5020560",378673,2026-05-05 21:33:16,28.8493671417236,-17.7521495819092,"Unknown"
"5020560",378673,2026-05-05 21:34:15,28.8494338989258,-17.752197265625,"Unknown"
"5020560",378673,2026-05-05 21:35:15,28.8494510650635,-17.7522373199463,"Unknown"
"5020560",378673,2026-05-05 21:36:16,28.8494911193848,-17.7522850036621,"Unknown"
"5020560",378673,2026-05-05 21:37:15,28.8495330810547,-17.7523040771484,"Unknown"
"5020560",378673,2026-05-05 21:38:16,28.8495559692383,-17.7523384094238,"Unknown"
"5020560",378673,2026-05-05 21:39:16,28.849588394165,-17.7523651123047,"Unknown"
"5020560",378673,2026-05-05 21:40:15,28.8496360778809,-17.7523918151855,"Unknown"
"5020560",378673,2026-05-05 21:41:15,28.8496646881104,-17.7524337768555,"Unknown"
"5020560",378673,2026-05-05 21:42:15,28.8496913909912,-17.7524871826172,"Unknown"
"5020560",378673,2026-05-05 21:43:16,28.8497257232666,-17.7525463104248,"Unknown"
"5020560",378673,2026-05-05 21:44:15,28.849739074707,-17.7526149749756,"Unknown"
"5020560",378673,2026-05-05 21:45:16,28.8497924804688,-17.7526893615723,"Unknown"
"5020560",378673,2026-05-05 21:46:16,28.849817276001,-17.7527618408203,"Unknown"
"5020560",378673,2026-05-05 21:47:16,28.8498420715332,-17.7528419494629,"Unknown"
"5020560",378673,2026-05-05 21:48:16,28.8498592376709,-17.7529354095459,"Unknown"
"5020560",378673,2026-05-05 21:49:15,28.8498783111572,-17.7530117034912,"Unknown"
"5020560",378673,2026-05-05 21:50:15,28.8498992919922,-17.7531070709229,"Unknown"
"5020560",378673,2026-05-05 21:51:15,28.8499298095703,-17.753173828125,"Unknown"
"5020560",378673,2026-05-05 21:52:15,28.8499908447266,-17.7532196044922,"Unknown"
"5020560",378673,2026-05-05 21:53:16,28.8500385284424,-17.7532939910889,"Unknown"
"5020560",378673,2026-05-05 21:54:15,28.8500652313232,-17.753396987915,"Unknown"
"5020560",378673,2026-05-05 21:55:15,28.8500919342041,-17.7534809112549,"Unknown"
"5020560",378673,2026-05-05 21:56:15,28.8501281738281,-17.7535705566406,"Unknown"
"5020560",378673,2026-05-05 21:57:15,28.8501586914062,-17.7536602020264,"Unknown"
"5020560",378673,2026-05-05 21:58:16,28.8501930236816,-17.7537269592285,"Unknown"
"5020560",378673,2026-05-05 21:59:16,28.8502311706543,-17.7538013458252,"Unknown"
"5020560",378673,2026-05-05 22:00:33,28.8502540588379,-17.7538948059082,"Unknown"
"5020560",378673,2026-05-05 22:01:16,28.850284576416,-17.7539539337158,"Unknown"
"5020560",378673,2026-05-05 22:02:15,28.8503475189209,-17.7540016174316,"Unknown"
"5020560",378673,2026-05-05 22:03:15,28.8504047393799,-17.7540645599365,"Unknown"
"5020560",378673,2026-05-05 22:04:16,28.8505020141602,-17.7540836334229,"Unknown"
"5020560",378673,2026-05-05 22:05:16,28.8505630493164,-17.7541580200195,"Unknown"
"5020560",378673,2026-05-05 22:06:15,28.850622177124,-17.7542285919189,"Unknown"
"5020560",378673,2026-05-05 22:07:15,28.8506565093994,-17.7543201446533,"Unknown"
"5020560",378673,2026-05-05 22:08:16,28.8507385253906,-17.7543601989746,"Unknown"
"5020560",378673,2026-05-05 22:09:15,28.850757598877,-17.7544441223145,"Unknown"
"5020560",378673,2026-05-05 22:10:16,28.8507785797119,-17.754524230957,"Unknown"
"5020560",378673,2026-05-05 22:11:15,28.8508319854736,-17.7545795440674,"Unknown"
"5020560",378673,2026-05-05 22:12:16,28.8508186340332,-17.7546577453613,"Unknown"
"5020560",378673,2026-05-05 22:13:15,28.8508625030518,-17.7547245025635,"Unknown"
"5020560",378673,2026-05-05 22:14:16,28.8508472442627,-17.754789352417,"Unknown"
"5020560",378673,2026-05-05 22:15:15,28.8508968353271,-17.7548580169678,"Unknown"
"5020560",378673,2026-05-05 22:16:16,28.8508930206299,-17.7549381256104,"Unknown"
"5020560",378673,2026-05-05 22:17:15,28.8508396148682,-17.7550392150879,"Unknown"
"5020560",378673,2026-05-05 22:18:16,28.8509578704834,-17.7550811767578,"Unknown"
"5020560",378673,2026-05-05 22:19:16,28.8509578704834,-17.7551460266113,"Unknown"
"5020560",378673,2026-05-05 22:20:16,28.8509674072266,-17.7552261352539,"Unknown"
"5020560",378673,2026-05-05 22:21:16,28.8509960174561,-17.7552928924561,"Unknown"
"5020560",378673,2026-05-05 22:22:15,28.851016998291,-17.7553844451904,"Unknown"
"5020560",378673,2026-05-05 22:23:16,28.8510608673096,-17.7554626464844,"Unknown"
"5020560",378673,2026-05-05 22:24:16,28.8511047363281,-17.7555236816406,"Unknown"
"5020560",378673,2026-05-05 22:25:16,28.851131439209,-17.7556018829346,"Unknown"
"5020560",378673,2026-05-05 22:26:16,28.8511543273926,-17.7557029724121,"Unknown"
"5020560",378673,2026-05-05 22:27:16,28.8511905670166,-17.7557964324951,"Unknown"
"5020560",378673,2026-05-05 22:28:16,28.8512115478516,-17.7558898925781,"Unknown"
"5020560",378673,2026-05-05 22:29:16,28.8512592315674,-17.755989074707,"Unknown"
"5020560",378673,2026-05-05 22:30:16,28.8512916564941,-17.7561016082764,"Unknown"
"5020560",378673,2026-05-05 22:31:16,28.8513374328613,-17.7561988830566,"Unknown"
"5020560",378673,2026-05-05 22:32:16,28.8513717651367,-17.7563056945801,"Unknown"
"5020560",378673,2026-05-05 22:33:15,28.8514366149902,-17.7564373016357,"Unknown"
"5020560",378673,2026-05-05 22:34:16,28.8514766693115,-17.7565250396729,"Unknown"
"5020560",378673,2026-05-05 22:35:16,28.8515682220459,-17.7566261291504,"Unknown"
"5020560",378673,2026-05-05 22:36:16,28.8516178131104,-17.7567405700684,"Unknown"
"5020560",378673,2026-05-05 22:37:16,28.8516597747803,-17.7568454742432,"Unknown"
"5020560",378673,2026-05-05 22:38:16,28.8517169952393,-17.756950378418,"Unknown"
"5020560",378673,2026-05-05 22:39:16,28.8517646789551,-17.7570705413818,"Unknown"
"5020560",378673,2026-05-05 22:40:16,28.8518505096436,-17.7571182250977,"Unknown"
"5020560",378673,2026-05-05 22:41:16,28.851921081543,-17.7571411132812,"Unknown"
"5020560",378673,2026-05-05 22:42:16,28.8520011901855,-17.7572193145752,"Unknown"
"5020560",378673,2026-05-05 22:43:16,28.8521156311035,-17.7572536468506,"Unknown"
"5020560",378673,2026-05-05 22:44:17,28.8521823883057,-17.7573699951172,"Unknown"
"5020560",378673,2026-05-05 22:45:18,28.8522548675537,-17.7574729919434,"Unknown"
"5020560",378673,2026-05-05 22:46:16,28.8523197174072,-17.7575721740723,"Unknown"
"5020560",378673,2026-05-05 22:47:16,28.8523826599121,-17.757661819458,"Unknown"
"5020560",378673,2026-05-05 22:48:16,28.8524284362793,-17.7577743530273,"Unknown"
"5020560",378673,2026-05-05 22:49:16,28.8524570465088,-17.7578773498535,"Unknown"
"5020560",378673,2026-05-05 22:50:16,28.8525333404541,-17.7579803466797,"Unknown"
"5020560",378673,2026-05-05 22:51:16,28.8525581359863,-17.7580871582031,"Unknown"
"5020560",378673,2026-05-05 22:52:16,28.8526287078857,-17.7581748962402,"Unknown"
"5020560",378673,2026-05-05 22:53:15,28.8526821136475,-17.7582759857178,"Unknown"
"5020560",378673,2026-05-05 22:54:16,28.8527240753174,-17.758373260498,"Unknown"
"5020560",378673,2026-05-05 22:55:16,28.8527717590332,-17.7584819793701,"Unknown"
"5020560",378673,2026-05-05 22:56:16,28.8528480529785,-17.7585830688477,"Unknown"
"5020560",378673,2026-05-05 22:57:15,28.8529281616211,-17.7586650848389,"Unknown"
"5020560",378673,2026-05-05 22:58:16,28.8529682159424,-17.7587718963623,"Unknown"
"5020560",378673,2026-05-05 22:59:16,28.8530120849609,-17.7588748931885,"Unknown"
"5020560",378673,2026-05-05 23:00:16,28.8530693054199,-17.7589683532715,"Unknown"
"5020560",378673,2026-05-05 23:01:16,28.8531341552734,-17.7590656280518,"Unknown"
"5020560",378673,2026-05-05 23:02:16,28.8531894683838,-17.7591533660889,"Unknown"
"5020560",378673,2026-05-05 23:03:15,28.8532466888428,-17.7592468261719,"Unknown"
"5020560",378673,2026-05-05 23:04:15,28.853307723999,-17.7593441009521,"Unknown"
"5020560",378673,2026-05-05 23:05:16,28.8533611297607,-17.7594375610352,"Unknown"
"5020560",378673,2026-05-05 23:06:16,28.853443145752,-17.7595443725586,"Unknown"
"5020560",378673,2026-05-05 23:07:17,28.8535194396973,-17.7596569061279,"Unknown"
"5020560",378673,2026-05-05 23:08:16,28.8535614013672,-17.7597637176514,"Unknown"
"5020560",378673,2026-05-05 23:09:15,28.853630065918,-17.7598838806152,"Unknown"
"5020560",378673,2026-05-05 23:10:15,28.8537101745605,-17.7599773406982,"Unknown"
"5020560",378673,2026-05-05 23:11:15,28.8537750244141,-17.7600936889648,"Unknown"
"5020560",378673,2026-05-05 23:12:15,28.8538513183594,-17.7602214813232,"Unknown"
"5020560",378673,2026-05-05 23:13:15,28.8539428710938,-17.7603073120117,"Unknown"
"5020560",378673,2026-05-05 23:14:16,28.8540287017822,-17.7604007720947,"Unknown"
"5020560",378673,2026-05-05 23:15:16,28.8541145324707,-17.7605075836182,"Unknown"
"5020560",378673,2026-05-05 23:16:15,28.8542003631592,-17.7606163024902,"Unknown"
"5020560",378673,2026-05-05 23:17:15,28.854284286499,-17.7607231140137,"Unknown"
"5020560",378673,2026-05-05 23:18:16,28.8543567657471,-17.7608222961426,"Unknown"
"5020560",378673,2026-05-05 23:19:15,28.8544521331787,-17.7609310150146,"Unknown"
"5020560",378673,2026-05-05 23:20:16,28.8545455932617,-17.7610321044922,"Unknown"
"5020560",378673,2026-05-05 23:21:15,28.854621887207,-17.7611446380615,"Unknown"
"5020560",378673,2026-05-05 23:22:16,28.8546829223633,-17.7612590789795,"Unknown"
"5020560",378673,2026-05-05 23:23:15,28.8547534942627,-17.7613525390625,"Unknown"
"5020560",378673,2026-05-05 23:24:15,28.8548221588135,-17.7614688873291,"Unknown"
"5020560",378673,2026-05-05 23:25:15,28.854907989502,-17.7615547180176,"Unknown"
"5020560",378673,2026-05-05 23:26:15,28.8549919128418,-17.761661529541,"Unknown"
"5020560",378673,2026-05-05 23:27:16,28.8550472259521,-17.7617607116699,"Unknown"
"5020560",378673,2026-05-05 23:28:16,28.8551063537598,-17.7618770599365,"Unknown"
"5020560",378673,2026-05-05 23:29:15,28.8551845550537,-17.7619705200195,"Unknown"
"5020560",378673,2026-05-05 23:30:16,28.85524559021,-17.7620792388916,"Unknown"
"5020560",378673,2026-05-05 23:31:15,28.8553161621094,-17.7621936798096,"Unknown"
"5020560",378673,2026-05-05 23:32:15,28.8553848266602,-17.7622985839844,"Unknown"
"5020560",378673,2026-05-05 23:33:15,28.855447769165,-17.7624282836914,"Unknown"
"5020560",378673,2026-05-05 23:34:15,28.8555355072021,-17.7625217437744,"Unknown"
"5020560",378673,2026-05-05 23:35:16,28.8556175231934,-17.7626094818115,"Unknown"
"5020560",378673,2026-05-05 23:36:16,28.8557071685791,-17.7627124786377,"Unknown"
"5020560",378673,2026-05-05 23:37:16,28.8557891845703,-17.7628211975098,"Unknown"
"5020560",378673,2026-05-05 23:38:16,28.8558826446533,-17.7629165649414,"Unknown"
"5020560",378673,2026-05-05 23:39:16,28.8559608459473,-17.7630290985107,"Unknown"
"5020560",378673,2026-05-05 23:40:16,28.8560466766357,-17.7631378173828,"Unknown"
"5020560",378673,2026-05-05 23:41:16,28.8561477661133,-17.7632541656494,"Unknown"
"5020560",378673,2026-05-05 23:42:16,28.85622215271,-17.7633571624756,"Unknown"
"5020560",378673,2026-05-05 23:43:16,28.8563041687012,-17.7634582519531,"Unknown"
"5020560",378673,2026-05-05 23:44:17,28.8563995361328,-17.7635402679443,"Unknown"
"5020560",378673,2026-05-05 23:45:16,28.8564987182617,-17.7636318206787,"Unknown"
"5020560",378673,2026-05-05 23:46:18,28.8566207885742,-17.7636394500732,"Unknown"
"5020560",378673,2026-05-05 23:47:19,28.8567199707031,-17.7636871337891,"Unknown"
"5020560",378673,2026-05-05 23:48:17,28.8567981719971,-17.763765335083,"Unknown"
"5020560",378673,2026-05-05 23:49:17,28.8569164276123,-17.7638378143311,"Unknown"
"5020560",378673,2026-05-05 23:50:16,28.8570156097412,-17.7638683319092,"Unknown"
"5020560",378673,2026-05-05 23:51:17,28.8570995330811,-17.7639217376709,"Unknown"
"5020560",378673,2026-05-05 23:52:17,28.8571891784668,-17.763988494873,"Unknown"
"5020560",378673,2026-05-05 23:53:18,28.8572654724121,-17.7640609741211,"Unknown"
"5020560",378673,2026-05-05 23:54:18,28.857328414917,-17.7641124725342,"Unknown"
"5020560",378673,2026-05-05 23:55:16,28.8574180603027,-17.7641830444336,"Unknown"
"5020560",378673,2026-05-05 23:56:16,28.8575115203857,-17.7642345428467,"Unknown"
"5020560",378673,2026-05-05 23:57:16,28.8575859069824,-17.7643203735352,"Unknown"
"5020560",378673,2026-05-05 23:58:16,28.8576831817627,-17.7644157409668,"Unknown"
"5020560",378673,2026-05-05 23:59:15,28.8577632904053,-17.7644824981689,"Unknown"
"5020560",378673,2026-05-06 00:00:15,28.8578281402588,-17.7645301818848,"Unknown"
"5020560",378673,2026-05-06 00:01:16,28.8578929901123,-17.7646179199219,"Unknown"
"5020560",378673,2026-05-06 00:02:16,28.857967376709,-17.7646484375,"Unknown"
"5020560",378673,2026-05-06 00:03:16,28.8580551147461,-17.7648029327393,"Unknown"
"5020560",378673,2026-05-06 00:04:16,28.8581295013428,-17.7648677825928,"Unknown"
"5020560",378673,2026-05-06 00:05:16,28.858226776123,-17.7649364471436,"Unknown"
"5020560",378673,2026-05-06 00:06:16,28.8583469390869,-17.7649841308594,"Unknown"
"5020560",378673,2026-05-06 00:07:16,28.8584270477295,-17.7650032043457,"Unknown"
"5020560",378673,2026-05-06 00:08:17,28.8584861755371,-17.7650337219238,"Unknown"
"5020560",378673,2026-05-06 00:09:16,28.8585510253906,-17.7650814056396,"Unknown"
"5020560",378673,2026-05-06 00:10:16,28.8586025238037,-17.76513671875,"Unknown"
"5020560",378673,2026-05-06 00:11:19,28.8586444854736,-17.7651844024658,"Unknown"
"5020560",378673,2026-05-06 00:12:16,28.8586807250977,-17.7652702331543,"Unknown"
"5020560",378673,2026-05-06 00:13:16,28.8587512969971,-17.7652893066406,"Unknown"
"5020560",378673,2026-05-06 00:14:17,28.8588352203369,-17.7653656005859,"Unknown"
"5020560",378673,2026-05-06 00:15:17,28.8589344024658,-17.7654342651367,"Unknown"
"5020560",378673,2026-05-06 00:16:16,28.858980178833,-17.7654857635498,"Unknown"
"5020560",378673,2026-05-06 00:17:17,28.8590564727783,-17.7655220031738,"Unknown"
"5020560",378673,2026-05-06 00:18:16,28.8591461181641,-17.7656364440918,"Unknown"
"5020560",378673,2026-05-06 00:19:16,28.8592357635498,-17.7657299041748,"Unknown"
"5020560",378673,2026-05-06 00:20:17,28.8593044281006,-17.7657642364502,"Unknown"
"5020560",378673,2026-05-06 00:21:18,28.8593807220459,-17.7658748626709,"Unknown"
"5020560",378673,2026-05-06 00:22:16,28.8594417572021,-17.7658596038818,"Unknown"
"5020560",378673,2026-05-06 00:23:16,28.859525680542,-17.7659339904785,"Unknown"
"5020560",378673,2026-05-06 00:24:15,28.8595924377441,-17.7659339904785,"Unknown"
"5020560",378673,2026-05-06 00:25:18,28.8596744537354,-17.765998840332,"Unknown"
"5020560",378673,2026-05-06 00:26:16,28.8597621917725,-17.7660217285156,"Unknown"
"5020560",378673,2026-05-06 00:27:16,28.8598461151123,-17.7660446166992,"Unknown"
"5020560",378673,2026-05-06 00:28:16,28.8599681854248,-17.7660865783691,"Unknown"
"5020560",378673,2026-05-06 00:29:16,28.8600368499756,-17.7661018371582,"Unknown"
"5020560",378673,2026-05-06 00:30:16,28.8601207733154,-17.7661266326904,"Unknown"
"5020560",378673,2026-05-06 00:31:16,28.8602123260498,-17.7661514282227,"Unknown"
"5020560",378673,2026-05-06 00:32:17,28.8602886199951,-17.7662544250488,"Unknown"
"5020560",378673,2026-05-06 00:33:16,28.8603515625,-17.7662048339844,"Unknown"
"5020560",378673,2026-05-06 00:34:17,28.8604297637939,-17.7663612365723,"Unknown"
"5020560",378673,2026-05-06 00:35:17,28.860466003418,-17.7663841247559,"Unknown"
"5020560",378673,2026-05-06 00:36:16,28.8605289459229,-17.7663917541504,"Unknown"
"5020560",378673,2026-05-06 00:37:16,28.8605861663818,-17.7664604187012,"Unknown"
"5020560",378673,2026-05-06 00:38:21,28.8606662750244,-17.766565322876,"Unknown"
"5020560",378673,2026-05-06 00:39:18,28.8607177734375,-17.7665901184082,"Unknown"
"5020560",378673,2026-05-06 00:40:17,28.8607616424561,-17.7666645050049,"Unknown"
"5020560",378673,2026-05-06 00:41:20,28.8608112335205,-17.7667121887207,"Unknown"
"5020560",378673,2026-05-06 00:42:17,28.8608665466309,-17.7667675018311,"Unknown"
"5020560",378673,2026-05-06 00:43:17,28.8609142303467,-17.7667980194092,"Unknown"
"5020560",378673,2026-05-06 00:44:18,28.8609962463379,-17.7668895721436,"Unknown"
"5020560",378673,2026-05-06 00:45:19,28.8610534667969,-17.7669525146484,"Unknown"
"5020560",378673,2026-05-06 00:46:18,28.8611145019531,-17.7669506072998,"Unknown"
"5020560",378673,2026-05-06 00:47:16,28.8611888885498,-17.7669773101807,"Unknown"
"5020560",378673,2026-05-06 00:48:19,28.861234664917,-17.7670478820801,"Unknown"
"5020560",378673,2026-05-06 00:49:18,28.8612899780273,-17.7670631408691,"Unknown"
"5020560",378673,2026-05-06 00:50:17,28.8613452911377,-17.7671165466309,"Unknown"
"5020560",378673,2026-05-06 00:51:16,28.8613929748535,-17.7671318054199,"Unknown"
"5020560",378673,2026-05-06 00:52:16,28.8614959716797,-17.7671604156494,"Unknown"
"5020560",378673,2026-05-06 00:53:16,28.86155128479,-17.7672176361084,"Unknown"
"5020560",378673,2026-05-06 00:54:16,28.8616409301758,-17.7672481536865,"Unknown"
"5020560",378673,2026-05-06 00:55:16,28.8616771697998,-17.7672901153564,"Unknown"
"5020560",378673,2026-05-06 00:56:16,28.8617515563965,-17.7672996520996,"Unknown"
"5020560",378673,2026-05-06 00:57:16,28.8618183135986,-17.7672481536865,"Unknown"
"5020560",378673,2026-05-06 00:58:16,28.8618221282959,-17.7673187255859,"Unknown"
"5020560",378673,2026-05-06 00:59:16,28.8618927001953,-17.7673397064209,"Unknown"
"5020560",378673,2026-05-06 01:00:16,28.8619117736816,-17.7673645019531,"Unknown"
"5020560",378673,2026-05-06 01:01:32,28.8619766235352,-17.7674255371094,"Unknown"
"5020560",378673,2026-05-06 01:02:15,28.8620204925537,-17.7674560546875,"Unknown"
"5020560",378673,2026-05-06 01:03:17,28.8620853424072,-17.7674942016602,"Unknown"
"5020560",378673,2026-05-06 01:08:16,28.8622627258301,-17.7676486968994,"Unknown"
"5020560",378673,2026-05-06 01:13:19,28.8624038696289,-17.7677383422852,"Unknown"
"5020560",378673,2026-05-06 01:18:18,28.8625259399414,-17.7679252624512,"Unknown"
"5020560",378673,2026-05-06 01:23:18,28.8625812530518,-17.7679195404053,"Unknown"
"5020560",378673,2026-05-06 01:28:18,28.8626365661621,-17.7681522369385,"Unknown"
"5020560",378673,2026-05-06 01:33:17,28.8626594543457,-17.7683258056641,"Unknown"
"5020560",378673,2026-05-06 01:38:19,28.8627681732178,-17.7684993743896,"Unknown"
"5020560",378673,2026-05-06 01:43:16,28.862886428833,-17.7687225341797,"Unknown"
"5020560",378673,2026-05-06 01:48:18,28.8630599975586,-17.7688884735107,"Unknown"
"5020560",378673,2026-05-06 01:53:16,28.8631267547607,-17.7690734863281,"Unknown"
"5020560",378673,2026-05-06 01:58:18,28.86328125,-17.7693367004395,"Unknown"
"5020560",378673,2026-05-06 02:03:17,28.8633441925049,-17.7695331573486,"Unknown"
"5020560",378673,2026-05-06 02:08:18,28.8634643554688,-17.7697257995605,"Unknown"
"5020560",378673,2026-05-06 02:13:17,28.8635807037354,-17.7699584960938,"Unknown"
"5020560",378673,2026-05-06 02:18:18,28.8637657165527,-17.7701663970947,"Unknown"
"5020560",378673,2026-05-06 02:23:19,28.8639831542969,-17.7704257965088,"Unknown"
"5020560",378673,2026-05-06 02:28:20,28.8642463684082,-17.7707386016846,"Unknown"
"5020560",378673,2026-05-06 02:33:19,28.864429473877,-17.7711372375488,"Unknown"
"5020560",378673,2026-05-06 02:38:21,28.8646278381348,-17.7715225219727,"Unknown"
"5020560",378673,2026-05-06 02:43:24,28.8647918701172,-17.7718353271484,"Unknown"
"5020560",378673,2026-05-06 02:48:23,28.8649959564209,-17.7721881866455,"Unknown"
"5020560",378673,2026-05-06 02:53:33,28.8651351928711,-17.7725639343262,"Unknown"
"5020560",378673,2026-05-06 02:58:21,28.8652839660645,-17.772855758667,"Unknown"
"5020560",378673,2026-05-06 03:08:17,28.8657207489014,-17.7735347747803,"Unknown"
"5020560",378673,2026-05-06 03:13:18,28.86594581604,-17.7737998962402,"Unknown"
"5020560",378673,2026-05-06 03:23:33,28.8664226531982,-17.7741546630859,"Unknown"
"5020560",378673,2026-05-06 03:28:16,28.8666591644287,-17.7742366790771,"Unknown"
"5020560",378673,2026-05-06 03:38:17,28.8671779632568,-17.7742691040039,"Unknown"
"5020560",378673,2026-05-06 03:48:16,28.8675231933594,-17.7744693756104,"Unknown"
"5020560",378673,2026-05-06 03:58:16,28.8677291870117,-17.7748432159424,"Unknown"
"5020560",378673,2026-05-06 04:08:16,28.8680515289307,-17.7751846313477,"Unknown"
"5020560",378673,2026-05-06 04:18:19,28.8683967590332,-17.7756214141846,"Unknown"
"5020560",378673,2026-05-06 04:23:18,28.8684692382812,-17.7757892608643,"Unknown"
"5020560",378673,2026-05-06 04:33:18,28.8687381744385,-17.7761611938477,"Unknown"
"5020560",378673,2026-05-06 04:43:17,28.8691177368164,-17.7765674591064,"Unknown"
"5020560",378673,2026-05-06 04:53:20,28.869514465332,-17.7770366668701,"Unknown"
"5020560",378673,2026-05-06 05:03:21,28.8699398040771,-17.7771911621094,"Unknown"
"5020560",378673,2026-05-06 05:13:33,28.8703002929688,-17.7774524688721,"Unknown"
"5020560",378673,2026-05-06 05:23:19,28.8706092834473,-17.7779140472412,"Unknown"
"5020560",378673,2026-05-06 05:33:18,28.8710289001465,-17.7781162261963,"Unknown"
"5020560",378673,2026-05-06 05:43:33,28.8717308044434,-17.7781200408936,"Unknown"
"5020560",378673,2026-05-06 05:53:17,28.8726005554199,-17.7779235839844,"Unknown"
"5020560",378673,2026-05-06 06:03:33,28.8733901977539,-17.7779636383057,"Unknown"
"5020560",378673,2026-05-06 06:13:17,28.8740978240967,-17.7781600952148,"Unknown"
"5020560",378673,2026-05-06 06:23:17,28.8749561309814,-17.778564453125,"Unknown"
"5020560",378673,2026-05-06 06:33:18,28.8757209777832,-17.7791004180908,"Unknown"
"5020560",378673,2026-05-06 06:43:16,28.8762626647949,-17.7799301147461,"Unknown"
"5020560",378673,2026-05-06 06:53:17,28.8768119812012,-17.7804317474365,"Unknown"
"5020560",378673,2026-05-06 07:03:17,28.8773784637451,-17.7811584472656,"Unknown"
"5020560",378673,2026-05-06 07:13:20,28.8778285980225,-17.7819385528564,"Unknown"
"5020560",378673,2026-05-06 07:23:16,28.8785400390625,-17.7826995849609,"Unknown"
"5020560",378673,2026-05-06 07:33:47,28.8792972564697,-17.7834968566895,"Unknown"
"5020560",378673,2026-05-06 07:43:19,28.8799057006836,-17.7842502593994,"Unknown"
"5020560",378673,2026-05-06 07:53:19,28.8802871704102,-17.7849159240723,"Unknown"
"5020560",378673,2026-05-06 07:58:19,28.8805885314941,-17.7853126525879,"Unknown"
"5020560",378673,2026-05-06 08:03:21,28.8809070587158,-17.7857093811035,"Unknown"
"5020560",378673,2026-05-06 08:08:33,28.8812389373779,-17.7860908508301,"Unknown"
"5020560",378673,2026-05-06 08:13:17,28.8815288543701,-17.7864608764648,"Unknown"
"5020560",378673,2026-05-06 08:18:18,28.8818283081055,-17.7868385314941,"Unknown"
"5020560",378673,2026-05-06 08:23:16,28.8820419311523,-17.7871589660645,"Unknown"
"5020560",378673,2026-05-06 08:28:18,28.8821983337402,-17.7875175476074,"Unknown"
"5020560",378673,2026-05-06 08:33:17,28.8823890686035,-17.7878398895264,"Unknown"
"5020560",378673,2026-05-06 08:38:19,28.8825454711914,-17.7882308959961,"Unknown"
"5020560",378673,2026-05-06 08:43:18,28.8828105926514,-17.788703918457,"Unknown"
"5020560",378673,2026-05-06 08:48:18,28.8830471038818,-17.7891635894775,"Unknown"
"5020560",378673,2026-05-06 08:53:18,28.8832988739014,-17.7896270751953,"Unknown"
"5020560",378673,2026-05-06 08:58:18,28.8835887908936,-17.7901573181152,"Unknown"
"5020560",378673,2026-05-06 09:03:17,28.8838062286377,-17.7907028198242,"Unknown"
"5020560",378673,2026-05-06 09:08:18,28.8840446472168,-17.7912559509277,"Unknown"
"5020560",378673,2026-05-06 09:13:17,28.8843669891357,-17.7918395996094,"Unknown"
"5020560",378673,2026-05-06 09:18:18,28.8845863342285,-17.7925472259521,"Unknown"
"5020560",378673,2026-05-06 09:23:22,28.8849182128906,-17.7932205200195,"Unknown"
"5020560",378673,2026-05-06 09:28:18,28.8853225708008,-17.7938079833984,"Unknown"
"5020560",378673,2026-05-06 09:33:18,28.885684967041,-17.7945804595947,"Unknown"
"5020560",378673,2026-05-06 09:38:18,28.8860263824463,-17.795259475708,"Unknown"
"5020560",378673,2026-05-06 09:43:18,28.886417388916,-17.796049118042,"Unknown"
"5020560",378673,2026-05-06 09:48:19,28.8868503570557,-17.7968349456787,"Unknown"
"5020560",378673,2026-05-06 09:53:17,28.8873386383057,-17.7976531982422,"Unknown"
"5020560",378673,2026-05-06 09:58:19,28.8878707885742,-17.7984600067139,"Unknown"
"5020560",378673,2026-05-06 10:03:32,28.8883686065674,-17.7991504669189,"Unknown"
"5020560",378673,2026-05-06 10:08:19,28.8888607025146,-17.7998962402344,"Unknown"
"5020560",378673,2026-05-06 10:13:17,28.8893508911133,-17.8006057739258,"Unknown"
"5020560",378673,2026-05-06 10:18:18,28.889856338501,-17.8012428283691,"Unknown"
"5020560",378673,2026-05-06 10:23:19,28.8903656005859,-17.8020496368408,"Unknown"
"5020560",378673,2026-05-06 10:28:17,28.8908023834229,-17.8029441833496,"Unknown"
"5020560",378673,2026-05-06 10:33:19,28.8912792205811,-17.8038673400879,"Unknown"
"5020560",378673,2026-05-06 10:38:17,28.8917617797852,-17.8048496246338,"Unknown"
"5020560",378673,2026-05-06 10:43:18,28.892261505127,-17.8058528900146,"Unknown"
"5020560",378673,2026-05-06 10:48:17,28.8926467895508,-17.8068923950195,"Unknown"
"5020560",378673,2026-05-06 10:53:19,28.8930549621582,-17.8079433441162,"Unknown"
"5020560",378673,2026-05-06 10:58:19,28.8934192657471,-17.8090515136719,"Unknown"
"5020560",378673,2026-05-06 11:03:19,28.8938274383545,-17.8100929260254,"Unknown"
"5020560",378673,2026-05-06 11:08:20,28.8941993713379,-17.8111267089844,"Unknown"
"5020560",378673,2026-05-06 11:13:19,28.8945579528809,-17.8121013641357,"Unknown"
"5020560",378673,2026-05-06 11:18:18,28.8949337005615,-17.8129997253418,"Unknown"
"5020560",378673,2026-05-06 11:23:24,28.8953285217285,-17.8139514923096,"Unknown"
"5020560",378673,2026-05-06 11:28:18,28.8956279754639,-17.8147983551025,"Unknown"
"5020560",378673,2026-05-06 11:33:20,28.8958358764648,-17.8155765533447,"Unknown"
"5020560",378673,2026-05-06 11:38:19,28.8959159851074,-17.8160018920898,"Unknown"
"5020560",378673,2026-05-06 11:43:18,28.8959465026855,-17.8163375854492,"Unknown"
"5020560",378673,2026-05-06 11:48:47,28.8959522247314,-17.8167591094971,"Unknown"
"5020560",378673,2026-05-06 11:53:16,28.8958721160889,-17.8168201446533,"Unknown"
"5020560",378673,2026-05-06 11:58:17,28.8958587646484,-17.8170738220215,"Unknown"
"5020560",378673,2026-05-06 12:03:18,28.8956832885742,-17.8172855377197,"Unknown"
"5020560",378673,2026-05-06 12:08:16,28.8953971862793,-17.817512512207,"Unknown"
"5020560",378673,2026-05-06 12:13:18,28.8951435089111,-17.8178043365479,"Unknown"
"5020560",378673,2026-05-06 12:18:19,28.8949737548828,-17.8181819915771,"Unknown"
"5020560",378673,2026-05-06 12:23:17,28.8948135375977,-17.8184967041016,"Unknown"
"5020560",378673,2026-05-06 12:28:18,28.8946857452393,-17.8186511993408,"Unknown"
"5020560",378673,2026-05-06 12:33:16,28.8945217132568,-17.8189582824707,"Unknown"
"5020560",378673,2026-05-06 12:38:16,28.8941535949707,-17.8191261291504,"Unknown"
"5020560",378673,2026-05-06 12:43:19,28.8938598632812,-17.8193264007568,"Unknown"
"5020560",378673,2026-05-06 12:48:19,28.8934783935547,-17.819709777832,"Unknown"
"5020560",378673,2026-05-06 12:53:17,28.8930683135986,-17.8200874328613,"Unknown"
"5020560",378673,2026-05-06 12:58:18,28.8927173614502,-17.8203639984131,"Unknown"
"5020560",378673,2026-05-06 13:03:24,28.8922004699707,-17.8208084106445,"Unknown"
"5020560",378673,2026-05-06 13:08:24,28.8917541503906,-17.8211898803711,"Unknown"
"5020560",378673,2026-05-06 13:13:15,28.891357421875,-17.8215045928955,"Unknown"
"5020560",378673,2026-05-06 13:18:15,28.891056060791,-17.8219203948975,"Unknown"
"5020560",378673,2026-05-06 13:23:19,28.8907470703125,-17.8223400115967,"Unknown"
"5020560",378673,2026-05-06 13:28:33,28.8903522491455,-17.8227691650391,"Unknown"
"5020560",378673,2026-05-06 13:33:20,28.8900527954102,-17.8231391906738,"Unknown"
"5020560",378673,2026-05-06 13:38:17,28.8897247314453,-17.8235473632812,"Unknown"
"5020560",378673,2026-05-06 13:43:21,28.8894386291504,-17.8240547180176,"Unknown"
"5020560",378673,2026-05-06 13:48:27,28.8891582489014,-17.8244953155518,"Unknown"
"5020560",378673,2026-05-06 13:53:18,28.8888454437256,-17.8249740600586,"Unknown"
"5020560",378673,2026-05-06 13:58:30,28.8885097503662,-17.8253955841064,"Unknown"
"5020560",378673,2026-05-06 14:03:19,28.8881740570068,-17.8257694244385,"Unknown"
"5020560",378673,2026-05-06 14:08:20,28.8879165649414,-17.8262748718262,"Unknown"
"5020560",378673,2026-05-06 14:13:19,28.8876514434814,-17.8267841339111,"Unknown"
"5020560",378673,2026-05-06 14:18:20,28.8874530792236,-17.8273696899414,"Unknown"
"5020560",378673,2026-05-06 14:23:18,28.8872699737549,-17.8279800415039,"Unknown"
"5020560",378673,2026-05-06 14:28:18,28.8871078491211,-17.8285350799561,"Unknown"
"5020560",378673,2026-05-06 14:33:17,28.8869171142578,-17.8291110992432,"Unknown"
"5020560",378673,2026-05-06 14:38:18,28.886775970459,-17.8296756744385,"Unknown"
"5020560",378673,2026-05-06 14:43:16,28.8865299224854,-17.8302574157715,"Unknown"
"5020560",378673,2026-05-06 14:48:18,28.8864574432373,-17.8307971954346,"Unknown"
"5020560",378673,2026-05-06 14:53:18,28.8862705230713,-17.8313636779785,"Unknown"
"5020560",378673,2026-05-06 14:58:18,28.8862037658691,-17.831901550293,"Unknown"
"5020560",378673,2026-05-06 15:03:47,28.8861141204834,-17.832592010498,"Unknown"
"5020560",378673,2026-05-06 15:08:19,28.8860569000244,-17.8331718444824,"Unknown"
"5020560",378673,2026-05-06 15:13:16,28.886058807373,-17.8337421417236,"Unknown"
"5020560",378673,2026-05-06 15:18:16,28.8860855102539,-17.834300994873,"Unknown"
"5020560",378673,2026-05-06 15:23:17,28.8861045837402,-17.8347473144531,"Unknown"
"5020560",378673,2026-05-06 15:28:17,28.886157989502,-17.8352127075195,"Unknown"
"5020560",378673,2026-05-06 15:33:17,28.8862457275391,-17.8356590270996,"Unknown"
"5020560",378673,2026-05-06 15:38:20,28.8862266540527,-17.8361854553223,"Unknown"
"5020560",378673,2026-05-06 15:43:17,28.8862457275391,-17.836669921875,"Unknown"
"5020560",378673,2026-05-06 15:48:17,28.8863143920898,-17.837215423584,"Unknown"
"5020560",378673,2026-05-06 15:53:16,28.8863277435303,-17.8377914428711,"Unknown"
"5020560",378673,2026-05-06 15:58:17,28.8863964080811,-17.8383865356445,"Unknown"
"5020560",378673,2026-05-06 16:03:21,28.8864402770996,-17.8390464782715,"Unknown"
"5020560",378673,2026-05-06 16:08:16,28.8865661621094,-17.8396987915039,"Unknown"
"5020560",378673,2026-05-06 16:13:17,28.886646270752,-17.8402099609375,"Unknown"
"5020560",378673,2026-05-06 16:18:21,28.8867225646973,-17.8409061431885,"Unknown"
"5020560",378673,2026-05-06 16:23:18,28.8867778778076,-17.8415927886963,"Unknown"
"5020560",378673,2026-05-06 16:28:19,28.8866157531738,-17.8423557281494,"Unknown"
"5020560",378673,2026-05-06 16:33:17,28.8865032196045,-17.843090057373,"Unknown"
"5020560",378673,2026-05-06 16:38:21,28.8863143920898,-17.8438034057617,"Unknown"
"5020560",378673,2026-05-06 16:43:20,28.8859386444092,-17.8446063995361,"Unknown"
"5020560",378673,2026-05-06 16:48:19,28.8857364654541,-17.8454151153564,"Unknown"
"5020560",378673,2026-05-06 16:53:17,28.8857536315918,-17.8462295532227,"Unknown"
"5020560",378673,2026-05-06 16:58:16,28.8855781555176,-17.8470802307129,"Unknown"
"5020560",378673,2026-05-06 17:03:21,28.8852291107178,-17.8482093811035,"Unknown"
"5020560",378673,2026-05-06 17:08:17,28.884838104248,-17.8493537902832,"Unknown"
"5020560",378673,2026-05-06 17:13:19,28.8844680786133,-17.8504753112793,"Unknown"
"5020560",378673,2026-05-06 17:18:20,28.8840789794922,-17.8514919281006,"Unknown"
"5020560",378673,2026-05-06 17:23:21,28.8836669921875,-17.8525447845459,"Unknown"
"5020560",378673,2026-05-06 17:28:21,28.8833198547363,-17.8536338806152,"Unknown"
"5020560",378673,2026-05-06 17:33:18,28.8829498291016,-17.8546905517578,"Unknown"
"5020560",378673,2026-05-06 17:38:47,28.8826427459717,-17.8558578491211,"Unknown"
"5020560",378673,2026-05-06 17:43:18,28.8824348449707,-17.8567962646484,"Unknown"
"5020560",378673,2026-05-06 17:48:33,28.8822803497314,-17.8578567504883,"Unknown"
"5020560",378673,2026-05-06 17:53:18,28.8821849822998,-17.8588066101074,"Unknown"
"5020560",378673,2026-05-06 17:58:16,28.8820686340332,-17.8598594665527,"Unknown"
"5020560",378673,2026-05-06 18:03:16,28.8819885253906,-17.8609218597412,"Unknown"
"5020560",378673,2026-05-06 18:08:16,28.8819141387939,-17.8620166778564,"Unknown"
"5020560",378673,2026-05-06 18:13:16,28.8819141387939,-17.8631343841553,"Unknown"
"5020560",378673,2026-05-06 18:18:18,28.8819808959961,-17.8642845153809,"Unknown"
"5020560",378673,2026-05-06 18:23:21,28.8820171356201,-17.8653526306152,"Unknown"
"5020560",378673,2026-05-06 18:28:18,28.8820762634277,-17.8663463592529,"Unknown"
"5020560",378673,2026-05-06 18:33:16,28.8821563720703,-17.8673572540283,"Unknown"
"5020560",378673,2026-05-06 18:38:19,28.8822536468506,-17.8683929443359,"Unknown"
"5020560",378673,2026-05-06 18:43:21,28.8823661804199,-17.8695011138916,"Unknown"
"5020560",378673,2026-05-06 18:48:17,28.8825016021729,-17.8705501556396,"Unknown"
"5020560",378673,2026-05-06 18:53:20,28.8825931549072,-17.8714733123779,"Unknown"
"5020560",378673,2026-05-06 18:58:47,28.8827304840088,-17.872631072998,"Unknown"
"5020560",378673,2026-05-06 19:03:16,28.8829364776611,-17.873571395874,"Unknown"
"5020560",378673,2026-05-06 19:08:17,28.8831081390381,-17.8745384216309,"Unknown"
"5020560",378673,2026-05-06 19:13:17,28.8832130432129,-17.8754730224609,"Unknown"
"5020560",378673,2026-05-06 19:18:18,28.8832702636719,-17.8764019012451,"Unknown"
"5020560",378673,2026-05-06 19:23:18,28.883264541626,-17.8772506713867,"Unknown"
"5020561",378674,2026-04-22 17:57:23,28.8574199676514,-17.8672065734863,"Unknown"
"5020561",378674,2026-04-22 18:10:14,28.8564491271973,-17.864782333374,"Unknown"
"5020561",378674,2026-04-22 18:25:15,28.8549823760986,-17.8622703552246,"Unknown"
"5020561",378674,2026-04-22 18:40:18,28.85085105896,-17.8619327545166,"Unknown"
"5020561",378674,2026-04-22 18:56:35,28.849983215332,-17.855899810791,"Unknown"
"5020561",378674,2026-04-22 19:11:35,28.8520774841309,-17.8495635986328,"Unknown"
"5020561",378674,2026-04-22 19:25:11,28.8517017364502,-17.8492698669434,"Unknown"
"5020561",378674,2026-04-22 19:40:10,28.8521194458008,-17.842378616333,"Unknown"
"5020561",378674,2026-04-22 19:55:11,28.8520851135254,-17.8202209472656,"Unknown"
"5020561",378674,2026-04-22 20:10:33,28.8530254364014,-17.8238067626953,"Unknown"
"5020561",378674,2026-04-22 20:25:11,28.8531494140625,-17.8249111175537,"Unknown"
"5020561",378674,2026-04-22 20:40:11,28.8532752990723,-17.8258857727051,"Unknown"
"5020561",378674,2026-04-22 20:55:11,28.8528022766113,-17.8268871307373,"Unknown"
"5020561",378674,2026-04-22 21:10:10,28.8521499633789,-17.8279514312744,"Unknown"
"5020561",378674,2026-04-22 21:25:11,28.8519897460938,-17.8295116424561,"Unknown"
"5020561",378674,2026-04-22 21:40:10,28.8524913787842,-17.8311443328857,"Unknown"
"5020561",378674,2026-04-22 21:55:20,28.8517818450928,-17.8327655792236,"Unknown"
"5020561",378674,2026-04-22 22:10:21,28.8518657684326,-17.833812713623,"Unknown"
"5020561",378674,2026-04-22 22:25:25,28.8519592285156,-17.8347358703613,"Unknown"
"5020561",378674,2026-04-22 22:40:20,28.8524494171143,-17.8353462219238,"Unknown"
"5020561",378674,2026-04-22 22:55:47,28.8527202606201,-17.8362865447998,"Unknown"
"5020561",378674,2026-04-22 23:10:20,28.8529777526855,-17.8372173309326,"Unknown"
"5020561",378674,2026-04-22 23:25:21,28.8536529541016,-17.8378944396973,"Unknown"
"5020561",378674,2026-04-22 23:40:51,28.8539733886719,-17.8382186889648,"Unknown"
"5020561",378674,2026-04-22 23:55:20,28.8539428710938,-17.8384113311768,"Unknown"
"5020561",378674,2026-04-23 00:10:21,28.853889465332,-17.8391132354736,"Unknown"
"5020561",378674,2026-04-23 00:25:23,28.8542671203613,-17.8398246765137,"Unknown"
"5020561",378674,2026-04-23 00:40:47,28.8541278839111,-17.8402767181396,"Unknown"
"5020561",378674,2026-04-23 00:55:21,28.8541984558105,-17.8409271240234,"Unknown"
"5020561",378674,2026-04-23 01:10:21,28.8542098999023,-17.8416690826416,"Unknown"
"5020561",378674,2026-04-23 01:25:23,28.8543815612793,-17.8425426483154,"Unknown"
"5020561",378674,2026-04-23 01:40:21,28.8545551300049,-17.8435707092285,"Unknown"
"5020561",378674,2026-04-23 01:55:21,28.8546257019043,-17.8446407318115,"Unknown"
"5020561",378674,2026-04-23 02:10:51,28.8551197052002,-17.8451480865479,"Unknown"
"5020561",378674,2026-04-23 02:25:20,28.8551769256592,-17.8456630706787,"Unknown"
"5020561",378674,2026-04-23 02:40:21,28.8559188842773,-17.8449687957764,"Unknown"
"5020561",378674,2026-04-23 02:55:20,28.8177642822266,-17.751220703125,"Unknown"
"5020561",378674,2026-04-23 03:10:29,28.7623977661133,-17.7568130493164,"Unknown"
"5020561",378674,2026-04-23 03:25:29,28.7616844177246,-17.7569828033447,"Unknown"
"5020561",378674,2026-04-23 03:40:31,28.7621421813965,-17.757905960083,"Unknown"
"5020561",378674,2026-04-23 03:56:45,28.7626800537109,-17.7569732666016,"Unknown"
"5020561",378674,2026-04-23 04:10:34,28.7632942199707,-17.7546081542969,"Unknown"
"5020561",378674,2026-04-23 04:25:21,28.7649593353271,-17.749828338623,"Unknown"
"5020561",378674,2026-04-23 04:41:45,28.7618083953857,-17.7569332122803,"Unknown"
"5020561",378674,2026-04-23 04:55:47,28.7619686126709,-17.7570610046387,"Unknown"
"5020561",378674,2026-04-23 05:10:35,28.7615852355957,-17.7571144104004,"Unknown"
"5020561",378674,2026-04-23 05:25:51,28.7638206481934,-17.7546520233154,"Unknown"
"5020561",378674,2026-04-23 05:40:23,28.7745170593262,-17.7292881011963,"Unknown"
"5020561",378674,2026-04-23 05:55:23,28.7756042480469,-17.7206401824951,"Unknown"
"5020561",378674,2026-04-23 06:10:47,28.7779998779297,-17.7193813323975,"Unknown"
"5020561",378674,2026-04-23 06:25:20,28.7354221343994,-17.6351718902588,"Unknown"
"5020561",378674,2026-04-23 06:40:22,28.6665573120117,-17.5371952056885,"Unknown"
"5020561",378674,2026-04-23 06:55:21,28.5988254547119,-17.4477157592773,"Unknown"
"5020561",378674,2026-04-23 07:10:21,28.5123596191406,-17.3688907623291,"Unknown"
"5020561",378674,2026-04-23 07:25:22,28.4705200195312,-17.3079891204834,"Unknown"
"5020561",378674,2026-04-23 07:40:26,28.4673614501953,-17.3080635070801,"Unknown"
"5020561",378674,2026-04-23 07:55:24,28.4655075073242,-17.3033561706543,"Unknown"
"5020561",378674,2026-04-23 08:10:46,28.4573879241943,-17.3020915985107,"Unknown"
"5020561",378674,2026-04-23 08:25:20,28.4547004699707,-17.3009910583496,"Unknown"
"5020561",378674,2026-04-23 08:40:22,28.4496402740479,-17.2971801757812,"Unknown"
"5020561",378674,2026-04-23 08:55:21,28.442289352417,-17.297248840332,"Unknown"
"5020561",378674,2026-04-23 09:10:21,28.4425468444824,-17.2940711975098,"Unknown"
"5020561",378674,2026-04-23 09:25:20,28.4345264434814,-17.2932891845703,"Unknown"
"5020561",378674,2026-04-23 09:40:25,28.4324779510498,-17.2960376739502,"Unknown"
"5020561",378674,2026-04-23 10:00:31,28.4290733337402,-17.2956886291504,"Unknown"
"5020561",378674,2026-04-23 10:15:32,28.4273815155029,-17.2964286804199,"Unknown"
"5020561",378674,2026-04-23 10:30:57,28.4257431030273,-17.2972717285156,"Unknown"
"5020561",378674,2026-04-23 10:45:28,28.4243412017822,-17.2978000640869,"Unknown"
"5020561",378674,2026-04-23 11:00:29,28.4226665496826,-17.2986946105957,"Unknown"
"5020561",378674,2026-04-23 11:15:29,28.4191017150879,-17.3020839691162,"Unknown"
"5020561",378674,2026-04-23 11:30:29,28.425142288208,-17.2982559204102,"Unknown"
"5020561",378674,2026-04-23 11:45:30,28.423942565918,-17.2990169525146,"Unknown"
"5020561",378674,2026-04-23 12:00:29,28.4228992462158,-17.2993278503418,"Unknown"
"5020561",378674,2026-04-23 12:15:30,28.4217834472656,-17.2993698120117,"Unknown"
"5020561",378674,2026-04-23 12:30:30,28.4212207794189,-17.2999153137207,"Unknown"
"5020561",378674,2026-04-23 12:45:29,28.4207172393799,-17.3008079528809,"Unknown"
"5020561",378674,2026-04-23 13:00:57,28.4206504821777,-17.3019027709961,"Unknown"
"5020561",378674,2026-04-23 13:15:30,28.4204597473145,-17.3019428253174,"Unknown"
"5020561",378674,2026-04-23 13:30:30,28.4199867248535,-17.3013477325439,"Unknown"
"5020561",378674,2026-04-23 13:45:37,28.4236068725586,-17.3031883239746,"Unknown"
"5020561",378674,2026-04-23 14:00:57,28.4237937927246,-17.3039512634277,"Unknown"
"5020561",378674,2026-04-23 14:15:31,28.4239234924316,-17.3042755126953,"Unknown"
"5020561",378674,2026-04-23 14:31:03,28.4246940612793,-17.3047332763672,"Unknown"
"5020561",378674,2026-04-23 14:45:28,28.4344234466553,-17.2942523956299,"Unknown"
"5020561",378674,2026-04-23 15:00:30,28.4355354309082,-17.2773628234863,"Unknown"
"5020561",378674,2026-04-23 15:15:28,28.4270401000977,-17.2760734558105,"Unknown"
"5020561",378674,2026-04-23 15:30:29,28.4183387756348,-17.2888736724854,"Unknown"
"5020561",378674,2026-04-23 15:45:30,28.3919734954834,-17.3272514343262,"Unknown"
"5020561",378674,2026-04-23 16:00:32,28.3981094360352,-17.342903137207,"Unknown"
"5020561",378674,2026-04-23 16:15:33,28.3984661102295,-17.341926574707,"Unknown"
"5020561",378674,2026-04-23 16:30:57,28.3988914489746,-17.3408870697021,"Unknown"
"5020561",378674,2026-04-23 16:45:29,28.3992710113525,-17.3397064208984,"Unknown"
"5020561",378674,2026-04-23 17:00:29,28.3993034362793,-17.3385639190674,"Unknown"
"5020561",378674,2026-04-23 17:15:29,28.3994102478027,-17.3372497558594,"Unknown"
"5020561",378674,2026-04-23 17:30:29,28.3995037078857,-17.3363227844238,"Unknown"
"5020561",378674,2026-04-23 17:45:29,28.4021835327148,-17.3699474334717,"Unknown"
"5020561",378674,2026-04-23 18:00:57,28.4122753143311,-17.4375534057617,"Unknown"
"5020561",378674,2026-04-23 18:15:35,28.4156227111816,-17.4488430023193,"Unknown"
"5020561",378674,2026-04-23 18:30:30,28.4360237121582,-17.5301132202148,"Unknown"
"5020561",378674,2026-04-23 18:45:28,28.4654026031494,-17.6159629821777,"Unknown"
"5020561",378674,2026-04-23 19:01:53,28.5189666748047,-17.6912517547607,"Unknown"
"5020561",378674,2026-04-23 19:16:53,28.6019630432129,-17.7211093902588,"Unknown"
"5020561",378674,2026-04-23 19:31:21,28.6245708465576,-17.7238712310791,"Unknown"
"5020561",378674,2026-04-23 19:45:30,28.6438426971436,-17.7194843292236,"Unknown"
"5020561",378674,2026-04-23 20:00:57,28.6720085144043,-17.7248611450195,"Unknown"
"5020561",378674,2026-04-23 20:15:31,28.6836166381836,-17.7210750579834,"Unknown"
"5020561",378674,2026-04-23 20:30:30,28.6858997344971,-17.720817565918,"Unknown"
"5020561",378674,2026-04-23 20:45:30,28.6883678436279,-17.720682144165,"Unknown"
"5020561",378674,2026-04-23 21:00:57,28.6903190612793,-17.7200164794922,"Unknown"
"5020561",378674,2026-04-23 21:15:28,28.692211151123,-17.7189826965332,"Unknown"
"5020561",378674,2026-04-23 21:30:29,28.6937408447266,-17.7180633544922,"Unknown"
"5020561",378674,2026-04-23 21:45:32,28.695463180542,-17.7162570953369,"Unknown"
"5020561",378674,2026-04-23 22:00:29,28.693920135498,-17.7136611938477,"Unknown"
"5020561",378674,2026-04-23 22:15:57,28.6944408416748,-17.7124710083008,"Unknown"
"5020561",378674,2026-04-23 22:30:29,28.6947994232178,-17.711727142334,"Unknown"
"5020561",378674,2026-04-23 22:45:30,28.6950798034668,-17.7101402282715,"Unknown"
"5020561",378674,2026-04-23 23:00:28,28.7353324890137,-17.7129440307617,"Unknown"
"5020561",378674,2026-04-23 23:15:28,28.736307144165,-17.7118644714355,"Unknown"
"5020561",378674,2026-04-23 23:30:57,28.7373008728027,-17.7106227874756,"Unknown"
"5020561",378674,2026-04-23 23:45:28,28.7382316589355,-17.7096538543701,"Unknown"
"5020561",378674,2026-04-24 00:00:30,28.7390518188477,-17.7082080841064,"Unknown"
"5020561",378674,2026-04-24 00:15:31,28.7403163909912,-17.7067680358887,"Unknown"
"5020561",378674,2026-04-24 00:30:32,28.7416152954102,-17.7049922943115,"Unknown"
"5020561",378674,2026-04-24 00:45:31,28.7429218292236,-17.7034759521484,"Unknown"
"5020561",378674,2026-04-24 01:00:30,28.7441463470459,-17.7027244567871,"Unknown"
"5020561",378674,2026-04-24 01:15:33,28.7452201843262,-17.7014274597168,"Unknown"
"5020561",378674,2026-04-24 01:30:33,28.7606220245361,-17.7189197540283,"Unknown"
"5020561",378674,2026-04-24 01:45:32,28.7597942352295,-17.719425201416,"Unknown"
"5020561",378674,2026-04-24 02:00:56,28.7594718933105,-17.7195415496826,"Unknown"
"5020561",378674,2026-04-24 02:15:28,28.759578704834,-17.7190685272217,"Unknown"
"5020561",378674,2026-04-24 02:30:28,28.759651184082,-17.7183704376221,"Unknown"
"5020561",378674,2026-04-24 02:46:04,28.7627544403076,-17.7563037872314,"Unknown"
"5020561",378674,2026-04-24 03:00:29,28.7626857757568,-17.7566108703613,"Unknown"
"5020561",378674,2026-04-24 03:15:33,28.7627468109131,-17.7567615509033,"Unknown"
"5020561",378674,2026-04-24 03:31:06,28.7627716064453,-17.7567081451416,"Unknown"
"5020561",378674,2026-04-24 03:45:30,28.7627506256104,-17.7566833496094,"Unknown"
"5020561",378674,2026-04-24 04:01:53,28.7627429962158,-17.7565288543701,"Unknown"
"5020561",378674,2026-04-24 04:16:25,28.763879776001,-17.7547016143799,"Unknown"
"5020561",378674,2026-04-24 04:30:57,28.762638092041,-17.7564373016357,"Unknown"
"5020561",378674,2026-04-24 04:45:29,28.7625465393066,-17.7567005157471,"Unknown"
"5020561",378674,2026-04-24 05:00:30,28.7699451446533,-17.7398452758789,"Unknown"
"5020561",378674,2026-04-24 05:15:34,28.7723731994629,-17.7309246063232,"Unknown"
"5020561",378674,2026-04-24 05:30:28,28.7732334136963,-17.7306270599365,"Unknown"
"5020561",378674,2026-04-24 05:45:30,28.7785606384277,-17.7216567993164,"Unknown"
"5020561",378674,2026-04-24 06:01:51,28.7550621032715,-17.619026184082,"Unknown"
"5020561",378674,2026-04-24 06:16:35,28.7198867797852,-17.5337581634521,"Unknown"
"5020561",378674,2026-04-24 06:30:29,28.6847801208496,-17.4532165527344,"Unknown"
"5020561",378674,2026-04-24 06:46:53,28.627628326416,-17.3630237579346,"Unknown"
"5020561",378674,2026-04-24 07:01:51,28.5611000061035,-17.2958736419678,"Unknown"
"5020561",378674,2026-04-24 07:15:30,28.5369415283203,-17.2509078979492,"Unknown"
"5020561",378674,2026-04-24 07:30:28,28.549467086792,-17.2528591156006,"Unknown"
"5020561",378674,2026-04-24 07:45:28,28.5571880340576,-17.2484073638916,"Unknown"
"5020561",378674,2026-04-24 08:00:32,28.5370006561279,-17.2100658416748,"Unknown"
"5020561",378674,2026-04-24 08:15:31,28.4859256744385,-17.1587181091309,"Unknown"
"5020561",378674,2026-04-24 08:31:28,28.4796657562256,-17.1580200195312,"Unknown"
"5020561",378674,2026-04-24 08:45:31,28.4770851135254,-17.1557693481445,"Unknown"
"5020561",378674,2026-04-24 09:00:32,28.4741153717041,-17.1547622680664,"Unknown"
"5020561",378674,2026-04-24 09:15:28,28.4723167419434,-17.1506404876709,"Unknown"
"5020561",378674,2026-04-24 09:30:30,28.4745445251465,-17.1459159851074,"Unknown"
"5020561",378674,2026-04-24 09:45:32,28.4775733947754,-17.1377429962158,"Unknown"
"5020561",378674,2026-04-24 10:00:57,28.4820213317871,-17.1323738098145,"Unknown"
"5020561",378674,2026-04-24 10:15:29,28.4867134094238,-17.123987197876,"Unknown"
"5020561",378674,2026-04-24 10:30:37,28.4874229431152,-17.1264400482178,"Unknown"
"5020561",378674,2026-04-24 10:45:56,28.4879894256592,-17.1297359466553,"Unknown"
"5020561",378674,2026-04-24 11:00:28,28.4882373809814,-17.1327819824219,"Unknown"
"5020561",378674,2026-04-24 11:15:29,28.4885673522949,-17.1360454559326,"Unknown"
"5020561",378674,2026-04-24 11:30:30,28.4886837005615,-17.138916015625,"Unknown"
"5020561",378674,2026-04-24 11:45:29,28.4886627197266,-17.1418132781982,"Unknown"
"5020561",378674,2026-04-24 12:00:28,28.4884204864502,-17.1450805664062,"Unknown"
"5020561",378674,2026-04-24 12:15:31,28.4864616394043,-17.1339836120605,"Unknown"
"5020561",378674,2026-04-24 12:30:33,28.4919776916504,-17.1238460540771,"Unknown"
"5020561",378674,2026-04-24 12:46:03,28.4949283599854,-17.1195049285889,"Unknown"
"5020561",378674,2026-04-24 13:00:30,28.4947738647461,-17.1235046386719,"Unknown"
"5020561",378674,2026-04-24 13:15:29,28.4945297241211,-17.1276378631592,"Unknown"
"5020561",378674,2026-04-24 13:30:29,28.4943790435791,-17.131778717041,"Unknown"
"5020561",378674,2026-04-24 13:45:30,28.4940795898438,-17.1363277435303,"Unknown"
"5020561",378674,2026-04-24 14:00:29,28.4938335418701,-17.1406021118164,"Unknown"
"5020561",378674,2026-04-24 14:15:30,28.4933452606201,-17.1446399688721,"Unknown"
"5020561",378674,2026-04-24 14:30:29,28.49289894104,-17.1484966278076,"Unknown"
"5020561",378674,2026-04-24 14:45:30,28.4923820495605,-17.1526775360107,"Unknown"
"5020561",378674,2026-04-24 15:01:03,28.4916706085205,-17.156795501709,"Unknown"
"5020561",378674,2026-04-24 15:15:29,28.4910507202148,-17.1601600646973,"Unknown"
"5020561",378674,2026-04-24 15:30:29,28.4903755187988,-17.1639175415039,"Unknown"
"5020561",378674,2026-04-24 15:45:30,28.4895725250244,-17.1676425933838,"Unknown"
"5020561",378674,2026-04-24 16:00:29,28.4891452789307,-17.1715545654297,"Unknown"
"5020561",378674,2026-04-24 16:15:29,28.4887504577637,-17.1749477386475,"Unknown"
"5020561",378674,2026-04-24 16:30:29,28.488899230957,-17.1780815124512,"Unknown"
"5020561",378674,2026-04-24 16:45:30,28.4888572692871,-17.1813583374023,"Unknown"
"5020561",378674,2026-04-24 17:00:30,28.4890594482422,-17.1843452453613,"Unknown"
"5020561",378674,2026-04-24 17:15:32,28.4890613555908,-17.1865081787109,"Unknown"
"5020561",378674,2026-04-24 17:30:31,28.4878482818604,-17.1951904296875,"Unknown"
"5020561",378674,2026-04-24 17:45:31,28.4984664916992,-17.2848377227783,"Unknown"
"5020561",378674,2026-04-24 18:06:47,28.5373401641846,-17.3588447570801,"Unknown"
"5020561",378674,2026-04-24 18:10:26,28.5356140136719,-17.3593215942383,"Unknown"
"5020561",378674,2026-04-24 18:15:25,28.5320453643799,-17.3533706665039,"Unknown"
"5020561",378674,2026-04-24 18:20:25,28.5319328308105,-17.3545322418213,"Unknown"
"5020561",378674,2026-04-24 18:25:25,28.5318069458008,-17.3555583953857,"Unknown"
"5020561",378674,2026-04-24 18:30:25,28.5366230010986,-17.3850345611572,"Unknown"
"5020561",378674,2026-04-24 18:35:25,28.5405979156494,-17.4171829223633,"Unknown"
"5020561",378674,2026-04-24 18:40:39,28.5467090606689,-17.429069519043,"Unknown"
"5020561",378674,2026-04-24 18:45:25,28.5466842651367,-17.4269828796387,"Unknown"
"5020561",378674,2026-04-24 18:50:25,28.5473289489746,-17.4258518218994,"Unknown"
"5020561",378674,2026-04-24 18:55:25,28.5458106994629,-17.4235687255859,"Unknown"
"5020561",378674,2026-04-24 19:00:25,28.5453186035156,-17.4216327667236,"Unknown"
"5020561",378674,2026-04-24 19:05:25,28.5465106964111,-17.4186458587646,"Unknown"
"5020561",378674,2026-04-24 19:10:27,28.5481147766113,-17.4181880950928,"Unknown"
"5020561",378674,2026-04-24 19:15:25,28.5479469299316,-17.4157466888428,"Unknown"
"5020561",378674,2026-04-24 19:20:25,28.5468692779541,-17.4144344329834,"Unknown"
"5020561",378674,2026-04-24 19:25:25,28.5491828918457,-17.4143047332764,"Unknown"
"5020561",378674,2026-04-24 19:30:25,28.5481853485107,-17.411470413208,"Unknown"
"5020561",378674,2026-04-24 19:35:25,28.5482578277588,-17.4124622344971,"Unknown"
"5020561",378674,2026-04-24 19:40:25,28.5543270111084,-17.4476299285889,"Unknown"
"5020561",378674,2026-04-24 19:45:25,28.5615062713623,-17.4819412231445,"Unknown"
"5020561",378674,2026-04-24 19:50:25,28.5680522918701,-17.5173454284668,"Unknown"
"5020561",378674,2026-04-24 19:55:25,28.5732383728027,-17.5544357299805,"Unknown"
"5020561",378674,2026-04-24 20:00:25,28.5812282562256,-17.5911045074463,"Unknown"
"5020561",378674,2026-04-24 20:05:25,28.5900440216064,-17.6261768341064,"Unknown"
"5020561",378674,2026-04-24 20:10:26,28.5982513427734,-17.6606884002686,"Unknown"
"5020561",378674,2026-04-24 20:15:25,28.6099548339844,-17.6914806365967,"Unknown"
"5020561",378674,2026-04-24 20:20:28,28.6264057159424,-17.714750289917,"Unknown"
"5020561",378674,2026-04-24 20:25:43,28.6468811035156,-17.7335357666016,"Unknown"
"5020561",378674,2026-04-24 20:30:28,28.6655311584473,-17.7405376434326,"Unknown"
"5020561",378674,2026-04-24 20:31:29,28.6690921783447,-17.7397060394287,"Unknown"
"5020561",378674,2026-04-24 20:32:30,28.6724395751953,-17.7390327453613,"Unknown"
"5020561",378674,2026-04-24 20:33:30,28.6763019561768,-17.738639831543,"Unknown"
"5020561",378674,2026-04-24 20:35:21,28.6828079223633,-17.7363300323486,"Unknown"
"5020561",378674,2026-04-24 20:35:22,28.6828784942627,-17.7363471984863,"Unknown"
"5020561",378674,2026-04-24 20:36:27,28.6868572235107,-17.7343730926514,"Unknown"
"5020561",378674,2026-04-24 20:37:25,28.6905136108398,-17.7336959838867,"Unknown"
"5020561",378674,2026-04-24 20:38:25,28.6942558288574,-17.7326679229736,"Unknown"
"5020561",378674,2026-04-24 20:39:25,28.6957263946533,-17.7304859161377,"Unknown"
"5020561",378674,2026-04-24 20:40:25,28.6957702636719,-17.7305183410645,"Unknown"
"5020561",378674,2026-04-24 20:41:25,28.6958236694336,-17.7305183410645,"Unknown"
"5020561",378674,2026-04-24 20:42:25,28.6958713531494,-17.7305183410645,"Unknown"
"5020561",378674,2026-04-24 20:43:25,28.6959381103516,-17.7305507659912,"Unknown"
"5020561",378674,2026-04-24 20:44:25,28.6959915161133,-17.7305603027344,"Unknown"
"5020561",378674,2026-04-24 20:45:25,28.6960468292236,-17.7305603027344,"Unknown"
"5020561",378674,2026-04-24 20:46:25,28.6961116790771,-17.7305603027344,"Unknown"
"5020561",378674,2026-04-24 20:47:25,28.6961612701416,-17.7305793762207,"Unknown"
"5020561",378674,2026-04-24 20:48:25,28.6962394714355,-17.7305603027344,"Unknown"
"5020561",378674,2026-04-24 20:49:25,28.6962928771973,-17.7305583953857,"Unknown"
"5020561",378674,2026-04-24 20:50:25,28.6963691711426,-17.7305679321289,"Unknown"
"5020561",378674,2026-04-24 20:51:25,28.6964206695557,-17.7305927276611,"Unknown"
"5020561",378674,2026-04-24 20:52:25,28.6964664459229,-17.7305946350098,"Unknown"
"5020561",378674,2026-04-24 20:53:25,28.6965274810791,-17.7306308746338,"Unknown"
"5020561",378674,2026-04-24 20:54:25,28.6965675354004,-17.7306327819824,"Unknown"
"5020561",378674,2026-04-24 20:55:25,28.6966323852539,-17.7306575775146,"Unknown"
"5020561",378674,2026-04-24 20:56:26,28.6966953277588,-17.7306823730469,"Unknown"
"5020561",378674,2026-04-24 20:57:26,28.6967468261719,-17.7306728363037,"Unknown"
"5020561",378674,2026-04-24 20:58:25,28.6968173980713,-17.7306900024414,"Unknown"
"5020561",378674,2026-04-24 20:59:25,28.6968727111816,-17.7306709289551,"Unknown"
"5020561",378674,2026-04-24 21:00:27,28.6969566345215,-17.7306747436523,"Unknown"
"5020561",378674,2026-04-24 21:01:27,28.697021484375,-17.7306385040283,"Unknown"
"5020561",378674,2026-04-24 21:02:27,28.6970481872559,-17.7306003570557,"Unknown"
"5020561",378674,2026-04-24 21:03:26,28.697135925293,-17.7305335998535,"Unknown"
"5020561",378674,2026-04-24 21:04:27,28.6972465515137,-17.7305107116699,"Unknown"
"5020561",378674,2026-04-24 21:05:27,28.6972312927246,-17.7304306030273,"Unknown"
"5020561",378674,2026-04-24 21:06:27,28.6973304748535,-17.7303810119629,"Unknown"
"5020561",378674,2026-04-24 21:07:26,28.6973762512207,-17.7303276062012,"Unknown"
"5020561",378674,2026-04-24 21:08:27,28.6974334716797,-17.730297088623,"Unknown"
"5020561",378674,2026-04-24 21:09:26,28.6975002288818,-17.7302513122559,"Unknown"
"5020561",378674,2026-04-24 21:10:27,28.6976680755615,-17.7302722930908,"Unknown"
"5020561",378674,2026-04-24 21:11:25,28.6976776123047,-17.7302589416504,"Unknown"
"5020561",378674,2026-04-24 21:12:27,28.6977672576904,-17.7302474975586,"Unknown"
"5020561",378674,2026-04-24 21:13:25,28.6978054046631,-17.7302436828613,"Unknown"
"5020561",378674,2026-04-24 21:14:26,28.6979598999023,-17.7302913665771,"Unknown"
"5020561",378674,2026-04-24 21:15:27,28.6980094909668,-17.7302627563477,"Unknown"
"5020561",378674,2026-04-24 21:16:26,28.698055267334,-17.7302474975586,"Unknown"
"5020561",378674,2026-04-24 21:17:25,28.6981582641602,-17.7302875518799,"Unknown"
"5020561",378674,2026-04-24 21:18:26,28.6982517242432,-17.7302932739258,"Unknown"
"5020561",378674,2026-04-24 21:19:26,28.6983165740967,-17.7303047180176,"Unknown"
"5020561",378674,2026-04-24 21:20:26,28.6984062194824,-17.7302589416504,"Unknown"
"5020561",378674,2026-04-24 21:21:26,28.6984367370605,-17.7302284240723,"Unknown"
"5020561",378674,2026-04-24 21:22:26,28.6984958648682,-17.7301845550537,"Unknown"
"5020561",378674,2026-04-24 21:23:26,28.6985969543457,-17.7301406860352,"Unknown"
"5020561",378674,2026-04-24 21:24:26,28.6986503601074,-17.7301063537598,"Unknown"
"5020561",378674,2026-04-24 21:25:26,28.6987247467041,-17.7301044464111,"Unknown"
"5020561",378674,2026-04-24 21:26:25,28.6987781524658,-17.7301025390625,"Unknown"
"5020561",378674,2026-04-24 21:27:26,28.6988563537598,-17.7301254272461,"Unknown"
"5020561",378674,2026-04-24 21:28:25,28.6989326477051,-17.7301540374756,"Unknown"
"5020561",378674,2026-04-24 21:29:25,28.6990070343018,-17.7301597595215,"Unknown"
"5020561",378674,2026-04-24 21:30:26,28.6990833282471,-17.730188369751,"Unknown"
"5020561",378674,2026-04-24 21:31:25,28.6991443634033,-17.7302322387695,"Unknown"
"5020561",378674,2026-04-24 21:32:25,28.6992015838623,-17.7302684783936,"Unknown"
"5020561",378674,2026-04-24 21:33:26,28.6993141174316,-17.7303161621094,"Unknown"
"5020561",378674,2026-04-24 21:34:25,28.6993541717529,-17.7303600311279,"Unknown"
"5020561",378674,2026-04-24 21:35:25,28.6994209289551,-17.7304077148438,"Unknown"
"5020561",378674,2026-04-24 21:36:26,28.6994972229004,-17.7304630279541,"Unknown"
"5020561",378674,2026-04-24 21:37:26,28.6995487213135,-17.7305221557617,"Unknown"
"5020561",378674,2026-04-24 21:38:26,28.699613571167,-17.7305698394775,"Unknown"
"5020561",378674,2026-04-24 21:39:25,28.6996574401855,-17.7306022644043,"Unknown"
"5020561",378674,2026-04-24 21:40:25,28.6997451782227,-17.730640411377,"Unknown"
"5020561",378674,2026-04-24 21:41:25,28.699821472168,-17.7307071685791,"Unknown"
"5020561",378674,2026-04-24 21:42:26,28.6998977661133,-17.7307548522949,"Unknown"
"5020561",378674,2026-04-24 21:43:26,28.6999683380127,-17.7308311462402,"Unknown"
"5020561",378674,2026-04-24 21:44:25,28.7000160217285,-17.730842590332,"Unknown"
"5020561",378674,2026-04-24 21:45:27,28.7001132965088,-17.7309246063232,"Unknown"
"5020561",378674,2026-04-24 21:46:25,28.7001571655273,-17.7309722900391,"Unknown"
"5020561",378674,2026-04-24 21:47:26,28.7002773284912,-17.7310104370117,"Unknown"
"5020561",378674,2026-04-24 21:48:25,28.7002639770508,-17.731029510498,"Unknown"
"5020561",378674,2026-04-24 21:49:25,28.7003574371338,-17.7310791015625,"Unknown"
"5020561",378674,2026-04-24 21:50:25,28.7004165649414,-17.7311172485352,"Unknown"
"5020561",378674,2026-04-24 21:51:25,28.7004489898682,-17.7311458587646,"Unknown"
"5020561",378674,2026-04-24 21:52:25,28.7005481719971,-17.7312088012695,"Unknown"
"5020561",378674,2026-04-24 21:53:26,28.7005882263184,-17.7312622070312,"Unknown"
"5020561",378674,2026-04-24 21:54:25,28.7006301879883,-17.7313289642334,"Unknown"
"5020561",378674,2026-04-24 21:55:25,28.7007369995117,-17.7313804626465,"Unknown"
"5020561",378674,2026-04-24 21:56:25,28.7007446289062,-17.7314510345459,"Unknown"
"5020561",378674,2026-04-24 21:57:25,28.7008266448975,-17.7315216064453,"Unknown"
"5020561",378674,2026-04-24 21:58:25,28.7008838653564,-17.7315845489502,"Unknown"
"5020561",378674,2026-04-24 21:59:25,28.7009391784668,-17.7316493988037,"Unknown"
"5020561",378674,2026-04-24 22:00:47,28.7009773254395,-17.7317295074463,"Unknown"
"5020561",378674,2026-04-24 22:01:25,28.7009944915771,-17.7317447662354,"Unknown"
"5020561",378674,2026-04-24 22:02:25,28.7010517120361,-17.7317905426025,"Unknown"
"5020561",378674,2026-04-24 22:03:25,28.7010879516602,-17.7318515777588,"Unknown"
"5020561",378674,2026-04-24 22:04:25,28.7011299133301,-17.7318916320801,"Unknown"
"5020561",378674,2026-04-24 22:05:25,28.7011795043945,-17.7318840026855,"Unknown"
"5020561",378674,2026-04-24 22:06:25,28.701192855835,-17.731897354126,"Unknown"
"5020561",378674,2026-04-24 22:07:25,28.701229095459,-17.7318630218506,"Unknown"
"5020561",378674,2026-04-24 22:08:26,28.7012710571289,-17.7318630218506,"Unknown"
"5020561",378674,2026-04-24 22:09:25,28.7012939453125,-17.731861114502,"Unknown"
"5020561",378674,2026-04-24 22:10:25,28.7013206481934,-17.7318744659424,"Unknown"
"5020561",378674,2026-04-24 22:11:25,28.7013378143311,-17.7318649291992,"Unknown"
"5020561",378674,2026-04-24 22:12:26,28.701358795166,-17.731840133667,"Unknown"
"5020561",378674,2026-04-24 22:13:25,28.7013759613037,-17.7318534851074,"Unknown"
"5020561",378674,2026-04-24 22:14:25,28.7014064788818,-17.7318744659424,"Unknown"
"5020561",378674,2026-04-24 22:15:25,28.7014503479004,-17.7318782806396,"Unknown"
"5020561",378674,2026-04-24 22:16:26,28.7014923095703,-17.7318572998047,"Unknown"
"5020561",378674,2026-04-24 22:17:28,28.7015113830566,-17.7318592071533,"Unknown"
"5020561",378674,2026-04-24 22:18:25,28.7015419006348,-17.7318553924561,"Unknown"
"5020561",378674,2026-04-24 22:19:25,28.7015895843506,-17.7318782806396,"Unknown"
"5020561",378674,2026-04-24 22:20:25,28.7016315460205,-17.7318706512451,"Unknown"
"5020561",378674,2026-04-24 22:21:25,28.7016639709473,-17.7318801879883,"Unknown"
"5020561",378674,2026-04-24 22:22:25,28.7017078399658,-17.7318992614746,"Unknown"
"5020561",378674,2026-04-24 22:23:25,28.7017631530762,-17.73193359375,"Unknown"
"5020561",378674,2026-04-24 22:24:25,28.7018089294434,-17.7319869995117,"Unknown"
"5020561",378674,2026-04-24 22:25:25,28.7018489837646,-17.7320404052734,"Unknown"
"5020561",378674,2026-04-24 22:26:25,28.7019157409668,-17.7321090698242,"Unknown"
"5020561",378674,2026-04-24 22:27:25,28.7019557952881,-17.732120513916,"Unknown"
"5020561",378674,2026-04-24 22:28:25,28.7019748687744,-17.7321472167969,"Unknown"
"5020561",378674,2026-04-24 22:29:25,28.7020072937012,-17.7321319580078,"Unknown"
"5020561",378674,2026-04-24 22:30:25,28.7020435333252,-17.7321357727051,"Unknown"
"5020561",378674,2026-04-24 22:31:25,28.7020893096924,-17.7321128845215,"Unknown"
"5020561",378674,2026-04-24 22:32:25,28.7021198272705,-17.7320957183838,"Unknown"
"5020561",378674,2026-04-24 22:33:25,28.7021617889404,-17.7321033477783,"Unknown"
"5020561",378674,2026-04-24 22:34:25,28.7021999359131,-17.7320594787598,"Unknown"
"5020561",378674,2026-04-24 22:35:25,28.7022361755371,-17.7320461273193,"Unknown"
"5020561",378674,2026-04-24 22:36:25,28.7022476196289,-17.7320442199707,"Unknown"
"5020561",378674,2026-04-24 22:37:25,28.7023010253906,-17.732006072998,"Unknown"
"5020561",378674,2026-04-24 22:38:25,28.7023181915283,-17.7320117950439,"Unknown"
"5020561",378674,2026-04-24 22:39:25,28.7023391723633,-17.7319641113281,"Unknown"
"5020561",378674,2026-04-24 22:40:25,28.7023696899414,-17.7319374084473,"Unknown"
"5020561",378674,2026-04-24 22:41:25,28.7024002075195,-17.731897354126,"Unknown"
"5020561",378674,2026-04-24 22:42:25,28.7024116516113,-17.7318725585938,"Unknown"
"5020561",378674,2026-04-24 22:43:25,28.7024440765381,-17.7318325042725,"Unknown"
"5020561",378674,2026-04-24 22:44:28,28.702465057373,-17.7318153381348,"Unknown"
"5020561",378674,2026-04-24 22:45:25,28.7024669647217,-17.7317905426025,"Unknown"
"5020561",378674,2026-04-24 22:46:25,28.7024745941162,-17.7317581176758,"Unknown"
"5020561",378674,2026-04-24 22:47:25,28.7024879455566,-17.7317352294922,"Unknown"
"5020561",378674,2026-04-24 22:48:25,28.7024993896484,-17.7317504882812,"Unknown"
"5020561",378674,2026-04-24 22:49:25,28.7024993896484,-17.7317180633545,"Unknown"
"5020561",378674,2026-04-24 22:50:25,28.7025203704834,-17.7316799163818,"Unknown"
"5020561",378674,2026-04-24 22:51:27,28.7025337219238,-17.7316360473633,"Unknown"
"5020561",378674,2026-04-24 22:52:25,28.7025413513184,-17.7316265106201,"Unknown"
"5020561",378674,2026-04-24 22:53:25,28.7025489807129,-17.731632232666,"Unknown"
"5020561",378674,2026-04-24 22:54:25,28.7025470733643,-17.7316207885742,"Unknown"
"5020561",378674,2026-04-24 22:55:26,28.7025890350342,-17.7316207885742,"Unknown"
"5020561",378674,2026-04-24 22:56:26,28.7026119232178,-17.731595993042,"Unknown"
"5020561",378674,2026-04-24 22:57:28,28.7026138305664,-17.7316055297852,"Unknown"
"5020561",378674,2026-04-24 22:58:26,28.7026081085205,-17.7315807342529,"Unknown"
"5020561",378674,2026-04-24 22:59:25,28.7026233673096,-17.7315979003906,"Unknown"
"5020561",378674,2026-04-24 23:00:47,28.7026653289795,-17.731559753418,"Unknown"
"5020561",378674,2026-04-24 23:01:25,28.7026748657227,-17.7315464019775,"Unknown"
"5020561",378674,2026-04-24 23:02:25,28.7026824951172,-17.7315406799316,"Unknown"
"5020561",378674,2026-04-24 23:03:25,28.7026996612549,-17.7315368652344,"Unknown"
"5020561",378674,2026-04-24 23:04:25,28.7027168273926,-17.7314968109131,"Unknown"
"5020561",378674,2026-04-24 23:05:25,28.7027378082275,-17.7314701080322,"Unknown"
"5020561",378674,2026-04-24 23:06:29,28.7027797698975,-17.7314472198486,"Unknown"
"5020561",378674,2026-04-24 23:07:24,28.7027912139893,-17.7314529418945,"Unknown"
"5020561",378674,2026-04-24 23:08:25,28.7028007507324,-17.7314414978027,"Unknown"
"5020561",378674,2026-04-24 23:09:25,28.7028255462646,-17.7314052581787,"Unknown"
"5020561",378674,2026-04-24 23:10:25,28.7028675079346,-17.7314052581787,"Unknown"
"5020561",378674,2026-04-24 23:11:25,28.7028961181641,-17.731388092041,"Unknown"
"5020561",378674,2026-04-24 23:12:25,28.7029075622559,-17.7313899993896,"Unknown"
"5020561",378674,2026-04-24 23:13:26,28.7029323577881,-17.7313671112061,"Unknown"
"5020561",378674,2026-04-24 23:14:25,28.7029552459717,-17.7313442230225,"Unknown"
"5020561",378674,2026-04-24 23:15:28,28.7029819488525,-17.7313175201416,"Unknown"
"5020561",378674,2026-04-24 23:16:26,28.7029781341553,-17.7313003540039,"Unknown"
"5020561",378674,2026-04-24 23:17:25,28.7030086517334,-17.731273651123,"Unknown"
"5020561",378674,2026-04-24 23:18:27,28.7030162811279,-17.7312450408936,"Unknown"
"5020561",378674,2026-04-24 23:19:25,28.7030258178711,-17.7312126159668,"Unknown"
"5020561",378674,2026-04-24 23:20:28,28.7030277252197,-17.7312335968018,"Unknown"
"5020561",378674,2026-04-24 23:21:28,28.7030506134033,-17.7312412261963,"Unknown"
"5020561",378674,2026-04-24 23:22:27,28.7030658721924,-17.7312793731689,"Unknown"
"5020561",378674,2026-04-24 23:23:28,28.7030773162842,-17.7313270568848,"Unknown"
"5020561",378674,2026-04-24 23:24:27,28.7030773162842,-17.7313747406006,"Unknown"
"5020561",378674,2026-04-24 23:25:27,28.7030868530273,-17.7314281463623,"Unknown"
"5020561",378674,2026-04-24 23:26:27,28.7031192779541,-17.7314624786377,"Unknown"
"5020561",378674,2026-04-24 23:27:28,28.7031478881836,-17.7315063476562,"Unknown"
"5020561",378674,2026-04-24 23:28:27,28.703161239624,-17.7315464019775,"Unknown"
"5020561",378674,2026-04-24 23:29:26,28.7031669616699,-17.7315654754639,"Unknown"
"5020561",378674,2026-04-24 23:30:25,28.7031593322754,-17.7316188812256,"Unknown"
"5020561",378674,2026-04-24 23:31:28,28.703145980835,-17.7316341400146,"Unknown"
"5020561",378674,2026-04-24 23:32:26,28.7031402587891,-17.7316074371338,"Unknown"
"5020561",378674,2026-04-24 23:33:27,28.7031097412109,-17.7316017150879,"Unknown"
"5020561",378674,2026-04-24 23:34:27,28.7031230926514,-17.7315101623535,"Unknown"
"5020561",378674,2026-04-24 23:35:26,28.7030963897705,-17.7314872741699,"Unknown"
"5020561",378674,2026-04-24 23:36:26,28.7031059265137,-17.7313823699951,"Unknown"
"5020561",378674,2026-04-24 23:37:27,28.7030639648438,-17.7313823699951,"Unknown"
"5020561",378674,2026-04-24 23:38:26,28.7030487060547,-17.7313346862793,"Unknown"
"5020561",378674,2026-04-24 23:39:27,28.7030467987061,-17.7312679290771,"Unknown"
"5020561",378674,2026-04-24 23:40:27,28.703010559082,-17.7312183380127,"Unknown"
"5020561",378674,2026-04-24 23:41:28,28.7030010223389,-17.7311534881592,"Unknown"
"5020561",378674,2026-04-24 23:42:27,28.7029571533203,-17.7311248779297,"Unknown"
"5020561",378674,2026-04-24 23:43:29,28.7029342651367,-17.7311172485352,"Unknown"
"5020561",378674,2026-04-24 23:44:47,28.7029075622559,-17.7310333251953,"Unknown"
"5020561",378674,2026-04-24 23:45:26,28.7028827667236,-17.7310104370117,"Unknown"
"5020561",378674,2026-04-24 23:46:27,28.7028484344482,-17.7309665679932,"Unknown"
"5020561",378674,2026-04-24 23:47:30,28.7028026580811,-17.73095703125,"Unknown"
"5020561",378674,2026-04-24 23:48:25,28.7050151824951,-17.729434967041,"Unknown"
"5020561",378674,2026-04-24 23:49:28,28.7084331512451,-17.7278118133545,"Unknown"
"5020561",378674,2026-04-24 23:50:27,28.7115306854248,-17.7268600463867,"Unknown"
"5020561",378674,2026-04-24 23:51:25,28.7123718261719,-17.7268009185791,"Unknown"
"5020561",378674,2026-04-24 23:52:28,28.7123966217041,-17.7267303466797,"Unknown"
"5020561",378674,2026-04-24 23:53:30,28.7124004364014,-17.7267055511475,"Unknown"
"5020561",378674,2026-04-24 23:54:32,28.71240234375,-17.7266750335693,"Unknown"
"5020561",378674,2026-04-24 23:55:32,28.7124423980713,-17.726634979248,"Unknown"
"5020561",378674,2026-04-24 23:56:29,28.7125186920166,-17.7265853881836,"Unknown"
"5020561",378674,2026-04-24 23:57:32,28.7125377655029,-17.7265777587891,"Unknown"
"5020561",378674,2026-04-24 23:58:57,28.7125701904297,-17.7265281677246,"Unknown"
"5020561",378674,2026-04-24 23:59:24,28.7125797271729,-17.7265243530273,"Unknown"
"5020561",378674,2026-04-25 00:00:24,28.7126350402832,-17.7264938354492,"Unknown"
"5020561",378674,2026-04-25 00:01:25,28.7126483917236,-17.7264747619629,"Unknown"
"5020561",378674,2026-04-25 00:02:25,28.7126846313477,-17.7264461517334,"Unknown"
"5020561",378674,2026-04-25 00:03:25,28.7127323150635,-17.7264728546143,"Unknown"
"5020561",378674,2026-04-25 00:04:25,28.7127532958984,-17.7264709472656,"Unknown"
"5020561",378674,2026-04-25 00:05:25,28.712818145752,-17.7265129089355,"Unknown"
"5020561",378674,2026-04-25 00:06:25,28.7128639221191,-17.7265338897705,"Unknown"
"5020561",378674,2026-04-25 00:07:25,28.7129020690918,-17.7265434265137,"Unknown"
"5020561",378674,2026-04-25 00:08:25,28.712963104248,-17.7265548706055,"Unknown"
"5020561",378674,2026-04-25 00:09:25,28.7129802703857,-17.7265319824219,"Unknown"
"5020561",378674,2026-04-25 00:10:25,28.7130222320557,-17.7265453338623,"Unknown"
"5020561",378674,2026-04-25 00:11:25,28.7130603790283,-17.7265167236328,"Unknown"
"5020561",378674,2026-04-25 00:12:25,28.7130584716797,-17.7264938354492,"Unknown"
"5020561",378674,2026-04-25 00:13:25,28.7130851745605,-17.7264823913574,"Unknown"
"5020561",378674,2026-04-25 00:14:25,28.7130889892578,-17.7264766693115,"Unknown"
"5020561",378674,2026-04-25 00:15:25,28.7131004333496,-17.7265071868896,"Unknown"
"5020561",378674,2026-04-25 00:16:25,28.7131233215332,-17.7265434265137,"Unknown"
"5020561",378674,2026-04-25 00:17:25,28.7131729125977,-17.7266082763672,"Unknown"
"5020561",378674,2026-04-25 00:18:25,28.7131786346436,-17.726634979248,"Unknown"
"5020561",378674,2026-04-25 00:19:25,28.7131938934326,-17.7266654968262,"Unknown"
"5020561",378674,2026-04-25 00:20:25,28.7131481170654,-17.7266502380371,"Unknown"
"5020561",378674,2026-04-25 00:21:25,28.7131519317627,-17.7267093658447,"Unknown"
"5020561",378674,2026-04-25 00:22:25,28.7131519317627,-17.7267665863037,"Unknown"
"5020561",378674,2026-04-25 00:23:25,28.7131462097168,-17.7268218994141,"Unknown"
"5020561",378674,2026-04-25 00:24:25,28.7131366729736,-17.726863861084,"Unknown"
"5020561",378674,2026-04-25 00:25:25,28.7131252288818,-17.7269287109375,"Unknown"
"5020561",378674,2026-04-25 00:26:25,28.7131061553955,-17.7269668579102,"Unknown"
"5020561",378674,2026-04-25 00:27:25,28.7131080627441,-17.7269840240479,"Unknown"
"5020561",378674,2026-04-25 00:28:25,28.7131099700928,-17.726993560791,"Unknown"
"5020561",378674,2026-04-25 00:29:25,28.7131233215332,-17.7270393371582,"Unknown"
"5020561",378674,2026-04-25 00:30:25,28.7131328582764,-17.7270603179932,"Unknown"
"5020561",378674,2026-04-25 00:31:25,28.7131443023682,-17.7270812988281,"Unknown"
"5020561",378674,2026-04-25 00:32:25,28.7131443023682,-17.7271213531494,"Unknown"
"5020561",378674,2026-04-25 00:33:24,28.7131652832031,-17.7271728515625,"Unknown"
"5020561",378674,2026-04-25 00:34:25,28.7131671905518,-17.7272167205811,"Unknown"
"5020561",378674,2026-04-25 00:35:25,28.7131690979004,-17.727258682251,"Unknown"
"5020561",378674,2026-04-25 00:36:25,28.713171005249,-17.727294921875,"Unknown"
"5020561",378674,2026-04-25 00:37:25,28.7131500244141,-17.7273139953613,"Unknown"
"5020561",378674,2026-04-25 00:38:25,28.713134765625,-17.7273406982422,"Unknown"
"5020561",378674,2026-04-25 00:39:25,28.7131156921387,-17.7273368835449,"Unknown"
"5020561",378674,2026-04-25 00:40:25,28.7131271362305,-17.7273464202881,"Unknown"
"5020561",378674,2026-04-25 00:41:25,28.7131271362305,-17.7273654937744,"Unknown"
"5020561",378674,2026-04-25 00:42:25,28.7131252288818,-17.7273578643799,"Unknown"
"5020561",378674,2026-04-25 00:43:25,28.7131366729736,-17.7273540496826,"Unknown"
"5020561",378674,2026-04-25 00:44:25,28.7131538391113,-17.7273616790771,"Unknown"
"5020561",378674,2026-04-25 00:45:25,28.7131843566895,-17.7273788452148,"Unknown"
"5020561",378674,2026-04-25 00:46:25,28.713228225708,-17.7274131774902,"Unknown"
"5020561",378674,2026-04-25 00:47:25,28.7132034301758,-17.7274341583252,"Unknown"
"5020561",378674,2026-04-25 00:48:25,28.7132377624512,-17.7274913787842,"Unknown"
"5020561",378674,2026-04-25 00:49:25,28.7132472991943,-17.7275505065918,"Unknown"
"5020561",378674,2026-04-25 00:50:25,28.7132663726807,-17.7275848388672,"Unknown"
"5020561",378674,2026-04-25 00:51:25,28.7132453918457,-17.727653503418,"Unknown"
"5020561",378674,2026-04-25 00:52:25,28.7132568359375,-17.727710723877,"Unknown"
"5020561",378674,2026-04-25 00:53:25,28.7132511138916,-17.7278060913086,"Unknown"
"5020561",378674,2026-04-25 00:54:25,28.7132720947266,-17.7278957366943,"Unknown"
"5020561",378674,2026-04-25 00:55:25,28.713285446167,-17.727954864502,"Unknown"
"5020561",378674,2026-04-25 00:56:25,28.7133083343506,-17.7280693054199,"Unknown"
"5020561",378674,2026-04-25 00:57:25,28.7133502960205,-17.7281723022461,"Unknown"
"5020561",378674,2026-04-25 00:58:27,28.7134113311768,-17.7282791137695,"Unknown"
"5020561",378674,2026-04-25 00:59:25,28.7134189605713,-17.7283458709717,"Unknown"
"5020561",378674,2026-04-25 01:00:27,28.713436126709,-17.7284851074219,"Unknown"
"5020561",378674,2026-04-25 01:01:25,28.713472366333,-17.7285671234131,"Unknown"
"5020561",378674,2026-04-25 01:02:25,28.7135028839111,-17.7286605834961,"Unknown"
"5020561",378674,2026-04-25 01:03:25,28.7135047912598,-17.7287368774414,"Unknown"
"5020561",378674,2026-04-25 01:04:25,28.7135028839111,-17.7288494110107,"Unknown"
"5020561",378674,2026-04-25 01:05:25,28.713508605957,-17.7289218902588,"Unknown"
"5020561",378674,2026-04-25 01:06:25,28.7135353088379,-17.7290000915527,"Unknown"
"5020561",378674,2026-04-25 01:07:25,28.7135391235352,-17.7290897369385,"Unknown"
"5020561",378674,2026-04-25 01:08:25,28.7135620117188,-17.729175567627,"Unknown"
"5020561",378674,2026-04-25 01:09:25,28.7135524749756,-17.7292461395264,"Unknown"
"5020561",378674,2026-04-25 01:10:25,28.7135772705078,-17.7293262481689,"Unknown"
"5020561",378674,2026-04-25 01:11:25,28.7136154174805,-17.7294731140137,"Unknown"
"5020561",378674,2026-04-25 01:12:25,28.7154922485352,-17.7308483123779,"Unknown"
"5020561",378674,2026-04-25 01:13:25,28.7154216766357,-17.7309684753418,"Unknown"
"5020561",378674,2026-04-25 01:14:25,28.7153987884521,-17.7310676574707,"Unknown"
"5020561",378674,2026-04-25 01:15:25,28.7153224945068,-17.7312049865723,"Unknown"
"5020561",378674,2026-04-25 01:16:25,28.7152786254883,-17.7313079833984,"Unknown"
"5020561",378674,2026-04-25 01:17:25,28.7152462005615,-17.7314376831055,"Unknown"
"5020561",378674,2026-04-25 01:18:25,28.7152194976807,-17.7315349578857,"Unknown"
"5020561",378674,2026-04-25 01:19:25,28.7151679992676,-17.7316551208496,"Unknown"
"5020561",378674,2026-04-25 01:20:25,28.7151260375977,-17.7317905426025,"Unknown"
"5020561",378674,2026-04-25 01:21:25,28.715087890625,-17.7318820953369,"Unknown"
"5020561",378674,2026-04-25 01:22:25,28.7150707244873,-17.7319736480713,"Unknown"
"5020561",378674,2026-04-25 01:23:25,28.7150535583496,-17.7320899963379,"Unknown"
"5020561",378674,2026-04-25 01:24:25,28.715763092041,-17.7323093414307,"Unknown"
"5020561",378674,2026-04-25 01:25:28,28.7201652526855,-17.731050491333,"Unknown"
"5020561",378674,2026-04-25 01:26:25,28.7235908508301,-17.7290115356445,"Unknown"
"5020561",378674,2026-04-25 01:27:25,28.7250080108643,-17.7279529571533,"Unknown"
"5020561",378674,2026-04-25 01:28:27,28.7250156402588,-17.7279872894287,"Unknown"
"5020561",378674,2026-04-25 01:29:25,28.7249507904053,-17.7280197143555,"Unknown"
"5020561",378674,2026-04-25 01:30:27,28.7248992919922,-17.7280311584473,"Unknown"
"5020561",378674,2026-04-25 01:31:25,28.7248554229736,-17.7280406951904,"Unknown"
"5020561",378674,2026-04-25 01:32:25,28.7248344421387,-17.7280120849609,"Unknown"
"5020561",378674,2026-04-25 01:33:27,28.7247676849365,-17.7280406951904,"Unknown"
"5020561",378674,2026-04-25 01:34:27,28.7247447967529,-17.728048324585,"Unknown"
"5020561",378674,2026-04-25 01:35:25,28.7246723175049,-17.7280197143555,"Unknown"
"5020561",378674,2026-04-25 01:36:25,28.7246189117432,-17.7280197143555,"Unknown"
"5020561",378674,2026-04-25 01:37:25,28.7245864868164,-17.7279891967773,"Unknown"
"5020561",378674,2026-04-25 01:38:25,28.7245254516602,-17.7278957366943,"Unknown"
"5020561",378674,2026-04-25 01:39:25,28.7244529724121,-17.7278366088867,"Unknown"
"5020561",378674,2026-04-25 01:40:25,28.7243766784668,-17.7277393341064,"Unknown"
"5020561",378674,2026-04-25 01:41:25,28.724308013916,-17.7276020050049,"Unknown"
"5020561",378674,2026-04-25 01:42:26,28.7242164611816,-17.7274742126465,"Unknown"
"5020561",378674,2026-04-25 01:43:25,28.7242126464844,-17.7274284362793,"Unknown"
"5020561",378674,2026-04-25 01:44:25,28.7242202758789,-17.7273406982422,"Unknown"
"5020561",378674,2026-04-25 01:45:25,28.7242221832275,-17.7272396087646,"Unknown"
"5020561",378674,2026-04-25 01:46:26,28.7245121002197,-17.7269420623779,"Unknown"
"5020561",378674,2026-04-25 01:47:32,28.7286605834961,-17.724437713623,"Unknown"
"5020561",378674,2026-04-25 01:48:28,28.7327842712402,-17.7234439849854,"Unknown"
"5020561",378674,2026-04-25 01:53:25,28.7541408538818,-17.7285327911377,"Unknown"
"5020561",378674,2026-04-25 01:58:29,28.7646598815918,-17.7499599456787,"Unknown"
"5020561",378674,2026-04-25 02:00:03,28.7630443572998,-17.7565994262695,"Unknown"
"5020561",378674,2026-04-25 02:00:25,28.7625675201416,-17.7572288513184,"Unknown"
"5020561",378674,2026-04-25 02:01:27,28.7627239227295,-17.7565078735352,"Unknown"
"5020561",378674,2026-04-25 02:02:27,28.7626533508301,-17.756908416748,"Unknown"
"5020561",378674,2026-04-25 02:03:25,28.7626190185547,-17.756763458252,"Unknown"
"5020561",378674,2026-04-25 02:04:26,28.7627563476562,-17.7563819885254,"Unknown"
"5020561",378674,2026-04-25 02:05:28,28.7627410888672,-17.7566070556641,"Unknown"
"5020561",378674,2026-04-25 02:06:28,28.7627277374268,-17.7566146850586,"Unknown"
"5020561",378674,2026-04-25 02:07:25,28.762716293335,-17.7565746307373,"Unknown"
"5020561",378674,2026-04-25 02:08:27,28.7627429962158,-17.7565956115723,"Unknown"
"5020561",378674,2026-04-25 02:09:27,28.7627334594727,-17.7565956115723,"Unknown"
"5020561",378674,2026-04-25 02:10:26,28.7627563476562,-17.7566509246826,"Unknown"
"5020561",378674,2026-04-25 02:11:26,28.7627105712891,-17.7565822601318,"Unknown"
"5020561",378674,2026-04-25 02:12:26,28.762731552124,-17.7566108703613,"Unknown"
"5020561",378674,2026-04-25 02:13:27,28.7627239227295,-17.7566452026367,"Unknown"
"5020561",378674,2026-04-25 02:14:25,28.7627029418945,-17.7565803527832,"Unknown"
"5020561",378674,2026-04-25 02:15:25,28.7627391815186,-17.7566089630127,"Unknown"
"5020561",378674,2026-04-25 02:16:27,28.7627182006836,-17.7566032409668,"Unknown"
"5020561",378674,2026-04-25 02:17:28,28.7626972198486,-17.7565727233887,"Unknown"
"5020561",378674,2026-04-25 02:18:27,28.7627544403076,-17.7566337585449,"Unknown"
"5020561",378674,2026-04-25 02:19:27,28.7627372741699,-17.7566089630127,"Unknown"
"5020561",378674,2026-04-25 02:20:28,28.7626762390137,-17.7565746307373,"Unknown"
"5020561",378674,2026-04-25 02:21:28,28.7626667022705,-17.7565364837646,"Unknown"
"5020561",378674,2026-04-25 02:22:28,28.762716293335,-17.7566337585449,"Unknown"
"5020561",378674,2026-04-25 02:23:26,28.7626571655273,-17.7565860748291,"Unknown"
"5020561",378674,2026-04-25 02:24:26,28.7627334594727,-17.7566032409668,"Unknown"
"5020561",378674,2026-04-25 02:25:27,28.7627182006836,-17.75661277771,"Unknown"
"5020561",378674,2026-04-25 02:26:27,28.7626037597656,-17.7566089630127,"Unknown"
"5020561",378674,2026-04-25 02:27:27,28.7627468109131,-17.7566432952881,"Unknown"
"5020561",378674,2026-04-25 02:28:25,28.7627391815186,-17.7566432952881,"Unknown"
"5020561",378674,2026-04-25 02:29:28,28.7626838684082,-17.7566184997559,"Unknown"
"5020561",378674,2026-04-25 02:39:26,28.762716293335,-17.7566356658936,"Unknown"
"5020561",378674,2026-04-25 02:40:25,28.7627105712891,-17.7566547393799,"Unknown"
"5020561",378674,2026-04-25 02:41:25,28.7627143859863,-17.7566509246826,"Unknown"
"5020561",378674,2026-04-25 02:42:26,28.7627124786377,-17.7566394805908,"Unknown"
"5020561",378674,2026-04-25 02:43:26,28.7627372741699,-17.7566680908203,"Unknown"
"5020561",378674,2026-04-25 02:53:29,28.7627143859863,-17.756628036499,"Unknown"
"5020561",378674,2026-04-25 03:03:30,28.7627639770508,-17.7566738128662,"Unknown"
"5020561",378674,2026-04-25 03:04:26,28.7627105712891,-17.7566471099854,"Unknown"
"5020561",378674,2026-04-25 03:14:27,28.7626876831055,-17.756591796875,"Unknown"
"5020561",378674,2026-04-25 03:25:45,28.7626972198486,-17.7566413879395,"Unknown"
"5020561",378674,2026-04-25 03:34:47,28.7635879516602,-17.7543754577637,"Unknown"
"5020561",378674,2026-04-25 03:45:50,28.7627182006836,-17.7566261291504,"Unknown"
"5020561",378674,2026-04-25 03:54:27,28.7625179290771,-17.7564334869385,"Unknown"
"5020561",378674,2026-04-25 04:04:27,28.7636051177979,-17.7555618286133,"Unknown"
"5020561",378674,2026-04-25 04:14:28,28.7638397216797,-17.7571964263916,"Unknown"
"5020561",378674,2026-04-25 04:24:31,28.7635707855225,-17.7565898895264,"Unknown"
"5020561",378674,2026-04-25 04:34:28,28.7635917663574,-17.756649017334,"Unknown"
"5020561",378674,2026-04-25 04:44:29,28.7636127471924,-17.7565956115723,"Unknown"
"5020561",378674,2026-04-25 04:54:31,28.7636127471924,-17.7565765380859,"Unknown"
"5020561",378674,2026-04-25 05:04:26,28.7635974884033,-17.756519317627,"Unknown"
"5020561",378674,2026-04-25 05:14:26,28.7636127471924,-17.7564563751221,"Unknown"
"5020561",378674,2026-04-25 05:24:29,28.7645034790039,-17.725378036499,"Unknown"
"5020561",378674,2026-04-25 05:34:31,28.7647876739502,-17.7245979309082,"Unknown"
"5020561",378674,2026-04-25 05:44:29,28.7652435302734,-17.7238330841064,"Unknown"
"5020561",378674,2026-04-25 05:55:21,28.7645568847656,-17.7190570831299,"Unknown"
"5020561",378674,2026-04-25 07:25:27,28.3937187194824,-17.2520389556885,"Unknown"
"5020561",378674,2026-04-25 07:34:25,28.363790512085,-17.2208271026611,"Unknown"
"5020561",378674,2026-04-25 07:44:25,28.3446674346924,-17.1648006439209,"Unknown"
"5020561",378674,2026-04-25 07:54:26,28.3236541748047,-17.1148147583008,"Unknown"
"5020561",378674,2026-04-25 08:04:26,28.3233661651611,-17.1004905700684,"Unknown"
"5020561",378674,2026-04-25 08:14:25,28.3304424285889,-17.0952682495117,"Unknown"
"5020561",378674,2026-04-25 08:24:25,28.3660259246826,-17.0801277160645,"Unknown"
"5020561",378674,2026-04-25 08:29:26,28.3850402832031,-17.0805435180664,"Unknown"
"5020561",378674,2026-04-25 08:34:25,28.4056453704834,-17.0925750732422,"Unknown"
"5020561",378674,2026-04-25 08:39:28,28.424165725708,-17.1144313812256,"Unknown"
"5020561",378674,2026-04-25 08:44:27,28.434103012085,-17.1356010437012,"Unknown"
"5020561",378674,2026-04-25 08:49:27,28.4423370361328,-17.1641883850098,"Unknown"
"5020561",378674,2026-04-25 08:54:25,28.4537696838379,-17.1935005187988,"Unknown"
"5020561",378674,2026-04-25 08:59:27,28.4626216888428,-17.214334487915,"Unknown"
"5020561",378674,2026-04-25 09:04:27,28.4662742614746,-17.2423439025879,"Unknown"
"5020561",378674,2026-04-25 09:09:27,28.4721088409424,-17.277135848999,"Unknown"
"5020561",378674,2026-04-25 09:14:27,28.4676151275635,-17.288106918335,"Unknown"
"5020561",378674,2026-04-25 09:19:26,28.4670162200928,-17.2902431488037,"Unknown"
"5020561",378674,2026-04-25 09:24:26,28.4646415710449,-17.2897319793701,"Unknown"
"5020561",378674,2026-04-25 09:29:26,28.46315574646,-17.2873935699463,"Unknown"
"5020561",378674,2026-04-25 09:34:25,28.462797164917,-17.2879428863525,"Unknown"
"5020561",378674,2026-04-25 09:39:25,28.4622383117676,-17.2885894775391,"Unknown"
"5020561",378674,2026-04-25 09:44:25,28.4664745330811,-17.2868938446045,"Unknown"
"5020561",378674,2026-04-25 09:49:26,28.4673175811768,-17.2873306274414,"Unknown"
"5020561",378674,2026-04-25 09:54:28,28.4697418212891,-17.2905235290527,"Unknown"
"5020561",378674,2026-04-25 09:59:25,28.4714546203613,-17.2936191558838,"Unknown"
"5020561",378674,2026-04-25 10:04:56,28.4733505249023,-17.2957630157471,"Unknown"
"5020561",378674,2026-04-25 10:09:29,28.4751415252686,-17.2956275939941,"Unknown"
"5020561",378674,2026-04-25 10:14:36,28.4753284454346,-17.3008193969727,"Unknown"
"5020561",378674,2026-04-25 10:19:26,28.4777431488037,-17.3009433746338,"Unknown"
"5020561",378674,2026-04-25 10:24:25,28.4783458709717,-17.3052158355713,"Unknown"
"5020561",378674,2026-04-25 10:29:28,28.4768466949463,-17.3082447052002,"Unknown"
"5020561",378674,2026-04-25 10:34:30,28.4761981964111,-17.3120899200439,"Unknown"
"5020561",378674,2026-04-25 10:39:29,28.4772567749023,-17.3157024383545,"Unknown"
"5020561",378674,2026-04-25 10:44:30,28.4789810180664,-17.3166389465332,"Unknown"
"5020561",378674,2026-04-25 10:49:33,28.48122215271,-17.3200416564941,"Unknown"
"5020561",378674,2026-04-25 10:55:27,28.4792385101318,-17.3242378234863,"Unknown"
"5020561",378674,2026-04-25 10:59:27,28.4811534881592,-17.3267154693604,"Unknown"
"5020561",378674,2026-04-25 11:04:29,28.4835052490234,-17.3295364379883,"Unknown"
"5020561",378674,2026-04-25 11:09:28,28.485782623291,-17.3305053710938,"Unknown"
"5020561",378674,2026-04-25 11:14:26,28.4856815338135,-17.33154296875,"Unknown"
"5020561",378674,2026-04-25 11:19:27,28.4870948791504,-17.3367118835449,"Unknown"
"5020561",378674,2026-04-25 11:24:26,28.4913368225098,-17.3375854492188,"Unknown"
"5020561",378674,2026-04-25 11:29:26,28.4940376281738,-17.3414497375488,"Unknown"
"5020561",378674,2026-04-25 11:34:26,28.4937591552734,-17.3426418304443,"Unknown"
"5020561",378674,2026-04-25 11:39:27,28.4934158325195,-17.3438320159912,"Unknown"
"5020561",378674,2026-04-25 11:44:28,28.4961605072021,-17.3466300964355,"Unknown"
"5020561",378674,2026-04-25 11:49:28,28.4961204528809,-17.3511352539062,"Unknown"
"5020561",378674,2026-04-25 11:54:47,28.4957695007324,-17.3526248931885,"Unknown"
"5020561",378674,2026-04-25 11:59:25,28.4952201843262,-17.3539867401123,"Unknown"
"5020561",378674,2026-04-25 12:04:26,28.4947376251221,-17.3554096221924,"Unknown"
"5020561",378674,2026-04-25 12:09:29,28.4999313354492,-17.3623275756836,"Unknown"
"5020561",378674,2026-04-25 12:14:26,28.4999904632568,-17.3650875091553,"Unknown"
"5020561",378674,2026-04-25 12:19:25,28.5025100708008,-17.3645610809326,"Unknown"
"5020561",378674,2026-04-25 12:24:27,28.5022888183594,-17.3657741546631,"Unknown"
"5020561",378674,2026-04-25 12:29:28,28.5064563751221,-17.3663578033447,"Unknown"
"5020561",378674,2026-04-25 12:34:25,28.5058631896973,-17.3675651550293,"Unknown"
"5020561",378674,2026-04-25 12:39:26,28.5069675445557,-17.3707714080811,"Unknown"
"5020561",378674,2026-04-25 12:44:31,28.5068054199219,-17.3720779418945,"Unknown"
"5020561",378674,2026-04-25 12:49:28,28.5105361938477,-17.3735637664795,"Unknown"
"5020561",378674,2026-04-25 12:54:28,28.5098037719727,-17.3745212554932,"Unknown"
"5020561",378674,2026-04-25 12:59:27,28.4989070892334,-17.3686981201172,"Unknown"
"5020561",378674,2026-04-25 13:04:28,28.4971446990967,-17.3711280822754,"Unknown"
"5020561",378674,2026-04-25 13:09:28,28.4964733123779,-17.3723258972168,"Unknown"
"5020561",378674,2026-04-25 13:14:28,28.4957332611084,-17.3734245300293,"Unknown"
"5020561",378674,2026-04-25 13:19:28,28.4951114654541,-17.3746223449707,"Unknown"
"5020561",378674,2026-04-25 13:24:28,28.4920921325684,-17.3787078857422,"Unknown"
"5020561",378674,2026-04-25 13:29:26,28.4913883209229,-17.379919052124,"Unknown"
"5020561",378674,2026-04-25 13:34:30,28.4873065948486,-17.3833808898926,"Unknown"
"5020561",378674,2026-04-25 13:39:47,28.4810733795166,-17.3856410980225,"Unknown"
"5020561",378674,2026-04-25 13:44:25,28.4804515838623,-17.3861312866211,"Unknown"
"5020561",378674,2026-04-25 13:49:28,28.4799003601074,-17.3869171142578,"Unknown"
"5020561",378674,2026-04-25 13:54:31,28.4794216156006,-17.3876953125,"Unknown"
"5020561",378674,2026-04-25 13:59:33,28.4734859466553,-17.3920440673828,"Unknown"
"5020561",378674,2026-04-25 14:04:31,28.4761943817139,-17.3946170806885,"Unknown"
"5020561",378674,2026-04-25 14:09:31,28.4724426269531,-17.3969745635986,"Unknown"
"5020561",378674,2026-04-25 14:14:29,28.4689445495605,-17.4029598236084,"Unknown"
"5020561",378674,2026-04-25 14:20:01,28.4688129425049,-17.4047203063965,"Unknown"
"5020561",378674,2026-04-25 14:24:28,28.4683723449707,-17.4052886962891,"Unknown"
"5020561",378674,2026-04-25 14:29:32,28.4680938720703,-17.4058208465576,"Unknown"
"5020561",378674,2026-04-25 14:34:29,28.4674110412598,-17.406566619873,"Unknown"
"5020561",378674,2026-04-25 14:39:35,28.4667835235596,-17.4073486328125,"Unknown"
"5020561",378674,2026-04-25 14:44:30,28.466215133667,-17.408145904541,"Unknown"
"5020561",378674,2026-04-25 14:49:33,28.4657192230225,-17.4089870452881,"Unknown"
"5020561",378674,2026-04-25 14:54:35,28.4650897979736,-17.4097137451172,"Unknown"
"5020561",378674,2026-04-25 14:59:35,28.4644203186035,-17.4103870391846,"Unknown"
"5020561",378674,2026-04-25 15:04:32,28.4637489318848,-17.4110126495361,"Unknown"
"5020561",378674,2026-04-25 15:09:37,28.4630699157715,-17.4116535186768,"Unknown"
"5020561",378674,2026-04-25 15:14:57,28.4625720977783,-17.4125690460205,"Unknown"
"5020561",378674,2026-04-25 15:19:27,28.4620780944824,-17.4131984710693,"Unknown"
"5020561",378674,2026-04-25 15:24:27,28.4615459442139,-17.4139137268066,"Unknown"
"5020561",378674,2026-04-25 15:29:27,28.4610214233398,-17.4146900177002,"Unknown"
"5020561",378674,2026-04-25 15:34:27,28.4604053497314,-17.4154014587402,"Unknown"
"5020561",378674,2026-04-25 15:39:28,28.4597492218018,-17.4160861968994,"Unknown"
"5020561",378674,2026-04-25 15:44:27,28.4592037200928,-17.4168128967285,"Unknown"
"5020561",378674,2026-04-25 15:49:27,28.4586849212646,-17.4175987243652,"Unknown"
"5020561",378674,2026-04-25 15:54:27,28.4581527709961,-17.4182872772217,"Unknown"
"5020561",378674,2026-04-25 15:59:27,28.457649230957,-17.4190578460693,"Unknown"
"5020561",378674,2026-04-25 16:04:26,28.4571399688721,-17.4198017120361,"Unknown"
"5020561",378674,2026-04-25 16:09:26,28.456615447998,-17.4205379486084,"Unknown"
"5020561",378674,2026-04-25 16:14:26,28.4561595916748,-17.4212284088135,"Unknown"
"5020561",378674,2026-04-25 16:19:27,28.4556407928467,-17.4218311309814,"Unknown"
"5020561",378674,2026-04-25 16:24:26,28.4551639556885,-17.4224739074707,"Unknown"
"5020561",378674,2026-04-25 16:29:26,28.4547233581543,-17.4231395721436,"Unknown"
"5020561",378674,2026-04-25 16:34:26,28.4543190002441,-17.4238224029541,"Unknown"
"5020561",378674,2026-04-25 16:39:26,28.4539337158203,-17.4243927001953,"Unknown"
"5020561",378674,2026-04-25 16:44:27,28.4535522460938,-17.4249744415283,"Unknown"
"5020561",378674,2026-04-25 16:49:26,28.4530982971191,-17.4253196716309,"Unknown"
"5020561",378674,2026-04-25 16:54:27,28.4526634216309,-17.4256820678711,"Unknown"
"5020561",378674,2026-04-25 16:59:27,28.4522304534912,-17.4260540008545,"Unknown"
"5020561",378674,2026-04-25 17:04:28,28.4518795013428,-17.4265480041504,"Unknown"
"5020561",378674,2026-04-25 17:09:28,28.4515113830566,-17.4270114898682,"Unknown"
"5020561",378674,2026-04-25 17:14:29,28.451135635376,-17.4274406433105,"Unknown"
"5020561",378674,2026-04-25 17:19:28,28.4507617950439,-17.4278869628906,"Unknown"
"5020561",378674,2026-04-25 17:24:57,28.4502544403076,-17.4282646179199,"Unknown"
"5020561",378674,2026-04-25 17:29:26,28.4498081207275,-17.4286193847656,"Unknown"
"5020561",378674,2026-04-25 17:34:26,28.449291229248,-17.4290714263916,"Unknown"
"5020561",378674,2026-04-25 17:39:26,28.4487609863281,-17.4295310974121,"Unknown"
"5020561",378674,2026-04-25 17:44:26,28.448335647583,-17.4300804138184,"Unknown"
"5020561",378674,2026-04-25 17:49:26,28.4479465484619,-17.4304599761963,"Unknown"
"5020561",378674,2026-04-25 17:54:26,28.4475593566895,-17.4308776855469,"Unknown"
"5020561",378674,2026-04-25 17:59:27,28.4450531005859,-17.4341278076172,"Unknown"
"5020561",378674,2026-04-25 18:04:26,28.4518871307373,-17.4532165527344,"Unknown"
"5020561",378674,2026-04-25 18:09:26,28.4513664245605,-17.4534320831299,"Unknown"
"5020561",378674,2026-04-25 18:14:26,28.4525241851807,-17.4487133026123,"Unknown"
"5020561",378674,2026-04-25 18:19:27,28.4509773254395,-17.447380065918,"Unknown"
"5020561",378674,2026-04-25 18:25:27,28.4457950592041,-17.4472694396973,"Unknown"
"5020561",378674,2026-04-25 18:29:26,28.4464702606201,-17.441162109375,"Unknown"
"5020561",378674,2026-04-25 18:34:27,28.4477996826172,-17.4378662109375,"Unknown"
"5020561",378674,2026-04-25 18:39:26,28.4464092254639,-17.4337577819824,"Unknown"
"5020561",378674,2026-04-25 18:44:26,28.4433727264404,-17.4312801361084,"Unknown"
"5020561",378674,2026-04-25 18:49:26,28.443021774292,-17.4318351745605,"Unknown"
"5020561",378674,2026-04-25 18:54:26,28.4417324066162,-17.4310741424561,"Unknown"
"5020561",378674,2026-04-25 18:59:26,28.4429988861084,-17.4256916046143,"Unknown"
"5020561",378674,2026-04-25 19:04:26,28.4395923614502,-17.4259090423584,"Unknown"
"5020561",378674,2026-04-25 19:09:26,28.4393882751465,-17.4251804351807,"Unknown"
"5020561",378674,2026-04-25 19:14:26,28.4381446838379,-17.4256153106689,"Unknown"
"5020561",378674,2026-04-25 19:19:26,28.4366283416748,-17.4259910583496,"Unknown"
"5020561",378674,2026-04-25 19:24:26,28.4372882843018,-17.4276676177979,"Unknown"
"5020561",378674,2026-04-25 19:29:26,28.4369144439697,-17.4281215667725,"Unknown"
"5020561",378674,2026-04-25 19:34:28,28.4365501403809,-17.4297122955322,"Unknown"
"5020561",378674,2026-04-25 19:39:28,28.4380283355713,-17.431999206543,"Unknown"
"5020561",378674,2026-04-25 19:44:26,28.4376068115234,-17.4325675964355,"Unknown"
"5020561",378674,2026-04-25 19:49:28,28.4425811767578,-17.4486885070801,"Unknown"
"5020561",378674,2026-04-25 19:54:28,28.4536266326904,-17.478702545166,"Unknown"
"5020561",378674,2026-04-25 19:59:28,28.4627532958984,-17.5087928771973,"Unknown"
"5020561",378674,2026-04-25 20:04:28,28.4709224700928,-17.5421600341797,"Unknown"
"5020561",378674,2026-04-25 20:09:30,28.4762153625488,-17.5753803253174,"Unknown"
"5020561",378674,2026-04-25 20:14:29,28.475679397583,-17.5761833190918,"Unknown"
"5020561",378674,2026-04-25 20:19:28,28.4752388000488,-17.577075958252,"Unknown"
"5020561",378674,2026-04-25 20:24:29,28.4747352600098,-17.577880859375,"Unknown"
"5020561",378674,2026-04-25 20:29:32,28.4742584228516,-17.5786380767822,"Unknown"
"5020561",378674,2026-04-25 20:34:33,28.4737548828125,-17.5792484283447,"Unknown"
"5020561",378674,2026-04-25 20:39:47,28.4732818603516,-17.5800113677979,"Unknown"
"5020561",378674,2026-04-25 20:44:26,28.4729251861572,-17.5807285308838,"Unknown"
"5020561",378674,2026-04-25 20:49:26,28.4725818634033,-17.5815315246582,"Unknown"
"5020561",378674,2026-04-25 20:54:26,28.4721431732178,-17.5823192596436,"Unknown"
"5020561",378674,2026-04-25 20:59:27,28.4717273712158,-17.5832271575928,"Unknown"
"5020561",378674,2026-04-25 21:04:26,28.4713249206543,-17.5841751098633,"Unknown"
"5020561",378674,2026-04-25 21:09:28,28.4709701538086,-17.585018157959,"Unknown"
"5020561",378674,2026-04-25 21:14:28,28.470588684082,-17.5858287811279,"Unknown"
"5020561",378674,2026-04-25 21:19:27,28.4720191955566,-17.5911331176758,"Unknown"
"5020561",378674,2026-04-25 21:24:33,28.4779109954834,-17.6077976226807,"Unknown"
"5020561",378674,2026-04-25 21:29:29,28.4867210388184,-17.6366138458252,"Unknown"
"5020561",378674,2026-04-25 21:34:28,28.4958305358887,-17.6644878387451,"Unknown"
"5020561",378674,2026-04-25 21:39:29,28.5028305053711,-17.6944522857666,"Unknown"
"5020561",378674,2026-04-25 21:44:28,28.5088577270508,-17.7233352661133,"Unknown"
"5020561",378674,2026-04-25 21:49:29,28.510669708252,-17.7331371307373,"Unknown"
"5020561",378674,2026-04-25 21:54:29,28.5103626251221,-17.7338848114014,"Unknown"
"5020561",378674,2026-04-25 21:55:27,28.5102500915527,-17.7339839935303,"Unknown"
"5020561",378674,2026-04-25 21:56:27,28.510217666626,-17.7341480255127,"Unknown"
"5020561",378674,2026-04-25 21:57:26,28.5101585388184,-17.7342891693115,"Unknown"
"5020561",378674,2026-04-25 21:58:30,28.5100879669189,-17.7343978881836,"Unknown"
"5020561",378674,2026-04-25 21:59:28,28.5100383758545,-17.7345771789551,"Unknown"
"5020561",378674,2026-04-25 22:00:56,28.5099811553955,-17.734769821167,"Unknown"
"5020561",378674,2026-04-25 22:01:26,28.5099449157715,-17.7348442077637,"Unknown"
"5020561",378674,2026-04-25 22:02:26,28.5098762512207,-17.734992980957,"Unknown"
"5020561",378674,2026-04-25 22:03:26,28.5097923278809,-17.7350959777832,"Unknown"
"5020561",378674,2026-04-25 22:04:26,28.5096969604492,-17.7351818084717,"Unknown"
"5020561",378674,2026-04-25 22:05:26,28.5096473693848,-17.7352466583252,"Unknown"
"5020561",378674,2026-04-25 22:06:26,28.5095691680908,-17.7353363037109,"Unknown"
"5020561",378674,2026-04-25 22:07:26,28.5094909667969,-17.7354431152344,"Unknown"
"5020561",378674,2026-04-25 22:08:26,28.509407043457,-17.7355995178223,"Unknown"
"5020561",378674,2026-04-25 22:09:26,28.5093307495117,-17.7357597351074,"Unknown"
"5020561",378674,2026-04-25 22:10:26,28.5092697143555,-17.735876083374,"Unknown"
"5020561",378674,2026-04-25 22:11:26,28.5092124938965,-17.7360019683838,"Unknown"
"5020561",378674,2026-04-25 22:12:26,28.509162902832,-17.7361297607422,"Unknown"
"5020561",378674,2026-04-25 22:13:26,28.5091114044189,-17.7363128662109,"Unknown"
"5020561",378674,2026-04-25 22:14:26,28.5090923309326,-17.7364730834961,"Unknown"
"5020561",378674,2026-04-25 22:15:26,28.5090942382812,-17.7366390228271,"Unknown"
"5020561",378674,2026-04-25 22:16:26,28.5090446472168,-17.73681640625,"Unknown"
"5020561",378674,2026-04-25 22:17:26,28.508996963501,-17.7369632720947,"Unknown"
"5020561",378674,2026-04-25 22:18:26,28.5089645385742,-17.7370986938477,"Unknown"
"5020561",378674,2026-04-25 22:19:26,28.5088977813721,-17.7372531890869,"Unknown"
"5020561",378674,2026-04-25 22:20:26,28.5088520050049,-17.7374134063721,"Unknown"
"5020561",378674,2026-04-25 22:21:26,28.5087966918945,-17.7375640869141,"Unknown"
"5020561",378674,2026-04-25 22:22:26,28.5087413787842,-17.7377529144287,"Unknown"
"5020561",378674,2026-04-25 22:23:26,28.5086669921875,-17.7378921508789,"Unknown"
"5020561",378674,2026-04-25 22:24:26,28.5086250305176,-17.7380485534668,"Unknown"
"5020561",378674,2026-04-25 22:25:26,28.5085163116455,-17.7381916046143,"Unknown"
"5020561",378674,2026-04-25 22:26:26,28.5083961486816,-17.7382907867432,"Unknown"
"5020561",378674,2026-04-25 22:27:26,28.50830078125,-17.7383880615234,"Unknown"
"5020561",378674,2026-04-25 22:28:26,28.5098056793213,-17.7425079345703,"Unknown"
"5020561",378674,2026-04-25 22:29:26,28.5126304626465,-17.7467384338379,"Unknown"
"5020561",378674,2026-04-25 22:30:26,28.5141716003418,-17.7521057128906,"Unknown"
"5020561",378674,2026-04-25 22:31:28,28.5173244476318,-17.7554798126221,"Unknown"
"5020561",378674,2026-04-25 22:32:28,28.5199394226074,-17.758731842041,"Unknown"
"5020561",378674,2026-04-25 22:33:26,28.5230865478516,-17.7593059539795,"Unknown"
"5020561",378674,2026-04-25 22:34:28,28.5266437530518,-17.7591323852539,"Unknown"
"5020561",378674,2026-04-25 22:35:26,28.5301342010498,-17.7587566375732,"Unknown"
"5020561",378674,2026-04-25 22:36:26,28.5338478088379,-17.7581539154053,"Unknown"
"5020561",378674,2026-04-25 22:37:27,28.5369319915771,-17.7580585479736,"Unknown"
"5020561",378674,2026-04-25 22:38:28,28.5384578704834,-17.7576503753662,"Unknown"
"5020561",378674,2026-04-25 22:39:26,28.5384082794189,-17.7576942443848,"Unknown"
"5020561",378674,2026-04-25 22:40:26,28.5383281707764,-17.7577247619629,"Unknown"
"5020561",378674,2026-04-25 22:41:26,28.5382690429688,-17.7577629089355,"Unknown"
"5020561",378674,2026-04-25 22:42:26,28.5381813049316,-17.7577857971191,"Unknown"
"5020561",378674,2026-04-25 22:43:26,28.5381240844727,-17.7578010559082,"Unknown"
"5020561",378674,2026-04-25 22:44:28,28.538064956665,-17.7578239440918,"Unknown"
"5020561",378674,2026-04-25 22:45:26,28.5380115509033,-17.757869720459,"Unknown"
"5020561",378674,2026-04-25 22:46:28,28.5379333496094,-17.7578926086426,"Unknown"
"5020561",378674,2026-04-25 22:47:28,28.5378952026367,-17.7579288482666,"Unknown"
"5020561",378674,2026-04-25 22:48:26,28.5378265380859,-17.7579727172852,"Unknown"
"5020561",378674,2026-04-25 22:49:28,28.537769317627,-17.7580013275146,"Unknown"
"5020561",378674,2026-04-25 22:50:26,28.5377235412598,-17.758056640625,"Unknown"
"5020561",378674,2026-04-25 22:51:26,28.5376796722412,-17.7580986022949,"Unknown"
"5020561",378674,2026-04-25 22:52:28,28.5401649475098,-17.7589454650879,"Unknown"
"5020561",378674,2026-04-25 22:53:26,28.5438175201416,-17.7591171264648,"Unknown"
"5020561",378674,2026-04-25 22:54:28,28.548023223877,-17.7587146759033,"Unknown"
"5020561",378674,2026-04-25 22:55:28,28.5517311096191,-17.7569179534912,"Unknown"
"5020561",378674,2026-04-25 22:56:28,28.5552597045898,-17.7565383911133,"Unknown"
"5020561",378674,2026-04-25 22:57:26,28.5581398010254,-17.7553997039795,"Unknown"
"5020561",378674,2026-04-25 22:58:26,28.5613250732422,-17.7552604675293,"Unknown"
"5020561",378674,2026-04-25 22:59:28,28.564172744751,-17.7546424865723,"Unknown"
"5020561",378674,2026-04-25 23:00:26,28.5665378570557,-17.7538948059082,"Unknown"
"5020561",378674,2026-04-25 23:01:27,28.5665397644043,-17.7538433074951,"Unknown"
"5020561",378674,2026-04-25 23:02:26,28.5665397644043,-17.7538166046143,"Unknown"
"5020561",378674,2026-04-25 23:03:28,28.5665493011475,-17.7538185119629,"Unknown"
"5020561",378674,2026-04-25 23:04:26,28.5665340423584,-17.7538032531738,"Unknown"
"5020561",378674,2026-04-25 23:05:26,28.5665473937988,-17.7537498474121,"Unknown"
"5020561",378674,2026-04-25 23:06:26,28.5665702819824,-17.7536945343018,"Unknown"
"5020561",378674,2026-04-25 23:07:26,28.566577911377,-17.7536487579346,"Unknown"
"5020561",378674,2026-04-25 23:08:26,28.5665950775146,-17.7536525726318,"Unknown"
"5020561",378674,2026-04-25 23:09:26,28.5665798187256,-17.7536277770996,"Unknown"
"5020561",378674,2026-04-25 23:10:27,28.5665950775146,-17.7535648345947,"Unknown"
"5020561",378674,2026-04-25 23:11:26,28.5666027069092,-17.7535591125488,"Unknown"
"5020561",378674,2026-04-25 23:12:27,28.5665988922119,-17.7535305023193,"Unknown"
"5020561",378674,2026-04-25 23:13:26,28.5666084289551,-17.7535514831543,"Unknown"
"5020561",378674,2026-04-25 23:14:28,28.5665874481201,-17.7535667419434,"Unknown"
"5020561",378674,2026-04-25 23:15:27,28.5665893554688,-17.7535514831543,"Unknown"
"5020561",378674,2026-04-25 23:16:26,28.5665969848633,-17.7535400390625,"Unknown"
"5020561",378674,2026-04-25 23:17:27,28.5665988922119,-17.7535209655762,"Unknown"
"5020561",378674,2026-04-25 23:18:27,28.5665969848633,-17.7535266876221,"Unknown"
"5020561",378674,2026-04-25 23:19:26,28.5666007995605,-17.7534885406494,"Unknown"
"5020561",378674,2026-04-25 23:20:26,28.566593170166,-17.7534027099609,"Unknown"
"5020561",378674,2026-04-25 23:21:27,28.5666065216064,-17.753345489502,"Unknown"
"5020561",378674,2026-04-25 23:22:28,28.5666370391846,-17.7532424926758,"Unknown"
"5020561",378674,2026-04-25 23:23:27,28.5666522979736,-17.7531433105469,"Unknown"
"5020561",378674,2026-04-25 23:24:26,28.5666675567627,-17.7530403137207,"Unknown"
"5020561",378674,2026-04-25 23:25:28,28.5666885375977,-17.7529411315918,"Unknown"
"5020561",378674,2026-04-25 23:26:28,28.5667152404785,-17.7528991699219,"Unknown"
"5020561",378674,2026-04-25 23:27:27,28.5667533874512,-17.752836227417,"Unknown"
"5020561",378674,2026-04-25 23:28:28,28.5667858123779,-17.7527942657471,"Unknown"
"5020561",378674,2026-04-25 23:29:26,28.5667877197266,-17.7527256011963,"Unknown"
"5020561",378674,2026-04-25 23:30:26,28.5665073394775,-17.7513618469238,"Unknown"
"5020561",378674,2026-04-25 23:31:27,28.5663871765137,-17.7534198760986,"Unknown"
"5020561",378674,2026-04-25 23:32:27,28.5692481994629,-17.7527084350586,"Unknown"
"5020561",378674,2026-04-25 23:33:29,28.5724143981934,-17.7501430511475,"Unknown"
"5020561",378674,2026-04-25 23:34:26,28.5753841400146,-17.7467002868652,"Unknown"
"5020561",378674,2026-04-25 23:35:27,28.5788440704346,-17.7457637786865,"Unknown"
"5020561",378674,2026-04-25 23:36:27,28.5823497772217,-17.7435646057129,"Unknown"
"5020561",378674,2026-04-25 23:37:27,28.5855751037598,-17.7442092895508,"Unknown"
"5020561",378674,2026-04-25 23:38:27,28.588659286499,-17.7430686950684,"Unknown"
"5020561",378674,2026-04-25 23:39:29,28.5917797088623,-17.7446422576904,"Unknown"
"5020561",378674,2026-04-25 23:40:29,28.5953140258789,-17.7454414367676,"Unknown"
"5020561",378674,2026-04-25 23:41:30,28.5980911254883,-17.7446784973145,"Unknown"
"5020561",378674,2026-04-25 23:42:30,28.6009502410889,-17.7444458007812,"Unknown"
"5020561",378674,2026-04-25 23:43:29,28.6017875671387,-17.7442607879639,"Unknown"
"5020561",378674,2026-04-25 23:44:31,28.6017532348633,-17.7442283630371,"Unknown"
"5020561",378674,2026-04-25 23:45:29,28.6017093658447,-17.7441635131836,"Unknown"
"5020561",378674,2026-04-25 23:46:31,28.6016502380371,-17.7440891265869,"Unknown"
"5020561",378674,2026-04-25 23:47:29,28.6016101837158,-17.7440490722656,"Unknown"
"5020561",378674,2026-04-25 23:48:31,28.6015167236328,-17.7440452575684,"Unknown"
"5020561",378674,2026-04-25 23:49:57,28.6014537811279,-17.7439956665039,"Unknown"
"5020561",378674,2026-04-25 23:50:26,28.6014270782471,-17.7439842224121,"Unknown"
"5020561",378674,2026-04-25 23:51:26,28.6013717651367,-17.7439937591553,"Unknown"
"5020561",378674,2026-04-25 23:52:27,28.6013164520264,-17.7439384460449,"Unknown"
"5020561",378674,2026-04-25 23:53:26,28.6012535095215,-17.7439193725586,"Unknown"
"5020561",378674,2026-04-25 23:54:26,28.6011791229248,-17.7438468933105,"Unknown"
"5020561",378674,2026-04-25 23:55:26,28.6011180877686,-17.7438259124756,"Unknown"
"5020561",378674,2026-04-25 23:56:26,28.6010303497314,-17.7437305450439,"Unknown"
"5020561",378674,2026-04-25 23:57:26,28.6009769439697,-17.7436141967773,"Unknown"
"5020561",378674,2026-04-25 23:58:26,28.600887298584,-17.7435092926025,"Unknown"
"5020561",378674,2026-04-25 23:59:26,28.6007976531982,-17.7434101104736,"Unknown"
"5020561",378674,2026-04-26 00:00:26,28.6007537841797,-17.7433376312256,"Unknown"
"5020561",378674,2026-04-26 00:01:26,28.6007022857666,-17.7433032989502,"Unknown"
"5020561",378674,2026-04-26 00:02:26,28.6006450653076,-17.7432289123535,"Unknown"
"5020561",378674,2026-04-26 00:03:26,28.6005764007568,-17.7431621551514,"Unknown"
"5020561",378674,2026-04-26 00:04:26,28.6004981994629,-17.7431316375732,"Unknown"
"5020561",378674,2026-04-26 00:05:26,28.600435256958,-17.7430839538574,"Unknown"
"5020561",378674,2026-04-26 00:06:26,28.60036277771,-17.7430572509766,"Unknown"
"5020561",378674,2026-04-26 00:07:26,28.6003360748291,-17.7429847717285,"Unknown"
"5020561",378674,2026-04-26 00:08:26,28.6002864837646,-17.7428894042969,"Unknown"
"5020561",378674,2026-04-26 00:09:26,28.6002292633057,-17.7428131103516,"Unknown"
"5020561",378674,2026-04-26 00:10:26,28.6001491546631,-17.7427616119385,"Unknown"
"5020561",378674,2026-04-26 00:11:26,28.6000709533691,-17.7426872253418,"Unknown"
"5020561",378674,2026-04-26 00:12:26,28.6000080108643,-17.7426528930664,"Unknown"
"5020561",378674,2026-04-26 00:13:26,28.5999736785889,-17.7426242828369,"Unknown"
"5020561",378674,2026-04-26 00:14:27,28.599910736084,-17.7425861358643,"Unknown"
"5020561",378674,2026-04-26 00:15:26,28.5998706817627,-17.7425346374512,"Unknown"
"5020561",378674,2026-04-26 00:16:26,28.5998420715332,-17.742504119873,"Unknown"
"5020561",378674,2026-04-26 00:17:27,28.5997943878174,-17.7424621582031,"Unknown"
"5020561",378674,2026-04-26 00:18:26,28.5997657775879,-17.7424125671387,"Unknown"
"5020561",378674,2026-04-26 00:19:27,28.5997352600098,-17.7423706054688,"Unknown"
"5020561",378674,2026-04-26 00:20:26,28.599723815918,-17.7423324584961,"Unknown"
"5020561",378674,2026-04-26 00:21:26,28.5996952056885,-17.742317199707,"Unknown"
"5020561",378674,2026-04-26 00:22:26,28.5996570587158,-17.7422828674316,"Unknown"
"5020561",378674,2026-04-26 00:23:26,28.5996227264404,-17.7422256469727,"Unknown"
"5020561",378674,2026-04-26 00:24:26,28.5995788574219,-17.7422008514404,"Unknown"
"5020561",378674,2026-04-26 00:25:27,28.5995121002197,-17.7421436309814,"Unknown"
"5020561",378674,2026-04-26 00:26:27,28.5994644165039,-17.7420997619629,"Unknown"
"5020561",378674,2026-04-26 00:27:26,28.5994415283203,-17.7420673370361,"Unknown"
"5020561",378674,2026-04-26 00:28:27,28.599401473999,-17.7419967651367,"Unknown"
"5020561",378674,2026-04-26 00:29:26,28.5993614196777,-17.7419700622559,"Unknown"
"5020561",378674,2026-04-26 00:30:26,28.5993175506592,-17.7419109344482,"Unknown"
"5020561",378674,2026-04-26 00:31:26,28.5992889404297,-17.7418384552002,"Unknown"
"5020561",378674,2026-04-26 00:32:27,28.5992736816406,-17.7417602539062,"Unknown"
"5020561",378674,2026-04-26 00:33:26,28.599250793457,-17.7416725158691,"Unknown"
"5020561",378674,2026-04-26 00:34:27,28.5992183685303,-17.7416343688965,"Unknown"
"5020561",378674,2026-04-26 00:35:26,28.5991821289062,-17.7415924072266,"Unknown"
"5020561",378674,2026-04-26 00:36:26,28.5991458892822,-17.7415370941162,"Unknown"
"5020561",378674,2026-04-26 00:37:26,28.5991172790527,-17.7414970397949,"Unknown"
"5020561",378674,2026-04-26 00:38:27,28.5990982055664,-17.7414417266846,"Unknown"
"5020561",378674,2026-04-26 00:39:27,28.5990390777588,-17.7413959503174,"Unknown"
"5020561",378674,2026-04-26 00:40:27,28.5989971160889,-17.7413578033447,"Unknown"
"5020561",378674,2026-04-26 00:41:27,28.5989742279053,-17.7413120269775,"Unknown"
"5020561",378674,2026-04-26 00:42:26,28.5989074707031,-17.7412281036377,"Unknown"
"5020561",378674,2026-04-26 00:43:26,28.5988750457764,-17.7411670684814,"Unknown"
"5020561",378674,2026-04-26 00:44:26,28.598840713501,-17.7411155700684,"Unknown"
"5020561",378674,2026-04-26 00:45:26,28.5988101959229,-17.7410488128662,"Unknown"
"5020561",378674,2026-04-26 00:46:27,28.5987606048584,-17.7409706115723,"Unknown"
"5020561",378674,2026-04-26 00:47:28,28.5987186431885,-17.740909576416,"Unknown"
"5020561",378674,2026-04-26 00:48:27,28.5986824035645,-17.7408027648926,"Unknown"
"5020561",378674,2026-04-26 00:49:28,28.5986824035645,-17.7407131195068,"Unknown"
"5020561",378674,2026-04-26 00:50:27,28.598669052124,-17.7406139373779,"Unknown"
"5020561",378674,2026-04-26 00:51:28,28.5986557006836,-17.7404918670654,"Unknown"
"5020561",378674,2026-04-26 00:52:29,28.5986633300781,-17.7403945922852,"Unknown"
"5020561",378674,2026-04-26 00:53:29,28.5986614227295,-17.7402896881104,"Unknown"
"5020561",378674,2026-04-26 00:54:27,28.598690032959,-17.7402477264404,"Unknown"
"5020561",378674,2026-04-26 00:55:29,28.5987186431885,-17.7401065826416,"Unknown"
"5020561",378674,2026-04-26 00:56:28,28.5987091064453,-17.7400341033936,"Unknown"
"5020561",378674,2026-04-26 00:57:29,28.598747253418,-17.7399291992188,"Unknown"
"5020561",378674,2026-04-26 00:58:28,28.5987854003906,-17.7398357391357,"Unknown"
"5020561",378674,2026-04-26 00:59:28,28.5988368988037,-17.7397632598877,"Unknown"
"5020561",378674,2026-04-26 01:00:27,28.5988597869873,-17.7396469116211,"Unknown"
"5020561",378674,2026-04-26 01:01:29,28.5988903045654,-17.7395553588867,"Unknown"
"5020561",378674,2026-04-26 01:02:30,28.598934173584,-17.739465713501,"Unknown"
"5020561",378674,2026-04-26 01:03:29,28.5989074707031,-17.7393932342529,"Unknown"
"5020561",378674,2026-04-26 01:04:30,28.5989456176758,-17.7393360137939,"Unknown"
"5020561",378674,2026-04-26 01:05:31,28.5989437103271,-17.7392196655273,"Unknown"
"5020561",378674,2026-04-26 01:06:31,28.5989322662354,-17.7391662597656,"Unknown"
"5020561",378674,2026-04-26 01:07:29,28.6002349853516,-17.7390193939209,"Unknown"
"5020561",378674,2026-04-26 01:08:29,28.6031475067139,-17.7401466369629,"Unknown"
"5020561",378674,2026-04-26 01:09:28,28.6066360473633,-17.7404079437256,"Unknown"
"5020561",378674,2026-04-26 01:10:29,28.6100330352783,-17.741096496582,"Unknown"
"5020561",378674,2026-04-26 01:11:28,28.6130828857422,-17.740852355957,"Unknown"
"5020561",378674,2026-04-26 01:12:29,28.6157855987549,-17.740966796875,"Unknown"
"5020561",378674,2026-04-26 01:13:33,28.6193809509277,-17.7400569915771,"Unknown"
"5020561",378674,2026-04-26 01:14:30,28.62278175354,-17.7395420074463,"Unknown"
"5020561",378674,2026-04-26 01:15:30,28.6261692047119,-17.7385368347168,"Unknown"
"5020561",378674,2026-04-26 01:16:30,28.6296043395996,-17.7394275665283,"Unknown"
"5020561",378674,2026-04-26 01:17:29,28.6323928833008,-17.7369518280029,"Unknown"
"5020561",378674,2026-04-26 01:18:29,28.6356544494629,-17.7356128692627,"Unknown"
"5020561",378674,2026-04-26 01:19:30,28.6390056610107,-17.7354640960693,"Unknown"
"5020561",378674,2026-04-26 01:20:29,28.6416912078857,-17.7334575653076,"Unknown"
"5020561",378674,2026-04-26 01:21:29,28.6452102661133,-17.7328872680664,"Unknown"
"5020561",378674,2026-04-26 01:22:30,28.6490230560303,-17.7321166992188,"Unknown"
"5020561",378674,2026-04-26 01:23:29,28.6527481079102,-17.7316589355469,"Unknown"
"5020561",378674,2026-04-26 01:24:31,28.6565608978271,-17.7309532165527,"Unknown"
"5020561",378674,2026-04-26 01:25:29,28.6597652435303,-17.7292861938477,"Unknown"
"5020561",378674,2026-04-26 01:26:29,28.6625270843506,-17.7274875640869,"Unknown"
"5020561",378674,2026-04-26 01:27:29,28.66579246521,-17.7253761291504,"Unknown"
"5020561",378674,2026-04-26 01:28:30,28.6695957183838,-17.7249755859375,"Unknown"
"5020561",378674,2026-04-26 01:29:30,28.6732292175293,-17.7235832214355,"Unknown"
"5020561",378674,2026-04-26 01:34:30,28.6915550231934,-17.7222938537598,"Unknown"
"5020561",378674,2026-04-26 01:39:32,28.7025279998779,-17.7207565307617,"Unknown"
"5020561",378674,2026-04-26 01:44:34,28.7029457092285,-17.720027923584,"Unknown"
"5020561",378674,2026-04-26 01:49:57,28.7032012939453,-17.7193756103516,"Unknown"
"5020561",378674,2026-04-26 01:54:26,28.7033920288086,-17.7186756134033,"Unknown"
"5020561",378674,2026-04-26 01:59:26,28.703670501709,-17.7179927825928,"Unknown"
"5020561",378674,2026-04-26 02:04:26,28.703929901123,-17.7173042297363,"Unknown"
"5020561",378674,2026-04-26 02:09:28,28.7041244506836,-17.7166633605957,"Unknown"
"5020561",378674,2026-04-26 02:14:27,28.7043361663818,-17.7159862518311,"Unknown"
"5020561",378674,2026-04-26 02:19:26,28.7045135498047,-17.7153778076172,"Unknown"
"5020561",378674,2026-04-26 02:24:26,28.7047367095947,-17.7147312164307,"Unknown"
"5020561",378674,2026-04-26 02:29:26,28.7049217224121,-17.7141780853271,"Unknown"
"5020561",378674,2026-04-26 02:34:26,28.705171585083,-17.7135639190674,"Unknown"
"5020561",378674,2026-04-26 02:39:26,28.7053909301758,-17.71315574646,"Unknown"
"5020561",378674,2026-04-26 02:44:26,28.7056007385254,-17.7126979827881,"Unknown"
"5020561",378674,2026-04-26 02:49:26,28.7057609558105,-17.7121353149414,"Unknown"
"5020561",378674,2026-04-26 02:54:26,28.705961227417,-17.7116985321045,"Unknown"
"5020561",378674,2026-04-26 02:59:26,28.7061328887939,-17.7113437652588,"Unknown"
"5020561",378674,2026-04-26 03:04:26,28.7062816619873,-17.711275100708,"Unknown"
"5020561",378674,2026-04-26 03:09:27,28.7063617706299,-17.711296081543,"Unknown"
"5020561",378674,2026-04-26 03:14:26,28.7095623016357,-17.7125072479248,"Unknown"
"5020561",378674,2026-04-26 03:19:28,28.7290878295898,-17.7195339202881,"Unknown"
"5020561",378674,2026-04-26 03:24:28,28.7491054534912,-17.7238903045654,"Unknown"
"5020561",378674,2026-04-26 03:29:27,28.7626819610596,-17.7386169433594,"Unknown"
"5020561",378674,2026-04-26 03:34:37,28.7755355834961,-17.7517414093018,"Unknown"
"5020561",378674,2026-04-26 03:36:17,28.7714557647705,-17.7502975463867,"Unknown"
"5020561",378674,2026-04-26 03:36:26,28.7709140777588,-17.7495727539062,"Unknown"
"5020561",378674,2026-04-26 03:37:27,28.7666072845459,-17.7493076324463,"Unknown"
"5020561",378674,2026-04-26 03:38:28,28.7653274536133,-17.7531642913818,"Unknown"
"5020561",378674,2026-04-26 03:39:28,28.7631587982178,-17.7558193206787,"Unknown"
"5020561",378674,2026-04-26 03:40:28,28.7636814117432,-17.7563896179199,"Unknown"
"5020561",378674,2026-04-26 03:41:26,28.7637348175049,-17.7563438415527,"Unknown"
"5020561",378674,2026-04-26 03:42:30,28.7635440826416,-17.7564182281494,"Unknown"
"5020561",378674,2026-04-26 03:43:30,28.7635955810547,-17.7564010620117,"Unknown"
"5020561",378674,2026-04-26 03:44:48,28.7635440826416,-17.7564010620117,"Unknown"
"5020561",378674,2026-04-26 03:45:38,28.7636280059814,-17.756420135498,"Unknown"
"5020561",378674,2026-04-26 03:46:33,28.7636451721191,-17.7564697265625,"Unknown"
"5020561",378674,2026-04-26 03:47:36,28.7636108398438,-17.756368637085,"Unknown"
"5020561",378674,2026-04-26 03:48:36,28.7635707855225,-17.7563877105713,"Unknown"
"5020561",378674,2026-04-26 03:49:30,28.7636108398438,-17.7564315795898,"Unknown"
"5020561",378674,2026-04-26 03:50:27,28.7636566162109,-17.756462097168,"Unknown"
"5020561",378674,2026-04-26 03:51:28,28.7635726928711,-17.7564754486084,"Unknown"
"5020561",378674,2026-04-26 03:52:28,28.7635612487793,-17.7564754486084,"Unknown"
"5020561",378674,2026-04-26 03:53:28,28.7635746002197,-17.7564601898193,"Unknown"
"5020561",378674,2026-04-26 03:54:31,28.7636165618896,-17.7564907073975,"Unknown"
"5020561",378674,2026-04-26 03:55:28,28.7635555267334,-17.7564849853516,"Unknown"
"5020561",378674,2026-04-26 03:56:31,28.7635593414307,-17.756498336792,"Unknown"
"5020561",378674,2026-04-26 03:57:43,28.763557434082,-17.7564430236816,"Unknown"
"5020561",378674,2026-04-26 03:58:41,28.7635269165039,-17.7564353942871,"Unknown"
"5020561",378674,2026-04-26 04:00:51,28.763599395752,-17.7564544677734,"Unknown"
"5020561",378674,2026-04-26 04:00:57,28.7635955810547,-17.7564506530762,"Unknown"
"5020561",378674,2026-04-26 04:10:58,28.7635860443115,-17.7564811706543,"Unknown"
"5020561",378674,2026-04-26 04:11:58,28.763578414917,-17.7564735412598,"Unknown"
"5020561",378674,2026-04-26 04:12:57,28.7635841369629,-17.7564792633057,"Unknown"
"5020561",378674,2026-04-26 04:22:58,28.7635192871094,-17.7565002441406,"Unknown"
"5020561",378674,2026-04-26 04:24:17,28.7635688781738,-17.7564582824707,"Unknown"
"5020561",378674,2026-04-26 04:24:57,28.7635803222656,-17.7564659118652,"Unknown"
"5020561",378674,2026-04-26 04:34:57,28.7635669708252,-17.7564754486084,"Unknown"
"5020561",378674,2026-04-26 04:44:55,28.7635192871094,-17.7564563751221,"Unknown"
"5020561",378674,2026-04-26 04:45:56,28.7635269165039,-17.7564430236816,"Unknown"
"5020561",378674,2026-04-26 04:55:57,28.763484954834,-17.7563724517822,"Unknown"
"5020561",378674,2026-04-26 05:05:59,28.7635288238525,-17.7563915252686,"Unknown"
"5020561",378674,2026-04-26 05:06:58,28.763521194458,-17.7563343048096,"Unknown"
"5020561",378674,2026-04-26 05:16:55,28.7659816741943,-17.7476863861084,"Unknown"
"5020561",378674,2026-04-26 05:26:57,28.7516231536865,-17.7178115844727,"Unknown"
"5020561",378674,2026-04-26 05:36:57,28.7533206939697,-17.7173328399658,"Unknown"
"5020561",378674,2026-04-26 05:46:56,28.7528762817383,-17.721321105957,"Unknown"
"5020561",378674,2026-04-26 05:56:56,28.7583694458008,-17.724193572998,"Unknown"
"5020561",378674,2026-04-26 06:06:58,28.7287979125977,-17.7056159973145,"Unknown"
"5020561",378674,2026-04-26 06:16:57,28.6878089904785,-17.6921710968018,"Unknown"
"5020561",378674,2026-04-26 06:26:58,28.637767791748,-17.6457443237305,"Unknown"
"5020561",378674,2026-04-26 06:36:56,28.5899868011475,-17.5903453826904,"Unknown"
"5020561",378674,2026-04-26 06:46:58,28.5483703613281,-17.5346412658691,"Unknown"
"5020561",378674,2026-04-26 06:56:59,28.5056781768799,-17.4788494110107,"Unknown"
"5020561",378674,2026-04-26 07:27:32,28.4063129425049,-17.3910255432129,"Unknown"
"5020561",378674,2026-04-26 07:37:16,28.4067630767822,-17.3888053894043,"Unknown"
"5020561",378674,2026-04-26 07:46:57,28.4060688018799,-17.3878421783447,"Unknown"
"5020561",378674,2026-04-26 07:56:58,28.4065055847168,-17.3851299285889,"Unknown"
"5020561",378674,2026-04-26 08:02:27,28.4061450958252,-17.3853454589844,"Unknown"
"5020561",378674,2026-04-26 08:11:57,28.4056987762451,-17.3857707977295,"Unknown"
"5020561",378674,2026-04-26 08:16:56,28.4053554534912,-17.3860950469971,"Unknown"
"5020561",378674,2026-04-26 08:21:56,28.4039611816406,-17.3954792022705,"Unknown"
"5020561",378674,2026-04-26 08:28:20,28.4064311981201,-17.3847064971924,"Unknown"
"5020561",378674,2026-04-26 08:32:17,28.4061603546143,-17.3847751617432,"Unknown"
"5020561",378674,2026-04-26 08:36:57,28.4060573577881,-17.3849315643311,"Unknown"
"5020561",378674,2026-04-26 08:41:57,28.4175643920898,-17.380973815918,"Unknown"
"5020561",378674,2026-04-26 08:46:57,28.4171504974365,-17.3622589111328,"Unknown"
"5020561",378674,2026-04-26 08:51:55,28.3935089111328,-17.3552589416504,"Unknown"
"5020561",378674,2026-04-26 08:56:56,28.3899173736572,-17.3513889312744,"Unknown"
"5020561",378674,2026-04-26 09:02:00,28.3783264160156,-17.3344249725342,"Unknown"
"5020561",378674,2026-04-26 09:06:55,28.3711681365967,-17.3347835540771,"Unknown"
"5020561",378674,2026-04-26 09:12:09,28.3384208679199,-17.3312492370605,"Unknown"
"5020561",378674,2026-04-26 09:16:56,28.3490562438965,-17.3560447692871,"Unknown"
"5020561",378674,2026-04-26 09:21:55,28.351016998291,-17.3627700805664,"Unknown"
"5020561",378674,2026-04-26 09:26:55,28.3510093688965,-17.3625965118408,"Unknown"
"5020561",378674,2026-04-26 09:31:57,28.3605556488037,-17.3744621276855,"Unknown"
"5020561",378674,2026-04-26 09:36:57,28.3777370452881,-17.4037075042725,"Unknown"
"5020561",378674,2026-04-26 09:41:55,28.3920116424561,-17.4195041656494,"Unknown"
"5020561",378674,2026-04-26 09:46:55,28.3916797637939,-17.4198093414307,"Unknown"
"5020561",378674,2026-04-26 09:51:57,28.3914432525635,-17.4201202392578,"Unknown"
"5020561",378674,2026-04-26 09:56:57,28.3911571502686,-17.4204406738281,"Unknown"
"5020561",378674,2026-04-26 10:01:57,28.3908615112305,-17.4206409454346,"Unknown"
"5020561",378674,2026-04-26 10:06:58,28.3906230926514,-17.4207973480225,"Unknown"
"5020561",378674,2026-04-26 10:11:58,28.4002437591553,-17.4267063140869,"Unknown"
"5020561",378674,2026-04-26 10:16:57,28.421838760376,-17.425910949707,"Unknown"
"5020561",378674,2026-04-26 10:22:00,28.4446659088135,-17.423469543457,"Unknown"
"5020561",378674,2026-04-26 10:26:57,28.4526271820068,-17.4036388397217,"Unknown"
"5020561",378674,2026-04-26 10:31:57,28.4744148254395,-17.4040355682373,"Unknown"
"5020561",378674,2026-04-26 10:36:59,28.4940376281738,-17.398681640625,"Unknown"
"5020561",378674,2026-04-26 10:42:01,28.4956035614014,-17.3955898284912,"Unknown"
"5020561",378674,2026-04-26 10:46:58,28.4952507019043,-17.3964595794678,"Unknown"
"5020561",378674,2026-04-26 10:52:00,28.4951210021973,-17.3974285125732,"Unknown"
"5020561",378674,2026-04-26 10:57:02,28.4950656890869,-17.3984279632568,"Unknown"
"5020561",378674,2026-04-26 11:02:27,28.4949817657471,-17.3994960784912,"Unknown"
"5020561",378674,2026-04-26 11:06:55,28.4949111938477,-17.4003620147705,"Unknown"
"5020561",378674,2026-04-26 11:11:55,28.4948120117188,-17.4014339447021,"Unknown"
"5020561",378674,2026-04-26 11:16:55,28.4947166442871,-17.4024219512939,"Unknown"
"5020561",378674,2026-04-26 11:21:55,28.4946556091309,-17.4034481048584,"Unknown"
"5020561",378674,2026-04-26 11:26:56,28.4944915771484,-17.4044132232666,"Unknown"
"5020561",378674,2026-04-26 11:31:55,28.4942874908447,-17.4054088592529,"Unknown"
"5020561",378674,2026-04-26 11:36:57,28.4940643310547,-17.4064464569092,"Unknown"
"5020561",378674,2026-04-26 11:41:56,28.4938411712646,-17.4075202941895,"Unknown"
"5020561",378674,2026-04-26 11:46:58,28.5036392211914,-17.4136390686035,"Unknown"
"5020561",378674,2026-04-26 11:51:56,28.5176334381104,-17.441822052002,"Unknown"
"5020561",378674,2026-04-26 11:56:59,28.5177211761475,-17.4572372436523,"Unknown"
"5020561",378674,2026-04-26 12:01:58,28.5198287963867,-17.4525928497314,"Unknown"
"5020561",378674,2026-04-26 12:06:59,28.5222663879395,-17.4465007781982,"Unknown"
"5020561",378674,2026-04-26 12:13:20,28.5268535614014,-17.4392642974854,"Unknown"
"5020561",378674,2026-04-26 12:18:20,28.5230541229248,-17.4347476959229,"Unknown"
"5020561",378674,2026-04-26 12:22:17,28.5220909118652,-17.4326286315918,"Unknown"
"5020561",378674,2026-04-26 12:26:59,28.5234050750732,-17.4184074401855,"Unknown"
"5020561",378674,2026-04-26 12:32:35,28.5283145904541,-17.4120864868164,"Unknown"
"5020561",378674,2026-04-26 12:36:56,28.5348033905029,-17.4071006774902,"Unknown"
"5020561",378674,2026-04-26 12:41:57,28.5386276245117,-17.40012550354,"Unknown"
"5020561",378674,2026-04-26 12:46:59,28.5416984558105,-17.3948554992676,"Unknown"
"5020561",378674,2026-04-26 12:51:56,28.5510711669922,-17.3883018493652,"Unknown"
"5020561",378674,2026-04-26 12:56:56,28.5527210235596,-17.3883361816406,"Unknown"
"5020561",378674,2026-04-26 13:01:56,28.5522632598877,-17.3892517089844,"Unknown"
"5020561",378674,2026-04-26 13:06:56,28.5517539978027,-17.3901443481445,"Unknown"
"5020561",378674,2026-04-26 13:11:58,28.5512962341309,-17.3909778594971,"Unknown"
"5020561",378674,2026-04-26 13:16:56,28.551664352417,-17.388801574707,"Unknown"
"5020561",378674,2026-04-26 13:21:57,28.553279876709,-17.3818702697754,"Unknown"
"5020561",378674,2026-04-26 13:26:56,28.5529117584229,-17.3825073242188,"Unknown"
"5020561",378674,2026-04-26 13:31:56,28.5524520874023,-17.3831977844238,"Unknown"
"5020561",378674,2026-04-26 13:36:56,28.551929473877,-17.3840961456299,"Unknown"
"5020561",378674,2026-04-26 13:41:56,28.5511951446533,-17.3849601745605,"Unknown"
"5020561",378674,2026-04-26 13:49:59,28.5571994781494,-17.3777618408203,"Unknown"
"5020561",378674,2026-04-26 13:54:59,28.5630035400391,-17.3800506591797,"Unknown"
"5020561",378674,2026-04-26 13:59:59,28.5681228637695,-17.3794193267822,"Unknown"
"5020561",378674,2026-04-26 14:04:59,28.5716609954834,-17.3785095214844,"Unknown"
"5020561",378674,2026-04-26 14:10:00,28.5791263580322,-17.3806743621826,"Unknown"
"5020561",378674,2026-04-26 14:15:01,28.5816802978516,-17.3802013397217,"Unknown"
"5020561",378674,2026-04-26 14:20:01,28.5900783538818,-17.3785247802734,"Unknown"
"5020561",378674,2026-04-26 14:25:06,28.5914878845215,-17.3790073394775,"Unknown"
"5020561",378674,2026-04-26 14:30:03,28.5909824371338,-17.3800258636475,"Unknown"
"5020561",378674,2026-04-26 14:35:00,28.5904140472412,-17.3810501098633,"Unknown"
"5020561",378674,2026-04-26 14:40:02,28.5899066925049,-17.3820362091064,"Unknown"
"5020561",378674,2026-04-26 14:45:04,28.5894660949707,-17.3831424713135,"Unknown"
"5020561",378674,2026-04-26 14:50:02,28.5889587402344,-17.3840999603271,"Unknown"
"5020561",378674,2026-04-26 14:55:02,28.5884742736816,-17.3850212097168,"Unknown"
"5020561",378674,2026-04-26 15:00:33,28.587911605835,-17.3860607147217,"Unknown"
"5020561",378674,2026-04-26 15:04:59,28.5876140594482,-17.3867721557617,"Unknown"
"5020561",378674,2026-04-26 15:09:59,28.587121963501,-17.3877296447754,"Unknown"
"5020561",378674,2026-04-26 15:14:59,28.5866603851318,-17.3887271881104,"Unknown"
"5020561",378674,2026-04-26 15:19:59,28.5862770080566,-17.3897228240967,"Unknown"
"5020561",378674,2026-04-26 15:25:01,28.5856285095215,-17.390604019165,"Unknown"
"5020561",378674,2026-04-26 15:30:00,28.584939956665,-17.3914012908936,"Unknown"
"5020561",378674,2026-04-26 15:34:59,28.5843200683594,-17.3924026489258,"Unknown"
"5020561",378674,2026-04-26 15:39:59,28.5837116241455,-17.3934383392334,"Unknown"
"5020561",378674,2026-04-26 15:44:59,28.5830745697021,-17.3944969177246,"Unknown"
"5020561",378674,2026-04-26 15:49:59,28.5824604034424,-17.3955497741699,"Unknown"
"5020561",378674,2026-04-26 15:55:00,28.581844329834,-17.396635055542,"Unknown"
"5020561",378674,2026-04-26 15:59:59,28.5812377929688,-17.3976631164551,"Unknown"
"5020561",378674,2026-04-26 16:04:59,28.5804023742676,-17.4014644622803,"Unknown"
"5020561",378674,2026-04-26 16:09:59,28.5633182525635,-17.4146823883057,"Unknown"
"5020561",378674,2026-04-26 16:14:59,28.5660934448242,-17.4117431640625,"Unknown"
"5020561",378674,2026-04-26 16:19:59,28.5694885253906,-17.4141101837158,"Unknown"
"5020561",378674,2026-04-26 16:24:58,28.5737285614014,-17.4134254455566,"Unknown"
"5020561",378674,2026-04-26 16:30:01,28.579719543457,-17.4109687805176,"Unknown"
"5020561",378674,2026-04-26 16:34:59,28.5836334228516,-17.4089603424072,"Unknown"
"5020561",378674,2026-04-26 16:39:59,28.5872478485107,-17.4030723571777,"Unknown"
"5020561",378674,2026-04-26 16:44:59,28.5931587219238,-17.401554107666,"Unknown"
"5020561",378674,2026-04-26 16:49:59,28.5983715057373,-17.3972263336182,"Unknown"
"5020561",378674,2026-04-26 16:54:59,28.6035556793213,-17.3939266204834,"Unknown"
"5020561",378674,2026-04-26 17:00:00,28.6088275909424,-17.3908195495605,"Unknown"
"5020561",378674,2026-04-26 17:04:59,28.6142559051514,-17.3905467987061,"Unknown"
"5020561",378674,2026-04-26 17:09:59,28.6196308135986,-17.3903961181641,"Unknown"
"5020561",378674,2026-04-26 17:15:00,28.6222763061523,-17.3919467926025,"Unknown"
"5020561",378674,2026-04-26 17:20:10,28.6274662017822,-17.3894004821777,"Unknown"
"5020561",378674,2026-04-26 17:25:01,28.6314105987549,-17.3894557952881,"Unknown"
"5020561",378674,2026-04-26 17:30:02,28.6382369995117,-17.3878993988037,"Unknown"
"5020561",378674,2026-04-26 17:35:00,28.6436672210693,-17.3876953125,"Unknown"
"5020561",378674,2026-04-26 17:40:01,28.6447429656982,-17.3835945129395,"Unknown"
"5020561",378674,2026-04-26 17:50:04,28.6495952606201,-17.3774604797363,"Unknown"
"5020561",378674,2026-04-26 17:55:06,28.6495838165283,-17.3780479431152,"Unknown"
"5020561",378674,2026-04-26 19:00:32,28.7290954589844,-17.7218990325928,"Unknown"
"5020561",378674,2026-04-26 19:04:59,28.7316875457764,-17.7222957611084,"Unknown"
"5020561",378674,2026-04-26 19:09:59,28.7471656799316,-17.7236099243164,"Unknown"
"5020561",378674,2026-04-26 19:14:59,28.7612857818604,-17.7300662994385,"Unknown"
"5020561",378674,2026-04-26 19:19:59,28.7760314941406,-17.7416515350342,"Unknown"
"5020561",378674,2026-04-26 19:20:59,28.7793254852295,-17.7441539764404,"Unknown"
"5020561",378674,2026-04-26 19:21:59,28.7825679779053,-17.7460060119629,"Unknown"
"5020561",378674,2026-04-26 19:22:59,28.7863235473633,-17.7477512359619,"Unknown"
"5020561",378674,2026-04-26 19:23:59,28.7901744842529,-17.7489337921143,"Unknown"
"5020561",378674,2026-04-26 19:24:59,28.792013168335,-17.7497653961182,"Unknown"
"5020561",378674,2026-04-26 19:25:59,28.7919464111328,-17.7497520446777,"Unknown"
"5020561",378674,2026-04-26 19:26:59,28.7919235229492,-17.7497863769531,"Unknown"
"5020561",378674,2026-04-26 19:27:59,28.791898727417,-17.7498207092285,"Unknown"
"5020561",378674,2026-04-26 19:28:59,28.7918338775635,-17.7498760223389,"Unknown"
"5020561",378674,2026-04-26 19:29:59,28.791784286499,-17.7498550415039,"Unknown"
"5020561",378674,2026-04-26 19:30:59,28.7917346954346,-17.7499008178711,"Unknown"
"5020561",378674,2026-04-26 19:31:59,28.7916603088379,-17.7499294281006,"Unknown"
"5020561",378674,2026-04-26 19:32:59,28.7916297912598,-17.7499656677246,"Unknown"
"5020561",378674,2026-04-26 19:33:59,28.791576385498,-17.7500019073486,"Unknown"
"5020561",378674,2026-04-26 19:34:59,28.7915115356445,-17.7500438690186,"Unknown"
"5020561",378674,2026-04-26 19:35:59,28.791431427002,-17.7500438690186,"Unknown"
"5020561",378674,2026-04-26 19:36:59,28.7913837432861,-17.750020980835,"Unknown"
"5020561",378674,2026-04-26 19:37:59,28.7913360595703,-17.7500133514404,"Unknown"
"5020561",378674,2026-04-26 19:38:59,28.7912349700928,-17.7500114440918,"Unknown"
"5020561",378674,2026-04-26 19:39:59,28.7911777496338,-17.7499828338623,"Unknown"
"5020561",378674,2026-04-26 19:40:59,28.7910671234131,-17.7499923706055,"Unknown"
"5020561",378674,2026-04-26 19:41:59,28.7909564971924,-17.7499485015869,"Unknown"
"5020561",378674,2026-04-26 19:42:59,28.790864944458,-17.7499561309814,"Unknown"
"5020561",378674,2026-04-26 19:43:59,28.7907524108887,-17.7499599456787,"Unknown"
"5020561",378674,2026-04-26 19:44:59,28.7906246185303,-17.7499885559082,"Unknown"
"5020561",378674,2026-04-26 19:45:59,28.7905082702637,-17.7499504089355,"Unknown"
"5020561",378674,2026-04-26 19:46:59,28.790397644043,-17.7499618530273,"Unknown"
"5020561",378674,2026-04-26 19:47:59,28.7902927398682,-17.7499523162842,"Unknown"
"5020561",378674,2026-04-26 19:48:59,28.7901802062988,-17.7499694824219,"Unknown"
"5020561",378674,2026-04-26 19:49:59,28.7900867462158,-17.7499504089355,"Unknown"
"5020561",378674,2026-04-26 19:50:59,28.7900009155273,-17.7499237060547,"Unknown"
"5020561",378674,2026-04-26 19:51:59,28.7898902893066,-17.7498722076416,"Unknown"
"5020561",378674,2026-04-26 19:52:59,28.7897777557373,-17.7498226165771,"Unknown"
"5020561",378674,2026-04-26 19:53:59,28.7896671295166,-17.7497596740723,"Unknown"
"5020561",378674,2026-04-26 19:54:59,28.7895832061768,-17.7497215270996,"Unknown"
"5020561",378674,2026-04-26 19:55:59,28.7894859313965,-17.7496967315674,"Unknown"
"5020561",378674,2026-04-26 19:56:59,28.7894077301025,-17.7496166229248,"Unknown"
"5020561",378674,2026-04-26 19:57:59,28.78932762146,-17.7496547698975,"Unknown"
"5020561",378674,2026-04-26 19:58:59,28.7892265319824,-17.7496376037598,"Unknown"
"5020561",378674,2026-04-26 19:59:59,28.7891578674316,-17.7496013641357,"Unknown"
"5020561",378674,2026-04-26 20:00:59,28.7890720367432,-17.7495670318604,"Unknown"
"5020561",378674,2026-04-26 20:01:59,28.7889995574951,-17.749475479126,"Unknown"
"5020561",378674,2026-04-26 20:02:59,28.7889060974121,-17.7494354248047,"Unknown"
"5020561",378674,2026-04-26 20:03:59,28.7888355255127,-17.7494659423828,"Unknown"
"5020561",378674,2026-04-26 20:04:59,28.7887439727783,-17.7494239807129,"Unknown"
"5020561",378674,2026-04-26 20:05:59,28.7886619567871,-17.7494316101074,"Unknown"
"5020561",378674,2026-04-26 20:06:59,28.7885894775391,-17.7494068145752,"Unknown"
"5020561",378674,2026-04-26 20:07:59,28.7884845733643,-17.7494220733643,"Unknown"
"5020561",378674,2026-04-26 20:08:59,28.7883968353271,-17.749397277832,"Unknown"
"5020561",378674,2026-04-26 20:09:59,28.7882957458496,-17.7493934631348,"Unknown"
"5020561",378674,2026-04-26 20:11:00,28.7882041931152,-17.7494087219238,"Unknown"
"5020561",378674,2026-04-26 20:12:01,28.7881259918213,-17.7493515014648,"Unknown"
"5020561",378674,2026-04-26 20:13:02,28.7880058288574,-17.7493152618408,"Unknown"
"5020561",378674,2026-04-26 20:13:59,28.7879428863525,-17.7492599487305,"Unknown"
"5020561",378674,2026-04-26 20:15:01,28.7878437042236,-17.7492027282715,"Unknown"
"5020561",378674,2026-04-26 20:16:01,28.7877540588379,-17.749153137207,"Unknown"
"5020561",378674,2026-04-26 20:17:00,28.7876453399658,-17.7491226196289,"Unknown"
"5020561",378674,2026-04-26 20:18:00,28.7875423431396,-17.7490997314453,"Unknown"
"5020561",378674,2026-04-26 20:19:03,28.787446975708,-17.7491188049316,"Unknown"
"5020561",378674,2026-04-26 20:20:04,28.7873497009277,-17.7491016387939,"Unknown"
"5020561",378674,2026-04-26 20:21:00,28.7872734069824,-17.7490730285645,"Unknown"
"5020561",378674,2026-04-26 20:22:01,28.7871589660645,-17.7490348815918,"Unknown"
"5020561",378674,2026-04-26 20:23:00,28.7870674133301,-17.7490196228027,"Unknown"
"5020561",378674,2026-04-26 20:24:00,28.7869911193848,-17.7489852905273,"Unknown"
"5020561",378674,2026-04-26 20:25:01,28.7868976593018,-17.7489719390869,"Unknown"
"5020561",378674,2026-04-26 20:26:00,28.7868232727051,-17.7489643096924,"Unknown"
"5020561",378674,2026-04-26 20:27:01,28.7867336273193,-17.7489700317383,"Unknown"
"5020561",378674,2026-04-26 20:28:02,28.7866306304932,-17.7489471435547,"Unknown"
"5020561",378674,2026-04-26 20:28:59,28.7865447998047,-17.7489337921143,"Unknown"
"5020561",378674,2026-04-26 20:30:00,28.7864665985107,-17.7488708496094,"Unknown"
"5020561",378674,2026-04-26 20:30:59,28.7863712310791,-17.7488765716553,"Unknown"
"5020561",378674,2026-04-26 20:31:59,28.7862606048584,-17.748893737793,"Unknown"
"5020561",378674,2026-04-26 20:32:59,28.7861557006836,-17.7488746643066,"Unknown"
"5020561",378674,2026-04-26 20:33:59,28.7860507965088,-17.7488346099854,"Unknown"
"5020561",378674,2026-04-26 20:35:00,28.7859706878662,-17.7488193511963,"Unknown"
"5020561",378674,2026-04-26 20:36:00,28.7858715057373,-17.7487964630127,"Unknown"
"5020561",378674,2026-04-26 20:37:00,28.7857704162598,-17.7487201690674,"Unknown"
"5020561",378674,2026-04-26 20:37:59,28.7856788635254,-17.7487125396729,"Unknown"
"5020561",378674,2026-04-26 20:38:59,28.7855625152588,-17.7486896514893,"Unknown"
"5020561",378674,2026-04-26 20:39:59,28.7854862213135,-17.7486839294434,"Unknown"
"5020561",378674,2026-04-26 20:40:59,28.7853927612305,-17.748664855957,"Unknown"
"5020561",378674,2026-04-26 20:41:59,28.7852935791016,-17.7486572265625,"Unknown"
"5020561",378674,2026-04-26 20:42:59,28.7852001190186,-17.7486476898193,"Unknown"
"5020561",378674,2026-04-26 20:43:59,28.785099029541,-17.748607635498,"Unknown"
"5020561",378674,2026-04-26 20:44:59,28.7850074768066,-17.7486629486084,"Unknown"
"5020561",378674,2026-04-26 20:45:59,28.7849636077881,-17.7486438751221,"Unknown"
"5020561",378674,2026-04-26 20:47:00,28.7848720550537,-17.7486171722412,"Unknown"
"5020561",378674,2026-04-26 20:47:59,28.7847995758057,-17.7485237121582,"Unknown"
"5020561",378674,2026-04-26 20:48:59,28.7847080230713,-17.7485065460205,"Unknown"
"5020561",378674,2026-04-26 20:49:59,28.7846546173096,-17.7484951019287,"Unknown"
"5020561",378674,2026-04-26 20:50:59,28.7845783233643,-17.7485160827637,"Unknown"
"5020561",378674,2026-04-26 20:51:59,28.7845039367676,-17.7484283447266,"Unknown"
"5020561",378674,2026-04-26 20:52:59,28.7844219207764,-17.7483749389648,"Unknown"
"5020561",378674,2026-04-26 20:53:59,28.7843399047852,-17.7483005523682,"Unknown"
"5020561",378674,2026-04-26 20:54:59,28.7842578887939,-17.748197555542,"Unknown"
"5020561",378674,2026-04-26 20:55:59,28.7841529846191,-17.7482147216797,"Unknown"
"5020561",378674,2026-04-26 20:56:59,28.7840919494629,-17.7482128143311,"Unknown"
"5020561",378674,2026-04-26 20:57:59,28.7840061187744,-17.7481651306152,"Unknown"
"5020561",378674,2026-04-26 20:58:59,28.7839450836182,-17.748083114624,"Unknown"
"5020561",378674,2026-04-26 20:59:59,28.7838745117188,-17.7480354309082,"Unknown"
"5020561",378674,2026-04-26 21:00:59,28.7838077545166,-17.7479438781738,"Unknown"
"5020561",378674,2026-04-26 21:01:59,28.7837238311768,-17.7478942871094,"Unknown"
"5020561",378674,2026-04-26 21:02:59,28.7836723327637,-17.7478408813477,"Unknown"
"5020561",378674,2026-04-26 21:03:59,28.7835922241211,-17.7477760314941,"Unknown"
"5020561",378674,2026-04-26 21:04:59,28.7835540771484,-17.7477340698242,"Unknown"
"5020561",378674,2026-04-26 21:05:59,28.7834796905518,-17.7476425170898,"Unknown"
"5020561",378674,2026-04-26 21:07:01,28.7834148406982,-17.7475776672363,"Unknown"
"5020561",378674,2026-04-26 21:08:01,28.7833461761475,-17.7475261688232,"Unknown"
"5020561",378674,2026-04-26 21:09:27,28.7832279205322,-17.7474937438965,"Unknown"
"5020561",378674,2026-04-26 21:09:59,28.7831993103027,-17.7474632263184,"Unknown"
"5020561",378674,2026-04-26 21:10:59,28.7831020355225,-17.7474269866943,"Unknown"
"5020561",378674,2026-04-26 21:11:59,28.7830028533936,-17.7473850250244,"Unknown"
"5020561",378674,2026-04-26 21:12:59,28.7829284667969,-17.7473182678223,"Unknown"
"5020561",378674,2026-04-26 21:13:59,28.7828483581543,-17.7472839355469,"Unknown"
"5020561",378674,2026-04-26 21:14:59,28.7827701568604,-17.7472171783447,"Unknown"
"5020561",378674,2026-04-26 21:15:59,28.7827091217041,-17.7471961975098,"Unknown"
"5020561",378674,2026-04-26 21:16:59,28.7826499938965,-17.7471523284912,"Unknown"
"5020561",378674,2026-04-26 21:17:59,28.7825946807861,-17.7470893859863,"Unknown"
"5020561",378674,2026-04-26 21:18:59,28.7825527191162,-17.7470035552979,"Unknown"
"5020561",378674,2026-04-26 21:19:59,28.7825088500977,-17.7469520568848,"Unknown"
"5020561",378674,2026-04-26 21:20:59,28.7824401855469,-17.7469272613525,"Unknown"
"5020561",378674,2026-04-26 21:21:59,28.7823715209961,-17.7468547821045,"Unknown"
"5020561",378674,2026-04-26 21:22:59,28.7823028564453,-17.7467555999756,"Unknown"
"5020561",378674,2026-04-26 21:23:59,28.7823028564453,-17.7467021942139,"Unknown"
"5020561",378674,2026-04-26 21:24:59,28.7822208404541,-17.7466487884521,"Unknown"
"5020561",378674,2026-04-26 21:25:59,28.7821655273438,-17.7465686798096,"Unknown"
"5020561",378674,2026-04-26 21:26:59,28.7820663452148,-17.7464752197266,"Unknown"
"5020561",378674,2026-04-26 21:27:59,28.7820167541504,-17.7463912963867,"Unknown"
"5020561",378674,2026-04-26 21:28:59,28.7819404602051,-17.7463150024414,"Unknown"
"5020561",378674,2026-04-26 21:29:59,28.7818336486816,-17.7462310791016,"Unknown"
"5020561",378674,2026-04-26 21:30:59,28.7817573547363,-17.7461452484131,"Unknown"
"5020561",378674,2026-04-26 21:31:59,28.7816848754883,-17.7460708618164,"Unknown"
"5020561",378674,2026-04-26 21:33:00,28.7815856933594,-17.7459907531738,"Unknown"
"5020561",378674,2026-04-26 21:33:59,28.7815208435059,-17.745906829834,"Unknown"
"5020561",378674,2026-04-26 21:34:59,28.7814331054688,-17.7458362579346,"Unknown"
"5020561",378674,2026-04-26 21:35:59,28.7813587188721,-17.7457122802734,"Unknown"
"5020561",378674,2026-04-26 21:37:00,28.781270980835,-17.745584487915,"Unknown"
"5020561",378674,2026-04-26 21:37:59,28.7811717987061,-17.7454566955566,"Unknown"
"5020561",378674,2026-04-26 21:38:59,28.7810840606689,-17.7454013824463,"Unknown"
"5020561",378674,2026-04-26 21:39:59,28.7810325622559,-17.7453231811523,"Unknown"
"5020561",378674,2026-04-26 21:40:59,28.7809791564941,-17.7452163696289,"Unknown"
"5020561",378674,2026-04-26 21:42:00,28.7809600830078,-17.7451610565186,"Unknown"
"5020561",378674,2026-04-26 21:43:00,28.780912399292,-17.7450771331787,"Unknown"
"5020561",378674,2026-04-26 21:43:59,28.7808685302734,-17.7449989318848,"Unknown"
"5020561",378674,2026-04-26 21:45:00,28.7808074951172,-17.7448978424072,"Unknown"
"5020561",378674,2026-04-26 21:46:00,28.7807636260986,-17.7447948455811,"Unknown"
"5020561",378674,2026-04-26 21:47:01,28.7807159423828,-17.7446956634521,"Unknown"
"5020561",378674,2026-04-26 21:48:00,28.780632019043,-17.7446174621582,"Unknown"
"5020561",378674,2026-04-26 21:49:00,28.7805614471436,-17.7445411682129,"Unknown"
"5020561",378674,2026-04-26 21:49:59,28.7804870605469,-17.7444705963135,"Unknown"
"5020561",378674,2026-04-26 21:50:59,28.7803802490234,-17.7443828582764,"Unknown"
"5020561",378674,2026-04-26 21:52:00,28.780294418335,-17.7443313598633,"Unknown"
"5020561",378674,2026-04-26 21:53:01,28.7801952362061,-17.7442684173584,"Unknown"
"5020561",378674,2026-04-26 21:53:59,28.7801074981689,-17.744213104248,"Unknown"
"5020561",378674,2026-04-26 21:54:59,28.7799892425537,-17.7441673278809,"Unknown"
"5020561",378674,2026-04-26 21:55:59,28.7799129486084,-17.7441101074219,"Unknown"
"5020561",378674,2026-04-26 21:57:04,28.7798080444336,-17.7440071105957,"Unknown"
"5020561",378674,2026-04-26 21:58:00,28.7797431945801,-17.7439651489258,"Unknown"
"5020561",378674,2026-04-26 21:58:59,28.779670715332,-17.7439098358154,"Unknown"
"5020561",378674,2026-04-26 22:00:26,28.779598236084,-17.7438621520996,"Unknown"
"5020561",378674,2026-04-26 22:00:59,28.7795600891113,-17.7438449859619,"Unknown"
"5020561",378674,2026-04-26 22:01:59,28.7794876098633,-17.7438259124756,"Unknown"
"5020561",378674,2026-04-26 22:02:59,28.7793960571289,-17.7437534332275,"Unknown"
"5020561",378674,2026-04-26 22:03:59,28.779275894165,-17.7436599731445,"Unknown"
"5020561",378674,2026-04-26 22:04:59,28.7791900634766,-17.7436141967773,"Unknown"
"5020561",378674,2026-04-26 22:05:59,28.779088973999,-17.743558883667,"Unknown"
"5020561",378674,2026-04-26 22:06:59,28.778980255127,-17.743480682373,"Unknown"
"5020561",378674,2026-04-26 22:07:58,28.7788772583008,-17.7434349060059,"Unknown"
"5020561",378674,2026-04-26 22:09:01,28.7787818908691,-17.7433948516846,"Unknown"
"5020561",378674,2026-04-26 22:09:59,28.7786731719971,-17.7433452606201,"Unknown"
"5020561",378674,2026-04-26 22:10:59,28.7785453796387,-17.7432727813721,"Unknown"
"5020561",378674,2026-04-26 22:11:58,28.7784233093262,-17.7432136535645,"Unknown"
"5020561",378674,2026-04-26 22:12:59,28.7782936096191,-17.7431049346924,"Unknown"
"5020561",378674,2026-04-26 22:13:59,28.7781581878662,-17.7430381774902,"Unknown"
"5020561",378674,2026-04-26 22:14:59,28.7780342102051,-17.7429904937744,"Unknown"
"5020561",378674,2026-04-26 22:15:59,28.7779350280762,-17.7429084777832,"Unknown"
"5020561",378674,2026-04-26 22:16:59,28.7778415679932,-17.7428073883057,"Unknown"
"5020561",378674,2026-04-26 22:17:59,28.7777481079102,-17.7427234649658,"Unknown"
"5020561",378674,2026-04-26 22:18:59,28.777660369873,-17.7426357269287,"Unknown"
"5020561",378674,2026-04-26 22:19:59,28.7775688171387,-17.7425556182861,"Unknown"
"5020561",378674,2026-04-26 22:20:58,28.7775135040283,-17.7424736022949,"Unknown"
"5020561",378674,2026-04-26 22:21:59,28.7773914337158,-17.7424278259277,"Unknown"
"5020561",378674,2026-04-26 22:22:59,28.7773208618164,-17.7423629760742,"Unknown"
"5020561",378674,2026-04-26 22:23:59,28.7772579193115,-17.7422790527344,"Unknown"
"5020561",378674,2026-04-26 22:24:59,28.7772159576416,-17.7422313690186,"Unknown"
"5020561",378674,2026-04-26 22:25:59,28.7771244049072,-17.7421760559082,"Unknown"
"5020561",378674,2026-04-26 22:27:00,28.777042388916,-17.7421073913574,"Unknown"
"5020561",378674,2026-04-26 22:27:59,28.7769584655762,-17.7420635223389,"Unknown"
"5020561",378674,2026-04-26 22:38:01,28.7760753631592,-17.7417526245117,"Unknown"
"5020561",378674,2026-04-26 22:38:58,28.7759914398193,-17.7416858673096,"Unknown"
"5020561",378674,2026-04-26 22:39:59,28.7758979797363,-17.7416534423828,"Unknown"
"5020561",378674,2026-04-26 22:50:00,28.7749919891357,-17.7412166595459,"Unknown"
"5020561",378674,2026-04-26 22:50:59,28.7749443054199,-17.7411403656006,"Unknown"
"5020561",378674,2026-04-26 23:01:00,28.7740459442139,-17.7403812408447,"Unknown"
"5020561",378674,2026-04-26 23:01:59,28.7739639282227,-17.7403316497803,"Unknown"
"5020561",378674,2026-04-26 23:12:01,28.7732334136963,-17.7395248413086,"Unknown"
"5020561",378674,2026-04-26 23:13:10,28.7731761932373,-17.739501953125,"Unknown"
"5020561",378674,2026-04-26 23:13:59,28.7731437683105,-17.7394866943359,"Unknown"
"5020561",378674,2026-04-26 23:24:01,28.7726268768311,-17.7389965057373,"Unknown"
"5020561",378674,2026-04-26 23:34:33,28.7721290588379,-17.7384948730469,"Unknown"
"5020561",378674,2026-04-26 23:43:59,28.77197265625,-17.7380714416504,"Unknown"
"5020561",378674,2026-04-26 23:53:59,28.7718334197998,-17.7377223968506,"Unknown"
"5020561",378674,2026-04-27 00:03:59,28.772123336792,-17.7376575469971,"Unknown"
"5020561",378674,2026-04-27 00:13:59,28.7723007202148,-17.7373065948486,"Unknown"
"5020561",378674,2026-04-27 00:24:02,28.7723903656006,-17.7368412017822,"Unknown"
"5020561",378674,2026-04-27 00:33:59,28.7727108001709,-17.7364845275879,"Unknown"
"5020561",378674,2026-04-27 00:44:04,28.7730731964111,-17.7359886169434,"Unknown"
"5020561",378674,2026-04-27 00:54:01,28.7736415863037,-17.7358417510986,"Unknown"
"5020561",378674,2026-04-27 01:04:04,28.7742519378662,-17.7359657287598,"Unknown"
"5020561",378674,2026-04-27 01:14:33,28.7746639251709,-17.7362022399902,"Unknown"
"5020561",378674,2026-04-27 01:23:59,28.7750911712646,-17.736400604248,"Unknown"
"5020561",378674,2026-04-27 01:33:59,28.7757625579834,-17.7367000579834,"Unknown"
"5020561",378674,2026-04-27 01:43:59,28.7764205932617,-17.7369079589844,"Unknown"
"5020561",378674,2026-04-27 01:53:58,28.7769966125488,-17.7370281219482,"Unknown"
"5020561",378674,2026-04-27 02:03:59,28.7778701782227,-17.737325668335,"Unknown"
"5020561",378674,2026-04-27 02:14:01,28.7788200378418,-17.7378597259521,"Unknown"
"5020561",378674,2026-04-27 02:23:59,28.7796783447266,-17.738489151001,"Unknown"
"5020561",378674,2026-04-27 02:33:59,28.780481338501,-17.7391510009766,"Unknown"
"5020561",378674,2026-04-27 02:43:58,28.7815265655518,-17.7399730682373,"Unknown"
"5020561",378674,2026-04-27 02:53:59,28.7827224731445,-17.7405624389648,"Unknown"
"5020561",378674,2026-04-27 03:03:59,28.7837142944336,-17.7416725158691,"Unknown"
"5020561",378674,2026-04-27 03:14:00,28.7847881317139,-17.7421340942383,"Unknown"
"5020561",378674,2026-04-27 03:24:02,28.7700042724609,-17.742561340332,"Unknown"
"5020561",378674,2026-04-27 03:34:02,28.7633438110352,-17.7564086914062,"Unknown"
"5020561",378674,2026-04-27 03:44:01,28.7635440826416,-17.7563934326172,"Unknown"
"5020561",378674,2026-04-27 03:55:24,28.7636070251465,-17.7564754486084,"Unknown"
"5020561",378674,2026-04-27 04:25:24,28.7636222839355,-17.7565040588379,"Unknown"
"5020561",378674,2026-04-29 05:24:47,28.7635917663574,-17.7564430236816,"Unknown"
"5020561",378674,2026-04-29 07:24:02,28.448221206665,-17.3953399658203,"Unknown"
"5020561",378674,2026-04-29 11:25:24,28.5250148773193,-17.3264255523682,"Unknown"
"5020561",378674,2026-04-29 12:24:33,28.530179977417,-17.3272666931152,"Unknown"
"5020561",378674,2026-04-29 12:33:59,28.5400772094727,-17.3556232452393,"Unknown"
"5020561",378674,2026-04-29 12:43:59,28.5396633148193,-17.35622215271,"Unknown"
"5020561",378674,2026-04-29 12:53:58,28.5410385131836,-17.3752689361572,"Unknown"
"5020561",378674,2026-04-29 12:58:59,28.5169467926025,-17.3854846954346,"Unknown"
"5020561",378674,2026-04-29 13:04:03,28.5146236419678,-17.3804683685303,"Unknown"
"5020561",378674,2026-04-29 13:08:59,28.5164527893066,-17.3761577606201,"Unknown"
"5020561",378674,2026-04-29 13:14:01,28.5147743225098,-17.3720302581787,"Unknown"
"5020561",378674,2026-04-29 13:19:02,28.513801574707,-17.3686141967773,"Unknown"
"5020561",378674,2026-04-29 13:24:01,28.5114135742188,-17.3635330200195,"Unknown"
"5020561",378674,2026-04-29 13:29:06,28.5119895935059,-17.3615856170654,"Unknown"
"5020561",378674,2026-04-29 13:34:02,28.517110824585,-17.363245010376,"Unknown"
"5020561",378674,2026-04-29 13:39:02,28.518461227417,-17.3571968078613,"Unknown"
"5020561",378674,2026-04-29 13:44:06,28.5170021057129,-17.3565845489502,"Unknown"
"5020561",378674,2026-04-29 13:49:00,28.5164566040039,-17.3570461273193,"Unknown"
"5020561",378674,2026-04-29 13:54:01,28.5159912109375,-17.3575191497803,"Unknown"
"5020561",378674,2026-04-29 13:59:27,28.5155067443848,-17.3578243255615,"Unknown"
"5020561",378674,2026-04-29 14:04:00,28.515079498291,-17.3581714630127,"Unknown"
"5020561",378674,2026-04-29 14:09:04,28.5145854949951,-17.3586006164551,"Unknown"
"5020561",378674,2026-04-29 14:14:02,28.5141735076904,-17.3590774536133,"Unknown"
"5020561",378674,2026-04-29 14:19:14,28.513578414917,-17.3595428466797,"Unknown"
"5020561",378674,2026-04-29 14:24:27,28.5130672454834,-17.3601818084717,"Unknown"
"5020561",378674,2026-04-29 14:28:59,28.5125370025635,-17.3604526519775,"Unknown"
"5020561",378674,2026-04-29 14:34:01,28.5118007659912,-17.361291885376,"Unknown"
"5020561",378674,2026-04-29 14:38:58,28.5111598968506,-17.3619575500488,"Unknown"
"5020561",378674,2026-04-29 14:44:01,28.5103340148926,-17.3626708984375,"Unknown"
"5020561",378674,2026-04-29 14:49:02,28.5092945098877,-17.363452911377,"Unknown"
"5020561",378674,2026-04-29 14:54:01,28.5086631774902,-17.3641796112061,"Unknown"
"5020561",378674,2026-04-29 14:59:00,28.5081329345703,-17.3647918701172,"Unknown"
"5020561",378674,2026-04-29 15:03:58,28.5076808929443,-17.3651580810547,"Unknown"
"5020561",378674,2026-04-29 15:08:59,28.5072231292725,-17.3654365539551,"Unknown"
"5020561",378674,2026-04-29 15:13:59,28.5066814422607,-17.3655090332031,"Unknown"
"5020561",378674,2026-04-29 15:19:01,28.5062046051025,-17.3658828735352,"Unknown"
"5020561",378674,2026-04-29 15:24:00,28.5056686401367,-17.3662548065186,"Unknown"
"5020561",378674,2026-04-29 15:28:58,28.5050888061523,-17.3666763305664,"Unknown"
"5020561",378674,2026-04-29 15:34:00,28.5046939849854,-17.3670482635498,"Unknown"
"5020561",378674,2026-04-29 15:39:01,28.5042037963867,-17.3673305511475,"Unknown"
"5020561",378674,2026-04-29 15:43:58,28.5035800933838,-17.3674812316895,"Unknown"
"5020561",378674,2026-04-29 15:48:59,28.5032634735107,-17.3661632537842,"Unknown"
"5020561",378674,2026-04-29 15:54:01,28.5064678192139,-17.3596248626709,"Unknown"
"5020561",378674,2026-04-29 15:59:02,28.5047855377197,-17.3596343994141,"Unknown"
"5020561",378674,2026-04-29 16:04:00,28.5014114379883,-17.3569068908691,"Unknown"
"5020561",378674,2026-04-29 16:08:59,28.503080368042,-17.3600101470947,"Unknown"
"5020561",378674,2026-04-29 16:13:59,28.5065536499023,-17.3585453033447,"Unknown"
"5020561",378674,2026-04-29 16:19:00,28.5062046051025,-17.3556709289551,"Unknown"
"5020561",378674,2026-04-29 16:24:02,28.5047454833984,-17.355504989624,"Unknown"
"5020561",378674,2026-04-29 16:28:59,28.503116607666,-17.3586597442627,"Unknown"
"5020561",378674,2026-04-29 16:33:59,28.502628326416,-17.3588752746582,"Unknown"
"5020561",378674,2026-04-29 16:39:00,28.5073490142822,-17.359411239624,"Unknown"
"5020561",378674,2026-04-29 16:44:01,28.5082931518555,-17.3563709259033,"Unknown"
"5020561",378674,2026-04-29 16:49:01,28.5064716339111,-17.3596210479736,"Unknown"
"5020561",378674,2026-04-29 16:54:10,28.5078773498535,-17.3621978759766,"Unknown"
"5020561",378674,2026-04-29 16:59:01,28.5074329376221,-17.3627471923828,"Unknown"
"5020561",378674,2026-04-29 17:04:01,28.5055999755859,-17.3560924530029,"Unknown"
"5020561",378674,2026-04-29 17:09:27,28.5051803588867,-17.3565406799316,"Unknown"
"5020561",378674,2026-04-29 17:14:02,28.5006084442139,-17.3597202301025,"Unknown"
"5020561",378674,2026-04-29 17:19:02,28.5016593933105,-17.3653259277344,"Unknown"
"5020561",378674,2026-04-29 17:24:02,28.5030040740967,-17.368709564209,"Unknown"
"5020561",378674,2026-04-29 17:29:04,28.5040798187256,-17.3718318939209,"Unknown"
"5020561",378674,2026-04-29 17:34:04,28.5034828186035,-17.3723316192627,"Unknown"
"5020561",378674,2026-04-29 17:39:27,28.5028800964355,-17.3728542327881,"Unknown"
"5020561",378674,2026-04-29 17:43:59,28.5055274963379,-17.3724765777588,"Unknown"
"5020561",378674,2026-04-29 17:48:59,28.5047645568848,-17.372932434082,"Unknown"
"5020561",378674,2026-04-29 17:53:59,28.5066947937012,-17.3695449829102,"Unknown"
"5020561",378674,2026-04-29 18:00:33,28.5053882598877,-17.3641128540039,"Unknown"
"5020561",378674,2026-04-29 18:04:07,28.5049381256104,-17.3644199371338,"Unknown"
"5020561",378674,2026-04-29 18:09:06,28.4942169189453,-17.3577270507812,"Unknown"
"5020561",378674,2026-04-29 18:14:07,28.4950885772705,-17.3555545806885,"Unknown"
"5020561",378674,2026-04-29 18:18:59,28.4953308105469,-17.3500328063965,"Unknown"
"5020561",378674,2026-04-29 18:23:59,28.4981117248535,-17.3462295532227,"Unknown"
"5020561",378674,2026-04-29 18:29:07,28.496997833252,-17.3361568450928,"Unknown"
"5020561",378674,2026-04-29 18:34:01,28.497184753418,-17.3302783966064,"Unknown"
"5020561",378674,2026-04-29 18:38:59,28.4963817596436,-17.3304996490479,"Unknown"
"5020561",378674,2026-04-29 18:43:59,28.4968566894531,-17.3214492797852,"Unknown"
"5020561",378674,2026-04-29 18:49:07,28.5025424957275,-17.317008972168,"Unknown"
"5020561",378674,2026-04-29 18:54:07,28.5037479400635,-17.314884185791,"Unknown"
"5020561",378674,2026-04-29 18:58:59,28.5045738220215,-17.3141975402832,"Unknown"
"5020561",378674,2026-04-29 19:03:59,28.4948177337646,-17.3288459777832,"Unknown"
"5020561",378674,2026-04-29 19:08:59,28.4912567138672,-17.3228874206543,"Unknown"
"5020561",378674,2026-04-29 19:13:59,28.4972610473633,-17.3220081329346,"Unknown"
"5020561",378674,2026-04-29 19:19:01,28.4958992004395,-17.3236808776855,"Unknown"
"5020561",378674,2026-04-29 19:24:02,28.5021514892578,-17.3239250183105,"Unknown"
"5020561",378674,2026-04-29 19:28:59,28.5029335021973,-17.3263721466064,"Unknown"
"5020561",378674,2026-04-29 19:33:59,28.5030822753906,-17.3248653411865,"Unknown"
"5020561",378674,2026-04-29 19:38:59,28.5025577545166,-17.3221874237061,"Unknown"
"5020561",378674,2026-04-29 19:43:59,28.4998550415039,-17.3182487487793,"Unknown"
"5020561",378674,2026-04-29 19:49:01,28.4994163513184,-17.31858253479,"Unknown"
"5020561",378674,2026-04-29 19:54:10,28.5004806518555,-17.3355197906494,"Unknown"
"5020561",378674,2026-04-29 19:59:02,28.5029487609863,-17.3570671081543,"Unknown"
"5020561",378674,2026-04-29 20:04:17,28.5025196075439,-17.3572235107422,"Unknown"
"5020561",378674,2026-04-29 20:09:02,28.5021076202393,-17.3573417663574,"Unknown"
"5020561",378674,2026-04-29 20:14:03,28.5016288757324,-17.3573818206787,"Unknown"
"5020561",378674,2026-04-29 20:18:59,28.5010986328125,-17.3574123382568,"Unknown"
"5020561",378674,2026-04-29 20:24:00,28.500581741333,-17.3574676513672,"Unknown"
"5020561",378674,2026-04-29 20:29:06,28.5000820159912,-17.3575630187988,"Unknown"
"5020561",378674,2026-04-29 20:34:04,28.4995574951172,-17.3577079772949,"Unknown"
"5020561",378674,2026-04-29 20:39:07,28.4990081787109,-17.3579139709473,"Unknown"
"5020561",378674,2026-04-29 20:43:59,28.4985027313232,-17.3581352233887,"Unknown"
"5020561",378674,2026-04-29 20:49:02,28.4979858398438,-17.3584213256836,"Unknown"
"5020561",378674,2026-04-29 20:53:59,28.4975147247314,-17.3587818145752,"Unknown"
"5020561",378674,2026-04-29 20:59:04,28.4970188140869,-17.3590755462646,"Unknown"
"5020561",378674,2026-04-29 21:04:18,28.4964656829834,-17.3592205047607,"Unknown"
"5020561",378674,2026-04-29 21:09:27,28.4959049224854,-17.3593997955322,"Unknown"
"5020561",378674,2026-04-29 21:13:59,28.4954166412354,-17.3595886230469,"Unknown"
"5020561",378674,2026-04-29 21:18:59,28.4948501586914,-17.3596076965332,"Unknown"
"5020561",378674,2026-04-29 21:23:59,28.4942455291748,-17.3596458435059,"Unknown"
"5020561",378674,2026-04-29 21:28:59,28.4937076568604,-17.3597164154053,"Unknown"
"5020561",378674,2026-04-29 21:33:59,28.493185043335,-17.3599452972412,"Unknown"
"5020561",378674,2026-04-29 21:38:59,28.492712020874,-17.3601169586182,"Unknown"
"5020561",378674,2026-04-29 21:43:59,28.4922142028809,-17.3603324890137,"Unknown"
"5020561",378674,2026-04-29 21:48:58,28.4916801452637,-17.3605728149414,"Unknown"
"5020561",378674,2026-04-29 21:53:58,28.4910736083984,-17.3607540130615,"Unknown"
"5020561",378674,2026-04-29 21:58:58,28.4905090332031,-17.3609943389893,"Unknown"
"5020561",378674,2026-04-29 22:03:58,28.4899291992188,-17.3612499237061,"Unknown"
"5020561",378674,2026-04-29 22:09:01,28.4893779754639,-17.3615322113037,"Unknown"
"5020561",378674,2026-04-29 22:13:59,28.4888515472412,-17.3618030548096,"Unknown"
"5020561",378674,2026-04-29 22:18:58,28.4883003234863,-17.362133026123,"Unknown"
"5020561",378674,2026-04-29 22:23:59,28.4877891540527,-17.3624877929688,"Unknown"
"5020561",378674,2026-04-29 22:28:59,28.4872627258301,-17.3628101348877,"Unknown"
"5020561",378674,2026-04-29 22:34:00,28.4867935180664,-17.3631801605225,"Unknown"
"5020561",378674,2026-04-29 22:38:59,28.4862537384033,-17.363338470459,"Unknown"
"5020561",378674,2026-04-29 22:44:01,28.4952449798584,-17.3802547454834,"Unknown"
"5020561",378674,2026-04-29 22:49:01,28.4960918426514,-17.3822422027588,"Unknown"
"5020561",378674,2026-04-29 22:54:00,28.4953556060791,-17.3824272155762,"Unknown"
"5020561",378674,2026-04-29 22:59:01,28.4946155548096,-17.3825531005859,"Unknown"
"5020561",378674,2026-04-29 23:04:02,28.49391746521,-17.3826179504395,"Unknown"
"5020561",378674,2026-04-29 23:09:01,28.4932250976562,-17.382719039917,"Unknown"
"5020561",378674,2026-04-29 23:14:10,28.4931411743164,-17.3836326599121,"Unknown"
"5020561",378674,2026-04-29 23:19:27,28.4923896789551,-17.383731842041,"Unknown"
"5020561",378674,2026-04-29 23:23:59,28.4917869567871,-17.3838062286377,"Unknown"
"5020561",378674,2026-04-29 23:28:59,28.4911289215088,-17.3839473724365,"Unknown"
"5020561",378674,2026-04-29 23:33:59,28.4904689788818,-17.3840465545654,"Unknown"
"5020561",378674,2026-04-29 23:39:00,28.4898414611816,-17.3842086791992,"Unknown"
"5020561",378674,2026-04-29 23:43:59,28.4891986846924,-17.3843421936035,"Unknown"
"5020561",378674,2026-04-29 23:48:59,28.4885787963867,-17.3844509124756,"Unknown"
"5020561",378674,2026-04-29 23:53:59,28.487964630127,-17.3845672607422,"Unknown"
"5020561",378674,2026-04-29 23:58:59,28.4873371124268,-17.3846912384033,"Unknown"
"5020561",378674,2026-04-30 00:04:07,28.486701965332,-17.3849487304688,"Unknown"
"5020561",378674,2026-04-30 00:09:07,28.4860935211182,-17.3853969573975,"Unknown"
"5020561",378674,2026-04-30 00:14:01,28.4854583740234,-17.385799407959,"Unknown"
"5020561",378674,2026-04-30 00:18:59,28.4847679138184,-17.3861541748047,"Unknown"
"5020561",378674,2026-04-30 00:24:01,28.4841270446777,-17.3865375518799,"Unknown"
"5020561",378674,2026-04-30 00:29:01,28.4834518432617,-17.3869361877441,"Unknown"
"5020561",378674,2026-04-30 00:34:33,28.482702255249,-17.3873920440674,"Unknown"
"5020561",378674,2026-04-30 00:38:57,28.482105255127,-17.3877716064453,"Unknown"
"5020561",378674,2026-04-30 00:43:58,28.4813747406006,-17.3883171081543,"Unknown"
"5020561",378674,2026-04-30 00:48:58,28.4806995391846,-17.3890018463135,"Unknown"
"5020561",378674,2026-04-30 00:53:58,28.4800148010254,-17.3896331787109,"Unknown"
"5020561",378674,2026-04-30 00:58:58,28.479248046875,-17.3903160095215,"Unknown"
"5020561",378674,2026-04-30 01:03:58,28.4784641265869,-17.3910160064697,"Unknown"
"5020561",378674,2026-04-30 01:08:58,28.4776439666748,-17.391716003418,"Unknown"
"5020561",378674,2026-04-30 01:13:59,28.4768009185791,-17.3925170898438,"Unknown"
"5020561",378674,2026-04-30 01:18:59,28.4759769439697,-17.3934097290039,"Unknown"
"5020561",378674,2026-04-30 01:23:58,28.4751396179199,-17.3942184448242,"Unknown"
"5020561",378674,2026-04-30 01:28:58,28.485294342041,-17.4103984832764,"Unknown"
"5020561",378674,2026-04-30 01:33:58,28.5001907348633,-17.4430732727051,"Unknown"
"5020561",378674,2026-04-30 01:38:58,28.5139446258545,-17.4773197174072,"Unknown"
"5020561",378674,2026-04-30 01:43:59,28.527982711792,-17.5095539093018,"Unknown"
"5020561",378674,2026-04-30 01:48:58,28.5393657684326,-17.541482925415,"Unknown"
"5020561",378674,2026-04-30 01:53:58,28.5550861358643,-17.5731391906738,"Unknown"
"5020561",378674,2026-04-30 01:58:59,28.5728187561035,-17.6035060882568,"Unknown"
"5020561",378674,2026-04-30 02:04:01,28.5905380249023,-17.634204864502,"Unknown"
"5020561",378674,2026-04-30 02:08:59,28.6086349487305,-17.6615524291992,"Unknown"
"5020561",378674,2026-04-30 02:13:59,28.6338901519775,-17.6825122833252,"Unknown"
"5020561",378674,2026-04-30 02:18:58,28.6647930145264,-17.6941719055176,"Unknown"
"5020561",378674,2026-04-30 02:24:00,28.696044921875,-17.7030849456787,"Unknown"
"5020561",378674,2026-04-30 02:28:59,28.7272396087646,-17.7141628265381,"Unknown"
"5020561",378674,2026-04-30 02:33:59,28.7296333312988,-17.7142944335938,"Unknown"
"5020561",378674,2026-04-30 02:38:58,28.7297668457031,-17.714319229126,"Unknown"
"5020561",378674,2026-04-30 02:43:58,28.7298278808594,-17.7143020629883,"Unknown"
"5020561",378674,2026-04-30 02:48:59,28.7298126220703,-17.7142524719238,"Unknown"
"5020561",378674,2026-04-30 02:54:00,28.7459239959717,-17.7214126586914,"Unknown"
"5020561",378674,2026-04-30 02:58:58,28.7520866394043,-17.7242088317871,"Unknown"
"5020561",378674,2026-04-30 03:04:27,28.7520790100098,-17.723840713501,"Unknown"
"5020561",378674,2026-04-30 03:08:59,28.7521114349365,-17.723518371582,"Unknown"
"5020561",378674,2026-04-30 03:13:59,28.7522315979004,-17.7229404449463,"Unknown"
"5020561",378674,2026-04-30 03:18:59,28.7523784637451,-17.7222290039062,"Unknown"
"5020561",378674,2026-04-30 03:24:00,28.7524013519287,-17.7218990325928,"Unknown"
"5020561",378674,2026-04-30 03:28:59,28.7523155212402,-17.7217674255371,"Unknown"
"5020561",378674,2026-04-30 03:34:01,28.7527503967285,-17.722240447998,"Unknown"
"5020561",378674,2026-04-30 03:39:01,28.7527332305908,-17.7221622467041,"Unknown"
"5020561",378674,2026-04-30 03:45:24,28.7636756896973,-17.7311344146729,"Unknown"
"5020561",378674,2026-04-30 03:49:35,28.7826328277588,-17.749547958374,"Unknown"
"5020561",378674,2026-04-30 03:49:59,28.779935836792,-17.7492904663086,"Unknown"
"5020561",378674,2026-04-30 03:50:59,28.7744541168213,-17.7459239959717,"Unknown"
"5020561",378674,2026-04-30 03:51:58,28.7750587463379,-17.7470588684082,"Unknown"
"5020561",378674,2026-04-30 03:52:59,28.772367477417,-17.7497653961182,"Unknown"
"5020561",378674,2026-04-30 03:54:00,28.7660236358643,-17.7496032714844,"Unknown"
"5020561",378674,2026-04-30 03:55:11,28.7634811401367,-17.7549819946289,"Unknown"
"5020561",378674,2026-04-30 03:56:07,28.7627563476562,-17.7558059692383,"Unknown"
"5020561",378674,2026-04-30 03:57:13,28.7629776000977,-17.7557735443115,"Unknown"
"5020561",378674,2026-04-30 03:57:59,28.7635879516602,-17.7556076049805,"Unknown"
"5020561",378674,2026-04-30 03:59:00,28.7633666992188,-17.7555618286133,"Unknown"
"5020561",378674,2026-04-30 04:00:01,28.7631206512451,-17.7550754547119,"Unknown"
"5020561",378674,2026-04-30 04:01:01,28.7628345489502,-17.7555522918701,"Unknown"
"5020561",378674,2026-04-30 04:02:00,28.766674041748,-17.7484683990479,"Unknown"
"5020561",378674,2026-04-30 04:03:00,28.7743911743164,-17.7404651641846,"Unknown"
"5020561",378674,2026-04-30 04:03:59,28.7748394012451,-17.7399444580078,"Unknown"
"5020561",378674,2026-04-30 04:05:00,28.7749118804932,-17.7399139404297,"Unknown"
"5020561",378674,2026-04-30 04:05:59,28.7749652862549,-17.7399139404297,"Unknown"
"5020561",378674,2026-04-30 04:06:59,28.7750473022461,-17.7398643493652,"Unknown"
"5020561",378674,2026-04-30 04:08:00,28.7751007080078,-17.7398452758789,"Unknown"
"5020561",378674,2026-04-30 04:09:00,28.7752227783203,-17.7398986816406,"Unknown"
"5020561",378674,2026-04-30 04:09:59,28.7753047943115,-17.739896774292,"Unknown"
"5020561",378674,2026-04-30 04:11:00,28.775369644165,-17.7398624420166,"Unknown"
"5020561",378674,2026-04-30 04:12:00,28.7754783630371,-17.7398910522461,"Unknown"
"5020561",378674,2026-04-30 04:12:59,28.7756080627441,-17.7399635314941,"Unknown"
"5020561",378674,2026-04-30 04:14:00,28.7756958007812,-17.739990234375,"Unknown"
"5020561",378674,2026-04-30 04:14:59,28.7757778167725,-17.7399749755859,"Unknown"
"5020561",378674,2026-04-30 04:15:58,28.7758102416992,-17.739933013916,"Unknown"
"5020561",378674,2026-04-30 04:16:59,28.7759208679199,-17.7399291992188,"Unknown"
"5020561",378674,2026-04-30 04:17:59,28.7759876251221,-17.7399253845215,"Unknown"
"5020561",378674,2026-04-30 04:18:59,28.776029586792,-17.7398948669434,"Unknown"
"5020561",378674,2026-04-30 04:19:59,28.7761077880859,-17.7398796081543,"Unknown"
"5020561",378674,2026-04-30 04:21:00,28.7761993408203,-17.7398796081543,"Unknown"
"5020561",378674,2026-04-30 04:22:01,28.7763137817383,-17.7398929595947,"Unknown"
"5020561",378674,2026-04-30 04:23:01,28.7763652801514,-17.7399005889893,"Unknown"
"5020561",378674,2026-04-30 04:23:59,28.7764263153076,-17.7399291992188,"Unknown"
"5020561",378674,2026-04-30 04:25:01,28.7765369415283,-17.7399425506592,"Unknown"
"5020561",378674,2026-04-30 04:26:01,28.7765960693359,-17.739953994751,"Unknown"
"5020561",378674,2026-04-30 04:27:00,28.7767066955566,-17.7400093078613,"Unknown"
"5020561",378674,2026-04-30 04:28:01,28.7767677307129,-17.7400245666504,"Unknown"
"5020561",378674,2026-04-30 04:28:59,28.77685546875,-17.7400512695312,"Unknown"
"5020561",378674,2026-04-30 04:29:58,28.7769184112549,-17.740083694458,"Unknown"
"5020561",378674,2026-04-30 04:31:01,28.7770004272461,-17.7401275634766,"Unknown"
"5020561",378674,2026-04-30 04:32:02,28.7771110534668,-17.7402153015137,"Unknown"
"5020561",378674,2026-04-30 04:33:03,28.7772006988525,-17.740213394165,"Unknown"
"5020561",378674,2026-04-30 04:34:01,28.7772254943848,-17.7401371002197,"Unknown"
"5020561",378674,2026-04-30 04:35:03,28.777307510376,-17.7401523590088,"Unknown"
"5020561",378674,2026-04-30 04:35:59,28.7774028778076,-17.7402210235596,"Unknown"
"5020561",378674,2026-04-30 04:36:59,28.7774810791016,-17.7401905059814,"Unknown"
"5020561",378674,2026-04-30 04:38:01,28.7776107788086,-17.740270614624,"Unknown"
"5020561",378674,2026-04-30 04:39:00,28.7776203155518,-17.7402076721191,"Unknown"
"5020561",378674,2026-04-30 04:39:59,28.7777233123779,-17.7401905059814,"Unknown"
"5020561",378674,2026-04-30 04:41:00,28.7777786254883,-17.740177154541,"Unknown"
"5020561",378674,2026-04-30 04:42:01,28.7778587341309,-17.7400970458984,"Unknown"
"5020561",378674,2026-04-30 04:43:03,28.7779884338379,-17.740161895752,"Unknown"
"5020561",378674,2026-04-30 04:44:07,28.7780647277832,-17.7401027679443,"Unknown"
"5020561",378674,2026-04-30 04:45:27,28.7782135009766,-17.740062713623,"Unknown"
"5020561",378674,2026-04-30 04:46:00,28.778263092041,-17.7400245666504,"Unknown"
"5020561",378674,2026-04-30 04:47:01,28.7783851623535,-17.7400436401367,"Unknown"
"5020561",378674,2026-04-30 04:48:02,28.7784652709961,-17.7399845123291,"Unknown"
"5020561",378674,2026-04-30 04:49:02,28.7785320281982,-17.7399444580078,"Unknown"
"5020561",378674,2026-04-30 04:50:00,28.7780418395996,-17.7384719848633,"Unknown"
"5020561",378674,2026-04-30 04:51:01,28.777702331543,-17.7373542785645,"Unknown"
"5020561",378674,2026-04-30 04:52:01,28.7777709960938,-17.737491607666,"Unknown"
"5020561",378674,2026-04-30 04:53:01,28.7778835296631,-17.7374954223633,"Unknown"
"5020561",378674,2026-04-30 04:54:01,28.7780094146729,-17.7374725341797,"Unknown"
"5020561",378674,2026-04-30 04:55:01,28.7781200408936,-17.7374649047852,"Unknown"
"5020561",378674,2026-04-30 04:56:02,28.7782382965088,-17.7374172210693,"Unknown"
"5020561",378674,2026-04-30 04:56:59,28.7783470153809,-17.7373695373535,"Unknown"
"5020561",378674,2026-04-30 04:57:58,28.7784404754639,-17.7373523712158,"Unknown"
"5020561",378674,2026-04-30 04:58:58,28.7785377502441,-17.7372798919678,"Unknown"
"5020561",378674,2026-04-30 04:59:59,28.7786750793457,-17.7372055053711,"Unknown"
"5020561",378674,2026-04-30 05:00:59,28.7788066864014,-17.7371025085449,"Unknown"
"5020561",378674,2026-04-30 05:01:59,28.7789154052734,-17.7369995117188,"Unknown"
"5020561",378674,2026-04-30 05:02:59,28.7790451049805,-17.7369384765625,"Unknown"
"5020561",378674,2026-04-30 05:03:59,28.7791481018066,-17.7368946075439,"Unknown"
"5020561",378674,2026-04-30 05:04:59,28.7792587280273,-17.7368354797363,"Unknown"
"5020561",378674,2026-04-30 05:05:59,28.7793731689453,-17.7367820739746,"Unknown"
"5020561",378674,2026-04-30 05:06:59,28.779504776001,-17.7367420196533,"Unknown"
"5020561",378674,2026-04-30 05:07:59,28.7796459197998,-17.7366733551025,"Unknown"
"5020561",378674,2026-04-30 05:08:59,28.7797451019287,-17.7366104125977,"Unknown"
"5020561",378674,2026-04-30 05:10:00,28.7798748016357,-17.7365245819092,"Unknown"
"5020561",378674,2026-04-30 05:11:00,28.7799987792969,-17.7364864349365,"Unknown"
"5020561",378674,2026-04-30 05:11:59,28.7801132202148,-17.7364463806152,"Unknown"
"5020561",378674,2026-04-30 05:12:58,28.7802181243896,-17.7364234924316,"Unknown"
"5020561",378674,2026-04-30 05:13:59,28.7803153991699,-17.7363681793213,"Unknown"
"5020561",378674,2026-04-30 05:14:59,28.7804355621338,-17.7363109588623,"Unknown"
"5020561",378674,2026-04-30 05:15:59,28.7805709838867,-17.7362251281738,"Unknown"
"5020561",378674,2026-04-30 05:16:59,28.780668258667,-17.7361888885498,"Unknown"
"5020561",378674,2026-04-30 05:17:59,28.7807807922363,-17.736120223999,"Unknown"
"5020561",378674,2026-04-30 05:19:04,28.7809200286865,-17.7360591888428,"Unknown"
"5020561",378674,2026-04-30 05:20:01,28.7810115814209,-17.7359714508057,"Unknown"
"5020561",378674,2026-04-30 05:20:59,28.7811336517334,-17.7359142303467,"Unknown"
"5020561",378674,2026-04-30 05:21:59,28.7812232971191,-17.7358722686768,"Unknown"
"5020561",378674,2026-04-30 05:22:59,28.7813243865967,-17.7357978820801,"Unknown"
"5020561",378674,2026-04-30 05:23:59,28.7814445495605,-17.7357501983643,"Unknown"
"5020561",378674,2026-04-30 05:24:58,28.7815608978271,-17.7357215881348,"Unknown"
"5020561",378674,2026-04-30 05:25:59,28.7816791534424,-17.7356548309326,"Unknown"
"5020561",378674,2026-04-30 05:26:58,28.7817974090576,-17.7355976104736,"Unknown"
"5020561",378674,2026-04-30 05:27:59,28.7818851470947,-17.735538482666,"Unknown"
"5020561",378674,2026-04-30 05:29:02,28.7820053100586,-17.7354888916016,"Unknown"
"5020561",378674,2026-04-30 05:30:00,28.7821197509766,-17.7354698181152,"Unknown"
"5020561",378674,2026-04-30 05:30:59,28.7822036743164,-17.735387802124,"Unknown"
"5020561",378674,2026-04-30 05:32:01,28.7822723388672,-17.7353115081787,"Unknown"
"5020561",378674,2026-04-30 05:33:27,28.7824420928955,-17.7352962493896,"Unknown"
"5020561",378674,2026-04-30 05:34:00,28.7825126647949,-17.7352905273438,"Unknown"
"5020561",378674,2026-04-30 05:34:59,28.782075881958,-17.7329063415527,"Unknown"
"5020561",378674,2026-04-30 05:35:59,28.7812194824219,-17.7267932891846,"Unknown"
"5020561",378674,2026-04-30 05:37:00,28.7808570861816,-17.7192497253418,"Unknown"
"5020561",378674,2026-04-30 05:37:59,28.7807312011719,-17.7125835418701,"Unknown"
"5020561",378674,2026-04-30 05:42:59,28.7809906005859,-17.7048225402832,"Unknown"
"5020561",378674,2026-04-30 05:48:27,28.7814388275146,-17.7048778533936,"Unknown"
"5020561",378674,2026-04-30 05:53:01,28.7786464691162,-17.6962089538574,"Unknown"
"5020561",378674,2026-04-30 05:57:59,28.7691669464111,-17.6654796600342,"Unknown"
"5020561",378674,2026-04-30 06:02:59,28.7621269226074,-17.6308116912842,"Unknown"
"5020561",378674,2026-04-30 06:08:02,28.7517204284668,-17.5979347229004,"Unknown"
"5020561",378674,2026-04-30 06:13:00,28.7433738708496,-17.5636692047119,"Unknown"
"5020561",378674,2026-04-30 06:18:01,28.7289619445801,-17.5322895050049,"Unknown"
"5020561",378674,2026-04-30 06:23:00,28.7184181213379,-17.5006046295166,"Unknown"
"5020561",378674,2026-04-30 06:28:00,28.7058620452881,-17.4709815979004,"Unknown"
"5020561",378674,2026-04-30 06:32:59,28.6948757171631,-17.4378547668457,"Unknown"
"5020561",378674,2026-04-30 06:37:59,28.6881408691406,-17.4035034179688,"Unknown"
"5020561",378674,2026-04-30 06:42:59,28.6734523773193,-17.3727359771729,"Unknown"
"5020561",378674,2026-04-30 06:47:59,28.66676902771,-17.3479404449463,"Unknown"
"5020561",378674,2026-04-30 06:52:59,28.65771484375,-17.3184127807617,"Unknown"
"5020561",378674,2026-04-30 06:58:01,28.649435043335,-17.2899150848389,"Unknown"
"5020561",378674,2026-04-30 07:03:01,28.6405754089355,-17.2576560974121,"Unknown"
"5020561",378674,2026-04-30 07:08:00,28.6304168701172,-17.2230014801025,"Unknown"
"5020561",378674,2026-04-30 07:12:59,28.6145553588867,-17.1928653717041,"Unknown"
"5020561",378674,2026-04-30 07:17:59,28.6117687225342,-17.1710319519043,"Unknown"
"5020561",378674,2026-04-30 07:22:59,28.6058025360107,-17.13942527771,"Unknown"
"5020561",378674,2026-04-30 07:28:03,28.5987854003906,-17.1236171722412,"Unknown"
"5020561",378674,2026-04-30 07:32:58,28.5952587127686,-17.1089725494385,"Unknown"
"5020561",378674,2026-04-30 07:38:01,28.5954113006592,-17.1096458435059,"Unknown"
"5020561",378674,2026-04-30 07:43:01,28.59547996521,-17.1100406646729,"Unknown"
"5020561",378674,2026-04-30 07:47:59,28.5971450805664,-17.0978908538818,"Unknown"
"5020561",378674,2026-04-30 07:53:01,28.6064872741699,-17.0706195831299,"Unknown"
"5020561",378674,2026-04-30 08:03:51,28.632266998291,-17.0157165527344,"Unknown"
"5020561",378674,2026-04-30 08:07:58,28.6325492858887,-17.0158824920654,"Unknown"
"5020561",378674,2026-04-30 08:12:59,28.6406593322754,-16.9978485107422,"Unknown"
"5020561",378674,2026-04-30 08:17:58,28.6468334197998,-17.0074062347412,"Unknown"
"5020561",378674,2026-04-30 08:23:01,28.6523933410645,-17.0038356781006,"Unknown"
"5020561",378674,2026-04-30 08:27:58,28.6538486480713,-17.0060176849365,"Unknown"
"5020561",378674,2026-04-30 08:32:58,28.6463832855225,-17.02294921875,"Unknown"
"5020561",378674,2026-04-30 08:37:59,28.617712020874,-17.0256462097168,"Unknown"
"5020561",378674,2026-04-30 08:42:59,28.5963592529297,-17.0130844116211,"Unknown"
"5020561",378674,2026-04-30 08:47:58,28.5879592895508,-16.9896507263184,"Unknown"
"5020561",378674,2026-04-30 08:52:59,28.5915241241455,-16.9899158477783,"Unknown"
"5020561",378674,2026-04-30 08:57:58,28.5904655456543,-16.9887504577637,"Unknown"
"5020561",378674,2026-04-30 09:02:59,28.5942993164062,-16.9990844726562,"Unknown"
"5020561",378674,2026-04-30 09:08:00,28.598331451416,-16.9986267089844,"Unknown"
"5020561",378674,2026-04-30 09:12:58,28.6009731292725,-16.9951515197754,"Unknown"
"5020561",378674,2026-04-30 09:17:58,28.6012687683105,-16.9881477355957,"Unknown"
"5020561",378674,2026-04-30 09:23:01,28.6021289825439,-16.9828777313232,"Unknown"
"5020561",378674,2026-04-30 09:28:01,28.5995979309082,-16.9802742004395,"Unknown"
"5020561",378674,2026-04-30 09:32:59,28.5948657989502,-16.974292755127,"Unknown"
"5020561",378674,2026-04-30 09:38:01,28.5927581787109,-16.969482421875,"Unknown"
"5020561",378674,2026-04-30 09:42:59,28.5875644683838,-16.9654541015625,"Unknown"
"5020561",378674,2026-04-30 09:47:59,28.581672668457,-16.9630489349365,"Unknown"
"5020561",378674,2026-04-30 09:53:10,28.5835075378418,-16.956075668335,"Unknown"
"5020561",378674,2026-04-30 09:57:58,28.583459854126,-16.9566326141357,"Unknown"
"5020561",378674,2026-04-30 10:03:02,28.5834674835205,-16.9573345184326,"Unknown"
"5020561",378674,2026-04-30 10:08:11,28.5834674835205,-16.9580821990967,"Unknown"
"5020561",378674,2026-04-30 10:13:05,28.5835189819336,-16.9587993621826,"Unknown"
"5020561",378674,2026-04-30 10:18:01,28.5835647583008,-16.9595279693604,"Unknown"
"5020561",378674,2026-04-30 10:23:02,28.5835552215576,-16.96018409729,"Unknown"
"5020561",378674,2026-04-30 10:28:01,28.5835819244385,-16.9609756469727,"Unknown"
"5020561",378674,2026-04-30 10:33:27,28.5838031768799,-16.9616851806641,"Unknown"
"5020561",378674,2026-04-30 10:37:59,28.5839614868164,-16.9622421264648,"Unknown"
"5020561",378674,2026-04-30 10:42:59,28.5840740203857,-16.9629020690918,"Unknown"
"5020561",378674,2026-04-30 10:47:58,28.5844440460205,-16.9635429382324,"Unknown"
"5020561",378674,2026-04-30 10:52:59,28.5738410949707,-16.9810409545898,"Unknown"
"5020561",378674,2026-04-30 10:57:59,28.5740718841553,-16.9816799163818,"Unknown"
"5020561",378674,2026-04-30 11:02:59,28.5822658538818,-16.9837799072266,"Unknown"
"5020561",378674,2026-04-30 11:07:58,28.5827007293701,-16.9848766326904,"Unknown"
"5020561",378674,2026-04-30 11:13:00,28.5886192321777,-16.9949893951416,"Unknown"
"5020561",378674,2026-04-30 11:18:01,28.602876663208,-16.9931735992432,"Unknown"
"5020561",378674,2026-04-30 11:23:00,28.5849266052246,-16.9879779815674,"Unknown"
"5020561",378674,2026-04-30 11:27:59,28.5852317810059,-16.9889430999756,"Unknown"
"5020561",378674,2026-04-30 11:32:59,28.5856037139893,-16.9899921417236,"Unknown"
"5020561",378674,2026-04-30 11:38:01,28.5665550231934,-16.9872417449951,"Unknown"
"5020561",378674,2026-04-30 11:43:00,28.5708541870117,-16.9881973266602,"Unknown"
"5020561",378674,2026-04-30 11:48:00,28.5712146759033,-16.9890785217285,"Unknown"
"5020561",378674,2026-04-30 11:53:00,28.5715560913086,-16.9899311065674,"Unknown"
"5020561",378674,2026-04-30 11:58:03,28.5719718933105,-16.9908676147461,"Unknown"
"5020561",378674,2026-04-30 12:03:01,28.5724201202393,-16.9917449951172,"Unknown"
"5020561",378674,2026-04-30 12:07:59,28.5729122161865,-16.9925956726074,"Unknown"
"5020561",378674,2026-04-30 12:13:02,28.5734062194824,-16.9933662414551,"Unknown"
"5020561",378674,2026-04-30 12:18:01,28.5738582611084,-16.9941387176514,"Unknown"
"5020561",378674,2026-04-30 12:23:03,28.5744495391846,-16.9949531555176,"Unknown"
"5020561",378674,2026-04-30 12:28:02,28.5751037597656,-16.9956588745117,"Unknown"
"5020561",378674,2026-04-30 12:33:01,28.5757446289062,-16.9962673187256,"Unknown"
"5020561",378674,2026-04-30 12:38:05,28.5764255523682,-16.996898651123,"Unknown"
"5020561",378674,2026-04-30 12:43:02,28.5974903106689,-17.0051078796387,"Unknown"
"5020561",378674,2026-04-30 12:48:03,28.6126728057861,-16.992639541626,"Unknown"
"5020561",378674,2026-04-30 12:53:02,28.5957565307617,-16.9831714630127,"Unknown"
"5020561",378674,2026-04-30 12:58:04,28.5957794189453,-16.9864845275879,"Unknown"
"5020561",378674,2026-04-30 13:03:04,28.5964469909668,-16.9872627258301,"Unknown"
"5020561",378674,2026-04-30 13:08:33,28.5971393585205,-16.9881401062012,"Unknown"
"5020561",378674,2026-04-30 13:12:59,28.5977058410645,-16.9887447357178,"Unknown"
"5020561",378674,2026-04-30 13:17:59,28.5982723236084,-16.9894924163818,"Unknown"
"5020561",378674,2026-04-30 13:23:00,28.598876953125,-16.9902229309082,"Unknown"
"5020561",378674,2026-04-30 13:28:02,28.5995292663574,-16.9911136627197,"Unknown"
"5020561",378674,2026-04-30 13:33:00,28.6002826690674,-16.9919872283936,"Unknown"
"5020561",378674,2026-04-30 13:38:01,28.6010360717773,-16.9928817749023,"Unknown"
"5020561",378674,2026-04-30 13:43:00,28.6017150878906,-16.9937496185303,"Unknown"
"5020561",378674,2026-04-30 13:48:00,28.6024475097656,-16.9945545196533,"Unknown"
"5020561",378674,2026-04-30 13:53:02,28.6032066345215,-16.9952869415283,"Unknown"
"5020561",378674,2026-04-30 13:58:02,28.603982925415,-16.9960861206055,"Unknown"
"5020561",378674,2026-04-30 14:03:02,28.6048011779785,-16.9969730377197,"Unknown"
"5020561",378674,2026-04-30 14:08:02,28.6057415008545,-16.997766494751,"Unknown"
"5020561",378674,2026-04-30 14:13:02,28.6066093444824,-16.99853515625,"Unknown"
"5020561",378674,2026-04-30 14:18:00,28.6073780059814,-16.9993553161621,"Unknown"
"5020561",378674,2026-04-30 14:23:02,28.6080417633057,-17.0002021789551,"Unknown"
"5020561",378674,2026-04-30 14:28:05,28.6088943481445,-17.001106262207,"Unknown"
"5020561",378674,2026-04-30 14:33:06,28.6099529266357,-17.0018634796143,"Unknown"
"5020561",378674,2026-04-30 14:38:05,28.6108150482178,-17.0026416778564,"Unknown"
"5020561",378674,2026-04-30 14:43:08,28.6116352081299,-17.0033721923828,"Unknown"
"5020561",378674,2026-04-30 14:48:02,28.5974445343018,-17.0092067718506,"Unknown"
"5020561",378674,2026-04-30 14:53:01,28.5847816467285,-17.0199775695801,"Unknown"
"5020561",378674,2026-04-30 14:58:05,28.5858325958252,-17.021183013916,"Unknown"
"5020561",378674,2026-04-30 15:03:03,28.5863513946533,-17.0216941833496,"Unknown"
"5020561",378674,2026-04-30 15:08:03,28.5920429229736,-17.0471839904785,"Unknown"
"5020561",378674,2026-04-30 15:13:05,28.6046829223633,-17.0781345367432,"Unknown"
"5020561",378674,2026-04-30 15:18:10,28.619384765625,-17.0980625152588,"Unknown"
"5020561",378674,2026-04-30 15:23:03,28.6445426940918,-17.1125164031982,"Unknown"
"5020561",378674,2026-04-30 15:28:33,28.6424160003662,-17.1451435089111,"Unknown"
"5020561",378674,2026-04-30 15:33:01,28.6299476623535,-17.1595916748047,"Unknown"
"5020561",378674,2026-04-30 15:38:27,28.6181221008301,-17.1734523773193,"Unknown"
"5020561",378674,2026-04-30 15:43:02,28.6198825836182,-17.1732349395752,"Unknown"
"5020561",378674,2026-04-30 15:48:08,28.6216487884521,-17.1728057861328,"Unknown"
"5020561",378674,2026-04-30 15:53:05,28.623628616333,-17.1717300415039,"Unknown"
"5020561",378674,2026-04-30 15:58:33,28.6245613098145,-17.1713428497314,"Unknown"
"5020561",378674,2026-04-30 16:03:00,28.627082824707,-17.1710033416748,"Unknown"
"5020561",378674,2026-04-30 16:08:00,28.6282730102539,-17.1697978973389,"Unknown"
"5020561",378674,2026-04-30 16:12:59,28.6290378570557,-17.169584274292,"Unknown"
"5020561",378674,2026-04-30 16:18:00,28.6309547424316,-17.1667194366455,"Unknown"
"5020561",378674,2026-04-30 16:22:59,28.6314544677734,-17.1662979125977,"Unknown"
"5020561",378674,2026-04-30 16:28:00,28.6320304870605,-17.1660213470459,"Unknown"
"5020561",378674,2026-04-30 16:32:59,28.6326942443848,-17.1658477783203,"Unknown"
"5020561",378674,2026-04-30 16:37:59,28.6331157684326,-17.1656341552734,"Unknown"
"5020561",378674,2026-04-30 16:42:59,28.6334075927734,-17.1655864715576,"Unknown"
"5020561",378674,2026-04-30 16:47:59,28.6373767852783,-17.178092956543,"Unknown"
"5020561",378674,2026-04-30 16:52:59,28.637939453125,-17.1779460906982,"Unknown"
"5020561",378674,2026-04-30 16:57:59,28.6384735107422,-17.1777248382568,"Unknown"
"5020561",378674,2026-04-30 17:03:00,28.638952255249,-17.1776123046875,"Unknown"
"5020561",378674,2026-04-30 17:07:59,28.6393814086914,-17.1774234771729,"Unknown"
"5020561",378674,2026-04-30 17:12:59,28.6305294036865,-17.1889762878418,"Unknown"
"5020561",378674,2026-04-30 17:17:59,28.6215953826904,-17.2101287841797,"Unknown"
"5020561",378674,2026-04-30 17:22:59,28.6074924468994,-17.2273197174072,"Unknown"
"5020561",378674,2026-04-30 17:27:59,28.6095867156982,-17.2417469024658,"Unknown"
"5020561",378674,2026-04-30 17:32:59,28.6065616607666,-17.2443313598633,"Unknown"
"5020561",378674,2026-04-30 17:37:59,28.603832244873,-17.2459926605225,"Unknown"
"5020561",378674,2026-04-30 17:42:59,28.6040573120117,-17.2460689544678,"Unknown"
"5020561",378674,2026-04-30 17:48:00,28.5990505218506,-17.2459621429443,"Unknown"
"5020561",378674,2026-04-30 17:52:59,28.597240447998,-17.2454528808594,"Unknown"
"5020561",378674,2026-04-30 17:57:59,28.5951271057129,-17.2464332580566,"Unknown"
"5020561",378674,2026-04-30 18:04:03,28.5920238494873,-17.2475204467773,"Unknown"
"5020561",378674,2026-04-30 18:07:59,28.5930004119873,-17.2511463165283,"Unknown"
"5020561",378674,2026-04-30 18:13:01,28.5925159454346,-17.2539768218994,"Unknown"
"5020561",378674,2026-04-30 18:18:01,28.6029739379883,-17.270149230957,"Unknown"
"5020561",378674,2026-04-30 18:23:00,28.6265144348145,-17.2799186706543,"Unknown"
"5020561",378674,2026-04-30 18:28:01,28.6473407745361,-17.2969627380371,"Unknown"
"5020561",378674,2026-04-30 18:33:01,28.664794921875,-17.3230724334717,"Unknown"
"5020561",378674,2026-04-30 18:38:02,28.675537109375,-17.3510208129883,"Unknown"
"5020561",378674,2026-04-30 18:43:00,28.6858081817627,-17.3777465820312,"Unknown"
"5020561",378674,2026-04-30 18:48:00,28.6841773986816,-17.4038257598877,"Unknown"
"5020561",378674,2026-04-30 18:53:01,28.6694507598877,-17.4158363342285,"Unknown"
"5020561",378674,2026-04-30 18:58:00,28.6643753051758,-17.4202709197998,"Unknown"
"5020561",378674,2026-04-30 19:03:07,28.6594657897949,-17.4211387634277,"Unknown"
"5020561",378674,2026-04-30 19:08:00,28.655403137207,-17.4270133972168,"Unknown"
"5020561",378674,2026-04-30 19:13:02,28.653736114502,-17.4306392669678,"Unknown"
"5020561",378674,2026-04-30 19:18:01,28.6514453887939,-17.4318561553955,"Unknown"
"5020561",378674,2026-04-30 19:23:01,28.6481399536133,-17.4312725067139,"Unknown"
"5020561",378674,2026-04-30 19:28:00,28.6552791595459,-17.4496517181396,"Unknown"
"5020561",378674,2026-04-30 19:33:02,28.6673393249512,-17.4826221466064,"Unknown"
"5020561",378674,2026-04-30 19:38:00,28.6859760284424,-17.513708114624,"Unknown"
"5020561",378674,2026-04-30 19:43:00,28.7015361785889,-17.5469207763672,"Unknown"
"5020561",378674,2026-04-30 19:48:02,28.7168483734131,-17.5824127197266,"Unknown"
"5020561",378674,2026-04-30 19:53:02,28.7297401428223,-17.6181907653809,"Unknown"
"5020561",378674,2026-04-30 19:58:02,28.7425594329834,-17.6541042327881,"Unknown"
"5020561",378674,2026-04-30 20:03:02,28.756031036377,-17.6880435943604,"Unknown"
"5020561",378674,2026-04-30 20:08:02,28.7693004608154,-17.7196559906006,"Unknown"
"5020561",378674,2026-04-30 20:13:03,28.7704811096191,-17.7218074798584,"Unknown"
"5020561",378674,2026-04-30 20:18:33,28.7706699371338,-17.7220516204834,"Unknown"
"5020561",378674,2026-04-30 20:22:59,28.7708435058594,-17.7220573425293,"Unknown"
"5020561",378674,2026-04-30 20:27:59,28.7709140777588,-17.7220516204834,"Unknown"
"5020561",378674,2026-04-30 20:33:00,28.7709674835205,-17.7221851348877,"Unknown"
"5020561",378674,2026-04-30 20:38:00,28.7709903717041,-17.7221508026123,"Unknown"
"5020561",378674,2026-04-30 20:42:59,28.7710132598877,-17.7221927642822,"Unknown"
"5020561",378674,2026-04-30 20:48:00,28.7710838317871,-17.7224025726318,"Unknown"
"5020561",378674,2026-04-30 20:52:59,28.7711181640625,-17.7225704193115,"Unknown"
"5020561",378674,2026-04-30 20:58:00,28.7711982727051,-17.7227382659912,"Unknown"
"5020561",378674,2026-04-30 21:02:59,28.7720432281494,-17.7261829376221,"Unknown"
"5020561",378674,2026-04-30 21:07:59,28.7724475860596,-17.726490020752,"Unknown"
"5020561",378674,2026-04-30 21:08:59,28.7725257873535,-17.7264976501465,"Unknown"
"5020561",378674,2026-04-30 21:09:59,28.7726230621338,-17.7265205383301,"Unknown"
"5020561",378674,2026-04-30 21:10:59,28.7726821899414,-17.7265777587891,"Unknown"
"5020561",378674,2026-04-30 21:11:59,28.7727947235107,-17.7265892028809,"Unknown"
"5020561",378674,2026-04-30 21:12:59,28.7729187011719,-17.7266216278076,"Unknown"
"5020561",378674,2026-04-30 21:13:59,28.7729988098145,-17.7266807556152,"Unknown"
"5020561",378674,2026-04-30 21:14:59,28.7730903625488,-17.7267055511475,"Unknown"
"5020561",378674,2026-04-30 21:16:00,28.773157119751,-17.7267379760742,"Unknown"
"5020561",378674,2026-04-30 21:16:59,28.7732257843018,-17.7267589569092,"Unknown"
"5020561",378674,2026-04-30 21:17:59,28.7733268737793,-17.726749420166,"Unknown"
"5020561",378674,2026-04-30 21:18:59,28.7734451293945,-17.7267398834229,"Unknown"
"5020561",378674,2026-04-30 21:19:59,28.7736053466797,-17.7267456054688,"Unknown"
"5020561",378674,2026-04-30 21:20:59,28.77370262146,-17.7267684936523,"Unknown"
"5020561",378674,2026-04-30 21:21:59,28.7739086151123,-17.7267894744873,"Unknown"
"5020561",378674,2026-04-30 21:22:59,28.7740669250488,-17.7268218994141,"Unknown"
"5020561",378674,2026-04-30 21:23:59,28.7742385864258,-17.7267951965332,"Unknown"
"5020561",378674,2026-04-30 21:24:59,28.7744274139404,-17.7267665863037,"Unknown"
"5020561",378674,2026-04-30 21:25:59,28.7746105194092,-17.726749420166,"Unknown"
"5020561",378674,2026-04-30 21:26:59,28.7747497558594,-17.7266540527344,"Unknown"
"5020561",378674,2026-04-30 21:27:59,28.7749404907227,-17.7266578674316,"Unknown"
"5020561",378674,2026-04-30 21:28:59,28.7751083374023,-17.7265682220459,"Unknown"
"5020561",378674,2026-04-30 21:29:59,28.775297164917,-17.7265758514404,"Unknown"
"5020561",378674,2026-04-30 21:30:59,28.7754402160645,-17.7265949249268,"Unknown"
"5020561",378674,2026-04-30 21:31:59,28.7755584716797,-17.7266139984131,"Unknown"
"5020561",378674,2026-04-30 21:32:59,28.7757053375244,-17.7266635894775,"Unknown"
"5020561",378674,2026-04-30 21:34:00,28.7758388519287,-17.7266445159912,"Unknown"
"5020561",378674,2026-04-30 21:34:59,28.7759952545166,-17.7266464233398,"Unknown"
"5020561",378674,2026-04-30 21:36:00,28.7761325836182,-17.7266674041748,"Unknown"
"5020561",378674,2026-04-30 21:36:59,28.7762413024902,-17.7267246246338,"Unknown"
"5020561",378674,2026-04-30 21:37:59,28.7763576507568,-17.7267646789551,"Unknown"
"5020561",378674,2026-04-30 21:39:00,28.7764854431152,-17.7268180847168,"Unknown"
"5020561",378674,2026-04-30 21:40:01,28.7765998840332,-17.7268447875977,"Unknown"
"5020561",378674,2026-04-30 21:41:00,28.776798248291,-17.72682762146,"Unknown"
"5020561",378674,2026-04-30 21:42:00,28.776969909668,-17.7268486022949,"Unknown"
"5020561",378674,2026-04-30 21:43:00,28.7771072387695,-17.7268753051758,"Unknown"
"5020561",378674,2026-04-30 21:44:00,28.7772235870361,-17.7269096374512,"Unknown"
"5020561",378674,2026-04-30 21:45:00,28.7773609161377,-17.7269973754883,"Unknown"
"5020561",378674,2026-04-30 21:46:02,28.7775249481201,-17.7270431518555,"Unknown"
"5020561",378674,2026-04-30 21:46:59,28.7776432037354,-17.7270584106445,"Unknown"
"5020561",378674,2026-04-30 21:47:59,28.7778186798096,-17.7270774841309,"Unknown"
"5020561",378674,2026-04-30 21:48:59,28.7779769897461,-17.727144241333,"Unknown"
"5020561",378674,2026-04-30 21:49:59,28.7781734466553,-17.7271614074707,"Unknown"
"5020561",378674,2026-04-30 21:50:59,28.7783508300781,-17.7271690368652,"Unknown"
"5020561",378674,2026-04-30 21:51:59,28.7785129547119,-17.7272167205811,"Unknown"
"5020561",378674,2026-04-30 21:52:59,28.7787036895752,-17.7272262573242,"Unknown"
"5020561",378674,2026-04-30 21:53:59,28.7788772583008,-17.7272682189941,"Unknown"
"5020561",378674,2026-04-30 21:54:59,28.7790145874023,-17.7273712158203,"Unknown"
"5020561",378674,2026-04-30 21:55:59,28.7791271209717,-17.7274074554443,"Unknown"
"5020561",378674,2026-04-30 21:56:59,28.779224395752,-17.7274971008301,"Unknown"
"5020561",378674,2026-04-30 21:58:00,28.7793769836426,-17.7275085449219,"Unknown"
"5020561",378674,2026-04-30 21:58:59,28.7795734405518,-17.7275428771973,"Unknown"
"5020561",378674,2026-04-30 21:59:59,28.7797107696533,-17.7276020050049,"Unknown"
"5020561",378674,2026-04-30 22:00:59,28.7799034118652,-17.7275772094727,"Unknown"
"5020561",378674,2026-04-30 22:02:00,28.7800579071045,-17.7276287078857,"Unknown"
"5020561",378674,2026-04-30 22:02:59,28.7802085876465,-17.7276592254639,"Unknown"
"5020561",378674,2026-04-30 22:04:00,28.7803401947021,-17.7276725769043,"Unknown"
"5020561",378674,2026-04-30 22:05:01,28.7805137634277,-17.7277126312256,"Unknown"
"5020561",378674,2026-04-30 22:06:00,28.7806873321533,-17.7277526855469,"Unknown"
"5020561",378674,2026-04-30 22:07:00,28.7808513641357,-17.7278289794922,"Unknown"
"5020561",378674,2026-04-30 22:08:00,28.78102684021,-17.7278747558594,"Unknown"
"5020561",378674,2026-04-30 22:08:59,28.7811508178711,-17.7279300689697,"Unknown"
"5020561",378674,2026-04-30 22:10:01,28.7812461853027,-17.7280178070068,"Unknown"
"5020561",378674,2026-04-30 22:10:59,28.7814121246338,-17.728084564209,"Unknown"
"5020561",378674,2026-04-30 22:11:59,28.7815914154053,-17.728157043457,"Unknown"
"5020561",378674,2026-04-30 22:12:59,28.7817287445068,-17.7282295227051,"Unknown"
"5020561",378674,2026-04-30 22:14:00,28.7818279266357,-17.728343963623,"Unknown"
"5020561",378674,2026-04-30 22:15:00,28.7819328308105,-17.7284355163574,"Unknown"
"5020561",378674,2026-04-30 22:16:00,28.7820358276367,-17.7285594940186,"Unknown"
"5020561",378674,2026-04-30 22:16:59,28.7821865081787,-17.7287139892578,"Unknown"
"5020561",378674,2026-04-30 22:18:00,28.7823143005371,-17.7288055419922,"Unknown"
"5020561",378674,2026-04-30 22:19:00,28.7824649810791,-17.7288494110107,"Unknown"
"5020561",378674,2026-04-30 22:20:00,28.7826519012451,-17.728946685791,"Unknown"
"5020561",378674,2026-04-30 22:21:02,28.7828388214111,-17.7290496826172,"Unknown"
"5020561",378674,2026-04-30 22:22:00,28.7830181121826,-17.7290668487549,"Unknown"
"5020561",378674,2026-04-30 22:22:59,28.7831859588623,-17.7290477752686,"Unknown"
"5020561",378674,2026-04-30 22:24:00,28.7833251953125,-17.7290802001953,"Unknown"
"5020561",378674,2026-04-30 22:25:00,28.7834415435791,-17.7291316986084,"Unknown"
"5020561",378674,2026-04-30 22:26:00,28.7835750579834,-17.7292060852051,"Unknown"
"5020561",378674,2026-04-30 22:27:00,28.7837142944336,-17.7292747497559,"Unknown"
"5020561",378674,2026-04-30 22:27:59,28.7838439941406,-17.7293224334717,"Unknown"
"5020561",378674,2026-04-30 22:28:59,28.7839813232422,-17.7293796539307,"Unknown"
"5020561",378674,2026-04-30 22:30:00,28.7841053009033,-17.7294082641602,"Unknown"
"5020561",378674,2026-04-30 22:30:59,28.7842578887939,-17.7295169830322,"Unknown"
"5020561",378674,2026-04-30 22:32:00,28.7843761444092,-17.729564666748,"Unknown"
"5020561",378674,2026-04-30 22:32:59,28.7845001220703,-17.7296466827393,"Unknown"
"5020561",378674,2026-04-30 22:33:59,28.7846393585205,-17.7297477722168,"Unknown"
"5020561",378674,2026-04-30 22:34:59,28.784740447998,-17.7298126220703,"Unknown"
"5020561",378674,2026-04-30 22:35:59,28.7848873138428,-17.7299652099609,"Unknown"
"5020561",378674,2026-04-30 22:36:59,28.7849769592285,-17.7300624847412,"Unknown"
"5020561",378674,2026-04-30 22:38:00,28.7851066589355,-17.7301712036133,"Unknown"
"5020561",378674,2026-04-30 22:38:59,28.7851734161377,-17.7302131652832,"Unknown"
"5020561",378674,2026-04-30 22:40:00,28.7852458953857,-17.7302360534668,"Unknown"
"5020561",378674,2026-04-30 22:40:59,28.7853488922119,-17.7302761077881,"Unknown"
"5020561",378674,2026-04-30 22:41:59,28.7855052947998,-17.7303733825684,"Unknown"
"5020561",378674,2026-04-30 22:42:59,28.7856540679932,-17.7304801940918,"Unknown"
"5020561",378674,2026-04-30 22:43:59,28.7857494354248,-17.7305583953857,"Unknown"
"5020561",378674,2026-04-30 22:44:59,28.7858448028564,-17.7306613922119,"Unknown"
"5020561",378674,2026-04-30 22:45:59,28.7859687805176,-17.7307529449463,"Unknown"
"5020561",378674,2026-04-30 22:46:59,28.7860813140869,-17.7308120727539,"Unknown"
"5020561",378674,2026-04-30 22:47:59,28.7862148284912,-17.7309169769287,"Unknown"
"5020561",378674,2026-04-30 22:48:59,28.7863330841064,-17.7310085296631,"Unknown"
"5020561",378674,2026-04-30 22:49:59,28.7864456176758,-17.7310924530029,"Unknown"
"5020561",378674,2026-04-30 22:51:00,28.7865200042725,-17.7311363220215,"Unknown"
"5020561",378674,2026-04-30 22:52:01,28.7865791320801,-17.7311992645264,"Unknown"
"5020561",378674,2026-04-30 22:52:59,28.7866134643555,-17.73122215271,"Unknown"
"5020561",378674,2026-04-30 22:53:59,28.7866458892822,-17.7312545776367,"Unknown"
"5020561",378674,2026-04-30 22:55:02,28.7867660522461,-17.7313938140869,"Unknown"
"5020561",378674,2026-04-30 22:56:00,28.7868518829346,-17.7314186096191,"Unknown"
"5020561",378674,2026-04-30 22:56:59,28.7869415283203,-17.7314796447754,"Unknown"
"5020561",378674,2026-04-30 22:58:02,28.7870616912842,-17.7315006256104,"Unknown"
"5020561",378674,2026-04-30 22:58:59,28.7872085571289,-17.7315826416016,"Unknown"
"5020561",378674,2026-04-30 23:00:33,28.7874622344971,-17.7316513061523,"Unknown"
"5020561",378674,2026-04-30 23:00:59,28.7875518798828,-17.73166847229,"Unknown"
"5020561",378674,2026-04-30 23:01:59,28.7877006530762,-17.7317218780518,"Unknown"
"5020561",378674,2026-04-30 23:02:59,28.7877922058105,-17.7318267822266,"Unknown"
"5020561",378674,2026-04-30 23:03:59,28.7878894805908,-17.7319221496582,"Unknown"
"5020561",378674,2026-04-30 23:04:59,28.7879810333252,-17.732006072998,"Unknown"
"5020561",378674,2026-04-30 23:05:59,28.7880458831787,-17.7320690155029,"Unknown"
"5020561",378674,2026-04-30 23:06:59,28.7881412506104,-17.7321109771729,"Unknown"
"5020561",378674,2026-04-30 23:07:59,28.7882385253906,-17.7321720123291,"Unknown"
"5020561",378674,2026-04-30 23:08:59,28.78835105896,-17.7322235107422,"Unknown"
"5020561",378674,2026-04-30 23:09:59,28.7884387969971,-17.7322750091553,"Unknown"
"5020561",378674,2026-04-30 23:10:59,28.788516998291,-17.7323265075684,"Unknown"
"5020561",378674,2026-04-30 23:11:59,28.7886047363281,-17.7323684692383,"Unknown"
"5020561",378674,2026-04-30 23:12:59,28.788703918457,-17.7324314117432,"Unknown"
"5020561",378674,2026-04-30 23:13:59,28.7888088226318,-17.7325134277344,"Unknown"
"5020561",378674,2026-04-30 23:15:00,28.7889251708984,-17.7325801849365,"Unknown"
"5020561",378674,2026-04-30 23:15:59,28.7890167236328,-17.7326393127441,"Unknown"
"5020561",378674,2026-04-30 23:16:59,28.7890644073486,-17.7327079772949,"Unknown"
"5020561",378674,2026-04-30 23:17:59,28.7891712188721,-17.7327651977539,"Unknown"
"5020561",378674,2026-04-30 23:18:59,28.7892951965332,-17.7328472137451,"Unknown"
"5020561",378674,2026-04-30 23:19:59,28.7894115447998,-17.7329425811768,"Unknown"
"5020561",378674,2026-04-30 23:20:59,28.7895584106445,-17.7330150604248,"Unknown"
"5020561",378674,2026-04-30 23:21:59,28.7897090911865,-17.7330856323242,"Unknown"
"5020561",378674,2026-04-30 23:22:59,28.7898960113525,-17.7331409454346,"Unknown"
"5020561",378674,2026-04-30 23:23:59,28.7900447845459,-17.7331829071045,"Unknown"
"5020561",378674,2026-04-30 23:24:59,28.7901859283447,-17.7332496643066,"Unknown"
"5020561",378674,2026-04-30 23:25:59,28.7903327941895,-17.733341217041,"Unknown"
"5020561",378674,2026-04-30 23:26:59,28.7905178070068,-17.7333889007568,"Unknown"
"5020561",378674,2026-04-30 23:27:59,28.7906532287598,-17.7333984375,"Unknown"
"5020561",378674,2026-04-30 23:28:59,28.790828704834,-17.7334403991699,"Unknown"
"5020561",378674,2026-04-30 23:29:59,28.7909889221191,-17.733455657959,"Unknown"
"5020561",378674,2026-04-30 23:30:59,28.7911891937256,-17.7335090637207,"Unknown"
"5020561",378674,2026-04-30 23:31:59,28.7913455963135,-17.7335510253906,"Unknown"
"5020561",378674,2026-04-30 23:32:59,28.7914886474609,-17.7335071563721,"Unknown"
"5020561",378674,2026-04-30 23:33:59,28.7916526794434,-17.7335166931152,"Unknown"
"5020561",378674,2026-04-30 23:34:59,28.7917823791504,-17.7334938049316,"Unknown"
"5020561",378674,2026-04-30 23:35:59,28.791919708252,-17.7334747314453,"Unknown"
"5020561",378674,2026-04-30 23:36:59,28.7920455932617,-17.733377456665,"Unknown"
"5020561",378674,2026-04-30 23:37:59,28.7921352386475,-17.7333335876465,"Unknown"
"5020561",378674,2026-04-30 23:38:59,28.79221534729,-17.733268737793,"Unknown"
"5020561",378674,2026-04-30 23:39:59,28.7923183441162,-17.7332191467285,"Unknown"
"5020561",378674,2026-04-30 23:40:59,28.7924633026123,-17.7331981658936,"Unknown"
"5020561",378674,2026-04-30 23:41:59,28.7925758361816,-17.7331638336182,"Unknown"
"5020561",378674,2026-04-30 23:42:59,28.7927017211914,-17.7331390380859,"Unknown"
"5020561",378674,2026-04-30 23:43:59,28.7928352355957,-17.7331295013428,"Unknown"
"5020561",378674,2026-04-30 23:44:59,28.7929706573486,-17.7331428527832,"Unknown"
"5020561",378674,2026-04-30 23:45:59,28.7931289672852,-17.7331504821777,"Unknown"
"5020561",378674,2026-04-30 23:46:59,28.7932682037354,-17.7331390380859,"Unknown"
"5020561",378674,2026-04-30 23:47:59,28.793342590332,-17.7331256866455,"Unknown"
"5020561",378674,2026-04-30 23:48:59,28.7934589385986,-17.7331466674805,"Unknown"
"5020561",378674,2026-04-30 23:49:58,28.7935428619385,-17.7331695556641,"Unknown"
"5020561",378674,2026-04-30 23:50:59,28.7936878204346,-17.7331943511963,"Unknown"
"5020561",378674,2026-04-30 23:51:59,28.7937831878662,-17.7332286834717,"Unknown"
"5020561",378674,2026-04-30 23:52:59,28.7938995361328,-17.7332324981689,"Unknown"
"5020561",378674,2026-04-30 23:53:59,28.7939796447754,-17.7332820892334,"Unknown"
"5020561",378674,2026-04-30 23:54:59,28.7940711975098,-17.7333011627197,"Unknown"
"5020561",378674,2026-04-30 23:55:59,28.7941627502441,-17.7333278656006,"Unknown"
"5020561",378674,2026-04-30 23:56:59,28.7942447662354,-17.7333240509033,"Unknown"
"5020561",378674,2026-04-30 23:57:59,28.7943248748779,-17.733341217041,"Unknown"
"5020561",378674,2026-04-30 23:58:59,28.79443359375,-17.7333202362061,"Unknown"
"5020561",378674,2026-04-30 23:59:59,28.7945594787598,-17.7332954406738,"Unknown"
"5020561",378674,2026-05-01 00:00:59,28.7946243286133,-17.7333431243896,"Unknown"
"5020561",378674,2026-05-01 00:01:59,28.7947120666504,-17.7333755493164,"Unknown"
"5020561",378674,2026-05-01 00:02:59,28.7947998046875,-17.7333946228027,"Unknown"
"5020561",378674,2026-05-01 00:04:00,28.7948951721191,-17.7334175109863,"Unknown"
"5020561",378674,2026-05-01 00:04:59,28.7949752807617,-17.7334270477295,"Unknown"
"5020561",378674,2026-05-01 00:05:59,28.7950649261475,-17.7334461212158,"Unknown"
"5020561",378674,2026-05-01 00:06:59,28.7951564788818,-17.7335090637207,"Unknown"
"5020561",378674,2026-05-01 00:07:59,28.7952175140381,-17.7335338592529,"Unknown"
"5020561",378674,2026-05-01 00:08:59,28.7945461273193,-17.7339954376221,"Unknown"
"5020561",378674,2026-05-01 00:09:59,28.7945652008057,-17.7340030670166,"Unknown"
"5020561",378674,2026-05-01 00:10:59,28.7945747375488,-17.7341384887695,"Unknown"
"5020561",378674,2026-05-01 00:11:59,28.7914714813232,-17.736270904541,"Unknown"
"5020561",378674,2026-05-01 00:13:00,28.7914905548096,-17.7364654541016,"Unknown"
"5020561",378674,2026-05-01 00:14:00,28.7914962768555,-17.7365684509277,"Unknown"
"5020561",378674,2026-05-01 00:14:59,28.7915649414062,-17.7365779876709,"Unknown"
"5020561",378674,2026-05-01 00:15:59,28.7915897369385,-17.7365264892578,"Unknown"
"5020561",378674,2026-05-01 00:16:59,28.7916355133057,-17.736515045166,"Unknown"
"5020561",378674,2026-05-01 00:17:59,28.7917079925537,-17.736499786377,"Unknown"
"5020561",378674,2026-05-01 00:18:59,28.7917346954346,-17.7365379333496,"Unknown"
"5020561",378674,2026-05-01 00:19:59,28.7917442321777,-17.7364959716797,"Unknown"
"5020561",378674,2026-05-01 00:20:59,28.7918319702148,-17.7364902496338,"Unknown"
"5020561",378674,2026-05-01 00:21:59,28.7918529510498,-17.7365055084229,"Unknown"
"5020561",378674,2026-05-01 00:22:59,28.7919483184814,-17.7365379333496,"Unknown"
"5020561",378674,2026-05-01 00:24:00,28.7919578552246,-17.7365608215332,"Unknown"
"5020561",378674,2026-05-01 00:24:59,28.7920055389404,-17.7365455627441,"Unknown"
"5020561",378674,2026-05-01 00:25:59,28.7920475006104,-17.7365036010742,"Unknown"
"5020561",378674,2026-05-01 00:27:00,28.7921199798584,-17.7369403839111,"Unknown"
"5020561",378674,2026-05-01 00:27:59,28.7921905517578,-17.7370357513428,"Unknown"
"5020561",378674,2026-05-01 00:28:59,28.7922592163086,-17.7370910644531,"Unknown"
"5020561",378674,2026-05-01 00:29:59,28.7922992706299,-17.7371139526367,"Unknown"
"5020561",378674,2026-05-01 00:30:59,28.7923488616943,-17.7371520996094,"Unknown"
"5020561",378674,2026-05-01 00:31:59,28.7923812866211,-17.7371635437012,"Unknown"
"5020561",378674,2026-05-01 00:32:59,28.7923927307129,-17.7371807098389,"Unknown"
"5020561",378674,2026-05-01 00:33:59,28.7924308776855,-17.7372207641602,"Unknown"
"5020561",378674,2026-05-01 00:34:59,28.7924633026123,-17.7372589111328,"Unknown"
"5020561",378674,2026-05-01 00:35:59,28.7925090789795,-17.7372856140137,"Unknown"
"5020561",378674,2026-05-01 00:37:00,28.7925205230713,-17.7373237609863,"Unknown"
"5020561",378674,2026-05-01 00:37:59,28.7925872802734,-17.7373657226562,"Unknown"
"5020561",378674,2026-05-01 00:38:59,28.7926349639893,-17.7373790740967,"Unknown"
"5020561",378674,2026-05-01 00:39:59,28.7926845550537,-17.7373752593994,"Unknown"
"5020561",378674,2026-05-01 00:40:59,28.7927417755127,-17.7373905181885,"Unknown"
"5020561",378674,2026-05-01 00:41:59,28.7927761077881,-17.7373809814453,"Unknown"
"5020561",378674,2026-05-01 00:42:59,28.7928161621094,-17.7373924255371,"Unknown"
"5020561",378674,2026-05-01 00:43:59,28.7928905487061,-17.7373828887939,"Unknown"
"5020561",378674,2026-05-01 00:44:59,28.7929134368896,-17.7373504638672,"Unknown"
"5020561",378674,2026-05-01 00:45:59,28.7927684783936,-17.7380542755127,"Unknown"
"5020561",378674,2026-05-01 00:46:59,28.7927379608154,-17.7381134033203,"Unknown"
"5020561",378674,2026-05-01 00:48:00,28.7926902770996,-17.7381553649902,"Unknown"
"5020561",378674,2026-05-01 00:48:59,28.7926235198975,-17.7381839752197,"Unknown"
"5020561",378674,2026-05-01 00:49:59,28.7920932769775,-17.7385559082031,"Unknown"
"5020561",378674,2026-05-01 00:50:59,28.7921028137207,-17.7385921478271,"Unknown"
"5020561",378674,2026-05-01 00:51:59,28.7921028137207,-17.7386512756348,"Unknown"
"5020561",378674,2026-05-01 00:52:59,28.7921142578125,-17.738676071167,"Unknown"
"5020561",378674,2026-05-01 00:53:59,28.792142868042,-17.7387199401855,"Unknown"
"5020561",378674,2026-05-01 00:54:59,28.7921676635742,-17.7387638092041,"Unknown"
"5020561",378674,2026-05-01 00:55:59,28.7922019958496,-17.7388210296631,"Unknown"
"5020561",378674,2026-05-01 00:56:59,28.7922496795654,-17.7388820648193,"Unknown"
"5020561",378674,2026-05-01 00:57:59,28.7922821044922,-17.7389507293701,"Unknown"
"5020561",378674,2026-05-01 00:58:59,28.7923183441162,-17.7389678955078,"Unknown"
"5020561",378674,2026-05-01 00:59:59,28.7923526763916,-17.7390174865723,"Unknown"
"5020561",378674,2026-05-01 01:00:59,28.7923736572266,-17.7390403747559,"Unknown"
"5020561",378674,2026-05-01 01:02:00,28.7924022674561,-17.7390594482422,"Unknown"
"5020561",378674,2026-05-01 01:02:59,28.7924385070801,-17.7390804290771,"Unknown"
"5020561",378674,2026-05-01 01:04:01,28.7924823760986,-17.7391052246094,"Unknown"
"5020561",378674,2026-05-01 01:05:01,28.7925586700439,-17.7391529083252,"Unknown"
"5020561",378674,2026-05-01 01:06:00,28.7926502227783,-17.7391567230225,"Unknown"
"5020561",378674,2026-05-01 01:07:00,28.7927436828613,-17.7391395568848,"Unknown"
"5020561",378674,2026-05-01 01:08:02,28.7927951812744,-17.7391796112061,"Unknown"
"5020561",378674,2026-05-01 01:09:02,28.7928981781006,-17.7391815185547,"Unknown"
"5020561",378674,2026-05-01 01:10:01,28.7929363250732,-17.7391471862793,"Unknown"
"5020561",378674,2026-05-01 01:11:02,28.7929515838623,-17.7391185760498,"Unknown"
"5020561",378674,2026-05-01 01:12:00,28.7929649353027,-17.7390918731689,"Unknown"
"5020561",378674,2026-05-01 01:13:01,28.7929935455322,-17.7390327453613,"Unknown"
"5020561",378674,2026-05-01 01:14:00,28.7930030822754,-17.7389507293701,"Unknown"
"5020561",378674,2026-05-01 01:15:00,28.7930526733398,-17.7388687133789,"Unknown"
"5020561",378674,2026-05-01 01:16:00,28.7930335998535,-17.7387886047363,"Unknown"
"5020561",378674,2026-05-01 01:16:59,28.7930641174316,-17.73876953125,"Unknown"
"5020561",378674,2026-05-01 01:17:59,28.7931327819824,-17.7387733459473,"Unknown"
"5020561",378674,2026-05-01 01:19:02,28.7931747436523,-17.7387390136719,"Unknown"
"5020561",378674,2026-05-01 01:20:00,28.793249130249,-17.7387428283691,"Unknown"
"5020561",378674,2026-05-01 01:21:00,28.7933177947998,-17.7387104034424,"Unknown"
"5020561",378674,2026-05-01 01:22:00,28.7934169769287,-17.738655090332,"Unknown"
"5020561",378674,2026-05-01 01:22:59,28.7935123443604,-17.7386035919189,"Unknown"
"5020561",378674,2026-05-01 01:24:00,28.7935695648193,-17.7385387420654,"Unknown"
"5020561",378674,2026-05-01 01:25:01,28.7936019897461,-17.7385234832764,"Unknown"
"5020561",378674,2026-05-01 01:26:00,28.7936592102051,-17.7384548187256,"Unknown"
"5020561",378674,2026-05-01 01:27:00,28.7937126159668,-17.7384014129639,"Unknown"
"5020561",378674,2026-05-01 01:27:59,28.7937431335449,-17.7383499145508,"Unknown"
"5020561",378674,2026-05-01 01:29:00,28.7938327789307,-17.7383136749268,"Unknown"
"5020561",378674,2026-05-01 01:30:02,28.7938671112061,-17.7382373809814,"Unknown"
"5020561",378674,2026-05-01 01:31:00,28.7939071655273,-17.738245010376,"Unknown"
"5020561",378674,2026-05-01 01:32:00,28.7938251495361,-17.7390193939209,"Unknown"
"5020561",378674,2026-05-01 01:32:59,28.7936611175537,-17.7392864227295,"Unknown"
"5020561",378674,2026-05-01 01:34:00,28.7935333251953,-17.7394714355469,"Unknown"
"5020561",378674,2026-05-01 01:35:00,28.7935447692871,-17.7394962310791,"Unknown"
"5020561",378674,2026-05-01 01:36:00,28.7935314178467,-17.739501953125,"Unknown"
"5020561",378674,2026-05-01 01:37:01,28.7935390472412,-17.7394866943359,"Unknown"
"5020561",378674,2026-05-01 01:38:01,28.7935352325439,-17.7395839691162,"Unknown"
"5020561",378674,2026-05-01 01:39:00,28.7935333251953,-17.7395668029785,"Unknown"
"5020561",378674,2026-05-01 01:40:00,28.7935218811035,-17.739574432373,"Unknown"
"5020561",378674,2026-05-01 01:41:06,28.7935028076172,-17.739574432373,"Unknown"
"5020561",378674,2026-05-01 01:42:00,28.7935428619385,-17.7393684387207,"Unknown"
"5020561",378674,2026-05-01 01:43:05,28.7936248779297,-17.7392654418945,"Unknown"
"5020561",378674,2026-05-01 01:44:01,28.7936153411865,-17.7391719818115,"Unknown"
"5020561",378674,2026-05-01 01:45:00,28.7935733795166,-17.7391490936279,"Unknown"
"5020561",378674,2026-05-01 01:46:00,28.7935943603516,-17.7391357421875,"Unknown"
"5020561",378674,2026-05-01 01:47:07,28.7936363220215,-17.7390327453613,"Unknown"
"5020561",378674,2026-05-01 01:48:01,28.7936573028564,-17.739013671875,"Unknown"
"5020561",378674,2026-05-01 01:49:07,28.7937412261963,-17.7388248443604,"Unknown"
"5020561",378674,2026-05-01 01:50:33,28.7937965393066,-17.7388134002686,"Unknown"
"5020561",378674,2026-05-01 01:50:59,28.7938117980957,-17.7388172149658,"Unknown"
"5020561",378674,2026-05-01 01:51:59,28.7938652038574,-17.7388038635254,"Unknown"
"5020561",378674,2026-05-01 01:52:59,28.7939319610596,-17.7387447357178,"Unknown"
"5020561",378674,2026-05-01 01:53:59,28.7940063476562,-17.7386989593506,"Unknown"
"5020561",378674,2026-05-01 01:54:59,28.7940826416016,-17.7386703491211,"Unknown"
"5020561",378674,2026-05-01 01:55:59,28.7941436767578,-17.7386054992676,"Unknown"
"5020561",378674,2026-05-01 01:56:59,28.7940902709961,-17.738395690918,"Unknown"
"5020561",378674,2026-05-01 01:57:59,28.7939853668213,-17.7382736206055,"Unknown"
"5020561",378674,2026-05-01 01:58:59,28.793909072876,-17.7381629943848,"Unknown"
"5020561",378674,2026-05-01 01:59:59,28.7938804626465,-17.7381229400635,"Unknown"
"5020561",378674,2026-05-01 02:00:59,28.7938785552979,-17.7380924224854,"Unknown"
"5020561",378674,2026-05-01 02:01:59,28.7938251495361,-17.7380695343018,"Unknown"
"5020561",378674,2026-05-01 02:02:59,28.7938041687012,-17.73805809021,"Unknown"
"5020561",378674,2026-05-01 02:03:59,28.7938632965088,-17.7380409240723,"Unknown"
"5020561",378674,2026-05-01 02:04:59,28.7939147949219,-17.7380981445312,"Unknown"
"5020561",378674,2026-05-01 02:05:59,28.7939929962158,-17.7381229400635,"Unknown"
"5020561",378674,2026-05-01 02:06:59,28.7940673828125,-17.7381763458252,"Unknown"
"5020561",378674,2026-05-01 02:07:59,28.7941341400146,-17.7382030487061,"Unknown"
"5020561",378674,2026-05-01 02:08:59,28.7941837310791,-17.7382869720459,"Unknown"
"5020561",378674,2026-05-01 02:10:00,28.794246673584,-17.7382850646973,"Unknown"
"5020561",378674,2026-05-01 02:11:00,28.7943077087402,-17.7382278442383,"Unknown"
"5020561",378674,2026-05-01 02:11:59,28.7943344116211,-17.7382030487061,"Unknown"
"5020561",378674,2026-05-01 02:12:59,28.7944107055664,-17.7381896972656,"Unknown"
"5020561",378674,2026-05-01 02:13:59,28.7945156097412,-17.7382049560547,"Unknown"
"5020561",378674,2026-05-01 02:14:59,28.7945652008057,-17.738260269165,"Unknown"
"5020561",378674,2026-05-01 02:15:59,28.7946510314941,-17.7382984161377,"Unknown"
"5020561",378674,2026-05-01 02:16:59,28.7947158813477,-17.7383346557617,"Unknown"
"5020561",378674,2026-05-01 02:18:00,28.7947521209717,-17.7383613586426,"Unknown"
"5020561",378674,2026-05-01 02:18:59,28.7948112487793,-17.7383232116699,"Unknown"
"5020561",378674,2026-05-01 02:19:59,28.7948780059814,-17.7382564544678,"Unknown"
"5020561",378674,2026-05-01 02:20:59,28.7949657440186,-17.7381629943848,"Unknown"
"5020561",378674,2026-05-01 02:21:59,28.7950801849365,-17.7381439208984,"Unknown"
"5020561",378674,2026-05-01 02:22:59,28.7949485778809,-17.7386531829834,"Unknown"
"5020561",378674,2026-05-01 02:23:59,28.7950401306152,-17.7387466430664,"Unknown"
"5020561",378674,2026-05-01 02:24:59,28.7951164245605,-17.7388172149658,"Unknown"
"5020561",378674,2026-05-01 02:25:59,28.7951965332031,-17.7388458251953,"Unknown"
"5020561",378674,2026-05-01 02:26:59,28.7952747344971,-17.7388763427734,"Unknown"
"5020561",378674,2026-05-01 02:27:59,28.7953567504883,-17.7389183044434,"Unknown"
"5020561",378674,2026-05-01 02:28:59,28.7954368591309,-17.7389392852783,"Unknown"
"5020561",378674,2026-05-01 02:30:02,28.7954978942871,-17.7389659881592,"Unknown"
"5020561",378674,2026-05-01 02:31:00,28.7955589294434,-17.73899269104,"Unknown"
"5020561",378674,2026-05-01 02:31:59,28.7956428527832,-17.7390422821045,"Unknown"
"5020561",378674,2026-05-01 02:32:59,28.7957134246826,-17.7390480041504,"Unknown"
"5020561",378674,2026-05-01 02:33:59,28.7958202362061,-17.7390842437744,"Unknown"
"5020561",378674,2026-05-01 02:34:59,28.7959403991699,-17.7391395568848,"Unknown"
"5020561",378674,2026-05-01 02:36:00,28.7960033416748,-17.739164352417,"Unknown"
"5020561",378674,2026-05-01 02:36:59,28.7960796356201,-17.7390937805176,"Unknown"
"5020561",378674,2026-05-01 02:37:59,28.7961616516113,-17.7390155792236,"Unknown"
"5020561",378674,2026-05-01 02:38:59,28.796199798584,-17.7390060424805,"Unknown"
"5020561",378674,2026-05-01 02:39:59,28.7962703704834,-17.7390289306641,"Unknown"
"5020561",378674,2026-05-01 02:40:59,28.7964019775391,-17.7390327453613,"Unknown"
"5020561",378674,2026-05-01 02:41:59,28.7965030670166,-17.7389755249023,"Unknown"
"5020561",378674,2026-05-01 02:42:59,28.7965831756592,-17.7389831542969,"Unknown"
"5020561",378674,2026-05-01 02:43:59,28.7966957092285,-17.7389678955078,"Unknown"
"5020561",378674,2026-05-01 02:44:59,28.7968368530273,-17.7389545440674,"Unknown"
"5020561",378674,2026-05-01 02:45:59,28.796932220459,-17.7388916015625,"Unknown"
"5020561",378674,2026-05-01 02:46:59,28.7970199584961,-17.7388725280762,"Unknown"
"5020561",378674,2026-05-01 02:47:59,28.797082901001,-17.738883972168,"Unknown"
"5020561",378674,2026-05-01 02:48:59,28.79714012146,-17.7388763427734,"Unknown"
"5020561",378674,2026-05-01 02:49:59,28.79709815979,-17.7388095855713,"Unknown"
"5020561",378674,2026-05-01 02:50:59,28.7971515655518,-17.738826751709,"Unknown"
"5020561",378674,2026-05-01 02:51:59,28.7971954345703,-17.7388648986816,"Unknown"
"5020561",378674,2026-05-01 02:52:59,28.7973384857178,-17.7388515472412,"Unknown"
"5020561",378674,2026-05-01 02:53:59,28.7974586486816,-17.7388648986816,"Unknown"
"5020561",378674,2026-05-01 02:54:59,28.7975196838379,-17.7388591766357,"Unknown"
"5020561",378674,2026-05-01 02:55:59,28.7975845336914,-17.7388935089111,"Unknown"
"5020561",378674,2026-05-01 02:56:59,28.797700881958,-17.7389297485352,"Unknown"
"5020561",378674,2026-05-01 02:57:59,28.7978038787842,-17.7388877868652,"Unknown"
"5020561",378674,2026-05-01 02:59:00,28.7978248596191,-17.7391471862793,"Unknown"
"5020561",378674,2026-05-01 03:00:00,28.7934989929199,-17.7395458221436,"Unknown"
"5020561",378674,2026-05-01 03:00:59,28.7918910980225,-17.7396507263184,"Unknown"
"5020561",378674,2026-05-01 03:02:00,28.7919731140137,-17.7395992279053,"Unknown"
"5020561",378674,2026-05-01 03:03:00,28.792106628418,-17.7395896911621,"Unknown"
"5020561",378674,2026-05-01 03:04:00,28.7922229766846,-17.739574432373,"Unknown"
"5020561",378674,2026-05-01 03:05:00,28.7923488616943,-17.7395801544189,"Unknown"
"5020561",378674,2026-05-01 03:06:00,28.792444229126,-17.7395839691162,"Unknown"
"5020561",378674,2026-05-01 03:07:00,28.7925319671631,-17.7396049499512,"Unknown"
"5020561",378674,2026-05-01 03:07:59,28.7925834655762,-17.7395610809326,"Unknown"
"5020561",378674,2026-05-01 03:08:59,28.7926616668701,-17.7395687103271,"Unknown"
"5020561",378674,2026-05-01 03:10:00,28.7927398681641,-17.7395858764648,"Unknown"
"5020561",378674,2026-05-01 03:11:02,28.7895488739014,-17.7408657073975,"Unknown"
"5020561",378674,2026-05-01 03:12:00,28.7864894866943,-17.7418842315674,"Unknown"
"5020561",378674,2026-05-01 03:13:03,28.7863788604736,-17.7422637939453,"Unknown"
"5020561",378674,2026-05-01 03:14:03,28.7863426208496,-17.7423152923584,"Unknown"
"5020561",378674,2026-05-01 03:15:02,28.7863483428955,-17.7423648834229,"Unknown"
"5020561",378674,2026-05-01 03:16:03,28.7863502502441,-17.7423973083496,"Unknown"
"5020561",378674,2026-05-01 03:17:02,28.7863426208496,-17.7424201965332,"Unknown"
"5020561",378674,2026-05-01 03:18:00,28.7863693237305,-17.7424621582031,"Unknown"
"5020561",378674,2026-05-01 03:19:00,28.786319732666,-17.7424488067627,"Unknown"
"5020561",378674,2026-05-01 03:20:02,28.7862911224365,-17.7424240112305,"Unknown"
"5020561",378674,2026-05-01 03:21:00,28.7862968444824,-17.7424163818359,"Unknown"
"5020561",378674,2026-05-01 03:22:00,28.7862453460693,-17.742395401001,"Unknown"
"5020561",378674,2026-05-01 03:23:03,28.7862281799316,-17.742395401001,"Unknown"
"5020561",378674,2026-05-01 03:23:59,28.7862110137939,-17.7423076629639,"Unknown"
"5020561",378674,2026-05-01 03:25:00,28.786190032959,-17.7422904968262,"Unknown"
"5020561",378674,2026-05-01 03:26:00,28.7861766815186,-17.7422962188721,"Unknown"
"5020561",378674,2026-05-01 03:27:00,28.786169052124,-17.742374420166,"Unknown"
"5020561",378674,2026-05-01 03:28:01,28.7861709594727,-17.7424087524414,"Unknown"
"5020561",378674,2026-05-01 03:28:59,28.7862167358398,-17.74245262146,"Unknown"
"5020561",378674,2026-05-01 03:30:00,28.7862319946289,-17.7424087524414,"Unknown"
"5020561",378674,2026-05-01 03:31:00,28.7862682342529,-17.7424507141113,"Unknown"
"5020561",378674,2026-05-01 03:31:59,28.7863216400146,-17.7425537109375,"Unknown"
"5020561",378674,2026-05-01 03:33:00,28.786304473877,-17.7425174713135,"Unknown"
"5020561",378674,2026-05-01 03:33:59,28.7863445281982,-17.7425556182861,"Unknown"
"5020561",378674,2026-05-01 03:35:01,28.7863464355469,-17.7425785064697,"Unknown"
"5020561",378674,2026-05-01 03:35:59,28.7863616943359,-17.7425899505615,"Unknown"
"5020561",378674,2026-05-01 03:36:59,28.7863807678223,-17.7425975799561,"Unknown"
"5020561",378674,2026-05-01 03:38:00,28.7863845825195,-17.7425861358643,"Unknown"
"5020561",378674,2026-05-01 03:39:00,28.7864646911621,-17.7426605224609,"Unknown"
"5020561",378674,2026-05-01 03:40:00,28.786470413208,-17.7425918579102,"Unknown"
"5020561",378674,2026-05-01 03:40:59,28.7864990234375,-17.7425994873047,"Unknown"
"5020561",378674,2026-05-01 03:42:00,28.7865238189697,-17.742618560791,"Unknown"
"5020561",378674,2026-05-01 03:43:01,28.7865791320801,-17.7426834106445,"Unknown"
"5020561",378674,2026-05-01 03:44:00,28.7865715026855,-17.7426223754883,"Unknown"
"5020561",378674,2026-05-01 03:45:01,28.7866058349609,-17.7425556182861,"Unknown"
"5020561",378674,2026-05-01 03:46:01,28.7865867614746,-17.7425346374512,"Unknown"
"5020561",378674,2026-05-01 03:47:00,28.786563873291,-17.7425136566162,"Unknown"
"5020561",378674,2026-05-01 03:48:02,28.7865657806396,-17.7425575256348,"Unknown"
"5020561",378674,2026-05-01 03:49:00,28.786563873291,-17.7425689697266,"Unknown"
"5020561",378674,2026-05-01 03:50:00,28.7865886688232,-17.742582321167,"Unknown"
"5020561",378674,2026-05-01 03:51:00,28.7866039276123,-17.7425937652588,"Unknown"
"5020561",378674,2026-05-01 03:52:00,28.78662109375,-17.7426414489746,"Unknown"
"5020561",378674,2026-05-01 03:53:00,28.7866249084473,-17.742639541626,"Unknown"
"5020561",378674,2026-05-01 03:54:00,28.7866458892822,-17.7426929473877,"Unknown"
"5020561",378674,2026-05-01 03:55:00,28.786657333374,-17.7427349090576,"Unknown"
"5020561",378674,2026-05-01 03:56:00,28.7866954803467,-17.7427864074707,"Unknown"
"5020561",378674,2026-05-01 03:57:00,28.7867031097412,-17.7427635192871,"Unknown"
"5020561",378674,2026-05-01 03:58:00,28.7866954803467,-17.7427577972412,"Unknown"
"5020561",378674,2026-05-01 03:59:00,28.7866458892822,-17.7427501678467,"Unknown"
"5020561",378674,2026-05-01 04:00:32,28.7866058349609,-17.7427558898926,"Unknown"
"5020561",378674,2026-05-01 04:00:59,28.7865943908691,-17.7427825927734,"Unknown"
"5020561",378674,2026-05-01 04:11:00,28.7867336273193,-17.743314743042,"Unknown"
"5020561",378674,2026-05-01 04:12:00,28.7867641448975,-17.7433853149414,"Unknown"
"5020561",378674,2026-05-01 04:13:00,28.7867889404297,-17.7433757781982,"Unknown"
"5020561",378674,2026-05-01 04:14:00,28.7868061065674,-17.7434463500977,"Unknown"
"5020561",378674,2026-05-01 04:15:00,28.7868099212646,-17.7435474395752,"Unknown"
"5020561",378674,2026-05-01 04:16:00,28.7868366241455,-17.7436027526855,"Unknown"
"5020561",378674,2026-05-01 04:16:59,28.7868499755859,-17.7436828613281,"Unknown"
"5020561",378674,2026-05-01 04:18:00,28.78688621521,-17.7437515258789,"Unknown"
"5020561",378674,2026-05-01 04:19:00,28.7869300842285,-17.7438526153564,"Unknown"
"5020561",378674,2026-05-01 04:19:59,28.7868633270264,-17.7439002990723,"Unknown"
"5020561",378674,2026-05-01 04:21:00,28.78684425354,-17.7439575195312,"Unknown"
"5020561",378674,2026-05-01 04:22:00,28.7868385314941,-17.744047164917,"Unknown"
"5020561",378674,2026-05-01 04:32:00,28.7865505218506,-17.7444343566895,"Unknown"
"5020561",378674,2026-05-01 04:33:00,28.7864685058594,-17.7444553375244,"Unknown"
"5020561",378674,2026-05-01 04:43:01,28.786584854126,-17.7445659637451,"Unknown"
"5020561",378674,2026-05-01 04:43:59,28.7866706848145,-17.7446327209473,"Unknown"
"5020561",378674,2026-05-01 04:54:01,28.7870388031006,-17.745059967041,"Unknown"
"5020561",378674,2026-05-01 05:04:00,28.786958694458,-17.7450313568115,"Unknown"
"5020561",378674,2026-05-01 05:14:01,28.78688621521,-17.7453060150146,"Unknown"
"5020561",378674,2026-05-01 05:15:00,28.7868404388428,-17.7453212738037,"Unknown"
"5020561",378674,2026-05-01 05:16:01,28.7841758728027,-17.7457599639893,"Unknown"
"5020561",378674,2026-05-01 05:26:00,28.7826328277588,-17.7424964904785,"Unknown"
"5020561",378674,2026-05-01 05:27:01,28.7827682495117,-17.7425003051758,"Unknown"
"5020561",378674,2026-05-01 05:28:00,28.7831802368164,-17.741060256958,"Unknown"
"5020561",378674,2026-05-01 05:38:33,28.782901763916,-17.7371273040771,"Unknown"
"5020561",378674,2026-05-01 05:48:00,28.7840385437012,-17.714469909668,"Unknown"
"5020561",378674,2026-05-01 05:57:59,28.7847728729248,-17.7149505615234,"Unknown"
"5020561",378674,2026-05-01 06:07:59,28.7800846099854,-17.67897605896,"Unknown"
"5020561",378674,2026-05-01 06:18:01,28.7779445648193,-17.6251087188721,"Unknown"
"5020561",378674,2026-05-01 06:28:00,28.7673301696777,-17.5730724334717,"Unknown"
"5020561",378674,2026-05-01 06:38:02,28.7506465911865,-17.5241622924805,"Unknown"
"5020561",378674,2026-05-01 06:48:00,28.7300033569336,-17.4727516174316,"Unknown"
"5020561",378674,2026-05-01 06:58:01,28.7083854675293,-17.4200897216797,"Unknown"
"5020561",378674,2026-05-01 07:08:00,28.6693477630615,-17.3819103240967,"Unknown"
"5020561",378674,2026-05-01 07:12:59,28.6510124206543,-17.3616619110107,"Unknown"
"5020561",378674,2026-05-01 07:23:01,28.6298332214355,-17.3083515167236,"Unknown"
"5020561",378674,2026-05-01 07:28:00,28.605806350708,-17.2918128967285,"Unknown"
"5020561",378674,2026-05-01 07:33:04,28.5807666778564,-17.2772026062012,"Unknown"
"5020561",378674,2026-05-01 07:38:02,28.5640640258789,-17.2721157073975,"Unknown"
"5020561",378674,2026-05-01 07:43:01,28.572681427002,-17.2688865661621,"Unknown"
"5020561",378674,2026-05-01 07:48:00,28.5791816711426,-17.2700271606445,"Unknown"
"5020561",378674,2026-05-01 07:53:33,28.5836162567139,-17.2711944580078,"Unknown"
"5020561",378674,2026-05-01 07:58:00,28.5832595825195,-17.2716617584229,"Unknown"
"5020561",378674,2026-05-01 08:02:59,28.5828685760498,-17.2721900939941,"Unknown"
"5020561",378674,2026-05-01 08:08:00,28.5825786590576,-17.2726631164551,"Unknown"
"5020561",378674,2026-05-01 08:12:59,28.5822410583496,-17.2731838226318,"Unknown"
"5020561",378674,2026-05-01 08:18:02,28.5839176177979,-17.2696647644043,"Unknown"
"5020561",378674,2026-05-01 08:22:59,28.5669078826904,-17.2558403015137,"Unknown"
"5020561",378674,2026-05-01 08:27:59,28.5566024780273,-17.2501125335693,"Unknown"
"5020561",378674,2026-05-01 08:33:01,28.5402374267578,-17.2303314208984,"Unknown"
"5020561",378674,2026-05-01 08:38:02,28.5125465393066,-17.233549118042,"Unknown"
"5020561",378674,2026-05-01 08:43:00,28.4837417602539,-17.2408981323242,"Unknown"
"5020561",378674,2026-05-01 08:48:02,28.462100982666,-17.2345371246338,"Unknown"
"5020561",378674,2026-05-01 08:53:12,28.44482421875,-17.2408275604248,"Unknown"
"5020561",378674,2026-05-01 08:57:59,28.4303684234619,-17.2357559204102,"Unknown"
"5020561",378674,2026-05-01 09:02:59,28.4270725250244,-17.2320671081543,"Unknown"
"5020561",378674,2026-05-01 09:08:00,28.4233798980713,-17.2270545959473,"Unknown"
"5020561",378674,2026-05-01 09:13:05,28.4188537597656,-17.2249774932861,"Unknown"
"5020561",378674,2026-05-01 09:18:01,28.4162921905518,-17.2218570709229,"Unknown"
"5020561",378674,2026-05-01 09:22:59,28.4134292602539,-17.2173767089844,"Unknown"
"5020561",378674,2026-05-01 09:28:00,28.4099674224854,-17.2147159576416,"Unknown"
"5020561",378674,2026-05-01 09:33:02,28.4058456420898,-17.2111644744873,"Unknown"
"5020561",378674,2026-05-01 09:38:01,28.4022979736328,-17.2090759277344,"Unknown"
"5020561",378674,2026-05-01 09:44:00,28.3990497589111,-17.2073860168457,"Unknown"
"5020561",378674,2026-05-01 09:48:57,28.3980579376221,-17.1990756988525,"Unknown"
"5020561",378674,2026-05-01 09:53:58,28.3949298858643,-17.1951484680176,"Unknown"
"5020561",378674,2026-05-01 09:59:00,28.3931617736816,-17.1921119689941,"Unknown"
"5020561",378674,2026-05-01 10:04:26,28.3923854827881,-17.186164855957,"Unknown"
"5020561",378674,2026-05-01 10:08:58,28.3877086639404,-17.1831474304199,"Unknown"
"5020561",378674,2026-05-01 10:13:58,28.3871173858643,-17.1790447235107,"Unknown"
"5020561",378674,2026-05-01 10:18:59,28.3797512054443,-17.1769390106201,"Unknown"
"5020561",378674,2026-05-01 10:24:00,28.3748779296875,-17.1718044281006,"Unknown"
"5020561",378674,2026-05-01 10:28:59,28.3712463378906,-17.1679458618164,"Unknown"
"5020561",378674,2026-05-01 10:34:01,28.3686828613281,-17.164758682251,"Unknown"
"5020561",378674,2026-05-01 10:38:57,28.365795135498,-17.1629028320312,"Unknown"
"5020561",378674,2026-05-01 10:43:58,28.362922668457,-17.1575222015381,"Unknown"
"5020561",378674,2026-05-01 10:48:58,28.3596839904785,-17.1541328430176,"Unknown"
"5020561",378674,2026-05-01 10:53:58,28.3569164276123,-17.1510276794434,"Unknown"
"5020561",378674,2026-05-01 10:58:58,28.3534603118896,-17.1469402313232,"Unknown"
"5020561",378674,2026-05-01 11:04:00,28.3523178100586,-17.1438312530518,"Unknown"
"5020561",378674,2026-05-01 11:08:59,28.3502941131592,-17.1408557891846,"Unknown"
"5020561",378674,2026-05-01 11:13:58,28.3476047515869,-17.1394081115723,"Unknown"
"5020561",378674,2026-05-01 11:18:57,28.3468933105469,-17.1345176696777,"Unknown"
"5020561",378674,2026-05-01 11:24:00,28.3441104888916,-17.1321582794189,"Unknown"
"5020561",378674,2026-05-01 11:29:00,28.3449935913086,-17.1324634552002,"Unknown"
"5020561",378674,2026-05-01 11:33:58,28.3438816070557,-17.1226749420166,"Unknown"
"5020561",378674,2026-05-01 11:39:00,28.3435077667236,-17.1147499084473,"Unknown"
"5020561",378674,2026-05-01 11:43:58,28.3438663482666,-17.1102275848389,"Unknown"
"5020561",378674,2026-05-01 11:49:00,28.3439445495605,-17.1079044342041,"Unknown"
"5020561",378674,2026-05-01 11:54:01,28.3408508300781,-17.0972366333008,"Unknown"
"5020561",378674,2026-05-01 11:59:07,28.3398170471191,-17.0950775146484,"Unknown"
"5020561",378674,2026-05-01 12:04:01,28.3322792053223,-17.0893859863281,"Unknown"
"5020561",378674,2026-05-01 12:09:27,28.3275585174561,-17.0903301239014,"Unknown"
"5020561",378674,2026-05-01 12:13:58,28.3226070404053,-17.0875129699707,"Unknown"
"5020561",378674,2026-05-01 12:19:04,28.3178997039795,-17.0829257965088,"Unknown"
"5020561",378674,2026-05-01 12:24:03,28.3215255737305,-17.0808200836182,"Unknown"
"5020561",378674,2026-05-01 12:29:00,28.318416595459,-17.0767040252686,"Unknown"
"5020561",378674,2026-05-01 12:34:00,28.3116416931152,-17.0734004974365,"Unknown"
"5020561",378674,2026-05-01 12:39:00,28.3117980957031,-17.0720348358154,"Unknown"
"5020561",378674,2026-05-01 12:44:00,28.3021621704102,-17.0735416412354,"Unknown"
"5020561",378674,2026-05-01 12:49:00,28.3027210235596,-17.0738143920898,"Unknown"
"5020561",378674,2026-05-01 12:54:00,28.3032417297363,-17.0738410949707,"Unknown"
"5020561",378674,2026-05-01 12:59:04,28.303825378418,-17.0737819671631,"Unknown"
"5020561",378674,2026-05-01 13:04:01,28.304407119751,-17.0736961364746,"Unknown"
"5020561",378674,2026-05-01 13:09:02,28.3051414489746,-17.07350730896,"Unknown"
"5020561",378674,2026-05-01 13:14:27,28.3058471679688,-17.0734424591064,"Unknown"
"5020561",378674,2026-05-01 13:18:59,28.3063621520996,-17.0733623504639,"Unknown"
"5020561",378674,2026-05-01 13:23:59,28.3069667816162,-17.0731925964355,"Unknown"
"5020561",378674,2026-05-01 13:29:00,28.3075695037842,-17.0730686187744,"Unknown"
"5020561",378674,2026-05-01 13:34:00,28.3081836700439,-17.0728492736816,"Unknown"
"5020561",378674,2026-05-01 13:39:06,28.30859375,-17.0726451873779,"Unknown"
"5020561",378674,2026-05-01 13:44:06,28.3090991973877,-17.0723171234131,"Unknown"
"5020561",378674,2026-05-01 13:49:33,28.3095989227295,-17.0720558166504,"Unknown"
"5020561",378674,2026-05-01 13:54:04,28.3100280761719,-17.071849822998,"Unknown"
"5020561",378674,2026-05-01 13:59:07,28.3105430603027,-17.0716743469238,"Unknown"
"5020561",378674,2026-05-01 14:04:04,28.3089504241943,-17.0697250366211,"Unknown"
"5020561",378674,2026-05-01 14:09:07,28.309326171875,-17.0693817138672,"Unknown"
"5020561",378674,2026-05-01 14:14:04,28.3096771240234,-17.0690689086914,"Unknown"
"5020561",378674,2026-05-01 14:19:05,28.310001373291,-17.0686168670654,"Unknown"
"5020561",378674,2026-05-01 14:24:04,28.3103275299072,-17.0680522918701,"Unknown"
"5020561",378674,2026-05-01 14:29:06,28.3105945587158,-17.067533493042,"Unknown"
"5020561",378674,2026-05-01 14:34:03,28.3108100891113,-17.0670280456543,"Unknown"
"5020561",378674,2026-05-01 14:39:06,28.310998916626,-17.0664196014404,"Unknown"
"5020561",378674,2026-05-01 14:44:04,28.3112106323242,-17.0658893585205,"Unknown"
"5020561",378674,2026-05-01 14:49:06,28.3113842010498,-17.065408706665,"Unknown"
"5020561",378674,2026-05-01 14:54:06,28.3116683959961,-17.064962387085,"Unknown"
"5020561",378674,2026-05-01 14:59:04,28.3118762969971,-17.0645236968994,"Unknown"
"5020561",378674,2026-05-01 15:04:06,28.3121089935303,-17.064022064209,"Unknown"
"5020561",378674,2026-05-01 15:09:06,28.3124008178711,-17.0635108947754,"Unknown"
"5020561",378674,2026-05-01 15:14:47,28.3125591278076,-17.0727615356445,"Unknown"
"5020561",378674,2026-05-01 15:19:04,28.3139743804932,-17.0725116729736,"Unknown"
"5020561",378674,2026-05-01 15:24:07,28.321741104126,-17.0775947570801,"Unknown"
"5020561",378674,2026-05-01 15:29:03,28.3224086761475,-17.0771427154541,"Unknown"
"5020561",378674,2026-05-01 15:34:04,28.3301315307617,-17.0788459777832,"Unknown"
"5020561",378674,2026-05-01 15:39:06,28.3313636779785,-17.07834815979,"Unknown"
"5020561",378674,2026-05-01 15:44:04,28.3351955413818,-17.0787658691406,"Unknown"
"5020561",378674,2026-05-01 15:49:06,28.3418292999268,-17.0865707397461,"Unknown"
"5020561",378674,2026-05-01 15:54:05,28.3636913299561,-17.1175746917725,"Unknown"
"5020561",378674,2026-05-01 15:59:33,28.3916893005371,-17.1427249908447,"Unknown"
"5020561",378674,2026-05-01 16:04:06,28.4099712371826,-17.1642436981201,"Unknown"
"5020561",378674,2026-05-01 16:09:06,28.4274559020996,-17.1875858306885,"Unknown"
"5020561",378674,2026-05-01 16:14:05,28.4281044006348,-17.1882057189941,"Unknown"
"5020561",378674,2026-05-01 16:19:07,28.4371376037598,-17.1993389129639,"Unknown"
"5020561",378674,2026-05-01 16:24:06,28.4546890258789,-17.2213687896729,"Unknown"
"5020561",378674,2026-05-01 16:29:05,28.4818496704102,-17.2399883270264,"Unknown"
"5020561",378674,2026-05-01 16:34:06,28.5084915161133,-17.2562713623047,"Unknown"
"5020561",378674,2026-05-01 16:39:05,28.5372428894043,-17.2677631378174,"Unknown"
"5020561",378674,2026-05-01 16:44:04,28.5687351226807,-17.2801113128662,"Unknown"
"5020561",378674,2026-05-01 16:49:05,28.572114944458,-17.2822036743164,"Unknown"
"5020561",378674,2026-05-01 16:54:17,28.5734176635742,-17.2853412628174,"Unknown"
"5020561",378674,2026-05-01 16:59:07,28.5723114013672,-17.2899646759033,"Unknown"
"5020561",378674,2026-05-01 17:04:33,28.5715274810791,-17.2925186157227,"Unknown"
"5020561",378674,2026-05-01 17:09:05,28.5716495513916,-17.2924118041992,"Unknown"
"5020561",378674,2026-05-01 17:14:05,28.5880146026611,-17.3107681274414,"Unknown"
"5020561",378674,2026-05-01 17:19:05,28.5847930908203,-17.3302364349365,"Unknown"
"5020561",378674,2026-05-01 17:24:05,28.58229637146,-17.3334980010986,"Unknown"
"5020561",378674,2026-05-01 17:29:05,28.5783843994141,-17.3317127227783,"Unknown"
"5020561",378674,2026-05-01 17:34:05,28.5772228240967,-17.3279266357422,"Unknown"
"5020561",378674,2026-05-01 17:39:05,28.5765056610107,-17.3268260955811,"Unknown"
"5020561",378674,2026-05-01 17:44:05,28.5749702453613,-17.328577041626,"Unknown"
"5020561",378674,2026-05-01 17:49:06,28.5720558166504,-17.331563949585,"Unknown"
"5020561",378674,2026-05-01 17:54:05,28.5703392028809,-17.3345680236816,"Unknown"
"5020561",378674,2026-05-01 17:59:05,28.5679779052734,-17.3361015319824,"Unknown"
"5020561",378674,2026-05-01 18:05:30,28.5638046264648,-17.3408145904541,"Unknown"
"5020561",378674,2026-05-01 18:10:30,28.5622138977051,-17.3433208465576,"Unknown"
"5020561",378674,2026-05-01 18:14:05,28.5593147277832,-17.3456363677979,"Unknown"
"5020561",378674,2026-05-01 18:19:05,28.555061340332,-17.3465137481689,"Unknown"
"5020561",378674,2026-05-01 18:24:05,28.5492420196533,-17.3524112701416,"Unknown"
"5020561",378674,2026-05-01 18:29:05,28.5459022521973,-17.3509902954102,"Unknown"
"5020561",378674,2026-05-01 18:34:23,28.5400066375732,-17.3553104400635,"Unknown"
"5020561",378674,2026-05-01 18:39:06,28.5354118347168,-17.3588733673096,"Unknown"
"5020561",378674,2026-05-01 18:44:04,28.5356178283691,-17.3583583831787,"Unknown"
"5020561",378674,2026-05-01 18:49:04,28.5452728271484,-17.3648586273193,"Unknown"
"5020561",378674,2026-05-01 18:54:05,28.5690631866455,-17.3899707794189,"Unknown"
"5020561",378674,2026-05-01 18:59:06,28.5884590148926,-17.417667388916,"Unknown"
"5020561",378674,2026-05-01 19:04:05,28.61008644104,-17.444652557373,"Unknown"
"5020561",378674,2026-05-01 19:09:04,28.6302013397217,-17.4724884033203,"Unknown"
"5020561",378674,2026-05-01 19:14:07,28.6527462005615,-17.4995727539062,"Unknown"
"5020561",378674,2026-05-01 19:19:07,28.6712951660156,-17.5268383026123,"Unknown"
"5020561",378674,2026-05-01 19:24:05,28.6790199279785,-17.538028717041,"Unknown"
"5020561",378674,2026-05-01 19:29:05,28.6739501953125,-17.532299041748,"Unknown"
"5020561",378674,2026-05-01 19:34:05,28.6700325012207,-17.5284461975098,"Unknown"
"5020561",378674,2026-05-01 19:39:05,28.6682472229004,-17.5246295928955,"Unknown"
"5020561",378674,2026-05-01 19:44:07,28.66432762146,-17.5221004486084,"Unknown"
"5020561",378674,2026-05-01 19:49:05,28.6668891906738,-17.5373821258545,"Unknown"
"5020561",378674,2026-05-01 19:54:06,28.6791248321533,-17.5718746185303,"Unknown"
"5020561",378674,2026-05-01 19:59:06,28.6871814727783,-17.6064224243164,"Unknown"
"5020561",378674,2026-05-01 20:04:04,28.6912689208984,-17.6408996582031,"Unknown"
"5020561",378674,2026-05-01 20:09:51,28.6962852478027,-17.6815147399902,"Unknown"
"5020561",378674,2026-05-01 20:14:06,28.7112655639648,-17.7032051086426,"Unknown"
"5020561",378674,2026-05-01 20:19:33,28.7196445465088,-17.7155113220215,"Unknown"
"5020561",378674,2026-05-01 20:24:05,28.7196140289307,-17.7156143188477,"Unknown"
"5020561",378674,2026-05-01 20:29:05,28.7195835113525,-17.7157325744629,"Unknown"
"5020561",378674,2026-05-01 20:34:05,28.7195663452148,-17.7159671783447,"Unknown"
"5020561",378674,2026-05-01 20:39:05,28.7193336486816,-17.7162437438965,"Unknown"
"5020561",378674,2026-05-01 20:44:05,28.7192344665527,-17.7163009643555,"Unknown"
"5020561",378674,2026-05-01 20:49:07,28.7192916870117,-17.7163677215576,"Unknown"
"5020561",378674,2026-05-01 20:54:05,28.7194900512695,-17.7165851593018,"Unknown"
"5020561",378674,2026-05-01 20:59:07,28.719612121582,-17.7167930603027,"Unknown"
"5020561",378674,2026-05-01 21:04:07,28.7273902893066,-17.7220249176025,"Unknown"
"5020561",378674,2026-05-01 21:09:07,28.7277412414551,-17.7215328216553,"Unknown"
"5020561",378674,2026-05-01 21:14:05,28.7278938293457,-17.721004486084,"Unknown"
"5020561",378674,2026-05-01 21:19:07,28.727991104126,-17.7203350067139,"Unknown"
"5020561",378674,2026-05-01 21:24:08,28.7280693054199,-17.7197494506836,"Unknown"
"5020561",378674,2026-05-01 21:29:05,28.7282428741455,-17.719066619873,"Unknown"
"5020561",378674,2026-05-01 21:34:05,28.7283897399902,-17.7183494567871,"Unknown"
"5020561",378674,2026-05-01 21:39:06,28.7286968231201,-17.7176189422607,"Unknown"
"5020561",378674,2026-05-01 21:44:07,28.7288341522217,-17.7168827056885,"Unknown"
"5020561",378674,2026-05-01 21:49:07,28.7321071624756,-17.7150974273682,"Unknown"
"5020561",378674,2026-05-01 21:54:05,28.7454833984375,-17.7178268432617,"Unknown"
"5020561",378674,2026-05-01 21:59:07,28.7640724182129,-17.7324142456055,"Unknown"
"5020561",378674,2026-05-01 22:04:05,28.7694206237793,-17.7254981994629,"Unknown"
"5020561",378674,2026-05-01 22:05:05,28.7694320678711,-17.7254543304443,"Unknown"
"5020561",378674,2026-05-01 22:06:07,28.769437789917,-17.7254486083984,"Unknown"
"5020561",378674,2026-05-01 22:07:05,28.7694206237793,-17.7254467010498,"Unknown"
"5020561",378674,2026-05-01 22:08:05,28.7694149017334,-17.7254428863525,"Unknown"
"5020561",378674,2026-05-01 22:09:05,28.7694244384766,-17.7254695892334,"Unknown"
"5020561",378674,2026-05-01 22:10:05,28.7694301605225,-17.7254371643066,"Unknown"
"5020561",378674,2026-05-01 22:11:05,28.7694396972656,-17.7254390716553,"Unknown"
"5020561",378674,2026-05-01 22:12:05,28.7688579559326,-17.7264232635498,"Unknown"
"5020561",378674,2026-05-01 22:13:05,28.769811630249,-17.7281475067139,"Unknown"
"5020561",378674,2026-05-01 22:14:06,28.7699165344238,-17.7280750274658,"Unknown"
"5020561",378674,2026-05-01 22:15:06,28.7700080871582,-17.7280197143555,"Unknown"
"5020561",378674,2026-05-01 22:16:05,28.7701072692871,-17.7279968261719,"Unknown"
"5020561",378674,2026-05-01 22:17:05,28.7701854705811,-17.7279205322266,"Unknown"
"5020561",378674,2026-05-01 22:18:07,28.770263671875,-17.7278575897217,"Unknown"
"5020561",378674,2026-05-01 22:19:07,28.7703762054443,-17.7278881072998,"Unknown"
"5020561",378674,2026-05-01 22:20:05,28.770471572876,-17.727855682373,"Unknown"
"5020561",378674,2026-05-01 22:21:05,28.7705574035645,-17.727783203125,"Unknown"
"5020561",378674,2026-05-01 22:22:05,28.7706394195557,-17.7277240753174,"Unknown"
"5020561",378674,2026-05-01 22:23:05,28.7707500457764,-17.7276344299316,"Unknown"
"5020561",378674,2026-05-01 22:24:05,28.7708759307861,-17.7275810241699,"Unknown"
"5020561",378674,2026-05-01 22:25:05,28.77099609375,-17.7275409698486,"Unknown"
"5020561",378674,2026-05-01 22:26:05,28.7711086273193,-17.727481842041,"Unknown"
"5020561",378674,2026-05-01 22:27:05,28.7712173461914,-17.7274494171143,"Unknown"
"5020561",378674,2026-05-01 22:28:05,28.771297454834,-17.7274742126465,"Unknown"
"5020561",378674,2026-05-01 22:29:05,28.7713832855225,-17.7275218963623,"Unknown"
"5020561",378674,2026-05-01 22:30:05,28.7715148925781,-17.7274951934814,"Unknown"
"5020561",378674,2026-05-01 22:31:06,28.7716236114502,-17.7275218963623,"Unknown"
"5020561",378674,2026-05-01 22:32:05,28.7717552185059,-17.727502822876,"Unknown"
"5020561",378674,2026-05-01 22:33:05,28.7718906402588,-17.7275352478027,"Unknown"
"5020561",378674,2026-05-01 22:34:05,28.772008895874,-17.7274990081787,"Unknown"
"5020561",378674,2026-05-01 22:35:05,28.7721576690674,-17.7274684906006,"Unknown"
"5020561",378674,2026-05-01 22:36:05,28.7722930908203,-17.7274608612061,"Unknown"
"5020561",378674,2026-05-01 22:37:05,28.7724361419678,-17.7274570465088,"Unknown"
"5020561",378674,2026-05-01 22:38:05,28.7725791931152,-17.7274761199951,"Unknown"
"5020561",378674,2026-05-01 22:39:06,28.7727432250977,-17.7274417877197,"Unknown"
"5020561",378674,2026-05-01 22:40:05,28.7728824615479,-17.727445602417,"Unknown"
"5020561",378674,2026-05-01 22:41:05,28.7730159759521,-17.7274303436279,"Unknown"
"5020561",378674,2026-05-01 22:42:05,28.7731666564941,-17.7273292541504,"Unknown"
"5020561",378674,2026-05-01 22:43:05,28.7732810974121,-17.7273635864258,"Unknown"
"5020561",378674,2026-05-01 22:44:05,28.773401260376,-17.7274112701416,"Unknown"
"5020561",378674,2026-05-01 22:45:05,28.7732563018799,-17.7307624816895,"Unknown"
"5020561",378674,2026-05-01 22:46:05,28.7719173431396,-17.736385345459,"Unknown"
"5020561",378674,2026-05-01 22:47:05,28.7719058990479,-17.7346858978271,"Unknown"
"5020561",378674,2026-05-01 22:48:05,28.77561378479,-17.736421585083,"Unknown"
"5020561",378674,2026-05-01 22:49:05,28.7780704498291,-17.7358837127686,"Unknown"
"5020561",378674,2026-05-01 22:50:05,28.7779560089111,-17.7359199523926,"Unknown"
"5020561",378674,2026-05-01 22:51:07,28.7779960632324,-17.7359313964844,"Unknown"
"5020561",378674,2026-05-01 22:52:05,28.7780208587646,-17.7358722686768,"Unknown"
"5020561",378674,2026-05-01 22:53:05,28.7780857086182,-17.7358455657959,"Unknown"
"5020561",378674,2026-05-01 22:54:05,28.7781295776367,-17.7357940673828,"Unknown"
"5020561",378674,2026-05-01 22:55:05,28.7781562805176,-17.7357635498047,"Unknown"
"5020561",378674,2026-05-01 22:56:06,28.7782211303711,-17.7356777191162,"Unknown"
"5020561",378674,2026-05-01 22:57:05,28.7782363891602,-17.7356014251709,"Unknown"
"5020561",378674,2026-05-01 22:58:05,28.7782802581787,-17.7355613708496,"Unknown"
"5020561",378674,2026-05-01 22:59:07,28.7783603668213,-17.7354545593262,"Unknown"
"5020561",378674,2026-05-01 23:00:06,28.7784271240234,-17.735372543335,"Unknown"
"5020561",378674,2026-05-01 23:01:06,28.7785263061523,-17.7353134155273,"Unknown"
"5020561",378674,2026-05-01 23:02:06,28.7786178588867,-17.7351589202881,"Unknown"
"5020561",378674,2026-05-01 23:03:06,28.7786102294922,-17.7350845336914,"Unknown"
"5020561",378674,2026-05-01 23:04:06,28.778678894043,-17.7348957061768,"Unknown"
"5020561",378674,2026-05-01 23:05:33,28.7787628173828,-17.7346878051758,"Unknown"
"5020561",378674,2026-05-01 23:06:05,28.7788028717041,-17.7346515655518,"Unknown"
"5020561",378674,2026-05-01 23:07:05,28.7788696289062,-17.7344913482666,"Unknown"
"5020561",378674,2026-05-01 23:08:06,28.7789554595947,-17.7343692779541,"Unknown"
"5020561",378674,2026-05-01 23:09:05,28.7790222167969,-17.7342262268066,"Unknown"
"5020561",378674,2026-05-01 23:10:05,28.7790431976318,-17.7340908050537,"Unknown"
"5020561",378674,2026-05-01 23:11:05,28.7790393829346,-17.7339534759521,"Unknown"
"5020561",378674,2026-05-01 23:12:05,28.77907371521,-17.7338809967041,"Unknown"
"5020561",378674,2026-05-01 23:13:05,28.7791061401367,-17.7337665557861,"Unknown"
"5020561",378674,2026-05-01 23:14:05,28.7791156768799,-17.7336025238037,"Unknown"
"5020561",378674,2026-05-01 23:15:05,28.779167175293,-17.7334899902344,"Unknown"
"5020561",378674,2026-05-01 23:16:05,28.7792282104492,-17.7333526611328,"Unknown"
"5020561",378674,2026-05-01 23:17:05,28.7792854309082,-17.7332305908203,"Unknown"
"5020561",378674,2026-05-01 23:18:05,28.779333114624,-17.7331066131592,"Unknown"
"5020561",378674,2026-05-01 23:19:05,28.779354095459,-17.7329940795898,"Unknown"
"5020561",378674,2026-05-01 23:20:05,28.7793998718262,-17.7328701019287,"Unknown"
"5020561",378674,2026-05-01 23:21:05,28.7794094085693,-17.7327404022217,"Unknown"
"5020561",378674,2026-05-01 23:22:05,28.7794551849365,-17.7326469421387,"Unknown"
"5020561",378674,2026-05-01 23:23:05,28.7795467376709,-17.7325477600098,"Unknown"
"5020561",378674,2026-05-01 23:24:05,28.7796249389648,-17.7324390411377,"Unknown"
"5020561",378674,2026-05-01 23:25:05,28.7796726226807,-17.7323532104492,"Unknown"
"5020561",378674,2026-05-01 23:26:07,28.7797183990479,-17.7322330474854,"Unknown"
"5020561",378674,2026-05-01 23:27:05,28.7797508239746,-17.7321014404297,"Unknown"
"5020561",378674,2026-05-01 23:28:05,28.7797756195068,-17.7319641113281,"Unknown"
"5020561",378674,2026-05-01 23:29:05,28.7798004150391,-17.7318420410156,"Unknown"
"5020561",378674,2026-05-01 23:30:05,28.7798519134521,-17.7316875457764,"Unknown"
"5020561",378674,2026-05-01 23:31:05,28.7798671722412,-17.7315635681152,"Unknown"
"5020561",378674,2026-05-01 23:32:05,28.7798767089844,-17.7314205169678,"Unknown"
"5020561",378674,2026-05-01 23:33:05,28.779842376709,-17.731294631958,"Unknown"
"5020561",378674,2026-05-01 23:34:05,28.7798366546631,-17.7311973571777,"Unknown"
"5020561",378674,2026-05-01 23:35:05,28.7798767089844,-17.7310657501221,"Unknown"
"5020561",378674,2026-05-01 23:36:06,28.779857635498,-17.7309417724609,"Unknown"
"5020561",378674,2026-05-01 23:37:07,28.7798347473145,-17.7307758331299,"Unknown"
"5020561",378674,2026-05-01 23:38:05,28.7798252105713,-17.7306289672852,"Unknown"
"5020561",378674,2026-05-01 23:39:05,28.7797889709473,-17.7305145263672,"Unknown"
"5020561",378674,2026-05-01 23:40:05,28.7797718048096,-17.7303695678711,"Unknown"
"5020561",378674,2026-05-01 23:41:05,28.7797927856445,-17.7302074432373,"Unknown"
"5020561",378674,2026-05-01 23:42:05,28.7798004150391,-17.7300910949707,"Unknown"
"5020561",378674,2026-05-01 23:43:05,28.7797908782959,-17.7299880981445,"Unknown"
"5020561",378674,2026-05-01 23:44:05,28.7798233032227,-17.7298564910889,"Unknown"
"5020561",378674,2026-05-01 23:45:05,28.7798652648926,-17.7297477722168,"Unknown"
"5020561",378674,2026-05-01 23:46:05,28.7798957824707,-17.7296028137207,"Unknown"
"5020561",378674,2026-05-01 23:47:05,28.7799110412598,-17.7294387817383,"Unknown"
"5020561",378674,2026-05-01 23:48:05,28.7799282073975,-17.7292938232422,"Unknown"
"5020561",378674,2026-05-01 23:49:05,28.7799472808838,-17.7291374206543,"Unknown"
"5020561",378674,2026-05-01 23:50:05,28.7799949645996,-17.7290287017822,"Unknown"
"5020561",378674,2026-05-01 23:51:05,28.7800235748291,-17.728931427002,"Unknown"
"5020561",378674,2026-05-01 23:52:05,28.7800617218018,-17.7288246154785,"Unknown"
"5020561",378674,2026-05-01 23:53:05,28.7800636291504,-17.7287197113037,"Unknown"
"5020561",378674,2026-05-01 23:54:05,28.7800998687744,-17.7286167144775,"Unknown"
"5020561",378674,2026-05-01 23:55:08,28.7800979614258,-17.7284774780273,"Unknown"
"5020561",378674,2026-05-01 23:56:05,28.7801055908203,-17.7283840179443,"Unknown"
"5020561",378674,2026-05-01 23:57:05,28.7801475524902,-17.7283248901367,"Unknown"
"5020561",378674,2026-05-01 23:58:05,28.780200958252,-17.7282028198242,"Unknown"
"5020561",378674,2026-05-01 23:59:05,28.7802658081055,-17.728157043457,"Unknown"
"5020561",378674,2026-05-02 00:00:05,28.7803230285645,-17.7280941009521,"Unknown"
"5020561",378674,2026-05-02 00:01:05,28.780403137207,-17.7280235290527,"Unknown"
"5020561",378674,2026-05-02 00:02:05,28.7804660797119,-17.7279605865479,"Unknown"
"5020561",378674,2026-05-02 00:03:05,28.7805614471436,-17.727876663208,"Unknown"
"5020561",378674,2026-05-02 00:04:05,28.7806358337402,-17.7277946472168,"Unknown"
"5020561",378674,2026-05-02 00:05:05,28.7807102203369,-17.7277584075928,"Unknown"
"5020561",378674,2026-05-02 00:06:05,28.7807674407959,-17.727710723877,"Unknown"
"5020561",378674,2026-05-02 00:07:05,28.7808208465576,-17.7276363372803,"Unknown"
"5020561",378674,2026-05-02 00:08:05,28.7808742523193,-17.7275695800781,"Unknown"
"5020561",378674,2026-05-02 00:09:05,28.7809295654297,-17.7274703979492,"Unknown"
"5020561",378674,2026-05-02 00:10:05,28.7809543609619,-17.7274799346924,"Unknown"
"5020561",378674,2026-05-02 00:11:05,28.7810153961182,-17.7273750305176,"Unknown"
"5020561",378674,2026-05-02 00:12:05,28.781063079834,-17.7272872924805,"Unknown"
"5020561",378674,2026-05-02 00:13:05,28.7811088562012,-17.7271976470947,"Unknown"
"5020561",378674,2026-05-02 00:14:05,28.7811393737793,-17.7271976470947,"Unknown"
"5020561",378674,2026-05-02 00:15:05,28.7811679840088,-17.7271499633789,"Unknown"
"5020561",378674,2026-05-02 00:16:05,28.7811985015869,-17.7271480560303,"Unknown"
"5020561",378674,2026-05-02 00:17:05,28.7812252044678,-17.7271118164062,"Unknown"
"5020561",378674,2026-05-02 00:18:05,28.78125,-17.7270393371582,"Unknown"
"5020561",378674,2026-05-02 00:19:05,28.7812747955322,-17.727014541626,"Unknown"
"5020561",378674,2026-05-02 00:20:05,28.7813167572021,-17.7269420623779,"Unknown"
"5020561",378674,2026-05-02 00:21:06,28.7813720703125,-17.7268810272217,"Unknown"
"5020561",378674,2026-05-02 00:22:05,28.7813854217529,-17.7267951965332,"Unknown"
"5020561",378674,2026-05-02 00:23:05,28.7814025878906,-17.7267379760742,"Unknown"
"5020561",378674,2026-05-02 00:24:06,28.7814121246338,-17.7266731262207,"Unknown"
"5020561",378674,2026-05-02 00:25:07,28.7814559936523,-17.7265663146973,"Unknown"
"5020561",378674,2026-05-02 00:26:09,28.7815189361572,-17.7264919281006,"Unknown"
"5020561",378674,2026-05-02 00:27:07,28.7815284729004,-17.7264595031738,"Unknown"
"5020561",378674,2026-05-02 00:28:09,28.7815132141113,-17.726432800293,"Unknown"
"5020561",378674,2026-05-02 00:29:06,28.78151512146,-17.726411819458,"Unknown"
"5020561",378674,2026-05-02 00:30:06,28.78147315979,-17.7263717651367,"Unknown"
"5020561",378674,2026-05-02 00:31:05,28.7814502716064,-17.7263526916504,"Unknown"
"5020561",378674,2026-05-02 00:32:05,28.7814273834229,-17.7263031005859,"Unknown"
"5020561",378674,2026-05-02 00:33:07,28.7813930511475,-17.726245880127,"Unknown"
"5020561",378674,2026-05-02 00:34:05,28.7813682556152,-17.7263050079346,"Unknown"
"5020561",378674,2026-05-02 00:35:05,28.781343460083,-17.7262992858887,"Unknown"
"5020561",378674,2026-05-02 00:36:05,28.7813262939453,-17.7263202667236,"Unknown"
"5020561",378674,2026-05-02 00:37:05,28.7813110351562,-17.726354598999,"Unknown"
"5020561",378674,2026-05-02 00:38:05,28.7812385559082,-17.7263069152832,"Unknown"
"5020561",378674,2026-05-02 00:39:04,28.7812252044678,-17.7263641357422,"Unknown"
"5020561",378674,2026-05-02 00:40:05,28.7812385559082,-17.7263813018799,"Unknown"
"5020561",378674,2026-05-02 00:41:05,28.7811756134033,-17.7262935638428,"Unknown"
"5020561",378674,2026-05-02 00:42:09,28.7811908721924,-17.7263011932373,"Unknown"
"5020561",378674,2026-05-02 00:43:05,28.7811641693115,-17.7262859344482,"Unknown"
"5020561",378674,2026-05-02 00:44:05,28.781156539917,-17.7262859344482,"Unknown"
"5020561",378674,2026-05-02 00:45:07,28.7811584472656,-17.7262840270996,"Unknown"
"5020561",378674,2026-05-02 00:46:07,28.7811183929443,-17.7262401580811,"Unknown"
"5020561",378674,2026-05-02 00:47:05,28.7810478210449,-17.7263221740723,"Unknown"
"5020561",378674,2026-05-02 00:48:07,28.78102684021,-17.7263507843018,"Unknown"
"5020561",378674,2026-05-02 00:49:05,28.7809829711914,-17.7263851165771,"Unknown"
"5020561",378674,2026-05-02 00:50:05,28.7809257507324,-17.7264175415039,"Unknown"
"5020561",378674,2026-05-02 00:51:04,28.7808818817139,-17.7264747619629,"Unknown"
"5020561",378674,2026-05-02 00:52:05,28.780834197998,-17.7265071868896,"Unknown"
"5020561",378674,2026-05-02 00:53:05,28.7808170318604,-17.7265300750732,"Unknown"
"5020561",378674,2026-05-02 00:54:05,28.7807922363281,-17.7265491485596,"Unknown"
"5020561",378674,2026-05-02 00:55:07,28.7807579040527,-17.7265663146973,"Unknown"
"5020561",378674,2026-05-02 00:56:04,28.7806777954102,-17.7265796661377,"Unknown"
"5020561",378674,2026-05-02 00:57:05,28.7806606292725,-17.7266330718994,"Unknown"
"5020561",378674,2026-05-02 00:58:10,28.7806262969971,-17.7266178131104,"Unknown"
"5020561",378674,2026-05-02 00:59:05,28.7805881500244,-17.7266502380371,"Unknown"
"5020561",378674,2026-05-02 01:00:07,28.7805290222168,-17.7267074584961,"Unknown"
"5020561",378674,2026-05-02 01:01:07,28.7804832458496,-17.7268218994141,"Unknown"
"5020561",378674,2026-05-02 01:02:07,28.7804279327393,-17.7269134521484,"Unknown"
"5020561",378674,2026-05-02 01:03:07,28.7804260253906,-17.7269554138184,"Unknown"
"5020561",378674,2026-05-02 01:04:08,28.780366897583,-17.7270069122314,"Unknown"
"5020561",378674,2026-05-02 01:05:07,28.7803115844727,-17.7270603179932,"Unknown"
"5020561",378674,2026-05-02 01:06:07,28.7794055938721,-17.7276153564453,"Unknown"
"5020561",378674,2026-05-02 01:07:08,28.7770156860352,-17.7275276184082,"Unknown"
"5020561",378674,2026-05-02 01:08:07,28.7769355773926,-17.7276477813721,"Unknown"
"5020561",378674,2026-05-02 01:09:09,28.7768898010254,-17.7277202606201,"Unknown"
"5020561",378674,2026-05-02 01:10:13,28.7768669128418,-17.7278366088867,"Unknown"
"5020561",378674,2026-05-02 01:11:08,28.7767868041992,-17.7279434204102,"Unknown"
"5020561",378674,2026-05-02 01:12:08,28.7767505645752,-17.7280693054199,"Unknown"
"5020561",378674,2026-05-02 01:13:05,28.7767333984375,-17.728178024292,"Unknown"
"5020561",378674,2026-05-02 01:14:07,28.7766799926758,-17.7283229827881,"Unknown"
"5020561",378674,2026-05-02 01:15:08,28.7766742706299,-17.7284488677979,"Unknown"
"5020561",378674,2026-05-02 01:16:08,28.7766189575195,-17.7285003662109,"Unknown"
"5020561",378674,2026-05-02 01:17:08,28.7765769958496,-17.7286357879639,"Unknown"
"5020561",378674,2026-05-02 01:18:12,28.7765407562256,-17.7287273406982,"Unknown"
"5020561",378674,2026-05-02 01:19:10,28.7765235900879,-17.7287902832031,"Unknown"
"5020561",378674,2026-05-02 01:20:07,28.7764911651611,-17.7288951873779,"Unknown"
"5020561",378674,2026-05-02 01:21:07,28.7764453887939,-17.7289714813232,"Unknown"
"5020561",378674,2026-05-02 01:22:06,28.7764091491699,-17.7290859222412,"Unknown"
"5020561",378674,2026-05-02 01:23:06,28.7763710021973,-17.7291851043701,"Unknown"
"5020561",378674,2026-05-02 01:24:07,28.7763423919678,-17.7292976379395,"Unknown"
"5020561",378674,2026-05-02 01:25:33,28.7762355804443,-17.7294368743896,"Unknown"
"5020561",378674,2026-05-02 01:26:04,28.7762069702148,-17.7294750213623,"Unknown"
"5020561",378674,2026-05-02 01:27:04,28.7761611938477,-17.7295513153076,"Unknown"
"5020561",378674,2026-05-02 01:28:04,28.7761077880859,-17.7296581268311,"Unknown"
"5020561",378674,2026-05-02 01:29:04,28.7760429382324,-17.7297306060791,"Unknown"
"5020561",378674,2026-05-02 01:30:04,28.7760219573975,-17.7297763824463,"Unknown"
"5020561",378674,2026-05-02 01:31:05,28.7760372161865,-17.7298107147217,"Unknown"
"5020561",378674,2026-05-02 01:32:04,28.7760677337646,-17.7298336029053,"Unknown"
"5020561",378674,2026-05-02 01:33:05,28.7760944366455,-17.729808807373,"Unknown"
"5020561",378674,2026-05-02 01:34:05,28.7760848999023,-17.7298374176025,"Unknown"
"5020561",378674,2026-05-02 01:35:05,28.7761077880859,-17.7298030853271,"Unknown"
"5020561",378674,2026-05-02 01:36:04,28.7761325836182,-17.7298145294189,"Unknown"
"5020561",378674,2026-05-02 01:37:05,28.7760620117188,-17.7298736572266,"Unknown"
"5020561",378674,2026-05-02 01:38:04,28.7759914398193,-17.7299861907959,"Unknown"
"5020561",378674,2026-05-02 01:39:05,28.7759227752686,-17.7300605773926,"Unknown"
"5020561",378674,2026-05-02 01:40:06,28.7758712768555,-17.7301959991455,"Unknown"
"5020561",378674,2026-05-02 01:41:05,28.7758350372314,-17.7303123474121,"Unknown"
"5020561",378674,2026-05-02 01:42:05,28.7757930755615,-17.7303085327148,"Unknown"
"5020561",378674,2026-05-02 01:43:05,28.7758235931396,-17.7301940917969,"Unknown"
"5020561",378674,2026-05-02 01:44:05,28.7758636474609,-17.7300815582275,"Unknown"
"5020561",378674,2026-05-02 01:45:06,28.7758312225342,-17.7300834655762,"Unknown"
"5020561",378674,2026-05-02 01:46:05,28.7758693695068,-17.7300453186035,"Unknown"
"5020561",378674,2026-05-02 01:47:05,28.7758979797363,-17.7299995422363,"Unknown"
"5020561",378674,2026-05-02 01:48:05,28.7758903503418,-17.7299308776855,"Unknown"
"5020561",378674,2026-05-02 01:49:05,28.7758979797363,-17.7298908233643,"Unknown"
"5020561",378674,2026-05-02 01:50:05,28.7759208679199,-17.7298221588135,"Unknown"
"5020561",378674,2026-05-02 01:51:05,28.7759246826172,-17.729793548584,"Unknown"
"5020561",378674,2026-05-02 01:52:05,28.7759304046631,-17.7297458648682,"Unknown"
"5020561",378674,2026-05-02 01:53:05,28.7759609222412,-17.7296981811523,"Unknown"
"5020561",378674,2026-05-02 01:54:05,28.7759552001953,-17.7296676635742,"Unknown"
"5020561",378674,2026-05-02 01:55:05,28.7759532928467,-17.7296295166016,"Unknown"
"5020561",378674,2026-05-02 01:56:05,28.7759475708008,-17.7296047210693,"Unknown"
"5020561",378674,2026-05-02 01:57:05,28.7759609222412,-17.7295322418213,"Unknown"
"5020561",378674,2026-05-02 01:58:05,28.7759799957275,-17.7294921875,"Unknown"
"5020561",378674,2026-05-02 01:59:05,28.7759799957275,-17.7294540405273,"Unknown"
"5020561",378674,2026-05-02 02:00:04,28.775993347168,-17.7294311523438,"Unknown"
"5020561",378674,2026-05-02 02:01:04,28.7759914398193,-17.7293643951416,"Unknown"
"5020561",378674,2026-05-02 02:02:04,28.7759475708008,-17.7292766571045,"Unknown"
"5020561",378674,2026-05-02 02:03:05,28.775936126709,-17.7291831970215,"Unknown"
"5020561",378674,2026-05-02 02:04:04,28.775951385498,-17.7291469573975,"Unknown"
"5020561",378674,2026-05-02 02:05:05,28.7759895324707,-17.7290802001953,"Unknown"
"5020561",378674,2026-05-02 02:06:05,28.7760066986084,-17.7290725708008,"Unknown"
"5020561",378674,2026-05-02 02:07:04,28.776050567627,-17.7290420532227,"Unknown"
"5020561",378674,2026-05-02 02:08:05,28.7760353088379,-17.7290229797363,"Unknown"
"5020561",378674,2026-05-02 02:09:04,28.7760162353516,-17.7289791107178,"Unknown"
"5020561",378674,2026-05-02 02:10:05,28.775993347168,-17.728910446167,"Unknown"
"5020561",378674,2026-05-02 02:11:05,28.7759475708008,-17.7288303375244,"Unknown"
"5020561",378674,2026-05-02 02:12:05,28.7759227752686,-17.728759765625,"Unknown"
"5020561",378674,2026-05-02 02:13:04,28.7758827209473,-17.7286815643311,"Unknown"
"5020561",378674,2026-05-02 02:14:04,28.7758884429932,-17.7286415100098,"Unknown"
"5020561",378674,2026-05-02 02:15:05,28.7758750915527,-17.7286128997803,"Unknown"
"5020561",378674,2026-05-02 02:16:04,28.7758502960205,-17.7285900115967,"Unknown"
"5020561",378674,2026-05-02 02:17:05,28.7758464813232,-17.7286205291748,"Unknown"
"5020561",378674,2026-05-02 02:18:05,28.7758560180664,-17.7286911010742,"Unknown"
"5020561",378674,2026-05-02 02:19:04,28.7758445739746,-17.7286548614502,"Unknown"
"5020561",378674,2026-05-02 02:20:05,28.7758693695068,-17.7286510467529,"Unknown"
"5020561",378674,2026-05-02 02:21:05,28.7758483886719,-17.7286376953125,"Unknown"
"5020561",378674,2026-05-02 02:22:05,28.7758445739746,-17.7286376953125,"Unknown"
"5020561",378674,2026-05-02 02:23:05,28.7758235931396,-17.7286071777344,"Unknown"
"5020561",378674,2026-05-02 02:24:05,28.7758026123047,-17.7285423278809,"Unknown"
"5020561",378674,2026-05-02 02:25:04,28.7757968902588,-17.7285308837891,"Unknown"
"5020561",378674,2026-05-02 02:26:05,28.775764465332,-17.7285137176514,"Unknown"
"5020561",378674,2026-05-02 02:27:04,28.7757701873779,-17.7284374237061,"Unknown"
"5020561",378674,2026-05-02 02:28:05,28.7757377624512,-17.7283840179443,"Unknown"
"5020561",378674,2026-05-02 02:29:05,28.7757244110107,-17.7282905578613,"Unknown"
"5020561",378674,2026-05-02 02:30:05,28.7757263183594,-17.7282276153564,"Unknown"
"5020561",378674,2026-05-02 02:31:07,28.7757472991943,-17.7282028198242,"Unknown"
"5020561",378674,2026-05-02 02:32:05,28.7757129669189,-17.7281303405762,"Unknown"
"5020561",378674,2026-05-02 02:33:05,28.7757301330566,-17.7281150817871,"Unknown"
"5020561",378674,2026-05-02 02:34:05,28.7757091522217,-17.7280941009521,"Unknown"
"5020561",378674,2026-05-02 02:35:05,28.775707244873,-17.7280807495117,"Unknown"
"5020561",378674,2026-05-02 02:36:05,28.7757034301758,-17.7280521392822,"Unknown"
"5020561",378674,2026-05-02 02:37:05,28.7756862640381,-17.7281513214111,"Unknown"
"5020561",378674,2026-05-02 02:38:05,28.7756519317627,-17.7282524108887,"Unknown"
"5020561",378674,2026-05-02 02:39:05,28.7756195068359,-17.7283096313477,"Unknown"
"5020561",378674,2026-05-02 02:40:05,28.7756118774414,-17.7283744812012,"Unknown"
"5020561",378674,2026-05-02 02:41:05,28.7756080627441,-17.7284507751465,"Unknown"
"5020561",378674,2026-05-02 02:42:05,28.7756061553955,-17.7285232543945,"Unknown"
"5020561",378674,2026-05-02 02:43:05,28.7755680084229,-17.728572845459,"Unknown"
"5020561",378674,2026-05-02 02:44:05,28.7755718231201,-17.7286167144775,"Unknown"
"5020561",378674,2026-05-02 02:45:05,28.7755489349365,-17.7286567687988,"Unknown"
"5020561",378674,2026-05-02 02:46:05,28.7755146026611,-17.7287139892578,"Unknown"
"5020561",378674,2026-05-02 02:47:05,28.7755432128906,-17.7287902832031,"Unknown"
"5020561",378674,2026-05-02 02:48:05,28.7755088806152,-17.7288551330566,"Unknown"
"5020561",378674,2026-05-02 02:49:33,28.7754898071289,-17.7289943695068,"Unknown"
"5020561",378674,2026-05-02 02:50:04,28.7754764556885,-17.7290458679199,"Unknown"
"5020561",378674,2026-05-02 02:51:04,28.7754611968994,-17.7291202545166,"Unknown"
"5020561",378674,2026-05-02 02:52:04,28.7754230499268,-17.729190826416,"Unknown"
"5020561",378674,2026-05-02 02:53:05,28.7754058837891,-17.7292385101318,"Unknown"
"5020561",378674,2026-05-02 02:54:05,28.7753505706787,-17.7293300628662,"Unknown"
"5020561",378674,2026-05-02 02:55:05,28.7753124237061,-17.7294158935547,"Unknown"
"5020561",378674,2026-05-02 02:56:05,28.7752876281738,-17.7294826507568,"Unknown"
"5020561",378674,2026-05-02 02:57:04,28.7752532958984,-17.7295818328857,"Unknown"
"5020561",378674,2026-05-02 02:58:05,28.7752380371094,-17.7297306060791,"Unknown"
"5020561",378674,2026-05-02 02:59:05,28.7751922607422,-17.7298202514648,"Unknown"
"5020561",378674,2026-05-02 03:00:06,28.7751445770264,-17.7298641204834,"Unknown"
"5020561",378674,2026-05-02 03:01:04,28.7751483917236,-17.7298889160156,"Unknown"
"5020561",378674,2026-05-02 03:02:04,28.7751083374023,-17.7299690246582,"Unknown"
"5020561",378674,2026-05-02 03:03:06,28.7750511169434,-17.7300682067871,"Unknown"
"5020561",378674,2026-05-02 03:04:04,28.7749996185303,-17.7301692962646,"Unknown"
"5020561",378674,2026-05-02 03:05:04,28.774974822998,-17.7302513122559,"Unknown"
"5020561",378674,2026-05-02 03:06:04,28.7749099731445,-17.7302131652832,"Unknown"
"5020561",378674,2026-05-02 03:07:04,28.7748470306396,-17.7301998138428,"Unknown"
"5020561",378674,2026-05-02 03:08:05,28.7748146057129,-17.7302169799805,"Unknown"
"5020561",378674,2026-05-02 03:09:04,28.7747974395752,-17.7303047180176,"Unknown"
"5020561",378674,2026-05-02 03:10:05,28.7747650146484,-17.7304248809814,"Unknown"
"5020561",378674,2026-05-02 03:11:04,28.7747001647949,-17.7305393218994,"Unknown"
"5020561",378674,2026-05-02 03:12:05,28.7746448516846,-17.7306289672852,"Unknown"
"5020561",378674,2026-05-02 03:13:05,28.7745876312256,-17.7307395935059,"Unknown"
"5020561",378674,2026-05-02 03:14:04,28.7746181488037,-17.7308502197266,"Unknown"
"5020561",378674,2026-05-02 03:15:05,28.774600982666,-17.7309246063232,"Unknown"
"5020561",378674,2026-05-02 03:16:04,28.774564743042,-17.7310047149658,"Unknown"
"5020561",378674,2026-05-02 03:17:05,28.7745361328125,-17.7310981750488,"Unknown"
"5020561",378674,2026-05-02 03:18:05,28.7745246887207,-17.7311592102051,"Unknown"
"5020561",378674,2026-05-02 03:19:05,28.7744884490967,-17.7312431335449,"Unknown"
"5020561",378674,2026-05-02 03:20:05,28.7744140625,-17.7313327789307,"Unknown"
"5020561",378674,2026-05-02 03:21:05,28.774393081665,-17.7314472198486,"Unknown"
"5020561",378674,2026-05-02 03:22:05,28.7743530273438,-17.7315330505371,"Unknown"
"5020561",378674,2026-05-02 03:23:05,28.7743339538574,-17.731616973877,"Unknown"
"5020561",378674,2026-05-02 03:24:05,28.7742881774902,-17.73171043396,"Unknown"
"5020561",378674,2026-05-02 03:25:05,28.774299621582,-17.7318420410156,"Unknown"
"5020561",378674,2026-05-02 03:26:05,28.7742252349854,-17.73193359375,"Unknown"
"5020561",378674,2026-05-02 03:27:05,28.774169921875,-17.7320594787598,"Unknown"
"5020561",378674,2026-05-02 03:28:05,28.7741565704346,-17.7321968078613,"Unknown"
"5020561",378674,2026-05-02 03:29:05,28.7741222381592,-17.732307434082,"Unknown"
"5020561",378674,2026-05-02 03:30:05,28.7741184234619,-17.7324256896973,"Unknown"
"5020561",378674,2026-05-02 03:31:05,28.7741165161133,-17.7325305938721,"Unknown"
"5020561",378674,2026-05-02 03:32:05,28.7740745544434,-17.7326126098633,"Unknown"
"5020561",378674,2026-05-02 03:33:05,28.7740459442139,-17.7327136993408,"Unknown"
"5020561",378674,2026-05-02 03:34:05,28.7740821838379,-17.7327880859375,"Unknown"
"5020561",378674,2026-05-02 03:35:33,28.7740249633789,-17.7329578399658,"Unknown"
"5020561",378674,2026-05-02 03:36:04,28.7740325927734,-17.7330265045166,"Unknown"
"5020561",378674,2026-05-02 03:46:05,28.7739391326904,-17.7341079711914,"Unknown"
"5020561",378674,2026-05-02 03:47:04,28.7739353179932,-17.7341899871826,"Unknown"
"5020561",378674,2026-05-02 03:48:04,28.773946762085,-17.7342777252197,"Unknown"
"5020561",378674,2026-05-02 03:49:05,28.7739448547363,-17.7343845367432,"Unknown"
"5020561",378674,2026-05-02 03:59:05,28.7745742797852,-17.7372398376465,"Unknown"
"5020561",378674,2026-05-02 04:09:07,28.7637310028076,-17.7563285827637,"Unknown"
"5020561",378674,2026-05-02 04:20:30,28.7635898590088,-17.7556324005127,"Unknown"
"5020561",378674,2026-05-02 04:20:39,28.7640514373779,-17.7559261322021,"Unknown"
"5020561",378674,2026-05-02 04:30:44,28.764310836792,-17.7564506530762,"Unknown"
"5020561",378674,2026-05-02 04:40:46,28.7637748718262,-17.7562675476074,"Unknown"
"5020561",378674,2026-05-02 04:50:36,28.7733917236328,-17.7400245666504,"Unknown"
"5020561",378674,2026-05-02 05:00:34,28.7734642028809,-17.7398376464844,"Unknown"
"5020561",378674,2026-05-02 05:10:36,28.7735729217529,-17.7397537231445,"Unknown"
"5020561",378674,2026-05-02 05:20:40,28.7738361358643,-17.7394943237305,"Unknown"
"5020561",378674,2026-05-02 05:31:03,28.7744979858398,-17.7388572692871,"Unknown"
"5020561",378674,2026-05-02 05:40:34,28.7751865386963,-17.7383804321289,"Unknown"
"5020561",378674,2026-05-02 05:50:34,28.7756938934326,-17.7380313873291,"Unknown"
"5020561",378674,2026-05-02 06:00:34,28.7783336639404,-17.725133895874,"Unknown"
"5020561",378674,2026-05-02 06:10:34,28.7472133636475,-17.6703014373779,"Unknown"
"5020561",378674,2026-05-02 06:20:34,28.7120113372803,-17.6123504638672,"Unknown"
"5020561",378674,2026-05-02 06:30:34,28.6772708892822,-17.5562324523926,"Unknown"
"5020561",378674,2026-05-02 06:40:34,28.6386203765869,-17.501350402832,"Unknown"
"5020561",378674,2026-05-02 06:50:34,28.5956859588623,-17.4467430114746,"Unknown"
"5020561",378674,2026-05-02 07:00:36,28.5436000823975,-17.3971633911133,"Unknown"
"5020561",378674,2026-05-02 07:10:37,28.5470428466797,-17.3924560546875,"Unknown"
"5020561",378674,2026-05-02 07:20:36,28.5595321655273,-17.3959140777588,"Unknown"
"5020561",378674,2026-05-02 07:30:36,28.5281715393066,-17.3507289886475,"Unknown"
"5020561",378674,2026-05-02 07:35:36,28.50559425354,-17.3262233734131,"Unknown"
"5020561",378674,2026-05-02 07:45:37,28.4906120300293,-17.2692604064941,"Unknown"
"5020561",378674,2026-05-02 07:56:03,28.4870872497559,-17.2522125244141,"Unknown"
"5020561",378674,2026-05-02 08:05:36,28.4867382049561,-17.2548599243164,"Unknown"
"5020561",378674,2026-05-02 08:10:34,28.4911003112793,-17.2577228546143,"Unknown"
"5020561",378674,2026-05-02 08:15:33,28.4921646118164,-17.2565765380859,"Unknown"
"5020561",378674,2026-05-02 08:20:38,28.4922618865967,-17.2535877227783,"Unknown"
"5020561",378674,2026-05-02 08:25:34,28.4956684112549,-17.2558307647705,"Unknown"
"5020561",378674,2026-05-02 08:30:33,28.4974594116211,-17.2531929016113,"Unknown"
"5020561",378674,2026-05-02 08:35:34,28.4966640472412,-17.2515811920166,"Unknown"
"5020561",378674,2026-05-02 08:40:34,28.5018939971924,-17.2534523010254,"Unknown"
"5020561",378674,2026-05-02 08:45:33,28.5053329467773,-17.2569580078125,"Unknown"
"5020561",378674,2026-05-02 08:50:38,28.5076713562012,-17.2584323883057,"Unknown"
"5020561",378674,2026-05-02 08:55:36,28.5115566253662,-17.2592010498047,"Unknown"
"5020561",378674,2026-05-02 09:00:42,28.5130615234375,-17.2624034881592,"Unknown"
"5020561",378674,2026-05-02 09:05:47,28.512523651123,-17.2630825042725,"Unknown"
"5020561",378674,2026-05-02 09:10:34,28.5120735168457,-17.2639846801758,"Unknown"
"5020561",378674,2026-05-02 09:15:36,28.5116958618164,-17.2648391723633,"Unknown"
"5020561",378674,2026-05-02 09:20:34,28.5111980438232,-17.2660083770752,"Unknown"
"5020561",378674,2026-05-02 09:25:36,28.5106086730957,-17.2669315338135,"Unknown"
"5020561",378674,2026-05-02 09:30:34,28.5101051330566,-17.2678604125977,"Unknown"
"5020561",378674,2026-05-02 09:35:36,28.5096435546875,-17.2687454223633,"Unknown"
"5020561",378674,2026-05-02 09:40:46,28.5093364715576,-17.2697257995605,"Unknown"
"5020561",378674,2026-05-02 09:45:36,28.5091228485107,-17.2705345153809,"Unknown"
"5020561",378674,2026-05-02 09:50:36,28.5116691589355,-17.2706279754639,"Unknown"
"5020561",378674,2026-05-02 09:55:33,28.5113353729248,-17.2711277008057,"Unknown"
"5020561",378674,2026-05-02 10:01:02,28.5109443664551,-17.2717266082764,"Unknown"
"5020561",378674,2026-05-02 10:05:36,28.5106735229492,-17.2722797393799,"Unknown"
"5020561",378674,2026-05-02 10:10:34,28.5104885101318,-17.2729167938232,"Unknown"
"5020561",378674,2026-05-02 10:15:34,28.5103282928467,-17.2738704681396,"Unknown"
"5020561",378674,2026-05-02 10:20:34,28.5102424621582,-17.2747383117676,"Unknown"
"5020561",378674,2026-05-02 10:25:34,28.5099964141846,-17.2755661010742,"Unknown"
"5020561",378674,2026-05-02 10:30:34,28.5098361968994,-17.2764778137207,"Unknown"
"5020561",378674,2026-05-02 10:35:34,28.5096454620361,-17.2775096893311,"Unknown"
"5020561",378674,2026-05-02 10:40:34,28.5093765258789,-17.2786045074463,"Unknown"
"5020561",378674,2026-05-02 10:45:36,28.5091571807861,-17.2796745300293,"Unknown"
"5020561",378674,2026-05-02 10:50:37,28.5087871551514,-17.280387878418,"Unknown"
"5020561",378674,2026-05-02 10:55:36,28.5099487304688,-17.2721328735352,"Unknown"
"5020561",378674,2026-05-02 11:00:34,28.5124454498291,-17.2699966430664,"Unknown"
"5020561",378674,2026-05-02 11:05:35,28.512300491333,-17.2708988189697,"Unknown"
"5020561",378674,2026-05-02 11:10:35,28.5121841430664,-17.2718315124512,"Unknown"
"5020561",378674,2026-05-02 11:15:36,28.5120372772217,-17.2727241516113,"Unknown"
"5020561",378674,2026-05-02 11:20:34,28.5118503570557,-17.2735614776611,"Unknown"
"5020561",378674,2026-05-02 11:25:36,28.5116634368896,-17.2743682861328,"Unknown"
"5020561",378674,2026-05-02 11:30:37,28.5115070343018,-17.2751789093018,"Unknown"
"5020561",378674,2026-05-02 11:35:37,28.5113353729248,-17.2759437561035,"Unknown"
"5020561",378674,2026-05-02 11:40:37,28.5112037658691,-17.2768402099609,"Unknown"
"5020561",378674,2026-05-02 11:45:36,28.5111103057861,-17.2778415679932,"Unknown"
"5020561",378674,2026-05-02 11:50:38,28.5149574279785,-17.2957992553711,"Unknown"
"5020561",378674,2026-05-02 11:55:36,28.5150871276855,-17.2969207763672,"Unknown"
"5020561",378674,2026-05-02 12:00:38,28.5152721405029,-17.297981262207,"Unknown"
"5020561",378674,2026-05-02 12:06:03,28.5155658721924,-17.2992897033691,"Unknown"
"5020561",378674,2026-05-02 12:10:34,28.515811920166,-17.3002529144287,"Unknown"
"5020561",378674,2026-05-02 12:15:35,28.5157203674316,-17.3034210205078,"Unknown"
"5020561",378674,2026-05-02 12:20:36,28.5150451660156,-17.3093414306641,"Unknown"
"5020561",378674,2026-05-02 12:25:36,28.51540184021,-17.3098754882812,"Unknown"
"5020561",378674,2026-05-02 12:30:36,28.5156269073486,-17.3106594085693,"Unknown"
"5020561",378674,2026-05-02 12:35:36,28.5157794952393,-17.3114757537842,"Unknown"
"5020561",378674,2026-05-02 12:40:36,28.5159549713135,-17.3122329711914,"Unknown"
"5020561",378674,2026-05-02 12:45:36,28.5160293579102,-17.313081741333,"Unknown"
"5020561",378674,2026-05-02 12:50:37,28.5162544250488,-17.3138980865479,"Unknown"
"5020561",378674,2026-05-02 12:55:35,28.5164451599121,-17.3145408630371,"Unknown"
"5020561",378674,2026-05-02 13:00:37,28.516695022583,-17.3151397705078,"Unknown"
"5020561",378674,2026-05-02 13:05:36,28.5169506072998,-17.3159027099609,"Unknown"
"5020561",378674,2026-05-02 13:10:38,28.5171794891357,-17.3167304992676,"Unknown"
"5020561",378674,2026-05-02 13:16:03,28.5173625946045,-17.3174724578857,"Unknown"
"5020561",378674,2026-05-02 13:20:36,28.5175437927246,-17.3180885314941,"Unknown"
"5020561",378674,2026-05-02 13:25:36,28.5305976867676,-17.3366107940674,"Unknown"
"5020561",378674,2026-05-02 13:30:34,28.5407543182373,-17.3674812316895,"Unknown"
"5020561",378674,2026-05-02 13:35:36,28.5419120788574,-17.4029331207275,"Unknown"
"5020561",378674,2026-05-02 13:40:34,28.5407009124756,-17.4135704040527,"Unknown"
"5020561",378674,2026-05-02 13:45:34,28.5409965515137,-17.4143161773682,"Unknown"
"5020561",378674,2026-05-02 13:50:36,28.5411987304688,-17.415075302124,"Unknown"
"5020561",378674,2026-05-02 13:55:35,28.5414562225342,-17.4159297943115,"Unknown"
"5020561",378674,2026-05-02 14:00:36,28.5416584014893,-17.4167594909668,"Unknown"
"5020561",378674,2026-05-02 14:05:34,28.5417938232422,-17.4175415039062,"Unknown"
"5020561",378674,2026-05-02 14:10:36,28.5300483703613,-17.4378852844238,"Unknown"
"5020561",378674,2026-05-02 14:15:36,28.528247833252,-17.468822479248,"Unknown"
"5020561",378674,2026-05-02 14:20:36,28.5389823913574,-17.4881019592285,"Unknown"
"5020561",378674,2026-05-02 14:25:34,28.5389232635498,-17.4890174865723,"Unknown"
"5020561",378674,2026-05-02 14:30:34,28.5388431549072,-17.4897327423096,"Unknown"
"5020561",378674,2026-05-02 14:35:34,28.5386009216309,-17.4903221130371,"Unknown"
"5020561",378674,2026-05-02 14:40:34,28.5384712219238,-17.4910774230957,"Unknown"
"5020561",378674,2026-05-02 14:45:36,28.5383682250977,-17.4919490814209,"Unknown"
"5020561",378674,2026-05-02 14:50:36,28.5383625030518,-17.4928512573242,"Unknown"
"5020561",378674,2026-05-02 14:55:36,28.5500202178955,-17.4931297302246,"Unknown"
"5020561",378674,2026-05-02 15:00:36,28.5701236724854,-17.5133113861084,"Unknown"
"5020561",378674,2026-05-02 15:05:36,28.5904560089111,-17.5346641540527,"Unknown"
"5020561",378674,2026-05-02 15:11:17,28.6009941101074,-17.5420684814453,"Unknown"
"5020561",378674,2026-05-02 15:16:59,28.6160182952881,-17.5706958770752,"Unknown"
"5020561",378674,2026-05-02 15:21:57,28.6308460235596,-17.5945014953613,"Unknown"
"5020561",378674,2026-05-02 15:25:34,28.644474029541,-17.6131076812744,"Unknown"
"5020561",378674,2026-05-02 15:30:36,28.6529102325439,-17.645975112915,"Unknown"
"5020561",378674,2026-05-02 15:35:37,28.6469707489014,-17.6524219512939,"Unknown"
"5020561",378674,2026-05-02 15:40:36,28.6406097412109,-17.6564884185791,"Unknown"
"5020561",378674,2026-05-02 15:45:36,28.6333026885986,-17.6631259918213,"Unknown"
"5020561",378674,2026-05-02 15:50:34,28.6262397766113,-17.666540145874,"Unknown"
"5020561",378674,2026-05-02 15:55:36,28.6163425445557,-17.669713973999,"Unknown"
"5020561",378674,2026-05-02 16:01:03,28.6121635437012,-17.6792030334473,"Unknown"
"5020561",378674,2026-05-02 16:05:33,28.6067733764648,-17.6845703125,"Unknown"
"5020561",378674,2026-05-02 16:10:34,28.6000308990479,-17.6892948150635,"Unknown"
"5020561",378674,2026-05-02 16:15:34,28.5893096923828,-17.6959190368652,"Unknown"
"5020561",378674,2026-05-02 16:20:34,28.5867042541504,-17.7004489898682,"Unknown"
"5020561",378674,2026-05-02 16:25:35,28.5731296539307,-17.7033958435059,"Unknown"
"5020561",378674,2026-05-02 16:30:33,28.5651874542236,-17.7045288085938,"Unknown"
"5020561",378674,2026-05-02 16:35:35,28.5636386871338,-17.7060775756836,"Unknown"
"5020561",378674,2026-05-02 16:40:34,28.5633125305176,-17.7071189880371,"Unknown"
"5020561",378674,2026-05-02 16:45:34,28.5630626678467,-17.7081546783447,"Unknown"
"5020561",378674,2026-05-02 16:50:34,28.5792369842529,-17.7153873443604,"Unknown"
"5020561",378674,2026-05-02 16:55:34,28.6043643951416,-17.7248249053955,"Unknown"
"5020561",378674,2026-05-02 17:00:36,28.606840133667,-17.7260589599609,"Unknown"
"5020561",378674,2026-05-02 17:05:34,28.6069946289062,-17.7268085479736,"Unknown"
"5020561",378674,2026-05-02 17:06:35,28.6070404052734,-17.7269554138184,"Unknown"
"5020561",378674,2026-05-02 17:07:37,28.6070880889893,-17.7270984649658,"Unknown"
"5020561",378674,2026-05-02 17:08:37,28.6071472167969,-17.7272434234619,"Unknown"
"5020561",378674,2026-05-02 17:09:38,28.6071872711182,-17.7274360656738,"Unknown"
"5020561",378674,2026-05-02 17:10:34,28.6105556488037,-17.7275047302246,"Unknown"
"5020561",378674,2026-05-02 17:11:34,28.6154727935791,-17.7274494171143,"Unknown"
"5020561",378674,2026-05-02 17:12:34,28.6198120117188,-17.7255401611328,"Unknown"
"5020561",378674,2026-05-02 17:13:34,28.6242733001709,-17.7234992980957,"Unknown"
"5020561",378674,2026-05-02 17:14:34,28.627649307251,-17.719934463501,"Unknown"
"5020561",378674,2026-05-02 17:19:34,28.6434326171875,-17.7189464569092,"Unknown"
"5020561",378674,2026-05-02 17:24:34,28.6438388824463,-17.7197513580322,"Unknown"
"5020561",378674,2026-05-02 17:29:36,28.6442890167236,-17.7203979492188,"Unknown"
"5020561",378674,2026-05-02 17:34:34,28.6446971893311,-17.7210960388184,"Unknown"
"5020561",378674,2026-05-02 17:39:41,28.64524269104,-17.7218208312988,"Unknown"
"5020561",378674,2026-05-02 17:44:42,28.6458034515381,-17.7223777770996,"Unknown"
"5020561",378674,2026-05-02 17:50:03,28.6490936279297,-17.7229328155518,"Unknown"
"5020561",378674,2026-05-02 17:54:33,28.6494674682617,-17.7234363555908,"Unknown"
"5020561",378674,2026-05-02 17:59:35,28.6636924743652,-17.7239170074463,"Unknown"
"5020561",378674,2026-05-02 18:04:35,28.687536239624,-17.7235355377197,"Unknown"
"5020561",378674,2026-05-02 18:09:35,28.7086372375488,-17.7208042144775,"Unknown"
"5020561",378674,2026-05-02 18:14:34,28.7200298309326,-17.7202472686768,"Unknown"
"5020561",378674,2026-05-02 18:19:34,28.7252883911133,-17.7193584442139,"Unknown"
"5020561",378674,2026-05-02 18:24:33,28.7260246276855,-17.7165260314941,"Unknown"
"5020561",378674,2026-05-02 18:29:34,28.7269153594971,-17.7167148590088,"Unknown"
"5020561",378674,2026-05-02 18:34:34,28.7468910217285,-17.7189617156982,"Unknown"
"5020561",378674,2026-05-02 18:39:33,28.7514781951904,-17.7168560028076,"Unknown"
"5020561",378674,2026-05-02 18:44:33,28.7517948150635,-17.7170467376709,"Unknown"
"5020561",378674,2026-05-02 18:49:33,28.754638671875,-17.7180156707764,"Unknown"
"5020561",378674,2026-05-02 18:54:34,28.7550926208496,-17.7180862426758,"Unknown"
"5020561",378674,2026-05-02 18:59:33,28.7556571960449,-17.7183208465576,"Unknown"
"5020561",378674,2026-05-02 19:04:33,28.7562580108643,-17.7183303833008,"Unknown"
"5020561",378674,2026-05-02 19:09:33,28.7568035125732,-17.7186546325684,"Unknown"
"5020561",378674,2026-05-02 19:14:36,28.7573661804199,-17.7190322875977,"Unknown"
"5020561",378674,2026-05-02 19:19:36,28.7579898834229,-17.719388961792,"Unknown"
"5020561",378674,2026-05-02 19:24:36,28.758695602417,-17.7195911407471,"Unknown"
"5020561",378674,2026-05-02 19:29:36,28.7591590881348,-17.7202186584473,"Unknown"
"5020561",378674,2026-05-02 19:34:35,28.7596836090088,-17.7204189300537,"Unknown"
"5020561",378674,2026-05-02 19:39:35,28.7600479125977,-17.7209205627441,"Unknown"
"5020561",378674,2026-05-02 19:44:37,28.7603931427002,-17.721212387085,"Unknown"
"5020561",378674,2026-05-02 19:49:37,28.7609024047852,-17.7214775085449,"Unknown"
"5020561",378674,2026-05-02 19:54:37,28.7613372802734,-17.7217636108398,"Unknown"
"5020561",378674,2026-05-02 19:59:34,28.7616577148438,-17.7221050262451,"Unknown"
"5020561",378674,2026-05-02 20:05:02,28.762077331543,-17.7222881317139,"Unknown"
"5020561",378674,2026-05-02 20:09:35,28.7623882293701,-17.7243556976318,"Unknown"
"5020561",378674,2026-05-02 20:14:34,28.7678813934326,-17.7227230072021,"Unknown"
"5020561",378674,2026-05-02 20:19:34,28.7681522369385,-17.7228984832764,"Unknown"
"5020561",378674,2026-05-02 20:24:34,28.7668552398682,-17.7268524169922,"Unknown"
"5020561",378674,2026-05-02 20:29:33,28.7667598724365,-17.7265529632568,"Unknown"
"5020561",378674,2026-05-02 20:30:33,28.7667465209961,-17.7264728546143,"Unknown"
"5020561",378674,2026-05-02 20:31:33,28.7667503356934,-17.7264060974121,"Unknown"
"5020561",378674,2026-05-02 20:32:36,28.7667217254639,-17.7263355255127,"Unknown"
"5020561",378674,2026-05-02 20:33:34,28.7667064666748,-17.7262802124023,"Unknown"
"5020561",378674,2026-05-02 20:34:34,28.7667560577393,-17.7262554168701,"Unknown"
"5020561",378674,2026-05-02 20:35:34,28.7667961120605,-17.7262382507324,"Unknown"
"5020561",378674,2026-05-02 20:36:34,28.7668132781982,-17.7262210845947,"Unknown"
"5020561",378674,2026-05-02 20:37:34,28.7668399810791,-17.726203918457,"Unknown"
"5020561",378674,2026-05-02 20:38:33,28.7668418884277,-17.7261753082275,"Unknown"
"5020561",378674,2026-05-02 20:39:34,28.7668590545654,-17.7261657714844,"Unknown"
"5020561",378674,2026-05-02 20:40:33,28.7668685913086,-17.7261695861816,"Unknown"
"5020561",378674,2026-05-02 20:41:34,28.7668762207031,-17.7261657714844,"Unknown"
"5020561",378674,2026-05-02 20:42:34,28.7668743133545,-17.7261581420898,"Unknown"
"5020561",378674,2026-05-02 20:43:34,28.7669010162354,-17.7261371612549,"Unknown"
"5020561",378674,2026-05-02 20:44:33,28.7669353485107,-17.7260913848877,"Unknown"
"5020561",378674,2026-05-02 20:45:34,28.766975402832,-17.7260608673096,"Unknown"
"5020561",378674,2026-05-02 20:46:34,28.7669448852539,-17.7260437011719,"Unknown"
"5020561",378674,2026-05-02 20:47:34,28.7669582366943,-17.7260608673096,"Unknown"
"5020561",378674,2026-05-02 20:48:34,28.7669982910156,-17.726053237915,"Unknown"
"5020561",378674,2026-05-02 20:49:34,28.7670383453369,-17.7260322570801,"Unknown"
"5020561",378674,2026-05-02 20:50:33,28.7670669555664,-17.7260322570801,"Unknown"
"5020561",378674,2026-05-02 20:51:33,28.767053604126,-17.7260208129883,"Unknown"
"5020561",378674,2026-05-02 20:52:34,28.7670593261719,-17.7260131835938,"Unknown"
"5020561",378674,2026-05-02 20:53:34,28.7682971954346,-17.7282886505127,"Unknown"
"5020561",378674,2026-05-02 20:54:34,28.7683200836182,-17.7282257080078,"Unknown"
"5020561",378674,2026-05-02 20:55:34,28.7683620452881,-17.7281360626221,"Unknown"
"5020561",378674,2026-05-02 20:56:33,28.768383026123,-17.7280654907227,"Unknown"
"5020561",378674,2026-05-02 20:57:33,28.7684192657471,-17.7279758453369,"Unknown"
"5020561",378674,2026-05-02 20:58:34,28.7684535980225,-17.727933883667,"Unknown"
"5020561",378674,2026-05-02 20:59:33,28.7684783935547,-17.7278442382812,"Unknown"
"5020561",378674,2026-05-02 21:00:33,28.768482208252,-17.7277488708496,"Unknown"
"5020561",378674,2026-05-02 21:01:33,28.76780128479,-17.7308540344238,"Unknown"
"5020561",378674,2026-05-02 21:02:33,28.7677726745605,-17.7362594604492,"Unknown"
"5020561",378674,2026-05-02 21:03:34,28.7671051025391,-17.7397747039795,"Unknown"
"5020561",378674,2026-05-02 21:04:34,28.7678565979004,-17.7433490753174,"Unknown"
"5020561",378674,2026-05-02 21:05:34,28.7687015533447,-17.7459259033203,"Unknown"
"5020561",378674,2026-05-02 21:06:34,28.765604019165,-17.7500858306885,"Unknown"
"5020561",378674,2026-05-02 21:07:37,28.7650585174561,-17.7526836395264,"Unknown"
"5020561",378674,2026-05-02 21:08:34,28.7653350830078,-17.7530345916748,"Unknown"
"5020561",378674,2026-05-02 21:09:36,28.7637615203857,-17.7549495697021,"Unknown"
"5020561",378674,2026-05-02 21:10:34,28.763542175293,-17.7559947967529,"Unknown"
"5020561",378674,2026-05-02 21:11:37,28.7630825042725,-17.7562427520752,"Unknown"
"5020561",378674,2026-05-02 21:12:35,28.7638320922852,-17.7564468383789,"Unknown"
"5020561",378674,2026-05-02 21:13:36,28.7636032104492,-17.7563610076904,"Unknown"
"5020561",378674,2026-05-02 21:14:50,28.764087677002,-17.7562866210938,"Unknown"
"5020561",378674,2026-05-02 21:15:37,28.7647323608398,-17.7561511993408,"Unknown"
"5020561",378674,2026-05-02 21:16:39,28.7641048431396,-17.7562255859375,"Unknown"
"5020561",378674,2026-05-02 21:17:39,28.7645378112793,-17.7561702728271,"Unknown"
"5020561",378674,2026-05-02 21:19:05,28.7636642456055,-17.7563571929932,"Unknown"
"5020561",378674,2026-05-02 21:19:38,28.7645053863525,-17.756160736084,"Unknown"
"5020561",378674,2026-05-02 21:20:41,28.7641429901123,-17.756233215332,"Unknown"
"5020561",378674,2026-05-02 21:21:37,28.764497756958,-17.75608253479,"Unknown"
"5020561",378674,2026-05-02 21:22:54,28.7641181945801,-17.7562255859375,"Unknown"
"5020561",378674,2026-05-02 21:23:44,28.7640361785889,-17.7562408447266,"Unknown"
"5020561",378674,2026-05-02 21:24:43,28.7647361755371,-17.7560691833496,"Unknown"
"5020561",378674,2026-05-02 21:26:12,28.7641468048096,-17.7560844421387,"Unknown"
"5020561",378674,2026-05-02 21:27:28,28.7637557983398,-17.7563076019287,"Unknown"
"5020561",378674,2026-05-02 21:28:17,28.7643146514893,-17.7561111450195,"Unknown"
"5020561",378674,2026-05-02 21:28:35,28.7642593383789,-17.7562198638916,"Unknown"
"5020561",378674,2026-05-02 21:30:02,28.7636451721191,-17.7563610076904,"Unknown"
"5020561",378674,2026-05-02 21:30:34,28.7643909454346,-17.7561130523682,"Unknown"
"5020561",378674,2026-05-02 21:31:43,28.7635288238525,-17.7563991546631,"Unknown"
"5020561",378674,2026-05-02 21:32:41,28.7638645172119,-17.7564373016357,"Unknown"
"5020561",378674,2026-05-02 21:33:44,28.7635746002197,-17.7563877105713,"Unknown"
"5020561",378674,2026-05-02 21:35:59,28.7635974884033,-17.7563571929932,"Unknown"
"5020561",378674,2026-05-02 21:36:08,28.7635974884033,-17.7563419342041,"Unknown"
"5020561",378674,2026-05-02 21:38:04,28.7636299133301,-17.756368637085,"Unknown"
"5020561",378674,2026-05-02 21:38:05,28.7636337280273,-17.7563667297363,"Unknown"
"5020561",378674,2026-05-02 21:40:33,28.7636032104492,-17.7563495635986,"Unknown"
"5020561",378674,2026-05-02 21:40:36,28.7636013031006,-17.7563514709473,"Unknown"
"5020561",378674,2026-05-02 21:42:33,28.7636032104492,-17.7563171386719,"Unknown"
"5020561",378674,2026-05-02 21:42:34,28.7636032104492,-17.7563171386719,"Unknown"
"5020561",378674,2026-05-02 21:43:40,28.7635345458984,-17.7563743591309,"Unknown"
"5020561",378674,2026-05-02 21:44:42,28.7636108398438,-17.7563591003418,"Unknown"
"5020561",378674,2026-05-02 21:45:42,28.7635746002197,-17.7563762664795,"Unknown"
"5020561",378674,2026-05-02 21:46:40,28.7636604309082,-17.7563247680664,"Unknown"
"5020561",378674,2026-05-02 21:47:39,28.7636165618896,-17.7563533782959,"Unknown"
"5020561",378674,2026-05-02 21:48:41,28.7638034820557,-17.7562503814697,"Unknown"
"5020561",378674,2026-05-02 21:49:40,28.7635726928711,-17.7563972473145,"Unknown"
"5020561",378674,2026-05-02 21:50:37,28.7635707855225,-17.7564010620117,"Unknown"
"5020561",378674,2026-05-02 21:51:37,28.7636184692383,-17.7563724517822,"Unknown"
"5020561",378674,2026-05-02 21:52:39,28.7635974884033,-17.7564029693604,"Unknown"
"5020561",378674,2026-05-02 21:53:39,28.7636051177979,-17.7564373016357,"Unknown"
"5020561",378674,2026-05-02 21:54:37,28.7636451721191,-17.7564506530762,"Unknown"
"5020561",378674,2026-05-02 21:55:38,28.7637348175049,-17.7562923431396,"Unknown"
"5020561",378674,2026-05-02 21:56:40,28.7636260986328,-17.7564239501953,"Unknown"
"5020561",378674,2026-05-02 21:57:39,28.7636280059814,-17.7564010620117,"Unknown"
"5020561",378674,2026-05-02 21:58:37,28.7636032104492,-17.7564105987549,"Unknown"
"5020561",378674,2026-05-02 21:59:37,28.7636241912842,-17.7563877105713,"Unknown"
"5020561",378674,2026-05-02 22:02:02,28.7636108398438,-17.756420135498,"Unknown"
"5020561",378674,2026-05-02 22:02:25,28.7636165618896,-17.7564144134521,"Unknown"
"5020561",378674,2026-05-02 22:03:07,28.7636737823486,-17.7563705444336,"Unknown"
"5020561",378674,2026-05-02 22:04:05,28.7636489868164,-17.7564239501953,"Unknown"
"5020561",378674,2026-05-02 22:05:08,28.7636566162109,-17.756383895874,"Unknown"
"5020561",378674,2026-05-02 22:06:06,28.7636489868164,-17.7564125061035,"Unknown"
"5020561",378674,2026-05-02 22:07:06,28.7636222839355,-17.7563953399658,"Unknown"
"5020561",378674,2026-05-02 22:08:09,28.763635635376,-17.7563877105713,"Unknown"
"5020561",378674,2026-05-02 22:09:08,28.763635635376,-17.7564296722412,"Unknown"
"5020561",378674,2026-05-02 22:10:06,28.7636528015137,-17.7564067840576,"Unknown"
"5020561",378674,2026-05-04 05:36:32,28.7743244171143,-17.7379970550537,"Unknown"
"5020561",378674,2026-05-04 07:36:18,28.5610637664795,-17.2024192810059,"Unknown"
"5020561",378674,2026-05-04 09:37:02,28.5354042053223,-17.1199131011963,"Unknown"
"5020561",378674,2026-05-04 09:46:08,28.5284366607666,-17.1179084777832,"Unknown"
"5020561",378674,2026-05-04 09:56:08,28.5245800018311,-17.130313873291,"Unknown"
"5020561",378674,2026-05-04 10:06:25,28.5189838409424,-17.1353282928467,"Unknown"
"5020561",378674,2026-05-04 10:16:06,28.5129451751709,-17.1344890594482,"Unknown"
"5020561",378674,2026-05-04 10:26:08,28.5099449157715,-17.1398754119873,"Unknown"
"5020561",378674,2026-05-04 10:36:09,28.504976272583,-17.1393165588379,"Unknown"
"5020561",378674,2026-05-04 10:41:08,28.5048656463623,-17.1396560668945,"Unknown"
"5020561",378674,2026-05-04 10:46:06,28.5048141479492,-17.1399936676025,"Unknown"
"5020561",378674,2026-05-04 10:51:08,28.5047340393066,-17.1403961181641,"Unknown"
"5020561",378674,2026-05-04 10:56:06,28.5046482086182,-17.140811920166,"Unknown"
"5020561",378674,2026-05-04 11:01:06,28.5046577453613,-17.1412391662598,"Unknown"
"5020561",378674,2026-05-04 11:06:06,28.5047569274902,-17.1416511535645,"Unknown"
"5020561",378674,2026-05-04 11:11:06,28.5048789978027,-17.142032623291,"Unknown"
"5020561",378674,2026-05-04 11:16:33,28.5050468444824,-17.142427444458,"Unknown"
"5020561",378674,2026-05-04 11:21:07,28.505241394043,-17.1427516937256,"Unknown"
"5020561",378674,2026-05-04 11:26:06,28.505521774292,-17.1431503295898,"Unknown"
"5020561",378674,2026-05-04 11:31:06,28.5058002471924,-17.1435737609863,"Unknown"
"5020561",378674,2026-05-04 11:36:06,28.5060539245605,-17.1440296173096,"Unknown"
"5020561",378674,2026-05-04 11:41:06,28.5062446594238,-17.1445140838623,"Unknown"
"5020561",378674,2026-05-04 11:46:06,28.5064792633057,-17.1450328826904,"Unknown"
"5020561",378674,2026-05-04 11:51:07,28.5066184997559,-17.1455249786377,"Unknown"
"5020561",378674,2026-05-04 11:56:08,28.5067691802979,-17.1460151672363,"Unknown"
"5020561",378674,2026-05-04 12:01:06,28.5069198608398,-17.1464462280273,"Unknown"
"5020561",378674,2026-05-04 12:06:08,28.5072059631348,-17.1469688415527,"Unknown"
"5020561",378674,2026-05-04 12:11:09,28.5075607299805,-17.1474304199219,"Unknown"
"5020561",378674,2026-05-04 12:16:07,28.5077953338623,-17.1478862762451,"Unknown"
"5020561",378674,2026-05-04 12:21:08,28.5080680847168,-17.1483383178711,"Unknown"
"5020561",378674,2026-05-04 12:26:08,28.5084075927734,-17.1487655639648,"Unknown"
"5020561",378674,2026-05-04 12:31:09,28.5089569091797,-17.1491794586182,"Unknown"
"5020561",378674,2026-05-04 12:36:09,28.5094089508057,-17.1495380401611,"Unknown"
"5020561",378674,2026-05-04 12:41:09,28.5098133087158,-17.149881362915,"Unknown"
"5020561",378674,2026-05-04 12:46:10,28.5102672576904,-17.1502094268799,"Unknown"
"5020561",378674,2026-05-04 12:51:11,28.510669708252,-17.150505065918,"Unknown"
"5020561",378674,2026-05-04 12:56:10,28.5110645294189,-17.1508502960205,"Unknown"
"5020561",378674,2026-05-04 13:01:11,28.5113105773926,-17.1511459350586,"Unknown"
"5020561",378674,2026-05-04 13:06:33,28.5118274688721,-17.1513557434082,"Unknown"
"5020561",378674,2026-05-04 13:11:07,28.5121974945068,-17.1515712738037,"Unknown"
"5020561",378674,2026-05-04 13:16:07,28.5125122070312,-17.1517810821533,"Unknown"
"5020561",378674,2026-05-04 13:21:07,28.5129108428955,-17.1519908905029,"Unknown"
"5020561",378674,2026-05-04 13:26:07,28.5132465362549,-17.15234375,"Unknown"
"5020561",378674,2026-05-04 13:31:07,28.5135402679443,-17.1523780822754,"Unknown"
"5020561",378674,2026-05-04 13:36:07,28.5138149261475,-17.1524810791016,"Unknown"
"5020561",378674,2026-05-04 13:41:07,28.5140972137451,-17.1525592803955,"Unknown"
"5020561",378674,2026-05-04 13:46:06,28.5010108947754,-17.143482208252,"Unknown"
"5020561",378674,2026-05-04 13:51:07,28.4972267150879,-17.1469841003418,"Unknown"
"5020561",378674,2026-05-04 13:56:07,28.4976482391357,-17.15012550354,"Unknown"
"5020561",378674,2026-05-04 14:01:07,28.4960155487061,-17.1535453796387,"Unknown"
"5020561",378674,2026-05-04 14:06:07,28.4922771453857,-17.1625785827637,"Unknown"
"5020561",378674,2026-05-04 14:11:08,28.492488861084,-17.169397354126,"Unknown"
"5020561",378674,2026-05-04 14:16:08,28.4963321685791,-17.1711158752441,"Unknown"
"5020561",378674,2026-05-04 14:21:10,28.4968929290771,-17.1714782714844,"Unknown"
"5020561",378674,2026-05-04 14:26:07,28.4952011108398,-17.1810493469238,"Unknown"
"5020561",378674,2026-05-04 14:31:07,28.4955749511719,-17.1813449859619,"Unknown"
"5020561",378674,2026-05-04 14:36:09,28.4958477020264,-17.1813678741455,"Unknown"
"5020561",378674,2026-05-04 14:41:09,28.4960460662842,-17.1815052032471,"Unknown"
"5020561",378674,2026-05-04 14:46:09,28.496488571167,-17.1818771362305,"Unknown"
"5020561",378674,2026-05-04 14:51:09,28.496919631958,-17.1821098327637,"Unknown"
"5020561",378674,2026-05-04 14:56:09,28.4972591400146,-17.1822319030762,"Unknown"
"5020561",378674,2026-05-04 15:01:33,28.497652053833,-17.182409286499,"Unknown"
"5020561",378674,2026-05-04 15:06:08,28.4980983734131,-17.1826934814453,"Unknown"
"5020561",378674,2026-05-04 15:11:07,28.4984035491943,-17.1829090118408,"Unknown"
"5020561",378674,2026-05-04 15:16:08,28.4987411499023,-17.1831378936768,"Unknown"
"5020561",378674,2026-05-04 15:21:07,28.4990539550781,-17.1834354400635,"Unknown"
"5020561",378674,2026-05-04 15:26:07,28.4995040893555,-17.1837043762207,"Unknown"
"5020561",378674,2026-05-04 15:31:07,28.5080795288086,-17.1893119812012,"Unknown"
"5020561",378674,2026-05-04 15:36:07,28.5151329040527,-17.190055847168,"Unknown"
"5020561",378674,2026-05-04 15:41:07,28.5156021118164,-17.1899166107178,"Unknown"
"5020561",378674,2026-05-04 15:46:07,28.5164737701416,-17.1939735412598,"Unknown"
"5020561",378674,2026-05-04 15:51:07,28.5149822235107,-17.1941814422607,"Unknown"
"5020561",378674,2026-05-04 15:56:07,28.5139846801758,-17.1996078491211,"Unknown"
"5020561",378674,2026-05-04 16:01:07,28.5139102935791,-17.2134132385254,"Unknown"
"5020561",378674,2026-05-04 16:06:08,28.5152359008789,-17.2171745300293,"Unknown"
"5020561",378674,2026-05-04 16:11:08,28.5131282806396,-17.2229442596436,"Unknown"
"5020561",378674,2026-05-04 16:16:07,28.5147018432617,-17.2297668457031,"Unknown"
"5020561",378674,2026-05-04 16:21:07,28.5147438049316,-17.2344741821289,"Unknown"
"5020561",378674,2026-05-04 16:26:08,28.5187225341797,-17.2350273132324,"Unknown"
"5020561",378674,2026-05-04 16:31:07,28.5185413360596,-17.2385349273682,"Unknown"
"5020561",378674,2026-05-04 16:36:08,28.5148868560791,-17.2397289276123,"Unknown"
"5020561",378674,2026-05-04 16:41:09,28.5021934509277,-17.2481174468994,"Unknown"
"5020561",378674,2026-05-04 16:46:08,28.5033683776855,-17.2534198760986,"Unknown"
"5020561",378674,2026-05-04 16:51:08,28.5036525726318,-17.2572689056396,"Unknown"
"5020561",378674,2026-05-04 16:56:10,28.4999561309814,-17.2645950317383,"Unknown"
"5020561",378674,2026-05-04 17:01:12,28.5000801086426,-17.2644901275635,"Unknown"
"5020561",378674,2026-05-04 17:06:08,28.4884757995605,-17.2584743499756,"Unknown"
"5020561",378674,2026-05-04 17:11:11,28.4801616668701,-17.2438316345215,"Unknown"
"5020561",378674,2026-05-04 17:16:33,28.4801540374756,-17.2433605194092,"Unknown"
"5020561",378674,2026-05-04 17:21:07,28.4694442749023,-17.2252292633057,"Unknown"
"5020561",378674,2026-05-04 17:26:07,28.4469890594482,-17.2117481231689,"Unknown"
"5020561",378674,2026-05-04 17:31:07,28.4268951416016,-17.1915454864502,"Unknown"
"5020561",378674,2026-05-04 17:36:07,28.4039325714111,-17.1968975067139,"Unknown"
"5020561",378674,2026-05-04 17:41:07,28.4042205810547,-17.1966571807861,"Unknown"
"5020561",378674,2026-05-04 17:46:07,28.4024486541748,-17.1952896118164,"Unknown"
"5020561",378674,2026-05-04 17:51:07,28.4024848937988,-17.1950378417969,"Unknown"
"5020561",378674,2026-05-04 17:56:08,28.4015312194824,-17.1967639923096,"Unknown"
"5020561",378674,2026-05-04 18:01:08,28.3982162475586,-17.1983165740967,"Unknown"
"5020561",378674,2026-05-04 18:06:08,28.3961219787598,-17.1918106079102,"Unknown"
"5020561",378674,2026-05-04 18:11:08,28.3942737579346,-17.1877288818359,"Unknown"
"5020561",378674,2026-05-04 18:16:07,28.3928203582764,-17.1819515228271,"Unknown"
"5020561",378674,2026-05-04 18:21:09,28.389965057373,-17.1769771575928,"Unknown"
"5020561",378674,2026-05-04 18:26:07,28.3870601654053,-17.171407699585,"Unknown"
"5020561",378674,2026-05-04 18:31:08,28.384693145752,-17.1676006317139,"Unknown"
"5020561",378674,2026-05-04 18:36:08,28.3831748962402,-17.1635074615479,"Unknown"
"5020561",378674,2026-05-04 18:41:08,28.3799915313721,-17.1565246582031,"Unknown"
"5020561",378674,2026-05-04 18:46:07,28.3776912689209,-17.1569519042969,"Unknown"
"5020561",378674,2026-05-04 18:51:08,28.3814296722412,-17.1486263275146,"Unknown"
"5020561",378674,2026-05-04 18:56:09,28.3803405761719,-17.1409873962402,"Unknown"
"5020561",378674,2026-05-04 19:01:09,28.3798122406006,-17.1362590789795,"Unknown"
"5020561",378674,2026-05-04 19:07:21,28.3780117034912,-17.1268348693848,"Unknown"
"5020561",378674,2026-05-04 19:11:06,28.3739967346191,-17.1216506958008,"Unknown"
"5020561",378674,2026-05-04 19:16:08,28.3755702972412,-17.1256275177002,"Unknown"
"5020561",378674,2026-05-04 19:21:09,28.3738746643066,-17.1279411315918,"Unknown"
"5020561",378674,2026-05-04 19:26:09,28.3735103607178,-17.1274852752686,"Unknown"
"5020561",378674,2026-05-04 19:31:10,28.3710956573486,-17.1318168640137,"Unknown"
"5020561",378674,2026-05-04 19:36:09,28.3708572387695,-17.1313037872314,"Unknown"
"5020561",378674,2026-05-04 19:41:10,28.3705101013184,-17.1309242248535,"Unknown"
"5020561",378674,2026-05-04 19:46:09,28.3701438903809,-17.1304092407227,"Unknown"
"5020561",378674,2026-05-04 19:51:10,28.3696804046631,-17.129940032959,"Unknown"
"5020561",378674,2026-05-04 19:56:11,28.3692359924316,-17.1296253204346,"Unknown"
"5020561",378674,2026-05-04 20:01:32,28.3687763214111,-17.1291961669922,"Unknown"
"5020561",378674,2026-05-04 20:06:07,28.3683338165283,-17.1287860870361,"Unknown"
"5020561",378674,2026-05-04 20:11:07,28.3678073883057,-17.1284008026123,"Unknown"
"5020561",378674,2026-05-04 20:16:07,28.3673343658447,-17.1282787322998,"Unknown"
"5020561",378674,2026-05-04 20:21:07,28.3666172027588,-17.1279773712158,"Unknown"
"5020561",378674,2026-05-04 20:26:06,28.3654975891113,-17.1268482208252,"Unknown"
"5020561",378674,2026-05-04 20:31:07,28.3645648956299,-17.1264629364014,"Unknown"
"5020561",378674,2026-05-04 20:36:07,28.3636207580566,-17.1261405944824,"Unknown"
"5020561",378674,2026-05-04 20:41:07,28.3621864318848,-17.1245250701904,"Unknown"
"5020561",378674,2026-05-04 20:46:07,28.3614845275879,-17.1243877410889,"Unknown"
"5020561",378674,2026-05-04 20:51:07,28.3607311248779,-17.1242046356201,"Unknown"
"5020561",378674,2026-05-04 20:56:07,28.3599948883057,-17.1241264343262,"Unknown"
"5020561",378674,2026-05-04 21:01:07,28.3592472076416,-17.124116897583,"Unknown"
"5020561",378674,2026-05-04 21:06:07,28.3585300445557,-17.1241245269775,"Unknown"
"5020561",378674,2026-05-04 21:11:07,28.3577919006348,-17.1241683959961,"Unknown"
"5020561",378674,2026-05-04 21:16:08,28.357048034668,-17.1237945556641,"Unknown"
"5020561",378674,2026-05-04 21:21:09,28.3563804626465,-17.1239585876465,"Unknown"
"5020561",378674,2026-05-04 21:26:07,28.3557243347168,-17.1241626739502,"Unknown"
"5020561",378674,2026-05-04 21:31:08,28.3550720214844,-17.1244430541992,"Unknown"
"5020561",378674,2026-05-04 21:36:07,28.3545379638672,-17.1248950958252,"Unknown"
"5020561",378674,2026-05-04 21:41:08,28.3540134429932,-17.1252422332764,"Unknown"
"5020561",378674,2026-05-04 21:46:08,28.3534641265869,-17.1257190704346,"Unknown"
"5020561",378674,2026-05-04 21:51:08,28.3530120849609,-17.1262073516846,"Unknown"
"5020561",378674,2026-05-04 21:56:07,28.3526134490967,-17.1267147064209,"Unknown"
"5020561",378674,2026-05-04 22:01:08,28.3522453308105,-17.1272296905518,"Unknown"
"5020561",378674,2026-05-04 22:06:08,28.351842880249,-17.127815246582,"Unknown"
"5020561",378674,2026-05-04 22:11:09,28.3514175415039,-17.1284141540527,"Unknown"
"5020561",378674,2026-05-04 22:16:07,28.3510112762451,-17.1289958953857,"Unknown"
"5020561",378674,2026-05-04 22:21:07,28.3506278991699,-17.129638671875,"Unknown"
"5020561",378674,2026-05-04 22:26:07,28.3502502441406,-17.130298614502,"Unknown"
"5020561",378674,2026-05-04 22:31:07,28.3499279022217,-17.1310157775879,"Unknown"
"5020561",378674,2026-05-04 22:36:10,28.3510875701904,-17.1321201324463,"Unknown"
"5020561",378674,2026-05-04 22:41:09,28.3508434295654,-17.1329326629639,"Unknown"
"5020561",378674,2026-05-04 22:46:13,28.3511085510254,-17.1337776184082,"Unknown"
"5020561",378674,2026-05-04 22:51:08,28.3509521484375,-17.1345500946045,"Unknown"
"5020561",378674,2026-05-04 22:56:33,28.3508338928223,-17.1353282928467,"Unknown"
"5020561",378674,2026-05-04 23:01:07,28.3507194519043,-17.1360492706299,"Unknown"
"5020561",378674,2026-05-04 23:06:06,28.3505210876465,-17.1367015838623,"Unknown"
"5020561",378674,2026-05-04 23:11:06,28.3503856658936,-17.1373386383057,"Unknown"
"5020561",378674,2026-05-04 23:16:07,28.3502540588379,-17.1379871368408,"Unknown"
"5020561",378674,2026-05-04 23:21:06,28.350170135498,-17.1385631561279,"Unknown"
"5020561",378674,2026-05-04 23:26:06,28.3501377105713,-17.1391639709473,"Unknown"
"5020561",378674,2026-05-04 23:31:07,28.3499298095703,-17.1393413543701,"Unknown"
"5020561",378674,2026-05-04 23:36:06,28.3500061035156,-17.1399116516113,"Unknown"
"5020561",378674,2026-05-04 23:41:07,28.3500919342041,-17.1404685974121,"Unknown"
"5020561",378674,2026-05-04 23:46:06,28.3501949310303,-17.1405963897705,"Unknown"
"5020561",378674,2026-05-04 23:51:08,28.3502902984619,-17.1411113739014,"Unknown"
"5020561",378674,2026-05-04 23:56:07,28.3504619598389,-17.1415824890137,"Unknown"
"5020561",378674,2026-05-05 00:01:06,28.3505954742432,-17.1420402526855,"Unknown"
"5020561",378674,2026-05-05 00:06:08,28.3507194519043,-17.1425609588623,"Unknown"
"5020561",378674,2026-05-05 00:11:06,28.3508453369141,-17.1431064605713,"Unknown"
"5020561",378674,2026-05-05 00:16:07,28.3509635925293,-17.1437320709229,"Unknown"
"5020561",378674,2026-05-05 00:21:08,28.3511180877686,-17.1442928314209,"Unknown"
"5020561",378674,2026-05-05 00:26:08,28.3512229919434,-17.1448745727539,"Unknown"
"5020561",378674,2026-05-05 00:31:07,28.3513622283936,-17.1454620361328,"Unknown"
"5020561",378674,2026-05-05 00:36:11,28.3515224456787,-17.1461219787598,"Unknown"
"5020561",378674,2026-05-05 00:41:07,28.3517303466797,-17.1466865539551,"Unknown"
"5020561",378674,2026-05-05 00:46:09,28.3520069122314,-17.1472072601318,"Unknown"
"5020561",378674,2026-05-05 00:51:07,28.3523235321045,-17.1477794647217,"Unknown"
"5020561",378674,2026-05-05 00:56:08,28.3526821136475,-17.148307800293,"Unknown"
"5020561",378674,2026-05-05 01:01:08,28.3530445098877,-17.1488380432129,"Unknown"
"5020561",378674,2026-05-05 01:06:10,28.3534717559814,-17.1493949890137,"Unknown"
"5020561",378674,2026-05-05 01:11:09,28.3538227081299,-17.1500110626221,"Unknown"
"5020561",378674,2026-05-05 01:16:33,28.3543319702148,-17.1507511138916,"Unknown"
"5020561",378674,2026-05-05 01:21:06,28.3548069000244,-17.1512889862061,"Unknown"
"5020561",378674,2026-05-05 01:26:07,28.3545207977295,-17.1505012512207,"Unknown"
"5020561",378674,2026-05-05 01:31:08,28.3550090789795,-17.1510047912598,"Unknown"
"5020561",378674,2026-05-05 01:36:07,28.3555030822754,-17.1514682769775,"Unknown"
"5020561",378674,2026-05-05 01:41:08,28.355936050415,-17.1520137786865,"Unknown"
"5020561",378674,2026-05-05 01:46:06,28.3564434051514,-17.152645111084,"Unknown"
"5020561",378674,2026-05-05 01:51:07,28.3569030761719,-17.1532402038574,"Unknown"
"5020561",378674,2026-05-05 01:56:07,28.3573417663574,-17.153715133667,"Unknown"
"5020561",378674,2026-05-05 02:01:07,28.3574905395508,-17.1537265777588,"Unknown"
"5020561",378674,2026-05-05 02:06:06,28.3580284118652,-17.1543273925781,"Unknown"
"5020561",378674,2026-05-05 02:11:06,28.3585739135742,-17.1547107696533,"Unknown"
"5020561",378674,2026-05-05 02:16:07,28.358907699585,-17.1551055908203,"Unknown"
"5020561",378674,2026-05-05 02:21:07,28.3594188690186,-17.1555328369141,"Unknown"
"5020561",378674,2026-05-05 02:26:06,28.3600425720215,-17.1560478210449,"Unknown"
"5020561",378674,2026-05-05 02:31:06,28.3605499267578,-17.1564769744873,"Unknown"
"5020561",378674,2026-05-05 02:36:07,28.3598861694336,-17.1553764343262,"Unknown"
"5020561",378674,2026-05-05 02:41:08,28.3595848083496,-17.1550159454346,"Unknown"
"5020561",378674,2026-05-05 02:46:08,28.3600635528564,-17.1554565429688,"Unknown"
"5020561",378674,2026-05-05 02:51:08,28.3605480194092,-17.1558780670166,"Unknown"
"5020561",378674,2026-05-05 02:56:07,28.360990524292,-17.1562957763672,"Unknown"
"5020561",378674,2026-05-05 03:01:33,28.3614559173584,-17.1567840576172,"Unknown"
"5020561",378674,2026-05-05 03:06:06,28.3618106842041,-17.1571979522705,"Unknown"
"5020561",378674,2026-05-05 03:11:07,28.3622303009033,-17.1575908660889,"Unknown"
"5020561",378674,2026-05-05 03:16:06,28.3626079559326,-17.1579494476318,"Unknown"
"5020561",378674,2026-05-05 03:21:06,28.3629684448242,-17.1583137512207,"Unknown"
"5020561",378674,2026-05-05 03:26:07,28.3634033203125,-17.158597946167,"Unknown"
"5020561",378674,2026-05-05 03:31:07,28.3637161254883,-17.1588096618652,"Unknown"
"5020561",378674,2026-05-05 03:36:07,28.3639831542969,-17.1590976715088,"Unknown"
"5020561",378674,2026-05-05 03:41:07,28.3642311096191,-17.1593208312988,"Unknown"
"5020561",378674,2026-05-05 03:46:09,28.3646049499512,-17.1596488952637,"Unknown"
"5020561",378674,2026-05-05 03:51:33,28.3647842407227,-17.1598663330078,"Unknown"
"5020561",378674,2026-05-05 03:56:06,28.3649806976318,-17.1600494384766,"Unknown"
"5020561",378674,2026-05-05 04:01:07,28.3651695251465,-17.1602745056152,"Unknown"
"5020561",378674,2026-05-05 04:06:06,28.3652210235596,-17.1600914001465,"Unknown"
"5020561",378674,2026-05-05 04:11:07,28.3649520874023,-17.1598072052002,"Unknown"
"5020561",378674,2026-05-05 04:16:07,28.3650798797607,-17.1599884033203,"Unknown"
"5020561",378674,2026-05-05 04:21:07,28.3651275634766,-17.1601238250732,"Unknown"
"5020561",378674,2026-05-05 04:26:07,28.365571975708,-17.1606311798096,"Unknown"
"5020561",378674,2026-05-05 04:31:07,28.3656215667725,-17.1608562469482,"Unknown"
"5020561",378674,2026-05-05 04:36:07,28.3656253814697,-17.1611347198486,"Unknown"
"5020561",378674,2026-05-05 04:41:06,28.3656444549561,-17.1614418029785,"Unknown"
"5020561",378674,2026-05-05 04:46:07,28.3656597137451,-17.1617660522461,"Unknown"
"5020561",378674,2026-05-05 04:51:08,28.3656425476074,-17.1620655059814,"Unknown"
"5020561",378674,2026-05-05 04:56:06,28.3655452728271,-17.1623249053955,"Unknown"
"5020561",378674,2026-05-05 05:01:08,28.3654193878174,-17.1624450683594,"Unknown"
"5020561",378674,2026-05-05 05:06:08,28.3652648925781,-17.1625270843506,"Unknown"
"5020561",378674,2026-05-05 05:11:07,28.3650665283203,-17.1626014709473,"Unknown"
"5020561",378674,2026-05-05 05:16:08,28.3648376464844,-17.1626377105713,"Unknown"
"5020561",378674,2026-05-05 05:21:09,28.3645610809326,-17.1626014709473,"Unknown"
"5020561",378674,2026-05-05 05:26:09,28.3642730712891,-17.1625595092773,"Unknown"
"5020561",378674,2026-05-05 05:31:33,28.3639030456543,-17.1624622344971,"Unknown"
"5020561",378674,2026-05-05 05:36:07,28.363582611084,-17.1624088287354,"Unknown"
"5020561",378674,2026-05-05 05:41:07,28.3632698059082,-17.1623802185059,"Unknown"
"5020561",378674,2026-05-05 05:46:08,28.3630561828613,-17.1623821258545,"Unknown"
"5020561",378674,2026-05-05 05:51:06,28.3626880645752,-17.1623859405518,"Unknown"
"5020561",378674,2026-05-05 05:56:06,28.362283706665,-17.1623439788818,"Unknown"
"5020561",378674,2026-05-05 06:01:06,28.3619251251221,-17.1624336242676,"Unknown"
"5020561",378674,2026-05-05 06:06:08,28.3745460510254,-17.1670970916748,"Unknown"
"5020561",378674,2026-05-05 06:11:07,28.3983268737793,-17.1778011322021,"Unknown"
"5020561",378674,2026-05-05 06:16:09,28.4227390289307,-17.1858768463135,"Unknown"
"5020561",378674,2026-05-05 06:21:07,28.4275703430176,-17.1866970062256,"Unknown"
"5020561",378674,2026-05-05 06:26:07,28.4274463653564,-17.1870384216309,"Unknown"
"5020561",378674,2026-05-05 06:31:07,28.4414043426514,-17.1874713897705,"Unknown"
"5020561",378674,2026-05-05 06:36:07,28.467456817627,-17.1910095214844,"Unknown"
"5020561",378674,2026-05-05 06:41:06,28.4949569702148,-17.2005348205566,"Unknown"
"5020561",378674,2026-05-05 06:46:07,28.5209712982178,-17.2199935913086,"Unknown"
"5020561",378674,2026-05-05 06:51:09,28.5237731933594,-17.2261295318604,"Unknown"
"5020561",378674,2026-05-05 06:56:07,28.5239372253418,-17.226879119873,"Unknown"
"5020561",378674,2026-05-05 07:01:10,28.524055480957,-17.2276229858398,"Unknown"
"5020561",378674,2026-05-05 07:06:08,28.5242500305176,-17.2282810211182,"Unknown"
"5020561",378674,2026-05-05 07:11:08,28.5243492126465,-17.2290191650391,"Unknown"
"5020561",378674,2026-05-05 07:16:09,28.5244140625,-17.2298278808594,"Unknown"
"5020561",378674,2026-05-05 07:21:08,28.544942855835,-17.2291812896729,"Unknown"
"5020561",378674,2026-05-05 07:26:09,28.5671901702881,-17.220853805542,"Unknown"
"5020561",378674,2026-05-05 07:31:08,28.5822067260742,-17.2066974639893,"Unknown"
"5020561",378674,2026-05-05 07:37:32,28.6043357849121,-17.193567276001,"Unknown"
"5020561",378674,2026-05-05 07:42:32,28.6120529174805,-17.177001953125,"Unknown"
"5020561",378674,2026-05-05 07:47:32,28.6145687103271,-17.1541728973389,"Unknown"
"5020561",378674,2026-05-05 07:52:32,28.6155414581299,-17.1327476501465,"Unknown"
"5020561",378674,2026-05-05 07:56:33,28.6136112213135,-17.1324214935303,"Unknown"
"5020561",378674,2026-05-05 08:01:08,28.611141204834,-17.1320343017578,"Unknown"
"5020561",378674,2026-05-05 08:06:07,28.6092739105225,-17.1334018707275,"Unknown"
"5020561",378674,2026-05-05 08:11:07,28.6073169708252,-17.1330547332764,"Unknown"
"5020561",378674,2026-05-05 08:16:07,28.6062507629395,-17.1346054077148,"Unknown"
"5020561",378674,2026-05-05 08:21:06,28.6055240631104,-17.1371555328369,"Unknown"
"5020561",378674,2026-05-05 08:26:07,28.6039962768555,-17.1388359069824,"Unknown"
"5020561",378674,2026-05-05 08:31:07,28.6020832061768,-17.1394920349121,"Unknown"
"5020561",378674,2026-05-05 08:36:07,28.6006107330322,-17.1397247314453,"Unknown"
"5020561",378674,2026-05-05 08:41:07,28.6008834838867,-17.1405487060547,"Unknown"
"5020561",378674,2026-05-05 08:46:08,28.6009559631348,-17.1415576934814,"Unknown"
"5020561",378674,2026-05-05 08:51:07,28.6010589599609,-17.1425552368164,"Unknown"
"5020561",378674,2026-05-05 08:56:07,28.6012287139893,-17.1436462402344,"Unknown"
"5020561",378674,2026-05-05 09:01:08,28.6014270782471,-17.1446685791016,"Unknown"
"5020561",378674,2026-05-05 09:06:08,28.5979881286621,-17.1394481658936,"Unknown"
"5020561",378674,2026-05-05 09:11:08,28.5983657836914,-17.1403923034668,"Unknown"
"5020561",378674,2026-05-05 09:16:07,28.5986442565918,-17.1411018371582,"Unknown"
"5020561",378674,2026-05-05 09:21:08,28.5991439819336,-17.1420078277588,"Unknown"
"5020561",378674,2026-05-05 09:26:08,28.6034736633301,-17.1423683166504,"Unknown"
"5020561",378674,2026-05-05 09:31:08,28.608528137207,-17.1409683227539,"Unknown"
"5020561",378674,2026-05-05 09:36:33,28.6089096069336,-17.1345043182373,"Unknown"
"5020561",378674,2026-05-05 09:41:07,28.6082897186279,-17.1303558349609,"Unknown"
"5020561",378674,2026-05-05 09:46:08,28.6085968017578,-17.1312160491943,"Unknown"
"5020561",378674,2026-05-05 09:51:08,28.6090202331543,-17.132194519043,"Unknown"
"5020561",378674,2026-05-05 09:56:08,28.6094532012939,-17.1332187652588,"Unknown"
"5020561",378674,2026-05-05 10:01:32,28.6098613739014,-17.1342544555664,"Unknown"
"5020561",378674,2026-05-05 10:06:06,28.6102123260498,-17.1350364685059,"Unknown"
"5020561",378674,2026-05-05 10:11:07,28.6106071472168,-17.13596534729,"Unknown"
"5020561",378674,2026-05-05 10:16:07,28.6110191345215,-17.1369857788086,"Unknown"
"5020561",378674,2026-05-05 10:21:07,28.6114139556885,-17.1380653381348,"Unknown"
"5020561",378674,2026-05-05 10:26:07,28.6117973327637,-17.1391277313232,"Unknown"
"5020561",378674,2026-05-05 10:31:07,28.6122798919678,-17.1402454376221,"Unknown"
"5020561",378674,2026-05-05 10:36:08,28.6128063201904,-17.1413497924805,"Unknown"
"5020561",378674,2026-05-05 10:41:08,28.6133708953857,-17.1423950195312,"Unknown"
"5020561",378674,2026-05-05 10:46:08,28.6137046813965,-17.1434211730957,"Unknown"
"5020561",378674,2026-05-05 10:51:08,28.6140937805176,-17.1443939208984,"Unknown"
"5020561",378674,2026-05-05 10:56:07,28.6144332885742,-17.1453800201416,"Unknown"
"5020561",378674,2026-05-05 11:01:08,28.6148300170898,-17.1464233398438,"Unknown"
"5020561",378674,2026-05-05 11:06:08,28.6151733398438,-17.1474590301514,"Unknown"
"5020561",378674,2026-05-05 11:11:10,28.6156311035156,-17.1484756469727,"Unknown"
"5020561",378674,2026-05-05 11:16:10,28.6159858703613,-17.1495246887207,"Unknown"
"5020561",378674,2026-05-05 11:21:10,28.6162929534912,-17.150577545166,"Unknown"
"5020561",378674,2026-05-05 11:26:09,28.6191024780273,-17.155632019043,"Unknown"
"5020561",378674,2026-05-05 11:31:08,28.6195812225342,-17.1550407409668,"Unknown"
"5020561",378674,2026-05-05 11:36:10,28.6161422729492,-17.1485157012939,"Unknown"
"5020561",378674,2026-05-05 11:41:08,28.6150074005127,-17.1463565826416,"Unknown"
"5020561",378674,2026-05-05 11:46:09,28.6125564575195,-17.1403617858887,"Unknown"
"5020561",378674,2026-05-05 11:51:10,28.6129951477051,-17.1413116455078,"Unknown"
"5020561",378674,2026-05-05 11:56:10,28.610445022583,-17.1359424591064,"Unknown"
"5020561",378674,2026-05-05 12:01:10,28.6110935211182,-17.1366386413574,"Unknown"
"5020561",378674,2026-05-05 12:06:10,28.6116886138916,-17.1372585296631,"Unknown"
"5020561",378674,2026-05-05 12:11:12,28.6106796264648,-17.1334896087646,"Unknown"
"5020561",378674,2026-05-05 12:16:08,28.6126441955566,-17.1225700378418,"Unknown"
"5020561",378674,2026-05-05 12:21:10,28.6077117919922,-17.1212768554688,"Unknown"
"5020561",378674,2026-05-05 12:26:13,28.6069850921631,-17.1179389953613,"Unknown"
"5020561",378674,2026-05-05 12:31:11,28.6074275970459,-17.1183948516846,"Unknown"
"5020561",378674,2026-05-05 12:36:11,28.6078128814697,-17.118631362915,"Unknown"
"5020561",378674,2026-05-05 12:41:12,28.6084327697754,-17.1191215515137,"Unknown"
"5020561",378674,2026-05-05 12:46:11,28.6091575622559,-17.1198501586914,"Unknown"
"5020561",378674,2026-05-05 12:51:15,28.6099414825439,-17.1206531524658,"Unknown"
"5020561",378674,2026-05-05 12:56:12,28.610445022583,-17.1213283538818,"Unknown"
"5020561",378674,2026-05-05 13:01:33,28.6110515594482,-17.1219482421875,"Unknown"
"5020561",378674,2026-05-05 13:06:08,28.6116371154785,-17.1225490570068,"Unknown"
"5020561",378674,2026-05-05 13:11:08,28.6122875213623,-17.1230773925781,"Unknown"
"5020561",378674,2026-05-05 13:16:07,28.6126651763916,-17.1235980987549,"Unknown"
"5020561",378674,2026-05-05 13:21:08,28.6132144927979,-17.1240882873535,"Unknown"
"5020561",378674,2026-05-05 13:26:08,28.613639831543,-17.1244697570801,"Unknown"
"5020561",378674,2026-05-05 13:31:08,28.6141376495361,-17.1250438690186,"Unknown"
"5020561",378674,2026-05-05 13:36:08,28.6145858764648,-17.1255970001221,"Unknown"
"5020561",378674,2026-05-05 13:41:08,28.6150150299072,-17.1262893676758,"Unknown"
"5020561",378674,2026-05-05 13:46:08,28.6226177215576,-17.1390781402588,"Unknown"
"5020561",378674,2026-05-05 13:51:07,28.6224460601807,-17.1404476165771,"Unknown"
"5020561",378674,2026-05-05 13:56:11,28.61936378479,-17.1463718414307,"Unknown"
"5020561",378674,2026-05-05 14:01:08,28.6200180053711,-17.1470165252686,"Unknown"
"5020561",378674,2026-05-05 14:06:08,28.6207408905029,-17.1477203369141,"Unknown"
"5020561",378674,2026-05-05 14:11:08,28.6214809417725,-17.1485157012939,"Unknown"
"5020561",378674,2026-05-05 14:16:08,28.6223220825195,-17.1493167877197,"Unknown"
"5020561",378674,2026-05-05 14:21:10,28.6348209381104,-17.1599540710449,"Unknown"
"5020561",378674,2026-05-05 14:26:08,28.6355075836182,-17.1608047485352,"Unknown"
"5020561",378674,2026-05-05 14:31:08,28.6572074890137,-17.1550579071045,"Unknown"
"5020561",378674,2026-05-05 14:36:09,28.6663494110107,-17.154914855957,"Unknown"
"5020561",378674,2026-05-05 14:41:09,28.6673355102539,-17.1559104919434,"Unknown"
"5020561",378674,2026-05-05 14:46:08,28.6869411468506,-17.151948928833,"Unknown"
"5020561",378674,2026-05-05 14:51:09,28.6870822906494,-17.1598987579346,"Unknown"
"5020561",378674,2026-05-05 14:56:09,28.6882019042969,-17.1623344421387,"Unknown"
"5020561",378674,2026-05-05 15:01:33,28.6888999938965,-17.1666793823242,"Unknown"
"5020561",378674,2026-05-05 15:06:08,28.6888675689697,-17.1702251434326,"Unknown"
"5020561",378674,2026-05-05 15:11:08,28.6883354187012,-17.1747589111328,"Unknown"
"5020561",378674,2026-05-05 15:16:09,28.6874294281006,-17.179594039917,"Unknown"
"5020561",378674,2026-05-05 15:21:08,28.6876583099365,-17.1838779449463,"Unknown"
"5020561",378674,2026-05-05 15:26:07,28.6859722137451,-17.1893444061279,"Unknown"
"5020561",378674,2026-05-05 15:31:08,28.6868801116943,-17.193546295166,"Unknown"
"5020561",378674,2026-05-05 15:36:08,28.6878261566162,-17.1950645446777,"Unknown"
"5020561",378674,2026-05-05 15:41:08,28.6883201599121,-17.196102142334,"Unknown"
"5020561",378674,2026-05-05 15:46:08,28.6799087524414,-17.2078742980957,"Unknown"
"5020561",378674,2026-05-05 15:51:10,28.6815547943115,-17.2123851776123,"Unknown"
"5020561",378674,2026-05-05 15:56:08,28.6801681518555,-17.218391418457,"Unknown"
"5020561",378674,2026-05-05 16:01:09,28.6797409057617,-17.2221450805664,"Unknown"
"5020561",378674,2026-05-05 16:06:08,28.6781845092773,-17.2280502319336,"Unknown"
"5020561",378674,2026-05-05 16:11:08,28.6758422851562,-17.2314758300781,"Unknown"
"5020561",378674,2026-05-05 16:16:09,28.6762104034424,-17.234561920166,"Unknown"
"5020561",378674,2026-05-05 16:21:08,28.6744995117188,-17.2428092956543,"Unknown"
"5020561",378674,2026-05-05 16:26:08,28.6740646362305,-17.2470626831055,"Unknown"
"5020561",378674,2026-05-05 16:31:09,28.6741409301758,-17.2476005554199,"Unknown"
"5020561",378674,2026-05-05 16:36:08,28.6683006286621,-17.2480144500732,"Unknown"
"5020561",378674,2026-05-05 16:41:08,28.6657047271729,-17.2515926361084,"Unknown"
"5020561",378674,2026-05-05 16:46:07,28.6635513305664,-17.2554492950439,"Unknown"
"5020561",378674,2026-05-05 16:51:08,28.6608066558838,-17.2636470794678,"Unknown"
"5020561",378674,2026-05-05 16:56:08,28.6581745147705,-17.2689876556396,"Unknown"
"5020561",378674,2026-05-05 17:01:09,28.6583499908447,-17.2693119049072,"Unknown"
"5020561",378674,2026-05-05 17:06:08,28.6584491729736,-17.2696304321289,"Unknown"
"5020561",378674,2026-05-05 17:11:09,28.6585845947266,-17.2699680328369,"Unknown"
"5020561",378674,2026-05-05 17:16:10,28.658712387085,-17.2702312469482,"Unknown"
"5020561",378674,2026-05-05 17:21:09,28.6589088439941,-17.2704315185547,"Unknown"
"5020561",378674,2026-05-05 17:26:09,28.6592655181885,-17.2706317901611,"Unknown"
"5020561",378674,2026-05-05 17:31:09,28.6594829559326,-17.2708492279053,"Unknown"
"5020561",378674,2026-05-05 17:36:33,28.6593627929688,-17.271276473999,"Unknown"
"5020561",378674,2026-05-05 17:42:28,28.6594829559326,-17.2720108032227,"Unknown"
"5020561",378674,2026-05-05 17:47:28,28.6595993041992,-17.2725296020508,"Unknown"
"5020561",378674,2026-05-05 17:52:29,28.6668949127197,-17.2892055511475,"Unknown"
"5020561",378674,2026-05-05 17:57:28,28.6825408935547,-17.3249931335449,"Unknown"
"5020561",378674,2026-05-05 18:02:28,28.6922092437744,-17.3600082397461,"Unknown"
"5020561",378674,2026-05-05 18:07:28,28.7083148956299,-17.3936309814453,"Unknown"
"5020561",378674,2026-05-05 18:12:28,28.7129859924316,-17.4262943267822,"Unknown"
"5020561",378674,2026-05-05 18:17:28,28.7142906188965,-17.4279136657715,"Unknown"
"5020561",378674,2026-05-05 18:22:29,28.7250823974609,-17.4420833587646,"Unknown"
"5020561",378674,2026-05-05 18:27:28,28.7363910675049,-17.4798927307129,"Unknown"
"5020561",378674,2026-05-05 18:32:27,28.7439403533936,-17.5088558197021,"Unknown"
"5020561",378674,2026-05-05 18:37:29,28.7408828735352,-17.5040836334229,"Unknown"
"5020561",378674,2026-05-05 18:42:28,28.7381801605225,-17.499044418335,"Unknown"
"5020561",378674,2026-05-05 18:47:28,28.7367286682129,-17.4964046478271,"Unknown"
"5020561",378674,2026-05-05 18:52:28,28.7344932556152,-17.4989242553711,"Unknown"
"5020561",378674,2026-05-05 18:57:28,28.7350273132324,-17.4970169067383,"Unknown"
"5020561",378674,2026-05-05 19:02:29,28.733943939209,-17.4920482635498,"Unknown"
"5020561",378674,2026-05-05 19:07:27,28.7408218383789,-17.5255928039551,"Unknown"
"5020561",378674,2026-05-05 19:12:28,28.7524967193604,-17.5625953674316,"Unknown"
"5020561",378674,2026-05-05 19:17:28,28.7603950500488,-17.5765533447266,"Unknown"
"5020561",378674,2026-05-05 19:22:29,28.7681770324707,-17.6159400939941,"Unknown"
"5020561",378674,2026-05-05 19:27:27,28.7685852050781,-17.6584243774414,"Unknown"
"5020561",378674,2026-05-05 19:32:29,28.7729167938232,-17.699728012085,"Unknown"
"5020561",378674,2026-05-05 19:37:30,28.772970199585,-17.7222747802734,"Unknown"
"5020561",378674,2026-05-05 19:42:31,28.7736263275146,-17.7225589752197,"Unknown"
"5020561",378674,2026-05-05 19:47:31,28.7743854522705,-17.7228927612305,"Unknown"
"5020561",378674,2026-05-05 19:52:57,28.7752075195312,-17.7232551574707,"Unknown"
"5020561",378674,2026-05-05 19:57:31,28.7757320404053,-17.7235355377197,"Unknown"
"5020561",378674,2026-05-05 20:08:05,28.7674312591553,-17.7315444946289,"Unknown"
"5020561",378674,2026-05-05 20:12:27,28.7677574157715,-17.7321147918701,"Unknown"
"5020561",378674,2026-05-05 20:13:27,28.7678031921387,-17.7322120666504,"Unknown"
"5020561",378674,2026-05-05 20:14:27,28.76784324646,-17.7322788238525,"Unknown"
"5020561",378674,2026-05-05 20:15:27,28.7679290771484,-17.7323951721191,"Unknown"
"5020561",378674,2026-05-05 20:16:27,28.7680149078369,-17.7325134277344,"Unknown"
"5020561",378674,2026-05-05 20:17:26,28.7681350708008,-17.7326202392578,"Unknown"
"5020561",378674,2026-05-05 20:18:26,28.7681846618652,-17.7326507568359,"Unknown"
"5020561",378674,2026-05-05 20:19:27,28.7682151794434,-17.73268699646,"Unknown"
"5020561",378674,2026-05-05 20:20:27,28.7682971954346,-17.7327003479004,"Unknown"
"5020561",378674,2026-05-05 20:21:28,28.7683372497559,-17.7327709197998,"Unknown"
"5020561",378674,2026-05-05 20:22:27,28.7683391571045,-17.7328243255615,"Unknown"
"5020561",378674,2026-05-05 20:23:27,28.7683734893799,-17.7328815460205,"Unknown"
"5020561",378674,2026-05-05 20:24:26,28.7683086395264,-17.7329597473145,"Unknown"
"5020561",378674,2026-05-05 20:25:28,28.7670040130615,-17.7315502166748,"Unknown"
"5020561",378674,2026-05-05 20:26:26,28.7655811309814,-17.7312908172607,"Unknown"
"5020561",378674,2026-05-05 20:27:27,28.765718460083,-17.7314414978027,"Unknown"
"5020561",378674,2026-05-05 20:28:27,28.7658519744873,-17.7316036224365,"Unknown"
"5020561",378674,2026-05-05 20:29:27,28.7660179138184,-17.73171043396,"Unknown"
"5020561",378674,2026-05-05 20:30:27,28.7661552429199,-17.7318496704102,"Unknown"
"5020561",378674,2026-05-05 20:31:27,28.7662925720215,-17.7319946289062,"Unknown"
"5020561",378674,2026-05-05 20:32:27,28.7664413452148,-17.7321643829346,"Unknown"
"5020561",378674,2026-05-05 20:33:27,28.7665786743164,-17.7322654724121,"Unknown"
"5020561",378674,2026-05-05 20:34:27,28.7667026519775,-17.7324104309082,"Unknown"
"5020561",378674,2026-05-05 20:35:27,28.7668533325195,-17.7325458526611,"Unknown"
"5020561",378674,2026-05-05 20:36:27,28.7669887542725,-17.7326717376709,"Unknown"
"5020561",378674,2026-05-05 20:37:27,28.7671489715576,-17.7327766418457,"Unknown"
"5020561",378674,2026-05-05 20:38:27,28.7672901153564,-17.7329406738281,"Unknown"
"5020561",378674,2026-05-05 20:39:27,28.7674579620361,-17.7330703735352,"Unknown"
"5020561",378674,2026-05-05 20:40:27,28.7675838470459,-17.733211517334,"Unknown"
"5020561",378674,2026-05-05 20:41:27,28.7677154541016,-17.7333354949951,"Unknown"
"5020561",378674,2026-05-05 20:42:29,28.7678890228271,-17.7335071563721,"Unknown"
"5020561",378674,2026-05-05 20:43:27,28.7680110931396,-17.7335739135742,"Unknown"
"5020561",378674,2026-05-05 20:44:27,28.7681255340576,-17.7336387634277,"Unknown"
"5020561",378674,2026-05-05 20:45:27,28.768274307251,-17.7337646484375,"Unknown"
"5020561",378674,2026-05-05 20:46:27,28.7684421539307,-17.7339115142822,"Unknown"
"5020561",378674,2026-05-05 20:47:27,28.7685775756836,-17.7340297698975,"Unknown"
"5020561",378674,2026-05-05 20:48:27,28.7687435150146,-17.7341594696045,"Unknown"
"5020561",378674,2026-05-05 20:49:27,28.7688846588135,-17.7343158721924,"Unknown"
"5020561",378674,2026-05-05 20:50:27,28.7690048217773,-17.7344188690186,"Unknown"
"5020561",378674,2026-05-05 20:51:27,28.7691631317139,-17.734525680542,"Unknown"
"5020561",378674,2026-05-05 20:52:27,28.770076751709,-17.7349166870117,"Unknown"
"5020561",378674,2026-05-05 20:53:27,28.7708587646484,-17.7403678894043,"Unknown"
"5020561",378674,2026-05-05 20:54:27,28.7699546813965,-17.743314743042,"Unknown"
"5020561",378674,2026-05-05 20:55:28,28.7741794586182,-17.7448749542236,"Unknown"
"5020561",378674,2026-05-05 20:56:28,28.7685413360596,-17.747579574585,"Unknown"
"5020561",378674,2026-05-05 20:57:28,28.7654762268066,-17.7514801025391,"Unknown"
"5020561",378674,2026-05-05 20:58:27,28.763650894165,-17.7559051513672,"Unknown"
"5020561",378674,2026-05-05 20:59:27,28.7622756958008,-17.7565937042236,"Unknown"
"5020561",378674,2026-05-05 21:00:29,28.763053894043,-17.7559013366699,"Unknown"
"5020561",378674,2026-05-05 21:01:27,28.7635936737061,-17.7562713623047,"Unknown"
"5020561",378674,2026-05-05 21:02:27,28.7636852264404,-17.7565155029297,"Unknown"
"5020561",378674,2026-05-05 21:03:28,28.7636318206787,-17.7565441131592,"Unknown"
"5020561",378674,2026-05-05 21:04:27,28.7636814117432,-17.7563400268555,"Unknown"
"5020561",378674,2026-05-05 21:05:27,28.7637748718262,-17.7566432952881,"Unknown"
"5020561",378674,2026-05-05 21:06:28,28.7638130187988,-17.7562236785889,"Unknown"
"5020561",378674,2026-05-05 21:07:28,28.7639255523682,-17.756649017334,"Unknown"
"5020561",378674,2026-05-05 21:08:28,28.7638854980469,-17.7568187713623,"Unknown"
"5020561",378674,2026-05-05 21:09:29,28.7636604309082,-17.7565288543701,"Unknown"
"5020561",378674,2026-05-05 21:10:29,28.7636394500732,-17.7565116882324,"Unknown"
"5020561",378674,2026-05-05 21:11:30,28.7636375427246,-17.7565212249756,"Unknown"
"5020561",378674,2026-05-05 21:12:32,28.7636299133301,-17.7565250396729,"Unknown"
"5020561",378674,2026-05-05 21:13:30,28.7636528015137,-17.7565059661865,"Unknown"
"5020561",378674,2026-05-05 21:14:34,28.7635803222656,-17.7565269470215,"Unknown"
"5020561",378674,2026-05-05 21:15:30,28.7638874053955,-17.7564544677734,"Unknown"
"5020561",378674,2026-05-05 21:16:35,28.7637329101562,-17.7564735412598,"Unknown"
"5020561",378674,2026-05-05 21:17:32,28.7640075683594,-17.7564487457275,"Unknown"
"5020561",378674,2026-05-05 21:19:02,28.7636260986328,-17.7565269470215,"Unknown"
"5020561",378674,2026-05-05 21:19:29,28.7636280059814,-17.756498336792,"Unknown"
"5020561",378674,2026-05-05 21:20:29,28.7637271881104,-17.756534576416,"Unknown"
"5020561",378674,2026-05-05 21:21:30,28.7637023925781,-17.7565288543701,"Unknown"
"5020561",378674,2026-05-05 21:22:31,28.7636394500732,-17.7565097808838,"Unknown"
"5020561",378674,2026-05-05 21:23:28,28.7638416290283,-17.7565155029297,"Unknown"
"5020561",378674,2026-05-05 21:24:28,28.7637157440186,-17.7565231323242,"Unknown"
"5020561",378674,2026-05-05 21:25:29,28.7637119293213,-17.7565212249756,"Unknown"
"5020561",378674,2026-05-05 21:26:27,28.7636489868164,-17.7565116882324,"Unknown"
"5020561",378674,2026-05-05 21:27:30,28.7636451721191,-17.756534576416,"Unknown"
"5020561",378674,2026-05-05 21:28:30,28.7636623382568,-17.7565135955811,"Unknown"
"5020561",378674,2026-05-05 21:29:35,28.7636909484863,-17.7565040588379,"Unknown"
"5020561",378674,2026-05-05 21:30:37,28.7636127471924,-17.7565135955811,"Unknown"
"5020561",378674,2026-05-05 21:31:33,28.7636890411377,-17.7565021514893,"Unknown"
"5020561",378674,2026-05-05 21:32:29,28.7636051177979,-17.756534576416,"Unknown"
"5020561",378674,2026-05-05 21:33:29,28.7637386322021,-17.7565078735352,"Unknown"
"5020561",378674,2026-05-05 21:34:33,28.7636432647705,-17.7565212249756,"Unknown"
"5020561",378674,2026-05-05 21:35:28,28.7636184692383,-17.7565097808838,"Unknown"
"5020561",378674,2026-05-05 21:36:30,28.7636222839355,-17.756498336792,"Unknown"
"5020561",378674,2026-05-05 21:37:30,28.763671875,-17.7564392089844,"Unknown"
"5020561",378674,2026-05-05 21:39:02,28.7636070251465,-17.7564659118652,"Unknown"
"5020561",378674,2026-05-05 21:39:29,28.7635936737061,-17.7564735412598,"Unknown"
"5020561",378674,2026-05-05 21:40:29,28.7636032104492,-17.7564487457275,"Unknown"
"5020561",378674,2026-05-05 21:41:35,28.7635707855225,-17.7564544677734,"Unknown"
"5020561",378674,2026-05-05 22:43:53,28.7635612487793,-17.7564659118652,"Unknown"
"5020561",378674,2026-05-05 22:45:23,28.7635250091553,-17.7562923431396,"Unknown"
"5020561",378674,2026-05-05 23:40:22,28.7636070251465,-17.7565956115723,"Unknown"
"5020561",378674,2026-05-06 05:19:32,28.7759265899658,-17.7356281280518,"Unknown"
"5020561",378674,2026-05-06 05:38:58,28.7775897979736,-17.7354030609131,"Unknown"
"5020561",378674,2026-05-06 05:58:57,28.7790927886963,-17.7342796325684,"Unknown"
"5020561",378674,2026-05-06 06:18:57,28.7633285522461,-17.7248725891113,"Unknown"
"5020561",378674,2026-05-06 06:38:57,28.7652130126953,-17.7134494781494,"Unknown"
"5020561",378674,2026-05-06 07:39:57,28.6943759918213,-17.5828685760498,"Unknown"
"5020561",378674,2026-05-06 08:38:57,28.6270790100098,-17.3960247039795,"Unknown"
"5020561",378674,2026-05-06 08:48:57,28.5962810516357,-17.3562183380127,"Unknown"
"5020561",378674,2026-05-06 08:58:58,28.5794734954834,-17.3112812042236,"Unknown"
"5020561",378674,2026-05-06 09:08:57,28.5635452270508,-17.267017364502,"Unknown"
"5020561",378674,2026-05-06 09:18:59,28.5413436889648,-17.2617511749268,"Unknown"
"5020561",378674,2026-05-06 09:23:57,28.5373439788818,-17.2634086608887,"Unknown"
"5020561",378674,2026-05-06 09:28:58,28.5328922271729,-17.2664546966553,"Unknown"
"5020561",378674,2026-05-06 09:34:13,28.527250289917,-17.2676391601562,"Unknown"
"5020561",378674,2026-05-06 09:38:58,28.5210304260254,-17.2686901092529,"Unknown"
"5020561",378674,2026-05-06 09:43:58,28.5140743255615,-17.2702331542969,"Unknown"
"5020561",378674,2026-05-06 09:49:02,28.5102405548096,-17.2742881774902,"Unknown"
"5020561",378674,2026-05-06 09:53:58,28.5040626525879,-17.2768650054932,"Unknown"
"5020561",378674,2026-05-06 09:58:59,28.4989223480225,-17.2795906066895,"Unknown"
"5020561",378674,2026-05-06 10:04:26,28.4928150177002,-17.2817420959473,"Unknown"
"5020561",378674,2026-05-06 10:08:57,28.4785404205322,-17.2711124420166,"Unknown"
"5020561",378674,2026-05-06 10:13:57,28.4749889373779,-17.267650604248,"Unknown"
"5020561",378674,2026-05-06 10:18:57,28.4722518920898,-17.2666568756104,"Unknown"
"5020561",378674,2026-05-06 10:23:57,28.4682579040527,-17.2639083862305,"Unknown"
"5020561",378674,2026-05-06 10:28:57,28.4588851928711,-17.2544612884521,"Unknown"
"5020561",378674,2026-05-06 10:33:57,28.4379863739014,-17.2372016906738,"Unknown"
"5020561",378674,2026-05-06 10:38:58,28.4172267913818,-17.2193088531494,"Unknown"
"5020561",378674,2026-05-06 10:43:58,28.3903865814209,-17.2090892791748,"Unknown"
"5020561",378674,2026-05-06 10:48:58,28.3656444549561,-17.2024574279785,"Unknown"
"5020561",378674,2026-05-06 10:53:59,28.35080909729,-17.2153720855713,"Unknown"
"5020561",378674,2026-05-06 10:58:59,28.3282489776611,-17.2316379547119,"Unknown"
"5020561",378674,2026-05-06 11:03:57,28.3306064605713,-17.2351531982422,"Unknown"
"5020561",378674,2026-05-06 11:08:59,28.3308277130127,-17.2353897094727,"Unknown"
"5020561",378674,2026-05-06 11:13:58,28.331298828125,-17.2357616424561,"Unknown"
"5020561",378674,2026-05-06 11:18:59,28.3317279815674,-17.2362499237061,"Unknown"
"5020561",378674,2026-05-06 11:24:00,28.3318729400635,-17.2367134094238,"Unknown"
"5020561",378674,2026-05-06 11:28:59,28.3321514129639,-17.2371444702148,"Unknown"
"5020561",378674,2026-05-06 11:33:59,28.3326396942139,-17.2376956939697,"Unknown"
"5020561",378674,2026-05-06 11:38:58,28.3331184387207,-17.2381591796875,"Unknown"
"5020561",378674,2026-05-06 11:43:58,28.3335723876953,-17.2386627197266,"Unknown"
"5020561",378674,2026-05-06 11:48:59,28.3339099884033,-17.2390785217285,"Unknown"
"5020561",378674,2026-05-06 11:53:59,28.3343887329102,-17.239559173584,"Unknown"
"5020561",378674,2026-05-06 11:58:57,28.3347473144531,-17.2398147583008,"Unknown"
"5020561",378674,2026-05-06 12:03:59,28.3351421356201,-17.2402038574219,"Unknown"
"5020561",378674,2026-05-06 12:09:00,28.3357429504395,-17.240686416626,"Unknown"
"5020561",378674,2026-05-06 12:13:59,28.3360214233398,-17.241081237793,"Unknown"
"5020561",378674,2026-05-06 12:18:58,28.3364219665527,-17.2413749694824,"Unknown"
"5020561",378674,2026-05-06 12:23:59,28.3369293212891,-17.2416648864746,"Unknown"
"5020561",378674,2026-05-06 12:28:59,28.3377437591553,-17.2420272827148,"Unknown"
"5020561",378674,2026-05-06 12:34:01,28.3384075164795,-17.2424030303955,"Unknown"
"5020561",378674,2026-05-06 12:39:01,28.3390789031982,-17.2428817749023,"Unknown"
"5020561",378674,2026-05-06 12:43:59,28.3397922515869,-17.2432231903076,"Unknown"
"5020561",378674,2026-05-06 12:49:27,28.3406810760498,-17.2435741424561,"Unknown"
"5020561",378674,2026-05-06 12:53:57,28.3412055969238,-17.2434616088867,"Unknown"
"5020561",378674,2026-05-06 12:59:02,28.3419303894043,-17.2435970306396,"Unknown"
"5020561",378674,2026-05-06 13:03:57,28.3426456451416,-17.243824005127,"Unknown"
"5020561",378674,2026-05-06 13:08:57,28.3434047698975,-17.2441349029541,"Unknown"
"5020561",378674,2026-05-06 13:13:57,28.3441410064697,-17.2444019317627,"Unknown"
"5020561",378674,2026-05-06 13:18:59,28.3449058532715,-17.2446556091309,"Unknown"
"5020561",378674,2026-05-06 13:24:17,28.3452243804932,-17.2447986602783,"Unknown"
"5020561",378674,2026-05-06 13:28:59,28.3459339141846,-17.244909286499,"Unknown"
"5020561",378674,2026-05-06 13:34:00,28.3466091156006,-17.2450294494629,"Unknown"
"5020561",378674,2026-05-06 13:39:00,28.3472480773926,-17.2450466156006,"Unknown"
"5020561",378674,2026-05-06 13:44:27,28.3479881286621,-17.2451286315918,"Unknown"
"5020561",378674,2026-05-06 13:48:56,28.3485527038574,-17.2451000213623,"Unknown"
"5020561",378674,2026-05-06 13:53:57,28.349214553833,-17.2450160980225,"Unknown"
"5020561",378674,2026-05-06 13:58:56,28.3498249053955,-17.244945526123,"Unknown"
"5020561",378674,2026-05-06 14:03:57,28.3505058288574,-17.2450141906738,"Unknown"
"5020561",378674,2026-05-06 14:08:57,28.351095199585,-17.2450637817383,"Unknown"
"5020561",378674,2026-05-06 14:13:59,28.3529491424561,-17.2470798492432,"Unknown"
"5020561",378674,2026-05-06 14:18:56,28.353494644165,-17.2473850250244,"Unknown"
"5020561",378674,2026-05-06 14:23:56,28.3537082672119,-17.2475414276123,"Unknown"
"5020561",378674,2026-05-06 14:28:57,28.3547687530518,-17.2475242614746,"Unknown"
"5020561",378674,2026-05-06 14:33:58,28.3555660247803,-17.2474975585938,"Unknown"
"5020561",378674,2026-05-06 14:38:58,28.3561878204346,-17.2473735809326,"Unknown"
"5020561",378674,2026-05-06 14:43:57,28.3567714691162,-17.2472496032715,"Unknown"
"5020561",378674,2026-05-06 14:48:58,28.3572044372559,-17.2471504211426,"Unknown"
"5020561",378674,2026-05-06 14:53:58,28.3576374053955,-17.2471542358398,"Unknown"
"5020561",378674,2026-05-06 14:58:58,28.358039855957,-17.2472915649414,"Unknown"
"5020561",378674,2026-05-06 15:03:59,28.358491897583,-17.2474899291992,"Unknown"
"5020561",378674,2026-05-06 15:09:33,28.358980178833,-17.2477340698242,"Unknown"
"5020561",378674,2026-05-06 15:13:57,28.3593616485596,-17.2479000091553,"Unknown"
"5020561",378674,2026-05-06 15:18:57,28.3597373962402,-17.2480964660645,"Unknown"
"5020561",378674,2026-05-06 15:23:56,28.3601665496826,-17.2483558654785,"Unknown"
"5020561",378674,2026-05-06 15:28:57,28.3606510162354,-17.2486057281494,"Unknown"
"5020561",378674,2026-05-06 15:33:57,28.3611679077148,-17.2488803863525,"Unknown"
"5020561",378674,2026-05-06 15:38:58,28.3616924285889,-17.2492122650146,"Unknown"
"5020561",378674,2026-05-06 15:43:57,28.362190246582,-17.2495708465576,"Unknown"
"5020561",378674,2026-05-06 15:48:57,28.3628101348877,-17.2500076293945,"Unknown"
"5020561",378674,2026-05-06 15:53:57,28.3633842468262,-17.2503910064697,"Unknown"
"5020561",378674,2026-05-06 15:58:56,28.3639125823975,-17.2506866455078,"Unknown"
"5020561",378674,2026-05-06 16:03:57,28.3796653747559,-17.2671318054199,"Unknown"
"5020561",378674,2026-05-06 16:08:57,28.3986663818359,-17.2948188781738,"Unknown"
"5020561",378674,2026-05-06 16:13:56,28.4213905334473,-17.3241100311279,"Unknown"
"5020561",378674,2026-05-06 16:18:56,28.4427375793457,-17.3554000854492,"Unknown"
"5020561",378674,2026-05-06 16:23:57,28.4587059020996,-17.3925113677979,"Unknown"
"5020561",378674,2026-05-06 16:28:56,28.47975730896,-17.4225063323975,"Unknown"
"5020561",378674,2026-05-06 16:33:57,28.4933052062988,-17.4484024047852,"Unknown"
"5020561",378674,2026-05-06 16:38:58,28.4937725067139,-17.4484691619873,"Unknown"
"5020561",378674,2026-05-06 16:43:57,28.4942054748535,-17.4484691619873,"Unknown"
"5020561",378674,2026-05-06 16:48:57,28.4946479797363,-17.4485054016113,"Unknown"
"5020561",378674,2026-05-06 16:53:57,28.4950981140137,-17.4484767913818,"Unknown"
"5020561",378674,2026-05-06 16:58:58,28.4956245422363,-17.4485549926758,"Unknown"
"5020561",378674,2026-05-06 17:03:58,28.4960880279541,-17.4485893249512,"Unknown"
"5020561",378674,2026-05-06 17:09:00,28.4965171813965,-17.448766708374,"Unknown"
"5020561",378674,2026-05-06 17:14:00,28.4969463348389,-17.4488983154297,"Unknown"
"5020561",378674,2026-05-06 17:18:59,28.4974517822266,-17.4490413665771,"Unknown"
"5020561",378674,2026-05-06 17:24:17,28.4981117248535,-17.4492797851562,"Unknown"
"5020561",378674,2026-05-06 17:29:01,28.4986743927002,-17.4495315551758,"Unknown"
"5020561",378674,2026-05-06 17:33:59,28.5021152496338,-17.4533405303955,"Unknown"
"5020561",378674,2026-05-06 17:39:00,28.5230159759521,-17.4812755584717,"Unknown"
"5020561",378674,2026-05-06 17:44:02,28.5477676391602,-17.4989547729492,"Unknown"
"5020561",378674,2026-05-06 17:48:59,28.5635929107666,-17.521900177002,"Unknown"
"5020561",378674,2026-05-06 17:53:59,28.576358795166,-17.5453109741211,"Unknown"
"5020561",378674,2026-05-06 17:59:00,28.5855617523193,-17.5761413574219,"Unknown"
"5020561",378674,2026-05-06 18:05:21,28.600341796875,-17.6170463562012,"Unknown"
"5020561",378674,2026-05-06 18:10:21,28.6204605102539,-17.6269760131836,"Unknown"
"5020561",378674,2026-05-06 18:15:21,28.6274738311768,-17.6226062774658,"Unknown"
"5020561",378674,2026-05-06 18:20:21,28.6327075958252,-17.6189575195312,"Unknown"
"5020561",378674,2026-05-06 18:24:19,28.630500793457,-17.6153221130371,"Unknown"
"5020561",378674,2026-05-06 18:28:57,28.6276206970215,-17.618106842041,"Unknown"
"5020561",378674,2026-05-06 18:33:58,28.6214847564697,-17.6161460876465,"Unknown"
"5020561",378674,2026-05-06 18:38:57,28.6173667907715,-17.6148834228516,"Unknown"
"5020561",378674,2026-05-06 18:43:57,28.6120223999023,-17.6168632507324,"Unknown"
"5020561",378674,2026-05-06 18:48:58,28.6092624664307,-17.6156520843506,"Unknown"
"5020561",378674,2026-05-06 18:53:56,28.6099414825439,-17.6210918426514,"Unknown"
"5020561",378674,2026-05-06 18:58:56,28.6181221008301,-17.6429061889648,"Unknown"
"5020561",378674,2026-05-06 19:03:59,28.6278800964355,-17.6795272827148,"Unknown"
"5020561",378674,2026-05-06 19:08:59,28.6313438415527,-17.6851711273193,"Unknown"
"5020561",378674,2026-05-06 19:13:58,28.6330375671387,-17.6869316101074,"Unknown"
"5020561",378674,2026-05-06 19:18:56,28.6357154846191,-17.687141418457,"Unknown"
"5020561",378674,2026-05-06 19:23:57,28.6380863189697,-17.689962387085,"Unknown"
"5020561",378674,2026-05-06 19:28:58,28.6392402648926,-17.6926956176758,"Unknown"
"5020561",378674,2026-05-06 19:33:58,28.6487102508545,-17.7106094360352,"Unknown"
"5020561",378674,2026-05-06 19:39:01,28.6637783050537,-17.7471561431885,"Unknown"
"5020561",378674,2026-05-06 19:43:59,28.6731910705566,-17.7560977935791,"Unknown"
"5020561",378674,2026-05-06 19:44:58,28.6732444763184,-17.7561740875244,"Unknown"
"5020561",378674,2026-05-06 19:45:56,28.6732654571533,-17.756233215332,"Unknown"
"5020561",378674,2026-05-06 19:46:57,28.6732711791992,-17.7563018798828,"Unknown"
"5020561",378674,2026-05-06 19:47:56,28.6732540130615,-17.7563896179199,"Unknown"
"5020561",378674,2026-05-06 19:49:02,28.6762104034424,-17.7570667266846,"Unknown"
"5020561",378674,2026-05-06 19:49:57,28.6800384521484,-17.7582340240479,"Unknown"
"5020561",378674,2026-05-06 19:50:58,28.6835136413574,-17.7590007781982,"Unknown"
"5020561",378674,2026-05-06 19:51:57,28.6851978302002,-17.7553844451904,"Unknown"
"5020561",378674,2026-05-06 19:52:57,28.6890411376953,-17.753963470459,"Unknown"
"5020561",378674,2026-05-06 19:53:57,28.6924152374268,-17.7519454956055,"Unknown"
"5020561",378674,2026-05-06 19:55:07,28.6923904418945,-17.7520656585693,"Unknown"
"5020561",378674,2026-05-06 19:55:57,28.6924057006836,-17.7521286010742,"Unknown"
"5020561",378674,2026-05-06 19:56:57,28.6924133300781,-17.7522087097168,"Unknown"
"5020561",378674,2026-05-06 19:57:57,28.6924095153809,-17.7523040771484,"Unknown"
"5020561",378674,2026-05-06 19:58:58,28.6924476623535,-17.7524089813232,"Unknown"
"5020561",378674,2026-05-06 19:59:57,28.6924896240234,-17.7524719238281,"Unknown"
"5020561",378674,2026-05-06 20:01:17,28.6925010681152,-17.7526264190674,"Unknown"
"5020561",378674,2026-05-06 20:01:58,28.6925239562988,-17.7526397705078,"Unknown"
"5020561",378674,2026-05-06 20:02:59,28.692554473877,-17.7527084350586,"Unknown"
"5020561",378674,2026-05-06 20:03:58,28.692590713501,-17.7527751922607,"Unknown"
"5020561",378674,2026-05-06 20:04:58,28.6926555633545,-17.7528781890869,"Unknown"
"5020561",378674,2026-05-06 20:05:58,28.6927070617676,-17.7529773712158,"Unknown"
"5020561",378674,2026-05-06 20:06:58,28.692756652832,-17.7530555725098,"Unknown"
"5020561",378674,2026-05-06 20:07:58,28.6927814483643,-17.7531890869141,"Unknown"
"5020561",378674,2026-05-06 20:08:59,28.6927909851074,-17.7533378601074,"Unknown"
"5020561",378674,2026-05-06 20:10:04,28.6928577423096,-17.7534027099609,"Unknown"
"5020561",378674,2026-05-06 20:10:57,28.6929130554199,-17.7535152435303,"Unknown"
"5020561",378674,2026-05-06 20:11:58,28.6929740905762,-17.7535800933838,"Unknown"
"5020561",378674,2026-05-06 20:12:59,28.6930274963379,-17.7536430358887,"Unknown"
"5020561",378674,2026-05-06 20:13:58,28.6931171417236,-17.7537860870361,"Unknown"
"5020561",378674,2026-05-06 20:14:58,28.6932010650635,-17.7538547515869,"Unknown"
"5020561",378674,2026-05-06 20:15:57,28.6932411193848,-17.7540016174316,"Unknown"
"5020561",378674,2026-05-06 20:16:58,28.6933269500732,-17.7541160583496,"Unknown"
"5020561",378674,2026-05-06 20:17:58,28.6933727264404,-17.7542400360107,"Unknown"
"5020561",378674,2026-05-06 20:18:57,28.6934642791748,-17.7543354034424,"Unknown"
"5020561",378674,2026-05-06 20:19:58,28.6935634613037,-17.7544250488281,"Unknown"
"5020561",378674,2026-05-06 20:20:58,28.6936492919922,-17.7545413970947,"Unknown"
"5020561",378674,2026-05-06 20:21:57,28.6937255859375,-17.75465965271,"Unknown"
"5020561",378674,2026-05-06 20:23:00,28.693790435791,-17.754753112793,"Unknown"
"5020561",378674,2026-05-06 20:23:59,28.6938304901123,-17.7548141479492,"Unknown"
"5020561",378674,2026-05-06 20:24:57,28.6938648223877,-17.7549018859863,"Unknown"
"5020561",378674,2026-05-06 20:25:59,28.6939430236816,-17.7549877166748,"Unknown"
"5020561",378674,2026-05-06 20:26:57,28.6939792633057,-17.7550945281982,"Unknown"
"5020561",378674,2026-05-06 20:27:57,28.6940155029297,-17.7552127838135,"Unknown"
"5020561",378674,2026-05-06 20:28:57,28.6940269470215,-17.7553310394287,"Unknown"
"5020561",378674,2026-05-06 20:29:57,28.6940612792969,-17.7554321289062,"Unknown"
"5020561",378674,2026-05-06 20:30:57,28.6961441040039,-17.753812789917,"Unknown"
"5020561",378674,2026-05-06 20:31:58,28.7002201080322,-17.7506008148193,"Unknown"
"5020561",378674,2026-05-06 20:32:58,28.703914642334,-17.7462730407715,"Unknown"
"5020561",378674,2026-05-06 20:33:58,28.7076244354248,-17.7430572509766,"Unknown"
"5020561",378674,2026-05-06 20:34:59,28.7114658355713,-17.7390441894531,"Unknown"
"5020561",378674,2026-05-06 20:35:58,28.7145538330078,-17.7343330383301,"Unknown"
"5020561",378674,2026-05-06 20:36:58,28.7189769744873,-17.7311573028564,"Unknown"
"5020561",378674,2026-05-06 20:37:57,28.7238655090332,-17.7288455963135,"Unknown"
"5020561",378674,2026-05-06 20:38:58,28.7278747558594,-17.7270660400391,"Unknown"
"5020561",378674,2026-05-06 20:39:59,28.7327976226807,-17.7252731323242,"Unknown"
"5020561",378674,2026-05-06 20:40:59,28.7378387451172,-17.7237110137939,"Unknown"
"5020561",378674,2026-05-06 20:41:59,28.7433948516846,-17.7248344421387,"Unknown"
"5020561",378674,2026-05-06 20:47:04,28.7690601348877,-17.7457084655762,"Unknown"
"5020561",378674,2026-05-06 20:52:10,28.763370513916,-17.753870010376,"Unknown"
"5020561",378674,2026-05-06 20:52:58,28.7637729644775,-17.756664276123,"Unknown"
"5020561",378674,2026-05-06 20:54:22,28.7626476287842,-17.7570858001709,"Unknown"
"5020561",378674,2026-05-06 20:55:03,28.7634201049805,-17.7564086914062,"Unknown"
"5020561",378674,2026-05-06 20:56:07,28.7640113830566,-17.7559871673584,"Unknown"
"5020561",378674,2026-05-06 20:56:58,28.7636795043945,-17.7567691802979,"Unknown"
"5020561",378674,2026-05-06 20:58:20,28.7641563415527,-17.755802154541,"Unknown"
"5020561",378674,2026-05-06 20:58:58,28.7637119293213,-17.7567005157471,"Unknown"
"5020561",378674,2026-05-06 20:59:57,28.7638473510742,-17.7565498352051,"Unknown"
"5020561",378674,2026-05-06 21:01:51,28.7636566162109,-17.7560577392578,"Unknown"
"5020561",378674,2026-05-06 21:01:57,28.7639312744141,-17.7565078735352,"Unknown"
"5020561",378674,2026-05-06 21:02:58,28.7638721466064,-17.7568035125732,"Unknown"
"5020561",378674,2026-05-06 21:03:58,28.7638454437256,-17.756217956543,"Unknown"
"5020561",378674,2026-05-06 21:04:57,28.7636013031006,-17.7564258575439,"Unknown"
"5020561",378674,2026-05-06 21:05:57,28.7638359069824,-17.7566337585449,"Unknown"
"5020561",378674,2026-05-06 21:06:57,28.7639045715332,-17.7566337585449,"Unknown"
"5020561",378674,2026-05-06 21:07:57,28.7636795043945,-17.7564105987549,"Unknown"
"5020561",378674,2026-05-06 21:08:57,28.7635402679443,-17.7565593719482,"Unknown"
"5020561",378674,2026-05-06 21:09:58,28.7637500762939,-17.7567882537842,"Unknown"
"5020561",378674,2026-05-06 21:10:57,28.7639350891113,-17.7568206787109,"Unknown"
"5020561",378674,2026-05-06 21:11:57,28.7639179229736,-17.7568531036377,"Unknown"
"5020561",378674,2026-05-06 21:13:11,28.7651824951172,-17.7575187683105,"Unknown"
"5020561",378674,2026-05-06 21:14:30,28.7643508911133,-17.7570476531982,"Unknown"
"5020561",378674,2026-05-06 21:14:59,28.7636966705322,-17.7567558288574,"Unknown"
"5020561",378674,2026-05-06 21:15:59,28.7637901306152,-17.7567272186279,"Unknown"
"5020561",378674,2026-05-06 21:16:59,28.763822555542,-17.7567119598389,"Unknown"
"5020561",378674,2026-05-06 21:17:58,28.7639350891113,-17.7567234039307,"Unknown"
"5020561",378674,2026-05-06 21:18:59,28.7637958526611,-17.7567825317383,"Unknown"
"5020561",378674,2026-05-06 21:19:58,28.7637481689453,-17.7566623687744,"Unknown"
"5020561",378674,2026-05-06 21:21:02,28.7635402679443,-17.7567043304443,"Unknown"
"5020561",378674,2026-05-06 21:21:58,28.763744354248,-17.7565879821777,"Unknown"
"5020561",378674,2026-05-06 21:23:06,28.7636833190918,-17.7567081451416,"Unknown"
"5020561",378674,2026-05-06 21:24:10,28.7637310028076,-17.7566661834717,"Unknown"
"5020561",378674,2026-05-06 21:24:57,28.7637596130371,-17.756628036499,"Unknown"
"5020561",378674,2026-05-06 21:25:57,28.763671875,-17.7566585540771,"Unknown"
"5020561",378674,2026-05-06 21:26:58,28.7636032104492,-17.7566890716553,"Unknown"
"5020561",378674,2026-05-06 21:27:56,28.7637195587158,-17.7566089630127,"Unknown"
"5020561",378674,2026-05-06 21:28:58,28.7636642456055,-17.7565937042236,"Unknown"
"5020561",378674,2026-05-06 21:29:58,28.7636413574219,-17.7565879821777,"Unknown"
"5020561",378674,2026-05-06 21:30:58,28.7636795043945,-17.7565498352051,"Unknown"
"5020561",378674,2026-05-06 21:32:03,28.763650894165,-17.7565670013428,"Unknown"
"5020561",378674,2026-05-06 21:32:58,28.7636470794678,-17.7565460205078,"Unknown"
"5020561",378674,2026-05-06 21:33:57,28.7636451721191,-17.7565116882324,"Unknown"
"5020561",378674,2026-05-06 21:34:59,28.763614654541,-17.7565860748291,"Unknown"
"5020561",378674,2026-05-06 21:35:58,28.7637157440186,-17.7565231323242,"Unknown"
"5020561",378674,2026-05-06 21:37:01,28.7638263702393,-17.7565460205078,"Unknown"
"5020561",378674,2026-05-06 21:38:00,28.7634124755859,-17.7566432952881,"Unknown"
"5020561",378674,2026-05-06 21:39:03,28.7637138366699,-17.7565250396729,"Unknown"
"5020561",378674,2026-05-06 21:39:59,28.7636413574219,-17.756534576416,"Unknown"
"5020561",378674,2026-05-06 21:41:00,28.7635459899902,-17.7565517425537,"Unknown"
"5020561",378674,2026-05-06 21:41:59,28.7636661529541,-17.7564888000488,"Unknown"
"5020561",378674,2026-05-06 21:42:58,28.7636737823486,-17.7564792633057,"Unknown"
"5020561",378674,2026-05-06 21:44:00,28.7637004852295,-17.7564315795898,"Unknown"
"5020561",378674,2026-05-06 21:45:10,28.7636585235596,-17.7564182281494,"Unknown"
"5020562",379156,2026-04-23 16:06:17,28.8119335174561,-17.7641792297363,"Unknown"
"5020562",379156,2026-04-23 16:19:26,28.8119659423828,-17.7643070220947,"Unknown"
"5020562",379156,2026-04-23 16:35:18,28.8119220733643,-17.764289855957,"Unknown"
"5020562",379156,2026-04-23 16:49:47,28.8389892578125,-17.7596645355225,"Unknown"
"5020562",379156,2026-04-23 17:03:52,28.8646488189697,-17.7560062408447,"Unknown"
"5020562",379156,2026-04-23 17:18:53,28.8539505004883,-17.7694873809814,"Unknown"
"5020562",379156,2026-04-23 17:33:53,28.8417434692383,-17.7559776306152,"Unknown"
"5020562",379156,2026-04-23 17:48:53,28.8417053222656,-17.7576999664307,"Unknown"
"5020562",379156,2026-04-23 18:04:17,28.8385639190674,-17.7519207000732,"Unknown"
"5020562",379156,2026-04-23 18:18:53,28.8224906921387,-17.7461738586426,"Unknown"
"5020562",379156,2026-04-23 18:33:52,28.8132934570312,-17.7433204650879,"Unknown"
"5020562",379156,2026-04-23 18:48:52,28.8121299743652,-17.74169921875,"Unknown"
"5020562",379156,2026-04-23 19:03:52,28.8096332550049,-17.7387638092041,"Unknown"
"5020562",379156,2026-04-23 19:18:52,28.8086395263672,-17.7375106811523,"Unknown"
"5020562",379156,2026-04-23 19:33:53,28.8073673248291,-17.7367324829102,"Unknown"
"5020562",379156,2026-04-23 19:48:53,28.7956619262695,-17.7384853363037,"Unknown"
"5020562",379156,2026-04-23 20:04:05,28.7919597625732,-17.7382659912109,"Unknown"
"5020562",379156,2026-04-23 20:19:03,28.7881145477295,-17.7413311004639,"Unknown"
"5020562",379156,2026-04-23 20:34:33,28.787841796875,-17.7419948577881,"Unknown"
"5020562",379156,2026-04-23 20:49:03,28.7826747894287,-17.7402076721191,"Unknown"
"5020562",379156,2026-04-23 21:04:04,28.7153511047363,-17.7292728424072,"Unknown"
"5020562",379156,2026-04-24 05:24:57,28.7171840667725,-17.7609806060791,"Unknown"
"5020562",379156,2026-04-24 05:39:12,28.7314643859863,-17.7156639099121,"Unknown"
"5020562",379156,2026-04-24 05:54:12,28.7425384521484,-17.7138290405273,"Unknown"
"5020562",379156,2026-04-24 06:09:12,28.7533855438232,-17.7135448455811,"Unknown"
"5020562",379156,2026-04-24 06:24:12,28.7629737854004,-17.7128124237061,"Unknown"
"5020562",379156,2026-04-24 06:39:12,28.7678089141846,-17.7131195068359,"Unknown"
"5020562",379156,2026-04-24 06:54:12,28.7780418395996,-17.7120399475098,"Unknown"
"5020562",379156,2026-04-24 07:09:14,28.7796936035156,-17.7130126953125,"Unknown"
"5020562",379156,2026-04-24 07:24:12,28.7815341949463,-17.7125492095947,"Unknown"
"5020562",379156,2026-04-24 07:39:12,28.7836627960205,-17.7119369506836,"Unknown"
"5020562",379156,2026-04-24 07:54:13,28.7856674194336,-17.7108993530273,"Unknown"
"5020562",379156,2026-04-24 08:09:57,28.7878513336182,-17.7098407745361,"Unknown"
"5020562",379156,2026-04-24 08:24:11,28.7899932861328,-17.7089920043945,"Unknown"
"5020562",379156,2026-04-24 08:39:14,28.7918224334717,-17.7079105377197,"Unknown"
"5020562",379156,2026-04-24 08:54:12,28.7933006286621,-17.7067127227783,"Unknown"
"5020562",379156,2026-04-24 09:09:12,28.7944984436035,-17.7056865692139,"Unknown"
"5020562",379156,2026-04-24 09:24:12,28.7954502105713,-17.7045459747314,"Unknown"
"5020562",379156,2026-04-24 09:39:12,28.8002262115479,-17.7043743133545,"Unknown"
"5020562",379156,2026-04-24 09:54:12,28.8011054992676,-17.7041358947754,"Unknown"
"5020562",379156,2026-04-24 10:09:12,28.8020114898682,-17.7039642333984,"Unknown"
"5020562",379156,2026-04-24 10:24:14,28.8029479980469,-17.7042026519775,"Unknown"
"5020562",379156,2026-04-24 10:39:16,28.8116340637207,-17.7100658416748,"Unknown"
"5020562",379156,2026-04-24 10:54:13,28.8122367858887,-17.7080020904541,"Unknown"
"5020562",379156,2026-04-24 11:09:33,28.8129119873047,-17.7098598480225,"Unknown"
"5020562",379156,2026-04-24 11:24:12,28.8137512207031,-17.7115859985352,"Unknown"
"5020562",379156,2026-04-24 11:39:13,28.8145084381104,-17.7139167785645,"Unknown"
"5020562",379156,2026-04-24 11:54:12,28.8149662017822,-17.7166500091553,"Unknown"
"5020562",379156,2026-04-24 12:09:12,28.8093204498291,-17.7160511016846,"Unknown"
"5020562",379156,2026-04-24 12:24:12,28.8181610107422,-17.7202930450439,"Unknown"
"5020562",379156,2026-04-24 12:39:12,28.818208694458,-17.7239933013916,"Unknown"
"5020562",379156,2026-04-24 12:54:13,28.8180141448975,-17.7273445129395,"Unknown"
"5020562",379156,2026-04-24 13:09:15,28.8175563812256,-17.7306880950928,"Unknown"
"5020562",379156,2026-04-24 13:24:16,28.8168697357178,-17.7338218688965,"Unknown"
"5020562",379156,2026-04-24 13:39:15,28.8159275054932,-17.7366809844971,"Unknown"
"5020562",379156,2026-04-24 13:54:33,28.8113555908203,-17.7362747192383,"Unknown"
"5020562",379156,2026-04-24 14:09:12,28.8116664886475,-17.7430515289307,"Unknown"
"5020562",379156,2026-04-24 14:24:12,28.8107204437256,-17.7437343597412,"Unknown"
"5020562",379156,2026-04-24 14:39:13,28.8096961975098,-17.7444267272949,"Unknown"
"5020562",379156,2026-04-24 14:54:14,28.8104267120361,-17.7249336242676,"Unknown"
"5020562",379156,2026-04-24 15:09:17,28.8088893890381,-17.7184429168701,"Unknown"
"5020562",379156,2026-04-24 15:24:13,28.7958965301514,-17.7207164764404,"Unknown"
"5020562",379156,2026-04-24 15:39:12,28.8033065795898,-17.7470149993896,"Unknown"
"5020562",379156,2026-04-24 15:54:33,28.8198223114014,-17.7442836761475,"Unknown"
"5020562",379156,2026-04-24 16:09:12,28.8160343170166,-17.7381591796875,"Unknown"
"5020562",379156,2026-04-24 16:24:12,28.8026924133301,-17.7293071746826,"Unknown"
"5020562",379156,2026-04-24 16:39:12,28.8040103912354,-17.7315940856934,"Unknown"
"5020562",379156,2026-04-24 16:54:13,28.8053245544434,-17.7340927124023,"Unknown"
"5020562",379156,2026-04-24 17:09:12,28.8076553344727,-17.7305278778076,"Unknown"
"5020562",379156,2026-04-24 17:24:13,28.8152694702148,-17.7330856323242,"Unknown"
"5020562",379156,2026-04-24 17:39:13,28.8160133361816,-17.7353191375732,"Unknown"
"5020562",379156,2026-04-24 17:54:13,28.817440032959,-17.7378978729248,"Unknown"
"5020562",379156,2026-04-24 18:09:32,28.8180236816406,-17.7387542724609,"Unknown"
"5020562",379156,2026-04-24 18:24:14,28.8182106018066,-17.7392902374268,"Unknown"
"5020562",379156,2026-04-24 18:39:14,28.8182621002197,-17.7401733398438,"Unknown"
"5020562",379156,2026-04-24 18:54:14,28.8182983398438,-17.7408199310303,"Unknown"
"5020562",379156,2026-04-24 19:09:14,28.8180923461914,-17.7415904998779,"Unknown"
"5020562",379156,2026-04-24 19:24:14,28.8118381500244,-17.7465343475342,"Unknown"
"5020562",379156,2026-04-24 19:39:13,28.7978115081787,-17.7463703155518,"Unknown"
"5020562",379156,2026-04-24 19:54:13,28.7956809997559,-17.7461242675781,"Unknown"
"5020562",379156,2026-04-24 20:09:01,28.7932910919189,-17.7455520629883,"Unknown"
"5020562",379156,2026-04-24 20:10:02,28.793119430542,-17.7455234527588,"Unknown"
"5020562",379156,2026-04-24 20:11:00,28.79296875,-17.7454986572266,"Unknown"
"5020562",379156,2026-04-24 20:12:00,28.7928371429443,-17.7454605102539,"Unknown"
"5020562",379156,2026-04-24 20:13:00,28.7926769256592,-17.7454643249512,"Unknown"
"5020562",379156,2026-04-24 20:14:02,28.7924938201904,-17.7454586029053,"Unknown"
"5020562",379156,2026-04-24 20:15:02,28.7923545837402,-17.7453746795654,"Unknown"
"5020562",379156,2026-04-24 20:16:02,28.7922096252441,-17.7453231811523,"Unknown"
"5020562",379156,2026-04-24 20:17:02,28.7920742034912,-17.7453060150146,"Unknown"
"5020562",379156,2026-04-24 20:18:03,28.7919673919678,-17.7452545166016,"Unknown"
"5020562",379156,2026-04-24 20:19:00,28.7918376922607,-17.7451858520508,"Unknown"
"5020562",379156,2026-04-24 20:20:00,28.7916984558105,-17.7451820373535,"Unknown"
"5020562",379156,2026-04-24 20:21:02,28.7915706634521,-17.7451610565186,"Unknown"
"5020562",379156,2026-04-24 20:22:02,28.7914180755615,-17.7451572418213,"Unknown"
"5020562",379156,2026-04-24 20:23:02,28.7913112640381,-17.7451324462891,"Unknown"
"5020562",379156,2026-04-24 20:24:00,28.7911758422852,-17.7451000213623,"Unknown"
"5020562",379156,2026-04-24 20:25:00,28.7910652160645,-17.7450904846191,"Unknown"
"5020562",379156,2026-04-24 20:26:01,28.7909278869629,-17.7450904846191,"Unknown"
"5020562",379156,2026-04-24 20:27:00,28.7908172607422,-17.7450981140137,"Unknown"
"5020562",379156,2026-04-24 20:28:03,28.7906494140625,-17.7450580596924,"Unknown"
"5020562",379156,2026-04-24 20:29:02,28.7905502319336,-17.745002746582,"Unknown"
"5020562",379156,2026-04-24 20:30:02,28.7904052734375,-17.7449779510498,"Unknown"
"5020562",379156,2026-04-24 20:31:03,28.7902507781982,-17.7449321746826,"Unknown"
"5020562",379156,2026-04-24 20:32:01,28.7901363372803,-17.7449169158936,"Unknown"
"5020562",379156,2026-04-24 20:33:02,28.7900123596191,-17.7449111938477,"Unknown"
"5020562",379156,2026-04-24 20:34:02,28.7898712158203,-17.744909286499,"Unknown"
"5020562",379156,2026-04-24 20:35:03,28.7897109985352,-17.7448654174805,"Unknown"
"5020562",379156,2026-04-24 20:36:00,28.7897624969482,-17.7453556060791,"Unknown"
"5020562",379156,2026-04-24 20:37:00,28.7829856872559,-17.7405090332031,"Unknown"
"5020562",379156,2026-04-24 20:38:02,28.7766761779785,-17.7354888916016,"Unknown"
"5020562",379156,2026-04-24 20:39:33,28.7689208984375,-17.7280197143555,"Unknown"
"5020562",379156,2026-04-24 20:40:00,28.7684326171875,-17.725212097168,"Unknown"
"5020562",379156,2026-04-24 20:41:00,28.769567489624,-17.7204647064209,"Unknown"
"5020562",379156,2026-04-24 20:42:00,28.7658061981201,-17.7140579223633,"Unknown"
"5020562",379156,2026-04-24 20:47:00,28.7415657043457,-17.7086162567139,"Unknown"
"5020562",379156,2026-04-24 20:52:02,28.7093105316162,-17.7299270629883,"Unknown"
"5020562",379156,2026-04-24 20:57:01,28.6968765258789,-17.7487411499023,"Unknown"
"5020562",379156,2026-04-24 20:58:02,28.6975421905518,-17.7489738464355,"Unknown"
"5020562",379156,2026-04-24 20:59:00,28.6966342926025,-17.7496566772461,"Unknown"
"5020562",379156,2026-04-24 21:00:00,28.6984806060791,-17.7505378723145,"Unknown"
"5020562",379156,2026-04-24 21:01:00,28.702205657959,-17.7509136199951,"Unknown"
"5020562",379156,2026-04-24 21:02:00,28.7089595794678,-17.7531070709229,"Unknown"
"5020562",379156,2026-04-24 21:03:02,28.7148723602295,-17.7582092285156,"Unknown"
"5020562",379156,2026-04-24 21:04:33,28.7204647064209,-17.7650394439697,"Unknown"
"5020562",379156,2026-04-24 21:05:04,28.7203788757324,-17.7655944824219,"Unknown"
"5020562",379156,2026-04-25 05:29:47,28.705171585083,-17.751012802124,"Unknown"
"5020562",379156,2026-04-25 05:39:13,28.6972064971924,-17.7318458557129,"Unknown"
"5020562",379156,2026-04-25 05:49:14,28.6983261108398,-17.726541519165,"Unknown"
"5020562",379156,2026-04-25 06:00:33,28.7352447509766,-17.7156066894531,"Unknown"
"5020562",379156,2026-04-25 06:09:12,28.7366027832031,-17.7146835327148,"Unknown"
"5020562",379156,2026-04-25 06:19:13,28.755558013916,-17.7149085998535,"Unknown"
"5020562",379156,2026-04-25 06:29:13,28.7583026885986,-17.714527130127,"Unknown"
"5020562",379156,2026-04-25 06:39:12,28.7608642578125,-17.7143783569336,"Unknown"
"5020562",379156,2026-04-25 06:49:13,28.7639026641846,-17.7093124389648,"Unknown"
"5020562",379156,2026-04-25 06:59:13,28.7659091949463,-17.7088184356689,"Unknown"
"5020562",379156,2026-04-25 07:09:13,28.7675876617432,-17.7086868286133,"Unknown"
"5020562",379156,2026-04-25 07:19:12,28.7685985565186,-17.7109775543213,"Unknown"
"5020562",379156,2026-04-25 07:29:13,28.7519874572754,-17.7154865264893,"Unknown"
"5020562",379156,2026-04-25 07:39:13,28.7535076141357,-17.7160053253174,"Unknown"
"5020562",379156,2026-04-25 07:49:13,28.7453632354736,-17.7150535583496,"Unknown"
"5020562",379156,2026-04-25 07:59:13,28.7541618347168,-17.7221946716309,"Unknown"
"5020562",379156,2026-04-25 08:09:14,28.7627811431885,-17.7281894683838,"Unknown"
"5020562",379156,2026-04-25 08:19:51,28.7630252838135,-17.7325344085693,"Unknown"
"5020562",379156,2026-04-25 08:29:13,28.776309967041,-17.7272853851318,"Unknown"
"5020562",379156,2026-04-25 08:39:12,28.7736110687256,-17.7048873901367,"Unknown"
"5020562",379156,2026-04-25 08:49:12,28.7733554840088,-17.7047004699707,"Unknown"
"5020562",379156,2026-04-25 08:59:16,28.7740535736084,-17.7046356201172,"Unknown"
"5020562",379156,2026-04-25 09:09:12,28.7747440338135,-17.7049026489258,"Unknown"
"5020562",379156,2026-04-25 09:19:13,28.7753486633301,-17.7051429748535,"Unknown"
"5020562",379156,2026-04-25 09:29:15,28.7758808135986,-17.7056045532227,"Unknown"
"5020562",379156,2026-04-25 09:39:14,28.7764759063721,-17.7060985565186,"Unknown"
"5020562",379156,2026-04-25 09:44:13,28.7768077850342,-17.70627784729,"Unknown"
"5020562",379156,2026-04-25 09:49:15,28.7771263122559,-17.706470489502,"Unknown"
"5020562",379156,2026-04-25 09:54:14,28.7774238586426,-17.7065563201904,"Unknown"
"5020562",379156,2026-04-25 09:59:12,28.777702331543,-17.7066955566406,"Unknown"
"5020562",379156,2026-04-25 10:04:33,28.7779293060303,-17.7069816589355,"Unknown"
"5020562",379156,2026-04-25 10:09:12,28.7779998779297,-17.7070560455322,"Unknown"
"5020562",379156,2026-04-25 10:14:14,28.7782802581787,-17.7072410583496,"Unknown"
"5020562",379156,2026-04-25 10:19:12,28.7785930633545,-17.7074089050293,"Unknown"
"5020562",379156,2026-04-25 10:24:14,28.7789688110352,-17.7076244354248,"Unknown"
"5020562",379156,2026-04-25 10:29:12,28.7792701721191,-17.7076950073242,"Unknown"
"5020562",379156,2026-04-25 10:34:12,28.7795886993408,-17.707763671875,"Unknown"
"5020562",379156,2026-04-25 10:39:14,28.779935836792,-17.7079372406006,"Unknown"
"5020562",379156,2026-04-25 10:44:12,28.7801780700684,-17.7080039978027,"Unknown"
"5020562",379156,2026-04-25 10:49:14,28.7803249359131,-17.7081260681152,"Unknown"
"5020562",379156,2026-04-25 10:54:12,28.7804393768311,-17.7083148956299,"Unknown"
"5020562",379156,2026-04-25 10:59:13,28.78049659729,-17.7084484100342,"Unknown"
"5020562",379156,2026-04-25 11:04:12,28.7805500030518,-17.7084922790527,"Unknown"
"5020562",379156,2026-04-25 11:09:12,28.7805976867676,-17.7084045410156,"Unknown"
"5020562",379156,2026-04-25 11:14:12,28.7806034088135,-17.7082862854004,"Unknown"
"5020562",379156,2026-04-25 11:19:12,28.7804527282715,-17.7081336975098,"Unknown"
"5020562",379156,2026-04-25 11:24:12,28.7802867889404,-17.7081279754639,"Unknown"
"5020562",379156,2026-04-25 11:29:13,28.780101776123,-17.7081718444824,"Unknown"
"5020562",379156,2026-04-25 11:34:12,28.7798614501953,-17.7081050872803,"Unknown"
"5020562",379156,2026-04-25 11:39:13,28.7795448303223,-17.7078990936279,"Unknown"
"5020562",379156,2026-04-25 11:44:13,28.779203414917,-17.7077121734619,"Unknown"
"5020562",379156,2026-04-25 11:49:12,28.7788639068604,-17.7076358795166,"Unknown"
"5020562",379156,2026-04-25 11:54:16,28.7802658081055,-17.7061367034912,"Unknown"
"5020562",379156,2026-04-25 11:59:15,28.7799434661865,-17.7061023712158,"Unknown"
"5020562",379156,2026-04-25 12:04:33,28.7796096801758,-17.706169128418,"Unknown"
"5020562",379156,2026-04-25 12:09:12,28.7793006896973,-17.7063007354736,"Unknown"
"5020562",379156,2026-04-25 12:14:14,28.779088973999,-17.7065029144287,"Unknown"
"5020562",379156,2026-04-25 12:19:12,28.7788009643555,-17.7065925598145,"Unknown"
"5020562",379156,2026-04-25 12:24:12,28.7785301208496,-17.7067317962646,"Unknown"
"5020562",379156,2026-04-25 12:29:14,28.7783069610596,-17.7068481445312,"Unknown"
"5020562",379156,2026-04-25 12:34:13,28.7780513763428,-17.7070236206055,"Unknown"
"5020562",379156,2026-04-25 12:39:15,28.7777767181396,-17.7070426940918,"Unknown"
"5020562",379156,2026-04-25 12:44:13,28.7774848937988,-17.7071361541748,"Unknown"
"5020562",379156,2026-04-25 12:49:12,28.7738990783691,-17.7097930908203,"Unknown"
"5020562",379156,2026-04-25 12:54:14,28.7727432250977,-17.7098236083984,"Unknown"
"5020562",379156,2026-04-25 12:59:13,28.7680625915527,-17.7061958312988,"Unknown"
"5020562",379156,2026-04-25 13:04:15,28.7679138183594,-17.7065124511719,"Unknown"
"5020562",379156,2026-04-25 13:09:17,28.7676467895508,-17.7068634033203,"Unknown"
"5020562",379156,2026-04-25 13:14:20,28.7673301696777,-17.7072105407715,"Unknown"
"5020562",379156,2026-04-25 13:19:16,28.7670650482178,-17.7074337005615,"Unknown"
"5020562",379156,2026-04-25 13:24:16,28.7668170928955,-17.7077388763428,"Unknown"
"5020562",379156,2026-04-25 13:29:15,28.7664756774902,-17.7083568572998,"Unknown"
"5020562",379156,2026-04-25 13:34:15,28.7659854888916,-17.7089500427246,"Unknown"
"5020562",379156,2026-04-25 13:39:33,28.764741897583,-17.7084102630615,"Unknown"
"5020562",379156,2026-04-25 13:44:12,28.7646923065186,-17.7086162567139,"Unknown"
"5020562",379156,2026-04-25 13:49:12,28.7619667053223,-17.7074375152588,"Unknown"
"5020562",379156,2026-04-25 13:54:14,28.7626953125,-17.7002220153809,"Unknown"
"5020562",379156,2026-04-25 13:59:13,28.7663497924805,-17.6942462921143,"Unknown"
"5020562",379156,2026-04-25 14:04:12,28.7650451660156,-17.6986408233643,"Unknown"
"5020562",379156,2026-04-25 14:09:12,28.7652606964111,-17.69899559021,"Unknown"
"5020562",379156,2026-04-25 14:14:12,28.7655429840088,-17.6992511749268,"Unknown"
"5020562",379156,2026-04-25 14:19:12,28.7658615112305,-17.6995143890381,"Unknown"
"5020562",379156,2026-04-25 14:24:12,28.7661838531494,-17.6999454498291,"Unknown"
"5020562",379156,2026-04-25 14:29:12,28.7666549682617,-17.7003746032715,"Unknown"
"5020562",379156,2026-04-25 14:34:12,28.767032623291,-17.7009105682373,"Unknown"
"5020562",379156,2026-04-25 14:39:12,28.7674560546875,-17.7012958526611,"Unknown"
"5020562",379156,2026-04-25 14:44:12,28.7680225372314,-17.7018165588379,"Unknown"
"5020562",379156,2026-04-25 14:49:13,28.7686061859131,-17.7024364471436,"Unknown"
"5020562",379156,2026-04-25 14:54:12,28.7692565917969,-17.7030830383301,"Unknown"
"5020562",379156,2026-04-25 14:59:12,28.7700119018555,-17.7037410736084,"Unknown"
"5020562",379156,2026-04-25 15:04:12,28.7708034515381,-17.7044296264648,"Unknown"
"5020562",379156,2026-04-25 15:09:12,28.771577835083,-17.7048244476318,"Unknown"
"5020562",379156,2026-04-25 15:14:12,28.7722587585449,-17.7054328918457,"Unknown"
"5020562",379156,2026-04-25 15:19:12,28.7730255126953,-17.7062377929688,"Unknown"
"5020562",379156,2026-04-25 15:24:12,28.7737636566162,-17.7071628570557,"Unknown"
"5020562",379156,2026-04-25 15:29:12,28.7744197845459,-17.7079658508301,"Unknown"
"5020562",379156,2026-04-25 15:34:13,28.7750911712646,-17.7089138031006,"Unknown"
"5020562",379156,2026-04-25 15:39:33,28.77565574646,-17.7099056243896,"Unknown"
"5020562",379156,2026-04-25 15:44:13,28.7844543457031,-17.7093296051025,"Unknown"
"5020562",379156,2026-04-25 15:49:12,28.790111541748,-17.7024421691895,"Unknown"
"5020562",379156,2026-04-25 15:54:12,28.7901782989502,-17.7029819488525,"Unknown"
"5020562",379156,2026-04-25 15:59:12,28.7902984619141,-17.7034645080566,"Unknown"
"5020562",379156,2026-04-25 16:04:12,28.7905082702637,-17.7039089202881,"Unknown"
"5020562",379156,2026-04-25 16:09:12,28.790828704834,-17.7044486999512,"Unknown"
"5020562",379156,2026-04-25 16:14:13,28.7911167144775,-17.7050495147705,"Unknown"
"5020562",379156,2026-04-25 16:19:12,28.7912979125977,-17.7055606842041,"Unknown"
"5020562",379156,2026-04-25 16:24:12,28.7914867401123,-17.7061195373535,"Unknown"
"5020562",379156,2026-04-25 16:29:12,28.7917137145996,-17.7067012786865,"Unknown"
"5020562",379156,2026-04-25 16:34:12,28.7919235229492,-17.7073020935059,"Unknown"
"5020562",379156,2026-04-25 16:39:12,28.7921581268311,-17.7079486846924,"Unknown"
"5020562",379156,2026-04-25 16:44:12,28.7924289703369,-17.7086009979248,"Unknown"
"5020562",379156,2026-04-25 16:49:12,28.7927722930908,-17.7093162536621,"Unknown"
"5020562",379156,2026-04-25 16:54:12,28.7931728363037,-17.7099609375,"Unknown"
"5020562",379156,2026-04-25 16:59:12,28.7936325073242,-17.7090377807617,"Unknown"
"5020562",379156,2026-04-25 17:04:13,28.7945880889893,-17.7087268829346,"Unknown"
"5020562",379156,2026-04-25 17:09:13,28.7924308776855,-17.6919898986816,"Unknown"
"5020562",379156,2026-04-25 17:14:14,28.7931118011475,-17.6925220489502,"Unknown"
"5020562",379156,2026-04-25 17:19:14,28.7939262390137,-17.6928520202637,"Unknown"
"5020562",379156,2026-04-25 17:24:14,28.7871913909912,-17.7122402191162,"Unknown"
"5020562",379156,2026-04-25 17:30:37,28.7920093536377,-17.7116012573242,"Unknown"
"5020562",379156,2026-04-25 17:34:33,28.7932643890381,-17.7103137969971,"Unknown"
"5020562",379156,2026-04-25 17:39:12,28.7937259674072,-17.7105388641357,"Unknown"
"5020562",379156,2026-04-25 17:44:12,28.794153213501,-17.7112846374512,"Unknown"
"5020562",379156,2026-04-25 17:49:12,28.7941493988037,-17.7126426696777,"Unknown"
"5020562",379156,2026-04-25 17:54:14,28.7860412597656,-17.7296333312988,"Unknown"
"5020562",379156,2026-04-25 17:59:12,28.7850208282471,-17.7355289459229,"Unknown"
"5020562",379156,2026-04-25 18:00:12,28.7851066589355,-17.7355442047119,"Unknown"
"5020562",379156,2026-04-25 18:01:12,28.7851791381836,-17.735595703125,"Unknown"
"5020562",379156,2026-04-25 18:02:12,28.7852935791016,-17.7356128692627,"Unknown"
"5020562",379156,2026-04-25 18:03:12,28.785400390625,-17.7356948852539,"Unknown"
"5020562",379156,2026-04-25 18:04:12,28.7854843139648,-17.7357883453369,"Unknown"
"5020562",379156,2026-04-25 18:05:12,28.7855587005615,-17.7358798980713,"Unknown"
"5020562",379156,2026-04-25 18:06:12,28.7856731414795,-17.7358798980713,"Unknown"
"5020562",379156,2026-04-25 18:07:12,28.7858295440674,-17.735912322998,"Unknown"
"5020562",379156,2026-04-25 18:08:12,28.7859230041504,-17.7359485626221,"Unknown"
"5020562",379156,2026-04-25 18:09:12,28.7859973907471,-17.7360343933105,"Unknown"
"5020562",379156,2026-04-25 18:10:12,28.7860260009766,-17.7360572814941,"Unknown"
"5020562",379156,2026-04-25 18:11:12,28.7861213684082,-17.7360649108887,"Unknown"
"5020562",379156,2026-04-25 18:12:13,28.7861938476562,-17.7360229492188,"Unknown"
"5020562",379156,2026-04-25 18:13:12,28.7862224578857,-17.735969543457,"Unknown"
"5020562",379156,2026-04-25 18:14:12,28.7863273620605,-17.7360191345215,"Unknown"
"5020562",379156,2026-04-25 18:15:12,28.7864284515381,-17.7360153198242,"Unknown"
"5020562",379156,2026-04-25 18:16:33,28.7865753173828,-17.735954284668,"Unknown"
"5020562",379156,2026-04-25 18:17:12,28.7866477966309,-17.7359867095947,"Unknown"
"5020562",379156,2026-04-25 18:18:12,28.786750793457,-17.7360172271729,"Unknown"
"5020562",379156,2026-04-25 18:19:12,28.7868232727051,-17.7359600067139,"Unknown"
"5020562",379156,2026-04-25 18:20:12,28.7869358062744,-17.735990524292,"Unknown"
"5020562",379156,2026-04-25 18:21:12,28.7870121002197,-17.7360134124756,"Unknown"
"5020562",379156,2026-04-25 18:22:12,28.7870960235596,-17.7360401153564,"Unknown"
"5020562",379156,2026-04-25 18:23:12,28.787166595459,-17.7360668182373,"Unknown"
"5020562",379156,2026-04-25 18:24:12,28.7872562408447,-17.7360897064209,"Unknown"
"5020562",379156,2026-04-25 18:25:12,28.7873630523682,-17.7361297607422,"Unknown"
"5020562",379156,2026-04-25 18:26:12,28.787446975708,-17.7361812591553,"Unknown"
"5020562",379156,2026-04-25 18:27:12,28.7875194549561,-17.7362442016602,"Unknown"
"5020562",379156,2026-04-25 18:28:12,28.7876644134521,-17.7363128662109,"Unknown"
"5020562",379156,2026-04-25 18:29:12,28.7877578735352,-17.7362937927246,"Unknown"
"5020562",379156,2026-04-25 18:30:12,28.7878894805908,-17.7363338470459,"Unknown"
"5020562",379156,2026-04-25 18:31:12,28.7880096435547,-17.7363605499268,"Unknown"
"5020562",379156,2026-04-25 18:32:12,28.7885780334473,-17.7363338470459,"Unknown"
"5020562",379156,2026-04-25 18:33:12,28.7886199951172,-17.7363910675049,"Unknown"
"5020562",379156,2026-04-25 18:34:12,28.7886486053467,-17.7364654541016,"Unknown"
"5020562",379156,2026-04-25 18:35:12,28.7887306213379,-17.7365341186523,"Unknown"
"5020562",379156,2026-04-25 18:36:12,28.7888298034668,-17.7366104125977,"Unknown"
"5020562",379156,2026-04-25 18:37:12,28.7888946533203,-17.7366924285889,"Unknown"
"5020562",379156,2026-04-25 18:38:12,28.7892684936523,-17.7373046875,"Unknown"
"5020562",379156,2026-04-25 18:39:12,28.792610168457,-17.7384567260742,"Unknown"
"5020562",379156,2026-04-25 18:40:12,28.7958660125732,-17.737678527832,"Unknown"
"5020562",379156,2026-04-25 18:41:12,28.7948436737061,-17.7314109802246,"Unknown"
"5020562",379156,2026-04-25 18:42:12,28.7935848236084,-17.7305183410645,"Unknown"
"5020562",379156,2026-04-25 18:43:12,28.7935619354248,-17.7306327819824,"Unknown"
"5020562",379156,2026-04-25 18:44:12,28.7935619354248,-17.7307224273682,"Unknown"
"5020562",379156,2026-04-25 18:45:12,28.7935543060303,-17.7308120727539,"Unknown"
"5020562",379156,2026-04-25 18:46:12,28.7935447692871,-17.7309131622314,"Unknown"
"5020562",379156,2026-04-25 18:47:12,28.7935352325439,-17.7309799194336,"Unknown"
"5020562",379156,2026-04-25 18:48:12,28.7935409545898,-17.7310314178467,"Unknown"
"5020562",379156,2026-04-25 18:49:12,28.7935352325439,-17.7311344146729,"Unknown"
"5020562",379156,2026-04-25 18:50:12,28.7935085296631,-17.7312278747559,"Unknown"
"5020562",379156,2026-04-25 18:51:12,28.793493270874,-17.7313003540039,"Unknown"
"5020562",379156,2026-04-25 18:52:12,28.7934799194336,-17.7313823699951,"Unknown"
"5020562",379156,2026-04-25 18:53:12,28.7934455871582,-17.7314434051514,"Unknown"
"5020562",379156,2026-04-25 18:54:12,28.7934036254883,-17.7315196990967,"Unknown"
"5020562",379156,2026-04-25 18:55:12,28.7933826446533,-17.7315731048584,"Unknown"
"5020562",379156,2026-04-25 18:56:12,28.7933464050293,-17.7316436767578,"Unknown"
"5020562",379156,2026-04-25 18:57:12,28.7933139801025,-17.7317028045654,"Unknown"
"5020562",379156,2026-04-25 18:58:12,28.793285369873,-17.7318058013916,"Unknown"
"5020562",379156,2026-04-25 18:59:12,28.7932682037354,-17.7318725585938,"Unknown"
"5020562",379156,2026-04-25 19:00:12,28.7932205200195,-17.7319488525391,"Unknown"
"5020562",379156,2026-04-25 19:01:12,28.7932205200195,-17.7319736480713,"Unknown"
"5020562",379156,2026-04-25 19:02:12,28.7931728363037,-17.7320671081543,"Unknown"
"5020562",379156,2026-04-25 19:03:12,28.793176651001,-17.7321529388428,"Unknown"
"5020562",379156,2026-04-25 19:04:12,28.7931880950928,-17.7321910858154,"Unknown"
"5020562",379156,2026-04-25 19:05:12,28.7931995391846,-17.7322063446045,"Unknown"
"5020562",379156,2026-04-25 19:06:12,28.7931747436523,-17.7322082519531,"Unknown"
"5020562",379156,2026-04-25 19:07:12,28.793119430542,-17.7322368621826,"Unknown"
"5020562",379156,2026-04-25 19:08:12,28.7931003570557,-17.732271194458,"Unknown"
"5020562",379156,2026-04-25 19:09:12,28.7930812835693,-17.7322959899902,"Unknown"
"5020562",379156,2026-04-25 19:10:12,28.7930526733398,-17.7323131561279,"Unknown"
"5020562",379156,2026-04-25 19:11:12,28.7930221557617,-17.7323532104492,"Unknown"
"5020562",379156,2026-04-25 19:12:12,28.7930107116699,-17.7324085235596,"Unknown"
"5020562",379156,2026-04-25 19:13:12,28.7929840087891,-17.7324504852295,"Unknown"
"5020562",379156,2026-04-25 19:14:12,28.7929515838623,-17.7324886322021,"Unknown"
"5020562",379156,2026-04-25 19:15:12,28.7929630279541,-17.732479095459,"Unknown"
"5020562",379156,2026-04-25 19:16:12,28.79296875,-17.7324371337891,"Unknown"
"5020562",379156,2026-04-25 19:17:12,28.7929573059082,-17.7324485778809,"Unknown"
"5020562",379156,2026-04-25 19:18:12,28.7929706573486,-17.7324752807617,"Unknown"
"5020562",379156,2026-04-25 19:19:12,28.7929744720459,-17.7324924468994,"Unknown"
"5020562",379156,2026-04-25 19:20:12,28.7929859161377,-17.7325134277344,"Unknown"
"5020562",379156,2026-04-25 19:21:12,28.7929821014404,-17.732551574707,"Unknown"
"5020562",379156,2026-04-25 19:22:12,28.7929954528809,-17.7325859069824,"Unknown"
"5020562",379156,2026-04-25 19:23:12,28.792989730835,-17.732608795166,"Unknown"
"5020562",379156,2026-04-25 19:24:12,28.7929267883301,-17.7325839996338,"Unknown"
"5020562",379156,2026-04-25 19:25:12,28.7929515838623,-17.7325477600098,"Unknown"
"5020562",379156,2026-04-25 19:26:12,28.7929515838623,-17.7325077056885,"Unknown"
"5020562",379156,2026-04-25 19:27:12,28.7929306030273,-17.7324600219727,"Unknown"
"5020562",379156,2026-04-25 19:28:12,28.7929496765137,-17.7324619293213,"Unknown"
"5020562",379156,2026-04-25 19:29:12,28.7929420471191,-17.732442855835,"Unknown"
"5020562",379156,2026-04-25 19:30:12,28.792932510376,-17.732458114624,"Unknown"
"5020562",379156,2026-04-25 19:31:12,28.7929172515869,-17.7324752807617,"Unknown"
"5020562",379156,2026-04-25 19:32:13,28.7928867340088,-17.7324886322021,"Unknown"
"5020562",379156,2026-04-25 19:33:12,28.7928924560547,-17.7324523925781,"Unknown"
"5020562",379156,2026-04-25 19:34:12,28.7928504943848,-17.7324352264404,"Unknown"
"5020562",379156,2026-04-25 19:35:12,28.7928524017334,-17.7323970794678,"Unknown"
"5020562",379156,2026-04-25 19:36:12,28.7928009033203,-17.7324085235596,"Unknown"
"5020562",379156,2026-04-25 19:37:12,28.7927799224854,-17.7323684692383,"Unknown"
"5020562",379156,2026-04-25 19:38:12,28.7927494049072,-17.7323303222656,"Unknown"
"5020562",379156,2026-04-25 19:39:12,28.7927131652832,-17.7322673797607,"Unknown"
"5020562",379156,2026-04-25 19:40:12,28.7926845550537,-17.7321853637695,"Unknown"
"5020562",379156,2026-04-25 19:41:12,28.7926464080811,-17.7321472167969,"Unknown"
"5020562",379156,2026-04-25 19:42:12,28.7926120758057,-17.7321090698242,"Unknown"
"5020562",379156,2026-04-25 19:43:12,28.7925834655762,-17.7320537567139,"Unknown"
"5020562",379156,2026-04-25 19:44:12,28.7925357818604,-17.7319869995117,"Unknown"
"5020562",379156,2026-04-25 19:45:12,28.7925243377686,-17.7319107055664,"Unknown"
"5020562",379156,2026-04-25 19:46:12,28.7924728393555,-17.7318725585938,"Unknown"
"5020562",379156,2026-04-25 19:47:12,28.792444229126,-17.7318477630615,"Unknown"
"5020562",379156,2026-04-25 19:48:12,28.7923774719238,-17.7317924499512,"Unknown"
"5020562",379156,2026-04-25 19:49:12,28.7923278808594,-17.7317161560059,"Unknown"
"5020562",379156,2026-04-25 19:50:12,28.7922706604004,-17.7316474914551,"Unknown"
"5020562",379156,2026-04-25 19:51:12,28.7922019958496,-17.7315921783447,"Unknown"
"5020562",379156,2026-04-25 19:52:12,28.7921562194824,-17.7315673828125,"Unknown"
"5020562",379156,2026-04-25 19:53:12,28.7920837402344,-17.7315368652344,"Unknown"
"5020562",379156,2026-04-25 19:54:12,28.7920150756836,-17.7315349578857,"Unknown"
"5020562",379156,2026-04-25 19:55:12,28.7919330596924,-17.7315425872803,"Unknown"
"5020562",379156,2026-04-25 19:56:12,28.7918262481689,-17.7315292358398,"Unknown"
"5020562",379156,2026-04-25 19:57:13,28.7917575836182,-17.7315082550049,"Unknown"
"5020562",379156,2026-04-25 19:58:12,28.7917137145996,-17.731466293335,"Unknown"
"5020562",379156,2026-04-25 19:59:12,28.7916316986084,-17.7314510345459,"Unknown"
"5020562",379156,2026-04-25 20:00:12,28.7915802001953,-17.7314224243164,"Unknown"
"5020562",379156,2026-04-25 20:01:15,28.7915210723877,-17.7313861846924,"Unknown"
"5020562",379156,2026-04-25 20:02:12,28.7914505004883,-17.7313461303711,"Unknown"
"5020562",379156,2026-04-25 20:03:13,28.7914028167725,-17.7313117980957,"Unknown"
"5020562",379156,2026-04-25 20:04:13,28.7913436889648,-17.7312870025635,"Unknown"
"5020562",379156,2026-04-25 20:05:14,28.7912998199463,-17.7312622070312,"Unknown"
"5020562",379156,2026-04-25 20:06:14,28.7912673950195,-17.7312469482422,"Unknown"
"5020562",379156,2026-04-25 20:07:15,28.7912120819092,-17.7312335968018,"Unknown"
"5020562",379156,2026-04-25 20:08:12,28.791166305542,-17.7312126159668,"Unknown"
"5020562",379156,2026-04-25 20:09:12,28.7863693237305,-17.7287445068359,"Unknown"
"5020562",379156,2026-04-25 20:10:14,28.7790412902832,-17.7270889282227,"Unknown"
"5020562",379156,2026-04-25 20:11:14,28.7734642028809,-17.728328704834,"Unknown"
"5020562",379156,2026-04-25 20:12:13,28.7666759490967,-17.7237300872803,"Unknown"
"5020562",379156,2026-04-25 20:13:14,28.7604503631592,-17.7183933258057,"Unknown"
"5020562",379156,2026-04-25 20:18:13,28.7370166778564,-17.7192459106445,"Unknown"
"5020562",379156,2026-04-25 20:23:14,28.7378768920898,-17.7184410095215,"Unknown"
"5020562",379156,2026-04-25 20:28:13,28.7387237548828,-17.7178745269775,"Unknown"
"5020562",379156,2026-04-25 20:33:14,28.7395095825195,-17.7173309326172,"Unknown"
"5020562",379156,2026-04-25 20:38:19,28.7402076721191,-17.7167644500732,"Unknown"
"5020562",379156,2026-04-25 20:43:33,28.7407970428467,-17.7159729003906,"Unknown"
"5020562",379156,2026-04-25 20:48:12,28.7412395477295,-17.7153396606445,"Unknown"
"5020562",379156,2026-04-25 20:53:12,28.7416439056396,-17.714807510376,"Unknown"
"5020562",379156,2026-04-25 20:58:12,28.7217960357666,-17.7207145690918,"Unknown"
"5020562",379156,2026-04-25 21:03:12,28.7027683258057,-17.7431621551514,"Unknown"
"5020562",379156,2026-04-25 21:08:12,28.6937065124512,-17.7534923553467,"Unknown"
"5020562",379156,2026-04-25 21:09:12,28.6906986236572,-17.7537574768066,"Unknown"
"5020562",379156,2026-04-25 21:10:12,28.6897811889648,-17.7552661895752,"Unknown"
"5020562",379156,2026-04-25 21:11:12,28.6905612945557,-17.7565784454346,"Unknown"
"5020562",379156,2026-04-25 21:12:12,28.6924686431885,-17.7546768188477,"Unknown"
"5020562",379156,2026-04-25 21:13:12,28.6943817138672,-17.7552356719971,"Unknown"
"5020562",379156,2026-04-25 21:14:21,28.6964988708496,-17.7558536529541,"Unknown"
"5020562",379156,2026-04-25 21:15:12,28.698844909668,-17.7556629180908,"Unknown"
"5020562",379156,2026-04-25 21:16:12,28.7004566192627,-17.7587032318115,"Unknown"
"5020562",379156,2026-04-25 21:17:12,28.7028007507324,-17.7599391937256,"Unknown"
"5020562",379156,2026-04-25 21:18:12,28.7062377929688,-17.758337020874,"Unknown"
"5020562",379156,2026-04-25 21:19:12,28.7095355987549,-17.7561054229736,"Unknown"
"5020562",379156,2026-04-25 21:20:12,28.7111797332764,-17.7564640045166,"Unknown"
"5020562",379156,2026-04-25 21:21:12,28.7162094116211,-17.7573928833008,"Unknown"
"5020562",379156,2026-04-25 21:22:12,28.7202816009521,-17.7641830444336,"Unknown"
"5020562",379156,2026-04-25 21:23:12,28.7211894989014,-17.7639541625977,"Unknown"
"5020562",379156,2026-04-25 21:24:19,28.7200355529785,-17.7650661468506,"Unknown"
"5020562",379156,2026-04-25 21:25:18,28.7199535369873,-17.7649402618408,"Unknown"
"5020562",379156,2026-04-25 21:26:21,28.7200698852539,-17.7649574279785,"Unknown"
"5020562",379156,2026-04-25 21:27:21,28.720386505127,-17.7653064727783,"Unknown"
"5020562",379156,2026-04-25 21:28:12,28.7208766937256,-17.7647552490234,"Unknown"
"5020562",379156,2026-04-25 21:29:12,28.7219429016113,-17.7635955810547,"Unknown"
"5020562",379156,2026-04-25 21:30:14,28.7208518981934,-17.763219833374,"Unknown"
"5020562",379156,2026-04-25 21:31:12,28.7208232879639,-17.7645664215088,"Unknown"
"5020562",379156,2026-04-26 04:15:52,28.7208309173584,-17.7657718658447,"Unknown"
"5020562",379156,2026-04-26 04:25:52,28.7208671569824,-17.7657661437988,"Unknown"
"5020562",379156,2026-04-26 04:35:52,28.7208518981934,-17.7657737731934,"Unknown"
"5020562",379156,2026-04-26 04:55:52,28.7208595275879,-17.7657432556152,"Unknown"
"5020562",379156,2026-04-26 05:05:52,28.7208633422852,-17.7657661437988,"Unknown"
"5020562",379156,2026-04-26 05:55:21,28.7009925842285,-17.7413539886475,"Unknown"
"5020562",379156,2026-04-26 06:04:57,28.7019271850586,-17.7335376739502,"Unknown"
"5020562",379156,2026-04-26 06:14:27,28.7023754119873,-17.7325649261475,"Unknown"
"5020562",379156,2026-04-26 06:24:27,28.7030200958252,-17.7313213348389,"Unknown"
"5020562",379156,2026-04-26 06:34:29,28.7038307189941,-17.7298374176025,"Unknown"
"5020562",379156,2026-04-26 06:44:29,28.7052555084229,-17.7274971008301,"Unknown"
"5020562",379156,2026-04-26 06:54:28,28.7254657745361,-17.7155265808105,"Unknown"
"5020562",379156,2026-04-26 07:04:28,28.759916305542,-17.7235374450684,"Unknown"
"5020562",379156,2026-04-26 07:14:28,28.7844161987305,-17.7445964813232,"Unknown"
"5020562",379156,2026-04-26 07:24:29,28.7988681793213,-17.7437210083008,"Unknown"
"5020562",379156,2026-04-26 07:34:27,28.794563293457,-17.7436904907227,"Unknown"
"5020562",379156,2026-04-26 07:44:27,28.7939109802246,-17.7431907653809,"Unknown"
"5020562",379156,2026-04-26 07:54:30,28.7931079864502,-17.7422828674316,"Unknown"
"5020562",379156,2026-04-26 08:04:29,28.7991409301758,-17.740743637085,"Unknown"
"5020562",379156,2026-04-26 08:15:03,28.7980823516846,-17.7372760772705,"Unknown"
"5020562",379156,2026-04-26 08:24:28,28.7976398468018,-17.7369728088379,"Unknown"
"5020562",379156,2026-04-26 08:34:27,28.7971591949463,-17.7363300323486,"Unknown"
"5020562",379156,2026-04-26 08:44:29,28.7964038848877,-17.7358589172363,"Unknown"
"5020562",379156,2026-04-26 08:54:28,28.7955513000488,-17.7354640960693,"Unknown"
"5020562",379156,2026-04-26 09:04:29,28.7948684692383,-17.7350234985352,"Unknown"
"5020562",379156,2026-04-26 09:14:27,28.794282913208,-17.7349395751953,"Unknown"
"5020562",379156,2026-04-26 09:24:29,28.7937850952148,-17.7346515655518,"Unknown"
"5020562",379156,2026-04-26 09:34:30,28.7931632995605,-17.7340507507324,"Unknown"
"5020562",379156,2026-04-26 09:44:27,28.7924346923828,-17.7335815429688,"Unknown"
"5020562",379156,2026-04-26 09:54:29,28.7920837402344,-17.7333316802979,"Unknown"
"5020562",379156,2026-04-26 10:04:31,28.7920608520508,-17.73317527771,"Unknown"
"5020562",379156,2026-04-26 10:14:28,28.7919502258301,-17.7330493927002,"Unknown"
"5020562",379156,2026-04-26 10:24:28,28.7919654846191,-17.7325859069824,"Unknown"
"5020562",379156,2026-04-26 10:25:28,28.7919731140137,-17.7325572967529,"Unknown"
"5020562",379156,2026-04-26 10:26:30,28.791971206665,-17.7325115203857,"Unknown"
"5020562",379156,2026-04-26 10:27:28,28.791971206665,-17.7324562072754,"Unknown"
"5020562",379156,2026-04-26 10:37:30,28.7917671203613,-17.7321186065674,"Unknown"
"5020562",379156,2026-04-26 10:38:29,28.7917537689209,-17.7320041656494,"Unknown"
"5020562",379156,2026-04-26 10:48:57,28.79150390625,-17.7315044403076,"Unknown"
"5020562",379156,2026-04-26 10:49:27,28.7915096282959,-17.7314987182617,"Unknown"
"5020562",379156,2026-04-26 10:59:27,28.7915153503418,-17.7313556671143,"Unknown"
"5020562",379156,2026-04-26 11:00:27,28.7915191650391,-17.7313652038574,"Unknown"
"5020562",379156,2026-04-26 11:01:27,28.7915096282959,-17.7313709259033,"Unknown"
"5020562",379156,2026-04-26 11:02:27,28.7914772033691,-17.7313766479492,"Unknown"
"5020562",379156,2026-04-26 11:03:27,28.7914962768555,-17.7313919067383,"Unknown"
"5020562",379156,2026-04-26 11:04:27,28.7914867401123,-17.7314052581787,"Unknown"
"5020562",379156,2026-04-26 11:05:27,28.7914867401123,-17.7314147949219,"Unknown"
"5020562",379156,2026-04-26 11:06:27,28.791482925415,-17.7314167022705,"Unknown"
"5020562",379156,2026-04-26 11:07:27,28.7914657592773,-17.7313919067383,"Unknown"
"5020562",379156,2026-04-26 11:08:27,28.7914352416992,-17.7313823699951,"Unknown"
"5020562",379156,2026-04-26 11:09:27,28.7918090820312,-17.7313919067383,"Unknown"
"5020562",379156,2026-04-26 11:10:27,28.791784286499,-17.7313804626465,"Unknown"
"5020562",379156,2026-04-26 11:11:27,28.7917671203613,-17.7313537597656,"Unknown"
"5020562",379156,2026-04-26 11:12:27,28.7917556762695,-17.7313117980957,"Unknown"
"5020562",379156,2026-04-26 11:13:27,28.7917289733887,-17.7312564849854,"Unknown"
"5020562",379156,2026-04-26 11:14:27,28.7917289733887,-17.7312202453613,"Unknown"
"5020562",379156,2026-04-26 11:15:27,28.7917098999023,-17.7311954498291,"Unknown"
"5020562",379156,2026-04-26 11:16:27,28.7916736602783,-17.7311553955078,"Unknown"
"5020562",379156,2026-04-26 11:17:27,28.7916717529297,-17.7311019897461,"Unknown"
"5020562",379156,2026-04-26 11:18:28,28.7916584014893,-17.7310638427734,"Unknown"
"5020562",379156,2026-04-26 11:19:27,28.7916374206543,-17.7310638427734,"Unknown"
"5020562",379156,2026-04-26 11:20:27,28.7916126251221,-17.731050491333,"Unknown"
"5020562",379156,2026-04-26 11:21:27,28.7915954589844,-17.7310161590576,"Unknown"
"5020562",379156,2026-04-26 11:22:27,28.7915706634521,-17.7309741973877,"Unknown"
"5020562",379156,2026-04-26 11:23:27,28.7915878295898,-17.7309284210205,"Unknown"
"5020562",379156,2026-04-26 11:24:27,28.791597366333,-17.7308921813965,"Unknown"
"5020562",379156,2026-04-26 11:25:27,28.7915706634521,-17.7308158874512,"Unknown"
"5020562",379156,2026-04-26 11:26:27,28.7915706634521,-17.7307395935059,"Unknown"
"5020562",379156,2026-04-26 11:27:27,28.7915592193604,-17.7307071685791,"Unknown"
"5020562",379156,2026-04-26 11:28:27,28.7915344238281,-17.7306461334229,"Unknown"
"5020562",379156,2026-04-26 11:29:27,28.7915191650391,-17.7306137084961,"Unknown"
"5020562",379156,2026-04-26 11:30:27,28.7914886474609,-17.7305679321289,"Unknown"
"5020562",379156,2026-04-26 11:31:27,28.7914733886719,-17.7304992675781,"Unknown"
"5020562",379156,2026-04-26 11:32:27,28.7914447784424,-17.730447769165,"Unknown"
"5020562",379156,2026-04-26 11:33:27,28.7914447784424,-17.730375289917,"Unknown"
"5020562",379156,2026-04-26 11:34:27,28.7914161682129,-17.7303123474121,"Unknown"
"5020562",379156,2026-04-26 11:35:27,28.7914161682129,-17.7302627563477,"Unknown"
"5020562",379156,2026-04-26 11:36:28,28.7914047241211,-17.7301998138428,"Unknown"
"5020562",379156,2026-04-26 11:37:27,28.7914066314697,-17.7301635742188,"Unknown"
"5020562",379156,2026-04-26 11:38:27,28.7914009094238,-17.7301349639893,"Unknown"
"5020562",379156,2026-04-26 11:39:27,28.7913818359375,-17.7300968170166,"Unknown"
"5020562",379156,2026-04-26 11:40:27,28.791389465332,-17.7300491333008,"Unknown"
"5020562",379156,2026-04-26 11:41:27,28.7914009094238,-17.7299900054932,"Unknown"
"5020562",379156,2026-04-26 11:42:28,28.7914028167725,-17.729923248291,"Unknown"
"5020562",379156,2026-04-26 11:43:27,28.7913837432861,-17.7298622131348,"Unknown"
"5020562",379156,2026-04-26 11:44:27,28.7913799285889,-17.729829788208,"Unknown"
"5020562",379156,2026-04-26 11:45:27,28.7913494110107,-17.7297382354736,"Unknown"
"5020562",379156,2026-04-26 11:46:27,28.7913246154785,-17.7296867370605,"Unknown"
"5020562",379156,2026-04-26 11:47:29,28.7912940979004,-17.7296581268311,"Unknown"
"5020562",379156,2026-04-26 11:48:27,28.7912673950195,-17.7296314239502,"Unknown"
"5020562",379156,2026-04-26 11:49:27,28.791202545166,-17.7296886444092,"Unknown"
"5020562",379156,2026-04-26 11:50:29,28.7911720275879,-17.7297039031982,"Unknown"
"5020562",379156,2026-04-26 11:51:29,28.7911510467529,-17.7296714782715,"Unknown"
"5020562",379156,2026-04-26 11:52:29,28.7898693084717,-17.7282314300537,"Unknown"
"5020562",379156,2026-04-26 11:53:27,28.787805557251,-17.7270088195801,"Unknown"
"5020562",379156,2026-04-26 11:54:29,28.7886047363281,-17.7316379547119,"Unknown"
"5020562",379156,2026-04-26 11:55:29,28.7885265350342,-17.7316284179688,"Unknown"
"5020562",379156,2026-04-26 11:56:30,28.788444519043,-17.7315902709961,"Unknown"
"5020562",379156,2026-04-26 11:57:27,28.7883739471436,-17.7315406799316,"Unknown"
"5020562",379156,2026-04-26 11:58:29,28.7882900238037,-17.7314777374268,"Unknown"
"5020562",379156,2026-04-26 11:59:27,28.7882175445557,-17.7314605712891,"Unknown"
"5020562",379156,2026-04-26 12:00:28,28.7881450653076,-17.7314205169678,"Unknown"
"5020562",379156,2026-04-26 12:01:29,28.7880802154541,-17.7313613891602,"Unknown"
"5020562",379156,2026-04-26 12:02:29,28.788013458252,-17.7313232421875,"Unknown"
"5020562",379156,2026-04-26 12:03:29,28.7879295349121,-17.7312889099121,"Unknown"
"5020562",379156,2026-04-26 12:04:29,28.7878513336182,-17.7312564849854,"Unknown"
"5020562",379156,2026-04-26 12:05:29,28.7877922058105,-17.7312164306641,"Unknown"
"5020562",379156,2026-04-26 12:06:29,28.7877197265625,-17.7311744689941,"Unknown"
"5020562",379156,2026-04-26 12:07:28,28.7876472473145,-17.7311401367188,"Unknown"
"5020562",379156,2026-04-26 12:08:30,28.7875995635986,-17.7310848236084,"Unknown"
"5020562",379156,2026-04-26 12:09:29,28.7875576019287,-17.7310466766357,"Unknown"
"5020562",379156,2026-04-26 12:10:28,28.7875118255615,-17.7310123443604,"Unknown"
"5020562",379156,2026-04-26 12:11:28,28.7874622344971,-17.7309665679932,"Unknown"
"5020562",379156,2026-04-26 12:12:30,28.7874202728271,-17.7308826446533,"Unknown"
"5020562",379156,2026-04-26 12:13:30,28.7873764038086,-17.7308826446533,"Unknown"
"5020562",379156,2026-04-26 12:14:30,28.7873134613037,-17.730842590332,"Unknown"
"5020562",379156,2026-04-26 12:15:30,28.7872676849365,-17.7308158874512,"Unknown"
"5020562",379156,2026-04-26 12:16:30,28.7872123718262,-17.7307796478271,"Unknown"
"5020562",379156,2026-04-26 12:17:30,28.7871627807617,-17.7307472229004,"Unknown"
"5020562",379156,2026-04-26 12:18:30,28.7871074676514,-17.7307281494141,"Unknown"
"5020562",379156,2026-04-26 12:19:30,28.7870788574219,-17.7307147979736,"Unknown"
"5020562",379156,2026-04-26 12:20:31,28.7870197296143,-17.7306938171387,"Unknown"
"5020562",379156,2026-04-26 12:21:30,28.7869892120361,-17.7307033538818,"Unknown"
"5020562",379156,2026-04-26 12:22:31,28.7869129180908,-17.7306900024414,"Unknown"
"5020562",379156,2026-04-26 12:23:33,28.7868309020996,-17.7306842803955,"Unknown"
"5020562",379156,2026-04-26 12:24:32,28.7867450714111,-17.730676651001,"Unknown"
"5020562",379156,2026-04-26 12:25:29,28.7866611480713,-17.7306499481201,"Unknown"
"5020562",379156,2026-04-26 12:26:31,28.7865867614746,-17.7306308746338,"Unknown"
"5020562",379156,2026-04-26 12:27:38,28.786506652832,-17.7306594848633,"Unknown"
"5020562",379156,2026-04-26 12:28:57,28.7864379882812,-17.7306976318359,"Unknown"
"5020562",379156,2026-04-26 12:29:27,28.7864208221436,-17.730676651001,"Unknown"
"5020562",379156,2026-04-26 12:30:27,28.7863845825195,-17.7306213378906,"Unknown"
"5020562",379156,2026-04-26 12:31:28,28.7863731384277,-17.7306175231934,"Unknown"
"5020562",379156,2026-04-26 12:32:28,28.7863426208496,-17.7306022644043,"Unknown"
"5020562",379156,2026-04-26 12:33:29,28.7862663269043,-17.7306041717529,"Unknown"
"5020562",379156,2026-04-26 12:34:28,28.786226272583,-17.7306308746338,"Unknown"
"5020562",379156,2026-04-26 12:35:27,28.7861976623535,-17.7305698394775,"Unknown"
"5020562",379156,2026-04-26 12:36:27,28.7861976623535,-17.7305698394775,"Unknown"
"5020562",379156,2026-04-26 12:37:27,28.7861289978027,-17.7305641174316,"Unknown"
"5020562",379156,2026-04-26 12:38:29,28.7861194610596,-17.7305660247803,"Unknown"
"5020562",379156,2026-04-26 12:39:28,28.7860889434814,-17.7305755615234,"Unknown"
"5020562",379156,2026-04-26 12:40:27,28.786075592041,-17.7306442260742,"Unknown"
"5020562",379156,2026-04-26 12:41:29,28.7860050201416,-17.7306632995605,"Unknown"
"5020562",379156,2026-04-26 12:42:30,28.7859554290771,-17.7307090759277,"Unknown"
"5020562",379156,2026-04-26 12:43:27,28.7859172821045,-17.7307205200195,"Unknown"
"5020562",379156,2026-04-26 12:44:27,28.785852432251,-17.7307186126709,"Unknown"
"5020562",379156,2026-04-26 12:45:27,28.7857933044434,-17.7307548522949,"Unknown"
"5020562",379156,2026-04-26 12:46:29,28.7858123779297,-17.7307815551758,"Unknown"
"5020562",379156,2026-04-26 12:47:27,28.7858085632324,-17.7308120727539,"Unknown"
"5020562",379156,2026-04-26 12:48:27,28.7858009338379,-17.7307891845703,"Unknown"
"5020562",379156,2026-04-26 12:49:28,28.7858047485352,-17.730827331543,"Unknown"
"5020562",379156,2026-04-26 12:50:28,28.7857761383057,-17.7308597564697,"Unknown"
"5020562",379156,2026-04-26 12:51:28,28.7857704162598,-17.7308311462402,"Unknown"
"5020562",379156,2026-04-26 12:52:29,28.7857437133789,-17.7308387756348,"Unknown"
"5020562",379156,2026-04-26 12:53:27,28.7857227325439,-17.7308197021484,"Unknown"
"5020562",379156,2026-04-26 12:54:27,28.7856903076172,-17.7308006286621,"Unknown"
"5020562",379156,2026-04-26 12:55:27,28.7856578826904,-17.7307815551758,"Unknown"
"5020562",379156,2026-04-26 12:56:27,28.7856578826904,-17.7307434082031,"Unknown"
"5020562",379156,2026-04-26 12:57:27,28.7856063842773,-17.7307510375977,"Unknown"
"5020562",379156,2026-04-26 12:58:27,28.7856063842773,-17.7307472229004,"Unknown"
"5020562",379156,2026-04-26 12:59:27,28.7855930328369,-17.7307147979736,"Unknown"
"5020562",379156,2026-04-26 13:00:27,28.7855529785156,-17.7307472229004,"Unknown"
"5020562",379156,2026-04-26 13:01:28,28.7855262756348,-17.7307415008545,"Unknown"
"5020562",379156,2026-04-26 13:02:27,28.7854690551758,-17.7307815551758,"Unknown"
"5020562",379156,2026-04-26 13:03:27,28.7854480743408,-17.7308235168457,"Unknown"
"5020562",379156,2026-04-26 13:04:28,28.7854156494141,-17.7308216094971,"Unknown"
"5020562",379156,2026-04-26 13:05:27,28.7853851318359,-17.730863571167,"Unknown"
"5020562",379156,2026-04-26 13:06:27,28.7853507995605,-17.730899810791,"Unknown"
"5020562",379156,2026-04-26 13:07:27,28.7853393554688,-17.7309341430664,"Unknown"
"5020562",379156,2026-04-26 13:08:27,28.7852878570557,-17.7309341430664,"Unknown"
"5020562",379156,2026-04-26 13:09:27,28.7852478027344,-17.7309761047363,"Unknown"
"5020562",379156,2026-04-26 13:10:27,28.7852020263672,-17.7309722900391,"Unknown"
"5020562",379156,2026-04-26 13:11:27,28.7851791381836,-17.730978012085,"Unknown"
"5020562",379156,2026-04-26 13:12:27,28.7851238250732,-17.7309513092041,"Unknown"
"5020562",379156,2026-04-26 13:13:27,28.7850646972656,-17.7308940887451,"Unknown"
"5020562",379156,2026-04-26 13:14:27,28.7850208282471,-17.7308540344238,"Unknown"
"5020562",379156,2026-04-26 13:15:27,28.7849464416504,-17.7308483123779,"Unknown"
"5020562",379156,2026-04-26 13:16:27,28.7848949432373,-17.7308311462402,"Unknown"
"5020562",379156,2026-04-26 13:17:27,28.784854888916,-17.7307758331299,"Unknown"
"5020562",379156,2026-04-26 13:18:27,28.7848415374756,-17.7307147979736,"Unknown"
"5020562",379156,2026-04-26 13:19:29,28.784782409668,-17.7307281494141,"Unknown"
"5020562",379156,2026-04-26 13:20:29,28.784782409668,-17.7306613922119,"Unknown"
"5020562",379156,2026-04-26 13:21:28,28.7847785949707,-17.7306079864502,"Unknown"
"5020562",379156,2026-04-26 13:22:27,28.784761428833,-17.7305564880371,"Unknown"
"5020562",379156,2026-04-26 13:23:28,28.784782409668,-17.7305393218994,"Unknown"
"5020562",379156,2026-04-26 13:24:30,28.7847023010254,-17.7305164337158,"Unknown"
"5020562",379156,2026-04-26 13:25:29,28.7847194671631,-17.7304534912109,"Unknown"
"5020562",379156,2026-04-26 13:26:30,28.784725189209,-17.7304039001465,"Unknown"
"5020562",379156,2026-04-26 13:27:30,28.7846965789795,-17.7303905487061,"Unknown"
"5020562",379156,2026-04-26 13:28:30,28.7847366333008,-17.7303123474121,"Unknown"
"5020562",379156,2026-04-26 13:29:30,28.7846927642822,-17.730297088623,"Unknown"
"5020562",379156,2026-04-26 13:30:30,28.7847309112549,-17.7302513122559,"Unknown"
"5020562",379156,2026-04-26 13:31:30,28.7847213745117,-17.7302436828613,"Unknown"
"5020562",379156,2026-04-26 13:32:30,28.784740447998,-17.7302322387695,"Unknown"
"5020562",379156,2026-04-26 13:33:31,28.7847576141357,-17.7301864624023,"Unknown"
"5020562",379156,2026-04-26 13:34:30,28.7847652435303,-17.7301731109619,"Unknown"
"5020562",379156,2026-04-26 13:35:33,28.7847919464111,-17.7301406860352,"Unknown"
"5020562",379156,2026-04-26 13:36:29,28.7848148345947,-17.7301368713379,"Unknown"
"5020562",379156,2026-04-26 13:37:57,28.7848052978516,-17.7301254272461,"Unknown"
"5020562",379156,2026-04-26 13:38:27,28.7847995758057,-17.730110168457,"Unknown"
"5020562",379156,2026-04-26 13:39:27,28.7848110198975,-17.7300910949707,"Unknown"
"5020562",379156,2026-04-26 13:40:27,28.7848243713379,-17.7301006317139,"Unknown"
"5020562",379156,2026-04-26 13:41:27,28.7848148345947,-17.7300777435303,"Unknown"
"5020562",379156,2026-04-26 13:42:28,28.7864246368408,-17.7315196990967,"Unknown"
"5020562",379156,2026-04-26 13:43:27,28.7904663085938,-17.7327785491943,"Unknown"
"5020562",379156,2026-04-26 13:44:27,28.7947158813477,-17.7311000823975,"Unknown"
"5020562",379156,2026-04-26 13:45:28,28.7959423065186,-17.7324562072754,"Unknown"
"5020562",379156,2026-04-26 13:46:27,28.7960739135742,-17.7326583862305,"Unknown"
"5020562",379156,2026-04-26 13:47:27,28.7960319519043,-17.7326354980469,"Unknown"
"5020562",379156,2026-04-26 13:48:27,28.7959823608398,-17.7325973510742,"Unknown"
"5020562",379156,2026-04-26 13:49:27,28.7959308624268,-17.7325687408447,"Unknown"
"5020562",379156,2026-04-26 13:50:27,28.7958812713623,-17.732551574707,"Unknown"
"5020562",379156,2026-04-26 13:51:27,28.7958068847656,-17.732551574707,"Unknown"
"5020562",379156,2026-04-26 13:52:27,28.795747756958,-17.7325210571289,"Unknown"
"5020562",379156,2026-04-26 13:53:27,28.7956962585449,-17.7325382232666,"Unknown"
"5020562",379156,2026-04-26 13:54:27,28.7956237792969,-17.732515335083,"Unknown"
"5020562",379156,2026-04-26 13:55:27,28.7955570220947,-17.7325305938721,"Unknown"
"5020562",379156,2026-04-26 13:56:27,28.7955131530762,-17.7325286865234,"Unknown"
"5020562",379156,2026-04-26 13:57:27,28.795446395874,-17.7325172424316,"Unknown"
"5020562",379156,2026-04-26 13:58:27,28.7953853607178,-17.7325286865234,"Unknown"
"5020562",379156,2026-04-26 13:59:27,28.7953586578369,-17.7325286865234,"Unknown"
"5020562",379156,2026-04-26 14:00:27,28.795280456543,-17.7325248718262,"Unknown"
"5020562",379156,2026-04-26 14:01:29,28.7952404022217,-17.7325191497803,"Unknown"
"5020562",379156,2026-04-26 14:02:29,28.7951793670654,-17.7325420379639,"Unknown"
"5020562",379156,2026-04-26 14:03:29,28.7951316833496,-17.7325172424316,"Unknown"
"5020562",379156,2026-04-26 14:04:29,28.7950801849365,-17.7325286865234,"Unknown"
"5020562",379156,2026-04-26 14:05:29,28.7950401306152,-17.7325096130371,"Unknown"
"5020562",379156,2026-04-26 14:06:29,28.7949905395508,-17.7324924468994,"Unknown"
"5020562",379156,2026-04-26 14:07:27,28.7949352264404,-17.7324981689453,"Unknown"
"5020562",379156,2026-04-26 14:08:27,28.7949047088623,-17.7324829101562,"Unknown"
"5020562",379156,2026-04-26 14:09:27,28.7948551177979,-17.7324409484863,"Unknown"
"5020562",379156,2026-04-26 14:10:27,28.794828414917,-17.7324142456055,"Unknown"
"5020562",379156,2026-04-26 14:11:27,28.7947807312012,-17.7323913574219,"Unknown"
"5020562",379156,2026-04-26 14:12:28,28.794734954834,-17.7323932647705,"Unknown"
"5020562",379156,2026-04-26 14:13:28,28.79469871521,-17.7323970794678,"Unknown"
"5020562",379156,2026-04-26 14:14:29,28.7946720123291,-17.7324199676514,"Unknown"
"5020562",379156,2026-04-26 14:15:29,28.794605255127,-17.7324390411377,"Unknown"
"5020562",379156,2026-04-26 14:16:28,28.7945785522461,-17.7324638366699,"Unknown"
"5020562",379156,2026-04-26 14:17:30,28.7945404052734,-17.7324752807617,"Unknown"
"5020562",379156,2026-04-26 14:18:29,28.7945003509521,-17.7325057983398,"Unknown"
"5020562",379156,2026-04-26 14:19:30,28.794469833374,-17.7325248718262,"Unknown"
"5020562",379156,2026-04-26 14:20:31,28.7944450378418,-17.7325248718262,"Unknown"
"5020562",379156,2026-04-26 14:21:28,28.79443359375,-17.7325038909912,"Unknown"
"5020562",379156,2026-04-26 14:22:29,28.7944221496582,-17.7325096130371,"Unknown"
"5020562",379156,2026-04-26 14:23:27,28.794397354126,-17.7325077056885,"Unknown"
"5020562",379156,2026-04-26 14:24:30,28.7943782806396,-17.732515335083,"Unknown"
"5020562",379156,2026-04-26 14:25:29,28.7943572998047,-17.7324981689453,"Unknown"
"5020562",379156,2026-04-26 14:26:29,28.7943458557129,-17.7324714660645,"Unknown"
"5020562",379156,2026-04-26 14:27:29,28.7943344116211,-17.7324619293213,"Unknown"
"5020562",379156,2026-04-26 14:28:32,28.794303894043,-17.7324695587158,"Unknown"
"5020562",379156,2026-04-26 14:29:32,28.7942924499512,-17.7324752807617,"Unknown"
"5020562",379156,2026-04-26 14:30:32,28.7942733764648,-17.7324447631836,"Unknown"
"5020562",379156,2026-04-26 14:31:30,28.7942390441895,-17.7324657440186,"Unknown"
"5020562",379156,2026-04-26 14:32:29,28.7942218780518,-17.7324333190918,"Unknown"
"5020562",379156,2026-04-26 14:33:30,28.7941932678223,-17.7324390411377,"Unknown"
"5020562",379156,2026-04-26 14:34:30,28.7941761016846,-17.7324409484863,"Unknown"
"5020562",379156,2026-04-26 14:35:32,28.7941474914551,-17.7324466705322,"Unknown"
"5020562",379156,2026-04-26 14:36:32,28.7941455841064,-17.732421875,"Unknown"
"5020562",379156,2026-04-26 14:37:31,28.7941074371338,-17.7324409484863,"Unknown"
"5020562",379156,2026-04-26 14:38:57,28.7940807342529,-17.7324466705322,"Unknown"
"5020562",379156,2026-04-26 14:39:27,28.7940559387207,-17.7324390411377,"Unknown"
"5020562",379156,2026-04-26 14:40:27,28.7940216064453,-17.7324275970459,"Unknown"
"5020562",379156,2026-04-26 14:41:27,28.7939720153809,-17.7324523925781,"Unknown"
"5020562",379156,2026-04-26 14:42:27,28.793981552124,-17.7324409484863,"Unknown"
"5020562",379156,2026-04-26 14:43:27,28.7939414978027,-17.7324161529541,"Unknown"
"5020562",379156,2026-04-26 14:44:27,28.7938995361328,-17.7324466705322,"Unknown"
"5020562",379156,2026-04-26 14:45:27,28.793888092041,-17.7324447631836,"Unknown"
"5020562",379156,2026-04-26 14:46:27,28.7938919067383,-17.7324352264404,"Unknown"
"5020562",379156,2026-04-26 14:47:27,28.7938766479492,-17.7324466705322,"Unknown"
"5020562",379156,2026-04-26 14:48:27,28.793872833252,-17.7324695587158,"Unknown"
"5020562",379156,2026-04-26 14:49:27,28.7938957214355,-17.7324542999268,"Unknown"
"5020562",379156,2026-04-26 14:50:27,28.7938747406006,-17.7324886322021,"Unknown"
"5020562",379156,2026-04-26 14:51:27,28.7938594818115,-17.7324752807617,"Unknown"
"5020562",379156,2026-04-26 14:52:27,28.7938461303711,-17.7324142456055,"Unknown"
"5020562",379156,2026-04-26 14:53:27,28.7938442230225,-17.7323627471924,"Unknown"
"5020562",379156,2026-04-26 14:54:27,28.7938327789307,-17.7323303222656,"Unknown"
"5020562",379156,2026-04-26 14:55:27,28.7937850952148,-17.7323055267334,"Unknown"
"5020562",379156,2026-04-26 14:56:27,28.7937660217285,-17.7323036193848,"Unknown"
"5020562",379156,2026-04-26 14:57:27,28.793737411499,-17.7322769165039,"Unknown"
"5020562",379156,2026-04-26 14:58:27,28.7936954498291,-17.7322788238525,"Unknown"
"5020562",379156,2026-04-26 14:59:27,28.7936763763428,-17.7322692871094,"Unknown"
"5020562",379156,2026-04-26 15:00:27,28.7936897277832,-17.7322826385498,"Unknown"
"5020562",379156,2026-04-26 15:01:27,28.7936725616455,-17.7323265075684,"Unknown"
"5020562",379156,2026-04-26 15:02:28,28.7937030792236,-17.7323513031006,"Unknown"
"5020562",379156,2026-04-26 15:03:29,28.7937049865723,-17.7323684692383,"Unknown"
"5020562",379156,2026-04-26 15:04:29,28.7937164306641,-17.7324142456055,"Unknown"
"5020562",379156,2026-04-26 15:05:29,28.7937145233154,-17.7324562072754,"Unknown"
"5020562",379156,2026-04-26 15:06:29,28.79368019104,-17.732494354248,"Unknown"
"5020562",379156,2026-04-26 15:07:29,28.7936534881592,-17.7325172424316,"Unknown"
"5020562",379156,2026-04-26 15:08:29,28.7936096191406,-17.732593536377,"Unknown"
"5020562",379156,2026-04-26 15:09:29,28.7935905456543,-17.7326107025146,"Unknown"
"5020562",379156,2026-04-26 15:10:28,28.7935409545898,-17.7326488494873,"Unknown"
"5020562",379156,2026-04-26 15:11:27,28.7935218811035,-17.7327003479004,"Unknown"
"5020562",379156,2026-04-26 15:12:29,28.7934894561768,-17.7326927185059,"Unknown"
"5020562",379156,2026-04-26 15:13:29,28.7934474945068,-17.7327537536621,"Unknown"
"5020562",379156,2026-04-26 15:14:29,28.7934513092041,-17.7328205108643,"Unknown"
"5020562",379156,2026-04-26 15:15:29,28.793399810791,-17.7328300476074,"Unknown"
"5020562",379156,2026-04-26 15:16:29,28.7933769226074,-17.7328777313232,"Unknown"
"5020562",379156,2026-04-26 15:17:29,28.7933616638184,-17.7329025268555,"Unknown"
"5020562",379156,2026-04-26 15:18:29,28.7933483123779,-17.7329788208008,"Unknown"
"5020562",379156,2026-04-26 15:19:29,28.7933025360107,-17.7330265045166,"Unknown"
"5020562",379156,2026-04-26 15:20:29,28.7933044433594,-17.7331218719482,"Unknown"
"5020562",379156,2026-04-26 15:21:29,28.7933139801025,-17.7331829071045,"Unknown"
"5020562",379156,2026-04-26 15:22:27,28.7933177947998,-17.7332458496094,"Unknown"
"5020562",379156,2026-04-26 15:23:30,28.7933177947998,-17.733325958252,"Unknown"
"5020562",379156,2026-04-26 15:24:28,28.7933254241943,-17.7333583831787,"Unknown"
"5020562",379156,2026-04-26 15:25:29,28.7933330535889,-17.7333984375,"Unknown"
"5020562",379156,2026-04-26 15:26:28,28.7933349609375,-17.7334499359131,"Unknown"
"5020562",379156,2026-04-26 15:27:27,28.7933673858643,-17.7334613800049,"Unknown"
"5020562",379156,2026-04-26 15:28:28,28.7933712005615,-17.7335052490234,"Unknown"
"5020562",379156,2026-04-26 15:29:27,28.7933616638184,-17.7335453033447,"Unknown"
"5020562",379156,2026-04-26 15:30:28,28.7933692932129,-17.7336120605469,"Unknown"
"5020562",379156,2026-04-26 15:31:28,28.7933654785156,-17.7336673736572,"Unknown"
"5020562",379156,2026-04-26 15:32:28,28.7933444976807,-17.7337074279785,"Unknown"
"5020562",379156,2026-04-26 15:33:29,28.7932929992676,-17.7337093353271,"Unknown"
"5020562",379156,2026-04-26 15:34:30,28.7933101654053,-17.7337398529053,"Unknown"
"5020562",379156,2026-04-26 15:35:27,28.7932376861572,-17.7337779998779,"Unknown"
"5020562",379156,2026-04-26 15:36:29,28.7932758331299,-17.7338733673096,"Unknown"
"5020562",379156,2026-04-26 15:37:27,28.7932243347168,-17.7339000701904,"Unknown"
"5020562",379156,2026-04-26 15:38:27,28.7932510375977,-17.7339935302734,"Unknown"
"5020562",379156,2026-04-26 15:39:27,28.7932014465332,-17.7340412139893,"Unknown"
"5020562",379156,2026-04-26 15:40:27,28.7931842803955,-17.7340927124023,"Unknown"
"5020562",379156,2026-04-26 15:41:27,28.7931804656982,-17.7341499328613,"Unknown"
"5020562",379156,2026-04-26 15:42:28,28.7931060791016,-17.7342281341553,"Unknown"
"5020562",379156,2026-04-26 15:43:27,28.7930564880371,-17.7342929840088,"Unknown"
"5020562",379156,2026-04-26 15:44:30,28.7951793670654,-17.7325859069824,"Unknown"
"5020562",379156,2026-04-26 15:45:29,28.7967376708984,-17.7282066345215,"Unknown"
"5020562",379156,2026-04-26 15:46:28,28.7989063262939,-17.7245826721191,"Unknown"
"5020562",379156,2026-04-26 15:47:28,28.801118850708,-17.7213439941406,"Unknown"
"5020562",379156,2026-04-26 15:52:29,28.7920665740967,-17.7061939239502,"Unknown"
"5020562",379156,2026-04-26 15:57:30,28.7856407165527,-17.6985015869141,"Unknown"
"5020562",379156,2026-04-26 16:02:31,28.7860317230225,-17.6989803314209,"Unknown"
"5020562",379156,2026-04-26 16:07:30,28.7865104675293,-17.699577331543,"Unknown"
"5020562",379156,2026-04-26 16:12:31,28.7869510650635,-17.7000827789307,"Unknown"
"5020562",379156,2026-04-26 16:17:30,28.7874145507812,-17.7006225585938,"Unknown"
"5020562",379156,2026-04-26 16:22:30,28.7867164611816,-17.6996154785156,"Unknown"
"5020562",379156,2026-04-26 16:27:29,28.7868537902832,-17.6994647979736,"Unknown"
"5020562",379156,2026-04-26 16:32:31,28.7872791290283,-17.7000789642334,"Unknown"
"5020562",379156,2026-04-26 16:37:32,28.7878971099854,-17.7072410583496,"Unknown"
"5020562",379156,2026-04-26 16:42:27,28.7961406707764,-17.7367477416992,"Unknown"
"5020562",379156,2026-04-26 16:47:31,28.7984027862549,-17.7396430969238,"Unknown"
"5020562",379156,2026-04-26 16:48:29,28.7988739013672,-17.7400817871094,"Unknown"
"5020562",379156,2026-04-26 16:49:32,28.7983245849609,-17.7398414611816,"Unknown"
"5020562",379156,2026-04-26 16:50:31,28.7982749938965,-17.7399768829346,"Unknown"
"5020562",379156,2026-04-26 16:51:31,28.7982978820801,-17.7400932312012,"Unknown"
"5020562",379156,2026-04-26 16:52:33,28.7982902526855,-17.7402172088623,"Unknown"
"5020562",379156,2026-04-26 16:53:33,28.7982349395752,-17.7403564453125,"Unknown"
"5020562",379156,2026-04-26 16:54:34,28.7982769012451,-17.7404861450195,"Unknown"
"5020562",379156,2026-04-26 16:55:33,28.7982711791992,-17.7405967712402,"Unknown"
"5020562",379156,2026-04-26 16:56:39,28.7982769012451,-17.7407531738281,"Unknown"
"5020562",379156,2026-04-26 16:57:33,28.798282623291,-17.7408618927002,"Unknown"
"5020562",379156,2026-04-26 16:58:33,28.7982807159424,-17.7410202026367,"Unknown"
"5020562",379156,2026-04-26 16:59:33,28.7983016967773,-17.7411346435547,"Unknown"
"5020562",379156,2026-04-26 17:00:47,28.7983264923096,-17.7412776947021,"Unknown"
"5020562",379156,2026-04-26 17:01:28,28.7983303070068,-17.7413349151611,"Unknown"
"5020562",379156,2026-04-26 17:02:28,28.7983436584473,-17.7414417266846,"Unknown"
"5020562",379156,2026-04-26 17:03:28,28.7983207702637,-17.7415084838867,"Unknown"
"5020562",379156,2026-04-26 17:04:28,28.79833984375,-17.7416229248047,"Unknown"
"5020562",379156,2026-04-26 17:05:31,28.7983856201172,-17.7417049407959,"Unknown"
"5020562",379156,2026-04-26 17:06:49,28.7983779907227,-17.7418270111084,"Unknown"
"5020562",379156,2026-04-26 17:07:28,28.7983684539795,-17.7420272827148,"Unknown"
"5020562",379156,2026-04-26 17:08:28,28.7983512878418,-17.7420883178711,"Unknown"
"5020562",379156,2026-04-26 17:09:28,28.7983226776123,-17.7421646118164,"Unknown"
"5020562",379156,2026-04-26 17:10:28,28.7983150482178,-17.7422580718994,"Unknown"
"5020562",379156,2026-04-26 17:11:30,28.7983207702637,-17.7423572540283,"Unknown"
"5020562",379156,2026-04-26 17:12:28,28.7983055114746,-17.7424373626709,"Unknown"
"5020562",379156,2026-04-26 17:13:28,28.7983341217041,-17.7425346374512,"Unknown"
"5020562",379156,2026-04-26 17:14:29,28.7982959747314,-17.7425937652588,"Unknown"
"5020562",379156,2026-04-26 17:15:29,28.7983055114746,-17.7426738739014,"Unknown"
"5020562",379156,2026-04-26 17:16:33,28.7982902526855,-17.7427349090576,"Unknown"
"5020562",379156,2026-04-26 17:17:29,28.798246383667,-17.7428035736084,"Unknown"
"5020562",379156,2026-04-26 17:18:28,28.7981834411621,-17.7428493499756,"Unknown"
"5020562",379156,2026-04-26 17:19:29,28.7982234954834,-17.742956161499,"Unknown"
"5020562",379156,2026-04-26 17:20:31,28.798210144043,-17.7430286407471,"Unknown"
"5020562",379156,2026-04-26 17:21:28,28.798225402832,-17.7431011199951,"Unknown"
"5020562",379156,2026-04-26 17:22:29,28.7982120513916,-17.7432117462158,"Unknown"
"5020562",379156,2026-04-26 17:23:30,28.7982368469238,-17.7432994842529,"Unknown"
"5020562",379156,2026-04-26 17:24:31,28.7982330322266,-17.7433891296387,"Unknown"
"5020562",379156,2026-04-26 17:25:30,28.7982025146484,-17.7434368133545,"Unknown"
"5020562",379156,2026-04-26 17:26:29,28.7981872558594,-17.7435150146484,"Unknown"
"5020562",379156,2026-04-26 17:27:30,28.7981548309326,-17.7436141967773,"Unknown"
"5020562",379156,2026-04-26 17:28:31,28.7981567382812,-17.7436866760254,"Unknown"
"5020562",379156,2026-04-26 17:29:30,28.7981452941895,-17.7437362670898,"Unknown"
"5020562",379156,2026-04-26 17:30:28,28.7968654632568,-17.7394180297852,"Unknown"
"5020562",379156,2026-04-26 17:31:30,28.7968826293945,-17.7395076751709,"Unknown"
"5020562",379156,2026-04-26 17:32:28,28.7968368530273,-17.7396049499512,"Unknown"
"5020562",379156,2026-04-26 17:33:30,28.7968502044678,-17.7396831512451,"Unknown"
"5020562",379156,2026-04-26 17:34:29,28.7968425750732,-17.7397537231445,"Unknown"
"5020562",379156,2026-04-26 17:35:31,28.7968044281006,-17.7398357391357,"Unknown"
"5020562",379156,2026-04-26 17:36:32,28.796760559082,-17.739896774292,"Unknown"
"5020562",379156,2026-04-26 17:37:30,28.7967338562012,-17.7399368286133,"Unknown"
"5020562",379156,2026-04-26 17:38:31,28.7967109680176,-17.7399959564209,"Unknown"
"5020562",379156,2026-04-26 17:39:31,28.7966823577881,-17.7400569915771,"Unknown"
"5020562",379156,2026-04-26 17:40:34,28.7966842651367,-17.7401142120361,"Unknown"
"5020562",379156,2026-04-26 17:41:30,28.7966613769531,-17.7400894165039,"Unknown"
"5020562",379156,2026-04-26 17:42:32,28.7965621948242,-17.7401065826416,"Unknown"
"5020562",379156,2026-04-26 17:43:36,28.7965526580811,-17.740213394165,"Unknown"
"5020562",379156,2026-04-26 17:44:31,28.7965068817139,-17.740255355835,"Unknown"
"5020562",379156,2026-04-26 17:45:32,28.7964839935303,-17.7403583526611,"Unknown"
"5020562",379156,2026-04-26 17:46:29,28.7964134216309,-17.740421295166,"Unknown"
"5020562",379156,2026-04-26 17:47:31,28.7963905334473,-17.7405014038086,"Unknown"
"5020562",379156,2026-04-26 17:48:32,28.7963562011719,-17.7405815124512,"Unknown"
"5020562",379156,2026-04-26 17:49:31,28.7963314056396,-17.740665435791,"Unknown"
"5020562",379156,2026-04-26 17:50:31,28.7963485717773,-17.7407722473145,"Unknown"
"5020562",379156,2026-04-26 17:51:31,28.7963447570801,-17.7408542633057,"Unknown"
"5020562",379156,2026-04-26 17:52:32,28.7963371276855,-17.7409267425537,"Unknown"
"5020562",379156,2026-04-26 17:53:30,28.7962818145752,-17.740966796875,"Unknown"
"5020562",379156,2026-04-26 17:54:33,28.7962799072266,-17.741081237793,"Unknown"
"5020562",379156,2026-04-26 17:55:30,28.796257019043,-17.7411346435547,"Unknown"
"5020562",379156,2026-04-26 17:56:32,28.796272277832,-17.7412185668945,"Unknown"
"5020562",379156,2026-04-26 17:57:34,28.7962112426758,-17.7411556243896,"Unknown"
"5020562",379156,2026-04-26 17:58:30,28.7961559295654,-17.741174697876,"Unknown"
"5020562",379156,2026-04-26 17:59:28,28.7961196899414,-17.7412986755371,"Unknown"
"5020562",379156,2026-04-26 18:00:57,28.7960624694824,-17.7414474487305,"Unknown"
"5020562",379156,2026-04-26 18:01:28,28.7960605621338,-17.7414684295654,"Unknown"
"5020562",379156,2026-04-26 18:02:28,28.7959995269775,-17.7415027618408,"Unknown"
"5020562",379156,2026-04-26 18:03:29,28.7959671020508,-17.7416172027588,"Unknown"
"5020562",379156,2026-04-26 18:04:28,28.7959651947021,-17.7416763305664,"Unknown"
"5020562",379156,2026-04-26 18:05:28,28.7959270477295,-17.7417221069336,"Unknown"
"5020562",379156,2026-04-26 18:06:28,28.7959308624268,-17.7418003082275,"Unknown"
"5020562",379156,2026-04-26 18:07:28,28.7959213256836,-17.7418785095215,"Unknown"
"5020562",379156,2026-04-26 18:08:29,28.7958755493164,-17.742000579834,"Unknown"
"5020562",379156,2026-04-26 18:09:29,28.7958984375,-17.7420654296875,"Unknown"
"5020562",379156,2026-04-26 18:10:28,28.7959098815918,-17.7421360015869,"Unknown"
"5020562",379156,2026-04-26 18:11:29,28.7958431243896,-17.7422008514404,"Unknown"
"5020562",379156,2026-04-26 18:12:28,28.7958011627197,-17.7422885894775,"Unknown"
"5020562",379156,2026-04-26 18:13:29,28.7957363128662,-17.7423515319824,"Unknown"
"5020562",379156,2026-04-26 18:14:28,28.7970485687256,-17.7414989471436,"Unknown"
"5020562",379156,2026-04-26 18:15:28,28.7958583831787,-17.7358169555664,"Unknown"
"5020562",379156,2026-04-26 18:16:28,28.7955017089844,-17.7317543029785,"Unknown"
"5020562",379156,2026-04-26 18:17:29,28.7965812683105,-17.7289161682129,"Unknown"
"5020562",379156,2026-04-26 18:18:28,28.7981567382812,-17.7331924438477,"Unknown"
"5020562",379156,2026-04-26 18:19:28,28.8007011413574,-17.7342319488525,"Unknown"
"5020562",379156,2026-04-26 18:20:28,28.8002872467041,-17.730037689209,"Unknown"
"5020562",379156,2026-04-26 18:21:28,28.800163269043,-17.7328548431396,"Unknown"
"5020562",379156,2026-04-26 18:22:28,28.7995643615723,-17.7345752716064,"Unknown"
"5020562",379156,2026-04-26 18:23:30,28.7994804382324,-17.7346954345703,"Unknown"
"5020562",379156,2026-04-26 18:24:29,28.7994194030762,-17.7347984313965,"Unknown"
"5020562",379156,2026-04-26 18:25:30,28.7993698120117,-17.7349185943604,"Unknown"
"5020562",379156,2026-04-26 18:26:29,28.7992706298828,-17.7349987030029,"Unknown"
"5020562",379156,2026-04-26 18:27:28,28.7992134094238,-17.7351036071777,"Unknown"
"5020562",379156,2026-04-26 18:28:28,28.799144744873,-17.7352104187012,"Unknown"
"5020562",379156,2026-04-26 18:29:28,28.79905128479,-17.7352848052979,"Unknown"
"5020562",379156,2026-04-26 18:30:28,28.7989826202393,-17.7353591918945,"Unknown"
"5020562",379156,2026-04-26 18:31:29,28.7989177703857,-17.7354698181152,"Unknown"
"5020562",379156,2026-04-26 18:32:32,28.7988300323486,-17.7355651855469,"Unknown"
"5020562",379156,2026-04-26 18:33:30,28.7987823486328,-17.7356662750244,"Unknown"
"5020562",379156,2026-04-26 18:34:30,28.7987174987793,-17.7357406616211,"Unknown"
"5020562",379156,2026-04-26 18:35:30,28.7986183166504,-17.7357788085938,"Unknown"
"5020562",379156,2026-04-26 18:36:28,28.7985458374023,-17.7358779907227,"Unknown"
"5020562",379156,2026-04-26 18:37:29,28.7984504699707,-17.7359409332275,"Unknown"
"5020562",379156,2026-04-26 18:38:29,28.7984104156494,-17.7360324859619,"Unknown"
"5020562",379156,2026-04-26 18:39:29,28.7983169555664,-17.7360725402832,"Unknown"
"5020562",379156,2026-04-26 18:40:30,28.7982635498047,-17.7361316680908,"Unknown"
"5020562",379156,2026-04-26 18:41:28,28.7982120513916,-17.7361850738525,"Unknown"
"5020562",379156,2026-04-26 18:42:28,28.7981357574463,-17.7362060546875,"Unknown"
"5020562",379156,2026-04-26 18:43:28,28.7980289459229,-17.7362689971924,"Unknown"
"5020562",379156,2026-04-26 18:44:28,28.7979869842529,-17.7363300323486,"Unknown"
"5020562",379156,2026-04-26 18:45:28,28.7978897094727,-17.7363739013672,"Unknown"
"5020562",379156,2026-04-26 18:46:28,28.7978210449219,-17.7364120483398,"Unknown"
"5020562",379156,2026-04-26 18:47:29,28.7977447509766,-17.7364292144775,"Unknown"
"5020562",379156,2026-04-26 18:48:28,28.7976894378662,-17.7364368438721,"Unknown"
"5020562",379156,2026-04-26 18:49:29,28.7975826263428,-17.736421585083,"Unknown"
"5020562",379156,2026-04-26 18:50:28,28.7975101470947,-17.7363910675049,"Unknown"
"5020562",379156,2026-04-26 18:51:28,28.7974472045898,-17.7363910675049,"Unknown"
"5020562",379156,2026-04-26 18:52:28,28.7973747253418,-17.7363681793213,"Unknown"
"5020562",379156,2026-04-26 18:53:28,28.7973098754883,-17.7363433837891,"Unknown"
"5020562",379156,2026-04-26 18:54:28,28.7972259521484,-17.7363376617432,"Unknown"
"5020562",379156,2026-04-26 18:55:28,28.7971611022949,-17.7363414764404,"Unknown"
"5020562",379156,2026-04-26 18:56:30,28.7970314025879,-17.7363586425781,"Unknown"
"5020562",379156,2026-04-26 18:57:30,28.7969455718994,-17.7363948822021,"Unknown"
"5020562",379156,2026-04-26 18:58:30,28.7968482971191,-17.7364311218262,"Unknown"
"5020562",379156,2026-04-26 18:59:28,28.7967681884766,-17.7364330291748,"Unknown"
"5020562",379156,2026-04-26 19:00:28,28.7966785430908,-17.7364521026611,"Unknown"
"5020562",379156,2026-04-26 19:01:28,28.7966060638428,-17.7364711761475,"Unknown"
"5020562",379156,2026-04-26 19:02:29,28.7965278625488,-17.7364921569824,"Unknown"
"5020562",379156,2026-04-26 19:03:29,28.7964477539062,-17.7365531921387,"Unknown"
"5020562",379156,2026-04-26 19:04:28,28.7963485717773,-17.7365989685059,"Unknown"
"5020562",379156,2026-04-26 19:05:28,28.7963123321533,-17.7366561889648,"Unknown"
"5020562",379156,2026-04-26 19:06:28,28.7962303161621,-17.7367172241211,"Unknown"
"5020562",379156,2026-04-26 19:07:28,28.7961750030518,-17.7368049621582,"Unknown"
"5020562",379156,2026-04-26 19:08:29,28.794340133667,-17.7350177764893,"Unknown"
"5020562",379156,2026-04-26 19:09:40,28.790714263916,-17.7304668426514,"Unknown"
"5020562",379156,2026-04-26 19:10:52,28.7908744812012,-17.7303104400635,"Unknown"
"5020562",379156,2026-04-26 19:11:52,28.791051864624,-17.7304229736328,"Unknown"
"5020562",379156,2026-04-26 19:12:54,28.7908496856689,-17.7299213409424,"Unknown"
"5020562",379156,2026-04-26 19:13:52,28.7903060913086,-17.7302570343018,"Unknown"
"5020562",379156,2026-04-26 19:14:52,28.7903251647949,-17.7302265167236,"Unknown"
"5020562",379156,2026-04-26 19:15:52,28.7903308868408,-17.7302093505859,"Unknown"
"5020562",379156,2026-04-26 19:16:52,28.7903690338135,-17.7301845550537,"Unknown"
"5020562",379156,2026-04-26 19:17:52,28.7903537750244,-17.7301807403564,"Unknown"
"5020562",379156,2026-04-26 19:18:52,28.7903518676758,-17.7301769256592,"Unknown"
"5020562",379156,2026-04-26 19:19:52,28.7911682128906,-17.731595993042,"Unknown"
"5020562",379156,2026-04-26 19:20:52,28.791690826416,-17.7365226745605,"Unknown"
"5020562",379156,2026-04-26 19:21:52,28.7919387817383,-17.7425289154053,"Unknown"
"5020562",379156,2026-04-26 19:22:52,28.7921943664551,-17.7438049316406,"Unknown"
"5020562",379156,2026-04-26 19:23:52,28.7921161651611,-17.7438068389893,"Unknown"
"5020562",379156,2026-04-26 19:24:52,28.7920475006104,-17.7438163757324,"Unknown"
"5020562",379156,2026-04-26 19:25:52,28.7919597625732,-17.743860244751,"Unknown"
"5020562",379156,2026-04-26 19:26:52,28.7918891906738,-17.7439365386963,"Unknown"
"5020562",379156,2026-04-26 19:27:52,28.7917881011963,-17.744010925293,"Unknown"
"5020562",379156,2026-04-26 19:28:52,28.7916889190674,-17.7440357208252,"Unknown"
"5020562",379156,2026-04-26 19:29:52,28.7915954589844,-17.7440242767334,"Unknown"
"5020562",379156,2026-04-26 19:30:53,28.7915000915527,-17.7440166473389,"Unknown"
"5020562",379156,2026-04-26 19:31:52,28.7913970947266,-17.7440032958984,"Unknown"
"5020562",379156,2026-04-26 19:32:52,28.7913074493408,-17.7439994812012,"Unknown"
"5020562",379156,2026-04-26 19:33:52,28.7912273406982,-17.7440395355225,"Unknown"
"5020562",379156,2026-04-26 19:34:54,28.791130065918,-17.7439918518066,"Unknown"
"5020562",379156,2026-04-26 19:35:53,28.7910385131836,-17.7439651489258,"Unknown"
"5020562",379156,2026-04-26 19:36:54,28.7909393310547,-17.7439575195312,"Unknown"
"5020562",379156,2026-04-26 19:37:52,28.7908306121826,-17.7439746856689,"Unknown"
"5020562",379156,2026-04-26 19:38:53,28.7907447814941,-17.7439670562744,"Unknown"
"5020562",379156,2026-04-26 19:39:53,28.7906761169434,-17.7439918518066,"Unknown"
"5020562",379156,2026-04-26 19:40:52,28.7905807495117,-17.7439727783203,"Unknown"
"5020562",379156,2026-04-26 19:41:53,28.7904624938965,-17.7439765930176,"Unknown"
"5020562",379156,2026-04-26 19:42:53,28.7903919219971,-17.7439842224121,"Unknown"
"5020562",379156,2026-04-26 19:43:54,28.7902736663818,-17.744010925293,"Unknown"
"5020562",379156,2026-04-26 19:44:52,28.7901706695557,-17.7439937591553,"Unknown"
"5020562",379156,2026-04-26 19:46:00,28.7900886535645,-17.7439460754395,"Unknown"
"5020562",379156,2026-04-26 19:46:53,28.7900161743164,-17.7439289093018,"Unknown"
"5020562",379156,2026-04-26 19:47:53,28.7899589538574,-17.7439060211182,"Unknown"
"5020562",379156,2026-04-26 19:48:53,28.789888381958,-17.7439022064209,"Unknown"
"5020562",379156,2026-04-26 19:49:53,28.7897891998291,-17.7439212799072,"Unknown"
"5020562",379156,2026-04-26 19:50:52,28.7897071838379,-17.7439212799072,"Unknown"
"5020562",379156,2026-04-26 19:51:53,28.7896423339844,-17.7439060211182,"Unknown"
"5020562",379156,2026-04-26 19:52:56,28.7895355224609,-17.7439022064209,"Unknown"
"5020562",379156,2026-04-26 19:53:52,28.7894821166992,-17.7438983917236,"Unknown"
"5020562",379156,2026-04-26 19:54:55,28.7893810272217,-17.743860244751,"Unknown"
"5020562",379156,2026-04-26 19:55:55,28.7893257141113,-17.743803024292,"Unknown"
"5020562",379156,2026-04-26 19:56:53,28.7892475128174,-17.7438087463379,"Unknown"
"5020562",379156,2026-04-26 19:57:52,28.7891788482666,-17.7437648773193,"Unknown"
"5020562",379156,2026-04-26 19:58:52,28.7890586853027,-17.7437534332275,"Unknown"
"5020562",379156,2026-04-26 19:59:53,28.7889652252197,-17.7437191009521,"Unknown"
"5020562",379156,2026-04-26 20:00:52,28.7888832092285,-17.7436923980713,"Unknown"
"5020562",379156,2026-04-26 20:01:52,28.788782119751,-17.7436904907227,"Unknown"
"5020562",379156,2026-04-26 20:02:53,28.7887287139893,-17.7437210083008,"Unknown"
"5020562",379156,2026-04-26 20:03:53,28.7886772155762,-17.7437381744385,"Unknown"
"5020562",379156,2026-04-26 20:04:52,28.7885913848877,-17.7437267303467,"Unknown"
"5020562",379156,2026-04-26 20:05:54,28.7884979248047,-17.7436866760254,"Unknown"
"5020562",379156,2026-04-26 20:06:52,28.7884502410889,-17.743709564209,"Unknown"
"5020562",379156,2026-04-26 20:07:52,28.7883720397949,-17.7437362670898,"Unknown"
"5020562",379156,2026-04-26 20:08:52,28.7883110046387,-17.743766784668,"Unknown"
"5020562",379156,2026-04-26 20:09:52,28.7882843017578,-17.7437515258789,"Unknown"
"5020562",379156,2026-04-26 20:10:53,28.7882232666016,-17.7437362670898,"Unknown"
"5020562",379156,2026-04-26 20:11:59,28.788122177124,-17.7436637878418,"Unknown"
"5020562",379156,2026-04-26 20:12:55,28.7880821228027,-17.7436428070068,"Unknown"
"5020562",379156,2026-04-26 20:14:17,28.7879581451416,-17.7436046600342,"Unknown"
"5020562",379156,2026-04-26 20:14:52,28.7878952026367,-17.7436027526855,"Unknown"
"5020562",379156,2026-04-26 20:15:51,28.7878398895264,-17.7435874938965,"Unknown"
"5020562",379156,2026-04-26 20:16:53,28.7877197265625,-17.7436008453369,"Unknown"
"5020562",379156,2026-04-26 20:17:52,28.7877025604248,-17.7435989379883,"Unknown"
"5020562",379156,2026-04-26 20:18:51,28.7876491546631,-17.743595123291,"Unknown"
"5020562",379156,2026-04-26 20:19:52,28.7876205444336,-17.7436256408691,"Unknown"
"5020562",379156,2026-04-26 20:20:52,28.7875595092773,-17.7436046600342,"Unknown"
"5020562",379156,2026-04-26 20:21:52,28.7875022888184,-17.7435989379883,"Unknown"
"5020562",379156,2026-04-26 20:22:51,28.7874202728271,-17.743558883667,"Unknown"
"5020562",379156,2026-04-26 20:23:52,28.7873477935791,-17.7435417175293,"Unknown"
"5020562",379156,2026-04-26 20:24:52,28.7872924804688,-17.7435245513916,"Unknown"
"5020562",379156,2026-04-26 20:25:52,28.7872409820557,-17.7435035705566,"Unknown"
"5020562",379156,2026-04-26 20:26:52,28.787181854248,-17.743537902832,"Unknown"
"5020562",379156,2026-04-26 20:27:52,28.7871074676514,-17.7435264587402,"Unknown"
"5020562",379156,2026-04-26 20:28:51,28.7870330810547,-17.7435340881348,"Unknown"
"5020562",379156,2026-04-26 20:29:52,28.7869968414307,-17.7435455322266,"Unknown"
"5020562",379156,2026-04-26 20:30:52,28.7869510650635,-17.7435569763184,"Unknown"
"5020562",379156,2026-04-26 20:31:53,28.7868976593018,-17.7435569763184,"Unknown"
"5020562",379156,2026-04-26 20:32:52,28.7868270874023,-17.7436084747314,"Unknown"
"5020562",379156,2026-04-26 20:33:52,28.7867698669434,-17.7435760498047,"Unknown"
"5020562",379156,2026-04-26 20:34:51,28.7815055847168,-17.7443904876709,"Unknown"
"5020562",379156,2026-04-26 20:35:52,28.7724170684814,-17.7412166595459,"Unknown"
"5020562",379156,2026-04-26 20:36:52,28.7679557800293,-17.7339611053467,"Unknown"
"5020562",379156,2026-04-26 20:37:52,28.7657260894775,-17.7283802032471,"Unknown"
"5020562",379156,2026-04-26 20:38:52,28.7638530731201,-17.7275562286377,"Unknown"
"5020562",379156,2026-04-26 20:39:52,28.7599945068359,-17.7247467041016,"Unknown"
"5020562",379156,2026-04-26 20:40:54,28.7567825317383,-17.72141456604,"Unknown"
"5020562",379156,2026-04-26 20:45:53,28.727108001709,-17.7169570922852,"Unknown"
"5020562",379156,2026-04-26 20:50:58,28.7079734802246,-17.7440204620361,"Unknown"
"5020562",379156,2026-04-26 20:55:53,28.699836730957,-17.7567386627197,"Unknown"
"5020562",379156,2026-04-26 20:56:53,28.7019882202148,-17.7589435577393,"Unknown"
"5020562",379156,2026-04-26 20:57:53,28.7052669525146,-17.7598915100098,"Unknown"
"5020562",379156,2026-04-26 20:58:53,28.7083854675293,-17.7577037811279,"Unknown"
"5020562",379156,2026-04-26 20:59:52,28.7118473052979,-17.7576141357422,"Unknown"
"5020562",379156,2026-04-26 21:00:54,28.7176303863525,-17.7583999633789,"Unknown"
"5020562",379156,2026-04-26 21:01:53,28.7213878631592,-17.7638664245605,"Unknown"
"5020562",379156,2026-04-26 21:02:52,28.7218971252441,-17.7635746002197,"Unknown"
"5020562",379156,2026-04-26 21:03:52,28.7207775115967,-17.763298034668,"Unknown"
"5020562",379156,2026-04-26 21:04:54,28.7199363708496,-17.762996673584,"Unknown"
"5020562",379156,2026-04-26 21:05:54,28.721134185791,-17.7637710571289,"Unknown"
"5020562",379156,2026-04-26 21:06:54,28.7217845916748,-17.7625732421875,"Unknown"
"5020562",379156,2026-04-26 21:07:54,28.7217960357666,-17.7633495330811,"Unknown"
"5020562",379156,2026-04-26 21:08:52,28.7222957611084,-17.7630462646484,"Unknown"
"5020562",379156,2026-04-26 21:09:53,28.7204055786133,-17.764835357666,"Unknown"
"5020562",379156,2026-04-26 21:10:53,28.720890045166,-17.7648296356201,"Unknown"
"5020562",379156,2026-04-26 21:11:53,28.7215671539307,-17.7644004821777,"Unknown"
"5020562",379156,2026-04-26 21:13:44,28.7206287384033,-17.7650985717773,"Unknown"
"5020562",379156,2026-04-26 21:14:07,28.7209491729736,-17.7658596038818,"Unknown"
"5020562",379156,2026-04-27 05:37:17,28.7208824157715,-17.7658061981201,"Unknown"
"5020562",379156,2026-04-27 05:47:27,28.6998100280762,-17.7346878051758,"Unknown"
"5020562",379156,2026-04-27 05:56:44,28.7140445709229,-17.7225036621094,"Unknown"
"5020562",379156,2026-04-27 06:06:44,28.7350521087646,-17.7207336425781,"Unknown"
"5020562",379156,2026-04-27 06:16:44,28.7364749908447,-17.7193050384521,"Unknown"
"5020562",379156,2026-04-27 06:26:47,28.7380657196045,-17.718074798584,"Unknown"
"5020562",379156,2026-04-27 06:36:43,28.7400512695312,-17.7170391082764,"Unknown"
"5020562",379156,2026-04-27 06:46:44,28.7465476989746,-17.7208099365234,"Unknown"
"5020562",379156,2026-04-27 06:56:44,28.7493133544922,-17.716423034668,"Unknown"
"5020562",379156,2026-04-27 07:06:44,28.7580528259277,-17.7181835174561,"Unknown"
"5020562",379156,2026-04-27 07:16:44,28.7728576660156,-17.7178936004639,"Unknown"
"5020562",379156,2026-04-27 07:26:46,28.7589244842529,-17.7154712677002,"Unknown"
"5020562",379156,2026-04-27 07:36:52,28.758358001709,-17.7221508026123,"Unknown"
"5020562",379156,2026-04-27 07:46:55,28.7597503662109,-17.7225399017334,"Unknown"
"5020562",379156,2026-04-27 07:56:56,28.7608642578125,-17.7236480712891,"Unknown"
"5020562",379156,2026-04-27 08:07:20,28.7615184783936,-17.72483253479,"Unknown"
"5020562",379156,2026-04-27 08:16:51,28.7621974945068,-17.7260761260986,"Unknown"
"5020562",379156,2026-04-27 08:26:51,28.7627277374268,-17.7275009155273,"Unknown"
"5020562",379156,2026-04-27 08:36:51,28.7634792327881,-17.7287082672119,"Unknown"
"5020562",379156,2026-04-27 08:46:51,28.764217376709,-17.7298583984375,"Unknown"
"5020562",379156,2026-04-27 08:56:52,28.7645816802979,-17.7308120727539,"Unknown"
"5020562",379156,2026-04-27 09:06:51,28.773904800415,-17.7301826477051,"Unknown"
"5020562",379156,2026-04-27 09:16:51,28.7748260498047,-17.7308559417725,"Unknown"
"5020562",379156,2026-04-27 09:26:51,28.7760124206543,-17.731538772583,"Unknown"
"5020562",379156,2026-04-27 09:36:51,28.7680377960205,-17.7226734161377,"Unknown"
"5020562",379156,2026-04-27 09:46:51,28.7750968933105,-17.7263431549072,"Unknown"
"5020562",379156,2026-04-27 09:56:51,28.7763385772705,-17.7261409759521,"Unknown"
"5020562",379156,2026-04-27 10:06:53,28.7775440216064,-17.7277221679688,"Unknown"
"5020562",379156,2026-04-27 10:16:53,28.7789916992188,-17.7291660308838,"Unknown"
"5020562",379156,2026-04-27 10:26:51,28.7803039550781,-17.7305545806885,"Unknown"
"5020562",379156,2026-04-27 10:36:54,28.7815570831299,-17.7319087982178,"Unknown"
"5020562",379156,2026-04-27 10:46:54,28.7826385498047,-17.7332553863525,"Unknown"
"5020562",379156,2026-04-27 10:58:16,28.7599830627441,-17.7154178619385,"Unknown"
"5020562",379156,2026-04-27 11:07:17,28.7547168731689,-17.7115230560303,"Unknown"
"5020562",379156,2026-04-27 11:11:52,28.7557144165039,-17.7116832733154,"Unknown"
"5020562",379156,2026-04-27 11:16:50,28.7568969726562,-17.7120819091797,"Unknown"
"5020562",379156,2026-04-27 11:26:52,28.7630271911621,-17.7185955047607,"Unknown"
"5020562",379156,2026-04-27 11:31:51,28.7697887420654,-17.726842880249,"Unknown"
"5020562",379156,2026-04-27 11:36:52,28.7606811523438,-17.7278900146484,"Unknown"
"5020562",379156,2026-04-27 11:37:51,28.7604579925537,-17.7277088165283,"Unknown"
"5020562",379156,2026-04-27 11:38:51,28.7602233886719,-17.7275199890137,"Unknown"
"5020562",379156,2026-04-27 11:39:51,28.7599544525146,-17.7273368835449,"Unknown"
"5020562",379156,2026-04-27 11:40:51,28.7596969604492,-17.7271385192871,"Unknown"
"5020562",379156,2026-04-27 11:41:51,28.7594356536865,-17.7268981933594,"Unknown"
"5020562",379156,2026-04-27 11:42:53,28.7591648101807,-17.7266368865967,"Unknown"
"5020562",379156,2026-04-27 11:43:53,28.7589359283447,-17.726390838623,"Unknown"
"5020562",379156,2026-04-27 11:44:51,28.7586784362793,-17.7261409759521,"Unknown"
"5020562",379156,2026-04-27 11:45:51,28.7584285736084,-17.7259044647217,"Unknown"
"5020562",379156,2026-04-27 11:46:51,28.7582035064697,-17.7256546020508,"Unknown"
"5020562",379156,2026-04-27 11:47:51,28.7559490203857,-17.7214832305908,"Unknown"
"5020562",379156,2026-04-27 11:48:53,28.7558898925781,-17.7212867736816,"Unknown"
"5020562",379156,2026-04-27 11:53:51,28.754243850708,-17.7213134765625,"Unknown"
"5020562",379156,2026-04-27 11:58:51,28.7513256072998,-17.7209014892578,"Unknown"
"5020562",379156,2026-04-27 12:04:21,28.7486610412598,-17.7191944122314,"Unknown"
"5020562",379156,2026-04-27 12:08:51,28.7488117218018,-17.719518661499,"Unknown"
"5020562",379156,2026-04-27 12:13:51,28.7504997253418,-17.7202796936035,"Unknown"
"5020562",379156,2026-04-27 12:18:52,28.7499732971191,-17.7192802429199,"Unknown"
"5020562",379156,2026-04-27 12:23:52,28.7537879943848,-17.7221698760986,"Unknown"
"5020562",379156,2026-04-27 12:28:51,28.7504215240479,-17.7207794189453,"Unknown"
"5020562",379156,2026-04-27 12:33:51,28.7571716308594,-17.7148590087891,"Unknown"
"5020562",379156,2026-04-27 12:38:51,28.7583618164062,-17.7128047943115,"Unknown"
"5020562",379156,2026-04-27 12:43:51,28.7591896057129,-17.712553024292,"Unknown"
"5020562",379156,2026-04-27 12:48:51,28.7604675292969,-17.7126350402832,"Unknown"
"5020562",379156,2026-04-27 12:53:51,28.761510848999,-17.712833404541,"Unknown"
"5020562",379156,2026-04-27 12:58:51,28.7625522613525,-17.7134780883789,"Unknown"
"5020562",379156,2026-04-27 13:03:53,28.7632541656494,-17.7141819000244,"Unknown"
"5020562",379156,2026-04-27 13:08:51,28.7639999389648,-17.7148170471191,"Unknown"
"5020562",379156,2026-04-27 13:13:51,28.7646808624268,-17.7153720855713,"Unknown"
"5020562",379156,2026-04-27 13:18:54,28.7651786804199,-17.7158851623535,"Unknown"
"5020562",379156,2026-04-27 13:23:51,28.7654609680176,-17.7163410186768,"Unknown"
"5020562",379156,2026-04-27 13:28:56,28.7655391693115,-17.7165908813477,"Unknown"
"5020562",379156,2026-04-27 13:33:51,28.7655296325684,-17.7167625427246,"Unknown"
"5020562",379156,2026-04-27 13:38:51,28.7654266357422,-17.7169418334961,"Unknown"
"5020562",379156,2026-04-27 13:43:54,28.7652320861816,-17.7171878814697,"Unknown"
"5020562",379156,2026-04-27 13:48:51,28.7648983001709,-17.7172718048096,"Unknown"
"5020562",379156,2026-04-27 13:53:58,28.7645454406738,-17.7172832489014,"Unknown"
"5020562",379156,2026-04-27 13:59:03,28.7641010284424,-17.7171077728271,"Unknown"
"5020562",379156,2026-04-27 14:04:17,28.7647914886475,-17.7169876098633,"Unknown"
"5020562",379156,2026-04-27 14:08:51,28.7648010253906,-17.7168006896973,"Unknown"
"5020562",379156,2026-04-27 14:13:50,28.7648162841797,-17.7166442871094,"Unknown"
"5020562",379156,2026-04-27 14:18:51,28.7650470733643,-17.7163925170898,"Unknown"
"5020562",379156,2026-04-27 14:23:51,28.7653694152832,-17.7164707183838,"Unknown"
"5020562",379156,2026-04-27 14:28:51,28.7657165527344,-17.7164688110352,"Unknown"
"5020562",379156,2026-04-27 14:33:51,28.7660827636719,-17.7163791656494,"Unknown"
"5020562",379156,2026-04-27 14:38:51,28.7663307189941,-17.7160930633545,"Unknown"
"5020562",379156,2026-04-27 14:43:51,28.7665596008301,-17.7157917022705,"Unknown"
"5020562",379156,2026-04-27 14:48:51,28.7670364379883,-17.715784072876,"Unknown"
"5020562",379156,2026-04-27 14:53:51,28.7673950195312,-17.7158088684082,"Unknown"
"5020562",379156,2026-04-27 14:58:52,28.7707862854004,-17.7144088745117,"Unknown"
"5020562",379156,2026-04-27 15:03:56,28.7710189819336,-17.7153739929199,"Unknown"
"5020562",379156,2026-04-27 15:08:53,28.7713298797607,-17.7160415649414,"Unknown"
"5020562",379156,2026-04-27 15:13:55,28.7716960906982,-17.7167816162109,"Unknown"
"5020562",379156,2026-04-27 15:18:56,28.7718257904053,-17.7177238464355,"Unknown"
"5020562",379156,2026-04-27 15:24:17,28.77174949646,-17.7188377380371,"Unknown"
"5020562",379156,2026-04-27 15:28:55,28.771556854248,-17.7197284698486,"Unknown"
"5020562",379156,2026-04-27 15:33:51,28.7712936401367,-17.7205638885498,"Unknown"
"5020562",379156,2026-04-27 15:38:51,28.7709217071533,-17.7213840484619,"Unknown"
"5020562",379156,2026-04-27 15:43:51,28.770544052124,-17.7221050262451,"Unknown"
"5020562",379156,2026-04-27 15:48:52,28.7719058990479,-17.7205810546875,"Unknown"
"5020562",379156,2026-04-27 15:53:57,28.7714195251465,-17.7211933135986,"Unknown"
"5020562",379156,2026-04-27 15:58:54,28.7710227966309,-17.7215824127197,"Unknown"
"5020562",379156,2026-04-27 16:03:55,28.7705841064453,-17.7218475341797,"Unknown"
"5020562",379156,2026-04-27 16:08:55,28.7700786590576,-17.7219886779785,"Unknown"
"5020562",379156,2026-04-27 16:14:02,28.7696304321289,-17.7220516204834,"Unknown"
"5020562",379156,2026-04-27 16:18:55,28.7692337036133,-17.7221126556396,"Unknown"
"5020562",379156,2026-04-27 16:23:56,28.7688884735107,-17.7220134735107,"Unknown"
"5020562",379156,2026-04-27 16:29:17,28.7684631347656,-17.7217254638672,"Unknown"
"5020562",379156,2026-04-27 16:33:51,28.7681407928467,-17.721342086792,"Unknown"
"5020562",379156,2026-04-27 16:38:53,28.7665328979492,-17.709659576416,"Unknown"
"5020562",379156,2026-04-27 16:43:51,28.7655334472656,-17.70947265625,"Unknown"
"5020562",379156,2026-04-27 16:48:51,28.7644824981689,-17.7045745849609,"Unknown"
"5020562",379156,2026-04-27 16:53:52,28.7616424560547,-17.7012329101562,"Unknown"
"5020562",379156,2026-04-27 16:58:51,28.7598648071289,-17.7078056335449,"Unknown"
"5020562",379156,2026-04-27 17:03:53,28.7582149505615,-17.7108974456787,"Unknown"
"5020562",379156,2026-04-27 17:08:51,28.7587566375732,-17.7117080688477,"Unknown"
"5020562",379156,2026-04-27 17:13:51,28.7590026855469,-17.7116813659668,"Unknown"
"5020562",379156,2026-04-27 17:18:52,28.759256362915,-17.7116718292236,"Unknown"
"5020562",379156,2026-04-27 17:23:53,28.7595233917236,-17.7117252349854,"Unknown"
"5020562",379156,2026-04-27 17:28:54,28.7598075866699,-17.7118682861328,"Unknown"
"5020562",379156,2026-04-27 17:33:51,28.7600650787354,-17.7120265960693,"Unknown"
"5020562",379156,2026-04-27 17:38:51,28.7611217498779,-17.7133712768555,"Unknown"
"5020562",379156,2026-04-27 17:43:51,28.7613582611084,-17.7133502960205,"Unknown"
"5020562",379156,2026-04-27 17:48:52,28.7616634368896,-17.7132778167725,"Unknown"
"5020562",379156,2026-04-27 17:54:07,28.7619094848633,-17.7131881713867,"Unknown"
"5020562",379156,2026-04-27 17:58:54,28.7621326446533,-17.7130546569824,"Unknown"
"5020562",379156,2026-04-27 18:03:56,28.7623844146729,-17.7129955291748,"Unknown"
"5020562",379156,2026-04-27 18:08:52,28.7626056671143,-17.7130165100098,"Unknown"
"5020562",379156,2026-04-27 18:13:52,28.7636241912842,-17.71262550354,"Unknown"
"5020562",379156,2026-04-27 18:18:55,28.7641448974609,-17.714262008667,"Unknown"
"5020562",379156,2026-04-27 18:23:53,28.7639923095703,-17.7142066955566,"Unknown"
"5020562",379156,2026-04-27 18:28:54,28.7641258239746,-17.7143974304199,"Unknown"
"5020562",379156,2026-04-27 18:33:55,28.7608184814453,-17.7279090881348,"Unknown"
"5020562",379156,2026-04-27 18:38:55,28.761043548584,-17.7265167236328,"Unknown"
"5020562",379156,2026-04-27 18:39:54,28.7596817016602,-17.7196922302246,"Unknown"
"5020562",379156,2026-04-27 18:40:55,28.759162902832,-17.7150058746338,"Unknown"
"5020562",379156,2026-04-27 18:45:55,28.7471599578857,-17.7046794891357,"Unknown"
"5020562",379156,2026-04-27 18:50:58,28.746545791626,-17.7155170440674,"Unknown"
"5020562",379156,2026-04-27 18:55:57,28.7470378875732,-17.715747833252,"Unknown"
"5020562",379156,2026-04-27 19:01:16,28.7475719451904,-17.7159385681152,"Unknown"
"5020562",379156,2026-04-27 19:05:55,28.7483367919922,-17.7115783691406,"Unknown"
"5020562",379156,2026-04-27 19:10:55,28.7348194122314,-17.7133178710938,"Unknown"
"5020562",379156,2026-04-27 19:15:58,28.7265338897705,-17.720703125,"Unknown"
"5020562",379156,2026-04-27 19:20:55,28.72678565979,-17.7204303741455,"Unknown"
"5020562",379156,2026-04-27 19:26:00,28.7272930145264,-17.7201843261719,"Unknown"
"5020562",379156,2026-04-27 19:30:54,28.7277698516846,-17.7199211120605,"Unknown"
"5020562",379156,2026-04-27 19:36:13,28.7281799316406,-17.719762802124,"Unknown"
"5020562",379156,2026-04-27 19:40:58,28.7286529541016,-17.7196311950684,"Unknown"
"5020562",379156,2026-04-27 19:45:54,28.7291946411133,-17.7194309234619,"Unknown"
"5020562",379156,2026-04-27 19:50:53,28.7297477722168,-17.7193775177002,"Unknown"
"5020562",379156,2026-04-27 19:55:54,28.7302398681641,-17.7187080383301,"Unknown"
"5020562",379156,2026-04-27 20:00:54,28.7306804656982,-17.7185077667236,"Unknown"
"5020562",379156,2026-04-27 20:05:55,28.7312622070312,-17.7183246612549,"Unknown"
"5020562",379156,2026-04-27 20:10:53,28.7317390441895,-17.7180957794189,"Unknown"
"5020562",379156,2026-04-27 20:15:54,28.7323303222656,-17.7178173065186,"Unknown"
"5020562",379156,2026-04-27 20:20:59,28.7329769134521,-17.7177352905273,"Unknown"
"5020562",379156,2026-04-27 20:25:57,28.7335395812988,-17.7176990509033,"Unknown"
"5020562",379156,2026-04-27 20:30:53,28.7340602874756,-17.7176952362061,"Unknown"
"5020562",379156,2026-04-27 20:35:57,28.7346801757812,-17.7176895141602,"Unknown"
"5020562",379156,2026-04-27 20:40:52,28.7353687286377,-17.7178268432617,"Unknown"
"5020562",379156,2026-04-27 20:45:55,28.7357177734375,-17.7191696166992,"Unknown"
"5020562",379156,2026-04-27 20:50:56,28.7292194366455,-17.703296661377,"Unknown"
"5020562",379156,2026-04-27 20:55:59,28.7182521820068,-17.7236423492432,"Unknown"
"5020562",379156,2026-04-27 21:00:53,28.7047176361084,-17.7380638122559,"Unknown"
"5020562",379156,2026-04-27 21:05:52,28.7022800445557,-17.7485294342041,"Unknown"
"5020562",379156,2026-04-27 21:06:55,28.7087059020996,-17.7495784759521,"Unknown"
"5020562",379156,2026-04-27 21:07:55,28.7087116241455,-17.7493991851807,"Unknown"
"5020562",379156,2026-04-27 21:08:53,28.7132186889648,-17.7548923492432,"Unknown"
"5020562",379156,2026-04-27 21:09:55,28.7188529968262,-17.7614192962646,"Unknown"
"5020562",379156,2026-04-27 21:12:18,28.7208805084229,-17.7657947540283,"Unknown"
"5020562",379156,2026-04-27 21:12:29,28.7208805084229,-17.7658061981201,"Unknown"
"5020562",379156,2026-04-28 05:33:27,28.7190647125244,-17.7625007629395,"Unknown"
"5020562",379156,2026-04-28 05:42:47,28.7139625549316,-17.723539352417,"Unknown"
"5020562",379156,2026-04-28 05:52:16,28.7136211395264,-17.7239570617676,"Unknown"
"5020562",379156,2026-04-28 06:02:17,28.7134246826172,-17.7236576080322,"Unknown"
"5020562",379156,2026-04-28 06:12:16,28.7133159637451,-17.723072052002,"Unknown"
"5020562",379156,2026-04-28 06:22:19,28.7165546417236,-17.723747253418,"Unknown"
"5020562",379156,2026-04-28 06:32:17,28.7551727294922,-17.7154483795166,"Unknown"
"5020562",379156,2026-04-28 06:42:19,28.7810840606689,-17.7350368499756,"Unknown"
"5020562",379156,2026-04-28 06:52:19,28.7785968780518,-17.7325973510742,"Unknown"
"5020562",379156,2026-04-28 07:02:21,28.7789688110352,-17.7327423095703,"Unknown"
"5020562",379156,2026-04-28 07:13:42,28.7830791473389,-17.7403411865234,"Unknown"
"5020562",379156,2026-04-28 07:22:18,28.785083770752,-17.7404193878174,"Unknown"
"5020562",379156,2026-04-28 07:32:17,28.8060207366943,-17.7525253295898,"Unknown"
"5020562",379156,2026-04-28 07:42:18,28.8242988586426,-17.7504787445068,"Unknown"
"5020562",379156,2026-04-28 07:52:21,28.8244132995605,-17.7501678466797,"Unknown"
"5020562",379156,2026-04-28 08:02:46,28.8178977966309,-17.72336769104,"Unknown"
"5020562",379156,2026-04-28 08:12:17,28.8131656646729,-17.724910736084,"Unknown"
"5020562",379156,2026-04-28 08:22:19,28.7896823883057,-17.7406730651855,"Unknown"
"5020562",379156,2026-04-28 08:32:20,28.7727890014648,-17.7352600097656,"Unknown"
"5020562",379156,2026-04-28 08:42:21,28.7729988098145,-17.7352638244629,"Unknown"
"5020562",379156,2026-04-28 08:52:33,28.7800884246826,-17.7406158447266,"Unknown"
"5020562",379156,2026-04-28 09:02:17,28.7808647155762,-17.7340278625488,"Unknown"
"5020562",379156,2026-04-28 09:12:17,28.775484085083,-17.7315444946289,"Unknown"
"5020562",379156,2026-04-28 09:22:16,28.7758750915527,-17.731517791748,"Unknown"
"5020562",379156,2026-04-28 09:32:16,28.7862720489502,-17.7433528900146,"Unknown"
"5020562",379156,2026-04-28 09:42:17,28.7882652282715,-17.746883392334,"Unknown"
"5020562",379156,2026-04-28 09:52:19,28.7957229614258,-17.7490615844727,"Unknown"
"5020562",379156,2026-04-28 10:02:20,28.8059024810791,-17.7473316192627,"Unknown"
"5020562",379156,2026-04-28 10:12:47,28.8073883056641,-17.7429828643799,"Unknown"
"5020562",379156,2026-04-28 10:22:19,28.8068256378174,-17.7428092956543,"Unknown"
"5020562",379156,2026-04-28 10:32:19,28.8050231933594,-17.7461891174316,"Unknown"
"5020562",379156,2026-04-28 10:33:17,28.8049736022949,-17.7461490631104,"Unknown"
"5020562",379156,2026-04-28 10:34:19,28.8049449920654,-17.7461128234863,"Unknown"
"5020562",379156,2026-04-28 10:35:17,28.8049201965332,-17.7460918426514,"Unknown"
"5020562",379156,2026-04-28 10:36:17,28.8048801422119,-17.7460060119629,"Unknown"
"5020562",379156,2026-04-28 10:37:17,28.8048477172852,-17.7459697723389,"Unknown"
"5020562",379156,2026-04-28 10:38:17,28.8048324584961,-17.7459621429443,"Unknown"
"5020562",379156,2026-04-28 10:48:19,28.8042659759521,-17.7457809448242,"Unknown"
"5020562",379156,2026-04-28 10:49:17,28.8041934967041,-17.7457675933838,"Unknown"
"5020562",379156,2026-04-28 10:50:18,28.8041439056396,-17.7457504272461,"Unknown"
"5020562",379156,2026-04-28 10:51:17,28.8040981292725,-17.7457237243652,"Unknown"
"5020562",379156,2026-04-28 10:52:17,28.8040180206299,-17.745719909668,"Unknown"
"5020562",379156,2026-04-28 10:53:20,28.8039531707764,-17.745677947998,"Unknown"
"5020562",379156,2026-04-28 10:54:17,28.8040161132812,-17.7455158233643,"Unknown"
"5020562",379156,2026-04-28 10:55:19,28.8030261993408,-17.7429027557373,"Unknown"
"5020562",379156,2026-04-28 10:56:17,28.8028926849365,-17.7428607940674,"Unknown"
"5020562",379156,2026-04-28 10:57:17,28.8027725219727,-17.7428092956543,"Unknown"
"5020562",379156,2026-04-28 10:58:16,28.8026752471924,-17.7427425384521,"Unknown"
"5020562",379156,2026-04-28 10:59:19,28.8025741577148,-17.7427215576172,"Unknown"
"5020562",379156,2026-04-28 11:00:17,28.8024768829346,-17.7426605224609,"Unknown"
"5020562",379156,2026-04-28 11:01:19,28.8023624420166,-17.7426242828369,"Unknown"
"5020562",379156,2026-04-28 11:02:19,28.8022537231445,-17.7425804138184,"Unknown"
"5020562",379156,2026-04-28 11:03:17,28.8021545410156,-17.7425518035889,"Unknown"
"5020562",379156,2026-04-28 11:04:19,28.8020267486572,-17.7424907684326,"Unknown"
"5020562",379156,2026-04-28 11:05:19,28.8018913269043,-17.7424163818359,"Unknown"
"5020562",379156,2026-04-28 11:06:24,28.8017673492432,-17.7423782348633,"Unknown"
"5020562",379156,2026-04-28 11:07:17,28.8016719818115,-17.7423095703125,"Unknown"
"5020562",379156,2026-04-28 11:08:19,28.8015441894531,-17.7422637939453,"Unknown"
"5020562",379156,2026-04-28 11:09:19,28.8014144897461,-17.7422046661377,"Unknown"
"5020562",379156,2026-04-28 11:10:18,28.8013038635254,-17.742166519165,"Unknown"
"5020562",379156,2026-04-28 11:11:16,28.8020687103271,-17.7492961883545,"Unknown"
"5020562",379156,2026-04-28 11:12:17,28.803295135498,-17.7492694854736,"Unknown"
"5020562",379156,2026-04-28 11:13:16,28.803108215332,-17.7492618560791,"Unknown"
"5020562",379156,2026-04-28 11:14:17,28.8029499053955,-17.7492427825928,"Unknown"
"5020562",379156,2026-04-28 11:15:18,28.802755355835,-17.7492294311523,"Unknown"
"5020562",379156,2026-04-28 11:16:19,28.8025875091553,-17.7492160797119,"Unknown"
"5020562",379156,2026-04-28 11:17:19,28.8024082183838,-17.7492141723633,"Unknown"
"5020562",379156,2026-04-28 11:18:19,28.8021984100342,-17.7491703033447,"Unknown"
"5020562",379156,2026-04-28 11:19:17,28.8020210266113,-17.7491245269775,"Unknown"
"5020562",379156,2026-04-28 11:20:17,28.8018188476562,-17.7490463256836,"Unknown"
"5020562",379156,2026-04-28 11:21:17,28.8016090393066,-17.749002456665,"Unknown"
"5020562",379156,2026-04-28 11:22:17,28.8014526367188,-17.7489643096924,"Unknown"
"5020562",379156,2026-04-28 11:23:17,28.8012771606445,-17.748908996582,"Unknown"
"5020562",379156,2026-04-28 11:24:19,28.8010654449463,-17.7488460540771,"Unknown"
"5020562",379156,2026-04-28 11:25:19,28.8009071350098,-17.748779296875,"Unknown"
"5020562",379156,2026-04-28 11:26:16,28.8007183074951,-17.7487335205078,"Unknown"
"5020562",379156,2026-04-28 11:27:17,28.80051612854,-17.7486839294434,"Unknown"
"5020562",379156,2026-04-28 11:28:17,28.8003253936768,-17.7486228942871,"Unknown"
"5020562",379156,2026-04-28 11:29:19,28.800142288208,-17.7485675811768,"Unknown"
"5020562",379156,2026-04-28 11:30:17,28.7999629974365,-17.7484951019287,"Unknown"
"5020562",379156,2026-04-28 11:31:20,28.7997493743896,-17.7484130859375,"Unknown"
"5020562",379156,2026-04-28 11:32:20,28.7995281219482,-17.7483253479004,"Unknown"
"5020562",379156,2026-04-28 11:33:17,28.7993469238281,-17.7482604980469,"Unknown"
"5020562",379156,2026-04-28 11:34:17,28.799144744873,-17.7481842041016,"Unknown"
"5020562",379156,2026-04-28 11:35:20,28.7989349365234,-17.7481155395508,"Unknown"
"5020562",379156,2026-04-28 11:36:21,28.7987689971924,-17.7480392456055,"Unknown"
"5020562",379156,2026-04-28 11:37:17,28.7985687255859,-17.7480125427246,"Unknown"
"5020562",379156,2026-04-28 11:38:19,28.7983379364014,-17.7479553222656,"Unknown"
"5020562",379156,2026-04-28 11:39:20,28.7981491088867,-17.7478790283203,"Unknown"
"5020562",379156,2026-04-28 11:40:19,28.7980098724365,-17.747766494751,"Unknown"
"5020562",379156,2026-04-28 11:41:20,28.797830581665,-17.7476902008057,"Unknown"
"5020562",379156,2026-04-28 11:42:19,28.7976531982422,-17.747631072998,"Unknown"
"5020562",379156,2026-04-28 11:43:21,28.7974376678467,-17.7475872039795,"Unknown"
"5020562",379156,2026-04-28 11:44:20,28.7972316741943,-17.7475452423096,"Unknown"
"5020562",379156,2026-04-28 11:45:19,28.7970561981201,-17.7475147247314,"Unknown"
"5020562",379156,2026-04-28 11:46:21,28.7968616485596,-17.7474994659424,"Unknown"
"5020562",379156,2026-04-28 11:47:19,28.7966594696045,-17.7474975585938,"Unknown"
"5020562",379156,2026-04-28 11:48:19,28.7964534759521,-17.747444152832,"Unknown"
"5020562",379156,2026-04-28 11:49:21,28.7961978912354,-17.747386932373,"Unknown"
"5020562",379156,2026-04-28 11:50:22,28.7960090637207,-17.7473468780518,"Unknown"
"5020562",379156,2026-04-28 11:51:22,28.7957935333252,-17.7472991943359,"Unknown"
"5020562",379156,2026-04-28 11:52:22,28.7956008911133,-17.7472438812256,"Unknown"
"5020562",379156,2026-04-28 11:53:20,28.7953662872314,-17.7471885681152,"Unknown"
"5020562",379156,2026-04-28 11:54:22,28.7951526641846,-17.7471446990967,"Unknown"
"5020562",379156,2026-04-28 11:55:22,28.7949466705322,-17.7470970153809,"Unknown"
"5020562",379156,2026-04-28 11:56:20,28.7947273254395,-17.7470588684082,"Unknown"
"5020562",379156,2026-04-28 11:57:21,28.7945137023926,-17.7470149993896,"Unknown"
"5020562",379156,2026-04-28 11:58:20,28.7942886352539,-17.7469577789307,"Unknown"
"5020562",379156,2026-04-28 11:59:19,28.7940578460693,-17.7468910217285,"Unknown"
"5020562",379156,2026-04-28 12:00:47,28.7937355041504,-17.74680519104,"Unknown"
"5020562",379156,2026-04-28 12:01:17,28.7936096191406,-17.7467746734619,"Unknown"
"5020562",379156,2026-04-28 12:02:19,28.7933788299561,-17.746696472168,"Unknown"
"5020562",379156,2026-04-28 12:03:19,28.7931804656982,-17.7466487884521,"Unknown"
"5020562",379156,2026-04-28 12:04:20,28.7929553985596,-17.7465553283691,"Unknown"
"5020562",379156,2026-04-28 12:05:19,28.7927398681641,-17.7464752197266,"Unknown"
"5020562",379156,2026-04-28 12:06:19,28.7925338745117,-17.7464237213135,"Unknown"
"5020562",379156,2026-04-28 12:07:17,28.7923126220703,-17.7463493347168,"Unknown"
"5020562",379156,2026-04-28 12:08:17,28.7920818328857,-17.746280670166,"Unknown"
"5020562",379156,2026-04-28 12:09:17,28.7918701171875,-17.7462272644043,"Unknown"
"5020562",379156,2026-04-28 12:10:19,28.7916736602783,-17.7461547851562,"Unknown"
"5020562",379156,2026-04-28 12:11:19,28.7914600372314,-17.7460670471191,"Unknown"
"5020562",379156,2026-04-28 12:12:18,28.79128074646,-17.7459468841553,"Unknown"
"5020562",379156,2026-04-28 12:13:18,28.7911243438721,-17.7458038330078,"Unknown"
"5020562",379156,2026-04-28 12:14:19,28.7909488677979,-17.7457389831543,"Unknown"
"5020562",379156,2026-04-28 12:15:20,28.7908210754395,-17.7456855773926,"Unknown"
"5020562",379156,2026-04-28 12:16:19,28.7906284332275,-17.7456207275391,"Unknown"
"5020562",379156,2026-04-28 12:17:19,28.790412902832,-17.7455425262451,"Unknown"
"5020562",379156,2026-04-28 12:18:20,28.7902088165283,-17.7454967498779,"Unknown"
"5020562",379156,2026-04-28 12:19:19,28.788049697876,-17.7448959350586,"Unknown"
"5020562",379156,2026-04-28 12:21:04,28.7833919525146,-17.7407989501953,"Unknown"
"5020562",379156,2026-04-28 12:22:03,28.7837181091309,-17.7410621643066,"Unknown"
"5020562",379156,2026-04-28 12:23:03,28.7831954956055,-17.7397441864014,"Unknown"
"5020562",379156,2026-04-28 12:24:04,28.783073425293,-17.7397174835205,"Unknown"
"5020562",379156,2026-04-28 12:25:04,28.7829418182373,-17.7396869659424,"Unknown"
"5020562",379156,2026-04-28 12:26:04,28.7828178405762,-17.7396297454834,"Unknown"
"5020562",379156,2026-04-28 12:27:01,28.7826919555664,-17.7396240234375,"Unknown"
"5020562",379156,2026-04-28 12:28:01,28.7825527191162,-17.7396087646484,"Unknown"
"5020562",379156,2026-04-28 12:29:03,28.7824115753174,-17.7395973205566,"Unknown"
"5020562",379156,2026-04-28 12:30:01,28.7822914123535,-17.7395782470703,"Unknown"
"5020562",379156,2026-04-28 12:31:02,28.7821254730225,-17.7395248413086,"Unknown"
"5020562",379156,2026-04-28 12:32:15,28.7818832397461,-17.7394504547119,"Unknown"
"5020562",379156,2026-04-28 12:33:02,28.7818164825439,-17.7394752502441,"Unknown"
"5020562",379156,2026-04-28 12:34:03,28.7816696166992,-17.7394886016846,"Unknown"
"5020562",379156,2026-04-28 12:35:03,28.7815361022949,-17.7394485473633,"Unknown"
"5020562",379156,2026-04-28 12:36:03,28.7814083099365,-17.7394790649414,"Unknown"
"5020562",379156,2026-04-28 12:37:03,28.7812824249268,-17.7394752502441,"Unknown"
"5020562",379156,2026-04-28 12:38:02,28.7811431884766,-17.7394771575928,"Unknown"
"5020562",379156,2026-04-28 12:39:02,28.781005859375,-17.7394428253174,"Unknown"
"5020562",379156,2026-04-28 12:40:01,28.7808704376221,-17.7394161224365,"Unknown"
"5020562",379156,2026-04-28 12:41:03,28.78076171875,-17.7394142150879,"Unknown"
"5020562",379156,2026-04-28 12:42:04,28.7806282043457,-17.7393760681152,"Unknown"
"5020562",379156,2026-04-28 12:43:03,28.7804527282715,-17.7393341064453,"Unknown"
"5020562",379156,2026-04-28 12:44:02,28.7803173065186,-17.7392997741699,"Unknown"
"5020562",379156,2026-04-28 12:45:03,28.7801685333252,-17.7392654418945,"Unknown"
"5020562",379156,2026-04-28 12:46:02,28.7800540924072,-17.7392578125,"Unknown"
"5020562",379156,2026-04-28 12:47:03,28.7799263000488,-17.7392311096191,"Unknown"
"5020562",379156,2026-04-28 12:48:01,28.7798156738281,-17.7391967773438,"Unknown"
"5020562",379156,2026-04-28 12:49:02,28.7796802520752,-17.7391529083252,"Unknown"
"5020562",379156,2026-04-28 12:50:00,28.7795886993408,-17.7391815185547,"Unknown"
"5020562",379156,2026-04-28 12:51:03,28.7794666290283,-17.739128112793,"Unknown"
"5020562",379156,2026-04-28 12:52:03,28.7793598175049,-17.7391529083252,"Unknown"
"5020562",379156,2026-04-28 12:53:00,28.7792320251465,-17.7390937805176,"Unknown"
"5020562",379156,2026-04-28 12:54:03,28.7791156768799,-17.7390727996826,"Unknown"
"5020562",379156,2026-04-28 12:55:03,28.7790203094482,-17.7390689849854,"Unknown"
"5020562",379156,2026-04-28 12:56:03,28.7789134979248,-17.7390155792236,"Unknown"
"5020562",379156,2026-04-28 12:57:03,28.7787990570068,-17.7390079498291,"Unknown"
"5020562",379156,2026-04-28 12:58:06,28.778678894043,-17.73899269104,"Unknown"
"5020562",379156,2026-04-28 12:59:00,28.7785530090332,-17.7389488220215,"Unknown"
"5020562",379156,2026-04-28 13:00:33,28.7783851623535,-17.7389450073242,"Unknown"
"5020562",379156,2026-04-28 13:01:00,28.778341293335,-17.7389430999756,"Unknown"
"5020562",379156,2026-04-28 13:02:02,28.7782230377197,-17.7389392852783,"Unknown"
"5020562",379156,2026-04-28 13:03:01,28.7781047821045,-17.738920211792,"Unknown"
"5020562",379156,2026-04-28 13:04:01,28.7779941558838,-17.7388744354248,"Unknown"
"5020562",379156,2026-04-28 13:05:01,28.7778873443604,-17.7388496398926,"Unknown"
"5020562",379156,2026-04-28 13:06:01,28.7777576446533,-17.7388477325439,"Unknown"
"5020562",379156,2026-04-28 13:07:01,28.7776432037354,-17.738842010498,"Unknown"
"5020562",379156,2026-04-28 13:08:01,28.7775459289551,-17.7388496398926,"Unknown"
"5020562",379156,2026-04-28 13:09:00,28.7774276733398,-17.7388496398926,"Unknown"
"5020562",379156,2026-04-28 13:10:01,28.777307510376,-17.7388610839844,"Unknown"
"5020562",379156,2026-04-28 13:11:03,28.7771873474121,-17.7388439178467,"Unknown"
"5020562",379156,2026-04-28 13:12:01,28.77707862854,-17.7388134002686,"Unknown"
"5020562",379156,2026-04-28 13:13:01,28.7769813537598,-17.7388114929199,"Unknown"
"5020562",379156,2026-04-28 13:14:01,28.7768516540527,-17.7387638092041,"Unknown"
"5020562",379156,2026-04-28 13:15:01,28.7767868041992,-17.7387828826904,"Unknown"
"5020562",379156,2026-04-28 13:16:00,28.7766895294189,-17.7387657165527,"Unknown"
"5020562",379156,2026-04-28 13:17:00,28.7765674591064,-17.7387657165527,"Unknown"
"5020562",379156,2026-04-28 13:18:01,28.7764663696289,-17.7387828826904,"Unknown"
"5020562",379156,2026-04-28 13:19:01,28.7763652801514,-17.7387943267822,"Unknown"
"5020562",379156,2026-04-28 13:20:01,28.776273727417,-17.7387809753418,"Unknown"
"5020562",379156,2026-04-28 13:21:01,28.7761459350586,-17.7388076782227,"Unknown"
"5020562",379156,2026-04-28 13:22:01,28.775993347168,-17.738826751709,"Unknown"
"5020562",379156,2026-04-28 13:23:01,28.7758769989014,-17.7388076782227,"Unknown"
"5020562",379156,2026-04-28 13:24:01,28.7757472991943,-17.7388210296631,"Unknown"
"5020562",379156,2026-04-28 13:25:01,28.7755870819092,-17.7388439178467,"Unknown"
"5020562",379156,2026-04-28 13:26:01,28.7754688262939,-17.7388515472412,"Unknown"
"5020562",379156,2026-04-28 13:27:01,28.775369644165,-17.738842010498,"Unknown"
"5020562",379156,2026-04-28 13:28:00,28.7752780914307,-17.7388648986816,"Unknown"
"5020562",379156,2026-04-28 13:29:01,28.7751483917236,-17.7388534545898,"Unknown"
"5020562",379156,2026-04-28 13:30:01,28.7750301361084,-17.7388134002686,"Unknown"
"5020562",379156,2026-04-28 13:31:01,28.7748908996582,-17.7388172149658,"Unknown"
"5020562",379156,2026-04-28 13:32:01,28.7747745513916,-17.738805770874,"Unknown"
"5020562",379156,2026-04-28 13:33:01,28.7746276855469,-17.738733291626,"Unknown"
"5020562",379156,2026-04-28 13:34:01,28.7745056152344,-17.7386436462402,"Unknown"
"5020562",379156,2026-04-28 13:35:02,28.7743701934814,-17.738561630249,"Unknown"
"5020562",379156,2026-04-28 13:36:01,28.7742462158203,-17.738468170166,"Unknown"
"5020562",379156,2026-04-28 13:37:01,28.7741088867188,-17.7383670806885,"Unknown"
"5020562",379156,2026-04-28 13:38:01,28.7739715576172,-17.73828125,"Unknown"
"5020562",379156,2026-04-28 13:39:01,28.7738819122314,-17.7381935119629,"Unknown"
"5020562",379156,2026-04-28 13:40:01,28.7737483978271,-17.7381153106689,"Unknown"
"5020562",379156,2026-04-28 13:41:01,28.773624420166,-17.738037109375,"Unknown"
"5020562",379156,2026-04-28 13:42:00,28.7743358612061,-17.73703956604,"Unknown"
"5020562",379156,2026-04-28 13:43:01,28.774341583252,-17.7369213104248,"Unknown"
"5020562",379156,2026-04-28 13:44:01,28.7770500183105,-17.7334403991699,"Unknown"
"5020562",379156,2026-04-28 13:45:01,28.7775802612305,-17.7325115203857,"Unknown"
"5020562",379156,2026-04-28 13:46:01,28.7775192260742,-17.7324810028076,"Unknown"
"5020562",379156,2026-04-28 13:47:01,28.7774848937988,-17.7324733734131,"Unknown"
"5020562",379156,2026-04-28 13:48:01,28.7774715423584,-17.7325420379639,"Unknown"
"5020562",379156,2026-04-28 13:49:01,28.777437210083,-17.7325763702393,"Unknown"
"5020562",379156,2026-04-28 13:50:01,28.7774047851562,-17.732593536377,"Unknown"
"5020562",379156,2026-04-28 13:51:01,28.7773838043213,-17.7326049804688,"Unknown"
"5020562",379156,2026-04-28 13:52:01,28.7773590087891,-17.732593536377,"Unknown"
"5020562",379156,2026-04-28 13:53:01,28.7773208618164,-17.7326049804688,"Unknown"
"5020562",379156,2026-04-28 13:54:01,28.7772884368896,-17.7326068878174,"Unknown"
"5020562",379156,2026-04-28 13:55:01,28.7772598266602,-17.732629776001,"Unknown"
"5020562",379156,2026-04-28 13:56:01,28.7772312164307,-17.7326240539551,"Unknown"
"5020562",379156,2026-04-28 13:57:01,28.777214050293,-17.7326183319092,"Unknown"
"5020562",379156,2026-04-28 13:58:01,28.7771854400635,-17.7326183319092,"Unknown"
"5020562",379156,2026-04-28 13:59:01,28.7771701812744,-17.7326068878174,"Unknown"
"5020562",379156,2026-04-28 14:00:01,28.7771492004395,-17.7326068878174,"Unknown"
"5020562",379156,2026-04-28 14:01:01,28.7771091461182,-17.7326545715332,"Unknown"
"5020562",379156,2026-04-28 14:02:01,28.7770843505859,-17.7326812744141,"Unknown"
"5020562",379156,2026-04-28 14:03:02,28.7770137786865,-17.7327117919922,"Unknown"
"5020562",379156,2026-04-28 14:04:03,28.7769508361816,-17.7327136993408,"Unknown"
"5020562",379156,2026-04-28 14:05:01,28.776876449585,-17.732738494873,"Unknown"
"5020562",379156,2026-04-28 14:06:02,28.7768135070801,-17.732780456543,"Unknown"
"5020562",379156,2026-04-28 14:07:01,28.7768077850342,-17.7327976226807,"Unknown"
"5020562",379156,2026-04-28 14:08:01,28.7767581939697,-17.7328186035156,"Unknown"
"5020562",379156,2026-04-28 14:09:02,28.7767009735107,-17.7328777313232,"Unknown"
"5020562",379156,2026-04-28 14:10:01,28.7766437530518,-17.7329235076904,"Unknown"
"5020562",379156,2026-04-28 14:11:02,28.7765960693359,-17.7329502105713,"Unknown"
"5020562",379156,2026-04-28 14:12:01,28.7765235900879,-17.7329998016357,"Unknown"
"5020562",379156,2026-04-28 14:13:01,28.7764492034912,-17.7330322265625,"Unknown"
"5020562",379156,2026-04-28 14:14:01,28.7764053344727,-17.7330551147461,"Unknown"
"5020562",379156,2026-04-28 14:15:02,28.7763385772705,-17.7330760955811,"Unknown"
"5020562",379156,2026-04-28 14:16:01,28.776273727417,-17.7331218719482,"Unknown"
"5020562",379156,2026-04-28 14:17:02,28.7762184143066,-17.7330894470215,"Unknown"
"5020562",379156,2026-04-28 14:18:01,28.776159286499,-17.7331714630127,"Unknown"
"5020562",379156,2026-04-28 14:19:03,28.7760925292969,-17.7331962585449,"Unknown"
"5020562",379156,2026-04-28 14:20:02,28.7760238647461,-17.733226776123,"Unknown"
"5020562",379156,2026-04-28 14:21:01,28.7759590148926,-17.7332515716553,"Unknown"
"5020562",379156,2026-04-28 14:22:01,28.7758941650391,-17.7333030700684,"Unknown"
"5020562",379156,2026-04-28 14:23:01,28.7758007049561,-17.733325958252,"Unknown"
"5020562",379156,2026-04-28 14:24:03,28.7757301330566,-17.7333469390869,"Unknown"
"5020562",379156,2026-04-28 14:25:02,28.77565574646,-17.733362197876,"Unknown"
"5020562",379156,2026-04-28 14:26:03,28.7755699157715,-17.7333564758301,"Unknown"
"5020562",379156,2026-04-28 14:27:01,28.7754936218262,-17.7334251403809,"Unknown"
"5020562",379156,2026-04-28 14:28:02,28.7755260467529,-17.7333106994629,"Unknown"
"5020562",379156,2026-04-28 14:29:07,28.7755813598633,-17.7331943511963,"Unknown"
"5020562",379156,2026-04-28 14:30:02,28.77561378479,-17.7331390380859,"Unknown"
"5020562",379156,2026-04-28 14:31:05,28.7756118774414,-17.7330703735352,"Unknown"
"5020562",379156,2026-04-28 14:32:06,28.7756156921387,-17.7329902648926,"Unknown"
"5020562",379156,2026-04-28 14:33:13,28.775598526001,-17.7329597473145,"Unknown"
"5020562",379156,2026-04-28 14:34:04,28.7756023406982,-17.7329216003418,"Unknown"
"5020562",379156,2026-04-28 14:35:03,28.7755737304688,-17.7329235076904,"Unknown"
"5020562",379156,2026-04-28 14:36:03,28.7755718231201,-17.732967376709,"Unknown"
"5020562",379156,2026-04-28 14:37:04,28.7755184173584,-17.7330112457275,"Unknown"
"5020562",379156,2026-04-28 14:38:01,28.7754859924316,-17.7330455780029,"Unknown"
"5020562",379156,2026-04-28 14:39:01,28.7754383087158,-17.7330932617188,"Unknown"
"5020562",379156,2026-04-28 14:40:03,28.7753658294678,-17.7330837249756,"Unknown"
"5020562",379156,2026-04-28 14:41:04,28.7753028869629,-17.7331123352051,"Unknown"
"5020562",379156,2026-04-28 14:42:05,28.7752265930176,-17.73313331604,"Unknown"
"5020562",379156,2026-04-28 14:43:33,28.7751216888428,-17.7331047058105,"Unknown"
"5020562",379156,2026-04-28 14:44:01,28.7750835418701,-17.733097076416,"Unknown"
"5020562",379156,2026-04-28 14:45:01,28.775016784668,-17.733081817627,"Unknown"
"5020562",379156,2026-04-28 14:46:01,28.7749118804932,-17.7331104278564,"Unknown"
"5020562",379156,2026-04-28 14:47:01,28.7748622894287,-17.7331581115723,"Unknown"
"5020562",379156,2026-04-28 14:48:01,28.7747707366943,-17.7331981658936,"Unknown"
"5020562",379156,2026-04-28 14:49:01,28.7747135162354,-17.7331962585449,"Unknown"
"5020562",379156,2026-04-28 14:50:03,28.7746257781982,-17.7332172393799,"Unknown"
"5020562",379156,2026-04-28 14:51:01,28.774621963501,-17.7332057952881,"Unknown"
"5020562",379156,2026-04-28 14:52:00,28.7746410369873,-17.7331714630127,"Unknown"
"5020562",379156,2026-04-28 14:53:00,28.7746562957764,-17.7331447601318,"Unknown"
"5020562",379156,2026-04-28 14:54:00,28.7746257781982,-17.7331371307373,"Unknown"
"5020562",379156,2026-04-28 14:55:01,28.7745990753174,-17.7331066131592,"Unknown"
"5020562",379156,2026-04-28 14:56:01,28.7745723724365,-17.7330760955811,"Unknown"
"5020562",379156,2026-04-28 14:57:01,28.7745342254639,-17.7330837249756,"Unknown"
"5020562",379156,2026-04-28 14:58:01,28.7745132446289,-17.7330627441406,"Unknown"
"5020562",379156,2026-04-28 14:59:02,28.7745094299316,-17.7330436706543,"Unknown"
"5020562",379156,2026-04-28 15:00:03,28.7744750976562,-17.7330188751221,"Unknown"
"5020562",379156,2026-04-28 15:01:01,28.7744369506836,-17.7329902648926,"Unknown"
"5020562",379156,2026-04-28 15:02:00,28.7761268615723,-17.7330455780029,"Unknown"
"5020562",379156,2026-04-28 15:03:00,28.7784328460693,-17.7328643798828,"Unknown"
"5020562",379156,2026-04-28 15:04:00,28.7783737182617,-17.7328357696533,"Unknown"
"5020562",379156,2026-04-28 15:05:01,28.7782726287842,-17.7328319549561,"Unknown"
"5020562",379156,2026-04-28 15:06:01,28.7782096862793,-17.7328319549561,"Unknown"
"5020562",379156,2026-04-28 15:07:03,28.778112411499,-17.732852935791,"Unknown"
"5020562",379156,2026-04-28 15:08:03,28.7780456542969,-17.732889175415,"Unknown"
"5020562",379156,2026-04-28 15:09:03,28.7779693603516,-17.7329483032227,"Unknown"
"5020562",379156,2026-04-28 15:10:00,28.7779312133789,-17.7329978942871,"Unknown"
"5020562",379156,2026-04-28 15:11:00,28.7778549194336,-17.7330284118652,"Unknown"
"5020562",379156,2026-04-28 15:12:03,28.7777881622314,-17.7330532073975,"Unknown"
"5020562",379156,2026-04-28 15:13:03,28.7777366638184,-17.7330894470215,"Unknown"
"5020562",379156,2026-04-28 15:14:03,28.7776985168457,-17.7331027984619,"Unknown"
"5020562",379156,2026-04-28 15:15:01,28.777660369873,-17.7331447601318,"Unknown"
"5020562",379156,2026-04-28 15:16:02,28.7775993347168,-17.7331695556641,"Unknown"
"5020562",379156,2026-04-28 15:17:03,28.7775382995605,-17.7332134246826,"Unknown"
"5020562",379156,2026-04-28 15:18:03,28.7774906158447,-17.7332229614258,"Unknown"
"5020562",379156,2026-04-28 15:19:03,28.7774658203125,-17.7332534790039,"Unknown"
"5020562",379156,2026-04-28 15:20:02,28.777400970459,-17.7332534790039,"Unknown"
"5020562",379156,2026-04-28 15:21:02,28.7772846221924,-17.7333087921143,"Unknown"
"5020562",379156,2026-04-28 15:22:01,28.7772598266602,-17.7333450317383,"Unknown"
"5020562",379156,2026-04-28 15:23:03,28.777214050293,-17.7333393096924,"Unknown"
"5020562",379156,2026-04-28 15:24:01,28.7771968841553,-17.7333469390869,"Unknown"
"5020562",379156,2026-04-28 15:25:01,28.77712059021,-17.7333431243896,"Unknown"
"5020562",379156,2026-04-28 15:26:01,28.777099609375,-17.733341217041,"Unknown"
"5020562",379156,2026-04-28 15:27:03,28.7770080566406,-17.7333641052246,"Unknown"
"5020562",379156,2026-04-28 15:28:01,28.7769222259521,-17.7333831787109,"Unknown"
"5020562",379156,2026-04-28 15:29:01,28.7768383026123,-17.7333812713623,"Unknown"
"5020562",379156,2026-04-28 15:30:03,28.7767810821533,-17.7334003448486,"Unknown"
"5020562",379156,2026-04-28 15:31:01,28.7767105102539,-17.7334022521973,"Unknown"
"5020562",379156,2026-04-28 15:32:01,28.7766418457031,-17.7334518432617,"Unknown"
"5020562",379156,2026-04-28 15:33:01,28.7765655517578,-17.7334728240967,"Unknown"
"5020562",379156,2026-04-28 15:34:03,28.7764949798584,-17.7334499359131,"Unknown"
"5020562",379156,2026-04-28 15:35:04,28.7764015197754,-17.733341217041,"Unknown"
"5020562",379156,2026-04-28 15:36:00,28.7763767242432,-17.7332668304443,"Unknown"
"5020562",379156,2026-04-28 15:37:02,28.7763328552246,-17.7332248687744,"Unknown"
"5020562",379156,2026-04-28 15:38:01,28.7762451171875,-17.7332668304443,"Unknown"
"5020562",379156,2026-04-28 15:39:01,28.7762069702148,-17.7332744598389,"Unknown"
"5020562",379156,2026-04-28 15:40:01,28.7761192321777,-17.7332763671875,"Unknown"
"5020562",379156,2026-04-28 15:41:01,28.7760200500488,-17.7333126068115,"Unknown"
"5020562",379156,2026-04-28 15:42:02,28.7759971618652,-17.7333297729492,"Unknown"
"5020562",379156,2026-04-28 15:43:01,28.7759342193604,-17.7333488464355,"Unknown"
"5020562",379156,2026-04-28 15:44:00,28.7758502960205,-17.7333545684814,"Unknown"
"5020562",379156,2026-04-28 15:45:01,28.7758312225342,-17.7333068847656,"Unknown"
"5020562",379156,2026-04-28 15:46:01,28.7758464813232,-17.7332420349121,"Unknown"
"5020562",379156,2026-04-28 15:47:01,28.7758045196533,-17.733268737793,"Unknown"
"5020562",379156,2026-04-28 15:48:02,28.7757568359375,-17.733325958252,"Unknown"
"5020562",379156,2026-04-28 15:49:01,28.7757472991943,-17.7332515716553,"Unknown"
"5020562",379156,2026-04-28 15:50:02,28.7757396697998,-17.7331676483154,"Unknown"
"5020562",379156,2026-04-28 15:51:04,28.7757625579834,-17.7330780029297,"Unknown"
"5020562",379156,2026-04-28 15:52:03,28.7757701873779,-17.7330360412598,"Unknown"
"5020562",379156,2026-04-28 15:53:03,28.7757606506348,-17.7329902648926,"Unknown"
"5020562",379156,2026-04-28 15:54:02,28.7757263183594,-17.7329711914062,"Unknown"
"5020562",379156,2026-04-28 15:55:02,28.7756977081299,-17.7329540252686,"Unknown"
"5020562",379156,2026-04-28 15:56:04,28.7756690979004,-17.7329559326172,"Unknown"
"5020562",379156,2026-04-28 15:57:03,28.7756080627441,-17.7329559326172,"Unknown"
"5020562",379156,2026-04-28 15:58:01,28.7755756378174,-17.7328948974609,"Unknown"
"5020562",379156,2026-04-28 15:59:03,28.7755546569824,-17.7328758239746,"Unknown"
"5020562",379156,2026-04-28 16:00:03,28.7755184173584,-17.7328777313232,"Unknown"
"5020562",379156,2026-04-28 16:01:03,28.7755279541016,-17.7328834533691,"Unknown"
"5020562",379156,2026-04-28 16:02:01,28.7754821777344,-17.7328567504883,"Unknown"
"5020562",379156,2026-04-28 16:03:02,28.775463104248,-17.7327938079834,"Unknown"
"5020562",379156,2026-04-28 16:04:04,28.7754325866699,-17.7327308654785,"Unknown"
"5020562",379156,2026-04-28 16:05:01,28.7758083343506,-17.7326889038086,"Unknown"
"5020562",379156,2026-04-28 16:06:01,28.780294418335,-17.7337188720703,"Unknown"
"5020562",379156,2026-04-28 16:07:03,28.7837390899658,-17.737699508667,"Unknown"
"5020562",379156,2026-04-28 16:08:02,28.7845478057861,-17.7382106781006,"Unknown"
"5020562",379156,2026-04-28 16:09:01,28.7844543457031,-17.7381343841553,"Unknown"
"5020562",379156,2026-04-28 16:10:01,28.7844371795654,-17.7380924224854,"Unknown"
"5020562",379156,2026-04-28 16:11:01,28.7854156494141,-17.739631652832,"Unknown"
"5020562",379156,2026-04-28 16:12:01,28.7888202667236,-17.7425785064697,"Unknown"
"5020562",379156,2026-04-28 16:13:02,28.7887554168701,-17.7429733276367,"Unknown"
"5020562",379156,2026-04-28 16:14:01,28.7886581420898,-17.7429885864258,"Unknown"
"5020562",379156,2026-04-28 16:15:01,28.7885570526123,-17.7430152893066,"Unknown"
"5020562",379156,2026-04-28 16:16:02,28.7884826660156,-17.7430438995361,"Unknown"
"5020562",379156,2026-04-28 16:17:03,28.7883892059326,-17.7430686950684,"Unknown"
"5020562",379156,2026-04-28 16:18:02,28.7882995605469,-17.7430782318115,"Unknown"
"5020562",379156,2026-04-28 16:19:01,28.7883605957031,-17.7435855865479,"Unknown"
"5020562",379156,2026-04-28 16:20:02,28.7902126312256,-17.7435874938965,"Unknown"
"5020562",379156,2026-04-28 16:21:01,28.794002532959,-17.7455387115479,"Unknown"
"5020562",379156,2026-04-28 16:22:01,28.7979602813721,-17.7484874725342,"Unknown"
"5020562",379156,2026-04-28 16:23:01,28.8026123046875,-17.7499179840088,"Unknown"
"5020562",379156,2026-04-28 16:24:01,28.8071250915527,-17.751838684082,"Unknown"
"5020562",379156,2026-04-28 16:25:01,28.81174659729,-17.7527103424072,"Unknown"
"5020562",379156,2026-04-28 16:26:01,28.8130702972412,-17.7519607543945,"Unknown"
"5020562",379156,2026-04-28 16:27:01,28.8130264282227,-17.7519798278809,"Unknown"
"5020562",379156,2026-04-28 16:28:01,28.8130474090576,-17.7520027160645,"Unknown"
"5020562",379156,2026-04-28 16:29:01,28.8130359649658,-17.7520446777344,"Unknown"
"5020562",379156,2026-04-28 16:30:03,28.8130550384521,-17.7520732879639,"Unknown"
"5020562",379156,2026-04-28 16:31:01,28.8130474090576,-17.752082824707,"Unknown"
"5020562",379156,2026-04-28 16:32:01,28.813045501709,-17.7520961761475,"Unknown"
"5020562",379156,2026-04-28 16:33:01,28.813045501709,-17.7521152496338,"Unknown"
"5020562",379156,2026-04-28 16:34:01,28.8130645751953,-17.7521438598633,"Unknown"
"5020562",379156,2026-04-28 16:35:02,28.813045501709,-17.7521743774414,"Unknown"
"5020562",379156,2026-04-28 16:36:02,28.8130130767822,-17.7521476745605,"Unknown"
"5020562",379156,2026-04-28 16:37:02,28.8130149841309,-17.7521057128906,"Unknown"
"5020562",379156,2026-04-28 16:38:01,28.81298828125,-17.7520446777344,"Unknown"
"5020562",379156,2026-04-28 16:39:03,28.812967300415,-17.7520008087158,"Unknown"
"5020562",379156,2026-04-28 16:40:02,28.8129348754883,-17.7519512176514,"Unknown"
"5020562",379156,2026-04-28 16:41:03,28.8129348754883,-17.751932144165,"Unknown"
"5020562",379156,2026-04-28 16:42:03,28.8128833770752,-17.751859664917,"Unknown"
"5020562",379156,2026-04-28 16:43:02,28.812858581543,-17.751823425293,"Unknown"
"5020562",379156,2026-04-28 16:44:03,28.8128185272217,-17.751781463623,"Unknown"
"5020562",379156,2026-04-28 16:45:03,28.8127937316895,-17.751745223999,"Unknown"
"5020562",379156,2026-04-28 16:46:02,28.8127632141113,-17.7517509460449,"Unknown"
"5020562",379156,2026-04-28 16:47:02,28.8127460479736,-17.7517070770264,"Unknown"
"5020562",379156,2026-04-28 16:48:03,28.81272315979,-17.7516613006592,"Unknown"
"5020562",379156,2026-04-28 16:49:03,28.812686920166,-17.7515907287598,"Unknown"
"5020562",379156,2026-04-28 16:50:02,28.8126564025879,-17.751537322998,"Unknown"
"5020562",379156,2026-04-28 16:51:01,28.8126373291016,-17.7515621185303,"Unknown"
"5020562",379156,2026-04-28 16:52:02,28.8125667572021,-17.7515068054199,"Unknown"
"5020562",379156,2026-04-28 16:53:03,28.8125514984131,-17.751443862915,"Unknown"
"5020562",379156,2026-04-28 16:54:01,28.8125324249268,-17.7514133453369,"Unknown"
"5020562",379156,2026-04-28 16:55:03,28.8125095367432,-17.7513465881348,"Unknown"
"5020562",379156,2026-04-28 16:56:03,28.8124732971191,-17.7512493133545,"Unknown"
"5020562",379156,2026-04-28 16:57:03,28.8124904632568,-17.7512645721436,"Unknown"
"5020562",379156,2026-04-28 16:58:03,28.8124237060547,-17.7511825561523,"Unknown"
"5020562",379156,2026-04-28 16:59:03,28.8123474121094,-17.7511386871338,"Unknown"
"5020562",379156,2026-04-28 17:00:04,28.8123798370361,-17.7511005401611,"Unknown"
"5020562",379156,2026-04-28 17:01:04,28.8123455047607,-17.7510547637939,"Unknown"
"5020562",379156,2026-04-28 17:02:03,28.8122959136963,-17.7509784698486,"Unknown"
"5020562",379156,2026-04-28 17:03:03,28.8122997283936,-17.7509803771973,"Unknown"
"5020562",379156,2026-04-28 17:04:02,28.8122138977051,-17.750904083252,"Unknown"
"5020562",379156,2026-04-28 17:05:03,28.8122062683105,-17.7508697509766,"Unknown"
"5020562",379156,2026-04-28 17:06:05,28.812183380127,-17.7507877349854,"Unknown"
"5020562",379156,2026-04-28 17:07:03,28.8121852874756,-17.7507286071777,"Unknown"
"5020562",379156,2026-04-28 17:08:03,28.8121070861816,-17.7507133483887,"Unknown"
"5020562",379156,2026-04-28 17:09:05,28.8121166229248,-17.7506847381592,"Unknown"
"5020562",379156,2026-04-28 17:10:03,28.8120822906494,-17.7506523132324,"Unknown"
"5020562",379156,2026-04-28 17:11:04,28.8120422363281,-17.7506141662598,"Unknown"
"5020562",379156,2026-04-28 17:12:05,28.8120231628418,-17.7505588531494,"Unknown"
"5020562",379156,2026-04-28 17:13:33,28.8119621276855,-17.7505474090576,"Unknown"
"5020562",379156,2026-04-28 17:14:00,28.8119487762451,-17.7505378723145,"Unknown"
"5020562",379156,2026-04-28 17:15:00,28.811897277832,-17.750524520874,"Unknown"
"5020562",379156,2026-04-28 17:16:00,28.8118534088135,-17.7505340576172,"Unknown"
"5020562",379156,2026-04-28 17:17:00,28.8118362426758,-17.750524520874,"Unknown"
"5020562",379156,2026-04-28 17:18:01,28.8125686645508,-17.7502269744873,"Unknown"
"5020562",379156,2026-04-28 17:19:01,28.8148021697998,-17.7449684143066,"Unknown"
"5020562",379156,2026-04-28 17:20:00,28.81494140625,-17.7390480041504,"Unknown"
"5020562",379156,2026-04-28 17:21:00,28.8150730133057,-17.7326145172119,"Unknown"
"5020562",379156,2026-04-28 17:22:01,28.8182353973389,-17.7298927307129,"Unknown"
"5020562",379156,2026-04-28 17:23:00,28.8191299438477,-17.7325096130371,"Unknown"
"5020562",379156,2026-04-28 17:24:00,28.8191261291504,-17.732536315918,"Unknown"
"5020562",379156,2026-04-28 17:25:00,28.8191204071045,-17.7325496673584,"Unknown"
"5020562",379156,2026-04-28 17:26:01,28.8190097808838,-17.7319240570068,"Unknown"
"5020562",379156,2026-04-28 17:27:00,28.8162879943848,-17.7252368927002,"Unknown"
"5020562",379156,2026-04-28 17:28:00,28.8166255950928,-17.7246036529541,"Unknown"
"5020562",379156,2026-04-28 17:29:00,28.8166217803955,-17.7246780395508,"Unknown"
"5020562",379156,2026-04-28 17:34:01,28.8165397644043,-17.7248096466064,"Unknown"
"5020562",379156,2026-04-28 17:39:00,28.8304252624512,-17.7244338989258,"Unknown"
"5020562",379156,2026-04-28 17:44:00,28.8321685791016,-17.7251205444336,"Unknown"
"5020562",379156,2026-04-28 17:49:01,28.8319873809814,-17.724853515625,"Unknown"
"5020562",379156,2026-04-28 17:50:00,28.8325099945068,-17.7257442474365,"Unknown"
"5020562",379156,2026-04-28 17:55:00,28.8343296051025,-17.7273979187012,"Unknown"
"5020562",379156,2026-04-28 17:56:00,28.8385238647461,-17.7274169921875,"Unknown"
"5020562",379156,2026-04-28 17:57:00,28.8391036987305,-17.7232265472412,"Unknown"
"5020562",379156,2026-04-28 17:58:00,28.8415355682373,-17.7195377349854,"Unknown"
"5020562",379156,2026-04-28 18:03:01,28.8423042297363,-17.7127666473389,"Unknown"
"5020562",379156,2026-04-28 18:08:02,28.8399600982666,-17.7142105102539,"Unknown"
"5020562",379156,2026-04-28 18:13:00,28.8402633666992,-17.7128658294678,"Unknown"
"5020562",379156,2026-04-28 18:18:01,28.8393611907959,-17.7107677459717,"Unknown"
"5020562",379156,2026-04-28 18:23:01,28.8271636962891,-17.7032814025879,"Unknown"
"5020562",379156,2026-04-28 18:28:02,28.8180122375488,-17.6999759674072,"Unknown"
"5020562",379156,2026-04-28 18:33:01,28.8079681396484,-17.6990051269531,"Unknown"
"5020562",379156,2026-04-28 18:38:01,28.7946014404297,-17.6972789764404,"Unknown"
"5020562",379156,2026-04-28 18:43:01,28.7675170898438,-17.699914932251,"Unknown"
"5020562",379156,2026-04-28 18:48:01,28.7439193725586,-17.7009353637695,"Unknown"
"5020562",379156,2026-04-28 18:53:04,28.7360095977783,-17.7042751312256,"Unknown"
"5020562",379156,2026-04-28 18:58:00,28.7250633239746,-17.7196846008301,"Unknown"
"5020562",379156,2026-04-28 19:03:00,28.7251605987549,-17.7192497253418,"Unknown"
"5020562",379156,2026-04-28 19:08:01,28.7252082824707,-17.718713760376,"Unknown"
"5020562",379156,2026-04-28 19:13:01,28.7264194488525,-17.7177333831787,"Unknown"
"5020562",379156,2026-04-28 19:18:01,28.7446327209473,-17.718240737915,"Unknown"
"5020562",379156,2026-04-28 19:23:01,28.7663955688477,-17.7269954681396,"Unknown"
"5020562",379156,2026-04-28 19:28:01,28.766695022583,-17.7264080047607,"Unknown"
"5020562",379156,2026-04-28 19:29:01,28.7668037414551,-17.726318359375,"Unknown"
"5020562",379156,2026-04-28 19:30:02,28.766845703125,-17.7263126373291,"Unknown"
"5020562",379156,2026-04-28 19:31:00,28.7668647766113,-17.7262706756592,"Unknown"
"5020562",379156,2026-04-28 19:32:00,28.7682495117188,-17.7260456085205,"Unknown"
"5020562",379156,2026-04-28 19:33:00,28.7716655731201,-17.7292346954346,"Unknown"
"5020562",379156,2026-04-28 19:34:01,28.7721290588379,-17.7298316955566,"Unknown"
"5020562",379156,2026-04-28 19:35:01,28.7721462249756,-17.729866027832,"Unknown"
"5020562",379156,2026-04-28 19:36:00,28.7721786499023,-17.7298851013184,"Unknown"
"5020562",379156,2026-04-28 19:37:01,28.7722091674805,-17.7299041748047,"Unknown"
"5020562",379156,2026-04-28 19:38:01,28.7722606658936,-17.7298831939697,"Unknown"
"5020562",379156,2026-04-28 19:39:00,28.772310256958,-17.7299461364746,"Unknown"
"5020562",379156,2026-04-28 19:40:01,28.7723445892334,-17.7299690246582,"Unknown"
"5020562",379156,2026-04-28 19:41:01,28.7723789215088,-17.7299957275391,"Unknown"
"5020562",379156,2026-04-28 19:42:01,28.7723999023438,-17.730052947998,"Unknown"
"5020562",379156,2026-04-28 19:43:00,28.7724189758301,-17.7301006317139,"Unknown"
"5020562",379156,2026-04-28 19:44:00,28.7724514007568,-17.730152130127,"Unknown"
"5020562",379156,2026-04-28 19:45:01,28.7724952697754,-17.7302074432373,"Unknown"
"5020562",379156,2026-04-28 19:46:01,28.7725410461426,-17.7302474975586,"Unknown"
"5020562",379156,2026-04-28 19:47:01,28.7725830078125,-17.7302951812744,"Unknown"
"5020562",379156,2026-04-28 19:48:01,28.772632598877,-17.7303504943848,"Unknown"
"5020562",379156,2026-04-28 19:49:01,28.7726745605469,-17.7303829193115,"Unknown"
"5020562",379156,2026-04-28 19:50:01,28.7727069854736,-17.7304058074951,"Unknown"
"5020562",379156,2026-04-28 19:51:01,28.7727298736572,-17.7304458618164,"Unknown"
"5020562",379156,2026-04-28 19:52:01,28.7727508544922,-17.7304801940918,"Unknown"
"5020562",379156,2026-04-28 19:53:01,28.7727966308594,-17.7305030822754,"Unknown"
"5020562",379156,2026-04-28 19:54:01,28.7728462219238,-17.7305145263672,"Unknown"
"5020562",379156,2026-04-28 19:55:01,28.7728824615479,-17.7305240631104,"Unknown"
"5020562",379156,2026-04-28 19:56:00,28.7729148864746,-17.7305469512939,"Unknown"
"5020562",379156,2026-04-28 19:57:01,28.7729606628418,-17.7305431365967,"Unknown"
"5020562",379156,2026-04-28 19:58:01,28.7730140686035,-17.7305793762207,"Unknown"
"5020562",379156,2026-04-28 19:59:01,28.7730808258057,-17.730598449707,"Unknown"
"5020562",379156,2026-04-28 20:00:32,28.7731781005859,-17.730640411377,"Unknown"
"5020562",379156,2026-04-28 20:01:01,28.7731971740723,-17.7306385040283,"Unknown"
"5020562",379156,2026-04-28 20:02:01,28.773229598999,-17.7306690216064,"Unknown"
"5020562",379156,2026-04-28 20:03:01,28.7732849121094,-17.7306747436523,"Unknown"
"5020562",379156,2026-04-28 20:04:01,28.7733039855957,-17.7306709289551,"Unknown"
"5020562",379156,2026-04-28 20:05:03,28.7733554840088,-17.7306499481201,"Unknown"
"5020562",379156,2026-04-28 20:06:01,28.773401260376,-17.7306785583496,"Unknown"
"5020562",379156,2026-04-28 20:07:03,28.7734928131104,-17.7307014465332,"Unknown"
"5020562",379156,2026-04-28 20:08:02,28.7735500335693,-17.7307205200195,"Unknown"
"5020562",379156,2026-04-28 20:09:01,28.7735900878906,-17.7307357788086,"Unknown"
"5020562",379156,2026-04-28 20:10:01,28.7736854553223,-17.7307415008545,"Unknown"
"5020562",379156,2026-04-28 20:11:01,28.7737121582031,-17.7307586669922,"Unknown"
"5020562",379156,2026-04-28 20:12:01,28.7737426757812,-17.7307720184326,"Unknown"
"5020562",379156,2026-04-28 20:13:01,28.7737827301025,-17.7307815551758,"Unknown"
"5020562",379156,2026-04-28 20:14:01,28.7737941741943,-17.7307643890381,"Unknown"
"5020562",379156,2026-04-28 20:15:01,28.7738609313965,-17.7307777404785,"Unknown"
"5020562",379156,2026-04-28 20:16:01,28.7739009857178,-17.7307510375977,"Unknown"
"5020562",379156,2026-04-28 20:17:01,28.7739162445068,-17.7307567596436,"Unknown"
"5020562",379156,2026-04-28 20:18:04,28.7739582061768,-17.7307662963867,"Unknown"
"5020562",379156,2026-04-28 20:19:01,28.7739963531494,-17.730785369873,"Unknown"
"5020562",379156,2026-04-28 20:20:03,28.7740135192871,-17.7307929992676,"Unknown"
"5020562",379156,2026-04-28 20:21:01,28.7740612030029,-17.7308044433594,"Unknown"
"5020562",379156,2026-04-28 20:22:01,28.7740745544434,-17.7307987213135,"Unknown"
"5020562",379156,2026-04-28 20:23:01,28.7741317749023,-17.7308444976807,"Unknown"
"5020562",379156,2026-04-28 20:24:01,28.7741641998291,-17.7308387756348,"Unknown"
"5020562",379156,2026-04-28 20:25:01,28.7742519378662,-17.7308540344238,"Unknown"
"5020562",379156,2026-04-28 20:26:01,28.7743091583252,-17.7308883666992,"Unknown"
"5020562",379156,2026-04-28 20:27:01,28.7743549346924,-17.7309112548828,"Unknown"
"5020562",379156,2026-04-28 20:28:01,28.7743988037109,-17.7309265136719,"Unknown"
"5020562",379156,2026-04-28 20:29:01,28.7744560241699,-17.7309741973877,"Unknown"
"5020562",379156,2026-04-28 20:30:01,28.7745151519775,-17.7310009002686,"Unknown"
"5020562",379156,2026-04-28 20:31:01,28.7745780944824,-17.7310161590576,"Unknown"
"5020562",379156,2026-04-28 20:32:01,28.7746448516846,-17.7310352325439,"Unknown"
"5020562",379156,2026-04-28 20:33:01,28.7747077941895,-17.7310447692871,"Unknown"
"5020562",379156,2026-04-28 20:34:01,28.7748279571533,-17.731029510498,"Unknown"
"5020562",379156,2026-04-28 20:35:01,28.7748699188232,-17.731086730957,"Unknown"
"5020562",379156,2026-04-28 20:36:01,28.7749137878418,-17.7311706542969,"Unknown"
"5020562",379156,2026-04-28 20:37:01,28.7749729156494,-17.7312412261963,"Unknown"
"5020562",379156,2026-04-28 20:38:01,28.775053024292,-17.7313213348389,"Unknown"
"5020562",379156,2026-04-28 20:39:01,28.7751502990723,-17.7313957214355,"Unknown"
"5020562",379156,2026-04-28 20:40:01,28.7752952575684,-17.7314224243164,"Unknown"
"5020562",379156,2026-04-28 20:41:01,28.7753391265869,-17.7314872741699,"Unknown"
"5020562",379156,2026-04-28 20:42:01,28.7754230499268,-17.7315807342529,"Unknown"
"5020562",379156,2026-04-28 20:43:01,28.7754764556885,-17.7316284179688,"Unknown"
"5020562",379156,2026-04-28 20:44:01,28.7755603790283,-17.7316932678223,"Unknown"
"5020562",379156,2026-04-28 20:45:01,28.7756156921387,-17.7317600250244,"Unknown"
"5020562",379156,2026-04-28 20:46:01,28.7757244110107,-17.7317352294922,"Unknown"
"5020562",379156,2026-04-28 20:47:01,28.7753887176514,-17.7327995300293,"Unknown"
"5020562",379156,2026-04-28 20:48:01,28.7700290679932,-17.7309017181396,"Unknown"
"5020562",379156,2026-04-28 20:49:01,28.7654457092285,-17.7258377075195,"Unknown"
"5020562",379156,2026-04-28 20:50:01,28.7598743438721,-17.7215309143066,"Unknown"
"5020562",379156,2026-04-28 20:51:01,28.753231048584,-17.7200412750244,"Unknown"
"5020562",379156,2026-04-28 20:56:02,28.7158832550049,-17.7173442840576,"Unknown"
"5020562",379156,2026-04-28 21:01:02,28.6984958648682,-17.7440948486328,"Unknown"
"5020562",379156,2026-04-28 21:06:01,28.6979713439941,-17.7542991638184,"Unknown"
"5020562",379156,2026-04-28 21:07:01,28.7042980194092,-17.7553939819336,"Unknown"
"5020562",379156,2026-04-28 21:08:01,28.7111835479736,-17.7579154968262,"Unknown"
"5020562",379156,2026-04-28 21:09:02,28.7185115814209,-17.7610473632812,"Unknown"
"5020562",379156,2026-04-28 21:10:06,28.7204551696777,-17.7654514312744,"Unknown"
"5020562",379156,2026-04-28 21:11:19,28.7201519012451,-17.7651710510254,"Unknown"
"5020562",379156,2026-04-29 05:25:51,28.721004486084,-17.7657680511475,"Unknown"
"5020562",379156,2026-04-29 05:35:51,28.7322463989258,-17.7175464630127,"Unknown"
"5020562",379156,2026-04-29 05:44:57,28.7316856384277,-17.7172069549561,"Unknown"
"5020562",379156,2026-04-29 05:54:26,28.7314529418945,-17.716682434082,"Unknown"
"5020562",379156,2026-04-29 06:04:26,28.7312259674072,-17.7156848907471,"Unknown"
"5020562",379156,2026-04-29 06:14:26,28.7312202453613,-17.7138862609863,"Unknown"
"5020562",379156,2026-04-29 06:24:26,28.7313003540039,-17.7134170532227,"Unknown"
"5020562",379156,2026-04-29 06:34:26,28.7311248779297,-17.7133655548096,"Unknown"
"5020562",379156,2026-04-29 06:44:26,28.7284641265869,-17.7128944396973,"Unknown"
"5020562",379156,2026-04-29 06:54:25,28.7316932678223,-17.7160148620605,"Unknown"
"5020562",379156,2026-04-29 07:04:27,28.7315673828125,-17.7155838012695,"Unknown"
"5020562",379156,2026-04-29 07:14:28,28.7332344055176,-17.7178421020508,"Unknown"
"5020562",379156,2026-04-29 07:24:26,28.7367172241211,-17.7195091247559,"Unknown"
"5020562",379156,2026-04-29 07:34:26,28.7333984375,-17.719087600708,"Unknown"
"5020562",379156,2026-04-29 07:44:26,28.7303924560547,-17.7219123840332,"Unknown"
"5020562",379156,2026-04-29 07:54:31,28.7300186157227,-17.7207126617432,"Unknown"
"5020562",379156,2026-04-29 08:04:56,28.7309074401855,-17.7202167510986,"Unknown"
"5020562",379156,2026-04-29 08:14:27,28.7283172607422,-17.7245006561279,"Unknown"
"5020562",379156,2026-04-29 08:24:28,28.7407989501953,-17.7167301177979,"Unknown"
"5020562",379156,2026-04-29 08:34:27,28.7500991821289,-17.7191791534424,"Unknown"
"5020562",379156,2026-04-29 08:44:27,28.7521152496338,-17.7224369049072,"Unknown"
"5020562",379156,2026-04-29 08:54:27,28.7525253295898,-17.7226486206055,"Unknown"
"5020562",379156,2026-04-29 09:04:27,28.7527256011963,-17.7228145599365,"Unknown"
"5020562",379156,2026-04-29 09:14:28,28.7526760101318,-17.7230758666992,"Unknown"
"5020562",379156,2026-04-29 09:24:28,28.7527694702148,-17.7235279083252,"Unknown"
"5020562",379156,2026-04-29 09:34:27,28.7531223297119,-17.7239799499512,"Unknown"
"5020562",379156,2026-04-29 09:44:27,28.7536392211914,-17.7244167327881,"Unknown"
"5020562",379156,2026-04-29 09:54:27,28.7559432983398,-17.7260856628418,"Unknown"
"5020562",379156,2026-04-29 10:04:28,28.758243560791,-17.72825050354,"Unknown"
"5020562",379156,2026-04-29 10:14:30,28.7586345672607,-17.7277870178223,"Unknown"
"5020562",379156,2026-04-29 10:24:32,28.7590370178223,-17.7271595001221,"Unknown"
"5020562",379156,2026-04-29 10:34:36,28.7596244812012,-17.7267932891846,"Unknown"
"5020562",379156,2026-04-29 10:44:57,28.7604141235352,-17.7268104553223,"Unknown"
"5020562",379156,2026-04-29 10:54:27,28.7609214782715,-17.7265853881836,"Unknown"
"5020562",379156,2026-04-29 10:55:27,28.7608947753906,-17.7265110015869,"Unknown"
"5020562",379156,2026-04-29 10:56:27,28.7608833312988,-17.7264423370361,"Unknown"
"5020562",379156,2026-04-29 10:57:27,28.760892868042,-17.7263736724854,"Unknown"
"5020562",379156,2026-04-29 10:58:27,28.7609252929688,-17.726318359375,"Unknown"
"5020562",379156,2026-04-29 10:59:27,28.7609977722168,-17.7262554168701,"Unknown"
"5020562",379156,2026-04-29 11:00:27,28.7610416412354,-17.7261714935303,"Unknown"
"5020562",379156,2026-04-29 11:01:27,28.761079788208,-17.7261066436768,"Unknown"
"5020562",379156,2026-04-29 11:02:27,28.7611141204834,-17.7260589599609,"Unknown"
"5020562",379156,2026-04-29 11:03:27,28.7611293792725,-17.7259941101074,"Unknown"
"5020562",379156,2026-04-29 11:04:27,28.7611713409424,-17.7259387969971,"Unknown"
"5020562",379156,2026-04-29 11:05:27,28.7612056732178,-17.7258720397949,"Unknown"
"5020562",379156,2026-04-29 11:06:27,28.7612781524658,-17.7259254455566,"Unknown"
"5020562",379156,2026-04-29 11:07:27,28.7613792419434,-17.7259330749512,"Unknown"
"5020562",379156,2026-04-29 11:08:27,28.7618980407715,-17.725622177124,"Unknown"
"5020562",379156,2026-04-29 11:09:27,28.7662944793701,-17.7216701507568,"Unknown"
"5020562",379156,2026-04-29 11:10:27,28.7680168151855,-17.7227954864502,"Unknown"
"5020562",379156,2026-04-29 11:15:27,28.7706432342529,-17.7268466949463,"Unknown"
"5020562",379156,2026-04-29 11:20:27,28.7703590393066,-17.7268905639648,"Unknown"
"5020562",379156,2026-04-29 11:21:27,28.7702598571777,-17.7269058227539,"Unknown"
"5020562",379156,2026-04-29 11:22:27,28.7702198028564,-17.7269439697266,"Unknown"
"5020562",379156,2026-04-29 11:23:27,28.7701530456543,-17.7269687652588,"Unknown"
"5020562",379156,2026-04-29 11:24:27,28.7700691223145,-17.7269592285156,"Unknown"
"5020562",379156,2026-04-29 11:25:27,28.7700099945068,-17.7269706726074,"Unknown"
"5020562",379156,2026-04-29 11:26:27,28.7699642181396,-17.7270030975342,"Unknown"
"5020562",379156,2026-04-29 11:27:27,28.7699165344238,-17.7270259857178,"Unknown"
"5020562",379156,2026-04-29 11:28:27,28.7698783874512,-17.7270450592041,"Unknown"
"5020562",379156,2026-04-29 11:29:27,28.7698440551758,-17.7270832061768,"Unknown"
"5020562",379156,2026-04-29 11:30:27,28.7698173522949,-17.7271099090576,"Unknown"
"5020562",379156,2026-04-29 11:31:28,28.7697792053223,-17.727123260498,"Unknown"
"5020562",379156,2026-04-29 11:32:27,28.7697372436523,-17.7271900177002,"Unknown"
"5020562",379156,2026-04-29 11:33:27,28.7696933746338,-17.7272491455078,"Unknown"
"5020562",379156,2026-04-29 11:34:27,28.7696399688721,-17.7273044586182,"Unknown"
"5020562",379156,2026-04-29 11:35:27,28.7695980072021,-17.7273426055908,"Unknown"
"5020562",379156,2026-04-29 11:36:29,28.7695388793945,-17.727331161499,"Unknown"
"5020562",379156,2026-04-29 11:37:27,28.7694778442383,-17.7272987365723,"Unknown"
"5020562",379156,2026-04-29 11:38:29,28.7693920135498,-17.7273101806641,"Unknown"
"5020562",379156,2026-04-29 11:39:27,28.7693252563477,-17.7273464202881,"Unknown"
"5020562",379156,2026-04-29 11:40:27,28.76926612854,-17.727367401123,"Unknown"
"5020562",379156,2026-04-29 11:41:29,28.7691917419434,-17.727424621582,"Unknown"
"5020562",379156,2026-04-29 11:42:27,28.7691192626953,-17.7274398803711,"Unknown"
"5020562",379156,2026-04-29 11:43:28,28.7690124511719,-17.7274646759033,"Unknown"
"5020562",379156,2026-04-29 11:44:29,28.7689476013184,-17.7274360656738,"Unknown"
"5020562",379156,2026-04-29 11:45:27,28.768871307373,-17.7274532318115,"Unknown"
"5020562",379156,2026-04-29 11:46:29,28.7687873840332,-17.7274761199951,"Unknown"
"5020562",379156,2026-04-29 11:47:29,28.7687034606934,-17.7275104522705,"Unknown"
"5020562",379156,2026-04-29 11:48:29,28.7686023712158,-17.7275352478027,"Unknown"
"5020562",379156,2026-04-29 11:49:29,28.7684917449951,-17.7275428771973,"Unknown"
"5020562",379156,2026-04-29 11:50:28,28.7683925628662,-17.7275390625,"Unknown"
"5020562",379156,2026-04-29 11:51:30,28.7683200836182,-17.7275676727295,"Unknown"
"5020562",379156,2026-04-29 11:52:29,28.7682323455811,-17.7275695800781,"Unknown"
"5020562",379156,2026-04-29 11:53:29,28.7681503295898,-17.727596282959,"Unknown"
"5020562",379156,2026-04-29 11:54:30,28.7681350708008,-17.727653503418,"Unknown"
"5020562",379156,2026-04-29 11:55:28,28.7680110931396,-17.7277336120605,"Unknown"
"5020562",379156,2026-04-29 11:56:28,28.7678146362305,-17.7276287078857,"Unknown"
"5020562",379156,2026-04-29 11:57:30,28.7675895690918,-17.7276496887207,"Unknown"
"5020562",379156,2026-04-29 11:58:29,28.7673721313477,-17.7275867462158,"Unknown"
"5020562",379156,2026-04-29 11:59:28,28.7671947479248,-17.7275371551514,"Unknown"
"5020562",379156,2026-04-29 12:00:29,28.7670593261719,-17.7275161743164,"Unknown"
"5020562",379156,2026-04-29 12:01:28,28.7669353485107,-17.7274971008301,"Unknown"
"5020562",379156,2026-04-29 12:02:28,28.7668151855469,-17.7275142669678,"Unknown"
"5020562",379156,2026-04-29 12:03:30,28.7666778564453,-17.727502822876,"Unknown"
"5020562",379156,2026-04-29 12:04:29,28.7665767669678,-17.7275371551514,"Unknown"
"5020562",379156,2026-04-29 12:05:29,28.7664566040039,-17.7275295257568,"Unknown"
"5020562",379156,2026-04-29 12:06:29,28.7663421630859,-17.7276077270508,"Unknown"
"5020562",379156,2026-04-29 12:07:30,28.7662334442139,-17.7276229858398,"Unknown"
"5020562",379156,2026-04-29 12:08:31,28.7661113739014,-17.7276248931885,"Unknown"
"5020562",379156,2026-04-29 12:09:31,28.765983581543,-17.7276153564453,"Unknown"
"5020562",379156,2026-04-29 12:10:29,28.7658443450928,-17.7276878356934,"Unknown"
"5020562",379156,2026-04-29 12:11:29,28.7657165527344,-17.7277145385742,"Unknown"
"5020562",379156,2026-04-29 12:12:31,28.7655963897705,-17.7276935577393,"Unknown"
"5020562",379156,2026-04-29 12:13:30,28.7654914855957,-17.7276802062988,"Unknown"
"5020562",379156,2026-04-29 12:14:29,28.7653656005859,-17.7276992797852,"Unknown"
"5020562",379156,2026-04-29 12:15:29,28.7652359008789,-17.727653503418,"Unknown"
"5020562",379156,2026-04-29 12:16:34,28.7650966644287,-17.7276401519775,"Unknown"
"5020562",379156,2026-04-29 12:17:28,28.7649898529053,-17.7276248931885,"Unknown"
"5020562",379156,2026-04-29 12:18:29,28.7648391723633,-17.7276287078857,"Unknown"
"5020562",379156,2026-04-29 12:19:28,28.7646808624268,-17.727611541748,"Unknown"
"5020562",379156,2026-04-29 12:20:28,28.7645473480225,-17.7276039123535,"Unknown"
"5020562",379156,2026-04-29 12:21:28,28.7644119262695,-17.7275676727295,"Unknown"
"5020562",379156,2026-04-29 12:22:27,28.7642517089844,-17.7275428771973,"Unknown"
"5020562",379156,2026-04-29 12:23:28,28.7641277313232,-17.7275161743164,"Unknown"
"5020562",379156,2026-04-29 12:24:28,28.7639789581299,-17.7275142669678,"Unknown"
"5020562",379156,2026-04-29 12:25:28,28.7638206481934,-17.7274875640869,"Unknown"
"5020562",379156,2026-04-29 12:26:29,28.7636451721191,-17.7274856567383,"Unknown"
"5020562",379156,2026-04-29 12:27:28,28.7634830474854,-17.7274875640869,"Unknown"
"5020562",379156,2026-04-29 12:28:28,28.7633094787598,-17.7274532318115,"Unknown"
"5020562",379156,2026-04-29 12:29:27,28.7631549835205,-17.7274417877197,"Unknown"
"5020562",379156,2026-04-29 12:30:27,28.7629699707031,-17.7274265289307,"Unknown"
"5020562",379156,2026-04-29 12:31:27,28.7627792358398,-17.7273845672607,"Unknown"
"5020562",379156,2026-04-29 12:32:29,28.7626266479492,-17.7273406982422,"Unknown"
"5020562",379156,2026-04-29 12:33:28,28.7625694274902,-17.727237701416,"Unknown"
"5020562",379156,2026-04-29 12:34:28,28.7624702453613,-17.7272281646729,"Unknown"
"5020562",379156,2026-04-29 12:35:27,28.7624073028564,-17.727222442627,"Unknown"
"5020562",379156,2026-04-29 12:36:28,28.7622890472412,-17.7272186279297,"Unknown"
"5020562",379156,2026-04-29 12:37:28,28.762170791626,-17.7271919250488,"Unknown"
"5020562",379156,2026-04-29 12:38:28,28.762113571167,-17.727123260498,"Unknown"
"5020562",379156,2026-04-29 12:39:28,28.7620010375977,-17.727087020874,"Unknown"
"5020562",379156,2026-04-29 12:40:28,28.761905670166,-17.7270088195801,"Unknown"
"5020562",379156,2026-04-29 12:41:27,28.7617874145508,-17.7269668579102,"Unknown"
"5020562",379156,2026-04-29 12:42:28,28.7616405487061,-17.7269344329834,"Unknown"
"5020562",379156,2026-04-29 12:43:28,28.761568069458,-17.7268848419189,"Unknown"
"5020562",379156,2026-04-29 12:44:29,28.7614250183105,-17.7268600463867,"Unknown"
"5020562",379156,2026-04-29 12:45:28,28.761323928833,-17.7268657684326,"Unknown"
"5020562",379156,2026-04-29 12:46:28,28.7611503601074,-17.7268543243408,"Unknown"
"5020562",379156,2026-04-29 12:47:27,28.7618827819824,-17.7268619537354,"Unknown"
"5020562",379156,2026-04-29 12:48:29,28.7639770507812,-17.7257633209229,"Unknown"
"5020562",379156,2026-04-29 12:49:28,28.7638664245605,-17.7256908416748,"Unknown"
"5020562",379156,2026-04-29 12:50:27,28.763729095459,-17.7256698608398,"Unknown"
"5020562",379156,2026-04-29 12:51:28,28.7635974884033,-17.7255725860596,"Unknown"
"5020562",379156,2026-04-29 12:52:27,28.7634735107422,-17.7254905700684,"Unknown"
"5020562",379156,2026-04-29 12:53:29,28.7633647918701,-17.7253932952881,"Unknown"
"5020562",379156,2026-04-29 12:54:27,28.7632293701172,-17.7253246307373,"Unknown"
"5020562",379156,2026-04-29 12:55:28,28.7630996704102,-17.7252140045166,"Unknown"
"5020562",379156,2026-04-29 12:56:33,28.7629070281982,-17.7251968383789,"Unknown"
"5020562",379156,2026-04-29 12:57:29,28.7628746032715,-17.7251224517822,"Unknown"
"5020562",379156,2026-04-29 12:58:29,28.7628421783447,-17.7249984741211,"Unknown"
"5020562",379156,2026-04-29 12:59:30,28.7627696990967,-17.724889755249,"Unknown"
"5020562",379156,2026-04-29 13:04:29,28.7623481750488,-17.7245197296143,"Unknown"
"5020562",379156,2026-04-29 13:09:47,28.7621269226074,-17.7243385314941,"Unknown"
"5020562",379156,2026-04-29 13:14:57,28.7618503570557,-17.7242088317871,"Unknown"
"5020562",379156,2026-04-29 13:19:28,28.7651081085205,-17.7235260009766,"Unknown"
"5020562",379156,2026-04-29 13:24:27,28.7805919647217,-17.7308006286621,"Unknown"
"5020562",379156,2026-04-29 13:29:27,28.7801723480225,-17.7309188842773,"Unknown"
"5020562",379156,2026-04-29 13:30:27,28.7800521850586,-17.7309627532959,"Unknown"
"5020562",379156,2026-04-29 13:31:28,28.7799472808838,-17.7309970855713,"Unknown"
"5020562",379156,2026-04-29 13:32:28,28.779842376709,-17.7310390472412,"Unknown"
"5020562",379156,2026-04-29 13:33:28,28.7797355651855,-17.731086730957,"Unknown"
"5020562",379156,2026-04-29 13:34:28,28.7796306610107,-17.7311401367188,"Unknown"
"5020562",379156,2026-04-29 13:35:28,28.7795276641846,-17.7311878204346,"Unknown"
"5020562",379156,2026-04-29 13:36:28,28.7794075012207,-17.7312297821045,"Unknown"
"5020562",379156,2026-04-29 13:37:27,28.7793121337891,-17.7312641143799,"Unknown"
"5020562",379156,2026-04-29 13:38:28,28.7791919708252,-17.731315612793,"Unknown"
"5020562",379156,2026-04-29 13:39:28,28.7790927886963,-17.7313594818115,"Unknown"
"5020562",379156,2026-04-29 13:40:29,28.7789783477783,-17.7314014434814,"Unknown"
"5020562",379156,2026-04-29 13:41:29,28.7788715362549,-17.7314548492432,"Unknown"
"5020562",379156,2026-04-29 13:42:29,28.7787761688232,-17.7314929962158,"Unknown"
"5020562",379156,2026-04-29 13:43:29,28.7786674499512,-17.7315444946289,"Unknown"
"5020562",379156,2026-04-29 13:44:28,28.7785511016846,-17.7315826416016,"Unknown"
"5020562",379156,2026-04-29 13:45:27,28.7784461975098,-17.7316513061523,"Unknown"
"5020562",379156,2026-04-29 13:46:30,28.7783317565918,-17.7317390441895,"Unknown"
"5020562",379156,2026-04-29 13:47:30,28.7782001495361,-17.7317790985107,"Unknown"
"5020562",379156,2026-04-29 13:48:27,28.7781028747559,-17.7317943572998,"Unknown"
"5020562",379156,2026-04-29 13:49:28,28.777982711792,-17.7318744659424,"Unknown"
"5020562",379156,2026-04-29 13:50:27,28.7778797149658,-17.7319011688232,"Unknown"
"5020562",379156,2026-04-29 13:51:27,28.777774810791,-17.7319107055664,"Unknown"
"5020562",379156,2026-04-29 13:52:28,28.7776660919189,-17.7319011688232,"Unknown"
"5020562",379156,2026-04-29 13:53:27,28.7775650024414,-17.7318935394287,"Unknown"
"5020562",379156,2026-04-29 13:54:27,28.777458190918,-17.731876373291,"Unknown"
"5020562",379156,2026-04-29 13:55:28,28.7773571014404,-17.7318534851074,"Unknown"
"5020562",379156,2026-04-29 13:56:29,28.7772884368896,-17.7318420410156,"Unknown"
"5020562",379156,2026-04-29 13:57:28,28.7772083282471,-17.7318592071533,"Unknown"
"5020562",379156,2026-04-29 13:58:29,28.7771148681641,-17.7318458557129,"Unknown"
"5020562",379156,2026-04-29 13:59:29,28.7770481109619,-17.7318420410156,"Unknown"
"5020562",379156,2026-04-29 14:00:28,28.7769622802734,-17.7317962646484,"Unknown"
"5020562",379156,2026-04-29 14:01:28,28.7769145965576,-17.7318534851074,"Unknown"
"5020562",379156,2026-04-29 14:02:29,28.776798248291,-17.7318840026855,"Unknown"
"5020562",379156,2026-04-29 14:03:29,28.776704788208,-17.7319202423096,"Unknown"
"5020562",379156,2026-04-29 14:04:29,28.7766132354736,-17.73193359375,"Unknown"
"5020562",379156,2026-04-29 14:05:29,28.7765026092529,-17.7320137023926,"Unknown"
"5020562",379156,2026-04-29 14:06:30,28.7763919830322,-17.732084274292,"Unknown"
"5020562",379156,2026-04-29 14:07:29,28.7763023376465,-17.7320613861084,"Unknown"
"5020562",379156,2026-04-29 14:08:27,28.7762031555176,-17.7320442199707,"Unknown"
"5020562",379156,2026-04-29 14:09:57,28.7760410308838,-17.7320728302002,"Unknown"
"5020562",379156,2026-04-29 14:10:27,28.7760009765625,-17.7320785522461,"Unknown"
"5020562",379156,2026-04-29 14:11:27,28.775857925415,-17.7320709228516,"Unknown"
"5020562",379156,2026-04-29 14:12:27,28.7757339477539,-17.7320823669434,"Unknown"
"5020562",379156,2026-04-29 14:13:27,28.7756309509277,-17.7320804595947,"Unknown"
"5020562",379156,2026-04-29 14:14:27,28.775505065918,-17.7320804595947,"Unknown"
"5020562",379156,2026-04-29 14:15:27,28.7754001617432,-17.732084274292,"Unknown"
"5020562",379156,2026-04-29 14:16:28,28.7752952575684,-17.732105255127,"Unknown"
"5020562",379156,2026-04-29 14:17:27,28.7752170562744,-17.7320747375488,"Unknown"
"5020562",379156,2026-04-29 14:18:27,28.7751064300537,-17.7320652008057,"Unknown"
"5020562",379156,2026-04-29 14:19:27,28.7749881744385,-17.7320384979248,"Unknown"
"5020562",379156,2026-04-29 14:20:27,28.7748622894287,-17.7320175170898,"Unknown"
"5020562",379156,2026-04-29 14:21:27,28.7747535705566,-17.7320041656494,"Unknown"
"5020562",379156,2026-04-29 14:22:27,28.774621963501,-17.731969833374,"Unknown"
"5020562",379156,2026-04-29 14:23:27,28.7745094299316,-17.7319393157959,"Unknown"
"5020562",379156,2026-04-29 14:24:27,28.774356842041,-17.7319316864014,"Unknown"
"5020562",379156,2026-04-29 14:25:27,28.7742328643799,-17.731897354126,"Unknown"
"5020562",379156,2026-04-29 14:26:27,28.7741241455078,-17.7318725585938,"Unknown"
"5020562",379156,2026-04-29 14:27:27,28.7740135192871,-17.7318572998047,"Unknown"
"5020562",379156,2026-04-29 14:28:27,28.7738876342773,-17.7318267822266,"Unknown"
"5020562",379156,2026-04-29 14:29:27,28.7737693786621,-17.7318000793457,"Unknown"
"5020562",379156,2026-04-29 14:30:27,28.773645401001,-17.7317562103271,"Unknown"
"5020562",379156,2026-04-29 14:31:27,28.7735176086426,-17.7317085266113,"Unknown"
"5020562",379156,2026-04-29 14:32:27,28.7733898162842,-17.7316493988037,"Unknown"
"5020562",379156,2026-04-29 14:33:27,28.7732639312744,-17.7316017150879,"Unknown"
"5020562",379156,2026-04-29 14:34:27,28.7745990753174,-17.7304935455322,"Unknown"
"5020562",379156,2026-04-29 14:35:28,28.7748832702637,-17.7301750183105,"Unknown"
"5020562",379156,2026-04-29 14:36:29,28.7747364044189,-17.73020362854,"Unknown"
"5020562",379156,2026-04-29 14:37:27,28.7746143341064,-17.7302227020264,"Unknown"
"5020562",379156,2026-04-29 14:38:27,28.774507522583,-17.7302322387695,"Unknown"
"5020562",379156,2026-04-29 14:39:28,28.7744159698486,-17.7302322387695,"Unknown"
"5020562",379156,2026-04-29 14:40:27,28.7743148803711,-17.7303276062012,"Unknown"
"5020562",379156,2026-04-29 14:41:27,28.7742252349854,-17.7303504943848,"Unknown"
"5020562",379156,2026-04-29 14:42:27,28.7741622924805,-17.7303295135498,"Unknown"
"5020562",379156,2026-04-29 14:43:27,28.7740650177002,-17.7303619384766,"Unknown"
"5020562",379156,2026-04-29 14:44:27,28.773998260498,-17.7304000854492,"Unknown"
"5020562",379156,2026-04-29 14:45:27,28.7739334106445,-17.7304401397705,"Unknown"
"5020562",379156,2026-04-29 14:46:27,28.7738285064697,-17.7304668426514,"Unknown"
"5020562",379156,2026-04-29 14:47:27,28.7737693786621,-17.7304935455322,"Unknown"
"5020562",379156,2026-04-29 14:48:27,28.7737197875977,-17.7305374145508,"Unknown"
"5020562",379156,2026-04-29 14:49:27,28.7736721038818,-17.7306079864502,"Unknown"
"5020562",379156,2026-04-29 14:50:28,28.7735939025879,-17.7306842803955,"Unknown"
"5020562",379156,2026-04-29 14:51:27,28.7735061645508,-17.7307643890381,"Unknown"
"5020562",379156,2026-04-29 14:52:29,28.7733898162842,-17.7308177947998,"Unknown"
"5020562",379156,2026-04-29 14:53:27,28.7733039855957,-17.7308464050293,"Unknown"
"5020562",379156,2026-04-29 14:54:29,28.773229598999,-17.7308826446533,"Unknown"
"5020562",379156,2026-04-29 14:55:27,28.7731838226318,-17.7309017181396,"Unknown"
"5020562",379156,2026-04-29 14:56:27,28.7731246948242,-17.7309150695801,"Unknown"
"5020562",379156,2026-04-29 14:57:29,28.7730236053467,-17.7309341430664,"Unknown"
"5020562",379156,2026-04-29 14:58:29,28.7729587554932,-17.7309608459473,"Unknown"
"5020562",379156,2026-04-29 14:59:27,28.7729034423828,-17.7309627532959,"Unknown"
"5020562",379156,2026-04-29 15:00:29,28.7728080749512,-17.7309398651123,"Unknown"
"5020562",379156,2026-04-29 15:01:30,28.7727069854736,-17.7309417724609,"Unknown"
"5020562",379156,2026-04-29 15:02:29,28.7726402282715,-17.7309455871582,"Unknown"
"5020562",379156,2026-04-29 15:03:27,28.7725486755371,-17.7309494018555,"Unknown"
"5020562",379156,2026-04-29 15:04:27,28.7724742889404,-17.7309303283691,"Unknown"
"5020562",379156,2026-04-29 15:05:29,28.7723522186279,-17.730920791626,"Unknown"
"5020562",379156,2026-04-29 15:06:29,28.7722473144531,-17.7309131622314,"Unknown"
"5020562",379156,2026-04-29 15:07:27,28.7721614837646,-17.7309074401855,"Unknown"
"5020562",379156,2026-04-29 15:08:27,28.7720546722412,-17.7309093475342,"Unknown"
"5020562",379156,2026-04-29 15:09:27,28.7719421386719,-17.7309150695801,"Unknown"
"5020562",379156,2026-04-29 15:10:27,28.7718849182129,-17.7309188842773,"Unknown"
"5020562",379156,2026-04-29 15:11:30,28.7717247009277,-17.7309112548828,"Unknown"
"5020562",379156,2026-04-29 15:12:29,28.7716274261475,-17.7309188842773,"Unknown"
"5020562",379156,2026-04-29 15:13:30,28.7715320587158,-17.7309284210205,"Unknown"
"5020562",379156,2026-04-29 15:14:28,28.7714748382568,-17.7309551239014,"Unknown"
"5020562",379156,2026-04-29 15:15:27,28.7714023590088,-17.7309341430664,"Unknown"
"5020562",379156,2026-04-29 15:16:27,28.7726211547852,-17.7305316925049,"Unknown"
"5020562",379156,2026-04-29 15:17:27,28.7725772857666,-17.730504989624,"Unknown"
"5020562",379156,2026-04-29 15:18:29,28.7725028991699,-17.7304363250732,"Unknown"
"5020562",379156,2026-04-29 15:19:29,28.772424697876,-17.7303237915039,"Unknown"
"5020562",379156,2026-04-29 15:20:27,28.7723770141602,-17.7302780151367,"Unknown"
"5020562",379156,2026-04-29 15:21:27,28.772331237793,-17.7302665710449,"Unknown"
"5020562",379156,2026-04-29 15:22:28,28.7722206115723,-17.7302551269531,"Unknown"
"5020562",379156,2026-04-29 15:23:27,28.7721748352051,-17.7302665710449,"Unknown"
"5020562",379156,2026-04-29 15:24:29,28.7721042633057,-17.7302532196045,"Unknown"
"5020562",379156,2026-04-29 15:25:27,28.7720222473145,-17.7302227020264,"Unknown"
"5020562",379156,2026-04-29 15:26:27,28.7719306945801,-17.7302017211914,"Unknown"
"5020562",379156,2026-04-29 15:27:27,28.7718639373779,-17.730188369751,"Unknown"
"5020562",379156,2026-04-29 15:28:27,28.7717704772949,-17.7301845550537,"Unknown"
"5020562",379156,2026-04-29 15:29:27,28.7716960906982,-17.7301731109619,"Unknown"
"5020562",379156,2026-04-29 15:30:28,28.7715873718262,-17.7301692962646,"Unknown"
"5020562",379156,2026-04-29 15:31:27,28.7714939117432,-17.7301502227783,"Unknown"
"5020562",379156,2026-04-29 15:32:28,28.7714290618896,-17.7301330566406,"Unknown"
"5020562",379156,2026-04-29 15:33:27,28.7713661193848,-17.7301044464111,"Unknown"
"5020562",379156,2026-04-29 15:34:57,28.7712364196777,-17.7300872802734,"Unknown"
"5020562",379156,2026-04-29 15:35:27,28.7711887359619,-17.7300758361816,"Unknown"
"5020562",379156,2026-04-29 15:36:27,28.771125793457,-17.7300662994385,"Unknown"
"5020562",379156,2026-04-29 15:37:27,28.7710704803467,-17.7300662994385,"Unknown"
"5020562",379156,2026-04-29 15:38:27,28.7710132598877,-17.7300815582275,"Unknown"
"5020562",379156,2026-04-29 15:39:27,28.7709274291992,-17.7301006317139,"Unknown"
"5020562",379156,2026-04-29 15:40:27,28.7708492279053,-17.7301082611084,"Unknown"
"5020562",379156,2026-04-29 15:41:27,28.7707748413086,-17.7301044464111,"Unknown"
"5020562",379156,2026-04-29 15:42:27,28.7707118988037,-17.730152130127,"Unknown"
"5020562",379156,2026-04-29 15:43:27,28.7706241607666,-17.7301940917969,"Unknown"
"5020562",379156,2026-04-29 15:44:27,28.7705688476562,-17.7302017211914,"Unknown"
"5020562",379156,2026-04-29 15:45:27,28.7729740142822,-17.7280979156494,"Unknown"
"5020562",379156,2026-04-29 15:46:27,28.7743301391602,-17.7273044586182,"Unknown"
"5020562",379156,2026-04-29 15:47:27,28.7742729187012,-17.7273101806641,"Unknown"
"5020562",379156,2026-04-29 15:48:27,28.7742214202881,-17.7273139953613,"Unknown"
"5020562",379156,2026-04-29 15:49:27,28.7741222381592,-17.7273006439209,"Unknown"
"5020562",379156,2026-04-29 15:50:27,28.7740516662598,-17.72727394104,"Unknown"
"5020562",379156,2026-04-29 15:51:28,28.773983001709,-17.7272357940674,"Unknown"
"5020562",379156,2026-04-29 15:52:27,28.7739086151123,-17.7272129058838,"Unknown"
"5020562",379156,2026-04-29 15:53:27,28.7738761901855,-17.7272186279297,"Unknown"
"5020562",379156,2026-04-29 15:54:27,28.7738399505615,-17.7272148132324,"Unknown"
"5020562",379156,2026-04-29 15:55:27,28.7737789154053,-17.7271957397461,"Unknown"
"5020562",379156,2026-04-29 15:56:27,28.7737102508545,-17.727180480957,"Unknown"
"5020562",379156,2026-04-29 15:57:27,28.7757892608643,-17.729944229126,"Unknown"
"5020562",379156,2026-04-29 15:58:27,28.7793121337891,-17.731517791748,"Unknown"
"5020562",379156,2026-04-29 15:59:27,28.7793769836426,-17.7315826416016,"Unknown"
"5020562",379156,2026-04-29 16:00:27,28.7793235778809,-17.7315902709961,"Unknown"
"5020562",379156,2026-04-29 16:01:27,28.7792739868164,-17.7315788269043,"Unknown"
"5020562",379156,2026-04-29 16:02:27,28.7792129516602,-17.7315883636475,"Unknown"
"5020562",379156,2026-04-29 16:03:27,28.7791557312012,-17.7316112518311,"Unknown"
"5020562",379156,2026-04-29 16:04:27,28.7791004180908,-17.7316265106201,"Unknown"
"5020562",379156,2026-04-29 16:05:27,28.7790718078613,-17.7316513061523,"Unknown"
"5020562",379156,2026-04-29 16:06:27,28.779052734375,-17.7316284179688,"Unknown"
"5020562",379156,2026-04-29 16:07:27,28.7790031433105,-17.7316017150879,"Unknown"
"5020562",379156,2026-04-29 16:08:27,28.7789764404297,-17.7315673828125,"Unknown"
"5020562",379156,2026-04-29 16:09:27,28.7789363861084,-17.7315521240234,"Unknown"
"5020562",379156,2026-04-29 16:10:27,28.7789058685303,-17.7315349578857,"Unknown"
"5020562",379156,2026-04-29 16:11:27,28.7788791656494,-17.7315368652344,"Unknown"
"5020562",379156,2026-04-29 16:12:27,28.7788047790527,-17.731559753418,"Unknown"
"5020562",379156,2026-04-29 16:13:27,28.7787132263184,-17.7315826416016,"Unknown"
"5020562",379156,2026-04-29 16:14:27,28.7786636352539,-17.7316150665283,"Unknown"
"5020562",379156,2026-04-29 16:15:27,28.7786045074463,-17.7316398620605,"Unknown"
"5020562",379156,2026-04-29 16:16:26,28.7785720825195,-17.7316379547119,"Unknown"
"5020562",379156,2026-04-29 16:17:26,28.7785339355469,-17.7316150665283,"Unknown"
"5020562",379156,2026-04-29 16:18:26,28.7785186767578,-17.731632232666,"Unknown"
"5020562",379156,2026-04-29 16:19:26,28.7784938812256,-17.7316207885742,"Unknown"
"5020562",379156,2026-04-29 16:20:27,28.7784576416016,-17.731575012207,"Unknown"
"5020562",379156,2026-04-29 16:21:26,28.7783946990967,-17.7315425872803,"Unknown"
"5020562",379156,2026-04-29 16:22:26,28.7783317565918,-17.7314891815186,"Unknown"
"5020562",379156,2026-04-29 16:23:27,28.7782936096191,-17.7314682006836,"Unknown"
"5020562",379156,2026-04-29 16:24:26,28.7782363891602,-17.7314453125,"Unknown"
"5020562",379156,2026-04-29 16:25:27,28.7782306671143,-17.7313938140869,"Unknown"
"5020562",379156,2026-04-29 16:26:26,28.7782001495361,-17.731409072876,"Unknown"
"5020562",379156,2026-04-29 16:27:26,28.7782249450684,-17.7313861846924,"Unknown"
"5020562",379156,2026-04-29 16:28:26,28.7782020568848,-17.7314128875732,"Unknown"
"5020562",379156,2026-04-29 16:29:26,28.7781639099121,-17.7314338684082,"Unknown"
"5020562",379156,2026-04-29 16:30:26,28.7781105041504,-17.7314167022705,"Unknown"
"5020562",379156,2026-04-29 16:31:27,28.778076171875,-17.7314414978027,"Unknown"
"5020562",379156,2026-04-29 16:32:27,28.7779979705811,-17.731481552124,"Unknown"
"5020562",379156,2026-04-29 16:33:27,28.777946472168,-17.7315425872803,"Unknown"
"5020562",379156,2026-04-29 16:34:27,28.7778778076172,-17.7316398620605,"Unknown"
"5020562",379156,2026-04-29 16:35:27,28.7778091430664,-17.7317199707031,"Unknown"
"5020562",379156,2026-04-29 16:36:27,28.7777271270752,-17.7317581176758,"Unknown"
"5020562",379156,2026-04-29 16:37:27,28.7776679992676,-17.7317867279053,"Unknown"
"5020562",379156,2026-04-29 16:38:27,28.7775802612305,-17.7318325042725,"Unknown"
"5020562",379156,2026-04-29 16:39:27,28.777551651001,-17.7318286895752,"Unknown"
"5020562",379156,2026-04-29 16:40:27,28.7775192260742,-17.7318458557129,"Unknown"
"5020562",379156,2026-04-29 16:41:27,28.7774600982666,-17.7318706512451,"Unknown"
"5020562",379156,2026-04-29 16:42:27,28.7774124145508,-17.7319183349609,"Unknown"
"5020562",379156,2026-04-29 16:43:26,28.7773685455322,-17.7319755554199,"Unknown"
"5020562",379156,2026-04-29 16:44:27,28.777322769165,-17.7320117950439,"Unknown"
"5020562",379156,2026-04-29 16:45:27,28.7772846221924,-17.732063293457,"Unknown"
"5020562",379156,2026-04-29 16:46:29,28.777193069458,-17.7321472167969,"Unknown"
"5020562",379156,2026-04-29 16:47:27,28.7771129608154,-17.7322006225586,"Unknown"
"5020562",379156,2026-04-29 16:48:28,28.7770233154297,-17.7322731018066,"Unknown"
"5020562",379156,2026-04-29 16:49:27,28.7769412994385,-17.732307434082,"Unknown"
"5020562",379156,2026-04-29 16:50:27,28.7768516540527,-17.7323684692383,"Unknown"
"5020562",379156,2026-04-29 16:51:27,28.776798248291,-17.7324142456055,"Unknown"
"5020562",379156,2026-04-29 16:52:27,28.7768115997314,-17.732421875,"Unknown"
"5020562",379156,2026-04-29 16:53:26,28.7767791748047,-17.7324409484863,"Unknown"
"5020562",379156,2026-04-29 16:54:26,28.7767333984375,-17.7324829101562,"Unknown"
"5020562",379156,2026-04-29 16:55:27,28.776647567749,-17.7325210571289,"Unknown"
"5020562",379156,2026-04-29 16:56:27,28.7766304016113,-17.732551574707,"Unknown"
"5020562",379156,2026-04-29 16:57:27,28.7766380310059,-17.7325801849365,"Unknown"
"5020562",379156,2026-04-29 16:58:27,28.7765922546387,-17.7325973510742,"Unknown"
"5020562",379156,2026-04-29 16:59:27,28.7765483856201,-17.7325954437256,"Unknown"
"5020562",379156,2026-04-29 17:00:27,28.7765007019043,-17.7325706481934,"Unknown"
"5020562",379156,2026-04-29 17:01:27,28.7764778137207,-17.7325763702393,"Unknown"
"5020562",379156,2026-04-29 17:02:27,28.7764663696289,-17.7325649261475,"Unknown"
"5020562",379156,2026-04-29 17:03:27,28.7764015197754,-17.7326183319092,"Unknown"
"5020562",379156,2026-04-29 17:04:27,28.7764167785645,-17.7326354980469,"Unknown"
"5020562",379156,2026-04-29 17:05:27,28.7763843536377,-17.7326259613037,"Unknown"
"5020562",379156,2026-04-29 17:06:27,28.7763328552246,-17.73268699646,"Unknown"
"5020562",379156,2026-04-29 17:07:27,28.7763252258301,-17.7327270507812,"Unknown"
"5020562",379156,2026-04-29 17:08:27,28.7762908935547,-17.7327499389648,"Unknown"
"5020562",379156,2026-04-29 17:09:27,28.7762641906738,-17.7327575683594,"Unknown"
"5020562",379156,2026-04-29 17:10:27,28.7762260437012,-17.7328491210938,"Unknown"
"5020562",379156,2026-04-29 17:11:27,28.7761611938477,-17.7329330444336,"Unknown"
"5020562",379156,2026-04-29 17:12:28,28.7760772705078,-17.7329845428467,"Unknown"
"5020562",379156,2026-04-29 17:13:27,28.7760486602783,-17.7329902648926,"Unknown"
"5020562",379156,2026-04-29 17:14:27,28.7760124206543,-17.7329978942871,"Unknown"
"5020562",379156,2026-04-29 17:15:27,28.7759952545166,-17.7329483032227,"Unknown"
"5020562",379156,2026-04-29 17:16:27,28.7759475708008,-17.7330055236816,"Unknown"
"5020562",379156,2026-04-29 17:17:27,28.775915145874,-17.7330341339111,"Unknown"
"5020562",379156,2026-04-29 17:18:27,28.77587890625,-17.7330532073975,"Unknown"
"5020562",379156,2026-04-29 17:19:27,28.7758502960205,-17.7330226898193,"Unknown"
"5020562",379156,2026-04-29 17:20:27,28.7758331298828,-17.7330265045166,"Unknown"
"5020562",379156,2026-04-29 17:21:27,28.7758045196533,-17.7330722808838,"Unknown"
"5020562",379156,2026-04-29 17:22:27,28.7757587432861,-17.7331047058105,"Unknown"
"5020562",379156,2026-04-29 17:23:27,28.7757015228271,-17.7331523895264,"Unknown"
"5020562",379156,2026-04-29 17:24:27,28.7756443023682,-17.7331981658936,"Unknown"
"5020562",379156,2026-04-29 17:25:27,28.7756118774414,-17.7332286834717,"Unknown"
"5020562",379156,2026-04-29 17:26:27,28.7755737304688,-17.7332954406738,"Unknown"
"5020562",379156,2026-04-29 17:27:27,28.7755794525146,-17.7333221435547,"Unknown"
"5020562",379156,2026-04-29 17:28:27,28.7755489349365,-17.7333602905273,"Unknown"
"5020562",379156,2026-04-29 17:29:27,28.7755241394043,-17.7334041595459,"Unknown"
"5020562",379156,2026-04-29 17:30:27,28.775505065918,-17.7334480285645,"Unknown"
"5020562",379156,2026-04-29 17:31:27,28.7754669189453,-17.7334613800049,"Unknown"
"5020562",379156,2026-04-29 17:32:27,28.7754440307617,-17.7335052490234,"Unknown"
"5020562",379156,2026-04-29 17:33:27,28.7754192352295,-17.7335357666016,"Unknown"
"5020562",379156,2026-04-29 17:34:27,28.7753887176514,-17.7335758209229,"Unknown"
"5020562",379156,2026-04-29 17:35:27,28.7753448486328,-17.7336540222168,"Unknown"
"5020562",379156,2026-04-29 17:36:27,28.7752532958984,-17.7337093353271,"Unknown"
"5020562",379156,2026-04-29 17:37:27,28.775182723999,-17.7337512969971,"Unknown"
"5020562",379156,2026-04-29 17:38:27,28.7751045227051,-17.7337837219238,"Unknown"
"5020562",379156,2026-04-29 17:39:27,28.7750396728516,-17.7338562011719,"Unknown"
"5020562",379156,2026-04-29 17:40:27,28.7749671936035,-17.733907699585,"Unknown"
"5020562",379156,2026-04-29 17:41:27,28.7748985290527,-17.7339210510254,"Unknown"
"5020562",379156,2026-04-29 17:42:27,28.7748126983643,-17.7339782714844,"Unknown"
"5020562",379156,2026-04-29 17:43:27,28.774730682373,-17.7340259552002,"Unknown"
"5020562",379156,2026-04-29 17:44:28,28.7746524810791,-17.7340908050537,"Unknown"
"5020562",379156,2026-04-29 17:45:27,28.7745800018311,-17.7341327667236,"Unknown"
"5020562",379156,2026-04-29 17:46:27,28.7745342254639,-17.7342052459717,"Unknown"
"5020562",379156,2026-04-29 17:47:47,28.7744255065918,-17.7342567443848,"Unknown"
"5020562",379156,2026-04-29 17:48:29,28.7743701934814,-17.7342987060547,"Unknown"
"5020562",379156,2026-04-29 17:49:27,28.7743072509766,-17.7343463897705,"Unknown"
"5020562",379156,2026-04-29 17:50:27,28.7742748260498,-17.7333889007568,"Unknown"
"5020562",379156,2026-04-29 17:51:27,28.7728118896484,-17.7299327850342,"Unknown"
"5020562",379156,2026-04-29 17:52:29,28.7713947296143,-17.7277069091797,"Unknown"
"5020562",379156,2026-04-29 17:53:27,28.7713203430176,-17.7263374328613,"Unknown"
"5020562",379156,2026-04-29 17:54:29,28.7712230682373,-17.7264099121094,"Unknown"
"5020562",379156,2026-04-29 17:55:27,28.7711639404297,-17.7265167236328,"Unknown"
"5020562",379156,2026-04-29 17:56:27,28.7710800170898,-17.7265758514404,"Unknown"
"5020562",379156,2026-04-29 17:57:27,28.7710037231445,-17.726676940918,"Unknown"
"5020562",379156,2026-04-29 17:58:27,28.770902633667,-17.7267417907715,"Unknown"
"5020562",379156,2026-04-29 17:59:29,28.7707901000977,-17.7267951965332,"Unknown"
"5020562",379156,2026-04-29 18:00:56,28.7706832885742,-17.7269077301025,"Unknown"
"5020562",379156,2026-04-29 18:01:27,28.7706394195557,-17.7269248962402,"Unknown"
"5020562",379156,2026-04-29 18:02:27,28.7705612182617,-17.7269916534424,"Unknown"
"5020562",379156,2026-04-29 18:03:28,28.7704982757568,-17.7270603179932,"Unknown"
"5020562",379156,2026-04-29 18:04:27,28.7704277038574,-17.727123260498,"Unknown"
"5020562",379156,2026-04-29 18:05:28,28.7703723907471,-17.7271614074707,"Unknown"
"5020562",379156,2026-04-29 18:06:28,28.7703285217285,-17.7272090911865,"Unknown"
"5020562",379156,2026-04-29 18:07:27,28.7702484130859,-17.7272663116455,"Unknown"
"5020562",379156,2026-04-29 18:08:27,28.7701644897461,-17.7273120880127,"Unknown"
"5020562",379156,2026-04-29 18:09:27,28.7700786590576,-17.7273559570312,"Unknown"
"5020562",379156,2026-04-29 18:10:27,28.773868560791,-17.7266101837158,"Unknown"
"5020562",379156,2026-04-29 18:11:27,28.7755260467529,-17.7308578491211,"Unknown"
"5020562",379156,2026-04-29 18:12:27,28.7783393859863,-17.7339534759521,"Unknown"
"5020562",379156,2026-04-29 18:13:27,28.7792339324951,-17.7377986907959,"Unknown"
"5020562",379156,2026-04-29 18:14:27,28.7791633605957,-17.7378540039062,"Unknown"
"5020562",379156,2026-04-29 18:15:27,28.7791175842285,-17.7378940582275,"Unknown"
"5020562",379156,2026-04-29 18:16:27,28.7790699005127,-17.7379302978516,"Unknown"
"5020562",379156,2026-04-29 18:17:27,28.7790355682373,-17.7379837036133,"Unknown"
"5020562",379156,2026-04-29 18:18:27,28.7789821624756,-17.7380313873291,"Unknown"
"5020562",379156,2026-04-29 18:19:27,28.7789363861084,-17.7380886077881,"Unknown"
"5020562",379156,2026-04-29 18:20:27,28.7788906097412,-17.7381267547607,"Unknown"
"5020562",379156,2026-04-29 18:21:27,28.7788410186768,-17.7381649017334,"Unknown"
"5020562",379156,2026-04-29 18:22:27,28.7788047790527,-17.7382106781006,"Unknown"
"5020562",379156,2026-04-29 18:23:27,28.7787418365479,-17.7382621765137,"Unknown"
"5020562",379156,2026-04-29 18:24:27,28.778694152832,-17.7383155822754,"Unknown"
"5020562",379156,2026-04-29 18:25:27,28.7796039581299,-17.7363090515137,"Unknown"
"5020562",379156,2026-04-29 18:26:27,28.7820339202881,-17.7335758209229,"Unknown"
"5020562",379156,2026-04-29 18:27:27,28.7819652557373,-17.7336349487305,"Unknown"
"5020562",379156,2026-04-29 18:28:27,28.7818984985352,-17.7337036132812,"Unknown"
"5020562",379156,2026-04-29 18:29:27,28.7819671630859,-17.7341651916504,"Unknown"
"5020562",379156,2026-04-29 18:30:27,28.7814025878906,-17.7363033294678,"Unknown"
"5020562",379156,2026-04-29 18:31:27,28.7815074920654,-17.7368049621582,"Unknown"
"5020562",379156,2026-04-29 18:32:27,28.7817192077637,-17.7385330200195,"Unknown"
"5020562",379156,2026-04-29 18:33:27,28.7816619873047,-17.7386207580566,"Unknown"
"5020562",379156,2026-04-29 18:34:27,28.7816104888916,-17.7386932373047,"Unknown"
"5020562",379156,2026-04-29 18:35:27,28.7815570831299,-17.7387466430664,"Unknown"
"5020562",379156,2026-04-29 18:36:27,28.7806034088135,-17.7356071472168,"Unknown"
"5020562",379156,2026-04-29 18:37:27,28.7805862426758,-17.7357425689697,"Unknown"
"5020562",379156,2026-04-29 18:38:27,28.7795524597168,-17.7357311248779,"Unknown"
"5020562",379156,2026-04-29 18:39:27,28.77685546875,-17.7328205108643,"Unknown"
"5020562",379156,2026-04-29 18:40:27,28.776819229126,-17.7328643798828,"Unknown"
"5020562",379156,2026-04-29 18:41:27,28.7767524719238,-17.7328948974609,"Unknown"
"5020562",379156,2026-04-29 18:42:27,28.7766742706299,-17.732931137085,"Unknown"
"5020562",379156,2026-04-29 18:43:27,28.7766017913818,-17.7329502105713,"Unknown"
"5020562",379156,2026-04-29 18:44:27,28.7765464782715,-17.7329521179199,"Unknown"
"5020562",379156,2026-04-29 18:45:27,28.7764797210693,-17.7329711914062,"Unknown"
"5020562",379156,2026-04-29 18:46:27,28.776424407959,-17.7329921722412,"Unknown"
"5020562",379156,2026-04-29 18:47:27,28.7763710021973,-17.7329959869385,"Unknown"
"5020562",379156,2026-04-29 18:48:27,28.7763233184814,-17.7329978942871,"Unknown"
"5020562",379156,2026-04-29 18:49:27,28.7762680053711,-17.7329769134521,"Unknown"
"5020562",379156,2026-04-29 18:50:27,28.7762126922607,-17.7329635620117,"Unknown"
"5020562",379156,2026-04-29 18:51:27,28.776159286499,-17.7329559326172,"Unknown"
"5020562",379156,2026-04-29 18:52:27,28.7760906219482,-17.732946395874,"Unknown"
"5020562",379156,2026-04-29 18:53:27,28.7760543823242,-17.7329292297363,"Unknown"
"5020562",379156,2026-04-29 18:54:27,28.7759799957275,-17.7329444885254,"Unknown"
"5020562",379156,2026-04-29 18:55:27,28.7759323120117,-17.7328910827637,"Unknown"
"5020562",379156,2026-04-29 18:56:27,28.7758388519287,-17.7329006195068,"Unknown"
"5020562",379156,2026-04-29 18:57:27,28.7758007049561,-17.7328834533691,"Unknown"
"5020562",379156,2026-04-29 18:58:27,28.7757530212402,-17.7328643798828,"Unknown"
"5020562",379156,2026-04-29 18:59:27,28.7756900787354,-17.7328681945801,"Unknown"
"5020562",379156,2026-04-29 19:00:27,28.7756309509277,-17.7328548431396,"Unknown"
"5020562",379156,2026-04-29 19:01:28,28.7755928039551,-17.7328510284424,"Unknown"
"5020562",379156,2026-04-29 19:02:27,28.775541305542,-17.7328548431396,"Unknown"
"5020562",379156,2026-04-29 19:03:26,28.7754650115967,-17.7329006195068,"Unknown"
"5020562",379156,2026-04-29 19:04:26,28.775390625,-17.7329654693604,"Unknown"
"5020562",379156,2026-04-29 19:05:27,28.7753143310547,-17.7330322265625,"Unknown"
"5020562",379156,2026-04-29 19:06:28,28.7752132415771,-17.7331104278564,"Unknown"
"5020562",379156,2026-04-29 19:07:26,28.7751388549805,-17.7331428527832,"Unknown"
"5020562",379156,2026-04-29 19:08:27,28.7750778198242,-17.7331695556641,"Unknown"
"5020562",379156,2026-04-29 19:09:26,28.7750148773193,-17.7332210540771,"Unknown"
"5020562",379156,2026-04-29 19:10:27,28.7749061584473,-17.7332935333252,"Unknown"
"5020562",379156,2026-04-29 19:11:27,28.7747974395752,-17.7333488464355,"Unknown"
"5020562",379156,2026-04-29 19:12:27,28.7747077941895,-17.7334098815918,"Unknown"
"5020562",379156,2026-04-29 19:13:26,28.7746410369873,-17.7334403991699,"Unknown"
"5020562",379156,2026-04-29 19:14:27,28.7745666503906,-17.733470916748,"Unknown"
"5020562",379156,2026-04-29 19:15:27,28.7744922637939,-17.7335109710693,"Unknown"
"5020562",379156,2026-04-29 19:16:27,28.7744197845459,-17.7335586547852,"Unknown"
"5020562",379156,2026-04-29 19:17:27,28.7743740081787,-17.7335948944092,"Unknown"
"5020562",379156,2026-04-29 19:18:28,28.7742900848389,-17.7336273193359,"Unknown"
"5020562",379156,2026-04-29 19:19:27,28.77419090271,-17.7336444854736,"Unknown"
"5020562",379156,2026-04-29 19:20:27,28.7741641998291,-17.73366355896,"Unknown"
"5020562",379156,2026-04-29 19:21:28,28.7741203308105,-17.7336654663086,"Unknown"
"5020562",379156,2026-04-29 19:22:27,28.7740726470947,-17.7337055206299,"Unknown"
"5020562",379156,2026-04-29 19:23:27,28.7740516662598,-17.7337322235107,"Unknown"
"5020562",379156,2026-04-29 19:24:27,28.7739658355713,-17.7337760925293,"Unknown"
"5020562",379156,2026-04-29 19:25:27,28.7739276885986,-17.733793258667,"Unknown"
"5020562",379156,2026-04-29 19:26:27,28.7738590240479,-17.7338485717773,"Unknown"
"5020562",379156,2026-04-29 19:27:27,28.773796081543,-17.7338886260986,"Unknown"
"5020562",379156,2026-04-29 19:28:27,28.7737464904785,-17.7339401245117,"Unknown"
"5020562",379156,2026-04-29 19:29:27,28.7737064361572,-17.7339992523193,"Unknown"
"5020562",379156,2026-04-29 19:30:28,28.7736568450928,-17.7340621948242,"Unknown"
"5020562",379156,2026-04-29 19:31:29,28.7736110687256,-17.7340965270996,"Unknown"
"5020562",379156,2026-04-29 19:32:27,28.7735805511475,-17.7341556549072,"Unknown"
"5020562",379156,2026-04-29 19:33:28,28.7735271453857,-17.734203338623,"Unknown"
"5020562",379156,2026-04-29 19:34:27,28.7734832763672,-17.7342491149902,"Unknown"
"5020562",379156,2026-04-29 19:35:28,28.7734355926514,-17.7343215942383,"Unknown"
"5020562",379156,2026-04-29 19:36:29,28.7734050750732,-17.734338760376,"Unknown"
"5020562",379156,2026-04-29 19:37:28,28.7733383178711,-17.7343616485596,"Unknown"
"5020562",379156,2026-04-29 19:38:29,28.773307800293,-17.7344188690186,"Unknown"
"5020562",379156,2026-04-29 19:39:29,28.7733020782471,-17.7344875335693,"Unknown"
"5020562",379156,2026-04-29 19:40:27,28.7732753753662,-17.7345581054688,"Unknown"
"5020562",379156,2026-04-29 19:41:27,28.7732391357422,-17.7346477508545,"Unknown"
"5020562",379156,2026-04-29 19:42:27,28.7731857299805,-17.7347164154053,"Unknown"
"5020562",379156,2026-04-29 19:43:27,28.7731742858887,-17.7347450256348,"Unknown"
"5020562",379156,2026-04-29 19:44:27,28.7731513977051,-17.7348155975342,"Unknown"
"5020562",379156,2026-04-29 19:45:27,28.7731170654297,-17.7348918914795,"Unknown"
"5020562",379156,2026-04-29 19:46:28,28.7731800079346,-17.7349224090576,"Unknown"
"5020562",379156,2026-04-29 19:47:31,28.7731609344482,-17.7349243164062,"Unknown"
"5020562",379156,2026-04-29 19:48:28,28.7731590270996,-17.7349891662598,"Unknown"
"5020562",379156,2026-04-29 19:49:29,28.7731094360352,-17.7349967956543,"Unknown"
"5020562",379156,2026-04-29 19:50:29,28.7731151580811,-17.7350444793701,"Unknown"
"5020562",379156,2026-04-29 19:51:29,28.7730617523193,-17.7350692749023,"Unknown"
"5020562",379156,2026-04-29 19:52:29,28.7730102539062,-17.7350902557373,"Unknown"
"5020562",379156,2026-04-29 19:53:27,28.7729949951172,-17.7351226806641,"Unknown"
"5020562",379156,2026-04-29 19:54:27,28.7729473114014,-17.7351722717285,"Unknown"
"5020562",379156,2026-04-29 19:55:27,28.7729320526123,-17.7352180480957,"Unknown"
"5020562",379156,2026-04-29 19:56:29,28.7728824615479,-17.7351970672607,"Unknown"
"5020562",379156,2026-04-29 19:57:27,28.7728519439697,-17.7351703643799,"Unknown"
"5020562",379156,2026-04-29 19:58:29,28.7728271484375,-17.7352352142334,"Unknown"
"5020562",379156,2026-04-29 19:59:27,28.7728042602539,-17.7352657318115,"Unknown"
"5020562",379156,2026-04-29 20:00:27,28.7727108001709,-17.7352981567383,"Unknown"
"5020562",379156,2026-04-29 20:01:31,28.7727298736572,-17.7353229522705,"Unknown"
"5020562",379156,2026-04-29 20:02:29,28.7726974487305,-17.735330581665,"Unknown"
"5020562",379156,2026-04-29 20:03:30,28.7727203369141,-17.7353801727295,"Unknown"
"5020562",379156,2026-04-29 20:04:27,28.7727279663086,-17.7354545593262,"Unknown"
"5020562",379156,2026-04-29 20:05:29,28.772705078125,-17.7355537414551,"Unknown"
"5020562",379156,2026-04-29 20:06:27,28.7726783752441,-17.7356033325195,"Unknown"
"5020562",379156,2026-04-29 20:07:32,28.7726860046387,-17.7356090545654,"Unknown"
"5020562",379156,2026-04-29 20:08:27,28.772668838501,-17.7356357574463,"Unknown"
"5020562",379156,2026-04-29 20:09:28,28.7726554870605,-17.7356586456299,"Unknown"
"5020562",379156,2026-04-29 20:10:29,28.7726516723633,-17.7356719970703,"Unknown"
"5020562",379156,2026-04-29 20:11:28,28.7725982666016,-17.7356834411621,"Unknown"
"5020562",379156,2026-04-29 20:12:30,28.7725563049316,-17.7356948852539,"Unknown"
"5020562",379156,2026-04-29 20:13:29,28.7726306915283,-17.7357692718506,"Unknown"
"5020562",379156,2026-04-29 20:14:28,28.7726535797119,-17.7358112335205,"Unknown"
"5020562",379156,2026-04-29 20:15:29,28.7726745605469,-17.7358245849609,"Unknown"
"5020562",379156,2026-04-29 20:16:29,28.7727031707764,-17.7358684539795,"Unknown"
"5020562",379156,2026-04-29 20:17:33,28.7726669311523,-17.7358741760254,"Unknown"
"5020562",379156,2026-04-29 20:19:13,28.7703685760498,-17.7352123260498,"Unknown"
"5020562",379156,2026-04-29 20:19:27,28.7692909240723,-17.7344875335693,"Unknown"
"5020562",379156,2026-04-29 20:20:47,28.7667541503906,-17.7323780059814,"Unknown"
"5020562",379156,2026-04-29 20:21:27,28.7667827606201,-17.732442855835,"Unknown"
"5020562",379156,2026-04-29 20:22:27,28.7667903900146,-17.732494354248,"Unknown"
"5020562",379156,2026-04-29 20:23:29,28.7668037414551,-17.7325496673584,"Unknown"
"5020562",379156,2026-04-29 20:24:27,28.7667980194092,-17.7325763702393,"Unknown"
"5020562",379156,2026-04-29 20:25:27,28.7668380737305,-17.7326278686523,"Unknown"
"5020562",379156,2026-04-29 20:26:27,28.7669048309326,-17.7326469421387,"Unknown"
"5020562",379156,2026-04-29 20:27:28,28.7669448852539,-17.7327270507812,"Unknown"
"5020562",379156,2026-04-29 20:28:27,28.7669925689697,-17.7327995300293,"Unknown"
"5020562",379156,2026-04-29 20:29:27,28.7670497894287,-17.7328853607178,"Unknown"
"5020562",379156,2026-04-29 20:30:28,28.7670726776123,-17.7329769134521,"Unknown"
"5020562",379156,2026-04-29 20:31:28,28.767110824585,-17.733060836792,"Unknown"
"5020562",379156,2026-04-29 20:32:28,28.7671546936035,-17.7331581115723,"Unknown"
"5020562",379156,2026-04-29 20:33:29,28.7671928405762,-17.7332382202148,"Unknown"
"5020562",379156,2026-04-29 20:34:27,28.7672100067139,-17.7332344055176,"Unknown"
"5020562",379156,2026-04-29 20:35:28,28.767261505127,-17.7333202362061,"Unknown"
"5020562",379156,2026-04-29 20:36:33,28.7672805786133,-17.7333793640137,"Unknown"
"5020562",379156,2026-04-29 20:37:28,28.76731300354,-17.7334537506104,"Unknown"
"5020562",379156,2026-04-29 20:38:27,28.7673301696777,-17.7334976196289,"Unknown"
"5020562",379156,2026-04-29 20:39:28,28.7673358917236,-17.7335739135742,"Unknown"
"5020562",379156,2026-04-29 20:40:28,28.7673397064209,-17.7336101531982,"Unknown"
"5020562",379156,2026-04-29 20:41:28,28.7673568725586,-17.7336368560791,"Unknown"
"5020562",379156,2026-04-29 20:42:27,28.7673625946045,-17.733678817749,"Unknown"
"5020562",379156,2026-04-29 20:43:34,28.7673816680908,-17.7337188720703,"Unknown"
"5020562",379156,2026-04-29 20:44:28,28.7674083709717,-17.7337951660156,"Unknown"
"5020562",379156,2026-04-29 20:45:29,28.7674465179443,-17.7338180541992,"Unknown"
"5020562",379156,2026-04-29 20:46:28,28.767032623291,-17.7336540222168,"Unknown"
"5020562",379156,2026-04-29 20:47:28,28.7616176605225,-17.7303714752197,"Unknown"
"5020562",379156,2026-04-29 20:48:28,28.7551918029785,-17.7269153594971,"Unknown"
"5020562",379156,2026-04-29 20:49:28,28.7488842010498,-17.7215309143066,"Unknown"
"5020562",379156,2026-04-29 20:50:28,28.7421474456787,-17.716724395752,"Unknown"
"5020562",379156,2026-04-29 20:55:28,28.7099380493164,-17.7202796936035,"Unknown"
"5020562",379156,2026-04-29 21:00:29,28.6981506347656,-17.7428092956543,"Unknown"
"5020562",379156,2026-04-29 21:05:57,28.7056694030762,-17.7407569885254,"Unknown"
"5020562",379156,2026-04-29 21:06:33,28.7076473236084,-17.7436141967773,"Unknown"
"5020562",379156,2026-04-29 21:07:29,28.7110271453857,-17.7478866577148,"Unknown"
"5020562",379156,2026-04-29 21:08:27,28.7122764587402,-17.7546291351318,"Unknown"
"5020562",379156,2026-04-29 21:09:27,28.7174530029297,-17.7602005004883,"Unknown"
"5020562",379156,2026-04-29 21:10:29,28.7206268310547,-17.7655277252197,"Unknown"
"5020562",379156,2026-04-30 05:16:26,28.7361755371094,-17.7162380218506,"Unknown"
"5020562",379156,2026-04-30 05:25:55,28.7363548278809,-17.7162342071533,"Unknown"
"5020562",379156,2026-04-30 05:36:17,28.7368049621582,-17.716272354126,"Unknown"
"5020562",379156,2026-04-30 05:45:54,28.737283706665,-17.7161102294922,"Unknown"
"5020562",379156,2026-04-30 05:55:54,28.7377338409424,-17.7159843444824,"Unknown"
"5020562",379156,2026-04-30 06:05:55,28.7383079528809,-17.7157421112061,"Unknown"
"5020562",379156,2026-04-30 06:16:17,28.7591304779053,-17.7187767028809,"Unknown"
"5020562",379156,2026-04-30 06:25:56,28.7599086761475,-17.7185497283936,"Unknown"
"5020562",379156,2026-04-30 06:35:56,28.7609558105469,-17.7183876037598,"Unknown"
"5020562",379156,2026-04-30 06:45:57,28.7619686126709,-17.7182388305664,"Unknown"
"5020562",379156,2026-04-30 06:55:56,28.7628746032715,-17.717960357666,"Unknown"
"5020562",379156,2026-04-30 07:05:56,28.7642631530762,-17.7149314880371,"Unknown"
"5020562",379156,2026-04-30 07:16:17,28.7695407867432,-17.718864440918,"Unknown"
"5020562",379156,2026-04-30 07:25:56,28.7786636352539,-17.7363147735596,"Unknown"
"5020562",379156,2026-04-30 07:35:54,28.7855796813965,-17.73899269104,"Unknown"
"5020562",379156,2026-04-30 07:45:56,28.7901268005371,-17.7494621276855,"Unknown"
"5020562",379156,2026-04-30 07:55:57,28.7966480255127,-17.7515144348145,"Unknown"
"5020562",379156,2026-04-30 08:06:27,28.7983665466309,-17.7515697479248,"Unknown"
"5020562",379156,2026-04-30 08:15:55,28.7843170166016,-17.7452411651611,"Unknown"
"5020562",379156,2026-04-30 08:25:54,28.7749938964844,-17.7402935028076,"Unknown"
"5020562",379156,2026-04-30 08:35:54,28.7694320678711,-17.733283996582,"Unknown"
"5020562",379156,2026-04-30 08:45:54,28.7638778686523,-17.7314338684082,"Unknown"
"5020562",379156,2026-04-30 08:55:53,28.7621688842773,-17.7273464202881,"Unknown"
"5020562",379156,2026-04-30 09:05:53,28.7640228271484,-17.7279491424561,"Unknown"
"5020562",379156,2026-04-30 09:15:54,28.7551250457764,-17.7251892089844,"Unknown"
"5020562",379156,2026-04-30 09:25:53,28.7521572113037,-17.7232818603516,"Unknown"
"5020562",379156,2026-04-30 09:26:54,28.7524185180664,-17.7233123779297,"Unknown"
"5020562",379156,2026-04-30 09:36:56,28.7509250640869,-17.7215328216553,"Unknown"
"5020562",379156,2026-04-30 09:41:54,28.7524166107178,-17.7216491699219,"Unknown"
"5020562",379156,2026-04-30 09:46:54,28.7531814575195,-17.7196063995361,"Unknown"
"5020562",379156,2026-04-30 09:52:00,28.7543277740479,-17.7199306488037,"Unknown"
"5020562",379156,2026-04-30 09:56:56,28.7555656433105,-17.7201995849609,"Unknown"
"5020562",379156,2026-04-30 10:01:55,28.7569313049316,-17.720516204834,"Unknown"
"5020562",379156,2026-04-30 10:06:56,28.7582054138184,-17.7208366394043,"Unknown"
"5020562",379156,2026-04-30 10:11:57,28.7594089508057,-17.7212734222412,"Unknown"
"5020562",379156,2026-04-30 10:16:58,28.7547054290771,-17.7181015014648,"Unknown"
"5020562",379156,2026-04-30 10:21:58,28.7561073303223,-17.7185153961182,"Unknown"
"5020562",379156,2026-04-30 10:26:58,28.7574996948242,-17.71897315979,"Unknown"
"5020562",379156,2026-04-30 10:32:27,28.762565612793,-17.7247924804688,"Unknown"
"5020562",379156,2026-04-30 10:36:56,28.7638168334961,-17.7254295349121,"Unknown"
"5020562",379156,2026-04-30 10:41:54,28.7651023864746,-17.7260398864746,"Unknown"
"5020562",379156,2026-04-30 10:42:55,28.7653541564941,-17.7261734008789,"Unknown"
"5020562",379156,2026-04-30 10:43:54,28.7656059265137,-17.7262802124023,"Unknown"
"5020562",379156,2026-04-30 10:44:54,28.7658672332764,-17.7264213562012,"Unknown"
"5020562",379156,2026-04-30 10:45:54,28.7660980224609,-17.7265071868896,"Unknown"
"5020562",379156,2026-04-30 10:46:54,28.7663078308105,-17.7266368865967,"Unknown"
"5020562",379156,2026-04-30 10:47:54,28.7665367126465,-17.7267322540283,"Unknown"
"5020562",379156,2026-04-30 10:48:55,28.7667636871338,-17.7268123626709,"Unknown"
"5020562",379156,2026-04-30 10:49:54,28.766996383667,-17.7269325256348,"Unknown"
"5020562",379156,2026-04-30 10:50:54,28.7672500610352,-17.7270450592041,"Unknown"
"5020562",379156,2026-04-30 10:51:55,28.7674751281738,-17.7271690368652,"Unknown"
"5020562",379156,2026-04-30 10:52:54,28.767728805542,-17.7272491455078,"Unknown"
"5020562",379156,2026-04-30 10:53:54,28.7679920196533,-17.7273082733154,"Unknown"
"5020562",379156,2026-04-30 10:54:54,28.7682456970215,-17.7273845672607,"Unknown"
"5020562",379156,2026-04-30 10:55:54,28.7684955596924,-17.7274837493896,"Unknown"
"5020562",379156,2026-04-30 10:56:54,28.7687377929688,-17.7275581359863,"Unknown"
"5020562",379156,2026-04-30 10:57:54,28.768970489502,-17.7276630401611,"Unknown"
"5020562",379156,2026-04-30 10:58:54,28.7691917419434,-17.7277679443359,"Unknown"
"5020562",379156,2026-04-30 10:59:54,28.7694091796875,-17.727855682373,"Unknown"
"5020562",379156,2026-04-30 11:00:54,28.7696647644043,-17.727970123291,"Unknown"
"5020562",379156,2026-04-30 11:01:54,28.7699012756348,-17.7280521392822,"Unknown"
"5020562",379156,2026-04-30 11:02:54,28.7701263427734,-17.7281856536865,"Unknown"
"5020562",379156,2026-04-30 11:03:54,28.7703838348389,-17.7282638549805,"Unknown"
"5020562",379156,2026-04-30 11:04:54,28.7706298828125,-17.7283611297607,"Unknown"
"5020562",379156,2026-04-30 11:05:54,28.7709102630615,-17.7284622192383,"Unknown"
"5020562",379156,2026-04-30 11:06:54,28.7711849212646,-17.7285652160645,"Unknown"
"5020562",379156,2026-04-30 11:07:54,28.7714424133301,-17.7287006378174,"Unknown"
"5020562",379156,2026-04-30 11:08:54,28.7716598510742,-17.7287845611572,"Unknown"
"5020562",379156,2026-04-30 11:09:54,28.7718410491943,-17.7288665771484,"Unknown"
"5020562",379156,2026-04-30 11:10:54,28.7719688415527,-17.7288856506348,"Unknown"
"5020562",379156,2026-04-30 11:11:54,28.772102355957,-17.7289276123047,"Unknown"
"5020562",379156,2026-04-30 11:12:54,28.7722663879395,-17.7289409637451,"Unknown"
"5020562",379156,2026-04-30 11:13:54,28.7724647521973,-17.7289333343506,"Unknown"
"5020562",379156,2026-04-30 11:14:54,28.7726249694824,-17.7289447784424,"Unknown"
"5020562",379156,2026-04-30 11:15:54,28.7727870941162,-17.7289695739746,"Unknown"
"5020562",379156,2026-04-30 11:16:54,28.7729454040527,-17.7289981842041,"Unknown"
"5020562",379156,2026-04-30 11:17:54,28.7731151580811,-17.7290153503418,"Unknown"
"5020562",379156,2026-04-30 11:18:54,28.7733001708984,-17.729024887085,"Unknown"
"5020562",379156,2026-04-30 11:19:54,28.7735347747803,-17.7290515899658,"Unknown"
"5020562",379156,2026-04-30 11:20:54,28.773754119873,-17.729061126709,"Unknown"
"5020562",379156,2026-04-30 11:21:54,28.7739906311035,-17.7290878295898,"Unknown"
"5020562",379156,2026-04-30 11:22:54,28.774206161499,-17.7290935516357,"Unknown"
"5020562",379156,2026-04-30 11:23:54,28.7744007110596,-17.7290916442871,"Unknown"
"5020562",379156,2026-04-30 11:24:54,28.7746105194092,-17.7290897369385,"Unknown"
"5020562",379156,2026-04-30 11:25:54,28.7748184204102,-17.7291107177734,"Unknown"
"5020562",379156,2026-04-30 11:26:54,28.7750186920166,-17.7291240692139,"Unknown"
"5020562",379156,2026-04-30 11:27:54,28.7752952575684,-17.7291736602783,"Unknown"
"5020562",379156,2026-04-30 11:28:54,28.775520324707,-17.7291965484619,"Unknown"
"5020562",379156,2026-04-30 11:29:54,28.7756977081299,-17.7291793823242,"Unknown"
"5020562",379156,2026-04-30 11:30:54,28.7759113311768,-17.7291011810303,"Unknown"
"5020562",379156,2026-04-30 11:31:54,28.7838287353516,-17.7299709320068,"Unknown"
"5020562",379156,2026-04-30 11:32:54,28.7871532440186,-17.7300205230713,"Unknown"
"5020562",379156,2026-04-30 11:33:54,28.7872714996338,-17.7300510406494,"Unknown"
"5020562",379156,2026-04-30 11:34:54,28.7874069213867,-17.7300453186035,"Unknown"
"5020562",379156,2026-04-30 11:35:54,28.7875347137451,-17.7300777435303,"Unknown"
"5020562",379156,2026-04-30 11:36:56,28.7876930236816,-17.7300777435303,"Unknown"
"5020562",379156,2026-04-30 11:37:55,28.7878131866455,-17.7301006317139,"Unknown"
"5020562",379156,2026-04-30 11:38:55,28.7879486083984,-17.7301788330078,"Unknown"
"5020562",379156,2026-04-30 11:39:54,28.7880668640137,-17.730224609375,"Unknown"
"5020562",379156,2026-04-30 11:40:54,28.7882080078125,-17.730260848999,"Unknown"
"5020562",379156,2026-04-30 11:41:56,28.7883796691895,-17.7303142547607,"Unknown"
"5020562",379156,2026-04-30 11:42:54,28.7885417938232,-17.7303619384766,"Unknown"
"5020562",379156,2026-04-30 11:43:54,28.7887020111084,-17.7304019927979,"Unknown"
"5020562",379156,2026-04-30 11:44:55,28.7889041900635,-17.7304420471191,"Unknown"
"5020562",379156,2026-04-30 11:45:54,28.7890777587891,-17.7304744720459,"Unknown"
"5020562",379156,2026-04-30 11:46:54,28.7892322540283,-17.7305164337158,"Unknown"
"5020562",379156,2026-04-30 11:47:56,28.7893924713135,-17.730562210083,"Unknown"
"5020562",379156,2026-04-30 11:48:56,28.7895603179932,-17.7306060791016,"Unknown"
"5020562",379156,2026-04-30 11:49:54,28.7896976470947,-17.7306461334229,"Unknown"
"5020562",379156,2026-04-30 11:50:55,28.7898349761963,-17.7306976318359,"Unknown"
"5020562",379156,2026-04-30 11:51:55,28.7899951934814,-17.7307510375977,"Unknown"
"5020562",379156,2026-04-30 11:52:55,28.790132522583,-17.730785369873,"Unknown"
"5020562",379156,2026-04-30 11:53:55,28.7902984619141,-17.7308082580566,"Unknown"
"5020562",379156,2026-04-30 11:55:02,28.7904834747314,-17.7307968139648,"Unknown"
"5020562",379156,2026-04-30 11:55:56,28.7906265258789,-17.7307796478271,"Unknown"
"5020562",379156,2026-04-30 11:56:56,28.7907962799072,-17.7308006286621,"Unknown"
"5020562",379156,2026-04-30 11:57:58,28.7909679412842,-17.7308177947998,"Unknown"
"5020562",379156,2026-04-30 11:58:55,28.7911033630371,-17.7308368682861,"Unknown"
"5020562",379156,2026-04-30 12:00:17,28.7913017272949,-17.730884552002,"Unknown"
"5020562",379156,2026-04-30 12:00:56,28.7914085388184,-17.7308959960938,"Unknown"
"5020562",379156,2026-04-30 12:01:56,28.7915477752686,-17.730936050415,"Unknown"
"5020562",379156,2026-04-30 12:02:53,28.7917003631592,-17.7309589385986,"Unknown"
"5020562",379156,2026-04-30 12:03:53,28.7918357849121,-17.7309722900391,"Unknown"
"5020562",379156,2026-04-30 12:04:56,28.7919998168945,-17.7310066223145,"Unknown"
"5020562",379156,2026-04-30 12:05:56,28.7921524047852,-17.7310333251953,"Unknown"
"5020562",379156,2026-04-30 12:06:56,28.7922897338867,-17.7310733795166,"Unknown"
"5020562",379156,2026-04-30 12:07:56,28.7924346923828,-17.7310771942139,"Unknown"
"5020562",379156,2026-04-30 12:08:53,28.7925853729248,-17.7311172485352,"Unknown"
"5020562",379156,2026-04-30 12:09:54,28.7927436828613,-17.7311363220215,"Unknown"
"5020562",379156,2026-04-30 12:10:56,28.7928771972656,-17.7311458587646,"Unknown"
"5020562",379156,2026-04-30 12:11:56,28.793041229248,-17.73118019104,"Unknown"
"5020562",379156,2026-04-30 12:12:57,28.7932167053223,-17.7311782836914,"Unknown"
"5020562",379156,2026-04-30 12:13:53,28.7933692932129,-17.73118019104,"Unknown"
"5020562",379156,2026-04-30 12:14:56,28.7935428619385,-17.7311935424805,"Unknown"
"5020562",379156,2026-04-30 12:15:56,28.7937030792236,-17.7312088012695,"Unknown"
"5020562",379156,2026-04-30 12:16:56,28.7938804626465,-17.73122215271,"Unknown"
"5020562",379156,2026-04-30 12:17:56,28.794075012207,-17.7312355041504,"Unknown"
"5020562",379156,2026-04-30 12:18:57,28.7942161560059,-17.7312393188477,"Unknown"
"5020562",379156,2026-04-30 12:19:56,28.794361114502,-17.7312469482422,"Unknown"
"5020562",379156,2026-04-30 12:20:56,28.7945137023926,-17.731258392334,"Unknown"
"5020562",379156,2026-04-30 12:21:54,28.7946758270264,-17.7312393188477,"Unknown"
"5020562",379156,2026-04-30 12:22:53,28.7948760986328,-17.7312488555908,"Unknown"
"5020562",379156,2026-04-30 12:23:54,28.795015335083,-17.7312450408936,"Unknown"
"5020562",379156,2026-04-30 12:24:54,28.7951831817627,-17.7312965393066,"Unknown"
"5020562",379156,2026-04-30 12:25:54,28.7953624725342,-17.7313022613525,"Unknown"
"5020562",379156,2026-04-30 12:26:54,28.7955131530762,-17.7313175201416,"Unknown"
"5020562",379156,2026-04-30 12:27:54,28.7956790924072,-17.7313365936279,"Unknown"
"5020562",379156,2026-04-30 12:28:54,28.7958602905273,-17.7313861846924,"Unknown"
"5020562",379156,2026-04-30 12:29:54,28.7960338592529,-17.7314033508301,"Unknown"
"5020562",379156,2026-04-30 12:30:54,28.7962093353271,-17.7314205169678,"Unknown"
"5020562",379156,2026-04-30 12:31:54,28.7963695526123,-17.7314472198486,"Unknown"
"5020562",379156,2026-04-30 12:32:54,28.7965469360352,-17.7314834594727,"Unknown"
"5020562",379156,2026-04-30 12:33:54,28.7967224121094,-17.7314853668213,"Unknown"
"5020562",379156,2026-04-30 12:34:54,28.7969093322754,-17.7315082550049,"Unknown"
"5020562",379156,2026-04-30 12:35:54,28.7970962524414,-17.7315235137939,"Unknown"
"5020562",379156,2026-04-30 12:36:54,28.7972812652588,-17.731538772583,"Unknown"
"5020562",379156,2026-04-30 12:37:54,28.7974605560303,-17.7315616607666,"Unknown"
"5020562",379156,2026-04-30 12:38:54,28.7976703643799,-17.731575012207,"Unknown"
"5020562",379156,2026-04-30 12:39:54,28.7978744506836,-17.7315788269043,"Unknown"
"5020562",379156,2026-04-30 12:40:54,28.7980842590332,-17.7315979003906,"Unknown"
"5020562",379156,2026-04-30 12:41:54,28.7982788085938,-17.7316284179688,"Unknown"
"5020562",379156,2026-04-30 12:42:54,28.7984886169434,-17.7316513061523,"Unknown"
"5020562",379156,2026-04-30 12:43:54,28.798677444458,-17.7316608428955,"Unknown"
"5020562",379156,2026-04-30 12:44:54,28.7988948822021,-17.7317066192627,"Unknown"
"5020562",379156,2026-04-30 12:45:56,28.7990970611572,-17.7316856384277,"Unknown"
"5020562",379156,2026-04-30 12:46:54,28.7992992401123,-17.7317123413086,"Unknown"
"5020562",379156,2026-04-30 12:47:54,28.7994709014893,-17.7317504882812,"Unknown"
"5020562",379156,2026-04-30 12:48:54,28.7996597290039,-17.7317657470703,"Unknown"
"5020562",379156,2026-04-30 12:49:54,28.7998580932617,-17.7317562103271,"Unknown"
"5020562",379156,2026-04-30 12:50:54,28.8000297546387,-17.7317790985107,"Unknown"
"5020562",379156,2026-04-30 12:51:54,28.8002281188965,-17.7318439483643,"Unknown"
"5020562",379156,2026-04-30 12:52:54,28.8004417419434,-17.7318859100342,"Unknown"
"5020562",379156,2026-04-30 12:53:54,28.8005695343018,-17.7312469482422,"Unknown"
"5020562",379156,2026-04-30 12:54:54,28.7996234893799,-17.7313652038574,"Unknown"
"5020562",379156,2026-04-30 12:55:54,28.7998523712158,-17.7314186096191,"Unknown"
"5020562",379156,2026-04-30 12:56:54,28.8000679016113,-17.7314548492432,"Unknown"
"5020562",379156,2026-04-30 12:57:54,28.8002529144287,-17.731502532959,"Unknown"
"5020562",379156,2026-04-30 12:58:54,28.8004550933838,-17.7315330505371,"Unknown"
"5020562",379156,2026-04-30 12:59:54,28.8006649017334,-17.7315673828125,"Unknown"
"5020562",379156,2026-04-30 13:00:54,28.8008823394775,-17.7316207885742,"Unknown"
"5020562",379156,2026-04-30 13:01:54,28.8010997772217,-17.7316665649414,"Unknown"
"5020562",379156,2026-04-30 13:02:55,28.8013515472412,-17.7316856384277,"Unknown"
"5020562",379156,2026-04-30 13:03:55,28.8015747070312,-17.7317085266113,"Unknown"
"5020562",379156,2026-04-30 13:04:55,28.8018188476562,-17.7317237854004,"Unknown"
"5020562",379156,2026-04-30 13:05:55,28.8020477294922,-17.7317371368408,"Unknown"
"5020562",379156,2026-04-30 13:06:55,28.8022861480713,-17.7317523956299,"Unknown"
"5020562",379156,2026-04-30 13:07:55,28.8025226593018,-17.7317867279053,"Unknown"
"5020562",379156,2026-04-30 13:08:55,28.8027591705322,-17.7318229675293,"Unknown"
"5020562",379156,2026-04-30 13:09:55,28.8029670715332,-17.7318725585938,"Unknown"
"5020562",379156,2026-04-30 13:10:55,28.8031959533691,-17.7319297790527,"Unknown"
"5020562",379156,2026-04-30 13:11:55,28.803409576416,-17.7319736480713,"Unknown"
"5020562",379156,2026-04-30 13:12:56,28.8036079406738,-17.7320003509521,"Unknown"
"5020562",379156,2026-04-30 13:13:55,28.8038864135742,-17.7320251464844,"Unknown"
"5020562",379156,2026-04-30 13:14:55,28.8041534423828,-17.7320251464844,"Unknown"
"5020562",379156,2026-04-30 13:15:57,28.8044033050537,-17.7320804595947,"Unknown"
"5020562",379156,2026-04-30 13:16:57,28.8046188354492,-17.7321128845215,"Unknown"
"5020562",379156,2026-04-30 13:17:57,28.8048324584961,-17.7321586608887,"Unknown"
"5020562",379156,2026-04-30 13:18:57,28.8050708770752,-17.7322216033936,"Unknown"
"5020562",379156,2026-04-30 13:19:57,28.8053188323975,-17.7322559356689,"Unknown"
"5020562",379156,2026-04-30 13:20:57,28.8055515289307,-17.7322998046875,"Unknown"
"5020562",379156,2026-04-30 13:21:55,28.8057689666748,-17.732349395752,"Unknown"
"5020562",379156,2026-04-30 13:22:57,28.8060207366943,-17.7324104309082,"Unknown"
"5020562",379156,2026-04-30 13:23:57,28.8062477111816,-17.7324676513672,"Unknown"
"5020562",379156,2026-04-30 13:24:57,28.8064765930176,-17.7325115203857,"Unknown"
"5020562",379156,2026-04-30 13:25:55,28.8067054748535,-17.7325611114502,"Unknown"
"5020562",379156,2026-04-30 13:26:57,28.8069629669189,-17.732629776001,"Unknown"
"5020562",379156,2026-04-30 13:27:57,28.8072166442871,-17.7326812744141,"Unknown"
"5020562",379156,2026-04-30 13:28:57,28.8074645996094,-17.7327346801758,"Unknown"
"5020562",379156,2026-04-30 13:29:55,28.8076782226562,-17.7327766418457,"Unknown"
"5020562",379156,2026-04-30 13:30:57,28.8079376220703,-17.7328453063965,"Unknown"
"5020562",379156,2026-04-30 13:31:57,28.808177947998,-17.732873916626,"Unknown"
"5020562",379156,2026-04-30 13:32:55,28.8084316253662,-17.7329044342041,"Unknown"
"5020562",379156,2026-04-30 13:33:57,28.8086833953857,-17.7329387664795,"Unknown"
"5020562",379156,2026-04-30 13:34:55,28.8089351654053,-17.7329521179199,"Unknown"
"5020562",379156,2026-04-30 13:35:57,28.8092155456543,-17.7330150604248,"Unknown"
"5020562",379156,2026-04-30 13:36:57,28.8095092773438,-17.7330455780029,"Unknown"
"5020562",379156,2026-04-30 13:37:57,28.8097534179688,-17.7331123352051,"Unknown"
"5020562",379156,2026-04-30 13:38:55,28.8100299835205,-17.733154296875,"Unknown"
"5020562",379156,2026-04-30 13:39:57,28.8102874755859,-17.7331962585449,"Unknown"
"5020562",379156,2026-04-30 13:40:57,28.8105163574219,-17.7332572937012,"Unknown"
"5020562",379156,2026-04-30 13:41:57,28.810733795166,-17.7333183288574,"Unknown"
"5020562",379156,2026-04-30 13:42:58,28.8109874725342,-17.7333736419678,"Unknown"
"5020562",379156,2026-04-30 13:43:57,28.8112201690674,-17.7334384918213,"Unknown"
"5020562",379156,2026-04-30 13:44:57,28.8114776611328,-17.7334842681885,"Unknown"
"5020562",379156,2026-04-30 13:45:57,28.811695098877,-17.7335662841797,"Unknown"
"5020562",379156,2026-04-30 13:46:57,28.8119258880615,-17.733606338501,"Unknown"
"5020562",379156,2026-04-30 13:47:58,28.8121604919434,-17.7336673736572,"Unknown"
"5020562",379156,2026-04-30 13:48:57,28.8123817443848,-17.7336940765381,"Unknown"
"5020562",379156,2026-04-30 13:49:58,28.8126087188721,-17.7337436676025,"Unknown"
"5020562",379156,2026-04-30 13:50:57,28.8128204345703,-17.7338047027588,"Unknown"
"5020562",379156,2026-04-30 13:51:57,28.813045501709,-17.7338409423828,"Unknown"
"5020562",379156,2026-04-30 13:52:56,28.8132781982422,-17.7338714599609,"Unknown"
"5020562",379156,2026-04-30 13:53:56,28.8134803771973,-17.7338943481445,"Unknown"
"5020562",379156,2026-04-30 13:54:55,28.8137245178223,-17.7339324951172,"Unknown"
"5020562",379156,2026-04-30 13:55:57,28.813928604126,-17.7340297698975,"Unknown"
"5020562",379156,2026-04-30 13:56:57,28.8141555786133,-17.7341079711914,"Unknown"
"5020562",379156,2026-04-30 13:57:56,28.8143711090088,-17.7341594696045,"Unknown"
"5020562",379156,2026-04-30 13:58:55,28.8145751953125,-17.734203338623,"Unknown"
"5020562",379156,2026-04-30 14:00:27,28.8149585723877,-17.7342319488525,"Unknown"
"5020562",379156,2026-04-30 14:00:55,28.8150520324707,-17.7342491149902,"Unknown"
"5020562",379156,2026-04-30 14:01:54,28.8152923583984,-17.7342700958252,"Unknown"
"5020562",379156,2026-04-30 14:02:54,28.8155174255371,-17.7343139648438,"Unknown"
"5020562",379156,2026-04-30 14:03:55,28.8157482147217,-17.7343482971191,"Unknown"
"5020562",379156,2026-04-30 14:04:55,28.8159923553467,-17.7343711853027,"Unknown"
"5020562",379156,2026-04-30 14:05:55,28.8162288665771,-17.7344226837158,"Unknown"
"5020562",379156,2026-04-30 14:06:55,28.816442489624,-17.7344722747803,"Unknown"
"5020562",379156,2026-04-30 14:07:55,28.8166828155518,-17.734504699707,"Unknown"
"5020562",379156,2026-04-30 14:08:55,28.8169136047363,-17.7345180511475,"Unknown"
"5020562",379156,2026-04-30 14:09:55,28.8171672821045,-17.7345447540283,"Unknown"
"5020562",379156,2026-04-30 14:10:55,28.817403793335,-17.7345485687256,"Unknown"
"5020562",379156,2026-04-30 14:11:55,28.8176670074463,-17.7345657348633,"Unknown"
"5020562",379156,2026-04-30 14:12:55,28.8179092407227,-17.7345962524414,"Unknown"
"5020562",379156,2026-04-30 14:13:56,28.8181343078613,-17.7346172332764,"Unknown"
"5020562",379156,2026-04-30 14:14:56,28.8183917999268,-17.7346744537354,"Unknown"
"5020562",379156,2026-04-30 14:15:56,28.8186435699463,-17.7347049713135,"Unknown"
"5020562",379156,2026-04-30 14:16:56,28.818883895874,-17.7347354888916,"Unknown"
"5020562",379156,2026-04-30 14:17:56,28.8190975189209,-17.7347545623779,"Unknown"
"5020562",379156,2026-04-30 14:18:56,28.8193302154541,-17.7347850799561,"Unknown"
"5020562",379156,2026-04-30 14:19:56,28.8195648193359,-17.7348461151123,"Unknown"
"5020562",379156,2026-04-30 14:20:56,28.8198204040527,-17.7348766326904,"Unknown"
"5020562",379156,2026-04-30 14:21:56,28.8200626373291,-17.7349529266357,"Unknown"
"5020562",379156,2026-04-30 14:22:56,28.8202686309814,-17.7350559234619,"Unknown"
"5020562",379156,2026-04-30 14:23:56,28.8204574584961,-17.7351055145264,"Unknown"
"5020562",379156,2026-04-30 14:24:56,28.8206825256348,-17.7351856231689,"Unknown"
"5020562",379156,2026-04-30 14:25:56,28.8209056854248,-17.735221862793,"Unknown"
"5020562",379156,2026-04-30 14:26:56,28.8211536407471,-17.7352752685547,"Unknown"
"5020562",379156,2026-04-30 14:27:56,28.8214054107666,-17.735315322876,"Unknown"
"5020562",379156,2026-04-30 14:28:56,28.8216667175293,-17.7353286743164,"Unknown"
"5020562",379156,2026-04-30 14:29:56,28.8219146728516,-17.7353954315186,"Unknown"
"5020562",379156,2026-04-30 14:30:57,28.8221454620361,-17.7354640960693,"Unknown"
"5020562",379156,2026-04-30 14:31:56,28.8223648071289,-17.7355155944824,"Unknown"
"5020562",379156,2026-04-30 14:32:56,28.8226299285889,-17.7356090545654,"Unknown"
"5020562",379156,2026-04-30 14:33:56,28.8228874206543,-17.7356472015381,"Unknown"
"5020562",379156,2026-04-30 14:34:56,28.8231334686279,-17.7356872558594,"Unknown"
"5020562",379156,2026-04-30 14:35:56,28.8233776092529,-17.7357616424561,"Unknown"
"5020562",379156,2026-04-30 14:36:56,28.8235931396484,-17.73583984375,"Unknown"
"5020562",379156,2026-04-30 14:37:56,28.8238468170166,-17.735912322998,"Unknown"
"5020562",379156,2026-04-30 14:38:56,28.824068069458,-17.7359714508057,"Unknown"
"5020562",379156,2026-04-30 14:39:56,28.8243083953857,-17.736011505127,"Unknown"
"5020562",379156,2026-04-30 14:40:56,28.82448387146,-17.7360572814941,"Unknown"
"5020562",379156,2026-04-30 14:41:56,28.8247146606445,-17.7360916137695,"Unknown"
"5020562",379156,2026-04-30 14:42:57,28.8249282836914,-17.7361125946045,"Unknown"
"5020562",379156,2026-04-30 14:43:56,28.8251399993896,-17.7361545562744,"Unknown"
"5020562",379156,2026-04-30 14:44:56,28.8253421783447,-17.7362403869629,"Unknown"
"5020562",379156,2026-04-30 14:45:56,28.8255729675293,-17.7362594604492,"Unknown"
"5020562",379156,2026-04-30 14:46:55,28.8257865905762,-17.7362480163574,"Unknown"
"5020562",379156,2026-04-30 14:47:57,28.8260135650635,-17.7363224029541,"Unknown"
"5020562",379156,2026-04-30 14:48:56,28.8262119293213,-17.7363662719727,"Unknown"
"5020562",379156,2026-04-30 14:49:56,28.8264141082764,-17.7364406585693,"Unknown"
"5020562",379156,2026-04-30 14:50:56,28.8266201019287,-17.736499786377,"Unknown"
"5020562",379156,2026-04-30 14:51:55,28.8268547058105,-17.7365245819092,"Unknown"
"5020562",379156,2026-04-30 14:52:55,28.8270816802979,-17.7365760803223,"Unknown"
"5020562",379156,2026-04-30 14:53:56,28.8272876739502,-17.7366504669189,"Unknown"
"5020562",379156,2026-04-30 14:54:55,28.8274669647217,-17.7366981506348,"Unknown"
"5020562",379156,2026-04-30 14:55:56,28.8277435302734,-17.7367095947266,"Unknown"
"5020562",379156,2026-04-30 14:56:58,28.8279342651367,-17.7367534637451,"Unknown"
"5020562",379156,2026-04-30 14:57:56,28.828145980835,-17.7368450164795,"Unknown"
"5020562",379156,2026-04-30 14:58:56,28.8283462524414,-17.736888885498,"Unknown"
"5020562",379156,2026-04-30 14:59:58,28.8285427093506,-17.736946105957,"Unknown"
"5020562",379156,2026-04-30 15:00:56,28.8287506103516,-17.737003326416,"Unknown"
"5020562",379156,2026-04-30 15:01:56,28.8289375305176,-17.7370567321777,"Unknown"
"5020562",379156,2026-04-30 15:02:55,28.8291301727295,-17.7371158599854,"Unknown"
"5020562",379156,2026-04-30 15:03:55,28.8293514251709,-17.7371997833252,"Unknown"
"5020562",379156,2026-04-30 15:04:57,28.829517364502,-17.7372417449951,"Unknown"
"5020562",379156,2026-04-30 15:05:56,28.8297500610352,-17.7373542785645,"Unknown"
"5020562",379156,2026-04-30 15:06:57,28.8299427032471,-17.7374458312988,"Unknown"
"5020562",379156,2026-04-30 15:07:55,28.8301486968994,-17.7375411987305,"Unknown"
"5020562",379156,2026-04-30 15:08:55,28.8303184509277,-17.7376384735107,"Unknown"
"5020562",379156,2026-04-30 15:09:55,28.8304862976074,-17.737720489502,"Unknown"
"5020562",379156,2026-04-30 15:10:55,28.830680847168,-17.7378158569336,"Unknown"
"5020562",379156,2026-04-30 15:11:57,28.8308906555176,-17.7378997802734,"Unknown"
"5020562",379156,2026-04-30 15:12:55,28.8311347961426,-17.7379913330078,"Unknown"
"5020562",379156,2026-04-30 15:13:55,28.828483581543,-17.7373275756836,"Unknown"
"5020562",379156,2026-04-30 15:14:55,28.8286437988281,-17.7373657226562,"Unknown"
"5020562",379156,2026-04-30 15:15:56,28.8287525177002,-17.7374019622803,"Unknown"
"5020562",379156,2026-04-30 15:16:56,28.8288669586182,-17.7374076843262,"Unknown"
"5020562",379156,2026-04-30 15:17:55,28.8289928436279,-17.7374172210693,"Unknown"
"5020562",379156,2026-04-30 15:18:57,28.8291358947754,-17.737434387207,"Unknown"
"5020562",379156,2026-04-30 15:19:55,28.8292961120605,-17.7374439239502,"Unknown"
"5020562",379156,2026-04-30 15:20:56,28.8294639587402,-17.7375030517578,"Unknown"
"5020562",379156,2026-04-30 15:21:56,28.8296413421631,-17.7375946044922,"Unknown"
"5020562",379156,2026-04-30 15:22:57,28.8297710418701,-17.7377147674561,"Unknown"
"5020562",379156,2026-04-30 15:23:58,28.8299617767334,-17.7377662658691,"Unknown"
"5020562",379156,2026-04-30 15:24:58,28.8301734924316,-17.7378330230713,"Unknown"
"5020562",379156,2026-04-30 15:25:58,28.8303737640381,-17.7379093170166,"Unknown"
"5020562",379156,2026-04-30 15:26:58,28.8305797576904,-17.7379665374756,"Unknown"
"5020562",379156,2026-04-30 15:27:58,28.8308162689209,-17.7380027770996,"Unknown"
"5020562",379156,2026-04-30 15:28:57,28.8310413360596,-17.7380504608154,"Unknown"
"5020562",379156,2026-04-30 15:29:58,28.831262588501,-17.7380924224854,"Unknown"
"5020562",379156,2026-04-30 15:31:00,28.8314781188965,-17.7381286621094,"Unknown"
"5020562",379156,2026-04-30 15:32:00,28.831714630127,-17.7381610870361,"Unknown"
"5020562",379156,2026-04-30 15:32:59,28.8319206237793,-17.738187789917,"Unknown"
"5020562",379156,2026-04-30 15:33:56,28.8321342468262,-17.738245010376,"Unknown"
"5020562",379156,2026-04-30 15:34:57,28.8323268890381,-17.7383003234863,"Unknown"
"5020562",379156,2026-04-30 15:35:57,28.8325099945068,-17.7383422851562,"Unknown"
"5020562",379156,2026-04-30 15:36:58,28.8326759338379,-17.738395690918,"Unknown"
"5020562",379156,2026-04-30 15:37:56,28.8328590393066,-17.7384300231934,"Unknown"
"5020562",379156,2026-04-30 15:38:58,28.8330688476562,-17.7384948730469,"Unknown"
"5020562",379156,2026-04-30 15:39:56,28.833215713501,-17.7385730743408,"Unknown"
"5020562",379156,2026-04-30 15:40:58,28.8334484100342,-17.7386283874512,"Unknown"
"5020562",379156,2026-04-30 15:41:58,28.8336315155029,-17.7387008666992,"Unknown"
"5020562",379156,2026-04-30 15:42:57,28.8338451385498,-17.7387771606445,"Unknown"
"5020562",379156,2026-04-30 15:43:58,28.8340301513672,-17.7388534545898,"Unknown"
"5020562",379156,2026-04-30 15:44:56,28.8341960906982,-17.7389278411865,"Unknown"
"5020562",379156,2026-04-30 15:45:56,28.8343944549561,-17.7389869689941,"Unknown"
"5020562",379156,2026-04-30 15:46:58,28.8334941864014,-17.7402496337891,"Unknown"
"5020562",379156,2026-04-30 15:47:56,28.8335075378418,-17.7401847839355,"Unknown"
"5020562",379156,2026-04-30 15:48:56,28.8336696624756,-17.7402801513672,"Unknown"
"5020562",379156,2026-04-30 15:49:56,28.8338356018066,-17.7403736114502,"Unknown"
"5020562",379156,2026-04-30 15:50:56,28.8339595794678,-17.7403659820557,"Unknown"
"5020562",379156,2026-04-30 15:51:56,28.8340854644775,-17.7404155731201,"Unknown"
"5020562",379156,2026-04-30 15:52:56,28.8342208862305,-17.7404499053955,"Unknown"
"5020562",379156,2026-04-30 15:53:56,28.8343849182129,-17.7405395507812,"Unknown"
"5020562",379156,2026-04-30 15:54:56,28.8345336914062,-17.7406387329102,"Unknown"
"5020562",379156,2026-04-30 15:55:58,28.8346996307373,-17.7407073974609,"Unknown"
"5020562",379156,2026-04-30 15:56:55,28.8348789215088,-17.7407741546631,"Unknown"
"5020562",379156,2026-04-30 15:57:56,28.8350772857666,-17.7408390045166,"Unknown"
"5020562",379156,2026-04-30 15:58:56,28.8352699279785,-17.7409057617188,"Unknown"
"5020562",379156,2026-04-30 15:59:56,28.8354301452637,-17.7409534454346,"Unknown"
"5020562",379156,2026-04-30 16:00:55,28.8356227874756,-17.7409896850586,"Unknown"
"5020562",379156,2026-04-30 16:01:56,28.8358116149902,-17.7410507202148,"Unknown"
"5020562",379156,2026-04-30 16:02:55,28.8359966278076,-17.7411651611328,"Unknown"
"5020562",379156,2026-04-30 16:04:32,28.8362464904785,-17.7412986755371,"Unknown"
"5020562",379156,2026-04-30 16:04:56,28.8362998962402,-17.7413234710693,"Unknown"
"5020562",379156,2026-04-30 16:05:56,28.8364639282227,-17.7413749694824,"Unknown"
"5020562",379156,2026-04-30 16:06:56,28.8366241455078,-17.7414283752441,"Unknown"
"5020562",379156,2026-04-30 16:07:56,28.8367919921875,-17.7414855957031,"Unknown"
"5020562",379156,2026-04-30 16:08:56,28.8369445800781,-17.741569519043,"Unknown"
"5020562",379156,2026-04-30 16:09:56,28.8371276855469,-17.7416496276855,"Unknown"
"5020562",379156,2026-04-30 16:10:56,28.8372631072998,-17.7417392730713,"Unknown"
"5020562",379156,2026-04-30 16:11:56,28.8374366760254,-17.7418327331543,"Unknown"
"5020562",379156,2026-04-30 16:12:56,28.8375854492188,-17.7418918609619,"Unknown"
"5020562",379156,2026-04-30 16:13:56,28.8377170562744,-17.7419700622559,"Unknown"
"5020562",379156,2026-04-30 16:14:56,28.8378944396973,-17.7420349121094,"Unknown"
"5020562",379156,2026-04-30 16:15:56,28.8380432128906,-17.7421035766602,"Unknown"
"5020562",379156,2026-04-30 16:16:56,28.8381481170654,-17.7421550750732,"Unknown"
"5020562",379156,2026-04-30 16:17:56,28.8382797241211,-17.742166519165,"Unknown"
"5020562",379156,2026-04-30 16:18:56,28.8379344940186,-17.740779876709,"Unknown"
"5020562",379156,2026-04-30 16:19:56,28.8373947143555,-17.7398071289062,"Unknown"
"5020562",379156,2026-04-30 16:20:56,28.8375873565674,-17.7399082183838,"Unknown"
"5020562",379156,2026-04-30 16:21:56,28.8377552032471,-17.7399711608887,"Unknown"
"5020562",379156,2026-04-30 16:22:56,28.837911605835,-17.7400512695312,"Unknown"
"5020562",379156,2026-04-30 16:23:56,28.8390808105469,-17.7422142028809,"Unknown"
"5020562",379156,2026-04-30 16:24:56,28.8392238616943,-17.7422962188721,"Unknown"
"5020562",379156,2026-04-30 16:25:56,28.8393325805664,-17.7423706054688,"Unknown"
"5020562",379156,2026-04-30 16:26:56,28.8394412994385,-17.7424354553223,"Unknown"
"5020562",379156,2026-04-30 16:27:56,28.8394947052002,-17.7424354553223,"Unknown"
"5020562",379156,2026-04-30 16:28:56,28.83962059021,-17.7425270080566,"Unknown"
"5020562",379156,2026-04-30 16:29:56,28.8397083282471,-17.7425670623779,"Unknown"
"5020562",379156,2026-04-30 16:30:56,28.8398170471191,-17.7426090240479,"Unknown"
"5020562",379156,2026-04-30 16:31:56,28.8399066925049,-17.7426528930664,"Unknown"
"5020562",379156,2026-04-30 16:32:56,28.8400058746338,-17.7426738739014,"Unknown"
"5020562",379156,2026-04-30 16:33:56,28.8400936126709,-17.7427005767822,"Unknown"
"5020562",379156,2026-04-30 16:34:56,28.8401737213135,-17.7427177429199,"Unknown"
"5020562",379156,2026-04-30 16:35:56,28.8402862548828,-17.7427520751953,"Unknown"
"5020562",379156,2026-04-30 16:36:56,28.8403930664062,-17.7427406311035,"Unknown"
"5020562",379156,2026-04-30 16:37:56,28.8404941558838,-17.7427501678467,"Unknown"
"5020562",379156,2026-04-30 16:38:56,28.8421726226807,-17.741678237915,"Unknown"
"5020562",379156,2026-04-30 16:39:56,28.8463935852051,-17.7354297637939,"Unknown"
"5020562",379156,2026-04-30 16:40:56,28.8497638702393,-17.7303943634033,"Unknown"
"5020562",379156,2026-04-30 16:41:56,28.8500232696533,-17.730447769165,"Unknown"
"5020562",379156,2026-04-30 16:42:56,28.8501358032227,-17.7304763793945,"Unknown"
"5020562",379156,2026-04-30 16:43:56,28.8502521514893,-17.7304992675781,"Unknown"
"5020562",379156,2026-04-30 16:44:56,28.8503494262695,-17.7305240631104,"Unknown"
"5020562",379156,2026-04-30 16:45:56,28.8504581451416,-17.7305278778076,"Unknown"
"5020562",379156,2026-04-30 16:46:56,28.850564956665,-17.7305278778076,"Unknown"
"5020562",379156,2026-04-30 16:47:56,28.8506774902344,-17.7305335998535,"Unknown"
"5020562",379156,2026-04-30 16:48:56,28.8507976531982,-17.7305641174316,"Unknown"
"5020562",379156,2026-04-30 16:49:56,28.8509140014648,-17.7305812835693,"Unknown"
"5020562",379156,2026-04-30 16:50:56,28.8510227203369,-17.7306232452393,"Unknown"
"5020562",379156,2026-04-30 16:51:56,28.8511409759521,-17.7306442260742,"Unknown"
"5020562",379156,2026-04-30 16:52:56,28.8512573242188,-17.7306575775146,"Unknown"
"5020562",379156,2026-04-30 16:53:56,28.8513221740723,-17.7306652069092,"Unknown"
"5020562",379156,2026-04-30 16:54:56,28.8514232635498,-17.73069190979,"Unknown"
"5020562",379156,2026-04-30 16:55:56,28.851541519165,-17.7306842803955,"Unknown"
"5020562",379156,2026-04-30 16:56:56,28.8516235351562,-17.7307033538818,"Unknown"
"5020562",379156,2026-04-30 16:57:56,28.8517093658447,-17.7307071685791,"Unknown"
"5020562",379156,2026-04-30 16:58:56,28.8517913818359,-17.7306537628174,"Unknown"
"5020562",379156,2026-04-30 16:59:56,28.8518657684326,-17.7306690216064,"Unknown"
"5020562",379156,2026-04-30 17:00:56,28.8519134521484,-17.7306861877441,"Unknown"
"5020562",379156,2026-04-30 17:01:56,28.8520832061768,-17.7305736541748,"Unknown"
"5020562",379156,2026-04-30 17:02:56,28.8521308898926,-17.7304401397705,"Unknown"
"5020562",379156,2026-04-30 17:03:56,28.8521461486816,-17.7302684783936,"Unknown"
"5020562",379156,2026-04-30 17:04:56,28.8522453308105,-17.730073928833,"Unknown"
"5020562",379156,2026-04-30 17:05:56,28.8523044586182,-17.7299251556396,"Unknown"
"5020562",379156,2026-04-30 17:06:56,28.8523731231689,-17.7297496795654,"Unknown"
"5020562",379156,2026-04-30 17:07:56,28.8523483276367,-17.7296752929688,"Unknown"
"5020562",379156,2026-04-30 17:08:58,28.8523502349854,-17.7295017242432,"Unknown"
"5020562",379156,2026-04-30 17:09:56,28.8523941040039,-17.7294387817383,"Unknown"
"5020562",379156,2026-04-30 17:10:56,28.8524990081787,-17.729434967041,"Unknown"
"5020562",379156,2026-04-30 17:11:56,28.852560043335,-17.7294464111328,"Unknown"
"5020562",379156,2026-04-30 17:12:56,28.8526477813721,-17.729434967041,"Unknown"
"5020562",379156,2026-04-30 17:13:56,28.8527393341064,-17.729419708252,"Unknown"
"5020562",379156,2026-04-30 17:14:56,28.8528251647949,-17.7294063568115,"Unknown"
"5020562",379156,2026-04-30 17:15:56,28.8529033660889,-17.7293872833252,"Unknown"
"5020562",379156,2026-04-30 17:16:56,28.8529949188232,-17.7293796539307,"Unknown"
"5020562",379156,2026-04-30 17:17:56,28.8530693054199,-17.7293815612793,"Unknown"
"5020562",379156,2026-04-30 17:18:56,28.853141784668,-17.7293376922607,"Unknown"
"5020562",379156,2026-04-30 17:19:56,28.8532180786133,-17.7293243408203,"Unknown"
"5020562",379156,2026-04-30 17:20:56,28.8532829284668,-17.7292881011963,"Unknown"
"5020562",379156,2026-04-30 17:21:56,28.8533630371094,-17.7292804718018,"Unknown"
"5020562",379156,2026-04-30 17:22:56,28.8534412384033,-17.7292976379395,"Unknown"
"5020562",379156,2026-04-30 17:23:56,28.8535041809082,-17.729248046875,"Unknown"
"5020562",379156,2026-04-30 17:24:56,28.8535823822021,-17.7292346954346,"Unknown"
"5020562",379156,2026-04-30 17:25:56,28.8536586761475,-17.7292137145996,"Unknown"
"5020562",379156,2026-04-30 17:26:56,28.853702545166,-17.7291984558105,"Unknown"
"5020562",379156,2026-04-30 17:27:56,28.8537864685059,-17.7292003631592,"Unknown"
"5020562",379156,2026-04-30 17:28:56,28.8538475036621,-17.7291774749756,"Unknown"
"5020562",379156,2026-04-30 17:29:56,28.8538970947266,-17.7291831970215,"Unknown"
"5020562",379156,2026-04-30 17:30:56,28.8539276123047,-17.7291564941406,"Unknown"
"5020562",379156,2026-04-30 17:31:56,28.854040145874,-17.7290821075439,"Unknown"
"5020562",379156,2026-04-30 17:32:56,28.8541126251221,-17.7290687561035,"Unknown"
"5020562",379156,2026-04-30 17:33:56,28.8541946411133,-17.7290554046631,"Unknown"
"5020562",379156,2026-04-30 17:34:56,28.8542785644531,-17.7290515899658,"Unknown"
"5020562",379156,2026-04-30 17:35:56,28.8543453216553,-17.7290706634521,"Unknown"
"5020562",379156,2026-04-30 17:36:56,28.8543968200684,-17.7290210723877,"Unknown"
"5020562",379156,2026-04-30 17:37:56,28.8544292449951,-17.7289371490479,"Unknown"
"5020562",379156,2026-04-30 17:38:56,28.8545398712158,-17.7288799285889,"Unknown"
"5020562",379156,2026-04-30 17:39:56,28.8546199798584,-17.7288341522217,"Unknown"
"5020562",379156,2026-04-30 17:40:56,28.85471534729,-17.7288131713867,"Unknown"
"5020562",379156,2026-04-30 17:41:56,28.854793548584,-17.7287712097168,"Unknown"
"5020562",379156,2026-04-30 17:42:56,28.8549060821533,-17.7287521362305,"Unknown"
"5020562",379156,2026-04-30 17:43:56,28.8549461364746,-17.7286701202393,"Unknown"
"5020562",379156,2026-04-30 17:44:56,28.8549880981445,-17.7285652160645,"Unknown"
"5020562",379156,2026-04-30 17:45:56,28.8550491333008,-17.7284564971924,"Unknown"
"5020562",379156,2026-04-30 17:46:56,28.8550300598145,-17.7282657623291,"Unknown"
"5020562",379156,2026-04-30 17:47:56,28.8550415039062,-17.7281150817871,"Unknown"
"5020562",379156,2026-04-30 17:48:56,28.8549900054932,-17.7279491424561,"Unknown"
"5020562",379156,2026-04-30 17:49:56,28.8550586700439,-17.7278156280518,"Unknown"
"5020562",379156,2026-04-30 17:50:56,28.8551082611084,-17.7277297973633,"Unknown"
"5020562",379156,2026-04-30 17:51:56,28.8551731109619,-17.7277908325195,"Unknown"
"5020562",379156,2026-04-30 17:52:56,28.8552589416504,-17.7278060913086,"Unknown"
"5020562",379156,2026-04-30 17:53:56,28.8553256988525,-17.7278251647949,"Unknown"
"5020562",379156,2026-04-30 17:54:56,28.8554000854492,-17.7278785705566,"Unknown"
"5020562",379156,2026-04-30 17:55:56,28.855447769165,-17.7278842926025,"Unknown"
"5020562",379156,2026-04-30 17:56:56,28.855504989624,-17.727912902832,"Unknown"
"5020562",379156,2026-04-30 17:57:56,28.8565444946289,-17.7277851104736,"Unknown"
"5020562",379156,2026-04-30 17:58:58,28.8594303131104,-17.7225570678711,"Unknown"
"5020562",379156,2026-04-30 17:59:56,28.8539638519287,-17.7190399169922,"Unknown"
"5020562",379156,2026-04-30 18:06:21,28.8246154785156,-17.7335300445557,"Unknown"
"5020562",379156,2026-04-30 18:10:57,28.8329792022705,-17.7505893707275,"Unknown"
"5020562",379156,2026-04-30 18:10:58,28.8329792022705,-17.7505874633789,"Unknown"
"5020562",379156,2026-04-30 18:12:01,28.8342514038086,-17.7497100830078,"Unknown"
"5020562",379156,2026-04-30 18:13:01,28.8343105316162,-17.7496376037598,"Unknown"
"5020562",379156,2026-04-30 18:14:01,28.832935333252,-17.7537879943848,"Unknown"
"5020562",379156,2026-04-30 18:15:01,28.8340473175049,-17.7549686431885,"Unknown"
"5020562",379156,2026-04-30 18:16:01,28.8344268798828,-17.7550945281982,"Unknown"
"5020562",379156,2026-04-30 18:17:01,28.8338890075684,-17.7556133270264,"Unknown"
"5020562",379156,2026-04-30 18:18:02,28.8324947357178,-17.7547473907471,"Unknown"
"5020562",379156,2026-04-30 18:19:01,28.8328971862793,-17.7536754608154,"Unknown"
"5020562",379156,2026-04-30 18:20:01,28.8329677581787,-17.7536067962646,"Unknown"
"5020562",379156,2026-04-30 18:21:01,28.8330345153809,-17.7535724639893,"Unknown"
"5020562",379156,2026-04-30 18:22:01,28.8330898284912,-17.7534961700439,"Unknown"
"5020562",379156,2026-04-30 18:23:01,28.8331260681152,-17.7533988952637,"Unknown"
"5020562",379156,2026-04-30 18:24:01,28.8331985473633,-17.7533683776855,"Unknown"
"5020562",379156,2026-04-30 18:25:01,28.83327293396,-17.753324508667,"Unknown"
"5020562",379156,2026-04-30 18:26:03,28.8333473205566,-17.7532958984375,"Unknown"
"5020562",379156,2026-04-30 18:27:01,28.8333873748779,-17.7532482147217,"Unknown"
"5020562",379156,2026-04-30 18:28:01,28.8334579467773,-17.7532081604004,"Unknown"
"5020562",379156,2026-04-30 18:29:01,28.8335132598877,-17.7531757354736,"Unknown"
"5020562",379156,2026-04-30 18:30:01,28.8335781097412,-17.7531242370605,"Unknown"
"5020562",379156,2026-04-30 18:31:01,28.8336486816406,-17.7530746459961,"Unknown"
"5020562",379156,2026-04-30 18:32:01,28.8337211608887,-17.7530498504639,"Unknown"
"5020562",379156,2026-04-30 18:33:01,28.8337516784668,-17.7530059814453,"Unknown"
"5020562",379156,2026-04-30 18:34:01,28.8338050842285,-17.7529563903809,"Unknown"
"5020562",379156,2026-04-30 18:35:01,28.8338394165039,-17.7529144287109,"Unknown"
"5020562",379156,2026-04-30 18:36:01,28.8339023590088,-17.7528762817383,"Unknown"
"5020562",379156,2026-04-30 18:37:01,28.8339710235596,-17.7528514862061,"Unknown"
"5020562",379156,2026-04-30 18:38:02,28.8340263366699,-17.752836227417,"Unknown"
"5020562",379156,2026-04-30 18:39:01,28.8340759277344,-17.7528228759766,"Unknown"
"5020562",379156,2026-04-30 18:40:02,28.834156036377,-17.7528095245361,"Unknown"
"5020562",379156,2026-04-30 18:41:01,28.8342170715332,-17.7528495788574,"Unknown"
"5020562",379156,2026-04-30 18:42:01,28.8342914581299,-17.7528743743896,"Unknown"
"5020562",379156,2026-04-30 18:43:01,28.8343620300293,-17.7528820037842,"Unknown"
"5020562",379156,2026-04-30 18:44:04,28.8344039916992,-17.7528800964355,"Unknown"
"5020562",379156,2026-04-30 18:45:03,28.8344860076904,-17.7528648376465,"Unknown"
"5020562",379156,2026-04-30 18:46:01,28.8345565795898,-17.7528686523438,"Unknown"
"5020562",379156,2026-04-30 18:47:01,28.8356456756592,-17.7524070739746,"Unknown"
"5020562",379156,2026-04-30 18:48:01,28.841682434082,-17.7524547576904,"Unknown"
"5020562",379156,2026-04-30 18:49:02,28.8432712554932,-17.7508087158203,"Unknown"
"5020562",379156,2026-04-30 18:50:01,28.8426780700684,-17.7504539489746,"Unknown"
"5020562",379156,2026-04-30 18:51:01,28.8426570892334,-17.7504253387451,"Unknown"
"5020562",379156,2026-04-30 18:52:01,28.8426647186279,-17.7504329681396,"Unknown"
"5020562",379156,2026-04-30 18:53:03,28.8434906005859,-17.749002456665,"Unknown"
"5020562",379156,2026-04-30 18:54:01,28.8419075012207,-17.7485733032227,"Unknown"
"5020562",379156,2026-04-30 18:55:03,28.8379096984863,-17.7498302459717,"Unknown"
"5020562",379156,2026-04-30 18:56:04,28.8347988128662,-17.7529296875,"Unknown"
"5020562",379156,2026-04-30 18:57:03,28.8348598480225,-17.7529067993164,"Unknown"
"5020562",379156,2026-04-30 18:58:04,28.8349285125732,-17.7529182434082,"Unknown"
"5020562",379156,2026-04-30 18:59:01,28.8349666595459,-17.7528839111328,"Unknown"
"5020562",379156,2026-04-30 19:00:01,28.8350391387939,-17.7528667449951,"Unknown"
"5020562",379156,2026-04-30 19:01:01,28.835090637207,-17.7528514862061,"Unknown"
"5020562",379156,2026-04-30 19:02:01,28.8351287841797,-17.7528247833252,"Unknown"
"5020562",379156,2026-04-30 19:03:01,28.8351573944092,-17.7528247833252,"Unknown"
"5020562",379156,2026-04-30 19:04:01,28.8351631164551,-17.7528095245361,"Unknown"
"5020562",379156,2026-04-30 19:05:01,28.8351783752441,-17.7528171539307,"Unknown"
"5020562",379156,2026-04-30 19:06:01,28.8352146148682,-17.7528438568115,"Unknown"
"5020562",379156,2026-04-30 19:07:01,28.8352375030518,-17.7528400421143,"Unknown"
"5020562",379156,2026-04-30 19:08:01,28.8352851867676,-17.7528820037842,"Unknown"
"5020562",379156,2026-04-30 19:09:01,28.8353099822998,-17.7528915405273,"Unknown"
"5020562",379156,2026-04-30 19:10:01,28.8353309631348,-17.7529048919678,"Unknown"
"5020562",379156,2026-04-30 19:11:01,28.8353462219238,-17.752893447876,"Unknown"
"5020562",379156,2026-04-30 19:12:01,28.835355758667,-17.7529010772705,"Unknown"
"5020562",379156,2026-04-30 19:13:01,28.8353691101074,-17.7529277801514,"Unknown"
"5020562",379156,2026-04-30 19:14:01,28.8353958129883,-17.7529335021973,"Unknown"
"5020562",379156,2026-04-30 19:15:02,28.8353996276855,-17.7529392242432,"Unknown"
"5020562",379156,2026-04-30 19:16:02,28.8354358673096,-17.7529239654541,"Unknown"
"5020562",379156,2026-04-30 19:17:02,28.8354244232178,-17.7529373168945,"Unknown"
"5020562",379156,2026-04-30 19:18:04,28.8354530334473,-17.7529411315918,"Unknown"
"5020562",379156,2026-04-30 19:19:33,28.8354835510254,-17.7529354095459,"Unknown"
"5020562",379156,2026-04-30 19:20:01,28.8354816436768,-17.7529487609863,"Unknown"
"5020562",379156,2026-04-30 19:21:01,28.8355140686035,-17.7529735565186,"Unknown"
"5020562",379156,2026-04-30 19:22:01,28.835506439209,-17.7529697418213,"Unknown"
"5020562",379156,2026-04-30 19:23:01,28.8355350494385,-17.7529678344727,"Unknown"
"5020562",379156,2026-04-30 19:24:01,28.8355369567871,-17.7529563903809,"Unknown"
"5020562",379156,2026-04-30 19:25:01,28.8355407714844,-17.7529544830322,"Unknown"
"5020562",379156,2026-04-30 19:26:01,28.8355674743652,-17.7529296875,"Unknown"
"5020562",379156,2026-04-30 19:27:01,28.8355846405029,-17.7529220581055,"Unknown"
"5020562",379156,2026-04-30 19:28:01,28.8355941772461,-17.7529258728027,"Unknown"
"5020562",379156,2026-04-30 19:29:01,28.8355865478516,-17.7529315948486,"Unknown"
"5020562",379156,2026-04-30 19:30:01,28.8356056213379,-17.7529182434082,"Unknown"
"5020562",379156,2026-04-30 19:31:01,28.8356132507324,-17.7528762817383,"Unknown"
"5020562",379156,2026-04-30 19:32:01,28.8356285095215,-17.7528610229492,"Unknown"
"5020562",379156,2026-04-30 19:33:01,28.8356323242188,-17.7528610229492,"Unknown"
"5020562",379156,2026-04-30 19:34:01,28.8356380462646,-17.7528419494629,"Unknown"
"5020562",379156,2026-04-30 19:35:00,28.8356456756592,-17.7528171539307,"Unknown"
"5020562",379156,2026-04-30 19:36:01,28.835657119751,-17.7528057098389,"Unknown"
"5020562",379156,2026-04-30 19:37:01,28.8356552124023,-17.7527637481689,"Unknown"
"5020562",379156,2026-04-30 19:38:01,28.8357028961182,-17.7527465820312,"Unknown"
"5020562",379156,2026-04-30 19:39:01,28.8357963562012,-17.7526912689209,"Unknown"
"5020562",379156,2026-04-30 19:40:01,28.8358211517334,-17.7526187896729,"Unknown"
"5020562",379156,2026-04-30 19:41:01,28.8358211517334,-17.7526187896729,"Unknown"
"5020562",379156,2026-04-30 19:42:01,28.8358116149902,-17.7526206970215,"Unknown"
"5020562",379156,2026-04-30 19:43:01,28.8358135223389,-17.7525997161865,"Unknown"
"5020562",379156,2026-04-30 19:44:01,28.8358211517334,-17.7525997161865,"Unknown"
"5020562",379156,2026-04-30 19:45:01,28.8358402252197,-17.7525825500488,"Unknown"
"5020562",379156,2026-04-30 19:46:01,28.8358535766602,-17.7525844573975,"Unknown"
"5020562",379156,2026-04-30 19:47:01,28.8358860015869,-17.7525577545166,"Unknown"
"5020562",379156,2026-04-30 19:48:01,28.8374366760254,-17.755054473877,"Unknown"
"5020562",379156,2026-04-30 19:49:01,28.8314628601074,-17.7550067901611,"Unknown"
"5020562",379156,2026-04-30 19:50:01,28.825252532959,-17.7547473907471,"Unknown"
"5020562",379156,2026-04-30 19:51:01,28.8185119628906,-17.754280090332,"Unknown"
"5020562",379156,2026-04-30 19:52:03,28.812463760376,-17.7514877319336,"Unknown"
"5020562",379156,2026-04-30 19:53:01,28.8066158294678,-17.7486038208008,"Unknown"
"5020562",379156,2026-04-30 19:54:01,28.8055477142334,-17.7471942901611,"Unknown"
"5020562",379156,2026-04-30 19:55:01,28.8056297302246,-17.7472171783447,"Unknown"
"5020562",379156,2026-04-30 19:56:01,28.8040599822998,-17.7475738525391,"Unknown"
"5020562",379156,2026-04-30 19:57:02,28.7977275848389,-17.7457981109619,"Unknown"
"5020562",379156,2026-04-30 19:58:01,28.7941932678223,-17.7416648864746,"Unknown"
"5020562",379156,2026-04-30 19:59:01,28.794319152832,-17.741662979126,"Unknown"
"5020562",379156,2026-04-30 20:00:01,28.7943592071533,-17.7416877746582,"Unknown"
"5020562",379156,2026-04-30 20:01:01,28.7944107055664,-17.7416820526123,"Unknown"
"5020562",379156,2026-04-30 20:02:01,28.7944755554199,-17.7416915893555,"Unknown"
"5020562",379156,2026-04-30 20:03:01,28.7945556640625,-17.7417507171631,"Unknown"
"5020562",379156,2026-04-30 20:04:01,28.7946090698242,-17.7417964935303,"Unknown"
"5020562",379156,2026-04-30 20:05:01,28.7946643829346,-17.7418689727783,"Unknown"
"5020562",379156,2026-04-30 20:06:01,28.7947406768799,-17.7418766021729,"Unknown"
"5020562",379156,2026-04-30 20:07:01,28.7948303222656,-17.74192237854,"Unknown"
"5020562",379156,2026-04-30 20:08:02,28.7949028015137,-17.7419490814209,"Unknown"
"5020562",379156,2026-04-30 20:09:02,28.7949562072754,-17.7419624328613,"Unknown"
"5020562",379156,2026-04-30 20:10:01,28.7950115203857,-17.7419986724854,"Unknown"
"5020562",379156,2026-04-30 20:11:01,28.7950668334961,-17.742015838623,"Unknown"
"5020562",379156,2026-04-30 20:12:00,28.7951221466064,-17.7420482635498,"Unknown"
"5020562",379156,2026-04-30 20:13:01,28.7951622009277,-17.7420539855957,"Unknown"
"5020562",379156,2026-04-30 20:14:01,28.7951984405518,-17.7421035766602,"Unknown"
"5020562",379156,2026-04-30 20:15:00,28.7952785491943,-17.7421360015869,"Unknown"
"5020562",379156,2026-04-30 20:16:02,28.7953567504883,-17.7421226501465,"Unknown"
"5020562",379156,2026-04-30 20:17:01,28.7954425811768,-17.7421112060547,"Unknown"
"5020562",379156,2026-04-30 20:18:02,28.7955455780029,-17.742073059082,"Unknown"
"5020562",379156,2026-04-30 20:19:01,28.7955951690674,-17.7420635223389,"Unknown"
"5020562",379156,2026-04-30 20:20:03,28.79567527771,-17.7420501708984,"Unknown"
"5020562",379156,2026-04-30 20:21:03,28.7957572937012,-17.7420310974121,"Unknown"
"5020562",379156,2026-04-30 20:22:03,28.7960815429688,-17.7419357299805,"Unknown"
"5020562",379156,2026-04-30 20:23:04,28.795223236084,-17.742582321167,"Unknown"
"5020562",379156,2026-04-30 20:24:01,28.7952613830566,-17.7426280975342,"Unknown"
"5020562",379156,2026-04-30 20:25:06,28.7953205108643,-17.7426643371582,"Unknown"
"5020562",379156,2026-04-30 20:26:01,28.7953815460205,-17.7427062988281,"Unknown"
"5020562",379156,2026-04-30 20:27:02,28.7954292297363,-17.7427043914795,"Unknown"
"5020562",379156,2026-04-30 20:28:03,28.7954845428467,-17.7427215576172,"Unknown"
"5020562",379156,2026-04-30 20:29:01,28.7955684661865,-17.7427425384521,"Unknown"
"5020562",379156,2026-04-30 20:30:01,28.7956352233887,-17.7427425384521,"Unknown"
"5020562",379156,2026-04-30 20:31:03,28.7957134246826,-17.7427501678467,"Unknown"
"5020562",379156,2026-04-30 20:32:03,28.7957382202148,-17.7427349090576,"Unknown"
"5020562",379156,2026-04-30 20:33:41,28.7958583831787,-17.742733001709,"Unknown"
"5020562",379156,2026-04-30 20:34:00,28.7958717346191,-17.7427368164062,"Unknown"
"5020562",379156,2026-04-30 20:35:00,28.7959098815918,-17.742712020874,"Unknown"
"5020562",379156,2026-04-30 20:36:00,28.7959423065186,-17.7426795959473,"Unknown"
"5020562",379156,2026-04-30 20:37:00,28.7959899902344,-17.742654800415,"Unknown"
"5020562",379156,2026-04-30 20:38:00,28.796049118042,-17.7426433563232,"Unknown"
"5020562",379156,2026-04-30 20:39:00,28.7960968017578,-17.7426128387451,"Unknown"
"5020562",379156,2026-04-30 20:40:00,28.7961463928223,-17.7425918579102,"Unknown"
"5020562",379156,2026-04-30 20:41:00,28.7961940765381,-17.7425498962402,"Unknown"
"5020562",379156,2026-04-30 20:42:00,28.7962188720703,-17.742525100708,"Unknown"
"5020562",379156,2026-04-30 20:43:00,28.7962417602539,-17.7424774169922,"Unknown"
"5020562",379156,2026-04-30 20:44:00,28.7962913513184,-17.7424373626709,"Unknown"
"5020562",379156,2026-04-30 20:45:00,28.7963314056396,-17.7424049377441,"Unknown"
"5020562",379156,2026-04-30 20:46:00,28.7963523864746,-17.7423667907715,"Unknown"
"5020562",379156,2026-04-30 20:47:01,28.7963848114014,-17.7423439025879,"Unknown"
"5020562",379156,2026-04-30 20:48:00,28.796422958374,-17.7423286437988,"Unknown"
"5020562",379156,2026-04-30 20:49:00,28.7964611053467,-17.7422885894775,"Unknown"
"5020562",379156,2026-04-30 20:50:00,28.796480178833,-17.7422504425049,"Unknown"
"5020562",379156,2026-04-30 20:51:00,28.796516418457,-17.7422142028809,"Unknown"
"5020562",379156,2026-04-30 20:52:00,28.7965850830078,-17.7421855926514,"Unknown"
"5020562",379156,2026-04-30 20:53:00,28.7930202484131,-17.7418899536133,"Unknown"
"5020562",379156,2026-04-30 20:54:01,28.786937713623,-17.7392559051514,"Unknown"
"5020562",379156,2026-04-30 20:55:00,28.7806549072266,-17.7368450164795,"Unknown"
"5020562",379156,2026-04-30 20:56:00,28.7748317718506,-17.733060836792,"Unknown"
"5020562",379156,2026-04-30 20:57:00,28.7742691040039,-17.7336826324463,"Unknown"
"5020562",379156,2026-04-30 20:58:00,28.7743396759033,-17.7336807250977,"Unknown"
"5020562",379156,2026-04-30 20:59:00,28.7743854522705,-17.7337284088135,"Unknown"
"5020562",379156,2026-04-30 21:00:01,28.7744483947754,-17.7337474822998,"Unknown"
"5020562",379156,2026-04-30 21:01:00,28.7745265960693,-17.7337417602539,"Unknown"
"5020562",379156,2026-04-30 21:02:01,28.7746105194092,-17.7337303161621,"Unknown"
"5020562",379156,2026-04-30 21:03:00,28.7746925354004,-17.7337131500244,"Unknown"
"5020562",379156,2026-04-30 21:04:01,28.7747364044189,-17.7337074279785,"Unknown"
"5020562",379156,2026-04-30 21:05:01,28.7747936248779,-17.733715057373,"Unknown"
"5020562",379156,2026-04-30 21:06:02,28.7748565673828,-17.7337207794189,"Unknown"
"5020562",379156,2026-04-30 21:07:00,28.7749309539795,-17.733699798584,"Unknown"
"5020562",379156,2026-04-30 21:08:00,28.7750053405762,-17.7337379455566,"Unknown"
"5020562",379156,2026-04-30 21:09:00,28.7751197814941,-17.7337589263916,"Unknown"
"5020562",379156,2026-04-30 21:10:00,28.7752017974854,-17.733772277832,"Unknown"
"5020562",379156,2026-04-30 21:11:01,28.7752246856689,-17.7337608337402,"Unknown"
"5020562",379156,2026-04-30 21:12:00,28.775276184082,-17.7337875366211,"Unknown"
"5020562",379156,2026-04-30 21:13:00,28.7754001617432,-17.733757019043,"Unknown"
"5020562",379156,2026-04-30 21:14:01,28.7754898071289,-17.7337341308594,"Unknown"
"5020562",379156,2026-04-30 21:15:00,28.7756233215332,-17.7337322235107,"Unknown"
"5020562",379156,2026-04-30 21:16:00,28.7757434844971,-17.7337017059326,"Unknown"
"5020562",379156,2026-04-30 21:17:00,28.7758769989014,-17.7337169647217,"Unknown"
"5020562",379156,2026-04-30 21:18:01,28.7759456634521,-17.7337093353271,"Unknown"
"5020562",379156,2026-04-30 21:19:01,28.7760391235352,-17.7337265014648,"Unknown"
"5020562",379156,2026-04-30 21:20:01,28.7761287689209,-17.7337207794189,"Unknown"
"5020562",379156,2026-04-30 21:21:01,28.7762298583984,-17.7337074279785,"Unknown"
"5020562",379156,2026-04-30 21:22:01,28.7763156890869,-17.7337226867676,"Unknown"
"5020562",379156,2026-04-30 21:23:00,28.7763938903809,-17.7337017059326,"Unknown"
"5020562",379156,2026-04-30 21:24:02,28.7764701843262,-17.7336750030518,"Unknown"
"5020562",379156,2026-04-30 21:25:00,28.7765159606934,-17.7336521148682,"Unknown"
"5020562",379156,2026-04-30 21:26:00,28.7765331268311,-17.733585357666,"Unknown"
"5020562",379156,2026-04-30 21:27:00,28.7766094207764,-17.7335815429688,"Unknown"
"5020562",379156,2026-04-30 21:28:00,28.7766189575195,-17.7335433959961,"Unknown"
"5020562",379156,2026-04-30 21:29:01,28.7766933441162,-17.733570098877,"Unknown"
"5020562",379156,2026-04-30 21:30:01,28.776741027832,-17.7335567474365,"Unknown"
"5020562",379156,2026-04-30 21:31:00,28.776782989502,-17.7335453033447,"Unknown"
"5020562",379156,2026-04-30 21:32:01,28.7768421173096,-17.7335567474365,"Unknown"
"5020562",379156,2026-04-30 21:33:01,28.7769088745117,-17.7335357666016,"Unknown"
"5020562",379156,2026-04-30 21:34:01,28.7769775390625,-17.7335395812988,"Unknown"
"5020562",379156,2026-04-30 21:35:01,28.7762966156006,-17.7333354949951,"Unknown"
"5020562",379156,2026-04-30 21:36:00,28.7714881896973,-17.7317600250244,"Unknown"
"5020562",379156,2026-04-30 21:37:00,28.7654209136963,-17.7286033630371,"Unknown"
"5020562",379156,2026-04-30 21:38:00,28.7589797973633,-17.7257270812988,"Unknown"
"5020562",379156,2026-04-30 21:39:00,28.7521419525146,-17.7225685119629,"Unknown"
"5020562",379156,2026-04-30 21:40:01,28.7457332611084,-17.7202777862549,"Unknown"
"5020562",379156,2026-04-30 21:45:01,28.7102794647217,-17.7209644317627,"Unknown"
"5020562",379156,2026-04-30 21:50:03,28.6844348907471,-17.7457141876221,"Unknown"
"5020562",379156,2026-04-30 21:55:03,28.6979923248291,-17.7516860961914,"Unknown"
"5020562",379156,2026-04-30 21:56:01,28.6982116699219,-17.751314163208,"Unknown"
"5020562",379156,2026-04-30 21:57:03,28.6991958618164,-17.7483310699463,"Unknown"
"5020562",379156,2026-04-30 21:58:00,28.6999092102051,-17.7485313415527,"Unknown"
"5020562",379156,2026-04-30 21:59:09,28.7012519836426,-17.743522644043,"Unknown"
"5020562",379156,2026-04-30 22:00:09,28.7015323638916,-17.7452449798584,"Unknown"
"5020562",379156,2026-04-30 22:01:00,28.7031097412109,-17.745454788208,"Unknown"
"5020562",379156,2026-04-30 22:02:01,28.7060871124268,-17.749116897583,"Unknown"
"5020562",379156,2026-04-30 22:03:01,28.7066802978516,-17.7513637542725,"Unknown"
"5020562",379156,2026-04-30 22:04:01,28.7068920135498,-17.7511901855469,"Unknown"
"5020562",379156,2026-04-30 22:05:00,28.7093486785889,-17.7554359436035,"Unknown"
"5020562",379156,2026-04-30 22:06:00,28.7156200408936,-17.7591648101807,"Unknown"
"5020562",379156,2026-04-30 22:08:26,28.7208976745605,-17.7656669616699,"Unknown"
"5020562",379156,2026-04-30 22:09:36,28.720760345459,-17.7654209136963,"Unknown"
"5020562",379156,2026-04-30 22:09:37,28.7207508087158,-17.7653846740723,"Unknown"
"5020562",379156,2026-05-01 05:23:03,28.7178897857666,-17.7201328277588,"Unknown"
"5020562",379156,2026-05-01 05:32:33,28.7182102203369,-17.719352722168,"Unknown"
"5020562",379156,2026-05-01 05:42:32,28.7253398895264,-17.7171993255615,"Unknown"
"5020562",379156,2026-05-01 05:52:32,28.7339668273926,-17.7131881713867,"Unknown"
"5020562",379156,2026-05-01 06:02:32,28.7400016784668,-17.7133960723877,"Unknown"
"5020562",379156,2026-05-01 06:12:32,28.7487525939941,-17.7086124420166,"Unknown"
"5020562",379156,2026-05-01 06:22:32,28.749963760376,-17.7079181671143,"Unknown"
"5020562",379156,2026-05-01 06:32:32,28.751293182373,-17.707447052002,"Unknown"
"5020562",379156,2026-05-01 06:42:32,28.7604866027832,-17.7131385803223,"Unknown"
"5020562",379156,2026-05-01 06:52:33,28.7814674377441,-17.7368679046631,"Unknown"
"5020562",379156,2026-05-01 07:02:38,28.77170753479,-17.7315540313721,"Unknown"
"5020562",379156,2026-05-01 07:12:33,28.7875709533691,-17.7274551391602,"Unknown"
"5020562",379156,2026-05-01 07:22:33,28.8019275665283,-17.7493495941162,"Unknown"
"5020562",379156,2026-05-01 07:32:33,28.8024921417236,-17.7466526031494,"Unknown"
"5020562",379156,2026-05-01 07:42:36,28.7889823913574,-17.7397155761719,"Unknown"
"5020562",379156,2026-05-01 07:53:03,28.7860660552979,-17.7290077209473,"Unknown"
"5020562",379156,2026-05-01 08:02:33,28.770959854126,-17.7307090759277,"Unknown"
"5020562",379156,2026-05-01 08:12:33,28.7697124481201,-17.7263793945312,"Unknown"
"5020562",379156,2026-05-01 08:22:33,28.7642631530762,-17.7129764556885,"Unknown"
"5020562",379156,2026-05-01 08:32:33,28.7649765014648,-17.7129974365234,"Unknown"
"5020562",379156,2026-05-01 08:42:33,28.7710781097412,-17.7137260437012,"Unknown"
"5020562",379156,2026-05-01 08:52:33,28.7769794464111,-17.7034244537354,"Unknown"
"5020562",379156,2026-05-01 08:57:33,28.7833824157715,-17.7061080932617,"Unknown"
"5020562",379156,2026-05-01 09:02:33,28.7838516235352,-17.7232036590576,"Unknown"
"5020562",379156,2026-05-01 09:07:34,28.8052616119385,-17.7508869171143,"Unknown"
"5020562",379156,2026-05-01 09:12:33,28.8356304168701,-17.7672882080078,"Unknown"
"5020562",379156,2026-05-01 09:13:33,28.8397216796875,-17.7705631256104,"Unknown"
"5020562",379156,2026-05-01 09:14:33,28.8393516540527,-17.7651653289795,"Unknown"
"5020562",379156,2026-05-01 09:15:33,28.840051651001,-17.7643928527832,"Unknown"
"5020562",379156,2026-05-01 09:16:33,28.8401832580566,-17.7644233703613,"Unknown"
"5020562",379156,2026-05-01 09:17:33,28.8403263092041,-17.7644577026367,"Unknown"
"5020562",379156,2026-05-01 09:18:33,28.8404445648193,-17.7645168304443,"Unknown"
"5020562",379156,2026-05-01 09:19:33,28.8393039703369,-17.7653274536133,"Unknown"
"5020562",379156,2026-05-01 09:20:33,28.8393745422363,-17.7654285430908,"Unknown"
"5020562",379156,2026-05-01 09:21:33,28.8394260406494,-17.765567779541,"Unknown"
"5020562",379156,2026-05-01 09:22:33,28.8395347595215,-17.7657108306885,"Unknown"
"5020562",379156,2026-05-01 09:23:35,28.8413925170898,-17.7708358764648,"Unknown"
"5020562",379156,2026-05-01 09:24:33,28.8440132141113,-17.7773094177246,"Unknown"
"5020562",379156,2026-05-01 09:25:33,28.8468570709229,-17.78590965271,"Unknown"
"5020562",379156,2026-05-01 09:26:33,28.8504276275635,-17.7874317169189,"Unknown"
"5020562",379156,2026-05-01 09:27:33,28.8519802093506,-17.7869415283203,"Unknown"
"5020562",379156,2026-05-01 09:28:33,28.8519859313965,-17.7868957519531,"Unknown"
"5020562",379156,2026-05-01 09:29:33,28.856653213501,-17.7910823822021,"Unknown"
"5020562",379156,2026-05-01 09:30:33,28.8589630126953,-17.7920169830322,"Unknown"
"5020562",379156,2026-05-01 09:31:33,28.8590068817139,-17.7920093536377,"Unknown"
"5020562",379156,2026-05-01 09:32:33,28.8590278625488,-17.7920093536377,"Unknown"
"5020562",379156,2026-05-01 09:33:33,28.8590831756592,-17.7919788360596,"Unknown"
"5020562",379156,2026-05-01 09:34:33,28.859130859375,-17.7919769287109,"Unknown"
"5020562",379156,2026-05-01 09:35:33,28.8591766357422,-17.7919731140137,"Unknown"
"5020562",379156,2026-05-01 09:36:35,28.859224319458,-17.7919425964355,"Unknown"
"5020562",379156,2026-05-01 09:37:34,28.8602657318115,-17.7895774841309,"Unknown"
"5020562",379156,2026-05-01 09:38:33,28.859884262085,-17.7846069335938,"Unknown"
"5020562",379156,2026-05-01 09:39:34,28.8575839996338,-17.7807731628418,"Unknown"
"5020562",379156,2026-05-01 09:40:35,28.8532180786133,-17.7800960540771,"Unknown"
"5020562",379156,2026-05-01 09:41:35,28.8502445220947,-17.7767372131348,"Unknown"
"5020562",379156,2026-05-01 09:42:33,28.8511791229248,-17.7711086273193,"Unknown"
"5020562",379156,2026-05-01 09:43:35,28.8508262634277,-17.7656803131104,"Unknown"
"5020562",379156,2026-05-01 09:44:33,28.852331161499,-17.7601890563965,"Unknown"
"5020562",379156,2026-05-01 09:45:33,28.8547401428223,-17.7556285858154,"Unknown"
"5020562",379156,2026-05-01 09:46:33,28.8585186004639,-17.7505722045898,"Unknown"
"5020562",379156,2026-05-01 09:47:36,28.8627185821533,-17.7451457977295,"Unknown"
"5020562",379156,2026-05-01 09:48:35,28.8667488098145,-17.7411708831787,"Unknown"
"5020562",379156,2026-05-01 09:53:34,28.8747177124023,-17.7415466308594,"Unknown"
"5020562",379156,2026-05-01 09:58:36,28.8713798522949,-17.7366027832031,"Unknown"
"5020562",379156,2026-05-01 10:04:58,28.8673038482666,-17.7309494018555,"Unknown"
"5020562",379156,2026-05-01 10:09:58,28.8654117584229,-17.7248954772949,"Unknown"
"5020562",379156,2026-05-01 10:14:59,28.8631343841553,-17.7202281951904,"Unknown"
"5020562",379156,2026-05-01 10:19:03,28.8639469146729,-17.7187786102295,"Unknown"
"5020562",379156,2026-05-01 10:23:34,28.8660202026367,-17.7224273681641,"Unknown"
"5020562",379156,2026-05-01 10:28:34,28.8644409179688,-17.7192668914795,"Unknown"
"5020562",379156,2026-05-01 10:33:34,28.8649215698242,-17.7195816040039,"Unknown"
"5020562",379156,2026-05-01 10:38:34,28.8653526306152,-17.719898223877,"Unknown"
"5020562",379156,2026-05-01 10:43:34,28.8659954071045,-17.7202129364014,"Unknown"
"5020562",379156,2026-05-01 10:48:33,28.8665599822998,-17.7210350036621,"Unknown"
"5020562",379156,2026-05-01 10:53:34,28.8667869567871,-17.7215480804443,"Unknown"
"5020562",379156,2026-05-01 10:58:34,28.8670387268066,-17.7222118377686,"Unknown"
"5020562",379156,2026-05-01 11:03:34,28.8672161102295,-17.7228317260742,"Unknown"
"5020562",379156,2026-05-01 11:08:34,28.8673877716064,-17.7234134674072,"Unknown"
"5020562",379156,2026-05-01 11:13:34,28.8677711486816,-17.7239074707031,"Unknown"
"5020562",379156,2026-05-01 11:18:34,28.8680801391602,-17.7246398925781,"Unknown"
"5020562",379156,2026-05-01 11:23:34,28.8683490753174,-17.72536277771,"Unknown"
"5020562",379156,2026-05-01 11:28:34,28.8687324523926,-17.7257976531982,"Unknown"
"5020562",379156,2026-05-01 11:33:34,28.8691368103027,-17.7263107299805,"Unknown"
"5020562",379156,2026-05-01 11:38:34,28.8698539733887,-17.7268447875977,"Unknown"
"5020562",379156,2026-05-01 11:43:35,28.8703689575195,-17.7274055480957,"Unknown"
"5020562",379156,2026-05-01 11:48:34,28.8710346221924,-17.7278671264648,"Unknown"
"5020562",379156,2026-05-01 11:53:35,28.8694705963135,-17.7475929260254,"Unknown"
"5020562",379156,2026-05-01 11:58:35,28.8648052215576,-17.7471904754639,"Unknown"
"5020562",379156,2026-05-01 12:03:36,28.8609714508057,-17.746675491333,"Unknown"
"5020562",379156,2026-05-01 12:08:34,28.8575916290283,-17.7433547973633,"Unknown"
"5020562",379156,2026-05-01 12:09:34,28.8576545715332,-17.7434196472168,"Unknown"
"5020562",379156,2026-05-01 12:10:34,28.8577175140381,-17.7434787750244,"Unknown"
"5020562",379156,2026-05-01 12:11:34,28.8578071594238,-17.7435207366943,"Unknown"
"5020562",379156,2026-05-01 12:12:34,28.8579044342041,-17.7435741424561,"Unknown"
"5020562",379156,2026-05-01 12:13:35,28.8580074310303,-17.7436428070068,"Unknown"
"5020562",379156,2026-05-01 12:14:35,28.858118057251,-17.743709564209,"Unknown"
"5020562",379156,2026-05-01 12:15:34,28.8582172393799,-17.7437686920166,"Unknown"
"5020562",379156,2026-05-01 12:16:36,28.8583068847656,-17.7438163757324,"Unknown"
"5020562",379156,2026-05-01 12:17:34,28.8584117889404,-17.7438869476318,"Unknown"
"5020562",379156,2026-05-01 12:18:34,28.8584938049316,-17.7439556121826,"Unknown"
"5020562",379156,2026-05-01 12:19:34,28.8585929870605,-17.744010925293,"Unknown"
"5020562",379156,2026-05-01 12:20:35,28.8586807250977,-17.7440433502197,"Unknown"
"5020562",379156,2026-05-01 12:21:34,28.8587970733643,-17.7441139221191,"Unknown"
"5020562",379156,2026-05-01 12:22:36,28.858865737915,-17.7441635131836,"Unknown"
"5020562",379156,2026-05-01 12:23:35,28.8589782714844,-17.744234085083,"Unknown"
"5020562",379156,2026-05-01 12:24:34,28.8590641021729,-17.7443161010742,"Unknown"
"5020562",379156,2026-05-01 12:25:34,28.8591575622559,-17.7443866729736,"Unknown"
"5020562",379156,2026-05-01 12:26:34,28.8592586517334,-17.7444534301758,"Unknown"
"5020562",379156,2026-05-01 12:27:36,28.8593330383301,-17.7445430755615,"Unknown"
"5020562",379156,2026-05-01 12:28:35,28.8594570159912,-17.7446193695068,"Unknown"
"5020562",379156,2026-05-01 12:29:36,28.859525680542,-17.7446765899658,"Unknown"
"5020562",379156,2026-05-01 12:30:34,28.8596019744873,-17.7447624206543,"Unknown"
"5020562",379156,2026-05-01 12:31:36,28.861026763916,-17.7437419891357,"Unknown"
"5020562",379156,2026-05-01 12:32:34,28.8611259460449,-17.743824005127,"Unknown"
"5020562",379156,2026-05-01 12:33:34,28.8611965179443,-17.7438945770264,"Unknown"
"5020562",379156,2026-05-01 12:34:34,28.8613052368164,-17.7440032958984,"Unknown"
"5020562",379156,2026-05-01 12:35:34,28.8613777160645,-17.7441082000732,"Unknown"
"5020562",379156,2026-05-01 12:36:35,28.8614883422852,-17.7442035675049,"Unknown"
"5020562",379156,2026-05-01 12:37:36,28.8615970611572,-17.7442226409912,"Unknown"
"5020562",379156,2026-05-01 12:38:35,28.8617057800293,-17.7442512512207,"Unknown"
"5020562",379156,2026-05-01 12:39:35,28.86181640625,-17.7442836761475,"Unknown"
"5020562",379156,2026-05-01 12:40:36,28.861873626709,-17.7442970275879,"Unknown"
"5020562",379156,2026-05-01 12:41:37,28.8619213104248,-17.7443161010742,"Unknown"
"5020562",379156,2026-05-01 12:42:36,28.8620471954346,-17.7443656921387,"Unknown"
"5020562",379156,2026-05-01 12:43:35,28.8622417449951,-17.7444400787354,"Unknown"
"5020562",379156,2026-05-01 12:48:36,28.8628025054932,-17.7446899414062,"Unknown"
"5020562",379156,2026-05-01 12:53:35,28.8633995056152,-17.7450485229492,"Unknown"
"5020562",379156,2026-05-01 12:58:36,28.864200592041,-17.7454776763916,"Unknown"
"5020562",379156,2026-05-01 13:03:36,28.8649063110352,-17.7457942962646,"Unknown"
"5020562",379156,2026-05-01 13:08:39,28.8654289245605,-17.7461204528809,"Unknown"
"5020562",379156,2026-05-01 13:13:37,28.8660354614258,-17.7465400695801,"Unknown"
"5020562",379156,2026-05-01 13:19:03,28.8666973114014,-17.7470779418945,"Unknown"
"5020562",379156,2026-05-01 13:23:34,28.867317199707,-17.7475566864014,"Unknown"
"5020562",379156,2026-05-01 13:28:35,28.868127822876,-17.7478485107422,"Unknown"
"5020562",379156,2026-05-01 13:33:34,28.8688182830811,-17.7484951019287,"Unknown"
"5020562",379156,2026-05-01 13:38:34,28.8696002960205,-17.7489643096924,"Unknown"
"5020562",379156,2026-05-01 13:43:34,28.8750228881836,-17.740161895752,"Unknown"
"5020562",379156,2026-05-01 13:48:34,28.8772983551025,-17.7197017669678,"Unknown"
"5020562",379156,2026-05-01 13:53:34,28.8757743835449,-17.7203998565674,"Unknown"
"5020562",379156,2026-05-01 13:58:34,28.8744621276855,-17.723180770874,"Unknown"
"5020562",379156,2026-05-01 14:03:34,28.8715858459473,-17.7262630462646,"Unknown"
"5020562",379156,2026-05-01 14:08:36,28.8648471832275,-17.7302303314209,"Unknown"
"5020562",379156,2026-05-01 14:13:34,28.8628940582275,-17.7322978973389,"Unknown"
"5020562",379156,2026-05-01 14:18:34,28.855863571167,-17.7357006072998,"Unknown"
"5020562",379156,2026-05-01 14:23:34,28.8556842803955,-17.7384471893311,"Unknown"
"5020562",379156,2026-05-01 14:24:34,28.8558235168457,-17.7385578155518,"Unknown"
"5020562",379156,2026-05-01 14:25:34,28.8559398651123,-17.7387142181396,"Unknown"
"5020562",379156,2026-05-01 14:26:34,28.854434967041,-17.7404918670654,"Unknown"
"5020562",379156,2026-05-01 14:27:34,28.8512725830078,-17.7454109191895,"Unknown"
"5020562",379156,2026-05-01 14:28:34,28.8500938415527,-17.7462177276611,"Unknown"
"5020562",379156,2026-05-01 14:29:34,28.8502388000488,-17.7463493347168,"Unknown"
"5020562",379156,2026-05-01 14:30:34,28.8504066467285,-17.746524810791,"Unknown"
"5020562",379156,2026-05-01 14:31:34,28.8505783081055,-17.7466678619385,"Unknown"
"5020562",379156,2026-05-01 14:32:34,28.8507232666016,-17.7468128204346,"Unknown"
"5020562",379156,2026-05-01 14:33:34,28.8508796691895,-17.7469635009766,"Unknown"
"5020562",379156,2026-05-01 14:34:34,28.8510360717773,-17.7470798492432,"Unknown"
"5020562",379156,2026-05-01 14:35:34,28.851203918457,-17.747200012207,"Unknown"
"5020562",379156,2026-05-01 14:36:34,28.8513565063477,-17.7473487854004,"Unknown"
"5020562",379156,2026-05-01 14:37:34,28.851541519165,-17.747486114502,"Unknown"
"5020562",379156,2026-05-01 14:38:34,28.8517112731934,-17.7476387023926,"Unknown"
"5020562",379156,2026-05-01 14:39:34,28.8518943786621,-17.7477798461914,"Unknown"
"5020562",379156,2026-05-01 14:40:34,28.8520965576172,-17.7479209899902,"Unknown"
"5020562",379156,2026-05-01 14:41:34,28.8522758483887,-17.7480297088623,"Unknown"
"5020562",379156,2026-05-01 14:42:34,28.8524589538574,-17.748176574707,"Unknown"
"5020562",379156,2026-05-01 14:43:34,28.8526782989502,-17.7483463287354,"Unknown"
"5020562",379156,2026-05-01 14:44:34,28.8528442382812,-17.7484817504883,"Unknown"
"5020562",379156,2026-05-01 14:45:34,28.8530502319336,-17.7486267089844,"Unknown"
"5020562",379156,2026-05-01 14:46:35,28.8532238006592,-17.7487487792969,"Unknown"
"5020562",379156,2026-05-01 14:47:34,28.8534317016602,-17.7489166259766,"Unknown"
"5020562",379156,2026-05-01 14:48:34,28.8535861968994,-17.7490577697754,"Unknown"
"5020562",379156,2026-05-01 14:49:34,28.8537635803223,-17.7491607666016,"Unknown"
"5020562",379156,2026-05-01 14:50:34,28.8512687683105,-17.7477531433105,"Unknown"
"5020562",379156,2026-05-01 14:51:35,28.8464889526367,-17.7450542449951,"Unknown"
"5020562",379156,2026-05-01 14:52:34,28.8427886962891,-17.7434349060059,"Unknown"
"5020562",379156,2026-05-01 14:53:34,28.8428153991699,-17.7434310913086,"Unknown"
"5020562",379156,2026-05-01 14:54:34,28.8428707122803,-17.7434730529785,"Unknown"
"5020562",379156,2026-05-01 14:55:34,28.842321395874,-17.7438201904297,"Unknown"
"5020562",379156,2026-05-01 14:56:34,28.8415775299072,-17.7441158294678,"Unknown"
"5020562",379156,2026-05-01 14:57:34,28.8411674499512,-17.7430992126465,"Unknown"
"5020562",379156,2026-05-01 14:58:34,28.8413600921631,-17.7432403564453,"Unknown"
"5020562",379156,2026-05-01 14:59:34,28.8415546417236,-17.7433395385742,"Unknown"
"5020562",379156,2026-05-01 15:00:34,28.8417491912842,-17.7434387207031,"Unknown"
"5020562",379156,2026-05-01 15:01:34,28.8419456481934,-17.7435321807861,"Unknown"
"5020562",379156,2026-05-01 15:02:35,28.8397426605225,-17.7437629699707,"Unknown"
"5020562",379156,2026-05-01 15:03:34,28.8387184143066,-17.7436561584473,"Unknown"
"5020562",379156,2026-05-01 15:04:35,28.8388710021973,-17.7437629699707,"Unknown"
"5020562",379156,2026-05-01 15:05:35,28.8390426635742,-17.7438774108887,"Unknown"
"5020562",379156,2026-05-01 15:06:34,28.8392181396484,-17.7439785003662,"Unknown"
"5020562",379156,2026-05-01 15:07:35,28.8360843658447,-17.7455387115479,"Unknown"
"5020562",379156,2026-05-01 15:08:34,28.8358879089355,-17.7457294464111,"Unknown"
"5020562",379156,2026-05-01 15:09:36,28.8355350494385,-17.7451953887939,"Unknown"
"5020562",379156,2026-05-01 15:10:35,28.8357009887695,-17.7452278137207,"Unknown"
"5020562",379156,2026-05-01 15:11:36,28.8351726531982,-17.744556427002,"Unknown"
"5020562",379156,2026-05-01 15:13:03,28.8351936340332,-17.7440814971924,"Unknown"
"5020562",379156,2026-05-01 15:13:34,28.8352756500244,-17.7441539764404,"Unknown"
"5020562",379156,2026-05-01 15:14:34,28.8343544006348,-17.7434501647949,"Unknown"
"5020562",379156,2026-05-01 15:15:34,28.8345718383789,-17.7434768676758,"Unknown"
"5020562",379156,2026-05-01 15:16:39,28.8337383270264,-17.7438888549805,"Unknown"
"5020562",379156,2026-05-01 15:17:52,28.8336524963379,-17.743257522583,"Unknown"
"5020562",379156,2026-05-01 15:18:52,28.8338584899902,-17.7433853149414,"Unknown"
"5020562",379156,2026-05-01 15:19:52,28.8335399627686,-17.7433834075928,"Unknown"
"5020562",379156,2026-05-01 15:20:52,28.8330707550049,-17.7415714263916,"Unknown"
"5020562",379156,2026-05-01 15:21:52,28.8313674926758,-17.7431945800781,"Unknown"
"5020562",379156,2026-05-01 15:22:52,28.8314361572266,-17.7435741424561,"Unknown"
"5020562",379156,2026-05-01 15:23:52,28.8343982696533,-17.7465591430664,"Unknown"
"5020562",379156,2026-05-01 15:24:52,28.8353233337402,-17.745906829834,"Unknown"
"5020562",379156,2026-05-01 15:25:52,28.837251663208,-17.7452259063721,"Unknown"
"5020562",379156,2026-05-01 15:26:53,28.8394546508789,-17.7459030151367,"Unknown"
"5020562",379156,2026-05-01 15:27:52,28.8397369384766,-17.7458343505859,"Unknown"
"5020562",379156,2026-05-01 15:28:52,28.8410778045654,-17.7455978393555,"Unknown"
"5020562",379156,2026-05-01 15:29:52,28.8413028717041,-17.745698928833,"Unknown"
"5020562",379156,2026-05-01 15:30:52,28.8415508270264,-17.7458171844482,"Unknown"
"5020562",379156,2026-05-01 15:31:52,28.8417129516602,-17.7459907531738,"Unknown"
"5020562",379156,2026-05-01 15:32:52,28.8418922424316,-17.7461261749268,"Unknown"
"5020562",379156,2026-05-01 15:33:52,28.8420829772949,-17.7462463378906,"Unknown"
"5020562",379156,2026-05-01 15:34:52,28.8422451019287,-17.7463569641113,"Unknown"
"5020562",379156,2026-05-01 15:35:52,28.8424072265625,-17.7464447021484,"Unknown"
"5020562",379156,2026-05-01 15:36:53,28.8425960540771,-17.7465286254883,"Unknown"
"5020562",379156,2026-05-01 15:37:52,28.8427352905273,-17.7466163635254,"Unknown"
"5020562",379156,2026-05-01 15:38:52,28.8428821563721,-17.7467041015625,"Unknown"
"5020562",379156,2026-05-01 15:39:52,28.8430480957031,-17.7467880249023,"Unknown"
"5020562",379156,2026-05-01 15:40:52,28.843240737915,-17.746883392334,"Unknown"
"5020562",379156,2026-05-01 15:41:52,28.8434181213379,-17.7469749450684,"Unknown"
"5020562",379156,2026-05-01 15:42:52,28.8436031341553,-17.7470607757568,"Unknown"
"5020562",379156,2026-05-01 15:43:52,28.8437843322754,-17.7471237182617,"Unknown"
"5020562",379156,2026-05-01 15:44:52,28.843957901001,-17.7472476959229,"Unknown"
"5020562",379156,2026-05-01 15:45:52,28.8441143035889,-17.7473373413086,"Unknown"
"5020562",379156,2026-05-01 15:46:52,28.8442974090576,-17.7474098205566,"Unknown"
"5020562",379156,2026-05-01 15:47:52,28.8444557189941,-17.7474956512451,"Unknown"
"5020562",379156,2026-05-01 15:48:53,28.844633102417,-17.7475891113281,"Unknown"
"5020562",379156,2026-05-01 15:49:53,28.8439331054688,-17.7476234436035,"Unknown"
"5020562",379156,2026-05-01 15:50:52,28.8398361206055,-17.7507095336914,"Unknown"
"5020562",379156,2026-05-01 15:51:53,28.8362979888916,-17.7564258575439,"Unknown"
"5020562",379156,2026-05-01 15:52:53,28.8362808227539,-17.7631435394287,"Unknown"
"5020562",379156,2026-05-01 15:53:52,28.8365364074707,-17.7655086517334,"Unknown"
"5020562",379156,2026-05-01 15:54:52,28.8367366790771,-17.7655963897705,"Unknown"
"5020562",379156,2026-05-01 15:55:52,28.8369407653809,-17.7656764984131,"Unknown"
"5020562",379156,2026-05-01 15:56:52,28.8371391296387,-17.7657566070557,"Unknown"
"5020562",379156,2026-05-01 15:57:54,28.8373374938965,-17.7658443450928,"Unknown"
"5020562",379156,2026-05-01 15:58:52,28.8375244140625,-17.7659130096436,"Unknown"
"5020562",379156,2026-05-01 15:59:52,28.8377113342285,-17.7659568786621,"Unknown"
"5020562",379156,2026-05-01 16:00:52,28.8379230499268,-17.7660465240479,"Unknown"
"5020562",379156,2026-05-01 16:01:52,28.8380889892578,-17.7660942077637,"Unknown"
"5020562",379156,2026-05-01 16:02:52,28.8382968902588,-17.766170501709,"Unknown"
"5020562",379156,2026-05-01 16:03:52,28.8384666442871,-17.7662315368652,"Unknown"
"5020562",379156,2026-05-01 16:04:52,28.8386421203613,-17.7662963867188,"Unknown"
"5020562",379156,2026-05-01 16:05:52,28.8388347625732,-17.76633644104,"Unknown"
"5020562",379156,2026-05-01 16:06:52,28.8389911651611,-17.7663822174072,"Unknown"
"5020562",379156,2026-05-01 16:07:53,28.839168548584,-17.7664623260498,"Unknown"
"5020562",379156,2026-05-01 16:08:53,28.8393650054932,-17.7665061950684,"Unknown"
"5020562",379156,2026-05-01 16:09:52,28.8395309448242,-17.7664737701416,"Unknown"
"5020562",379156,2026-05-01 16:10:52,28.8397026062012,-17.7665939331055,"Unknown"
"5020562",379156,2026-05-01 16:11:53,28.839900970459,-17.7666244506836,"Unknown"
"5020562",379156,2026-05-01 16:12:54,28.8400745391846,-17.7666816711426,"Unknown"
"5020562",379156,2026-05-01 16:13:52,28.8402576446533,-17.7667293548584,"Unknown"
"5020562",379156,2026-05-01 16:14:52,28.840503692627,-17.7667922973633,"Unknown"
"5020562",379156,2026-05-01 16:15:52,28.8406944274902,-17.7668399810791,"Unknown"
"5020562",379156,2026-05-01 16:16:53,28.8408851623535,-17.766918182373,"Unknown"
"5020562",379156,2026-05-01 16:17:52,28.8410549163818,-17.7669696807861,"Unknown"
"5020562",379156,2026-05-01 16:18:54,28.8412704467773,-17.7670307159424,"Unknown"
"5020562",379156,2026-05-01 16:19:52,28.8414440155029,-17.7670803070068,"Unknown"
"5020562",379156,2026-05-01 16:20:52,28.8416728973389,-17.767126083374,"Unknown"
"5020562",379156,2026-05-01 16:21:52,28.8418369293213,-17.767183303833,"Unknown"
"5020562",379156,2026-05-01 16:22:53,28.8420352935791,-17.7672576904297,"Unknown"
"5020562",379156,2026-05-01 16:23:53,28.8422050476074,-17.7673587799072,"Unknown"
"5020562",379156,2026-05-01 16:24:53,28.842357635498,-17.7674026489258,"Unknown"
"5020562",379156,2026-05-01 16:25:52,28.8425598144531,-17.7674732208252,"Unknown"
"5020562",379156,2026-05-01 16:26:52,28.8427143096924,-17.7675151824951,"Unknown"
"5020562",379156,2026-05-01 16:27:53,28.8429050445557,-17.7675685882568,"Unknown"
"5020562",379156,2026-05-01 16:28:53,28.843090057373,-17.7676239013672,"Unknown"
"5020562",379156,2026-05-01 16:29:52,28.8432598114014,-17.7676658630371,"Unknown"
"5020562",379156,2026-05-01 16:30:53,28.8434638977051,-17.7677268981934,"Unknown"
"5020562",379156,2026-05-01 16:31:53,28.8436298370361,-17.7677879333496,"Unknown"
"5020562",379156,2026-05-01 16:32:53,28.8438282012939,-17.7678565979004,"Unknown"
"5020562",379156,2026-05-01 16:33:55,28.8440589904785,-17.7678718566895,"Unknown"
"5020562",379156,2026-05-01 16:34:53,28.8441524505615,-17.7679634094238,"Unknown"
"5020562",379156,2026-05-01 16:35:52,28.8443489074707,-17.7680492401123,"Unknown"
"5020562",379156,2026-05-01 16:36:52,28.8445644378662,-17.7681293487549,"Unknown"
"5020562",379156,2026-05-01 16:37:53,28.8447513580322,-17.7681789398193,"Unknown"
"5020562",379156,2026-05-01 16:38:53,28.8449420928955,-17.7682609558105,"Unknown"
"5020562",379156,2026-05-01 16:39:53,28.8450870513916,-17.7683029174805,"Unknown"
"5020562",379156,2026-05-01 16:40:52,28.8452663421631,-17.768346786499,"Unknown"
"5020562",379156,2026-05-01 16:41:54,28.8454837799072,-17.7683601379395,"Unknown"
"5020562",379156,2026-05-01 16:42:52,28.8456649780273,-17.7683944702148,"Unknown"
"5020562",379156,2026-05-01 16:43:54,28.8458728790283,-17.7684440612793,"Unknown"
"5020562",379156,2026-05-01 16:44:56,28.8460464477539,-17.7684860229492,"Unknown"
"5020562",379156,2026-05-01 16:45:57,28.8462600708008,-17.7685508728027,"Unknown"
"5020562",379156,2026-05-01 16:46:55,28.8464031219482,-17.7685813903809,"Unknown"
"5020562",379156,2026-05-01 16:47:56,28.8465614318848,-17.7686595916748,"Unknown"
"5020562",379156,2026-05-01 16:48:55,28.8467082977295,-17.7687110900879,"Unknown"
"5020562",379156,2026-05-01 16:49:54,28.846866607666,-17.7687835693359,"Unknown"
"5020562",379156,2026-05-01 16:50:52,28.8469944000244,-17.7688026428223,"Unknown"
"5020562",379156,2026-05-01 16:51:52,28.8471240997314,-17.7688598632812,"Unknown"
"5020562",379156,2026-05-01 16:52:53,28.8472576141357,-17.7689056396484,"Unknown"
"5020562",379156,2026-05-01 16:53:55,28.8473701477051,-17.7689685821533,"Unknown"
"5020562",379156,2026-05-01 16:54:54,28.8474922180176,-17.7690124511719,"Unknown"
"5020562",379156,2026-05-01 16:55:55,28.8476238250732,-17.7690353393555,"Unknown"
"5020562",379156,2026-05-01 16:56:54,28.847749710083,-17.7691020965576,"Unknown"
"5020562",379156,2026-05-01 16:57:54,28.8478698730469,-17.7691535949707,"Unknown"
"5020562",379156,2026-05-01 16:58:57,28.8479900360107,-17.7691841125488,"Unknown"
"5020562",379156,2026-05-01 16:59:53,28.8481044769287,-17.769193649292,"Unknown"
"5020562",379156,2026-05-01 17:00:57,28.8482265472412,-17.7692584991455,"Unknown"
"5020562",379156,2026-05-01 17:01:54,28.8483295440674,-17.7692623138428,"Unknown"
"5020562",379156,2026-05-01 17:02:52,28.8484363555908,-17.7693004608154,"Unknown"
"5020562",379156,2026-05-01 17:04:03,28.8485698699951,-17.7693099975586,"Unknown"
"5020562",379156,2026-05-01 17:04:55,28.8486499786377,-17.7693481445312,"Unknown"
"5020562",379156,2026-05-01 17:05:54,28.8487796783447,-17.7693462371826,"Unknown"
"5020562",379156,2026-05-01 17:06:57,28.8489151000977,-17.7693672180176,"Unknown"
"5020562",379156,2026-05-01 17:07:58,28.8490371704102,-17.7693862915039,"Unknown"
"5020562",379156,2026-05-01 17:09:17,28.849178314209,-17.7694244384766,"Unknown"
"5020562",379156,2026-05-01 17:09:52,28.8492488861084,-17.7694606781006,"Unknown"
"5020562",379156,2026-05-01 17:10:52,28.8493270874023,-17.7694396972656,"Unknown"
"5020562",379156,2026-05-01 17:11:52,28.8494052886963,-17.7694187164307,"Unknown"
"5020562",379156,2026-05-01 17:12:52,28.8494968414307,-17.769401550293,"Unknown"
"5020562",379156,2026-05-01 17:13:52,28.8496036529541,-17.7693901062012,"Unknown"
"5020562",379156,2026-05-01 17:14:52,28.8496685028076,-17.7693748474121,"Unknown"
"5020562",379156,2026-05-01 17:15:52,28.8497657775879,-17.7693977355957,"Unknown"
"5020562",379156,2026-05-01 17:16:52,28.8498649597168,-17.7693729400635,"Unknown"
"5020562",379156,2026-05-01 17:17:53,28.8499813079834,-17.7693519592285,"Unknown"
"5020562",379156,2026-05-01 17:18:52,28.8500747680664,-17.7693481445312,"Unknown"
"5020562",379156,2026-05-01 17:19:53,28.8501720428467,-17.7693538665771,"Unknown"
"5020562",379156,2026-05-01 17:20:53,28.8502635955811,-17.7693576812744,"Unknown"
"5020562",379156,2026-05-01 17:21:53,28.8503456115723,-17.7693519592285,"Unknown"
"5020562",379156,2026-05-01 17:22:53,28.8504486083984,-17.7693405151367,"Unknown"
"5020562",379156,2026-05-01 17:23:53,28.8505268096924,-17.7693424224854,"Unknown"
"5020562",379156,2026-05-01 17:24:53,28.8506011962891,-17.7693195343018,"Unknown"
"5020562",379156,2026-05-01 17:25:53,28.8506774902344,-17.7693157196045,"Unknown"
"5020562",379156,2026-05-01 17:26:53,28.8507404327393,-17.7692756652832,"Unknown"
"5020562",379156,2026-05-01 17:27:53,28.8508186340332,-17.7692394256592,"Unknown"
"5020562",379156,2026-05-01 17:28:53,28.8508815765381,-17.769229888916,"Unknown"
"5020562",379156,2026-05-01 17:29:53,28.8509330749512,-17.7692050933838,"Unknown"
"5020562",379156,2026-05-01 17:30:53,28.8510112762451,-17.7691612243652,"Unknown"
"5020562",379156,2026-05-01 17:31:53,28.8510932922363,-17.7691173553467,"Unknown"
"5020562",379156,2026-05-01 17:32:53,28.8511772155762,-17.769079208374,"Unknown"
"5020562",379156,2026-05-01 17:33:53,28.8512210845947,-17.7690353393555,"Unknown"
"5020562",379156,2026-05-01 17:34:53,28.8513107299805,-17.7689952850342,"Unknown"
"5020562",379156,2026-05-01 17:35:53,28.8513851165771,-17.7689456939697,"Unknown"
"5020562",379156,2026-05-01 17:36:53,28.8514709472656,-17.7689418792725,"Unknown"
"5020562",379156,2026-05-01 17:37:53,28.8515701293945,-17.768913269043,"Unknown"
"5020562",379156,2026-05-01 17:38:53,28.8516693115234,-17.7689208984375,"Unknown"
"5020562",379156,2026-05-01 17:39:53,28.851749420166,-17.7689075469971,"Unknown"
"5020562",379156,2026-05-01 17:40:53,28.8518371582031,-17.768892288208,"Unknown"
"5020562",379156,2026-05-01 17:41:53,28.8519115447998,-17.768871307373,"Unknown"
"5020562",379156,2026-05-01 17:42:53,28.8519763946533,-17.7688312530518,"Unknown"
"5020562",379156,2026-05-01 17:43:53,28.8520660400391,-17.7688293457031,"Unknown"
"5020562",379156,2026-05-01 17:44:55,28.8521461486816,-17.768798828125,"Unknown"
"5020562",379156,2026-05-01 17:45:53,28.8522186279297,-17.7687931060791,"Unknown"
"5020562",379156,2026-05-01 17:46:53,28.85231590271,-17.7688236236572,"Unknown"
"5020562",379156,2026-05-01 17:47:55,28.8523788452148,-17.7687435150146,"Unknown"
"5020562",379156,2026-05-01 17:48:53,28.8524761199951,-17.7687702178955,"Unknown"
"5020562",379156,2026-05-01 17:49:53,28.8525810241699,-17.7687759399414,"Unknown"
"5020562",379156,2026-05-01 17:50:53,28.852668762207,-17.7687530517578,"Unknown"
"5020562",379156,2026-05-01 17:51:53,28.8527545928955,-17.7687568664551,"Unknown"
"5020562",379156,2026-05-01 17:52:55,28.8528423309326,-17.768741607666,"Unknown"
"5020562",379156,2026-05-01 17:53:55,28.8529071807861,-17.7687168121338,"Unknown"
"5020562",379156,2026-05-01 17:54:57,28.8529968261719,-17.7687435150146,"Unknown"
"5020562",379156,2026-05-01 17:55:56,28.8530654907227,-17.7687683105469,"Unknown"
"5020562",379156,2026-05-01 17:57:17,28.8531742095947,-17.768705368042,"Unknown"
"5020562",379156,2026-05-01 17:57:56,28.8532409667969,-17.7686920166016,"Unknown"
"5020562",379156,2026-05-01 17:58:53,28.8532791137695,-17.7664833068848,"Unknown"
"5020562",379156,2026-05-01 17:59:55,28.8473052978516,-17.7624664306641,"Unknown"
"5020562",379156,2026-05-01 18:00:55,28.8440361022949,-17.7550354003906,"Unknown"
"5020562",379156,2026-05-01 18:01:56,28.8400173187256,-17.7512302398682,"Unknown"
"5020562",379156,2026-05-01 18:02:54,28.8367538452148,-17.7521228790283,"Unknown"
"5020562",379156,2026-05-01 18:03:55,28.8331203460693,-17.7503681182861,"Unknown"
"5020562",379156,2026-05-01 18:04:53,28.8287220001221,-17.7520790100098,"Unknown"
"5020562",379156,2026-05-01 18:05:54,28.8287086486816,-17.7520275115967,"Unknown"
"5020562",379156,2026-05-01 18:06:57,28.8286876678467,-17.7519588470459,"Unknown"
"5020562",379156,2026-05-01 18:07:58,28.8286800384521,-17.7519092559814,"Unknown"
"5020562",379156,2026-05-01 18:08:57,28.8286418914795,-17.7518424987793,"Unknown"
"5020562",379156,2026-05-01 18:09:56,28.828670501709,-17.7517547607422,"Unknown"
"5020562",379156,2026-05-01 18:10:57,28.8286476135254,-17.75168800354,"Unknown"
"5020562",379156,2026-05-01 18:11:58,28.8286437988281,-17.7516098022461,"Unknown"
"5020562",379156,2026-05-01 18:12:56,28.828634262085,-17.7515544891357,"Unknown"
"5020562",379156,2026-05-01 18:13:55,28.8286609649658,-17.7514667510986,"Unknown"
"5020562",379156,2026-05-01 18:14:55,28.8286552429199,-17.7514228820801,"Unknown"
"5020562",379156,2026-05-01 18:16:00,28.8286323547363,-17.7513294219971,"Unknown"
"5020562",379156,2026-05-01 18:16:56,28.82861328125,-17.7512989044189,"Unknown"
"5020562",379156,2026-05-01 18:17:55,28.828634262085,-17.7512035369873,"Unknown"
"5020562",379156,2026-05-01 18:18:58,28.8286285400391,-17.751127243042,"Unknown"
"5020562",379156,2026-05-01 18:19:59,28.8286590576172,-17.7510318756104,"Unknown"
"5020562",379156,2026-05-01 18:20:56,28.8286628723145,-17.7509956359863,"Unknown"
"5020562",379156,2026-05-01 18:21:55,28.8286666870117,-17.7509250640869,"Unknown"
"5020562",379156,2026-05-01 18:22:58,28.8285980224609,-17.7509021759033,"Unknown"
"5020562",379156,2026-05-01 18:23:56,28.8285713195801,-17.7508449554443,"Unknown"
"5020562",379156,2026-05-01 18:24:57,28.8285865783691,-17.7507801055908,"Unknown"
"5020562",379156,2026-05-01 18:25:57,28.8286418914795,-17.7506809234619,"Unknown"
"5020562",379156,2026-05-01 18:26:57,28.8286743164062,-17.7505970001221,"Unknown"
"5020562",379156,2026-05-01 18:27:57,28.8286724090576,-17.7505264282227,"Unknown"
"5020562",379156,2026-05-01 18:28:55,28.8287162780762,-17.750452041626,"Unknown"
"5020562",379156,2026-05-01 18:29:59,28.8287754058838,-17.7503623962402,"Unknown"
"5020562",379156,2026-05-01 18:30:58,28.8288097381592,-17.750280380249,"Unknown"
"5020562",379156,2026-05-01 18:32:27,28.8288955688477,-17.7501430511475,"Unknown"
"5020562",379156,2026-05-01 18:32:53,28.8289337158203,-17.7501125335693,"Unknown"
"5020562",379156,2026-05-01 18:33:53,28.8289527893066,-17.7500457763672,"Unknown"
"5020562",379156,2026-05-01 18:34:52,28.8290176391602,-17.7499618530273,"Unknown"
"5020562",379156,2026-05-01 18:35:53,28.8290519714355,-17.7498722076416,"Unknown"
"5020562",379156,2026-05-01 18:36:53,28.8290824890137,-17.7497825622559,"Unknown"
"5020562",379156,2026-05-01 18:37:53,28.8291416168213,-17.7496852874756,"Unknown"
"5020562",379156,2026-05-01 18:38:53,28.829174041748,-17.7496109008789,"Unknown"
"5020562",379156,2026-05-01 18:39:53,28.8292083740234,-17.749532699585,"Unknown"
"5020562",379156,2026-05-01 18:40:53,28.8292427062988,-17.7494297027588,"Unknown"
"5020562",379156,2026-05-01 18:41:53,28.8292713165283,-17.7493934631348,"Unknown"
"5020562",379156,2026-05-01 18:42:53,28.8293170928955,-17.7492904663086,"Unknown"
"5020562",379156,2026-05-01 18:43:53,28.8293590545654,-17.7492275238037,"Unknown"
"5020562",379156,2026-05-01 18:44:53,28.8293933868408,-17.7491397857666,"Unknown"
"5020562",379156,2026-05-01 18:45:53,28.8294315338135,-17.7490711212158,"Unknown"
"5020562",379156,2026-05-01 18:46:53,28.8294467926025,-17.7490196228027,"Unknown"
"5020562",379156,2026-05-01 18:47:53,28.8294506072998,-17.7489318847656,"Unknown"
"5020562",379156,2026-05-01 18:48:53,28.8294467926025,-17.7488422393799,"Unknown"
"5020562",379156,2026-05-01 18:49:53,28.8290882110596,-17.7502422332764,"Unknown"
"5020562",379156,2026-05-01 18:50:53,28.8262615203857,-17.7502193450928,"Unknown"
"5020562",379156,2026-05-01 18:51:53,28.8197917938232,-17.7506275177002,"Unknown"
"5020562",379156,2026-05-01 18:52:53,28.8139686584473,-17.7517757415771,"Unknown"
"5020562",379156,2026-05-01 18:53:53,28.8081073760986,-17.749755859375,"Unknown"
"5020562",379156,2026-05-01 18:54:53,28.8033199310303,-17.7456474304199,"Unknown"
"5020562",379156,2026-05-01 18:55:53,28.7972373962402,-17.7445030212402,"Unknown"
"5020562",379156,2026-05-01 18:56:53,28.7914581298828,-17.7414493560791,"Unknown"
"5020562",379156,2026-05-01 18:57:53,28.7858753204346,-17.7386894226074,"Unknown"
"5020562",379156,2026-05-01 18:58:53,28.783016204834,-17.7372379302979,"Unknown"
"5020562",379156,2026-05-01 18:59:53,28.7821369171143,-17.7366104125977,"Unknown"
"5020562",379156,2026-05-01 19:00:53,28.7801818847656,-17.7363300323486,"Unknown"
"5020562",379156,2026-05-01 19:01:53,28.7824573516846,-17.7356395721436,"Unknown"
"5020562",379156,2026-05-01 19:02:53,28.7839183807373,-17.7339057922363,"Unknown"
"5020562",379156,2026-05-01 19:03:53,28.7835006713867,-17.730432510376,"Unknown"
"5020562",379156,2026-05-01 19:04:53,28.7800006866455,-17.7299861907959,"Unknown"
"5020562",379156,2026-05-01 19:05:53,28.7799701690674,-17.7299671173096,"Unknown"
"5020562",379156,2026-05-01 19:06:53,28.7799320220947,-17.7299747467041,"Unknown"
"5020562",379156,2026-05-01 19:07:53,28.7799224853516,-17.7299785614014,"Unknown"
"5020562",379156,2026-05-01 19:08:53,28.779914855957,-17.7299499511719,"Unknown"
"5020562",379156,2026-05-01 19:09:53,28.7799015045166,-17.7299423217773,"Unknown"
"5020562",379156,2026-05-01 19:10:53,28.7798767089844,-17.7299175262451,"Unknown"
"5020562",379156,2026-05-01 19:11:53,28.7798614501953,-17.7299137115479,"Unknown"
"5020562",379156,2026-05-01 19:12:52,28.7798461914062,-17.7298965454102,"Unknown"
"5020562",379156,2026-05-01 19:13:53,28.7798137664795,-17.7298717498779,"Unknown"
"5020562",379156,2026-05-01 19:14:53,28.7797966003418,-17.7298889160156,"Unknown"
"5020562",379156,2026-05-01 19:15:53,28.7797927856445,-17.7298793792725,"Unknown"
"5020562",379156,2026-05-01 19:16:53,28.7797889709473,-17.729887008667,"Unknown"
"5020562",379156,2026-05-01 19:17:52,28.7797794342041,-17.7298488616943,"Unknown"
"5020562",379156,2026-05-01 19:18:52,28.77978515625,-17.7298641204834,"Unknown"
"5020562",379156,2026-05-01 19:19:53,28.7797794342041,-17.7298240661621,"Unknown"
"5020562",379156,2026-05-01 19:20:52,28.7797813415527,-17.7297973632812,"Unknown"
"5020562",379156,2026-05-01 19:21:53,28.7797622680664,-17.7297782897949,"Unknown"
"5020562",379156,2026-05-01 19:22:53,28.7797679901123,-17.7297668457031,"Unknown"
"5020562",379156,2026-05-01 19:23:53,28.7797431945801,-17.72975730896,"Unknown"
"5020562",379156,2026-05-01 19:24:53,28.7796993255615,-17.7297325134277,"Unknown"
"5020562",379156,2026-05-01 19:25:53,28.7797012329102,-17.7297210693359,"Unknown"
"5020562",379156,2026-05-01 19:26:53,28.7796897888184,-17.7297325134277,"Unknown"
"5020562",379156,2026-05-01 19:27:53,28.7796993255615,-17.7297267913818,"Unknown"
"5020562",379156,2026-05-01 19:28:53,28.7796878814697,-17.7297248840332,"Unknown"
"5020562",379156,2026-05-01 19:29:53,28.7797164916992,-17.7297458648682,"Unknown"
"5020562",379156,2026-05-01 19:30:53,28.7797355651855,-17.7297382354736,"Unknown"
"5020562",379156,2026-05-01 19:31:53,28.7797737121582,-17.7297172546387,"Unknown"
"5020562",379156,2026-05-01 19:32:53,28.7797737121582,-17.7297191619873,"Unknown"
"5020562",379156,2026-05-01 19:33:53,28.7797698974609,-17.7296752929688,"Unknown"
"5020562",379156,2026-05-01 19:34:53,28.7797470092773,-17.7296619415283,"Unknown"
"5020562",379156,2026-05-01 19:35:53,28.7797431945801,-17.7296504974365,"Unknown"
"5020562",379156,2026-05-01 19:36:53,28.779727935791,-17.7296314239502,"Unknown"
"5020562",379156,2026-05-01 19:37:53,28.7797222137451,-17.7296123504639,"Unknown"
"5020562",379156,2026-05-01 19:38:53,28.7797451019287,-17.7295761108398,"Unknown"
"5020562",379156,2026-05-01 19:39:53,28.7797698974609,-17.7295379638672,"Unknown"
"5020562",379156,2026-05-01 19:40:53,28.7797660827637,-17.7295379638672,"Unknown"
"5020562",379156,2026-05-01 19:41:53,28.7797794342041,-17.729549407959,"Unknown"
"5020562",379156,2026-05-01 19:42:53,28.779821395874,-17.7295684814453,"Unknown"
"5020562",379156,2026-05-01 19:43:53,28.7798442840576,-17.7295513153076,"Unknown"
"5020562",379156,2026-05-01 19:44:53,28.7798118591309,-17.729549407959,"Unknown"
"5020562",379156,2026-05-01 19:45:53,28.7798156738281,-17.7295742034912,"Unknown"
"5020562",379156,2026-05-01 19:46:53,28.7797660827637,-17.729585647583,"Unknown"
"5020562",379156,2026-05-01 19:47:53,28.7797393798828,-17.7295608520508,"Unknown"
"5020562",379156,2026-05-01 19:48:53,28.7796192169189,-17.7298240661621,"Unknown"
"5020562",379156,2026-05-01 19:49:53,28.7740783691406,-17.7299785614014,"Unknown"
"5020562",379156,2026-05-01 19:50:53,28.7676906585693,-17.7299537658691,"Unknown"
"5020562",379156,2026-05-01 19:51:53,28.7642765045166,-17.7280654907227,"Unknown"
"5020562",379156,2026-05-01 19:52:53,28.7641792297363,-17.7279968261719,"Unknown"
"5020562",379156,2026-05-01 19:53:54,28.7640533447266,-17.7279148101807,"Unknown"
"5020562",379156,2026-05-01 19:54:53,28.7639617919922,-17.7278442382812,"Unknown"
"5020562",379156,2026-05-01 19:55:53,28.7638893127441,-17.7278099060059,"Unknown"
"5020562",379156,2026-05-01 19:56:53,28.7637882232666,-17.7278175354004,"Unknown"
"5020562",379156,2026-05-01 19:57:53,28.7636795043945,-17.7278003692627,"Unknown"
"5020562",379156,2026-05-01 19:58:53,28.7635688781738,-17.7277984619141,"Unknown"
"5020562",379156,2026-05-01 19:59:53,28.7634181976318,-17.7277851104736,"Unknown"
"5020562",379156,2026-05-01 20:00:53,28.7633399963379,-17.7277278900146,"Unknown"
"5020562",379156,2026-05-01 20:01:53,28.763240814209,-17.727668762207,"Unknown"
"5020562",379156,2026-05-01 20:02:53,28.7631645202637,-17.727653503418,"Unknown"
"5020562",379156,2026-05-01 20:03:54,28.7630882263184,-17.7276344299316,"Unknown"
"5020562",379156,2026-05-01 20:04:54,28.7613677978516,-17.7258548736572,"Unknown"
"5020562",379156,2026-05-01 20:05:53,28.7563247680664,-17.7223777770996,"Unknown"
"5020562",379156,2026-05-01 20:06:53,28.7548580169678,-17.7206172943115,"Unknown"
"5020562",379156,2026-05-01 20:11:53,28.7549743652344,-17.7207374572754,"Unknown"
"5020562",379156,2026-05-01 20:16:53,28.7551937103271,-17.7210063934326,"Unknown"
"5020562",379156,2026-05-01 20:21:53,28.7554035186768,-17.7211532592773,"Unknown"
"5020562",379156,2026-05-01 20:26:53,28.7555904388428,-17.7214069366455,"Unknown"
"5020562",379156,2026-05-01 20:31:53,28.7557697296143,-17.7217102050781,"Unknown"
"5020562",379156,2026-05-01 20:36:53,28.7560386657715,-17.7217197418213,"Unknown"
"5020562",379156,2026-05-01 20:41:53,28.7560043334961,-17.7222995758057,"Unknown"
"5020562",379156,2026-05-01 20:46:53,28.7304096221924,-17.7198638916016,"Unknown"
"5020562",379156,2026-05-01 20:51:53,28.7148208618164,-17.7296733856201,"Unknown"
"5020562",379156,2026-05-01 20:56:55,28.7041912078857,-17.7376728057861,"Unknown"
"5020562",379156,2026-05-01 20:57:54,28.7051048278809,-17.7431678771973,"Unknown"
"5020562",379156,2026-05-01 20:58:53,28.7089157104492,-17.7453880310059,"Unknown"
"5020562",379156,2026-05-01 20:59:56,28.7102031707764,-17.7478351593018,"Unknown"
"5020562",379156,2026-05-01 21:01:17,28.7142505645752,-17.7565612792969,"Unknown"
"5020562",379156,2026-05-01 21:01:52,28.7173671722412,-17.7598762512207,"Unknown"
"5020562",379156,2026-05-01 21:02:54,28.72047996521,-17.7653999328613,"Unknown"
"5020562",379156,2026-05-02 05:14:32,28.7052268981934,-17.7301692962646,"Unknown"
"5020562",379156,2026-05-02 05:24:02,28.7037200927734,-17.7305927276611,"Unknown"
"5020562",379156,2026-05-02 05:34:01,28.7063598632812,-17.7279052734375,"Unknown"
"5020562",379156,2026-05-02 05:45:26,28.7277278900146,-17.7212505340576,"Unknown"
"5020562",379156,2026-05-02 05:54:33,28.7267684936523,-17.7207431793213,"Unknown"
"5020562",379156,2026-05-02 06:04:01,28.7334136962891,-17.7144031524658,"Unknown"
"5020562",379156,2026-05-02 06:14:00,28.7356929779053,-17.7107200622559,"Unknown"
"5020562",379156,2026-05-02 06:24:01,28.735481262207,-17.7084331512451,"Unknown"
"5020562",379156,2026-05-02 06:34:00,28.7359828948975,-17.7053508758545,"Unknown"
"5020562",379156,2026-05-02 06:44:00,28.7332134246826,-17.6983242034912,"Unknown"
"5020562",379156,2026-05-02 06:54:01,28.7364482879639,-17.7013702392578,"Unknown"
"5020562",379156,2026-05-02 07:04:01,28.736536026001,-17.7015247344971,"Unknown"
"5020562",379156,2026-05-02 07:14:01,28.7384223937988,-17.7051391601562,"Unknown"
"5020562",379156,2026-05-02 07:24:02,28.7347297668457,-17.719898223877,"Unknown"
"5020562",379156,2026-05-02 07:34:03,28.7326469421387,-17.7168369293213,"Unknown"
"5020562",379156,2026-05-02 07:44:03,28.7367553710938,-17.715051651001,"Unknown"
"5020562",379156,2026-05-02 07:55:26,28.7339515686035,-17.717378616333,"Unknown"
"5020562",379156,2026-05-02 08:05:26,28.7460308074951,-17.721887588501,"Unknown"
"5020562",379156,2026-05-02 08:15:03,28.7482604980469,-17.7228546142578,"Unknown"
"5020562",379156,2026-05-02 08:24:45,28.7358283996582,-17.7210178375244,"Unknown"
"5020562",379156,2026-05-02 08:34:45,28.7491207122803,-17.7174892425537,"Unknown"
"5020562",379156,2026-05-02 08:44:45,28.7497940063477,-17.7142734527588,"Unknown"
"5020562",379156,2026-05-02 08:54:45,28.7493476867676,-17.7148132324219,"Unknown"
"5020562",379156,2026-05-02 09:04:45,28.7563591003418,-17.7132968902588,"Unknown"
"5020562",379156,2026-05-02 09:14:45,28.7560749053955,-17.7142677307129,"Unknown"
"5020562",379156,2026-05-02 09:24:45,28.7556037902832,-17.715539932251,"Unknown"
"5020562",379156,2026-05-02 09:34:45,28.7551422119141,-17.716890335083,"Unknown"
"5020562",379156,2026-05-02 09:44:47,28.7551136016846,-17.7176322937012,"Unknown"
"5020562",379156,2026-05-02 09:54:47,28.7552623748779,-17.7186985015869,"Unknown"
"5020562",379156,2026-05-02 10:04:47,28.7457790374756,-17.7165679931641,"Unknown"
"5020562",379156,2026-05-02 10:14:47,28.749137878418,-17.7185478210449,"Unknown"
"5020562",379156,2026-05-02 10:19:47,28.7410945892334,-17.7189159393311,"Unknown"
"5020562",379156,2026-05-02 10:24:47,28.721076965332,-17.7212524414062,"Unknown"
"5020562",379156,2026-05-02 10:29:45,28.7230415344238,-17.7221012115479,"Unknown"
"5020562",379156,2026-05-02 10:34:46,28.7213401794434,-17.7257499694824,"Unknown"
"5020562",379156,2026-05-02 10:39:47,28.7185173034668,-17.724967956543,"Unknown"
"5020562",379156,2026-05-02 10:41:27,28.7188510894775,-17.7237529754639,"Unknown"
"5020562",379156,2026-05-02 10:45:45,28.7141704559326,-17.7248096466064,"Unknown"
"5020562",379156,2026-05-02 10:50:45,28.7069683074951,-17.7258682250977,"Unknown"
"5020562",379156,2026-05-02 10:55:45,28.7006645202637,-17.7276878356934,"Unknown"
"5020562",379156,2026-05-02 10:56:46,28.7006587982178,-17.727783203125,"Unknown"
"5020562",379156,2026-05-02 10:57:45,28.6987781524658,-17.7250289916992,"Unknown"
"5020562",379156,2026-05-02 10:58:45,28.6987342834473,-17.7252044677734,"Unknown"
"5020562",379156,2026-05-02 10:59:45,28.6987705230713,-17.7254047393799,"Unknown"
"5020562",379156,2026-05-02 11:00:45,28.6991233825684,-17.7290325164795,"Unknown"
"5020562",379156,2026-05-02 11:01:45,28.7023372650146,-17.7347221374512,"Unknown"
"5020562",379156,2026-05-02 11:02:46,28.697151184082,-17.7346496582031,"Unknown"
"5020562",379156,2026-05-02 11:03:45,28.6957263946533,-17.7335319519043,"Unknown"
"5020562",379156,2026-05-02 11:04:45,28.6957015991211,-17.7335968017578,"Unknown"
"5020562",379156,2026-05-02 11:05:47,28.6957550048828,-17.7357368469238,"Unknown"
"5020562",379156,2026-05-02 11:06:46,28.6939601898193,-17.7330226898193,"Unknown"
"5020562",379156,2026-05-02 11:07:46,28.6940765380859,-17.7286167144775,"Unknown"
"5020562",379156,2026-05-02 11:08:45,28.6957111358643,-17.7322769165039,"Unknown"
"5020562",379156,2026-05-02 11:09:46,28.695728302002,-17.7323360443115,"Unknown"
"5020562",379156,2026-05-02 11:10:48,28.69580078125,-17.7324047088623,"Unknown"
"5020562",379156,2026-05-02 11:11:46,28.6958484649658,-17.7324523925781,"Unknown"
"5020562",379156,2026-05-02 11:12:49,28.6958904266357,-17.7325325012207,"Unknown"
"5020562",379156,2026-05-02 11:13:47,28.6959953308105,-17.7326507568359,"Unknown"
"5020562",379156,2026-05-02 11:14:49,28.6960754394531,-17.7327842712402,"Unknown"
"5020562",379156,2026-05-02 11:15:47,28.6962242126465,-17.732889175415,"Unknown"
"5020562",379156,2026-05-02 11:16:45,28.6963119506836,-17.7329750061035,"Unknown"
"5020562",379156,2026-05-02 11:17:45,28.6963634490967,-17.7329711914062,"Unknown"
"5020562",379156,2026-05-02 11:18:46,28.6964416503906,-17.7330055236816,"Unknown"
"5020562",379156,2026-05-02 11:19:45,28.6965179443359,-17.7330322265625,"Unknown"
"5020562",379156,2026-05-02 11:20:47,28.6965827941895,-17.7330436706543,"Unknown"
"5020562",379156,2026-05-02 11:21:45,28.6966552734375,-17.733081817627,"Unknown"
"5020562",379156,2026-05-02 11:22:46,28.6966762542725,-17.7331142425537,"Unknown"
"5020562",379156,2026-05-02 11:23:47,28.6967258453369,-17.7331390380859,"Unknown"
"5020562",379156,2026-05-02 11:24:47,28.6967353820801,-17.7331295013428,"Unknown"
"5020562",379156,2026-05-02 11:25:45,28.6968116760254,-17.7331657409668,"Unknown"
"5020562",379156,2026-05-02 11:26:48,28.6968936920166,-17.7332210540771,"Unknown"
"5020562",379156,2026-05-02 11:27:47,28.6974868774414,-17.7326602935791,"Unknown"
"5020562",379156,2026-05-02 11:28:45,28.7012577056885,-17.7303504943848,"Unknown"
"5020562",379156,2026-05-02 11:29:48,28.7061214447021,-17.7282905578613,"Unknown"
"5020562",379156,2026-05-02 11:30:47,28.7105960845947,-17.7265281677246,"Unknown"
"5020562",379156,2026-05-02 11:31:47,28.7141399383545,-17.7258949279785,"Unknown"
"5020562",379156,2026-05-02 11:32:48,28.7141094207764,-17.725866317749,"Unknown"
"5020562",379156,2026-05-02 11:33:56,28.7141056060791,-17.7260341644287,"Unknown"
"5020562",379156,2026-05-02 11:34:47,28.7165641784668,-17.7242565155029,"Unknown"
"5020562",379156,2026-05-02 11:35:48,28.7214183807373,-17.7234706878662,"Unknown"
"5020562",379156,2026-05-02 11:40:49,28.7277374267578,-17.7131614685059,"Unknown"
"5020562",379156,2026-05-02 11:46:03,28.7289428710938,-17.7172527313232,"Unknown"
"5020562",379156,2026-05-02 11:50:45,28.7304420471191,-17.7181529998779,"Unknown"
"5020562",379156,2026-05-02 11:55:45,28.73122215271,-17.718786239624,"Unknown"
"5020562",379156,2026-05-02 12:01:03,28.7320766448975,-17.7190990447998,"Unknown"
"5020562",379156,2026-05-02 12:05:45,28.7417774200439,-17.7209167480469,"Unknown"
"5020562",379156,2026-05-02 12:10:47,28.7473239898682,-17.7212944030762,"Unknown"
"5020562",379156,2026-05-02 12:15:47,28.7562694549561,-17.7188568115234,"Unknown"
"5020562",379156,2026-05-02 12:20:46,28.7587375640869,-17.7205657958984,"Unknown"
"5020562",379156,2026-05-02 12:25:45,28.7655200958252,-17.7234115600586,"Unknown"
"5020562",379156,2026-05-02 12:30:45,28.769006729126,-17.7259693145752,"Unknown"
"5020562",379156,2026-05-02 12:35:47,28.7683067321777,-17.7265071868896,"Unknown"
"5020562",379156,2026-05-02 12:36:45,28.7683219909668,-17.7266902923584,"Unknown"
"5020562",379156,2026-05-02 12:37:45,28.7683753967285,-17.7269039154053,"Unknown"
"5020562",379156,2026-05-02 12:38:45,28.7684326171875,-17.7271175384521,"Unknown"
"5020562",379156,2026-05-02 12:39:46,28.7684879302979,-17.7273540496826,"Unknown"
"5020562",379156,2026-05-02 12:40:45,28.768497467041,-17.7275409698486,"Unknown"
"5020562",379156,2026-05-02 12:41:45,28.7685241699219,-17.7277584075928,"Unknown"
"5020562",379156,2026-05-02 12:42:45,28.7685737609863,-17.7279567718506,"Unknown"
"5020562",379156,2026-05-02 12:43:47,28.7686195373535,-17.7281131744385,"Unknown"
"5020562",379156,2026-05-02 12:44:47,28.7686805725098,-17.7282886505127,"Unknown"
"5020562",379156,2026-05-02 12:45:47,28.7690887451172,-17.7278957366943,"Unknown"
"5020562",379156,2026-05-02 12:46:48,28.7692050933838,-17.72802734375,"Unknown"
"5020562",379156,2026-05-02 12:47:50,28.7693462371826,-17.7281913757324,"Unknown"
"5020562",379156,2026-05-02 12:48:47,28.7694778442383,-17.7283535003662,"Unknown"
"5020562",379156,2026-05-02 12:49:47,28.7696075439453,-17.7284870147705,"Unknown"
"5020562",379156,2026-05-02 12:50:47,28.7682952880859,-17.7303981781006,"Unknown"
"5020562",379156,2026-05-02 12:51:45,28.7660293579102,-17.7311420440674,"Unknown"
"5020562",379156,2026-05-02 12:52:45,28.7660388946533,-17.7312984466553,"Unknown"
"5020562",379156,2026-05-02 12:53:45,28.7647094726562,-17.7316207885742,"Unknown"
"5020562",379156,2026-05-02 12:54:46,28.7647705078125,-17.7317295074463,"Unknown"
"5020562",379156,2026-05-02 12:55:47,28.7649040222168,-17.7318572998047,"Unknown"
"5020562",379156,2026-05-02 12:56:46,28.7650146484375,-17.7319145202637,"Unknown"
"5020562",379156,2026-05-02 12:57:47,28.7651042938232,-17.731969833374,"Unknown"
"5020562",379156,2026-05-02 12:58:47,28.7652397155762,-17.7319774627686,"Unknown"
"5020562",379156,2026-05-02 12:59:46,28.7653617858887,-17.7320041656494,"Unknown"
"5020562",379156,2026-05-02 13:00:46,28.7654838562012,-17.7321128845215,"Unknown"
"5020562",379156,2026-05-02 13:01:46,28.7655429840088,-17.7322196960449,"Unknown"
"5020562",379156,2026-05-02 13:02:46,28.7699165344238,-17.7337608337402,"Unknown"
"5020562",379156,2026-05-02 13:03:45,28.7706832885742,-17.7335395812988,"Unknown"
"5020562",379156,2026-05-02 13:04:49,28.7708034515381,-17.7346096038818,"Unknown"
"5020562",379156,2026-05-02 13:05:51,28.7696895599365,-17.7358913421631,"Unknown"
"5020562",379156,2026-05-02 13:06:50,28.7697372436523,-17.7360439300537,"Unknown"
"5020562",379156,2026-05-02 13:07:51,28.7697792053223,-17.736213684082,"Unknown"
"5020562",379156,2026-05-02 13:08:49,28.7704048156738,-17.7365112304688,"Unknown"
"5020562",379156,2026-05-02 13:09:50,28.7711772918701,-17.7360191345215,"Unknown"
"5020562",379156,2026-05-02 13:10:49,28.7690963745117,-17.7319107055664,"Unknown"
"5020562",379156,2026-05-02 13:11:49,28.7692012786865,-17.7320289611816,"Unknown"
"5020562",379156,2026-05-02 13:12:52,28.7693061828613,-17.7321643829346,"Unknown"
"5020562",379156,2026-05-02 13:13:49,28.7693767547607,-17.7322311401367,"Unknown"
"5020562",379156,2026-05-02 13:14:49,28.7694759368896,-17.7323303222656,"Unknown"
"5020562",379156,2026-05-02 13:15:50,28.76953125,-17.7324867248535,"Unknown"
"5020562",379156,2026-05-02 13:16:49,28.7696056365967,-17.7326126098633,"Unknown"
"5020562",379156,2026-05-02 13:17:49,28.7696762084961,-17.7327327728271,"Unknown"
"5020562",379156,2026-05-02 13:18:49,28.7697200775146,-17.7328205108643,"Unknown"
"5020562",379156,2026-05-02 13:19:51,28.7697849273682,-17.7329330444336,"Unknown"
"5020562",379156,2026-05-02 13:20:51,28.7698268890381,-17.7331085205078,"Unknown"
"5020562",379156,2026-05-02 13:21:49,28.7698783874512,-17.7332096099854,"Unknown"
"5020562",379156,2026-05-02 13:22:49,28.7699279785156,-17.7333526611328,"Unknown"
"5020562",379156,2026-05-02 13:23:49,28.7699565887451,-17.7335052490234,"Unknown"
"5020562",379156,2026-05-02 13:24:49,28.7700080871582,-17.73366355896,"Unknown"
"5020562",379156,2026-05-02 13:25:52,28.7700386047363,-17.7338104248047,"Unknown"
"5020562",379156,2026-05-02 13:26:49,28.7700672149658,-17.733959197998,"Unknown"
"5020562",379156,2026-05-02 13:27:52,28.7701148986816,-17.734130859375,"Unknown"
"5020562",379156,2026-05-02 13:28:51,28.7701282501221,-17.7342891693115,"Unknown"
"5020562",379156,2026-05-02 13:29:51,28.7701549530029,-17.7344379425049,"Unknown"
"5020562",379156,2026-05-02 13:30:52,28.7701663970947,-17.7346019744873,"Unknown"
"5020562",379156,2026-05-02 13:31:51,28.7701873779297,-17.7347297668457,"Unknown"
"5020562",379156,2026-05-02 13:32:52,28.770206451416,-17.73486328125,"Unknown"
"5020562",379156,2026-05-02 13:33:49,28.7702369689941,-17.7350006103516,"Unknown"
"5020562",379156,2026-05-02 13:34:49,28.7702503204346,-17.7351551055908,"Unknown"
"5020562",379156,2026-05-02 13:35:53,28.7702579498291,-17.7353172302246,"Unknown"
"5020562",379156,2026-05-02 13:36:52,28.7702808380127,-17.7354354858398,"Unknown"
"5020562",379156,2026-05-02 13:37:52,28.7702922821045,-17.7355632781982,"Unknown"
"5020562",379156,2026-05-02 13:39:17,28.7703132629395,-17.7357616424561,"Unknown"
"5020562",379156,2026-05-02 13:39:49,28.7703132629395,-17.7358360290527,"Unknown"
"5020562",379156,2026-05-02 13:40:49,28.7703151702881,-17.7359600067139,"Unknown"
"5020562",379156,2026-05-02 13:41:49,28.770320892334,-17.7360897064209,"Unknown"
"5020562",379156,2026-05-02 13:42:48,28.7703380584717,-17.7362155914307,"Unknown"
"5020562",379156,2026-05-02 13:43:48,28.7703247070312,-17.7363357543945,"Unknown"
"5020562",379156,2026-05-02 13:44:49,28.7703456878662,-17.7364730834961,"Unknown"
"5020562",379156,2026-05-02 13:45:51,28.7703475952148,-17.7366104125977,"Unknown"
"5020562",379156,2026-05-02 13:46:49,28.7703418731689,-17.7367458343506,"Unknown"
"5020562",379156,2026-05-02 13:47:48,28.7703723907471,-17.7368621826172,"Unknown"
"5020562",379156,2026-05-02 13:48:49,28.7703704833984,-17.7369937896729,"Unknown"
"5020562",379156,2026-05-02 13:49:49,28.7703762054443,-17.7371025085449,"Unknown"
"5020562",379156,2026-05-02 13:50:51,28.7703990936279,-17.7372016906738,"Unknown"
"5020562",379156,2026-05-02 13:51:49,28.7704582214355,-17.7373332977295,"Unknown"
"5020562",379156,2026-05-02 13:52:48,28.7704963684082,-17.7374458312988,"Unknown"
"5020562",379156,2026-05-02 13:53:48,28.7705097198486,-17.7375526428223,"Unknown"
"5020562",379156,2026-05-02 13:54:49,28.7705726623535,-17.7376365661621,"Unknown"
"5020562",379156,2026-05-02 13:55:50,28.770637512207,-17.7377052307129,"Unknown"
"5020562",379156,2026-05-02 13:56:49,28.7706623077393,-17.7378253936768,"Unknown"
"5020562",379156,2026-05-02 13:57:50,28.7707061767578,-17.737922668457,"Unknown"
"5020562",379156,2026-05-02 13:58:49,28.7707595825195,-17.7380027770996,"Unknown"
"5020562",379156,2026-05-02 13:59:49,28.7708721160889,-17.7381114959717,"Unknown"
"5020562",379156,2026-05-02 14:00:49,28.7690200805664,-17.735315322876,"Unknown"
"5020562",379156,2026-05-02 14:01:48,28.7695999145508,-17.7352600097656,"Unknown"
"5020562",379156,2026-05-02 14:02:49,28.7696495056152,-17.7353954315186,"Unknown"
"5020562",379156,2026-05-02 14:03:48,28.769739151001,-17.7354946136475,"Unknown"
"5020562",379156,2026-05-02 14:04:49,28.7697601318359,-17.7356128692627,"Unknown"
"5020562",379156,2026-05-02 14:05:50,28.7673072814941,-17.7369480133057,"Unknown"
"5020562",379156,2026-05-02 14:06:51,28.7661190032959,-17.7340202331543,"Unknown"
"5020562",379156,2026-05-02 14:07:49,28.7657527923584,-17.7337188720703,"Unknown"
"5020562",379156,2026-05-02 14:08:50,28.7658843994141,-17.7347068786621,"Unknown"
"5020562",379156,2026-05-02 14:09:49,28.7659072875977,-17.7348918914795,"Unknown"
"5020562",379156,2026-05-02 14:10:49,28.7659454345703,-17.7350406646729,"Unknown"
"5020562",379156,2026-05-02 14:11:51,28.7650966644287,-17.730827331543,"Unknown"
"5020562",379156,2026-05-02 14:13:03,28.763952255249,-17.7312850952148,"Unknown"
"5020562",379156,2026-05-02 14:14:02,28.7645664215088,-17.7312698364258,"Unknown"
"5020562",379156,2026-05-02 14:15:00,28.7642726898193,-17.7305240631104,"Unknown"
"5020562",379156,2026-05-02 14:16:01,28.7640590667725,-17.7288799285889,"Unknown"
"5020562",379156,2026-05-02 14:17:00,28.7641296386719,-17.7290058135986,"Unknown"
"5020562",379156,2026-05-02 14:18:00,28.7641773223877,-17.729154586792,"Unknown"
"5020562",379156,2026-05-02 14:19:17,28.7640972137451,-17.7301139831543,"Unknown"
"5020562",379156,2026-05-02 14:20:17,28.7641544342041,-17.7301940917969,"Unknown"
"5020562",379156,2026-05-02 14:21:18,28.764217376709,-17.7302722930908,"Unknown"
"5020562",379156,2026-05-02 14:22:15,28.7643051147461,-17.7303695678711,"Unknown"
"5020562",379156,2026-05-02 14:23:14,28.7643604278564,-17.7304935455322,"Unknown"
"5020562",379156,2026-05-02 14:24:17,28.7644557952881,-17.7306118011475,"Unknown"
"5020562",379156,2026-05-02 14:25:15,28.7645626068115,-17.7306613922119,"Unknown"
"5020562",379156,2026-05-02 14:26:17,28.7646865844727,-17.7307167053223,"Unknown"
"5020562",379156,2026-05-02 14:27:17,28.7647914886475,-17.7307777404785,"Unknown"
"5020562",379156,2026-05-02 14:28:18,28.7648601531982,-17.7308235168457,"Unknown"
"5020562",379156,2026-05-02 14:29:17,28.7649002075195,-17.7308864593506,"Unknown"
"5020562",379156,2026-05-02 14:30:17,28.7631855010986,-17.7322406768799,"Unknown"
"5020562",379156,2026-05-02 14:31:17,28.7632179260254,-17.7323303222656,"Unknown"
"5020562",379156,2026-05-02 14:32:17,28.7621383666992,-17.7301712036133,"Unknown"
"5020562",379156,2026-05-02 14:33:26,28.7615852355957,-17.7268218994141,"Unknown"
"5020562",379156,2026-05-02 14:34:19,28.7605152130127,-17.7277507781982,"Unknown"
"5020562",379156,2026-05-02 14:35:19,28.7604732513428,-17.7278423309326,"Unknown"
"5020562",379156,2026-05-02 14:36:22,28.7585544586182,-17.727424621582,"Unknown"
"5020562",379156,2026-05-02 14:37:24,28.7581634521484,-17.7255592346191,"Unknown"
"5020562",379156,2026-05-02 14:38:22,28.7582511901855,-17.7252597808838,"Unknown"
"5020562",379156,2026-05-02 14:39:20,28.7581748962402,-17.7254638671875,"Unknown"
"5020562",379156,2026-05-02 14:40:19,28.7581119537354,-17.7256278991699,"Unknown"
"5020562",379156,2026-05-02 14:41:20,28.7563209533691,-17.7256603240967,"Unknown"
"5020562",379156,2026-05-02 14:42:22,28.7559356689453,-17.7260055541992,"Unknown"
"5020562",379156,2026-05-02 14:43:22,28.7559452056885,-17.7259330749512,"Unknown"
"5020562",379156,2026-05-02 14:44:22,28.7552528381348,-17.7250633239746,"Unknown"
"5020562",379156,2026-05-02 14:45:23,28.7552280426025,-17.7251091003418,"Unknown"
"5020562",379156,2026-05-02 14:46:24,28.7551555633545,-17.7252559661865,"Unknown"
"5020562",379156,2026-05-02 14:47:23,28.7551155090332,-17.7253322601318,"Unknown"
"5020562",379156,2026-05-02 14:48:22,28.7550277709961,-17.7253837585449,"Unknown"
"5020562",379156,2026-05-02 14:49:23,28.7550010681152,-17.7253665924072,"Unknown"
"5020562",379156,2026-05-02 14:50:22,28.7551498413086,-17.724925994873,"Unknown"
"5020562",379156,2026-05-02 14:51:22,28.753267288208,-17.7224369049072,"Unknown"
"5020562",379156,2026-05-02 14:56:24,28.7536964416504,-17.7227363586426,"Unknown"
"5020562",379156,2026-05-02 15:01:47,28.753942489624,-17.723201751709,"Unknown"
"5020562",379156,2026-05-02 15:06:25,28.7539939880371,-17.7235050201416,"Unknown"
"5020562",379156,2026-05-02 15:11:28,28.7540817260742,-17.7238864898682,"Unknown"
"5020562",379156,2026-05-02 15:16:25,28.7542953491211,-17.7243614196777,"Unknown"
"5020562",379156,2026-05-02 15:21:24,28.7545471191406,-17.7249431610107,"Unknown"
"5020562",379156,2026-05-02 15:26:47,28.7553081512451,-17.7255802154541,"Unknown"
"5020562",379156,2026-05-02 15:31:21,28.7586212158203,-17.7248020172119,"Unknown"
"5020562",379156,2026-05-02 15:32:20,28.7586002349854,-17.724910736084,"Unknown"
"5020562",379156,2026-05-02 15:37:21,28.7585525512695,-17.7256851196289,"Unknown"
"5020562",379156,2026-05-02 15:42:20,28.7555332183838,-17.7199363708496,"Unknown"
"5020562",379156,2026-05-02 15:43:20,28.7556171417236,-17.7200717926025,"Unknown"
"5020562",379156,2026-05-02 15:48:20,28.7559223175049,-17.7208633422852,"Unknown"
"5020562",379156,2026-05-02 15:53:20,28.7567558288574,-17.719310760498,"Unknown"
"5020562",379156,2026-05-02 15:58:20,28.7570018768311,-17.7196578979492,"Unknown"
"5020562",379156,2026-05-02 16:03:20,28.7571640014648,-17.7201137542725,"Unknown"
"5020562",379156,2026-05-02 16:08:20,28.7573261260986,-17.720775604248,"Unknown"
"5020562",379156,2026-05-02 16:13:24,28.7575454711914,-17.7214832305908,"Unknown"
"5020562",379156,2026-05-02 16:18:24,28.7577590942383,-17.7222309112549,"Unknown"
"5020562",379156,2026-05-02 16:23:21,28.7580242156982,-17.7229499816895,"Unknown"
"5020562",379156,2026-05-02 16:28:25,28.7583522796631,-17.7235832214355,"Unknown"
"5020562",379156,2026-05-02 16:33:47,28.758674621582,-17.724250793457,"Unknown"
"5020562",379156,2026-05-02 16:38:20,28.7590236663818,-17.7247333526611,"Unknown"
"5020562",379156,2026-05-02 16:43:23,28.7593460083008,-17.7251033782959,"Unknown"
"5020562",379156,2026-05-02 16:48:23,28.7594985961914,-17.7252979278564,"Unknown"
"5020562",379156,2026-05-02 16:49:22,28.75954246521,-17.7253570556641,"Unknown"
"5020562",379156,2026-05-02 16:50:22,28.7595081329346,-17.7209625244141,"Unknown"
"5020562",379156,2026-05-02 16:51:20,28.7599010467529,-17.7204914093018,"Unknown"
"5020562",379156,2026-05-02 16:56:20,28.7593631744385,-17.7204513549805,"Unknown"
"5020562",379156,2026-05-02 17:01:21,28.7598056793213,-17.7209281921387,"Unknown"
"5020562",379156,2026-05-02 17:06:20,28.7602500915527,-17.7215480804443,"Unknown"
"5020562",379156,2026-05-02 17:11:20,28.7558498382568,-17.7215785980225,"Unknown"
"5020562",379156,2026-05-02 17:16:24,28.7562103271484,-17.7220344543457,"Unknown"
"5020562",379156,2026-05-02 17:21:30,28.7565898895264,-17.7223682403564,"Unknown"
"5020562",379156,2026-05-02 17:26:30,28.7570362091064,-17.7224807739258,"Unknown"
"5020562",379156,2026-05-02 17:31:27,28.7575778961182,-17.7226028442383,"Unknown"
"5020562",379156,2026-05-02 17:36:47,28.7581844329834,-17.7228946685791,"Unknown"
"5020562",379156,2026-05-02 17:41:22,28.7586898803711,-17.7231025695801,"Unknown"
"5020562",379156,2026-05-02 17:46:23,28.7591705322266,-17.7233753204346,"Unknown"
"5020562",379156,2026-05-02 17:51:23,28.7596378326416,-17.7235622406006,"Unknown"
"5020562",379156,2026-05-02 17:56:21,28.7600517272949,-17.7236824035645,"Unknown"
"5020562",379156,2026-05-02 18:01:24,28.760440826416,-17.7235527038574,"Unknown"
"5020562",379156,2026-05-02 18:06:21,28.7607879638672,-17.7236042022705,"Unknown"
"5020562",379156,2026-05-02 18:11:23,28.7612190246582,-17.7236633300781,"Unknown"
"5020562",379156,2026-05-02 18:16:23,28.7616195678711,-17.7236576080322,"Unknown"
"5020562",379156,2026-05-02 18:21:20,28.7618255615234,-17.7235431671143,"Unknown"
"5020562",379156,2026-05-02 18:26:20,28.762092590332,-17.723518371582,"Unknown"
"5020562",379156,2026-05-02 18:31:20,28.7623596191406,-17.7234268188477,"Unknown"
"5020562",379156,2026-05-02 18:36:20,28.7626571655273,-17.723445892334,"Unknown"
"5020562",379156,2026-05-02 18:41:20,28.7629432678223,-17.7234916687012,"Unknown"
"5020562",379156,2026-05-02 18:46:47,28.7632923126221,-17.7232856750488,"Unknown"
"5020562",379156,2026-05-02 18:51:21,28.7636070251465,-17.7231578826904,"Unknown"
"5020562",379156,2026-05-02 18:56:20,28.7639083862305,-17.7229919433594,"Unknown"
"5020562",379156,2026-05-02 19:01:21,28.7642040252686,-17.7229232788086,"Unknown"
"5020562",379156,2026-05-02 19:06:20,28.7644519805908,-17.7228050231934,"Unknown"
"5020562",379156,2026-05-02 19:11:24,28.765323638916,-17.7228927612305,"Unknown"
"5020562",379156,2026-05-02 19:16:22,28.765453338623,-17.7228984832764,"Unknown"
"5020562",379156,2026-05-02 19:21:21,28.7654914855957,-17.7230491638184,"Unknown"
"5020562",379156,2026-05-02 19:26:22,28.7654685974121,-17.7231407165527,"Unknown"
"5020562",379156,2026-05-02 19:31:21,28.7654590606689,-17.7232799530029,"Unknown"
"5020562",379156,2026-05-02 19:36:22,28.765531539917,-17.7232666015625,"Unknown"
"5020562",379156,2026-05-02 19:41:22,28.765552520752,-17.7231674194336,"Unknown"
"5020562",379156,2026-05-02 19:46:21,28.7655506134033,-17.7231197357178,"Unknown"
"5020562",379156,2026-05-02 19:51:23,28.7655258178711,-17.7229824066162,"Unknown"
"5020562",379156,2026-05-02 19:56:21,28.7656593322754,-17.7229042053223,"Unknown"
"5020562",379156,2026-05-02 20:01:22,28.7656707763672,-17.7226829528809,"Unknown"
"5020562",379156,2026-05-02 20:06:22,28.7656803131104,-17.7227172851562,"Unknown"
"5020562",379156,2026-05-02 20:11:22,28.7657814025879,-17.72287940979,"Unknown"
"5020562",379156,2026-05-02 20:16:23,28.765682220459,-17.7232093811035,"Unknown"
"5020562",379156,2026-05-02 20:21:22,28.7656745910645,-17.723201751709,"Unknown"
"5020562",379156,2026-05-02 20:26:24,28.7655830383301,-17.7231941223145,"Unknown"
"5020562",379156,2026-05-02 20:31:24,28.7653408050537,-17.7235813140869,"Unknown"
"5020562",379156,2026-05-02 20:36:25,28.7650737762451,-17.7237701416016,"Unknown"
"5020562",379156,2026-05-02 20:41:27,28.7650012969971,-17.7238826751709,"Unknown"
"5020562",379156,2026-05-02 20:46:47,28.7649936676025,-17.7238960266113,"Unknown"
"5020562",379156,2026-05-02 20:51:24,28.7433738708496,-17.7160682678223,"Unknown"
"5020562",379156,2026-05-02 20:56:24,28.7084560394287,-17.7273139953613,"Unknown"
"5020562",379156,2026-05-02 21:01:46,28.6969394683838,-17.752161026001,"Unknown"
"5020562",379156,2026-05-02 21:02:21,28.6959590911865,-17.750415802002,"Unknown"
"5020562",379156,2026-05-02 21:03:22,28.6992683410645,-17.749641418457,"Unknown"
"5020562",379156,2026-05-02 21:04:21,28.7010612487793,-17.7474174499512,"Unknown"
"5020562",379156,2026-05-02 21:05:22,28.7022438049316,-17.7455577850342,"Unknown"
"5020562",379156,2026-05-02 21:06:21,28.7033786773682,-17.746618270874,"Unknown"
"5020562",379156,2026-05-02 21:07:21,28.7078189849854,-17.7504177093506,"Unknown"
"5020562",379156,2026-05-02 21:08:23,28.7126998901367,-17.7553958892822,"Unknown"
"5020562",379156,2026-05-02 21:09:22,28.7177429199219,-17.7594165802002,"Unknown"
"5020562",379156,2026-05-02 21:10:47,28.7209243774414,-17.763240814209,"Unknown"
"5020562",379156,2026-05-02 21:11:24,28.7208137512207,-17.7646446228027,"Unknown"
"5020562",379156,2026-05-02 21:13:17,28.7208786010742,-17.7657318115234,"Unknown"
"5020562",379156,2026-05-02 21:13:18,28.7208786010742,-17.7657318115234,"Unknown"
"5020562",379156,2026-05-03 05:14:41,28.7069187164307,-17.7339267730713,"Unknown"
"5020562",379156,2026-05-03 05:24:01,28.706693649292,-17.7335357666016,"Unknown"
"5020562",379156,2026-05-03 05:34:01,28.70627784729,-17.733024597168,"Unknown"
"5020562",379156,2026-05-03 05:44:01,28.7057819366455,-17.7325134277344,"Unknown"
"5020562",379156,2026-05-03 05:54:02,28.7049140930176,-17.7315540313721,"Unknown"
"5020562",379156,2026-05-03 06:04:01,28.7039222717285,-17.7300643920898,"Unknown"
"5020562",379156,2026-05-03 06:14:02,28.7031688690186,-17.7288398742676,"Unknown"
"5020562",379156,2026-05-03 06:24:01,28.7500438690186,-17.7156162261963,"Unknown"
"5020562",379156,2026-05-03 06:34:01,28.7578544616699,-17.7243556976318,"Unknown"
"5020562",379156,2026-05-03 06:44:04,28.7631187438965,-17.7237529754639,"Unknown"
"5020562",379156,2026-05-03 06:54:04,28.7633991241455,-17.7238254547119,"Unknown"
"5020562",379156,2026-05-03 07:04:03,28.7619380950928,-17.726167678833,"Unknown"
"5020562",379156,2026-05-03 07:14:03,28.7604370117188,-17.7259178161621,"Unknown"
"5020562",379156,2026-05-03 07:24:03,28.7733345031738,-17.7284240722656,"Unknown"
"5020562",379156,2026-05-03 07:34:03,28.7748603820801,-17.7320175170898,"Unknown"
"5020562",379156,2026-05-03 07:44:33,28.7740802764893,-17.7315635681152,"Unknown"
"5020562",379156,2026-05-03 07:54:01,28.7733287811279,-17.7313747406006,"Unknown"
"5020562",379156,2026-05-03 08:04:01,28.7725162506104,-17.7312450408936,"Unknown"
"5020562",379156,2026-05-03 08:14:01,28.7714385986328,-17.7261447906494,"Unknown"
"5020562",379156,2026-05-03 08:24:01,28.7707176208496,-17.726110458374,"Unknown"
"5020562",379156,2026-05-03 08:34:11,28.7691421508789,-17.7327842712402,"Unknown"
"5020562",379156,2026-05-03 08:44:11,28.7679538726807,-17.7294464111328,"Unknown"
"5020562",379156,2026-05-03 08:54:11,28.7671661376953,-17.7313690185547,"Unknown"
"5020562",379156,2026-05-03 09:04:13,28.7665004730225,-17.7316799163818,"Unknown"
"5020562",379156,2026-05-03 09:14:11,28.7658042907715,-17.731897354126,"Unknown"
"5020562",379156,2026-05-03 09:24:12,28.7651119232178,-17.7322082519531,"Unknown"
"5020562",379156,2026-05-03 09:34:12,28.7646961212158,-17.7324256896973,"Unknown"
"5020562",379156,2026-05-03 09:35:13,28.7646732330322,-17.7324256896973,"Unknown"
"5020562",379156,2026-05-03 09:36:13,28.7646503448486,-17.7324123382568,"Unknown"
"5020562",379156,2026-05-03 09:37:12,28.7646217346191,-17.7324066162109,"Unknown"
"5020562",379156,2026-05-03 09:38:11,28.7646026611328,-17.7323760986328,"Unknown"
"5020562",379156,2026-05-03 09:39:14,28.7645797729492,-17.7324047088623,"Unknown"
"5020562",379156,2026-05-03 09:40:15,28.7645702362061,-17.7324142456055,"Unknown"
"5020562",379156,2026-05-03 09:41:14,28.7645454406738,-17.7324314117432,"Unknown"
"5020562",379156,2026-05-03 09:42:13,28.7645015716553,-17.7324695587158,"Unknown"
"5020562",379156,2026-05-03 09:43:12,28.7644958496094,-17.7324695587158,"Unknown"
"5020562",379156,2026-05-03 09:44:11,28.7644805908203,-17.732536315918,"Unknown"
"5020562",379156,2026-05-03 09:45:11,28.7644443511963,-17.7325954437256,"Unknown"
"5020562",379156,2026-05-03 09:46:11,28.7644004821777,-17.7326564788818,"Unknown"
"5020562",379156,2026-05-03 09:47:11,28.7643222808838,-17.7326812744141,"Unknown"
"5020562",379156,2026-05-03 09:48:13,28.7642803192139,-17.7327365875244,"Unknown"
"5020562",379156,2026-05-03 09:49:11,28.7642097473145,-17.7327842712402,"Unknown"
"5020562",379156,2026-05-03 09:50:11,28.7641944885254,-17.7328395843506,"Unknown"
"5020562",379156,2026-05-03 09:51:11,28.7644329071045,-17.7324485778809,"Unknown"
"5020562",379156,2026-05-03 09:52:13,28.7644100189209,-17.7325229644775,"Unknown"
"5020562",379156,2026-05-03 09:53:11,28.7683868408203,-17.7343673706055,"Unknown"
"5020562",379156,2026-05-03 09:54:13,28.7683372497559,-17.7344512939453,"Unknown"
"5020562",379156,2026-05-03 09:55:14,28.7682838439941,-17.7345218658447,"Unknown"
"5020562",379156,2026-05-03 09:56:14,28.7683010101318,-17.7345714569092,"Unknown"
"5020562",379156,2026-05-03 09:57:14,28.7682971954346,-17.7346687316895,"Unknown"
"5020562",379156,2026-05-03 09:58:15,28.7683124542236,-17.7347450256348,"Unknown"
"5020562",379156,2026-05-03 09:59:13,28.768274307251,-17.7348785400391,"Unknown"
"5020562",379156,2026-05-03 10:00:32,28.7682609558105,-17.7350025177002,"Unknown"
"5020562",379156,2026-05-03 10:01:11,28.7682476043701,-17.7350635528564,"Unknown"
"5020562",379156,2026-05-03 10:02:11,28.7682399749756,-17.7351551055908,"Unknown"
"5020562",379156,2026-05-03 10:03:11,28.7682094573975,-17.7352485656738,"Unknown"
"5020562",379156,2026-05-03 10:04:11,28.7682094573975,-17.7353534698486,"Unknown"
"5020562",379156,2026-05-03 10:05:11,28.768217086792,-17.735445022583,"Unknown"
"5020562",379156,2026-05-03 10:06:11,28.7681922912598,-17.735559463501,"Unknown"
"5020562",379156,2026-05-03 10:07:11,28.7681865692139,-17.735668182373,"Unknown"
"5020562",379156,2026-05-03 10:08:11,28.7682075500488,-17.7357711791992,"Unknown"
"5020562",379156,2026-05-03 10:09:11,28.7682113647461,-17.7358665466309,"Unknown"
"5020562",379156,2026-05-03 10:10:11,28.768217086792,-17.7359580993652,"Unknown"
"5020562",379156,2026-05-03 10:11:11,28.7682132720947,-17.7360591888428,"Unknown"
"5020562",379156,2026-05-03 10:12:11,28.7668323516846,-17.7355518341064,"Unknown"
"5020562",379156,2026-05-03 10:13:11,28.7619895935059,-17.7315731048584,"Unknown"
"5020562",379156,2026-05-03 10:14:11,28.7620944976807,-17.7312774658203,"Unknown"
"5020562",379156,2026-05-03 10:15:11,28.7620582580566,-17.7313175201416,"Unknown"
"5020562",379156,2026-05-03 10:16:11,28.762035369873,-17.7313289642334,"Unknown"
"5020562",379156,2026-05-03 10:17:11,28.762035369873,-17.7313613891602,"Unknown"
"5020562",379156,2026-05-03 10:18:11,28.7607135772705,-17.7300128936768,"Unknown"
"5020562",379156,2026-05-03 10:19:12,28.7584476470947,-17.7285480499268,"Unknown"
"5020562",379156,2026-05-03 10:20:11,28.7584190368652,-17.7285652160645,"Unknown"
"5020562",379156,2026-05-03 10:21:11,28.7583789825439,-17.7285346984863,"Unknown"
"5020562",379156,2026-05-03 10:22:12,28.7583465576172,-17.7285823822021,"Unknown"
"5020562",379156,2026-05-03 10:23:12,28.7583427429199,-17.7285442352295,"Unknown"
"5020562",379156,2026-05-03 10:24:11,28.7583408355713,-17.7285346984863,"Unknown"
"5020562",379156,2026-05-03 10:25:12,28.7583522796631,-17.7285633087158,"Unknown"
"5020562",379156,2026-05-03 10:26:11,28.7584285736084,-17.7286510467529,"Unknown"
"5020562",379156,2026-05-03 10:27:11,28.7585468292236,-17.7287578582764,"Unknown"
"5020562",379156,2026-05-03 10:28:11,28.7586860656738,-17.7288761138916,"Unknown"
"5020562",379156,2026-05-03 10:29:12,28.7587375640869,-17.7289600372314,"Unknown"
"5020562",379156,2026-05-03 10:30:12,28.7587146759033,-17.7290191650391,"Unknown"
"5020562",379156,2026-05-03 10:31:11,28.7587471008301,-17.7291049957275,"Unknown"
"5020562",379156,2026-05-03 10:32:11,28.7587776184082,-17.7292098999023,"Unknown"
"5020562",379156,2026-05-03 10:33:11,28.7588043212891,-17.7293319702148,"Unknown"
"5020562",379156,2026-05-03 10:34:11,28.7588577270508,-17.7294082641602,"Unknown"
"5020562",379156,2026-05-03 10:35:11,28.7589302062988,-17.7295207977295,"Unknown"
"5020562",379156,2026-05-03 10:36:11,28.7589435577393,-17.7288665771484,"Unknown"
"5020562",379156,2026-05-03 10:37:12,28.7589988708496,-17.7289943695068,"Unknown"
"5020562",379156,2026-05-03 10:38:11,28.7590141296387,-17.7290630340576,"Unknown"
"5020562",379156,2026-05-03 10:39:11,28.7590293884277,-17.7291870117188,"Unknown"
"5020562",379156,2026-05-03 10:40:11,28.7590446472168,-17.7293014526367,"Unknown"
"5020562",379156,2026-05-03 10:41:11,28.7590579986572,-17.7294178009033,"Unknown"
"5020562",379156,2026-05-03 10:42:11,28.7590503692627,-17.7294921875,"Unknown"
"5020562",379156,2026-05-03 10:43:11,28.759090423584,-17.7295951843262,"Unknown"
"5020562",379156,2026-05-03 10:44:12,28.7591037750244,-17.7296943664551,"Unknown"
"5020562",379156,2026-05-03 10:45:11,28.7591304779053,-17.7297821044922,"Unknown"
"5020562",379156,2026-05-03 10:46:11,28.759147644043,-17.7298851013184,"Unknown"
"5020562",379156,2026-05-03 10:47:11,28.7591953277588,-17.730001449585,"Unknown"
"5020562",379156,2026-05-03 10:48:12,28.759220123291,-17.7301273345947,"Unknown"
"5020562",379156,2026-05-03 10:49:11,28.7592430114746,-17.7302551269531,"Unknown"
"5020562",379156,2026-05-03 10:50:12,28.7592582702637,-17.7303981781006,"Unknown"
"5020562",379156,2026-05-03 10:51:11,28.7593193054199,-17.7304973602295,"Unknown"
"5020562",379156,2026-05-03 10:52:11,28.7593402862549,-17.7306423187256,"Unknown"
"5020562",379156,2026-05-03 10:53:11,28.7593841552734,-17.7307758331299,"Unknown"
"5020562",379156,2026-05-03 10:54:11,28.7594051361084,-17.7308979034424,"Unknown"
"5020562",379156,2026-05-03 10:55:11,28.7594451904297,-17.7310676574707,"Unknown"
"5020562",379156,2026-05-03 10:56:11,28.7591075897217,-17.7310810089111,"Unknown"
"5020562",379156,2026-05-03 10:57:11,28.7603130340576,-17.7305488586426,"Unknown"
"5020562",379156,2026-05-03 10:58:12,28.7603797912598,-17.7306842803955,"Unknown"
"5020562",379156,2026-05-03 10:59:11,28.7603549957275,-17.7308731079102,"Unknown"
"5020562",379156,2026-05-03 11:00:12,28.7603874206543,-17.7310581207275,"Unknown"
"5020562",379156,2026-05-03 11:01:11,28.7604465484619,-17.7312049865723,"Unknown"
"5020562",379156,2026-05-03 11:02:12,28.7605495452881,-17.7312793731689,"Unknown"
"5020562",379156,2026-05-03 11:03:11,28.7606792449951,-17.7315216064453,"Unknown"
"5020562",379156,2026-05-03 11:04:12,28.7607917785645,-17.7317199707031,"Unknown"
"5020562",379156,2026-05-03 11:05:12,28.7645072937012,-17.7332572937012,"Unknown"
"5020562",379156,2026-05-03 11:06:11,28.7645111083984,-17.734546661377,"Unknown"
"5020562",379156,2026-05-03 11:07:21,28.7630462646484,-17.7351131439209,"Unknown"
"5020562",379156,2026-05-03 11:08:19,28.7629890441895,-17.7336368560791,"Unknown"
"5020562",379156,2026-05-03 11:09:19,28.7629833221436,-17.7337551116943,"Unknown"
"5020562",379156,2026-05-03 11:10:19,28.7604160308838,-17.7344264984131,"Unknown"
"5020562",379156,2026-05-03 11:11:19,28.762357711792,-17.7311878204346,"Unknown"
"5020562",379156,2026-05-03 11:12:18,28.7625713348389,-17.7313976287842,"Unknown"
"5020562",379156,2026-05-03 11:13:19,28.7626190185547,-17.7315502166748,"Unknown"
"5020562",379156,2026-05-03 11:14:19,28.7626285552979,-17.7316951751709,"Unknown"
"5020562",379156,2026-05-03 11:15:19,28.7627658843994,-17.7318553924561,"Unknown"
"5020562",379156,2026-05-03 11:16:19,28.7648868560791,-17.732084274292,"Unknown"
"5020562",379156,2026-05-03 11:17:19,28.7678375244141,-17.7309055328369,"Unknown"
"5020562",379156,2026-05-03 11:18:18,28.7679481506348,-17.7311382293701,"Unknown"
"5020562",379156,2026-05-03 11:19:20,28.7680416107178,-17.7313594818115,"Unknown"
"5020562",379156,2026-05-03 11:20:20,28.7681198120117,-17.7315864562988,"Unknown"
"5020562",379156,2026-05-03 11:21:20,28.7676620483398,-17.7299957275391,"Unknown"
"5020562",379156,2026-05-03 11:22:19,28.7677268981934,-17.7301349639893,"Unknown"
"5020562",379156,2026-05-03 11:23:18,28.7678470611572,-17.7302761077881,"Unknown"
"5020562",379156,2026-05-03 11:24:19,28.7679748535156,-17.7304306030273,"Unknown"
"5020562",379156,2026-05-03 11:25:19,28.7681484222412,-17.7306327819824,"Unknown"
"5020562",379156,2026-05-03 11:26:21,28.7683124542236,-17.7308502197266,"Unknown"
"5020562",379156,2026-05-03 11:27:21,28.768424987793,-17.7310199737549,"Unknown"
"5020562",379156,2026-05-03 11:28:20,28.7685585021973,-17.7311916351318,"Unknown"
"5020562",379156,2026-05-03 11:29:20,28.7686729431152,-17.7313919067383,"Unknown"
"5020562",379156,2026-05-03 11:30:20,28.7688503265381,-17.7316093444824,"Unknown"
"5020562",379156,2026-05-03 11:31:20,28.7690486907959,-17.7318305969238,"Unknown"
"5020562",379156,2026-05-03 11:32:20,28.769214630127,-17.7320423126221,"Unknown"
"5020562",379156,2026-05-03 11:33:21,28.7693958282471,-17.7322254180908,"Unknown"
"5020562",379156,2026-05-03 11:34:21,28.7695503234863,-17.7324142456055,"Unknown"
"5020562",379156,2026-05-03 11:35:20,28.7696723937988,-17.7325992584229,"Unknown"
"5020562",379156,2026-05-03 11:36:21,28.7698192596436,-17.7328109741211,"Unknown"
"5020562",379156,2026-05-03 11:37:21,28.7699375152588,-17.7330188751221,"Unknown"
"5020562",379156,2026-05-03 11:38:20,28.7700996398926,-17.7332134246826,"Unknown"
"5020562",379156,2026-05-03 11:39:22,28.7702693939209,-17.7333106994629,"Unknown"
"5020562",379156,2026-05-03 11:40:23,28.7704639434814,-17.7334785461426,"Unknown"
"5020562",379156,2026-05-03 11:41:20,28.7706508636475,-17.7335834503174,"Unknown"
"5020562",379156,2026-05-03 11:42:19,28.7708129882812,-17.7337093353271,"Unknown"
"5020562",379156,2026-05-03 11:43:19,28.7709865570068,-17.7338390350342,"Unknown"
"5020562",379156,2026-05-03 11:44:21,28.7711429595947,-17.7340526580811,"Unknown"
"5020562",379156,2026-05-03 11:45:22,28.7713813781738,-17.7341594696045,"Unknown"
"5020562",379156,2026-05-03 11:46:22,28.7716045379639,-17.734338760376,"Unknown"
"5020562",379156,2026-05-03 11:47:22,28.7717990875244,-17.7345905303955,"Unknown"
"5020562",379156,2026-05-03 11:48:22,28.7719879150391,-17.7347564697266,"Unknown"
"5020562",379156,2026-05-03 11:49:21,28.7722415924072,-17.7348613739014,"Unknown"
"5020562",379156,2026-05-03 11:50:24,28.772424697876,-17.7349376678467,"Unknown"
"5020562",379156,2026-05-03 11:51:22,28.7726192474365,-17.7350425720215,"Unknown"
"5020562",379156,2026-05-03 11:52:22,28.7728366851807,-17.7352142333984,"Unknown"
"5020562",379156,2026-05-03 11:53:23,28.7730350494385,-17.7353897094727,"Unknown"
"5020562",379156,2026-05-03 11:54:19,28.7732067108154,-17.7354469299316,"Unknown"
"5020562",379156,2026-05-03 11:55:22,28.7734107971191,-17.7355899810791,"Unknown"
"5020562",379156,2026-05-03 11:56:30,28.7737083435059,-17.7357139587402,"Unknown"
"5020562",379156,2026-05-03 11:57:22,28.7739238739014,-17.73583984375,"Unknown"
"5020562",379156,2026-05-03 11:58:26,28.7741870880127,-17.735969543457,"Unknown"
"5020562",379156,2026-05-03 11:59:23,28.774377822876,-17.7361488342285,"Unknown"
"5020562",379156,2026-05-03 12:00:47,28.7745952606201,-17.7363338470459,"Unknown"
"5020562",379156,2026-05-03 12:01:19,28.7746753692627,-17.736421585083,"Unknown"
"5020562",379156,2026-05-03 12:02:19,28.7748107910156,-17.73659324646,"Unknown"
"5020562",379156,2026-05-03 12:03:19,28.7749462127686,-17.7367668151855,"Unknown"
"5020562",379156,2026-05-03 12:04:19,28.7791004180908,-17.7354030609131,"Unknown"
"5020562",379156,2026-05-03 12:05:19,28.7792263031006,-17.735071182251,"Unknown"
"5020562",379156,2026-05-03 12:06:19,28.7775535583496,-17.7347812652588,"Unknown"
"5020562",379156,2026-05-03 12:07:19,28.7761688232422,-17.7346935272217,"Unknown"
"5020562",379156,2026-05-03 12:08:19,28.7763271331787,-17.7348880767822,"Unknown"
"5020562",379156,2026-05-03 12:09:19,28.7765007019043,-17.7350540161133,"Unknown"
"5020562",379156,2026-05-03 12:10:20,28.7766571044922,-17.7352123260498,"Unknown"
"5020562",379156,2026-05-03 12:11:20,28.7768249511719,-17.735408782959,"Unknown"
"5020562",379156,2026-05-03 12:12:20,28.7769737243652,-17.7355880737305,"Unknown"
"5020562",379156,2026-05-03 12:13:19,28.7771263122559,-17.7357883453369,"Unknown"
"5020562",379156,2026-05-03 12:14:19,28.777286529541,-17.7359886169434,"Unknown"
"5020562",379156,2026-05-03 12:15:19,28.7774620056152,-17.7361698150635,"Unknown"
"5020562",379156,2026-05-03 12:16:19,28.7776432037354,-17.7363548278809,"Unknown"
"5020562",379156,2026-05-03 12:17:19,28.7778205871582,-17.7365417480469,"Unknown"
"5020562",379156,2026-05-03 12:18:19,28.7780132293701,-17.7367057800293,"Unknown"
"5020562",379156,2026-05-03 12:19:19,28.7781505584717,-17.7368450164795,"Unknown"
"5020562",379156,2026-05-03 12:20:18,28.7782726287842,-17.7370376586914,"Unknown"
"5020562",379156,2026-05-03 12:21:18,28.7784252166748,-17.7371997833252,"Unknown"
"5020562",379156,2026-05-03 12:22:19,28.7785682678223,-17.7372913360596,"Unknown"
"5020562",379156,2026-05-03 12:23:19,28.7804584503174,-17.7323150634766,"Unknown"
"5020562",379156,2026-05-03 12:24:18,28.7805671691895,-17.7324886322021,"Unknown"
"5020562",379156,2026-05-03 12:25:18,28.7806434631348,-17.7327213287354,"Unknown"
"5020562",379156,2026-05-03 12:26:18,28.7807922363281,-17.7328701019287,"Unknown"
"5020562",379156,2026-05-03 12:27:19,28.780969619751,-17.7330303192139,"Unknown"
"5020562",379156,2026-05-03 12:28:18,28.7811489105225,-17.7331714630127,"Unknown"
"5020562",379156,2026-05-03 12:29:18,28.7813243865967,-17.7333278656006,"Unknown"
"5020562",379156,2026-05-03 12:30:19,28.7814960479736,-17.7334594726562,"Unknown"
"5020562",379156,2026-05-03 12:31:19,28.7816848754883,-17.733585357666,"Unknown"
"5020562",379156,2026-05-03 12:32:19,28.7818546295166,-17.7337169647217,"Unknown"
"5020562",379156,2026-05-03 12:33:19,28.7820243835449,-17.7338485717773,"Unknown"
"5020562",379156,2026-05-03 12:34:18,28.7821712493896,-17.7339763641357,"Unknown"
"5020562",379156,2026-05-03 12:35:19,28.7823524475098,-17.7341041564941,"Unknown"
"5020562",379156,2026-05-03 12:36:19,28.7825584411621,-17.7342510223389,"Unknown"
"5020562",379156,2026-05-03 12:37:19,28.7827205657959,-17.7343845367432,"Unknown"
"5020562",379156,2026-05-03 12:38:18,28.7829170227051,-17.7345447540283,"Unknown"
"5020562",379156,2026-05-03 12:39:19,28.783088684082,-17.7347068786621,"Unknown"
"5020562",379156,2026-05-03 12:40:18,28.7832565307617,-17.7348461151123,"Unknown"
"5020562",379156,2026-05-03 12:41:19,28.7834777832031,-17.7349910736084,"Unknown"
"5020562",379156,2026-05-03 12:42:18,28.7836456298828,-17.7351245880127,"Unknown"
"5020562",379156,2026-05-03 12:43:19,28.7838344573975,-17.7352294921875,"Unknown"
"5020562",379156,2026-05-03 12:44:19,28.7840251922607,-17.735372543335,"Unknown"
"5020562",379156,2026-05-03 12:45:18,28.7842063903809,-17.7354640960693,"Unknown"
"5020562",379156,2026-05-03 12:46:19,28.7843914031982,-17.7355766296387,"Unknown"
"5020562",379156,2026-05-03 12:47:19,28.7845554351807,-17.7356986999512,"Unknown"
"5020562",379156,2026-05-03 12:48:18,28.7847576141357,-17.7358112335205,"Unknown"
"5020562",379156,2026-05-03 12:49:18,28.7849407196045,-17.7359256744385,"Unknown"
"5020562",379156,2026-05-03 12:50:19,28.7851448059082,-17.7360439300537,"Unknown"
"5020562",379156,2026-05-03 12:51:19,28.7853221893311,-17.7361679077148,"Unknown"
"5020562",379156,2026-05-03 12:52:19,28.7855167388916,-17.7362957000732,"Unknown"
"5020562",379156,2026-05-03 12:53:19,28.785717010498,-17.7364139556885,"Unknown"
"5020562",379156,2026-05-03 12:54:19,28.78590965271,-17.7365398406982,"Unknown"
"5020562",379156,2026-05-03 12:55:18,28.7860870361328,-17.7366485595703,"Unknown"
"5020562",379156,2026-05-03 12:56:19,28.786283493042,-17.7367820739746,"Unknown"
"5020562",379156,2026-05-03 12:57:19,28.7864208221436,-17.7369232177734,"Unknown"
"5020562",379156,2026-05-03 12:58:19,28.7865600585938,-17.737003326416,"Unknown"
"5020562",379156,2026-05-03 12:59:18,28.7867317199707,-17.7371292114258,"Unknown"
"5020562",379156,2026-05-03 13:00:19,28.7869262695312,-17.7371768951416,"Unknown"
"5020562",379156,2026-05-03 13:01:19,28.7870941162109,-17.7372531890869,"Unknown"
"5020562",379156,2026-05-03 13:02:19,28.7872676849365,-17.7373485565186,"Unknown"
"5020562",379156,2026-05-03 13:03:19,28.7874202728271,-17.7374515533447,"Unknown"
"5020562",379156,2026-05-03 13:04:19,28.7875804901123,-17.73756980896,"Unknown"
"5020562",379156,2026-05-03 13:05:19,28.7877292633057,-17.7376670837402,"Unknown"
"5020562",379156,2026-05-03 13:06:19,28.7878971099854,-17.7377624511719,"Unknown"
"5020562",379156,2026-05-03 13:07:19,28.7880611419678,-17.7378730773926,"Unknown"
"5020562",379156,2026-05-03 13:08:19,28.7882175445557,-17.7380142211914,"Unknown"
"5020562",379156,2026-05-03 13:09:19,28.7883739471436,-17.7381553649902,"Unknown"
"5020562",379156,2026-05-03 13:10:19,28.7885437011719,-17.7382907867432,"Unknown"
"5020562",379156,2026-05-03 13:11:19,28.7886409759521,-17.7384452819824,"Unknown"
"5020562",379156,2026-05-03 13:12:20,28.7887420654297,-17.7386169433594,"Unknown"
"5020562",379156,2026-05-03 13:13:19,28.7888603210449,-17.7387809753418,"Unknown"
"5020562",379156,2026-05-03 13:14:20,28.7890090942383,-17.7389278411865,"Unknown"
"5020562",379156,2026-05-03 13:15:19,28.7891464233398,-17.7390766143799,"Unknown"
"5020562",379156,2026-05-03 13:16:19,28.7892723083496,-17.7392425537109,"Unknown"
"5020562",379156,2026-05-03 13:17:19,28.7894058227539,-17.7394046783447,"Unknown"
"5020562",379156,2026-05-03 13:18:19,28.7895393371582,-17.7395553588867,"Unknown"
"5020562",379156,2026-05-03 13:19:19,28.789722442627,-17.7396793365479,"Unknown"
"5020562",379156,2026-05-03 13:20:20,28.7898693084717,-17.739803314209,"Unknown"
"5020562",379156,2026-05-03 13:21:20,28.7899723052979,-17.7399387359619,"Unknown"
"5020562",379156,2026-05-03 13:22:19,28.7901153564453,-17.7400436401367,"Unknown"
"5020562",379156,2026-05-03 13:23:20,28.7902393341064,-17.7401828765869,"Unknown"
"5020562",379156,2026-05-03 13:24:19,28.7903614044189,-17.7403049468994,"Unknown"
"5020562",379156,2026-05-03 13:25:19,28.7905349731445,-17.7404384613037,"Unknown"
"5020562",379156,2026-05-03 13:26:19,28.7907390594482,-17.7405452728271,"Unknown"
"5020562",379156,2026-05-03 13:27:20,28.7909297943115,-17.7406330108643,"Unknown"
"5020562",379156,2026-05-03 13:28:20,28.7910861968994,-17.7407646179199,"Unknown"
"5020562",379156,2026-05-03 13:29:19,28.7912101745605,-17.7409019470215,"Unknown"
"5020562",379156,2026-05-03 13:30:19,28.7913799285889,-17.7410430908203,"Unknown"
"5020562",379156,2026-05-03 13:31:19,28.7915229797363,-17.7411575317383,"Unknown"
"5020562",379156,2026-05-03 13:32:20,28.791675567627,-17.741268157959,"Unknown"
"5020562",379156,2026-05-03 13:33:20,28.7914562225342,-17.7412872314453,"Unknown"
"5020562",379156,2026-05-03 13:34:19,28.7915916442871,-17.7413997650146,"Unknown"
"5020562",379156,2026-05-03 13:35:20,28.7917423248291,-17.7415237426758,"Unknown"
"5020562",379156,2026-05-03 13:36:19,28.7919235229492,-17.7416381835938,"Unknown"
"5020562",379156,2026-05-03 13:37:19,28.7921485900879,-17.7417869567871,"Unknown"
"5020562",379156,2026-05-03 13:38:19,28.792366027832,-17.7419471740723,"Unknown"
"5020562",379156,2026-05-03 13:39:19,28.7926063537598,-17.7420997619629,"Unknown"
"5020562",379156,2026-05-03 13:40:19,28.7928352355957,-17.7422332763672,"Unknown"
"5020562",379156,2026-05-03 13:41:19,28.7930488586426,-17.7423477172852,"Unknown"
"5020562",379156,2026-05-03 13:42:21,28.7933101654053,-17.7424850463867,"Unknown"
"5020562",379156,2026-05-03 13:43:19,28.793550491333,-17.7425880432129,"Unknown"
"5020562",379156,2026-05-03 13:44:20,28.7937641143799,-17.74267578125,"Unknown"
"5020562",379156,2026-05-03 13:45:20,28.7939529418945,-17.7428150177002,"Unknown"
"5020562",379156,2026-05-03 13:46:19,28.7941284179688,-17.7429122924805,"Unknown"
"5020562",379156,2026-05-03 13:47:20,28.7943000793457,-17.7430324554443,"Unknown"
"5020562",379156,2026-05-03 13:48:20,28.7945442199707,-17.7431297302246,"Unknown"
"5020562",379156,2026-05-03 13:49:20,28.7947845458984,-17.743221282959,"Unknown"
"5020562",379156,2026-05-03 13:50:18,28.7949810028076,-17.7432594299316,"Unknown"
"5020562",379156,2026-05-03 13:51:20,28.7952270507812,-17.7433223724365,"Unknown"
"5020562",379156,2026-05-03 13:52:19,28.7994174957275,-17.7432765960693,"Unknown"
"5020562",379156,2026-05-03 13:53:19,28.8049793243408,-17.7486972808838,"Unknown"
"5020562",379156,2026-05-03 13:54:21,28.8051738739014,-17.7486934661865,"Unknown"
"5020562",379156,2026-05-03 13:55:19,28.8053150177002,-17.7487621307373,"Unknown"
"5020562",379156,2026-05-03 13:56:20,28.8054485321045,-17.7487831115723,"Unknown"
"5020562",379156,2026-05-03 13:57:20,28.8056221008301,-17.7488327026367,"Unknown"
"5020562",379156,2026-05-03 13:58:19,28.8058052062988,-17.748893737793,"Unknown"
"5020562",379156,2026-05-03 13:59:21,28.8059749603271,-17.748950958252,"Unknown"
"5020562",379156,2026-05-03 14:00:47,28.8062553405762,-17.7490348815918,"Unknown"
"5020562",379156,2026-05-03 14:01:19,28.8063697814941,-17.7490615844727,"Unknown"
"5020562",379156,2026-05-03 14:02:18,28.8065872192383,-17.7491016387939,"Unknown"
"5020562",379156,2026-05-03 14:03:18,28.8067188262939,-17.7491073608398,"Unknown"
"5020562",379156,2026-05-03 14:04:18,28.8068809509277,-17.7491722106934,"Unknown"
"5020562",379156,2026-05-03 14:05:18,28.807056427002,-17.74924659729,"Unknown"
"5020562",379156,2026-05-03 14:06:18,28.8071670532227,-17.7493000030518,"Unknown"
"5020562",379156,2026-05-03 14:07:18,28.8073348999023,-17.7493534088135,"Unknown"
"5020562",379156,2026-05-03 14:08:19,28.8074817657471,-17.7494354248047,"Unknown"
"5020562",379156,2026-05-03 14:09:19,28.8076362609863,-17.7495174407959,"Unknown"
"5020562",379156,2026-05-03 14:10:18,28.8077602386475,-17.749626159668,"Unknown"
"5020562",379156,2026-05-03 14:11:19,28.8078765869141,-17.7496967315674,"Unknown"
"5020562",379156,2026-05-03 14:12:19,28.8079776763916,-17.7497787475586,"Unknown"
"5020562",379156,2026-05-03 14:13:19,28.8081436157227,-17.7498359680176,"Unknown"
"5020562",379156,2026-05-03 14:14:19,28.8082790374756,-17.7498664855957,"Unknown"
"5020562",379156,2026-05-03 14:15:20,28.8084526062012,-17.749963760376,"Unknown"
"5020562",379156,2026-05-03 14:16:18,28.8085651397705,-17.7500267028809,"Unknown"
"5020562",379156,2026-05-03 14:17:19,28.8086948394775,-17.7500648498535,"Unknown"
"5020562",379156,2026-05-03 14:18:19,28.8088111877441,-17.7501201629639,"Unknown"
"5020562",379156,2026-05-03 14:19:19,28.8089332580566,-17.7501754760742,"Unknown"
"5020562",379156,2026-05-03 14:20:18,28.8090667724609,-17.7502098083496,"Unknown"
"5020562",379156,2026-05-03 14:21:18,28.8091888427734,-17.7502956390381,"Unknown"
"5020562",379156,2026-05-03 14:22:20,28.8093166351318,-17.7503719329834,"Unknown"
"5020562",379156,2026-05-03 14:23:19,28.8094501495361,-17.7504482269287,"Unknown"
"5020562",379156,2026-05-03 14:24:19,28.8095893859863,-17.7505111694336,"Unknown"
"5020562",379156,2026-05-03 14:25:20,28.8097267150879,-17.7506046295166,"Unknown"
"5020562",379156,2026-05-03 14:26:19,28.8098392486572,-17.7506713867188,"Unknown"
"5020562",379156,2026-05-03 14:27:20,28.8099746704102,-17.7507591247559,"Unknown"
"5020562",379156,2026-05-03 14:28:19,28.8100872039795,-17.7508487701416,"Unknown"
"5020562",379156,2026-05-03 14:29:20,28.8101863861084,-17.7509155273438,"Unknown"
"5020562",379156,2026-05-03 14:30:18,28.8102741241455,-17.7510070800781,"Unknown"
"5020562",379156,2026-05-03 14:31:19,28.8104267120361,-17.7510623931885,"Unknown"
"5020562",379156,2026-05-03 14:32:20,28.8105239868164,-17.7511386871338,"Unknown"
"5020562",379156,2026-05-03 14:33:20,28.8106327056885,-17.7512092590332,"Unknown"
"5020562",379156,2026-05-03 14:34:19,28.8107166290283,-17.7512130737305,"Unknown"
"5020562",379156,2026-05-03 14:35:20,28.8108711242676,-17.7512302398682,"Unknown"
"5020562",379156,2026-05-03 14:36:19,28.8110122680664,-17.7512664794922,"Unknown"
"5020562",379156,2026-05-03 14:37:18,28.8111724853516,-17.7513694763184,"Unknown"
"5020562",379156,2026-05-03 14:38:19,28.8113574981689,-17.7514629364014,"Unknown"
"5020562",379156,2026-05-03 14:39:19,28.8114681243896,-17.7515544891357,"Unknown"
"5020562",379156,2026-05-03 14:40:19,28.8116245269775,-17.751651763916,"Unknown"
"5020562",379156,2026-05-03 14:41:18,28.8117618560791,-17.7517242431641,"Unknown"
"5020562",379156,2026-05-03 14:42:18,28.8119068145752,-17.7517890930176,"Unknown"
"5020562",379156,2026-05-03 14:43:19,28.8120708465576,-17.7518863677979,"Unknown"
"5020562",379156,2026-05-03 14:44:19,28.8122406005859,-17.7519874572754,"Unknown"
"5020562",379156,2026-05-03 14:45:19,28.812406539917,-17.7520713806152,"Unknown"
"5020562",379156,2026-05-03 14:46:19,28.8125877380371,-17.7521839141846,"Unknown"
"5020562",379156,2026-05-03 14:47:19,28.8127784729004,-17.7522811889648,"Unknown"
"5020562",379156,2026-05-03 14:48:19,28.8129730224609,-17.752384185791,"Unknown"
"5020562",379156,2026-05-03 14:49:19,28.8131790161133,-17.7524871826172,"Unknown"
"5020562",379156,2026-05-03 14:50:19,28.8133335113525,-17.752571105957,"Unknown"
"5020562",379156,2026-05-03 14:51:19,28.8134899139404,-17.7526626586914,"Unknown"
"5020562",379156,2026-05-03 14:52:19,28.8136596679688,-17.7527885437012,"Unknown"
"5020562",379156,2026-05-03 14:53:19,28.813835144043,-17.7528953552246,"Unknown"
"5020562",379156,2026-05-03 14:54:18,28.8139476776123,-17.7529926300049,"Unknown"
"5020562",379156,2026-05-03 14:55:19,28.8140754699707,-17.7531032562256,"Unknown"
"5020562",379156,2026-05-03 14:56:18,28.8141937255859,-17.7531776428223,"Unknown"
"5020562",379156,2026-05-03 14:57:19,28.8143329620361,-17.753288269043,"Unknown"
"5020562",379156,2026-05-03 14:58:18,28.8144855499268,-17.7533645629883,"Unknown"
"5020562",379156,2026-05-03 14:59:18,28.814661026001,-17.7534961700439,"Unknown"
"5020562",379156,2026-05-03 15:00:19,28.8148250579834,-17.7535762786865,"Unknown"
"5020562",379156,2026-05-03 15:01:19,28.8149337768555,-17.7536163330078,"Unknown"
"5020562",379156,2026-05-03 15:02:19,28.8150291442871,-17.7536792755127,"Unknown"
"5020562",379156,2026-05-03 15:03:19,28.815128326416,-17.7537174224854,"Unknown"
"5020562",379156,2026-05-03 15:04:19,28.8152236938477,-17.7538528442383,"Unknown"
"5020562",379156,2026-05-03 15:05:20,28.8153629302979,-17.753833770752,"Unknown"
"5020562",379156,2026-05-03 15:06:19,28.8154640197754,-17.7538547515869,"Unknown"
"5020562",379156,2026-05-03 15:07:18,28.8155879974365,-17.7538814544678,"Unknown"
"5020562",379156,2026-05-03 15:08:20,28.8122806549072,-17.7533416748047,"Unknown"
"5020562",379156,2026-05-03 15:09:19,28.8113441467285,-17.7530822753906,"Unknown"
"5020562",379156,2026-05-03 15:10:21,28.8115558624268,-17.7531032562256,"Unknown"
"5020562",379156,2026-05-03 15:11:19,28.8117332458496,-17.7531814575195,"Unknown"
"5020562",379156,2026-05-03 15:12:19,28.8118782043457,-17.7532234191895,"Unknown"
"5020562",379156,2026-05-03 15:13:19,28.8070278167725,-17.7516708374023,"Unknown"
"5020562",379156,2026-05-03 15:14:21,28.8010921478271,-17.7514553070068,"Unknown"
"5020562",379156,2026-05-03 15:15:19,28.795877456665,-17.7493133544922,"Unknown"
"5020562",379156,2026-05-03 15:16:19,28.7930202484131,-17.7489414215088,"Unknown"
"5020562",379156,2026-05-03 15:17:21,28.7931995391846,-17.749002456665,"Unknown"
"5020562",379156,2026-05-03 15:18:21,28.7933654785156,-17.7491054534912,"Unknown"
"5020562",379156,2026-05-03 15:19:29,28.7935447692871,-17.7492904663086,"Unknown"
"5020562",379156,2026-05-03 15:20:19,28.7936668395996,-17.7493934631348,"Unknown"
"5020562",379156,2026-05-03 15:21:23,28.7938385009766,-17.7494678497314,"Unknown"
"5020562",379156,2026-05-03 15:22:20,28.7939758300781,-17.7496337890625,"Unknown"
"5020562",379156,2026-05-03 15:23:21,28.7941074371338,-17.7497367858887,"Unknown"
"5020562",379156,2026-05-03 15:24:20,28.7942485809326,-17.7498188018799,"Unknown"
"5020562",379156,2026-05-03 15:25:23,28.7944068908691,-17.7499599456787,"Unknown"
"5020562",379156,2026-05-03 15:26:20,28.7945652008057,-17.7500133514404,"Unknown"
"5020562",379156,2026-05-03 15:27:22,28.7947616577148,-17.7500972747803,"Unknown"
"5020562",379156,2026-05-03 15:28:20,28.794921875,-17.7501907348633,"Unknown"
"5020562",379156,2026-05-03 15:29:25,28.7950973510742,-17.7502822875977,"Unknown"
"5020562",379156,2026-05-03 15:30:25,28.7952709197998,-17.7503757476807,"Unknown"
"5020562",379156,2026-05-03 15:31:47,28.7955055236816,-17.7505035400391,"Unknown"
"5020562",379156,2026-05-03 15:32:18,28.7951889038086,-17.7493858337402,"Unknown"
"5020562",379156,2026-05-03 15:33:20,28.7914257049561,-17.744348526001,"Unknown"
"5020562",379156,2026-05-03 15:34:21,28.7924880981445,-17.7402248382568,"Unknown"
"5020562",379156,2026-05-03 15:35:20,28.7957973480225,-17.745735168457,"Unknown"
"5020562",379156,2026-05-03 15:36:20,28.7959651947021,-17.7458591461182,"Unknown"
"5020562",379156,2026-05-03 15:37:17,28.7961044311523,-17.7459754943848,"Unknown"
"5020562",379156,2026-05-03 15:38:20,28.796293258667,-17.7461128234863,"Unknown"
"5020562",379156,2026-05-03 15:39:19,28.7964820861816,-17.7462673187256,"Unknown"
"5020562",379156,2026-05-03 15:40:20,28.7966842651367,-17.746410369873,"Unknown"
"5020562",379156,2026-05-03 15:41:17,28.7968425750732,-17.746467590332,"Unknown"
"5020562",379156,2026-05-03 15:42:20,28.7970504760742,-17.7465629577637,"Unknown"
"5020562",379156,2026-05-03 15:43:19,28.7971992492676,-17.7467098236084,"Unknown"
"5020562",379156,2026-05-03 15:44:20,28.7973594665527,-17.7468280792236,"Unknown"
"5020562",379156,2026-05-03 15:45:19,28.7975540161133,-17.7469577789307,"Unknown"
"5020562",379156,2026-05-03 15:46:19,28.797721862793,-17.7471714019775,"Unknown"
"5020562",379156,2026-05-03 15:47:21,28.7979221343994,-17.7473449707031,"Unknown"
"5020562",379156,2026-05-03 15:48:18,28.7981128692627,-17.7474498748779,"Unknown"
"5020562",379156,2026-05-03 15:49:18,28.7983207702637,-17.7475547790527,"Unknown"
"5020562",379156,2026-05-03 15:50:19,28.7985496520996,-17.7477226257324,"Unknown"
"5020562",379156,2026-05-03 15:51:18,28.7987632751465,-17.747875213623,"Unknown"
"5020562",379156,2026-05-03 15:52:21,28.7989616394043,-17.7480163574219,"Unknown"
"5020562",379156,2026-05-03 15:53:20,28.7991676330566,-17.7481441497803,"Unknown"
"5020562",379156,2026-05-03 15:54:20,28.7993698120117,-17.7482891082764,"Unknown"
"5020562",379156,2026-05-03 15:55:20,28.7995796203613,-17.7484455108643,"Unknown"
"5020562",379156,2026-05-03 15:56:20,28.7997550964355,-17.7485961914062,"Unknown"
"5020562",379156,2026-05-03 15:57:21,28.7999305725098,-17.7487258911133,"Unknown"
"5020562",379156,2026-05-03 15:58:20,28.8000946044922,-17.7488174438477,"Unknown"
"5020562",379156,2026-05-03 15:59:18,28.8002834320068,-17.7489376068115,"Unknown"
"5020562",379156,2026-05-03 16:00:20,28.8004589080811,-17.7490196228027,"Unknown"
"5020562",379156,2026-05-03 16:01:18,28.8006191253662,-17.7490997314453,"Unknown"
"5020562",379156,2026-05-03 16:02:20,28.8008098602295,-17.7492275238037,"Unknown"
"5020562",379156,2026-05-03 16:03:20,28.8010215759277,-17.749361038208,"Unknown"
"5020562",379156,2026-05-03 16:04:18,28.8011913299561,-17.7494506835938,"Unknown"
"5020562",379156,2026-05-03 16:05:20,28.8013782501221,-17.7495212554932,"Unknown"
"5020562",379156,2026-05-03 16:06:32,28.8016166687012,-17.7495880126953,"Unknown"
"5020562",379156,2026-05-03 16:07:18,28.8017406463623,-17.749641418457,"Unknown"
"5020562",379156,2026-05-03 16:08:20,28.8019580841064,-17.74973487854,"Unknown"
"5020562",379156,2026-05-03 16:09:21,28.802152633667,-17.7498359680176,"Unknown"
"5020562",379156,2026-05-03 16:10:19,28.8023452758789,-17.7499465942383,"Unknown"
"5020562",379156,2026-05-03 16:11:20,28.8025588989258,-17.750036239624,"Unknown"
"5020562",379156,2026-05-03 16:12:18,28.802755355835,-17.7501525878906,"Unknown"
"5020562",379156,2026-05-03 16:13:20,28.8029727935791,-17.7502212524414,"Unknown"
"5020562",379156,2026-05-03 16:14:20,28.80322265625,-17.7503528594971,"Unknown"
"5020562",379156,2026-05-03 16:15:18,28.8034477233887,-17.7504081726074,"Unknown"
"5020562",379156,2026-05-03 16:16:21,28.8037223815918,-17.750524520874,"Unknown"
"5020562",379156,2026-05-03 16:17:20,28.8039836883545,-17.7506656646729,"Unknown"
"5020562",379156,2026-05-03 16:18:21,28.8041591644287,-17.7508277893066,"Unknown"
"5020562",379156,2026-05-03 16:19:20,28.8044414520264,-17.7509841918945,"Unknown"
"5020562",379156,2026-05-03 16:20:21,28.804708480835,-17.7511348724365,"Unknown"
"5020562",379156,2026-05-03 16:21:21,28.8049736022949,-17.751314163208,"Unknown"
"5020562",379156,2026-05-03 16:22:20,28.8052368164062,-17.75146484375,"Unknown"
"5020562",379156,2026-05-03 16:23:20,28.805456161499,-17.7516460418701,"Unknown"
"5020562",379156,2026-05-03 16:24:21,28.8056755065918,-17.7518005371094,"Unknown"
"5020562",379156,2026-05-03 16:25:47,28.8060550689697,-17.7520313262939,"Unknown"
"5020562",379156,2026-05-03 16:26:19,28.8071823120117,-17.7495594024658,"Unknown"
"5020562",379156,2026-05-03 16:27:21,28.8084239959717,-17.7492141723633,"Unknown"
"5020562",379156,2026-05-03 16:28:19,28.8086166381836,-17.7493343353271,"Unknown"
"5020562",379156,2026-05-03 16:29:21,28.8088207244873,-17.7494583129883,"Unknown"
"5020562",379156,2026-05-03 16:30:18,28.808988571167,-17.7495708465576,"Unknown"
"5020562",379156,2026-05-03 16:31:19,28.8091945648193,-17.7496967315674,"Unknown"
"5020562",379156,2026-05-03 16:32:20,28.8094062805176,-17.7497978210449,"Unknown"
"5020562",379156,2026-05-03 16:33:20,28.8096008300781,-17.7499046325684,"Unknown"
"5020562",379156,2026-05-03 16:34:20,28.8098163604736,-17.7500114440918,"Unknown"
"5020562",379156,2026-05-03 16:35:20,28.8099842071533,-17.7501411437988,"Unknown"
"5020562",379156,2026-05-03 16:36:20,28.810079574585,-17.7467155456543,"Unknown"
"5020562",379156,2026-05-03 16:37:18,28.8087539672852,-17.7416305541992,"Unknown"
"5020562",379156,2026-05-03 16:38:20,28.8037357330322,-17.7394046783447,"Unknown"
"5020562",379156,2026-05-03 16:39:19,28.7986030578613,-17.7376194000244,"Unknown"
"5020562",379156,2026-05-03 16:40:20,28.7931842803955,-17.7368488311768,"Unknown"
"5020562",379156,2026-05-03 16:41:19,28.7877407073975,-17.7361965179443,"Unknown"
"5020562",379156,2026-05-03 16:42:19,28.7872943878174,-17.7370548248291,"Unknown"
"5020562",379156,2026-05-03 16:43:19,28.7873859405518,-17.737133026123,"Unknown"
"5020562",379156,2026-05-03 16:44:19,28.7874794006348,-17.7372455596924,"Unknown"
"5020562",379156,2026-05-03 16:45:19,28.7875633239746,-17.7373714447021,"Unknown"
"5020562",379156,2026-05-03 16:46:19,28.7876224517822,-17.7374401092529,"Unknown"
"5020562",379156,2026-05-03 16:47:19,28.7876987457275,-17.7375507354736,"Unknown"
"5020562",379156,2026-05-03 16:48:19,28.7877864837646,-17.7376537322998,"Unknown"
"5020562",379156,2026-05-03 16:49:19,28.7878570556641,-17.7377319335938,"Unknown"
"5020562",379156,2026-05-03 16:50:22,28.7879524230957,-17.7378044128418,"Unknown"
"5020562",379156,2026-05-03 16:51:19,28.7880325317383,-17.7378826141357,"Unknown"
"5020562",379156,2026-05-03 16:52:24,28.788122177124,-17.7379665374756,"Unknown"
"5020562",379156,2026-05-03 16:53:19,28.7881870269775,-17.7380332946777,"Unknown"
"5020562",379156,2026-05-03 16:54:19,28.7882633209229,-17.7381362915039,"Unknown"
"5020562",379156,2026-05-03 16:55:19,28.7883110046387,-17.7382297515869,"Unknown"
"5020562",379156,2026-05-03 16:56:19,28.7883739471436,-17.7383041381836,"Unknown"
"5020562",379156,2026-05-03 16:57:19,28.7884368896484,-17.7384014129639,"Unknown"
"5020562",379156,2026-05-03 16:58:19,28.7884960174561,-17.7384910583496,"Unknown"
"5020562",379156,2026-05-03 16:59:19,28.788553237915,-17.7385997772217,"Unknown"
"5020562",379156,2026-05-03 17:00:19,28.788610458374,-17.7386894226074,"Unknown"
"5020562",379156,2026-05-03 17:01:19,28.7886638641357,-17.7387809753418,"Unknown"
"5020562",379156,2026-05-03 17:02:19,28.7887172698975,-17.7388782501221,"Unknown"
"5020562",379156,2026-05-03 17:03:18,28.7887763977051,-17.7389831542969,"Unknown"
"5020562",379156,2026-05-03 17:04:18,28.7888374328613,-17.7390937805176,"Unknown"
"5020562",379156,2026-05-03 17:05:19,28.7888870239258,-17.7391777038574,"Unknown"
"5020562",379156,2026-05-03 17:06:17,28.7889423370361,-17.7392463684082,"Unknown"
"5020562",379156,2026-05-03 17:07:17,28.7889842987061,-17.7393550872803,"Unknown"
"5020562",379156,2026-05-03 17:08:17,28.7890472412109,-17.7394466400146,"Unknown"
"5020562",379156,2026-05-03 17:09:17,28.7890930175781,-17.7395191192627,"Unknown"
"5020562",379156,2026-05-03 17:10:17,28.7891426086426,-17.7396335601807,"Unknown"
"5020562",379156,2026-05-03 17:11:17,28.7891845703125,-17.7397270202637,"Unknown"
"5020562",379156,2026-05-03 17:12:17,28.7892456054688,-17.7398262023926,"Unknown"
"5020562",379156,2026-05-03 17:13:17,28.7892646789551,-17.7399196624756,"Unknown"
"5020562",379156,2026-05-03 17:14:17,28.7893104553223,-17.7399997711182,"Unknown"
"5020562",379156,2026-05-03 17:15:20,28.7893600463867,-17.7400894165039,"Unknown"
"5020562",379156,2026-05-03 17:16:20,28.7894077301025,-17.7401485443115,"Unknown"
"5020562",379156,2026-05-03 17:17:21,28.7894592285156,-17.7402420043945,"Unknown"
"5020562",379156,2026-05-03 17:18:18,28.7895011901855,-17.7403106689453,"Unknown"
"5020562",379156,2026-05-03 17:19:21,28.7895431518555,-17.7403945922852,"Unknown"
"5020562",379156,2026-05-03 17:20:18,28.7895927429199,-17.7404518127441,"Unknown"
"5020562",379156,2026-05-03 17:21:21,28.7896366119385,-17.7405281066895,"Unknown"
"5020562",379156,2026-05-03 17:22:18,28.7896690368652,-17.7405815124512,"Unknown"
"5020562",379156,2026-05-03 17:23:18,28.7897186279297,-17.7406578063965,"Unknown"
"5020562",379156,2026-05-03 17:24:21,28.7897567749023,-17.7407264709473,"Unknown"
"5020562",379156,2026-05-03 17:25:21,28.7897872924805,-17.7407741546631,"Unknown"
"5020562",379156,2026-05-03 17:26:21,28.7898235321045,-17.7408504486084,"Unknown"
"5020562",379156,2026-05-03 17:27:18,28.7898559570312,-17.7409019470215,"Unknown"
"5020562",379156,2026-05-03 17:28:21,28.7899169921875,-17.7409858703613,"Unknown"
"5020562",379156,2026-05-03 17:29:21,28.7899627685547,-17.7410430908203,"Unknown"
"5020562",379156,2026-05-03 17:30:21,28.7900104522705,-17.7411041259766,"Unknown"
"5020562",379156,2026-05-03 17:31:21,28.7900562286377,-17.7411308288574,"Unknown"
"5020562",379156,2026-05-03 17:32:21,28.7901058197021,-17.7411842346191,"Unknown"
"5020562",379156,2026-05-03 17:33:21,28.7901611328125,-17.7412395477295,"Unknown"
"5020562",379156,2026-05-03 17:34:25,28.7902183532715,-17.7413120269775,"Unknown"
"5020562",379156,2026-05-03 17:35:21,28.7902908325195,-17.7413749694824,"Unknown"
"5020562",379156,2026-05-03 17:36:24,28.7903594970703,-17.7414360046387,"Unknown"
"5020562",379156,2026-05-03 17:37:21,28.790412902832,-17.7415027618408,"Unknown"
"5020562",379156,2026-05-03 17:38:21,28.7904567718506,-17.7415618896484,"Unknown"
"5020562",379156,2026-05-03 17:39:18,28.7905178070068,-17.7416324615479,"Unknown"
"5020562",379156,2026-05-03 17:40:22,28.7905731201172,-17.741678237915,"Unknown"
"5020562",379156,2026-05-03 17:41:21,28.7906284332275,-17.7417278289795,"Unknown"
"5020562",379156,2026-05-03 17:42:21,28.7906856536865,-17.7417583465576,"Unknown"
"5020562",379156,2026-05-03 17:43:21,28.7907161712646,-17.7418022155762,"Unknown"
"5020562",379156,2026-05-03 17:44:21,28.7907676696777,-17.7418537139893,"Unknown"
"5020562",379156,2026-05-03 17:45:21,28.7908153533936,-17.7418956756592,"Unknown"
"5020562",379156,2026-05-03 17:46:23,28.7908744812012,-17.7419490814209,"Unknown"
"5020562",379156,2026-05-03 17:47:21,28.7909374237061,-17.7419776916504,"Unknown"
"5020562",379156,2026-05-03 17:48:21,28.7910003662109,-17.7420063018799,"Unknown"
"5020562",379156,2026-05-03 17:49:22,28.7910919189453,-17.7420539855957,"Unknown"
"5020562",379156,2026-05-03 17:50:24,28.7911834716797,-17.7420845031738,"Unknown"
"5020562",379156,2026-05-03 17:51:22,28.7912502288818,-17.7421264648438,"Unknown"
"5020562",379156,2026-05-03 17:52:24,28.7913303375244,-17.7421798706055,"Unknown"
"5020562",379156,2026-05-03 17:53:21,28.7913951873779,-17.7422218322754,"Unknown"
"5020562",379156,2026-05-03 17:54:19,28.7914276123047,-17.7422790527344,"Unknown"
"5020562",379156,2026-05-03 17:55:22,28.791482925415,-17.7423286437988,"Unknown"
"5020562",379156,2026-05-03 17:56:21,28.7914962768555,-17.7423706054688,"Unknown"
"5020562",379156,2026-05-03 17:57:22,28.7915287017822,-17.7424297332764,"Unknown"
"5020562",379156,2026-05-03 17:58:21,28.7915573120117,-17.7424869537354,"Unknown"
"5020562",379156,2026-05-03 17:59:22,28.7915725708008,-17.7425403594971,"Unknown"
"5020562",379156,2026-05-03 18:00:22,28.7916126251221,-17.7425994873047,"Unknown"
"5020562",379156,2026-05-03 18:01:21,28.7916431427002,-17.7426719665527,"Unknown"
"5020562",379156,2026-05-03 18:02:21,28.7916641235352,-17.7427101135254,"Unknown"
"5020562",379156,2026-05-03 18:03:47,28.791690826416,-17.7427787780762,"Unknown"
"5020562",379156,2026-05-03 18:04:19,28.7917098999023,-17.7427978515625,"Unknown"
"5020562",379156,2026-05-03 18:05:20,28.7917499542236,-17.7428359985352,"Unknown"
"5020562",379156,2026-05-03 18:06:20,28.7917861938477,-17.7428855895996,"Unknown"
"5020562",379156,2026-05-03 18:07:20,28.7918434143066,-17.7429122924805,"Unknown"
"5020562",379156,2026-05-03 18:08:20,28.7918910980225,-17.7429332733154,"Unknown"
"5020562",379156,2026-05-03 18:09:20,28.791919708252,-17.7429618835449,"Unknown"
"5020562",379156,2026-05-03 18:10:19,28.7919464111328,-17.7429962158203,"Unknown"
"5020562",379156,2026-05-03 18:11:19,28.7919960021973,-17.7430171966553,"Unknown"
"5020562",379156,2026-05-03 18:12:19,28.7920379638672,-17.7430419921875,"Unknown"
"5020562",379156,2026-05-03 18:13:20,28.7920780181885,-17.743070602417,"Unknown"
"5020562",379156,2026-05-03 18:14:20,28.7921333312988,-17.7431144714355,"Unknown"
"5020562",379156,2026-05-03 18:15:20,28.7921772003174,-17.7431545257568,"Unknown"
"5020562",379156,2026-05-03 18:16:20,28.7922077178955,-17.7431831359863,"Unknown"
"5020562",379156,2026-05-03 18:17:19,28.7922592163086,-17.7432136535645,"Unknown"
"5020562",379156,2026-05-03 18:18:19,28.792272567749,-17.7432193756104,"Unknown"
"5020562",379156,2026-05-03 18:19:22,28.7922992706299,-17.7432308197021,"Unknown"
"5020562",379156,2026-05-03 18:20:19,28.7923069000244,-17.7432842254639,"Unknown"
"5020562",379156,2026-05-03 18:21:19,28.7923469543457,-17.7433013916016,"Unknown"
"5020562",379156,2026-05-03 18:22:22,28.7923717498779,-17.7433166503906,"Unknown"
"5020562",379156,2026-05-03 18:23:20,28.7923984527588,-17.7433567047119,"Unknown"
"5020562",379156,2026-05-03 18:24:21,28.7924194335938,-17.7433891296387,"Unknown"
"5020562",379156,2026-05-03 18:25:23,28.7924499511719,-17.7434177398682,"Unknown"
"5020562",379156,2026-05-03 18:26:23,28.7924747467041,-17.7434520721436,"Unknown"
"5020562",379156,2026-05-03 18:27:21,28.7924995422363,-17.7434864044189,"Unknown"
"5020562",379156,2026-05-03 18:28:21,28.7925357818604,-17.7435646057129,"Unknown"
"5020562",379156,2026-05-03 18:29:21,28.7925853729248,-17.7436046600342,"Unknown"
"5020562",379156,2026-05-03 18:30:18,28.7926139831543,-17.74365234375,"Unknown"
"5020562",379156,2026-05-03 18:31:19,28.7926559448242,-17.7437419891357,"Unknown"
"5020562",379156,2026-05-03 18:32:19,28.7926826477051,-17.7437610626221,"Unknown"
"5020562",379156,2026-05-03 18:33:19,28.7927341461182,-17.7437782287598,"Unknown"
"5020562",379156,2026-05-03 18:34:21,28.7927799224854,-17.7437591552734,"Unknown"
"5020562",379156,2026-05-03 18:35:18,28.7928256988525,-17.7437534332275,"Unknown"
"5020562",379156,2026-05-03 18:36:21,28.7928657531738,-17.743745803833,"Unknown"
"5020562",379156,2026-05-03 18:37:21,28.7929019927979,-17.7437362670898,"Unknown"
"5020562",379156,2026-05-03 18:38:21,28.7929668426514,-17.7437782287598,"Unknown"
"5020562",379156,2026-05-03 18:39:21,28.7930545806885,-17.7438220977783,"Unknown"
"5020562",379156,2026-05-03 18:40:21,28.7930965423584,-17.7438106536865,"Unknown"
"5020562",379156,2026-05-03 18:41:21,28.793140411377,-17.7438087463379,"Unknown"
"5020562",379156,2026-05-03 18:42:18,28.7931976318359,-17.7438163757324,"Unknown"
"5020562",379156,2026-05-03 18:43:19,28.7932357788086,-17.7438182830811,"Unknown"
"5020562",379156,2026-05-03 18:44:22,28.7932910919189,-17.7438163757324,"Unknown"
"5020562",379156,2026-05-03 18:45:21,28.7933349609375,-17.7438335418701,"Unknown"
"5020562",379156,2026-05-03 18:46:21,28.7933731079102,-17.7438774108887,"Unknown"
"5020562",379156,2026-05-03 18:47:21,28.7934246063232,-17.7438812255859,"Unknown"
"5020562",379156,2026-05-03 18:48:21,28.7934665679932,-17.7439002990723,"Unknown"
"5020562",379156,2026-05-03 18:49:21,28.7935085296631,-17.7439460754395,"Unknown"
"5020562",379156,2026-05-03 18:50:22,28.7935638427734,-17.7439422607422,"Unknown"
"5020562",379156,2026-05-03 18:51:21,28.7936000823975,-17.7439842224121,"Unknown"
"5020562",379156,2026-05-03 18:52:22,28.7936420440674,-17.7440147399902,"Unknown"
"5020562",379156,2026-05-03 18:53:22,28.7936763763428,-17.7440776824951,"Unknown"
"5020562",379156,2026-05-03 18:54:21,28.7937240600586,-17.7441024780273,"Unknown"
"5020562",379156,2026-05-03 18:55:24,28.793773651123,-17.7441749572754,"Unknown"
"5020562",379156,2026-05-03 18:56:47,28.7938442230225,-17.7441520690918,"Unknown"
"5020562",379156,2026-05-03 18:57:19,28.7938690185547,-17.7441387176514,"Unknown"
"5020562",379156,2026-05-03 18:58:21,28.7939453125,-17.7441139221191,"Unknown"
"5020562",379156,2026-05-03 18:59:21,28.7940158843994,-17.7440853118896,"Unknown"
"5020562",379156,2026-05-03 19:00:19,28.7940578460693,-17.7440643310547,"Unknown"
"5020562",379156,2026-05-03 19:01:19,28.7940826416016,-17.7440490722656,"Unknown"
"5020562",379156,2026-05-03 19:02:19,28.7941226959229,-17.744047164917,"Unknown"
"5020562",379156,2026-05-03 19:03:21,28.7941474914551,-17.7440509796143,"Unknown"
"5020562",379156,2026-05-03 19:04:19,28.794189453125,-17.7440624237061,"Unknown"
"5020562",379156,2026-05-03 19:05:19,28.7942199707031,-17.7440719604492,"Unknown"
"5020562",379156,2026-05-03 19:06:19,28.7942371368408,-17.7440586090088,"Unknown"
"5020562",379156,2026-05-03 19:07:19,28.7942714691162,-17.7440452575684,"Unknown"
"5020562",379156,2026-05-03 19:08:47,28.7943344116211,-17.7440280914307,"Unknown"
"5020562",379156,2026-05-03 19:09:23,28.7943515777588,-17.7440147399902,"Unknown"
"5020562",379156,2026-05-03 19:10:22,28.7944049835205,-17.7440280914307,"Unknown"
"5020562",379156,2026-05-03 19:11:21,28.7944412231445,-17.7440013885498,"Unknown"
"5020562",379156,2026-05-03 19:12:19,28.7944831848145,-17.7439785003662,"Unknown"
"5020562",379156,2026-05-03 19:13:21,28.7945175170898,-17.7439651489258,"Unknown"
"5020562",379156,2026-05-03 19:14:21,28.7945499420166,-17.7439594268799,"Unknown"
"5020562",379156,2026-05-03 19:15:20,28.7945594787598,-17.7439556121826,"Unknown"
"5020562",379156,2026-05-03 19:16:19,28.7945938110352,-17.7439289093018,"Unknown"
"5020562",379156,2026-05-03 19:17:19,28.7946357727051,-17.7439193725586,"Unknown"
"5020562",379156,2026-05-03 19:18:21,28.7946929931641,-17.7438869476318,"Unknown"
"5020562",379156,2026-05-03 19:19:19,28.7947387695312,-17.7438564300537,"Unknown"
"5020562",379156,2026-05-03 19:20:20,28.7947883605957,-17.743839263916,"Unknown"
"5020562",379156,2026-05-03 19:21:19,28.7948265075684,-17.743824005127,"Unknown"
"5020562",379156,2026-05-03 19:22:19,28.794885635376,-17.7438106536865,"Unknown"
"5020562",379156,2026-05-03 19:23:19,28.7949447631836,-17.7437973022461,"Unknown"
"5020562",379156,2026-05-03 19:24:19,28.7949962615967,-17.743782043457,"Unknown"
"5020562",379156,2026-05-03 19:25:21,28.7950344085693,-17.7437381744385,"Unknown"
"5020562",379156,2026-05-03 19:26:19,28.7950801849365,-17.7437133789062,"Unknown"
"5020562",379156,2026-05-03 19:27:21,28.795108795166,-17.7436981201172,"Unknown"
"5020562",379156,2026-05-03 19:28:19,28.7951679229736,-17.7436752319336,"Unknown"
"5020562",379156,2026-05-03 19:29:19,28.7952213287354,-17.7436370849609,"Unknown"
"5020562",379156,2026-05-03 19:30:21,28.7952976226807,-17.7436351776123,"Unknown"
"5020562",379156,2026-05-03 19:31:21,28.7953395843506,-17.7436218261719,"Unknown"
"5020562",379156,2026-05-03 19:32:21,28.7954063415527,-17.7436199188232,"Unknown"
"5020562",379156,2026-05-03 19:33:22,28.7954654693604,-17.7436351776123,"Unknown"
"5020562",379156,2026-05-03 19:34:22,28.7921733856201,-17.7422618865967,"Unknown"
"5020562",379156,2026-05-03 19:35:21,28.787670135498,-17.7387599945068,"Unknown"
"5020562",379156,2026-05-03 19:36:21,28.7823657989502,-17.7360591888428,"Unknown"
"5020562",379156,2026-05-03 19:37:22,28.7771892547607,-17.7330627441406,"Unknown"
"5020562",379156,2026-05-03 19:38:22,28.7716999053955,-17.7313365936279,"Unknown"
"5020562",379156,2026-05-03 19:39:22,28.7679843902588,-17.7267780303955,"Unknown"
"5020562",379156,2026-05-03 19:40:19,28.7626895904541,-17.7244892120361,"Unknown"
"5020562",379156,2026-05-03 19:41:22,28.7567768096924,-17.7225933074951,"Unknown"
"5020562",379156,2026-05-03 19:46:19,28.7268543243408,-17.7246856689453,"Unknown"
"5020562",379156,2026-05-03 19:51:22,28.7048873901367,-17.7293357849121,"Unknown"
"5020562",379156,2026-05-03 19:56:19,28.7047672271729,-17.7290363311768,"Unknown"
"5020562",379156,2026-05-03 19:57:19,28.7047519683838,-17.7289962768555,"Unknown"
"5020562",379156,2026-05-03 19:58:19,28.704797744751,-17.7288856506348,"Unknown"
"5020562",379156,2026-05-03 19:59:19,28.7048053741455,-17.7288455963135,"Unknown"
"5020562",379156,2026-05-03 20:00:19,28.7047920227051,-17.7287216186523,"Unknown"
"5020562",379156,2026-05-03 20:01:20,28.7047901153564,-17.7286071777344,"Unknown"
"5020562",379156,2026-05-03 20:02:21,28.7048244476318,-17.7285556793213,"Unknown"
"5020562",379156,2026-05-03 20:03:19,28.7048511505127,-17.7285099029541,"Unknown"
"5020562",379156,2026-05-03 20:04:21,28.7046146392822,-17.7279376983643,"Unknown"
"5020562",379156,2026-05-03 20:05:19,28.7014617919922,-17.7314872741699,"Unknown"
"5020562",379156,2026-05-03 20:06:19,28.7016830444336,-17.7319793701172,"Unknown"
"5020562",379156,2026-05-03 20:07:21,28.7018032073975,-17.731990814209,"Unknown"
"5020562",379156,2026-05-03 20:08:21,28.7019119262695,-17.7319927215576,"Unknown"
"5020562",379156,2026-05-03 20:09:21,28.701961517334,-17.7319869995117,"Unknown"
"5020562",379156,2026-05-03 20:10:19,28.7020320892334,-17.7319984436035,"Unknown"
"5020562",379156,2026-05-03 20:11:22,28.7021160125732,-17.7320404052734,"Unknown"
"5020562",379156,2026-05-03 20:12:21,28.7021808624268,-17.7320766448975,"Unknown"
"5020562",379156,2026-05-03 20:13:19,28.7022476196289,-17.732141494751,"Unknown"
"5020562",379156,2026-05-03 20:14:21,28.6994552612305,-17.7357273101807,"Unknown"
"5020562",379156,2026-05-03 20:15:19,28.7008686065674,-17.735668182373,"Unknown"
"5020562",379156,2026-05-03 20:16:20,28.7023048400879,-17.7352275848389,"Unknown"
"5020562",379156,2026-05-03 20:17:21,28.7023792266846,-17.7351188659668,"Unknown"
"5020562",379156,2026-05-03 20:18:19,28.7023582458496,-17.735071182251,"Unknown"
"5020562",379156,2026-05-03 20:19:21,28.7023944854736,-17.7349014282227,"Unknown"
"5020562",379156,2026-05-03 20:20:22,28.7024173736572,-17.7348155975342,"Unknown"
"5020562",379156,2026-05-03 20:21:19,28.7024784088135,-17.734748840332,"Unknown"
"5020562",379156,2026-05-03 20:22:19,28.7024822235107,-17.7347164154053,"Unknown"
"5020562",379156,2026-05-03 20:23:21,28.7045135498047,-17.7356777191162,"Unknown"
"5020562",379156,2026-05-03 20:24:21,28.7055892944336,-17.7386646270752,"Unknown"
"5020562",379156,2026-05-03 20:25:19,28.7055416107178,-17.7386207580566,"Unknown"
"5020562",379156,2026-05-03 20:26:24,28.7054843902588,-17.7385711669922,"Unknown"
"5020562",379156,2026-05-03 20:27:22,28.7054557800293,-17.7385311126709,"Unknown"
"5020562",379156,2026-05-03 20:28:22,28.705415725708,-17.7384872436523,"Unknown"
"5020562",379156,2026-05-03 20:29:23,28.7053661346436,-17.7384452819824,"Unknown"
"5020562",379156,2026-05-03 20:30:25,28.7052974700928,-17.7383918762207,"Unknown"
"5020562",379156,2026-05-03 20:31:29,28.7052688598633,-17.7383708953857,"Unknown"
"5020562",379156,2026-05-03 20:32:22,28.7052326202393,-17.7383289337158,"Unknown"
"5020562",379156,2026-05-03 20:33:24,28.705207824707,-17.7383155822754,"Unknown"
"5020562",379156,2026-05-03 20:34:21,28.7055568695068,-17.7399921417236,"Unknown"
"5020562",379156,2026-05-03 20:35:21,28.7043323516846,-17.7343769073486,"Unknown"
"5020562",379156,2026-05-03 20:36:21,28.7012367248535,-17.7321624755859,"Unknown"
"5020562",379156,2026-05-03 20:37:21,28.6978645324707,-17.7280197143555,"Unknown"
"5020562",379156,2026-05-03 20:38:21,28.6989555358887,-17.7245235443115,"Unknown"
"5020562",379156,2026-05-03 20:39:23,28.7033195495605,-17.7223148345947,"Unknown"
"5020562",379156,2026-05-03 20:44:23,28.7090587615967,-17.7309684753418,"Unknown"
"5020562",379156,2026-05-03 20:49:47,28.70920753479,-17.7545146942139,"Unknown"
"5020562",379156,2026-05-03 20:50:19,28.7117156982422,-17.7568454742432,"Unknown"
"5020562",379156,2026-05-03 20:51:19,28.7156295776367,-17.7586135864258,"Unknown"
"5020562",379156,2026-05-03 20:52:19,28.7199230194092,-17.7632369995117,"Unknown"
"5020562",379156,2026-05-03 20:54:33,28.7208461761475,-17.7657775878906,"Unknown"
"5020562",379156,2026-05-03 20:54:34,28.7208461761475,-17.7657794952393,"Unknown"
"5020562",379156,2026-05-04 05:04:35,28.7039260864258,-17.7378559112549,"Unknown"
"5020562",379156,2026-05-04 05:14:01,28.7049770355225,-17.7351989746094,"Unknown"
"5020562",379156,2026-05-04 05:24:01,28.7046146392822,-17.7351245880127,"Unknown"
"5020562",379156,2026-05-04 05:34:01,28.705961227417,-17.7334880828857,"Unknown"
"5020562",379156,2026-05-04 05:44:02,28.7057971954346,-17.7324810028076,"Unknown"
"5020562",379156,2026-05-04 05:54:01,28.7055549621582,-17.731689453125,"Unknown"
"5020562",379156,2026-05-04 06:04:02,28.725076675415,-17.7207107543945,"Unknown"
"5020562",379156,2026-05-04 06:14:02,28.7623233795166,-17.725025177002,"Unknown"
"5020562",379156,2026-05-04 06:24:02,28.7637672424316,-17.7245559692383,"Unknown"
"5020562",379156,2026-05-04 06:34:02,28.7649211883545,-17.7235679626465,"Unknown"
"5020562",379156,2026-05-04 06:44:02,28.7726249694824,-17.7309665679932,"Unknown"
"5020562",379156,2026-05-04 06:54:01,28.7808036804199,-17.7371959686279,"Unknown"
"5020562",379156,2026-05-04 07:04:01,28.7802314758301,-17.7385101318359,"Unknown"
"5020562",379156,2026-05-04 07:14:05,28.7786312103271,-17.7366142272949,"Unknown"
"5020562",379156,2026-05-04 07:24:02,28.7726173400879,-17.7360095977783,"Unknown"
"5020562",379156,2026-05-04 07:34:36,28.7816162109375,-17.7418251037598,"Unknown"
"5020562",379156,2026-05-04 07:44:05,28.7837619781494,-17.7456359863281,"Unknown"
"5020562",379156,2026-05-04 07:54:04,28.7842292785645,-17.7468719482422,"Unknown"
"5020562",379156,2026-05-04 08:04:32,28.7840347290039,-17.7461948394775,"Unknown"
"5020562",379156,2026-05-04 08:14:04,28.7860679626465,-17.7368717193604,"Unknown"
"5020562",379156,2026-05-04 08:24:02,28.7822265625,-17.7335109710693,"Unknown"
"5020562",379156,2026-05-04 08:34:02,28.7817192077637,-17.7331428527832,"Unknown"
"5020562",379156,2026-05-04 08:44:05,28.7787303924561,-17.729061126709,"Unknown"
"5020562",379156,2026-05-04 08:54:01,28.7560653686523,-17.7260971069336,"Unknown"
"5020562",379156,2026-05-04 09:04:01,28.7321224212646,-17.7178955078125,"Unknown"
"5020562",379156,2026-05-04 09:14:01,28.7317790985107,-17.7151794433594,"Unknown"
"5020562",379156,2026-05-04 09:24:03,28.7331657409668,-17.7144336700439,"Unknown"
"5020562",379156,2026-05-04 09:34:03,28.7510471343994,-17.7128067016602,"Unknown"
"5020562",379156,2026-05-04 09:39:01,28.7493095397949,-17.7101573944092,"Unknown"
"5020562",379156,2026-05-04 09:44:01,28.7635803222656,-17.7098140716553,"Unknown"
"5020562",379156,2026-05-04 09:49:02,28.7636795043945,-17.7102146148682,"Unknown"
"5020562",379156,2026-05-04 09:54:05,28.7639541625977,-17.710620880127,"Unknown"
"5020562",379156,2026-05-04 09:59:04,28.7642459869385,-17.7113132476807,"Unknown"
"5020562",379156,2026-05-04 10:04:06,28.7645034790039,-17.711877822876,"Unknown"
"5020562",379156,2026-05-04 10:09:08,28.7647304534912,-17.7125568389893,"Unknown"
"5020562",379156,2026-05-04 10:14:07,28.765344619751,-17.7131958007812,"Unknown"
"5020562",379156,2026-05-04 10:19:33,28.7657794952393,-17.7138328552246,"Unknown"
"5020562",379156,2026-05-04 10:24:01,28.7661590576172,-17.7143325805664,"Unknown"
"5020562",379156,2026-05-04 10:29:01,28.7665863037109,-17.714714050293,"Unknown"
"5020562",379156,2026-05-04 10:34:01,28.7670993804932,-17.715181350708,"Unknown"
"5020562",379156,2026-05-04 10:39:01,28.7676334381104,-17.7158584594727,"Unknown"
"5020562",379156,2026-05-04 10:44:01,28.7677516937256,-17.7162475585938,"Unknown"
"5020562",379156,2026-05-04 10:49:01,28.7546329498291,-17.7191066741943,"Unknown"
"5020562",379156,2026-05-04 10:54:01,28.7552471160889,-17.7199592590332,"Unknown"
"5020562",379156,2026-05-04 10:59:01,28.7543048858643,-17.7280559539795,"Unknown"
"5020562",379156,2026-05-04 11:04:01,28.7512836456299,-17.7257633209229,"Unknown"
"5020562",379156,2026-05-04 11:05:01,28.750431060791,-17.725456237793,"Unknown"
"5020562",379156,2026-05-04 11:06:01,28.7494525909424,-17.7249298095703,"Unknown"
"5020562",379156,2026-05-04 11:07:01,28.7494888305664,-17.7250347137451,"Unknown"
"5020562",379156,2026-05-04 11:12:01,28.7451496124268,-17.7195243835449,"Unknown"
"5020562",379156,2026-05-04 11:13:01,28.7455749511719,-17.719051361084,"Unknown"
"5020562",379156,2026-05-04 11:18:01,28.7401313781738,-17.7145957946777,"Unknown"
"5020562",379156,2026-05-04 11:23:02,28.7426643371582,-17.7140350341797,"Unknown"
"5020562",379156,2026-05-04 11:28:01,28.7433376312256,-17.7146606445312,"Unknown"
"5020562",379156,2026-05-04 11:33:01,28.7437705993652,-17.7141342163086,"Unknown"
"5020562",379156,2026-05-04 11:38:01,28.7440643310547,-17.7139873504639,"Unknown"
"5020562",379156,2026-05-04 11:43:01,28.7447395324707,-17.7136383056641,"Unknown"
"5020562",379156,2026-05-04 11:48:01,28.7454357147217,-17.7131500244141,"Unknown"
"5020562",379156,2026-05-04 11:53:01,28.7461681365967,-17.7125911712646,"Unknown"
"5020562",379156,2026-05-04 11:58:01,28.7467079162598,-17.7121143341064,"Unknown"
"5020562",379156,2026-05-04 12:03:01,28.747127532959,-17.7116470336914,"Unknown"
"5020562",379156,2026-05-04 12:08:01,28.7478408813477,-17.7111186981201,"Unknown"
"5020562",379156,2026-05-04 12:13:01,28.748477935791,-17.7105579376221,"Unknown"
"5020562",379156,2026-05-04 12:18:01,28.7491569519043,-17.7100219726562,"Unknown"
"5020562",379156,2026-05-04 12:23:01,28.7498741149902,-17.7094268798828,"Unknown"
"5020562",379156,2026-05-04 12:28:01,28.7506084442139,-17.708911895752,"Unknown"
"5020562",379156,2026-05-04 12:33:02,28.7513866424561,-17.7086086273193,"Unknown"
"5020562",379156,2026-05-04 12:38:03,28.7520847320557,-17.7083053588867,"Unknown"
"5020562",379156,2026-05-04 12:43:04,28.7529277801514,-17.7078647613525,"Unknown"
"5020562",379156,2026-05-04 12:48:03,28.7536869049072,-17.7074642181396,"Unknown"
"5020562",379156,2026-05-04 12:53:03,28.7544898986816,-17.7070903778076,"Unknown"
"5020562",379156,2026-05-04 12:58:03,28.7553958892822,-17.7067337036133,"Unknown"
"5020562",379156,2026-05-04 13:03:33,28.7564239501953,-17.7064895629883,"Unknown"
"5020562",379156,2026-05-04 13:08:02,28.7592544555664,-17.7060165405273,"Unknown"
"5020562",379156,2026-05-04 13:13:01,28.7633304595947,-17.7063293457031,"Unknown"
"5020562",379156,2026-05-04 13:18:01,28.7648773193359,-17.707088470459,"Unknown"
"5020562",379156,2026-05-04 13:23:01,28.7663593292236,-17.7078742980957,"Unknown"
"5020562",379156,2026-05-04 13:28:01,28.7678070068359,-17.7084579467773,"Unknown"
"5020562",379156,2026-05-04 13:33:01,28.7691173553467,-17.7089595794678,"Unknown"
"5020562",379156,2026-05-04 13:38:01,28.7703971862793,-17.7094917297363,"Unknown"
"5020562",379156,2026-05-04 13:43:01,28.7717723846436,-17.7099800109863,"Unknown"
"5020562",379156,2026-05-04 13:48:01,28.7731056213379,-17.7103729248047,"Unknown"
"5020562",379156,2026-05-04 13:53:01,28.7743511199951,-17.71071434021,"Unknown"
"5020562",379156,2026-05-04 13:58:01,28.775707244873,-17.7109622955322,"Unknown"
"5020562",379156,2026-05-04 14:03:01,28.777063369751,-17.7113208770752,"Unknown"
"5020562",379156,2026-05-04 14:08:01,28.7783222198486,-17.711820602417,"Unknown"
"5020562",379156,2026-05-04 14:13:01,28.7795486450195,-17.7124786376953,"Unknown"
"5020562",379156,2026-05-04 14:18:01,28.7807559967041,-17.7131652832031,"Unknown"
"5020562",379156,2026-05-04 14:23:01,28.7818908691406,-17.7138843536377,"Unknown"
"5020562",379156,2026-05-04 14:28:01,28.7830219268799,-17.7146511077881,"Unknown"
"5020562",379156,2026-05-04 14:33:01,28.7840900421143,-17.715389251709,"Unknown"
"5020562",379156,2026-05-04 14:38:01,28.785083770752,-17.7161521911621,"Unknown"
"5020562",379156,2026-05-04 14:43:01,28.7861137390137,-17.7168483734131,"Unknown"
"5020562",379156,2026-05-04 14:48:01,28.7870655059814,-17.7174339294434,"Unknown"
"5020562",379156,2026-05-04 14:53:01,28.7881488800049,-17.7179794311523,"Unknown"
"5020562",379156,2026-05-04 14:58:03,28.7890701293945,-17.7185401916504,"Unknown"
"5020562",379156,2026-05-04 15:03:01,28.7901878356934,-17.7191028594971,"Unknown"
"5020562",379156,2026-05-04 15:08:03,28.7874774932861,-17.7194843292236,"Unknown"
"5020562",379156,2026-05-04 15:13:03,28.788143157959,-17.7198657989502,"Unknown"
"5020562",379156,2026-05-04 15:18:03,28.788200378418,-17.7199382781982,"Unknown"
"5020562",379156,2026-05-04 15:23:04,28.7884483337402,-17.7198619842529,"Unknown"
"5020562",379156,2026-05-04 15:28:33,28.7893314361572,-17.7205181121826,"Unknown"
"5020562",379156,2026-05-04 15:33:01,28.7901611328125,-17.720947265625,"Unknown"
"5020562",379156,2026-05-04 15:38:01,28.7910747528076,-17.7214183807373,"Unknown"
"5020562",379156,2026-05-04 15:43:01,28.7919368743896,-17.7218608856201,"Unknown"
"5020562",379156,2026-05-04 15:48:01,28.7928295135498,-17.7222881317139,"Unknown"
"5020562",379156,2026-05-04 15:53:01,28.7937564849854,-17.7227039337158,"Unknown"
"5020562",379156,2026-05-04 15:58:01,28.7947425842285,-17.7230606079102,"Unknown"
"5020562",379156,2026-05-04 16:03:01,28.7956962585449,-17.7234191894531,"Unknown"
"5020562",379156,2026-05-04 16:08:01,28.7966213226318,-17.7237682342529,"Unknown"
"5020562",379156,2026-05-04 16:13:01,28.7975158691406,-17.7240962982178,"Unknown"
"5020562",379156,2026-05-04 16:18:01,28.7984466552734,-17.7243709564209,"Unknown"
"5020562",379156,2026-05-04 16:23:01,28.7994174957275,-17.7246322631836,"Unknown"
"5020562",379156,2026-05-04 16:28:01,28.8004360198975,-17.7248401641846,"Unknown"
"5020562",379156,2026-05-04 16:33:01,28.8013572692871,-17.7250347137451,"Unknown"
"5020562",379156,2026-05-04 16:38:01,28.8023357391357,-17.7252540588379,"Unknown"
"5020562",379156,2026-05-04 16:39:01,28.8025455474854,-17.7253036499023,"Unknown"
"5020562",379156,2026-05-04 16:40:01,28.8027420043945,-17.7253437042236,"Unknown"
"5020562",379156,2026-05-04 16:41:01,28.8029499053955,-17.725399017334,"Unknown"
"5020562",379156,2026-05-04 16:42:01,28.8031215667725,-17.7254543304443,"Unknown"
"5020562",379156,2026-05-04 16:43:01,28.8033218383789,-17.7254810333252,"Unknown"
"5020562",379156,2026-05-04 16:44:01,28.8035202026367,-17.725513458252,"Unknown"
"5020562",379156,2026-05-04 16:45:01,28.8037223815918,-17.7255573272705,"Unknown"
"5020562",379156,2026-05-04 16:46:01,28.8039302825928,-17.7255783081055,"Unknown"
"5020562",379156,2026-05-04 16:47:01,28.8041381835938,-17.7255992889404,"Unknown"
"5020562",379156,2026-05-04 16:48:01,28.8043346405029,-17.7256393432617,"Unknown"
"5020562",379156,2026-05-04 16:49:01,28.8045654296875,-17.7255916595459,"Unknown"
"5020562",379156,2026-05-04 16:50:01,28.8047637939453,-17.7256011962891,"Unknown"
"5020562",379156,2026-05-04 16:51:01,28.8050117492676,-17.7255840301514,"Unknown"
"5020562",379156,2026-05-04 16:52:02,28.8052368164062,-17.7255725860596,"Unknown"
"5020562",379156,2026-05-04 16:53:01,28.8053913116455,-17.7256164550781,"Unknown"
"5020562",379156,2026-05-04 16:54:01,28.8056144714355,-17.7256183624268,"Unknown"
"5020562",379156,2026-05-04 16:55:01,28.8057746887207,-17.725622177124,"Unknown"
"5020562",379156,2026-05-04 16:56:01,28.8059844970703,-17.7256374359131,"Unknown"
"5020562",379156,2026-05-04 16:57:01,28.8061542510986,-17.7256755828857,"Unknown"
"5020562",379156,2026-05-04 16:58:01,28.8063659667969,-17.7257270812988,"Unknown"
"5020562",379156,2026-05-04 16:59:01,28.8065490722656,-17.7257709503174,"Unknown"
"5020562",379156,2026-05-04 17:00:01,28.8067398071289,-17.7257957458496,"Unknown"
"5020562",379156,2026-05-04 17:01:01,28.8068218231201,-17.7257041931152,"Unknown"
"5020562",379156,2026-05-04 17:02:01,28.8070392608643,-17.725736618042,"Unknown"
"5020562",379156,2026-05-04 17:03:01,28.807222366333,-17.725772857666,"Unknown"
"5020562",379156,2026-05-04 17:04:01,28.807409286499,-17.7258243560791,"Unknown"
"5020562",379156,2026-05-04 17:05:01,28.807580947876,-17.7258701324463,"Unknown"
"5020562",379156,2026-05-04 17:06:01,28.8077564239502,-17.725944519043,"Unknown"
"5020562",379156,2026-05-04 17:07:01,28.8079357147217,-17.725980758667,"Unknown"
"5020562",379156,2026-05-04 17:08:01,28.8080978393555,-17.7260513305664,"Unknown"
"5020562",379156,2026-05-04 17:09:01,28.8082485198975,-17.7261123657227,"Unknown"
"5020562",379156,2026-05-04 17:10:01,28.808406829834,-17.7261543273926,"Unknown"
"5020562",379156,2026-05-04 17:11:01,28.8085651397705,-17.7262001037598,"Unknown"
"5020562",379156,2026-05-04 17:12:01,28.8087196350098,-17.7262649536133,"Unknown"
"5020562",379156,2026-05-04 17:13:01,28.8088550567627,-17.7263164520264,"Unknown"
"5020562",379156,2026-05-04 17:14:01,28.8090190887451,-17.7263679504395,"Unknown"
"5020562",379156,2026-05-04 17:15:01,28.8091697692871,-17.7264041900635,"Unknown"
"5020562",379156,2026-05-04 17:16:01,28.8093204498291,-17.7264461517334,"Unknown"
"5020562",379156,2026-05-04 17:17:01,28.8094921112061,-17.726469039917,"Unknown"
"5020562",379156,2026-05-04 17:18:01,28.8096523284912,-17.7265033721924,"Unknown"
"5020562",379156,2026-05-04 17:19:01,28.8098316192627,-17.7265338897705,"Unknown"
"5020562",379156,2026-05-04 17:20:01,28.8099975585938,-17.7265434265137,"Unknown"
"5020562",379156,2026-05-04 17:21:01,28.8102054595947,-17.7265548706055,"Unknown"
"5020562",379156,2026-05-04 17:22:01,28.8103847503662,-17.7265968322754,"Unknown"
"5020562",379156,2026-05-04 17:23:01,28.8105640411377,-17.7266273498535,"Unknown"
"5020562",379156,2026-05-04 17:24:01,28.8107490539551,-17.7266292572021,"Unknown"
"5020562",379156,2026-05-04 17:25:01,28.8109169006348,-17.7266292572021,"Unknown"
"5020562",379156,2026-05-04 17:26:01,28.8110885620117,-17.7266330718994,"Unknown"
"5020562",379156,2026-05-04 17:27:01,28.8112354278564,-17.7266674041748,"Unknown"
"5020562",379156,2026-05-04 17:28:01,28.8114032745361,-17.7266597747803,"Unknown"
"5020562",379156,2026-05-04 17:29:01,28.8115577697754,-17.7266445159912,"Unknown"
"5020562",379156,2026-05-04 17:30:01,28.8117027282715,-17.7266597747803,"Unknown"
"5020562",379156,2026-05-04 17:31:01,28.8118705749512,-17.7266387939453,"Unknown"
"5020562",379156,2026-05-04 17:32:01,28.8120365142822,-17.7266445159912,"Unknown"
"5020562",379156,2026-05-04 17:33:01,28.8122024536133,-17.7266635894775,"Unknown"
"5020562",379156,2026-05-04 17:34:01,28.8123741149902,-17.7266674041748,"Unknown"
"5020562",379156,2026-05-04 17:35:01,28.8125190734863,-17.7266864776611,"Unknown"
"5020562",379156,2026-05-04 17:36:01,28.8126926422119,-17.7267036437988,"Unknown"
"5020562",379156,2026-05-04 17:37:01,28.8127899169922,-17.7267036437988,"Unknown"
"5020562",379156,2026-05-04 17:38:01,28.8129444122314,-17.7267093658447,"Unknown"
"5020562",379156,2026-05-04 17:39:01,28.8130912780762,-17.7267265319824,"Unknown"
"5020562",379156,2026-05-04 17:40:01,28.8132343292236,-17.7267169952393,"Unknown"
"5020562",379156,2026-05-04 17:41:01,28.8133659362793,-17.7267036437988,"Unknown"
"5020562",379156,2026-05-04 17:42:01,28.8135375976562,-17.7267475128174,"Unknown"
"5020562",379156,2026-05-04 17:43:01,28.8137168884277,-17.7267665863037,"Unknown"
"5020562",379156,2026-05-04 17:44:01,28.813835144043,-17.72678565979,"Unknown"
"5020562",379156,2026-05-04 17:45:01,28.8139972686768,-17.726806640625,"Unknown"
"5020562",379156,2026-05-04 17:46:03,28.8141784667969,-17.7267951965332,"Unknown"
"5020562",379156,2026-05-04 17:47:01,28.8143043518066,-17.7267570495605,"Unknown"
"5020562",379156,2026-05-04 17:48:01,28.8144493103027,-17.726734161377,"Unknown"
"5020562",379156,2026-05-04 17:49:01,28.814624786377,-17.7267265319824,"Unknown"
"5020562",379156,2026-05-04 17:50:01,28.8147945404053,-17.7267055511475,"Unknown"
"5020562",379156,2026-05-04 17:51:01,28.8149852752686,-17.7266979217529,"Unknown"
"5020562",379156,2026-05-04 17:52:03,28.8151512145996,-17.7266712188721,"Unknown"
"5020562",379156,2026-05-04 17:53:02,28.8153095245361,-17.726598739624,"Unknown"
"5020562",379156,2026-05-04 17:54:03,28.8154296875,-17.7266483306885,"Unknown"
"5020562",379156,2026-05-04 17:55:01,28.8154888153076,-17.7266139984131,"Unknown"
"5020562",379156,2026-05-04 17:56:02,28.8156757354736,-17.7266120910645,"Unknown"
"5020562",379156,2026-05-04 17:57:02,28.8158187866211,-17.7265605926514,"Unknown"
"5020562",379156,2026-05-04 17:58:02,28.8159465789795,-17.7265243530273,"Unknown"
"5020562",379156,2026-05-04 17:59:01,28.8160858154297,-17.7265014648438,"Unknown"
"5020562",379156,2026-05-04 18:00:32,28.8162937164307,-17.7264842987061,"Unknown"
"5020562",379156,2026-05-04 18:01:01,28.8163566589355,-17.726469039917,"Unknown"
"5020562",379156,2026-05-04 18:02:01,28.8164920806885,-17.7264442443848,"Unknown"
"5020562",379156,2026-05-04 18:03:01,28.8166160583496,-17.7264060974121,"Unknown"
"5020562",379156,2026-05-04 18:04:01,28.8167762756348,-17.7263660430908,"Unknown"
"5020562",379156,2026-05-04 18:05:01,28.8169059753418,-17.7263278961182,"Unknown"
"5020562",379156,2026-05-04 18:06:01,28.8170375823975,-17.7263069152832,"Unknown"
"5020562",379156,2026-05-04 18:07:02,28.8171615600586,-17.7262744903564,"Unknown"
"5020562",379156,2026-05-04 18:08:03,28.8172874450684,-17.726245880127,"Unknown"
"5020562",379156,2026-05-04 18:09:01,28.8174018859863,-17.7262210845947,"Unknown"
"5020562",379156,2026-05-04 18:10:01,28.8175449371338,-17.7261543273926,"Unknown"
"5020562",379156,2026-05-04 18:11:03,28.8176689147949,-17.7260589599609,"Unknown"
"5020562",379156,2026-05-04 18:12:03,28.8177642822266,-17.726001739502,"Unknown"
"5020562",379156,2026-05-04 18:13:01,28.8178615570068,-17.7259311676025,"Unknown"
"5020562",379156,2026-05-04 18:14:03,28.8179588317871,-17.7258453369141,"Unknown"
"5020562",379156,2026-05-04 18:15:02,28.8180408477783,-17.7258186340332,"Unknown"
"5020562",379156,2026-05-04 18:16:02,28.8181190490723,-17.7257633209229,"Unknown"
"5020562",379156,2026-05-04 18:17:03,28.8181858062744,-17.7257385253906,"Unknown"
"5020562",379156,2026-05-04 18:18:01,28.8182907104492,-17.7257022857666,"Unknown"
"5020562",379156,2026-05-04 18:19:01,28.8183708190918,-17.7256507873535,"Unknown"
"5020562",379156,2026-05-04 18:20:01,28.8184413909912,-17.7255916595459,"Unknown"
"5020562",379156,2026-05-04 18:21:01,28.8185024261475,-17.7255706787109,"Unknown"
"5020562",379156,2026-05-04 18:22:01,28.8185691833496,-17.7255516052246,"Unknown"
"5020562",379156,2026-05-04 18:23:01,28.8186321258545,-17.7255210876465,"Unknown"
"5020562",379156,2026-05-04 18:24:01,28.8186950683594,-17.7255020141602,"Unknown"
"5020562",379156,2026-05-04 18:25:01,28.8187637329102,-17.7254753112793,"Unknown"
"5020562",379156,2026-05-04 18:26:01,28.8188514709473,-17.7254524230957,"Unknown"
"5020562",379156,2026-05-04 18:27:01,28.8189392089844,-17.7254104614258,"Unknown"
"5020562",379156,2026-05-04 18:28:01,28.8190231323242,-17.7253398895264,"Unknown"
"5020562",379156,2026-05-04 18:29:01,28.8191184997559,-17.7252655029297,"Unknown"
"5020562",379156,2026-05-04 18:30:01,28.8191871643066,-17.7252388000488,"Unknown"
"5020562",379156,2026-05-04 18:31:01,28.819263458252,-17.725212097168,"Unknown"
"5020562",379156,2026-05-04 18:32:01,28.8193340301514,-17.7251358032227,"Unknown"
"5020562",379156,2026-05-04 18:33:01,28.8193969726562,-17.7251033782959,"Unknown"
"5020562",379156,2026-05-04 18:34:01,28.819450378418,-17.7250633239746,"Unknown"
"5020562",379156,2026-05-04 18:35:01,28.8195095062256,-17.725004196167,"Unknown"
"5020562",379156,2026-05-04 18:36:03,28.8195762634277,-17.7249660491943,"Unknown"
"5020562",379156,2026-05-04 18:37:01,28.819637298584,-17.7249240875244,"Unknown"
"5020562",379156,2026-05-04 18:42:03,28.8200435638428,-17.7247219085693,"Unknown"
"5020562",379156,2026-05-04 18:47:01,28.8203773498535,-17.7246398925781,"Unknown"
"5020562",379156,2026-05-04 18:52:01,28.8207588195801,-17.7244930267334,"Unknown"
"5020562",379156,2026-05-04 18:57:01,28.821081161499,-17.7243118286133,"Unknown"
"5020562",379156,2026-05-04 19:02:03,28.8213405609131,-17.7240905761719,"Unknown"
"5020562",379156,2026-05-04 19:07:03,28.8215103149414,-17.7239284515381,"Unknown"
"5020562",379156,2026-05-04 19:12:02,28.8215980529785,-17.7238788604736,"Unknown"
"5020562",379156,2026-05-04 19:17:01,28.8217010498047,-17.7238025665283,"Unknown"
"5020562",379156,2026-05-04 19:22:01,28.8019351959229,-17.7333526611328,"Unknown"
"5020562",379156,2026-05-04 19:27:03,28.7963981628418,-17.7369976043701,"Unknown"
"5020562",379156,2026-05-04 19:28:03,28.7964210510254,-17.7369518280029,"Unknown"
"5020562",379156,2026-05-04 19:29:01,28.7964515686035,-17.7369060516357,"Unknown"
"5020562",379156,2026-05-04 19:30:04,28.7964687347412,-17.7368431091309,"Unknown"
"5020562",379156,2026-05-04 19:31:01,28.7965259552002,-17.7367935180664,"Unknown"
"5020562",379156,2026-05-04 19:32:04,28.7965679168701,-17.7367420196533,"Unknown"
"5020562",379156,2026-05-04 19:33:01,28.7966041564941,-17.7366638183594,"Unknown"
"5020562",379156,2026-05-04 19:34:04,28.7966175079346,-17.7366313934326,"Unknown"
"5020562",379156,2026-05-04 19:35:03,28.7966613769531,-17.7365684509277,"Unknown"
"5020562",379156,2026-05-04 19:36:03,28.7967090606689,-17.736515045166,"Unknown"
"5020562",379156,2026-05-04 19:37:01,28.7967357635498,-17.7364807128906,"Unknown"
"5020562",379156,2026-05-04 19:38:03,28.7967624664307,-17.7364349365234,"Unknown"
"5020562",379156,2026-05-04 19:39:03,28.7967758178711,-17.7363967895508,"Unknown"
"5020562",379156,2026-05-04 19:40:01,28.7967910766602,-17.7363567352295,"Unknown"
"5020562",379156,2026-05-04 19:41:03,28.7968063354492,-17.7362995147705,"Unknown"
"5020562",379156,2026-05-04 19:42:04,28.7968254089355,-17.7362442016602,"Unknown"
"5020562",379156,2026-05-04 19:43:04,28.7968368530273,-17.7362060546875,"Unknown"
"5020562",379156,2026-05-04 19:44:03,28.7968769073486,-17.736156463623,"Unknown"
"5020562",379156,2026-05-04 19:45:03,28.7969036102295,-17.7361030578613,"Unknown"
"5020562",379156,2026-05-04 19:46:03,28.7968826293945,-17.7360458374023,"Unknown"
"5020562",379156,2026-05-04 19:47:09,28.7968940734863,-17.7359848022461,"Unknown"
"5020562",379156,2026-05-04 19:48:03,28.7968826293945,-17.7359313964844,"Unknown"
"5020562",379156,2026-05-04 19:49:03,28.7969303131104,-17.7358646392822,"Unknown"
"5020562",379156,2026-05-04 19:50:03,28.7969264984131,-17.7357864379883,"Unknown"
"5020562",379156,2026-05-04 19:51:05,28.7969379425049,-17.735746383667,"Unknown"
"5020562",379156,2026-05-04 19:52:06,28.7969303131104,-17.735725402832,"Unknown"
"5020562",379156,2026-05-04 19:53:02,28.7956447601318,-17.7363185882568,"Unknown"
"5020562",379156,2026-05-04 19:54:02,28.7900676727295,-17.7367763519287,"Unknown"
"5020562",379156,2026-05-04 19:55:02,28.7841911315918,-17.7366065979004,"Unknown"
"5020562",379156,2026-05-04 19:56:03,28.7819385528564,-17.7371959686279,"Unknown"
"5020562",379156,2026-05-04 19:57:04,28.7819881439209,-17.7371273040771,"Unknown"
"5020562",379156,2026-05-04 19:58:05,28.7820625305176,-17.7370491027832,"Unknown"
"5020562",379156,2026-05-04 19:59:03,28.7820816040039,-17.7370071411133,"Unknown"
"5020562",379156,2026-05-04 20:00:10,28.7820873260498,-17.7369403839111,"Unknown"
"5020562",379156,2026-05-04 20:01:02,28.782096862793,-17.736888885498,"Unknown"
"5020562",379156,2026-05-04 20:02:09,28.7821025848389,-17.7368412017822,"Unknown"
"5020562",379156,2026-05-04 20:03:33,28.7821254730225,-17.7367668151855,"Unknown"
"5020562",379156,2026-05-04 20:04:01,28.7821502685547,-17.7367572784424,"Unknown"
"5020562",379156,2026-05-04 20:05:01,28.7821826934814,-17.7366580963135,"Unknown"
"5020562",379156,2026-05-04 20:06:01,28.7822132110596,-17.7365665435791,"Unknown"
"5020562",379156,2026-05-04 20:07:01,28.7822265625,-17.7365093231201,"Unknown"
"5020562",379156,2026-05-04 20:08:01,28.7822189331055,-17.7364406585693,"Unknown"
"5020562",379156,2026-05-04 20:09:01,28.7822036743164,-17.7363872528076,"Unknown"
"5020562",379156,2026-05-04 20:10:01,28.7821960449219,-17.7363395690918,"Unknown"
"5020562",379156,2026-05-04 20:11:01,28.7822017669678,-17.7362937927246,"Unknown"
"5020562",379156,2026-05-04 20:12:01,28.7821960449219,-17.7362499237061,"Unknown"
"5020562",379156,2026-05-04 20:13:01,28.7821884155273,-17.736198425293,"Unknown"
"5020562",379156,2026-05-04 20:14:01,28.7821769714355,-17.7361583709717,"Unknown"
"5020562",379156,2026-05-04 20:15:01,28.7821426391602,-17.7361297607422,"Unknown"
"5020562",379156,2026-05-04 20:16:01,28.7821006774902,-17.7361106872559,"Unknown"
"5020562",379156,2026-05-04 20:17:01,28.7791614532471,-17.7352924346924,"Unknown"
"5020562",379156,2026-05-04 20:18:01,28.7734203338623,-17.7341136932373,"Unknown"
"5020562",379156,2026-05-04 20:19:01,28.7682685852051,-17.730432510376,"Unknown"
"5020562",379156,2026-05-04 20:20:01,28.7630500793457,-17.7270698547363,"Unknown"
"5020562",379156,2026-05-04 20:21:01,28.7576217651367,-17.7254867553711,"Unknown"
"5020562",379156,2026-05-04 20:22:01,28.7551174163818,-17.7231559753418,"Unknown"
"5020562",379156,2026-05-04 20:23:01,28.7551536560059,-17.7231540679932,"Unknown"
"5020562",379156,2026-05-04 20:28:01,28.7554969787598,-17.7231349945068,"Unknown"
"5020562",379156,2026-05-04 20:33:01,28.7559051513672,-17.7231101989746,"Unknown"
"5020562",379156,2026-05-04 20:38:01,28.7563095092773,-17.7230625152588,"Unknown"
"5020562",379156,2026-05-04 20:43:01,28.7567768096924,-17.7230796813965,"Unknown"
"5020562",379156,2026-05-04 20:48:01,28.7356777191162,-17.7164421081543,"Unknown"
"5020562",379156,2026-05-04 20:53:01,28.7107810974121,-17.7380409240723,"Unknown"
"5020562",379156,2026-05-04 20:58:02,28.6979198455811,-17.7482223510742,"Unknown"
"5020562",379156,2026-05-04 20:59:01,28.699857711792,-17.7533912658691,"Unknown"
"5020562",379156,2026-05-04 21:00:01,28.6993923187256,-17.7517032623291,"Unknown"
"5020562",379156,2026-05-04 21:01:06,28.699390411377,-17.7490634918213,"Unknown"
"5020562",379156,2026-05-04 21:02:01,28.6991405487061,-17.749195098877,"Unknown"
"5020562",379156,2026-05-04 21:03:01,28.7027015686035,-17.7540378570557,"Unknown"
"5020562",379156,2026-05-04 21:04:01,28.7057609558105,-17.7578220367432,"Unknown"
"5020562",379156,2026-05-04 21:05:01,28.7114067077637,-17.7586822509766,"Unknown"
"5020562",379156,2026-05-04 21:06:01,28.7171726226807,-17.7608299255371,"Unknown"
"5020562",379156,2026-05-04 21:07:01,28.7206382751465,-17.7653980255127,"Unknown"
"5020562",379156,2026-05-04 21:08:11,28.7201347351074,-17.7647247314453,"Unknown"
"5020562",379156,2026-05-05 05:02:57,28.7064609527588,-17.7337703704834,"Unknown"
"5020562",379156,2026-05-05 05:12:27,28.7062168121338,-17.7334003448486,"Unknown"
"5020562",379156,2026-05-05 05:22:28,28.706018447876,-17.7329883575439,"Unknown"
"5020562",379156,2026-05-05 05:32:27,28.7058944702148,-17.732536315918,"Unknown"
"5020562",379156,2026-05-05 05:42:28,28.7062854766846,-17.7320709228516,"Unknown"
"5020562",379156,2026-05-05 05:52:57,28.7171974182129,-17.7238655090332,"Unknown"
"5020562",379156,2026-05-05 06:02:27,28.7168006896973,-17.7228546142578,"Unknown"
"5020562",379156,2026-05-05 06:12:27,28.7205410003662,-17.721227645874,"Unknown"
"5020562",379156,2026-05-05 06:22:28,28.7209148406982,-17.7202739715576,"Unknown"
"5020562",379156,2026-05-05 06:32:27,28.7212696075439,-17.71946144104,"Unknown"
"5020562",379156,2026-05-05 06:42:28,28.7270965576172,-17.7208366394043,"Unknown"
"5020562",379156,2026-05-05 06:52:28,28.7268848419189,-17.7205505371094,"Unknown"
"5020562",379156,2026-05-05 07:02:27,28.7263622283936,-17.720272064209,"Unknown"
"5020562",379156,2026-05-05 07:12:28,28.725772857666,-17.7197208404541,"Unknown"
"5020562",379156,2026-05-05 07:22:27,28.7351608276367,-17.7226390838623,"Unknown"
"5020562",379156,2026-05-05 07:32:30,28.7645530700684,-17.72092628479,"Unknown"
"5020562",379156,2026-05-05 07:42:30,28.763427734375,-17.7196750640869,"Unknown"
"5020562",379156,2026-05-05 07:52:57,28.7554130554199,-17.7182350158691,"Unknown"
"5020562",379156,2026-05-05 08:02:28,28.7555522918701,-17.7177295684814,"Unknown"
"5020562",379156,2026-05-05 08:12:28,28.7574081420898,-17.7147350311279,"Unknown"
"5020562",379156,2026-05-05 08:22:29,28.7579288482666,-17.7146224975586,"Unknown"
"5020562",379156,2026-05-05 08:32:27,28.7587985992432,-17.7127132415771,"Unknown"
"5020562",379156,2026-05-05 08:42:28,28.7588844299316,-17.7126541137695,"Unknown"
"5020562",379156,2026-05-05 08:52:27,28.758846282959,-17.7127265930176,"Unknown"
"5020562",379156,2026-05-05 09:02:28,28.7588024139404,-17.7129573822021,"Unknown"
"5020562",379156,2026-05-05 09:12:30,28.7587833404541,-17.7132949829102,"Unknown"
"5020562",379156,2026-05-05 09:22:29,28.7588729858398,-17.7134666442871,"Unknown"
"5020562",379156,2026-05-05 09:32:27,28.7458019256592,-17.704008102417,"Unknown"
"5020562",379156,2026-05-05 09:37:29,28.7457084655762,-17.7042846679688,"Unknown"
"5020562",379156,2026-05-05 09:42:29,28.7456569671631,-17.7046661376953,"Unknown"
"5020562",379156,2026-05-05 09:52:30,28.7455291748047,-17.7055015563965,"Unknown"
"5020562",379156,2026-05-05 09:57:29,28.7453479766846,-17.7060775756836,"Unknown"
"5020562",379156,2026-05-05 10:02:56,28.7452964782715,-17.706750869751,"Unknown"
"5020562",379156,2026-05-05 10:07:28,28.7453384399414,-17.7073421478271,"Unknown"
"5020562",379156,2026-05-05 10:12:28,28.7452735900879,-17.7079429626465,"Unknown"
"5020562",379156,2026-05-05 10:17:27,28.7452754974365,-17.7085342407227,"Unknown"
"5020562",379156,2026-05-05 10:22:28,28.74538230896,-17.7091064453125,"Unknown"
"5020562",379156,2026-05-05 10:27:28,28.7454643249512,-17.7096080780029,"Unknown"
"5020562",379156,2026-05-05 10:32:28,28.7455406188965,-17.7100772857666,"Unknown"
"5020562",379156,2026-05-05 10:37:27,28.7456188201904,-17.7105369567871,"Unknown"
"5020562",379156,2026-05-05 10:42:28,28.745735168457,-17.7109966278076,"Unknown"
"5020562",379156,2026-05-05 10:47:27,28.7458515167236,-17.7114772796631,"Unknown"
"5020562",379156,2026-05-05 10:52:28,28.7460384368896,-17.7119960784912,"Unknown"
"5020562",379156,2026-05-05 10:57:27,28.7462520599365,-17.7125587463379,"Unknown"
"5020562",379156,2026-05-05 11:02:28,28.7419166564941,-17.7181167602539,"Unknown"
"5020562",379156,2026-05-05 11:07:30,28.742956161499,-17.7184505462646,"Unknown"
"5020562",379156,2026-05-05 11:12:31,28.7427825927734,-17.7186737060547,"Unknown"
"5020562",379156,2026-05-05 11:17:29,28.7425594329834,-17.7189044952393,"Unknown"
"5020562",379156,2026-05-05 11:22:27,28.7301406860352,-17.7207355499268,"Unknown"
"5020562",379156,2026-05-05 11:27:30,28.7287197113037,-17.7243595123291,"Unknown"
"5020562",379156,2026-05-05 11:32:29,28.7254180908203,-17.721363067627,"Unknown"
"5020562",379156,2026-05-05 11:37:29,28.733907699585,-17.7118835449219,"Unknown"
"5020562",379156,2026-05-05 11:42:30,28.7342796325684,-17.7127113342285,"Unknown"
"5020562",379156,2026-05-05 11:47:30,28.7345657348633,-17.713399887085,"Unknown"
"5020562",379156,2026-05-05 11:52:57,28.7291946411133,-17.7127017974854,"Unknown"
"5020562",379156,2026-05-05 11:57:27,28.7291812896729,-17.7126274108887,"Unknown"
"5020562",379156,2026-05-05 12:02:27,28.728946685791,-17.712682723999,"Unknown"
"5020562",379156,2026-05-05 12:07:27,28.7197818756104,-17.7119121551514,"Unknown"
"5020562",379156,2026-05-05 12:12:29,28.7133102416992,-17.7128448486328,"Unknown"
"5020562",379156,2026-05-05 12:17:29,28.713508605957,-17.7131538391113,"Unknown"
"5020562",379156,2026-05-05 12:22:29,28.7136058807373,-17.7133140563965,"Unknown"
"5020562",379156,2026-05-05 12:27:29,28.7138290405273,-17.7135772705078,"Unknown"
"5020562",379156,2026-05-05 12:32:28,28.7141780853271,-17.713846206665,"Unknown"
"5020562",379156,2026-05-05 12:37:29,28.7145080566406,-17.7141075134277,"Unknown"
"5020562",379156,2026-05-05 12:42:31,28.7147979736328,-17.7142467498779,"Unknown"
"5020562",379156,2026-05-05 12:47:31,28.7150249481201,-17.7143516540527,"Unknown"
"5020562",379156,2026-05-05 12:52:30,28.7152347564697,-17.7144107818604,"Unknown"
"5020562",379156,2026-05-05 12:57:32,28.7153282165527,-17.7144641876221,"Unknown"
"5020562",379156,2026-05-05 13:02:57,28.7154064178467,-17.7145004272461,"Unknown"
"5020562",379156,2026-05-05 13:07:29,28.7154140472412,-17.714485168457,"Unknown"
"5020562",379156,2026-05-05 13:12:28,28.714656829834,-17.7123603820801,"Unknown"
"5020562",379156,2026-05-05 13:17:28,28.7147903442383,-17.7124671936035,"Unknown"
"5020562",379156,2026-05-05 13:22:29,28.7151508331299,-17.7129344940186,"Unknown"
"5020562",379156,2026-05-05 13:27:28,28.7156677246094,-17.7133178710938,"Unknown"
"5020562",379156,2026-05-05 13:32:29,28.7256412506104,-17.7164916992188,"Unknown"
"5020562",379156,2026-05-05 13:37:28,28.7356281280518,-17.7192764282227,"Unknown"
"5020562",379156,2026-05-05 13:42:28,28.7311954498291,-17.7227325439453,"Unknown"
"5020562",379156,2026-05-05 13:47:27,28.7287673950195,-17.7253494262695,"Unknown"
"5020562",379156,2026-05-05 13:52:27,28.7246971130371,-17.7275123596191,"Unknown"
"5020562",379156,2026-05-05 13:53:27,28.7248096466064,-17.7275066375732,"Unknown"
"5020562",379156,2026-05-05 13:54:27,28.7249431610107,-17.7274894714355,"Unknown"
"5020562",379156,2026-05-05 13:55:27,28.7250289916992,-17.7274589538574,"Unknown"
"5020562",379156,2026-05-05 13:56:28,28.7251129150391,-17.7274303436279,"Unknown"
"5020562",379156,2026-05-05 13:57:28,28.7251739501953,-17.727409362793,"Unknown"
"5020562",379156,2026-05-05 13:58:28,28.725227355957,-17.7273979187012,"Unknown"
"5020562",379156,2026-05-05 13:59:28,28.7252998352051,-17.7273654937744,"Unknown"
"5020562",379156,2026-05-05 14:00:28,28.7253513336182,-17.7273178100586,"Unknown"
"5020562",379156,2026-05-05 14:01:28,28.7263641357422,-17.7246742248535,"Unknown"
"5020562",379156,2026-05-05 14:02:28,28.7290058135986,-17.722412109375,"Unknown"
"5020562",379156,2026-05-05 14:07:28,28.7296257019043,-17.7222118377686,"Unknown"
"5020562",379156,2026-05-05 14:12:28,28.7301750183105,-17.722110748291,"Unknown"
"5020562",379156,2026-05-05 14:17:28,28.7307968139648,-17.7219486236572,"Unknown"
"5020562",379156,2026-05-05 14:22:28,28.7313861846924,-17.7217864990234,"Unknown"
"5020562",379156,2026-05-05 14:27:30,28.7319736480713,-17.7214775085449,"Unknown"
"5020562",379156,2026-05-05 14:32:29,28.7267723083496,-17.7239456176758,"Unknown"
"5020562",379156,2026-05-05 14:37:29,28.7284698486328,-17.7236595153809,"Unknown"
"5020562",379156,2026-05-05 14:42:29,28.7368831634521,-17.7204170227051,"Unknown"
"5020562",379156,2026-05-05 14:47:31,28.7380123138428,-17.7200031280518,"Unknown"
"5020562",379156,2026-05-05 14:52:31,28.743824005127,-17.7203807830811,"Unknown"
"5020562",379156,2026-05-05 14:57:57,28.738073348999,-17.7190132141113,"Unknown"
"5020562",379156,2026-05-05 15:02:29,28.7329864501953,-17.7221183776855,"Unknown"
"5020562",379156,2026-05-05 15:07:28,28.7322387695312,-17.7225551605225,"Unknown"
"5020562",379156,2026-05-05 15:12:28,28.73313331604,-17.7221260070801,"Unknown"
"5020562",379156,2026-05-05 15:17:28,28.7340412139893,-17.7218933105469,"Unknown"
"5020562",379156,2026-05-05 15:22:28,28.7348518371582,-17.7216396331787,"Unknown"
"5020562",379156,2026-05-05 15:27:28,28.7356224060059,-17.7214012145996,"Unknown"
"5020562",379156,2026-05-05 15:32:28,28.7365798950195,-17.7208805084229,"Unknown"
"5020562",379156,2026-05-05 15:37:28,28.7376518249512,-17.7203617095947,"Unknown"
"5020562",379156,2026-05-05 15:42:28,28.7386646270752,-17.7199001312256,"Unknown"
"5020562",379156,2026-05-05 15:47:30,28.7405452728271,-17.719051361084,"Unknown"
"5020562",379156,2026-05-05 15:52:28,28.7422332763672,-17.7185516357422,"Unknown"
"5020562",379156,2026-05-05 15:57:28,28.7401657104492,-17.715970993042,"Unknown"
"5020562",379156,2026-05-05 16:02:28,28.7409553527832,-17.7158851623535,"Unknown"
"5020562",379156,2026-05-05 16:07:29,28.741678237915,-17.7160339355469,"Unknown"
"5020562",379156,2026-05-05 16:12:28,28.7424430847168,-17.716236114502,"Unknown"
"5020562",379156,2026-05-05 16:17:29,28.7431354522705,-17.716365814209,"Unknown"
"5020562",379156,2026-05-05 16:22:29,28.7438678741455,-17.7165050506592,"Unknown"
"5020562",379156,2026-05-05 16:27:28,28.7445201873779,-17.7164840698242,"Unknown"
"5020562",379156,2026-05-05 16:32:29,28.7484645843506,-17.7099895477295,"Unknown"
"5020562",379156,2026-05-05 16:37:29,28.7588844299316,-17.6872005462646,"Unknown"
"5020562",379156,2026-05-05 16:42:29,28.7814254760742,-17.6746349334717,"Unknown"
"5020562",379156,2026-05-05 16:47:28,28.7848834991455,-17.6755867004395,"Unknown"
"5020562",379156,2026-05-05 16:52:29,28.7842388153076,-17.6780414581299,"Unknown"
"5020562",379156,2026-05-05 16:57:29,28.782154083252,-17.6780300140381,"Unknown"
"5020562",379156,2026-05-05 17:02:30,28.779577255249,-17.6800308227539,"Unknown"
"5020562",379156,2026-05-05 17:07:29,28.7827281951904,-17.6842498779297,"Unknown"
"5020562",379156,2026-05-05 17:13:21,28.7826614379883,-17.6886138916016,"Unknown"
"5020562",379156,2026-05-05 17:17:29,28.7812957763672,-17.6912174224854,"Unknown"
"5020562",379156,2026-05-05 17:22:29,28.7813892364502,-17.6951217651367,"Unknown"
"5020562",379156,2026-05-05 17:27:30,28.7826900482178,-17.697322845459,"Unknown"
"5020562",379156,2026-05-05 17:32:29,28.776439666748,-17.699670791626,"Unknown"
"5020562",379156,2026-05-05 17:37:37,28.7779407501221,-17.6992130279541,"Unknown"
"5020562",379156,2026-05-05 17:42:29,28.7788715362549,-17.7000274658203,"Unknown"
"5020562",379156,2026-05-05 17:47:36,28.7797412872314,-17.7007751464844,"Unknown"
"5020562",379156,2026-05-05 17:52:34,28.7808055877686,-17.6967658996582,"Unknown"
"5020562",379156,2026-05-05 17:57:43,28.7799453735352,-17.6973514556885,"Unknown"
"5020562",379156,2026-05-05 18:03:03,28.7792186737061,-17.6974983215332,"Unknown"
"5020562",379156,2026-05-05 18:07:42,28.7791366577148,-17.6975421905518,"Unknown"
"5020562",379156,2026-05-05 18:12:42,28.7802104949951,-17.6977958679199,"Unknown"
"5020562",379156,2026-05-05 18:17:42,28.7809143066406,-17.6969432830811,"Unknown"
"5020562",379156,2026-05-05 18:22:42,28.7797145843506,-17.6966857910156,"Unknown"
"5020562",379156,2026-05-05 18:27:43,28.7805671691895,-17.6976070404053,"Unknown"
"5020562",379156,2026-05-05 18:32:42,28.7814521789551,-17.6985054016113,"Unknown"
"5020562",379156,2026-05-05 18:37:43,28.7823657989502,-17.6992473602295,"Unknown"
"5020562",379156,2026-05-05 18:42:42,28.7831535339355,-17.6998615264893,"Unknown"
"5020562",379156,2026-05-05 18:47:44,28.7840576171875,-17.7005481719971,"Unknown"
"5020562",379156,2026-05-05 18:52:44,28.7843341827393,-17.7005996704102,"Unknown"
"5020562",379156,2026-05-05 18:57:42,28.7819805145264,-17.6950130462646,"Unknown"
"5020562",379156,2026-05-05 19:02:42,28.7813549041748,-17.6911659240723,"Unknown"
"5020562",379156,2026-05-05 19:07:43,28.7814483642578,-17.6993827819824,"Unknown"
"5020562",379156,2026-05-05 19:12:44,28.7816944122314,-17.7034912109375,"Unknown"
"5020562",379156,2026-05-05 19:17:43,28.7804222106934,-17.7064895629883,"Unknown"
"5020562",379156,2026-05-05 19:22:43,28.7787895202637,-17.7072734832764,"Unknown"
"5020562",379156,2026-05-05 19:27:43,28.7656307220459,-17.7081050872803,"Unknown"
"5020562",379156,2026-05-05 19:32:45,28.7660827636719,-17.7088375091553,"Unknown"
"5020562",379156,2026-05-05 19:37:45,28.7672538757324,-17.7122230529785,"Unknown"
"5020562",379156,2026-05-05 19:42:45,28.7681770324707,-17.7126979827881,"Unknown"
"5020562",379156,2026-05-05 19:47:53,28.7692127227783,-17.7131729125977,"Unknown"
"5020562",379156,2026-05-05 19:53:03,28.770320892334,-17.7132148742676,"Unknown"
"5020562",379156,2026-05-05 19:57:43,28.7712802886963,-17.71360206604,"Unknown"
"5020562",379156,2026-05-05 20:02:43,28.7721652984619,-17.7139167785645,"Unknown"
"5020562",379156,2026-05-05 20:07:43,28.7731056213379,-17.714147567749,"Unknown"
"5020562",379156,2026-05-05 20:12:42,28.7740802764893,-17.7146034240723,"Unknown"
"5020562",379156,2026-05-05 20:17:44,28.7751350402832,-17.714937210083,"Unknown"
"5020562",379156,2026-05-05 20:22:44,28.766918182373,-17.7365245819092,"Unknown"
"5020562",379156,2026-05-05 20:27:42,28.7607536315918,-17.7309017181396,"Unknown"
"5020562",379156,2026-05-05 20:28:42,28.7609004974365,-17.7310218811035,"Unknown"
"5020562",379156,2026-05-05 20:29:45,28.7610740661621,-17.7311210632324,"Unknown"
"5020562",379156,2026-05-05 20:30:44,28.7612495422363,-17.7312450408936,"Unknown"
"5020562",379156,2026-05-05 20:32:03,28.7614784240723,-17.7314071655273,"Unknown"
"5020562",379156,2026-05-05 20:32:42,28.761604309082,-17.7314910888672,"Unknown"
"5020562",379156,2026-05-05 20:33:42,28.7617721557617,-17.7316017150879,"Unknown"
"5020562",379156,2026-05-05 20:34:42,28.7619190216064,-17.7317333221436,"Unknown"
"5020562",379156,2026-05-05 20:35:42,28.762092590332,-17.7318305969238,"Unknown"
"5020562",379156,2026-05-05 20:36:42,28.7622585296631,-17.7319507598877,"Unknown"
"5020562",379156,2026-05-05 20:37:42,28.757043838501,-17.7307586669922,"Unknown"
"5020562",379156,2026-05-05 20:38:43,28.750804901123,-17.7274990081787,"Unknown"
"5020562",379156,2026-05-05 20:39:42,28.7474842071533,-17.722770690918,"Unknown"
"5020562",379156,2026-05-05 20:40:42,28.7416362762451,-17.7202587127686,"Unknown"
"5020562",379156,2026-05-05 20:45:42,28.7150058746338,-17.7289447784424,"Unknown"
"5020562",379156,2026-05-05 20:50:42,28.7070598602295,-17.7491264343262,"Unknown"
"5020562",379156,2026-05-05 20:51:42,28.7099838256836,-17.7546157836914,"Unknown"
"5020562",379156,2026-05-05 20:52:42,28.7140598297119,-17.7582836151123,"Unknown"
"5020562",379156,2026-05-05 20:53:42,28.7188549041748,-17.761157989502,"Unknown"
"5020562",379156,2026-05-05 20:54:54,28.7202453613281,-17.7650985717773,"Unknown"
"5020562",379156,2026-05-06 05:03:17,28.7036266326904,-17.7411346435547,"Unknown"
"5020562",379156,2026-05-06 05:12:34,28.7041263580322,-17.7352752685547,"Unknown"
"5020562",379156,2026-05-06 05:22:34,28.703685760498,-17.7349014282227,"Unknown"
"5020562",379156,2026-05-06 05:32:35,28.7032737731934,-17.7350845336914,"Unknown"
"5020562",379156,2026-05-06 05:42:34,28.7028217315674,-17.7352161407471,"Unknown"
"5020562",379156,2026-05-06 05:52:35,28.7023601531982,-17.7353076934814,"Unknown"
"5020562",379156,2026-05-06 06:02:36,28.694149017334,-17.7184600830078,"Unknown"
"5020562",379156,2026-05-06 06:12:36,28.7094020843506,-17.7144031524658,"Unknown"
"5020562",379156,2026-05-06 06:22:35,28.708833694458,-17.7143115997314,"Unknown"
"5020562",379156,2026-05-06 06:32:36,28.7087154388428,-17.7144031524658,"Unknown"
"5020562",379156,2026-05-06 06:42:38,28.7087936401367,-17.7145366668701,"Unknown"
"5020562",379156,2026-05-06 06:52:34,28.7087707519531,-17.7143421173096,"Unknown"
"5020562",379156,2026-05-06 07:02:38,28.7259845733643,-17.7200469970703,"Unknown"
"5020562",379156,2026-05-06 07:12:38,28.7261199951172,-17.7196788787842,"Unknown"
"5020562",379156,2026-05-06 07:22:36,28.7262363433838,-17.7198638916016,"Unknown"
"5020562",379156,2026-05-06 07:33:03,28.727840423584,-17.7180080413818,"Unknown"
"5020562",379156,2026-05-06 07:42:35,28.7271957397461,-17.7180213928223,"Unknown"
"5020562",379156,2026-05-06 07:52:36,28.7272109985352,-17.7180881500244,"Unknown"
"5020562",379156,2026-05-06 08:02:35,28.7272548675537,-17.7180938720703,"Unknown"
"5020562",379156,2026-05-06 08:12:35,28.7274513244629,-17.718132019043,"Unknown"
"5020562",379156,2026-05-06 08:22:35,28.7275066375732,-17.7182807922363,"Unknown"
"5020562",379156,2026-05-06 08:32:36,28.7275581359863,-17.7186260223389,"Unknown"
"5020562",379156,2026-05-06 08:42:35,28.7277088165283,-17.7186317443848,"Unknown"
"5020562",379156,2026-05-06 08:52:36,28.728006362915,-17.7188549041748,"Unknown"
"5020562",379156,2026-05-06 09:03:03,28.7726573944092,-17.7282981872559,"Unknown"
"5020562",379156,2026-05-06 09:12:34,28.7751808166504,-17.7312488555908,"Unknown"
"5020562",379156,2026-05-06 09:22:35,28.7792434692383,-17.7164154052734,"Unknown"
"5020562",379156,2026-05-06 09:32:35,28.7790107727051,-17.7164306640625,"Unknown"
"5020562",379156,2026-05-06 09:42:35,28.7781658172607,-17.7013282775879,"Unknown"
"5020562",379156,2026-05-06 09:52:35,28.784330368042,-17.703104019165,"Unknown"
"5020562",379156,2026-05-06 10:02:35,28.7850170135498,-17.7037982940674,"Unknown"
"5020562",379156,2026-05-06 10:12:35,28.7853527069092,-17.7044315338135,"Unknown"
"5020562",379156,2026-05-06 10:22:35,28.7857513427734,-17.7049865722656,"Unknown"
"5020562",379156,2026-05-06 10:32:35,28.7869129180908,-17.7038173675537,"Unknown"
"5020562",379156,2026-05-06 10:42:35,28.7893695831299,-17.6977882385254,"Unknown"
"5020562",379156,2026-05-06 10:52:35,28.8272380828857,-17.681734085083,"Unknown"
"5020562",379156,2026-05-06 10:57:36,28.8518104553223,-17.6815147399902,"Unknown"
"5020562",379156,2026-05-06 11:02:35,28.8755283355713,-17.6881484985352,"Unknown"
"5020562",379156,2026-05-06 11:07:35,28.9026870727539,-17.6878242492676,"Unknown"
"5020562",379156,2026-05-06 11:12:36,28.9290637969971,-17.6964931488037,"Unknown"
"5020562",379156,2026-05-06 11:17:35,28.9515781402588,-17.694995880127,"Unknown"
"5020562",379156,2026-05-06 11:22:36,28.9717254638672,-17.6899471282959,"Unknown"
"5020562",379156,2026-05-06 11:27:36,28.9780330657959,-17.6640396118164,"Unknown"
"5020562",379156,2026-05-06 11:32:36,28.9647006988525,-17.6512107849121,"Unknown"
"5020562",379156,2026-05-06 11:37:36,28.9457855224609,-17.6406059265137,"Unknown"
"5020562",379156,2026-05-06 11:42:37,28.929328918457,-17.6294059753418,"Unknown"
"5020562",379156,2026-05-06 11:48:03,28.9103088378906,-17.6131496429443,"Unknown"
"5020562",379156,2026-05-06 11:52:36,28.8886337280273,-17.6121101379395,"Unknown"
"5020562",379156,2026-05-06 11:57:36,28.8648109436035,-17.6172580718994,"Unknown"
"5020562",379156,2026-05-06 12:03:33,28.8371257781982,-17.6205387115479,"Unknown"
"5020562",379156,2026-05-06 12:07:35,28.8304042816162,-17.6259918212891,"Unknown"
"5020562",379156,2026-05-06 12:12:36,28.8213329315186,-17.6281795501709,"Unknown"
"5020562",379156,2026-05-06 12:17:34,28.7945747375488,-17.6340675354004,"Unknown"
"5020562",379156,2026-05-06 12:22:36,28.7713794708252,-17.6419448852539,"Unknown"
"5020562",379156,2026-05-06 12:27:34,28.7493915557861,-17.6495189666748,"Unknown"
"5020562",379156,2026-05-06 12:32:42,28.7324390411377,-17.6587886810303,"Unknown"
"5020562",379156,2026-05-06 12:37:34,28.7158622741699,-17.6754570007324,"Unknown"
"5020562",379156,2026-05-06 12:42:36,28.694616317749,-17.6835803985596,"Unknown"
"5020562",379156,2026-05-06 12:47:37,28.6696624755859,-17.6927814483643,"Unknown"
"5020562",379156,2026-05-06 12:53:03,28.6498203277588,-17.7132549285889,"Unknown"
"5020562",379156,2026-05-06 12:58:59,28.6320552825928,-17.7155151367188,"Unknown"
"5020562",379156,2026-05-06 13:03:03,28.6341094970703,-17.7152099609375,"Unknown"
"5020562",379156,2026-05-06 13:07:36,28.6355686187744,-17.7167129516602,"Unknown"
"5020562",379156,2026-05-06 13:12:34,28.6371612548828,-17.7205982208252,"Unknown"
"5020562",379156,2026-05-06 13:17:35,28.6248893737793,-17.7356758117676,"Unknown"
"5020562",379156,2026-05-06 13:22:35,28.6184215545654,-17.7438507080078,"Unknown"
"5020562",379156,2026-05-06 13:23:35,28.6147956848145,-17.7452335357666,"Unknown"
"5020562",379156,2026-05-06 13:24:35,28.6121578216553,-17.7439613342285,"Unknown"
"5020562",379156,2026-05-06 13:25:36,28.6108341217041,-17.7388095855713,"Unknown"
"5020562",379156,2026-05-06 13:26:35,28.6134548187256,-17.7362232208252,"Unknown"
"5020562",379156,2026-05-06 13:27:34,28.6149425506592,-17.7316513061523,"Unknown"
"5020562",379156,2026-05-06 13:28:34,28.6195297241211,-17.7292556762695,"Unknown"
"5020562",379156,2026-05-06 13:29:35,28.6202831268311,-17.7294311523438,"Unknown"
"5020562",379156,2026-05-06 13:30:35,28.6204013824463,-17.7293682098389,"Unknown"
"5020562",379156,2026-05-06 13:32:11,28.6205577850342,-17.7292881011963,"Unknown"
"5020562",379156,2026-05-06 13:32:34,28.6206703186035,-17.7294082641602,"Unknown"
"5020562",379156,2026-05-06 13:33:34,28.6247596740723,-17.7296810150146,"Unknown"
"5020562",379156,2026-05-06 13:34:34,28.6259059906006,-17.7266063690186,"Unknown"
"5020562",379156,2026-05-06 13:35:35,28.62624168396,-17.7249355316162,"Unknown"
"5020562",379156,2026-05-06 13:36:34,28.6249389648438,-17.7257976531982,"Unknown"
"5020562",379156,2026-05-06 13:41:34,28.6255588531494,-17.725133895874,"Unknown"
"5020562",379156,2026-05-06 13:42:35,28.6256809234619,-17.7250804901123,"Unknown"
"5020562",379156,2026-05-06 13:43:35,28.6257820129395,-17.7250385284424,"Unknown"
"5020562",379156,2026-05-06 13:44:34,28.6259174346924,-17.7249488830566,"Unknown"
"5020562",379156,2026-05-06 13:45:34,28.6260395050049,-17.7248649597168,"Unknown"
"5020562",379156,2026-05-06 13:50:34,28.6268424987793,-17.7245559692383,"Unknown"
"5020562",379156,2026-05-06 13:55:34,28.6274871826172,-17.7240810394287,"Unknown"
"5020562",379156,2026-05-06 14:00:36,28.6282215118408,-17.7236347198486,"Unknown"
"5020562",379156,2026-05-06 14:05:36,28.6225910186768,-17.7269172668457,"Unknown"
"5020562",379156,2026-05-06 14:11:11,28.6052913665771,-17.7345218658447,"Unknown"
"5020562",379156,2026-05-06 14:12:33,28.5983467102051,-17.7355213165283,"Unknown"
"5020562",379156,2026-05-06 14:12:34,28.5982475280762,-17.7355346679688,"Unknown"
"5020562",379156,2026-05-06 14:13:53,28.594181060791,-17.7366695404053,"Unknown"
"5020562",379156,2026-05-06 14:14:53,28.5942420959473,-17.7365684509277,"Unknown"
"5020562",379156,2026-05-06 14:15:53,28.5943641662598,-17.7364463806152,"Unknown"
"5020562",379156,2026-05-06 14:16:53,28.5944519042969,-17.7363357543945,"Unknown"
"5020562",379156,2026-05-06 14:17:53,28.5945663452148,-17.7362003326416,"Unknown"
"5020562",379156,2026-05-06 14:18:53,28.5946807861328,-17.7358913421631,"Unknown"
"5020562",379156,2026-05-06 14:19:53,28.5947933197021,-17.7357997894287,"Unknown"
"5020562",379156,2026-05-06 14:20:53,28.5939655303955,-17.735954284668,"Unknown"
"5020562",379156,2026-05-06 14:21:53,28.5932998657227,-17.7347259521484,"Unknown"
"5020562",379156,2026-05-06 14:22:53,28.5909023284912,-17.7341423034668,"Unknown"
"5020562",379156,2026-05-06 14:23:53,28.5889053344727,-17.7285175323486,"Unknown"
"5020562",379156,2026-05-06 14:24:53,28.5844974517822,-17.7247409820557,"Unknown"
"5020562",379156,2026-05-06 14:25:53,28.5797328948975,-17.7279567718506,"Unknown"
"5020562",379156,2026-05-06 14:30:53,28.5690746307373,-17.7238903045654,"Unknown"
"5020562",379156,2026-05-06 14:31:52,28.5699195861816,-17.7230529785156,"Unknown"
"5020562",379156,2026-05-06 14:36:53,28.5733108520508,-17.7217712402344,"Unknown"
"5020562",379156,2026-05-06 14:41:53,28.5653743743896,-17.7211570739746,"Unknown"
"5020562",379156,2026-05-06 14:46:53,28.5628566741943,-17.7174873352051,"Unknown"
"5020562",379156,2026-05-06 14:51:53,28.5590705871582,-17.7177238464355,"Unknown"
"5020562",379156,2026-05-06 14:56:53,28.5602207183838,-17.7207813262939,"Unknown"
"5020562",379156,2026-05-06 15:01:53,28.5545806884766,-17.7197456359863,"Unknown"
"5020562",379156,2026-05-06 15:06:53,28.5533981323242,-17.7214241027832,"Unknown"
"5020562",379156,2026-05-06 15:11:53,28.5513610839844,-17.7169189453125,"Unknown"
"5020562",379156,2026-05-06 15:16:53,28.5481624603271,-17.7167415618896,"Unknown"
"5020562",379156,2026-05-06 15:21:53,28.5467014312744,-17.7136287689209,"Unknown"
"5020562",379156,2026-05-06 15:26:53,28.5433750152588,-17.7124996185303,"Unknown"
"5020562",379156,2026-05-06 15:31:53,28.543176651001,-17.7096271514893,"Unknown"
"5020562",379156,2026-05-06 15:36:53,28.5378761291504,-17.7125015258789,"Unknown"
"5020562",379156,2026-05-06 15:41:53,28.536958694458,-17.7107429504395,"Unknown"
"5020562",379156,2026-05-06 15:46:53,28.5370941162109,-17.7108364105225,"Unknown"
"5020562",379156,2026-05-06 15:51:53,28.5372295379639,-17.7107696533203,"Unknown"
"5020562",379156,2026-05-06 15:56:53,28.5373115539551,-17.7107200622559,"Unknown"
"5020562",379156,2026-05-06 16:01:53,28.5334777832031,-17.7141361236572,"Unknown"
"5020562",379156,2026-05-06 16:06:53,28.5307312011719,-17.7145671844482,"Unknown"
"5020562",379156,2026-05-06 16:11:53,28.529447555542,-17.7158241271973,"Unknown"
"5020562",379156,2026-05-06 16:16:53,28.5293006896973,-17.7166080474854,"Unknown"
"5020562",379156,2026-05-06 16:21:54,28.5290374755859,-17.7172584533691,"Unknown"
"5020562",379156,2026-05-06 16:26:55,28.5290660858154,-17.7179832458496,"Unknown"
"5020562",379156,2026-05-06 16:31:53,28.5295124053955,-17.7187271118164,"Unknown"
"5020562",379156,2026-05-06 16:36:54,28.5304660797119,-17.721019744873,"Unknown"
"5020562",379156,2026-05-06 16:41:55,28.5308361053467,-17.7245025634766,"Unknown"
"5020562",379156,2026-05-06 16:46:55,28.5252857208252,-17.7236175537109,"Unknown"
"5020562",379156,2026-05-06 16:51:55,28.524959564209,-17.7236289978027,"Unknown"
"5020562",379156,2026-05-06 16:56:55,28.5245342254639,-17.7236595153809,"Unknown"
"5020562",379156,2026-05-06 17:01:55,28.5244483947754,-17.7236137390137,"Unknown"
"5020562",379156,2026-05-06 17:07:17,28.524341583252,-17.7236213684082,"Unknown"
"5020562",379156,2026-05-06 17:11:54,28.5243186950684,-17.7236003875732,"Unknown"
"5020562",379156,2026-05-06 17:16:56,28.5242862701416,-17.7235832214355,"Unknown"
"5020562",379156,2026-05-06 17:21:54,28.5243759155273,-17.723331451416,"Unknown"
"5020562",379156,2026-05-06 17:26:54,28.5228137969971,-17.725736618042,"Unknown"
"5020562",379156,2026-05-06 17:31:54,28.5241832733154,-17.7237434387207,"Unknown"
"5020562",379156,2026-05-06 17:32:53,28.5242462158203,-17.7237701416016,"Unknown"
"5020562",379156,2026-05-06 17:37:53,28.5242748260498,-17.7236804962158,"Unknown"
"5020562",379156,2026-05-06 17:42:54,28.5242309570312,-17.7238597869873,"Unknown"
"5020562",379156,2026-05-06 17:47:55,28.540584564209,-17.7403678894043,"Unknown"
"5020562",379156,2026-05-06 17:52:54,28.565710067749,-17.749906539917,"Unknown"
"5020562",379156,2026-05-06 17:53:53,28.569314956665,-17.7460250854492,"Unknown"
"5020562",379156,2026-05-06 17:54:55,28.5748558044434,-17.7465076446533,"Unknown"
"5020562",379156,2026-05-06 17:55:55,28.5795269012451,-17.7446155548096,"Unknown"
"5020562",379156,2026-05-06 17:56:54,28.5843391418457,-17.7438201904297,"Unknown"
"5020562",379156,2026-05-06 17:57:54,28.5895214080811,-17.7436561584473,"Unknown"
"5020562",379156,2026-05-06 17:58:54,28.5948371887207,-17.7446250915527,"Unknown"
"5020562",379156,2026-05-06 17:59:56,28.5950260162354,-17.7454948425293,"Unknown"
"5020562",379156,2026-05-06 18:00:55,28.5950031280518,-17.7455139160156,"Unknown"
"5020562",379156,2026-05-06 18:01:57,28.594970703125,-17.7455291748047,"Unknown"
"5020562",379156,2026-05-06 18:02:55,28.59494972229,-17.7455425262451,"Unknown"
"5020562",379156,2026-05-06 18:03:55,28.594913482666,-17.7455825805664,"Unknown"
"5020562",379156,2026-05-06 18:04:55,28.5948486328125,-17.7456092834473,"Unknown"
"5020562",379156,2026-05-06 18:05:58,28.5948295593262,-17.7456321716309,"Unknown"
"5020562",379156,2026-05-06 18:06:56,28.5948104858398,-17.7456874847412,"Unknown"
"5020562",379156,2026-05-06 18:07:57,28.5947914123535,-17.7457122802734,"Unknown"
"5020562",379156,2026-05-06 18:08:55,28.5947780609131,-17.7457046508789,"Unknown"
"5020562",379156,2026-05-06 18:09:56,28.5947418212891,-17.7456932067871,"Unknown"
"5020562",379156,2026-05-06 18:10:55,28.5947113037109,-17.7456836700439,"Unknown"
"5020562",379156,2026-05-06 18:11:56,28.5946922302246,-17.7456455230713,"Unknown"
"5020562",379156,2026-05-06 18:12:57,28.5946617126465,-17.745641708374,"Unknown"
"5020562",379156,2026-05-06 18:13:55,28.5946311950684,-17.7456817626953,"Unknown"
"5020562",379156,2026-05-06 18:14:57,28.5946025848389,-17.7456684112549,"Unknown"
"5020562",379156,2026-05-06 18:15:55,28.5956115722656,-17.7447299957275,"Unknown"
"5020562",379156,2026-05-06 18:16:58,28.6006126403809,-17.7450675964355,"Unknown"
"5020562",379156,2026-05-06 18:17:53,28.6046562194824,-17.7471313476562,"Unknown"
"5020562",379156,2026-05-06 18:18:53,28.6098518371582,-17.7469348907471,"Unknown"
"5020562",379156,2026-05-06 18:19:55,28.6151733398438,-17.7439708709717,"Unknown"
"5020562",379156,2026-05-06 18:20:55,28.6200904846191,-17.7427635192871,"Unknown"
"5020562",379156,2026-05-06 18:22:06,28.6254825592041,-17.7449264526367,"Unknown"
"5020562",379156,2026-05-06 18:22:55,28.6288986206055,-17.7470245361328,"Unknown"
"5020562",379156,2026-05-06 18:23:55,28.6313133239746,-17.7483901977539,"Unknown"
"5020562",379156,2026-05-06 18:24:53,28.6358890533447,-17.7499122619629,"Unknown"
"5020562",379156,2026-05-06 18:25:57,28.6414794921875,-17.7497806549072,"Unknown"
"5020562",379156,2026-05-06 18:26:55,28.6458911895752,-17.7501449584961,"Unknown"
"5020562",379156,2026-05-06 18:29:18,28.6562080383301,-17.7525730133057,"Unknown"
"5020562",379156,2026-05-06 18:29:20,28.6563816070557,-17.7525329589844,"Unknown"
"5020562",379156,2026-05-06 18:30:23,28.6605453491211,-17.7541446685791,"Unknown"
"5020562",379156,2026-05-06 18:31:31,28.665506362915,-17.7566204071045,"Unknown"
"5020562",379156,2026-05-06 18:32:23,28.6696968078613,-17.7570381164551,"Unknown"
"5020562",379156,2026-05-06 18:33:23,28.6749877929688,-17.7554149627686,"Unknown"
"5020562",379156,2026-05-06 18:34:23,28.6797332763672,-17.7539043426514,"Unknown"
"5020562",379156,2026-05-06 18:35:23,28.6843872070312,-17.7544460296631,"Unknown"
"5020562",379156,2026-05-06 18:36:24,28.6900367736816,-17.7523803710938,"Unknown"
"5020562",379156,2026-05-06 18:37:25,28.6936264038086,-17.7474193572998,"Unknown"
"5020562",379156,2026-05-06 18:38:23,28.6925659179688,-17.7462749481201,"Unknown"
"5020562",379156,2026-05-06 18:39:23,28.6925792694092,-17.7463130950928,"Unknown"
"5020562",379156,2026-05-06 18:40:23,28.6926097869873,-17.746301651001,"Unknown"
"5020562",379156,2026-05-06 18:41:23,28.6926097869873,-17.7462959289551,"Unknown"
"5020562",379156,2026-05-06 18:42:23,28.69260597229,-17.7463054656982,"Unknown"
"5020562",379156,2026-05-06 18:43:23,28.6937046051025,-17.7443447113037,"Unknown"
"5020562",379156,2026-05-06 18:44:23,28.6953620910645,-17.7415828704834,"Unknown"
"5020562",379156,2026-05-06 18:45:23,28.6952114105225,-17.7426147460938,"Unknown"
"5020562",379156,2026-05-06 18:46:24,28.6951599121094,-17.7425632476807,"Unknown"
"5020562",379156,2026-05-06 18:47:23,28.6951465606689,-17.7425765991211,"Unknown"
"5020562",379156,2026-05-06 18:48:23,28.6951084136963,-17.7425479888916,"Unknown"
"5020562",379156,2026-05-06 18:49:24,28.6950740814209,-17.7425746917725,"Unknown"
"5020562",379156,2026-05-06 18:50:25,28.6950569152832,-17.7426013946533,"Unknown"
"5020562",379156,2026-05-06 18:51:24,28.6950149536133,-17.742639541626,"Unknown"
"5020562",379156,2026-05-06 18:52:25,28.6949768066406,-17.742639541626,"Unknown"
"5020562",379156,2026-05-06 18:53:25,28.6945152282715,-17.7437133789062,"Unknown"
"5020562",379156,2026-05-06 18:54:32,28.6908550262451,-17.7447986602783,"Unknown"
"5020562",379156,2026-05-06 18:55:32,28.6909847259521,-17.7445430755615,"Unknown"
"5020562",379156,2026-05-06 18:56:31,28.691047668457,-17.7443561553955,"Unknown"
"5020562",379156,2026-05-06 18:57:31,28.6910934448242,-17.7441654205322,"Unknown"
"5020562",379156,2026-05-06 18:58:33,28.6911334991455,-17.7440853118896,"Unknown"
"5020562",379156,2026-05-06 18:59:31,28.6911525726318,-17.7440567016602,"Unknown"
"5020562",379156,2026-05-06 19:00:33,28.6912117004395,-17.7440204620361,"Unknown"
"5020562",379156,2026-05-06 19:01:31,28.6921825408936,-17.743371963501,"Unknown"
"5020562",379156,2026-05-06 19:02:35,28.6913642883301,-17.7438850402832,"Unknown"
"5020562",379156,2026-05-06 19:03:31,28.6913871765137,-17.7438831329346,"Unknown"
"5020562",379156,2026-05-06 19:04:32,28.6914081573486,-17.7439289093018,"Unknown"
"5020562",379156,2026-05-06 19:05:31,28.6914310455322,-17.7439384460449,"Unknown"
"5020562",379156,2026-05-06 19:06:33,28.6914577484131,-17.7439193725586,"Unknown"
"5020562",379156,2026-05-06 19:07:31,28.6915283203125,-17.7438869476318,"Unknown"
"5020562",379156,2026-05-06 19:08:34,28.6915283203125,-17.7438545227051,"Unknown"
"5020562",379156,2026-05-06 19:09:31,28.6918621063232,-17.7445869445801,"Unknown"
"5020562",379156,2026-05-06 19:10:31,28.6920776367188,-17.7451038360596,"Unknown"
"5020562",379156,2026-05-06 19:11:33,28.6920852661133,-17.7451400756836,"Unknown"
"5020562",379156,2026-05-06 19:12:31,28.6920890808105,-17.7451782226562,"Unknown"
"5020562",379156,2026-05-06 19:13:35,28.6920795440674,-17.7452125549316,"Unknown"
"5020562",379156,2026-05-06 19:14:35,28.6920700073242,-17.7452239990234,"Unknown"
"5020562",379156,2026-05-06 19:15:32,28.6920967102051,-17.7452621459961,"Unknown"
"5020562",379156,2026-05-06 19:16:32,28.6920871734619,-17.7453002929688,"Unknown"
"5020562",379156,2026-05-06 19:17:31,28.6920394897461,-17.7453365325928,"Unknown"
"5020562",379156,2026-05-06 19:18:31,28.6920394897461,-17.7454376220703,"Unknown"
"5020562",379156,2026-05-06 19:19:32,28.6920738220215,-17.7455196380615,"Unknown"
"5020562",379156,2026-05-06 19:20:32,28.6921348571777,-17.7455959320068,"Unknown"
"5020562",379156,2026-05-06 19:21:31,28.6921730041504,-17.7456684112549,"Unknown"
"5020562",379156,2026-05-06 19:22:32,28.6921901702881,-17.7457237243652,"Unknown"
"5020562",379156,2026-05-06 19:23:32,28.6921997070312,-17.7458019256592,"Unknown"
"5020562",379156,2026-05-06 19:24:31,28.6922149658203,-17.745885848999,"Unknown"
"5020562",379156,2026-05-06 19:25:32,28.6922264099121,-17.7459659576416,"Unknown"
"5020562",379156,2026-05-06 19:26:34,28.6922225952148,-17.7460441589355,"Unknown"
"5020562",379156,2026-05-06 19:27:31,28.6922302246094,-17.7461318969727,"Unknown"
"5020562",379156,2026-05-06 19:28:31,28.6922225952148,-17.746223449707,"Unknown"
"5020562",379156,2026-05-06 19:29:32,28.692253112793,-17.7462692260742,"Unknown"
"5020562",379156,2026-05-06 19:30:34,28.6922588348389,-17.7463493347168,"Unknown"
"5020562",379156,2026-05-06 19:31:33,28.692268371582,-17.7464065551758,"Unknown"
"5020562",379156,2026-05-06 19:32:33,28.692289352417,-17.7464790344238,"Unknown"
"5020562",379156,2026-05-06 19:34:03,28.6923122406006,-17.7465629577637,"Unknown"
"5020562",379156,2026-05-06 19:34:31,28.6923217773438,-17.7466049194336,"Unknown"
"5020562",379156,2026-05-06 19:35:31,28.6923522949219,-17.7467079162598,"Unknown"
"5020562",379156,2026-05-06 19:36:31,28.6923694610596,-17.7468013763428,"Unknown"
"5020562",379156,2026-05-06 19:37:31,28.6923961639404,-17.7468681335449,"Unknown"
"5020562",379156,2026-05-06 19:38:31,28.6924343109131,-17.7469997406006,"Unknown"
"5020562",379156,2026-05-06 19:39:31,28.6924858093262,-17.7470817565918,"Unknown"
"5020562",379156,2026-05-06 19:40:31,28.6925067901611,-17.7471199035645,"Unknown"
"5020562",379156,2026-05-06 19:41:33,28.6925239562988,-17.7471294403076,"Unknown"
"5020562",379156,2026-05-06 19:42:31,28.6925354003906,-17.7471389770508,"Unknown"
"5020562",379156,2026-05-06 19:43:32,28.6925411224365,-17.7471446990967,"Unknown"
"5020562",379156,2026-05-06 19:44:32,28.6925296783447,-17.7471809387207,"Unknown"
"5020562",379156,2026-05-06 19:45:31,28.6925487518311,-17.7471694946289,"Unknown"
"5020562",379156,2026-05-06 19:46:31,28.6925888061523,-17.7472496032715,"Unknown"
"5020562",379156,2026-05-06 19:47:32,28.6926193237305,-17.7472953796387,"Unknown"
"5020562",379156,2026-05-06 19:48:31,28.6926612854004,-17.7473182678223,"Unknown"
"5020562",379156,2026-05-06 19:49:31,28.692663192749,-17.7473545074463,"Unknown"
"5020562",379156,2026-05-06 19:50:32,28.6926727294922,-17.747386932373,"Unknown"
"5020562",379156,2026-05-06 19:51:31,28.6926689147949,-17.747428894043,"Unknown"
"5020562",379156,2026-05-06 19:52:31,28.6926708221436,-17.7474899291992,"Unknown"
"5020562",379156,2026-05-06 19:53:31,28.6926879882812,-17.7475280761719,"Unknown"
"5020562",379156,2026-05-06 19:54:31,28.6927318572998,-17.7476062774658,"Unknown"
"5020562",379156,2026-05-06 19:55:31,28.6927661895752,-17.7476253509521,"Unknown"
"5020562",379156,2026-05-06 19:56:33,28.692777633667,-17.7476367950439,"Unknown"
"5020562",379156,2026-05-06 19:57:33,28.6928081512451,-17.7476921081543,"Unknown"
"5020562",379156,2026-05-06 19:58:33,28.6928462982178,-17.7478160858154,"Unknown"
"5020562",379156,2026-05-06 19:59:33,28.6940116882324,-17.7486877441406,"Unknown"
"5020562",379156,2026-05-06 20:01:05,28.6940326690674,-17.7487983703613,"Unknown"
"5020562",379156,2026-05-06 20:01:31,28.6940593719482,-17.7488441467285,"Unknown"
"5020562",379156,2026-05-06 20:02:31,28.6940994262695,-17.7489376068115,"Unknown"
"5020562",379156,2026-05-06 20:03:31,28.6941356658936,-17.7490787506104,"Unknown"
"5020562",379156,2026-05-06 20:04:31,28.6941986083984,-17.7491283416748,"Unknown"
"5020562",379156,2026-05-06 20:05:31,28.6942520141602,-17.7492046356201,"Unknown"
"5020562",379156,2026-05-06 20:06:31,28.6943016052246,-17.7492771148682,"Unknown"
"5020562",379156,2026-05-06 20:07:31,28.6943778991699,-17.7493801116943,"Unknown"
"5020562",379156,2026-05-06 20:08:31,28.6944122314453,-17.7494888305664,"Unknown"
"5020562",379156,2026-05-06 20:09:31,28.694429397583,-17.7495441436768,"Unknown"
"5020562",379156,2026-05-06 20:10:31,28.6944618225098,-17.7496376037598,"Unknown"
"5020562",379156,2026-05-06 20:11:31,28.6945343017578,-17.7497711181641,"Unknown"
"5020562",379156,2026-05-06 20:12:31,28.694637298584,-17.7499294281006,"Unknown"
"5020562",379156,2026-05-06 20:13:31,28.6947364807129,-17.7500762939453,"Unknown"
"5020562",379156,2026-05-06 20:14:31,28.6948509216309,-17.750150680542,"Unknown"
"5020562",379156,2026-05-06 20:15:31,28.6949424743652,-17.7502632141113,"Unknown"
"5020562",379156,2026-05-06 20:16:31,28.6950244903564,-17.7503662109375,"Unknown"
"5020562",379156,2026-05-06 20:17:31,28.6951179504395,-17.7504711151123,"Unknown"
"5020562",379156,2026-05-06 20:18:31,28.695198059082,-17.7505569458008,"Unknown"
"5020562",379156,2026-05-06 20:19:31,28.6952171325684,-17.7506732940674,"Unknown"
"5020562",379156,2026-05-06 20:20:31,28.6952648162842,-17.7508239746094,"Unknown"
"5020562",379156,2026-05-06 20:21:31,28.695333480835,-17.7509307861328,"Unknown"
"5020562",379156,2026-05-06 20:22:31,28.6953678131104,-17.751049041748,"Unknown"
"5020562",379156,2026-05-06 20:23:31,28.6954002380371,-17.7511329650879,"Unknown"
"5020562",379156,2026-05-06 20:24:31,28.6954326629639,-17.7512435913086,"Unknown"
"5020562",379156,2026-05-06 20:25:31,28.6955223083496,-17.7513580322266,"Unknown"
"5020562",379156,2026-05-06 20:26:31,28.6956043243408,-17.751522064209,"Unknown"
"5020562",379156,2026-05-06 20:27:31,28.6956310272217,-17.7516841888428,"Unknown"
"5020562",379156,2026-05-06 20:28:31,28.6956634521484,-17.7518196105957,"Unknown"
"5020562",379156,2026-05-06 20:29:31,28.695707321167,-17.7519702911377,"Unknown"
"5020562",379156,2026-05-06 20:30:31,28.6957302093506,-17.7520942687988,"Unknown"
"5020562",379156,2026-05-06 20:31:31,28.6957702636719,-17.7521057128906,"Unknown"
"5020562",379156,2026-05-06 20:32:31,28.6958236694336,-17.75221824646,"Unknown"
"5020562",379156,2026-05-06 20:33:31,28.695858001709,-17.7523078918457,"Unknown"
"5020562",379156,2026-05-06 20:34:31,28.6959037780762,-17.7523880004883,"Unknown"
"5020562",379156,2026-05-06 20:35:31,28.6959342956543,-17.7524719238281,"Unknown"
"5020562",379156,2026-05-06 20:36:31,28.6959552764893,-17.7525310516357,"Unknown"
"5020563",370751,2026-04-22 19:15:11,28.8529758453369,-17.849723815918,"Unknown"
"5020563",370751,2026-04-22 19:17:31,28.8529033660889,-17.8495216369629,"Unknown"
"5020563",370751,2026-04-22 19:18:30,28.8529014587402,-17.8494701385498,"Unknown"
"5020563",370751,2026-04-22 19:19:28,28.8528270721436,-17.8493232727051,"Unknown"
"5020563",370751,2026-04-22 19:20:28,28.852783203125,-17.8492469787598,"Unknown"
"5020563",370751,2026-04-22 19:21:30,28.8527488708496,-17.8492069244385,"Unknown"
"5020563",370751,2026-04-22 19:22:31,28.8527431488037,-17.8491058349609,"Unknown"
"5020563",370751,2026-04-22 19:23:28,28.8527126312256,-17.849006652832,"Unknown"
"5020563",370751,2026-04-22 19:24:28,28.852653503418,-17.8489398956299,"Unknown"
"5020563",370751,2026-04-22 19:25:30,28.8526630401611,-17.848840713501,"Unknown"
"5020563",370751,2026-04-22 19:26:26,28.8525371551514,-17.8487777709961,"Unknown"
"5020563",370751,2026-04-22 19:27:28,28.8525199890137,-17.8487014770508,"Unknown"
"5020563",370751,2026-04-22 19:28:27,28.8524513244629,-17.8486480712891,"Unknown"
"5020563",370751,2026-04-22 19:29:29,28.852409362793,-17.8485546112061,"Unknown"
"5020563",370751,2026-04-22 19:30:29,28.8523273468018,-17.8484725952148,"Unknown"
"5020563",370751,2026-04-22 19:31:28,28.8522644042969,-17.8484058380127,"Unknown"
"5020563",370751,2026-04-22 19:32:27,28.8522415161133,-17.848352432251,"Unknown"
"5020563",370751,2026-04-22 19:33:29,28.8521270751953,-17.8482780456543,"Unknown"
"5020563",370751,2026-04-22 19:34:28,28.8521251678467,-17.8482398986816,"Unknown"
"5020563",370751,2026-04-22 19:35:27,28.8520202636719,-17.8481979370117,"Unknown"
"5020563",370751,2026-04-22 19:36:26,28.8519020080566,-17.8480854034424,"Unknown"
"5020563",370751,2026-04-22 19:37:27,28.851842880249,-17.8480358123779,"Unknown"
"5020563",370751,2026-04-22 19:38:26,28.8518180847168,-17.8479747772217,"Unknown"
"5020563",370751,2026-04-22 19:39:27,28.851734161377,-17.8479099273682,"Unknown"
"5020563",370751,2026-04-22 19:40:32,28.851676940918,-17.8477993011475,"Unknown"
"5020563",370751,2026-04-22 19:41:26,28.8516311645508,-17.8477573394775,"Unknown"
"5020563",370751,2026-04-22 19:42:27,28.8515758514404,-17.8476276397705,"Unknown"
"5020563",370751,2026-04-22 19:43:27,28.8515186309814,-17.8475227355957,"Unknown"
"5020563",370751,2026-04-22 19:44:26,28.8514595031738,-17.8475780487061,"Unknown"
"5020563",370751,2026-04-22 19:45:26,28.8513793945312,-17.8475170135498,"Unknown"
"5020563",370751,2026-04-22 19:46:27,28.8513946533203,-17.8474712371826,"Unknown"
"5020563",370751,2026-04-22 19:47:25,28.8514652252197,-17.8472328186035,"Unknown"
"5020563",370751,2026-04-22 19:48:25,28.8548812866211,-17.848087310791,"Unknown"
"5020563",370751,2026-04-22 19:49:25,28.8562145233154,-17.8480014801025,"Unknown"
"5020563",370751,2026-04-22 19:50:25,28.857177734375,-17.84814453125,"Unknown"
"5020563",370751,2026-04-22 19:51:25,28.8600559234619,-17.8491077423096,"Unknown"
"5020563",370751,2026-04-22 19:52:25,28.8606052398682,-17.8493938446045,"Unknown"
"5020563",370751,2026-04-22 19:53:25,28.8620586395264,-17.84983253479,"Unknown"
"5020563",370751,2026-04-22 19:54:25,28.8643608093262,-17.8503570556641,"Unknown"
"5020563",370751,2026-04-22 19:59:25,28.8675308227539,-17.8495140075684,"Unknown"
"5020563",370751,2026-04-22 20:04:26,28.856466293335,-17.8446826934814,"Unknown"
"5020563",370751,2026-04-22 20:09:25,28.8538494110107,-17.8386611938477,"Unknown"
"5020563",370751,2026-04-22 20:10:25,28.8538284301758,-17.8386611938477,"Unknown"
"5020563",370751,2026-04-22 20:11:25,28.8538379669189,-17.8387184143066,"Unknown"
"5020563",370751,2026-04-22 20:12:25,28.8538494110107,-17.8387260437012,"Unknown"
"5020563",370751,2026-04-22 20:13:25,28.8538684844971,-17.8387641906738,"Unknown"
"5020563",370751,2026-04-22 20:14:25,28.8538875579834,-17.8387298583984,"Unknown"
"5020563",370751,2026-04-22 20:15:25,28.8539009094238,-17.838830947876,"Unknown"
"5020563",370751,2026-04-22 20:16:25,28.8539009094238,-17.8388786315918,"Unknown"
"5020563",370751,2026-04-22 20:17:25,28.853853225708,-17.838981628418,"Unknown"
"5020563",370751,2026-04-22 20:18:25,28.8538303375244,-17.8389835357666,"Unknown"
"5020563",370751,2026-04-22 20:19:25,28.8538513183594,-17.8390636444092,"Unknown"
"5020563",370751,2026-04-22 20:20:25,28.8538761138916,-17.8390693664551,"Unknown"
"5020563",370751,2026-04-22 20:21:25,28.8538856506348,-17.8391284942627,"Unknown"
"5020563",370751,2026-04-22 20:22:26,28.8539237976074,-17.8391819000244,"Unknown"
"5020563",370751,2026-04-22 20:23:25,28.8539161682129,-17.8392086029053,"Unknown"
"5020563",370751,2026-04-22 20:24:25,28.8539123535156,-17.8392448425293,"Unknown"
"5020563",370751,2026-04-22 20:25:25,28.8539485931396,-17.8392848968506,"Unknown"
"5020563",370751,2026-04-22 20:26:25,28.8539714813232,-17.8393020629883,"Unknown"
"5020563",370751,2026-04-22 20:27:25,28.8539924621582,-17.8393383026123,"Unknown"
"5020563",370751,2026-04-22 20:28:27,28.8540306091309,-17.8393669128418,"Unknown"
"5020563",370751,2026-04-22 20:29:27,28.8540534973145,-17.8393669128418,"Unknown"
"5020563",370751,2026-04-22 20:30:25,28.8540725708008,-17.8393516540527,"Unknown"
"5020563",370751,2026-04-22 20:31:27,28.854076385498,-17.8394451141357,"Unknown"
"5020563",370751,2026-04-22 20:32:47,28.8540954589844,-17.8395118713379,"Unknown"
"5020563",370751,2026-04-22 20:33:25,28.8540725708008,-17.8395137786865,"Unknown"
"5020563",370751,2026-04-22 20:34:25,28.8540687561035,-17.8395385742188,"Unknown"
"5020563",370751,2026-04-22 20:35:25,28.85400390625,-17.8395576477051,"Unknown"
"5020563",370751,2026-04-22 20:36:25,28.8539924621582,-17.839635848999,"Unknown"
"5020563",370751,2026-04-22 20:37:25,28.8539581298828,-17.8397235870361,"Unknown"
"5020563",370751,2026-04-22 20:38:25,28.8539714813232,-17.8398151397705,"Unknown"
"5020563",370751,2026-04-22 20:39:25,28.8539810180664,-17.839916229248,"Unknown"
"5020563",370751,2026-04-22 20:40:25,28.8539733886719,-17.8400421142578,"Unknown"
"5020563",370751,2026-04-22 20:41:25,28.8539581298828,-17.8401317596436,"Unknown"
"5020563",370751,2026-04-22 20:42:25,28.8539485931396,-17.8402481079102,"Unknown"
"5020563",370751,2026-04-22 20:43:25,28.8539276123047,-17.840368270874,"Unknown"
"5020563",370751,2026-04-22 20:44:25,28.8539257049561,-17.8404693603516,"Unknown"
"5020563",370751,2026-04-22 20:45:25,28.8544445037842,-17.8384685516357,"Unknown"
"5020563",370751,2026-04-22 20:46:27,28.855770111084,-17.8428230285645,"Unknown"
"5020563",370751,2026-04-22 20:47:25,28.856237411499,-17.8456916809082,"Unknown"
"5020563",370751,2026-04-22 20:48:25,28.855640411377,-17.8455562591553,"Unknown"
"5020563",370751,2026-04-22 20:49:25,28.8556442260742,-17.8455791473389,"Unknown"
"5020563",370751,2026-04-22 20:50:25,28.8556423187256,-17.8456153869629,"Unknown"
"5020563",370751,2026-04-22 20:51:25,28.8556365966797,-17.8456726074219,"Unknown"
"5020563",370751,2026-04-22 20:52:25,28.8556385040283,-17.8457469940186,"Unknown"
"5020563",370751,2026-04-22 20:53:25,28.8556213378906,-17.8458023071289,"Unknown"
"5020563",370751,2026-04-22 20:54:25,28.8556308746338,-17.8458499908447,"Unknown"
"5020563",370751,2026-04-22 20:55:25,28.8556308746338,-17.8459167480469,"Unknown"
"5020563",370751,2026-04-22 20:56:25,28.8556003570557,-17.8459854125977,"Unknown"
"5020563",370751,2026-04-22 20:57:25,28.8555812835693,-17.8460540771484,"Unknown"
"5020563",370751,2026-04-22 20:58:25,28.8555927276611,-17.8461036682129,"Unknown"
"5020563",370751,2026-04-22 20:59:25,28.8556098937988,-17.8461513519287,"Unknown"
"5020563",370751,2026-04-22 21:00:25,28.8555946350098,-17.846227645874,"Unknown"
"5020563",370751,2026-04-22 21:01:25,28.8555946350098,-17.8462982177734,"Unknown"
"5020563",370751,2026-04-22 21:02:25,28.8555889129639,-17.8463745117188,"Unknown"
"5020563",370751,2026-04-22 21:03:25,28.8555850982666,-17.8464317321777,"Unknown"
"5020563",370751,2026-04-22 21:04:25,28.8555717468262,-17.8464889526367,"Unknown"
"5020563",370751,2026-04-22 21:05:25,28.8555889129639,-17.8465404510498,"Unknown"
"5020563",370751,2026-04-22 21:06:25,28.8555774688721,-17.8465728759766,"Unknown"
"5020563",370751,2026-04-22 21:07:25,28.8555946350098,-17.8466186523438,"Unknown"
"5020563",370751,2026-04-22 21:08:25,28.8555793762207,-17.8466644287109,"Unknown"
"5020563",370751,2026-04-22 21:09:25,28.8555927276611,-17.8467388153076,"Unknown"
"5020563",370751,2026-04-22 21:10:25,28.8555965423584,-17.8467960357666,"Unknown"
"5020563",370751,2026-04-22 21:11:25,28.8556003570557,-17.8468399047852,"Unknown"
"5020563",370751,2026-04-22 21:12:25,28.8556098937988,-17.8468685150146,"Unknown"
"5020563",370751,2026-04-22 21:13:25,28.8556213378906,-17.8468971252441,"Unknown"
"5020563",370751,2026-04-22 21:14:25,28.8556213378906,-17.8469505310059,"Unknown"
"5020563",370751,2026-04-22 21:15:25,28.8556213378906,-17.8470001220703,"Unknown"
"5020563",370751,2026-04-22 21:16:25,28.8556499481201,-17.8470687866211,"Unknown"
"5020563",370751,2026-04-22 21:17:25,28.8556804656982,-17.8471488952637,"Unknown"
"5020563",370751,2026-04-22 21:18:25,28.8556976318359,-17.8472633361816,"Unknown"
"5020563",370751,2026-04-22 21:19:25,28.8556957244873,-17.8473148345947,"Unknown"
"5020563",370751,2026-04-22 21:20:25,28.8557033538818,-17.8473701477051,"Unknown"
"5020563",370751,2026-04-22 21:21:25,28.8557319641113,-17.847448348999,"Unknown"
"5020563",370751,2026-04-22 21:22:25,28.8557376861572,-17.8475017547607,"Unknown"
"5020563",370751,2026-04-22 21:23:25,28.8557472229004,-17.8476028442383,"Unknown"
"5020563",370751,2026-04-22 21:24:25,28.8557319641113,-17.8476524353027,"Unknown"
"5020563",370751,2026-04-22 21:25:25,28.8557395935059,-17.8477077484131,"Unknown"
"5020563",370751,2026-04-22 21:26:25,28.8557567596436,-17.8477764129639,"Unknown"
"5020563",370751,2026-04-22 21:27:25,28.8557605743408,-17.8478050231934,"Unknown"
"5020563",370751,2026-04-22 21:28:25,28.8557586669922,-17.8478374481201,"Unknown"
"5020563",370751,2026-04-22 21:29:25,28.8557643890381,-17.8478946685791,"Unknown"
"5020563",370751,2026-04-22 21:30:25,28.855749130249,-17.8479557037354,"Unknown"
"5020563",370751,2026-04-22 21:31:25,28.8557624816895,-17.848030090332,"Unknown"
"5020563",370751,2026-04-22 21:32:25,28.8557815551758,-17.8480396270752,"Unknown"
"5020563",370751,2026-04-22 21:33:25,28.855770111084,-17.8480453491211,"Unknown"
"5020563",370751,2026-04-22 21:34:26,28.8557586669922,-17.8481025695801,"Unknown"
"5020563",370751,2026-04-22 21:35:25,28.8558025360107,-17.8481693267822,"Unknown"
"5020563",370751,2026-04-22 21:36:26,28.8557987213135,-17.8482055664062,"Unknown"
"5020563",370751,2026-04-22 21:37:25,28.8558311462402,-17.8483066558838,"Unknown"
"5020563",370751,2026-04-22 21:38:25,28.8558387756348,-17.848352432251,"Unknown"
"5020563",370751,2026-04-22 21:39:25,28.8558368682861,-17.8483982086182,"Unknown"
"5020563",370751,2026-04-22 21:40:25,28.8558521270752,-17.8484649658203,"Unknown"
"5020563",370751,2026-04-22 21:41:25,28.8558616638184,-17.8485069274902,"Unknown"
"5020563",370751,2026-04-22 21:42:25,28.8558731079102,-17.848575592041,"Unknown"
"5020563",370751,2026-04-22 21:43:25,28.8558731079102,-17.8486194610596,"Unknown"
"5020563",370751,2026-04-22 21:44:25,28.8558769226074,-17.8486862182617,"Unknown"
"5020563",370751,2026-04-22 21:45:25,28.8558616638184,-17.848726272583,"Unknown"
"5020563",370751,2026-04-22 21:46:25,28.8558654785156,-17.8487415313721,"Unknown"
"5020563",370751,2026-04-22 21:47:25,28.8558521270752,-17.8487606048584,"Unknown"
"5020563",370751,2026-04-22 21:48:25,28.8558673858643,-17.8487930297852,"Unknown"
"5020563",370751,2026-04-22 21:49:26,28.8558540344238,-17.8488311767578,"Unknown"
"5020563",370751,2026-04-22 21:50:26,28.855884552002,-17.84889793396,"Unknown"
"5020563",370751,2026-04-22 21:51:25,28.8558559417725,-17.8489437103271,"Unknown"
"5020563",370751,2026-04-22 21:52:26,28.8558807373047,-17.8490238189697,"Unknown"
"5020563",370751,2026-04-22 21:53:25,28.8558864593506,-17.8490695953369,"Unknown"
"5020563",370751,2026-04-22 21:54:25,28.8558712005615,-17.8490924835205,"Unknown"
"5020563",370751,2026-04-22 21:55:26,28.8559055328369,-17.8491687774658,"Unknown"
"5020563",370751,2026-04-22 21:56:24,28.8559112548828,-17.8492202758789,"Unknown"
"5020563",370751,2026-04-22 21:57:26,28.85595703125,-17.8492870330811,"Unknown"
"5020563",370751,2026-04-22 21:58:26,28.8559856414795,-17.8493728637695,"Unknown"
"5020563",370751,2026-04-22 21:59:25,28.8560199737549,-17.8494625091553,"Unknown"
"5020563",370751,2026-04-22 22:00:47,28.8560752868652,-17.849588394165,"Unknown"
"5020563",370751,2026-04-22 22:01:25,28.8561115264893,-17.8496475219727,"Unknown"
"5020563",370751,2026-04-22 22:02:25,28.8561325073242,-17.8497276306152,"Unknown"
"5020563",370751,2026-04-22 22:03:25,28.8561573028564,-17.8498191833496,"Unknown"
"5020563",370751,2026-04-22 22:04:25,28.8562068939209,-17.8499202728271,"Unknown"
"5020563",370751,2026-04-22 22:05:25,28.855936050415,-17.8499011993408,"Unknown"
"5020563",370751,2026-04-22 22:06:25,28.8560161590576,-17.8499431610107,"Unknown"
"5020563",370751,2026-04-22 22:07:25,28.8560600280762,-17.8499889373779,"Unknown"
"5020563",370751,2026-04-22 22:08:26,28.8561401367188,-17.8500022888184,"Unknown"
"5020563",370751,2026-04-22 22:09:27,28.8562068939209,-17.8500194549561,"Unknown"
"5020563",370751,2026-04-22 22:10:26,28.8562526702881,-17.8500709533691,"Unknown"
"5020563",370751,2026-04-22 22:11:26,28.8563194274902,-17.8501052856445,"Unknown"
"5020563",370751,2026-04-22 22:12:25,28.8563556671143,-17.8501300811768,"Unknown"
"5020563",370751,2026-04-22 22:13:25,28.8564128875732,-17.8501205444336,"Unknown"
"5020563",370751,2026-04-22 22:14:26,28.8564739227295,-17.8501720428467,"Unknown"
"5020563",370751,2026-04-22 22:15:25,28.8565101623535,-17.8502216339111,"Unknown"
"5020563",370751,2026-04-22 22:16:25,28.8565902709961,-17.8502788543701,"Unknown"
"5020563",370751,2026-04-22 22:17:25,28.8566379547119,-17.8503837585449,"Unknown"
"5020563",370751,2026-04-22 22:18:25,28.8566646575928,-17.8504581451416,"Unknown"
"5020563",370751,2026-04-22 22:19:25,28.8566989898682,-17.8505420684814,"Unknown"
"5020563",370751,2026-04-22 22:20:25,28.8567199707031,-17.8506298065186,"Unknown"
"5020563",370751,2026-04-22 22:21:25,28.8567409515381,-17.8507041931152,"Unknown"
"5020563",370751,2026-04-22 22:22:26,28.856761932373,-17.8508052825928,"Unknown"
"5020563",370751,2026-04-22 22:23:27,28.8568019866943,-17.8509120941162,"Unknown"
"5020563",370751,2026-04-22 22:24:25,28.8568592071533,-17.851001739502,"Unknown"
"5020563",370751,2026-04-22 22:25:25,28.8568534851074,-17.8510971069336,"Unknown"
"5020563",370751,2026-04-22 22:26:25,28.8568744659424,-17.8511047363281,"Unknown"
"5020563",370751,2026-04-22 22:27:25,28.8568897247314,-17.8511657714844,"Unknown"
"5020563",370751,2026-04-22 22:28:26,28.8569278717041,-17.8512229919434,"Unknown"
"5020563",370751,2026-04-22 22:29:25,28.8569526672363,-17.8512706756592,"Unknown"
"5020563",370751,2026-04-22 22:30:25,28.8569812774658,-17.8512992858887,"Unknown"
"5020563",370751,2026-04-22 22:31:26,28.8570461273193,-17.8513202667236,"Unknown"
"5020563",370751,2026-04-22 22:32:26,28.8570861816406,-17.8513469696045,"Unknown"
"5020563",370751,2026-04-22 22:33:27,28.8570899963379,-17.8513565063477,"Unknown"
"5020563",370751,2026-04-22 22:34:25,28.8571548461914,-17.8513851165771,"Unknown"
"5020563",370751,2026-04-22 22:35:26,28.8571872711182,-17.8514671325684,"Unknown"
"5020563",370751,2026-04-22 22:36:27,28.8572311401367,-17.8515548706055,"Unknown"
"5020563",370751,2026-04-22 22:37:28,28.8572597503662,-17.8516407012939,"Unknown"
"5020563",370751,2026-04-22 22:38:28,28.8572883605957,-17.8516941070557,"Unknown"
"5020563",370751,2026-04-22 22:39:25,28.8572750091553,-17.8517837524414,"Unknown"
"5020563",370751,2026-04-22 22:40:28,28.8573207855225,-17.8518238067627,"Unknown"
"5020563",370751,2026-04-22 22:41:27,28.857307434082,-17.8518733978271,"Unknown"
"5020563",370751,2026-04-22 22:42:28,28.8573436737061,-17.8519153594971,"Unknown"
"5020563",370751,2026-04-22 22:43:30,28.8573837280273,-17.8519592285156,"Unknown"
"5020563",370751,2026-04-22 22:44:28,28.8573875427246,-17.8519878387451,"Unknown"
"5020563",370751,2026-04-22 22:45:57,28.8574275970459,-17.8520050048828,"Unknown"
"5020563",370751,2026-04-22 22:46:25,28.8574275970459,-17.8520259857178,"Unknown"
"5020563",370751,2026-04-22 22:47:25,28.8574600219727,-17.8520584106445,"Unknown"
"5020563",370751,2026-04-22 22:48:25,28.857494354248,-17.8520565032959,"Unknown"
"5020563",370751,2026-04-22 22:49:25,28.8575286865234,-17.852071762085,"Unknown"
"5020563",370751,2026-04-22 22:50:25,28.8575611114502,-17.8521327972412,"Unknown"
"5020563",370751,2026-04-22 22:51:25,28.8575878143311,-17.8521709442139,"Unknown"
"5020563",370751,2026-04-22 22:52:24,28.8576011657715,-17.852222442627,"Unknown"
"5020563",370751,2026-04-22 22:53:25,28.8576278686523,-17.8522434234619,"Unknown"
"5020563",370751,2026-04-22 22:54:25,28.8576641082764,-17.8522853851318,"Unknown"
"5020563",370751,2026-04-22 22:55:25,28.8576850891113,-17.8523235321045,"Unknown"
"5020563",370751,2026-04-22 22:56:25,28.8577175140381,-17.852352142334,"Unknown"
"5020563",370751,2026-04-22 22:57:25,28.8577556610107,-17.8523941040039,"Unknown"
"5020563",370751,2026-04-22 22:58:25,28.8577671051025,-17.8524131774902,"Unknown"
"5020563",370751,2026-04-22 22:59:25,28.8578243255615,-17.8524322509766,"Unknown"
"5020563",370751,2026-04-22 23:00:24,28.8578777313232,-17.8524799346924,"Unknown"
"5020563",370751,2026-04-22 23:01:25,28.8579139709473,-17.8525333404541,"Unknown"
"5020563",370751,2026-04-22 23:02:25,28.8579807281494,-17.8525733947754,"Unknown"
"5020563",370751,2026-04-22 23:03:24,28.858060836792,-17.852611541748,"Unknown"
"5020563",370751,2026-04-22 23:04:25,28.8581199645996,-17.8526706695557,"Unknown"
"5020563",370751,2026-04-22 23:05:24,28.8581943511963,-17.8527183532715,"Unknown"
"5020563",370751,2026-04-22 23:06:25,28.8582744598389,-17.8527755737305,"Unknown"
"5020563",370751,2026-04-22 23:07:24,28.8583583831787,-17.8528270721436,"Unknown"
"5020563",370751,2026-04-22 23:08:25,28.8583984375,-17.8528709411621,"Unknown"
"5020563",370751,2026-04-22 23:09:25,28.8584785461426,-17.8529319763184,"Unknown"
"5020563",370751,2026-04-22 23:10:25,28.8585739135742,-17.8529815673828,"Unknown"
"5020563",370751,2026-04-22 23:11:25,28.8586330413818,-17.8530426025391,"Unknown"
"5020563",370751,2026-04-22 23:12:25,28.8587169647217,-17.8530864715576,"Unknown"
"5020563",370751,2026-04-22 23:13:25,28.8587894439697,-17.8531436920166,"Unknown"
"5020563",370751,2026-04-22 23:14:25,28.8588237762451,-17.8531856536865,"Unknown"
"5020563",370751,2026-04-22 23:15:24,28.8589038848877,-17.8532409667969,"Unknown"
"5020563",370751,2026-04-22 23:16:25,28.8589458465576,-17.8532638549805,"Unknown"
"5020563",370751,2026-04-22 23:17:25,28.8589820861816,-17.8532981872559,"Unknown"
"5020563",370751,2026-04-22 23:18:24,28.8590183258057,-17.8533363342285,"Unknown"
"5020563",370751,2026-04-22 23:19:25,28.8590831756592,-17.8533935546875,"Unknown"
"5020563",370751,2026-04-22 23:20:25,28.8591270446777,-17.8534469604492,"Unknown"
"5020563",370751,2026-04-22 23:21:24,28.8591823577881,-17.8534889221191,"Unknown"
"5020563",370751,2026-04-22 23:22:25,28.8592433929443,-17.8535423278809,"Unknown"
"5020563",370751,2026-04-22 23:23:25,28.8593006134033,-17.8536033630371,"Unknown"
"5020563",370751,2026-04-22 23:24:25,28.8593654632568,-17.8536415100098,"Unknown"
"5020563",370751,2026-04-22 23:25:25,28.8594093322754,-17.8536720275879,"Unknown"
"5020563",370751,2026-04-22 23:26:25,28.8594741821289,-17.8536930084229,"Unknown"
"5020563",370751,2026-04-22 23:27:25,28.859546661377,-17.8537311553955,"Unknown"
"5020563",370751,2026-04-22 23:28:25,28.8596000671387,-17.8537750244141,"Unknown"
"5020563",370751,2026-04-22 23:29:25,28.8596515655518,-17.853816986084,"Unknown"
"5020563",370751,2026-04-22 23:30:25,28.8597011566162,-17.8538627624512,"Unknown"
"5020563",370751,2026-04-22 23:31:25,28.8597297668457,-17.8538932800293,"Unknown"
"5020563",370751,2026-04-22 23:32:25,28.8597545623779,-17.8539066314697,"Unknown"
"5020563",370751,2026-04-22 23:33:25,28.8597831726074,-17.8539505004883,"Unknown"
"5020563",370751,2026-04-22 23:34:25,28.859842300415,-17.8539962768555,"Unknown"
"5020563",370751,2026-04-22 23:35:25,28.859899520874,-17.8540172576904,"Unknown"
"5020563",370751,2026-04-22 23:36:25,28.8599414825439,-17.854061126709,"Unknown"
"5020563",370751,2026-04-22 23:37:25,28.8600254058838,-17.854061126709,"Unknown"
"5020563",370751,2026-04-22 23:38:25,28.8600444793701,-17.8540630340576,"Unknown"
"5020563",370751,2026-04-22 23:39:25,28.8600540161133,-17.854061126709,"Unknown"
"5020563",370751,2026-04-22 23:40:25,28.8600788116455,-17.854040145874,"Unknown"
"5020563",370751,2026-04-22 23:41:25,28.8600940704346,-17.8540325164795,"Unknown"
"5020563",370751,2026-04-22 23:42:25,28.8601131439209,-17.8540306091309,"Unknown"
"5020563",370751,2026-04-22 23:43:25,28.8601112365723,-17.8540267944336,"Unknown"
"5020563",370751,2026-04-22 23:44:25,28.8601531982422,-17.8540153503418,"Unknown"
"5020563",370751,2026-04-22 23:45:25,28.8601913452148,-17.8540229797363,"Unknown"
"5020563",370751,2026-04-22 23:46:25,28.8602027893066,-17.8540649414062,"Unknown"
"5020563",370751,2026-04-22 23:47:25,28.8602313995361,-17.8540840148926,"Unknown"
"5020563",370751,2026-04-22 23:48:25,28.8602333068848,-17.8540992736816,"Unknown"
"5020563",370751,2026-04-22 23:49:25,28.8602657318115,-17.8541126251221,"Unknown"
"5020563",370751,2026-04-22 23:50:25,28.8603019714355,-17.8541698455811,"Unknown"
"5020563",370751,2026-04-22 23:51:25,28.8603324890137,-17.8541660308838,"Unknown"
"5020563",370751,2026-04-22 23:52:25,28.8603630065918,-17.8541984558105,"Unknown"
"5020563",370751,2026-04-22 23:53:25,28.8603992462158,-17.8542385101318,"Unknown"
"5020563",370751,2026-04-22 23:54:25,28.8604621887207,-17.8542518615723,"Unknown"
"5020563",370751,2026-04-22 23:55:25,28.8604850769043,-17.8543281555176,"Unknown"
"5020563",370751,2026-04-22 23:56:25,28.8605575561523,-17.8543739318848,"Unknown"
"5020563",370751,2026-04-22 23:57:25,28.8606147766113,-17.8544273376465,"Unknown"
"5020563",370751,2026-04-22 23:58:25,28.8606586456299,-17.8544807434082,"Unknown"
"5020563",370751,2026-04-22 23:59:25,28.8606948852539,-17.8545036315918,"Unknown"
"5020563",370751,2026-04-23 00:00:25,28.8607196807861,-17.8545188903809,"Unknown"
"5020563",370751,2026-04-23 00:01:25,28.8607616424561,-17.8545894622803,"Unknown"
"5020563",370751,2026-04-23 00:02:25,28.8607902526855,-17.8546180725098,"Unknown"
"5020563",370751,2026-04-23 00:03:25,28.8608379364014,-17.8546981811523,"Unknown"
"5020563",370751,2026-04-23 00:04:25,28.8608722686768,-17.8547554016113,"Unknown"
"5020563",370751,2026-04-23 00:05:25,28.8608989715576,-17.8547554016113,"Unknown"
"5020563",370751,2026-04-23 00:06:25,28.8609371185303,-17.8547992706299,"Unknown"
"5020563",370751,2026-04-23 00:07:25,28.860954284668,-17.8548374176025,"Unknown"
"5020563",370751,2026-04-23 00:08:25,28.8609886169434,-17.8548679351807,"Unknown"
"5020563",370751,2026-04-23 00:09:25,28.8610496520996,-17.8548851013184,"Unknown"
"5020563",370751,2026-04-23 00:10:25,28.861083984375,-17.8549499511719,"Unknown"
"5020563",370751,2026-04-23 00:11:25,28.861141204834,-17.8550052642822,"Unknown"
"5020563",370751,2026-04-23 00:12:25,28.8611602783203,-17.8550605773926,"Unknown"
"5020563",370751,2026-04-23 00:13:25,28.8612003326416,-17.8551120758057,"Unknown"
"5020563",370751,2026-04-23 00:14:25,28.8612232208252,-17.8551273345947,"Unknown"
"5020563",370751,2026-04-23 00:15:25,28.8612480163574,-17.8551692962646,"Unknown"
"5020563",370751,2026-04-23 00:16:25,28.8612880706787,-17.8551864624023,"Unknown"
"5020563",370751,2026-04-23 00:17:25,28.8613185882568,-17.8552341461182,"Unknown"
"5020563",370751,2026-04-23 00:18:25,28.8613548278809,-17.8552951812744,"Unknown"
"5020563",370751,2026-04-23 00:19:25,28.861364364624,-17.8552989959717,"Unknown"
"5020563",370751,2026-04-23 00:20:25,28.8613834381104,-17.855354309082,"Unknown"
"5020563",370751,2026-04-23 00:21:25,28.8614196777344,-17.8554077148438,"Unknown"
"5020563",370751,2026-04-23 00:22:25,28.8614501953125,-17.8554401397705,"Unknown"
"5020563",370751,2026-04-23 00:23:25,28.8614883422852,-17.8554706573486,"Unknown"
"5020563",370751,2026-04-23 00:24:25,28.8614959716797,-17.8554878234863,"Unknown"
"5020563",370751,2026-04-23 00:25:25,28.8615283966064,-17.8555221557617,"Unknown"
"5020563",370751,2026-04-23 00:26:25,28.8615589141846,-17.8555507659912,"Unknown"
"5020563",370751,2026-04-23 00:27:25,28.8615970611572,-17.8555793762207,"Unknown"
"5020563",370751,2026-04-23 00:28:25,28.8616142272949,-17.8556270599365,"Unknown"
"5020563",370751,2026-04-23 00:29:25,28.8616771697998,-17.8556842803955,"Unknown"
"5020563",370751,2026-04-23 00:30:25,28.8617000579834,-17.8556575775146,"Unknown"
"5020563",370751,2026-04-23 00:31:28,28.8617515563965,-17.8557147979736,"Unknown"
"5020563",370751,2026-04-23 00:32:28,28.8617706298828,-17.8557434082031,"Unknown"
"5020563",370751,2026-04-23 00:33:25,28.861780166626,-17.8557224273682,"Unknown"
"5020563",370751,2026-04-23 00:34:26,28.8618144989014,-17.8557910919189,"Unknown"
"5020563",370751,2026-04-23 00:35:25,28.8618278503418,-17.8557910919189,"Unknown"
"5020563",370751,2026-04-23 00:36:25,28.8618602752686,-17.855842590332,"Unknown"
"5020563",370751,2026-04-23 00:37:25,28.8618679046631,-17.8558464050293,"Unknown"
"5020563",370751,2026-04-23 00:38:25,28.8618793487549,-17.855899810791,"Unknown"
"5020563",370751,2026-04-23 00:39:25,28.8619194030762,-17.8558864593506,"Unknown"
"5020563",370751,2026-04-23 00:40:25,28.8619937896729,-17.8559074401855,"Unknown"
"5020563",370751,2026-04-23 00:41:25,28.8620529174805,-17.8559684753418,"Unknown"
"5020563",370751,2026-04-23 00:42:25,28.8620910644531,-17.8560104370117,"Unknown"
"5020563",370751,2026-04-23 00:47:25,28.8623313903809,-17.8562622070312,"Unknown"
"5020563",370751,2026-04-23 00:52:27,28.8625907897949,-17.8564319610596,"Unknown"
"5020563",370751,2026-04-23 00:57:28,28.8628692626953,-17.8566436767578,"Unknown"
"5020563",370751,2026-04-23 01:02:47,28.8631896972656,-17.8568954467773,"Unknown"
"5020563",370751,2026-04-23 01:07:24,28.8633937835693,-17.857006072998,"Unknown"
"5020563",370751,2026-04-23 01:12:25,28.8635997772217,-17.8570995330811,"Unknown"
"5020563",370751,2026-04-23 01:17:28,28.8639106750488,-17.85719871521,"Unknown"
"5020563",370751,2026-04-23 01:22:25,28.8642692565918,-17.8572540283203,"Unknown"
"5020563",370751,2026-04-23 01:27:25,28.8645095825195,-17.8572826385498,"Unknown"
"5020563",370751,2026-04-23 01:32:25,28.8648490905762,-17.8573417663574,"Unknown"
"5020563",370751,2026-04-23 01:37:25,28.865104675293,-17.8573951721191,"Unknown"
"5020563",370751,2026-04-23 01:42:28,28.8652610778809,-17.8574695587158,"Unknown"
"5020563",370751,2026-04-23 01:47:25,28.8653697967529,-17.8574886322021,"Unknown"
"5020563",370751,2026-04-23 01:52:25,28.8654670715332,-17.8575325012207,"Unknown"
"5020563",370751,2026-04-23 01:57:25,28.8656425476074,-17.8575973510742,"Unknown"
"5020563",370751,2026-04-23 02:02:57,28.8658180236816,-17.8576240539551,"Unknown"
"5020563",370751,2026-04-23 02:07:25,28.8660488128662,-17.85764503479,"Unknown"
"5020563",370751,2026-04-23 02:12:25,28.8662281036377,-17.8576965332031,"Unknown"
"5020563",370751,2026-04-23 02:17:25,28.8663902282715,-17.8577117919922,"Unknown"
"5020563",370751,2026-04-23 02:22:25,28.8665161132812,-17.8577117919922,"Unknown"
"5020563",370751,2026-04-23 02:27:24,28.8666191101074,-17.8577213287354,"Unknown"
"5020563",370751,2026-04-23 02:32:24,28.8667602539062,-17.8576850891113,"Unknown"
"5020563",370751,2026-04-23 02:37:24,28.866849899292,-17.8575897216797,"Unknown"
"5020563",370751,2026-04-23 02:42:25,28.8669528961182,-17.8575096130371,"Unknown"
"5020563",370751,2026-04-23 02:47:25,28.8670043945312,-17.8573627471924,"Unknown"
"5020563",370751,2026-04-23 02:52:25,28.8671550750732,-17.8572769165039,"Unknown"
"5020563",370751,2026-04-23 02:57:25,28.8673534393311,-17.8571510314941,"Unknown"
"5020563",370751,2026-04-23 03:02:25,28.867618560791,-17.8570728302002,"Unknown"
"5020563",370751,2026-04-23 03:07:25,28.8678798675537,-17.8569583892822,"Unknown"
"5020563",370751,2026-04-23 03:12:25,28.868595123291,-17.8582630157471,"Unknown"
"5020563",370751,2026-04-23 03:17:25,28.8690948486328,-17.8581371307373,"Unknown"
"5020563",370751,2026-04-23 03:22:25,28.8696250915527,-17.8580741882324,"Unknown"
"5020563",370751,2026-04-23 03:27:25,28.8700981140137,-17.8579998016357,"Unknown"
"5020563",370751,2026-04-23 03:32:25,28.8705749511719,-17.8579349517822,"Unknown"
"5020563",370751,2026-04-23 04:02:26,28.8729343414307,-17.8560657501221,"Unknown"
"5020563",370751,2026-04-23 04:32:25,28.874641418457,-17.8527069091797,"Unknown"
"5020563",370751,2026-04-23 04:37:27,28.8749046325684,-17.8520126342773,"Unknown"
"5020563",370751,2026-04-23 04:42:26,28.8750972747803,-17.8513507843018,"Unknown"
"5020563",370751,2026-04-23 04:47:47,28.8752937316895,-17.8506507873535,"Unknown"
"5020563",370751,2026-04-23 05:17:25,28.8771095275879,-17.8470058441162,"Unknown"
"5020563",370751,2026-04-23 05:47:25,28.878776550293,-17.8421764373779,"Unknown"
"5020563",370751,2026-04-23 06:17:26,28.8659534454346,-17.8871440887451,"Unknown"
"5020563",370751,2026-04-23 06:47:25,28.8743381500244,-17.8841400146484,"Unknown"
"5020563",370751,2026-04-23 08:03:50,28.8232669830322,-17.9974308013916,"Unknown"
"5020563",370751,2026-04-23 08:33:50,28.8642692565918,-17.8967819213867,"Unknown"
"5020563",370751,2026-04-23 08:34:49,28.8628120422363,-17.8911819458008,"Unknown"
"5020563",370751,2026-04-23 09:04:57,28.847713470459,-17.9745388031006,"Unknown"
"5020563",370751,2026-04-23 09:09:03,28.8448219299316,-17.9798679351807,"Unknown"
"5020563",370751,2026-04-23 09:09:55,28.8448524475098,-17.9798622131348,"Unknown"
"5020563",370751,2026-04-23 09:10:55,28.8449764251709,-17.9798851013184,"Unknown"
"5020563",370751,2026-04-23 09:11:55,28.8450450897217,-17.9799671173096,"Unknown"
"5020563",370751,2026-04-23 09:12:56,28.8466548919678,-17.9791889190674,"Unknown"
"5020563",370751,2026-04-23 09:13:55,28.846752166748,-17.9792194366455,"Unknown"
"5020563",370751,2026-04-23 09:14:54,28.846752166748,-17.9792747497559,"Unknown"
"5020563",370751,2026-04-23 09:15:56,28.8468170166016,-17.9792804718018,"Unknown"
"5020563",370751,2026-04-23 09:16:56,28.8467922210693,-17.9793663024902,"Unknown"
"5020563",370751,2026-04-23 09:17:55,28.8468265533447,-17.9793586730957,"Unknown"
"5020563",370751,2026-04-23 09:18:57,28.8452033996582,-17.9819068908691,"Unknown"
"5020563",370751,2026-04-23 09:20:03,28.8451042175293,-17.9856910705566,"Unknown"
"5020563",370751,2026-04-23 09:20:57,28.8424873352051,-17.9869937896729,"Unknown"
"5020563",370751,2026-04-23 09:21:55,28.8402500152588,-17.9885578155518,"Unknown"
"5020563",370751,2026-04-23 09:22:55,28.8368949890137,-17.9908294677734,"Unknown"
"5020563",370751,2026-04-23 09:23:56,28.835823059082,-17.9897308349609,"Unknown"
"5020563",370751,2026-04-23 09:24:55,28.8399047851562,-17.9854049682617,"Unknown"
"5020563",370751,2026-04-23 09:25:55,28.8423805236816,-17.9797401428223,"Unknown"
"5020563",370751,2026-04-23 09:26:55,28.8446846008301,-17.9749889373779,"Unknown"
"5020563",370751,2026-04-23 09:27:55,28.8455390930176,-17.975435256958,"Unknown"
"5020563",370751,2026-04-23 09:28:57,28.8455619812012,-17.9754219055176,"Unknown"
"5020563",370751,2026-04-23 09:29:57,28.8455772399902,-17.9753742218018,"Unknown"
"5020563",370751,2026-04-23 09:30:55,28.845588684082,-17.9753437042236,"Unknown"
"5020563",370751,2026-04-23 09:32:02,28.8456134796143,-17.9752559661865,"Unknown"
"5020563",370751,2026-04-23 09:32:55,28.8456039428711,-17.9752922058105,"Unknown"
"5020563",370751,2026-04-23 09:33:57,28.8456516265869,-17.9751892089844,"Unknown"
"5020563",370751,2026-04-23 09:34:55,28.8456401824951,-17.975170135498,"Unknown"
"5020563",370751,2026-04-23 09:36:02,28.8456268310547,-17.975170135498,"Unknown"
"5020563",370751,2026-04-23 09:36:55,28.845609664917,-17.9751148223877,"Unknown"
"5020563",370751,2026-04-23 09:37:55,28.8456268310547,-17.9750671386719,"Unknown"
"5020563",370751,2026-04-23 09:38:56,28.8456287384033,-17.9751014709473,"Unknown"
"5020563",370751,2026-04-23 09:39:54,28.8456592559814,-17.9750957489014,"Unknown"
"5020563",370751,2026-04-23 09:40:56,28.8456516265869,-17.9751358032227,"Unknown"
"5020563",370751,2026-04-23 09:42:02,28.8456363677979,-17.9751682281494,"Unknown"
"5020563",370751,2026-04-23 09:42:56,28.8456287384033,-17.9752044677734,"Unknown"
"5020563",370751,2026-04-23 09:43:56,28.8456268310547,-17.9752254486084,"Unknown"
"5020563",370751,2026-04-23 09:44:56,28.8456001281738,-17.9752426147461,"Unknown"
"5020563",370751,2026-04-23 09:45:56,28.8455715179443,-17.9752578735352,"Unknown"
"5020563",370751,2026-04-23 09:46:56,28.8455390930176,-17.975227355957,"Unknown"
"5020563",370751,2026-04-23 09:47:57,28.8455467224121,-17.9752883911133,"Unknown"
"5020563",370751,2026-04-23 09:48:55,28.8455638885498,-17.9752922058105,"Unknown"
"5020563",370751,2026-04-23 09:49:56,28.8455429077148,-17.9752578735352,"Unknown"
"5020563",370751,2026-04-23 09:50:56,28.8455448150635,-17.975284576416,"Unknown"
"5020563",370751,2026-04-23 09:51:55,28.8455467224121,-17.9752826690674,"Unknown"
"5020563",370751,2026-04-23 09:52:55,28.8454895019531,-17.9752712249756,"Unknown"
"5020563",370751,2026-04-23 09:54:02,28.8455066680908,-17.9752311706543,"Unknown"
"5020563",370751,2026-04-23 09:54:55,28.8455028533936,-17.9752216339111,"Unknown"
"5020563",370751,2026-04-23 09:55:56,28.8454685211182,-17.9752292633057,"Unknown"
"5020563",370751,2026-04-23 09:56:55,28.8454608917236,-17.9752559661865,"Unknown"
"5020563",370751,2026-04-23 09:57:56,28.8454341888428,-17.9752349853516,"Unknown"
"5020563",370751,2026-04-23 09:58:55,28.8454265594482,-17.9752635955811,"Unknown"
"5020563",370751,2026-04-23 09:59:55,28.8453960418701,-17.975341796875,"Unknown"
"5020563",370751,2026-04-23 10:00:55,28.8453540802002,-17.9753284454346,"Unknown"
"5020563",370751,2026-04-23 10:01:55,28.8453273773193,-17.9753971099854,"Unknown"
"5020563",370751,2026-04-23 10:02:55,28.8453102111816,-17.9754199981689,"Unknown"
"5020563",370751,2026-04-23 10:03:57,28.8453330993652,-17.9754276275635,"Unknown"
"5020563",370751,2026-04-23 10:04:55,28.8453273773193,-17.9754447937012,"Unknown"
"5020563",370751,2026-04-23 10:05:55,28.8453350067139,-17.9754676818848,"Unknown"
"5020563",370751,2026-04-23 10:06:55,28.8453254699707,-17.9754638671875,"Unknown"
"5020563",370751,2026-04-23 10:07:55,28.8453006744385,-17.9754753112793,"Unknown"
"5020563",370751,2026-04-23 10:08:55,28.8452949523926,-17.9755001068115,"Unknown"
"5020563",370751,2026-04-23 10:09:57,28.8453025817871,-17.9755077362061,"Unknown"
"5020563",370751,2026-04-23 10:10:55,28.8452892303467,-17.9755001068115,"Unknown"
"5020563",370751,2026-04-23 10:11:55,28.8452644348145,-17.975513458252,"Unknown"
"5020563",370751,2026-04-23 10:12:56,28.8452205657959,-17.9755153656006,"Unknown"
"5020563",370751,2026-04-23 10:13:55,28.845193862915,-17.9754810333252,"Unknown"
"5020563",370751,2026-04-23 10:14:55,28.8451728820801,-17.9754753112793,"Unknown"
"5020563",370751,2026-04-23 10:15:55,28.8451442718506,-17.9754600524902,"Unknown"
"5020563",370751,2026-04-23 10:16:55,28.8451442718506,-17.9754581451416,"Unknown"
"5020563",370751,2026-04-23 10:17:55,28.8451461791992,-17.9754543304443,"Unknown"
"5020563",370751,2026-04-23 10:18:57,28.8451023101807,-17.9754276275635,"Unknown"
"5020563",370751,2026-04-23 10:19:55,28.8450679779053,-17.9754257202148,"Unknown"
"5020563",370751,2026-04-23 10:20:57,28.8450374603271,-17.9754085540771,"Unknown"
"5020563",370751,2026-04-23 10:21:55,28.8450317382812,-17.9753894805908,"Unknown"
"5020563",370751,2026-04-23 10:22:55,28.8450183868408,-17.9753761291504,"Unknown"
"5020563",370751,2026-04-23 10:23:55,28.8450012207031,-17.9753646850586,"Unknown"
"5020563",370751,2026-04-23 10:24:55,28.845006942749,-17.9753532409668,"Unknown"
"5020563",370751,2026-04-23 10:25:55,28.8449573516846,-17.9753360748291,"Unknown"
"5020563",370751,2026-04-23 10:26:55,28.8449382781982,-17.9753284454346,"Unknown"
"5020563",370751,2026-04-23 10:27:55,28.8449039459229,-17.9753189086914,"Unknown"
"5020563",370751,2026-04-23 10:28:57,28.8448600769043,-17.9753170013428,"Unknown"
"5020563",370751,2026-04-23 10:29:57,28.8448352813721,-17.9752902984619,"Unknown"
"5020563",370751,2026-04-23 10:30:55,28.8448219299316,-17.9752731323242,"Unknown"
"5020563",370751,2026-04-23 10:31:55,28.8448295593262,-17.9753475189209,"Unknown"
"5020563",370751,2026-04-23 10:32:55,28.8448314666748,-17.97536277771,"Unknown"
"5020563",370751,2026-04-23 10:33:55,28.8447399139404,-17.9754810333252,"Unknown"
"5020563",370751,2026-04-23 10:34:55,28.8447151184082,-17.9755325317383,"Unknown"
"5020563",370751,2026-04-23 10:35:55,28.8446807861328,-17.9755744934082,"Unknown"
"5020563",370751,2026-04-23 10:36:55,28.8446502685547,-17.9756164550781,"Unknown"
"5020563",370751,2026-04-23 10:37:57,28.8445987701416,-17.9756031036377,"Unknown"
"5020563",370751,2026-04-23 10:38:55,28.8445529937744,-17.9755783081055,"Unknown"
"5020563",370751,2026-04-23 10:39:58,28.8444690704346,-17.9755783081055,"Unknown"
"5020563",370751,2026-04-23 10:40:58,28.8444213867188,-17.9755592346191,"Unknown"
"5020563",370751,2026-04-23 10:41:55,28.8443737030029,-17.9755363464355,"Unknown"
"5020563",370751,2026-04-23 10:42:57,28.8443202972412,-17.9755210876465,"Unknown"
"5020563",370751,2026-04-23 10:43:58,28.8442478179932,-17.9754905700684,"Unknown"
"5020563",370751,2026-04-23 10:44:57,28.8441905975342,-17.9754695892334,"Unknown"
"5020563",370751,2026-04-23 10:45:57,28.8441371917725,-17.9754676818848,"Unknown"
"5020563",370751,2026-04-23 10:46:57,28.8440589904785,-17.9754238128662,"Unknown"
"5020563",370751,2026-04-23 10:47:55,28.8440189361572,-17.9754028320312,"Unknown"
"5020563",370751,2026-04-23 10:48:56,28.8439540863037,-17.9753761291504,"Unknown"
"5020563",370751,2026-04-23 10:49:55,28.8438930511475,-17.9753932952881,"Unknown"
"5020563",370751,2026-04-23 10:50:55,28.8437976837158,-17.9753894805908,"Unknown"
"5020563",370751,2026-04-23 10:51:55,28.8437080383301,-17.9754390716553,"Unknown"
"5020563",370751,2026-04-23 10:52:56,28.8436622619629,-17.9755744934082,"Unknown"
"5020563",370751,2026-04-23 10:53:55,28.8435935974121,-17.9756050109863,"Unknown"
"5020563",370751,2026-04-23 10:54:55,28.8435077667236,-17.9756412506104,"Unknown"
"5020563",370751,2026-04-23 10:55:57,28.8434143066406,-17.975658416748,"Unknown"
"5020563",370751,2026-04-23 10:56:55,28.8433609008789,-17.9757022857666,"Unknown"
"5020563",370751,2026-04-23 10:57:55,28.8433589935303,-17.97580909729,"Unknown"
"5020563",370751,2026-04-23 10:58:57,28.8433609008789,-17.9758281707764,"Unknown"
"5020563",370751,2026-04-23 10:59:55,28.8433589935303,-17.9758758544922,"Unknown"
"5020563",370751,2026-04-23 11:00:56,28.8433418273926,-17.9759330749512,"Unknown"
"5020563",370751,2026-04-23 11:01:55,28.8432884216309,-17.9759635925293,"Unknown"
"5020563",370751,2026-04-23 11:02:55,28.8431873321533,-17.9759979248047,"Unknown"
"5020563",370751,2026-04-23 11:03:57,28.8430709838867,-17.9760265350342,"Unknown"
"5020563",370751,2026-04-23 11:04:57,28.842945098877,-17.9760246276855,"Unknown"
"5020563",370751,2026-04-23 11:05:57,28.842830657959,-17.9760456085205,"Unknown"
"5020563",370751,2026-04-23 11:06:55,28.842716217041,-17.9760456085205,"Unknown"
"5020563",370751,2026-04-23 11:07:55,28.8426113128662,-17.9761829376221,"Unknown"
"5020563",370751,2026-04-23 11:08:56,28.8421115875244,-17.9770088195801,"Unknown"
"5020563",370751,2026-04-23 11:09:56,28.8424491882324,-17.9773368835449,"Unknown"
"5020563",370751,2026-04-23 11:10:56,28.8423671722412,-17.9773902893066,"Unknown"
"5020563",370751,2026-04-23 11:11:57,28.8423023223877,-17.9774284362793,"Unknown"
"5020563",370751,2026-04-23 11:12:55,28.8422336578369,-17.9774684906006,"Unknown"
"5020563",370751,2026-04-23 11:13:57,28.8421211242676,-17.9775581359863,"Unknown"
"5020563",370751,2026-04-23 11:14:58,28.8420181274414,-17.9775676727295,"Unknown"
"5020563",370751,2026-04-23 11:15:56,28.8419170379639,-17.9775772094727,"Unknown"
"5020563",370751,2026-04-23 11:16:56,28.841796875,-17.9776287078857,"Unknown"
"5020563",370751,2026-04-23 11:17:56,28.8417205810547,-17.9776439666748,"Unknown"
"5020563",370751,2026-04-23 11:18:56,28.841609954834,-17.9777069091797,"Unknown"
"5020563",370751,2026-04-23 11:19:55,28.8415584564209,-17.9777526855469,"Unknown"
"5020563",370751,2026-04-23 11:20:56,28.8415088653564,-17.9777965545654,"Unknown"
"5020563",370751,2026-04-23 11:21:55,28.8414821624756,-17.9778461456299,"Unknown"
"5020563",370751,2026-04-23 11:22:56,28.8414115905762,-17.9779014587402,"Unknown"
"5020563",370751,2026-04-23 11:23:56,28.8413391113281,-17.9779529571533,"Unknown"
"5020563",370751,2026-04-23 11:25:02,28.8412818908691,-17.9779663085938,"Unknown"
"5020563",370751,2026-04-23 11:26:17,28.8411827087402,-17.9779930114746,"Unknown"
"5020563",370751,2026-04-23 11:26:55,28.841157913208,-17.9780139923096,"Unknown"
"5020563",370751,2026-04-23 11:27:56,28.841100692749,-17.9780158996582,"Unknown"
"5020563",370751,2026-04-23 11:28:55,28.8410129547119,-17.9780120849609,"Unknown"
"5020563",370751,2026-04-23 11:29:58,28.8409557342529,-17.9780197143555,"Unknown"
"5020563",370751,2026-04-23 11:30:55,28.8409118652344,-17.9780406951904,"Unknown"
"5020563",370751,2026-04-23 11:31:56,28.840856552124,-17.9780311584473,"Unknown"
"5020563",370751,2026-04-23 11:32:57,28.8407955169678,-17.97802734375,"Unknown"
"5020563",370751,2026-04-23 11:33:55,28.8407707214355,-17.978006362915,"Unknown"
"5020563",370751,2026-04-23 11:34:55,28.8407669067383,-17.9780616760254,"Unknown"
"5020563",370751,2026-04-23 11:35:55,28.8407344818115,-17.9780654907227,"Unknown"
"5020563",370751,2026-04-23 11:36:56,28.840726852417,-17.9781055450439,"Unknown"
"5020563",370751,2026-04-23 11:37:56,28.8407077789307,-17.9780902862549,"Unknown"
"5020563",370751,2026-04-23 11:38:55,28.8407039642334,-17.978063583374,"Unknown"
"5020563",370751,2026-04-23 11:39:55,28.8407077789307,-17.9780788421631,"Unknown"
"5020563",370751,2026-04-23 11:40:55,28.8406734466553,-17.9780464172363,"Unknown"
"5020563",370751,2026-04-23 11:41:55,28.8406810760498,-17.9780731201172,"Unknown"
"5020563",370751,2026-04-23 11:42:56,28.8406429290771,-17.9780788421631,"Unknown"
"5020563",370751,2026-04-23 11:43:58,28.8406200408936,-17.9780464172363,"Unknown"
"5020563",370751,2026-04-23 11:44:58,28.8406105041504,-17.9780750274658,"Unknown"
"5020563",370751,2026-04-23 11:46:01,28.8405799865723,-17.9780807495117,"Unknown"
"5020563",370751,2026-04-23 11:46:57,28.8405780792236,-17.9781036376953,"Unknown"
"5020563",370751,2026-04-23 11:47:59,28.8405494689941,-17.978099822998,"Unknown"
"5020563",370751,2026-04-23 11:48:58,28.8405418395996,-17.9780979156494,"Unknown"
"5020563",370751,2026-04-23 11:49:57,28.8405151367188,-17.9781150817871,"Unknown"
"5020563",370751,2026-04-23 11:50:58,28.8404922485352,-17.9781284332275,"Unknown"
"5020563",370751,2026-04-23 11:51:58,28.8404712677002,-17.9781398773193,"Unknown"
"5020563",370751,2026-04-23 11:53:00,28.8404560089111,-17.9781398773193,"Unknown"
"5020563",370751,2026-04-23 11:53:58,28.8404655456543,-17.9781589508057,"Unknown"
"5020563",370751,2026-04-23 11:54:57,28.8404579162598,-17.9781799316406,"Unknown"
"5020563",370751,2026-04-23 11:55:57,28.8404579162598,-17.9781608581543,"Unknown"
"5020563",370751,2026-04-23 11:56:57,28.8403987884521,-17.978178024292,"Unknown"
"5020563",370751,2026-04-23 11:57:59,28.8403701782227,-17.9781913757324,"Unknown"
"5020563",370751,2026-04-23 11:59:25,28.8408966064453,-17.9798316955566,"Unknown"
"5020563",370751,2026-04-23 11:59:57,28.8409118652344,-17.9798393249512,"Unknown"
"5020563",370751,2026-04-23 12:00:57,28.8409271240234,-17.9798355102539,"Unknown"
"5020563",370751,2026-04-23 12:01:57,28.8408889770508,-17.979808807373,"Unknown"
"5020563",370751,2026-04-23 12:02:57,28.8408737182617,-17.9798030853271,"Unknown"
"5020563",370751,2026-04-23 12:03:57,28.8408489227295,-17.9797439575195,"Unknown"
"5020563",370751,2026-04-23 12:04:57,28.840856552124,-17.9797039031982,"Unknown"
"5020563",370751,2026-04-23 12:05:57,28.8408699035645,-17.979679107666,"Unknown"
"5020563",370751,2026-04-23 12:06:57,28.8408603668213,-17.9796466827393,"Unknown"
"5020563",370751,2026-04-23 12:07:57,28.8408355712891,-17.9796161651611,"Unknown"
"5020563",370751,2026-04-23 12:08:57,28.840784072876,-17.9795799255371,"Unknown"
"5020563",370751,2026-04-23 12:09:57,28.8407669067383,-17.9795703887939,"Unknown"
"5020563",370751,2026-04-23 12:10:57,28.8407516479492,-17.9795417785645,"Unknown"
"5020563",370751,2026-04-23 12:11:57,28.8407325744629,-17.9794826507568,"Unknown"
"5020563",370751,2026-04-23 12:12:57,28.8407230377197,-17.979455947876,"Unknown"
"5020563",370751,2026-04-23 12:13:57,28.8407230377197,-17.9794044494629,"Unknown"
"5020563",370751,2026-04-23 12:14:57,28.8406085968018,-17.97998046875,"Unknown"
"5020563",370751,2026-04-23 12:15:57,28.8447742462158,-17.9807109832764,"Unknown"
"5020563",370751,2026-04-23 12:16:57,28.8497943878174,-17.9791126251221,"Unknown"
"5020563",370751,2026-04-23 12:17:57,28.8549385070801,-17.9753570556641,"Unknown"
"5020563",370751,2026-04-23 12:18:57,28.8589363098145,-17.9702625274658,"Unknown"
"5020563",370751,2026-04-23 12:19:57,28.8632526397705,-17.965539932251,"Unknown"
"5020563",370751,2026-04-23 12:20:57,28.8675174713135,-17.9604377746582,"Unknown"
"5020563",370751,2026-04-23 12:25:58,28.87060546875,-17.9314460754395,"Unknown"
"5020563",370751,2026-04-23 12:30:59,28.8752498626709,-17.9020881652832,"Unknown"
"5020563",370751,2026-04-23 12:35:58,28.8758964538574,-17.871862411499,"Unknown"
"5020563",370751,2026-04-23 12:40:59,28.8869819641113,-17.8405132293701,"Unknown"
"5020563",370751,2026-04-23 12:45:58,28.9015159606934,-17.8279895782471,"Unknown"
"5020563",370751,2026-04-23 12:50:57,28.8967609405518,-17.8328647613525,"Unknown"
"5020563",370751,2026-04-23 12:55:57,28.8920135498047,-17.8345413208008,"Unknown"
"5020563",370751,2026-04-23 13:00:58,28.88596534729,-17.8358764648438,"Unknown"
"5020563",370751,2026-04-23 13:05:57,28.8815765380859,-17.8373889923096,"Unknown"
"5020563",370751,2026-04-23 13:10:57,28.8729591369629,-17.8412704467773,"Unknown"
"5020563",370751,2026-04-23 13:15:57,28.8662662506104,-17.8496284484863,"Unknown"
"5020563",370751,2026-04-23 13:20:59,28.8676795959473,-17.8594245910645,"Unknown"
"5020563",370751,2026-04-23 13:25:59,28.8681259155273,-17.8703575134277,"Unknown"
"5020563",370751,2026-04-23 13:30:57,28.868371963501,-17.8814449310303,"Unknown"
"5020563",370751,2026-04-23 13:35:57,28.8635482788086,-17.8891754150391,"Unknown"
"5020563",370751,2026-04-23 13:41:00,28.8613872528076,-17.905029296875,"Unknown"
"5020563",370751,2026-04-23 13:45:57,28.8676700592041,-17.9075317382812,"Unknown"
"5020563",370751,2026-04-23 13:47:27,28.8680515289307,-17.9059810638428,"Unknown"
"5020563",370751,2026-04-23 13:51:57,28.8678417205811,-17.9057178497314,"Unknown"
"5020563",370751,2026-04-23 13:56:57,28.8735122680664,-17.9032573699951,"Unknown"
"5020563",370751,2026-04-23 14:03:21,28.8964157104492,-17.879093170166,"Unknown"
"5020563",370751,2026-04-23 14:08:22,28.912956237793,-17.8536186218262,"Unknown"
"5020563",370751,2026-04-23 14:38:22,28.9275779724121,-17.6869125366211,"Unknown"
"5020563",370751,2026-04-23 14:42:35,28.9305992126465,-17.6582107543945,"Unknown"
"5020563",370751,2026-04-23 14:46:57,28.9352111816406,-17.6402683258057,"Unknown"
"5020563",370751,2026-04-23 14:51:57,28.9182395935059,-17.6269073486328,"Unknown"
"5020563",370751,2026-04-23 14:56:59,28.8869209289551,-17.6266403198242,"Unknown"
"5020563",370751,2026-04-23 15:01:59,28.8565864562988,-17.6323928833008,"Unknown"
"5020563",370751,2026-04-23 15:07:01,28.8526878356934,-17.6317386627197,"Unknown"
"5020563",370751,2026-04-23 15:12:03,28.8401699066162,-17.6360397338867,"Unknown"
"5020563",370751,2026-04-23 15:16:59,28.8235664367676,-17.6434631347656,"Unknown"
"5020563",370751,2026-04-23 15:21:59,28.8048801422119,-17.6519794464111,"Unknown"
"5020563",370751,2026-04-23 15:27:00,28.7755012512207,-17.6645393371582,"Unknown"
"5020563",370751,2026-04-23 15:31:58,28.7706127166748,-17.6714191436768,"Unknown"
"5020563",370751,2026-04-23 15:37:47,28.7650203704834,-17.6657276153564,"Unknown"
"5020563",370751,2026-04-23 15:41:57,28.7648582458496,-17.6665077209473,"Unknown"
"5020563",370751,2026-04-23 15:47:01,28.7627334594727,-17.6594944000244,"Unknown"
"5020563",370751,2026-04-23 15:51:57,28.7449588775635,-17.6520156860352,"Unknown"
"5020563",370751,2026-04-23 15:57:00,28.746696472168,-17.654598236084,"Unknown"
"5020563",370751,2026-04-23 16:03:22,28.7407684326172,-17.6623497009277,"Unknown"
"5020563",370751,2026-04-23 16:08:22,28.7394771575928,-17.630786895752,"Unknown"
"5020563",370751,2026-04-23 16:12:27,28.7467079162598,-17.6260185241699,"Unknown"
"5020563",370751,2026-04-23 16:16:57,28.7470970153809,-17.628833770752,"Unknown"
"5020563",370751,2026-04-23 16:21:57,28.7467155456543,-17.6306018829346,"Unknown"
"5020563",370751,2026-04-23 16:26:57,28.7466144561768,-17.6305923461914,"Unknown"
"5020563",370751,2026-04-23 16:31:56,28.7465705871582,-17.63059425354,"Unknown"
"5020563",370751,2026-04-23 16:36:57,28.7521820068359,-17.620943069458,"Unknown"
"5020563",370751,2026-04-23 16:41:58,28.7435741424561,-17.6317234039307,"Unknown"
"5020563",370751,2026-04-23 16:46:59,28.7265605926514,-17.6301212310791,"Unknown"
"5020563",370751,2026-04-23 16:51:58,28.72678565979,-17.6298122406006,"Unknown"
"5020563",370751,2026-04-23 16:56:58,28.7277069091797,-17.6274127960205,"Unknown"
"5020563",370751,2026-04-23 17:01:58,28.7300033569336,-17.6226673126221,"Unknown"
"5020563",370751,2026-04-23 17:06:58,28.7296409606934,-17.6185550689697,"Unknown"
"5020563",370751,2026-04-23 17:11:58,28.730131149292,-17.6172790527344,"Unknown"
"5020563",370751,2026-04-23 17:16:58,28.729377746582,-17.6124744415283,"Unknown"
"5020563",370751,2026-04-23 17:21:58,28.7295360565186,-17.6122722625732,"Unknown"
"5020563",370751,2026-04-23 17:26:58,28.7297172546387,-17.6005573272705,"Unknown"
"5020563",370751,2026-04-23 17:31:58,28.7297515869141,-17.600284576416,"Unknown"
"5020563",370751,2026-04-23 17:37:00,28.7299480438232,-17.5998764038086,"Unknown"
"5020563",370751,2026-04-23 17:42:01,28.730152130127,-17.5995979309082,"Unknown"
"5020563",370751,2026-04-23 17:46:59,28.7303352355957,-17.5993213653564,"Unknown"
"5020563",370751,2026-04-23 17:52:00,28.7306747436523,-17.5989608764648,"Unknown"
"5020563",370751,2026-04-23 17:57:00,28.7308979034424,-17.5985832214355,"Unknown"
"5020563",370751,2026-04-23 18:03:23,28.7352085113525,-17.5803775787354,"Unknown"
"5020563",370751,2026-04-23 18:07:33,28.7484951019287,-17.5797996520996,"Unknown"
"5020563",370751,2026-04-23 18:11:58,28.7515048980713,-17.5758228302002,"Unknown"
"5020563",370751,2026-04-23 18:16:58,28.7513885498047,-17.5752544403076,"Unknown"
"5020563",370751,2026-04-23 18:21:58,28.7550830841064,-17.5708503723145,"Unknown"
"5020563",370751,2026-04-23 18:26:58,28.7578125,-17.5655002593994,"Unknown"
"5020563",370751,2026-04-23 18:31:58,28.7579402923584,-17.5652980804443,"Unknown"
"5020563",370751,2026-04-23 18:36:58,28.7595653533936,-17.5635261535645,"Unknown"
"5020563",370751,2026-04-23 18:41:58,28.7590103149414,-17.5625190734863,"Unknown"
"5020563",370751,2026-04-23 18:46:58,28.7610321044922,-17.5576305389404,"Unknown"
"5020563",370751,2026-04-23 18:51:58,28.7608528137207,-17.5569915771484,"Unknown"
"5020563",370751,2026-04-23 18:56:58,28.7606525421143,-17.5562229156494,"Unknown"
"5020563",370751,2026-04-23 19:01:58,28.7629833221436,-17.5518207550049,"Unknown"
"5020563",370751,2026-04-23 19:06:58,28.7627410888672,-17.5511226654053,"Unknown"
"5020563",370751,2026-04-23 19:11:58,28.7609748840332,-17.5467739105225,"Unknown"
"5020563",370751,2026-04-23 19:16:58,28.7666435241699,-17.5457172393799,"Unknown"
"5020563",370751,2026-04-23 19:21:59,28.764892578125,-17.5472831726074,"Unknown"
"5020563",370751,2026-04-23 19:27:01,28.7523517608643,-17.5719890594482,"Unknown"
"5020563",370751,2026-04-23 19:32:00,28.7401313781738,-17.5973205566406,"Unknown"
"5020563",370751,2026-04-23 19:36:59,28.7321319580078,-17.6242809295654,"Unknown"
"5020563",370751,2026-04-23 19:41:59,28.727144241333,-17.6526565551758,"Unknown"
"5020563",370751,2026-04-23 19:47:00,28.7264442443848,-17.6806011199951,"Unknown"
"5020563",370751,2026-04-23 19:52:01,28.7368907928467,-17.7030067443848,"Unknown"
"5020563",370751,2026-04-23 19:57:00,28.7588996887207,-17.7239551544189,"Unknown"
"5020563",370751,2026-04-23 20:02:26,28.7780494689941,-17.7360610961914,"Unknown"
"5020563",370751,2026-04-23 20:06:58,28.777961730957,-17.736270904541,"Unknown"
"5020563",370751,2026-04-23 20:07:58,28.777925491333,-17.7363262176514,"Unknown"
"5020563",370751,2026-04-23 20:08:58,28.7778854370117,-17.7363376617432,"Unknown"
"5020563",370751,2026-04-23 20:09:58,28.7778549194336,-17.7363929748535,"Unknown"
"5020563",370751,2026-04-23 20:10:58,28.7777919769287,-17.7363967895508,"Unknown"
"5020563",370751,2026-04-23 20:11:58,28.7777862548828,-17.7364234924316,"Unknown"
"5020563",370751,2026-04-23 20:12:58,28.7777500152588,-17.7364444732666,"Unknown"
"5020563",370751,2026-04-23 20:13:58,28.7777404785156,-17.7364807128906,"Unknown"
"5020563",370751,2026-04-23 20:14:58,28.7777080535889,-17.7365455627441,"Unknown"
"5020563",370751,2026-04-23 20:15:58,28.7776775360107,-17.7365703582764,"Unknown"
"5020563",370751,2026-04-23 20:16:58,28.777660369873,-17.7366542816162,"Unknown"
"5020563",370751,2026-04-23 20:17:58,28.7776374816895,-17.7366714477539,"Unknown"
"5020563",370751,2026-04-23 20:18:58,28.7776184082031,-17.736722946167,"Unknown"
"5020563",370751,2026-04-23 20:19:58,28.7775554656982,-17.7367477416992,"Unknown"
"5020563",370751,2026-04-23 20:20:58,28.7775802612305,-17.7367534637451,"Unknown"
"5020563",370751,2026-04-23 20:21:58,28.7775363922119,-17.7367610931396,"Unknown"
"5020563",370751,2026-04-23 20:22:58,28.7774753570557,-17.7368106842041,"Unknown"
"5020563",370751,2026-04-23 20:23:58,28.7774639129639,-17.7368850708008,"Unknown"
"5020563",370751,2026-04-23 20:24:58,28.7773971557617,-17.7369003295898,"Unknown"
"5020563",370751,2026-04-23 20:25:58,28.7773895263672,-17.7369213104248,"Unknown"
"5020563",370751,2026-04-23 20:26:58,28.7773818969727,-17.7369689941406,"Unknown"
"5020563",370751,2026-04-23 20:27:58,28.7773418426514,-17.736946105957,"Unknown"
"5020563",370751,2026-04-23 20:28:58,28.7773475646973,-17.7369747161865,"Unknown"
"5020563",370751,2026-04-23 20:29:58,28.7774715423584,-17.7377433776855,"Unknown"
"5020563",370751,2026-04-23 20:30:58,28.7824401855469,-17.7405109405518,"Unknown"
"5020563",370751,2026-04-23 20:31:58,28.7876605987549,-17.7424621582031,"Unknown"
"5020563",370751,2026-04-23 20:32:58,28.7894172668457,-17.7432441711426,"Unknown"
"5020563",370751,2026-04-23 20:33:58,28.7894763946533,-17.7432498931885,"Unknown"
"5020563",370751,2026-04-23 20:34:57,28.7894592285156,-17.7432155609131,"Unknown"
"5020563",370751,2026-04-23 20:35:58,28.7894515991211,-17.7432289123535,"Unknown"
"5020563",370751,2026-04-23 20:36:58,28.789493560791,-17.7433032989502,"Unknown"
"5020563",370751,2026-04-23 20:37:58,28.789457321167,-17.7433261871338,"Unknown"
"5020563",370751,2026-04-23 20:38:58,28.7894725799561,-17.7433471679688,"Unknown"
"5020563",370751,2026-04-23 20:39:58,28.7894668579102,-17.7433700561523,"Unknown"
"5020563",370751,2026-04-23 20:40:58,28.7894821166992,-17.7434062957764,"Unknown"
"5020563",370751,2026-04-23 20:41:58,28.7894725799561,-17.743444442749,"Unknown"
"5020563",370751,2026-04-23 20:42:58,28.7894306182861,-17.7434520721436,"Unknown"
"5020563",370751,2026-04-23 20:43:58,28.789457321167,-17.7434463500977,"Unknown"
"5020563",370751,2026-04-23 20:44:58,28.7894191741943,-17.7434196472168,"Unknown"
"5020563",370751,2026-04-23 20:45:58,28.7894630432129,-17.7434730529785,"Unknown"
"5020563",370751,2026-04-23 20:46:58,28.7894954681396,-17.7434940338135,"Unknown"
"5020563",370751,2026-04-23 20:47:59,28.7894649505615,-17.7435054779053,"Unknown"
"5020563",370751,2026-04-23 20:48:58,28.7894439697266,-17.7435531616211,"Unknown"
"5020563",370751,2026-04-23 20:49:58,28.7894458770752,-17.7435874938965,"Unknown"
"5020563",370751,2026-04-23 20:50:58,28.7895069122314,-17.7435607910156,"Unknown"
"5020563",370751,2026-04-23 20:51:59,28.7894916534424,-17.7435760498047,"Unknown"
"5020563",370751,2026-04-23 20:52:58,28.7895126342773,-17.7436027526855,"Unknown"
"5020563",370751,2026-04-23 20:53:59,28.7895202636719,-17.7436447143555,"Unknown"
"5020563",370751,2026-04-23 20:54:58,28.7895107269287,-17.7436714172363,"Unknown"
"5020563",370751,2026-04-23 20:55:58,28.7895164489746,-17.7437019348145,"Unknown"
"5020563",370751,2026-04-23 20:56:58,28.7895336151123,-17.7437381744385,"Unknown"
"5020563",370751,2026-04-23 20:57:58,28.7895565032959,-17.7437915802002,"Unknown"
"5020563",370751,2026-04-23 20:58:58,28.7895603179932,-17.7438373565674,"Unknown"
"5020563",370751,2026-04-23 20:59:58,28.78955078125,-17.7438373565674,"Unknown"
"5020563",370751,2026-04-23 21:00:58,28.7895698547363,-17.7438716888428,"Unknown"
"5020563",370751,2026-04-23 21:01:58,28.7895908355713,-17.7438983917236,"Unknown"
"5020563",370751,2026-04-23 21:02:58,28.7895851135254,-17.7439270019531,"Unknown"
"5020563",370751,2026-04-23 21:03:58,28.7895355224609,-17.7439250946045,"Unknown"
"5020563",370751,2026-04-23 21:04:58,28.7895698547363,-17.7439556121826,"Unknown"
"5020563",370751,2026-04-23 21:05:58,28.7895698547363,-17.7439880371094,"Unknown"
"5020563",370751,2026-04-23 21:06:58,28.7895412445068,-17.7440204620361,"Unknown"
"5020563",370751,2026-04-23 21:07:58,28.7895450592041,-17.7440242767334,"Unknown"
"5020563",370751,2026-04-23 21:08:58,28.7895069122314,-17.7440376281738,"Unknown"
"5020563",370751,2026-04-23 21:09:58,28.789493560791,-17.7440452575684,"Unknown"
"5020563",370751,2026-04-23 21:10:58,28.7894496917725,-17.7440090179443,"Unknown"
"5020563",370751,2026-04-23 21:11:58,28.7893772125244,-17.7439861297607,"Unknown"
"5020563",370751,2026-04-23 21:12:58,28.7894172668457,-17.744026184082,"Unknown"
"5020563",370751,2026-04-23 21:13:58,28.7894020080566,-17.7439842224121,"Unknown"
"5020563",370751,2026-04-23 21:14:58,28.7893848419189,-17.7439956665039,"Unknown"
"5020563",370751,2026-04-23 21:15:58,28.7893810272217,-17.7439994812012,"Unknown"
"5020563",370751,2026-04-23 21:16:58,28.7893600463867,-17.7439956665039,"Unknown"
"5020563",370751,2026-04-23 21:17:58,28.789306640625,-17.7439556121826,"Unknown"
"5020563",370751,2026-04-23 21:18:58,28.7892589569092,-17.7439002990723,"Unknown"
"5020563",370751,2026-04-23 21:19:58,28.7892532348633,-17.7438507080078,"Unknown"
"5020563",370751,2026-04-23 21:20:58,28.7892818450928,-17.7438335418701,"Unknown"
"5020563",370751,2026-04-23 21:21:58,28.7892551422119,-17.7438507080078,"Unknown"
"5020563",370751,2026-04-23 21:22:58,28.7892398834229,-17.7438430786133,"Unknown"
"5020563",370751,2026-04-23 21:23:58,28.7892189025879,-17.7438220977783,"Unknown"
"5020563",370751,2026-04-23 21:24:58,28.7891807556152,-17.743803024292,"Unknown"
"5020563",370751,2026-04-23 21:25:58,28.7891521453857,-17.743782043457,"Unknown"
"5020563",370751,2026-04-23 21:26:58,28.7891159057617,-17.7437763214111,"Unknown"
"5020563",370751,2026-04-23 21:27:58,28.7891139984131,-17.7437629699707,"Unknown"
"5020563",370751,2026-04-23 21:28:58,28.7891464233398,-17.7438087463379,"Unknown"
"5020563",370751,2026-04-23 21:29:58,28.7891330718994,-17.7438144683838,"Unknown"
"5020563",370751,2026-04-23 21:30:58,28.7891120910645,-17.7438182830811,"Unknown"
"5020563",370751,2026-04-23 21:31:58,28.7890605926514,-17.7438106536865,"Unknown"
"5020563",370751,2026-04-23 21:32:58,28.7890472412109,-17.7438259124756,"Unknown"
"5020563",370751,2026-04-23 21:33:58,28.7890548706055,-17.7438297271729,"Unknown"
"5020563",370751,2026-04-23 21:34:58,28.7890625,-17.7438373565674,"Unknown"
"5020563",370751,2026-04-23 21:35:58,28.7891044616699,-17.7438850402832,"Unknown"
"5020563",370751,2026-04-23 21:36:58,28.7890892028809,-17.743896484375,"Unknown"
"5020563",370751,2026-04-23 21:37:58,28.7891693115234,-17.743932723999,"Unknown"
"5020563",370751,2026-04-23 21:38:58,28.7892074584961,-17.7439670562744,"Unknown"
"5020563",370751,2026-04-23 21:39:58,28.7892608642578,-17.743968963623,"Unknown"
"5020563",370751,2026-04-23 21:40:58,28.789306640625,-17.7439975738525,"Unknown"
"5020563",370751,2026-04-23 21:41:58,28.7894134521484,-17.7440357208252,"Unknown"
"5020563",370751,2026-04-23 21:42:58,28.7894706726074,-17.7440910339355,"Unknown"
"5020563",370751,2026-04-23 21:43:58,28.7895088195801,-17.7441272735596,"Unknown"
"5020563",370751,2026-04-23 21:44:58,28.7895488739014,-17.7441558837891,"Unknown"
"5020563",370751,2026-04-23 21:45:58,28.7895946502686,-17.7441730499268,"Unknown"
"5020563",370751,2026-04-23 21:46:58,28.7896137237549,-17.7441787719727,"Unknown"
"5020563",370751,2026-04-23 21:47:58,28.7896556854248,-17.7441730499268,"Unknown"
"5020563",370751,2026-04-23 21:48:58,28.7896728515625,-17.7441596984863,"Unknown"
"5020563",370751,2026-04-23 21:49:58,28.7897186279297,-17.7441692352295,"Unknown"
"5020563",370751,2026-04-23 21:50:58,28.7898368835449,-17.7441387176514,"Unknown"
"5020563",370751,2026-04-23 21:51:58,28.7898426055908,-17.7441673278809,"Unknown"
"5020563",370751,2026-04-23 21:52:58,28.7898731231689,-17.7441349029541,"Unknown"
"5020563",370751,2026-04-23 21:53:58,28.7899837493896,-17.7441024780273,"Unknown"
"5020563",370751,2026-04-23 21:54:58,28.7901000976562,-17.7441158294678,"Unknown"
"5020563",370751,2026-04-23 21:55:58,28.790189743042,-17.7441272735596,"Unknown"
"5020563",370751,2026-04-23 21:56:58,28.7902488708496,-17.7441577911377,"Unknown"
"5020563",370751,2026-04-23 21:57:58,28.7903652191162,-17.7441825866699,"Unknown"
"5020563",370751,2026-04-23 21:58:59,28.7905139923096,-17.7441291809082,"Unknown"
"5020563",370751,2026-04-23 22:00:17,28.790641784668,-17.744140625,"Unknown"
"5020563",370751,2026-04-23 22:00:58,28.7907466888428,-17.7441711425781,"Unknown"
"5020563",370751,2026-04-23 22:01:58,28.7908763885498,-17.7441501617432,"Unknown"
"5020563",370751,2026-04-23 22:02:58,28.7909469604492,-17.7441844940186,"Unknown"
"5020563",370751,2026-04-23 22:03:58,28.7910747528076,-17.7441806793213,"Unknown"
"5020563",370751,2026-04-23 22:04:58,28.7911338806152,-17.7441730499268,"Unknown"
"5020563",370751,2026-04-23 22:05:58,28.7912101745605,-17.7442016601562,"Unknown"
"5020563",370751,2026-04-23 22:06:58,28.7912864685059,-17.7442722320557,"Unknown"
"5020563",370751,2026-04-23 22:07:58,28.7913131713867,-17.744197845459,"Unknown"
"5020563",370751,2026-04-23 22:08:57,28.7913875579834,-17.7442531585693,"Unknown"
"5020563",370751,2026-04-23 22:09:58,28.7914333343506,-17.7442455291748,"Unknown"
"5020563",370751,2026-04-23 22:10:58,28.7914619445801,-17.7442741394043,"Unknown"
"5020563",370751,2026-04-23 22:11:58,28.7914905548096,-17.7441692352295,"Unknown"
"5020563",370751,2026-04-23 22:12:59,28.7915954589844,-17.7441501617432,"Unknown"
"5020563",370751,2026-04-23 22:13:58,28.7915821075439,-17.7441177368164,"Unknown"
"5020563",370751,2026-04-23 22:14:58,28.7915573120117,-17.7440624237061,"Unknown"
"5020563",370751,2026-04-23 22:15:58,28.7915496826172,-17.7440032958984,"Unknown"
"5020563",370751,2026-04-23 22:16:59,28.7915382385254,-17.7439956665039,"Unknown"
"5020563",370751,2026-04-23 22:17:58,28.7916107177734,-17.7439765930176,"Unknown"
"5020563",370751,2026-04-23 22:18:58,28.7916793823242,-17.7439804077148,"Unknown"
"5020563",370751,2026-04-23 22:19:59,28.7916412353516,-17.743932723999,"Unknown"
"5020563",370751,2026-04-23 22:20:58,28.791654586792,-17.7439041137695,"Unknown"
"5020563",370751,2026-04-23 22:21:58,28.7916812896729,-17.7439022064209,"Unknown"
"5020563",370751,2026-04-23 22:23:00,28.7917308807373,-17.7439041137695,"Unknown"
"5020563",370751,2026-04-23 22:23:58,28.7916526794434,-17.7438316345215,"Unknown"
"5020563",370751,2026-04-23 22:24:59,28.7916812896729,-17.7437496185303,"Unknown"
"5020563",370751,2026-04-23 22:25:59,28.7916469573975,-17.7436618804932,"Unknown"
"5020563",370751,2026-04-23 22:26:58,28.791711807251,-17.7436656951904,"Unknown"
"5020563",370751,2026-04-23 22:27:59,28.7916812896729,-17.7436084747314,"Unknown"
"5020563",370751,2026-04-23 22:28:58,28.7916831970215,-17.7435626983643,"Unknown"
"5020563",370751,2026-04-23 22:30:27,28.7917613983154,-17.7435703277588,"Unknown"
"5020563",370751,2026-04-23 22:30:57,28.7917633056641,-17.7435703277588,"Unknown"
"5020563",370751,2026-04-23 22:31:57,28.7917938232422,-17.7435569763184,"Unknown"
"5020563",370751,2026-04-23 22:32:57,28.791841506958,-17.7435836791992,"Unknown"
"5020563",370751,2026-04-23 22:33:57,28.7919082641602,-17.7436008453369,"Unknown"
"5020563",370751,2026-04-23 22:34:57,28.7918968200684,-17.7435855865479,"Unknown"
"5020563",370751,2026-04-23 22:35:57,28.7919330596924,-17.7436256408691,"Unknown"
"5020563",370751,2026-04-23 22:36:57,28.791934967041,-17.7436218261719,"Unknown"
"5020563",370751,2026-04-23 22:37:57,28.7919464111328,-17.7435150146484,"Unknown"
"5020563",370751,2026-04-23 22:38:58,28.7919540405273,-17.7434844970703,"Unknown"
"5020563",370751,2026-04-23 22:39:57,28.7920150756836,-17.7434673309326,"Unknown"
"5020563",370751,2026-04-23 22:40:57,28.7920017242432,-17.7434520721436,"Unknown"
"5020563",370751,2026-04-23 22:41:57,28.7919940948486,-17.7434196472168,"Unknown"
"5020563",370751,2026-04-23 22:42:57,28.7919807434082,-17.7433815002441,"Unknown"
"5020563",370751,2026-04-23 22:43:57,28.7919940948486,-17.7433624267578,"Unknown"
"5020563",370751,2026-04-23 22:44:57,28.7920417785645,-17.7433490753174,"Unknown"
"5020563",370751,2026-04-23 22:45:57,28.792085647583,-17.7432727813721,"Unknown"
"5020563",370751,2026-04-23 22:46:57,28.7920665740967,-17.7432041168213,"Unknown"
"5020563",370751,2026-04-23 22:47:58,28.7920913696289,-17.7431526184082,"Unknown"
"5020563",370751,2026-04-23 22:48:57,28.7921199798584,-17.7430877685547,"Unknown"
"5020563",370751,2026-04-23 22:49:57,28.7921772003174,-17.7429676055908,"Unknown"
"5020563",370751,2026-04-23 22:50:57,28.7922286987305,-17.7428646087646,"Unknown"
"5020563",370751,2026-04-23 22:51:57,28.7923583984375,-17.7427196502686,"Unknown"
"5020563",370751,2026-04-23 22:52:57,28.7925357818604,-17.7427272796631,"Unknown"
"5020563",370751,2026-04-23 22:53:58,28.7926254272461,-17.7426853179932,"Unknown"
"5020563",370751,2026-04-23 22:54:57,28.7927169799805,-17.7426452636719,"Unknown"
"5020563",370751,2026-04-23 22:55:58,28.7928161621094,-17.7425441741943,"Unknown"
"5020563",370751,2026-04-23 22:56:57,28.7929172515869,-17.742431640625,"Unknown"
"5020563",370751,2026-04-23 22:57:57,28.7930126190186,-17.7423839569092,"Unknown"
"5020563",370751,2026-04-23 22:58:57,28.7931880950928,-17.7422580718994,"Unknown"
"5020563",370751,2026-04-23 22:59:57,28.7932453155518,-17.7421779632568,"Unknown"
"5020563",370751,2026-04-23 23:00:57,28.7933750152588,-17.7421779632568,"Unknown"
"5020563",370751,2026-04-23 23:01:58,28.793478012085,-17.7422027587891,"Unknown"
"5020563",370751,2026-04-23 23:02:58,28.7936305999756,-17.7421836853027,"Unknown"
"5020563",370751,2026-04-23 23:03:58,28.7938003540039,-17.7421588897705,"Unknown"
"5020563",370751,2026-04-23 23:04:58,28.7939548492432,-17.7421035766602,"Unknown"
"5020563",370751,2026-04-23 23:05:58,28.7940883636475,-17.7421112060547,"Unknown"
"5020563",370751,2026-04-23 23:06:57,28.794246673584,-17.7420768737793,"Unknown"
"5020563",370751,2026-04-23 23:07:58,28.7943668365479,-17.7420806884766,"Unknown"
"5020563",370751,2026-04-23 23:08:58,28.794454574585,-17.7420749664307,"Unknown"
"5020563",370751,2026-04-23 23:09:58,28.7946128845215,-17.7421016693115,"Unknown"
"5020563",370751,2026-04-23 23:10:58,28.7947158813477,-17.742115020752,"Unknown"
"5020563",370751,2026-04-23 23:11:57,28.7948760986328,-17.7421264648438,"Unknown"
"5020563",370751,2026-04-23 23:12:58,28.7950534820557,-17.7421417236328,"Unknown"
"5020563",370751,2026-04-23 23:13:57,28.7951927185059,-17.742151260376,"Unknown"
"5020563",370751,2026-04-23 23:14:58,28.795373916626,-17.7421569824219,"Unknown"
"5020563",370751,2026-04-23 23:15:57,28.7954769134521,-17.7422046661377,"Unknown"
"5020563",370751,2026-04-23 23:16:57,28.7955341339111,-17.7423152923584,"Unknown"
"5020563",370751,2026-04-23 23:17:57,28.7956027984619,-17.7423782348633,"Unknown"
"5020563",370751,2026-04-23 23:18:57,28.7957496643066,-17.7423858642578,"Unknown"
"5020563",370751,2026-04-23 23:19:57,28.7958335876465,-17.7424411773682,"Unknown"
"5020563",370751,2026-04-23 23:20:57,28.7959480285645,-17.7424983978271,"Unknown"
"5020563",370751,2026-04-23 23:21:58,28.7960643768311,-17.7425136566162,"Unknown"
"5020563",370751,2026-04-23 23:22:57,28.796236038208,-17.7425174713135,"Unknown"
"5020563",370751,2026-04-23 23:23:57,28.7963485717773,-17.742525100708,"Unknown"
"5020563",370751,2026-04-23 23:24:58,28.7964248657227,-17.7425765991211,"Unknown"
"5020563",370751,2026-04-23 23:25:58,28.7965564727783,-17.7425785064697,"Unknown"
"5020563",370751,2026-04-23 23:26:57,28.7966823577881,-17.7426013946533,"Unknown"
"5020563",370751,2026-04-23 23:27:58,28.7967472076416,-17.7426681518555,"Unknown"
"5020563",370751,2026-04-23 23:28:58,28.7968673706055,-17.7426567077637,"Unknown"
"5020563",370751,2026-04-23 23:29:59,28.7969722747803,-17.7426719665527,"Unknown"
"5020563",370751,2026-04-23 23:30:58,28.7971038818359,-17.7426929473877,"Unknown"
"5020563",370751,2026-04-23 23:31:58,28.7971725463867,-17.7427272796631,"Unknown"
"5020563",370751,2026-04-23 23:32:58,28.7972965240479,-17.7427730560303,"Unknown"
"5020563",370751,2026-04-23 23:33:58,28.7974243164062,-17.7427845001221,"Unknown"
"5020563",370751,2026-04-23 23:34:58,28.7975521087646,-17.742790222168,"Unknown"
"5020563",370751,2026-04-23 23:35:57,28.7976493835449,-17.7428226470947,"Unknown"
"5020563",370751,2026-04-23 23:36:58,28.7978000640869,-17.7428359985352,"Unknown"
"5020563",370751,2026-04-23 23:37:57,28.7978954315186,-17.7428855895996,"Unknown"
"5020563",370751,2026-04-23 23:38:58,28.7980079650879,-17.7429389953613,"Unknown"
"5020563",370751,2026-04-23 23:39:57,28.7981452941895,-17.7429504394531,"Unknown"
"5020563",370751,2026-04-23 23:40:58,28.7982578277588,-17.7429504394531,"Unknown"
"5020563",370751,2026-04-23 23:41:58,28.7984066009521,-17.7430000305176,"Unknown"
"5020563",370751,2026-04-23 23:42:58,28.79856300354,-17.7430191040039,"Unknown"
"5020563",370751,2026-04-23 23:43:58,28.7987174987793,-17.7430286407471,"Unknown"
"5020563",370751,2026-04-23 23:44:59,28.7988128662109,-17.7430839538574,"Unknown"
"5020563",370751,2026-04-23 23:45:58,28.7989082336426,-17.7431163787842,"Unknown"
"5020563",370751,2026-04-23 23:46:58,28.7990417480469,-17.7431526184082,"Unknown"
"5020563",370751,2026-04-23 23:47:58,28.7991714477539,-17.7431755065918,"Unknown"
"5020563",370751,2026-04-23 23:48:58,28.799337387085,-17.7431697845459,"Unknown"
"5020563",370751,2026-04-23 23:49:58,28.7994937896729,-17.743200302124,"Unknown"
"5020563",370751,2026-04-23 23:50:58,28.7996482849121,-17.7431793212891,"Unknown"
"5020563",370751,2026-04-23 23:51:58,28.7998466491699,-17.7431659698486,"Unknown"
"5020563",370751,2026-04-23 23:52:58,28.799991607666,-17.7432079315186,"Unknown"
"5020563",370751,2026-04-23 23:53:58,28.8000526428223,-17.7432403564453,"Unknown"
"5020563",370751,2026-04-23 23:54:58,28.800235748291,-17.7432346343994,"Unknown"
"5020563",370751,2026-04-23 23:55:58,28.8003540039062,-17.7432422637939,"Unknown"
"5020563",370751,2026-04-23 23:56:58,28.8004703521729,-17.7432441711426,"Unknown"
"5020563",370751,2026-04-23 23:57:58,28.8005504608154,-17.7432518005371,"Unknown"
"5020563",370751,2026-04-23 23:58:58,28.8006610870361,-17.7432479858398,"Unknown"
"5020563",370751,2026-04-23 23:59:58,28.8008079528809,-17.7432670593262,"Unknown"
"5020563",370751,2026-04-24 00:00:58,28.8009300231934,-17.743278503418,"Unknown"
"5020563",370751,2026-04-24 00:02:01,28.8010501861572,-17.7432842254639,"Unknown"
"5020563",370751,2026-04-24 00:02:59,28.8011608123779,-17.7433013916016,"Unknown"
"5020563",370751,2026-04-24 00:03:59,28.8012580871582,-17.7432842254639,"Unknown"
"5020563",370751,2026-04-24 00:04:58,28.8013381958008,-17.7432918548584,"Unknown"
"5020563",370751,2026-04-24 00:06:01,28.8014526367188,-17.7433071136475,"Unknown"
"5020563",370751,2026-04-24 00:06:58,28.8015289306641,-17.7432918548584,"Unknown"
"5020563",370751,2026-04-24 00:08:01,28.801664352417,-17.7433395385742,"Unknown"
"5020563",370751,2026-04-24 00:08:58,28.8017559051514,-17.7433471679688,"Unknown"
"5020563",370751,2026-04-24 00:09:58,28.801815032959,-17.7433242797852,"Unknown"
"5020563",370751,2026-04-24 00:10:58,28.8018970489502,-17.7433528900146,"Unknown"
"5020563",370751,2026-04-24 00:11:58,28.8019886016846,-17.7433795928955,"Unknown"
"5020563",370751,2026-04-24 00:13:15,28.8021430969238,-17.7434177398682,"Unknown"
"5020563",370751,2026-04-24 00:13:58,28.8022174835205,-17.7434711456299,"Unknown"
"5020563",370751,2026-04-24 00:14:58,28.8022861480713,-17.7435302734375,"Unknown"
"5020563",370751,2026-04-24 00:15:58,28.8023300170898,-17.7435436248779,"Unknown"
"5020563",370751,2026-04-24 00:16:58,28.8024368286133,-17.7436180114746,"Unknown"
"5020563",370751,2026-04-24 00:17:58,28.80251121521,-17.7436180114746,"Unknown"
"5020563",370751,2026-04-24 00:18:58,28.8026065826416,-17.7436904907227,"Unknown"
"5020563",370751,2026-04-24 00:19:58,28.8026885986328,-17.7436943054199,"Unknown"
"5020563",370751,2026-04-24 00:20:58,28.8027572631836,-17.743724822998,"Unknown"
"5020563",370751,2026-04-24 00:21:58,28.8028888702393,-17.7437782287598,"Unknown"
"5020563",370751,2026-04-24 00:22:58,28.802978515625,-17.7438373565674,"Unknown"
"5020563",370751,2026-04-24 00:23:58,28.8030815124512,-17.7438716888428,"Unknown"
"5020563",370751,2026-04-24 00:24:58,28.8032302856445,-17.7439365386963,"Unknown"
"5020563",370751,2026-04-24 00:25:58,28.8033142089844,-17.7439727783203,"Unknown"
"5020563",370751,2026-04-24 00:26:58,28.8034267425537,-17.7440185546875,"Unknown"
"5020563",370751,2026-04-24 00:27:58,28.8035049438477,-17.7440662384033,"Unknown"
"5020563",370751,2026-04-24 00:28:58,28.8035717010498,-17.7440929412842,"Unknown"
"5020563",370751,2026-04-24 00:29:58,28.8037338256836,-17.7441272735596,"Unknown"
"5020563",370751,2026-04-24 00:30:58,28.8038311004639,-17.7441501617432,"Unknown"
"5020563",370751,2026-04-24 00:31:58,28.8039093017578,-17.7442111968994,"Unknown"
"5020563",370751,2026-04-24 00:32:58,28.8040027618408,-17.7442398071289,"Unknown"
"5020563",370751,2026-04-24 00:33:58,28.8041172027588,-17.7442893981934,"Unknown"
"5020563",370751,2026-04-24 00:34:58,28.8042087554932,-17.7443504333496,"Unknown"
"5020563",370751,2026-04-24 00:35:58,28.8043251037598,-17.7443885803223,"Unknown"
"5020563",370751,2026-04-24 00:36:58,28.8044147491455,-17.7444477081299,"Unknown"
"5020563",370751,2026-04-24 00:37:58,28.8045234680176,-17.7444877624512,"Unknown"
"5020563",370751,2026-04-24 00:38:58,28.8046360015869,-17.744535446167,"Unknown"
"5020563",370751,2026-04-24 00:39:58,28.8047714233398,-17.7445793151855,"Unknown"
"5020563",370751,2026-04-24 00:40:58,28.8048629760742,-17.7446212768555,"Unknown"
"5020563",370751,2026-04-24 00:41:58,28.8049831390381,-17.7446842193604,"Unknown"
"5020563",370751,2026-04-24 00:42:58,28.8050708770752,-17.744722366333,"Unknown"
"5020563",370751,2026-04-24 00:43:58,28.8051586151123,-17.7447986602783,"Unknown"
"5020563",370751,2026-04-24 00:45:02,28.8052749633789,-17.744800567627,"Unknown"
"5020563",370751,2026-04-24 00:45:58,28.8053970336914,-17.7448215484619,"Unknown"
"5020563",370751,2026-04-24 00:46:58,28.8054962158203,-17.7448844909668,"Unknown"
"5020563",370751,2026-04-24 00:47:58,28.8055973052979,-17.7449626922607,"Unknown"
"5020563",370751,2026-04-24 00:48:58,28.805736541748,-17.7449817657471,"Unknown"
"5020563",370751,2026-04-24 00:49:58,28.805850982666,-17.7450504302979,"Unknown"
"5020563",370751,2026-04-24 00:50:58,28.8059635162354,-17.7450923919678,"Unknown"
"5020563",370751,2026-04-24 00:51:58,28.806116104126,-17.7451324462891,"Unknown"
"5020563",370751,2026-04-24 00:52:57,28.8061866760254,-17.7451667785645,"Unknown"
"5020563",370751,2026-04-24 00:53:58,28.8063259124756,-17.7451992034912,"Unknown"
"5020563",370751,2026-04-24 00:54:58,28.8064746856689,-17.745288848877,"Unknown"
"5020563",370751,2026-04-24 00:55:58,28.8065891265869,-17.7453231811523,"Unknown"
"5020563",370751,2026-04-24 00:56:58,28.8067169189453,-17.7454090118408,"Unknown"
"5020563",370751,2026-04-24 00:57:58,28.8068180084229,-17.7454128265381,"Unknown"
"5020563",370751,2026-04-24 00:58:59,28.8069190979004,-17.7454395294189,"Unknown"
"5020563",370751,2026-04-24 00:59:59,28.8070373535156,-17.7455081939697,"Unknown"
"5020563",370751,2026-04-24 01:00:58,28.8071537017822,-17.7455444335938,"Unknown"
"5020563",370751,2026-04-24 01:01:58,28.8072700500488,-17.7455596923828,"Unknown"
"5020563",370751,2026-04-24 01:03:00,28.8073673248291,-17.7455596923828,"Unknown"
"5020563",370751,2026-04-24 01:03:59,28.8074798583984,-17.7456092834473,"Unknown"
"5020563",370751,2026-04-24 01:04:58,28.8076324462891,-17.7456493377686,"Unknown"
"5020563",370751,2026-04-24 01:05:58,28.8077449798584,-17.7456932067871,"Unknown"
"5020563",370751,2026-04-24 01:06:57,28.8064365386963,-17.7454490661621,"Unknown"
"5020563",370751,2026-04-24 01:07:58,28.8026428222656,-17.7438659667969,"Unknown"
"5020563",370751,2026-04-24 01:08:58,28.8027896881104,-17.7439022064209,"Unknown"
"5020563",370751,2026-04-24 01:09:58,28.8029460906982,-17.743953704834,"Unknown"
"5020563",370751,2026-04-24 01:10:58,28.8031044006348,-17.7440376281738,"Unknown"
"5020563",370751,2026-04-24 01:11:58,28.8032131195068,-17.7440624237061,"Unknown"
"5020563",370751,2026-04-24 01:12:58,28.8033599853516,-17.7440338134766,"Unknown"
"5020563",370751,2026-04-24 01:13:58,28.8034515380859,-17.7439727783203,"Unknown"
"5020563",370751,2026-04-24 01:14:58,28.8036251068115,-17.7439765930176,"Unknown"
"5020563",370751,2026-04-24 01:15:58,28.8037433624268,-17.743989944458,"Unknown"
"5020563",370751,2026-04-24 01:16:59,28.8038883209229,-17.7440128326416,"Unknown"
"5020563",370751,2026-04-24 01:17:59,28.8040676116943,-17.7440414428711,"Unknown"
"5020563",370751,2026-04-24 01:18:58,28.8041858673096,-17.7440376281738,"Unknown"
"5020563",370751,2026-04-24 01:19:58,28.8043422698975,-17.7440032958984,"Unknown"
"5020563",370751,2026-04-24 01:20:58,28.8044834136963,-17.7439670562744,"Unknown"
"5020563",370751,2026-04-24 01:21:59,28.8046379089355,-17.7440395355225,"Unknown"
"5020563",370751,2026-04-24 01:22:59,28.8047161102295,-17.7439651489258,"Unknown"
"5020563",370751,2026-04-24 01:23:58,28.804817199707,-17.7440052032471,"Unknown"
"5020563",370751,2026-04-24 01:24:59,28.8050079345703,-17.7440147399902,"Unknown"
"5020563",370751,2026-04-24 01:25:58,28.8051071166992,-17.7439937591553,"Unknown"
"5020563",370751,2026-04-24 01:26:58,28.8052005767822,-17.7439975738525,"Unknown"
"5020563",370751,2026-04-24 01:27:58,28.8053283691406,-17.7440814971924,"Unknown"
"5020563",370751,2026-04-24 01:28:58,28.8054485321045,-17.7440452575684,"Unknown"
"5020563",370751,2026-04-24 01:30:00,28.8055839538574,-17.7440795898438,"Unknown"
"5020563",370751,2026-04-24 01:31:01,28.8056697845459,-17.7441062927246,"Unknown"
"5020563",370751,2026-04-24 01:32:00,28.8057823181152,-17.7441234588623,"Unknown"
"5020563",370751,2026-04-24 01:33:00,28.8058834075928,-17.7440986633301,"Unknown"
"5020563",370751,2026-04-24 01:34:01,28.8060188293457,-17.7441024780273,"Unknown"
"5020563",370751,2026-04-24 01:35:00,28.8061332702637,-17.7440700531006,"Unknown"
"5020563",370751,2026-04-24 01:35:58,28.8062381744385,-17.744068145752,"Unknown"
"5020563",370751,2026-04-24 01:36:58,28.8063201904297,-17.7440433502197,"Unknown"
"5020563",370751,2026-04-24 01:37:59,28.8064746856689,-17.7440395355225,"Unknown"
"5020563",370751,2026-04-24 01:38:58,28.8065891265869,-17.7440433502197,"Unknown"
"5020563",370751,2026-04-24 01:39:58,28.8067207336426,-17.744010925293,"Unknown"
"5020563",370751,2026-04-24 01:40:58,28.8067646026611,-17.7439880371094,"Unknown"
"5020563",370751,2026-04-24 01:41:58,28.8064250946045,-17.7445125579834,"Unknown"
"5020563",370751,2026-04-24 01:42:58,28.8048858642578,-17.7434272766113,"Unknown"
"5020563",370751,2026-04-24 01:44:00,28.8050060272217,-17.7433700561523,"Unknown"
"5020563",370751,2026-04-24 01:44:59,28.8051433563232,-17.7433662414551,"Unknown"
"5020563",370751,2026-04-24 01:45:59,28.8052730560303,-17.7433605194092,"Unknown"
"5020563",370751,2026-04-24 01:46:59,28.805419921875,-17.7433547973633,"Unknown"
"5020563",370751,2026-04-24 01:48:00,28.8055248260498,-17.7433185577393,"Unknown"
"5020563",370751,2026-04-24 01:49:00,28.8056793212891,-17.7433242797852,"Unknown"
"5020563",370751,2026-04-24 01:50:00,28.805793762207,-17.743293762207,"Unknown"
"5020563",370751,2026-04-24 01:50:59,28.8059692382812,-17.7433128356934,"Unknown"
"5020563",370751,2026-04-24 01:51:59,28.8061141967773,-17.7433128356934,"Unknown"
"5020563",370751,2026-04-24 01:53:00,28.8062114715576,-17.7432899475098,"Unknown"
"5020563",370751,2026-04-24 01:54:02,28.8063888549805,-17.7433223724365,"Unknown"
"5020563",370751,2026-04-24 01:55:03,28.8064632415771,-17.7433109283447,"Unknown"
"5020563",370751,2026-04-24 01:56:03,28.8066272735596,-17.7433090209961,"Unknown"
"5020563",370751,2026-04-24 01:57:27,28.8068351745605,-17.743278503418,"Unknown"
"5020563",370751,2026-04-24 01:57:57,28.806921005249,-17.7432670593262,"Unknown"
"5020563",370751,2026-04-24 01:58:58,28.8071002960205,-17.7432594299316,"Unknown"
"5020563",370751,2026-04-24 01:59:57,28.807258605957,-17.7432727813721,"Unknown"
"5020563",370751,2026-04-24 02:00:57,28.8074264526367,-17.7432804107666,"Unknown"
"5020563",370751,2026-04-24 02:01:57,28.8076057434082,-17.7433128356934,"Unknown"
"5020563",370751,2026-04-24 02:02:57,28.8077602386475,-17.7433090209961,"Unknown"
"5020563",370751,2026-04-24 02:03:57,28.8079051971436,-17.7433223724365,"Unknown"
"5020563",370751,2026-04-24 02:04:57,28.8080730438232,-17.7432918548584,"Unknown"
"5020563",370751,2026-04-24 02:05:57,28.8082256317139,-17.7432804107666,"Unknown"
"5020563",370751,2026-04-24 02:06:57,28.8085136413574,-17.7432613372803,"Unknown"
"5020563",370751,2026-04-24 02:07:57,28.8087024688721,-17.7432670593262,"Unknown"
"5020563",370751,2026-04-24 02:08:57,28.8088283538818,-17.7432632446289,"Unknown"
"5020563",370751,2026-04-24 02:09:57,28.8089714050293,-17.7432689666748,"Unknown"
"5020563",370751,2026-04-24 02:10:57,28.8091144561768,-17.7432861328125,"Unknown"
"5020563",370751,2026-04-24 02:11:57,28.8092365264893,-17.743314743042,"Unknown"
"5020563",370751,2026-04-24 02:12:57,28.8093891143799,-17.7433280944824,"Unknown"
"5020563",370751,2026-04-24 02:13:57,28.8095378875732,-17.7433319091797,"Unknown"
"5020563",370751,2026-04-24 02:14:57,28.8096904754639,-17.743335723877,"Unknown"
"5020563",370751,2026-04-24 02:15:57,28.8098239898682,-17.7433586120605,"Unknown"
"5020563",370751,2026-04-24 02:16:57,28.8099479675293,-17.7433452606201,"Unknown"
"5020563",370751,2026-04-24 02:17:57,28.8100757598877,-17.7433586120605,"Unknown"
"5020563",370751,2026-04-24 02:18:57,28.8102169036865,-17.7433700561523,"Unknown"
"5020563",370751,2026-04-24 02:19:57,28.8103427886963,-17.74338722229,"Unknown"
"5020563",370751,2026-04-24 02:20:57,28.8104515075684,-17.7433910369873,"Unknown"
"5020563",370751,2026-04-24 02:21:57,28.8107147216797,-17.7437286376953,"Unknown"
"5020563",370751,2026-04-24 02:22:58,28.8108577728271,-17.7437839508057,"Unknown"
"5020563",370751,2026-04-24 02:23:57,28.8109855651855,-17.743803024292,"Unknown"
"5020563",370751,2026-04-24 02:24:57,28.8111248016357,-17.7438335418701,"Unknown"
"5020563",370751,2026-04-24 02:25:57,28.8112525939941,-17.7438659667969,"Unknown"
"5020563",370751,2026-04-24 02:26:57,28.8113918304443,-17.7439022064209,"Unknown"
"5020563",370751,2026-04-24 02:27:57,28.8115673065186,-17.7443866729736,"Unknown"
"5020563",370751,2026-04-24 02:28:57,28.8114242553711,-17.7447414398193,"Unknown"
"5020563",370751,2026-04-24 02:29:57,28.8115615844727,-17.7447719573975,"Unknown"
"5020563",370751,2026-04-24 02:30:57,28.8117065429688,-17.7447853088379,"Unknown"
"5020563",370751,2026-04-24 02:31:57,28.8118381500244,-17.7448139190674,"Unknown"
"5020563",370751,2026-04-24 02:32:57,28.8119831085205,-17.7448463439941,"Unknown"
"5020563",370751,2026-04-24 03:02:57,28.815523147583,-17.7456512451172,"Unknown"
"5020563",370751,2026-04-24 03:03:57,28.8156147003174,-17.7456741333008,"Unknown"
"5020563",370751,2026-04-24 03:04:57,28.8157024383545,-17.7456569671631,"Unknown"
"5020563",370751,2026-04-24 03:05:57,28.815788269043,-17.7456512451172,"Unknown"
"5020563",370751,2026-04-24 03:06:57,28.8158798217773,-17.7456741333008,"Unknown"
"5020563",370751,2026-04-24 03:07:57,28.8159465789795,-17.7456722259521,"Unknown"
"5020563",370751,2026-04-24 03:08:57,28.8160285949707,-17.7456665039062,"Unknown"
"5020563",370751,2026-04-24 03:09:57,28.8161125183105,-17.7456550598145,"Unknown"
"5020563",370751,2026-04-24 03:10:57,28.8162040710449,-17.7456359863281,"Unknown"
"5020563",370751,2026-04-24 03:11:57,28.8162899017334,-17.7456207275391,"Unknown"
"5020563",370751,2026-04-24 03:12:57,28.8163604736328,-17.7455806732178,"Unknown"
"5020563",370751,2026-04-24 03:13:57,28.8164520263672,-17.7455463409424,"Unknown"
"5020563",370751,2026-04-24 03:14:57,28.8165321350098,-17.7455520629883,"Unknown"
"5020563",370751,2026-04-24 03:44:58,28.8195629119873,-17.7456130981445,"Unknown"
"5020563",370751,2026-04-24 03:45:58,28.8197116851807,-17.7456130981445,"Unknown"
"5020563",370751,2026-04-24 03:46:58,28.8198471069336,-17.7456016540527,"Unknown"
"5020563",370751,2026-04-24 03:47:58,28.8199691772461,-17.7455806732178,"Unknown"
"5020563",370751,2026-04-24 03:48:58,28.8201179504395,-17.7455673217773,"Unknown"
"5020563",370751,2026-04-24 03:49:58,28.8202781677246,-17.745548248291,"Unknown"
"5020563",370751,2026-04-24 03:50:58,28.8204288482666,-17.7455215454102,"Unknown"
"5020563",370751,2026-04-24 03:51:58,28.8205871582031,-17.745532989502,"Unknown"
"5020563",370751,2026-04-24 04:22:26,28.825231552124,-17.745153427124,"Unknown"
"5020563",370751,2026-04-24 04:22:58,28.8253002166748,-17.7451477050781,"Unknown"
"5020563",370751,2026-04-24 04:52:58,28.8290138244629,-17.7445850372314,"Unknown"
"5020563",370751,2026-04-24 05:22:59,28.8331985473633,-17.7322254180908,"Unknown"
"5020563",370751,2026-04-24 05:52:58,28.8296947479248,-17.6730556488037,"Unknown"
"5020563",370751,2026-04-24 06:24:03,28.8304500579834,-17.5184440612793,"Unknown"
"5020563",370751,2026-04-24 06:53:00,28.8792953491211,-17.3748092651367,"Unknown"
"5020563",370751,2026-04-24 07:22:58,28.9497509002686,-17.2234134674072,"Unknown"
"5020563",370751,2026-04-24 07:27:58,28.9492053985596,-17.2178726196289,"Unknown"
"5020563",370751,2026-04-24 07:33:00,28.9521484375,-17.2194576263428,"Unknown"
"5020563",370751,2026-04-24 07:37:58,28.9528503417969,-17.2140254974365,"Unknown"
"5020563",370751,2026-04-24 07:42:58,28.9532585144043,-17.2087230682373,"Unknown"
"5020563",370751,2026-04-24 07:48:00,28.954568862915,-17.2027130126953,"Unknown"
"5020563",370751,2026-04-24 07:52:58,28.9659214019775,-17.1781196594238,"Unknown"
"5020563",370751,2026-04-24 07:58:00,28.977502822876,-17.1520500183105,"Unknown"
"5020563",370751,2026-04-24 08:04:03,28.9947128295898,-17.1232166290283,"Unknown"
"5020563",370751,2026-04-24 08:08:00,29.0033435821533,-17.1047115325928,"Unknown"
"5020563",370751,2026-04-24 08:13:00,29.0196857452393,-17.0830192565918,"Unknown"
"5020563",370751,2026-04-24 08:19:11,29.0362911224365,-17.0544338226318,"Unknown"
"5020563",370751,2026-04-24 08:22:58,29.0477466583252,-17.0393409729004,"Unknown"
"5020563",370751,2026-04-24 08:28:00,29.0624771118164,-17.016752243042,"Unknown"
"5020563",370751,2026-04-24 08:34:04,29.0827198028564,-16.9910793304443,"Unknown"
"5020563",370751,2026-04-24 08:37:59,29.0919017791748,-16.9728145599365,"Unknown"
"5020563",370751,2026-04-24 08:47:52,29.1273021697998,-16.9402351379395,"Unknown"
"5020563",370751,2026-04-24 09:17:51,29.2448768615723,-16.8350868225098,"Unknown"
"5020563",370751,2026-04-24 09:22:56,29.2644844055176,-16.8260250091553,"Unknown"
"5020563",370751,2026-04-24 09:27:54,29.2688865661621,-16.8181743621826,"Unknown"
"5020563",370751,2026-04-24 09:32:55,29.2680263519287,-16.8132610321045,"Unknown"
"5020563",370751,2026-04-24 09:37:55,29.266508102417,-16.8074607849121,"Unknown"
"5020563",370751,2026-04-24 09:42:54,29.281810760498,-16.7867183685303,"Unknown"
"5020563",370751,2026-04-24 09:48:17,29.2998504638672,-16.7682037353516,"Unknown"
"5020563",370751,2026-04-24 09:52:54,29.3153858184814,-16.7551174163818,"Unknown"
"5020563",370751,2026-04-24 09:57:54,29.3356895446777,-16.7371253967285,"Unknown"
"5020563",370751,2026-04-24 10:02:51,29.3546772003174,-16.7175521850586,"Unknown"
"5020563",370751,2026-04-24 10:07:56,29.3735218048096,-16.6970329284668,"Unknown"
"5020563",370751,2026-04-24 10:12:53,29.3955688476562,-16.6818237304688,"Unknown"
"5020563",370751,2026-04-24 10:17:54,29.4177761077881,-16.6646404266357,"Unknown"
"5020563",370751,2026-04-24 10:22:52,29.4349212646484,-16.6523876190186,"Unknown"
"5020563",370751,2026-04-24 10:27:51,29.4516716003418,-16.6326923370361,"Unknown"
"5020563",370751,2026-04-24 10:32:54,29.4726791381836,-16.6105365753174,"Unknown"
"5020563",370751,2026-04-24 10:37:57,29.4938564300537,-16.5934257507324,"Unknown"
"5020563",370751,2026-04-24 10:42:53,29.5121517181396,-16.5705051422119,"Unknown"
"5020563",370751,2026-04-24 10:47:52,29.5346031188965,-16.55126953125,"Unknown"
"5020563",370751,2026-04-24 10:52:54,29.5540351867676,-16.5300731658936,"Unknown"
"5020563",370751,2026-04-24 10:57:54,29.5718822479248,-16.5065402984619,"Unknown"
"5020563",370751,2026-04-24 11:04:17,29.5959129333496,-16.4777698516846,"Unknown"
"5020563",370751,2026-04-24 11:13:21,29.6142349243164,-16.4625015258789,"Unknown"
"5020563",370751,2026-04-24 11:17:55,29.632682800293,-16.4474945068359,"Unknown"
"5020563",370751,2026-04-24 11:23:00,29.6539764404297,-16.4285564422607,"Unknown"
"5020563",370751,2026-04-24 11:27:54,29.6731510162354,-16.4079971313477,"Unknown"
"5020563",370751,2026-04-24 11:32:54,29.690393447876,-16.3837051391602,"Unknown"
"5020563",370751,2026-04-24 11:37:58,29.7126960754395,-16.364387512207,"Unknown"
"5020563",370751,2026-04-24 11:42:54,29.7329654693604,-16.3423957824707,"Unknown"
"5020563",370751,2026-04-24 11:47:55,29.7508506774902,-16.3188571929932,"Unknown"
"5020563",370751,2026-04-24 11:52:55,29.7682361602783,-16.296407699585,"Unknown"
"5020563",370751,2026-04-24 11:57:54,29.7873992919922,-16.273775100708,"Unknown"
"5020563",370751,2026-04-24 12:03:57,29.8039817810059,-16.2468299865723,"Unknown"
"5020563",370751,2026-04-24 12:07:56,29.8184261322021,-16.2277050018311,"Unknown"
"5020563",370751,2026-04-24 12:13:01,29.8234214782715,-16.2203941345215,"Unknown"
"5020563",370751,2026-04-24 12:17:55,29.8314971923828,-16.2093963623047,"Unknown"
"5020563",370751,2026-04-24 12:23:33,29.8510799407959,-16.1840591430664,"Unknown"
"5020563",370751,2026-04-24 12:27:54,29.866138458252,-16.1656684875488,"Unknown"
"5020563",370751,2026-04-24 12:32:54,29.8736000061035,-16.1580982208252,"Unknown"
"5020563",370751,2026-04-24 12:37:58,29.8729782104492,-16.1575965881348,"Unknown"
"5020563",370751,2026-04-24 12:47:55,29.8717479705811,-16.1566638946533,"Unknown"
"5020563",370751,2026-04-24 12:52:53,29.8711071014404,-16.1561603546143,"Unknown"
"5020563",370751,2026-04-24 12:57:55,29.8704166412354,-16.1557121276855,"Unknown"
"5020563",370751,2026-04-24 13:02:54,29.869701385498,-16.1551990509033,"Unknown"
"5020563",370751,2026-04-24 13:07:54,29.8689403533936,-16.1548080444336,"Unknown"
"5020563",370751,2026-04-24 13:12:55,29.8681011199951,-16.1543560028076,"Unknown"
"5020563",370751,2026-04-24 13:17:54,29.8673114776611,-16.1540775299072,"Unknown"
"5020563",370751,2026-04-24 13:22:56,29.8663959503174,-16.153657913208,"Unknown"
"5020563",370751,2026-04-24 13:27:55,29.865665435791,-16.1534214019775,"Unknown"
"5020563",370751,2026-04-24 13:32:56,29.8645839691162,-16.1531143188477,"Unknown"
"5020563",370751,2026-04-24 13:38:17,29.8634262084961,-16.1528587341309,"Unknown"
"5020563",370751,2026-04-24 13:42:52,29.8625354766846,-16.1526317596436,"Unknown"
"5020563",370751,2026-04-24 13:47:52,29.8616313934326,-16.1523761749268,"Unknown"
"5020563",370751,2026-04-24 13:52:52,29.8605155944824,-16.1519432067871,"Unknown"
"5020563",370751,2026-04-24 13:57:52,29.8595886230469,-16.1517658233643,"Unknown"
"5020563",370751,2026-04-24 14:02:51,29.858678817749,-16.151725769043,"Unknown"
"5020563",370751,2026-04-24 14:07:51,29.8577613830566,-16.1516304016113,"Unknown"
"5020563",370751,2026-04-24 14:12:51,29.8568820953369,-16.1516780853271,"Unknown"
"5020563",370751,2026-04-24 14:17:51,29.8560695648193,-16.1517505645752,"Unknown"
"5020563",370751,2026-04-24 14:22:51,29.854808807373,-16.1512908935547,"Unknown"
"5020563",370751,2026-04-24 14:27:53,29.8542995452881,-16.1509418487549,"Unknown"
"5020563",370751,2026-04-24 14:32:54,29.8659114837646,-16.1340293884277,"Unknown"
"5020563",370751,2026-04-24 14:37:54,29.8826599121094,-16.1165008544922,"Unknown"
"5020563",370751,2026-04-24 14:42:51,29.8947086334229,-16.0947532653809,"Unknown"
"5020563",370751,2026-04-24 14:47:55,29.9075984954834,-16.0697860717773,"Unknown"
"5020563",370751,2026-04-24 14:52:55,29.9230155944824,-16.0492992401123,"Unknown"
"5020563",370751,2026-04-24 14:57:53,29.9389228820801,-16.0283966064453,"Unknown"
"5020563",370751,2026-04-24 15:02:55,29.9504985809326,-16.0027275085449,"Unknown"
"5020563",370751,2026-04-24 15:07:55,29.9670600891113,-15.9816579818726,"Unknown"
"5020563",370751,2026-04-24 15:12:54,29.9850006103516,-15.9608268737793,"Unknown"
"5020563",370751,2026-04-24 15:17:54,30.0041046142578,-15.9418296813965,"Unknown"
"5020563",370751,2026-04-24 15:22:56,30.0222568511963,-15.9221277236938,"Unknown"
"5020563",370751,2026-04-24 15:27:56,30.0385723114014,-15.900671005249,"Unknown"
"5020563",370751,2026-04-24 15:32:57,30.0439567565918,-15.8976202011108,"Unknown"
"5020563",370751,2026-04-24 15:38:04,30.0436000823975,-15.8972654342651,"Unknown"
"5020563",370751,2026-04-24 15:44:03,30.0571899414062,-15.8884220123291,"Unknown"
"5020563",370751,2026-04-24 15:47:56,30.062858581543,-15.879150390625,"Unknown"
"5020563",370751,2026-04-24 15:52:58,30.0621242523193,-15.8793811798096,"Unknown"
"5020563",370751,2026-04-24 15:57:54,30.0613441467285,-15.8796520233154,"Unknown"
"5020563",370751,2026-04-24 16:03:21,30.060489654541,-15.8798065185547,"Unknown"
"5020563",370751,2026-04-24 16:07:53,30.0598659515381,-15.8801488876343,"Unknown"
"5020563",370751,2026-04-24 16:12:52,30.0590972900391,-15.8806076049805,"Unknown"
"5020563",370751,2026-04-24 16:17:52,30.0582332611084,-15.880934715271,"Unknown"
"5020563",370751,2026-04-24 16:22:53,30.0574016571045,-15.8811845779419,"Unknown"
"5020563",370751,2026-04-24 16:27:52,30.0566692352295,-15.8815116882324,"Unknown"
"5020563",370751,2026-04-24 16:32:53,30.0572948455811,-15.8829288482666,"Unknown"
"5020563",370751,2026-04-24 16:37:53,30.0549411773682,-15.874810218811,"Unknown"
"5020563",370751,2026-04-24 16:47:52,30.0523014068604,-15.8674173355103,"Unknown"
"5020563",370751,2026-04-24 16:52:52,30.0528697967529,-15.8578062057495,"Unknown"
"5020563",370751,2026-04-24 16:57:54,30.0516414642334,-15.8522787094116,"Unknown"
"5020563",370751,2026-04-24 17:02:52,30.0602836608887,-15.84055519104,"Unknown"
"5020563",370751,2026-04-24 17:07:51,30.0792961120605,-15.8319005966187,"Unknown"
"5020563",370751,2026-04-24 17:12:51,30.0963306427002,-15.8294897079468,"Unknown"
"5020563",370751,2026-04-24 17:17:53,30.0957107543945,-15.8301515579224,"Unknown"
"5020563",370751,2026-04-24 17:22:52,30.0951919555664,-15.8306579589844,"Unknown"
"5020563",370751,2026-04-24 17:27:52,30.0947532653809,-15.8309354782104,"Unknown"
"5020563",370751,2026-04-24 17:32:56,30.0941200256348,-15.8313302993774,"Unknown"
"5020563",370751,2026-04-24 17:37:54,30.0935592651367,-15.8323249816895,"Unknown"
"5020563",370751,2026-04-24 17:42:56,30.0931053161621,-15.8328514099121,"Unknown"
"5020563",370751,2026-04-24 17:48:17,30.0926952362061,-15.8333320617676,"Unknown"
"5020563",370751,2026-04-24 17:52:52,30.0923271179199,-15.8337993621826,"Unknown"
"5020563",370751,2026-04-24 17:57:53,30.1011505126953,-15.8232641220093,"Unknown"
"5020563",370751,2026-04-24 18:02:53,30.1182727813721,-15.8043603897095,"Unknown"
"5020563",370751,2026-04-24 18:07:54,30.1379280090332,-15.7949161529541,"Unknown"
"5020563",370751,2026-04-24 18:12:52,30.1574535369873,-15.7820672988892,"Unknown"
"5020563",370751,2026-04-24 18:17:52,30.1777267456055,-15.7670783996582,"Unknown"
"5020563",370751,2026-04-24 18:22:54,30.1974086761475,-15.7485237121582,"Unknown"
"5020563",370751,2026-04-24 18:27:52,30.2088527679443,-15.7354230880737,"Unknown"
"5020563",370751,2026-04-24 18:32:51,30.2236862182617,-15.7136335372925,"Unknown"
"5020563",370751,2026-04-24 18:37:52,30.2394886016846,-15.6879043579102,"Unknown"
"5020563",370751,2026-04-24 18:42:52,30.2514095306396,-15.664379119873,"Unknown"
"5020563",370751,2026-04-24 18:47:52,30.2660274505615,-15.6362600326538,"Unknown"
"5020563",370751,2026-04-24 18:52:54,30.2784767150879,-15.6118831634521,"Unknown"
"5020563",370751,2026-04-24 18:57:52,30.2802238464355,-15.6069412231445,"Unknown"
"5020563",370751,2026-04-24 19:02:54,30.2851104736328,-15.6038160324097,"Unknown"
"5020563",370751,2026-04-24 19:07:52,30.2889442443848,-15.6007308959961,"Unknown"
"5020563",370751,2026-04-24 19:12:54,30.2892112731934,-15.5929746627808,"Unknown"
"5020563",370751,2026-04-24 19:17:51,30.2826614379883,-15.5874624252319,"Unknown"
"5020563",370751,2026-04-24 19:22:51,30.2740917205811,-15.556453704834,"Unknown"
"5020563",370751,2026-04-24 19:27:52,30.2799549102783,-15.5258283615112,"Unknown"
"5020563",370751,2026-04-24 19:32:51,30.2655391693115,-15.5234279632568,"Unknown"
"5020563",370751,2026-04-24 19:37:51,30.254430770874,-15.5527381896973,"Unknown"
"5020563",370751,2026-04-24 19:42:52,30.247013092041,-15.5637912750244,"Unknown"
"5020563",370751,2026-04-24 19:47:51,30.2446689605713,-15.5732927322388,"Unknown"
"5020563",370751,2026-04-24 19:52:54,30.2309551239014,-15.6034889221191,"Unknown"
"5020563",370751,2026-04-24 19:57:52,30.223165512085,-15.6307506561279,"Unknown"
"5020563",370751,2026-04-24 20:13:16,30.1982326507568,-15.7128210067749,"Unknown"
"5020563",370751,2026-04-24 20:17:51,30.1979312896729,-15.7132244110107,"Unknown"
"5020563",370751,2026-04-24 20:22:52,30.1976490020752,-15.7135696411133,"Unknown"
"5020563",370751,2026-04-24 20:27:51,30.1973896026611,-15.713921546936,"Unknown"
"5020563",370751,2026-04-24 20:32:51,30.1970500946045,-15.7143144607544,"Unknown"
"5020563",370751,2026-04-24 20:37:51,30.196720123291,-15.7147169113159,"Unknown"
"5020563",370751,2026-04-24 20:47:50,30.1958789825439,-15.7157459259033,"Unknown"
"5020563",370751,2026-04-24 21:17:50,30.1927738189697,-15.7189207077026,"Unknown"
"5020563",370751,2026-04-24 21:22:54,30.1922168731689,-15.7193222045898,"Unknown"
"5020563",370751,2026-04-24 21:27:55,30.1916618347168,-15.7197484970093,"Unknown"
"5020563",370751,2026-04-24 21:32:51,30.1911182403564,-15.7202386856079,"Unknown"
"5020563",370751,2026-04-24 21:37:51,30.1905555725098,-15.7207803726196,"Unknown"
"5020563",370751,2026-04-24 21:42:50,30.1900234222412,-15.7213411331177,"Unknown"
"5020563",370751,2026-04-24 21:47:50,30.1895065307617,-15.7220048904419,"Unknown"
"5020563",370751,2026-04-24 21:52:56,30.1889266967773,-15.7226238250732,"Unknown"
"5020563",370751,2026-04-24 21:58:17,30.1888065338135,-15.7240800857544,"Unknown"
"5020563",370751,2026-04-24 22:02:51,30.1883316040039,-15.7246103286743,"Unknown"
"5020563",370751,2026-04-24 22:07:51,30.1878566741943,-15.7251091003418,"Unknown"
"5020563",370751,2026-04-24 22:12:51,30.1873912811279,-15.7255764007568,"Unknown"
"5020563",370751,2026-04-24 22:17:51,30.1869983673096,-15.7260761260986,"Unknown"
"5020563",370751,2026-04-24 22:22:52,30.1838130950928,-15.7452411651611,"Unknown"
"5020563",370751,2026-04-24 22:27:53,30.1706924438477,-15.7775506973267,"Unknown"
"5020563",370751,2026-04-24 22:32:53,30.1590404510498,-15.8065509796143,"Unknown"
"5020563",370751,2026-04-24 22:37:50,30.148868560791,-15.8372526168823,"Unknown"
"5020563",370751,2026-04-24 22:42:55,30.1540927886963,-15.8358774185181,"Unknown"
"5020563",370751,2026-04-24 22:47:52,30.1536388397217,-15.836236000061,"Unknown"
"5020563",370751,2026-04-24 22:52:51,30.1532421112061,-15.8365116119385,"Unknown"
"5020563",370751,2026-04-24 22:57:51,30.1528549194336,-15.8368349075317,"Unknown"
"5020563",370751,2026-04-24 23:02:51,30.1527843475342,-15.8375701904297,"Unknown"
"5020563",370751,2026-04-24 23:07:50,30.1522674560547,-15.8380556106567,"Unknown"
"5020563",370751,2026-04-24 23:12:50,30.151762008667,-15.8384876251221,"Unknown"
"5020563",370751,2026-04-24 23:17:50,30.151237487793,-15.8388776779175,"Unknown"
"5020563",370751,2026-04-24 23:22:51,30.1506652832031,-15.8394403457642,"Unknown"
"5020563",370751,2026-04-24 23:27:53,30.1508960723877,-15.8428421020508,"Unknown"
"5020563",370751,2026-04-24 23:32:49,30.1505508422852,-15.8513851165771,"Unknown"
"5020563",370751,2026-04-24 23:38:21,30.1506729125977,-15.8516464233398,"Unknown"
"5020563",370751,2026-04-24 23:42:50,30.150821685791,-15.8518962860107,"Unknown"
"5020563",370751,2026-04-24 23:47:50,30.1509742736816,-15.8522253036499,"Unknown"
"5020563",370751,2026-04-24 23:52:50,30.151159286499,-15.8525886535645,"Unknown"
"5020563",370751,2026-04-24 23:57:50,30.1489086151123,-15.8487434387207,"Unknown"
"5020563",370751,2026-04-25 00:02:50,30.1487483978271,-15.8488445281982,"Unknown"
"5020563",370751,2026-04-25 00:07:50,30.1485786437988,-15.8489093780518,"Unknown"
"5020563",370751,2026-04-25 00:12:50,30.1484622955322,-15.8490648269653,"Unknown"
"5020563",370751,2026-04-25 00:17:50,30.1483116149902,-15.8491258621216,"Unknown"
"5020563",370751,2026-04-25 00:22:53,30.1481761932373,-15.8492345809937,"Unknown"
"5020563",370751,2026-04-25 00:27:50,30.1480140686035,-15.8494634628296,"Unknown"
"5020563",370751,2026-04-25 00:32:51,30.147855758667,-15.8495788574219,"Unknown"
"5020563",370751,2026-04-25 00:37:50,30.1477470397949,-15.8497648239136,"Unknown"
"5020563",370751,2026-04-25 00:47:50,30.1474857330322,-15.8500452041626,"Unknown"
"5020563",370751,2026-04-25 01:17:52,30.1470336914062,-15.85129737854,"Unknown"
"5020563",370751,2026-04-25 01:47:55,30.1473064422607,-15.8525667190552,"Unknown"
"5020563",370751,2026-04-25 02:18:16,30.1441192626953,-15.8519849777222,"Unknown"
"5020563",370751,2026-04-25 02:47:50,30.1429080963135,-15.8518924713135,"Unknown"
"5020563",370751,2026-04-25 03:17:53,30.1406669616699,-15.8512058258057,"Unknown"
"5020563",370751,2026-04-25 03:47:54,30.1376533508301,-15.8508024215698,"Unknown"
"5020563",370751,2026-04-25 04:18:17,30.1345176696777,-15.8540906906128,"Unknown"
"5020563",370751,2026-04-25 04:47:50,30.1326332092285,-15.8430347442627,"Unknown"
"5020563",370751,2026-04-25 05:47:52,30.1393203735352,-15.8414735794067,"Unknown"
"5020563",370751,2026-04-25 06:17:53,30.1406402587891,-15.8430528640747,"Unknown"
"5020563",370751,2026-04-25 06:48:17,30.1753616333008,-15.7934303283691,"Unknown"
"5020563",370751,2026-04-25 07:19:16,30.2450618743896,-15.8926496505737,"Unknown"
"5020563",370751,2026-04-25 08:49:17,30.2695827484131,-16.1964683532715,"Unknown"
"5020563",370751,2026-04-25 09:48:21,30.2863616943359,-16.2657737731934,"Unknown"
"5020563",370751,2026-04-25 10:17:53,30.3167495727539,-16.3982582092285,"Unknown"
"5020563",370751,2026-04-25 10:22:53,30.3245277404785,-16.4311199188232,"Unknown"
"5020563",370751,2026-04-25 10:27:51,30.3306560516357,-16.4548797607422,"Unknown"
"5020563",370751,2026-04-25 10:32:51,30.338586807251,-16.4827156066895,"Unknown"
"5020563",370751,2026-04-25 10:37:51,30.3455581665039,-16.5126762390137,"Unknown"
"5020563",370751,2026-04-25 10:42:52,30.3483867645264,-16.5181694030762,"Unknown"
"5020563",370751,2026-04-25 10:47:51,30.3515510559082,-16.5336513519287,"Unknown"
"5020563",370751,2026-04-25 10:52:54,30.3557662963867,-16.5600681304932,"Unknown"
"5020563",370751,2026-04-25 10:57:53,30.3629951477051,-16.5860996246338,"Unknown"
"5020563",370751,2026-04-25 11:02:52,30.3739852905273,-16.6073627471924,"Unknown"
"5020563",370751,2026-04-25 11:07:52,30.3826122283936,-16.6262664794922,"Unknown"
"5020563",370751,2026-04-25 11:12:53,30.3958320617676,-16.6370983123779,"Unknown"
"5020563",370751,2026-04-25 11:17:51,30.4071369171143,-16.6474647521973,"Unknown"
"5020563",370751,2026-04-25 11:22:52,30.4195137023926,-16.665843963623,"Unknown"
"5020563",370751,2026-04-25 11:27:53,30.4295902252197,-16.6951465606689,"Unknown"
"5020563",370751,2026-04-25 11:32:54,30.4352512359619,-16.709358215332,"Unknown"
"5020563",370751,2026-04-25 11:37:54,30.4451122283936,-16.7301826477051,"Unknown"
"5020563",370751,2026-04-25 11:42:52,30.4541187286377,-16.7431716918945,"Unknown"
"5020563",370751,2026-04-25 11:47:56,30.4623146057129,-16.7558250427246,"Unknown"
"5020563",370751,2026-04-25 11:54:17,30.4710578918457,-16.7678604125977,"Unknown"
"5020563",370751,2026-04-25 11:57:54,30.4730892181396,-16.7709655761719,"Unknown"
"5020563",370751,2026-04-25 12:08:16,30.4766540527344,-16.7741298675537,"Unknown"
"5020563",370751,2026-04-25 12:12:51,30.4768714904785,-16.7747325897217,"Unknown"
"5020563",370751,2026-04-25 12:17:54,30.4770526885986,-16.775505065918,"Unknown"
"5020563",370751,2026-04-25 12:22:55,30.4762058258057,-16.7819881439209,"Unknown"
"5020563",370751,2026-04-25 12:27:55,30.4758930206299,-16.7849063873291,"Unknown"
"5020563",370751,2026-04-25 12:32:55,30.4759063720703,-16.7863693237305,"Unknown"
"5020563",370751,2026-04-25 12:37:54,30.4762554168701,-16.7870864868164,"Unknown"
"5020563",370751,2026-04-25 12:47:55,30.477165222168,-16.7884426116943,"Unknown"
"5020563",370751,2026-04-25 12:52:55,30.4775295257568,-16.7891216278076,"Unknown"
"5020563",370751,2026-04-25 12:57:54,30.4779205322266,-16.7898979187012,"Unknown"
"5020563",370751,2026-04-25 13:03:17,30.4781398773193,-16.7907028198242,"Unknown"
"5020563",370751,2026-04-25 13:07:52,30.4750862121582,-16.7868156433105,"Unknown"
"5020563",370751,2026-04-25 13:12:52,30.4827423095703,-16.7886505126953,"Unknown"
"5020563",370751,2026-04-25 13:17:52,30.4835624694824,-16.7896881103516,"Unknown"
"5020563",370751,2026-04-25 13:22:51,30.4886608123779,-16.7909202575684,"Unknown"
"5020563",370751,2026-04-25 13:27:53,30.4914646148682,-16.7935409545898,"Unknown"
"5020563",370751,2026-04-25 13:32:53,30.493127822876,-16.7937469482422,"Unknown"
"5020563",370751,2026-04-25 13:37:53,30.4893169403076,-16.789680480957,"Unknown"
"5020563",370751,2026-04-25 13:42:54,30.4893016815186,-16.7916488647461,"Unknown"
"5020563",370751,2026-04-25 13:47:51,30.4893665313721,-16.7971858978271,"Unknown"
"5020563",370751,2026-04-25 13:52:56,30.4903163909912,-16.79762840271,"Unknown"
"5020563",370751,2026-04-25 13:57:59,30.4908962249756,-16.7981281280518,"Unknown"
"5020563",370751,2026-04-25 14:02:53,30.4913291931152,-16.7987270355225,"Unknown"
"5020563",370751,2026-04-25 14:07:53,30.491849899292,-16.7991256713867,"Unknown"
"5020563",370751,2026-04-25 14:12:56,30.4923305511475,-16.7996940612793,"Unknown"
"5020563",370751,2026-04-25 14:17:56,30.4927234649658,-16.8002128601074,"Unknown"
"5020563",370751,2026-04-25 14:22:55,30.4930763244629,-16.8005619049072,"Unknown"
"5020563",370751,2026-04-25 14:27:55,30.4934425354004,-16.8010730743408,"Unknown"
"5020563",370751,2026-04-25 14:32:53,30.4937629699707,-16.8017120361328,"Unknown"
"5020563",370751,2026-04-25 14:37:52,30.4941215515137,-16.8023071289062,"Unknown"
"5020563",370751,2026-04-25 14:42:54,30.4943675994873,-16.8027496337891,"Unknown"
"5020563",370751,2026-04-25 14:47:58,30.4944915771484,-16.8032302856445,"Unknown"
"5020563",370751,2026-04-25 14:52:53,30.4946460723877,-16.8034362792969,"Unknown"
"5020563",370751,2026-04-25 14:57:54,30.4947700500488,-16.8037548065186,"Unknown"
"5020563",370751,2026-04-25 15:02:55,30.4949016571045,-16.8042583465576,"Unknown"
"5020563",370751,2026-04-25 15:07:57,30.4950504302979,-16.8045654296875,"Unknown"
"5020563",370751,2026-04-25 15:13:04,30.4948902130127,-16.8049087524414,"Unknown"
"5020563",370751,2026-04-25 15:17:56,30.5045852661133,-16.8029880523682,"Unknown"
"5020563",370751,2026-04-25 15:22:58,30.510368347168,-16.7910861968994,"Unknown"
"5020563",370751,2026-04-25 15:27:54,30.511100769043,-16.7894859313965,"Unknown"
"5020563",370751,2026-04-25 15:32:55,30.510274887085,-16.7873420715332,"Unknown"
"5020563",370751,2026-04-25 15:37:57,30.5101509094238,-16.7860927581787,"Unknown"
"5020563",370751,2026-04-25 15:44:03,30.5125789642334,-16.777307510376,"Unknown"
"5020563",370751,2026-04-25 15:47:51,30.5193462371826,-16.7893199920654,"Unknown"
"5020563",370751,2026-04-25 15:52:55,30.5239791870117,-16.817533493042,"Unknown"
"5020563",370751,2026-04-25 15:57:54,30.5178813934326,-16.8433475494385,"Unknown"
"5020563",370751,2026-04-25 16:04:16,30.5238513946533,-16.8410472869873,"Unknown"
"5020563",370751,2026-04-25 16:07:51,30.5254364013672,-16.8376426696777,"Unknown"
"5020563",370751,2026-04-25 16:12:54,30.530424118042,-16.8368530273438,"Unknown"
"5020563",370751,2026-04-25 16:17:54,30.53395652771,-16.8370914459229,"Unknown"
"5020563",370751,2026-04-25 16:22:54,30.5376262664795,-16.8314800262451,"Unknown"
"5020563",370751,2026-04-25 16:27:52,30.5342807769775,-16.8232879638672,"Unknown"
"5020563",370751,2026-04-25 16:32:51,30.5270729064941,-16.8289756774902,"Unknown"
"5020563",370751,2026-04-25 16:37:51,30.5168552398682,-16.847713470459,"Unknown"
"5020563",370751,2026-04-25 16:47:51,30.4923877716064,-16.8637046813965,"Unknown"
"5020563",370751,2026-04-25 16:52:50,30.4757194519043,-16.8754749298096,"Unknown"
"5020563",370751,2026-04-25 16:57:52,30.4468936920166,-16.8875885009766,"Unknown"
"5020563",370751,2026-04-25 17:02:53,30.4142189025879,-16.8832054138184,"Unknown"
"5020563",370751,2026-04-25 17:07:51,30.3880844116211,-16.8991775512695,"Unknown"
"5020563",370751,2026-04-25 17:12:51,30.3778400421143,-16.9049072265625,"Unknown"
"5020563",370751,2026-04-25 17:17:52,30.348108291626,-16.9211387634277,"Unknown"
"5020563",370751,2026-04-25 17:22:52,30.3153133392334,-16.9345474243164,"Unknown"
"5020563",370751,2026-04-25 17:27:53,30.2820663452148,-16.9502258300781,"Unknown"
"5020563",370751,2026-04-25 17:32:54,30.2530918121338,-16.9737300872803,"Unknown"
"5020563",370751,2026-04-25 17:39:16,30.2067813873291,-16.9910278320312,"Unknown"
"5020563",370751,2026-04-25 17:44:16,30.1760692596436,-17.0192356109619,"Unknown"
"5020563",370751,2026-04-25 17:49:16,30.1421890258789,-17.0446338653564,"Unknown"
"5020563",370751,2026-04-25 17:54:16,30.1104755401611,-17.0695934295654,"Unknown"
"5020563",370751,2026-04-25 17:59:16,30.0768222808838,-17.0880279541016,"Unknown"
"5020563",370751,2026-04-25 18:04:16,30.0417594909668,-17.1006946563721,"Unknown"
"5020563",370751,2026-04-25 18:09:16,30.0041198730469,-17.112024307251,"Unknown"
"5020563",370751,2026-04-25 18:12:53,29.9746055603027,-17.1223697662354,"Unknown"
"5020563",370751,2026-04-25 18:17:57,29.9468688964844,-17.1314144134521,"Unknown"
"5020563",370751,2026-04-25 18:24:16,29.9063034057617,-17.1415843963623,"Unknown"
"5020563",370751,2026-04-25 18:29:16,29.8674011230469,-17.1484661102295,"Unknown"
"5020563",370751,2026-04-25 18:34:16,29.8293056488037,-17.1537265777588,"Unknown"
"5020563",370751,2026-04-25 18:39:17,29.7942810058594,-17.1632614135742,"Unknown"
"5020563",370751,2026-04-25 18:44:17,29.7622585296631,-17.1693649291992,"Unknown"
"5020563",370751,2026-04-25 18:49:17,29.7223415374756,-17.1724128723145,"Unknown"
"5020563",370751,2026-04-25 18:54:17,29.6825332641602,-17.188928604126,"Unknown"
"5020563",370751,2026-04-25 18:59:17,29.6535511016846,-17.2202377319336,"Unknown"
"5020563",370751,2026-04-25 20:54:18,28.8491764068604,-17.8508529663086,"Unknown"
"5020563",370751,2026-04-25 21:03:17,28.8514442443848,-17.8504409790039,"Unknown"
"5020563",370751,2026-04-25 21:12:52,28.8517990112305,-17.850887298584,"Unknown"
"5020563",370751,2026-04-25 21:22:52,28.8521347045898,-17.8514099121094,"Unknown"
"5020563",370751,2026-04-25 21:32:52,28.8540344238281,-17.8753910064697,"Unknown"
"5020563",370751,2026-04-25 21:42:53,28.8330459594727,-17.8517990112305,"Unknown"
"5020563",370751,2026-04-25 21:54:18,28.8005180358887,-17.8550300598145,"Unknown"
"5020563",370751,2026-04-27 11:53:32,28.2764701843262,-17.4760475158691,"Unknown"
"5020563",370751,2026-04-27 12:03:15,28.2765884399414,-17.4773426055908,"Unknown"
"5020563",370751,2026-04-27 12:13:15,28.2683486938477,-17.4613742828369,"Unknown"
"5020563",370751,2026-04-27 12:23:24,28.2781143188477,-17.4561061859131,"Unknown"
"5020563",370751,2026-04-27 12:33:17,28.277587890625,-17.4457244873047,"Unknown"
"5020563",370751,2026-04-27 12:43:14,28.2756881713867,-17.4814395904541,"Unknown"
"5020563",370751,2026-04-27 12:53:16,28.2841854095459,-17.4875888824463,"Unknown"
"5020563",370751,2026-04-27 13:03:16,28.3056697845459,-17.4884624481201,"Unknown"
"5020563",370751,2026-04-27 13:13:18,28.3186302185059,-17.4810523986816,"Unknown"
"5020563",370751,2026-04-27 13:18:17,28.3193702697754,-17.4815444946289,"Unknown"
"5020563",370751,2026-04-27 13:23:15,28.3240795135498,-17.4813442230225,"Unknown"
"5020563",370751,2026-04-27 13:28:33,28.3280239105225,-17.4785747528076,"Unknown"
"5020563",370751,2026-04-27 13:33:14,28.3283977508545,-17.4790077209473,"Unknown"
"5020563",370751,2026-04-27 13:38:14,28.3350296020508,-17.4765586853027,"Unknown"
"5020563",370751,2026-04-27 13:43:15,28.3396701812744,-17.4781455993652,"Unknown"
"5020563",370751,2026-04-27 13:48:13,28.3425636291504,-17.4785270690918,"Unknown"
"5020563",370751,2026-04-27 13:53:24,28.3462257385254,-17.4819221496582,"Unknown"
"5020563",370751,2026-04-27 13:58:13,28.3495445251465,-17.4814624786377,"Unknown"
"5020563",370751,2026-04-27 14:04:03,28.3540649414062,-17.4781284332275,"Unknown"
"5020563",370751,2026-04-27 14:08:14,28.3591194152832,-17.4781761169434,"Unknown"
"5020563",370751,2026-04-27 14:13:14,28.3620738983154,-17.4776840209961,"Unknown"
"5020563",370751,2026-04-27 14:18:13,28.3672771453857,-17.4723205566406,"Unknown"
"5020563",370751,2026-04-27 14:23:25,28.3677215576172,-17.4669914245605,"Unknown"
"5020563",370751,2026-04-27 14:28:16,28.3682289123535,-17.4667301177979,"Unknown"
"5020563",370751,2026-04-27 14:33:15,28.3681945800781,-17.4629383087158,"Unknown"
"5020563",370751,2026-04-27 14:38:14,28.3737163543701,-17.4663162231445,"Unknown"
"5020563",370751,2026-04-27 14:43:15,28.3773384094238,-17.4625968933105,"Unknown"
"5020563",370751,2026-04-27 14:48:14,28.3772354125977,-17.4586887359619,"Unknown"
"5020563",370751,2026-04-27 14:53:14,28.3808155059814,-17.4588222503662,"Unknown"
"5020563",370751,2026-04-27 14:58:13,28.3836116790771,-17.454963684082,"Unknown"
"5020563",370751,2026-04-27 15:03:15,28.3856868743896,-17.4561595916748,"Unknown"
"5020563",370751,2026-04-27 15:08:13,28.3849334716797,-17.4569778442383,"Unknown"
"5020563",370751,2026-04-27 15:13:13,28.3799953460693,-17.4595165252686,"Unknown"
"5020563",370751,2026-04-27 15:18:13,28.3773651123047,-17.4604415893555,"Unknown"
"5020563",370751,2026-04-27 15:23:15,28.375602722168,-17.4631156921387,"Unknown"
"5020563",370751,2026-04-27 15:28:15,28.3760261535645,-17.4654636383057,"Unknown"
"5020563",370751,2026-04-27 15:33:16,28.3743648529053,-17.4655246734619,"Unknown"
"5020563",370751,2026-04-27 15:38:15,28.368465423584,-17.4628982543945,"Unknown"
"5020563",370751,2026-04-27 15:43:33,28.3660850524902,-17.4671611785889,"Unknown"
"5020563",370751,2026-04-27 15:48:14,28.3618335723877,-17.4687023162842,"Unknown"
"5020563",370751,2026-04-27 15:53:14,28.3619785308838,-17.4696025848389,"Unknown"
"5020563",370751,2026-04-27 15:58:14,28.361837387085,-17.4703903198242,"Unknown"
"5020563",370751,2026-04-27 16:03:14,28.3615913391113,-17.4711265563965,"Unknown"
"5020563",370751,2026-04-27 16:08:14,28.3617839813232,-17.4725379943848,"Unknown"
"5020563",370751,2026-04-27 16:13:14,28.3638973236084,-17.478645324707,"Unknown"
"5020563",370751,2026-04-27 16:18:14,28.3670635223389,-17.4806213378906,"Unknown"
"5020563",370751,2026-04-27 16:23:14,28.3704719543457,-17.478141784668,"Unknown"
"5020563",370751,2026-04-27 16:28:14,28.3726024627686,-17.4797821044922,"Unknown"
"5020563",370751,2026-04-27 16:33:23,28.3702735900879,-17.4817581176758,"Unknown"
"5020563",370751,2026-04-27 16:38:14,28.3699645996094,-17.4797344207764,"Unknown"
"5020563",370751,2026-04-27 16:43:14,28.3689746856689,-17.4774684906006,"Unknown"
"5020563",370751,2026-04-27 16:48:15,28.3678226470947,-17.4837169647217,"Unknown"
"5020563",370751,2026-04-27 16:53:14,28.366735458374,-17.4854717254639,"Unknown"
"5020563",370751,2026-04-27 16:58:16,28.3706665039062,-17.4893417358398,"Unknown"
"5020563",370751,2026-04-27 17:03:15,28.3728942871094,-17.4911365509033,"Unknown"
"5020563",370751,2026-04-27 17:08:15,28.3748722076416,-17.493824005127,"Unknown"
"5020563",370751,2026-04-27 17:13:15,28.3767166137695,-17.4916534423828,"Unknown"
"5020563",370751,2026-04-27 17:18:14,28.3793811798096,-17.4925327301025,"Unknown"
"5020563",370751,2026-04-27 17:23:15,28.3802318572998,-17.4930076599121,"Unknown"
"5020563",370751,2026-04-27 17:28:16,28.3839931488037,-17.4950218200684,"Unknown"
"5020563",370751,2026-04-27 17:33:16,28.3837642669678,-17.4955501556396,"Unknown"
"5020563",370751,2026-04-27 17:38:17,28.3833637237549,-17.4961051940918,"Unknown"
"5020563",370751,2026-04-27 17:43:33,28.3829574584961,-17.4961700439453,"Unknown"
"5020563",370751,2026-04-27 17:48:14,28.3826179504395,-17.4964694976807,"Unknown"
"5020563",370751,2026-04-27 17:53:14,28.3759498596191,-17.5068244934082,"Unknown"
"5020563",370751,2026-04-27 17:58:14,28.357328414917,-17.5187835693359,"Unknown"
"5020563",370751,2026-04-27 18:03:15,28.3573417663574,-17.5196723937988,"Unknown"
"5020563",370751,2026-04-27 18:08:14,28.3540859222412,-17.5179214477539,"Unknown"
"5020563",370751,2026-04-27 18:13:14,28.3539619445801,-17.5180568695068,"Unknown"
"5020563",370751,2026-04-27 18:18:14,28.3536357879639,-17.5180339813232,"Unknown"
"5020563",370751,2026-04-27 18:23:14,28.3264141082764,-17.4945850372314,"Unknown"
"5020563",370751,2026-04-27 18:28:15,28.3106269836426,-17.509162902832,"Unknown"
"5020563",370751,2026-04-27 18:33:15,28.3151779174805,-17.5099430084229,"Unknown"
"5020563",370751,2026-04-27 18:38:15,28.3159217834473,-17.5129585266113,"Unknown"
"5020563",370751,2026-04-27 18:43:14,28.3202304840088,-17.5184898376465,"Unknown"
"5020563",370751,2026-04-27 18:48:14,28.3224716186523,-17.5218601226807,"Unknown"
"5020563",370751,2026-04-27 18:53:15,28.3221225738525,-17.5267009735107,"Unknown"
"5020563",370751,2026-04-27 18:58:14,28.3213024139404,-17.530237197876,"Unknown"
"5020563",370751,2026-04-27 19:03:15,28.320125579834,-17.5387763977051,"Unknown"
"5020563",370751,2026-04-27 19:08:16,28.327693939209,-17.5654621124268,"Unknown"
"5020563",370751,2026-04-27 19:13:16,28.3378620147705,-17.5929355621338,"Unknown"
"5020563",370751,2026-04-27 19:18:15,28.3467884063721,-17.615270614624,"Unknown"
"5020563",370751,2026-04-27 19:23:15,28.3567447662354,-17.6316547393799,"Unknown"
"5020563",370751,2026-04-27 19:28:18,28.3683547973633,-17.6562271118164,"Unknown"
"5020563",370751,2026-04-27 19:33:14,28.3808746337891,-17.6771430969238,"Unknown"
"5020563",370751,2026-04-27 19:38:16,28.3932113647461,-17.7053813934326,"Unknown"
"5020563",370751,2026-04-27 19:43:16,28.4061145782471,-17.729341506958,"Unknown"
"5020563",370751,2026-04-27 19:48:15,28.4219379425049,-17.7491016387939,"Unknown"
"5020563",370751,2026-04-27 19:53:15,28.4386329650879,-17.7674713134766,"Unknown"
"5020563",370751,2026-04-27 19:58:17,28.4583282470703,-17.7818279266357,"Unknown"
"5020563",370751,2026-04-27 20:19:39,28.5418453216553,-17.7735805511475,"Unknown"
"5020563",370751,2026-04-27 20:20:25,28.542781829834,-17.773021697998,"Unknown"
"5020563",370751,2026-04-27 20:20:45,28.542839050293,-17.7730331420898,"Unknown"
"5020563",370751,2026-04-27 20:21:45,28.5429840087891,-17.7730941772461,"Unknown"
"5020563",370751,2026-04-27 20:22:44,28.5430736541748,-17.773078918457,"Unknown"
"5020563",370751,2026-04-27 20:23:44,28.5431900024414,-17.7731132507324,"Unknown"
"5020563",370751,2026-04-27 20:24:44,28.5432968139648,-17.7731590270996,"Unknown"
"5020563",370751,2026-04-27 20:25:44,28.5434093475342,-17.7731685638428,"Unknown"
"5020563",370751,2026-04-27 20:26:45,28.5435333251953,-17.7732086181641,"Unknown"
"5020563",370751,2026-04-27 20:27:44,28.5436592102051,-17.7732677459717,"Unknown"
"5020563",370751,2026-04-27 20:28:44,28.5437488555908,-17.7732543945312,"Unknown"
"5020563",370751,2026-04-27 20:29:44,28.543872833252,-17.7732772827148,"Unknown"
"5020563",370751,2026-04-27 20:30:44,28.5440158843994,-17.7733554840088,"Unknown"
"5020563",370751,2026-04-27 20:31:44,28.5441379547119,-17.7733936309814,"Unknown"
"5020563",370751,2026-04-27 20:32:44,28.5442523956299,-17.7733821868896,"Unknown"
"5020563",370751,2026-04-27 20:33:45,28.5443439483643,-17.7734394073486,"Unknown"
"5020563",370751,2026-04-27 20:34:45,28.5459976196289,-17.7722358703613,"Unknown"
"5020563",370751,2026-04-27 20:35:44,28.549524307251,-17.7694988250732,"Unknown"
"5020563",370751,2026-04-27 20:36:44,28.5532493591309,-17.7670516967773,"Unknown"
"5020563",370751,2026-04-27 20:37:44,28.5562553405762,-17.763858795166,"Unknown"
"5020563",370751,2026-04-27 20:38:44,28.5597991943359,-17.7609176635742,"Unknown"
"5020563",370751,2026-04-27 20:39:44,28.563606262207,-17.7593555450439,"Unknown"
"5020563",370751,2026-04-27 20:40:44,28.5671920776367,-17.7573719024658,"Unknown"
"5020563",370751,2026-04-27 20:41:44,28.5708389282227,-17.7559871673584,"Unknown"
"5020563",370751,2026-04-27 20:42:44,28.5739650726318,-17.7541732788086,"Unknown"
"5020563",370751,2026-04-27 20:43:44,28.5776176452637,-17.752857208252,"Unknown"
"5020563",370751,2026-04-27 20:44:44,28.5812225341797,-17.7517204284668,"Unknown"
"5020563",370751,2026-04-27 20:45:44,28.5836887359619,-17.7511024475098,"Unknown"
"5020563",370751,2026-04-27 20:46:44,28.5837364196777,-17.7512168884277,"Unknown"
"5020563",370751,2026-04-27 20:47:44,28.5837821960449,-17.7513599395752,"Unknown"
"5020563",370751,2026-04-27 20:48:44,28.5838356018066,-17.7515068054199,"Unknown"
"5020563",370751,2026-04-27 20:49:45,28.5838775634766,-17.7516384124756,"Unknown"
"5020563",370751,2026-04-27 20:50:44,28.5839309692383,-17.7517738342285,"Unknown"
"5020563",370751,2026-04-27 20:51:44,28.5839653015137,-17.7518787384033,"Unknown"
"5020563",370751,2026-04-27 20:52:44,28.5839996337891,-17.7519931793213,"Unknown"
"5020563",370751,2026-04-27 20:53:44,28.5840435028076,-17.7521266937256,"Unknown"
"5020563",370751,2026-04-27 20:54:44,28.5841064453125,-17.7522163391113,"Unknown"
"5020563",370751,2026-04-27 20:55:44,28.5840950012207,-17.7522735595703,"Unknown"
"5020563",370751,2026-04-27 20:56:44,28.5841255187988,-17.7524108886719,"Unknown"
"5020563",370751,2026-04-27 20:57:44,28.584171295166,-17.7525024414062,"Unknown"
"5020563",370751,2026-04-27 20:58:44,28.5842304229736,-17.7526454925537,"Unknown"
"5020563",370751,2026-04-27 20:59:44,28.5842800140381,-17.7527198791504,"Unknown"
"5020563",370751,2026-04-27 21:00:44,28.5843467712402,-17.7527866363525,"Unknown"
"5020563",370751,2026-04-27 21:01:44,28.5844020843506,-17.7528972625732,"Unknown"
"5020563",370751,2026-04-27 21:02:44,28.5844383239746,-17.753023147583,"Unknown"
"5020563",370751,2026-04-27 21:03:44,28.5845108032227,-17.7531147003174,"Unknown"
"5020563",370751,2026-04-27 21:04:44,28.584587097168,-17.7531929016113,"Unknown"
"5020563",370751,2026-04-27 21:05:44,28.5846366882324,-17.7532768249512,"Unknown"
"5020563",370751,2026-04-27 21:06:44,28.5846672058105,-17.7534027099609,"Unknown"
"5020563",370751,2026-04-27 21:07:44,28.5847091674805,-17.7535076141357,"Unknown"
"5020563",370751,2026-04-27 21:08:44,28.5847301483154,-17.7536067962646,"Unknown"
"5020563",370751,2026-04-27 21:09:44,28.5847854614258,-17.7535800933838,"Unknown"
"5020563",370751,2026-04-27 21:10:44,28.584831237793,-17.7535705566406,"Unknown"
"5020563",370751,2026-04-27 21:11:44,28.5848693847656,-17.7536201477051,"Unknown"
"5020563",370751,2026-04-27 21:12:44,28.584903717041,-17.7536544799805,"Unknown"
"5020563",370751,2026-04-27 21:13:44,28.5849094390869,-17.753625869751,"Unknown"
"5020563",370751,2026-04-27 21:14:44,28.584939956665,-17.7536125183105,"Unknown"
"5020563",370751,2026-04-27 21:15:44,28.5849361419678,-17.7535839080811,"Unknown"
"5020563",370751,2026-04-27 21:16:44,28.5849514007568,-17.7535915374756,"Unknown"
"5020563",370751,2026-04-27 21:17:44,28.584939956665,-17.753589630127,"Unknown"
"5020563",370751,2026-04-27 21:18:44,28.5849761962891,-17.7536354064941,"Unknown"
"5020563",370751,2026-04-27 21:19:44,28.5849914550781,-17.7536449432373,"Unknown"
"5020563",370751,2026-04-27 21:20:44,28.5849800109863,-17.753625869751,"Unknown"
"5020563",370751,2026-04-27 21:21:44,28.5849990844727,-17.7536182403564,"Unknown"
"5020563",370751,2026-04-27 21:22:45,28.5849838256836,-17.7536392211914,"Unknown"
"5020563",370751,2026-04-27 21:23:45,28.5850124359131,-17.7536659240723,"Unknown"
"5020563",370751,2026-04-27 21:24:45,28.5850372314453,-17.7536640167236,"Unknown"
"5020563",370751,2026-04-27 21:25:45,28.5850620269775,-17.7536678314209,"Unknown"
"5020563",370751,2026-04-27 21:26:45,28.5850219726562,-17.7537364959717,"Unknown"
"5020563",370751,2026-04-27 21:27:45,28.5850505828857,-17.7538089752197,"Unknown"
"5020563",370751,2026-04-27 21:28:44,28.585054397583,-17.7537364959717,"Unknown"
"5020563",370751,2026-04-27 21:29:45,28.5850639343262,-17.7537231445312,"Unknown"
"5020563",370751,2026-04-27 21:30:45,28.5850505828857,-17.7537155151367,"Unknown"
"5020563",370751,2026-04-27 21:31:45,28.5850448608398,-17.7537078857422,"Unknown"
"5020563",370751,2026-04-27 21:32:45,28.5850601196289,-17.7537002563477,"Unknown"
"5020563",370751,2026-04-27 21:33:45,28.5850772857666,-17.753755569458,"Unknown"
"5020563",370751,2026-04-27 21:34:44,28.5851230621338,-17.7537212371826,"Unknown"
"5020563",370751,2026-04-27 21:35:45,28.5851268768311,-17.7536735534668,"Unknown"
"5020563",370751,2026-04-27 21:36:47,28.5851707458496,-17.7536640167236,"Unknown"
"5020563",370751,2026-04-27 21:37:45,28.5851669311523,-17.7536277770996,"Unknown"
"5020563",370751,2026-04-27 21:38:45,28.5851745605469,-17.7536125183105,"Unknown"
"5020563",370751,2026-04-27 21:39:45,28.5852069854736,-17.7535648345947,"Unknown"
"5020563",370751,2026-04-27 21:40:44,28.5852088928223,-17.7535247802734,"Unknown"
"5020563",370751,2026-04-27 21:41:45,28.5852375030518,-17.7534790039062,"Unknown"
"5020563",370751,2026-04-27 21:42:45,28.5852699279785,-17.753438949585,"Unknown"
"5020563",370751,2026-04-27 21:43:45,28.5852966308594,-17.753381729126,"Unknown"
"5020563",370751,2026-04-27 21:44:45,28.5852909088135,-17.7533130645752,"Unknown"
"5020563",370751,2026-04-27 21:45:45,28.5852546691895,-17.7532520294189,"Unknown"
"5020563",370751,2026-04-27 21:46:45,28.5852298736572,-17.75319480896,"Unknown"
"5020563",370751,2026-04-27 21:47:45,28.585168838501,-17.7531490325928,"Unknown"
"5020563",370751,2026-04-27 21:48:45,28.5851306915283,-17.7530555725098,"Unknown"
"5020563",370751,2026-04-27 21:49:46,28.5851211547852,-17.7530326843262,"Unknown"
"5020563",370751,2026-04-27 21:50:45,28.585111618042,-17.7530136108398,"Unknown"
"5020563",370751,2026-04-27 21:51:45,28.5850963592529,-17.7530193328857,"Unknown"
"5020563",370751,2026-04-27 21:52:47,28.5850734710693,-17.7529716491699,"Unknown"
"5020563",370751,2026-04-27 21:53:45,28.5850563049316,-17.7529430389404,"Unknown"
"5020563",370751,2026-04-27 21:54:45,28.5850276947021,-17.7529220581055,"Unknown"
"5020563",370751,2026-04-27 21:55:45,28.5849857330322,-17.7528610229492,"Unknown"
"5020563",370751,2026-04-27 21:56:45,28.5849266052246,-17.752857208252,"Unknown"
"5020563",370751,2026-04-27 21:57:45,28.584867477417,-17.752815246582,"Unknown"
"5020563",370751,2026-04-27 21:58:45,28.584831237793,-17.7527885437012,"Unknown"
"5020563",370751,2026-04-27 21:59:45,28.5848522186279,-17.7527465820312,"Unknown"
"5020563",370751,2026-04-27 22:00:45,28.5848083496094,-17.7527198791504,"Unknown"
"5020563",370751,2026-04-27 22:01:45,28.5847587585449,-17.752721786499,"Unknown"
"5020563",370751,2026-04-27 22:02:45,28.5846977233887,-17.75270652771,"Unknown"
"5020563",370751,2026-04-27 22:03:45,28.5846748352051,-17.7526721954346,"Unknown"
"5020563",370751,2026-04-27 22:04:45,28.5846157073975,-17.7527084350586,"Unknown"
"5020563",370751,2026-04-27 22:05:45,28.5845851898193,-17.7527294158936,"Unknown"
"5020563",370751,2026-04-27 22:06:45,28.584545135498,-17.7526893615723,"Unknown"
"5020563",370751,2026-04-27 22:07:45,28.5844917297363,-17.7526512145996,"Unknown"
"5020563",370751,2026-04-27 22:08:45,28.5844841003418,-17.7526531219482,"Unknown"
"5020563",370751,2026-04-27 22:09:45,28.5844459533691,-17.7526569366455,"Unknown"
"5020563",370751,2026-04-27 22:10:45,28.5844459533691,-17.7526264190674,"Unknown"
"5020563",370751,2026-04-27 22:11:45,28.5843925476074,-17.7526168823242,"Unknown"
"5020563",370751,2026-04-27 22:12:45,28.5843544006348,-17.7526149749756,"Unknown"
"5020563",370751,2026-04-27 22:13:45,28.5842704772949,-17.7525634765625,"Unknown"
"5020563",370751,2026-04-27 22:14:45,28.5842037200928,-17.7525615692139,"Unknown"
"5020563",370751,2026-04-27 22:15:45,28.5841293334961,-17.7525253295898,"Unknown"
"5020563",370751,2026-04-27 22:16:44,28.584098815918,-17.7525463104248,"Unknown"
"5020563",370751,2026-04-27 22:17:45,28.5839977264404,-17.7525005340576,"Unknown"
"5020563",370751,2026-04-27 22:18:46,28.5838966369629,-17.7524833679199,"Unknown"
"5020563",370751,2026-04-27 22:19:45,28.5838470458984,-17.7524852752686,"Unknown"
"5020563",370751,2026-04-27 22:20:45,28.5837745666504,-17.7524662017822,"Unknown"
"5020563",370751,2026-04-27 22:21:45,28.5837230682373,-17.7524814605713,"Unknown"
"5020563",370751,2026-04-27 22:22:45,28.5836410522461,-17.7524280548096,"Unknown"
"5020563",370751,2026-04-27 22:23:45,28.5836067199707,-17.7524223327637,"Unknown"
"5020563",370751,2026-04-27 22:24:45,28.5836372375488,-17.7523727416992,"Unknown"
"5020563",370751,2026-04-27 22:25:44,28.5836238861084,-17.7523612976074,"Unknown"
"5020563",370751,2026-04-27 22:26:46,28.5835666656494,-17.7524127960205,"Unknown"
"5020563",370751,2026-04-27 22:27:45,28.5835456848145,-17.7523899078369,"Unknown"
"5020563",370751,2026-04-27 22:28:44,28.5835208892822,-17.7523803710938,"Unknown"
"5020563",370751,2026-04-27 22:29:44,28.5835437774658,-17.7523860931396,"Unknown"
"5020563",370751,2026-04-27 22:30:44,28.5834980010986,-17.7523250579834,"Unknown"
"5020563",370751,2026-04-27 22:31:45,28.5835189819336,-17.752347946167,"Unknown"
"5020563",370751,2026-04-27 22:32:45,28.5835151672363,-17.7523403167725,"Unknown"
"5020563",370751,2026-04-27 22:33:45,28.5834655761719,-17.7523384094238,"Unknown"
"5020563",370751,2026-04-27 22:34:45,28.5833892822266,-17.7522659301758,"Unknown"
"5020563",370751,2026-04-27 22:35:45,28.5833015441895,-17.752290725708,"Unknown"
"5020563",370751,2026-04-27 22:36:45,28.5832595825195,-17.752254486084,"Unknown"
"5020563",370751,2026-04-27 22:37:44,28.5832481384277,-17.75217628479,"Unknown"
"5020563",370751,2026-04-27 22:38:44,28.5832214355469,-17.7521133422852,"Unknown"
"5020563",370751,2026-04-27 22:39:47,28.5831985473633,-17.7521114349365,"Unknown"
"5020563",370751,2026-04-27 22:40:45,28.5831871032715,-17.7521057128906,"Unknown"
"5020563",370751,2026-04-27 22:41:44,28.5831336975098,-17.7520618438721,"Unknown"
"5020563",370751,2026-04-27 22:42:45,28.5830974578857,-17.7520446777344,"Unknown"
"5020563",370751,2026-04-27 22:43:46,28.5830554962158,-17.7520198822021,"Unknown"
"5020563",370751,2026-04-27 22:44:45,28.5830230712891,-17.7519760131836,"Unknown"
"5020563",370751,2026-04-27 22:45:44,28.582971572876,-17.7519512176514,"Unknown"
"5020563",370751,2026-04-27 22:46:44,28.5829200744629,-17.7519226074219,"Unknown"
"5020563",370751,2026-04-27 22:47:45,28.5828266143799,-17.7519111633301,"Unknown"
"5020563",370751,2026-04-27 22:48:44,28.5827827453613,-17.7518711090088,"Unknown"
"5020563",370751,2026-04-27 22:49:45,28.5827503204346,-17.751838684082,"Unknown"
"5020563",370751,2026-04-27 22:50:45,28.5827198028564,-17.7517910003662,"Unknown"
"5020563",370751,2026-04-27 22:51:45,28.5826740264893,-17.7517604827881,"Unknown"
"5020563",370751,2026-04-27 22:52:45,28.582633972168,-17.7517471313477,"Unknown"
"5020563",370751,2026-04-27 22:53:45,28.5825881958008,-17.7517127990723,"Unknown"
"5020563",370751,2026-04-27 22:54:45,28.5825271606445,-17.7516860961914,"Unknown"
"5020563",370751,2026-04-27 22:55:45,28.5825080871582,-17.751745223999,"Unknown"
"5020563",370751,2026-04-27 22:56:46,28.5824756622314,-17.7517032623291,"Unknown"
"5020563",370751,2026-04-27 22:57:44,28.5824241638184,-17.7517719268799,"Unknown"
"5020563",370751,2026-04-27 22:58:45,28.5823764801025,-17.7516784667969,"Unknown"
"5020563",370751,2026-04-27 22:59:44,28.5822887420654,-17.7516613006592,"Unknown"
"5020563",370751,2026-04-27 23:01:03,28.5822639465332,-17.751708984375,"Unknown"
"5020563",370751,2026-04-27 23:01:44,28.5822467803955,-17.7517242431641,"Unknown"
"5020563",370751,2026-04-27 23:02:44,28.5822143554688,-17.7516708374023,"Unknown"
"5020563",370751,2026-04-27 23:03:44,28.5821437835693,-17.7516784667969,"Unknown"
"5020563",370751,2026-04-27 23:04:44,28.5820541381836,-17.7516059875488,"Unknown"
"5020563",370751,2026-04-27 23:05:44,28.5819416046143,-17.7516040802002,"Unknown"
"5020563",370751,2026-04-27 23:06:44,28.5818653106689,-17.7516460418701,"Unknown"
"5020563",370751,2026-04-27 23:07:44,28.5817489624023,-17.7516422271729,"Unknown"
"5020563",370751,2026-04-27 23:08:44,28.5816593170166,-17.7516460418701,"Unknown"
"5020563",370751,2026-04-27 23:09:44,28.5815315246582,-17.7516479492188,"Unknown"
"5020563",370751,2026-04-27 23:10:44,28.5814056396484,-17.7517051696777,"Unknown"
"5020563",370751,2026-04-27 23:11:44,28.5812931060791,-17.7517833709717,"Unknown"
"5020563",370751,2026-04-27 23:12:44,28.5811710357666,-17.7518138885498,"Unknown"
"5020563",370751,2026-04-27 23:13:44,28.5810432434082,-17.7518634796143,"Unknown"
"5020563",370751,2026-04-27 23:14:44,28.5808868408203,-17.7518768310547,"Unknown"
"5020563",370751,2026-04-27 23:15:44,28.5807571411133,-17.7519512176514,"Unknown"
"5020563",370751,2026-04-27 23:16:44,28.5806045532227,-17.7519721984863,"Unknown"
"5020563",370751,2026-04-27 23:17:44,28.5804786682129,-17.7519855499268,"Unknown"
"5020563",370751,2026-04-27 23:18:44,28.5803852081299,-17.7519645690918,"Unknown"
"5020563",370751,2026-04-27 23:19:44,28.5802898406982,-17.7520065307617,"Unknown"
"5020563",370751,2026-04-27 23:20:44,28.5801658630371,-17.7520408630371,"Unknown"
"5020563",370751,2026-04-27 23:21:44,28.5800514221191,-17.7520656585693,"Unknown"
"5020563",370751,2026-04-27 23:22:44,28.5799121856689,-17.7520694732666,"Unknown"
"5020563",370751,2026-04-27 23:23:44,28.57981300354,-17.752082824707,"Unknown"
"5020563",370751,2026-04-27 23:24:44,28.5796756744385,-17.752082824707,"Unknown"
"5020563",370751,2026-04-27 23:25:44,28.5795116424561,-17.7520751953125,"Unknown"
"5020563",370751,2026-04-27 23:26:44,28.5793342590332,-17.752067565918,"Unknown"
"5020563",370751,2026-04-27 23:27:44,28.5792293548584,-17.752067565918,"Unknown"
"5020563",370751,2026-04-27 23:28:44,28.5790996551514,-17.7520408630371,"Unknown"
"5020563",370751,2026-04-27 23:29:44,28.5790119171143,-17.752067565918,"Unknown"
"5020563",370751,2026-04-27 23:30:44,28.578893661499,-17.7520561218262,"Unknown"
"5020563",370751,2026-04-27 23:31:44,28.5787353515625,-17.7520332336426,"Unknown"
"5020563",370751,2026-04-27 23:32:44,28.5785980224609,-17.7520332336426,"Unknown"
"5020563",370751,2026-04-27 23:33:44,28.5784645080566,-17.7520313262939,"Unknown"
"5020563",370751,2026-04-27 23:34:44,28.5783290863037,-17.7520065307617,"Unknown"
"5020563",370751,2026-04-27 23:35:44,28.5782127380371,-17.7519817352295,"Unknown"
"5020563",370751,2026-04-27 23:36:44,28.5780830383301,-17.7519245147705,"Unknown"
"5020563",370751,2026-04-27 23:37:44,28.5779590606689,-17.7518844604492,"Unknown"
"5020563",370751,2026-04-27 23:38:44,28.5778503417969,-17.7517948150635,"Unknown"
"5020563",370751,2026-04-27 23:39:44,28.5777072906494,-17.751766204834,"Unknown"
"5020563",370751,2026-04-27 23:40:44,28.5775508880615,-17.7517318725586,"Unknown"
"5020563",370751,2026-04-27 23:41:44,28.5774345397949,-17.7516708374023,"Unknown"
"5020563",370751,2026-04-27 23:42:44,28.5772762298584,-17.7516574859619,"Unknown"
"5020563",370751,2026-04-27 23:43:44,28.5771255493164,-17.7516269683838,"Unknown"
"5020563",370751,2026-04-27 23:44:44,28.5769710540771,-17.7515735626221,"Unknown"
"5020563",370751,2026-04-27 23:45:44,28.5768070220947,-17.7515239715576,"Unknown"
"5020563",370751,2026-04-27 23:46:44,28.5766773223877,-17.7514553070068,"Unknown"
"5020563",370751,2026-04-27 23:47:44,28.5765113830566,-17.7513675689697,"Unknown"
"5020563",370751,2026-04-27 23:48:44,28.5763149261475,-17.7513084411621,"Unknown"
"5020563",370751,2026-04-27 23:49:44,28.5761566162109,-17.7512683868408,"Unknown"
"5020563",370751,2026-04-27 23:50:44,28.5759868621826,-17.7511901855469,"Unknown"
"5020563",370751,2026-04-27 23:51:44,28.5758018493652,-17.7511157989502,"Unknown"
"5020563",370751,2026-04-27 23:52:44,28.5756053924561,-17.7510185241699,"Unknown"
"5020563",370751,2026-04-27 23:53:44,28.5754299163818,-17.7509078979492,"Unknown"
"5020563",370751,2026-04-27 23:54:44,28.5752506256104,-17.7508125305176,"Unknown"
"5020563",370751,2026-04-27 23:55:44,28.5750751495361,-17.750732421875,"Unknown"
"5020563",370751,2026-04-27 23:56:44,28.5748710632324,-17.7506351470947,"Unknown"
"5020563",370751,2026-04-27 23:57:44,28.5746669769287,-17.7505531311035,"Unknown"
"5020563",370751,2026-04-27 23:58:44,28.5744285583496,-17.7504787445068,"Unknown"
"5020563",370751,2026-04-27 23:59:44,28.5742321014404,-17.750373840332,"Unknown"
"5020563",370751,2026-04-28 00:00:44,28.5740165710449,-17.7503223419189,"Unknown"
"5020563",370751,2026-04-28 00:01:44,28.5738334655762,-17.7502536773682,"Unknown"
"5020563",370751,2026-04-28 00:02:44,28.5736408233643,-17.7501831054688,"Unknown"
"5020563",370751,2026-04-28 00:03:44,28.5734615325928,-17.7501163482666,"Unknown"
"5020563",370751,2026-04-28 00:04:44,28.5733242034912,-17.7501087188721,"Unknown"
"5020563",370751,2026-04-28 00:05:44,28.5731658935547,-17.7500457763672,"Unknown"
"5020563",370751,2026-04-28 00:06:44,28.5729675292969,-17.7499980926514,"Unknown"
"5020563",370751,2026-04-28 00:07:44,28.5728168487549,-17.7499618530273,"Unknown"
"5020563",370751,2026-04-28 00:08:44,28.5726184844971,-17.7498989105225,"Unknown"
"5020563",370751,2026-04-28 00:09:44,28.572452545166,-17.7498588562012,"Unknown"
"5020563",370751,2026-04-28 00:10:44,28.5723304748535,-17.7498054504395,"Unknown"
"5020563",370751,2026-04-28 00:11:44,28.5721817016602,-17.7497444152832,"Unknown"
"5020563",370751,2026-04-28 00:12:44,28.5720920562744,-17.7497367858887,"Unknown"
"5020563",370751,2026-04-28 00:13:44,28.5719947814941,-17.7497005462646,"Unknown"
"5020563",370751,2026-04-28 00:14:44,28.5719242095947,-17.7496738433838,"Unknown"
"5020563",370751,2026-04-28 00:15:44,28.5717964172363,-17.7496395111084,"Unknown"
"5020563",370751,2026-04-28 00:16:44,28.5717124938965,-17.7495918273926,"Unknown"
"5020563",370751,2026-04-28 00:17:44,28.5715675354004,-17.7494964599609,"Unknown"
"5020563",370751,2026-04-28 00:18:44,28.5714721679688,-17.7494888305664,"Unknown"
"5020563",370751,2026-04-28 00:19:44,28.5713653564453,-17.7494373321533,"Unknown"
"5020563",370751,2026-04-28 00:20:44,28.5712471008301,-17.7493896484375,"Unknown"
"5020563",370751,2026-04-28 00:21:44,28.5711898803711,-17.7493648529053,"Unknown"
"5020563",370751,2026-04-28 00:22:44,28.5710830688477,-17.7492961883545,"Unknown"
"5020563",370751,2026-04-28 00:23:44,28.570972442627,-17.7493133544922,"Unknown"
"5020563",370751,2026-04-28 00:24:44,28.5708637237549,-17.7492733001709,"Unknown"
"5020563",370751,2026-04-28 00:25:44,28.5707111358643,-17.7492523193359,"Unknown"
"5020563",370751,2026-04-28 00:26:44,28.5706233978271,-17.7491588592529,"Unknown"
"5020563",370751,2026-04-28 00:27:44,28.5705165863037,-17.7491436004639,"Unknown"
"5020563",370751,2026-04-28 00:28:44,28.570426940918,-17.7491359710693,"Unknown"
"5020563",370751,2026-04-28 00:29:44,28.5703449249268,-17.7491226196289,"Unknown"
"5020563",370751,2026-04-28 00:30:44,28.5702686309814,-17.7490921020508,"Unknown"
"5020563",370751,2026-04-28 00:31:44,28.5701713562012,-17.7490844726562,"Unknown"
"5020563",370751,2026-04-28 00:32:45,28.5700702667236,-17.7490634918213,"Unknown"
"5020563",370751,2026-04-28 00:33:45,28.5699653625488,-17.7490291595459,"Unknown"
"5020563",370751,2026-04-28 00:34:44,28.5698566436768,-17.7489452362061,"Unknown"
"5020563",370751,2026-04-28 00:35:44,28.5697689056396,-17.7489585876465,"Unknown"
"5020563",370751,2026-04-28 00:36:44,28.5696468353271,-17.7489490509033,"Unknown"
"5020563",370751,2026-04-28 00:37:44,28.5695495605469,-17.7489013671875,"Unknown"
"5020563",370751,2026-04-28 00:38:44,28.5694389343262,-17.748908996582,"Unknown"
"5020563",370751,2026-04-28 00:39:44,28.5693531036377,-17.7489433288574,"Unknown"
"5020563",370751,2026-04-28 00:40:44,28.5692710876465,-17.7489471435547,"Unknown"
"5020563",370751,2026-04-28 00:41:44,28.5691814422607,-17.7489204406738,"Unknown"
"5020563",370751,2026-04-28 00:42:44,28.5690784454346,-17.7489147186279,"Unknown"
"5020563",370751,2026-04-28 00:43:44,28.568977355957,-17.7488670349121,"Unknown"
"5020563",370751,2026-04-28 00:44:45,28.568868637085,-17.7488613128662,"Unknown"
"5020563",370751,2026-04-28 00:45:44,28.5687885284424,-17.7487564086914,"Unknown"
"5020563",370751,2026-04-28 00:46:44,28.568675994873,-17.7487316131592,"Unknown"
"5020563",370751,2026-04-28 00:47:44,28.5685710906982,-17.7487087249756,"Unknown"
"5020563",370751,2026-04-28 00:48:44,28.5684642791748,-17.7486743927002,"Unknown"
"5020563",370751,2026-04-28 00:49:44,28.5683879852295,-17.7486629486084,"Unknown"
"5020563",370751,2026-04-28 00:50:44,28.5682640075684,-17.7486686706543,"Unknown"
"5020563",370751,2026-04-28 00:51:44,28.5681381225586,-17.748628616333,"Unknown"
"5020563",370751,2026-04-28 00:52:44,28.5679931640625,-17.7486095428467,"Unknown"
"5020563",370751,2026-04-28 00:53:44,28.5678825378418,-17.7485504150391,"Unknown"
"5020563",370751,2026-04-28 00:54:45,28.5677089691162,-17.7485065460205,"Unknown"
"5020563",370751,2026-04-28 00:55:45,28.5675868988037,-17.7484683990479,"Unknown"
"5020563",370751,2026-04-28 00:56:47,28.5674571990967,-17.7484588623047,"Unknown"
"5020563",370751,2026-04-28 00:57:45,28.5673217773438,-17.7484493255615,"Unknown"
"5020563",370751,2026-04-28 00:58:47,28.5672054290771,-17.7484664916992,"Unknown"
"5020563",370751,2026-04-28 00:59:45,28.567102432251,-17.7484798431396,"Unknown"
"5020563",370751,2026-04-28 01:00:47,28.5669555664062,-17.7484531402588,"Unknown"
"5020563",370751,2026-04-28 01:01:47,28.5668601989746,-17.748477935791,"Unknown"
"5020563",370751,2026-04-28 01:02:49,28.5667552947998,-17.7484760284424,"Unknown"
"5020563",370751,2026-04-28 01:03:48,28.5666408538818,-17.7484092712402,"Unknown"
"5020563",370751,2026-04-28 01:04:46,28.5665130615234,-17.7483692169189,"Unknown"
"5020563",370751,2026-04-28 01:05:47,28.5663528442383,-17.7483749389648,"Unknown"
"5020563",370751,2026-04-28 01:06:45,28.5665721893311,-17.7486324310303,"Unknown"
"5020563",370751,2026-04-28 01:07:44,28.5658092498779,-17.7514495849609,"Unknown"
"5020563",370751,2026-04-28 01:08:45,28.5687942504883,-17.7503414154053,"Unknown"
"5020563",370751,2026-04-28 01:09:45,28.568603515625,-17.7512321472168,"Unknown"
"5020563",370751,2026-04-28 01:10:45,28.5683517456055,-17.7512645721436,"Unknown"
"5020563",370751,2026-04-28 01:11:45,28.5681133270264,-17.7512989044189,"Unknown"
"5020563",370751,2026-04-28 01:12:44,28.5678272247314,-17.7513275146484,"Unknown"
"5020563",370751,2026-04-28 01:13:45,28.5675506591797,-17.7514095306396,"Unknown"
"5020563",370751,2026-04-28 01:14:46,28.5672645568848,-17.7513980865479,"Unknown"
"5020563",370751,2026-04-28 01:15:45,28.5670318603516,-17.75146484375,"Unknown"
"5020563",370751,2026-04-28 01:16:44,28.5667514801025,-17.7515029907227,"Unknown"
"5020563",370751,2026-04-28 01:17:45,28.5667533874512,-17.7512912750244,"Unknown"
"5020563",370751,2026-04-28 01:18:46,28.5652961730957,-17.7477989196777,"Unknown"
"5020563",370751,2026-04-28 01:19:44,28.5601234436035,-17.7508773803711,"Unknown"
"5020563",370751,2026-04-28 01:20:46,28.5550384521484,-17.7557601928711,"Unknown"
"5020563",370751,2026-04-28 01:21:44,28.5525360107422,-17.7596302032471,"Unknown"
"5020563",370751,2026-04-28 01:22:44,28.5523376464844,-17.7597160339355,"Unknown"
"5020563",370751,2026-04-28 01:32:49,28.5502738952637,-17.7608032226562,"Unknown"
"5020563",370751,2026-04-28 01:33:52,28.5500907897949,-17.7609329223633,"Unknown"
"5020563",370751,2026-04-28 01:44:03,28.5481491088867,-17.7622985839844,"Unknown"
"5020563",370751,2026-04-28 01:53:46,28.5463523864746,-17.7634773254395,"Unknown"
"5020563",370751,2026-04-28 01:54:44,28.5442905426025,-17.7681427001953,"Unknown"
"5020563",370751,2026-04-28 02:04:45,28.5414600372314,-17.7683181762695,"Unknown"
"5020563",370751,2026-04-28 02:05:44,28.54123878479,-17.7684288024902,"Unknown"
"5020563",370751,2026-04-28 02:06:44,28.5410079956055,-17.7685203552246,"Unknown"
"5020563",370751,2026-04-28 02:16:45,28.5430068969727,-17.7615222930908,"Unknown"
"5020563",370751,2026-04-28 02:26:45,28.5424766540527,-17.7646255493164,"Unknown"
"5020563",370751,2026-04-28 02:36:45,28.5406341552734,-17.7662506103516,"Unknown"
"5020563",370751,2026-04-28 02:46:45,28.5389423370361,-17.7679595947266,"Unknown"
"5020563",370751,2026-04-28 02:56:45,28.5371799468994,-17.7692108154297,"Unknown"
"5020563",370751,2026-04-28 02:57:45,28.5369815826416,-17.76930809021,"Unknown"
"5020563",370751,2026-04-28 03:08:03,28.5351390838623,-17.7702732086182,"Unknown"
"5020563",370751,2026-04-28 03:17:44,28.5336112976074,-17.7713737487793,"Unknown"
"5020563",370751,2026-04-28 03:27:44,28.5320625305176,-17.7726211547852,"Unknown"
"5020563",370751,2026-04-28 03:37:46,28.5307483673096,-17.7740917205811,"Unknown"
"5020563",370751,2026-04-28 03:47:45,28.5295333862305,-17.7751197814941,"Unknown"
"5020563",370751,2026-04-28 03:57:45,28.528263092041,-17.7764434814453,"Unknown"
"5020563",370751,2026-04-28 04:07:49,28.5266914367676,-17.777322769165,"Unknown"
"5020563",370751,2026-04-28 04:18:03,28.5251388549805,-17.7784404754639,"Unknown"
"5020563",370751,2026-04-28 04:27:46,28.5235786437988,-17.7792873382568,"Unknown"
"5020563",370751,2026-04-28 04:37:47,28.522066116333,-17.7796611785889,"Unknown"
"5020563",370751,2026-04-28 04:47:46,28.5207405090332,-17.780309677124,"Unknown"
"5020563",370751,2026-04-28 04:57:44,28.5195236206055,-17.7810897827148,"Unknown"
"5020563",370751,2026-04-28 05:07:44,28.5184383392334,-17.7819328308105,"Unknown"
"5020563",370751,2026-04-28 05:17:47,28.5172634124756,-17.7814140319824,"Unknown"
"5020563",370751,2026-04-28 05:27:50,28.5161323547363,-17.7818717956543,"Unknown"
"5020563",370751,2026-04-28 05:37:49,28.5147075653076,-17.7825698852539,"Unknown"
"5020563",370751,2026-04-28 05:48:03,28.513204574585,-17.7835121154785,"Unknown"
"5020563",370751,2026-04-28 05:57:48,28.5115413665771,-17.7834606170654,"Unknown"
"5020563",370751,2026-04-28 06:07:45,28.4782295227051,-17.7411766052246,"Unknown"
"5020563",370751,2026-04-28 06:17:45,28.4367122650146,-17.7007102966309,"Unknown"
"5020563",370751,2026-04-28 06:27:44,28.435998916626,-17.7015724182129,"Unknown"
"5020563",370751,2026-04-28 06:37:46,28.3941097259521,-17.6575222015381,"Unknown"
"5020563",370751,2026-04-28 06:47:46,28.3460369110107,-17.6098365783691,"Unknown"
"5020563",370751,2026-04-28 06:57:45,28.2909698486328,-17.5764427185059,"Unknown"
"5020563",370751,2026-04-28 07:09:09,28.2197608947754,-17.549732208252,"Unknown"
"5020563",370751,2026-04-28 07:19:09,28.164400100708,-17.5320472717285,"Unknown"
"5020563",370751,2026-04-28 07:28:03,28.1720199584961,-17.5248394012451,"Unknown"
"5020563",370751,2026-04-28 07:37:45,28.1797504425049,-17.5097122192383,"Unknown"
"5020563",370751,2026-04-28 07:47:45,28.1887283325195,-17.4967498779297,"Unknown"
"5020563",370751,2026-04-28 07:57:47,28.1956882476807,-17.476598739624,"Unknown"
"5020563",370751,2026-04-28 08:18:02,28.2045879364014,-17.4522380828857,"Unknown"
"5020563",370751,2026-04-28 08:27:46,28.2052249908447,-17.4524593353271,"Unknown"
"5020563",370751,2026-04-28 08:37:46,28.2047653198242,-17.4458103179932,"Unknown"
"5020563",370751,2026-04-28 08:47:48,28.2034530639648,-17.4443531036377,"Unknown"
"5020563",370751,2026-04-28 08:57:46,28.2082996368408,-17.4475841522217,"Unknown"
"5020563",370751,2026-04-28 09:07:48,28.1907024383545,-17.4566688537598,"Unknown"
"5020563",370751,2026-04-28 09:17:47,28.201639175415,-17.4271087646484,"Unknown"
"5020563",370751,2026-04-28 09:22:44,28.2066783905029,-17.4242153167725,"Unknown"
"5020563",370751,2026-04-28 09:32:44,28.2075748443604,-17.4247188568115,"Unknown"
"5020563",370751,2026-04-28 09:42:45,28.2083683013916,-17.4251308441162,"Unknown"
"5020563",370751,2026-04-28 09:47:46,28.2087078094482,-17.4247779846191,"Unknown"
"5020563",370751,2026-04-28 09:57:48,28.2042388916016,-17.4429302215576,"Unknown"
"5020563",370751,2026-04-28 10:02:47,28.2050247192383,-17.4409694671631,"Unknown"
"5020563",370751,2026-04-28 10:07:46,28.2023487091064,-17.4437694549561,"Unknown"
"5020563",370751,2026-04-28 10:12:47,28.1988296508789,-17.4447727203369,"Unknown"
"5020563",370751,2026-04-28 10:22:46,28.1989059448242,-17.4459915161133,"Unknown"
"5020563",370751,2026-04-28 10:28:05,28.2025318145752,-17.4468517303467,"Unknown"
"5020563",370751,2026-04-28 10:32:46,28.2068138122559,-17.4497509002686,"Unknown"
"5020563",370751,2026-04-28 10:37:46,28.2122383117676,-17.4465942382812,"Unknown"
"5020563",370751,2026-04-28 10:48:03,28.2118873596191,-17.4454860687256,"Unknown"
"5020563",370751,2026-04-28 10:52:44,28.2153415679932,-17.4442405700684,"Unknown"
"5020563",370751,2026-04-28 10:57:44,28.2155590057373,-17.4439888000488,"Unknown"
"5020563",370751,2026-04-28 11:02:44,28.2159385681152,-17.4437026977539,"Unknown"
"5020563",370751,2026-04-28 11:07:44,28.2162303924561,-17.4435043334961,"Unknown"
"5020563",370751,2026-04-28 11:12:44,28.2164478302002,-17.4433403015137,"Unknown"
"5020563",370751,2026-04-28 11:17:44,28.2166690826416,-17.4432239532471,"Unknown"
"5020563",370751,2026-04-28 11:22:44,28.2168960571289,-17.4431953430176,"Unknown"
"5020563",370751,2026-04-28 11:27:44,28.2170658111572,-17.4431533813477,"Unknown"
"5020563",370751,2026-04-28 11:32:44,28.217248916626,-17.443021774292,"Unknown"
"5020563",370751,2026-04-28 11:37:44,28.2173862457275,-17.4429683685303,"Unknown"
"5020563",370751,2026-04-28 11:42:44,28.2174263000488,-17.442850112915,"Unknown"
"5020563",370751,2026-04-28 11:47:44,28.2175731658936,-17.442813873291,"Unknown"
"5020563",370751,2026-04-28 11:52:44,28.217845916748,-17.4429454803467,"Unknown"
"5020563",370751,2026-04-28 11:57:44,28.2182178497314,-17.4427051544189,"Unknown"
"5020563",370751,2026-04-28 12:02:44,28.2185020446777,-17.4425220489502,"Unknown"
"5020563",370751,2026-04-28 12:07:45,28.218770980835,-17.4424495697021,"Unknown"
"5020563",370751,2026-04-28 12:12:44,28.2190208435059,-17.4424438476562,"Unknown"
"5020563",370751,2026-04-28 12:17:44,28.2191905975342,-17.442346572876,"Unknown"
"5020563",370751,2026-04-28 12:22:46,28.2192420959473,-17.4422378540039,"Unknown"
"5020563",370751,2026-04-28 12:27:48,28.2193260192871,-17.4422454833984,"Unknown"
"5020563",370751,2026-04-28 12:32:45,28.2194652557373,-17.4421977996826,"Unknown"
"5020563",370751,2026-04-28 12:37:46,28.2194786071777,-17.4420585632324,"Unknown"
"5020563",370751,2026-04-28 12:42:48,28.2195987701416,-17.4419975280762,"Unknown"
"5020563",370751,2026-04-28 12:47:47,28.2196178436279,-17.4418144226074,"Unknown"
"5020563",370751,2026-04-28 12:52:44,28.2195510864258,-17.441722869873,"Unknown"
"5020563",370751,2026-04-28 12:57:47,28.2195339202881,-17.4417304992676,"Unknown"
"5020563",370751,2026-04-28 13:02:46,28.21950340271,-17.4417285919189,"Unknown"
"5020563",370751,2026-04-28 13:07:49,28.2195110321045,-17.4418087005615,"Unknown"
"5020563",370751,2026-04-28 13:12:48,28.2194995880127,-17.4419193267822,"Unknown"
"5020563",370751,2026-04-28 13:17:47,28.2194995880127,-17.4420604705811,"Unknown"
"5020563",370751,2026-04-28 13:22:48,28.2194213867188,-17.4421043395996,"Unknown"
"5020563",370751,2026-04-28 13:29:09,28.2197875976562,-17.4429683685303,"Unknown"
"5020563",370751,2026-04-28 13:43:03,28.2252311706543,-17.3984336853027,"Unknown"
"5020563",370751,2026-04-28 13:47:45,28.2257213592529,-17.3802318572998,"Unknown"
"5020563",370751,2026-04-28 13:52:44,28.223726272583,-17.3514270782471,"Unknown"
"5020563",370751,2026-04-28 13:57:44,28.2383689880371,-17.331859588623,"Unknown"
"5020563",370751,2026-04-28 14:02:46,28.2532081604004,-17.3121604919434,"Unknown"
"5020563",370751,2026-04-28 14:07:44,28.2665119171143,-17.3351936340332,"Unknown"
"5020563",370751,2026-04-28 14:12:46,28.2661228179932,-17.3678550720215,"Unknown"
"5020563",370751,2026-04-28 14:17:44,28.2648105621338,-17.4015846252441,"Unknown"
"5020563",370751,2026-04-28 14:27:44,28.284496307373,-17.4695205688477,"Unknown"
"5020563",370751,2026-04-28 14:32:44,28.2943363189697,-17.5005073547363,"Unknown"
"5020563",370751,2026-04-28 14:37:46,28.2975807189941,-17.5040187835693,"Unknown"
"5020563",370751,2026-04-28 14:42:44,28.3002891540527,-17.515266418457,"Unknown"
"5020563",370751,2026-04-28 14:47:44,28.3038291931152,-17.5497817993164,"Unknown"
"5020563",370751,2026-04-28 14:52:44,28.3143501281738,-17.5561695098877,"Unknown"
"5020563",370751,2026-04-28 14:57:46,28.3159217834473,-17.567907333374,"Unknown"
"5020563",370751,2026-04-28 15:02:46,28.3318271636963,-17.5877017974854,"Unknown"
"5020563",370751,2026-04-28 15:07:44,28.3514919281006,-17.5992126464844,"Unknown"
"5020563",370751,2026-04-28 15:12:44,28.3603324890137,-17.6057624816895,"Unknown"
"5020563",370751,2026-04-28 15:17:46,28.3697071075439,-17.6183261871338,"Unknown"
"5020563",370751,2026-04-28 15:22:44,28.3734855651855,-17.645320892334,"Unknown"
"5020563",370751,2026-04-28 15:27:47,28.3698272705078,-17.6577796936035,"Unknown"
"5020563",370751,2026-04-28 15:32:48,28.3696556091309,-17.6681842803955,"Unknown"
"5020563",370751,2026-04-28 15:38:03,28.3705558776855,-17.6750164031982,"Unknown"
"5020563",370751,2026-04-28 15:42:46,28.3699817657471,-17.6764621734619,"Unknown"
"5020563",370751,2026-04-28 15:47:45,28.3788452148438,-17.6721591949463,"Unknown"
"5020563",370751,2026-04-28 15:52:45,28.3818664550781,-17.673978805542,"Unknown"
"5020563",370751,2026-04-28 15:57:45,28.3817310333252,-17.6747455596924,"Unknown"
"5020563",370751,2026-04-28 16:02:46,28.3850688934326,-17.6724071502686,"Unknown"
"5020563",370751,2026-04-28 16:07:46,28.3878936767578,-17.67063331604,"Unknown"
"5020563",370751,2026-04-28 16:12:46,28.3858947753906,-17.6692962646484,"Unknown"
"5020563",370751,2026-04-28 16:17:45,28.3857116699219,-17.6729488372803,"Unknown"
"5020563",370751,2026-04-28 16:22:45,28.3848285675049,-17.6760749816895,"Unknown"
"5020563",370751,2026-04-28 16:27:46,28.3855838775635,-17.6791934967041,"Unknown"
"5020563",370751,2026-04-28 16:32:46,28.3886375427246,-17.6800746917725,"Unknown"
"5020563",370751,2026-04-28 16:37:45,28.3912143707275,-17.6813163757324,"Unknown"
"5020563",370751,2026-04-28 16:42:45,28.393726348877,-17.6778793334961,"Unknown"
"5020563",370751,2026-04-28 16:47:45,28.3968162536621,-17.6767730712891,"Unknown"
"5020563",370751,2026-04-28 16:52:46,28.3962707519531,-17.6743412017822,"Unknown"
"5020563",370751,2026-04-28 16:57:46,28.4010124206543,-17.6799545288086,"Unknown"
"5020563",370751,2026-04-28 17:02:46,28.4021339416504,-17.6797256469727,"Unknown"
"5020563",370751,2026-04-28 17:07:45,28.3955211639404,-17.6862258911133,"Unknown"
"5020563",370751,2026-04-28 17:12:45,28.3973121643066,-17.687952041626,"Unknown"
"5020563",370751,2026-04-28 17:17:46,28.4005317687988,-17.6892032623291,"Unknown"
"5020563",370751,2026-04-28 17:22:45,28.4008007049561,-17.6897315979004,"Unknown"
"5020563",370751,2026-04-28 17:27:49,28.4018878936768,-17.6862316131592,"Unknown"
"5020563",370751,2026-04-28 17:32:46,28.3984680175781,-17.6843433380127,"Unknown"
"5020563",370751,2026-04-28 17:37:47,28.4033966064453,-17.6902179718018,"Unknown"
"5020563",370751,2026-04-28 17:43:17,28.4064655303955,-17.6936416625977,"Unknown"
"5020563",370751,2026-04-28 17:47:45,28.4080390930176,-17.6935691833496,"Unknown"
"5020563",370751,2026-04-28 17:52:45,28.4121398925781,-17.7010669708252,"Unknown"
"5020563",370751,2026-04-28 17:57:45,28.4119472503662,-17.6975517272949,"Unknown"
"5020563",370751,2026-04-28 18:02:45,28.4111442565918,-17.6967658996582,"Unknown"
"5020563",370751,2026-04-28 18:07:46,28.4099731445312,-17.7019920349121,"Unknown"
"5020563",370751,2026-04-28 18:12:45,28.4083786010742,-17.7059879302979,"Unknown"
"5020563",370751,2026-04-28 18:17:45,28.4043788909912,-17.7127227783203,"Unknown"
"5020563",370751,2026-04-28 18:22:45,28.404275894165,-17.7204723358154,"Unknown"
"5020563",370751,2026-04-28 18:27:45,28.4048156738281,-17.7229232788086,"Unknown"
"5020563",370751,2026-04-28 18:32:47,28.3989772796631,-17.7299365997314,"Unknown"
"5020563",370751,2026-04-28 18:37:45,28.3953666687012,-17.7372646331787,"Unknown"
"5020563",370751,2026-04-28 18:42:47,28.3875045776367,-17.7366847991943,"Unknown"
"5020563",370751,2026-04-28 18:47:49,28.3916301727295,-17.7339687347412,"Unknown"
"5020563",370751,2026-04-28 18:53:03,28.3932666778564,-17.7317008972168,"Unknown"
"5020563",370751,2026-04-28 18:57:45,28.3960304260254,-17.7259902954102,"Unknown"
"5020563",370751,2026-04-28 19:02:45,28.3987789154053,-17.7274799346924,"Unknown"
"5020563",370751,2026-04-28 19:07:45,28.422945022583,-17.7348041534424,"Unknown"
"5020563",370751,2026-04-28 19:12:45,28.4486351013184,-17.744140625,"Unknown"
"5020563",370751,2026-04-28 19:17:46,28.4739837646484,-17.7573127746582,"Unknown"
"5020563",370751,2026-04-28 19:18:45,28.4788589477539,-17.7577590942383,"Unknown"
"5020563",370751,2026-04-28 19:19:45,28.4840221405029,-17.7586650848389,"Unknown"
"5020563",370751,2026-04-28 19:20:45,28.4889984130859,-17.7604465484619,"Unknown"
"5020563",370751,2026-04-28 19:21:45,28.4942855834961,-17.7612209320068,"Unknown"
"5020563",370751,2026-04-28 19:22:45,28.4996490478516,-17.7630214691162,"Unknown"
"5020563",370751,2026-04-28 19:23:45,28.5048866271973,-17.7644195556641,"Unknown"
"5020563",370751,2026-04-28 19:24:45,28.5100193023682,-17.7661571502686,"Unknown"
"5020563",370751,2026-04-28 19:25:45,28.5150680541992,-17.7671184539795,"Unknown"
"5020563",370751,2026-04-28 19:26:45,28.5198040008545,-17.7670364379883,"Unknown"
"5020563",370751,2026-04-28 19:27:45,28.5249767303467,-17.7672786712646,"Unknown"
"5020563",370751,2026-04-28 19:28:45,28.5304527282715,-17.7662353515625,"Unknown"
"5020563",370751,2026-04-28 19:29:45,28.5358619689941,-17.7646903991699,"Unknown"
"5020563",370751,2026-04-28 19:30:45,28.5413360595703,-17.7625675201416,"Unknown"
"5020563",370751,2026-04-28 19:31:45,28.5467529296875,-17.7605628967285,"Unknown"
"5020563",370751,2026-04-28 19:32:45,28.5523223876953,-17.7592372894287,"Unknown"
"5020563",370751,2026-04-28 19:33:45,28.557653427124,-17.7577571868896,"Unknown"
"5020563",370751,2026-04-28 19:34:45,28.5628719329834,-17.7551879882812,"Unknown"
"5020563",370751,2026-04-28 19:35:45,28.5682716369629,-17.7533874511719,"Unknown"
"5020563",370751,2026-04-28 19:36:45,28.573657989502,-17.7506408691406,"Unknown"
"5020563",370751,2026-04-28 19:37:45,28.5791053771973,-17.748046875,"Unknown"
"5020563",370751,2026-04-28 19:38:45,28.5848922729492,-17.746618270874,"Unknown"
"5020563",370751,2026-04-28 19:39:45,28.590461730957,-17.7446708679199,"Unknown"
"5020563",370751,2026-04-28 19:40:45,28.5961360931396,-17.7427558898926,"Unknown"
"5020563",370751,2026-04-28 19:41:45,28.6018943786621,-17.7412490844727,"Unknown"
"5020563",370751,2026-04-28 19:42:45,28.607536315918,-17.7402000427246,"Unknown"
"5020563",370751,2026-04-28 19:43:45,28.6131839752197,-17.7404308319092,"Unknown"
"5020563",370751,2026-04-28 19:44:45,28.6188812255859,-17.7406444549561,"Unknown"
"5020563",370751,2026-04-28 19:45:45,28.6242580413818,-17.739595413208,"Unknown"
"5020563",370751,2026-04-28 19:46:45,28.6297760009766,-17.7393035888672,"Unknown"
"5020563",370751,2026-04-28 19:47:45,28.6352729797363,-17.7384281158447,"Unknown"
"5020563",370751,2026-04-28 19:48:45,28.6405925750732,-17.7384796142578,"Unknown"
"5020563",370751,2026-04-28 19:49:45,28.6458034515381,-17.7372398376465,"Unknown"
"5020563",370751,2026-04-28 19:50:45,28.6507606506348,-17.7356643676758,"Unknown"
"5020563",370751,2026-04-28 19:51:45,28.655740737915,-17.7349605560303,"Unknown"
"5020563",370751,2026-04-28 19:52:45,28.6607055664062,-17.7357349395752,"Unknown"
"5020563",370751,2026-04-28 19:53:45,28.6656322479248,-17.7348575592041,"Unknown"
"5020563",370751,2026-04-28 19:54:45,28.669994354248,-17.7350826263428,"Unknown"
"5020563",370751,2026-04-28 19:55:45,28.6735610961914,-17.7354354858398,"Unknown"
"5020563",370751,2026-04-28 19:56:45,28.6778755187988,-17.7369403839111,"Unknown"
"5020563",370751,2026-04-28 19:57:45,28.6822052001953,-17.7374858856201,"Unknown"
"5020563",370751,2026-04-28 19:58:45,28.6864833831787,-17.7387809753418,"Unknown"
"5020563",370751,2026-04-28 19:59:45,28.691011428833,-17.7405967712402,"Unknown"
"5020563",370751,2026-04-28 20:00:45,28.6953449249268,-17.7409572601318,"Unknown"
"5020563",370751,2026-04-28 20:01:46,28.6997146606445,-17.7402896881104,"Unknown"
"5020563",370751,2026-04-28 20:02:45,28.7044658660889,-17.7387142181396,"Unknown"
"5020563",370751,2026-04-28 20:03:45,28.708740234375,-17.7366275787354,"Unknown"
"5020563",370751,2026-04-28 20:04:46,28.712739944458,-17.731819152832,"Unknown"
"5020563",370751,2026-04-28 20:05:45,28.7178401947021,-17.7288722991943,"Unknown"
"5020563",370751,2026-04-28 20:06:45,28.7230129241943,-17.7258186340332,"Unknown"
"5020563",370751,2026-04-28 20:07:45,28.7283172607422,-17.7232608795166,"Unknown"
"5020563",370751,2026-04-28 20:08:46,28.7339000701904,-17.7207374572754,"Unknown"
"5020563",370751,2026-04-28 20:13:45,28.7571907043457,-17.7256126403809,"Unknown"
"5020563",370751,2026-04-28 20:18:45,28.7784404754639,-17.7390632629395,"Unknown"
"5020563",370751,2026-04-28 20:19:45,28.7830753326416,-17.7409515380859,"Unknown"
"5020563",370751,2026-04-28 20:20:45,28.7886753082275,-17.7415752410889,"Unknown"
"5020563",370751,2026-04-28 20:21:45,28.7934684753418,-17.7437973022461,"Unknown"
"5020563",370751,2026-04-28 20:22:45,28.794921875,-17.7447319030762,"Unknown"
"5020563",370751,2026-04-28 20:23:45,28.7948703765869,-17.7447185516357,"Unknown"
"5020563",370751,2026-04-28 20:24:47,28.7948722839355,-17.7446937561035,"Unknown"
"5020563",370751,2026-04-28 20:25:46,28.7948837280273,-17.7446556091309,"Unknown"
"5020563",370751,2026-04-28 20:27:03,28.7948818206787,-17.7446460723877,"Unknown"
"5020563",370751,2026-04-28 20:27:45,28.7948894500732,-17.74462890625,"Unknown"
"5020563",370751,2026-04-28 20:28:45,28.7949047088623,-17.7445888519287,"Unknown"
"5020563",370751,2026-04-28 20:29:45,28.7949352264404,-17.7445487976074,"Unknown"
"5020563",370751,2026-04-28 20:30:45,28.7949390411377,-17.7445182800293,"Unknown"
"5020563",370751,2026-04-28 20:31:46,28.7948951721191,-17.7444953918457,"Unknown"
"5020563",370751,2026-04-28 20:32:46,28.7948513031006,-17.7445220947266,"Unknown"
"5020563",370751,2026-04-28 20:33:46,28.7948150634766,-17.7445240020752,"Unknown"
"5020563",370751,2026-04-28 20:34:45,28.7947845458984,-17.7445259094238,"Unknown"
"5020563",370751,2026-04-28 20:35:47,28.7947750091553,-17.7444877624512,"Unknown"
"5020563",370751,2026-04-28 20:36:45,28.7947044372559,-17.7445011138916,"Unknown"
"5020563",370751,2026-04-28 20:37:45,28.7946243286133,-17.7445755004883,"Unknown"
"5020563",370751,2026-04-28 20:38:46,28.7946071624756,-17.7446308135986,"Unknown"
"5020563",370751,2026-04-28 20:39:45,28.7945594787598,-17.7446136474609,"Unknown"
"5020563",370751,2026-04-28 20:40:45,28.7945232391357,-17.7446365356445,"Unknown"
"5020563",370751,2026-04-28 20:41:45,28.7944965362549,-17.7445640563965,"Unknown"
"5020563",370751,2026-04-28 20:42:45,28.7944259643555,-17.7445640563965,"Unknown"
"5020563",370751,2026-04-28 20:43:47,28.7943687438965,-17.7444953918457,"Unknown"
"5020563",370751,2026-04-28 20:44:46,28.7943286895752,-17.7444839477539,"Unknown"
"5020563",370751,2026-04-28 20:45:46,28.7943115234375,-17.744499206543,"Unknown"
"5020563",370751,2026-04-28 20:46:45,28.7942638397217,-17.7444610595703,"Unknown"
"5020563",370751,2026-04-28 20:47:45,28.7942714691162,-17.7444705963135,"Unknown"
"5020563",370751,2026-04-28 20:48:45,28.7942733764648,-17.7444972991943,"Unknown"
"5020563",370751,2026-04-28 20:49:45,28.7942333221436,-17.744478225708,"Unknown"
"5020563",370751,2026-04-28 20:50:45,28.7942199707031,-17.7444343566895,"Unknown"
"5020563",370751,2026-04-28 20:51:45,28.7941970825195,-17.7444343566895,"Unknown"
"5020563",370751,2026-04-28 20:52:45,28.7941799163818,-17.7444343566895,"Unknown"
"5020563",370751,2026-04-28 20:53:45,28.7941741943359,-17.7444305419922,"Unknown"
"5020563",370751,2026-04-28 20:54:45,28.7941818237305,-17.7444076538086,"Unknown"
"5020563",370751,2026-04-28 20:55:45,28.7941951751709,-17.7444114685059,"Unknown"
"5020563",370751,2026-04-28 20:56:46,28.7942295074463,-17.7444515228271,"Unknown"
"5020563",370751,2026-04-28 20:57:45,28.7942638397217,-17.7444324493408,"Unknown"
"5020563",370751,2026-04-28 20:58:47,28.7943344116211,-17.7444381713867,"Unknown"
"5020563",370751,2026-04-28 20:59:47,28.7943592071533,-17.7444400787354,"Unknown"
"5020563",370751,2026-04-28 21:01:03,28.7944030761719,-17.7444400787354,"Unknown"
"5020563",370751,2026-04-28 21:01:45,28.7944355010986,-17.7444477081299,"Unknown"
"5020563",370751,2026-04-28 21:02:45,28.7944431304932,-17.7444705963135,"Unknown"
"5020563",370751,2026-04-28 21:03:45,28.7944374084473,-17.7444725036621,"Unknown"
"5020563",370751,2026-04-28 21:04:45,28.7944107055664,-17.744441986084,"Unknown"
"5020563",370751,2026-04-28 21:05:45,28.7943935394287,-17.7444324493408,"Unknown"
"5020563",370751,2026-04-28 21:06:45,28.7943935394287,-17.7444248199463,"Unknown"
"5020563",370751,2026-04-28 21:07:45,28.7944355010986,-17.7443904876709,"Unknown"
"5020563",370751,2026-04-28 21:08:45,28.7944526672363,-17.74436378479,"Unknown"
"5020563",370751,2026-04-28 21:09:45,28.7944469451904,-17.7443618774414,"Unknown"
"5020563",370751,2026-04-28 21:10:45,28.7944068908691,-17.7443084716797,"Unknown"
"5020563",370751,2026-04-28 21:11:45,28.7943305969238,-17.7442779541016,"Unknown"
"5020563",370751,2026-04-28 21:12:45,28.7942676544189,-17.7442302703857,"Unknown"
"5020563",370751,2026-04-28 21:13:45,28.7958011627197,-17.7480220794678,"Unknown"
"5020563",370751,2026-04-28 21:14:45,28.8006610870361,-17.7499561309814,"Unknown"
"5020563",370751,2026-04-28 21:15:45,28.8065986633301,-17.7517547607422,"Unknown"
"5020563",370751,2026-04-28 21:16:45,28.812707901001,-17.7531051635742,"Unknown"
"5020563",370751,2026-04-28 21:17:45,28.8194255828857,-17.7537784576416,"Unknown"
"5020563",370751,2026-04-28 21:18:45,28.8218116760254,-17.7564735412598,"Unknown"
"5020563",370751,2026-04-28 21:19:45,28.8218040466309,-17.7564525604248,"Unknown"
"5020563",370751,2026-04-28 21:20:45,28.821813583374,-17.7564678192139,"Unknown"
"5020563",370751,2026-04-28 21:21:45,28.8218231201172,-17.7564430236816,"Unknown"
"5020563",370751,2026-04-28 21:22:45,28.8218307495117,-17.7564220428467,"Unknown"
"5020563",370751,2026-04-28 21:23:45,28.8218269348145,-17.7563991546631,"Unknown"
"5020563",370751,2026-04-28 21:24:46,28.8218517303467,-17.7562637329102,"Unknown"
"5020563",370751,2026-04-28 21:25:45,28.8218688964844,-17.7562274932861,"Unknown"
"5020563",370751,2026-04-28 21:26:45,28.8218975067139,-17.7562313079834,"Unknown"
"5020563",370751,2026-04-28 21:27:45,28.8219165802002,-17.756196975708,"Unknown"
"5020563",370751,2026-04-28 21:28:45,28.8219661712646,-17.7561664581299,"Unknown"
"5020563",370751,2026-04-28 21:29:45,28.8219432830811,-17.7561149597168,"Unknown"
"5020563",370751,2026-04-28 21:30:45,28.821964263916,-17.7560844421387,"Unknown"
"5020563",370751,2026-04-28 21:31:45,28.8219738006592,-17.7560367584229,"Unknown"
"5020563",370751,2026-04-28 21:32:46,28.8219928741455,-17.7559700012207,"Unknown"
"5020563",370751,2026-04-28 21:33:45,28.8220462799072,-17.7559051513672,"Unknown"
"5020563",370751,2026-04-28 21:34:45,28.8221473693848,-17.7558631896973,"Unknown"
"5020563",370751,2026-04-28 21:35:45,28.8222332000732,-17.7558422088623,"Unknown"
"5020563",370751,2026-04-28 21:36:45,28.8223438262939,-17.7558174133301,"Unknown"
"5020563",370751,2026-04-28 21:37:45,28.8223743438721,-17.7558135986328,"Unknown"
"5020563",370751,2026-04-28 21:38:45,28.822437286377,-17.7558422088623,"Unknown"
"5020563",370751,2026-04-28 21:39:45,28.8224945068359,-17.7558841705322,"Unknown"
"5020563",370751,2026-04-28 21:40:45,28.8225326538086,-17.7558937072754,"Unknown"
"5020563",370751,2026-04-28 21:41:45,28.8225536346436,-17.7559204101562,"Unknown"
"5020563",370751,2026-04-28 21:42:45,28.8225765228271,-17.7559547424316,"Unknown"
"5020563",370751,2026-04-28 21:43:45,28.8226108551025,-17.7559509277344,"Unknown"
"5020563",370751,2026-04-28 21:44:45,28.8226528167725,-17.7559566497803,"Unknown"
"5020563",370751,2026-04-28 21:45:46,28.8226909637451,-17.7559871673584,"Unknown"
"5020563",370751,2026-04-28 21:46:45,28.8227310180664,-17.7558879852295,"Unknown"
"5020563",370751,2026-04-28 21:47:45,28.8227558135986,-17.7559108734131,"Unknown"
"5020563",370751,2026-04-28 21:48:45,28.822774887085,-17.7559051513672,"Unknown"
"5020563",370751,2026-04-28 21:49:45,28.8227672576904,-17.7558879852295,"Unknown"
"5020563",370751,2026-04-28 21:50:45,28.8228492736816,-17.7558860778809,"Unknown"
"5020563",370751,2026-04-28 21:51:46,28.8229122161865,-17.7558746337891,"Unknown"
"5020563",370751,2026-04-28 21:52:45,28.8229656219482,-17.7558841705322,"Unknown"
"5020563",370751,2026-04-28 21:53:45,28.8229904174805,-17.7558555603027,"Unknown"
"5020563",370751,2026-04-28 21:54:45,28.8230628967285,-17.7558517456055,"Unknown"
"5020563",370751,2026-04-28 21:55:47,28.8231334686279,-17.7558650970459,"Unknown"
"5020563",370751,2026-04-28 21:56:45,28.8232040405273,-17.7558326721191,"Unknown"
"5020563",370751,2026-04-28 21:57:45,28.823278427124,-17.7557792663574,"Unknown"
"5020563",370751,2026-04-28 21:58:45,28.8233280181885,-17.7557468414307,"Unknown"
"5020563",370751,2026-04-28 21:59:45,28.8234062194824,-17.7556934356689,"Unknown"
"5020563",370751,2026-04-28 22:00:45,28.8234539031982,-17.7556838989258,"Unknown"
"5020563",370751,2026-04-28 22:01:45,28.8235187530518,-17.7556934356689,"Unknown"
"5020563",370751,2026-04-28 22:02:47,28.8235511779785,-17.7557010650635,"Unknown"
"5020563",370751,2026-04-28 22:03:45,28.8236293792725,-17.7557487487793,"Unknown"
"5020563",370751,2026-04-28 22:04:45,28.8237018585205,-17.7557487487793,"Unknown"
"5020563",370751,2026-04-28 22:05:45,28.8237533569336,-17.7557487487793,"Unknown"
"5020563",370751,2026-04-28 22:06:45,28.8238105773926,-17.7557640075684,"Unknown"
"5020563",370751,2026-04-28 22:07:47,28.8238868713379,-17.7557201385498,"Unknown"
"5020563",370751,2026-04-28 22:08:45,28.8239345550537,-17.7557239532471,"Unknown"
"5020563",370751,2026-04-28 22:09:45,28.8240184783936,-17.7557373046875,"Unknown"
"5020563",370751,2026-04-28 22:10:45,28.8240604400635,-17.7557239532471,"Unknown"
"5020563",370751,2026-04-28 22:11:46,28.8240909576416,-17.7557315826416,"Unknown"
"5020563",370751,2026-04-28 22:12:45,28.8241481781006,-17.7557525634766,"Unknown"
"5020563",370751,2026-04-28 22:13:45,28.8241653442383,-17.7557430267334,"Unknown"
"5020563",370751,2026-04-28 22:14:45,28.8242321014404,-17.755744934082,"Unknown"
"5020563",370751,2026-04-28 22:15:45,28.8242931365967,-17.755729675293,"Unknown"
"5020563",370751,2026-04-28 22:16:46,28.8243389129639,-17.7556533813477,"Unknown"
"5020563",370751,2026-04-28 22:17:45,28.8243217468262,-17.7555160522461,"Unknown"
"5020563",370751,2026-04-28 22:18:45,28.8243179321289,-17.7555332183838,"Unknown"
"5020563",370751,2026-04-28 22:19:47,28.8243370056152,-17.7555065155029,"Unknown"
"5020563",370751,2026-04-28 22:20:45,28.8243389129639,-17.7554969787598,"Unknown"
"5020563",370751,2026-04-28 22:21:45,28.8243675231934,-17.7554969787598,"Unknown"
"5020563",370751,2026-04-28 22:22:45,28.8243675231934,-17.7554416656494,"Unknown"
"5020563",370751,2026-04-28 22:23:45,28.8243808746338,-17.7553691864014,"Unknown"
"5020563",370751,2026-04-28 22:24:45,28.8243751525879,-17.7553195953369,"Unknown"
"5020563",370751,2026-04-28 22:25:47,28.8244762420654,-17.7552528381348,"Unknown"
"5020563",370751,2026-04-28 22:26:45,28.8245754241943,-17.7552146911621,"Unknown"
"5020563",370751,2026-04-28 22:27:45,28.8246116638184,-17.7551937103271,"Unknown"
"5020563",370751,2026-04-28 22:28:45,28.8246574401855,-17.7551345825195,"Unknown"
"5020563",370751,2026-04-28 22:29:45,28.8246536254883,-17.755126953125,"Unknown"
"5020563",370751,2026-04-28 22:30:45,28.8246822357178,-17.7551136016846,"Unknown"
"5020563",370751,2026-04-28 22:31:45,28.8247680664062,-17.755054473877,"Unknown"
"5020563",370751,2026-04-28 22:32:45,28.8247947692871,-17.7550106048584,"Unknown"
"5020563",370751,2026-04-28 22:33:45,28.8248558044434,-17.754997253418,"Unknown"
"5020563",370751,2026-04-28 22:34:45,28.8248920440674,-17.7549686431885,"Unknown"
"5020563",370751,2026-04-28 22:35:45,28.8249053955078,-17.7549381256104,"Unknown"
"5020563",370751,2026-04-28 22:36:45,28.8249187469482,-17.7549228668213,"Unknown"
"5020563",370751,2026-04-28 22:37:45,28.8249206542969,-17.7548809051514,"Unknown"
"5020563",370751,2026-04-28 22:38:45,28.824914932251,-17.7548942565918,"Unknown"
"5020563",370751,2026-04-28 22:39:45,28.8249359130859,-17.7548389434814,"Unknown"
"5020563",370751,2026-04-28 22:40:46,28.8249130249023,-17.7548313140869,"Unknown"
"5020563",370751,2026-04-28 22:41:45,28.8249435424805,-17.7547969818115,"Unknown"
"5020563",370751,2026-04-28 22:42:45,28.8249797821045,-17.7547435760498,"Unknown"
"5020563",370751,2026-04-28 22:43:45,28.8249759674072,-17.7547130584717,"Unknown"
"5020563",370751,2026-04-28 22:44:45,28.8249702453613,-17.7546463012695,"Unknown"
"5020563",370751,2026-04-28 22:45:45,28.8249702453613,-17.7546348571777,"Unknown"
"5020563",370751,2026-04-28 22:46:45,28.825023651123,-17.7546234130859,"Unknown"
"5020563",370751,2026-04-28 22:47:45,28.8251304626465,-17.7545909881592,"Unknown"
"5020563",370751,2026-04-28 22:48:45,28.8251972198486,-17.7545642852783,"Unknown"
"5020563",370751,2026-04-28 22:49:47,28.8252639770508,-17.7545280456543,"Unknown"
"5020563",370751,2026-04-28 22:50:45,28.825325012207,-17.7544918060303,"Unknown"
"5020563",370751,2026-04-28 22:51:45,28.8253231048584,-17.7544860839844,"Unknown"
"5020563",370751,2026-04-28 22:52:45,28.8253803253174,-17.7544765472412,"Unknown"
"5020563",370751,2026-04-28 22:53:45,28.8254165649414,-17.7545127868652,"Unknown"
"5020563",370751,2026-04-28 22:54:45,28.8254547119141,-17.7544460296631,"Unknown"
"5020563",370751,2026-04-28 22:55:45,28.8254680633545,-17.7543964385986,"Unknown"
"5020563",370751,2026-04-28 22:56:45,28.825511932373,-17.7543430328369,"Unknown"
"5020563",370751,2026-04-28 22:57:45,28.8255252838135,-17.7542991638184,"Unknown"
"5020563",370751,2026-04-28 22:58:45,28.8255596160889,-17.7542457580566,"Unknown"
"5020563",370751,2026-04-28 22:59:45,28.8256206512451,-17.7542457580566,"Unknown"
"5020563",370751,2026-04-28 23:00:45,28.8257007598877,-17.7542209625244,"Unknown"
"5020563",370751,2026-04-28 23:01:45,28.8257713317871,-17.7541809082031,"Unknown"
"5020563",370751,2026-04-28 23:02:46,28.825891494751,-17.7541027069092,"Unknown"
"5020563",370751,2026-04-28 23:03:45,28.8258838653564,-17.754186630249,"Unknown"
"5020563",370751,2026-04-28 23:04:47,28.8259582519531,-17.7541465759277,"Unknown"
"5020563",370751,2026-04-28 23:05:45,28.8260345458984,-17.7541370391846,"Unknown"
"5020563",370751,2026-04-28 23:06:47,28.8261413574219,-17.7541103363037,"Unknown"
"5020563",370751,2026-04-28 23:07:45,28.8262176513672,-17.7541046142578,"Unknown"
"5020563",370751,2026-04-28 23:08:47,28.8262748718262,-17.7540912628174,"Unknown"
"5020563",370751,2026-04-28 23:09:46,28.8263282775879,-17.7540912628174,"Unknown"
"5020563",370751,2026-04-28 23:10:47,28.8264045715332,-17.7540512084961,"Unknown"
"5020563",370751,2026-04-28 23:11:45,28.8264999389648,-17.7540321350098,"Unknown"
"5020563",370751,2026-04-28 23:12:45,28.8265552520752,-17.7539920806885,"Unknown"
"5020563",370751,2026-04-28 23:13:46,28.8266296386719,-17.7539920806885,"Unknown"
"5020563",370751,2026-04-28 23:14:47,28.8266830444336,-17.7539653778076,"Unknown"
"5020563",370751,2026-04-28 23:15:48,28.8267612457275,-17.7539501190186,"Unknown"
"5020563",370751,2026-04-28 23:16:47,28.8268280029297,-17.753927230835,"Unknown"
"5020563",370751,2026-04-28 23:18:03,28.8268718719482,-17.753849029541,"Unknown"
"5020563",370751,2026-04-28 23:18:45,28.8263874053955,-17.7541351318359,"Unknown"
"5020563",370751,2026-04-28 23:19:45,28.8263664245605,-17.7541370391846,"Unknown"
"5020563",370751,2026-04-28 23:20:45,28.8263511657715,-17.7541236877441,"Unknown"
"5020563",370751,2026-04-28 23:21:45,28.8263511657715,-17.7540607452393,"Unknown"
"5020563",370751,2026-04-28 23:22:45,28.8263092041016,-17.7539730072021,"Unknown"
"5020563",370751,2026-04-28 23:23:45,28.8262042999268,-17.7539710998535,"Unknown"
"5020563",370751,2026-04-28 23:24:46,28.8260822296143,-17.7539825439453,"Unknown"
"5020563",370751,2026-04-28 23:25:45,28.8261032104492,-17.7540073394775,"Unknown"
"5020563",370751,2026-04-28 23:26:45,28.826114654541,-17.7540187835693,"Unknown"
"5020563",370751,2026-04-28 23:27:45,28.8261547088623,-17.7540302276611,"Unknown"
"5020563",370751,2026-04-28 23:28:45,28.8262042999268,-17.7540626525879,"Unknown"
"5020563",370751,2026-04-28 23:29:45,28.8262119293213,-17.7540531158447,"Unknown"
"5020563",370751,2026-04-28 23:30:45,28.8262825012207,-17.7541007995605,"Unknown"
"5020563",370751,2026-04-28 23:31:45,28.8263092041016,-17.7540988922119,"Unknown"
"5020563",370751,2026-04-28 23:32:45,28.8263664245605,-17.7541542053223,"Unknown"
"5020563",370751,2026-04-28 23:33:45,28.8264694213867,-17.7542095184326,"Unknown"
"5020563",370751,2026-04-28 23:34:45,28.8265838623047,-17.7542457580566,"Unknown"
"5020563",370751,2026-04-28 23:35:45,28.8266639709473,-17.7542705535889,"Unknown"
"5020563",370751,2026-04-28 23:36:45,28.8267116546631,-17.7542953491211,"Unknown"
"5020563",370751,2026-04-28 23:37:45,28.8268165588379,-17.7543354034424,"Unknown"
"5020563",370751,2026-04-28 23:38:45,28.8269424438477,-17.7542972564697,"Unknown"
"5020563",370751,2026-04-28 23:39:45,28.8269958496094,-17.7543067932129,"Unknown"
"5020563",370751,2026-04-28 23:40:45,28.8271179199219,-17.7543201446533,"Unknown"
"5020563",370751,2026-04-28 23:41:47,28.8271770477295,-17.7543430328369,"Unknown"
"5020563",370751,2026-04-28 23:42:47,28.8272686004639,-17.7543354034424,"Unknown"
"5020563",370751,2026-04-28 23:43:45,28.8273773193359,-17.7543239593506,"Unknown"
"5020563",370751,2026-04-28 23:44:45,28.827465057373,-17.7543182373047,"Unknown"
"5020563",370751,2026-04-28 23:45:45,28.8275203704834,-17.7543048858643,"Unknown"
"5020563",370751,2026-04-28 23:46:45,28.8276023864746,-17.7542819976807,"Unknown"
"5020563",370751,2026-04-28 23:47:45,28.8276844024658,-17.7543125152588,"Unknown"
"5020563",370751,2026-04-28 23:48:45,28.8277893066406,-17.7543411254883,"Unknown"
"5020563",370751,2026-04-28 23:49:45,28.8278713226318,-17.7544002532959,"Unknown"
"5020563",370751,2026-04-28 23:50:45,28.8279323577881,-17.7543983459473,"Unknown"
"5020563",370751,2026-04-28 23:51:45,28.8279781341553,-17.7544479370117,"Unknown"
"5020563",370751,2026-04-28 23:52:45,28.8280792236328,-17.7544384002686,"Unknown"
"5020563",370751,2026-04-28 23:53:45,28.8281574249268,-17.7544403076172,"Unknown"
"5020563",370751,2026-04-28 23:54:45,28.8282413482666,-17.7544631958008,"Unknown"
"5020563",370751,2026-04-28 23:55:45,28.8283252716064,-17.7544746398926,"Unknown"
"5020563",370751,2026-04-28 23:56:45,28.8284072875977,-17.7545051574707,"Unknown"
"5020563",370751,2026-04-28 23:57:45,28.8285102844238,-17.7545261383057,"Unknown"
"5020563",370751,2026-04-28 23:58:45,28.8285999298096,-17.7545433044434,"Unknown"
"5020563",370751,2026-04-28 23:59:45,28.8286819458008,-17.7545852661133,"Unknown"
"5020563",370751,2026-04-29 00:00:45,28.828763961792,-17.7546005249023,"Unknown"
"5020563",370751,2026-04-29 00:01:45,28.8288612365723,-17.7546119689941,"Unknown"
"5020563",370751,2026-04-29 00:02:45,28.8289279937744,-17.7545318603516,"Unknown"
"5020563",370751,2026-04-29 00:03:45,28.8290100097656,-17.7545642852783,"Unknown"
"5020563",370751,2026-04-29 00:04:45,28.8291015625,-17.7545890808105,"Unknown"
"5020563",370751,2026-04-29 00:05:45,28.8291912078857,-17.754602432251,"Unknown"
"5020563",370751,2026-04-29 00:06:45,28.8292713165283,-17.7546005249023,"Unknown"
"5020563",370751,2026-04-29 00:07:45,28.8293590545654,-17.75461769104,"Unknown"
"5020563",370751,2026-04-29 00:08:45,28.8294696807861,-17.7546329498291,"Unknown"
"5020563",370751,2026-04-29 00:09:45,28.8295574188232,-17.7546329498291,"Unknown"
"5020563",370751,2026-04-29 00:10:45,28.8296546936035,-17.7545738220215,"Unknown"
"5020563",370751,2026-04-29 00:11:45,28.8297691345215,-17.7545967102051,"Unknown"
"5020563",370751,2026-04-29 00:12:45,28.8298282623291,-17.7545604705811,"Unknown"
"5020563",370751,2026-04-29 00:13:45,28.8299179077148,-17.7545890808105,"Unknown"
"5020563",370751,2026-04-29 00:14:45,28.8300189971924,-17.7546100616455,"Unknown"
"5020563",370751,2026-04-29 00:15:45,28.8301258087158,-17.75461769104,"Unknown"
"5020563",370751,2026-04-29 00:16:45,28.8302059173584,-17.75465965271,"Unknown"
"5020563",370751,2026-04-29 00:17:45,28.8302783966064,-17.7546730041504,"Unknown"
"5020563",370751,2026-04-29 00:18:45,28.8303985595703,-17.7547359466553,"Unknown"
"5020563",370751,2026-04-29 00:19:45,28.8305015563965,-17.754768371582,"Unknown"
"5020563",370751,2026-04-29 00:20:45,28.8305683135986,-17.754789352417,"Unknown"
"5020563",370751,2026-04-29 00:21:45,28.8306407928467,-17.7548427581787,"Unknown"
"5020563",370751,2026-04-29 00:22:45,28.8307266235352,-17.7548389434814,"Unknown"
"5020563",370751,2026-04-29 00:23:45,28.8308181762695,-17.7548637390137,"Unknown"
"5020563",370751,2026-04-29 00:24:45,28.830924987793,-17.7548580169678,"Unknown"
"5020563",370751,2026-04-29 00:25:45,28.8310317993164,-17.7548484802246,"Unknown"
"5020563",370751,2026-04-29 00:26:45,28.8311004638672,-17.754861831665,"Unknown"
"5020563",370751,2026-04-29 00:27:45,28.831241607666,-17.7548866271973,"Unknown"
"5020563",370751,2026-04-29 00:28:45,28.8313217163086,-17.754940032959,"Unknown"
"5020563",370751,2026-04-29 00:29:45,28.8314399719238,-17.7549438476562,"Unknown"
"5020563",370751,2026-04-29 00:30:45,28.8315830230713,-17.754903793335,"Unknown"
"5020563",370751,2026-04-29 00:31:45,28.8317108154297,-17.7549228668213,"Unknown"
"5020563",370751,2026-04-29 00:32:45,28.831859588623,-17.7550010681152,"Unknown"
"5020563",370751,2026-04-29 00:33:45,28.8319816589355,-17.7549991607666,"Unknown"
"5020563",370751,2026-04-29 00:34:45,28.8321266174316,-17.7550506591797,"Unknown"
"5020563",370751,2026-04-29 00:35:45,28.8322734832764,-17.7550659179688,"Unknown"
"5020563",370751,2026-04-29 00:36:45,28.8323745727539,-17.7550735473633,"Unknown"
"5020563",370751,2026-04-29 00:37:45,28.8325023651123,-17.7550849914551,"Unknown"
"5020563",370751,2026-04-29 00:38:46,28.8326435089111,-17.7551097869873,"Unknown"
"5020563",370751,2026-04-29 00:39:45,28.8327980041504,-17.7551441192627,"Unknown"
"5020563",370751,2026-04-29 00:40:48,28.832893371582,-17.7551536560059,"Unknown"
"5020563",370751,2026-04-29 00:41:45,28.8330860137939,-17.7551727294922,"Unknown"
"5020563",370751,2026-04-29 00:42:45,28.8332481384277,-17.7551441192627,"Unknown"
"5020563",370751,2026-04-29 00:43:45,28.8333950042725,-17.7552051544189,"Unknown"
"5020563",370751,2026-04-29 00:44:47,28.8335342407227,-17.7551898956299,"Unknown"
"5020563",370751,2026-04-29 00:45:45,28.8336734771729,-17.7552032470703,"Unknown"
"5020563",370751,2026-04-29 00:46:45,28.8338203430176,-17.7551956176758,"Unknown"
"5020563",370751,2026-04-29 00:47:45,28.8339862823486,-17.7551746368408,"Unknown"
"5020563",370751,2026-04-29 00:48:45,28.8341255187988,-17.7551689147949,"Unknown"
"5020563",370751,2026-04-29 00:49:47,28.8342914581299,-17.75514793396,"Unknown"
"5020563",370751,2026-04-29 00:50:45,28.8344326019287,-17.7551364898682,"Unknown"
"5020563",370751,2026-04-29 00:51:45,28.834566116333,-17.7551403045654,"Unknown"
"5020563",370751,2026-04-29 00:52:46,28.8347053527832,-17.7551307678223,"Unknown"
"5020563",370751,2026-04-29 00:53:45,28.8348484039307,-17.7551441192627,"Unknown"
"5020563",370751,2026-04-29 00:54:45,28.8349456787109,-17.7551460266113,"Unknown"
"5020563",370751,2026-04-29 00:55:45,28.835075378418,-17.7551822662354,"Unknown"
"5020563",370751,2026-04-29 00:56:46,28.8351516723633,-17.7552433013916,"Unknown"
"5020563",370751,2026-04-29 00:57:45,28.8353137969971,-17.7552967071533,"Unknown"
"5020563",370751,2026-04-29 00:58:45,28.8354473114014,-17.7553195953369,"Unknown"
"5020563",370751,2026-04-29 00:59:45,28.8355827331543,-17.7553596496582,"Unknown"
"5020563",370751,2026-04-29 01:00:45,28.8357563018799,-17.7553672790527,"Unknown"
"5020563",370751,2026-04-29 01:01:45,28.8359050750732,-17.7553806304932,"Unknown"
"5020563",370751,2026-04-29 01:02:47,28.8360576629639,-17.7554492950439,"Unknown"
"5020563",370751,2026-04-29 01:03:45,28.8362083435059,-17.7555046081543,"Unknown"
"5020563",370751,2026-04-29 01:04:45,28.836353302002,-17.7555770874023,"Unknown"
"5020563",370751,2026-04-29 01:05:47,28.836498260498,-17.7556056976318,"Unknown"
"5020563",370751,2026-04-29 01:06:47,28.8366527557373,-17.7556114196777,"Unknown"
"5020563",370751,2026-04-29 01:07:47,28.8368377685547,-17.7556304931641,"Unknown"
"5020563",370751,2026-04-29 01:08:49,28.8369903564453,-17.7556095123291,"Unknown"
"5020563",370751,2026-04-29 01:09:45,28.8371353149414,-17.7556438446045,"Unknown"
"5020563",370751,2026-04-29 01:10:47,28.8373184204102,-17.7557029724121,"Unknown"
"5020563",370751,2026-04-29 01:11:48,28.8374652862549,-17.7557830810547,"Unknown"
"5020563",370751,2026-04-29 01:12:48,28.8375720977783,-17.7558040618896,"Unknown"
"5020563",370751,2026-04-29 01:13:48,28.837703704834,-17.7558784484863,"Unknown"
"5020563",370751,2026-04-29 01:14:45,28.837818145752,-17.7559413909912,"Unknown"
"5020563",370751,2026-04-29 01:15:47,28.8379688262939,-17.7559757232666,"Unknown"
"5020563",370751,2026-04-29 01:16:46,28.83811378479,-17.7560195922852,"Unknown"
"5020563",370751,2026-04-29 01:17:48,28.8382568359375,-17.7560958862305,"Unknown"
"5020563",370751,2026-04-29 01:18:47,28.8383884429932,-17.7561435699463,"Unknown"
"5020563",370751,2026-04-29 01:19:49,28.838529586792,-17.7561492919922,"Unknown"
"5020563",370751,2026-04-29 01:20:48,28.8386840820312,-17.7561855316162,"Unknown"
"5020563",370751,2026-04-29 01:21:48,28.8388233184814,-17.7563323974609,"Unknown"
"5020563",370751,2026-04-29 01:22:49,28.8389148712158,-17.7565155029297,"Unknown"
"5020563",370751,2026-04-29 01:23:51,28.8391056060791,-17.756628036499,"Unknown"
"5020563",370751,2026-04-29 01:24:49,28.8392295837402,-17.7567615509033,"Unknown"
"5020563",370751,2026-04-29 01:25:47,28.8393821716309,-17.7568550109863,"Unknown"
"5020563",370751,2026-04-29 01:26:48,28.8395252227783,-17.7569618225098,"Unknown"
"5020563",370751,2026-04-29 01:27:50,28.8396911621094,-17.7570934295654,"Unknown"
"5020563",370751,2026-04-29 01:28:50,28.8398361206055,-17.7571887969971,"Unknown"
"5020563",370751,2026-04-29 01:29:49,28.8400039672852,-17.7572441101074,"Unknown"
"5020563",370751,2026-04-29 01:30:47,28.8401718139648,-17.757303237915,"Unknown"
"5020563",370751,2026-04-29 01:31:50,28.8403415679932,-17.7573566436768,"Unknown"
"5020563",370751,2026-04-29 01:32:47,28.8404655456543,-17.7573909759521,"Unknown"
"5020563",370751,2026-04-29 01:33:50,28.8406047821045,-17.757438659668,"Unknown"
"5020563",370751,2026-04-29 01:34:50,28.8407421112061,-17.7575073242188,"Unknown"
"5020563",370751,2026-04-29 01:45:03,28.8423728942871,-17.7579040527344,"Unknown"
"5020563",370751,2026-04-29 01:45:45,28.8424682617188,-17.7579402923584,"Unknown"
"5020563",370751,2026-04-29 01:46:46,28.8426780700684,-17.7578868865967,"Unknown"
"5020563",370751,2026-04-29 01:56:45,28.8444271087646,-17.758716583252,"Unknown"
"5020563",370751,2026-04-29 01:57:47,28.8445796966553,-17.7588157653809,"Unknown"
"5020563",370751,2026-04-29 01:58:45,28.8447570800781,-17.7588348388672,"Unknown"
"5020563",370751,2026-04-29 02:08:45,28.8462867736816,-17.7594203948975,"Unknown"
"5020563",370751,2026-04-29 02:09:46,28.8463916778564,-17.7595119476318,"Unknown"
"5020563",370751,2026-04-29 02:10:45,28.8465156555176,-17.7595920562744,"Unknown"
"5020563",370751,2026-04-29 02:11:45,28.846607208252,-17.7596435546875,"Unknown"
"5020563",370751,2026-04-29 02:12:45,28.8467807769775,-17.759765625,"Unknown"
"5020563",370751,2026-04-29 02:22:45,28.8483448028564,-17.7602596282959,"Unknown"
"5020563",370751,2026-04-29 02:23:45,28.848482131958,-17.7603340148926,"Unknown"
"5020563",370751,2026-04-29 02:24:46,28.8486175537109,-17.7603988647461,"Unknown"
"5020563",370751,2026-04-29 02:25:45,28.8487129211426,-17.7604694366455,"Unknown"
"5020563",370751,2026-04-29 02:35:45,28.8498725891113,-17.7611484527588,"Unknown"
"5020563",370751,2026-04-29 02:36:45,28.8500118255615,-17.761251449585,"Unknown"
"5020563",370751,2026-04-29 02:46:46,28.8511695861816,-17.7619819641113,"Unknown"
"5020563",370751,2026-04-29 02:47:45,28.8512687683105,-17.7619895935059,"Unknown"
"5020563",370751,2026-04-29 02:48:45,28.8513870239258,-17.7620372772217,"Unknown"
"5020563",370751,2026-04-29 02:49:45,28.8514919281006,-17.7620983123779,"Unknown"
"5020563",370751,2026-04-29 03:00:03,28.8527965545654,-17.7626342773438,"Unknown"
"5020563",370751,2026-04-29 03:09:45,28.8536777496338,-17.7631416320801,"Unknown"
"5020563",370751,2026-04-29 03:19:45,28.8545970916748,-17.7637939453125,"Unknown"
"5020563",370751,2026-04-29 03:29:45,28.855525970459,-17.7646636962891,"Unknown"
"5020563",370751,2026-04-29 03:39:45,28.8566608428955,-17.7650947570801,"Unknown"
"5020563",370751,2026-04-29 03:49:45,28.8578453063965,-17.7656211853027,"Unknown"
"5020563",370751,2026-04-29 03:59:45,28.8590755462646,-17.7661209106445,"Unknown"
"5020563",370751,2026-04-29 04:09:45,28.8601493835449,-17.7667541503906,"Unknown"
"5020563",370751,2026-04-29 04:19:45,28.8611698150635,-17.7673168182373,"Unknown"
"5020563",370751,2026-04-29 04:29:45,28.8621215820312,-17.7678680419922,"Unknown"
"5020563",370751,2026-04-29 04:39:45,28.8442211151123,-17.8140029907227,"Unknown"
"5020563",370751,2026-04-29 04:49:45,28.8316268920898,-17.8529090881348,"Unknown"
"5020563",370751,2026-04-29 04:59:45,28.8274326324463,-17.8556118011475,"Unknown"
"5020563",370751,2026-04-29 05:10:17,28.8044166564941,-17.8546352386475,"Unknown"
"5020563",370751,2026-04-29 05:29:45,28.8113746643066,-17.851583480835,"Unknown"
"5020563",370751,2026-04-29 05:39:45,28.8532524108887,-17.8048629760742,"Unknown"
"5020563",370751,2026-04-29 05:49:45,28.8752498626709,-17.7536468505859,"Unknown"
"5020563",370751,2026-04-29 05:59:45,28.8980445861816,-17.7323188781738,"Unknown"
"5020563",370751,2026-04-29 06:09:45,28.9403266906738,-17.6994705200195,"Unknown"
"5020563",370751,2026-04-29 06:19:44,28.9786319732666,-17.6645202636719,"Unknown"
"5020563",370751,2026-04-29 06:29:44,29.0200271606445,-17.6292858123779,"Unknown"
"5020563",370751,2026-04-29 06:39:47,29.0683670043945,-17.6094856262207,"Unknown"
"5020563",370751,2026-04-29 06:49:45,29.1171531677246,-17.5931816101074,"Unknown"
"5020563",370751,2026-04-29 06:59:45,29.1684875488281,-17.5829849243164,"Unknown"
"5020563",370751,2026-04-29 07:09:44,29.2154922485352,-17.5653667449951,"Unknown"
"5020563",370751,2026-04-29 07:19:45,29.2665901184082,-17.5397186279297,"Unknown"
"5020563",370751,2026-04-29 07:29:47,29.3155040740967,-17.5144233703613,"Unknown"
"5020563",370751,2026-04-29 07:39:47,29.366060256958,-17.4946975708008,"Unknown"
"5020563",370751,2026-04-29 07:49:46,29.412073135376,-17.4754600524902,"Unknown"
"5020563",370751,2026-04-29 07:54:46,29.4369354248047,-17.4623508453369,"Unknown"
"5020563",370751,2026-04-29 08:01:06,29.4709777832031,-17.4486598968506,"Unknown"
"5020563",370751,2026-04-29 08:04:45,29.4905090332031,-17.4388217926025,"Unknown"
"5020563",370751,2026-04-29 08:09:47,29.5171413421631,-17.4253482818604,"Unknown"
"5020563",370751,2026-04-29 08:14:45,29.5435180664062,-17.4138412475586,"Unknown"
"5020563",370751,2026-04-29 08:19:45,29.5650253295898,-17.3995189666748,"Unknown"
"5020563",370751,2026-04-29 08:24:45,29.5740509033203,-17.393440246582,"Unknown"
"5020563",370751,2026-04-29 08:29:45,29.599401473999,-17.3821048736572,"Unknown"
"5020563",370751,2026-04-29 08:34:45,29.6244258880615,-17.3720874786377,"Unknown"
"5020563",370751,2026-04-29 08:39:45,29.6514301300049,-17.3577499389648,"Unknown"
"5020563",370751,2026-04-29 08:45:11,29.6812038421631,-17.3445339202881,"Unknown"
"5020563",370751,2026-04-29 08:55:11,29.7309684753418,-17.3168792724609,"Unknown"
"5020563",370751,2026-04-29 09:06:33,29.7889404296875,-17.2865467071533,"Unknown"
"5020563",370751,2026-04-29 09:10:11,29.8020267486572,-17.2832336425781,"Unknown"
"5020563",370751,2026-04-29 09:15:13,29.8268165588379,-17.2704620361328,"Unknown"
"5020563",370751,2026-04-29 09:20:13,29.8523788452148,-17.2567081451416,"Unknown"
"5020563",370751,2026-04-29 09:25:12,29.8787937164307,-17.2461433410645,"Unknown"
"5020563",370751,2026-04-29 09:30:13,29.9057369232178,-17.2379322052002,"Unknown"
"5020563",370751,2026-04-29 09:35:13,29.929759979248,-17.2315807342529,"Unknown"
"5020563",370751,2026-04-29 09:40:11,29.9566802978516,-17.2238998413086,"Unknown"
"5020563",370751,2026-04-29 09:45:13,29.9861831665039,-17.2197799682617,"Unknown"
"5020563",370751,2026-04-29 09:50:11,30.0157165527344,-17.2171592712402,"Unknown"
"5020563",370751,2026-04-29 09:55:11,30.044994354248,-17.2114315032959,"Unknown"
"5020563",370751,2026-04-29 10:00:12,30.0765399932861,-17.2046222686768,"Unknown"
"5020563",370751,2026-04-29 10:05:11,30.109224319458,-17.1947479248047,"Unknown"
"5020563",370751,2026-04-29 10:10:11,30.1386623382568,-17.1848182678223,"Unknown"
"5020563",370751,2026-04-29 10:15:13,30.1691303253174,-17.1736850738525,"Unknown"
"5020563",370751,2026-04-29 10:20:13,30.1985359191895,-17.1636981964111,"Unknown"
"5020563",370751,2026-04-29 10:25:12,30.2316417694092,-17.1559295654297,"Unknown"
"5020563",370751,2026-04-29 10:30:13,30.2622470855713,-17.1385059356689,"Unknown"
"5020563",370751,2026-04-29 10:35:12,30.2931118011475,-17.1268501281738,"Unknown"
"5020563",370751,2026-04-29 10:40:33,30.3271884918213,-17.1143550872803,"Unknown"
"5020563",370751,2026-04-29 10:45:25,30.3583698272705,-17.1046810150146,"Unknown"
"5020563",370751,2026-04-29 10:50:11,30.3858871459961,-17.092321395874,"Unknown"
"5020563",370751,2026-04-29 10:55:11,30.412389755249,-17.085844039917,"Unknown"
"5020563",370751,2026-04-29 11:01:03,30.4509410858154,-17.0751838684082,"Unknown"
"5020563",370751,2026-04-29 11:05:11,30.4799957275391,-17.0674629211426,"Unknown"
"5020563",370751,2026-04-29 11:10:11,30.499195098877,-17.062198638916,"Unknown"
"5020563",370751,2026-04-29 11:15:12,30.5223941802979,-17.0598201751709,"Unknown"
"5020563",370751,2026-04-29 11:20:11,30.5581207275391,-17.0515213012695,"Unknown"
"5020563",370751,2026-04-29 11:25:11,30.5845642089844,-17.0410442352295,"Unknown"
"5020563",370751,2026-04-29 11:30:12,30.6179904937744,-17.0413761138916,"Unknown"
"5020563",370751,2026-04-29 11:35:12,30.6470375061035,-17.0530433654785,"Unknown"
"5020563",370751,2026-04-29 11:40:11,30.6737689971924,-17.0486927032471,"Unknown"
"5020563",370751,2026-04-29 11:45:11,30.7092952728271,-17.0480823516846,"Unknown"
"5020563",370751,2026-04-29 11:50:14,30.729700088501,-17.0383586883545,"Unknown"
"5020563",370751,2026-04-29 11:55:13,30.7312126159668,-17.0403366088867,"Unknown"
"5020563",370751,2026-04-29 12:00:13,30.7328052520752,-17.0429916381836,"Unknown"
"5020563",370751,2026-04-29 12:05:31,30.7375831604004,-17.0498371124268,"Unknown"
"5020563",370751,2026-04-29 12:11:36,30.7603549957275,-17.0447597503662,"Unknown"
"5020563",370751,2026-04-29 12:16:36,30.7966423034668,-17.0390872955322,"Unknown"
"5020563",370751,2026-04-29 12:21:36,30.8332462310791,-17.0471744537354,"Unknown"
"5020563",370751,2026-04-29 12:26:36,30.8590507507324,-17.0579452514648,"Unknown"
"5020563",370751,2026-04-29 12:30:13,30.8595676422119,-17.0570411682129,"Unknown"
"5020563",370751,2026-04-29 12:35:11,30.8715972900391,-17.060697555542,"Unknown"
"5020563",370751,2026-04-29 12:45:11,30.9046478271484,-17.04958152771,"Unknown"
"5020563",370751,2026-04-29 12:50:12,30.9103507995605,-17.0481472015381,"Unknown"
"5020563",370751,2026-04-29 12:55:12,30.9166679382324,-17.0515079498291,"Unknown"
"5020563",370751,2026-04-29 13:00:12,30.9105758666992,-17.045970916748,"Unknown"
"5020563",370751,2026-04-29 13:05:14,30.9173641204834,-17.0343799591064,"Unknown"
"5020563",370751,2026-04-29 13:10:12,30.9116325378418,-17.0502586364746,"Unknown"
"5020563",370751,2026-04-29 13:15:13,30.9088039398193,-17.050163269043,"Unknown"
"5020563",370751,2026-04-29 13:20:33,30.9102878570557,-17.0496444702148,"Unknown"
"5020563",370751,2026-04-29 13:25:10,30.9112586975098,-17.0493335723877,"Unknown"
"5020563",370751,2026-04-29 13:30:12,30.920431137085,-17.0416297912598,"Unknown"
"5020563",370751,2026-04-29 13:35:12,30.9308338165283,-17.0496349334717,"Unknown"
"5020563",370751,2026-04-29 13:40:10,30.9452018737793,-17.0566463470459,"Unknown"
"5020563",370751,2026-04-29 13:45:10,30.9733085632324,-17.0767402648926,"Unknown"
"5020563",370751,2026-04-29 13:55:10,31.0282211303711,-17.0871467590332,"Unknown"
"5020563",370751,2026-04-29 14:00:12,31.0658226013184,-17.0933589935303,"Unknown"
"5020563",370751,2026-04-29 14:05:10,31.1029434204102,-17.085132598877,"Unknown"
"5020563",370751,2026-04-29 14:10:12,31.1284561157227,-17.079065322876,"Unknown"
"5020563",370751,2026-04-29 14:15:10,31.1602821350098,-17.0702133178711,"Unknown"
"5020563",370751,2026-04-29 14:20:11,31.1663703918457,-17.069372177124,"Unknown"
"5020563",370751,2026-04-29 14:25:11,31.2018394470215,-17.0653514862061,"Unknown"
"5020563",370751,2026-04-29 14:35:10,31.238733291626,-17.050989151001,"Unknown"
"5020563",370751,2026-04-29 14:40:10,31.2725219726562,-17.0417957305908,"Unknown"
"5020563",370751,2026-04-29 14:45:12,31.302619934082,-17.0326900482178,"Unknown"
"5020563",370751,2026-04-29 14:50:10,31.3390140533447,-17.0227584838867,"Unknown"
"5020563",370751,2026-04-29 14:55:10,31.3750228881836,-17.0078163146973,"Unknown"
"5020563",370751,2026-04-29 15:00:12,31.411190032959,-16.9907455444336,"Unknown"
"5020563",370751,2026-04-29 15:05:12,31.4446048736572,-16.9795722961426,"Unknown"
"5020563",370751,2026-04-29 15:10:12,31.482837677002,-16.9703121185303,"Unknown"
"5020563",370751,2026-04-29 15:15:11,31.5087585449219,-16.9627132415771,"Unknown"
"5020563",370751,2026-04-29 15:20:47,31.5435657501221,-16.9567356109619,"Unknown"
"5020563",370751,2026-04-29 15:26:35,31.5687828063965,-16.953405380249,"Unknown"
"5020563",370751,2026-04-29 15:31:35,31.603141784668,-16.947359085083,"Unknown"
"5020563",370751,2026-04-29 15:35:51,31.6309661865234,-16.937858581543,"Unknown"
"5020563",370751,2026-04-29 15:40:11,31.658088684082,-16.9329853057861,"Unknown"
"5020563",370751,2026-04-29 15:45:10,31.6869201660156,-16.9216232299805,"Unknown"
"5020563",370751,2026-04-29 15:50:16,31.7037506103516,-16.9179630279541,"Unknown"
"5020563",370751,2026-04-29 15:55:10,31.7036304473877,-16.9200897216797,"Unknown"
"5020563",370751,2026-04-29 16:00:33,31.7024841308594,-16.9216327667236,"Unknown"
"5020563",370751,2026-04-29 16:05:09,31.6986999511719,-16.9244651794434,"Unknown"
"5020563",370751,2026-04-29 16:10:10,31.6982269287109,-16.9262466430664,"Unknown"
"5020563",370751,2026-04-29 16:15:09,31.6967525482178,-16.9249801635742,"Unknown"
"5020563",370751,2026-04-29 16:20:09,31.6981620788574,-16.9305667877197,"Unknown"
"5020563",370751,2026-04-29 16:25:09,31.6998538970947,-16.9313564300537,"Unknown"
"5020563",370751,2026-04-29 16:30:19,31.6983470916748,-16.9328060150146,"Unknown"
"5020563",370751,2026-04-29 16:35:09,31.6981334686279,-16.9318752288818,"Unknown"
"5020563",370751,2026-04-29 16:45:11,31.6969261169434,-16.9386596679688,"Unknown"
"5020563",370751,2026-04-29 16:50:11,31.6974105834961,-16.9395713806152,"Unknown"
"5020563",370751,2026-04-29 16:55:10,31.7149257659912,-16.9328155517578,"Unknown"
"5020563",370751,2026-04-29 17:00:10,31.7468662261963,-16.9175682067871,"Unknown"
"5020563",370751,2026-04-29 17:05:11,31.7723503112793,-16.904899597168,"Unknown"
"5020563",370751,2026-04-29 17:10:11,31.8018035888672,-16.8875064849854,"Unknown"
"5020563",370751,2026-04-29 17:15:11,31.8327026367188,-16.8738384246826,"Unknown"
"5020563",370751,2026-04-29 17:20:11,31.8612480163574,-16.8510456085205,"Unknown"
"5020563",370751,2026-04-29 17:25:11,31.8923511505127,-16.8296699523926,"Unknown"
"5020563",370751,2026-04-29 17:30:11,31.9233055114746,-16.8082828521729,"Unknown"
"5020563",370751,2026-04-29 17:35:11,31.9520015716553,-16.7871589660645,"Unknown"
"5020563",370751,2026-04-29 17:40:11,31.9811325073242,-16.7679996490479,"Unknown"
"5020563",370751,2026-04-29 17:45:11,32.0142707824707,-16.7665882110596,"Unknown"
"5020563",370751,2026-04-29 17:50:10,32.0464668273926,-16.7544860839844,"Unknown"
"5020563",370751,2026-04-29 17:55:11,32.0799942016602,-16.7463550567627,"Unknown"
"5020563",370751,2026-04-29 18:00:33,32.1080474853516,-16.7348442077637,"Unknown"
"5020563",370751,2026-04-29 18:05:11,32.1095008850098,-16.7340335845947,"Unknown"
"5020563",370751,2026-04-29 18:10:10,32.1385498046875,-16.717357635498,"Unknown"
"5020563",370751,2026-04-29 18:15:11,32.1709175109863,-16.7098846435547,"Unknown"
"5020563",370751,2026-04-29 18:20:10,32.1842460632324,-16.7090530395508,"Unknown"
"5020563",370751,2026-04-29 18:25:10,32.2149963378906,-16.702465057373,"Unknown"
"5020563",370751,2026-04-29 18:30:11,32.249153137207,-16.6963653564453,"Unknown"
"5020563",370751,2026-04-29 18:35:11,32.282341003418,-16.687292098999,"Unknown"
"5020563",370751,2026-04-29 18:40:10,32.2891044616699,-16.6795024871826,"Unknown"
"5020563",370751,2026-04-29 18:45:11,32.3183326721191,-16.6634349822998,"Unknown"
"5020563",370751,2026-04-29 18:50:11,32.3493576049805,-16.6449146270752,"Unknown"
"5020563",370751,2026-04-29 18:55:11,32.3788070678711,-16.6436595916748,"Unknown"
"5020563",370751,2026-04-29 19:00:11,32.3997039794922,-16.6436710357666,"Unknown"
"5020563",370751,2026-04-29 19:05:10,32.4354209899902,-16.6455841064453,"Unknown"
"5020563",370751,2026-04-29 19:10:11,32.4701690673828,-16.6419410705566,"Unknown"
"5020563",370751,2026-04-29 19:18:03,32.5261917114258,-16.6322135925293,"Unknown"
"5020563",370751,2026-04-29 19:20:11,32.5428466796875,-16.625696182251,"Unknown"
"5020563",370751,2026-04-29 19:25:11,32.5800476074219,-16.6078510284424,"Unknown"
"5020563",370751,2026-04-29 19:30:11,32.5990409851074,-16.5754337310791,"Unknown"
"5020563",370751,2026-04-29 19:35:11,32.5977363586426,-16.5498371124268,"Unknown"
"5020563",370751,2026-04-29 19:40:10,32.6326675415039,-16.5408325195312,"Unknown"
"5020563",370751,2026-04-29 19:45:12,32.6651458740234,-16.5582427978516,"Unknown"
"5020563",370751,2026-04-29 19:50:11,32.6799659729004,-16.5836887359619,"Unknown"
"5020563",370751,2026-04-29 19:55:11,32.7057571411133,-16.6080131530762,"Unknown"
"5020563",370751,2026-04-29 20:00:11,32.7269744873047,-16.6333255767822,"Unknown"
"5020563",370751,2026-04-29 20:05:11,32.747875213623,-16.6554870605469,"Unknown"
"5020563",370751,2026-04-29 20:10:10,32.7453384399414,-16.6632671356201,"Unknown"
"5020563",370751,2026-04-29 20:15:10,32.745475769043,-16.6634044647217,"Unknown"
"5020563",370751,2026-04-29 20:20:10,32.7454566955566,-16.6636505126953,"Unknown"
"5020563",370751,2026-04-29 20:25:13,32.7454109191895,-16.6639633178711,"Unknown"
"5020563",370751,2026-04-29 20:30:11,32.7452278137207,-16.6641998291016,"Unknown"
"5020563",370751,2026-04-29 20:35:11,32.7450714111328,-16.664379119873,"Unknown"
"5020563",370751,2026-04-29 20:40:11,32.7448921203613,-16.664680480957,"Unknown"
"5020563",370751,2026-04-29 20:45:11,32.7447128295898,-16.6648502349854,"Unknown"
"5020563",370751,2026-04-29 20:50:11,32.7444839477539,-16.6650638580322,"Unknown"
"5020563",370751,2026-04-29 20:55:11,32.7441711425781,-16.665189743042,"Unknown"
"5020563",370751,2026-04-29 21:00:11,32.7438125610352,-16.6652584075928,"Unknown"
"5020563",370751,2026-04-29 21:05:13,32.7434997558594,-16.6652088165283,"Unknown"
"5020563",370751,2026-04-29 21:10:11,32.7431182861328,-16.664981842041,"Unknown"
"5020563",370751,2026-04-29 21:15:10,32.7426147460938,-16.6646480560303,"Unknown"
"5020563",370751,2026-04-29 21:20:13,32.7420997619629,-16.6642227172852,"Unknown"
"5020563",370751,2026-04-29 21:25:14,32.7415580749512,-16.663818359375,"Unknown"
"5020563",370751,2026-04-29 21:30:10,32.7407684326172,-16.6633472442627,"Unknown"
"5020563",370751,2026-04-29 21:35:11,32.7399063110352,-16.6629524230957,"Unknown"
"5020563",370751,2026-04-29 21:40:11,32.7391624450684,-16.6623039245605,"Unknown"
"5020563",370751,2026-04-29 21:45:10,32.7383804321289,-16.6615409851074,"Unknown"
"5020563",370751,2026-04-29 21:50:12,32.7375221252441,-16.6607131958008,"Unknown"
"5020563",370751,2026-04-29 21:55:11,32.7367782592773,-16.6597919464111,"Unknown"
"5020563",370751,2026-04-29 22:00:32,32.7359085083008,-16.6586570739746,"Unknown"
"5020563",370751,2026-04-29 22:05:11,32.735221862793,-16.657585144043,"Unknown"
"5020563",370751,2026-04-29 22:10:11,32.7344932556152,-16.6565551757812,"Unknown"
"5020563",370751,2026-04-29 22:15:11,32.7339363098145,-16.6554851531982,"Unknown"
"5020563",370751,2026-04-29 22:20:11,32.7333831787109,-16.6542530059814,"Unknown"
"5020563",370751,2026-04-29 22:25:11,32.732780456543,-16.6528015136719,"Unknown"
"5020563",370751,2026-04-29 22:30:11,32.7321357727051,-16.6510620117188,"Unknown"
"5020563",370751,2026-04-29 22:35:13,32.7312126159668,-16.6492748260498,"Unknown"
"5020563",370751,2026-04-29 22:40:10,32.7303199768066,-16.6474704742432,"Unknown"
"5020563",370751,2026-04-29 22:45:11,32.7294006347656,-16.6457996368408,"Unknown"
"5020563",370751,2026-04-29 22:50:14,32.7282524108887,-16.6446132659912,"Unknown"
"5020563",370751,2026-04-29 22:55:10,32.7271537780762,-16.6439208984375,"Unknown"
"5020563",370751,2026-04-29 23:00:13,32.7272453308105,-16.6436901092529,"Unknown"
"5020563",370751,2026-04-29 23:05:11,32.7267875671387,-16.6432723999023,"Unknown"
"5020563",370751,2026-04-29 23:10:17,32.7265434265137,-16.6426467895508,"Unknown"
"5020563",370751,2026-04-29 23:15:33,32.7262535095215,-16.6417694091797,"Unknown"
"5020563",370751,2026-04-29 23:20:10,32.7263145446777,-16.6412391662598,"Unknown"
"5020563",370751,2026-04-29 23:25:10,32.7315483093262,-16.651725769043,"Unknown"
"5020563",370751,2026-04-29 23:30:11,32.7321243286133,-16.65016746521,"Unknown"
"5020563",370751,2026-04-29 23:35:11,32.7312545776367,-16.6481533050537,"Unknown"
"5020563",370751,2026-04-29 23:40:11,32.7305488586426,-16.6462230682373,"Unknown"
"5020563",370751,2026-04-29 23:45:11,32.7299194335938,-16.6442756652832,"Unknown"
"5020563",370751,2026-04-29 23:50:10,32.7292785644531,-16.6425971984863,"Unknown"
"5020563",370751,2026-04-29 23:55:11,32.728702545166,-16.6409549713135,"Unknown"
"5020563",370751,2026-04-30 00:00:10,32.728157043457,-16.6392345428467,"Unknown"
"5020563",370751,2026-04-30 00:05:11,32.7276496887207,-16.6376762390137,"Unknown"
"5020563",370751,2026-04-30 00:10:13,32.7272033691406,-16.636116027832,"Unknown"
"5020563",370751,2026-04-30 00:15:10,32.7266502380371,-16.6344356536865,"Unknown"
"5020563",370751,2026-04-30 00:20:11,32.7262649536133,-16.6326522827148,"Unknown"
"5020563",370751,2026-04-30 00:25:10,32.7259788513184,-16.6305236816406,"Unknown"
"5020563",370751,2026-04-30 00:30:11,32.7255592346191,-16.62819480896,"Unknown"
"5020563",370751,2026-04-30 00:35:11,32.7250061035156,-16.6264266967773,"Unknown"
"5020563",370751,2026-04-30 00:40:11,32.7245483398438,-16.6246871948242,"Unknown"
"5020563",370751,2026-04-30 00:45:10,32.7241287231445,-16.6230278015137,"Unknown"
"5020563",370751,2026-04-30 00:50:12,32.723819732666,-16.6216011047363,"Unknown"
"5020563",370751,2026-04-30 00:55:13,32.7233543395996,-16.620153427124,"Unknown"
"5020563",370751,2026-04-30 01:00:11,32.7229042053223,-16.6188488006592,"Unknown"
"5020563",370751,2026-04-30 01:05:12,32.7224617004395,-16.617618560791,"Unknown"
"5020563",370751,2026-04-30 01:10:13,32.7220840454102,-16.6164817810059,"Unknown"
"5020563",370751,2026-04-30 01:15:12,32.7216415405273,-16.6153507232666,"Unknown"
"5020563",370751,2026-04-30 01:20:13,32.7212028503418,-16.6142463684082,"Unknown"
"5020563",370751,2026-04-30 01:25:13,32.7207489013672,-16.6130676269531,"Unknown"
"5020563",370751,2026-04-30 01:30:12,32.7202835083008,-16.6118793487549,"Unknown"
"5020563",370751,2026-04-30 01:35:12,32.7198448181152,-16.6108665466309,"Unknown"
"5020563",370751,2026-04-30 01:40:16,32.7193717956543,-16.6100177764893,"Unknown"
"5020563",370751,2026-04-30 01:45:33,32.718921661377,-16.6090793609619,"Unknown"
"5020563",370751,2026-04-30 01:50:11,32.7187957763672,-16.6086273193359,"Unknown"
"5020563",370751,2026-04-30 01:55:11,32.7185668945312,-16.6081428527832,"Unknown"
"5020563",370751,2026-04-30 02:00:11,32.7182579040527,-16.6076984405518,"Unknown"
"5020563",370751,2026-04-30 02:05:11,32.7180290222168,-16.607551574707,"Unknown"
"5020563",370751,2026-04-30 02:10:12,32.7176971435547,-16.6073169708252,"Unknown"
"5020563",370751,2026-04-30 02:15:11,32.7173004150391,-16.6073246002197,"Unknown"
"5020563",370751,2026-04-30 02:20:11,32.7171669006348,-16.611909866333,"Unknown"
"5020563",370751,2026-04-30 02:25:11,32.7167739868164,-16.6124210357666,"Unknown"
"5020563",370751,2026-04-30 02:30:11,32.7164039611816,-16.6128635406494,"Unknown"
"5020563",370751,2026-04-30 02:35:10,32.7160453796387,-16.6134853363037,"Unknown"
"5020563",370751,2026-04-30 02:40:11,32.7155685424805,-16.6146564483643,"Unknown"
"5020563",370751,2026-04-30 02:45:11,32.7151832580566,-16.61598777771,"Unknown"
"5020563",370751,2026-04-30 02:50:11,32.715202331543,-16.6174831390381,"Unknown"
"5020563",370751,2026-04-30 02:55:11,32.7146530151367,-16.6187229156494,"Unknown"
"5020563",370751,2026-04-30 03:00:11,32.7137908935547,-16.6200847625732,"Unknown"
"5020563",370751,2026-04-30 03:05:11,32.7125244140625,-16.6213817596436,"Unknown"
"5020563",370751,2026-04-30 03:10:11,32.7113990783691,-16.6228637695312,"Unknown"
"5020563",370751,2026-04-30 03:15:11,32.7103385925293,-16.6243953704834,"Unknown"
"5020563",370751,2026-04-30 03:20:11,32.7095489501953,-16.6259384155273,"Unknown"
"5020563",370751,2026-04-30 03:25:12,32.7085342407227,-16.6277141571045,"Unknown"
"5020563",370751,2026-04-30 03:30:33,32.7074890136719,-16.6297817230225,"Unknown"
"5020563",370751,2026-04-30 03:35:11,32.7065620422363,-16.6318702697754,"Unknown"
"5020563",370751,2026-04-30 03:40:11,32.7052841186523,-16.6342372894287,"Unknown"
"5020563",370751,2026-04-30 03:45:11,32.7046127319336,-16.6365261077881,"Unknown"
"5020563",370751,2026-04-30 03:50:11,32.704029083252,-16.6390743255615,"Unknown"
"5020563",370751,2026-04-30 03:55:11,32.7035751342773,-16.6416187286377,"Unknown"
"5020563",370751,2026-04-30 04:00:11,32.703067779541,-16.6439952850342,"Unknown"
"5020563",370751,2026-04-30 04:05:11,32.7026748657227,-16.6462001800537,"Unknown"
"5020563",370751,2026-04-30 04:10:11,32.7022705078125,-16.6483535766602,"Unknown"
"5020563",370751,2026-04-30 04:15:10,32.7019081115723,-16.6501560211182,"Unknown"
"5020563",370751,2026-04-30 04:20:10,32.7015228271484,-16.6524486541748,"Unknown"
"5020563",370751,2026-04-30 04:25:11,32.7011756896973,-16.6538543701172,"Unknown"
"5020563",370751,2026-04-30 04:30:10,32.7007064819336,-16.6557941436768,"Unknown"
"5020563",370751,2026-04-30 04:35:13,32.7005920410156,-16.6576690673828,"Unknown"
"5020563",370751,2026-04-30 04:40:11,32.7004508972168,-16.6595573425293,"Unknown"
"5020563",370751,2026-04-30 04:45:11,32.7003173828125,-16.6606502532959,"Unknown"
"5020563",370751,2026-04-30 04:50:11,32.7005920410156,-16.6623516082764,"Unknown"
"5020563",370751,2026-04-30 04:55:11,32.7002944946289,-16.6645736694336,"Unknown"
"5020563",370751,2026-04-30 05:00:11,32.6996612548828,-16.6667575836182,"Unknown"
"5020563",370751,2026-04-30 05:05:13,32.6991004943848,-16.6686935424805,"Unknown"
"5020563",370751,2026-04-30 05:10:15,32.698616027832,-16.6703834533691,"Unknown"
"5020563",370751,2026-04-30 05:15:16,32.698429107666,-16.671688079834,"Unknown"
"5020563",370751,2026-04-30 05:20:15,32.6984024047852,-16.6726150512695,"Unknown"
"5020563",370751,2026-04-30 05:25:18,32.6985664367676,-16.6732215881348,"Unknown"
"5020563",370751,2026-04-30 05:30:33,32.6988372802734,-16.6739959716797,"Unknown"
"5020563",370751,2026-04-30 05:35:12,32.6989212036133,-16.6747207641602,"Unknown"
"5020563",370751,2026-04-30 05:40:13,32.6991386413574,-16.6754837036133,"Unknown"
"5020563",370751,2026-04-30 05:45:11,32.7086143493652,-16.6664409637451,"Unknown"
"5020563",370751,2026-04-30 05:50:13,32.7194061279297,-16.6603832244873,"Unknown"
"5020563",370751,2026-04-30 05:55:11,32.7226257324219,-16.6545906066895,"Unknown"
"5020563",370751,2026-04-30 06:00:10,32.7225532531738,-16.6544075012207,"Unknown"
"5020563",370751,2026-04-30 06:05:11,32.7226028442383,-16.654317855835,"Unknown"
"5020563",370751,2026-04-30 06:10:11,32.7327690124512,-16.6388130187988,"Unknown"
"5020563",370751,2026-04-30 06:15:12,32.7543640136719,-16.6124973297119,"Unknown"
"5020563",370751,2026-04-30 06:20:13,32.7813262939453,-16.5919151306152,"Unknown"
"5020563",370751,2026-04-30 06:25:11,32.7852401733398,-16.576229095459,"Unknown"
"5020563",370751,2026-04-30 06:30:10,32.7857284545898,-16.5741214752197,"Unknown"
"5020563",370751,2026-04-30 06:35:13,32.783992767334,-16.5764141082764,"Unknown"
"5020563",370751,2026-04-30 06:40:13,32.7880058288574,-16.5773849487305,"Unknown"
"5020563",370751,2026-04-30 06:45:11,32.7846527099609,-16.5720386505127,"Unknown"
"5020563",370751,2026-04-30 06:50:11,32.7804069519043,-16.575611114502,"Unknown"
"5020563",370751,2026-04-30 06:55:13,32.7743949890137,-16.5791873931885,"Unknown"
"5020563",370751,2026-04-30 07:00:10,32.7693862915039,-16.5764541625977,"Unknown"
"5020563",370751,2026-04-30 07:05:18,32.765209197998,-16.5760498046875,"Unknown"
"5020563",370751,2026-04-30 07:10:12,32.7646293640137,-16.5762367248535,"Unknown"
"5020563",370751,2026-04-30 07:15:10,32.7621955871582,-16.5731258392334,"Unknown"
"5020563",370751,2026-04-30 07:20:14,32.7554969787598,-16.5713138580322,"Unknown"
"5020563",370751,2026-04-30 07:25:13,32.7547378540039,-16.5712184906006,"Unknown"
"5020563",370751,2026-04-30 07:30:13,32.7393379211426,-16.5678958892822,"Unknown"
"5020563",370751,2026-04-30 07:35:13,32.738883972168,-16.5684032440186,"Unknown"
"5020563",370751,2026-04-30 07:40:33,32.7387084960938,-16.5688190460205,"Unknown"
"5020563",370751,2026-04-30 07:45:11,32.7384414672852,-16.5690879821777,"Unknown"
"5020563",370751,2026-04-30 07:50:11,32.7382965087891,-16.5695419311523,"Unknown"
"5020563",370751,2026-04-30 07:55:10,32.7276763916016,-16.5709209442139,"Unknown"
"5020563",370751,2026-04-30 08:00:11,32.7277488708496,-16.571138381958,"Unknown"
"5020563",370751,2026-04-30 08:05:11,32.7278175354004,-16.5712356567383,"Unknown"
"5020563",370751,2026-04-30 08:10:12,32.7277145385742,-16.5713176727295,"Unknown"
"5020563",370751,2026-04-30 08:15:11,32.732307434082,-16.5700397491455,"Unknown"
"5020563",370751,2026-04-30 08:20:10,32.7342872619629,-16.567253112793,"Unknown"
"5020563",370751,2026-04-30 08:25:13,32.7341384887695,-16.5672569274902,"Unknown"
"5020563",370751,2026-04-30 08:30:11,32.734073638916,-16.5675106048584,"Unknown"
"5020563",370751,2026-04-30 08:35:11,32.7339553833008,-16.5677947998047,"Unknown"
"5020563",370751,2026-04-30 08:40:11,32.7338371276855,-16.5680255889893,"Unknown"
"5020563",370751,2026-04-30 08:45:11,32.7337837219238,-16.5683612823486,"Unknown"
"5020563",370751,2026-04-30 08:50:11,32.7337608337402,-16.5687294006348,"Unknown"
"5020563",370751,2026-04-30 08:55:12,32.7337608337402,-16.5690040588379,"Unknown"
"5020563",370751,2026-04-30 09:00:33,32.7340698242188,-16.5690517425537,"Unknown"
"5020563",370751,2026-04-30 09:05:12,32.7344169616699,-16.5691471099854,"Unknown"
"5020563",370751,2026-04-30 09:10:11,32.7347717285156,-16.5692253112793,"Unknown"
"5020563",370751,2026-04-30 09:15:11,32.7351684570312,-16.5693874359131,"Unknown"
"5020563",370751,2026-04-30 09:20:11,32.7355918884277,-16.5696086883545,"Unknown"
"5020563",370751,2026-04-30 09:25:11,32.736011505127,-16.5698738098145,"Unknown"
"5020563",370751,2026-04-30 09:30:11,32.7366104125977,-16.5702266693115,"Unknown"
"5020563",370751,2026-04-30 09:35:13,32.7370643615723,-16.5703239440918,"Unknown"
"5020563",370751,2026-04-30 09:40:12,32.7374610900879,-16.5706634521484,"Unknown"
"5020563",370751,2026-04-30 09:45:13,32.7380180358887,-16.5709247589111,"Unknown"
"5020563",370751,2026-04-30 09:50:11,32.7386016845703,-16.5710487365723,"Unknown"
"5020563",370751,2026-04-30 09:55:14,32.7391967773438,-16.571195602417,"Unknown"
"5020563",370751,2026-04-30 10:00:13,32.7398147583008,-16.5712490081787,"Unknown"
"5020563",370751,2026-04-30 10:05:16,32.7404708862305,-16.5713176727295,"Unknown"
"5020563",370751,2026-04-30 10:10:14,32.7411041259766,-16.5715408325195,"Unknown"
"5020563",370751,2026-04-30 10:15:11,32.7418060302734,-16.5716724395752,"Unknown"
"5020563",370751,2026-04-30 10:20:14,32.7424697875977,-16.5719223022461,"Unknown"
"5020563",370751,2026-04-30 10:25:14,32.7463531494141,-16.580623626709,"Unknown"
"5020563",370751,2026-04-30 10:30:14,32.7498931884766,-16.5848541259766,"Unknown"
"5020563",370751,2026-04-30 10:35:12,32.7527389526367,-16.591459274292,"Unknown"
"5020563",370751,2026-04-30 10:40:33,32.7534408569336,-16.5921669006348,"Unknown"
"5020563",370751,2026-04-30 10:45:11,32.7543106079102,-16.5928230285645,"Unknown"
"5020563",370751,2026-04-30 10:50:11,32.7732009887695,-16.6195373535156,"Unknown"
"5020563",370751,2026-04-30 10:55:13,32.7954597473145,-16.5920562744141,"Unknown"
"5020563",370751,2026-04-30 11:00:13,32.8235321044922,-16.5675926208496,"Unknown"
"5020563",370751,2026-04-30 11:05:11,32.8433494567871,-16.5415935516357,"Unknown"
"5020563",370751,2026-04-30 11:10:11,32.8502006530762,-16.5274295806885,"Unknown"
"5020563",370751,2026-04-30 11:15:11,32.8505020141602,-16.5284996032715,"Unknown"
"5020563",370751,2026-04-30 11:20:11,32.850715637207,-16.5295848846436,"Unknown"
"5020563",370751,2026-04-30 11:25:11,32.8510475158691,-16.5305881500244,"Unknown"
"5020563",370751,2026-04-30 11:30:11,32.8515129089355,-16.5314674377441,"Unknown"
"5020563",370751,2026-04-30 11:35:13,32.8519744873047,-16.5324382781982,"Unknown"
"5020563",370751,2026-04-30 11:40:12,32.8543701171875,-16.5298156738281,"Unknown"
"5020563",370751,2026-04-30 11:45:14,32.875904083252,-16.5010719299316,"Unknown"
"5020563",370751,2026-04-30 11:50:13,32.8888168334961,-16.4951038360596,"Unknown"
"5020563",370751,2026-04-30 11:55:12,32.9093971252441,-16.4863834381104,"Unknown"
"5020563",370751,2026-04-30 12:00:16,32.9306716918945,-16.4895458221436,"Unknown"
"5020563",370751,2026-04-30 12:06:03,32.9450836181641,-16.4921054840088,"Unknown"
"5020563",370751,2026-04-30 12:10:11,32.9495124816895,-16.4896221160889,"Unknown"
"5020563",370751,2026-04-30 12:15:11,32.9623603820801,-16.4875926971436,"Unknown"
"5020563",370751,2026-04-30 12:20:11,32.98583984375,-16.4687519073486,"Unknown"
"5020563",370751,2026-04-30 12:25:12,33.0146560668945,-16.4422302246094,"Unknown"
"5020563",370751,2026-04-30 12:30:12,33.0503730773926,-16.4215660095215,"Unknown"
"5020563",370751,2026-04-30 12:35:12,33.0835609436035,-16.4186058044434,"Unknown"
"5020563",370751,2026-04-30 12:40:11,33.1095008850098,-16.4314727783203,"Unknown"
"5020563",370751,2026-04-30 12:45:13,33.1231269836426,-16.4628067016602,"Unknown"
"5020563",370751,2026-04-30 12:50:12,33.1255569458008,-16.46262550354,"Unknown"
"5020563",370751,2026-04-30 12:55:11,33.1277313232422,-16.4660015106201,"Unknown"
"5020563",370751,2026-04-30 13:00:17,33.1274757385254,-16.4669742584229,"Unknown"
"5020563",370751,2026-04-30 13:05:15,33.1279335021973,-16.4667110443115,"Unknown"
"5020563",370751,2026-04-30 13:10:13,33.1284523010254,-16.466423034668,"Unknown"
"5020563",370751,2026-04-30 13:16:36,33.1387634277344,-16.4675197601318,"Unknown"
"5020563",370751,2026-04-30 13:21:36,33.1613655090332,-16.4756145477295,"Unknown"
"5020563",370751,2026-04-30 13:26:33,33.1810455322266,-16.4527263641357,"Unknown"
"5020563",370751,2026-04-30 13:30:47,33.1973266601562,-16.447732925415,"Unknown"
"5020563",370751,2026-04-30 13:35:10,33.2010841369629,-16.4616413116455,"Unknown"
"5020563",370751,2026-04-30 13:40:12,33.202766418457,-16.4483585357666,"Unknown"
"5020563",370751,2026-04-30 13:45:10,33.2011489868164,-16.4577941894531,"Unknown"
"5020563",370751,2026-04-30 13:50:10,33.205638885498,-16.4509029388428,"Unknown"
"5020563",370751,2026-04-30 13:55:13,33.2072677612305,-16.4422225952148,"Unknown"
"5020563",370751,2026-04-30 14:00:12,33.209041595459,-16.4387340545654,"Unknown"
"5020563",370751,2026-04-30 14:05:13,33.2099227905273,-16.4385032653809,"Unknown"
"5020563",370751,2026-04-30 14:10:13,33.2170295715332,-16.4156837463379,"Unknown"
"5020563",370751,2026-04-30 14:15:13,33.231388092041,-16.3844757080078,"Unknown"
"5020563",370751,2026-04-30 14:20:10,33.2573204040527,-16.355842590332,"Unknown"
"5020563",370751,2026-04-30 14:25:10,33.276424407959,-16.3266296386719,"Unknown"
"5020563",370751,2026-04-30 14:30:10,33.2923393249512,-16.3049163818359,"Unknown"
"5020563",370751,2026-04-30 14:35:11,33.3199081420898,-16.2787609100342,"Unknown"
"5020563",370751,2026-04-30 14:40:12,33.3415069580078,-16.2519569396973,"Unknown"
"5020563",370751,2026-04-30 14:45:14,33.3640098571777,-16.2241859436035,"Unknown"
"5020563",370751,2026-04-30 14:50:11,33.3898696899414,-16.1973304748535,"Unknown"
"5020563",370751,2026-04-30 14:55:11,33.4123687744141,-16.1720581054688,"Unknown"
"5020563",370751,2026-04-30 15:00:13,33.4357719421387,-16.1413383483887,"Unknown"
"5020563",370751,2026-04-30 15:05:11,33.4631996154785,-16.1339893341064,"Unknown"
"5020563",370751,2026-04-30 15:10:14,33.4810371398926,-16.1710109710693,"Unknown"
"5020563",370751,2026-04-30 15:15:11,33.4945678710938,-16.207447052002,"Unknown"
"5020563",370751,2026-04-30 15:20:14,33.5106010437012,-16.2444915771484,"Unknown"
"5020563",370751,2026-04-30 15:25:13,33.5174369812012,-16.2813930511475,"Unknown"
"5020563",370751,2026-04-30 15:30:12,33.5189514160156,-16.3005352020264,"Unknown"
"5020563",370751,2026-04-30 15:35:13,33.5204544067383,-16.3154754638672,"Unknown"
"5020563",370751,2026-04-30 15:40:13,33.5240325927734,-16.3428974151611,"Unknown"
"5020563",370751,2026-04-30 15:45:13,33.523265838623,-16.3744964599609,"Unknown"
"5020563",370751,2026-04-30 15:50:33,33.5265350341797,-16.4054851531982,"Unknown"
"5020563",370751,2026-04-30 15:55:12,33.532283782959,-16.4291915893555,"Unknown"
"5020563",370751,2026-04-30 16:16:36,33.5197372436523,-16.5480976104736,"Unknown"
"5020563",370751,2026-04-30 16:21:27,33.5009613037109,-16.5478172302246,"Unknown"
"5020563",370751,2026-04-30 16:25:10,33.4885177612305,-16.5471019744873,"Unknown"
"5020563",370751,2026-04-30 16:30:10,33.4765815734863,-16.5302734375,"Unknown"
"5020563",370751,2026-04-30 16:35:10,33.4615211486816,-16.5236549377441,"Unknown"
"5020563",370751,2026-04-30 16:40:20,33.4458847045898,-16.5175876617432,"Unknown"
"5020563",370751,2026-04-30 16:45:19,33.4285049438477,-16.5200309753418,"Unknown"
"5020563",370751,2026-04-30 16:50:19,33.4234619140625,-16.5233345031738,"Unknown"
"5020563",370751,2026-04-30 16:55:20,33.4089546203613,-16.5198097229004,"Unknown"
"5020563",370751,2026-04-30 17:00:19,33.396053314209,-16.5006294250488,"Unknown"
"5020563",370751,2026-04-30 17:05:19,33.3852119445801,-16.4819278717041,"Unknown"
"5020563",370751,2026-04-30 17:10:19,33.3740844726562,-16.4839839935303,"Unknown"
"5020563",370751,2026-04-30 17:15:23,33.3708000183105,-16.4889888763428,"Unknown"
"5020563",370751,2026-04-30 17:20:24,33.3568382263184,-16.4968948364258,"Unknown"
"5020563",370751,2026-04-30 17:25:19,33.3419647216797,-16.4995822906494,"Unknown"
"5020563",370751,2026-04-30 17:30:21,33.3300933837891,-16.4999561309814,"Unknown"
"5020563",370751,2026-04-30 17:35:22,33.3243255615234,-16.4876022338867,"Unknown"
"5020563",370751,2026-04-30 17:40:20,33.3057136535645,-16.4795989990234,"Unknown"
"5020563",370751,2026-04-30 17:45:21,33.2873268127441,-16.4670543670654,"Unknown"
"5020563",370751,2026-04-30 17:50:22,33.2748565673828,-16.4453601837158,"Unknown"
"5020563",370751,2026-04-30 17:56:45,33.2640724182129,-16.431827545166,"Unknown"
"5020563",370751,2026-04-30 18:00:51,33.2518463134766,-16.4275512695312,"Unknown"
"5020563",370751,2026-04-30 18:06:45,33.2416229248047,-16.4392490386963,"Unknown"
"5020563",370751,2026-04-30 18:10:47,33.2397155761719,-16.4364681243896,"Unknown"
"5020563",370751,2026-04-30 18:15:21,33.2387046813965,-16.4342994689941,"Unknown"
"5020563",370751,2026-04-30 18:20:19,33.2365684509277,-16.4307594299316,"Unknown"
"5020563",370751,2026-04-30 18:25:19,33.2360763549805,-16.4277324676514,"Unknown"
"5020563",370751,2026-04-30 18:30:20,33.234260559082,-16.4249992370605,"Unknown"
"5020563",370751,2026-04-30 18:35:36,33.2344017028809,-16.4206237792969,"Unknown"
"5020563",370751,2026-04-30 18:40:20,33.2311515808105,-16.4192714691162,"Unknown"
"5020563",370751,2026-04-30 18:45:20,33.2306365966797,-16.4148921966553,"Unknown"
"5020563",370751,2026-04-30 18:50:25,33.231029510498,-16.4106521606445,"Unknown"
"5020563",370751,2026-04-30 18:55:22,33.2306747436523,-16.4059219360352,"Unknown"
"5020563",370751,2026-04-30 19:01:45,33.2390594482422,-16.405345916748,"Unknown"
"5020563",370751,2026-04-30 19:05:19,33.2432327270508,-16.4043159484863,"Unknown"
"5020563",370751,2026-04-30 19:10:19,33.2436828613281,-16.3974533081055,"Unknown"
"5020563",370751,2026-04-30 19:15:19,33.248462677002,-16.3925361633301,"Unknown"
"5020563",370751,2026-04-30 19:20:19,33.2493171691895,-16.389310836792,"Unknown"
"5020563",370751,2026-04-30 19:25:27,33.2485427856445,-16.3849086761475,"Unknown"
"5020563",370751,2026-04-30 19:30:19,33.2504463195801,-16.3805236816406,"Unknown"
"5020563",370751,2026-04-30 19:35:20,33.2452697753906,-16.3793182373047,"Unknown"
"5020563",370751,2026-04-30 19:40:19,33.2427177429199,-16.3763809204102,"Unknown"
"5020563",370751,2026-04-30 19:45:20,33.2484359741211,-16.3688373565674,"Unknown"
"5020563",370751,2026-04-30 19:50:19,33.2480888366699,-16.3660869598389,"Unknown"
"5020563",370751,2026-04-30 19:55:19,33.253532409668,-16.3652610778809,"Unknown"
"5020563",370751,2026-04-30 20:00:23,33.2536315917969,-16.364896774292,"Unknown"
"5020563",370751,2026-04-30 20:05:28,33.2533912658691,-16.3644428253174,"Unknown"
"5020563",370751,2026-04-30 20:10:29,33.2530746459961,-16.3638305664062,"Unknown"
"5020563",370751,2026-04-30 20:15:23,33.2525596618652,-16.3635292053223,"Unknown"
"5020563",370751,2026-04-30 20:20:28,33.2521057128906,-16.3633499145508,"Unknown"
"5020563",370751,2026-04-30 20:26:03,33.2445297241211,-16.3577842712402,"Unknown"
"5020563",370751,2026-04-30 20:30:23,33.2167320251465,-16.3464069366455,"Unknown"
"5020563",370751,2026-04-30 20:35:20,33.187614440918,-16.3315105438232,"Unknown"
"5020563",370751,2026-04-30 20:40:20,33.1547508239746,-16.330530166626,"Unknown"
"5020563",370751,2026-04-30 20:45:21,33.1252365112305,-16.3388423919678,"Unknown"
"5020563",370751,2026-04-30 20:50:22,33.1140747070312,-16.3631534576416,"Unknown"
"5020563",370751,2026-04-30 20:55:21,33.1157112121582,-16.3769664764404,"Unknown"
"5020563",370751,2026-04-30 21:00:20,33.1155738830566,-16.3765144348145,"Unknown"
"5020563",370751,2026-04-30 21:05:47,33.115406036377,-16.3760051727295,"Unknown"
"5020563",370751,2026-04-30 21:10:19,33.1153373718262,-16.3756217956543,"Unknown"
"5020563",370751,2026-04-30 21:15:20,33.1152572631836,-16.3752002716064,"Unknown"
"5020563",370751,2026-04-30 21:20:19,33.1151237487793,-16.374828338623,"Unknown"
"5020563",370751,2026-04-30 21:25:19,33.1149673461914,-16.3744869232178,"Unknown"
"5020563",370751,2026-04-30 21:30:19,33.1149253845215,-16.3741416931152,"Unknown"
"5020563",370751,2026-04-30 21:35:19,33.1148719787598,-16.3737869262695,"Unknown"
"5020563",370751,2026-04-30 21:40:20,33.1148071289062,-16.3733501434326,"Unknown"
"5020563",370751,2026-04-30 21:45:21,33.114875793457,-16.3729209899902,"Unknown"
"5020563",370751,2026-04-30 21:50:18,33.1151084899902,-16.3725681304932,"Unknown"
"5020563",370751,2026-04-30 21:55:19,33.1154022216797,-16.372142791748,"Unknown"
"5020563",370751,2026-04-30 22:00:20,33.1156463623047,-16.3715934753418,"Unknown"
"5020563",370751,2026-04-30 22:05:19,33.1158981323242,-16.3710460662842,"Unknown"
"5020563",370751,2026-04-30 22:10:20,33.1160316467285,-16.3704967498779,"Unknown"
"5020563",370751,2026-04-30 22:15:18,33.1161918640137,-16.3698825836182,"Unknown"
"5020563",370751,2026-04-30 22:20:18,33.1162910461426,-16.3693141937256,"Unknown"
"5020563",370751,2026-04-30 22:25:20,33.1164054870605,-16.3686466217041,"Unknown"
"5020563",370751,2026-04-30 22:30:19,33.1176490783691,-16.3603267669678,"Unknown"
"5020563",370751,2026-04-30 22:35:19,33.1167602539062,-16.3516635894775,"Unknown"
"5020563",370751,2026-04-30 22:40:22,33.1162872314453,-16.321252822876,"Unknown"
"5020563",370751,2026-04-30 22:45:21,33.1164970397949,-16.2966632843018,"Unknown"
"5020563",370751,2026-04-30 22:50:18,33.1062355041504,-16.2741107940674,"Unknown"
"5020563",370751,2026-04-30 22:55:21,33.0985450744629,-16.2689380645752,"Unknown"
"5020563",370751,2026-04-30 23:00:22,33.098991394043,-16.2683391571045,"Unknown"
"5020563",370751,2026-04-30 23:05:22,33.0993385314941,-16.2676467895508,"Unknown"
"5020563",370751,2026-04-30 23:10:24,33.0997009277344,-16.2668132781982,"Unknown"
"5020563",370751,2026-04-30 23:15:51,33.0999221801758,-16.2657241821289,"Unknown"
"5020563",370751,2026-04-30 23:20:19,33.1001091003418,-16.2650527954102,"Unknown"
"5020563",370751,2026-04-30 23:25:19,33.1003112792969,-16.2642269134521,"Unknown"
"5020563",370751,2026-04-30 23:30:19,33.1004829406738,-16.2635402679443,"Unknown"
"5020563",370751,2026-04-30 23:35:19,33.1008148193359,-16.2632179260254,"Unknown"
"5020563",370751,2026-04-30 23:40:19,33.1011390686035,-16.2627964019775,"Unknown"
"5020563",370751,2026-04-30 23:45:18,33.1014595031738,-16.2622375488281,"Unknown"
"5020563",370751,2026-04-30 23:50:19,33.1017761230469,-16.2616424560547,"Unknown"
"5020563",370751,2026-04-30 23:55:18,33.1020660400391,-16.2612342834473,"Unknown"
"5020563",370751,2026-05-01 00:00:19,33.1023025512695,-16.2605972290039,"Unknown"
"5020563",370751,2026-05-01 00:05:19,33.1025314331055,-16.2600364685059,"Unknown"
"5020563",370751,2026-05-01 00:10:19,33.1027488708496,-16.259391784668,"Unknown"
"5020563",370751,2026-05-01 00:15:18,33.1029472351074,-16.2587852478027,"Unknown"
"5020563",370751,2026-05-01 00:20:19,33.1031723022461,-16.2582817077637,"Unknown"
"5020563",370751,2026-05-01 00:25:18,33.1033592224121,-16.2577495574951,"Unknown"
"5020563",370751,2026-05-01 00:30:19,33.1034851074219,-16.2571620941162,"Unknown"
"5020563",370751,2026-05-01 00:35:19,33.1036338806152,-16.25657081604,"Unknown"
"5020563",370751,2026-05-01 00:40:19,33.103687286377,-16.2558364868164,"Unknown"
"5020563",370751,2026-05-01 00:45:19,33.1037101745605,-16.2551116943359,"Unknown"
"5020563",370751,2026-05-01 00:50:19,33.1037330627441,-16.2543792724609,"Unknown"
"5020563",370751,2026-05-01 00:55:22,33.1036491394043,-16.2534999847412,"Unknown"
"5020563",370751,2026-05-01 01:00:19,33.1036071777344,-16.2525939941406,"Unknown"
"5020563",370751,2026-05-01 01:05:21,33.1035423278809,-16.2518367767334,"Unknown"
"5020563",370751,2026-05-01 01:10:19,33.1035118103027,-16.251091003418,"Unknown"
"5020563",370751,2026-05-01 01:15:20,33.1035614013672,-16.2504024505615,"Unknown"
"5020563",370751,2026-05-01 01:20:20,33.1035461425781,-16.2498531341553,"Unknown"
"5020563",370751,2026-05-01 01:25:23,33.103515625,-16.2493686676025,"Unknown"
"5020563",370751,2026-05-01 01:30:20,33.1036071777344,-16.2487335205078,"Unknown"
"5020563",370751,2026-05-01 01:35:23,33.103702545166,-16.2484169006348,"Unknown"
"5020563",370751,2026-05-01 01:40:51,33.1038589477539,-16.2481441497803,"Unknown"
"5020563",370751,2026-05-01 01:45:19,33.1039810180664,-16.2479496002197,"Unknown"
"5020563",370751,2026-05-01 01:50:19,33.1040306091309,-16.2477531433105,"Unknown"
"5020563",370751,2026-05-01 01:55:19,33.1041679382324,-16.2473163604736,"Unknown"
"5020563",370751,2026-05-01 02:00:19,33.1041831970215,-16.2468070983887,"Unknown"
"5020563",370751,2026-05-01 02:05:19,33.1042709350586,-16.246280670166,"Unknown"
"5020563",370751,2026-05-01 02:10:19,33.1043701171875,-16.2458419799805,"Unknown"
"5020563",370751,2026-05-01 02:15:19,33.1043815612793,-16.2452392578125,"Unknown"
"5020563",370751,2026-05-01 02:20:20,33.1043891906738,-16.244815826416,"Unknown"
"5020563",370751,2026-05-01 02:25:19,33.1043167114258,-16.2443103790283,"Unknown"
"5020563",370751,2026-05-01 02:30:19,33.1041374206543,-16.2437896728516,"Unknown"
"5020563",370751,2026-05-01 02:35:19,33.1040344238281,-16.2433032989502,"Unknown"
"5020563",370751,2026-05-01 02:40:19,33.1038970947266,-16.2427062988281,"Unknown"
"5020563",370751,2026-05-01 02:45:19,33.103816986084,-16.2420558929443,"Unknown"
"5020563",370751,2026-05-01 02:50:19,33.1037216186523,-16.2412853240967,"Unknown"
"5020563",370751,2026-05-01 02:55:19,33.1035614013672,-16.2406253814697,"Unknown"
"5020563",370751,2026-05-01 03:00:19,33.1033935546875,-16.2398567199707,"Unknown"
"5020563",370751,2026-05-01 03:05:19,33.1032180786133,-16.2390308380127,"Unknown"
"5020563",370751,2026-05-01 03:10:19,33.1030731201172,-16.2382068634033,"Unknown"
"5020563",370751,2026-05-01 03:15:21,33.1029281616211,-16.2373027801514,"Unknown"
"5020563",370751,2026-05-01 03:20:19,33.1027221679688,-16.2365016937256,"Unknown"
"5020563",370751,2026-05-01 03:25:20,33.1025886535645,-16.2356224060059,"Unknown"
"5020563",370751,2026-05-01 03:30:19,33.1024971008301,-16.2349586486816,"Unknown"
"5020563",370751,2026-05-01 03:35:19,33.1023330688477,-16.2344608306885,"Unknown"
"5020563",370751,2026-05-01 03:40:21,33.102222442627,-16.2337589263916,"Unknown"
"5020563",370751,2026-05-01 03:45:22,33.1021995544434,-16.2329235076904,"Unknown"
"5020563",370751,2026-05-01 03:50:20,33.1021995544434,-16.2320766448975,"Unknown"
"5020563",370751,2026-05-01 03:55:21,33.1022033691406,-16.2313671112061,"Unknown"
"5020563",370751,2026-05-01 04:01:21,33.1020393371582,-16.2396659851074,"Unknown"
"5020563",370751,2026-05-01 04:05:20,33.1021842956543,-16.257511138916,"Unknown"
"5020563",370751,2026-05-01 04:10:21,33.1060981750488,-16.2625522613525,"Unknown"
"5020563",370751,2026-05-01 04:15:20,33.1055755615234,-16.2626113891602,"Unknown"
"5020563",370751,2026-05-01 04:20:20,33.1050186157227,-16.2626953125,"Unknown"
"5020563",370751,2026-05-01 04:25:47,33.1044273376465,-16.262866973877,"Unknown"
"5020563",370751,2026-05-01 04:30:19,33.1038932800293,-16.2629013061523,"Unknown"
"5020563",370751,2026-05-01 04:35:19,33.1030158996582,-16.2629928588867,"Unknown"
"5020563",370751,2026-05-01 04:40:19,33.1023483276367,-16.2630252838135,"Unknown"
"5020563",370751,2026-05-01 04:45:18,33.1017112731934,-16.2630596160889,"Unknown"
"5020563",370751,2026-05-01 04:50:19,33.1009902954102,-16.2630729675293,"Unknown"
"5020563",370751,2026-05-01 04:55:19,33.1037750244141,-16.2704734802246,"Unknown"
"5020563",370751,2026-05-01 05:00:19,33.1177940368652,-16.283878326416,"Unknown"
"5020563",370751,2026-05-01 05:05:19,33.1304321289062,-16.2968273162842,"Unknown"
"5020563",370751,2026-05-01 05:10:19,33.1331901550293,-16.2992305755615,"Unknown"
"5020563",370751,2026-05-01 05:15:19,33.1329154968262,-16.299108505249,"Unknown"
"5020563",370751,2026-05-01 05:20:19,33.1331977844238,-16.2999114990234,"Unknown"
"5020563",370751,2026-05-01 05:25:19,33.1382179260254,-16.3096446990967,"Unknown"
"5020563",370751,2026-05-01 05:30:20,33.138126373291,-16.3094215393066,"Unknown"
"5020563",370751,2026-05-01 05:35:19,33.1383056640625,-16.3092460632324,"Unknown"
"5020563",370751,2026-05-01 05:40:19,33.1385498046875,-16.3096084594727,"Unknown"
"5020563",370751,2026-05-01 05:45:19,33.1449737548828,-16.3141002655029,"Unknown"
"5020563",370751,2026-05-01 05:50:19,33.1615905761719,-16.322193145752,"Unknown"
"5020563",370751,2026-05-01 05:55:19,33.1769790649414,-16.31103515625,"Unknown"
"5020563",370751,2026-05-01 06:00:19,33.1949195861816,-16.3024749755859,"Unknown"
"5020563",370751,2026-05-01 06:05:19,33.2115325927734,-16.2983360290527,"Unknown"
"5020563",370751,2026-05-01 06:10:20,33.2181053161621,-16.3019504547119,"Unknown"
"5020563",370751,2026-05-01 06:15:20,33.2069053649902,-16.3245716094971,"Unknown"
"5020563",370751,2026-05-01 06:20:20,33.191219329834,-16.3432693481445,"Unknown"
"5020563",370751,2026-05-01 06:25:20,33.2009658813477,-16.3631477355957,"Unknown"
"5020563",370751,2026-05-01 06:30:18,33.1978607177734,-16.3712520599365,"Unknown"
"5020563",370751,2026-05-01 06:35:25,33.1931610107422,-16.3656673431396,"Unknown"
"5020563",370751,2026-05-01 06:40:20,33.1910438537598,-16.3606548309326,"Unknown"
"5020563",370751,2026-05-01 06:45:21,33.1922225952148,-16.3544750213623,"Unknown"
"5020563",370751,2026-05-01 06:50:20,33.1913833618164,-16.3482875823975,"Unknown"
"5020563",370751,2026-05-01 06:55:19,33.1958656311035,-16.3450660705566,"Unknown"
"5020563",370751,2026-05-01 07:00:47,33.1973037719727,-16.3395919799805,"Unknown"
"5020563",370751,2026-05-01 07:05:19,33.2014350891113,-16.3346977233887,"Unknown"
"5020563",370751,2026-05-01 07:10:19,33.2003593444824,-16.3336524963379,"Unknown"
"5020563",370751,2026-05-01 07:15:20,33.1960945129395,-16.3366146087646,"Unknown"
"5020563",370751,2026-05-01 07:20:20,33.1987228393555,-16.3375511169434,"Unknown"
"5020563",370751,2026-05-01 07:25:19,33.1987152099609,-16.3380851745605,"Unknown"
"5020563",370751,2026-05-01 07:30:20,33.1986083984375,-16.3385581970215,"Unknown"
"5020563",370751,2026-05-01 07:35:20,33.1986198425293,-16.3389949798584,"Unknown"
"5020563",370751,2026-05-01 07:40:20,33.198657989502,-16.3394680023193,"Unknown"
"5020563",370751,2026-05-01 07:45:20,33.1986885070801,-16.3398838043213,"Unknown"
"5020563",370751,2026-05-01 07:50:19,33.1987228393555,-16.3403797149658,"Unknown"
"5020563",370751,2026-05-01 07:55:20,33.1985397338867,-16.3407821655273,"Unknown"
"5020563",370751,2026-05-01 08:00:20,33.1983489990234,-16.341236114502,"Unknown"
"5020563",370751,2026-05-01 08:05:23,33.1983451843262,-16.3418025970459,"Unknown"
"5020563",370751,2026-05-01 08:10:20,33.1984176635742,-16.3423175811768,"Unknown"
"5020563",370751,2026-05-01 08:15:22,33.1984176635742,-16.3428554534912,"Unknown"
"5020563",370751,2026-05-01 08:20:20,33.1984100341797,-16.3434391021729,"Unknown"
"5020563",370751,2026-05-01 08:25:21,33.1984329223633,-16.344030380249,"Unknown"
"5020563",370751,2026-05-01 08:30:22,33.1964721679688,-16.3486995697021,"Unknown"
"5020563",370751,2026-05-01 08:35:35,33.1926574707031,-16.3456020355225,"Unknown"
"5020563",370751,2026-05-01 08:40:24,33.1919059753418,-16.3448009490967,"Unknown"
"5020563",370751,2026-05-01 08:45:22,33.193473815918,-16.3405914306641,"Unknown"
"5020563",370751,2026-05-01 08:50:24,33.1933708190918,-16.3410568237305,"Unknown"
"5020563",370751,2026-05-01 08:55:47,33.1932029724121,-16.3414840698242,"Unknown"
"5020563",370751,2026-05-01 09:00:20,33.1931114196777,-16.3417491912842,"Unknown"
"5020563",370751,2026-05-01 09:05:20,33.1931800842285,-16.3419208526611,"Unknown"
"5020563",370751,2026-05-01 09:10:20,33.1931266784668,-16.3423004150391,"Unknown"
"5020563",370751,2026-05-01 09:15:20,33.1931304931641,-16.3427906036377,"Unknown"
"5020563",370751,2026-05-01 09:20:19,33.1930770874023,-16.3430824279785,"Unknown"
"5020563",370751,2026-05-01 09:25:22,33.1930541992188,-16.3433094024658,"Unknown"
"5020563",370751,2026-05-01 09:30:20,33.1930274963379,-16.3434829711914,"Unknown"
"5020563",370751,2026-05-01 09:35:22,33.1930274963379,-16.3436965942383,"Unknown"
"5020563",370751,2026-05-01 09:40:24,33.1930847167969,-16.3439121246338,"Unknown"
"5020563",370751,2026-05-01 09:45:24,33.1931076049805,-16.3440570831299,"Unknown"
"5020563",370751,2026-05-01 09:50:23,33.1932106018066,-16.3441905975342,"Unknown"
"5020563",370751,2026-05-01 09:55:22,33.1934204101562,-16.3443584442139,"Unknown"
"5020563",370751,2026-05-01 10:00:23,33.1936264038086,-16.3444881439209,"Unknown"
"5020563",370751,2026-05-01 10:05:23,33.1937942504883,-16.3446979522705,"Unknown"
"5020563",370751,2026-05-01 10:10:47,33.1944313049316,-16.3444118499756,"Unknown"
"5020563",370751,2026-05-01 10:15:24,33.1946830749512,-16.3445320129395,"Unknown"
"5020563",370751,2026-05-01 10:20:22,33.1949882507324,-16.3445358276367,"Unknown"
"5020563",370751,2026-05-01 10:25:20,33.1953773498535,-16.3445129394531,"Unknown"
"5020563",370751,2026-05-01 10:30:22,33.1958236694336,-16.3444747924805,"Unknown"
"5020563",370751,2026-05-01 10:35:23,33.196159362793,-16.3444404602051,"Unknown"
"5020563",370751,2026-05-01 10:40:21,33.1965141296387,-16.3443412780762,"Unknown"
"5020563",370751,2026-05-01 10:45:23,33.1967849731445,-16.3443050384521,"Unknown"
"5020563",370751,2026-05-01 10:50:25,33.196949005127,-16.3442211151123,"Unknown"
"5020563",370751,2026-05-01 10:55:51,33.1972236633301,-16.3440895080566,"Unknown"
"5020563",370751,2026-05-01 11:00:19,33.1973915100098,-16.3440742492676,"Unknown"
"5020563",370751,2026-05-01 11:05:20,33.1939544677734,-16.3511333465576,"Unknown"
"5020563",370751,2026-05-01 11:10:19,33.1895866394043,-16.3499393463135,"Unknown"
"5020563",370751,2026-05-01 11:15:19,33.1850814819336,-16.3500423431396,"Unknown"
"5020563",370751,2026-05-01 11:20:19,33.1833724975586,-16.3460674285889,"Unknown"
"5020563",370751,2026-05-01 11:25:19,33.1849822998047,-16.34348487854,"Unknown"
"5020563",370751,2026-05-01 11:30:19,33.1851043701172,-16.3432102203369,"Unknown"
"5020563",370751,2026-05-01 11:35:20,33.1849021911621,-16.3430118560791,"Unknown"
"5020563",370751,2026-05-01 11:40:19,33.1850852966309,-16.3427619934082,"Unknown"
"5020563",370751,2026-05-01 11:45:19,33.1854019165039,-16.3425159454346,"Unknown"
"5020563",370751,2026-05-01 11:50:19,33.1855773925781,-16.3423652648926,"Unknown"
"5020563",370751,2026-05-01 11:55:19,33.1857261657715,-16.3421459197998,"Unknown"
"5020563",370751,2026-05-01 12:00:19,33.1859397888184,-16.3418922424316,"Unknown"
"5020563",370751,2026-05-01 12:05:19,33.1861152648926,-16.3418235778809,"Unknown"
"5020563",370751,2026-05-01 12:10:19,33.1863861083984,-16.3416576385498,"Unknown"
"5020563",370751,2026-05-01 12:15:19,33.1865043640137,-16.3415336608887,"Unknown"
"5020563",370751,2026-05-01 12:20:19,33.1866569519043,-16.3413028717041,"Unknown"
"5020563",370751,2026-05-01 12:25:19,33.186939239502,-16.3410682678223,"Unknown"
"5020563",370751,2026-05-01 12:30:19,33.1868743896484,-16.340934753418,"Unknown"
"5020563",370751,2026-05-01 12:35:19,33.1871490478516,-16.3408355712891,"Unknown"
"5020563",370751,2026-05-01 12:40:21,33.1875114440918,-16.3405590057373,"Unknown"
"5020563",370751,2026-05-01 12:45:19,33.1878395080566,-16.3403053283691,"Unknown"
"5020563",370751,2026-05-01 12:50:19,33.188060760498,-16.340015411377,"Unknown"
"5020563",370751,2026-05-01 12:55:22,33.1884803771973,-16.3394966125488,"Unknown"
"5020563",370751,2026-05-01 13:00:29,33.1887626647949,-16.3387813568115,"Unknown"
"5020563",370751,2026-05-01 13:05:47,33.1891288757324,-16.3385181427002,"Unknown"
"5020563",370751,2026-05-01 13:10:20,33.1893920898438,-16.3383083343506,"Unknown"
"5020563",370751,2026-05-01 13:15:19,33.189640045166,-16.3381195068359,"Unknown"
"5020563",370751,2026-05-01 13:20:21,33.1898384094238,-16.3377323150635,"Unknown"
"5020563",370751,2026-05-01 13:25:20,33.1915245056152,-16.3271751403809,"Unknown"
"5020563",370751,2026-05-01 13:30:21,33.1916122436523,-16.3270702362061,"Unknown"
"5020563",370751,2026-05-01 13:35:24,33.1914215087891,-16.3269062042236,"Unknown"
"5020563",370751,2026-05-01 13:40:21,33.1915969848633,-16.3265571594238,"Unknown"
"5020563",370751,2026-05-01 13:45:25,33.1915664672852,-16.3262825012207,"Unknown"
"5020563",370751,2026-05-01 13:50:24,33.1914100646973,-16.3258800506592,"Unknown"
"5020563",370751,2026-05-01 13:55:25,33.1913223266602,-16.3254070281982,"Unknown"
"5020563",370751,2026-05-01 14:00:30,33.1912231445312,-16.3249797821045,"Unknown"
"5020563",370751,2026-05-01 14:05:22,33.191104888916,-16.3244705200195,"Unknown"
"5020563",370751,2026-05-01 14:10:24,33.1909484863281,-16.3241310119629,"Unknown"
"5020563",370751,2026-05-01 14:15:20,33.1908302307129,-16.3237972259521,"Unknown"
"5020563",370751,2026-05-01 14:20:24,33.1905479431152,-16.3235263824463,"Unknown"
"5020563",370751,2026-05-01 14:25:24,33.1903800964355,-16.3232002258301,"Unknown"
"5020563",370751,2026-05-01 14:30:20,33.1901092529297,-16.3229751586914,"Unknown"
"5020563",370751,2026-05-01 14:35:23,33.1898880004883,-16.3228225708008,"Unknown"
"5020563",370751,2026-05-01 14:40:25,33.1897277832031,-16.3228168487549,"Unknown"
"5020563",370751,2026-05-01 14:45:26,33.1896438598633,-16.3226222991943,"Unknown"
"5020563",370751,2026-05-01 14:50:24,33.1894035339355,-16.3224544525146,"Unknown"
"5020563",370751,2026-05-01 14:55:28,33.1892051696777,-16.3223094940186,"Unknown"
"5020563",370751,2026-05-01 15:00:30,33.1890182495117,-16.3221836090088,"Unknown"
"5020563",370751,2026-05-01 15:05:47,33.1888122558594,-16.3221263885498,"Unknown"
"5020563",370751,2026-05-01 15:10:26,33.1886711120605,-16.32204246521,"Unknown"
"5020563",370751,2026-05-01 15:15:25,33.1884460449219,-16.3218097686768,"Unknown"
"5020563",370751,2026-05-01 15:20:24,33.1882858276367,-16.3216571807861,"Unknown"
"5020563",370751,2026-05-01 15:25:51,33.1881637573242,-16.3214797973633,"Unknown"
"5020563",370751,2026-05-01 15:30:22,33.1880683898926,-16.3213500976562,"Unknown"
"5020563",370751,2026-05-01 15:35:22,33.1880149841309,-16.3212070465088,"Unknown"
"5020563",370751,2026-05-01 15:40:21,33.1878662109375,-16.3209819793701,"Unknown"
"5020563",370751,2026-05-01 15:45:21,33.1877555847168,-16.3208084106445,"Unknown"
"5020563",370751,2026-05-01 15:50:21,33.1877021789551,-16.3206233978271,"Unknown"
"5020563",370751,2026-05-01 15:55:21,33.1876411437988,-16.320499420166,"Unknown"
"5020563",370751,2026-05-01 16:00:21,33.187557220459,-16.3204174041748,"Unknown"
"5020563",370751,2026-05-01 16:05:21,33.1875495910645,-16.3203239440918,"Unknown"
"5020563",370751,2026-05-01 16:10:21,33.1872711181641,-16.3203639984131,"Unknown"
"5020563",370751,2026-05-01 16:15:22,33.1870765686035,-16.3200988769531,"Unknown"
"5020563",370751,2026-05-01 16:20:22,33.1868629455566,-16.3198375701904,"Unknown"
"5020563",370751,2026-05-01 16:25:22,33.1866149902344,-16.3196830749512,"Unknown"
"5020563",370751,2026-05-01 16:30:24,33.1864395141602,-16.3196086883545,"Unknown"
"5020563",370751,2026-05-01 16:35:21,33.182430267334,-16.3238525390625,"Unknown"
"5020563",370751,2026-05-01 16:40:22,33.1678581237793,-16.3385906219482,"Unknown"
"5020563",370751,2026-05-01 16:45:22,33.1677894592285,-16.3382797241211,"Unknown"
"5020563",370751,2026-05-01 16:50:22,33.1677742004395,-16.3379821777344,"Unknown"
"5020563",370751,2026-05-01 16:55:23,33.1676902770996,-16.337646484375,"Unknown"
"5020563",370751,2026-05-01 17:00:22,33.1675643920898,-16.3373279571533,"Unknown"
"5020563",370751,2026-05-01 17:05:22,33.1672668457031,-16.3371505737305,"Unknown"
"5020563",370751,2026-05-01 17:10:22,33.1670303344727,-16.3370132446289,"Unknown"
"5020563",370751,2026-05-01 17:15:22,33.1625022888184,-16.3285160064697,"Unknown"
"5020563",370751,2026-05-01 17:20:22,33.1814231872559,-16.3113269805908,"Unknown"
"5020563",370751,2026-05-01 17:25:22,33.185188293457,-16.319803237915,"Unknown"
"5020563",370751,2026-05-01 17:30:23,33.1850166320801,-16.3198318481445,"Unknown"
"5020563",370751,2026-05-01 17:35:23,33.1847305297852,-16.3196811676025,"Unknown"
"5020563",370751,2026-05-01 17:40:23,33.1845092773438,-16.3195571899414,"Unknown"
"5020563",370751,2026-05-01 17:45:22,33.1843910217285,-16.3195037841797,"Unknown"
"5020563",370751,2026-05-01 17:50:22,33.18408203125,-16.3194732666016,"Unknown"
"5020563",370751,2026-05-01 17:55:22,33.1838264465332,-16.3193817138672,"Unknown"
"5020563",370751,2026-05-01 18:00:51,33.1836433410645,-16.3195209503174,"Unknown"
"5020563",370751,2026-05-01 18:05:27,33.1834487915039,-16.3196239471436,"Unknown"
"5020563",370751,2026-05-01 18:10:22,33.183277130127,-16.3196868896484,"Unknown"
"5020563",370751,2026-05-01 18:16:48,33.1896514892578,-16.3335990905762,"Unknown"
"5020563",370751,2026-05-01 18:21:48,33.1998748779297,-16.3533992767334,"Unknown"
"5020563",370751,2026-05-01 18:26:03,33.1898612976074,-16.3578681945801,"Unknown"
"5020563",370751,2026-05-01 18:30:23,33.1759643554688,-16.3776607513428,"Unknown"
"5020563",370751,2026-05-01 18:35:22,33.1735305786133,-16.4015235900879,"Unknown"
"5020563",370751,2026-05-01 18:40:23,33.1976470947266,-16.3986968994141,"Unknown"
"5020563",370751,2026-05-01 18:45:23,33.2103233337402,-16.370304107666,"Unknown"
"5020563",370751,2026-05-01 18:50:22,33.1841926574707,-16.3403739929199,"Unknown"
"5020563",370751,2026-05-01 18:55:22,33.1693534851074,-16.3374271392822,"Unknown"
"5020563",370751,2026-05-01 19:00:22,33.1498718261719,-16.3567600250244,"Unknown"
"5020563",370751,2026-05-01 19:05:22,33.1320495605469,-16.3793659210205,"Unknown"
"5020563",370751,2026-05-01 19:10:24,33.117259979248,-16.3964157104492,"Unknown"
"5020563",370751,2026-05-01 19:15:23,33.1053771972656,-16.4034442901611,"Unknown"
"5020563",370751,2026-05-01 19:20:23,33.1179008483887,-16.4050598144531,"Unknown"
"5020563",370751,2026-05-01 19:25:22,33.1153030395508,-16.4181060791016,"Unknown"
"5020563",370751,2026-05-01 19:30:22,33.0905723571777,-16.4369163513184,"Unknown"
"5020563",370751,2026-05-01 19:35:22,33.0647621154785,-16.4516696929932,"Unknown"
"5020563",370751,2026-05-01 19:40:25,33.0347785949707,-16.4584293365479,"Unknown"
"5020563",370751,2026-05-01 19:46:21,33.0100364685059,-16.4730796813965,"Unknown"
"5020563",370751,2026-05-01 19:50:22,33.008415222168,-16.4811725616455,"Unknown"
"5020563",370751,2026-05-01 19:55:23,33.0064659118652,-16.4831809997559,"Unknown"
"5020563",370751,2026-05-01 20:00:23,33.0014266967773,-16.4768695831299,"Unknown"
"5020563",370751,2026-05-01 20:05:24,32.9872970581055,-16.4580764770508,"Unknown"
"5020563",370751,2026-05-01 20:10:23,32.9891395568848,-16.4516296386719,"Unknown"
"5020563",370751,2026-05-01 20:15:25,32.9885101318359,-16.451208114624,"Unknown"
"5020563",370751,2026-05-01 20:20:23,32.9880218505859,-16.4506168365479,"Unknown"
"5020563",370751,2026-05-01 20:25:23,32.9876022338867,-16.4499950408936,"Unknown"
"5020563",370751,2026-05-01 20:30:23,32.9869155883789,-16.4497890472412,"Unknown"
"5020563",370751,2026-05-01 20:35:23,32.9869918823242,-16.4494209289551,"Unknown"
"5020563",370751,2026-05-01 20:40:23,32.9870910644531,-16.4490604400635,"Unknown"
"5020563",370751,2026-05-01 20:45:23,32.9871139526367,-16.4486503601074,"Unknown"
"5020563",370751,2026-05-01 20:50:23,32.9871826171875,-16.4485168457031,"Unknown"
"5020563",370751,2026-05-01 20:55:23,32.9872398376465,-16.4484367370605,"Unknown"
"5020563",370751,2026-05-01 21:00:24,32.9939308166504,-16.4336719512939,"Unknown"
"5020563",370751,2026-05-01 21:05:24,33.0089530944824,-16.415807723999,"Unknown"
"5020563",370751,2026-05-01 21:10:47,33.0097236633301,-16.4071655273438,"Unknown"
"5020563",370751,2026-05-01 21:15:25,33.0096092224121,-16.4071025848389,"Unknown"
"5020563",370751,2026-05-01 21:20:22,33.0093307495117,-16.4072437286377,"Unknown"
"5020563",370751,2026-05-01 21:25:22,33.0090026855469,-16.4074192047119,"Unknown"
"5020563",370751,2026-05-01 21:30:25,33.0086402893066,-16.4075546264648,"Unknown"
"5020563",370751,2026-05-01 21:35:22,33.0083045959473,-16.4076595306396,"Unknown"
"5020563",370751,2026-05-01 21:40:22,33.0080947875977,-16.4077682495117,"Unknown"
"5020563",370751,2026-05-01 21:45:21,33.0040473937988,-16.4002456665039,"Unknown"
"5020563",370751,2026-05-01 21:50:24,33.0072288513184,-16.4037799835205,"Unknown"
"5020563",370751,2026-05-01 21:55:24,33.0078430175781,-16.4034461975098,"Unknown"
"5020563",370751,2026-05-01 22:00:47,33.0085334777832,-16.4030685424805,"Unknown"
"5020563",370751,2026-05-01 22:05:22,33.0088577270508,-16.4028663635254,"Unknown"
"5020563",370751,2026-05-01 22:10:24,33.0090942382812,-16.4027652740479,"Unknown"
"5020563",370751,2026-05-01 22:15:24,33.0093879699707,-16.4027347564697,"Unknown"
"5020563",370751,2026-05-01 22:20:23,33.0096054077148,-16.4026012420654,"Unknown"
"5020563",370751,2026-05-01 22:25:22,33.009708404541,-16.4025020599365,"Unknown"
"5020563",370751,2026-05-01 22:30:23,33.0098495483398,-16.4023971557617,"Unknown"
"5020563",370751,2026-05-01 22:35:23,33.0098838806152,-16.4021606445312,"Unknown"
"5020563",370751,2026-05-01 22:40:25,33.0099868774414,-16.4020366668701,"Unknown"
"5020563",370751,2026-05-01 22:45:25,33.0100212097168,-16.4018821716309,"Unknown"
"5020563",370751,2026-05-01 22:50:23,33.0103416442871,-16.4016380310059,"Unknown"
"5020563",370751,2026-05-01 22:55:22,33.0106658935547,-16.4014587402344,"Unknown"
"5020563",370751,2026-05-01 23:00:25,33.0110092163086,-16.4012222290039,"Unknown"
"5020563",370751,2026-05-01 23:05:47,33.0113067626953,-16.4009799957275,"Unknown"
"5020563",370751,2026-05-01 23:10:21,33.011344909668,-16.4008693695068,"Unknown"
"5020563",370751,2026-05-01 23:15:23,33.0114860534668,-16.400749206543,"Unknown"
"5020563",370751,2026-05-01 23:20:23,33.0116424560547,-16.4006881713867,"Unknown"
"5020563",370751,2026-05-01 23:25:23,33.0117835998535,-16.4005508422852,"Unknown"
"5020563",370751,2026-05-01 23:30:23,33.0119323730469,-16.400318145752,"Unknown"
"5020563",370751,2026-05-01 23:35:21,33.0120162963867,-16.4000129699707,"Unknown"
"5020563",370751,2026-05-01 23:40:23,33.0120048522949,-16.3998889923096,"Unknown"
"5020563",370751,2026-05-01 23:45:23,33.0120277404785,-16.3997173309326,"Unknown"
"5020563",370751,2026-05-01 23:50:21,33.012279510498,-16.3995761871338,"Unknown"
"5020563",370751,2026-05-01 23:55:21,33.0124168395996,-16.3992595672607,"Unknown"
"5020563",370751,2026-05-02 00:00:21,33.012866973877,-16.3989429473877,"Unknown"
"5020563",370751,2026-05-02 00:05:21,33.0132484436035,-16.3985023498535,"Unknown"
"5020563",370751,2026-05-02 00:10:26,33.0137100219727,-16.3981971740723,"Unknown"
"5020563",370751,2026-05-02 00:15:25,33.0142021179199,-16.3980274200439,"Unknown"
"5020563",370751,2026-05-02 00:20:21,33.0146446228027,-16.3978672027588,"Unknown"
"5020563",370751,2026-05-02 00:25:24,33.015022277832,-16.3976154327393,"Unknown"
"5020563",370751,2026-05-02 00:30:27,33.0154418945312,-16.3975505828857,"Unknown"
"5020563",370751,2026-05-02 00:35:51,33.0160331726074,-16.3974227905273,"Unknown"
"5020563",370751,2026-05-02 00:40:26,33.0164184570312,-16.3973045349121,"Unknown"
"5020563",370751,2026-05-02 00:45:25,33.0168380737305,-16.3971195220947,"Unknown"
"5020563",370751,2026-05-02 00:50:27,33.0172996520996,-16.3968944549561,"Unknown"
"5020563",370751,2026-05-02 00:55:29,33.0175285339355,-16.3965816497803,"Unknown"
"5020563",370751,2026-05-02 01:00:28,33.0177421569824,-16.3963165283203,"Unknown"
"5020563",370751,2026-05-02 01:05:47,33.0180282592773,-16.3961124420166,"Unknown"
"5020563",370751,2026-05-02 01:10:22,33.0182495117188,-16.3958930969238,"Unknown"
"5020563",370751,2026-05-02 01:15:22,33.0184211730957,-16.3957977294922,"Unknown"
"5020563",370751,2026-05-02 01:20:22,33.018627166748,-16.3956642150879,"Unknown"
"5020563",370751,2026-05-02 01:25:25,33.018798828125,-16.3955249786377,"Unknown"
"5020563",370751,2026-05-02 01:30:25,33.0189781188965,-16.3954887390137,"Unknown"
"5020563",370751,2026-05-02 01:35:21,33.0192375183105,-16.3953418731689,"Unknown"
"5020563",370751,2026-05-02 01:40:26,33.019401550293,-16.3953285217285,"Unknown"
"5020563",370751,2026-05-02 01:45:51,33.0195770263672,-16.3953552246094,"Unknown"
"5020563",370751,2026-05-02 01:50:22,33.0197219848633,-16.3954696655273,"Unknown"
"5020563",370751,2026-05-02 01:55:22,33.0198936462402,-16.3955326080322,"Unknown"
"5020563",370751,2026-05-02 02:00:22,33.0201072692871,-16.3956623077393,"Unknown"
"5020563",370751,2026-05-02 02:05:22,33.0203094482422,-16.3958225250244,"Unknown"
"5020563",370751,2026-05-02 02:10:22,33.0204849243164,-16.3959426879883,"Unknown"
"5020563",370751,2026-05-02 02:15:21,33.0207061767578,-16.3961448669434,"Unknown"
"5020563",370751,2026-05-02 02:20:22,33.0208969116211,-16.3963851928711,"Unknown"
"5020563",370751,2026-05-02 02:25:22,33.0211296081543,-16.3966045379639,"Unknown"
"5020563",370751,2026-05-02 02:30:22,33.0213851928711,-16.3968372344971,"Unknown"
"5020563",370751,2026-05-02 02:35:22,33.0216102600098,-16.3972358703613,"Unknown"
"5020563",370751,2026-05-02 02:40:22,33.021785736084,-16.3976173400879,"Unknown"
"5020563",370751,2026-05-02 02:45:25,33.0219917297363,-16.3979263305664,"Unknown"
"5020563",370751,2026-05-02 02:50:22,33.0221481323242,-16.3980960845947,"Unknown"
"5020563",370751,2026-05-02 02:55:22,33.0225296020508,-16.3982257843018,"Unknown"
"5020563",370751,2026-05-02 03:00:23,33.0228157043457,-16.3983039855957,"Unknown"
"5020563",370751,2026-05-02 03:05:23,33.0231018066406,-16.3984756469727,"Unknown"
"5020563",370751,2026-05-02 03:10:22,33.0234069824219,-16.3985614776611,"Unknown"
"5020563",370751,2026-05-02 03:15:22,33.0237236022949,-16.3985061645508,"Unknown"
"5020563",370751,2026-05-02 03:20:25,33.0240821838379,-16.3985614776611,"Unknown"
"5020563",370751,2026-05-02 03:25:23,33.0302810668945,-16.4045162200928,"Unknown"
"5020563",370751,2026-05-02 03:31:48,33.0469360351562,-16.4100646972656,"Unknown"
"5020563",370751,2026-05-02 03:35:57,33.0384788513184,-16.4131927490234,"Unknown"
"5020563",370751,2026-05-02 03:40:24,33.038631439209,-16.4134769439697,"Unknown"
"5020563",370751,2026-05-02 03:45:26,33.0395965576172,-16.4155197143555,"Unknown"
"5020563",370751,2026-05-02 03:50:25,33.0389671325684,-16.4157981872559,"Unknown"
"5020563",370751,2026-05-02 03:55:23,33.0383377075195,-16.4160957336426,"Unknown"
"5020563",370751,2026-05-02 04:00:46,33.0377540588379,-16.4162082672119,"Unknown"
"5020563",370751,2026-05-02 04:05:24,33.0371513366699,-16.4164180755615,"Unknown"
"5020563",370751,2026-05-02 04:10:24,33.0366439819336,-16.4164772033691,"Unknown"
"5020563",370751,2026-05-02 04:15:23,33.0361137390137,-16.4166278839111,"Unknown"
"5020563",370751,2026-05-02 04:20:22,33.035758972168,-16.4166889190674,"Unknown"
"5020563",370751,2026-05-02 04:25:23,33.0354347229004,-16.4167442321777,"Unknown"
"5020563",370751,2026-05-02 04:30:22,33.0349655151367,-16.4167957305908,"Unknown"
"5020563",370751,2026-05-02 04:35:23,33.0345802307129,-16.4168739318848,"Unknown"
"5020563",370751,2026-05-02 04:40:23,33.0341529846191,-16.4169101715088,"Unknown"
"5020563",370751,2026-05-02 04:45:21,33.033763885498,-16.4169616699219,"Unknown"
"5020563",370751,2026-05-02 04:50:22,33.0335540771484,-16.4168968200684,"Unknown"
"5020563",370751,2026-05-02 04:55:22,33.0332489013672,-16.4169006347656,"Unknown"
"5020563",370751,2026-05-02 05:00:23,33.0328330993652,-16.4169540405273,"Unknown"
"5020563",370751,2026-05-02 05:05:23,33.0325927734375,-16.4167575836182,"Unknown"
"5020563",370751,2026-05-02 05:10:21,33.0321769714355,-16.4165897369385,"Unknown"
"5020563",370751,2026-05-02 05:15:22,33.031810760498,-16.4164505004883,"Unknown"
"5020563",370751,2026-05-02 05:20:23,33.0313911437988,-16.4162826538086,"Unknown"
"5020563",370751,2026-05-02 05:25:22,33.0309791564941,-16.4160633087158,"Unknown"
"5020563",370751,2026-05-02 05:30:21,33.0303764343262,-16.415771484375,"Unknown"
"5020563",370751,2026-05-02 05:35:23,33.0296478271484,-16.4156112670898,"Unknown"
"5020563",370751,2026-05-02 05:40:22,33.0338973999023,-16.423547744751,"Unknown"
"5020563",370751,2026-05-02 05:45:22,33.051139831543,-16.4286556243896,"Unknown"
"5020563",370751,2026-05-02 05:50:23,33.0635070800781,-16.4322338104248,"Unknown"
"5020563",370751,2026-05-02 05:55:22,33.0823173522949,-16.429759979248,"Unknown"
"5020563",370751,2026-05-02 06:00:25,33.1049003601074,-16.4198684692383,"Unknown"
"5020563",370751,2026-05-02 06:05:25,33.1278343200684,-16.4048671722412,"Unknown"
"5020563",370751,2026-05-02 06:10:25,33.1515808105469,-16.3885097503662,"Unknown"
"5020563",370751,2026-05-02 06:20:33,33.1650428771973,-16.3720436096191,"Unknown"
"5020563",370751,2026-05-02 06:25:25,33.1628570556641,-16.369026184082,"Unknown"
"5020563",370751,2026-05-02 06:30:47,33.1595153808594,-16.3699760437012,"Unknown"
"5020563",370751,2026-05-02 06:35:27,33.1573371887207,-16.3670330047607,"Unknown"
"5020563",370751,2026-05-02 06:40:47,33.1569366455078,-16.3665065765381,"Unknown"
"5020563",370751,2026-05-02 06:45:22,33.1566276550293,-16.366060256958,"Unknown"
"5020563",370751,2026-05-02 06:50:22,33.1564445495605,-16.3656024932861,"Unknown"
"5020563",370751,2026-05-02 06:55:22,33.1561965942383,-16.3651161193848,"Unknown"
"5020563",370751,2026-05-02 07:00:21,33.1560249328613,-16.3645248413086,"Unknown"
"5020563",370751,2026-05-02 07:05:21,33.1557922363281,-16.3640270233154,"Unknown"
"5020563",370751,2026-05-02 07:10:21,33.155574798584,-16.3634662628174,"Unknown"
"5020563",370751,2026-05-02 07:15:26,33.1553192138672,-16.3629322052002,"Unknown"
"5020563",370751,2026-05-02 07:20:25,33.1592674255371,-16.3557720184326,"Unknown"
"5020563",370751,2026-05-02 07:25:26,33.1652488708496,-16.3705902099609,"Unknown"
"5020563",370751,2026-05-02 07:30:26,33.1630172729492,-16.3563594818115,"Unknown"
"5020563",370751,2026-05-02 07:35:25,33.178653717041,-16.3408489227295,"Unknown"
"5020563",370751,2026-05-02 07:40:26,33.178409576416,-16.3413219451904,"Unknown"
"5020563",370751,2026-05-02 07:45:26,33.1782302856445,-16.3417472839355,"Unknown"
"5020563",370751,2026-05-02 07:50:26,33.176944732666,-16.3454971313477,"Unknown"
"5020563",370751,2026-05-02 07:55:25,33.1759262084961,-16.3464984893799,"Unknown"
"5020563",370751,2026-05-02 08:00:49,33.1705322265625,-16.3547878265381,"Unknown"
"5020563",370751,2026-05-02 08:06:48,33.168384552002,-16.3644027709961,"Unknown"
"5020563",370751,2026-05-02 08:10:57,33.1680030822754,-16.364896774292,"Unknown"
"5020563",370751,2026-05-02 08:15:22,33.1695709228516,-16.3733100891113,"Unknown"
"5020563",370751,2026-05-02 08:20:22,33.1725196838379,-16.3734703063965,"Unknown"
"5020563",370751,2026-05-02 08:25:22,33.1725425720215,-16.3736877441406,"Unknown"
"5020563",370751,2026-05-02 08:30:22,33.172420501709,-16.3739719390869,"Unknown"
"5020563",370751,2026-05-02 08:35:22,33.1717796325684,-16.3739414215088,"Unknown"
"5020563",370751,2026-05-02 08:40:22,33.171501159668,-16.3739910125732,"Unknown"
"5020563",370751,2026-05-02 08:45:22,33.171329498291,-16.3738765716553,"Unknown"
"5020563",370751,2026-05-02 08:50:22,33.1709785461426,-16.3738536834717,"Unknown"
"5020563",370751,2026-05-02 08:55:22,33.1706199645996,-16.3738536834717,"Unknown"
"5020563",370751,2026-05-02 09:00:22,33.1703834533691,-16.3736591339111,"Unknown"
"5020563",370751,2026-05-02 09:05:23,33.1699676513672,-16.3734683990479,"Unknown"
"5020563",370751,2026-05-02 09:10:22,33.1697578430176,-16.3735427856445,"Unknown"
"5020563",370751,2026-05-02 09:15:22,33.1696434020996,-16.3736896514893,"Unknown"
"5020563",370751,2026-05-02 09:20:22,33.1693420410156,-16.373649597168,"Unknown"
"5020563",370751,2026-05-02 09:25:23,33.1691474914551,-16.3734931945801,"Unknown"
"5020563",370751,2026-05-02 09:30:22,33.168773651123,-16.3733901977539,"Unknown"
"5020563",370751,2026-05-02 09:35:22,33.1684036254883,-16.3732509613037,"Unknown"
"5020563",370751,2026-05-02 09:40:22,33.1682891845703,-16.3734359741211,"Unknown"
"5020563",370751,2026-05-02 09:45:22,33.1683006286621,-16.3736038208008,"Unknown"
"5020563",370751,2026-05-02 09:50:25,33.1680717468262,-16.3735618591309,"Unknown"
"5020563",370751,2026-05-02 09:55:25,33.1678924560547,-16.3734741210938,"Unknown"
"5020563",370751,2026-05-02 10:00:25,33.1677627563477,-16.3734397888184,"Unknown"
"5020563",370751,2026-05-02 10:05:25,33.1672897338867,-16.3735427856445,"Unknown"
"5020563",370751,2026-05-02 10:10:22,33.1670722961426,-16.3735637664795,"Unknown"
"5020563",370751,2026-05-02 10:15:22,33.1667137145996,-16.3735427856445,"Unknown"
"5020563",370751,2026-05-02 10:20:25,33.1662559509277,-16.3735313415527,"Unknown"
"5020563",370751,2026-05-02 10:25:24,33.1659126281738,-16.3734340667725,"Unknown"
"5020563",370751,2026-05-02 10:30:25,33.1654167175293,-16.3734035491943,"Unknown"
"5020563",370751,2026-05-02 10:35:23,33.1739540100098,-16.3785305023193,"Unknown"
"5020563",370751,2026-05-02 10:40:47,33.1741638183594,-16.3780288696289,"Unknown"
"5020563",370751,2026-05-02 10:45:26,33.1580429077148,-16.3782901763916,"Unknown"
"5020563",370751,2026-05-02 10:50:23,33.157844543457,-16.3781642913818,"Unknown"
"5020563",370751,2026-05-02 10:55:25,33.1577262878418,-16.377965927124,"Unknown"
"5020563",370751,2026-05-02 11:00:23,33.1575202941895,-16.3778991699219,"Unknown"
"5020563",370751,2026-05-02 11:05:23,33.1572608947754,-16.3777332305908,"Unknown"
"5020563",370751,2026-05-02 11:10:22,33.1570816040039,-16.3775825500488,"Unknown"
"5020563",370751,2026-05-02 11:15:25,33.1568183898926,-16.377555847168,"Unknown"
"5020563",370751,2026-05-02 11:20:24,33.1564788818359,-16.3773498535156,"Unknown"
"5020563",370751,2026-05-02 11:25:25,33.1563453674316,-16.3771934509277,"Unknown"
"5020563",370751,2026-05-02 11:30:23,33.1563949584961,-16.3772373199463,"Unknown"
"5020563",370751,2026-05-02 11:35:23,33.1562728881836,-16.3771724700928,"Unknown"
"5020563",370751,2026-05-02 11:40:23,33.1561279296875,-16.3769187927246,"Unknown"
"5020563",370751,2026-05-02 11:45:24,33.1558990478516,-16.3768329620361,"Unknown"
"5020563",370751,2026-05-02 11:50:23,33.1557273864746,-16.3767070770264,"Unknown"
"5020563",370751,2026-05-02 11:55:23,33.1555709838867,-16.3765926361084,"Unknown"
"5020563",370751,2026-05-02 12:00:23,33.1554069519043,-16.3765029907227,"Unknown"
"5020563",370751,2026-05-02 12:05:25,33.1554336547852,-16.376350402832,"Unknown"
"5020563",370751,2026-05-02 12:10:24,33.1555290222168,-16.3762092590332,"Unknown"
"5020563",370751,2026-05-02 12:15:26,33.1556549072266,-16.3759841918945,"Unknown"
"5020563",370751,2026-05-02 12:20:28,33.1556739807129,-16.3758792877197,"Unknown"
"5020563",370751,2026-05-02 12:25:25,33.1556968688965,-16.3756217956543,"Unknown"
"5020563",370751,2026-05-02 12:30:25,33.1557884216309,-16.3753433227539,"Unknown"
"5020563",370751,2026-05-02 12:35:26,33.1557731628418,-16.3751049041748,"Unknown"
"5020563",370751,2026-05-02 12:40:25,33.1556015014648,-16.3748474121094,"Unknown"
"5020563",370751,2026-05-02 12:45:24,33.1554832458496,-16.3745460510254,"Unknown"
"5020563",370751,2026-05-02 12:50:23,33.154956817627,-16.3763084411621,"Unknown"
"5020563",370751,2026-05-02 12:55:25,33.1532402038574,-16.3750457763672,"Unknown"
"5020563",370751,2026-05-02 13:00:46,33.1532440185547,-16.3746585845947,"Unknown"
"5020563",370751,2026-05-02 13:05:22,33.1532974243164,-16.3743305206299,"Unknown"
"5020563",370751,2026-05-02 13:10:24,33.1534080505371,-16.3739585876465,"Unknown"
"5020563",370751,2026-05-02 13:15:22,33.1534004211426,-16.3736057281494,"Unknown"
"5020563",370751,2026-05-02 13:20:23,33.1489524841309,-16.380350112915,"Unknown"
"5020563",370751,2026-05-02 13:25:22,33.1491394042969,-16.3803749084473,"Unknown"
"5020563",370751,2026-05-02 13:30:25,33.1493759155273,-16.3803253173828,"Unknown"
"5020563",370751,2026-05-02 13:35:22,33.1503524780273,-16.3814640045166,"Unknown"
"5020563",370751,2026-05-02 13:40:25,33.1477279663086,-16.3793506622314,"Unknown"
"5020563",370751,2026-05-02 13:45:26,33.1533088684082,-16.3834018707275,"Unknown"
"5020563",370751,2026-05-02 13:50:26,33.170955657959,-16.3864707946777,"Unknown"
"5020563",370751,2026-05-02 13:55:27,33.176929473877,-16.3483009338379,"Unknown"
"5020563",370751,2026-05-02 14:00:26,33.1777725219727,-16.3439960479736,"Unknown"
"5020563",370751,2026-05-02 14:05:26,33.1698875427246,-16.3487071990967,"Unknown"
"5020563",370751,2026-05-02 14:10:42,33.1670303344727,-16.3488674163818,"Unknown"
"5020563",370751,2026-05-02 14:15:28,33.1668663024902,-16.348913192749,"Unknown"
"5020563",370751,2026-05-02 14:20:26,33.1669006347656,-16.3489761352539,"Unknown"
"5020563",370751,2026-05-02 14:25:25,33.1670532226562,-16.3487186431885,"Unknown"
"5020563",370751,2026-05-02 14:30:28,33.1672973632812,-16.3483142852783,"Unknown"
"5020563",370751,2026-05-02 14:35:28,33.1673851013184,-16.3480014801025,"Unknown"
"5020563",370751,2026-05-02 14:40:28,33.1674652099609,-16.3472499847412,"Unknown"
"5020563",370751,2026-05-02 14:45:29,33.1675224304199,-16.3467311859131,"Unknown"
"5020563",370751,2026-05-02 14:50:35,33.1676864624023,-16.3463115692139,"Unknown"
"5020563",370751,2026-05-02 14:55:29,33.1679229736328,-16.3459739685059,"Unknown"
"5020563",370751,2026-05-02 15:00:34,33.1681442260742,-16.3455619812012,"Unknown"
"5020563",370751,2026-05-02 15:05:29,33.1683921813965,-16.3452568054199,"Unknown"
"5020563",370751,2026-05-02 15:10:47,33.1686058044434,-16.3448657989502,"Unknown"
"5020563",370751,2026-05-02 15:15:23,33.1747207641602,-16.3484706878662,"Unknown"
"5020563",370751,2026-05-02 15:20:27,33.1749153137207,-16.3486709594727,"Unknown"
"5020563",370751,2026-05-02 15:25:24,33.1752548217773,-16.3483352661133,"Unknown"
"5020563",370751,2026-05-02 15:30:24,33.1756248474121,-16.3482894897461,"Unknown"
"5020563",370751,2026-05-02 15:35:38,33.1754035949707,-16.3489246368408,"Unknown"
"5020563",370751,2026-05-02 15:40:27,33.1753005981445,-16.3487854003906,"Unknown"
"5020563",370751,2026-05-02 15:45:25,33.175537109375,-16.3486614227295,"Unknown"
"5020563",370751,2026-05-02 15:50:27,33.1757926940918,-16.3485469818115,"Unknown"
"5020563",370751,2026-05-02 15:55:22,33.1758193969727,-16.3483600616455,"Unknown"
"5020563",370751,2026-05-02 16:00:26,33.1758193969727,-16.3482818603516,"Unknown"
"5020563",370751,2026-05-02 16:05:47,33.1758918762207,-16.3480567932129,"Unknown"
"5020563",370751,2026-05-02 16:10:23,33.1757469177246,-16.3477649688721,"Unknown"
"5020563",370751,2026-05-02 16:15:23,33.1759185791016,-16.3481597900391,"Unknown"
"5020563",370751,2026-05-02 16:20:24,33.175853729248,-16.3484153747559,"Unknown"
"5020563",370751,2026-05-02 16:25:25,33.1756591796875,-16.3485889434814,"Unknown"
"5020563",370751,2026-05-02 16:30:23,33.1760101318359,-16.3487663269043,"Unknown"
"5020563",370751,2026-05-02 16:35:24,33.1764869689941,-16.3486328125,"Unknown"
"5020563",370751,2026-05-02 16:40:24,33.1762809753418,-16.3487129211426,"Unknown"
"5020563",370751,2026-05-02 16:45:24,33.1760864257812,-16.3486289978027,"Unknown"
"5020563",370751,2026-05-02 16:50:24,33.1759910583496,-16.3485260009766,"Unknown"
"5020563",370751,2026-05-02 16:55:24,33.1759376525879,-16.3484668731689,"Unknown"
"5020563",370751,2026-05-02 17:00:27,33.1758651733398,-16.3486232757568,"Unknown"
"5020563",370751,2026-05-02 17:05:28,33.1757278442383,-16.3487987518311,"Unknown"
"5020563",370751,2026-05-02 17:10:26,33.1756935119629,-16.3489265441895,"Unknown"
"5020563",370751,2026-05-02 17:15:26,33.175651550293,-16.3487854003906,"Unknown"
"5020563",370751,2026-05-02 17:20:25,33.1755561828613,-16.34889793396,"Unknown"
"5020563",370751,2026-05-02 17:25:25,33.1755599975586,-16.3489665985107,"Unknown"
"5020563",370751,2026-05-02 17:30:26,33.1755180358887,-16.3490352630615,"Unknown"
"5020563",370751,2026-05-02 17:35:30,33.1756324768066,-16.3491134643555,"Unknown"
"5020563",370751,2026-05-02 17:40:47,33.1756591796875,-16.3492450714111,"Unknown"
"5020563",370751,2026-05-02 17:45:25,33.1755256652832,-16.3492908477783,"Unknown"
"5020563",370751,2026-05-02 17:50:24,33.1753349304199,-16.3492488861084,"Unknown"
"5020563",370751,2026-05-02 17:55:26,33.1751251220703,-16.3493576049805,"Unknown"
"5020563",370751,2026-05-02 18:00:26,33.1749000549316,-16.3493347167969,"Unknown"
"5020563",370751,2026-05-02 18:05:26,33.1747093200684,-16.3493213653564,"Unknown"
"5020563",370751,2026-05-02 18:10:23,33.1744155883789,-16.3493003845215,"Unknown"
"5020563",370751,2026-05-02 18:15:24,33.1740341186523,-16.3492221832275,"Unknown"
"5020563",370751,2026-05-02 18:20:23,33.173770904541,-16.3491249084473,"Unknown"
"5020563",370751,2026-05-02 18:25:22,33.1735954284668,-16.3491764068604,"Unknown"
"5020563",370751,2026-05-02 18:30:23,33.1734352111816,-16.3490734100342,"Unknown"
"5020563",370751,2026-05-02 18:35:23,33.1731948852539,-16.3488731384277,"Unknown"
"5020563",370751,2026-05-02 18:40:23,33.1730842590332,-16.3486862182617,"Unknown"
"5020563",370751,2026-05-02 18:45:23,33.1727752685547,-16.3486747741699,"Unknown"
"5020563",370751,2026-05-02 18:50:47,33.1725692749023,-16.3486232757568,"Unknown"
"5020563",370751,2026-05-02 18:55:26,33.1722831726074,-16.3486404418945,"Unknown"
"5020563",370751,2026-05-02 19:00:23,33.1719741821289,-16.3487167358398,"Unknown"
"5020563",370751,2026-05-02 19:05:24,33.1717338562012,-16.3486099243164,"Unknown"
"5020563",370751,2026-05-02 19:10:23,33.1714897155762,-16.3485221862793,"Unknown"
"5020563",370751,2026-05-02 19:15:27,33.1712303161621,-16.3483772277832,"Unknown"
"5020563",370751,2026-05-02 19:20:31,33.164737701416,-16.3497772216797,"Unknown"
"5020563",370751,2026-05-02 19:25:24,33.1607780456543,-16.3485469818115,"Unknown"
"5020563",370751,2026-05-02 19:30:23,33.161449432373,-16.3447799682617,"Unknown"
"5020563",370751,2026-05-02 19:35:26,33.1564407348633,-16.3415546417236,"Unknown"
"5020563",370751,2026-05-02 19:40:27,33.1548385620117,-16.337682723999,"Unknown"
"5020563",370751,2026-05-02 19:45:25,33.154426574707,-16.3354206085205,"Unknown"
"5020563",370751,2026-05-02 19:50:23,33.154224395752,-16.3353176116943,"Unknown"
"5020563",370751,2026-05-02 19:55:30,33.1535873413086,-16.3356285095215,"Unknown"
"5020563",370751,2026-05-02 20:00:24,33.154239654541,-16.3316116333008,"Unknown"
"5020563",370751,2026-05-02 20:05:27,33.1466217041016,-16.3162155151367,"Unknown"
"5020563",370751,2026-05-02 20:10:29,33.133243560791,-16.3351135253906,"Unknown"
"5020563",370751,2026-05-02 20:15:26,33.1195487976074,-16.3632221221924,"Unknown"
"5020563",370751,2026-05-02 20:20:26,33.1105270385742,-16.3912200927734,"Unknown"
"5020563",370751,2026-05-02 20:25:26,33.0854682922363,-16.4065532684326,"Unknown"
"5020563",370751,2026-05-02 20:30:24,33.0581436157227,-16.4169940948486,"Unknown"
"5020563",370751,2026-05-02 20:35:27,33.057315826416,-16.4176464080811,"Unknown"
"5020563",370751,2026-05-02 20:40:47,33.057071685791,-16.4176712036133,"Unknown"
"5020563",370751,2026-05-02 20:45:22,33.0566368103027,-16.4171924591064,"Unknown"
"5020563",370751,2026-05-02 20:50:25,33.0519599914551,-16.421703338623,"Unknown"
"5020563",370751,2026-05-02 20:55:25,33.0516357421875,-16.4216079711914,"Unknown"
"5020563",370751,2026-05-02 21:00:22,33.0503807067871,-16.4244899749756,"Unknown"
"5020563",370751,2026-05-02 21:05:22,33.0303230285645,-16.4465103149414,"Unknown"
"5020563",370751,2026-05-02 21:10:23,33.0068130493164,-16.4544544219971,"Unknown"
"5020563",370751,2026-05-02 21:15:22,33.0065689086914,-16.4547214508057,"Unknown"
"5020563",370751,2026-05-02 21:20:22,33.0063438415527,-16.4550018310547,"Unknown"
"5020563",370751,2026-05-02 21:25:22,33.0061798095703,-16.4551849365234,"Unknown"
"5020563",370751,2026-05-02 21:30:22,33.0059623718262,-16.4553470611572,"Unknown"
"5020563",370751,2026-05-02 21:35:24,33.0058784484863,-16.455623626709,"Unknown"
"5020563",370751,2026-05-02 21:40:22,33.0058403015137,-16.4558506011963,"Unknown"
"5020563",370751,2026-05-02 21:45:22,33.005786895752,-16.4561080932617,"Unknown"
"5020563",370751,2026-05-02 21:50:25,33.0057144165039,-16.4563961029053,"Unknown"
"5020563",370751,2026-05-02 21:55:22,33.0056304931641,-16.4566745758057,"Unknown"
"5020563",370751,2026-05-02 22:00:22,33.0055618286133,-16.4569568634033,"Unknown"
"5020563",370751,2026-05-02 22:05:22,33.0055122375488,-16.4572620391846,"Unknown"
"5020563",370751,2026-05-02 22:10:26,33.0054359436035,-16.4575595855713,"Unknown"
"5020563",370751,2026-05-02 22:15:26,33.0053939819336,-16.4578704833984,"Unknown"
"5020563",370751,2026-05-02 22:20:26,33.0050201416016,-16.4584693908691,"Unknown"
"5020563",370751,2026-05-02 22:25:25,33.0051345825195,-16.4587879180908,"Unknown"
"5020563",370751,2026-05-02 22:30:28,33.0052871704102,-16.4591178894043,"Unknown"
"5020563",370751,2026-05-02 22:35:31,33.0054779052734,-16.4594573974609,"Unknown"
"5020563",370751,2026-05-02 22:40:25,33.005672454834,-16.459831237793,"Unknown"
"5020563",370751,2026-05-02 22:45:33,33.0058403015137,-16.4601173400879,"Unknown"
"5020563",370751,2026-05-02 22:50:29,33.006046295166,-16.4603862762451,"Unknown"
"5020563",370751,2026-05-02 22:55:47,33.0063629150391,-16.4607124328613,"Unknown"
"5020563",370751,2026-05-02 23:00:47,33.0066299438477,-16.4609508514404,"Unknown"
"5020563",370751,2026-05-02 23:05:22,33.006893157959,-16.4612274169922,"Unknown"
"5020563",370751,2026-05-02 23:10:31,33.0071716308594,-16.4615364074707,"Unknown"
"5020563",370751,2026-05-02 23:15:26,33.0074119567871,-16.4617805480957,"Unknown"
"5020563",370751,2026-05-02 23:20:26,33.0076904296875,-16.4620380401611,"Unknown"
"5020563",370751,2026-05-02 23:25:28,33.0079574584961,-16.4622364044189,"Unknown"
"5020563",370751,2026-05-02 23:30:26,33.0082092285156,-16.4624061584473,"Unknown"
"5020563",370751,2026-05-02 23:35:26,33.0084686279297,-16.4625549316406,"Unknown"
"5020563",370751,2026-05-02 23:40:27,33.0148162841797,-16.4450016021729,"Unknown"
"5020563",370751,2026-05-02 23:45:23,33.0271911621094,-16.4181480407715,"Unknown"
"5020563",370751,2026-05-02 23:50:27,33.0422782897949,-16.4193687438965,"Unknown"
"5020563",370751,2026-05-02 23:55:22,33.0431785583496,-16.4191589355469,"Unknown"
"5020563",370751,2026-05-03 00:00:27,33.0437393188477,-16.4186611175537,"Unknown"
"5020563",370751,2026-05-03 00:05:25,33.042552947998,-16.417501449585,"Unknown"
"5020563",370751,2026-05-03 00:10:23,33.0407791137695,-16.4145050048828,"Unknown"
"5020563",370751,2026-05-03 00:15:22,33.0328712463379,-16.4170513153076,"Unknown"
"5020563",370751,2026-05-03 00:20:27,33.0376243591309,-16.4221878051758,"Unknown"
"5020563",370751,2026-05-03 00:25:26,33.0382423400879,-16.4225978851318,"Unknown"
"5020563",370751,2026-05-03 00:30:29,33.0386619567871,-16.4229831695557,"Unknown"
"5020563",370751,2026-05-03 00:35:27,33.0392608642578,-16.4232711791992,"Unknown"
"5020563",370751,2026-05-03 00:40:22,33.0434188842773,-16.4269847869873,"Unknown"
"5020563",370751,2026-05-03 00:45:27,33.0437278747559,-16.4270706176758,"Unknown"
"5020563",370751,2026-05-03 00:50:37,33.0440444946289,-16.4272041320801,"Unknown"
"5020563",370751,2026-05-03 00:55:28,33.0443229675293,-16.427282333374,"Unknown"
"5020563",370751,2026-05-03 01:00:47,33.0446319580078,-16.4273281097412,"Unknown"
"5020563",370751,2026-05-03 01:05:29,33.0448875427246,-16.4273338317871,"Unknown"
"5020563",370751,2026-05-03 01:10:22,33.0452003479004,-16.4273414611816,"Unknown"
"5020563",370751,2026-05-03 01:15:23,33.0454559326172,-16.4273567199707,"Unknown"
"5020563",370751,2026-05-03 01:20:25,33.0457229614258,-16.4273738861084,"Unknown"
"5020563",370751,2026-05-03 01:25:26,33.045955657959,-16.4273338317871,"Unknown"
"5020563",370751,2026-05-03 01:30:22,33.0461502075195,-16.4273414611816,"Unknown"
"5020563",370751,2026-05-03 01:35:28,33.0463104248047,-16.4273109436035,"Unknown"
"5020563",370751,2026-05-03 01:40:25,33.0464210510254,-16.4272918701172,"Unknown"
"5020563",370751,2026-05-03 01:45:22,33.046501159668,-16.4273624420166,"Unknown"
"5020563",370751,2026-05-03 01:50:25,33.0465354919434,-16.4275150299072,"Unknown"
"5020563",370751,2026-05-03 01:55:45,33.046630859375,-16.4276466369629,"Unknown"
"5020563",370751,2026-05-03 02:00:24,33.0466766357422,-16.4278087615967,"Unknown"
"5020563",370751,2026-05-03 02:05:25,33.0467872619629,-16.4278831481934,"Unknown"
"5020563",370751,2026-05-03 02:10:24,33.0469703674316,-16.4278964996338,"Unknown"
"5020563",370751,2026-05-03 02:15:24,33.0470390319824,-16.4279365539551,"Unknown"
"5020563",370751,2026-05-03 02:20:24,33.0471954345703,-16.4279747009277,"Unknown"
"5020563",370751,2026-05-03 02:25:24,33.0473518371582,-16.4281539916992,"Unknown"
"5020563",370751,2026-05-03 02:30:25,33.0474815368652,-16.4284362792969,"Unknown"
"5020563",370751,2026-05-03 02:35:24,33.0474700927734,-16.428747177124,"Unknown"
"5020563",370751,2026-05-03 02:40:24,33.0475692749023,-16.4290580749512,"Unknown"
"5020563",370751,2026-05-03 02:45:25,33.0476455688477,-16.4294567108154,"Unknown"
"5020563",370751,2026-05-03 02:50:26,33.0476531982422,-16.4298076629639,"Unknown"
"5020563",370751,2026-05-03 02:55:26,33.0458793640137,-16.4221439361572,"Unknown"
"5020563",370751,2026-05-03 03:00:28,33.031364440918,-16.420783996582,"Unknown"
"5020563",370751,2026-05-03 03:05:27,33.0311813354492,-16.4209251403809,"Unknown"
"5020563",370751,2026-05-03 03:10:26,33.0308990478516,-16.4209480285645,"Unknown"
"5020563",370751,2026-05-03 03:15:23,33.0306587219238,-16.4210071563721,"Unknown"
"5020563",370751,2026-05-03 03:20:27,33.0304069519043,-16.4210529327393,"Unknown"
"5020563",370751,2026-05-03 03:25:26,33.0301284790039,-16.4210224151611,"Unknown"
"5020563",370751,2026-05-03 03:30:26,33.029914855957,-16.4208927154541,"Unknown"
"5020563",370751,2026-05-03 03:35:22,33.0296592712402,-16.4206714630127,"Unknown"
"5020563",370751,2026-05-03 03:40:23,33.0294151306152,-16.4205112457275,"Unknown"
"5020563",370751,2026-05-03 03:45:23,33.0291023254395,-16.4204692840576,"Unknown"
"5020563",370751,2026-05-03 03:50:22,33.0286979675293,-16.4202041625977,"Unknown"
"5020563",370751,2026-05-03 03:55:23,33.0283432006836,-16.4200992584229,"Unknown"
"5020563",370751,2026-05-03 04:00:46,33.0277481079102,-16.4198265075684,"Unknown"
"5020563",370751,2026-05-03 04:05:22,33.0273323059082,-16.4195213317871,"Unknown"
"5020563",370751,2026-05-03 04:10:22,33.0267868041992,-16.4191799163818,"Unknown"
"5020563",370751,2026-05-03 04:15:23,33.0259552001953,-16.4189777374268,"Unknown"
"5020563",370751,2026-05-03 04:20:24,33.0254325866699,-16.4185523986816,"Unknown"
"5020563",370751,2026-05-03 04:25:22,33.0251808166504,-16.4180145263672,"Unknown"
"5020563",370751,2026-05-03 04:30:22,33.0247611999512,-16.4175415039062,"Unknown"
"5020563",370751,2026-05-03 04:35:25,33.0243873596191,-16.4170837402344,"Unknown"
"5020563",370751,2026-05-03 04:40:22,33.0240020751953,-16.4166812896729,"Unknown"
"5020563",370751,2026-05-03 04:45:22,33.0236282348633,-16.4163360595703,"Unknown"
"5020563",370751,2026-05-03 04:50:27,33.0232925415039,-16.4159564971924,"Unknown"
"5020563",370751,2026-05-03 04:55:27,33.0230484008789,-16.4155597686768,"Unknown"
"5020563",370751,2026-05-03 05:00:26,33.0228538513184,-16.4152393341064,"Unknown"
"5020563",370751,2026-05-03 05:05:26,33.0225524902344,-16.4148960113525,"Unknown"
"5020563",370751,2026-05-03 05:10:23,33.0223541259766,-16.4146289825439,"Unknown"
"5020563",370751,2026-05-03 05:15:27,33.022102355957,-16.4144287109375,"Unknown"
"5020563",370751,2026-05-03 05:20:27,33.0210914611816,-16.4099731445312,"Unknown"
"5020563",370751,2026-05-03 05:25:24,33.0208358764648,-16.410083770752,"Unknown"
"5020563",370751,2026-05-03 05:30:24,33.0205421447754,-16.4101486206055,"Unknown"
"5020563",370751,2026-05-03 05:35:25,33.0202674865723,-16.4100856781006,"Unknown"
"5020563",370751,2026-05-03 05:40:25,33.0200271606445,-16.4100437164307,"Unknown"
"5020563",370751,2026-05-03 05:45:29,33.0198020935059,-16.4102077484131,"Unknown"
"5020563",370751,2026-05-03 05:50:24,33.019458770752,-16.4105091094971,"Unknown"
"5020563",370751,2026-05-03 05:55:37,33.0191307067871,-16.410831451416,"Unknown"
"5020563",370751,2026-05-03 06:00:26,33.0187454223633,-16.4108238220215,"Unknown"
"5020563",370751,2026-05-03 06:05:26,33.047737121582,-16.4198303222656,"Unknown"
"5020563",370751,2026-05-03 06:10:28,33.0783424377441,-16.4117965698242,"Unknown"
"5020563",370751,2026-05-03 06:15:26,33.1107635498047,-16.4002304077148,"Unknown"
"5020563",370751,2026-05-03 06:21:49,33.1552200317383,-16.3876857757568,"Unknown"
"5020563",370751,2026-05-03 06:26:49,33.1805572509766,-16.3705101013184,"Unknown"
"5020563",370751,2026-05-03 06:30:47,33.1878890991211,-16.3792381286621,"Unknown"
"5020563",370751,2026-05-03 06:35:24,33.1871376037598,-16.3781642913818,"Unknown"
"5020563",370751,2026-05-03 06:40:26,33.186393737793,-16.3755664825439,"Unknown"
"5020563",370751,2026-05-03 06:45:26,33.1865196228027,-16.3765125274658,"Unknown"
"5020563",370751,2026-05-03 06:50:27,33.1867027282715,-16.3773784637451,"Unknown"
"5020563",370751,2026-05-03 06:55:30,33.1869277954102,-16.3782920837402,"Unknown"
"5020563",370751,2026-05-03 07:00:26,33.187141418457,-16.3791484832764,"Unknown"
"5020563",370751,2026-05-03 07:05:32,33.1874313354492,-16.3801517486572,"Unknown"
"5020563",370751,2026-05-03 07:10:31,33.1876487731934,-16.3810424804688,"Unknown"
"5020563",370751,2026-05-03 07:21:27,33.1941146850586,-16.3736114501953,"Unknown"
"5020563",370751,2026-05-03 07:25:23,33.1942405700684,-16.3742160797119,"Unknown"
"5020563",370751,2026-05-03 07:30:23,33.1944351196289,-16.3750228881836,"Unknown"
"5020563",370751,2026-05-03 07:35:23,33.1943359375,-16.3755168914795,"Unknown"
"5020563",370751,2026-05-03 07:40:23,33.2009582519531,-16.3771991729736,"Unknown"
"5020563",370751,2026-05-03 07:45:23,33.201416015625,-16.3782253265381,"Unknown"
"5020563",370751,2026-05-03 07:50:23,33.2018775939941,-16.378978729248,"Unknown"
"5020563",370751,2026-05-03 07:55:23,33.2022361755371,-16.3797187805176,"Unknown"
"5020563",370751,2026-05-03 08:00:23,33.2026824951172,-16.3805637359619,"Unknown"
"5020563",370751,2026-05-03 08:05:23,33.2033386230469,-16.3815479278564,"Unknown"
"5020563",370751,2026-05-03 08:10:23,33.2036437988281,-16.3823471069336,"Unknown"
"5020563",370751,2026-05-03 08:15:24,33.2063140869141,-16.376184463501,"Unknown"
"5020563",370751,2026-05-03 08:20:23,33.2082023620605,-16.3721694946289,"Unknown"
"5020563",370751,2026-05-03 08:25:23,33.2087936401367,-16.3729228973389,"Unknown"
"5020563",370751,2026-05-03 08:30:23,33.2137107849121,-16.3834762573242,"Unknown"
"5020563",370751,2026-05-03 08:35:24,33.214241027832,-16.3839282989502,"Unknown"
"5020563",370751,2026-05-03 08:40:23,33.2163581848145,-16.3786220550537,"Unknown"
"5020563",370751,2026-05-03 08:45:24,33.2157707214355,-16.378999710083,"Unknown"
"5020563",370751,2026-05-03 08:50:25,33.2165489196777,-16.37917137146,"Unknown"
"5020563",370751,2026-05-03 08:55:47,33.2173347473145,-16.3796195983887,"Unknown"
"5020563",370751,2026-05-03 09:00:23,33.2178535461426,-16.3800754547119,"Unknown"
"5020563",370751,2026-05-03 09:05:23,33.2185478210449,-16.380392074585,"Unknown"
"5020563",370751,2026-05-03 09:10:23,33.2192993164062,-16.380802154541,"Unknown"
"5020563",370751,2026-05-03 09:15:23,33.2199440002441,-16.3813571929932,"Unknown"
"5020563",370751,2026-05-03 09:20:26,33.2206878662109,-16.3818492889404,"Unknown"
"5020563",370751,2026-05-03 09:25:25,33.2213172912598,-16.3822746276855,"Unknown"
"5020563",370751,2026-05-03 09:30:23,33.2220115661621,-16.3826694488525,"Unknown"
"5020563",370751,2026-05-03 09:35:26,33.2227592468262,-16.3831253051758,"Unknown"
"5020563",370751,2026-05-03 09:40:23,33.2237739562988,-16.3834457397461,"Unknown"
"5020563",370751,2026-05-03 09:45:24,33.2244186401367,-16.3837985992432,"Unknown"
"5020563",370751,2026-05-03 09:50:25,33.2251434326172,-16.3841209411621,"Unknown"
"5020563",370751,2026-05-03 09:55:25,33.2258720397949,-16.3843193054199,"Unknown"
"5020563",370751,2026-05-03 10:01:48,33.2540397644043,-16.3680038452148,"Unknown"
"5020563",370751,2026-05-03 10:15:57,33.2646331787109,-16.368221282959,"Unknown"
"5020563",370751,2026-05-03 10:20:24,33.2654495239258,-16.36767578125,"Unknown"
"5020563",370751,2026-05-03 10:25:25,33.2660140991211,-16.367956161499,"Unknown"
"5020563",370751,2026-05-03 10:30:27,33.2667198181152,-16.3681392669678,"Unknown"
"5020563",370751,2026-05-03 10:35:25,33.2673492431641,-16.3684482574463,"Unknown"
"5020563",370751,2026-05-03 10:40:24,33.2668571472168,-16.3669815063477,"Unknown"
"5020563",370751,2026-05-03 10:45:26,33.2673072814941,-16.3669662475586,"Unknown"
"5020563",370751,2026-05-03 10:50:26,33.2680358886719,-16.3671474456787,"Unknown"
"5020563",370751,2026-05-03 10:55:24,33.2686767578125,-16.3675003051758,"Unknown"
"5020563",370751,2026-05-03 11:00:23,33.2692985534668,-16.3676795959473,"Unknown"
"5020563",370751,2026-05-03 11:05:23,33.2700958251953,-16.3677616119385,"Unknown"
"5020563",370751,2026-05-03 11:10:23,33.2710571289062,-16.3677825927734,"Unknown"
"5020563",370751,2026-05-03 11:15:23,33.2719497680664,-16.367956161499,"Unknown"
"5020563",370751,2026-05-03 11:20:24,33.2727279663086,-16.3679428100586,"Unknown"
"5020563",370751,2026-05-03 11:25:24,33.2735404968262,-16.368034362793,"Unknown"
"5020563",370751,2026-05-03 11:30:26,33.2744064331055,-16.3681221008301,"Unknown"
"5020563",370751,2026-05-03 11:35:24,33.2753105163574,-16.3680000305176,"Unknown"
"5020563",370751,2026-05-03 11:40:26,33.276180267334,-16.3679065704346,"Unknown"
"5020563",370751,2026-05-03 11:45:26,33.2770881652832,-16.3678112030029,"Unknown"
"5020563",370751,2026-05-03 11:50:26,33.2780075073242,-16.3678035736084,"Unknown"
"5020563",370751,2026-05-03 11:55:28,33.2789039611816,-16.367862701416,"Unknown"
"5020563",370751,2026-05-03 12:00:25,33.2798538208008,-16.3679504394531,"Unknown"
"5020563",370751,2026-05-03 12:05:25,33.2808380126953,-16.368091583252,"Unknown"
"5020563",370751,2026-05-03 12:10:26,33.2818222045898,-16.3681983947754,"Unknown"
"5020563",370751,2026-05-03 12:15:25,33.2828025817871,-16.3681640625,"Unknown"
"5020563",370751,2026-05-03 12:20:27,33.2836380004883,-16.3676681518555,"Unknown"
"5020563",370751,2026-05-03 12:25:26,33.2845611572266,-16.3674926757812,"Unknown"
"5020563",370751,2026-05-03 12:30:27,33.2855262756348,-16.3672828674316,"Unknown"
"5020563",370751,2026-05-03 12:35:29,33.2864608764648,-16.3666839599609,"Unknown"
"5020563",370751,2026-05-03 12:40:26,33.2874488830566,-16.3663311004639,"Unknown"
"5020563",370751,2026-05-03 12:45:26,33.2884101867676,-16.366024017334,"Unknown"
"5020563",370751,2026-05-03 12:50:29,33.2966804504395,-16.3676872253418,"Unknown"
"5020563",370751,2026-05-03 12:55:57,33.295295715332,-16.3757514953613,"Unknown"
"5020563",370751,2026-05-03 13:00:46,33.2910003662109,-16.3858070373535,"Unknown"
"5020563",370751,2026-05-03 13:05:26,33.2916831970215,-16.385627746582,"Unknown"
"5020563",370751,2026-05-03 13:10:28,33.2924537658691,-16.3852653503418,"Unknown"
"5020563",370751,2026-05-03 13:15:23,33.2930717468262,-16.3849143981934,"Unknown"
"5020563",370751,2026-05-03 13:20:26,33.2936897277832,-16.3846168518066,"Unknown"
"5020563",370751,2026-05-03 13:25:23,33.2945175170898,-16.3858242034912,"Unknown"
"5020563",370751,2026-05-03 13:30:26,33.2953262329102,-16.3854370117188,"Unknown"
"5020563",370751,2026-05-03 13:35:25,33.2994194030762,-16.3965396881104,"Unknown"
"5020563",370751,2026-05-03 13:40:25,33.3035354614258,-16.4285907745361,"Unknown"
"5020563",370751,2026-05-03 13:45:25,33.3003997802734,-16.4518909454346,"Unknown"
"5020563",370751,2026-05-03 13:50:24,33.2955894470215,-16.4671974182129,"Unknown"
"5020563",370751,2026-05-03 13:55:26,33.281177520752,-16.4598426818848,"Unknown"
"5020563",370751,2026-05-03 14:00:24,33.2739677429199,-16.4302234649658,"Unknown"
"5020563",370751,2026-05-03 14:05:26,33.2643127441406,-16.4020366668701,"Unknown"
"5020563",370751,2026-05-03 14:10:25,33.2518615722656,-16.3730545043945,"Unknown"
"5020563",370751,2026-05-03 14:15:26,33.2583694458008,-16.3749675750732,"Unknown"
"5020563",370751,2026-05-03 14:20:25,33.2547645568848,-16.3778991699219,"Unknown"
"5020563",370751,2026-05-03 14:25:29,33.2531433105469,-16.3802394866943,"Unknown"
"5020563",370751,2026-05-03 14:30:28,33.2533378601074,-16.3801097869873,"Unknown"
"5020563",370751,2026-05-03 14:35:26,33.2436485290527,-16.3867225646973,"Unknown"
"5020563",370751,2026-05-03 14:40:44,33.2402458190918,-16.3851985931396,"Unknown"
"5020563",370751,2026-05-03 14:45:26,33.236888885498,-16.3834075927734,"Unknown"
"5020563",370751,2026-05-03 14:50:30,33.2356834411621,-16.3822784423828,"Unknown"
"5020563",370751,2026-05-03 14:55:27,33.2363052368164,-16.3817882537842,"Unknown"
"5020563",370751,2026-05-03 15:00:28,33.2369728088379,-16.3811664581299,"Unknown"
"5020563",370751,2026-05-03 15:05:57,33.2374114990234,-16.3810729980469,"Unknown"
"5020563",370751,2026-05-03 15:10:23,33.2380523681641,-16.3814086914062,"Unknown"
"5020563",370751,2026-05-03 15:15:23,33.2380867004395,-16.3817043304443,"Unknown"
"5020563",370751,2026-05-03 15:20:23,33.2380981445312,-16.3818969726562,"Unknown"
"5020563",370751,2026-05-03 15:25:23,33.2382774353027,-16.3819694519043,"Unknown"
"5020563",370751,2026-05-03 15:30:23,33.2435188293457,-16.3795127868652,"Unknown"
"5020563",370751,2026-05-03 15:35:23,33.2437973022461,-16.3797168731689,"Unknown"
"5020563",370751,2026-05-03 15:40:23,33.2440376281738,-16.3798561096191,"Unknown"
"5020563",370751,2026-05-03 15:45:23,33.2442893981934,-16.3800392150879,"Unknown"
"5020563",370751,2026-05-03 15:50:23,33.2445945739746,-16.3801078796387,"Unknown"
"5020563",370751,2026-05-03 15:55:32,33.2429962158203,-16.3835868835449,"Unknown"
"5020563",370751,2026-05-03 16:00:23,33.2461738586426,-16.3832721710205,"Unknown"
"5020563",370751,2026-05-03 16:05:23,33.2466468811035,-16.3833503723145,"Unknown"
"5020563",370751,2026-05-03 16:10:23,33.2468223571777,-16.383508682251,"Unknown"
"5020563",370751,2026-05-03 16:15:23,33.2470283508301,-16.3862342834473,"Unknown"
"5020563",370751,2026-05-03 16:20:25,33.2475280761719,-16.3988552093506,"Unknown"
"5020563",370751,2026-05-03 16:25:23,33.2530174255371,-16.4017963409424,"Unknown"
"5020563",370751,2026-05-03 16:30:25,33.2573089599609,-16.4010887145996,"Unknown"
"5020563",370751,2026-05-03 16:35:24,33.2598762512207,-16.4019050598145,"Unknown"
"5020563",370751,2026-05-03 16:40:23,33.2592544555664,-16.4081535339355,"Unknown"
"5020563",370751,2026-05-03 16:45:34,33.2580223083496,-16.4121208190918,"Unknown"
"5020563",370751,2026-05-03 16:50:24,33.2578010559082,-16.4125499725342,"Unknown"
"5020563",370751,2026-05-03 16:55:27,33.2579116821289,-16.4126720428467,"Unknown"
"5020563",370751,2026-05-03 17:00:24,33.2598114013672,-16.4275894165039,"Unknown"
"5020563",370751,2026-05-03 17:05:47,33.2605857849121,-16.4275131225586,"Unknown"
"5020563",370751,2026-05-03 17:10:23,33.2610626220703,-16.4277114868164,"Unknown"
"5020563",370751,2026-05-03 17:15:23,33.2613563537598,-16.4276084899902,"Unknown"
"5020563",370751,2026-05-03 17:20:29,33.247802734375,-16.4148178100586,"Unknown"
"5020563",370751,2026-05-03 17:25:23,33.2363433837891,-16.3887882232666,"Unknown"
"5020563",370751,2026-05-03 17:30:24,33.2215347290039,-16.3662242889404,"Unknown"
"5020563",370751,2026-05-03 17:35:23,33.2055435180664,-16.3488845825195,"Unknown"
"5020563",370751,2026-05-03 17:40:23,33.1911163330078,-16.3232936859131,"Unknown"
"5020563",370751,2026-05-03 17:45:24,33.1882667541504,-16.335412979126,"Unknown"
"5020563",370751,2026-05-03 17:50:25,33.1869049072266,-16.3643932342529,"Unknown"
"5020563",370751,2026-05-03 17:55:25,33.1890182495117,-16.3905143737793,"Unknown"
"5020563",370751,2026-05-03 18:01:48,33.2109298706055,-16.43479347229,"Unknown"
"5020563",370751,2026-05-03 18:06:48,33.2079010009766,-16.4648742675781,"Unknown"
"5020563",370751,2026-05-03 18:11:27,33.2011833190918,-16.4922161102295,"Unknown"
"5020563",370751,2026-05-03 18:15:27,33.185676574707,-16.5117893218994,"Unknown"
"5020563",370751,2026-05-03 18:21:27,33.1633453369141,-16.5421962738037,"Unknown"
"5020563",370751,2026-05-03 18:25:24,33.1601142883301,-16.5641651153564,"Unknown"
"5020563",370751,2026-05-03 18:30:25,33.1615600585938,-16.5973892211914,"Unknown"
"5020563",370751,2026-05-03 18:35:23,33.1341743469238,-16.6274280548096,"Unknown"
"5020563",370751,2026-05-03 18:40:27,33.1056022644043,-16.6576175689697,"Unknown"
"5020563",370751,2026-05-03 18:45:23,33.1038017272949,-16.6629238128662,"Unknown"
"5020563",370751,2026-05-03 18:50:23,33.1002578735352,-16.664665222168,"Unknown"
"5020563",370751,2026-05-03 18:55:26,33.0970497131348,-16.6644382476807,"Unknown"
"5020563",370751,2026-05-03 19:00:24,33.0917892456055,-16.6653747558594,"Unknown"
"5020563",370751,2026-05-03 19:05:28,33.0879936218262,-16.6621990203857,"Unknown"
"5020563",370751,2026-05-03 19:11:03,33.0889358520508,-16.6567821502686,"Unknown"
"5020563",370751,2026-05-03 19:15:23,33.0923614501953,-16.6527328491211,"Unknown"
"5020563",370751,2026-05-03 19:20:24,33.0904922485352,-16.6466732025146,"Unknown"
"5020563",370751,2026-05-03 19:25:23,33.0894470214844,-16.6459941864014,"Unknown"
"5020563",370751,2026-05-03 19:30:23,33.088565826416,-16.6477241516113,"Unknown"
"5020563",370751,2026-05-03 19:35:24,33.0860214233398,-16.6476154327393,"Unknown"
"5020563",370751,2026-05-03 19:40:24,33.0476188659668,-16.6488990783691,"Unknown"
"5020563",370751,2026-05-03 19:45:25,33.0117874145508,-16.6603355407715,"Unknown"
"5020563",370751,2026-05-03 19:50:24,32.9786491394043,-16.676794052124,"Unknown"
"5020563",370751,2026-05-03 19:55:23,32.9486694335938,-16.699426651001,"Unknown"
"5020563",370751,2026-05-03 20:00:57,32.9154472351074,-16.7224597930908,"Unknown"
"5020563",370751,2026-05-03 20:05:23,32.8865737915039,-16.7370758056641,"Unknown"
"5020563",370751,2026-05-03 20:10:24,32.8543090820312,-16.7552852630615,"Unknown"
"5020563",370751,2026-05-03 20:15:23,32.8268203735352,-16.7609786987305,"Unknown"
"5020563",370751,2026-05-03 20:20:23,32.8264198303223,-16.7613010406494,"Unknown"
"5020563",370751,2026-05-03 20:25:23,32.825984954834,-16.7613353729248,"Unknown"
"5020563",370751,2026-05-03 20:30:24,32.825309753418,-16.7615070343018,"Unknown"
"5020563",370751,2026-05-03 20:35:23,32.8246536254883,-16.7615222930908,"Unknown"
"5020563",370751,2026-05-03 20:40:23,32.8239402770996,-16.762077331543,"Unknown"
"5020563",370751,2026-05-03 20:45:23,32.8231620788574,-16.7625160217285,"Unknown"
"5020563",370751,2026-05-03 20:50:23,32.8224334716797,-16.7630767822266,"Unknown"
"5020563",370751,2026-05-03 20:55:23,32.821647644043,-16.763427734375,"Unknown"
"5020563",370751,2026-05-03 21:00:23,32.820930480957,-16.7639541625977,"Unknown"
"5020563",370751,2026-05-03 21:05:23,32.820198059082,-16.7645835876465,"Unknown"
"5020563",370751,2026-05-03 21:10:23,32.8195610046387,-16.7653636932373,"Unknown"
"5020563",370751,2026-05-03 21:15:24,32.8188667297363,-16.7660942077637,"Unknown"
"5020563",370751,2026-05-03 21:20:23,32.8181838989258,-16.7670040130615,"Unknown"
"5020563",370751,2026-05-03 21:25:24,32.8175506591797,-16.7680149078369,"Unknown"
"5020563",370751,2026-05-03 21:30:23,32.8170204162598,-16.7691402435303,"Unknown"
"5020563",370751,2026-05-03 21:35:24,32.8164215087891,-16.7701320648193,"Unknown"
"5020563",370751,2026-05-03 21:40:23,32.8154754638672,-16.7710418701172,"Unknown"
"5020563",370751,2026-05-03 21:45:23,32.8145065307617,-16.7717380523682,"Unknown"
"5020563",370751,2026-05-03 21:50:25,32.8136329650879,-16.7726345062256,"Unknown"
"5020563",370751,2026-05-03 21:55:24,32.8131370544434,-16.7736740112305,"Unknown"
"5020563",370751,2026-05-03 22:00:47,32.8126182556152,-16.7746486663818,"Unknown"
"5020563",370751,2026-05-03 22:05:27,32.8120002746582,-16.7751922607422,"Unknown"
"5020563",370751,2026-05-03 22:10:23,32.8115882873535,-16.7756996154785,"Unknown"
"5020563",370751,2026-05-03 22:15:23,32.8111686706543,-16.7763290405273,"Unknown"
"5020563",370751,2026-05-03 22:20:24,32.8107414245605,-16.7769660949707,"Unknown"
"5020563",370751,2026-05-03 22:25:27,32.8103218078613,-16.777515411377,"Unknown"
"5020563",370751,2026-05-03 22:30:23,32.8099937438965,-16.7781562805176,"Unknown"
"5020563",370751,2026-05-03 22:35:23,32.8096466064453,-16.7788105010986,"Unknown"
"5020563",370751,2026-05-03 22:40:23,32.8093376159668,-16.7793006896973,"Unknown"
"5020563",370751,2026-05-03 22:45:25,32.8089752197266,-16.7799987792969,"Unknown"
"5020563",370751,2026-05-03 22:50:26,32.8084869384766,-16.7806301116943,"Unknown"
"5020563",370751,2026-05-03 22:55:23,32.8083343505859,-16.7813110351562,"Unknown"
"5020563",370751,2026-05-03 23:00:23,32.808032989502,-16.7819633483887,"Unknown"
"5020563",370751,2026-05-03 23:05:23,32.8077964782715,-16.7824058532715,"Unknown"
"5020563",370751,2026-05-03 23:10:24,32.8077201843262,-16.782621383667,"Unknown"
"5020563",370751,2026-05-03 23:15:23,32.8076171875,-16.7832546234131,"Unknown"
"5020563",370751,2026-05-03 23:20:23,32.8074073791504,-16.7835369110107,"Unknown"
"5020563",370751,2026-05-03 23:25:23,32.8071403503418,-16.783863067627,"Unknown"
"5020563",370751,2026-05-03 23:30:23,32.8071937561035,-16.7841472625732,"Unknown"
"5020563",370751,2026-05-03 23:35:23,32.8069915771484,-16.7846775054932,"Unknown"
"5020563",370751,2026-05-03 23:40:24,32.8068313598633,-16.7849254608154,"Unknown"
"5020563",370751,2026-05-03 23:45:23,32.806957244873,-16.7850666046143,"Unknown"
"5020563",370751,2026-05-03 23:50:23,32.8070068359375,-16.7852420806885,"Unknown"
"5020563",370751,2026-05-03 23:55:24,32.8068161010742,-16.7856521606445,"Unknown"
"5020563",370751,2026-05-04 00:00:47,32.8067970275879,-16.7861976623535,"Unknown"
"5020563",370751,2026-05-04 00:05:22,32.8068771362305,-16.7868385314941,"Unknown"
"5020563",370751,2026-05-04 00:10:25,32.8070030212402,-16.7874069213867,"Unknown"
"5020563",370751,2026-05-04 00:15:24,32.8072242736816,-16.7879600524902,"Unknown"
"5020563",370751,2026-05-04 00:20:22,32.8073959350586,-16.7885437011719,"Unknown"
"5020563",370751,2026-05-04 00:25:25,32.8076629638672,-16.7889938354492,"Unknown"
"5020563",370751,2026-05-04 00:30:23,32.8078384399414,-16.7894401550293,"Unknown"
"5020563",370751,2026-05-04 00:35:27,32.8078956604004,-16.7897510528564,"Unknown"
"5020563",370751,2026-05-04 00:40:24,32.8081741333008,-16.7901439666748,"Unknown"
"5020563",370751,2026-05-04 00:45:27,32.8083724975586,-16.790506362915,"Unknown"
"5020563",370751,2026-05-04 00:50:24,32.8084259033203,-16.7907466888428,"Unknown"
"5020563",370751,2026-05-04 00:55:27,32.8086242675781,-16.7908878326416,"Unknown"
"5020563",370751,2026-05-04 01:00:24,32.8088684082031,-16.7909870147705,"Unknown"
"5020563",370751,2026-05-04 01:05:28,32.8090133666992,-16.7909984588623,"Unknown"
"5020563",370751,2026-05-04 01:10:26,32.8092346191406,-16.7915191650391,"Unknown"
"5020563",370751,2026-05-04 01:15:29,32.8095054626465,-16.7912406921387,"Unknown"
"5020563",370751,2026-05-04 01:20:27,32.8098220825195,-16.7913513183594,"Unknown"
"5020563",370751,2026-05-04 01:25:26,32.8101081848145,-16.7915153503418,"Unknown"
"5020563",370751,2026-05-04 01:30:29,32.8103256225586,-16.7915668487549,"Unknown"
"5020563",370751,2026-05-04 01:35:57,32.8106956481934,-16.7915916442871,"Unknown"
"5020563",370751,2026-05-04 01:40:23,32.8109474182129,-16.7917594909668,"Unknown"
"5020563",370751,2026-05-04 01:45:23,32.8112831115723,-16.7917251586914,"Unknown"
"5020563",370751,2026-05-04 01:50:23,32.8115539550781,-16.7917346954346,"Unknown"
"5020563",370751,2026-05-04 01:55:23,32.8119812011719,-16.7917404174805,"Unknown"
"5020563",370751,2026-05-04 02:00:23,32.812328338623,-16.7917861938477,"Unknown"
"5020563",370751,2026-05-04 02:05:23,32.8126602172852,-16.7918815612793,"Unknown"
"5020563",370751,2026-05-04 02:10:23,32.8130073547363,-16.7918815612793,"Unknown"
"5020563",370751,2026-05-04 02:15:23,32.8019065856934,-16.8018646240234,"Unknown"
"5020563",370751,2026-05-04 02:20:23,32.7861022949219,-16.7839736938477,"Unknown"
"5020563",370751,2026-05-04 02:25:23,32.7820167541504,-16.7775077819824,"Unknown"
"5020563",370751,2026-05-04 02:30:23,32.7653617858887,-16.7535991668701,"Unknown"
"5020563",370751,2026-05-04 02:35:23,32.761287689209,-16.7208690643311,"Unknown"
"5020563",370751,2026-05-04 02:40:23,32.7578010559082,-16.6860733032227,"Unknown"
"5020563",370751,2026-05-04 02:45:23,32.7416763305664,-16.6563129425049,"Unknown"
"5020563",370751,2026-05-04 02:50:23,32.7333145141602,-16.649881362915,"Unknown"
"5020563",370751,2026-05-04 02:55:23,32.7273483276367,-16.6449871063232,"Unknown"
"5020563",370751,2026-05-04 03:00:23,32.7143745422363,-16.6362266540527,"Unknown"
"5020563",370751,2026-05-04 03:05:23,32.6896667480469,-16.6449279785156,"Unknown"
"5020563",370751,2026-05-04 03:10:24,32.6667213439941,-16.6582374572754,"Unknown"
"5020563",370751,2026-05-04 03:15:23,32.6619071960449,-16.6600551605225,"Unknown"
"5020563",370751,2026-05-04 03:20:23,32.6619911193848,-16.6591396331787,"Unknown"
"5020563",370751,2026-05-04 03:25:24,32.6620483398438,-16.6582698822021,"Unknown"
"5020563",370751,2026-05-04 03:30:23,32.6621170043945,-16.6574630737305,"Unknown"
"5020563",370751,2026-05-04 03:35:23,32.6621322631836,-16.6566314697266,"Unknown"
"5020563",370751,2026-05-04 03:40:24,32.6620941162109,-16.6557483673096,"Unknown"
"5020563",370751,2026-05-04 03:45:25,32.662036895752,-16.6549396514893,"Unknown"
"5020563",370751,2026-05-04 03:50:27,32.6619415283203,-16.6542625427246,"Unknown"
"5020563",370751,2026-05-04 03:55:25,32.6618576049805,-16.6535511016846,"Unknown"
"5020563",370751,2026-05-04 04:00:46,32.6617698669434,-16.6527729034424,"Unknown"
"5020563",370751,2026-05-04 04:05:24,32.6617050170898,-16.6521682739258,"Unknown"
"5020563",370751,2026-05-04 04:10:24,32.6411666870117,-16.6673622131348,"Unknown"
"5020563",370751,2026-05-04 04:15:24,32.6333618164062,-16.6747093200684,"Unknown"
"5020563",370751,2026-05-04 04:20:24,32.6337394714355,-16.674596786499,"Unknown"
"5020563",370751,2026-05-04 04:25:23,32.6341247558594,-16.6744937896729,"Unknown"
"5020563",370751,2026-05-04 04:30:26,32.6345138549805,-16.6744117736816,"Unknown"
"5020563",370751,2026-05-04 04:35:23,32.6348876953125,-16.6743507385254,"Unknown"
"5020563",370751,2026-05-04 04:40:23,32.6353225708008,-16.6742630004883,"Unknown"
"5020563",370751,2026-05-04 04:45:23,32.6357879638672,-16.674144744873,"Unknown"
"5020563",370751,2026-05-04 04:50:24,32.63623046875,-16.6740074157715,"Unknown"
"5020563",370751,2026-05-04 04:55:23,32.6367645263672,-16.6739826202393,"Unknown"
"5020563",370751,2026-05-04 05:00:27,32.6373443603516,-16.6739521026611,"Unknown"
"5020563",370751,2026-05-04 05:05:25,32.6378173828125,-16.6737842559814,"Unknown"
"5020563",370751,2026-05-04 05:10:23,32.6382522583008,-16.6736030578613,"Unknown"
"5020563",370751,2026-05-04 05:15:23,32.6386680603027,-16.6734142303467,"Unknown"
"5020563",370751,2026-05-04 05:20:23,32.6373634338379,-16.6741142272949,"Unknown"
"5020563",370751,2026-05-04 05:25:25,32.6378326416016,-16.6739692687988,"Unknown"
"5020563",370751,2026-05-04 05:30:23,32.6382904052734,-16.6737766265869,"Unknown"
"5020563",370751,2026-05-04 05:35:27,32.6387329101562,-16.6735801696777,"Unknown"
"5020563",370751,2026-05-04 05:40:26,32.6338844299316,-16.6785316467285,"Unknown"
"5020563",370751,2026-05-04 05:45:23,32.6098022460938,-16.6891994476318,"Unknown"
"5020563",370751,2026-05-04 05:50:27,32.5857009887695,-16.7006759643555,"Unknown"
"5020563",370751,2026-05-04 05:55:24,32.5666732788086,-16.7085418701172,"Unknown"
"5020563",370751,2026-05-04 06:00:26,32.566822052002,-16.708158493042,"Unknown"
"5020563",370751,2026-05-04 06:05:29,32.5668830871582,-16.7077503204346,"Unknown"
"5020563",370751,2026-05-04 06:10:28,32.5668487548828,-16.7074031829834,"Unknown"
"5020563",370751,2026-05-04 06:15:27,32.5468788146973,-16.7184791564941,"Unknown"
"5020563",370751,2026-05-04 06:20:26,32.5351715087891,-16.7185382843018,"Unknown"
"5020563",370751,2026-05-04 06:25:57,32.527286529541,-16.7228660583496,"Unknown"
"5020563",370751,2026-05-04 06:30:27,32.5092163085938,-16.7360610961914,"Unknown"
"5020563",370751,2026-05-04 06:35:31,32.4926834106445,-16.7306499481201,"Unknown"
"5020563",370751,2026-05-04 06:40:26,32.4952774047852,-16.7351722717285,"Unknown"
"5020563",370751,2026-05-04 06:45:26,32.4957618713379,-16.7356185913086,"Unknown"
"5020563",370751,2026-05-04 06:50:47,32.4962692260742,-16.7359294891357,"Unknown"
"5020563",370751,2026-05-04 06:55:27,32.4896469116211,-16.7486400604248,"Unknown"
"5020563",370751,2026-05-04 07:00:24,32.4883041381836,-16.7531337738037,"Unknown"
"5020563",370751,2026-05-04 07:05:23,32.4872665405273,-16.7562160491943,"Unknown"
"5020563",370751,2026-05-04 07:10:24,32.4906234741211,-16.7620582580566,"Unknown"
"5020563",370751,2026-05-04 07:15:23,32.4939117431641,-16.7680244445801,"Unknown"
"5020563",370751,2026-05-04 07:20:23,32.4979667663574,-16.7725944519043,"Unknown"
"5020563",370751,2026-05-04 07:25:24,32.499626159668,-16.7749042510986,"Unknown"
"5020563",370751,2026-05-04 07:30:23,32.5002365112305,-16.7753276824951,"Unknown"
"5020563",370751,2026-05-04 07:35:23,32.5008354187012,-16.7840900421143,"Unknown"
"5020563",370751,2026-05-04 07:40:25,32.4988594055176,-16.7945423126221,"Unknown"
"5020563",370751,2026-05-04 07:45:23,32.4720497131348,-16.7901153564453,"Unknown"
"5020563",370751,2026-05-04 07:50:26,32.4498634338379,-16.7815093994141,"Unknown"
"5020563",370751,2026-05-04 07:55:23,32.425952911377,-16.7766571044922,"Unknown"
"5020563",370751,2026-05-04 08:00:25,32.4011268615723,-16.7762470245361,"Unknown"
"5020563",370751,2026-05-04 08:05:28,32.3713989257812,-16.7751274108887,"Unknown"
"5020563",370751,2026-05-04 08:10:25,32.3436737060547,-16.7698459625244,"Unknown"
"5020563",370751,2026-05-04 08:15:27,32.3147430419922,-16.7721710205078,"Unknown"
"5020563",370751,2026-05-04 08:20:26,32.2855033874512,-16.7743015289307,"Unknown"
"5020563",370751,2026-05-04 08:25:27,32.2548828125,-16.7737712860107,"Unknown"
"5020563",370751,2026-05-04 08:30:27,32.2243881225586,-16.7764911651611,"Unknown"
"5020563",370751,2026-05-04 08:35:30,32.1956634521484,-16.7753410339355,"Unknown"
"5020563",370751,2026-05-04 08:40:57,32.1646690368652,-16.7719612121582,"Unknown"
"5020563",370751,2026-05-04 08:45:29,32.1519737243652,-16.7633838653564,"Unknown"
"5020563",370751,2026-05-04 08:50:34,32.1525192260742,-16.7621459960938,"Unknown"
"5020563",370751,2026-05-04 08:55:57,32.1516494750977,-16.76025390625,"Unknown"
"5020563",370751,2026-05-04 09:00:23,32.1495018005371,-16.7575397491455,"Unknown"
"5020563",370751,2026-05-04 09:05:23,32.150562286377,-16.7511425018311,"Unknown"
"5020563",370751,2026-05-04 09:10:23,32.1540260314941,-16.7430191040039,"Unknown"
"5020563",370751,2026-05-04 09:15:23,32.1501846313477,-16.7392234802246,"Unknown"
"5020563",370751,2026-05-04 09:20:23,32.1511154174805,-16.7395458221436,"Unknown"
"5020563",370751,2026-05-04 09:25:23,32.1492004394531,-16.7368469238281,"Unknown"
"5020563",370751,2026-05-04 09:30:23,32.1283950805664,-16.7400436401367,"Unknown"
"5020563",370751,2026-05-04 09:35:23,32.1024169921875,-16.7447376251221,"Unknown"
"5020563",370751,2026-05-04 09:40:23,32.0754470825195,-16.7503108978271,"Unknown"
"5020563",370751,2026-05-04 09:45:24,32.0467948913574,-16.754150390625,"Unknown"
"5020563",370751,2026-05-04 09:50:23,32.0192222595215,-16.7601680755615,"Unknown"
"5020563",370751,2026-05-04 09:55:23,31.9913291931152,-16.7673320770264,"Unknown"
"5020563",370751,2026-05-04 10:00:23,31.9623603820801,-16.7699546813965,"Unknown"
"5020563",370751,2026-05-04 10:05:23,31.9353351593018,-16.7720413208008,"Unknown"
"5020563",370751,2026-05-04 10:10:24,31.9084358215332,-16.7769680023193,"Unknown"
"5020563",370751,2026-05-04 10:15:25,31.8800716400146,-16.7774848937988,"Unknown"
"5020563",370751,2026-05-04 10:20:24,31.8515472412109,-16.7793922424316,"Unknown"
"5020563",370751,2026-05-04 10:25:25,31.824239730835,-16.7747745513916,"Unknown"
"5020563",370751,2026-05-04 10:30:24,31.7986736297607,-16.7722148895264,"Unknown"
"5020563",370751,2026-05-04 10:35:23,31.7746086120605,-16.7728843688965,"Unknown"
"5020563",370751,2026-05-04 10:40:26,31.7477703094482,-16.7705135345459,"Unknown"
"5020563",370751,2026-05-04 10:45:26,31.7213878631592,-16.7702865600586,"Unknown"
"5020563",370751,2026-05-04 10:50:27,31.693868637085,-16.7726726531982,"Unknown"
"5020563",370751,2026-05-04 10:56:48,31.6613998413086,-16.7799892425537,"Unknown"
"5020563",370751,2026-05-04 11:01:27,31.6369686126709,-16.7875728607178,"Unknown"
"5020563",370751,2026-05-04 11:05:24,31.6158638000488,-16.7921104431152,"Unknown"
"5020563",370751,2026-05-04 11:10:24,31.5887355804443,-16.7905292510986,"Unknown"
"5020563",370751,2026-05-04 11:15:25,31.5626621246338,-16.7922668457031,"Unknown"
"5020563",370751,2026-05-04 11:20:24,31.5371761322021,-16.7854595184326,"Unknown"
"5020563",370751,2026-05-04 11:25:25,31.510627746582,-16.7877655029297,"Unknown"
"5020563",370751,2026-05-04 11:30:24,31.4843521118164,-16.7855682373047,"Unknown"
"5020563",370751,2026-05-04 11:35:25,31.4578418731689,-16.7880344390869,"Unknown"
"5020563",370751,2026-05-04 11:40:24,31.4326705932617,-16.7929973602295,"Unknown"
"5020563",370751,2026-05-04 11:45:25,31.4276847839355,-16.7941837310791,"Unknown"
"5020563",370751,2026-05-04 11:50:24,31.4087791442871,-16.8014850616455,"Unknown"
"5020563",370751,2026-05-04 11:56:33,31.3770275115967,-16.8051795959473,"Unknown"
"5020563",370751,2026-05-04 12:01:27,31.3514823913574,-16.8135948181152,"Unknown"
"5020563",370751,2026-05-04 12:05:25,31.331729888916,-16.8219242095947,"Unknown"
"5020563",370751,2026-05-04 12:10:24,31.3135051727295,-16.8262462615967,"Unknown"
"5020563",370751,2026-05-04 12:15:26,31.3037757873535,-16.8324794769287,"Unknown"
"5020563",370751,2026-05-04 12:20:25,31.2792167663574,-16.8404483795166,"Unknown"
"5020563",370751,2026-05-04 12:25:25,31.2625064849854,-16.8443508148193,"Unknown"
"5020563",370751,2026-05-04 12:30:25,31.2375411987305,-16.8506336212158,"Unknown"
"5020563",370751,2026-05-04 12:35:25,31.2130680084229,-16.8526706695557,"Unknown"
"5020563",370751,2026-05-04 12:45:10,31.1668891906738,-16.86669921875,"Unknown"
"5020563",370751,2026-05-04 12:50:12,31.1435146331787,-16.8772144317627,"Unknown"
"5020563",370751,2026-05-04 12:55:11,31.1195468902588,-16.8858985900879,"Unknown"
"5020563",370751,2026-05-04 13:01:05,31.0896072387695,-16.8953380584717,"Unknown"
"5020563",370751,2026-05-04 13:05:11,31.0677223205566,-16.8982563018799,"Unknown"
"5020563",370751,2026-05-04 13:10:11,31.0635509490967,-16.894157409668,"Unknown"
"5020563",370751,2026-05-04 13:15:11,31.068302154541,-16.8972625732422,"Unknown"
"5020563",370751,2026-05-04 13:20:09,31.0736446380615,-16.9007835388184,"Unknown"
"5020563",370751,2026-05-04 13:25:10,31.0476894378662,-16.9073867797852,"Unknown"
"5020563",370751,2026-05-04 13:30:17,31.0231170654297,-16.9114627838135,"Unknown"
"5020563",370751,2026-05-04 13:35:12,31.0193328857422,-16.9128799438477,"Unknown"
"5020563",370751,2026-05-04 13:40:11,30.9968719482422,-16.9250240325928,"Unknown"
"5020563",370751,2026-05-04 13:45:11,30.9752731323242,-16.938289642334,"Unknown"
"5020563",370751,2026-05-04 13:50:11,30.9518642425537,-16.9457683563232,"Unknown"
"5020563",370751,2026-05-04 13:55:12,30.9288864135742,-16.9571437835693,"Unknown"
"5020563",370751,2026-05-04 14:00:12,30.9028453826904,-16.9635448455811,"Unknown"
"5020563",370751,2026-05-04 14:05:51,30.8745212554932,-16.9739265441895,"Unknown"
"5020563",370751,2026-05-04 14:10:14,30.8529872894287,-16.9835624694824,"Unknown"
"5020563",370751,2026-05-04 14:16:03,30.8230895996094,-16.9992828369141,"Unknown"
"5020563",370751,2026-05-04 14:20:12,30.8019905090332,-17.0088958740234,"Unknown"
"5020563",370751,2026-05-04 14:25:13,30.7745494842529,-17.0165405273438,"Unknown"
"5020563",370751,2026-05-04 14:31:28,30.7420234680176,-17.031982421875,"Unknown"
"5020563",370751,2026-05-04 14:35:13,30.7218704223633,-17.037971496582,"Unknown"
"5020563",370751,2026-05-04 14:40:12,30.7022590637207,-17.0467510223389,"Unknown"
"5020563",370751,2026-05-04 14:45:13,30.6761474609375,-17.0576725006104,"Unknown"
"5020563",370751,2026-05-04 14:50:13,30.6510124206543,-17.0715255737305,"Unknown"
"5020563",370751,2026-05-04 14:55:13,30.6260948181152,-17.0836391448975,"Unknown"
"5020563",370751,2026-05-04 15:00:57,30.5978603363037,-17.0966548919678,"Unknown"
"5020563",370751,2026-05-04 15:05:10,30.5772724151611,-17.1063766479492,"Unknown"
"5020563",370751,2026-05-04 15:10:11,30.55002784729,-17.1151542663574,"Unknown"
"5020563",370751,2026-05-04 15:15:10,30.5225009918213,-17.1247253417969,"Unknown"
"5020563",370751,2026-05-04 15:20:11,30.4942436218262,-17.1329917907715,"Unknown"
"5020563",370751,2026-05-04 15:30:11,30.4612236022949,-17.1447410583496,"Unknown"
"5020563",370751,2026-05-04 15:35:11,30.4349098205566,-17.1610298156738,"Unknown"
"5020563",370751,2026-05-04 15:40:11,30.4083786010742,-17.1778984069824,"Unknown"
"5020563",370751,2026-05-04 15:45:13,30.3804492950439,-17.1934394836426,"Unknown"
"5020563",370751,2026-05-04 15:50:14,30.354959487915,-17.2187690734863,"Unknown"
"5020563",370751,2026-05-04 15:55:13,30.3258762359619,-17.2351207733154,"Unknown"
"5020563",370751,2026-05-04 16:00:12,30.2982387542725,-17.2528705596924,"Unknown"
"5020563",370751,2026-05-04 16:05:11,30.2704086303711,-17.2697944641113,"Unknown"
"5020563",370751,2026-05-04 16:10:13,30.2422790527344,-17.2881183624268,"Unknown"
"5020563",370751,2026-05-04 16:15:11,30.213809967041,-17.3055820465088,"Unknown"
"5020563",370751,2026-05-04 16:20:11,30.1864185333252,-17.3267822265625,"Unknown"
"5020563",370751,2026-05-04 16:25:33,30.1564521789551,-17.3508262634277,"Unknown"
"5020563",370751,2026-05-04 16:30:11,30.1304206848145,-17.3719272613525,"Unknown"
"5020563",370751,2026-05-04 16:35:11,30.1030616760254,-17.3923377990723,"Unknown"
"5020563",370751,2026-05-04 16:45:09,30.0502452850342,-17.4378757476807,"Unknown"
"5020563",370751,2026-05-04 16:50:09,30.0242004394531,-17.4610996246338,"Unknown"
"5020563",370751,2026-05-04 16:55:09,29.9956932067871,-17.4803237915039,"Unknown"
"5020563",370751,2026-05-04 17:00:09,29.9696311950684,-17.5030078887939,"Unknown"
"5020563",370751,2026-05-04 17:05:09,29.9418087005615,-17.5218868255615,"Unknown"
"5020563",370751,2026-05-04 17:10:09,29.9169139862061,-17.5469856262207,"Unknown"
"5020563",370751,2026-05-04 17:15:09,29.8900299072266,-17.5697479248047,"Unknown"
"5020563",370751,2026-05-04 17:20:09,29.8647537231445,-17.5930709838867,"Unknown"
"5020563",370751,2026-05-04 17:25:09,29.8373355865479,-17.6150665283203,"Unknown"
"5020563",370751,2026-05-04 17:30:09,29.8108577728271,-17.6388473510742,"Unknown"
"5020563",370751,2026-05-04 17:35:09,29.7822360992432,-17.6689834594727,"Unknown"
"5020563",370751,2026-05-04 17:40:11,29.7532825469971,-17.6982917785645,"Unknown"
"5020563",370751,2026-05-04 17:45:10,29.7237167358398,-17.7260150909424,"Unknown"
"5020563",370751,2026-05-04 17:51:34,29.6814785003662,-17.750524520874,"Unknown"
"5020563",370751,2026-05-04 17:56:34,29.6481075286865,-17.7604446411133,"Unknown"
"5020563",370751,2026-05-04 18:01:34,29.6162414550781,-17.7751235961914,"Unknown"
"5020563",370751,2026-05-04 18:06:34,29.585147857666,-17.7868633270264,"Unknown"
"5020563",370751,2026-05-04 18:11:34,29.5547485351562,-17.7976531982422,"Unknown"
"5020563",370751,2026-05-04 18:15:11,29.5326499938965,-17.80295753479,"Unknown"
"5020563",370751,2026-05-04 18:20:12,29.528772354126,-17.8051471710205,"Unknown"
"5020563",370751,2026-05-04 18:25:09,29.5015392303467,-17.811767578125,"Unknown"
"5020563",370751,2026-05-04 18:30:11,29.4719104766846,-17.8206386566162,"Unknown"
"5020563",370751,2026-05-04 18:35:11,29.4432926177979,-17.8327808380127,"Unknown"
"5020563",370751,2026-05-04 18:40:10,29.4137535095215,-17.8456211090088,"Unknown"
"5020563",370751,2026-05-04 18:45:11,29.3844108581543,-17.8580913543701,"Unknown"
"5020563",370751,2026-05-04 18:50:11,29.3542098999023,-17.8675785064697,"Unknown"
"5020563",370751,2026-05-04 18:55:11,29.3223190307617,-17.8758926391602,"Unknown"
"5020563",370751,2026-05-04 19:00:09,29.2917976379395,-17.8821144104004,"Unknown"
"5020563",370751,2026-05-04 19:05:12,29.2616786956787,-17.8893451690674,"Unknown"
"5020563",370751,2026-05-04 19:10:11,29.2338027954102,-17.8967552185059,"Unknown"
"5020563",370751,2026-05-04 19:15:33,29.2105693817139,-17.9035530090332,"Unknown"
"5020563",370751,2026-05-04 19:20:09,29.1854667663574,-17.9052791595459,"Unknown"
"5020563",370751,2026-05-04 19:25:09,29.1572303771973,-17.9080562591553,"Unknown"
"5020563",370751,2026-05-04 19:30:09,29.1290302276611,-17.9064769744873,"Unknown"
"5020563",370751,2026-05-04 19:35:11,29.0996780395508,-17.9057331085205,"Unknown"
"5020563",370751,2026-05-04 19:40:11,29.0712375640869,-17.9077053070068,"Unknown"
"5020563",370751,2026-05-04 19:45:11,29.0425682067871,-17.9089508056641,"Unknown"
"5020563",370751,2026-05-04 19:50:11,29.012882232666,-17.9137897491455,"Unknown"
"5020563",370751,2026-05-04 19:55:10,28.9832859039307,-17.920295715332,"Unknown"
"5020563",370751,2026-05-04 20:00:13,28.9524803161621,-17.9187660217285,"Unknown"
"5020563",370751,2026-05-04 20:05:09,28.9247188568115,-17.9128589630127,"Unknown"
"5020563",370751,2026-05-04 20:11:03,28.8901519775391,-17.8984832763672,"Unknown"
"5020563",370751,2026-05-04 20:15:14,28.8680381774902,-17.8863124847412,"Unknown"
"5020563",370751,2026-05-04 20:20:12,28.8617973327637,-17.8867626190186,"Unknown"
"5020563",370751,2026-05-04 20:25:11,28.8616828918457,-17.8867721557617,"Unknown"
"5020563",370751,2026-05-04 20:26:10,28.8616771697998,-17.8867702484131,"Unknown"
"5020563",370751,2026-05-04 20:27:09,28.8616733551025,-17.8867664337158,"Unknown"
"5020563",370751,2026-05-04 20:28:09,28.8616847991943,-17.8867568969727,"Unknown"
"5020563",370751,2026-05-04 20:29:09,28.8616905212402,-17.8867835998535,"Unknown"
"5020563",370751,2026-05-04 20:30:10,28.8617134094238,-17.8868007659912,"Unknown"
"5020563",370751,2026-05-04 20:31:10,28.861743927002,-17.8867969512939,"Unknown"
"5020563",370751,2026-05-04 20:32:09,28.8617763519287,-17.8868179321289,"Unknown"
"5020563",370751,2026-05-04 20:33:09,28.8618297576904,-17.886833190918,"Unknown"
"5020563",370751,2026-05-04 20:34:09,28.8618583679199,-17.8868503570557,"Unknown"
"5020563",370751,2026-05-04 20:35:10,28.8619022369385,-17.8868942260742,"Unknown"
"5020563",370751,2026-05-04 20:36:11,28.8619403839111,-17.8869037628174,"Unknown"
"5020563",370751,2026-05-04 20:37:09,28.8619537353516,-17.886905670166,"Unknown"
"5020563",370751,2026-05-04 20:38:09,28.8620147705078,-17.8869514465332,"Unknown"
"5020563",370751,2026-05-04 20:39:10,28.8620471954346,-17.8869609832764,"Unknown"
"5020564",370750,2026-04-23 17:29:41,28.8119525909424,-17.7643661499023,"Unknown"
"5020564",370750,2026-04-23 17:33:29,28.8119201660156,-17.7643756866455,"Unknown"
"5020564",370750,2026-04-23 17:38:44,28.8119564056396,-17.7643966674805,"Unknown"
"5020564",370750,2026-04-23 17:43:40,28.8119621276855,-17.7643947601318,"Unknown"
"5020564",370750,2026-04-23 17:48:39,28.8119831085205,-17.7643299102783,"Unknown"
"5020564",370750,2026-04-23 17:53:31,28.8119049072266,-17.7642650604248,"Unknown"
"5020564",370750,2026-04-23 17:58:32,28.8157863616943,-17.7638282775879,"Unknown"
"5020564",370750,2026-04-23 18:03:26,28.8302116394043,-17.7645568847656,"Unknown"
"5020564",370750,2026-04-23 18:08:30,28.8467578887939,-17.7668609619141,"Unknown"
"5020564",370750,2026-04-23 18:13:26,28.8616104125977,-17.7686214447021,"Unknown"
"5020564",370750,2026-04-23 18:18:26,28.8616352081299,-17.7684955596924,"Unknown"
"5020564",370750,2026-04-23 18:23:29,28.8774528503418,-17.7631397247314,"Unknown"
"5020564",370750,2026-04-23 18:28:26,28.8800106048584,-17.7633113861084,"Unknown"
"5020564",370750,2026-04-23 18:33:26,28.8800086975098,-17.7632369995117,"Unknown"
"5020564",370750,2026-04-23 18:38:27,28.8946151733398,-17.7418365478516,"Unknown"
"5020564",370750,2026-04-23 18:43:26,28.9033546447754,-17.7129192352295,"Unknown"
"5020564",370750,2026-04-23 18:48:29,28.9120254516602,-17.685733795166,"Unknown"
"5020564",370750,2026-04-23 18:53:27,28.9166011810303,-17.6566524505615,"Unknown"
"5020564",370750,2026-04-23 18:58:27,28.9273796081543,-17.6329040527344,"Unknown"
"5020564",370750,2026-04-23 19:03:27,28.9285297393799,-17.6048069000244,"Unknown"
"5020564",370750,2026-04-23 19:08:27,28.9336471557617,-17.5780544281006,"Unknown"
"5020564",370750,2026-04-23 19:13:27,28.9333610534668,-17.5777988433838,"Unknown"
"5020564",370750,2026-04-23 19:18:27,28.9330863952637,-17.5776462554932,"Unknown"
"5020564",370750,2026-04-23 19:23:27,28.9327507019043,-17.5775184631348,"Unknown"
"5020564",370750,2026-04-23 19:28:27,28.9325275421143,-17.5773620605469,"Unknown"
"5020564",370750,2026-04-23 19:33:27,28.9323997497559,-17.5771789550781,"Unknown"
"5020564",370750,2026-04-23 19:38:28,28.9321956634521,-17.5770168304443,"Unknown"
"5020564",370750,2026-04-23 19:43:28,28.9320201873779,-17.5768089294434,"Unknown"
"5020564",370750,2026-04-23 19:48:28,28.931812286377,-17.576602935791,"Unknown"
"5020564",370750,2026-04-23 19:53:29,28.9326572418213,-17.5731430053711,"Unknown"
"5020564",370750,2026-04-23 19:59:21,28.9224109649658,-17.5620288848877,"Unknown"
"5020564",370750,2026-04-23 20:34:52,28.7287178039551,-17.5971546173096,"Unknown"
"5020564",370750,2026-04-23 20:39:52,28.7140712738037,-17.6236534118652,"Unknown"
"5020564",370750,2026-04-23 20:44:52,28.707103729248,-17.6521549224854,"Unknown"
"5020564",370750,2026-04-23 20:49:52,28.7035064697266,-17.680736541748,"Unknown"
"5020564",370750,2026-04-23 20:53:55,28.7033805847168,-17.6829166412354,"Unknown"
"5020564",370750,2026-04-23 20:58:27,28.7032852172852,-17.6827869415283,"Unknown"
"5020564",370750,2026-04-23 21:03:27,28.7031364440918,-17.6827163696289,"Unknown"
"5020564",370750,2026-04-23 21:08:27,28.7030639648438,-17.6826248168945,"Unknown"
"5020564",370750,2026-04-23 21:13:27,28.7030029296875,-17.6825504302979,"Unknown"
"5020564",370750,2026-04-23 21:18:27,28.7029571533203,-17.6824111938477,"Unknown"
"5020564",370750,2026-04-23 21:23:27,28.7029247283936,-17.6822700500488,"Unknown"
"5020564",370750,2026-04-23 21:28:36,28.7029037475586,-17.6821575164795,"Unknown"
"5020564",370750,2026-04-23 21:33:36,28.7028846740723,-17.6820793151855,"Unknown"
"5020564",370750,2026-04-23 21:38:36,28.702880859375,-17.6819553375244,"Unknown"
"5020564",370750,2026-04-23 21:43:36,28.7028923034668,-17.6817855834961,"Unknown"
"5020564",370750,2026-04-23 21:48:36,28.7029094696045,-17.6816024780273,"Unknown"
"5020564",370750,2026-04-23 21:53:36,28.7030506134033,-17.6813945770264,"Unknown"
"5020564",370750,2026-04-23 21:58:36,28.7030696868896,-17.6812953948975,"Unknown"
"5020564",370750,2026-04-23 22:03:36,28.7030830383301,-17.6811485290527,"Unknown"
"5020564",370750,2026-04-23 22:08:36,28.7030124664307,-17.681022644043,"Unknown"
"5020564",370750,2026-04-23 22:13:36,28.7029342651367,-17.6809139251709,"Unknown"
"5020564",370750,2026-04-23 22:18:36,28.702766418457,-17.6808910369873,"Unknown"
"5020564",370750,2026-04-23 22:23:36,28.7025833129883,-17.6808280944824,"Unknown"
"5020564",370750,2026-04-23 22:28:36,28.7024040222168,-17.6806468963623,"Unknown"
"5020564",370750,2026-04-23 22:33:36,28.7022686004639,-17.6804695129395,"Unknown"
"5020564",370750,2026-04-23 22:38:36,28.7021064758301,-17.6802921295166,"Unknown"
"5020564",370750,2026-04-23 22:43:36,28.7019100189209,-17.6800422668457,"Unknown"
"5020564",370750,2026-04-23 22:48:36,28.7016773223877,-17.6798458099365,"Unknown"
"5020564",370750,2026-04-23 22:53:36,28.7014312744141,-17.6796932220459,"Unknown"
"5020564",370750,2026-04-23 22:58:36,28.7012176513672,-17.6795444488525,"Unknown"
"5020564",370750,2026-04-23 23:03:39,28.7010173797607,-17.6793842315674,"Unknown"
"5020564",370750,2026-04-23 23:08:39,28.7008266448975,-17.6793270111084,"Unknown"
"5020564",370750,2026-04-23 23:13:37,28.7006511688232,-17.6792507171631,"Unknown"
"5020564",370750,2026-04-23 23:18:40,28.7005023956299,-17.6791954040527,"Unknown"
"5020564",370750,2026-04-23 23:23:37,28.7003231048584,-17.6791973114014,"Unknown"
"5020564",370750,2026-04-23 23:28:40,28.700122833252,-17.6792907714844,"Unknown"
"5020564",370750,2026-04-23 23:33:39,28.6999912261963,-17.6792945861816,"Unknown"
"5020564",370750,2026-04-23 23:38:36,28.6998500823975,-17.6793613433838,"Unknown"
"5020564",370750,2026-04-23 23:43:53,28.6997509002686,-17.6794052124023,"Unknown"
"5020564",370750,2026-04-23 23:49:03,28.6996669769287,-17.6794261932373,"Unknown"
"5020564",370750,2026-04-23 23:53:36,28.6995906829834,-17.6794776916504,"Unknown"
"5020564",370750,2026-04-23 23:58:36,28.6995468139648,-17.6794891357422,"Unknown"
"5020564",370750,2026-04-24 00:03:36,28.6995010375977,-17.6795272827148,"Unknown"
"5020564",370750,2026-04-24 00:08:36,28.6994438171387,-17.6795825958252,"Unknown"
"5020564",370750,2026-04-24 00:13:36,28.6994190216064,-17.6796474456787,"Unknown"
"5020564",370750,2026-04-24 00:18:36,28.6993579864502,-17.6797485351562,"Unknown"
"5020564",370750,2026-04-24 00:23:36,28.6992492675781,-17.6797676086426,"Unknown"
"5020564",370750,2026-04-24 00:28:36,28.6991844177246,-17.6798038482666,"Unknown"
"5020564",370750,2026-04-24 00:33:36,28.6991271972656,-17.6798496246338,"Unknown"
"5020564",370750,2026-04-24 00:38:36,28.6961917877197,-17.6629867553711,"Unknown"
"5020564",370750,2026-04-24 00:43:36,28.6959857940674,-17.6629219055176,"Unknown"
"5020564",370750,2026-04-24 00:48:36,28.6957988739014,-17.6628856658936,"Unknown"
"5020564",370750,2026-04-24 00:53:36,28.6956062316895,-17.6628761291504,"Unknown"
"5020564",370750,2026-04-24 00:58:36,28.695405960083,-17.6629028320312,"Unknown"
"5020564",370750,2026-04-24 01:03:36,28.695198059082,-17.6631298065186,"Unknown"
"5020564",370750,2026-04-24 01:08:36,28.6949481964111,-17.6633071899414,"Unknown"
"5020564",370750,2026-04-24 01:13:36,28.6947708129883,-17.6635456085205,"Unknown"
"5020564",370750,2026-04-24 01:18:36,28.69460105896,-17.6637115478516,"Unknown"
"5020564",370750,2026-04-24 01:23:36,28.6944522857666,-17.6639156341553,"Unknown"
"5020564",370750,2026-04-24 01:28:38,28.6942920684814,-17.6640434265137,"Unknown"
"5020564",370750,2026-04-24 01:33:36,28.6864051818848,-17.666540145874,"Unknown"
"5020564",370750,2026-04-24 01:38:36,28.6863880157471,-17.6664867401123,"Unknown"
"5020564",370750,2026-04-24 01:43:36,28.6864223480225,-17.6664257049561,"Unknown"
"5020564",370750,2026-04-24 01:48:36,28.6865329742432,-17.6663093566895,"Unknown"
"5020564",370750,2026-04-24 01:53:36,28.6867198944092,-17.6661701202393,"Unknown"
"5020564",370750,2026-04-24 01:58:36,28.6869239807129,-17.6660499572754,"Unknown"
"5020564",370750,2026-04-24 02:04:02,28.6871223449707,-17.6658782958984,"Unknown"
"5020564",370750,2026-04-24 02:08:36,28.6873474121094,-17.6658000946045,"Unknown"
"5020564",370750,2026-04-24 02:13:36,28.6667881011963,-17.6666278839111,"Unknown"
"5020564",370750,2026-04-24 02:18:36,28.6671447753906,-17.6664276123047,"Unknown"
"5020564",370750,2026-04-24 02:23:36,28.6675682067871,-17.666259765625,"Unknown"
"5020564",370750,2026-04-24 02:28:36,28.6680297851562,-17.666015625,"Unknown"
"5020564",370750,2026-04-24 02:33:36,28.6685409545898,-17.6657428741455,"Unknown"
"5020564",370750,2026-04-24 02:38:36,28.6690692901611,-17.665454864502,"Unknown"
"5020564",370750,2026-04-24 02:43:36,28.6696300506592,-17.6651592254639,"Unknown"
"5020564",370750,2026-04-24 02:48:36,28.6702423095703,-17.6648330688477,"Unknown"
"5020564",370750,2026-04-24 02:53:36,28.6707935333252,-17.6645488739014,"Unknown"
"5020564",370750,2026-04-24 02:58:36,28.6713447570801,-17.6642932891846,"Unknown"
"5020564",370750,2026-04-24 03:03:36,28.6718921661377,-17.664005279541,"Unknown"
"5020564",370750,2026-04-24 03:08:36,28.6724834442139,-17.6637344360352,"Unknown"
"5020564",370750,2026-04-24 03:13:36,28.6731185913086,-17.6634788513184,"Unknown"
"5020564",370750,2026-04-24 03:18:36,28.6737785339355,-17.6631984710693,"Unknown"
"5020564",370750,2026-04-24 03:23:36,28.6744270324707,-17.6629638671875,"Unknown"
"5020564",370750,2026-04-24 03:28:36,28.6750907897949,-17.6627712249756,"Unknown"
"5020564",370750,2026-04-24 03:33:36,28.6757583618164,-17.6625747680664,"Unknown"
"5020564",370750,2026-04-24 03:38:36,28.6764068603516,-17.6623401641846,"Unknown"
"5020564",370750,2026-04-24 03:43:39,28.6773509979248,-17.6563606262207,"Unknown"
"5020564",370750,2026-04-24 03:48:36,28.6735363006592,-17.6513538360596,"Unknown"
"5020564",370750,2026-04-24 03:53:37,28.6741180419922,-17.6511001586914,"Unknown"
"5020564",370750,2026-04-24 03:58:38,28.674690246582,-17.6508140563965,"Unknown"
"5020564",370750,2026-04-24 04:03:41,28.6752433776855,-17.6505012512207,"Unknown"
"5020564",370750,2026-04-24 04:09:03,28.675895690918,-17.6501274108887,"Unknown"
"5020564",370750,2026-04-24 04:13:36,28.6764698028564,-17.6498050689697,"Unknown"
"5020564",370750,2026-04-24 04:18:36,28.6770858764648,-17.649435043335,"Unknown"
"5020564",370750,2026-04-24 04:23:36,28.6776809692383,-17.6490516662598,"Unknown"
"5020564",370750,2026-04-24 04:28:36,28.6782970428467,-17.6486892700195,"Unknown"
"5020564",370750,2026-04-24 04:33:36,28.6789493560791,-17.648307800293,"Unknown"
"5020564",370750,2026-04-24 04:38:36,28.6796531677246,-17.647912979126,"Unknown"
"5020564",370750,2026-04-24 04:43:36,28.6802921295166,-17.6475791931152,"Unknown"
"5020564",370750,2026-04-24 04:48:36,28.6729984283447,-17.6396007537842,"Unknown"
"5020564",370750,2026-04-24 04:53:36,28.6735649108887,-17.6395149230957,"Unknown"
"5020564",370750,2026-04-24 04:58:36,28.6740913391113,-17.6394748687744,"Unknown"
"5020564",370750,2026-04-24 05:03:36,28.6746368408203,-17.6393413543701,"Unknown"
"5020564",370750,2026-04-24 05:08:36,28.6751537322998,-17.6391849517822,"Unknown"
"5020564",370750,2026-04-24 05:13:36,28.6756649017334,-17.6390781402588,"Unknown"
"5020564",370750,2026-04-24 05:18:36,28.6660041809082,-17.6388492584229,"Unknown"
"5020564",370750,2026-04-24 05:23:36,28.6651172637939,-17.6393146514893,"Unknown"
"5020564",370750,2026-04-24 05:28:36,28.6656055450439,-17.6390972137451,"Unknown"
"5020564",370750,2026-04-24 05:33:38,28.6660766601562,-17.63889503479,"Unknown"
"5020564",370750,2026-04-24 05:38:39,28.6665706634521,-17.6387672424316,"Unknown"
"5020564",370750,2026-04-24 05:43:36,28.6618366241455,-17.6382656097412,"Unknown"
"5020564",370750,2026-04-24 05:48:38,28.6530666351318,-17.6129989624023,"Unknown"
"5020564",370750,2026-04-24 05:53:37,28.6429996490479,-17.5835094451904,"Unknown"
"5020564",370750,2026-04-24 05:58:36,28.6361064910889,-17.5536880493164,"Unknown"
"5020564",370750,2026-04-24 06:03:36,28.6273212432861,-17.5226001739502,"Unknown"
"5020564",370750,2026-04-24 06:08:37,28.6205787658691,-17.4926986694336,"Unknown"
"5020564",370750,2026-04-24 06:14:51,28.6130237579346,-17.4540634155273,"Unknown"
"5020564",370750,2026-04-24 06:18:37,28.6078109741211,-17.4310970306396,"Unknown"
"5020564",370750,2026-04-24 06:23:36,28.6057357788086,-17.4203395843506,"Unknown"
"5020564",370750,2026-04-24 06:28:37,28.6055088043213,-17.4207229614258,"Unknown"
"5020564",370750,2026-04-24 06:33:38,28.6037273406982,-17.3938961029053,"Unknown"
"5020564",370750,2026-04-24 06:38:36,28.5991058349609,-17.3660163879395,"Unknown"
"5020564",370750,2026-04-24 06:43:36,28.5976467132568,-17.3385124206543,"Unknown"
"5020564",370750,2026-04-24 06:48:37,28.5945148468018,-17.3102855682373,"Unknown"
"5020564",370750,2026-04-24 06:53:36,28.5867500305176,-17.2807121276855,"Unknown"
"5020564",370750,2026-04-24 06:58:38,28.5761051177979,-17.2511749267578,"Unknown"
"5020564",370750,2026-04-24 07:03:36,28.5707244873047,-17.2222156524658,"Unknown"
"5020564",370750,2026-04-24 07:08:36,28.5607528686523,-17.193473815918,"Unknown"
"5020564",370750,2026-04-24 07:13:37,28.550630569458,-17.1654720306396,"Unknown"
"5020564",370750,2026-04-24 07:18:38,28.5477619171143,-17.1506614685059,"Unknown"
"5020564",370750,2026-04-24 07:23:38,28.5355033874512,-17.1328544616699,"Unknown"
"5020564",370750,2026-04-24 07:30:01,28.5345611572266,-17.1325492858887,"Unknown"
"5020564",370750,2026-04-24 07:34:08,28.5323486328125,-17.1309661865234,"Unknown"
"5020564",370750,2026-04-24 07:38:39,28.5299682617188,-17.1299724578857,"Unknown"
"5020564",370750,2026-04-24 07:43:36,28.5272350311279,-17.1270084381104,"Unknown"
"5020564",370750,2026-04-24 07:48:38,28.5244102478027,-17.1228828430176,"Unknown"
"5020564",370750,2026-04-24 07:53:45,28.5200004577637,-17.116397857666,"Unknown"
"5020564",370750,2026-04-24 07:58:38,28.5183372497559,-17.1115970611572,"Unknown"
"5020564",370750,2026-04-24 08:10:01,28.5168075561523,-17.0949726104736,"Unknown"
"5020564",370750,2026-04-24 08:14:03,28.5130386352539,-17.0900955200195,"Unknown"
"5020564",370750,2026-04-24 08:19:27,28.5132465362549,-17.0913848876953,"Unknown"
"5020564",370750,2026-04-24 08:23:37,28.5131168365479,-17.0794639587402,"Unknown"
"5020564",370750,2026-04-24 08:28:37,28.5063323974609,-17.0647487640381,"Unknown"
"5020564",370750,2026-04-24 08:33:36,28.4991149902344,-17.0467567443848,"Unknown"
"5020564",370750,2026-04-24 08:38:36,28.4991645812988,-17.047815322876,"Unknown"
"5020564",370750,2026-04-24 08:43:36,28.49924659729,-17.0488872528076,"Unknown"
"5020564",370750,2026-04-24 08:48:36,28.4994163513184,-17.0499267578125,"Unknown"
"5020564",370750,2026-04-24 08:53:36,28.4996204376221,-17.0509796142578,"Unknown"
"5020564",370750,2026-04-24 08:58:37,28.4998474121094,-17.0520782470703,"Unknown"
"5020564",370750,2026-04-24 09:03:36,28.5001335144043,-17.0531005859375,"Unknown"
"5020564",370750,2026-04-24 09:08:36,28.5004444122314,-17.0541019439697,"Unknown"
"5020564",370750,2026-04-24 09:13:38,28.500696182251,-17.0553169250488,"Unknown"
"5020564",370750,2026-04-24 09:18:36,28.5009288787842,-17.05637550354,"Unknown"
"5020564",370750,2026-04-24 09:23:37,28.501163482666,-17.05739402771,"Unknown"
"5020564",370750,2026-04-24 09:28:40,28.501407623291,-17.0585021972656,"Unknown"
"5020564",370750,2026-04-24 09:33:39,28.5016384124756,-17.0594367980957,"Unknown"
"5020564",370750,2026-04-24 09:38:42,28.5018787384033,-17.0604209899902,"Unknown"
"5020564",370750,2026-04-24 09:43:40,28.502197265625,-17.0614185333252,"Unknown"
"5020564",370750,2026-04-24 09:48:42,28.5025234222412,-17.0623531341553,"Unknown"
"5020564",370750,2026-04-24 09:53:40,28.5028553009033,-17.0631885528564,"Unknown"
"5020564",370750,2026-04-24 09:58:39,28.5031852722168,-17.0639114379883,"Unknown"
"5020564",370750,2026-04-24 10:03:41,28.5035400390625,-17.0648365020752,"Unknown"
"5020564",370750,2026-04-24 10:08:39,28.5037937164307,-17.065710067749,"Unknown"
"5020564",370750,2026-04-24 10:13:39,28.5041847229004,-17.0664558410645,"Unknown"
"5020564",370750,2026-04-24 10:18:41,28.5044612884521,-17.0673751831055,"Unknown"
"5020564",370750,2026-04-24 10:23:41,28.5047626495361,-17.0681285858154,"Unknown"
"5020564",370750,2026-04-24 10:28:46,28.505033493042,-17.0689163208008,"Unknown"
"5020564",370750,2026-04-24 10:33:42,28.5053997039795,-17.0696964263916,"Unknown"
"5020564",370750,2026-04-24 10:38:42,28.5056858062744,-17.0706748962402,"Unknown"
"5020564",370750,2026-04-24 10:43:41,28.5059700012207,-17.071647644043,"Unknown"
"5020564",370750,2026-04-24 10:48:44,28.5063552856445,-17.0725555419922,"Unknown"
"5020564",370750,2026-04-24 10:53:49,28.5066375732422,-17.0736083984375,"Unknown"
"5020564",370750,2026-04-24 10:59:03,28.5070018768311,-17.0745887756348,"Unknown"
"5020564",370750,2026-04-24 11:03:39,28.5072612762451,-17.0754127502441,"Unknown"
"5020564",370750,2026-04-24 11:08:39,28.5078125,-17.076192855835,"Unknown"
"5020564",370750,2026-04-24 11:13:39,28.5096454620361,-17.0753765106201,"Unknown"
"5020564",370750,2026-04-24 11:18:40,28.5124053955078,-17.0715732574463,"Unknown"
"5020564",370750,2026-04-24 11:23:40,28.5130081176758,-17.0623531341553,"Unknown"
"5020564",370750,2026-04-24 11:28:39,28.5095615386963,-17.0489978790283,"Unknown"
"5020564",370750,2026-04-24 11:33:40,28.5094394683838,-17.0499439239502,"Unknown"
"5020564",370750,2026-04-24 11:38:39,28.5093059539795,-17.0509700775146,"Unknown"
"5020564",370750,2026-04-24 11:43:39,28.5092105865479,-17.0520000457764,"Unknown"
"5020564",370750,2026-04-24 11:48:39,28.5091228485107,-17.0530071258545,"Unknown"
"5020564",370750,2026-04-24 11:53:41,28.5089797973633,-17.0540332794189,"Unknown"
"5020564",370750,2026-04-24 11:58:41,28.5088424682617,-17.0550498962402,"Unknown"
"5020564",370750,2026-04-24 12:03:39,28.508695602417,-17.0560741424561,"Unknown"
"5020564",370750,2026-04-24 12:08:41,28.5084838867188,-17.0572128295898,"Unknown"
"5020564",370750,2026-04-24 12:13:41,28.5082550048828,-17.0583572387695,"Unknown"
"5020564",370750,2026-04-24 12:18:45,28.50803565979,-17.059419631958,"Unknown"
"5020564",370750,2026-04-24 12:23:41,28.5067672729492,-17.0650100708008,"Unknown"
"5020564",370750,2026-04-24 12:28:44,28.5065612792969,-17.0663280487061,"Unknown"
"5020564",370750,2026-04-24 12:33:43,28.5063648223877,-17.0674419403076,"Unknown"
"5020564",370750,2026-04-24 12:39:03,28.5062122344971,-17.0685882568359,"Unknown"
"5020564",370750,2026-04-24 12:43:41,28.5061454772949,-17.069507598877,"Unknown"
"5020564",370750,2026-04-24 12:48:40,28.5061454772949,-17.0705261230469,"Unknown"
"5020564",370750,2026-04-24 12:53:39,28.5061149597168,-17.0715808868408,"Unknown"
"5020564",370750,2026-04-24 12:58:41,28.5061168670654,-17.0725994110107,"Unknown"
"5020564",370750,2026-04-24 13:03:41,28.5060920715332,-17.0736141204834,"Unknown"
"5020564",370750,2026-04-24 13:08:41,28.5060539245605,-17.074592590332,"Unknown"
"5020564",370750,2026-04-24 13:13:40,28.5060787200928,-17.0755062103271,"Unknown"
"5020564",370750,2026-04-24 13:18:41,28.5060176849365,-17.0764331817627,"Unknown"
"5020564",370750,2026-04-24 13:23:42,28.505931854248,-17.0773849487305,"Unknown"
"5020564",370750,2026-04-24 13:28:52,28.5058765411377,-17.0783805847168,"Unknown"
"5020564",370750,2026-04-24 13:38:52,28.5028591156006,-17.0818920135498,"Unknown"
"5020564",370750,2026-04-24 13:44:17,28.5027275085449,-17.0829639434814,"Unknown"
"5020564",370750,2026-04-24 13:48:49,28.5026321411133,-17.0837993621826,"Unknown"
"5020564",370750,2026-04-24 13:53:49,28.5025882720947,-17.0847034454346,"Unknown"
"5020564",370750,2026-04-24 13:58:49,28.5025081634521,-17.0856418609619,"Unknown"
"5020564",370750,2026-04-24 14:03:50,28.5024261474609,-17.0866546630859,"Unknown"
"5020564",370750,2026-04-24 14:08:49,28.5022830963135,-17.08762550354,"Unknown"
"5020564",370750,2026-04-24 14:13:49,28.50217628479,-17.0885887145996,"Unknown"
"5020564",370750,2026-04-24 14:18:49,28.5020904541016,-17.0894794464111,"Unknown"
"5020564",370750,2026-04-24 14:23:50,28.4995422363281,-17.0926342010498,"Unknown"
"5020564",370750,2026-04-24 14:28:50,28.4998588562012,-17.0904655456543,"Unknown"
"5020564",370750,2026-04-24 14:33:49,28.4963417053223,-17.0894680023193,"Unknown"
"5020564",370750,2026-04-24 14:38:51,28.4923496246338,-17.0897731781006,"Unknown"
"5020564",370750,2026-04-24 14:43:50,28.4899387359619,-17.0906066894531,"Unknown"
"5020564",370750,2026-04-24 14:48:49,28.4929103851318,-17.0974235534668,"Unknown"
"5020564",370750,2026-04-24 14:53:50,28.4956817626953,-17.0991172790527,"Unknown"
"5020564",370750,2026-04-24 14:58:51,28.4941844940186,-17.103401184082,"Unknown"
"5020564",370750,2026-04-24 15:03:51,28.4942760467529,-17.1042976379395,"Unknown"
"5020564",370750,2026-04-24 15:08:50,28.4943256378174,-17.1051197052002,"Unknown"
"5020564",370750,2026-04-24 15:13:51,28.4943504333496,-17.1059341430664,"Unknown"
"5020564",370750,2026-04-24 15:18:50,28.4943752288818,-17.1067276000977,"Unknown"
"5020564",370750,2026-04-24 15:23:53,28.4943599700928,-17.1075572967529,"Unknown"
"5020564",370750,2026-04-24 15:28:53,28.4931716918945,-17.1047515869141,"Unknown"
"5020564",370750,2026-04-24 15:33:52,28.4930667877197,-17.1057224273682,"Unknown"
"5020564",370750,2026-04-24 15:38:52,28.4931125640869,-17.10666847229,"Unknown"
"5020564",370750,2026-04-24 15:43:51,28.4931831359863,-17.1076526641846,"Unknown"
"5020564",370750,2026-04-24 15:49:17,28.4932880401611,-17.1086559295654,"Unknown"
"5020564",370750,2026-04-24 15:53:51,28.4933662414551,-17.1095314025879,"Unknown"
"5020564",370750,2026-04-24 15:58:51,28.4935131072998,-17.1105270385742,"Unknown"
"5020564",370750,2026-04-24 16:03:50,28.4936542510986,-17.1115398406982,"Unknown"
"5020564",370750,2026-04-24 16:08:50,28.493803024292,-17.1125469207764,"Unknown"
"5020564",370750,2026-04-24 16:13:53,28.493968963623,-17.1135025024414,"Unknown"
"5020564",370750,2026-04-24 16:18:50,28.4941520690918,-17.1143817901611,"Unknown"
"5020564",370750,2026-04-24 16:23:50,28.4932098388672,-17.1101188659668,"Unknown"
"5020564",370750,2026-04-24 16:28:50,28.4880218505859,-17.103910446167,"Unknown"
"5020564",370750,2026-04-24 16:33:53,28.4881591796875,-17.1048488616943,"Unknown"
"5020564",370750,2026-04-24 16:38:51,28.4883613586426,-17.1057720184326,"Unknown"
"5020564",370750,2026-04-24 16:43:51,28.4885311126709,-17.10666847229,"Unknown"
"5020564",370750,2026-04-24 16:48:51,28.488733291626,-17.107593536377,"Unknown"
"5020564",370750,2026-04-24 16:53:54,28.4889011383057,-17.1084747314453,"Unknown"
"5020564",370750,2026-04-24 16:58:51,28.4890384674072,-17.109338760376,"Unknown"
"5020564",370750,2026-04-24 17:03:54,28.489236831665,-17.1101894378662,"Unknown"
"5020564",370750,2026-04-24 17:08:53,28.4885005950928,-17.1072540283203,"Unknown"
"5020564",370750,2026-04-24 17:13:51,28.4887161254883,-17.1081523895264,"Unknown"
"5020564",370750,2026-04-24 17:18:53,28.4889488220215,-17.1089668273926,"Unknown"
"5020564",370750,2026-04-24 17:23:51,28.4892234802246,-17.1098537445068,"Unknown"
"5020564",370750,2026-04-24 17:28:51,28.4895305633545,-17.1107330322266,"Unknown"
"5020564",370750,2026-04-24 17:33:52,28.489818572998,-17.1115875244141,"Unknown"
"5020564",370750,2026-04-24 17:38:54,28.490198135376,-17.1125507354736,"Unknown"
"5020564",370750,2026-04-24 17:43:52,28.4844799041748,-17.0934600830078,"Unknown"
"5020564",370750,2026-04-24 17:48:54,28.4819774627686,-17.0853710174561,"Unknown"
"5020564",370750,2026-04-24 17:53:53,28.4823341369629,-17.0860843658447,"Unknown"
"5020564",370750,2026-04-24 17:59:17,28.4827404022217,-17.0868377685547,"Unknown"
"5020564",370750,2026-04-24 18:03:52,28.4830093383789,-17.0874347686768,"Unknown"
"5020564",370750,2026-04-24 18:08:53,28.4833564758301,-17.0879898071289,"Unknown"
"5020564",370750,2026-04-24 18:13:51,28.46559715271,-17.0749378204346,"Unknown"
"5020564",370750,2026-04-24 18:18:51,28.4654350280762,-17.079288482666,"Unknown"
"5020564",370750,2026-04-24 18:23:54,28.4697856903076,-17.088285446167,"Unknown"
"5020564",370750,2026-04-24 18:28:56,28.4739551544189,-17.0926456451416,"Unknown"
"5020564",370750,2026-04-24 18:33:52,28.472448348999,-17.0898246765137,"Unknown"
"5020564",370750,2026-04-24 18:38:52,28.4597225189209,-17.0652923583984,"Unknown"
"5020564",370750,2026-04-24 18:43:52,28.45166015625,-17.051155090332,"Unknown"
"5020564",370750,2026-04-24 18:48:53,28.4440479278564,-17.0350341796875,"Unknown"
"5020564",370750,2026-04-24 18:53:54,28.4281921386719,-17.0293159484863,"Unknown"
"5020564",370750,2026-04-24 18:58:55,28.4257640838623,-17.027027130127,"Unknown"
"5020564",370750,2026-04-24 19:03:54,28.4270248413086,-17.0268058776855,"Unknown"
"5020564",370750,2026-04-24 19:08:54,28.4283256530762,-17.0266723632812,"Unknown"
"5020564",370750,2026-04-24 19:13:52,28.4293575286865,-17.0263023376465,"Unknown"
"5020564",370750,2026-04-24 19:18:54,28.4304370880127,-17.025821685791,"Unknown"
"5020564",370750,2026-04-24 19:23:55,28.4315643310547,-17.0252437591553,"Unknown"
"5020564",370750,2026-04-24 19:28:54,28.432487487793,-17.0248641967773,"Unknown"
"5020564",370750,2026-04-24 19:33:54,28.4332904815674,-17.0242786407471,"Unknown"
"5020564",370750,2026-04-24 19:38:53,28.4340419769287,-17.0236339569092,"Unknown"
"5020564",370750,2026-04-24 19:43:51,28.4349708557129,-17.0232200622559,"Unknown"
"5020564",370750,2026-04-24 19:48:51,28.4358825683594,-17.0228500366211,"Unknown"
"5020564",370750,2026-04-24 19:53:51,28.4366817474365,-17.0219554901123,"Unknown"
"5020564",370750,2026-04-24 19:58:54,28.4373054504395,-17.021110534668,"Unknown"
"5020564",370750,2026-04-24 20:04:16,28.4376449584961,-17.0180416107178,"Unknown"
"5020564",370750,2026-04-24 20:08:51,28.4379768371582,-17.0174865722656,"Unknown"
"5020564",370750,2026-04-24 20:13:54,28.4388427734375,-17.017599105835,"Unknown"
"5020564",370750,2026-04-24 20:18:54,28.4395084381104,-17.0176620483398,"Unknown"
"5020564",370750,2026-04-24 20:23:51,28.4401073455811,-17.0177383422852,"Unknown"
"5020564",370750,2026-04-24 20:28:54,28.4407577514648,-17.0177688598633,"Unknown"
"5020564",370750,2026-04-24 20:33:54,28.4412841796875,-17.0178451538086,"Unknown"
"5020564",370750,2026-04-24 20:38:51,28.4417533874512,-17.0179462432861,"Unknown"
"5020564",370750,2026-04-24 20:43:51,28.4421157836914,-17.0178833007812,"Unknown"
"5020564",370750,2026-04-24 20:48:51,28.4420318603516,-17.016321182251,"Unknown"
"5020564",370750,2026-04-24 20:53:51,28.4411716461182,-17.0126533508301,"Unknown"
"5020564",370750,2026-04-24 20:58:53,28.4397296905518,-17.0100631713867,"Unknown"
"5020564",370750,2026-04-24 21:03:54,28.4396800994873,-17.0098819732666,"Unknown"
"5020564",370750,2026-04-24 21:09:21,28.4376945495605,-17.0063247680664,"Unknown"
"5020564",370750,2026-04-24 21:13:54,28.436315536499,-17.0037899017334,"Unknown"
"5020564",370750,2026-04-24 21:18:51,28.4362010955811,-17.0036945343018,"Unknown"
"5020564",370750,2026-04-24 21:23:54,28.4360847473145,-17.003589630127,"Unknown"
"5020564",370750,2026-04-24 21:28:52,28.4359436035156,-17.0035457611084,"Unknown"
"5020564",370750,2026-04-24 21:33:54,28.4277324676514,-16.9928417205811,"Unknown"
"5020564",370750,2026-04-24 21:38:51,28.4248561859131,-16.9890975952148,"Unknown"
"5020564",370750,2026-04-24 21:43:51,28.4245738983154,-16.9889240264893,"Unknown"
"5020564",370750,2026-04-24 21:48:54,28.4243278503418,-16.9889583587646,"Unknown"
"5020564",370750,2026-04-24 21:53:51,28.4240322113037,-16.98899269104,"Unknown"
"5020564",370750,2026-04-24 21:58:55,28.4237575531006,-16.9890537261963,"Unknown"
"5020564",370750,2026-04-24 22:03:53,28.4234485626221,-16.9891338348389,"Unknown"
"5020564",370750,2026-04-24 22:08:54,28.4231109619141,-16.9892749786377,"Unknown"
"5020564",370750,2026-04-24 22:13:51,28.4227905273438,-16.9894714355469,"Unknown"
"5020564",370750,2026-04-24 22:18:56,28.4223709106445,-16.9896717071533,"Unknown"
"5020564",370750,2026-04-24 22:23:54,28.4219532012939,-16.9898796081543,"Unknown"
"5020564",370750,2026-04-24 22:28:54,28.4216060638428,-16.9901714324951,"Unknown"
"5020564",370750,2026-04-24 22:33:56,28.4211692810059,-16.9903907775879,"Unknown"
"5020564",370750,2026-04-24 22:38:54,28.4207363128662,-16.9905128479004,"Unknown"
"5020564",370750,2026-04-24 22:44:17,28.4189224243164,-16.988338470459,"Unknown"
"5020564",370750,2026-04-24 22:48:54,28.4184017181396,-16.988597869873,"Unknown"
"5020564",370750,2026-04-24 22:53:52,28.4178333282471,-16.9888362884521,"Unknown"
"5020564",370750,2026-04-24 22:58:52,28.4172763824463,-16.9891033172607,"Unknown"
"5020564",370750,2026-04-24 23:03:54,28.4166526794434,-16.9894771575928,"Unknown"
"5020564",370750,2026-04-24 23:08:51,28.4160289764404,-16.9898624420166,"Unknown"
"5020564",370750,2026-04-24 23:13:54,28.4152870178223,-16.9898586273193,"Unknown"
"5020564",370750,2026-04-24 23:18:51,28.4141864776611,-16.9900798797607,"Unknown"
"5020564",370750,2026-04-24 23:23:52,28.413501739502,-16.9906902313232,"Unknown"
"5020564",370750,2026-04-24 23:28:54,28.4128456115723,-16.991340637207,"Unknown"
"5020564",370750,2026-04-24 23:33:50,28.4121437072754,-16.9919910430908,"Unknown"
"5020564",370750,2026-04-24 23:38:55,28.4113693237305,-16.9927310943604,"Unknown"
"5020564",370750,2026-04-24 23:43:59,28.4013938903809,-16.9869194030762,"Unknown"
"5020564",370750,2026-04-24 23:49:17,28.3979511260986,-16.9862327575684,"Unknown"
"5020564",370750,2026-04-24 23:53:54,28.397180557251,-16.9872417449951,"Unknown"
"5020564",370750,2026-04-24 23:58:57,28.3962993621826,-16.9883308410645,"Unknown"
"5020564",370750,2026-04-25 00:03:52,28.3954887390137,-16.9894256591797,"Unknown"
"5020564",370750,2026-04-25 00:08:54,28.394645690918,-16.9906234741211,"Unknown"
"5020564",370750,2026-04-25 00:13:50,28.3938179016113,-16.9917964935303,"Unknown"
"5020564",370750,2026-04-25 00:18:50,28.3929405212402,-16.9930305480957,"Unknown"
"5020564",370750,2026-04-25 00:23:54,28.3920669555664,-16.9943370819092,"Unknown"
"5020564",370750,2026-04-25 00:28:50,28.3911876678467,-16.995548248291,"Unknown"
"5020564",370750,2026-04-25 00:33:50,28.3891792297363,-16.995548248291,"Unknown"
"5020564",370750,2026-04-25 00:38:53,28.3883056640625,-16.9968681335449,"Unknown"
"5020564",370750,2026-04-25 00:43:50,28.3874549865723,-16.9980487823486,"Unknown"
"5020564",370750,2026-04-25 00:48:53,28.3866214752197,-16.9990520477295,"Unknown"
"5020564",370750,2026-04-25 00:53:50,28.3857936859131,-16.9999713897705,"Unknown"
"5020564",370750,2026-04-25 00:59:17,28.3849239349365,-17.0008392333984,"Unknown"
"5020564",370750,2026-04-25 01:03:52,28.3840065002441,-17.0010948181152,"Unknown"
"5020564",370750,2026-04-25 01:08:54,28.3824119567871,-17.0004558563232,"Unknown"
"5020564",370750,2026-04-25 01:13:54,28.3815498352051,-17.0012683868408,"Unknown"
"5020564",370750,2026-04-25 01:18:54,28.3807678222656,-17.0020122528076,"Unknown"
"5020564",370750,2026-04-25 01:23:52,28.3800678253174,-17.0027847290039,"Unknown"
"5020564",370750,2026-04-25 01:28:53,28.3793621063232,-17.0035705566406,"Unknown"
"5020564",370750,2026-04-25 01:33:54,28.3786392211914,-17.0043296813965,"Unknown"
"5020564",370750,2026-04-25 01:38:55,28.3752880096436,-17.0016288757324,"Unknown"
"5020564",370750,2026-04-25 01:43:54,28.3744964599609,-17.0023059844971,"Unknown"
"5020564",370750,2026-04-25 01:48:52,28.3737049102783,-17.0030632019043,"Unknown"
"5020564",370750,2026-04-25 01:53:54,28.372974395752,-17.0038757324219,"Unknown"
"5020564",370750,2026-04-25 01:58:58,28.3722743988037,-17.004753112793,"Unknown"
"5020564",370750,2026-04-25 02:03:56,28.3716583251953,-17.0055446624756,"Unknown"
"5020564",370750,2026-04-25 02:08:57,28.3710308074951,-17.0064506530762,"Unknown"
"5020564",370750,2026-04-25 02:13:59,28.370454788208,-17.0073642730713,"Unknown"
"5020564",370750,2026-04-25 02:19:08,28.3699645996094,-17.0082626342773,"Unknown"
"5020564",370750,2026-04-25 02:23:54,28.3695659637451,-17.0091533660889,"Unknown"
"5020564",370750,2026-04-25 02:28:53,28.369140625,-17.0100650787354,"Unknown"
"5020564",370750,2026-04-25 02:33:54,28.3687171936035,-17.0109748840332,"Unknown"
"5020564",370750,2026-04-25 02:38:51,28.3682708740234,-17.0117092132568,"Unknown"
"5020564",370750,2026-04-25 02:43:51,28.3675060272217,-17.0120372772217,"Unknown"
"5020564",370750,2026-04-25 02:48:54,28.3670978546143,-17.0128021240234,"Unknown"
"5020564",370750,2026-04-25 02:53:55,28.366756439209,-17.0135440826416,"Unknown"
"5020564",370750,2026-04-25 02:58:55,28.3665409088135,-17.0143489837646,"Unknown"
"5020564",370750,2026-04-25 03:04:21,28.3663177490234,-17.0151500701904,"Unknown"
"5020564",370750,2026-04-25 03:08:51,28.3661632537842,-17.015796661377,"Unknown"
"5020564",370750,2026-04-25 03:13:51,28.3659763336182,-17.0164642333984,"Unknown"
"5020564",370750,2026-04-25 03:18:51,28.365852355957,-17.0170650482178,"Unknown"
"5020564",370750,2026-04-25 03:23:51,28.3657093048096,-17.0176906585693,"Unknown"
"5020564",370750,2026-04-25 03:28:51,28.3655452728271,-17.018310546875,"Unknown"
"5020564",370750,2026-04-25 03:33:51,28.3654327392578,-17.0189666748047,"Unknown"
"5020564",370750,2026-04-25 03:38:51,28.3653545379639,-17.0195045471191,"Unknown"
"5020564",370750,2026-04-25 03:43:51,28.3653430938721,-17.0200901031494,"Unknown"
"5020564",370750,2026-04-25 03:48:51,28.3653526306152,-17.0206413269043,"Unknown"
"5020564",370750,2026-04-25 03:53:51,28.3654193878174,-17.0212287902832,"Unknown"
"5020564",370750,2026-04-25 03:58:51,28.3654766082764,-17.0217723846436,"Unknown"
"5020564",370750,2026-04-25 04:03:51,28.3655643463135,-17.0224075317383,"Unknown"
"5020564",370750,2026-04-25 04:08:51,28.3656444549561,-17.0229969024658,"Unknown"
"5020564",370750,2026-04-25 04:13:51,28.365795135498,-17.0236358642578,"Unknown"
"5020564",370750,2026-04-25 04:18:51,28.365909576416,-17.0242919921875,"Unknown"
"5020564",370750,2026-04-25 04:23:51,28.3660011291504,-17.0249176025391,"Unknown"
"5020564",370750,2026-04-25 04:28:51,28.3661613464355,-17.0255870819092,"Unknown"
"5020564",370750,2026-04-25 04:33:51,28.3663120269775,-17.0262470245361,"Unknown"
"5020564",370750,2026-04-25 04:38:51,28.3664569854736,-17.0268707275391,"Unknown"
"5020564",370750,2026-04-25 04:43:51,28.3665599822998,-17.0274887084961,"Unknown"
"5020564",370750,2026-04-25 04:48:52,28.3666248321533,-17.0280532836914,"Unknown"
"5020564",370750,2026-04-25 04:53:52,28.3660488128662,-17.0282192230225,"Unknown"
"5020564",370750,2026-04-25 04:58:52,28.3661613464355,-17.0288352966309,"Unknown"
"5020564",370750,2026-04-25 05:03:52,28.366361618042,-17.0294055938721,"Unknown"
"5020564",370750,2026-04-25 05:08:53,28.3665733337402,-17.0300197601318,"Unknown"
"5020564",370750,2026-04-25 05:13:54,28.3668212890625,-17.0306930541992,"Unknown"
"5020564",370750,2026-04-25 05:18:53,28.3671073913574,-17.031343460083,"Unknown"
"5020564",370750,2026-04-25 05:23:55,28.3674926757812,-17.0320148468018,"Unknown"
"5020564",370750,2026-04-25 05:29:17,28.367956161499,-17.0326728820801,"Unknown"
"5020564",370750,2026-04-25 05:33:51,28.3683433532715,-17.0332145690918,"Unknown"
"5020564",370750,2026-04-25 05:38:51,28.3687572479248,-17.0337905883789,"Unknown"
"5020564",370750,2026-04-25 05:43:54,28.3686466217041,-17.0334892272949,"Unknown"
"5020564",370750,2026-04-25 05:48:51,28.368932723999,-17.0270557403564,"Unknown"
"5020564",370750,2026-04-25 05:53:51,28.3702793121338,-17.0230388641357,"Unknown"
"5020564",370750,2026-04-25 05:58:51,28.370813369751,-17.0231781005859,"Unknown"
"5020564",370750,2026-04-25 06:03:54,28.3719596862793,-17.0233974456787,"Unknown"
"5020564",370750,2026-04-25 06:08:53,28.3771991729736,-17.0278244018555,"Unknown"
"5020564",370750,2026-04-25 06:13:52,28.3808689117432,-17.02756690979,"Unknown"
"5020564",370750,2026-04-25 06:18:51,28.3812236785889,-17.0276050567627,"Unknown"
"5020564",370750,2026-04-25 06:23:51,28.3816184997559,-17.0276432037354,"Unknown"
"5020564",370750,2026-04-25 06:28:52,28.3828048706055,-17.0274505615234,"Unknown"
"5020564",370750,2026-04-25 06:33:52,28.3833980560303,-17.0276126861572,"Unknown"
"5020564",370750,2026-04-25 06:38:52,28.3840484619141,-17.0277938842773,"Unknown"
"5020564",370750,2026-04-25 06:43:52,28.3873138427734,-17.0278224945068,"Unknown"
"5020564",370750,2026-04-25 06:48:55,28.407190322876,-17.025426864624,"Unknown"
"5020564",370750,2026-04-25 06:54:26,28.4275302886963,-17.0150699615479,"Unknown"
"5020564",370750,2026-04-25 06:58:51,28.4277477264404,-17.0159473419189,"Unknown"
"5020564",370750,2026-04-25 07:03:52,28.4277839660645,-17.0171127319336,"Unknown"
"5020564",370750,2026-04-25 07:08:53,28.4360542297363,-17.018310546875,"Unknown"
"5020564",370750,2026-04-25 07:13:54,28.4400367736816,-17.0181274414062,"Unknown"
"5020564",370750,2026-04-25 07:18:52,28.4572105407715,-17.0060329437256,"Unknown"
"5020564",370750,2026-04-25 07:23:51,28.4640731811523,-16.9987125396729,"Unknown"
"5020564",370750,2026-04-25 07:28:54,28.4642677307129,-16.9755115509033,"Unknown"
"5020564",370750,2026-04-25 07:33:53,28.4745311737061,-16.9523906707764,"Unknown"
"5020564",370750,2026-04-25 07:38:56,28.4789276123047,-16.9261474609375,"Unknown"
"5020564",370750,2026-04-25 07:43:53,28.4852428436279,-16.9022903442383,"Unknown"
"5020564",370750,2026-04-25 07:48:54,28.493070602417,-16.8820972442627,"Unknown"
"5020564",370750,2026-04-25 07:55:16,28.5047378540039,-16.8528270721436,"Unknown"
"5020564",370750,2026-04-25 08:20:03,28.5238552093506,-16.7345275878906,"Unknown"
"5020564",370750,2026-04-25 08:23:53,28.5228023529053,-16.7131977081299,"Unknown"
"5020564",370750,2026-04-25 08:28:55,28.5208683013916,-16.695707321167,"Unknown"
"5020564",370750,2026-04-25 08:33:53,28.5213394165039,-16.6962738037109,"Unknown"
"5020564",370750,2026-04-25 08:38:57,28.5213832855225,-16.6894416809082,"Unknown"
"5020564",370750,2026-04-25 08:45:16,28.5204086303711,-16.6658458709717,"Unknown"
"5020564",370750,2026-04-25 08:49:17,28.5199680328369,-16.6558570861816,"Unknown"
"5020564",370750,2026-04-25 08:53:51,28.5195655822754,-16.6560897827148,"Unknown"
"5020564",370750,2026-04-25 08:58:50,28.5191173553467,-16.6564598083496,"Unknown"
"5020564",370750,2026-04-25 09:03:51,28.5186672210693,-16.6568717956543,"Unknown"
"5020564",370750,2026-04-25 09:08:50,28.518217086792,-16.6571941375732,"Unknown"
"5020564",370750,2026-04-25 09:13:51,28.5177726745605,-16.657506942749,"Unknown"
"5020564",370750,2026-04-25 09:18:51,28.5173492431641,-16.6578140258789,"Unknown"
"5020564",370750,2026-04-25 09:23:51,28.5169792175293,-16.6581382751465,"Unknown"
"5020564",370750,2026-04-25 09:28:51,28.516622543335,-16.6585063934326,"Unknown"
"5020564",370750,2026-04-25 09:33:52,28.5163021087646,-16.6589069366455,"Unknown"
"5020564",370750,2026-04-25 09:38:51,28.515998840332,-16.659330368042,"Unknown"
"5020564",370750,2026-04-25 09:43:54,28.5144939422607,-16.6501579284668,"Unknown"
"5020564",370750,2026-04-25 09:48:51,28.5145244598389,-16.626579284668,"Unknown"
"5020564",370750,2026-04-25 09:53:51,28.517650604248,-16.6157379150391,"Unknown"
"5020564",370750,2026-04-25 09:58:51,28.5199146270752,-16.5995540618896,"Unknown"
"5020564",370750,2026-04-25 10:03:55,28.5217742919922,-16.5893135070801,"Unknown"
"5020564",370750,2026-04-25 10:13:52,28.5201396942139,-16.5463371276855,"Unknown"
"5020564",370750,2026-04-25 10:18:51,28.5162963867188,-16.5180931091309,"Unknown"
"5020564",370750,2026-04-25 10:23:51,28.5144214630127,-16.4952621459961,"Unknown"
"5020564",370750,2026-04-25 10:28:50,28.5214385986328,-16.4726009368896,"Unknown"
"5020564",370750,2026-04-25 10:33:53,28.5338802337646,-16.44704246521,"Unknown"
"5020564",370750,2026-04-25 10:43:52,28.5540561676025,-16.427526473999,"Unknown"
"5020564",370750,2026-04-25 10:48:52,28.5537738800049,-16.4277610778809,"Unknown"
"5020564",370750,2026-04-25 10:53:53,28.5581760406494,-16.4249362945557,"Unknown"
"5020564",370750,2026-04-25 10:58:51,28.5744895935059,-16.4098815917969,"Unknown"
"5020564",370750,2026-04-25 11:04:16,28.5766887664795,-16.4061717987061,"Unknown"
"5020564",370750,2026-04-25 11:08:52,28.5763549804688,-16.4071426391602,"Unknown"
"5020564",370750,2026-04-25 11:13:50,28.5760269165039,-16.4080772399902,"Unknown"
"5020564",370750,2026-04-25 11:18:51,28.5813255310059,-16.3999977111816,"Unknown"
"5020564",370750,2026-04-25 11:23:53,28.5991477966309,-16.377649307251,"Unknown"
"5020564",370750,2026-04-25 11:28:50,28.6085777282715,-16.3499565124512,"Unknown"
"5020564",370750,2026-04-25 11:33:54,28.6159801483154,-16.3189296722412,"Unknown"
"5020564",370750,2026-04-25 11:38:51,28.6139659881592,-16.3047981262207,"Unknown"
"5020564",370750,2026-04-25 11:43:52,28.6137847900391,-16.3082046508789,"Unknown"
"5020564",370750,2026-04-25 11:48:51,28.6145935058594,-16.3118190765381,"Unknown"
"5020564",370750,2026-04-25 11:53:51,28.6139812469482,-16.3096466064453,"Unknown"
"5020564",370750,2026-04-25 11:58:54,28.6139965057373,-16.3095722198486,"Unknown"
"5020564",370750,2026-04-25 12:03:54,28.6140460968018,-16.3093605041504,"Unknown"
"5020564",370750,2026-04-25 12:08:54,28.6139278411865,-16.3094120025635,"Unknown"
"5020564",370750,2026-04-25 12:13:55,28.6138858795166,-16.3096714019775,"Unknown"
"5020564",370750,2026-04-25 12:18:51,28.6136341094971,-16.309534072876,"Unknown"
"5020564",370750,2026-04-25 12:23:52,28.6134490966797,-16.3092803955078,"Unknown"
"5020564",370750,2026-04-25 12:28:53,28.6132011413574,-16.3090953826904,"Unknown"
"5020564",370750,2026-04-25 12:33:53,28.6130542755127,-16.3091335296631,"Unknown"
"5020564",370750,2026-04-25 12:38:55,28.6130523681641,-16.3092250823975,"Unknown"
"5020564",370750,2026-04-25 12:43:54,28.6175804138184,-16.3001194000244,"Unknown"
"5020564",370750,2026-04-25 12:48:52,28.6184749603271,-16.271125793457,"Unknown"
"5020564",370750,2026-04-25 12:53:51,28.6184825897217,-16.2693214416504,"Unknown"
"5020564",370750,2026-04-25 12:58:54,28.6181125640869,-16.2696323394775,"Unknown"
"5020564",370750,2026-04-25 13:03:54,28.6177253723145,-16.2697277069092,"Unknown"
"5020564",370750,2026-04-25 13:08:54,28.6208667755127,-16.2560367584229,"Unknown"
"5020564",370750,2026-04-25 13:13:55,28.62087059021,-16.2544631958008,"Unknown"
"5020564",370750,2026-04-25 13:18:51,28.620325088501,-16.2546157836914,"Unknown"
"5020564",370750,2026-04-25 13:23:55,28.6197872161865,-16.2547206878662,"Unknown"
"5020564",370750,2026-04-25 13:28:54,28.6192245483398,-16.2547168731689,"Unknown"
"5020564",370750,2026-04-25 13:33:54,28.6186943054199,-16.2547969818115,"Unknown"
"5020564",370750,2026-04-25 13:38:56,28.6182193756104,-16.2549114227295,"Unknown"
"5020564",370750,2026-04-25 13:44:16,28.61767578125,-16.2549819946289,"Unknown"
"5020564",370750,2026-04-25 13:48:59,28.617208480835,-16.2550563812256,"Unknown"
"5020564",370750,2026-04-25 13:53:58,28.6166439056396,-16.2550487518311,"Unknown"
"5020564",370750,2026-04-25 13:58:56,28.616382598877,-16.255256652832,"Unknown"
"5020564",370750,2026-04-25 14:04:17,28.6158485412598,-16.2552738189697,"Unknown"
"5020564",370750,2026-04-25 14:08:51,28.6116008758545,-16.2590637207031,"Unknown"
"5020564",370750,2026-04-25 14:13:51,28.6131019592285,-16.262580871582,"Unknown"
"5020564",370750,2026-04-25 14:18:51,28.6156215667725,-16.263521194458,"Unknown"
"5020564",370750,2026-04-25 14:23:54,28.6192302703857,-16.2639560699463,"Unknown"
"5020564",370750,2026-04-25 14:28:52,28.6230487823486,-16.2650318145752,"Unknown"
"5020564",370750,2026-04-25 14:33:55,28.6223087310791,-16.265172958374,"Unknown"
"5020564",370750,2026-04-25 14:38:54,28.6147193908691,-16.2680149078369,"Unknown"
"5020564",370750,2026-04-25 14:43:52,28.6117172241211,-16.2648258209229,"Unknown"
"5020564",370750,2026-04-25 14:48:52,28.6111850738525,-16.2649459838867,"Unknown"
"5020564",370750,2026-04-25 14:53:54,28.6105308532715,-16.264684677124,"Unknown"
"5020564",370750,2026-04-25 14:58:52,28.610164642334,-16.2654151916504,"Unknown"
"5020564",370750,2026-04-25 15:03:54,28.6136341094971,-16.2452144622803,"Unknown"
"5020564",370750,2026-04-25 15:08:53,28.6172294616699,-16.2367725372314,"Unknown"
"5020564",370750,2026-04-25 15:13:56,28.6199321746826,-16.2025756835938,"Unknown"
"5020564",370750,2026-04-25 15:18:54,28.6275577545166,-16.1698360443115,"Unknown"
"5020564",370750,2026-04-25 15:23:54,28.6289939880371,-16.1339244842529,"Unknown"
"5020564",370750,2026-04-25 15:28:56,28.6257266998291,-16.1014060974121,"Unknown"
"5020564",370750,2026-04-25 15:34:01,28.6211376190186,-16.0637588500977,"Unknown"
"5020564",370750,2026-04-25 15:38:52,28.6169528961182,-16.0362949371338,"Unknown"
"5020564",370750,2026-04-25 15:44:02,28.6118278503418,-16.0094604492188,"Unknown"
"5020564",370750,2026-04-25 15:49:27,28.6079769134521,-15.9864683151245,"Unknown"
"5020564",370750,2026-04-25 15:54:00,28.6036014556885,-15.9648513793945,"Unknown"
"5020564",370750,2026-04-25 15:59:17,28.6030101776123,-15.9655904769897,"Unknown"
"5020564",370750,2026-04-25 16:03:53,28.6026077270508,-15.9662466049194,"Unknown"
"5020564",370750,2026-04-25 16:08:53,28.6021842956543,-15.9668865203857,"Unknown"
"5020564",370750,2026-04-25 16:13:52,28.6017627716064,-15.9675436019897,"Unknown"
"5020564",370750,2026-04-25 16:18:52,28.6013145446777,-15.9681272506714,"Unknown"
"5020564",370750,2026-04-25 16:23:52,28.5977973937988,-15.9432725906372,"Unknown"
"5020564",370750,2026-04-25 16:28:53,28.5832462310791,-15.9127674102783,"Unknown"
"5020564",370750,2026-04-25 16:33:54,28.56662940979,-15.8893489837646,"Unknown"
"5020564",370750,2026-04-25 16:38:54,28.5518836975098,-15.8588886260986,"Unknown"
"5020564",370750,2026-04-25 16:43:52,28.5410690307617,-15.8437099456787,"Unknown"
"5020564",370750,2026-04-25 16:48:51,28.5411930084229,-15.8441247940063,"Unknown"
"5020564",370750,2026-04-25 16:53:53,28.5410232543945,-15.8429460525513,"Unknown"
"5020564",370750,2026-04-25 16:58:56,28.5321254730225,-15.817120552063,"Unknown"
"5020564",370750,2026-04-25 17:03:55,28.5297622680664,-15.808934211731,"Unknown"
"5020564",370750,2026-04-25 17:08:52,28.5204811096191,-15.7881708145142,"Unknown"
"5020564",370750,2026-04-25 17:13:53,28.5007591247559,-15.7626094818115,"Unknown"
"5020564",370750,2026-04-25 17:18:56,28.4906425476074,-15.7321147918701,"Unknown"
"5020564",370750,2026-04-25 17:23:56,28.4856758117676,-15.7128944396973,"Unknown"
"5020564",370750,2026-04-25 17:28:55,28.477668762207,-15.6885795593262,"Unknown"
"5020564",370750,2026-04-25 17:33:53,28.4601802825928,-15.6642827987671,"Unknown"
"5020564",370750,2026-04-25 17:38:59,28.4586925506592,-15.6623888015747,"Unknown"
"5020564",370750,2026-04-25 17:43:55,28.4606094360352,-15.6561603546143,"Unknown"
"5020564",370750,2026-04-25 17:49:51,28.4570217132568,-15.6498680114746,"Unknown"
"5020564",370750,2026-04-25 17:53:53,28.4567031860352,-15.6454734802246,"Unknown"
"5020564",370750,2026-04-25 17:58:53,28.458080291748,-15.6409473419189,"Unknown"
"5020564",370750,2026-04-25 18:03:53,28.4562358856201,-15.6333961486816,"Unknown"
"5020564",370750,2026-04-25 18:08:53,28.4558753967285,-15.6274843215942,"Unknown"
"5020564",370750,2026-04-25 18:13:56,28.4575290679932,-15.6215543746948,"Unknown"
"5020564",370750,2026-04-25 18:18:52,28.4585704803467,-15.6154623031616,"Unknown"
"5020564",370750,2026-04-25 18:23:58,28.458854675293,-15.6082525253296,"Unknown"
"5020564",370750,2026-04-25 18:28:54,28.4599342346191,-15.6016187667847,"Unknown"
"5020564",370750,2026-04-25 18:33:52,28.4604663848877,-15.5957546234131,"Unknown"
"5020564",370750,2026-04-25 18:38:53,28.459400177002,-15.5889616012573,"Unknown"
"5020564",370750,2026-04-25 18:43:54,28.4581890106201,-15.5822982788086,"Unknown"
"5020564",370750,2026-04-25 18:48:54,28.4564094543457,-15.5761833190918,"Unknown"
"5020564",370750,2026-04-25 18:53:58,28.4562721252441,-15.5717611312866,"Unknown"
"5020564",370750,2026-04-25 18:58:54,28.4540348052979,-15.5697002410889,"Unknown"
"5020564",370750,2026-04-25 19:04:16,28.4546146392822,-15.5666198730469,"Unknown"
"5020564",370750,2026-04-25 19:08:52,28.4527759552002,-15.5641307830811,"Unknown"
"5020564",370750,2026-04-25 19:14:00,28.4520149230957,-15.5612058639526,"Unknown"
"5020564",370750,2026-04-25 19:18:52,28.4484348297119,-15.5624933242798,"Unknown"
"5020564",370750,2026-04-25 19:23:54,28.4482231140137,-15.5612058639526,"Unknown"
"5020564",370750,2026-04-25 19:28:53,28.4479713439941,-15.5585079193115,"Unknown"
"5020564",370750,2026-04-25 19:33:52,28.4451942443848,-15.5605802536011,"Unknown"
"5020564",370750,2026-04-25 19:38:53,28.4452571868896,-15.560923576355,"Unknown"
"5020564",370750,2026-04-25 19:43:53,28.4329948425293,-15.5553731918335,"Unknown"
"5020564",370750,2026-04-25 19:48:54,28.4029541015625,-15.5515575408936,"Unknown"
"5020564",370750,2026-04-25 19:53:53,28.3794040679932,-15.5495147705078,"Unknown"
"5020564",370750,2026-04-25 19:58:56,28.3456115722656,-15.5397710800171,"Unknown"
"5020564",370750,2026-04-25 20:15:18,28.2506122589111,-15.4797668457031,"Unknown"
"5020564",370750,2026-04-25 20:20:18,28.2389430999756,-15.4532327651978,"Unknown"
"5020564",370750,2026-04-25 20:25:18,28.226282119751,-15.4260101318359,"Unknown"
"5020564",370750,2026-04-25 20:29:17,28.2079601287842,-15.4091186523438,"Unknown"
"5020564",370750,2026-04-25 20:33:56,28.2082500457764,-15.4092845916748,"Unknown"
"5020564",370750,2026-04-25 20:38:55,28.1847839355469,-15.3876657485962,"Unknown"
"5020564",370750,2026-04-25 20:43:54,28.1598320007324,-15.3672304153442,"Unknown"
"5020564",370750,2026-04-25 20:48:53,28.1370677947998,-15.3416728973389,"Unknown"
"5020564",370750,2026-04-25 20:53:55,28.1198215484619,-15.3137474060059,"Unknown"
"5020564",370750,2026-04-25 20:58:55,28.1159343719482,-15.3076763153076,"Unknown"
"5020564",370750,2026-04-25 21:03:57,28.1157245635986,-15.3079738616943,"Unknown"
"5020564",370750,2026-04-25 21:08:58,28.1155338287354,-15.3082790374756,"Unknown"
"5020564",370750,2026-04-25 21:14:17,28.1152877807617,-15.308648109436,"Unknown"
"5020564",370750,2026-04-25 21:18:54,28.0968055725098,-15.2884187698364,"Unknown"
"5020564",370750,2026-04-25 21:23:54,28.0826091766357,-15.2729167938232,"Unknown"
"5020566",378623,2026-04-28 17:37:39,28.7122707366943,-17.745475769043,"Unknown"
"5020566",378623,2026-04-28 17:53:16,28.7121467590332,-17.7454471588135,"Unknown"
"5020566",378623,2026-04-28 18:07:35,28.7039051055908,-17.7339611053467,"Unknown"
"5020566",378623,2026-04-28 18:22:36,28.7034873962402,-17.7349853515625,"Unknown"
"5020566",378623,2026-04-28 18:39:00,28.7015361785889,-17.7312316894531,"Unknown"
"5020566",378623,2026-04-28 18:53:03,28.7048625946045,-17.7310218811035,"Unknown"
"5020566",378623,2026-04-28 19:07:35,28.7055721282959,-17.7313289642334,"Unknown"
"5020566",378623,2026-04-28 19:22:36,28.7519493103027,-17.7176342010498,"Unknown"
"5020566",378623,2026-04-28 19:37:37,28.7552528381348,-17.7212295532227,"Unknown"
"5020566",378623,2026-04-28 19:52:36,28.7719573974609,-17.7303943634033,"Unknown"
"5020566",378623,2026-04-28 20:07:35,28.7727241516113,-17.7311210632324,"Unknown"
"5020566",378623,2026-04-28 20:22:38,28.7734565734863,-17.7314395904541,"Unknown"
"5020566",378623,2026-04-28 20:38:03,28.7745990753174,-17.7315578460693,"Unknown"
"5020566",378623,2026-04-28 20:52:36,28.7754497528076,-17.7321815490723,"Unknown"
"5020566",378623,2026-04-28 21:07:36,28.7769546508789,-17.7326145172119,"Unknown"
"5020566",378623,2026-04-28 21:22:46,28.7784957885742,-17.7329254150391,"Unknown"
"5020566",378623,2026-04-28 21:37:46,28.7798080444336,-17.7330760955811,"Unknown"
"5020566",378623,2026-04-28 21:52:46,28.7809162139893,-17.7332286834717,"Unknown"
"5020566",378623,2026-04-28 22:07:46,28.781623840332,-17.7334270477295,"Unknown"
"5020566",378623,2026-04-28 22:22:45,28.7823123931885,-17.733491897583,"Unknown"
"5020566",378623,2026-04-28 22:37:45,28.782922744751,-17.7332820892334,"Unknown"
"5020566",378623,2026-04-28 22:52:45,28.7836742401123,-17.7331275939941,"Unknown"
"5020566",378623,2026-04-28 23:07:45,28.7851181030273,-17.7321739196777,"Unknown"
"5020566",378623,2026-04-28 23:23:03,28.786376953125,-17.731201171875,"Unknown"
"5020566",378623,2026-04-28 23:37:46,28.7846126556396,-17.7358360290527,"Unknown"
"5020566",378623,2026-04-28 23:52:46,28.7829093933105,-17.7368278503418,"Unknown"
"5020566",378623,2026-04-29 00:07:47,28.7828063964844,-17.7361106872559,"Unknown"
"5020566",378623,2026-04-29 00:22:46,28.7825012207031,-17.7355499267578,"Unknown"
"5020566",378623,2026-04-29 00:37:46,28.781888961792,-17.7354145050049,"Unknown"
"5020566",378623,2026-04-29 00:52:47,28.7815494537354,-17.7353801727295,"Unknown"
"5020566",378623,2026-04-29 01:07:46,28.7807960510254,-17.7347164154053,"Unknown"
"5020566",378623,2026-04-29 01:22:50,28.7806587219238,-17.7341575622559,"Unknown"
"5020566",378623,2026-04-29 01:38:03,28.7815551757812,-17.7334423065186,"Unknown"
"5020566",378623,2026-04-29 01:52:45,28.7814331054688,-17.7332992553711,"Unknown"
"5020566",378623,2026-04-29 02:07:46,28.7802486419678,-17.7341251373291,"Unknown"
"5020566",378623,2026-04-29 02:22:46,28.7795085906982,-17.7337303161621,"Unknown"
"5020566",378623,2026-04-29 02:37:46,28.7791576385498,-17.7336616516113,"Unknown"
"5020566",378623,2026-04-29 02:52:46,28.7792434692383,-17.7332973480225,"Unknown"
"5020566",378623,2026-04-29 03:08:03,28.7794666290283,-17.7330532073975,"Unknown"
"5020566",378623,2026-04-29 03:22:46,28.7791290283203,-17.7361717224121,"Unknown"
"5020566",378623,2026-04-29 03:37:46,28.7610263824463,-17.7319526672363,"Unknown"
"5020566",378623,2026-04-29 03:52:46,28.6820526123047,-17.7582702636719,"Unknown"
"5020566",378623,2026-04-29 04:07:46,28.7082366943359,-17.7460021972656,"Unknown"
"5020566",378623,2026-04-29 04:22:45,28.6910400390625,-17.7853984832764,"Unknown"
"5020566",378623,2026-04-29 04:37:45,28.6870861053467,-17.7758884429932,"Unknown"
"5020566",378623,2026-04-29 04:53:04,28.7053165435791,-17.8110122680664,"Unknown"
"5020566",378623,2026-04-29 05:42:54,28.7149238586426,-17.7373275756836,"Unknown"
"5020566",378623,2026-04-29 05:58:47,28.7740898132324,-17.7248096466064,"Unknown"
"5020566",378623,2026-04-29 06:14:19,28.7842674255371,-17.7195377349854,"Unknown"
"5020566",378623,2026-04-29 06:29:19,28.7300891876221,-17.6717395782471,"Unknown"
"5020566",378623,2026-04-29 06:43:17,28.729679107666,-17.6716442108154,"Unknown"
"5020566",378623,2026-04-29 06:57:53,28.7292346954346,-17.6717433929443,"Unknown"
"5020566",378623,2026-04-29 07:12:54,28.7268009185791,-17.65993309021,"Unknown"
"5020566",378623,2026-04-29 07:27:54,28.6386661529541,-17.651948928833,"Unknown"
"5020566",378623,2026-04-29 07:42:56,28.5373210906982,-17.6510124206543,"Unknown"
"5020566",378623,2026-04-29 07:57:56,28.4469909667969,-17.6267414093018,"Unknown"
"5020566",378623,2026-04-29 08:14:19,28.424036026001,-17.6040649414062,"Unknown"
"5020566",378623,2026-04-29 08:29:19,28.3810749053955,-17.5246562957764,"Unknown"
"5020566",378623,2026-04-29 08:43:17,28.380428314209,-17.5224170684814,"Unknown"
"5020566",378623,2026-04-29 08:57:53,28.3799057006836,-17.5207462310791,"Unknown"
"5020566",378623,2026-04-29 09:12:53,28.3794708251953,-17.5187587738037,"Unknown"
"5020566",378623,2026-04-29 09:27:53,28.3836307525635,-17.441068649292,"Unknown"
"5020566",378623,2026-04-29 09:42:53,28.4226131439209,-17.3766174316406,"Unknown"
"5020566",378623,2026-04-29 09:57:56,28.4456005096436,-17.3769283294678,"Unknown"
"5020566",378623,2026-04-29 10:12:53,28.4565773010254,-17.382532119751,"Unknown"
"5020566",378623,2026-04-29 10:27:54,28.4705123901367,-17.390064239502,"Unknown"
"5020566",378623,2026-04-29 10:43:17,28.4858646392822,-17.3890171051025,"Unknown"
"5020566",378623,2026-04-29 10:57:53,28.4971199035645,-17.3866939544678,"Unknown"
"5020566",378623,2026-04-29 11:13:09,28.5057411193848,-17.387622833252,"Unknown"
"5020566",378623,2026-04-29 11:27:54,28.5051136016846,-17.388786315918,"Unknown"
"5020566",378623,2026-04-29 11:42:55,28.5048713684082,-17.390022277832,"Unknown"
"5020566",378623,2026-04-29 11:57:57,28.5048122406006,-17.3908100128174,"Unknown"
"5020566",378623,2026-04-29 12:12:56,28.5040092468262,-17.3919353485107,"Unknown"
"5020566",378623,2026-04-29 12:28:07,28.5032863616943,-17.3933391571045,"Unknown"
"5020566",378623,2026-04-29 12:43:17,28.5039291381836,-17.3954010009766,"Unknown"
"5020566",378623,2026-04-29 12:57:55,28.5034503936768,-17.3971004486084,"Unknown"
"5020566",378623,2026-04-29 13:12:54,28.5028438568115,-17.3988437652588,"Unknown"
"5020566",378623,2026-04-29 13:27:54,28.4987125396729,-17.3997821807861,"Unknown"
"5020566",378623,2026-04-29 13:42:54,28.4974327087402,-17.4022312164307,"Unknown"
"5020566",378623,2026-04-29 13:58:04,28.4949893951416,-17.3878765106201,"Unknown"
"5020566",378623,2026-04-29 14:12:56,28.4968357086182,-17.3842372894287,"Unknown"
"5020566",378623,2026-04-29 14:28:17,28.5124206542969,-17.3805561065674,"Unknown"
"5020566",378623,2026-04-29 14:42:55,28.5102634429932,-17.3822975158691,"Unknown"
"5020566",378623,2026-04-29 14:57:54,28.507963180542,-17.384220123291,"Unknown"
"5020566",378623,2026-04-29 15:12:56,28.4970893859863,-17.3877639770508,"Unknown"
"5020566",378623,2026-04-29 15:28:27,28.4903316497803,-17.3847274780273,"Unknown"
"5020566",378623,2026-04-29 15:42:54,28.5000228881836,-17.3760852813721,"Unknown"
"5020566",378623,2026-04-29 15:57:53,28.4980773925781,-17.371753692627,"Unknown"
"5020566",378623,2026-04-29 16:12:53,28.50266456604,-17.3751907348633,"Unknown"
"5020566",378623,2026-04-29 16:27:53,28.5081558227539,-17.4068984985352,"Unknown"
"5020566",378623,2026-04-29 16:42:55,28.511381149292,-17.4202556610107,"Unknown"
"5020566",378623,2026-04-29 16:57:55,28.5093040466309,-17.4215145111084,"Unknown"
"5020566",378623,2026-04-29 17:12:54,28.5076198577881,-17.4225158691406,"Unknown"
"5020566",378623,2026-04-29 17:27:54,28.5060806274414,-17.4233379364014,"Unknown"
"5020566",378623,2026-04-29 17:43:47,28.5160274505615,-17.4552173614502,"Unknown"
"5020566",378623,2026-04-29 17:57:54,28.517765045166,-17.4716014862061,"Unknown"
"5020566",378623,2026-04-29 18:12:55,28.5452651977539,-17.5401668548584,"Unknown"
"5020566",378623,2026-04-29 18:27:57,28.5514259338379,-17.5442790985107,"Unknown"
"5020566",378623,2026-04-29 18:42:56,28.5472106933594,-17.5349750518799,"Unknown"
"5020566",378623,2026-04-29 18:57:54,28.5321044921875,-17.5338382720947,"Unknown"
"5020566",378623,2026-04-29 19:12:56,28.5635547637939,-17.582218170166,"Unknown"
"5020566",378623,2026-04-29 19:27:56,28.6146202087402,-17.658935546875,"Unknown"
"5020566",378623,2026-04-29 19:43:17,28.6549205780029,-17.7058029174805,"Unknown"
"5020566",378623,2026-04-29 19:57:55,28.6545295715332,-17.7065601348877,"Unknown"
"5020566",378623,2026-04-29 20:12:56,28.6540298461914,-17.7075710296631,"Unknown"
"5020566",378623,2026-04-29 20:27:56,28.7246055603027,-17.7244720458984,"Unknown"
"5020566",378623,2026-04-29 20:42:54,28.7667560577393,-17.7282600402832,"Unknown"
"5020566",378623,2026-04-29 20:57:54,28.7744407653809,-17.7374591827393,"Unknown"
"5020566",378623,2026-04-29 21:12:54,28.7807960510254,-17.7398662567139,"Unknown"
"5020566",378623,2026-04-29 21:27:55,28.7821788787842,-17.7403812408447,"Unknown"
"5020566",378623,2026-04-29 21:42:56,28.7837791442871,-17.7407035827637,"Unknown"
"5020566",378623,2026-04-29 21:57:55,28.7856540679932,-17.7412624359131,"Unknown"
"5020566",378623,2026-04-29 22:13:27,28.7870311737061,-17.7416934967041,"Unknown"
"5020566",378623,2026-04-29 22:27:54,28.7881336212158,-17.7417812347412,"Unknown"
"5020566",378623,2026-04-29 22:42:54,28.7895851135254,-17.7413063049316,"Unknown"
"5020566",378623,2026-04-29 22:57:55,28.790657043457,-17.7415561676025,"Unknown"
"5020566",378623,2026-04-29 23:12:57,28.7910919189453,-17.7415046691895,"Unknown"
"5020566",378623,2026-04-29 23:28:27,28.7916316986084,-17.7411842346191,"Unknown"
"5020566",378623,2026-04-29 23:42:54,28.7922954559326,-17.7410507202148,"Unknown"
"5020566",378623,2026-04-29 23:57:54,28.7928466796875,-17.7408390045166,"Unknown"
"5020566",378623,2026-04-30 00:12:53,28.7932243347168,-17.7405223846436,"Unknown"
"5020566",378623,2026-04-30 00:27:54,28.7944374084473,-17.7406921386719,"Unknown"
"5020566",378623,2026-04-30 00:42:53,28.7954158782959,-17.7403945922852,"Unknown"
"5020566",378623,2026-04-30 00:57:54,28.7963027954102,-17.7401885986328,"Unknown"
"5020566",378623,2026-04-30 01:12:56,28.7974128723145,-17.7399520874023,"Unknown"
"5020566",378623,2026-04-30 01:27:56,28.7979583740234,-17.7394256591797,"Unknown"
"5020566",378623,2026-04-30 01:43:17,28.7987213134766,-17.7381801605225,"Unknown"
"5020566",378623,2026-04-30 01:57:53,28.7995376586914,-17.737232208252,"Unknown"
"5020566",378623,2026-04-30 02:13:17,28.7989253997803,-17.7378959655762,"Unknown"
"5020566",378623,2026-04-30 02:27:53,28.7993335723877,-17.7376689910889,"Unknown"
"5020566",378623,2026-04-30 02:42:54,28.8001308441162,-17.7380981445312,"Unknown"
"5020566",378623,2026-04-30 02:57:55,28.8009185791016,-17.738245010376,"Unknown"
"5020566",378623,2026-04-30 03:12:53,28.8018608093262,-17.7388687133789,"Unknown"
"5020566",378623,2026-04-30 03:27:53,28.8029403686523,-17.739372253418,"Unknown"
"5020566",378623,2026-04-30 03:43:17,28.8037853240967,-17.740047454834,"Unknown"
"5020566",378623,2026-04-30 03:57:55,28.778507232666,-17.7382183074951,"Unknown"
"5020566",378623,2026-04-30 04:12:55,28.7800121307373,-17.7385654449463,"Unknown"
"5020566",378623,2026-04-30 04:27:55,28.7813129425049,-17.7391128540039,"Unknown"
"5020566",378623,2026-04-30 04:42:56,28.7822418212891,-17.7398242950439,"Unknown"
"5020566",378623,2026-04-30 04:57:55,28.7265548706055,-17.7217674255371,"Unknown"
"5020566",378623,2026-04-30 05:13:17,28.6964740753174,-17.7380924224854,"Unknown"
"5020566",378623,2026-04-30 05:27:55,28.7776775360107,-17.7258987426758,"Unknown"
"5020566",378623,2026-04-30 05:42:55,28.780216217041,-17.7320117950439,"Unknown"
"5020566",378623,2026-04-30 05:57:54,28.7812004089355,-17.7315616607666,"Unknown"
"5020566",378623,2026-04-30 06:12:56,28.7823104858398,-17.7313995361328,"Unknown"
"5020566",378623,2026-04-30 06:28:27,28.78391456604,-17.7312717437744,"Unknown"
"5020566",378623,2026-04-30 06:42:54,28.7883853912354,-17.7329235076904,"Unknown"
"5020566",378623,2026-04-30 06:57:53,28.7854976654053,-17.6860485076904,"Unknown"
"5020566",378623,2026-04-30 07:12:53,28.7862873077393,-17.6867351531982,"Unknown"
"5020566",378623,2026-04-30 07:27:54,28.7386493682861,-17.6139583587646,"Unknown"
"5020566",378623,2026-04-30 07:42:56,28.6760387420654,-17.5769367218018,"Unknown"
"5020566",378623,2026-04-30 07:57:54,28.6608333587646,-17.5673007965088,"Unknown"
"5020566",378623,2026-04-30 08:12:59,28.6218776702881,-17.5011043548584,"Unknown"
"5020566",378623,2026-04-30 08:29:03,28.6318016052246,-17.4801731109619,"Unknown"
"5020566",378623,2026-04-30 08:42:54,28.6446228027344,-17.4793262481689,"Unknown"
"5020566",378623,2026-04-30 08:57:53,28.6359233856201,-17.4656295776367,"Unknown"
"5020566",378623,2026-04-30 09:12:55,28.6318473815918,-17.4645385742188,"Unknown"
"5020566",378623,2026-04-30 09:27:54,28.632640838623,-17.4639072418213,"Unknown"
"5020566",378623,2026-04-30 09:42:54,28.6407947540283,-17.4475784301758,"Unknown"
"5020566",378623,2026-04-30 09:57:54,28.6425800323486,-17.4310665130615,"Unknown"
"5020566",378623,2026-04-30 10:12:54,28.6408176422119,-17.409854888916,"Unknown"
"5020566",378623,2026-04-30 10:27:57,28.6361064910889,-17.3854064941406,"Unknown"
"5020566",378623,2026-04-30 10:43:16,28.6297855377197,-17.3791999816895,"Unknown"
"5020566",378623,2026-04-30 10:57:53,28.6298866271973,-17.3807621002197,"Unknown"
"5020566",378623,2026-04-30 11:12:53,28.6302223205566,-17.3822422027588,"Unknown"
"5020566",378623,2026-04-30 11:27:55,28.6306819915771,-17.3836250305176,"Unknown"
"5020566",378623,2026-04-30 11:42:55,28.630989074707,-17.3847713470459,"Unknown"
"5020566",378623,2026-04-30 11:58:17,28.6312389373779,-17.3854751586914,"Unknown"
"5020566",378623,2026-04-30 12:12:55,28.63037109375,-17.3857326507568,"Unknown"
"5020566",378623,2026-04-30 12:27:55,28.6317005157471,-17.3860321044922,"Unknown"
"5020566",378623,2026-04-30 12:42:57,28.6329193115234,-17.3863201141357,"Unknown"
"5020566",378623,2026-04-30 12:57:56,28.633918762207,-17.3868083953857,"Unknown"
"5020566",378623,2026-04-30 13:12:56,28.6350002288818,-17.3874568939209,"Unknown"
"5020566",378623,2026-04-30 13:27:54,28.6312255859375,-17.3885631561279,"Unknown"
"5020566",378623,2026-04-30 13:42:57,28.632568359375,-17.3887920379639,"Unknown"
"5020566",378623,2026-04-30 13:57:56,28.634033203125,-17.3889408111572,"Unknown"
"5020566",378623,2026-04-30 14:13:27,28.6354961395264,-17.3895092010498,"Unknown"
"5020566",378623,2026-04-30 14:27:54,28.6372737884521,-17.3901557922363,"Unknown"
"5020566",378623,2026-04-30 14:42:56,28.6389846801758,-17.391056060791,"Unknown"
"5020566",378623,2026-04-30 14:57:54,28.6404590606689,-17.3915901184082,"Unknown"
"5020566",378623,2026-04-30 15:12:54,28.6414737701416,-17.3923358917236,"Unknown"
"5020566",378623,2026-04-30 15:27:54,28.6423282623291,-17.3929710388184,"Unknown"
"5020566",378623,2026-04-30 15:42:56,28.6430835723877,-17.3994407653809,"Unknown"
"5020566",378623,2026-04-30 15:57:57,28.6704998016357,-17.4963722229004,"Unknown"
"5020566",378623,2026-04-30 16:12:54,28.6856803894043,-17.5461597442627,"Unknown"
"5020566",378623,2026-04-30 16:27:54,28.7049312591553,-17.5420513153076,"Unknown"
"5020566",378623,2026-04-30 16:42:54,28.7197322845459,-17.5843620300293,"Unknown"
"5020566",378623,2026-04-30 16:57:57,28.725133895874,-17.5920600891113,"Unknown"
"5020566",378623,2026-04-30 17:12:56,28.7249126434326,-17.5758266448975,"Unknown"
"5020566",378623,2026-04-30 17:27:47,28.7201709747314,-17.5910778045654,"Unknown"
"5020566",378623,2026-04-30 17:33:03,28.7181129455566,-17.5951099395752,"Unknown"
"5020566",378623,2026-04-30 17:37:44,28.7170791625977,-17.5970287322998,"Unknown"
"5020566",378623,2026-04-30 17:42:44,28.7143440246582,-17.5953254699707,"Unknown"
"5020566",378623,2026-04-30 17:47:44,28.7134590148926,-17.590461730957,"Unknown"
"5020566",378623,2026-04-30 17:52:44,28.7109375,-17.592004776001,"Unknown"
"5020566",378623,2026-04-30 17:57:46,28.7075023651123,-17.5894336700439,"Unknown"
"5020566",378623,2026-04-30 18:02:45,28.7033081054688,-17.5879325866699,"Unknown"
"5020566",378623,2026-04-30 18:07:46,28.701623916626,-17.5842933654785,"Unknown"
"5020566",378623,2026-04-30 18:12:45,28.6986389160156,-17.5808353424072,"Unknown"
"5020566",378623,2026-04-30 18:17:44,28.6934604644775,-17.579460144043,"Unknown"
"5020566",378623,2026-04-30 18:22:44,28.690601348877,-17.5795555114746,"Unknown"
"5020566",378623,2026-04-30 18:27:44,28.6874809265137,-17.5784969329834,"Unknown"
"5020566",378623,2026-04-30 18:32:45,28.6858444213867,-17.5795440673828,"Unknown"
"5020566",378623,2026-04-30 18:37:44,28.6834373474121,-17.5755558013916,"Unknown"
"5020566",378623,2026-04-30 18:42:44,28.6887054443359,-17.5863285064697,"Unknown"
"5020566",378623,2026-04-30 18:47:46,28.7067718505859,-17.6093101501465,"Unknown"
"5020566",378623,2026-04-30 18:52:46,28.7096138000488,-17.61594581604,"Unknown"
"5020566",378623,2026-04-30 18:57:44,28.7297878265381,-17.645565032959,"Unknown"
"5020566",378623,2026-04-30 19:02:46,28.7386493682861,-17.6552238464355,"Unknown"
"5020566",378623,2026-04-30 19:07:46,28.7374668121338,-17.6752986907959,"Unknown"
"5020566",378623,2026-04-30 19:12:44,28.7478446960449,-17.6875858306885,"Unknown"
"5020566",378623,2026-04-30 19:17:48,28.767879486084,-17.6995582580566,"Unknown"
"5020566",378623,2026-04-30 19:23:17,28.7813377380371,-17.7002182006836,"Unknown"
"5020566",378623,2026-04-30 19:27:43,28.7774848937988,-17.7011280059814,"Unknown"
"5020566",378623,2026-04-30 19:32:44,28.7750301361084,-17.7001762390137,"Unknown"
"5020566",378623,2026-04-30 19:37:44,28.7701148986816,-17.7021789550781,"Unknown"
"5020566",378623,2026-04-30 19:42:44,28.7738876342773,-17.7154140472412,"Unknown"
"5020566",378623,2026-04-30 19:47:44,28.7870922088623,-17.7375183105469,"Unknown"
"5020566",378623,2026-04-30 19:52:44,28.7872085571289,-17.7376480102539,"Unknown"
"5020566",378623,2026-04-30 19:53:44,28.7872314453125,-17.7376651763916,"Unknown"
"5020566",378623,2026-04-30 19:54:43,28.7873134613037,-17.7376365661621,"Unknown"
"5020566",378623,2026-04-30 19:55:43,28.7873630523682,-17.7376461029053,"Unknown"
"5020566",378623,2026-04-30 19:56:45,28.7874279022217,-17.7376270294189,"Unknown"
"5020566",378623,2026-04-30 19:57:44,28.7874755859375,-17.7376079559326,"Unknown"
"5020566",378623,2026-04-30 19:58:46,28.7875270843506,-17.7376308441162,"Unknown"
"5020566",378623,2026-04-30 19:59:44,28.7876071929932,-17.7376041412354,"Unknown"
"5020566",378623,2026-04-30 20:00:46,28.787691116333,-17.7376136779785,"Unknown"
"5020566",378623,2026-04-30 20:01:46,28.7877407073975,-17.737606048584,"Unknown"
"5020566",378623,2026-04-30 20:02:44,28.7878189086914,-17.7376003265381,"Unknown"
"5020566",378623,2026-04-30 20:03:47,28.7879409790039,-17.7376308441162,"Unknown"
"5020566",378623,2026-04-30 20:04:43,28.788013458252,-17.7376556396484,"Unknown"
"5020566",378623,2026-04-30 20:05:43,28.7881240844727,-17.7376766204834,"Unknown"
"5020566",378623,2026-04-30 20:06:43,28.7881622314453,-17.7376480102539,"Unknown"
"5020566",378623,2026-04-30 20:07:46,28.7882480621338,-17.7376441955566,"Unknown"
"5020566",378623,2026-04-30 20:08:44,28.7882709503174,-17.7376346588135,"Unknown"
"5020566",378623,2026-04-30 20:09:44,28.7883014678955,-17.7376079559326,"Unknown"
"5020566",378623,2026-04-30 20:10:44,28.7883644104004,-17.7376155853271,"Unknown"
"5020566",378623,2026-04-30 20:11:46,28.7884426116943,-17.7376194000244,"Unknown"
"5020566",378623,2026-04-30 20:12:44,28.7885341644287,-17.7375812530518,"Unknown"
"5020566",378623,2026-04-30 20:13:45,28.7885856628418,-17.7375679016113,"Unknown"
"5020566",378623,2026-04-30 20:14:44,28.7886409759521,-17.7375736236572,"Unknown"
"5020566",378623,2026-04-30 20:15:48,28.7887153625488,-17.73756980896,"Unknown"
"5020566",378623,2026-04-30 20:16:48,28.7887592315674,-17.7375755310059,"Unknown"
"5020566",378623,2026-04-30 20:17:44,28.7888088226318,-17.7376022338867,"Unknown"
"5020566",378623,2026-04-30 20:18:47,28.788875579834,-17.7376556396484,"Unknown"
"5020566",378623,2026-04-30 20:19:47,28.7889194488525,-17.7376842498779,"Unknown"
"5020566",378623,2026-04-30 20:20:45,28.7889804840088,-17.7377147674561,"Unknown"
"5020566",378623,2026-04-30 20:21:44,28.7890338897705,-17.7377414703369,"Unknown"
"5020566",378623,2026-04-30 20:22:46,28.7890949249268,-17.7377700805664,"Unknown"
"5020566",378623,2026-04-30 20:23:47,28.7891445159912,-17.737813949585,"Unknown"
"5020566",378623,2026-04-30 20:24:46,28.789213180542,-17.7378692626953,"Unknown"
"5020566",378623,2026-04-30 20:25:47,28.789249420166,-17.7379035949707,"Unknown"
"5020566",378623,2026-04-30 20:26:46,28.7892990112305,-17.7379322052002,"Unknown"
"5020566",378623,2026-04-30 20:27:46,28.7893619537354,-17.7379779815674,"Unknown"
"5020566",378623,2026-04-30 20:28:50,28.7894229888916,-17.73801612854,"Unknown"
"5020566",378623,2026-04-30 20:29:48,28.7894554138184,-17.7380409240723,"Unknown"
"5020566",378623,2026-04-30 20:30:49,28.7895469665527,-17.7380676269531,"Unknown"
"5020566",378623,2026-04-30 20:31:46,28.7896041870117,-17.7380752563477,"Unknown"
"5020566",378623,2026-04-30 20:32:46,28.7896976470947,-17.7380924224854,"Unknown"
"5020566",378623,2026-04-30 20:33:46,28.7897853851318,-17.7381248474121,"Unknown"
"5020566",378623,2026-04-30 20:35:03,28.7899017333984,-17.7381687164307,"Unknown"
"5020566",378623,2026-04-30 20:35:43,28.7899875640869,-17.7381992340088,"Unknown"
"5020566",378623,2026-04-30 20:36:43,28.7900695800781,-17.738245010376,"Unknown"
"5020566",378623,2026-04-30 20:37:44,28.7901630401611,-17.7382678985596,"Unknown"
"5020566",378623,2026-04-30 20:38:43,28.7902164459229,-17.7382907867432,"Unknown"
"5020566",378623,2026-04-30 20:39:44,28.7902946472168,-17.7382946014404,"Unknown"
"5020566",378623,2026-04-30 20:40:43,28.7903366088867,-17.7383327484131,"Unknown"
"5020566",378623,2026-04-30 20:41:43,28.7903842926025,-17.7383823394775,"Unknown"
"5020566",378623,2026-04-30 20:42:44,28.790433883667,-17.7384452819824,"Unknown"
"5020566",378623,2026-04-30 20:43:43,28.7905082702637,-17.7384738922119,"Unknown"
"5020566",378623,2026-04-30 20:44:43,28.7905445098877,-17.7385082244873,"Unknown"
"5020566",378623,2026-04-30 20:45:43,28.7906036376953,-17.738525390625,"Unknown"
"5020566",378623,2026-04-30 20:46:43,28.7906742095947,-17.7385482788086,"Unknown"
"5020566",378623,2026-04-30 20:47:44,28.7907276153564,-17.7385540008545,"Unknown"
"5020566",378623,2026-04-30 20:48:44,28.7907772064209,-17.7385578155518,"Unknown"
"5020566",378623,2026-04-30 20:49:43,28.7908115386963,-17.738561630249,"Unknown"
"5020566",378623,2026-04-30 20:50:44,28.790843963623,-17.738561630249,"Unknown"
"5020566",378623,2026-04-30 20:51:43,28.7908916473389,-17.7385692596436,"Unknown"
"5020566",378623,2026-04-30 20:52:43,28.7909259796143,-17.738525390625,"Unknown"
"5020566",378623,2026-04-30 20:53:43,28.7909469604492,-17.7384757995605,"Unknown"
"5020566",378623,2026-04-30 20:54:43,28.7909812927246,-17.7384452819824,"Unknown"
"5020566",378623,2026-04-30 20:55:44,28.7910022735596,-17.7384338378906,"Unknown"
"5020566",378623,2026-04-30 20:56:43,28.7910423278809,-17.738410949707,"Unknown"
"5020566",378623,2026-04-30 20:57:43,28.7910499572754,-17.7383899688721,"Unknown"
"5020566",378623,2026-04-30 20:58:43,28.7910442352295,-17.7383460998535,"Unknown"
"5020566",378623,2026-04-30 20:59:44,28.791088104248,-17.7383136749268,"Unknown"
"5020566",378623,2026-04-30 21:00:44,28.791109085083,-17.7383518218994,"Unknown"
"5020566",378623,2026-04-30 21:01:44,28.7911567687988,-17.7383670806885,"Unknown"
"5020566",378623,2026-04-30 21:02:44,28.791187286377,-17.738374710083,"Unknown"
"5020566",378623,2026-04-30 21:03:44,28.7912292480469,-17.7383651733398,"Unknown"
"5020566",378623,2026-04-30 21:04:44,28.791296005249,-17.7383785247803,"Unknown"
"5020566",378623,2026-04-30 21:05:44,28.7913017272949,-17.7383708953857,"Unknown"
"5020566",378623,2026-04-30 21:06:44,28.7897720336914,-17.7389049530029,"Unknown"
"5020566",378623,2026-04-30 21:07:44,28.7850551605225,-17.7394733428955,"Unknown"
"5020566",378623,2026-04-30 21:08:43,28.7817459106445,-17.7374267578125,"Unknown"
"5020566",378623,2026-04-30 21:09:44,28.781795501709,-17.7374153137207,"Unknown"
"5020566",378623,2026-04-30 21:10:43,28.7818546295166,-17.7373752593994,"Unknown"
"5020566",378623,2026-04-30 21:11:43,28.7819423675537,-17.7373332977295,"Unknown"
"5020566",378623,2026-04-30 21:12:43,28.7820339202881,-17.7372817993164,"Unknown"
"5020566",378623,2026-04-30 21:13:43,28.7821369171143,-17.7372798919678,"Unknown"
"5020566",378623,2026-04-30 21:14:44,28.7822151184082,-17.7372455596924,"Unknown"
"5020566",378623,2026-04-30 21:15:43,28.7823448181152,-17.7372531890869,"Unknown"
"5020566",378623,2026-04-30 21:16:43,28.7824459075928,-17.7372398376465,"Unknown"
"5020566",378623,2026-04-30 21:17:43,28.7825050354004,-17.7372016906738,"Unknown"
"5020566",378623,2026-04-30 21:18:43,28.7826156616211,-17.7371730804443,"Unknown"
"5020566",378623,2026-04-30 21:19:44,28.7827243804932,-17.7371406555176,"Unknown"
"5020566",378623,2026-04-30 21:20:44,28.7828559875488,-17.7370948791504,"Unknown"
"5020566",378623,2026-04-30 21:21:43,28.7829818725586,-17.7370471954346,"Unknown"
"5020566",378623,2026-04-30 21:22:43,28.7831134796143,-17.7370147705078,"Unknown"
"5020566",378623,2026-04-30 21:23:43,28.7832469940186,-17.7370014190674,"Unknown"
"5020566",378623,2026-04-30 21:24:43,28.7833728790283,-17.7369747161865,"Unknown"
"5020566",378623,2026-04-30 21:25:43,28.7834854125977,-17.7369422912598,"Unknown"
"5020566",378623,2026-04-30 21:26:43,28.7835998535156,-17.7369003295898,"Unknown"
"5020566",378623,2026-04-30 21:27:43,28.7837219238281,-17.7368831634521,"Unknown"
"5020566",378623,2026-04-30 21:28:43,28.7838745117188,-17.7368793487549,"Unknown"
"5020566",378623,2026-04-30 21:29:43,28.7839946746826,-17.7368469238281,"Unknown"
"5020566",378623,2026-04-30 21:30:44,28.7841014862061,-17.7368412017822,"Unknown"
"5020566",378623,2026-04-30 21:31:44,28.784200668335,-17.7368087768555,"Unknown"
"5020566",378623,2026-04-30 21:32:43,28.7842350006104,-17.7367820739746,"Unknown"
"5020566",378623,2026-04-30 21:33:43,28.7842540740967,-17.7367610931396,"Unknown"
"5020566",378623,2026-04-30 21:34:43,28.784236907959,-17.7367649078369,"Unknown"
"5020566",378623,2026-04-30 21:35:43,28.784294128418,-17.7367248535156,"Unknown"
"5020566",378623,2026-04-30 21:36:43,28.784366607666,-17.7366905212402,"Unknown"
"5020566",378623,2026-04-30 21:37:43,28.7844276428223,-17.7366352081299,"Unknown"
"5020566",378623,2026-04-30 21:38:44,28.7845096588135,-17.7365837097168,"Unknown"
"5020566",378623,2026-04-30 21:39:43,28.7846527099609,-17.7366390228271,"Unknown"
"5020566",378623,2026-04-30 21:40:43,28.7847270965576,-17.7366275787354,"Unknown"
"5020566",378623,2026-04-30 21:41:43,28.7848472595215,-17.7366275787354,"Unknown"
"5020566",378623,2026-04-30 21:42:43,28.7849502563477,-17.7366275787354,"Unknown"
"5020566",378623,2026-04-30 21:43:44,28.7850360870361,-17.7366523742676,"Unknown"
"5020566",378623,2026-04-30 21:44:44,28.7851104736328,-17.7366142272949,"Unknown"
"5020566",378623,2026-04-30 21:45:43,28.7851696014404,-17.7366008758545,"Unknown"
"5020566",378623,2026-04-30 21:46:44,28.785213470459,-17.7365665435791,"Unknown"
"5020566",378623,2026-04-30 21:47:43,28.7875080108643,-17.7385997772217,"Unknown"
"5020566",378623,2026-04-30 21:48:44,28.7899723052979,-17.7416610717773,"Unknown"
"5020566",378623,2026-04-30 21:49:44,28.7884941101074,-17.7428760528564,"Unknown"
"5020566",378623,2026-04-30 21:50:43,28.7885150909424,-17.7428722381592,"Unknown"
"5020566",378623,2026-04-30 21:51:44,28.7885322570801,-17.742826461792,"Unknown"
"5020566",378623,2026-04-30 21:52:44,28.7885837554932,-17.7428226470947,"Unknown"
"5020566",378623,2026-04-30 21:53:44,28.7886447906494,-17.7427864074707,"Unknown"
"5020566",378623,2026-04-30 21:54:44,28.7887439727783,-17.7427845001221,"Unknown"
"5020566",378623,2026-04-30 21:55:45,28.7887725830078,-17.7427406311035,"Unknown"
"5020566",378623,2026-04-30 21:56:43,28.7888164520264,-17.7427177429199,"Unknown"
"5020566",378623,2026-04-30 21:57:44,28.7888774871826,-17.7427253723145,"Unknown"
"5020566",378623,2026-04-30 21:58:44,28.7889385223389,-17.7426891326904,"Unknown"
"5020566",378623,2026-04-30 21:59:44,28.7889919281006,-17.7426986694336,"Unknown"
"5020566",378623,2026-04-30 22:00:44,28.7890548706055,-17.7426414489746,"Unknown"
"5020566",378623,2026-04-30 22:01:44,28.7890872955322,-17.7426280975342,"Unknown"
"5020566",378623,2026-04-30 22:02:48,28.7891426086426,-17.7425918579102,"Unknown"
"5020566",378623,2026-04-30 22:03:44,28.7892055511475,-17.7425937652588,"Unknown"
"5020566",378623,2026-04-30 22:04:45,28.7892227172852,-17.7425384521484,"Unknown"
"5020566",378623,2026-04-30 22:05:44,28.7892932891846,-17.7425193786621,"Unknown"
"5020566",378623,2026-04-30 22:06:46,28.7893218994141,-17.7424869537354,"Unknown"
"5020566",378623,2026-04-30 22:07:44,28.7893581390381,-17.7424736022949,"Unknown"
"5020566",378623,2026-04-30 22:08:44,28.7893905639648,-17.7424430847168,"Unknown"
"5020566",378623,2026-04-30 22:09:52,28.7894229888916,-17.7424049377441,"Unknown"
"5020566",378623,2026-04-30 22:10:48,28.7894725799561,-17.7424011230469,"Unknown"
"5020566",378623,2026-04-30 22:11:47,28.7895469665527,-17.7423820495605,"Unknown"
"5020566",378623,2026-04-30 22:12:46,28.7895832061768,-17.7423820495605,"Unknown"
"5020566",378623,2026-04-30 22:13:51,28.7896499633789,-17.7423553466797,"Unknown"
"5020566",378623,2026-04-30 22:14:46,28.7896957397461,-17.742359161377,"Unknown"
"5020566",378623,2026-04-30 22:15:44,28.7897357940674,-17.7423095703125,"Unknown"
"5020566",378623,2026-04-30 22:17:03,28.7897720336914,-17.7422332763672,"Unknown"
"5020566",378623,2026-04-30 22:17:44,28.7897968292236,-17.7422294616699,"Unknown"
"5020566",378623,2026-04-30 22:18:44,28.7898254394531,-17.7422218322754,"Unknown"
"5020566",378623,2026-04-30 22:19:44,28.7898273468018,-17.7421741485596,"Unknown"
"5020566",378623,2026-04-30 22:20:44,28.7898864746094,-17.7421722412109,"Unknown"
"5020566",378623,2026-04-30 22:21:44,28.7899360656738,-17.7421569824219,"Unknown"
"5020566",378623,2026-04-30 22:22:44,28.7900047302246,-17.7421073913574,"Unknown"
"5020566",378623,2026-04-30 22:23:44,28.7900562286377,-17.742094039917,"Unknown"
"5020566",378623,2026-04-30 22:24:44,28.7901153564453,-17.7420902252197,"Unknown"
"5020566",378623,2026-04-30 22:25:44,28.790153503418,-17.7420825958252,"Unknown"
"5020566",378623,2026-04-30 22:26:44,28.7902183532715,-17.7420768737793,"Unknown"
"5020566",378623,2026-04-30 22:27:44,28.7902679443359,-17.7420845031738,"Unknown"
"5020566",378623,2026-04-30 22:28:44,28.7903099060059,-17.7421283721924,"Unknown"
"5020566",378623,2026-04-30 22:29:44,28.7903518676758,-17.7421340942383,"Unknown"
"5020566",378623,2026-04-30 22:30:44,28.7903861999512,-17.7421989440918,"Unknown"
"5020566",378623,2026-04-30 22:31:44,28.7904510498047,-17.7422313690186,"Unknown"
"5020566",378623,2026-04-30 22:32:44,28.7904891967773,-17.7422542572021,"Unknown"
"5020566",378623,2026-04-30 22:33:43,28.7905254364014,-17.7422676086426,"Unknown"
"5020566",378623,2026-04-30 22:34:44,28.7905864715576,-17.7423248291016,"Unknown"
"5020566",378623,2026-04-30 22:35:44,28.7906627655029,-17.7423782348633,"Unknown"
"5020566",378623,2026-04-30 22:36:44,28.7907276153564,-17.7423820495605,"Unknown"
"5020566",378623,2026-04-30 22:37:43,28.7907524108887,-17.7423858642578,"Unknown"
"5020566",378623,2026-04-30 22:38:44,28.7908096313477,-17.7423686981201,"Unknown"
"5020566",378623,2026-04-30 22:39:44,28.790843963623,-17.7423419952393,"Unknown"
"5020566",378623,2026-04-30 22:40:44,28.7908897399902,-17.7422885894775,"Unknown"
"5020566",378623,2026-04-30 22:41:44,28.7908973693848,-17.7422637939453,"Unknown"
"5020566",378623,2026-04-30 22:42:44,28.791051864624,-17.742301940918,"Unknown"
"5020566",378623,2026-04-30 22:43:43,28.791130065918,-17.7423000335693,"Unknown"
"5020566",378623,2026-04-30 22:44:44,28.7911796569824,-17.7423801422119,"Unknown"
"5020566",378623,2026-04-30 22:45:44,28.7912769317627,-17.7423896789551,"Unknown"
"5020566",378623,2026-04-30 22:46:45,28.7913417816162,-17.7423553466797,"Unknown"
"5020566",378623,2026-04-30 22:47:44,28.7913780212402,-17.7423706054688,"Unknown"
"5020566",378623,2026-04-30 22:48:44,28.7914543151855,-17.7423858642578,"Unknown"
"5020566",378623,2026-04-30 22:49:44,28.7915191650391,-17.7424049377441,"Unknown"
"5020566",378623,2026-04-30 22:50:44,28.7915554046631,-17.7424049377441,"Unknown"
"5020566",378623,2026-04-30 22:51:46,28.7916049957275,-17.7424068450928,"Unknown"
"5020566",378623,2026-04-30 22:52:44,28.7916584014893,-17.7424125671387,"Unknown"
"5020566",378623,2026-04-30 22:53:43,28.7917137145996,-17.7423839569092,"Unknown"
"5020566",378623,2026-04-30 22:54:44,28.7917938232422,-17.7424125671387,"Unknown"
"5020566",378623,2026-04-30 22:55:45,28.791877746582,-17.7424011230469,"Unknown"
"5020566",378623,2026-04-30 22:56:44,28.7918815612793,-17.7424335479736,"Unknown"
"5020566",378623,2026-04-30 22:57:44,28.7919521331787,-17.7424468994141,"Unknown"
"5020566",378623,2026-04-30 22:58:47,28.7919902801514,-17.7424221038818,"Unknown"
"5020566",378623,2026-04-30 22:59:44,28.7920379638672,-17.7424297332764,"Unknown"
"5020566",378623,2026-04-30 23:00:45,28.7921257019043,-17.7424488067627,"Unknown"
"5020566",378623,2026-04-30 23:01:45,28.7921504974365,-17.7424449920654,"Unknown"
"5020566",378623,2026-04-30 23:02:44,28.7922134399414,-17.7424392700195,"Unknown"
"5020566",378623,2026-04-30 23:03:45,28.7922496795654,-17.7424278259277,"Unknown"
"5020566",378623,2026-04-30 23:04:44,28.7922763824463,-17.7424125671387,"Unknown"
"5020566",378623,2026-04-30 23:05:44,28.7923278808594,-17.7424068450928,"Unknown"
"5020566",378623,2026-04-30 23:06:44,28.7923603057861,-17.7423992156982,"Unknown"
"5020566",378623,2026-04-30 23:07:46,28.7924194335938,-17.742374420166,"Unknown"
"5020566",378623,2026-04-30 23:08:48,28.7924613952637,-17.7423400878906,"Unknown"
"5020566",378623,2026-04-30 23:09:46,28.7924919128418,-17.7423362731934,"Unknown"
"5020566",378623,2026-04-30 23:10:44,28.792537689209,-17.7423114776611,"Unknown"
"5020566",378623,2026-04-30 23:11:51,28.792573928833,-17.7422428131104,"Unknown"
"5020566",378623,2026-04-30 23:12:44,28.7925987243652,-17.7422332763672,"Unknown"
"5020566",378623,2026-04-30 23:13:49,28.7926750183105,-17.7421588897705,"Unknown"
"5020566",378623,2026-04-30 23:14:48,28.7926959991455,-17.7421169281006,"Unknown"
"5020566",378623,2026-04-30 23:15:50,28.7927265167236,-17.7420616149902,"Unknown"
"5020566",378623,2026-04-30 23:16:46,28.7927780151367,-17.7419948577881,"Unknown"
"5020566",378623,2026-04-30 23:17:47,28.7928256988525,-17.7419624328613,"Unknown"
"5020566",378623,2026-04-30 23:19:03,28.7928981781006,-17.7419147491455,"Unknown"
"5020566",378623,2026-04-30 23:19:43,28.7929363250732,-17.7419052124023,"Unknown"
"5020566",378623,2026-04-30 23:20:44,28.7929534912109,-17.7418689727783,"Unknown"
"5020566",378623,2026-04-30 23:21:44,28.7930126190186,-17.7418766021729,"Unknown"
"5020566",378623,2026-04-30 23:22:46,28.7930850982666,-17.7419033050537,"Unknown"
"5020566",378623,2026-04-30 23:23:47,28.7931499481201,-17.7419052124023,"Unknown"
"5020566",378623,2026-04-30 23:24:46,28.7932262420654,-17.7418918609619,"Unknown"
"5020566",378623,2026-04-30 23:25:47,28.7932949066162,-17.7418575286865,"Unknown"
"5020566",378623,2026-04-30 23:26:47,28.7933502197266,-17.7418155670166,"Unknown"
"5020566",378623,2026-04-30 23:27:46,28.7933826446533,-17.7417640686035,"Unknown"
"5020566",378623,2026-04-30 23:28:46,28.7934379577637,-17.7417602539062,"Unknown"
"5020566",378623,2026-04-30 23:29:46,28.7935218811035,-17.7417030334473,"Unknown"
"5020566",378623,2026-04-30 23:30:47,28.7935829162598,-17.7416763305664,"Unknown"
"5020566",378623,2026-04-30 23:31:46,28.793628692627,-17.7416133880615,"Unknown"
"5020566",378623,2026-04-30 23:32:46,28.7936763763428,-17.7415790557861,"Unknown"
"5020566",378623,2026-04-30 23:33:47,28.7937183380127,-17.7415409088135,"Unknown"
"5020566",378623,2026-04-30 23:34:46,28.7937679290771,-17.7415161132812,"Unknown"
"5020566",378623,2026-04-30 23:35:46,28.7938060760498,-17.7414836883545,"Unknown"
"5020566",378623,2026-04-30 23:36:46,28.7938423156738,-17.7413921356201,"Unknown"
"5020566",378623,2026-04-30 23:37:47,28.7938461303711,-17.7413291931152,"Unknown"
"5020566",378623,2026-04-30 23:38:46,28.793872833252,-17.7412624359131,"Unknown"
"5020566",378623,2026-04-30 23:39:47,28.7938938140869,-17.7412128448486,"Unknown"
"5020566",378623,2026-04-30 23:40:47,28.7939472198486,-17.7411556243896,"Unknown"
"5020566",378623,2026-04-30 23:41:46,28.7939491271973,-17.7411136627197,"Unknown"
"5020566",378623,2026-04-30 23:42:47,28.7939510345459,-17.7411270141602,"Unknown"
"5020566",378623,2026-04-30 23:43:47,28.7939739227295,-17.7411155700684,"Unknown"
"5020566",378623,2026-04-30 23:44:47,28.7940101623535,-17.7410984039307,"Unknown"
"5020566",378623,2026-04-30 23:45:47,28.794038772583,-17.7410888671875,"Unknown"
"5020566",378623,2026-04-30 23:46:47,28.7940845489502,-17.741081237793,"Unknown"
"5020566",378623,2026-04-30 23:47:47,28.7941303253174,-17.7410583496094,"Unknown"
"5020566",378623,2026-04-30 23:48:47,28.79416847229,-17.741060256958,"Unknown"
"5020566",378623,2026-04-30 23:49:47,28.7942218780518,-17.7410564422607,"Unknown"
"5020566",378623,2026-04-30 23:50:47,28.7943077087402,-17.7410564422607,"Unknown"
"5020566",378623,2026-04-30 23:51:47,28.794361114502,-17.741039276123,"Unknown"
"5020566",378623,2026-04-30 23:52:47,28.7944068908691,-17.741039276123,"Unknown"
"5020566",378623,2026-04-30 23:53:46,28.7944736480713,-17.7410335540771,"Unknown"
"5020566",378623,2026-04-30 23:54:46,28.7945194244385,-17.741060256958,"Unknown"
"5020566",378623,2026-04-30 23:55:46,28.7945671081543,-17.7410678863525,"Unknown"
"5020566",378623,2026-04-30 23:56:47,28.7945823669434,-17.7410640716553,"Unknown"
"5020566",378623,2026-04-30 23:57:46,28.7945823669434,-17.7410984039307,"Unknown"
"5020566",378623,2026-04-30 23:58:46,28.7946243286133,-17.7401161193848,"Unknown"
"5020566",378623,2026-04-30 23:59:47,28.7947521209717,-17.740686416626,"Unknown"
"5020566",378623,2026-05-01 00:00:47,28.7947330474854,-17.7406845092773,"Unknown"
"5020566",378623,2026-05-01 00:01:47,28.794750213623,-17.7406539916992,"Unknown"
"5020566",378623,2026-05-01 00:02:47,28.7947769165039,-17.7406330108643,"Unknown"
"5020566",378623,2026-05-01 00:03:47,28.7947673797607,-17.7406425476074,"Unknown"
"5020566",378623,2026-05-01 00:04:47,28.7947845458984,-17.740665435791,"Unknown"
"5020566",378623,2026-05-01 00:05:47,28.7947883605957,-17.7406558990479,"Unknown"
"5020566",378623,2026-05-01 00:06:47,28.7948017120361,-17.7406253814697,"Unknown"
"5020566",378623,2026-05-01 00:07:47,28.7948226928711,-17.7406215667725,"Unknown"
"5020566",378623,2026-05-01 00:08:47,28.7948436737061,-17.7406234741211,"Unknown"
"5020566",378623,2026-05-01 00:09:46,28.7948665618896,-17.7406387329102,"Unknown"
"5020566",378623,2026-05-01 00:10:47,28.7948894500732,-17.740665435791,"Unknown"
"5020566",378623,2026-05-01 00:11:46,28.7949371337891,-17.7407131195068,"Unknown"
"5020566",378623,2026-05-01 00:12:47,28.7949542999268,-17.7407493591309,"Unknown"
"5020566",378623,2026-05-01 00:13:47,28.7949619293213,-17.7407512664795,"Unknown"
"5020566",378623,2026-05-01 00:14:47,28.7950000762939,-17.7407836914062,"Unknown"
"5020566",378623,2026-05-01 00:15:47,28.7950382232666,-17.7407779693604,"Unknown"
"5020566",378623,2026-05-01 00:16:47,28.795051574707,-17.7408256530762,"Unknown"
"5020566",378623,2026-05-01 00:17:47,28.7950477600098,-17.7408237457275,"Unknown"
"5020566",378623,2026-05-01 00:18:47,28.7950611114502,-17.740837097168,"Unknown"
"5020566",378623,2026-05-01 00:19:47,28.795108795166,-17.7408409118652,"Unknown"
"5020566",378623,2026-05-01 00:20:47,28.7951126098633,-17.7408409118652,"Unknown"
"5020566",378623,2026-05-01 00:21:47,28.7951622009277,-17.7408428192139,"Unknown"
"5020566",378623,2026-05-01 00:22:47,28.79518699646,-17.7408638000488,"Unknown"
"5020566",378623,2026-05-01 00:23:49,28.7952194213867,-17.7408676147461,"Unknown"
"5020566",378623,2026-05-01 00:24:46,28.7952518463135,-17.7408390045166,"Unknown"
"5020566",378623,2026-05-01 00:25:47,28.795280456543,-17.740837097168,"Unknown"
"5020566",378623,2026-05-01 00:26:47,28.7953147888184,-17.7408714294434,"Unknown"
"5020566",378623,2026-05-01 00:27:47,28.795352935791,-17.7408504486084,"Unknown"
"5020566",378623,2026-05-01 00:28:46,28.795373916626,-17.7408409118652,"Unknown"
"5020566",378623,2026-05-01 00:29:47,28.7953853607178,-17.7408332824707,"Unknown"
"5020566",378623,2026-05-01 00:30:47,28.7953987121582,-17.7407817840576,"Unknown"
"5020566",378623,2026-05-01 00:31:46,28.7954120635986,-17.7407627105713,"Unknown"
"5020566",378623,2026-05-01 00:32:46,28.7954158782959,-17.7407150268555,"Unknown"
"5020566",378623,2026-05-01 00:33:47,28.7954330444336,-17.7407054901123,"Unknown"
"5020566",378623,2026-05-01 00:34:47,28.795446395874,-17.7406597137451,"Unknown"
"5020566",378623,2026-05-01 00:35:47,28.7954883575439,-17.7406387329102,"Unknown"
"5020566",378623,2026-05-01 00:36:47,28.7955303192139,-17.7405910491943,"Unknown"
"5020566",378623,2026-05-01 00:37:47,28.7955570220947,-17.7405681610107,"Unknown"
"5020566",378623,2026-05-01 00:38:47,28.7956161499023,-17.7405567169189,"Unknown"
"5020566",378623,2026-05-01 00:39:47,28.7956790924072,-17.7405700683594,"Unknown"
"5020566",378623,2026-05-01 00:40:49,28.7957801818848,-17.740550994873,"Unknown"
"5020566",378623,2026-05-01 00:41:47,28.7958431243896,-17.7406425476074,"Unknown"
"5020566",378623,2026-05-01 00:42:50,28.7959365844727,-17.7406558990479,"Unknown"
"5020566",378623,2026-05-01 00:43:47,28.7959613800049,-17.7406425476074,"Unknown"
"5020566",378623,2026-05-01 00:44:47,28.7960548400879,-17.7406024932861,"Unknown"
"5020566",378623,2026-05-01 00:45:49,28.7961921691895,-17.7405948638916,"Unknown"
"5020566",378623,2026-05-01 00:46:48,28.7962818145752,-17.7405853271484,"Unknown"
"5020566",378623,2026-05-01 00:47:47,28.7963275909424,-17.7406406402588,"Unknown"
"5020566",378623,2026-05-01 00:48:47,28.7963886260986,-17.7406005859375,"Unknown"
"5020566",378623,2026-05-01 00:49:47,28.7963485717773,-17.740629196167,"Unknown"
"5020566",378623,2026-05-01 00:50:47,28.7963390350342,-17.7405605316162,"Unknown"
"5020566",378623,2026-05-01 00:51:47,28.7963371276855,-17.7404499053955,"Unknown"
"5020566",378623,2026-05-01 00:52:47,28.7962799072266,-17.7404041290283,"Unknown"
"5020566",378623,2026-05-01 00:53:47,28.7962760925293,-17.7403659820557,"Unknown"
"5020566",378623,2026-05-01 00:54:47,28.7962665557861,-17.7403373718262,"Unknown"
"5020566",378623,2026-05-01 00:55:47,28.7962665557861,-17.740255355835,"Unknown"
"5020566",378623,2026-05-01 00:56:47,28.7962055206299,-17.7401218414307,"Unknown"
"5020566",378623,2026-05-01 00:57:47,28.796178817749,-17.739990234375,"Unknown"
"5020566",378623,2026-05-01 00:58:48,28.7961616516113,-17.7398586273193,"Unknown"
"5020566",378623,2026-05-01 00:59:47,28.7961387634277,-17.7397689819336,"Unknown"
"5020566",378623,2026-05-01 01:00:48,28.7961025238037,-17.7396564483643,"Unknown"
"5020566",378623,2026-05-01 01:01:46,28.7960643768311,-17.7395420074463,"Unknown"
"5020566",378623,2026-05-01 01:02:47,28.796049118042,-17.7394523620605,"Unknown"
"5020566",378623,2026-05-01 01:03:47,28.7960224151611,-17.7393455505371,"Unknown"
"5020566",378623,2026-05-01 01:04:48,28.7960567474365,-17.7392253875732,"Unknown"
"5020566",378623,2026-05-01 01:05:49,28.7960205078125,-17.7391166687012,"Unknown"
"5020566",378623,2026-05-01 01:06:47,28.7960090637207,-17.7389736175537,"Unknown"
"5020566",378623,2026-05-01 01:07:48,28.7960033416748,-17.7388343811035,"Unknown"
"5020566",378623,2026-05-01 01:08:47,28.7959671020508,-17.7387294769287,"Unknown"
"5020566",378623,2026-05-01 01:09:49,28.795919418335,-17.7386627197266,"Unknown"
"5020566",378623,2026-05-01 01:10:47,28.7959270477295,-17.7386417388916,"Unknown"
"5020566",378623,2026-05-01 01:11:47,28.7958717346191,-17.7385845184326,"Unknown"
"5020566",378623,2026-05-01 01:12:49,28.7958354949951,-17.7385387420654,"Unknown"
"5020566",378623,2026-05-01 01:13:48,28.7958202362061,-17.7384796142578,"Unknown"
"5020566",378623,2026-05-01 01:14:47,28.7958068847656,-17.7384757995605,"Unknown"
"5020566",378623,2026-05-01 01:15:48,28.7958164215088,-17.7384548187256,"Unknown"
"5020566",378623,2026-05-01 01:16:48,28.795768737793,-17.7384223937988,"Unknown"
"5020566",378623,2026-05-01 01:17:48,28.795768737793,-17.738431930542,"Unknown"
"5020566",378623,2026-05-01 01:18:51,28.7957515716553,-17.7384357452393,"Unknown"
"5020566",378623,2026-05-01 01:19:49,28.7957954406738,-17.7384185791016,"Unknown"
"5020566",378623,2026-05-01 01:20:48,28.7957916259766,-17.7384281158447,"Unknown"
"5020566",378623,2026-05-01 01:21:47,28.7958126068115,-17.7384281158447,"Unknown"
"5020566",378623,2026-05-01 01:22:47,28.7958126068115,-17.7384357452393,"Unknown"
"5020566",378623,2026-05-01 01:24:08,28.7958164215088,-17.7384948730469,"Unknown"
"5020566",378623,2026-05-01 01:24:48,28.795825958252,-17.7385349273682,"Unknown"
"5020566",378623,2026-05-01 01:25:49,28.7958488464355,-17.7385482788086,"Unknown"
"5020566",378623,2026-05-01 01:26:56,28.7958736419678,-17.7385749816895,"Unknown"
"5020566",378623,2026-05-01 01:27:48,28.7958946228027,-17.7385292053223,"Unknown"
"5020566",378623,2026-05-01 01:29:15,28.7958602905273,-17.7384357452393,"Unknown"
"5020566",378623,2026-05-01 01:29:46,28.7959156036377,-17.7383575439453,"Unknown"
"5020566",378623,2026-05-01 01:30:46,28.7959060668945,-17.7383499145508,"Unknown"
"5020566",378623,2026-05-01 01:31:46,28.7959251403809,-17.7383899688721,"Unknown"
"5020566",378623,2026-05-01 01:32:46,28.7959232330322,-17.7383518218994,"Unknown"
"5020566",378623,2026-05-01 01:33:46,28.7959175109863,-17.7383117675781,"Unknown"
"5020566",378623,2026-05-01 01:34:46,28.7959156036377,-17.7383766174316,"Unknown"
"5020566",378623,2026-05-01 01:35:47,28.795934677124,-17.7382926940918,"Unknown"
"5020566",378623,2026-05-01 01:36:46,28.7959060668945,-17.738245010376,"Unknown"
"5020566",378623,2026-05-01 01:37:46,28.7958602905273,-17.7382526397705,"Unknown"
"5020566",378623,2026-05-01 01:38:46,28.7958965301514,-17.7383117675781,"Unknown"
"5020566",378623,2026-05-01 01:39:46,28.7959442138672,-17.7383689880371,"Unknown"
"5020566",378623,2026-05-01 01:40:46,28.7960453033447,-17.7384567260742,"Unknown"
"5020566",378623,2026-05-01 01:41:46,28.7957324981689,-17.7398548126221,"Unknown"
"5020566",378623,2026-05-01 01:42:46,28.7910633087158,-17.7391147613525,"Unknown"
"5020566",378623,2026-05-01 01:43:46,28.7890434265137,-17.7386360168457,"Unknown"
"5020566",378623,2026-05-01 01:44:47,28.7890872955322,-17.7386589050293,"Unknown"
"5020566",378623,2026-05-01 01:45:46,28.7869720458984,-17.7393035888672,"Unknown"
"5020566",378623,2026-05-01 01:46:46,28.7814521789551,-17.7388572692871,"Unknown"
"5020566",378623,2026-05-01 01:47:48,28.7757968902588,-17.7356662750244,"Unknown"
"5020566",378623,2026-05-01 01:48:47,28.7705497741699,-17.7315521240234,"Unknown"
"5020566",378623,2026-05-01 01:49:46,28.7650356292725,-17.7276191711426,"Unknown"
"5020566",378623,2026-05-01 01:50:47,28.7587699890137,-17.7242755889893,"Unknown"
"5020566",378623,2026-05-01 01:51:46,28.7521514892578,-17.7207813262939,"Unknown"
"5020566",378623,2026-05-01 01:56:46,28.7172451019287,-17.7250881195068,"Unknown"
"5020566",378623,2026-05-01 02:01:49,28.6919288635254,-17.7443599700928,"Unknown"
"5020566",378623,2026-05-01 02:02:46,28.6916046142578,-17.7431221008301,"Unknown"
"5020566",378623,2026-05-01 02:03:46,28.6915836334229,-17.7419166564941,"Unknown"
"5020566",378623,2026-05-01 02:04:46,28.6888694763184,-17.7410621643066,"Unknown"
"5020566",378623,2026-05-01 02:05:50,28.6936683654785,-17.7388114929199,"Unknown"
"5020566",378623,2026-05-01 02:06:47,28.6947441101074,-17.7370948791504,"Unknown"
"5020566",378623,2026-05-01 02:07:46,28.6899433135986,-17.7415065765381,"Unknown"
"5020566",378623,2026-05-01 02:08:52,28.6846141815186,-17.7414474487305,"Unknown"
"5020566",378623,2026-05-01 02:09:46,28.6850681304932,-17.7401828765869,"Unknown"
"5020566",378623,2026-05-01 02:10:47,28.6852703094482,-17.7398910522461,"Unknown"
"5020566",378623,2026-05-01 02:11:46,28.6858882904053,-17.7385349273682,"Unknown"
"5020566",378623,2026-05-01 02:12:47,28.6868762969971,-17.7363147735596,"Unknown"
"5020566",378623,2026-05-01 02:13:46,28.691032409668,-17.7361068725586,"Unknown"
"5020566",378623,2026-05-01 02:14:47,28.6955375671387,-17.7317733764648,"Unknown"
"5020566",378623,2026-05-01 02:15:47,28.6960048675537,-17.7316360473633,"Unknown"
"5020566",378623,2026-05-01 02:16:47,28.6967945098877,-17.7306022644043,"Unknown"
"5020566",378623,2026-05-01 02:17:48,28.6988086700439,-17.731273651123,"Unknown"
"5020566",378623,2026-05-01 02:18:47,28.6963233947754,-17.7317161560059,"Unknown"
"5020566",378623,2026-05-01 02:19:47,28.6933250427246,-17.7386608123779,"Unknown"
"5020566",378623,2026-05-01 02:20:46,28.6971588134766,-17.740442276001,"Unknown"
"5020566",378623,2026-05-01 02:21:46,28.6969985961914,-17.7437114715576,"Unknown"
"5020566",378623,2026-05-01 02:22:47,28.6964893341064,-17.7439823150635,"Unknown"
"5020566",378623,2026-05-01 02:32:47,28.6972942352295,-17.7408390045166,"Unknown"
"5020566",378623,2026-05-01 02:33:55,28.7001857757568,-17.7356586456299,"Unknown"
"5020566",378623,2026-05-01 02:34:46,28.6989459991455,-17.7477912902832,"Unknown"
"5020566",378623,2026-05-01 02:44:47,28.6839294433594,-17.7496433258057,"Unknown"
"5020566",378623,2026-05-01 02:45:47,28.6891803741455,-17.7514762878418,"Unknown"
"5020566",378623,2026-05-01 02:55:47,28.6959495544434,-17.7611198425293,"Unknown"
"5020566",378623,2026-05-01 02:56:49,28.6910667419434,-17.765344619751,"Unknown"
"5020566",378623,2026-05-01 03:06:49,28.6834526062012,-17.7763576507568,"Unknown"
"5020566",378623,2026-05-01 03:07:47,28.6860942840576,-17.7798080444336,"Unknown"
"5020566",378623,2026-05-01 03:19:05,28.7074241638184,-17.8142414093018,"Unknown"
"5020566",378623,2026-05-01 06:08:27,28.6937103271484,-17.722110748291,"Unknown"
"5020566",378623,2026-05-01 06:17:46,28.6934967041016,-17.7212905883789,"Unknown"
"5020566",378623,2026-05-01 06:27:47,28.6932964324951,-17.720064163208,"Unknown"
"5020566",378623,2026-05-01 06:37:46,28.693187713623,-17.7192440032959,"Unknown"
"5020566",378623,2026-05-01 06:47:47,28.6928977966309,-17.7186393737793,"Unknown"
"5020566",378623,2026-05-01 06:57:46,28.6935997009277,-17.7172336578369,"Unknown"
"5020566",378623,2026-05-01 07:07:46,28.7278709411621,-17.691463470459,"Unknown"
"5020566",378623,2026-05-01 07:17:46,28.7281684875488,-17.6907253265381,"Unknown"
"5020566",378623,2026-05-01 07:27:46,28.7284317016602,-17.6901321411133,"Unknown"
"5020566",378623,2026-05-01 07:37:47,28.7285194396973,-17.6897621154785,"Unknown"
"5020566",378623,2026-05-01 07:47:47,28.7290496826172,-17.6897792816162,"Unknown"
"5020566",378623,2026-05-01 07:57:49,28.7469482421875,-17.6872653961182,"Unknown"
"5020566",378623,2026-05-01 08:08:17,28.7542209625244,-17.6868438720703,"Unknown"
"5020566",378623,2026-05-01 08:17:46,28.7551136016846,-17.6874732971191,"Unknown"
"5020566",378623,2026-05-01 08:27:47,28.7749996185303,-17.6885108947754,"Unknown"
"5020566",378623,2026-05-01 08:37:47,28.7754211425781,-17.6796550750732,"Unknown"
"5020566",378623,2026-05-01 08:47:49,28.7746925354004,-17.6721897125244,"Unknown"
"5020566",378623,2026-05-01 08:57:47,28.7736492156982,-17.6693801879883,"Unknown"
"5020566",378623,2026-05-01 09:07:47,28.7720603942871,-17.664083480835,"Unknown"
"5020566",378623,2026-05-01 09:17:47,28.7648143768311,-17.6674652099609,"Unknown"
"5020566",378623,2026-05-01 09:22:50,28.7613544464111,-17.6660346984863,"Unknown"
"5020566",378623,2026-05-01 09:27:48,28.7598171234131,-17.6629161834717,"Unknown"
"5020566",378623,2026-05-01 09:32:49,28.7646007537842,-17.6759796142578,"Unknown"
"5020566",378623,2026-05-01 09:37:46,28.765438079834,-17.6764621734619,"Unknown"
"5020566",378623,2026-05-01 09:42:49,28.7662658691406,-17.6767139434814,"Unknown"
"5020566",378623,2026-05-01 09:47:47,28.7669944763184,-17.6770858764648,"Unknown"
"5020566",378623,2026-05-01 09:52:47,28.7678470611572,-17.6775588989258,"Unknown"
"5020566",378623,2026-05-01 09:57:50,28.7686672210693,-17.6779823303223,"Unknown"
"5020566",378623,2026-05-01 10:03:03,28.7695236206055,-17.6784362792969,"Unknown"
"5020566",378623,2026-05-01 10:07:52,28.7703151702881,-17.6788864135742,"Unknown"
"5020566",378623,2026-05-01 10:12:51,28.7711868286133,-17.6793746948242,"Unknown"
"5020566",378623,2026-05-01 10:17:50,28.7720108032227,-17.6798324584961,"Unknown"
"5020566",378623,2026-05-01 10:22:49,28.7730121612549,-17.6803016662598,"Unknown"
"5020566",378623,2026-05-01 10:27:49,28.7695598602295,-17.6964893341064,"Unknown"
"5020566",378623,2026-05-01 10:32:50,28.7772941589355,-17.7177715301514,"Unknown"
"5020566",378623,2026-05-01 10:37:55,28.7778739929199,-17.7179946899414,"Unknown"
"5020566",378623,2026-05-01 10:42:50,28.7785453796387,-17.7181034088135,"Unknown"
"5020566",378623,2026-05-01 10:47:49,28.7792510986328,-17.7181587219238,"Unknown"
"5020566",378623,2026-05-01 10:52:50,28.7798843383789,-17.7183418273926,"Unknown"
"5020566",378623,2026-05-01 10:58:03,28.7806224822998,-17.7185344696045,"Unknown"
"5020566",378623,2026-05-01 11:02:47,28.7813510894775,-17.7187004089355,"Unknown"
"5020566",378623,2026-05-01 11:07:48,28.7961902618408,-17.7177391052246,"Unknown"
"5020566",378623,2026-05-01 11:12:50,28.7969284057617,-17.718599319458,"Unknown"
"5020566",378623,2026-05-01 11:17:48,28.7976989746094,-17.7192497253418,"Unknown"
"5020566",378623,2026-05-01 11:22:51,28.7983417510986,-17.7203006744385,"Unknown"
"5020566",378623,2026-05-01 11:27:50,28.7989883422852,-17.7209739685059,"Unknown"
"5020566",378623,2026-05-01 11:32:47,28.7996082305908,-17.7215309143066,"Unknown"
"5020566",378623,2026-05-01 11:37:50,28.8003387451172,-17.7221088409424,"Unknown"
"5020566",378623,2026-05-01 11:42:51,28.8010520935059,-17.7226905822754,"Unknown"
"5020566",378623,2026-05-01 11:48:03,28.8018131256104,-17.7231864929199,"Unknown"
"5020566",378623,2026-05-01 11:53:17,28.8026866912842,-17.7236804962158,"Unknown"
"5020566",378623,2026-05-01 11:57:50,28.8034057617188,-17.7242546081543,"Unknown"
"5020566",378623,2026-05-01 12:02:46,28.803503036499,-17.7280979156494,"Unknown"
"5020566",378623,2026-05-01 12:07:49,28.7896595001221,-17.7255744934082,"Unknown"
"5020566",378623,2026-05-01 12:08:46,28.7885456085205,-17.7249546051025,"Unknown"
"5020566",378623,2026-05-01 12:09:47,28.785306930542,-17.7232246398926,"Unknown"
"5020566",378623,2026-05-01 12:14:49,28.7749538421631,-17.7184066772461,"Unknown"
"5020566",378623,2026-05-01 12:19:47,28.7778739929199,-17.7136402130127,"Unknown"
"5020566",378623,2026-05-01 12:24:47,28.7784214019775,-17.7137889862061,"Unknown"
"5020566",378623,2026-05-01 12:29:47,28.7788677215576,-17.7140865325928,"Unknown"
"5020566",378623,2026-05-01 12:34:47,28.7793769836426,-17.7142086029053,"Unknown"
"5020566",378623,2026-05-01 12:39:46,28.7736148834229,-17.7188911437988,"Unknown"
"5020566",378623,2026-05-01 12:44:47,28.7751903533936,-17.7287998199463,"Unknown"
"5020566",378623,2026-05-01 12:49:47,28.7733497619629,-17.7294464111328,"Unknown"
"5020566",378623,2026-05-01 12:50:47,28.773344039917,-17.7294521331787,"Unknown"
"5020566",378623,2026-05-01 12:51:47,28.7732734680176,-17.7294139862061,"Unknown"
"5020566",378623,2026-05-01 12:52:47,28.7706279754639,-17.7255153656006,"Unknown"
"5020566",378623,2026-05-01 12:53:47,28.7699813842773,-17.7242660522461,"Unknown"
"5020566",378623,2026-05-01 12:54:47,28.7700233459473,-17.7242240905762,"Unknown"
"5020566",378623,2026-05-01 12:59:47,28.7701053619385,-17.7240161895752,"Unknown"
"5020566",378623,2026-05-01 13:04:47,28.7684688568115,-17.721061706543,"Unknown"
"5020566",378623,2026-05-01 13:09:47,28.7691440582275,-17.7213077545166,"Unknown"
"5020566",378623,2026-05-01 13:14:47,28.7703723907471,-17.7215385437012,"Unknown"
"5020566",378623,2026-05-01 13:19:49,28.7715015411377,-17.7216548919678,"Unknown"
"5020566",378623,2026-05-01 13:24:49,28.7722549438477,-17.7216014862061,"Unknown"
"5020566",378623,2026-05-01 13:29:50,28.7731342315674,-17.7214736938477,"Unknown"
"5020566",378623,2026-05-01 13:34:47,28.7737293243408,-17.7218704223633,"Unknown"
"5020566",378623,2026-05-01 13:39:50,28.7739944458008,-17.7220401763916,"Unknown"
"5020566",378623,2026-05-01 13:44:49,28.7743015289307,-17.72216796875,"Unknown"
"5020566",378623,2026-05-01 13:49:50,28.7745590209961,-17.7223300933838,"Unknown"
"5020566",378623,2026-05-01 13:54:47,28.774772644043,-17.7225208282471,"Unknown"
"5020566",378623,2026-05-01 14:00:17,28.7750473022461,-17.7226715087891,"Unknown"
"5020566",378623,2026-05-01 14:04:46,28.7752513885498,-17.7227764129639,"Unknown"
"5020566",378623,2026-05-01 14:09:46,28.7756271362305,-17.7227573394775,"Unknown"
"5020566",378623,2026-05-01 14:14:48,28.7823390960693,-17.7167625427246,"Unknown"
"5020566",378623,2026-05-01 14:19:46,28.7845993041992,-17.713773727417,"Unknown"
"5020566",378623,2026-05-01 14:24:47,28.7846565246582,-17.7127285003662,"Unknown"
"5020566",378623,2026-05-01 14:29:46,28.7855949401855,-17.7128601074219,"Unknown"
"5020566",378623,2026-05-01 14:34:47,28.7864856719971,-17.7130928039551,"Unknown"
"5020566",378623,2026-05-01 14:39:46,28.7875442504883,-17.7133941650391,"Unknown"
"5020566",378623,2026-05-01 14:44:47,28.7888088226318,-17.7136459350586,"Unknown"
"5020566",378623,2026-05-01 14:49:46,28.7900199890137,-17.7137203216553,"Unknown"
"5020566",378623,2026-05-01 14:54:47,28.7912425994873,-17.713773727417,"Unknown"
"5020566",378623,2026-05-01 14:59:48,28.7921943664551,-17.7140121459961,"Unknown"
"5020566",378623,2026-05-01 15:04:49,28.7933120727539,-17.713981628418,"Unknown"
"5020566",378623,2026-05-01 15:09:49,28.7945308685303,-17.7139282226562,"Unknown"
"5020566",378623,2026-05-01 15:14:50,28.7957153320312,-17.7138919830322,"Unknown"
"5020566",378623,2026-05-01 15:19:49,28.7969093322754,-17.7138786315918,"Unknown"
"5020566",378623,2026-05-01 15:24:50,28.7980480194092,-17.7139492034912,"Unknown"
"5020566",378623,2026-05-01 15:29:49,28.7990474700928,-17.7138938903809,"Unknown"
"5020566",378623,2026-05-01 15:34:50,28.7972202301025,-17.7106533050537,"Unknown"
"5020566",378623,2026-05-01 15:39:50,28.7985210418701,-17.7109470367432,"Unknown"
"5020566",378623,2026-05-01 15:44:47,28.7999362945557,-17.7113208770752,"Unknown"
"5020566",378623,2026-05-01 15:49:50,28.8012142181396,-17.7116527557373,"Unknown"
"5020566",378623,2026-05-01 15:54:47,28.8021621704102,-17.7118225097656,"Unknown"
"5020566",378623,2026-05-01 15:59:47,28.8031120300293,-17.7119541168213,"Unknown"
"5020566",378623,2026-05-01 16:04:48,28.8040714263916,-17.7121658325195,"Unknown"
"5020566",378623,2026-05-01 16:09:49,28.8048610687256,-17.712287902832,"Unknown"
"5020566",378623,2026-05-01 16:14:47,28.8056392669678,-17.7124195098877,"Unknown"
"5020566",378623,2026-05-01 16:19:47,28.8063869476318,-17.712589263916,"Unknown"
"5020566",378623,2026-05-01 16:24:50,28.807107925415,-17.7127990722656,"Unknown"
"5020566",378623,2026-05-01 16:29:49,28.807746887207,-17.7128715515137,"Unknown"
"5020566",378623,2026-05-01 16:34:47,28.8083477020264,-17.7102584838867,"Unknown"
"5020566",378623,2026-05-01 16:39:49,28.807445526123,-17.6956558227539,"Unknown"
"5020566",378623,2026-05-01 16:44:49,28.8080253601074,-17.6954441070557,"Unknown"
"5020566",378623,2026-05-01 16:49:54,28.8086376190186,-17.6952800750732,"Unknown"
"5020566",378623,2026-05-01 16:54:50,28.8092021942139,-17.6950740814209,"Unknown"
"5020566",378623,2026-05-01 16:59:49,28.8116817474365,-17.6930236816406,"Unknown"
"5020566",378623,2026-05-01 17:06:11,28.8049507141113,-17.6871814727783,"Unknown"
"5020566",378623,2026-05-01 17:09:47,28.8024940490723,-17.6856536865234,"Unknown"
"5020566",378623,2026-05-01 17:14:47,28.7947959899902,-17.6769886016846,"Unknown"
"5020566",378623,2026-05-01 17:19:47,28.7989654541016,-17.6739349365234,"Unknown"
"5020566",378623,2026-05-01 17:24:47,28.7995433807373,-17.6737537384033,"Unknown"
"5020566",378623,2026-05-01 17:29:49,28.8000106811523,-17.673620223999,"Unknown"
"5020566",378623,2026-05-01 17:34:49,28.8004016876221,-17.6734733581543,"Unknown"
"5020566",378623,2026-05-01 17:39:47,28.8008499145508,-17.6732845306396,"Unknown"
"5020566",378623,2026-05-01 17:45:08,28.8012256622314,-17.6730346679688,"Unknown"
"5020566",378623,2026-05-01 17:49:47,28.8015995025635,-17.6728839874268,"Unknown"
"5020566",378623,2026-05-01 17:55:17,28.8019180297852,-17.6724529266357,"Unknown"
"5020566",378623,2026-05-01 17:59:46,28.8022422790527,-17.6721305847168,"Unknown"
"5020566",378623,2026-05-01 18:04:46,28.8026123046875,-17.6718597412109,"Unknown"
"5020566",378623,2026-05-01 18:09:46,28.8029594421387,-17.6715259552002,"Unknown"
"5020566",378623,2026-05-01 18:14:46,28.8032665252686,-17.6711444854736,"Unknown"
"5020566",378623,2026-05-01 18:19:46,28.8035907745361,-17.6707801818848,"Unknown"
"5020566",378623,2026-05-01 18:24:46,28.7957668304443,-17.6803646087646,"Unknown"
"5020566",378623,2026-05-01 18:29:46,28.7981948852539,-17.6794891357422,"Unknown"
"5020566",378623,2026-05-01 18:34:46,28.7954216003418,-17.6769180297852,"Unknown"
"5020566",378623,2026-05-01 18:39:46,28.7905502319336,-17.6704635620117,"Unknown"
"5020566",378623,2026-05-01 18:44:49,28.7848606109619,-17.6651496887207,"Unknown"
"5020566",378623,2026-05-01 18:50:01,28.7819213867188,-17.6654682159424,"Unknown"
"5020566",378623,2026-05-01 18:54:49,28.7784557342529,-17.6641693115234,"Unknown"
"5020566",378623,2026-05-01 18:59:47,28.77858543396,-17.6638870239258,"Unknown"
"5020566",378623,2026-05-01 19:04:47,28.7638530731201,-17.6626682281494,"Unknown"
"5020566",378623,2026-05-01 19:09:48,28.7580032348633,-17.6632480621338,"Unknown"
"5020566",378623,2026-05-01 19:14:49,28.75465965271,-17.6643123626709,"Unknown"
"5020566",378623,2026-05-01 19:20:03,28.7505855560303,-17.6650218963623,"Unknown"
"5020566",378623,2026-05-01 19:24:47,28.7504119873047,-17.665189743042,"Unknown"
"5020566",378623,2026-05-01 19:29:47,28.7502632141113,-17.6651458740234,"Unknown"
"5020566",378623,2026-05-01 19:34:47,28.7500457763672,-17.6690559387207,"Unknown"
"5020566",378623,2026-05-01 19:39:47,28.7499160766602,-17.6689167022705,"Unknown"
"5020566",378623,2026-05-01 19:44:47,28.7497863769531,-17.6687698364258,"Unknown"
"5020566",378623,2026-05-01 19:49:47,28.7497310638428,-17.668643951416,"Unknown"
"5020566",378623,2026-05-01 19:54:46,28.7496681213379,-17.6688022613525,"Unknown"
"5020566",378623,2026-05-01 20:00:15,28.7495555877686,-17.6687812805176,"Unknown"
"5020566",378623,2026-05-01 20:04:49,28.7494506835938,-17.6720275878906,"Unknown"
"5020566",378623,2026-05-01 20:09:50,28.7532539367676,-17.7018203735352,"Unknown"
"5020566",378623,2026-05-01 20:14:47,28.7654361724854,-17.7224025726318,"Unknown"
"5020566",378623,2026-05-01 20:19:46,28.765661239624,-17.7225379943848,"Unknown"
"5020566",378623,2026-05-01 20:24:47,28.76589012146,-17.7224445343018,"Unknown"
"5020566",378623,2026-05-01 20:29:46,28.7661628723145,-17.7223606109619,"Unknown"
"5020566",378623,2026-05-01 20:34:47,28.7664699554443,-17.7223682403564,"Unknown"
"5020566",378623,2026-05-01 20:39:46,28.76686668396,-17.7222900390625,"Unknown"
"5020566",378623,2026-05-01 20:44:47,28.7670497894287,-17.722583770752,"Unknown"
"5020566",378623,2026-05-01 20:49:47,28.7671298980713,-17.7225532531738,"Unknown"
"5020566",378623,2026-05-01 20:54:47,28.7758598327637,-17.7334098815918,"Unknown"
"5020566",378623,2026-05-01 20:59:46,28.7756805419922,-17.7334632873535,"Unknown"
"5020566",378623,2026-05-01 21:00:46,28.77565574646,-17.733470916748,"Unknown"
"5020566",378623,2026-05-01 21:01:47,28.7756118774414,-17.7334938049316,"Unknown"
"5020566",378623,2026-05-01 21:02:49,28.7755928039551,-17.7335243225098,"Unknown"
"5020566",378623,2026-05-01 21:03:46,28.775562286377,-17.7335300445557,"Unknown"
"5020566",378623,2026-05-01 21:04:46,28.7755432128906,-17.7335586547852,"Unknown"
"5020566",378623,2026-05-01 21:05:46,28.7755031585693,-17.7335968017578,"Unknown"
"5020566",378623,2026-05-01 21:06:47,28.7754783630371,-17.7336273193359,"Unknown"
"5020566",378623,2026-05-01 21:07:46,28.7754650115967,-17.7336692810059,"Unknown"
"5020566",378623,2026-05-01 21:08:46,28.775426864624,-17.7336750030518,"Unknown"
"5020566",378623,2026-05-01 21:09:46,28.7754039764404,-17.7336673736572,"Unknown"
"5020566",378623,2026-05-01 21:10:46,28.7753982543945,-17.7337474822998,"Unknown"
"5020566",378623,2026-05-01 21:11:46,28.7754001617432,-17.7338123321533,"Unknown"
"5020566",378623,2026-05-01 21:12:46,28.7754020690918,-17.7338314056396,"Unknown"
"5020566",378623,2026-05-01 21:13:46,28.7754039764404,-17.7338523864746,"Unknown"
"5020566",378623,2026-05-01 21:14:46,28.7754135131836,-17.7338771820068,"Unknown"
"5020566",378623,2026-05-01 21:15:46,28.7754306793213,-17.733922958374,"Unknown"
"5020566",378623,2026-05-01 21:16:46,28.7754364013672,-17.733943939209,"Unknown"
"5020566",378623,2026-05-01 21:17:46,28.7754497528076,-17.7339420318604,"Unknown"
"5020566",378623,2026-05-01 21:18:46,28.7754878997803,-17.7339630126953,"Unknown"
"5020566",378623,2026-05-01 21:19:46,28.7755241394043,-17.7339344024658,"Unknown"
"5020566",378623,2026-05-01 21:20:46,28.7755661010742,-17.7339267730713,"Unknown"
"5020566",378623,2026-05-01 21:21:47,28.775634765625,-17.7338962554932,"Unknown"
"5020566",378623,2026-05-01 21:22:46,28.7756633758545,-17.7338714599609,"Unknown"
"5020566",378623,2026-05-01 21:23:46,28.7757358551025,-17.7338676452637,"Unknown"
"5020566",378623,2026-05-01 21:24:46,28.7757968902588,-17.7338809967041,"Unknown"
"5020566",378623,2026-05-01 21:25:46,28.7758312225342,-17.7339038848877,"Unknown"
"5020566",378623,2026-05-01 21:26:46,28.7758712768555,-17.7339115142822,"Unknown"
"5020566",378623,2026-05-01 21:27:46,28.7759227752686,-17.7339096069336,"Unknown"
"5020566",378623,2026-05-01 21:28:46,28.7759857177734,-17.7338790893555,"Unknown"
"5020566",378623,2026-05-01 21:29:46,28.7760562896729,-17.7338695526123,"Unknown"
"5020566",378623,2026-05-01 21:30:46,28.7760848999023,-17.733907699585,"Unknown"
"5020566",378623,2026-05-01 21:31:46,28.7761535644531,-17.7339038848877,"Unknown"
"5020566",378623,2026-05-01 21:32:46,28.7762126922607,-17.7339172363281,"Unknown"
"5020566",378623,2026-05-01 21:33:46,28.7762699127197,-17.73388671875,"Unknown"
"5020566",378623,2026-05-01 21:34:46,28.7763538360596,-17.7338981628418,"Unknown"
"5020566",378623,2026-05-01 21:35:46,28.7764186859131,-17.7339305877686,"Unknown"
"5020566",378623,2026-05-01 21:36:46,28.7764568328857,-17.7339649200439,"Unknown"
"5020566",378623,2026-05-01 21:37:46,28.7764949798584,-17.7340354919434,"Unknown"
"5020566",378623,2026-05-01 21:38:46,28.7765235900879,-17.7340469360352,"Unknown"
"5020566",378623,2026-05-01 21:39:46,28.7765693664551,-17.7340641021729,"Unknown"
"5020566",378623,2026-05-01 21:40:46,28.77663230896,-17.7340888977051,"Unknown"
"5020566",378623,2026-05-01 21:41:46,28.7766590118408,-17.7341289520264,"Unknown"
"5020566",378623,2026-05-01 21:42:46,28.7767066955566,-17.7341728210449,"Unknown"
"5020566",378623,2026-05-01 21:43:46,28.7767333984375,-17.7342147827148,"Unknown"
"5020566",378623,2026-05-01 21:44:46,28.7767848968506,-17.7342777252197,"Unknown"
"5020566",378623,2026-05-01 21:45:47,28.7768440246582,-17.7343082427979,"Unknown"
"5020566",378623,2026-05-01 21:46:46,28.7769031524658,-17.7343616485596,"Unknown"
"5020566",378623,2026-05-01 21:47:48,28.776969909668,-17.7343921661377,"Unknown"
"5020566",378623,2026-05-01 21:48:46,28.777027130127,-17.7344055175781,"Unknown"
"5020566",378623,2026-05-01 21:49:47,28.7771129608154,-17.7344608306885,"Unknown"
"5020566",378623,2026-05-01 21:50:46,28.7772026062012,-17.7344837188721,"Unknown"
"5020566",378623,2026-05-01 21:51:49,28.7772979736328,-17.7344932556152,"Unknown"
"5020566",378623,2026-05-01 21:52:46,28.7773818969727,-17.734561920166,"Unknown"
"5020566",378623,2026-05-01 21:53:48,28.7774620056152,-17.7345848083496,"Unknown"
"5020566",378623,2026-05-01 21:54:49,28.7775897979736,-17.7346343994141,"Unknown"
"5020566",378623,2026-05-01 21:55:49,28.7776908874512,-17.7346515655518,"Unknown"
"5020566",378623,2026-05-01 21:56:49,28.7778129577637,-17.7347030639648,"Unknown"
"5020566",378623,2026-05-01 21:57:51,28.7779502868652,-17.7347717285156,"Unknown"
"5020566",378623,2026-05-01 21:58:48,28.7780570983887,-17.7348194122314,"Unknown"
"5020566",378623,2026-05-01 21:59:49,28.7781581878662,-17.7348575592041,"Unknown"
"5020566",378623,2026-05-01 22:01:17,28.778377532959,-17.7349071502686,"Unknown"
"5020566",378623,2026-05-01 22:01:46,28.7784461975098,-17.7349338531494,"Unknown"
"5020566",378623,2026-05-01 22:02:49,28.7787418365479,-17.7354373931885,"Unknown"
"5020566",378623,2026-05-01 22:03:46,28.7788047790527,-17.7354125976562,"Unknown"
"5020566",378623,2026-05-01 22:04:47,28.778881072998,-17.735424041748,"Unknown"
"5020566",378623,2026-05-01 22:05:46,28.7789573669434,-17.7354679107666,"Unknown"
"5020566",378623,2026-05-01 22:06:49,28.7790336608887,-17.7354793548584,"Unknown"
"5020566",378623,2026-05-01 22:07:46,28.7791290283203,-17.7354698181152,"Unknown"
"5020566",378623,2026-05-01 22:08:46,28.7791786193848,-17.7355155944824,"Unknown"
"5020566",378623,2026-05-01 22:09:47,28.779260635376,-17.7355403900146,"Unknown"
"5020566",378623,2026-05-01 22:10:46,28.779317855835,-17.7355728149414,"Unknown"
"5020566",378623,2026-05-01 22:11:46,28.7793865203857,-17.7355823516846,"Unknown"
"5020566",378623,2026-05-01 22:12:49,28.779447555542,-17.7356491088867,"Unknown"
"5020566",378623,2026-05-01 22:13:47,28.7795162200928,-17.7356300354004,"Unknown"
"5020566",378623,2026-05-01 22:14:49,28.77956199646,-17.7356090545654,"Unknown"
"5020566",378623,2026-05-01 22:15:49,28.7796249389648,-17.73561668396,"Unknown"
"5020566",378623,2026-05-01 22:16:49,28.7796974182129,-17.7356376647949,"Unknown"
"5020566",378623,2026-05-01 22:17:50,28.7797584533691,-17.7356643676758,"Unknown"
"5020566",378623,2026-05-01 22:18:50,28.7798099517822,-17.7356815338135,"Unknown"
"5020566",378623,2026-05-01 22:19:46,28.7798881530762,-17.7356662750244,"Unknown"
"5020566",378623,2026-05-01 22:20:46,28.7799205780029,-17.7357177734375,"Unknown"
"5020566",378623,2026-05-01 22:21:49,28.7799797058105,-17.7357387542725,"Unknown"
"5020566",378623,2026-05-01 22:22:49,28.7800331115723,-17.7357501983643,"Unknown"
"5020566",378623,2026-05-01 22:23:46,28.7800960540771,-17.7357749938965,"Unknown"
"5020566",378623,2026-05-01 22:24:49,28.7801551818848,-17.7357997894287,"Unknown"
"5020566",378623,2026-05-01 22:25:47,28.780216217041,-17.7357845306396,"Unknown"
"5020566",378623,2026-05-01 22:26:49,28.7802677154541,-17.735782623291,"Unknown"
"5020566",378623,2026-05-01 22:27:46,28.7803153991699,-17.7357788085938,"Unknown"
"5020566",378623,2026-05-01 22:28:47,28.7804107666016,-17.735803604126,"Unknown"
"5020566",378623,2026-05-01 22:29:46,28.7804698944092,-17.7358131408691,"Unknown"
"5020566",378623,2026-05-01 22:30:46,28.7805652618408,-17.7358093261719,"Unknown"
"5020566",378623,2026-05-01 22:31:49,28.7806205749512,-17.7358207702637,"Unknown"
"5020566",378623,2026-05-01 22:32:49,28.7807159423828,-17.7358512878418,"Unknown"
"5020566",378623,2026-05-01 22:33:48,28.7807655334473,-17.7358169555664,"Unknown"
"5020566",378623,2026-05-01 22:34:45,28.7807998657227,-17.7358283996582,"Unknown"
"5020566",378623,2026-05-01 22:35:47,28.7808895111084,-17.7358112335205,"Unknown"
"5020566",378623,2026-05-01 22:36:48,28.7809505462646,-17.7358131408691,"Unknown"
"5020566",378623,2026-05-01 22:37:49,28.7809963226318,-17.7357940673828,"Unknown"
"5020566",378623,2026-05-01 22:38:47,28.7810688018799,-17.7357692718506,"Unknown"
"5020566",378623,2026-05-01 22:39:46,28.7811279296875,-17.7357501983643,"Unknown"
"5020566",378623,2026-05-01 22:40:46,28.7812023162842,-17.7357139587402,"Unknown"
"5020566",378623,2026-05-01 22:41:46,28.7812099456787,-17.7356872558594,"Unknown"
"5020566",378623,2026-05-01 22:42:47,28.7812442779541,-17.7356338500977,"Unknown"
"5020566",378623,2026-05-01 22:43:46,28.7812919616699,-17.7356376647949,"Unknown"
"5020566",378623,2026-05-01 22:44:49,28.7813396453857,-17.7355632781982,"Unknown"
"5020566",378623,2026-05-01 22:45:50,28.7814140319824,-17.7355709075928,"Unknown"
"5020566",378623,2026-05-01 22:46:49,28.78147315979,-17.735523223877,"Unknown"
"5020566",378623,2026-05-01 22:47:49,28.7815170288086,-17.735481262207,"Unknown"
"5020566",378623,2026-05-01 22:48:49,28.7815837860107,-17.7354831695557,"Unknown"
"5020566",378623,2026-05-01 22:49:48,28.7816429138184,-17.7354927062988,"Unknown"
"5020566",378623,2026-05-01 22:50:49,28.7816905975342,-17.7355213165283,"Unknown"
"5020566",378623,2026-05-01 22:51:49,28.7817459106445,-17.7355346679688,"Unknown"
"5020566",378623,2026-05-01 22:52:49,28.7818164825439,-17.7355728149414,"Unknown"
"5020566",378623,2026-05-01 22:53:50,28.7818717956543,-17.7355995178223,"Unknown"
"5020566",378623,2026-05-01 22:54:54,28.7819232940674,-17.7355937957764,"Unknown"
"5020566",378623,2026-05-01 22:55:56,28.7819747924805,-17.73557472229,"Unknown"
"5020566",378623,2026-05-01 22:56:56,28.7820434570312,-17.7355785369873,"Unknown"
"5020566",378623,2026-05-01 22:58:09,28.7821044921875,-17.7355823516846,"Unknown"
"5020566",378623,2026-05-01 22:59:03,28.7821674346924,-17.735595703125,"Unknown"
"5020566",378623,2026-05-01 22:59:46,28.7822017669678,-17.7356052398682,"Unknown"
"5020566",378623,2026-05-01 23:00:46,28.7822761535645,-17.7355842590332,"Unknown"
"5020566",378623,2026-05-01 23:01:47,28.7823638916016,-17.7355270385742,"Unknown"
"5020566",378623,2026-05-01 23:02:46,28.7824172973633,-17.7354259490967,"Unknown"
"5020566",378623,2026-05-01 23:03:47,28.7824878692627,-17.7353553771973,"Unknown"
"5020566",378623,2026-05-01 23:04:46,28.7825927734375,-17.7352714538574,"Unknown"
"5020566",378623,2026-05-01 23:05:47,28.7826538085938,-17.7352085113525,"Unknown"
"5020566",378623,2026-05-01 23:06:47,28.7826995849609,-17.7351417541504,"Unknown"
"5020566",378623,2026-05-01 23:07:48,28.7827796936035,-17.7351627349854,"Unknown"
"5020566",378623,2026-05-01 23:08:47,28.7828254699707,-17.73508644104,"Unknown"
"5020566",378623,2026-05-01 23:09:49,28.782886505127,-17.7351036071777,"Unknown"
"5020566",378623,2026-05-01 23:10:49,28.7829093933105,-17.7350292205811,"Unknown"
"5020566",378623,2026-05-01 23:11:46,28.7828826904297,-17.7349414825439,"Unknown"
"5020566",378623,2026-05-01 23:12:46,28.7829933166504,-17.7348899841309,"Unknown"
"5020566",378623,2026-05-01 23:13:49,28.7830200195312,-17.7348556518555,"Unknown"
"5020566",378623,2026-05-01 23:14:47,28.7830619812012,-17.7347793579102,"Unknown"
"5020566",378623,2026-05-01 23:15:46,28.7830753326416,-17.7348175048828,"Unknown"
"5020566",378623,2026-05-01 23:16:46,28.7830562591553,-17.7347850799561,"Unknown"
"5020566",378623,2026-05-01 23:17:46,28.7831172943115,-17.7348709106445,"Unknown"
"5020566",378623,2026-05-01 23:18:46,28.7831707000732,-17.7348937988281,"Unknown"
"5020566",378623,2026-05-01 23:19:46,28.7832679748535,-17.7348861694336,"Unknown"
"5020566",378623,2026-05-01 23:20:46,28.7833137512207,-17.7349033355713,"Unknown"
"5020566",378623,2026-05-01 23:21:46,28.7833862304688,-17.7349452972412,"Unknown"
"5020566",378623,2026-05-01 23:22:46,28.7834358215332,-17.7349796295166,"Unknown"
"5020566",378623,2026-05-01 23:23:47,28.783483505249,-17.7349891662598,"Unknown"
"5020566",378623,2026-05-01 23:24:46,28.7835159301758,-17.7349948883057,"Unknown"
"5020566",378623,2026-05-01 23:25:46,28.783561706543,-17.7349834442139,"Unknown"
"5020566",378623,2026-05-01 23:26:49,28.7836017608643,-17.7350063323975,"Unknown"
"5020566",378623,2026-05-01 23:27:46,28.7836437225342,-17.7350292205811,"Unknown"
"5020566",378623,2026-05-01 23:28:46,28.7837142944336,-17.7349987030029,"Unknown"
"5020566",378623,2026-05-01 23:29:46,28.7837619781494,-17.7349433898926,"Unknown"
"5020566",378623,2026-05-01 23:30:46,28.7838401794434,-17.7349605560303,"Unknown"
"5020566",378623,2026-05-01 23:31:49,28.7838726043701,-17.7349491119385,"Unknown"
"5020566",378623,2026-05-01 23:32:49,28.7839107513428,-17.7349586486816,"Unknown"
"5020566",378623,2026-05-01 23:33:47,28.7839164733887,-17.7349834442139,"Unknown"
"5020566",378623,2026-05-01 23:34:47,28.7839450836182,-17.7349662780762,"Unknown"
"5020566",378623,2026-05-01 23:35:46,28.7839946746826,-17.7349433898926,"Unknown"
"5020566",378623,2026-05-01 23:36:46,28.784049987793,-17.7348880767822,"Unknown"
"5020566",378623,2026-05-01 23:37:46,28.7841320037842,-17.7348251342773,"Unknown"
"5020566",378623,2026-05-01 23:38:46,28.7841911315918,-17.7347354888916,"Unknown"
"5020566",378623,2026-05-01 23:39:47,28.7842426300049,-17.7347011566162,"Unknown"
"5020566",378623,2026-05-01 23:40:46,28.7843112945557,-17.734655380249,"Unknown"
"5020566",378623,2026-05-01 23:41:46,28.7843551635742,-17.7346057891846,"Unknown"
"5020566",378623,2026-05-01 23:42:46,28.7844295501709,-17.7345943450928,"Unknown"
"5020566",378623,2026-05-01 23:43:49,28.7844848632812,-17.7345485687256,"Unknown"
"5020566",378623,2026-05-01 23:44:46,28.7845344543457,-17.7345218658447,"Unknown"
"5020566",378623,2026-05-01 23:45:46,28.7845821380615,-17.7344665527344,"Unknown"
"5020566",378623,2026-05-01 23:46:46,28.7845668792725,-17.7343654632568,"Unknown"
"5020566",378623,2026-05-01 23:47:46,28.784553527832,-17.7344417572021,"Unknown"
"5020566",378623,2026-05-01 23:48:46,28.7845325469971,-17.734468460083,"Unknown"
"5020566",378623,2026-05-01 23:49:46,28.7845458984375,-17.7345027923584,"Unknown"
"5020566",378623,2026-05-01 23:50:47,28.7845096588135,-17.7344818115234,"Unknown"
"5020566",378623,2026-05-01 23:51:46,28.7845191955566,-17.7344131469727,"Unknown"
"5020566",378623,2026-05-01 23:52:46,28.7845878601074,-17.7344169616699,"Unknown"
"5020566",378623,2026-05-01 23:53:46,28.7846240997314,-17.7343559265137,"Unknown"
"5020566",378623,2026-05-01 23:54:46,28.7846660614014,-17.7343254089355,"Unknown"
"5020566",378623,2026-05-01 23:55:46,28.7847213745117,-17.7342987060547,"Unknown"
"5020566",378623,2026-05-01 23:56:46,28.7847595214844,-17.7342433929443,"Unknown"
"5020566",378623,2026-05-01 23:57:47,28.7847137451172,-17.7341270446777,"Unknown"
"5020566",378623,2026-05-01 23:58:46,28.7848033905029,-17.7340545654297,"Unknown"
"5020566",378623,2026-05-01 23:59:46,28.7848701477051,-17.7339935302734,"Unknown"
"5020566",378623,2026-05-02 00:00:46,28.7849559783936,-17.7339382171631,"Unknown"
"5020566",378623,2026-05-02 00:01:46,28.7850360870361,-17.7338924407959,"Unknown"
"5020566",378623,2026-05-02 00:02:45,28.7850379943848,-17.733850479126,"Unknown"
"5020566",378623,2026-05-02 00:03:46,28.7850570678711,-17.7338180541992,"Unknown"
"5020566",378623,2026-05-02 00:04:47,28.7850513458252,-17.7337760925293,"Unknown"
"5020566",378623,2026-05-02 00:05:46,28.7851066589355,-17.7337036132812,"Unknown"
"5020566",378623,2026-05-02 00:06:45,28.7851886749268,-17.7336521148682,"Unknown"
"5020566",378623,2026-05-02 00:07:48,28.7851543426514,-17.733642578125,"Unknown"
"5020566",378623,2026-05-02 00:08:46,28.7851848602295,-17.7335510253906,"Unknown"
"5020566",378623,2026-05-02 00:09:47,28.785177230835,-17.7335357666016,"Unknown"
"5020566",378623,2026-05-02 00:10:49,28.7852191925049,-17.7334823608398,"Unknown"
"5020566",378623,2026-05-02 00:11:49,28.7852611541748,-17.7334384918213,"Unknown"
"5020566",378623,2026-05-02 00:12:49,28.7852649688721,-17.7334442138672,"Unknown"
"5020566",378623,2026-05-02 00:13:45,28.7852382659912,-17.7333927154541,"Unknown"
"5020566",378623,2026-05-02 00:14:46,28.7852630615234,-17.7334003448486,"Unknown"
"5020566",378623,2026-05-02 00:15:46,28.7852630615234,-17.7333831787109,"Unknown"
"5020566",378623,2026-05-02 00:16:46,28.7852973937988,-17.7334079742432,"Unknown"
"5020566",378623,2026-05-02 00:17:49,28.7853527069092,-17.7333583831787,"Unknown"
"5020566",378623,2026-05-02 00:18:47,28.7854270935059,-17.7332916259766,"Unknown"
"5020566",378623,2026-05-02 00:19:48,28.7853851318359,-17.7332801818848,"Unknown"
"5020566",378623,2026-05-02 00:20:51,28.7853507995605,-17.7332801818848,"Unknown"
"5020566",378623,2026-05-02 00:21:51,28.785343170166,-17.7333145141602,"Unknown"
"5020566",378623,2026-05-02 00:22:49,28.7853012084961,-17.7333755493164,"Unknown"
"5020566",378623,2026-05-02 00:23:49,28.7853050231934,-17.7333869934082,"Unknown"
"5020566",378623,2026-05-02 00:24:47,28.7853183746338,-17.7333393096924,"Unknown"
"5020566",378623,2026-05-02 00:25:47,28.7852973937988,-17.7333278656006,"Unknown"
"5020566",378623,2026-05-02 00:26:50,28.7853298187256,-17.7331962585449,"Unknown"
"5020566",378623,2026-05-02 00:27:49,28.7853450775146,-17.7331371307373,"Unknown"
"5020566",378623,2026-05-02 00:28:47,28.7853660583496,-17.7331104278564,"Unknown"
"5020566",378623,2026-05-02 00:29:48,28.7853965759277,-17.7330780029297,"Unknown"
"5020566",378623,2026-05-02 00:30:47,28.7853889465332,-17.7330684661865,"Unknown"
"5020566",378623,2026-05-02 00:31:50,28.7853946685791,-17.733024597168,"Unknown"
"5020566",378623,2026-05-02 00:32:47,28.785364151001,-17.7330074310303,"Unknown"
"5020566",378623,2026-05-02 00:33:49,28.78537940979,-17.7329635620117,"Unknown"
"5020566",378623,2026-05-02 00:34:49,28.7853469848633,-17.7329540252686,"Unknown"
"5020566",378623,2026-05-02 00:35:51,28.7853317260742,-17.7329521179199,"Unknown"
"5020566",378623,2026-05-02 00:36:49,28.7853221893311,-17.7329273223877,"Unknown"
"5020566",378623,2026-05-02 00:37:48,28.7853393554688,-17.7329196929932,"Unknown"
"5020566",378623,2026-05-02 00:38:49,28.7853050231934,-17.7329864501953,"Unknown"
"5020566",378623,2026-05-02 00:39:50,28.7852935791016,-17.733060836792,"Unknown"
"5020566",378623,2026-05-02 00:40:49,28.785228729248,-17.733154296875,"Unknown"
"5020566",378623,2026-05-02 00:41:49,28.7851638793945,-17.7332592010498,"Unknown"
"5020566",378623,2026-05-02 00:42:50,28.7851161956787,-17.7333087921143,"Unknown"
"5020566",378623,2026-05-02 00:43:51,28.7850570678711,-17.7333831787109,"Unknown"
"5020566",378623,2026-05-02 00:44:50,28.7849521636963,-17.7334899902344,"Unknown"
"5020566",378623,2026-05-02 00:45:51,28.7848014831543,-17.733570098877,"Unknown"
"5020566",378623,2026-05-02 00:46:49,28.7815074920654,-17.7351570129395,"Unknown"
"5020566",378623,2026-05-02 00:47:47,28.7799110412598,-17.7330474853516,"Unknown"
"5020566",378623,2026-05-02 00:49:03,28.7814483642578,-17.7362060546875,"Unknown"
"5020566",378623,2026-05-02 00:49:51,28.7814483642578,-17.7361660003662,"Unknown"
"5020566",378623,2026-05-02 00:50:57,28.7814750671387,-17.7361698150635,"Unknown"
"5020566",378623,2026-05-02 00:51:51,28.7814407348633,-17.7360496520996,"Unknown"
"5020566",378623,2026-05-02 00:52:49,28.7814483642578,-17.7359981536865,"Unknown"
"5020566",378623,2026-05-02 00:53:51,28.7814807891846,-17.7359104156494,"Unknown"
"5020566",378623,2026-05-02 00:54:52,28.7814712524414,-17.7358989715576,"Unknown"
"5020566",378623,2026-05-02 00:55:51,28.7814750671387,-17.735782623291,"Unknown"
"5020566",378623,2026-05-02 00:56:48,28.7814674377441,-17.7356491088867,"Unknown"
"5020566",378623,2026-05-02 00:57:53,28.7814693450928,-17.7356185913086,"Unknown"
"5020566",378623,2026-05-02 00:58:50,28.7815265655518,-17.7355155944824,"Unknown"
"5020566",378623,2026-05-02 01:00:03,28.7814998626709,-17.7354049682617,"Unknown"
"5020566",378623,2026-05-02 01:00:48,28.7814884185791,-17.735330581665,"Unknown"
"5020566",378623,2026-05-02 01:01:53,28.7815113067627,-17.7352199554443,"Unknown"
"5020566",378623,2026-05-02 01:02:50,28.781530380249,-17.7351188659668,"Unknown"
"5020566",378623,2026-05-02 01:03:51,28.7815170288086,-17.7350463867188,"Unknown"
"5020566",378623,2026-05-02 01:04:51,28.7815132141113,-17.7349414825439,"Unknown"
"5020566",378623,2026-05-02 01:05:51,28.7814865112305,-17.7348613739014,"Unknown"
"5020566",378623,2026-05-02 01:06:50,28.78151512146,-17.7347068786621,"Unknown"
"5020566",378623,2026-05-02 01:07:50,28.7814674377441,-17.7347183227539,"Unknown"
"5020566",378623,2026-05-02 01:08:51,28.7814521789551,-17.7346324920654,"Unknown"
"5020566",378623,2026-05-02 01:09:50,28.7814464569092,-17.7345447540283,"Unknown"
"5020566",378623,2026-05-02 01:10:47,28.7814350128174,-17.7345771789551,"Unknown"
"5020566",378623,2026-05-02 01:11:50,28.7814140319824,-17.734546661377,"Unknown"
"5020566",378623,2026-05-02 01:12:49,28.7814025878906,-17.7345027923584,"Unknown"
"5020566",378623,2026-05-02 01:13:49,28.7813911437988,-17.7344875335693,"Unknown"
"5020566",378623,2026-05-02 01:14:49,28.7813606262207,-17.7345161437988,"Unknown"
"5020566",378623,2026-05-02 01:15:52,28.7813091278076,-17.7344989776611,"Unknown"
"5020566",378623,2026-05-02 01:16:48,28.7813014984131,-17.7345371246338,"Unknown"
"5020566",378623,2026-05-02 01:17:48,28.7812614440918,-17.7345848083496,"Unknown"
"5020566",378623,2026-05-02 01:18:48,28.7812252044678,-17.7346134185791,"Unknown"
"5020566",378623,2026-05-02 01:19:48,28.7811946868896,-17.7346420288086,"Unknown"
"5020566",378623,2026-05-02 01:20:48,28.7811737060547,-17.7346477508545,"Unknown"
"5020566",378623,2026-05-02 01:21:50,28.7811336517334,-17.7346935272217,"Unknown"
"5020566",378623,2026-05-02 01:22:51,28.781099319458,-17.7347431182861,"Unknown"
"5020566",378623,2026-05-02 01:23:50,28.7811012268066,-17.734712600708,"Unknown"
"5020566",378623,2026-05-02 01:25:17,28.7810668945312,-17.7347373962402,"Unknown"
"5020566",378623,2026-05-02 01:25:46,28.7810707092285,-17.7347469329834,"Unknown"
"5020566",378623,2026-05-02 01:26:46,28.7810668945312,-17.7347602844238,"Unknown"
"5020566",378623,2026-05-02 01:27:46,28.7810516357422,-17.734806060791,"Unknown"
"5020566",378623,2026-05-02 01:28:46,28.7810192108154,-17.7348155975342,"Unknown"
"5020566",378623,2026-05-02 01:29:47,28.7810077667236,-17.7348499298096,"Unknown"
"5020566",378623,2026-05-02 01:30:47,28.7810211181641,-17.7348384857178,"Unknown"
"5020566",378623,2026-05-02 01:31:46,28.781063079834,-17.7348499298096,"Unknown"
"5020566",378623,2026-05-02 01:32:46,28.7810668945312,-17.7348022460938,"Unknown"
"5020566",378623,2026-05-02 01:33:46,28.781063079834,-17.7348155975342,"Unknown"
"5020566",378623,2026-05-02 01:34:46,28.7810649871826,-17.7348251342773,"Unknown"
"5020566",378623,2026-05-02 01:35:46,28.7810573577881,-17.7348213195801,"Unknown"
"5020566",378623,2026-05-02 01:36:47,28.7809906005859,-17.734827041626,"Unknown"
"5020566",378623,2026-05-02 01:37:47,28.7810020446777,-17.7348289489746,"Unknown"
"5020566",378623,2026-05-02 01:38:47,28.7809715270996,-17.7348308563232,"Unknown"
"5020566",378623,2026-05-02 01:39:46,28.7809867858887,-17.7347793579102,"Unknown"
"5020566",378623,2026-05-02 01:40:46,28.7809658050537,-17.7347774505615,"Unknown"
"5020566",378623,2026-05-02 01:41:46,28.7809715270996,-17.7347640991211,"Unknown"
"5020566",378623,2026-05-02 01:42:47,28.78098487854,-17.7347469329834,"Unknown"
"5020566",378623,2026-05-02 01:43:46,28.7809906005859,-17.7346534729004,"Unknown"
"5020566",378623,2026-05-02 01:44:46,28.7809829711914,-17.734561920166,"Unknown"
"5020566",378623,2026-05-02 01:45:46,28.7809944152832,-17.7345867156982,"Unknown"
"5020566",378623,2026-05-02 01:46:46,28.7809257507324,-17.7346229553223,"Unknown"
"5020566",378623,2026-05-02 01:47:46,28.7809524536133,-17.7346458435059,"Unknown"
"5020566",378623,2026-05-02 01:48:46,28.7809276580811,-17.7346343994141,"Unknown"
"5020566",378623,2026-05-02 01:49:46,28.7809391021729,-17.734546661377,"Unknown"
"5020566",378623,2026-05-02 01:50:46,28.7809600830078,-17.7344760894775,"Unknown"
"5020566",378623,2026-05-02 01:51:47,28.7809410095215,-17.7344360351562,"Unknown"
"5020566",378623,2026-05-02 01:52:46,28.7809505462646,-17.7343978881836,"Unknown"
"5020566",378623,2026-05-02 01:53:46,28.7809371948242,-17.7344455718994,"Unknown"
"5020566",378623,2026-05-02 01:54:46,28.7809085845947,-17.7345371246338,"Unknown"
"5020566",378623,2026-05-02 01:55:46,28.7808856964111,-17.7345867156982,"Unknown"
"5020566",378623,2026-05-02 01:56:46,28.7808380126953,-17.7346649169922,"Unknown"
"5020566",378623,2026-05-02 01:57:46,28.7807674407959,-17.7347316741943,"Unknown"
"5020566",378623,2026-05-02 01:58:46,28.7806739807129,-17.7348442077637,"Unknown"
"5020566",378623,2026-05-02 01:59:46,28.7822856903076,-17.7349586486816,"Unknown"
"5020566",378623,2026-05-02 02:00:46,28.7839069366455,-17.7366352081299,"Unknown"
"5020566",378623,2026-05-02 02:01:46,28.7839050292969,-17.7366542816162,"Unknown"
"5020566",378623,2026-05-02 02:02:46,28.7838649749756,-17.7366123199463,"Unknown"
"5020566",378623,2026-05-02 02:03:46,28.7838153839111,-17.7365894317627,"Unknown"
"5020566",378623,2026-05-02 02:04:46,28.7837829589844,-17.7365818023682,"Unknown"
"5020566",378623,2026-05-02 02:05:46,28.7837619781494,-17.7365589141846,"Unknown"
"5020566",378623,2026-05-02 02:06:46,28.783727645874,-17.7365646362305,"Unknown"
"5020566",378623,2026-05-02 02:07:46,28.7837028503418,-17.7365913391113,"Unknown"
"5020566",378623,2026-05-02 02:08:46,28.783670425415,-17.7366180419922,"Unknown"
"5020566",378623,2026-05-02 02:09:46,28.7836208343506,-17.7366466522217,"Unknown"
"5020566",378623,2026-05-02 02:10:46,28.7835865020752,-17.736701965332,"Unknown"
"5020566",378623,2026-05-02 02:11:46,28.7835636138916,-17.7367477416992,"Unknown"
"5020566",378623,2026-05-02 02:12:46,28.7835235595703,-17.7367782592773,"Unknown"
"5020566",378623,2026-05-02 02:13:46,28.783504486084,-17.7367172241211,"Unknown"
"5020566",378623,2026-05-02 02:14:46,28.7834777832031,-17.7366790771484,"Unknown"
"5020566",378623,2026-05-02 02:15:46,28.7834396362305,-17.7366390228271,"Unknown"
"5020566",378623,2026-05-02 02:16:46,28.7834053039551,-17.7367267608643,"Unknown"
"5020566",378623,2026-05-02 02:17:46,28.7833786010742,-17.7367916107178,"Unknown"
"5020566",378623,2026-05-02 02:18:46,28.7833480834961,-17.7368221282959,"Unknown"
"5020566",378623,2026-05-02 02:19:46,28.7833194732666,-17.7368717193604,"Unknown"
"5020566",378623,2026-05-02 02:20:46,28.7832984924316,-17.7369194030762,"Unknown"
"5020566",378623,2026-05-02 02:21:46,28.7832431793213,-17.7369594573975,"Unknown"
"5020566",378623,2026-05-02 02:22:46,28.783182144165,-17.7370700836182,"Unknown"
"5020566",378623,2026-05-02 02:23:46,28.7831230163574,-17.7370986938477,"Unknown"
"5020566",378623,2026-05-02 02:24:46,28.7830753326416,-17.7370090484619,"Unknown"
"5020566",378623,2026-05-02 02:25:46,28.7830333709717,-17.7370090484619,"Unknown"
"5020566",378623,2026-05-02 02:26:46,28.7830123901367,-17.7370338439941,"Unknown"
"5020566",378623,2026-05-02 02:27:47,28.7829933166504,-17.7370185852051,"Unknown"
"5020566",378623,2026-05-02 02:28:46,28.7829322814941,-17.7369956970215,"Unknown"
"5020566",378623,2026-05-02 02:29:46,28.7828769683838,-17.7369556427002,"Unknown"
"5020566",378623,2026-05-02 02:30:46,28.7828369140625,-17.7370109558105,"Unknown"
"5020566",378623,2026-05-02 02:31:46,28.7828235626221,-17.7370338439941,"Unknown"
"5020566",378623,2026-05-02 02:32:46,28.7827796936035,-17.7370338439941,"Unknown"
"5020566",378623,2026-05-02 02:33:46,28.782751083374,-17.7370948791504,"Unknown"
"5020566",378623,2026-05-02 02:34:46,28.7826995849609,-17.7371101379395,"Unknown"
"5020566",378623,2026-05-02 02:35:46,28.7826862335205,-17.7371101379395,"Unknown"
"5020566",378623,2026-05-02 02:36:46,28.7826633453369,-17.7371406555176,"Unknown"
"5020566",378623,2026-05-02 02:46:46,28.7822875976562,-17.7365951538086,"Unknown"
"5020566",378623,2026-05-02 02:47:46,28.7822380065918,-17.736515045166,"Unknown"
"5020566",378623,2026-05-02 02:48:46,28.7822284698486,-17.7363967895508,"Unknown"
"5020566",378623,2026-05-02 02:49:46,28.7822017669678,-17.736291885376,"Unknown"
"5020566",378623,2026-05-02 02:59:46,28.7818126678467,-17.7356414794922,"Unknown"
"5020566",378623,2026-05-02 03:00:48,28.781795501709,-17.7356300354004,"Unknown"
"5020566",378623,2026-05-02 03:01:47,28.780782699585,-17.7355003356934,"Unknown"
"5020566",378623,2026-05-02 03:02:47,28.7805290222168,-17.7363204956055,"Unknown"
"5020566",378623,2026-05-02 03:03:46,28.7804718017578,-17.7364311218262,"Unknown"
"5020566",378623,2026-05-02 03:04:46,28.780460357666,-17.7365531921387,"Unknown"
"5020566",378623,2026-05-02 03:14:46,28.7801742553711,-17.737434387207,"Unknown"
"5020566",378623,2026-05-02 03:15:46,28.7801322937012,-17.7375335693359,"Unknown"
"5020566",378623,2026-05-02 03:25:46,28.7801666259766,-17.7382431030273,"Unknown"
"5020566",378623,2026-05-02 03:35:49,28.7800712585449,-17.7387428283691,"Unknown"
"5020566",378623,2026-05-02 03:36:49,28.780086517334,-17.7388534545898,"Unknown"
"5020566",378623,2026-05-02 03:37:49,28.780086517334,-17.7388782501221,"Unknown"
"5020566",378623,2026-05-02 03:38:49,28.7800693511963,-17.7389240264893,"Unknown"
"5020566",378623,2026-05-02 03:48:47,28.7799110412598,-17.7394065856934,"Unknown"
"5020566",378623,2026-05-02 03:49:49,28.779857635498,-17.7394981384277,"Unknown"
"5020566",378623,2026-05-02 04:00:17,28.7799549102783,-17.7393550872803,"Unknown"
"5020566",378623,2026-05-02 04:00:46,28.779935836792,-17.7394046783447,"Unknown"
"5020566",378623,2026-05-02 04:10:47,28.7797832489014,-17.7400779724121,"Unknown"
"5020566",378623,2026-05-02 04:20:47,28.7799434661865,-17.7403869628906,"Unknown"
"5020566",378623,2026-05-02 04:30:47,28.7801914215088,-17.7408905029297,"Unknown"
"5020566",378623,2026-05-02 04:40:49,28.7803554534912,-17.741584777832,"Unknown"
"5020566",378623,2026-05-02 04:50:46,28.7807445526123,-17.7419624328613,"Unknown"
"5020566",378623,2026-05-02 05:00:48,28.781286239624,-17.7418746948242,"Unknown"
"5020566",378623,2026-05-02 05:10:49,28.7817916870117,-17.7418842315674,"Unknown"
"5020566",378623,2026-05-02 05:20:49,28.7823886871338,-17.7413806915283,"Unknown"
"5020566",378623,2026-05-02 05:30:50,28.7828750610352,-17.7407970428467,"Unknown"
"5020566",378623,2026-05-02 05:40:50,28.7835483551025,-17.7403450012207,"Unknown"
"5020566",378623,2026-05-02 05:50:51,28.7840347290039,-17.7399253845215,"Unknown"
"5020566",378623,2026-05-02 06:01:03,28.7846298217773,-17.7397403717041,"Unknown"
"5020566",378623,2026-05-02 06:10:47,28.7847862243652,-17.7401695251465,"Unknown"
"5020566",378623,2026-05-02 06:20:50,28.7916393280029,-17.7346019744873,"Unknown"
"5020566",378623,2026-05-02 06:32:12,28.8117332458496,-17.7313537597656,"Unknown"
"5020566",378623,2026-05-02 06:41:03,28.8086376190186,-17.7026596069336,"Unknown"
"5020566",378623,2026-05-02 06:50:50,28.8084182739258,-17.7032260894775,"Unknown"
"5020566",378623,2026-05-02 07:01:03,28.8080940246582,-17.7036018371582,"Unknown"
"5020566",378623,2026-05-02 07:10:48,28.7811145782471,-17.6638469696045,"Unknown"
"5020566",378623,2026-05-02 07:20:48,28.7407875061035,-17.660572052002,"Unknown"
"5020566",378623,2026-05-02 07:25:47,28.716064453125,-17.658411026001,"Unknown"
"5020566",378623,2026-05-02 07:36:03,28.7147483825684,-17.6593818664551,"Unknown"
"5020566",378623,2026-05-02 07:45:50,28.7135944366455,-17.6602916717529,"Unknown"
"5020566",378623,2026-05-02 07:55:50,28.7125015258789,-17.6615142822266,"Unknown"
"5020566",378623,2026-05-02 08:01:51,28.7256450653076,-17.6876564025879,"Unknown"
"5020566",378623,2026-05-02 08:07:12,28.7354640960693,-17.7099227905273,"Unknown"
"5020566",378623,2026-05-02 08:10:47,28.751636505127,-17.7064971923828,"Unknown"
"5020566",378623,2026-05-02 08:15:47,28.7726860046387,-17.6933193206787,"Unknown"
"5020566",378623,2026-05-02 08:20:49,28.7841033935547,-17.6708393096924,"Unknown"
"5020566",378623,2026-05-02 08:25:47,28.7812747955322,-17.6661701202393,"Unknown"
"5020566",378623,2026-05-02 08:30:49,28.7859706878662,-17.6698341369629,"Unknown"
"5020566",378623,2026-05-02 08:35:55,28.7883682250977,-17.6757888793945,"Unknown"
"5020566",378623,2026-05-02 08:40:49,28.7891178131104,-17.6782341003418,"Unknown"
"5020566",378623,2026-05-02 08:45:47,28.7923526763916,-17.6780967712402,"Unknown"
"5020566",378623,2026-05-02 08:50:49,28.7963962554932,-17.6800327301025,"Unknown"
"5020566",378623,2026-05-02 08:55:47,28.8005752563477,-17.6824817657471,"Unknown"
"5020566",378623,2026-05-02 09:00:49,28.8007011413574,-17.6833648681641,"Unknown"
"5020566",378623,2026-05-02 09:05:48,28.8006076812744,-17.684253692627,"Unknown"
"5020566",378623,2026-05-02 09:10:49,28.8004684448242,-17.6851768493652,"Unknown"
"5020566",378623,2026-05-02 09:15:49,28.800256729126,-17.6861667633057,"Unknown"
"5020566",378623,2026-05-02 09:20:49,28.800220489502,-17.6873550415039,"Unknown"
"5020566",378623,2026-05-02 09:25:48,28.8000717163086,-17.6883487701416,"Unknown"
"5020566",378623,2026-05-02 09:30:47,28.7999134063721,-17.6893978118896,"Unknown"
"5020566",378623,2026-05-02 09:35:48,28.799783706665,-17.6904430389404,"Unknown"
"5020566",378623,2026-05-02 09:40:49,28.7996635437012,-17.6915321350098,"Unknown"
"5020566",378623,2026-05-02 09:45:48,28.7995262145996,-17.6926078796387,"Unknown"
"5020566",378623,2026-05-02 09:50:49,28.799409866333,-17.6935043334961,"Unknown"
"5020566",378623,2026-05-02 09:55:52,28.7992687225342,-17.6945018768311,"Unknown"
"5020566",378623,2026-05-02 10:00:47,28.7995090484619,-17.6954689025879,"Unknown"
"5020566",378623,2026-05-02 10:05:51,28.8178081512451,-17.6926136016846,"Unknown"
"5020566",378623,2026-05-02 10:10:49,28.8055152893066,-17.6759700775146,"Unknown"
"5020566",378623,2026-05-02 10:15:52,28.7819538116455,-17.6803760528564,"Unknown"
"5020566",378623,2026-05-02 10:20:47,28.7551746368408,-17.69677734375,"Unknown"
"5020566",378623,2026-05-02 10:27:03,28.760196685791,-17.7226619720459,"Unknown"
"5020566",378623,2026-05-02 10:30:50,28.765308380127,-17.729118347168,"Unknown"
"5020566",378623,2026-05-02 10:35:50,28.774377822876,-17.724925994873,"Unknown"
"5020566",378623,2026-05-02 10:36:50,28.7698020935059,-17.7203159332275,"Unknown"
"5020566",378623,2026-05-02 10:42:03,28.768383026123,-17.7236042022705,"Unknown"
"5020566",378623,2026-05-02 10:46:50,28.7688655853271,-17.7247924804688,"Unknown"
"5020566",378623,2026-05-02 10:53:12,28.7551326751709,-17.7177600860596,"Unknown"
"5020566",378623,2026-05-02 10:57:03,28.7550468444824,-17.7177047729492,"Unknown"
"5020566",378623,2026-05-02 11:01:47,28.7483406066895,-17.7182426452637,"Unknown"
"5020566",378623,2026-05-02 11:06:49,28.744161605835,-17.717435836792,"Unknown"
"5020566",378623,2026-05-02 11:11:59,28.7411994934082,-17.7171401977539,"Unknown"
"5020566",378623,2026-05-02 11:16:49,28.7385196685791,-17.7167301177979,"Unknown"
"5020566",378623,2026-05-02 11:21:47,28.7359275817871,-17.7150001525879,"Unknown"
"5020566",378623,2026-05-02 11:26:49,28.7358322143555,-17.7165832519531,"Unknown"
"5020566",378623,2026-05-02 11:31:47,28.7364826202393,-17.7172241210938,"Unknown"
"5020566",378623,2026-05-02 11:36:49,28.7371711730957,-17.7175922393799,"Unknown"
"5020566",378623,2026-05-02 11:41:50,28.7378978729248,-17.7181644439697,"Unknown"
"5020566",378623,2026-05-02 11:46:48,28.7386741638184,-17.7184944152832,"Unknown"
"5020566",378623,2026-05-02 11:51:50,28.7395095825195,-17.7188968658447,"Unknown"
"5020566",378623,2026-05-02 11:56:52,28.7405643463135,-17.719295501709,"Unknown"
"5020566",378623,2026-05-02 12:01:50,28.7415962219238,-17.7198734283447,"Unknown"
"5020566",378623,2026-05-02 12:07:03,28.7427749633789,-17.7202014923096,"Unknown"
"5020566",378623,2026-05-02 12:11:48,28.7484245300293,-17.7183055877686,"Unknown"
"5020566",378623,2026-05-02 12:16:49,28.7582111358643,-17.7196083068848,"Unknown"
"5020566",378623,2026-05-02 12:21:47,28.7636432647705,-17.7237529754639,"Unknown"
"5020566",378623,2026-05-02 12:26:49,28.7662448883057,-17.7232398986816,"Unknown"
"5020566",378623,2026-05-02 12:31:48,28.7702522277832,-17.7278289794922,"Unknown"
"5020566",378623,2026-05-02 12:36:54,28.7704105377197,-17.7288112640381,"Unknown"
"5020566",378623,2026-05-02 12:37:48,28.7704391479492,-17.7289733886719,"Unknown"
"5020566",378623,2026-05-02 12:38:50,28.7704734802246,-17.7291297912598,"Unknown"
"5020566",378623,2026-05-02 12:39:47,28.7705249786377,-17.7293472290039,"Unknown"
"5020566",378623,2026-05-02 12:40:47,28.7705097198486,-17.7295436859131,"Unknown"
"5020566",378623,2026-05-02 12:41:49,28.7705402374268,-17.7297687530518,"Unknown"
"5020566",378623,2026-05-02 12:42:48,28.7705593109131,-17.7299785614014,"Unknown"
"5020566",378623,2026-05-02 12:43:47,28.7706146240234,-17.7301616668701,"Unknown"
"5020566",378623,2026-05-02 12:44:50,28.7705841064453,-17.7304153442383,"Unknown"
"5020566",378623,2026-05-02 12:45:50,28.7707252502441,-17.7305088043213,"Unknown"
"5020566",378623,2026-05-02 12:46:51,28.7701873779297,-17.7292881011963,"Unknown"
"5020566",378623,2026-05-02 12:47:49,28.7702922821045,-17.7294254302979,"Unknown"
"5020566",378623,2026-05-02 12:48:49,28.7702960968018,-17.729606628418,"Unknown"
"5020566",378623,2026-05-02 12:49:49,28.7703418731689,-17.7297821044922,"Unknown"
"5020566",378623,2026-05-02 12:50:50,28.7703247070312,-17.7300453186035,"Unknown"
"5020566",378623,2026-05-02 12:51:47,28.7703132629395,-17.7302494049072,"Unknown"
"5020566",378623,2026-05-02 12:52:49,28.7703285217285,-17.7304649353027,"Unknown"
"5020566",378623,2026-05-02 12:53:49,28.7703266143799,-17.7306652069092,"Unknown"
"5020566",378623,2026-05-02 12:54:49,28.7703647613525,-17.7308673858643,"Unknown"
"5020566",378623,2026-05-02 12:55:48,28.7703800201416,-17.7310485839844,"Unknown"
"5020566",378623,2026-05-02 12:56:49,28.7703952789307,-17.7312355041504,"Unknown"
"5020566",378623,2026-05-02 12:57:51,28.7704086303711,-17.731424331665,"Unknown"
"5020566",378623,2026-05-02 12:58:49,28.7704296112061,-17.7315635681152,"Unknown"
"5020566",378623,2026-05-02 12:59:49,28.7704410552979,-17.7317600250244,"Unknown"
"5020566",378623,2026-05-02 13:00:48,28.7704696655273,-17.7319431304932,"Unknown"
"5020566",378623,2026-05-02 13:01:50,28.7704811096191,-17.7321338653564,"Unknown"
"5020566",378623,2026-05-02 13:02:49,28.7705154418945,-17.7323246002197,"Unknown"
"5020566",378623,2026-05-02 13:03:49,28.7707633972168,-17.7331027984619,"Unknown"
"5020566",378623,2026-05-02 13:04:51,28.7709789276123,-17.7350597381592,"Unknown"
"5020566",378623,2026-05-02 13:05:50,28.7696666717529,-17.7360763549805,"Unknown"
"5020566",378623,2026-05-02 13:06:51,28.7696533203125,-17.7362213134766,"Unknown"
"5020566",378623,2026-05-02 13:07:52,28.7698936462402,-17.7369327545166,"Unknown"
"5020566",378623,2026-05-02 13:08:50,28.7709255218506,-17.7374286651611,"Unknown"
"5020566",378623,2026-05-02 13:11:12,28.76975440979,-17.7372760772705,"Unknown"
"5020566",378623,2026-05-02 13:11:25,28.7697677612305,-17.7372894287109,"Unknown"
"5020566",378623,2026-05-02 13:12:17,28.769832611084,-17.7373847961426,"Unknown"
"5020566",378623,2026-05-02 13:13:17,28.7699909210205,-17.7375049591064,"Unknown"
"5020566",378623,2026-05-02 13:14:18,28.773344039917,-17.7379703521729,"Unknown"
"5020566",378623,2026-05-02 13:15:18,28.7752304077148,-17.7395648956299,"Unknown"
"5020566",378623,2026-05-02 13:16:17,28.7808971405029,-17.7398281097412,"Unknown"
"5020566",378623,2026-05-02 13:17:19,28.7823429107666,-17.7394695281982,"Unknown"
"5020566",378623,2026-05-02 13:18:17,28.7824325561523,-17.7396278381348,"Unknown"
"5020566",378623,2026-05-02 13:19:17,28.7825183868408,-17.7397937774658,"Unknown"
"5020566",378623,2026-05-02 13:20:16,28.7825546264648,-17.7399272918701,"Unknown"
"5020566",378623,2026-05-02 13:21:18,28.7826271057129,-17.7400741577148,"Unknown"
"5020566",378623,2026-05-02 13:22:18,28.782678604126,-17.7402000427246,"Unknown"
"5020566",378623,2026-05-02 13:23:17,28.7827472686768,-17.7403221130371,"Unknown"
"5020566",378623,2026-05-02 13:24:17,28.7828063964844,-17.7404251098633,"Unknown"
"5020566",378623,2026-05-02 13:25:18,28.782865524292,-17.7405281066895,"Unknown"
"5020566",378623,2026-05-02 13:26:20,28.7829208374023,-17.7406463623047,"Unknown"
"5020566",378623,2026-05-02 13:27:20,28.7829856872559,-17.7407836914062,"Unknown"
"5020566",378623,2026-05-02 13:28:19,28.783031463623,-17.7408981323242,"Unknown"
"5020566",378623,2026-05-02 13:29:19,28.7830924987793,-17.7410335540771,"Unknown"
"5020566",378623,2026-05-02 13:30:17,28.7831573486328,-17.7411346435547,"Unknown"
"5020566",378623,2026-05-02 13:31:19,28.7832069396973,-17.7412490844727,"Unknown"
"5020566",378623,2026-05-02 13:32:17,28.7832565307617,-17.7413673400879,"Unknown"
"5020566",378623,2026-05-02 13:33:19,28.7833061218262,-17.741527557373,"Unknown"
"5020566",378623,2026-05-02 13:34:17,28.783390045166,-17.7415943145752,"Unknown"
"5020566",378623,2026-05-02 13:35:18,28.7834548950195,-17.7417411804199,"Unknown"
"5020566",378623,2026-05-02 13:36:17,28.7835693359375,-17.7417850494385,"Unknown"
"5020566",378623,2026-05-02 13:37:17,28.7836799621582,-17.7418689727783,"Unknown"
"5020566",378623,2026-05-02 13:38:20,28.7838325500488,-17.7419528961182,"Unknown"
"5020566",378623,2026-05-02 13:39:20,28.7839603424072,-17.7419910430908,"Unknown"
"5020566",378623,2026-05-02 13:40:19,28.7840919494629,-17.7421245574951,"Unknown"
"5020566",378623,2026-05-02 13:41:19,28.7842330932617,-17.7422389984131,"Unknown"
"5020566",378623,2026-05-02 13:42:19,28.7843685150146,-17.7423229217529,"Unknown"
"5020566",378623,2026-05-02 13:43:18,28.7844524383545,-17.7424411773682,"Unknown"
"5020566",378623,2026-05-02 13:44:19,28.7845458984375,-17.7425403594971,"Unknown"
"5020566",378623,2026-05-02 13:45:19,28.7845916748047,-17.7426242828369,"Unknown"
"5020566",378623,2026-05-02 13:46:20,28.7846488952637,-17.7427406311035,"Unknown"
"5020566",378623,2026-05-02 13:47:19,28.7847099304199,-17.7428703308105,"Unknown"
"5020566",378623,2026-05-02 13:48:17,28.7847690582275,-17.7429809570312,"Unknown"
"5020566",378623,2026-05-02 13:49:19,28.7848644256592,-17.7430171966553,"Unknown"
"5020566",378623,2026-05-02 13:50:20,28.7848892211914,-17.7430992126465,"Unknown"
"5020566",378623,2026-05-02 13:51:19,28.7848930358887,-17.7432346343994,"Unknown"
"5020566",378623,2026-05-02 13:52:19,28.7850017547607,-17.7432994842529,"Unknown"
"5020566",378623,2026-05-02 13:53:19,28.7850818634033,-17.7433776855469,"Unknown"
"5020566",378623,2026-05-02 13:54:17,28.7851753234863,-17.7434711456299,"Unknown"
"5020566",378623,2026-05-02 13:55:18,28.7852649688721,-17.7435741424561,"Unknown"
"5020566",378623,2026-05-02 13:56:23,28.7853412628174,-17.7436561584473,"Unknown"
"5020566",378623,2026-05-02 13:57:19,28.7853736877441,-17.7437362670898,"Unknown"
"5020566",378623,2026-05-02 13:58:18,28.7854194641113,-17.7438354492188,"Unknown"
"5020566",378623,2026-05-02 13:59:18,28.7855129241943,-17.7439193725586,"Unknown"
"5020566",378623,2026-05-02 14:00:18,28.7856121063232,-17.7439975738525,"Unknown"
"5020566",378623,2026-05-02 14:01:18,28.7857093811035,-17.7440357208252,"Unknown"
"5020566",378623,2026-05-02 14:02:17,28.7857971191406,-17.7441482543945,"Unknown"
"5020566",378623,2026-05-02 14:03:18,28.78586769104,-17.7442569732666,"Unknown"
"5020566",378623,2026-05-02 14:04:19,28.785961151123,-17.7443466186523,"Unknown"
"5020566",378623,2026-05-02 14:05:19,28.7860641479492,-17.7444534301758,"Unknown"
"5020566",378623,2026-05-02 14:06:19,28.7861747741699,-17.744535446167,"Unknown"
"5020566",378623,2026-05-02 14:07:17,28.7880821228027,-17.7437171936035,"Unknown"
"5020566",378623,2026-05-02 14:08:19,28.7939052581787,-17.7417964935303,"Unknown"
"5020566",378623,2026-05-02 14:09:18,28.7992534637451,-17.7402820587158,"Unknown"
"5020566",378623,2026-05-02 14:10:17,28.8051891326904,-17.7413368225098,"Unknown"
"5020566",378623,2026-05-02 14:11:17,28.8113079071045,-17.7411937713623,"Unknown"
"5020566",378623,2026-05-02 14:12:18,28.8154678344727,-17.737361907959,"Unknown"
"5020566",378623,2026-05-02 14:13:18,28.8206062316895,-17.7415294647217,"Unknown"
"5020566",378623,2026-05-02 14:14:19,28.8256893157959,-17.7455043792725,"Unknown"
"5020566",378623,2026-05-02 14:15:19,28.8283939361572,-17.7514305114746,"Unknown"
"5020566",378623,2026-05-02 14:16:22,28.8305225372314,-17.7549781799316,"Unknown"
"5020566",378623,2026-05-02 14:17:22,28.8305892944336,-17.7550926208496,"Unknown"
"5020566",378623,2026-05-02 14:18:20,28.8306484222412,-17.7552928924561,"Unknown"
"5020566",378623,2026-05-02 14:19:21,28.8306846618652,-17.7555084228516,"Unknown"
"5020566",378623,2026-05-02 14:20:21,28.8307933807373,-17.755672454834,"Unknown"
"5020566",378623,2026-05-02 14:21:20,28.8308734893799,-17.7558116912842,"Unknown"
"5020566",378623,2026-05-02 14:22:47,28.8309707641602,-17.7561302185059,"Unknown"
"5020566",378623,2026-05-02 14:23:22,28.8310108184814,-17.7562732696533,"Unknown"
"5020566",378623,2026-05-02 14:24:19,28.8310661315918,-17.7564735412598,"Unknown"
"5020566",378623,2026-05-02 14:25:17,28.8311328887939,-17.7567481994629,"Unknown"
"5020566",378623,2026-05-02 14:26:22,28.8311958312988,-17.7569160461426,"Unknown"
"5020566",378623,2026-05-02 14:27:33,28.83127784729,-17.7570953369141,"Unknown"
"5020566",378623,2026-05-02 14:28:19,28.8313865661621,-17.7572746276855,"Unknown"
"5020566",378623,2026-05-02 14:29:16,28.8314933776855,-17.7574520111084,"Unknown"
"5020566",378623,2026-05-02 14:30:16,28.8316097259521,-17.757625579834,"Unknown"
"5020566",378623,2026-05-02 14:31:16,28.8317165374756,-17.7578811645508,"Unknown"
"5020566",378623,2026-05-02 14:32:16,28.8318042755127,-17.75803565979,"Unknown"
"5020566",378623,2026-05-02 14:33:16,28.8319244384766,-17.7582244873047,"Unknown"
"5020566",378623,2026-05-02 14:34:16,28.8320388793945,-17.7583122253418,"Unknown"
"5020566",378623,2026-05-02 14:35:16,28.8321228027344,-17.7585391998291,"Unknown"
"5020566",378623,2026-05-02 14:36:16,28.8321914672852,-17.7586936950684,"Unknown"
"5020566",378623,2026-05-02 14:37:17,28.8332347869873,-17.7595329284668,"Unknown"
"5020566",378623,2026-05-02 14:38:16,28.8333644866943,-17.7596702575684,"Unknown"
"5020566",378623,2026-05-02 14:39:17,28.8334770202637,-17.7598133087158,"Unknown"
"5020566",378623,2026-05-02 14:40:16,28.8335647583008,-17.7599506378174,"Unknown"
"5020566",378623,2026-05-02 14:41:18,28.8336410522461,-17.7600898742676,"Unknown"
"5020566",378623,2026-05-02 14:42:16,28.8338088989258,-17.7602386474609,"Unknown"
"5020566",378623,2026-05-02 14:43:16,28.8337993621826,-17.7603588104248,"Unknown"
"5020566",378623,2026-05-02 14:44:16,28.8338737487793,-17.76047706604,"Unknown"
"5020566",378623,2026-05-02 14:45:16,28.8339328765869,-17.7605934143066,"Unknown"
"5020566",378623,2026-05-02 14:46:19,28.8340625762939,-17.7607536315918,"Unknown"
"5020566",378623,2026-05-02 14:47:16,28.8341636657715,-17.7608413696289,"Unknown"
"5020566",378623,2026-05-02 14:48:17,28.8342399597168,-17.7609691619873,"Unknown"
"5020566",378623,2026-05-02 14:49:19,28.8343162536621,-17.7611389160156,"Unknown"
"5020566",378623,2026-05-02 14:50:19,28.8343963623047,-17.7612819671631,"Unknown"
"5020566",378623,2026-05-02 14:51:19,28.8344631195068,-17.7614212036133,"Unknown"
"5020566",378623,2026-05-02 14:52:19,28.8345813751221,-17.7615356445312,"Unknown"
"5020566",378623,2026-05-02 14:53:19,28.8346481323242,-17.761661529541,"Unknown"
"5020566",378623,2026-05-02 14:54:17,28.8348598480225,-17.7617893218994,"Unknown"
"5020566",378623,2026-05-02 14:55:17,28.8348789215088,-17.7619323730469,"Unknown"
"5020566",378623,2026-05-02 14:56:17,28.8349666595459,-17.7620811462402,"Unknown"
"5020566",378623,2026-05-02 14:57:16,28.8350734710693,-17.7622509002686,"Unknown"
"5020566",378623,2026-05-02 14:58:17,28.8351745605469,-17.7623500823975,"Unknown"
"5020566",378623,2026-05-02 14:59:17,28.8352794647217,-17.7625102996826,"Unknown"
"5020566",378623,2026-05-02 15:00:17,28.8355331420898,-17.762638092041,"Unknown"
"5020566",378623,2026-05-02 15:01:17,28.8355693817139,-17.7628288269043,"Unknown"
"5020566",378623,2026-05-02 15:02:17,28.8379096984863,-17.7659816741943,"Unknown"
"5020566",378623,2026-05-02 15:03:16,28.8386783599854,-17.7680015563965,"Unknown"
"5020566",378623,2026-05-02 15:04:16,28.8388080596924,-17.7681636810303,"Unknown"
"5020566",378623,2026-05-02 15:05:17,28.8389015197754,-17.7683086395264,"Unknown"
"5020566",378623,2026-05-02 15:06:17,28.8390159606934,-17.7684593200684,"Unknown"
"5020566",378623,2026-05-02 15:07:19,28.8391361236572,-17.768611907959,"Unknown"
"5020566",378623,2026-05-02 15:08:18,28.8392333984375,-17.7687530517578,"Unknown"
"5020566",378623,2026-05-02 15:09:19,28.839334487915,-17.7688941955566,"Unknown"
"5020566",378623,2026-05-02 15:10:17,28.8394927978516,-17.7690315246582,"Unknown"
"5020566",378623,2026-05-02 15:11:16,28.8395767211914,-17.7691593170166,"Unknown"
"5020566",378623,2026-05-02 15:12:19,28.839693069458,-17.7693099975586,"Unknown"
"5020566",378623,2026-05-02 15:13:17,28.8397979736328,-17.7694282531738,"Unknown"
"5020566",378623,2026-05-02 15:14:18,28.8399257659912,-17.7695503234863,"Unknown"
"5020566",378623,2026-05-02 15:15:17,28.8400859832764,-17.7697048187256,"Unknown"
"5020566",378623,2026-05-02 15:16:17,28.8402309417725,-17.7698345184326,"Unknown"
"5020566",378623,2026-05-02 15:17:17,28.8402919769287,-17.7699451446533,"Unknown"
"5020566",378623,2026-05-02 15:18:17,28.8404750823975,-17.7700996398926,"Unknown"
"5020566",378623,2026-05-02 15:19:17,28.8406314849854,-17.7702693939209,"Unknown"
"5020566",378623,2026-05-02 15:20:19,28.8407363891602,-17.7704200744629,"Unknown"
"5020566",378623,2026-05-02 15:21:19,28.8408813476562,-17.7705593109131,"Unknown"
"5020566",378623,2026-05-02 15:22:18,28.8409881591797,-17.7706813812256,"Unknown"
"5020566",378623,2026-05-02 15:23:17,28.8395156860352,-17.7689208984375,"Unknown"
"5020566",378623,2026-05-02 15:24:18,28.8383865356445,-17.7663993835449,"Unknown"
"5020566",378623,2026-05-02 15:25:17,28.8385124206543,-17.7665538787842,"Unknown"
"5020566",378623,2026-05-02 15:26:18,28.8386154174805,-17.7666893005371,"Unknown"
"5020566",378623,2026-05-02 15:27:17,28.8387222290039,-17.7667617797852,"Unknown"
"5020566",378623,2026-05-02 15:28:21,28.8388233184814,-17.7670192718506,"Unknown"
"5020566",378623,2026-05-02 15:29:19,28.8389320373535,-17.7671432495117,"Unknown"
"5020566",378623,2026-05-02 15:30:19,28.8390159606934,-17.7672576904297,"Unknown"
"5020566",378623,2026-05-02 15:31:17,28.839168548584,-17.7674121856689,"Unknown"
"5020566",378623,2026-05-02 15:32:16,28.839262008667,-17.7675514221191,"Unknown"
"5020566",378623,2026-05-02 15:33:17,28.8393440246582,-17.7676963806152,"Unknown"
"5020566",378623,2026-05-02 15:34:17,28.8394775390625,-17.7677822113037,"Unknown"
"5020566",378623,2026-05-02 15:35:19,28.8395900726318,-17.767915725708,"Unknown"
"5020566",378623,2026-05-02 15:36:17,28.8401756286621,-17.7674903869629,"Unknown"
"5020566",378623,2026-05-02 15:37:17,28.8453502655029,-17.7667655944824,"Unknown"
"5020566",378623,2026-05-02 15:38:18,28.8504428863525,-17.7651405334473,"Unknown"
"5020566",378623,2026-05-02 15:39:19,28.8544673919678,-17.763521194458,"Unknown"
"5020566",378623,2026-05-02 15:40:17,28.8589572906494,-17.7634944915771,"Unknown"
"5020566",378623,2026-05-02 15:41:16,28.8608455657959,-17.7584056854248,"Unknown"
"5020566",378623,2026-05-02 15:42:17,28.8636169433594,-17.7562465667725,"Unknown"
"5020566",378623,2026-05-02 15:43:19,28.8659934997559,-17.7517833709717,"Unknown"
"5020566",378623,2026-05-02 15:48:17,28.8680000305176,-17.7384223937988,"Unknown"
"5020566",378623,2026-05-02 15:53:19,28.8704032897949,-17.7244644165039,"Unknown"
"5020566",378623,2026-05-02 15:58:19,28.8815212249756,-17.7112483978271,"Unknown"
"5020566",378623,2026-05-02 16:03:18,28.8741817474365,-17.7149276733398,"Unknown"
"5020566",378623,2026-05-02 16:08:17,28.8633079528809,-17.7216682434082,"Unknown"
"5020566",378623,2026-05-02 16:13:18,28.862455368042,-17.723051071167,"Unknown"
"5020566",378623,2026-05-02 16:18:19,28.8563461303711,-17.702693939209,"Unknown"
"5020566",378623,2026-05-02 16:23:17,28.8306541442871,-17.6968288421631,"Unknown"
"5020566",378623,2026-05-02 16:28:18,28.8417491912842,-17.7154560089111,"Unknown"
"5020566",378623,2026-05-02 16:33:20,28.8465957641602,-17.7123184204102,"Unknown"
"5020566",378623,2026-05-02 16:38:21,28.8473072052002,-17.7122478485107,"Unknown"
"5020566",378623,2026-05-02 16:43:17,28.8386268615723,-17.7133731842041,"Unknown"
"5020566",378623,2026-05-02 16:48:21,28.840015411377,-17.7156181335449,"Unknown"
"5020566",378623,2026-05-02 16:53:20,28.8402633666992,-17.7156143188477,"Unknown"
"5020566",378623,2026-05-02 17:04:17,28.8185214996338,-17.7030372619629,"Unknown"
"5020566",378623,2026-05-02 17:08:17,28.7993278503418,-17.6926460266113,"Unknown"
"5020566",378623,2026-05-02 17:13:17,28.7959213256836,-17.6882743835449,"Unknown"
"5020566",378623,2026-05-02 17:18:19,28.7686080932617,-17.6863269805908,"Unknown"
"5020566",378623,2026-05-02 17:23:17,28.7691078186035,-17.6860294342041,"Unknown"
"5020566",378623,2026-05-02 17:28:16,28.7646732330322,-17.6816730499268,"Unknown"
"5020566",378623,2026-05-02 17:33:18,28.746244430542,-17.663631439209,"Unknown"
"5020566",378623,2026-05-02 17:38:18,28.7457370758057,-17.6624221801758,"Unknown"
"5020566",378623,2026-05-02 17:43:18,28.7403087615967,-17.6614418029785,"Unknown"
"5020566",378623,2026-05-02 17:48:19,28.74245262146,-17.6954917907715,"Unknown"
"5020566",378623,2026-05-02 17:53:17,28.7592735290527,-17.7086296081543,"Unknown"
"5020566",378623,2026-05-02 17:58:19,28.7816181182861,-17.7238292694092,"Unknown"
"5020566",378623,2026-05-02 18:04:11,28.8115425109863,-17.7201709747314,"Unknown"
"5020566",378623,2026-05-02 18:08:17,28.8301868438721,-17.712121963501,"Unknown"
"5020566",378623,2026-05-02 18:13:17,28.8469524383545,-17.7009811401367,"Unknown"
"5020566",378623,2026-05-02 18:18:18,28.8564777374268,-17.7271347045898,"Unknown"
"5020566",378623,2026-05-02 18:23:18,28.874662399292,-17.7530860900879,"Unknown"
"5020566",378623,2026-05-02 18:24:18,28.878849029541,-17.7586193084717,"Unknown"
"5020566",378623,2026-05-02 18:29:18,28.882776260376,-17.7954902648926,"Unknown"
"5020566",378623,2026-05-02 18:34:18,28.8888359069824,-17.8280582427979,"Unknown"
"5020566",378623,2026-05-02 18:39:18,28.8922252655029,-17.8653316497803,"Unknown"
"5020566",378623,2026-05-02 18:44:18,28.8849983215332,-17.8989315032959,"Unknown"
"5020566",378623,2026-05-02 18:49:18,28.8775577545166,-17.9335193634033,"Unknown"
"5020566",378623,2026-05-02 18:54:19,28.873405456543,-17.9532718658447,"Unknown"
"5020566",378623,2026-05-02 18:59:18,28.891284942627,-17.9441871643066,"Unknown"
"5020566",378623,2026-05-02 19:04:20,28.9059886932373,-17.9265747070312,"Unknown"
"5020566",378623,2026-05-02 19:10:27,28.9283695220947,-17.9113464355469,"Unknown"
"5020566",378623,2026-05-02 19:14:20,28.9332599639893,-17.9137706756592,"Unknown"
"5020566",378623,2026-05-02 19:19:20,28.9335479736328,-17.9145622253418,"Unknown"
"5020566",378623,2026-05-02 19:24:20,28.9182453155518,-17.900276184082,"Unknown"
"5020566",378623,2026-05-02 19:29:19,28.8955688476562,-17.8884181976318,"Unknown"
"5020566",378623,2026-05-02 19:34:19,28.874683380127,-17.8807735443115,"Unknown"
"5020566",378623,2026-05-02 19:39:19,28.8703269958496,-17.8687152862549,"Unknown"
"5020566",378623,2026-05-02 19:44:19,28.8606700897217,-17.8545627593994,"Unknown"
"5020566",378623,2026-05-02 19:49:17,28.8607006072998,-17.8553428649902,"Unknown"
"5020566",378623,2026-05-02 19:50:19,28.8607025146484,-17.8554573059082,"Unknown"
"5020566",378623,2026-05-02 19:51:20,28.8607025146484,-17.8555908203125,"Unknown"
"5020566",378623,2026-05-02 19:52:18,28.8607177734375,-17.8557090759277,"Unknown"
"5020566",378623,2026-05-02 19:53:18,28.8607330322266,-17.8557987213135,"Unknown"
"5020566",378623,2026-05-02 19:54:18,28.8607406616211,-17.8559627532959,"Unknown"
"5020566",378623,2026-05-02 19:55:17,28.8607330322266,-17.856128692627,"Unknown"
"5020566",378623,2026-05-02 19:56:19,28.8607387542725,-17.8562908172607,"Unknown"
"5020566",378623,2026-05-02 19:57:18,28.8607330322266,-17.8564414978027,"Unknown"
"5020566",378623,2026-05-02 19:58:17,28.8607387542725,-17.8566150665283,"Unknown"
"5020566",378623,2026-05-02 19:59:17,28.860725402832,-17.856782913208,"Unknown"
"5020566",378623,2026-05-02 20:00:47,28.8607559204102,-17.8570652008057,"Unknown"
"5020566",378623,2026-05-02 20:01:18,28.8607501983643,-17.8571605682373,"Unknown"
"5020566",378623,2026-05-02 20:02:17,28.8607807159424,-17.8572902679443,"Unknown"
"5020566",378623,2026-05-02 20:03:18,28.8607978820801,-17.8574314117432,"Unknown"
"5020566",378623,2026-05-02 20:04:17,28.8608055114746,-17.8575839996338,"Unknown"
"5020566",378623,2026-05-02 20:05:18,28.8608074188232,-17.8577651977539,"Unknown"
"5020566",378623,2026-05-02 20:06:18,28.8608474731445,-17.8579807281494,"Unknown"
"5020566",378623,2026-05-02 20:07:18,28.8608722686768,-17.8581485748291,"Unknown"
"5020566",378623,2026-05-02 20:08:19,28.8608856201172,-17.8583030700684,"Unknown"
"5020566",378623,2026-05-02 20:09:18,28.8609142303467,-17.8584728240967,"Unknown"
"5020566",378623,2026-05-02 20:10:18,28.8609638214111,-17.85862159729,"Unknown"
"5020566",378623,2026-05-02 20:11:17,28.8610038757324,-17.8587207794189,"Unknown"
"5020566",378623,2026-05-02 20:12:18,28.8610210418701,-17.8588256835938,"Unknown"
"5020566",378623,2026-05-02 20:13:17,28.8610324859619,-17.8589935302734,"Unknown"
"5020566",378623,2026-05-02 20:14:18,28.8610458374023,-17.8591365814209,"Unknown"
"5020566",378623,2026-05-02 20:15:17,28.8610649108887,-17.8592376708984,"Unknown"
"5020566",378623,2026-05-02 20:16:18,28.8610420227051,-17.8593769073486,"Unknown"
"5020566",378623,2026-05-02 20:17:19,28.8610763549805,-17.859525680542,"Unknown"
"5020566",378623,2026-05-02 20:18:18,28.8610610961914,-17.8596267700195,"Unknown"
"5020566",378623,2026-05-02 20:19:18,28.8611278533936,-17.8597869873047,"Unknown"
"5020566",378623,2026-05-02 20:20:18,28.8611240386963,-17.8583755493164,"Unknown"
"5020566",378623,2026-05-02 20:21:19,28.8585166931152,-17.8545780181885,"Unknown"
"5020566",378623,2026-05-02 20:22:18,28.8568305969238,-17.8517875671387,"Unknown"
"5020566",378623,2026-05-02 20:23:18,28.8544330596924,-17.8484649658203,"Unknown"
"5020566",378623,2026-05-02 20:24:18,28.8537940979004,-17.8486213684082,"Unknown"
"5020566",378623,2026-05-02 20:25:18,28.8538303375244,-17.8487911224365,"Unknown"
"5020566",378623,2026-05-02 20:26:18,28.8538379669189,-17.8489570617676,"Unknown"
"5020566",378623,2026-05-02 20:27:18,28.8538627624512,-17.8491134643555,"Unknown"
"5020566",378623,2026-05-02 20:28:18,28.8539257049561,-17.8492946624756,"Unknown"
"5020566",378623,2026-05-02 20:29:18,28.8539409637451,-17.8494911193848,"Unknown"
"5020566",378623,2026-05-02 20:30:18,28.8539886474609,-17.8496532440186,"Unknown"
"5020566",378623,2026-05-02 20:31:18,28.8547096252441,-17.8491401672363,"Unknown"
"5020566",378623,2026-05-02 20:32:18,28.8548316955566,-17.8537712097168,"Unknown"
"5020566",378623,2026-05-02 20:33:18,28.8546657562256,-17.8540172576904,"Unknown"
"5020566",378623,2026-05-02 20:34:18,28.8547554016113,-17.8541831970215,"Unknown"
"5020566",378623,2026-05-02 20:35:18,28.854866027832,-17.8543338775635,"Unknown"
"5020566",378623,2026-05-02 20:36:18,28.8549709320068,-17.8544845581055,"Unknown"
"5020566",378623,2026-05-02 20:37:18,28.8551044464111,-17.8546009063721,"Unknown"
"5020566",378623,2026-05-02 20:38:18,28.8552055358887,-17.8547039031982,"Unknown"
"5020566",378623,2026-05-02 20:39:18,28.8552932739258,-17.8548126220703,"Unknown"
"5020566",378623,2026-05-02 20:40:17,28.8553581237793,-17.8549556732178,"Unknown"
"5020566",378623,2026-05-02 20:41:17,28.8554420471191,-17.8550720214844,"Unknown"
"5020566",378623,2026-05-02 20:42:18,28.8555088043213,-17.8551845550537,"Unknown"
"5020566",378623,2026-05-02 20:43:18,28.8555583953857,-17.855281829834,"Unknown"
"5020566",378623,2026-05-02 20:44:18,28.8555965423584,-17.8553695678711,"Unknown"
"5020566",378623,2026-05-02 20:45:18,28.8556003570557,-17.855525970459,"Unknown"
"5020566",378623,2026-05-02 20:46:18,28.8556098937988,-17.8556423187256,"Unknown"
"5020566",378623,2026-05-02 20:47:17,28.8556709289551,-17.855749130249,"Unknown"
"5020566",378623,2026-05-02 20:48:17,28.8556747436523,-17.8558864593506,"Unknown"
"5020566",378623,2026-05-02 20:49:18,28.8556823730469,-17.8560199737549,"Unknown"
"5020566",378623,2026-05-02 20:50:18,28.8557567596436,-17.856128692627,"Unknown"
"5020566",378623,2026-05-02 20:51:18,28.8558082580566,-17.8562240600586,"Unknown"
"5020566",378623,2026-05-02 20:52:19,28.8558197021484,-17.8563442230225,"Unknown"
"5020566",378623,2026-05-02 20:53:19,28.8556804656982,-17.8549919128418,"Unknown"
"5020566",378623,2026-05-02 20:54:18,28.8546695709229,-17.8576679229736,"Unknown"
"5020566",378623,2026-05-02 20:55:20,28.8540115356445,-17.8599720001221,"Unknown"
"5020566",378623,2026-05-02 20:56:18,28.8504047393799,-17.8569755554199,"Unknown"
"5020566",378623,2026-05-02 20:57:19,28.846004486084,-17.8546314239502,"Unknown"
"5020566",378623,2026-05-02 20:58:18,28.8427772521973,-17.8518047332764,"Unknown"
"5020566",378623,2026-05-02 20:59:18,28.8386325836182,-17.8512725830078,"Unknown"
"5020566",378623,2026-05-02 21:00:18,28.8392677307129,-17.8513832092285,"Unknown"
"5020566",378623,2026-05-02 21:01:20,28.8381004333496,-17.8501281738281,"Unknown"
"5020566",378623,2026-05-02 21:02:20,28.8370265960693,-17.8448543548584,"Unknown"
"5020566",378623,2026-05-02 21:03:19,28.8388290405273,-17.8402061462402,"Unknown"
"5020566",378623,2026-05-02 21:04:17,28.8403491973877,-17.8385334014893,"Unknown"
"5020566",378623,2026-05-02 21:05:20,28.8409957885742,-17.837776184082,"Unknown"
"5020566",378623,2026-05-02 21:06:20,28.8387222290039,-17.8328838348389,"Unknown"
"5020566",378623,2026-05-02 21:07:18,28.8412704467773,-17.8294086456299,"Unknown"
"5020566",378623,2026-05-02 21:08:18,28.8435363769531,-17.8303661346436,"Unknown"
"5020566",378623,2026-05-02 21:09:22,28.8455791473389,-17.829381942749,"Unknown"
"5020566",378623,2026-05-02 21:10:18,28.8457336425781,-17.8250160217285,"Unknown"
"5020566",378623,2026-05-02 21:11:18,28.8434104919434,-17.8201923370361,"Unknown"
"5020566",378623,2026-05-02 21:12:27,28.8413848876953,-17.8136405944824,"Unknown"
"5020566",378623,2026-05-02 21:13:18,28.8429164886475,-17.8096885681152,"Unknown"
"5020566",378623,2026-05-02 21:14:20,28.843334197998,-17.8034839630127,"Unknown"
"5020566",378623,2026-05-02 21:15:18,28.8422451019287,-17.7972812652588,"Unknown"
"5020566",378623,2026-05-02 21:16:18,28.8406295776367,-17.7909336090088,"Unknown"
"5020566",378623,2026-05-02 21:17:18,28.8383712768555,-17.7846240997314,"Unknown"
"5020566",378623,2026-05-02 21:18:19,28.8359794616699,-17.7776737213135,"Unknown"
"5020566",378623,2026-05-02 21:19:25,28.8350391387939,-17.7702713012695,"Unknown"
"5020566",378623,2026-05-02 21:20:17,28.8293838500977,-17.7666149139404,"Unknown"
"5020566",378623,2026-05-02 21:21:20,28.8218574523926,-17.7647075653076,"Unknown"
"5020566",378623,2026-05-02 21:22:17,28.8152484893799,-17.7638416290283,"Unknown"
"5020566",378623,2026-05-02 21:23:17,28.8081436157227,-17.762056350708,"Unknown"
"5020566",378623,2026-05-02 21:24:17,28.8012657165527,-17.7601528167725,"Unknown"
"5020566",378623,2026-05-02 21:25:18,28.7946090698242,-17.757043838501,"Unknown"
"5020566",378623,2026-05-02 21:26:17,28.7884559631348,-17.7534618377686,"Unknown"
"5020566",378623,2026-05-02 21:27:19,28.781192779541,-17.751350402832,"Unknown"
"5020566",378623,2026-05-02 21:28:17,28.774341583252,-17.7487354278564,"Unknown"
"5020566",378623,2026-05-02 21:29:17,28.7679996490479,-17.7451171875,"Unknown"
"5020566",378623,2026-05-02 21:30:20,28.7608203887939,-17.7412376403809,"Unknown"
"5020566",378623,2026-05-02 21:31:17,28.7552452087402,-17.7361469268799,"Unknown"
"5020566",378623,2026-05-02 21:32:17,28.7478694915771,-17.7324733734131,"Unknown"
"5020566",378623,2026-05-02 21:33:18,28.7403793334961,-17.7287902832031,"Unknown"
"5020566",378623,2026-05-02 21:34:17,28.7320384979248,-17.7281646728516,"Unknown"
"5020566",378623,2026-05-02 21:35:17,28.7237663269043,-17.7287769317627,"Unknown"
"5020566",378623,2026-05-02 21:36:20,28.7170543670654,-17.734203338623,"Unknown"
"5020566",378623,2026-05-02 21:37:17,28.7100315093994,-17.7386360168457,"Unknown"
"5020566",378623,2026-05-02 21:38:23,28.7049579620361,-17.7434787750244,"Unknown"
"5020566",378623,2026-05-02 21:39:17,28.7027397155762,-17.7465591430664,"Unknown"
"5020566",378623,2026-05-02 21:40:17,28.6998805999756,-17.7460021972656,"Unknown"
"5020566",378623,2026-05-02 21:41:18,28.6998767852783,-17.7478046417236,"Unknown"
"5020566",378623,2026-05-02 21:42:17,28.6992073059082,-17.7480659484863,"Unknown"
"5020566",378623,2026-05-02 21:43:20,28.6967124938965,-17.7499656677246,"Unknown"
"5020566",378623,2026-05-02 21:44:17,28.6995716094971,-17.7550029754639,"Unknown"
"5020566",378623,2026-05-02 21:45:19,28.6977958679199,-17.761604309082,"Unknown"
"5020566",378623,2026-05-02 21:46:17,28.6965084075928,-17.763219833374,"Unknown"
"5020566",378623,2026-05-02 21:47:16,28.6952323913574,-17.7651100158691,"Unknown"
"5020566",378623,2026-05-02 21:48:18,28.6933765411377,-17.7686462402344,"Unknown"
"5020566",378623,2026-05-02 21:49:17,28.6932010650635,-17.7700233459473,"Unknown"
"5020566",378623,2026-05-02 21:50:17,28.69162940979,-17.7737236022949,"Unknown"
"5020566",378623,2026-05-02 21:51:20,28.6906623840332,-17.7737655639648,"Unknown"
"5020566",378623,2026-05-02 21:52:18,28.6927795410156,-17.774694442749,"Unknown"
"5020566",378623,2026-05-02 21:53:18,28.692253112793,-17.7757587432861,"Unknown"
"5020566",378623,2026-05-02 21:54:18,28.6913566589355,-17.7788982391357,"Unknown"
"5020566",378623,2026-05-02 21:55:17,28.69091796875,-17.7785778045654,"Unknown"
"5020566",378623,2026-05-02 21:56:19,28.6890888214111,-17.7808933258057,"Unknown"
"5020566",378623,2026-05-02 21:57:19,28.6854934692383,-17.7768745422363,"Unknown"
"5020566",378623,2026-05-02 21:58:17,28.684196472168,-17.7777137756348,"Unknown"
"5020566",378623,2026-05-02 21:59:17,28.6841487884521,-17.7782459259033,"Unknown"
"5020566",378623,2026-05-02 22:00:20,28.6841926574707,-17.7794246673584,"Unknown"
"5020566",378623,2026-05-02 22:01:18,28.6813182830811,-17.7825584411621,"Unknown"
"5020566",378623,2026-05-02 22:02:19,28.680061340332,-17.7776985168457,"Unknown"
"5020566",378623,2026-05-02 22:03:18,28.6788749694824,-17.778263092041,"Unknown"
"5020566",378623,2026-05-02 22:04:20,28.6743602752686,-17.7826385498047,"Unknown"
"5020566",378623,2026-05-02 22:05:20,28.6744747161865,-17.785888671875,"Unknown"
"5020566",378623,2026-05-02 22:06:21,28.6720008850098,-17.7883148193359,"Unknown"
"5020566",378623,2026-05-02 22:07:20,28.6688861846924,-17.7879772186279,"Unknown"
"5020566",378623,2026-05-02 22:08:21,28.6707324981689,-17.7827339172363,"Unknown"
"5020566",378623,2026-05-02 22:09:19,28.6718406677246,-17.7776470184326,"Unknown"
"5020566",378623,2026-05-02 22:10:20,28.6774673461914,-17.7762508392334,"Unknown"
"5020566",378623,2026-05-02 22:11:20,28.6835269927979,-17.7741661071777,"Unknown"
"5020566",378623,2026-05-02 22:12:47,28.6906471252441,-17.7689666748047,"Unknown"
"5020566",378623,2026-05-02 22:13:18,28.6895885467529,-17.7675399780273,"Unknown"
"5020566",378623,2026-05-02 22:14:19,28.6889228820801,-17.7658615112305,"Unknown"
"5020566",378623,2026-05-02 22:15:18,28.6893863677979,-17.766149520874,"Unknown"
"5020566",378623,2026-05-02 22:16:18,28.6897163391113,-17.7652320861816,"Unknown"
"5020566",378623,2026-05-02 22:17:19,28.6910362243652,-17.7652645111084,"Unknown"
"5020566",378623,2026-05-02 22:18:18,28.6937026977539,-17.7665672302246,"Unknown"
"5020566",378623,2026-05-02 22:19:18,28.6988258361816,-17.7678108215332,"Unknown"
"5020566",378623,2026-05-02 22:20:18,28.7007427215576,-17.7739772796631,"Unknown"
"5020566",378623,2026-05-02 22:21:18,28.7060604095459,-17.7770824432373,"Unknown"
"5020566",378623,2026-05-02 22:22:19,28.7071895599365,-17.7828960418701,"Unknown"
"5020566",378623,2026-05-02 22:23:19,28.7060642242432,-17.7895412445068,"Unknown"
"5020566",378623,2026-05-02 22:24:19,28.7041645050049,-17.7964324951172,"Unknown"
"5020566",378623,2026-05-02 22:25:20,28.7051773071289,-17.8054847717285,"Unknown"
"5020566",378623,2026-05-02 22:26:22,28.7075462341309,-17.8133735656738,"Unknown"
"5020566",378623,2026-05-02 22:27:22,28.707160949707,-17.8146286010742,"Unknown"
"5020566",378623,2026-05-02 22:28:24,28.7071781158447,-17.8147888183594,"Unknown"
"5020566",378623,2026-05-02 22:29:18,28.7071762084961,-17.8149242401123,"Unknown"
"5020566",378623,2026-05-02 22:30:24,28.7071895599365,-17.8147830963135,"Unknown"
"5020566",378623,2026-05-02 22:31:23,28.7071838378906,-17.8146781921387,"Unknown"
"5020566",378623,2026-05-02 22:32:25,28.7071723937988,-17.8150653839111,"Unknown"
"5020566",378623,2026-05-02 22:33:32,28.7071895599365,-17.8147583007812,"Unknown"
"5020566",378623,2026-05-02 22:34:35,28.7072219848633,-17.8150978088379,"Unknown"
"5020566",378623,2026-05-02 22:35:29,28.7071571350098,-17.8148365020752,"Unknown"
"5020566",378623,2026-05-02 22:36:42,28.7071189880371,-17.8148612976074,"Unknown"
"5020566",378623,2026-05-02 22:37:36,28.7070960998535,-17.8148345947266,"Unknown"
"5020566",378623,2026-05-02 22:38:27,28.7071533203125,-17.8150997161865,"Unknown"
"5020566",378623,2026-05-02 22:39:28,28.7070999145508,-17.8149108886719,"Unknown"
"5020566",378623,2026-05-02 22:40:22,28.7072582244873,-17.8149738311768,"Unknown"
"5020566",378623,2026-05-02 22:41:22,28.7072200775146,-17.8148059844971,"Unknown"
"5020566",378623,2026-05-02 22:42:28,28.7069969177246,-17.8151893615723,"Unknown"
"5020566",378623,2026-05-02 22:43:23,28.7071914672852,-17.8149909973145,"Unknown"
"5020566",378623,2026-05-02 22:44:25,28.7072219848633,-17.8148384094238,"Unknown"
"5020566",378623,2026-05-02 22:45:30,28.7072830200195,-17.814884185791,"Unknown"
"5020566",378623,2026-05-02 22:46:30,28.7070236206055,-17.8149166107178,"Unknown"
"5020566",378623,2026-05-02 22:47:22,28.7072372436523,-17.8149547576904,"Unknown"
"5020566",378623,2026-05-02 22:48:34,28.7069969177246,-17.8150863647461,"Unknown"
"5020566",378623,2026-05-02 22:49:36,28.7071590423584,-17.8148345947266,"Unknown"
"5020566",378623,2026-05-02 22:50:24,28.7071571350098,-17.8149471282959,"Unknown"
"5020566",378623,2026-05-02 22:51:23,28.7070789337158,-17.8151035308838,"Unknown"
"5020566",378623,2026-05-02 22:52:31,28.7069797515869,-17.8150177001953,"Unknown"
"5020566",378623,2026-05-02 22:53:28,28.7070999145508,-17.8148956298828,"Unknown"
"5020566",378623,2026-05-02 22:54:28,28.7069969177246,-17.8150749206543,"Unknown"
"5020566",378623,2026-05-02 22:55:27,28.7068519592285,-17.8151893615723,"Unknown"
"5020566",378623,2026-05-02 22:56:26,28.7068939208984,-17.8152027130127,"Unknown"
"5020566",378623,2026-05-02 22:57:33,28.7071094512939,-17.815034866333,"Unknown"
"5020566",378623,2026-05-02 22:58:25,28.7070903778076,-17.8149566650391,"Unknown"
"5020566",378623,2026-05-02 23:49:47,28.6678981781006,-17.7380867004395,"Unknown"
"5020566",378623,2026-05-02 23:59:20,28.591703414917,-17.7060222625732,"Unknown"
"5020566",378623,2026-05-03 00:09:20,28.558126449585,-17.6945457458496,"Unknown"
"5020566",378623,2026-05-03 00:19:17,28.4930419921875,-17.6680793762207,"Unknown"
"5020566",378623,2026-05-03 00:29:20,28.4290161132812,-17.6411724090576,"Unknown"
"5020566",378623,2026-05-03 00:39:20,28.3671321868896,-17.6149578094482,"Unknown"
"5020566",378623,2026-05-03 00:49:29,28.3033008575439,-17.5889091491699,"Unknown"
"5020566",378623,2026-05-03 01:00:43,28.2361431121826,-17.5566101074219,"Unknown"
"5020566",378623,2026-05-03 01:10:27,28.182336807251,-17.5275630950928,"Unknown"
"5020566",378623,2026-05-03 01:19:18,28.1384181976318,-17.4951400756836,"Unknown"
"5020566",378623,2026-05-03 01:29:20,28.0910873413086,-17.4543323516846,"Unknown"
"5020566",378623,2026-05-03 01:39:18,28.0648174285889,-17.4011840820312,"Unknown"
"5020566",378623,2026-05-03 01:50:43,28.0487174987793,-17.334321975708,"Unknown"
"5020566",378623,2026-05-03 01:59:47,28.0505485534668,-17.3350715637207,"Unknown"
"5020566",378623,2026-05-03 02:09:17,28.0524940490723,-17.3359279632568,"Unknown"
"5020566",378623,2026-05-03 02:19:18,28.0601959228516,-17.3368339538574,"Unknown"
"5020566",378623,2026-05-03 02:29:19,28.0553455352783,-17.3287963867188,"Unknown"
"5020566",378623,2026-05-03 02:39:17,28.0567760467529,-17.329906463623,"Unknown"
"5020566",378623,2026-05-03 02:49:17,28.0578689575195,-17.3316287994385,"Unknown"
"5020566",378623,2026-05-03 02:59:17,28.0591487884521,-17.3332271575928,"Unknown"
"5020566",378623,2026-05-03 03:09:17,28.0514316558838,-17.3311462402344,"Unknown"
"5020566",378623,2026-05-03 03:19:17,28.0462322235107,-17.3319835662842,"Unknown"
"5020566",378623,2026-05-03 03:29:19,28.005298614502,-17.293342590332,"Unknown"
"5020566",378623,2026-05-03 03:39:20,27.981517791748,-17.2245578765869,"Unknown"
"5020566",378623,2026-05-03 03:50:21,27.9907531738281,-17.1572761535645,"Unknown"
"5020566",378623,2026-05-03 04:29:46,27.9709854125977,-16.9603290557861,"Unknown"
"5020566",378623,2026-05-03 04:39:17,27.9715709686279,-16.9596118927002,"Unknown"
"5020566",378623,2026-05-03 04:49:17,27.9722557067871,-16.9586086273193,"Unknown"
"5020566",378623,2026-05-03 04:59:17,27.9642581939697,-16.9495315551758,"Unknown"
"5020566",378623,2026-05-03 05:09:17,27.9642753601074,-16.9488735198975,"Unknown"
"5020566",378623,2026-05-03 05:19:18,27.9642391204834,-16.9482841491699,"Unknown"
"5020566",378623,2026-05-03 05:29:19,27.945837020874,-16.9379367828369,"Unknown"
"5020566",378623,2026-05-03 05:39:17,27.8904972076416,-16.8970108032227,"Unknown"
"5020566",378623,2026-05-03 05:49:19,27.8578567504883,-16.8776245117188,"Unknown"
"5020566",378623,2026-05-03 05:59:19,27.8225898742676,-16.8596019744873,"Unknown"
"5020566",378623,2026-05-03 06:09:21,27.788459777832,-16.8337650299072,"Unknown"
"5020566",378623,2026-05-03 06:19:20,27.7409744262695,-16.815450668335,"Unknown"
"5020566",378623,2026-05-03 06:29:21,27.720682144165,-16.8101577758789,"Unknown"
"5020566",378623,2026-05-03 06:39:21,27.673131942749,-16.7940216064453,"Unknown"
"5020566",378623,2026-05-03 06:49:21,27.6185874938965,-16.7714653015137,"Unknown"
"5020566",378623,2026-05-03 06:59:20,27.5617504119873,-16.7469024658203,"Unknown"
"5020566",378623,2026-05-03 07:20:35,27.4436931610107,-16.6880035400391,"Unknown"
"5020566",378623,2026-05-03 07:29:20,27.3980293273926,-16.657434463501,"Unknown"
"5020566",378623,2026-05-03 07:39:21,27.3516330718994,-16.61350440979,"Unknown"
"5020566",378623,2026-05-03 07:49:20,27.3080635070801,-16.5669574737549,"Unknown"
"5020566",378623,2026-05-03 07:59:18,27.2665176391602,-16.5186080932617,"Unknown"
"5020566",378623,2026-05-03 08:09:18,27.24245262146,-16.4851894378662,"Unknown"
"5020566",378623,2026-05-03 08:19:20,27.2299251556396,-16.4626274108887,"Unknown"
"5020566",378623,2026-05-03 08:29:18,27.2107582092285,-16.4241466522217,"Unknown"
"5020566",378623,2026-05-03 08:39:30,27.1867065429688,-16.3799800872803,"Unknown"
"5020566",378623,2026-05-03 08:44:21,27.1773262023926,-16.3654193878174,"Unknown"
"5020566",378623,2026-05-03 08:49:18,27.1694297790527,-16.3457870483398,"Unknown"
"5020566",378623,2026-05-03 08:54:18,27.1669635772705,-16.3428363800049,"Unknown"
"5020566",378623,2026-05-03 08:59:19,27.1658687591553,-16.3399963378906,"Unknown"
"5020566",378623,2026-05-03 09:04:20,27.1611099243164,-16.3389797210693,"Unknown"
"5020566",378623,2026-05-03 09:09:20,27.1599082946777,-16.3350830078125,"Unknown"
"5020566",378623,2026-05-03 09:14:18,27.1577434539795,-16.332576751709,"Unknown"
"5020566",378623,2026-05-03 09:19:30,27.1554050445557,-16.3309211730957,"Unknown"
"5020566",378623,2026-05-03 09:24:20,27.1483154296875,-16.3238105773926,"Unknown"
"5020566",378623,2026-05-03 09:29:17,27.1402492523193,-16.3068161010742,"Unknown"
"5020566",378623,2026-05-03 09:34:20,27.13649559021,-16.301929473877,"Unknown"
"5020566",378623,2026-05-03 09:39:21,27.1337375640869,-16.2969951629639,"Unknown"
"5020566",378623,2026-05-03 09:44:20,27.1297206878662,-16.2934608459473,"Unknown"
"5020566",378623,2026-05-03 09:49:21,27.1273040771484,-16.2873859405518,"Unknown"
"5020566",378623,2026-05-03 09:55:43,27.1244659423828,-16.2794437408447,"Unknown"
"5020566",378623,2026-05-03 10:10:21,27.1219959259033,-16.2742385864258,"Unknown"
"5020566",378623,2026-05-03 10:14:17,27.120491027832,-16.2713508605957,"Unknown"
"5020566",378623,2026-05-03 10:19:18,27.1174144744873,-16.2730884552002,"Unknown"
"5020566",378623,2026-05-03 10:24:22,27.1144599914551,-16.2766780853271,"Unknown"
"5020566",378623,2026-05-03 10:29:20,27.1134395599365,-16.2760238647461,"Unknown"
"5020566",378623,2026-05-03 10:34:20,27.1098461151123,-16.2760601043701,"Unknown"
"5020566",378623,2026-05-03 10:39:24,27.1105346679688,-16.2759628295898,"Unknown"
"5020566",378623,2026-05-03 10:44:17,27.1154289245605,-16.2713241577148,"Unknown"
"5020566",378623,2026-05-03 10:49:20,27.1185398101807,-16.2701282501221,"Unknown"
"5020566",378623,2026-05-03 10:54:21,27.121654510498,-16.2672939300537,"Unknown"
"5020566",378623,2026-05-03 10:59:51,27.1232070922852,-16.2632293701172,"Unknown"
"5020566",378623,2026-05-03 11:04:17,27.1251201629639,-16.2588768005371,"Unknown"
"5020566",378623,2026-05-03 11:09:20,27.1233062744141,-16.2535877227783,"Unknown"
"5020566",378623,2026-05-03 11:14:17,27.1211833953857,-16.2480049133301,"Unknown"
"5020566",378623,2026-05-03 11:19:22,27.1204090118408,-16.2422790527344,"Unknown"
"5020566",378623,2026-05-03 11:24:17,27.1179656982422,-16.2383003234863,"Unknown"
"5020566",378623,2026-05-03 11:29:20,27.1139144897461,-16.2341156005859,"Unknown"
"5020566",378623,2026-05-03 11:34:21,27.1105785369873,-16.2282104492188,"Unknown"
"5020566",378623,2026-05-03 11:39:17,27.1067543029785,-16.2234058380127,"Unknown"
"5020566",378623,2026-05-03 11:48:44,27.1010875701904,-16.2145805358887,"Unknown"
"5020566",378623,2026-05-03 11:53:42,27.1006240844727,-16.2146434783936,"Unknown"
"5020566",378623,2026-05-03 11:58:43,27.1001567840576,-16.2147960662842,"Unknown"
"5020566",378623,2026-05-03 12:03:45,27.0996074676514,-16.2148513793945,"Unknown"
"5020566",378623,2026-05-03 12:08:43,27.0905055999756,-16.1982536315918,"Unknown"
"5020566",378623,2026-05-03 12:13:46,27.0882339477539,-16.2029590606689,"Unknown"
"5020566",378623,2026-05-03 12:18:45,27.0846462249756,-16.2026252746582,"Unknown"
"5020566",378623,2026-05-03 12:23:45,27.0824947357178,-16.2020225524902,"Unknown"
"5020566",378623,2026-05-03 12:28:45,27.0814609527588,-16.2024116516113,"Unknown"
"5020566",378623,2026-05-03 12:33:46,27.0810222625732,-16.2040767669678,"Unknown"
"5020566",378623,2026-05-03 12:38:45,27.079948425293,-16.2043800354004,"Unknown"
"5020566",378623,2026-05-03 12:43:46,27.0758819580078,-16.2059497833252,"Unknown"
"5020566",378623,2026-05-03 12:48:45,27.0739078521729,-16.2091159820557,"Unknown"
"5020566",378623,2026-05-03 12:53:45,27.0732746124268,-16.2115821838379,"Unknown"
"5020566",378623,2026-05-03 12:58:46,27.073844909668,-16.2134304046631,"Unknown"
"5020566",378623,2026-05-03 13:05:04,27.0643844604492,-16.207540512085,"Unknown"
"5020566",378623,2026-05-03 13:08:45,27.053617477417,-16.191837310791,"Unknown"
"5020566",378623,2026-05-03 13:13:45,27.0543842315674,-16.1644248962402,"Unknown"
"5020566",378623,2026-05-03 13:19:51,27.0580940246582,-16.1335124969482,"Unknown"
"5020566",378623,2026-05-03 13:23:44,27.0467395782471,-16.1126041412354,"Unknown"
"5020566",378623,2026-05-03 13:28:43,27.0262584686279,-16.0896606445312,"Unknown"
"5020566",378623,2026-05-03 13:33:44,27.011604309082,-16.0775032043457,"Unknown"
"5020566",378623,2026-05-03 13:38:43,27.0073986053467,-16.0778560638428,"Unknown"
"5020566",378623,2026-05-03 13:43:43,27.0060501098633,-16.0810241699219,"Unknown"
"5020566",378623,2026-05-03 13:48:47,27.0031623840332,-16.0817947387695,"Unknown"
"5020566",378623,2026-05-03 13:53:44,27.0032405853271,-16.082202911377,"Unknown"
"5020566",378623,2026-05-03 13:58:46,27.0001735687256,-16.0836067199707,"Unknown"
"5020566",378623,2026-05-03 14:03:45,26.994255065918,-16.0834503173828,"Unknown"
"5020566",378623,2026-05-03 14:08:45,26.9940700531006,-16.0848503112793,"Unknown"
"5020566",378623,2026-05-03 14:13:45,26.9911861419678,-16.0847415924072,"Unknown"
"5020566",378623,2026-05-03 14:18:43,26.9897365570068,-16.0868053436279,"Unknown"
"5020566",378623,2026-05-03 14:23:46,26.9884166717529,-16.0886325836182,"Unknown"
"5020566",378623,2026-05-03 14:28:47,26.9853324890137,-16.089729309082,"Unknown"
"5020566",378623,2026-05-03 14:34:03,26.9831428527832,-16.090763092041,"Unknown"
"5020566",378623,2026-05-03 14:38:42,26.9808807373047,-16.0909576416016,"Unknown"
"5020566",378623,2026-05-03 14:43:44,26.9802932739258,-16.0943088531494,"Unknown"
"5020566",378623,2026-05-03 14:48:42,26.9783573150635,-16.0959606170654,"Unknown"
"5020566",378623,2026-05-03 14:53:42,26.9788284301758,-16.0963821411133,"Unknown"
"5020566",378623,2026-05-03 14:58:42,26.9801959991455,-16.0959510803223,"Unknown"
"5020566",378623,2026-05-03 15:03:43,26.980655670166,-16.0960597991943,"Unknown"
"5020566",378623,2026-05-03 15:08:43,26.9811916351318,-16.0961799621582,"Unknown"
"5020566",378623,2026-05-03 15:13:42,26.9811668395996,-16.0913715362549,"Unknown"
"5020566",378623,2026-05-03 15:18:43,26.9825592041016,-16.0911350250244,"Unknown"
"5020566",378623,2026-05-03 15:23:43,26.9929141998291,-16.0788249969482,"Unknown"
"5020566",378623,2026-05-03 15:28:44,27.0022659301758,-16.0585269927979,"Unknown"
"5020566",378623,2026-05-03 15:33:45,26.9999942779541,-16.0338153839111,"Unknown"
"5020566",378623,2026-05-03 15:38:43,26.9932498931885,-16.0071067810059,"Unknown"
"5020566",378623,2026-05-03 15:48:43,26.9888668060303,-15.9854946136475,"Unknown"
"5020566",378623,2026-05-03 15:53:43,26.991361618042,-15.9869976043701,"Unknown"
"5020566",378623,2026-05-03 15:58:44,26.9938316345215,-15.9772338867188,"Unknown"
"5020566",378623,2026-05-03 16:03:43,26.9805850982666,-15.9512176513672,"Unknown"
"5020566",378623,2026-05-03 16:08:42,26.9653396606445,-15.9253358840942,"Unknown"
"5020566",378623,2026-05-03 16:13:43,26.9501285552979,-15.8983240127563,"Unknown"
"5020566",378623,2026-05-03 16:18:44,26.9332962036133,-15.8725938796997,"Unknown"
"5020566",378623,2026-05-03 16:23:44,26.9208507537842,-15.8451986312866,"Unknown"
"5020566",378623,2026-05-03 16:28:43,26.9097671508789,-15.8265714645386,"Unknown"
"5020566",378623,2026-05-03 16:33:42,26.8868427276611,-15.8044195175171,"Unknown"
"5020566",378623,2026-05-03 16:38:43,26.8675193786621,-15.7779483795166,"Unknown"
"5020566",378623,2026-05-03 16:43:44,26.8479766845703,-15.7552127838135,"Unknown"
"5020566",378623,2026-05-03 16:48:44,26.8267707824707,-15.7319097518921,"Unknown"
"5020566",378623,2026-05-03 16:53:44,26.8012142181396,-15.7186136245728,"Unknown"
"5020566",378623,2026-05-03 16:58:44,26.8019275665283,-15.7187376022339,"Unknown"
"5020566",378623,2026-05-03 17:03:44,26.7873783111572,-15.7088193893433,"Unknown"
"5020566",378623,2026-05-03 17:08:44,26.760160446167,-15.6897974014282,"Unknown"
"5020566",378623,2026-05-03 17:13:44,26.7343235015869,-15.6683216094971,"Unknown"
"5020566",378623,2026-05-03 17:18:44,26.7083683013916,-15.6451921463013,"Unknown"
"5020566",378623,2026-05-03 17:25:08,26.6781368255615,-15.6126918792725,"Unknown"
"5020566",378623,2026-05-03 17:30:08,26.6548614501953,-15.5856876373291,"Unknown"
"5020566",378623,2026-05-03 17:35:08,26.6384544372559,-15.5585165023804,"Unknown"
"5020566",378623,2026-05-03 17:40:08,26.6207733154297,-15.5318441390991,"Unknown"
"5020566",378623,2026-05-03 17:45:08,26.5961933135986,-15.5055150985718,"Unknown"
"5020566",378623,2026-05-03 17:50:08,26.5699043273926,-15.4816818237305,"Unknown"
"5020566",378623,2026-05-03 17:55:08,26.54931640625,-15.4530038833618,"Unknown"
"5020566",378623,2026-05-03 19:04:02,26.2836933135986,-15.0935249328613,"Unknown"
"5020566",378623,2026-05-03 19:08:43,26.2701377868652,-15.0810613632202,"Unknown"
"5020566",378623,2026-05-03 19:13:44,26.2458057403564,-15.0563697814941,"Unknown"
"5020566",378623,2026-05-03 19:18:42,26.2160511016846,-15.0305767059326,"Unknown"
"5020566",378623,2026-05-03 19:23:45,26.1898193359375,-15.0028429031372,"Unknown"
"5020566",378623,2026-05-03 19:28:43,26.1750411987305,-14.9814319610596,"Unknown"
"5020566",378623,2026-05-03 19:33:43,26.152400970459,-14.9490118026733,"Unknown"
"5020566",378623,2026-05-03 19:38:43,26.1340770721436,-14.9174900054932,"Unknown"
"5020566",378623,2026-05-03 19:48:46,26.1010322570801,-14.8556823730469,"Unknown"
"5020566",378623,2026-05-03 19:53:46,26.0861263275146,-14.8258514404297,"Unknown"
"5020566",378623,2026-05-03 19:58:46,26.0750274658203,-14.7974662780762,"Unknown"
"5020566",378623,2026-05-03 20:03:43,26.0681304931641,-14.7692604064941,"Unknown"
"5020566",378623,2026-05-03 20:08:44,26.0632858276367,-14.7426910400391,"Unknown"
"5020566",378623,2026-05-03 20:13:45,26.0595664978027,-14.7164173126221,"Unknown"
"5020566",378623,2026-05-03 20:19:03,26.0580463409424,-14.7052278518677,"Unknown"
"5020566",378623,2026-05-03 20:23:43,26.0562953948975,-14.706750869751,"Unknown"
"5020566",378623,2026-05-03 20:28:44,26.0543270111084,-14.7081136703491,"Unknown"
"5020566",378623,2026-05-03 20:33:43,26.0525341033936,-14.7094841003418,"Unknown"
"5020566",378623,2026-05-03 20:38:44,26.0506896972656,-14.7108545303345,"Unknown"
"5020566",378623,2026-05-03 20:43:43,26.0489654541016,-14.7123832702637,"Unknown"
"5020566",378623,2026-05-03 20:48:43,26.0471954345703,-14.7139654159546,"Unknown"
"5020566",378623,2026-05-03 20:53:44,26.0454444885254,-14.7155294418335,"Unknown"
"5020566",378623,2026-05-03 20:58:43,26.0436592102051,-14.7169694900513,"Unknown"
"5020566",378623,2026-05-03 21:03:44,26.0418281555176,-14.7184391021729,"Unknown"
"5020566",378623,2026-05-03 21:08:43,26.0400238037109,-14.7199096679688,"Unknown"
"5020566",378623,2026-05-03 21:13:44,26.0381603240967,-14.7213983535767,"Unknown"
"5020566",378623,2026-05-03 21:18:44,26.0362987518311,-14.7228403091431,"Unknown"
"5020566",378623,2026-05-03 21:23:44,26.0344181060791,-14.7243490219116,"Unknown"
"5020566",378623,2026-05-03 21:28:44,26.0325012207031,-14.7258720397949,"Unknown"
"5020566",378623,2026-05-03 21:33:44,26.0305252075195,-14.7273483276367,"Unknown"
"5020566",378623,2026-05-03 21:38:44,26.0285472869873,-14.7287464141846,"Unknown"
"5020566",378623,2026-05-03 21:43:44,26.0266609191895,-14.7300891876221,"Unknown"
"5020566",378623,2026-05-03 21:48:45,26.0247535705566,-14.7314920425415,"Unknown"
"5020566",378623,2026-05-03 21:53:44,26.0229053497314,-14.7328386306763,"Unknown"
"5020566",378623,2026-05-03 21:58:44,26.0209808349609,-14.7339954376221,"Unknown"
"5020566",378623,2026-05-03 22:03:45,26.0190315246582,-14.7351408004761,"Unknown"
"5020566",378623,2026-05-03 22:08:45,26.017032623291,-14.7362613677979,"Unknown"
"5020566",378623,2026-05-03 22:13:45,26.0151443481445,-14.7375011444092,"Unknown"
"5020566",378623,2026-05-03 22:18:44,26.0131511688232,-14.7387008666992,"Unknown"
"5020566",378623,2026-05-03 22:23:43,26.011116027832,-14.7397422790527,"Unknown"
"5020566",378623,2026-05-03 22:28:45,26.0091400146484,-14.7407531738281,"Unknown"
"5020566",378623,2026-05-03 22:33:45,26.0071926116943,-14.7417840957642,"Unknown"
"5020566",378623,2026-05-03 22:38:44,26.0052375793457,-14.7429027557373,"Unknown"
"5020566",378623,2026-05-03 22:43:46,26.0033054351807,-14.743953704834,"Unknown"
"5020566",378623,2026-05-03 22:48:46,26.0013885498047,-14.7450122833252,"Unknown"
"5020566",378623,2026-05-03 22:53:45,25.9995956420898,-14.7450437545776,"Unknown"
"5020566",378623,2026-05-03 22:58:47,26.0132141113281,-14.7385559082031,"Unknown"
"5020566",378623,2026-05-03 23:04:03,26.0118560791016,-14.7392282485962,"Unknown"
"5020566",378623,2026-05-03 23:08:43,26.0101413726807,-14.7403984069824,"Unknown"
"5020566",378623,2026-05-03 23:13:43,26.0142688751221,-14.7232179641724,"Unknown"
"5020566",378623,2026-05-03 23:18:44,26.0109558105469,-14.701021194458,"Unknown"
"5020566",378623,2026-05-03 23:23:43,26.0141906738281,-14.6940803527832,"Unknown"
"5020566",378623,2026-05-03 23:28:43,26.0133972167969,-14.6945924758911,"Unknown"
"5020566",378623,2026-05-03 23:33:43,26.0124988555908,-14.6951627731323,"Unknown"
"5020566",378623,2026-05-03 23:38:44,26.0113296508789,-14.6955833435059,"Unknown"
"5020566",378623,2026-05-03 23:48:45,26.0088920593262,-14.6963024139404,"Unknown"
"5020566",378623,2026-05-03 23:58:43,26.0067729949951,-14.6972017288208,"Unknown"
"5020566",378623,2026-05-04 00:08:45,26.0067501068115,-14.6876020431519,"Unknown"
"5020566",378623,2026-05-04 00:18:45,26.017728805542,-14.656060218811,"Unknown"
"5020566",378623,2026-05-04 00:28:44,26.018482208252,-14.6489477157593,"Unknown"
"5020566",378623,2026-05-04 00:38:46,26.0170841217041,-14.6505756378174,"Unknown"
"5020566",378623,2026-05-04 00:48:48,26.0158767700195,-14.6524152755737,"Unknown"
"5020566",378623,2026-05-04 00:58:57,26.0150299072266,-14.6543254852295,"Unknown"
"5020566",378623,2026-05-04 01:08:47,26.0141754150391,-14.6562395095825,"Unknown"
"5020566",378623,2026-05-04 01:19:03,26.0131530761719,-14.6579647064209,"Unknown"
"5020566",378623,2026-05-04 01:28:45,26.0367469787598,-14.6560573577881,"Unknown"
"5020566",378623,2026-05-04 01:38:44,26.0636825561523,-14.6510772705078,"Unknown"
"5020566",378623,2026-05-04 01:48:45,26.0871772766113,-14.6610021591187,"Unknown"
"5020566",378623,2026-05-04 01:58:43,26.0836486816406,-14.6639928817749,"Unknown"
"5020566",378623,2026-05-04 02:08:45,26.0799369812012,-14.6665353775024,"Unknown"
"5020566",378623,2026-05-04 02:18:45,26.0765514373779,-14.6691827774048,"Unknown"
"5020566",378623,2026-05-04 02:28:43,26.0734615325928,-14.6721048355103,"Unknown"
"5020566",378623,2026-05-04 02:38:43,26.0699768066406,-14.6746807098389,"Unknown"
"5020566",378623,2026-05-04 02:48:44,26.066556930542,-14.6772317886353,"Unknown"
"5020566",378623,2026-05-04 02:58:44,26.0634155273438,-14.6800127029419,"Unknown"
"5020566",378623,2026-05-04 03:08:49,26.0600070953369,-14.6826314926147,"Unknown"
"5020566",378623,2026-05-04 03:19:03,26.0567035675049,-14.6851177215576,"Unknown"
"5020566",378623,2026-05-04 03:28:43,26.0534744262695,-14.6874876022339,"Unknown"
"5020566",378623,2026-05-04 03:38:43,26.0493297576904,-14.6889896392822,"Unknown"
"5020566",378623,2026-05-04 03:48:44,26.0457286834717,-14.6910495758057,"Unknown"
"5020566",378623,2026-05-04 03:58:44,26.041820526123,-14.6930541992188,"Unknown"
"5020566",378623,2026-05-04 04:08:44,26.0383148193359,-14.695276260376,"Unknown"
"5020566",378623,2026-05-04 04:18:44,26.03489112854,-14.6976833343506,"Unknown"
"5020566",378623,2026-05-04 04:28:43,26.0339698791504,-14.7000541687012,"Unknown"
"5020566",378623,2026-05-04 04:38:43,26.0673847198486,-14.7070035934448,"Unknown"
"5020566",378623,2026-05-04 04:48:45,26.0922031402588,-14.7034568786621,"Unknown"
"5020566",378623,2026-05-04 04:58:45,26.1192817687988,-14.694751739502,"Unknown"
"5020566",378623,2026-05-04 05:08:47,26.1151695251465,-14.6986417770386,"Unknown"
"5020566",378623,2026-05-04 05:18:46,26.1111221313477,-14.7026128768921,"Unknown"
"5020566",378623,2026-05-04 05:29:03,26.1070041656494,-14.7066144943237,"Unknown"
"5020566",378623,2026-05-04 05:38:44,26.1195087432861,-14.6963443756104,"Unknown"
"5020566",378623,2026-05-04 05:48:45,26.1327152252197,-14.6725120544434,"Unknown"
"5020566",378623,2026-05-04 05:58:43,26.1665534973145,-14.691143989563,"Unknown"
"5020566",378623,2026-05-04 06:08:43,26.1633453369141,-14.6944751739502,"Unknown"
"5020566",378623,2026-05-04 06:18:44,26.187183380127,-14.7193470001221,"Unknown"
"5020566",378623,2026-05-04 06:28:44,26.1966457366943,-14.6844129562378,"Unknown"
"5020566",378623,2026-05-04 06:38:44,26.1897201538086,-14.6412191390991,"Unknown"
"5020566",378623,2026-05-04 06:48:45,26.2367191314697,-14.6478862762451,"Unknown"
"5020566",378623,2026-05-04 06:58:44,26.2844543457031,-14.6657133102417,"Unknown"
"5020566",378623,2026-05-04 07:08:45,26.2901191711426,-14.654580116272,"Unknown"
"5020566",378623,2026-05-04 07:18:43,26.3039379119873,-14.6580629348755,"Unknown"
"5020566",378623,2026-05-04 07:28:46,26.3133583068848,-14.6699886322021,"Unknown"
"5020566",378623,2026-05-04 07:38:44,26.3186492919922,-14.6659164428711,"Unknown"
"5020566",378623,2026-05-04 07:50:09,26.3225765228271,-14.6670532226562,"Unknown"
"5020566",378623,2026-05-04 07:59:03,26.3299217224121,-14.6640472412109,"Unknown"
"5020566",378623,2026-05-04 08:08:44,26.3353748321533,-14.6642713546753,"Unknown"
"5020566",378623,2026-05-04 08:18:45,26.3526363372803,-14.6500444412231,"Unknown"
"5020566",378623,2026-05-04 08:28:44,26.3608722686768,-14.6524667739868,"Unknown"
"5020566",378623,2026-05-04 08:38:43,26.3680095672607,-14.659122467041,"Unknown"
"5020566",378623,2026-05-04 08:48:49,26.3672466278076,-14.6617441177368,"Unknown"
"5020566",378623,2026-05-04 08:53:44,26.3623371124268,-14.6607503890991,"Unknown"
"5020566",378623,2026-05-04 08:58:45,26.3590984344482,-14.6643476486206,"Unknown"
"5020566",378623,2026-05-04 09:03:44,26.3585605621338,-14.6731910705566,"Unknown"
"5020566",378623,2026-05-04 09:08:43,26.3576889038086,-14.6746892929077,"Unknown"
"5020566",378623,2026-05-04 09:13:44,26.3568172454834,-14.6762599945068,"Unknown"
"5020566",378623,2026-05-04 09:18:46,26.3559398651123,-14.677716255188,"Unknown"
"5020566",378623,2026-05-04 09:23:46,26.355094909668,-14.6792125701904,"Unknown"
"5020566",378623,2026-05-04 09:28:46,26.3542919158936,-14.6806764602661,"Unknown"
"5020566",378623,2026-05-04 09:33:45,26.3533897399902,-14.6821804046631,"Unknown"
"5020566",378623,2026-05-04 09:38:48,26.3526268005371,-14.6837530136108,"Unknown"
"5020566",378623,2026-05-04 09:43:44,26.3516597747803,-14.685019493103,"Unknown"
"5020566",378623,2026-05-04 09:48:47,26.3508815765381,-14.6863040924072,"Unknown"
"5020566",378623,2026-05-04 09:53:46,26.3500423431396,-14.6875629425049,"Unknown"
"5020566",378623,2026-05-04 09:58:46,26.34934425354,-14.6886644363403,"Unknown"
"5020566",378623,2026-05-04 10:04:02,26.3490810394287,-14.690523147583,"Unknown"
"5020566",378623,2026-05-04 10:08:44,26.3487224578857,-14.6919069290161,"Unknown"
"5020566",378623,2026-05-04 10:13:44,26.3481521606445,-14.6929788589478,"Unknown"
"5020566",378623,2026-05-04 10:18:46,26.3474941253662,-14.694149017334,"Unknown"
"5020566",378623,2026-05-04 10:23:44,26.346830368042,-14.6954193115234,"Unknown"
"5020566",378623,2026-05-04 10:28:44,26.3461208343506,-14.6965188980103,"Unknown"
"5020566",378623,2026-05-04 10:33:44,26.3456573486328,-14.6978607177734,"Unknown"
"5020566",378623,2026-05-04 10:38:44,26.3451805114746,-14.6990671157837,"Unknown"
"5020566",378623,2026-05-04 10:43:44,26.3448829650879,-14.7003145217896,"Unknown"
"5020566",378623,2026-05-04 10:48:46,26.3448829650879,-14.7017154693604,"Unknown"
"5020566",378623,2026-05-04 10:53:44,26.3445568084717,-14.7028799057007,"Unknown"
"5020566",378623,2026-05-04 10:58:44,26.3443088531494,-14.7040777206421,"Unknown"
"5020566",378623,2026-05-04 11:03:47,26.3440952301025,-14.7053918838501,"Unknown"
"5020566",378623,2026-05-04 11:08:46,26.3438854217529,-14.7066612243652,"Unknown"
"5020566",378623,2026-05-04 11:13:47,26.3437213897705,-14.7080106735229,"Unknown"
"5020566",378623,2026-05-04 11:18:46,26.3435516357422,-14.7092580795288,"Unknown"
"5020566",378623,2026-05-04 11:23:44,26.3433742523193,-14.7104206085205,"Unknown"
"5020566",378623,2026-05-04 11:28:46,26.3550510406494,-14.7174205780029,"Unknown"
"5020566",378623,2026-05-04 11:33:46,26.3617172241211,-14.7040481567383,"Unknown"
"5020566",378623,2026-05-04 11:38:44,26.3677520751953,-14.6865901947021,"Unknown"
"5020566",378623,2026-05-04 11:48:43,26.3646984100342,-14.6438646316528,"Unknown"
"5020566",378623,2026-05-04 11:53:45,26.3624324798584,-14.6382913589478,"Unknown"
"5020566",378623,2026-05-04 11:58:46,26.3613471984863,-14.6400365829468,"Unknown"
"5020566",378623,2026-05-04 12:03:44,26.3586368560791,-14.6335544586182,"Unknown"
"5020566",378623,2026-05-04 12:08:46,26.3438148498535,-14.6149930953979,"Unknown"
"5020566",378623,2026-05-04 12:13:44,26.3603687286377,-14.6060810089111,"Unknown"
"5020566",378623,2026-05-04 12:18:45,26.3818969726562,-14.6047391891479,"Unknown"
"5020566",378623,2026-05-04 12:23:43,26.3933582305908,-14.5897569656372,"Unknown"
"5020566",378623,2026-05-04 12:28:45,26.4047470092773,-14.5797815322876,"Unknown"
"5020566",378623,2026-05-04 12:33:45,26.4104309082031,-14.5635442733765,"Unknown"
"5020566",378623,2026-05-04 12:38:46,26.4065685272217,-14.5490589141846,"Unknown"
"5020566",378623,2026-05-04 12:43:46,26.4091968536377,-14.5467071533203,"Unknown"
"5020566",378623,2026-05-04 12:48:46,26.412561416626,-14.5461759567261,"Unknown"
"5020566",378623,2026-05-04 12:53:46,26.4050807952881,-14.5412178039551,"Unknown"
"5020566",378623,2026-05-04 12:59:03,26.4039649963379,-14.5427770614624,"Unknown"
"5020566",378623,2026-05-04 13:03:43,26.4029293060303,-14.5442657470703,"Unknown"
"5020566",378623,2026-05-04 13:08:43,26.3964061737061,-14.5433492660522,"Unknown"
"5020566",378623,2026-05-04 13:13:42,26.3953838348389,-14.5448808670044,"Unknown"
"5020566",378623,2026-05-04 13:18:43,26.3941802978516,-14.5466146469116,"Unknown"
"5020566",378623,2026-05-04 13:23:42,26.3929080963135,-14.5482273101807,"Unknown"
"5020566",378623,2026-05-04 13:28:43,26.3917350769043,-14.5497903823853,"Unknown"
"5020566",378623,2026-05-04 13:33:43,26.3907108306885,-14.5513038635254,"Unknown"
"5020566",378623,2026-05-04 13:38:42,26.3900909423828,-14.5525588989258,"Unknown"
"5020566",378623,2026-05-04 13:43:44,26.3948097229004,-14.5524997711182,"Unknown"
"5020566",378623,2026-05-04 13:48:43,26.3938159942627,-14.5538396835327,"Unknown"
"5020566",378623,2026-05-04 13:53:43,26.3927459716797,-14.5554189682007,"Unknown"
"5020566",378623,2026-05-04 13:58:43,26.391731262207,-14.5571088790894,"Unknown"
"5020566",378623,2026-05-04 14:03:43,26.3906345367432,-14.5587406158447,"Unknown"
"5020566",378623,2026-05-04 14:08:45,26.3926773071289,-14.5558929443359,"Unknown"
"5020566",378623,2026-05-04 14:13:43,26.3897132873535,-14.5544929504395,"Unknown"
"5020566",378623,2026-05-04 14:18:43,26.3912467956543,-14.5563468933105,"Unknown"
"5020566",378623,2026-05-04 14:23:44,26.3916568756104,-14.5556735992432,"Unknown"
"5020566",378623,2026-05-04 14:28:45,26.390510559082,-14.5572376251221,"Unknown"
"5020566",378623,2026-05-04 14:33:44,26.3894481658936,-14.5585718154907,"Unknown"
"5020566",378623,2026-05-04 14:38:43,26.3884143829346,-14.5600643157959,"Unknown"
"5020566",378623,2026-05-04 14:43:43,26.387228012085,-14.5617322921753,"Unknown"
"5020566",378623,2026-05-04 14:48:45,26.3858451843262,-14.5631732940674,"Unknown"
"5020566",378623,2026-05-04 14:53:43,26.3846225738525,-14.5645790100098,"Unknown"
"5020566",378623,2026-05-04 14:58:43,26.3835163116455,-14.5659427642822,"Unknown"
"5020566",378623,2026-05-04 15:03:45,26.3824424743652,-14.5675315856934,"Unknown"
"5020566",378623,2026-05-04 15:09:03,26.3813934326172,-14.5692205429077,"Unknown"
"5020566",378623,2026-05-04 15:13:43,26.383810043335,-14.5656890869141,"Unknown"
"5020566",378623,2026-05-04 15:18:44,26.3961811065674,-14.5679264068604,"Unknown"
"5020566",378623,2026-05-04 15:23:45,26.3902168273926,-14.5488767623901,"Unknown"
"5020566",378623,2026-05-04 15:28:43,26.3886013031006,-14.5489959716797,"Unknown"
"5020566",378623,2026-05-04 15:33:43,26.3871879577637,-14.550763130188,"Unknown"
"5020566",378623,2026-05-04 15:38:43,26.3858814239502,-14.553503036499,"Unknown"
"5020566",378623,2026-05-04 15:48:43,26.3836994171143,-14.5572957992554,"Unknown"
"5020566",378623,2026-05-04 15:53:42,26.3830604553223,-14.5586109161377,"Unknown"
"5020566",378623,2026-05-04 15:58:43,26.3818988800049,-14.5605039596558,"Unknown"
"5020566",378623,2026-05-04 16:03:43,26.3815670013428,-14.5617046356201,"Unknown"
"5020566",378623,2026-05-04 16:08:44,26.3952407836914,-14.5505466461182,"Unknown"
"5020566",378623,2026-05-04 16:13:43,26.4020004272461,-14.5466375350952,"Unknown"
"5020566",378623,2026-05-04 16:18:44,26.393928527832,-14.5192670822144,"Unknown"
"5020566",378623,2026-05-04 16:23:45,26.3896827697754,-14.4926834106445,"Unknown"
"5020566",378623,2026-05-04 16:28:44,26.3950042724609,-14.4695119857788,"Unknown"
"5020566",378623,2026-05-04 16:33:43,26.4061679840088,-14.4530849456787,"Unknown"
"5020566",378623,2026-05-04 16:38:44,26.4228897094727,-14.4461069107056,"Unknown"
"5020566",378623,2026-05-04 16:43:43,26.4399471282959,-14.457857131958,"Unknown"
"5020566",378623,2026-05-04 16:48:43,26.4518280029297,-14.4642210006714,"Unknown"
"5020566",378623,2026-05-04 16:53:43,26.4707469940186,-14.4801368713379,"Unknown"
"5020566",378623,2026-05-04 16:58:44,26.4819374084473,-14.5116233825684,"Unknown"
"5020566",378623,2026-05-04 17:03:51,26.4936122894287,-14.5269012451172,"Unknown"
"5020566",378623,2026-05-04 17:08:43,26.4916000366211,-14.5257768630981,"Unknown"
"5020566",378623,2026-05-04 17:14:17,26.4892826080322,-14.5249671936035,"Unknown"
"5020566",378623,2026-05-04 17:18:42,26.4889068603516,-14.5262079238892,"Unknown"
"5020566",378623,2026-05-04 17:23:45,26.4884033203125,-14.5276784896851,"Unknown"
"5020566",378623,2026-05-04 17:28:45,26.4880485534668,-14.5290250778198,"Unknown"
"5020566",378623,2026-05-04 17:33:45,26.4876804351807,-14.5303611755371,"Unknown"
"5020566",378623,2026-05-04 17:38:44,26.4873657226562,-14.5317983627319,"Unknown"
"5020566",378623,2026-05-04 17:43:45,26.4871006011963,-14.5333700180054,"Unknown"
"5020566",378623,2026-05-04 17:48:46,26.4867191314697,-14.534912109375,"Unknown"
"5020566",378623,2026-05-04 17:54:03,26.4862823486328,-14.5371923446655,"Unknown"
"5020566",378623,2026-05-04 17:58:45,26.4861240386963,-14.5390710830688,"Unknown"
"5020566",378623,2026-05-04 18:04:03,26.4853076934814,-14.5403661727905,"Unknown"
"5020566",378623,2026-05-04 18:08:43,26.4848537445068,-14.541332244873,"Unknown"
"5020566",378623,2026-05-04 18:13:44,26.4846115112305,-14.5426368713379,"Unknown"
"5020566",378623,2026-05-04 18:18:43,26.4843578338623,-14.5437355041504,"Unknown"
"5020566",378623,2026-05-04 18:23:44,26.484094619751,-14.5447111129761,"Unknown"
"5020566",378623,2026-05-04 18:28:44,26.4838848114014,-14.5457897186279,"Unknown"
"5020566",378623,2026-05-04 18:33:43,26.4834537506104,-14.5466642379761,"Unknown"
"5020566",378623,2026-05-04 18:38:43,26.4828968048096,-14.5475330352783,"Unknown"
"5020566",378623,2026-05-04 18:43:43,26.4804363250732,-14.5429782867432,"Unknown"
"5020566",378623,2026-05-04 18:48:43,26.4799747467041,-14.5442943572998,"Unknown"
"5020566",378623,2026-05-04 18:53:43,26.4779624938965,-14.5399684906006,"Unknown"
"5020566",378623,2026-05-04 18:58:43,26.4721221923828,-14.5307302474976,"Unknown"
"5020566",378623,2026-05-04 19:03:44,26.471305847168,-14.5320568084717,"Unknown"
"5020566",378623,2026-05-04 19:08:43,26.4704837799072,-14.5333766937256,"Unknown"
"5020566",378623,2026-05-04 19:13:44,26.4696216583252,-14.5346326828003,"Unknown"
"5020566",378623,2026-05-04 19:18:45,26.4687614440918,-14.5359296798706,"Unknown"
"5020566",378623,2026-05-04 19:23:44,26.4611492156982,-14.5304651260376,"Unknown"
"5020566",378623,2026-05-04 19:28:45,26.4400806427002,-14.5036888122559,"Unknown"
"5020566",378623,2026-05-04 19:33:46,26.4381103515625,-14.5042009353638,"Unknown"
"5020566",378623,2026-05-04 19:38:45,26.4368686676025,-14.5056085586548,"Unknown"
"5020566",378623,2026-05-04 19:48:46,26.4224300384521,-14.4906377792358,"Unknown"
"5020566",378623,2026-05-04 19:53:46,26.4209365844727,-14.4923877716064,"Unknown"
"5020566",378623,2026-05-04 19:58:45,26.4193687438965,-14.493989944458,"Unknown"
"5020566",378623,2026-05-04 20:03:46,26.4178352355957,-14.4956464767456,"Unknown"
"5020566",378623,2026-05-04 20:08:48,26.4162635803223,-14.4973840713501,"Unknown"
"5020566",378623,2026-05-04 20:14:03,26.4146308898926,-14.4992122650146,"Unknown"
"5020566",378623,2026-05-04 20:18:43,26.4126892089844,-14.5002965927124,"Unknown"
"5020566",378623,2026-05-04 20:23:43,26.4111557006836,-14.5019454956055,"Unknown"
"5020566",378623,2026-05-04 20:28:44,26.4095916748047,-14.5034618377686,"Unknown"
"5020566",378623,2026-05-04 20:33:43,26.4079189300537,-14.504843711853,"Unknown"
"5020566",378623,2026-05-04 20:38:43,26.4062328338623,-14.5062456130981,"Unknown"
"5020566",378623,2026-05-04 20:43:44,26.4045486450195,-14.5075855255127,"Unknown"
"5020566",378623,2026-05-04 20:48:44,26.4029216766357,-14.5088939666748,"Unknown"
"5020566",378623,2026-05-04 20:53:43,26.4013175964355,-14.5102920532227,"Unknown"
"5020566",378623,2026-05-04 20:58:43,26.3996963500977,-14.5116577148438,"Unknown"
"5020566",378623,2026-05-04 21:03:44,26.398021697998,-14.5129137039185,"Unknown"
"5020566",378623,2026-05-04 21:08:45,26.3962879180908,-14.5142831802368,"Unknown"
"5020566",378623,2026-05-04 21:13:44,26.3945484161377,-14.5155658721924,"Unknown"
"5020566",378623,2026-05-04 21:18:43,26.3929100036621,-14.516918182373,"Unknown"
"5020566",378623,2026-05-04 21:23:46,26.3913097381592,-14.5181732177734,"Unknown"
"5020566",378623,2026-05-04 21:28:43,26.3895702362061,-14.5194187164307,"Unknown"
"5020566",378623,2026-05-04 21:33:44,26.387825012207,-14.5207843780518,"Unknown"
"5020566",378623,2026-05-04 21:38:44,26.386058807373,-14.5223445892334,"Unknown"
"5020566",378623,2026-05-04 21:43:44,26.3843479156494,-14.5239353179932,"Unknown"
"5020566",378623,2026-05-04 21:48:44,26.3826580047607,-14.52552318573,"Unknown"
"5020566",378623,2026-05-04 21:53:44,26.380989074707,-14.5271282196045,"Unknown"
"5020566",378623,2026-05-04 21:58:45,26.3793601989746,-14.5287322998047,"Unknown"
"5020566",378623,2026-05-04 22:03:46,26.3776664733887,-14.5302658081055,"Unknown"
"5020566",378623,2026-05-04 22:08:44,26.3759670257568,-14.5317277908325,"Unknown"
"5020566",378623,2026-05-04 22:13:44,26.3741970062256,-14.5332231521606,"Unknown"
"5020566",378623,2026-05-04 22:18:45,26.372501373291,-14.5348243713379,"Unknown"
"5020566",378623,2026-05-04 22:23:44,26.37082862854,-14.5364542007446,"Unknown"
"5020566",378623,2026-05-04 22:28:46,26.3691482543945,-14.5381288528442,"Unknown"
"5020566",378623,2026-05-04 22:33:45,26.3674201965332,-14.5396842956543,"Unknown"
"5020566",378623,2026-05-04 22:38:45,26.3656883239746,-14.5412912368774,"Unknown"
"5020566",378623,2026-05-04 22:43:47,26.3639831542969,-14.5429706573486,"Unknown"
"5020566",378623,2026-05-04 22:48:46,26.3622875213623,-14.5446014404297,"Unknown"
"5020566",378623,2026-05-04 22:53:46,26.3605499267578,-14.5462770462036,"Unknown"
"5020566",378623,2026-05-04 22:59:03,26.3587608337402,-14.5481033325195,"Unknown"
"5020566",378623,2026-05-04 23:03:44,26.3571968078613,-14.5496912002563,"Unknown"
"5020566",378623,2026-05-04 23:08:44,26.3554801940918,-14.5514783859253,"Unknown"
"5020566",378623,2026-05-04 23:13:44,26.3537635803223,-14.5533227920532,"Unknown"
"5020566",378623,2026-05-04 23:18:44,26.3519515991211,-14.5551118850708,"Unknown"
"5020566",378623,2026-05-04 23:23:44,26.3501415252686,-14.5569562911987,"Unknown"
"5020566",378623,2026-05-04 23:28:44,26.3482704162598,-14.5587100982666,"Unknown"
"5020566",378623,2026-05-04 23:33:44,26.3464241027832,-14.5604772567749,"Unknown"
"5020566",378623,2026-05-04 23:38:45,26.344539642334,-14.5622549057007,"Unknown"
"5020566",378623,2026-05-04 23:48:44,26.3408145904541,-14.566104888916,"Unknown"
"5020566",378623,2026-05-04 23:58:44,26.3373317718506,-14.5700216293335,"Unknown"
"5020566",378623,2026-05-05 00:08:44,26.3339443206787,-14.5738096237183,"Unknown"
"5020566",378623,2026-05-05 00:13:49,26.3322887420654,-14.5759210586548,"Unknown"
"5020566",378623,2026-05-05 00:18:47,26.3306903839111,-14.5779876708984,"Unknown"
"5020566",378623,2026-05-05 00:23:46,26.3290615081787,-14.5800218582153,"Unknown"
"5020566",378623,2026-05-05 00:28:44,26.3274555206299,-14.582010269165,"Unknown"
"5020566",378623,2026-05-05 00:33:45,26.325870513916,-14.5839405059814,"Unknown"
"5020566",378623,2026-05-05 00:38:45,26.3242053985596,-14.5858469009399,"Unknown"
"5020566",378623,2026-05-05 00:43:44,26.3225383758545,-14.5876808166504,"Unknown"
"5020566",378623,2026-05-05 00:48:45,26.3207759857178,-14.5894994735718,"Unknown"
"5020566",378623,2026-05-05 00:53:45,26.3190937042236,-14.5914421081543,"Unknown"
"5020566",378623,2026-05-05 00:58:46,26.3173789978027,-14.5933809280396,"Unknown"
"5020566",378623,2026-05-05 01:03:46,26.3157405853271,-14.5953254699707,"Unknown"
"5020566",378623,2026-05-05 01:14:03,26.3123435974121,-14.5993242263794,"Unknown"
"5020566",378623,2026-05-05 01:23:44,26.309024810791,-14.6030349731445,"Unknown"
"5020566",378623,2026-05-05 01:28:43,26.3072185516357,-14.6048574447632,"Unknown"
"5020566",378623,2026-05-05 01:38:44,26.3045330047607,-14.6078510284424,"Unknown"
"5020566",378623,2026-05-05 01:43:43,26.3026695251465,-14.6095476150513,"Unknown"
"5020566",378623,2026-05-05 01:53:43,26.2989025115967,-14.6128253936768,"Unknown"
"5020566",378623,2026-05-05 02:03:43,26.2952613830566,-14.6162261962891,"Unknown"
"5020566",378623,2026-05-05 02:08:44,26.2933368682861,-14.6178598403931,"Unknown"
"5020566",378623,2026-05-05 02:18:45,26.2893829345703,-14.6211757659912,"Unknown"
"5020566",378623,2026-05-05 02:28:43,26.2857875823975,-14.6247215270996,"Unknown"
"5020566",378623,2026-05-05 02:38:45,26.2822132110596,-14.6282787322998,"Unknown"
"5020566",378623,2026-05-05 02:48:44,26.2785758972168,-14.6316804885864,"Unknown"
"5020566",378623,2026-05-05 02:58:44,26.2751197814941,-14.635181427002,"Unknown"
"5020566",378623,2026-05-05 03:09:03,26.2713184356689,-14.6389875411987,"Unknown"
"5020566",378623,2026-05-05 03:18:44,26.267936706543,-14.6422233581543,"Unknown"
"5020566",378623,2026-05-05 03:28:43,26.2645206451416,-14.6456289291382,"Unknown"
"5020566",378623,2026-05-05 03:38:43,26.2612590789795,-14.6494131088257,"Unknown"
"5020566",378623,2026-05-05 03:48:43,26.257833480835,-14.6531677246094,"Unknown"
"5020566",378623,2026-05-05 03:58:44,26.2544078826904,-14.6569747924805,"Unknown"
"5020566",378623,2026-05-05 04:08:44,26.2511386871338,-14.6606864929199,"Unknown"
"5020566",378623,2026-05-05 04:18:44,26.2477474212646,-14.6643714904785,"Unknown"
"5020566",378623,2026-05-05 04:28:45,26.2441673278809,-14.6677885055542,"Unknown"
"5020566",378623,2026-05-05 04:38:46,26.2407188415527,-14.6713161468506,"Unknown"
"5020566",378623,2026-05-05 04:49:03,26.2372608184814,-14.6749811172485,"Unknown"
"5020566",378623,2026-05-05 04:58:45,26.2340698242188,-14.6785726547241,"Unknown"
"5020566",378623,2026-05-05 05:08:44,26.2305641174316,-14.6821584701538,"Unknown"
"5020566",378623,2026-05-05 05:18:45,26.226879119873,-14.6856822967529,"Unknown"
"5020566",378623,2026-05-05 05:28:46,26.2231407165527,-14.6891145706177,"Unknown"
"5020566",378623,2026-05-05 05:38:44,26.229434967041,-14.6976175308228,"Unknown"
"5020566",378623,2026-05-05 05:48:43,26.240291595459,-14.7189779281616,"Unknown"
"5020566",378623,2026-05-05 05:58:44,26.2714176177979,-14.7640953063965,"Unknown"
"5020566",378623,2026-05-05 06:08:44,26.2692012786865,-14.767388343811,"Unknown"
"5020566",378623,2026-05-05 06:18:45,26.2686061859131,-14.7725620269775,"Unknown"
"5020566",378623,2026-05-05 06:28:45,26.2840728759766,-14.7804327011108,"Unknown"
"5020566",378623,2026-05-05 06:38:44,26.3058547973633,-14.7931833267212,"Unknown"
"5020566",378623,2026-05-05 06:48:45,26.3091735839844,-14.7694358825684,"Unknown"
"5020566",378623,2026-05-05 06:58:46,26.2981338500977,-14.7462615966797,"Unknown"
"5020566",378623,2026-05-05 07:08:45,26.3042793273926,-14.7590980529785,"Unknown"
"5020566",378623,2026-05-05 07:18:45,26.3159065246582,-14.755389213562,"Unknown"
"5020566",378623,2026-05-05 07:28:45,26.3294830322266,-14.7531089782715,"Unknown"
"5020566",378623,2026-05-05 07:33:47,26.3382968902588,-14.7427854537964,"Unknown"
"5020566",378623,2026-05-05 07:38:45,26.3565902709961,-14.7581071853638,"Unknown"
"5020566",378623,2026-05-05 08:00:08,26.3827896118164,-14.8041400909424,"Unknown"
"5020566",378623,2026-05-05 08:10:08,26.3735885620117,-14.8123188018799,"Unknown"
"5020566",378623,2026-05-05 08:19:03,26.3657894134521,-14.8167285919189,"Unknown"
"5020566",378623,2026-05-05 08:28:44,26.3656597137451,-14.8257274627686,"Unknown"
"5020566",378623,2026-05-05 08:38:44,26.3510551452637,-14.8114290237427,"Unknown"
"5020566",378623,2026-05-05 08:43:43,26.3482055664062,-14.8092575073242,"Unknown"
"5020566",378623,2026-05-05 08:48:43,26.3547821044922,-14.8088941574097,"Unknown"
"5020566",378623,2026-05-05 08:53:45,26.3539142608643,-14.8014698028564,"Unknown"
"5020566",378623,2026-05-05 08:58:43,26.3568000793457,-14.7973766326904,"Unknown"
"5020566",378623,2026-05-05 09:03:46,26.3576793670654,-14.7925634384155,"Unknown"
"5020566",378623,2026-05-05 09:08:43,26.3581657409668,-14.7914876937866,"Unknown"
"5020566",378623,2026-05-05 09:13:43,26.3633327484131,-14.7899799346924,"Unknown"
"5020566",378623,2026-05-05 09:18:45,26.3831577301025,-14.8251991271973,"Unknown"
"5020566",378623,2026-05-05 09:23:43,26.4024620056152,-14.8604049682617,"Unknown"
"5020566",378623,2026-05-05 09:28:43,26.4208221435547,-14.8960237503052,"Unknown"
"5020566",378623,2026-05-05 09:33:43,26.4374084472656,-14.9339447021484,"Unknown"
"5020566",378623,2026-05-05 09:38:44,26.4538154602051,-14.9736108779907,"Unknown"
"5020566",378623,2026-05-05 09:43:43,26.4706573486328,-15.0117568969727,"Unknown"
"5020566",378623,2026-05-05 09:48:45,26.48752784729,-15.0505094528198,"Unknown"
"5020566",378623,2026-05-05 09:53:45,26.5051765441895,-15.0885372161865,"Unknown"
"5020566",378623,2026-05-05 09:58:45,26.5219345092773,-15.1275081634521,"Unknown"
"5020566",378623,2026-05-05 10:05:08,26.5374546051025,-15.1809349060059,"Unknown"
"5020566",378623,2026-05-05 10:29:33,26.5892524719238,-15.381667137146,"Unknown"
"5020566",378623,2026-05-05 10:33:43,26.5891151428223,-15.3819599151611,"Unknown"
"5020566",378623,2026-05-05 10:38:44,26.5888900756836,-15.382396697998,"Unknown"
"5020566",378623,2026-05-05 10:43:44,26.5887069702148,-15.382884979248,"Unknown"
"5020566",378623,2026-05-05 10:48:43,26.5886211395264,-15.3833875656128,"Unknown"
"5020566",378623,2026-05-05 10:53:44,26.5899543762207,-15.3874912261963,"Unknown"
"5020566",378623,2026-05-05 10:58:44,26.603723526001,-15.4258670806885,"Unknown"
"5020566",378623,2026-05-05 11:03:44,26.6161689758301,-15.4655666351318,"Unknown"
"5020566",378623,2026-05-05 11:08:45,26.6294193267822,-15.5041542053223,"Unknown"
"5020566",378623,2026-05-05 11:13:45,26.6418266296387,-15.5450611114502,"Unknown"
"5020566",378623,2026-05-05 11:18:44,26.6540260314941,-15.5871152877808,"Unknown"
"5020566",378623,2026-05-05 11:23:44,26.6686363220215,-15.6254596710205,"Unknown"
"5020566",378623,2026-05-05 11:28:45,26.6807498931885,-15.6639699935913,"Unknown"
"5020566",378623,2026-05-05 11:33:45,26.6810264587402,-15.6644744873047,"Unknown"
"5020566",378623,2026-05-05 11:38:45,26.6851291656494,-15.6782150268555,"Unknown"
"5020566",378623,2026-05-05 11:48:45,26.7041397094727,-15.7590484619141,"Unknown"
"5020566",378623,2026-05-05 11:53:44,26.7093315124512,-15.7998952865601,"Unknown"
"5020566",378623,2026-05-05 11:58:44,26.7192573547363,-15.8395652770996,"Unknown"
"5020566",378623,2026-05-05 12:03:45,26.7317867279053,-15.8747215270996,"Unknown"
"5020566",378623,2026-05-05 12:08:45,26.7315940856934,-15.8749256134033,"Unknown"
"5020566",378623,2026-05-05 12:13:44,26.7312698364258,-15.8752841949463,"Unknown"
"5020566",378623,2026-05-05 12:18:44,26.7467842102051,-15.9037790298462,"Unknown"
"5020566",378623,2026-05-05 12:23:45,26.7642021179199,-15.9369745254517,"Unknown"
"5020566",378623,2026-05-05 12:28:44,26.7820148468018,-15.9724426269531,"Unknown"
"5020566",378623,2026-05-05 12:33:45,26.8015785217285,-16.0054531097412,"Unknown"
"5020566",378623,2026-05-05 12:38:42,26.8145942687988,-16.0265674591064,"Unknown"
"5020566",378623,2026-05-05 12:43:44,26.8362140655518,-16.0612010955811,"Unknown"
"5020566",378623,2026-05-05 12:50:07,26.865140914917,-16.1025314331055,"Unknown"
"5020566",378623,2026-05-05 12:55:07,26.8873634338379,-16.1365795135498,"Unknown"
"5020566",378623,2026-05-05 13:00:07,26.9051475524902,-16.1731090545654,"Unknown"
"5020566",378623,2026-05-05 13:05:07,26.9291000366211,-16.2046661376953,"Unknown"
"5020566",378623,2026-05-05 13:10:07,26.9538249969482,-16.2349891662598,"Unknown"
"5020566",378623,2026-05-05 13:15:07,26.9560298919678,-16.2364482879639,"Unknown"
"5020566",378623,2026-05-05 13:19:17,26.9561653137207,-16.2368011474609,"Unknown"
"5020566",378623,2026-05-05 13:23:43,26.956356048584,-16.2372074127197,"Unknown"
"5020566",378623,2026-05-05 13:29:03,26.9566230773926,-16.2377796173096,"Unknown"
"5020566",378623,2026-05-05 13:33:42,26.9568920135498,-16.2382850646973,"Unknown"
"5020566",378623,2026-05-05 13:38:43,26.957160949707,-16.2388458251953,"Unknown"
"5020566",378623,2026-05-05 13:43:42,26.957405090332,-16.239315032959,"Unknown"
"5020566",378623,2026-05-05 13:48:43,26.9690380096436,-16.2482891082764,"Unknown"
"5020566",378623,2026-05-05 13:53:42,26.9761562347412,-16.2287979125977,"Unknown"
"5020566",378623,2026-05-05 13:58:43,26.9767589569092,-16.2384967803955,"Unknown"
"5020566",378623,2026-05-05 14:04:03,26.9764976501465,-16.2361316680908,"Unknown"
"5020566",378623,2026-05-05 14:08:42,26.978967666626,-16.2382316589355,"Unknown"
"5020566",378623,2026-05-05 14:13:43,26.9731979370117,-16.2259883880615,"Unknown"
"5020566",378623,2026-05-05 14:18:42,26.9724979400635,-16.2226734161377,"Unknown"
"5020566",378623,2026-05-05 14:23:42,26.9724464416504,-16.2170944213867,"Unknown"
"5020566",378623,2026-05-05 14:28:42,26.973030090332,-16.2120876312256,"Unknown"
"5020566",378623,2026-05-05 14:33:42,26.9734134674072,-16.212574005127,"Unknown"
"5020566",378623,2026-05-05 14:38:44,26.9736557006836,-16.1985473632812,"Unknown"
"5020566",378623,2026-05-05 14:43:43,26.974178314209,-16.1904907226562,"Unknown"
"5020566",378623,2026-05-05 14:48:44,26.9729156494141,-16.1832485198975,"Unknown"
"5020566",378623,2026-05-05 14:53:44,26.9719066619873,-16.178768157959,"Unknown"
"5020566",378623,2026-05-05 14:58:43,26.9721546173096,-16.1728935241699,"Unknown"
"5020566",378623,2026-05-05 15:03:44,26.9710788726807,-16.167407989502,"Unknown"
"5020566",378623,2026-05-05 15:08:45,26.9711647033691,-16.1594257354736,"Unknown"
"5020566",378623,2026-05-05 15:13:42,26.9702415466309,-16.1537590026855,"Unknown"
"5020566",378623,2026-05-05 15:18:45,26.9692783355713,-16.1478633880615,"Unknown"
"5020566",378623,2026-05-05 15:23:43,26.968692779541,-16.1442794799805,"Unknown"
"5020566",378623,2026-05-05 15:28:42,26.9667873382568,-16.1407947540283,"Unknown"
"5020566",378623,2026-05-05 15:33:45,26.9577026367188,-16.1455478668213,"Unknown"
"5020566",378623,2026-05-05 15:38:43,26.9606513977051,-16.1514339447021,"Unknown"
"5020566",378623,2026-05-05 15:48:44,26.9575080871582,-16.1646862030029,"Unknown"
"5020566",378623,2026-05-05 15:53:43,26.9587574005127,-16.1726131439209,"Unknown"
"5020566",378623,2026-05-05 15:58:43,26.9588947296143,-16.1758460998535,"Unknown"
"5020566",378623,2026-05-05 16:04:03,26.9629459381104,-16.1822662353516,"Unknown"
"5020566",378623,2026-05-05 16:08:42,26.9694232940674,-16.1844825744629,"Unknown"
"5020566",378623,2026-05-05 16:13:44,26.9732837677002,-16.1904830932617,"Unknown"
"5020566",378623,2026-05-05 16:18:43,26.9785919189453,-16.198299407959,"Unknown"
"5020566",378623,2026-05-05 16:23:42,26.9958972930908,-16.224817276001,"Unknown"
"5020566",378623,2026-05-05 16:28:42,27.0132255554199,-16.248462677002,"Unknown"
"5020566",378623,2026-05-05 16:33:42,27.031436920166,-16.2739200592041,"Unknown"
"5020566",378623,2026-05-05 16:38:42,27.0496063232422,-16.301929473877,"Unknown"
"5020566",378623,2026-05-05 16:43:42,27.0497970581055,-16.3326053619385,"Unknown"
"5020566",378623,2026-05-05 16:48:42,27.064432144165,-16.3498344421387,"Unknown"
"5020566",378623,2026-05-05 16:53:42,27.0893173217773,-16.3711433410645,"Unknown"
"5020566",378623,2026-05-05 16:58:42,27.1131172180176,-16.3946018218994,"Unknown"
"5020566",378623,2026-05-05 17:03:42,27.130615234375,-16.414192199707,"Unknown"
"5020566",378623,2026-05-05 17:08:43,27.1356830596924,-16.4227542877197,"Unknown"
"5020566",378623,2026-05-05 17:13:42,27.1485137939453,-16.4375762939453,"Unknown"
"5020566",378623,2026-05-05 17:18:43,27.1501197814941,-16.4381504058838,"Unknown"
"5020566",378623,2026-05-05 17:27:27,27.1873645782471,-16.4824600219727,"Unknown"
"5020566",378623,2026-05-05 17:28:42,27.1929302215576,-16.4880676269531,"Unknown"
"5020566",378623,2026-05-05 17:33:44,27.2131862640381,-16.5154933929443,"Unknown"
"5020566",378623,2026-05-05 17:38:43,27.2337474822998,-16.5403060913086,"Unknown"
"5020566",378623,2026-05-05 17:43:42,27.2555522918701,-16.5630111694336,"Unknown"
"5020566",378623,2026-05-05 17:48:44,27.2740173339844,-16.5827903747559,"Unknown"
"5020566",378623,2026-05-05 17:53:42,27.2942733764648,-16.6066074371338,"Unknown"
"5020566",378623,2026-05-05 17:58:42,27.3140926361084,-16.630220413208,"Unknown"
"5020566",378623,2026-05-05 18:03:45,27.3241157531738,-16.6452350616455,"Unknown"
"5020566",378623,2026-05-05 18:08:44,27.3437004089355,-16.6658477783203,"Unknown"
"5020566",378623,2026-05-05 18:13:42,27.3630752563477,-16.6888809204102,"Unknown"
"5020566",378623,2026-05-05 18:18:43,27.3827171325684,-16.7133674621582,"Unknown"
"5020566",378623,2026-05-05 18:23:42,27.4053344726562,-16.7336921691895,"Unknown"
"5020566",378623,2026-05-05 18:28:42,27.4279899597168,-16.7560405731201,"Unknown"
"5020566",378623,2026-05-05 18:33:44,27.4543609619141,-16.7728939056396,"Unknown"
"5020566",378623,2026-05-05 18:38:44,27.4807262420654,-16.7920150756836,"Unknown"
"5020566",378623,2026-05-05 18:43:44,27.50537109375,-16.8127784729004,"Unknown"
"5020566",378623,2026-05-05 18:48:44,27.5325946807861,-16.8338756561279,"Unknown"
"5020566",378623,2026-05-05 18:53:43,27.5603618621826,-16.8527908325195,"Unknown"
"5020566",378623,2026-05-05 18:58:42,27.5872440338135,-16.8724899291992,"Unknown"
"5020566",378623,2026-05-05 19:03:44,27.6093330383301,-16.8935203552246,"Unknown"
"5020566",378623,2026-05-05 19:08:45,27.6175956726074,-16.9019889831543,"Unknown"
"5020566",378623,2026-05-05 19:13:43,27.6435089111328,-16.9226398468018,"Unknown"
"5020566",378623,2026-05-05 19:24:17,27.696834564209,-16.9458808898926,"Unknown"
"5020566",378623,2026-05-05 19:28:49,27.7222957611084,-16.9625091552734,"Unknown"
"5020566",378623,2026-05-05 19:33:47,27.7500648498535,-16.980920791626,"Unknown"
"5020566",378623,2026-05-05 19:38:43,27.7769203186035,-16.9993209838867,"Unknown"
"5020566",378623,2026-05-05 19:43:55,27.8015518188477,-17.0234642028809,"Unknown"
"5020566",378623,2026-05-05 19:49:21,27.8272514343262,-17.048152923584,"Unknown"
"5020566",378623,2026-05-05 19:53:53,27.8475532531738,-17.0727806091309,"Unknown"
"5020566",378623,2026-05-05 19:58:53,27.8710441589355,-17.1045417785645,"Unknown"
"5020566",378623,2026-05-05 20:05:17,27.9043655395508,-17.1389350891113,"Unknown"
"5020566",378623,2026-05-05 20:10:17,27.9312686920166,-17.1634178161621,"Unknown"
"5020566",378623,2026-05-05 20:15:17,27.9616413116455,-17.1873035430908,"Unknown"
"5020566",378623,2026-05-05 20:19:51,27.9871864318848,-17.2125225067139,"Unknown"
"5020566",378623,2026-05-05 20:23:53,28.0038566589355,-17.2352886199951,"Unknown"
"5020566",378623,2026-05-05 20:28:52,28.0193634033203,-17.2677230834961,"Unknown"
"5020566",378623,2026-05-05 20:33:52,28.0360488891602,-17.3016872406006,"Unknown"
"5020566",378623,2026-05-05 20:38:52,28.0378532409668,-17.3041591644287,"Unknown"
"5020566",378623,2026-05-05 20:43:53,28.0377445220947,-17.3037395477295,"Unknown"
"5020566",378623,2026-05-05 20:48:52,28.0478210449219,-17.3212394714355,"Unknown"
"5020566",378623,2026-05-05 20:53:52,28.0738296508789,-17.3469715118408,"Unknown"
"5020566",378623,2026-05-05 20:58:52,28.073637008667,-17.373908996582,"Unknown"
"5020566",378623,2026-05-05 21:03:54,28.0786800384521,-17.3990211486816,"Unknown"
"5020566",378623,2026-05-05 21:08:52,28.087574005127,-17.4225940704346,"Unknown"
"5020566",378623,2026-05-05 21:13:54,28.098424911499,-17.4499015808105,"Unknown"
"5020566",378623,2026-05-05 21:18:53,28.1115818023682,-17.4763774871826,"Unknown"
"5020566",378623,2026-05-05 21:23:53,28.1269416809082,-17.5011978149414,"Unknown"
"5020566",378623,2026-05-05 21:28:53,28.1416797637939,-17.5282230377197,"Unknown"
"5020566",378623,2026-05-05 21:33:52,28.1594181060791,-17.5520763397217,"Unknown"
"5020566",378623,2026-05-05 21:38:53,28.1779613494873,-17.5757961273193,"Unknown"
"5020566",378623,2026-05-05 21:43:52,28.1985206604004,-17.5953693389893,"Unknown"
"5020566",378623,2026-05-05 21:48:55,28.2183532714844,-17.6164112091064,"Unknown"
"5020566",378623,2026-05-05 21:53:54,28.2387351989746,-17.6356372833252,"Unknown"
"5020566",378623,2026-05-05 21:58:55,28.2600746154785,-17.6532726287842,"Unknown"
"5020566",378623,2026-05-05 22:03:56,28.2815494537354,-17.6712608337402,"Unknown"
"5020566",378623,2026-05-05 22:08:54,28.3036479949951,-17.6882228851318,"Unknown"
"5020566",378623,2026-05-05 22:13:54,28.3264713287354,-17.7072410583496,"Unknown"
"5020566",378623,2026-05-05 22:18:56,28.3497943878174,-17.7251930236816,"Unknown"
"5020566",378623,2026-05-05 22:23:54,28.3737812042236,-17.7415657043457,"Unknown"
"5020566",378623,2026-05-05 22:30:17,28.4046287536621,-17.7634029388428,"Unknown"
"5020566",378623,2026-05-05 22:35:17,28.4286003112793,-17.7810192108154,"Unknown"
"5020566",378623,2026-05-05 22:39:33,28.4493789672852,-17.793529510498,"Unknown"
"5020566",378623,2026-05-05 22:43:54,28.4691219329834,-17.8041172027588,"Unknown"
"5020566",378623,2026-05-05 22:44:52,28.4734764099121,-17.8059692382812,"Unknown"
"5020566",378623,2026-05-05 22:45:53,28.478214263916,-17.8074932098389,"Unknown"
"5020566",378623,2026-05-05 22:46:54,28.4830017089844,-17.8089027404785,"Unknown"
"5020566",378623,2026-05-05 22:47:53,28.4874420166016,-17.8099880218506,"Unknown"
"5020566",378623,2026-05-05 22:48:53,28.4921779632568,-17.8109016418457,"Unknown"
"5020566",378623,2026-05-05 22:49:53,28.496452331543,-17.8110332489014,"Unknown"
"5020566",378623,2026-05-05 22:50:52,28.5001449584961,-17.8101444244385,"Unknown"
"5020566",378623,2026-05-05 22:51:53,28.5025787353516,-17.8077354431152,"Unknown"
"5020566",378623,2026-05-05 22:52:53,28.5058612823486,-17.8061618804932,"Unknown"
"5020566",378623,2026-05-05 22:53:53,28.5091152191162,-17.8057861328125,"Unknown"
"5020566",378623,2026-05-05 22:54:53,28.5125827789307,-17.8045406341553,"Unknown"
"5020566",378623,2026-05-05 22:55:53,28.515100479126,-17.8013305664062,"Unknown"
"5020566",378623,2026-05-05 22:56:53,28.5189781188965,-17.800142288208,"Unknown"
"5020566",378623,2026-05-05 22:57:55,28.5222778320312,-17.7974338531494,"Unknown"
"5020566",378623,2026-05-05 22:58:53,28.5254707336426,-17.7970409393311,"Unknown"
"5020566",378623,2026-05-05 22:59:53,28.5289993286133,-17.7957191467285,"Unknown"
"5020566",378623,2026-05-05 23:00:53,28.5327777862549,-17.7932014465332,"Unknown"
"5020566",378623,2026-05-05 23:01:53,28.5358104705811,-17.7906627655029,"Unknown"
"5020566",378623,2026-05-05 23:02:54,28.538631439209,-17.7885398864746,"Unknown"
"5020566",378623,2026-05-05 23:03:54,28.5403175354004,-17.787410736084,"Unknown"
"5020566",378623,2026-05-05 23:04:54,28.5429611206055,-17.7856273651123,"Unknown"
"5020566",378623,2026-05-05 23:05:54,28.5471363067627,-17.784797668457,"Unknown"
"5020566",378623,2026-05-05 23:06:53,28.5505275726318,-17.7821769714355,"Unknown"
"5020566",378623,2026-05-05 23:07:53,28.5537128448486,-17.7776622772217,"Unknown"
"5020566",378623,2026-05-05 23:08:54,28.5574359893799,-17.7741947174072,"Unknown"
"5020566",378623,2026-05-05 23:09:53,28.5608673095703,-17.7694625854492,"Unknown"
"5020566",378623,2026-05-05 23:10:55,28.5643157958984,-17.7674751281738,"Unknown"
"5020566",378623,2026-05-05 23:11:55,28.5674419403076,-17.7657318115234,"Unknown"
"5020566",378623,2026-05-05 23:12:53,28.5704154968262,-17.7637367248535,"Unknown"
"5020566",378623,2026-05-05 23:13:54,28.5737857818604,-17.7619724273682,"Unknown"
"5020566",378623,2026-05-05 23:14:54,28.5772876739502,-17.7599048614502,"Unknown"
"5020566",378623,2026-05-05 23:15:53,28.5817050933838,-17.7586059570312,"Unknown"
"5020566",378623,2026-05-05 23:16:53,28.5845756530762,-17.7584762573242,"Unknown"
"5020566",378623,2026-05-05 23:17:53,28.5884208679199,-17.7576084136963,"Unknown"
"5020566",378623,2026-05-05 23:18:53,28.5921039581299,-17.7567520141602,"Unknown"
"5020566",378623,2026-05-05 23:19:53,28.595085144043,-17.7559223175049,"Unknown"
"5020566",378623,2026-05-05 23:20:53,28.598180770874,-17.7555618286133,"Unknown"
"5020566",378623,2026-05-05 23:21:53,28.6022777557373,-17.755012512207,"Unknown"
"5020566",378623,2026-05-05 23:22:53,28.6062793731689,-17.7549648284912,"Unknown"
"5020566",378623,2026-05-05 23:23:54,28.6107025146484,-17.7546882629395,"Unknown"
"5020566",378623,2026-05-05 23:24:53,28.6149120330811,-17.7536907196045,"Unknown"
"5020566",378623,2026-05-05 23:25:53,28.6188144683838,-17.7525329589844,"Unknown"
"5020566",378623,2026-05-05 23:27:17,28.625560760498,-17.7527275085449,"Unknown"
"5020566",378623,2026-05-05 23:27:52,28.6284446716309,-17.7531776428223,"Unknown"
"5020566",378623,2026-05-05 23:28:52,28.6325397491455,-17.7533740997314,"Unknown"
"5020566",378623,2026-05-05 23:29:52,28.6368179321289,-17.753963470459,"Unknown"
"5020566",378623,2026-05-05 23:30:52,28.6408920288086,-17.7546424865723,"Unknown"
"5020566",378623,2026-05-05 23:31:52,28.6443939208984,-17.754861831665,"Unknown"
"5020566",378623,2026-05-05 23:32:52,28.6484298706055,-17.7554779052734,"Unknown"
"5020566",378623,2026-05-05 23:33:52,28.6509990692139,-17.7555103302002,"Unknown"
"5020566",378623,2026-05-05 23:34:52,28.6553134918213,-17.7560787200928,"Unknown"
"5020566",378623,2026-05-05 23:35:52,28.6575794219971,-17.7566432952881,"Unknown"
"5020566",378623,2026-05-05 23:36:51,28.6603260040283,-17.7573070526123,"Unknown"
"5020566",378623,2026-05-05 23:37:52,28.6646614074707,-17.7577342987061,"Unknown"
"5020566",378623,2026-05-05 23:38:53,28.6676387786865,-17.7582454681396,"Unknown"
"5020566",378623,2026-05-05 23:39:52,28.6716232299805,-17.7581176757812,"Unknown"
"5020566",378623,2026-05-05 23:40:52,28.6751689910889,-17.7576370239258,"Unknown"
"5020566",378623,2026-05-05 23:41:52,28.6759471893311,-17.7572135925293,"Unknown"
"5020566",378623,2026-05-05 23:42:51,28.6762237548828,-17.7568778991699,"Unknown"
"5020566",378623,2026-05-05 23:43:52,28.6798782348633,-17.7578907012939,"Unknown"
"5020566",378623,2026-05-05 23:44:52,28.6811542510986,-17.7587127685547,"Unknown"
"5020566",378623,2026-05-05 23:45:52,28.6823062896729,-17.7589244842529,"Unknown"
"5020566",378623,2026-05-05 23:46:52,28.6858463287354,-17.7625541687012,"Unknown"
"5020566",378623,2026-05-05 23:47:52,28.6894035339355,-17.7666416168213,"Unknown"
"5020566",378623,2026-05-05 23:48:51,28.6943187713623,-17.7667465209961,"Unknown"
"5020566",378623,2026-05-05 23:49:52,28.6964530944824,-17.7667427062988,"Unknown"
"5020566",378623,2026-05-05 23:50:51,28.6931056976318,-17.7715663909912,"Unknown"
"5020566",378623,2026-05-05 23:51:52,28.6938514709473,-17.773624420166,"Unknown"
"5020566",378623,2026-05-05 23:52:51,28.6940631866455,-17.7726936340332,"Unknown"
"5020566",378623,2026-05-05 23:53:52,28.6958866119385,-17.7757320404053,"Unknown"
"5020566",378623,2026-05-05 23:54:51,28.6967601776123,-17.7783069610596,"Unknown"
"5020566",378623,2026-05-05 23:55:52,28.7017803192139,-17.7807025909424,"Unknown"
"5020566",378623,2026-05-05 23:56:52,28.7001800537109,-17.7871627807617,"Unknown"
"5020566",378623,2026-05-05 23:57:52,28.6985340118408,-17.7936477661133,"Unknown"
"5020566",378623,2026-05-05 23:58:52,28.702091217041,-17.7970848083496,"Unknown"
"5020566",378623,2026-05-05 23:59:58,28.701135635376,-17.8035888671875,"Unknown"
"5020566",378623,2026-05-06 00:00:52,28.7041416168213,-17.8039226531982,"Unknown"
"5020566",378623,2026-05-06 00:01:54,28.7018928527832,-17.8045024871826,"Unknown"
"5020566",378623,2026-05-06 00:02:53,28.7045478820801,-17.808931350708,"Unknown"
"5020566",378623,2026-05-06 00:03:52,28.7025279998779,-17.8081283569336,"Unknown"
"5020566",378623,2026-05-06 00:04:54,28.7030181884766,-17.809757232666,"Unknown"
"5020566",378623,2026-05-06 00:06:01,28.7054843902588,-17.8110656738281,"Unknown"
"5020566",378623,2026-05-06 00:06:53,28.7046031951904,-17.8099822998047,"Unknown"
"5020566",378623,2026-05-06 00:08:49,28.7078552246094,-17.8134155273438,"Unknown"
"5020566",378623,2026-05-06 00:08:50,28.7078399658203,-17.8134136199951,"Unknown"
"5020566",378623,2026-05-06 00:09:58,28.7078113555908,-17.8134155273438,"Unknown"
"5020566",378623,2026-05-06 00:11:04,28.707893371582,-17.8134098052979,"Unknown"
"5020566",378623,2026-05-06 00:13:18,28.709400177002,-17.8141326904297,"Unknown"
"5020566",378623,2026-05-06 00:14:32,28.7094402313232,-17.8141117095947,"Unknown"
"5020566",378623,2026-05-06 00:14:35,28.7094554901123,-17.8141174316406,"Unknown"
"5020566",378623,2026-05-06 00:26:01,28.7072601318359,-17.8146095275879,"Unknown"
"5020566",378623,2026-05-06 00:27:31,28.7072429656982,-17.8147068023682,"Unknown"
"5020566",378623,2026-05-06 00:28:51,28.7071266174316,-17.8149967193604,"Unknown"
"5020566",378623,2026-05-06 00:39:00,28.7077045440674,-17.8133563995361,"Unknown"
"5020566",378623,2026-05-06 00:40:30,28.7077198028564,-17.8133411407471,"Unknown"
"5020566",378623,2026-05-06 05:47:20,28.687084197998,-17.7226295471191,"Unknown"
"5020566",378623,2026-05-06 06:06:17,28.6967849731445,-17.6899471282959,"Unknown"
"5020566",378623,2026-05-06 07:05:57,28.5901508331299,-17.4985408782959,"Unknown"
"5020566",378623,2026-05-06 08:07:20,28.4949626922607,-17.3058738708496,"Unknown"
"5020566",378623,2026-05-06 09:06:16,28.3042125701904,-17.084753036499,"Unknown"
"5020566",378623,2026-05-06 09:15:57,28.3007678985596,-17.0750827789307,"Unknown"
"5020566",378623,2026-05-06 09:25:58,28.2877540588379,-17.0606174468994,"Unknown"
"5020566",378623,2026-05-06 09:36:09,28.2484664916992,-17.0296249389648,"Unknown"
"5020566",378623,2026-05-06 09:41:51,28.2428455352783,-17.0276756286621,"Unknown"
"5020566",378623,2026-05-06 09:46:00,28.2396125793457,-17.0248222351074,"Unknown"
"5020566",378623,2026-05-06 09:51:02,28.2361698150635,-17.021312713623,"Unknown"
"5020566",378623,2026-05-06 09:56:01,28.2318363189697,-17.0183124542236,"Unknown"
"5020566",378623,2026-05-06 10:00:58,28.227991104126,-17.0167751312256,"Unknown"
"5020566",378623,2026-05-06 10:06:00,28.2236213684082,-17.0131206512451,"Unknown"
"5020566",378623,2026-05-06 10:11:00,28.2221069335938,-17.0111885070801,"Unknown"
"5020566",378623,2026-05-06 10:16:27,28.2186374664307,-17.0097637176514,"Unknown"
"5020566",378623,2026-05-06 10:20:55,28.2149887084961,-17.0060062408447,"Unknown"
"5020566",378623,2026-05-06 10:25:55,28.2132682800293,-17.003719329834,"Unknown"
"5020566",378623,2026-05-06 10:30:55,28.2136650085449,-17.0038280487061,"Unknown"
"5020566",378623,2026-05-06 10:35:55,28.2094020843506,-16.9997730255127,"Unknown"
"5020566",378623,2026-05-06 10:40:57,28.2046527862549,-16.9958190917969,"Unknown"
"5020566",378623,2026-05-06 10:45:55,28.2067947387695,-16.9944744110107,"Unknown"
"5020566",378623,2026-05-06 10:50:56,28.2103366851807,-16.9925575256348,"Unknown"
"5020566",378623,2026-05-06 10:55:55,28.2051448822021,-16.9864921569824,"Unknown"
"5020566",378623,2026-05-06 11:00:55,28.2068176269531,-16.9817180633545,"Unknown"
"5020566",378623,2026-05-06 11:05:55,28.2082080841064,-16.977819442749,"Unknown"
"5020566",378623,2026-05-06 11:10:57,28.2003726959229,-16.9730262756348,"Unknown"
"5020566",378623,2026-05-06 11:15:56,28.1780853271484,-16.9662456512451,"Unknown"
"5020566",378623,2026-05-06 11:20:56,28.1627426147461,-16.9506072998047,"Unknown"
"5020566",378623,2026-05-06 11:25:57,28.1728324890137,-16.9329280853271,"Unknown"
"5020566",378623,2026-05-06 11:30:55,28.1898059844971,-16.9241504669189,"Unknown"
"5020566",378623,2026-05-06 11:35:56,28.1900291442871,-16.9199695587158,"Unknown"
"5020566",378623,2026-05-06 11:40:56,28.1908168792725,-16.9149646759033,"Unknown"
"5020566",378623,2026-05-06 11:45:56,28.1921825408936,-16.9110012054443,"Unknown"
"5020566",378623,2026-05-06 11:50:57,28.1947631835938,-16.9091567993164,"Unknown"
"5020566",378623,2026-05-06 11:55:57,28.199857711792,-16.9110698699951,"Unknown"
"5020566",378623,2026-05-06 12:01:04,28.2009811401367,-16.9071311950684,"Unknown"
"5020566",378623,2026-05-06 12:05:59,28.200740814209,-16.903902053833,"Unknown"
"5020566",378623,2026-05-06 12:10:57,28.2013454437256,-16.9004211425781,"Unknown"
"5020566",378623,2026-05-06 12:15:58,28.2020854949951,-16.8981895446777,"Unknown"
"5020566",378623,2026-05-06 12:20:58,28.2051944732666,-16.8959217071533,"Unknown"
"5020566",378623,2026-05-06 12:25:58,28.2077655792236,-16.8932666778564,"Unknown"
"5020566",378623,2026-05-06 12:30:59,28.208963394165,-16.8930625915527,"Unknown"
"5020566",378623,2026-05-06 12:36:00,28.2123413085938,-16.8929004669189,"Unknown"
"5020566",378623,2026-05-06 12:40:59,28.2139453887939,-16.8938026428223,"Unknown"
"5020566",378623,2026-05-06 12:46:17,28.2163772583008,-16.8963794708252,"Unknown"
"5020566",378623,2026-05-06 12:51:00,28.2181987762451,-16.8974571228027,"Unknown"
"5020566",378623,2026-05-06 12:55:59,28.2201118469238,-16.8985652923584,"Unknown"
"5020566",378623,2026-05-06 13:01:27,28.2223320007324,-16.8998546600342,"Unknown"
"5020566",378623,2026-05-06 13:05:59,28.2240142822266,-16.9007778167725,"Unknown"
"5020566",378623,2026-05-06 13:10:56,28.2260189056396,-16.901969909668,"Unknown"
"5020566",378623,2026-05-06 13:15:57,28.2279491424561,-16.9031181335449,"Unknown"
"5020566",378623,2026-05-06 13:20:58,28.2298374176025,-16.9041061401367,"Unknown"
"5020566",378623,2026-05-06 13:25:59,28.2318515777588,-16.9050464630127,"Unknown"
"5020566",378623,2026-05-06 13:30:57,28.2338085174561,-16.9059581756592,"Unknown"
"5020566",378623,2026-05-06 13:35:56,28.2356853485107,-16.906810760498,"Unknown"
"5020566",378623,2026-05-06 13:40:58,28.2377071380615,-16.907787322998,"Unknown"
"5020566",378623,2026-05-06 13:45:59,28.2394905090332,-16.9086952209473,"Unknown"
"5020566",378623,2026-05-06 13:50:57,28.2409343719482,-16.9095077514648,"Unknown"
"5020566",378623,2026-05-06 13:57:21,28.2313671112061,-16.9106922149658,"Unknown"
"5020566",378623,2026-05-06 14:01:27,28.2328090667725,-16.9097003936768,"Unknown"
"5020566",378623,2026-05-06 14:05:56,28.2343578338623,-16.9102878570557,"Unknown"
"5020566",378623,2026-05-06 14:10:56,28.2359733581543,-16.9109535217285,"Unknown"
"5020566",378623,2026-05-06 14:15:56,28.237720489502,-16.9116802215576,"Unknown"
"5020566",378623,2026-05-06 14:20:58,28.2397422790527,-16.912576675415,"Unknown"
"5020566",378623,2026-05-06 14:25:58,28.2416477203369,-16.9133949279785,"Unknown"
"5020566",378623,2026-05-06 14:30:56,28.2400588989258,-16.9121055603027,"Unknown"
"5020566",378623,2026-05-06 14:35:56,28.2434768676758,-16.9136123657227,"Unknown"
"5020566",378623,2026-05-06 14:40:56,28.24658203125,-16.9177207946777,"Unknown"
"5020566",378623,2026-05-06 14:45:56,28.2501945495605,-16.9179878234863,"Unknown"
"5020566",378623,2026-05-06 14:50:58,28.2720508575439,-16.931713104248,"Unknown"
"5020566",378623,2026-05-06 14:55:57,28.3012008666992,-16.94140625,"Unknown"
"5020566",378623,2026-05-06 15:00:58,28.3032321929932,-16.9413299560547,"Unknown"
"5020566",378623,2026-05-06 15:05:58,28.2997283935547,-16.9568786621094,"Unknown"
"5020566",378623,2026-05-06 15:12:21,28.3115367889404,-16.9949607849121,"Unknown"
"5020566",378623,2026-05-06 15:17:21,28.3318958282471,-17.0175495147705,"Unknown"
"5020566",378623,2026-05-06 15:21:47,28.347282409668,-17.0107345581055,"Unknown"
"5020566",378623,2026-05-06 15:25:56,28.3412590026855,-17.0170383453369,"Unknown"
"5020566",378623,2026-05-06 15:31:05,28.3418598175049,-17.0180854797363,"Unknown"
"5020566",378623,2026-05-06 15:35:57,28.3393402099609,-17.0220718383789,"Unknown"
"5020566",378623,2026-05-06 15:40:57,28.3378257751465,-17.0242233276367,"Unknown"
"5020566",378623,2026-05-06 15:45:57,28.3371143341064,-17.0275211334229,"Unknown"
"5020566",378623,2026-05-06 15:50:57,28.3377304077148,-17.0316219329834,"Unknown"
"5020566",378623,2026-05-06 15:55:58,28.3388080596924,-17.0321083068848,"Unknown"
"5020566",378623,2026-05-06 16:00:57,28.3464870452881,-17.0351619720459,"Unknown"
"5020566",378623,2026-05-06 16:05:57,28.3448925018311,-17.0375823974609,"Unknown"
"5020566",378623,2026-05-06 16:10:57,28.3423309326172,-17.0408992767334,"Unknown"
"5020566",378623,2026-05-06 16:15:58,28.3430709838867,-17.0411701202393,"Unknown"
"5020566",378623,2026-05-06 16:21:01,28.3393115997314,-17.0441551208496,"Unknown"
"5020566",378623,2026-05-06 16:25:59,28.3402156829834,-17.0442924499512,"Unknown"
"5020566",378623,2026-05-06 16:30:59,28.3412265777588,-17.044563293457,"Unknown"
"5020566",378623,2026-05-06 16:36:00,28.3421764373779,-17.0448265075684,"Unknown"
"5020566",378623,2026-05-06 16:41:00,28.3430404663086,-17.044849395752,"Unknown"
"5020566",378623,2026-05-06 16:46:00,28.3438930511475,-17.0448703765869,"Unknown"
"5020566",378623,2026-05-06 16:51:00,28.3448028564453,-17.044864654541,"Unknown"
"5020566",378623,2026-05-06 16:56:05,28.3455257415771,-17.044849395752,"Unknown"
"5020566",378623,2026-05-06 17:01:02,28.3463039398193,-17.0449447631836,"Unknown"
"5020566",378623,2026-05-06 17:06:27,28.3555583953857,-17.0437908172607,"Unknown"
"5020566",378623,2026-05-06 17:10:57,28.3631858825684,-17.0436382293701,"Unknown"
"5020566",378623,2026-05-06 17:15:59,28.3697261810303,-17.0441818237305,"Unknown"
"5020566",378623,2026-05-06 17:20:58,28.3689231872559,-17.0461940765381,"Unknown"
"5020566",378623,2026-05-06 17:25:57,28.367130279541,-17.0439548492432,"Unknown"
"5020566",378623,2026-05-06 17:30:57,28.3635578155518,-17.0453643798828,"Unknown"
"5020566",378623,2026-05-06 17:35:59,28.361291885376,-17.0433006286621,"Unknown"
"5020566",378623,2026-05-06 17:40:57,28.3584594726562,-17.0434913635254,"Unknown"
"5020566",378623,2026-05-06 17:45:59,28.3558673858643,-17.0439853668213,"Unknown"
"5020566",378623,2026-05-06 17:51:00,28.3530445098877,-17.0428047180176,"Unknown"
"5020566",378623,2026-05-06 17:55:58,28.3505592346191,-17.0419692993164,"Unknown"
"5020566",378623,2026-05-06 18:01:51,28.3469066619873,-17.0413951873779,"Unknown"
"5020566",378623,2026-05-06 18:06:00,28.3435230255127,-17.0415267944336,"Unknown"
"5020566",378623,2026-05-06 18:10:57,28.3415374755859,-17.0402660369873,"Unknown"
"5020566",378623,2026-05-06 18:15:59,28.3368606567383,-17.0423679351807,"Unknown"
"5020566",378623,2026-05-06 18:20:58,28.3354988098145,-17.0421695709229,"Unknown"
"5020566",378623,2026-05-06 18:25:58,28.3284912109375,-17.0432834625244,"Unknown"
"5020566",378623,2026-05-06 18:30:58,28.325403213501,-17.0419597625732,"Unknown"
"5020566",378623,2026-05-06 18:35:59,28.321870803833,-17.0420932769775,"Unknown"
"5020566",378623,2026-05-06 18:40:59,28.3168087005615,-17.0412940979004,"Unknown"
"5020566",378623,2026-05-06 18:45:58,28.3110046386719,-17.0431060791016,"Unknown"
"5020566",378623,2026-05-06 18:50:58,28.3181476593018,-17.0703983306885,"Unknown"
"5020566",378623,2026-05-06 18:55:58,28.3313732147217,-17.1082630157471,"Unknown"
"5020566",378623,2026-05-06 19:00:58,28.3327140808105,-17.119592666626,"Unknown"
"5020566",378623,2026-05-06 19:05:58,28.3426532745361,-17.1585674285889,"Unknown"
"5020566",378623,2026-05-06 19:10:57,28.3516788482666,-17.1988372802734,"Unknown"
"5020566",378623,2026-05-06 19:15:59,28.3613128662109,-17.2376518249512,"Unknown"
"5020566",378623,2026-05-06 19:20:58,28.3728084564209,-17.2763023376465,"Unknown"
"5020566",378623,2026-05-06 19:25:57,28.3809967041016,-17.3183727264404,"Unknown"
"5020566",378623,2026-05-06 19:30:57,28.3907203674316,-17.360710144043,"Unknown"
"5020566",378623,2026-05-06 19:36:00,28.4022617340088,-17.3983287811279,"Unknown"
"5020566",378623,2026-05-06 19:40:58,28.409252166748,-17.4382228851318,"Unknown"
"5020566",378623,2026-05-06 19:45:58,28.4192199707031,-17.4759979248047,"Unknown"
"5020566",378623,2026-05-06 19:50:59,28.4267807006836,-17.5171890258789,"Unknown"
"5020566",378623,2026-05-06 19:55:59,28.4399909973145,-17.5572261810303,"Unknown"
"5020566",378623,2026-05-06 20:11:41,28.475902557373,-17.6492118835449,"Unknown"
"5020566",378623,2026-05-06 20:15:57,28.4870109558105,-17.6801776885986,"Unknown"
"5020566",378623,2026-05-06 20:21:00,28.5009307861328,-17.7158203125,"Unknown"
"5020566",378623,2026-05-06 20:25:59,28.5162715911865,-17.749324798584,"Unknown"
"5020566",378623,2026-05-06 20:31:00,28.5337409973145,-17.7768821716309,"Unknown"
"5020566",378623,2026-05-06 20:31:58,28.5382709503174,-17.7774963378906,"Unknown"
"5020566",378623,2026-05-06 20:32:59,28.5420951843262,-17.7777652740479,"Unknown"
"5020566",378623,2026-05-06 20:34:10,28.5445137023926,-17.7783031463623,"Unknown"
"5020566",378623,2026-05-06 20:34:58,28.5475578308105,-17.77734375,"Unknown"
"5020566",378623,2026-05-06 20:36:02,28.5512828826904,-17.7749805450439,"Unknown"
"5020566",378623,2026-05-06 20:37:57,28.5568695068359,-17.768892288208,"Unknown"
"5020566",378623,2026-05-06 20:37:58,28.5569229125977,-17.7688426971436,"Unknown"
"5020566",378623,2026-05-06 20:39:03,28.560094833374,-17.7658290863037,"Unknown"
"5020566",378623,2026-05-06 20:40:01,28.5633850097656,-17.7634963989258,"Unknown"
"5020566",378623,2026-05-06 20:41:03,28.566837310791,-17.761058807373,"Unknown"
"5020566",378623,2026-05-06 20:42:05,28.5706672668457,-17.7587032318115,"Unknown"
"5020566",378623,2026-05-06 20:43:03,28.5749645233154,-17.757848739624,"Unknown"
"5020566",378623,2026-05-06 20:44:03,28.5793209075928,-17.7571830749512,"Unknown"
"5020566",378623,2026-05-06 20:45:01,28.5833702087402,-17.756103515625,"Unknown"
"5020566",378623,2026-05-06 20:46:01,28.5871963500977,-17.7548675537109,"Unknown"
"5020566",378623,2026-05-06 20:47:03,28.5912170410156,-17.7546005249023,"Unknown"
"5020566",378623,2026-05-06 20:48:01,28.5949954986572,-17.7545108795166,"Unknown"
"5020566",378623,2026-05-06 20:49:01,28.5974540710449,-17.7543277740479,"Unknown"
"5020566",378623,2026-05-06 20:50:02,28.5997772216797,-17.7548580169678,"Unknown"
"5020566",378623,2026-05-06 20:51:01,28.6035118103027,-17.7544803619385,"Unknown"
"5020566",378623,2026-05-06 20:52:01,28.6078624725342,-17.7536220550537,"Unknown"
"5020566",378623,2026-05-06 20:53:02,28.6111831665039,-17.7505588531494,"Unknown"
"5020566",378623,2026-05-06 20:54:01,28.613468170166,-17.7484951019287,"Unknown"
"5020566",378623,2026-05-06 20:55:07,28.6158123016357,-17.7485179901123,"Unknown"
"5020566",378623,2026-05-06 20:56:01,28.6168613433838,-17.7506446838379,"Unknown"
"5020566",378623,2026-05-06 20:57:01,28.6193332672119,-17.7528209686279,"Unknown"
"5020566",378623,2026-05-06 20:58:03,28.623291015625,-17.7520370483398,"Unknown"
"5020566",378623,2026-05-06 20:59:01,28.6268825531006,-17.7544136047363,"Unknown"
"5020566",378623,2026-05-06 21:00:33,28.6351070404053,-17.7529029846191,"Unknown"
"5020566",378623,2026-05-06 21:01:01,28.637622833252,-17.7531414031982,"Unknown"
"5020566",378623,2026-05-06 21:02:01,28.6432266235352,-17.753511428833,"Unknown"
"5020566",378623,2026-05-06 21:03:01,28.6488399505615,-17.7533874511719,"Unknown"
"5020566",378623,2026-05-06 21:04:01,28.6538677215576,-17.7540893554688,"Unknown"
"5020566",378623,2026-05-06 21:05:01,28.6585235595703,-17.755952835083,"Unknown"
"5020566",378623,2026-05-06 21:06:01,28.6637439727783,-17.7572288513184,"Unknown"
"5020566",378623,2026-05-06 21:07:01,28.6688919067383,-17.7577075958252,"Unknown"
"5020566",378623,2026-05-06 21:08:01,28.67405128479,-17.7580986022949,"Unknown"
"5020566",378623,2026-05-06 21:09:01,28.6780643463135,-17.7588024139404,"Unknown"
"5020566",378623,2026-05-06 21:10:01,28.6821136474609,-17.7595329284668,"Unknown"
"5020566",378623,2026-05-06 21:11:01,28.6854057312012,-17.7565975189209,"Unknown"
"5020566",378623,2026-05-06 21:12:01,28.6885929107666,-17.7546291351318,"Unknown"
"5020566",378623,2026-05-06 21:13:01,28.6921062469482,-17.7526798248291,"Unknown"
"5020566",378623,2026-05-06 21:14:01,28.6922283172607,-17.7528476715088,"Unknown"
"5020566",378623,2026-05-06 21:15:01,28.6922836303711,-17.7529544830322,"Unknown"
"5020566",378623,2026-05-06 21:16:01,28.6923065185547,-17.7530479431152,"Unknown"
"5020566",378623,2026-05-06 21:17:01,28.6922912597656,-17.7531642913818,"Unknown"
"5020566",378623,2026-05-06 21:18:01,28.692310333252,-17.7532806396484,"Unknown"
"5020566",378623,2026-05-06 21:19:01,28.6923179626465,-17.7533283233643,"Unknown"
"5020566",378623,2026-05-06 21:20:01,28.6923408508301,-17.7534008026123,"Unknown"
"5020566",378623,2026-05-06 21:21:01,28.692346572876,-17.7534637451172,"Unknown"
"5020566",378623,2026-05-06 21:22:01,28.6923694610596,-17.7535247802734,"Unknown"
"5020566",378623,2026-05-06 21:23:01,28.6924018859863,-17.7536010742188,"Unknown"
"5020566",378623,2026-05-06 21:24:01,28.6924018859863,-17.7536697387695,"Unknown"
"5020566",378623,2026-05-06 21:25:01,28.692403793335,-17.7537078857422,"Unknown"
"5020566",378623,2026-05-06 21:26:01,28.6924247741699,-17.7538146972656,"Unknown"
"5020566",378623,2026-05-06 21:27:01,28.692440032959,-17.7539482116699,"Unknown"
"5020566",378623,2026-05-06 21:28:01,28.6924476623535,-17.754077911377,"Unknown"
"5020566",378623,2026-05-06 21:29:01,28.6924476623535,-17.7542171478271,"Unknown"
"5020566",378623,2026-05-06 21:30:01,28.6924629211426,-17.7543182373047,"Unknown"
"5020566",378623,2026-05-06 21:31:01,28.692419052124,-17.7543983459473,"Unknown"
"5020566",378623,2026-05-06 21:32:01,28.6924285888672,-17.7544803619385,"Unknown"
"5020566",378623,2026-05-06 21:33:03,28.6924095153809,-17.7545604705811,"Unknown"
"5020566",378623,2026-05-06 21:34:01,28.6923522949219,-17.7546348571777,"Unknown"
"5020566",378623,2026-05-06 21:35:01,28.6923332214355,-17.7546977996826,"Unknown"
"5020566",378623,2026-05-06 21:36:01,28.6923141479492,-17.7547740936279,"Unknown"
"5020566",378623,2026-05-06 21:37:01,28.6922874450684,-17.7548332214355,"Unknown"
"5020566",378623,2026-05-06 21:38:01,28.6922130584717,-17.7549381256104,"Unknown"
"5020566",378623,2026-05-06 21:39:01,28.6921234130859,-17.755126953125,"Unknown"
"5020566",378623,2026-05-06 21:40:01,28.6919860839844,-17.7552356719971,"Unknown"
"5020566",378623,2026-05-06 21:41:01,28.6919250488281,-17.7553825378418,"Unknown"
"5020566",378623,2026-05-06 21:42:02,28.6918754577637,-17.7554626464844,"Unknown"
"5020566",378623,2026-05-06 21:43:01,28.6918182373047,-17.7555522918701,"Unknown"
"5020566",378623,2026-05-06 21:44:01,28.6917304992676,-17.7555980682373,"Unknown"
"5020566",378623,2026-05-06 21:45:01,28.691614151001,-17.7555961608887,"Unknown"
"5020566",378623,2026-05-06 21:46:01,28.6915149688721,-17.7556457519531,"Unknown"
"5020566",378623,2026-05-06 21:47:01,28.6914215087891,-17.755687713623,"Unknown"
"5020566",378623,2026-05-06 21:48:01,28.6913509368896,-17.755687713623,"Unknown"
"5020566",378623,2026-05-06 21:49:01,28.6912422180176,-17.7557373046875,"Unknown"
"5020566",378623,2026-05-06 21:50:02,28.69114112854,-17.7557907104492,"Unknown"
"5020566",378623,2026-05-06 21:51:01,28.6910171508789,-17.7557773590088,"Unknown"
"5020566",378623,2026-05-06 21:52:02,28.6908588409424,-17.7557258605957,"Unknown"
"5020566",378623,2026-05-06 21:53:02,28.6907157897949,-17.7557106018066,"Unknown"
"5020566",378623,2026-05-06 21:54:03,28.6905059814453,-17.7556629180908,"Unknown"
"5020566",378623,2026-05-06 21:55:02,28.6903076171875,-17.7556171417236,"Unknown"
"5020566",378623,2026-05-06 21:56:02,28.6901206970215,-17.7555484771729,"Unknown"
"5020566",378623,2026-05-06 21:57:03,28.6899280548096,-17.755428314209,"Unknown"
"5020566",378623,2026-05-06 21:58:04,28.6897392272949,-17.7553291320801,"Unknown"
"5020566",378623,2026-05-06 21:59:02,28.6895561218262,-17.7552433013916,"Unknown"
"5020566",378623,2026-05-06 22:00:33,28.6892127990723,-17.7551593780518,"Unknown"
"5020566",378623,2026-05-06 22:01:01,28.6891231536865,-17.7551174163818,"Unknown"
"5020566",378623,2026-05-06 22:02:01,28.6889629364014,-17.7550201416016,"Unknown"
"5020566",378623,2026-05-06 22:03:01,28.6887512207031,-17.7549266815186,"Unknown"
"5020566",378623,2026-05-06 22:04:01,28.6885356903076,-17.7548408508301,"Unknown"
"5020566",378623,2026-05-06 22:05:01,28.6883735656738,-17.754753112793,"Unknown"
"5020566",378623,2026-05-06 22:06:01,28.6882247924805,-17.7546234130859,"Unknown"
"5020566",378623,2026-05-06 22:07:00,28.6880931854248,-17.7545051574707,"Unknown"
"5020566",378623,2026-05-06 22:08:01,28.6879539489746,-17.7544002532959,"Unknown"
"5020566",378623,2026-05-06 22:09:01,28.6878223419189,-17.7542953491211,"Unknown"
"5020566",378623,2026-05-06 22:10:00,28.687707901001,-17.7541961669922,"Unknown"
"5020566",378623,2026-05-06 22:11:01,28.6876335144043,-17.7540740966797,"Unknown"
"5020566",378623,2026-05-06 22:12:01,28.6875686645508,-17.7539958953857,"Unknown"
"5020566",378623,2026-05-06 22:13:01,28.6875133514404,-17.7539119720459,"Unknown"
"5020566",378623,2026-05-06 22:14:01,28.6874256134033,-17.7538146972656,"Unknown"
"5020566",378623,2026-05-06 22:15:01,28.6873302459717,-17.7536563873291,"Unknown"
"5020566",378623,2026-05-06 22:16:01,28.6872520446777,-17.7535572052002,"Unknown"
"5020566",378623,2026-05-06 22:17:01,28.6871547698975,-17.7534980773926,"Unknown"
"5020566",378623,2026-05-06 22:18:01,28.6870346069336,-17.7534141540527,"Unknown"
"5020566",378623,2026-05-06 22:19:01,28.6869506835938,-17.7533493041992,"Unknown"
"5020566",378623,2026-05-06 22:20:01,28.6868305206299,-17.7533569335938,"Unknown"
"5020566",378623,2026-05-06 22:21:01,28.686695098877,-17.7533111572266,"Unknown"
"5020566",378623,2026-05-06 22:22:01,28.6865844726562,-17.7532501220703,"Unknown"
"5020566",378623,2026-05-06 22:23:01,28.6864681243896,-17.7531700134277,"Unknown"
"5020566",378623,2026-05-06 22:24:01,28.6863670349121,-17.7530994415283,"Unknown"
"5020566",378623,2026-05-06 22:25:01,28.6862468719482,-17.7530555725098,"Unknown"
"5020566",378623,2026-05-06 22:26:01,28.6861152648926,-17.7530288696289,"Unknown"
"5020566",378623,2026-05-06 22:27:01,28.6859645843506,-17.7529563903809,"Unknown"
"5020566",378623,2026-05-06 22:28:01,28.6857681274414,-17.752893447876,"Unknown"
"5020566",378623,2026-05-06 22:29:00,28.6855735778809,-17.7528343200684,"Unknown"
"5020566",378623,2026-05-06 22:30:01,28.6853828430176,-17.7527961730957,"Unknown"
"5020566",378623,2026-05-06 22:31:01,28.6851692199707,-17.7527694702148,"Unknown"
"5020566",378623,2026-05-06 22:32:01,28.6849594116211,-17.7527351379395,"Unknown"
"5020566",378623,2026-05-06 22:33:01,28.6847915649414,-17.752721786499,"Unknown"
"5020566",378623,2026-05-06 22:34:01,28.6846351623535,-17.7527599334717,"Unknown"
"5020566",378623,2026-05-06 22:35:01,28.6845035552979,-17.7527618408203,"Unknown"
"5020566",378623,2026-05-06 22:36:01,28.6843738555908,-17.7527828216553,"Unknown"
"5020566",378623,2026-05-06 22:37:01,28.6841926574707,-17.7527809143066,"Unknown"
"5020566",378623,2026-05-06 22:38:01,28.6840476989746,-17.75270652771,"Unknown"
"5020566",378623,2026-05-06 22:39:01,28.6860466003418,-17.752685546875,"Unknown"
"5020566",378623,2026-05-06 22:40:01,28.6895980834961,-17.7520046234131,"Unknown"
"5020566",378623,2026-05-06 22:41:01,28.692907333374,-17.7505702972412,"Unknown"
"5020566",378623,2026-05-06 22:42:01,28.6962070465088,-17.7485179901123,"Unknown"
"5020566",378623,2026-05-06 22:43:01,28.6993217468262,-17.7454452514648,"Unknown"
"5020566",378623,2026-05-06 22:44:01,28.7022686004639,-17.7420234680176,"Unknown"
"5020566",378623,2026-05-06 22:45:01,28.7053813934326,-17.7388954162598,"Unknown"
"5020566",378623,2026-05-06 22:46:01,28.7085304260254,-17.7368392944336,"Unknown"
"5020566",378623,2026-05-06 22:47:01,28.7117023468018,-17.7346115112305,"Unknown"
"5020566",378623,2026-05-06 22:48:01,28.7151069641113,-17.7333431243896,"Unknown"
"5020566",378623,2026-05-06 22:49:01,28.7186603546143,-17.7328224182129,"Unknown"
"5020566",378623,2026-05-06 22:50:01,28.7212982177734,-17.7314567565918,"Unknown"
"5020567",378626,2026-04-04 20:02:17,28.6871147155762,-17.7420864105225,"Unknown"
"5020567",378626,2026-04-04 20:16:04,28.6854686737061,-17.7437782287598,"Unknown"
"5020567",378626,2026-04-04 20:31:01,28.6855278015137,-17.7446231842041,"Unknown"
"5020567",378626,2026-04-04 20:46:00,28.6987209320068,-17.7377071380615,"Unknown"
"5020567",378626,2026-04-04 21:01:00,28.703254699707,-17.7290630340576,"Unknown"
"5020567",378626,2026-04-04 21:16:00,28.7023811340332,-17.7286777496338,"Unknown"
"5020567",378626,2026-04-04 21:31:06,28.703706741333,-17.7271423339844,"Unknown"
"5020567",378626,2026-04-04 21:46:02,28.7027072906494,-17.7271251678467,"Unknown"
"5020567",378626,2026-04-04 22:01:01,28.701847076416,-17.7268085479736,"Unknown"
"5020567",378626,2026-04-04 22:16:05,28.7010879516602,-17.7267055511475,"Unknown"
"5020567",378626,2026-04-04 22:31:04,28.7005023956299,-17.7265281677246,"Unknown"
"5020567",378626,2026-04-04 22:46:33,28.7005615234375,-17.7245292663574,"Unknown"
"5020567",378626,2026-04-04 23:01:00,28.6995506286621,-17.7236042022705,"Unknown"
"5020567",378626,2026-04-04 23:16:00,28.6985530853271,-17.7230529785156,"Unknown"
"5020567",378626,2026-04-04 23:31:01,28.7245979309082,-17.7182140350342,"Unknown"
"5020567",378626,2026-04-04 23:46:04,28.7249279022217,-17.7171325683594,"Unknown"
"5020567",378626,2026-04-05 00:01:14,28.7249889373779,-17.716007232666,"Unknown"
"5020567",378626,2026-04-05 00:06:14,28.7250175476074,-17.7155590057373,"Unknown"
"5020567",378626,2026-04-05 00:11:12,28.725061416626,-17.7152137756348,"Unknown"
"5020567",378626,2026-04-05 00:16:12,28.7252349853516,-17.7147846221924,"Unknown"
"5020567",378626,2026-04-05 00:21:12,28.7253570556641,-17.7142219543457,"Unknown"
"5020567",378626,2026-04-05 00:26:14,28.725528717041,-17.7137718200684,"Unknown"
"5020567",378626,2026-04-05 00:31:14,28.7256851196289,-17.7134075164795,"Unknown"
"5020567",378626,2026-04-05 00:36:14,28.725887298584,-17.7129096984863,"Unknown"
"5020567",378626,2026-04-05 00:41:14,28.7260227203369,-17.7124423980713,"Unknown"
"5020567",378626,2026-04-05 00:46:14,28.7261276245117,-17.7120685577393,"Unknown"
"5020567",378626,2026-04-05 00:51:15,28.7262573242188,-17.7116546630859,"Unknown"
"5020567",378626,2026-04-05 00:56:16,28.7264785766602,-17.7114143371582,"Unknown"
"5020567",378626,2026-04-05 01:01:19,28.7267169952393,-17.7111301422119,"Unknown"
"5020567",378626,2026-04-05 01:06:31,28.7270488739014,-17.7107543945312,"Unknown"
"5020567",378626,2026-04-05 01:11:12,28.7273769378662,-17.7105731964111,"Unknown"
"5020567",378626,2026-04-05 01:16:12,28.7277145385742,-17.7103004455566,"Unknown"
"5020567",378626,2026-04-05 01:21:12,28.7280559539795,-17.710018157959,"Unknown"
"5020567",378626,2026-04-05 01:26:12,28.7283668518066,-17.7097568511963,"Unknown"
"5020567",378626,2026-04-05 01:31:13,28.7287292480469,-17.7095069885254,"Unknown"
"5020567",378626,2026-04-05 01:36:12,28.729061126709,-17.709228515625,"Unknown"
"5020567",378626,2026-04-05 01:41:13,28.7293758392334,-17.7089366912842,"Unknown"
"5020567",378626,2026-04-05 01:46:12,28.7297286987305,-17.7086086273193,"Unknown"
"5020567",378626,2026-04-05 01:51:12,28.7300891876221,-17.7082843780518,"Unknown"
"5020567",378626,2026-04-05 01:56:12,28.730432510376,-17.7080230712891,"Unknown"
"5020567",378626,2026-04-05 02:01:12,28.730806350708,-17.7077350616455,"Unknown"
"5020567",378626,2026-04-05 02:06:13,28.7312088012695,-17.7074222564697,"Unknown"
"5020567",378626,2026-04-05 02:11:12,28.7315921783447,-17.7071514129639,"Unknown"
"5020567",378626,2026-04-05 02:16:12,28.7319583892822,-17.7068958282471,"Unknown"
"5020567",378626,2026-04-05 02:21:12,28.7323265075684,-17.7066192626953,"Unknown"
"5020567",378626,2026-04-05 02:26:13,28.7326755523682,-17.7063999176025,"Unknown"
"5020567",378626,2026-04-05 02:31:14,28.7330169677734,-17.706205368042,"Unknown"
"5020567",378626,2026-04-05 02:36:12,28.7332954406738,-17.7060394287109,"Unknown"
"5020567",378626,2026-04-05 02:41:13,28.7336521148682,-17.7059364318848,"Unknown"
"5020567",378626,2026-04-05 02:46:13,28.733943939209,-17.7057476043701,"Unknown"
"5020567",378626,2026-04-05 02:51:13,28.734281539917,-17.7055835723877,"Unknown"
"5020567",378626,2026-04-05 02:56:15,28.7346305847168,-17.7053623199463,"Unknown"
"5020567",378626,2026-04-05 03:01:14,28.734920501709,-17.7052345275879,"Unknown"
"5020567",378626,2026-04-05 03:06:19,28.7352333068848,-17.7051200866699,"Unknown"
"5020567",378626,2026-04-05 03:11:18,28.735523223877,-17.7050952911377,"Unknown"
"5020567",378626,2026-04-05 03:16:33,28.7358112335205,-17.7049961090088,"Unknown"
"5020567",378626,2026-04-05 03:21:12,28.7360954284668,-17.7049350738525,"Unknown"
"5020567",378626,2026-04-05 03:26:13,28.7363014221191,-17.7048664093018,"Unknown"
"5020567",378626,2026-04-05 03:31:12,28.7365169525146,-17.7047100067139,"Unknown"
"5020567",378626,2026-04-05 03:36:12,28.7367172241211,-17.7045097351074,"Unknown"
"5020567",378626,2026-04-05 03:41:12,28.7370071411133,-17.7042102813721,"Unknown"
"5020567",378626,2026-04-05 03:46:12,28.7372264862061,-17.7039337158203,"Unknown"
"5020567",378626,2026-04-05 03:51:12,28.7374076843262,-17.7035999298096,"Unknown"
"5020567",378626,2026-04-05 03:56:12,28.7375755310059,-17.7033462524414,"Unknown"
"5020567",378626,2026-04-05 04:01:12,28.7377548217773,-17.7030010223389,"Unknown"
"5020567",378626,2026-04-05 04:06:13,28.7379093170166,-17.7027626037598,"Unknown"
"5020567",378626,2026-04-05 04:11:12,28.7380790710449,-17.7025566101074,"Unknown"
"5020567",378626,2026-04-05 04:16:13,28.7382831573486,-17.7023868560791,"Unknown"
"5020567",378626,2026-04-05 04:21:13,28.7532196044922,-17.70485496521,"Unknown"
"5020567",378626,2026-04-05 04:26:12,28.7671680450439,-17.7214450836182,"Unknown"
"5020567",378626,2026-04-05 04:31:13,28.7720432281494,-17.7285709381104,"Unknown"
"5020567",378626,2026-04-05 04:36:12,28.7720165252686,-17.7283458709717,"Unknown"
"5020567",378626,2026-04-05 04:41:13,28.7719993591309,-17.7281455993652,"Unknown"
"5020567",378626,2026-04-05 04:46:13,28.7719421386719,-17.7280158996582,"Unknown"
"5020567",378626,2026-04-05 04:51:13,28.771800994873,-17.7279281616211,"Unknown"
"5020567",378626,2026-04-05 04:56:13,28.771541595459,-17.7279052734375,"Unknown"
"5020567",378626,2026-04-05 05:01:13,28.7713317871094,-17.7277488708496,"Unknown"
"5020567",378626,2026-04-05 05:06:13,28.7711811065674,-17.7275428771973,"Unknown"
"5020567",378626,2026-04-05 05:11:13,28.7710437774658,-17.7273349761963,"Unknown"
"5020567",378626,2026-04-05 05:16:14,28.7709350585938,-17.7271194458008,"Unknown"
"5020567",378626,2026-04-05 05:21:14,28.7707710266113,-17.7269344329834,"Unknown"
"5020567",378626,2026-04-05 05:26:13,28.7820644378662,-17.7371273040771,"Unknown"
"5020567",378626,2026-04-05 05:31:33,28.7819156646729,-17.7370109558105,"Unknown"
"5020567",378626,2026-04-05 05:36:13,28.7818298339844,-17.7367496490479,"Unknown"
"5020567",378626,2026-04-05 05:41:12,28.781681060791,-17.7365646362305,"Unknown"
"5020567",378626,2026-04-05 05:46:12,28.7817077636719,-17.7363166809082,"Unknown"
"5020567",378626,2026-04-05 05:51:13,28.7817344665527,-17.7359886169434,"Unknown"
"5020567",378626,2026-04-05 05:56:13,28.781810760498,-17.7354946136475,"Unknown"
"5020567",378626,2026-04-05 06:02:38,28.7819480895996,-17.7348461151123,"Unknown"
"5020567",378626,2026-04-05 06:07:27,28.7864608764648,-17.7380027770996,"Unknown"
"5020567",378626,2026-04-05 06:11:13,28.8039665222168,-17.7428855895996,"Unknown"
"5020567",378626,2026-04-05 06:16:12,28.8039264678955,-17.7425308227539,"Unknown"
"5020567",378626,2026-04-05 06:21:12,28.8039169311523,-17.7421989440918,"Unknown"
"5020567",378626,2026-04-05 06:26:12,28.8104782104492,-17.7475814819336,"Unknown"
"5020567",378626,2026-04-05 06:31:13,28.8080825805664,-17.7300701141357,"Unknown"
"5020567",378626,2026-04-05 06:36:13,28.7832012176514,-17.7067794799805,"Unknown"
"5020567",378626,2026-04-05 06:41:13,28.7633953094482,-17.6794681549072,"Unknown"
"5020567",378626,2026-04-05 06:46:13,28.7363204956055,-17.6571807861328,"Unknown"
"5020567",378626,2026-04-05 06:51:16,28.7158203125,-17.6372661590576,"Unknown"
"5020567",378626,2026-04-05 06:56:15,28.7152633666992,-17.6372451782227,"Unknown"
"5020567",378626,2026-04-05 07:01:13,28.7074489593506,-17.6261730194092,"Unknown"
"5020567",378626,2026-04-05 07:06:14,28.684886932373,-17.5998916625977,"Unknown"
"5020567",378626,2026-04-05 07:11:13,28.6621074676514,-17.5727710723877,"Unknown"
"5020567",378626,2026-04-05 07:16:13,28.6374950408936,-17.5460968017578,"Unknown"
"5020567",378626,2026-04-05 07:21:13,28.611795425415,-17.5213527679443,"Unknown"
"5020567",378626,2026-04-05 07:26:13,28.5841178894043,-17.4971809387207,"Unknown"
"5020567",378626,2026-04-05 07:31:13,28.560754776001,-17.4723625183105,"Unknown"
"5020567",378626,2026-04-05 07:37:38,28.5277614593506,-17.4414005279541,"Unknown"
"5020567",378626,2026-04-05 07:42:38,28.4994373321533,-17.4192790985107,"Unknown"
"5020567",378626,2026-04-05 07:47:38,28.4716300964355,-17.3951835632324,"Unknown"
"5020567",378626,2026-04-05 07:52:38,28.4467391967773,-17.3725681304932,"Unknown"
"5020567",378626,2026-04-05 07:57:38,28.4208126068115,-17.3502941131592,"Unknown"
"5020567",378626,2026-04-05 08:01:57,28.3987140655518,-17.333345413208,"Unknown"
"5020567",378626,2026-04-05 08:06:16,28.3895664215088,-17.328498840332,"Unknown"
"5020567",378626,2026-04-05 08:11:16,28.3692951202393,-17.3088397979736,"Unknown"
"5020567",378626,2026-04-05 08:16:16,28.3564758300781,-17.3048038482666,"Unknown"
"5020567",378626,2026-04-05 08:21:16,28.3546524047852,-17.3084487915039,"Unknown"
"5020567",378626,2026-04-05 08:26:16,28.3545875549316,-17.3026676177979,"Unknown"
"5020567",378626,2026-04-05 08:31:16,28.3547191619873,-17.2974185943604,"Unknown"
"5020567",378626,2026-04-05 08:36:17,28.3533973693848,-17.2944965362549,"Unknown"
"5020567",378626,2026-04-05 08:41:17,28.3552227020264,-17.2908706665039,"Unknown"
"5020567",378626,2026-04-05 08:46:16,28.3520965576172,-17.2760524749756,"Unknown"
"5020567",378626,2026-04-05 08:51:16,28.3526153564453,-17.2727832794189,"Unknown"
"5020567",378626,2026-04-05 08:56:16,28.3508853912354,-17.2648735046387,"Unknown"
"5020567",378626,2026-04-05 09:01:17,28.3484001159668,-17.2601547241211,"Unknown"
"5020567",378626,2026-04-05 09:06:17,28.3486042022705,-17.2585887908936,"Unknown"
"5020567",378626,2026-04-05 09:11:19,28.3484897613525,-17.2593803405762,"Unknown"
"5020567",378626,2026-04-05 09:16:20,28.3483390808105,-17.2600078582764,"Unknown"
"5020567",378626,2026-04-05 09:21:18,28.3481884002686,-17.2606067657471,"Unknown"
"5020567",378626,2026-04-05 09:26:20,28.3480091094971,-17.2613658905029,"Unknown"
"5020567",378626,2026-04-05 09:31:22,28.3478488922119,-17.262077331543,"Unknown"
"5020567",378626,2026-04-05 09:36:33,28.3477363586426,-17.2627716064453,"Unknown"
"5020567",378626,2026-04-05 09:41:15,28.3476314544678,-17.2633819580078,"Unknown"
"5020567",378626,2026-04-05 09:46:15,28.3476982116699,-17.2639579772949,"Unknown"
"5020567",378626,2026-04-05 09:51:15,28.3476314544678,-17.2645053863525,"Unknown"
"5020567",378626,2026-04-05 09:56:16,28.3474960327148,-17.2651271820068,"Unknown"
"5020567",378626,2026-04-05 10:01:16,28.3473300933838,-17.2657318115234,"Unknown"
"5020567",378626,2026-04-05 10:06:16,28.3472156524658,-17.2663669586182,"Unknown"
"5020567",378626,2026-04-05 10:11:16,28.347074508667,-17.2670879364014,"Unknown"
"5020567",378626,2026-04-05 10:16:16,28.3468780517578,-17.2677326202393,"Unknown"
"5020567",378626,2026-04-05 10:21:15,28.346643447876,-17.2683277130127,"Unknown"
"5020567",378626,2026-04-05 10:26:16,28.3464164733887,-17.2688541412354,"Unknown"
"5020567",378626,2026-04-05 10:31:16,28.3462371826172,-17.269458770752,"Unknown"
"5020567",378626,2026-04-05 10:36:16,28.3459968566895,-17.2699680328369,"Unknown"
"5020567",378626,2026-04-05 10:41:16,28.3457450866699,-17.2704982757568,"Unknown"
"5020567",378626,2026-04-05 10:46:16,28.3455810546875,-17.2710037231445,"Unknown"
"5020567",378626,2026-04-05 10:51:17,28.3454437255859,-17.2714653015137,"Unknown"
"5020567",378626,2026-04-05 10:56:16,28.3453235626221,-17.2718334197998,"Unknown"
"5020567",378626,2026-04-05 11:01:16,28.345329284668,-17.2721824645996,"Unknown"
"5020567",378626,2026-04-05 11:06:17,28.3454360961914,-17.2725563049316,"Unknown"
"5020567",378626,2026-04-05 11:11:18,28.3456134796143,-17.2730102539062,"Unknown"
"5020567",378626,2026-04-05 11:16:16,28.3456573486328,-17.2733516693115,"Unknown"
"5020567",378626,2026-04-05 11:21:17,28.345682144165,-17.2737426757812,"Unknown"
"5020567",378626,2026-04-05 11:26:18,28.3456554412842,-17.2740707397461,"Unknown"
"5020567",378626,2026-04-05 11:31:18,28.3457374572754,-17.2743663787842,"Unknown"
"5020567",378626,2026-04-05 11:36:18,28.3483695983887,-17.2699241638184,"Unknown"
"5020567",378626,2026-04-05 11:41:17,28.3485813140869,-17.2704067230225,"Unknown"
"5020567",378626,2026-04-05 11:46:16,28.348747253418,-17.2708625793457,"Unknown"
"5020567",378626,2026-04-05 11:51:19,28.3490905761719,-17.2713947296143,"Unknown"
"5020567",378626,2026-04-05 11:56:18,28.349365234375,-17.2718715667725,"Unknown"
"5020567",378626,2026-04-05 12:01:51,28.3496112823486,-17.2722110748291,"Unknown"
"5020567",378626,2026-04-05 12:06:18,28.3499355316162,-17.2724323272705,"Unknown"
"5020567",378626,2026-04-05 12:11:18,28.3503322601318,-17.2727851867676,"Unknown"
"5020567",378626,2026-04-05 12:16:18,28.3487548828125,-17.283712387085,"Unknown"
"5020567",378626,2026-04-05 12:21:18,28.3541927337646,-17.2892360687256,"Unknown"
"5020567",378626,2026-04-05 12:26:18,28.3545875549316,-17.2896099090576,"Unknown"
"5020567",378626,2026-04-05 12:31:18,28.3560943603516,-17.2903537750244,"Unknown"
"5020567",378626,2026-04-05 12:36:18,28.3565998077393,-17.290563583374,"Unknown"
"5020567",378626,2026-04-05 12:41:18,28.3571014404297,-17.2907695770264,"Unknown"
"5020567",378626,2026-04-05 12:46:18,28.3575477600098,-17.2909412384033,"Unknown"
"5020567",378626,2026-04-05 12:51:18,28.3579330444336,-17.291072845459,"Unknown"
"5020567",378626,2026-04-05 12:56:18,28.3582935333252,-17.2912673950195,"Unknown"
"5020567",378626,2026-04-05 13:01:18,28.3588542938232,-17.293758392334,"Unknown"
"5020567",378626,2026-04-05 13:06:18,28.3593635559082,-17.2938327789307,"Unknown"
"5020567",378626,2026-04-05 13:11:18,28.3597640991211,-17.2939300537109,"Unknown"
"5020567",378626,2026-04-05 13:16:18,28.3594837188721,-17.2932910919189,"Unknown"
"5020567",378626,2026-04-05 13:21:18,28.3612785339355,-17.2950458526611,"Unknown"
"5020567",378626,2026-04-05 13:26:18,28.3647003173828,-17.2906723022461,"Unknown"
"5020567",378626,2026-04-05 13:31:18,28.3653831481934,-17.2910079956055,"Unknown"
"5020567",378626,2026-04-05 13:36:18,28.3677082061768,-17.294282913208,"Unknown"
"5020567",378626,2026-04-05 13:41:19,28.3678798675537,-17.2943840026855,"Unknown"
"5020567",378626,2026-04-05 13:46:18,28.3686676025391,-17.2930698394775,"Unknown"
"5020567",378626,2026-04-05 13:51:19,28.3689384460449,-17.2935009002686,"Unknown"
"5020567",378626,2026-04-05 13:56:20,28.3691272735596,-17.2938594818115,"Unknown"
"5020567",378626,2026-04-05 14:01:18,28.3692111968994,-17.2942066192627,"Unknown"
"5020567",378626,2026-04-05 14:06:18,28.3693008422852,-17.2945289611816,"Unknown"
"5020567",378626,2026-04-05 14:11:19,28.3670043945312,-17.2921676635742,"Unknown"
"5020567",378626,2026-04-05 14:16:20,28.372989654541,-17.290657043457,"Unknown"
"5020567",378626,2026-04-05 14:21:20,28.3725643157959,-17.2974376678467,"Unknown"
"5020567",378626,2026-04-05 14:26:18,28.3734588623047,-17.2917823791504,"Unknown"
"5020567",378626,2026-04-05 14:31:21,28.3733711242676,-17.2848415374756,"Unknown"
"5020567",378626,2026-04-05 14:36:18,28.3757972717285,-17.2803592681885,"Unknown"
"5020567",378626,2026-04-05 14:41:19,28.3794593811035,-17.2790679931641,"Unknown"
"5020567",378626,2026-04-05 14:46:20,28.3798923492432,-17.2795543670654,"Unknown"
"5020567",378626,2026-04-05 14:51:18,28.3806648254395,-17.2801074981689,"Unknown"
"5020567",378626,2026-04-05 14:56:19,28.3865604400635,-17.2877254486084,"Unknown"
"5020567",378626,2026-04-05 15:07:44,28.3885097503662,-17.3017864227295,"Unknown"
"5020567",378626,2026-04-05 15:11:21,28.3875255584717,-17.3024253845215,"Unknown"
"5020567",378626,2026-04-05 15:16:21,28.3812885284424,-17.2999668121338,"Unknown"
"5020567",378626,2026-04-05 15:21:28,28.3741397857666,-17.3043746948242,"Unknown"
"5020567",378626,2026-04-05 15:26:20,28.3778038024902,-17.3048248291016,"Unknown"
"5020567",378626,2026-04-05 15:31:24,28.3776359558105,-17.3051414489746,"Unknown"
"5020567",378626,2026-04-05 15:36:24,28.3775157928467,-17.3055210113525,"Unknown"
"5020567",378626,2026-04-05 15:41:21,28.3805809020996,-17.2986736297607,"Unknown"
"5020567",378626,2026-04-05 15:46:21,28.3818969726562,-17.295259475708,"Unknown"
"5020567",378626,2026-04-05 15:51:20,28.3824367523193,-17.3000068664551,"Unknown"
"5020567",378626,2026-04-05 15:57:33,28.3790969848633,-17.3048782348633,"Unknown"
"5020567",378626,2026-04-05 16:01:21,28.3783645629883,-17.3067626953125,"Unknown"
"5020567",378626,2026-04-05 16:06:18,28.380542755127,-17.3070602416992,"Unknown"
"5020567",378626,2026-04-05 16:11:18,28.3811225891113,-17.3030033111572,"Unknown"
"5020567",378626,2026-04-05 16:16:20,28.3812255859375,-17.2991905212402,"Unknown"
"5020567",378626,2026-04-05 16:21:20,28.3810844421387,-17.2997875213623,"Unknown"
"5020567",378626,2026-04-05 16:26:19,28.3808860778809,-17.3002281188965,"Unknown"
"5020567",378626,2026-04-05 16:31:19,28.3806819915771,-17.3007297515869,"Unknown"
"5020567",378626,2026-04-05 16:36:20,28.3804969787598,-17.301456451416,"Unknown"
"5020567",378626,2026-04-05 16:41:19,28.3803653717041,-17.3021945953369,"Unknown"
"5020567",378626,2026-04-05 16:46:19,28.3801689147949,-17.302864074707,"Unknown"
"5020567",378626,2026-04-05 16:51:19,28.3799209594727,-17.3034954071045,"Unknown"
"5020567",378626,2026-04-05 16:56:19,28.3796901702881,-17.3041610717773,"Unknown"
"5020567",378626,2026-04-05 17:01:19,28.3795280456543,-17.3050270080566,"Unknown"
"5020567",378626,2026-04-05 17:06:20,28.38427734375,-17.3096904754639,"Unknown"
"5020567",378626,2026-04-05 17:11:20,28.3882236480713,-17.3111934661865,"Unknown"
"5020567",378626,2026-04-05 17:16:19,28.3901081085205,-17.3083877563477,"Unknown"
"5020567",378626,2026-04-05 17:21:19,28.392204284668,-17.3095989227295,"Unknown"
"5020567",378626,2026-04-05 17:26:21,28.3975620269775,-17.3357067108154,"Unknown"
"5020567",378626,2026-04-05 17:31:20,28.4104652404785,-17.3432178497314,"Unknown"
"5020567",378626,2026-04-05 17:36:21,28.4143600463867,-17.3409404754639,"Unknown"
"5020567",378626,2026-04-05 17:41:19,28.4160442352295,-17.3348941802979,"Unknown"
"5020567",378626,2026-04-05 17:46:20,28.4164409637451,-17.3277626037598,"Unknown"
"5020567",378626,2026-04-05 17:51:19,28.4194755554199,-17.3243770599365,"Unknown"
"5020567",378626,2026-04-05 17:56:19,28.4203681945801,-17.3325710296631,"Unknown"
"5020567",378626,2026-04-05 18:11:46,28.4500179290771,-17.4148979187012,"Unknown"
"5020567",378626,2026-04-05 18:16:24,28.4597644805908,-17.4413471221924,"Unknown"
"5020567",378626,2026-04-05 18:21:19,28.4680690765381,-17.4744186401367,"Unknown"
"5020567",378626,2026-04-05 18:26:23,28.4756145477295,-17.5084018707275,"Unknown"
"5020567",378626,2026-04-05 18:31:19,28.4833736419678,-17.5418758392334,"Unknown"
"5020567",378626,2026-04-05 18:36:19,28.4898414611816,-17.5760536193848,"Unknown"
"5020567",378626,2026-04-05 18:41:21,28.4968891143799,-17.6044483184814,"Unknown"
"5020567",378626,2026-04-05 18:46:35,28.5064449310303,-17.6386966705322,"Unknown"
"5020567",378626,2026-04-05 18:51:20,28.5173377990723,-17.6693706512451,"Unknown"
"5020567",378626,2026-04-05 18:56:24,28.5298099517822,-17.6997032165527,"Unknown"
"5020567",378626,2026-04-05 19:01:21,28.5436611175537,-17.7278003692627,"Unknown"
"5020567",378626,2026-04-05 19:06:23,28.5610866546631,-17.7446517944336,"Unknown"
"5020567",378626,2026-04-05 19:07:21,28.5644397735596,-17.745964050293,"Unknown"
"5020567",378626,2026-04-05 19:08:22,28.5680294036865,-17.7463436126709,"Unknown"
"5020567",378626,2026-04-05 19:09:21,28.5712909698486,-17.7463779449463,"Unknown"
"5020567",378626,2026-04-05 19:10:21,28.5747413635254,-17.7458896636963,"Unknown"
"5020567",378626,2026-04-05 19:11:24,28.5782642364502,-17.7446022033691,"Unknown"
"5020567",378626,2026-04-05 19:12:22,28.5802974700928,-17.7415237426758,"Unknown"
"5020567",378626,2026-04-05 19:13:21,28.5844211578369,-17.7416400909424,"Unknown"
"5020567",378626,2026-04-05 19:14:22,28.5863494873047,-17.7372417449951,"Unknown"
"5020567",378626,2026-04-05 19:15:21,28.5896835327148,-17.7366600036621,"Unknown"
"5020567",378626,2026-04-05 19:16:20,28.5913772583008,-17.735408782959,"Unknown"
"5020567",378626,2026-04-05 19:17:21,28.5956172943115,-17.7356796264648,"Unknown"
"5020567",378626,2026-04-05 19:18:20,28.5983066558838,-17.7330322265625,"Unknown"
"5020567",378626,2026-04-05 19:19:21,28.6019115447998,-17.7326850891113,"Unknown"
"5020567",378626,2026-04-05 19:20:21,28.6048717498779,-17.7315635681152,"Unknown"
"5020567",378626,2026-04-05 19:21:21,28.6085357666016,-17.7348232269287,"Unknown"
"5020567",378626,2026-04-05 19:22:21,28.6125259399414,-17.7348651885986,"Unknown"
"5020567",378626,2026-04-05 19:23:21,28.6157760620117,-17.7341270446777,"Unknown"
"5020567",378626,2026-04-05 19:24:21,28.6194305419922,-17.7334518432617,"Unknown"
"5020567",378626,2026-04-05 19:25:21,28.6233177185059,-17.7344722747803,"Unknown"
"5020567",378626,2026-04-05 19:26:21,28.626485824585,-17.7327690124512,"Unknown"
"5020567",378626,2026-04-05 19:27:21,28.6306381225586,-17.7329635620117,"Unknown"
"5020567",378626,2026-04-05 19:28:20,28.6343441009521,-17.7362670898438,"Unknown"
"5020567",378626,2026-04-05 19:29:21,28.6375160217285,-17.7375888824463,"Unknown"
"5020567",378626,2026-04-05 19:30:21,28.6411170959473,-17.7379684448242,"Unknown"
"5020567",378626,2026-04-05 19:31:21,28.6451244354248,-17.7390327453613,"Unknown"
"5020567",378626,2026-04-05 19:32:21,28.6490955352783,-17.7394981384277,"Unknown"
"5020567",378626,2026-04-05 19:33:21,28.652437210083,-17.739574432373,"Unknown"
"5020567",378626,2026-04-05 19:34:21,28.6565589904785,-17.739839553833,"Unknown"
"5020567",378626,2026-04-05 19:35:21,28.6601524353027,-17.7380237579346,"Unknown"
"5020567",378626,2026-04-05 19:36:21,28.6639709472656,-17.7365131378174,"Unknown"
"5020567",378626,2026-04-05 19:37:20,28.6666221618652,-17.7335872650146,"Unknown"
"5020567",378626,2026-04-05 19:38:21,28.6702823638916,-17.7318134307861,"Unknown"
"5020567",378626,2026-04-05 19:39:21,28.6739387512207,-17.7310428619385,"Unknown"
"5020567",378626,2026-04-05 19:40:21,28.6769924163818,-17.7287902832031,"Unknown"
"5020567",378626,2026-04-05 19:41:21,28.6802272796631,-17.726375579834,"Unknown"
"5020567",378626,2026-04-05 19:42:21,28.6836395263672,-17.7242736816406,"Unknown"
"5020567",378626,2026-04-05 19:43:21,28.6871757507324,-17.7235832214355,"Unknown"
"5020567",378626,2026-04-05 19:48:21,28.7067127227783,-17.7222156524658,"Unknown"
"5020567",378626,2026-04-05 19:53:21,28.7127552032471,-17.7210540771484,"Unknown"
"5020567",378626,2026-04-05 19:58:20,28.7125072479248,-17.721284866333,"Unknown"
"5020567",378626,2026-04-05 20:03:21,28.7122745513916,-17.7213382720947,"Unknown"
"5020567",378626,2026-04-05 20:08:22,28.7120552062988,-17.7215671539307,"Unknown"
"5020567",378626,2026-04-05 20:13:24,28.7156677246094,-17.7238616943359,"Unknown"
"5020567",378626,2026-04-05 20:18:24,28.7195911407471,-17.7236633300781,"Unknown"
"5020567",378626,2026-04-05 20:23:21,28.7248706817627,-17.7223567962646,"Unknown"
"5020567",378626,2026-04-05 20:28:21,28.7261524200439,-17.7221755981445,"Unknown"
"5020567",378626,2026-04-05 20:33:21,28.7247905731201,-17.7226314544678,"Unknown"
"5020567",378626,2026-04-05 20:38:21,28.723201751709,-17.7231369018555,"Unknown"
"5020567",378626,2026-04-05 20:43:24,28.7216186523438,-17.7236614227295,"Unknown"
"5020567",378626,2026-04-05 20:48:21,28.7093601226807,-17.744083404541,"Unknown"
"5020567",378626,2026-04-05 20:53:23,28.7046489715576,-17.746940612793,"Unknown"
"5020567",378626,2026-04-05 20:54:21,28.7046699523926,-17.7465724945068,"Unknown"
"5020567",378626,2026-04-05 20:55:23,28.7049217224121,-17.7472019195557,"Unknown"
"5020567",378626,2026-04-05 20:56:22,28.7037925720215,-17.7459697723389,"Unknown"
"5020567",378626,2026-04-05 20:57:22,28.705472946167,-17.7466049194336,"Unknown"
"5020567",378626,2026-04-05 20:58:21,28.705638885498,-17.7467594146729,"Unknown"
"5020567",378626,2026-04-05 20:59:20,28.7081756591797,-17.7503566741943,"Unknown"
"5020567",378626,2026-04-05 21:00:46,28.7129001617432,-17.7577857971191,"Unknown"
"5020567",378626,2026-04-05 21:01:21,28.7162246704102,-17.7590026855469,"Unknown"
"5020567",378626,2026-04-05 21:02:51,28.719654083252,-17.7636337280273,"Unknown"
"5020567",378626,2026-04-05 21:03:21,28.7197799682617,-17.764123916626,"Unknown"
"5020567",378626,2026-04-05 21:04:21,28.7189483642578,-17.76198387146,"Unknown"
"5020567",378626,2026-04-05 21:05:21,28.7200717926025,-17.7632656097412,"Unknown"
"5020567",378626,2026-04-05 21:06:22,28.7194881439209,-17.7641696929932,"Unknown"
"5020567",378626,2026-04-05 21:07:43,28.7219181060791,-17.761438369751,"Unknown"
"5020567",378626,2026-04-05 21:08:25,28.720365524292,-17.7631282806396,"Unknown"
"5020567",378626,2026-04-07 08:59:32,28.8722820281982,-17.7951908111572,"Unknown"
"5020567",378626,2026-04-07 10:59:08,28.8565692901611,-17.8563823699951,"Unknown"
"5020567",378626,2026-04-07 12:59:32,28.8523483276367,-17.8555507659912,"Unknown"
"5020567",378626,2026-04-07 14:59:33,28.8575267791748,-17.8620891571045,"Unknown"
"5020567",378626,2026-04-07 15:19:07,28.8639125823975,-17.8737030029297,"Unknown"
"5020567",378626,2026-04-07 15:39:06,28.8585453033447,-17.8602294921875,"Unknown"
"5020567",378626,2026-04-07 16:39:07,28.8602676391602,-17.8608703613281,"Unknown"
"5020567",378626,2026-04-07 16:59:33,28.863899230957,-17.869701385498,"Unknown"
"5020567",378626,2026-04-07 17:19:06,28.8657703399658,-17.863655090332,"Unknown"
"5020567",378626,2026-04-07 18:19:32,28.8224029541016,-17.7529830932617,"Unknown"
"5020567",378626,2026-04-07 19:19:08,28.8067817687988,-17.7490844726562,"Unknown"
"5020567",378626,2026-04-07 19:39:33,28.7846965789795,-17.7254104614258,"Unknown"
"5020567",378626,2026-04-07 19:59:07,28.7711448669434,-17.7314929962158,"Unknown"
"5020567",378626,2026-04-07 20:19:07,28.7681903839111,-17.7292728424072,"Unknown"
"5020567",378626,2026-04-07 20:39:07,28.7644367218018,-17.726432800293,"Unknown"
"5020567",378626,2026-04-07 20:59:07,28.7068252563477,-17.7516689300537,"Unknown"
"5020567",378626,2026-04-07 21:19:06,28.7158832550049,-17.7313060760498,"Unknown"
"5020567",378626,2026-04-07 21:39:41,28.7164363861084,-17.7607250213623,"Unknown"
"5020567",378626,2026-04-08 09:59:32,28.8390846252441,-17.9953784942627,"Unknown"
"5020567",378626,2026-04-08 10:19:07,28.8378868103027,-17.9974117279053,"Unknown"
"5020567",378626,2026-04-08 10:39:07,28.8342666625977,-17.9912014007568,"Unknown"
"5020567",378626,2026-04-08 10:59:07,28.805549621582,-18.0183906555176,"Unknown"
"5020567",378626,2026-04-08 11:19:07,28.8030834197998,-18.0210723876953,"Unknown"
"5020567",378626,2026-04-08 12:19:32,28.8028030395508,-18.0163726806641,"Unknown"
"5020567",378626,2026-04-08 12:29:07,28.8029441833496,-18.0167465209961,"Unknown"
"5020567",378626,2026-04-08 12:39:07,28.8031272888184,-18.0171585083008,"Unknown"
"5020567",378626,2026-04-08 12:49:08,28.8023624420166,-18.0159244537354,"Unknown"
"5020567",378626,2026-04-08 12:59:06,28.8088874816895,-18.0048446655273,"Unknown"
"5020567",378626,2026-04-08 13:04:08,28.8103065490723,-18.0065326690674,"Unknown"
"5020567",378626,2026-04-08 13:14:12,28.8101825714111,-18.006534576416,"Unknown"
"5020567",378626,2026-04-08 13:19:11,28.8101043701172,-18.0065784454346,"Unknown"
"5020567",378626,2026-04-08 13:24:10,28.8100242614746,-18.0061664581299,"Unknown"
"5020567",378626,2026-04-08 13:29:08,28.810001373291,-18.0061836242676,"Unknown"
"5020567",378626,2026-04-08 13:34:06,28.8100070953369,-18.005859375,"Unknown"
"5020567",378626,2026-04-08 13:39:06,28.8101253509521,-18.0056247711182,"Unknown"
"5020567",378626,2026-04-08 13:44:06,28.8103713989258,-18.0052528381348,"Unknown"
"5020567",378626,2026-04-08 13:49:07,28.8107070922852,-18.0053062438965,"Unknown"
"5020567",378626,2026-04-08 13:54:10,28.8111267089844,-18.0052051544189,"Unknown"
"5020567",378626,2026-04-08 13:59:09,28.812629699707,-18.0033187866211,"Unknown"
"5020567",378626,2026-04-08 14:04:06,28.8154392242432,-17.9989910125732,"Unknown"
"5020567",378626,2026-04-08 14:09:28,28.8156318664551,-17.9969825744629,"Unknown"
"5020567",378626,2026-04-08 14:10:06,28.8156433105469,-17.9968643188477,"Unknown"
"5020567",378626,2026-04-08 14:11:07,28.8160381317139,-17.9964790344238,"Unknown"
"5020567",378626,2026-04-08 14:12:07,28.8162136077881,-17.9961643218994,"Unknown"
"5020567",378626,2026-04-08 14:13:06,28.8165340423584,-17.9955139160156,"Unknown"
"5020567",378626,2026-04-08 14:14:07,28.8162040710449,-17.9950866699219,"Unknown"
"5020567",378626,2026-04-08 14:15:06,28.8161582946777,-17.9946918487549,"Unknown"
"5020567",378626,2026-04-08 14:16:06,28.8163623809814,-17.9952030181885,"Unknown"
"5020567",378626,2026-04-08 14:17:08,28.8164367675781,-17.9951839447021,"Unknown"
"5020567",378626,2026-04-08 14:18:09,28.8166389465332,-17.9950733184814,"Unknown"
"5020567",378626,2026-04-08 14:19:07,28.8159446716309,-17.9975490570068,"Unknown"
"5020567",378626,2026-04-08 14:20:07,28.8152332305908,-17.9991207122803,"Unknown"
"5020567",378626,2026-04-08 14:21:08,28.8157787322998,-17.997917175293,"Unknown"
"5020567",378626,2026-04-08 14:22:07,28.8179798126221,-17.9962482452393,"Unknown"
"5020567",378626,2026-04-08 14:23:06,28.8201217651367,-17.9934577941895,"Unknown"
"5020567",378626,2026-04-08 14:24:06,28.8236770629883,-17.9922904968262,"Unknown"
"5020567",378626,2026-04-08 14:25:08,28.8251304626465,-17.9891452789307,"Unknown"
"5020567",378626,2026-04-08 14:26:07,28.8279361724854,-17.9864902496338,"Unknown"
"5020567",378626,2026-04-08 14:27:06,28.8302059173584,-17.9833679199219,"Unknown"
"5020567",378626,2026-04-08 14:28:07,28.8340187072754,-17.982177734375,"Unknown"
"5020567",378626,2026-04-08 14:29:07,28.8364677429199,-17.9789810180664,"Unknown"
"5020567",378626,2026-04-08 14:30:07,28.8377990722656,-17.9747409820557,"Unknown"
"5020567",378626,2026-04-08 14:31:06,28.8409194946289,-17.9727821350098,"Unknown"
"5020567",378626,2026-04-08 14:32:06,28.8434085845947,-17.9693431854248,"Unknown"
"5020567",378626,2026-04-08 14:33:06,28.8453884124756,-17.9660549163818,"Unknown"
"5020567",378626,2026-04-08 14:34:06,28.8480453491211,-17.9643955230713,"Unknown"
"5020567",378626,2026-04-08 14:35:07,28.8477306365967,-17.9654197692871,"Unknown"
"5020567",378626,2026-04-08 14:36:07,28.8477802276611,-17.965404510498,"Unknown"
"5020567",378626,2026-04-08 14:37:08,28.8478374481201,-17.9653968811035,"Unknown"
"5020567",378626,2026-04-08 14:38:06,28.8478660583496,-17.9653968811035,"Unknown"
"5020567",378626,2026-04-08 14:39:07,28.8479232788086,-17.9653835296631,"Unknown"
"5020567",378626,2026-04-08 14:40:09,28.8479862213135,-17.9653911590576,"Unknown"
"5020567",378626,2026-04-08 14:41:13,28.8480567932129,-17.9654140472412,"Unknown"
"5020567",378626,2026-04-08 14:42:12,28.848087310791,-17.965404510498,"Unknown"
"5020567",378626,2026-04-08 14:43:12,28.8481826782227,-17.9654121398926,"Unknown"
"5020567",378626,2026-04-08 14:44:12,28.8482818603516,-17.9654598236084,"Unknown"
"5020567",378626,2026-04-08 14:45:08,28.8484001159668,-17.9654197692871,"Unknown"
"5020567",378626,2026-04-08 14:46:12,28.8485107421875,-17.965425491333,"Unknown"
"5020567",378626,2026-04-08 14:47:16,28.8485794067383,-17.9654693603516,"Unknown"
"5020567",378626,2026-04-08 14:48:47,28.848747253418,-17.9655265808105,"Unknown"
"5020567",378626,2026-04-08 14:49:06,28.8487548828125,-17.9655094146729,"Unknown"
"5020567",378626,2026-04-08 14:50:06,28.8490753173828,-17.9671039581299,"Unknown"
"5020567",378626,2026-04-08 14:51:06,28.849250793457,-17.9732875823975,"Unknown"
"5020567",378626,2026-04-08 14:52:06,28.8494491577148,-17.9733505249023,"Unknown"
"5020567",378626,2026-04-08 14:53:08,28.8495693206787,-17.9733104705811,"Unknown"
"5020567",378626,2026-04-08 14:54:07,28.8497772216797,-17.9729042053223,"Unknown"
"5020567",378626,2026-04-08 14:55:19,28.8497867584229,-17.9728870391846,"Unknown"
"5020567",378626,2026-04-08 14:56:08,28.849910736084,-17.9728469848633,"Unknown"
"5020567",378626,2026-04-08 14:57:07,28.8498840332031,-17.9727687835693,"Unknown"
"5020567",378626,2026-04-08 14:58:08,28.849967956543,-17.9726791381836,"Unknown"
"5020567",378626,2026-04-08 14:59:09,28.8500595092773,-17.9726276397705,"Unknown"
"5020567",378626,2026-04-08 15:00:07,28.8501300811768,-17.9726047515869,"Unknown"
"5020567",378626,2026-04-08 15:01:07,28.850212097168,-17.9726104736328,"Unknown"
"5020567",378626,2026-04-08 15:02:07,28.8502521514893,-17.9726238250732,"Unknown"
"5020567",378626,2026-04-08 15:03:23,28.8500518798828,-17.9726753234863,"Unknown"
"5020567",378626,2026-04-08 15:04:07,28.8500308990479,-17.9726428985596,"Unknown"
"5020567",378626,2026-04-08 15:05:07,28.8500690460205,-17.9726295471191,"Unknown"
"5020567",378626,2026-04-08 15:06:07,28.8501415252686,-17.9726028442383,"Unknown"
"5020567",378626,2026-04-08 15:07:07,28.8501510620117,-17.9726028442383,"Unknown"
"5020567",378626,2026-04-08 15:08:07,28.8502044677734,-17.9725894927979,"Unknown"
"5020567",378626,2026-04-08 15:09:07,28.8502426147461,-17.9725666046143,"Unknown"
"5020567",378626,2026-04-08 15:10:07,28.8502864837646,-17.9725589752197,"Unknown"
"5020567",378626,2026-04-08 15:11:07,28.8503608703613,-17.9725494384766,"Unknown"
"5020567",378626,2026-04-08 15:12:07,28.850435256958,-17.9725666046143,"Unknown"
"5020567",378626,2026-04-08 15:13:07,28.8505783081055,-17.9725341796875,"Unknown"
"5020567",378626,2026-04-08 15:14:08,28.8505935668945,-17.9724540710449,"Unknown"
"5020567",378626,2026-04-08 15:15:08,28.8506164550781,-17.9724254608154,"Unknown"
"5020567",378626,2026-04-08 15:16:07,28.8507308959961,-17.9723873138428,"Unknown"
"5020567",378626,2026-04-08 15:17:07,28.8507900238037,-17.9723949432373,"Unknown"
"5020567",378626,2026-04-08 15:18:07,28.8508491516113,-17.9723873138428,"Unknown"
"5020567",378626,2026-04-08 15:19:07,28.850866317749,-17.9723434448242,"Unknown"
"5020567",378626,2026-04-08 15:20:07,28.8509387969971,-17.9723491668701,"Unknown"
"5020567",378626,2026-04-08 15:21:07,28.8509559631348,-17.9723567962646,"Unknown"
"5020567",378626,2026-04-08 15:22:07,28.8510208129883,-17.9723033905029,"Unknown"
"5020567",378626,2026-04-08 15:23:07,28.8510799407959,-17.9722747802734,"Unknown"
"5020567",378626,2026-04-08 15:24:07,28.8511123657227,-17.972240447998,"Unknown"
"5020567",378626,2026-04-08 15:25:07,28.8511657714844,-17.9722080230713,"Unknown"
"5020567",378626,2026-04-08 15:26:08,28.8512210845947,-17.9721908569336,"Unknown"
"5020567",378626,2026-04-08 15:27:07,28.8512668609619,-17.9721755981445,"Unknown"
"5020567",378626,2026-04-08 15:28:07,28.8513336181641,-17.972146987915,"Unknown"
"5020567",378626,2026-04-08 15:29:07,28.8513526916504,-17.9721584320068,"Unknown"
"5020567",378626,2026-04-08 15:30:07,28.8514099121094,-17.9721565246582,"Unknown"
"5020567",378626,2026-04-08 15:31:07,28.8514347076416,-17.9720802307129,"Unknown"
"5020567",378626,2026-04-08 15:32:07,28.8515014648438,-17.9720458984375,"Unknown"
"5020567",378626,2026-04-08 15:33:07,28.8515338897705,-17.9720687866211,"Unknown"
"5020567",378626,2026-04-08 15:34:07,28.8515815734863,-17.9720401763916,"Unknown"
"5020567",378626,2026-04-08 15:35:07,28.8516120910645,-17.9720401763916,"Unknown"
"5020567",378626,2026-04-08 15:36:07,28.8516883850098,-17.9720821380615,"Unknown"
"5020567",378626,2026-04-08 15:37:09,28.8517055511475,-17.9719905853271,"Unknown"
"5020567",378626,2026-04-08 15:38:08,28.8517665863037,-17.9717864990234,"Unknown"
"5020567",378626,2026-04-08 15:39:07,28.8517570495605,-17.9716053009033,"Unknown"
"5020567",378626,2026-04-08 15:40:07,28.8517055511475,-17.9715156555176,"Unknown"
"5020567",378626,2026-04-08 15:41:07,28.8516616821289,-17.9714469909668,"Unknown"
"5020567",378626,2026-04-08 15:42:08,28.8516426086426,-17.9713191986084,"Unknown"
"5020567",378626,2026-04-08 15:43:08,28.851676940918,-17.9712162017822,"Unknown"
"5020567",378626,2026-04-08 15:44:07,28.8517227172852,-17.9712200164795,"Unknown"
"5020567",378626,2026-04-08 15:45:07,28.8517951965332,-17.9711494445801,"Unknown"
"5020567",378626,2026-04-08 15:46:08,28.8518180847168,-17.9711513519287,"Unknown"
"5020567",378626,2026-04-08 15:47:07,28.8518772125244,-17.9711437225342,"Unknown"
"5020567",378626,2026-04-08 15:48:09,28.8519039154053,-17.9711112976074,"Unknown"
"5020567",378626,2026-04-08 15:49:07,28.8519477844238,-17.971097946167,"Unknown"
"5020567",378626,2026-04-08 15:50:08,28.8519535064697,-17.9711093902588,"Unknown"
"5020567",378626,2026-04-08 15:51:07,28.8519859313965,-17.9710674285889,"Unknown"
"5020567",378626,2026-04-08 15:52:08,28.8520088195801,-17.9709510803223,"Unknown"
"5020567",378626,2026-04-08 15:53:08,28.8519401550293,-17.970796585083,"Unknown"
"5020567",378626,2026-04-08 15:54:10,28.8519077301025,-17.9707069396973,"Unknown"
"5020567",378626,2026-04-08 15:55:08,28.8518619537354,-17.9705848693848,"Unknown"
"5020567",378626,2026-04-08 15:56:09,28.85182762146,-17.9705543518066,"Unknown"
"5020567",378626,2026-04-08 15:57:09,28.8517932891846,-17.9704608917236,"Unknown"
"5020567",378626,2026-04-08 15:58:09,28.8517475128174,-17.9703559875488,"Unknown"
"5020567",378626,2026-04-08 15:59:09,28.8517074584961,-17.9702625274658,"Unknown"
"5020567",378626,2026-04-08 16:00:08,28.8516845703125,-17.9702205657959,"Unknown"
"5020567",378626,2026-04-08 16:01:09,28.8516693115234,-17.9702091217041,"Unknown"
"5020567",378626,2026-04-08 16:02:07,28.8516750335693,-17.9702167510986,"Unknown"
"5020567",378626,2026-04-08 16:03:07,28.8516616821289,-17.9701881408691,"Unknown"
"5020567",378626,2026-04-08 16:04:07,28.8517189025879,-17.97021484375,"Unknown"
"5020567",378626,2026-04-08 16:05:07,28.8517379760742,-17.9702033996582,"Unknown"
"5020567",378626,2026-04-08 16:06:07,28.8517780303955,-17.9702434539795,"Unknown"
"5020567",378626,2026-04-08 16:07:10,28.8517627716064,-17.970178604126,"Unknown"
"5020567",378626,2026-04-08 16:08:09,28.8516902923584,-17.9700870513916,"Unknown"
"5020567",378626,2026-04-08 16:09:09,28.8516902923584,-17.9699535369873,"Unknown"
"5020567",378626,2026-04-08 16:10:09,28.8516712188721,-17.9698619842529,"Unknown"
"5020567",378626,2026-04-08 16:11:09,28.8516864776611,-17.9697971343994,"Unknown"
"5020567",378626,2026-04-08 16:12:10,28.8516540527344,-17.9696884155273,"Unknown"
"5020567",378626,2026-04-08 16:13:09,28.8516368865967,-17.9696083068848,"Unknown"
"5020567",378626,2026-04-08 16:14:08,28.851583480835,-17.9694576263428,"Unknown"
"5020567",378626,2026-04-08 16:15:09,28.8516025543213,-17.9693584442139,"Unknown"
"5020567",378626,2026-04-08 16:16:09,28.8515892028809,-17.9692497253418,"Unknown"
"5020567",378626,2026-04-08 16:17:07,28.8515644073486,-17.9691257476807,"Unknown"
"5020567",378626,2026-04-08 16:18:09,28.8516120910645,-17.9690380096436,"Unknown"
"5020567",378626,2026-04-08 16:19:09,28.8516674041748,-17.9689426422119,"Unknown"
"5020567",378626,2026-04-08 16:20:09,28.8516960144043,-17.9688682556152,"Unknown"
"5020567",378626,2026-04-08 16:21:07,28.8527431488037,-17.9729270935059,"Unknown"
"5020567",378626,2026-04-08 16:22:08,28.8523960113525,-17.9806957244873,"Unknown"
"5020567",378626,2026-04-08 16:23:10,28.8539543151855,-17.98171043396,"Unknown"
"5020567",378626,2026-04-08 16:24:09,28.8567962646484,-17.9806098937988,"Unknown"
"5020567",378626,2026-04-08 16:25:09,28.8582992553711,-17.9817600250244,"Unknown"
"5020567",378626,2026-04-08 16:26:08,28.8599014282227,-17.9788818359375,"Unknown"
"5020567",378626,2026-04-08 16:27:10,28.8619155883789,-17.9747467041016,"Unknown"
"5020567",378626,2026-04-08 16:28:07,28.8632068634033,-17.970386505127,"Unknown"
"5020567",378626,2026-04-08 16:29:10,28.8658256530762,-17.9663429260254,"Unknown"
"5020567",378626,2026-04-08 16:34:09,28.8708019256592,-17.9463939666748,"Unknown"
"5020567",378626,2026-04-08 16:39:09,28.8757152557373,-17.945858001709,"Unknown"
"5020567",378626,2026-04-08 16:44:14,28.8785228729248,-17.9450511932373,"Unknown"
"5020567",378626,2026-04-08 16:50:03,28.8866367340088,-17.9342460632324,"Unknown"
"5020567",378626,2026-04-08 16:54:07,28.8923110961914,-17.9185447692871,"Unknown"
"5020567",378626,2026-04-08 16:59:09,28.8903694152832,-17.92018699646,"Unknown"
"5020567",378626,2026-04-08 17:04:33,28.8891162872314,-17.9099960327148,"Unknown"
"5020567",378626,2026-04-08 17:09:09,28.8893394470215,-17.8941020965576,"Unknown"
"5020567",378626,2026-04-08 17:14:26,28.8879985809326,-17.887752532959,"Unknown"
"5020567",378626,2026-04-08 17:19:08,28.8877048492432,-17.887752532959,"Unknown"
"5020567",378626,2026-04-08 17:24:33,28.8874225616455,-17.8875160217285,"Unknown"
"5020567",378626,2026-04-08 17:29:07,28.8872241973877,-17.8874759674072,"Unknown"
"5020567",378626,2026-04-08 17:34:07,28.8870277404785,-17.8874416351318,"Unknown"
"5020567",378626,2026-04-08 17:39:08,28.8835315704346,-17.891752243042,"Unknown"
"5020567",378626,2026-04-08 17:44:07,28.8833236694336,-17.8916702270508,"Unknown"
"5020567",378626,2026-04-08 17:49:07,28.8829555511475,-17.8917503356934,"Unknown"
"5020567",378626,2026-04-08 17:54:07,28.8825836181641,-17.8919086456299,"Unknown"
"5020567",378626,2026-04-08 17:59:07,28.8823070526123,-17.8920707702637,"Unknown"
"5020567",378626,2026-04-08 18:04:07,28.8784713745117,-17.8917942047119,"Unknown"
"5020567",378626,2026-04-08 18:09:07,28.8734893798828,-17.8763427734375,"Unknown"
"5020567",378626,2026-04-08 18:14:07,28.8655796051025,-17.8533363342285,"Unknown"
"5020567",378626,2026-04-08 18:19:07,28.8600120544434,-17.8442859649658,"Unknown"
"5020567",378626,2026-04-08 18:24:07,28.859655380249,-17.8440704345703,"Unknown"
"5020567",378626,2026-04-08 18:25:07,28.8595848083496,-17.8440036773682,"Unknown"
"5020567",378626,2026-04-08 18:26:07,28.8595600128174,-17.8439292907715,"Unknown"
"5020567",378626,2026-04-08 18:27:07,28.8594589233398,-17.8438587188721,"Unknown"
"5020567",378626,2026-04-08 18:28:07,28.8594264984131,-17.8438167572021,"Unknown"
"5020567",378626,2026-04-08 18:29:07,28.8593597412109,-17.8437747955322,"Unknown"
"5020567",378626,2026-04-08 18:30:07,28.8593292236328,-17.8437366485596,"Unknown"
"5020567",378626,2026-04-08 18:31:08,28.8592777252197,-17.8436889648438,"Unknown"
"5020567",378626,2026-04-08 18:32:07,28.8592338562012,-17.8436279296875,"Unknown"
"5020567",378626,2026-04-08 18:33:07,28.8590984344482,-17.8435764312744,"Unknown"
"5020567",378626,2026-04-08 18:34:07,28.8590526580811,-17.8435039520264,"Unknown"
"5020567",378626,2026-04-08 18:35:07,28.8589420318604,-17.8434638977051,"Unknown"
"5020567",378626,2026-04-08 18:36:07,28.8588542938232,-17.843376159668,"Unknown"
"5020567",378626,2026-04-08 18:37:07,28.8587532043457,-17.84326171875,"Unknown"
"5020567",378626,2026-04-08 18:38:07,28.8586654663086,-17.8431587219238,"Unknown"
"5020567",378626,2026-04-08 18:39:07,28.8586177825928,-17.8430442810059,"Unknown"
"5020567",378626,2026-04-08 18:40:09,28.8585834503174,-17.8429298400879,"Unknown"
"5020567",378626,2026-04-08 18:41:07,28.8584995269775,-17.8428611755371,"Unknown"
"5020567",378626,2026-04-08 18:42:07,28.8584289550781,-17.8427696228027,"Unknown"
"5020567",378626,2026-04-08 18:43:07,28.8583488464355,-17.8426818847656,"Unknown"
"5020567",378626,2026-04-08 18:44:07,28.8582744598389,-17.842586517334,"Unknown"
"5020567",378626,2026-04-08 18:45:07,28.8581867218018,-17.8424835205078,"Unknown"
"5020567",378626,2026-04-08 18:46:07,28.8581104278564,-17.8424491882324,"Unknown"
"5020567",378626,2026-04-08 18:47:07,28.8580513000488,-17.8423118591309,"Unknown"
"5020567",378626,2026-04-08 18:48:07,28.8579940795898,-17.8422355651855,"Unknown"
"5020567",378626,2026-04-08 18:49:07,28.8579216003418,-17.8421325683594,"Unknown"
"5020567",378626,2026-04-08 18:50:07,28.857889175415,-17.8420639038086,"Unknown"
"5020567",378626,2026-04-08 18:51:07,28.8578834533691,-17.8420143127441,"Unknown"
"5020567",378626,2026-04-08 18:52:07,28.8578567504883,-17.8419723510742,"Unknown"
"5020567",378626,2026-04-08 18:53:07,28.8578338623047,-17.8419380187988,"Unknown"
"5020567",378626,2026-04-08 18:54:07,28.8577880859375,-17.8419036865234,"Unknown"
"5020567",378626,2026-04-08 18:55:08,28.8578300476074,-17.8418846130371,"Unknown"
"5020567",378626,2026-04-08 18:56:08,28.8577861785889,-17.8419227600098,"Unknown"
"5020567",378626,2026-04-08 18:57:07,28.8578567504883,-17.8419513702393,"Unknown"
"5020567",378626,2026-04-08 18:58:07,28.8578205108643,-17.8419532775879,"Unknown"
"5020567",378626,2026-04-08 18:59:07,28.8577270507812,-17.8419742584229,"Unknown"
"5020567",378626,2026-04-08 19:00:07,28.857759475708,-17.8420276641846,"Unknown"
"5020567",378626,2026-04-08 19:01:07,28.8579254150391,-17.8386821746826,"Unknown"
"5020567",378626,2026-04-08 19:02:07,28.8565826416016,-17.8381767272949,"Unknown"
"5020567",378626,2026-04-08 19:03:07,28.8566379547119,-17.838134765625,"Unknown"
"5020567",378626,2026-04-08 19:04:07,28.8565921783447,-17.8381099700928,"Unknown"
"5020567",378626,2026-04-08 19:05:07,28.8565483093262,-17.8380603790283,"Unknown"
"5020567",378626,2026-04-08 19:06:07,28.8564796447754,-17.8381252288818,"Unknown"
"5020567",378626,2026-04-08 19:07:07,28.8563842773438,-17.8380928039551,"Unknown"
"5020567",378626,2026-04-08 19:08:07,28.856273651123,-17.838134765625,"Unknown"
"5020567",378626,2026-04-08 19:09:08,28.8562145233154,-17.8381195068359,"Unknown"
"5020567",378626,2026-04-08 19:10:07,28.8561191558838,-17.8381042480469,"Unknown"
"5020567",378626,2026-04-08 19:11:08,28.8560752868652,-17.8381175994873,"Unknown"
"5020567",378626,2026-04-08 19:12:07,28.855978012085,-17.8381290435791,"Unknown"
"5020567",378626,2026-04-08 19:13:07,28.8559246063232,-17.8381156921387,"Unknown"
"5020567",378626,2026-04-08 19:14:07,28.8558044433594,-17.8381443023682,"Unknown"
"5020567",378626,2026-04-08 19:15:07,28.8557682037354,-17.8381481170654,"Unknown"
"5020567",378626,2026-04-08 19:16:07,28.85573387146,-17.8381690979004,"Unknown"
"5020567",378626,2026-04-08 19:17:07,28.8556480407715,-17.8381423950195,"Unknown"
"5020567",378626,2026-04-08 19:18:08,28.855583190918,-17.8381118774414,"Unknown"
"5020567",378626,2026-04-08 19:19:07,28.8555564880371,-17.8380737304688,"Unknown"
"5020567",378626,2026-04-08 19:20:07,28.8554592132568,-17.8380241394043,"Unknown"
"5020567",378626,2026-04-08 19:21:07,28.8553829193115,-17.838041305542,"Unknown"
"5020567",378626,2026-04-08 19:22:07,28.8553428649902,-17.8380832672119,"Unknown"
"5020567",378626,2026-04-08 19:23:07,28.8552951812744,-17.838041305542,"Unknown"
"5020567",378626,2026-04-08 19:24:07,28.8551750183105,-17.8380527496338,"Unknown"
"5020567",378626,2026-04-08 19:25:08,28.855073928833,-17.838098526001,"Unknown"
"5020567",378626,2026-04-08 19:26:07,28.8549842834473,-17.8380966186523,"Unknown"
"5020567",378626,2026-04-08 19:27:07,28.8548431396484,-17.8381214141846,"Unknown"
"5020567",378626,2026-04-08 19:28:08,28.8547096252441,-17.8381366729736,"Unknown"
"5020567",378626,2026-04-08 19:29:07,28.8546333312988,-17.8381538391113,"Unknown"
"5020567",378626,2026-04-08 19:30:08,28.854528427124,-17.8381271362305,"Unknown"
"5020567",378626,2026-04-08 19:31:08,28.8544387817383,-17.8381328582764,"Unknown"
"5020567",378626,2026-04-08 19:32:08,28.854377746582,-17.8381061553955,"Unknown"
"5020567",378626,2026-04-08 19:33:33,28.8542919158936,-17.8380870819092,"Unknown"
"5020567",378626,2026-04-08 19:34:07,28.8542823791504,-17.8381156921387,"Unknown"
"5020567",378626,2026-04-08 19:35:07,28.8542366027832,-17.83811378479,"Unknown"
"5020567",378626,2026-04-08 19:36:08,28.8541488647461,-17.8380851745605,"Unknown"
"5020567",378626,2026-04-08 19:37:07,28.8540554046631,-17.8380126953125,"Unknown"
"5020567",378626,2026-04-08 19:38:07,28.8539886474609,-17.8379783630371,"Unknown"
"5020567",378626,2026-04-08 19:39:07,28.8539485931396,-17.8379230499268,"Unknown"
"5020567",378626,2026-04-08 19:40:09,28.8538990020752,-17.8378944396973,"Unknown"
"5020567",378626,2026-04-08 19:41:07,28.853874206543,-17.837890625,"Unknown"
"5020567",378626,2026-04-08 19:42:07,28.8538360595703,-17.8379211425781,"Unknown"
"5020567",378626,2026-04-08 19:43:07,28.8537826538086,-17.837911605835,"Unknown"
"5020567",378626,2026-04-08 19:44:07,28.8537559509277,-17.8379325866699,"Unknown"
"5020567",378626,2026-04-08 19:45:07,28.8537311553955,-17.8379459381104,"Unknown"
"5020567",378626,2026-04-08 19:46:09,28.8536796569824,-17.8379440307617,"Unknown"
"5020567",378626,2026-04-08 19:47:08,28.8536491394043,-17.8379707336426,"Unknown"
"5020567",378626,2026-04-08 19:48:07,28.8536472320557,-17.8379878997803,"Unknown"
"5020567",378626,2026-04-08 19:49:07,28.8536205291748,-17.8379993438721,"Unknown"
"5020567",378626,2026-04-08 19:50:07,28.8535652160645,-17.8380088806152,"Unknown"
"5020567",378626,2026-04-08 19:51:10,28.8535385131836,-17.8380165100098,"Unknown"
"5020567",378626,2026-04-08 19:52:07,28.8535404205322,-17.838005065918,"Unknown"
"5020567",378626,2026-04-08 19:53:07,28.8535099029541,-17.8379669189453,"Unknown"
"5020567",378626,2026-04-08 19:54:09,28.853422164917,-17.837947845459,"Unknown"
"5020567",378626,2026-04-08 19:55:09,28.8533382415771,-17.8379726409912,"Unknown"
"5020567",378626,2026-04-08 19:56:09,28.8532810211182,-17.8380012512207,"Unknown"
"5020567",378626,2026-04-08 19:57:07,28.853199005127,-17.8380146026611,"Unknown"
"5020567",378626,2026-04-08 19:58:07,28.8531379699707,-17.8379554748535,"Unknown"
"5020567",378626,2026-04-08 19:59:09,28.8531284332275,-17.8379783630371,"Unknown"
"5020567",378626,2026-04-08 20:00:07,28.853099822998,-17.837984085083,"Unknown"
"5020567",378626,2026-04-08 20:01:07,28.8530712127686,-17.838005065918,"Unknown"
"5020567",378626,2026-04-08 20:02:08,28.8530368804932,-17.8380184173584,"Unknown"
"5020567",378626,2026-04-08 20:03:08,28.8530006408691,-17.8380889892578,"Unknown"
"5020567",378626,2026-04-08 20:04:07,28.852933883667,-17.8380374908447,"Unknown"
"5020567",378626,2026-04-08 20:05:07,28.8529090881348,-17.838077545166,"Unknown"
"5020567",378626,2026-04-08 20:06:07,28.852897644043,-17.8381080627441,"Unknown"
"5020567",378626,2026-04-08 20:07:07,28.852876663208,-17.8381061553955,"Unknown"
"5020567",378626,2026-04-08 20:08:07,28.8528308868408,-17.838098526001,"Unknown"
"5020567",378626,2026-04-08 20:09:07,28.8527679443359,-17.8380813598633,"Unknown"
"5020567",378626,2026-04-08 20:10:07,28.8527183532715,-17.8380508422852,"Unknown"
"5020567",378626,2026-04-08 20:11:07,28.8527355194092,-17.8380870819092,"Unknown"
"5020567",378626,2026-04-08 20:12:08,28.852746963501,-17.8381118774414,"Unknown"
"5020567",378626,2026-04-08 20:13:07,28.8527355194092,-17.8381061553955,"Unknown"
"5020567",378626,2026-04-08 20:14:07,28.8527526855469,-17.8380908966064,"Unknown"
"5020567",378626,2026-04-08 20:15:07,28.8527050018311,-17.8380908966064,"Unknown"
"5020567",378626,2026-04-08 20:16:07,28.8526668548584,-17.8380889892578,"Unknown"
"5020567",378626,2026-04-08 20:17:07,28.852689743042,-17.8380908966064,"Unknown"
"5020567",378626,2026-04-08 20:18:09,28.8526554107666,-17.8380641937256,"Unknown"
"5020567",378626,2026-04-08 20:19:07,28.852632522583,-17.8380260467529,"Unknown"
"5020567",378626,2026-04-08 20:20:07,28.8525257110596,-17.8380546569824,"Unknown"
"5020567",378626,2026-04-08 20:21:08,28.8524265289307,-17.8380260467529,"Unknown"
"5020567",378626,2026-04-08 20:22:08,28.8524227142334,-17.8380374908447,"Unknown"
"5020567",378626,2026-04-08 20:23:07,28.8523845672607,-17.8380527496338,"Unknown"
"5020567",378626,2026-04-08 20:24:07,28.8523712158203,-17.8380870819092,"Unknown"
"5020567",378626,2026-04-08 20:25:07,28.8522968292236,-17.8381080627441,"Unknown"
"5020567",378626,2026-04-08 20:26:08,28.85227394104,-17.8381214141846,"Unknown"
"5020567",378626,2026-04-08 20:27:07,28.852294921875,-17.83815574646,"Unknown"
"5020567",378626,2026-04-08 20:28:07,28.8523216247559,-17.8381786346436,"Unknown"
"5020567",378626,2026-04-08 20:29:07,28.8523254394531,-17.8381175994873,"Unknown"
"5020567",378626,2026-04-08 20:30:07,28.8522815704346,-17.8381156921387,"Unknown"
"5020567",378626,2026-04-08 20:31:07,28.8522834777832,-17.838041305542,"Unknown"
"5020567",378626,2026-04-08 20:32:07,28.8522930145264,-17.8380489349365,"Unknown"
"5020567",378626,2026-04-08 20:33:07,28.8523368835449,-17.8380012512207,"Unknown"
"5020567",378626,2026-04-08 20:34:07,28.8523845672607,-17.8379459381104,"Unknown"
"5020567",378626,2026-04-08 20:35:08,28.8524417877197,-17.8378829956055,"Unknown"
"5020567",378626,2026-04-08 20:36:07,28.8524856567383,-17.8377990722656,"Unknown"
"5020567",378626,2026-04-08 20:37:07,28.8525505065918,-17.8377666473389,"Unknown"
"5020567",378626,2026-04-08 20:38:07,28.852596282959,-17.8377285003662,"Unknown"
"5020567",378626,2026-04-08 20:39:08,28.8526458740234,-17.837682723999,"Unknown"
"5020567",378626,2026-04-08 20:40:09,28.8526458740234,-17.8376159667969,"Unknown"
"5020567",378626,2026-04-08 20:41:09,28.852668762207,-17.8376064300537,"Unknown"
"5020567",378626,2026-04-08 20:42:10,28.8527088165283,-17.837553024292,"Unknown"
"5020567",378626,2026-04-08 20:43:14,28.8527164459229,-17.8375301361084,"Unknown"
"5020567",378626,2026-04-08 20:44:13,28.8527202606201,-17.8374881744385,"Unknown"
"5020567",378626,2026-04-08 20:45:09,28.8527278900146,-17.837438583374,"Unknown"
"5020567",378626,2026-04-08 20:46:09,28.8527393341064,-17.8373889923096,"Unknown"
"5020567",378626,2026-04-08 20:47:22,28.8527526855469,-17.8373279571533,"Unknown"
"5020567",378626,2026-04-08 20:48:33,28.8527565002441,-17.8372764587402,"Unknown"
"5020567",378626,2026-04-08 20:49:07,28.8527278900146,-17.8372497558594,"Unknown"
"5020567",378626,2026-04-08 20:50:07,28.8527717590332,-17.8372020721436,"Unknown"
"5020567",378626,2026-04-08 20:51:07,28.8527812957764,-17.8371887207031,"Unknown"
"5020567",378626,2026-04-08 20:52:07,28.8528327941895,-17.8371639251709,"Unknown"
"5020567",378626,2026-04-08 20:53:07,28.8528499603271,-17.8371353149414,"Unknown"
"5020567",378626,2026-04-08 20:54:07,28.8528861999512,-17.8371200561523,"Unknown"
"5020567",378626,2026-04-08 20:55:07,28.8529014587402,-17.8370838165283,"Unknown"
"5020567",378626,2026-04-08 20:56:07,28.8529052734375,-17.8370361328125,"Unknown"
"5020567",378626,2026-04-08 20:57:07,28.8529186248779,-17.8369903564453,"Unknown"
"5020567",378626,2026-04-08 20:58:07,28.8529033660889,-17.8369293212891,"Unknown"
"5020567",378626,2026-04-08 20:59:07,28.8529262542725,-17.8368759155273,"Unknown"
"5020567",378626,2026-04-08 21:00:07,28.8529434204102,-17.836856842041,"Unknown"
"5020567",378626,2026-04-08 21:01:07,28.8529510498047,-17.8367958068848,"Unknown"
"5020567",378626,2026-04-08 21:02:07,28.8529682159424,-17.8367576599121,"Unknown"
"5020567",378626,2026-04-08 21:03:07,28.8529663085938,-17.8367137908936,"Unknown"
"5020567",378626,2026-04-08 21:04:07,28.8529968261719,-17.8366775512695,"Unknown"
"5020567",378626,2026-04-08 21:05:07,28.8529872894287,-17.8365993499756,"Unknown"
"5020567",378626,2026-04-08 21:06:07,28.8529853820801,-17.8365631103516,"Unknown"
"5020567",378626,2026-04-08 21:07:07,28.8530006408691,-17.8365020751953,"Unknown"
"5020567",378626,2026-04-08 21:08:07,28.8529891967773,-17.8364562988281,"Unknown"
"5020567",378626,2026-04-08 21:09:07,28.8529682159424,-17.8364219665527,"Unknown"
"5020567",378626,2026-04-08 21:10:07,28.8529491424561,-17.8363513946533,"Unknown"
"5020567",378626,2026-04-08 21:11:07,28.8529319763184,-17.8363132476807,"Unknown"
"5020567",378626,2026-04-08 21:12:07,28.8529186248779,-17.8362312316895,"Unknown"
"5020567",378626,2026-04-08 21:13:07,28.8528804779053,-17.8361835479736,"Unknown"
"5020567",378626,2026-04-08 21:14:07,28.852840423584,-17.8361282348633,"Unknown"
"5020567",378626,2026-04-08 21:15:07,28.8528099060059,-17.8360996246338,"Unknown"
"5020567",378626,2026-04-08 21:16:07,28.8527870178223,-17.8360748291016,"Unknown"
"5020567",378626,2026-04-08 21:17:07,28.8527278900146,-17.8360233306885,"Unknown"
"5020567",378626,2026-04-08 21:18:07,28.8526763916016,-17.8359794616699,"Unknown"
"5020567",378626,2026-04-08 21:19:07,28.8526496887207,-17.8359127044678,"Unknown"
"5020567",378626,2026-04-08 21:20:07,28.8526554107666,-17.8358688354492,"Unknown"
"5020567",378626,2026-04-08 21:21:07,28.852668762207,-17.8358097076416,"Unknown"
"5020567",378626,2026-04-08 21:22:07,28.8526821136475,-17.8357372283936,"Unknown"
"5020567",378626,2026-04-08 21:23:07,28.8527050018311,-17.83567237854,"Unknown"
"5020567",378626,2026-04-08 21:24:07,28.851448059082,-17.8360328674316,"Unknown"
"5020567",378626,2026-04-08 21:25:07,28.8483562469482,-17.8319320678711,"Unknown"
"5020567",378626,2026-04-08 21:26:07,28.8503227233887,-17.8240203857422,"Unknown"
"5020567",378626,2026-04-08 21:27:07,28.8544235229492,-17.8147506713867,"Unknown"
"5020567",378626,2026-04-08 21:28:07,28.8573551177979,-17.8058452606201,"Unknown"
"5020567",378626,2026-04-08 21:29:07,28.8562564849854,-17.8000144958496,"Unknown"
"5020567",378626,2026-04-08 21:30:08,28.8538303375244,-17.792142868042,"Unknown"
"5020567",378626,2026-04-08 21:31:07,28.8504238128662,-17.7834320068359,"Unknown"
"5020567",378626,2026-04-08 21:32:10,28.8475933074951,-17.776517868042,"Unknown"
"5020567",378626,2026-04-08 21:33:07,28.8486595153809,-17.7742748260498,"Unknown"
"5020567",378626,2026-04-08 21:34:07,28.8494644165039,-17.772647857666,"Unknown"
"5020567",378626,2026-04-08 21:35:07,28.8518161773682,-17.7701873779297,"Unknown"
"5020567",378626,2026-04-08 21:36:07,28.8547706604004,-17.7659664154053,"Unknown"
"5020567",378626,2026-04-08 21:37:08,28.8576698303223,-17.759147644043,"Unknown"
"5020567",378626,2026-04-08 21:38:07,28.861047744751,-17.750509262085,"Unknown"
"5020567",378626,2026-04-08 21:39:09,28.8611469268799,-17.7374019622803,"Unknown"
"5020567",378626,2026-04-08 21:40:14,28.8541679382324,-17.7248077392578,"Unknown"
"5020567",378626,2026-04-08 21:41:07,28.8457088470459,-17.716100692749,"Unknown"
"5020567",378626,2026-04-08 21:46:07,28.793119430542,-17.6781635284424,"Unknown"
"5020567",378626,2026-04-08 21:51:09,28.7381591796875,-17.6696834564209,"Unknown"
"5020567",378626,2026-04-08 21:56:07,28.7232475280762,-17.6807746887207,"Unknown"
"5020567",378626,2026-04-08 22:01:08,28.7218379974365,-17.6810607910156,"Unknown"
"5020567",378626,2026-04-08 22:06:08,28.7203845977783,-17.6815338134766,"Unknown"
"5020567",378626,2026-04-08 22:11:07,28.7190208435059,-17.6819629669189,"Unknown"
"5020567",378626,2026-04-08 22:16:07,28.7175846099854,-17.6823463439941,"Unknown"
"5020567",378626,2026-04-08 22:21:07,28.7161617279053,-17.6829051971436,"Unknown"
"5020567",378626,2026-04-08 22:26:07,28.7146644592285,-17.6833801269531,"Unknown"
"5020567",378626,2026-04-08 22:31:10,28.7130546569824,-17.6843662261963,"Unknown"
"5020567",378626,2026-04-08 22:36:07,28.7069244384766,-17.7022571563721,"Unknown"
"5020567",378626,2026-04-08 22:41:09,28.7041816711426,-17.7088165283203,"Unknown"
"5020567",378626,2026-04-08 22:46:08,28.7011852264404,-17.7198219299316,"Unknown"
"5020567",378626,2026-04-08 22:51:08,28.7005386352539,-17.7342948913574,"Unknown"
"5020567",378626,2026-04-08 22:56:07,28.7109794616699,-17.739839553833,"Unknown"
"5020567",378626,2026-04-08 22:57:07,28.7100849151611,-17.7409439086914,"Unknown"
"5020567",378626,2026-04-08 22:58:07,28.7094841003418,-17.7438011169434,"Unknown"
"5020567",378626,2026-04-08 22:59:07,28.7087173461914,-17.7476329803467,"Unknown"
"5020567",378626,2026-04-08 23:00:07,28.7071990966797,-17.7473964691162,"Unknown"
"5020567",378626,2026-04-08 23:01:07,28.7051486968994,-17.7460479736328,"Unknown"
"5020567",378626,2026-04-08 23:02:08,28.7062301635742,-17.7453193664551,"Unknown"
"5020567",378626,2026-04-08 23:03:08,28.7051830291748,-17.7400436401367,"Unknown"
"5020567",378626,2026-04-08 23:04:08,28.706693649292,-17.7492637634277,"Unknown"
"5020567",378626,2026-04-08 23:05:08,28.706672668457,-17.7542037963867,"Unknown"
"5020567",378626,2026-04-08 23:06:08,28.7035427093506,-17.7522640228271,"Unknown"
"5020567",378626,2026-04-08 23:07:07,28.7022914886475,-17.7509059906006,"Unknown"
"5020567",378626,2026-04-08 23:08:07,28.6988754272461,-17.7509880065918,"Unknown"
"5020567",378626,2026-04-08 23:09:10,28.6970100402832,-17.746431350708,"Unknown"
"5020567",378626,2026-04-08 23:10:07,28.7024707794189,-17.7532749176025,"Unknown"
"5020567",378626,2026-04-08 23:11:07,28.7066230773926,-17.7569026947021,"Unknown"
"5020567",378626,2026-04-08 23:12:08,28.7116203308105,-17.7585525512695,"Unknown"
"5020567",378626,2026-04-08 23:13:08,28.7145042419434,-17.7594814300537,"Unknown"
"5020567",378626,2026-04-08 23:14:07,28.7092704772949,-17.7568817138672,"Unknown"
"5020567",378626,2026-04-08 23:15:33,28.7154083251953,-17.75950050354,"Unknown"
"5020567",378626,2026-04-08 23:16:07,28.7162055969238,-17.7607612609863,"Unknown"
"5020567",378626,2026-04-08 23:17:07,28.7135620117188,-17.7594261169434,"Unknown"
"5020567",378626,2026-04-08 23:18:08,28.7156410217285,-17.760368347168,"Unknown"
"5020567",378626,2026-04-08 23:19:08,28.7160396575928,-17.7607021331787,"Unknown"
"5020567",378626,2026-04-08 23:20:07,28.7128028869629,-17.7587089538574,"Unknown"
"5020567",378626,2026-04-08 23:21:07,28.713939666748,-17.7580585479736,"Unknown"
"5020567",378626,2026-04-08 23:22:07,28.7183074951172,-17.7617244720459,"Unknown"
"5020567",378626,2026-04-08 23:23:08,28.7185668945312,-17.7616176605225,"Unknown"
"5020567",378626,2026-04-08 23:24:08,28.7147045135498,-17.7586154937744,"Unknown"
"5020567",378626,2026-04-08 23:25:07,28.7150211334229,-17.7594432830811,"Unknown"
"5020567",378626,2026-04-08 23:26:07,28.7096519470215,-17.7562122344971,"Unknown"
"5020567",378626,2026-04-08 23:27:07,28.7050552368164,-17.7527523040771,"Unknown"
"5020567",378626,2026-04-08 23:28:07,28.7014198303223,-17.7474021911621,"Unknown"
"5020567",378626,2026-04-08 23:29:08,28.69850730896,-17.7421493530273,"Unknown"
"5020567",378626,2026-04-08 23:30:07,28.696849822998,-17.7344207763672,"Unknown"
"5020567",378626,2026-04-08 23:31:09,28.6959857940674,-17.7264518737793,"Unknown"
"5020567",378626,2026-04-08 23:32:07,28.6922454833984,-17.7221717834473,"Unknown"
"5020567",378626,2026-04-08 23:33:07,28.6855297088623,-17.7152614593506,"Unknown"
"5020567",378626,2026-04-08 23:38:07,28.6785621643066,-17.7007446289062,"Unknown"
"5020567",378626,2026-04-08 23:43:09,28.6772708892822,-17.7007751464844,"Unknown"
"5020567",378626,2026-04-08 23:48:07,28.6760330200195,-17.7006301879883,"Unknown"
"5020567",378626,2026-04-08 23:53:09,28.6750164031982,-17.7002182006836,"Unknown"
"5020567",378626,2026-04-08 23:58:07,28.6738548278809,-17.7004261016846,"Unknown"
"5020567",378626,2026-04-09 00:03:09,28.6726036071777,-17.700439453125,"Unknown"
"5020567",378626,2026-04-09 00:08:07,28.6713905334473,-17.7004642486572,"Unknown"
"5020567",378626,2026-04-09 00:13:07,28.6701755523682,-17.7004623413086,"Unknown"
"5020567",378626,2026-04-09 00:18:10,28.6690406799316,-17.7004222869873,"Unknown"
"5020567",378626,2026-04-09 00:23:10,28.6680030822754,-17.7004985809326,"Unknown"
"5020567",378626,2026-04-09 00:28:08,28.6669425964355,-17.7004547119141,"Unknown"
"5020567",378626,2026-04-09 00:33:09,28.6658477783203,-17.7004413604736,"Unknown"
"5020567",378626,2026-04-09 00:38:09,28.6647090911865,-17.7003173828125,"Unknown"
"5020567",378626,2026-04-09 00:43:09,28.6634082794189,-17.7004108428955,"Unknown"
"5020567",378626,2026-04-09 00:48:10,28.6621494293213,-17.7004203796387,"Unknown"
"5020567",378626,2026-04-09 00:53:33,28.66086769104,-17.7006549835205,"Unknown"
"5020567",378626,2026-04-09 00:58:07,28.6598777770996,-17.701229095459,"Unknown"
"5020567",378626,2026-04-09 01:03:07,28.6589183807373,-17.7012271881104,"Unknown"
"5020567",378626,2026-04-09 01:08:07,28.6580333709717,-17.7009391784668,"Unknown"
"5020567",378626,2026-04-09 01:13:07,28.6570663452148,-17.7008857727051,"Unknown"
"5020567",378626,2026-04-09 01:18:07,28.6561279296875,-17.7007865905762,"Unknown"
"5020567",378626,2026-04-09 01:23:07,28.6551666259766,-17.7007808685303,"Unknown"
"5020567",378626,2026-04-09 01:28:07,28.6543579101562,-17.7001876831055,"Unknown"
"5020567",378626,2026-04-09 01:33:07,28.6534080505371,-17.6997947692871,"Unknown"
"5020567",378626,2026-04-09 01:38:07,28.6525421142578,-17.6993789672852,"Unknown"
"5020567",378626,2026-04-09 01:43:07,28.651798248291,-17.6992149353027,"Unknown"
"5020567",378626,2026-04-09 01:48:07,28.6511974334717,-17.6988773345947,"Unknown"
"5020567",378626,2026-04-09 01:53:07,28.6503887176514,-17.6989860534668,"Unknown"
"5020567",378626,2026-04-09 01:58:09,28.6498279571533,-17.6991214752197,"Unknown"
"5020567",378626,2026-04-09 02:03:09,28.6536026000977,-17.6977272033691,"Unknown"
"5020567",378626,2026-04-09 02:08:07,28.6545467376709,-17.6967945098877,"Unknown"
"5020567",378626,2026-04-09 02:13:09,28.6576175689697,-17.6942882537842,"Unknown"
"5020567",378626,2026-04-09 02:18:11,28.6594886779785,-17.6901893615723,"Unknown"
"5020567",378626,2026-04-09 02:23:10,28.6587162017822,-17.6896305084229,"Unknown"
"5020567",378626,2026-04-09 02:28:12,28.6580123901367,-17.6892490386963,"Unknown"
"5020567",378626,2026-04-09 02:33:12,28.6573295593262,-17.6892356872559,"Unknown"
"5020567",378626,2026-04-09 02:38:07,28.6651668548584,-17.6899356842041,"Unknown"
"5020567",378626,2026-04-09 02:43:13,28.6658382415771,-17.6898155212402,"Unknown"
"5020567",378626,2026-04-09 02:48:33,28.6652088165283,-17.6893081665039,"Unknown"
"5020567",378626,2026-04-09 02:53:07,28.664493560791,-17.6890449523926,"Unknown"
"5020567",378626,2026-04-09 02:58:07,28.6636276245117,-17.6887035369873,"Unknown"
"5020567",378626,2026-04-09 03:03:07,28.6633930206299,-17.6889762878418,"Unknown"
"5020567",378626,2026-04-09 03:08:07,28.6711120605469,-17.693826675415,"Unknown"
"5020567",378626,2026-04-09 03:13:07,28.6706237792969,-17.6942653656006,"Unknown"
"5020567",378626,2026-04-09 03:18:07,28.6768035888672,-17.6924667358398,"Unknown"
"5020567",378626,2026-04-09 03:23:07,28.676139831543,-17.6925029754639,"Unknown"
"5020567",378626,2026-04-09 03:28:07,28.6755294799805,-17.692699432373,"Unknown"
"5020567",378626,2026-04-09 03:33:07,28.6748809814453,-17.6929626464844,"Unknown"
"5020567",378626,2026-04-09 03:38:07,28.6742706298828,-17.6928825378418,"Unknown"
"5020567",378626,2026-04-09 03:43:07,28.6736907958984,-17.6929912567139,"Unknown"
"5020567",378626,2026-04-09 03:48:07,28.6730709075928,-17.6932163238525,"Unknown"
"5020567",378626,2026-04-09 03:53:07,28.6723937988281,-17.6932029724121,"Unknown"
"5020567",378626,2026-04-09 03:58:07,28.6717777252197,-17.6932830810547,"Unknown"
"5020567",378626,2026-04-09 04:03:07,28.671142578125,-17.6933975219727,"Unknown"
"5020567",378626,2026-04-09 04:08:07,28.6705265045166,-17.6934928894043,"Unknown"
"5020567",378626,2026-04-09 04:13:07,28.6699771881104,-17.6935901641846,"Unknown"
"5020567",378626,2026-04-09 04:18:07,28.6695156097412,-17.6936359405518,"Unknown"
"5020567",378626,2026-04-09 04:23:07,28.669002532959,-17.6934566497803,"Unknown"
"5020567",378626,2026-04-09 04:28:07,28.6723327636719,-17.6877861022949,"Unknown"
"5020567",378626,2026-04-09 04:33:07,28.6842403411865,-17.6781444549561,"Unknown"
"5020567",378626,2026-04-09 04:38:07,28.6903095245361,-17.6714305877686,"Unknown"
"5020567",378626,2026-04-09 04:43:07,28.6908912658691,-17.6696472167969,"Unknown"
"5020567",378626,2026-04-09 04:48:07,28.6922740936279,-17.667854309082,"Unknown"
"5020567",378626,2026-04-09 04:53:09,28.6946563720703,-17.6660957336426,"Unknown"
"5020567",378626,2026-04-09 04:58:08,28.6971549987793,-17.6652698516846,"Unknown"
"5020567",378626,2026-04-09 05:03:08,28.6974697113037,-17.6647758483887,"Unknown"
"5020567",378626,2026-04-09 05:08:08,28.6972522735596,-17.6642017364502,"Unknown"
"5020567",378626,2026-04-09 05:13:57,28.6980686187744,-17.6627063751221,"Unknown"
"5020567",378626,2026-04-09 05:18:07,28.7015247344971,-17.659366607666,"Unknown"
"5020567",378626,2026-04-09 05:23:07,28.7123889923096,-17.643949508667,"Unknown"
"5020567",378626,2026-04-09 05:28:08,28.7220668792725,-17.6376304626465,"Unknown"
"5020567",378626,2026-04-09 05:34:32,28.7367973327637,-17.6298789978027,"Unknown"
"5020567",378626,2026-04-09 05:39:32,28.7479724884033,-17.642126083374,"Unknown"
"5020567",378626,2026-04-09 05:44:32,28.7584190368652,-17.6578521728516,"Unknown"
"5020567",378626,2026-04-09 05:49:32,28.7649936676025,-17.6763381958008,"Unknown"
"5020567",378626,2026-04-09 05:54:32,28.7723541259766,-17.6904468536377,"Unknown"
"5020567",378626,2026-04-09 05:58:08,28.7805614471436,-17.6953125,"Unknown"
"5020567",378626,2026-04-09 06:49:32,28.8444156646729,-17.7593288421631,"Unknown"
"5020567",378626,2026-04-09 06:59:32,28.8536567687988,-17.7825870513916,"Unknown"
"5020567",378626,2026-04-09 07:09:32,28.859691619873,-17.817663192749,"Unknown"
"5020567",378626,2026-04-09 07:18:33,28.8608074188232,-17.8232746124268,"Unknown"
"5020567",378626,2026-04-09 07:28:07,28.8607425689697,-17.8235988616943,"Unknown"
"5020567",378626,2026-04-09 07:38:07,28.8667221069336,-17.8381652832031,"Unknown"
"5020567",378626,2026-04-09 07:48:07,28.8602333068848,-17.8385753631592,"Unknown"
"5020567",378626,2026-04-09 07:58:08,28.8607063293457,-17.8449249267578,"Unknown"
"5020567",378626,2026-04-09 08:08:09,28.8664150238037,-17.8471546173096,"Unknown"
"5020567",378626,2026-04-09 08:18:09,28.8636360168457,-17.851354598999,"Unknown"
"5020567",378626,2026-04-09 08:28:10,28.8624248504639,-17.8562164306641,"Unknown"
"5020567",378626,2026-04-09 08:33:09,28.8623695373535,-17.85693359375,"Unknown"
"5020567",378626,2026-04-09 08:38:10,28.8652954101562,-17.867015838623,"Unknown"
"5020567",378626,2026-04-09 08:43:33,28.8661193847656,-17.8905620574951,"Unknown"
"5020567",378626,2026-04-09 08:48:07,28.8697338104248,-17.9110565185547,"Unknown"
"5020567",378626,2026-04-09 08:53:10,28.8600196838379,-17.9414348602295,"Unknown"
"5020567",378626,2026-04-09 08:58:08,28.8442249298096,-17.9723033905029,"Unknown"
"5020567",378626,2026-04-09 08:59:07,28.8433246612549,-17.9721603393555,"Unknown"
"5020567",378626,2026-04-09 09:00:07,28.8378658294678,-17.9735298156738,"Unknown"
"5020567",378626,2026-04-09 09:01:07,28.8342819213867,-17.979850769043,"Unknown"
"5020567",378626,2026-04-09 09:02:07,28.8314723968506,-17.9870586395264,"Unknown"
"5020567",378626,2026-04-09 09:03:07,28.8257217407227,-17.993013381958,"Unknown"
"5020567",378626,2026-04-09 09:04:07,28.8188400268555,-17.9973201751709,"Unknown"
"5020567",378626,2026-04-09 09:05:07,28.8133716583252,-17.9933586120605,"Unknown"
"5020567",378626,2026-04-09 09:06:07,28.812292098999,-17.9891834259033,"Unknown"
"5020567",378626,2026-04-09 09:07:07,28.8150577545166,-17.988410949707,"Unknown"
"5020567",378626,2026-04-09 09:08:07,28.8158264160156,-17.9849720001221,"Unknown"
"5020567",378626,2026-04-09 09:09:07,28.8179988861084,-17.9828281402588,"Unknown"
"5020567",378626,2026-04-09 09:10:07,28.8212280273438,-17.9829654693604,"Unknown"
"5020567",378626,2026-04-09 09:11:07,28.8225593566895,-17.9808731079102,"Unknown"
"5020567",378626,2026-04-09 09:12:08,28.8255252838135,-17.981954574585,"Unknown"
"5020567",378626,2026-04-09 09:13:07,28.8290996551514,-17.9830513000488,"Unknown"
"5020567",378626,2026-04-09 09:14:08,28.8323650360107,-17.9834480285645,"Unknown"
"5020567",378626,2026-04-09 09:15:07,28.8354511260986,-17.982084274292,"Unknown"
"5020567",378626,2026-04-09 09:16:07,28.8382225036621,-17.9802951812744,"Unknown"
"5020567",378626,2026-04-09 09:17:09,28.8412818908691,-17.9785861968994,"Unknown"
"5020567",378626,2026-04-09 09:18:07,28.8429832458496,-17.9755249023438,"Unknown"
"5020567",378626,2026-04-09 09:19:08,28.844762802124,-17.9718990325928,"Unknown"
"5020567",378626,2026-04-09 09:20:07,28.8469467163086,-17.9694728851318,"Unknown"
"5020567",378626,2026-04-09 09:21:07,28.8488292694092,-17.9671287536621,"Unknown"
"5020567",378626,2026-04-09 09:22:07,28.8511295318604,-17.9639911651611,"Unknown"
"5020567",378626,2026-04-09 09:23:08,28.8538150787354,-17.961462020874,"Unknown"
"5020567",378626,2026-04-09 09:24:09,28.8550090789795,-17.9595108032227,"Unknown"
"5020567",378626,2026-04-09 09:25:07,28.8567028045654,-17.9565181732178,"Unknown"
"5020567",378626,2026-04-09 09:26:08,28.8594245910645,-17.9580860137939,"Unknown"
"5020567",378626,2026-04-09 09:27:07,28.8625526428223,-17.957857131958,"Unknown"
"5020567",378626,2026-04-09 09:28:08,28.8642234802246,-17.9565582275391,"Unknown"
"5020567",378626,2026-04-09 09:33:07,28.8572998046875,-17.955379486084,"Unknown"
"5020567",378626,2026-04-09 09:38:08,28.8571548461914,-17.9568748474121,"Unknown"
"5020567",378626,2026-04-09 09:39:08,28.8570785522461,-17.9569625854492,"Unknown"
"5020567",378626,2026-04-09 09:40:08,28.8569965362549,-17.9570922851562,"Unknown"
"5020567",378626,2026-04-09 09:41:07,28.8569164276123,-17.9571933746338,"Unknown"
"5020567",378626,2026-04-09 09:42:07,28.8568363189697,-17.9573307037354,"Unknown"
"5020567",378626,2026-04-09 09:43:07,28.8567523956299,-17.9574871063232,"Unknown"
"5020567",378626,2026-04-09 09:44:07,28.8575916290283,-17.9594306945801,"Unknown"
"5020567",378626,2026-04-09 09:45:12,28.8591842651367,-17.9644412994385,"Unknown"
"5020567",378626,2026-04-09 09:46:08,28.8593807220459,-17.96462059021,"Unknown"
"5020567",378626,2026-04-09 09:47:09,28.8599967956543,-17.96022605896,"Unknown"
"5020567",378626,2026-04-09 09:48:08,28.8583354949951,-17.9613819122314,"Unknown"
"5020567",378626,2026-04-09 09:49:08,28.8530826568604,-17.9623470306396,"Unknown"
"5020567",378626,2026-04-09 09:50:07,28.8470897674561,-17.9647903442383,"Unknown"
"5020567",378626,2026-04-09 09:51:07,28.8471012115479,-17.9652423858643,"Unknown"
"5020567",378626,2026-04-09 09:52:07,28.84690284729,-17.9654197692871,"Unknown"
"5020567",378626,2026-04-09 09:53:09,28.8463325500488,-17.9683494567871,"Unknown"
"5020567",378626,2026-04-09 09:54:07,28.8457012176514,-17.9686412811279,"Unknown"
"5020567",378626,2026-04-09 09:55:07,28.8443298339844,-17.9702110290527,"Unknown"
"5020567",378626,2026-04-09 09:56:08,28.8442096710205,-17.9703922271729,"Unknown"
"5020567",378626,2026-04-09 09:57:07,28.8440952301025,-17.970573425293,"Unknown"
"5020567",378626,2026-04-09 09:58:09,28.8441104888916,-17.9717178344727,"Unknown"
"5020567",378626,2026-04-09 09:59:07,28.8438606262207,-17.9719333648682,"Unknown"
"5020567",378626,2026-04-09 10:00:07,28.8424968719482,-17.9758529663086,"Unknown"
"5020567",378626,2026-04-09 10:01:17,28.8423271179199,-17.9760246276855,"Unknown"
"5020567",378626,2026-04-09 10:02:12,28.8421726226807,-17.9761962890625,"Unknown"
"5020567",378626,2026-04-09 10:03:33,28.841983795166,-17.9764709472656,"Unknown"
"5020567",378626,2026-04-09 10:04:08,28.8410129547119,-17.977954864502,"Unknown"
"5020567",378626,2026-04-09 10:05:07,28.841423034668,-17.9799251556396,"Unknown"
"5020567",378626,2026-04-09 10:06:09,28.8403339385986,-17.9806156158447,"Unknown"
"5020567",378626,2026-04-09 10:07:07,28.8401508331299,-17.9808025360107,"Unknown"
"5020567",378626,2026-04-09 10:08:07,28.8399887084961,-17.9809818267822,"Unknown"
"5020567",378626,2026-04-09 10:09:08,28.8398380279541,-17.9811687469482,"Unknown"
"5020567",378626,2026-04-09 10:10:07,28.8396682739258,-17.9812545776367,"Unknown"
"5020567",378626,2026-04-09 10:11:08,28.8395347595215,-17.9814682006836,"Unknown"
"5020567",378626,2026-04-09 10:12:07,28.8393745422363,-17.9815864562988,"Unknown"
"5020567",378626,2026-04-09 10:13:07,28.8392448425293,-17.9817733764648,"Unknown"
"5020567",378626,2026-04-09 10:14:07,28.8390865325928,-17.9819278717041,"Unknown"
"5020567",378626,2026-04-09 10:15:07,28.8388824462891,-17.9820594787598,"Unknown"
"5020567",378626,2026-04-09 10:16:07,28.8387565612793,-17.9822254180908,"Unknown"
"5020567",378626,2026-04-09 10:17:08,28.838550567627,-17.9823799133301,"Unknown"
"5020567",378626,2026-04-09 10:18:07,28.8383388519287,-17.982515335083,"Unknown"
"5020567",378626,2026-04-09 10:19:07,28.8381328582764,-17.982629776001,"Unknown"
"5020567",378626,2026-04-09 10:20:07,28.8379554748535,-17.9827899932861,"Unknown"
"5020567",378626,2026-04-09 10:21:08,28.8377571105957,-17.983003616333,"Unknown"
"5020567",378626,2026-04-09 10:22:07,28.8375568389893,-17.9831504821777,"Unknown"
"5020567",378626,2026-04-09 10:23:08,28.8373718261719,-17.9833164215088,"Unknown"
"5020567",378626,2026-04-09 10:24:07,28.8371524810791,-17.9835147857666,"Unknown"
"5020567",378626,2026-04-09 10:25:07,28.8369789123535,-17.9837017059326,"Unknown"
"5020567",378626,2026-04-09 10:26:07,28.8368225097656,-17.9838829040527,"Unknown"
"5020567",378626,2026-04-09 10:27:07,28.8366432189941,-17.9840641021729,"Unknown"
"5020567",378626,2026-04-09 10:28:07,28.8367862701416,-17.9842929840088,"Unknown"
"5020567",378626,2026-04-09 10:29:07,28.8317565917969,-17.989143371582,"Unknown"
"5020567",378626,2026-04-09 10:30:08,28.8254699707031,-17.9945278167725,"Unknown"
"5020567",378626,2026-04-09 10:31:08,28.8261013031006,-17.9957656860352,"Unknown"
"5020567",378626,2026-04-09 10:32:07,28.8279800415039,-17.997730255127,"Unknown"
"5020567",378626,2026-04-09 10:33:09,28.8296566009521,-18.0009899139404,"Unknown"
"5020567",378626,2026-04-09 10:34:08,28.8315849304199,-18.0011672973633,"Unknown"
"5020567",378626,2026-04-09 10:39:10,28.8341617584229,-17.9889507293701,"Unknown"
"5020567",378626,2026-04-09 10:44:09,28.8325023651123,-17.99143409729,"Unknown"
"5020567",378626,2026-04-09 10:45:07,28.8322772979736,-17.9915370941162,"Unknown"
"5020567",378626,2026-04-09 10:46:07,28.8320808410645,-17.9916439056396,"Unknown"
"5020567",378626,2026-04-09 10:47:07,28.8318462371826,-17.9917659759521,"Unknown"
"5020567",378626,2026-04-09 10:48:09,28.8317203521729,-17.9918918609619,"Unknown"
"5020567",378626,2026-04-09 10:49:07,28.831579208374,-17.9920272827148,"Unknown"
"5020567",378626,2026-04-09 10:50:08,28.8314151763916,-17.9921779632568,"Unknown"
"5020567",378626,2026-04-09 10:51:07,28.8312950134277,-17.9923229217529,"Unknown"
"5020567",378626,2026-04-09 10:52:09,28.8310947418213,-17.9924602508545,"Unknown"
"5020567",378626,2026-04-09 10:53:09,28.830940246582,-17.9926433563232,"Unknown"
"5020567",378626,2026-04-09 10:54:08,28.830753326416,-17.992790222168,"Unknown"
"5020567",378626,2026-04-09 10:55:08,28.8305854797363,-17.9928646087646,"Unknown"
"5020567",378626,2026-04-09 10:56:09,28.8303909301758,-17.9929447174072,"Unknown"
"5020567",378626,2026-04-09 10:57:09,28.8302040100098,-17.9930934906006,"Unknown"
"5020567",378626,2026-04-09 10:58:09,28.8299922943115,-17.9931983947754,"Unknown"
"5020567",378626,2026-04-09 10:59:07,28.8298263549805,-17.9932689666748,"Unknown"
"5020567",378626,2026-04-09 11:00:08,28.8296604156494,-17.9933280944824,"Unknown"
"5020567",378626,2026-04-09 11:01:08,28.8294887542725,-17.9934024810791,"Unknown"
"5020567",378626,2026-04-09 11:02:10,28.8292770385742,-17.9935073852539,"Unknown"
"5020567",378626,2026-04-09 11:03:09,28.8291130065918,-17.9936046600342,"Unknown"
"5020567",378626,2026-04-09 11:04:10,28.8289413452148,-17.9937305450439,"Unknown"
"5020567",378626,2026-04-09 11:05:10,28.8287963867188,-17.9938468933105,"Unknown"
"5020567",378626,2026-04-09 11:06:10,28.828685760498,-17.9939441680908,"Unknown"
"5020567",378626,2026-04-09 11:07:09,28.8285980224609,-17.9940814971924,"Unknown"
"5020567",378626,2026-04-09 11:08:10,28.8284950256348,-17.9941692352295,"Unknown"
"5020567",378626,2026-04-09 11:09:11,28.8283138275146,-17.9942150115967,"Unknown"
"5020567",378626,2026-04-09 11:10:12,28.8281707763672,-17.9942741394043,"Unknown"
"5020567",378626,2026-04-09 11:11:10,28.8280658721924,-17.9943237304688,"Unknown"
"5020567",378626,2026-04-09 11:12:10,28.8279361724854,-17.9944076538086,"Unknown"
"5020567",378626,2026-04-09 11:13:09,28.8277645111084,-17.9944190979004,"Unknown"
"5020567",378626,2026-04-09 11:14:10,28.8276233673096,-17.9944744110107,"Unknown"
"5020567",378626,2026-04-09 11:15:07,28.8273963928223,-17.9945259094238,"Unknown"
"5020567",378626,2026-04-09 11:16:10,28.8272399902344,-17.994514465332,"Unknown"
"5020567",378626,2026-04-09 11:17:11,28.8270263671875,-17.9945964813232,"Unknown"
"5020567",378626,2026-04-09 11:18:09,28.8269081115723,-17.9946842193604,"Unknown"
"5020567",378626,2026-04-09 11:19:10,28.8267517089844,-17.9947834014893,"Unknown"
"5020567",378626,2026-04-09 11:20:10,28.8266487121582,-17.9947872161865,"Unknown"
"5020567",378626,2026-04-09 11:21:10,28.8265056610107,-17.9949111938477,"Unknown"
"5020567",378626,2026-04-09 11:22:08,28.8263835906982,-17.9949531555176,"Unknown"
"5020567",378626,2026-04-09 11:23:11,28.826244354248,-17.995044708252,"Unknown"
"5020567",378626,2026-04-09 11:24:09,28.8261337280273,-17.9951705932617,"Unknown"
"5020567",378626,2026-04-09 11:25:09,28.8259696960449,-17.9953022003174,"Unknown"
"5020567",378626,2026-04-09 11:26:12,28.8257427215576,-17.9954395294189,"Unknown"
"5020567",378626,2026-04-09 11:27:12,28.8255176544189,-17.9954853057861,"Unknown"
"5020567",378626,2026-04-09 11:28:12,28.8253421783447,-17.9955596923828,"Unknown"
"5020567",378626,2026-04-09 11:29:08,28.8251323699951,-17.9956684112549,"Unknown"
"5020567",378626,2026-04-09 11:30:11,28.824951171875,-17.9957008361816,"Unknown"
"5020567",378626,2026-04-09 11:31:10,28.8247547149658,-17.9958343505859,"Unknown"
"5020567",378626,2026-04-09 11:32:09,28.8245830535889,-17.9959678649902,"Unknown"
"5020567",378626,2026-04-09 11:33:09,28.824333190918,-17.996036529541,"Unknown"
"5020567",378626,2026-04-09 11:34:15,28.8241233825684,-17.9960422515869,"Unknown"
"5020567",378626,2026-04-09 11:35:08,28.8239479064941,-17.9960823059082,"Unknown"
"5020567",378626,2026-04-09 11:36:13,28.8237724304199,-17.9960861206055,"Unknown"
"5020567",378626,2026-04-09 11:37:25,28.8235111236572,-17.9961700439453,"Unknown"
"5020567",378626,2026-04-09 11:38:09,28.8234081268311,-17.996223449707,"Unknown"
"5020567",378626,2026-04-09 11:39:07,28.8244476318359,-17.9961757659912,"Unknown"
"5020567",378626,2026-04-09 11:40:09,28.8247909545898,-17.9952373504639,"Unknown"
"5020567",378626,2026-04-09 11:41:08,28.8266868591309,-17.9942188262939,"Unknown"
"5020567",378626,2026-04-09 11:42:11,28.8272132873535,-17.9943962097168,"Unknown"
"5020567",378626,2026-04-09 11:43:09,28.8270606994629,-17.9945011138916,"Unknown"
"5020567",378626,2026-04-09 11:44:10,28.82692527771,-17.9946022033691,"Unknown"
"5020567",378626,2026-04-09 11:45:10,28.826810836792,-17.9946384429932,"Unknown"
"5020567",378626,2026-04-09 11:46:09,28.8266677856445,-17.9947605133057,"Unknown"
"5020567",378626,2026-04-09 11:47:09,28.8265609741211,-17.9948234558105,"Unknown"
"5020567",378626,2026-04-09 11:48:07,28.8273468017578,-17.99294090271,"Unknown"
"5020567",378626,2026-04-09 11:49:07,28.8288288116455,-17.989688873291,"Unknown"
"5020567",378626,2026-04-09 11:50:08,28.831111907959,-17.9872341156006,"Unknown"
"5020567",378626,2026-04-09 11:51:09,28.833911895752,-17.9851417541504,"Unknown"
"5020567",378626,2026-04-09 11:52:09,28.834192276001,-17.9859161376953,"Unknown"
"5020567",378626,2026-04-09 11:53:08,28.8353729248047,-17.983528137207,"Unknown"
"5020567",378626,2026-04-09 11:54:31,28.8361968994141,-17.9907836914062,"Unknown"
"5020567",378626,2026-04-09 11:55:07,28.8366680145264,-17.9907417297363,"Unknown"
"5020567",378626,2026-04-09 11:56:21,28.8371353149414,-17.9909324645996,"Unknown"
"5020567",378626,2026-04-09 11:57:10,28.8383159637451,-17.9914855957031,"Unknown"
"5020567",378626,2026-04-09 11:58:47,28.8388080596924,-17.992151260376,"Unknown"
"5020567",378626,2026-04-09 11:59:07,28.838794708252,-17.9921913146973,"Unknown"
"5020567",378626,2026-04-09 12:00:07,28.839319229126,-17.9923896789551,"Unknown"
"5020567",378626,2026-04-09 12:01:07,28.8401584625244,-17.9935111999512,"Unknown"
"5020567",378626,2026-04-09 12:02:07,28.8401870727539,-17.9928932189941,"Unknown"
"5020567",378626,2026-04-09 12:03:07,28.8419666290283,-17.9928379058838,"Unknown"
"5020567",378626,2026-04-09 12:04:07,28.842752456665,-17.9932498931885,"Unknown"
"5020567",378626,2026-04-09 12:05:07,28.8412170410156,-17.9932899475098,"Unknown"
"5020567",378626,2026-04-09 12:06:07,28.836009979248,-17.9943962097168,"Unknown"
"5020567",378626,2026-04-09 12:07:07,28.8309211730957,-17.9957141876221,"Unknown"
"5020567",378626,2026-04-09 12:08:07,28.8258533477783,-17.9974994659424,"Unknown"
"5020567",378626,2026-04-09 12:09:08,28.8258819580078,-17.9981880187988,"Unknown"
"5020567",378626,2026-04-09 12:10:07,28.8256416320801,-17.9982395172119,"Unknown"
"5020567",378626,2026-04-09 12:11:07,28.8254871368408,-17.99831199646,"Unknown"
"5020567",378626,2026-04-09 12:12:07,28.8253612518311,-17.9983882904053,"Unknown"
"5020567",378626,2026-04-09 12:13:07,28.825267791748,-17.998514175415,"Unknown"
"5020567",378626,2026-04-09 12:14:07,28.8251113891602,-17.9986724853516,"Unknown"
"5020567",378626,2026-04-09 12:15:07,28.8249111175537,-17.99880027771,"Unknown"
"5020567",378626,2026-04-09 12:16:08,28.8247184753418,-17.9989318847656,"Unknown"
"5020567",378626,2026-04-09 12:17:07,28.8245601654053,-17.9990081787109,"Unknown"
"5020567",378626,2026-04-09 12:18:07,28.8244228363037,-17.9990730285645,"Unknown"
"5020567",378626,2026-04-09 12:19:07,28.8242740631104,-17.9991760253906,"Unknown"
"5020567",378626,2026-04-09 12:20:08,28.8241596221924,-17.9992332458496,"Unknown"
"5020567",378626,2026-04-09 12:21:08,28.8240432739258,-17.9993705749512,"Unknown"
"5020567",378626,2026-04-09 12:22:07,28.823881149292,-17.9995269775391,"Unknown"
"5020567",378626,2026-04-09 12:23:08,28.8237762451172,-17.9996604919434,"Unknown"
"5020567",378626,2026-04-09 12:24:07,28.823673248291,-17.999813079834,"Unknown"
"5020567",378626,2026-04-09 12:25:07,28.8234939575195,-17.9999904632568,"Unknown"
"5020567",378626,2026-04-09 12:26:08,28.8233947753906,-18.0000972747803,"Unknown"
"5020567",378626,2026-04-09 12:27:08,28.823221206665,-18.000244140625,"Unknown"
"5020567",378626,2026-04-09 12:32:07,28.8226108551025,-18.0008277893066,"Unknown"
"5020567",378626,2026-04-09 12:37:07,28.8218765258789,-18.001522064209,"Unknown"
"5020567",378626,2026-04-09 12:42:08,28.8256797790527,-17.998966217041,"Unknown"
"5020567",378626,2026-04-09 12:47:09,28.8315029144287,-18.003625869751,"Unknown"
"5020567",378626,2026-04-09 12:48:08,28.8337936401367,-18.0007076263428,"Unknown"
"5020567",378626,2026-04-09 12:53:07,28.8445110321045,-17.9958763122559,"Unknown"
"5020567",378626,2026-04-09 12:58:08,28.8520984649658,-17.98415184021,"Unknown"
"5020567",378626,2026-04-09 12:59:07,28.8529090881348,-17.9803562164307,"Unknown"
"5020567",378626,2026-04-09 13:00:08,28.8527011871338,-17.9755020141602,"Unknown"
"5020567",378626,2026-04-09 13:01:07,28.8523483276367,-17.9719390869141,"Unknown"
"5020567",378626,2026-04-09 13:02:09,28.8534126281738,-17.9685688018799,"Unknown"
"5020567",378626,2026-04-09 13:03:09,28.8546276092529,-17.9676380157471,"Unknown"
"5020567",378626,2026-04-09 13:04:07,28.8565769195557,-17.9644508361816,"Unknown"
"5020567",378626,2026-04-09 13:05:07,28.8595371246338,-17.9633369445801,"Unknown"
"5020567",378626,2026-04-09 13:06:10,28.8602523803711,-17.9608592987061,"Unknown"
"5020567",378626,2026-04-09 13:07:08,28.8599109649658,-17.9605026245117,"Unknown"
"5020567",378626,2026-04-09 13:08:09,28.8594913482666,-17.9613189697266,"Unknown"
"5020567",378626,2026-04-09 13:09:08,28.8565464019775,-17.9636554718018,"Unknown"
"5020567",378626,2026-04-09 13:10:08,28.8571147918701,-17.9625854492188,"Unknown"
"5020567",378626,2026-04-09 13:11:16,28.8570861816406,-17.963285446167,"Unknown"
"5020567",378626,2026-04-09 13:12:07,28.8569755554199,-17.963888168335,"Unknown"
"5020567",378626,2026-04-09 13:13:09,28.857234954834,-17.964916229248,"Unknown"
"5020567",378626,2026-04-09 13:14:07,28.8572654724121,-17.9656257629395,"Unknown"
"5020567",378626,2026-04-09 13:15:07,28.8576812744141,-17.9668235778809,"Unknown"
"5020567",378626,2026-04-09 13:16:07,28.8570213317871,-17.9677238464355,"Unknown"
"5020567",378626,2026-04-09 13:17:07,28.8569602966309,-17.9679489135742,"Unknown"
"5020567",378626,2026-04-09 13:18:07,28.856861114502,-17.9681186676025,"Unknown"
"5020567",378626,2026-04-09 13:19:09,28.856803894043,-17.9683170318604,"Unknown"
"5020567",378626,2026-04-09 13:20:07,28.8567066192627,-17.9684562683105,"Unknown"
"5020567",378626,2026-04-09 13:21:07,28.8566379547119,-17.9686584472656,"Unknown"
"5020567",378626,2026-04-09 13:22:09,28.8565063476562,-17.9688186645508,"Unknown"
"5020567",378626,2026-04-09 13:23:07,28.8564186096191,-17.9690132141113,"Unknown"
"5020567",378626,2026-04-09 13:24:09,28.8563003540039,-17.9692134857178,"Unknown"
"5020567",378626,2026-04-09 13:25:10,28.855110168457,-17.9675827026367,"Unknown"
"5020567",378626,2026-04-09 13:26:08,28.8552398681641,-17.9632873535156,"Unknown"
"5020567",378626,2026-04-09 13:27:10,28.8571319580078,-17.9596061706543,"Unknown"
"5020567",378626,2026-04-09 13:28:08,28.8584423065186,-17.9551200866699,"Unknown"
"5020567",378626,2026-04-09 13:29:10,28.8611087799072,-17.9522151947021,"Unknown"
"5020567",378626,2026-04-09 13:30:10,28.8630065917969,-17.9505596160889,"Unknown"
"5020567",378626,2026-04-09 13:31:08,28.8647327423096,-17.9466896057129,"Unknown"
"5020567",378626,2026-04-09 13:36:09,28.8729095458984,-17.9315128326416,"Unknown"
"5020567",378626,2026-04-09 13:41:10,28.8765640258789,-17.9275321960449,"Unknown"
"5020567",378626,2026-04-09 13:46:11,28.8760395050049,-17.9283542633057,"Unknown"
"5020567",378626,2026-04-09 13:51:09,28.8756580352783,-17.9292316436768,"Unknown"
"5020567",378626,2026-04-09 13:56:09,28.8751354217529,-17.9297580718994,"Unknown"
"5020567",378626,2026-04-09 14:01:47,28.8744049072266,-17.9307136535645,"Unknown"
"5020567",378626,2026-04-09 14:06:07,28.8739414215088,-17.9313716888428,"Unknown"
"5020567",378626,2026-04-09 14:11:07,28.8785743713379,-17.9355869293213,"Unknown"
"5020567",378626,2026-04-09 14:16:07,28.8790092468262,-17.9373073577881,"Unknown"
"5020567",378626,2026-04-09 14:21:07,28.878532409668,-17.9380989074707,"Unknown"
"5020567",378626,2026-04-09 14:26:07,28.8744163513184,-17.9325695037842,"Unknown"
"5020567",378626,2026-04-09 14:31:07,28.8737392425537,-17.933256149292,"Unknown"
"5020567",378626,2026-04-09 14:36:07,28.8708076477051,-17.9352741241455,"Unknown"
"5020567",378626,2026-04-09 14:41:08,28.8734970092773,-17.9252147674561,"Unknown"
"5020567",378626,2026-04-09 14:46:08,28.8816509246826,-17.9143657684326,"Unknown"
"5020567",378626,2026-04-09 14:51:08,28.876371383667,-17.927604675293,"Unknown"
"5020567",378626,2026-04-09 14:56:07,28.8707389831543,-17.9075031280518,"Unknown"
"5020567",378626,2026-04-09 15:01:07,28.8704509735107,-17.9006233215332,"Unknown"
"5020567",378626,2026-04-09 15:06:07,28.8613815307617,-17.888240814209,"Unknown"
"5020567",378626,2026-04-09 15:11:08,28.8580131530762,-17.8909549713135,"Unknown"
"5020567",378626,2026-04-09 15:12:08,28.8589839935303,-17.8890552520752,"Unknown"
"5020567",378626,2026-04-09 15:13:07,28.8590354919434,-17.8898792266846,"Unknown"
"5020567",378626,2026-04-09 15:14:12,28.8584251403809,-17.8911476135254,"Unknown"
"5020567",378626,2026-04-09 15:15:07,28.8583297729492,-17.8912487030029,"Unknown"
"5020567",378626,2026-04-09 15:16:16,28.8544960021973,-17.8879566192627,"Unknown"
"5020567",378626,2026-04-09 15:17:07,28.8546905517578,-17.8883972167969,"Unknown"
"5020567",378626,2026-04-09 15:18:07,28.8547763824463,-17.8896675109863,"Unknown"
"5020567",378626,2026-04-09 15:19:07,28.855676651001,-17.8897953033447,"Unknown"
"5020567",378626,2026-04-09 15:20:11,28.856466293335,-17.8901309967041,"Unknown"
"5020567",378626,2026-04-09 15:21:07,28.8564395904541,-17.8901424407959,"Unknown"
"5020567",378626,2026-04-09 15:22:07,28.8564491271973,-17.8902168273926,"Unknown"
"5020567",378626,2026-04-09 15:23:07,28.8564224243164,-17.8903045654297,"Unknown"
"5020567",378626,2026-04-09 15:24:08,28.8563823699951,-17.8903656005859,"Unknown"
"5020567",378626,2026-04-09 15:25:07,28.8563060760498,-17.8903903961182,"Unknown"
"5020567",378626,2026-04-09 15:26:08,28.8562870025635,-17.8903961181641,"Unknown"
"5020567",378626,2026-04-09 15:27:07,28.8561878204346,-17.8904399871826,"Unknown"
"5020567",378626,2026-04-09 15:28:08,28.8561325073242,-17.8905410766602,"Unknown"
"5020567",378626,2026-04-09 15:29:07,28.8560600280762,-17.8905906677246,"Unknown"
"5020567",378626,2026-04-09 15:30:08,28.8560009002686,-17.8906517028809,"Unknown"
"5020567",378626,2026-04-09 15:31:07,28.8559665679932,-17.8907032012939,"Unknown"
"5020567",378626,2026-04-09 15:32:07,28.855920791626,-17.8907680511475,"Unknown"
"5020567",378626,2026-04-09 15:33:08,28.8558731079102,-17.890832901001,"Unknown"
"5020567",378626,2026-04-09 15:34:08,28.8558311462402,-17.8909072875977,"Unknown"
"5020567",378626,2026-04-09 15:35:07,28.8556709289551,-17.8897018432617,"Unknown"
"5020567",378626,2026-04-09 15:36:08,28.8549537658691,-17.8873996734619,"Unknown"
"5020567",378626,2026-04-09 15:37:08,28.8557109832764,-17.8915824890137,"Unknown"
"5020567",378626,2026-04-09 15:38:07,28.8556270599365,-17.8916492462158,"Unknown"
"5020567",378626,2026-04-09 15:39:08,28.8559036254883,-17.8928527832031,"Unknown"
"5020567",378626,2026-04-09 15:40:07,28.8558235168457,-17.8933639526367,"Unknown"
"5020567",378626,2026-04-09 15:41:09,28.8558692932129,-17.8939762115479,"Unknown"
"5020567",378626,2026-04-09 15:42:08,28.8557052612305,-17.8940124511719,"Unknown"
"5020567",378626,2026-04-09 15:43:07,28.8556213378906,-17.8941173553467,"Unknown"
"5020567",378626,2026-04-09 15:44:07,28.8555316925049,-17.8941268920898,"Unknown"
"5020567",378626,2026-04-09 15:45:07,28.8554821014404,-17.8941173553467,"Unknown"
"5020567",378626,2026-04-09 15:46:08,28.8554058074951,-17.8941402435303,"Unknown"
"5020567",378626,2026-04-09 15:47:08,28.8552894592285,-17.8941593170166,"Unknown"
"5020567",378626,2026-04-09 15:48:08,28.8552093505859,-17.8941402435303,"Unknown"
"5020567",378626,2026-04-09 15:49:07,28.8550777435303,-17.8941173553467,"Unknown"
"5020567",378626,2026-04-09 15:50:08,28.8550186157227,-17.8940906524658,"Unknown"
"5020567",378626,2026-04-09 15:51:08,28.8549613952637,-17.8939838409424,"Unknown"
"5020567",378626,2026-04-09 15:52:08,28.8551330566406,-17.8938884735107,"Unknown"
"5020567",378626,2026-04-09 15:53:07,28.8575630187988,-17.8955860137939,"Unknown"
"5020567",378626,2026-04-09 15:54:08,28.8600807189941,-17.8976440429688,"Unknown"
"5020567",378626,2026-04-09 15:55:08,28.862813949585,-17.9001808166504,"Unknown"
"5020567",378626,2026-04-09 15:56:07,28.8639965057373,-17.8974132537842,"Unknown"
"5020567",378626,2026-04-09 16:01:08,28.8587169647217,-17.8743000030518,"Unknown"
"5020567",378626,2026-04-09 16:06:09,28.8580455780029,-17.8743724822998,"Unknown"
"5020567",378626,2026-04-09 16:07:07,28.8579425811768,-17.8743896484375,"Unknown"
"5020567",378626,2026-04-09 16:08:08,28.8577919006348,-17.8743839263916,"Unknown"
"5020567",378626,2026-04-09 16:09:09,28.8576488494873,-17.8743629455566,"Unknown"
"5020567",378626,2026-04-09 16:10:07,28.857515335083,-17.8743534088135,"Unknown"
"5020567",378626,2026-04-09 16:11:07,28.855978012085,-17.8736705780029,"Unknown"
"5020567",378626,2026-04-09 16:12:08,28.8558750152588,-17.8736724853516,"Unknown"
"5020567",378626,2026-04-09 16:13:09,28.855842590332,-17.8736667633057,"Unknown"
"5020567",378626,2026-04-09 16:14:09,28.8558025360107,-17.8736820220947,"Unknown"
"5020567",378626,2026-04-09 16:15:09,28.8557319641113,-17.8736686706543,"Unknown"
"5020567",378626,2026-04-09 16:16:09,28.8556480407715,-17.8736400604248,"Unknown"
"5020567",378626,2026-04-09 16:17:08,28.8555431365967,-17.8736801147461,"Unknown"
"5020567",378626,2026-04-09 16:18:09,28.8554611206055,-17.8737335205078,"Unknown"
"5020567",378626,2026-04-09 16:19:08,28.8553714752197,-17.8737754821777,"Unknown"
"5020567",378626,2026-04-09 16:20:08,28.855297088623,-17.873836517334,"Unknown"
"5020567",378626,2026-04-09 16:21:08,28.8551940917969,-17.8738746643066,"Unknown"
"5020567",378626,2026-04-09 16:22:10,28.855037689209,-17.873872756958,"Unknown"
"5020567",378626,2026-04-09 16:23:10,28.8549480438232,-17.8738250732422,"Unknown"
"5020567",378626,2026-04-09 16:24:10,28.8549175262451,-17.8737926483154,"Unknown"
"5020567",378626,2026-04-09 16:25:09,28.8548221588135,-17.8737182617188,"Unknown"
"5020567",378626,2026-04-09 16:26:10,28.8547744750977,-17.8736877441406,"Unknown"
"5020567",378626,2026-04-09 16:27:09,28.8546829223633,-17.8736438751221,"Unknown"
"5020567",378626,2026-04-09 16:28:08,28.8546333312988,-17.873649597168,"Unknown"
"5020567",378626,2026-04-09 16:29:12,28.8545742034912,-17.8736381530762,"Unknown"
"5020567",378626,2026-04-09 16:30:29,28.8544864654541,-17.8735866546631,"Unknown"
"5020567",378626,2026-04-09 16:31:33,28.8544025421143,-17.8735637664795,"Unknown"
"5020567",378626,2026-04-09 16:32:07,28.8543033599854,-17.8735370635986,"Unknown"
"5020567",378626,2026-04-09 16:33:07,28.8544940948486,-17.8759212493896,"Unknown"
"5020567",378626,2026-04-09 16:34:08,28.8554592132568,-17.8751773834229,"Unknown"
"5020567",378626,2026-04-09 16:35:07,28.8521614074707,-17.8758583068848,"Unknown"
"5020567",378626,2026-04-09 16:36:07,28.851936340332,-17.8760719299316,"Unknown"
"5020567",378626,2026-04-09 16:37:07,28.8535614013672,-17.8753242492676,"Unknown"
"5020567",378626,2026-04-09 16:38:08,28.8537731170654,-17.8749923706055,"Unknown"
"5020567",378626,2026-04-09 16:39:08,28.8536796569824,-17.8749847412109,"Unknown"
"5020567",378626,2026-04-09 16:40:08,28.8547344207764,-17.8738594055176,"Unknown"
"5020567",378626,2026-04-09 16:41:08,28.8573703765869,-17.872953414917,"Unknown"
"5020567",378626,2026-04-09 16:42:08,28.8600959777832,-17.8732872009277,"Unknown"
"5020567",378626,2026-04-09 16:43:08,28.8621273040771,-17.873046875,"Unknown"
"5020567",378626,2026-04-09 16:44:08,28.8626384735107,-17.8709144592285,"Unknown"
"5020567",378626,2026-04-09 16:49:08,28.8619709014893,-17.8700141906738,"Unknown"
"5020567",378626,2026-04-09 16:54:09,28.8650588989258,-17.8694305419922,"Unknown"
"5020567",378626,2026-04-09 16:55:08,28.8649158477783,-17.8694152832031,"Unknown"
"5020567",378626,2026-04-09 17:00:08,28.8691825866699,-17.8732585906982,"Unknown"
"5020567",378626,2026-04-09 17:05:08,28.8715343475342,-17.8755950927734,"Unknown"
"5020567",378626,2026-04-09 17:10:08,28.8711338043213,-17.8756790161133,"Unknown"
"5020567",378626,2026-04-09 17:15:08,28.8695755004883,-17.8680820465088,"Unknown"
"5020567",378626,2026-04-09 17:20:08,28.8695068359375,-17.859769821167,"Unknown"
"5020567",378626,2026-04-09 17:25:08,28.8670921325684,-17.8539981842041,"Unknown"
"5020567",378626,2026-04-09 17:30:08,28.859489440918,-17.8442420959473,"Unknown"
"5020567",378626,2026-04-09 17:35:09,28.8577098846436,-17.8312759399414,"Unknown"
"5020567",378626,2026-04-09 17:36:12,28.8576850891113,-17.8314781188965,"Unknown"
"5020567",378626,2026-04-09 17:37:08,28.8587875366211,-17.8262405395508,"Unknown"
"5020567",378626,2026-04-09 17:38:08,28.8595695495605,-17.8255500793457,"Unknown"
"5020567",378626,2026-04-09 17:39:08,28.860954284668,-17.8249378204346,"Unknown"
"5020567",378626,2026-04-09 17:40:08,28.8601341247559,-17.8215713500977,"Unknown"
"5020567",378626,2026-04-09 17:41:08,28.8585033416748,-17.8201961517334,"Unknown"
"5020567",378626,2026-04-09 17:42:08,28.8566207885742,-17.8205833435059,"Unknown"
"5020567",378626,2026-04-09 17:43:19,28.8565120697021,-17.8205814361572,"Unknown"
"5020567",378626,2026-04-09 17:44:08,28.8563594818115,-17.8204975128174,"Unknown"
"5020567",378626,2026-04-09 17:45:09,28.8548927307129,-17.819242477417,"Unknown"
"5020567",378626,2026-04-09 17:46:08,28.8551273345947,-17.8185138702393,"Unknown"
"5020567",378626,2026-04-09 17:47:18,28.8559761047363,-17.8174018859863,"Unknown"
"5020567",378626,2026-04-09 17:48:08,28.8549213409424,-17.8156032562256,"Unknown"
"5020567",378626,2026-04-09 17:49:08,28.8554306030273,-17.8144264221191,"Unknown"
"5020567",378626,2026-04-09 17:50:08,28.8554039001465,-17.8143558502197,"Unknown"
"5020567",378626,2026-04-09 17:51:08,28.8554515838623,-17.8142566680908,"Unknown"
"5020567",378626,2026-04-09 17:52:08,28.8554840087891,-17.8141784667969,"Unknown"
"5020567",378626,2026-04-09 17:53:08,28.8554649353027,-17.8141136169434,"Unknown"
"5020567",378626,2026-04-09 17:54:08,28.8553848266602,-17.8140621185303,"Unknown"
"5020567",378626,2026-04-09 17:55:08,28.8553333282471,-17.8139934539795,"Unknown"
"5020567",378626,2026-04-09 17:56:08,28.8553085327148,-17.8139514923096,"Unknown"
"5020567",378626,2026-04-09 17:57:08,28.8552532196045,-17.8138828277588,"Unknown"
"5020567",378626,2026-04-09 17:58:09,28.8551769256592,-17.8138217926025,"Unknown"
"5020567",378626,2026-04-09 17:59:08,28.8550682067871,-17.8137817382812,"Unknown"
"5020567",378626,2026-04-09 18:00:08,28.8549556732178,-17.8137130737305,"Unknown"
"5020567",378626,2026-04-09 18:01:08,28.8548965454102,-17.8136425018311,"Unknown"
"5020567",378626,2026-04-09 18:02:08,28.854829788208,-17.8135719299316,"Unknown"
"5020567",378626,2026-04-09 18:03:09,28.8547592163086,-17.8134803771973,"Unknown"
"5020567",378626,2026-04-09 18:04:08,28.8547115325928,-17.8134155273438,"Unknown"
"5020567",378626,2026-04-09 18:05:08,28.8546409606934,-17.8133811950684,"Unknown"
"5020567",378626,2026-04-09 18:06:08,28.8545455932617,-17.813289642334,"Unknown"
"5020567",378626,2026-04-09 18:07:08,28.8544826507568,-17.8132133483887,"Unknown"
"5020567",378626,2026-04-09 18:08:08,28.8544063568115,-17.8131008148193,"Unknown"
"5020567",378626,2026-04-09 18:09:08,28.8543186187744,-17.8130016326904,"Unknown"
"5020567",378626,2026-04-09 18:10:08,28.8541774749756,-17.8129100799561,"Unknown"
"5020567",378626,2026-04-09 18:11:08,28.8541107177734,-17.8128299713135,"Unknown"
"5020567",378626,2026-04-09 18:12:08,28.8540115356445,-17.8127536773682,"Unknown"
"5020567",378626,2026-04-09 18:13:08,28.8539695739746,-17.8126602172852,"Unknown"
"5020567",378626,2026-04-09 18:14:10,28.8538608551025,-17.8125743865967,"Unknown"
"5020567",378626,2026-04-09 18:15:10,28.8538360595703,-17.8124923706055,"Unknown"
"5020567",378626,2026-04-09 18:16:10,28.8537788391113,-17.8123378753662,"Unknown"
"5020567",378626,2026-04-09 18:17:10,28.8537120819092,-17.8121700286865,"Unknown"
"5020567",378626,2026-04-09 18:18:08,28.8536491394043,-17.8120002746582,"Unknown"
"5020567",378626,2026-04-09 18:19:10,28.853572845459,-17.8118133544922,"Unknown"
"5020567",378626,2026-04-09 18:20:10,28.853515625,-17.8116722106934,"Unknown"
"5020567",378626,2026-04-09 18:21:08,28.8534736633301,-17.811544418335,"Unknown"
"5020567",378626,2026-04-09 18:22:10,28.8533916473389,-17.8114013671875,"Unknown"
"5020567",378626,2026-04-09 18:23:09,28.85325050354,-17.8112831115723,"Unknown"
"5020567",378626,2026-04-09 18:24:08,28.8531913757324,-17.811164855957,"Unknown"
"5020567",378626,2026-04-09 18:25:11,28.8531341552734,-17.8110618591309,"Unknown"
"5020567",378626,2026-04-09 18:26:08,28.8530197143555,-17.8109188079834,"Unknown"
"5020567",378626,2026-04-09 18:27:10,28.8529491424561,-17.8107776641846,"Unknown"
"5020567",378626,2026-04-09 18:28:08,28.8529014587402,-17.8107357025146,"Unknown"
"5020567",378626,2026-04-09 18:29:09,28.8527851104736,-17.8106899261475,"Unknown"
"5020567",378626,2026-04-09 18:30:08,28.8527641296387,-17.8105335235596,"Unknown"
"5020567",378626,2026-04-09 18:31:09,28.8526592254639,-17.8104572296143,"Unknown"
"5020567",378626,2026-04-09 18:32:10,28.8525390625,-17.8103580474854,"Unknown"
"5020567",378626,2026-04-09 18:33:09,28.8524742126465,-17.810266494751,"Unknown"
"5020567",378626,2026-04-09 18:34:10,28.852367401123,-17.8101654052734,"Unknown"
"5020567",378626,2026-04-09 18:35:08,28.8522891998291,-17.8101177215576,"Unknown"
"5020567",378626,2026-04-09 18:36:11,28.8521823883057,-17.8100547790527,"Unknown"
"5020567",378626,2026-04-09 18:37:09,28.8521499633789,-17.8099708557129,"Unknown"
"5020567",378626,2026-04-09 18:38:11,28.8520603179932,-17.8098449707031,"Unknown"
"5020567",378626,2026-04-09 18:39:10,28.8520126342773,-17.8097991943359,"Unknown"
"5020567",378626,2026-04-09 18:40:08,28.8519439697266,-17.8097496032715,"Unknown"
"5020567",378626,2026-04-09 18:41:09,28.8518981933594,-17.8097553253174,"Unknown"
"5020567",378626,2026-04-09 18:42:09,28.851842880249,-17.8096904754639,"Unknown"
"5020567",378626,2026-04-09 18:43:08,28.8517837524414,-17.8096199035645,"Unknown"
"5020567",378626,2026-04-09 18:44:09,28.8517570495605,-17.8095664978027,"Unknown"
"5020567",378626,2026-04-09 18:45:08,28.8517112731934,-17.8095035552979,"Unknown"
"5020567",378626,2026-04-09 18:46:08,28.8516521453857,-17.8094291687012,"Unknown"
"5020567",378626,2026-04-09 18:47:09,28.8515949249268,-17.8093585968018,"Unknown"
"5020567",378626,2026-04-09 18:48:09,28.8515014648438,-17.8092823028564,"Unknown"
"5020567",378626,2026-04-09 18:49:09,28.8514385223389,-17.8091850280762,"Unknown"
"5020567",378626,2026-04-09 18:50:09,28.8514022827148,-17.8091125488281,"Unknown"
"5020567",378626,2026-04-09 18:51:09,28.8513793945312,-17.8090534210205,"Unknown"
"5020567",378626,2026-04-09 18:52:33,28.8513679504395,-17.8089752197266,"Unknown"
"5020567",378626,2026-04-09 18:53:09,28.8513107299805,-17.8089160919189,"Unknown"
"5020567",378626,2026-04-09 18:54:08,28.8512878417969,-17.8088645935059,"Unknown"
"5020567",378626,2026-04-09 18:55:08,28.8512687683105,-17.8087825775146,"Unknown"
"5020567",378626,2026-04-09 18:56:08,28.8512439727783,-17.8087425231934,"Unknown"
"5020567",378626,2026-04-09 18:57:09,28.8512096405029,-17.808650970459,"Unknown"
"5020567",378626,2026-04-09 18:58:09,28.8512668609619,-17.8086357116699,"Unknown"
"5020567",378626,2026-04-09 18:59:08,28.8497886657715,-17.8043270111084,"Unknown"
"5020567",378626,2026-04-09 19:00:08,28.8503360748291,-17.7984561920166,"Unknown"
"5020567",378626,2026-04-09 19:01:08,28.8486213684082,-17.7915935516357,"Unknown"
"5020567",378626,2026-04-09 19:02:08,28.84765625,-17.7853507995605,"Unknown"
"5020567",378626,2026-04-09 19:03:09,28.8448143005371,-17.778205871582,"Unknown"
"5020567",378626,2026-04-09 19:04:08,28.8413848876953,-17.7723484039307,"Unknown"
"5020567",378626,2026-04-09 19:05:08,28.8370971679688,-17.7674560546875,"Unknown"
"5020567",378626,2026-04-09 19:06:08,28.8316173553467,-17.762149810791,"Unknown"
"5020567",378626,2026-04-09 19:07:08,28.8260860443115,-17.7561683654785,"Unknown"
"5020567",378626,2026-04-09 19:08:09,28.8197040557861,-17.753059387207,"Unknown"
"5020567",378626,2026-04-09 19:09:08,28.8128185272217,-17.7491607666016,"Unknown"
"5020567",378626,2026-04-09 19:10:09,28.8069152832031,-17.7495899200439,"Unknown"
"5020567",378626,2026-04-09 19:11:09,28.8070011138916,-17.74924659729,"Unknown"
"5020567",378626,2026-04-09 19:12:09,28.8068733215332,-17.7491817474365,"Unknown"
"5020567",378626,2026-04-09 19:13:08,28.8066883087158,-17.7491149902344,"Unknown"
"5020567",378626,2026-04-09 19:14:08,28.8065395355225,-17.7490882873535,"Unknown"
"5020567",378626,2026-04-09 19:15:08,28.8063907623291,-17.7490863800049,"Unknown"
"5020567",378626,2026-04-09 19:16:08,28.8062305450439,-17.7490501403809,"Unknown"
"5020567",378626,2026-04-09 19:17:08,28.8061008453369,-17.7489833831787,"Unknown"
"5020567",378626,2026-04-09 19:18:08,28.8059177398682,-17.7489356994629,"Unknown"
"5020567",378626,2026-04-09 19:19:08,28.8057250976562,-17.748893737793,"Unknown"
"5020567",378626,2026-04-09 19:20:08,28.805570602417,-17.7487831115723,"Unknown"
"5020567",378626,2026-04-09 19:21:10,28.8054180145264,-17.7486457824707,"Unknown"
"5020567",378626,2026-04-09 19:22:10,28.8052825927734,-17.7485523223877,"Unknown"
"5020567",378626,2026-04-09 19:23:09,28.8052005767822,-17.7484893798828,"Unknown"
"5020567",378626,2026-04-09 19:24:10,28.8051013946533,-17.7483711242676,"Unknown"
"5020567",378626,2026-04-09 19:25:12,28.804988861084,-17.7482643127441,"Unknown"
"5020567",378626,2026-04-09 19:26:09,28.8048877716064,-17.7481937408447,"Unknown"
"5020567",378626,2026-04-09 19:27:09,28.8046817779541,-17.7481536865234,"Unknown"
"5020567",378626,2026-04-09 19:28:10,28.804557800293,-17.7481632232666,"Unknown"
"5020567",378626,2026-04-09 19:29:33,28.8043823242188,-17.7481384277344,"Unknown"
"5020567",378626,2026-04-09 19:30:08,28.8043403625488,-17.748119354248,"Unknown"
"5020567",378626,2026-04-09 19:31:09,28.8042049407959,-17.7480583190918,"Unknown"
"5020567",378626,2026-04-09 19:32:08,28.8041248321533,-17.7480335235596,"Unknown"
"5020567",378626,2026-04-09 19:33:09,28.8039951324463,-17.7479515075684,"Unknown"
"5020567",378626,2026-04-09 19:34:08,28.8038959503174,-17.7478694915771,"Unknown"
"5020567",378626,2026-04-09 19:35:09,28.8037586212158,-17.74782371521,"Unknown"
"5020567",378626,2026-04-09 19:36:09,28.8036422729492,-17.7478084564209,"Unknown"
"5020567",378626,2026-04-09 19:37:08,28.8034820556641,-17.7477722167969,"Unknown"
"5020567",378626,2026-04-09 19:38:09,28.8033790588379,-17.7476425170898,"Unknown"
"5020567",378626,2026-04-09 19:39:09,28.8032341003418,-17.7475395202637,"Unknown"
"5020567",378626,2026-04-09 19:40:08,28.8031597137451,-17.7474670410156,"Unknown"
"5020567",378626,2026-04-09 19:41:08,28.8030300140381,-17.7474479675293,"Unknown"
"5020567",378626,2026-04-09 19:42:08,28.8028335571289,-17.7474689483643,"Unknown"
"5020567",378626,2026-04-09 19:43:09,28.8027381896973,-17.7474327087402,"Unknown"
"5020567",378626,2026-04-09 19:44:08,28.8025722503662,-17.7473659515381,"Unknown"
"5020567",378626,2026-04-09 19:45:08,28.8024482727051,-17.747314453125,"Unknown"
"5020567",378626,2026-04-09 19:46:08,28.8023548126221,-17.7471828460693,"Unknown"
"5020567",378626,2026-04-09 19:47:08,28.8022155761719,-17.7470760345459,"Unknown"
"5020567",378626,2026-04-09 19:48:08,28.8021030426025,-17.746997833252,"Unknown"
"5020567",378626,2026-04-09 19:49:08,28.801944732666,-17.7469444274902,"Unknown"
"5020567",378626,2026-04-09 19:50:09,28.8018131256104,-17.7469139099121,"Unknown"
"5020567",378626,2026-04-09 19:51:08,28.8016452789307,-17.7468605041504,"Unknown"
"5020567",378626,2026-04-09 19:52:08,28.8014831542969,-17.7467765808105,"Unknown"
"5020567",378626,2026-04-09 19:53:08,28.8013286590576,-17.7467880249023,"Unknown"
"5020567",378626,2026-04-09 19:54:08,28.8012142181396,-17.7467746734619,"Unknown"
"5020567",378626,2026-04-09 19:55:08,28.8011093139648,-17.7467021942139,"Unknown"
"5020567",378626,2026-04-09 19:56:08,28.8009796142578,-17.7467021942139,"Unknown"
"5020567",378626,2026-04-09 19:57:08,28.8008327484131,-17.7466773986816,"Unknown"
"5020567",378626,2026-04-09 19:58:08,28.800708770752,-17.7465839385986,"Unknown"
"5020567",378626,2026-04-09 19:59:08,28.8005504608154,-17.7464962005615,"Unknown"
"5020567",378626,2026-04-09 20:00:08,28.800407409668,-17.7464027404785,"Unknown"
"5020567",378626,2026-04-09 20:01:08,28.8002777099609,-17.7463073730469,"Unknown"
"5020567",378626,2026-04-09 20:02:08,28.7968235015869,-17.7457714080811,"Unknown"
"5020567",378626,2026-04-09 20:03:08,28.7931613922119,-17.7483100891113,"Unknown"
"5020567",378626,2026-04-09 20:04:09,28.7904758453369,-17.748987197876,"Unknown"
"5020567",378626,2026-04-09 20:05:08,28.7934513092041,-17.7501602172852,"Unknown"
"5020567",378626,2026-04-09 20:06:08,28.7950172424316,-17.7508640289307,"Unknown"
"5020567",378626,2026-04-09 20:07:08,28.7948722839355,-17.7508335113525,"Unknown"
"5020567",378626,2026-04-09 20:08:08,28.7947616577148,-17.7507438659668,"Unknown"
"5020567",378626,2026-04-09 20:09:08,28.7946262359619,-17.7507286071777,"Unknown"
"5020567",378626,2026-04-09 20:10:10,28.7944793701172,-17.7506790161133,"Unknown"
"5020567",378626,2026-04-09 20:11:08,28.7943420410156,-17.750659942627,"Unknown"
"5020567",378626,2026-04-09 20:12:08,28.794189453125,-17.7506065368652,"Unknown"
"5020567",378626,2026-04-09 20:13:08,28.7940902709961,-17.75048828125,"Unknown"
"5020567",378626,2026-04-09 20:14:08,28.793966293335,-17.7504138946533,"Unknown"
"5020567",378626,2026-04-09 20:15:08,28.793851852417,-17.7503185272217,"Unknown"
"5020567",378626,2026-04-09 20:16:08,28.7937049865723,-17.7502746582031,"Unknown"
"5020567",378626,2026-04-09 20:17:08,28.7935657501221,-17.7502117156982,"Unknown"
"5020567",378626,2026-04-09 20:18:08,28.7934188842773,-17.7501659393311,"Unknown"
"5020567",378626,2026-04-09 20:19:08,28.7932968139648,-17.7500762939453,"Unknown"
"5020567",378626,2026-04-09 20:20:08,28.7931652069092,-17.7500343322754,"Unknown"
"5020567",378626,2026-04-09 20:21:08,28.7930393218994,-17.749963760376,"Unknown"
"5020567",378626,2026-04-09 20:22:08,28.7929344177246,-17.7499313354492,"Unknown"
"5020567",378626,2026-04-09 20:23:08,28.7928333282471,-17.7498550415039,"Unknown"
"5020567",378626,2026-04-09 20:24:08,28.7926826477051,-17.7497825622559,"Unknown"
"5020567",378626,2026-04-09 20:25:08,28.7926197052002,-17.7496814727783,"Unknown"
"5020567",378626,2026-04-09 20:26:08,28.792501449585,-17.7496089935303,"Unknown"
"5020567",378626,2026-04-09 20:27:08,28.7923851013184,-17.7494869232178,"Unknown"
"5020567",378626,2026-04-09 20:28:08,28.792293548584,-17.7494354248047,"Unknown"
"5020567",378626,2026-04-09 20:29:08,28.7921466827393,-17.7493305206299,"Unknown"
"5020567",378626,2026-04-09 20:30:08,28.7920074462891,-17.7493133544922,"Unknown"
"5020567",378626,2026-04-09 20:31:08,28.791862487793,-17.7492389678955,"Unknown"
"5020567",378626,2026-04-09 20:32:08,28.7917385101318,-17.7491836547852,"Unknown"
"5020567",378626,2026-04-09 20:33:08,28.7916316986084,-17.7491092681885,"Unknown"
"5020567",378626,2026-04-09 20:34:08,28.7915477752686,-17.7490653991699,"Unknown"
"5020567",378626,2026-04-09 20:35:08,28.7914524078369,-17.7490043640137,"Unknown"
"5020567",378626,2026-04-09 20:36:08,28.7913150787354,-17.7489242553711,"Unknown"
"5020567",378626,2026-04-09 20:37:08,28.7912216186523,-17.7488422393799,"Unknown"
"5020567",378626,2026-04-09 20:38:08,28.7910785675049,-17.7488269805908,"Unknown"
"5020567",378626,2026-04-09 20:39:08,28.7909526824951,-17.7487525939941,"Unknown"
"5020567",378626,2026-04-09 20:40:08,28.7909240722656,-17.7486953735352,"Unknown"
"5020567",378626,2026-04-09 20:41:08,28.790843963623,-17.7486324310303,"Unknown"
"5020567",378626,2026-04-09 20:42:08,28.7907600402832,-17.7485675811768,"Unknown"
"5020567",378626,2026-04-09 20:43:08,28.7907276153564,-17.7485160827637,"Unknown"
"5020567",378626,2026-04-09 20:44:08,28.7906494140625,-17.748462677002,"Unknown"
"5020567",378626,2026-04-09 20:45:10,28.7906150817871,-17.7483730316162,"Unknown"
"5020567",378626,2026-04-09 20:46:10,28.790548324585,-17.7483520507812,"Unknown"
"5020567",378626,2026-04-09 20:47:08,28.7904758453369,-17.7482891082764,"Unknown"
"5020567",378626,2026-04-09 20:48:09,28.7904090881348,-17.7481861114502,"Unknown"
"5020567",378626,2026-04-09 20:49:08,28.7903270721436,-17.7480945587158,"Unknown"
"5020567",378626,2026-04-09 20:50:10,28.7902240753174,-17.7480487823486,"Unknown"
"5020567",378626,2026-04-09 20:51:08,28.7901458740234,-17.7479228973389,"Unknown"
"5020567",378626,2026-04-09 20:52:08,28.7900524139404,-17.7478313446045,"Unknown"
"5020567",378626,2026-04-09 20:53:08,28.7899856567383,-17.7477378845215,"Unknown"
"5020567",378626,2026-04-09 20:54:08,28.7899036407471,-17.7476272583008,"Unknown"
"5020567",378626,2026-04-09 20:55:08,28.7898063659668,-17.7475357055664,"Unknown"
"5020567",378626,2026-04-09 20:56:08,28.7897205352783,-17.7474498748779,"Unknown"
"5020567",378626,2026-04-09 20:57:08,28.789644241333,-17.7473411560059,"Unknown"
"5020567",378626,2026-04-09 20:58:08,28.7895774841309,-17.7472305297852,"Unknown"
"5020567",378626,2026-04-09 20:59:08,28.7895030975342,-17.747142791748,"Unknown"
"5020567",378626,2026-04-09 21:00:10,28.7894306182861,-17.7470645904541,"Unknown"
"5020567",378626,2026-04-09 21:01:08,28.7893486022949,-17.7469730377197,"Unknown"
"5020567",378626,2026-04-09 21:02:08,28.7892780303955,-17.7468929290771,"Unknown"
"5020567",378626,2026-04-09 21:03:08,28.789213180542,-17.7467842102051,"Unknown"
"5020567",378626,2026-04-09 21:04:08,28.789176940918,-17.7466602325439,"Unknown"
"5020567",378626,2026-04-09 21:05:10,28.7890968322754,-17.7465438842773,"Unknown"
"5020567",378626,2026-04-09 21:06:08,28.7890453338623,-17.7464618682861,"Unknown"
"5020567",378626,2026-04-09 21:07:08,28.7890129089355,-17.74635887146,"Unknown"
"5020567",378626,2026-04-09 21:08:09,28.788969039917,-17.7462863922119,"Unknown"
"5020567",378626,2026-04-09 21:09:10,28.7889080047607,-17.7461910247803,"Unknown"
"5020567",378626,2026-04-09 21:10:08,28.7888298034668,-17.7461204528809,"Unknown"
"5020567",378626,2026-04-09 21:11:08,28.7887306213379,-17.7460517883301,"Unknown"
"5020567",378626,2026-04-09 21:12:10,28.7886352539062,-17.7460117340088,"Unknown"
"5020567",378626,2026-04-09 21:13:08,28.7885417938232,-17.7459602355957,"Unknown"
"5020567",378626,2026-04-09 21:14:10,28.7884464263916,-17.7458763122559,"Unknown"
"5020567",378626,2026-04-09 21:15:10,28.7883567810059,-17.7457981109619,"Unknown"
"5020567",378626,2026-04-09 21:16:08,28.7882385253906,-17.7457218170166,"Unknown"
"5020567",378626,2026-04-09 21:17:08,28.7880973815918,-17.7456512451172,"Unknown"
"5020567",378626,2026-04-09 21:18:09,28.7879753112793,-17.7455902099609,"Unknown"
"5020567",378626,2026-04-09 21:19:10,28.7878761291504,-17.7455635070801,"Unknown"
"5020567",378626,2026-04-09 21:20:08,28.7877407073975,-17.7455196380615,"Unknown"
"5020567",378626,2026-04-09 21:21:08,28.7875957489014,-17.7454833984375,"Unknown"
"5020567",378626,2026-04-09 21:22:10,28.7874507904053,-17.7454738616943,"Unknown"
"5020567",378626,2026-04-09 21:23:08,28.7873058319092,-17.7454299926758,"Unknown"
"5020567",378626,2026-04-09 21:24:08,28.7869644165039,-17.7463779449463,"Unknown"
"5020567",378626,2026-04-09 21:25:10,28.7826633453369,-17.7489643096924,"Unknown"
"5020567",378626,2026-04-09 21:26:09,28.779483795166,-17.7443542480469,"Unknown"
"5020567",378626,2026-04-09 21:27:08,28.7791061401367,-17.7425403594971,"Unknown"
"5020567",378626,2026-04-09 21:28:08,28.7724704742432,-17.7386226654053,"Unknown"
"5020567",378626,2026-04-09 21:29:08,28.7661628723145,-17.7379932403564,"Unknown"
"5020567",378626,2026-04-09 21:30:09,28.7622337341309,-17.733585357666,"Unknown"
"5020567",378626,2026-04-09 21:31:09,28.7607841491699,-17.7281551361084,"Unknown"
"5020567",378626,2026-04-09 21:32:09,28.7541522979736,-17.7244968414307,"Unknown"
"5020567",378626,2026-04-09 21:33:08,28.7504959106445,-17.7268180847168,"Unknown"
"5020567",378626,2026-04-09 21:38:10,28.7247619628906,-17.7285289764404,"Unknown"
"5020567",378626,2026-04-09 21:39:08,28.7220306396484,-17.7280101776123,"Unknown"
"5020567",378626,2026-04-09 21:40:11,28.718713760376,-17.7276401519775,"Unknown"
"5020567",378626,2026-04-09 21:41:09,28.7179012298584,-17.7290515899658,"Unknown"
"5020567",378626,2026-04-09 21:42:09,28.7143058776855,-17.72998046875,"Unknown"
"5020567",378626,2026-04-09 21:43:10,28.7110424041748,-17.737211227417,"Unknown"
"5020567",378626,2026-04-09 21:44:08,28.7096672058105,-17.7423419952393,"Unknown"
"5020567",378626,2026-04-09 21:45:09,28.7063808441162,-17.7450542449951,"Unknown"
"5020567",378626,2026-04-09 21:46:08,28.7034301757812,-17.7460918426514,"Unknown"
"5020567",378626,2026-04-09 21:47:08,28.7026023864746,-17.7525119781494,"Unknown"
"5020567",378626,2026-04-09 21:48:10,28.7031173706055,-17.7519836425781,"Unknown"
"5020567",378626,2026-04-09 21:49:10,28.7007312774658,-17.7541446685791,"Unknown"
"5020567",378626,2026-04-09 21:50:09,28.7043342590332,-17.7557373046875,"Unknown"
"5020567",378626,2026-04-09 21:51:10,28.7088394165039,-17.7573661804199,"Unknown"
"5020567",378626,2026-04-09 21:52:09,28.7144775390625,-17.7583389282227,"Unknown"
"5020567",378626,2026-04-09 21:53:09,28.7113666534424,-17.7569274902344,"Unknown"
"5020567",378626,2026-04-09 21:54:08,28.7111549377441,-17.7575988769531,"Unknown"
"5020567",378626,2026-04-09 21:55:08,28.7123126983643,-17.7570133209229,"Unknown"
"5020567",378626,2026-04-09 21:56:09,28.7173385620117,-17.7587928771973,"Unknown"
"5020567",378626,2026-04-09 21:57:09,28.7190799713135,-17.7629871368408,"Unknown"
"5020567",378626,2026-04-09 21:58:09,28.7186737060547,-17.7615051269531,"Unknown"
"5020567",378626,2026-04-09 21:59:09,28.7197437286377,-17.7640819549561,"Unknown"
"5020567",378626,2026-04-09 22:01:33,28.7195491790771,-17.7641067504883,"Unknown"
"5020567",378626,2026-04-09 22:03:03,28.7195625305176,-17.7641067504883,"Unknown"
"5020567",378626,2026-04-10 01:29:09,28.7197608947754,-17.7640914916992,"Unknown"
"5020567",378626,2026-04-10 01:39:32,28.7193355560303,-17.7640151977539,"Unknown"
"5020567",378626,2026-04-10 01:49:32,28.7195796966553,-17.7641181945801,"Unknown"
"5020567",378626,2026-04-10 02:19:32,28.7194919586182,-17.7641906738281,"Unknown"
"5020567",378626,2026-04-10 02:59:32,28.7195606231689,-17.7641181945801,"Unknown"
"5020567",378626,2026-04-10 05:19:02,28.7029476165771,-17.709171295166,"Unknown"
"5020567",378626,2026-04-10 05:38:09,28.7305946350098,-17.6491737365723,"Unknown"
"5020567",378626,2026-04-10 09:39:02,28.8732795715332,-17.9074802398682,"Unknown"
"5020567",378626,2026-04-10 10:38:07,28.8690853118896,-17.9106121063232,"Unknown"
"5020567",378626,2026-04-10 11:38:11,28.8619766235352,-17.935676574707,"Unknown"
"5020567",378626,2026-04-10 11:48:17,28.8607788085938,-17.935230255127,"Unknown"
"5020567",378626,2026-04-10 11:58:33,28.8589687347412,-17.9369297027588,"Unknown"
"5020567",378626,2026-04-10 12:08:07,28.8576183319092,-17.9382762908936,"Unknown"
"5020567",378626,2026-04-10 12:18:08,28.858190536499,-17.9451961517334,"Unknown"
"5020567",378626,2026-04-10 12:28:17,28.8566951751709,-17.9502658843994,"Unknown"
"5020567",378626,2026-04-10 12:38:07,28.8564357757568,-17.9551315307617,"Unknown"
"5020567",378626,2026-04-10 12:48:08,28.8551158905029,-17.9586353302002,"Unknown"
"5020567",378626,2026-04-10 12:58:07,28.8552474975586,-17.9688186645508,"Unknown"
"5020567",378626,2026-04-10 12:59:07,28.8554420471191,-17.9688816070557,"Unknown"
"5020567",378626,2026-04-10 13:00:09,28.8549041748047,-17.9698295593262,"Unknown"
"5020567",378626,2026-04-10 13:01:07,28.8547840118408,-17.9699668884277,"Unknown"
"5020567",378626,2026-04-10 13:02:07,28.8546695709229,-17.9701042175293,"Unknown"
"5020567",378626,2026-04-10 13:03:09,28.8545188903809,-17.9701995849609,"Unknown"
"5020567",378626,2026-04-10 13:04:07,28.8543796539307,-17.9702739715576,"Unknown"
"5020567",378626,2026-04-10 13:05:07,28.8542060852051,-17.9704113006592,"Unknown"
"5020567",378626,2026-04-10 13:06:07,28.8540840148926,-17.9705448150635,"Unknown"
"5020567",378626,2026-04-10 13:07:07,28.853931427002,-17.9706592559814,"Unknown"
"5020567",378626,2026-04-10 13:08:07,28.8537673950195,-17.9707984924316,"Unknown"
"5020567",378626,2026-04-10 13:09:07,28.853645324707,-17.9708595275879,"Unknown"
"5020567",378626,2026-04-10 13:19:10,28.8531322479248,-17.9727916717529,"Unknown"
"5020567",378626,2026-04-10 13:20:09,28.8530330657959,-17.9729118347168,"Unknown"
"5020567",378626,2026-04-10 13:21:08,28.8529434204102,-17.972972869873,"Unknown"
"5020567",378626,2026-04-10 13:22:09,28.852840423584,-17.9730815887451,"Unknown"
"5020567",378626,2026-04-10 13:23:08,28.8527145385742,-17.9730529785156,"Unknown"
"5020567",378626,2026-04-10 13:24:09,28.852611541748,-17.9731349945068,"Unknown"
"5020567",378626,2026-04-10 13:25:08,28.8525409698486,-17.9731922149658,"Unknown"
"5020567",378626,2026-04-10 13:26:07,28.8524589538574,-17.9733467102051,"Unknown"
"5020567",378626,2026-04-10 13:27:08,28.8523845672607,-17.9734306335449,"Unknown"
"5020567",378626,2026-04-10 13:28:07,28.8522796630859,-17.9734764099121,"Unknown"
"5020567",378626,2026-04-10 13:29:07,28.8522453308105,-17.973539352417,"Unknown"
"5020567",378626,2026-04-10 13:30:07,28.8521480560303,-17.9735679626465,"Unknown"
"5020567",378626,2026-04-10 13:31:07,28.8520431518555,-17.9736518859863,"Unknown"
"5020567",378626,2026-04-10 13:32:07,28.8518943786621,-17.9737205505371,"Unknown"
"5020567",378626,2026-04-10 13:33:07,28.8517875671387,-17.973804473877,"Unknown"
"5020567",378626,2026-04-10 13:34:07,28.8517189025879,-17.9738712310791,"Unknown"
"5020567",378626,2026-04-10 13:35:08,28.8516235351562,-17.9739246368408,"Unknown"
"5020567",378626,2026-04-10 13:36:09,28.8515300750732,-17.9740333557129,"Unknown"
"5020567",378626,2026-04-10 13:37:09,28.8514347076416,-17.9741249084473,"Unknown"
"5020567",378626,2026-04-10 13:38:07,28.851411819458,-17.9742374420166,"Unknown"
"5020567",378626,2026-04-10 13:39:08,28.851354598999,-17.9743137359619,"Unknown"
"5020567",378626,2026-04-10 13:40:09,28.8512668609619,-17.9744720458984,"Unknown"
"5020567",378626,2026-04-10 13:41:09,28.8512115478516,-17.9745559692383,"Unknown"
"5020567",378626,2026-04-10 13:42:08,28.8470973968506,-17.976001739502,"Unknown"
"5020567",378626,2026-04-10 13:43:07,28.8454265594482,-17.9758491516113,"Unknown"
"5020567",378626,2026-04-10 13:44:08,28.8453636169434,-17.9759464263916,"Unknown"
"5020567",378626,2026-04-10 13:45:07,28.8456344604492,-17.9759407043457,"Unknown"
"5020567",378626,2026-04-10 13:46:08,28.8454113006592,-17.9761085510254,"Unknown"
"5020567",378626,2026-04-10 13:47:09,28.8453216552734,-17.9761524200439,"Unknown"
"5020567",378626,2026-04-10 13:48:08,28.8451766967773,-17.9762401580811,"Unknown"
"5020567",378626,2026-04-10 13:49:08,28.8450126647949,-17.9763278961182,"Unknown"
"5020567",378626,2026-04-10 13:50:08,28.844898223877,-17.9764251708984,"Unknown"
"5020567",378626,2026-04-10 13:51:09,28.8447608947754,-17.9764881134033,"Unknown"
"5020567",378626,2026-04-10 13:52:08,28.8446712493896,-17.9765739440918,"Unknown"
"5020567",378626,2026-04-10 13:53:07,28.8446483612061,-17.9763603210449,"Unknown"
"5020567",378626,2026-04-10 13:54:16,28.8441276550293,-17.9745388031006,"Unknown"
"5020567",378626,2026-04-10 13:55:07,28.8439598083496,-17.9744453430176,"Unknown"
"5020567",378626,2026-04-10 13:56:08,28.8440856933594,-17.975061416626,"Unknown"
"5020567",378626,2026-04-10 13:57:07,28.8440055847168,-17.9751968383789,"Unknown"
"5020567",378626,2026-04-10 13:58:08,28.8420810699463,-17.9758262634277,"Unknown"
"5020567",378626,2026-04-10 13:59:08,28.8418312072754,-17.9759273529053,"Unknown"
"5020567",378626,2026-04-10 14:00:47,28.8416213989258,-17.976053237915,"Unknown"
"5020567",378626,2026-04-10 14:01:07,28.8415641784668,-17.9760723114014,"Unknown"
"5020567",378626,2026-04-10 14:02:07,28.8414573669434,-17.9761409759521,"Unknown"
"5020567",378626,2026-04-10 14:03:07,28.8411922454834,-17.9749984741211,"Unknown"
"5020567",378626,2026-04-10 14:04:07,28.8401031494141,-17.9750308990479,"Unknown"
"5020567",378626,2026-04-10 14:05:07,28.8399791717529,-17.9751510620117,"Unknown"
"5020567",378626,2026-04-10 14:06:07,28.8398590087891,-17.9752616882324,"Unknown"
"5020567",378626,2026-04-10 14:07:07,28.8397254943848,-17.9753799438477,"Unknown"
"5020567",378626,2026-04-10 14:08:07,28.8400821685791,-17.9761714935303,"Unknown"
"5020567",378626,2026-04-10 14:09:07,28.8408279418945,-17.977180480957,"Unknown"
"5020567",378626,2026-04-10 14:10:07,28.8406887054443,-17.9772624969482,"Unknown"
"5020567",378626,2026-04-10 14:11:07,28.8405990600586,-17.9773731231689,"Unknown"
"5020567",378626,2026-04-10 14:12:07,28.8404655456543,-17.9774551391602,"Unknown"
"5020567",378626,2026-04-10 14:13:07,28.8403644561768,-17.9775829315186,"Unknown"
"5020567",378626,2026-04-10 14:14:07,28.8386497497559,-17.9757709503174,"Unknown"
"5020567",378626,2026-04-10 14:15:07,28.8398189544678,-17.9738903045654,"Unknown"
"5020567",378626,2026-04-10 14:16:07,28.84006690979,-17.974817276001,"Unknown"
"5020567",378626,2026-04-10 14:17:07,28.8399543762207,-17.974925994873,"Unknown"
"5020567",378626,2026-04-10 14:18:07,28.8398818969727,-17.9750347137451,"Unknown"
"5020567",378626,2026-04-10 14:19:43,28.841682434082,-17.9729595184326,"Unknown"
"5020567",378626,2026-04-10 14:20:11,28.8415870666504,-17.9729156494141,"Unknown"
"5020567",378626,2026-04-10 14:21:07,28.8415126800537,-17.9730014801025,"Unknown"
"5020567",378626,2026-04-10 14:22:07,28.8414421081543,-17.9730205535889,"Unknown"
"5020567",378626,2026-04-10 14:23:08,28.8414287567139,-17.9730262756348,"Unknown"
"5020567",378626,2026-04-10 14:24:07,28.841438293457,-17.9731426239014,"Unknown"
"5020567",378626,2026-04-10 14:25:07,28.841423034668,-17.973274230957,"Unknown"
"5020567",378626,2026-04-10 14:26:07,28.8413600921631,-17.9733943939209,"Unknown"
"5020567",378626,2026-04-10 14:27:07,28.841251373291,-17.9735050201416,"Unknown"
"5020567",378626,2026-04-10 14:28:07,28.8411273956299,-17.9736232757568,"Unknown"
"5020567",378626,2026-04-10 14:29:07,28.8410015106201,-17.9737644195557,"Unknown"
"5020567",378626,2026-04-10 14:30:07,28.8408679962158,-17.9738674163818,"Unknown"
"5020567",378626,2026-04-10 14:31:07,28.8407402038574,-17.9740314483643,"Unknown"
"5020567",378626,2026-04-10 14:32:07,28.8405818939209,-17.9741306304932,"Unknown"
"5020567",378626,2026-04-10 14:33:07,28.8404693603516,-17.9742679595947,"Unknown"
"5020567",378626,2026-04-10 14:34:07,28.8403568267822,-17.9743919372559,"Unknown"
"5020567",378626,2026-04-10 14:35:07,28.840217590332,-17.9744873046875,"Unknown"
"5020567",378626,2026-04-10 14:36:07,28.84006690979,-17.9745769500732,"Unknown"
"5020567",378626,2026-04-10 14:37:07,28.8399543762207,-17.9747104644775,"Unknown"
"5020567",378626,2026-04-10 14:38:07,28.8398628234863,-17.97483253479,"Unknown"
"5020567",378626,2026-04-10 14:39:07,28.8397579193115,-17.9749755859375,"Unknown"
"5020567",378626,2026-04-10 14:40:07,28.8396873474121,-17.9750957489014,"Unknown"
"5020567",378626,2026-04-10 14:41:07,28.8395881652832,-17.9751949310303,"Unknown"
"5020567",378626,2026-04-10 14:42:07,28.8394966125488,-17.9753131866455,"Unknown"
"5020567",378626,2026-04-10 14:43:07,28.8394012451172,-17.9754238128662,"Unknown"
"5020567",378626,2026-04-10 14:44:07,28.8393230438232,-17.9755783081055,"Unknown"
"5020567",378626,2026-04-10 14:45:07,28.8392181396484,-17.9756946563721,"Unknown"
"5020567",378626,2026-04-10 14:46:07,28.8391399383545,-17.9757843017578,"Unknown"
"5020567",378626,2026-04-10 14:47:07,28.8390369415283,-17.9759559631348,"Unknown"
"5020567",378626,2026-04-10 14:48:07,28.8389110565186,-17.9760799407959,"Unknown"
"5020567",378626,2026-04-10 14:49:07,28.8387718200684,-17.9762268066406,"Unknown"
"5020567",378626,2026-04-10 14:50:07,28.8386840820312,-17.9763698577881,"Unknown"
"5020567",378626,2026-04-10 14:51:07,28.8385982513428,-17.9765281677246,"Unknown"
"5020567",378626,2026-04-10 14:52:07,28.8384780883789,-17.976655960083,"Unknown"
"5020567",378626,2026-04-10 14:53:07,28.8383865356445,-17.976770401001,"Unknown"
"5020567",378626,2026-04-10 14:54:09,28.8383140563965,-17.9768810272217,"Unknown"
"5020567",378626,2026-04-10 14:55:07,28.8382320404053,-17.9770030975342,"Unknown"
"5020567",378626,2026-04-10 14:56:07,28.8381443023682,-17.9771251678467,"Unknown"
"5020567",378626,2026-04-10 14:57:07,28.8380317687988,-17.9772338867188,"Unknown"
"5020567",378626,2026-04-10 14:58:07,28.8379688262939,-17.9773197174072,"Unknown"
"5020567",378626,2026-04-10 14:59:07,28.8379230499268,-17.9774208068848,"Unknown"
"5020567",378626,2026-04-10 15:00:09,28.8378601074219,-17.9775142669678,"Unknown"
"5020567",378626,2026-04-10 15:01:08,28.8378086090088,-17.9776000976562,"Unknown"
"5020567",378626,2026-04-10 15:02:08,28.8378028869629,-17.9777183532715,"Unknown"
"5020567",378626,2026-04-10 15:03:08,28.8376922607422,-17.9778251647949,"Unknown"
"5020567",378626,2026-04-10 15:04:07,28.8376388549805,-17.9779186248779,"Unknown"
"5020567",378626,2026-04-10 15:05:07,28.8375606536865,-17.9779872894287,"Unknown"
"5020567",378626,2026-04-10 15:06:08,28.837495803833,-17.9780120849609,"Unknown"
"5020567",378626,2026-04-10 15:07:09,28.8374195098877,-17.9781112670898,"Unknown"
"5020567",378626,2026-04-10 15:08:07,28.8373489379883,-17.9781799316406,"Unknown"
"5020567",378626,2026-04-10 15:09:07,28.8372955322266,-17.9782562255859,"Unknown"
"5020567",378626,2026-04-10 15:10:07,28.8389797210693,-17.9769420623779,"Unknown"
"5020567",378626,2026-04-10 15:11:08,28.8391723632812,-17.9769401550293,"Unknown"
"5020567",378626,2026-04-10 15:12:07,28.8391284942627,-17.9770450592041,"Unknown"
"5020567",378626,2026-04-10 15:13:07,28.839075088501,-17.9771785736084,"Unknown"
"5020567",378626,2026-04-10 15:14:07,28.8392238616943,-17.9757823944092,"Unknown"
"5020567",378626,2026-04-10 15:15:07,28.8393821716309,-17.9750423431396,"Unknown"
"5020567",378626,2026-04-10 15:16:07,28.8393821716309,-17.9750843048096,"Unknown"
"5020567",378626,2026-04-10 15:17:07,28.8393878936768,-17.9751319885254,"Unknown"
"5020567",378626,2026-04-10 15:18:07,28.8393230438232,-17.9752426147461,"Unknown"
"5020567",378626,2026-04-10 15:19:07,28.8392848968506,-17.9753322601318,"Unknown"
"5020567",378626,2026-04-10 15:20:07,28.8392486572266,-17.9754467010498,"Unknown"
"5020567",378626,2026-04-10 15:21:07,28.8392238616943,-17.9755001068115,"Unknown"
"5020567",378626,2026-04-10 15:22:09,28.8391742706299,-17.975564956665,"Unknown"
"5020567",378626,2026-04-10 15:23:08,28.8391284942627,-17.9756240844727,"Unknown"
"5020567",378626,2026-04-10 15:24:07,28.8389167785645,-17.9747524261475,"Unknown"
"5020567",378626,2026-04-10 15:25:08,28.8403968811035,-17.9734439849854,"Unknown"
"5020567",378626,2026-04-10 15:26:07,28.8403358459473,-17.9735088348389,"Unknown"
"5020567",378626,2026-04-10 15:27:09,28.8403224945068,-17.9735794067383,"Unknown"
"5020567",378626,2026-04-10 15:28:09,28.840311050415,-17.9736423492432,"Unknown"
"5020567",378626,2026-04-10 15:29:10,28.8403034210205,-17.9736709594727,"Unknown"
"5020567",378626,2026-04-10 15:30:09,28.8402919769287,-17.973690032959,"Unknown"
"5020567",378626,2026-04-10 15:31:09,28.8402347564697,-17.9736595153809,"Unknown"
"5020567",378626,2026-04-10 15:32:09,28.8401756286621,-17.9736995697021,"Unknown"
"5020567",378626,2026-04-10 15:33:07,28.8401584625244,-17.9737415313721,"Unknown"
"5020567",378626,2026-04-10 15:34:07,28.8401374816895,-17.9738006591797,"Unknown"
"5020567",378626,2026-04-10 15:35:07,28.8401298522949,-17.9738578796387,"Unknown"
"5020567",378626,2026-04-10 15:36:09,28.84010887146,-17.97389793396,"Unknown"
"5020567",378626,2026-04-10 15:37:09,28.8401031494141,-17.9739513397217,"Unknown"
"5020567",378626,2026-04-10 15:38:07,28.8400974273682,-17.9739570617676,"Unknown"
"5020567",378626,2026-04-10 15:39:10,28.840145111084,-17.9739933013916,"Unknown"
"5020567",378626,2026-04-10 15:40:09,28.8401412963867,-17.9740142822266,"Unknown"
"5020567",378626,2026-04-10 15:41:10,28.8401222229004,-17.9740333557129,"Unknown"
"5020567",378626,2026-04-10 15:42:09,28.840087890625,-17.9740142822266,"Unknown"
"5020567",378626,2026-04-10 15:43:09,28.8400821685791,-17.9739761352539,"Unknown"
"5020567",378626,2026-04-10 15:44:10,28.8400764465332,-17.9739418029785,"Unknown"
"5020567",378626,2026-04-10 15:45:09,28.8400726318359,-17.9739151000977,"Unknown"
"5020567",378626,2026-04-10 15:46:10,28.8400783538818,-17.9738712310791,"Unknown"
"5020567",378626,2026-04-10 15:47:10,28.8401012420654,-17.973804473877,"Unknown"
"5020567",378626,2026-04-10 15:48:10,28.8401203155518,-17.9737606048584,"Unknown"
"5020567",378626,2026-04-10 15:49:08,28.8400993347168,-17.9737377166748,"Unknown"
"5020567",378626,2026-04-10 15:50:10,28.8401050567627,-17.9737110137939,"Unknown"
"5020567",378626,2026-04-10 15:51:08,28.8400993347168,-17.9736652374268,"Unknown"
"5020567",378626,2026-04-10 15:52:06,28.8393039703369,-17.971097946167,"Unknown"
"5020567",378626,2026-04-10 15:53:09,28.8397064208984,-17.9671363830566,"Unknown"
"5020567",378626,2026-04-10 15:54:10,28.8401737213135,-17.9631423950195,"Unknown"
"5020567",378626,2026-04-10 15:55:07,28.8431415557861,-17.9615097045898,"Unknown"
"5020567",378626,2026-04-10 15:56:19,28.8448123931885,-17.9575443267822,"Unknown"
"5020567",378626,2026-04-10 15:58:32,28.8498668670654,-17.9516067504883,"Unknown"
"5020567",378626,2026-04-10 16:00:02,28.8527126312256,-17.9471263885498,"Unknown"
"5020567",378626,2026-04-10 16:01:32,28.8539505004883,-17.9415512084961,"Unknown"
"5020567",378626,2026-04-10 16:02:39,28.8557033538818,-17.9378223419189,"Unknown"
"5020567",378626,2026-04-10 16:02:40,28.8557586669922,-17.9377593994141,"Unknown"
"5020567",378626,2026-04-10 16:03:46,28.8580360412598,-17.9342403411865,"Unknown"
"5020567",378626,2026-04-10 16:04:45,28.858470916748,-17.9299087524414,"Unknown"
"5020567",378626,2026-04-10 16:05:43,28.8605690002441,-17.9268760681152,"Unknown"
"5020567",378626,2026-04-10 16:06:43,28.8632564544678,-17.9235305786133,"Unknown"
"5020567",378626,2026-04-10 16:07:43,28.8660297393799,-17.9211463928223,"Unknown"
"5020567",378626,2026-04-10 16:12:44,28.8701000213623,-17.8957347869873,"Unknown"
"5020567",378626,2026-04-10 16:17:45,28.860502243042,-17.8659324645996,"Unknown"
"5020567",378626,2026-04-10 16:22:45,28.8516159057617,-17.848014831543,"Unknown"
"5020567",378626,2026-04-10 16:23:46,28.8515968322754,-17.8480815887451,"Unknown"
"5020567",378626,2026-04-10 16:24:46,28.8515644073486,-17.8481006622314,"Unknown"
"5020567",378626,2026-04-10 16:25:45,28.8515338897705,-17.84814453125,"Unknown"
"5020567",378626,2026-04-10 16:26:46,28.8514842987061,-17.8481979370117,"Unknown"
"5020567",378626,2026-04-10 16:27:46,28.8514347076416,-17.8482398986816,"Unknown"
"5020567",378626,2026-04-10 16:28:46,28.8513774871826,-17.8482971191406,"Unknown"
"5020567",378626,2026-04-10 16:29:45,28.8513259887695,-17.8483276367188,"Unknown"
"5020567",378626,2026-04-10 16:30:46,28.851245880127,-17.8484039306641,"Unknown"
"5020567",378626,2026-04-10 16:31:45,28.8511009216309,-17.8483963012695,"Unknown"
"5020567",378626,2026-04-10 16:32:46,28.8509693145752,-17.8484420776367,"Unknown"
"5020567",378626,2026-04-10 16:33:46,28.8508148193359,-17.8485050201416,"Unknown"
"5020567",378626,2026-04-10 16:34:46,28.8506679534912,-17.8485355377197,"Unknown"
"5020567",378626,2026-04-10 16:35:46,28.8505477905273,-17.8485336303711,"Unknown"
"5020567",378626,2026-04-10 16:36:45,28.8504753112793,-17.8485736846924,"Unknown"
"5020567",378626,2026-04-10 16:37:49,28.8503894805908,-17.8485851287842,"Unknown"
"5020567",378626,2026-04-10 16:38:44,28.850305557251,-17.8486576080322,"Unknown"
"5020567",378626,2026-04-10 16:39:45,28.8503532409668,-17.8486042022705,"Unknown"
"5020567",378626,2026-04-10 16:40:43,28.8502540588379,-17.8486709594727,"Unknown"
"5020567",378626,2026-04-10 16:41:45,28.8501491546631,-17.8486251831055,"Unknown"
"5020567",378626,2026-04-10 16:42:43,28.8501167297363,-17.848611831665,"Unknown"
"5020567",378626,2026-04-10 16:43:44,28.8500595092773,-17.8486137390137,"Unknown"
"5020567",378626,2026-04-10 16:44:46,28.8500137329102,-17.8485908508301,"Unknown"
"5020567",378626,2026-04-10 16:45:45,28.8499164581299,-17.848611831665,"Unknown"
"5020567",378626,2026-04-10 16:46:46,28.8498363494873,-17.8486175537109,"Unknown"
"5020567",378626,2026-04-10 16:47:44,28.849723815918,-17.8486309051514,"Unknown"
"5020567",378626,2026-04-10 16:48:49,28.8495960235596,-17.8486328125,"Unknown"
"5020567",378626,2026-04-10 16:49:46,28.8494834899902,-17.8486270904541,"Unknown"
"5020567",378626,2026-04-10 16:50:45,28.8494091033936,-17.8486003875732,"Unknown"
"5020567",378626,2026-04-10 16:51:47,28.8493690490723,-17.8486137390137,"Unknown"
"5020567",378626,2026-04-10 16:52:45,28.8494167327881,-17.848596572876,"Unknown"
"5020567",378626,2026-04-10 16:53:45,28.8494663238525,-17.8485641479492,"Unknown"
"5020567",378626,2026-04-10 16:54:46,28.8494338989258,-17.8485107421875,"Unknown"
"5020567",378626,2026-04-10 16:55:45,28.8494701385498,-17.8485279083252,"Unknown"
"5020567",378626,2026-04-10 16:56:46,28.8494491577148,-17.8485507965088,"Unknown"
"5020567",378626,2026-04-10 16:57:45,28.8494510650635,-17.8486022949219,"Unknown"
"5020567",378626,2026-04-10 16:58:45,28.8494720458984,-17.8486061096191,"Unknown"
"5020567",378626,2026-04-10 16:59:46,28.8494281768799,-17.848560333252,"Unknown"
"5020567",378626,2026-04-10 17:00:46,28.8494815826416,-17.8485221862793,"Unknown"
"5020567",378626,2026-04-10 17:01:44,28.8493957519531,-17.8485908508301,"Unknown"
"5020567",378626,2026-04-10 17:02:44,28.8493404388428,-17.8485736846924,"Unknown"
"5020567",378626,2026-04-10 17:03:45,28.8492641448975,-17.8485374450684,"Unknown"
"5020567",378626,2026-04-10 17:04:46,28.8489685058594,-17.8486385345459,"Unknown"
"5020567",378626,2026-04-10 17:06:03,28.8490562438965,-17.8484992980957,"Unknown"
"5020567",378626,2026-04-10 17:06:43,28.8490238189697,-17.8484725952148,"Unknown"
"5020567",378626,2026-04-10 17:07:43,28.8489551544189,-17.8484306335449,"Unknown"
"5020567",378626,2026-04-10 17:08:43,28.8489170074463,-17.8483963012695,"Unknown"
"5020567",378626,2026-04-10 17:09:43,28.8488311767578,-17.8483562469482,"Unknown"
"5020567",378626,2026-04-10 17:10:43,28.8487930297852,-17.8483200073242,"Unknown"
"5020567",378626,2026-04-10 17:11:43,28.8487415313721,-17.8482761383057,"Unknown"
"5020567",378626,2026-04-10 17:12:45,28.8486747741699,-17.8482456207275,"Unknown"
"5020567",378626,2026-04-10 17:13:43,28.8486251831055,-17.8482303619385,"Unknown"
"5020567",378626,2026-04-10 17:14:43,28.848560333252,-17.8481750488281,"Unknown"
"5020567",378626,2026-04-10 17:15:43,28.8485336303711,-17.8481426239014,"Unknown"
"5020567",378626,2026-04-10 17:16:44,28.8484630584717,-17.8480911254883,"Unknown"
"5020567",378626,2026-04-10 17:17:43,28.848388671875,-17.848072052002,"Unknown"
"5020567",378626,2026-04-10 17:18:43,28.8483428955078,-17.8480167388916,"Unknown"
"5020567",378626,2026-04-10 17:19:43,28.8482666015625,-17.8479633331299,"Unknown"
"5020567",378626,2026-04-10 17:20:43,28.8481845855713,-17.8478965759277,"Unknown"
"5020567",378626,2026-04-10 17:21:43,28.8481273651123,-17.847827911377,"Unknown"
"5020567",378626,2026-04-10 17:22:43,28.8480415344238,-17.8477630615234,"Unknown"
"5020567",378626,2026-04-10 17:23:45,28.8479232788086,-17.8476848602295,"Unknown"
"5020567",378626,2026-04-10 17:24:43,28.8478546142578,-17.8476219177246,"Unknown"
"5020567",378626,2026-04-10 17:25:43,28.8477573394775,-17.8475532531738,"Unknown"
"5020567",378626,2026-04-10 17:26:43,28.8477153778076,-17.8475074768066,"Unknown"
"5020567",378626,2026-04-10 17:27:43,28.8476257324219,-17.8474559783936,"Unknown"
"5020567",378626,2026-04-10 17:28:44,28.8475532531738,-17.8474273681641,"Unknown"
"5020567",378626,2026-04-10 17:29:43,28.8475151062012,-17.8473491668701,"Unknown"
"5020567",378626,2026-04-10 17:30:43,28.8474197387695,-17.8472709655762,"Unknown"
"5020567",378626,2026-04-10 17:31:43,28.8473243713379,-17.8472137451172,"Unknown"
"5020567",378626,2026-04-10 17:32:43,28.8472537994385,-17.847146987915,"Unknown"
"5020567",378626,2026-04-10 17:33:43,28.84716796875,-17.8470821380615,"Unknown"
"5020567",378626,2026-04-10 17:34:43,28.847095489502,-17.8470191955566,"Unknown"
"5020567",378626,2026-04-10 17:35:43,28.8470497131348,-17.8469657897949,"Unknown"
"5020567",378626,2026-04-10 17:36:43,28.8470497131348,-17.8469734191895,"Unknown"
"5020567",378626,2026-04-10 17:37:43,28.8470687866211,-17.8469886779785,"Unknown"
"5020567",378626,2026-04-10 17:38:43,28.8470993041992,-17.8469848632812,"Unknown"
"5020567",378626,2026-04-10 17:39:43,28.8471050262451,-17.8469657897949,"Unknown"
"5020567",378626,2026-04-10 17:40:43,28.8470802307129,-17.8469257354736,"Unknown"
"5020567",378626,2026-04-10 17:41:43,28.8470649719238,-17.8468990325928,"Unknown"
"5020567",378626,2026-04-10 17:42:43,28.847095489502,-17.8468627929688,"Unknown"
"5020567",378626,2026-04-10 17:43:43,28.8470458984375,-17.8467998504639,"Unknown"
"5020567",378626,2026-04-10 17:44:43,28.8470230102539,-17.8467388153076,"Unknown"
"5020567",378626,2026-04-10 17:45:43,28.8470592498779,-17.8467578887939,"Unknown"
"5020567",378626,2026-04-10 17:46:43,28.8471183776855,-17.8467102050781,"Unknown"
"5020567",378626,2026-04-10 17:47:43,28.8471126556396,-17.8466682434082,"Unknown"
"5020567",378626,2026-04-10 17:48:44,28.8471279144287,-17.8466453552246,"Unknown"
"5020567",378626,2026-04-10 17:49:45,28.8471393585205,-17.8466205596924,"Unknown"
"5020567",378626,2026-04-10 17:50:43,28.8471183776855,-17.8465900421143,"Unknown"
"5020567",378626,2026-04-10 17:51:43,28.8471431732178,-17.8466033935547,"Unknown"
"5020567",378626,2026-04-10 17:52:44,28.8472003936768,-17.8465900421143,"Unknown"
"5020567",378626,2026-04-10 17:53:43,28.847225189209,-17.8465404510498,"Unknown"
"5020567",378626,2026-04-10 17:54:44,28.847240447998,-17.8465461730957,"Unknown"
"5020567",378626,2026-04-10 17:55:43,28.8472023010254,-17.84645652771,"Unknown"
"5020567",378626,2026-04-10 17:56:45,28.8472118377686,-17.846378326416,"Unknown"
"5020567",378626,2026-04-10 17:57:43,28.8471832275391,-17.8463153839111,"Unknown"
"5020567",378626,2026-04-10 17:58:43,28.8471736907959,-17.846227645874,"Unknown"
"5020567",378626,2026-04-10 17:59:43,28.8471527099609,-17.8462390899658,"Unknown"
"5020567",378626,2026-04-10 18:00:45,28.8471279144287,-17.846248626709,"Unknown"
"5020567",378626,2026-04-10 18:01:45,28.8471736907959,-17.8462047576904,"Unknown"
"5020567",378626,2026-04-10 18:02:45,28.8471488952637,-17.8461780548096,"Unknown"
"5020567",378626,2026-04-10 18:03:44,28.8471698760986,-17.8461685180664,"Unknown"
"5020567",378626,2026-04-10 18:04:45,28.8471546173096,-17.8461532592773,"Unknown"
"5020567",378626,2026-04-10 18:05:48,28.8471450805664,-17.8461093902588,"Unknown"
"5020567",378626,2026-04-10 18:06:44,28.8470802307129,-17.8460922241211,"Unknown"
"5020567",378626,2026-04-10 18:07:43,28.8471355438232,-17.8460388183594,"Unknown"
"5020567",378626,2026-04-10 18:08:45,28.8471698760986,-17.8459625244141,"Unknown"
"5020567",378626,2026-04-10 18:09:43,28.8472023010254,-17.8458728790283,"Unknown"
"5020567",378626,2026-04-10 18:10:43,28.8472099304199,-17.8457736968994,"Unknown"
"5020567",378626,2026-04-10 18:11:45,28.8471813201904,-17.8457012176514,"Unknown"
"5020567",378626,2026-04-10 18:12:46,28.847204208374,-17.8456573486328,"Unknown"
"5020567",378626,2026-04-10 18:13:46,28.8471794128418,-17.8456077575684,"Unknown"
"5020567",378626,2026-04-10 18:14:43,28.8471908569336,-17.8455371856689,"Unknown"
"5020567",378626,2026-04-10 18:15:43,28.8471870422363,-17.84547996521,"Unknown"
"5020567",378626,2026-04-10 18:16:43,28.8471832275391,-17.8454036712646,"Unknown"
"5020567",378626,2026-04-10 18:17:45,28.8471736907959,-17.8453578948975,"Unknown"
"5020567",378626,2026-04-10 18:18:44,28.847131729126,-17.8453044891357,"Unknown"
"5020567",378626,2026-04-10 18:19:44,28.8471832275391,-17.8452243804932,"Unknown"
"5020567",378626,2026-04-10 18:20:45,28.8472099304199,-17.845178604126,"Unknown"
"5020567",378626,2026-04-10 18:21:43,28.8472499847412,-17.8451385498047,"Unknown"
"5020567",378626,2026-04-10 18:22:43,28.847318649292,-17.845100402832,"Unknown"
"5020567",378626,2026-04-10 18:23:43,28.8473529815674,-17.8450660705566,"Unknown"
"5020567",378626,2026-04-10 18:24:43,28.8473682403564,-17.8450317382812,"Unknown"
"5020567",378626,2026-04-10 18:25:43,28.8474178314209,-17.8449764251709,"Unknown"
"5020567",378626,2026-04-10 18:26:43,28.8473796844482,-17.8449153900146,"Unknown"
"5020567",378626,2026-04-10 18:27:43,28.8473930358887,-17.8448143005371,"Unknown"
"5020567",378626,2026-04-10 18:28:43,28.8474292755127,-17.844747543335,"Unknown"
"5020567",378626,2026-04-10 18:29:43,28.8474559783936,-17.8446998596191,"Unknown"
"5020567",378626,2026-04-10 18:30:44,28.8474941253662,-17.8446502685547,"Unknown"
"5020567",378626,2026-04-10 18:31:43,28.8475151062012,-17.8446426391602,"Unknown"
"5020567",378626,2026-04-10 18:32:44,28.8475322723389,-17.8445892333984,"Unknown"
"5020567",378626,2026-04-10 18:33:44,28.8476066589355,-17.8445625305176,"Unknown"
"5020567",378626,2026-04-10 18:34:43,28.8476543426514,-17.8445148468018,"Unknown"
"5020567",378626,2026-04-10 18:35:43,28.8477077484131,-17.8444766998291,"Unknown"
"5020567",378626,2026-04-10 18:36:45,28.8477325439453,-17.8444118499756,"Unknown"
"5020567",378626,2026-04-10 18:37:48,28.8477821350098,-17.8443355560303,"Unknown"
"5020567",378626,2026-04-10 18:38:43,28.8477993011475,-17.8442878723145,"Unknown"
"5020567",378626,2026-04-10 18:39:43,28.8478145599365,-17.8442249298096,"Unknown"
"5020567",378626,2026-04-10 18:40:43,28.8478698730469,-17.8442497253418,"Unknown"
"5020567",378626,2026-04-10 18:41:44,28.8479156494141,-17.8441963195801,"Unknown"
"5020567",378626,2026-04-10 18:43:03,28.8479537963867,-17.8441410064697,"Unknown"
"5020567",378626,2026-04-10 18:43:43,28.8479518890381,-17.8441295623779,"Unknown"
"5020567",378626,2026-04-10 18:44:43,28.8480396270752,-17.8440990447998,"Unknown"
"5020567",378626,2026-04-10 18:45:43,28.8480949401855,-17.8440170288086,"Unknown"
"5020567",378626,2026-04-10 18:46:43,28.8482189178467,-17.8440475463867,"Unknown"
"5020567",378626,2026-04-10 18:47:43,28.8482513427734,-17.8440341949463,"Unknown"
"5020567",378626,2026-04-10 18:48:43,28.8483276367188,-17.8440227508545,"Unknown"
"5020567",378626,2026-04-10 18:49:43,28.8483505249023,-17.8439559936523,"Unknown"
"5020567",378626,2026-04-10 18:50:43,28.848352432251,-17.8439178466797,"Unknown"
"5020567",378626,2026-04-10 18:51:43,28.8483829498291,-17.8438930511475,"Unknown"
"5020567",378626,2026-04-10 18:52:43,28.8483810424805,-17.8438549041748,"Unknown"
"5020567",378626,2026-04-10 18:53:43,28.8484134674072,-17.8438148498535,"Unknown"
"5020567",378626,2026-04-10 18:54:43,28.8484573364258,-17.8437557220459,"Unknown"
"5020567",378626,2026-04-10 18:55:43,28.8484687805176,-17.8437309265137,"Unknown"
"5020567",378626,2026-04-10 18:56:43,28.8484687805176,-17.843677520752,"Unknown"
"5020567",378626,2026-04-10 18:57:43,28.8484363555908,-17.8435935974121,"Unknown"
"5020567",378626,2026-04-10 18:58:43,28.8484554290771,-17.84352684021,"Unknown"
"5020567",378626,2026-04-10 18:59:43,28.8484001159668,-17.8434543609619,"Unknown"
"5020567",378626,2026-04-10 19:00:43,28.8483581542969,-17.8433532714844,"Unknown"
"5020567",378626,2026-04-10 19:01:43,28.8482933044434,-17.8432502746582,"Unknown"
"5020567",378626,2026-04-10 19:02:43,28.8482475280762,-17.8431549072266,"Unknown"
"5020567",378626,2026-04-10 19:03:43,28.8482799530029,-17.8430862426758,"Unknown"
"5020567",378626,2026-04-10 19:04:43,28.8481903076172,-17.8430061340332,"Unknown"
"5020567",378626,2026-04-10 19:05:43,28.8481712341309,-17.8429317474365,"Unknown"
"5020567",378626,2026-04-10 19:06:43,28.8481178283691,-17.8428211212158,"Unknown"
"5020567",378626,2026-04-10 19:07:43,28.8480834960938,-17.8427486419678,"Unknown"
"5020567",378626,2026-04-10 19:08:43,28.8480701446533,-17.8426456451416,"Unknown"
"5020567",378626,2026-04-10 19:09:44,28.8480091094971,-17.8425369262695,"Unknown"
"5020567",378626,2026-04-10 19:10:43,28.8480091094971,-17.8424835205078,"Unknown"
"5020567",378626,2026-04-10 19:11:44,28.8479614257812,-17.8424091339111,"Unknown"
"5020567",378626,2026-04-10 19:12:43,28.8479385375977,-17.842342376709,"Unknown"
"5020567",378626,2026-04-10 19:13:43,28.8478584289551,-17.8422374725342,"Unknown"
"5020567",378626,2026-04-10 19:14:43,28.8478679656982,-17.8421573638916,"Unknown"
"5020567",378626,2026-04-10 19:15:43,28.8478469848633,-17.8420581817627,"Unknown"
"5020567",378626,2026-04-10 19:16:43,28.8477916717529,-17.841947555542,"Unknown"
"5020567",378626,2026-04-10 19:17:43,28.8477458953857,-17.8418350219727,"Unknown"
"5020567",378626,2026-04-10 19:18:43,28.8477096557617,-17.8417339324951,"Unknown"
"5020567",378626,2026-04-10 19:19:43,28.8476791381836,-17.8416728973389,"Unknown"
"5020567",378626,2026-04-10 19:20:43,28.8476276397705,-17.841552734375,"Unknown"
"5020567",378626,2026-04-10 19:21:43,28.8476390838623,-17.841438293457,"Unknown"
"5020567",378626,2026-04-10 19:22:43,28.8476219177246,-17.841365814209,"Unknown"
"5020567",378626,2026-04-10 19:23:43,28.8475914001465,-17.8412780761719,"Unknown"
"5020567",378626,2026-04-10 19:24:43,28.8475856781006,-17.8411769866943,"Unknown"
"5020567",378626,2026-04-10 19:25:43,28.847562789917,-17.8410835266113,"Unknown"
"5020567",378626,2026-04-10 19:26:45,28.8475341796875,-17.8409976959229,"Unknown"
"5020567",378626,2026-04-10 19:27:43,28.8475151062012,-17.840913772583,"Unknown"
"5020567",378626,2026-04-10 19:28:43,28.847505569458,-17.8408470153809,"Unknown"
"5020567",378626,2026-04-10 19:29:43,28.8474655151367,-17.840763092041,"Unknown"
"5020567",378626,2026-04-10 19:30:43,28.847448348999,-17.8406639099121,"Unknown"
"5020567",378626,2026-04-10 19:31:43,28.8474273681641,-17.8405780792236,"Unknown"
"5020567",378626,2026-04-10 19:32:43,28.8474006652832,-17.8404808044434,"Unknown"
"5020567",378626,2026-04-10 19:33:43,28.8474388122559,-17.8404502868652,"Unknown"
"5020567",378626,2026-04-10 19:34:45,28.8474655151367,-17.8403720855713,"Unknown"
"5020567",378626,2026-04-10 19:35:45,28.8474636077881,-17.840311050415,"Unknown"
"5020567",378626,2026-04-10 19:36:43,28.8475246429443,-17.8402767181396,"Unknown"
"5020567",378626,2026-04-10 19:37:43,28.8475666046143,-17.8402233123779,"Unknown"
"5020567",378626,2026-04-10 19:38:44,28.847583770752,-17.840181350708,"Unknown"
"5020567",378626,2026-04-10 19:39:43,28.8476104736328,-17.8401699066162,"Unknown"
"5020567",378626,2026-04-10 19:40:45,28.8476600646973,-17.8401203155518,"Unknown"
"5020567",378626,2026-04-10 19:41:43,28.8476982116699,-17.8401069641113,"Unknown"
"5020567",378626,2026-04-10 19:42:43,28.8477230072021,-17.8400745391846,"Unknown"
"5020567",378626,2026-04-10 19:43:43,28.8477382659912,-17.8400287628174,"Unknown"
"5020567",378626,2026-04-10 19:44:43,28.847785949707,-17.8399963378906,"Unknown"
"5020567",378626,2026-04-10 19:45:43,28.8478488922119,-17.8399429321289,"Unknown"
"5020567",378626,2026-04-10 19:46:43,28.8478679656982,-17.8398895263672,"Unknown"
"5020567",378626,2026-04-10 19:47:43,28.8478908538818,-17.8398780822754,"Unknown"
"5020567",378626,2026-04-10 19:48:43,28.8479461669922,-17.8398742675781,"Unknown"
"5020567",378626,2026-04-10 19:49:43,28.8480014801025,-17.8398399353027,"Unknown"
"5020567",378626,2026-04-10 19:50:44,28.848051071167,-17.8399028778076,"Unknown"
"5020567",378626,2026-04-10 19:51:45,28.8480987548828,-17.8398475646973,"Unknown"
"5020567",378626,2026-04-10 19:52:44,28.8481521606445,-17.8398342132568,"Unknown"
"5020567",378626,2026-04-10 19:53:43,28.8482456207275,-17.8397922515869,"Unknown"
"5020567",378626,2026-04-10 19:54:44,28.8482913970947,-17.8397464752197,"Unknown"
"5020567",378626,2026-04-10 19:55:43,28.8483066558838,-17.8397235870361,"Unknown"
"5020567",378626,2026-04-10 19:56:44,28.8482913970947,-17.8396396636963,"Unknown"
"5020567",378626,2026-04-10 19:57:43,28.8483276367188,-17.8396339416504,"Unknown"
"5020567",378626,2026-04-10 19:58:43,28.8483142852783,-17.839542388916,"Unknown"
"5020567",378626,2026-04-10 19:59:44,28.848388671875,-17.8396186828613,"Unknown"
"5020567",378626,2026-04-10 20:00:45,28.8483562469482,-17.8395481109619,"Unknown"
"5020567",378626,2026-04-10 20:01:43,28.8484191894531,-17.8396415710449,"Unknown"
"5020567",378626,2026-04-10 20:02:44,28.8483486175537,-17.8395328521729,"Unknown"
"5020567",378626,2026-04-10 20:03:43,28.8484306335449,-17.8395938873291,"Unknown"
"5020567",378626,2026-04-10 20:04:46,28.8483867645264,-17.8394775390625,"Unknown"
"5020567",378626,2026-04-10 20:05:43,28.8484001159668,-17.8394622802734,"Unknown"
"5020567",378626,2026-04-10 20:06:45,28.8484039306641,-17.8394336700439,"Unknown"
"5020567",378626,2026-04-10 20:07:43,28.8484420776367,-17.8394355773926,"Unknown"
"5020567",378626,2026-04-10 20:08:43,28.8484630584717,-17.8393154144287,"Unknown"
"5020567",378626,2026-04-10 20:09:43,28.8484878540039,-17.8392887115479,"Unknown"
"5020567",378626,2026-04-10 20:10:43,28.8485145568848,-17.8393325805664,"Unknown"
"5020567",378626,2026-04-10 20:11:45,28.8485260009766,-17.8393459320068,"Unknown"
"5020567",378626,2026-04-10 20:12:43,28.8485469818115,-17.839334487915,"Unknown"
"5020567",378626,2026-04-10 20:13:43,28.8485355377197,-17.8393287658691,"Unknown"
"5020567",378626,2026-04-10 20:14:43,28.8485832214355,-17.8393096923828,"Unknown"
"5020567",378626,2026-04-10 20:15:45,28.8485336303711,-17.8392677307129,"Unknown"
"5020567",378626,2026-04-10 20:16:47,28.8485355377197,-17.839225769043,"Unknown"
"5020567",378626,2026-04-10 20:17:44,28.8484935760498,-17.8392314910889,"Unknown"
"5020567",378626,2026-04-10 20:18:43,28.8485164642334,-17.839204788208,"Unknown"
"5020567",378626,2026-04-10 20:19:43,28.8485126495361,-17.8392181396484,"Unknown"
"5020567",378626,2026-04-10 20:20:43,28.8485450744629,-17.8391933441162,"Unknown"
"5020567",378626,2026-04-10 20:21:43,28.8485813140869,-17.8391857147217,"Unknown"
"5020567",378626,2026-04-10 20:22:43,28.8458728790283,-17.8416709899902,"Unknown"
"5020567",378626,2026-04-10 20:23:45,28.8460731506348,-17.8359832763672,"Unknown"
"5020567",378626,2026-04-10 20:24:43,28.8494472503662,-17.8297653198242,"Unknown"
"5020567",378626,2026-04-10 20:25:43,28.8525562286377,-17.8239784240723,"Unknown"
"5020567",378626,2026-04-10 20:26:44,28.8557243347168,-17.8177356719971,"Unknown"
"5020567",378626,2026-04-10 20:27:43,28.8565044403076,-17.8091297149658,"Unknown"
"5020567",378626,2026-04-10 20:28:45,28.8560543060303,-17.7998294830322,"Unknown"
"5020567",378626,2026-04-10 20:29:43,28.8547744750977,-17.7904205322266,"Unknown"
"5020567",378626,2026-04-10 20:30:45,28.853006362915,-17.7798728942871,"Unknown"
"5020567",378626,2026-04-10 20:31:43,28.8490352630615,-17.7697906494141,"Unknown"
"5020567",378626,2026-04-10 20:32:43,28.8411235809326,-17.7613430023193,"Unknown"
"5020567",378626,2026-04-10 20:33:43,28.8317356109619,-17.7548484802246,"Unknown"
"5020567",378626,2026-04-10 20:34:43,28.8219223022461,-17.7496147155762,"Unknown"
"5020567",378626,2026-04-10 20:35:43,28.812198638916,-17.7432918548584,"Unknown"
"5020567",378626,2026-04-10 20:36:43,28.8023910522461,-17.737621307373,"Unknown"
"5020567",378626,2026-04-10 20:37:43,28.7927837371826,-17.7340774536133,"Unknown"
"5020567",378626,2026-04-10 20:38:46,28.7896614074707,-17.7334842681885,"Unknown"
"5020567",378626,2026-04-10 20:40:02,28.7893924713135,-17.7333564758301,"Unknown"
"5020567",378626,2026-04-10 20:40:43,28.7892074584961,-17.7332496643066,"Unknown"
"5020567",378626,2026-04-10 20:41:43,28.7890205383301,-17.7331600189209,"Unknown"
"5020567",378626,2026-04-10 20:42:43,28.7888355255127,-17.7330760955811,"Unknown"
"5020567",378626,2026-04-10 20:43:43,28.7886161804199,-17.732967376709,"Unknown"
"5020567",378626,2026-04-10 20:44:43,28.7884311676025,-17.7328987121582,"Unknown"
"5020567",378626,2026-04-10 20:45:43,28.7882137298584,-17.7327842712402,"Unknown"
"5020567",378626,2026-04-10 20:46:43,28.7879981994629,-17.7327194213867,"Unknown"
"5020567",378626,2026-04-10 20:47:43,28.7878284454346,-17.7326602935791,"Unknown"
"5020567",378626,2026-04-10 20:48:43,28.7876205444336,-17.7325687408447,"Unknown"
"5020567",378626,2026-04-10 20:49:43,28.7873840332031,-17.7324523925781,"Unknown"
"5020567",378626,2026-04-10 20:50:43,28.787202835083,-17.7323970794678,"Unknown"
"5020567",378626,2026-04-10 20:51:43,28.7869987487793,-17.7323093414307,"Unknown"
"5020567",378626,2026-04-10 20:52:43,28.786808013916,-17.732213973999,"Unknown"
"5020567",378626,2026-04-10 20:53:43,28.7866458892822,-17.7321701049805,"Unknown"
"5020567",378626,2026-04-10 20:54:43,28.7864608764648,-17.7320690155029,"Unknown"
"5020567",378626,2026-04-10 20:55:43,28.7862091064453,-17.7319507598877,"Unknown"
"5020567",378626,2026-04-10 20:56:44,28.7860107421875,-17.7319107055664,"Unknown"
"5020567",378626,2026-04-10 20:57:43,28.7858371734619,-17.7318820953369,"Unknown"
"5020567",378626,2026-04-10 20:58:43,28.7855892181396,-17.7318267822266,"Unknown"
"5020567",378626,2026-04-10 20:59:43,28.7817459106445,-17.7345333099365,"Unknown"
"5020567",378626,2026-04-10 21:00:45,28.7740058898926,-17.7374458312988,"Unknown"
"5020567",378626,2026-04-10 21:01:44,28.7670040130615,-17.7398643493652,"Unknown"
"5020567",378626,2026-04-10 21:02:58,28.7612190246582,-17.7377262115479,"Unknown"
"5020567",378626,2026-04-10 21:03:44,28.7598762512207,-17.73464012146,"Unknown"
"5020567",378626,2026-04-10 21:04:44,28.7559566497803,-17.7288303375244,"Unknown"
"5020567",378626,2026-04-10 21:05:44,28.7537574768066,-17.724536895752,"Unknown"
"5020567",378626,2026-04-10 21:06:45,28.7467575073242,-17.72119140625,"Unknown"
"5020567",378626,2026-04-10 21:11:43,28.7158355712891,-17.7268562316895,"Unknown"
"5020567",378626,2026-04-10 21:16:43,28.7022895812988,-17.7496566772461,"Unknown"
"5020567",378626,2026-04-10 21:17:43,28.7046909332275,-17.7523136138916,"Unknown"
"5020567",378626,2026-04-10 21:18:43,28.7079963684082,-17.7544441223145,"Unknown"
"5020567",378626,2026-04-10 21:19:43,28.7126140594482,-17.7566738128662,"Unknown"
"5020567",378626,2026-04-10 21:21:03,28.7180099487305,-17.7598819732666,"Unknown"
"5020567",378626,2026-04-10 21:21:43,28.7196559906006,-17.7623233795166,"Unknown"
"5020567",378626,2026-04-10 21:23:17,28.7196464538574,-17.764066696167,"Unknown"
"5020567",378626,2026-04-10 21:23:43,28.7184505462646,-17.7619476318359,"Unknown"
"5020567",378626,2026-04-10 21:24:43,28.7174682617188,-17.7596569061279,"Unknown"
"5020567",378626,2026-04-10 21:25:44,28.7169227600098,-17.7603187561035,"Unknown"
"5020567",378626,2026-04-10 21:26:43,28.7177429199219,-17.7588386535645,"Unknown"
"5020567",378626,2026-04-10 21:27:43,28.7196044921875,-17.7629089355469,"Unknown"
"5020567",378626,2026-04-10 21:28:43,28.7203598022461,-17.7634620666504,"Unknown"
"5020567",378626,2026-04-10 21:29:43,28.7195415496826,-17.7628955841064,"Unknown"
"5020567",378626,2026-04-10 21:30:43,28.7212219238281,-17.7644214630127,"Unknown"
"5020567",378626,2026-04-10 21:31:43,28.7195472717285,-17.7640361785889,"Unknown"
"5020567",378626,2026-04-10 21:32:43,28.7194671630859,-17.7625350952148,"Unknown"
"5020567",378626,2026-04-10 21:34:18,28.7195720672607,-17.7641105651855,"Unknown"
"5020567",378626,2026-04-10 21:35:47,28.7195415496826,-17.7641353607178,"Unknown"
"5020567",378626,2026-04-11 13:05:59,28.7581348419189,-18.0304527282715,"Unknown"
"5020567",378626,2026-04-11 13:07:29,28.7630844116211,-18.0281410217285,"Unknown"
"5020567",378626,2026-04-11 13:12:28,28.777702331543,-18.0179595947266,"Unknown"
"5020567",378626,2026-04-11 13:17:28,28.7921714782715,-18.010160446167,"Unknown"
"5020567",378626,2026-04-11 13:22:28,28.8058223724365,-18.0013809204102,"Unknown"
"5020567",378626,2026-04-11 13:27:28,28.8152942657471,-17.9891090393066,"Unknown"
"5020567",378626,2026-04-11 13:32:28,28.8324241638184,-17.9843616485596,"Unknown"
"5020567",378626,2026-04-11 13:33:49,28.8340854644775,-17.9821357727051,"Unknown"
"5020567",378626,2026-04-11 13:33:50,28.8340759277344,-17.9821357727051,"Unknown"
"5020567",378626,2026-04-11 13:34:54,28.8340644836426,-17.9799365997314,"Unknown"
"5020567",378626,2026-04-11 13:35:53,28.8373641967773,-17.9805126190186,"Unknown"
"5020567",378626,2026-04-11 13:37:07,28.8400459289551,-17.980052947998,"Unknown"
"5020567",378626,2026-04-11 13:37:53,28.8399639129639,-17.9801425933838,"Unknown"
"5020567",378626,2026-04-11 13:38:53,28.8398895263672,-17.9802799224854,"Unknown"
"5020567",378626,2026-04-11 13:39:53,28.8398380279541,-17.9804210662842,"Unknown"
"5020567",378626,2026-04-11 13:40:54,28.8397216796875,-17.9805736541748,"Unknown"
"5020567",378626,2026-04-11 13:41:53,28.8396644592285,-17.9807224273682,"Unknown"
"5020567",378626,2026-04-11 13:42:54,28.8395576477051,-17.9808959960938,"Unknown"
"5020567",378626,2026-04-11 13:43:53,28.8394832611084,-17.9810447692871,"Unknown"
"5020567",378626,2026-04-11 13:44:53,28.8394088745117,-17.9812088012695,"Unknown"
"5020567",378626,2026-04-11 13:45:53,28.8393325805664,-17.9813556671143,"Unknown"
"5020567",378626,2026-04-11 13:46:53,28.8403434753418,-17.9819011688232,"Unknown"
"5020567",378626,2026-04-11 13:47:53,28.8403377532959,-17.9784259796143,"Unknown"
"5020567",378626,2026-04-11 13:48:53,28.8426113128662,-17.9750690460205,"Unknown"
"5020567",378626,2026-04-11 13:49:53,28.8444938659668,-17.9715785980225,"Unknown"
"5020567",378626,2026-04-11 13:50:53,28.84739112854,-17.9692096710205,"Unknown"
"5020567",378626,2026-04-11 13:51:54,28.8485584259033,-17.9677143096924,"Unknown"
"5020567",378626,2026-04-11 13:52:53,28.8472385406494,-17.9680023193359,"Unknown"
"5020567",378626,2026-04-11 13:53:55,28.848705291748,-17.9679946899414,"Unknown"
"5020567",378626,2026-04-11 13:54:53,28.8486385345459,-17.9681129455566,"Unknown"
"5020567",378626,2026-04-11 13:55:53,28.848352432251,-17.9675960540771,"Unknown"
"5020567",378626,2026-04-11 13:56:53,28.8484268188477,-17.9670104980469,"Unknown"
"5020567",378626,2026-04-11 13:57:53,28.8503646850586,-17.9664649963379,"Unknown"
"5020567",378626,2026-04-11 13:58:53,28.8524169921875,-17.9644680023193,"Unknown"
"5020567",378626,2026-04-11 13:59:54,28.8541412353516,-17.9622859954834,"Unknown"
"5020567",378626,2026-04-11 14:00:54,28.8547401428223,-17.9605274200439,"Unknown"
"5020567",378626,2026-04-11 14:01:54,28.8551044464111,-17.9629459381104,"Unknown"
"5020567",378626,2026-04-11 14:02:54,28.8538818359375,-17.9648132324219,"Unknown"
"5020567",378626,2026-04-11 14:03:54,28.8537368774414,-17.964994430542,"Unknown"
"5020567",378626,2026-04-11 14:04:54,28.8536338806152,-17.9651584625244,"Unknown"
"5020567",378626,2026-04-11 14:05:55,28.8502655029297,-17.9684047698975,"Unknown"
"5020567",378626,2026-04-11 14:06:55,28.8493633270264,-17.9687461853027,"Unknown"
"5020567",378626,2026-04-11 14:07:55,28.8488712310791,-17.9701347351074,"Unknown"
"5020567",378626,2026-04-11 14:08:55,28.848596572876,-17.9704303741455,"Unknown"
"5020567",378626,2026-04-11 14:09:55,28.8485050201416,-17.9705905914307,"Unknown"
"5020567",378626,2026-04-11 14:10:55,28.8484191894531,-17.970760345459,"Unknown"
"5020567",378626,2026-04-11 14:11:55,28.8483028411865,-17.9709243774414,"Unknown"
"5020567",378626,2026-04-11 14:12:55,28.8463306427002,-17.9732265472412,"Unknown"
"5020567",378626,2026-04-11 14:13:55,28.8453731536865,-17.9733295440674,"Unknown"
"5020567",378626,2026-04-11 14:14:55,28.8490581512451,-17.975191116333,"Unknown"
"5020567",378626,2026-04-11 14:15:55,28.8485260009766,-17.9757614135742,"Unknown"
"5020567",378626,2026-04-11 14:16:55,28.8484630584717,-17.9758434295654,"Unknown"
"5020567",378626,2026-04-11 14:17:55,28.8484363555908,-17.9759578704834,"Unknown"
"5020567",378626,2026-04-11 14:18:55,28.8483219146729,-17.9760837554932,"Unknown"
"5020567",378626,2026-04-11 14:19:55,28.8437080383301,-17.9762878417969,"Unknown"
"5020567",378626,2026-04-11 14:20:55,28.8430194854736,-17.9747695922852,"Unknown"
"5020567",378626,2026-04-11 14:21:55,28.8429298400879,-17.9749069213867,"Unknown"
"5020567",378626,2026-04-11 14:22:55,28.8428859710693,-17.9750347137451,"Unknown"
"5020567",378626,2026-04-11 14:23:55,28.8428325653076,-17.9751625061035,"Unknown"
"5020567",378626,2026-04-11 14:24:55,28.8427715301514,-17.9753112792969,"Unknown"
"5020567",378626,2026-04-11 14:25:55,28.8427562713623,-17.9754295349121,"Unknown"
"5020567",378626,2026-04-11 14:26:55,28.8427066802979,-17.9755916595459,"Unknown"
"5020567",378626,2026-04-11 14:27:55,28.8426647186279,-17.9757328033447,"Unknown"
"5020567",378626,2026-04-11 14:28:55,28.8425998687744,-17.9758834838867,"Unknown"
"5020567",378626,2026-04-11 14:29:55,28.8426246643066,-17.9760246276855,"Unknown"
"5020567",378626,2026-04-11 14:30:55,28.842643737793,-17.9761619567871,"Unknown"
"5020567",378626,2026-04-11 14:31:55,28.8426303863525,-17.9762592315674,"Unknown"
"5020567",378626,2026-04-11 14:32:55,28.8426513671875,-17.976375579834,"Unknown"
"5020567",378626,2026-04-11 14:33:55,28.8426704406738,-17.9764823913574,"Unknown"
"5020567",378626,2026-04-11 14:34:55,28.8427352905273,-17.9768352508545,"Unknown"
"5020567",378626,2026-04-11 14:35:55,28.8431797027588,-17.9739990234375,"Unknown"
"5020567",378626,2026-04-11 14:36:56,28.8458976745605,-17.9737033843994,"Unknown"
"5020567",378626,2026-04-11 14:37:56,28.8477020263672,-17.9727249145508,"Unknown"
"5020567",378626,2026-04-11 14:38:55,28.8492984771729,-17.9706726074219,"Unknown"
"5020567",378626,2026-04-11 14:39:55,28.8503017425537,-17.9672050476074,"Unknown"
"5020567",378626,2026-04-11 14:40:57,28.8518180847168,-17.964879989624,"Unknown"
"5020567",378626,2026-04-11 14:41:55,28.8542976379395,-17.9646968841553,"Unknown"
"5020567",378626,2026-04-11 14:42:55,28.8525066375732,-17.9643726348877,"Unknown"
"5020567",378626,2026-04-11 14:43:57,28.8528099060059,-17.9641056060791,"Unknown"
"5020567",378626,2026-04-11 14:44:55,28.8535499572754,-17.9614810943604,"Unknown"
"5020567",378626,2026-04-11 14:45:55,28.8541774749756,-17.9605274200439,"Unknown"
"5020567",378626,2026-04-11 14:46:55,28.8541107177734,-17.9607543945312,"Unknown"
"5020567",378626,2026-04-11 14:47:55,28.8540000915527,-17.9609527587891,"Unknown"
"5020567",378626,2026-04-11 14:48:55,28.8539123535156,-17.9611644744873,"Unknown"
"5020567",378626,2026-04-11 14:49:55,28.8538112640381,-17.9613742828369,"Unknown"
"5020567",378626,2026-04-11 14:50:55,28.8537216186523,-17.9615650177002,"Unknown"
"5020567",378626,2026-04-11 14:51:55,28.8536338806152,-17.9617347717285,"Unknown"
"5020567",378626,2026-04-11 14:52:55,28.8535556793213,-17.9619483947754,"Unknown"
"5020567",378626,2026-04-11 14:53:55,28.853479385376,-17.9621238708496,"Unknown"
"5020567",378626,2026-04-11 14:54:55,28.8534317016602,-17.9623241424561,"Unknown"
"5020567",378626,2026-04-11 14:55:55,28.8533401489258,-17.962495803833,"Unknown"
"5020567",378626,2026-04-11 14:56:55,28.8533058166504,-17.9626770019531,"Unknown"
"5020567",378626,2026-04-11 14:57:55,28.8532543182373,-17.9628791809082,"Unknown"
"5020567",378626,2026-04-11 14:58:55,28.8532199859619,-17.9630374908447,"Unknown"
"5020567",378626,2026-04-11 14:59:55,28.8531818389893,-17.9632091522217,"Unknown"
"5020567",378626,2026-04-11 15:00:55,28.8531684875488,-17.96337890625,"Unknown"
"5020567",378626,2026-04-11 15:01:55,28.8531169891357,-17.963565826416,"Unknown"
"5020567",378626,2026-04-11 15:02:55,28.8530960083008,-17.9638004302979,"Unknown"
"5020567",378626,2026-04-11 15:03:55,28.8530673980713,-17.963996887207,"Unknown"
"5020567",378626,2026-04-11 15:04:55,28.8530235290527,-17.964168548584,"Unknown"
"5020567",378626,2026-04-11 15:05:55,28.8529663085938,-17.9643440246582,"Unknown"
"5020567",378626,2026-04-11 15:06:55,28.8529300689697,-17.9644584655762,"Unknown"
"5020567",378626,2026-04-11 15:07:58,28.8529109954834,-17.9645957946777,"Unknown"
"5020567",378626,2026-04-11 15:08:55,28.8534164428711,-17.9622344970703,"Unknown"
"5020567",378626,2026-04-11 15:09:55,28.8530025482178,-17.9592018127441,"Unknown"
"5020567",378626,2026-04-11 15:10:57,28.8541030883789,-17.9567127227783,"Unknown"
"5020567",378626,2026-04-11 15:11:55,28.8570308685303,-17.9601936340332,"Unknown"
"5020567",378626,2026-04-11 15:12:57,28.8574409484863,-17.9567356109619,"Unknown"
"5020567",378626,2026-04-11 15:13:57,28.8580322265625,-17.9528102874756,"Unknown"
"5020567",378626,2026-04-11 15:14:58,28.8582744598389,-17.9484233856201,"Unknown"
"5020567",378626,2026-04-11 15:15:58,28.8594150543213,-17.9451179504395,"Unknown"
"5020567",378626,2026-04-11 15:17:08,28.8623504638672,-17.9436550140381,"Unknown"
"5020567",378626,2026-04-11 15:17:56,28.8622989654541,-17.943733215332,"Unknown"
"5020567",378626,2026-04-11 15:22:56,28.8621730804443,-17.9432220458984,"Unknown"
"5020567",378626,2026-04-11 15:27:56,28.8619270324707,-17.9442024230957,"Unknown"
"5020567",378626,2026-04-11 15:32:56,28.8602046966553,-17.9454650878906,"Unknown"
"5020567",378626,2026-04-11 15:33:56,28.8601341247559,-17.9456405639648,"Unknown"
"5020567",378626,2026-04-11 15:34:56,28.860071182251,-17.9458122253418,"Unknown"
"5020567",378626,2026-04-11 15:35:56,28.860034942627,-17.9459838867188,"Unknown"
"5020567",378626,2026-04-11 15:36:56,28.8600025177002,-17.9461612701416,"Unknown"
"5020567",378626,2026-04-11 15:37:56,28.8599967956543,-17.9462909698486,"Unknown"
"5020567",378626,2026-04-11 15:38:56,28.860912322998,-17.9461841583252,"Unknown"
"5020567",378626,2026-04-11 15:39:58,28.8588466644287,-17.9424018859863,"Unknown"
"5020567",378626,2026-04-11 15:40:58,28.8594627380371,-17.9384860992432,"Unknown"
"5020567",378626,2026-04-11 15:41:58,28.8620700836182,-17.9369831085205,"Unknown"
"5020567",378626,2026-04-11 15:42:57,28.8648719787598,-17.9349021911621,"Unknown"
"5020567",378626,2026-04-11 15:47:56,28.8683052062988,-17.9413166046143,"Unknown"
"5020567",378626,2026-04-11 15:52:57,28.8696632385254,-17.9391746520996,"Unknown"
"5020567",378626,2026-04-11 15:58:00,28.8745460510254,-17.928092956543,"Unknown"
"5020567",378626,2026-04-11 16:13:27,28.873197555542,-17.9076995849609,"Unknown"
"5020567",378626,2026-04-11 16:17:56,28.8734264373779,-17.9082851409912,"Unknown"
"5020567",378626,2026-04-11 16:22:57,28.875171661377,-17.9103660583496,"Unknown"
"5020567",378626,2026-04-11 16:27:58,28.8755226135254,-17.9111328125,"Unknown"
"5020567",378626,2026-04-11 16:32:58,28.8712062835693,-17.9091091156006,"Unknown"
"5020567",378626,2026-04-11 16:37:59,28.8721485137939,-17.9037208557129,"Unknown"
"5020567",378626,2026-04-11 16:42:59,28.8707256317139,-17.8954811096191,"Unknown"
"5020567",378626,2026-04-11 16:47:57,28.8711700439453,-17.8964080810547,"Unknown"
"5020567",378626,2026-04-11 16:52:56,28.8715419769287,-17.8971328735352,"Unknown"
"5020567",378626,2026-04-11 16:58:17,28.8718128204346,-17.8979721069336,"Unknown"
"5020567",378626,2026-04-11 17:02:56,28.871883392334,-17.8986263275146,"Unknown"
"5020567",378626,2026-04-11 17:07:56,28.8719234466553,-17.8993549346924,"Unknown"
"5020567",378626,2026-04-11 17:12:56,28.8718357086182,-17.9000835418701,"Unknown"
"5020567",378626,2026-04-11 17:17:56,28.876335144043,-17.8942489624023,"Unknown"
"5020567",378626,2026-04-11 17:22:57,28.8672904968262,-17.8873119354248,"Unknown"
"5020567",378626,2026-04-11 17:27:56,28.8676605224609,-17.8890762329102,"Unknown"
"5020567",378626,2026-04-11 17:32:56,28.868106842041,-17.8894195556641,"Unknown"
"5020567",378626,2026-04-11 17:37:57,28.8683204650879,-17.8901920318604,"Unknown"
"5020567",378626,2026-04-11 17:42:56,28.8684730529785,-17.8908348083496,"Unknown"
"5020567",378626,2026-04-11 17:47:56,28.8686103820801,-17.8914184570312,"Unknown"
"5020567",378626,2026-04-11 17:52:56,28.8752765655518,-17.8922939300537,"Unknown"
"5020567",378626,2026-04-11 17:57:56,28.8756484985352,-17.893138885498,"Unknown"
"5020567",378626,2026-04-11 18:02:56,28.8759212493896,-17.893913269043,"Unknown"
"5020567",378626,2026-04-11 18:07:56,28.875997543335,-17.8946304321289,"Unknown"
"5020567",378626,2026-04-11 18:12:56,28.875825881958,-17.8952045440674,"Unknown"
"5020567",378626,2026-04-11 18:18:04,28.8762130737305,-17.8957080841064,"Unknown"
"5020567",378626,2026-04-11 18:22:56,28.8762550354004,-17.8963985443115,"Unknown"
"5020567",378626,2026-04-11 18:27:58,28.8763942718506,-17.8969688415527,"Unknown"
"5020567",378626,2026-04-11 18:32:57,28.8763771057129,-17.8974304199219,"Unknown"
"5020567",378626,2026-04-11 18:37:56,28.8763599395752,-17.8978862762451,"Unknown"
"5020567",378626,2026-04-11 18:42:56,28.8764667510986,-17.8984699249268,"Unknown"
"5020567",378626,2026-04-11 18:47:57,28.876407623291,-17.8989715576172,"Unknown"
"5020567",378626,2026-04-11 18:52:56,28.8752593994141,-17.8976211547852,"Unknown"
"5020567",378626,2026-04-11 18:57:56,28.8753147125244,-17.8979358673096,"Unknown"
"5020567",378626,2026-04-11 19:03:17,28.8752994537354,-17.8981590270996,"Unknown"
"5020567",378626,2026-04-11 19:07:59,28.8754806518555,-17.8982791900635,"Unknown"
"5020567",378626,2026-04-11 19:13:17,28.8759765625,-17.8987369537354,"Unknown"
"5020567",378626,2026-04-11 19:17:59,28.8761920928955,-17.8988552093506,"Unknown"
"5020567",378626,2026-04-11 19:23:00,28.8763332366943,-17.898853302002,"Unknown"
"5020567",378626,2026-04-11 19:27:56,28.8764419555664,-17.8990802764893,"Unknown"
"5020567",378626,2026-04-11 19:33:00,28.8621292114258,-17.881814956665,"Unknown"
"5020567",378626,2026-04-11 19:37:59,28.8516254425049,-17.8626480102539,"Unknown"
"5020567",378626,2026-04-11 19:42:56,28.8515796661377,-17.8627243041992,"Unknown"
"5020567",378626,2026-04-11 19:43:56,28.8515892028809,-17.8627815246582,"Unknown"
"5020567",378626,2026-04-11 19:44:58,28.8515338897705,-17.8627853393555,"Unknown"
"5020567",378626,2026-04-11 19:45:56,28.8515129089355,-17.8627796173096,"Unknown"
"5020567",378626,2026-04-11 19:47:02,28.8514652252197,-17.8628082275391,"Unknown"
"5020567",378626,2026-04-11 19:47:56,28.8514633178711,-17.8628425598145,"Unknown"
"5020567",378626,2026-04-11 19:49:02,28.8514518737793,-17.8629131317139,"Unknown"
"5020567",378626,2026-04-11 19:49:56,28.8514232635498,-17.8628711700439,"Unknown"
"5020567",378626,2026-04-11 19:50:58,28.8514251708984,-17.8629264831543,"Unknown"
"5020567",378626,2026-04-11 19:51:56,28.8513793945312,-17.8629264831543,"Unknown"
"5020567",378626,2026-04-11 19:52:56,28.8513698577881,-17.8629779815674,"Unknown"
"5020567",378626,2026-04-11 19:53:56,28.8513412475586,-17.8630027770996,"Unknown"
"5020567",378626,2026-04-11 19:54:58,28.8513507843018,-17.8630828857422,"Unknown"
"5020567",378626,2026-04-11 19:55:57,28.8513431549072,-17.8630218505859,"Unknown"
"5020567",378626,2026-04-11 19:56:57,28.8513507843018,-17.8630504608154,"Unknown"
"5020567",378626,2026-04-11 19:57:56,28.8513164520264,-17.863109588623,"Unknown"
"5020567",378626,2026-04-11 19:58:58,28.8512859344482,-17.86305809021,"Unknown"
"5020567",378626,2026-04-11 19:59:56,28.8513164520264,-17.8631000518799,"Unknown"
"5020567",378626,2026-04-11 20:01:32,28.8512077331543,-17.8631229400635,"Unknown"
"5020567",378626,2026-04-11 20:01:56,28.8512020111084,-17.8631362915039,"Unknown"
"5020567",378626,2026-04-11 20:02:56,28.8512058258057,-17.8631572723389,"Unknown"
"5020567",378626,2026-04-11 20:03:56,28.8511638641357,-17.8631572723389,"Unknown"
"5020567",378626,2026-04-11 20:04:56,28.8510780334473,-17.8631706237793,"Unknown"
"5020567",378626,2026-04-11 20:05:56,28.8510704040527,-17.8632049560547,"Unknown"
"5020567",378626,2026-04-11 20:06:56,28.8510398864746,-17.8632564544678,"Unknown"
"5020567",378626,2026-04-11 20:07:56,28.8509960174561,-17.8632907867432,"Unknown"
"5020567",378626,2026-04-11 20:08:56,28.8509731292725,-17.8633193969727,"Unknown"
"5020567",378626,2026-04-11 20:09:56,28.8509635925293,-17.8633575439453,"Unknown"
"5020567",378626,2026-04-11 20:10:56,28.8509407043457,-17.8633899688721,"Unknown"
"5020567",378626,2026-04-11 20:11:56,28.8509254455566,-17.8634090423584,"Unknown"
"5020567",378626,2026-04-11 20:12:56,28.8508815765381,-17.8634128570557,"Unknown"
"5020567",378626,2026-04-11 20:13:56,28.850866317749,-17.8634262084961,"Unknown"
"5020567",378626,2026-04-11 20:14:56,28.8508682250977,-17.8634471893311,"Unknown"
"5020567",378626,2026-04-11 20:15:56,28.8508167266846,-17.8635025024414,"Unknown"
"5020567",378626,2026-04-11 20:16:56,28.8508415222168,-17.8634910583496,"Unknown"
"5020567",378626,2026-04-11 20:17:56,28.8508148193359,-17.8635025024414,"Unknown"
"5020567",378626,2026-04-11 20:18:56,28.850793838501,-17.8635234832764,"Unknown"
"5020567",378626,2026-04-11 20:19:56,28.8507900238037,-17.8635559082031,"Unknown"
"5020567",378626,2026-04-11 20:20:56,28.8507747650146,-17.8635635375977,"Unknown"
"5020567",378626,2026-04-11 20:21:56,28.8507766723633,-17.8636150360107,"Unknown"
"5020567",378626,2026-04-11 20:22:56,28.8507785797119,-17.8636798858643,"Unknown"
"5020567",378626,2026-04-11 20:23:56,28.8507652282715,-17.8637161254883,"Unknown"
"5020567",378626,2026-04-11 20:24:56,28.8507595062256,-17.8637504577637,"Unknown"
"5020567",378626,2026-04-11 20:25:56,28.8507480621338,-17.8637962341309,"Unknown"
"5020567",378626,2026-04-11 20:26:56,28.8507614135742,-17.863862991333,"Unknown"
"5020567",378626,2026-04-11 20:27:56,28.8507385253906,-17.8638877868652,"Unknown"
"5020567",378626,2026-04-11 20:28:56,28.8507537841797,-17.8639755249023,"Unknown"
"5020567",378626,2026-04-11 20:29:56,28.8507556915283,-17.8640079498291,"Unknown"
"5020567",378626,2026-04-11 20:30:56,28.8507328033447,-17.8640422821045,"Unknown"
"5020567",378626,2026-04-11 20:31:56,28.8507537841797,-17.8640842437744,"Unknown"
"5020567",378626,2026-04-11 20:32:56,28.8507690429688,-17.8641319274902,"Unknown"
"5020567",378626,2026-04-11 20:33:56,28.8507709503174,-17.8641948699951,"Unknown"
"5020567",378626,2026-04-11 20:34:56,28.8507709503174,-17.8642559051514,"Unknown"
"5020567",378626,2026-04-11 20:35:56,28.8507690429688,-17.8643207550049,"Unknown"
"5020567",378626,2026-04-11 20:36:56,28.8507785797119,-17.8643703460693,"Unknown"
"5020567",378626,2026-04-11 20:37:56,28.8507614135742,-17.8644027709961,"Unknown"
"5020567",378626,2026-04-11 20:38:56,28.8507556915283,-17.8644542694092,"Unknown"
"5020567",378626,2026-04-11 20:39:56,28.8507499694824,-17.8645076751709,"Unknown"
"5020567",378626,2026-04-11 20:40:56,28.8507385253906,-17.8645477294922,"Unknown"
"5020567",378626,2026-04-11 20:41:57,28.8507347106934,-17.8646049499512,"Unknown"
"5020567",378626,2026-04-11 20:42:56,28.8507308959961,-17.864631652832,"Unknown"
"5020567",378626,2026-04-11 20:43:56,28.8507270812988,-17.8647041320801,"Unknown"
"5020567",378626,2026-04-11 20:44:56,28.8507270812988,-17.864725112915,"Unknown"
"5020567",378626,2026-04-11 20:45:56,28.8507022857666,-17.8647708892822,"Unknown"
"5020567",378626,2026-04-11 20:46:56,28.8507061004639,-17.8648529052734,"Unknown"
"5020567",378626,2026-04-11 20:47:56,28.8507118225098,-17.8648853302002,"Unknown"
"5020567",378626,2026-04-11 20:48:56,28.8507061004639,-17.8649291992188,"Unknown"
"5020567",378626,2026-04-11 20:49:56,28.8507041931152,-17.8649635314941,"Unknown"
"5020567",378626,2026-04-11 20:50:56,28.8506851196289,-17.8650302886963,"Unknown"
"5020567",378626,2026-04-11 20:51:56,28.8506774902344,-17.8650722503662,"Unknown"
"5020567",378626,2026-04-11 20:52:56,28.8506603240967,-17.8651180267334,"Unknown"
"5020567",378626,2026-04-11 20:53:56,28.8506031036377,-17.865161895752,"Unknown"
"5020567",378626,2026-04-11 20:54:58,28.8505725860596,-17.8651962280273,"Unknown"
"5020567",378626,2026-04-11 20:55:57,28.8505306243896,-17.8652572631836,"Unknown"
"5020567",378626,2026-04-11 20:56:56,28.8505077362061,-17.8652896881104,"Unknown"
"5020567",378626,2026-04-11 20:57:58,28.8505249023438,-17.8653526306152,"Unknown"
"5020567",378626,2026-04-11 20:58:56,28.8505229949951,-17.8653583526611,"Unknown"
"5020567",378626,2026-04-11 20:59:58,28.8505401611328,-17.8653926849365,"Unknown"
"5020567",378626,2026-04-11 21:00:56,28.8505306243896,-17.865442276001,"Unknown"
"5020567",378626,2026-04-11 21:01:58,28.8505306243896,-17.8654918670654,"Unknown"
"5020567",378626,2026-04-11 21:02:57,28.8505172729492,-17.8655548095703,"Unknown"
"5020567",378626,2026-04-11 21:03:58,28.8505077362061,-17.8656234741211,"Unknown"
"5020567",378626,2026-04-11 21:04:59,28.8505115509033,-17.8656978607178,"Unknown"
"5020567",378626,2026-04-11 21:05:58,28.8505306243896,-17.8657493591309,"Unknown"
"5020567",378626,2026-04-11 21:06:58,28.8505344390869,-17.8658237457275,"Unknown"
"5020567",378626,2026-04-11 21:07:58,28.8505611419678,-17.8658962249756,"Unknown"
"5020567",378626,2026-04-11 21:08:56,28.8505477905273,-17.8659782409668,"Unknown"
"5020567",378626,2026-04-11 21:09:58,28.8505306243896,-17.8660583496094,"Unknown"
"5020567",378626,2026-04-11 21:10:59,28.8505268096924,-17.8661251068115,"Unknown"
"5020567",378626,2026-04-11 21:11:57,28.8505268096924,-17.866174697876,"Unknown"
"5020567",378626,2026-04-11 21:12:57,28.8505325317383,-17.8662452697754,"Unknown"
"5020567",378626,2026-04-11 21:13:57,28.8505458831787,-17.8663387298584,"Unknown"
"5020567",378626,2026-04-11 21:15:03,28.8505840301514,-17.8664245605469,"Unknown"
"5020567",378626,2026-04-11 21:16:17,28.8505725860596,-17.8665504455566,"Unknown"
"5020567",378626,2026-04-11 21:16:56,28.8505973815918,-17.8665885925293,"Unknown"
"5020567",378626,2026-04-11 21:17:56,28.8506183624268,-17.8666896820068,"Unknown"
"5020567",378626,2026-04-11 21:18:56,28.8506259918213,-17.8667984008789,"Unknown"
"5020567",378626,2026-04-11 21:19:56,28.8506355285645,-17.8668727874756,"Unknown"
"5020567",378626,2026-04-11 21:20:56,28.8506622314453,-17.86696434021,"Unknown"
"5020567",378626,2026-04-11 21:21:56,28.8506813049316,-17.8670463562012,"Unknown"
"5020567",378626,2026-04-11 21:22:56,28.8506946563721,-17.8671417236328,"Unknown"
"5020567",378626,2026-04-11 21:23:56,28.8507213592529,-17.8672275543213,"Unknown"
"5020567",378626,2026-04-11 21:24:56,28.8507099151611,-17.8673191070557,"Unknown"
"5020567",378626,2026-04-11 21:25:56,28.850736618042,-17.8674030303955,"Unknown"
"5020567",378626,2026-04-11 21:26:56,28.8507423400879,-17.8674983978271,"Unknown"
"5020567",378626,2026-04-11 21:27:56,28.8507614135742,-17.8676128387451,"Unknown"
"5020567",378626,2026-04-11 21:28:56,28.8507652282715,-17.867733001709,"Unknown"
"5020567",378626,2026-04-11 21:29:56,28.850793838501,-17.8678379058838,"Unknown"
"5020567",378626,2026-04-11 21:30:56,28.8507976531982,-17.8679275512695,"Unknown"
"5020567",378626,2026-04-11 21:31:56,28.8508243560791,-17.8680553436279,"Unknown"
"5020567",378626,2026-04-11 21:32:58,28.8508377075195,-17.8681526184082,"Unknown"
"5020567",378626,2026-04-11 21:33:57,28.8508605957031,-17.8682613372803,"Unknown"
"5020567",378626,2026-04-11 21:34:56,28.8508949279785,-17.868408203125,"Unknown"
"5020567",378626,2026-04-11 21:35:58,28.8509120941162,-17.8684883117676,"Unknown"
"5020567",378626,2026-04-11 21:36:56,28.8509292602539,-17.868579864502,"Unknown"
"5020567",378626,2026-04-11 21:37:57,28.8509769439697,-17.8687133789062,"Unknown"
"5020567",378626,2026-04-11 21:38:58,28.851001739502,-17.8688316345215,"Unknown"
"5020567",378626,2026-04-11 21:39:56,28.8510284423828,-17.8689632415771,"Unknown"
"5020567",378626,2026-04-11 21:40:58,28.8510494232178,-17.8690948486328,"Unknown"
"5020567",378626,2026-04-11 21:41:56,28.8510875701904,-17.8691501617432,"Unknown"
"5020567",378626,2026-04-11 21:42:56,28.8511199951172,-17.8692893981934,"Unknown"
"5020567",378626,2026-04-11 21:43:56,28.851110458374,-17.8694038391113,"Unknown"
"5020567",378626,2026-04-11 21:44:58,28.8511638641357,-17.8695068359375,"Unknown"
"5020567",378626,2026-04-11 21:45:56,28.8511943817139,-17.8695983886719,"Unknown"
"5020567",378626,2026-04-11 21:46:56,28.8512229919434,-17.8696823120117,"Unknown"
"5020567",378626,2026-04-11 21:47:56,28.8512802124023,-17.8698272705078,"Unknown"
"5020567",378626,2026-04-11 21:48:56,28.8513145446777,-17.8698806762695,"Unknown"
"5020567",378626,2026-04-11 21:49:56,28.8513450622559,-17.8699722290039,"Unknown"
"5020567",378626,2026-04-11 21:50:58,28.8513832092285,-17.870080947876,"Unknown"
"5020567",378626,2026-04-11 21:51:56,28.8514347076416,-17.8701915740967,"Unknown"
"5020567",378626,2026-04-11 21:52:56,28.8514862060547,-17.8702621459961,"Unknown"
"5020567",378626,2026-04-11 21:53:56,28.8515014648438,-17.8703689575195,"Unknown"
"5020567",378626,2026-04-11 21:54:58,28.8515491485596,-17.8704853057861,"Unknown"
"5020567",378626,2026-04-11 21:55:58,28.8516082763672,-17.8706150054932,"Unknown"
"5020567",378626,2026-04-11 21:56:57,28.8516407012939,-17.8706912994385,"Unknown"
"5020567",378626,2026-04-11 21:57:58,28.8516960144043,-17.8707714080811,"Unknown"
"5020567",378626,2026-04-11 21:58:58,28.8517379760742,-17.8708915710449,"Unknown"
"5020567",378626,2026-04-11 21:59:58,28.8517875671387,-17.8709964752197,"Unknown"
"5020567",378626,2026-04-11 22:00:56,28.8518505096436,-17.8711357116699,"Unknown"
"5020567",378626,2026-04-11 22:01:56,28.851900100708,-17.8712425231934,"Unknown"
"5020567",378626,2026-04-11 22:02:56,28.8519458770752,-17.87135887146,"Unknown"
"5020567",378626,2026-04-11 22:03:56,28.8519954681396,-17.8714561462402,"Unknown"
"5020567",378626,2026-04-11 22:04:59,28.8520374298096,-17.871545791626,"Unknown"
"5020567",378626,2026-04-11 22:05:59,28.852087020874,-17.8716678619385,"Unknown"
"5020567",378626,2026-04-11 22:06:59,28.8521404266357,-17.871768951416,"Unknown"
"5020567",378626,2026-04-11 22:07:59,28.852165222168,-17.8718852996826,"Unknown"
"5020567",378626,2026-04-11 22:08:56,28.8521862030029,-17.8720188140869,"Unknown"
"5020567",378626,2026-04-11 22:10:00,28.852237701416,-17.8721675872803,"Unknown"
"5020567",378626,2026-04-11 22:10:56,28.8522796630859,-17.8722991943359,"Unknown"
"5020567",378626,2026-04-11 22:11:58,28.8523025512695,-17.8724136352539,"Unknown"
"5020567",378626,2026-04-11 22:13:27,28.8523216247559,-17.8726406097412,"Unknown"
"5020567",378626,2026-04-11 22:13:56,28.8523368835449,-17.8726997375488,"Unknown"
"5020567",378626,2026-04-11 22:14:56,28.8523578643799,-17.8728466033936,"Unknown"
"5020567",378626,2026-04-11 22:15:56,28.8523750305176,-17.872953414917,"Unknown"
"5020567",378626,2026-04-11 22:16:56,28.8523788452148,-17.873104095459,"Unknown"
"5020567",378626,2026-04-11 22:17:56,28.8524017333984,-17.8732433319092,"Unknown"
"5020567",378626,2026-04-11 22:18:56,28.8524341583252,-17.8733787536621,"Unknown"
"5020567",378626,2026-04-11 22:19:56,28.8524475097656,-17.8735332489014,"Unknown"
"5020567",378626,2026-04-11 22:20:56,28.8524723052979,-17.873664855957,"Unknown"
"5020567",378626,2026-04-11 22:21:56,28.8524856567383,-17.8738212585449,"Unknown"
"5020567",378626,2026-04-11 22:22:56,28.8524875640869,-17.8739681243896,"Unknown"
"5020567",378626,2026-04-11 22:23:56,28.8524913787842,-17.8740997314453,"Unknown"
"5020567",378626,2026-04-11 22:24:56,28.8525314331055,-17.8742332458496,"Unknown"
"5020567",378626,2026-04-11 22:25:56,28.8525371551514,-17.8743782043457,"Unknown"
"5020567",378626,2026-04-11 22:26:56,28.8525485992432,-17.8744983673096,"Unknown"
"5020567",378626,2026-04-11 22:27:56,28.8525295257568,-17.874584197998,"Unknown"
"5020567",378626,2026-04-11 22:28:56,28.8525447845459,-17.8746852874756,"Unknown"
"5020567",378626,2026-04-11 22:29:56,28.8525314331055,-17.8748207092285,"Unknown"
"5020567",378626,2026-04-11 22:30:56,28.8525123596191,-17.8749504089355,"Unknown"
"5020567",378626,2026-04-11 22:31:56,28.8525085449219,-17.8750858306885,"Unknown"
"5020567",378626,2026-04-11 22:32:56,28.8524742126465,-17.8752346038818,"Unknown"
"5020567",378626,2026-04-11 22:33:56,28.8524417877197,-17.8753566741943,"Unknown"
"5020567",378626,2026-04-11 22:34:56,28.8524208068848,-17.8754692077637,"Unknown"
"5020567",378626,2026-04-11 22:35:56,28.8523597717285,-17.8755722045898,"Unknown"
"5020567",378626,2026-04-11 22:36:56,28.8522987365723,-17.8756542205811,"Unknown"
"5020567",378626,2026-04-11 22:37:56,28.8522682189941,-17.8757457733154,"Unknown"
"5020567",378626,2026-04-11 22:38:56,28.8522281646729,-17.8758506774902,"Unknown"
"5020567",378626,2026-04-11 22:39:56,28.8521785736084,-17.8759765625,"Unknown"
"5020567",378626,2026-04-11 22:40:56,28.8521003723145,-17.8760643005371,"Unknown"
"5020567",378626,2026-04-11 22:41:56,28.8520774841309,-17.8761825561523,"Unknown"
"5020567",378626,2026-04-11 22:42:57,28.8520259857178,-17.8762874603271,"Unknown"
"5020567",378626,2026-04-11 22:43:56,28.8519954681396,-17.8763751983643,"Unknown"
"5020567",378626,2026-04-11 22:44:57,28.8519287109375,-17.8764820098877,"Unknown"
"5020567",378626,2026-04-11 22:45:56,28.8518753051758,-17.8766078948975,"Unknown"
"5020567",378626,2026-04-11 22:46:56,28.8518352508545,-17.8767147064209,"Unknown"
"5020567",378626,2026-04-11 22:47:56,28.8517818450928,-17.8768463134766,"Unknown"
"5020567",378626,2026-04-11 22:48:56,28.8517723083496,-17.8769969940186,"Unknown"
"5020567",378626,2026-04-11 22:49:56,28.8517799377441,-17.8771133422852,"Unknown"
"5020567",378626,2026-04-11 22:50:56,28.8517475128174,-17.8772392272949,"Unknown"
"5020567",378626,2026-04-11 22:51:56,28.8517055511475,-17.877326965332,"Unknown"
"5020567",378626,2026-04-11 22:52:56,28.851676940918,-17.8774566650391,"Unknown"
"5020567",378626,2026-04-11 22:53:56,28.8516407012939,-17.8775806427002,"Unknown"
"5020567",378626,2026-04-11 22:54:56,28.851598739624,-17.87770652771,"Unknown"
"5020567",378626,2026-04-11 22:55:56,28.8515815734863,-17.8778343200684,"Unknown"
"5020567",378626,2026-04-11 22:56:56,28.8515300750732,-17.877950668335,"Unknown"
"5020567",378626,2026-04-11 22:57:56,28.8515014648438,-17.8780841827393,"Unknown"
"5020567",378626,2026-04-11 22:58:56,28.8514747619629,-17.8781833648682,"Unknown"
"5020567",378626,2026-04-11 22:59:56,28.8514404296875,-17.8783226013184,"Unknown"
"5020567",378626,2026-04-11 23:00:56,28.8514175415039,-17.8784294128418,"Unknown"
"5020567",378626,2026-04-11 23:01:56,28.8514175415039,-17.878547668457,"Unknown"
"5020567",378626,2026-04-11 23:02:57,28.8514022827148,-17.8786582946777,"Unknown"
"5020567",378626,2026-04-11 23:03:57,28.8513526916504,-17.8787574768066,"Unknown"
"5020567",378626,2026-04-11 23:04:58,28.8513164520264,-17.8788566589355,"Unknown"
"5020567",378626,2026-04-11 23:05:56,28.8513088226318,-17.8789596557617,"Unknown"
"5020567",378626,2026-04-11 23:06:58,28.8512649536133,-17.8790760040283,"Unknown"
"5020567",378626,2026-04-11 23:07:56,28.851282119751,-17.879207611084,"Unknown"
"5020567",378626,2026-04-11 23:08:56,28.8512668609619,-17.8793163299561,"Unknown"
"5020567",378626,2026-04-11 23:09:56,28.8512401580811,-17.8794422149658,"Unknown"
"5020567",378626,2026-04-11 23:10:56,28.8512477874756,-17.8795680999756,"Unknown"
"5020567",378626,2026-04-11 23:11:58,28.8512706756592,-17.8797187805176,"Unknown"
"5020567",378626,2026-04-11 23:12:56,28.8512954711914,-17.879846572876,"Unknown"
"5020567",378626,2026-04-11 23:13:58,28.8513374328613,-17.8799877166748,"Unknown"
"5020567",378626,2026-04-11 23:14:56,28.8513793945312,-17.8801784515381,"Unknown"
"5020567",378626,2026-04-11 23:15:56,28.8513736724854,-17.8803234100342,"Unknown"
"5020567",378626,2026-04-11 23:16:56,28.851411819458,-17.8804531097412,"Unknown"
"5020567",378626,2026-04-11 23:17:58,28.8514270782471,-17.8806228637695,"Unknown"
"5020567",378626,2026-04-11 23:18:58,28.851469039917,-17.8807697296143,"Unknown"
"5020567",378626,2026-04-11 23:19:56,28.851490020752,-17.8809223175049,"Unknown"
"5020567",378626,2026-04-11 23:20:56,28.8515357971191,-17.8810863494873,"Unknown"
"5020567",378626,2026-04-11 23:21:56,28.8515701293945,-17.8812465667725,"Unknown"
"5020567",378626,2026-04-11 23:22:58,28.8516139984131,-17.8813552856445,"Unknown"
"5020567",378626,2026-04-11 23:23:56,28.8516216278076,-17.8814582824707,"Unknown"
"5020567",378626,2026-04-11 23:24:57,28.8516788482666,-17.8816318511963,"Unknown"
"5020567",378626,2026-04-11 23:25:58,28.8517055511475,-17.8817749023438,"Unknown"
"5020567",378626,2026-04-11 23:26:58,28.8517761230469,-17.8819122314453,"Unknown"
"5020567",378626,2026-04-11 23:27:56,28.8517646789551,-17.8820362091064,"Unknown"
"5020567",378626,2026-04-11 23:28:56,28.8517513275146,-17.8822555541992,"Unknown"
"5020567",378626,2026-04-11 23:29:58,28.8517189025879,-17.8823852539062,"Unknown"
"5020567",378626,2026-04-11 23:30:58,28.8517780303955,-17.8825550079346,"Unknown"
"5020567",378626,2026-04-11 23:31:57,28.8517761230469,-17.8826923370361,"Unknown"
"5020567",378626,2026-04-11 23:32:58,28.8518238067627,-17.8828144073486,"Unknown"
"5020567",378626,2026-04-11 23:33:56,28.8518466949463,-17.8829250335693,"Unknown"
"5020567",378626,2026-04-11 23:34:56,28.8518543243408,-17.8830642700195,"Unknown"
"5020567",378626,2026-04-11 23:35:56,28.8518676757812,-17.8832111358643,"Unknown"
"5020567",378626,2026-04-11 23:36:57,28.8518867492676,-17.8833618164062,"Unknown"
"5020567",378626,2026-04-11 23:37:56,28.8518714904785,-17.883472442627,"Unknown"
"5020567",378626,2026-04-11 23:38:56,28.8519344329834,-17.8836116790771,"Unknown"
"5020567",378626,2026-04-11 23:39:56,28.8520221710205,-17.8838424682617,"Unknown"
"5020567",378626,2026-04-11 23:40:58,28.8520603179932,-17.8840522766113,"Unknown"
"5020567",378626,2026-04-11 23:41:56,28.8521289825439,-17.8842430114746,"Unknown"
"5020567",378626,2026-04-11 23:42:57,28.8521633148193,-17.8843936920166,"Unknown"
"5020567",378626,2026-04-11 23:43:57,28.8521976470947,-17.8845138549805,"Unknown"
"5020567",378626,2026-04-11 23:44:56,28.8522109985352,-17.8846530914307,"Unknown"
"5020567",378626,2026-04-11 23:45:56,28.8522510528564,-17.8848171234131,"Unknown"
"5020567",378626,2026-04-11 23:46:56,28.8522548675537,-17.8849639892578,"Unknown"
"5020567",378626,2026-04-11 23:47:58,28.8522834777832,-17.8850784301758,"Unknown"
"5020567",378626,2026-04-11 23:48:56,28.8523025512695,-17.885217666626,"Unknown"
"5020567",378626,2026-04-11 23:49:58,28.8523273468018,-17.8853721618652,"Unknown"
"5020567",378626,2026-04-11 23:50:57,28.8523426055908,-17.8854846954346,"Unknown"
"5020567",378626,2026-04-11 23:51:56,28.8523941040039,-17.8855838775635,"Unknown"
"5020567",378626,2026-04-11 23:52:56,28.8524551391602,-17.8857250213623,"Unknown"
"5020567",378626,2026-04-11 23:53:56,28.852518081665,-17.8858261108398,"Unknown"
"5020567",378626,2026-04-11 23:54:57,28.8525733947754,-17.8859710693359,"Unknown"
"5020567",378626,2026-04-11 23:55:57,28.8526344299316,-17.8860931396484,"Unknown"
"5020567",378626,2026-04-11 23:56:56,28.8526401519775,-17.8862438201904,"Unknown"
"5020567",378626,2026-04-11 23:57:56,28.8527374267578,-17.8863792419434,"Unknown"
"5020567",378626,2026-04-11 23:58:56,28.8528137207031,-17.8865413665771,"Unknown"
"5020567",378626,2026-04-11 23:59:56,28.8542747497559,-17.8864898681641,"Unknown"
"5020567",378626,2026-04-12 00:01:00,28.8543338775635,-17.8866844177246,"Unknown"
"5020567",378626,2026-04-12 00:01:56,28.854320526123,-17.8868007659912,"Unknown"
"5020567",378626,2026-04-12 00:02:57,28.8543968200684,-17.8869533538818,"Unknown"
"5020567",378626,2026-04-12 00:03:56,28.8544654846191,-17.8870964050293,"Unknown"
"5020567",378626,2026-04-12 00:04:57,28.8544731140137,-17.8872547149658,"Unknown"
"5020567",378626,2026-04-12 00:06:00,28.8545074462891,-17.8874015808105,"Unknown"
"5020567",378626,2026-04-12 00:06:56,28.854549407959,-17.8875637054443,"Unknown"
"5020567",378626,2026-04-12 00:07:56,28.8545989990234,-17.8876838684082,"Unknown"
"5020567",378626,2026-04-12 00:08:57,28.8546333312988,-17.8878765106201,"Unknown"
"5020567",378626,2026-04-12 00:09:57,28.8546390533447,-17.8880367279053,"Unknown"
"5020567",378626,2026-04-12 00:11:00,28.8547191619873,-17.8881912231445,"Unknown"
"5020567",378626,2026-04-12 00:11:58,28.8547286987305,-17.8883781433105,"Unknown"
"5020567",378626,2026-04-12 00:13:00,28.8548030853271,-17.8885383605957,"Unknown"
"5020567",378626,2026-04-12 00:13:56,28.8548603057861,-17.8886871337891,"Unknown"
"5020567",378626,2026-04-12 00:14:58,28.8549213409424,-17.8888092041016,"Unknown"
"5020567",378626,2026-04-12 00:15:56,28.8558521270752,-17.8883876800537,"Unknown"
"5020567",378626,2026-04-12 00:16:56,28.859504699707,-17.8878059387207,"Unknown"
"5020567",378626,2026-04-12 00:17:59,28.8601169586182,-17.88791847229,"Unknown"
"5020567",378626,2026-04-12 00:19:25,28.8601608276367,-17.8881816864014,"Unknown"
"5020567",378626,2026-04-12 00:19:56,28.8601722717285,-17.8882808685303,"Unknown"
"5020567",378626,2026-04-12 00:20:56,28.8602142333984,-17.8884544372559,"Unknown"
"5020567",378626,2026-04-12 00:21:57,28.8602523803711,-17.8886756896973,"Unknown"
"5020567",378626,2026-04-12 00:22:56,28.8609046936035,-17.8885459899902,"Unknown"
"5020567",378626,2026-04-12 00:23:56,28.8627662658691,-17.8870811462402,"Unknown"
"5020567",378626,2026-04-12 00:24:56,28.8632068634033,-17.8873844146729,"Unknown"
"5020567",378626,2026-04-12 00:29:56,28.8633117675781,-17.8883075714111,"Unknown"
"5020567",378626,2026-04-12 00:34:56,28.8635597229004,-17.8893394470215,"Unknown"
"5020567",378626,2026-04-12 00:39:56,28.8637771606445,-17.890344619751,"Unknown"
"5020567",378626,2026-04-12 00:44:56,28.8639526367188,-17.8913841247559,"Unknown"
"5020567",378626,2026-04-12 00:49:56,28.8641700744629,-17.892520904541,"Unknown"
"5020567",378626,2026-04-12 00:54:56,28.8644161224365,-17.8936786651611,"Unknown"
"5020567",378626,2026-04-12 00:59:56,28.8647537231445,-17.8948402404785,"Unknown"
"5020567",378626,2026-04-12 01:04:56,28.8650665283203,-17.8960304260254,"Unknown"
"5020567",378626,2026-04-12 01:09:56,28.8653583526611,-17.8973598480225,"Unknown"
"5020567",378626,2026-04-12 01:14:56,28.8656425476074,-17.8986873626709,"Unknown"
"5020567",378626,2026-04-12 01:19:56,28.8660259246826,-17.8999462127686,"Unknown"
"5020567",378626,2026-04-12 01:24:56,28.8663673400879,-17.9013366699219,"Unknown"
"5020567",378626,2026-04-12 01:29:56,28.8667736053467,-17.9027519226074,"Unknown"
"5020567",378626,2026-04-12 01:34:56,28.8672561645508,-17.9042072296143,"Unknown"
"5020567",378626,2026-04-12 01:39:56,28.8677177429199,-17.9056415557861,"Unknown"
"5020567",378626,2026-04-12 01:44:57,28.8681735992432,-17.907112121582,"Unknown"
"5020567",378626,2026-04-12 01:49:56,28.86865234375,-17.9086246490479,"Unknown"
"5020567",378626,2026-04-12 01:54:57,28.8690814971924,-17.9101104736328,"Unknown"
"5020567",378626,2026-04-12 01:59:57,28.8695087432861,-17.9116096496582,"Unknown"
"5020567",378626,2026-04-12 02:04:58,28.8699188232422,-17.9130859375,"Unknown"
"5020567",378626,2026-04-12 02:09:56,28.8703193664551,-17.9145412445068,"Unknown"
"5020567",378626,2026-04-12 02:14:58,28.8705730438232,-17.9160118103027,"Unknown"
"5020567",378626,2026-04-12 02:19:57,28.8708419799805,-17.9174289703369,"Unknown"
"5020567",378626,2026-04-12 02:24:58,28.8711471557617,-17.9189491271973,"Unknown"
"5020567",378626,2026-04-12 02:29:57,28.8713359832764,-17.9205646514893,"Unknown"
"5020567",378626,2026-04-12 02:34:58,28.8714733123779,-17.9221954345703,"Unknown"
"5020567",378626,2026-04-12 02:40:00,28.8714599609375,-17.9239673614502,"Unknown"
"5020567",378626,2026-04-12 02:45:00,28.8715744018555,-17.9255313873291,"Unknown"
"5020567",378626,2026-04-12 02:50:17,28.8714828491211,-17.9275856018066,"Unknown"
"5020567",378626,2026-04-12 02:55:27,28.8714179992676,-17.9294261932373,"Unknown"
"5020567",378626,2026-04-12 02:59:57,28.8714714050293,-17.9309825897217,"Unknown"
"5020567",378626,2026-04-12 03:04:56,28.8718738555908,-17.9326457977295,"Unknown"
"5020567",378626,2026-04-12 03:09:56,28.8718509674072,-17.934383392334,"Unknown"
"5020567",378626,2026-04-12 03:14:56,28.8718547821045,-17.9360408782959,"Unknown"
"5020567",378626,2026-04-12 03:19:56,28.872142791748,-17.93772315979,"Unknown"
"5020567",378626,2026-04-12 03:24:56,28.8720645904541,-17.9392967224121,"Unknown"
"5020567",378626,2026-04-12 03:29:56,28.8719730377197,-17.9408779144287,"Unknown"
"5020567",378626,2026-04-12 03:34:56,28.8719272613525,-17.9423389434814,"Unknown"
"5020567",378626,2026-04-12 03:39:56,28.8718643188477,-17.9437084197998,"Unknown"
"5020567",378626,2026-04-12 03:44:56,28.8725318908691,-17.944766998291,"Unknown"
"5020567",378626,2026-04-12 03:49:56,28.8725471496582,-17.9460163116455,"Unknown"
"5020567",378626,2026-04-12 03:54:56,28.8725872039795,-17.9473361968994,"Unknown"
"5020567",378626,2026-04-12 03:59:56,28.872673034668,-17.9487438201904,"Unknown"
"5020567",378626,2026-04-12 04:04:56,28.8727989196777,-17.9501056671143,"Unknown"
"5020567",378626,2026-04-12 04:09:58,28.8729763031006,-17.9513778686523,"Unknown"
"5020567",378626,2026-04-12 04:14:56,28.8731498718262,-17.9525680541992,"Unknown"
"5020567",378626,2026-04-12 04:19:56,28.8735523223877,-17.9535884857178,"Unknown"
"5020567",378626,2026-04-12 04:24:56,28.8736057281494,-17.9546756744385,"Unknown"
"5020567",378626,2026-04-12 04:29:57,28.8737010955811,-17.9556674957275,"Unknown"
"5020567",378626,2026-04-12 04:35:17,28.8737144470215,-17.9567470550537,"Unknown"
"5020567",378626,2026-04-12 04:39:56,28.8738212585449,-17.9576530456543,"Unknown"
"5020567",378626,2026-04-12 04:44:56,28.8739452362061,-17.9585838317871,"Unknown"
"5020567",378626,2026-04-12 04:49:56,28.8740234375,-17.9594879150391,"Unknown"
"5020567",378626,2026-04-12 04:54:56,28.8741512298584,-17.9603519439697,"Unknown"
"5020567",378626,2026-04-12 04:59:58,28.8742790222168,-17.9611625671387,"Unknown"
"5020567",378626,2026-04-12 05:04:56,28.8743228912354,-17.9618721008301,"Unknown"
"5020567",378626,2026-04-12 05:09:56,28.8744049072266,-17.9626331329346,"Unknown"
"5020567",378626,2026-04-12 05:14:57,28.8744831085205,-17.9633178710938,"Unknown"
"5020567",378626,2026-04-12 05:19:56,28.8744659423828,-17.9639377593994,"Unknown"
"5020567",378626,2026-04-12 05:24:56,28.874490737915,-17.9645175933838,"Unknown"
"5020567",378626,2026-04-12 05:29:56,28.8751277923584,-17.9649848937988,"Unknown"
"5020567",378626,2026-04-12 05:34:56,28.8746376037598,-17.9645462036133,"Unknown"
"5020567",378626,2026-04-12 05:39:56,28.8745269775391,-17.9650077819824,"Unknown"
"5020567",378626,2026-04-12 05:44:56,28.874439239502,-17.9653205871582,"Unknown"
"5020567",378626,2026-04-12 05:49:56,28.8743782043457,-17.9657497406006,"Unknown"
"5020567",378626,2026-04-12 05:54:56,28.8743228912354,-17.9661693572998,"Unknown"
"5020567",378626,2026-04-12 06:00:27,28.8742752075195,-17.9665546417236,"Unknown"
"5020567",378626,2026-04-12 06:04:56,28.8754367828369,-17.9660549163818,"Unknown"
"5020567",378626,2026-04-12 06:09:56,28.8775062561035,-17.9561882019043,"Unknown"
"5020567",378626,2026-04-12 06:14:56,28.876989364624,-17.9389686584473,"Unknown"
"5020567",378626,2026-04-12 06:19:56,28.879566192627,-17.9233264923096,"Unknown"
"5020567",378626,2026-04-12 06:24:56,28.8864078521729,-17.9126243591309,"Unknown"
"5020567",378626,2026-04-12 06:34:57,28.8674221038818,-17.9445858001709,"Unknown"
"5020567",378626,2026-04-12 06:44:57,28.8845329284668,-17.9495410919189,"Unknown"
"5020567",378626,2026-04-12 06:54:57,28.886962890625,-17.9619770050049,"Unknown"
"5020567",378626,2026-04-12 07:04:56,28.8845233917236,-17.9626808166504,"Unknown"
"5020567",378626,2026-04-12 07:14:57,28.8514614105225,-17.9625263214111,"Unknown"
"5020567",378626,2026-04-12 07:24:59,28.8537921905518,-17.9582958221436,"Unknown"
"5020567",378626,2026-04-12 07:25:59,28.8545055389404,-17.9578342437744,"Unknown"
"5020567",378626,2026-04-12 07:26:56,28.8553581237793,-17.9578952789307,"Unknown"
"5020567",378626,2026-04-12 07:38:21,28.8707656860352,-17.9373683929443,"Unknown"
"5020567",378626,2026-04-12 07:47:57,28.8830280303955,-17.9202289581299,"Unknown"
"5020567",378626,2026-04-12 07:56:56,28.8793430328369,-17.915111541748,"Unknown"
"5020567",378626,2026-04-12 08:06:57,28.8815517425537,-17.9172744750977,"Unknown"
"5020567",378626,2026-04-12 08:16:56,28.8880271911621,-17.9077434539795,"Unknown"
"5020567",378626,2026-04-12 08:21:56,28.8802871704102,-17.8980369567871,"Unknown"
"5020567",378626,2026-04-12 08:26:58,28.8808078765869,-17.8926448822021,"Unknown"
"5020567",378626,2026-04-12 08:31:58,28.8806343078613,-17.8927745819092,"Unknown"
"5020567",378626,2026-04-12 08:37:10,28.8772659301758,-17.8877964019775,"Unknown"
"5020567",378626,2026-04-12 08:41:59,28.8760108947754,-17.8880252838135,"Unknown"
"5020567",378626,2026-04-12 08:46:59,28.87646484375,-17.8881988525391,"Unknown"
"5020567",378626,2026-04-12 08:51:57,28.8770332336426,-17.8888530731201,"Unknown"
"5020567",378626,2026-04-12 08:56:57,28.876579284668,-17.8879566192627,"Unknown"
"5020567",378626,2026-04-12 09:02:27,28.8764705657959,-17.8880367279053,"Unknown"
"5020567",378626,2026-04-12 09:06:58,28.8762550354004,-17.8877487182617,"Unknown"
"5020567",378626,2026-04-12 09:11:56,28.8764457702637,-17.8878173828125,"Unknown"
"5020567",378626,2026-04-12 09:16:56,28.8764972686768,-17.8881168365479,"Unknown"
"5020567",378626,2026-04-12 09:21:56,28.876651763916,-17.8884925842285,"Unknown"
"5020567",378626,2026-04-12 09:26:56,28.8769130706787,-17.8887939453125,"Unknown"
"5020567",378626,2026-04-12 09:31:56,28.8770236968994,-17.8891201019287,"Unknown"
"5020567",378626,2026-04-12 09:36:56,28.8771018981934,-17.8895282745361,"Unknown"
"5020567",378626,2026-04-12 09:41:56,28.8773136138916,-17.8897953033447,"Unknown"
"5020567",378626,2026-04-12 09:46:56,28.8775405883789,-17.8901309967041,"Unknown"
"5020567",378626,2026-04-12 09:51:56,28.8778381347656,-17.8905067443848,"Unknown"
"5020567",378626,2026-04-12 09:56:56,28.8780574798584,-17.890796661377,"Unknown"
"5020567",378626,2026-04-12 10:01:58,28.8750610351562,-17.8928604125977,"Unknown"
"5020567",378626,2026-04-12 10:06:56,28.8751659393311,-17.8936595916748,"Unknown"
"5020567",378626,2026-04-12 10:11:58,28.8751773834229,-17.8945426940918,"Unknown"
"5020567",378626,2026-04-12 10:17:27,28.875129699707,-17.8955898284912,"Unknown"
"5020567",378626,2026-04-12 10:21:56,28.8750534057617,-17.8963203430176,"Unknown"
"5020567",378626,2026-04-12 10:26:56,28.8756370544434,-17.89674949646,"Unknown"
"5020567",378626,2026-04-12 10:31:56,28.8756713867188,-17.8973140716553,"Unknown"
"5020567",378626,2026-04-12 10:36:56,28.8757476806641,-17.8979949951172,"Unknown"
"5020567",378626,2026-04-12 10:41:56,28.8758316040039,-17.898811340332,"Unknown"
"5020567",378626,2026-04-12 10:46:56,28.8757953643799,-17.8996658325195,"Unknown"
"5020567",378626,2026-04-12 10:51:57,28.87571144104,-17.9005374908447,"Unknown"
"5020567",378626,2026-04-12 10:56:57,28.8748321533203,-17.9012031555176,"Unknown"
"5020567",378626,2026-04-12 11:01:56,28.8747367858887,-17.9017848968506,"Unknown"
"5020567",378626,2026-04-12 11:06:56,28.8744354248047,-17.9023380279541,"Unknown"
"5020567",378626,2026-04-12 11:11:59,28.8740844726562,-17.9031143188477,"Unknown"
"5020567",378626,2026-04-12 11:16:58,28.8739185333252,-17.9037055969238,"Unknown"
"5020567",378626,2026-04-12 11:21:59,28.8738327026367,-17.9040832519531,"Unknown"
"5020567",378626,2026-04-12 11:26:57,28.8738441467285,-17.9043922424316,"Unknown"
"5020567",378626,2026-04-12 11:31:59,28.8738174438477,-17.9050712585449,"Unknown"
"5020567",378626,2026-04-12 11:37:00,28.8739318847656,-17.9055061340332,"Unknown"
"5020567",378626,2026-04-12 11:41:58,28.8739986419678,-17.9054946899414,"Unknown"
"5020567",378626,2026-04-12 11:47:27,28.8740158081055,-17.9056549072266,"Unknown"
"5020567",378626,2026-04-12 11:51:56,28.8740272521973,-17.9057731628418,"Unknown"
"5020567",378626,2026-04-12 11:56:56,28.8739719390869,-17.9059295654297,"Unknown"
"5020567",378626,2026-04-12 12:01:56,28.8741035461426,-17.9062156677246,"Unknown"
"5020567",378626,2026-04-12 12:06:56,28.8741626739502,-17.9065113067627,"Unknown"
"5020567",378626,2026-04-12 12:11:56,28.8743381500244,-17.9066581726074,"Unknown"
"5020567",378626,2026-04-12 12:16:56,28.8742542266846,-17.9068260192871,"Unknown"
"5020567",378626,2026-04-12 12:21:56,28.8741645812988,-17.9071369171143,"Unknown"
"5020567",378626,2026-04-12 12:26:56,28.8741874694824,-17.9072742462158,"Unknown"
"5020567",378626,2026-04-12 12:31:58,28.8827114105225,-17.926887512207,"Unknown"
"5020567",378626,2026-04-12 12:36:58,28.8762016296387,-17.9134063720703,"Unknown"
"5020567",378626,2026-04-12 12:41:56,28.8717975616455,-17.9088230133057,"Unknown"
"5020567",378626,2026-04-12 12:46:57,28.8713474273682,-17.9088039398193,"Unknown"
"5020567",378626,2026-04-12 12:51:56,28.870885848999,-17.9088020324707,"Unknown"
"5020567",378626,2026-04-12 12:56:56,28.8703842163086,-17.908878326416,"Unknown"
"5020567",378626,2026-04-12 13:01:56,28.8699150085449,-17.9090213775635,"Unknown"
"5020567",378626,2026-04-12 13:06:56,28.8694801330566,-17.9094944000244,"Unknown"
"5020567",378626,2026-04-12 13:11:56,28.8690185546875,-17.9098300933838,"Unknown"
"5020567",378626,2026-04-12 13:16:56,28.8738346099854,-17.9242172241211,"Unknown"
"5020567",378626,2026-04-12 13:21:56,28.8762969970703,-17.9293174743652,"Unknown"
"5020567",378626,2026-04-12 13:26:58,28.8780822753906,-17.9426441192627,"Unknown"
"5020567",378626,2026-04-12 13:33:21,28.879093170166,-17.949089050293,"Unknown"
"5020567",378626,2026-04-12 13:38:21,28.8709602355957,-17.9701347351074,"Unknown"
"5020567",378626,2026-04-12 13:43:21,28.8684406280518,-17.9688034057617,"Unknown"
"5020567",378626,2026-04-12 13:48:21,28.8758506774902,-17.9634647369385,"Unknown"
"5020567",378626,2026-04-12 13:53:21,28.8881645202637,-17.9665374755859,"Unknown"
"5020567",378626,2026-04-12 13:58:21,28.8882808685303,-17.9614086151123,"Unknown"
"5020567",378626,2026-04-12 14:02:33,28.8878040313721,-17.9613075256348,"Unknown"
"5020567",378626,2026-04-12 14:06:56,28.8872509002686,-17.9620151519775,"Unknown"
"5020567",378626,2026-04-12 14:11:56,28.8866138458252,-17.962926864624,"Unknown"
"5020567",378626,2026-04-12 14:16:56,28.8858680725098,-17.9638328552246,"Unknown"
"5020567",378626,2026-04-12 14:21:56,28.8838672637939,-17.9589862823486,"Unknown"
"5020567",378626,2026-04-12 14:26:56,28.883430480957,-17.959342956543,"Unknown"
"5020567",378626,2026-04-12 14:31:56,28.8829154968262,-17.9602241516113,"Unknown"
"5020567",378626,2026-04-12 14:36:56,28.8825416564941,-17.9611434936523,"Unknown"
"5020567",378626,2026-04-12 14:41:56,28.8813209533691,-17.9675445556641,"Unknown"
"5020567",378626,2026-04-12 14:46:56,28.8740425109863,-17.9617481231689,"Unknown"
"5020567",378626,2026-04-12 14:51:56,28.8750591278076,-17.9636821746826,"Unknown"
"5020567",378626,2026-04-12 14:56:56,28.8734149932861,-17.9634571075439,"Unknown"
"5020567",378626,2026-04-12 15:01:56,28.8749027252197,-17.9604663848877,"Unknown"
"5020567",378626,2026-04-12 15:06:56,28.8741455078125,-17.96044921875,"Unknown"
"5020567",378626,2026-04-12 15:11:55,28.8739337921143,-17.9623756408691,"Unknown"
"5020567",378626,2026-04-12 15:17:14,28.8726768493652,-17.9660053253174,"Unknown"
"5020567",378626,2026-04-12 15:21:55,28.8716278076172,-17.9646968841553,"Unknown"
"5020567",378626,2026-04-12 15:26:57,28.8696746826172,-17.9633655548096,"Unknown"
"5020567",378626,2026-04-12 15:31:56,28.8694267272949,-17.9615745544434,"Unknown"
"5020567",378626,2026-04-12 15:36:56,28.8684005737305,-17.9604892730713,"Unknown"
"5020567",378626,2026-04-12 15:41:57,28.8679809570312,-17.9588184356689,"Unknown"
"5020567",378626,2026-04-12 15:46:56,28.8698062896729,-17.9578342437744,"Unknown"
"5020567",378626,2026-04-12 15:51:56,28.8722743988037,-17.9566211700439,"Unknown"
"5020567",378626,2026-04-12 15:56:56,28.8707809448242,-17.9586811065674,"Unknown"
"5020567",378626,2026-04-12 16:01:56,28.8724365234375,-17.9610958099365,"Unknown"
"5020567",378626,2026-04-12 16:06:56,28.873592376709,-17.9603176116943,"Unknown"
"5020567",378626,2026-04-12 16:11:56,28.8733596801758,-17.9606666564941,"Unknown"
"5020567",378626,2026-04-12 16:16:56,28.873592376709,-17.9607601165771,"Unknown"
"5020567",378626,2026-04-12 16:21:57,28.8746128082275,-17.9570026397705,"Unknown"
"5020567",378626,2026-04-12 16:26:55,28.8662853240967,-17.9460906982422,"Unknown"
"5020567",378626,2026-04-12 16:31:57,28.8700275421143,-17.9407176971436,"Unknown"
"5020567",378626,2026-04-12 16:36:56,28.8695793151855,-17.9287204742432,"Unknown"
"5020567",378626,2026-04-12 16:41:55,28.8728828430176,-17.9195728302002,"Unknown"
"5020567",378626,2026-04-12 16:46:56,28.872989654541,-17.9070854187012,"Unknown"
"5020567",378626,2026-04-12 16:51:56,28.8708343505859,-17.8933353424072,"Unknown"
"5020567",378626,2026-04-12 16:56:56,28.8690204620361,-17.8804035186768,"Unknown"
"5020567",378626,2026-04-12 17:08:21,28.8623447418213,-17.8508358001709,"Unknown"
"5020567",378626,2026-04-12 17:12:17,28.8561553955078,-17.8410110473633,"Unknown"
"5020567",378626,2026-04-12 17:16:59,28.8532733917236,-17.8291091918945,"Unknown"
"5020567",378626,2026-04-12 17:17:56,28.8537445068359,-17.8259334564209,"Unknown"
"5020567",378626,2026-04-12 17:18:56,28.8551120758057,-17.824893951416,"Unknown"
"5020567",378626,2026-04-12 17:19:57,28.8570976257324,-17.8230934143066,"Unknown"
"5020567",378626,2026-04-12 17:20:56,28.8590888977051,-17.8227863311768,"Unknown"
"5020567",378626,2026-04-12 17:21:57,28.8593063354492,-17.8197937011719,"Unknown"
"5020567",378626,2026-04-12 17:22:56,28.8591384887695,-17.8175811767578,"Unknown"
"5020567",378626,2026-04-12 17:23:57,28.8591213226318,-17.8177299499512,"Unknown"
"5020567",378626,2026-04-12 17:24:56,28.859130859375,-17.8178539276123,"Unknown"
"5020567",378626,2026-04-12 17:25:56,28.8590965270996,-17.8180046081543,"Unknown"
"5020567",378626,2026-04-12 17:26:58,28.8590755462646,-17.8181686401367,"Unknown"
"5020567",378626,2026-04-12 17:27:57,28.8590984344482,-17.818395614624,"Unknown"
"5020567",378626,2026-04-12 17:28:56,28.8590412139893,-17.8185920715332,"Unknown"
"5020567",378626,2026-04-12 17:29:56,28.8590259552002,-17.8187694549561,"Unknown"
"5020567",378626,2026-04-12 17:31:00,28.8589630126953,-17.8189468383789,"Unknown"
"5020567",378626,2026-04-12 17:31:57,28.8589248657227,-17.8190326690674,"Unknown"
"5020567",378626,2026-04-12 17:32:56,28.8589038848877,-17.8191928863525,"Unknown"
"5020567",378626,2026-04-12 17:33:57,28.8589534759521,-17.8194026947021,"Unknown"
"5020567",378626,2026-04-12 17:34:58,28.8589839935303,-17.8195457458496,"Unknown"
"5020567",378626,2026-04-12 17:36:01,28.8589859008789,-17.8197174072266,"Unknown"
"5020567",378626,2026-04-12 17:36:57,28.8589935302734,-17.8198719024658,"Unknown"
"5020567",378626,2026-04-12 17:37:56,28.8589839935303,-17.820011138916,"Unknown"
"5020567",378626,2026-04-12 17:38:58,28.8589668273926,-17.8201713562012,"Unknown"
"5020567",378626,2026-04-12 17:39:57,28.8589382171631,-17.8202819824219,"Unknown"
"5020567",378626,2026-04-12 17:40:58,28.858922958374,-17.820426940918,"Unknown"
"5020567",378626,2026-04-12 17:41:57,28.8589210510254,-17.8205718994141,"Unknown"
"5020567",378626,2026-04-12 17:42:58,28.8589115142822,-17.8206958770752,"Unknown"
"5020567",378626,2026-04-12 17:43:59,28.8588790893555,-17.8207893371582,"Unknown"
"5020567",378626,2026-04-12 17:44:57,28.8588199615479,-17.8208999633789,"Unknown"
"5020567",378626,2026-04-12 17:45:58,28.8587779998779,-17.8210144042969,"Unknown"
"5020567",378626,2026-04-12 17:46:56,28.8595790863037,-17.8214778900146,"Unknown"
"5020567",378626,2026-04-12 17:47:57,28.8647003173828,-17.8232898712158,"Unknown"
"5020567",378626,2026-04-12 17:48:56,28.8634872436523,-17.8202419281006,"Unknown"
"5020567",378626,2026-04-12 17:53:56,28.8552074432373,-17.8057060241699,"Unknown"
"5020567",378626,2026-04-12 18:19:35,28.7902088165283,-17.7287197113037,"Unknown"
"5020567",378626,2026-04-12 18:19:55,28.7902355194092,-17.7287521362305,"Unknown"
"5020567",378626,2026-04-12 18:20:56,28.7902317047119,-17.7287902832031,"Unknown"
"5020567",378626,2026-04-12 18:21:55,28.7902202606201,-17.7288780212402,"Unknown"
"5020567",378626,2026-04-12 18:22:55,28.7901935577393,-17.7289962768555,"Unknown"
"5020567",378626,2026-04-12 18:23:55,28.790189743042,-17.729133605957,"Unknown"
"5020567",378626,2026-04-12 18:24:56,28.7901859283447,-17.7291526794434,"Unknown"
"5020567",378626,2026-04-12 18:25:55,28.7902183532715,-17.7292900085449,"Unknown"
"5020567",378626,2026-04-12 18:26:55,28.7902183532715,-17.7294464111328,"Unknown"
"5020567",378626,2026-04-12 18:27:55,28.7902526855469,-17.7295207977295,"Unknown"
"5020567",378626,2026-04-12 18:28:56,28.790246963501,-17.7296009063721,"Unknown"
"5020567",378626,2026-04-12 18:29:55,28.7902851104736,-17.7297286987305,"Unknown"
"5020567",378626,2026-04-12 18:30:55,28.790319442749,-17.7298526763916,"Unknown"
"5020567",378626,2026-04-12 18:31:55,28.7903251647949,-17.7299537658691,"Unknown"
"5020567",378626,2026-04-12 18:32:55,28.7903175354004,-17.730073928833,"Unknown"
"5020567",378626,2026-04-12 18:33:55,28.790355682373,-17.7302131652832,"Unknown"
"5020567",378626,2026-04-12 18:34:56,28.7903633117676,-17.7303237915039,"Unknown"
"5020567",378626,2026-04-12 18:35:55,28.7903785705566,-17.7304344177246,"Unknown"
"5020567",378626,2026-04-12 18:36:55,28.7903614044189,-17.730541229248,"Unknown"
"5020567",378626,2026-04-12 18:37:56,28.7903823852539,-17.7306308746338,"Unknown"
"5020567",378626,2026-04-12 18:38:56,28.7903633117676,-17.7307872772217,"Unknown"
"5020567",378626,2026-04-12 18:39:56,28.7903366088867,-17.7309226989746,"Unknown"
"5020567",378626,2026-04-12 18:40:56,28.7903232574463,-17.7310256958008,"Unknown"
"5020567",378626,2026-04-12 18:41:55,28.7903308868408,-17.7311744689941,"Unknown"
"5020567",378626,2026-04-12 18:42:56,28.7903156280518,-17.7313232421875,"Unknown"
"5020567",378626,2026-04-12 18:43:55,28.7890815734863,-17.7302207946777,"Unknown"
"5020567",378626,2026-04-12 18:44:55,28.7890872955322,-17.7303562164307,"Unknown"
"5020567",378626,2026-04-12 18:45:56,28.7890644073486,-17.7304916381836,"Unknown"
"5020567",378626,2026-04-12 18:46:55,28.7890777587891,-17.7306041717529,"Unknown"
"5020567",378626,2026-04-12 18:47:55,28.789119720459,-17.7307434082031,"Unknown"
"5020567",378626,2026-04-12 18:48:55,28.7891731262207,-17.7308883666992,"Unknown"
"5020567",378626,2026-04-12 18:49:56,28.7892265319824,-17.731029510498,"Unknown"
"5020567",378626,2026-04-12 18:50:55,28.7892475128174,-17.7311668395996,"Unknown"
"5020567",378626,2026-04-12 18:51:56,28.7886009216309,-17.7308979034424,"Unknown"
"5020567",378626,2026-04-12 18:52:55,28.7829627990723,-17.7281875610352,"Unknown"
"5020567",378626,2026-04-12 18:53:56,28.7787265777588,-17.7326774597168,"Unknown"
"5020567",378626,2026-04-12 18:54:55,28.7787952423096,-17.7326126098633,"Unknown"
"5020567",378626,2026-04-12 18:55:56,28.7789497375488,-17.7326793670654,"Unknown"
"5020567",378626,2026-04-12 18:56:55,28.7789821624756,-17.7328872680664,"Unknown"
"5020567",378626,2026-04-12 18:58:00,28.7791156768799,-17.7329540252686,"Unknown"
"5020567",378626,2026-04-12 18:59:02,28.7791576385498,-17.7330627441406,"Unknown"
"5020567",378626,2026-04-12 18:59:56,28.7796802520752,-17.7339782714844,"Unknown"
"5020567",378626,2026-04-12 19:00:56,28.7796669006348,-17.7340278625488,"Unknown"
"5020567",378626,2026-04-12 19:01:56,28.7794036865234,-17.7332801818848,"Unknown"
"5020567",378626,2026-04-12 19:02:55,28.7794704437256,-17.7334499359131,"Unknown"
"5020567",378626,2026-04-12 19:03:56,28.7795295715332,-17.7335815429688,"Unknown"
"5020567",378626,2026-04-12 19:04:56,28.7796039581299,-17.7337093353271,"Unknown"
"5020567",378626,2026-04-12 19:05:56,28.7835502624512,-17.7366828918457,"Unknown"
"5020567",378626,2026-04-12 19:06:55,28.784610748291,-17.7348403930664,"Unknown"
"5020567",378626,2026-04-12 19:07:56,28.7848434448242,-17.7345218658447,"Unknown"
"5020567",378626,2026-04-12 19:08:56,28.7880668640137,-17.7334976196289,"Unknown"
"5020567",378626,2026-04-12 19:09:58,28.7894859313965,-17.7333641052246,"Unknown"
"5020567",378626,2026-04-12 19:10:56,28.7894973754883,-17.7335357666016,"Unknown"
"5020567",378626,2026-04-12 19:12:00,28.7897644042969,-17.7340641021729,"Unknown"
"5020567",378626,2026-04-12 19:13:05,28.7900905609131,-17.734224319458,"Unknown"
"5020567",378626,2026-04-12 19:13:56,28.7901420593262,-17.7344760894775,"Unknown"
"5020567",378626,2026-04-12 19:14:55,28.7903118133545,-17.7349758148193,"Unknown"
"5020567",378626,2026-04-12 19:15:56,28.7896728515625,-17.7342910766602,"Unknown"
"5020567",378626,2026-04-12 19:16:55,28.7897319793701,-17.7343788146973,"Unknown"
"5020567",378626,2026-04-12 19:17:56,28.7900981903076,-17.7343692779541,"Unknown"
"5020567",378626,2026-04-12 19:18:55,28.7901554107666,-17.7344341278076,"Unknown"
"5020567",378626,2026-04-12 19:19:55,28.790210723877,-17.7345428466797,"Unknown"
"5020567",378626,2026-04-12 19:20:55,28.7902202606201,-17.7346420288086,"Unknown"
"5020567",378626,2026-04-12 19:21:55,28.791166305542,-17.7349987030029,"Unknown"
"5020567",378626,2026-04-12 19:22:55,28.7894248962402,-17.7382164001465,"Unknown"
"5020567",378626,2026-04-12 19:23:55,28.7850303649902,-17.7342205047607,"Unknown"
"5020567",378626,2026-04-12 19:24:55,28.7862453460693,-17.7341594696045,"Unknown"
"5020567",378626,2026-04-12 19:25:56,28.786600112915,-17.734260559082,"Unknown"
"5020567",378626,2026-04-12 19:26:55,28.7871341705322,-17.7342948913574,"Unknown"
"5020567",378626,2026-04-12 19:27:55,28.7887172698975,-17.7341461181641,"Unknown"
"5020567",378626,2026-04-12 19:28:55,28.7891960144043,-17.7385940551758,"Unknown"
"5020567",378626,2026-04-12 19:29:55,28.7935085296631,-17.7416439056396,"Unknown"
"5020567",378626,2026-04-12 19:30:55,28.7940673828125,-17.7417297363281,"Unknown"
"5020567",378626,2026-04-12 19:32:12,28.7940883636475,-17.741792678833,"Unknown"
"5020567",378626,2026-04-12 19:32:58,28.7941913604736,-17.7418727874756,"Unknown"
"5020567",378626,2026-04-12 19:33:55,28.7942295074463,-17.7417488098145,"Unknown"
"5020567",378626,2026-04-12 19:35:05,28.7943515777588,-17.7419204711914,"Unknown"
"5020567",378626,2026-04-12 19:35:55,28.7943325042725,-17.7418880462646,"Unknown"
"5020567",378626,2026-04-12 19:37:01,28.7944946289062,-17.7419834136963,"Unknown"
"5020567",378626,2026-04-12 19:37:55,28.7945613861084,-17.7420673370361,"Unknown"
"5020567",378626,2026-04-12 19:38:55,28.7946166992188,-17.742151260376,"Unknown"
"5020567",378626,2026-04-12 19:39:55,28.79465675354,-17.7422351837158,"Unknown"
"5020567",378626,2026-04-12 19:40:55,28.7946968078613,-17.7422409057617,"Unknown"
"5020567",378626,2026-04-12 19:41:55,28.7947540283203,-17.7423057556152,"Unknown"
"5020567",378626,2026-04-12 19:43:05,28.7952327728271,-17.7425346374512,"Unknown"
"5020567",378626,2026-04-12 19:43:55,28.7952327728271,-17.7425289154053,"Unknown"
"5020567",378626,2026-04-12 19:44:57,28.7968502044678,-17.7417888641357,"Unknown"
"5020567",378626,2026-04-12 19:45:55,28.7945899963379,-17.7411689758301,"Unknown"
"5020567",378626,2026-04-12 19:46:55,28.7913303375244,-17.7394123077393,"Unknown"
"5020567",378626,2026-04-12 19:47:55,28.7936363220215,-17.7373485565186,"Unknown"
"5020567",378626,2026-04-12 19:48:55,28.7882347106934,-17.7347984313965,"Unknown"
"5020567",378626,2026-04-12 19:49:55,28.7816562652588,-17.7337188720703,"Unknown"
"5020567",378626,2026-04-12 19:50:56,28.7816467285156,-17.7338371276855,"Unknown"
"5020567",378626,2026-04-12 19:51:55,28.7816066741943,-17.7340145111084,"Unknown"
"5020567",378626,2026-04-12 19:52:55,28.7793006896973,-17.7315273284912,"Unknown"
"5020567",378626,2026-04-12 19:53:55,28.7751655578613,-17.7293395996094,"Unknown"
"5020567",378626,2026-04-12 19:54:55,28.7698040008545,-17.7269706726074,"Unknown"
"5020567",378626,2026-04-12 19:55:55,28.7650165557861,-17.7238826751709,"Unknown"
"5020567",378626,2026-04-12 19:56:55,28.7606258392334,-17.7210559844971,"Unknown"
"5020567",378626,2026-04-12 20:01:55,28.7298107147217,-17.7109813690186,"Unknown"
"5020567",378626,2026-04-12 20:06:56,28.7199287414551,-17.7209892272949,"Unknown"
"5020567",378626,2026-04-12 20:11:55,28.7196578979492,-17.7215995788574,"Unknown"
"5020567",378626,2026-04-12 20:16:55,28.719310760498,-17.7219390869141,"Unknown"
"5020567",378626,2026-04-12 20:21:56,28.71923828125,-17.7219219207764,"Unknown"
"5020567",378626,2026-04-12 20:26:55,28.7191390991211,-17.7218589782715,"Unknown"
"5020567",378626,2026-04-12 20:31:56,28.7190761566162,-17.7218475341797,"Unknown"
"5020567",378626,2026-04-12 20:36:56,28.719066619873,-17.7218132019043,"Unknown"
"5020567",378626,2026-04-12 20:41:56,28.7190856933594,-17.7216739654541,"Unknown"
"5020567",378626,2026-04-12 20:46:56,28.7191104888916,-17.7221240997314,"Unknown"
"5020567",378626,2026-04-12 20:51:57,28.7191829681396,-17.7220592498779,"Unknown"
"5020567",378626,2026-04-12 20:56:57,28.7192268371582,-17.7219429016113,"Unknown"
"5020567",378626,2026-04-12 21:02:17,28.7193393707275,-17.7218570709229,"Unknown"
"5020567",378626,2026-04-12 21:06:57,28.7194156646729,-17.721851348877,"Unknown"
"5020567",378626,2026-04-12 21:11:57,28.7194786071777,-17.7218589782715,"Unknown"
"5020567",378626,2026-04-12 21:16:57,28.7195053100586,-17.7220630645752,"Unknown"
"5020567",378626,2026-04-12 21:21:56,28.7195014953613,-17.7222232818604,"Unknown"
"5020567",378626,2026-04-12 21:26:56,28.7064094543457,-17.7366485595703,"Unknown"
"5020567",378626,2026-04-12 21:31:57,28.697639465332,-17.7414855957031,"Unknown"
"5020567",378626,2026-04-12 21:32:56,28.6955833435059,-17.7449264526367,"Unknown"
"5020567",378626,2026-04-12 21:33:55,28.6935043334961,-17.7490978240967,"Unknown"
"5020567",378626,2026-04-12 21:34:55,28.6960792541504,-17.7529335021973,"Unknown"
"5020567",378626,2026-04-12 21:35:56,28.6980876922607,-17.7572174072266,"Unknown"
"5020567",378626,2026-04-12 21:36:56,28.7014789581299,-17.7602519989014,"Unknown"
"5020567",378626,2026-04-12 21:37:56,28.7051219940186,-17.7597007751465,"Unknown"
"5020567",378626,2026-04-12 21:38:55,28.7097816467285,-17.7573738098145,"Unknown"
"5020567",378626,2026-04-12 21:39:56,28.714334487915,-17.7581348419189,"Unknown"
"5020567",378626,2026-04-12 21:41:26,28.7195320129395,-17.7627410888672,"Unknown"
"5020567",378626,2026-04-12 21:41:56,28.7202739715576,-17.7628955841064,"Unknown"
"5020567",378626,2026-04-12 21:43:18,28.7195777893066,-17.7641086578369,"Unknown"
"5020567",378626,2026-04-12 21:44:00,28.719612121582,-17.7640972137451,"Unknown"
"5020567",378626,2026-04-12 21:45:03,28.7204437255859,-17.7633323669434,"Unknown"
"5020567",378626,2026-04-13 09:56:26,28.8394165039062,-17.9875431060791,"Unknown"
"5020567",378626,2026-04-13 10:15:58,28.8407726287842,-17.9887752532959,"Unknown"
"5020567",378626,2026-04-13 10:35:56,28.8434944152832,-17.9898872375488,"Unknown"
"5020567",378626,2026-04-13 10:55:56,28.8462600708008,-17.9904174804688,"Unknown"
"5020567",378626,2026-04-13 11:05:56,28.8479652404785,-17.9907131195068,"Unknown"
"5020567",378626,2026-04-13 11:15:58,28.8494892120361,-17.9911575317383,"Unknown"
"5020567",378626,2026-04-13 11:25:59,28.8399467468262,-17.9795360565186,"Unknown"
"5020567",378626,2026-04-13 11:36:03,28.8445301055908,-17.9742755889893,"Unknown"
"5020567",378626,2026-04-13 11:47:21,28.8533210754395,-17.970006942749,"Unknown"
"5020567",378626,2026-04-13 11:48:31,28.8523082733154,-17.9686393737793,"Unknown"
"5020567",378626,2026-04-13 11:57:27,28.8526268005371,-17.969367980957,"Unknown"
"5020567",378626,2026-04-13 11:58:26,28.8526878356934,-17.969425201416,"Unknown"
"5020567",378626,2026-04-13 11:59:26,28.8527755737305,-17.9695281982422,"Unknown"
"5020567",378626,2026-04-13 12:00:57,28.852840423584,-17.9695816040039,"Unknown"
"5020567",378626,2026-04-13 12:01:26,28.8528575897217,-17.9696311950684,"Unknown"
"5020567",378626,2026-04-13 12:02:26,28.8529052734375,-17.9697303771973,"Unknown"
"5020567",378626,2026-04-13 12:03:26,28.8529605865479,-17.9697895050049,"Unknown"
"5020567",378626,2026-04-13 12:04:26,28.8530406951904,-17.9698829650879,"Unknown"
"5020567",378626,2026-04-13 12:05:26,28.8530807495117,-17.9699687957764,"Unknown"
"5020567",378626,2026-04-13 12:06:26,28.8530941009521,-17.9701118469238,"Unknown"
"5020567",378626,2026-04-13 12:07:25,28.8530921936035,-17.9701862335205,"Unknown"
"5020567",378626,2026-04-13 12:08:26,28.8531475067139,-17.9702548980713,"Unknown"
"5020567",378626,2026-04-13 12:09:26,28.8531742095947,-17.9702625274658,"Unknown"
"5020567",378626,2026-04-13 12:10:26,28.8531951904297,-17.9703178405762,"Unknown"
"5020567",378626,2026-04-13 12:11:26,28.8531894683838,-17.9703044891357,"Unknown"
"5020567",378626,2026-04-13 12:12:26,28.8531932830811,-17.9703598022461,"Unknown"
"5020567",378626,2026-04-13 12:13:26,28.8532238006592,-17.9704151153564,"Unknown"
"5020567",378626,2026-04-13 12:14:26,28.8532543182373,-17.9704895019531,"Unknown"
"5020567",378626,2026-04-13 12:15:26,28.8533000946045,-17.9705638885498,"Unknown"
"5020567",378626,2026-04-13 12:16:26,28.8533172607422,-17.9706401824951,"Unknown"
"5020567",378626,2026-04-13 12:17:26,28.8533668518066,-17.9706916809082,"Unknown"
"5020567",378626,2026-04-13 12:18:26,28.853458404541,-17.9707832336426,"Unknown"
"5020567",378626,2026-04-13 12:19:26,28.8535385131836,-17.9708766937256,"Unknown"
"5020567",378626,2026-04-13 12:20:26,28.8535861968994,-17.9710216522217,"Unknown"
"5020567",378626,2026-04-13 12:21:26,28.8536396026611,-17.9711284637451,"Unknown"
"5020567",378626,2026-04-13 12:22:26,28.8536815643311,-17.971248626709,"Unknown"
"5020567",378626,2026-04-13 12:23:26,28.8537349700928,-17.9713363647461,"Unknown"
"5020567",378626,2026-04-13 12:24:26,28.85373878479,-17.9714641571045,"Unknown"
"5020567",378626,2026-04-13 12:25:26,28.8537578582764,-17.9715690612793,"Unknown"
"5020567",378626,2026-04-13 12:26:26,28.8537845611572,-17.9716777801514,"Unknown"
"5020567",378626,2026-04-13 12:27:26,28.8538341522217,-17.9717502593994,"Unknown"
"5020567",378626,2026-04-13 12:28:26,28.8538455963135,-17.9718475341797,"Unknown"
"5020567",378626,2026-04-13 12:29:26,28.8538837432861,-17.9719676971436,"Unknown"
"5020567",378626,2026-04-13 12:30:26,28.853946685791,-17.9720668792725,"Unknown"
"5020567",378626,2026-04-13 12:31:26,28.8539714813232,-17.9721755981445,"Unknown"
"5020567",378626,2026-04-13 12:32:26,28.8539752960205,-17.9723129272461,"Unknown"
"5020567",378626,2026-04-13 12:33:26,28.8540344238281,-17.9723358154297,"Unknown"
"5020567",378626,2026-04-13 12:34:26,28.8539924621582,-17.9701995849609,"Unknown"
"5020567",378626,2026-04-13 12:35:26,28.8582000732422,-17.9699306488037,"Unknown"
"5020567",378626,2026-04-13 12:36:26,28.860803604126,-17.9679660797119,"Unknown"
"5020567",378626,2026-04-13 12:37:26,28.862642288208,-17.9673843383789,"Unknown"
"5020567",378626,2026-04-13 12:38:26,28.8632354736328,-17.967845916748,"Unknown"
"5020567",378626,2026-04-13 12:43:28,28.8634929656982,-17.9591808319092,"Unknown"
"5020567",378626,2026-04-13 12:48:27,28.862865447998,-17.952241897583,"Unknown"
"5020567",378626,2026-04-13 12:53:26,28.8600788116455,-17.9470977783203,"Unknown"
"5020567",378626,2026-04-13 12:58:28,28.860860824585,-17.9501399993896,"Unknown"
"5020567",378626,2026-04-13 12:59:26,28.8634262084961,-17.9491882324219,"Unknown"
"5020567",378626,2026-04-13 13:00:27,28.8670825958252,-17.9489822387695,"Unknown"
"5020567",378626,2026-04-13 13:05:29,28.8808345794678,-17.9458713531494,"Unknown"
"5020567",378626,2026-04-13 13:10:28,28.8916168212891,-17.9420967102051,"Unknown"
"5020567",378626,2026-04-13 13:15:27,28.8931159973145,-17.9414691925049,"Unknown"
"5020567",378626,2026-04-13 13:20:29,28.8937644958496,-17.9473476409912,"Unknown"
"5020567",378626,2026-04-13 13:25:29,28.8959407806396,-17.9436836242676,"Unknown"
"5020567",378626,2026-04-13 13:30:26,28.8938369750977,-17.935266494751,"Unknown"
"5020567",378626,2026-04-13 13:35:28,28.8821754455566,-17.9250659942627,"Unknown"
"5020567",378626,2026-04-13 13:40:27,28.8706874847412,-17.9139575958252,"Unknown"
"5020567",378626,2026-04-13 13:45:28,28.8686656951904,-17.9031963348389,"Unknown"
"5020567",378626,2026-04-13 13:50:29,28.8750839233398,-17.9071731567383,"Unknown"
"5020567",378626,2026-04-13 13:55:27,28.8781280517578,-17.9052028656006,"Unknown"
"5020567",378626,2026-04-13 14:00:29,28.878324508667,-17.9058609008789,"Unknown"
"5020567",378626,2026-04-13 14:05:28,28.8787937164307,-17.9066619873047,"Unknown"
"5020567",378626,2026-04-13 14:10:26,28.872594833374,-17.9029064178467,"Unknown"
"5020567",378626,2026-04-13 14:15:26,28.8723793029785,-17.9035396575928,"Unknown"
"5020567",378626,2026-04-13 14:20:29,28.870885848999,-17.9068260192871,"Unknown"
"5020567",378626,2026-04-13 14:25:29,28.8715629577637,-17.9098033905029,"Unknown"
"5020567",378626,2026-04-13 14:35:57,28.8768539428711,-17.9066619873047,"Unknown"
"5020567",378626,2026-04-13 14:40:35,28.8803634643555,-17.9056129455566,"Unknown"
"5020567",378626,2026-04-13 14:45:26,28.8813323974609,-17.9067878723145,"Unknown"
"5020567",378626,2026-04-13 14:50:29,28.8797702789307,-17.9066333770752,"Unknown"
"5020567",378626,2026-04-13 14:55:28,28.8801517486572,-17.9064636230469,"Unknown"
"5020567",378626,2026-04-13 15:00:30,28.8805541992188,-17.9074363708496,"Unknown"
"5020567",378626,2026-04-13 15:05:31,28.8808917999268,-17.9082679748535,"Unknown"
"5020567",378626,2026-04-13 15:10:26,28.8818035125732,-17.9079151153564,"Unknown"
"5020567",378626,2026-04-13 15:15:26,28.8818626403809,-17.9090480804443,"Unknown"
"5020567",378626,2026-04-13 15:20:26,28.8821392059326,-17.9102268218994,"Unknown"
"5020567",378626,2026-04-13 15:25:26,28.8823146820068,-17.9114685058594,"Unknown"
"5020567",378626,2026-04-13 15:30:28,28.8826007843018,-17.9126434326172,"Unknown"
"5020567",378626,2026-04-13 15:35:28,28.8809032440186,-17.9159622192383,"Unknown"
"5020567",378626,2026-04-13 15:40:28,28.8810539245605,-17.9176654815674,"Unknown"
"5020567",378626,2026-04-13 15:45:26,28.8810195922852,-17.9192142486572,"Unknown"
"5020567",378626,2026-04-13 15:50:26,28.8808689117432,-17.9205207824707,"Unknown"
"5020567",378626,2026-04-13 15:55:26,28.8813285827637,-17.9212684631348,"Unknown"
"5020567",378626,2026-04-13 16:01:51,28.8829040527344,-17.9128379821777,"Unknown"
"5020567",378626,2026-04-13 16:06:51,28.880558013916,-17.9081287384033,"Unknown"
"5020567",378626,2026-04-13 16:11:47,28.8774528503418,-17.9013214111328,"Unknown"
"5020567",378626,2026-04-13 16:15:26,28.8793621063232,-17.901554107666,"Unknown"
"5020567",378626,2026-04-13 16:20:28,28.8781719207764,-17.9041271209717,"Unknown"
"5020567",378626,2026-04-13 16:25:27,28.8710079193115,-17.8973217010498,"Unknown"
"5020567",378626,2026-04-13 16:30:28,28.8696975708008,-17.8911056518555,"Unknown"
"5020567",378626,2026-04-13 16:35:28,28.8684120178223,-17.8828544616699,"Unknown"
"5020567",378626,2026-04-13 16:40:26,28.8746433258057,-17.8739967346191,"Unknown"
"5020567",378626,2026-04-13 16:45:26,28.8795318603516,-17.8663082122803,"Unknown"
"5020567",378626,2026-04-13 16:50:27,28.8751640319824,-17.8592338562012,"Unknown"
"5020567",378626,2026-04-13 16:55:29,28.8623294830322,-17.8498706817627,"Unknown"
"5020567",378626,2026-04-13 17:00:27,28.8609466552734,-17.8511447906494,"Unknown"
"5020567",378626,2026-04-13 17:05:28,28.8607597351074,-17.852481842041,"Unknown"
"5020567",378626,2026-04-13 17:06:25,28.8607215881348,-17.8527393341064,"Unknown"
"5020567",378626,2026-04-13 17:07:28,28.8607597351074,-17.8529891967773,"Unknown"
"5020567",378626,2026-04-13 17:08:28,28.8607578277588,-17.8532562255859,"Unknown"
"5020567",378626,2026-04-13 17:09:28,28.8607215881348,-17.853494644165,"Unknown"
"5020567",378626,2026-04-13 17:10:25,28.8607215881348,-17.8537139892578,"Unknown"
"5020567",378626,2026-04-13 17:11:28,28.8607273101807,-17.8539657592773,"Unknown"
"5020567",378626,2026-04-13 17:12:28,28.8607368469238,-17.8542003631592,"Unknown"
"5020567",378626,2026-04-13 17:13:28,28.8607425689697,-17.8544788360596,"Unknown"
"5020567",378626,2026-04-13 17:14:28,28.8607063293457,-17.8547286987305,"Unknown"
"5020567",378626,2026-04-13 17:15:28,28.8606605529785,-17.8549995422363,"Unknown"
"5020567",378626,2026-04-13 17:16:27,28.8606147766113,-17.8552398681641,"Unknown"
"5020567",378626,2026-04-13 17:17:28,28.8605709075928,-17.855504989624,"Unknown"
"5020567",378626,2026-04-13 17:18:28,28.8605937957764,-17.855676651001,"Unknown"
"5020567",378626,2026-04-13 17:19:28,28.8605766296387,-17.8559055328369,"Unknown"
"5020567",378626,2026-04-13 17:20:25,28.8605461120605,-17.8560562133789,"Unknown"
"5020567",378626,2026-04-13 17:21:26,28.8605213165283,-17.8562641143799,"Unknown"
"5020567",378626,2026-04-13 17:22:26,28.8605213165283,-17.856502532959,"Unknown"
"5020567",378626,2026-04-13 17:23:26,28.8604888916016,-17.8566932678223,"Unknown"
"5020567",378626,2026-04-13 17:24:27,28.8604736328125,-17.8569107055664,"Unknown"
"5020567",378626,2026-04-13 17:25:26,28.8604354858398,-17.8571453094482,"Unknown"
"5020567",378626,2026-04-13 17:26:26,28.8604507446289,-17.8573398590088,"Unknown"
"5020567",378626,2026-04-13 17:27:27,28.8604755401611,-17.8575210571289,"Unknown"
"5020567",378626,2026-04-13 17:28:27,28.8604507446289,-17.8576889038086,"Unknown"
"5020567",378626,2026-04-13 17:29:26,28.8604526519775,-17.8578872680664,"Unknown"
"5020567",378626,2026-04-13 17:30:26,28.8604202270508,-17.8580627441406,"Unknown"
"5020567",378626,2026-04-13 17:31:28,28.8603458404541,-17.8583354949951,"Unknown"
"5020567",378626,2026-04-13 17:32:26,28.860294342041,-17.8585300445557,"Unknown"
"5020567",378626,2026-04-13 17:33:27,28.8602313995361,-17.858772277832,"Unknown"
"5020567",378626,2026-04-13 17:34:27,28.8602600097656,-17.8589515686035,"Unknown"
"5020567",378626,2026-04-13 17:35:26,28.8602714538574,-17.8591442108154,"Unknown"
"5020567",378626,2026-04-13 17:36:26,28.8602619171143,-17.8593864440918,"Unknown"
"5020567",378626,2026-04-13 17:37:25,28.8602714538574,-17.8595275878906,"Unknown"
"5020567",378626,2026-04-13 17:38:27,28.860279083252,-17.8597087860107,"Unknown"
"5020567",378626,2026-04-13 17:39:27,28.8602619171143,-17.8598861694336,"Unknown"
"5020567",378626,2026-04-13 17:40:28,28.8602447509766,-17.8600616455078,"Unknown"
"5020567",378626,2026-04-13 17:41:28,28.8602676391602,-17.8602542877197,"Unknown"
"5020567",378626,2026-04-13 17:42:26,28.8602561950684,-17.8604297637939,"Unknown"
"5020567",378626,2026-04-13 17:43:27,28.860221862793,-17.8606472015381,"Unknown"
"5020567",378626,2026-04-13 17:44:28,28.8602199554443,-17.8608875274658,"Unknown"
"5020567",378626,2026-04-13 17:45:28,28.8602561950684,-17.8610801696777,"Unknown"
"5020567",378626,2026-04-13 17:46:28,28.8602733612061,-17.8612689971924,"Unknown"
"5020567",378626,2026-04-13 17:47:28,28.8603019714355,-17.8613929748535,"Unknown"
"5020567",378626,2026-04-13 17:48:29,28.8603687286377,-17.861572265625,"Unknown"
"5020567",378626,2026-04-13 17:49:28,28.8603858947754,-17.8617343902588,"Unknown"
"5020567",378626,2026-04-13 17:50:28,28.8604068756104,-17.8619174957275,"Unknown"
"5020567",378626,2026-04-13 17:51:28,28.8604545593262,-17.8621082305908,"Unknown"
"5020567",378626,2026-04-13 17:52:28,28.8605117797852,-17.862247467041,"Unknown"
"5020567",378626,2026-04-13 17:53:27,28.8605327606201,-17.862455368042,"Unknown"
"5020567",378626,2026-04-13 17:54:28,28.8605861663818,-17.8626689910889,"Unknown"
"5020567",378626,2026-04-13 17:55:28,28.8607711791992,-17.8623847961426,"Unknown"
"5020567",378626,2026-04-13 17:56:25,28.8614044189453,-17.8619270324707,"Unknown"
"5020567",378626,2026-04-13 17:57:28,28.8624305725098,-17.8604679107666,"Unknown"
"5020567",378626,2026-04-13 17:58:25,28.8624668121338,-17.858455657959,"Unknown"
"5020567",378626,2026-04-13 18:39:51,28.8444576263428,-17.7610530853271,"Unknown"
"5020567",378626,2026-04-13 18:43:47,28.8447494506836,-17.7615737915039,"Unknown"
"5020567",378626,2026-04-13 18:44:26,28.844820022583,-17.7616710662842,"Unknown"
"5020567",378626,2026-04-13 18:45:26,28.8448925018311,-17.7618751525879,"Unknown"
"5020567",378626,2026-04-13 18:46:26,28.8449325561523,-17.7620391845703,"Unknown"
"5020567",378626,2026-04-13 18:47:26,28.8449783325195,-17.7622337341309,"Unknown"
"5020567",378626,2026-04-13 18:48:25,28.8449745178223,-17.7624206542969,"Unknown"
"5020567",378626,2026-04-13 18:49:26,28.8450355529785,-17.7625141143799,"Unknown"
"5020567",378626,2026-04-13 18:50:26,28.8450736999512,-17.7626876831055,"Unknown"
"5020567",378626,2026-04-13 18:51:33,28.8451385498047,-17.7628860473633,"Unknown"
"5020567",378626,2026-04-13 18:52:26,28.8458805084229,-17.7640743255615,"Unknown"
"5020567",378626,2026-04-13 18:53:26,28.8468399047852,-17.7647552490234,"Unknown"
"5020567",378626,2026-04-13 18:54:25,28.8469085693359,-17.7648868560791,"Unknown"
"5020567",378626,2026-04-13 18:55:26,28.8456878662109,-17.7640419006348,"Unknown"
"5020567",378626,2026-04-13 18:56:26,28.8428573608398,-17.7610607147217,"Unknown"
"5020567",378626,2026-04-13 18:57:26,28.8395652770996,-17.7593326568604,"Unknown"
"5020567",378626,2026-04-13 18:58:27,28.8359146118164,-17.7569999694824,"Unknown"
"5020567",378626,2026-04-13 18:59:26,28.8333187103271,-17.7549533843994,"Unknown"
"5020567",378626,2026-04-13 19:00:26,28.8297576904297,-17.7538032531738,"Unknown"
"5020567",378626,2026-04-13 19:01:26,28.8254070281982,-17.7528629302979,"Unknown"
"5020567",378626,2026-04-13 19:02:26,28.8200225830078,-17.7533931732178,"Unknown"
"5020567",378626,2026-04-13 19:03:26,28.8154544830322,-17.7514972686768,"Unknown"
"5020567",378626,2026-04-13 19:04:26,28.8103790283203,-17.7505416870117,"Unknown"
"5020567",378626,2026-04-13 19:05:26,28.8104610443115,-17.7506885528564,"Unknown"
"5020567",378626,2026-04-13 19:06:26,28.8106689453125,-17.7507839202881,"Unknown"
"5020567",378626,2026-04-13 19:07:26,28.8107891082764,-17.7508583068848,"Unknown"
"5020567",378626,2026-04-13 19:08:26,28.8109378814697,-17.7509059906006,"Unknown"
"5020567",378626,2026-04-13 19:09:26,28.811056137085,-17.7509899139404,"Unknown"
"5020567",378626,2026-04-13 19:10:26,28.8111610412598,-17.7510166168213,"Unknown"
"5020567",378626,2026-04-13 19:11:28,28.8112964630127,-17.7510852813721,"Unknown"
"5020567",378626,2026-04-13 19:12:26,28.8114166259766,-17.7511692047119,"Unknown"
"5020567",378626,2026-04-13 19:13:29,28.8115234375,-17.7512493133545,"Unknown"
"5020567",378626,2026-04-13 19:14:28,28.8116111755371,-17.7513256072998,"Unknown"
"5020567",378626,2026-04-13 19:15:26,28.8117504119873,-17.7513771057129,"Unknown"
"5020567",378626,2026-04-13 19:16:28,28.8118762969971,-17.7514572143555,"Unknown"
"5020567",378626,2026-04-13 19:17:28,28.8119831085205,-17.7514972686768,"Unknown"
"5020567",378626,2026-04-13 19:18:26,28.8121356964111,-17.7515869140625,"Unknown"
"5020567",378626,2026-04-13 19:19:26,28.8122234344482,-17.7516231536865,"Unknown"
"5020567",378626,2026-04-13 19:20:26,28.8123359680176,-17.7516918182373,"Unknown"
"5020567",378626,2026-04-13 19:21:26,28.8124523162842,-17.7517471313477,"Unknown"
"5020567",378626,2026-04-13 19:22:26,28.8125820159912,-17.7518272399902,"Unknown"
"5020567",378626,2026-04-13 19:23:26,28.8127193450928,-17.7519302368164,"Unknown"
"5020567",378626,2026-04-13 19:24:27,28.8128089904785,-17.7520656585693,"Unknown"
"5020567",378626,2026-04-13 19:25:27,28.8129692077637,-17.7521362304688,"Unknown"
"5020567",378626,2026-04-13 19:26:27,28.8130683898926,-17.7522125244141,"Unknown"
"5020567",378626,2026-04-13 19:27:27,28.8131618499756,-17.752326965332,"Unknown"
"5020567",378626,2026-04-13 19:28:28,28.813268661499,-17.7523956298828,"Unknown"
"5020567",378626,2026-04-13 19:29:26,28.8133754730225,-17.7524547576904,"Unknown"
"5020567",378626,2026-04-13 19:30:28,28.8134841918945,-17.7525386810303,"Unknown"
"5020567",378626,2026-04-13 19:31:27,28.8135948181152,-17.7526321411133,"Unknown"
"5020567",378626,2026-04-13 19:32:29,28.8137550354004,-17.7527465820312,"Unknown"
"5020567",378626,2026-04-13 19:33:28,28.8139247894287,-17.7528533935547,"Unknown"
"5020567",378626,2026-04-13 19:34:29,28.8140602111816,-17.7529335021973,"Unknown"
"5020567",378626,2026-04-13 19:35:29,28.8142318725586,-17.7530574798584,"Unknown"
"5020567",378626,2026-04-13 19:36:26,28.8143501281738,-17.7531700134277,"Unknown"
"5020567",378626,2026-04-13 19:37:26,28.8144664764404,-17.7532901763916,"Unknown"
"5020567",378626,2026-04-13 19:38:28,28.8146286010742,-17.7533740997314,"Unknown"
"5020567",378626,2026-04-13 19:39:28,28.8147506713867,-17.7534885406494,"Unknown"
"5020567",378626,2026-04-13 19:40:27,28.8149013519287,-17.7535781860352,"Unknown"
"5020567",378626,2026-04-13 19:41:26,28.8149528503418,-17.75368309021,"Unknown"
"5020567",378626,2026-04-13 19:42:26,28.8149967193604,-17.7537708282471,"Unknown"
"5020567",378626,2026-04-13 19:43:28,28.815055847168,-17.7538776397705,"Unknown"
"5020567",378626,2026-04-13 19:44:28,28.8151035308838,-17.7539978027344,"Unknown"
"5020567",378626,2026-04-13 19:45:27,28.8151798248291,-17.754077911377,"Unknown"
"5020567",378626,2026-04-13 19:46:27,28.8152770996094,-17.7541465759277,"Unknown"
"5020567",378626,2026-04-13 19:47:28,28.8154067993164,-17.7542285919189,"Unknown"
"5020567",378626,2026-04-13 19:48:27,28.8155574798584,-17.7543182373047,"Unknown"
"5020567",378626,2026-04-13 19:49:29,28.8156833648682,-17.7544059753418,"Unknown"
"5020567",378626,2026-04-13 19:50:26,28.8157691955566,-17.7545013427734,"Unknown"
"5020567",378626,2026-04-13 19:51:26,28.8158626556396,-17.754545211792,"Unknown"
"5020567",378626,2026-04-13 19:52:27,28.815938949585,-17.7546730041504,"Unknown"
"5020567",378626,2026-04-13 19:53:28,28.816047668457,-17.7548084259033,"Unknown"
"5020567",378626,2026-04-13 19:54:29,28.8161869049072,-17.7549343109131,"Unknown"
"5020567",378626,2026-04-13 19:55:30,28.8163108825684,-17.7550239562988,"Unknown"
"5020567",378626,2026-04-13 19:56:29,28.8164100646973,-17.7551345825195,"Unknown"
"5020567",378626,2026-04-13 19:57:26,28.8165512084961,-17.7552223205566,"Unknown"
"5020567",378626,2026-04-13 19:58:28,28.8166904449463,-17.7552909851074,"Unknown"
"5020567",378626,2026-04-13 19:59:26,28.8167896270752,-17.755428314209,"Unknown"
"5020567",378626,2026-04-13 20:00:29,28.8169212341309,-17.7555484771729,"Unknown"
"5020567",378626,2026-04-13 20:01:31,28.817024230957,-17.7556438446045,"Unknown"
"5020567",378626,2026-04-13 20:02:28,28.81711769104,-17.7557678222656,"Unknown"
"5020567",378626,2026-04-13 20:03:28,28.8172416687012,-17.7558574676514,"Unknown"
"5020567",378626,2026-04-13 20:04:28,28.8173789978027,-17.7560043334961,"Unknown"
"5020567",378626,2026-04-13 20:05:27,28.8175067901611,-17.7562351226807,"Unknown"
"5020567",378626,2026-04-13 20:06:30,28.8176574707031,-17.7563343048096,"Unknown"
"5020567",378626,2026-04-13 20:07:28,28.8177642822266,-17.7564010620117,"Unknown"
"5020567",378626,2026-04-13 20:08:30,28.8179225921631,-17.7565689086914,"Unknown"
"5020567",378626,2026-04-13 20:09:57,28.8180408477783,-17.7567195892334,"Unknown"
"5020567",378626,2026-04-13 20:10:25,28.8180980682373,-17.7567558288574,"Unknown"
"5020567",378626,2026-04-13 20:11:25,28.8182067871094,-17.7568664550781,"Unknown"
"5020567",378626,2026-04-13 20:12:26,28.8183059692383,-17.7569351196289,"Unknown"
"5020567",378626,2026-04-13 20:13:25,28.818431854248,-17.7569789886475,"Unknown"
"5020567",378626,2026-04-13 20:14:25,28.8185062408447,-17.7570381164551,"Unknown"
"5020567",378626,2026-04-13 20:15:26,28.8184204101562,-17.7570133209229,"Unknown"
"5020567",378626,2026-04-13 20:16:25,28.8161716461182,-17.7546443939209,"Unknown"
"5020567",378626,2026-04-13 20:17:25,28.8120765686035,-17.7530555725098,"Unknown"
"5020567",378626,2026-04-13 20:18:25,28.8069534301758,-17.7524261474609,"Unknown"
"5020567",378626,2026-04-13 20:19:25,28.8052444458008,-17.7522830963135,"Unknown"
"5020567",378626,2026-04-13 20:20:26,28.8053379058838,-17.7522811889648,"Unknown"
"5020567",378626,2026-04-13 20:21:25,28.8054656982422,-17.7523231506348,"Unknown"
"5020567",378626,2026-04-13 20:22:25,28.8055019378662,-17.7523498535156,"Unknown"
"5020567",378626,2026-04-13 20:23:26,28.8056468963623,-17.7523345947266,"Unknown"
"5020567",378626,2026-04-13 20:24:26,28.805685043335,-17.7523441314697,"Unknown"
"5020567",378626,2026-04-13 20:25:26,28.8057899475098,-17.7523212432861,"Unknown"
"5020567",378626,2026-04-13 20:26:26,28.8058834075928,-17.7523422241211,"Unknown"
"5020567",378626,2026-04-13 20:27:26,28.8059577941895,-17.7523803710938,"Unknown"
"5020567",378626,2026-04-13 20:28:26,28.8060932159424,-17.7524318695068,"Unknown"
"5020567",378626,2026-04-13 20:29:26,28.8062610626221,-17.7524337768555,"Unknown"
"5020567",378626,2026-04-13 20:30:26,28.8063850402832,-17.7524299621582,"Unknown"
"5020567",378626,2026-04-13 20:31:26,28.806510925293,-17.7524509429932,"Unknown"
"5020567",378626,2026-04-13 20:32:26,28.8065605163574,-17.752462387085,"Unknown"
"5020567",378626,2026-04-13 20:33:25,28.8066253662109,-17.7524948120117,"Unknown"
"5020567",378626,2026-04-13 20:34:26,28.8067493438721,-17.752498626709,"Unknown"
"5020567",378626,2026-04-13 20:35:26,28.8068771362305,-17.7525615692139,"Unknown"
"5020567",378626,2026-04-13 20:36:26,28.8069858551025,-17.7526416778564,"Unknown"
"5020567",378626,2026-04-13 20:37:25,28.8070259094238,-17.7526760101318,"Unknown"
"5020567",378626,2026-04-13 20:38:26,28.8070755004883,-17.752685546875,"Unknown"
"5020567",378626,2026-04-13 20:39:26,28.8071670532227,-17.7527313232422,"Unknown"
"5020567",378626,2026-04-13 20:40:27,28.8072490692139,-17.7527408599854,"Unknown"
"5020567",378626,2026-04-13 20:41:26,28.8073596954346,-17.7527465820312,"Unknown"
"5020567",378626,2026-04-13 20:42:26,28.8073959350586,-17.7527618408203,"Unknown"
"5020567",378626,2026-04-13 20:43:26,28.807445526123,-17.7527713775635,"Unknown"
"5020567",378626,2026-04-13 20:44:27,28.8074893951416,-17.7528133392334,"Unknown"
"5020567",378626,2026-04-13 20:45:26,28.8075733184814,-17.7528553009033,"Unknown"
"5020567",378626,2026-04-13 20:46:26,28.8076286315918,-17.7528877258301,"Unknown"
"5020567",378626,2026-04-13 20:47:28,28.8076877593994,-17.7529640197754,"Unknown"
"5020567",378626,2026-04-13 20:48:26,28.8077430725098,-17.752986907959,"Unknown"
"5020567",378626,2026-04-13 20:49:26,28.8078079223633,-17.7530193328857,"Unknown"
"5020567",378626,2026-04-13 20:50:26,28.8079090118408,-17.7530956268311,"Unknown"
"5020567",378626,2026-04-13 20:51:27,28.8079071044922,-17.7531127929688,"Unknown"
"5020567",378626,2026-04-13 20:52:25,28.807975769043,-17.753116607666,"Unknown"
"5020567",378626,2026-04-13 20:53:28,28.8080654144287,-17.7531509399414,"Unknown"
"5020567",378626,2026-04-13 20:54:29,28.8081874847412,-17.7531986236572,"Unknown"
"5020567",378626,2026-04-13 20:55:28,28.8082714080811,-17.7532577514648,"Unknown"
"5020567",378626,2026-04-13 20:56:28,28.8083744049072,-17.7532939910889,"Unknown"
"5020567",378626,2026-04-13 20:57:28,28.8084506988525,-17.753360748291,"Unknown"
"5020567",378626,2026-04-13 20:58:30,28.8084869384766,-17.7533912658691,"Unknown"
"5020567",378626,2026-04-13 20:59:27,28.8085346221924,-17.7534046173096,"Unknown"
"5020567",378626,2026-04-13 21:00:29,28.8085784912109,-17.7534790039062,"Unknown"
"5020567",378626,2026-04-13 21:01:27,28.8086128234863,-17.7535057067871,"Unknown"
"5020567",378626,2026-04-13 21:02:27,28.8086471557617,-17.7535152435303,"Unknown"
"5020567",378626,2026-04-13 21:03:26,28.8087329864502,-17.7535228729248,"Unknown"
"5020567",378626,2026-04-13 21:04:31,28.8087921142578,-17.7535781860352,"Unknown"
"5020567",378626,2026-04-13 21:05:30,28.8088607788086,-17.7536067962646,"Unknown"
"5020567",378626,2026-04-13 21:06:27,28.8089237213135,-17.7536334991455,"Unknown"
"5020567",378626,2026-04-13 21:07:27,28.8090324401855,-17.7536735534668,"Unknown"
"5020567",378626,2026-04-13 21:08:30,28.8090896606445,-17.7536735534668,"Unknown"
"5020567",378626,2026-04-13 21:09:28,28.8091506958008,-17.7537174224854,"Unknown"
"5020567",378626,2026-04-13 21:10:29,28.8092346191406,-17.7537460327148,"Unknown"
"5020567",378626,2026-04-13 21:11:30,28.8092613220215,-17.7538280487061,"Unknown"
"5020567",378626,2026-04-13 21:12:27,28.8092842102051,-17.7538967132568,"Unknown"
"5020567",378626,2026-04-13 21:13:26,28.8093433380127,-17.7539577484131,"Unknown"
"5020567",378626,2026-04-13 21:14:26,28.8093757629395,-17.7540721893311,"Unknown"
"5020567",378626,2026-04-13 21:15:26,28.8094043731689,-17.7541255950928,"Unknown"
"5020567",378626,2026-04-13 21:16:26,28.8094158172607,-17.7541847229004,"Unknown"
"5020567",378626,2026-04-13 21:17:26,28.8094654083252,-17.7542266845703,"Unknown"
"5020567",378626,2026-04-13 21:18:26,28.8095092773438,-17.7542991638184,"Unknown"
"5020567",378626,2026-04-13 21:19:26,28.8095588684082,-17.7543601989746,"Unknown"
"5020567",378626,2026-04-13 21:20:26,28.8096141815186,-17.7544097900391,"Unknown"
"5020567",378626,2026-04-13 21:21:26,28.8096618652344,-17.7544345855713,"Unknown"
"5020567",378626,2026-04-13 21:22:26,28.809642791748,-17.7544898986816,"Unknown"
"5020567",378626,2026-04-13 21:23:26,28.8095970153809,-17.7545738220215,"Unknown"
"5020567",378626,2026-04-13 21:24:26,28.8096046447754,-17.7546043395996,"Unknown"
"5020567",378626,2026-04-13 21:25:26,28.8096389770508,-17.7546672821045,"Unknown"
"5020567",378626,2026-04-13 21:26:26,28.8096523284912,-17.7546463012695,"Unknown"
"5020567",378626,2026-04-13 21:27:26,28.809642791748,-17.754711151123,"Unknown"
"5020567",378626,2026-04-13 21:28:26,28.8096561431885,-17.7547130584717,"Unknown"
"5020567",378626,2026-04-13 21:29:26,28.8096504211426,-17.7547988891602,"Unknown"
"5020567",378626,2026-04-13 21:30:26,28.8096408843994,-17.7548236846924,"Unknown"
"5020567",378626,2026-04-13 21:31:26,28.8096523284912,-17.7547969818115,"Unknown"
"5020567",378626,2026-04-13 21:32:26,28.8096981048584,-17.7548027038574,"Unknown"
"5020567",378626,2026-04-13 21:33:26,28.8097286224365,-17.7548046112061,"Unknown"
"5020567",378626,2026-04-13 21:34:26,28.8095932006836,-17.7544212341309,"Unknown"
"5020567",378626,2026-04-13 21:35:26,28.8096256256104,-17.7542686462402,"Unknown"
"5020567",378626,2026-04-13 21:36:26,28.8070297241211,-17.7528381347656,"Unknown"
"5020567",378626,2026-04-13 21:37:26,28.801549911499,-17.7543792724609,"Unknown"
"5020567",378626,2026-04-13 21:39:03,28.7931289672852,-17.7532615661621,"Unknown"
"5020567",378626,2026-04-13 21:39:26,28.7915496826172,-17.7524299621582,"Unknown"
"5020567",378626,2026-04-13 21:40:26,28.7856311798096,-17.7514457702637,"Unknown"
"5020567",378626,2026-04-13 21:41:26,28.78005027771,-17.7505474090576,"Unknown"
"5020567",378626,2026-04-13 21:42:26,28.7783603668213,-17.7449417114258,"Unknown"
"5020567",378626,2026-04-13 21:43:26,28.773099899292,-17.74196434021,"Unknown"
"5020567",378626,2026-04-13 21:44:26,28.7663726806641,-17.7407760620117,"Unknown"
"5020567",378626,2026-04-13 21:45:26,28.7620010375977,-17.7371616363525,"Unknown"
"5020567",378626,2026-04-13 21:46:26,28.7603588104248,-17.7337284088135,"Unknown"
"5020567",378626,2026-04-13 21:47:26,28.7586898803711,-17.7309417724609,"Unknown"
"5020567",378626,2026-04-13 21:48:26,28.7578773498535,-17.7262134552002,"Unknown"
"5020567",378626,2026-04-13 21:49:26,28.7497100830078,-17.7279815673828,"Unknown"
"5020567",378626,2026-04-13 21:50:26,28.7454662322998,-17.7229309082031,"Unknown"
"5020567",378626,2026-04-13 21:51:26,28.7371482849121,-17.7224197387695,"Unknown"
"5020567",378626,2026-04-13 21:56:26,28.7042064666748,-17.7439270019531,"Unknown"
"5020567",378626,2026-04-13 22:01:27,28.6978778839111,-17.7494964599609,"Unknown"
"5020567",378626,2026-04-13 22:02:27,28.6931114196777,-17.7484188079834,"Unknown"
"5020567",378626,2026-04-13 22:03:33,28.6889095306396,-17.7506637573242,"Unknown"
"5020567",378626,2026-04-13 22:04:26,28.6867694854736,-17.7499351501465,"Unknown"
"5020567",378626,2026-04-13 22:05:28,28.686429977417,-17.7511177062988,"Unknown"
"5020567",378626,2026-04-13 22:06:47,28.6900768280029,-17.75022315979,"Unknown"
"5020567",378626,2026-04-13 22:07:25,28.6917991638184,-17.7504806518555,"Unknown"
"5020567",378626,2026-04-13 22:08:25,28.6920928955078,-17.7502193450928,"Unknown"
"5020567",378626,2026-04-13 22:09:32,28.6948413848877,-17.7511768341064,"Unknown"
"5020567",378626,2026-04-13 22:10:26,28.6977062225342,-17.7529811859131,"Unknown"
"5020567",378626,2026-04-13 22:11:25,28.7003192901611,-17.754373550415,"Unknown"
"5020567",378626,2026-04-13 22:12:25,28.7040977478027,-17.7530555725098,"Unknown"
"5020567",378626,2026-04-13 22:13:25,28.7068481445312,-17.7522392272949,"Unknown"
"5020567",378626,2026-04-13 22:14:25,28.7081832885742,-17.7459850311279,"Unknown"
"5020567",378626,2026-04-13 22:15:28,28.7068614959717,-17.7443904876709,"Unknown"
"5020567",378626,2026-04-13 22:16:25,28.7080993652344,-17.7416133880615,"Unknown"
"5020567",378626,2026-04-13 22:17:25,28.7104759216309,-17.7398738861084,"Unknown"
"5020567",378626,2026-04-13 22:18:28,28.7102909088135,-17.737133026123,"Unknown"
"5020567",378626,2026-04-13 22:19:25,28.7109260559082,-17.7402534484863,"Unknown"
"5020567",378626,2026-04-13 22:20:25,28.7126846313477,-17.7348079681396,"Unknown"
"5020567",378626,2026-04-13 22:21:25,28.7159461975098,-17.7326335906982,"Unknown"
"5020567",378626,2026-04-13 22:22:25,28.7187805175781,-17.7311611175537,"Unknown"
"5020567",378626,2026-04-13 22:23:25,28.7192420959473,-17.7323589324951,"Unknown"
"5020567",378626,2026-04-13 22:24:25,28.7205638885498,-17.7311153411865,"Unknown"
"5020567",378626,2026-04-13 22:25:25,28.7223262786865,-17.7301216125488,"Unknown"
"5020567",378626,2026-04-13 22:26:25,28.724967956543,-17.7320308685303,"Unknown"
"5020567",378626,2026-04-13 22:27:25,28.7275371551514,-17.7361660003662,"Unknown"
"5020567",378626,2026-04-13 22:28:25,28.7234230041504,-17.7333393096924,"Unknown"
"5020567",378626,2026-04-13 22:29:25,28.7231616973877,-17.7302494049072,"Unknown"
"5020567",378626,2026-04-13 22:30:25,28.7252197265625,-17.7307395935059,"Unknown"
"5020567",378626,2026-04-13 22:31:25,28.7273979187012,-17.7304992675781,"Unknown"
"5020567",378626,2026-04-13 22:32:25,28.7274570465088,-17.7307415008545,"Unknown"
"5020567",378626,2026-04-13 22:33:25,28.7293891906738,-17.7306385040283,"Unknown"
"5020567",378626,2026-04-13 22:34:25,28.731424331665,-17.7348403930664,"Unknown"
"5020567",378626,2026-04-13 22:35:25,28.7304725646973,-17.7348194122314,"Unknown"
"5020567",378626,2026-04-13 22:36:25,28.7328128814697,-17.7394599914551,"Unknown"
"5020567",378626,2026-04-13 22:37:26,28.732442855835,-17.742862701416,"Unknown"
"5020567",378626,2026-04-13 22:38:26,28.730993270874,-17.7469940185547,"Unknown"
"5020567",378626,2026-04-13 22:39:25,28.7262954711914,-17.7485065460205,"Unknown"
"5020567",378626,2026-04-13 22:40:25,28.7185192108154,-17.7541561126709,"Unknown"
"5020567",378626,2026-04-13 22:41:25,28.7176837921143,-17.7611064910889,"Unknown"
"5020567",378626,2026-04-13 22:42:28,28.7193298339844,-17.7638378143311,"Unknown"
"5020567",378626,2026-04-13 22:43:26,28.7170810699463,-17.76171875,"Unknown"
"5020567",378626,2026-04-13 22:44:26,28.7203216552734,-17.7630577087402,"Unknown"
"5020567",378626,2026-04-13 22:45:29,28.7194862365723,-17.763370513916,"Unknown"
"5020567",378626,2026-04-13 22:46:26,28.7186183929443,-17.7618408203125,"Unknown"
"5020567",378626,2026-04-13 22:47:26,28.7175464630127,-17.7620487213135,"Unknown"
"5020567",378626,2026-04-13 22:48:25,28.7190208435059,-17.7622165679932,"Unknown"
"5020567",378626,2026-04-13 22:49:26,28.7169322967529,-17.7599849700928,"Unknown"
"5020567",378626,2026-04-13 22:50:25,28.7197704315186,-17.7635154724121,"Unknown"
"5020567",378626,2026-04-13 22:51:29,28.7206535339355,-17.763858795166,"Unknown"
"5020567",378626,2026-04-13 22:52:32,28.7209892272949,-17.7637634277344,"Unknown"
"5020567",378626,2026-04-13 22:53:31,28.7210960388184,-17.7637481689453,"Unknown"
"5020567",378626,2026-04-13 22:54:35,28.7201805114746,-17.7639770507812,"Unknown"
"5020567",378626,2026-04-13 22:55:30,28.7209224700928,-17.7637634277344,"Unknown"
"5020567",378626,2026-04-13 22:57:02,28.719554901123,-17.7641105651855,"Unknown"
"5020567",378626,2026-04-13 22:57:29,28.7195129394531,-17.7641181945801,"Unknown"
"5020567",378626,2026-04-13 22:58:29,28.7195129394531,-17.7641258239746,"Unknown"
"5020567",378626,2026-04-13 22:59:29,28.7195892333984,-17.7641124725342,"Unknown"
"5020567",378626,2026-04-13 23:00:29,28.7195415496826,-17.7641162872314,"Unknown"
"5020567",378626,2026-04-13 23:01:29,28.719554901123,-17.7641010284424,"Unknown"
"5020567",378626,2026-04-13 23:02:29,28.7195243835449,-17.7641448974609,"Unknown"
"5020567",378626,2026-04-13 23:03:29,28.7195377349854,-17.7640933990479,"Unknown"
"5020567",378626,2026-04-13 23:04:29,28.7195529937744,-17.7641258239746,"Unknown"
"5020567",378626,2026-04-13 23:05:28,28.7195377349854,-17.7640743255615,"Unknown"
"5020567",378626,2026-04-13 23:06:29,28.7195358276367,-17.7641067504883,"Unknown"
"5020567",378626,2026-04-13 23:07:31,28.7195510864258,-17.7641181945801,"Unknown"
"5020567",378626,2026-04-13 23:08:28,28.7195568084717,-17.7641201019287,"Unknown"
"5020567",378626,2026-04-13 23:09:29,28.7195720672607,-17.7640953063965,"Unknown"
"5020567",378626,2026-04-14 01:46:51,28.7195663452148,-17.7641143798828,"Unknown"
"5020567",378626,2026-04-14 06:06:03,28.7713298797607,-17.7308731079102,"Unknown"
"5020567",378626,2026-04-14 06:25:25,28.7933502197266,-17.7419166564941,"Unknown"
"5020567",378626,2026-04-14 06:45:26,28.8686447143555,-17.8085174560547,"Unknown"
"5020567",378626,2026-04-14 07:05:26,28.8765277862549,-17.9154205322266,"Unknown"
"5020567",378626,2026-04-14 08:05:26,28.8967838287354,-17.9186363220215,"Unknown"
"5020567",378626,2026-04-14 09:06:03,28.8525848388672,-17.9506225585938,"Unknown"
"5020567",378626,2026-04-14 10:06:05,28.8480415344238,-17.9516525268555,"Unknown"
"5020567",378626,2026-04-14 10:15:25,28.851131439209,-17.9562931060791,"Unknown"
"5020567",378626,2026-04-14 10:25:25,28.8505039215088,-17.9566059112549,"Unknown"
"5020567",378626,2026-04-14 10:26:25,28.8504428863525,-17.9566612243652,"Unknown"
"5020567",378626,2026-04-14 10:36:28,28.8506774902344,-17.9574546813965,"Unknown"
"5020567",378626,2026-04-14 10:37:28,28.8506298065186,-17.95751953125,"Unknown"
"5020567",378626,2026-04-14 10:38:28,28.8505573272705,-17.9575710296631,"Unknown"
"5020567",378626,2026-04-14 10:39:25,28.8505420684814,-17.9576377868652,"Unknown"
"5020567",378626,2026-04-14 10:49:29,28.8490123748779,-17.9584865570068,"Unknown"
"5020567",378626,2026-04-14 10:50:28,28.8489685058594,-17.958589553833,"Unknown"
"5020567",378626,2026-04-14 10:51:28,28.8489665985107,-17.9586734771729,"Unknown"
"5020567",378626,2026-04-14 10:52:28,28.8490180969238,-17.958776473999,"Unknown"
"5020567",378626,2026-04-14 10:53:28,28.8512153625488,-17.9597625732422,"Unknown"
"5020567",378626,2026-04-14 10:54:27,28.8495330810547,-17.9583721160889,"Unknown"
"5020567",378626,2026-04-14 10:55:27,28.8495082855225,-17.9585800170898,"Unknown"
"5020567",378626,2026-04-14 10:56:34,28.8506927490234,-17.9575481414795,"Unknown"
"5020567",378626,2026-04-14 10:57:27,28.8490238189697,-17.9565296173096,"Unknown"
"5020567",378626,2026-04-14 10:58:25,28.851993560791,-17.957332611084,"Unknown"
"5020567",378626,2026-04-14 10:59:27,28.8502140045166,-17.9551811218262,"Unknown"
"5020567",378626,2026-04-14 11:00:26,28.8480644226074,-17.9541625976562,"Unknown"
"5020567",378626,2026-04-14 11:01:26,28.847412109375,-17.9536151885986,"Unknown"
"5020567",378626,2026-04-14 11:02:25,28.8511257171631,-17.955228805542,"Unknown"
"5020567",378626,2026-04-14 11:03:26,28.855993270874,-17.9583740234375,"Unknown"
"5020567",378626,2026-04-14 11:04:29,28.8577747344971,-17.9572811126709,"Unknown"
"5020567",378626,2026-04-14 11:05:29,28.8569507598877,-17.9553127288818,"Unknown"
"5020567",378626,2026-04-14 11:06:26,28.8588752746582,-17.9549255371094,"Unknown"
"5020567",378626,2026-04-14 11:07:28,28.8586807250977,-17.9525661468506,"Unknown"
"5020567",378626,2026-04-14 11:08:26,28.8589763641357,-17.9505310058594,"Unknown"
"5020567",378626,2026-04-14 11:09:27,28.864086151123,-17.9528160095215,"Unknown"
"5020567",378626,2026-04-14 11:10:30,28.8651256561279,-17.951042175293,"Unknown"
"5020567",378626,2026-04-14 11:15:27,28.8722496032715,-17.9432678222656,"Unknown"
"5020567",378626,2026-04-14 11:20:29,28.8752822875977,-17.9351558685303,"Unknown"
"5020567",378626,2026-04-14 11:25:26,28.8865966796875,-17.9329452514648,"Unknown"
"5020567",378626,2026-04-14 11:30:28,28.8988628387451,-17.9305667877197,"Unknown"
"5020567",378626,2026-04-14 11:35:29,28.9043045043945,-17.9283905029297,"Unknown"
"5020567",378626,2026-04-14 11:41:05,28.9055023193359,-17.9295024871826,"Unknown"
"5020567",378626,2026-04-14 11:45:27,28.9059143066406,-17.9297161102295,"Unknown"
"5020567",378626,2026-04-14 11:50:25,28.9062156677246,-17.934700012207,"Unknown"
"5020567",378626,2026-04-14 11:55:25,28.9038906097412,-17.9351043701172,"Unknown"
"5020567",378626,2026-04-14 12:00:29,28.9041080474854,-17.9352149963379,"Unknown"
"5020567",378626,2026-04-14 12:05:27,28.902530670166,-17.9324073791504,"Unknown"
"5020567",378626,2026-04-14 12:10:26,28.8822040557861,-17.9275646209717,"Unknown"
"5020567",378626,2026-04-14 12:15:27,28.8665103912354,-17.92795753479,"Unknown"
"5020567",378626,2026-04-14 12:20:28,28.8726539611816,-17.9215984344482,"Unknown"
"5020567",378626,2026-04-14 12:25:27,28.8613777160645,-17.9322395324707,"Unknown"
"5020567",378626,2026-04-14 12:30:26,28.8549690246582,-17.9416198730469,"Unknown"
"5020567",378626,2026-04-14 12:31:27,28.8549194335938,-17.9417896270752,"Unknown"
"5020567",378626,2026-04-14 12:32:26,28.8552799224854,-17.9433650970459,"Unknown"
"5020567",378626,2026-04-14 12:33:26,28.8543853759766,-17.9461097717285,"Unknown"
"5020567",378626,2026-04-14 12:34:27,28.854341506958,-17.9462833404541,"Unknown"
"5020567",378626,2026-04-14 12:35:27,28.8554573059082,-17.9492092132568,"Unknown"
"5020567",378626,2026-04-14 12:36:27,28.8566093444824,-17.9528884887695,"Unknown"
"5020567",378626,2026-04-14 12:37:26,28.8571605682373,-17.9538154602051,"Unknown"
"5020567",378626,2026-04-14 12:38:26,28.8570976257324,-17.9539604187012,"Unknown"
"5020567",378626,2026-04-14 12:39:27,28.8572235107422,-17.9536743164062,"Unknown"
"5020567",378626,2026-04-14 12:40:27,28.8568363189697,-17.9561157226562,"Unknown"
"5020567",378626,2026-04-14 12:41:26,28.8567867279053,-17.9562397003174,"Unknown"
"5020567",378626,2026-04-14 12:42:26,28.8567428588867,-17.9563865661621,"Unknown"
"5020567",378626,2026-04-14 12:43:27,28.856725692749,-17.9565601348877,"Unknown"
"5020567",378626,2026-04-14 12:44:29,28.8566741943359,-17.9567260742188,"Unknown"
"5020567",378626,2026-04-14 12:45:27,28.8566207885742,-17.9568881988525,"Unknown"
"5020567",378626,2026-04-14 12:46:27,28.8565654754639,-17.9570274353027,"Unknown"
"5020567",378626,2026-04-14 12:47:27,28.8565044403076,-17.9571895599365,"Unknown"
"5020567",378626,2026-04-14 12:48:28,28.8564338684082,-17.9573364257812,"Unknown"
"5020567",378626,2026-04-14 12:49:28,28.8563556671143,-17.9574871063232,"Unknown"
"5020567",378626,2026-04-14 12:50:29,28.8562679290771,-17.9576110839844,"Unknown"
"5020567",378626,2026-04-14 12:51:30,28.8561725616455,-17.9577503204346,"Unknown"
"5020567",378626,2026-04-14 12:52:28,28.8530197143555,-17.9584159851074,"Unknown"
"5020567",378626,2026-04-14 12:53:29,28.8498802185059,-17.958101272583,"Unknown"
"5020567",378626,2026-04-14 12:54:30,28.8530807495117,-17.965030670166,"Unknown"
"5020567",378626,2026-04-14 12:55:30,28.8532943725586,-17.9660625457764,"Unknown"
"5020567",378626,2026-04-14 12:56:30,28.8535995483398,-17.9663333892822,"Unknown"
"5020567",378626,2026-04-14 12:57:29,28.8536605834961,-17.9664421081543,"Unknown"
"5020567",378626,2026-04-14 12:58:30,28.8537273406982,-17.9665985107422,"Unknown"
"5020567",378626,2026-04-14 12:59:29,28.85373878479,-17.9667282104492,"Unknown"
"5020567",378626,2026-04-14 13:00:28,28.8538055419922,-17.9668846130371,"Unknown"
"5020567",378626,2026-04-14 13:01:29,28.8538684844971,-17.9669952392578,"Unknown"
"5020567",378626,2026-04-14 13:02:28,28.8511123657227,-17.9651546478271,"Unknown"
"5020567",378626,2026-04-14 13:03:29,28.8529109954834,-17.9652042388916,"Unknown"
"5020567",378626,2026-04-14 13:04:28,28.8513565063477,-17.9627056121826,"Unknown"
"5020567",378626,2026-04-14 13:05:30,28.8527984619141,-17.9622764587402,"Unknown"
"5020567",378626,2026-04-14 13:06:31,28.8543872833252,-17.9615802764893,"Unknown"
"5020567",378626,2026-04-14 13:07:28,28.8551559448242,-17.9600238800049,"Unknown"
"5020567",378626,2026-04-14 13:08:29,28.8586292266846,-17.9590167999268,"Unknown"
"5020567",378626,2026-04-14 13:09:28,28.8612937927246,-17.9570007324219,"Unknown"
"5020567",378626,2026-04-14 13:10:28,28.8613586425781,-17.9550914764404,"Unknown"
"5020567",378626,2026-04-14 13:11:28,28.8600101470947,-17.9512329101562,"Unknown"
"5020567",378626,2026-04-14 13:12:28,28.8632202148438,-17.9493293762207,"Unknown"
"5020567",378626,2026-04-14 13:13:27,28.8638744354248,-17.9492092132568,"Unknown"
"5020567",378626,2026-04-14 13:18:31,28.8658714294434,-17.944860458374,"Unknown"
"5020567",378626,2026-04-14 13:23:29,28.864688873291,-17.9502658843994,"Unknown"
"5020567",378626,2026-04-14 13:28:35,28.8660049438477,-17.9483966827393,"Unknown"
"5020567",378626,2026-04-14 13:33:31,28.8646907806396,-17.9330005645752,"Unknown"
"5020567",378626,2026-04-14 13:38:31,28.8657932281494,-17.9316082000732,"Unknown"
"5020567",378626,2026-04-14 13:43:33,28.8642520904541,-17.9267120361328,"Unknown"
"5020567",378626,2026-04-14 13:48:31,28.8643093109131,-17.9272289276123,"Unknown"
"5020567",378626,2026-04-14 13:53:28,28.8665561676025,-17.9257717132568,"Unknown"
"5020567",378626,2026-04-14 13:58:32,28.8714714050293,-17.9170322418213,"Unknown"
"5020567",378626,2026-04-14 14:24:54,28.8907203674316,-17.8869476318359,"Unknown"
"5020567",378626,2026-04-14 14:28:29,28.8895072937012,-17.8869228363037,"Unknown"
"5020567",378626,2026-04-14 14:33:29,28.8895072937012,-17.88791847229,"Unknown"
"5020567",378626,2026-04-14 14:38:29,28.8893814086914,-17.8888607025146,"Unknown"
"5020567",378626,2026-04-14 14:43:29,28.8895015716553,-17.8899269104004,"Unknown"
"5020567",378626,2026-04-14 14:48:29,28.8895874023438,-17.8908290863037,"Unknown"
"5020567",378626,2026-04-14 14:53:29,28.8897094726562,-17.891658782959,"Unknown"
"5020567",378626,2026-04-14 14:58:29,28.889705657959,-17.8922538757324,"Unknown"
"5020567",378626,2026-04-14 15:03:29,28.8899536132812,-17.8926181793213,"Unknown"
"5020567",378626,2026-04-14 15:08:29,28.8903388977051,-17.8927993774414,"Unknown"
"5020567",378626,2026-04-14 15:13:29,28.8921356201172,-17.8942775726318,"Unknown"
"5020567",378626,2026-04-14 15:18:29,28.8895092010498,-17.890754699707,"Unknown"
"5020567",378626,2026-04-14 15:23:29,28.8904724121094,-17.8920421600342,"Unknown"
"5020567",378626,2026-04-14 15:28:29,28.8918495178223,-17.8930168151855,"Unknown"
"5020567",378626,2026-04-14 15:33:31,28.891918182373,-17.8939895629883,"Unknown"
"5020567",378626,2026-04-14 15:38:29,28.8919334411621,-17.8948879241943,"Unknown"
"5020567",378626,2026-04-14 15:43:29,28.8919239044189,-17.895565032959,"Unknown"
"5020567",378626,2026-04-14 15:48:31,28.8919429779053,-17.8963928222656,"Unknown"
"5020567",378626,2026-04-14 15:53:31,28.891960144043,-17.8971328735352,"Unknown"
"5020567",378626,2026-04-14 15:58:29,28.8952465057373,-17.9077339172363,"Unknown"
"5020567",378626,2026-04-14 16:03:32,28.8782520294189,-17.9179229736328,"Unknown"
"5020567",378626,2026-04-14 16:08:29,28.8776473999023,-17.9179859161377,"Unknown"
"5020567",378626,2026-04-14 16:13:31,28.8784103393555,-17.9123363494873,"Unknown"
"5020567",378626,2026-04-14 16:18:30,28.878963470459,-17.9073448181152,"Unknown"
"5020567",378626,2026-04-14 16:23:34,28.8814678192139,-17.905948638916,"Unknown"
"5020567",378626,2026-04-14 16:28:30,28.8844184875488,-17.9059829711914,"Unknown"
"5020567",378626,2026-04-14 16:34:03,28.8846969604492,-17.9040870666504,"Unknown"
"5020567",378626,2026-04-14 16:38:28,28.8843460083008,-17.9044380187988,"Unknown"
"5020567",378626,2026-04-14 16:43:29,28.8874111175537,-17.9049396514893,"Unknown"
"5020567",378626,2026-04-14 16:48:28,28.8874168395996,-17.9061698913574,"Unknown"
"5020567",378626,2026-04-14 16:53:28,28.8919620513916,-17.9103469848633,"Unknown"
"5020567",378626,2026-04-14 16:58:28,28.892822265625,-17.9114627838135,"Unknown"
"5020567",378626,2026-04-14 17:03:28,28.8925075531006,-17.9120388031006,"Unknown"
"5020567",378626,2026-04-14 17:08:28,28.8921604156494,-17.9124965667725,"Unknown"
"5020567",378626,2026-04-14 17:13:29,28.8805694580078,-17.905855178833,"Unknown"
"5020567",378626,2026-04-14 17:18:28,28.8736782073975,-17.8930473327637,"Unknown"
"5020567",378626,2026-04-14 17:23:29,28.865608215332,-17.8801651000977,"Unknown"
"5020567",378626,2026-04-14 17:28:28,28.8654613494873,-17.881763458252,"Unknown"
"5020567",378626,2026-04-14 17:33:28,28.8685111999512,-17.8809432983398,"Unknown"
"5020567",378626,2026-04-14 17:38:29,28.8701801300049,-17.8818950653076,"Unknown"
"5020567",378626,2026-04-14 17:43:28,28.8709125518799,-17.8831367492676,"Unknown"
"5020567",378626,2026-04-14 17:48:28,28.8701210021973,-17.882791519165,"Unknown"
"5020567",378626,2026-04-14 17:53:28,28.8660907745361,-17.8815326690674,"Unknown"
"5020567",378626,2026-04-14 17:58:29,28.8529586791992,-17.8710250854492,"Unknown"
"5020567",378626,2026-04-14 18:03:31,28.8474521636963,-17.8583812713623,"Unknown"
"5020567",378626,2026-04-14 18:04:29,28.8476505279541,-17.8584022521973,"Unknown"
"5020567",378626,2026-04-14 18:05:29,28.8478107452393,-17.8585166931152,"Unknown"
"5020567",378626,2026-04-14 18:06:29,28.84743309021,-17.8580646514893,"Unknown"
"5020567",378626,2026-04-14 18:07:29,28.8473587036133,-17.8581047058105,"Unknown"
"5020567",378626,2026-04-14 18:08:29,28.8473110198975,-17.8581695556641,"Unknown"
"5020567",378626,2026-04-14 18:09:30,28.8472309112549,-17.8582496643066,"Unknown"
"5020567",378626,2026-04-14 18:10:29,28.8472232818604,-17.8583526611328,"Unknown"
"5020567",378626,2026-04-14 18:11:29,28.8472156524658,-17.8584442138672,"Unknown"
"5020567",378626,2026-04-14 18:12:29,28.8472003936768,-17.858549118042,"Unknown"
"5020567",378626,2026-04-14 18:13:30,28.8471374511719,-17.8586044311523,"Unknown"
"5020567",378626,2026-04-14 18:14:29,28.8471069335938,-17.8586616516113,"Unknown"
"5020567",378626,2026-04-14 18:15:29,28.8469848632812,-17.8586864471436,"Unknown"
"5020567",378626,2026-04-14 18:16:29,28.8469295501709,-17.8587112426758,"Unknown"
"5020567",378626,2026-04-14 18:17:29,28.8468360900879,-17.8587455749512,"Unknown"
"5020567",378626,2026-04-14 18:18:29,28.8467903137207,-17.8587741851807,"Unknown"
"5020567",378626,2026-04-14 18:19:29,28.8467082977295,-17.8588066101074,"Unknown"
"5020567",378626,2026-04-14 18:20:29,28.8466415405273,-17.8588180541992,"Unknown"
"5020567",378626,2026-04-14 18:21:29,28.8466014862061,-17.858829498291,"Unknown"
"5020567",378626,2026-04-14 18:22:30,28.846549987793,-17.8589363098145,"Unknown"
"5020567",378626,2026-04-14 18:23:31,28.8464622497559,-17.8590049743652,"Unknown"
"5020567",378626,2026-04-14 18:24:30,28.84641456604,-17.8590793609619,"Unknown"
"5020567",378626,2026-04-14 18:25:33,28.8463497161865,-17.8591632843018,"Unknown"
"5020567",378626,2026-04-14 18:26:30,28.8462772369385,-17.8592262268066,"Unknown"
"5020567",378626,2026-04-14 18:27:32,28.8461990356445,-17.8593101501465,"Unknown"
"5020567",378626,2026-04-14 18:28:33,28.8461418151855,-17.8594055175781,"Unknown"
"5020567",378626,2026-04-14 18:29:31,28.8460922241211,-17.8594799041748,"Unknown"
"5020567",378626,2026-04-14 18:30:31,28.8460636138916,-17.8595275878906,"Unknown"
"5020567",378626,2026-04-14 18:31:30,28.8459701538086,-17.8595523834229,"Unknown"
"5020567",378626,2026-04-14 18:32:32,28.8459033966064,-17.8596439361572,"Unknown"
"5020567",378626,2026-04-14 18:33:33,28.845874786377,-17.8597202301025,"Unknown"
"5020567",378626,2026-04-14 18:34:32,28.8458194732666,-17.8598117828369,"Unknown"
"5020567",378626,2026-04-14 18:35:30,28.845775604248,-17.8598823547363,"Unknown"
"5020567",378626,2026-04-14 18:36:30,28.845724105835,-17.8599586486816,"Unknown"
"5020567",378626,2026-04-14 18:37:31,28.845724105835,-17.8600749969482,"Unknown"
"5020567",378626,2026-04-14 18:38:30,28.8457469940186,-17.8601455688477,"Unknown"
"5020567",378626,2026-04-14 18:39:31,28.8457412719727,-17.860164642334,"Unknown"
"5020567",378626,2026-04-14 18:40:30,28.8456897735596,-17.8601837158203,"Unknown"
"5020567",378626,2026-04-14 18:41:30,28.845666885376,-17.8602180480957,"Unknown"
"5020567",378626,2026-04-14 18:42:30,28.845630645752,-17.8602714538574,"Unknown"
"5020567",378626,2026-04-14 18:43:57,28.8455638885498,-17.8603076934814,"Unknown"
"5020567",378626,2026-04-14 18:44:28,28.8455352783203,-17.8603019714355,"Unknown"
"5020567",378626,2026-04-14 18:45:28,28.8455047607422,-17.860372543335,"Unknown"
"5020567",378626,2026-04-14 18:46:28,28.8454551696777,-17.8603954315186,"Unknown"
"5020567",378626,2026-04-14 18:47:28,28.8453979492188,-17.8604259490967,"Unknown"
"5020567",378626,2026-04-14 18:48:28,28.8453388214111,-17.8604736328125,"Unknown"
"5020567",378626,2026-04-14 18:49:29,28.8453025817871,-17.860559463501,"Unknown"
"5020567",378626,2026-04-14 18:50:28,28.8452415466309,-17.8606338500977,"Unknown"
"5020567",378626,2026-04-14 18:51:28,28.8452033996582,-17.8607273101807,"Unknown"
"5020567",378626,2026-04-14 18:52:29,28.8451499938965,-17.860818862915,"Unknown"
"5020567",378626,2026-04-14 18:53:29,28.8450870513916,-17.8608474731445,"Unknown"
"5020567",378626,2026-04-14 18:54:28,28.845043182373,-17.8609199523926,"Unknown"
"5020567",378626,2026-04-14 18:55:29,28.8449974060059,-17.8609771728516,"Unknown"
"5020567",378626,2026-04-14 18:56:28,28.8449516296387,-17.8610458374023,"Unknown"
"5020567",378626,2026-04-14 18:57:29,28.8449153900146,-17.8611183166504,"Unknown"
"5020567",378626,2026-04-14 18:58:28,28.8448467254639,-17.8611679077148,"Unknown"
"5020567",378626,2026-04-14 18:59:29,28.8447494506836,-17.8612041473389,"Unknown"
"5020567",378626,2026-04-14 19:00:28,28.8446846008301,-17.861270904541,"Unknown"
"5020567",378626,2026-04-14 19:01:28,28.8446254730225,-17.8612995147705,"Unknown"
"5020567",378626,2026-04-14 19:02:29,28.8445835113525,-17.8613719940186,"Unknown"
"5020567",378626,2026-04-14 19:03:29,28.844575881958,-17.8614406585693,"Unknown"
"5020567",378626,2026-04-14 19:04:34,28.8445320129395,-17.8614845275879,"Unknown"
"5020567",378626,2026-04-14 19:05:48,28.8444690704346,-17.8615322113037,"Unknown"
"5020567",378626,2026-04-14 19:06:45,28.8444709777832,-17.8615875244141,"Unknown"
"5020567",378626,2026-04-14 19:07:40,28.8444557189941,-17.8616561889648,"Unknown"
"5020567",378626,2026-04-14 19:08:56,28.8443565368652,-17.8617286682129,"Unknown"
"5020567",378626,2026-04-14 19:09:28,28.844352722168,-17.8617744445801,"Unknown"
"5020567",378626,2026-04-14 19:10:28,28.8443431854248,-17.8618431091309,"Unknown"
"5020567",378626,2026-04-14 19:11:28,28.8443222045898,-17.8618907928467,"Unknown"
"5020567",378626,2026-04-14 19:12:28,28.8443222045898,-17.8619518280029,"Unknown"
"5020567",378626,2026-04-14 19:13:31,28.8443431854248,-17.862003326416,"Unknown"
"5020567",378626,2026-04-14 19:14:28,28.8443412780762,-17.8620948791504,"Unknown"
"5020567",378626,2026-04-14 19:15:29,28.8443202972412,-17.862154006958,"Unknown"
"5020567",378626,2026-04-14 19:16:28,28.8443145751953,-17.862211227417,"Unknown"
"5020567",378626,2026-04-14 19:17:28,28.8442897796631,-17.8622703552246,"Unknown"
"5020567",378626,2026-04-14 19:18:28,28.8442687988281,-17.8623332977295,"Unknown"
"5020567",378626,2026-04-14 19:19:28,28.8442516326904,-17.8624114990234,"Unknown"
"5020567",378626,2026-04-14 19:20:28,28.8442230224609,-17.8624973297119,"Unknown"
"5020567",378626,2026-04-14 19:21:29,28.8441963195801,-17.8625679016113,"Unknown"
"5020567",378626,2026-04-14 19:22:28,28.844123840332,-17.8626346588135,"Unknown"
"5020567",378626,2026-04-14 19:23:28,28.8440818786621,-17.8627147674561,"Unknown"
"5020567",378626,2026-04-14 19:24:28,28.8440933227539,-17.8627834320068,"Unknown"
"5020567",378626,2026-04-14 19:25:28,28.8441390991211,-17.862886428833,"Unknown"
"5020567",378626,2026-04-14 19:26:28,28.8441524505615,-17.8629302978516,"Unknown"
"5020567",378626,2026-04-14 19:27:28,28.8441772460938,-17.8630104064941,"Unknown"
"5020567",378626,2026-04-14 19:28:28,28.8442115783691,-17.8630485534668,"Unknown"
"5020567",378626,2026-04-14 19:29:28,28.844217300415,-17.8630981445312,"Unknown"
"5020567",378626,2026-04-14 19:30:28,28.8441944122314,-17.8631687164307,"Unknown"
"5020567",378626,2026-04-14 19:31:28,28.8441619873047,-17.863245010376,"Unknown"
"5020567",378626,2026-04-14 19:32:28,28.8441772460938,-17.8632926940918,"Unknown"
"5020567",378626,2026-04-14 19:33:28,28.844165802002,-17.863338470459,"Unknown"
"5020567",378626,2026-04-14 19:34:28,28.844144821167,-17.8634071350098,"Unknown"
"5020567",378626,2026-04-14 19:35:29,28.8441848754883,-17.8634624481201,"Unknown"
"5020567",378626,2026-04-14 19:36:28,28.8442153930664,-17.86350440979,"Unknown"
"5020567",378626,2026-04-14 19:37:28,28.8442306518555,-17.8635749816895,"Unknown"
"5020567",378626,2026-04-14 19:38:29,28.8442611694336,-17.8636264801025,"Unknown"
"5020567",378626,2026-04-14 19:39:28,28.8442726135254,-17.8636798858643,"Unknown"
"5020567",378626,2026-04-14 19:40:28,28.8442516326904,-17.8636894226074,"Unknown"
"5020567",378626,2026-04-14 19:41:28,28.8442649841309,-17.8637046813965,"Unknown"
"5020567",378626,2026-04-14 19:42:28,28.8442516326904,-17.8637275695801,"Unknown"
"5020567",378626,2026-04-14 19:43:28,28.8442630767822,-17.8638191223145,"Unknown"
"5020567",378626,2026-04-14 19:44:29,28.8442993164062,-17.8639030456543,"Unknown"
"5020567",378626,2026-04-14 19:45:28,28.8443393707275,-17.8639144897461,"Unknown"
"5020567",378626,2026-04-14 19:46:28,28.8443565368652,-17.8639087677002,"Unknown"
"5020567",378626,2026-04-14 19:47:29,28.8444080352783,-17.8639640808105,"Unknown"
"5020567",378626,2026-04-14 19:48:28,28.8444309234619,-17.8640365600586,"Unknown"
"5020567",378626,2026-04-14 19:49:28,28.844425201416,-17.8640880584717,"Unknown"
"5020567",378626,2026-04-14 19:50:28,28.8444442749023,-17.8641510009766,"Unknown"
"5020567",378626,2026-04-14 19:51:29,28.8444042205811,-17.8642120361328,"Unknown"
"5020567",378626,2026-04-14 19:52:29,28.8444042205811,-17.8642730712891,"Unknown"
"5020567",378626,2026-04-14 19:53:28,28.844388961792,-17.8642845153809,"Unknown"
"5020567",378626,2026-04-14 19:54:28,28.8443546295166,-17.8643188476562,"Unknown"
"5020567",378626,2026-04-14 19:55:29,28.8443470001221,-17.8643760681152,"Unknown"
"5020567",378626,2026-04-14 19:56:29,28.8443565368652,-17.864444732666,"Unknown"
"5020567",378626,2026-04-14 19:57:28,28.8443717956543,-17.8644618988037,"Unknown"
"5020567",378626,2026-04-14 19:58:29,28.8443851470947,-17.864538192749,"Unknown"
"5020567",378626,2026-04-14 19:59:29,28.8444042205811,-17.8645896911621,"Unknown"
"5020567",378626,2026-04-14 20:00:28,28.8444232940674,-17.8646278381348,"Unknown"
"5020567",378626,2026-04-14 20:01:29,28.8444766998291,-17.8646831512451,"Unknown"
"5020567",378626,2026-04-14 20:02:29,28.8445415496826,-17.8647003173828,"Unknown"
"5020567",378626,2026-04-14 20:03:28,28.8446102142334,-17.8647480010986,"Unknown"
"5020567",378626,2026-04-14 20:04:29,28.8446807861328,-17.8648071289062,"Unknown"
"5020567",378626,2026-04-14 20:05:28,28.8447418212891,-17.8648090362549,"Unknown"
"5020567",378626,2026-04-14 20:06:29,28.8447685241699,-17.8647918701172,"Unknown"
"5020567",378626,2026-04-14 20:07:28,28.844820022583,-17.8647346496582,"Unknown"
"5020567",378626,2026-04-14 20:08:29,28.844856262207,-17.8646945953369,"Unknown"
"5020567",378626,2026-04-14 20:09:28,28.8448944091797,-17.8647117614746,"Unknown"
"5020567",378626,2026-04-14 20:10:28,28.8449039459229,-17.8646717071533,"Unknown"
"5020567",378626,2026-04-14 20:11:29,28.8449668884277,-17.8646812438965,"Unknown"
"5020567",378626,2026-04-14 20:12:28,28.8449687957764,-17.8646583557129,"Unknown"
"5020567",378626,2026-04-14 20:13:28,28.8449687957764,-17.8646602630615,"Unknown"
"5020567",378626,2026-04-14 20:14:29,28.8449802398682,-17.8646335601807,"Unknown"
"5020567",378626,2026-04-14 20:15:29,28.8449192047119,-17.8647022247314,"Unknown"
"5020567",378626,2026-04-14 20:16:29,28.8449440002441,-17.8647441864014,"Unknown"
"5020567",378626,2026-04-14 20:17:28,28.8449287414551,-17.8647937774658,"Unknown"
"5020567",378626,2026-04-14 20:18:28,28.8448657989502,-17.8648242950439,"Unknown"
"5020567",378626,2026-04-14 20:19:28,28.8448829650879,-17.8648815155029,"Unknown"
"5020567",378626,2026-04-14 20:20:29,28.8449020385742,-17.864917755127,"Unknown"
"5020567",378626,2026-04-14 20:21:29,28.8448944091797,-17.8649787902832,"Unknown"
"5020567",378626,2026-04-14 20:22:29,28.8448886871338,-17.8649711608887,"Unknown"
"5020567",378626,2026-04-14 20:23:28,28.8448963165283,-17.8650035858154,"Unknown"
"5020567",378626,2026-04-14 20:24:28,28.8449115753174,-17.865026473999,"Unknown"
"5020567",378626,2026-04-14 20:25:29,28.8449020385742,-17.8650398254395,"Unknown"
"5020567",378626,2026-04-14 20:26:28,28.8449077606201,-17.8650703430176,"Unknown"
"5020567",378626,2026-04-14 20:27:29,28.8449211120605,-17.865140914917,"Unknown"
"5020567",378626,2026-04-14 20:28:29,28.8448638916016,-17.8651828765869,"Unknown"
"5020567",378626,2026-04-14 20:29:29,28.8447494506836,-17.865234375,"Unknown"
"5020567",378626,2026-04-14 20:30:29,28.8454551696777,-17.8641128540039,"Unknown"
"5020567",378626,2026-04-14 20:31:28,28.8454494476318,-17.8641204833984,"Unknown"
"5020567",378626,2026-04-14 20:32:29,28.8454608917236,-17.8641090393066,"Unknown"
"5020567",378626,2026-04-14 20:33:31,28.8454532623291,-17.8640995025635,"Unknown"
"5020567",378626,2026-04-14 20:34:28,28.845422744751,-17.8640975952148,"Unknown"
"5020567",378626,2026-04-14 20:35:29,28.8454170227051,-17.8641033172607,"Unknown"
"5020567",378626,2026-04-14 20:36:29,28.8454246520996,-17.8641014099121,"Unknown"
"5020567",378626,2026-04-14 20:37:29,28.8453998565674,-17.8640785217285,"Unknown"
"5020567",378626,2026-04-14 20:38:29,28.8453826904297,-17.8640747070312,"Unknown"
"5020567",378626,2026-04-14 20:39:29,28.8453826904297,-17.8640727996826,"Unknown"
"5020567",378626,2026-04-14 20:40:29,28.8453578948975,-17.8641052246094,"Unknown"
"5020567",378626,2026-04-14 20:41:29,28.8452453613281,-17.8640727996826,"Unknown"
"5020567",378626,2026-04-14 20:42:31,28.8451900482178,-17.864086151123,"Unknown"
"5020567",378626,2026-04-14 20:43:30,28.8451042175293,-17.8640213012695,"Unknown"
"5020567",378626,2026-04-14 20:44:29,28.84499168396,-17.8640003204346,"Unknown"
"5020567",378626,2026-04-14 20:45:30,28.8448848724365,-17.8639831542969,"Unknown"
"5020567",378626,2026-04-14 20:46:29,28.8447818756104,-17.863920211792,"Unknown"
"5020567",378626,2026-04-14 20:47:31,28.8446750640869,-17.8639106750488,"Unknown"
"5020567",378626,2026-04-14 20:48:31,28.8445529937744,-17.863862991333,"Unknown"
"5020567",378626,2026-04-14 20:49:31,28.8444213867188,-17.863862991333,"Unknown"
"5020567",378626,2026-04-14 20:50:30,28.8443088531494,-17.8638477325439,"Unknown"
"5020567",378626,2026-04-14 20:51:32,28.8441982269287,-17.8638534545898,"Unknown"
"5020567",378626,2026-04-14 20:52:33,28.8441123962402,-17.8638801574707,"Unknown"
"5020567",378626,2026-04-14 20:53:32,28.8440170288086,-17.8638935089111,"Unknown"
"5020567",378626,2026-04-14 20:54:31,28.8439598083496,-17.8639221191406,"Unknown"
"5020567",378626,2026-04-14 20:55:30,28.8439064025879,-17.863956451416,"Unknown"
"5020567",378626,2026-04-14 20:56:32,28.8438625335693,-17.8639526367188,"Unknown"
"5020567",378626,2026-04-14 20:57:29,28.8438339233398,-17.8639373779297,"Unknown"
"5020567",378626,2026-04-14 20:58:34,28.8438262939453,-17.8638820648193,"Unknown"
"5020567",378626,2026-04-14 20:59:57,28.8438529968262,-17.8638305664062,"Unknown"
"5020567",378626,2026-04-14 21:00:28,28.843843460083,-17.863826751709,"Unknown"
"5020567",378626,2026-04-14 21:01:28,28.8438549041748,-17.8637866973877,"Unknown"
"5020567",378626,2026-04-14 21:02:28,28.8438625335693,-17.8637390136719,"Unknown"
"5020567",378626,2026-04-14 21:03:28,28.8438377380371,-17.8636989593506,"Unknown"
"5020567",378626,2026-04-14 21:04:29,28.8438682556152,-17.863655090332,"Unknown"
"5020567",378626,2026-04-14 21:05:29,28.8438587188721,-17.8636379241943,"Unknown"
"5020567",378626,2026-04-14 21:06:28,28.8438491821289,-17.8636093139648,"Unknown"
"5020567",378626,2026-04-14 21:07:29,28.8438396453857,-17.8636093139648,"Unknown"
"5020567",378626,2026-04-14 21:08:29,28.8438014984131,-17.8636016845703,"Unknown"
"5020567",378626,2026-04-14 21:09:28,28.8437442779541,-17.8636360168457,"Unknown"
"5020567",378626,2026-04-14 21:10:29,28.8437690734863,-17.863582611084,"Unknown"
"5020567",378626,2026-04-14 21:11:29,28.843786239624,-17.8635215759277,"Unknown"
"5020567",378626,2026-04-14 21:12:29,28.8437671661377,-17.8635444641113,"Unknown"
"5020567",378626,2026-04-14 21:13:28,28.8437652587891,-17.8635101318359,"Unknown"
"5020567",378626,2026-04-14 21:14:29,28.8437652587891,-17.8635101318359,"Unknown"
"5020567",378626,2026-04-14 21:15:28,28.8442497253418,-17.8631649017334,"Unknown"
"5020567",378626,2026-04-14 21:16:28,28.8443088531494,-17.8631896972656,"Unknown"
"5020567",378626,2026-04-14 21:17:29,28.8442935943604,-17.8632411956787,"Unknown"
"5020567",378626,2026-04-14 21:18:29,28.8442859649658,-17.8632507324219,"Unknown"
"5020567",378626,2026-04-14 21:19:28,28.8443012237549,-17.8632469177246,"Unknown"
"5020567",378626,2026-04-14 21:20:28,28.844295501709,-17.8632831573486,"Unknown"
"5020567",378626,2026-04-14 21:21:29,28.8442707061768,-17.8633327484131,"Unknown"
"5020567",378626,2026-04-14 21:22:29,28.8442840576172,-17.8633899688721,"Unknown"
"5020567",378626,2026-04-14 21:23:29,28.8443069458008,-17.8633804321289,"Unknown"
"5020567",378626,2026-04-14 21:24:29,28.8443145751953,-17.8634243011475,"Unknown"
"5020567",378626,2026-04-14 21:25:29,28.8443450927734,-17.8634643554688,"Unknown"
"5020567",378626,2026-04-14 21:26:29,28.8443431854248,-17.8634700775146,"Unknown"
"5020567",378626,2026-04-14 21:27:28,28.8443412780762,-17.863452911377,"Unknown"
"5020567",378626,2026-04-14 21:28:29,28.8443489074707,-17.8634738922119,"Unknown"
"5020567",378626,2026-04-14 21:29:29,28.8443470001221,-17.863468170166,"Unknown"
"5020567",378626,2026-04-14 21:30:29,28.8443450927734,-17.8634338378906,"Unknown"
"5020567",378626,2026-04-14 21:31:29,28.8443202972412,-17.863410949707,"Unknown"
"5020567",378626,2026-04-14 21:32:29,28.8442878723145,-17.8634090423584,"Unknown"
"5020567",378626,2026-04-14 21:33:57,28.8442630767822,-17.863374710083,"Unknown"
"5020567",378626,2026-04-14 21:34:28,28.8442668914795,-17.8633365631104,"Unknown"
"5020567",378626,2026-04-14 21:35:29,28.8442211151123,-17.8633308410645,"Unknown"
"5020567",378626,2026-04-14 21:36:28,28.8441829681396,-17.8633308410645,"Unknown"
"5020567",378626,2026-04-14 21:37:28,28.8441677093506,-17.8633098602295,"Unknown"
"5020567",378626,2026-04-14 21:38:28,28.844123840332,-17.8633079528809,"Unknown"
"5020567",378626,2026-04-14 21:39:28,28.8440971374512,-17.8633098602295,"Unknown"
"5020567",378626,2026-04-14 21:40:28,28.8440742492676,-17.8633098602295,"Unknown"
"5020567",378626,2026-04-14 21:41:29,28.844030380249,-17.8633155822754,"Unknown"
"5020567",378626,2026-04-14 21:42:28,28.8439922332764,-17.8633213043213,"Unknown"
"5020567",378626,2026-04-14 21:43:28,28.8439846038818,-17.8633060455322,"Unknown"
"5020567",378626,2026-04-14 21:44:28,28.8439445495605,-17.863302230835,"Unknown"
"5020567",378626,2026-04-14 21:45:28,28.8439102172852,-17.8632869720459,"Unknown"
"5020567",378626,2026-04-14 21:46:28,28.843921661377,-17.8632678985596,"Unknown"
"5020567",378626,2026-04-14 21:47:28,28.8438949584961,-17.8632373809814,"Unknown"
"5020567",378626,2026-04-14 21:48:28,28.8438835144043,-17.8632011413574,"Unknown"
"5020567",378626,2026-04-14 21:49:28,28.8438529968262,-17.8631992340088,"Unknown"
"5020567",378626,2026-04-14 21:50:28,28.8438301086426,-17.8632049560547,"Unknown"
"5020567",378626,2026-04-14 21:51:28,28.8438491821289,-17.8632526397705,"Unknown"
"5020567",378626,2026-04-14 21:52:28,28.8438682556152,-17.8632984161377,"Unknown"
"5020567",378626,2026-04-14 21:53:29,28.8438358306885,-17.8633575439453,"Unknown"
"5020567",378626,2026-04-14 21:54:28,28.8438301086426,-17.8633804321289,"Unknown"
"5020567",378626,2026-04-14 21:55:28,28.8438205718994,-17.8634204864502,"Unknown"
"5020567",378626,2026-04-14 21:56:28,28.8438415527344,-17.8634376525879,"Unknown"
"5020567",378626,2026-04-14 21:57:28,28.8438682556152,-17.8634490966797,"Unknown"
"5020567",378626,2026-04-14 21:58:29,28.8438758850098,-17.8634853363037,"Unknown"
"5020567",378626,2026-04-14 21:59:28,28.8438987731934,-17.8634834289551,"Unknown"
"5020567",378626,2026-04-14 22:00:29,28.8438835144043,-17.8635139465332,"Unknown"
"5020567",378626,2026-04-14 22:01:29,28.8439121246338,-17.8635292053223,"Unknown"
"5020567",378626,2026-04-14 22:02:28,28.8439407348633,-17.8635158538818,"Unknown"
"5020567",378626,2026-04-14 22:03:29,28.8439559936523,-17.8635559082031,"Unknown"
"5020567",378626,2026-04-14 22:04:29,28.8439788818359,-17.8635444641113,"Unknown"
"5020567",378626,2026-04-14 22:05:29,28.8439788818359,-17.8635425567627,"Unknown"
"5020567",378626,2026-04-14 22:06:29,28.8441200256348,-17.8634014129639,"Unknown"
"5020567",378626,2026-04-14 22:07:28,28.8442153930664,-17.8634071350098,"Unknown"
"5020567",378626,2026-04-14 22:08:29,28.8442497253418,-17.8634510040283,"Unknown"
"5020567",378626,2026-04-14 22:09:28,28.8442344665527,-17.8635005950928,"Unknown"
"5020567",378626,2026-04-14 22:10:29,28.8442306518555,-17.8635234832764,"Unknown"
"5020567",378626,2026-04-14 22:11:28,28.8442554473877,-17.8635387420654,"Unknown"
"5020567",378626,2026-04-14 22:12:28,28.8442821502686,-17.863561630249,"Unknown"
"5020567",378626,2026-04-14 22:13:28,28.8443050384521,-17.8636131286621,"Unknown"
"5020567",378626,2026-04-14 22:14:29,28.8442878723145,-17.8636741638184,"Unknown"
"5020567",378626,2026-04-14 22:15:29,28.8443183898926,-17.8637104034424,"Unknown"
"5020567",378626,2026-04-14 22:16:29,28.8443241119385,-17.8637466430664,"Unknown"
"5020567",378626,2026-04-14 22:17:29,28.8443222045898,-17.8637275695801,"Unknown"
"5020567",378626,2026-04-14 22:18:29,28.8443450927734,-17.86376953125,"Unknown"
"5020567",378626,2026-04-14 22:19:28,28.844331741333,-17.8637752532959,"Unknown"
"5020567",378626,2026-04-14 22:20:29,28.8443145751953,-17.863826751709,"Unknown"
"5020567",378626,2026-04-14 22:21:29,28.8442878723145,-17.8639087677002,"Unknown"
"5020567",378626,2026-04-14 22:22:29,28.844259262085,-17.8639812469482,"Unknown"
"5020567",378626,2026-04-14 22:23:29,28.8445587158203,-17.8635234832764,"Unknown"
"5020567",378626,2026-04-14 22:24:29,28.8463249206543,-17.8622779846191,"Unknown"
"5020567",378626,2026-04-14 22:25:29,28.8462829589844,-17.8623352050781,"Unknown"
"5020567",378626,2026-04-14 22:26:29,28.8462677001953,-17.8623733520508,"Unknown"
"5020567",378626,2026-04-14 22:27:28,28.8462505340576,-17.8623943328857,"Unknown"
"5020567",378626,2026-04-14 22:28:29,28.8462772369385,-17.8624210357666,"Unknown"
"5020567",378626,2026-04-14 22:29:29,28.846263885498,-17.8624801635742,"Unknown"
"5020567",378626,2026-04-14 22:30:29,28.8462409973145,-17.8625259399414,"Unknown"
"5020567",378626,2026-04-14 22:31:29,28.8462600708008,-17.8625640869141,"Unknown"
"5020567",378626,2026-04-14 22:32:29,28.8462543487549,-17.8625621795654,"Unknown"
"5020567",378626,2026-04-14 22:33:29,28.8462657928467,-17.8625946044922,"Unknown"
"5020567",378626,2026-04-14 22:34:29,28.8462810516357,-17.8626041412354,"Unknown"
"5020567",378626,2026-04-14 22:35:28,28.8462677001953,-17.8626022338867,"Unknown"
"5020567",378626,2026-04-14 22:36:28,28.8463001251221,-17.8626365661621,"Unknown"
"5020567",378626,2026-04-14 22:37:29,28.846305847168,-17.8626480102539,"Unknown"
"5020567",378626,2026-04-14 22:38:28,28.8463115692139,-17.8626232147217,"Unknown"
"5020567",378626,2026-04-14 22:39:28,28.8463535308838,-17.8626594543457,"Unknown"
"5020567",378626,2026-04-14 22:40:28,28.8463459014893,-17.8626747131348,"Unknown"
"5020567",378626,2026-04-14 22:41:29,28.8463592529297,-17.8627262115479,"Unknown"
"5020567",378626,2026-04-14 22:42:28,28.8463459014893,-17.8627433776855,"Unknown"
"5020567",378626,2026-04-14 22:43:30,28.846378326416,-17.8627872467041,"Unknown"
"5020567",378626,2026-04-14 22:44:30,28.8463821411133,-17.8628597259521,"Unknown"
"5020567",378626,2026-04-14 22:45:30,28.8463802337646,-17.8628902435303,"Unknown"
"5020567",378626,2026-04-14 22:46:31,28.8463954925537,-17.862907409668,"Unknown"
"5020567",378626,2026-04-14 22:47:30,28.8463878631592,-17.8629283905029,"Unknown"
"5020567",378626,2026-04-14 22:48:30,28.8463954925537,-17.8629779815674,"Unknown"
"5020567",378626,2026-04-14 22:49:29,28.8463802337646,-17.8630065917969,"Unknown"
"5020567",378626,2026-04-14 22:50:32,28.8463840484619,-17.86305809021,"Unknown"
"5020567",378626,2026-04-14 22:51:32,28.8463821411133,-17.8631172180176,"Unknown"
"5020567",378626,2026-04-14 22:52:30,28.8463745117188,-17.863151550293,"Unknown"
"5020567",378626,2026-04-14 22:53:32,28.8463573455811,-17.8632183074951,"Unknown"
"5020567",378626,2026-04-14 22:54:31,28.846363067627,-17.8632392883301,"Unknown"
"5020567",378626,2026-04-14 22:55:31,28.8463344573975,-17.8633327484131,"Unknown"
"5020567",378626,2026-04-14 22:56:30,28.8463592529297,-17.8633804321289,"Unknown"
"5020567",378626,2026-04-14 22:57:31,28.846363067627,-17.8634700775146,"Unknown"
"5020567",378626,2026-04-14 22:58:31,28.846342086792,-17.8635025024414,"Unknown"
"5020567",378626,2026-04-14 22:59:31,28.8463287353516,-17.8635787963867,"Unknown"
"5020567",378626,2026-04-14 23:00:31,28.8463497161865,-17.8636169433594,"Unknown"
"5020567",378626,2026-04-14 23:01:32,28.8463230133057,-17.8636741638184,"Unknown"
"5020567",378626,2026-04-14 23:02:31,28.8463230133057,-17.863733291626,"Unknown"
"5020567",378626,2026-04-14 23:03:32,28.8463153839111,-17.8637809753418,"Unknown"
"5020567",378626,2026-04-14 23:04:32,28.8462905883789,-17.8638687133789,"Unknown"
"5020567",378626,2026-04-14 23:05:33,28.8462371826172,-17.8639259338379,"Unknown"
"5020567",378626,2026-04-14 23:06:34,28.8461952209473,-17.8639984130859,"Unknown"
"5020567",378626,2026-04-14 23:07:32,28.8461589813232,-17.8641147613525,"Unknown"
"5020567",378626,2026-04-14 23:08:32,28.8461380004883,-17.8641891479492,"Unknown"
"5020567",378626,2026-04-14 23:09:34,28.8460788726807,-17.8642768859863,"Unknown"
"5020567",378626,2026-04-14 23:10:31,28.8460292816162,-17.8643455505371,"Unknown"
"5020567",378626,2026-04-14 23:11:32,28.8459968566895,-17.8644199371338,"Unknown"
"5020567",378626,2026-04-14 23:12:33,28.84596824646,-17.8644847869873,"Unknown"
"5020567",378626,2026-04-14 23:13:34,28.8459568023682,-17.8645515441895,"Unknown"
"5020567",378626,2026-04-14 23:14:31,28.84592628479,-17.8646297454834,"Unknown"
"5020567",378626,2026-04-14 23:15:31,28.8459072113037,-17.864725112915,"Unknown"
"5020567",378626,2026-04-14 23:16:31,28.8458957672119,-17.8648109436035,"Unknown"
"5020567",378626,2026-04-14 23:17:32,28.845853805542,-17.8649158477783,"Unknown"
"5020567",378626,2026-04-14 23:18:29,28.8458595275879,-17.8650093078613,"Unknown"
"5020567",378626,2026-04-14 23:19:30,28.8458557128906,-17.8650741577148,"Unknown"
"5020567",378626,2026-04-14 23:20:32,28.8458633422852,-17.8651809692383,"Unknown"
"5020567",378626,2026-04-14 23:21:30,28.845853805542,-17.8652248382568,"Unknown"
"5020567",378626,2026-04-14 23:22:33,28.8458404541016,-17.8652954101562,"Unknown"
"5020567",378626,2026-04-14 23:23:57,28.8458595275879,-17.865406036377,"Unknown"
"5020567",378626,2026-04-14 23:24:29,28.8458309173584,-17.8654499053955,"Unknown"
"5020567",378626,2026-04-14 23:25:29,28.8458423614502,-17.8655261993408,"Unknown"
"5020567",378626,2026-04-14 23:26:29,28.8458461761475,-17.865592956543,"Unknown"
"5020567",378626,2026-04-14 23:27:28,28.8458709716797,-17.8656558990479,"Unknown"
"5020567",378626,2026-04-14 23:28:28,28.8458576202393,-17.8657493591309,"Unknown"
"5020567",378626,2026-04-14 23:29:28,28.8458766937256,-17.8658275604248,"Unknown"
"5020567",378626,2026-04-14 23:30:29,28.8458652496338,-17.8659248352051,"Unknown"
"5020567",378626,2026-04-14 23:31:28,28.845853805542,-17.866024017334,"Unknown"
"5020567",378626,2026-04-14 23:32:28,28.845874786377,-17.866096496582,"Unknown"
"5020567",378626,2026-04-14 23:33:29,28.8459053039551,-17.8661880493164,"Unknown"
"5020567",378626,2026-04-14 23:34:29,28.8459339141846,-17.8662796020508,"Unknown"
"5020567",378626,2026-04-14 23:35:29,28.8459434509277,-17.8663597106934,"Unknown"
"5020567",378626,2026-04-14 23:36:29,28.8459415435791,-17.8664436340332,"Unknown"
"5020567",378626,2026-04-14 23:37:29,28.8459758758545,-17.8665390014648,"Unknown"
"5020567",378626,2026-04-14 23:38:28,28.8459930419922,-17.8666286468506,"Unknown"
"5020567",378626,2026-04-14 23:39:28,28.8460254669189,-17.8666934967041,"Unknown"
"5020567",378626,2026-04-14 23:40:28,28.8460426330566,-17.8667640686035,"Unknown"
"5020567",378626,2026-04-14 23:41:29,28.8460464477539,-17.8668479919434,"Unknown"
"5020567",378626,2026-04-14 23:42:29,28.8460597991943,-17.8669395446777,"Unknown"
"5020567",378626,2026-04-14 23:43:28,28.8460464477539,-17.8670024871826,"Unknown"
"5020567",378626,2026-04-14 23:44:28,28.8460311889648,-17.8671035766602,"Unknown"
"5020567",378626,2026-04-14 23:45:29,28.8460578918457,-17.8672027587891,"Unknown"
"5020567",378626,2026-04-14 23:46:29,28.8460445404053,-17.8673133850098,"Unknown"
"5020567",378626,2026-04-14 23:47:29,28.8460445404053,-17.8674163818359,"Unknown"
"5020567",378626,2026-04-14 23:48:29,28.8460292816162,-17.8675308227539,"Unknown"
"5020567",378626,2026-04-14 23:49:29,28.8460083007812,-17.8676528930664,"Unknown"
"5020567",378626,2026-04-14 23:50:28,28.8460235595703,-17.8677387237549,"Unknown"
"5020567",378626,2026-04-14 23:51:28,28.846019744873,-17.867847442627,"Unknown"
"5020567",378626,2026-04-14 23:52:29,28.8460235595703,-17.8679008483887,"Unknown"
"5020567",378626,2026-04-14 23:53:28,28.8460464477539,-17.8679695129395,"Unknown"
"5020567",378626,2026-04-14 23:54:28,28.8460254669189,-17.8680877685547,"Unknown"
"5020567",378626,2026-04-14 23:55:28,28.8460559844971,-17.8681468963623,"Unknown"
"5020567",378626,2026-04-14 23:56:29,28.8460693359375,-17.8682270050049,"Unknown"
"5020567",378626,2026-04-14 23:57:28,28.8460865020752,-17.8682765960693,"Unknown"
"5020567",378626,2026-04-14 23:58:30,28.846061706543,-17.868350982666,"Unknown"
"5020567",378626,2026-04-14 23:59:29,28.8460693359375,-17.8684349060059,"Unknown"
"5020567",378626,2026-04-15 00:01:03,28.8460578918457,-17.8685626983643,"Unknown"
"5020567",378626,2026-04-15 00:01:28,28.8460655212402,-17.8685932159424,"Unknown"
"5020567",378626,2026-04-15 00:02:28,28.846061706543,-17.8686943054199,"Unknown"
"5020567",378626,2026-04-15 00:03:28,28.8460636138916,-17.868782043457,"Unknown"
"5020567",378626,2026-04-15 00:04:28,28.8460807800293,-17.8688907623291,"Unknown"
"5020567",378626,2026-04-15 00:05:28,28.8460941314697,-17.8689670562744,"Unknown"
"5020567",378626,2026-04-15 00:06:28,28.8460922241211,-17.8690490722656,"Unknown"
"5020567",378626,2026-04-15 00:07:28,28.8461265563965,-17.8691329956055,"Unknown"
"5020567",378626,2026-04-15 00:08:29,28.8461112976074,-17.8692436218262,"Unknown"
"5020567",378626,2026-04-15 00:09:28,28.8461170196533,-17.869327545166,"Unknown"
"5020567",378626,2026-04-15 00:10:28,28.8461036682129,-17.8694362640381,"Unknown"
"5020567",378626,2026-04-15 00:11:28,28.8461132049561,-17.8695125579834,"Unknown"
"5020567",378626,2026-04-15 00:12:28,28.8461380004883,-17.8695945739746,"Unknown"
"5020567",378626,2026-04-15 00:13:28,28.8461437225342,-17.869701385498,"Unknown"
"5020567",378626,2026-04-15 00:14:28,28.8461418151855,-17.8697872161865,"Unknown"
"5020567",378626,2026-04-15 00:15:27,28.8461532592773,-17.8698558807373,"Unknown"
"5020567",378626,2026-04-15 00:16:28,28.846170425415,-17.8699283599854,"Unknown"
"5020567",378626,2026-04-15 00:17:28,28.8464050292969,-17.8699398040771,"Unknown"
"5020567",378626,2026-04-15 00:18:28,28.8464298248291,-17.8700332641602,"Unknown"
"5020567",378626,2026-04-15 00:19:29,28.8463935852051,-17.870138168335,"Unknown"
"5020567",378626,2026-04-15 00:20:28,28.8464317321777,-17.8702507019043,"Unknown"
"5020567",378626,2026-04-15 00:21:28,28.8464431762695,-17.8703269958496,"Unknown"
"5020567",378626,2026-04-15 00:22:28,28.8464603424072,-17.8703956604004,"Unknown"
"5020567",378626,2026-04-15 00:23:29,28.8464698791504,-17.8704929351807,"Unknown"
"5020567",378626,2026-04-15 00:24:28,28.846471786499,-17.8705463409424,"Unknown"
"5020567",378626,2026-04-15 00:25:29,28.8465023040771,-17.8706245422363,"Unknown"
"5020567",378626,2026-04-15 00:26:28,28.8465118408203,-17.870719909668,"Unknown"
"5020567",378626,2026-04-15 00:27:27,28.8465213775635,-17.8708095550537,"Unknown"
"5020567",378626,2026-04-15 00:28:28,28.8465614318848,-17.8708877563477,"Unknown"
"5020567",378626,2026-04-15 00:29:28,28.8465919494629,-17.8709602355957,"Unknown"
"5020567",378626,2026-04-15 00:30:28,28.8466491699219,-17.8710460662842,"Unknown"
"5020567",378626,2026-04-15 00:31:29,28.846700668335,-17.8711414337158,"Unknown"
"5020567",378626,2026-04-15 00:32:27,28.8467483520508,-17.8712348937988,"Unknown"
"5020567",378626,2026-04-15 00:33:29,28.8467960357666,-17.871301651001,"Unknown"
"5020567",378626,2026-04-15 00:34:28,28.8468494415283,-17.8713607788086,"Unknown"
"5020567",378626,2026-04-15 00:35:29,28.8469047546387,-17.8714370727539,"Unknown"
"5020567",378626,2026-04-15 00:36:27,28.8469619750977,-17.8714981079102,"Unknown"
"5020567",378626,2026-04-15 00:37:28,28.8469905853271,-17.8715934753418,"Unknown"
"5020567",378626,2026-04-15 00:38:29,28.8470096588135,-17.8716526031494,"Unknown"
"5020567",378626,2026-04-15 00:39:28,28.847074508667,-17.8717231750488,"Unknown"
"5020567",378626,2026-04-15 00:40:28,28.847110748291,-17.8718166351318,"Unknown"
"5020567",378626,2026-04-15 00:41:28,28.8471698760986,-17.8719081878662,"Unknown"
"5020567",378626,2026-04-15 00:42:28,28.8472175598145,-17.8720035552979,"Unknown"
"5020567",378626,2026-04-15 00:43:28,28.8472461700439,-17.8721122741699,"Unknown"
"5020567",378626,2026-04-15 00:44:29,28.8472862243652,-17.8721942901611,"Unknown"
"5020567",378626,2026-04-15 00:45:28,28.8473110198975,-17.8722763061523,"Unknown"
"5020567",378626,2026-04-15 00:46:29,28.847339630127,-17.8723983764648,"Unknown"
"5020567",378626,2026-04-15 00:47:28,28.8473281860352,-17.8724765777588,"Unknown"
"5020567",378626,2026-04-15 00:48:28,28.8473262786865,-17.8725833892822,"Unknown"
"5020567",378626,2026-04-15 00:49:28,28.8473815917969,-17.8726825714111,"Unknown"
"5020567",378626,2026-04-15 00:50:28,28.8474216461182,-17.8727874755859,"Unknown"
"5020567",378626,2026-04-15 00:51:29,28.8474273681641,-17.8729152679443,"Unknown"
"5020567",378626,2026-04-15 00:52:28,28.8474788665771,-17.8730087280273,"Unknown"
"5020567",378626,2026-04-15 00:53:28,28.8475379943848,-17.8731117248535,"Unknown"
"5020567",378626,2026-04-15 00:54:28,28.8475742340088,-17.8732299804688,"Unknown"
"5020567",378626,2026-04-15 00:55:29,28.8476181030273,-17.8733539581299,"Unknown"
"5020567",378626,2026-04-15 00:56:28,28.8476448059082,-17.8734741210938,"Unknown"
"5020567",378626,2026-04-15 00:57:28,28.8476943969727,-17.8735828399658,"Unknown"
"5020567",378626,2026-04-15 00:58:28,28.8477096557617,-17.8737182617188,"Unknown"
"5020567",378626,2026-04-15 01:08:28,28.8480644226074,-17.8750171661377,"Unknown"
"5020567",378626,2026-04-15 01:09:28,28.8481140136719,-17.8751354217529,"Unknown"
"5020567",378626,2026-04-15 01:19:28,28.8483123779297,-17.8765621185303,"Unknown"
"5020567",378626,2026-04-15 01:20:28,28.8483543395996,-17.8766975402832,"Unknown"
"5020567",378626,2026-04-15 01:30:28,28.8495712280273,-17.8780078887939,"Unknown"
"5020567",378626,2026-04-15 01:31:29,28.8496017456055,-17.8781661987305,"Unknown"
"5020567",378626,2026-04-15 01:32:28,28.8496131896973,-17.8782958984375,"Unknown"
"5020567",378626,2026-04-15 01:33:28,28.8496265411377,-17.8784637451172,"Unknown"
"5020567",378626,2026-04-15 01:34:28,28.8496513366699,-17.8786182403564,"Unknown"
"5020567",378626,2026-04-15 01:44:29,28.850025177002,-17.880090713501,"Unknown"
"5020567",378626,2026-04-15 01:45:28,28.850061416626,-17.8802375793457,"Unknown"
"5020567",378626,2026-04-15 01:46:28,28.8500862121582,-17.8803939819336,"Unknown"
"5020567",378626,2026-04-15 01:47:28,28.8501319885254,-17.8805465698242,"Unknown"
"5020567",378626,2026-04-15 01:57:28,28.8506832122803,-17.8821277618408,"Unknown"
"5020567",378626,2026-04-15 02:07:29,28.8514175415039,-17.8833351135254,"Unknown"
"5020567",378626,2026-04-15 02:08:28,28.8514995574951,-17.8834381103516,"Unknown"
"5020567",378626,2026-04-15 02:18:29,28.8569717407227,-17.8832778930664,"Unknown"
"5020567",378626,2026-04-15 02:28:30,28.8573608398438,-17.8846569061279,"Unknown"
"5020567",378626,2026-04-15 02:38:57,28.8577423095703,-17.8862686157227,"Unknown"
"5020567",378626,2026-04-15 02:48:29,28.8580589294434,-17.8879890441895,"Unknown"
"5020567",378626,2026-04-15 02:49:29,28.8581085205078,-17.8881778717041,"Unknown"
"5020567",378626,2026-04-15 02:59:29,28.8586559295654,-17.8901519775391,"Unknown"
"5020567",378626,2026-04-15 03:09:28,28.8592929840088,-17.8921012878418,"Unknown"
"5020567",378626,2026-04-15 03:19:29,28.8602733612061,-17.8940658569336,"Unknown"
"5020567",378626,2026-04-15 03:29:30,28.8613529205322,-17.895938873291,"Unknown"
"5020567",378626,2026-04-15 03:39:30,28.8625030517578,-17.8979568481445,"Unknown"
"5020567",378626,2026-04-15 03:49:30,28.8640556335449,-17.8994884490967,"Unknown"
"5020567",378626,2026-04-15 04:00:03,28.8651638031006,-17.9016799926758,"Unknown"
"5020567",378626,2026-04-15 04:09:28,28.8660430908203,-17.9038410186768,"Unknown"
"5020567",378626,2026-04-15 04:19:29,28.8668613433838,-17.9064159393311,"Unknown"
"5020567",378626,2026-04-15 04:29:29,28.8683204650879,-17.9087314605713,"Unknown"
"5020567",378626,2026-04-15 04:39:29,28.8684062957764,-17.9112167358398,"Unknown"
"5020567",378626,2026-04-15 04:49:29,28.8683643341064,-17.9137077331543,"Unknown"
"5020567",378626,2026-04-15 04:59:30,28.868782043457,-17.9162063598633,"Unknown"
"5020567",378626,2026-04-15 05:09:30,28.8693828582764,-17.9188461303711,"Unknown"
"5020567",378626,2026-04-15 05:19:32,28.8703308105469,-17.9216251373291,"Unknown"
"5020567",378626,2026-04-15 05:29:34,28.8709583282471,-17.9243545532227,"Unknown"
"5020567",378626,2026-04-15 05:39:31,28.8711891174316,-17.9274253845215,"Unknown"
"5020567",378626,2026-04-15 05:49:32,28.8715000152588,-17.9307708740234,"Unknown"
"5020567",378626,2026-04-15 05:59:29,28.8704109191895,-17.9328193664551,"Unknown"
"5020567",378626,2026-04-15 06:10:54,28.8812503814697,-17.9341564178467,"Unknown"
"5020567",378626,2026-04-15 06:20:54,28.9010028839111,-17.933614730835,"Unknown"
"5020567",378626,2026-04-15 06:30:54,28.8975315093994,-17.9179000854492,"Unknown"
"5020567",378626,2026-04-15 06:49:57,28.8581409454346,-17.935338973999,"Unknown"
"5020567",378626,2026-04-15 06:59:30,28.8616409301758,-17.9363174438477,"Unknown"
"5020567",378626,2026-04-15 07:09:29,28.849193572998,-17.9712390899658,"Unknown"
"5020567",378626,2026-04-15 07:19:29,28.8489112854004,-17.9697189331055,"Unknown"
"5020567",378626,2026-04-15 07:29:29,28.8639736175537,-17.9565029144287,"Unknown"
"5020567",378626,2026-04-15 07:39:30,28.8697757720947,-17.9498195648193,"Unknown"
"5020567",378626,2026-04-15 07:49:29,28.8707981109619,-17.9401893615723,"Unknown"
"5020567",378626,2026-04-15 07:59:29,28.8678493499756,-17.9349536895752,"Unknown"
"5020567",378626,2026-04-15 08:09:29,28.8643245697021,-17.9304637908936,"Unknown"
"5020567",378626,2026-04-15 08:19:30,28.8695907592773,-17.9239158630371,"Unknown"
"5020567",378626,2026-04-15 08:29:33,28.8556213378906,-17.9520683288574,"Unknown"
"5020567",378626,2026-04-15 08:39:33,28.8531284332275,-17.957103729248,"Unknown"
"5020567",378626,2026-04-15 08:50:03,28.8509693145752,-17.9618244171143,"Unknown"
"5020567",378626,2026-04-15 08:59:30,28.8490142822266,-17.9662609100342,"Unknown"
"5020567",378626,2026-04-15 09:09:31,28.8524227142334,-17.9634265899658,"Unknown"
"5020567",378626,2026-04-15 09:10:29,28.8465328216553,-17.9743556976318,"Unknown"
"5020567",378626,2026-04-15 09:11:28,28.8466663360596,-17.9745140075684,"Unknown"
"5020567",378626,2026-04-15 09:12:46,28.8468647003174,-17.9745502471924,"Unknown"
"5020567",378626,2026-04-15 09:13:42,28.8464412689209,-17.9743900299072,"Unknown"
"5020567",378626,2026-04-15 09:23:29,28.8433494567871,-17.9716911315918,"Unknown"
"5020567",378626,2026-04-15 09:24:31,28.8437271118164,-17.9718475341797,"Unknown"
"5020567",378626,2026-04-15 09:25:29,28.8466949462891,-17.973518371582,"Unknown"
"5020567",378626,2026-04-15 09:26:29,28.847339630127,-17.9711399078369,"Unknown"
"5020567",378626,2026-04-15 09:27:29,28.847375869751,-17.9711990356445,"Unknown"
"5020567",378626,2026-04-15 09:28:28,28.8465557098389,-17.9683113098145,"Unknown"
"5020567",378626,2026-04-15 09:29:28,28.8438110351562,-17.9636688232422,"Unknown"
"5020567",378626,2026-04-15 09:30:31,28.8457374572754,-17.9613590240479,"Unknown"
"5020567",378626,2026-04-15 09:31:31,28.8491859436035,-17.9645767211914,"Unknown"
"5020567",378626,2026-04-15 09:32:30,28.8524131774902,-17.9664306640625,"Unknown"
"5020567",378626,2026-04-15 09:33:29,28.8501739501953,-17.9646644592285,"Unknown"
"5020567",378626,2026-04-15 09:34:29,28.8513660430908,-17.9644317626953,"Unknown"
"5020567",378626,2026-04-15 09:35:29,28.851095199585,-17.9623527526855,"Unknown"
"5020567",378626,2026-04-15 09:36:30,28.8511962890625,-17.9604797363281,"Unknown"
"5020567",378626,2026-04-15 09:37:31,28.8539962768555,-17.9618816375732,"Unknown"
"5020567",378626,2026-04-15 09:38:29,28.8554649353027,-17.9614562988281,"Unknown"
"5020567",378626,2026-04-15 09:39:30,28.8585987091064,-17.9624004364014,"Unknown"
"5020567",378626,2026-04-15 09:40:29,28.8639278411865,-17.9645290374756,"Unknown"
"5020567",378626,2026-04-15 09:41:30,28.8666820526123,-17.9642124176025,"Unknown"
"5020567",378626,2026-04-15 09:46:45,28.854549407959,-17.9544010162354,"Unknown"
"5020567",378626,2026-04-15 09:51:32,28.855993270874,-17.954231262207,"Unknown"
"5020567",378626,2026-04-15 09:52:53,28.8539428710938,-17.9541091918945,"Unknown"
"5020567",378626,2026-04-15 09:53:29,28.8539924621582,-17.9540119171143,"Unknown"
"5020567",378626,2026-04-15 09:54:29,28.8541221618652,-17.9539318084717,"Unknown"
"5020567",378626,2026-04-15 09:55:29,28.8538818359375,-17.955020904541,"Unknown"
"5020567",378626,2026-04-15 09:56:30,28.8544654846191,-17.9551563262939,"Unknown"
"5020567",378626,2026-04-15 09:57:29,28.856912612915,-17.9555606842041,"Unknown"
"5020567",378626,2026-04-15 09:58:29,28.856761932373,-17.9553871154785,"Unknown"
"5020567",378626,2026-04-15 09:59:30,28.8557910919189,-17.9553775787354,"Unknown"
"5020567",378626,2026-04-15 10:00:31,28.8540744781494,-17.956127166748,"Unknown"
"5020567",378626,2026-04-15 10:01:57,28.8545150756836,-17.9565753936768,"Unknown"
"5020567",378626,2026-04-15 10:02:29,28.8545341491699,-17.9565658569336,"Unknown"
"5020567",378626,2026-04-15 10:03:29,28.8545341491699,-17.9565391540527,"Unknown"
"5020567",378626,2026-04-15 10:04:29,28.854528427124,-17.9565601348877,"Unknown"
"5020567",378626,2026-04-15 10:05:29,28.8546600341797,-17.9571743011475,"Unknown"
"5020567",378626,2026-04-15 10:06:30,28.8564910888672,-17.9607448577881,"Unknown"
"5020567",378626,2026-04-15 10:07:29,28.8565444946289,-17.9607734680176,"Unknown"
"5020567",378626,2026-04-15 10:08:29,28.856559753418,-17.9605369567871,"Unknown"
"5020567",378626,2026-04-15 10:09:30,28.8552265167236,-17.9614334106445,"Unknown"
"5020567",378626,2026-04-15 10:10:31,28.8544464111328,-17.9600162506104,"Unknown"
"5020567",378626,2026-04-15 10:11:29,28.854700088501,-17.9595565795898,"Unknown"
"5020567",378626,2026-04-15 10:12:29,28.8561935424805,-17.9589023590088,"Unknown"
"5020567",378626,2026-04-15 10:13:28,28.8584518432617,-17.9588832855225,"Unknown"
"5020567",378626,2026-04-15 10:14:29,28.8636341094971,-17.9614448547363,"Unknown"
"5020567",378626,2026-04-15 10:15:29,28.8671836853027,-17.9624404907227,"Unknown"
"5020567",378626,2026-04-15 10:20:29,28.8577632904053,-17.9554347991943,"Unknown"
"5020567",378626,2026-04-15 10:25:30,28.8581352233887,-17.9554786682129,"Unknown"
"5020567",378626,2026-04-15 10:26:29,28.8582344055176,-17.9555015563965,"Unknown"
"5020567",378626,2026-04-15 10:27:29,28.8583240509033,-17.9555339813232,"Unknown"
"5020567",378626,2026-04-15 10:28:29,28.8584365844727,-17.9555511474609,"Unknown"
"5020567",378626,2026-04-15 10:29:29,28.8585376739502,-17.9555530548096,"Unknown"
"5020567",378626,2026-04-15 10:30:29,28.8586082458496,-17.9554977416992,"Unknown"
"5020567",378626,2026-04-15 10:31:29,28.8586730957031,-17.9554672241211,"Unknown"
"5020567",378626,2026-04-15 10:32:29,28.8587551116943,-17.9554653167725,"Unknown"
"5020567",378626,2026-04-15 10:33:29,28.8588314056396,-17.9554538726807,"Unknown"
"5020567",378626,2026-04-15 10:34:29,28.8589057922363,-17.9555015563965,"Unknown"
"5020567",378626,2026-04-15 10:35:29,28.8589553833008,-17.9555053710938,"Unknown"
"5020567",378626,2026-04-15 10:36:29,28.8587493896484,-17.955530166626,"Unknown"
"5020567",378626,2026-04-15 10:37:29,28.8581485748291,-17.9559841156006,"Unknown"
"5020567",378626,2026-04-15 10:38:29,28.8582992553711,-17.9559955596924,"Unknown"
"5020567",378626,2026-04-15 10:39:30,28.8582820892334,-17.9553909301758,"Unknown"
"5020567",378626,2026-04-15 10:40:29,28.8584175109863,-17.9554290771484,"Unknown"
"5020567",378626,2026-04-15 10:41:28,28.8585910797119,-17.9553852081299,"Unknown"
"5020567",378626,2026-04-15 10:42:29,28.8587207794189,-17.9553241729736,"Unknown"
"5020567",378626,2026-04-15 10:43:29,28.8588352203369,-17.9552707672119,"Unknown"
"5020567",378626,2026-04-15 10:44:28,28.8589763641357,-17.955207824707,"Unknown"
"5020567",378626,2026-04-15 10:45:28,28.8591728210449,-17.9552326202393,"Unknown"
"5020567",378626,2026-04-15 10:46:31,28.8593845367432,-17.9552917480469,"Unknown"
"5020567",378626,2026-04-15 10:47:28,28.8595275878906,-17.9553680419922,"Unknown"
"5020567",378626,2026-04-15 10:48:29,28.8596572875977,-17.9554138183594,"Unknown"
"5020567",378626,2026-04-15 10:49:29,28.8598003387451,-17.9554309844971,"Unknown"
"5020567",378626,2026-04-15 10:50:29,28.8598861694336,-17.9554481506348,"Unknown"
"5020567",378626,2026-04-15 10:51:29,28.8600368499756,-17.9554862976074,"Unknown"
"5020567",378626,2026-04-15 10:52:29,28.8601474761963,-17.9555206298828,"Unknown"
"5020567",378626,2026-04-15 10:53:29,28.8651905059814,-17.9572277069092,"Unknown"
"5020567",378626,2026-04-15 10:54:29,28.8700733184814,-17.9577388763428,"Unknown"
"5020567",378626,2026-04-15 10:59:29,28.8711071014404,-17.9538402557373,"Unknown"
"5020567",378626,2026-04-15 11:04:31,28.8794040679932,-17.9483604431152,"Unknown"
"5020567",378626,2026-04-15 11:09:29,28.8807048797607,-17.9382972717285,"Unknown"
"5020567",378626,2026-04-15 11:14:29,28.8752613067627,-17.9300441741943,"Unknown"
"5020567",378626,2026-04-15 11:19:31,28.8685150146484,-17.9332885742188,"Unknown"
"5020567",378626,2026-04-15 11:24:30,28.8684921264648,-17.9351673126221,"Unknown"
"5020567",378626,2026-04-15 11:29:31,28.8697814941406,-17.9399223327637,"Unknown"
"5020567",378626,2026-04-15 11:34:31,28.8706035614014,-17.9408798217773,"Unknown"
"5020567",378626,2026-04-15 11:40:54,28.8677177429199,-17.9431037902832,"Unknown"
"5020567",378626,2026-04-15 11:45:03,28.8652153015137,-17.9434089660645,"Unknown"
"5020567",378626,2026-04-15 11:49:32,28.86549949646,-17.943977355957,"Unknown"
"5020567",378626,2026-04-15 11:54:30,28.870044708252,-17.9448165893555,"Unknown"
"5020567",378626,2026-04-15 11:59:31,28.8702793121338,-17.9452247619629,"Unknown"
"5020567",378626,2026-04-15 12:04:29,28.8704986572266,-17.9455795288086,"Unknown"
"5020567",378626,2026-04-15 12:09:29,28.8707809448242,-17.9458751678467,"Unknown"
"5020567",378626,2026-04-15 12:14:32,28.8710460662842,-17.9461154937744,"Unknown"
"5020567",378626,2026-04-15 12:19:29,28.8714141845703,-17.9463653564453,"Unknown"
"5020567",378626,2026-04-15 12:24:30,28.8716659545898,-17.9465389251709,"Unknown"
"5020567",378626,2026-04-15 12:29:30,28.87180519104,-17.9469165802002,"Unknown"
"5020567",378626,2026-04-15 12:34:30,28.8719367980957,-17.9472904205322,"Unknown"
"5020567",378626,2026-04-15 12:39:30,28.8721199035645,-17.9479484558105,"Unknown"
"5020567",378626,2026-04-15 12:44:32,28.8724460601807,-17.9484939575195,"Unknown"
"5020567",378626,2026-04-15 12:49:31,28.8727188110352,-17.9488983154297,"Unknown"
"5020567",378626,2026-04-15 12:54:29,28.8731899261475,-17.9492225646973,"Unknown"
"5020567",378626,2026-04-15 12:59:32,28.8733978271484,-17.9494667053223,"Unknown"
"5020567",378626,2026-04-15 13:04:30,28.8737182617188,-17.949592590332,"Unknown"
"5020567",378626,2026-04-15 13:09:32,28.8742046356201,-17.9496765136719,"Unknown"
"5020567",378626,2026-04-15 13:14:32,28.8747653961182,-17.9497299194336,"Unknown"
"5020567",378626,2026-04-15 13:20:03,28.8751411437988,-17.9499607086182,"Unknown"
"5020567",378626,2026-04-15 13:24:29,28.8743686676025,-17.9497470855713,"Unknown"
"5020567",378626,2026-04-15 13:29:29,28.8638019561768,-17.9423065185547,"Unknown"
"5020567",378626,2026-04-15 13:34:29,28.8638458251953,-17.942569732666,"Unknown"
"5020567",378626,2026-04-15 13:39:29,28.8638038635254,-17.9428558349609,"Unknown"
"5020567",378626,2026-04-15 13:44:29,28.8639106750488,-17.943265914917,"Unknown"
"5020567",378626,2026-04-15 13:49:29,28.8637638092041,-17.9436225891113,"Unknown"
"5020567",378626,2026-04-15 13:54:30,28.8636512756348,-17.943941116333,"Unknown"
"5020567",378626,2026-04-15 13:59:29,28.8634910583496,-17.9442920684814,"Unknown"
"5020567",378626,2026-04-15 14:04:29,28.8635635375977,-17.9447040557861,"Unknown"
"5020567",378626,2026-04-15 14:09:29,28.8636016845703,-17.9451675415039,"Unknown"
"5020567",378626,2026-04-15 14:14:29,28.8643112182617,-17.9457607269287,"Unknown"
"5020567",378626,2026-04-15 14:19:33,28.8735237121582,-17.9396209716797,"Unknown"
"5020567",378626,2026-04-15 14:24:32,28.8679599761963,-17.9304428100586,"Unknown"
"5020567",378626,2026-04-15 14:29:29,28.8679981231689,-17.9286785125732,"Unknown"
"5020567",378626,2026-04-15 14:34:29,28.8671226501465,-17.9244079589844,"Unknown"
"5020567",378626,2026-04-15 14:39:31,28.8670883178711,-17.9250183105469,"Unknown"
"5020567",378626,2026-04-15 14:44:32,28.8671398162842,-17.9255657196045,"Unknown"
"5020567",378626,2026-04-15 14:49:31,28.867166519165,-17.9263095855713,"Unknown"
"5020567",378626,2026-04-15 14:54:33,28.8688545227051,-17.9270267486572,"Unknown"
"5020567",378626,2026-04-15 14:59:30,28.8678417205811,-17.927978515625,"Unknown"
"5020567",378626,2026-04-15 15:04:32,28.8678817749023,-17.9288463592529,"Unknown"
"5020567",378626,2026-04-15 15:09:30,28.8680000305176,-17.9257526397705,"Unknown"
"5020567",378626,2026-04-15 15:14:32,28.868595123291,-17.927209854126,"Unknown"
"5020567",378626,2026-04-15 15:19:32,28.8687267303467,-17.9282321929932,"Unknown"
"5020567",378626,2026-04-15 15:24:30,28.8700542449951,-17.9274978637695,"Unknown"
"5020567",378626,2026-04-15 15:29:31,28.8715953826904,-17.9261436462402,"Unknown"
"5020567",378626,2026-04-15 15:34:30,28.8716583251953,-17.9271831512451,"Unknown"
"5020567",378626,2026-04-15 15:39:32,28.8717174530029,-17.9282684326172,"Unknown"
"5020567",378626,2026-04-15 15:44:34,28.8703422546387,-17.9319667816162,"Unknown"
"5020567",378626,2026-04-15 15:49:32,28.8671836853027,-17.9328117370605,"Unknown"
"5020567",378626,2026-04-15 15:54:33,28.8659057617188,-17.934871673584,"Unknown"
"5020567",378626,2026-04-15 15:59:33,28.8644523620605,-17.9343242645264,"Unknown"
"5020567",378626,2026-04-15 16:05:02,28.8643398284912,-17.9352359771729,"Unknown"
"5020567",378626,2026-04-15 16:09:29,28.8615837097168,-17.9359722137451,"Unknown"
"5020567",378626,2026-04-15 16:14:29,28.8613033294678,-17.9375839233398,"Unknown"
"5020567",378626,2026-04-15 16:15:29,28.8612365722656,-17.9377288818359,"Unknown"
"5020567",378626,2026-04-15 16:16:30,28.8611621856689,-17.9379062652588,"Unknown"
"5020567",378626,2026-04-15 16:17:29,28.8611316680908,-17.9380626678467,"Unknown"
"5020567",378626,2026-04-15 16:18:30,28.8610649108887,-17.9382457733154,"Unknown"
"5020567",378626,2026-04-15 16:19:30,28.8610076904297,-17.938419342041,"Unknown"
"5020567",378626,2026-04-15 16:20:31,28.8609371185303,-17.9386024475098,"Unknown"
"5020567",378626,2026-04-15 16:21:31,28.8608875274658,-17.9387950897217,"Unknown"
"5020567",378626,2026-04-15 16:22:30,28.8608379364014,-17.9389762878418,"Unknown"
"5020567",378626,2026-04-15 16:23:31,28.8607864379883,-17.9391441345215,"Unknown"
"5020567",378626,2026-04-15 16:24:31,28.8607635498047,-17.9393157958984,"Unknown"
"5020567",378626,2026-04-15 16:25:31,28.8607730865479,-17.9394645690918,"Unknown"
"5020567",378626,2026-04-15 16:26:31,28.8626308441162,-17.9408111572266,"Unknown"
"5020567",378626,2026-04-15 16:27:31,28.8615760803223,-17.9389743804932,"Unknown"
"5020567",378626,2026-04-15 16:32:31,28.8645648956299,-17.9309062957764,"Unknown"
"5020567",378626,2026-04-15 16:33:31,28.8658008575439,-17.9297142028809,"Unknown"
"5020567",378626,2026-04-15 16:38:31,28.8651256561279,-17.922456741333,"Unknown"
"5020567",378626,2026-04-15 16:43:31,28.8667449951172,-17.9240245819092,"Unknown"
"5020567",378626,2026-04-15 16:48:31,28.8671340942383,-17.9244194030762,"Unknown"
"5020567",378626,2026-04-15 16:53:31,28.8669281005859,-17.9254989624023,"Unknown"
"5020567",378626,2026-04-15 16:58:50,28.865514755249,-17.9255886077881,"Unknown"
"5020567",378626,2026-04-15 17:03:31,28.8652744293213,-17.926778793335,"Unknown"
"5020567",378626,2026-04-15 17:08:32,28.8649806976318,-17.9279708862305,"Unknown"
"5020567",378626,2026-04-15 17:13:31,28.8658332824707,-17.9296131134033,"Unknown"
"5020567",378626,2026-04-15 17:18:31,28.8653011322021,-17.9253330230713,"Unknown"
"5020567",378626,2026-04-15 17:23:31,28.8663330078125,-17.92041015625,"Unknown"
"5020567",378626,2026-04-15 17:28:31,28.8669452667236,-17.9161262512207,"Unknown"
"5020567",378626,2026-04-15 17:33:31,28.8591823577881,-17.9034976959229,"Unknown"
"5020567",378626,2026-04-15 17:38:31,28.8491859436035,-17.8875007629395,"Unknown"
"5020567",378626,2026-04-15 17:39:31,28.8489074707031,-17.8838214874268,"Unknown"
"5020567",378626,2026-04-15 17:40:31,28.8479957580566,-17.8805770874023,"Unknown"
"5020567",378626,2026-04-15 17:41:31,28.8468112945557,-17.8768634796143,"Unknown"
"5020567",378626,2026-04-15 17:42:31,28.8445777893066,-17.8736820220947,"Unknown"
"5020567",378626,2026-04-15 17:43:31,28.8439140319824,-17.8698177337646,"Unknown"
"5020567",378626,2026-04-15 17:44:31,28.8453559875488,-17.8657875061035,"Unknown"
"5020567",378626,2026-04-15 17:45:30,28.8432941436768,-17.8623046875,"Unknown"
"5020567",378626,2026-04-15 17:46:31,28.84446144104,-17.8590221405029,"Unknown"
"5020567",378626,2026-04-15 17:47:31,28.8460426330566,-17.8555545806885,"Unknown"
"5020567",378626,2026-04-15 17:48:31,28.8460731506348,-17.8516807556152,"Unknown"
"5020567",378626,2026-04-15 17:49:32,28.846248626709,-17.8481273651123,"Unknown"
"5020567",378626,2026-04-15 17:50:33,28.8446826934814,-17.8442134857178,"Unknown"
"5020567",378626,2026-04-15 17:51:33,28.8450202941895,-17.840202331543,"Unknown"
"5020567",378626,2026-04-15 17:52:33,28.8479099273682,-17.8378257751465,"Unknown"
"5020567",378626,2026-04-15 17:53:32,28.849781036377,-17.8347759246826,"Unknown"
"5020567",378626,2026-04-15 17:54:31,28.8526630401611,-17.8317089080811,"Unknown"
"5020567",378626,2026-04-15 17:55:32,28.8531742095947,-17.8283500671387,"Unknown"
"5020567",378626,2026-04-15 17:56:31,28.8520393371582,-17.8244972229004,"Unknown"
"5020567",378626,2026-04-15 17:57:31,28.8499126434326,-17.8211154937744,"Unknown"
"5020567",378626,2026-04-15 17:58:31,28.8522872924805,-17.8181915283203,"Unknown"
"5020567",378626,2026-04-15 17:59:31,28.8520984649658,-17.8147087097168,"Unknown"
"5020567",378626,2026-04-15 18:00:31,28.8530502319336,-17.8106441497803,"Unknown"
"5020567",378626,2026-04-15 18:01:31,28.8536968231201,-17.8062610626221,"Unknown"
"5020567",378626,2026-04-15 18:02:31,28.8534660339355,-17.8021659851074,"Unknown"
"5020567",378626,2026-04-15 18:03:31,28.852222442627,-17.7980442047119,"Unknown"
"5020567",378626,2026-04-15 18:04:31,28.8523864746094,-17.7939624786377,"Unknown"
"5020567",378626,2026-04-15 18:05:33,28.8533744812012,-17.7898559570312,"Unknown"
"5020567",378626,2026-04-15 18:06:31,28.8547744750977,-17.7862186431885,"Unknown"
"5020567",378626,2026-04-15 18:07:31,28.8533153533936,-17.7824249267578,"Unknown"
"5020567",378626,2026-04-15 18:08:31,28.8492221832275,-17.7797088623047,"Unknown"
"5020567",378626,2026-04-15 18:09:31,28.8459205627441,-17.775749206543,"Unknown"
"5020567",378626,2026-04-15 18:10:31,28.8429660797119,-17.7719497680664,"Unknown"
"5020567",378626,2026-04-15 18:11:31,28.8392963409424,-17.7685031890869,"Unknown"
"5020567",378626,2026-04-15 18:12:33,28.8362407684326,-17.7647800445557,"Unknown"
"5020567",378626,2026-04-15 18:13:31,28.8336696624756,-17.7613162994385,"Unknown"
"5020567",378626,2026-04-15 18:14:33,28.829761505127,-17.7575225830078,"Unknown"
"5020567",378626,2026-04-15 18:15:31,28.8261394500732,-17.753978729248,"Unknown"
"5020567",378626,2026-04-15 18:16:31,28.8254985809326,-17.7508659362793,"Unknown"
"5020567",378626,2026-04-15 18:17:31,28.8207569122314,-17.7483196258545,"Unknown"
"5020567",378626,2026-04-15 18:18:33,28.8149738311768,-17.7476062774658,"Unknown"
"5020567",378626,2026-04-15 18:19:31,28.8100967407227,-17.7462730407715,"Unknown"
"5020567",378626,2026-04-15 18:20:31,28.805061340332,-17.7443714141846,"Unknown"
"5020567",378626,2026-04-15 18:21:31,28.8057670593262,-17.7438907623291,"Unknown"
"5020567",378626,2026-04-15 18:22:31,28.8058643341064,-17.743953704834,"Unknown"
"5020567",378626,2026-04-15 18:23:31,28.8058433532715,-17.744047164917,"Unknown"
"5020567",378626,2026-04-15 18:24:31,28.8058109283447,-17.7441463470459,"Unknown"
"5020567",378626,2026-04-15 18:25:31,28.8058300018311,-17.7442741394043,"Unknown"
"5020567",378626,2026-04-15 18:26:33,28.8058280944824,-17.7443943023682,"Unknown"
"5020567",378626,2026-04-15 18:28:17,28.8057689666748,-17.7446956634521,"Unknown"
"5020567",378626,2026-04-15 18:28:30,28.8056030273438,-17.7442398071289,"Unknown"
"5020567",378626,2026-04-15 18:29:32,28.8003692626953,-17.7423553466797,"Unknown"
"5020567",378626,2026-04-15 18:30:33,28.7967185974121,-17.7387752532959,"Unknown"
"5020567",378626,2026-04-15 18:31:30,28.7959899902344,-17.7360820770264,"Unknown"
"5020567",378626,2026-04-15 18:32:31,28.7921047210693,-17.7330474853516,"Unknown"
"5020567",378626,2026-04-15 18:33:33,28.7885093688965,-17.7325401306152,"Unknown"
"5020567",378626,2026-04-15 18:34:30,28.787296295166,-17.7291564941406,"Unknown"
"5020567",378626,2026-04-15 18:35:35,28.786865234375,-17.7243556976318,"Unknown"
"5020567",378626,2026-04-15 18:36:38,28.7881031036377,-17.7239952087402,"Unknown"
"5020567",378626,2026-04-15 18:41:37,28.7733821868896,-17.731616973877,"Unknown"
"5020567",378626,2026-04-15 18:47:03,28.7734184265137,-17.732063293457,"Unknown"
"5020567",378626,2026-04-15 18:47:30,28.773401260376,-17.732120513916,"Unknown"
"5020567",378626,2026-04-15 18:48:30,28.7733421325684,-17.7322273254395,"Unknown"
"5020567",378626,2026-04-15 18:49:30,28.7733135223389,-17.7323570251465,"Unknown"
"5020567",378626,2026-04-15 18:50:30,28.7732830047607,-17.7324714660645,"Unknown"
"5020567",378626,2026-04-15 18:51:30,28.7732448577881,-17.7326259613037,"Unknown"
"5020567",378626,2026-04-15 18:52:31,28.7732048034668,-17.7327404022217,"Unknown"
"5020567",378626,2026-04-15 18:53:33,28.7731876373291,-17.7328357696533,"Unknown"
"5020567",378626,2026-04-15 18:54:30,28.7731685638428,-17.7329216003418,"Unknown"
"5020567",378626,2026-04-15 18:55:32,28.7731628417969,-17.7330303192139,"Unknown"
"5020567",378626,2026-04-15 18:56:31,28.7731513977051,-17.7331657409668,"Unknown"
"5020567",378626,2026-04-15 18:57:30,28.7731704711914,-17.7332935333252,"Unknown"
"5020567",378626,2026-04-15 18:58:30,28.7731494903564,-17.7334117889404,"Unknown"
"5020567",378626,2026-04-15 18:59:30,28.7731647491455,-17.7334957122803,"Unknown"
"5020567",378626,2026-04-15 19:00:30,28.7732238769531,-17.7335929870605,"Unknown"
"5020567",378626,2026-04-15 19:01:30,28.7773284912109,-17.7347545623779,"Unknown"
"5020567",378626,2026-04-15 19:02:30,28.7774982452393,-17.7343826293945,"Unknown"
"5020567",378626,2026-04-15 19:03:31,28.7775478363037,-17.734546661377,"Unknown"
"5020567",378626,2026-04-15 19:04:30,28.7775611877441,-17.7346477508545,"Unknown"
"5020567",378626,2026-04-15 19:05:30,28.7776107788086,-17.7347526550293,"Unknown"
"5020567",378626,2026-04-15 19:06:30,28.7776184082031,-17.7347984313965,"Unknown"
"5020567",378626,2026-04-15 19:07:30,28.7776489257812,-17.7349452972412,"Unknown"
"5020567",378626,2026-04-15 19:08:30,28.7777118682861,-17.7350788116455,"Unknown"
"5020567",378626,2026-04-15 19:09:30,28.7777194976807,-17.7352104187012,"Unknown"
"5020567",378626,2026-04-15 19:10:33,28.7777099609375,-17.7353267669678,"Unknown"
"5020567",378626,2026-04-15 19:11:32,28.7777366638184,-17.7354564666748,"Unknown"
"5020567",378626,2026-04-15 19:12:33,28.7777652740479,-17.7356224060059,"Unknown"
"5020567",378626,2026-04-15 19:13:30,28.7777938842773,-17.7357273101807,"Unknown"
"5020567",378626,2026-04-15 19:14:30,28.7778434753418,-17.7359008789062,"Unknown"
"5020567",378626,2026-04-15 19:15:30,28.7778606414795,-17.7360343933105,"Unknown"
"5020567",378626,2026-04-15 19:16:30,28.7778816223145,-17.7361621856689,"Unknown"
"5020567",378626,2026-04-15 19:17:31,28.7779560089111,-17.7363433837891,"Unknown"
"5020567",378626,2026-04-15 19:18:32,28.7779502868652,-17.7364616394043,"Unknown"
"5020567",378626,2026-04-15 19:19:30,28.7779750823975,-17.7366065979004,"Unknown"
"5020567",378626,2026-04-15 19:20:32,28.7779865264893,-17.7368183135986,"Unknown"
"5020567",378626,2026-04-15 19:21:30,28.7780151367188,-17.7369556427002,"Unknown"
"5020567",378626,2026-04-15 19:22:30,28.7780380249023,-17.7369976043701,"Unknown"
"5020567",378626,2026-04-15 19:23:32,28.7780685424805,-17.7370872497559,"Unknown"
"5020567",378626,2026-04-15 19:24:33,28.7780952453613,-17.7372016906738,"Unknown"
"5020567",378626,2026-04-15 19:25:30,28.778133392334,-17.7372913360596,"Unknown"
"5020567",378626,2026-04-15 19:26:30,28.7781505584717,-17.7373847961426,"Unknown"
"5020567",378626,2026-04-15 19:27:30,28.7781810760498,-17.7375259399414,"Unknown"
"5020567",378626,2026-04-15 19:28:30,28.7781810760498,-17.7376041412354,"Unknown"
"5020567",378626,2026-04-15 19:29:30,28.7782001495361,-17.737699508667,"Unknown"
"5020567",378626,2026-04-15 19:30:32,28.778226852417,-17.7378044128418,"Unknown"
"5020567",378626,2026-04-15 19:31:30,28.7782173156738,-17.7378902435303,"Unknown"
"5020567",378626,2026-04-15 19:32:30,28.7782516479492,-17.7380104064941,"Unknown"
"5020567",378626,2026-04-15 19:33:30,28.7782802581787,-17.7381210327148,"Unknown"
"5020567",378626,2026-04-15 19:34:30,28.7782688140869,-17.7382354736328,"Unknown"
"5020567",378626,2026-04-15 19:35:30,28.7782878875732,-17.7383480072021,"Unknown"
"5020567",378626,2026-04-15 19:36:32,28.7783241271973,-17.7384567260742,"Unknown"
"5020567",378626,2026-04-15 19:37:31,28.7783470153809,-17.7386169433594,"Unknown"
"5020567",378626,2026-04-15 19:38:30,28.7783813476562,-17.7387390136719,"Unknown"
"5020567",378626,2026-04-15 19:39:30,28.7784004211426,-17.7388782501221,"Unknown"
"5020567",378626,2026-04-15 19:40:31,28.778413772583,-17.7389450073242,"Unknown"
"5020567",378626,2026-04-15 19:41:30,28.7784900665283,-17.7390632629395,"Unknown"
"5020567",378626,2026-04-15 19:42:31,28.7785377502441,-17.7391891479492,"Unknown"
"5020567",378626,2026-04-15 19:43:30,28.7785663604736,-17.7393379211426,"Unknown"
"5020567",378626,2026-04-15 19:44:30,28.7786273956299,-17.7393283843994,"Unknown"
"5020567",378626,2026-04-15 19:45:30,28.7786045074463,-17.7395114898682,"Unknown"
"5020567",378626,2026-04-15 19:46:30,28.7786197662354,-17.7396602630615,"Unknown"
"5020567",378626,2026-04-15 19:47:30,28.7786598205566,-17.7397842407227,"Unknown"
"5020567",378626,2026-04-15 19:48:30,28.7786846160889,-17.7399082183838,"Unknown"
"5020567",378626,2026-04-15 19:49:30,28.7786750793457,-17.7399826049805,"Unknown"
"5020567",378626,2026-04-15 19:50:30,28.7786769866943,-17.7400722503662,"Unknown"
"5020567",378626,2026-04-15 19:51:30,28.7786693572998,-17.7401962280273,"Unknown"
"5020567",378626,2026-04-15 19:52:30,28.7786464691162,-17.7402687072754,"Unknown"
"5020567",378626,2026-04-15 19:53:30,28.7786464691162,-17.7403316497803,"Unknown"
"5020567",378626,2026-04-15 19:54:30,28.7786464691162,-17.7403793334961,"Unknown"
"5020567",378626,2026-04-15 19:55:30,28.7786903381348,-17.7404651641846,"Unknown"
"5020567",378626,2026-04-15 19:56:30,28.7787399291992,-17.7405662536621,"Unknown"
"5020567",378626,2026-04-15 19:57:30,28.7788181304932,-17.7406597137451,"Unknown"
"5020567",378626,2026-04-15 19:58:30,28.7788391113281,-17.7407169342041,"Unknown"
"5020567",378626,2026-04-15 19:59:31,28.7788772583008,-17.7408256530762,"Unknown"
"5020567",378626,2026-04-15 20:00:30,28.7789134979248,-17.7408695220947,"Unknown"
"5020567",378626,2026-04-15 20:01:30,28.7789478302002,-17.7410278320312,"Unknown"
"5020567",378626,2026-04-15 20:02:30,28.7789554595947,-17.7411193847656,"Unknown"
"5020567",378626,2026-04-15 20:03:30,28.778995513916,-17.7411727905273,"Unknown"
"5020567",378626,2026-04-15 20:04:30,28.7790641784668,-17.7413082122803,"Unknown"
"5020567",378626,2026-04-15 20:05:32,28.7791080474854,-17.7414207458496,"Unknown"
"5020567",378626,2026-04-15 20:06:31,28.7791595458984,-17.7415313720703,"Unknown"
"5020567",378626,2026-04-15 20:07:30,28.7792053222656,-17.7415962219238,"Unknown"
"5020567",378626,2026-04-15 20:08:31,28.7792472839355,-17.7416820526123,"Unknown"
"5020567",378626,2026-04-15 20:09:31,28.7792892456055,-17.741813659668,"Unknown"
"5020567",378626,2026-04-15 20:10:33,28.7793350219727,-17.7419052124023,"Unknown"
"5020567",378626,2026-04-15 20:11:30,28.7793884277344,-17.7420349121094,"Unknown"
"5020567",378626,2026-04-15 20:12:30,28.779411315918,-17.7421054840088,"Unknown"
"5020567",378626,2026-04-15 20:13:31,28.7794227600098,-17.7422218322754,"Unknown"
"5020567",378626,2026-04-15 20:14:33,28.7794418334961,-17.7423095703125,"Unknown"
"5020567",378626,2026-04-15 20:15:30,28.7795238494873,-17.742431640625,"Unknown"
"5020567",378626,2026-04-15 20:16:33,28.7795448303223,-17.7425117492676,"Unknown"
"5020567",378626,2026-04-15 20:17:32,28.7796077728271,-17.7426204681396,"Unknown"
"5020567",378626,2026-04-15 20:18:31,28.7796440124512,-17.7426776885986,"Unknown"
"5020567",378626,2026-04-15 20:19:30,28.7797317504883,-17.7427539825439,"Unknown"
"5020567",378626,2026-04-15 20:20:30,28.7797946929932,-17.7428207397461,"Unknown"
"5020567",378626,2026-04-15 20:21:30,28.7798633575439,-17.7429447174072,"Unknown"
"5020567",378626,2026-04-15 20:22:31,28.7799377441406,-17.7430744171143,"Unknown"
"5020567",378626,2026-04-15 20:23:31,28.7800521850586,-17.743185043335,"Unknown"
"5020567",378626,2026-04-15 20:24:31,28.7801818847656,-17.7433223724365,"Unknown"
"5020567",378626,2026-04-15 20:25:31,28.7802715301514,-17.7434234619141,"Unknown"
"5020567",378626,2026-04-15 20:26:31,28.7803268432617,-17.743522644043,"Unknown"
"5020567",378626,2026-04-15 20:27:32,28.7804222106934,-17.7436428070068,"Unknown"
"5020567",378626,2026-04-15 20:28:31,28.7805233001709,-17.7437496185303,"Unknown"
"5020567",378626,2026-04-15 20:29:31,28.7805976867676,-17.7439270019531,"Unknown"
"5020567",378626,2026-04-15 20:30:31,28.7807159423828,-17.7440357208252,"Unknown"
"5020567",378626,2026-04-15 20:31:32,28.7808055877686,-17.7441501617432,"Unknown"
"5020567",378626,2026-04-15 20:32:32,28.7808933258057,-17.7442493438721,"Unknown"
"5020567",378626,2026-04-15 20:33:30,28.7809810638428,-17.7444534301758,"Unknown"
"5020567",378626,2026-04-15 20:34:31,28.7810344696045,-17.7445640563965,"Unknown"
"5020567",378626,2026-04-15 20:35:31,28.7811012268066,-17.744686126709,"Unknown"
"5020567",378626,2026-04-15 20:36:30,28.781156539917,-17.7447299957275,"Unknown"
"5020567",378626,2026-04-15 20:37:33,28.7812309265137,-17.7448177337646,"Unknown"
"5020567",378626,2026-04-15 20:38:31,28.781322479248,-17.7449150085449,"Unknown"
"5020567",378626,2026-04-15 20:39:32,28.7813568115234,-17.7450008392334,"Unknown"
"5020567",378626,2026-04-15 20:40:30,28.7814273834229,-17.7451133728027,"Unknown"
"5020567",378626,2026-04-15 20:41:32,28.7815456390381,-17.7452487945557,"Unknown"
"5020567",378626,2026-04-15 20:42:33,28.7816295623779,-17.7453460693359,"Unknown"
"5020567",378626,2026-04-15 20:43:31,28.7816772460938,-17.7454891204834,"Unknown"
"5020567",378626,2026-04-15 20:44:33,28.7817802429199,-17.7456150054932,"Unknown"
"5020567",378626,2026-04-15 20:45:33,28.7818260192871,-17.7457408905029,"Unknown"
"5020567",378626,2026-04-15 20:46:33,28.781888961792,-17.7459030151367,"Unknown"
"5020567",378626,2026-04-15 20:47:35,28.7819232940674,-17.7460861206055,"Unknown"
"5020567",378626,2026-04-15 20:48:33,28.7820491790771,-17.7461166381836,"Unknown"
"5020567",378626,2026-04-15 20:49:33,28.7821140289307,-17.7462978363037,"Unknown"
"5020567",378626,2026-04-15 20:50:33,28.7821750640869,-17.7464141845703,"Unknown"
"5020567",378626,2026-04-15 20:51:30,28.7824039459229,-17.7450485229492,"Unknown"
"5020567",378626,2026-04-15 20:52:31,28.7788219451904,-17.7426071166992,"Unknown"
"5020567",378626,2026-04-15 20:53:33,28.7765846252441,-17.7479591369629,"Unknown"
"5020567",378626,2026-04-15 20:54:30,28.7762260437012,-17.7459316253662,"Unknown"
"5020567",378626,2026-04-15 20:55:39,28.7738857269287,-17.7488861083984,"Unknown"
"5020567",378626,2026-04-15 20:56:30,28.7717361450195,-17.7490005493164,"Unknown"
"5020567",378626,2026-04-15 20:57:31,28.7692890167236,-17.7496795654297,"Unknown"
"5020567",378626,2026-04-15 20:58:36,28.7678661346436,-17.7517013549805,"Unknown"
"5020567",378626,2026-04-15 21:00:03,28.7540397644043,-17.7478275299072,"Unknown"
"5020567",378626,2026-04-15 21:00:30,28.7495288848877,-17.7479095458984,"Unknown"
"5020567",378626,2026-04-15 21:01:30,28.7412929534912,-17.7459125518799,"Unknown"
"5020567",378626,2026-04-15 21:02:31,28.7321300506592,-17.7480773925781,"Unknown"
"5020567",378626,2026-04-15 21:03:31,28.7231884002686,-17.7513313293457,"Unknown"
"5020567",378626,2026-04-15 21:04:31,28.726957321167,-17.7498912811279,"Unknown"
"5020567",378626,2026-04-15 21:05:30,28.7318840026855,-17.7462291717529,"Unknown"
"5020567",378626,2026-04-15 21:06:30,28.7378540039062,-17.7468948364258,"Unknown"
"5020567",378626,2026-04-15 21:07:30,28.737398147583,-17.7521820068359,"Unknown"
"5020567",378626,2026-04-15 21:08:30,28.7363414764404,-17.7492485046387,"Unknown"
"5020567",378626,2026-04-15 21:09:31,28.7361621856689,-17.7525501251221,"Unknown"
"5020567",378626,2026-04-15 21:10:30,28.7331600189209,-17.747278213501,"Unknown"
"5020567",378626,2026-04-15 21:11:30,28.7272701263428,-17.7513446807861,"Unknown"
"5020567",378626,2026-04-15 21:12:31,28.7296810150146,-17.7479248046875,"Unknown"
"5020567",378626,2026-04-15 21:13:30,28.7344303131104,-17.7494735717773,"Unknown"
"5020567",378626,2026-04-15 21:14:31,28.7377471923828,-17.754093170166,"Unknown"
"5020567",378626,2026-04-15 21:15:30,28.7396087646484,-17.7490673065186,"Unknown"
"5020567",378626,2026-04-15 21:16:30,28.7377910614014,-17.7481822967529,"Unknown"
"5020567",378626,2026-04-15 21:17:30,28.7407188415527,-17.7457466125488,"Unknown"
"5020567",378626,2026-04-15 21:18:30,28.7393665313721,-17.7507553100586,"Unknown"
"5020567",378626,2026-04-15 21:19:30,28.7379322052002,-17.7485332489014,"Unknown"
"5020567",378626,2026-04-15 21:20:30,28.7371006011963,-17.7451000213623,"Unknown"
"5020567",378626,2026-04-15 21:21:30,28.7390747070312,-17.7508697509766,"Unknown"
"5020567",378626,2026-04-15 21:22:30,28.7397365570068,-17.7449588775635,"Unknown"
"5020567",378626,2026-04-15 21:23:30,28.7386016845703,-17.7510795593262,"Unknown"
"5020567",378626,2026-04-15 21:24:30,28.7404651641846,-17.7446537017822,"Unknown"
"5020567",378626,2026-04-15 21:25:30,28.7365455627441,-17.7493686676025,"Unknown"
"5020567",378626,2026-04-15 21:26:30,28.7411022186279,-17.7510662078857,"Unknown"
"5020567",378626,2026-04-15 21:27:30,28.7390918731689,-17.7447204589844,"Unknown"
"5020567",378626,2026-04-15 21:28:30,28.7398223876953,-17.7494106292725,"Unknown"
"5020567",378626,2026-04-15 21:29:30,28.7371597290039,-17.7476940155029,"Unknown"
"5020567",378626,2026-04-15 21:30:30,28.7384662628174,-17.7482624053955,"Unknown"
"5020567",378626,2026-04-15 21:31:30,28.7392768859863,-17.7459735870361,"Unknown"
"5020567",378626,2026-04-15 21:32:30,28.7386894226074,-17.745304107666,"Unknown"
"5020567",378626,2026-04-15 21:33:30,28.7399730682373,-17.7514133453369,"Unknown"
"5020567",378626,2026-04-15 21:34:30,28.7448329925537,-17.7511768341064,"Unknown"
"5020567",378626,2026-04-15 21:35:30,28.7521800994873,-17.7532329559326,"Unknown"
"5020567",378626,2026-04-15 21:36:30,28.7523441314697,-17.7487182617188,"Unknown"
"5020567",378626,2026-04-15 21:37:30,28.7451648712158,-17.7502899169922,"Unknown"
"5020567",378626,2026-04-15 21:38:30,28.7505340576172,-17.7534503936768,"Unknown"
"5020567",378626,2026-04-15 21:39:30,28.7532691955566,-17.7582912445068,"Unknown"
"5020567",378626,2026-04-15 21:40:30,28.7580318450928,-17.7559127807617,"Unknown"
"5020567",378626,2026-04-15 21:41:30,28.7517585754395,-17.7523231506348,"Unknown"
"5020567",378626,2026-04-15 21:42:30,28.7524585723877,-17.7570495605469,"Unknown"
"5020567",378626,2026-04-15 21:43:30,28.7554817199707,-17.7612686157227,"Unknown"
"5020567",378626,2026-04-15 21:44:30,28.7604846954346,-17.7647743225098,"Unknown"
"5020567",378626,2026-04-15 21:45:31,28.7656154632568,-17.7659797668457,"Unknown"
"5020567",378626,2026-04-15 21:46:30,28.7597732543945,-17.7635192871094,"Unknown"
"5020567",378626,2026-04-15 21:47:30,28.75439453125,-17.7586650848389,"Unknown"
"5020567",378626,2026-04-15 21:48:30,28.7557106018066,-17.7545528411865,"Unknown"
"5020567",378626,2026-04-15 21:49:30,28.753662109375,-17.7472114562988,"Unknown"
"5020567",378626,2026-04-15 21:50:30,28.7440357208252,-17.7453632354736,"Unknown"
"5020567",378626,2026-04-15 21:51:30,28.7368507385254,-17.7487297058105,"Unknown"
"5020567",378626,2026-04-15 21:52:30,28.735912322998,-17.7512245178223,"Unknown"
"5020567",378626,2026-04-15 21:53:30,28.7408962249756,-17.7523403167725,"Unknown"
"5020567",378626,2026-04-15 21:54:30,28.7449417114258,-17.7550621032715,"Unknown"
"5020567",378626,2026-04-15 21:55:30,28.7457103729248,-17.7463855743408,"Unknown"
"5020567",378626,2026-04-15 21:56:30,28.7485980987549,-17.7425174713135,"Unknown"
"5020567",378626,2026-04-15 21:57:30,28.7393665313721,-17.7395877838135,"Unknown"
"5020567",378626,2026-04-15 21:58:30,28.7297019958496,-17.7436866760254,"Unknown"
"5020567",378626,2026-04-15 21:59:30,28.7292613983154,-17.7507190704346,"Unknown"
"5020567",378626,2026-04-15 22:00:30,28.7329368591309,-17.7481899261475,"Unknown"
"5020567",378626,2026-04-15 22:01:30,28.738000869751,-17.7546691894531,"Unknown"
"5020567",378626,2026-04-15 22:02:30,28.7409172058105,-17.7507190704346,"Unknown"
"5020567",378626,2026-04-15 22:03:30,28.7460632324219,-17.7514171600342,"Unknown"
"5020567",378626,2026-04-15 22:04:30,28.7501811981201,-17.7576370239258,"Unknown"
"5020567",378626,2026-04-15 22:05:31,28.7547626495361,-17.7617149353027,"Unknown"
"5020567",378626,2026-04-15 22:06:31,28.7601947784424,-17.7653141021729,"Unknown"
"5020567",378626,2026-04-15 22:07:31,28.7598304748535,-17.7635765075684,"Unknown"
"5020567",378626,2026-04-15 22:08:30,28.7630920410156,-17.7593669891357,"Unknown"
"5020567",378626,2026-04-15 22:09:31,28.7609233856201,-17.7536506652832,"Unknown"
"5020567",378626,2026-04-15 22:10:30,28.7546062469482,-17.7493743896484,"Unknown"
"5020567",378626,2026-04-15 22:11:30,28.7478103637695,-17.7542819976807,"Unknown"
"5020567",378626,2026-04-15 22:12:30,28.7530822753906,-17.7570400238037,"Unknown"
"5020567",378626,2026-04-15 22:13:30,28.7557830810547,-17.7539463043213,"Unknown"
"5020567",378626,2026-04-15 22:14:31,28.7483406066895,-17.7542285919189,"Unknown"
"5020567",378626,2026-04-15 22:15:31,28.7532424926758,-17.7584819793701,"Unknown"
"5020567",378626,2026-04-15 22:16:31,28.7594032287598,-17.7617301940918,"Unknown"
"5020567",378626,2026-04-15 22:17:30,28.7627105712891,-17.7694187164307,"Unknown"
"5020567",378626,2026-04-15 22:18:30,28.7675971984863,-17.7651844024658,"Unknown"
"5020567",378626,2026-04-15 22:19:31,28.7611713409424,-17.7628173828125,"Unknown"
"5020567",378626,2026-04-15 22:20:30,28.7614116668701,-17.7676963806152,"Unknown"
"5020567",378626,2026-04-15 22:21:31,28.7658271789551,-17.7649707794189,"Unknown"
"5020567",378626,2026-04-15 22:22:32,28.7657585144043,-17.7674827575684,"Unknown"
"5020567",378626,2026-04-15 22:23:30,28.7688732147217,-17.7693500518799,"Unknown"
"5020567",378626,2026-04-15 22:24:30,28.7734985351562,-17.7690258026123,"Unknown"
"5020567",378626,2026-04-15 22:25:30,28.7758865356445,-17.7686862945557,"Unknown"
"5020567",378626,2026-04-15 22:26:30,28.7815170288086,-17.7696075439453,"Unknown"
"5020567",378626,2026-04-15 22:27:30,28.7872657775879,-17.7747135162354,"Unknown"
"5020567",378626,2026-04-15 22:28:31,28.7953224182129,-17.7772274017334,"Unknown"
"5020567",378626,2026-04-15 22:29:31,28.8028755187988,-17.780158996582,"Unknown"
"5020567",378626,2026-04-15 22:30:30,28.8096256256104,-17.784610748291,"Unknown"
"5020567",378626,2026-04-15 22:31:31,28.8147239685059,-17.7901515960693,"Unknown"
"5020567",378626,2026-04-15 22:32:30,28.8154544830322,-17.7844772338867,"Unknown"
"5020567",378626,2026-04-15 22:33:30,28.8142108917236,-17.7791748046875,"Unknown"
"5020567",378626,2026-04-15 22:34:30,28.8079719543457,-17.7760829925537,"Unknown"
"5020567",378626,2026-04-15 22:35:31,28.8026733398438,-17.7752437591553,"Unknown"
"5020567",378626,2026-04-15 22:36:31,28.7936668395996,-17.7755432128906,"Unknown"
"5020567",378626,2026-04-15 22:37:30,28.7878761291504,-17.7708415985107,"Unknown"
"5020567",378626,2026-04-15 22:38:30,28.7809600830078,-17.7670249938965,"Unknown"
"5020567",378626,2026-04-15 22:39:31,28.7725105285645,-17.7658271789551,"Unknown"
"5020567",378626,2026-04-15 22:40:30,28.7660884857178,-17.7622127532959,"Unknown"
"5020567",378626,2026-04-15 22:41:30,28.7641487121582,-17.7555637359619,"Unknown"
"5020567",378626,2026-04-15 22:42:30,28.7587356567383,-17.7505855560303,"Unknown"
"5020567",378626,2026-04-15 22:43:30,28.7522068023682,-17.7488784790039,"Unknown"
"5020567",378626,2026-04-15 22:44:30,28.7434616088867,-17.7476234436035,"Unknown"
"5020567",378626,2026-04-15 22:45:32,28.7350273132324,-17.7497482299805,"Unknown"
"5020567",378626,2026-04-15 22:46:32,28.7261447906494,-17.7513484954834,"Unknown"
"5020567",378626,2026-04-15 22:47:30,28.7226600646973,-17.7567958831787,"Unknown"
"5020567",378626,2026-04-15 22:48:30,28.7187252044678,-17.7625350952148,"Unknown"
"5020567",378626,2026-04-15 22:49:30,28.7198944091797,-17.7626895904541,"Unknown"
"5020567",378626,2026-04-15 22:50:30,28.7198429107666,-17.7636260986328,"Unknown"
"5020567",378626,2026-04-15 22:51:31,28.7180442810059,-17.7613086700439,"Unknown"
"5020567",378626,2026-04-15 22:52:31,28.7198371887207,-17.7625598907471,"Unknown"
"5020567",378626,2026-04-15 22:53:34,28.7215576171875,-17.7641906738281,"Unknown"
"5020567",378626,2026-04-15 22:54:35,28.7220344543457,-17.7643375396729,"Unknown"
"5020567",378626,2026-04-15 22:56:04,28.7196826934814,-17.7640075683594,"Unknown"
"5020567",378626,2026-04-15 22:56:31,28.7195491790771,-17.764102935791,"Unknown"
"5020567",378626,2026-04-15 22:57:34,28.7195701599121,-17.7641487121582,"Unknown"
"5020567",378626,2026-04-15 22:58:35,28.7195415496826,-17.7641048431396,"Unknown"
"5020567",378626,2026-04-15 22:59:34,28.719539642334,-17.7640895843506,"Unknown"
"5020567",378626,2026-04-15 23:00:36,28.7194881439209,-17.7640762329102,"Unknown"
"5020567",378626,2026-04-15 23:01:38,28.7195510864258,-17.7641067504883,"Unknown"
"5020567",378626,2026-04-15 23:02:45,28.7195491790771,-17.7641353607178,"Unknown"
"5020567",378626,2026-04-15 23:03:37,28.7195320129395,-17.7641429901123,"Unknown"
"5020567",378626,2026-04-15 23:04:36,28.7195625305176,-17.7639713287354,"Unknown"
"5020567",378626,2026-04-15 23:05:38,28.7195587158203,-17.764253616333,"Unknown"
"5020567",378626,2026-04-15 23:06:33,28.7195606231689,-17.7641353607178,"Unknown"
"5020567",378626,2026-04-15 23:07:33,28.719554901123,-17.7641582489014,"Unknown"
"5020567",378626,2026-04-15 23:08:33,28.7195224761963,-17.764123916626,"Unknown"
"5020567",378626,2026-04-15 23:09:32,28.719539642334,-17.7641525268555,"Unknown"
"5020567",378626,2026-04-15 23:10:34,28.7195224761963,-17.7641506195068,"Unknown"
"5020567",378626,2026-04-15 23:17:56,28.7196025848389,-17.7643756866455,"Unknown"
"5020567",378626,2026-04-15 23:28:05,28.719856262207,-17.7632083892822,"Unknown"
"5020567",378626,2026-04-15 23:29:31,28.7197113037109,-17.7637882232666,"Unknown"
"5020567",378626,2026-04-15 23:31:25,28.7197742462158,-17.7636165618896,"Unknown"
"5020567",378626,2026-04-15 23:31:51,28.7197589874268,-17.7635898590088,"Unknown"
"5020567",378626,2026-04-15 23:41:46,28.7207679748535,-17.7610149383545,"Unknown"
"5020567",378626,2026-04-15 23:42:53,28.7202434539795,-17.7619781494141,"Unknown"
"5020567",378626,2026-04-15 23:44:54,28.7206401824951,-17.76123046875,"Unknown"
"5020567",378626,2026-04-16 03:04:54,28.7195205688477,-17.7641677856445,"Unknown"
"5020567",378626,2026-04-16 03:24:54,28.7195167541504,-17.7640285491943,"Unknown"
"5020567",378626,2026-04-16 03:44:54,28.7195129394531,-17.7640743255615,"Unknown"
"5020567",378626,2026-04-16 04:04:54,28.7196159362793,-17.7640800476074,"Unknown"
"5020567",378626,2026-04-16 06:24:54,28.8124542236328,-17.7457962036133,"Unknown"
"5020567",378626,2026-04-16 06:44:54,28.8673553466797,-17.8401222229004,"Unknown"
"5020567",378626,2026-04-16 09:04:05,28.8254814147949,-17.9943943023682,"Unknown"
"5020567",378626,2026-04-16 10:03:31,28.8313121795654,-17.9964904785156,"Unknown"
"5020567",378626,2026-04-16 10:13:31,28.8330383300781,-17.9947204589844,"Unknown"
"5020567",378626,2026-04-16 10:23:31,28.8350811004639,-17.9926910400391,"Unknown"
"5020567",378626,2026-04-16 10:33:31,28.8367652893066,-17.9907493591309,"Unknown"
"5020567",378626,2026-04-16 10:43:31,28.8386535644531,-17.9885597229004,"Unknown"
"5020567",378626,2026-04-16 10:44:30,28.8388633728027,-17.9882831573486,"Unknown"
"5020567",378626,2026-04-16 10:45:31,28.8391227722168,-17.9880313873291,"Unknown"
"5020567",378626,2026-04-16 10:46:31,28.8393478393555,-17.9877948760986,"Unknown"
"5020567",378626,2026-04-16 10:47:31,28.8395614624023,-17.9874935150146,"Unknown"
"5020567",378626,2026-04-16 10:48:31,28.8397884368896,-17.9872207641602,"Unknown"
"5020567",378626,2026-04-16 10:49:33,28.8399829864502,-17.9869747161865,"Unknown"
"5020567",378626,2026-04-16 10:50:34,28.8402137756348,-17.9867267608643,"Unknown"
"5020567",378626,2026-04-16 10:51:33,28.8404083251953,-17.9864654541016,"Unknown"
"5020567",378626,2026-04-16 10:52:38,28.8406162261963,-17.9862041473389,"Unknown"
"5020567",378626,2026-04-16 10:53:37,28.8407783508301,-17.9860076904297,"Unknown"
"5020567",378626,2026-04-16 10:54:32,28.840970993042,-17.9857501983643,"Unknown"
"5020567",378626,2026-04-16 10:55:39,28.8411979675293,-17.9854850769043,"Unknown"
"5020567",378626,2026-04-16 10:56:37,28.8413639068604,-17.9852561950684,"Unknown"
"5020567",378626,2026-04-16 10:57:57,28.8416175842285,-17.9849433898926,"Unknown"
"5020567",378626,2026-04-16 10:58:28,28.8417091369629,-17.9848194122314,"Unknown"
"5020567",378626,2026-04-16 10:59:31,28.8419189453125,-17.98459815979,"Unknown"
"5020567",378626,2026-04-16 11:00:31,28.8421115875244,-17.9843978881836,"Unknown"
"5020567",378626,2026-04-16 11:01:28,28.8422775268555,-17.9842224121094,"Unknown"
"5020567",378626,2026-04-16 11:02:34,28.8424472808838,-17.9839916229248,"Unknown"
"5020567",378626,2026-04-16 11:03:34,28.8426399230957,-17.9837913513184,"Unknown"
"5020567",378626,2026-04-16 11:04:28,28.8428077697754,-17.9836006164551,"Unknown"
"5020567",378626,2026-04-16 11:05:28,28.8429641723633,-17.9833717346191,"Unknown"
"5020567",378626,2026-04-16 11:06:28,28.8431663513184,-17.9831485748291,"Unknown"
"5020567",378626,2026-04-16 11:07:28,28.8433628082275,-17.9829521179199,"Unknown"
"5020567",378626,2026-04-16 11:08:28,28.8435840606689,-17.9827194213867,"Unknown"
"5020567",378626,2026-04-16 11:09:29,28.8437728881836,-17.9824981689453,"Unknown"
"5020567",378626,2026-04-16 11:10:28,28.8439483642578,-17.9823684692383,"Unknown"
"5020567",378626,2026-04-16 11:11:29,28.8441581726074,-17.9821739196777,"Unknown"
"5020567",378626,2026-04-16 11:12:28,28.8443508148193,-17.982027053833,"Unknown"
"5020567",378626,2026-04-16 11:13:29,28.8445529937744,-17.9818382263184,"Unknown"
"5020567",378626,2026-04-16 11:14:29,28.8447742462158,-17.9816722869873,"Unknown"
"5020567",378626,2026-04-16 11:15:28,28.8449840545654,-17.9814605712891,"Unknown"
"5020567",378626,2026-04-16 11:16:29,28.8451690673828,-17.9812622070312,"Unknown"
"5020567",378626,2026-04-16 11:17:29,28.8453540802002,-17.9810523986816,"Unknown"
"5020567",378626,2026-04-16 11:18:28,28.8455657958984,-17.9807949066162,"Unknown"
"5020567",378626,2026-04-16 11:19:29,28.8457622528076,-17.9805107116699,"Unknown"
"5020567",378626,2026-04-16 11:20:30,28.8459396362305,-17.9802551269531,"Unknown"
"5020567",378626,2026-04-16 11:21:28,28.8461132049561,-17.9800033569336,"Unknown"
"5020567",378626,2026-04-16 11:22:28,28.846284866333,-17.9797687530518,"Unknown"
"5020567",378626,2026-04-16 11:23:28,28.8464508056641,-17.979528427124,"Unknown"
"5020567",378626,2026-04-16 11:24:29,28.8465747833252,-17.9793090820312,"Unknown"
"5020567",378626,2026-04-16 11:25:30,28.8466796875,-17.9790439605713,"Unknown"
"5020567",378626,2026-04-16 11:26:30,28.8468570709229,-17.9787750244141,"Unknown"
"5020567",378626,2026-04-16 11:27:29,28.8469886779785,-17.9784851074219,"Unknown"
"5020567",378626,2026-04-16 11:28:30,28.8471450805664,-17.9782371520996,"Unknown"
"5020567",378626,2026-04-16 11:29:31,28.847261428833,-17.9779529571533,"Unknown"
"5020567",378626,2026-04-16 11:30:29,28.8474006652832,-17.9777202606201,"Unknown"
"5020567",378626,2026-04-16 11:31:28,28.8475589752197,-17.9774532318115,"Unknown"
"5020567",378626,2026-04-16 11:32:29,28.8477077484131,-17.9771671295166,"Unknown"
"5020567",378626,2026-04-16 11:33:30,28.8479309082031,-17.9768962860107,"Unknown"
"5020567",378626,2026-04-16 11:34:29,28.8481311798096,-17.9766998291016,"Unknown"
"5020567",378626,2026-04-16 11:35:29,28.8482666015625,-17.976432800293,"Unknown"
"5020567",378626,2026-04-16 11:36:29,28.848424911499,-17.9761810302734,"Unknown"
"5020567",378626,2026-04-16 11:37:30,28.8486080169678,-17.975887298584,"Unknown"
"5020567",378626,2026-04-16 11:38:29,28.8487892150879,-17.9755973815918,"Unknown"
"5020567",378626,2026-04-16 11:39:30,28.8489036560059,-17.9752578735352,"Unknown"
"5020567",378626,2026-04-16 11:40:29,28.8490829467773,-17.9749603271484,"Unknown"
"5020567",378626,2026-04-16 11:41:30,28.8492298126221,-17.9746341705322,"Unknown"
"5020567",378626,2026-04-16 11:42:30,28.8493785858154,-17.9742832183838,"Unknown"
"5020567",378626,2026-04-16 11:43:29,28.8495483398438,-17.9739742279053,"Unknown"
"5020567",378626,2026-04-16 11:44:29,28.8497085571289,-17.9736633300781,"Unknown"
"5020567",378626,2026-04-16 11:45:29,28.8498249053955,-17.9733448028564,"Unknown"
"5020567",378626,2026-04-16 11:46:30,28.8499984741211,-17.9730205535889,"Unknown"
"5020567",378626,2026-04-16 11:47:30,28.8501663208008,-17.9727172851562,"Unknown"
"5020567",378626,2026-04-16 11:48:34,28.85036277771,-17.9724063873291,"Unknown"
"5020567",378626,2026-04-16 11:49:32,28.8505191802979,-17.9721260070801,"Unknown"
"5020567",378626,2026-04-16 11:50:33,28.8506774902344,-17.9718322753906,"Unknown"
"5020567",378626,2026-04-16 11:51:30,28.8508338928223,-17.971565246582,"Unknown"
"5020567",378626,2026-04-16 11:52:33,28.8509922027588,-17.9712505340576,"Unknown"
"5020567",378626,2026-04-16 11:53:32,28.8511638641357,-17.9709739685059,"Unknown"
"5020567",378626,2026-04-16 11:54:47,28.8514289855957,-17.9706325531006,"Unknown"
"5020567",378626,2026-04-16 11:55:29,28.8515453338623,-17.9703998565674,"Unknown"
"5020567",378626,2026-04-16 11:56:30,28.8517074584961,-17.9701042175293,"Unknown"
"5020567",378626,2026-04-16 11:57:30,28.8518562316895,-17.9698448181152,"Unknown"
"5020567",378626,2026-04-16 11:58:30,28.8520030975342,-17.9695377349854,"Unknown"
"5020567",378626,2026-04-16 12:00:02,28.8521614074707,-17.969144821167,"Unknown"
"5020567",378626,2026-04-16 12:00:28,28.8522167205811,-17.96901512146,"Unknown"
"5020567",378626,2026-04-16 12:01:28,28.8523216247559,-17.9686813354492,"Unknown"
"5020567",378626,2026-04-16 12:02:28,28.8524379730225,-17.968391418457,"Unknown"
"5020567",378626,2026-04-16 12:03:28,28.8525047302246,-17.9681186676025,"Unknown"
"5020567",378626,2026-04-16 12:04:29,28.8526153564453,-17.9678192138672,"Unknown"
"5020567",378626,2026-04-16 12:05:28,28.8527374267578,-17.9675483703613,"Unknown"
"5020567",378626,2026-04-16 12:06:28,28.8528423309326,-17.967227935791,"Unknown"
"5020567",378626,2026-04-16 12:07:28,28.8529396057129,-17.9669380187988,"Unknown"
"5020567",378626,2026-04-16 12:08:29,28.8530502319336,-17.9666137695312,"Unknown"
"5020567",378626,2026-04-16 12:09:28,28.8531665802002,-17.966329574585,"Unknown"
"5020567",378626,2026-04-16 12:10:28,28.8532543182373,-17.9660587310791,"Unknown"
"5020567",378626,2026-04-16 12:11:28,28.8533496856689,-17.9657306671143,"Unknown"
"5020567",378626,2026-04-16 12:12:28,28.8534812927246,-17.965461730957,"Unknown"
"5020567",378626,2026-04-16 12:13:28,28.8536033630371,-17.9652252197266,"Unknown"
"5020567",378626,2026-04-16 12:14:28,28.8537464141846,-17.9649810791016,"Unknown"
"5020567",378626,2026-04-16 12:15:29,28.8538608551025,-17.964786529541,"Unknown"
"5020567",378626,2026-04-16 12:16:28,28.8538932800293,-17.964527130127,"Unknown"
"5020567",378626,2026-04-16 12:17:28,28.853910446167,-17.9642429351807,"Unknown"
"5020567",378626,2026-04-16 12:18:28,28.8539905548096,-17.9639759063721,"Unknown"
"5020567",378626,2026-04-16 12:19:28,28.8540077209473,-17.9636974334717,"Unknown"
"5020567",378626,2026-04-16 12:20:28,28.8540554046631,-17.9634342193604,"Unknown"
"5020567",378626,2026-04-16 12:21:28,28.8541164398193,-17.9631786346436,"Unknown"
"5020567",378626,2026-04-16 12:22:28,28.854133605957,-17.9629306793213,"Unknown"
"5020567",378626,2026-04-16 12:23:28,28.854175567627,-17.962703704834,"Unknown"
"5020567",378626,2026-04-16 12:24:28,28.8542060852051,-17.9624919891357,"Unknown"
"5020567",378626,2026-04-16 12:25:28,28.8542671203613,-17.962287902832,"Unknown"
"5020567",378626,2026-04-16 12:26:28,28.8543148040771,-17.9621315002441,"Unknown"
"5020567",378626,2026-04-16 12:27:28,28.8543376922607,-17.9619884490967,"Unknown"
"5020567",378626,2026-04-16 12:28:28,28.8543739318848,-17.9618358612061,"Unknown"
"5020567",378626,2026-04-16 12:29:28,28.8544235229492,-17.9616737365723,"Unknown"
"5020567",378626,2026-04-16 12:30:28,28.854434967041,-17.9615306854248,"Unknown"
"5020567",378626,2026-04-16 12:31:28,28.8544731140137,-17.9613838195801,"Unknown"
"5020567",378626,2026-04-16 12:32:30,28.8544979095459,-17.9612197875977,"Unknown"
"5020567",378626,2026-04-16 12:33:28,28.8545608520508,-17.961109161377,"Unknown"
"5020567",378626,2026-04-16 12:34:28,28.854606628418,-17.9609107971191,"Unknown"
"5020567",378626,2026-04-16 12:35:28,28.8546829223633,-17.960750579834,"Unknown"
"5020567",378626,2026-04-16 12:36:28,28.8547019958496,-17.9605388641357,"Unknown"
"5020567",378626,2026-04-16 12:37:28,28.8547420501709,-17.9604263305664,"Unknown"
"5020567",378626,2026-04-16 12:38:28,28.8547744750977,-17.960262298584,"Unknown"
"5020567",378626,2026-04-16 12:39:28,28.8547801971436,-17.960111618042,"Unknown"
"5020567",378626,2026-04-16 12:40:28,28.8548069000244,-17.959939956665,"Unknown"
"5020567",378626,2026-04-16 12:41:29,28.8548526763916,-17.9597682952881,"Unknown"
"5020567",378626,2026-04-16 12:42:28,28.854907989502,-17.9596252441406,"Unknown"
"5020567",378626,2026-04-16 12:43:29,28.854944229126,-17.9594440460205,"Unknown"
"5020567",378626,2026-04-16 12:44:29,28.8549118041992,-17.9592514038086,"Unknown"
"5020567",378626,2026-04-16 12:45:28,28.8549156188965,-17.9590320587158,"Unknown"
"5020567",378626,2026-04-16 12:46:28,28.8549480438232,-17.9588775634766,"Unknown"
"5020567",378626,2026-04-16 12:47:29,28.8549480438232,-17.9586868286133,"Unknown"
"5020567",378626,2026-04-16 12:48:31,28.8549461364746,-17.9584980010986,"Unknown"
"5020567",378626,2026-04-16 12:49:30,28.8549289703369,-17.958309173584,"Unknown"
"5020567",378626,2026-04-16 12:50:29,28.8549156188965,-17.9581699371338,"Unknown"
"5020567",378626,2026-04-16 12:51:30,28.8548908233643,-17.9579982757568,"Unknown"
"5020567",378626,2026-04-16 12:52:28,28.8548812866211,-17.9578056335449,"Unknown"
"5020567",378626,2026-04-16 12:53:31,28.8548812866211,-17.9576797485352,"Unknown"
"5020567",378626,2026-04-16 12:54:29,28.8548603057861,-17.9575099945068,"Unknown"
"5020567",378626,2026-04-16 12:55:28,28.854850769043,-17.9573631286621,"Unknown"
"5020567",378626,2026-04-16 12:56:29,28.8548183441162,-17.9572296142578,"Unknown"
"5020567",378626,2026-04-16 12:57:31,28.8547840118408,-17.9570865631104,"Unknown"
"5020567",378626,2026-04-16 12:58:28,28.8547840118408,-17.9569606781006,"Unknown"
"5020567",378626,2026-04-16 12:59:30,28.854772567749,-17.9568176269531,"Unknown"
"5020567",378626,2026-04-16 13:00:28,28.8547649383545,-17.956636428833,"Unknown"
"5020567",378626,2026-04-16 13:01:29,28.8547592163086,-17.95654296875,"Unknown"
"5020567",378626,2026-04-16 13:02:29,28.8547306060791,-17.9564018249512,"Unknown"
"5020567",378626,2026-04-16 13:03:28,28.8547382354736,-17.9562740325928,"Unknown"
"5020567",378626,2026-04-16 13:04:29,28.8547115325928,-17.9561424255371,"Unknown"
"5020567",378626,2026-04-16 13:05:29,28.8546867370605,-17.9560279846191,"Unknown"
"5020567",378626,2026-04-16 13:06:29,28.8546600341797,-17.9558944702148,"Unknown"
"5020567",378626,2026-04-16 13:07:29,28.8546314239502,-17.9557685852051,"Unknown"
"5020567",378626,2026-04-16 13:08:29,28.8546295166016,-17.9556865692139,"Unknown"
"5020567",378626,2026-04-16 13:09:29,28.8545703887939,-17.9555339813232,"Unknown"
"5020567",378626,2026-04-16 13:10:29,28.8545227050781,-17.9554424285889,"Unknown"
"5020567",378626,2026-04-16 13:11:28,28.8545341491699,-17.9552803039551,"Unknown"
"5020567",378626,2026-04-16 13:12:31,28.8545188903809,-17.9552116394043,"Unknown"
"5020567",378626,2026-04-16 13:13:28,28.8545570373535,-17.9551086425781,"Unknown"
"5020567",378626,2026-04-16 13:14:29,28.8545799255371,-17.9549770355225,"Unknown"
"5020567",378626,2026-04-16 13:15:28,28.8545761108398,-17.9548587799072,"Unknown"
"5020567",378626,2026-04-16 13:16:29,28.8545665740967,-17.9547786712646,"Unknown"
"5020567",378626,2026-04-16 13:17:28,28.8545875549316,-17.9546756744385,"Unknown"
"5020567",378626,2026-04-16 13:18:28,28.8545742034912,-17.9545631408691,"Unknown"
"5020567",378626,2026-04-16 13:19:29,28.8545665740967,-17.9544506072998,"Unknown"
"5020567",378626,2026-04-16 13:20:29,28.8545799255371,-17.954309463501,"Unknown"
"5020567",378626,2026-04-16 13:21:29,28.854513168335,-17.9540863037109,"Unknown"
"5020567",378626,2026-04-16 13:22:29,28.8532676696777,-17.9520149230957,"Unknown"
"5020567",378626,2026-04-16 13:23:29,28.8532543182373,-17.951997756958,"Unknown"
"5020567",378626,2026-04-16 13:24:29,28.8533115386963,-17.9518985748291,"Unknown"
"5020567",378626,2026-04-16 13:25:29,28.8533267974854,-17.9519004821777,"Unknown"
"5020567",378626,2026-04-16 13:26:29,28.8533802032471,-17.9518299102783,"Unknown"
"5020567",378626,2026-04-16 13:27:29,28.8533535003662,-17.9517803192139,"Unknown"
"5020567",378626,2026-04-16 13:28:29,28.8533878326416,-17.9517040252686,"Unknown"
"5020567",378626,2026-04-16 13:29:29,28.8533973693848,-17.9516773223877,"Unknown"
"5020567",378626,2026-04-16 13:30:29,28.853401184082,-17.9516220092773,"Unknown"
"5020567",378626,2026-04-16 13:31:30,28.8534088134766,-17.9515838623047,"Unknown"
"5020567",378626,2026-04-16 13:32:29,28.8535461425781,-17.9515762329102,"Unknown"
"5020567",378626,2026-04-16 13:33:29,28.853443145752,-17.9515914916992,"Unknown"
"5020567",378626,2026-04-16 13:34:29,28.8533935546875,-17.9515686035156,"Unknown"
"5020567",378626,2026-04-16 13:35:29,28.853343963623,-17.9515113830566,"Unknown"
"5020567",378626,2026-04-16 13:36:28,28.8532886505127,-17.9514694213867,"Unknown"
"5020567",378626,2026-04-16 13:37:29,28.8532009124756,-17.9515132904053,"Unknown"
"5020567",378626,2026-04-16 13:38:29,28.8531913757324,-17.9515399932861,"Unknown"
"5020567",378626,2026-04-16 13:39:29,28.8531303405762,-17.9515781402588,"Unknown"
"5020567",378626,2026-04-16 13:40:29,28.8531436920166,-17.951587677002,"Unknown"
"5020567",378626,2026-04-16 13:41:29,28.8531627655029,-17.9516296386719,"Unknown"
"5020567",378626,2026-04-16 13:42:28,28.8531665802002,-17.951681137085,"Unknown"
"5020567",378626,2026-04-16 13:43:28,28.8531856536865,-17.9517002105713,"Unknown"
"5020567",378626,2026-04-16 13:44:29,28.853178024292,-17.951732635498,"Unknown"
"5020567",378626,2026-04-16 13:45:30,28.8531837463379,-17.9517612457275,"Unknown"
"5020567",378626,2026-04-16 13:46:30,28.8531723022461,-17.9517974853516,"Unknown"
"5020567",378626,2026-04-16 13:47:30,28.8532295227051,-17.9518413543701,"Unknown"
"5020567",378626,2026-04-16 13:48:29,28.8532447814941,-17.9518699645996,"Unknown"
"5020567",378626,2026-04-16 13:49:29,28.8533229827881,-17.951961517334,"Unknown"
"5020567",378626,2026-04-16 13:50:28,28.8533897399902,-17.9520130157471,"Unknown"
"5020567",378626,2026-04-16 13:51:28,28.853494644165,-17.9519786834717,"Unknown"
"5020567",378626,2026-04-16 13:52:29,28.8535346984863,-17.9521026611328,"Unknown"
"5020567",378626,2026-04-16 13:53:28,28.8535842895508,-17.9521446228027,"Unknown"
"5020567",378626,2026-04-16 13:54:29,28.8536376953125,-17.9521923065186,"Unknown"
"5020567",378626,2026-04-16 13:55:29,28.8536758422852,-17.9522705078125,"Unknown"
"5020567",378626,2026-04-16 13:56:30,28.8537044525146,-17.9522876739502,"Unknown"
"5020567",378626,2026-04-16 13:57:30,28.8537578582764,-17.952299118042,"Unknown"
"5020567",378626,2026-04-16 13:58:29,28.8537578582764,-17.9523830413818,"Unknown"
"5020567",378626,2026-04-16 13:59:29,28.85378074646,-17.9524097442627,"Unknown"
"5020567",378626,2026-04-16 14:00:29,28.853702545166,-17.9524841308594,"Unknown"
"5020567",378626,2026-04-16 14:01:30,28.8537120819092,-17.9524459838867,"Unknown"
"5020567",378626,2026-04-16 14:02:29,28.8537139892578,-17.9525146484375,"Unknown"
"5020567",378626,2026-04-16 14:03:32,28.8536491394043,-17.9525814056396,"Unknown"
"5020567",378626,2026-04-16 14:04:30,28.8536911010742,-17.9525318145752,"Unknown"
"5020567",378626,2026-04-16 14:05:29,28.8536701202393,-17.9525604248047,"Unknown"
"5020567",378626,2026-04-16 14:06:31,28.8536853790283,-17.9525966644287,"Unknown"
"5020567",378626,2026-04-16 14:07:30,28.8536529541016,-17.9526348114014,"Unknown"
"5020567",378626,2026-04-16 14:08:32,28.8536529541016,-17.9527072906494,"Unknown"
"5020567",378626,2026-04-16 14:09:33,28.8537044525146,-17.9527397155762,"Unknown"
"5020567",378626,2026-04-16 14:10:31,28.8536911010742,-17.9527797698975,"Unknown"
"5020567",378626,2026-04-16 14:11:31,28.8537006378174,-17.9528121948242,"Unknown"
"5020567",378626,2026-04-16 14:12:31,28.8537082672119,-17.9528675079346,"Unknown"
"5020567",378626,2026-04-16 14:13:32,28.853702545166,-17.9529285430908,"Unknown"
"5020567",378626,2026-04-16 14:14:32,28.8537406921387,-17.952953338623,"Unknown"
"5020567",378626,2026-04-16 14:16:03,28.8536930084229,-17.9530048370361,"Unknown"
"5020567",378626,2026-04-16 14:16:29,28.8537158966064,-17.9529972076416,"Unknown"
"5020567",378626,2026-04-16 14:17:29,28.8536834716797,-17.953052520752,"Unknown"
"5020567",378626,2026-04-16 14:18:29,28.8536758422852,-17.9531021118164,"Unknown"
"5020567",378626,2026-04-16 14:19:30,28.8536987304688,-17.9531555175781,"Unknown"
"5020567",378626,2026-04-16 14:20:29,28.8536853790283,-17.9531745910645,"Unknown"
"5020567",378626,2026-04-16 14:21:29,28.8536605834961,-17.9532794952393,"Unknown"
"5020567",378626,2026-04-16 14:22:29,28.853687286377,-17.9533233642578,"Unknown"
"5020567",378626,2026-04-16 14:23:29,28.8537044525146,-17.9533729553223,"Unknown"
"5020567",378626,2026-04-16 14:24:29,28.8536834716797,-17.9534873962402,"Unknown"
"5020567",378626,2026-04-16 14:25:29,28.8536415100098,-17.9535579681396,"Unknown"
"5020567",378626,2026-04-16 14:26:29,28.8536224365234,-17.9536380767822,"Unknown"
"5020567",378626,2026-04-16 14:27:29,28.8536167144775,-17.9537029266357,"Unknown"
"5020567",378626,2026-04-16 14:28:30,28.8535537719727,-17.9537868499756,"Unknown"
"5020567",378626,2026-04-16 14:29:30,28.8535099029541,-17.9539012908936,"Unknown"
"5020567",378626,2026-04-16 14:30:29,28.8534259796143,-17.9539699554443,"Unknown"
"5020567",378626,2026-04-16 14:31:30,28.8533935546875,-17.9540672302246,"Unknown"
"5020567",378626,2026-04-16 14:32:29,28.8533325195312,-17.9541873931885,"Unknown"
"5020567",378626,2026-04-16 14:33:29,28.8532905578613,-17.9542846679688,"Unknown"
"5020567",378626,2026-04-16 14:34:30,28.8532524108887,-17.9543552398682,"Unknown"
"5020567",378626,2026-04-16 14:35:30,28.8532524108887,-17.9544696807861,"Unknown"
"5020567",378626,2026-04-16 14:36:30,28.8532047271729,-17.9545764923096,"Unknown"
"5020567",378626,2026-04-16 14:37:30,28.8531322479248,-17.9546661376953,"Unknown"
"5020567",378626,2026-04-16 14:38:30,28.8530540466309,-17.9547824859619,"Unknown"
"5020567",378626,2026-04-16 14:39:30,28.8529987335205,-17.9548759460449,"Unknown"
"5020567",378626,2026-04-16 14:40:30,28.852912902832,-17.9550037384033,"Unknown"
"5020567",378626,2026-04-16 14:41:30,28.8528575897217,-17.9550628662109,"Unknown"
"5020567",378626,2026-04-16 14:42:30,28.8527965545654,-17.9551525115967,"Unknown"
"5020567",378626,2026-04-16 14:43:30,28.8527297973633,-17.9552001953125,"Unknown"
"5020567",378626,2026-04-16 14:44:30,28.8526763916016,-17.9552478790283,"Unknown"
"5020567",378626,2026-04-16 14:45:30,28.8525810241699,-17.9553031921387,"Unknown"
"5020567",378626,2026-04-16 14:46:30,28.8524913787842,-17.9553699493408,"Unknown"
"5020567",378626,2026-04-16 14:47:30,28.8524131774902,-17.9554786682129,"Unknown"
"5020567",378626,2026-04-16 14:48:30,28.8523578643799,-17.9555950164795,"Unknown"
"5020567",378626,2026-04-16 14:49:32,28.8523044586182,-17.9556903839111,"Unknown"
"5020567",378626,2026-04-16 14:50:30,28.8522567749023,-17.9557762145996,"Unknown"
"5020567",378626,2026-04-16 14:51:30,28.852222442627,-17.9558715820312,"Unknown"
"5020567",378626,2026-04-16 14:52:30,28.8521556854248,-17.9559726715088,"Unknown"
"5020567",378626,2026-04-16 14:53:30,28.8521099090576,-17.9560871124268,"Unknown"
"5020567",378626,2026-04-16 14:54:30,28.8521137237549,-17.9562129974365,"Unknown"
"5020567",378626,2026-04-16 14:55:31,28.8520698547363,-17.9563407897949,"Unknown"
"5020567",378626,2026-04-16 14:56:30,28.8520240783691,-17.9564723968506,"Unknown"
"5020567",378626,2026-04-16 14:57:30,28.8519897460938,-17.9565963745117,"Unknown"
"5020567",378626,2026-04-16 14:58:30,28.8519382476807,-17.9567127227783,"Unknown"
"5020567",378626,2026-04-16 14:59:30,28.851842880249,-17.956901550293,"Unknown"
"5020567",378626,2026-04-16 15:00:30,28.8518218994141,-17.957010269165,"Unknown"
"5020567",378626,2026-04-16 15:01:30,28.8517398834229,-17.9571628570557,"Unknown"
"5020567",378626,2026-04-16 15:02:30,28.8516616821289,-17.9573383331299,"Unknown"
"5020567",378626,2026-04-16 15:03:30,28.8515567779541,-17.9575176239014,"Unknown"
"5020567",378626,2026-04-16 15:04:30,28.8515491485596,-17.9576034545898,"Unknown"
"5020567",378626,2026-04-16 15:05:31,28.8534183502197,-17.9568958282471,"Unknown"
"5020567",378626,2026-04-16 15:06:30,28.8552303314209,-17.9549865722656,"Unknown"
"5020567",378626,2026-04-16 15:07:30,28.8547706604004,-17.9514560699463,"Unknown"
"5020567",378626,2026-04-16 15:08:30,28.8561706542969,-17.9491405487061,"Unknown"
"5020567",378626,2026-04-16 15:09:30,28.8594379425049,-17.9467468261719,"Unknown"
"5020567",378626,2026-04-16 15:10:29,28.861759185791,-17.9446449279785,"Unknown"
"5020567",378626,2026-04-16 15:11:30,28.8621215820312,-17.940845489502,"Unknown"
"5020567",378626,2026-04-16 15:12:30,28.8633594512939,-17.9373912811279,"Unknown"
"5020567",378626,2026-04-16 15:17:29,28.8721675872803,-17.9263324737549,"Unknown"
"5020567",378626,2026-04-16 15:22:30,28.8670520782471,-17.9118194580078,"Unknown"
"5020567",378626,2026-04-16 15:27:30,28.8720722198486,-17.9053268432617,"Unknown"
"5020567",378626,2026-04-16 15:32:32,28.8757076263428,-17.9037666320801,"Unknown"
"5020567",378626,2026-04-16 15:37:30,28.872932434082,-17.8992519378662,"Unknown"
"5020567",378626,2026-04-16 15:42:31,28.8765296936035,-17.9002647399902,"Unknown"
"5020567",378626,2026-04-16 15:47:30,28.8767585754395,-17.8992385864258,"Unknown"
"5020567",378626,2026-04-16 15:52:30,28.8767852783203,-17.8986892700195,"Unknown"
"5020567",378626,2026-04-16 15:57:32,28.8765811920166,-17.8981380462646,"Unknown"
"5020567",378626,2026-04-16 16:02:30,28.8764591217041,-17.89772605896,"Unknown"
"5020567",378626,2026-04-16 16:07:33,28.8760852813721,-17.8969383239746,"Unknown"
"5020567",378626,2026-04-16 16:12:30,28.8757152557373,-17.8960742950439,"Unknown"
"5020567",378626,2026-04-16 16:17:33,28.8752708435059,-17.8952312469482,"Unknown"
"5020567",378626,2026-04-16 16:22:33,28.8749771118164,-17.8944931030273,"Unknown"
"5020567",378626,2026-04-16 16:27:33,28.8745708465576,-17.893798828125,"Unknown"
"5020567",378626,2026-04-16 16:33:03,28.8741207122803,-17.8931255340576,"Unknown"
"5020567",378626,2026-04-16 16:37:29,28.8737754821777,-17.8925762176514,"Unknown"
"5020567",378626,2026-04-16 16:42:28,28.8732986450195,-17.8919258117676,"Unknown"
"5020567",378626,2026-04-16 16:47:28,28.8728523254395,-17.8914756774902,"Unknown"
"5020567",378626,2026-04-16 16:52:29,28.8723487854004,-17.8909358978271,"Unknown"
"5020567",378626,2026-04-16 16:57:29,28.8718605041504,-17.8903884887695,"Unknown"
"5020567",378626,2026-04-16 17:02:29,28.8612747192383,-17.8836040496826,"Unknown"
"5020567",378626,2026-04-16 17:07:30,28.8504467010498,-17.8632106781006,"Unknown"
"5020567",378626,2026-04-16 17:08:29,28.8495235443115,-17.8598594665527,"Unknown"
"5020567",378626,2026-04-16 17:09:29,28.8477725982666,-17.8560905456543,"Unknown"
"5020567",378626,2026-04-16 17:10:29,28.8471794128418,-17.85205078125,"Unknown"
"5020567",378626,2026-04-16 17:11:29,28.8463592529297,-17.8483810424805,"Unknown"
"5020567",378626,2026-04-16 17:12:29,28.8469295501709,-17.8440761566162,"Unknown"
"5020567",378626,2026-04-16 17:13:29,28.8452320098877,-17.84006690979,"Unknown"
"5020567",378626,2026-04-16 17:14:29,28.8461494445801,-17.8356990814209,"Unknown"
"5020567",378626,2026-04-16 17:15:29,28.8472957611084,-17.8317070007324,"Unknown"
"5020567",378626,2026-04-16 17:16:29,28.8486213684082,-17.8273696899414,"Unknown"
"5020567",378626,2026-04-16 17:17:30,28.8503093719482,-17.8233375549316,"Unknown"
"5020567",378626,2026-04-16 17:18:29,28.851655960083,-17.819356918335,"Unknown"
"5020567",378626,2026-04-16 17:19:29,28.854284286499,-17.8168315887451,"Unknown"
"5020567",378626,2026-04-16 17:20:28,28.8586845397949,-17.8170986175537,"Unknown"
"5020567",378626,2026-04-16 17:21:28,28.8606910705566,-17.8176040649414,"Unknown"
"5020567",378626,2026-04-16 17:22:29,28.8614616394043,-17.8178234100342,"Unknown"
"5020567",378626,2026-04-16 17:23:29,28.8614368438721,-17.8178482055664,"Unknown"
"5020567",378626,2026-04-16 17:24:29,28.8614253997803,-17.8179016113281,"Unknown"
"5020567",378626,2026-04-16 17:25:29,28.8613929748535,-17.8179473876953,"Unknown"
"5020567",378626,2026-04-16 17:26:29,28.8613777160645,-17.8179340362549,"Unknown"
"5020567",378626,2026-04-16 17:27:29,28.8613662719727,-17.8179531097412,"Unknown"
"5020567",378626,2026-04-16 17:28:29,28.8613700866699,-17.817943572998,"Unknown"
"5020567",378626,2026-04-16 17:29:29,28.8613910675049,-17.8179683685303,"Unknown"
"5020567",378626,2026-04-16 17:30:29,28.8613967895508,-17.8179569244385,"Unknown"
"5020567",378626,2026-04-16 17:31:29,28.8613929748535,-17.8179492950439,"Unknown"
"5020567",378626,2026-04-16 17:32:29,28.8614387512207,-17.8179531097412,"Unknown"
"5020567",378626,2026-04-16 17:33:29,28.861457824707,-17.8179950714111,"Unknown"
"5020567",378626,2026-04-16 17:34:29,28.8614330291748,-17.8180160522461,"Unknown"
"5020567",378626,2026-04-16 17:35:29,28.8614234924316,-17.8180236816406,"Unknown"
"5020567",378626,2026-04-16 17:36:29,28.8614692687988,-17.8180484771729,"Unknown"
"5020567",378626,2026-04-16 17:37:29,28.8614883422852,-17.8181266784668,"Unknown"
"5020567",378626,2026-04-16 17:38:29,28.8614692687988,-17.8181133270264,"Unknown"
"5020567",378626,2026-04-16 17:39:29,28.861478805542,-17.8181285858154,"Unknown"
"5020567",378626,2026-04-16 17:40:29,28.8615989685059,-17.8179836273193,"Unknown"
"5020567",378626,2026-04-16 17:41:29,28.8615341186523,-17.8179607391357,"Unknown"
"5020567",378626,2026-04-16 17:42:29,28.8615207672119,-17.8179588317871,"Unknown"
"5020567",378626,2026-04-16 17:43:29,28.8615074157715,-17.8179626464844,"Unknown"
"5020567",378626,2026-04-16 17:44:29,28.8614387512207,-17.8179740905762,"Unknown"
"5020567",378626,2026-04-16 17:45:29,28.8614158630371,-17.8179931640625,"Unknown"
"5020567",378626,2026-04-16 17:46:29,28.861385345459,-17.8179874420166,"Unknown"
"5020567",378626,2026-04-16 17:47:29,28.8613910675049,-17.8180389404297,"Unknown"
"5020567",378626,2026-04-16 17:48:29,28.8613662719727,-17.8180351257324,"Unknown"
"5020567",378626,2026-04-16 17:49:29,28.8613529205322,-17.8180160522461,"Unknown"
"5020567",378626,2026-04-16 17:50:29,28.8613262176514,-17.8180160522461,"Unknown"
"5020567",378626,2026-04-16 17:51:29,28.8612804412842,-17.8180255889893,"Unknown"
"5020567",378626,2026-04-16 17:52:29,28.8612594604492,-17.8180713653564,"Unknown"
"5020567",378626,2026-04-16 17:53:29,28.8612194061279,-17.8181324005127,"Unknown"
"5020567",378626,2026-04-16 17:54:29,28.8611946105957,-17.8181343078613,"Unknown"
"5020567",378626,2026-04-16 17:55:29,28.8611431121826,-17.8181743621826,"Unknown"
"5020567",378626,2026-04-16 17:56:29,28.8611259460449,-17.818244934082,"Unknown"
"5020567",378626,2026-04-16 17:57:29,28.861120223999,-17.8183116912842,"Unknown"
"5020567",378626,2026-04-16 17:58:29,28.861083984375,-17.8183574676514,"Unknown"
"5020567",378626,2026-04-16 17:59:29,28.8610668182373,-17.8183708190918,"Unknown"
"5020567",378626,2026-04-16 18:00:29,28.8610591888428,-17.8183307647705,"Unknown"
"5020567",378626,2026-04-16 18:01:29,28.8610782623291,-17.8183727264404,"Unknown"
"5020567",378626,2026-04-16 18:02:29,28.8610877990723,-17.8183937072754,"Unknown"
"5020567",378626,2026-04-16 18:03:29,28.8614540100098,-17.8181686401367,"Unknown"
"5020567",378626,2026-04-16 18:04:29,28.8628845214844,-17.8179759979248,"Unknown"
"5020567",378626,2026-04-16 18:05:29,28.8609924316406,-17.8135261535645,"Unknown"
"5020567",378626,2026-04-16 18:10:29,28.8593368530273,-17.7940273284912,"Unknown"
"5020567",378626,2026-04-16 18:11:29,28.8589286804199,-17.7898235321045,"Unknown"
"5020567",378626,2026-04-16 18:12:29,28.8569488525391,-17.7859897613525,"Unknown"
"5020567",378626,2026-04-16 18:13:30,28.8536567687988,-17.7820110321045,"Unknown"
"5020567",378626,2026-04-16 18:14:30,28.852331161499,-17.7786445617676,"Unknown"
"5020567",378626,2026-04-16 18:15:29,28.8502635955811,-17.7747020721436,"Unknown"
"5020567",378626,2026-04-16 18:16:30,28.8461723327637,-17.7701110839844,"Unknown"
"5020567",378626,2026-04-16 18:17:29,28.8430271148682,-17.7656707763672,"Unknown"
"5020567",378626,2026-04-16 18:18:29,28.8362407684326,-17.7637004852295,"Unknown"
"5020567",378626,2026-04-16 18:19:30,28.8343944549561,-17.7656288146973,"Unknown"
"5020567",378626,2026-04-16 18:20:30,28.8344764709473,-17.7657012939453,"Unknown"
"5020567",378626,2026-04-16 18:21:30,28.8345375061035,-17.7658367156982,"Unknown"
"5020567",378626,2026-04-16 18:22:30,28.8345909118652,-17.7659130096436,"Unknown"
"5020567",378626,2026-04-16 18:23:29,28.8346462249756,-17.7660026550293,"Unknown"
"5020567",378626,2026-04-16 18:24:29,28.8347244262695,-17.7660579681396,"Unknown"
"5020567",378626,2026-04-16 18:25:30,28.8347282409668,-17.7660827636719,"Unknown"
"5020567",378626,2026-04-16 18:26:29,28.8347988128662,-17.7661552429199,"Unknown"
"5020567",378626,2026-04-16 18:27:29,28.8348636627197,-17.7661972045898,"Unknown"
"5020567",378626,2026-04-16 18:28:29,28.8348999023438,-17.7662239074707,"Unknown"
"5020567",378626,2026-04-16 18:29:29,28.8349781036377,-17.7662696838379,"Unknown"
"5020567",378626,2026-04-16 18:30:29,28.835018157959,-17.7663536071777,"Unknown"
"5020567",378626,2026-04-16 18:31:29,28.835075378418,-17.7664203643799,"Unknown"
"5020567",378626,2026-04-16 18:32:29,28.8351249694824,-17.7664756774902,"Unknown"
"5020567",378626,2026-04-16 18:33:29,28.8351593017578,-17.766529083252,"Unknown"
"5020567",378626,2026-04-16 18:34:29,28.8352508544922,-17.7666320800781,"Unknown"
"5020567",378626,2026-04-16 18:35:29,28.8353252410889,-17.7667102813721,"Unknown"
"5020567",378626,2026-04-16 18:36:29,28.8354072570801,-17.7667655944824,"Unknown"
"5020567",378626,2026-04-16 18:37:29,28.8354892730713,-17.766809463501,"Unknown"
"5020567",378626,2026-04-16 18:38:29,28.8355407714844,-17.7669010162354,"Unknown"
"5020567",378626,2026-04-16 18:39:29,28.8356170654297,-17.7669582366943,"Unknown"
"5020567",378626,2026-04-16 18:40:30,28.8357181549072,-17.7670459747314,"Unknown"
"5020567",378626,2026-04-16 18:41:29,28.8357830047607,-17.7670822143555,"Unknown"
"5020567",378626,2026-04-16 18:42:29,28.8358879089355,-17.7670764923096,"Unknown"
"5020567",378626,2026-04-16 18:43:29,28.8360042572021,-17.7671298980713,"Unknown"
"5020567",378626,2026-04-16 18:44:29,28.8360919952393,-17.7671813964844,"Unknown"
"5020567",378626,2026-04-16 18:45:29,28.8361701965332,-17.7672348022461,"Unknown"
"5020567",378626,2026-04-16 18:46:29,28.8362369537354,-17.7672843933105,"Unknown"
"5020567",378626,2026-04-16 18:47:29,28.836311340332,-17.7673301696777,"Unknown"
"5020567",378626,2026-04-16 18:48:29,28.8363456726074,-17.7673759460449,"Unknown"
"5020567",378626,2026-04-16 18:49:29,28.8363933563232,-17.7674255371094,"Unknown"
"5020567",378626,2026-04-16 18:50:30,28.8364448547363,-17.7674942016602,"Unknown"
"5020567",378626,2026-04-16 18:51:30,28.8365077972412,-17.7675590515137,"Unknown"
"5020567",378626,2026-04-16 18:52:29,28.8365478515625,-17.767635345459,"Unknown"
"5020567",378626,2026-04-16 18:53:29,28.8366260528564,-17.7676944732666,"Unknown"
"5020567",378626,2026-04-16 18:54:29,28.8367023468018,-17.7677459716797,"Unknown"
"5020567",378626,2026-04-16 18:55:29,28.8367805480957,-17.7677841186523,"Unknown"
"5020567",378626,2026-04-16 18:56:29,28.8368453979492,-17.767822265625,"Unknown"
"5020567",378626,2026-04-16 18:57:29,28.8369064331055,-17.7678775787354,"Unknown"
"5020567",378626,2026-04-16 18:58:29,28.8369560241699,-17.7679328918457,"Unknown"
"5020567",378626,2026-04-16 18:59:29,28.8370380401611,-17.7680187225342,"Unknown"
"5020567",378626,2026-04-16 19:01:05,28.8371429443359,-17.7681045532227,"Unknown"
"5020567",378626,2026-04-16 19:01:29,28.83713722229,-17.768087387085,"Unknown"
"5020567",378626,2026-04-16 19:02:30,28.8372020721436,-17.7681751251221,"Unknown"
"5020567",378626,2026-04-16 19:03:30,28.8372383117676,-17.768253326416,"Unknown"
"5020567",378626,2026-04-16 19:04:29,28.8372611999512,-17.7683238983154,"Unknown"
"5020567",378626,2026-04-16 19:05:29,28.8372898101807,-17.7684078216553,"Unknown"
"5020567",378626,2026-04-16 19:06:30,28.8373565673828,-17.7684898376465,"Unknown"
"5020567",378626,2026-04-16 19:07:31,28.8373870849609,-17.7685317993164,"Unknown"
"5020567",378626,2026-04-16 19:08:31,28.837423324585,-17.7685508728027,"Unknown"
"5020567",378626,2026-04-16 19:09:29,28.8374519348145,-17.7685852050781,"Unknown"
"5020567",378626,2026-04-16 19:10:31,28.8375434875488,-17.7686386108398,"Unknown"
"5020567",378626,2026-04-16 19:11:29,28.8375511169434,-17.7686729431152,"Unknown"
"5020567",378626,2026-04-16 19:12:29,28.8376064300537,-17.7687549591064,"Unknown"
"5020567",378626,2026-04-16 19:13:32,28.8376178741455,-17.7688007354736,"Unknown"
"5020567",378626,2026-04-16 19:14:29,28.8376274108887,-17.7688522338867,"Unknown"
"5020567",378626,2026-04-16 19:15:29,28.8376483917236,-17.7688636779785,"Unknown"
"5020567",378626,2026-04-16 19:16:29,28.8376388549805,-17.7688999176025,"Unknown"
"5020567",378626,2026-04-16 19:17:29,28.8376941680908,-17.768928527832,"Unknown"
"5020567",378626,2026-04-16 19:18:29,28.8376388549805,-17.7689342498779,"Unknown"
"5020567",378626,2026-04-16 19:19:29,28.8375835418701,-17.7689609527588,"Unknown"
"5020567",378626,2026-04-16 19:20:29,28.8375453948975,-17.7689514160156,"Unknown"
"5020567",378626,2026-04-16 19:21:29,28.8375110626221,-17.7689476013184,"Unknown"
"5020567",378626,2026-04-16 19:22:29,28.8374767303467,-17.7689437866211,"Unknown"
"5020567",378626,2026-04-16 19:23:29,28.8374290466309,-17.7689418792725,"Unknown"
"5020567",378626,2026-04-16 19:24:28,28.8373851776123,-17.7689437866211,"Unknown"
"5020567",378626,2026-04-16 19:25:29,28.8373584747314,-17.768949508667,"Unknown"
"5020567",378626,2026-04-16 19:26:29,28.8373126983643,-17.7689514160156,"Unknown"
"5020567",378626,2026-04-16 19:27:28,28.8372402191162,-17.7689666748047,"Unknown"
"5020567",378626,2026-04-16 19:28:29,28.8372192382812,-17.7689476013184,"Unknown"
"5020567",378626,2026-04-16 19:29:29,28.8371658325195,-17.7689399719238,"Unknown"
"5020567",378626,2026-04-16 19:30:29,28.8371143341064,-17.7689342498779,"Unknown"
"5020567",378626,2026-04-16 19:31:29,28.8370819091797,-17.7689380645752,"Unknown"
"5020567",378626,2026-04-16 19:32:30,28.8371963500977,-17.7689590454102,"Unknown"
"5020567",378626,2026-04-16 19:33:29,28.8372077941895,-17.7689571380615,"Unknown"
"5020567",378626,2026-04-16 19:34:29,28.8372421264648,-17.7689800262451,"Unknown"
"5020567",378626,2026-04-16 19:35:29,28.8372707366943,-17.7690086364746,"Unknown"
"5020567",378626,2026-04-16 19:36:29,28.8372611999512,-17.7690010070801,"Unknown"
"5020567",378626,2026-04-16 19:37:29,28.8372745513916,-17.7689914703369,"Unknown"
"5020567",378626,2026-04-16 19:38:29,28.8372764587402,-17.7690143585205,"Unknown"
"5020567",378626,2026-04-16 19:39:29,28.8373222351074,-17.7690296173096,"Unknown"
"5020567",378626,2026-04-16 19:40:29,28.8373279571533,-17.7690277099609,"Unknown"
"5020567",378626,2026-04-16 19:41:29,28.8373146057129,-17.7690410614014,"Unknown"
"5020567",378626,2026-04-16 19:42:29,28.8373203277588,-17.7690582275391,"Unknown"
"5020567",378626,2026-04-16 19:43:29,28.8372993469238,-17.7690715789795,"Unknown"
"5020567",378626,2026-04-16 19:44:29,28.8373146057129,-17.7690944671631,"Unknown"
"5020567",378626,2026-04-16 19:45:29,28.8372993469238,-17.7691097259521,"Unknown"
"5020567",378626,2026-04-16 19:46:29,28.8372535705566,-17.7691249847412,"Unknown"
"5020567",378626,2026-04-16 19:47:29,28.837215423584,-17.7691040039062,"Unknown"
"5020567",378626,2026-04-16 19:48:35,28.8372459411621,-17.7691078186035,"Unknown"
"5020567",378626,2026-04-16 19:49:29,28.8372268676758,-17.769157409668,"Unknown"
"5020567",378626,2026-04-16 19:50:29,28.8372211456299,-17.7691745758057,"Unknown"
"5020567",378626,2026-04-16 19:51:37,28.8372230529785,-17.769229888916,"Unknown"
"5020567",378626,2026-04-16 19:52:29,28.8371829986572,-17.7692699432373,"Unknown"
"5020567",378626,2026-04-16 19:53:29,28.8371524810791,-17.7693367004395,"Unknown"
"5020567",378626,2026-04-16 19:54:28,28.8371276855469,-17.7693710327148,"Unknown"
"5020567",378626,2026-04-16 19:55:28,28.8371162414551,-17.7693710327148,"Unknown"
"5020567",378626,2026-04-16 19:56:37,28.837028503418,-17.7693939208984,"Unknown"
"5020567",378626,2026-04-16 19:57:34,28.8369731903076,-17.7694034576416,"Unknown"
"5020567",378626,2026-04-16 19:58:35,28.8369178771973,-17.7694568634033,"Unknown"
"5020567",378626,2026-04-16 19:59:29,28.8369083404541,-17.7695388793945,"Unknown"
"5020567",378626,2026-04-16 20:00:29,28.8368988037109,-17.7695865631104,"Unknown"
"5020567",378626,2026-04-16 20:01:29,28.836893081665,-17.769645690918,"Unknown"
"5020567",378626,2026-04-16 20:02:29,28.8369064331055,-17.7696895599365,"Unknown"
"5020567",378626,2026-04-16 20:03:29,28.8369369506836,-17.7697277069092,"Unknown"
"5020567",378626,2026-04-16 20:04:29,28.8369293212891,-17.769775390625,"Unknown"
"5020567",378626,2026-04-16 20:05:29,28.8369636535645,-17.7698307037354,"Unknown"
"5020567",378626,2026-04-16 20:06:30,28.8369808197021,-17.7699432373047,"Unknown"
"5020567",378626,2026-04-16 20:07:29,28.8369941711426,-17.7700119018555,"Unknown"
"5020567",378626,2026-04-16 20:08:29,28.8370037078857,-17.7701015472412,"Unknown"
"5020567",378626,2026-04-16 20:09:29,28.8369960784912,-17.7701721191406,"Unknown"
"5020567",378626,2026-04-16 20:10:29,28.8369693756104,-17.7702007293701,"Unknown"
"5020567",378626,2026-04-16 20:11:29,28.8369731903076,-17.7702465057373,"Unknown"
"5020567",378626,2026-04-16 20:12:30,28.8369560241699,-17.7703151702881,"Unknown"
"5020567",378626,2026-04-16 20:13:29,28.836950302124,-17.7703742980957,"Unknown"
"5020567",378626,2026-04-16 20:14:29,28.8369522094727,-17.770435333252,"Unknown"
"5020567",378626,2026-04-16 20:15:29,28.8368797302246,-17.7704601287842,"Unknown"
"5020567",378626,2026-04-16 20:16:29,28.836799621582,-17.7704887390137,"Unknown"
"5020567",378626,2026-04-16 20:17:28,28.8367538452148,-17.7704563140869,"Unknown"
"5020567",378626,2026-04-16 20:18:29,28.8366966247559,-17.7704620361328,"Unknown"
"5020567",378626,2026-04-16 20:19:29,28.8366508483887,-17.7705116271973,"Unknown"
"5020567",378626,2026-04-16 20:20:29,28.8366584777832,-17.7705268859863,"Unknown"
"5020567",378626,2026-04-16 20:21:29,28.8366603851318,-17.7705402374268,"Unknown"
"5020567",378626,2026-04-16 20:22:29,28.8366622924805,-17.7705402374268,"Unknown"
"5020567",378626,2026-04-16 20:23:29,28.8366184234619,-17.7705478668213,"Unknown"
"5020567",378626,2026-04-16 20:24:29,28.8366184234619,-17.7705383300781,"Unknown"
"5020567",378626,2026-04-16 20:25:29,28.8366374969482,-17.7705688476562,"Unknown"
"5020567",378626,2026-04-16 20:26:29,28.8366050720215,-17.7705612182617,"Unknown"
"5020567",378626,2026-04-16 20:27:29,28.8365726470947,-17.7705421447754,"Unknown"
"5020567",378626,2026-04-16 20:28:29,28.8365268707275,-17.7705726623535,"Unknown"
"5020567",378626,2026-04-16 20:29:29,28.836462020874,-17.7705631256104,"Unknown"
"5020567",378626,2026-04-16 20:30:30,28.836446762085,-17.7705459594727,"Unknown"
"5020567",378626,2026-04-16 20:31:29,28.8364162445068,-17.7705574035645,"Unknown"
"5020567",378626,2026-04-16 20:32:30,28.8363800048828,-17.7705669403076,"Unknown"
"5020567",378626,2026-04-16 20:33:29,28.8363456726074,-17.7705383300781,"Unknown"
"5020567",378626,2026-04-16 20:34:32,28.8362770080566,-17.7705345153809,"Unknown"
"5020567",378626,2026-04-16 20:35:29,28.8362617492676,-17.7705516815186,"Unknown"
"5020567",378626,2026-04-16 20:36:29,28.8362159729004,-17.7705402374268,"Unknown"
"5020567",378626,2026-04-16 20:37:30,28.8361701965332,-17.7705059051514,"Unknown"
"5020567",378626,2026-04-16 20:38:29,28.8361186981201,-17.7705135345459,"Unknown"
"5020567",378626,2026-04-16 20:39:30,28.8360137939453,-17.7705345153809,"Unknown"
"5020567",378626,2026-04-16 20:40:29,28.8359527587891,-17.7705421447754,"Unknown"
"5020567",378626,2026-04-16 20:41:29,28.8358974456787,-17.7705535888672,"Unknown"
"5020567",378626,2026-04-16 20:42:29,28.8358459472656,-17.7705707550049,"Unknown"
"5020567",378626,2026-04-16 20:43:32,28.8357315063477,-17.7705764770508,"Unknown"
"5020567",378626,2026-04-16 20:44:29,28.8357028961182,-17.770601272583,"Unknown"
"5020567",378626,2026-04-16 20:45:30,28.8356952667236,-17.7705993652344,"Unknown"
"5020567",378626,2026-04-16 20:46:29,28.8356647491455,-17.770622253418,"Unknown"
"5020567",378626,2026-04-16 20:47:32,28.8356513977051,-17.7705898284912,"Unknown"
"5020567",378626,2026-04-16 20:48:29,28.8356094360352,-17.7705936431885,"Unknown"
"5020567",378626,2026-04-16 20:49:30,28.8355884552002,-17.7705974578857,"Unknown"
"5020567",378626,2026-04-16 20:50:29,28.835542678833,-17.7705974578857,"Unknown"
"5020567",378626,2026-04-16 20:51:30,28.8354835510254,-17.7706451416016,"Unknown"
"5020567",378626,2026-04-16 20:52:30,28.8354320526123,-17.770658493042,"Unknown"
"5020567",378626,2026-04-16 20:53:29,28.8353576660156,-17.7707080841064,"Unknown"
"5020567",378626,2026-04-16 20:54:30,28.8353462219238,-17.7707691192627,"Unknown"
"5020567",378626,2026-04-16 20:55:30,28.8353633880615,-17.770809173584,"Unknown"
"5020567",378626,2026-04-16 20:56:30,28.8353729248047,-17.7708702087402,"Unknown"
"5020567",378626,2026-04-16 20:57:30,28.8353462219238,-17.7708683013916,"Unknown"
"5020567",378626,2026-04-16 20:58:30,28.835319519043,-17.7709064483643,"Unknown"
"5020567",378626,2026-04-16 20:59:30,28.8352527618408,-17.7709197998047,"Unknown"
"5020567",378626,2026-04-16 21:00:30,28.8352031707764,-17.7709140777588,"Unknown"
"5020567",378626,2026-04-16 21:01:30,28.8351783752441,-17.7709350585938,"Unknown"
"5020567",378626,2026-04-16 21:02:30,28.8350982666016,-17.7709369659424,"Unknown"
"5020567",378626,2026-04-16 21:03:30,28.8350276947021,-17.7709484100342,"Unknown"
"5020567",378626,2026-04-16 21:04:32,28.8349704742432,-17.7709541320801,"Unknown"
"5020567",378626,2026-04-16 21:05:30,28.8348999023438,-17.7709693908691,"Unknown"
"5020567",378626,2026-04-16 21:06:30,28.8348503112793,-17.7710113525391,"Unknown"
"5020567",378626,2026-04-16 21:07:31,28.8348140716553,-17.7709312438965,"Unknown"
"5020567",378626,2026-04-16 21:08:30,28.8347625732422,-17.7710666656494,"Unknown"
"5020567",378626,2026-04-16 21:09:30,28.834680557251,-17.7711009979248,"Unknown"
"5020567",378626,2026-04-16 21:10:31,28.8345928192139,-17.7710990905762,"Unknown"
"5020567",378626,2026-04-16 21:11:32,28.834529876709,-17.7711124420166,"Unknown"
"5020567",378626,2026-04-16 21:12:29,28.8344593048096,-17.7711143493652,"Unknown"
"5020567",378626,2026-04-16 21:13:31,28.834379196167,-17.771125793457,"Unknown"
"5020567",378626,2026-04-16 21:14:30,28.8342742919922,-17.7711124420166,"Unknown"
"5020567",378626,2026-04-16 21:15:31,28.8341770172119,-17.7711334228516,"Unknown"
"5020567",378626,2026-04-16 21:16:30,28.834135055542,-17.7711143493652,"Unknown"
"5020567",378626,2026-04-16 21:17:30,28.8340511322021,-17.7711009979248,"Unknown"
"5020567",378626,2026-04-16 21:18:33,28.8339557647705,-17.7710971832275,"Unknown"
"5020567",378626,2026-04-16 21:19:29,28.8338584899902,-17.7711238861084,"Unknown"
"5020567",378626,2026-04-16 21:20:30,28.8337535858154,-17.7711181640625,"Unknown"
"5020567",378626,2026-04-16 21:21:29,28.833667755127,-17.7711238861084,"Unknown"
"5020567",378626,2026-04-16 21:22:34,28.833589553833,-17.7711162567139,"Unknown"
"5020567",378626,2026-04-16 21:23:30,28.8335132598877,-17.7710971832275,"Unknown"
"5020567",378626,2026-04-16 21:24:35,28.8334121704102,-17.771089553833,"Unknown"
"5020567",378626,2026-04-16 21:25:37,28.8333168029785,-17.7710628509521,"Unknown"
"5020567",378626,2026-04-16 21:26:34,28.8332328796387,-17.7710475921631,"Unknown"
"5020567",378626,2026-04-16 21:27:34,28.8331108093262,-17.771032333374,"Unknown"
"5020567",378626,2026-04-16 21:28:35,28.8330001831055,-17.7710151672363,"Unknown"
"5020567",378626,2026-04-16 21:29:35,28.8328990936279,-17.7710075378418,"Unknown"
"5020567",378626,2026-04-16 21:30:35,28.8327808380127,-17.77099609375,"Unknown"
"5020567",378626,2026-04-16 21:32:03,28.8326454162598,-17.7709808349609,"Unknown"
"5020567",378626,2026-04-16 21:32:29,28.8325958251953,-17.7709922790527,"Unknown"
"5020567",378626,2026-04-16 21:33:29,28.8324871063232,-17.7709846496582,"Unknown"
"5020567",378626,2026-04-16 21:34:29,28.8323802947998,-17.7709732055664,"Unknown"
"5020567",378626,2026-04-16 21:35:29,28.832275390625,-17.7709560394287,"Unknown"
"5020567",378626,2026-04-16 21:36:29,28.8322010040283,-17.7709465026855,"Unknown"
"5020567",378626,2026-04-16 21:37:30,28.8320980072021,-17.7709121704102,"Unknown"
"5020567",378626,2026-04-16 21:38:29,28.8320159912109,-17.7708969116211,"Unknown"
"5020567",378626,2026-04-16 21:39:29,28.832088470459,-17.7705478668213,"Unknown"
"5020567",378626,2026-04-16 21:40:29,28.8327407836914,-17.7667541503906,"Unknown"
"5020567",378626,2026-04-16 21:41:29,28.8319454193115,-17.7630729675293,"Unknown"
"5020567",378626,2026-04-16 21:42:29,28.8287734985352,-17.7596702575684,"Unknown"
"5020567",378626,2026-04-16 21:43:29,28.8245697021484,-17.7561664581299,"Unknown"
"5020567",378626,2026-04-16 21:44:29,28.8204479217529,-17.7524566650391,"Unknown"
"5020567",378626,2026-04-16 21:45:29,28.8149147033691,-17.7493476867676,"Unknown"
"5020567",378626,2026-04-16 21:46:29,28.8082866668701,-17.7479019165039,"Unknown"
"5020567",378626,2026-04-16 21:47:29,28.8006973266602,-17.7491970062256,"Unknown"
"5020567",378626,2026-04-16 21:48:29,28.7931060791016,-17.7510528564453,"Unknown"
"5020567",378626,2026-04-16 21:49:29,28.7871379852295,-17.7505054473877,"Unknown"
"5020567",378626,2026-04-16 21:50:29,28.7831077575684,-17.7479686737061,"Unknown"
"5020567",378626,2026-04-16 21:51:29,28.7760581970215,-17.7481441497803,"Unknown"
"5020567",378626,2026-04-16 21:52:29,28.7741641998291,-17.7475452423096,"Unknown"
"5020567",378626,2026-04-16 21:53:30,28.7736167907715,-17.7440662384033,"Unknown"
"5020567",378626,2026-04-16 21:54:29,28.7716941833496,-17.7440967559814,"Unknown"
"5020567",378626,2026-04-16 21:55:32,28.76828956604,-17.7442245483398,"Unknown"
"5020567",378626,2026-04-16 21:56:29,28.761604309082,-17.7451210021973,"Unknown"
"5020567",378626,2026-04-16 21:57:29,28.7533779144287,-17.7443542480469,"Unknown"
"5020567",378626,2026-04-16 21:58:29,28.7505798339844,-17.7418174743652,"Unknown"
"5020567",378626,2026-04-16 21:59:29,28.7441539764404,-17.7447509765625,"Unknown"
"5020567",378626,2026-04-16 22:00:29,28.7348728179932,-17.7433586120605,"Unknown"
"5020567",378626,2026-04-16 22:01:30,28.7267227172852,-17.7470359802246,"Unknown"
"5020567",378626,2026-04-16 22:02:30,28.7186870574951,-17.7505626678467,"Unknown"
"5020567",378626,2026-04-16 22:03:29,28.716682434082,-17.7580089569092,"Unknown"
"5020567",378626,2026-04-16 22:04:30,28.7199974060059,-17.762523651123,"Unknown"
"5020567",378626,2026-04-16 22:05:29,28.7208938598633,-17.7640419006348,"Unknown"
"5020567",378626,2026-04-16 22:06:30,28.7198581695557,-17.7631759643555,"Unknown"
"5020567",378626,2026-04-16 22:08:03,28.7196083068848,-17.764087677002,"Unknown"
"5020567",378626,2026-04-16 22:08:33,28.7195434570312,-17.7641410827637,"Unknown"
"5020567",378626,2026-04-16 22:09:33,28.7196502685547,-17.7640495300293,"Unknown"
"5020567",378626,2026-04-16 22:10:32,28.7196674346924,-17.7640533447266,"Unknown"
"5020567",378626,2026-04-16 22:11:37,28.7195663452148,-17.7641353607178,"Unknown"
"5020567",378626,2026-04-16 22:12:35,28.7195148468018,-17.7641773223877,"Unknown"
"5020567",378626,2026-04-16 22:14:55,28.7195472717285,-17.7641410827637,"Unknown"
"5020567",378626,2026-04-16 22:15:08,28.7195320129395,-17.7641487121582,"Unknown"
"5020567",378626,2026-04-16 22:17:03,28.7195644378662,-17.7641105651855,"Unknown"
"5020567",378626,2026-04-16 22:17:15,28.7195663452148,-17.7641105651855,"Unknown"
"5020567",378626,2026-04-16 22:18:58,28.7195262908936,-17.7641506195068,"Unknown"
"5020567",378626,2026-04-16 22:19:09,28.7200450897217,-17.7636947631836,"Unknown"
"5020567",378626,2026-04-16 22:21:29,28.7195339202881,-17.7641487121582,"Unknown"
"5020567",378626,2026-04-16 22:21:30,28.7195339202881,-17.7641487121582,"Unknown"
"5020567",378626,2026-04-17 05:53:02,28.7091159820557,-17.7244281768799,"Unknown"
"5020567",378626,2026-04-17 06:13:58,28.7521133422852,-17.7062969207764,"Unknown"
"5020567",378626,2026-04-17 07:12:33,28.862642288208,-17.8017501831055,"Unknown"
"5020567",378626,2026-04-17 09:13:27,28.8710479736328,-17.9201030731201,"Unknown"
"5020567",378626,2026-04-17 09:22:33,28.8688087463379,-17.9169750213623,"Unknown"
"5020567",378626,2026-04-17 09:32:33,28.8689384460449,-17.9143104553223,"Unknown"
"5020567",378626,2026-04-17 09:42:32,28.8765964508057,-17.9076766967773,"Unknown"
"5020567",378626,2026-04-17 09:52:32,28.8662624359131,-17.9073505401611,"Unknown"
"5020567",378626,2026-04-17 10:02:32,28.8649406433105,-17.8981342315674,"Unknown"
"5020567",378626,2026-04-17 10:12:32,28.8604888916016,-17.8917579650879,"Unknown"
"5020567",378626,2026-04-17 10:22:32,28.8589992523193,-17.8890781402588,"Unknown"
"5020567",378626,2026-04-17 10:32:34,28.8608684539795,-17.8937492370605,"Unknown"
"5020567",378626,2026-04-17 10:42:33,28.8614063262939,-17.8978271484375,"Unknown"
"5020567",378626,2026-04-17 10:52:32,28.8536796569824,-17.887601852417,"Unknown"
"5020567",378626,2026-04-17 10:53:32,28.8530540466309,-17.8868389129639,"Unknown"
"5020567",378626,2026-04-17 11:03:35,28.8573455810547,-17.8933086395264,"Unknown"
"5020567",378626,2026-04-17 11:04:35,28.858455657959,-17.8949813842773,"Unknown"
"5020567",378626,2026-04-17 11:05:38,28.8595142364502,-17.8955192565918,"Unknown"
"5020567",378626,2026-04-17 11:06:35,28.859619140625,-17.8955135345459,"Unknown"
"5020567",378626,2026-04-17 11:07:35,28.8596611022949,-17.8955459594727,"Unknown"
"5020567",378626,2026-04-17 11:08:35,28.8597927093506,-17.8954334259033,"Unknown"
"5020567",378626,2026-04-17 11:09:34,28.8616580963135,-17.8961753845215,"Unknown"
"5020567",378626,2026-04-17 11:10:33,28.8621883392334,-17.8952789306641,"Unknown"
"5020567",378626,2026-04-17 11:11:34,28.8611278533936,-17.8943119049072,"Unknown"
"5020567",378626,2026-04-17 11:16:35,28.8612079620361,-17.8943729400635,"Unknown"
"5020567",378626,2026-04-17 11:17:35,28.8612403869629,-17.8943710327148,"Unknown"
"5020567",378626,2026-04-17 11:18:35,28.8612823486328,-17.8944072723389,"Unknown"
"5020567",378626,2026-04-17 11:19:35,28.8613147735596,-17.8943557739258,"Unknown"
"5020567",378626,2026-04-17 11:20:34,28.8604602813721,-17.8942070007324,"Unknown"
"5020567",378626,2026-04-17 11:21:35,28.8599224090576,-17.8933582305908,"Unknown"
"5020567",378626,2026-04-17 11:22:35,28.8599548339844,-17.8933868408203,"Unknown"
"5020567",378626,2026-04-17 11:23:35,28.8599548339844,-17.8934268951416,"Unknown"
"5020567",378626,2026-04-17 11:24:35,28.8599872589111,-17.8935298919678,"Unknown"
"5020567",378626,2026-04-17 11:26:03,28.8599987030029,-17.8936080932617,"Unknown"
"5020567",378626,2026-04-17 11:26:33,28.8600158691406,-17.8936138153076,"Unknown"
"5020567",378626,2026-04-17 11:27:33,28.8600406646729,-17.8936824798584,"Unknown"
"5020567",378626,2026-04-17 11:28:32,28.8600654602051,-17.8937664031982,"Unknown"
"5020567",378626,2026-04-17 11:29:32,28.8600807189941,-17.8938179016113,"Unknown"
"5020567",378626,2026-04-17 11:30:32,28.8600997924805,-17.893856048584,"Unknown"
"5020567",378626,2026-04-17 11:31:32,28.8600883483887,-17.8939228057861,"Unknown"
"5020567",378626,2026-04-17 11:32:32,28.8601055145264,-17.8939723968506,"Unknown"
"5020567",378626,2026-04-17 11:33:32,28.8601837158203,-17.8940105438232,"Unknown"
"5020567",378626,2026-04-17 11:34:33,28.8600101470947,-17.8941059112549,"Unknown"
"5020567",378626,2026-04-17 11:35:32,28.8610591888428,-17.8942279815674,"Unknown"
"5020567",378626,2026-04-17 11:36:32,28.8610897064209,-17.894287109375,"Unknown"
"5020567",378626,2026-04-17 11:37:32,28.8611240386963,-17.894323348999,"Unknown"
"5020567",378626,2026-04-17 11:38:32,28.861141204834,-17.8943500518799,"Unknown"
"5020567",378626,2026-04-17 11:39:32,28.8611660003662,-17.8944149017334,"Unknown"
"5020567",378626,2026-04-17 11:40:33,28.8611698150635,-17.8944416046143,"Unknown"
"5020567",378626,2026-04-17 11:41:33,28.8612289428711,-17.8944568634033,"Unknown"
"5020567",378626,2026-04-17 11:42:32,28.8612537384033,-17.8945274353027,"Unknown"
"5020567",378626,2026-04-17 11:43:32,28.8612976074219,-17.8945960998535,"Unknown"
"5020567",378626,2026-04-17 11:44:32,28.8613185882568,-17.8946437835693,"Unknown"
"5020567",378626,2026-04-17 11:45:32,28.8613624572754,-17.8946647644043,"Unknown"
"5020567",378626,2026-04-17 11:46:32,28.861385345459,-17.8946933746338,"Unknown"
"5020567",378626,2026-04-17 11:47:32,28.8613986968994,-17.8947296142578,"Unknown"
"5020567",378626,2026-04-17 11:48:32,28.861400604248,-17.8947677612305,"Unknown"
"5020567",378626,2026-04-17 11:49:32,28.8623332977295,-17.8994255065918,"Unknown"
"5020567",378626,2026-04-17 11:50:32,28.8659934997559,-17.9010524749756,"Unknown"
"5020567",378626,2026-04-17 11:55:32,28.8652324676514,-17.8945159912109,"Unknown"
"5020567",378626,2026-04-17 12:00:33,28.8653507232666,-17.8930835723877,"Unknown"
"5020567",378626,2026-04-17 12:05:32,28.8655815124512,-17.8928699493408,"Unknown"
"5020567",378626,2026-04-17 12:10:32,28.8658714294434,-17.8927345275879,"Unknown"
"5020567",378626,2026-04-17 12:15:32,28.8659420013428,-17.8926486968994,"Unknown"
"5020567",378626,2026-04-17 12:20:32,28.862829208374,-17.890344619751,"Unknown"
"5020567",378626,2026-04-17 12:25:33,28.8629722595215,-17.8899326324463,"Unknown"
"5020567",378626,2026-04-17 12:30:32,28.8631401062012,-17.8896064758301,"Unknown"
"5020567",378626,2026-04-17 12:35:33,28.8632068634033,-17.8891887664795,"Unknown"
"5020567",378626,2026-04-17 12:40:32,28.8632106781006,-17.8888072967529,"Unknown"
"5020567",378626,2026-04-17 12:45:32,28.8634433746338,-17.8885383605957,"Unknown"
"5020567",378626,2026-04-17 12:50:32,28.8637065887451,-17.8881568908691,"Unknown"
"5020567",378626,2026-04-17 12:55:32,28.8639335632324,-17.8877868652344,"Unknown"
"5020567",378626,2026-04-17 13:00:32,28.8640403747559,-17.8874340057373,"Unknown"
"5020567",378626,2026-04-17 13:05:33,28.864128112793,-17.8872337341309,"Unknown"
"5020567",378626,2026-04-17 13:10:32,28.8641452789307,-17.8871383666992,"Unknown"
"5020567",378626,2026-04-17 13:15:50,28.8640556335449,-17.886999130249,"Unknown"
"5020567",378626,2026-04-17 13:20:33,28.8640232086182,-17.8870010375977,"Unknown"
"5020567",378626,2026-04-17 13:25:34,28.8686981201172,-17.8861827850342,"Unknown"
"5020567",378626,2026-04-17 13:30:32,28.8685169219971,-17.8822174072266,"Unknown"
"5020567",378626,2026-04-17 13:35:33,28.8692855834961,-17.8839683532715,"Unknown"
"5020567",378626,2026-04-17 13:40:32,28.8716449737549,-17.8859806060791,"Unknown"
"5020567",378626,2026-04-17 13:45:34,28.8713855743408,-17.8998985290527,"Unknown"
"5020567",378626,2026-04-17 13:50:35,28.8709373474121,-17.8996486663818,"Unknown"
"5020567",378626,2026-04-17 13:55:34,28.8704051971436,-17.8975524902344,"Unknown"
"5020567",378626,2026-04-17 14:01:02,28.8692302703857,-17.8975963592529,"Unknown"
"5020567",378626,2026-04-17 14:05:32,28.8678607940674,-17.9013500213623,"Unknown"
"5020567",378626,2026-04-17 14:10:33,28.87890625,-17.9021987915039,"Unknown"
"5020567",378626,2026-04-17 14:15:33,28.8788299560547,-17.9015045166016,"Unknown"
"5020567",378626,2026-04-17 14:20:33,28.878698348999,-17.9008331298828,"Unknown"
"5020567",378626,2026-04-17 14:25:33,28.8739528656006,-17.9065189361572,"Unknown"
"5020567",378626,2026-04-17 14:30:34,28.8724803924561,-17.9053401947021,"Unknown"
"5020567",378626,2026-04-17 14:35:33,28.8705711364746,-17.9020671844482,"Unknown"
"5020567",378626,2026-04-17 14:40:33,28.8706226348877,-17.9014930725098,"Unknown"
"5020567",378626,2026-04-17 14:45:33,28.8703784942627,-17.9009456634521,"Unknown"
"5020567",378626,2026-04-17 14:50:33,28.8686618804932,-17.8955211639404,"Unknown"
"5020567",378626,2026-04-17 14:55:33,28.8685874938965,-17.895637512207,"Unknown"
"5020567",378626,2026-04-17 15:00:33,28.8683204650879,-17.895751953125,"Unknown"
"5020567",378626,2026-04-17 15:05:33,28.8679752349854,-17.8958187103271,"Unknown"
"5020567",378626,2026-04-17 15:10:33,28.8671092987061,-17.8960037231445,"Unknown"
"5020567",378626,2026-04-17 15:15:33,28.8670806884766,-17.8963966369629,"Unknown"
"5020567",378626,2026-04-17 15:20:34,28.8670501708984,-17.8966007232666,"Unknown"
"5020567",378626,2026-04-17 15:25:35,28.8669147491455,-17.8969230651855,"Unknown"
"5020567",378626,2026-04-17 15:30:34,28.8688468933105,-17.8977222442627,"Unknown"
"5020567",378626,2026-04-17 15:35:33,28.8630905151367,-17.8907680511475,"Unknown"
"5020567",378626,2026-04-17 15:40:34,28.8579692840576,-17.8771381378174,"Unknown"
"5020567",378626,2026-04-17 15:45:35,28.8584823608398,-17.8673877716064,"Unknown"
"5020567",378626,2026-04-17 15:46:34,28.8599681854248,-17.8656177520752,"Unknown"
"5020567",378626,2026-04-17 15:47:34,28.8608436584473,-17.8632259368896,"Unknown"
"5020567",378626,2026-04-17 15:48:33,28.8619842529297,-17.8605918884277,"Unknown"
"5020567",378626,2026-04-17 15:49:33,28.8644332885742,-17.858570098877,"Unknown"
"5020567",378626,2026-04-17 15:50:34,28.8667297363281,-17.8591003417969,"Unknown"
"5020567",378626,2026-04-17 15:55:36,28.8653163909912,-17.8599662780762,"Unknown"
"5020567",378626,2026-04-17 16:00:35,28.8612747192383,-17.8581962585449,"Unknown"
"5020567",378626,2026-04-17 16:05:35,28.862283706665,-17.8549518585205,"Unknown"
"5020567",378626,2026-04-17 16:06:34,28.8623523712158,-17.8550071716309,"Unknown"
"5020567",378626,2026-04-17 16:12:03,28.8625450134277,-17.8557968139648,"Unknown"
"5020567",378626,2026-04-17 16:16:32,28.8617305755615,-17.8562393188477,"Unknown"
"5020567",378626,2026-04-17 16:21:32,28.8569450378418,-17.8485107421875,"Unknown"
"5020567",378626,2026-04-17 16:22:32,28.8559837341309,-17.8481216430664,"Unknown"
"5020567",378626,2026-04-17 16:23:32,28.8521251678467,-17.8466453552246,"Unknown"
"5020567",378626,2026-04-17 16:24:32,28.8496513366699,-17.8449783325195,"Unknown"
"5020567",378626,2026-04-17 16:25:32,28.8528060913086,-17.8453464508057,"Unknown"
"5020567",378626,2026-04-17 16:26:32,28.8540420532227,-17.8436336517334,"Unknown"
"5020567",378626,2026-04-17 16:27:32,28.8569660186768,-17.8408184051514,"Unknown"
"5020567",378626,2026-04-17 16:28:32,28.8568382263184,-17.8368835449219,"Unknown"
"5020567",378626,2026-04-17 16:29:32,28.8568229675293,-17.8371162414551,"Unknown"
"5020567",378626,2026-04-17 16:30:32,28.8568019866943,-17.8372421264648,"Unknown"
"5020567",378626,2026-04-17 16:31:32,28.8568515777588,-17.8373775482178,"Unknown"
"5020567",378626,2026-04-17 16:32:32,28.8568859100342,-17.8375358581543,"Unknown"
"5020567",378626,2026-04-17 16:33:32,28.8569374084473,-17.8376865386963,"Unknown"
"5020567",378626,2026-04-17 16:34:32,28.857006072998,-17.8378639221191,"Unknown"
"5020567",378626,2026-04-17 16:35:32,28.8570575714111,-17.8380527496338,"Unknown"
"5020567",378626,2026-04-17 16:36:33,28.8571033477783,-17.8382720947266,"Unknown"
"5020567",378626,2026-04-17 16:37:32,28.8571071624756,-17.8384532928467,"Unknown"
"5020567",378626,2026-04-17 16:38:32,28.8571434020996,-17.8386478424072,"Unknown"
"5020567",378626,2026-04-17 16:39:32,28.8571548461914,-17.8388233184814,"Unknown"
"5020567",378626,2026-04-17 16:40:32,28.8571548461914,-17.8390274047852,"Unknown"
"5020567",378626,2026-04-17 16:41:32,28.8572082519531,-17.8392181396484,"Unknown"
"5020567",378626,2026-04-17 16:42:32,28.8572330474854,-17.8394260406494,"Unknown"
"5020567",378626,2026-04-17 16:43:32,28.8572731018066,-17.83962059021,"Unknown"
"5020567",378626,2026-04-17 16:44:33,28.8572864532471,-17.8398094177246,"Unknown"
"5020567",378626,2026-04-17 16:45:33,28.8573265075684,-17.8400135040283,"Unknown"
"5020567",378626,2026-04-17 16:46:32,28.8573112487793,-17.8401718139648,"Unknown"
"5020567",378626,2026-04-17 16:47:32,28.856761932373,-17.838493347168,"Unknown"
"5020567",378626,2026-04-17 16:48:32,28.8568420410156,-17.8339920043945,"Unknown"
"5020567",378626,2026-04-17 16:49:32,28.8564605712891,-17.8295421600342,"Unknown"
"5020567",378626,2026-04-17 16:50:32,28.8557529449463,-17.8274631500244,"Unknown"
"5020567",378626,2026-04-17 16:51:32,28.8562831878662,-17.8252029418945,"Unknown"
"5020567",378626,2026-04-17 16:52:32,28.8567714691162,-17.8226432800293,"Unknown"
"5020567",378626,2026-04-17 16:53:32,28.8598480224609,-17.8214206695557,"Unknown"
"5020567",378626,2026-04-17 16:54:32,28.861759185791,-17.8194103240967,"Unknown"
"5020567",378626,2026-04-17 16:55:32,28.8611221313477,-17.8165855407715,"Unknown"
"5020567",378626,2026-04-17 16:56:32,28.859733581543,-17.8132648468018,"Unknown"
"5020567",378626,2026-04-17 16:57:32,28.8594989776611,-17.8114395141602,"Unknown"
"5020567",378626,2026-04-17 16:58:52,28.8598861694336,-17.8127613067627,"Unknown"
"5020567",378626,2026-04-17 16:59:34,28.8594379425049,-17.8133335113525,"Unknown"
"5020567",378626,2026-04-17 17:00:32,28.8599643707275,-17.8131103515625,"Unknown"
"5020567",378626,2026-04-17 17:01:33,28.8600807189941,-17.8133316040039,"Unknown"
"5020567",378626,2026-04-17 17:02:32,28.8601760864258,-17.8134536743164,"Unknown"
"5020567",378626,2026-04-17 17:03:32,28.8623733520508,-17.8126850128174,"Unknown"
"5020567",378626,2026-04-17 17:04:32,28.8623962402344,-17.8128604888916,"Unknown"
"5020567",378626,2026-04-17 17:09:32,28.862678527832,-17.8137454986572,"Unknown"
"5020567",378626,2026-04-17 17:14:32,28.862865447998,-17.8147850036621,"Unknown"
"5020567",378626,2026-04-17 17:19:34,28.8630809783936,-17.815788269043,"Unknown"
"5020567",378626,2026-04-17 17:24:33,28.8630905151367,-17.816837310791,"Unknown"
"5020567",378626,2026-04-17 17:29:34,28.8631267547607,-17.8178176879883,"Unknown"
"5020567",378626,2026-04-17 17:34:32,28.8631553649902,-17.8187408447266,"Unknown"
"5020567",378626,2026-04-17 17:39:33,28.8632774353027,-17.8196144104004,"Unknown"
"5020567",378626,2026-04-17 17:44:35,28.8634872436523,-17.8203144073486,"Unknown"
"5020567",378626,2026-04-17 17:49:34,28.8636932373047,-17.8210144042969,"Unknown"
"5020567",378626,2026-04-17 17:54:33,28.8636608123779,-17.8219242095947,"Unknown"
"5020567",378626,2026-04-17 17:59:35,28.863826751709,-17.8227157592773,"Unknown"
"5020567",378626,2026-04-17 18:04:33,28.8638763427734,-17.8233757019043,"Unknown"
"5020567",378626,2026-04-17 18:09:33,28.863941192627,-17.8241806030273,"Unknown"
"5020567",378626,2026-04-17 18:14:32,28.8640041351318,-17.8249225616455,"Unknown"
"5020567",378626,2026-04-17 18:19:34,28.8641357421875,-17.8255615234375,"Unknown"
"5020567",378626,2026-04-17 18:24:35,28.8622360229492,-17.8154907226562,"Unknown"
"5020567",378626,2026-04-17 18:29:33,28.8665809631348,-17.8034324645996,"Unknown"
"5020567",378626,2026-04-17 18:34:32,28.8599662780762,-17.7898216247559,"Unknown"
"5020567",378626,2026-04-17 18:39:33,28.8491058349609,-17.7735996246338,"Unknown"
"5020567",378626,2026-04-17 18:40:32,28.8478221893311,-17.7716369628906,"Unknown"
"5020567",378626,2026-04-17 18:41:33,28.847900390625,-17.7717056274414,"Unknown"
"5020567",378626,2026-04-17 18:42:33,28.8480262756348,-17.7717895507812,"Unknown"
"5020567",378626,2026-04-17 18:43:33,28.8481006622314,-17.7718696594238,"Unknown"
"5020567",378626,2026-04-17 18:44:32,28.8482303619385,-17.7719745635986,"Unknown"
"5020567",378626,2026-04-17 18:45:33,28.8483276367188,-17.7720832824707,"Unknown"
"5020567",378626,2026-04-17 18:46:33,28.8484172821045,-17.7721920013428,"Unknown"
"5020567",378626,2026-04-17 18:47:35,28.8485240936279,-17.7723121643066,"Unknown"
"5020567",378626,2026-04-17 18:48:33,28.8485660552979,-17.7724018096924,"Unknown"
"5020567",378626,2026-04-17 18:49:33,28.848669052124,-17.7725105285645,"Unknown"
"5020567",378626,2026-04-17 18:50:32,28.8487930297852,-17.7726287841797,"Unknown"
"5020567",378626,2026-04-17 18:51:33,28.8488826751709,-17.7727031707764,"Unknown"
"5020567",378626,2026-04-17 18:52:33,28.8489589691162,-17.7728290557861,"Unknown"
"5020567",378626,2026-04-17 18:53:33,28.8490028381348,-17.7729415893555,"Unknown"
"5020567",378626,2026-04-17 18:54:34,28.8490886688232,-17.7730655670166,"Unknown"
"5020567",378626,2026-04-17 18:55:33,28.8491497039795,-17.7731170654297,"Unknown"
"5020567",378626,2026-04-17 18:56:34,28.8492469787598,-17.7732086181641,"Unknown"
"5020567",378626,2026-04-17 18:57:34,28.84934425354,-17.7733573913574,"Unknown"
"5020567",378626,2026-04-17 18:58:34,28.8494148254395,-17.7734508514404,"Unknown"
"5020567",378626,2026-04-17 19:00:01,28.8495674133301,-17.7735939025879,"Unknown"
"5020567",378626,2026-04-17 19:00:33,28.8495998382568,-17.773624420166,"Unknown"
"5020567",378626,2026-04-17 19:01:35,28.8497409820557,-17.7737350463867,"Unknown"
"5020567",378626,2026-04-17 19:02:33,28.84983253479,-17.7738304138184,"Unknown"
"5020567",378626,2026-04-17 19:03:33,28.8499374389648,-17.7739143371582,"Unknown"
"5020567",378626,2026-04-17 19:04:32,28.8500385284424,-17.7740173339844,"Unknown"
"5020567",378626,2026-04-17 19:05:33,28.8501739501953,-17.7741355895996,"Unknown"
"5020567",378626,2026-04-17 19:06:33,28.8502922058105,-17.7742652893066,"Unknown"
"5020567",378626,2026-04-17 19:07:33,28.8503971099854,-17.7743892669678,"Unknown"
"5020567",378626,2026-04-17 19:08:33,28.8504753112793,-17.7745170593262,"Unknown"
"5020567",378626,2026-04-17 19:09:33,28.8505630493164,-17.7746391296387,"Unknown"
"5020567",378626,2026-04-17 19:10:33,28.8506450653076,-17.7747859954834,"Unknown"
"5020567",378626,2026-04-17 19:11:32,28.8507099151611,-17.7749099731445,"Unknown"
"5020567",378626,2026-04-17 19:12:33,28.8507652282715,-17.7750473022461,"Unknown"
"5020567",378626,2026-04-17 19:13:33,28.8507919311523,-17.7751178741455,"Unknown"
"5020567",378626,2026-04-17 19:14:32,28.8508033752441,-17.7752380371094,"Unknown"
"5020567",378626,2026-04-17 19:15:33,28.8507976531982,-17.7753620147705,"Unknown"
"5020567",378626,2026-04-17 19:16:32,28.8508777618408,-17.7754669189453,"Unknown"
"5020567",378626,2026-04-17 19:17:32,28.8509349822998,-17.7755546569824,"Unknown"
"5020567",378626,2026-04-17 19:18:33,28.8510227203369,-17.7756671905518,"Unknown"
"5020567",378626,2026-04-17 19:19:32,28.8510761260986,-17.7757663726807,"Unknown"
"5020567",378626,2026-04-17 19:20:34,28.8511505126953,-17.775857925415,"Unknown"
"5020567",378626,2026-04-17 19:21:32,28.8512382507324,-17.7759780883789,"Unknown"
"5020567",378626,2026-04-17 19:22:32,28.8512992858887,-17.7761039733887,"Unknown"
"5020567",378626,2026-04-17 19:23:32,28.8514003753662,-17.7762107849121,"Unknown"
"5020567",378626,2026-04-17 19:24:32,28.8514766693115,-17.7763538360596,"Unknown"
"5020567",378626,2026-04-17 19:25:32,28.8508892059326,-17.7762298583984,"Unknown"
"5020567",378626,2026-04-17 19:26:34,28.8482036590576,-17.77370262146,"Unknown"
"5020567",378626,2026-04-17 19:27:33,28.844970703125,-17.7711524963379,"Unknown"
"5020567",378626,2026-04-17 19:28:33,28.8412246704102,-17.7687206268311,"Unknown"
"5020567",378626,2026-04-17 19:29:33,28.83860206604,-17.7663345336914,"Unknown"
"5020567",378626,2026-04-17 19:30:33,28.8366622924805,-17.7633666992188,"Unknown"
"5020567",378626,2026-04-17 19:31:33,28.8332538604736,-17.7616901397705,"Unknown"
"5020567",378626,2026-04-17 19:32:33,28.8305835723877,-17.7598209381104,"Unknown"
"5020567",378626,2026-04-17 19:33:32,28.8268451690674,-17.7580890655518,"Unknown"
"5020567",378626,2026-04-17 19:34:32,28.823148727417,-17.75612449646,"Unknown"
"5020567",378626,2026-04-17 19:35:33,28.8189811706543,-17.7548332214355,"Unknown"
"5020567",378626,2026-04-17 19:36:33,28.8146705627441,-17.752420425415,"Unknown"
"5020567",378626,2026-04-17 19:37:35,28.8100337982178,-17.751651763916,"Unknown"
"5020567",378626,2026-04-17 19:38:32,28.8092803955078,-17.7528457641602,"Unknown"
"5020567",378626,2026-04-17 19:39:35,28.8093776702881,-17.7528705596924,"Unknown"
"5020567",378626,2026-04-17 19:40:32,28.8094787597656,-17.7529201507568,"Unknown"
"5020567",378626,2026-04-17 19:41:32,28.8095417022705,-17.7529373168945,"Unknown"
"5020567",378626,2026-04-17 19:42:33,28.8096351623535,-17.7529945373535,"Unknown"
"5020567",378626,2026-04-17 19:43:32,28.8097267150879,-17.7530155181885,"Unknown"
"5020567",378626,2026-04-17 19:44:32,28.8098220825195,-17.7530384063721,"Unknown"
"5020567",378626,2026-04-17 19:45:33,28.809886932373,-17.753137588501,"Unknown"
"5020567",378626,2026-04-17 19:46:32,28.8099536895752,-17.7531909942627,"Unknown"
"5020567",378626,2026-04-17 19:47:33,28.8100090026855,-17.7532367706299,"Unknown"
"5020567",378626,2026-04-17 19:48:33,28.8100967407227,-17.7532768249512,"Unknown"
"5020567",378626,2026-04-17 19:49:33,28.8101787567139,-17.7533359527588,"Unknown"
"5020567",378626,2026-04-17 19:50:33,28.8102626800537,-17.7534160614014,"Unknown"
"5020567",378626,2026-04-17 19:51:35,28.8103485107422,-17.7534961700439,"Unknown"
"5020567",378626,2026-04-17 19:52:32,28.8104591369629,-17.7535705566406,"Unknown"
"5020567",378626,2026-04-17 19:53:32,28.8105659484863,-17.7536506652832,"Unknown"
"5020567",378626,2026-04-17 19:54:32,28.8107109069824,-17.7537479400635,"Unknown"
"5020567",378626,2026-04-17 19:55:32,28.8108444213867,-17.7538356781006,"Unknown"
"5020567",378626,2026-04-17 19:56:32,28.8109378814697,-17.7539291381836,"Unknown"
"5020567",378626,2026-04-17 19:57:34,28.8110408782959,-17.7539920806885,"Unknown"
"5020567",378626,2026-04-17 19:58:35,28.8111667633057,-17.7540340423584,"Unknown"
"5020567",378626,2026-04-17 19:59:33,28.8113193511963,-17.7540626525879,"Unknown"
"5020567",378626,2026-04-17 20:00:32,28.811450958252,-17.7540683746338,"Unknown"
"5020567",378626,2026-04-17 20:01:33,28.8115615844727,-17.7541065216064,"Unknown"
"5020567",378626,2026-04-17 20:02:33,28.8116836547852,-17.7540798187256,"Unknown"
"5020567",378626,2026-04-17 20:03:32,28.8118419647217,-17.7541179656982,"Unknown"
"5020567",378626,2026-04-17 20:04:33,28.8119964599609,-17.7541828155518,"Unknown"
"5020567",378626,2026-04-17 20:05:33,28.8121376037598,-17.7542114257812,"Unknown"
"5020567",378626,2026-04-17 20:06:33,28.8122634887695,-17.7542610168457,"Unknown"
"5020567",378626,2026-04-17 20:07:33,28.812370300293,-17.7543334960938,"Unknown"
"5020567",378626,2026-04-17 20:08:34,28.8125038146973,-17.7544136047363,"Unknown"
"5020567",378626,2026-04-17 20:09:32,28.8126182556152,-17.7544612884521,"Unknown"
"5020567",378626,2026-04-17 20:10:32,28.8127288818359,-17.7545280456543,"Unknown"
"5020567",378626,2026-04-17 20:11:33,28.8128604888916,-17.7545833587646,"Unknown"
"5020567",378626,2026-04-17 20:12:33,28.8129749298096,-17.7546329498291,"Unknown"
"5020567",378626,2026-04-17 20:13:33,28.8130760192871,-17.754674911499,"Unknown"
"5020567",378626,2026-04-17 20:14:33,28.8132190704346,-17.7547035217285,"Unknown"
"5020567",378626,2026-04-17 20:15:35,28.813304901123,-17.7547874450684,"Unknown"
"5020567",378626,2026-04-17 20:16:33,28.8134002685547,-17.7548370361328,"Unknown"
"5020567",378626,2026-04-17 20:17:34,28.8135147094727,-17.7548522949219,"Unknown"
"5020567",378626,2026-04-17 20:18:34,28.8136234283447,-17.7548370361328,"Unknown"
"5020567",378626,2026-04-17 20:19:34,28.81374168396,-17.7548007965088,"Unknown"
"5020567",378626,2026-04-17 20:20:34,28.8138236999512,-17.754789352417,"Unknown"
"5020567",378626,2026-04-17 20:21:34,28.813907623291,-17.7547721862793,"Unknown"
"5020567",378626,2026-04-17 20:22:34,28.8139762878418,-17.7547702789307,"Unknown"
"5020567",378626,2026-04-17 20:23:33,28.8141021728516,-17.7547454833984,"Unknown"
"5020567",378626,2026-04-17 20:24:33,28.8141918182373,-17.7547092437744,"Unknown"
"5020567",378626,2026-04-17 20:25:33,28.8143005371094,-17.7547264099121,"Unknown"
"5020567",378626,2026-04-17 20:26:34,28.8144149780273,-17.7547340393066,"Unknown"
"5020567",378626,2026-04-17 20:27:35,28.814546585083,-17.7547168731689,"Unknown"
"5020567",378626,2026-04-17 20:28:34,28.8146514892578,-17.7547187805176,"Unknown"
"5020567",378626,2026-04-17 20:29:35,28.8147430419922,-17.7547550201416,"Unknown"
"5020567",378626,2026-04-17 20:30:34,28.8148441314697,-17.7547721862793,"Unknown"
"5020567",378626,2026-04-17 20:31:35,28.8150043487549,-17.7547874450684,"Unknown"
"5020567",378626,2026-04-17 20:32:34,28.8150806427002,-17.7548332214355,"Unknown"
"5020567",378626,2026-04-17 20:33:35,28.8152198791504,-17.7548294067383,"Unknown"
"5020567",378626,2026-04-17 20:34:35,28.8153095245361,-17.7548675537109,"Unknown"
"5020567",378626,2026-04-17 20:35:35,28.8153610229492,-17.7549247741699,"Unknown"
"5020567",378626,2026-04-17 20:36:35,28.8154277801514,-17.754940032959,"Unknown"
"5020567",378626,2026-04-17 20:37:35,28.8154926300049,-17.754997253418,"Unknown"
"5020567",378626,2026-04-17 20:38:37,28.8155097961426,-17.7549991607666,"Unknown"
"5020567",378626,2026-04-17 20:39:35,28.8155708312988,-17.7549991607666,"Unknown"
"5020567",378626,2026-04-17 20:40:35,28.815673828125,-17.7550315856934,"Unknown"
"5020567",378626,2026-04-17 20:42:03,28.8158054351807,-17.7550678253174,"Unknown"
"5020567",378626,2026-04-17 20:42:32,28.8158531188965,-17.75510597229,"Unknown"
"5020567",378626,2026-04-17 20:43:32,28.8159160614014,-17.75514793396,"Unknown"
"5020567",378626,2026-04-17 20:44:32,28.8159732818604,-17.7551593780518,"Unknown"
"5020567",378626,2026-04-17 20:45:32,28.8160648345947,-17.7551689147949,"Unknown"
"5020567",378626,2026-04-17 20:46:33,28.8161678314209,-17.7552185058594,"Unknown"
"5020567",378626,2026-04-17 20:47:32,28.8162403106689,-17.7552604675293,"Unknown"
"5020567",378626,2026-04-17 20:48:33,28.8163108825684,-17.7553100585938,"Unknown"
"5020567",378626,2026-04-17 20:49:32,28.816370010376,-17.7553329467773,"Unknown"
"5020567",378626,2026-04-17 20:50:33,28.8164253234863,-17.7553768157959,"Unknown"
"5020567",378626,2026-04-17 20:51:32,28.8164539337158,-17.7554473876953,"Unknown"
"5020567",378626,2026-04-17 20:52:32,28.8165035247803,-17.7554721832275,"Unknown"
"5020567",378626,2026-04-17 20:53:33,28.8165874481201,-17.755500793457,"Unknown"
"5020567",378626,2026-04-17 20:54:35,28.8167057037354,-17.7555465698242,"Unknown"
"5020567",378626,2026-04-17 20:55:36,28.8167610168457,-17.7555732727051,"Unknown"
"5020567",378626,2026-04-17 20:56:37,28.8168563842773,-17.7556076049805,"Unknown"
"5020567",378626,2026-04-17 20:57:36,28.8169536590576,-17.7556381225586,"Unknown"
"5020567",378626,2026-04-17 20:58:36,28.8169937133789,-17.7556686401367,"Unknown"
"5020567",378626,2026-04-17 20:59:35,28.8170223236084,-17.7556934356689,"Unknown"
"5020567",378626,2026-04-17 21:00:36,28.8170757293701,-17.7557258605957,"Unknown"
"5020567",378626,2026-04-17 21:01:35,28.8171081542969,-17.7557811737061,"Unknown"
"5020567",378626,2026-04-17 21:02:33,28.8171863555908,-17.7557754516602,"Unknown"
"5020567",378626,2026-04-17 21:03:35,28.8172836303711,-17.7558364868164,"Unknown"
"5020567",378626,2026-04-17 21:04:33,28.8173809051514,-17.7553234100342,"Unknown"
"5020567",378626,2026-04-17 21:05:33,28.8175373077393,-17.7537860870361,"Unknown"
"5020567",378626,2026-04-17 21:06:33,28.8176212310791,-17.7538242340088,"Unknown"
"5020567",378626,2026-04-17 21:07:33,28.8177051544189,-17.7538776397705,"Unknown"
"5020567",378626,2026-04-17 21:08:33,28.8176784515381,-17.7537593841553,"Unknown"
"5020567",378626,2026-04-17 21:09:33,28.8132438659668,-17.7549228668213,"Unknown"
"5020567",378626,2026-04-17 21:10:33,28.8082084655762,-17.7548370361328,"Unknown"
"5020567",378626,2026-04-17 21:11:34,28.8038387298584,-17.7547130584717,"Unknown"
"5020567",378626,2026-04-17 21:12:33,28.8019027709961,-17.7495403289795,"Unknown"
"5020567",378626,2026-04-17 21:13:33,28.7962265014648,-17.7496242523193,"Unknown"
"5020567",378626,2026-04-17 21:14:33,28.7930946350098,-17.7504749298096,"Unknown"
"5020567",378626,2026-04-17 21:15:33,28.7931480407715,-17.7505073547363,"Unknown"
"5020567",378626,2026-04-17 21:16:33,28.7932090759277,-17.7505683898926,"Unknown"
"5020567",378626,2026-04-17 21:17:33,28.7932720184326,-17.7506103515625,"Unknown"
"5020567",378626,2026-04-17 21:18:33,28.7933578491211,-17.7506637573242,"Unknown"
"5020567",378626,2026-04-17 21:19:33,28.7934284210205,-17.7507209777832,"Unknown"
"5020567",378626,2026-04-17 21:20:32,28.7935009002686,-17.7507762908936,"Unknown"
"5020567",378626,2026-04-17 21:21:32,28.7935924530029,-17.7508201599121,"Unknown"
"5020567",378626,2026-04-17 21:22:33,28.793643951416,-17.7509269714355,"Unknown"
"5020567",378626,2026-04-17 21:23:33,28.7937259674072,-17.7509231567383,"Unknown"
"5020567",378626,2026-04-17 21:24:33,28.7937984466553,-17.7509422302246,"Unknown"
"5020567",378626,2026-04-17 21:25:33,28.7938632965088,-17.7509632110596,"Unknown"
"5020567",378626,2026-04-17 21:26:33,28.7939224243164,-17.7509727478027,"Unknown"
"5020567",378626,2026-04-17 21:27:33,28.7940044403076,-17.7509822845459,"Unknown"
"5020567",378626,2026-04-17 21:28:33,28.7940368652344,-17.7509784698486,"Unknown"
"5020567",378626,2026-04-17 21:29:33,28.7941093444824,-17.7509746551514,"Unknown"
"5020567",378626,2026-04-17 21:30:33,28.7941970825195,-17.7510261535645,"Unknown"
"5020567",378626,2026-04-17 21:31:33,28.7942523956299,-17.7510662078857,"Unknown"
"5020567",378626,2026-04-17 21:32:33,28.7943439483643,-17.7511119842529,"Unknown"
"5020567",378626,2026-04-17 21:33:33,28.79443359375,-17.7511081695557,"Unknown"
"5020567",378626,2026-04-17 21:34:32,28.7945175170898,-17.7511253356934,"Unknown"
"5020567",378626,2026-04-17 21:35:33,28.7945747375488,-17.7511386871338,"Unknown"
"5020567",378626,2026-04-17 21:36:33,28.7946262359619,-17.7511329650879,"Unknown"
"5020567",378626,2026-04-17 21:37:33,28.7946796417236,-17.7511672973633,"Unknown"
"5020567",378626,2026-04-17 21:38:33,28.7947463989258,-17.7511615753174,"Unknown"
"5020567",378626,2026-04-17 21:39:35,28.7948150634766,-17.7511463165283,"Unknown"
"5020567",378626,2026-04-17 21:40:34,28.7948913574219,-17.7511501312256,"Unknown"
"5020567",378626,2026-04-17 21:41:33,28.7947292327881,-17.751127243042,"Unknown"
"5020567",378626,2026-04-17 21:42:33,28.7947845458984,-17.7511615753174,"Unknown"
"5020567",378626,2026-04-17 21:43:33,28.794828414917,-17.751163482666,"Unknown"
"5020567",378626,2026-04-17 21:44:35,28.7948989868164,-17.7511444091797,"Unknown"
"5020567",378626,2026-04-17 21:45:33,28.7949657440186,-17.7511501312256,"Unknown"
"5020567",378626,2026-04-17 21:46:35,28.7950210571289,-17.7511501312256,"Unknown"
"5020567",378626,2026-04-17 21:47:35,28.7945137023926,-17.7513809204102,"Unknown"
"5020567",378626,2026-04-17 21:48:34,28.7936038970947,-17.7519226074219,"Unknown"
"5020567",378626,2026-04-17 21:49:35,28.7889575958252,-17.7534809112549,"Unknown"
"5020567",378626,2026-04-17 21:50:33,28.7889003753662,-17.747501373291,"Unknown"
"5020567",378626,2026-04-17 21:52:05,28.7810153961182,-17.7444152832031,"Unknown"
"5020567",378626,2026-04-17 21:52:33,28.7778491973877,-17.7438583374023,"Unknown"
"5020567",378626,2026-04-17 21:53:32,28.7712154388428,-17.7435111999512,"Unknown"
"5020567",378626,2026-04-17 21:54:32,28.7647190093994,-17.7424278259277,"Unknown"
"5020567",378626,2026-04-17 21:55:32,28.7617969512939,-17.7371292114258,"Unknown"
"5020567",378626,2026-04-17 21:56:33,28.7555713653564,-17.7343997955322,"Unknown"
"5020567",378626,2026-04-17 21:57:33,28.7495269775391,-17.7308826446533,"Unknown"
"5020567",378626,2026-04-17 21:58:32,28.7447757720947,-17.7260551452637,"Unknown"
"5020567",378626,2026-04-17 21:59:34,28.7422523498535,-17.7245559692383,"Unknown"
"5020567",378626,2026-04-17 22:00:32,28.7388401031494,-17.7247505187988,"Unknown"
"5020567",378626,2026-04-17 22:05:38,28.7186660766602,-17.735746383667,"Unknown"
"5020567",378626,2026-04-17 22:10:32,28.7157783508301,-17.7588138580322,"Unknown"
"5020567",378626,2026-04-17 22:12:03,28.7210559844971,-17.7638893127441,"Unknown"
"5020567",378626,2026-04-17 22:12:33,28.7192668914795,-17.7626552581787,"Unknown"
"5020567",378626,2026-04-17 22:13:33,28.7193450927734,-17.763090133667,"Unknown"
"5020567",378626,2026-04-17 22:14:33,28.718090057373,-17.7619361877441,"Unknown"
"5020567",378626,2026-04-17 22:15:35,28.7195110321045,-17.7630786895752,"Unknown"
"5020567",378626,2026-04-17 22:16:33,28.7184886932373,-17.7621002197266,"Unknown"
"5020567",378626,2026-04-17 22:17:33,28.7173519134521,-17.7613887786865,"Unknown"
"5020567",378626,2026-04-17 22:18:32,28.7143459320068,-17.7586421966553,"Unknown"
"5020567",378626,2026-04-17 22:19:32,28.7168712615967,-17.7607116699219,"Unknown"
"5020567",378626,2026-04-17 22:20:32,28.7155780792236,-17.7607650756836,"Unknown"
"5020567",378626,2026-04-17 22:21:33,28.717248916626,-17.7606964111328,"Unknown"
"5020567",378626,2026-04-17 22:22:33,28.720666885376,-17.7638111114502,"Unknown"
"5020567",378626,2026-04-17 22:24:58,28.7196369171143,-17.7640056610107,"Unknown"
"5020567",378626,2026-04-17 22:26:28,28.7196388244629,-17.7639923095703,"Unknown"
"5020567",378626,2026-04-17 22:27:58,28.7196445465088,-17.7639808654785,"Unknown"
"5020567",378626,2026-04-17 22:29:28,28.7195415496826,-17.7641124725342,"Unknown"
"5020567",378626,2026-04-17 22:30:45,28.7195243835449,-17.7641448974609,"Unknown"
"5020567",378626,2026-04-17 22:30:46,28.7195224761963,-17.7641448974609,"Unknown"
"5020567",378626,2026-04-18 05:06:26,28.6995067596436,-17.7120018005371,"Unknown"
"5020567",378626,2026-04-18 05:26:00,28.6977996826172,-17.7113342285156,"Unknown"
"5020567",378626,2026-04-18 06:26:00,28.784875869751,-17.7331275939941,"Unknown"
"5020567",378626,2026-04-18 07:26:27,28.860538482666,-17.7784328460693,"Unknown"
"5020567",378626,2026-04-18 07:45:58,28.8648853302002,-17.7895698547363,"Unknown"
"5020567",378626,2026-04-18 08:05:57,28.8701648712158,-17.8083057403564,"Unknown"
"5020567",378626,2026-04-18 09:05:58,28.8693656921387,-17.9072742462158,"Unknown"
"5020567",378626,2026-04-18 10:16:26,28.8530883789062,-17.9596462249756,"Unknown"
"5020567",378626,2026-04-18 10:26:00,28.8530731201172,-17.960075378418,"Unknown"
"5020567",378626,2026-04-18 10:35:57,28.8534545898438,-17.960865020752,"Unknown"
"5020567",378626,2026-04-18 10:45:57,28.8540840148926,-17.9609813690186,"Unknown"
"5020567",378626,2026-04-18 10:55:58,28.854642868042,-17.9609489440918,"Unknown"
"5020567",378626,2026-04-18 11:05:57,28.8554935455322,-17.960620880127,"Unknown"
"5020567",378626,2026-04-18 11:07:00,28.8555545806885,-17.9605827331543,"Unknown"
"5020567",378626,2026-04-18 11:07:58,28.855619430542,-17.9605579376221,"Unknown"
"5020567",378626,2026-04-18 11:08:58,28.8556957244873,-17.9605560302734,"Unknown"
"5020567",378626,2026-04-18 11:09:58,28.855785369873,-17.9605293273926,"Unknown"
"5020567",378626,2026-04-18 11:10:58,28.8552532196045,-17.9606056213379,"Unknown"
"5020567",378626,2026-04-18 11:12:03,28.852876663208,-17.9613170623779,"Unknown"
"5020567",378626,2026-04-18 11:12:59,28.8528537750244,-17.9611110687256,"Unknown"
"5020567",378626,2026-04-18 11:13:58,28.8530616760254,-17.9610347747803,"Unknown"
"5020567",378626,2026-04-18 11:14:58,28.8534469604492,-17.9613704681396,"Unknown"
"5020567",378626,2026-04-18 11:15:59,28.8536052703857,-17.961404800415,"Unknown"
"5020567",378626,2026-04-18 11:17:00,28.8537902832031,-17.9613800048828,"Unknown"
"5020567",378626,2026-04-18 11:18:01,28.8539218902588,-17.9614200592041,"Unknown"
"5020567",378626,2026-04-18 11:19:00,28.8541011810303,-17.9613914489746,"Unknown"
"5020567",378626,2026-04-18 11:19:59,28.8542823791504,-17.9614295959473,"Unknown"
"5020567",378626,2026-04-18 11:21:35,28.8544788360596,-17.9615459442139,"Unknown"
"5020567",378626,2026-04-18 11:21:57,28.8545551300049,-17.961576461792,"Unknown"
"5020567",378626,2026-04-18 11:22:57,28.8547878265381,-17.9613780975342,"Unknown"
"5020567",378626,2026-04-18 11:23:57,28.8549652099609,-17.9613723754883,"Unknown"
"5020567",378626,2026-04-18 11:24:57,28.8551826477051,-17.9613037109375,"Unknown"
"5020567",378626,2026-04-18 11:25:57,28.8553657531738,-17.9612579345703,"Unknown"
"5020567",378626,2026-04-18 11:26:57,28.8555374145508,-17.9612216949463,"Unknown"
"5020567",378626,2026-04-18 11:27:57,28.8557815551758,-17.9611549377441,"Unknown"
"5020567",378626,2026-04-18 11:28:57,28.855993270874,-17.9610824584961,"Unknown"
"5020567",378626,2026-04-18 11:29:58,28.8561744689941,-17.9610481262207,"Unknown"
"5020567",378626,2026-04-18 11:30:57,28.856388092041,-17.9609451293945,"Unknown"
"5020567",378626,2026-04-18 11:31:57,28.8565483093262,-17.9608860015869,"Unknown"
"5020567",378626,2026-04-18 11:32:57,28.8567600250244,-17.9608345031738,"Unknown"
"5020567",378626,2026-04-18 11:33:57,28.8569412231445,-17.9607715606689,"Unknown"
"5020567",378626,2026-04-18 11:34:57,28.8571453094482,-17.9607639312744,"Unknown"
"5020567",378626,2026-04-18 11:35:57,28.8573188781738,-17.9607219696045,"Unknown"
"5020567",378626,2026-04-18 11:36:57,28.857494354248,-17.9606704711914,"Unknown"
"5020567",378626,2026-04-18 11:37:57,28.8576908111572,-17.9606418609619,"Unknown"
"5020567",378626,2026-04-18 11:38:59,28.8560256958008,-17.9629306793213,"Unknown"
"5020567",378626,2026-04-18 11:39:57,28.8562278747559,-17.962854385376,"Unknown"
"5020567",378626,2026-04-18 11:40:58,28.8562641143799,-17.9627151489258,"Unknown"
"5020567",378626,2026-04-18 11:42:05,28.8547496795654,-17.9631652832031,"Unknown"
"5020567",378626,2026-04-18 11:42:58,28.8547039031982,-17.9642372131348,"Unknown"
"5020567",378626,2026-04-18 11:43:57,28.8540992736816,-17.9640598297119,"Unknown"
"5020567",378626,2026-04-18 11:45:07,28.8537750244141,-17.9632472991943,"Unknown"
"5020567",378626,2026-04-18 11:45:57,28.8539257049561,-17.9630661010742,"Unknown"
"5020567",378626,2026-04-18 11:46:57,28.8541431427002,-17.962833404541,"Unknown"
"5020567",378626,2026-04-18 11:47:57,28.8545246124268,-17.9621868133545,"Unknown"
"5020567",378626,2026-04-18 11:48:57,28.854866027832,-17.9617595672607,"Unknown"
"5020567",378626,2026-04-18 11:49:57,28.855094909668,-17.9615116119385,"Unknown"
"5020567",378626,2026-04-18 11:50:57,28.8563766479492,-17.9609355926514,"Unknown"
"5020567",378626,2026-04-18 11:51:59,28.8567886352539,-17.9603729248047,"Unknown"
"5020567",378626,2026-04-18 11:52:57,28.8570423126221,-17.9601821899414,"Unknown"
"5020567",378626,2026-04-18 11:53:57,28.8572463989258,-17.9599494934082,"Unknown"
"5020567",378626,2026-04-18 11:54:57,28.8574542999268,-17.9597206115723,"Unknown"
"5020567",378626,2026-04-18 11:55:57,28.8582077026367,-17.9595603942871,"Unknown"
"5020567",378626,2026-04-18 11:56:57,28.8591785430908,-17.9590511322021,"Unknown"
"5020567",378626,2026-04-18 11:57:57,28.8593940734863,-17.9589233398438,"Unknown"
"5020567",378626,2026-04-18 11:58:57,28.8595962524414,-17.9587745666504,"Unknown"
"5020567",378626,2026-04-18 11:59:58,28.8598117828369,-17.9586086273193,"Unknown"
"5020567",378626,2026-04-18 12:00:56,28.8599529266357,-17.9584522247314,"Unknown"
"5020567",378626,2026-04-18 12:01:57,28.8601322174072,-17.9583187103271,"Unknown"
"5020567",378626,2026-04-18 12:02:57,28.860279083252,-17.9581680297852,"Unknown"
"5020567",378626,2026-04-18 12:03:57,28.8604717254639,-17.9580211639404,"Unknown"
"5020567",378626,2026-04-18 12:04:57,28.8606109619141,-17.9578514099121,"Unknown"
"5020567",378626,2026-04-18 12:05:57,28.8607425689697,-17.9576988220215,"Unknown"
"5020567",378626,2026-04-18 12:06:57,28.8609790802002,-17.957555770874,"Unknown"
"5020567",378626,2026-04-18 12:07:58,28.8611927032471,-17.9574012756348,"Unknown"
"5020567",378626,2026-04-18 12:08:57,28.8613262176514,-17.9572162628174,"Unknown"
"5020567",378626,2026-04-18 12:09:57,28.8614406585693,-17.9570446014404,"Unknown"
"5020567",378626,2026-04-18 12:10:57,28.86155128479,-17.9568901062012,"Unknown"
"5020567",378626,2026-04-18 12:11:57,28.8617420196533,-17.9566917419434,"Unknown"
"5020567",378626,2026-04-18 12:12:57,28.8618717193604,-17.9565086364746,"Unknown"
"5020567",378626,2026-04-18 12:13:57,28.8620491027832,-17.956335067749,"Unknown"
"5020567",378626,2026-04-18 12:14:57,28.8622627258301,-17.9561424255371,"Unknown"
"5020567",378626,2026-04-18 12:19:57,28.8629608154297,-17.95485496521,"Unknown"
"5020567",378626,2026-04-18 12:24:57,28.8635768890381,-17.9533920288086,"Unknown"
"5020567",378626,2026-04-18 12:30:00,28.8642635345459,-17.9520111083984,"Unknown"
"5020567",378626,2026-04-18 12:35:00,28.865291595459,-17.9507350921631,"Unknown"
"5020567",378626,2026-04-18 12:39:57,28.8661766052246,-17.9494609832764,"Unknown"
"5020567",378626,2026-04-18 12:44:57,28.8669281005859,-17.9481353759766,"Unknown"
"5020567",378626,2026-04-18 12:49:57,28.8673763275146,-17.9466590881348,"Unknown"
"5020567",378626,2026-04-18 12:54:57,28.8676319122314,-17.9451808929443,"Unknown"
"5020567",378626,2026-04-18 12:59:57,28.8683376312256,-17.9439315795898,"Unknown"
"5020567",378626,2026-04-18 13:05:02,28.8690223693848,-17.9424018859863,"Unknown"
"5020567",378626,2026-04-18 13:09:57,28.8697414398193,-17.9410285949707,"Unknown"
"5020567",378626,2026-04-18 13:14:59,28.8704414367676,-17.9394264221191,"Unknown"
"5020567",378626,2026-04-18 13:20:08,28.8711967468262,-17.9377555847168,"Unknown"
"5020567",378626,2026-04-18 13:25:01,28.8717441558838,-17.9361839294434,"Unknown"
"5020567",378626,2026-04-18 13:30:00,28.8719787597656,-17.9345741271973,"Unknown"
"5020567",378626,2026-04-18 13:35:01,28.8722591400146,-17.9329929351807,"Unknown"
"5020567",378626,2026-04-18 13:40:02,28.8724517822266,-17.9314441680908,"Unknown"
"5020567",378626,2026-04-18 13:45:02,28.8727130889893,-17.9298725128174,"Unknown"
"5020567",378626,2026-04-18 13:50:00,28.8600254058838,-17.923360824585,"Unknown"
"5020567",378626,2026-04-18 13:55:00,28.8693332672119,-17.9183120727539,"Unknown"
"5020567",378626,2026-04-18 13:55:59,28.873104095459,-17.9183235168457,"Unknown"
"5020567",378626,2026-04-18 14:11:26,28.918701171875,-17.9136829376221,"Unknown"
"5020567",378626,2026-04-18 14:15:58,28.9148235321045,-17.913200378418,"Unknown"
"5020567",378626,2026-04-18 14:20:59,28.9116020202637,-17.9090118408203,"Unknown"
"5020567",378626,2026-04-18 14:25:58,28.9121398925781,-17.904447555542,"Unknown"
"5020567",378626,2026-04-18 14:30:58,28.9027805328369,-17.9003791809082,"Unknown"
"5020567",378626,2026-04-18 14:35:58,28.9169521331787,-17.9004440307617,"Unknown"
"5020567",378626,2026-04-18 14:41:00,28.9065227508545,-17.8956489562988,"Unknown"
"5020567",378626,2026-04-18 14:46:01,28.8816452026367,-17.894718170166,"Unknown"
"5020567",378626,2026-04-18 14:51:00,28.8599376678467,-17.8851261138916,"Unknown"
"5020567",378626,2026-04-18 14:55:57,28.8489379882812,-17.8698635101318,"Unknown"
"5020567",378626,2026-04-18 14:56:58,28.8489227294922,-17.8698921203613,"Unknown"
"5020567",378626,2026-04-18 14:57:58,28.8488502502441,-17.869945526123,"Unknown"
"5020567",378626,2026-04-18 14:58:58,28.8487701416016,-17.8700160980225,"Unknown"
"5020567",378626,2026-04-18 14:59:58,28.8486652374268,-17.8700618743896,"Unknown"
"5020567",378626,2026-04-18 15:00:57,28.8485870361328,-17.8701591491699,"Unknown"
"5020567",378626,2026-04-18 15:01:58,28.8484840393066,-17.8702487945557,"Unknown"
"5020567",378626,2026-04-18 15:02:58,28.848445892334,-17.8703174591064,"Unknown"
"5020567",378626,2026-04-18 15:03:57,28.8483695983887,-17.8704013824463,"Unknown"
"5020567",378626,2026-04-18 15:04:58,28.8483238220215,-17.870433807373,"Unknown"
"5020567",378626,2026-04-18 15:05:58,28.848258972168,-17.8705101013184,"Unknown"
"5020567",378626,2026-04-18 15:06:58,28.8481636047363,-17.8705444335938,"Unknown"
"5020567",378626,2026-04-18 15:07:58,28.8481521606445,-17.8705902099609,"Unknown"
"5020567",378626,2026-04-18 15:08:57,28.8481063842773,-17.8706531524658,"Unknown"
"5020567",378626,2026-04-18 15:09:57,28.8480358123779,-17.8707466125488,"Unknown"
"5020567",378626,2026-04-18 15:10:58,28.8479824066162,-17.8708419799805,"Unknown"
"5020567",378626,2026-04-18 15:11:57,28.8479328155518,-17.8709526062012,"Unknown"
"5020567",378626,2026-04-18 15:12:58,28.8479080200195,-17.871072769165,"Unknown"
"5020567",378626,2026-04-18 15:13:58,28.8477935791016,-17.8711738586426,"Unknown"
"5020567",378626,2026-04-18 15:14:57,28.8477325439453,-17.8712196350098,"Unknown"
"5020567",378626,2026-04-18 15:15:57,28.8476753234863,-17.8712139129639,"Unknown"
"5020567",378626,2026-04-18 15:16:58,28.8476257324219,-17.8712749481201,"Unknown"
"5020567",378626,2026-04-18 15:17:58,28.8475933074951,-17.8712482452393,"Unknown"
"5020567",378626,2026-04-18 15:18:58,28.8475894927979,-17.8712558746338,"Unknown"
"5020567",378626,2026-04-18 15:19:57,28.8475685119629,-17.8712310791016,"Unknown"
"5020567",378626,2026-04-18 15:20:57,28.847541809082,-17.8712272644043,"Unknown"
"5020567",378626,2026-04-18 15:21:57,28.8474903106689,-17.8712005615234,"Unknown"
"5020567",378626,2026-04-18 15:22:57,28.8475246429443,-17.8711776733398,"Unknown"
"5020567",378626,2026-04-18 15:23:57,28.8474540710449,-17.8711204528809,"Unknown"
"5020567",378626,2026-04-18 15:25:00,28.8473949432373,-17.8710842132568,"Unknown"
"5020567",378626,2026-04-18 15:25:57,28.8473815917969,-17.8711071014404,"Unknown"
"5020567",378626,2026-04-18 15:26:57,28.8473644256592,-17.8711318969727,"Unknown"
"5020567",378626,2026-04-18 15:27:57,28.8473091125488,-17.8711395263672,"Unknown"
"5020567",378626,2026-04-18 15:28:57,28.8472480773926,-17.8711433410645,"Unknown"
"5020567",378626,2026-04-18 15:29:57,28.8471736907959,-17.8711643218994,"Unknown"
"5020567",378626,2026-04-18 15:30:57,28.8471412658691,-17.8712043762207,"Unknown"
"5020567",378626,2026-04-18 15:31:57,28.8470230102539,-17.8712520599365,"Unknown"
"5020567",378626,2026-04-18 15:32:57,28.8469352722168,-17.8712902069092,"Unknown"
"5020567",378626,2026-04-18 15:33:57,28.8468761444092,-17.8713703155518,"Unknown"
"5020567",378626,2026-04-18 15:34:57,28.8468151092529,-17.8714542388916,"Unknown"
"5020567",378626,2026-04-18 15:35:57,28.8467407226562,-17.8715362548828,"Unknown"
"5020567",378626,2026-04-18 15:36:58,28.8466758728027,-17.8715972900391,"Unknown"
"5020567",378626,2026-04-18 15:38:00,28.8468532562256,-17.8715629577637,"Unknown"
"5020567",378626,2026-04-18 15:38:58,28.8468437194824,-17.8715496063232,"Unknown"
"5020567",378626,2026-04-18 15:39:57,28.846866607666,-17.8715763092041,"Unknown"
"5020567",378626,2026-04-18 15:40:57,28.846851348877,-17.8715705871582,"Unknown"
"5020567",378626,2026-04-18 15:42:00,28.8468112945557,-17.8715114593506,"Unknown"
"5020567",378626,2026-04-18 15:43:00,28.846809387207,-17.8715343475342,"Unknown"
"5020567",378626,2026-04-18 15:43:58,28.8467845916748,-17.8715648651123,"Unknown"
"5020567",378626,2026-04-18 15:44:57,28.8467540740967,-17.8715209960938,"Unknown"
"5020567",378626,2026-04-18 15:46:00,28.8466930389404,-17.8715324401855,"Unknown"
"5020567",378626,2026-04-18 15:47:00,28.8467121124268,-17.87158203125,"Unknown"
"5020567",378626,2026-04-18 15:47:59,28.8466262817383,-17.871675491333,"Unknown"
"5020567",378626,2026-04-18 15:48:58,28.846622467041,-17.8717784881592,"Unknown"
"5020567",378626,2026-04-18 15:49:59,28.8465461730957,-17.8718109130859,"Unknown"
"5020567",378626,2026-04-18 15:50:59,28.8464698791504,-17.8718738555908,"Unknown"
"5020567",378626,2026-04-18 15:51:58,28.8464469909668,-17.8719501495361,"Unknown"
"5020567",378626,2026-04-18 15:52:58,28.8463935852051,-17.8721046447754,"Unknown"
"5020567",378626,2026-04-18 15:53:58,28.846399307251,-17.8722248077393,"Unknown"
"5020567",378626,2026-04-18 15:54:59,28.8463020324707,-17.8723583221436,"Unknown"
"5020567",378626,2026-04-18 15:55:58,28.8462181091309,-17.8724784851074,"Unknown"
"5020567",378626,2026-04-18 15:56:58,28.8461780548096,-17.872615814209,"Unknown"
"5020567",378626,2026-04-18 15:58:00,28.846155166626,-17.8727321624756,"Unknown"
"5020567",378626,2026-04-18 15:59:00,28.8461456298828,-17.8728427886963,"Unknown"
"5020567",378626,2026-04-18 15:59:58,28.8460445404053,-17.872989654541,"Unknown"
"5020567",378626,2026-04-18 16:01:00,28.8459320068359,-17.8731079101562,"Unknown"
"5020567",378626,2026-04-18 16:01:58,28.8458786010742,-17.8732318878174,"Unknown"
"5020567",378626,2026-04-18 16:03:00,28.8457679748535,-17.8733310699463,"Unknown"
"5020567",378626,2026-04-18 16:03:59,28.8456344604492,-17.8733959197998,"Unknown"
"5020567",378626,2026-04-18 16:05:01,28.8456020355225,-17.8734931945801,"Unknown"
"5020567",378626,2026-04-18 16:06:01,28.8454971313477,-17.8735961914062,"Unknown"
"5020567",378626,2026-04-18 16:06:59,28.8454780578613,-17.8737010955811,"Unknown"
"5020567",378626,2026-04-18 16:07:59,28.8454151153564,-17.8738307952881,"Unknown"
"5020567",378626,2026-04-18 16:08:59,28.845386505127,-17.8739166259766,"Unknown"
"5020567",378626,2026-04-18 16:09:59,28.845329284668,-17.8740310668945,"Unknown"
"5020567",378626,2026-04-18 16:11:00,28.8452281951904,-17.8741111755371,"Unknown"
"5020567",378626,2026-04-18 16:12:00,28.8451919555664,-17.8741436004639,"Unknown"
"5020567",378626,2026-04-18 16:13:00,28.8451499938965,-17.874195098877,"Unknown"
"5020567",378626,2026-04-18 16:14:01,28.8450927734375,-17.8742485046387,"Unknown"
"5020567",378626,2026-04-18 16:15:33,28.8451442718506,-17.8743858337402,"Unknown"
"5020567",378626,2026-04-18 16:15:59,28.8451347351074,-17.8744010925293,"Unknown"
"5020567",378626,2026-04-18 16:16:59,28.8450813293457,-17.8744735717773,"Unknown"
"5020567",378626,2026-04-18 16:17:59,28.8450202941895,-17.8745231628418,"Unknown"
"5020567",378626,2026-04-18 16:19:00,28.8449783325195,-17.8745594024658,"Unknown"
"5020567",378626,2026-04-18 16:19:59,28.8449554443359,-17.8746013641357,"Unknown"
"5020567",378626,2026-04-18 16:20:59,28.8449153900146,-17.8746280670166,"Unknown"
"5020567",378626,2026-04-18 16:21:59,28.8448581695557,-17.8746910095215,"Unknown"
"5020567",378626,2026-04-18 16:22:59,28.8448333740234,-17.874755859375,"Unknown"
"5020567",378626,2026-04-18 16:23:59,28.8448257446289,-17.8748149871826,"Unknown"
"5020567",378626,2026-04-18 16:24:59,28.8448123931885,-17.8748664855957,"Unknown"
"5020567",378626,2026-04-18 16:25:59,28.8448104858398,-17.8749313354492,"Unknown"
"5020567",378626,2026-04-18 16:26:59,28.8447513580322,-17.874979019165,"Unknown"
"5020567",378626,2026-04-18 16:27:59,28.8447284698486,-17.875,"Unknown"
"5020567",378626,2026-04-18 16:28:59,28.844747543335,-17.8750019073486,"Unknown"
"5020567",378626,2026-04-18 16:29:59,28.8447017669678,-17.875,"Unknown"
"5020567",378626,2026-04-18 16:30:59,28.844633102417,-17.8750057220459,"Unknown"
"5020567",378626,2026-04-18 16:31:59,28.8445777893066,-17.875020980835,"Unknown"
"5020567",378626,2026-04-18 16:32:59,28.8445682525635,-17.8749980926514,"Unknown"
"5020567",378626,2026-04-18 16:33:59,28.8445358276367,-17.8750133514404,"Unknown"
"5020567",378626,2026-04-18 16:34:59,28.8445377349854,-17.8750419616699,"Unknown"
"5020567",378626,2026-04-18 16:36:00,28.8445529937744,-17.8750648498535,"Unknown"
"5020567",378626,2026-04-18 16:36:59,28.8445644378662,-17.8751163482666,"Unknown"
"5020567",378626,2026-04-18 16:37:59,28.844539642334,-17.875186920166,"Unknown"
"5020567",378626,2026-04-18 16:38:59,28.844554901123,-17.8752593994141,"Unknown"
"5020567",378626,2026-04-18 16:39:59,28.8445053100586,-17.8752212524414,"Unknown"
"5020567",378626,2026-04-18 16:40:59,28.8448429107666,-17.875768661499,"Unknown"
"5020567",378626,2026-04-18 16:41:59,28.8453407287598,-17.8757572174072,"Unknown"
"5020567",378626,2026-04-18 16:42:59,28.8453598022461,-17.8757820129395,"Unknown"
"5020567",378626,2026-04-18 16:43:59,28.8454132080078,-17.8758163452148,"Unknown"
"5020567",378626,2026-04-18 16:44:59,28.8454303741455,-17.8758754730225,"Unknown"
"5020567",378626,2026-04-18 16:45:59,28.8455181121826,-17.8759422302246,"Unknown"
"5020567",378626,2026-04-18 16:46:59,28.8455944061279,-17.8759708404541,"Unknown"
"5020567",378626,2026-04-18 16:47:59,28.8456211090088,-17.8760318756104,"Unknown"
"5020567",378626,2026-04-18 16:49:00,28.8456687927246,-17.876070022583,"Unknown"
"5020567",378626,2026-04-18 16:49:59,28.8457050323486,-17.876091003418,"Unknown"
"5020567",378626,2026-04-18 16:50:59,28.8457317352295,-17.8761749267578,"Unknown"
"5020567",378626,2026-04-18 16:51:59,28.8457431793213,-17.8762111663818,"Unknown"
"5020567",378626,2026-04-18 16:52:59,28.8464984893799,-17.8736934661865,"Unknown"
"5020567",378626,2026-04-18 16:53:59,28.846040725708,-17.870677947998,"Unknown"
"5020567",378626,2026-04-18 16:54:59,28.8460578918457,-17.8707504272461,"Unknown"
"5020567",378626,2026-04-18 16:55:59,28.8461227416992,-17.8708381652832,"Unknown"
"5020567",378626,2026-04-18 16:56:59,28.8461265563965,-17.8708934783936,"Unknown"
"5020567",378626,2026-04-18 16:57:59,28.8461055755615,-17.8709583282471,"Unknown"
"5020567",378626,2026-04-18 16:58:59,28.8460884094238,-17.8710479736328,"Unknown"
"5020567",378626,2026-04-18 16:59:59,28.8460788726807,-17.8710803985596,"Unknown"
"5020567",378626,2026-04-18 17:00:59,28.8461017608643,-17.8711490631104,"Unknown"
"5020567",378626,2026-04-18 17:01:59,28.8461608886719,-17.8712787628174,"Unknown"
"5020567",378626,2026-04-18 17:02:59,28.84619140625,-17.8713550567627,"Unknown"
"5020567",378626,2026-04-18 17:03:59,28.8461894989014,-17.8714561462402,"Unknown"
"5020567",378626,2026-04-18 17:04:59,28.8461723327637,-17.8715953826904,"Unknown"
"5020567",378626,2026-04-18 17:05:59,28.8461074829102,-17.8716526031494,"Unknown"
"5020567",378626,2026-04-18 17:06:59,28.8460750579834,-17.8718338012695,"Unknown"
"5020567",378626,2026-04-18 17:07:59,28.8460292816162,-17.8718814849854,"Unknown"
"5020567",378626,2026-04-18 17:08:59,28.8460063934326,-17.8719673156738,"Unknown"
"5020567",378626,2026-04-18 17:09:59,28.8459873199463,-17.8720569610596,"Unknown"
"5020567",378626,2026-04-18 17:10:59,28.8459510803223,-17.8720951080322,"Unknown"
"5020567",378626,2026-04-18 17:11:59,28.84596824646,-17.8722324371338,"Unknown"
"5020567",378626,2026-04-18 17:12:59,28.84592628479,-17.8723220825195,"Unknown"
"5020567",378626,2026-04-18 17:14:00,28.8459377288818,-17.8723831176758,"Unknown"
"5020567",378626,2026-04-18 17:14:59,28.8459796905518,-17.8724994659424,"Unknown"
"5020567",378626,2026-04-18 17:15:59,28.8459644317627,-17.8726615905762,"Unknown"
"5020567",378626,2026-04-18 17:16:59,28.8459320068359,-17.8727359771729,"Unknown"
"5020567",378626,2026-04-18 17:17:59,28.8459205627441,-17.8728313446045,"Unknown"
"5020567",378626,2026-04-18 17:18:59,28.8459644317627,-17.8729457855225,"Unknown"
"5020567",378626,2026-04-18 17:19:59,28.8459548950195,-17.8730964660645,"Unknown"
"5020567",378626,2026-04-18 17:20:59,28.8459720611572,-17.8731803894043,"Unknown"
"5020567",378626,2026-04-18 17:21:59,28.8459892272949,-17.8732948303223,"Unknown"
"5020567",378626,2026-04-18 17:22:59,28.8459510803223,-17.8733940124512,"Unknown"
"5020567",378626,2026-04-18 17:24:00,28.8459243774414,-17.8735218048096,"Unknown"
"5020567",378626,2026-04-18 17:24:59,28.8459568023682,-17.8735980987549,"Unknown"
"5020567",378626,2026-04-18 17:25:59,28.8458976745605,-17.8737297058105,"Unknown"
"5020567",378626,2026-04-18 17:27:00,28.8459053039551,-17.873836517334,"Unknown"
"5020567",378626,2026-04-18 17:27:59,28.8459072113037,-17.8739013671875,"Unknown"
"5020567",378626,2026-04-18 17:28:59,28.8458995819092,-17.8739776611328,"Unknown"
"5020567",378626,2026-04-18 17:29:59,28.8459148406982,-17.8740577697754,"Unknown"
"5020567",378626,2026-04-18 17:31:01,28.8460121154785,-17.8740882873535,"Unknown"
"5020567",378626,2026-04-18 17:32:01,28.8460178375244,-17.8741436004639,"Unknown"
"5020567",378626,2026-04-18 17:33:00,28.8460350036621,-17.8742427825928,"Unknown"
"5020567",378626,2026-04-18 17:34:01,28.8460292816162,-17.8742504119873,"Unknown"
"5020567",378626,2026-04-18 17:34:59,28.8464202880859,-17.8745307922363,"Unknown"
"5020567",378626,2026-04-18 17:35:59,28.851598739624,-17.874641418457,"Unknown"
"5020567",378626,2026-04-18 17:36:59,28.8512344360352,-17.8695297241211,"Unknown"
"5020567",378626,2026-04-18 17:37:59,28.8503189086914,-17.8631210327148,"Unknown"
"5020567",378626,2026-04-18 17:39:00,28.8467884063721,-17.8577537536621,"Unknown"
"5020567",378626,2026-04-18 17:40:00,28.846118927002,-17.8521976470947,"Unknown"
"5020567",378626,2026-04-18 17:41:00,28.8457660675049,-17.8455009460449,"Unknown"
"5020567",378626,2026-04-18 17:41:59,28.8431663513184,-17.8386211395264,"Unknown"
"5020567",378626,2026-04-18 17:43:00,28.8447132110596,-17.836311340332,"Unknown"
"5020567",378626,2026-04-18 17:43:59,28.8430309295654,-17.8355255126953,"Unknown"
"5020567",378626,2026-04-18 17:45:00,28.8441410064697,-17.8361835479736,"Unknown"
"5020567",378626,2026-04-18 17:46:01,28.8482131958008,-17.8389568328857,"Unknown"
"5020567",378626,2026-04-18 17:47:01,28.84739112854,-17.8343105316162,"Unknown"
"5020567",378626,2026-04-18 17:47:59,28.8511943817139,-17.8350868225098,"Unknown"
"5020567",378626,2026-04-18 17:49:01,28.849760055542,-17.8295841217041,"Unknown"
"5020567",378626,2026-04-18 17:49:59,28.849796295166,-17.825870513916,"Unknown"
"5020567",378626,2026-04-18 17:51:00,28.8542499542236,-17.8213520050049,"Unknown"
"5020567",378626,2026-04-18 17:52:00,28.8602333068848,-17.8209476470947,"Unknown"
"5020567",378626,2026-04-18 17:53:01,28.8657836914062,-17.8178482055664,"Unknown"
"5020567",378626,2026-04-18 17:54:00,28.8720798492432,-17.8153476715088,"Unknown"
"5020567",378626,2026-04-18 17:58:59,28.8895568847656,-17.8024044036865,"Unknown"
"5020567",378626,2026-04-18 18:04:00,28.8861713409424,-17.7880859375,"Unknown"
"5020567",378626,2026-04-18 18:09:00,28.879846572876,-17.7788677215576,"Unknown"
"5020567",378626,2026-04-18 18:14:00,28.870922088623,-17.7679710388184,"Unknown"
"5020567",378626,2026-04-18 18:18:59,28.8665561676025,-17.7680397033691,"Unknown"
"5020567",378626,2026-04-18 18:24:00,28.8594074249268,-17.7678642272949,"Unknown"
"5020567",378626,2026-04-18 18:29:00,28.8504905700684,-17.760440826416,"Unknown"
"5020567",378626,2026-04-18 18:30:01,28.8484649658203,-17.7597236633301,"Unknown"
"5020567",378626,2026-04-18 18:31:02,28.8467769622803,-17.7582244873047,"Unknown"
"5020567",378626,2026-04-18 18:31:59,28.8433208465576,-17.7576293945312,"Unknown"
"5020567",378626,2026-04-18 18:33:00,28.8408546447754,-17.7615814208984,"Unknown"
"5020567",378626,2026-04-18 18:34:00,28.8383750915527,-17.7591133117676,"Unknown"
"5020567",378626,2026-04-18 18:35:00,28.8370475769043,-17.7555313110352,"Unknown"
"5020567",378626,2026-04-18 18:35:59,28.8338871002197,-17.7560329437256,"Unknown"
"5020567",378626,2026-04-18 18:36:59,28.833065032959,-17.7523918151855,"Unknown"
"5020567",378626,2026-04-18 18:38:01,28.8299140930176,-17.7500381469727,"Unknown"
"5020567",378626,2026-04-18 18:39:01,28.8352031707764,-17.74635887146,"Unknown"
"5020567",378626,2026-04-18 18:40:01,28.8372402191162,-17.7450141906738,"Unknown"
"5020567",378626,2026-04-18 18:40:59,28.8373317718506,-17.7461700439453,"Unknown"
"5020567",378626,2026-04-18 18:42:03,28.8373622894287,-17.7466983795166,"Unknown"
"5020567",378626,2026-04-18 18:43:00,28.8378925323486,-17.7474002838135,"Unknown"
"5020567",378626,2026-04-18 18:44:02,28.8380451202393,-17.7474880218506,"Unknown"
"5020567",378626,2026-04-18 18:45:02,28.8381404876709,-17.7488746643066,"Unknown"
"5020567",378626,2026-04-18 18:46:01,28.8378505706787,-17.7501335144043,"Unknown"
"5020567",378626,2026-04-18 18:46:59,28.8379745483398,-17.7505302429199,"Unknown"
"5020567",378626,2026-04-18 18:47:59,28.8382549285889,-17.7510318756104,"Unknown"
"5020567",378626,2026-04-18 18:49:17,28.8409595489502,-17.7531795501709,"Unknown"
"5020567",378626,2026-04-18 18:49:59,28.8410587310791,-17.7532081604004,"Unknown"
"5020567",378626,2026-04-18 18:50:59,28.8412475585938,-17.7525444030762,"Unknown"
"5020567",378626,2026-04-18 18:52:01,28.8413829803467,-17.752592086792,"Unknown"
"5020567",378626,2026-04-18 18:53:01,28.8415603637695,-17.7526874542236,"Unknown"
"5020567",378626,2026-04-18 18:53:59,28.8415203094482,-17.7517604827881,"Unknown"
"5020567",378626,2026-04-18 18:55:02,28.8394622802734,-17.7502822875977,"Unknown"
"5020567",378626,2026-04-18 18:55:59,28.8378009796143,-17.7492141723633,"Unknown"
"5020567",378626,2026-04-18 18:57:01,28.8360366821289,-17.7472038269043,"Unknown"
"5020567",378626,2026-04-18 18:58:01,28.8346214294434,-17.7453479766846,"Unknown"
"5020567",378626,2026-04-18 18:59:01,28.8315086364746,-17.7453231811523,"Unknown"
"5020567",378626,2026-04-18 19:01:25,28.8305702209473,-17.7498188018799,"Unknown"
"5020567",378626,2026-04-18 19:02:55,28.8271961212158,-17.747652053833,"Unknown"
"5020567",378626,2026-04-18 19:04:25,28.8219604492188,-17.7480373382568,"Unknown"
"5020567",378626,2026-04-18 19:05:33,28.8212661743164,-17.7479915618896,"Unknown"
"5020567",378626,2026-04-18 19:05:34,28.8212661743164,-17.7479763031006,"Unknown"
"5020567",378626,2026-04-18 19:06:37,28.8214149475098,-17.7479305267334,"Unknown"
"5020567",378626,2026-04-18 19:07:36,28.8203048706055,-17.7468967437744,"Unknown"
"5020567",378626,2026-04-18 19:08:37,28.8183574676514,-17.7487640380859,"Unknown"
"5020567",378626,2026-04-18 19:09:37,28.8141899108887,-17.7505893707275,"Unknown"
"5020567",378626,2026-04-18 19:10:36,28.8111782073975,-17.7493343353271,"Unknown"
"5020567",378626,2026-04-18 19:11:38,28.8083515167236,-17.748119354248,"Unknown"
"5020567",378626,2026-04-18 19:12:40,28.8042602539062,-17.7481517791748,"Unknown"
"5020567",378626,2026-04-18 19:13:36,28.8010883331299,-17.746919631958,"Unknown"
"5020567",378626,2026-04-18 19:14:40,28.7975921630859,-17.7466602325439,"Unknown"
"5020567",378626,2026-04-18 19:15:36,28.7939167022705,-17.7465076446533,"Unknown"
"5020567",378626,2026-04-18 19:16:37,28.7899780273438,-17.7458381652832,"Unknown"
"5020567",378626,2026-04-18 19:17:37,28.7852382659912,-17.7460403442383,"Unknown"
"5020567",378626,2026-04-18 19:18:36,28.7815361022949,-17.7446784973145,"Unknown"
"5020567",378626,2026-04-18 19:19:37,28.7778797149658,-17.7432823181152,"Unknown"
"5020567",378626,2026-04-18 19:20:37,28.7749118804932,-17.7408008575439,"Unknown"
"5020567",378626,2026-04-18 19:21:36,28.7716846466064,-17.739185333252,"Unknown"
"5020567",378626,2026-04-18 19:22:36,28.7701549530029,-17.7359390258789,"Unknown"
"5020567",378626,2026-04-18 19:23:36,28.7682323455811,-17.7328720092773,"Unknown"
"5020567",378626,2026-04-18 19:24:36,28.7656326293945,-17.7328014373779,"Unknown"
"5020567",378626,2026-04-18 19:25:36,28.7623977661133,-17.7315235137939,"Unknown"
"5020567",378626,2026-04-18 19:26:36,28.7598915100098,-17.7284374237061,"Unknown"
"5020567",378626,2026-04-18 19:27:37,28.7564487457275,-17.7265968322754,"Unknown"
"5020567",378626,2026-04-18 19:28:36,28.7543983459473,-17.7235584259033,"Unknown"
"5020567",378626,2026-04-18 19:29:36,28.7523937225342,-17.7197208404541,"Unknown"
"5020567",378626,2026-04-18 19:34:37,28.7286834716797,-17.7187538146973,"Unknown"
"5020567",378626,2026-04-18 19:39:36,28.7191963195801,-17.7237758636475,"Unknown"
"5020567",378626,2026-04-18 19:44:38,28.7193908691406,-17.7237014770508,"Unknown"
"5020567",378626,2026-04-18 19:49:37,28.7198657989502,-17.7237415313721,"Unknown"
"5020567",378626,2026-04-18 19:54:37,28.7195892333984,-17.723030090332,"Unknown"
"5020567",378626,2026-04-18 19:59:37,28.7198352813721,-17.7231101989746,"Unknown"
"5020567",378626,2026-04-18 20:04:38,28.7200450897217,-17.7233791351318,"Unknown"
"5020567",378626,2026-04-18 20:09:37,28.7204265594482,-17.7234840393066,"Unknown"
"5020567",378626,2026-04-18 20:14:37,28.7209224700928,-17.7232761383057,"Unknown"
"5020567",378626,2026-04-18 20:19:37,28.7214469909668,-17.723072052002,"Unknown"
"5020567",378626,2026-04-18 20:24:39,28.7219200134277,-17.7229900360107,"Unknown"
"5020567",378626,2026-04-18 20:29:37,28.7224369049072,-17.7228012084961,"Unknown"
"5020567",378626,2026-04-18 20:34:38,28.7231121063232,-17.7227516174316,"Unknown"
"5020567",378626,2026-04-18 20:39:39,28.7238903045654,-17.7227535247803,"Unknown"
"5020567",378626,2026-04-18 20:44:38,28.7244281768799,-17.7226676940918,"Unknown"
"5020567",378626,2026-04-18 20:49:40,28.725040435791,-17.7226715087891,"Unknown"
"5020567",378626,2026-04-18 20:54:38,28.7256546020508,-17.7227954864502,"Unknown"
"5020567",378626,2026-04-18 20:59:44,28.726354598999,-17.7227687835693,"Unknown"
"5020567",378626,2026-04-18 21:04:43,28.7270278930664,-17.7228679656982,"Unknown"
"5020567",378626,2026-04-18 21:09:39,28.7134494781494,-17.7348785400391,"Unknown"
"5020567",378626,2026-04-18 21:15:03,28.7152118682861,-17.7337303161621,"Unknown"
"5020567",378626,2026-04-18 21:15:36,28.7186183929443,-17.7370719909668,"Unknown"
"5020567",378626,2026-04-18 21:16:36,28.7249889373779,-17.744068145752,"Unknown"
"5020567",378626,2026-04-18 21:17:36,28.7292976379395,-17.7519702911377,"Unknown"
"5020567",378626,2026-04-18 21:18:36,28.7243919372559,-17.7546253204346,"Unknown"
"5020567",378626,2026-04-18 21:19:36,28.7210426330566,-17.7558555603027,"Unknown"
"5020567",378626,2026-04-18 21:20:36,28.7205295562744,-17.7589797973633,"Unknown"
"5020567",378626,2026-04-18 21:21:36,28.7248916625977,-17.7630081176758,"Unknown"
"5020567",378626,2026-04-18 21:22:37,28.7244911193848,-17.7624645233154,"Unknown"
"5020567",378626,2026-04-18 21:23:37,28.7246723175049,-17.7665119171143,"Unknown"
"5020567",378626,2026-04-18 21:24:36,28.7218952178955,-17.7637481689453,"Unknown"
"5020567",378626,2026-04-18 21:25:37,28.7199382781982,-17.7639102935791,"Unknown"
"5020567",378626,2026-04-18 21:26:37,28.7200756072998,-17.76340675354,"Unknown"
"5020567",378626,2026-04-18 21:27:43,28.7218780517578,-17.762321472168,"Unknown"
"5020567",378626,2026-04-18 21:28:42,28.7220859527588,-17.7622718811035,"Unknown"
"5020567",378626,2026-04-18 21:29:44,28.7214336395264,-17.7626895904541,"Unknown"
"5020567",378626,2026-04-18 21:31:16,28.7196063995361,-17.7640781402588,"Unknown"
"5020567",378626,2026-04-18 21:31:41,28.7195873260498,-17.7640705108643,"Unknown"
"5020567",378626,2026-04-18 21:32:42,28.7196006774902,-17.7640819549561,"Unknown"
"5020567",378626,2026-04-18 21:34:22,28.7195491790771,-17.7641048431396,"Unknown"
"5020567",378626,2026-04-18 21:34:52,28.7195987701416,-17.7640056610107,"Unknown"
"5020567",378626,2026-04-18 21:37:02,28.7195205688477,-17.7641162872314,"Unknown"
"5020567",378626,2026-04-18 21:37:33,28.7195281982422,-17.7641105651855,"Unknown"
"5020567",378626,2026-04-18 21:38:07,28.7195663452148,-17.7640972137451,"Unknown"
"5020567",378626,2026-04-18 21:39:05,28.7195301055908,-17.7641506195068,"Unknown"
"5020567",378626,2026-04-18 21:40:06,28.7195339202881,-17.7640857696533,"Unknown"
"5020567",378626,2026-04-18 21:41:07,28.7195529937744,-17.7640991210938,"Unknown"
"5020567",378626,2026-04-18 21:42:06,28.7194938659668,-17.7641296386719,"Unknown"
"5020567",378626,2026-04-18 21:43:07,28.7195415496826,-17.7641334533691,"Unknown"
"5020567",378626,2026-04-18 21:44:06,28.7195377349854,-17.7641220092773,"Unknown"
"5020567",378626,2026-04-18 21:45:07,28.7195854187012,-17.7641010284424,"Unknown"
"5020567",378626,2026-04-18 21:46:06,28.7194976806641,-17.7641410827637,"Unknown"
"5020567",378626,2026-04-18 21:47:07,28.7194671630859,-17.76416015625,"Unknown"
"5020567",378626,2026-04-18 21:48:08,28.7195339202881,-17.7641201019287,"Unknown"
"5020567",378626,2026-04-18 21:49:07,28.7195529937744,-17.7640933990479,"Unknown"
"5020567",378626,2026-04-18 21:50:06,28.7195358276367,-17.7641086578369,"Unknown"
"5020567",378626,2026-04-18 21:51:06,28.7195320129395,-17.7641201019287,"Unknown"
"5020567",378626,2026-04-18 21:52:08,28.7195777893066,-17.7641048431396,"Unknown"
"5020567",378626,2026-04-18 21:53:08,28.7194900512695,-17.7641372680664,"Unknown"
"5020567",378626,2026-04-18 21:54:08,28.7195606231689,-17.7641067504883,"Unknown"
"5020567",378626,2026-04-18 21:55:07,28.7195644378662,-17.7641105651855,"Unknown"
"5020567",378626,2026-04-18 21:56:06,28.7195205688477,-17.7641410827637,"Unknown"
"5020567",378626,2026-04-18 21:57:09,28.7197132110596,-17.7640647888184,"Unknown"
"5020567",378626,2026-04-18 21:58:08,28.7196846008301,-17.7640514373779,"Unknown"
"5020567",378626,2026-04-18 21:59:07,28.7195301055908,-17.7640800476074,"Unknown"
"5020567",378626,2026-04-18 22:00:08,28.7195243835449,-17.7641010284424,"Unknown"
"5020567",378626,2026-04-18 22:01:08,28.7194881439209,-17.7641773223877,"Unknown"
"5020567",378626,2026-04-18 22:02:08,28.7195224761963,-17.7641334533691,"Unknown"
"5020567",378626,2026-04-18 22:03:08,28.7194805145264,-17.7642059326172,"Unknown"
"5020567",378626,2026-04-18 22:04:08,28.7195091247559,-17.7641143798828,"Unknown"
"5020567",378626,2026-04-18 22:05:15,28.7195053100586,-17.76416015625,"Unknown"
"5020567",378626,2026-04-18 22:06:32,28.719539642334,-17.7641086578369,"Unknown"
"5020567",378626,2026-04-18 22:07:09,28.7194442749023,-17.7641181945801,"Unknown"
"5020567",378626,2026-04-18 22:08:09,28.7195053100586,-17.7641353607178,"Unknown"
"5020567",378626,2026-04-18 22:09:09,28.7196731567383,-17.7640762329102,"Unknown"
"5020567",378626,2026-04-18 22:10:11,28.719518661499,-17.7641296386719,"Unknown"
"5020567",378626,2026-04-18 22:11:46,28.7195053100586,-17.7641429901123,"Unknown"
"5020567",378626,2026-04-18 22:12:13,28.7195091247559,-17.7641353607178,"Unknown"
"5020567",378626,2026-04-18 22:13:07,28.7195568084717,-17.764102935791,"Unknown"
"5020567",378626,2026-04-18 22:14:10,28.7195243835449,-17.7641181945801,"Unknown"
"5020567",378626,2026-04-18 22:15:07,28.7195091247559,-17.7641582489014,"Unknown"
"5020567",378626,2026-04-18 22:17:28,28.7195224761963,-17.7641277313232,"Unknown"
"5020567",378626,2026-04-18 22:18:20,28.7195453643799,-17.7639102935791,"Unknown"
"5020567",378626,2026-04-18 22:19:57,28.7195205688477,-17.7639808654785,"Unknown"
"5020567",378626,2026-04-18 22:20:21,28.7195281982422,-17.763973236084,"Unknown"
"5020567",378626,2026-04-18 22:21:10,28.7194786071777,-17.7641353607178,"Unknown"
"5020567",378626,2026-04-18 22:22:07,28.7195339202881,-17.7641010284424,"Unknown"
"5020567",378626,2026-04-18 22:23:15,28.7195358276367,-17.7641067504883,"Unknown"
"5020567",378626,2026-04-18 22:24:10,28.7195434570312,-17.7640705108643,"Unknown"
"5020567",378626,2026-04-18 22:25:08,28.7195262908936,-17.7641010284424,"Unknown"
"5020567",378626,2026-04-18 22:26:02,28.7197723388672,-17.7638072967529,"Unknown"
"5020567",378626,2026-04-18 22:27:06,28.7194976806641,-17.7641315460205,"Unknown"
"5020567",378626,2026-04-18 22:28:09,28.7194538116455,-17.7641754150391,"Unknown"
"5020567",378626,2026-04-18 22:29:06,28.7195568084717,-17.7640380859375,"Unknown"
"5020567",378626,2026-04-18 22:30:02,28.7194919586182,-17.7640857696533,"Unknown"
"5020567",378626,2026-04-18 22:31:02,28.719554901123,-17.764123916626,"Unknown"
"5020567",378626,2026-04-18 22:32:03,28.7194728851318,-17.7641086578369,"Unknown"
"5020567",378626,2026-04-18 22:33:03,28.7194728851318,-17.7640819549561,"Unknown"
"5020567",378626,2026-04-18 22:34:09,28.7194919586182,-17.7640953063965,"Unknown"
"5020567",378626,2026-04-18 22:35:04,28.7194957733154,-17.7640991210938,"Unknown"
"5020567",378626,2026-04-18 22:36:04,28.7194862365723,-17.7641201019287,"Unknown"
"5020567",378626,2026-04-18 22:37:03,28.7194919586182,-17.7641086578369,"Unknown"
"5020567",378626,2026-04-18 22:38:05,28.7194862365723,-17.7641277313232,"Unknown"
"5020567",378626,2026-04-18 22:39:14,28.719446182251,-17.7641906738281,"Unknown"
"5020567",378626,2026-04-18 22:40:20,28.7194786071777,-17.7641124725342,"Unknown"
"5020567",378626,2026-04-18 22:41:01,28.7195014953613,-17.7640953063965,"Unknown"
"5020567",378626,2026-04-18 22:42:07,28.7194938659668,-17.7641048431396,"Unknown"
"5020567",378626,2026-04-18 22:43:04,28.7195167541504,-17.764139175415,"Unknown"
"5020567",378626,2026-04-18 22:44:07,28.719554901123,-17.7640514373779,"Unknown"
"5020567",378626,2026-04-18 22:45:05,28.7194652557373,-17.7641315460205,"Unknown"
"5020567",378626,2026-04-18 22:46:31,28.7195587158203,-17.7641010284424,"Unknown"
"5020567",378626,2026-04-18 22:47:03,28.7207546234131,-17.7634105682373,"Unknown"
"5020567",378626,2026-04-18 22:48:03,28.7195510864258,-17.7640552520752,"Unknown"
"5020567",378626,2026-04-18 22:49:02,28.7195625305176,-17.7640800476074,"Unknown"
"5020567",378626,2026-04-19 06:17:27,28.7731857299805,-17.7241687774658,"Unknown"
"5020567",378626,2026-04-19 06:36:53,28.7948780059814,-17.7473602294922,"Unknown"
"5020567",378626,2026-04-19 07:36:52,28.853099822998,-17.7975883483887,"Unknown"
"5020567",378626,2026-04-19 07:56:52,28.8576011657715,-17.8089942932129,"Unknown"
"5020567",378626,2026-04-19 08:16:53,28.8582038879395,-17.8083400726318,"Unknown"
"5020567",378626,2026-04-19 08:37:17,28.8539867401123,-17.8294353485107,"Unknown"
"5020567",378626,2026-04-19 08:57:21,28.854471206665,-17.8299503326416,"Unknown"
"5020567",378626,2026-04-19 09:16:52,28.8603534698486,-17.8327808380127,"Unknown"
"5020567",378626,2026-04-19 09:36:52,28.8566436767578,-17.830192565918,"Unknown"
"5020567",378626,2026-04-19 09:56:54,28.8601455688477,-17.8267192840576,"Unknown"
"5020567",378626,2026-04-19 10:16:55,28.859827041626,-17.8264713287354,"Unknown"
"5020567",378626,2026-04-19 10:26:54,28.8583106994629,-17.8274326324463,"Unknown"
"5020567",378626,2026-04-19 10:36:52,28.857006072998,-17.8283348083496,"Unknown"
"5020567",378626,2026-04-19 10:46:54,28.8571681976318,-17.8275947570801,"Unknown"
"5020567",378626,2026-04-19 10:56:55,28.8572025299072,-17.8267021179199,"Unknown"
"5020567",378626,2026-04-19 11:06:59,28.857328414917,-17.8252983093262,"Unknown"
"5020567",378626,2026-04-19 11:17:17,28.8572845458984,-17.8241653442383,"Unknown"
"5020567",378626,2026-04-19 11:26:51,28.857213973999,-17.8230781555176,"Unknown"
"5020567",378626,2026-04-19 11:27:52,28.8571891784668,-17.8229675292969,"Unknown"
"5020567",378626,2026-04-19 11:28:52,28.8571681976318,-17.8228588104248,"Unknown"
"5020567",378626,2026-04-19 11:29:52,28.8571529388428,-17.8227348327637,"Unknown"
"5020567",378626,2026-04-19 11:30:52,28.8571472167969,-17.8225975036621,"Unknown"
"5020567",378626,2026-04-19 11:31:52,28.857141494751,-17.8224563598633,"Unknown"
"5020567",378626,2026-04-19 11:32:53,28.8571090698242,-17.8223094940186,"Unknown"
"5020567",378626,2026-04-19 11:33:52,28.8571033477783,-17.8221740722656,"Unknown"
"5020567",378626,2026-04-19 11:34:52,28.8570957183838,-17.82204246521,"Unknown"
"5020567",378626,2026-04-19 11:35:52,28.8570671081543,-17.8219165802002,"Unknown"
"5020567",378626,2026-04-19 11:36:52,28.8570213317871,-17.8217620849609,"Unknown"
"5020567",378626,2026-04-19 11:37:52,28.8569965362549,-17.8215942382812,"Unknown"
"5020567",378626,2026-04-19 11:38:52,28.8569374084473,-17.821460723877,"Unknown"
"5020567",378626,2026-04-19 11:39:52,28.8568992614746,-17.8213176727295,"Unknown"
"5020567",378626,2026-04-19 11:40:52,28.8568649291992,-17.8211574554443,"Unknown"
"5020567",378626,2026-04-19 11:41:52,28.8568096160889,-17.8210048675537,"Unknown"
"5020567",378626,2026-04-19 11:42:52,28.8567962646484,-17.8208885192871,"Unknown"
"5020567",378626,2026-04-19 11:43:54,28.8568515777588,-17.8207378387451,"Unknown"
"5020567",378626,2026-04-19 11:44:52,28.8568572998047,-17.8206348419189,"Unknown"
"5020567",378626,2026-04-19 11:45:52,28.8568840026855,-17.8204975128174,"Unknown"
"5020567",378626,2026-04-19 11:46:52,28.8568706512451,-17.8204116821289,"Unknown"
"5020567",378626,2026-04-19 11:47:52,28.8568305969238,-17.8203048706055,"Unknown"
"5020567",378626,2026-04-19 11:48:52,28.8568077087402,-17.8201770782471,"Unknown"
"5020567",378626,2026-04-19 11:49:52,28.8568000793457,-17.8200435638428,"Unknown"
"5020567",378626,2026-04-19 11:50:52,28.8568820953369,-17.8198471069336,"Unknown"
"5020567",378626,2026-04-19 11:51:52,28.8569507598877,-17.819694519043,"Unknown"
"5020567",378626,2026-04-19 11:52:52,28.8569412231445,-17.8195610046387,"Unknown"
"5020567",378626,2026-04-19 11:53:52,28.8569240570068,-17.8194389343262,"Unknown"
"5020567",378626,2026-04-19 11:54:52,28.856897354126,-17.8193054199219,"Unknown"
"5020567",378626,2026-04-19 11:55:52,28.8568534851074,-17.8191986083984,"Unknown"
"5020567",378626,2026-04-19 11:56:52,28.8568248748779,-17.8190765380859,"Unknown"
"5020567",378626,2026-04-19 11:57:52,28.856782913208,-17.8189392089844,"Unknown"
"5020567",378626,2026-04-19 11:58:52,28.8567504882812,-17.8188552856445,"Unknown"
"5020567",378626,2026-04-19 11:59:52,28.8568344116211,-17.8186569213867,"Unknown"
"5020567",378626,2026-04-19 12:00:52,28.856954574585,-17.8184375762939,"Unknown"
"5020567",378626,2026-04-19 12:01:54,28.8570232391357,-17.8182945251465,"Unknown"
"5020567",378626,2026-04-19 12:02:52,28.857027053833,-17.8181838989258,"Unknown"
"5020567",378626,2026-04-19 12:03:52,28.8570461273193,-17.8180675506592,"Unknown"
"5020567",378626,2026-04-19 12:04:52,28.8570442199707,-17.8179359436035,"Unknown"
"5020567",378626,2026-04-19 12:05:52,28.8570404052734,-17.817813873291,"Unknown"
"5020567",378626,2026-04-19 12:06:54,28.8570384979248,-17.817663192749,"Unknown"
"5020567",378626,2026-04-19 12:07:54,28.8570442199707,-17.8175487518311,"Unknown"
"5020567",378626,2026-04-19 12:08:52,28.857048034668,-17.8174362182617,"Unknown"
"5020567",378626,2026-04-19 12:09:52,28.8570384979248,-17.8172702789307,"Unknown"
"5020567",378626,2026-04-19 12:10:52,28.8570251464844,-17.81711769104,"Unknown"
"5020567",378626,2026-04-19 12:11:52,28.8570327758789,-17.8169612884521,"Unknown"
"5020567",378626,2026-04-19 12:12:52,28.8570251464844,-17.8168487548828,"Unknown"
"5020567",378626,2026-04-19 12:13:52,28.8570404052734,-17.8166790008545,"Unknown"
"5020567",378626,2026-04-19 12:14:52,28.8570537567139,-17.8165454864502,"Unknown"
"5020567",378626,2026-04-19 12:15:52,28.8570613861084,-17.8164310455322,"Unknown"
"5020567",378626,2026-04-19 12:16:54,28.8570289611816,-17.8163108825684,"Unknown"
"5020567",378626,2026-04-19 12:17:52,28.857027053833,-17.81618309021,"Unknown"
"5020567",378626,2026-04-19 12:18:52,28.8570041656494,-17.8160018920898,"Unknown"
"5020567",378626,2026-04-19 12:19:52,28.8569374084473,-17.8158569335938,"Unknown"
"5020567",378626,2026-04-19 12:20:52,28.8569240570068,-17.8157234191895,"Unknown"
"5020567",378626,2026-04-19 12:21:52,28.856861114502,-17.8155975341797,"Unknown"
"5020567",378626,2026-04-19 12:22:57,28.8568077087402,-17.8154754638672,"Unknown"
"5020567",378626,2026-04-19 12:23:52,28.8567924499512,-17.8154010772705,"Unknown"
"5020567",378626,2026-04-19 12:24:52,28.8567352294922,-17.8152713775635,"Unknown"
"5020567",378626,2026-04-19 12:25:52,28.8567523956299,-17.8150901794434,"Unknown"
"5020567",378626,2026-04-19 12:26:52,28.8567810058594,-17.8149280548096,"Unknown"
"5020567",378626,2026-04-19 12:27:52,28.8567810058594,-17.8147125244141,"Unknown"
"5020567",378626,2026-04-19 12:28:52,28.8568058013916,-17.8144798278809,"Unknown"
"5020567",378626,2026-04-19 12:29:55,28.856840133667,-17.8142375946045,"Unknown"
"5020567",378626,2026-04-19 12:30:54,28.8568878173828,-17.8140277862549,"Unknown"
"5020567",378626,2026-04-19 12:32:17,28.85693359375,-17.8138198852539,"Unknown"
"5020567",378626,2026-04-19 12:32:55,28.8569469451904,-17.8137283325195,"Unknown"
"5020567",378626,2026-04-19 12:33:55,28.8568725585938,-17.8136215209961,"Unknown"
"5020567",378626,2026-04-19 12:34:54,28.8568172454834,-17.8135147094727,"Unknown"
"5020567",378626,2026-04-19 12:35:55,28.8567581176758,-17.8133964538574,"Unknown"
"5020567",378626,2026-04-19 12:36:54,28.8566989898682,-17.8132514953613,"Unknown"
"5020567",378626,2026-04-19 12:37:51,28.8566799163818,-17.8130722045898,"Unknown"
"5020567",378626,2026-04-19 12:38:54,28.8566112518311,-17.8129215240479,"Unknown"
"5020567",378626,2026-04-19 12:39:56,28.856575012207,-17.8127536773682,"Unknown"
"5020567",378626,2026-04-19 12:40:51,28.8565464019775,-17.812593460083,"Unknown"
"5020567",378626,2026-04-19 12:41:54,28.8564720153809,-17.8124103546143,"Unknown"
"5020567",378626,2026-04-19 12:42:55,28.8563785552979,-17.8122253417969,"Unknown"
"5020567",378626,2026-04-19 12:43:51,28.8563499450684,-17.8120555877686,"Unknown"
"5020567",378626,2026-04-19 12:44:51,28.8562831878662,-17.8119029998779,"Unknown"
"5020567",378626,2026-04-19 12:45:54,28.8562469482422,-17.8117656707764,"Unknown"
"5020567",378626,2026-04-19 12:46:51,28.8562202453613,-17.8115997314453,"Unknown"
"5020567",378626,2026-04-19 12:47:54,28.8561191558838,-17.8114719390869,"Unknown"
"5020567",378626,2026-04-19 12:48:52,28.8581161499023,-17.8130435943604,"Unknown"
"5020567",378626,2026-04-19 12:49:51,28.8588123321533,-17.812967300415,"Unknown"
"5020567",378626,2026-04-19 12:50:54,28.8587799072266,-17.812858581543,"Unknown"
"5020567",378626,2026-04-19 12:51:52,28.858772277832,-17.8127593994141,"Unknown"
"5020567",378626,2026-04-19 12:52:56,28.8587551116943,-17.8126258850098,"Unknown"
"5020567",378626,2026-04-19 12:53:51,28.8587608337402,-17.8125076293945,"Unknown"
"5020567",378626,2026-04-19 12:54:54,28.8587608337402,-17.8123817443848,"Unknown"
"5020567",378626,2026-04-19 12:55:53,28.8587551116943,-17.8122711181641,"Unknown"
"5020567",378626,2026-04-19 12:56:54,28.8587512969971,-17.8121356964111,"Unknown"
"5020567",378626,2026-04-19 12:57:51,28.8587532043457,-17.8120384216309,"Unknown"
"5020567",378626,2026-04-19 12:58:55,28.8587398529053,-17.8119144439697,"Unknown"
"5020567",378626,2026-04-19 12:59:52,28.8587322235107,-17.8117809295654,"Unknown"
"5020567",378626,2026-04-19 13:00:53,28.8587169647217,-17.8116512298584,"Unknown"
"5020567",378626,2026-04-19 13:01:53,28.8587474822998,-17.8114891052246,"Unknown"
"5020567",378626,2026-04-19 13:02:53,28.8587589263916,-17.8113403320312,"Unknown"
"5020567",378626,2026-04-19 13:03:51,28.8587741851807,-17.8112239837646,"Unknown"
"5020567",378626,2026-04-19 13:04:52,28.8587684631348,-17.8110656738281,"Unknown"
"5020567",378626,2026-04-19 13:05:51,28.8587875366211,-17.8109130859375,"Unknown"
"5020567",378626,2026-04-19 13:06:52,28.8587703704834,-17.8107757568359,"Unknown"
"5020567",378626,2026-04-19 13:07:52,28.8588333129883,-17.8106384277344,"Unknown"
"5020567",378626,2026-04-19 13:08:52,28.8588600158691,-17.8104934692383,"Unknown"
"5020567",378626,2026-04-19 13:09:54,28.8588485717773,-17.8103351593018,"Unknown"
"5020567",378626,2026-04-19 13:10:53,28.8588638305664,-17.8102035522461,"Unknown"
"5020567",378626,2026-04-19 13:11:51,28.8588981628418,-17.8100547790527,"Unknown"
"5020567",378626,2026-04-19 13:12:52,28.8588962554932,-17.8098945617676,"Unknown"
"5020567",378626,2026-04-19 13:13:54,28.8589134216309,-17.8097667694092,"Unknown"
"5020567",378626,2026-04-19 13:14:52,28.8588943481445,-17.8096027374268,"Unknown"
"5020567",378626,2026-04-19 13:15:54,28.8588733673096,-17.8094387054443,"Unknown"
"5020567",378626,2026-04-19 13:16:55,28.8588314056396,-17.8092670440674,"Unknown"
"5020567",378626,2026-04-19 13:17:52,28.8587894439697,-17.809103012085,"Unknown"
"5020567",378626,2026-04-19 13:18:52,28.8587951660156,-17.808952331543,"Unknown"
"5020567",378626,2026-04-19 13:19:51,28.8587512969971,-17.8087615966797,"Unknown"
"5020567",378626,2026-04-19 13:20:52,28.858715057373,-17.808572769165,"Unknown"
"5020567",378626,2026-04-19 13:21:54,28.8586807250977,-17.808422088623,"Unknown"
"5020567",378626,2026-04-19 13:22:54,28.8586578369141,-17.8082866668701,"Unknown"
"5020567",378626,2026-04-19 13:23:51,28.8586711883545,-17.8081607818604,"Unknown"
"5020567",378626,2026-04-19 13:24:54,28.8585777282715,-17.8079700469971,"Unknown"
"5020567",378626,2026-04-19 13:25:52,28.8585453033447,-17.8078365325928,"Unknown"
"5020567",378626,2026-04-19 13:26:52,28.8585224151611,-17.8076496124268,"Unknown"
"5020567",378626,2026-04-19 13:27:53,28.8585395812988,-17.8074493408203,"Unknown"
"5020567",378626,2026-04-19 13:28:53,28.8585739135742,-17.807258605957,"Unknown"
"5020567",378626,2026-04-19 13:29:54,28.8586196899414,-17.8070697784424,"Unknown"
"5020567",378626,2026-04-19 13:30:52,28.8586196899414,-17.8068466186523,"Unknown"
"5020567",378626,2026-04-19 13:31:52,28.858642578125,-17.8065776824951,"Unknown"
"5020567",378626,2026-04-19 13:32:52,28.8586730957031,-17.8063316345215,"Unknown"
"5020567",378626,2026-04-19 13:33:54,28.8586864471436,-17.8060703277588,"Unknown"
"5020567",378626,2026-04-19 13:34:53,28.8586730957031,-17.8058204650879,"Unknown"
"5020567",378626,2026-04-19 13:35:52,28.8586521148682,-17.8055610656738,"Unknown"
"5020567",378626,2026-04-19 13:36:52,28.8586730957031,-17.805290222168,"Unknown"
"5020567",378626,2026-04-19 13:37:52,28.8586559295654,-17.8050098419189,"Unknown"
"5020567",378626,2026-04-19 13:38:52,28.8586502075195,-17.8047332763672,"Unknown"
"5020567",378626,2026-04-19 13:39:52,28.8586463928223,-17.8044414520264,"Unknown"
"5020567",378626,2026-04-19 13:40:53,28.8586273193359,-17.8041534423828,"Unknown"
"5020567",378626,2026-04-19 13:41:52,28.8585739135742,-17.8038806915283,"Unknown"
"5020567",378626,2026-04-19 13:42:51,28.8585720062256,-17.8036346435547,"Unknown"
"5020567",378626,2026-04-19 13:43:55,28.8585338592529,-17.8033351898193,"Unknown"
"5020567",378626,2026-04-19 13:44:53,28.8584938049316,-17.8030490875244,"Unknown"
"5020567",378626,2026-04-19 13:45:53,28.8584632873535,-17.802755355835,"Unknown"
"5020567",378626,2026-04-19 13:46:52,28.8584842681885,-17.80251121521,"Unknown"
"5020567",378626,2026-04-19 13:47:51,28.8584594726562,-17.8022689819336,"Unknown"
"5020567",378626,2026-04-19 13:48:53,28.8584403991699,-17.8019905090332,"Unknown"
"5020567",378626,2026-04-19 13:49:53,28.8584403991699,-17.8017482757568,"Unknown"
"5020567",378626,2026-04-19 13:50:51,28.8584251403809,-17.8015575408936,"Unknown"
"5020567",378626,2026-04-19 13:51:52,28.8584041595459,-17.8013591766357,"Unknown"
"5020567",378626,2026-04-19 13:52:53,28.8584060668945,-17.8011512756348,"Unknown"
"5020567",378626,2026-04-19 13:53:52,28.8583889007568,-17.8009357452393,"Unknown"
"5020567",378626,2026-04-19 13:54:53,28.8583545684814,-17.8006610870361,"Unknown"
"5020567",378626,2026-04-19 13:55:51,28.8583278656006,-17.800422668457,"Unknown"
"5020567",378626,2026-04-19 13:56:52,28.8582592010498,-17.8001918792725,"Unknown"
"5020567",378626,2026-04-19 13:57:54,28.858247756958,-17.7999496459961,"Unknown"
"5020567",378626,2026-04-19 13:58:53,28.8581886291504,-17.7997188568115,"Unknown"
"5020567",378626,2026-04-19 13:59:52,28.8581352233887,-17.7995262145996,"Unknown"
"5020567",378626,2026-04-19 14:00:55,28.8580417633057,-17.7993354797363,"Unknown"
"5020567",378626,2026-04-19 14:01:53,28.857967376709,-17.7991409301758,"Unknown"
"5020567",378626,2026-04-19 14:02:55,28.8581943511963,-17.7999572753906,"Unknown"
"5020567",378626,2026-04-19 14:03:53,28.8584747314453,-17.8029556274414,"Unknown"
"5020567",378626,2026-04-19 14:04:54,28.8588447570801,-17.8023490905762,"Unknown"
"5020567",378626,2026-04-19 14:05:55,28.8573684692383,-17.8028240203857,"Unknown"
"5020567",378626,2026-04-19 14:06:55,28.8572959899902,-17.8025684356689,"Unknown"
"5020567",378626,2026-04-19 14:07:54,28.8572883605957,-17.802360534668,"Unknown"
"5020567",378626,2026-04-19 14:08:56,28.857400894165,-17.8022079467773,"Unknown"
"5020567",378626,2026-04-19 14:09:55,28.8586750030518,-17.8025703430176,"Unknown"
"5020567",378626,2026-04-19 14:10:53,28.8592109680176,-17.8024024963379,"Unknown"
"5020567",378626,2026-04-19 14:11:54,28.8591156005859,-17.8022441864014,"Unknown"
"5020567",378626,2026-04-19 14:12:54,28.8590602874756,-17.8021106719971,"Unknown"
"5020567",378626,2026-04-19 14:13:53,28.8590106964111,-17.8019618988037,"Unknown"
"5020567",378626,2026-04-19 14:14:55,28.8595142364502,-17.8020305633545,"Unknown"
"5020567",378626,2026-04-19 14:15:55,28.8589420318604,-17.8012390136719,"Unknown"
"5020567",378626,2026-04-19 14:16:56,28.8587245941162,-17.8009777069092,"Unknown"
"5020567",378626,2026-04-19 14:17:54,28.8574447631836,-17.7997779846191,"Unknown"
"5020567",378626,2026-04-19 14:18:53,28.8570518493652,-17.7999515533447,"Unknown"
"5020567",378626,2026-04-19 14:19:54,28.859188079834,-17.8031997680664,"Unknown"
"5020567",378626,2026-04-19 14:20:55,28.8608436584473,-17.8069553375244,"Unknown"
"5020567",378626,2026-04-19 14:21:55,28.8614025115967,-17.8085765838623,"Unknown"
"5020567",378626,2026-04-19 14:22:55,28.8613586425781,-17.8083896636963,"Unknown"
"5020567",378626,2026-04-19 14:23:54,28.8613662719727,-17.8082237243652,"Unknown"
"5020567",378626,2026-04-19 14:24:55,28.8613739013672,-17.8080101013184,"Unknown"
"5020567",378626,2026-04-19 14:25:56,28.8613548278809,-17.807804107666,"Unknown"
"5020567",378626,2026-04-19 14:26:55,28.8612880706787,-17.8075790405273,"Unknown"
"5020567",378626,2026-04-19 14:27:53,28.8611259460449,-17.8085861206055,"Unknown"
"5020567",378626,2026-04-19 14:28:56,28.8635330200195,-17.8086280822754,"Unknown"
"5020567",378626,2026-04-19 14:29:56,28.8634510040283,-17.8084487915039,"Unknown"
"5020567",378626,2026-04-19 14:34:56,28.8631019592285,-17.8075828552246,"Unknown"
"5020567",378626,2026-04-19 14:39:57,28.8628768920898,-17.8067111968994,"Unknown"
"5020567",378626,2026-04-19 14:44:52,28.8617000579834,-17.8063335418701,"Unknown"
"5020567",378626,2026-04-19 14:49:55,28.8601131439209,-17.803560256958,"Unknown"
"5020567",378626,2026-04-19 14:50:57,28.8593673706055,-17.8033752441406,"Unknown"
"5020567",378626,2026-04-19 14:51:55,28.8584213256836,-17.8021049499512,"Unknown"
"5020567",378626,2026-04-19 14:52:56,28.8580417633057,-17.8018417358398,"Unknown"
"5020567",378626,2026-04-19 14:53:56,28.8580417633057,-17.8015785217285,"Unknown"
"5020567",378626,2026-04-19 14:54:59,28.8580551147461,-17.8012790679932,"Unknown"
"5020567",378626,2026-04-19 14:55:57,28.8581008911133,-17.8010158538818,"Unknown"
"5020567",378626,2026-04-19 14:56:58,28.8580741882324,-17.8007354736328,"Unknown"
"5020567",378626,2026-04-19 14:57:56,28.8580341339111,-17.8004741668701,"Unknown"
"5020567",378626,2026-04-19 14:58:56,28.8579750061035,-17.8001480102539,"Unknown"
"5020567",378626,2026-04-19 14:59:56,28.8579006195068,-17.7998447418213,"Unknown"
"5020567",378626,2026-04-19 15:01:16,28.8578147888184,-17.7994804382324,"Unknown"
"5020567",378626,2026-04-19 15:01:52,28.8577842712402,-17.7993011474609,"Unknown"
"5020567",378626,2026-04-19 15:02:52,28.8577270507812,-17.7990245819092,"Unknown"
"5020567",378626,2026-04-19 15:03:56,28.8576850891113,-17.7987289428711,"Unknown"
"5020567",378626,2026-04-19 15:04:52,28.8576202392578,-17.7984771728516,"Unknown"
"5020567",378626,2026-04-19 15:05:52,28.8575820922852,-17.7982234954834,"Unknown"
"5020567",378626,2026-04-19 15:06:52,28.8575210571289,-17.7979412078857,"Unknown"
"5020567",378626,2026-04-19 15:07:54,28.8574542999268,-17.7976703643799,"Unknown"
"5020567",378626,2026-04-19 15:08:52,28.8574104309082,-17.7974472045898,"Unknown"
"5020567",378626,2026-04-19 15:09:52,28.8573265075684,-17.7972049713135,"Unknown"
"5020567",378626,2026-04-19 15:10:52,28.8572731018066,-17.7969608306885,"Unknown"
"5020567",378626,2026-04-19 15:11:52,28.8572235107422,-17.7967071533203,"Unknown"
"5020567",378626,2026-04-19 15:12:53,28.8571166992188,-17.7964649200439,"Unknown"
"5020567",378626,2026-04-19 15:13:53,28.8570747375488,-17.7962608337402,"Unknown"
"5020567",378626,2026-04-19 15:14:53,28.8570346832275,-17.7960567474365,"Unknown"
"5020567",378626,2026-04-19 15:15:53,28.8570079803467,-17.7958736419678,"Unknown"
"5020567",378626,2026-04-19 15:16:53,28.8569526672363,-17.7956809997559,"Unknown"
"5020567",378626,2026-04-19 15:17:53,28.8569488525391,-17.7955131530762,"Unknown"
"5020567",378626,2026-04-19 15:18:53,28.8568840026855,-17.7953014373779,"Unknown"
"5020567",378626,2026-04-19 15:19:53,28.856840133667,-17.7950954437256,"Unknown"
"5020567",378626,2026-04-19 15:20:53,28.8568153381348,-17.7948799133301,"Unknown"
"5020567",378626,2026-04-19 15:21:54,28.8567810058594,-17.7946910858154,"Unknown"
"5020567",378626,2026-04-19 15:22:53,28.8567657470703,-17.7944564819336,"Unknown"
"5020567",378626,2026-04-19 15:23:53,28.8567333221436,-17.7942790985107,"Unknown"
"5020567",378626,2026-04-19 15:24:53,28.8566741943359,-17.7940464019775,"Unknown"
"5020567",378626,2026-04-19 15:25:54,28.85666847229,-17.7938461303711,"Unknown"
"5020567",378626,2026-04-19 15:26:53,28.856632232666,-17.7936477661133,"Unknown"
"5020567",378626,2026-04-19 15:28:00,28.856616973877,-17.7934417724609,"Unknown"
"5020567",378626,2026-04-19 15:28:53,28.857946395874,-17.7938785552979,"Unknown"
"5020567",378626,2026-04-19 15:29:53,28.861141204834,-17.7942352294922,"Unknown"
"5020567",378626,2026-04-19 15:30:56,28.8623142242432,-17.7961235046387,"Unknown"
"5020567",378626,2026-04-19 15:32:00,28.8632164001465,-17.7961025238037,"Unknown"
"5020567",378626,2026-04-19 15:36:53,28.8629779815674,-17.7954921722412,"Unknown"
"5020567",378626,2026-04-19 15:41:56,28.8628311157227,-17.7951126098633,"Unknown"
"5020567",378626,2026-04-19 15:46:55,28.8627662658691,-17.7945671081543,"Unknown"
"5020567",378626,2026-04-19 15:52:00,28.8730411529541,-17.7904758453369,"Unknown"
"5020567",378626,2026-04-19 15:56:55,28.8740367889404,-17.7873153686523,"Unknown"
"5020567",378626,2026-04-19 16:01:55,28.8720664978027,-17.7880821228027,"Unknown"
"5020567",378626,2026-04-19 16:06:56,28.8728294372559,-17.7900123596191,"Unknown"
"5020567",378626,2026-04-19 16:11:57,28.8726177215576,-17.7893199920654,"Unknown"
"5020567",378626,2026-04-19 16:17:27,28.8724002838135,-17.7885932922363,"Unknown"
"5020567",378626,2026-04-19 16:21:54,28.8584461212158,-17.7819557189941,"Unknown"
"5020567",378626,2026-04-19 16:26:54,28.8627281188965,-17.778205871582,"Unknown"
"5020567",378626,2026-04-19 16:27:54,28.8605575561523,-17.7821865081787,"Unknown"
"5020567",378626,2026-04-19 16:33:10,28.8561840057373,-17.7852306365967,"Unknown"
"5020567",378626,2026-04-19 16:33:54,28.8558750152588,-17.7854328155518,"Unknown"
"5020567",378626,2026-04-19 16:34:55,28.8557624816895,-17.7853984832764,"Unknown"
"5020567",378626,2026-04-19 16:35:55,28.8556442260742,-17.7852668762207,"Unknown"
"5020567",378626,2026-04-19 16:36:54,28.855619430542,-17.7852535247803,"Unknown"
"5020567",378626,2026-04-19 16:37:55,28.855541229248,-17.7851123809814,"Unknown"
"5020567",378626,2026-04-19 16:38:54,28.8554840087891,-17.7849197387695,"Unknown"
"5020567",378626,2026-04-19 16:39:54,28.8554229736328,-17.7847080230713,"Unknown"
"5020567",378626,2026-04-19 16:40:54,28.8553657531738,-17.7844276428223,"Unknown"
"5020567",378626,2026-04-19 16:41:55,28.8552742004395,-17.7841548919678,"Unknown"
"5020567",378626,2026-04-19 16:42:54,28.8551807403564,-17.7839031219482,"Unknown"
"5020567",378626,2026-04-19 16:43:55,28.8551063537598,-17.7837181091309,"Unknown"
"5020567",378626,2026-04-19 16:44:54,28.8550224304199,-17.7835636138916,"Unknown"
"5020567",378626,2026-04-19 16:45:54,28.8549022674561,-17.7834644317627,"Unknown"
"5020567",378626,2026-04-19 16:46:54,28.8548278808594,-17.783317565918,"Unknown"
"5020567",378626,2026-04-19 16:47:54,28.8547878265381,-17.7831115722656,"Unknown"
"5020567",378626,2026-04-19 16:48:54,28.8547134399414,-17.7829093933105,"Unknown"
"5020567",378626,2026-04-19 16:49:55,28.8546409606934,-17.7827091217041,"Unknown"
"5020567",378626,2026-04-19 16:50:54,28.8545169830322,-17.7825222015381,"Unknown"
"5020567",378626,2026-04-19 16:51:54,28.854377746582,-17.7823448181152,"Unknown"
"5020567",378626,2026-04-19 16:52:54,28.8542442321777,-17.7821445465088,"Unknown"
"5020567",378626,2026-04-19 16:53:54,28.854154586792,-17.7819709777832,"Unknown"
"5020567",378626,2026-04-19 16:54:55,28.8540840148926,-17.7817783355713,"Unknown"
"5020567",378626,2026-04-19 16:55:55,28.8539695739746,-17.7815837860107,"Unknown"
"5020567",378626,2026-04-19 16:56:54,28.8538761138916,-17.7814044952393,"Unknown"
"5020567",378626,2026-04-19 16:57:55,28.8537750244141,-17.781286239624,"Unknown"
"5020567",378626,2026-04-19 16:58:54,28.8537139892578,-17.7810916900635,"Unknown"
"5020567",378626,2026-04-19 16:59:54,28.8536777496338,-17.7809352874756,"Unknown"
"5020567",378626,2026-04-19 17:00:54,28.8536548614502,-17.7808094024658,"Unknown"
"5020567",378626,2026-04-19 17:01:54,28.853588104248,-17.7806739807129,"Unknown"
"5020567",378626,2026-04-19 17:02:54,28.8535289764404,-17.78049659729,"Unknown"
"5020567",378626,2026-04-19 17:03:54,28.853458404541,-17.7803649902344,"Unknown"
"5020567",378626,2026-04-19 17:04:54,28.853385925293,-17.7802066802979,"Unknown"
"5020567",378626,2026-04-19 17:05:53,28.8533477783203,-17.7800884246826,"Unknown"
"5020567",378626,2026-04-19 17:06:54,28.8533000946045,-17.7799396514893,"Unknown"
"5020567",378626,2026-04-19 17:07:54,28.8532466888428,-17.7797737121582,"Unknown"
"5020567",378626,2026-04-19 17:08:54,28.8531856536865,-17.7796363830566,"Unknown"
"5020567",378626,2026-04-19 17:09:54,28.8531227111816,-17.7794208526611,"Unknown"
"5020567",378626,2026-04-19 17:10:54,28.8530540466309,-17.7792625427246,"Unknown"
"5020567",378626,2026-04-19 17:11:54,28.8529453277588,-17.7790699005127,"Unknown"
"5020567",378626,2026-04-19 17:12:54,28.8528213500977,-17.7789287567139,"Unknown"
"5020567",378626,2026-04-19 17:13:54,28.8527202606201,-17.778751373291,"Unknown"
"5020567",378626,2026-04-19 17:14:54,28.851713180542,-17.7774181365967,"Unknown"
"5020567",378626,2026-04-19 17:15:54,28.8457260131836,-17.7743339538574,"Unknown"
"5020567",378626,2026-04-19 17:16:54,28.8477630615234,-17.7682495117188,"Unknown"
"5020567",378626,2026-04-19 17:17:54,28.843469619751,-17.7663707733154,"Unknown"
"5020567",378626,2026-04-19 17:18:54,28.8394088745117,-17.767599105835,"Unknown"
"5020567",378626,2026-04-19 17:19:53,28.8372058868408,-17.7602081298828,"Unknown"
"5020567",378626,2026-04-19 17:20:54,28.8301753997803,-17.7570190429688,"Unknown"
"5020567",378626,2026-04-19 17:21:54,28.8305130004883,-17.7560653686523,"Unknown"
"5020567",378626,2026-04-19 17:22:54,28.8303470611572,-17.7559471130371,"Unknown"
"5020567",378626,2026-04-19 17:23:54,28.8301486968994,-17.7558326721191,"Unknown"
"5020567",378626,2026-04-19 17:24:54,28.8299713134766,-17.7557125091553,"Unknown"
"5020567",378626,2026-04-19 17:25:54,28.8298377990723,-17.7555313110352,"Unknown"
"5020567",378626,2026-04-19 17:26:54,28.8296890258789,-17.7553787231445,"Unknown"
"5020567",378626,2026-04-19 17:27:54,28.829553604126,-17.7552509307861,"Unknown"
"5020567",378626,2026-04-19 17:28:54,28.82936668396,-17.755090713501,"Unknown"
"5020567",378626,2026-04-19 17:29:55,28.8292331695557,-17.7549095153809,"Unknown"
"5020567",378626,2026-04-19 17:30:55,28.8290863037109,-17.7547168731689,"Unknown"
"5020567",378626,2026-04-19 17:31:56,28.8289604187012,-17.7545719146729,"Unknown"
"5020567",378626,2026-04-19 17:32:55,28.8288135528564,-17.7544250488281,"Unknown"
"5020567",378626,2026-04-19 17:33:56,28.8287181854248,-17.7542610168457,"Unknown"
"5020567",378626,2026-04-19 17:34:55,28.8286285400391,-17.7541084289551,"Unknown"
"5020567",378626,2026-04-19 17:35:57,28.8285140991211,-17.753942489624,"Unknown"
"5020567",378626,2026-04-19 17:36:56,28.8282928466797,-17.7538108825684,"Unknown"
"5020567",378626,2026-04-19 17:37:57,28.8280830383301,-17.7536315917969,"Unknown"
"5020567",378626,2026-04-19 17:38:55,28.8279190063477,-17.753490447998,"Unknown"
"5020567",378626,2026-04-19 17:39:55,28.8277416229248,-17.7533931732178,"Unknown"
"5020567",378626,2026-04-19 17:40:55,28.8275775909424,-17.7532253265381,"Unknown"
"5020567",378626,2026-04-19 17:41:55,28.8273906707764,-17.753116607666,"Unknown"
"5020567",378626,2026-04-19 17:42:54,28.8272113800049,-17.7529258728027,"Unknown"
"5020567",378626,2026-04-19 17:43:57,28.8270301818848,-17.7527885437012,"Unknown"
"5020567",378626,2026-04-19 17:45:17,28.8268718719482,-17.7525310516357,"Unknown"
"5020567",378626,2026-04-19 17:45:55,28.8268222808838,-17.7524185180664,"Unknown"
"5020567",378626,2026-04-19 17:46:54,28.8266830444336,-17.7522563934326,"Unknown"
"5020567",378626,2026-04-19 17:47:54,28.8265819549561,-17.7520771026611,"Unknown"
"5020567",378626,2026-04-19 17:48:54,28.8264541625977,-17.7519397735596,"Unknown"
"5020567",378626,2026-04-19 17:49:54,28.826286315918,-17.7517776489258,"Unknown"
"5020567",378626,2026-04-19 17:50:54,28.826114654541,-17.7516231536865,"Unknown"
"5020567",378626,2026-04-19 17:51:54,28.8259449005127,-17.7514915466309,"Unknown"
"5020567",378626,2026-04-19 17:52:55,28.8258056640625,-17.751371383667,"Unknown"
"5020567",378626,2026-04-19 17:53:54,28.8256607055664,-17.7512245178223,"Unknown"
"5020567",378626,2026-04-19 17:54:55,28.8255405426025,-17.7511215209961,"Unknown"
"5020567",378626,2026-04-19 17:55:54,28.82541847229,-17.7510223388672,"Unknown"
"5020567",378626,2026-04-19 17:56:55,28.8252487182617,-17.7508697509766,"Unknown"
"5020567",378626,2026-04-19 17:57:54,28.8251419067383,-17.7507629394531,"Unknown"
"5020567",378626,2026-04-19 17:58:55,28.8250198364258,-17.7506694793701,"Unknown"
"5020567",378626,2026-04-19 17:59:57,28.8248462677002,-17.7505931854248,"Unknown"
"5020567",378626,2026-04-19 18:00:55,28.8246803283691,-17.7504558563232,"Unknown"
"5020567",378626,2026-04-19 18:01:55,28.8245487213135,-17.7503662109375,"Unknown"
"5020567",378626,2026-04-19 18:02:55,28.8243713378906,-17.7502155303955,"Unknown"
"5020567",378626,2026-04-19 18:03:55,28.8241844177246,-17.7500972747803,"Unknown"
"5020567",378626,2026-04-19 18:04:55,28.8240165710449,-17.7499847412109,"Unknown"
"5020567",378626,2026-04-19 18:05:55,28.8238620758057,-17.7498531341553,"Unknown"
"5020567",378626,2026-04-19 18:06:55,28.8237133026123,-17.749719619751,"Unknown"
"5020567",378626,2026-04-19 18:07:55,28.8236141204834,-17.7495803833008,"Unknown"
"5020567",378626,2026-04-19 18:08:55,28.8234767913818,-17.7494297027588,"Unknown"
"5020567",378626,2026-04-19 18:09:55,28.8233871459961,-17.7493419647217,"Unknown"
"5020567",378626,2026-04-19 18:10:55,28.8232269287109,-17.7491779327393,"Unknown"
"5020567",378626,2026-04-19 18:11:55,28.8231201171875,-17.7490634918213,"Unknown"
"5020567",378626,2026-04-19 18:12:55,28.8229942321777,-17.748929977417,"Unknown"
"5020567",378626,2026-04-19 18:13:55,28.822811126709,-17.7488250732422,"Unknown"
"5020567",378626,2026-04-19 18:14:55,28.8226699829102,-17.7487182617188,"Unknown"
"5020567",378626,2026-04-19 18:15:55,28.8225746154785,-17.7486553192139,"Unknown"
"5020567",378626,2026-04-19 18:16:55,28.8224143981934,-17.7485485076904,"Unknown"
"5020567",378626,2026-04-19 18:17:55,28.8222999572754,-17.7484397888184,"Unknown"
"5020567",378626,2026-04-19 18:18:55,28.8221607208252,-17.748348236084,"Unknown"
"5020567",378626,2026-04-19 18:19:55,28.8220386505127,-17.7482814788818,"Unknown"
"5020567",378626,2026-04-19 18:20:55,28.8219051361084,-17.7481365203857,"Unknown"
"5020567",378626,2026-04-19 18:21:55,28.8217830657959,-17.7480144500732,"Unknown"
"5020567",378626,2026-04-19 18:22:55,28.8217010498047,-17.7479572296143,"Unknown"
"5020567",378626,2026-04-19 18:23:55,28.8216114044189,-17.7478218078613,"Unknown"
"5020567",378626,2026-04-19 18:24:55,28.8215389251709,-17.7476825714111,"Unknown"
"5020567",378626,2026-04-19 18:25:55,28.8214645385742,-17.7475624084473,"Unknown"
"5020567",378626,2026-04-19 18:26:56,28.8213596343994,-17.7473793029785,"Unknown"
"5020567",378626,2026-04-19 18:27:55,28.8212623596191,-17.7472381591797,"Unknown"
"5020567",378626,2026-04-19 18:28:55,28.8211364746094,-17.7470626831055,"Unknown"
"5020567",378626,2026-04-19 18:29:55,28.8209457397461,-17.7469711303711,"Unknown"
"5020567",378626,2026-04-19 18:30:55,28.8207225799561,-17.7468547821045,"Unknown"
"5020567",378626,2026-04-19 18:31:55,28.8205032348633,-17.7467918395996,"Unknown"
"5020567",378626,2026-04-19 18:32:56,28.8203468322754,-17.7466735839844,"Unknown"
"5020567",378626,2026-04-19 18:33:55,28.8201789855957,-17.7465896606445,"Unknown"
"5020567",378626,2026-04-19 18:34:55,28.8199787139893,-17.7464714050293,"Unknown"
"5020567",378626,2026-04-19 18:35:56,28.8198375701904,-17.7463874816895,"Unknown"
"5020567",378626,2026-04-19 18:36:55,28.8197059631348,-17.7462921142578,"Unknown"
"5020567",378626,2026-04-19 18:37:55,28.819522857666,-17.7461891174316,"Unknown"
"5020567",378626,2026-04-19 18:38:55,28.8193511962891,-17.746072769165,"Unknown"
"5020567",378626,2026-04-19 18:39:55,28.8191967010498,-17.7459659576416,"Unknown"
"5020567",378626,2026-04-19 18:40:56,28.8190212249756,-17.7459278106689,"Unknown"
"5020567",378626,2026-04-19 18:41:55,28.8188457489014,-17.7458553314209,"Unknown"
"5020567",378626,2026-04-19 18:42:55,28.8186855316162,-17.7457809448242,"Unknown"
"5020567",378626,2026-04-19 18:43:55,28.8185482025146,-17.7456607818604,"Unknown"
"5020567",378626,2026-04-19 18:44:56,28.8183670043945,-17.7455234527588,"Unknown"
"5020567",378626,2026-04-19 18:45:55,28.8182010650635,-17.7453994750977,"Unknown"
"5020567",378626,2026-04-19 18:46:55,28.81591796875,-17.7475471496582,"Unknown"
"5020567",378626,2026-04-19 18:47:55,28.8107147216797,-17.7475490570068,"Unknown"
"5020567",378626,2026-04-19 18:48:55,28.8055458068848,-17.7488441467285,"Unknown"
"5020567",378626,2026-04-19 18:49:56,28.8002490997314,-17.7495994567871,"Unknown"
"5020567",378626,2026-04-19 18:50:55,28.7953071594238,-17.748706817627,"Unknown"
"5020567",378626,2026-04-19 18:51:55,28.7900543212891,-17.7475318908691,"Unknown"
"5020567",378626,2026-04-19 18:52:55,28.7880401611328,-17.7481098175049,"Unknown"
"5020567",378626,2026-04-19 18:53:55,28.7879981994629,-17.7480602264404,"Unknown"
"5020567",378626,2026-04-19 18:54:56,28.7879085540771,-17.7479705810547,"Unknown"
"5020567",378626,2026-04-19 18:55:55,28.7878684997559,-17.7478904724121,"Unknown"
"5020567",378626,2026-04-19 18:56:56,28.7878227233887,-17.7477588653564,"Unknown"
"5020567",378626,2026-04-19 18:57:55,28.787748336792,-17.7476863861084,"Unknown"
"5020567",378626,2026-04-19 18:58:55,28.7876873016357,-17.7475776672363,"Unknown"
"5020567",378626,2026-04-19 18:59:56,28.7876071929932,-17.747486114502,"Unknown"
"5020567",378626,2026-04-19 19:00:55,28.7875213623047,-17.7473678588867,"Unknown"
"5020567",378626,2026-04-19 19:01:55,28.787467956543,-17.7473297119141,"Unknown"
"5020567",378626,2026-04-19 19:02:55,28.7873992919922,-17.7473068237305,"Unknown"
"5020567",378626,2026-04-19 19:03:56,28.7873363494873,-17.7472763061523,"Unknown"
"5020567",378626,2026-04-19 19:04:56,28.7872734069824,-17.7472381591797,"Unknown"
"5020567",378626,2026-04-19 19:05:55,28.7872161865234,-17.7472171783447,"Unknown"
"5020567",378626,2026-04-19 19:06:55,28.787145614624,-17.7471809387207,"Unknown"
"5020567",378626,2026-04-19 19:07:55,28.7870712280273,-17.7471218109131,"Unknown"
"5020567",378626,2026-04-19 19:08:56,28.786994934082,-17.7470588684082,"Unknown"
"5020567",378626,2026-04-19 19:09:56,28.7869338989258,-17.7470035552979,"Unknown"
"5020567",378626,2026-04-19 19:10:55,28.7868633270264,-17.7469902038574,"Unknown"
"5020567",378626,2026-04-19 19:11:56,28.7867660522461,-17.7469215393066,"Unknown"
"5020567",378626,2026-04-19 19:12:55,28.7867012023926,-17.7469062805176,"Unknown"
"5020567",378626,2026-04-19 19:13:56,28.7866230010986,-17.7468566894531,"Unknown"
"5020567",378626,2026-04-19 19:14:57,28.7865562438965,-17.7467937469482,"Unknown"
"5020567",378626,2026-04-19 19:15:56,28.7864799499512,-17.7467231750488,"Unknown"
"5020567",378626,2026-04-19 19:16:55,28.7863788604736,-17.7466716766357,"Unknown"
"5020567",378626,2026-04-19 19:17:55,28.7862854003906,-17.74658203125,"Unknown"
"5020567",378626,2026-04-19 19:18:55,28.7862224578857,-17.7465209960938,"Unknown"
"5020567",378626,2026-04-19 19:19:56,28.7861423492432,-17.7464694976807,"Unknown"
"5020567",378626,2026-04-19 19:20:55,28.7860622406006,-17.7463989257812,"Unknown"
"5020567",378626,2026-04-19 19:21:55,28.785982131958,-17.7463359832764,"Unknown"
"5020567",378626,2026-04-19 19:22:56,28.7858772277832,-17.746208190918,"Unknown"
"5020567",378626,2026-04-19 19:23:55,28.7858009338379,-17.7461185455322,"Unknown"
"5020567",378626,2026-04-19 19:24:56,28.7857360839844,-17.7459945678711,"Unknown"
"5020567",378626,2026-04-19 19:25:56,28.7856693267822,-17.7459506988525,"Unknown"
"5020567",378626,2026-04-19 19:26:55,28.7855682373047,-17.7459106445312,"Unknown"
"5020567",378626,2026-04-19 19:27:55,28.7854881286621,-17.7458343505859,"Unknown"
"5020567",378626,2026-04-19 19:28:56,28.7854042053223,-17.7457962036133,"Unknown"
"5020567",378626,2026-04-19 19:29:56,28.7853298187256,-17.7457542419434,"Unknown"
"5020567",378626,2026-04-19 19:30:55,28.7852382659912,-17.7456741333008,"Unknown"
"5020567",378626,2026-04-19 19:31:56,28.7851428985596,-17.7456359863281,"Unknown"
"5020567",378626,2026-04-19 19:32:57,28.785005569458,-17.7455615997314,"Unknown"
"5020567",378626,2026-04-19 19:33:56,28.7849006652832,-17.7454967498779,"Unknown"
"5020567",378626,2026-04-19 19:35:02,28.7847671508789,-17.7454872131348,"Unknown"
"5020567",378626,2026-04-19 19:35:56,28.7846546173096,-17.7454509735107,"Unknown"
"5020567",378626,2026-04-19 19:36:55,28.7845249176025,-17.7454719543457,"Unknown"
"5020567",378626,2026-04-19 19:37:55,28.7843685150146,-17.745454788208,"Unknown"
"5020567",378626,2026-04-19 19:38:57,28.7842350006104,-17.7454090118408,"Unknown"
"5020567",378626,2026-04-19 19:39:55,28.784086227417,-17.7453784942627,"Unknown"
"5020567",378626,2026-04-19 19:40:55,28.7839412689209,-17.7454071044922,"Unknown"
"5020567",378626,2026-04-19 19:41:57,28.7837677001953,-17.7453708648682,"Unknown"
"5020567",378626,2026-04-19 19:42:56,28.7836418151855,-17.7453765869141,"Unknown"
"5020567",378626,2026-04-19 19:43:57,28.7834568023682,-17.7453575134277,"Unknown"
"5020567",378626,2026-04-19 19:44:55,28.7833156585693,-17.7453002929688,"Unknown"
"5020567",378626,2026-04-19 19:45:55,28.7831764221191,-17.7452239990234,"Unknown"
"5020567",378626,2026-04-19 19:46:56,28.7830200195312,-17.7451839447021,"Unknown"
"5020567",378626,2026-04-19 19:47:55,28.7828960418701,-17.7451438903809,"Unknown"
"5020567",378626,2026-04-19 19:48:58,28.7827663421631,-17.7450656890869,"Unknown"
"5020567",378626,2026-04-19 19:49:57,28.7827243804932,-17.7449645996094,"Unknown"
"5020567",378626,2026-04-19 19:50:56,28.7826480865479,-17.7448692321777,"Unknown"
"5020567",378626,2026-04-19 19:51:58,28.7825260162354,-17.7447357177734,"Unknown"
"5020567",378626,2026-04-19 19:52:56,28.7824192047119,-17.7446384429932,"Unknown"
"5020567",378626,2026-04-19 19:53:55,28.7823009490967,-17.7445373535156,"Unknown"
"5020567",378626,2026-04-19 19:54:55,28.7822151184082,-17.7444820404053,"Unknown"
"5020567",378626,2026-04-19 19:55:55,28.7821235656738,-17.7443828582764,"Unknown"
"5020567",378626,2026-04-19 19:56:57,28.7820625305176,-17.7441787719727,"Unknown"
"5020567",378626,2026-04-19 19:57:59,28.78196144104,-17.7440071105957,"Unknown"
"5020567",378626,2026-04-19 19:58:55,28.7819004058838,-17.7439460754395,"Unknown"
"5020567",378626,2026-04-19 20:00:25,28.7817573547363,-17.7437362670898,"Unknown"
"5020567",378626,2026-04-19 20:00:56,28.7817077636719,-17.743688583374,"Unknown"
"5020567",378626,2026-04-19 20:01:55,28.7816066741943,-17.7436218261719,"Unknown"
"5020567",378626,2026-04-19 20:02:55,28.7815113067627,-17.743558883667,"Unknown"
"5020567",378626,2026-04-19 20:03:55,28.7814273834229,-17.7434673309326,"Unknown"
"5020567",378626,2026-04-19 20:04:55,28.7813453674316,-17.7433910369873,"Unknown"
"5020567",378626,2026-04-19 20:05:55,28.7812614440918,-17.7433032989502,"Unknown"
"5020567",378626,2026-04-19 20:06:55,28.7812023162842,-17.7432289123535,"Unknown"
"5020567",378626,2026-04-19 20:07:56,28.7811088562012,-17.7431468963623,"Unknown"
"5020567",378626,2026-04-19 20:08:55,28.7810230255127,-17.7430839538574,"Unknown"
"5020567",378626,2026-04-19 20:09:55,28.780948638916,-17.7430610656738,"Unknown"
"5020567",378626,2026-04-19 20:10:55,28.7808494567871,-17.7430286407471,"Unknown"
"5020567",378626,2026-04-19 20:11:55,28.7807750701904,-17.7429828643799,"Unknown"
"5020567",378626,2026-04-19 20:12:55,28.7806854248047,-17.7429027557373,"Unknown"
"5020567",378626,2026-04-19 20:13:55,28.7806091308594,-17.7428417205811,"Unknown"
"5020567",378626,2026-04-19 20:14:55,28.7805309295654,-17.7427749633789,"Unknown"
"5020567",378626,2026-04-19 20:15:55,28.7804527282715,-17.7426624298096,"Unknown"
"5020567",378626,2026-04-19 20:16:55,28.7803783416748,-17.7425918579102,"Unknown"
"5020567",378626,2026-04-19 20:17:56,28.7802448272705,-17.7425537109375,"Unknown"
"5020567",378626,2026-04-19 20:18:55,28.7801933288574,-17.7425079345703,"Unknown"
"5020567",378626,2026-04-19 20:19:56,28.7801170349121,-17.7424240112305,"Unknown"
"5020567",378626,2026-04-19 20:20:55,28.7800121307373,-17.7423362731934,"Unknown"
"5020567",378626,2026-04-19 20:21:55,28.7798862457275,-17.7422561645508,"Unknown"
"5020567",378626,2026-04-19 20:22:55,28.7798290252686,-17.7421283721924,"Unknown"
"5020567",378626,2026-04-19 20:23:55,28.7797546386719,-17.7420825958252,"Unknown"
"5020567",378626,2026-04-19 20:24:55,28.7797412872314,-17.7419395446777,"Unknown"
"5020567",378626,2026-04-19 20:25:55,28.7797164916992,-17.7418632507324,"Unknown"
"5020567",378626,2026-04-19 20:26:55,28.779634475708,-17.7417659759521,"Unknown"
"5020567",378626,2026-04-19 20:27:56,28.779577255249,-17.7416591644287,"Unknown"
"5020567",378626,2026-04-19 20:28:55,28.7795104980469,-17.741605758667,"Unknown"
"5020567",378626,2026-04-19 20:29:55,28.779483795166,-17.7415294647217,"Unknown"
"5020567",378626,2026-04-19 20:30:55,28.7794589996338,-17.7415637969971,"Unknown"
"5020567",378626,2026-04-19 20:31:55,28.7793788909912,-17.7415161132812,"Unknown"
"5020567",378626,2026-04-19 20:32:55,28.7793197631836,-17.7414207458496,"Unknown"
"5020567",378626,2026-04-19 20:33:55,28.7792835235596,-17.7413997650146,"Unknown"
"5020567",378626,2026-04-19 20:34:55,28.7792186737061,-17.7413578033447,"Unknown"
"5020567",378626,2026-04-19 20:35:55,28.7791976928711,-17.741382598877,"Unknown"
"5020567",378626,2026-04-19 20:36:55,28.7790946960449,-17.7413673400879,"Unknown"
"5020567",378626,2026-04-19 20:37:55,28.7790451049805,-17.7413425445557,"Unknown"
"5020567",378626,2026-04-19 20:38:55,28.7790241241455,-17.7413730621338,"Unknown"
"5020567",378626,2026-04-19 20:39:56,28.779052734375,-17.7413749694824,"Unknown"
"5020567",378626,2026-04-19 20:40:55,28.779088973999,-17.7413692474365,"Unknown"
"5020567",378626,2026-04-19 20:41:56,28.7791290283203,-17.741382598877,"Unknown"
"5020567",378626,2026-04-19 20:42:56,28.7791900634766,-17.7414245605469,"Unknown"
"5020567",378626,2026-04-19 20:43:55,28.7792568206787,-17.7414684295654,"Unknown"
"5020567",378626,2026-04-19 20:44:56,28.779239654541,-17.7414722442627,"Unknown"
"5020567",378626,2026-04-19 20:45:56,28.7792129516602,-17.7415065765381,"Unknown"
"5020567",378626,2026-04-19 20:46:56,28.7792358398438,-17.7415504455566,"Unknown"
"5020567",378626,2026-04-19 20:47:55,28.7792320251465,-17.7416114807129,"Unknown"
"5020567",378626,2026-04-19 20:48:55,28.779275894165,-17.7417659759521,"Unknown"
"5020567",378626,2026-04-19 20:49:56,28.7786502838135,-17.7443561553955,"Unknown"
"5020567",378626,2026-04-19 20:50:55,28.7792339324951,-17.7457427978516,"Unknown"
"5020567",378626,2026-04-19 20:51:55,28.7791538238525,-17.7457084655762,"Unknown"
"5020567",378626,2026-04-19 20:52:56,28.7790870666504,-17.745662689209,"Unknown"
"5020567",378626,2026-04-19 20:53:56,28.7790126800537,-17.7456321716309,"Unknown"
"5020567",378626,2026-04-19 20:54:55,28.7789268493652,-17.7456035614014,"Unknown"
"5020567",378626,2026-04-19 20:55:56,28.7788562774658,-17.7455596923828,"Unknown"
"5020567",378626,2026-04-19 20:56:55,28.778787612915,-17.7455158233643,"Unknown"
"5020567",378626,2026-04-19 20:57:55,28.7787113189697,-17.7454891204834,"Unknown"
"5020567",378626,2026-04-19 20:58:55,28.7786312103271,-17.7454586029053,"Unknown"
"5020567",378626,2026-04-19 20:59:56,28.7785415649414,-17.7454166412354,"Unknown"
"5020567",378626,2026-04-19 21:00:56,28.7784652709961,-17.7453575134277,"Unknown"
"5020567",378626,2026-04-19 21:01:56,28.7783908843994,-17.7453384399414,"Unknown"
"5020567",378626,2026-04-19 21:02:55,28.7783145904541,-17.745304107666,"Unknown"
"5020567",378626,2026-04-19 21:03:55,28.7782211303711,-17.7452697753906,"Unknown"
"5020567",378626,2026-04-19 21:04:56,28.7781391143799,-17.7452564239502,"Unknown"
"5020567",378626,2026-04-19 21:05:55,28.7780532836914,-17.7452373504639,"Unknown"
"5020567",378626,2026-04-19 21:06:55,28.7779426574707,-17.7451877593994,"Unknown"
"5020567",378626,2026-04-19 21:07:55,28.7778663635254,-17.7451591491699,"Unknown"
"5020567",378626,2026-04-19 21:08:56,28.777774810791,-17.7451343536377,"Unknown"
"5020567",378626,2026-04-19 21:09:56,28.7776889801025,-17.7450885772705,"Unknown"
"5020567",378626,2026-04-19 21:10:55,28.777624130249,-17.7450428009033,"Unknown"
"5020567",378626,2026-04-19 21:11:56,28.7775325775146,-17.7450275421143,"Unknown"
"5020567",378626,2026-04-19 21:12:55,28.7774620056152,-17.7449779510498,"Unknown"
"5020567",378626,2026-04-19 21:13:55,28.7773780822754,-17.7449398040771,"Unknown"
"5020567",378626,2026-04-19 21:14:56,28.7772922515869,-17.7448978424072,"Unknown"
"5020567",378626,2026-04-19 21:15:55,28.7772197723389,-17.7448768615723,"Unknown"
"5020567",378626,2026-04-19 21:16:55,28.7771511077881,-17.7448215484619,"Unknown"
"5020567",378626,2026-04-19 21:17:55,28.77707862854,-17.7447814941406,"Unknown"
"5020567",378626,2026-04-19 21:18:55,28.7770042419434,-17.7447700500488,"Unknown"
"5020567",378626,2026-04-19 21:19:55,28.7769412994385,-17.7447299957275,"Unknown"
"5020567",378626,2026-04-19 21:20:55,28.7768955230713,-17.7446899414062,"Unknown"
"5020567",378626,2026-04-19 21:21:55,28.7768497467041,-17.7446556091309,"Unknown"
"5020567",378626,2026-04-19 21:22:55,28.7768154144287,-17.7446308135986,"Unknown"
"5020567",378626,2026-04-19 21:23:55,28.7767601013184,-17.7446022033691,"Unknown"
"5020567",378626,2026-04-19 21:24:55,28.7767200469971,-17.7445678710938,"Unknown"
"5020567",378626,2026-04-19 21:25:55,28.7766590118408,-17.7445487976074,"Unknown"
"5020567",378626,2026-04-19 21:26:56,28.7765979766846,-17.744556427002,"Unknown"
"5020567",378626,2026-04-19 21:27:56,28.7765426635742,-17.7445240020752,"Unknown"
"5020567",378626,2026-04-19 21:28:56,28.7765159606934,-17.7445068359375,"Unknown"
"5020567",378626,2026-04-19 21:29:55,28.7764720916748,-17.7444801330566,"Unknown"
"5020567",378626,2026-04-19 21:30:58,28.7764015197754,-17.7444114685059,"Unknown"
"5020567",378626,2026-04-19 21:31:56,28.7763729095459,-17.7443408966064,"Unknown"
"5020567",378626,2026-04-19 21:32:56,28.7763290405273,-17.7442855834961,"Unknown"
"5020567",378626,2026-04-19 21:33:57,28.7762908935547,-17.744197845459,"Unknown"
"5020567",378626,2026-04-19 21:34:55,28.7762393951416,-17.7441329956055,"Unknown"
"5020567",378626,2026-04-19 21:35:55,28.7761936187744,-17.7440872192383,"Unknown"
"5020567",378626,2026-04-19 21:36:55,28.7761669158936,-17.7439994812012,"Unknown"
"5020567",378626,2026-04-19 21:37:56,28.7761421203613,-17.7439613342285,"Unknown"
"5020567",378626,2026-04-19 21:38:56,28.7760925292969,-17.7438945770264,"Unknown"
"5020567",378626,2026-04-19 21:39:55,28.7756290435791,-17.7440128326416,"Unknown"
"5020567",378626,2026-04-19 21:40:55,28.772819519043,-17.7397003173828,"Unknown"
"5020567",378626,2026-04-19 21:41:56,28.768123626709,-17.7350425720215,"Unknown"
"5020567",378626,2026-04-19 21:42:57,28.7626895904541,-17.7312068939209,"Unknown"
"5020567",378626,2026-04-19 21:43:55,28.7582340240479,-17.7281169891357,"Unknown"
"5020567",378626,2026-04-19 21:44:56,28.7559204101562,-17.7271041870117,"Unknown"
"5020567",378626,2026-04-19 21:45:58,28.7503471374512,-17.7251796722412,"Unknown"
"5020567",378626,2026-04-19 21:47:13,28.7459411621094,-17.7199249267578,"Unknown"
"5020567",378626,2026-04-19 21:47:57,28.7427635192871,-17.7179508209229,"Unknown"
"5020567",378626,2026-04-19 21:52:55,28.7146835327148,-17.732479095459,"Unknown"
"5020567",378626,2026-04-19 21:58:17,28.7049179077148,-17.7509498596191,"Unknown"
"5020567",378626,2026-04-19 21:58:55,28.7035293579102,-17.752628326416,"Unknown"
"5020567",378626,2026-04-19 21:59:55,28.7075862884521,-17.7545051574707,"Unknown"
"5020567",378626,2026-04-19 22:00:55,28.7110977172852,-17.7591934204102,"Unknown"
"5020567",378626,2026-04-19 22:01:55,28.7129859924316,-17.7586326599121,"Unknown"
"5020567",378626,2026-04-19 22:02:55,28.7141342163086,-17.7589492797852,"Unknown"
"5020567",378626,2026-04-19 22:03:56,28.7133007049561,-17.7578716278076,"Unknown"
"5020567",378626,2026-04-19 22:04:56,28.7139797210693,-17.7576484680176,"Unknown"
"5020567",378626,2026-04-19 22:05:55,28.707052230835,-17.7569179534912,"Unknown"
"5020567",378626,2026-04-19 22:06:55,28.7018356323242,-17.7530937194824,"Unknown"
"5020567",378626,2026-04-19 22:07:55,28.700101852417,-17.7536544799805,"Unknown"
"5020567",378626,2026-04-19 22:09:00,28.6996250152588,-17.7529067993164,"Unknown"
"5020567",378626,2026-04-19 22:09:55,28.701000213623,-17.7533664703369,"Unknown"
"5020567",378626,2026-04-19 22:10:55,28.7065944671631,-17.7545375823975,"Unknown"
"5020567",378626,2026-04-19 22:11:55,28.7118968963623,-17.7567310333252,"Unknown"
"5020567",378626,2026-04-19 22:12:55,28.7110157012939,-17.7568950653076,"Unknown"
"5020567",378626,2026-04-19 22:13:56,28.7153816223145,-17.7578830718994,"Unknown"
"5020567",378626,2026-04-19 22:14:57,28.7156047821045,-17.7581348419189,"Unknown"
"5020567",378626,2026-04-19 22:15:55,28.7093811035156,-17.7568206787109,"Unknown"
"5020567",378626,2026-04-19 22:16:55,28.7058696746826,-17.7514343261719,"Unknown"
"5020567",378626,2026-04-19 22:17:55,28.7038593292236,-17.7447929382324,"Unknown"
"5020567",378626,2026-04-19 22:18:55,28.7007637023926,-17.7411880493164,"Unknown"
"5020567",378626,2026-04-19 22:19:55,28.7036247253418,-17.740852355957,"Unknown"
"5020567",378626,2026-04-19 22:20:55,28.7097988128662,-17.7404403686523,"Unknown"
"5020567",378626,2026-04-19 22:21:55,28.7140674591064,-17.7357521057129,"Unknown"
"5020567",378626,2026-04-19 22:23:02,28.7198905944824,-17.7320518493652,"Unknown"
"5020567",378626,2026-04-19 22:23:57,28.7255935668945,-17.7298831939697,"Unknown"
"5020567",378626,2026-04-19 22:24:55,28.7319850921631,-17.7283401489258,"Unknown"
"5020567",378626,2026-04-19 22:25:55,28.7384643554688,-17.7290077209473,"Unknown"
"5020567",378626,2026-04-19 22:26:55,28.7446689605713,-17.731595993042,"Unknown"
"5020567",378626,2026-04-19 22:27:55,28.7507839202881,-17.733757019043,"Unknown"
"5020567",378626,2026-04-19 22:28:55,28.7572708129883,-17.7355308532715,"Unknown"
"5020567",378626,2026-04-19 22:29:55,28.7604846954346,-17.7377777099609,"Unknown"
"5020567",378626,2026-04-19 22:30:55,28.7654666900635,-17.7397575378418,"Unknown"
"5020567",378626,2026-04-19 22:31:57,28.7705192565918,-17.7442893981934,"Unknown"
"5020567",378626,2026-04-19 22:32:55,28.7747364044189,-17.7486724853516,"Unknown"
"5020567",378626,2026-04-19 22:33:55,28.7776432037354,-17.745454788208,"Unknown"
"5020567",378626,2026-04-19 22:34:55,28.777063369751,-17.7437229156494,"Unknown"
"5020567",378626,2026-04-19 22:35:55,28.7786331176758,-17.7378044128418,"Unknown"
"5020567",378626,2026-04-19 22:36:55,28.776876449585,-17.7368831634521,"Unknown"
"5020567",378626,2026-04-19 22:37:58,28.7714939117432,-17.7389507293701,"Unknown"
"5020567",378626,2026-04-19 22:38:55,28.7695217132568,-17.7397308349609,"Unknown"
"5020567",378626,2026-04-19 22:39:59,28.763988494873,-17.7413234710693,"Unknown"
"5020567",378626,2026-04-19 22:40:55,28.7616691589355,-17.7381992340088,"Unknown"
"5020567",378626,2026-04-19 22:41:55,28.7650032043457,-17.7323322296143,"Unknown"
"5020567",378626,2026-04-19 22:42:55,28.7665309906006,-17.7263202667236,"Unknown"
"5020567",378626,2026-04-19 22:43:55,28.7629470825195,-17.7283267974854,"Unknown"
"5020567",378626,2026-04-19 22:44:55,28.7583694458008,-17.7316837310791,"Unknown"
"5020567",378626,2026-04-19 22:45:55,28.7545623779297,-17.7311897277832,"Unknown"
"5020567",378626,2026-04-19 22:46:55,28.7547931671143,-17.7253360748291,"Unknown"
"5020567",378626,2026-04-19 22:47:55,28.7500476837158,-17.7270011901855,"Unknown"
"5020567",378626,2026-04-19 22:48:55,28.7455387115479,-17.7289752960205,"Unknown"
"5020567",378626,2026-04-19 22:49:55,28.7426357269287,-17.7243766784668,"Unknown"
"5020567",378626,2026-04-19 22:50:55,28.7375965118408,-17.7261371612549,"Unknown"
"5020567",378626,2026-04-19 22:55:55,28.7156524658203,-17.7326278686523,"Unknown"
"5020567",378626,2026-04-19 22:57:02,28.7106590270996,-17.7371501922607,"Unknown"
"5020567",378626,2026-04-19 22:57:57,28.7074203491211,-17.7420883178711,"Unknown"
"5020567",378626,2026-04-19 22:58:55,28.7037734985352,-17.7471313476562,"Unknown"
"5020567",378626,2026-04-19 23:00:01,28.6988830566406,-17.751371383667,"Unknown"
"5020567",378626,2026-04-19 23:00:55,28.6944255828857,-17.7529449462891,"Unknown"
"5020567",378626,2026-04-19 23:01:55,28.6910743713379,-17.7584171295166,"Unknown"
"5020567",378626,2026-04-19 23:02:55,28.6904907226562,-17.7613906860352,"Unknown"
"5020567",378626,2026-04-19 23:03:55,28.6856517791748,-17.7601089477539,"Unknown"
"5020567",378626,2026-04-19 23:04:56,28.6806392669678,-17.7609024047852,"Unknown"
"5020567",378626,2026-04-19 23:05:56,28.6755504608154,-17.7643985748291,"Unknown"
"5020567",378626,2026-04-19 23:06:55,28.6762504577637,-17.76975440979,"Unknown"
"5020567",378626,2026-04-19 23:07:56,28.6725769042969,-17.7670574188232,"Unknown"
"5020567",378626,2026-04-19 23:08:55,28.6732215881348,-17.7643775939941,"Unknown"
"5020567",378626,2026-04-19 23:09:55,28.6782093048096,-17.7682495117188,"Unknown"
"5020567",378626,2026-04-19 23:10:55,28.6847286224365,-17.7688884735107,"Unknown"
"5020567",378626,2026-04-19 23:11:56,28.6904716491699,-17.7661266326904,"Unknown"
"5020567",378626,2026-04-19 23:12:55,28.696569442749,-17.7641181945801,"Unknown"
"5020567",378626,2026-04-19 23:13:55,28.7017059326172,-17.7601890563965,"Unknown"
"5020567",378626,2026-04-19 23:14:55,28.7067413330078,-17.7562255859375,"Unknown"
"5020567",378626,2026-04-19 23:15:58,28.7074127197266,-17.7501411437988,"Unknown"
"5020567",378626,2026-04-19 23:16:58,28.7046871185303,-17.7444839477539,"Unknown"
"5020567",378626,2026-04-19 23:17:55,28.7033004760742,-17.7385711669922,"Unknown"
"5020567",378626,2026-04-19 23:18:55,28.7052803039551,-17.7355518341064,"Unknown"
"5020567",378626,2026-04-19 23:19:55,28.7097797393799,-17.7401237487793,"Unknown"
"5020567",378626,2026-04-19 23:21:00,28.7056560516357,-17.7445316314697,"Unknown"
"5020567",378626,2026-04-19 23:21:55,28.7044105529785,-17.7434253692627,"Unknown"
"5020567",378626,2026-04-19 23:22:57,28.7049770355225,-17.7444267272949,"Unknown"
"5020567",378626,2026-04-19 23:24:03,28.7036952972412,-17.7495422363281,"Unknown"
"5020567",378626,2026-04-19 23:24:55,28.7011623382568,-17.7487335205078,"Unknown"
"5020567",378626,2026-04-19 23:25:55,28.6966304779053,-17.7490158081055,"Unknown"
"5020567",378626,2026-04-19 23:26:55,28.6934661865234,-17.7437038421631,"Unknown"
"5020567",378626,2026-04-19 23:27:55,28.6912212371826,-17.7384700775146,"Unknown"
"5020567",378626,2026-04-19 23:28:58,28.6888256072998,-17.732385635376,"Unknown"
"5020567",378626,2026-04-19 23:29:55,28.6871814727783,-17.7267532348633,"Unknown"
"5020567",378626,2026-04-19 23:30:55,28.6903381347656,-17.7207527160645,"Unknown"
"5020567",378626,2026-04-19 23:32:00,28.691556930542,-17.7188949584961,"Unknown"
"5020567",378626,2026-04-19 23:37:00,28.692403793335,-17.718448638916,"Unknown"
"5020567",378626,2026-04-19 23:41:59,28.6932716369629,-17.7180366516113,"Unknown"
"5020567",378626,2026-04-19 23:46:58,28.6941509246826,-17.7176551818848,"Unknown"
"5020567",378626,2026-04-19 23:51:57,28.6949977874756,-17.7173042297363,"Unknown"
"5020567",378626,2026-04-19 23:56:57,28.695837020874,-17.7169723510742,"Unknown"
"5020567",378626,2026-04-20 00:02:16,28.6968116760254,-17.716682434082,"Unknown"
"5020567",378626,2026-04-20 00:06:56,28.6976413726807,-17.7163696289062,"Unknown"
"5020567",378626,2026-04-20 00:11:55,28.698486328125,-17.7161293029785,"Unknown"
"5020567",378626,2026-04-20 00:16:55,28.6992511749268,-17.715913772583,"Unknown"
"5020567",378626,2026-04-20 00:21:55,28.6999893188477,-17.7157669067383,"Unknown"
"5020567",378626,2026-04-20 00:26:55,28.7006874084473,-17.7155170440674,"Unknown"
"5020567",378626,2026-04-20 00:31:54,28.701322555542,-17.7152481079102,"Unknown"
"5020567",378626,2026-04-20 00:36:54,28.7020359039307,-17.715051651001,"Unknown"
"5020567",378626,2026-04-20 00:41:54,28.7027854919434,-17.7147426605225,"Unknown"
"5020567",378626,2026-04-20 00:46:54,28.7035751342773,-17.714485168457,"Unknown"
"5020567",378626,2026-04-20 00:51:59,28.704345703125,-17.7142372131348,"Unknown"
"5020567",378626,2026-04-20 00:56:57,28.7050666809082,-17.7139892578125,"Unknown"
"5020567",378626,2026-04-20 01:01:58,28.7058391571045,-17.7137088775635,"Unknown"
"5020567",378626,2026-04-20 01:06:58,28.7066993713379,-17.7134189605713,"Unknown"
"5020567",378626,2026-04-20 01:11:57,28.7075138092041,-17.7131462097168,"Unknown"
"5020567",378626,2026-04-20 01:17:01,28.708381652832,-17.712890625,"Unknown"
"5020567",378626,2026-04-20 01:21:58,28.7092247009277,-17.7125778198242,"Unknown"
"5020567",378626,2026-04-20 01:26:57,28.7100868225098,-17.7122344970703,"Unknown"
"5020567",378626,2026-04-20 01:32:01,28.7110786437988,-17.7118225097656,"Unknown"
"5020567",378626,2026-04-20 01:37:02,28.7120304107666,-17.7114124298096,"Unknown"
"5020567",378626,2026-04-20 01:42:00,28.7130165100098,-17.7110214233398,"Unknown"
"5020567",378626,2026-04-20 01:46:59,28.7140102386475,-17.7105655670166,"Unknown"
"5020567",378626,2026-04-20 01:52:06,28.7150402069092,-17.7100639343262,"Unknown"
"5020567",378626,2026-04-20 01:57:00,28.7160396575928,-17.7095794677734,"Unknown"
"5020567",378626,2026-04-20 02:01:57,28.7171268463135,-17.7090911865234,"Unknown"
"5020567",378626,2026-04-20 02:07:17,28.718204498291,-17.7085056304932,"Unknown"
"5020567",378626,2026-04-20 02:11:59,28.7190914154053,-17.7079963684082,"Unknown"
"5020567",378626,2026-04-20 02:16:58,28.7200031280518,-17.7075805664062,"Unknown"
"5020567",378626,2026-04-20 02:22:27,28.7209739685059,-17.7071151733398,"Unknown"
"5020567",378626,2026-04-20 02:26:55,28.7237129211426,-17.7060794830322,"Unknown"
"5020567",378626,2026-04-20 02:31:55,28.7245559692383,-17.705472946167,"Unknown"
"5020567",378626,2026-04-20 02:36:55,28.725471496582,-17.7049350738525,"Unknown"
"5020567",378626,2026-04-20 02:41:55,28.7264957427979,-17.7042961120605,"Unknown"
"5020567",378626,2026-04-20 02:46:56,28.7274932861328,-17.7038116455078,"Unknown"
"5020567",378626,2026-04-20 02:51:55,28.7284851074219,-17.7034378051758,"Unknown"
"5020567",378626,2026-04-20 02:56:55,28.7294273376465,-17.7030067443848,"Unknown"
"5020567",378626,2026-04-20 03:01:55,28.7303981781006,-17.7025566101074,"Unknown"
"5020567",378626,2026-04-20 03:06:55,28.731294631958,-17.7021331787109,"Unknown"
"5020567",378626,2026-04-20 03:11:55,28.732213973999,-17.7017612457275,"Unknown"
"5020567",378626,2026-04-20 03:16:55,28.7330894470215,-17.7014179229736,"Unknown"
"5020567",378626,2026-04-20 03:21:55,28.7339572906494,-17.7010803222656,"Unknown"
"5020567",378626,2026-04-20 03:26:55,28.7348613739014,-17.7007064819336,"Unknown"
"5020567",378626,2026-04-20 03:31:55,28.7357788085938,-17.7002754211426,"Unknown"
"5020567",378626,2026-04-20 03:36:55,28.7366485595703,-17.6996841430664,"Unknown"
"5020567",378626,2026-04-20 03:41:55,28.7375068664551,-17.6991138458252,"Unknown"
"5020567",378626,2026-04-20 03:46:55,28.7382392883301,-17.6985950469971,"Unknown"
"5020567",378626,2026-04-20 03:51:55,28.7390003204346,-17.698034286499,"Unknown"
"5020567",378626,2026-04-20 03:56:55,28.7397041320801,-17.6975574493408,"Unknown"
"5020567",378626,2026-04-20 04:01:55,28.7402515411377,-17.6971168518066,"Unknown"
"5020567",378626,2026-04-20 04:06:56,28.7407283782959,-17.6967468261719,"Unknown"
"5020567",378626,2026-04-20 04:11:56,28.7411670684814,-17.6963119506836,"Unknown"
"5020567",378626,2026-04-20 04:16:55,28.7420692443848,-17.6962928771973,"Unknown"
"5020567",378626,2026-04-20 04:21:55,28.742733001709,-17.6958179473877,"Unknown"
"5020567",378626,2026-04-20 04:26:56,28.7432861328125,-17.6951847076416,"Unknown"
"5020567",378626,2026-04-20 04:31:56,28.7438087463379,-17.6945285797119,"Unknown"
"5020567",378626,2026-04-20 04:36:56,28.7443141937256,-17.6938972473145,"Unknown"
"5020567",378626,2026-04-20 04:41:57,28.7449359893799,-17.6933727264404,"Unknown"
"5020567",378626,2026-04-20 04:46:56,28.7453193664551,-17.6929168701172,"Unknown"
"5020567",378626,2026-04-20 04:51:58,28.7456493377686,-17.6924705505371,"Unknown"
"5020567",378626,2026-04-20 04:56:58,28.7459583282471,-17.692066192627,"Unknown"
"5020567",378626,2026-04-20 05:02:17,28.7463817596436,-17.6916351318359,"Unknown"
"5020567",378626,2026-04-20 05:06:56,28.7466430664062,-17.6912021636963,"Unknown"
"5020567",378626,2026-04-20 05:12:27,28.7469635009766,-17.6906490325928,"Unknown"
"5020567",378626,2026-04-20 05:16:55,28.7472896575928,-17.6901817321777,"Unknown"
"5020567",378626,2026-04-20 05:21:55,28.7476425170898,-17.6896457672119,"Unknown"
"5020567",378626,2026-04-20 05:26:55,28.7478179931641,-17.6899318695068,"Unknown"
"5020567",378626,2026-04-20 05:31:55,28.767053604126,-17.6945152282715,"Unknown"
"5020567",378626,2026-04-20 05:36:55,28.7686882019043,-17.694860458374,"Unknown"
"5020567",378626,2026-04-20 05:41:55,28.7689380645752,-17.6943511962891,"Unknown"
"5020567",378626,2026-04-20 05:46:55,28.7691555023193,-17.6938610076904,"Unknown"
"5020567",378626,2026-04-20 05:51:55,28.7693462371826,-17.6933345794678,"Unknown"
"5020567",378626,2026-04-20 05:56:56,28.775053024292,-17.6954669952393,"Unknown"
"5020567",378626,2026-04-20 06:01:56,28.794002532959,-17.7104740142822,"Unknown"
"5020567",378626,2026-04-20 06:06:55,28.8021183013916,-17.7172374725342,"Unknown"
"5020567",378626,2026-04-20 06:11:55,28.8015232086182,-17.7164459228516,"Unknown"
"5020567",378626,2026-04-20 06:16:55,28.8008995056152,-17.7156867980957,"Unknown"
"5020567",378626,2026-04-20 06:21:55,28.8015098571777,-17.715461730957,"Unknown"
"5020567",378626,2026-04-20 06:26:56,28.8182067871094,-17.7219982147217,"Unknown"
"5020567",378626,2026-04-20 06:31:55,28.8291873931885,-17.7343788146973,"Unknown"
"5020567",378626,2026-04-20 06:36:55,28.8388195037842,-17.7459735870361,"Unknown"
"5020567",378626,2026-04-20 06:37:56,28.8373374938965,-17.7500343322754,"Unknown"
"5020567",378626,2026-04-20 06:38:55,28.8392486572266,-17.7536296844482,"Unknown"
"5020567",378626,2026-04-20 06:39:56,28.8423595428467,-17.7544116973877,"Unknown"
"5020567",378626,2026-04-20 06:40:55,28.8438320159912,-17.7563591003418,"Unknown"
"5020567",378626,2026-04-20 06:50:55,28.8480892181396,-17.7711086273193,"Unknown"
"5020567",378626,2026-04-20 06:51:55,28.8508472442627,-17.7717132568359,"Unknown"
"5020567",378626,2026-04-20 06:52:55,28.8533267974854,-17.7735137939453,"Unknown"
"5020567",378626,2026-04-20 06:53:56,28.855224609375,-17.7758121490479,"Unknown"
"5020567",378626,2026-04-20 07:03:55,28.8621978759766,-17.7867794036865,"Unknown"
"5020567",378626,2026-04-20 07:04:55,28.862117767334,-17.7867279052734,"Unknown"
"5020567",378626,2026-04-20 07:10:00,28.8620834350586,-17.7866840362549,"Unknown"
"5020567",378626,2026-04-20 07:14:57,28.8618202209473,-17.7867603302002,"Unknown"
"5020567",378626,2026-04-20 07:19:58,28.8623352050781,-17.788122177124,"Unknown"
"5020567",378626,2026-04-20 07:22:20,28.8611392974854,-17.7906761169434,"Unknown"
"5020567",378626,2026-04-20 07:32:20,28.8530254364014,-17.8170413970947,"Unknown"
"5020567",378626,2026-04-20 07:40:58,28.8583660125732,-17.8389148712158,"Unknown"
"5020567",378626,2026-04-20 07:50:58,28.8733234405518,-17.8598308563232,"Unknown"
"5020567",378626,2026-04-20 07:51:56,28.875057220459,-17.8579902648926,"Unknown"
"5020567",378626,2026-04-20 07:56:58,28.873556137085,-17.8576526641846,"Unknown"
"5020567",378626,2026-04-20 08:03:16,28.8620357513428,-17.8472385406494,"Unknown"
"5020567",378626,2026-04-20 08:06:57,28.8523025512695,-17.8421440124512,"Unknown"
"5020567",378626,2026-04-20 08:11:59,28.8524227142334,-17.8421630859375,"Unknown"
"5020567",378626,2026-04-20 08:12:57,28.8524150848389,-17.8421192169189,"Unknown"
"5020567",378626,2026-04-20 08:13:58,28.8523864746094,-17.8420829772949,"Unknown"
"5020567",378626,2026-04-20 08:14:56,28.8523483276367,-17.8420753479004,"Unknown"
"5020567",378626,2026-04-20 08:16:17,28.852331161499,-17.8420543670654,"Unknown"
"5020567",378626,2026-04-20 08:17:00,28.8523292541504,-17.8420505523682,"Unknown"
"5020567",378626,2026-04-20 08:17:59,28.8523216247559,-17.8420295715332,"Unknown"
"5020567",378626,2026-04-20 08:18:59,28.8523063659668,-17.8419818878174,"Unknown"
"5020567",378626,2026-04-20 08:19:57,28.852352142334,-17.8419246673584,"Unknown"
"5020567",378626,2026-04-20 08:30:27,28.8523368835449,-17.8413753509521,"Unknown"
"5020567",378626,2026-04-20 08:31:02,28.8523292541504,-17.8413486480713,"Unknown"
"5020567",378626,2026-04-20 08:32:03,28.8523139953613,-17.8413238525391,"Unknown"
"5020567",378626,2026-04-20 08:42:27,28.8632049560547,-17.7995128631592,"Unknown"
"5020567",378626,2026-04-20 08:42:55,28.8631763458252,-17.7994613647461,"Unknown"
"5020567",378626,2026-04-20 08:47:55,28.855152130127,-17.7866916656494,"Unknown"
"5020567",378626,2026-04-20 08:52:55,28.8541431427002,-17.7903690338135,"Unknown"
"5020567",378626,2026-04-20 08:53:55,28.8584079742432,-17.7891788482666,"Unknown"
"5020567",378626,2026-04-20 08:54:55,28.8615531921387,-17.7898864746094,"Unknown"
"5020567",378626,2026-04-20 08:55:55,28.861515045166,-17.7902984619141,"Unknown"
"5020567",378626,2026-04-20 08:56:55,28.8621959686279,-17.7900314331055,"Unknown"
"5020567",378626,2026-04-20 08:57:55,28.8621292114258,-17.7900619506836,"Unknown"
"5020567",378626,2026-04-20 09:02:55,28.8622932434082,-17.7925186157227,"Unknown"
"5020567",378626,2026-04-20 09:07:55,28.8620014190674,-17.7932395935059,"Unknown"
"5020567",378626,2026-04-20 09:12:55,28.8656978607178,-17.8013210296631,"Unknown"
"5020567",378626,2026-04-20 09:17:55,28.8653106689453,-17.8024463653564,"Unknown"
"5020567",378626,2026-04-20 09:22:55,28.8640098571777,-17.8015213012695,"Unknown"
"5020567",378626,2026-04-20 09:27:55,28.8637313842773,-17.8008117675781,"Unknown"
"5020567",378626,2026-04-20 09:32:55,28.8635158538818,-17.800085067749,"Unknown"
"5020567",378626,2026-04-20 09:37:55,28.863187789917,-17.7993545532227,"Unknown"
"5020567",378626,2026-04-20 09:42:55,28.8630352020264,-17.798583984375,"Unknown"
"5020567",378626,2026-04-20 09:47:55,28.8628120422363,-17.7978668212891,"Unknown"
"5020567",378626,2026-04-20 09:52:55,28.8625907897949,-17.7973880767822,"Unknown"
"5020567",378626,2026-04-20 09:57:55,28.858455657959,-17.8063907623291,"Unknown"
"5020567",378626,2026-04-20 10:02:55,28.8613929748535,-17.8076400756836,"Unknown"
"5020567",378626,2026-04-20 10:03:55,28.8613700866699,-17.8075218200684,"Unknown"
"5020567",378626,2026-04-20 10:04:55,28.8613986968994,-17.8073768615723,"Unknown"
"5020567",378626,2026-04-20 10:05:55,28.8614082336426,-17.8072128295898,"Unknown"
"5020567",378626,2026-04-20 10:06:55,28.8614387512207,-17.8070373535156,"Unknown"
"5020567",378626,2026-04-20 10:07:55,28.8614730834961,-17.8068790435791,"Unknown"
"5020567",378626,2026-04-20 10:08:55,28.8615550994873,-17.8067359924316,"Unknown"
"5020567",378626,2026-04-20 10:09:55,28.861644744873,-17.8065757751465,"Unknown"
"5020567",378626,2026-04-20 10:10:55,28.8617172241211,-17.8064575195312,"Unknown"
"5020567",378626,2026-04-20 10:11:55,28.8616886138916,-17.8063163757324,"Unknown"
"5020567",378626,2026-04-20 10:12:55,28.8616619110107,-17.8061618804932,"Unknown"
"5020567",378626,2026-04-20 10:13:55,28.8620700836182,-17.8059329986572,"Unknown"
"5020567",378626,2026-04-20 10:14:55,28.8628768920898,-17.807596206665,"Unknown"
"5020567",378626,2026-04-20 10:19:55,28.8638954162598,-17.8178310394287,"Unknown"
"5020567",378626,2026-04-20 10:24:56,28.8620910644531,-17.8205890655518,"Unknown"
"5020567",378626,2026-04-20 10:29:55,28.8620471954346,-17.8200836181641,"Unknown"
"5020567",378626,2026-04-20 10:34:55,28.854887008667,-17.8262844085693,"Unknown"
"5020567",378626,2026-04-20 10:39:55,28.8548927307129,-17.8255767822266,"Unknown"
"5020567",378626,2026-04-20 10:40:55,28.8549118041992,-17.8254222869873,"Unknown"
"5020567",378626,2026-04-20 10:41:55,28.8549175262451,-17.8252964019775,"Unknown"
"5020567",378626,2026-04-20 10:42:55,28.8549175262451,-17.8251705169678,"Unknown"
"5020567",378626,2026-04-20 10:43:55,28.8548965454102,-17.8250026702881,"Unknown"
"5020567",378626,2026-04-20 10:44:55,28.8549060821533,-17.8248538970947,"Unknown"
"5020567",378626,2026-04-20 10:45:55,28.8549022674561,-17.8247032165527,"Unknown"
"5020567",378626,2026-04-20 10:46:55,28.8548603057861,-17.824520111084,"Unknown"
"5020567",378626,2026-04-20 10:47:55,28.8548259735107,-17.8243522644043,"Unknown"
"5020567",378626,2026-04-20 10:48:55,28.8547973632812,-17.8241882324219,"Unknown"
"5020567",378626,2026-04-20 10:49:55,28.8547801971436,-17.8240604400635,"Unknown"
"5020567",378626,2026-04-20 10:50:57,28.85475730896,-17.8238868713379,"Unknown"
"5020567",378626,2026-04-20 10:51:55,28.8547592163086,-17.8236980438232,"Unknown"
"5020567",378626,2026-04-20 10:52:55,28.8547687530518,-17.8234691619873,"Unknown"
"5020567",378626,2026-04-20 10:53:55,28.8547992706299,-17.8232898712158,"Unknown"
"5020567",378626,2026-04-20 10:54:57,28.8586177825928,-17.8198528289795,"Unknown"
"5020567",378626,2026-04-20 10:55:55,28.8600215911865,-17.8205280303955,"Unknown"
"5020567",378626,2026-04-20 10:56:57,28.8596439361572,-17.8184566497803,"Unknown"
"5020567",378626,2026-04-20 10:57:55,28.8624839782715,-17.811206817627,"Unknown"
"5020567",378626,2026-04-20 10:58:57,28.8633937835693,-17.8046321868896,"Unknown"
"5020567",378626,2026-04-20 11:03:59,28.8646945953369,-17.8030605316162,"Unknown"
"5020567",378626,2026-04-20 11:09:01,28.8643798828125,-17.8022994995117,"Unknown"
"5020567",378626,2026-04-20 11:14:27,28.8641605377197,-17.8014831542969,"Unknown"
"5020567",378626,2026-04-20 11:18:55,28.8639736175537,-17.8007545471191,"Unknown"
"5020567",378626,2026-04-20 11:23:56,28.8680839538574,-17.7841663360596,"Unknown"
"5020567",378626,2026-04-20 11:28:55,28.88157081604,-17.7574577331543,"Unknown"
"5020567",378626,2026-04-20 11:33:56,28.8586463928223,-17.7554798126221,"Unknown"
"5020567",378626,2026-04-20 11:38:56,28.8387565612793,-17.7641067504883,"Unknown"
"5020567",378626,2026-04-20 11:39:55,28.8407020568848,-17.7677001953125,"Unknown"
"5020567",378626,2026-04-20 11:40:56,28.8430004119873,-17.7706394195557,"Unknown"
"5020567",378626,2026-04-20 11:41:55,28.8455600738525,-17.7743873596191,"Unknown"
"5020567",378626,2026-04-20 11:42:56,28.8472442626953,-17.7783889770508,"Unknown"
"5020567",378626,2026-04-20 11:43:56,28.8484268188477,-17.7815818786621,"Unknown"
"5020567",378626,2026-04-20 11:44:56,28.8500099182129,-17.7850875854492,"Unknown"
"5020567",378626,2026-04-20 11:45:56,28.8490104675293,-17.789083480835,"Unknown"
"5020567",378626,2026-04-20 11:46:55,28.8504543304443,-17.7925052642822,"Unknown"
"5020567",378626,2026-04-20 11:47:55,28.8500003814697,-17.7964191436768,"Unknown"
"5020567",378626,2026-04-20 11:48:55,28.8499317169189,-17.7996463775635,"Unknown"
"5020567",378626,2026-04-20 11:49:55,28.851526260376,-17.8026332855225,"Unknown"
"5020567",378626,2026-04-20 11:50:55,28.8513221740723,-17.8061485290527,"Unknown"
"5020567",378626,2026-04-20 11:51:56,28.8508701324463,-17.8099155426025,"Unknown"
"5020567",378626,2026-04-20 11:52:55,28.8487911224365,-17.8130912780762,"Unknown"
"5020567",378626,2026-04-20 11:53:55,28.8471870422363,-17.8160171508789,"Unknown"
"5020567",378626,2026-04-20 11:54:55,28.8472003936768,-17.8157176971436,"Unknown"
"5020567",378626,2026-04-20 11:55:55,28.8472537994385,-17.8154850006104,"Unknown"
"5020567",378626,2026-04-20 11:56:56,28.8473281860352,-17.8152484893799,"Unknown"
"5020567",378626,2026-04-20 11:57:55,28.8474216461182,-17.8150215148926,"Unknown"
"5020567",378626,2026-04-20 11:58:55,28.8474597930908,-17.8147850036621,"Unknown"
"5020567",378626,2026-04-20 11:59:55,28.8475036621094,-17.8145523071289,"Unknown"
"5020567",378626,2026-04-20 12:00:56,28.8483505249023,-17.8125591278076,"Unknown"
"5020567",378626,2026-04-20 12:01:55,28.8486938476562,-17.8121566772461,"Unknown"
"5020567",378626,2026-04-20 12:02:55,28.8487281799316,-17.8118877410889,"Unknown"
"5020567",378626,2026-04-20 12:03:55,28.8487854003906,-17.8116302490234,"Unknown"
"5020567",378626,2026-04-20 12:04:56,28.8488216400146,-17.811372756958,"Unknown"
"5020567",378626,2026-04-20 12:05:57,28.848840713501,-17.8110771179199,"Unknown"
"5020567",378626,2026-04-20 12:06:56,28.8488597869873,-17.8107128143311,"Unknown"
"5020567",378626,2026-04-20 12:07:56,28.8488502502441,-17.810302734375,"Unknown"
"5020567",378626,2026-04-20 12:08:56,28.8488216400146,-17.8098983764648,"Unknown"
"5020567",378626,2026-04-20 12:09:56,28.8488254547119,-17.8095226287842,"Unknown"
"5020567",378626,2026-04-20 12:10:56,28.8488616943359,-17.8092346191406,"Unknown"
"5020567",378626,2026-04-20 12:11:57,28.8510780334473,-17.8100547790527,"Unknown"
"5020567",378626,2026-04-20 12:12:57,28.8499279022217,-17.8127975463867,"Unknown"
"5020567",378626,2026-04-20 12:13:57,28.8486633300781,-17.8164367675781,"Unknown"
"5020567",378626,2026-04-20 12:14:57,28.8477630615234,-17.8202209472656,"Unknown"
"5020567",378626,2026-04-20 12:15:56,28.8478775024414,-17.8232421875,"Unknown"
"5020567",378626,2026-04-20 12:16:57,28.8481025695801,-17.8269538879395,"Unknown"
"5020567",378626,2026-04-20 12:17:57,28.8499546051025,-17.8298091888428,"Unknown"
"5020567",378626,2026-04-20 12:18:57,28.8527393341064,-17.8332271575928,"Unknown"
"5020567",378626,2026-04-20 12:19:56,28.8537788391113,-17.8330726623535,"Unknown"
"5020567",378626,2026-04-20 12:20:57,28.853178024292,-17.8320541381836,"Unknown"
"5020567",378626,2026-04-20 12:21:57,28.8522987365723,-17.83225440979,"Unknown"
"5020567",378626,2026-04-20 12:22:56,28.8517532348633,-17.8319797515869,"Unknown"
"5020567",378626,2026-04-20 12:23:56,28.8516902923584,-17.8317241668701,"Unknown"
"5020567",378626,2026-04-20 12:24:56,28.8516292572021,-17.831470489502,"Unknown"
"5020567",378626,2026-04-20 12:25:56,28.8515396118164,-17.831205368042,"Unknown"
"5020567",378626,2026-04-20 12:26:56,28.851448059082,-17.8309535980225,"Unknown"
"5020567",378626,2026-04-20 12:27:58,28.8508853912354,-17.8320121765137,"Unknown"
"5020567",378626,2026-04-20 12:28:57,28.8520202636719,-17.8349437713623,"Unknown"
"5020567",378626,2026-04-20 12:29:56,28.851390838623,-17.8362121582031,"Unknown"
"5020567",378626,2026-04-20 12:30:57,28.8528213500977,-17.8362426757812,"Unknown"
"5020567",378626,2026-04-20 12:31:58,28.8578567504883,-17.8367004394531,"Unknown"
"5020567",378626,2026-04-20 12:32:58,28.8528308868408,-17.8382663726807,"Unknown"
"5020567",378626,2026-04-20 12:33:56,28.8525428771973,-17.8382663726807,"Unknown"
"5020567",378626,2026-04-20 12:34:57,28.8530941009521,-17.8358573913574,"Unknown"
"5020567",378626,2026-04-20 12:35:56,28.8530254364014,-17.8356227874756,"Unknown"
"5020567",378626,2026-04-20 12:36:56,28.852970123291,-17.8353824615479,"Unknown"
"5020567",378626,2026-04-20 12:37:56,28.8529376983643,-17.8351135253906,"Unknown"
"5020567",378626,2026-04-20 12:38:56,28.8528823852539,-17.8349132537842,"Unknown"
"5020567",378626,2026-04-20 12:39:57,28.8528347015381,-17.8347511291504,"Unknown"
"5020567",378626,2026-04-20 12:40:57,28.8527774810791,-17.8345832824707,"Unknown"
"5020567",378626,2026-04-20 12:41:56,28.8527393341064,-17.8344593048096,"Unknown"
"5020567",378626,2026-04-20 12:42:56,28.8527069091797,-17.8343105316162,"Unknown"
"5020567",378626,2026-04-20 12:43:57,28.8526420593262,-17.8341197967529,"Unknown"
"5020567",378626,2026-04-20 12:44:56,28.8525562286377,-17.8339214324951,"Unknown"
"5020567",378626,2026-04-20 12:45:56,28.8525238037109,-17.8337650299072,"Unknown"
"5020567",378626,2026-04-20 12:46:57,28.8536319732666,-17.8329181671143,"Unknown"
"5020567",378626,2026-04-20 12:47:57,28.8566436767578,-17.8329524993896,"Unknown"
"5020567",378626,2026-04-20 12:48:56,28.8566131591797,-17.8327312469482,"Unknown"
"5020567",378626,2026-04-20 12:49:56,28.8565063476562,-17.8325290679932,"Unknown"
"5020567",378626,2026-04-20 12:50:56,28.8564834594727,-17.8322982788086,"Unknown"
"5020567",378626,2026-04-20 12:51:57,28.8564720153809,-17.8320980072021,"Unknown"
"5020567",378626,2026-04-20 12:52:57,28.8564605712891,-17.8318843841553,"Unknown"
"5020567",378626,2026-04-20 12:53:57,28.8559532165527,-17.832332611084,"Unknown"
"5020567",378626,2026-04-20 12:54:57,28.8554992675781,-17.832836151123,"Unknown"
"5020567",378626,2026-04-20 12:55:57,28.8554077148438,-17.832670211792,"Unknown"
"5020567",378626,2026-04-20 12:56:58,28.8553733825684,-17.8324718475342,"Unknown"
"5020567",378626,2026-04-20 12:57:58,28.8553352355957,-17.8322906494141,"Unknown"
"5020567",378626,2026-04-20 12:58:58,28.8552894592285,-17.8321208953857,"Unknown"
"5020567",378626,2026-04-20 12:59:57,28.855224609375,-17.8319301605225,"Unknown"
"5020567",378626,2026-04-20 13:00:57,28.8551864624023,-17.8317089080811,"Unknown"
"5020567",378626,2026-04-20 13:01:58,28.8551387786865,-17.8315143585205,"Unknown"
"5020567",378626,2026-04-20 13:02:58,28.8550701141357,-17.8313121795654,"Unknown"
"5020567",378626,2026-04-20 13:03:57,28.8549842834473,-17.8311080932617,"Unknown"
"5020567",378626,2026-04-20 13:04:59,28.8536682128906,-17.8311214447021,"Unknown"
"5020567",378626,2026-04-20 13:05:57,28.8532810211182,-17.8319320678711,"Unknown"
"5020567",378626,2026-04-20 13:06:57,28.853157043457,-17.8316917419434,"Unknown"
"5020567",378626,2026-04-20 13:07:58,28.8530330657959,-17.8315086364746,"Unknown"
"5020567",378626,2026-04-20 13:08:59,28.8524436950684,-17.8323593139648,"Unknown"
"5020567",378626,2026-04-20 13:09:57,28.8538513183594,-17.832893371582,"Unknown"
"5020567",378626,2026-04-20 13:10:57,28.8539009094238,-17.8329296112061,"Unknown"
"5020567",378626,2026-04-20 13:11:57,28.8529663085938,-17.8340339660645,"Unknown"
"5020567",378626,2026-04-20 13:12:58,28.8530235290527,-17.8337478637695,"Unknown"
"5020567",378626,2026-04-20 13:13:58,28.8550415039062,-17.8313903808594,"Unknown"
"5020567",378626,2026-04-20 13:15:06,28.8541965484619,-17.8316307067871,"Unknown"
"5020567",378626,2026-04-20 13:15:58,28.8537883758545,-17.8317012786865,"Unknown"
"5020567",378626,2026-04-20 13:16:57,28.8537082672119,-17.8315124511719,"Unknown"
"5020567",378626,2026-04-20 13:17:57,28.8536472320557,-17.8313293457031,"Unknown"
"5020567",378626,2026-04-20 13:18:58,28.8532466888428,-17.8296756744385,"Unknown"
"5020567",378626,2026-04-20 13:19:57,28.8516044616699,-17.8281288146973,"Unknown"
"5020567",378626,2026-04-20 13:20:57,28.8511619567871,-17.8294677734375,"Unknown"
"5020567",378626,2026-04-20 13:21:58,28.8510894775391,-17.829273223877,"Unknown"
"5020567",378626,2026-04-20 13:22:58,28.851037979126,-17.8290424346924,"Unknown"
"5020567",378626,2026-04-20 13:23:57,28.8510036468506,-17.8288459777832,"Unknown"
"5020567",378626,2026-04-20 13:24:57,28.8509540557861,-17.828649520874,"Unknown"
"5020567",378626,2026-04-20 13:25:58,28.8509159088135,-17.8284378051758,"Unknown"
"5020567",378626,2026-04-20 13:26:58,28.8508605957031,-17.8282279968262,"Unknown"
"5020567",378626,2026-04-20 13:27:57,28.8507518768311,-17.8280906677246,"Unknown"
"5020567",378626,2026-04-20 13:28:58,28.8506641387939,-17.8279075622559,"Unknown"
"5020567",378626,2026-04-20 13:29:58,28.8506336212158,-17.8277378082275,"Unknown"
"5020567",378626,2026-04-20 13:30:59,28.8505954742432,-17.8274879455566,"Unknown"
"5020567",378626,2026-04-20 13:31:57,28.8481788635254,-17.830774307251,"Unknown"
"5020567",378626,2026-04-20 13:32:59,28.8516044616699,-17.8319149017334,"Unknown"
"5020567",378626,2026-04-20 13:34:05,28.8519897460938,-17.8339252471924,"Unknown"
"5020567",378626,2026-04-20 13:35:09,28.8512210845947,-17.8335227966309,"Unknown"
"5020567",378626,2026-04-20 13:36:02,28.8507041931152,-17.8327541351318,"Unknown"
"5020567",378626,2026-04-20 13:36:58,28.8500061035156,-17.8323574066162,"Unknown"
"5020567",378626,2026-04-20 13:37:58,28.8498115539551,-17.8326377868652,"Unknown"
"5020567",378626,2026-04-20 13:38:59,28.8492565155029,-17.8324642181396,"Unknown"
"5020567",378626,2026-04-20 13:40:12,28.8482646942139,-17.8320198059082,"Unknown"
"5020567",378626,2026-04-20 13:40:57,28.8476867675781,-17.8319644927979,"Unknown"
"5020567",378626,2026-04-20 13:41:58,28.8477210998535,-17.8313293457031,"Unknown"
"5020567",378626,2026-04-20 13:42:59,28.8478221893311,-17.8311023712158,"Unknown"
"5020567",378626,2026-04-20 13:44:26,28.849967956543,-17.8296375274658,"Unknown"
"5020567",378626,2026-04-20 13:46:03,28.8514823913574,-17.8288078308105,"Unknown"
"5020567",378626,2026-04-20 13:46:04,28.8514804840088,-17.8288078308105,"Unknown"
"5020567",378626,2026-04-20 13:47:08,28.8519859313965,-17.8276596069336,"Unknown"
"5020567",378626,2026-04-20 13:48:09,28.8519077301025,-17.8274002075195,"Unknown"
"5020567",378626,2026-04-20 13:49:08,28.8537712097168,-17.8275680541992,"Unknown"
"5020567",378626,2026-04-20 13:50:07,28.8572559356689,-17.8299255371094,"Unknown"
"5020567",378626,2026-04-20 13:51:10,28.8565540313721,-17.8313236236572,"Unknown"
"5020567",378626,2026-04-20 13:52:09,28.8564987182617,-17.8310813903809,"Unknown"
"5020567",378626,2026-04-20 13:53:07,28.8564567565918,-17.8308410644531,"Unknown"
"5020567",378626,2026-04-20 13:54:08,28.8573093414307,-17.8307495117188,"Unknown"
"5020567",378626,2026-04-20 13:55:09,28.8572063446045,-17.8304977416992,"Unknown"
"5020567",378626,2026-04-20 13:56:10,28.856372833252,-17.8296813964844,"Unknown"
"5020567",378626,2026-04-20 13:57:15,28.8562965393066,-17.8294334411621,"Unknown"
"5020567",378626,2026-04-20 13:58:09,28.8562488555908,-17.8292217254639,"Unknown"
"5020567",378626,2026-04-20 13:59:08,28.8604526519775,-17.8274765014648,"Unknown"
"5020567",378626,2026-04-20 14:01:32,28.8665103912354,-17.8236713409424,"Unknown"
"5020567",378626,2026-04-20 14:01:45,28.866247177124,-17.8238391876221,"Unknown"
"5020567",378626,2026-04-20 14:06:37,28.8538055419922,-17.8296184539795,"Unknown"
"5020567",378626,2026-04-20 14:11:38,28.8543567657471,-17.8308639526367,"Unknown"
"5020567",378626,2026-04-20 14:12:37,28.8543529510498,-17.8305473327637,"Unknown"
"5020567",378626,2026-04-20 14:13:37,28.8543643951416,-17.8302211761475,"Unknown"
"5020567",378626,2026-04-20 14:14:49,28.8556957244873,-17.8269824981689,"Unknown"
"5020567",378626,2026-04-20 14:15:37,28.8554878234863,-17.8259792327881,"Unknown"
"5020567",378626,2026-04-20 14:16:54,28.8557643890381,-17.8252220153809,"Unknown"
"5020567",378626,2026-04-20 14:17:38,28.8558044433594,-17.8249073028564,"Unknown"
"5020567",378626,2026-04-20 14:18:45,28.8553256988525,-17.8239727020264,"Unknown"
"5020567",378626,2026-04-20 14:19:39,28.8546829223633,-17.8236293792725,"Unknown"
"5020567",378626,2026-04-20 14:20:36,28.8547534942627,-17.8225784301758,"Unknown"
"5020567",378626,2026-04-20 14:21:38,28.8547382354736,-17.8222560882568,"Unknown"
"5020567",378626,2026-04-20 14:22:37,28.8551826477051,-17.8214244842529,"Unknown"
"5020567",378626,2026-04-20 14:23:37,28.855167388916,-17.8211364746094,"Unknown"
"5020567",378626,2026-04-20 14:24:37,28.8551349639893,-17.8207759857178,"Unknown"
"5020567",378626,2026-04-20 14:25:37,28.8551158905029,-17.8204307556152,"Unknown"
"5020567",378626,2026-04-20 14:26:36,28.8551025390625,-17.8200778961182,"Unknown"
"5020567",378626,2026-04-20 14:27:37,28.8551139831543,-17.8197650909424,"Unknown"
"5020567",378626,2026-04-20 14:28:36,28.8551139831543,-17.8194828033447,"Unknown"
"5020567",378626,2026-04-20 14:29:37,28.8550643920898,-17.8191757202148,"Unknown"
"5020567",378626,2026-04-20 14:30:37,28.8550281524658,-17.8188629150391,"Unknown"
"5020567",378626,2026-04-20 14:31:36,28.85498046875,-17.8185729980469,"Unknown"
"5020567",378626,2026-04-20 14:32:37,28.8549613952637,-17.8182640075684,"Unknown"
"5020567",378626,2026-04-20 14:33:36,28.854959487915,-17.8179626464844,"Unknown"
"5020567",378626,2026-04-20 14:34:37,28.854944229126,-17.8176860809326,"Unknown"
"5020567",378626,2026-04-20 14:35:36,28.8548965454102,-17.8173809051514,"Unknown"
"5020567",378626,2026-04-20 14:36:36,28.8548526763916,-17.817081451416,"Unknown"
"5020567",378626,2026-04-20 14:37:37,28.8548278808594,-17.8167915344238,"Unknown"
"5020567",378626,2026-04-20 14:38:37,28.8547840118408,-17.8164882659912,"Unknown"
"5020567",378626,2026-04-20 14:39:36,28.8547115325928,-17.8162174224854,"Unknown"
"5020567",378626,2026-04-20 14:40:37,28.8547229766846,-17.8159103393555,"Unknown"
"5020567",378626,2026-04-20 14:41:37,28.8547191619873,-17.8156204223633,"Unknown"
"5020567",378626,2026-04-20 14:42:37,28.8552913665771,-17.8153858184814,"Unknown"
"5020567",378626,2026-04-20 14:43:37,28.8552341461182,-17.8150196075439,"Unknown"
"5020567",378626,2026-04-20 14:44:36,28.8552093505859,-17.8147468566895,"Unknown"
"5020567",378626,2026-04-20 14:45:37,28.8552093505859,-17.8144779205322,"Unknown"
"5020567",378626,2026-04-20 14:46:37,28.8551616668701,-17.8141899108887,"Unknown"
"5020567",378626,2026-04-20 14:47:37,28.8551235198975,-17.8139209747314,"Unknown"
"5020567",378626,2026-04-20 14:48:37,28.855037689209,-17.8136520385742,"Unknown"
"5020567",378626,2026-04-20 14:49:36,28.8549308776855,-17.8133640289307,"Unknown"
"5020567",378626,2026-04-20 14:50:36,28.8548831939697,-17.8130054473877,"Unknown"
"5020567",378626,2026-04-20 14:51:38,28.8548336029053,-17.8127155303955,"Unknown"
"5020567",378626,2026-04-20 14:52:36,28.8547515869141,-17.8124370574951,"Unknown"
"5020567",378626,2026-04-20 14:53:36,28.8546924591064,-17.8121070861816,"Unknown"
"5020567",378626,2026-04-20 14:54:37,28.8546390533447,-17.811767578125,"Unknown"
"5020567",378626,2026-04-20 14:55:36,28.8545989990234,-17.8114681243896,"Unknown"
"5020567",378626,2026-04-20 14:56:36,28.8545150756836,-17.811128616333,"Unknown"
"5020567",378626,2026-04-20 14:57:36,28.8544940948486,-17.8108253479004,"Unknown"
"5020567",378626,2026-04-20 14:58:36,28.8544406890869,-17.8105545043945,"Unknown"
"5020567",378626,2026-04-20 14:59:41,28.8543739318848,-17.8102264404297,"Unknown"
"5020567",378626,2026-04-20 15:00:36,28.8543148040771,-17.8099899291992,"Unknown"
"5020567",378626,2026-04-20 15:01:36,28.8542518615723,-17.8097057342529,"Unknown"
"5020567",378626,2026-04-20 15:02:36,28.8542175292969,-17.8094158172607,"Unknown"
"5020567",378626,2026-04-20 15:03:36,28.8541641235352,-17.8091220855713,"Unknown"
"5020567",378626,2026-04-20 15:04:37,28.854133605957,-17.8088207244873,"Unknown"
"5020567",378626,2026-04-20 15:05:36,28.8541221618652,-17.8085460662842,"Unknown"
"5020567",378626,2026-04-20 15:06:38,28.8541374206543,-17.8082141876221,"Unknown"
"5020567",378626,2026-04-20 15:07:39,28.8541469573975,-17.8078651428223,"Unknown"
"5020567",378626,2026-04-20 15:08:36,28.8541488647461,-17.8075294494629,"Unknown"
"5020567",378626,2026-04-20 15:09:36,28.8541355133057,-17.8071746826172,"Unknown"
"5020567",378626,2026-04-20 15:10:36,28.8541011810303,-17.8068313598633,"Unknown"
"5020567",378626,2026-04-20 15:11:36,28.8540706634521,-17.8065185546875,"Unknown"
"5020567",378626,2026-04-20 15:12:38,28.8540630340576,-17.8061809539795,"Unknown"
"5020567",378626,2026-04-20 15:13:36,28.8540477752686,-17.8058605194092,"Unknown"
"5020567",378626,2026-04-20 15:14:36,28.8540287017822,-17.8055248260498,"Unknown"
"5020567",378626,2026-04-20 15:15:36,28.8539848327637,-17.805196762085,"Unknown"
"5020567",378626,2026-04-20 15:16:38,28.8539638519287,-17.8048362731934,"Unknown"
"5020567",378626,2026-04-20 15:17:36,28.8539352416992,-17.8044929504395,"Unknown"
"5020567",378626,2026-04-20 15:18:36,28.8539028167725,-17.8041248321533,"Unknown"
"5020567",378626,2026-04-20 15:19:36,28.853874206543,-17.8037586212158,"Unknown"
"5020567",378626,2026-04-20 15:20:36,28.8538360595703,-17.803409576416,"Unknown"
"5020567",378626,2026-04-20 15:21:38,28.853816986084,-17.8030128479004,"Unknown"
"5020567",378626,2026-04-20 15:22:36,28.8538055419922,-17.802640914917,"Unknown"
"5020567",378626,2026-04-20 15:23:38,28.8537979125977,-17.8022174835205,"Unknown"
"5020567",378626,2026-04-20 15:24:39,28.8537902832031,-17.8018016815186,"Unknown"
"5020567",378626,2026-04-20 15:26:03,28.8538188934326,-17.8012237548828,"Unknown"
"5020567",378626,2026-04-20 15:26:36,28.8538360595703,-17.8009872436523,"Unknown"
"5020567",378626,2026-04-20 15:27:36,28.8538608551025,-17.8005599975586,"Unknown"
"5020567",378626,2026-04-20 15:28:36,28.8538684844971,-17.8002223968506,"Unknown"
"5020567",378626,2026-04-20 15:29:36,28.8538246154785,-17.799825668335,"Unknown"
"5020567",378626,2026-04-20 15:30:36,28.8538036346436,-17.7994117736816,"Unknown"
"5020567",378626,2026-04-20 15:31:36,28.8538227081299,-17.7990055084229,"Unknown"
"5020567",378626,2026-04-20 15:32:36,28.853853225708,-17.7985668182373,"Unknown"
"5020567",378626,2026-04-20 15:33:36,28.8538856506348,-17.7981357574463,"Unknown"
"5020567",378626,2026-04-20 15:34:36,28.8539428710938,-17.7977180480957,"Unknown"
"5020567",378626,2026-04-20 15:35:36,28.8539657592773,-17.7973327636719,"Unknown"
"5020567",378626,2026-04-20 15:36:36,28.8539733886719,-17.7969627380371,"Unknown"
"5020567",378626,2026-04-20 15:37:36,28.8539543151855,-17.7965641021729,"Unknown"
"5020567",378626,2026-04-20 15:38:36,28.8539333343506,-17.7961902618408,"Unknown"
"5020567",378626,2026-04-20 15:39:36,28.8538856506348,-17.7958202362061,"Unknown"
"5020567",378626,2026-04-20 15:40:36,28.8538856506348,-17.7954635620117,"Unknown"
"5020567",378626,2026-04-20 15:41:36,28.8538799285889,-17.7950916290283,"Unknown"
"5020567",378626,2026-04-20 15:42:36,28.8538875579834,-17.7947006225586,"Unknown"
"5020567",378626,2026-04-20 15:43:36,28.8538761138916,-17.7943382263184,"Unknown"
"5020567",378626,2026-04-20 15:44:36,28.8538551330566,-17.7939605712891,"Unknown"
"5020567",378626,2026-04-20 15:45:36,28.8538188934326,-17.7936058044434,"Unknown"
"5020567",378626,2026-04-20 15:46:36,28.8537330627441,-17.7932262420654,"Unknown"
"5020567",378626,2026-04-20 15:47:36,28.8537044525146,-17.7928371429443,"Unknown"
"5020567",378626,2026-04-20 15:48:36,28.8536491394043,-17.7924518585205,"Unknown"
"5020567",378626,2026-04-20 15:49:36,28.853609085083,-17.7920742034912,"Unknown"
"5020567",378626,2026-04-20 15:50:36,28.8535652160645,-17.7916622161865,"Unknown"
"5020567",378626,2026-04-20 15:51:36,28.8535556793213,-17.7912197113037,"Unknown"
"5020567",378626,2026-04-20 15:52:36,28.8535270690918,-17.7908000946045,"Unknown"
"5020567",378626,2026-04-20 15:53:36,28.8534851074219,-17.7903900146484,"Unknown"
"5020567",378626,2026-04-20 15:54:36,28.8534660339355,-17.7899742126465,"Unknown"
"5020567",378626,2026-04-20 15:55:36,28.8534622192383,-17.7895202636719,"Unknown"
"5020567",378626,2026-04-20 15:56:36,28.8533878326416,-17.7890777587891,"Unknown"
"5020567",378626,2026-04-20 15:57:36,28.8533554077148,-17.7886829376221,"Unknown"
"5020567",378626,2026-04-20 15:58:36,28.8533115386963,-17.788257598877,"Unknown"
"5020567",378626,2026-04-20 15:59:36,28.8532180786133,-17.787784576416,"Unknown"
"5020567",378626,2026-04-20 16:00:36,28.8530864715576,-17.7873153686523,"Unknown"
"5020567",378626,2026-04-20 16:01:36,28.8529243469238,-17.7868347167969,"Unknown"
"5020567",378626,2026-04-20 16:02:36,28.8527736663818,-17.7863368988037,"Unknown"
"5020567",378626,2026-04-20 16:03:36,28.8526420593262,-17.7858276367188,"Unknown"
"5020567",378626,2026-04-20 16:04:36,28.8524837493896,-17.7853603363037,"Unknown"
"5020567",378626,2026-04-20 16:05:36,28.8523979187012,-17.7848796844482,"Unknown"
"5020567",378626,2026-04-20 16:06:36,28.8523426055908,-17.7844123840332,"Unknown"
"5020567",378626,2026-04-20 16:07:36,28.8522682189941,-17.7839221954346,"Unknown"
"5020567",378626,2026-04-20 16:08:36,28.8521728515625,-17.7835178375244,"Unknown"
"5020567",378626,2026-04-20 16:09:36,28.8520622253418,-17.7830505371094,"Unknown"
"5020567",378626,2026-04-20 16:10:36,28.8519802093506,-17.782657623291,"Unknown"
"5020567",378626,2026-04-20 16:11:36,28.8518753051758,-17.7822456359863,"Unknown"
"5020567",378626,2026-04-20 16:12:36,28.8518028259277,-17.7818431854248,"Unknown"
"5020567",378626,2026-04-20 16:13:36,28.8517093658447,-17.7814407348633,"Unknown"
"5020567",378626,2026-04-20 16:14:36,28.8516235351562,-17.7810440063477,"Unknown"
"5020567",378626,2026-04-20 16:15:36,28.8515872955322,-17.7806053161621,"Unknown"
"5020567",378626,2026-04-20 16:16:36,28.8537082672119,-17.7795543670654,"Unknown"
"5020567",378626,2026-04-20 16:17:36,28.85671043396,-17.7789039611816,"Unknown"
"5020567",378626,2026-04-20 16:18:37,28.8566455841064,-17.7785549163818,"Unknown"
"5020567",378626,2026-04-20 16:19:37,28.859073638916,-17.7769412994385,"Unknown"
"5020567",378626,2026-04-20 16:20:36,28.8592357635498,-17.7759284973145,"Unknown"
"5020567",378626,2026-04-20 16:21:36,28.858268737793,-17.7751216888428,"Unknown"
"5020567",378626,2026-04-20 16:22:36,28.8580665588379,-17.7747135162354,"Unknown"
"5020567",378626,2026-04-20 16:23:38,28.8561344146729,-17.7736988067627,"Unknown"
"5020567",378626,2026-04-20 16:24:36,28.8558673858643,-17.7733459472656,"Unknown"
"5020567",378626,2026-04-20 16:25:36,28.8556251525879,-17.7729949951172,"Unknown"
"5020567",378626,2026-04-20 16:26:36,28.8554000854492,-17.7726497650146,"Unknown"
"5020567",378626,2026-04-20 16:27:36,28.8551387786865,-17.7723217010498,"Unknown"
"5020567",378626,2026-04-20 16:28:36,28.8549118041992,-17.7720184326172,"Unknown"
"5020567",378626,2026-04-20 16:29:38,28.8546581268311,-17.7717304229736,"Unknown"
"5020567",378626,2026-04-20 16:30:36,28.8544464111328,-17.7713890075684,"Unknown"
"5020567",378626,2026-04-20 16:31:36,28.8542728424072,-17.7709808349609,"Unknown"
"5020567",378626,2026-04-20 16:32:36,28.8540954589844,-17.7705554962158,"Unknown"
"5020567",378626,2026-04-20 16:33:36,28.8539237976074,-17.7701606750488,"Unknown"
"5020567",378626,2026-04-20 16:34:37,28.8527984619141,-17.7706604003906,"Unknown"
"5020567",378626,2026-04-20 16:35:37,28.8488445281982,-17.7733402252197,"Unknown"
"5020567",378626,2026-04-20 16:36:38,28.8485794067383,-17.7730026245117,"Unknown"
"5020567",378626,2026-04-20 16:37:36,28.8483066558838,-17.7726192474365,"Unknown"
"5020567",378626,2026-04-20 16:38:36,28.8480682373047,-17.7722244262695,"Unknown"
"5020567",378626,2026-04-20 16:39:36,28.8478736877441,-17.771879196167,"Unknown"
"5020567",378626,2026-04-20 16:40:36,28.8476428985596,-17.7715339660645,"Unknown"
"5020567",378626,2026-04-20 16:41:36,28.8474273681641,-17.771183013916,"Unknown"
"5020567",378626,2026-04-20 16:42:36,28.8481884002686,-17.7711658477783,"Unknown"
"5020567",378626,2026-04-20 16:43:37,28.8524284362793,-17.7698650360107,"Unknown"
"5020567",378626,2026-04-20 16:44:36,28.8535842895508,-17.7723941802979,"Unknown"
"5020567",378626,2026-04-20 16:45:36,28.855318069458,-17.7750816345215,"Unknown"
"5020567",378626,2026-04-20 16:46:36,28.8561344146729,-17.7751407623291,"Unknown"
"5020567",378626,2026-04-20 16:47:37,28.8572807312012,-17.7765483856201,"Unknown"
"5020567",378626,2026-04-20 16:48:36,28.8570499420166,-17.7762603759766,"Unknown"
"5020567",378626,2026-04-20 16:49:36,28.8569049835205,-17.7758636474609,"Unknown"
"5020567",378626,2026-04-20 16:50:36,28.8567161560059,-17.7755470275879,"Unknown"
"5020567",378626,2026-04-20 16:51:36,28.856517791748,-17.7752208709717,"Unknown"
"5020567",378626,2026-04-20 16:52:37,28.8553161621094,-17.7753887176514,"Unknown"
"5020567",378626,2026-04-20 16:53:36,28.8530712127686,-17.7755546569824,"Unknown"
"5020567",378626,2026-04-20 16:54:36,28.852855682373,-17.7751960754395,"Unknown"
"5020567",378626,2026-04-20 16:55:36,28.8526191711426,-17.774808883667,"Unknown"
"5020567",378626,2026-04-20 16:56:36,28.8523921966553,-17.7744407653809,"Unknown"
"5020567",378626,2026-04-20 16:57:36,28.8521556854248,-17.774055480957,"Unknown"
"5020567",378626,2026-04-20 16:58:36,28.8519649505615,-17.773717880249,"Unknown"
"5020567",378626,2026-04-20 16:59:36,28.8517322540283,-17.7733707427979,"Unknown"
"5020567",378626,2026-04-20 17:00:36,28.8514766693115,-17.7730445861816,"Unknown"
"5020567",378626,2026-04-20 17:01:37,28.8506469726562,-17.7737083435059,"Unknown"
"5020567",378626,2026-04-20 17:02:37,28.8525505065918,-17.7729930877686,"Unknown"
"5020567",378626,2026-04-20 17:03:38,28.8561744689941,-17.7713413238525,"Unknown"
"5020567",378626,2026-04-20 17:04:36,28.855978012085,-17.7710247039795,"Unknown"
"5020567",378626,2026-04-20 17:05:37,28.855806350708,-17.7707386016846,"Unknown"
"5020567",378626,2026-04-20 17:06:36,28.8556594848633,-17.7704124450684,"Unknown"
"5020567",378626,2026-04-20 17:07:37,28.8554553985596,-17.7700538635254,"Unknown"
"5020567",378626,2026-04-20 17:08:36,28.8552951812744,-17.7697296142578,"Unknown"
"5020567",378626,2026-04-20 17:09:37,28.8551006317139,-17.7693881988525,"Unknown"
"5020567",378626,2026-04-20 17:10:37,28.8548698425293,-17.76904296875,"Unknown"
"5020567",378626,2026-04-20 17:11:38,28.8546733856201,-17.7687187194824,"Unknown"
"5020567",378626,2026-04-20 17:12:36,28.8545188903809,-17.7684268951416,"Unknown"
"5020567",378626,2026-04-20 17:13:36,28.8543586730957,-17.7681007385254,"Unknown"
"5020567",378626,2026-04-20 17:14:37,28.854190826416,-17.7677516937256,"Unknown"
"5020567",378626,2026-04-20 17:15:38,28.8540344238281,-17.7673835754395,"Unknown"
"5020567",378626,2026-04-20 17:16:37,28.8538665771484,-17.7671089172363,"Unknown"
"5020567",378626,2026-04-20 17:17:36,28.8536834716797,-17.766845703125,"Unknown"
"5020567",378626,2026-04-20 17:18:36,28.8535060882568,-17.7665271759033,"Unknown"
"5020567",378626,2026-04-20 17:19:36,28.85329246521,-17.7661437988281,"Unknown"
"5020567",378626,2026-04-20 17:20:36,28.8530616760254,-17.765775680542,"Unknown"
"5020567",378626,2026-04-20 17:21:36,28.8528232574463,-17.7654418945312,"Unknown"
"5020567",378626,2026-04-20 17:22:38,28.852560043335,-17.7650852203369,"Unknown"
"5020567",378626,2026-04-20 17:23:37,28.8523368835449,-17.7648029327393,"Unknown"
"5020567",378626,2026-04-20 17:24:37,28.8520984649658,-17.7644100189209,"Unknown"
"5020567",378626,2026-04-20 17:25:37,28.851900100708,-17.7641162872314,"Unknown"
"5020567",378626,2026-04-20 17:26:36,28.8517169952393,-17.7637996673584,"Unknown"
"5020567",378626,2026-04-20 17:27:37,28.8515281677246,-17.7634983062744,"Unknown"
"5020567",378626,2026-04-20 17:28:37,28.8512954711914,-17.7631225585938,"Unknown"
"5020567",378626,2026-04-20 17:29:37,28.8510990142822,-17.7627792358398,"Unknown"
"5020567",378626,2026-04-20 17:30:38,28.850887298584,-17.7624435424805,"Unknown"
"5020567",378626,2026-04-20 17:31:37,28.8507080078125,-17.7621402740479,"Unknown"
"5020567",378626,2026-04-20 17:32:37,28.8504981994629,-17.7618141174316,"Unknown"
"5020567",378626,2026-04-20 17:33:38,28.8503036499023,-17.7615814208984,"Unknown"
"5020567",378626,2026-04-20 17:34:39,28.8500537872314,-17.7612190246582,"Unknown"
"5020567",378626,2026-04-20 17:35:39,28.8498268127441,-17.7609043121338,"Unknown"
"5020567",378626,2026-04-20 17:36:37,28.8496475219727,-17.7605838775635,"Unknown"
"5020567",378626,2026-04-20 17:37:38,28.8494472503662,-17.7602634429932,"Unknown"
"5020567",378626,2026-04-20 17:38:38,28.8492164611816,-17.7599582672119,"Unknown"
"5020567",378626,2026-04-20 17:39:39,28.8489570617676,-17.7596263885498,"Unknown"
"5020567",378626,2026-04-20 17:40:37,28.8487281799316,-17.7593021392822,"Unknown"
"5020567",378626,2026-04-20 17:41:37,28.8485126495361,-17.75901222229,"Unknown"
"5020567",378626,2026-04-20 17:42:38,28.8482933044434,-17.7586669921875,"Unknown"
"5020567",378626,2026-04-20 17:43:37,28.8480548858643,-17.758373260498,"Unknown"
"5020567",378626,2026-04-20 17:44:38,28.8478584289551,-17.7580604553223,"Unknown"
"5020567",378626,2026-04-20 17:45:38,28.8475894927979,-17.7577075958252,"Unknown"
"5020567",378626,2026-04-20 17:46:39,28.8473701477051,-17.7573852539062,"Unknown"
"5020567",378626,2026-04-20 17:47:39,28.8471298217773,-17.7570838928223,"Unknown"
"5020567",378626,2026-04-20 17:48:38,28.8468971252441,-17.7567749023438,"Unknown"
"5020567",378626,2026-04-20 17:49:40,28.8466339111328,-17.7565307617188,"Unknown"
"5020567",378626,2026-04-20 17:50:38,28.8463668823242,-17.7562141418457,"Unknown"
"5020567",378626,2026-04-20 17:51:39,28.8461380004883,-17.7559242248535,"Unknown"
"5020567",378626,2026-04-20 17:52:40,28.8459491729736,-17.7556571960449,"Unknown"
"5020567",378626,2026-04-20 17:53:42,28.8457050323486,-17.7553272247314,"Unknown"
"5020567",378626,2026-04-20 17:55:03,28.8453521728516,-17.754955291748,"Unknown"
"5020567",378626,2026-04-20 17:55:38,28.8452053070068,-17.7548046112061,"Unknown"
"5020567",378626,2026-04-20 17:56:37,28.8449611663818,-17.754524230957,"Unknown"
"5020567",378626,2026-04-20 17:57:37,28.8447284698486,-17.7542476654053,"Unknown"
"5020567",378626,2026-04-20 17:58:37,28.8445053100586,-17.753942489624,"Unknown"
"5020567",378626,2026-04-20 17:59:37,28.8442668914795,-17.7537040710449,"Unknown"
"5020567",378626,2026-04-20 18:00:38,28.8440437316895,-17.7534370422363,"Unknown"
"5020567",378626,2026-04-20 18:01:37,28.8438167572021,-17.7531852722168,"Unknown"
"5020567",378626,2026-04-20 18:02:37,28.8435478210449,-17.7529582977295,"Unknown"
"5020567",378626,2026-04-20 18:03:37,28.8432579040527,-17.7527008056641,"Unknown"
"5020567",378626,2026-04-20 18:04:37,28.8429946899414,-17.7524909973145,"Unknown"
"5020567",378626,2026-04-20 18:05:38,28.8427505493164,-17.7521705627441,"Unknown"
"5020567",378626,2026-04-20 18:06:38,28.8424873352051,-17.7519016265869,"Unknown"
"5020567",378626,2026-04-20 18:07:37,28.8422393798828,-17.7516326904297,"Unknown"
"5020567",378626,2026-04-20 18:08:38,28.8435096740723,-17.7492351531982,"Unknown"
"5020567",378626,2026-04-20 18:09:38,28.8480224609375,-17.7443008422852,"Unknown"
"5020567",378626,2026-04-20 18:10:38,28.8431739807129,-17.7427997589111,"Unknown"
"5020567",378626,2026-04-20 18:11:38,28.8365612030029,-17.7428283691406,"Unknown"
"5020567",378626,2026-04-20 18:12:37,28.8303852081299,-17.7427215576172,"Unknown"
"5020567",378626,2026-04-20 18:13:38,28.8322315216064,-17.7367706298828,"Unknown"
"5020567",378626,2026-04-20 18:14:38,28.8262786865234,-17.7360687255859,"Unknown"
"5020567",378626,2026-04-20 18:15:38,28.8202705383301,-17.736572265625,"Unknown"
"5020567",378626,2026-04-20 18:16:38,28.8138275146484,-17.7384510040283,"Unknown"
"5020567",378626,2026-04-20 18:17:39,28.8073348999023,-17.7390289306641,"Unknown"
"5020567",378626,2026-04-20 18:18:37,28.8080043792725,-17.7379207611084,"Unknown"
"5020567",378626,2026-04-20 18:19:38,28.8076648712158,-17.7377834320068,"Unknown"
"5020567",378626,2026-04-20 18:20:38,28.8073387145996,-17.7376289367676,"Unknown"
"5020567",378626,2026-04-20 18:21:37,28.8070163726807,-17.73752784729,"Unknown"
"5020567",378626,2026-04-20 18:22:38,28.806661605835,-17.7373752593994,"Unknown"
"5020567",378626,2026-04-20 18:23:38,28.8063488006592,-17.7372303009033,"Unknown"
"5020567",378626,2026-04-20 18:24:37,28.8059864044189,-17.7370834350586,"Unknown"
"5020567",378626,2026-04-20 18:25:38,28.8056201934814,-17.7369842529297,"Unknown"
"5020567",378626,2026-04-20 18:26:37,28.8052825927734,-17.7369079589844,"Unknown"
"5020567",378626,2026-04-20 18:27:37,28.8049392700195,-17.7367572784424,"Unknown"
"5020567",378626,2026-04-20 18:28:38,28.8045825958252,-17.7366352081299,"Unknown"
"5020567",378626,2026-04-20 18:29:38,28.8042697906494,-17.7364711761475,"Unknown"
"5020567",378626,2026-04-20 18:30:38,28.8039245605469,-17.7363319396973,"Unknown"
"5020567",378626,2026-04-20 18:31:38,28.8036594390869,-17.7362289428711,"Unknown"
"5020567",378626,2026-04-20 18:32:38,28.8033351898193,-17.7361316680908,"Unknown"
"5020567",378626,2026-04-20 18:33:38,28.8030128479004,-17.7359561920166,"Unknown"
"5020567",378626,2026-04-20 18:34:38,28.8026866912842,-17.7358207702637,"Unknown"
"5020567",378626,2026-04-20 18:35:38,28.8023281097412,-17.7356986999512,"Unknown"
"5020567",378626,2026-04-20 18:36:38,28.8019962310791,-17.7356071472168,"Unknown"
"5020567",378626,2026-04-20 18:37:37,28.8016757965088,-17.7354717254639,"Unknown"
"5020567",378626,2026-04-20 18:38:38,28.8013515472412,-17.7353610992432,"Unknown"
"5020567",378626,2026-04-20 18:39:37,28.8010063171387,-17.7352409362793,"Unknown"
"5020567",378626,2026-04-20 18:40:38,28.8006572723389,-17.7351360321045,"Unknown"
"5020567",378626,2026-04-20 18:41:37,28.8003387451172,-17.7350730895996,"Unknown"
"5020567",378626,2026-04-20 18:42:37,28.7999801635742,-17.734935760498,"Unknown"
"5020567",378626,2026-04-20 18:43:38,28.7996139526367,-17.7348365783691,"Unknown"
"5020567",378626,2026-04-20 18:44:38,28.7992382049561,-17.7347297668457,"Unknown"
"5020567",378626,2026-04-20 18:45:38,28.7988834381104,-17.7345352172852,"Unknown"
"5020567",378626,2026-04-20 18:46:39,28.7985324859619,-17.7343330383301,"Unknown"
"5020567",378626,2026-04-20 18:47:38,28.7981853485107,-17.7341442108154,"Unknown"
"5020567",378626,2026-04-20 18:48:37,28.7978630065918,-17.7339935302734,"Unknown"
"5020567",378626,2026-04-20 18:49:38,28.7953796386719,-17.7333812713623,"Unknown"
"5020567",378626,2026-04-20 18:50:38,28.790412902832,-17.7349128723145,"Unknown"
"5020567",378626,2026-04-20 18:51:38,28.79026222229,-17.734790802002,"Unknown"
"5020567",378626,2026-04-20 18:52:38,28.7900848388672,-17.7346820831299,"Unknown"
"5020567",378626,2026-04-20 18:53:38,28.7898559570312,-17.7345447540283,"Unknown"
"5020567",378626,2026-04-20 18:54:37,28.7896537780762,-17.7344093322754,"Unknown"
"5020567",378626,2026-04-20 18:55:37,28.7893981933594,-17.7342910766602,"Unknown"
"5020567",378626,2026-04-20 18:56:39,28.7891902923584,-17.73415184021,"Unknown"
"5020567",378626,2026-04-20 18:57:37,28.7889461517334,-17.7339496612549,"Unknown"
"5020567",378626,2026-04-20 18:58:37,28.7886524200439,-17.7338638305664,"Unknown"
"5020567",378626,2026-04-20 18:59:38,28.7884674072266,-17.7338180541992,"Unknown"
"5020567",378626,2026-04-20 19:00:38,28.7882385253906,-17.7337226867676,"Unknown"
"5020567",378626,2026-04-20 19:01:37,28.7880229949951,-17.7336597442627,"Unknown"
"5020567",378626,2026-04-20 19:02:37,28.7877292633057,-17.7335300445557,"Unknown"
"5020567",378626,2026-04-20 19:03:38,28.7859973907471,-17.7316436767578,"Unknown"
"5020567",378626,2026-04-20 19:04:38,28.7826251983643,-17.7316665649414,"Unknown"
"5020567",378626,2026-04-20 19:05:38,28.7824802398682,-17.7315254211426,"Unknown"
"5020567",378626,2026-04-20 19:06:38,28.782356262207,-17.7313404083252,"Unknown"
"5020567",378626,2026-04-20 19:07:41,28.7821979522705,-17.7311611175537,"Unknown"
"5020567",378626,2026-04-20 19:08:37,28.7820472717285,-17.7309989929199,"Unknown"
"5020567",378626,2026-04-20 19:09:37,28.7818698883057,-17.7308216094971,"Unknown"
"5020567",378626,2026-04-20 19:10:38,28.7816543579102,-17.7306346893311,"Unknown"
"5020567",378626,2026-04-20 19:11:39,28.7814559936523,-17.7304153442383,"Unknown"
"5020567",378626,2026-04-20 19:12:38,28.7778072357178,-17.7285652160645,"Unknown"
"5020567",378626,2026-04-20 19:13:38,28.7777328491211,-17.7284679412842,"Unknown"
"5020567",378626,2026-04-20 19:14:38,28.7776279449463,-17.7282657623291,"Unknown"
"5020567",378626,2026-04-20 19:15:39,28.7774505615234,-17.7268047332764,"Unknown"
"5020567",378626,2026-04-20 19:16:39,28.7771587371826,-17.7266368865967,"Unknown"
"5020567",378626,2026-04-20 19:17:37,28.776912689209,-17.726526260376,"Unknown"
"5020567",378626,2026-04-20 19:18:38,28.7766914367676,-17.7263603210449,"Unknown"
"5020567",378626,2026-04-20 19:19:38,28.7764492034912,-17.7262725830078,"Unknown"
"5020567",378626,2026-04-20 19:20:39,28.7762241363525,-17.726203918457,"Unknown"
"5020567",378626,2026-04-20 19:21:37,28.7760810852051,-17.7261772155762,"Unknown"
"5020567",378626,2026-04-20 19:22:37,28.7759609222412,-17.726053237915,"Unknown"
"5020567",378626,2026-04-20 19:23:38,28.7757968902588,-17.7259273529053,"Unknown"
"5020567",378626,2026-04-20 19:24:38,28.7756099700928,-17.7257213592529,"Unknown"
"5020567",378626,2026-04-20 19:25:37,28.7753639221191,-17.7255172729492,"Unknown"
"5020567",378626,2026-04-20 19:26:37,28.7751922607422,-17.7253074645996,"Unknown"
"5020567",378626,2026-04-20 19:27:39,28.7733345031738,-17.7230796813965,"Unknown"
"5020567",378626,2026-04-20 19:28:51,28.7726993560791,-17.723201751709,"Unknown"
"5020567",378626,2026-04-20 19:33:38,28.7711963653564,-17.7216033935547,"Unknown"
"5020567",378626,2026-04-20 19:38:37,28.771068572998,-17.7222061157227,"Unknown"
"5020567",378626,2026-04-20 19:43:38,28.7695026397705,-17.7205848693848,"Unknown"
"5020567",378626,2026-04-20 19:48:37,28.7684345245361,-17.7201480865479,"Unknown"
"5020567",378626,2026-04-20 19:53:39,28.7682857513428,-17.721715927124,"Unknown"
"5020567",378626,2026-04-20 19:58:39,28.7682971954346,-17.7261028289795,"Unknown"
"5020567",378626,2026-04-20 20:04:02,28.767520904541,-17.7256813049316,"Unknown"
"5020567",378626,2026-04-20 20:04:37,28.7674236297607,-17.7256641387939,"Unknown"
"5020567",378626,2026-04-20 20:05:37,28.7672996520996,-17.7255992889404,"Unknown"
"5020567",378626,2026-04-20 20:06:37,28.7672100067139,-17.725528717041,"Unknown"
"5020567",378626,2026-04-20 20:07:39,28.7670879364014,-17.7254638671875,"Unknown"
"5020567",378626,2026-04-20 20:08:38,28.766996383667,-17.7254104614258,"Unknown"
"5020567",378626,2026-04-20 20:09:37,28.7702026367188,-17.7280464172363,"Unknown"
"5020567",378626,2026-04-20 20:10:37,28.7715511322021,-17.7270584106445,"Unknown"
"5020567",378626,2026-04-20 20:11:37,28.7713985443115,-17.7270221710205,"Unknown"
"5020567",378626,2026-04-20 20:12:37,28.7712688446045,-17.7269172668457,"Unknown"
"5020567",378626,2026-04-20 20:13:37,28.7711181640625,-17.7268314361572,"Unknown"
"5020567",378626,2026-04-20 20:14:37,28.7710056304932,-17.7267551422119,"Unknown"
"5020567",378626,2026-04-20 20:15:38,28.7708873748779,-17.7266807556152,"Unknown"
"5020567",378626,2026-04-20 20:16:39,28.7707595825195,-17.7266025543213,"Unknown"
"5020567",378626,2026-04-20 20:17:37,28.7706165313721,-17.7264881134033,"Unknown"
"5020567",378626,2026-04-20 20:18:38,28.7705097198486,-17.7263965606689,"Unknown"
"5020567",378626,2026-04-20 20:19:38,28.770378112793,-17.7263240814209,"Unknown"
"5020567",378626,2026-04-20 20:20:38,28.77024269104,-17.7262134552002,"Unknown"
"5020567",378626,2026-04-20 20:21:38,28.7701606750488,-17.7261066436768,"Unknown"
"5020567",378626,2026-04-20 20:22:38,28.7700443267822,-17.7259998321533,"Unknown"
"5020567",378626,2026-04-20 20:23:37,28.7699298858643,-17.7258625030518,"Unknown"
"5020567",378626,2026-04-20 20:24:38,28.7698230743408,-17.7257270812988,"Unknown"
"5020567",378626,2026-04-20 20:25:37,28.7697162628174,-17.7256278991699,"Unknown"
"5020567",378626,2026-04-20 20:26:38,28.7695713043213,-17.7255401611328,"Unknown"
"5020567",378626,2026-04-20 20:27:37,28.7694644927979,-17.7254600524902,"Unknown"
"5020567",378626,2026-04-20 20:28:38,28.7693328857422,-17.7253742218018,"Unknown"
"5020567",378626,2026-04-20 20:29:38,28.7692070007324,-17.7252922058105,"Unknown"
"5020567",378626,2026-04-20 20:30:37,28.7691040039062,-17.7252292633057,"Unknown"
"5020567",378626,2026-04-20 20:31:37,28.7689933776855,-17.7251415252686,"Unknown"
"5020567",378626,2026-04-20 20:32:37,28.7688865661621,-17.7250804901123,"Unknown"
"5020567",378626,2026-04-20 20:33:38,28.7687511444092,-17.725025177002,"Unknown"
"5020567",378626,2026-04-20 20:34:38,28.7685966491699,-17.7249584197998,"Unknown"
"5020567",378626,2026-04-20 20:35:38,28.7684478759766,-17.7249069213867,"Unknown"
"5020567",378626,2026-04-20 20:40:37,28.7678565979004,-17.7245635986328,"Unknown"
"5020567",378626,2026-04-20 20:45:37,28.7672691345215,-17.7244701385498,"Unknown"
"5020567",378626,2026-04-20 20:50:37,28.7666797637939,-17.7243614196777,"Unknown"
"5020567",378626,2026-04-20 20:55:37,28.7661285400391,-17.7242584228516,"Unknown"
"5020567",378626,2026-04-20 21:00:38,28.7657070159912,-17.7241134643555,"Unknown"
"5020567",378626,2026-04-20 21:05:38,28.7653770446777,-17.7235851287842,"Unknown"
"5020567",378626,2026-04-20 21:10:38,28.7649211883545,-17.723217010498,"Unknown"
"5020567",378626,2026-04-20 21:15:38,28.764274597168,-17.7228851318359,"Unknown"
"5020567",378626,2026-04-20 21:20:37,28.7636756896973,-17.7224712371826,"Unknown"
"5020567",378626,2026-04-20 21:25:37,28.7631034851074,-17.7221355438232,"Unknown"
"5020567",378626,2026-04-20 21:30:39,28.7624187469482,-17.7218551635742,"Unknown"
"5020567",378626,2026-04-20 21:35:38,28.7616958618164,-17.7216186523438,"Unknown"
"5020567",378626,2026-04-20 21:40:38,28.7610549926758,-17.7214317321777,"Unknown"
"5020567",378626,2026-04-20 21:45:37,28.7603435516357,-17.7212371826172,"Unknown"
"5020567",378626,2026-04-20 21:50:38,28.7597751617432,-17.7210578918457,"Unknown"
"5020567",378626,2026-04-20 21:55:38,28.75954246521,-17.7210121154785,"Unknown"
"5020567",378626,2026-04-20 22:00:38,28.7614059448242,-17.7210903167725,"Unknown"
"5020567",378626,2026-04-20 22:05:38,28.7607498168945,-17.720666885376,"Unknown"
"5020567",378626,2026-04-20 22:10:38,28.7600345611572,-17.7202377319336,"Unknown"
"5020567",378626,2026-04-20 22:15:38,28.7595100402832,-17.719705581665,"Unknown"
"5020567",378626,2026-04-20 22:20:39,28.758903503418,-17.7193031311035,"Unknown"
"5020567",378626,2026-04-20 22:25:39,28.75830078125,-17.7187004089355,"Unknown"
"5020567",378626,2026-04-20 22:30:40,28.7574520111084,-17.7182445526123,"Unknown"
"5020567",378626,2026-04-20 22:35:40,28.7567520141602,-17.7176914215088,"Unknown"
"5020567",378626,2026-04-20 22:40:38,28.7560615539551,-17.7172164916992,"Unknown"
"5020567",378626,2026-04-20 22:46:03,28.755277633667,-17.7167186737061,"Unknown"
"5020567",378626,2026-04-20 22:50:38,28.7547969818115,-17.7162818908691,"Unknown"
"5020567",378626,2026-04-20 22:55:38,28.7541885375977,-17.7157039642334,"Unknown"
"5020567",378626,2026-04-20 23:00:37,28.7537021636963,-17.7153434753418,"Unknown"
"5020567",378626,2026-04-20 23:05:37,28.7533340454102,-17.7149829864502,"Unknown"
"5020567",378626,2026-04-20 23:10:38,28.7529697418213,-17.7146873474121,"Unknown"
"5020567",378626,2026-04-20 23:15:39,28.7526741027832,-17.7142734527588,"Unknown"
"5020567",378626,2026-04-20 23:20:37,28.7523670196533,-17.713960647583,"Unknown"
"5020567",378626,2026-04-20 23:25:38,28.7519817352295,-17.7137889862061,"Unknown"
"5020567",378626,2026-04-20 23:30:37,28.7498779296875,-17.7239952087402,"Unknown"
"5020567",378626,2026-04-20 23:35:39,28.7504806518555,-17.7272052764893,"Unknown"
"5020567",378626,2026-04-20 23:40:38,28.7356243133545,-17.7287292480469,"Unknown"
"5020567",378626,2026-04-20 23:41:37,28.7307872772217,-17.7306632995605,"Unknown"
"5020567",378626,2026-04-20 23:42:37,28.7256927490234,-17.7311534881592,"Unknown"
"5020567",378626,2026-04-20 23:43:39,28.72119140625,-17.7292556762695,"Unknown"
"5020567",378626,2026-04-20 23:44:37,28.7186145782471,-17.7351589202881,"Unknown"
"5020567",378626,2026-04-20 23:45:37,28.7145099639893,-17.7397079467773,"Unknown"
"5020567",378626,2026-04-20 23:46:37,28.7115879058838,-17.7449836730957,"Unknown"
"5020567",378626,2026-04-20 23:47:38,28.7066650390625,-17.7498989105225,"Unknown"
"5020567",378626,2026-04-20 23:48:37,28.709077835083,-17.7547016143799,"Unknown"
"5020567",378626,2026-04-20 23:49:38,28.7112293243408,-17.7568988800049,"Unknown"
"5020567",378626,2026-04-20 23:50:37,28.705904006958,-17.75510597229,"Unknown"
"5020567",378626,2026-04-20 23:51:40,28.7025737762451,-17.7545547485352,"Unknown"
"5020567",378626,2026-04-20 23:52:38,28.7010250091553,-17.7532615661621,"Unknown"
"5020567",378626,2026-04-20 23:53:39,28.7059230804443,-17.7563915252686,"Unknown"
"5020567",378626,2026-04-20 23:54:37,28.7114105224609,-17.7565326690674,"Unknown"
"5020567",378626,2026-04-20 23:55:38,28.7124862670898,-17.7570781707764,"Unknown"
"5020567",378626,2026-04-20 23:56:37,28.7065944671631,-17.7553901672363,"Unknown"
"5020567",378626,2026-04-20 23:57:37,28.7081813812256,-17.7545394897461,"Unknown"
"5020567",378626,2026-04-20 23:58:37,28.7110328674316,-17.7574214935303,"Unknown"
"5020567",378626,2026-04-20 23:59:38,28.7086601257324,-17.754467010498,"Unknown"
"5020567",378626,2026-04-21 00:01:11,28.7006225585938,-17.749584197998,"Unknown"
"5020567",378626,2026-04-21 00:01:37,28.6987285614014,-17.7481632232666,"Unknown"
"5020567",378626,2026-04-21 00:02:37,28.6972332000732,-17.7502861022949,"Unknown"
"5020567",378626,2026-04-21 00:03:37,28.6936683654785,-17.7554244995117,"Unknown"
"5020567",378626,2026-04-21 00:04:38,28.6948223114014,-17.7581367492676,"Unknown"
"5020567",378626,2026-04-21 00:05:37,28.6988868713379,-17.7626457214355,"Unknown"
"5020567",378626,2026-04-21 00:06:37,28.6965789794922,-17.7653045654297,"Unknown"
"5020567",378626,2026-04-21 00:07:38,28.6918163299561,-17.769401550293,"Unknown"
"5020567",378626,2026-04-21 00:08:39,28.6887035369873,-17.7713356018066,"Unknown"
"5020567",378626,2026-04-21 00:09:37,28.6898422241211,-17.7765560150146,"Unknown"
"5020567",378626,2026-04-21 00:10:37,28.6939811706543,-17.7755088806152,"Unknown"
"5020567",378626,2026-04-21 00:11:38,28.6946659088135,-17.7723083496094,"Unknown"
"5020567",378626,2026-04-21 00:12:37,28.6892738342285,-17.7695140838623,"Unknown"
"5020567",378626,2026-04-21 00:13:37,28.682897567749,-17.7705192565918,"Unknown"
"5020567",378626,2026-04-21 00:14:37,28.6766910552979,-17.7692489624023,"Unknown"
"5020567",378626,2026-04-21 00:15:38,28.6706504821777,-17.7698192596436,"Unknown"
"5020567",378626,2026-04-21 00:16:39,28.6754245758057,-17.7728481292725,"Unknown"
"5020567",378626,2026-04-21 00:17:39,28.6807231903076,-17.774974822998,"Unknown"
"5020567",378626,2026-04-21 00:18:39,28.6859645843506,-17.7728843688965,"Unknown"
"5020567",378626,2026-04-21 00:19:38,28.6861801147461,-17.7663478851318,"Unknown"
"5020567",378626,2026-04-21 00:20:38,28.6847801208496,-17.7591667175293,"Unknown"
"5020567",378626,2026-04-21 00:21:37,28.6849689483643,-17.7516803741455,"Unknown"
"5020567",378626,2026-04-21 00:22:38,28.6862907409668,-17.7438125610352,"Unknown"
"5020567",378626,2026-04-21 00:23:37,28.6924247741699,-17.7433834075928,"Unknown"
"5020567",378626,2026-04-21 00:24:37,28.6983032226562,-17.7438926696777,"Unknown"
"5020567",378626,2026-04-21 00:25:37,28.7023220062256,-17.7430877685547,"Unknown"
"5020567",378626,2026-04-21 00:26:38,28.7066993713379,-17.7439498901367,"Unknown"
"5020567",378626,2026-04-21 00:27:37,28.7122802734375,-17.742301940918,"Unknown"
"5020567",378626,2026-04-21 00:28:38,28.7183628082275,-17.7403755187988,"Unknown"
"5020567",378626,2026-04-21 00:29:37,28.7242450714111,-17.738094329834,"Unknown"
"5020567",378626,2026-04-21 00:30:37,28.7303371429443,-17.734655380249,"Unknown"
"5020567",378626,2026-04-21 00:31:39,28.7369441986084,-17.7320575714111,"Unknown"
"5020567",378626,2026-04-21 00:32:37,28.743236541748,-17.7302284240723,"Unknown"
"5020567",378626,2026-04-21 00:33:37,28.7497043609619,-17.7314987182617,"Unknown"
"5020567",378626,2026-04-21 00:34:37,28.7553100585938,-17.7331695556641,"Unknown"
"5020567",378626,2026-04-21 00:35:37,28.7581405639648,-17.7385673522949,"Unknown"
"5020567",378626,2026-04-21 00:36:37,28.7592449188232,-17.7388439178467,"Unknown"
"5020567",378626,2026-04-21 00:37:43,28.7585678100586,-17.7356910705566,"Unknown"
"5020567",378626,2026-04-21 00:38:41,28.7573204040527,-17.7341709136963,"Unknown"
"5020567",378626,2026-04-21 00:39:37,28.7558879852295,-17.7383937835693,"Unknown"
"5020567",378626,2026-04-21 00:40:37,28.7553443908691,-17.7457485198975,"Unknown"
"5020567",378626,2026-04-21 00:41:37,28.7537288665771,-17.7507858276367,"Unknown"
"5020567",378626,2026-04-21 00:42:37,28.7489166259766,-17.748363494873,"Unknown"
"5020567",378626,2026-04-21 00:43:37,28.7440204620361,-17.7461109161377,"Unknown"
"5020567",378626,2026-04-21 00:44:37,28.7423515319824,-17.7432823181152,"Unknown"
"5020567",378626,2026-04-21 00:45:37,28.7369346618652,-17.7449722290039,"Unknown"
"5020567",378626,2026-04-21 00:46:37,28.7318000793457,-17.7458610534668,"Unknown"
"5020567",378626,2026-04-21 00:47:37,28.7269039154053,-17.7486152648926,"Unknown"
"5020567",378626,2026-04-21 00:48:37,28.7216320037842,-17.7519035339355,"Unknown"
"5020567",378626,2026-04-21 00:49:37,28.7167701721191,-17.755578994751,"Unknown"
"5020567",378626,2026-04-21 00:50:37,28.7182159423828,-17.7608871459961,"Unknown"
"5020567",378626,2026-04-21 00:51:38,28.7198238372803,-17.7639198303223,"Unknown"
"5020567",378626,2026-04-21 00:53:17,28.7196254730225,-17.7641124725342,"Unknown"
"5020567",378626,2026-04-21 00:53:37,28.7199554443359,-17.7638092041016,"Unknown"
"5020567",378626,2026-04-21 00:54:40,28.719539642334,-17.7641582489014,"Unknown"
"5020567",378626,2026-04-21 00:55:40,28.7195472717285,-17.7641277313232,"Unknown"
"5020567",378626,2026-04-21 00:56:45,28.7195091247559,-17.7641468048096,"Unknown"
"5020567",378626,2026-04-21 00:57:44,28.7195415496826,-17.7641277313232,"Unknown"
"5020567",378626,2026-04-21 00:59:02,28.7195510864258,-17.7641468048096,"Unknown"
"5020567",378626,2026-04-21 01:00:00,28.7195377349854,-17.7641086578369,"Unknown"
"5020567",378626,2026-04-21 01:01:03,28.7195320129395,-17.7641067504883,"Unknown"
"5020567",378626,2026-04-21 01:01:48,28.7195148468018,-17.7641544342041,"Unknown"
"5020567",378626,2026-04-21 01:03:17,28.7195644378662,-17.7641143798828,"Unknown"
"5020567",378626,2026-04-21 01:03:41,28.7197132110596,-17.7640132904053,"Unknown"
"5020567",378626,2026-04-21 04:42:32,28.7194747924805,-17.763111114502,"Unknown"
"5020567",378626,2026-04-21 04:51:30,28.7312889099121,-17.723180770874,"Unknown"
"5020567",378626,2026-04-21 05:02:03,28.7508697509766,-17.7103385925293,"Unknown"
"5020567",378626,2026-04-21 05:11:29,28.7507705688477,-17.7110691070557,"Unknown"
"5020567",378626,2026-04-21 05:21:29,28.7509708404541,-17.7117156982422,"Unknown"
"5020567",378626,2026-04-21 05:31:29,28.7510414123535,-17.7124481201172,"Unknown"
"5020567",378626,2026-04-21 05:41:30,28.7507400512695,-17.713207244873,"Unknown"
"5020567",378626,2026-04-21 05:51:29,28.750129699707,-17.7138805389404,"Unknown"
"5020567",378626,2026-04-21 06:01:32,28.7490272521973,-17.7143287658691,"Unknown"
"5020567",378626,2026-04-21 06:12:54,28.779764175415,-17.7025680541992,"Unknown"
"5020567",378626,2026-04-21 06:22:03,28.7953872680664,-17.6759300231934,"Unknown"
"5020567",378626,2026-04-21 06:31:28,28.794900894165,-17.674430847168,"Unknown"
"5020567",378626,2026-04-21 06:41:30,28.7908630371094,-17.6762657165527,"Unknown"
"5020567",378626,2026-04-21 06:51:29,28.767261505127,-17.7156677246094,"Unknown"
"5020567",378626,2026-04-21 07:01:31,28.7663650512695,-17.7146396636963,"Unknown"
"5020567",378626,2026-04-21 07:11:29,28.7660598754883,-17.7146167755127,"Unknown"
"5020567",378626,2026-04-21 08:11:30,28.820837020874,-17.7404251098633,"Unknown"
"5020567",378626,2026-04-21 09:12:03,28.8632888793945,-17.8076972961426,"Unknown"
"5020567",378626,2026-04-21 09:31:30,28.8641204833984,-17.8061141967773,"Unknown"
"5020567",378626,2026-04-21 09:41:30,28.8496150970459,-17.8514709472656,"Unknown"
"5020567",378626,2026-04-21 09:51:29,28.8567237854004,-17.8720245361328,"Unknown"
"5020567",378626,2026-04-21 10:02:03,28.8620338439941,-17.8795871734619,"Unknown"
"5020567",378626,2026-04-21 10:11:29,28.8679523468018,-17.8853759765625,"Unknown"
"5020567",378626,2026-04-21 10:21:30,28.8718547821045,-17.8901844024658,"Unknown"
"5020567",378626,2026-04-21 10:31:30,28.8693351745605,-17.8997116088867,"Unknown"
"5020567",378626,2026-04-21 10:41:30,28.8693008422852,-17.9010105133057,"Unknown"
"5020567",378626,2026-04-21 10:51:30,28.8692302703857,-17.9016380310059,"Unknown"
"5020567",378626,2026-04-21 11:01:29,28.8642234802246,-17.9028377532959,"Unknown"
"5020567",378626,2026-04-21 11:06:30,28.8641529083252,-17.9057006835938,"Unknown"
"5020567",378626,2026-04-21 11:11:30,28.8628158569336,-17.9089756011963,"Unknown"
"5020567",378626,2026-04-21 11:16:29,28.8628940582275,-17.9092807769775,"Unknown"
"5020567",378626,2026-04-21 11:21:29,28.8633651733398,-17.9090614318848,"Unknown"
"5020567",378626,2026-04-21 11:26:29,28.8627853393555,-17.9007930755615,"Unknown"
"5020567",378626,2026-04-21 11:31:29,28.862735748291,-17.9012584686279,"Unknown"
"5020567",378626,2026-04-21 11:36:29,28.8626937866211,-17.9016151428223,"Unknown"
"5020567",378626,2026-04-21 11:41:29,28.8626041412354,-17.9021034240723,"Unknown"
"5020567",378626,2026-04-21 11:46:29,28.8624706268311,-17.9026584625244,"Unknown"
"5020567",378626,2026-04-21 11:51:29,28.8622589111328,-17.903169631958,"Unknown"
"5020567",378626,2026-04-21 11:56:29,28.8620529174805,-17.9037113189697,"Unknown"
"5020567",378626,2026-04-21 12:01:29,28.8620586395264,-17.9039840698242,"Unknown"
"5020567",378626,2026-04-21 12:06:29,28.8619537353516,-17.9042568206787,"Unknown"
"5020567",378626,2026-04-21 12:11:29,28.8619346618652,-17.9045524597168,"Unknown"
"5020567",378626,2026-04-21 12:12:29,28.8619232177734,-17.9045715332031,"Unknown"
"5020567",378626,2026-04-21 12:13:29,28.861909866333,-17.9046726226807,"Unknown"
"5020567",378626,2026-04-21 12:14:29,28.8619174957275,-17.9047031402588,"Unknown"
"5020567",378626,2026-04-21 12:15:29,28.8618812561035,-17.9047832489014,"Unknown"
"5020567",378626,2026-04-21 12:16:29,28.8618450164795,-17.9048671722412,"Unknown"
"5020567",378626,2026-04-21 12:17:30,28.8618278503418,-17.9049339294434,"Unknown"
"5020567",378626,2026-04-21 12:18:29,28.8618087768555,-17.9049396514893,"Unknown"
"5020567",378626,2026-04-21 12:19:29,28.8618297576904,-17.9049606323242,"Unknown"
"5020567",378626,2026-04-21 12:20:29,28.8618144989014,-17.9049758911133,"Unknown"
"5020567",378626,2026-04-21 12:21:29,28.8617877960205,-17.9050121307373,"Unknown"
"5020567",378626,2026-04-21 12:22:29,28.8617534637451,-17.9050273895264,"Unknown"
"5020567",378626,2026-04-21 12:23:29,28.8617362976074,-17.9049167633057,"Unknown"
"5020567",378626,2026-04-21 12:24:29,28.8617515563965,-17.9048538208008,"Unknown"
"5020567",378626,2026-04-21 12:25:29,28.861780166626,-17.9048080444336,"Unknown"
"5020567",378626,2026-04-21 12:26:31,28.8618183135986,-17.9047565460205,"Unknown"
"5020567",378626,2026-04-21 12:27:29,28.8618354797363,-17.9047069549561,"Unknown"
"5020567",378626,2026-04-21 12:28:30,28.8618545532227,-17.9046974182129,"Unknown"
"5020567",378626,2026-04-21 12:29:30,28.861852645874,-17.9046859741211,"Unknown"
"5020567",378626,2026-04-21 12:30:29,28.8618659973145,-17.9046726226807,"Unknown"
"5020567",378626,2026-04-21 12:31:29,28.8618946075439,-17.9046878814697,"Unknown"
"5020567",378626,2026-04-21 12:32:29,28.861837387085,-17.9048519134521,"Unknown"
"5020567",378626,2026-04-21 12:33:30,28.8619060516357,-17.90505027771,"Unknown"
"5020567",378626,2026-04-21 12:34:29,28.8626155853271,-17.9047012329102,"Unknown"
"5020567",378626,2026-04-21 12:35:29,28.8626575469971,-17.9047718048096,"Unknown"
"5020567",378626,2026-04-21 12:40:29,28.8627777099609,-17.905143737793,"Unknown"
"5020567",378626,2026-04-21 12:45:31,28.8629550933838,-17.9055652618408,"Unknown"
"5020567",378626,2026-04-21 12:50:29,28.8631343841553,-17.9057865142822,"Unknown"
"5020567",378626,2026-04-21 12:55:29,28.8632640838623,-17.9060039520264,"Unknown"
"5020567",378626,2026-04-21 13:01:03,28.863317489624,-17.906042098999,"Unknown"
"5020567",378626,2026-04-21 13:05:29,28.8650703430176,-17.9078598022461,"Unknown"
"5020567",378626,2026-04-21 13:10:29,28.8676643371582,-17.9087867736816,"Unknown"
"5020567",378626,2026-04-21 13:15:29,28.8649597167969,-17.9049396514893,"Unknown"
"5020567",378626,2026-04-21 13:20:29,28.8649063110352,-17.9043827056885,"Unknown"
"5020567",378626,2026-04-21 13:25:29,28.8646793365479,-17.9039535522461,"Unknown"
"5020567",378626,2026-04-21 13:30:29,28.8643550872803,-17.9034900665283,"Unknown"
"5020567",378626,2026-04-21 13:35:29,28.8616180419922,-17.9042510986328,"Unknown"
"5020567",378626,2026-04-21 13:40:29,28.8614063262939,-17.9037303924561,"Unknown"
"5020567",378626,2026-04-21 13:41:29,28.8614616394043,-17.9036731719971,"Unknown"
"5020567",378626,2026-04-21 13:42:29,28.8615341186523,-17.9035263061523,"Unknown"
"5020567",378626,2026-04-21 13:43:29,28.8616180419922,-17.9033546447754,"Unknown"
"5020567",378626,2026-04-21 13:44:29,28.8616943359375,-17.9031658172607,"Unknown"
"5020567",378626,2026-04-21 13:45:29,28.8617534637451,-17.9030094146729,"Unknown"
"5020567",378626,2026-04-21 13:46:29,28.8642082214355,-17.9028720855713,"Unknown"
"5020567",378626,2026-04-21 13:47:29,28.8671455383301,-17.9041137695312,"Unknown"
"5020567",378626,2026-04-21 13:52:29,28.8715476989746,-17.9063053131104,"Unknown"
"5020567",378626,2026-04-21 13:57:29,28.8711032867432,-17.9060230255127,"Unknown"
"5020567",378626,2026-04-21 14:02:30,28.8658351898193,-17.9247283935547,"Unknown"
"5020567",378626,2026-04-21 14:07:30,28.87184715271,-17.927417755127,"Unknown"
"5020567",378626,2026-04-21 14:12:29,28.8714809417725,-17.9266510009766,"Unknown"
"5020567",378626,2026-04-21 14:17:29,28.8710079193115,-17.9259338378906,"Unknown"
"5020567",378626,2026-04-21 14:22:30,28.8706531524658,-17.9250507354736,"Unknown"
"5020567",378626,2026-04-21 14:27:29,28.8702278137207,-17.9241542816162,"Unknown"
"5020567",378626,2026-04-21 14:32:29,28.8697967529297,-17.9233055114746,"Unknown"
"5020567",378626,2026-04-21 14:37:29,28.8691596984863,-17.9179725646973,"Unknown"
"5020567",378626,2026-04-21 14:42:32,28.8687686920166,-17.916971206665,"Unknown"
"5020567",378626,2026-04-21 14:47:29,28.8683948516846,-17.9161682128906,"Unknown"
"5020567",378626,2026-04-21 14:52:29,28.8679885864258,-17.9150905609131,"Unknown"
"5020567",378626,2026-04-21 14:57:32,28.8675403594971,-17.9138622283936,"Unknown"
"5020567",378626,2026-04-21 15:02:29,28.8602046966553,-17.9344902038574,"Unknown"
"5020567",378626,2026-04-21 15:07:29,28.8548374176025,-17.9590148925781,"Unknown"
"5020567",378626,2026-04-21 15:08:31,28.8553867340088,-17.9617080688477,"Unknown"
"5020567",378626,2026-04-21 15:09:36,28.8570461273193,-17.9646873474121,"Unknown"
"5020567",378626,2026-04-21 15:10:48,28.8570213317871,-17.9646949768066,"Unknown"
"5020567",378626,2026-04-21 15:11:36,28.858606338501,-17.9643154144287,"Unknown"
"5020567",378626,2026-04-21 15:12:29,28.858736038208,-17.9641647338867,"Unknown"
"5020567",378626,2026-04-21 15:13:29,28.858959197998,-17.9631118774414,"Unknown"
"5020567",378626,2026-04-21 15:14:29,28.860424041748,-17.958646774292,"Unknown"
"5020567",378626,2026-04-21 15:15:31,28.8604469299316,-17.9581336975098,"Unknown"
"5020567",378626,2026-04-21 15:16:29,28.8605480194092,-17.9581146240234,"Unknown"
"5020567",378626,2026-04-21 15:17:29,28.8625202178955,-17.9564552307129,"Unknown"
"5020567",378626,2026-04-21 15:18:30,28.8654899597168,-17.9527645111084,"Unknown"
"5020567",378626,2026-04-21 15:23:29,28.8696403503418,-17.9450187683105,"Unknown"
"5020567",378626,2026-04-21 15:28:32,28.8712196350098,-17.9325332641602,"Unknown"
"5020567",378626,2026-04-21 15:33:31,28.8709869384766,-17.9197959899902,"Unknown"
"5020567",378626,2026-04-21 15:38:32,28.8701305389404,-17.8926906585693,"Unknown"
"5020567",378626,2026-04-21 15:44:03,28.8643283843994,-17.8845653533936,"Unknown"
"5020567",378626,2026-04-21 15:48:29,28.8661594390869,-17.8901424407959,"Unknown"
"5020567",378626,2026-04-21 15:53:29,28.8699493408203,-17.886323928833,"Unknown"
"5020567",378626,2026-04-21 15:58:29,28.8714504241943,-17.8864974975586,"Unknown"
"5020567",378626,2026-04-21 16:03:29,28.8707618713379,-17.8861618041992,"Unknown"
"5020567",378626,2026-04-21 16:08:29,28.8700561523438,-17.8857860565186,"Unknown"
"5020567",378626,2026-04-21 16:13:29,28.8697738647461,-17.8759517669678,"Unknown"
"5020567",378626,2026-04-21 16:18:29,28.8555088043213,-17.8448810577393,"Unknown"
"5020567",378626,2026-04-21 16:23:29,28.8508491516113,-17.8491764068604,"Unknown"
"5020567",378626,2026-04-21 16:24:28,28.850118637085,-17.84885597229,"Unknown"
"5020567",378626,2026-04-21 16:25:29,28.8500556945801,-17.8487663269043,"Unknown"
"5020567",378626,2026-04-21 16:26:39,28.8506679534912,-17.8500289916992,"Unknown"
"5020567",378626,2026-04-21 16:27:29,28.8500003814697,-17.8497772216797,"Unknown"
"5020567",378626,2026-04-21 16:28:29,28.8500022888184,-17.8489265441895,"Unknown"
"5020567",378626,2026-04-21 16:29:28,28.8506469726562,-17.8462715148926,"Unknown"
"5020567",378626,2026-04-21 16:30:29,28.8498306274414,-17.8517379760742,"Unknown"
"5020567",378626,2026-04-21 16:31:29,28.8516826629639,-17.8551597595215,"Unknown"
"5020567",378626,2026-04-21 16:32:28,28.8542652130127,-17.8587875366211,"Unknown"
"5020567",378626,2026-04-21 16:33:28,28.8530368804932,-17.8537540435791,"Unknown"
"5020567",378626,2026-04-21 16:34:28,28.8527069091797,-17.8569412231445,"Unknown"
"5020567",378626,2026-04-21 16:35:29,28.854549407959,-17.8545799255371,"Unknown"
"5020567",378626,2026-04-21 16:36:29,28.8562259674072,-17.8537731170654,"Unknown"
"5020567",378626,2026-04-21 16:37:29,28.8526153564453,-17.8586864471436,"Unknown"
"5020567",378626,2026-04-21 16:38:29,28.8502006530762,-17.8625526428223,"Unknown"
"5020567",378626,2026-04-21 16:39:29,28.8479518890381,-17.864709854126,"Unknown"
"5020567",378626,2026-04-21 16:40:29,28.8490867614746,-17.8646373748779,"Unknown"
"5020567",378626,2026-04-21 16:41:29,28.8490257263184,-17.8646202087402,"Unknown"
"5020567",378626,2026-04-21 16:42:29,28.8490791320801,-17.8629875183105,"Unknown"
"5020567",378626,2026-04-21 16:43:29,28.8487892150879,-17.8622493743896,"Unknown"
"5020567",378626,2026-04-21 16:44:29,28.8500366210938,-17.8653545379639,"Unknown"
"5020567",378626,2026-04-21 16:45:29,28.8499393463135,-17.8652763366699,"Unknown"
"5020567",378626,2026-04-21 16:46:29,28.8498554229736,-17.8652439117432,"Unknown"
"5020567",378626,2026-04-21 16:47:29,28.849760055542,-17.8651733398438,"Unknown"
"5020567",378626,2026-04-21 16:48:29,28.849702835083,-17.8651218414307,"Unknown"
"5020567",378626,2026-04-21 16:49:29,28.8496494293213,-17.8650646209717,"Unknown"
"5020567",378626,2026-04-21 16:50:29,28.8495826721191,-17.8650016784668,"Unknown"
"5020567",378626,2026-04-21 16:51:29,28.849515914917,-17.8649997711182,"Unknown"
"5020567",378626,2026-04-21 16:52:29,28.8498344421387,-17.8655185699463,"Unknown"
"5020567",378626,2026-04-21 16:53:29,28.8524875640869,-17.8694477081299,"Unknown"
"5020567",378626,2026-04-21 16:54:40,28.8535976409912,-17.8707294464111,"Unknown"
"5020567",378626,2026-04-21 16:55:29,28.8537330627441,-17.8700370788574,"Unknown"
"5020567",378626,2026-04-21 16:56:30,28.8533401489258,-17.8691234588623,"Unknown"
"5020567",378626,2026-04-21 16:57:29,28.8528690338135,-17.8690948486328,"Unknown"
"5020567",378626,2026-04-21 16:58:29,28.8519058227539,-17.8689136505127,"Unknown"
"5020567",378626,2026-04-21 16:59:29,28.8517322540283,-17.8688526153564,"Unknown"
"5020567",378626,2026-04-21 17:00:28,28.8516025543213,-17.8688068389893,"Unknown"
"5020567",378626,2026-04-21 17:01:29,28.8515148162842,-17.8687038421631,"Unknown"
"5020567",378626,2026-04-21 17:02:29,28.8514175415039,-17.8686695098877,"Unknown"
"5020567",378626,2026-04-21 17:03:29,28.8512687683105,-17.8686332702637,"Unknown"
"5020567",378626,2026-04-21 17:04:29,28.8511199951172,-17.8685874938965,"Unknown"
"5020567",378626,2026-04-21 17:05:28,28.8510341644287,-17.8685283660889,"Unknown"
"5020567",378626,2026-04-21 17:06:29,28.8508949279785,-17.8684463500977,"Unknown"
"5020567",378626,2026-04-21 17:07:29,28.8507690429688,-17.8683757781982,"Unknown"
"5020567",378626,2026-04-21 17:08:28,28.8506813049316,-17.8682994842529,"Unknown"
"5020567",378626,2026-04-21 17:09:28,28.850564956665,-17.8682327270508,"Unknown"
"5020567",378626,2026-04-21 17:10:28,28.8505783081055,-17.8682193756104,"Unknown"
"5020567",378626,2026-04-21 17:11:29,28.8497142791748,-17.8729553222656,"Unknown"
"5020567",378626,2026-04-21 17:12:29,28.8496932983398,-17.8728866577148,"Unknown"
"5020567",378626,2026-04-21 17:13:29,28.8496799468994,-17.8728370666504,"Unknown"
"5020567",378626,2026-04-21 17:14:29,28.8496856689453,-17.872730255127,"Unknown"
"5020567",378626,2026-04-21 17:15:29,28.8496494293213,-17.8726387023926,"Unknown"
"5020567",378626,2026-04-21 17:16:29,28.8495979309082,-17.872522354126,"Unknown"
"5020567",378626,2026-04-21 17:17:29,28.8495216369629,-17.8724594116211,"Unknown"
"5020567",378626,2026-04-21 17:18:29,28.8494434356689,-17.8723812103271,"Unknown"
"5020567",378626,2026-04-21 17:19:29,28.8493671417236,-17.8722839355469,"Unknown"
"5020567",378626,2026-04-21 17:20:29,28.8493156433105,-17.872200012207,"Unknown"
"5020567",378626,2026-04-21 17:21:28,28.8492164611816,-17.8721408843994,"Unknown"
"5020567",378626,2026-04-21 17:22:29,28.8491153717041,-17.8720703125,"Unknown"
"5020567",378626,2026-04-21 17:23:29,28.8490447998047,-17.871940612793,"Unknown"
"5020567",378626,2026-04-21 17:24:29,28.8489856719971,-17.8718414306641,"Unknown"
"5020567",378626,2026-04-21 17:25:28,28.8489398956299,-17.8717555999756,"Unknown"
"5020567",378626,2026-04-21 17:26:29,28.8488349914551,-17.8716659545898,"Unknown"
"5020567",378626,2026-04-21 17:27:29,28.8487777709961,-17.8715724945068,"Unknown"
"5020567",378626,2026-04-21 17:28:29,28.8487148284912,-17.871509552002,"Unknown"
"5020567",378626,2026-04-21 17:29:29,28.8486385345459,-17.8714160919189,"Unknown"
"5020567",378626,2026-04-21 17:30:29,28.8485641479492,-17.8713340759277,"Unknown"
"5020567",378626,2026-04-21 17:31:29,28.8485050201416,-17.8712768554688,"Unknown"
"5020567",378626,2026-04-21 17:32:29,28.8484134674072,-17.871208190918,"Unknown"
"5020567",378626,2026-04-21 17:33:29,28.8483333587646,-17.871129989624,"Unknown"
"5020567",378626,2026-04-21 17:34:29,28.8482570648193,-17.8710441589355,"Unknown"
"5020567",378626,2026-04-21 17:35:29,28.8482055664062,-17.8709869384766,"Unknown"
"5020567",378626,2026-04-21 17:36:29,28.8480930328369,-17.8709449768066,"Unknown"
"5020567",378626,2026-04-21 17:37:30,28.8480110168457,-17.87087059021,"Unknown"
"5020567",378626,2026-04-21 17:38:29,28.8479671478271,-17.8708190917969,"Unknown"
"5020567",378626,2026-04-21 17:39:29,28.8478870391846,-17.8707580566406,"Unknown"
"5020567",378626,2026-04-21 17:40:29,28.8478260040283,-17.8706588745117,"Unknown"
"5020567",378626,2026-04-21 17:41:29,28.8477439880371,-17.8706092834473,"Unknown"
"5020567",378626,2026-04-21 17:42:30,28.8476810455322,-17.8705749511719,"Unknown"
"5020567",378626,2026-04-21 17:43:30,28.8475894927979,-17.8705005645752,"Unknown"
"5020567",378626,2026-04-21 17:44:30,28.8475036621094,-17.8704605102539,"Unknown"
"5020567",378626,2026-04-21 17:45:29,28.8474178314209,-17.8704109191895,"Unknown"
"5020567",378626,2026-04-21 17:46:29,28.8473415374756,-17.8703689575195,"Unknown"
"5020567",378626,2026-04-21 17:47:30,28.8472785949707,-17.8703384399414,"Unknown"
"5020567",378626,2026-04-21 17:48:30,28.847240447998,-17.8703308105469,"Unknown"
"5020567",378626,2026-04-21 17:49:29,28.8471508026123,-17.8702239990234,"Unknown"
"5020567",378626,2026-04-21 17:50:29,28.8471012115479,-17.8701705932617,"Unknown"
"5020567",378626,2026-04-21 17:51:31,28.8470020294189,-17.8701210021973,"Unknown"
"5020567",378626,2026-04-21 17:52:29,28.8469314575195,-17.8700714111328,"Unknown"
"5020567",378626,2026-04-21 17:53:30,28.846866607666,-17.8699893951416,"Unknown"
"5020567",378626,2026-04-21 17:54:29,28.846809387207,-17.8699588775635,"Unknown"
"5020567",378626,2026-04-21 17:55:30,28.8467922210693,-17.8699016571045,"Unknown"
"5020567",378626,2026-04-21 17:56:29,28.8466892242432,-17.8698310852051,"Unknown"
"5020567",378626,2026-04-21 17:57:29,28.8466281890869,-17.8697891235352,"Unknown"
"5020567",378626,2026-04-21 17:58:29,28.8465461730957,-17.8697376251221,"Unknown"
"5020567",378626,2026-04-21 17:59:29,28.846492767334,-17.8696746826172,"Unknown"
"5020567",378626,2026-04-21 18:01:05,28.8464508056641,-17.8697071075439,"Unknown"
"5020567",378626,2026-04-21 18:01:29,28.8464431762695,-17.8696708679199,"Unknown"
"5020567",378626,2026-04-21 18:02:29,28.8464050292969,-17.8695983886719,"Unknown"
"5020567",378626,2026-04-21 18:03:29,28.8463954925537,-17.8695793151855,"Unknown"
"5020567",378626,2026-04-21 18:04:29,28.8463954925537,-17.8695526123047,"Unknown"
"5020567",378626,2026-04-21 18:05:29,28.8463382720947,-17.8695259094238,"Unknown"
"5020567",378626,2026-04-21 18:06:29,28.8463115692139,-17.8694915771484,"Unknown"
"5020567",378626,2026-04-21 18:07:29,28.8463115692139,-17.869499206543,"Unknown"
"5020567",378626,2026-04-21 18:08:29,28.846248626709,-17.869478225708,"Unknown"
"5020567",378626,2026-04-21 18:09:29,28.8506164550781,-17.8712139129639,"Unknown"
"5020567",378626,2026-04-21 18:10:29,28.8502101898193,-17.866081237793,"Unknown"
"5020567",378626,2026-04-21 18:11:29,28.8500442504883,-17.8606414794922,"Unknown"
"5020567",378626,2026-04-21 18:12:30,28.8510322570801,-17.8546524047852,"Unknown"
"5020567",378626,2026-04-21 18:13:29,28.8520641326904,-17.8486270904541,"Unknown"
"5020567",378626,2026-04-21 18:14:29,28.8526191711426,-17.8427658081055,"Unknown"
"5020567",378626,2026-04-21 18:15:29,28.8526592254639,-17.8373184204102,"Unknown"
"5020567",378626,2026-04-21 18:16:29,28.8557910919189,-17.8332614898682,"Unknown"
"5020567",378626,2026-04-21 18:17:29,28.8555068969727,-17.828145980835,"Unknown"
"5020567",378626,2026-04-21 18:18:30,28.8562927246094,-17.8213291168213,"Unknown"
"5020567",378626,2026-04-21 18:19:29,28.8563842773438,-17.8149032592773,"Unknown"
"5020567",378626,2026-04-21 18:20:29,28.856050491333,-17.8089542388916,"Unknown"
"5020567",378626,2026-04-21 18:21:29,28.8548831939697,-17.8017330169678,"Unknown"
"5020567",378626,2026-04-21 18:22:29,28.854663848877,-17.795223236084,"Unknown"
"5020567",378626,2026-04-21 18:23:29,28.8528823852539,-17.7885150909424,"Unknown"
"5020567",378626,2026-04-21 18:24:29,28.8501663208008,-17.7817764282227,"Unknown"
"5020567",378626,2026-04-21 18:25:29,28.8481712341309,-17.7750854492188,"Unknown"
"5020567",378626,2026-04-21 18:26:29,28.8504772186279,-17.7716121673584,"Unknown"
"5020567",378626,2026-04-21 18:27:29,28.8517436981201,-17.773307800293,"Unknown"
"5020567",378626,2026-04-21 18:28:29,28.8509635925293,-17.7737503051758,"Unknown"
"5020567",378626,2026-04-21 18:29:29,28.8508834838867,-17.773738861084,"Unknown"
"5020567",378626,2026-04-21 18:30:29,28.8508415222168,-17.7737770080566,"Unknown"
"5020567",378626,2026-04-21 18:31:29,28.8507862091064,-17.7737598419189,"Unknown"
"5020567",378626,2026-04-21 18:32:30,28.8508586883545,-17.7737846374512,"Unknown"
"5020567",378626,2026-04-21 18:33:34,28.8533515930176,-17.7711906433105,"Unknown"
"5020567",378626,2026-04-21 18:34:29,28.8526782989502,-17.7707405090332,"Unknown"
"5020567",378626,2026-04-21 18:35:29,28.8494243621826,-17.7658081054688,"Unknown"
"5020567",378626,2026-04-21 18:36:29,28.8452033996582,-17.7603778839111,"Unknown"
"5020567",378626,2026-04-21 18:37:29,28.8427276611328,-17.7542514801025,"Unknown"
"5020567",378626,2026-04-21 18:38:29,28.8398361206055,-17.748046875,"Unknown"
"5020567",378626,2026-04-21 18:39:29,28.8382968902588,-17.7406044006348,"Unknown"
"5020567",378626,2026-04-21 18:40:29,28.8371200561523,-17.7339744567871,"Unknown"
"5020567",378626,2026-04-21 18:41:29,28.8341217041016,-17.7277450561523,"Unknown"
"5020567",378626,2026-04-21 18:42:29,28.8291473388672,-17.7242565155029,"Unknown"
"5020567",378626,2026-04-21 18:43:29,28.8214645385742,-17.7243099212646,"Unknown"
"5020567",378626,2026-04-21 18:48:29,28.7877864837646,-17.7201366424561,"Unknown"
"5020567",378626,2026-04-21 18:53:29,28.773588180542,-17.7295513153076,"Unknown"
"5020567",378626,2026-04-21 18:58:29,28.773120880127,-17.7293014526367,"Unknown"
"5020567",378626,2026-04-21 18:59:29,28.7730445861816,-17.7292575836182,"Unknown"
"5020567",378626,2026-04-21 19:00:29,28.7732639312744,-17.7320461273193,"Unknown"
"5020567",378626,2026-04-21 19:01:29,28.7738742828369,-17.7329368591309,"Unknown"
"5020567",378626,2026-04-21 19:02:29,28.7737464904785,-17.7328281402588,"Unknown"
"5020567",378626,2026-04-21 19:03:29,28.7736682891846,-17.7327194213867,"Unknown"
"5020567",378626,2026-04-21 19:04:29,28.7735900878906,-17.732608795166,"Unknown"
"5020567",378626,2026-04-21 19:05:29,28.7734870910645,-17.7325077056885,"Unknown"
"5020567",378626,2026-04-21 19:06:29,28.7733993530273,-17.7323684692383,"Unknown"
"5020567",378626,2026-04-21 19:07:29,28.7732906341553,-17.7322216033936,"Unknown"
"5020567",378626,2026-04-21 19:08:29,28.7732048034668,-17.7320957183838,"Unknown"
"5020567",378626,2026-04-21 19:09:29,28.773078918457,-17.7319068908691,"Unknown"
"5020567",378626,2026-04-21 19:10:29,28.7729663848877,-17.731746673584,"Unknown"
"5020567",378626,2026-04-21 19:11:29,28.772834777832,-17.7315769195557,"Unknown"
"5020567",378626,2026-04-21 19:12:29,28.7727012634277,-17.7314128875732,"Unknown"
"5020567",378626,2026-04-21 19:13:29,28.7726821899414,-17.7312660217285,"Unknown"
"5020567",378626,2026-04-21 19:14:29,28.772590637207,-17.7311916351318,"Unknown"
"5020567",378626,2026-04-21 19:15:29,28.7725028991699,-17.7310752868652,"Unknown"
"5020567",378626,2026-04-21 19:16:29,28.7724151611328,-17.7309703826904,"Unknown"
"5020567",378626,2026-04-21 19:17:29,28.7723236083984,-17.7309093475342,"Unknown"
"5020567",378626,2026-04-21 19:18:29,28.7722301483154,-17.730827331543,"Unknown"
"5020567",378626,2026-04-21 19:19:29,28.7721385955811,-17.7307415008545,"Unknown"
"5020567",378626,2026-04-21 19:20:29,28.7720603942871,-17.7307186126709,"Unknown"
"5020567",378626,2026-04-21 19:21:29,28.7719688415527,-17.7306575775146,"Unknown"
"5020567",378626,2026-04-21 19:22:29,28.7718715667725,-17.7306060791016,"Unknown"
"5020567",378626,2026-04-21 19:23:29,28.7717685699463,-17.7306041717529,"Unknown"
"5020567",378626,2026-04-21 19:24:29,28.7716598510742,-17.7305660247803,"Unknown"
"5020567",378626,2026-04-21 19:25:29,28.7715625762939,-17.7304878234863,"Unknown"
"5020567",378626,2026-04-21 19:26:31,28.7714805603027,-17.7304553985596,"Unknown"
"5020567",378626,2026-04-21 19:27:29,28.7713680267334,-17.7304267883301,"Unknown"
"5020567",378626,2026-04-21 19:28:29,28.7712917327881,-17.7303333282471,"Unknown"
"5020567",378626,2026-04-21 19:29:29,28.7712001800537,-17.7302341461182,"Unknown"
"5020567",378626,2026-04-21 19:30:29,28.7711734771729,-17.730152130127,"Unknown"
"5020567",378626,2026-04-21 19:31:29,28.7711353302002,-17.7300491333008,"Unknown"
"5020567",378626,2026-04-21 19:32:29,28.7711143493652,-17.7299556732178,"Unknown"
"5020567",378626,2026-04-21 19:33:29,28.771053314209,-17.7298431396484,"Unknown"
"5020567",378626,2026-04-21 19:34:29,28.7710037231445,-17.7297496795654,"Unknown"
"5020567",378626,2026-04-21 19:35:29,28.7709255218506,-17.7296619415283,"Unknown"
"5020567",378626,2026-04-21 19:36:29,28.7708587646484,-17.7295436859131,"Unknown"
"5020567",378626,2026-04-21 19:37:29,28.7707786560059,-17.7294654846191,"Unknown"
"5020567",378626,2026-04-21 19:38:29,28.7706661224365,-17.7294082641602,"Unknown"
"5020567",378626,2026-04-21 19:39:29,28.7705841064453,-17.7292881011963,"Unknown"
"5020567",378626,2026-04-21 19:40:29,28.7704830169678,-17.7291870117188,"Unknown"
"5020567",378626,2026-04-21 19:41:31,28.7686004638672,-17.7278957366943,"Unknown"
"5020567",378626,2026-04-21 19:42:29,28.7686042785645,-17.7277965545654,"Unknown"
"5020567",378626,2026-04-21 19:43:29,28.768669128418,-17.7278518676758,"Unknown"
"5020567",378626,2026-04-21 19:44:29,28.7683887481689,-17.7282638549805,"Unknown"
"5020567",378626,2026-04-21 19:45:29,28.7633781433105,-17.731258392334,"Unknown"
"5020567",378626,2026-04-21 19:46:29,28.7589988708496,-17.728235244751,"Unknown"
"5020567",378626,2026-04-21 19:47:29,28.7594985961914,-17.7268600463867,"Unknown"
"5020567",378626,2026-04-21 19:48:30,28.7593612670898,-17.72682762146,"Unknown"
"5020567",378626,2026-04-21 19:49:29,28.7592430114746,-17.726749420166,"Unknown"
"5020567",378626,2026-04-21 19:50:29,28.7591209411621,-17.7266845703125,"Unknown"
"5020567",378626,2026-04-21 19:51:29,28.7589778900146,-17.7266674041748,"Unknown"
"5020567",378626,2026-04-21 19:52:29,28.7588291168213,-17.7266616821289,"Unknown"
"5020567",378626,2026-04-21 19:53:29,28.7586879730225,-17.7266635894775,"Unknown"
"5020567",378626,2026-04-21 19:54:29,28.7585296630859,-17.7266864776611,"Unknown"
"5020567",378626,2026-04-21 19:55:29,28.7583847045898,-17.726655960083,"Unknown"
"5020567",378626,2026-04-21 19:56:31,28.7582244873047,-17.7265777587891,"Unknown"
"5020567",378626,2026-04-21 19:57:29,28.7580718994141,-17.7265510559082,"Unknown"
"5020567",378626,2026-04-21 19:58:29,28.7579002380371,-17.7264995574951,"Unknown"
"5020567",378626,2026-04-21 19:59:31,28.757755279541,-17.7264842987061,"Unknown"
"5020567",378626,2026-04-21 20:00:29,28.757604598999,-17.7264995574951,"Unknown"
"5020567",378626,2026-04-21 20:01:29,28.7574405670166,-17.7265014648438,"Unknown"
"5020567",378626,2026-04-21 20:02:29,28.7572937011719,-17.7264976501465,"Unknown"
"5020567",378626,2026-04-21 20:03:29,28.7571411132812,-17.7264976501465,"Unknown"
"5020567",378626,2026-04-21 20:04:29,28.7570190429688,-17.7265281677246,"Unknown"
"5020567",378626,2026-04-21 20:05:29,28.7568912506104,-17.7265548706055,"Unknown"
"5020567",378626,2026-04-21 20:06:29,28.756763458252,-17.726583480835,"Unknown"
"5020567",378626,2026-04-21 20:07:29,28.7565670013428,-17.7265682220459,"Unknown"
"5020567",378626,2026-04-21 20:08:31,28.7563991546631,-17.7265529632568,"Unknown"
"5020567",378626,2026-04-21 20:09:31,28.7562637329102,-17.7265071868896,"Unknown"
"5020567",378626,2026-04-21 20:10:29,28.7561435699463,-17.7264537811279,"Unknown"
"5020567",378626,2026-04-21 20:11:29,28.7560195922852,-17.7264308929443,"Unknown"
"5020567",378626,2026-04-21 20:12:29,28.7558250427246,-17.7264270782471,"Unknown"
"5020567",378626,2026-04-21 20:13:29,28.7556552886963,-17.7264442443848,"Unknown"
"5020567",378626,2026-04-21 20:14:29,28.7555255889893,-17.7263641357422,"Unknown"
"5020567",378626,2026-04-21 20:15:29,28.7554168701172,-17.7263431549072,"Unknown"
"5020567",378626,2026-04-21 20:16:29,28.7552604675293,-17.7262897491455,"Unknown"
"5020567",378626,2026-04-21 20:17:29,28.7550678253174,-17.7262554168701,"Unknown"
"5020567",378626,2026-04-21 20:18:29,28.7549057006836,-17.7262535095215,"Unknown"
"5020567",378626,2026-04-21 20:19:29,28.7547054290771,-17.726203918457,"Unknown"
"5020567",378626,2026-04-21 20:20:31,28.7545623779297,-17.7261772155762,"Unknown"
"5020567",378626,2026-04-21 20:21:29,28.7544078826904,-17.7261657714844,"Unknown"
"5020567",378626,2026-04-21 20:22:29,28.7542839050293,-17.7261428833008,"Unknown"
"5020567",378626,2026-04-21 20:23:29,28.7541217803955,-17.7261657714844,"Unknown"
"5020567",378626,2026-04-21 20:24:29,28.754415512085,-17.7262859344482,"Unknown"
"5020567",378626,2026-04-21 20:25:29,28.7542953491211,-17.726188659668,"Unknown"
"5020567",378626,2026-04-21 20:26:29,28.7541580200195,-17.7261943817139,"Unknown"
"5020567",378626,2026-04-21 20:27:29,28.7539920806885,-17.7260875701904,"Unknown"
"5020567",378626,2026-04-21 20:28:29,28.7538032531738,-17.7261199951172,"Unknown"
"5020567",378626,2026-04-21 20:29:29,28.7536849975586,-17.7260990142822,"Unknown"
"5020567",378626,2026-04-21 20:30:29,28.7535858154297,-17.7260570526123,"Unknown"
"5020567",378626,2026-04-21 20:31:29,28.7534580230713,-17.7260360717773,"Unknown"
"5020567",378626,2026-04-21 20:32:29,28.7533397674561,-17.7260036468506,"Unknown"
"5020567",378626,2026-04-21 20:33:29,28.7532196044922,-17.7259559631348,"Unknown"
"5020567",378626,2026-04-21 20:34:29,28.7530937194824,-17.7259578704834,"Unknown"
"5020567",378626,2026-04-21 20:35:29,28.7529335021973,-17.7258949279785,"Unknown"
"5020567",378626,2026-04-21 20:36:29,28.7527942657471,-17.7258605957031,"Unknown"
"5020567",378626,2026-04-21 20:37:31,28.7526054382324,-17.7258377075195,"Unknown"
"5020567",378626,2026-04-21 20:38:29,28.7524738311768,-17.7258110046387,"Unknown"
"5020567",378626,2026-04-21 20:39:29,28.7523040771484,-17.7257900238037,"Unknown"
"5020567",378626,2026-04-21 20:40:29,28.7521705627441,-17.7257614135742,"Unknown"
"5020567",378626,2026-04-21 20:41:29,28.7520198822021,-17.7257232666016,"Unknown"
"5020567",378626,2026-04-21 20:42:29,28.7518558502197,-17.7257347106934,"Unknown"
"5020567",378626,2026-04-21 20:43:29,28.7516822814941,-17.7257442474365,"Unknown"
"5020567",378626,2026-04-21 20:44:29,28.751558303833,-17.7256851196289,"Unknown"
"5020567",378626,2026-04-21 20:45:31,28.7514038085938,-17.7256240844727,"Unknown"
"5020567",378626,2026-04-21 20:46:30,28.7512607574463,-17.7255573272705,"Unknown"
"5020567",378626,2026-04-21 20:47:31,28.7511234283447,-17.7254962921143,"Unknown"
"5020567",378626,2026-04-21 20:48:29,28.7509498596191,-17.7254505157471,"Unknown"
"5020567",378626,2026-04-21 20:49:29,28.7508087158203,-17.7253513336182,"Unknown"
"5020567",378626,2026-04-21 20:50:30,28.7506618499756,-17.7253227233887,"Unknown"
"5020567",378626,2026-04-21 20:51:29,28.750467300415,-17.7252883911133,"Unknown"
"5020567",378626,2026-04-21 20:52:29,28.7503032684326,-17.7252712249756,"Unknown"
"5020567",378626,2026-04-21 20:53:29,28.7501201629639,-17.7251815795898,"Unknown"
"5020567",378626,2026-04-21 20:54:29,28.7499542236328,-17.7251586914062,"Unknown"
"5020567",378626,2026-04-21 20:55:31,28.7497882843018,-17.7251472473145,"Unknown"
"5020567",378626,2026-04-21 20:56:31,28.7495899200439,-17.7250423431396,"Unknown"
"5020567",378626,2026-04-21 20:57:30,28.7494049072266,-17.7249717712402,"Unknown"
"5020567",378626,2026-04-21 20:58:31,28.7492237091064,-17.7249126434326,"Unknown"
"5020567",378626,2026-04-21 21:04:03,28.7481269836426,-17.7244491577148,"Unknown"
"5020567",378626,2026-04-21 21:08:28,28.7473678588867,-17.7241611480713,"Unknown"
"5020567",378626,2026-04-21 21:13:29,28.746696472168,-17.7236747741699,"Unknown"
"5020567",378626,2026-04-21 21:18:29,28.7460594177246,-17.7230701446533,"Unknown"
"5020567",378626,2026-04-21 21:23:29,28.7454299926758,-17.7223701477051,"Unknown"
"5020567",378626,2026-04-21 21:28:29,28.7281627655029,-17.7174072265625,"Unknown"
"5020567",378626,2026-04-21 21:33:29,28.702564239502,-17.7369060516357,"Unknown"
"5020567",378626,2026-04-21 21:38:29,28.6968250274658,-17.744421005249,"Unknown"
"5020567",378626,2026-04-21 21:39:29,28.7009162902832,-17.7471237182617,"Unknown"
"5020567",378626,2026-04-21 21:40:29,28.7032012939453,-17.7486724853516,"Unknown"
"5020567",378626,2026-04-21 21:41:29,28.7067470550537,-17.749303817749,"Unknown"
"5020567",378626,2026-04-21 21:42:29,28.7103958129883,-17.7547206878662,"Unknown"
"5020567",378626,2026-04-21 21:43:29,28.7149028778076,-17.7571811676025,"Unknown"
"5020567",378626,2026-04-21 21:44:29,28.7186870574951,-17.7618961334229,"Unknown"
"5020567",378626,2026-04-21 21:45:34,28.7196388244629,-17.7640972137451,"Unknown"
"5020567",378626,2026-04-21 21:46:41,28.7196254730225,-17.7641086578369,"Unknown"
"5020567",378626,2026-04-21 21:47:44,28.7195472717285,-17.7641429901123,"Unknown"
"5020567",378626,2026-04-21 21:48:32,28.7195854187012,-17.7641334533691,"Unknown"
"5020567",378626,2026-04-21 21:49:51,28.7195930480957,-17.7641105651855,"Unknown"
"5020567",378626,2026-04-21 21:51:19,28.7195262908936,-17.7641429901123,"Unknown"
"5020567",378626,2026-04-21 21:51:33,28.7194862365723,-17.7641468048096,"Unknown"
"5020567",378626,2026-04-21 21:53:31,28.7195491790771,-17.7641448974609,"Unknown"
"5020567",378626,2026-04-21 21:53:32,28.719554901123,-17.7641429901123,"Unknown"
"5020567",378626,2026-04-21 21:55:07,28.719554901123,-17.7641372680664,"Unknown"
"5020567",378626,2026-04-21 21:57:00,28.7194919586182,-17.7641544342041,"Unknown"
"5020567",378626,2026-04-21 21:58:30,28.7194805145264,-17.76416015625,"Unknown"
"5020567",378626,2026-04-21 22:00:00,28.7195072174072,-17.7641487121582,"Unknown"
"5020567",378626,2026-04-21 22:00:11,28.7195014953613,-17.7641487121582,"Unknown"
"5020567",378626,2026-04-21 22:01:33,28.7195587158203,-17.7641258239746,"Unknown"
"5020567",378626,2026-04-21 22:03:30,28.719575881958,-17.7641296386719,"Unknown"
"5020567",378626,2026-04-21 22:03:43,28.7195777893066,-17.7641258239746,"Unknown"
"5020567",378626,2026-04-21 22:05:59,28.7199745178223,-17.7642059326172,"Unknown"
"5020567",378626,2026-04-22 01:02:28,28.7197608947754,-17.7638607025146,"Unknown"
"5020567",378626,2026-04-22 01:12:28,28.7195701599121,-17.7640914916992,"Unknown"
"5020567",378626,2026-04-22 01:21:33,28.7215385437012,-17.7613754272461,"Unknown"
"5020567",378626,2026-04-22 01:32:28,28.7195472717285,-17.7641105651855,"Unknown"
"5020567",378626,2026-04-22 01:52:28,28.7194175720215,-17.7638263702393,"Unknown"
"5020567",378626,2026-04-22 05:11:41,28.7183647155762,-17.7624778747559,"Unknown"
"5020567",378626,2026-04-22 05:31:04,28.7734718322754,-17.7167587280273,"Unknown"
"5020567",378626,2026-04-22 05:51:04,28.7772197723389,-17.7172050476074,"Unknown"
"5020567",378626,2026-04-22 06:52:28,28.8586101531982,-17.8155174255371,"Unknown"
"5020567",378626,2026-04-22 07:51:06,28.8321266174316,-18.0065746307373,"Unknown"
"5020567",378626,2026-04-22 09:11:32,28.864013671875,-17.815601348877,"Unknown"
"5020567",378626,2026-04-22 10:11:05,28.8649711608887,-17.8189525604248,"Unknown"
"5020567",378626,2026-04-22 11:12:28,28.863374710083,-17.8236446380615,"Unknown"
"5020567",378626,2026-04-22 12:11:32,28.8542652130127,-17.8612499237061,"Unknown"
"5020567",378626,2026-04-22 13:11:03,28.8612995147705,-17.8919639587402,"Unknown"
"5020567",378626,2026-04-22 13:21:05,28.8566112518311,-17.8806457519531,"Unknown"
"5020567",378626,2026-04-22 13:31:07,28.8688316345215,-17.8903865814209,"Unknown"
"5020567",378626,2026-04-22 13:41:06,28.8698692321777,-17.8908710479736,"Unknown"
"5020567",378626,2026-04-22 13:51:33,28.8713531494141,-17.8914031982422,"Unknown"
"5020567",378626,2026-04-22 14:01:04,28.8726577758789,-17.8916282653809,"Unknown"
"5020567",378626,2026-04-22 14:11:04,28.8716773986816,-17.8981266021729,"Unknown"
"5020567",378626,2026-04-22 14:21:05,28.8721752166748,-17.89719581604,"Unknown"
"5020567",378626,2026-04-22 14:31:04,28.8665466308594,-17.9086933135986,"Unknown"
"5020567",378626,2026-04-22 14:41:04,28.8721332550049,-17.9126720428467,"Unknown"
"5020567",378626,2026-04-22 14:51:04,28.8723926544189,-17.9106464385986,"Unknown"
"5020567",378626,2026-04-22 15:01:04,28.8721446990967,-17.908935546875,"Unknown"
"5020567",378626,2026-04-22 15:11:04,28.8719844818115,-17.906810760498,"Unknown"
"5020567",378626,2026-04-22 15:21:06,28.8708038330078,-17.9087104797363,"Unknown"
"5020567",378626,2026-04-22 15:31:04,28.8701915740967,-17.907865524292,"Unknown"
"5020567",378626,2026-04-22 15:41:05,28.8693943023682,-17.906213760376,"Unknown"
"5020567",378626,2026-04-22 15:46:07,28.8690528869629,-17.9056491851807,"Unknown"
"5020567",378626,2026-04-22 15:51:09,28.8683071136475,-17.9050521850586,"Unknown"
"5020567",378626,2026-04-22 15:56:06,28.8677425384521,-17.9042320251465,"Unknown"
"5020567",378626,2026-04-22 16:01:32,28.8670787811279,-17.9036045074463,"Unknown"
"5020567",378626,2026-04-22 16:06:04,28.8666687011719,-17.9029102325439,"Unknown"
"5020567",378626,2026-04-22 16:11:03,28.866247177124,-17.9020538330078,"Unknown"
"5020567",378626,2026-04-22 16:16:03,28.8658714294434,-17.9013042449951,"Unknown"
"5020567",378626,2026-04-22 16:21:03,28.8654537200928,-17.9005031585693,"Unknown"
"5020567",378626,2026-04-22 16:26:03,28.8650455474854,-17.8997364044189,"Unknown"
"5020567",378626,2026-04-22 16:31:03,28.8646278381348,-17.8990001678467,"Unknown"
"5020567",378626,2026-04-22 16:36:03,28.8643627166748,-17.8984279632568,"Unknown"
"5020567",378626,2026-04-22 16:41:03,28.8641529083252,-17.8977222442627,"Unknown"
"5020567",378626,2026-04-22 16:46:03,28.8638973236084,-17.8969650268555,"Unknown"
"5020567",378626,2026-04-22 16:51:03,28.86350440979,-17.8961277008057,"Unknown"
"5020567",378626,2026-04-22 16:56:03,28.8633213043213,-17.8953437805176,"Unknown"
"5020567",378626,2026-04-22 17:01:03,28.863109588623,-17.8944072723389,"Unknown"
"5020567",378626,2026-04-22 17:06:03,28.8627777099609,-17.8934383392334,"Unknown"
"5020567",378626,2026-04-22 17:11:03,28.8625221252441,-17.8924751281738,"Unknown"
"5020567",378626,2026-04-22 17:16:03,28.8624477386475,-17.8913917541504,"Unknown"
"5020567",378626,2026-04-22 17:21:03,28.8619575500488,-17.8905391693115,"Unknown"
"5020567",378626,2026-04-22 17:26:03,28.8633213043213,-17.8673667907715,"Unknown"
"5020567",378626,2026-04-22 17:27:03,28.8571910858154,-17.8633289337158,"Unknown"
"5020567",378626,2026-04-22 17:32:03,28.8546848297119,-17.8581771850586,"Unknown"
"5020567",378626,2026-04-22 17:33:04,28.8546142578125,-17.858024597168,"Unknown"
"5020567",378626,2026-04-22 17:34:03,28.8545589447021,-17.8578662872314,"Unknown"
"5020567",378626,2026-04-22 17:35:03,28.8544960021973,-17.8577575683594,"Unknown"
"5020567",378626,2026-04-22 17:36:05,28.8544635772705,-17.8576049804688,"Unknown"
"5020567",378626,2026-04-22 17:37:03,28.8543796539307,-17.857494354248,"Unknown"
"5020567",378626,2026-04-22 17:38:03,28.8543357849121,-17.857364654541,"Unknown"
"5020567",378626,2026-04-22 17:39:05,28.8543167114258,-17.8572559356689,"Unknown"
"5020567",378626,2026-04-22 17:40:05,28.8542518615723,-17.8571529388428,"Unknown"
"5020567",378626,2026-04-22 17:41:03,28.8541641235352,-17.857063293457,"Unknown"
"5020567",378626,2026-04-22 17:42:05,28.8541507720947,-17.8569355010986,"Unknown"
"5020567",378626,2026-04-22 17:43:05,28.8542156219482,-17.8568286895752,"Unknown"
"5020567",378626,2026-04-22 17:44:05,28.854248046875,-17.8567047119141,"Unknown"
"5020567",378626,2026-04-22 17:45:03,28.8542556762695,-17.856575012207,"Unknown"
"5020567",378626,2026-04-22 17:46:03,28.8542861938477,-17.8564491271973,"Unknown"
"5020567",378626,2026-04-22 17:47:03,28.8543148040771,-17.8563385009766,"Unknown"
"5020567",378626,2026-04-22 17:48:03,28.8543243408203,-17.8562259674072,"Unknown"
"5020567",378626,2026-04-22 17:49:06,28.8543453216553,-17.8560886383057,"Unknown"
"5020567",378626,2026-04-22 17:50:07,28.854341506958,-17.8559112548828,"Unknown"
"5020567",378626,2026-04-22 17:51:03,28.8543529510498,-17.8557472229004,"Unknown"
"5020567",378626,2026-04-22 17:52:03,28.8543586730957,-17.8555946350098,"Unknown"
"5020567",378626,2026-04-22 17:53:03,28.8543720245361,-17.8554153442383,"Unknown"
"5020567",378626,2026-04-22 17:54:03,28.8544006347656,-17.8552570343018,"Unknown"
"5020567",378626,2026-04-22 17:55:07,28.8544101715088,-17.8551025390625,"Unknown"
"5020567",378626,2026-04-22 17:56:03,28.8544292449951,-17.8549480438232,"Unknown"
"5020567",378626,2026-04-22 17:57:03,28.854434967041,-17.8548278808594,"Unknown"
"5020567",378626,2026-04-22 17:58:04,28.8544826507568,-17.8546714782715,"Unknown"
"5020567",378626,2026-04-22 17:59:05,28.8544998168945,-17.854513168335,"Unknown"
"5020567",378626,2026-04-22 18:00:04,28.8544826507568,-17.8543338775635,"Unknown"
"5020567",378626,2026-04-22 18:01:03,28.8545303344727,-17.8542041778564,"Unknown"
"5020567",378626,2026-04-22 18:02:04,28.8545112609863,-17.8540287017822,"Unknown"
"5020567",378626,2026-04-22 18:03:03,28.8545513153076,-17.8538780212402,"Unknown"
"5020567",378626,2026-04-22 18:04:04,28.8545837402344,-17.8537120819092,"Unknown"
"5020567",378626,2026-04-22 18:05:04,28.8545742034912,-17.8535537719727,"Unknown"
"5020567",378626,2026-04-22 18:06:06,28.8545799255371,-17.8533744812012,"Unknown"
"5020567",378626,2026-04-22 18:07:03,28.8545951843262,-17.8532161712646,"Unknown"
"5020567",378626,2026-04-22 18:08:03,28.8545341491699,-17.8530197143555,"Unknown"
"5020567",378626,2026-04-22 18:09:03,28.8545303344727,-17.8466529846191,"Unknown"
"5020567",378626,2026-04-22 18:10:04,28.855016708374,-17.8398056030273,"Unknown"
"5020567",378626,2026-04-22 18:11:03,28.8542652130127,-17.8326930999756,"Unknown"
"5020567",378626,2026-04-22 18:12:04,28.8520126342773,-17.8270378112793,"Unknown"
"5020567",378626,2026-04-22 18:13:04,28.8545589447021,-17.8206901550293,"Unknown"
"5020567",378626,2026-04-22 18:14:04,28.8558006286621,-17.8174610137939,"Unknown"
"5020567",378626,2026-04-22 18:15:04,28.855785369873,-17.817346572876,"Unknown"
"5020567",378626,2026-04-22 18:16:03,28.8557319641113,-17.8172245025635,"Unknown"
"5020567",378626,2026-04-22 18:17:06,28.8557415008545,-17.8171577453613,"Unknown"
"5020567",378626,2026-04-22 18:18:05,28.855712890625,-17.8170394897461,"Unknown"
"5020567",378626,2026-04-22 18:19:05,28.8556880950928,-17.8169288635254,"Unknown"
"5020567",378626,2026-04-22 18:20:06,28.8556747436523,-17.8168430328369,"Unknown"
"5020567",378626,2026-04-22 18:21:11,28.8556747436523,-17.8167304992676,"Unknown"
"5020567",378626,2026-04-22 18:22:07,28.8556385040283,-17.8165988922119,"Unknown"
"5020567",378626,2026-04-22 18:23:33,28.8556175231934,-17.8164672851562,"Unknown"
"5020567",378626,2026-04-22 18:24:03,28.8555793762207,-17.8163986206055,"Unknown"
"5020567",378626,2026-04-22 18:25:03,28.8555564880371,-17.8163070678711,"Unknown"
"5020567",378626,2026-04-22 18:26:03,28.855489730835,-17.8162498474121,"Unknown"
"5020567",378626,2026-04-22 18:27:03,28.8555068969727,-17.8161277770996,"Unknown"
"5020567",378626,2026-04-22 18:28:03,28.8555145263672,-17.8160305023193,"Unknown"
"5020567",378626,2026-04-22 18:29:03,28.8554840087891,-17.8159236907959,"Unknown"
"5020567",378626,2026-04-22 18:30:03,28.8554782867432,-17.8158168792725,"Unknown"
"5020567",378626,2026-04-22 18:31:03,28.8554439544678,-17.8157234191895,"Unknown"
"5020567",378626,2026-04-22 18:32:05,28.8553695678711,-17.8156070709229,"Unknown"
"5020567",378626,2026-04-22 18:33:04,28.8553695678711,-17.8155136108398,"Unknown"
"5020567",378626,2026-04-22 18:34:04,28.8553142547607,-17.8153972625732,"Unknown"
"5020567",378626,2026-04-22 18:35:03,28.8553504943848,-17.8154296875,"Unknown"
"5020567",378626,2026-04-22 18:36:03,28.8547801971436,-17.8209953308105,"Unknown"
"5020567",378626,2026-04-22 18:37:03,28.8550453186035,-17.8225059509277,"Unknown"
"5020567",378626,2026-04-22 18:38:03,28.8549785614014,-17.8224010467529,"Unknown"
"5020567",378626,2026-04-22 18:39:03,28.8549003601074,-17.8223571777344,"Unknown"
"5020567",378626,2026-04-22 18:40:05,28.8548717498779,-17.8223190307617,"Unknown"
"5020567",378626,2026-04-22 18:41:04,28.8548679351807,-17.8222846984863,"Unknown"
"5020567",378626,2026-04-22 18:42:03,28.8548583984375,-17.8221817016602,"Unknown"
"5020567",378626,2026-04-22 18:43:03,28.8549976348877,-17.8223743438721,"Unknown"
"5020567",378626,2026-04-22 18:44:03,28.8563556671143,-17.8262329101562,"Unknown"
"5020567",378626,2026-04-22 18:45:03,28.8563480377197,-17.8262329101562,"Unknown"
"5020567",378626,2026-04-22 18:46:03,28.8566036224365,-17.8265438079834,"Unknown"
"5020567",378626,2026-04-22 18:47:03,28.85813331604,-17.8280658721924,"Unknown"
"5020567",378626,2026-04-22 18:48:03,28.8580932617188,-17.8280467987061,"Unknown"
"5020567",378626,2026-04-22 18:49:04,28.8580513000488,-17.8279876708984,"Unknown"
"5020567",378626,2026-04-22 18:50:04,28.8580169677734,-17.8279247283936,"Unknown"
"5020567",378626,2026-04-22 18:51:05,28.8579959869385,-17.8279094696045,"Unknown"
"5020567",378626,2026-04-22 18:52:04,28.8579406738281,-17.8278503417969,"Unknown"
"5020567",378626,2026-04-22 18:53:05,28.8579006195068,-17.8278255462646,"Unknown"
"5020567",378626,2026-04-22 18:54:06,28.8578567504883,-17.8278007507324,"Unknown"
"5020567",378626,2026-04-22 18:55:03,28.8578109741211,-17.8277530670166,"Unknown"
"5020567",378626,2026-04-22 18:56:03,28.8577537536621,-17.8277397155762,"Unknown"
"5020567",378626,2026-04-22 18:57:07,28.8576774597168,-17.8276596069336,"Unknown"
"5020567",378626,2026-04-22 18:58:05,28.857702255249,-17.8276176452637,"Unknown"
"5020567",378626,2026-04-22 18:59:03,28.8576679229736,-17.8275375366211,"Unknown"
"5020567",378626,2026-04-22 19:00:05,28.8576488494873,-17.8274879455566,"Unknown"
"5020567",378626,2026-04-22 19:01:03,28.857608795166,-17.8274173736572,"Unknown"
"5020567",378626,2026-04-22 19:02:05,28.857572555542,-17.8273677825928,"Unknown"
"5020567",378626,2026-04-22 19:03:03,28.8575325012207,-17.8273143768311,"Unknown"
"5020567",378626,2026-04-22 19:04:05,28.8574752807617,-17.8272571563721,"Unknown"
"5020567",378626,2026-04-22 19:05:06,28.857458114624,-17.8272285461426,"Unknown"
"5020567",378626,2026-04-22 19:06:05,28.8574523925781,-17.8271865844727,"Unknown"
"5020567",378626,2026-04-22 19:07:04,28.8574390411377,-17.8271865844727,"Unknown"
"5020567",378626,2026-04-22 19:08:03,28.8574028015137,-17.8271522521973,"Unknown"
"5020567",378626,2026-04-22 19:09:04,28.857349395752,-17.8271064758301,"Unknown"
"5020567",378626,2026-04-22 19:10:03,28.8573131561279,-17.8270511627197,"Unknown"
"5020567",378626,2026-04-22 19:11:04,28.8572425842285,-17.827018737793,"Unknown"
"5020567",378626,2026-04-22 19:12:03,28.8571968078613,-17.8269481658936,"Unknown"
"5020567",378626,2026-04-22 19:13:03,28.8571701049805,-17.8268661499023,"Unknown"
"5020567",378626,2026-04-22 19:14:03,28.8571262359619,-17.8268432617188,"Unknown"
"5020567",378626,2026-04-22 19:15:04,28.8570537567139,-17.8267784118652,"Unknown"
"5020567",378626,2026-04-22 19:16:05,28.8570213317871,-17.8267097473145,"Unknown"
"5020567",378626,2026-04-22 19:17:03,28.8569869995117,-17.82666015625,"Unknown"
"5020567",378626,2026-04-22 19:18:03,28.856969833374,-17.8266181945801,"Unknown"
"5020567",378626,2026-04-22 19:19:03,28.8569221496582,-17.8265380859375,"Unknown"
"5020567",378626,2026-04-22 19:20:03,28.8568897247314,-17.8264789581299,"Unknown"
"5020567",378626,2026-04-22 19:21:03,28.8568458557129,-17.8264064788818,"Unknown"
"5020567",378626,2026-04-22 19:22:05,28.8568210601807,-17.8263034820557,"Unknown"
"5020567",378626,2026-04-22 19:32:04,28.8564720153809,-17.8258209228516,"Unknown"
"5020567",378626,2026-04-22 19:33:05,28.8564586639404,-17.8258018493652,"Unknown"
"5020567",378626,2026-04-22 19:34:03,28.8564205169678,-17.8257465362549,"Unknown"
"5020567",378626,2026-04-22 19:35:03,28.8564014434814,-17.8256568908691,"Unknown"
"5020567",378626,2026-04-22 19:45:07,28.8559627532959,-17.8252639770508,"Unknown"
"5020567",378626,2026-04-22 19:46:05,28.8558959960938,-17.8252372741699,"Unknown"
"5020567",378626,2026-04-22 19:57:28,28.8541240692139,-17.7893886566162,"Unknown"
"5020567",378626,2026-04-22 19:58:58,28.8502731323242,-17.7800407409668,"Unknown"
"5020567",378626,2026-04-22 20:08:58,28.8083019256592,-17.7491626739502,"Unknown"
"5020567",378626,2026-04-22 20:18:03,28.7897167205811,-17.7424125671387,"Unknown"
"5020567",378626,2026-04-22 20:27:33,28.772310256958,-17.728609085083,"Unknown"
"5020567",378626,2026-04-22 20:37:33,28.7557964324951,-17.7204780578613,"Unknown"
"5020567",378626,2026-04-22 20:47:34,28.7532978057861,-17.7200336456299,"Unknown"
"5020567",378626,2026-04-22 20:57:34,28.7508907318115,-17.719596862793,"Unknown"
"5020567",378626,2026-04-22 21:07:34,28.6978797912598,-17.7429275512695,"Unknown"
"5020567",378626,2026-04-22 21:17:33,28.7124557495117,-17.7299613952637,"Unknown"
"5020567",378626,2026-04-22 21:27:34,28.7466106414795,-17.729679107666,"Unknown"
"5020567",378626,2026-04-22 21:37:35,28.7578125,-17.7439460754395,"Unknown"
"5020567",378626,2026-04-22 21:47:34,28.7173442840576,-17.7595081329346,"Unknown"
"5020567",378626,2026-04-23 05:49:27,28.7718048095703,-17.7238006591797,"Unknown"
"5020567",378626,2026-04-23 06:08:57,28.7831916809082,-17.7273731231689,"Unknown"
"5020567",378626,2026-04-23 07:08:56,28.7750072479248,-17.7099266052246,"Unknown"
"5020567",378626,2026-04-23 07:28:56,28.7792491912842,-17.7037544250488,"Unknown"
"5020567",378626,2026-04-23 08:30:20,28.8073024749756,-17.6847648620605,"Unknown"
"5020567",378626,2026-04-23 09:30:20,28.8078918457031,-17.6801738739014,"Unknown"
"5020567",378626,2026-04-23 09:39:33,28.8116874694824,-17.689582824707,"Unknown"
"5020567",378626,2026-04-23 09:48:55,28.8105297088623,-17.6847629547119,"Unknown"
"5020567",378626,2026-04-23 09:58:55,28.8013153076172,-17.6798706054688,"Unknown"
"5020567",378626,2026-04-23 10:08:55,28.8190517425537,-17.6925144195557,"Unknown"
"5020567",378626,2026-04-23 10:18:55,28.8247814178467,-17.6963214874268,"Unknown"
"5020567",378626,2026-04-23 10:23:55,28.8253746032715,-17.7062168121338,"Unknown"
"5020567",378626,2026-04-23 10:28:55,28.8253040313721,-17.7062244415283,"Unknown"
"5020567",378626,2026-04-23 10:33:56,28.8252391815186,-17.706111907959,"Unknown"
"5020567",378626,2026-04-23 10:38:55,28.8251171112061,-17.7060203552246,"Unknown"
"5020567",378626,2026-04-23 10:43:56,28.8249549865723,-17.706111907959,"Unknown"
"5020567",378626,2026-04-23 10:48:55,28.8249053955078,-17.7061672210693,"Unknown"
"5020567",378626,2026-04-23 10:53:56,28.8247108459473,-17.7063102722168,"Unknown"
"5020567",378626,2026-04-23 10:58:55,28.824743270874,-17.7062835693359,"Unknown"
"5020567",378626,2026-04-23 11:03:55,28.8245258331299,-17.7064323425293,"Unknown"
"5020567",378626,2026-04-23 11:08:56,28.8244705200195,-17.7064533233643,"Unknown"
"5020567",378626,2026-04-23 11:13:56,28.8241920471191,-17.7067031860352,"Unknown"
"5020567",378626,2026-04-23 11:18:55,28.8242301940918,-17.7065620422363,"Unknown"
"5020567",378626,2026-04-23 11:23:57,28.8240070343018,-17.7066345214844,"Unknown"
"5020567",378626,2026-04-23 11:28:55,28.8235931396484,-17.7066192626953,"Unknown"
"5020567",378626,2026-04-23 11:33:55,28.8234806060791,-17.7067527770996,"Unknown"
"5020567",378626,2026-04-23 11:38:55,28.8235092163086,-17.7068786621094,"Unknown"
"5020567",378626,2026-04-23 11:43:58,28.8232421875,-17.7070770263672,"Unknown"
"5020567",378626,2026-04-23 11:48:58,28.8230819702148,-17.7074241638184,"Unknown"
"5020567",378626,2026-04-23 11:53:56,28.8185405731201,-17.7170467376709,"Unknown"
"5020567",378626,2026-04-23 11:58:58,28.8127918243408,-17.7241611480713,"Unknown"
"5020567",378626,2026-04-23 12:04:33,28.81422996521,-17.7245998382568,"Unknown"
"5020567",378626,2026-04-23 12:08:55,28.8167705535889,-17.7250728607178,"Unknown"
"5020567",378626,2026-04-23 12:13:55,28.8166618347168,-17.7251815795898,"Unknown"
"5020567",378626,2026-04-23 12:14:55,28.8170223236084,-17.7210178375244,"Unknown"
"5020567",378626,2026-04-23 12:15:55,28.816987991333,-17.7211952209473,"Unknown"
"5020567",378626,2026-04-23 12:20:55,28.8169116973877,-17.7212963104248,"Unknown"
"5020567",378626,2026-04-23 12:25:55,28.8168849945068,-17.7214603424072,"Unknown"
"5020567",378626,2026-04-23 12:30:55,28.8167991638184,-17.7214393615723,"Unknown"
"5020567",378626,2026-04-23 12:35:55,28.8166961669922,-17.7215118408203,"Unknown"
"5020567",378626,2026-04-23 12:40:55,28.8165950775146,-17.7215671539307,"Unknown"
"5020567",378626,2026-04-23 12:45:57,28.816577911377,-17.7216548919678,"Unknown"
"5020567",378626,2026-04-23 12:50:57,28.8165893554688,-17.7217998504639,"Unknown"
"5020567",378626,2026-04-23 12:55:57,28.8134860992432,-17.7260456085205,"Unknown"
"5020567",378626,2026-04-23 13:00:58,28.8135185241699,-17.7260704040527,"Unknown"
"5020567",378626,2026-04-23 13:01:56,28.8135414123535,-17.7260665893555,"Unknown"
"5020567",378626,2026-04-23 13:02:56,28.8135471343994,-17.7260684967041,"Unknown"
"5020567",378626,2026-04-23 13:03:56,28.813570022583,-17.7260665893555,"Unknown"
"5020567",378626,2026-04-23 13:04:55,28.8135356903076,-17.7261428833008,"Unknown"
"5020567",378626,2026-04-23 13:05:55,28.8134574890137,-17.7262496948242,"Unknown"
"5020567",378626,2026-04-23 13:06:55,28.8134250640869,-17.7263813018799,"Unknown"
"5020567",378626,2026-04-23 13:07:56,28.8134002685547,-17.7264957427979,"Unknown"
"5020567",378626,2026-04-23 13:08:55,28.8133583068848,-17.7266273498535,"Unknown"
"5020567",378626,2026-04-23 13:09:56,28.813268661499,-17.7267570495605,"Unknown"
"5020567",378626,2026-04-23 13:10:55,28.8131771087646,-17.7268581390381,"Unknown"
"5020567",378626,2026-04-23 13:11:56,28.8131294250488,-17.7269649505615,"Unknown"
"5020567",378626,2026-04-23 13:12:55,28.8130626678467,-17.7270832061768,"Unknown"
"5020567",378626,2026-04-23 13:13:56,28.8130130767822,-17.7271785736084,"Unknown"
"5020567",378626,2026-04-23 13:14:58,28.8129768371582,-17.7272968292236,"Unknown"
"5020567",378626,2026-04-23 13:15:56,28.8129692077637,-17.7273826599121,"Unknown"
"5020567",378626,2026-04-23 13:16:56,28.8129596710205,-17.727481842041,"Unknown"
"5020567",378626,2026-04-23 13:17:57,28.8129100799561,-17.7276000976562,"Unknown"
"5020567",378626,2026-04-23 13:18:55,28.8128318786621,-17.7277069091797,"Unknown"
"5020567",378626,2026-04-23 13:19:55,28.8128299713135,-17.7278251647949,"Unknown"
"5020567",378626,2026-04-23 13:20:55,28.812707901001,-17.727954864502,"Unknown"
"5020567",378626,2026-04-23 13:21:56,28.8127727508545,-17.728048324585,"Unknown"
"5020567",378626,2026-04-23 13:22:56,28.8127880096436,-17.7281322479248,"Unknown"
"5020567",378626,2026-04-23 13:23:55,28.8127117156982,-17.7282104492188,"Unknown"
"5020567",378626,2026-04-23 13:24:55,28.8126983642578,-17.7283058166504,"Unknown"
"5020567",378626,2026-04-23 13:25:57,28.8126640319824,-17.7284107208252,"Unknown"
"5020567",378626,2026-04-23 13:26:57,28.8126430511475,-17.7285060882568,"Unknown"
"5020567",378626,2026-04-23 13:27:57,28.8126049041748,-17.7285861968994,"Unknown"
"5020567",378626,2026-04-23 13:28:56,28.8125553131104,-17.7286758422852,"Unknown"
"5020567",378626,2026-04-23 13:29:58,28.8125228881836,-17.7287578582764,"Unknown"
"5020567",378626,2026-04-23 13:30:58,28.8124771118164,-17.7288417816162,"Unknown"
"5020567",378626,2026-04-23 13:31:58,28.8124561309814,-17.7288837432861,"Unknown"
"5020567",378626,2026-04-23 13:32:58,28.8124313354492,-17.7289543151855,"Unknown"
"5020567",378626,2026-04-23 13:34:00,28.8124504089355,-17.7289142608643,"Unknown"
"5020567",378626,2026-04-23 13:34:59,28.812427520752,-17.7289733886719,"Unknown"
"5020567",378626,2026-04-23 13:35:59,28.8123970031738,-17.7290534973145,"Unknown"
"5020567",378626,2026-04-23 13:37:00,28.8123893737793,-17.7291564941406,"Unknown"
"5020567",378626,2026-04-23 13:37:59,28.812349319458,-17.7292518615723,"Unknown"
"5020567",378626,2026-04-23 13:39:01,28.8123416900635,-17.7293376922607,"Unknown"
"5020567",378626,2026-04-23 13:39:59,28.8122749328613,-17.7294425964355,"Unknown"
"5020567",378626,2026-04-23 13:41:01,28.8122711181641,-17.7295055389404,"Unknown"
"5020567",378626,2026-04-23 13:41:59,28.8122482299805,-17.7295932769775,"Unknown"
"5020567",378626,2026-04-23 13:42:59,28.812162399292,-17.7296905517578,"Unknown"
"5020567",378626,2026-04-23 13:44:01,28.8121299743652,-17.7297687530518,"Unknown"
"5020567",378626,2026-04-23 13:45:02,28.8120822906494,-17.7298717498779,"Unknown"
"5020567",378626,2026-04-23 13:46:03,28.8120403289795,-17.7299766540527,"Unknown"
"5020567",378626,2026-04-23 13:47:17,28.8119602203369,-17.7300891876221,"Unknown"
"5020567",378626,2026-04-23 13:48:00,28.8119430541992,-17.7301445007324,"Unknown"
"5020567",378626,2026-04-23 13:48:58,28.811882019043,-17.7302150726318,"Unknown"
"5020567",378626,2026-04-23 13:50:17,28.8118152618408,-17.7303314208984,"Unknown"
"5020567",378626,2026-04-23 13:50:57,28.8117923736572,-17.7303791046143,"Unknown"
"5020567",378626,2026-04-23 13:51:56,28.8117580413818,-17.7304630279541,"Unknown"
"5020567",378626,2026-04-23 13:52:57,28.8116760253906,-17.7305774688721,"Unknown"
"5020567",378626,2026-04-23 13:53:57,28.8116455078125,-17.7306442260742,"Unknown"
"5020567",378626,2026-04-23 13:54:55,28.8116283416748,-17.7307243347168,"Unknown"
"5020567",378626,2026-04-23 13:55:55,28.8115901947021,-17.7308082580566,"Unknown"
"5020567",378626,2026-04-23 13:56:56,28.8115234375,-17.7308673858643,"Unknown"
"5020567",378626,2026-04-23 13:57:55,28.8114757537842,-17.7309665679932,"Unknown"
"5020567",378626,2026-04-23 13:58:57,28.8113708496094,-17.731086730957,"Unknown"
"5020567",378626,2026-04-23 13:59:57,28.8113079071045,-17.7311859130859,"Unknown"
"5020567",378626,2026-04-23 14:00:55,28.811222076416,-17.7312870025635,"Unknown"
"5020567",378626,2026-04-23 14:01:55,28.8111209869385,-17.7314109802246,"Unknown"
"5020567",378626,2026-04-23 14:02:55,28.8110580444336,-17.7315101623535,"Unknown"
"5020567",378626,2026-04-23 14:03:55,28.8109741210938,-17.731632232666,"Unknown"
"5020567",378626,2026-04-23 14:04:55,28.810905456543,-17.7317428588867,"Unknown"
"5020567",378626,2026-04-23 14:05:55,28.81081199646,-17.7318153381348,"Unknown"
"5020567",378626,2026-04-23 14:06:55,28.810733795166,-17.7319431304932,"Unknown"
"5020567",378626,2026-04-23 14:07:55,28.8106231689453,-17.7320404052734,"Unknown"
"5020567",378626,2026-04-23 14:08:55,28.8105392456055,-17.7321739196777,"Unknown"
"5020567",378626,2026-04-23 14:09:55,28.8104648590088,-17.732271194458,"Unknown"
"5020567",378626,2026-04-23 14:10:55,28.8103885650635,-17.7322864532471,"Unknown"
"5020567",378626,2026-04-23 14:11:55,28.8103523254395,-17.7323131561279,"Unknown"
"5020567",378626,2026-04-23 14:12:55,28.8102760314941,-17.7323246002197,"Unknown"
"5020567",378626,2026-04-23 14:13:55,28.8101940155029,-17.7323665618896,"Unknown"
"5020567",378626,2026-04-23 14:14:55,28.8101329803467,-17.7324028015137,"Unknown"
"5020567",378626,2026-04-23 14:15:55,28.8100738525391,-17.7324352264404,"Unknown"
"5020567",378626,2026-04-23 14:16:55,28.8100032806396,-17.732442855835,"Unknown"
"5020567",378626,2026-04-23 14:17:55,28.8099784851074,-17.7324390411377,"Unknown"
"5020567",378626,2026-04-23 14:18:55,28.8099517822266,-17.7325477600098,"Unknown"
"5020567",378626,2026-04-23 14:19:55,28.8099174499512,-17.7326068878174,"Unknown"
"5020567",378626,2026-04-23 14:20:55,28.8098468780518,-17.7327117919922,"Unknown"
"5020567",378626,2026-04-23 14:21:56,28.8098220825195,-17.7328414916992,"Unknown"
"5020567",378626,2026-04-23 14:22:55,28.8098278045654,-17.7329025268555,"Unknown"
"5020567",378626,2026-04-23 14:23:55,28.8098106384277,-17.7329769134521,"Unknown"
"5020567",378626,2026-04-23 14:24:55,28.809778213501,-17.7330493927002,"Unknown"
"5020567",378626,2026-04-23 14:25:55,28.8097457885742,-17.7331638336182,"Unknown"
"5020567",378626,2026-04-23 14:26:55,28.8096866607666,-17.7332420349121,"Unknown"
"5020567",378626,2026-04-23 14:27:55,28.8096714019775,-17.7332305908203,"Unknown"
"5020567",378626,2026-04-23 14:28:56,28.8096351623535,-17.7332305908203,"Unknown"
"5020567",378626,2026-04-23 14:29:56,28.8096160888672,-17.7332324981689,"Unknown"
"5020567",378626,2026-04-23 14:30:55,28.8095798492432,-17.7332592010498,"Unknown"
"5020567",378626,2026-04-23 14:31:55,28.8095302581787,-17.7332916259766,"Unknown"
"5020567",378626,2026-04-23 14:32:55,28.8094921112061,-17.7333488464355,"Unknown"
"5020567",378626,2026-04-23 14:33:57,28.809455871582,-17.7334136962891,"Unknown"
"5020567",378626,2026-04-23 14:34:56,28.8094215393066,-17.7334575653076,"Unknown"
"5020567",378626,2026-04-23 14:35:56,28.8093738555908,-17.7335052490234,"Unknown"
"5020567",378626,2026-04-23 14:36:55,28.8092975616455,-17.7335166931152,"Unknown"
"5020567",378626,2026-04-23 14:37:56,28.8092269897461,-17.7335548400879,"Unknown"
"5020567",378626,2026-04-23 14:38:55,28.8091869354248,-17.7335586547852,"Unknown"
"5020567",378626,2026-04-23 14:39:55,28.8091335296631,-17.7335910797119,"Unknown"
"5020567",378626,2026-04-23 14:40:55,28.8090934753418,-17.73362159729,"Unknown"
"5020567",378626,2026-04-23 14:41:56,28.8090171813965,-17.7336311340332,"Unknown"
"5020567",378626,2026-04-23 14:42:55,28.808952331543,-17.7335815429688,"Unknown"
"5020567",378626,2026-04-23 14:43:56,28.8089084625244,-17.7335758209229,"Unknown"
"5020567",378626,2026-04-23 14:44:56,28.8088932037354,-17.7335472106934,"Unknown"
"5020567",378626,2026-04-23 14:45:55,28.8088798522949,-17.7335300445557,"Unknown"
"5020567",378626,2026-04-23 14:46:56,28.8088474273682,-17.7335624694824,"Unknown"
"5020567",378626,2026-04-23 14:47:55,28.8087882995605,-17.7336254119873,"Unknown"
"5020567",378626,2026-04-23 14:48:56,28.8087577819824,-17.7336730957031,"Unknown"
"5020567",378626,2026-04-23 14:49:56,28.8087215423584,-17.7337608337402,"Unknown"
"5020567",378626,2026-04-23 14:50:56,28.8086929321289,-17.7337894439697,"Unknown"
"5020567",378626,2026-04-23 14:51:55,28.8085803985596,-17.7338104248047,"Unknown"
"5020567",378626,2026-04-23 14:52:56,28.8084945678711,-17.733772277832,"Unknown"
"5020567",378626,2026-04-23 14:53:55,28.8083877563477,-17.7337837219238,"Unknown"
"5020567",378626,2026-04-23 14:54:56,28.8084354400635,-17.7338752746582,"Unknown"
"5020567",378626,2026-04-23 14:55:56,28.8114242553711,-17.7305641174316,"Unknown"
"5020567",378626,2026-04-23 14:56:56,28.8153247833252,-17.7297954559326,"Unknown"
"5020567",378626,2026-04-23 14:57:55,28.8191356658936,-17.728609085083,"Unknown"
"5020567",378626,2026-04-23 14:58:55,28.8199443817139,-17.7335624694824,"Unknown"
"5020567",378626,2026-04-23 14:59:57,28.821496963501,-17.7383117675781,"Unknown"
"5020567",378626,2026-04-23 15:00:55,28.8231792449951,-17.7426452636719,"Unknown"
"5020567",378626,2026-04-23 15:01:55,28.8246669769287,-17.747163772583,"Unknown"
"5020567",378626,2026-04-23 15:02:55,28.8272113800049,-17.7502918243408,"Unknown"
"5020567",378626,2026-04-23 15:03:55,28.8271865844727,-17.7538776397705,"Unknown"
"5020567",378626,2026-04-23 15:04:57,28.8307571411133,-17.7573280334473,"Unknown"
"5020567",378626,2026-04-23 15:05:56,28.8345203399658,-17.758960723877,"Unknown"
"5020567",378626,2026-04-23 15:06:55,28.8387260437012,-17.7604026794434,"Unknown"
"5020567",378626,2026-04-23 15:07:57,28.8427658081055,-17.7593002319336,"Unknown"
"5020567",378626,2026-04-23 15:08:56,28.8427505493164,-17.7593441009521,"Unknown"
"5020567",378626,2026-04-23 15:09:55,28.8427562713623,-17.7593650817871,"Unknown"
"5020567",378626,2026-04-23 15:10:55,28.8427562713623,-17.7594451904297,"Unknown"
"5020567",378626,2026-04-23 15:11:57,28.841157913208,-17.7580394744873,"Unknown"
"5020567",378626,2026-04-23 15:12:59,28.8410263061523,-17.7581558227539,"Unknown"
"5020567",378626,2026-04-23 15:13:57,28.8388977050781,-17.7582015991211,"Unknown"
"5020567",378626,2026-04-23 15:14:57,28.8389453887939,-17.7582969665527,"Unknown"
"5020567",378626,2026-04-23 15:15:55,28.8388767242432,-17.7583332061768,"Unknown"
"5020567",378626,2026-04-23 15:16:55,28.8388252258301,-17.7583522796631,"Unknown"
"5020567",378626,2026-04-23 15:17:55,28.8388061523438,-17.7584781646729,"Unknown"
"5020567",378626,2026-04-23 15:18:57,28.8388023376465,-17.7585315704346,"Unknown"
"5020567",378626,2026-04-23 15:19:57,28.8388004302979,-17.758602142334,"Unknown"
"5020567",378626,2026-04-23 15:20:55,28.838794708252,-17.7586479187012,"Unknown"
"5020567",378626,2026-04-23 15:21:55,28.8390693664551,-17.7575778961182,"Unknown"
"5020567",378626,2026-04-23 15:22:57,28.8357563018799,-17.7527256011963,"Unknown"
"5020567",378626,2026-04-23 15:23:56,28.8349151611328,-17.7516956329346,"Unknown"
"5020567",378626,2026-04-23 15:24:55,28.8349876403809,-17.7517547607422,"Unknown"
"5020567",378626,2026-04-23 15:25:57,28.8350429534912,-17.7518348693848,"Unknown"
"5020567",378626,2026-04-23 15:26:57,28.8336200714111,-17.7500877380371,"Unknown"
"5020567",378626,2026-04-23 15:27:55,28.8284702301025,-17.7473335266113,"Unknown"
"5020567",378626,2026-04-23 15:28:55,28.827220916748,-17.7463073730469,"Unknown"
"5020567",378626,2026-04-23 15:29:55,28.8272743225098,-17.7463493347168,"Unknown"
"5020567",378626,2026-04-23 15:31:00,28.825496673584,-17.7486686706543,"Unknown"
"5020567",378626,2026-04-23 15:32:16,28.8241310119629,-17.749174118042,"Unknown"
"5020567",378626,2026-04-23 15:33:27,28.823263168335,-17.7496948242188,"Unknown"
"5020567",378626,2026-04-23 15:33:56,28.8233318328857,-17.7500305175781,"Unknown"
"5020567",378626,2026-04-23 15:34:55,28.82395362854,-17.7523059844971,"Unknown"
"5020567",378626,2026-04-23 15:35:55,28.8241004943848,-17.7523365020752,"Unknown"
"5020567",378626,2026-04-23 15:36:55,28.8241577148438,-17.7523097991943,"Unknown"
"5020567",378626,2026-04-23 15:37:55,28.8242225646973,-17.7522811889648,"Unknown"
"5020567",378626,2026-04-23 15:38:56,28.8242816925049,-17.7522754669189,"Unknown"
"5020567",378626,2026-04-23 15:39:56,28.8243675231934,-17.752254486084,"Unknown"
"5020567",378626,2026-04-23 15:40:55,28.8244304656982,-17.752269744873,"Unknown"
"5020567",378626,2026-04-23 15:41:55,28.8245239257812,-17.7522754669189,"Unknown"
"5020567",378626,2026-04-23 15:42:55,28.8245735168457,-17.7523460388184,"Unknown"
"5020567",378626,2026-04-23 15:43:55,28.8246078491211,-17.7523307800293,"Unknown"
"5020567",378626,2026-04-23 15:44:55,28.824728012085,-17.7523136138916,"Unknown"
"5020567",378626,2026-04-23 15:45:55,28.8248672485352,-17.7523078918457,"Unknown"
"5020567",378626,2026-04-23 15:46:55,28.82497215271,-17.752326965332,"Unknown"
"5020567",378626,2026-04-23 15:47:55,28.8250579833984,-17.7523136138916,"Unknown"
"5020567",378626,2026-04-23 15:48:55,28.8251838684082,-17.7523307800293,"Unknown"
"5020567",378626,2026-04-23 15:49:55,28.8252429962158,-17.7524070739746,"Unknown"
"5020567",378626,2026-04-23 15:50:55,28.8254203796387,-17.7524032592773,"Unknown"
"5020567",378626,2026-04-23 15:51:55,28.8255004882812,-17.7524166107178,"Unknown"
"5020567",378626,2026-04-23 15:52:55,28.8255653381348,-17.7524585723877,"Unknown"
"5020567",378626,2026-04-23 15:53:55,28.8256511688232,-17.7524681091309,"Unknown"
"5020567",378626,2026-04-23 15:54:56,28.825719833374,-17.7524585723877,"Unknown"
"5020567",378626,2026-04-23 15:55:56,28.8257999420166,-17.7524280548096,"Unknown"
"5020567",378626,2026-04-23 15:56:55,28.8258609771729,-17.7524089813232,"Unknown"
"5020567",378626,2026-04-23 15:57:55,28.8259296417236,-17.752347946167,"Unknown"
"5020567",378626,2026-04-23 15:58:55,28.8260498046875,-17.7523441314697,"Unknown"
"5020567",378626,2026-04-23 15:59:55,28.8261413574219,-17.7523460388184,"Unknown"
"5020567",378626,2026-04-23 16:00:55,28.8262252807617,-17.7523307800293,"Unknown"
"5020567",378626,2026-04-23 16:01:55,28.8263206481934,-17.7523136138916,"Unknown"
"5020567",378626,2026-04-23 16:02:55,28.8263969421387,-17.7523326873779,"Unknown"
"5020567",378626,2026-04-23 16:03:55,28.8264350891113,-17.7523460388184,"Unknown"
"5020567",378626,2026-04-23 16:04:55,28.8265018463135,-17.752347946167,"Unknown"
"5020567",378626,2026-04-23 16:05:55,28.8265533447266,-17.7523670196533,"Unknown"
"5020567",378626,2026-04-23 16:06:55,28.8266258239746,-17.7523651123047,"Unknown"
"5020567",378626,2026-04-23 16:07:55,28.8266487121582,-17.7523517608643,"Unknown"
"5020567",378626,2026-04-23 16:08:55,28.8266887664795,-17.7523784637451,"Unknown"
"5020567",378626,2026-04-23 16:09:55,28.8266887664795,-17.7523708343506,"Unknown"
"5020567",378626,2026-04-23 16:10:55,28.8267650604248,-17.7523212432861,"Unknown"
"5020567",378626,2026-04-23 16:11:55,28.8268585205078,-17.752233505249,"Unknown"
"5020567",378626,2026-04-23 16:12:55,28.8269157409668,-17.7521362304688,"Unknown"
"5020567",378626,2026-04-23 16:13:55,28.8269214630127,-17.7521286010742,"Unknown"
"5020567",378626,2026-04-23 16:14:55,28.8269805908203,-17.752067565918,"Unknown"
"5020567",378626,2026-04-23 16:15:55,28.8270111083984,-17.7520160675049,"Unknown"
"5020567",378626,2026-04-23 16:16:55,28.827054977417,-17.752010345459,"Unknown"
"5020567",378626,2026-04-23 16:17:55,28.8271312713623,-17.7519588470459,"Unknown"
"5020567",378626,2026-04-23 16:18:55,28.8272037506104,-17.7519149780273,"Unknown"
"5020567",378626,2026-04-23 16:19:55,28.8272380828857,-17.7518997192383,"Unknown"
"5020567",378626,2026-04-23 16:20:55,28.8272800445557,-17.7518501281738,"Unknown"
"5020567",378626,2026-04-23 16:21:55,28.8273658752441,-17.7518348693848,"Unknown"
"5020567",378626,2026-04-23 16:22:56,28.8274402618408,-17.7517681121826,"Unknown"
"5020567",378626,2026-04-23 16:23:55,28.8275623321533,-17.7517681121826,"Unknown"
"5020567",378626,2026-04-23 16:24:56,28.8277034759521,-17.7517280578613,"Unknown"
"5020567",378626,2026-04-23 16:25:56,28.8277797698975,-17.751672744751,"Unknown"
"5020567",378626,2026-04-23 16:26:57,28.8278388977051,-17.7515926361084,"Unknown"
"5020567",378626,2026-04-23 16:27:56,28.8279304504395,-17.7515449523926,"Unknown"
"5020567",378626,2026-04-23 16:28:56,28.8280334472656,-17.7515316009521,"Unknown"
"5020567",378626,2026-04-23 16:29:58,28.8281154632568,-17.7515258789062,"Unknown"
"5020567",378626,2026-04-23 16:30:58,28.8281955718994,-17.7515411376953,"Unknown"
"5020567",378626,2026-04-23 16:31:56,28.8282718658447,-17.7515354156494,"Unknown"
"5020567",378626,2026-04-23 16:32:56,28.8283519744873,-17.7514915466309,"Unknown"
"5020567",378626,2026-04-23 16:33:56,28.828405380249,-17.7514896392822,"Unknown"
"5020567",378626,2026-04-23 16:34:56,28.8284187316895,-17.7514629364014,"Unknown"
"5020567",378626,2026-04-23 16:35:58,28.8284378051758,-17.7514591217041,"Unknown"
"5020567",378626,2026-04-23 16:36:56,28.828498840332,-17.7514686584473,"Unknown"
"5020567",378626,2026-04-23 16:37:57,28.8284912109375,-17.7514019012451,"Unknown"
"5020567",378626,2026-04-23 16:38:57,28.8285179138184,-17.7513828277588,"Unknown"
"5020567",378626,2026-04-23 16:39:57,28.8285255432129,-17.7513217926025,"Unknown"
"5020567",378626,2026-04-23 16:40:57,28.8285713195801,-17.7512969970703,"Unknown"
"5020567",378626,2026-04-23 16:41:57,28.8285541534424,-17.7512531280518,"Unknown"
"5020567",378626,2026-04-23 16:42:57,28.8285217285156,-17.7512226104736,"Unknown"
"5020567",378626,2026-04-23 16:43:57,28.8285274505615,-17.7512073516846,"Unknown"
"5020567",378626,2026-04-23 16:44:57,28.8285331726074,-17.7511310577393,"Unknown"
"5020567",378626,2026-04-23 16:45:57,28.8285808563232,-17.7510738372803,"Unknown"
"5020567",378626,2026-04-23 16:46:57,28.8285636901855,-17.7509937286377,"Unknown"
"5020567",378626,2026-04-23 16:47:57,28.8285789489746,-17.7509231567383,"Unknown"
"5020567",378626,2026-04-23 16:48:57,28.8285903930664,-17.7508602142334,"Unknown"
"5020567",378626,2026-04-23 16:49:58,28.8286113739014,-17.7507743835449,"Unknown"
"5020567",378626,2026-04-23 16:50:57,28.8285980224609,-17.7507476806641,"Unknown"
"5020567",378626,2026-04-23 16:51:57,28.8285541534424,-17.7507667541504,"Unknown"
"5020567",378626,2026-04-23 16:52:58,28.8285541534424,-17.7507438659668,"Unknown"
"5020567",378626,2026-04-23 16:53:57,28.8285579681396,-17.7506904602051,"Unknown"
"5020567",378626,2026-04-23 16:54:57,28.828556060791,-17.7506065368652,"Unknown"
"5020567",378626,2026-04-23 16:55:57,28.8328037261963,-17.7477245330811,"Unknown"
"5020567",378626,2026-04-23 16:56:57,28.8344249725342,-17.7468070983887,"Unknown"
"5020567",378626,2026-04-23 16:57:57,28.834436416626,-17.7467937469482,"Unknown"
"5020567",378626,2026-04-23 16:58:59,28.8344058990479,-17.7466850280762,"Unknown"
"5020567",378626,2026-04-23 16:59:57,28.8343982696533,-17.7466907501221,"Unknown"
"5020567",378626,2026-04-23 17:00:57,28.8344230651855,-17.7466773986816,"Unknown"
"5020567",378626,2026-04-23 17:01:57,28.8343868255615,-17.7466144561768,"Unknown"
"5020567",378626,2026-04-23 17:02:57,28.8331298828125,-17.7477474212646,"Unknown"
"5020567",378626,2026-04-23 17:03:57,28.8329696655273,-17.7479248046875,"Unknown"
"5020567",378626,2026-04-23 17:04:57,28.8329849243164,-17.7479000091553,"Unknown"
"5020567",378626,2026-04-23 17:05:57,28.8329677581787,-17.7478847503662,"Unknown"
"5020567",378626,2026-04-23 17:06:57,28.8329524993896,-17.747838973999,"Unknown"
"5020567",378626,2026-04-23 17:07:57,28.8329524993896,-17.7478141784668,"Unknown"
"5020567",378626,2026-04-23 17:08:57,28.833402633667,-17.7477569580078,"Unknown"
"5020567",378626,2026-04-23 17:09:59,28.8334197998047,-17.7477416992188,"Unknown"
"5020567",378626,2026-04-23 17:10:57,28.8333930969238,-17.7477474212646,"Unknown"
"5020567",378626,2026-04-23 17:11:58,28.8333797454834,-17.7477111816406,"Unknown"
"5020567",378626,2026-04-23 17:12:57,28.8333740234375,-17.7477111816406,"Unknown"
"5020567",378626,2026-04-23 17:13:57,28.8333282470703,-17.7476577758789,"Unknown"
"5020567",378626,2026-04-23 17:14:57,28.8333301544189,-17.7476558685303,"Unknown"
"5020567",378626,2026-04-23 17:15:58,28.8333492279053,-17.7476024627686,"Unknown"
"5020567",378626,2026-04-23 17:16:57,28.8333377838135,-17.7475681304932,"Unknown"
"5020567",378626,2026-04-23 17:17:57,28.8333206176758,-17.7475452423096,"Unknown"
"5020567",378626,2026-04-23 17:18:57,28.8333511352539,-17.7475318908691,"Unknown"
"5020567",378626,2026-04-23 17:19:59,28.833345413208,-17.7474994659424,"Unknown"
"5020567",378626,2026-04-23 17:21:02,28.8333206176758,-17.7474422454834,"Unknown"
"5020567",378626,2026-04-23 17:22:27,28.8333129882812,-17.7473487854004,"Unknown"
"5020567",378626,2026-04-23 17:22:57,28.8332996368408,-17.7473297119141,"Unknown"
"5020567",378626,2026-04-23 17:23:58,28.8333034515381,-17.747278213501,"Unknown"
"5020567",378626,2026-04-23 17:24:59,28.8333072662354,-17.7472267150879,"Unknown"
"5020567",378626,2026-04-23 17:25:58,28.8332824707031,-17.7471370697021,"Unknown"
"5020567",378626,2026-04-23 17:26:57,28.8332672119141,-17.7470626831055,"Unknown"
"5020567",378626,2026-04-23 17:27:59,28.8332614898682,-17.7470226287842,"Unknown"
"5020567",378626,2026-04-23 17:28:58,28.8332061767578,-17.746940612793,"Unknown"
"5020567",378626,2026-04-23 17:29:58,28.8331260681152,-17.7468490600586,"Unknown"
"5020567",378626,2026-04-23 17:31:00,28.833080291748,-17.7466259002686,"Unknown"
"5020567",378626,2026-04-23 17:31:59,28.8330783843994,-17.7465324401855,"Unknown"
"5020567",378626,2026-04-23 17:32:57,28.8330059051514,-17.7464408874512,"Unknown"
"5020567",378626,2026-04-23 17:33:58,28.8330173492432,-17.7463665008545,"Unknown"
"5020567",378626,2026-04-23 17:34:57,28.832986831665,-17.74631690979,"Unknown"
"5020567",378626,2026-04-23 17:35:58,28.832935333252,-17.7462825775146,"Unknown"
"5020567",378626,2026-04-23 17:36:58,28.8330039978027,-17.7467250823975,"Unknown"
"5020567",378626,2026-04-23 17:37:58,28.8327369689941,-17.7457485198975,"Unknown"
"5020567",378626,2026-04-23 17:38:57,28.8327369689941,-17.745735168457,"Unknown"
"5020567",378626,2026-04-23 17:39:57,28.8327217102051,-17.7456912994385,"Unknown"
"5020567",378626,2026-04-23 17:40:57,28.8327484130859,-17.7456378936768,"Unknown"
"5020567",378626,2026-04-23 17:41:57,28.8327236175537,-17.7456130981445,"Unknown"
"5020567",378626,2026-04-23 17:42:58,28.832670211792,-17.7455558776855,"Unknown"
"5020567",378626,2026-04-23 17:43:58,28.8326377868652,-17.7455368041992,"Unknown"
"5020567",378626,2026-04-23 17:44:57,28.8326148986816,-17.7454853057861,"Unknown"
"5020567",378626,2026-04-23 17:45:57,28.8326148986816,-17.745491027832,"Unknown"
"5020567",378626,2026-04-23 17:46:57,28.8326072692871,-17.7454795837402,"Unknown"
"5020567",378626,2026-04-23 17:47:57,28.8325500488281,-17.745454788208,"Unknown"
"5020567",378626,2026-04-23 17:48:57,28.8325176239014,-17.7454166412354,"Unknown"
"5020567",378626,2026-04-23 17:49:57,28.8324584960938,-17.7453937530518,"Unknown"
"5020567",378626,2026-04-23 17:50:57,28.8324413299561,-17.745325088501,"Unknown"
"5020567",378626,2026-04-23 17:51:57,28.832462310791,-17.7453117370605,"Unknown"
"5020567",378626,2026-04-23 17:52:57,28.8324298858643,-17.7452831268311,"Unknown"
"5020567",378626,2026-04-23 17:53:57,28.8323707580566,-17.7452659606934,"Unknown"
"5020567",378626,2026-04-23 17:54:59,28.8323440551758,-17.7452239990234,"Unknown"
"5020567",378626,2026-04-23 17:55:57,28.8322772979736,-17.7451667785645,"Unknown"
"5020567",378626,2026-04-23 17:56:57,28.8322238922119,-17.7451610565186,"Unknown"
"5020567",378626,2026-04-23 17:57:57,28.8321552276611,-17.7451629638672,"Unknown"
"5020567",378626,2026-04-23 17:58:57,28.832124710083,-17.7451553344727,"Unknown"
"5020567",378626,2026-04-23 17:59:58,28.832052230835,-17.7451705932617,"Unknown"
"5020567",378626,2026-04-23 18:00:57,28.8319625854492,-17.7451572418213,"Unknown"
"5020567",378626,2026-04-23 18:01:59,28.8319149017334,-17.7451648712158,"Unknown"
"5020567",378626,2026-04-23 18:02:57,28.8318748474121,-17.7451133728027,"Unknown"
"5020567",378626,2026-04-23 18:03:58,28.8318195343018,-17.7451114654541,"Unknown"
"5020567",378626,2026-04-23 18:04:57,28.8317813873291,-17.7451076507568,"Unknown"
"5020567",378626,2026-04-23 18:05:57,28.8317108154297,-17.7451133728027,"Unknown"
"5020567",378626,2026-04-23 18:06:57,28.8316631317139,-17.7451019287109,"Unknown"
"5020567",378626,2026-04-23 18:07:57,28.8315849304199,-17.745096206665,"Unknown"
"5020567",378626,2026-04-23 18:08:57,28.8315238952637,-17.7451133728027,"Unknown"
"5020567",378626,2026-04-23 18:09:57,28.8314666748047,-17.7451057434082,"Unknown"
"5020567",378626,2026-04-23 18:10:57,28.8313903808594,-17.7450981140137,"Unknown"
"5020567",378626,2026-04-23 18:11:57,28.8313388824463,-17.7450752258301,"Unknown"
"5020567",378626,2026-04-23 18:12:57,28.8312911987305,-17.7450218200684,"Unknown"
"5020567",378626,2026-04-23 18:13:57,28.8312282562256,-17.744987487793,"Unknown"
"5020567",378626,2026-04-23 18:14:57,28.8311710357666,-17.7449951171875,"Unknown"
"5020567",378626,2026-04-23 18:15:59,28.8315715789795,-17.7413444519043,"Unknown"
"5020567",378626,2026-04-23 18:16:58,28.8313274383545,-17.7416954040527,"Unknown"
"5020567",378626,2026-04-23 18:17:57,28.8313541412354,-17.741720199585,"Unknown"
"5020567",378626,2026-04-23 18:18:57,28.8313846588135,-17.7417278289795,"Unknown"
"5020567",378626,2026-04-23 18:19:57,28.8313331604004,-17.7386817932129,"Unknown"
"5020567",378626,2026-04-23 18:20:57,28.8312397003174,-17.7388038635254,"Unknown"
"5020567",378626,2026-04-23 18:21:57,28.831111907959,-17.7389698028564,"Unknown"
"5020567",378626,2026-04-23 18:22:57,28.8309898376465,-17.7391109466553,"Unknown"
"5020567",378626,2026-04-23 18:23:58,28.8308811187744,-17.7391757965088,"Unknown"
"5020567",378626,2026-04-23 18:24:58,28.8307685852051,-17.7392158508301,"Unknown"
"5020567",378626,2026-04-23 18:25:58,28.8280067443848,-17.7403240203857,"Unknown"
"5020567",378626,2026-04-23 18:26:57,28.8221702575684,-17.741361618042,"Unknown"
"5020567",378626,2026-04-23 18:27:58,28.8155326843262,-17.7429962158203,"Unknown"
"5020567",378626,2026-04-23 18:29:00,28.814079284668,-17.7441425323486,"Unknown"
"5020567",378626,2026-04-23 18:29:57,28.8140487670898,-17.7439746856689,"Unknown"
"5020567",378626,2026-04-23 18:30:57,28.8140087127686,-17.7438049316406,"Unknown"
"5020567",378626,2026-04-23 18:32:00,28.8139743804932,-17.743616104126,"Unknown"
"5020567",378626,2026-04-23 18:32:57,28.8139209747314,-17.7434425354004,"Unknown"
"5020567",378626,2026-04-23 18:33:57,28.8138866424561,-17.7432632446289,"Unknown"
"5020567",378626,2026-04-23 18:34:59,28.8138599395752,-17.7430953979492,"Unknown"
"5020567",378626,2026-04-23 18:35:59,28.8137855529785,-17.7429237365723,"Unknown"
"5020567",378626,2026-04-23 18:36:58,28.8137359619141,-17.7427539825439,"Unknown"
"5020567",378626,2026-04-23 18:38:01,28.813684463501,-17.7425727844238,"Unknown"
"5020567",378626,2026-04-23 18:38:57,28.8136520385742,-17.7424049377441,"Unknown"
"5020567",378626,2026-04-23 18:39:57,28.8135776519775,-17.7422218322754,"Unknown"
"5020567",378626,2026-04-23 18:40:59,28.813549041748,-17.7420482635498,"Unknown"
"5020567",378626,2026-04-23 18:41:57,28.8134860992432,-17.7418613433838,"Unknown"
"5020567",378626,2026-04-23 18:43:00,28.8134479522705,-17.7416896820068,"Unknown"
"5020567",378626,2026-04-23 18:43:57,28.8133525848389,-17.7416095733643,"Unknown"
"5020567",378626,2026-04-23 18:44:57,28.8132209777832,-17.7415180206299,"Unknown"
"5020567",378626,2026-04-23 18:45:57,28.8130836486816,-17.7414722442627,"Unknown"
"5020567",378626,2026-04-23 18:46:57,28.8129539489746,-17.7413883209229,"Unknown"
"5020567",378626,2026-04-23 18:47:57,28.8128452301025,-17.7412815093994,"Unknown"
"5020567",378626,2026-04-23 18:48:57,28.8078517913818,-17.7424602508545,"Unknown"
"5020567",378626,2026-04-23 18:50:00,28.80149269104,-17.7449417114258,"Unknown"
"5020567",378626,2026-04-23 18:50:59,28.7958145141602,-17.7461090087891,"Unknown"
"5020567",378626,2026-04-23 18:53:22,28.7910041809082,-17.7355079650879,"Unknown"
"5020567",378626,2026-04-23 18:53:31,28.7909832000732,-17.7355079650879,"Unknown"
"5020567",378626,2026-04-23 18:54:26,28.7908935546875,-17.7355136871338,"Unknown"
"5020567",378626,2026-04-23 18:55:26,28.7908382415771,-17.7355213165283,"Unknown"
"5020567",378626,2026-04-23 18:56:28,28.7907943725586,-17.7354774475098,"Unknown"
"5020567",378626,2026-04-23 18:57:26,28.7907752990723,-17.7354335784912,"Unknown"
"5020567",378626,2026-04-23 18:58:26,28.7907218933105,-17.7353801727295,"Unknown"
"5020567",378626,2026-04-23 18:59:26,28.7906684875488,-17.7353992462158,"Unknown"
"5020567",378626,2026-04-23 19:00:26,28.7906341552734,-17.7353668212891,"Unknown"
"5020567",378626,2026-04-23 19:01:26,28.7905578613281,-17.7354354858398,"Unknown"
"5020567",378626,2026-04-23 19:02:26,28.7904758453369,-17.735445022583,"Unknown"
"5020567",378626,2026-04-23 19:03:28,28.7904300689697,-17.7354602813721,"Unknown"
"5020567",378626,2026-04-23 19:04:28,28.790397644043,-17.7354907989502,"Unknown"
"5020567",378626,2026-04-23 19:05:26,28.7903537750244,-17.735523223877,"Unknown"
"5020567",378626,2026-04-23 19:06:28,28.7903118133545,-17.7355365753174,"Unknown"
"5020567",378626,2026-04-23 19:07:27,28.7902297973633,-17.735559463501,"Unknown"
"5020567",378626,2026-04-23 19:08:28,28.7902641296387,-17.7355899810791,"Unknown"
"5020567",378626,2026-04-23 19:09:26,28.7902698516846,-17.7356204986572,"Unknown"
"5020567",378626,2026-04-23 19:10:28,28.7902965545654,-17.7356986999512,"Unknown"
"5020567",378626,2026-04-23 19:11:26,28.7903022766113,-17.7357330322266,"Unknown"
"5020567",378626,2026-04-23 19:12:26,28.7903022766113,-17.7357387542725,"Unknown"
"5020567",378626,2026-04-23 19:13:26,28.7902755737305,-17.7357692718506,"Unknown"
"5020567",378626,2026-04-23 19:14:26,28.7903099060059,-17.735746383667,"Unknown"
"5020567",378626,2026-04-23 19:15:28,28.7902755737305,-17.7357902526855,"Unknown"
"5020567",378626,2026-04-23 19:16:29,28.790283203125,-17.7357921600342,"Unknown"
"5020567",378626,2026-04-23 19:17:29,28.7902946472168,-17.7357482910156,"Unknown"
"5020567",378626,2026-04-23 19:18:26,28.7902870178223,-17.7357482910156,"Unknown"
"5020567",378626,2026-04-23 19:19:28,28.7902679443359,-17.7357482910156,"Unknown"
"5020567",378626,2026-04-23 19:20:28,28.7902450561523,-17.7357978820801,"Unknown"
"5020567",378626,2026-04-23 19:21:28,28.7902278900146,-17.7357997894287,"Unknown"
"5020567",378626,2026-04-23 19:22:27,28.7902336120605,-17.7358722686768,"Unknown"
"5020567",378626,2026-04-23 19:23:28,28.79026222229,-17.735933303833,"Unknown"
"5020567",378626,2026-04-23 19:24:27,28.7851428985596,-17.7375888824463,"Unknown"
"5020567",378626,2026-04-23 19:25:28,28.7836227416992,-17.7382678985596,"Unknown"
"5020567",378626,2026-04-23 19:26:27,28.7835693359375,-17.7382488250732,"Unknown"
"5020567",378626,2026-04-23 19:27:28,28.7835292816162,-17.7382392883301,"Unknown"
"5020567",378626,2026-04-23 19:28:28,28.7834739685059,-17.7381916046143,"Unknown"
"5020567",378626,2026-04-23 19:29:28,28.7834377288818,-17.7381916046143,"Unknown"
"5020567",378626,2026-04-23 19:30:26,28.7833862304688,-17.7381725311279,"Unknown"
"5020567",378626,2026-04-23 19:31:26,28.7833232879639,-17.7381820678711,"Unknown"
"5020567",378626,2026-04-23 19:32:26,28.7832698822021,-17.738166809082,"Unknown"
"5020567",378626,2026-04-23 19:33:26,28.7832012176514,-17.7382049560547,"Unknown"
"5020567",378626,2026-04-23 19:34:26,28.7830848693848,-17.7382259368896,"Unknown"
"5020567",378626,2026-04-23 19:35:26,28.783031463623,-17.7382659912109,"Unknown"
"5020567",378626,2026-04-23 19:36:28,28.7829856872559,-17.7382946014404,"Unknown"
"5020567",378626,2026-04-23 19:37:28,28.7829608917236,-17.7383098602295,"Unknown"
"5020567",378626,2026-04-23 19:38:28,28.7829456329346,-17.7382736206055,"Unknown"
"5020567",378626,2026-04-23 19:39:26,28.782922744751,-17.7383613586426,"Unknown"
"5020567",378626,2026-04-23 19:40:27,28.7828636169434,-17.7384147644043,"Unknown"
"5020567",378626,2026-04-23 19:41:27,28.782844543457,-17.7383728027344,"Unknown"
"5020567",378626,2026-04-23 19:42:26,28.7827606201172,-17.7383975982666,"Unknown"
"5020567",378626,2026-04-23 19:43:26,28.7827072143555,-17.7384376525879,"Unknown"
"5020567",378626,2026-04-23 19:44:26,28.7834873199463,-17.7399768829346,"Unknown"
"5020567",378626,2026-04-23 19:45:28,28.7847728729248,-17.7362995147705,"Unknown"
"5020567",378626,2026-04-23 19:46:26,28.7785568237305,-17.7362937927246,"Unknown"
"5020567",378626,2026-04-23 19:47:28,28.7771759033203,-17.7348690032959,"Unknown"
"5020567",378626,2026-04-23 19:48:26,28.777099609375,-17.7349052429199,"Unknown"
"5020567",378626,2026-04-23 19:49:26,28.7770957946777,-17.7350311279297,"Unknown"
"5020567",378626,2026-04-23 19:50:28,28.7770557403564,-17.7351016998291,"Unknown"
"5020567",378626,2026-04-23 19:51:29,28.7770233154297,-17.7351875305176,"Unknown"
"5020567",378626,2026-04-23 19:52:26,28.7769889831543,-17.7352600097656,"Unknown"
"5020567",378626,2026-04-23 19:53:28,28.7770004272461,-17.7353000640869,"Unknown"
"5020567",378626,2026-04-23 19:54:26,28.777322769165,-17.7359657287598,"Unknown"
"5020567",378626,2026-04-23 19:55:26,28.7734241485596,-17.7330265045166,"Unknown"
"5020567",378626,2026-04-23 19:56:26,28.7727489471436,-17.732931137085,"Unknown"
"5020567",378626,2026-04-23 19:57:27,28.7726726531982,-17.7330093383789,"Unknown"
"5020567",378626,2026-04-23 19:58:26,28.7726268768311,-17.7330760955811,"Unknown"
"5020567",378626,2026-04-23 19:59:28,28.7725715637207,-17.7331676483154,"Unknown"
"5020567",378626,2026-04-23 20:00:26,28.7725467681885,-17.7332496643066,"Unknown"
"5020567",378626,2026-04-23 20:01:26,28.774112701416,-17.7354698181152,"Unknown"
"5020567",378626,2026-04-23 20:02:26,28.7735919952393,-17.7324123382568,"Unknown"
"5020567",378626,2026-04-23 20:03:28,28.7711296081543,-17.7306842803955,"Unknown"
"5020567",378626,2026-04-23 20:04:26,28.7710800170898,-17.7307548522949,"Unknown"
"5020567",378626,2026-04-23 20:05:26,28.7710590362549,-17.7307872772217,"Unknown"
"5020567",378626,2026-04-23 20:06:27,28.7710762023926,-17.7308177947998,"Unknown"
"5020567",378626,2026-04-23 20:07:26,28.7710704803467,-17.7309074401855,"Unknown"
"5020567",378626,2026-04-23 20:08:26,28.7710933685303,-17.7309246063232,"Unknown"
"5020567",378626,2026-04-23 20:09:27,28.7711086273193,-17.7309608459473,"Unknown"
"5020567",378626,2026-04-23 20:10:28,28.7711334228516,-17.7309837341309,"Unknown"
"5020567",378626,2026-04-23 20:11:27,28.7710990905762,-17.7310810089111,"Unknown"
"5020567",378626,2026-04-23 20:12:28,28.7711048126221,-17.731143951416,"Unknown"
"5020567",378626,2026-04-23 20:13:29,28.7710990905762,-17.7312049865723,"Unknown"
"5020567",378626,2026-04-23 20:14:28,28.7710952758789,-17.731330871582,"Unknown"
"5020567",378626,2026-04-23 20:15:30,28.771068572998,-17.7313690185547,"Unknown"
"5020567",378626,2026-04-23 20:16:27,28.7710227966309,-17.7314548492432,"Unknown"
"5020567",378626,2026-04-23 20:17:26,28.7709426879883,-17.7315559387207,"Unknown"
"5020567",378626,2026-04-23 20:18:27,28.7708549499512,-17.7316780090332,"Unknown"
"5020567",378626,2026-04-23 20:19:28,28.7708377838135,-17.7317276000977,"Unknown"
"5020567",378626,2026-04-23 20:20:28,28.7708473205566,-17.7317848205566,"Unknown"
"5020567",378626,2026-04-23 20:21:28,28.7708606719971,-17.731840133667,"Unknown"
"5020567",378626,2026-04-23 20:22:26,28.7708110809326,-17.7319164276123,"Unknown"
"5020567",378626,2026-04-23 20:23:28,28.7708225250244,-17.7320232391357,"Unknown"
"5020567",378626,2026-04-23 20:24:29,28.770845413208,-17.7321071624756,"Unknown"
"5020567",378626,2026-04-23 20:25:30,28.7708168029785,-17.7321586608887,"Unknown"
"5020567",378626,2026-04-23 20:26:28,28.7707328796387,-17.7321910858154,"Unknown"
"5020567",378626,2026-04-23 20:27:29,28.7707328796387,-17.7321872711182,"Unknown"
"5020567",378626,2026-04-23 20:28:28,28.7706432342529,-17.7322463989258,"Unknown"
"5020567",378626,2026-04-23 20:29:26,28.7706432342529,-17.732328414917,"Unknown"
"5020567",378626,2026-04-23 20:30:28,28.7705726623535,-17.7323970794678,"Unknown"
"5020567",378626,2026-04-23 20:31:26,28.7705364227295,-17.7324504852295,"Unknown"
"5020567",378626,2026-04-23 20:32:26,28.770471572876,-17.7325248718262,"Unknown"
"5020567",378626,2026-04-23 20:33:30,28.7704067230225,-17.7325839996338,"Unknown"
"5020567",378626,2026-04-23 20:34:28,28.7704257965088,-17.7326469421387,"Unknown"
"5020567",378626,2026-04-23 20:35:27,28.7703399658203,-17.7327060699463,"Unknown"
"5020567",378626,2026-04-23 20:36:28,28.770320892334,-17.7327709197998,"Unknown"
"5020567",378626,2026-04-23 20:37:26,28.770263671875,-17.7328014373779,"Unknown"
"5020567",378626,2026-04-23 20:38:28,28.7702140808105,-17.7328491210938,"Unknown"
"5020567",378626,2026-04-23 20:39:27,28.7701435089111,-17.7329082489014,"Unknown"
"5020567",378626,2026-04-23 20:40:26,28.7699184417725,-17.7333526611328,"Unknown"
"5020567",378626,2026-04-23 20:41:28,28.7697792053223,-17.7334270477295,"Unknown"
"5020567",378626,2026-04-23 20:42:31,28.7697048187256,-17.733455657959,"Unknown"
"5020567",378626,2026-04-23 20:43:29,28.7696304321289,-17.7334842681885,"Unknown"
"5020567",378626,2026-04-23 20:44:26,28.7695446014404,-17.7334785461426,"Unknown"
"5020567",378626,2026-04-23 20:45:33,28.7695045471191,-17.7335033416748,"Unknown"
"5020567",378626,2026-04-23 20:46:47,28.7694530487061,-17.7335376739502,"Unknown"
"5020567",378626,2026-04-23 20:47:27,28.7694129943848,-17.7335910797119,"Unknown"
"5020567",378626,2026-04-23 20:48:26,28.7693367004395,-17.73362159729,"Unknown"
"5020567",378626,2026-04-23 20:49:26,28.7692794799805,-17.7336387634277,"Unknown"
"5020567",378626,2026-04-23 20:50:26,28.7691516876221,-17.7336578369141,"Unknown"
"5020567",378626,2026-04-23 20:51:26,28.7690963745117,-17.7336559295654,"Unknown"
"5020567",378626,2026-04-23 20:52:26,28.7690277099609,-17.7336730957031,"Unknown"
"5020567",378626,2026-04-23 20:53:26,28.7689743041992,-17.7336940765381,"Unknown"
"5020567",378626,2026-04-23 20:54:26,28.7689380645752,-17.7337131500244,"Unknown"
"5020567",378626,2026-04-23 20:55:28,28.7688484191895,-17.7336959838867,"Unknown"
"5020567",378626,2026-04-23 20:56:26,28.7687892913818,-17.7337226867676,"Unknown"
"5020567",378626,2026-04-23 20:57:26,28.7687149047852,-17.7337112426758,"Unknown"
"5020567",378626,2026-04-23 20:58:26,28.7686767578125,-17.7337093353271,"Unknown"
"5020567",378626,2026-04-23 20:59:26,28.7687110900879,-17.7336902618408,"Unknown"
"5020567",378626,2026-04-23 21:00:26,28.7685375213623,-17.7336521148682,"Unknown"
"5020567",378626,2026-04-23 21:01:26,28.7685260772705,-17.7336807250977,"Unknown"
"5020567",378626,2026-04-23 21:02:26,28.7685832977295,-17.7336616516113,"Unknown"
"5020567",378626,2026-04-23 21:03:26,28.7686443328857,-17.7336387634277,"Unknown"
"5020567",378626,2026-04-23 21:04:26,28.7687129974365,-17.7335872650146,"Unknown"
"5020567",378626,2026-04-23 21:05:26,28.7686977386475,-17.733570098877,"Unknown"
"5020567",378626,2026-04-23 21:06:26,28.7687320709229,-17.7335205078125,"Unknown"
"5020567",378626,2026-04-23 21:07:26,28.7687740325928,-17.7335472106934,"Unknown"
"5020567",378626,2026-04-23 21:08:26,28.7687683105469,-17.7334671020508,"Unknown"
"5020567",378626,2026-04-23 21:09:26,28.768705368042,-17.7334327697754,"Unknown"
"5020567",378626,2026-04-23 21:10:26,28.7689323425293,-17.7336826324463,"Unknown"
"5020567",378626,2026-04-23 21:11:28,28.7688446044922,-17.7336101531982,"Unknown"
"5020567",378626,2026-04-23 21:12:27,28.7687816619873,-17.7335624694824,"Unknown"
"5020567",378626,2026-04-23 21:13:26,28.7687168121338,-17.7334747314453,"Unknown"
"5020567",378626,2026-04-23 21:14:26,28.7686557769775,-17.7333869934082,"Unknown"
"5020567",378626,2026-04-23 21:15:26,28.7686023712158,-17.7332878112793,"Unknown"
"5020567",378626,2026-04-23 21:16:26,28.7685203552246,-17.7331924438477,"Unknown"
"5020567",378626,2026-04-23 21:17:26,28.7685565948486,-17.7320175170898,"Unknown"
"5020567",378626,2026-04-23 21:18:26,28.7684688568115,-17.7319984436035,"Unknown"
"5020567",378626,2026-04-23 21:19:26,28.7684020996094,-17.7319622039795,"Unknown"
"5020567",378626,2026-04-23 21:20:26,28.7683601379395,-17.7319869995117,"Unknown"
"5020567",378626,2026-04-23 21:21:29,28.7682666778564,-17.7319736480713,"Unknown"
"5020567",378626,2026-04-23 21:22:26,28.7691383361816,-17.7310218811035,"Unknown"
"5020567",378626,2026-04-23 21:23:31,28.7688789367676,-17.7301235198975,"Unknown"
"5020567",378626,2026-04-23 21:24:31,28.7688140869141,-17.7301464080811,"Unknown"
"5020567",378626,2026-04-23 21:25:26,28.7687435150146,-17.7301921844482,"Unknown"
"5020567",378626,2026-04-23 21:26:30,28.7686901092529,-17.7301940917969,"Unknown"
"5020567",378626,2026-04-23 21:27:28,28.7686386108398,-17.7302093505859,"Unknown"
"5020567",378626,2026-04-23 21:28:30,28.7678356170654,-17.7319889068604,"Unknown"
"5020567",378626,2026-04-23 21:30:51,28.7602138519287,-17.725040435791,"Unknown"
"5020567",378626,2026-04-23 21:31:01,28.7598323822021,-17.723949432373,"Unknown"
"5020567",378626,2026-04-23 21:31:56,28.7552185058594,-17.7214698791504,"Unknown"
"5020567",378626,2026-04-23 21:36:56,28.7315559387207,-17.7185382843018,"Unknown"
"5020567",378626,2026-04-23 21:41:56,28.732105255127,-17.7180595397949,"Unknown"
"5020567",378626,2026-04-23 21:46:56,28.7326583862305,-17.7175197601318,"Unknown"
"5020567",378626,2026-04-23 21:52:01,28.7332553863525,-17.7169857025146,"Unknown"
"5020567",378626,2026-04-23 21:56:56,28.7337970733643,-17.7164077758789,"Unknown"
"5020567",378626,2026-04-23 22:01:56,28.7479133605957,-17.7200927734375,"Unknown"
"5020567",378626,2026-04-23 22:07:01,28.7700233459473,-17.7327194213867,"Unknown"
"5020567",378626,2026-04-23 22:11:57,28.7758693695068,-17.7359924316406,"Unknown"
"5020567",378626,2026-04-23 22:12:58,28.7758750915527,-17.7359771728516,"Unknown"
"5020567",378626,2026-04-23 22:13:58,28.775806427002,-17.7359066009521,"Unknown"
"5020567",378626,2026-04-23 22:14:58,28.7758007049561,-17.7357769012451,"Unknown"
"5020567",378626,2026-04-23 22:15:57,28.7757835388184,-17.7357120513916,"Unknown"
"5020567",378626,2026-04-23 22:16:58,28.775764465332,-17.7356643676758,"Unknown"
"5020567",378626,2026-04-23 22:17:58,28.7757034301758,-17.7356014251709,"Unknown"
"5020567",378626,2026-04-23 22:18:58,28.7756481170654,-17.7355403900146,"Unknown"
"5020567",378626,2026-04-23 22:19:56,28.7756156921387,-17.7355403900146,"Unknown"
"5020567",378626,2026-04-23 22:21:00,28.7755756378174,-17.7355327606201,"Unknown"
"5020567",378626,2026-04-23 22:21:58,28.7755317687988,-17.7355213165283,"Unknown"
"5020567",378626,2026-04-23 22:22:59,28.7754917144775,-17.7355213165283,"Unknown"
"5020567",378626,2026-04-23 22:24:01,28.7754440307617,-17.7354965209961,"Unknown"
"5020567",378626,2026-04-23 22:25:17,28.7753887176514,-17.7355079650879,"Unknown"
"5020567",378626,2026-04-23 22:25:56,28.7753562927246,-17.735502243042,"Unknown"
"5020567",378626,2026-04-23 22:26:56,28.7753314971924,-17.7354869842529,"Unknown"
"5020567",378626,2026-04-23 22:27:56,28.7752799987793,-17.7354755401611,"Unknown"
"5020567",378626,2026-04-23 22:28:56,28.7752513885498,-17.7354602813721,"Unknown"
"5020567",378626,2026-04-23 22:29:56,28.7752208709717,-17.735445022583,"Unknown"
"5020567",378626,2026-04-23 22:30:56,28.7751369476318,-17.7354278564453,"Unknown"
"5020567",378626,2026-04-23 22:31:57,28.775110244751,-17.7353782653809,"Unknown"
"5020567",378626,2026-04-23 22:32:56,28.7750568389893,-17.7353324890137,"Unknown"
"5020567",378626,2026-04-23 22:33:56,28.7750358581543,-17.7353115081787,"Unknown"
"5020567",378626,2026-04-23 22:34:56,28.7749996185303,-17.7352962493896,"Unknown"
"5020567",378626,2026-04-23 22:35:56,28.7749557495117,-17.7352924346924,"Unknown"
"5020567",378626,2026-04-23 22:36:56,28.7749290466309,-17.735294342041,"Unknown"
"5020567",378626,2026-04-23 22:37:58,28.7749118804932,-17.735258102417,"Unknown"
"5020567",378626,2026-04-23 22:38:56,28.7748527526855,-17.7352447509766,"Unknown"
"5020567",378626,2026-04-23 22:39:56,28.7748203277588,-17.7352428436279,"Unknown"
"5020567",378626,2026-04-23 22:40:56,28.7746162414551,-17.7354469299316,"Unknown"
"5020567",378626,2026-04-23 22:41:59,28.7745666503906,-17.7354183197021,"Unknown"
"5020567",378626,2026-04-23 22:42:58,28.7745475769043,-17.7354030609131,"Unknown"
"5020567",378626,2026-04-23 22:43:57,28.7745590209961,-17.735387802124,"Unknown"
"5020567",378626,2026-04-23 22:44:56,28.7745761871338,-17.7353839874268,"Unknown"
"5020567",378626,2026-04-23 22:45:56,28.7745990753174,-17.7354030609131,"Unknown"
"5020567",378626,2026-04-23 22:46:56,28.7745742797852,-17.7353343963623,"Unknown"
"5020567",378626,2026-04-23 22:47:56,28.7745800018311,-17.7353668212891,"Unknown"
"5020567",378626,2026-04-23 22:48:56,28.7745761871338,-17.7353553771973,"Unknown"
"5020567",378626,2026-04-23 22:49:59,28.7745838165283,-17.7353744506836,"Unknown"
"5020567",378626,2026-04-23 22:50:56,28.7745914459229,-17.7353343963623,"Unknown"
"5020567",378626,2026-04-23 22:51:56,28.7745933532715,-17.7353286743164,"Unknown"
"5020567",378626,2026-04-23 22:52:56,28.7746124267578,-17.7353343963623,"Unknown"
"5020567",378626,2026-04-23 22:53:57,28.7746486663818,-17.7353439331055,"Unknown"
"5020567",378626,2026-04-23 22:54:56,28.7746696472168,-17.7353687286377,"Unknown"
"5020567",378626,2026-04-23 22:55:57,28.7746658325195,-17.7353649139404,"Unknown"
"5020567",378626,2026-04-23 22:56:58,28.7746429443359,-17.7353591918945,"Unknown"
"5020567",378626,2026-04-23 22:57:56,28.774621963501,-17.7353782653809,"Unknown"
"5020567",378626,2026-04-23 22:58:56,28.774600982666,-17.7353534698486,"Unknown"
"5020567",378626,2026-04-23 22:59:56,28.7746257781982,-17.7353687286377,"Unknown"
"5020567",378626,2026-04-23 23:00:56,28.7746047973633,-17.7354030609131,"Unknown"
"5020567",378626,2026-04-23 23:01:59,28.7745685577393,-17.735408782959,"Unknown"
"5020567",378626,2026-04-23 23:02:58,28.774564743042,-17.735387802124,"Unknown"
"5020567",378626,2026-04-23 23:03:56,28.7745761871338,-17.7354011535645,"Unknown"
"5020567",378626,2026-04-23 23:04:56,28.7745494842529,-17.7354297637939,"Unknown"
"5020567",378626,2026-04-23 23:05:56,28.7745704650879,-17.7354507446289,"Unknown"
"5020567",378626,2026-04-23 23:06:56,28.7745761871338,-17.7355117797852,"Unknown"
"5020567",378626,2026-04-23 23:07:56,28.7746238708496,-17.7355518341064,"Unknown"
"5020567",378626,2026-04-23 23:08:56,28.7746772766113,-17.7355766296387,"Unknown"
"5020567",378626,2026-04-23 23:09:56,28.7747478485107,-17.7356090545654,"Unknown"
"5020567",378626,2026-04-23 23:10:59,28.7748317718506,-17.7356605529785,"Unknown"
"5020567",378626,2026-04-23 23:11:58,28.7749061584473,-17.735689163208,"Unknown"
"5020567",378626,2026-04-23 23:12:56,28.7749691009521,-17.7357311248779,"Unknown"
"5020567",378626,2026-04-23 23:13:56,28.7749767303467,-17.7357902526855,"Unknown"
"5020567",378626,2026-04-23 23:14:56,28.7750072479248,-17.7358055114746,"Unknown"
"5020567",378626,2026-04-23 23:15:56,28.775016784668,-17.7358837127686,"Unknown"
"5020567",378626,2026-04-23 23:16:59,28.7750434875488,-17.7359256744385,"Unknown"
"5020567",378626,2026-04-23 23:17:56,28.7750625610352,-17.7359504699707,"Unknown"
"5020567",378626,2026-04-23 23:18:58,28.7750816345215,-17.7360229492188,"Unknown"
"5020567",378626,2026-04-23 23:19:59,28.7751426696777,-17.73606300354,"Unknown"
"5020567",378626,2026-04-23 23:20:56,28.7751502990723,-17.7360935211182,"Unknown"
"5020567",378626,2026-04-23 23:21:56,28.775182723999,-17.7361526489258,"Unknown"
"5020567",378626,2026-04-23 23:22:56,28.7752113342285,-17.7361946105957,"Unknown"
"5020567",378626,2026-04-23 23:23:56,28.7752685546875,-17.736270904541,"Unknown"
"5020567",378626,2026-04-23 23:25:22,28.7753219604492,-17.7362995147705,"Unknown"
"5020567",378626,2026-04-23 23:25:56,28.775333404541,-17.7363452911377,"Unknown"
"5020567",378626,2026-04-23 23:27:00,28.7754001617432,-17.736400604248,"Unknown"
"5020567",378626,2026-04-23 23:27:55,28.7754325866699,-17.7364540100098,"Unknown"
"5020567",378626,2026-04-23 23:28:55,28.7754726409912,-17.7365169525146,"Unknown"
"5020567",378626,2026-04-23 23:29:59,28.7755451202393,-17.7365627288818,"Unknown"
"5020567",378626,2026-04-23 23:30:58,28.7756214141846,-17.7365760803223,"Unknown"
"5020567",378626,2026-04-23 23:31:56,28.77565574646,-17.7366199493408,"Unknown"
"5020567",378626,2026-04-23 23:32:56,28.7756824493408,-17.7366771697998,"Unknown"
"5020567",378626,2026-04-23 23:33:56,28.7756729125977,-17.7367000579834,"Unknown"
"5020567",378626,2026-04-23 23:35:03,28.7756500244141,-17.7367248535156,"Unknown"
"5020567",378626,2026-04-23 23:35:56,28.7756195068359,-17.7367572784424,"Unknown"
"5020567",378626,2026-04-23 23:36:56,28.7756404876709,-17.7368106842041,"Unknown"
"5020567",378626,2026-04-23 23:37:56,28.7756633758545,-17.7368278503418,"Unknown"
"5020567",378626,2026-04-23 23:38:56,28.7757034301758,-17.7368659973145,"Unknown"
"5020567",378626,2026-04-23 23:39:56,28.7757740020752,-17.7369136810303,"Unknown"
"5020567",378626,2026-04-23 23:40:58,28.7757797241211,-17.736967086792,"Unknown"
"5020567",378626,2026-04-23 23:41:58,28.7758274078369,-17.7370128631592,"Unknown"
"5020567",378626,2026-04-23 23:42:58,28.7758350372314,-17.7370300292969,"Unknown"
"5020567",378626,2026-04-23 23:44:00,28.7758522033691,-17.7370758056641,"Unknown"
"5020567",378626,2026-04-23 23:44:55,28.7759037017822,-17.7371082305908,"Unknown"
"5020567",378626,2026-04-23 23:45:56,28.7759494781494,-17.737190246582,"Unknown"
"5020567",378626,2026-04-23 23:46:58,28.7760353088379,-17.737211227417,"Unknown"
"5020567",378626,2026-04-23 23:48:27,28.7761001586914,-17.7372932434082,"Unknown"
"5020567",378626,2026-04-23 23:48:56,28.776123046875,-17.7373199462891,"Unknown"
"5020567",378626,2026-04-23 23:49:56,28.7761936187744,-17.737377166748,"Unknown"
"5020567",378626,2026-04-23 23:50:55,28.776309967041,-17.737398147583,"Unknown"
"5020567",378626,2026-04-23 23:51:56,28.7763328552246,-17.7374687194824,"Unknown"
"5020567",378626,2026-04-23 23:52:56,28.7763767242432,-17.7375221252441,"Unknown"
"5020567",378626,2026-04-23 23:53:56,28.7763977050781,-17.7375602722168,"Unknown"
"5020567",378626,2026-04-23 23:54:56,28.7764282226562,-17.7376232147217,"Unknown"
"5020567",378626,2026-04-23 23:55:56,28.7764720916748,-17.7376499176025,"Unknown"
"5020567",378626,2026-04-23 23:56:56,28.7765121459961,-17.7376880645752,"Unknown"
"5020567",378626,2026-04-23 23:57:56,28.7765426635742,-17.7377395629883,"Unknown"
"5020567",378626,2026-04-23 23:58:56,28.7766094207764,-17.7378101348877,"Unknown"
"5020567",378626,2026-04-23 23:59:56,28.7766418457031,-17.7379112243652,"Unknown"
"5020567",378626,2026-04-24 00:00:56,28.7767333984375,-17.7380027770996,"Unknown"
"5020567",378626,2026-04-24 00:01:56,28.7767486572266,-17.7380809783936,"Unknown"
"5020567",378626,2026-04-24 00:02:56,28.776782989502,-17.7381496429443,"Unknown"
"5020567",378626,2026-04-24 00:03:56,28.7767810821533,-17.7381858825684,"Unknown"
"5020567",378626,2026-04-24 00:04:56,28.7767925262451,-17.7382564544678,"Unknown"
"5020567",378626,2026-04-24 00:05:56,28.7768726348877,-17.7383422851562,"Unknown"
"5020567",378626,2026-04-24 00:06:56,28.7769336700439,-17.7384376525879,"Unknown"
"5020567",378626,2026-04-24 00:07:56,28.7769756317139,-17.7385368347168,"Unknown"
"5020567",378626,2026-04-24 00:08:56,28.7770252227783,-17.738618850708,"Unknown"
"5020567",378626,2026-04-24 00:09:56,28.7771110534668,-17.7387256622314,"Unknown"
"5020567",378626,2026-04-24 00:10:55,28.7771816253662,-17.7388324737549,"Unknown"
"5020567",378626,2026-04-24 00:11:56,28.7772064208984,-17.7388935089111,"Unknown"
"5020567",378626,2026-04-24 00:12:56,28.777250289917,-17.7389945983887,"Unknown"
"5020567",378626,2026-04-24 00:13:56,28.7773132324219,-17.7390995025635,"Unknown"
"5020567",378626,2026-04-24 00:14:56,28.7773571014404,-17.7391891479492,"Unknown"
"5020567",378626,2026-04-24 00:15:55,28.777437210083,-17.7392864227295,"Unknown"
"5020567",378626,2026-04-24 00:16:56,28.7775249481201,-17.7393989562988,"Unknown"
"5020567",378626,2026-04-24 00:17:56,28.7776374816895,-17.739501953125,"Unknown"
"5020567",378626,2026-04-24 00:18:56,28.7777099609375,-17.7395553588867,"Unknown"
"5020567",378626,2026-04-24 00:19:56,28.7778205871582,-17.739673614502,"Unknown"
"5020567",378626,2026-04-24 00:20:56,28.7779102325439,-17.7397613525391,"Unknown"
"5020567",378626,2026-04-24 00:21:56,28.7779693603516,-17.739860534668,"Unknown"
"5020567",378626,2026-04-24 00:22:56,28.7780303955078,-17.7399501800537,"Unknown"
"5020567",378626,2026-04-24 00:23:56,28.7781143188477,-17.7400741577148,"Unknown"
"5020567",378626,2026-04-24 00:24:56,28.778190612793,-17.7401638031006,"Unknown"
"5020567",378626,2026-04-24 00:25:56,28.7782688140869,-17.7402362823486,"Unknown"
"5020567",378626,2026-04-24 00:26:56,28.778341293335,-17.740327835083,"Unknown"
"5020567",378626,2026-04-24 00:27:56,28.7784404754639,-17.7404289245605,"Unknown"
"5020567",378626,2026-04-24 00:28:56,28.7785739898682,-17.7405090332031,"Unknown"
"5020567",378626,2026-04-24 00:29:56,28.7786846160889,-17.7405757904053,"Unknown"
"5020567",378626,2026-04-24 00:30:56,28.7787857055664,-17.7406368255615,"Unknown"
"5020567",378626,2026-04-24 00:31:56,28.7789249420166,-17.7406978607178,"Unknown"
"5020567",378626,2026-04-24 00:32:56,28.7790565490723,-17.740779876709,"Unknown"
"5020567",378626,2026-04-24 00:33:56,28.7791957855225,-17.7408962249756,"Unknown"
"5020567",378626,2026-04-24 00:34:56,28.7793159484863,-17.7409725189209,"Unknown"
"5020567",378626,2026-04-24 00:35:56,28.7794132232666,-17.7410774230957,"Unknown"
"5020567",378626,2026-04-24 00:36:56,28.7795219421387,-17.7411518096924,"Unknown"
"5020567",378626,2026-04-24 00:37:56,28.7796325683594,-17.7412166595459,"Unknown"
"5020567",378626,2026-04-24 00:38:56,28.7796974182129,-17.7412910461426,"Unknown"
"5020567",378626,2026-04-24 00:39:56,28.7798004150391,-17.7413539886475,"Unknown"
"5020567",378626,2026-04-24 00:40:56,28.7799072265625,-17.7414131164551,"Unknown"
"5020567",378626,2026-04-24 00:41:56,28.7799777984619,-17.7414627075195,"Unknown"
"5020567",378626,2026-04-24 00:42:56,28.7800464630127,-17.7415008544922,"Unknown"
"5020567",378626,2026-04-24 00:43:56,28.7801418304443,-17.7415466308594,"Unknown"
"5020567",378626,2026-04-24 00:53:57,28.7810401916504,-17.7417964935303,"Unknown"
"5020567",378626,2026-04-24 00:54:57,28.7811222076416,-17.7418327331543,"Unknown"
"5020567",378626,2026-04-24 00:55:56,28.7811336517334,-17.7418518066406,"Unknown"
"5020567",378626,2026-04-24 00:56:57,28.7811660766602,-17.7418479919434,"Unknown"
"5020567",378626,2026-04-24 00:57:56,28.7812156677246,-17.741849899292,"Unknown"
"5020567",378626,2026-04-24 00:58:56,28.7812957763672,-17.7418651580811,"Unknown"
"5020567",378626,2026-04-24 00:59:57,28.7813892364502,-17.7418785095215,"Unknown"
"5020567",378626,2026-04-24 01:00:57,28.7814502716064,-17.7418556213379,"Unknown"
"5020567",378626,2026-04-24 01:10:57,28.782527923584,-17.7425937652588,"Unknown"
"5020567",378626,2026-04-24 01:11:57,28.7826728820801,-17.7426471710205,"Unknown"
"5020567",378626,2026-04-24 01:21:56,28.7841644287109,-17.742862701416,"Unknown"
"5020567",378626,2026-04-24 01:31:57,28.785436630249,-17.7429370880127,"Unknown"
"5020567",378626,2026-04-24 01:32:56,28.7855854034424,-17.7430038452148,"Unknown"
"5020567",378626,2026-04-24 01:33:58,28.7857513427734,-17.7430019378662,"Unknown"
"5020567",378626,2026-04-24 01:43:57,28.7874126434326,-17.7433643341064,"Unknown"
"5020567",378626,2026-04-24 01:44:58,28.7875823974609,-17.7434768676758,"Unknown"
"5020567",378626,2026-04-24 01:45:56,28.787784576416,-17.7435455322266,"Unknown"
"5020567",378626,2026-04-24 01:55:57,28.7895851135254,-17.7442626953125,"Unknown"
"5020567",378626,2026-04-24 01:56:56,28.7896995544434,-17.7443084716797,"Unknown"
"5020567",378626,2026-04-24 01:57:56,28.7898101806641,-17.7443714141846,"Unknown"
"5020567",378626,2026-04-24 02:08:26,28.7912273406982,-17.7447547912598,"Unknown"
"5020567",378626,2026-04-24 02:17:56,28.7928085327148,-17.7452716827393,"Unknown"
"5020567",378626,2026-04-24 02:27:56,28.7941856384277,-17.74582862854,"Unknown"
"5020567",378626,2026-04-24 02:37:57,28.7955493927002,-17.7461528778076,"Unknown"
"5020567",378626,2026-04-24 02:47:57,28.7969760894775,-17.7465267181396,"Unknown"
"5020567",378626,2026-04-24 02:57:57,28.7704963684082,-17.7419204711914,"Unknown"
"5020567",378626,2026-04-24 03:07:57,28.7259120941162,-17.7303981781006,"Unknown"
"5020567",378626,2026-04-24 03:17:57,28.7159042358398,-17.7595157623291,"Unknown"
"5020567",378626,2026-04-24 03:27:56,28.7163734436035,-17.7607269287109,"Unknown"
"5020567",378626,2026-04-24 03:38:18,28.7177639007568,-17.7616367340088,"Unknown"
"5020567",378626,2026-04-25 07:58:21,28.7597026824951,-17.698974609375,"Unknown"
"5020567",378626,2026-04-25 09:55:33,28.7736721038818,-17.7129573822021,"Unknown"
"5020567",378626,2026-04-25 11:55:16,28.8003578186035,-17.7402973175049,"Unknown"
"5020567",378626,2026-04-25 12:05:41,28.7978992462158,-17.741081237793,"Unknown"
"5020567",378626,2026-04-25 12:15:47,28.7965049743652,-17.7415237426758,"Unknown"
"5020567",378626,2026-04-25 12:25:09,28.7950611114502,-17.7415943145752,"Unknown"
"5020567",378626,2026-04-25 12:35:10,28.795783996582,-17.7461071014404,"Unknown"
"5020567",378626,2026-04-25 12:36:10,28.79567527771,-17.7461032867432,"Unknown"
"5020567",378626,2026-04-25 12:37:09,28.7955780029297,-17.7460842132568,"Unknown"
"5020567",378626,2026-04-25 12:38:09,28.7955417633057,-17.7461013793945,"Unknown"
"5020567",378626,2026-04-25 12:39:09,28.7954425811768,-17.7461357116699,"Unknown"
"5020567",378626,2026-04-25 12:40:09,28.7953414916992,-17.7462005615234,"Unknown"
"5020567",378626,2026-04-25 12:41:09,28.7952480316162,-17.7462348937988,"Unknown"
"5020567",378626,2026-04-25 12:42:10,28.7951393127441,-17.7462768554688,"Unknown"
"5020567",378626,2026-04-25 12:43:10,28.7950477600098,-17.7462635040283,"Unknown"
"5020567",378626,2026-04-25 12:44:09,28.794958114624,-17.7462635040283,"Unknown"
"5020567",378626,2026-04-25 12:45:09,28.7948398590088,-17.7462501525879,"Unknown"
"5020567",378626,2026-04-25 12:46:09,28.7947902679443,-17.7463150024414,"Unknown"
"5020567",378626,2026-04-25 12:47:09,28.7947120666504,-17.7464160919189,"Unknown"
"5020567",378626,2026-04-25 12:48:09,28.7945518493652,-17.7464351654053,"Unknown"
"5020567",378626,2026-04-25 12:49:09,28.7943496704102,-17.7463760375977,"Unknown"
"5020567",378626,2026-04-25 12:50:09,28.7941017150879,-17.7463150024414,"Unknown"
"5020567",378626,2026-04-25 12:51:09,28.7938480377197,-17.7462463378906,"Unknown"
"5020567",378626,2026-04-25 12:52:09,28.793571472168,-17.7461814880371,"Unknown"
"5020567",378626,2026-04-25 12:53:09,28.7933826446533,-17.746057510376,"Unknown"
"5020567",378626,2026-04-25 12:54:09,28.7932758331299,-17.7460784912109,"Unknown"
"5020567",378626,2026-04-25 12:55:09,28.7931594848633,-17.7460403442383,"Unknown"
"5020567",378626,2026-04-25 12:56:09,28.792989730835,-17.7460498809814,"Unknown"
"5020567",378626,2026-04-25 12:57:09,28.7928142547607,-17.7460117340088,"Unknown"
"5020567",378626,2026-04-25 12:58:09,28.7926368713379,-17.7460079193115,"Unknown"
"5020567",378626,2026-04-25 12:59:09,28.7924842834473,-17.7460021972656,"Unknown"
"5020567",378626,2026-04-25 13:00:09,28.7923202514648,-17.7460060119629,"Unknown"
"5020567",378626,2026-04-25 13:01:09,28.7921676635742,-17.7460041046143,"Unknown"
"5020567",378626,2026-04-25 13:02:09,28.7920055389404,-17.7460174560547,"Unknown"
"5020567",378626,2026-04-25 13:03:09,28.7919387817383,-17.7460498809814,"Unknown"
"5020567",378626,2026-04-25 13:04:09,28.791748046875,-17.7460289001465,"Unknown"
"5020567",378626,2026-04-25 13:05:09,28.7916030883789,-17.7459926605225,"Unknown"
"5020567",378626,2026-04-25 13:06:09,28.791446685791,-17.7458934783936,"Unknown"
"5020567",378626,2026-04-25 13:07:09,28.7913188934326,-17.7459087371826,"Unknown"
"5020567",378626,2026-04-25 13:08:09,28.7911911010742,-17.7459201812744,"Unknown"
"5020567",378626,2026-04-25 13:09:09,28.7910747528076,-17.745943069458,"Unknown"
"5020567",378626,2026-04-25 13:10:11,28.7909851074219,-17.7459621429443,"Unknown"
"5020567",378626,2026-04-25 13:11:09,28.7908344268799,-17.7459602355957,"Unknown"
"5020567",378626,2026-04-25 13:12:09,28.7906951904297,-17.7459602355957,"Unknown"
"5020567",378626,2026-04-25 13:13:09,28.7905673980713,-17.7459754943848,"Unknown"
"5020567",378626,2026-04-25 13:14:09,28.7904357910156,-17.7459869384766,"Unknown"
"5020567",378626,2026-04-25 13:15:09,28.790283203125,-17.7460117340088,"Unknown"
"5020567",378626,2026-04-25 13:16:09,28.7901744842529,-17.7460460662842,"Unknown"
"5020567",378626,2026-04-25 13:17:10,28.7900657653809,-17.7460823059082,"Unknown"
"5020567",378626,2026-04-25 13:18:09,28.7899513244629,-17.7461280822754,"Unknown"
"5020567",378626,2026-04-25 13:19:09,28.7898292541504,-17.7461490631104,"Unknown"
"5020567",378626,2026-04-25 13:20:09,28.7896976470947,-17.7461585998535,"Unknown"
"5020567",378626,2026-04-25 13:21:09,28.7895736694336,-17.7461681365967,"Unknown"
"5020567",378626,2026-04-25 13:22:09,28.7894420623779,-17.7461929321289,"Unknown"
"5020567",378626,2026-04-25 13:23:09,28.7893180847168,-17.7461585998535,"Unknown"
"5020567",378626,2026-04-25 13:24:09,28.7892398834229,-17.746114730835,"Unknown"
"5020567",378626,2026-04-25 13:25:09,28.789119720459,-17.7460460662842,"Unknown"
"5020567",378626,2026-04-25 13:26:09,28.7890129089355,-17.7459888458252,"Unknown"
"5020567",378626,2026-04-25 13:27:09,28.7889232635498,-17.7459526062012,"Unknown"
"5020567",378626,2026-04-25 13:28:09,28.7888050079346,-17.7458992004395,"Unknown"
"5020567",378626,2026-04-25 13:29:09,28.7886848449707,-17.7458553314209,"Unknown"
"5020567",378626,2026-04-25 13:30:09,28.7885684967041,-17.7458076477051,"Unknown"
"5020567",378626,2026-04-25 13:31:09,28.7884922027588,-17.7457275390625,"Unknown"
"5020567",378626,2026-04-25 13:32:09,28.7884273529053,-17.7456912994385,"Unknown"
"5020567",378626,2026-04-25 13:33:09,28.7884120941162,-17.7455902099609,"Unknown"
"5020567",378626,2026-04-25 13:34:09,28.788366317749,-17.7455368041992,"Unknown"
"5020567",378626,2026-04-25 13:35:09,28.7883415222168,-17.7454605102539,"Unknown"
"5020567",378626,2026-04-25 13:36:09,28.7910346984863,-17.7437973022461,"Unknown"
"5020567",378626,2026-04-25 13:37:09,28.7909812927246,-17.743839263916,"Unknown"
"5020567",378626,2026-04-25 13:38:09,28.7909069061279,-17.74387550354,"Unknown"
"5020567",378626,2026-04-25 13:39:11,28.7908020019531,-17.7438335418701,"Unknown"
"5020567",378626,2026-04-25 13:40:09,28.7907066345215,-17.7438201904297,"Unknown"
"5020567",378626,2026-04-25 13:41:11,28.7905902862549,-17.7438068389893,"Unknown"
"5020567",378626,2026-04-25 13:42:10,28.7904949188232,-17.7438049316406,"Unknown"
"5020567",378626,2026-04-25 13:43:10,28.7904109954834,-17.7438411712646,"Unknown"
"5020567",378626,2026-04-25 13:44:09,28.7903480529785,-17.7438468933105,"Unknown"
"5020567",378626,2026-04-25 13:45:09,28.7902584075928,-17.7438793182373,"Unknown"
"5020567",378626,2026-04-25 13:46:09,28.7901935577393,-17.74387550354,"Unknown"
"5020567",378626,2026-04-25 13:47:09,28.7901000976562,-17.7438488006592,"Unknown"
"5020567",378626,2026-04-25 13:48:09,28.7899494171143,-17.7438507080078,"Unknown"
"5020567",378626,2026-04-25 13:49:11,28.7898426055908,-17.7438297271729,"Unknown"
"5020567",378626,2026-04-25 13:50:10,28.7897129058838,-17.7438297271729,"Unknown"
"5020567",378626,2026-04-25 13:51:09,28.7895736694336,-17.7437953948975,"Unknown"
"5020567",378626,2026-04-25 13:52:11,28.7894611358643,-17.7437763214111,"Unknown"
"5020567",378626,2026-04-25 13:53:09,28.7893753051758,-17.7437477111816,"Unknown"
"5020567",378626,2026-04-25 13:54:09,28.7892551422119,-17.7437324523926,"Unknown"
"5020567",378626,2026-04-25 13:55:10,28.7891273498535,-17.7437419891357,"Unknown"
"5020567",378626,2026-04-25 13:56:10,28.788990020752,-17.7437438964844,"Unknown"
"5020567",378626,2026-04-25 13:57:10,28.7889595031738,-17.7437858581543,"Unknown"
"5020567",378626,2026-04-25 13:58:11,28.788854598999,-17.743766784668,"Unknown"
"5020567",378626,2026-04-25 13:59:09,28.7887001037598,-17.7437782287598,"Unknown"
"5020567",378626,2026-04-25 14:00:09,28.7885761260986,-17.7437782287598,"Unknown"
"5020567",378626,2026-04-25 14:01:10,28.7884616851807,-17.7437782287598,"Unknown"
"5020567",378626,2026-04-25 14:02:10,28.7883567810059,-17.7437705993652,"Unknown"
"5020567",378626,2026-04-25 14:03:09,28.788330078125,-17.7437934875488,"Unknown"
"5020567",378626,2026-04-25 14:04:10,28.7882823944092,-17.7438011169434,"Unknown"
"5020567",378626,2026-04-25 14:05:09,28.7881774902344,-17.743766784668,"Unknown"
"5020567",378626,2026-04-25 14:06:10,28.7880363464355,-17.7437400817871,"Unknown"
"5020567",378626,2026-04-25 14:07:11,28.7879886627197,-17.7437362670898,"Unknown"
"5020567",378626,2026-04-25 14:08:10,28.7879085540771,-17.7437324523926,"Unknown"
"5020567",378626,2026-04-25 14:09:09,28.7878170013428,-17.743724822998,"Unknown"
"5020567",378626,2026-04-25 14:10:10,28.7877044677734,-17.7437381744385,"Unknown"
"5020567",378626,2026-04-25 14:11:09,28.7875728607178,-17.7437419891357,"Unknown"
"5020567",378626,2026-04-25 14:12:10,28.7874317169189,-17.743745803833,"Unknown"
"5020567",378626,2026-04-25 14:13:09,28.7873344421387,-17.7437362670898,"Unknown"
"5020567",378626,2026-04-25 14:14:09,28.7872581481934,-17.7438697814941,"Unknown"
"5020567",378626,2026-04-25 14:15:09,28.7872447967529,-17.7439517974854,"Unknown"
"5020567",378626,2026-04-25 14:16:09,28.7872257232666,-17.7439517974854,"Unknown"
"5020567",378626,2026-04-25 14:17:09,28.7871417999268,-17.7440357208252,"Unknown"
"5020567",378626,2026-04-25 14:18:10,28.7871952056885,-17.7440795898438,"Unknown"
"5020567",378626,2026-04-25 14:19:09,28.7872562408447,-17.7440528869629,"Unknown"
"5020567",378626,2026-04-25 14:20:09,28.7872543334961,-17.743989944458,"Unknown"
"5020567",378626,2026-04-25 14:21:09,28.7872714996338,-17.7439517974854,"Unknown"
"5020567",378626,2026-04-25 14:22:09,28.7873516082764,-17.7439594268799,"Unknown"
"5020567",378626,2026-04-25 14:23:10,28.7873363494873,-17.7439937591553,"Unknown"
"5020567",378626,2026-04-25 14:24:10,28.7874050140381,-17.7440242767334,"Unknown"
"5020567",378626,2026-04-25 14:25:10,28.7874145507812,-17.7440910339355,"Unknown"
"5020567",378626,2026-04-25 14:26:09,28.7873306274414,-17.7441520690918,"Unknown"
"5020567",378626,2026-04-25 14:27:09,28.7872982025146,-17.7441997528076,"Unknown"
"5020567",378626,2026-04-25 14:28:10,28.7872066497803,-17.7442474365234,"Unknown"
"5020567",378626,2026-04-25 14:29:09,28.7871856689453,-17.7442836761475,"Unknown"
"5020567",378626,2026-04-25 14:30:10,28.7871131896973,-17.7442989349365,"Unknown"
"5020567",378626,2026-04-25 14:31:09,28.7871150970459,-17.7443428039551,"Unknown"
"5020567",378626,2026-04-25 14:32:09,28.7870903015137,-17.7444324493408,"Unknown"
"5020567",378626,2026-04-25 14:33:09,28.7870235443115,-17.7445793151855,"Unknown"
"5020567",378626,2026-04-25 14:34:09,28.7869491577148,-17.7446823120117,"Unknown"
"5020567",378626,2026-04-25 14:35:09,28.7869396209717,-17.7447414398193,"Unknown"
"5020567",378626,2026-04-25 14:36:09,28.7868499755859,-17.7448101043701,"Unknown"
"5020567",378626,2026-04-25 14:37:09,28.7867889404297,-17.744873046875,"Unknown"
"5020567",378626,2026-04-25 14:38:09,28.786750793457,-17.7449188232422,"Unknown"
"5020567",378626,2026-04-25 14:39:09,28.7866687774658,-17.7450103759766,"Unknown"
"5020567",378626,2026-04-25 14:40:10,28.7865962982178,-17.7451114654541,"Unknown"
"5020567",378626,2026-04-25 14:41:09,28.7865447998047,-17.7452030181885,"Unknown"
"5020567",378626,2026-04-25 14:42:09,28.7864456176758,-17.745325088501,"Unknown"
"5020567",378626,2026-04-25 14:43:09,28.7864246368408,-17.7454109191895,"Unknown"
"5020567",378626,2026-04-25 14:44:09,28.7863140106201,-17.7455387115479,"Unknown"
"5020567",378626,2026-04-25 14:45:09,28.7862434387207,-17.7456531524658,"Unknown"
"5020567",378626,2026-04-25 14:46:09,28.7861557006836,-17.7457637786865,"Unknown"
"5020567",378626,2026-04-25 14:47:09,28.7860202789307,-17.7458992004395,"Unknown"
"5020567",378626,2026-04-25 14:48:10,28.7859497070312,-17.7459888458252,"Unknown"
"5020567",378626,2026-04-25 14:49:10,28.7859439849854,-17.7459297180176,"Unknown"
"5020567",378626,2026-04-25 14:50:09,28.7860622406006,-17.7459392547607,"Unknown"
"5020567",378626,2026-04-25 14:51:10,28.7817420959473,-17.7419757843018,"Unknown"
"5020567",378626,2026-04-25 14:52:10,28.7820434570312,-17.7418918609619,"Unknown"
"5020567",378626,2026-04-25 14:53:09,28.7820987701416,-17.7420272827148,"Unknown"
"5020567",378626,2026-04-25 14:54:30,28.7825374603271,-17.7435646057129,"Unknown"
"5020567",378626,2026-04-25 14:55:09,28.7825584411621,-17.7436008453369,"Unknown"
"5020567",378626,2026-04-25 14:56:10,28.7830963134766,-17.7456321716309,"Unknown"
"5020567",378626,2026-04-25 14:57:09,28.7831039428711,-17.7456970214844,"Unknown"
"5020567",378626,2026-04-25 14:58:10,28.7833690643311,-17.7461738586426,"Unknown"
"5020567",378626,2026-04-25 14:59:09,28.7836647033691,-17.7463989257812,"Unknown"
"5020567",378626,2026-04-25 15:00:41,28.7853755950928,-17.745885848999,"Unknown"
"5020567",378626,2026-04-25 15:01:09,28.7853984832764,-17.7459468841553,"Unknown"
"5020567",378626,2026-04-25 15:02:09,28.7865524291992,-17.7454242706299,"Unknown"
"5020567",378626,2026-04-25 15:03:09,28.7893295288086,-17.743860244751,"Unknown"
"5020567",378626,2026-04-25 15:04:09,28.7893753051758,-17.7439517974854,"Unknown"
"5020567",378626,2026-04-25 15:05:09,28.7894744873047,-17.7440204620361,"Unknown"
"5020567",378626,2026-04-25 15:06:09,28.789571762085,-17.7441062927246,"Unknown"
"5020567",378626,2026-04-25 15:07:09,28.7923927307129,-17.7449340820312,"Unknown"
"5020567",378626,2026-04-25 15:08:09,28.7960243225098,-17.7443771362305,"Unknown"
"5020567",378626,2026-04-25 15:09:09,28.7960033416748,-17.7444229125977,"Unknown"
"5020567",378626,2026-04-25 15:10:09,28.7960052490234,-17.7444229125977,"Unknown"
"5020567",378626,2026-04-25 15:11:11,28.7960433959961,-17.7444438934326,"Unknown"
"5020567",378626,2026-04-25 15:12:09,28.796049118042,-17.7444591522217,"Unknown"
"5020567",378626,2026-04-25 15:13:09,28.7960319519043,-17.7444667816162,"Unknown"
"5020567",378626,2026-04-25 15:14:09,28.7960109710693,-17.7444877624512,"Unknown"
"5020567",378626,2026-04-25 15:15:11,28.7960090637207,-17.7445011138916,"Unknown"
"5020567",378626,2026-04-25 15:16:10,28.7959671020508,-17.7445201873779,"Unknown"
"5020567",378626,2026-04-25 15:17:11,28.7959480285645,-17.7445583343506,"Unknown"
"5020567",378626,2026-04-25 15:18:09,28.7959499359131,-17.7446422576904,"Unknown"
"5020567",378626,2026-04-25 15:19:11,28.7959136962891,-17.7447376251221,"Unknown"
"5020567",378626,2026-04-25 15:20:11,28.7958221435547,-17.7448806762695,"Unknown"
"5020567",378626,2026-04-25 15:21:33,28.7957878112793,-17.7451515197754,"Unknown"
"5020567",378626,2026-04-25 15:22:09,28.7957324981689,-17.7452716827393,"Unknown"
"5020567",378626,2026-04-25 15:23:09,28.7957019805908,-17.7453784942627,"Unknown"
"5020567",378626,2026-04-25 15:24:09,28.7956562042236,-17.7454948425293,"Unknown"
"5020567",378626,2026-04-25 15:25:09,28.7956104278564,-17.7456321716309,"Unknown"
"5020567",378626,2026-04-25 15:26:09,28.7955455780029,-17.7457675933838,"Unknown"
"5020567",378626,2026-04-25 15:27:09,28.7954730987549,-17.7458839416504,"Unknown"
"5020567",378626,2026-04-25 15:28:09,28.795431137085,-17.7460079193115,"Unknown"
"5020567",378626,2026-04-25 15:29:09,28.7953624725342,-17.7461261749268,"Unknown"
"5020567",378626,2026-04-25 15:30:09,28.7953071594238,-17.7462463378906,"Unknown"
"5020567",378626,2026-04-25 15:31:10,28.7952518463135,-17.7463340759277,"Unknown"
"5020567",378626,2026-04-25 15:32:10,28.7952117919922,-17.7464218139648,"Unknown"
"5020567",378626,2026-04-25 15:33:10,28.7952079772949,-17.7464866638184,"Unknown"
"5020567",378626,2026-04-25 15:34:10,28.7951793670654,-17.7465629577637,"Unknown"
"5020567",378626,2026-04-25 15:35:10,28.7951583862305,-17.7466831207275,"Unknown"
"5020567",378626,2026-04-25 15:36:10,28.7950973510742,-17.7468395233154,"Unknown"
"5020567",378626,2026-04-25 15:37:10,28.7950534820557,-17.7469806671143,"Unknown"
"5020567",378626,2026-04-25 15:38:10,28.7950401306152,-17.7471179962158,"Unknown"
"5020567",378626,2026-04-25 15:39:10,28.7950267791748,-17.7472553253174,"Unknown"
"5020567",378626,2026-04-25 15:40:10,28.7950000762939,-17.7473926544189,"Unknown"
"5020567",378626,2026-04-25 15:41:10,28.7949390411377,-17.7475318908691,"Unknown"
"5020567",378626,2026-04-25 15:42:10,28.7949180603027,-17.7476253509521,"Unknown"
"5020567",378626,2026-04-25 15:43:10,28.7948780059814,-17.7477340698242,"Unknown"
"5020567",378626,2026-04-25 15:44:10,28.7948150634766,-17.7478313446045,"Unknown"
"5020567",378626,2026-04-25 15:45:10,28.794750213623,-17.7479209899902,"Unknown"
"5020567",378626,2026-04-25 15:46:10,28.7947158813477,-17.7480201721191,"Unknown"
"5020567",378626,2026-04-25 15:47:10,28.7946529388428,-17.7481460571289,"Unknown"
"5020567",378626,2026-04-25 15:48:10,28.7945976257324,-17.748233795166,"Unknown"
"5020567",378626,2026-04-25 15:49:10,28.794527053833,-17.7483444213867,"Unknown"
"5020567",378626,2026-04-25 15:50:10,28.7944641113281,-17.7484664916992,"Unknown"
"5020567",378626,2026-04-25 15:51:10,28.7944087982178,-17.7485809326172,"Unknown"
"5020567",378626,2026-04-25 15:52:10,28.7943572998047,-17.7486934661865,"Unknown"
"5020567",378626,2026-04-25 15:53:10,28.7942981719971,-17.7488079071045,"Unknown"
"5020567",378626,2026-04-25 15:54:11,28.7942504882812,-17.7489433288574,"Unknown"
"5020567",378626,2026-04-25 15:55:10,28.7941761016846,-17.7490463256836,"Unknown"
"5020567",378626,2026-04-25 15:56:10,28.794132232666,-17.7491569519043,"Unknown"
"5020567",378626,2026-04-25 15:57:10,28.7940807342529,-17.7492599487305,"Unknown"
"5020567",378626,2026-04-25 15:58:11,28.7940273284912,-17.7493133544922,"Unknown"
"5020567",378626,2026-04-25 15:59:11,28.793981552124,-17.7494106292725,"Unknown"
"5020567",378626,2026-04-25 16:00:11,28.7939472198486,-17.7493209838867,"Unknown"
"5020567",378626,2026-04-25 16:01:10,28.7939395904541,-17.7492790222168,"Unknown"
"5020567",378626,2026-04-25 16:02:11,28.7939319610596,-17.7493076324463,"Unknown"
"5020567",378626,2026-04-25 16:03:10,28.7939586639404,-17.749382019043,"Unknown"
"5020567",378626,2026-04-25 16:04:10,28.7939453125,-17.749439239502,"Unknown"
"5020567",378626,2026-04-25 16:05:10,28.7939281463623,-17.7495021820068,"Unknown"
"5020567",378626,2026-04-25 16:06:11,28.7939128875732,-17.7496166229248,"Unknown"
"5020567",378626,2026-04-25 16:07:10,28.7939033508301,-17.7497310638428,"Unknown"
"5020567",378626,2026-04-25 16:08:10,28.7938690185547,-17.7498226165771,"Unknown"
"5020567",378626,2026-04-25 16:09:10,28.7938575744629,-17.7498760223389,"Unknown"
"5020567",378626,2026-04-25 16:10:11,28.7938575744629,-17.7499465942383,"Unknown"
"5020567",378626,2026-04-25 16:11:11,28.7938671112061,-17.7500190734863,"Unknown"
"5020567",378626,2026-04-25 16:12:10,28.7938289642334,-17.7500991821289,"Unknown"
"5020567",378626,2026-04-25 16:13:11,28.7938098907471,-17.7501945495605,"Unknown"
"5020567",378626,2026-04-25 16:14:11,28.7937793731689,-17.7502422332764,"Unknown"
"5020567",378626,2026-04-25 16:15:10,28.7937297821045,-17.7503242492676,"Unknown"
"5020567",378626,2026-04-25 16:16:10,28.7937183380127,-17.7504386901855,"Unknown"
"5020567",378626,2026-04-25 16:17:11,28.7936992645264,-17.7505340576172,"Unknown"
"5020567",378626,2026-04-25 16:18:10,28.7936782836914,-17.7506141662598,"Unknown"
"5020567",378626,2026-04-25 16:19:11,28.7936325073242,-17.7506828308105,"Unknown"
"5020567",378626,2026-04-25 16:20:10,28.7936058044434,-17.7507514953613,"Unknown"
"5020567",378626,2026-04-25 16:21:10,28.7935676574707,-17.7508239746094,"Unknown"
"5020567",378626,2026-04-25 16:22:10,28.7935371398926,-17.7509021759033,"Unknown"
"5020567",378626,2026-04-25 16:23:10,28.7935104370117,-17.7509670257568,"Unknown"
"5020567",378626,2026-04-25 16:24:10,28.7934703826904,-17.7510452270508,"Unknown"
"5020567",378626,2026-04-25 16:25:10,28.7934455871582,-17.7511348724365,"Unknown"
"5020567",378626,2026-04-25 16:26:10,28.7934188842773,-17.7511920928955,"Unknown"
"5020567",378626,2026-04-25 16:27:10,28.7933979034424,-17.7512893676758,"Unknown"
"5020567",378626,2026-04-25 16:28:11,28.7933826446533,-17.7513236999512,"Unknown"
"5020567",378626,2026-04-25 16:29:11,28.7933483123779,-17.7513084411621,"Unknown"
"5020567",378626,2026-04-25 16:30:10,28.7933464050293,-17.7513732910156,"Unknown"
"5020567",378626,2026-04-25 16:31:10,28.7933444976807,-17.7514305114746,"Unknown"
"5020567",378626,2026-04-25 16:32:10,28.7933254241943,-17.7514839172363,"Unknown"
"5020567",378626,2026-04-25 16:33:10,28.7932929992676,-17.7515201568604,"Unknown"
"5020567",378626,2026-04-25 16:34:10,28.7932682037354,-17.7515277862549,"Unknown"
"5020567",378626,2026-04-25 16:35:11,28.7931995391846,-17.7515602111816,"Unknown"
"5020567",378626,2026-04-25 16:36:10,28.7931690216064,-17.7515735626221,"Unknown"
"5020567",378626,2026-04-25 16:37:10,28.7931175231934,-17.7515888214111,"Unknown"
"5020567",378626,2026-04-25 16:38:10,28.7930355072021,-17.7515983581543,"Unknown"
"5020567",378626,2026-04-25 16:39:10,28.7930526733398,-17.7515563964844,"Unknown"
"5020567",378626,2026-04-25 16:40:10,28.7940464019775,-17.7498359680176,"Unknown"
"5020567",378626,2026-04-25 16:41:10,28.7946224212646,-17.7494926452637,"Unknown"
"5020567",378626,2026-04-25 16:42:11,28.7946281433105,-17.7495288848877,"Unknown"
"5020567",378626,2026-04-25 16:43:10,28.7946529388428,-17.7495555877686,"Unknown"
"5020567",378626,2026-04-25 16:44:10,28.7946529388428,-17.7495784759521,"Unknown"
"5020567",378626,2026-04-25 16:45:10,28.7946147918701,-17.7495937347412,"Unknown"
"5020567",378626,2026-04-25 16:46:12,28.7945709228516,-17.7495899200439,"Unknown"
"5020567",378626,2026-04-25 16:47:11,28.7945213317871,-17.7495861053467,"Unknown"
"5020567",378626,2026-04-25 16:48:10,28.7944793701172,-17.7495632171631,"Unknown"
"5020567",378626,2026-04-25 16:49:10,28.7945003509521,-17.7496166229248,"Unknown"
"5020567",378626,2026-04-25 16:50:10,28.7945156097412,-17.7497119903564,"Unknown"
"5020567",378626,2026-04-25 16:51:10,28.7944717407227,-17.7497673034668,"Unknown"
"5020567",378626,2026-04-25 16:52:11,28.7944450378418,-17.7497806549072,"Unknown"
"5020567",378626,2026-04-25 16:53:10,28.7944412231445,-17.7497806549072,"Unknown"
"5020567",378626,2026-04-25 16:54:10,28.7944431304932,-17.7498321533203,"Unknown"
"5020567",378626,2026-04-25 16:55:10,28.7944107055664,-17.7498970031738,"Unknown"
"5020567",378626,2026-04-25 16:56:10,28.7943820953369,-17.7499122619629,"Unknown"
"5020567",378626,2026-04-25 16:57:10,28.794361114502,-17.749942779541,"Unknown"
"5020567",378626,2026-04-25 16:58:10,28.7943630218506,-17.7500133514404,"Unknown"
"5020567",378626,2026-04-25 16:59:10,28.7943630218506,-17.7501087188721,"Unknown"
"5020567",378626,2026-04-25 17:00:10,28.7943153381348,-17.750186920166,"Unknown"
"5020567",378626,2026-04-25 17:01:10,28.7943344116211,-17.7502632141113,"Unknown"
"5020567",378626,2026-04-25 17:02:10,28.7942733764648,-17.7502708435059,"Unknown"
"5020567",378626,2026-04-25 17:03:12,28.7943706512451,-17.7503471374512,"Unknown"
"5020567",378626,2026-04-25 17:04:10,28.7943649291992,-17.7504119873047,"Unknown"
"5020567",378626,2026-04-25 17:05:10,28.794397354126,-17.7504920959473,"Unknown"
"5020567",378626,2026-04-25 17:06:10,28.794412612915,-17.7504196166992,"Unknown"
"5020567",378626,2026-04-25 17:07:12,28.7944202423096,-17.7504272460938,"Unknown"
"5020567",378626,2026-04-25 17:08:11,28.7943668365479,-17.750415802002,"Unknown"
"5020567",378626,2026-04-25 17:09:10,28.794412612915,-17.7504558563232,"Unknown"
"5020567",378626,2026-04-25 17:10:10,28.7943935394287,-17.7505283355713,"Unknown"
"5020567",378626,2026-04-25 17:11:10,28.7943954467773,-17.7505073547363,"Unknown"
"5020567",378626,2026-04-25 17:12:12,28.7943744659424,-17.7505035400391,"Unknown"
"5020567",378626,2026-04-25 17:13:11,28.7943706512451,-17.7504615783691,"Unknown"
"5020567",378626,2026-04-25 17:14:10,28.794412612915,-17.7504367828369,"Unknown"
"5020567",378626,2026-04-25 17:15:13,28.7943916320801,-17.7503871917725,"Unknown"
"5020567",378626,2026-04-25 17:16:12,28.7943687438965,-17.7503299713135,"Unknown"
"5020567",378626,2026-04-25 17:17:13,28.7943344116211,-17.7502861022949,"Unknown"
"5020567",378626,2026-04-25 17:18:11,28.7943344116211,-17.750316619873,"Unknown"
"5020567",378626,2026-04-25 17:19:12,28.7943439483643,-17.7503414154053,"Unknown"
"5020567",378626,2026-04-25 17:20:12,28.7942905426025,-17.7503757476807,"Unknown"
"5020567",378626,2026-04-25 17:21:13,28.7943515777588,-17.750415802002,"Unknown"
"5020567",378626,2026-04-25 17:22:28,28.7943382263184,-17.7504291534424,"Unknown"
"5020567",378626,2026-04-25 17:23:33,28.7943534851074,-17.7504215240479,"Unknown"
"5020567",378626,2026-04-25 17:24:10,28.7944030761719,-17.7504177093506,"Unknown"
"5020567",378626,2026-04-25 17:25:12,28.7944679260254,-17.7504234313965,"Unknown"
"5020567",378626,2026-04-25 17:26:10,28.7944965362549,-17.7504501342773,"Unknown"
"5020567",378626,2026-04-25 17:27:10,28.7945365905762,-17.7504634857178,"Unknown"
"5020567",378626,2026-04-25 17:28:10,28.7945976257324,-17.750509262085,"Unknown"
"5020567",378626,2026-04-25 17:29:13,28.7946281433105,-17.7505378723145,"Unknown"
"5020567",378626,2026-04-25 17:30:12,28.7946949005127,-17.7505531311035,"Unknown"
"5020567",378626,2026-04-25 17:31:10,28.7947654724121,-17.7505950927734,"Unknown"
"5020567",378626,2026-04-25 17:32:10,28.794864654541,-17.7506084442139,"Unknown"
"5020567",378626,2026-04-25 17:33:11,28.794900894165,-17.7507019042969,"Unknown"
"5020567",378626,2026-04-25 17:34:10,28.7954483032227,-17.7505683898926,"Unknown"
"5020567",378626,2026-04-25 17:35:10,28.7956581115723,-17.750617980957,"Unknown"
"5020567",378626,2026-04-25 17:36:10,28.7959060668945,-17.7508163452148,"Unknown"
"5020567",378626,2026-04-25 17:37:10,28.7980632781982,-17.7466945648193,"Unknown"
"5020567",378626,2026-04-25 17:38:11,28.8021583557129,-17.7450981140137,"Unknown"
"5020567",378626,2026-04-25 17:39:10,28.8063468933105,-17.74635887146,"Unknown"
"5020567",378626,2026-04-25 17:40:10,28.8109531402588,-17.7488327026367,"Unknown"
"5020567",378626,2026-04-25 17:41:10,28.8158931732178,-17.7512836456299,"Unknown"
"5020567",378626,2026-04-25 17:42:10,28.8203983306885,-17.7537631988525,"Unknown"
"5020567",378626,2026-04-25 17:43:10,28.8252696990967,-17.7516918182373,"Unknown"
"5020567",378626,2026-04-25 17:44:10,28.8292999267578,-17.7512340545654,"Unknown"
"5020567",378626,2026-04-25 17:45:11,28.8293800354004,-17.7514896392822,"Unknown"
"5020567",378626,2026-04-25 17:46:10,28.8293857574463,-17.751615524292,"Unknown"
"5020567",378626,2026-04-25 17:47:10,28.8293609619141,-17.7517509460449,"Unknown"
"5020567",378626,2026-04-25 17:48:10,28.8292961120605,-17.7519149780273,"Unknown"
"5020567",378626,2026-04-25 17:49:10,28.8292503356934,-17.7520961761475,"Unknown"
"5020567",378626,2026-04-25 17:50:10,28.8291835784912,-17.7522277832031,"Unknown"
"5020567",378626,2026-04-25 17:51:10,28.8291549682617,-17.7523403167725,"Unknown"
"5020567",378626,2026-04-25 17:52:10,28.8290958404541,-17.7524375915527,"Unknown"
"5020567",378626,2026-04-25 17:53:10,28.829044342041,-17.7525482177734,"Unknown"
"5020567",378626,2026-04-25 17:54:10,28.8289737701416,-17.7526664733887,"Unknown"
"5020567",378626,2026-04-25 17:55:10,28.8288955688477,-17.7527904510498,"Unknown"
"5020567",378626,2026-04-25 17:56:10,28.8288326263428,-17.7528953552246,"Unknown"
"5020567",378626,2026-04-25 17:57:10,28.8287773132324,-17.753002166748,"Unknown"
"5020567",378626,2026-04-25 17:58:10,28.8287029266357,-17.7531356811523,"Unknown"
"5020567",378626,2026-04-25 17:59:10,28.8286190032959,-17.753231048584,"Unknown"
"5020567",378626,2026-04-25 18:00:10,28.8285503387451,-17.7533645629883,"Unknown"
"5020567",378626,2026-04-25 18:01:11,28.8285007476807,-17.7535209655762,"Unknown"
"5020567",378626,2026-04-25 18:02:10,28.8284072875977,-17.7536106109619,"Unknown"
"5020567",378626,2026-04-25 18:03:10,28.8283576965332,-17.7537059783936,"Unknown"
"5020567",378626,2026-04-25 18:04:10,28.8282852172852,-17.7538051605225,"Unknown"
"5020567",378626,2026-04-25 18:05:11,28.8282241821289,-17.7539520263672,"Unknown"
"5020567",378626,2026-04-25 18:06:10,28.8281574249268,-17.7541027069092,"Unknown"
"5020567",378626,2026-04-25 18:07:10,28.8310642242432,-17.758020401001,"Unknown"
"5020567",378626,2026-04-25 18:08:10,28.8318729400635,-17.7542781829834,"Unknown"
"5020567",378626,2026-04-25 18:09:11,28.8331241607666,-17.7494277954102,"Unknown"
"5020567",378626,2026-04-25 18:10:11,28.8365421295166,-17.7490711212158,"Unknown"
"5020567",378626,2026-04-25 18:11:11,28.839563369751,-17.7496280670166,"Unknown"
"5020567",378626,2026-04-25 18:12:11,28.8394947052002,-17.7498168945312,"Unknown"
"5020567",378626,2026-04-25 18:13:10,28.839448928833,-17.7499523162842,"Unknown"
"5020567",378626,2026-04-25 18:14:11,28.8394069671631,-17.7466430664062,"Unknown"
"5020567",378626,2026-04-25 18:15:33,28.8393306732178,-17.7468967437744,"Unknown"
"5020567",378626,2026-04-25 18:16:10,28.8392639160156,-17.7469997406006,"Unknown"
"5020567",378626,2026-04-25 18:17:10,28.8392086029053,-17.7471942901611,"Unknown"
"5020567",378626,2026-04-25 18:18:10,28.8392543792725,-17.7469005584717,"Unknown"
"5020567",378626,2026-04-25 18:19:11,28.8392181396484,-17.7449893951416,"Unknown"
"5020567",378626,2026-04-25 18:20:10,28.8383350372314,-17.7454166412354,"Unknown"
"5020567",378626,2026-04-25 18:21:10,28.8359661102295,-17.742130279541,"Unknown"
"5020567",378626,2026-04-25 18:22:11,28.8386707305908,-17.7411193847656,"Unknown"
"5020567",378626,2026-04-25 18:23:10,28.8385143280029,-17.7412891387939,"Unknown"
"5020567",378626,2026-04-25 18:24:10,28.8383769989014,-17.7414226531982,"Unknown"
"5020567",378626,2026-04-25 18:25:10,28.8382110595703,-17.7415561676025,"Unknown"
"5020567",378626,2026-04-25 18:26:11,28.8380355834961,-17.7417125701904,"Unknown"
"5020567",378626,2026-04-25 18:27:10,28.8378524780273,-17.7418212890625,"Unknown"
"5020567",378626,2026-04-25 18:28:10,28.8361701965332,-17.7399234771729,"Unknown"
"5020567",378626,2026-04-25 18:29:10,28.8364696502686,-17.7391815185547,"Unknown"
"5020567",378626,2026-04-25 18:30:12,28.8362827301025,-17.7392387390137,"Unknown"
"5020567",378626,2026-04-25 18:31:10,28.8361721038818,-17.7392349243164,"Unknown"
"5020567",378626,2026-04-25 18:32:10,28.836030960083,-17.7392768859863,"Unknown"
"5020567",378626,2026-04-25 18:33:12,28.8358669281006,-17.7393531799316,"Unknown"
"5020567",378626,2026-04-25 18:34:12,28.8357200622559,-17.7394733428955,"Unknown"
"5020567",378626,2026-04-25 18:35:10,28.8355369567871,-17.7395362854004,"Unknown"
"5020567",378626,2026-04-25 18:36:11,28.8353500366211,-17.7395935058594,"Unknown"
"5020567",378626,2026-04-25 18:37:10,28.8351879119873,-17.7396202087402,"Unknown"
"5020567",378626,2026-04-25 18:38:10,28.8350524902344,-17.7397060394287,"Unknown"
"5020567",378626,2026-04-25 18:39:10,28.8349208831787,-17.7397880554199,"Unknown"
"5020567",378626,2026-04-25 18:40:10,28.8347682952881,-17.7399024963379,"Unknown"
"5020567",378626,2026-04-25 18:41:11,28.8346557617188,-17.7400188446045,"Unknown"
"5020567",378626,2026-04-25 18:42:11,28.8345222473145,-17.7400875091553,"Unknown"
"5020567",378626,2026-04-25 18:43:10,28.8343849182129,-17.7401332855225,"Unknown"
"5020567",378626,2026-04-25 18:44:10,28.8342437744141,-17.7401828765869,"Unknown"
"5020567",378626,2026-04-25 18:45:10,28.8341045379639,-17.7402439117432,"Unknown"
"5020567",378626,2026-04-25 18:46:10,28.8339653015137,-17.7402801513672,"Unknown"
"5020567",378626,2026-04-25 18:47:10,28.8337650299072,-17.7402267456055,"Unknown"
"5020567",378626,2026-04-25 18:48:10,28.8336238861084,-17.7402877807617,"Unknown"
"5020567",378626,2026-04-25 18:49:12,28.83349609375,-17.740348815918,"Unknown"
"5020567",378626,2026-04-25 18:50:10,28.8333644866943,-17.7403354644775,"Unknown"
"5020567",378626,2026-04-25 18:51:10,28.8332595825195,-17.740364074707,"Unknown"
"5020567",378626,2026-04-25 18:52:10,28.833179473877,-17.7404041290283,"Unknown"
"5020567",378626,2026-04-25 18:53:10,28.8330841064453,-17.740421295166,"Unknown"
"5020567",378626,2026-04-25 18:54:10,28.8329982757568,-17.7404556274414,"Unknown"
"5020567",378626,2026-04-25 18:55:10,28.832914352417,-17.7404956817627,"Unknown"
"5020567",378626,2026-04-25 18:56:10,28.8328132629395,-17.7405490875244,"Unknown"
"5020567",378626,2026-04-25 18:57:10,28.8327178955078,-17.7406024932861,"Unknown"
"5020567",378626,2026-04-25 18:58:10,28.8326282501221,-17.7406425476074,"Unknown"
"5020567",378626,2026-04-25 18:59:10,28.8325462341309,-17.7406730651855,"Unknown"
"5020567",378626,2026-04-25 19:00:10,28.8324565887451,-17.7407302856445,"Unknown"
"5020567",378626,2026-04-25 19:01:10,28.8324069976807,-17.7407379150391,"Unknown"
"5020567",378626,2026-04-25 19:02:10,28.8323402404785,-17.7407569885254,"Unknown"
"5020567",378626,2026-04-25 19:03:10,28.8323097229004,-17.7407855987549,"Unknown"
"5020567",378626,2026-04-25 19:04:10,28.832239151001,-17.7408294677734,"Unknown"
"5020567",378626,2026-04-25 19:05:10,28.8321189880371,-17.7407970428467,"Unknown"
"5020567",378626,2026-04-25 19:06:10,28.832088470459,-17.7408790588379,"Unknown"
"5020567",378626,2026-04-25 19:07:11,28.8319816589355,-17.7408561706543,"Unknown"
"5020567",378626,2026-04-25 19:08:10,28.831916809082,-17.7408981323242,"Unknown"
"5020567",378626,2026-04-25 19:09:10,28.8333835601807,-17.7403297424316,"Unknown"
"5020567",378626,2026-04-25 19:10:10,28.8355674743652,-17.7367706298828,"Unknown"
"5020567",378626,2026-04-25 19:11:10,28.8329315185547,-17.7333889007568,"Unknown"
"5020567",378626,2026-04-25 19:12:10,28.8281173706055,-17.7289562225342,"Unknown"
"5020567",378626,2026-04-25 19:13:10,28.8261852264404,-17.7226600646973,"Unknown"
"5020567",378626,2026-04-25 19:14:10,28.8252239227295,-17.7168941497803,"Unknown"
"5020567",378626,2026-04-25 19:19:21,28.8188362121582,-17.7107543945312,"Unknown"
"5020567",378626,2026-04-25 19:24:11,28.8152904510498,-17.7145328521729,"Unknown"
"5020567",378626,2026-04-25 19:29:12,28.8170356750488,-17.7162704467773,"Unknown"
"5020567",378626,2026-04-25 19:34:11,28.7968616485596,-17.7297744750977,"Unknown"
"5020567",378626,2026-04-25 19:39:10,28.7841835021973,-17.7400035858154,"Unknown"
"5020567",378626,2026-04-25 19:40:12,28.7840938568115,-17.7400360107422,"Unknown"
"5020567",378626,2026-04-25 19:41:12,28.7840671539307,-17.7400302886963,"Unknown"
"5020567",378626,2026-04-25 19:42:13,28.7840194702148,-17.7400550842285,"Unknown"
"5020567",378626,2026-04-25 19:43:10,28.7839736938477,-17.7400188446045,"Unknown"
"5020567",378626,2026-04-25 19:44:10,28.7839183807373,-17.7399864196777,"Unknown"
"5020567",378626,2026-04-25 19:45:10,28.7838764190674,-17.7399711608887,"Unknown"
"5020567",378626,2026-04-25 19:46:10,28.7838459014893,-17.7399482727051,"Unknown"
"5020567",378626,2026-04-25 19:47:12,28.7837657928467,-17.7399444580078,"Unknown"
"5020567",378626,2026-04-25 19:48:12,28.7837562561035,-17.7399482727051,"Unknown"
"5020567",378626,2026-04-25 19:49:10,28.7837352752686,-17.7399482727051,"Unknown"
"5020567",378626,2026-04-25 19:50:11,28.7836818695068,-17.7399005889893,"Unknown"
"5020567",378626,2026-04-25 19:51:10,28.7835941314697,-17.7398872375488,"Unknown"
"5020567",378626,2026-04-25 19:52:10,28.7835235595703,-17.7398777008057,"Unknown"
"5020567",378626,2026-04-25 19:53:12,28.7834644317627,-17.7398433685303,"Unknown"
"5020567",378626,2026-04-25 19:54:12,28.783411026001,-17.7398166656494,"Unknown"
"5020567",378626,2026-04-25 19:55:13,28.7833709716797,-17.7398147583008,"Unknown"
"5020567",378626,2026-04-25 19:56:12,28.7833099365234,-17.739767074585,"Unknown"
"5020567",378626,2026-04-25 19:57:12,28.7831993103027,-17.7397289276123,"Unknown"
"5020567",378626,2026-04-25 19:58:12,28.7831382751465,-17.7397079467773,"Unknown"
"5020567",378626,2026-04-25 19:59:12,28.7831001281738,-17.7397384643555,"Unknown"
"5020567",378626,2026-04-25 20:00:12,28.7830410003662,-17.7397327423096,"Unknown"
"5020567",378626,2026-04-25 20:01:32,28.7829723358154,-17.7397403717041,"Unknown"
"5020567",378626,2026-04-25 20:02:10,28.7829437255859,-17.7397327423096,"Unknown"
"5020567",378626,2026-04-25 20:03:10,28.7828521728516,-17.7396850585938,"Unknown"
"5020567",378626,2026-04-25 20:04:10,28.7828235626221,-17.7396659851074,"Unknown"
"5020567",378626,2026-04-25 20:05:10,28.7827587127686,-17.7396240234375,"Unknown"
"5020567",378626,2026-04-25 20:06:10,28.7827243804932,-17.7396087646484,"Unknown"
"5020567",378626,2026-04-25 20:07:10,28.7826538085938,-17.7395973205566,"Unknown"
"5020567",378626,2026-04-25 20:08:10,28.7826480865479,-17.7395458221436,"Unknown"
"5020567",378626,2026-04-25 20:09:10,28.7825946807861,-17.7395191192627,"Unknown"
"5020567",378626,2026-04-25 20:10:10,28.7825183868408,-17.7395095825195,"Unknown"
"5020567",378626,2026-04-25 20:11:10,28.7824687957764,-17.739465713501,"Unknown"
"5020567",378626,2026-04-25 20:12:10,28.7824096679688,-17.7393474578857,"Unknown"
"5020567",378626,2026-04-25 20:13:10,28.7822914123535,-17.7392807006836,"Unknown"
"5020567",378626,2026-04-25 20:14:10,28.7821998596191,-17.7392406463623,"Unknown"
"5020567",378626,2026-04-25 20:15:10,28.7821178436279,-17.7391681671143,"Unknown"
"5020567",378626,2026-04-25 20:16:10,28.7820148468018,-17.7391490936279,"Unknown"
"5020567",378626,2026-04-25 20:17:10,28.7819232940674,-17.7391357421875,"Unknown"
"5020567",378626,2026-04-25 20:18:10,28.7818832397461,-17.7391376495361,"Unknown"
"5020567",378626,2026-04-25 20:19:10,28.7818279266357,-17.7390613555908,"Unknown"
"5020567",378626,2026-04-25 20:20:10,28.7817707061768,-17.7389583587646,"Unknown"
"5020567",378626,2026-04-25 20:21:10,28.7816925048828,-17.7389125823975,"Unknown"
"5020567",378626,2026-04-25 20:22:10,28.7816562652588,-17.7388801574707,"Unknown"
"5020567",378626,2026-04-25 20:23:10,28.7815761566162,-17.7388801574707,"Unknown"
"5020567",378626,2026-04-25 20:24:10,28.7815093994141,-17.7388439178467,"Unknown"
"5020567",378626,2026-04-25 20:25:10,28.7814598083496,-17.7388439178467,"Unknown"
"5020567",378626,2026-04-25 20:26:10,28.7814102172852,-17.7388038635254,"Unknown"
"5020567",378626,2026-04-25 20:27:10,28.7813301086426,-17.7387275695801,"Unknown"
"5020567",378626,2026-04-25 20:28:10,28.7812461853027,-17.7387199401855,"Unknown"
"5020567",378626,2026-04-25 20:29:10,28.7811794281006,-17.7386856079102,"Unknown"
"5020567",378626,2026-04-25 20:30:10,28.7811336517334,-17.7387218475342,"Unknown"
"5020567",378626,2026-04-25 20:31:10,28.781063079834,-17.7387466430664,"Unknown"
"5020567",378626,2026-04-25 20:32:10,28.7809906005859,-17.7387809753418,"Unknown"
"5020567",378626,2026-04-25 20:33:10,28.7809219360352,-17.7388191223145,"Unknown"
"5020567",378626,2026-04-25 20:34:10,28.7808513641357,-17.738842010498,"Unknown"
"5020567",378626,2026-04-25 20:35:10,28.7807922363281,-17.7388591766357,"Unknown"
"5020567",378626,2026-04-25 20:36:10,28.7807159423828,-17.7388648986816,"Unknown"
"5020567",378626,2026-04-25 20:37:10,28.780647277832,-17.7388801574707,"Unknown"
"5020567",378626,2026-04-25 20:38:10,28.7805595397949,-17.7388820648193,"Unknown"
"5020567",378626,2026-04-25 20:39:10,28.7804946899414,-17.7388744354248,"Unknown"
"5020567",378626,2026-04-25 20:40:10,28.7804508209229,-17.7388706207275,"Unknown"
"5020567",378626,2026-04-25 20:41:10,28.7803745269775,-17.7388706207275,"Unknown"
"5020567",378626,2026-04-25 20:42:10,28.7802619934082,-17.7388935089111,"Unknown"
"5020567",378626,2026-04-25 20:43:10,28.7801666259766,-17.7389469146729,"Unknown"
"5020567",378626,2026-04-25 20:44:10,28.780086517334,-17.738977432251,"Unknown"
"5020567",378626,2026-04-25 20:45:10,28.7799949645996,-17.7390003204346,"Unknown"
"5020567",378626,2026-04-25 20:46:10,28.7799205780029,-17.7389755249023,"Unknown"
"5020567",378626,2026-04-25 20:47:10,28.7797908782959,-17.7390003204346,"Unknown"
"5020567",378626,2026-04-25 20:48:10,28.7796859741211,-17.7390289306641,"Unknown"
"5020567",378626,2026-04-25 20:49:10,28.7796077728271,-17.7390251159668,"Unknown"
"5020567",378626,2026-04-25 20:50:10,28.7795085906982,-17.739013671875,"Unknown"
"5020567",378626,2026-04-25 20:51:10,28.7794055938721,-17.7390689849854,"Unknown"
"5020567",378626,2026-04-25 20:52:10,28.7793102264404,-17.7391262054443,"Unknown"
"5020567",378626,2026-04-25 20:53:10,28.7792434692383,-17.7391376495361,"Unknown"
"5020567",378626,2026-04-25 20:54:10,28.7791557312012,-17.7391815185547,"Unknown"
"5020567",378626,2026-04-25 20:55:10,28.7790489196777,-17.7392063140869,"Unknown"
"5020567",378626,2026-04-25 20:56:10,28.7789421081543,-17.739236831665,"Unknown"
"5020567",378626,2026-04-25 20:57:10,28.7788581848145,-17.7392635345459,"Unknown"
"5020567",378626,2026-04-25 20:58:10,28.7787494659424,-17.7392711639404,"Unknown"
"5020567",378626,2026-04-25 20:59:10,28.7786655426025,-17.7392959594727,"Unknown"
"5020567",378626,2026-04-25 21:00:10,28.778564453125,-17.7393207550049,"Unknown"
"5020567",378626,2026-04-25 21:01:10,28.778470993042,-17.7393283843994,"Unknown"
"5020567",378626,2026-04-25 21:02:10,28.7783546447754,-17.7393646240234,"Unknown"
"5020567",378626,2026-04-25 21:03:10,28.778263092041,-17.739372253418,"Unknown"
"5020567",378626,2026-04-25 21:04:10,28.7781581878662,-17.7394256591797,"Unknown"
"5020567",378626,2026-04-25 21:05:10,28.7780666351318,-17.7394733428955,"Unknown"
"5020567",378626,2026-04-25 21:06:10,28.7779541015625,-17.73952293396,"Unknown"
"5020567",378626,2026-04-25 21:07:10,28.7778472900391,-17.739595413208,"Unknown"
"5020567",378626,2026-04-25 21:08:10,28.7777366638184,-17.7396087646484,"Unknown"
"5020567",378626,2026-04-25 21:09:10,28.7776222229004,-17.7396278381348,"Unknown"
"5020567",378626,2026-04-25 21:10:10,28.7775077819824,-17.7396469116211,"Unknown"
"5020567",378626,2026-04-25 21:11:10,28.7773609161377,-17.7396564483643,"Unknown"
"5020567",378626,2026-04-25 21:12:10,28.7772636413574,-17.739652633667,"Unknown"
"5020567",378626,2026-04-25 21:13:10,28.77712059021,-17.7396507263184,"Unknown"
"5020567",378626,2026-04-25 21:14:10,28.7770118713379,-17.739688873291,"Unknown"
"5020567",378626,2026-04-25 21:15:10,28.7768707275391,-17.7397422790527,"Unknown"
"5020567",378626,2026-04-25 21:16:10,28.7767868041992,-17.7397747039795,"Unknown"
"5020567",378626,2026-04-25 21:17:10,28.7766437530518,-17.7397842407227,"Unknown"
"5020567",378626,2026-04-25 21:18:10,28.7765102386475,-17.739818572998,"Unknown"
"5020567",378626,2026-04-25 21:19:10,28.7763652801514,-17.739818572998,"Unknown"
"5020567",378626,2026-04-25 21:20:10,28.7762660980225,-17.7398071289062,"Unknown"
"5020567",378626,2026-04-25 21:21:10,28.7761726379395,-17.7398166656494,"Unknown"
"5020567",378626,2026-04-25 21:22:10,28.7760448455811,-17.739803314209,"Unknown"
"5020567",378626,2026-04-25 21:23:10,28.775951385498,-17.7398052215576,"Unknown"
"5020567",378626,2026-04-25 21:24:10,28.7758178710938,-17.739818572998,"Unknown"
"5020567",378626,2026-04-25 21:25:10,28.7757129669189,-17.7398586273193,"Unknown"
"5020567",378626,2026-04-25 21:26:10,28.7755794525146,-17.7398662567139,"Unknown"
"5020567",378626,2026-04-25 21:27:10,28.7754287719727,-17.7398910522461,"Unknown"
"5020567",378626,2026-04-25 21:28:10,28.7753238677979,-17.7399387359619,"Unknown"
"5020567",378626,2026-04-25 21:29:10,28.7752285003662,-17.7399139404297,"Unknown"
"5020567",378626,2026-04-25 21:30:10,28.7751235961914,-17.7398872375488,"Unknown"
"5020567",378626,2026-04-25 21:31:10,28.775016784668,-17.7399005889893,"Unknown"
"5020567",378626,2026-04-25 21:32:10,28.7749004364014,-17.7399597167969,"Unknown"
"5020567",378626,2026-04-25 21:33:10,28.774772644043,-17.7400035858154,"Unknown"
"5020567",378626,2026-04-25 21:34:10,28.7746467590332,-17.7400302886963,"Unknown"
"5020567",378626,2026-04-25 21:35:10,28.7745151519775,-17.7400531768799,"Unknown"
"5020567",378626,2026-04-25 21:36:10,28.7744140625,-17.7399845123291,"Unknown"
"5020567",378626,2026-04-25 21:37:10,28.7743110656738,-17.7399368286133,"Unknown"
"5020567",378626,2026-04-25 21:38:10,28.7742099761963,-17.7399196624756,"Unknown"
"5020567",378626,2026-04-25 21:39:11,28.7740859985352,-17.7398910522461,"Unknown"
"5020567",378626,2026-04-25 21:40:10,28.7739791870117,-17.7398643493652,"Unknown"
"5020567",378626,2026-04-25 21:41:11,28.7738780975342,-17.7398090362549,"Unknown"
"5020567",378626,2026-04-25 21:42:10,28.7737693786621,-17.739782333374,"Unknown"
"5020567",378626,2026-04-25 21:43:10,28.7736854553223,-17.7397422790527,"Unknown"
"5020567",378626,2026-04-25 21:44:10,28.7735633850098,-17.7396640777588,"Unknown"
"5020567",378626,2026-04-25 21:45:11,28.7734375,-17.7396049499512,"Unknown"
"5020567",378626,2026-04-25 21:46:11,28.7733459472656,-17.7395458221436,"Unknown"
"5020567",378626,2026-04-25 21:47:11,28.773286819458,-17.7394466400146,"Unknown"
"5020567",378626,2026-04-25 21:48:11,28.7731704711914,-17.7393951416016,"Unknown"
"5020567",378626,2026-04-25 21:49:11,28.7730751037598,-17.7393417358398,"Unknown"
"5020567",378626,2026-04-25 21:50:10,28.7729969024658,-17.7393131256104,"Unknown"
"5020567",378626,2026-04-25 21:51:10,28.7729148864746,-17.7391719818115,"Unknown"
"5020567",378626,2026-04-25 21:52:11,28.772834777832,-17.7391128540039,"Unknown"
"5020567",378626,2026-04-25 21:53:11,28.7727813720703,-17.7390270233154,"Unknown"
"5020567",378626,2026-04-25 21:54:11,28.7726974487305,-17.7389907836914,"Unknown"
"5020567",378626,2026-04-25 21:55:12,28.7725925445557,-17.7388744354248,"Unknown"
"5020567",378626,2026-04-25 21:56:11,28.7725105285645,-17.7388172149658,"Unknown"
"5020567",378626,2026-04-25 21:57:11,28.7724380493164,-17.7387084960938,"Unknown"
"5020567",378626,2026-04-25 21:58:10,28.7723712921143,-17.7386283874512,"Unknown"
"5020567",378626,2026-04-25 21:59:10,28.7722549438477,-17.7385597229004,"Unknown"
"5020567",378626,2026-04-25 22:00:11,28.7721920013428,-17.7384643554688,"Unknown"
"5020567",378626,2026-04-25 22:01:11,28.7721176147461,-17.7383670806885,"Unknown"
"5020567",378626,2026-04-25 22:02:11,28.772029876709,-17.7383327484131,"Unknown"
"5020567",378626,2026-04-25 22:03:11,28.7719268798828,-17.7382793426514,"Unknown"
"5020567",378626,2026-04-25 22:04:11,28.7718811035156,-17.738166809082,"Unknown"
"5020567",378626,2026-04-25 22:05:11,28.7718505859375,-17.7380390167236,"Unknown"
"5020567",378626,2026-04-25 22:06:11,28.7717685699463,-17.7379741668701,"Unknown"
"5020567",378626,2026-04-25 22:07:11,28.7716979980469,-17.7379055023193,"Unknown"
"5020567",378626,2026-04-25 22:08:11,28.7716217041016,-17.7378349304199,"Unknown"
"5020567",378626,2026-04-25 22:09:11,28.7715549468994,-17.7377529144287,"Unknown"
"5020567",378626,2026-04-25 22:10:11,28.7714576721191,-17.7376937866211,"Unknown"
"5020567",378626,2026-04-25 22:11:11,28.7713928222656,-17.7375831604004,"Unknown"
"5020567",378626,2026-04-25 22:12:10,28.771354675293,-17.7374515533447,"Unknown"
"5020567",378626,2026-04-25 22:13:12,28.7712554931641,-17.7374000549316,"Unknown"
"5020567",378626,2026-04-25 22:14:11,28.7711811065674,-17.7372951507568,"Unknown"
"5020567",378626,2026-04-25 22:15:12,28.7711124420166,-17.7372093200684,"Unknown"
"5020567",378626,2026-04-25 22:16:10,28.7710456848145,-17.7371482849121,"Unknown"
"5020567",378626,2026-04-25 22:17:11,28.7709484100342,-17.7370758056641,"Unknown"
"5020567",378626,2026-04-25 22:18:12,28.7709140777588,-17.7369651794434,"Unknown"
"5020567",378626,2026-04-25 22:19:11,28.7708435058594,-17.7368698120117,"Unknown"
"5020567",378626,2026-04-25 22:20:10,28.7707901000977,-17.7367725372314,"Unknown"
"5020567",378626,2026-04-25 22:21:10,28.7706966400146,-17.7367210388184,"Unknown"
"5020567",378626,2026-04-25 22:22:10,28.7706394195557,-17.7366600036621,"Unknown"
"5020567",378626,2026-04-25 22:23:11,28.7705612182617,-17.7366275787354,"Unknown"
"5020567",378626,2026-04-25 22:24:10,28.7704982757568,-17.7365074157715,"Unknown"
"5020567",378626,2026-04-25 22:25:10,28.7704238891602,-17.7364521026611,"Unknown"
"5020567",378626,2026-04-25 22:26:10,28.7703304290771,-17.7363815307617,"Unknown"
"5020567",378626,2026-04-25 22:27:10,28.7702674865723,-17.7362899780273,"Unknown"
"5020567",378626,2026-04-25 22:28:10,28.7701644897461,-17.7362251281738,"Unknown"
"5020567",378626,2026-04-25 22:29:10,28.7700462341309,-17.7361011505127,"Unknown"
"5020567",378626,2026-04-25 22:30:12,28.7699356079102,-17.7360134124756,"Unknown"
"5020567",378626,2026-04-25 22:31:10,28.7698841094971,-17.7359561920166,"Unknown"
"5020567",378626,2026-04-25 22:32:12,28.7697772979736,-17.7359600067139,"Unknown"
"5020567",378626,2026-04-25 22:33:10,28.7696971893311,-17.7358894348145,"Unknown"
"5020567",378626,2026-04-25 22:34:12,28.7696151733398,-17.7358016967773,"Unknown"
"5020567",378626,2026-04-25 22:35:12,28.769510269165,-17.7357444763184,"Unknown"
"5020567",378626,2026-04-25 22:36:12,28.7693977355957,-17.7356548309326,"Unknown"
"5020567",378626,2026-04-25 22:37:10,28.7693157196045,-17.7355480194092,"Unknown"
"5020567",378626,2026-04-25 22:38:11,28.769214630127,-17.7353954315186,"Unknown"
"5020567",378626,2026-04-25 22:39:11,28.7691230773926,-17.7353172302246,"Unknown"
"5020567",378626,2026-04-25 22:40:12,28.7690696716309,-17.735200881958,"Unknown"
"5020567",378626,2026-04-25 22:41:10,28.7689685821533,-17.7351341247559,"Unknown"
"5020567",378626,2026-04-25 22:42:10,28.7688732147217,-17.7350921630859,"Unknown"
"5020567",378626,2026-04-25 22:43:10,28.768798828125,-17.7350196838379,"Unknown"
"5020567",378626,2026-04-25 22:44:12,28.7686996459961,-17.7348785400391,"Unknown"
"5020567",378626,2026-04-25 22:45:12,28.768627166748,-17.7347297668457,"Unknown"
"5020567",378626,2026-04-25 22:46:10,28.7685413360596,-17.7346267700195,"Unknown"
"5020567",378626,2026-04-25 22:47:10,28.7684516906738,-17.7345352172852,"Unknown"
"5020567",378626,2026-04-25 22:48:12,28.7684001922607,-17.7343826293945,"Unknown"
"5020567",378626,2026-04-25 22:49:10,28.7683143615723,-17.7342948913574,"Unknown"
"5020567",378626,2026-04-25 22:50:10,28.7682247161865,-17.7342166900635,"Unknown"
"5020567",378626,2026-04-25 22:51:10,28.7681179046631,-17.734094619751,"Unknown"
"5020567",378626,2026-04-25 22:52:11,28.7680473327637,-17.7340240478516,"Unknown"
"5020567",378626,2026-04-25 22:53:10,28.767951965332,-17.7339630126953,"Unknown"
"5020567",378626,2026-04-25 22:54:11,28.767858505249,-17.7339000701904,"Unknown"
"5020567",378626,2026-04-25 22:55:11,28.7677574157715,-17.7337837219238,"Unknown"
"5020567",378626,2026-04-25 22:56:10,28.767692565918,-17.7337799072266,"Unknown"
"5020567",378626,2026-04-25 22:57:10,28.7676200866699,-17.7337207794189,"Unknown"
"5020567",378626,2026-04-25 22:58:11,28.7675018310547,-17.7336750030518,"Unknown"
"5020567",378626,2026-04-25 22:59:10,28.7673892974854,-17.7335414886475,"Unknown"
"5020567",378626,2026-04-25 23:00:10,28.7672729492188,-17.7334899902344,"Unknown"
"5020567",378626,2026-04-25 23:01:10,28.7671432495117,-17.7333488464355,"Unknown"
"5020567",378626,2026-04-25 23:02:10,28.7670288085938,-17.7331733703613,"Unknown"
"5020567",378626,2026-04-25 23:03:11,28.7669219970703,-17.733097076416,"Unknown"
"5020567",378626,2026-04-25 23:04:10,28.7668132781982,-17.7329978942871,"Unknown"
"5020567",378626,2026-04-25 23:05:11,28.7666931152344,-17.7328834533691,"Unknown"
"5020567",378626,2026-04-25 23:06:10,28.7665958404541,-17.7327632904053,"Unknown"
"5020567",378626,2026-04-25 23:07:11,28.766508102417,-17.7326011657715,"Unknown"
"5020567",378626,2026-04-25 23:08:10,28.7664127349854,-17.7325401306152,"Unknown"
"5020567",378626,2026-04-25 23:09:10,28.7663154602051,-17.7323951721191,"Unknown"
"5020567",378626,2026-04-25 23:10:11,28.7662124633789,-17.7322940826416,"Unknown"
"5020567",378626,2026-04-25 23:11:10,28.7660961151123,-17.7321815490723,"Unknown"
"5020567",378626,2026-04-25 23:12:11,28.7659950256348,-17.7319564819336,"Unknown"
"5020567",378626,2026-04-25 23:13:13,28.7658634185791,-17.7317237854004,"Unknown"
"5020567",378626,2026-04-25 23:14:13,28.7657260894775,-17.7316341400146,"Unknown"
"5020567",378626,2026-04-25 23:15:11,28.7656478881836,-17.7314758300781,"Unknown"
"5020567",378626,2026-04-25 23:16:11,28.7654914855957,-17.7313022613525,"Unknown"
"5020567",378626,2026-04-25 23:17:15,28.7653789520264,-17.7311248779297,"Unknown"
"5020567",378626,2026-04-25 23:18:12,28.7652587890625,-17.7309913635254,"Unknown"
"5020567",378626,2026-04-25 23:19:11,28.7651710510254,-17.7308006286621,"Unknown"
"5020567",378626,2026-04-25 23:20:12,28.7650279998779,-17.7306518554688,"Unknown"
"5020567",378626,2026-04-25 23:21:11,28.7649250030518,-17.7304630279541,"Unknown"
"5020567",378626,2026-04-25 23:22:12,28.7647876739502,-17.7303676605225,"Unknown"
"5020567",378626,2026-04-25 23:23:12,28.7646770477295,-17.7301216125488,"Unknown"
"5020567",378626,2026-04-25 23:24:13,28.7645416259766,-17.7299747467041,"Unknown"
"5020567",378626,2026-04-25 23:25:15,28.764461517334,-17.7297286987305,"Unknown"
"5020567",378626,2026-04-25 23:26:12,28.7643432617188,-17.7295722961426,"Unknown"
"5020567",378626,2026-04-25 23:27:13,28.7642116546631,-17.7293968200684,"Unknown"
"5020567",378626,2026-04-25 23:28:12,28.7640705108643,-17.7292633056641,"Unknown"
"5020567",378626,2026-04-25 23:29:12,28.763952255249,-17.7289485931396,"Unknown"
"5020567",378626,2026-04-25 23:30:16,28.763765335083,-17.7288436889648,"Unknown"
"5020567",378626,2026-04-25 23:31:33,28.7635898590088,-17.7286052703857,"Unknown"
"5020567",378626,2026-04-25 23:32:10,28.7634963989258,-17.7285079956055,"Unknown"
"5020567",378626,2026-04-25 23:33:10,28.7633533477783,-17.7283630371094,"Unknown"
"5020567",378626,2026-04-25 23:34:10,28.7631988525391,-17.7282447814941,"Unknown"
"5020567",378626,2026-04-25 23:35:10,28.7630424499512,-17.7281150817871,"Unknown"
"5020567",378626,2026-04-25 23:36:10,28.7628650665283,-17.7280082702637,"Unknown"
"5020567",378626,2026-04-25 23:37:10,28.7626972198486,-17.7278537750244,"Unknown"
"5020567",378626,2026-04-25 23:38:10,28.7625255584717,-17.7277240753174,"Unknown"
"5020567",378626,2026-04-25 23:39:10,28.7633438110352,-17.7282981872559,"Unknown"
"5020567",378626,2026-04-25 23:40:10,28.7632255554199,-17.7282047271729,"Unknown"
"5020567",378626,2026-04-25 23:41:10,28.763147354126,-17.7280769348145,"Unknown"
"5020567",378626,2026-04-25 23:42:10,28.7630271911621,-17.7280750274658,"Unknown"
"5020567",378626,2026-04-25 23:43:10,28.7628784179688,-17.7279834747314,"Unknown"
"5020567",378626,2026-04-25 23:44:10,28.7627773284912,-17.7278785705566,"Unknown"
"5020567",378626,2026-04-25 23:45:10,28.762638092041,-17.7278232574463,"Unknown"
"5020567",378626,2026-04-25 23:46:10,28.762601852417,-17.7275047302246,"Unknown"
"5020567",378626,2026-04-25 23:47:10,28.7624225616455,-17.7273254394531,"Unknown"
"5020567",378626,2026-04-25 23:48:10,28.7623062133789,-17.7272319793701,"Unknown"
"5020567",378626,2026-04-25 23:49:10,28.7622184753418,-17.7271270751953,"Unknown"
"5020567",378626,2026-04-25 23:50:10,28.7621192932129,-17.7270030975342,"Unknown"
"5020567",378626,2026-04-25 23:51:10,28.7620086669922,-17.7269115447998,"Unknown"
"5020567",378626,2026-04-25 23:52:10,28.7618827819824,-17.7268142700195,"Unknown"
"5020567",378626,2026-04-25 23:53:10,28.7617835998535,-17.7267036437988,"Unknown"
"5020567",378626,2026-04-25 23:54:10,28.7616996765137,-17.726541519165,"Unknown"
"5020567",378626,2026-04-25 23:55:10,28.7615795135498,-17.7264213562012,"Unknown"
"5020567",378626,2026-04-25 23:56:10,28.7615165710449,-17.726354598999,"Unknown"
"5020567",378626,2026-04-25 23:57:10,28.7614459991455,-17.72629737854,"Unknown"
"5020567",378626,2026-04-25 23:58:10,28.7613277435303,-17.7261962890625,"Unknown"
"5020567",378626,2026-04-25 23:59:10,28.7611999511719,-17.7260341644287,"Unknown"
"5020567",378626,2026-04-26 00:00:10,28.7611198425293,-17.7259254455566,"Unknown"
"5020567",378626,2026-04-26 00:01:10,28.7610530853271,-17.7258491516113,"Unknown"
"5020567",378626,2026-04-26 00:02:10,28.76100730896,-17.7258148193359,"Unknown"
"5020567",378626,2026-04-26 00:03:10,28.760929107666,-17.7256927490234,"Unknown"
"5020567",378626,2026-04-26 00:04:10,28.7608432769775,-17.7255840301514,"Unknown"
"5020567",378626,2026-04-26 00:05:10,28.7607555389404,-17.7255115509033,"Unknown"
"5020567",378626,2026-04-26 00:06:10,28.7606639862061,-17.725399017334,"Unknown"
"5020567",378626,2026-04-26 00:07:10,28.7605876922607,-17.7253017425537,"Unknown"
"5020567",378626,2026-04-26 00:08:10,28.7604713439941,-17.7252311706543,"Unknown"
"5020567",378626,2026-04-26 00:09:10,28.7600917816162,-17.7261180877686,"Unknown"
"5020567",378626,2026-04-26 00:10:10,28.7613544464111,-17.7285442352295,"Unknown"
"5020567",378626,2026-04-26 00:11:10,28.7614116668701,-17.7288036346436,"Unknown"
"5020567",378626,2026-04-26 00:12:11,28.7612648010254,-17.7286624908447,"Unknown"
"5020567",378626,2026-04-26 00:13:10,28.7611217498779,-17.7285289764404,"Unknown"
"5020567",378626,2026-04-26 00:14:10,28.76096534729,-17.7284526824951,"Unknown"
"5020567",378626,2026-04-26 00:15:10,28.7608089447021,-17.7283172607422,"Unknown"
"5020567",378626,2026-04-26 00:16:10,28.7606334686279,-17.728178024292,"Unknown"
"5020567",378626,2026-04-26 00:17:10,28.7604904174805,-17.7280464172363,"Unknown"
"5020567",378626,2026-04-26 00:18:10,28.7603340148926,-17.7279052734375,"Unknown"
"5020567",378626,2026-04-26 00:19:10,28.7602062225342,-17.7277126312256,"Unknown"
"5020567",378626,2026-04-26 00:20:10,28.7600803375244,-17.7275543212891,"Unknown"
"5020567",378626,2026-04-26 00:21:10,28.7599201202393,-17.7274284362793,"Unknown"
"5020567",378626,2026-04-26 00:22:10,28.759765625,-17.7273044586182,"Unknown"
"5020567",378626,2026-04-26 00:23:10,28.7596263885498,-17.7271881103516,"Unknown"
"5020567",378626,2026-04-26 00:24:10,28.7594871520996,-17.7270545959473,"Unknown"
"5020567",378626,2026-04-26 00:25:10,28.7593383789062,-17.7269458770752,"Unknown"
"5020567",378626,2026-04-26 00:26:10,28.759147644043,-17.7268028259277,"Unknown"
"5020567",378626,2026-04-26 00:27:10,28.7589931488037,-17.7266654968262,"Unknown"
"5020567",378626,2026-04-26 00:28:10,28.7588386535645,-17.726505279541,"Unknown"
"5020567",378626,2026-04-26 00:29:10,28.7586765289307,-17.7263946533203,"Unknown"
"5020567",378626,2026-04-26 00:30:10,28.7585258483887,-17.7262878417969,"Unknown"
"5020567",378626,2026-04-26 00:31:10,28.758373260498,-17.7261772155762,"Unknown"
"5020567",378626,2026-04-26 00:32:10,28.7582359313965,-17.7260990142822,"Unknown"
"5020567",378626,2026-04-26 00:33:10,28.7580890655518,-17.725959777832,"Unknown"
"5020567",378626,2026-04-26 00:34:10,28.7579517364502,-17.7258262634277,"Unknown"
"5020567",378626,2026-04-26 00:35:10,28.7578258514404,-17.7257251739502,"Unknown"
"5020567",378626,2026-04-26 00:36:10,28.7576637268066,-17.7256393432617,"Unknown"
"5020567",378626,2026-04-26 00:37:10,28.7575073242188,-17.7254810333252,"Unknown"
"5020567",378626,2026-04-26 00:38:10,28.7573680877686,-17.725378036499,"Unknown"
"5020567",378626,2026-04-26 00:39:10,28.7572326660156,-17.7252941131592,"Unknown"
"5020567",378626,2026-04-26 00:40:10,28.7570972442627,-17.7251892089844,"Unknown"
"5020567",378626,2026-04-26 00:41:10,28.7569522857666,-17.7251091003418,"Unknown"
"5020567",378626,2026-04-26 00:42:12,28.756814956665,-17.7250690460205,"Unknown"
"5020567",378626,2026-04-26 00:43:12,28.756685256958,-17.7249946594238,"Unknown"
"5020567",378626,2026-04-26 00:44:12,28.7565593719482,-17.7249145507812,"Unknown"
"5020567",378626,2026-04-26 00:49:12,28.7559585571289,-17.7244720458984,"Unknown"
"5020567",378626,2026-04-26 00:54:12,28.7554626464844,-17.7241020202637,"Unknown"
"5020567",378626,2026-04-26 00:59:11,28.7549858093262,-17.7238330841064,"Unknown"
"5020567",378626,2026-04-26 01:04:12,28.7545433044434,-17.7233047485352,"Unknown"
"5020567",378626,2026-04-26 01:09:12,28.7541465759277,-17.7226467132568,"Unknown"
"5020567",378626,2026-04-26 01:14:14,28.7538013458252,-17.7219314575195,"Unknown"
"5020567",378626,2026-04-26 01:19:17,28.7535877227783,-17.7211360931396,"Unknown"
"5020567",378626,2026-04-26 01:24:13,28.7533493041992,-17.7205104827881,"Unknown"
"5020567",378626,2026-04-26 01:29:14,28.7530307769775,-17.719820022583,"Unknown"
"5020567",378626,2026-04-26 01:34:29,28.7527008056641,-17.7190399169922,"Unknown"
"5020567",378626,2026-04-26 01:39:13,28.7524585723877,-17.7183742523193,"Unknown"
"5020567",378626,2026-04-26 01:44:16,28.7522125244141,-17.7175579071045,"Unknown"
"5020567",378626,2026-04-26 01:49:33,28.751953125,-17.716833114624,"Unknown"
"5020567",378626,2026-04-26 01:54:10,28.7518272399902,-17.7162094116211,"Unknown"
"5020567",378626,2026-04-26 01:59:10,28.7517719268799,-17.7154502868652,"Unknown"
"5020567",378626,2026-04-26 02:04:10,28.7517528533936,-17.7149047851562,"Unknown"
"5020567",378626,2026-04-26 02:09:10,28.7517566680908,-17.7143096923828,"Unknown"
"5020567",378626,2026-04-26 02:14:10,28.7518310546875,-17.7136402130127,"Unknown"
"5020567",378626,2026-04-26 02:19:10,28.7519588470459,-17.7130184173584,"Unknown"
"5020567",378626,2026-04-26 02:24:10,28.7522029876709,-17.7122917175293,"Unknown"
"5020567",378626,2026-04-26 02:29:10,28.752477645874,-17.7114410400391,"Unknown"
"5020567",378626,2026-04-26 02:34:10,28.7526416778564,-17.7106056213379,"Unknown"
"5020567",378626,2026-04-26 02:39:10,28.7526988983154,-17.7096080780029,"Unknown"
"5020567",378626,2026-04-26 02:44:10,28.7527542114258,-17.7087497711182,"Unknown"
"5020567",378626,2026-04-26 02:49:10,28.7527370452881,-17.7081565856934,"Unknown"
"5020567",378626,2026-04-26 02:54:10,28.7528133392334,-17.7076187133789,"Unknown"
"5020567",378626,2026-04-26 02:59:10,28.7529640197754,-17.7070732116699,"Unknown"
"5020567",378626,2026-04-26 03:04:10,28.7533149719238,-17.7063789367676,"Unknown"
"5020567",378626,2026-04-26 03:09:10,28.7537727355957,-17.7057342529297,"Unknown"
"5020567",378626,2026-04-26 03:14:33,28.754222869873,-17.7051219940186,"Unknown"
"5020567",378626,2026-04-26 03:19:10,28.7545604705811,-17.7047157287598,"Unknown"
"5020567",378626,2026-04-26 03:24:10,28.7549304962158,-17.7042369842529,"Unknown"
"5020567",378626,2026-04-26 03:29:10,28.7558975219727,-17.7047920227051,"Unknown"
"5020567",378626,2026-04-26 03:34:11,28.7479076385498,-17.7240467071533,"Unknown"
"5020567",378626,2026-04-26 03:39:10,28.7447452545166,-17.726448059082,"Unknown"
"5020567",378626,2026-04-26 03:44:11,28.7129364013672,-17.7349472045898,"Unknown"
"5020567",378626,2026-04-26 03:45:11,28.7085876464844,-17.7360134124756,"Unknown"
"5020567",378626,2026-04-26 03:46:10,28.7060470581055,-17.7392826080322,"Unknown"
"5020567",378626,2026-04-26 03:56:47,28.7207164764404,-17.7654628753662,"Unknown"
"5020567",378626,2026-04-26 03:57:10,28.7209587097168,-17.765380859375,"Unknown"
"5020567",378626,2026-04-26 04:48:35,28.719539642334,-17.7641448974609,"Unknown"
"5020567",378626,2026-04-26 04:58:35,28.7195339202881,-17.7641468048096,"Unknown"
"5020567",378626,2026-04-26 05:08:35,28.7196006774902,-17.7637939453125,"Unknown"
"5020567",378626,2026-04-26 05:17:09,28.7062606811523,-17.7276477813721,"Unknown"
"5020567",378626,2026-04-26 05:27:10,28.7107162475586,-17.7140140533447,"Unknown"
"5020567",378626,2026-04-26 05:37:11,28.7117691040039,-17.7129039764404,"Unknown"
"5020567",378626,2026-04-26 05:47:14,28.7131309509277,-17.7106494903564,"Unknown"
"5020567",378626,2026-04-26 05:57:14,28.7399768829346,-17.7033786773682,"Unknown"
"5020567",378626,2026-04-26 06:08:35,28.7637062072754,-17.7168083190918,"Unknown"
"5020567",378626,2026-04-26 06:18:35,28.7803173065186,-17.7187271118164,"Unknown"
"5020567",378626,2026-04-26 06:27:33,28.7871131896973,-17.703010559082,"Unknown"
"5020567",378626,2026-04-26 06:37:11,28.7902965545654,-17.703010559082,"Unknown"
"5020567",378626,2026-04-26 06:47:11,28.7933044433594,-17.7035503387451,"Unknown"
"5020567",378626,2026-04-26 06:57:10,28.7959537506104,-17.7042407989502,"Unknown"
"5020567",378626,2026-04-26 07:07:11,28.7901000976562,-17.6975326538086,"Unknown"
"5020567",378626,2026-04-26 07:17:11,28.8032112121582,-17.7163505554199,"Unknown"
"5020567",378626,2026-04-26 07:27:12,28.79465675354,-17.7434139251709,"Unknown"
"5020567",378626,2026-04-26 07:37:12,28.7831935882568,-17.7409648895264,"Unknown"
"5020567",378626,2026-04-26 07:47:13,28.7865829467773,-17.7349262237549,"Unknown"
"5020567",378626,2026-04-26 07:57:15,28.7905082702637,-17.7378978729248,"Unknown"
"5020567",378626,2026-04-26 08:07:33,28.7980041503906,-17.740743637085,"Unknown"
"5020567",378626,2026-04-26 08:17:11,28.7978992462158,-17.7371463775635,"Unknown"
"5020567",378626,2026-04-26 08:27:11,28.7971515655518,-17.7430515289307,"Unknown"
"5020567",378626,2026-04-26 08:37:12,28.8073329925537,-17.7493476867676,"Unknown"
"5020567",378626,2026-04-26 08:47:10,28.8125419616699,-17.7543830871582,"Unknown"
"5020567",378626,2026-04-26 08:48:10,28.8126087188721,-17.7543468475342,"Unknown"
"5020567",378626,2026-04-26 08:49:11,28.8126525878906,-17.7544116973877,"Unknown"
"5020567",378626,2026-04-26 08:59:14,28.8130645751953,-17.7546138763428,"Unknown"
"5020567",378626,2026-04-26 09:09:13,28.8127784729004,-17.7547283172607,"Unknown"
"5020567",378626,2026-04-26 09:10:12,28.8127136230469,-17.7547454833984,"Unknown"
"5020567",378626,2026-04-26 09:20:33,28.8123874664307,-17.7547874450684,"Unknown"
"5020567",378626,2026-04-26 09:21:10,28.8123607635498,-17.7548198699951,"Unknown"
"5020567",378626,2026-04-26 09:22:12,28.8123302459717,-17.7548332214355,"Unknown"
"5020567",378626,2026-04-26 09:23:10,28.8122787475586,-17.754846572876,"Unknown"
"5020567",378626,2026-04-26 09:24:12,28.8122386932373,-17.754903793335,"Unknown"
"5020567",378626,2026-04-26 09:25:12,28.8122119903564,-17.7548904418945,"Unknown"
"5020567",378626,2026-04-26 09:26:12,28.8121871948242,-17.7548599243164,"Unknown"
"5020567",378626,2026-04-26 09:27:12,28.8121299743652,-17.7547969818115,"Unknown"
"5020567",378626,2026-04-26 09:28:10,28.8120460510254,-17.7547950744629,"Unknown"
"5020567",378626,2026-04-26 09:29:12,28.8119697570801,-17.7547721862793,"Unknown"
"5020567",378626,2026-04-26 09:30:12,28.8119239807129,-17.7547740936279,"Unknown"
"5020567",378626,2026-04-26 09:31:12,28.8118782043457,-17.7547912597656,"Unknown"
"5020567",378626,2026-04-26 09:41:11,28.8114318847656,-17.7549819946289,"Unknown"
"5020567",378626,2026-04-26 09:42:11,28.8113994598389,-17.7549667358398,"Unknown"
"5020567",378626,2026-04-26 09:43:10,28.8113441467285,-17.7549591064453,"Unknown"
"5020567",378626,2026-04-26 09:44:11,28.8113212585449,-17.7549114227295,"Unknown"
"5020567",378626,2026-04-26 09:45:13,28.8112850189209,-17.7549285888672,"Unknown"
"5020567",378626,2026-04-26 09:46:12,28.811222076416,-17.7549419403076,"Unknown"
"5020567",378626,2026-04-26 09:47:13,28.8111896514893,-17.7549476623535,"Unknown"
"5020567",378626,2026-04-26 09:48:13,28.8111915588379,-17.7549438476562,"Unknown"
"5020567",378626,2026-04-26 09:49:14,28.8111667633057,-17.7549591064453,"Unknown"
"5020567",378626,2026-04-26 09:50:10,28.8112030029297,-17.7549724578857,"Unknown"
"5020567",378626,2026-04-26 09:51:10,28.8111915588379,-17.7550525665283,"Unknown"
"5020567",378626,2026-04-26 09:52:11,28.811164855957,-17.7551097869873,"Unknown"
"5020567",378626,2026-04-26 09:53:10,28.8111209869385,-17.7552089691162,"Unknown"
"5020567",378626,2026-04-26 09:54:12,28.8110828399658,-17.7552852630615,"Unknown"
"5020567",378626,2026-04-26 09:55:12,28.8110198974609,-17.7553672790527,"Unknown"
"5020567",378626,2026-04-26 09:56:12,28.8109226226807,-17.755428314209,"Unknown"
"5020567",378626,2026-04-26 09:57:12,28.8109035491943,-17.7554836273193,"Unknown"
"5020567",378626,2026-04-26 09:58:10,28.8108787536621,-17.7555065155029,"Unknown"
"5020567",378626,2026-04-26 09:59:11,28.8108673095703,-17.7555332183838,"Unknown"
"5020567",378626,2026-04-26 10:00:13,28.8108463287354,-17.7555828094482,"Unknown"
"5020567",378626,2026-04-26 10:01:11,28.8108348846436,-17.7555408477783,"Unknown"
"5020567",378626,2026-04-26 10:02:10,28.8108386993408,-17.7555046081543,"Unknown"
"5020567",378626,2026-04-26 10:03:12,28.8108253479004,-17.7554340362549,"Unknown"
"5020567",378626,2026-04-26 10:04:11,28.8108215332031,-17.7554168701172,"Unknown"
"5020567",378626,2026-04-26 10:05:12,28.8108291625977,-17.7553577423096,"Unknown"
"5020567",378626,2026-04-26 10:06:14,28.8108406066895,-17.7552757263184,"Unknown"
"5020567",378626,2026-04-26 10:07:13,28.8108386993408,-17.7552185058594,"Unknown"
"5020567",378626,2026-04-26 10:08:11,28.810848236084,-17.7551593780518,"Unknown"
"5020567",378626,2026-04-26 10:09:10,28.8108673095703,-17.7551403045654,"Unknown"
"5020567",378626,2026-04-26 10:10:10,28.8108959197998,-17.7551345825195,"Unknown"
"5020567",378626,2026-04-26 10:11:13,28.8108615875244,-17.7551155090332,"Unknown"
"5020567",378626,2026-04-26 10:12:11,28.8108329772949,-17.7550487518311,"Unknown"
"5020567",378626,2026-04-26 10:13:11,28.8108310699463,-17.7550220489502,"Unknown"
"5020567",378626,2026-04-26 10:14:10,28.8108348846436,-17.7550029754639,"Unknown"
"5020567",378626,2026-04-26 10:15:11,28.8108654022217,-17.7549591064453,"Unknown"
"5020567",378626,2026-04-26 10:16:10,28.810827255249,-17.7550163269043,"Unknown"
"5020567",378626,2026-04-26 10:17:11,28.8108062744141,-17.7550201416016,"Unknown"
"5020567",378626,2026-04-26 10:18:11,28.8107948303223,-17.7550106048584,"Unknown"
"5020567",378626,2026-04-26 10:19:12,28.8107452392578,-17.7550525665283,"Unknown"
"5020567",378626,2026-04-26 10:20:11,28.8107414245605,-17.7550373077393,"Unknown"
"5020567",378626,2026-04-26 10:21:13,28.8106746673584,-17.7550621032715,"Unknown"
"5020567",378626,2026-04-26 10:22:14,28.8106803894043,-17.755054473877,"Unknown"
"5020567",378626,2026-04-26 10:23:13,28.8107261657715,-17.7550735473633,"Unknown"
"5020567",378626,2026-04-26 10:24:14,28.8107452392578,-17.7550888061523,"Unknown"
"5020567",378626,2026-04-26 10:25:14,28.8107662200928,-17.7550811767578,"Unknown"
"5020567",378626,2026-04-26 10:26:12,28.8107528686523,-17.7550773620605,"Unknown"
"5020567",378626,2026-04-26 10:27:12,28.8107318878174,-17.7550735473633,"Unknown"
"5020567",378626,2026-04-26 10:28:12,28.8106956481934,-17.7550945281982,"Unknown"
"5020567",378626,2026-04-26 10:29:12,28.8106498718262,-17.7550983428955,"Unknown"
"5020567",378626,2026-04-26 10:30:15,28.8106536865234,-17.7551021575928,"Unknown"
"5020567",378626,2026-04-26 10:31:12,28.8106288909912,-17.7551040649414,"Unknown"
"5020567",378626,2026-04-26 10:32:13,28.810604095459,-17.7551364898682,"Unknown"
"5020567",378626,2026-04-26 10:33:14,28.8105297088623,-17.7551727294922,"Unknown"
"5020567",378626,2026-04-26 10:34:15,28.8105239868164,-17.755163192749,"Unknown"
"5020567",378626,2026-04-26 10:35:16,28.8105392456055,-17.7551383972168,"Unknown"
"5020567",378626,2026-04-26 10:36:14,28.8104858398438,-17.7552070617676,"Unknown"
"5020567",378626,2026-04-26 10:37:14,28.8104686737061,-17.7551860809326,"Unknown"
"5020567",378626,2026-04-26 10:38:18,28.8104515075684,-17.7551403045654,"Unknown"
"5020567",378626,2026-04-26 10:39:17,28.8104228973389,-17.7551460266113,"Unknown"
"5020567",378626,2026-04-26 10:40:17,28.8104400634766,-17.7551212310791,"Unknown"
"5020567",378626,2026-04-26 10:41:14,28.8104267120361,-17.7551250457764,"Unknown"
"5020567",378626,2026-04-26 10:42:21,28.8104572296143,-17.755163192749,"Unknown"
"5020567",378626,2026-04-26 10:43:17,28.8104343414307,-17.7552242279053,"Unknown"
"5020567",378626,2026-04-26 10:44:15,28.8103809356689,-17.7553234100342,"Unknown"
"5020567",378626,2026-04-26 10:45:20,28.8103637695312,-17.7553272247314,"Unknown"
"5020567",378626,2026-04-26 10:46:15,28.8103008270264,-17.7553596496582,"Unknown"
"5020567",378626,2026-04-26 10:47:15,28.8102760314941,-17.755350112915,"Unknown"
"5020567",378626,2026-04-26 10:48:33,28.8102226257324,-17.7554054260254,"Unknown"
"5020567",378626,2026-04-26 10:49:10,28.8101768493652,-17.7554244995117,"Unknown"
"5020567",378626,2026-04-26 10:50:10,28.8101081848145,-17.7554187774658,"Unknown"
"5020567",378626,2026-04-26 10:51:10,28.8100528717041,-17.7554321289062,"Unknown"
"5020567",378626,2026-04-26 10:52:10,28.8098125457764,-17.7539024353027,"Unknown"
"5020567",378626,2026-04-26 10:53:10,28.8097438812256,-17.7539329528809,"Unknown"
"5020567",378626,2026-04-26 10:54:10,28.8096771240234,-17.7539520263672,"Unknown"
"5020567",378626,2026-04-26 10:55:10,28.8096504211426,-17.753999710083,"Unknown"
"5020567",378626,2026-04-26 10:56:10,28.8096084594727,-17.7540321350098,"Unknown"
"5020567",378626,2026-04-26 10:57:10,28.8095302581787,-17.7540588378906,"Unknown"
"5020567",378626,2026-04-26 10:58:10,28.8094940185547,-17.7540893554688,"Unknown"
"5020567",378626,2026-04-26 10:59:11,28.8094367980957,-17.7541389465332,"Unknown"
"5020567",378626,2026-04-26 11:00:10,28.8093967437744,-17.7542114257812,"Unknown"
"5020567",378626,2026-04-26 11:01:10,28.8093357086182,-17.754243850708,"Unknown"
"5020567",378626,2026-04-26 11:02:10,28.8092651367188,-17.7543182373047,"Unknown"
"5020567",378626,2026-04-26 11:03:10,28.8092193603516,-17.7544174194336,"Unknown"
"5020567",378626,2026-04-26 11:04:10,28.809175491333,-17.7545566558838,"Unknown"
"5020567",378626,2026-04-26 11:05:10,28.8091373443604,-17.7546653747559,"Unknown"
"5020567",378626,2026-04-26 11:06:10,28.8090858459473,-17.7547664642334,"Unknown"
"5020567",378626,2026-04-26 11:07:10,28.8090286254883,-17.7548942565918,"Unknown"
"5020567",378626,2026-04-26 11:08:10,28.8089752197266,-17.7549896240234,"Unknown"
"5020567",378626,2026-04-26 11:09:10,28.8089122772217,-17.7551136016846,"Unknown"
"5020567",378626,2026-04-26 11:10:10,28.8088703155518,-17.7552318572998,"Unknown"
"5020567",378626,2026-04-26 11:11:10,28.8087902069092,-17.7552490234375,"Unknown"
"5020567",378626,2026-04-26 11:12:10,28.8087005615234,-17.7552623748779,"Unknown"
"5020567",378626,2026-04-26 11:13:10,28.8086223602295,-17.7553043365479,"Unknown"
"5020567",378626,2026-04-26 11:14:10,28.8085784912109,-17.7553100585938,"Unknown"
"5020567",378626,2026-04-26 11:15:10,28.808500289917,-17.7553596496582,"Unknown"
"5020567",378626,2026-04-26 11:16:11,28.8084278106689,-17.7553462982178,"Unknown"
"5020567",378626,2026-04-26 11:17:10,28.8083381652832,-17.7553634643555,"Unknown"
"5020567",378626,2026-04-26 11:18:10,28.808277130127,-17.7553558349609,"Unknown"
"5020567",378626,2026-04-26 11:19:10,28.8082275390625,-17.7553615570068,"Unknown"
"5020567",378626,2026-04-26 11:20:10,28.8081893920898,-17.755350112915,"Unknown"
"5020567",378626,2026-04-26 11:21:10,28.8081493377686,-17.7553043365479,"Unknown"
"5020567",378626,2026-04-26 11:22:11,28.8080673217773,-17.755298614502,"Unknown"
"5020567",378626,2026-04-26 11:23:10,28.8080139160156,-17.7552661895752,"Unknown"
"5020567",378626,2026-04-26 11:24:11,28.8079471588135,-17.7552433013916,"Unknown"
"5020567",378626,2026-04-26 11:25:10,28.8078689575195,-17.7552528381348,"Unknown"
"5020567",378626,2026-04-26 11:26:10,28.8077793121338,-17.7551918029785,"Unknown"
"5020567",378626,2026-04-26 11:27:10,28.8077373504639,-17.7551460266113,"Unknown"
"5020567",378626,2026-04-26 11:28:10,28.8076953887939,-17.7551155090332,"Unknown"
"5020567",378626,2026-04-26 11:29:10,28.8076648712158,-17.7550945281982,"Unknown"
"5020567",378626,2026-04-26 11:30:10,28.8076152801514,-17.7550659179688,"Unknown"
"5020567",378626,2026-04-26 11:31:10,28.8075752258301,-17.7550201416016,"Unknown"
"5020567",378626,2026-04-26 11:32:10,28.8075294494629,-17.7549839019775,"Unknown"
"5020567",378626,2026-04-26 11:33:10,28.8074569702148,-17.7549304962158,"Unknown"
"5020567",378626,2026-04-26 11:34:10,28.8073959350586,-17.7549152374268,"Unknown"
"5020567",378626,2026-04-26 11:35:10,28.8073196411133,-17.7548866271973,"Unknown"
"5020567",378626,2026-04-26 11:36:10,28.8072509765625,-17.754846572876,"Unknown"
"5020567",378626,2026-04-26 11:37:10,28.8071746826172,-17.7547874450684,"Unknown"
"5020567",378626,2026-04-26 11:38:10,28.8070850372314,-17.7547187805176,"Unknown"
"5020567",378626,2026-04-26 11:39:10,28.8069934844971,-17.7546482086182,"Unknown"
"5020567",378626,2026-04-26 11:40:10,28.8069801330566,-17.7546215057373,"Unknown"
"5020567",378626,2026-04-26 11:41:10,28.8076629638672,-17.7520408630371,"Unknown"
"5020567",378626,2026-04-26 11:42:10,28.8076667785645,-17.7520580291748,"Unknown"
"5020567",378626,2026-04-26 11:43:10,28.8076591491699,-17.7521228790283,"Unknown"
"5020567",378626,2026-04-26 11:44:10,28.8075981140137,-17.752197265625,"Unknown"
"5020567",378626,2026-04-26 11:45:10,28.8076305389404,-17.7521362304688,"Unknown"
"5020567",378626,2026-04-26 11:46:10,28.8075733184814,-17.7521095275879,"Unknown"
"5020567",378626,2026-04-26 11:47:10,28.8075389862061,-17.7520961761475,"Unknown"
"5020567",378626,2026-04-26 11:48:10,28.8074779510498,-17.7520866394043,"Unknown"
"5020567",378626,2026-04-26 11:49:10,28.8074016571045,-17.752124786377,"Unknown"
"5020567",378626,2026-04-26 11:50:10,28.8073329925537,-17.7521572113037,"Unknown"
"5020567",378626,2026-04-26 11:51:10,28.8072776794434,-17.7521553039551,"Unknown"
"5020567",378626,2026-04-26 11:52:10,28.8072319030762,-17.7521781921387,"Unknown"
"5020567",378626,2026-04-26 11:53:10,28.807186126709,-17.7521839141846,"Unknown"
"5020567",378626,2026-04-26 11:54:10,28.8071441650391,-17.7521514892578,"Unknown"
"5020567",378626,2026-04-26 11:55:10,28.8071060180664,-17.7521171569824,"Unknown"
"5020567",378626,2026-04-26 11:56:10,28.8070735931396,-17.7520980834961,"Unknown"
"5020567",378626,2026-04-26 11:57:10,28.8070201873779,-17.752067565918,"Unknown"
"5020567",378626,2026-04-26 11:58:10,28.8069705963135,-17.7520885467529,"Unknown"
"5020567",378626,2026-04-26 11:59:10,28.8069190979004,-17.7520771026611,"Unknown"
"5020567",378626,2026-04-26 12:00:10,28.80686378479,-17.7520637512207,"Unknown"
"5020567",378626,2026-04-26 12:01:10,28.8068141937256,-17.7520751953125,"Unknown"
"5020567",378626,2026-04-26 12:02:10,28.8067588806152,-17.7520942687988,"Unknown"
"5020567",378626,2026-04-26 12:03:10,28.8067035675049,-17.752082824707,"Unknown"
"5020567",378626,2026-04-26 12:04:10,28.806661605835,-17.7520904541016,"Unknown"
"5020567",378626,2026-04-26 12:05:10,28.8065929412842,-17.7520961761475,"Unknown"
"5020567",378626,2026-04-26 12:06:10,28.8065662384033,-17.7521018981934,"Unknown"
"5020567",378626,2026-04-26 12:07:10,28.8065338134766,-17.7521018981934,"Unknown"
"5020567",378626,2026-04-26 12:08:10,28.8064613342285,-17.7520961761475,"Unknown"
"5020567",378626,2026-04-26 12:09:10,28.8064136505127,-17.7520999908447,"Unknown"
"5020567",378626,2026-04-26 12:10:10,28.80637550354,-17.7520923614502,"Unknown"
"5020567",378626,2026-04-26 12:11:10,28.8063163757324,-17.7520847320557,"Unknown"
"5020567",378626,2026-04-26 12:12:10,28.8062763214111,-17.7520427703857,"Unknown"
"5020567",378626,2026-04-26 12:13:10,28.8062324523926,-17.7520160675049,"Unknown"
"5020567",378626,2026-04-26 12:14:10,28.8061866760254,-17.751989364624,"Unknown"
"5020567",378626,2026-04-26 12:15:10,28.8061485290527,-17.7519550323486,"Unknown"
"5020567",378626,2026-04-26 12:16:10,28.8061084747314,-17.751916885376,"Unknown"
"5020567",378626,2026-04-26 12:17:10,28.8060741424561,-17.7518920898438,"Unknown"
"5020567",378626,2026-04-26 12:18:10,28.8060264587402,-17.7518634796143,"Unknown"
"5020567",378626,2026-04-26 12:19:10,28.8059730529785,-17.7518119812012,"Unknown"
"5020567",378626,2026-04-26 12:20:10,28.8059349060059,-17.7517738342285,"Unknown"
"5020567",378626,2026-04-26 12:21:10,28.80588722229,-17.7517585754395,"Unknown"
"5020567",378626,2026-04-26 12:22:10,28.8058261871338,-17.7517242431641,"Unknown"
"5020567",378626,2026-04-26 12:23:10,28.8057708740234,-17.7516803741455,"Unknown"
"5020567",378626,2026-04-26 12:24:10,28.805721282959,-17.7516441345215,"Unknown"
"5020567",378626,2026-04-26 12:25:10,28.8056964874268,-17.7515964508057,"Unknown"
"5020567",378626,2026-04-26 12:26:10,28.8056678771973,-17.7515506744385,"Unknown"
"5020567",378626,2026-04-26 12:27:10,28.8056144714355,-17.7515182495117,"Unknown"
"5020567",378626,2026-04-26 12:28:11,28.8055896759033,-17.7514839172363,"Unknown"
"5020567",378626,2026-04-26 12:29:10,28.8055572509766,-17.7514476776123,"Unknown"
"5020567",378626,2026-04-26 12:30:10,28.8055171966553,-17.7513847351074,"Unknown"
"5020567",378626,2026-04-26 12:31:12,28.8054752349854,-17.7513523101807,"Unknown"
"5020567",378626,2026-04-26 12:32:12,28.80544090271,-17.7512836456299,"Unknown"
"5020567",378626,2026-04-26 12:33:10,28.8054351806641,-17.7512531280518,"Unknown"
"5020567",378626,2026-04-26 12:34:11,28.8053894042969,-17.7512092590332,"Unknown"
"5020567",378626,2026-04-26 12:35:10,28.8053455352783,-17.7511653900146,"Unknown"
"5020567",378626,2026-04-26 12:36:10,28.8052940368652,-17.751127243042,"Unknown"
"5020567",378626,2026-04-26 12:37:10,28.8052864074707,-17.7510795593262,"Unknown"
"5020567",378626,2026-04-26 12:38:10,28.8052177429199,-17.751049041748,"Unknown"
"5020567",378626,2026-04-26 12:39:10,28.8052062988281,-17.7510204315186,"Unknown"
"5020567",378626,2026-04-26 12:40:10,28.8051528930664,-17.7509689331055,"Unknown"
"5020567",378626,2026-04-26 12:41:10,28.8050785064697,-17.7509288787842,"Unknown"
"5020567",378626,2026-04-26 12:42:11,28.8050003051758,-17.750862121582,"Unknown"
"5020567",378626,2026-04-26 12:43:12,28.8049831390381,-17.7508182525635,"Unknown"
"5020567",378626,2026-04-26 12:44:11,28.8049430847168,-17.7508029937744,"Unknown"
"5020567",378626,2026-04-26 12:45:10,28.8049182891846,-17.7507724761963,"Unknown"
"5020567",378626,2026-04-26 12:46:10,28.8048610687256,-17.7507362365723,"Unknown"
"5020567",378626,2026-04-26 12:47:10,28.8048305511475,-17.7507247924805,"Unknown"
"5020567",378626,2026-04-26 12:48:11,28.8048191070557,-17.7507057189941,"Unknown"
"5020567",378626,2026-04-26 12:49:10,28.8048076629639,-17.7506637573242,"Unknown"
"5020567",378626,2026-04-26 12:50:10,28.8048305511475,-17.7506332397461,"Unknown"
"5020567",378626,2026-04-26 12:51:11,28.804817199707,-17.7505683898926,"Unknown"
"5020567",378626,2026-04-26 12:52:11,28.8048629760742,-17.7505016326904,"Unknown"
"5020567",378626,2026-04-26 12:53:10,28.8048915863037,-17.7504291534424,"Unknown"
"5020567",378626,2026-04-26 12:54:10,28.8048934936523,-17.7503643035889,"Unknown"
"5020567",378626,2026-04-26 12:55:10,28.8048419952393,-17.7503185272217,"Unknown"
"5020567",378626,2026-04-26 12:56:11,28.804780960083,-17.7502880096436,"Unknown"
"5020567",378626,2026-04-26 12:57:11,28.8048896789551,-17.7502136230469,"Unknown"
"5020567",378626,2026-04-26 12:58:10,28.8060913085938,-17.7475452423096,"Unknown"
"5020567",378626,2026-04-26 12:59:10,28.8018321990967,-17.7432308197021,"Unknown"
"5020567",378626,2026-04-26 13:00:11,28.7999897003174,-17.7357845306396,"Unknown"
"5020567",378626,2026-04-26 13:01:11,28.8006610870361,-17.7301139831543,"Unknown"
"5020567",378626,2026-04-26 13:02:11,28.8007259368896,-17.730016708374,"Unknown"
"5020567",378626,2026-04-26 13:03:11,28.800687789917,-17.7299156188965,"Unknown"
"5020567",378626,2026-04-26 13:04:11,28.8006954193115,-17.7298126220703,"Unknown"
"5020567",378626,2026-04-26 13:05:18,28.8007144927979,-17.7297172546387,"Unknown"
"5020567",378626,2026-04-26 13:06:16,28.8007335662842,-17.7296142578125,"Unknown"
"5020567",378626,2026-04-26 13:07:11,28.8007526397705,-17.7295227050781,"Unknown"
"5020567",378626,2026-04-26 13:08:11,28.8007545471191,-17.7294292449951,"Unknown"
"5020567",378626,2026-04-26 13:09:12,28.8007850646973,-17.7293128967285,"Unknown"
"5020567",378626,2026-04-26 13:10:11,28.800802230835,-17.7292041778564,"Unknown"
"5020567",378626,2026-04-26 13:11:15,28.8008632659912,-17.7290802001953,"Unknown"
"5020567",378626,2026-04-26 13:12:10,28.8008937835693,-17.7290096282959,"Unknown"
"5020567",378626,2026-04-26 13:13:11,28.8008422851562,-17.7290019989014,"Unknown"
"5020567",378626,2026-04-26 13:14:12,28.8008422851562,-17.7289657592773,"Unknown"
"5020567",378626,2026-04-26 13:15:12,28.8008632659912,-17.7289333343506,"Unknown"
"5020567",378626,2026-04-26 13:16:12,28.8014450073242,-17.7300472259521,"Unknown"
"5020567",378626,2026-04-26 13:17:14,28.8010940551758,-17.7321510314941,"Unknown"
"5020567",378626,2026-04-26 13:18:12,28.8011493682861,-17.7321376800537,"Unknown"
"5020567",378626,2026-04-26 13:19:12,28.8010959625244,-17.7321262359619,"Unknown"
"5020567",378626,2026-04-26 13:20:12,28.8003635406494,-17.7338771820068,"Unknown"
"5020567",378626,2026-04-26 13:21:16,28.7991466522217,-17.7342891693115,"Unknown"
"5020567",378626,2026-04-26 13:22:16,28.7991733551025,-17.7342491149902,"Unknown"
"5020567",378626,2026-04-26 13:23:16,28.7991905212402,-17.7341785430908,"Unknown"
"5020567",378626,2026-04-26 13:24:15,28.7991714477539,-17.7341079711914,"Unknown"
"5020567",378626,2026-04-26 13:25:14,28.7991542816162,-17.7340393066406,"Unknown"
"5020567",378626,2026-04-26 13:26:15,28.7991218566895,-17.7339859008789,"Unknown"
"5020567",378626,2026-04-26 13:27:13,28.7991256713867,-17.7339267730713,"Unknown"
"5020567",378626,2026-04-26 13:28:14,28.7991752624512,-17.7338485717773,"Unknown"
"5020567",378626,2026-04-26 13:29:12,28.7991714477539,-17.7337837219238,"Unknown"
"5020567",378626,2026-04-26 13:30:15,28.7991390228271,-17.7336959838867,"Unknown"
"5020567",378626,2026-04-26 13:31:17,28.7991275787354,-17.7336006164551,"Unknown"
"5020567",378626,2026-04-26 13:32:13,28.7999935150146,-17.734655380249,"Unknown"
"5020567",378626,2026-04-26 13:33:12,28.8043346405029,-17.7369251251221,"Unknown"
"5020567",378626,2026-04-26 13:35:35,28.8157272338867,-17.7366542816162,"Unknown"
"5020567",378626,2026-04-26 13:36:17,28.8154258728027,-17.7357139587402,"Unknown"
"5020567",378626,2026-04-26 13:36:39,28.8154048919678,-17.7356872558594,"Unknown"
"5020567",378626,2026-04-26 13:37:39,28.8153743743896,-17.7356090545654,"Unknown"
"5020567",378626,2026-04-26 13:38:39,28.8153228759766,-17.7355461120605,"Unknown"
"5020567",378626,2026-04-26 13:39:41,28.8148956298828,-17.7308750152588,"Unknown"
"5020567",378626,2026-04-26 13:40:39,28.8148403167725,-17.7307147979736,"Unknown"
"5020567",378626,2026-04-26 13:41:39,28.8147583007812,-17.7306156158447,"Unknown"
"5020567",378626,2026-04-26 13:42:39,28.8146915435791,-17.7305183410645,"Unknown"
"5020567",378626,2026-04-26 13:43:39,28.8145885467529,-17.7304592132568,"Unknown"
"5020567",378626,2026-04-26 13:44:39,28.81591796875,-17.7312545776367,"Unknown"
"5020567",378626,2026-04-26 13:45:39,28.817756652832,-17.7343425750732,"Unknown"
"5020567",378626,2026-04-26 13:46:39,28.8177337646484,-17.734338760376,"Unknown"
"5020567",378626,2026-04-26 13:47:39,28.8177356719971,-17.7343139648438,"Unknown"
"5020567",378626,2026-04-26 13:48:39,28.8193511962891,-17.7338600158691,"Unknown"
"5020567",378626,2026-04-26 13:49:39,28.8195343017578,-17.7339401245117,"Unknown"
"5020567",378626,2026-04-26 13:50:39,28.8194789886475,-17.7340106964111,"Unknown"
"5020567",378626,2026-04-26 13:51:39,28.8194236755371,-17.7340641021729,"Unknown"
"5020567",378626,2026-04-26 13:52:39,28.8201808929443,-17.7346038818359,"Unknown"
"5020567",378626,2026-04-26 13:53:39,28.8211116790771,-17.7367305755615,"Unknown"
"5020567",378626,2026-04-26 13:54:39,28.8210716247559,-17.7368583679199,"Unknown"
"5020567",378626,2026-04-26 13:55:39,28.8209953308105,-17.7369689941406,"Unknown"
"5020567",378626,2026-04-26 13:56:39,28.8209075927734,-17.7370471954346,"Unknown"
"5020567",378626,2026-04-26 13:57:39,28.8208103179932,-17.7370872497559,"Unknown"
"5020567",378626,2026-04-26 13:58:39,28.8207473754883,-17.7371807098389,"Unknown"
"5020567",378626,2026-04-26 13:59:39,28.8207588195801,-17.7372646331787,"Unknown"
"5020567",378626,2026-04-26 14:01:03,28.8207817077637,-17.7374324798584,"Unknown"
"5020567",378626,2026-04-26 14:01:39,28.8207759857178,-17.7374782562256,"Unknown"
"5020567",378626,2026-04-26 14:02:39,28.8207740783691,-17.7375469207764,"Unknown"
"5020567",378626,2026-04-26 14:03:39,28.8207683563232,-17.7376365661621,"Unknown"
"5020567",378626,2026-04-26 14:04:39,28.821346282959,-17.740629196167,"Unknown"
"5020567",378626,2026-04-26 14:05:39,28.8237380981445,-17.7439308166504,"Unknown"
"5020567",378626,2026-04-26 14:06:39,28.823802947998,-17.7441501617432,"Unknown"
"5020567",378626,2026-04-26 14:07:39,28.8238296508789,-17.7441349029541,"Unknown"
"5020567",378626,2026-04-26 14:08:39,28.8238735198975,-17.7441368103027,"Unknown"
"5020567",378626,2026-04-26 14:09:39,28.8238925933838,-17.7441444396973,"Unknown"
"5020567",378626,2026-04-26 14:10:39,28.8238868713379,-17.7441883087158,"Unknown"
"5020567",378626,2026-04-26 14:11:39,28.8239059448242,-17.7441940307617,"Unknown"
"5020567",378626,2026-04-26 14:12:39,28.820873260498,-17.744441986084,"Unknown"
"5020567",378626,2026-04-26 14:13:39,28.8197860717773,-17.7410678863525,"Unknown"
"5020567",378626,2026-04-26 14:14:39,28.8192825317383,-17.7409038543701,"Unknown"
"5020567",378626,2026-04-26 14:15:39,28.8192844390869,-17.7408752441406,"Unknown"
"5020567",378626,2026-04-26 14:16:40,28.8192977905273,-17.7407932281494,"Unknown"
"5020567",378626,2026-04-26 14:17:39,28.8192882537842,-17.7407608032227,"Unknown"
"5020567",378626,2026-04-26 14:18:39,28.8192462921143,-17.7407321929932,"Unknown"
"5020567",378626,2026-04-26 14:19:40,28.8193359375,-17.7406768798828,"Unknown"
"5020567",378626,2026-04-26 14:20:39,28.8193206787109,-17.7405948638916,"Unknown"
"5020567",378626,2026-04-26 14:21:39,28.8193454742432,-17.7405071258545,"Unknown"
"5020567",378626,2026-04-26 14:22:39,28.8193054199219,-17.7404594421387,"Unknown"
"5020567",378626,2026-04-26 14:23:39,28.8192710876465,-17.7403812408447,"Unknown"
"5020567",378626,2026-04-26 14:24:39,28.8192577362061,-17.7402839660645,"Unknown"
"5020567",378626,2026-04-26 14:25:39,28.8192138671875,-17.7401924133301,"Unknown"
"5020567",378626,2026-04-26 14:26:39,28.8192024230957,-17.7400932312012,"Unknown"
"5020567",378626,2026-04-26 14:27:39,28.8191680908203,-17.7399997711182,"Unknown"
"5020567",378626,2026-04-26 14:28:39,28.8191547393799,-17.7399082183838,"Unknown"
"5020567",378626,2026-04-26 14:29:39,28.8191337585449,-17.739803314209,"Unknown"
"5020567",378626,2026-04-26 14:30:39,28.8191471099854,-17.7396926879883,"Unknown"
"5020567",378626,2026-04-26 14:31:39,28.819128036499,-17.7395820617676,"Unknown"
"5020567",378626,2026-04-26 14:32:39,28.8191452026367,-17.7394886016846,"Unknown"
"5020567",378626,2026-04-26 14:33:39,28.8189849853516,-17.7396697998047,"Unknown"
"5020567",378626,2026-04-26 14:34:39,28.8149299621582,-17.7355709075928,"Unknown"
"5020567",378626,2026-04-26 14:35:39,28.8150787353516,-17.7310447692871,"Unknown"
"5020567",378626,2026-04-26 14:36:39,28.815185546875,-17.7309608459473,"Unknown"
"5020567",378626,2026-04-26 14:37:39,28.8153495788574,-17.7309303283691,"Unknown"
"5020567",378626,2026-04-26 14:38:39,28.8154544830322,-17.7308864593506,"Unknown"
"5020567",378626,2026-04-26 14:39:39,28.8155517578125,-17.7307434082031,"Unknown"
"5020567",378626,2026-04-26 14:40:39,28.8156280517578,-17.7305946350098,"Unknown"
"5020567",378626,2026-04-26 14:41:38,28.8157272338867,-17.7304821014404,"Unknown"
"5020567",378626,2026-04-26 14:42:39,28.815788269043,-17.7304306030273,"Unknown"
"5020567",378626,2026-04-26 14:43:39,28.8158702850342,-17.7303485870361,"Unknown"
"5020567",378626,2026-04-26 14:44:39,28.815938949585,-17.7302837371826,"Unknown"
"5020567",378626,2026-04-26 14:45:38,28.8159980773926,-17.73020362854,"Unknown"
"5020567",378626,2026-04-26 14:46:39,28.8160743713379,-17.7301368713379,"Unknown"
"5020567",378626,2026-04-26 14:47:39,28.8150310516357,-17.7279872894287,"Unknown"
"5020567",378626,2026-04-26 14:48:39,28.8151206970215,-17.7211647033691,"Unknown"
"5020567",378626,2026-04-26 14:49:39,28.8158340454102,-17.7184982299805,"Unknown"
"5020567",378626,2026-04-26 14:54:39,28.8177013397217,-17.7152233123779,"Unknown"
"5020567",378626,2026-04-26 14:59:39,28.8210868835449,-17.7131576538086,"Unknown"
"5020567",378626,2026-04-26 15:04:39,28.8171653747559,-17.709810256958,"Unknown"
"5020567",378626,2026-04-26 15:09:39,28.8130531311035,-17.7058429718018,"Unknown"
"5020567",378626,2026-04-26 15:14:39,28.8113498687744,-17.7048149108887,"Unknown"
"5020567",378626,2026-04-26 15:19:39,28.8075504302979,-17.7002143859863,"Unknown"
"5020567",378626,2026-04-26 15:24:39,28.8069591522217,-17.6967926025391,"Unknown"
"5020567",378626,2026-04-26 15:29:39,28.8079204559326,-17.6966171264648,"Unknown"
"5020567",378626,2026-04-26 15:34:39,28.8067054748535,-17.693826675415,"Unknown"
"5020567",378626,2026-04-26 15:39:38,28.8036117553711,-17.6872882843018,"Unknown"
"5020567",378626,2026-04-26 15:44:39,28.8038330078125,-17.6874980926514,"Unknown"
"5020567",378626,2026-04-26 15:49:39,28.8041229248047,-17.6876258850098,"Unknown"
"5020567",378626,2026-04-26 15:54:40,28.8020458221436,-17.6833572387695,"Unknown"
"5020567",378626,2026-04-26 16:00:01,28.8024425506592,-17.6838912963867,"Unknown"
"5020567",378626,2026-04-26 16:04:39,28.8025588989258,-17.6840858459473,"Unknown"
"5020567",378626,2026-04-26 16:09:47,28.7860450744629,-17.6810665130615,"Unknown"
"5020567",378626,2026-04-26 16:14:44,28.7750568389893,-17.6907958984375,"Unknown"
"5020567",378626,2026-04-26 16:19:39,28.7717514038086,-17.688533782959,"Unknown"
"5020567",378626,2026-04-26 16:24:41,28.7721366882324,-17.6880111694336,"Unknown"
"5020567",378626,2026-04-26 16:29:39,28.7783660888672,-17.6881923675537,"Unknown"
"5020567",378626,2026-04-26 16:34:39,28.7800445556641,-17.6851863861084,"Unknown"
"5020567",378626,2026-04-26 16:39:39,28.7848415374756,-17.673677444458,"Unknown"
"5020567",378626,2026-04-26 16:44:39,28.7826137542725,-17.6779403686523,"Unknown"
"5020567",378626,2026-04-26 16:49:39,28.7800903320312,-17.674467086792,"Unknown"
"5020567",378626,2026-04-26 16:54:39,28.7782573699951,-17.6713409423828,"Unknown"
"5020567",378626,2026-04-26 16:59:39,28.7756309509277,-17.6748294830322,"Unknown"
"5020567",378626,2026-04-26 17:04:39,28.7689723968506,-17.6741962432861,"Unknown"
"5020567",378626,2026-04-26 17:09:40,28.7681636810303,-17.6745681762695,"Unknown"
"5020567",378626,2026-04-26 17:14:39,28.7649669647217,-17.6715965270996,"Unknown"
"5020567",378626,2026-04-26 17:19:39,28.7650337219238,-17.6673126220703,"Unknown"
"5020567",378626,2026-04-26 17:24:40,28.764123916626,-17.6624221801758,"Unknown"
"5020567",378626,2026-04-26 17:29:39,28.7613754272461,-17.6601657867432,"Unknown"
"5020567",378626,2026-04-26 17:34:40,28.7571792602539,-17.6633758544922,"Unknown"
"5020567",378626,2026-04-26 17:39:39,28.7547492980957,-17.6608390808105,"Unknown"
"5020567",378626,2026-04-26 17:44:39,28.7522125244141,-17.6628494262695,"Unknown"
"5020567",378626,2026-04-26 17:49:39,28.750114440918,-17.6592426300049,"Unknown"
"5020567",378626,2026-04-26 17:54:39,28.7482261657715,-17.661226272583,"Unknown"
"5020567",378626,2026-04-26 17:59:39,28.7473564147949,-17.6626834869385,"Unknown"
"5020567",378626,2026-04-26 18:04:39,28.7450370788574,-17.6635684967041,"Unknown"
"5020567",378626,2026-04-26 18:09:39,28.742073059082,-17.6629486083984,"Unknown"
"5020567",378626,2026-04-26 18:14:40,28.7415637969971,-17.6637420654297,"Unknown"
"5020567",378626,2026-04-26 18:19:39,28.7395191192627,-17.6663837432861,"Unknown"
"5020567",378626,2026-04-26 18:25:33,28.7383785247803,-17.6705627441406,"Unknown"
"5020567",378626,2026-04-26 18:29:39,28.7390384674072,-17.6741771697998,"Unknown"
"5020567",378626,2026-04-26 18:34:39,28.7289505004883,-17.6985549926758,"Unknown"
"5020567",378626,2026-04-26 18:39:40,28.7077388763428,-17.6865882873535,"Unknown"
"5020567",378626,2026-04-26 18:44:40,28.7032051086426,-17.7140369415283,"Unknown"
"5020567",378626,2026-04-26 18:49:39,28.7020111083984,-17.732421875,"Unknown"
"5020567",378626,2026-04-26 18:54:41,28.7136898040771,-17.7321434020996,"Unknown"
"5020567",378626,2026-04-26 18:55:40,28.7160739898682,-17.7307510375977,"Unknown"
"5020567",378626,2026-04-26 18:56:39,28.71706199646,-17.7263526916504,"Unknown"
"5020567",378626,2026-04-26 18:57:39,28.7203216552734,-17.7246437072754,"Unknown"
"5020567",378626,2026-04-26 18:58:39,28.7220230102539,-17.7230930328369,"Unknown"
"5020567",378626,2026-04-26 19:03:39,28.7375717163086,-17.7205638885498,"Unknown"
"5020567",378626,2026-04-26 19:08:39,28.7544536590576,-17.7250270843506,"Unknown"
"5020567",378626,2026-04-26 19:13:39,28.7680702209473,-17.7356243133545,"Unknown"
"5020567",378626,2026-04-26 19:14:39,28.7713031768799,-17.7373523712158,"Unknown"
"5020567",378626,2026-04-26 19:15:39,28.7747669219971,-17.7387256622314,"Unknown"
"5020567",378626,2026-04-26 19:16:39,28.7778816223145,-17.74045753479,"Unknown"
"5020567",378626,2026-04-26 19:17:39,28.7811450958252,-17.7431755065918,"Unknown"
"5020567",378626,2026-04-26 19:18:39,28.7829151153564,-17.7439041137695,"Unknown"
"5020567",378626,2026-04-26 19:19:39,28.782829284668,-17.7439022064209,"Unknown"
"5020567",378626,2026-04-26 19:20:39,28.7827625274658,-17.7438468933105,"Unknown"
"5020567",378626,2026-04-26 19:21:41,28.78271484375,-17.7437419891357,"Unknown"
"5020567",378626,2026-04-26 19:22:39,28.7827415466309,-17.7436790466309,"Unknown"
"5020567",378626,2026-04-26 19:23:39,28.7828025817871,-17.7436065673828,"Unknown"
"5020567",378626,2026-04-26 19:24:41,28.7828502655029,-17.7435073852539,"Unknown"
"5020567",378626,2026-04-26 19:25:39,28.782886505127,-17.7434349060059,"Unknown"
"5020567",378626,2026-04-26 19:26:41,28.7829608917236,-17.7434234619141,"Unknown"
"5020567",378626,2026-04-26 19:27:40,28.7829933166504,-17.7433853149414,"Unknown"
"5020567",378626,2026-04-26 19:28:39,28.7830047607422,-17.7433452606201,"Unknown"
"5020567",378626,2026-04-26 19:29:41,28.7830219268799,-17.7433242797852,"Unknown"
"5020567",378626,2026-04-26 19:30:41,28.7830600738525,-17.7432594299316,"Unknown"
"5020567",378626,2026-04-26 19:31:40,28.783109664917,-17.7432193756104,"Unknown"
"5020567",378626,2026-04-26 19:32:39,28.7831573486328,-17.7431907653809,"Unknown"
"5020567",378626,2026-04-26 19:33:39,28.7832164764404,-17.743143081665,"Unknown"
"5020567",378626,2026-04-26 19:34:41,28.783224105835,-17.7430801391602,"Unknown"
"5020567",378626,2026-04-26 19:35:40,28.7831897735596,-17.7430114746094,"Unknown"
"5020567",378626,2026-04-26 19:36:40,28.7832527160645,-17.7429351806641,"Unknown"
"5020567",378626,2026-04-26 19:37:39,28.7838039398193,-17.743013381958,"Unknown"
"5020567",378626,2026-04-26 19:38:41,28.7849998474121,-17.7429523468018,"Unknown"
"5020567",378626,2026-04-26 19:39:41,28.7847137451172,-17.7402439117432,"Unknown"
"5020567",378626,2026-04-26 19:40:41,28.7827911376953,-17.7376689910889,"Unknown"
"5020567",378626,2026-04-26 19:41:40,28.7827548980713,-17.7376403808594,"Unknown"
"5020567",378626,2026-04-26 19:42:42,28.7827396392822,-17.7376842498779,"Unknown"
"5020567",378626,2026-04-26 19:43:43,28.7827205657959,-17.7376480102539,"Unknown"
"5020567",378626,2026-04-26 19:44:40,28.782693862915,-17.7376117706299,"Unknown"
"5020567",378626,2026-04-26 19:45:44,28.7826900482178,-17.7376174926758,"Unknown"
"5020567",378626,2026-04-26 19:47:03,28.7826824188232,-17.7376194000244,"Unknown"
"5020567",378626,2026-04-26 19:47:39,28.7826900482178,-17.7376537322998,"Unknown"
"5020567",378626,2026-04-26 19:48:39,28.7826633453369,-17.7376346588135,"Unknown"
"5020567",378626,2026-04-26 19:49:39,28.7826194763184,-17.7376480102539,"Unknown"
"5020567",378626,2026-04-26 19:50:39,28.7825584411621,-17.7376708984375,"Unknown"
"5020567",378626,2026-04-26 19:51:39,28.78249168396,-17.7376651763916,"Unknown"
"5020567",378626,2026-04-26 19:52:39,28.7824096679688,-17.7376747131348,"Unknown"
"5020567",378626,2026-04-26 19:53:39,28.782341003418,-17.7377014160156,"Unknown"
"5020567",378626,2026-04-26 19:54:39,28.7822666168213,-17.7377471923828,"Unknown"
"5020567",378626,2026-04-26 19:55:39,28.7822284698486,-17.7377872467041,"Unknown"
"5020567",378626,2026-04-26 19:56:39,28.7821617126465,-17.7377185821533,"Unknown"
"5020567",378626,2026-04-26 19:57:39,28.7821483612061,-17.7376766204834,"Unknown"
"5020567",378626,2026-04-26 19:58:39,28.7820720672607,-17.7377338409424,"Unknown"
"5020567",378626,2026-04-26 19:59:41,28.7819995880127,-17.7377490997314,"Unknown"
"5020567",378626,2026-04-26 20:00:39,28.78196144104,-17.7377338409424,"Unknown"
"5020567",378626,2026-04-26 20:01:39,28.7833652496338,-17.7378826141357,"Unknown"
"5020567",378626,2026-04-26 20:02:39,28.7833347320557,-17.7377834320068,"Unknown"
"5020567",378626,2026-04-26 20:03:41,28.7799015045166,-17.7359371185303,"Unknown"
"5020567",378626,2026-04-26 20:04:39,28.779899597168,-17.7381954193115,"Unknown"
"5020567",378626,2026-04-26 20:05:39,28.7827739715576,-17.7381191253662,"Unknown"
"5020567",378626,2026-04-26 20:06:39,28.7832298278809,-17.7380638122559,"Unknown"
"5020567",378626,2026-04-26 20:07:39,28.7831878662109,-17.7380447387695,"Unknown"
"5020567",378626,2026-04-26 20:08:39,28.7831687927246,-17.7380599975586,"Unknown"
"5020567",378626,2026-04-26 20:09:39,28.7831439971924,-17.7380523681641,"Unknown"
"5020567",378626,2026-04-26 20:10:39,28.7830944061279,-17.7380180358887,"Unknown"
"5020567",378626,2026-04-26 20:11:39,28.7830715179443,-17.737964630127,"Unknown"
"5020567",378626,2026-04-26 20:12:40,28.783052444458,-17.7380218505859,"Unknown"
"5020567",378626,2026-04-26 20:13:40,28.7829971313477,-17.7380027770996,"Unknown"
"5020567",378626,2026-04-26 20:14:39,28.7829532623291,-17.7380447387695,"Unknown"
"5020567",378626,2026-04-26 20:15:39,28.7829265594482,-17.7380256652832,"Unknown"
"5020567",378626,2026-04-26 20:16:39,28.7828979492188,-17.7380447387695,"Unknown"
"5020567",378626,2026-04-26 20:17:39,28.7828502655029,-17.7380561828613,"Unknown"
"5020567",378626,2026-04-26 20:18:39,28.7828254699707,-17.738037109375,"Unknown"
"5020567",378626,2026-04-26 20:19:39,28.7827758789062,-17.7380599975586,"Unknown"
"5020567",378626,2026-04-26 20:20:40,28.7827663421631,-17.7381114959717,"Unknown"
"5020567",378626,2026-04-26 20:21:39,28.7826919555664,-17.7381229400635,"Unknown"
"5020567",378626,2026-04-26 20:22:39,28.7826900482178,-17.7381610870361,"Unknown"
"5020567",378626,2026-04-26 20:23:39,28.7826461791992,-17.7382164001465,"Unknown"
"5020567",378626,2026-04-26 20:24:39,28.782642364502,-17.7382144927979,"Unknown"
"5020567",378626,2026-04-26 20:25:39,28.7826366424561,-17.7382068634033,"Unknown"
"5020567",378626,2026-04-26 20:26:39,28.7826271057129,-17.7382164001465,"Unknown"
"5020567",378626,2026-04-26 20:27:39,28.7825946807861,-17.7382202148438,"Unknown"
"5020567",378626,2026-04-26 20:28:39,28.7825355529785,-17.7381858825684,"Unknown"
"5020567",378626,2026-04-26 20:29:39,28.7825374603271,-17.7382526397705,"Unknown"
"5020567",378626,2026-04-26 20:30:39,28.7825450897217,-17.7382545471191,"Unknown"
"5020567",378626,2026-04-26 20:31:39,28.7825107574463,-17.7383136749268,"Unknown"
"5020567",378626,2026-04-26 20:32:39,28.7824954986572,-17.7383289337158,"Unknown"
"5020567",378626,2026-04-26 20:33:39,28.7824802398682,-17.738338470459,"Unknown"
"5020567",378626,2026-04-26 20:34:39,28.7824630737305,-17.738338470459,"Unknown"
"5020567",378626,2026-04-26 20:35:39,28.7824573516846,-17.7383823394775,"Unknown"
"5020567",378626,2026-04-26 20:36:39,28.7824172973633,-17.7384281158447,"Unknown"
"5020567",378626,2026-04-26 20:37:39,28.7823925018311,-17.738525390625,"Unknown"
"5020567",378626,2026-04-26 20:38:39,28.7824020385742,-17.7385845184326,"Unknown"
"5020567",378626,2026-04-26 20:39:39,28.782356262207,-17.7386493682861,"Unknown"
"5020567",378626,2026-04-26 20:40:39,28.7823219299316,-17.738712310791,"Unknown"
"5020567",378626,2026-04-26 20:41:39,28.7822952270508,-17.73876953125,"Unknown"
"5020567",378626,2026-04-26 20:42:39,28.7822570800781,-17.7388553619385,"Unknown"
"5020567",378626,2026-04-26 20:43:39,28.7822380065918,-17.7389221191406,"Unknown"
"5020567",378626,2026-04-26 20:44:39,28.7822380065918,-17.7389793395996,"Unknown"
"5020567",378626,2026-04-26 20:45:39,28.7822017669678,-17.7390384674072,"Unknown"
"5020567",378626,2026-04-26 20:46:39,28.7821388244629,-17.7391090393066,"Unknown"
"5020567",378626,2026-04-26 20:47:39,28.7821025848389,-17.7391510009766,"Unknown"
"5020567",378626,2026-04-26 20:48:39,28.7820358276367,-17.7392063140869,"Unknown"
"5020567",378626,2026-04-26 20:49:39,28.7820129394531,-17.7392463684082,"Unknown"
"5020567",378626,2026-04-26 20:50:39,28.7819385528564,-17.7392864227295,"Unknown"
"5020567",378626,2026-04-26 20:51:39,28.7818927764893,-17.7392635345459,"Unknown"
"5020567",378626,2026-04-26 20:52:39,28.7818355560303,-17.7393207550049,"Unknown"
"5020567",378626,2026-04-26 20:53:39,28.7817878723145,-17.7393798828125,"Unknown"
"5020567",378626,2026-04-26 20:54:39,28.7817325592041,-17.7394409179688,"Unknown"
"5020567",378626,2026-04-26 20:55:39,28.7816753387451,-17.7395324707031,"Unknown"
"5020567",378626,2026-04-26 20:56:39,28.7816276550293,-17.7396488189697,"Unknown"
"5020567",378626,2026-04-26 20:57:39,28.7815780639648,-17.739709854126,"Unknown"
"5020567",378626,2026-04-26 20:58:39,28.7815189361572,-17.7397785186768,"Unknown"
"5020567",378626,2026-04-26 20:59:40,28.7814445495605,-17.7398643493652,"Unknown"
"5020567",378626,2026-04-26 21:00:39,28.7813930511475,-17.7399101257324,"Unknown"
"5020567",378626,2026-04-26 21:01:39,28.7813377380371,-17.7399864196777,"Unknown"
"5020567",378626,2026-04-26 21:02:39,28.7812747955322,-17.7400245666504,"Unknown"
"5020567",378626,2026-04-26 21:03:39,28.7812328338623,-17.7401123046875,"Unknown"
"5020567",378626,2026-04-26 21:04:39,28.7811908721924,-17.7401752471924,"Unknown"
"5020567",378626,2026-04-26 21:05:39,28.7811374664307,-17.7402229309082,"Unknown"
"5020567",378626,2026-04-26 21:06:39,28.781099319458,-17.7403030395508,"Unknown"
"5020567",378626,2026-04-26 21:07:39,28.7810230255127,-17.7403621673584,"Unknown"
"5020567",378626,2026-04-26 21:08:39,28.7809505462646,-17.7404403686523,"Unknown"
"5020567",378626,2026-04-26 21:09:39,28.7808513641357,-17.7404804229736,"Unknown"
"5020567",378626,2026-04-26 21:10:39,28.7807903289795,-17.7405300140381,"Unknown"
"5020567",378626,2026-04-26 21:11:39,28.7807273864746,-17.7406044006348,"Unknown"
"5020567",378626,2026-04-26 21:12:39,28.7806777954102,-17.7406406402588,"Unknown"
"5020567",378626,2026-04-26 21:13:39,28.780611038208,-17.7406902313232,"Unknown"
"5020567",378626,2026-04-26 21:14:39,28.780517578125,-17.740758895874,"Unknown"
"5020567",378626,2026-04-26 21:15:39,28.7804660797119,-17.7407474517822,"Unknown"
"5020567",378626,2026-04-26 21:16:39,28.7803745269775,-17.7407913208008,"Unknown"
"5020567",378626,2026-04-26 21:17:39,28.7803287506104,-17.7408809661865,"Unknown"
"5020567",378626,2026-04-26 21:18:39,28.7802200317383,-17.7409420013428,"Unknown"
"5020567",378626,2026-04-26 21:19:39,28.7801342010498,-17.7409267425537,"Unknown"
"5020567",378626,2026-04-26 21:20:39,28.7800693511963,-17.7409744262695,"Unknown"
"5020567",378626,2026-04-26 21:21:39,28.7800102233887,-17.7409687042236,"Unknown"
"5020567",378626,2026-04-26 21:22:39,28.7799320220947,-17.741039276123,"Unknown"
"5020567",378626,2026-04-26 21:23:40,28.7798748016357,-17.7411022186279,"Unknown"
"5020567",378626,2026-04-26 21:24:39,28.7797698974609,-17.741174697876,"Unknown"
"5020567",378626,2026-04-26 21:25:40,28.7796649932861,-17.7412395477295,"Unknown"
"5020567",378626,2026-04-26 21:26:40,28.7795639038086,-17.7412567138672,"Unknown"
"5020567",378626,2026-04-26 21:27:40,28.779468536377,-17.7413291931152,"Unknown"
"5020567",378626,2026-04-26 21:28:40,28.7793865203857,-17.7413291931152,"Unknown"
"5020567",378626,2026-04-26 21:29:39,28.7793292999268,-17.741361618042,"Unknown"
"5020567",378626,2026-04-26 21:30:39,28.7792434692383,-17.7413959503174,"Unknown"
"5020567",378626,2026-04-26 21:31:39,28.7791500091553,-17.7414093017578,"Unknown"
"5020567",378626,2026-04-26 21:32:39,28.7790641784668,-17.7414779663086,"Unknown"
"5020567",378626,2026-04-26 21:33:39,28.7789821624756,-17.7414722442627,"Unknown"
"5020567",378626,2026-04-26 21:34:39,28.7789363861084,-17.7414569854736,"Unknown"
"5020567",378626,2026-04-26 21:35:40,28.7788581848145,-17.7414360046387,"Unknown"
"5020567",378626,2026-04-26 21:36:39,28.7788124084473,-17.7414474487305,"Unknown"
"5020567",378626,2026-04-26 21:37:40,28.7786903381348,-17.7414627075195,"Unknown"
"5020567",378626,2026-04-26 21:38:40,28.778636932373,-17.7414321899414,"Unknown"
"5020567",378626,2026-04-26 21:39:39,28.7786102294922,-17.7414226531982,"Unknown"
"5020567",378626,2026-04-26 21:40:40,28.7785701751709,-17.7413940429688,"Unknown"
"5020567",378626,2026-04-26 21:41:40,28.7785453796387,-17.7413730621338,"Unknown"
"5020567",378626,2026-04-26 21:42:40,28.7785301208496,-17.741304397583,"Unknown"
"5020567",378626,2026-04-26 21:43:39,28.7785015106201,-17.7412414550781,"Unknown"
"5020567",378626,2026-04-26 21:44:40,28.7784366607666,-17.7411327362061,"Unknown"
"5020567",378626,2026-04-26 21:45:39,28.7783584594727,-17.7411231994629,"Unknown"
"5020567",378626,2026-04-26 21:46:40,28.7782764434814,-17.7411651611328,"Unknown"
"5020567",378626,2026-04-26 21:47:39,28.7782230377197,-17.7411231994629,"Unknown"
"5020567",378626,2026-04-26 21:48:40,28.7781848907471,-17.7411403656006,"Unknown"
"5020567",378626,2026-04-26 21:49:40,28.7781276702881,-17.7411956787109,"Unknown"
"5020567",378626,2026-04-26 21:50:39,28.7780590057373,-17.7411346435547,"Unknown"
"5020567",378626,2026-04-26 21:51:40,28.7780132293701,-17.7410793304443,"Unknown"
"5020567",378626,2026-04-26 21:52:40,28.7779445648193,-17.7410469055176,"Unknown"
"5020567",378626,2026-04-26 21:53:40,28.7778511047363,-17.7410469055176,"Unknown"
"5020567",378626,2026-04-26 21:54:42,28.7777900695801,-17.7410945892334,"Unknown"
"5020567",378626,2026-04-26 21:55:40,28.7777194976807,-17.741081237793,"Unknown"
"5020567",378626,2026-04-26 21:56:40,28.7776260375977,-17.7411613464355,"Unknown"
"5020567",378626,2026-04-26 21:57:43,28.7775726318359,-17.7410888671875,"Unknown"
"5020567",378626,2026-04-26 21:58:43,28.7775230407715,-17.7410354614258,"Unknown"
"5020567",378626,2026-04-26 21:59:39,28.7774295806885,-17.7410564422607,"Unknown"
"5020567",378626,2026-04-26 22:01:02,28.7773284912109,-17.7410774230957,"Unknown"
"5020567",378626,2026-04-26 22:01:39,28.7772846221924,-17.7411022186279,"Unknown"
"5020567",378626,2026-04-26 22:02:39,28.7772254943848,-17.7411327362061,"Unknown"
"5020567",378626,2026-04-26 22:03:39,28.7771701812744,-17.7411231994629,"Unknown"
"5020567",378626,2026-04-26 22:04:39,28.7770862579346,-17.741117477417,"Unknown"
"5020567",378626,2026-04-26 22:05:39,28.7770080566406,-17.7410717010498,"Unknown"
"5020567",378626,2026-04-26 22:06:39,28.7769470214844,-17.7410469055176,"Unknown"
"5020567",378626,2026-04-26 22:07:39,28.7768936157227,-17.7410316467285,"Unknown"
"5020567",378626,2026-04-26 22:08:39,28.7768096923828,-17.7411308288574,"Unknown"
"5020567",378626,2026-04-26 22:09:39,28.7767219543457,-17.7411823272705,"Unknown"
"5020567",378626,2026-04-26 22:10:39,28.7766799926758,-17.7412662506104,"Unknown"
"5020567",378626,2026-04-26 22:11:39,28.7766151428223,-17.7413139343262,"Unknown"
"5020567",378626,2026-04-26 22:12:39,28.7765407562256,-17.7413215637207,"Unknown"
"5020567",378626,2026-04-26 22:13:39,28.7764759063721,-17.7413578033447,"Unknown"
"5020567",378626,2026-04-26 22:14:40,28.7763862609863,-17.7413730621338,"Unknown"
"5020567",378626,2026-04-26 22:15:39,28.7763175964355,-17.7413673400879,"Unknown"
"5020567",378626,2026-04-26 22:16:41,28.7762451171875,-17.7413673400879,"Unknown"
"5020567",378626,2026-04-26 22:17:39,28.7761631011963,-17.7413768768311,"Unknown"
"5020567",378626,2026-04-26 22:18:39,28.7760677337646,-17.7413463592529,"Unknown"
"5020567",378626,2026-04-26 22:19:39,28.7759761810303,-17.7413425445557,"Unknown"
"5020567",378626,2026-04-26 22:20:41,28.7758941650391,-17.7413196563721,"Unknown"
"5020567",378626,2026-04-26 22:21:42,28.7757949829102,-17.7412662506104,"Unknown"
"5020567",378626,2026-04-26 22:22:39,28.7757301330566,-17.7412033081055,"Unknown"
"5020567",378626,2026-04-26 22:23:39,28.7756423950195,-17.7411231994629,"Unknown"
"5020567",378626,2026-04-26 22:24:39,28.7755470275879,-17.7410888671875,"Unknown"
"5020567",378626,2026-04-26 22:25:41,28.7754688262939,-17.7410621643066,"Unknown"
"5020567",378626,2026-04-26 22:26:41,28.7753753662109,-17.7410526275635,"Unknown"
"5020567",378626,2026-04-26 22:27:41,28.7752799987793,-17.741039276123,"Unknown"
"5020567",378626,2026-04-26 22:28:39,28.7752056121826,-17.7410297393799,"Unknown"
"5020567",378626,2026-04-26 22:29:39,28.7751064300537,-17.7409572601318,"Unknown"
"5020567",378626,2026-04-26 22:30:41,28.7750301361084,-17.7409191131592,"Unknown"
"5020567",378626,2026-04-26 22:31:39,28.7749481201172,-17.7409477233887,"Unknown"
"5020567",378626,2026-04-26 22:32:39,28.7748470306396,-17.7410087585449,"Unknown"
"5020567",378626,2026-04-26 22:33:39,28.7747955322266,-17.7409801483154,"Unknown"
"5020567",378626,2026-04-26 22:34:39,28.7747020721436,-17.7409210205078,"Unknown"
"5020567",378626,2026-04-26 22:35:41,28.7746047973633,-17.7409000396729,"Unknown"
"5020567",378626,2026-04-26 22:36:39,28.774528503418,-17.7409534454346,"Unknown"
"5020567",378626,2026-04-26 22:37:39,28.7744464874268,-17.7408828735352,"Unknown"
"5020567",378626,2026-04-26 22:38:39,28.7743511199951,-17.7408618927002,"Unknown"
"5020567",378626,2026-04-26 22:39:39,28.7742977142334,-17.7408885955811,"Unknown"
"5020567",378626,2026-04-26 22:40:39,28.7742195129395,-17.7409114837646,"Unknown"
"5020567",378626,2026-04-26 22:41:39,28.774169921875,-17.740873336792,"Unknown"
"5020567",378626,2026-04-26 22:42:39,28.7741203308105,-17.7408752441406,"Unknown"
"5020567",378626,2026-04-26 22:43:39,28.7740516662598,-17.7408866882324,"Unknown"
"5020567",378626,2026-04-26 22:44:41,28.7740173339844,-17.7408885955811,"Unknown"
"5020567",378626,2026-04-26 22:45:40,28.7739219665527,-17.7409248352051,"Unknown"
"5020567",378626,2026-04-26 22:46:41,28.7738552093506,-17.7408905029297,"Unknown"
"5020567",378626,2026-04-26 22:47:41,28.7737979888916,-17.7408695220947,"Unknown"
"5020567",378626,2026-04-26 22:48:40,28.7737293243408,-17.740837097168,"Unknown"
"5020567",378626,2026-04-26 22:49:39,28.7736358642578,-17.7406692504883,"Unknown"
"5020567",378626,2026-04-26 22:50:40,28.7735862731934,-17.7405662536621,"Unknown"
"5020567",378626,2026-04-26 22:51:40,28.773509979248,-17.7405071258545,"Unknown"
"5020567",378626,2026-04-26 22:52:39,28.773494720459,-17.7404155731201,"Unknown"
"5020567",378626,2026-04-26 22:53:39,28.7734031677246,-17.7403964996338,"Unknown"
"5020567",378626,2026-04-26 22:54:39,28.7733879089355,-17.740306854248,"Unknown"
"5020567",378626,2026-04-26 22:55:39,28.7733039855957,-17.7402515411377,"Unknown"
"5020567",378626,2026-04-26 22:56:39,28.7732238769531,-17.7402362823486,"Unknown"
"5020567",378626,2026-04-26 22:57:39,28.7731838226318,-17.7401504516602,"Unknown"
"5020567",378626,2026-04-26 22:58:39,28.7731418609619,-17.7400875091553,"Unknown"
"5020567",378626,2026-04-26 22:59:39,28.7730751037598,-17.740047454834,"Unknown"
"5020567",378626,2026-04-26 23:00:39,28.7729759216309,-17.7399597167969,"Unknown"
"5020567",378626,2026-04-26 23:01:39,28.7729206085205,-17.739860534668,"Unknown"
"5020567",378626,2026-04-26 23:02:39,28.7728691101074,-17.7397651672363,"Unknown"
"5020567",378626,2026-04-26 23:03:41,28.7728252410889,-17.7397174835205,"Unknown"
"5020567",378626,2026-04-26 23:04:44,28.7727222442627,-17.7396812438965,"Unknown"
"5020567",378626,2026-04-26 23:05:39,28.7730083465576,-17.7430210113525,"Unknown"
"5020567",378626,2026-04-26 23:06:39,28.7751007080078,-17.7440795898438,"Unknown"
"5020567",378626,2026-04-26 23:07:39,28.7750511169434,-17.7440414428711,"Unknown"
"5020567",378626,2026-04-26 23:08:42,28.7750053405762,-17.7440433502197,"Unknown"
"5020567",378626,2026-04-26 23:09:39,28.7749366760254,-17.7440795898438,"Unknown"
"5020567",378626,2026-04-26 23:10:40,28.7748985290527,-17.7440166473389,"Unknown"
"5020567",378626,2026-04-26 23:11:39,28.7748107910156,-17.744026184082,"Unknown"
"5020567",378626,2026-04-26 23:12:40,28.7747383117676,-17.7440280914307,"Unknown"
"5020567",378626,2026-04-26 23:13:39,28.7746810913086,-17.7440357208252,"Unknown"
"5020567",378626,2026-04-26 23:14:39,28.7746162414551,-17.7440299987793,"Unknown"
"5020567",378626,2026-04-26 23:15:40,28.7745475769043,-17.7439842224121,"Unknown"
"5020567",378626,2026-04-26 23:16:40,28.7745208740234,-17.7439498901367,"Unknown"
"5020567",378626,2026-04-26 23:17:40,28.7744655609131,-17.7439117431641,"Unknown"
"5020567",378626,2026-04-26 23:18:39,28.7743873596191,-17.743839263916,"Unknown"
"5020567",378626,2026-04-26 23:19:40,28.7743339538574,-17.7437877655029,"Unknown"
"5020567",378626,2026-04-26 23:20:40,28.7742671966553,-17.743709564209,"Unknown"
"5020567",378626,2026-04-26 23:21:40,28.774206161499,-17.7436370849609,"Unknown"
"5020567",378626,2026-04-26 23:22:40,28.7741527557373,-17.7435836791992,"Unknown"
"5020567",378626,2026-04-26 23:23:40,28.7740917205811,-17.7435245513916,"Unknown"
"5020567",378626,2026-04-26 23:24:39,28.7740592956543,-17.743465423584,"Unknown"
"5020567",378626,2026-04-26 23:25:40,28.7740020751953,-17.7433910369873,"Unknown"
"5020567",378626,2026-04-26 23:26:41,28.7739601135254,-17.7433547973633,"Unknown"
"5020567",378626,2026-04-26 23:28:03,28.7738666534424,-17.7432231903076,"Unknown"
"5020567",378626,2026-04-26 23:28:39,28.7738189697266,-17.7431545257568,"Unknown"
"5020567",378626,2026-04-26 23:29:39,28.7737579345703,-17.7430801391602,"Unknown"
"5020567",378626,2026-04-26 23:30:39,28.7736721038818,-17.743034362793,"Unknown"
"5020567",378626,2026-04-26 23:31:39,28.7736034393311,-17.7429294586182,"Unknown"
"5020567",378626,2026-04-26 23:32:39,28.7735538482666,-17.7428512573242,"Unknown"
"5020567",378626,2026-04-26 23:33:39,28.7735137939453,-17.7427749633789,"Unknown"
"5020567",378626,2026-04-26 23:34:39,28.7734756469727,-17.7426605224609,"Unknown"
"5020567",378626,2026-04-26 23:35:52,28.7734069824219,-17.7424945831299,"Unknown"
"5020567",378626,2026-04-26 23:36:39,28.7733612060547,-17.7424144744873,"Unknown"
"5020567",378626,2026-04-26 23:37:39,28.7733306884766,-17.7423114776611,"Unknown"
"5020567",378626,2026-04-26 23:38:39,28.773286819458,-17.7422332763672,"Unknown"
"5020567",378626,2026-04-26 23:39:39,28.7732315063477,-17.7421684265137,"Unknown"
"5020567",378626,2026-04-26 23:40:39,28.77317237854,-17.742094039917,"Unknown"
"5020567",378626,2026-04-26 23:41:39,28.7731647491455,-17.7419929504395,"Unknown"
"5020567",378626,2026-04-26 23:42:39,28.7731666564941,-17.7419013977051,"Unknown"
"5020567",378626,2026-04-26 23:43:39,28.77317237854,-17.7418117523193,"Unknown"
"5020567",378626,2026-04-26 23:44:39,28.773157119751,-17.7417144775391,"Unknown"
"5020567",378626,2026-04-26 23:45:39,28.7731037139893,-17.7416076660156,"Unknown"
"5020567",378626,2026-04-26 23:46:39,28.7730770111084,-17.7415046691895,"Unknown"
"5020567",378626,2026-04-26 23:47:39,28.7730693817139,-17.7414417266846,"Unknown"
"5020567",378626,2026-04-26 23:48:39,28.7730350494385,-17.7413482666016,"Unknown"
"5020567",378626,2026-04-26 23:49:39,28.7730083465576,-17.7412242889404,"Unknown"
"5020567",378626,2026-04-26 23:50:39,28.7729797363281,-17.7411365509033,"Unknown"
"5020567",378626,2026-04-26 23:51:39,28.7729454040527,-17.7410125732422,"Unknown"
"5020567",378626,2026-04-26 23:52:39,28.7729167938232,-17.7408714294434,"Unknown"
"5020567",378626,2026-04-26 23:53:39,28.7728786468506,-17.740743637085,"Unknown"
"5020567",378626,2026-04-26 23:54:39,28.7728500366211,-17.7406024932861,"Unknown"
"5020567",378626,2026-04-26 23:55:39,28.7727966308594,-17.740421295166,"Unknown"
"5020567",378626,2026-04-26 23:56:39,28.7727489471436,-17.7402667999268,"Unknown"
"5020567",378626,2026-04-26 23:57:39,28.7726707458496,-17.7400970458984,"Unknown"
"5020567",378626,2026-04-26 23:58:39,28.7726135253906,-17.7399787902832,"Unknown"
"5020567",378626,2026-04-26 23:59:39,28.7725772857666,-17.7398128509521,"Unknown"
"5020567",378626,2026-04-27 00:00:39,28.7725372314453,-17.7396907806396,"Unknown"
"5020567",378626,2026-04-27 00:01:39,28.772481918335,-17.73952293396,"Unknown"
"5020567",378626,2026-04-27 00:02:39,28.7724590301514,-17.7393951416016,"Unknown"
"5020567",378626,2026-04-27 00:03:39,28.7724380493164,-17.7392845153809,"Unknown"
"5020567",378626,2026-04-27 00:04:39,28.7723979949951,-17.739143371582,"Unknown"
"5020567",378626,2026-04-27 00:05:39,28.7723522186279,-17.7390308380127,"Unknown"
"5020567",378626,2026-04-27 00:06:39,28.7723293304443,-17.738956451416,"Unknown"
"5020567",378626,2026-04-27 00:07:39,28.7723217010498,-17.7388515472412,"Unknown"
"5020567",378626,2026-04-27 00:08:39,28.7723140716553,-17.7387638092041,"Unknown"
"5020567",378626,2026-04-27 00:09:39,28.7723007202148,-17.7386627197266,"Unknown"
"5020567",378626,2026-04-27 00:10:39,28.7723236083984,-17.7385444641113,"Unknown"
"5020567",378626,2026-04-27 00:11:39,28.7723274230957,-17.7384586334229,"Unknown"
"5020567",378626,2026-04-27 00:12:39,28.7723350524902,-17.7383823394775,"Unknown"
"5020567",378626,2026-04-27 00:13:39,28.7723369598389,-17.7382907867432,"Unknown"
"5020567",378626,2026-04-27 00:14:39,28.7723522186279,-17.7381477355957,"Unknown"
"5020567",378626,2026-04-27 00:15:39,28.7723560333252,-17.7380523681641,"Unknown"
"5020567",378626,2026-04-27 00:16:39,28.7723808288574,-17.737922668457,"Unknown"
"5020567",378626,2026-04-27 00:17:39,28.7723751068115,-17.7377891540527,"Unknown"
"5020567",378626,2026-04-27 00:18:39,28.7724094390869,-17.7376823425293,"Unknown"
"5020567",378626,2026-04-27 00:19:39,28.7724056243896,-17.737585067749,"Unknown"
"5020567",378626,2026-04-27 00:20:39,28.772403717041,-17.7374515533447,"Unknown"
"5020567",378626,2026-04-27 00:21:39,28.7724018096924,-17.7373657226562,"Unknown"
"5020567",378626,2026-04-27 00:22:39,28.7724266052246,-17.7372512817383,"Unknown"
"5020567",378626,2026-04-27 00:23:39,28.7724285125732,-17.7371368408203,"Unknown"
"5020567",378626,2026-04-27 00:24:39,28.7724437713623,-17.7369976043701,"Unknown"
"5020567",378626,2026-04-27 00:25:39,28.7724914550781,-17.7368927001953,"Unknown"
"5020567",378626,2026-04-27 00:26:39,28.7725086212158,-17.7368125915527,"Unknown"
"5020567",378626,2026-04-27 00:27:39,28.7725410461426,-17.7367477416992,"Unknown"
"5020567",378626,2026-04-27 00:28:39,28.7726135253906,-17.7367057800293,"Unknown"
"5020567",378626,2026-04-27 00:29:39,28.7726211547852,-17.7366523742676,"Unknown"
"5020567",378626,2026-04-27 00:30:39,28.772647857666,-17.73659324646,"Unknown"
"5020567",378626,2026-04-27 00:31:39,28.7726898193359,-17.7365550994873,"Unknown"
"5020567",378626,2026-04-27 00:32:39,28.7727012634277,-17.7365303039551,"Unknown"
"5020567",378626,2026-04-27 00:33:39,28.7726974487305,-17.7364807128906,"Unknown"
"5020567",378626,2026-04-27 00:34:40,28.7727203369141,-17.7363986968994,"Unknown"
"5020567",378626,2026-04-27 00:35:39,28.7727546691895,-17.7363891601562,"Unknown"
"5020567",378626,2026-04-27 00:36:39,28.7728023529053,-17.7363681793213,"Unknown"
"5020567",378626,2026-04-27 00:37:39,28.7728748321533,-17.7363109588623,"Unknown"
"5020567",378626,2026-04-27 00:38:39,28.7729263305664,-17.7362747192383,"Unknown"
"5020567",378626,2026-04-27 00:39:39,28.7730293273926,-17.7362632751465,"Unknown"
"5020567",378626,2026-04-27 00:40:39,28.7730922698975,-17.7362251281738,"Unknown"
"5020567",378626,2026-04-27 00:41:39,28.7730903625488,-17.7361736297607,"Unknown"
"5020567",378626,2026-04-27 00:42:39,28.7731037139893,-17.7361812591553,"Unknown"
"5020567",378626,2026-04-27 00:43:39,28.7731304168701,-17.7361392974854,"Unknown"
"5020567",378626,2026-04-27 00:44:40,28.7731590270996,-17.7361125946045,"Unknown"
"5020567",378626,2026-04-27 00:45:39,28.7731742858887,-17.7360687255859,"Unknown"
"5020567",378626,2026-04-27 00:46:39,28.7732124328613,-17.7360649108887,"Unknown"
"5020567",378626,2026-04-27 00:47:39,28.7732620239258,-17.7360134124756,"Unknown"
"5020567",378626,2026-04-27 00:48:41,28.7733364105225,-17.7359485626221,"Unknown"
"5020567",378626,2026-04-27 00:49:39,28.7733955383301,-17.7358989715576,"Unknown"
"5020567",378626,2026-04-27 00:50:39,28.7734718322754,-17.7358589172363,"Unknown"
"5020567",378626,2026-04-27 00:51:39,28.7735061645508,-17.7358493804932,"Unknown"
"5020567",378626,2026-04-27 00:52:39,28.7735366821289,-17.7358283996582,"Unknown"
"5020567",378626,2026-04-27 00:53:39,28.7736034393311,-17.7357788085938,"Unknown"
"5020567",378626,2026-04-27 00:54:40,28.7736358642578,-17.7358016967773,"Unknown"
"5020567",378626,2026-04-27 00:55:41,28.7737350463867,-17.7357997894287,"Unknown"
"5020567",378626,2026-04-27 00:56:39,28.7737865447998,-17.7358093261719,"Unknown"
"5020567",378626,2026-04-27 00:57:39,28.7738742828369,-17.7358341217041,"Unknown"
"5020567",378626,2026-04-27 00:58:39,28.7739353179932,-17.7358207702637,"Unknown"
"5020567",378626,2026-04-27 00:59:39,28.7740383148193,-17.7358417510986,"Unknown"
"5020567",378626,2026-04-27 01:00:39,28.774076461792,-17.7358722686768,"Unknown"
"5020567",378626,2026-04-27 01:01:40,28.7741546630859,-17.7358875274658,"Unknown"
"5020567",378626,2026-04-27 01:02:40,28.7741928100586,-17.7358779907227,"Unknown"
"5020567",378626,2026-04-27 01:03:42,28.774263381958,-17.7359294891357,"Unknown"
"5020567",378626,2026-04-27 01:04:42,28.7742671966553,-17.735990524292,"Unknown"
"5020567",378626,2026-04-27 01:05:40,28.7743148803711,-17.7359733581543,"Unknown"
"5020567",378626,2026-04-27 01:06:39,28.7743473052979,-17.7360324859619,"Unknown"
"5020567",378626,2026-04-27 01:07:41,28.7744007110596,-17.7360782623291,"Unknown"
"5020567",378626,2026-04-27 01:08:39,28.7744274139404,-17.7360401153564,"Unknown"
"5020567",378626,2026-04-27 01:09:41,28.7745189666748,-17.7360763549805,"Unknown"
"5020567",378626,2026-04-27 01:10:41,28.7745056152344,-17.7361125946045,"Unknown"
"5020567",378626,2026-04-27 01:11:39,28.7745208740234,-17.7361507415771,"Unknown"
"5020567",378626,2026-04-27 01:12:41,28.7745723724365,-17.7361488342285,"Unknown"
"5020567",378626,2026-04-27 01:13:41,28.7746353149414,-17.7361946105957,"Unknown"
"5020567",378626,2026-04-27 01:14:39,28.7746715545654,-17.7361850738525,"Unknown"
"5020567",378626,2026-04-27 01:15:44,28.7747383117676,-17.7362194061279,"Unknown"
"5020567",378626,2026-04-27 01:16:43,28.7747917175293,-17.7362613677979,"Unknown"
"5020567",378626,2026-04-27 01:17:39,28.7747936248779,-17.7362861633301,"Unknown"
"5020567",378626,2026-04-27 01:18:43,28.7748508453369,-17.7363014221191,"Unknown"
"5020567",378626,2026-04-27 01:19:40,28.7748775482178,-17.7363452911377,"Unknown"
"5020567",378626,2026-04-27 01:20:39,28.7749557495117,-17.736349105835,"Unknown"
"5020567",378626,2026-04-27 01:21:39,28.7749843597412,-17.736421585083,"Unknown"
"5020567",378626,2026-04-27 01:22:46,28.7750625610352,-17.7364616394043,"Unknown"
"5020567",378626,2026-04-27 01:23:42,28.7751445770264,-17.7365455627441,"Unknown"
"5020567",378626,2026-04-27 01:24:43,28.7752208709717,-17.7366046905518,"Unknown"
"5020567",378626,2026-04-27 01:25:40,28.7752571105957,-17.7366104125977,"Unknown"
"5020567",378626,2026-04-27 01:26:43,28.7753257751465,-17.7367382049561,"Unknown"
"5020567",378626,2026-04-27 01:27:42,28.7754020690918,-17.7367496490479,"Unknown"
"5020567",378626,2026-04-27 01:28:39,28.7754383087158,-17.7367534637451,"Unknown"
"5020567",378626,2026-04-27 01:29:45,28.7755165100098,-17.7367553710938,"Unknown"
"5020567",378626,2026-04-27 01:30:46,28.7755603790283,-17.7367153167725,"Unknown"
"5020567",378626,2026-04-27 01:31:44,28.7755718231201,-17.7366962432861,"Unknown"
"5020567",378626,2026-04-27 01:32:40,28.7756366729736,-17.7367458343506,"Unknown"
"5020567",378626,2026-04-27 01:33:42,28.7757434844971,-17.7367115020752,"Unknown"
"5020567",378626,2026-04-27 01:34:41,28.7758140563965,-17.736722946167,"Unknown"
"5020567",378626,2026-04-27 01:35:39,28.7758541107178,-17.73681640625,"Unknown"
"5020567",378626,2026-04-27 01:36:53,28.7759819030762,-17.736909866333,"Unknown"
"5020567",378626,2026-04-27 01:37:41,28.7760391235352,-17.7369213104248,"Unknown"
"5020567",378626,2026-04-27 01:38:42,28.7760601043701,-17.7368984222412,"Unknown"
"5020567",378626,2026-04-27 01:39:42,28.7761096954346,-17.7368869781494,"Unknown"
"5020567",378626,2026-04-27 01:40:41,28.7762050628662,-17.736946105957,"Unknown"
"5020567",378626,2026-04-27 01:41:44,28.7763137817383,-17.7369327545166,"Unknown"
"5020567",378626,2026-04-27 01:42:43,28.7763347625732,-17.736888885498,"Unknown"
"5020567",378626,2026-04-27 01:43:42,28.7763996124268,-17.7369174957275,"Unknown"
"5020567",378626,2026-04-27 01:44:44,28.7764511108398,-17.7369213104248,"Unknown"
"5020567",378626,2026-04-27 01:46:03,28.776517868042,-17.7369632720947,"Unknown"
"5020567",378626,2026-04-27 01:46:39,28.7765693664551,-17.7370052337646,"Unknown"
"5020567",378626,2026-04-27 01:56:39,28.7772159576416,-17.737154006958,"Unknown"
"5020567",378626,2026-04-27 01:57:39,28.7773056030273,-17.7371501922607,"Unknown"
"5020567",378626,2026-04-27 02:07:39,28.778226852417,-17.7375297546387,"Unknown"
"5020567",378626,2026-04-27 02:17:39,28.7790927886963,-17.7381381988525,"Unknown"
"5020567",378626,2026-04-27 02:27:39,28.7799797058105,-17.7386035919189,"Unknown"
"5020567",378626,2026-04-27 02:37:39,28.7807846069336,-17.7394866943359,"Unknown"
"5020567",378626,2026-04-27 02:47:39,28.7819347381592,-17.7401332855225,"Unknown"
"5020567",378626,2026-04-27 02:48:39,28.7820663452148,-17.7401466369629,"Unknown"
"5020567",378626,2026-04-27 02:58:39,28.7831726074219,-17.7413101196289,"Unknown"
"5020567",378626,2026-04-27 02:59:39,28.7832832336426,-17.7413635253906,"Unknown"
"5020567",378626,2026-04-27 03:09:41,28.7843189239502,-17.7418613433838,"Unknown"
"5020567",378626,2026-04-27 03:19:39,28.7709655761719,-17.7369594573975,"Unknown"
"5020567",378626,2026-04-27 03:29:39,28.7347183227539,-17.7306613922119,"Unknown"
"5020567",378626,2026-04-27 03:39:39,28.7006206512451,-17.7554492950439,"Unknown"
"5020567",378626,2026-04-27 03:40:39,28.7032051086426,-17.7538509368896,"Unknown"
"5020567",378626,2026-04-27 03:50:40,28.7169761657715,-17.7234992980957,"Unknown"
"5020567",378626,2026-04-27 03:51:39,28.7191162109375,-17.7216701507568,"Unknown"
"5020567",378626,2026-04-27 04:02:02,28.7379283905029,-17.7261161804199,"Unknown"
"5020567",378626,2026-04-27 04:11:41,28.7509117126465,-17.7363815307617,"Unknown"
"5020567",378626,2026-04-27 04:21:39,28.7042274475098,-17.7497005462646,"Unknown"
"5020567",378626,2026-04-27 04:31:41,28.6788864135742,-17.7582015991211,"Unknown"
"5020567",378626,2026-04-27 04:41:41,28.7074108123779,-17.7580451965332,"Unknown"
"5020567",378626,2026-04-27 04:51:41,28.6992797851562,-17.7535591125488,"Unknown"
"5020567",378626,2026-04-27 05:01:40,28.6861381530762,-17.7327671051025,"Unknown"
"5020567",378626,2026-04-27 05:11:40,28.683443069458,-17.7286415100098,"Unknown"
"5020567",378626,2026-04-27 05:22:03,28.6826591491699,-17.7284164428711,"Unknown"
"5020567",378626,2026-04-27 05:31:39,28.681999206543,-17.7285060882568,"Unknown"
"5020567",378626,2026-04-27 05:41:43,28.6814880371094,-17.729076385498,"Unknown"
"5020567",378626,2026-04-27 05:51:39,28.6811180114746,-17.7269592285156,"Unknown"
"5020567",378626,2026-04-27 06:01:39,28.7015228271484,-17.7156295776367,"Unknown"
"5020567",378626,2026-04-27 06:11:39,28.7298431396484,-17.7124309539795,"Unknown"
"5020567",378626,2026-04-27 06:21:39,28.7388458251953,-17.7094173431396,"Unknown"
"5020567",378626,2026-04-27 06:31:39,28.7477226257324,-17.7121162414551,"Unknown"
"5020567",378626,2026-04-27 06:41:39,28.7676448822021,-17.7271518707275,"Unknown"
"5020567",378626,2026-04-27 06:51:39,28.775074005127,-17.7298831939697,"Unknown"
"5020567",378626,2026-04-27 07:01:39,28.78782081604,-17.7420921325684,"Unknown"
"5020567",378626,2026-04-27 07:11:39,28.7863903045654,-17.7427291870117,"Unknown"
"5020567",378626,2026-04-27 07:21:39,28.7657337188721,-17.7175445556641,"Unknown"
"5020567",378626,2026-04-27 07:31:39,28.7562294006348,-17.7164287567139,"Unknown"
"5020567",378626,2026-04-27 07:41:39,28.7576179504395,-17.7196922302246,"Unknown"
"5020567",378626,2026-04-27 07:51:40,28.7557678222656,-17.7136268615723,"Unknown"
"5020567",378626,2026-04-27 08:02:02,28.7532978057861,-17.7143020629883,"Unknown"
"5020567",378626,2026-04-27 08:11:39,28.7579536437988,-17.7221984863281,"Unknown"
"5020567",378626,2026-04-27 08:17:03,28.7640991210938,-17.7171192169189,"Unknown"
"5020567",378626,2026-04-27 08:21:39,28.7647266387939,-17.7175693511963,"Unknown"
"5020567",378626,2026-04-27 08:26:39,28.7653541564941,-17.7179756164551,"Unknown"
"5020567",378626,2026-04-27 08:31:39,28.773811340332,-17.729585647583,"Unknown"
"5020567",378626,2026-04-27 08:36:39,28.773998260498,-17.7201290130615,"Unknown"
"5020567",378626,2026-04-27 08:37:39,28.7730388641357,-17.7150058746338,"Unknown"
"5020567",378626,2026-04-27 08:42:40,28.7795658111572,-17.7165927886963,"Unknown"
"5020567",378626,2026-04-27 08:47:39,28.7754344940186,-17.7254962921143,"Unknown"
"5020567",378626,2026-04-27 08:52:39,28.7748603820801,-17.726676940918,"Unknown"
"5020567",378626,2026-04-27 08:53:39,28.7751274108887,-17.7263031005859,"Unknown"
"5020567",378626,2026-04-27 08:54:39,28.7743797302246,-17.7257041931152,"Unknown"
"5020567",378626,2026-04-27 08:55:39,28.7745666503906,-17.7264518737793,"Unknown"
"5020567",378626,2026-04-27 08:56:39,28.774019241333,-17.7272796630859,"Unknown"
"5020567",378626,2026-04-27 08:57:40,28.7738647460938,-17.7277355194092,"Unknown"
"5020567",378626,2026-04-27 08:58:39,28.7740154266357,-17.727991104126,"Unknown"
"5020567",378626,2026-04-27 08:59:39,28.7737293243408,-17.7279682159424,"Unknown"
"5020567",378626,2026-04-27 09:00:39,28.7734069824219,-17.7291889190674,"Unknown"
"5020567",378626,2026-04-27 09:01:39,28.7734813690186,-17.7304172515869,"Unknown"
"5020567",378626,2026-04-27 09:02:39,28.7714824676514,-17.7294368743896,"Unknown"
"5020567",378626,2026-04-27 09:03:39,28.7717380523682,-17.7290420532227,"Unknown"
"5020567",378626,2026-04-27 09:04:39,28.7718143463135,-17.7291603088379,"Unknown"
"5020567",378626,2026-04-27 09:05:39,28.7719058990479,-17.7292804718018,"Unknown"
"5020567",378626,2026-04-27 09:06:42,28.7719974517822,-17.7294273376465,"Unknown"
"5020567",378626,2026-04-27 09:07:39,28.7720947265625,-17.729564666748,"Unknown"
"5020567",378626,2026-04-27 09:08:39,28.7722072601318,-17.7297077178955,"Unknown"
"5020567",378626,2026-04-27 09:09:40,28.7723159790039,-17.7298240661621,"Unknown"
"5020567",378626,2026-04-27 09:10:39,28.7724208831787,-17.7299880981445,"Unknown"
"5020567",378626,2026-04-27 09:11:40,28.7725238800049,-17.7301254272461,"Unknown"
"5020567",378626,2026-04-27 09:12:40,28.772611618042,-17.7302589416504,"Unknown"
"5020567",378626,2026-04-27 09:13:39,28.7726974487305,-17.7304420471191,"Unknown"
"5020567",378626,2026-04-27 09:14:41,28.7728004455566,-17.7305698394775,"Unknown"
"5020567",378626,2026-04-27 09:15:39,28.7728996276855,-17.7306900024414,"Unknown"
"5020567",378626,2026-04-27 09:16:41,28.7730159759521,-17.7307910919189,"Unknown"
"5020567",378626,2026-04-27 09:17:40,28.7731056213379,-17.7309188842773,"Unknown"
"5020567",378626,2026-04-27 09:18:40,28.7731666564941,-17.7310409545898,"Unknown"
"5020567",378626,2026-04-27 09:19:42,28.7732543945312,-17.7311134338379,"Unknown"
"5020567",378626,2026-04-27 09:20:39,28.7733211517334,-17.7311820983887,"Unknown"
"5020567",378626,2026-04-27 09:21:42,28.7734146118164,-17.7313213348389,"Unknown"
"5020567",378626,2026-04-27 09:22:39,28.7735157012939,-17.7314109802246,"Unknown"
"5020567",378626,2026-04-27 09:23:40,28.7735996246338,-17.7315158843994,"Unknown"
"5020567",378626,2026-04-27 09:24:41,28.7738285064697,-17.7314758300781,"Unknown"
"5020567",378626,2026-04-27 09:25:41,28.7758197784424,-17.7286853790283,"Unknown"
"5020567",378626,2026-04-27 09:26:39,28.7786560058594,-17.725549697876,"Unknown"
"5020567",378626,2026-04-27 09:27:39,28.7788219451904,-17.7246894836426,"Unknown"
"5020567",378626,2026-04-27 09:28:40,28.7786235809326,-17.7258720397949,"Unknown"
"5020567",378626,2026-04-27 09:33:41,28.769811630249,-17.7207851409912,"Unknown"
"5020567",378626,2026-04-27 09:34:39,28.7699642181396,-17.7205352783203,"Unknown"
"5020567",378626,2026-04-27 09:39:39,28.7710933685303,-17.72727394104,"Unknown"
"5020567",378626,2026-04-27 09:44:42,28.7674789428711,-17.7250003814697,"Unknown"
"5020567",378626,2026-04-27 09:45:40,28.7676296234131,-17.7252578735352,"Unknown"
"5020567",378626,2026-04-27 09:46:39,28.76513671875,-17.7239074707031,"Unknown"
"5020567",378626,2026-04-27 09:47:41,28.7649822235107,-17.7234001159668,"Unknown"
"5020567",378626,2026-04-27 09:52:39,28.7623596191406,-17.7206497192383,"Unknown"
"5020567",378626,2026-04-27 09:57:39,28.7642459869385,-17.7196445465088,"Unknown"
"5020567",378626,2026-04-27 10:02:42,28.7652225494385,-17.7205123901367,"Unknown"
"5020567",378626,2026-04-27 10:07:41,28.7661380767822,-17.7217407226562,"Unknown"
"5020567",378626,2026-04-27 10:12:39,28.7654438018799,-17.7215404510498,"Unknown"
"5020567",378626,2026-04-27 10:17:42,28.7593574523926,-17.7182369232178,"Unknown"
"5020567",378626,2026-04-27 10:22:41,28.7692718505859,-17.7240772247314,"Unknown"
"5020567",378626,2026-04-27 10:27:46,28.7712955474854,-17.7260150909424,"Unknown"
"5020567",378626,2026-04-27 10:32:43,28.7718753814697,-17.7269306182861,"Unknown"
"5020567",378626,2026-04-27 10:33:44,28.7719974517822,-17.7270793914795,"Unknown"
"5020567",378626,2026-04-27 10:34:45,28.7720813751221,-17.7272872924805,"Unknown"
"5020567",378626,2026-04-27 10:35:43,28.7721138000488,-17.7275314331055,"Unknown"
"5020567",378626,2026-04-27 10:36:45,28.7722434997559,-17.7277164459229,"Unknown"
"5020567",378626,2026-04-27 10:37:42,28.7723217010498,-17.7278957366943,"Unknown"
"5020567",378626,2026-04-27 10:38:43,28.7724170684814,-17.7281227111816,"Unknown"
"5020567",378626,2026-04-27 10:39:46,28.7724800109863,-17.7283878326416,"Unknown"
"5020567",378626,2026-04-27 10:40:50,28.7725868225098,-17.7286262512207,"Unknown"
"5020567",378626,2026-04-27 10:41:46,28.7726669311523,-17.7288646697998,"Unknown"
"5020567",378626,2026-04-27 10:42:43,28.7727642059326,-17.7291107177734,"Unknown"
"5020567",378626,2026-04-27 10:44:03,28.7729091644287,-17.7294273376465,"Unknown"
"5020567",378626,2026-04-27 10:44:39,28.7729816436768,-17.7295188903809,"Unknown"
"5020567",378626,2026-04-27 10:45:39,28.7730464935303,-17.7297496795654,"Unknown"
"5020567",378626,2026-04-27 10:46:39,28.7731475830078,-17.7299480438232,"Unknown"
"5020567",378626,2026-04-27 10:47:40,28.7732410430908,-17.7301120758057,"Unknown"
"5020567",378626,2026-04-27 10:48:40,28.7732963562012,-17.7303047180176,"Unknown"
"5020567",378626,2026-04-27 10:49:39,28.773401260376,-17.7304744720459,"Unknown"
"5020567",378626,2026-04-27 10:50:40,28.7734928131104,-17.7305927276611,"Unknown"
"5020567",378626,2026-04-27 10:51:39,28.7735538482666,-17.7307357788086,"Unknown"
"5020567",378626,2026-04-27 10:52:39,28.7736415863037,-17.730899810791,"Unknown"
"5020567",378626,2026-04-27 10:53:39,28.7737789154053,-17.731107711792,"Unknown"
"5020567",378626,2026-04-27 10:54:39,28.7739200592041,-17.7313251495361,"Unknown"
"5020567",378626,2026-04-27 10:55:39,28.7740421295166,-17.7315673828125,"Unknown"
"5020567",378626,2026-04-27 10:56:39,28.7741222381592,-17.7317581176758,"Unknown"
"5020567",378626,2026-04-27 10:57:39,28.7753734588623,-17.7337913513184,"Unknown"
"5020567",378626,2026-04-27 10:58:39,28.7756023406982,-17.7404232025146,"Unknown"
"5020567",378626,2026-04-27 10:59:40,28.7751998901367,-17.7410755157471,"Unknown"
"5020567",378626,2026-04-27 11:00:39,28.775053024292,-17.7402400970459,"Unknown"
"5020567",378626,2026-04-27 11:01:40,28.7739944458008,-17.7407035827637,"Unknown"
"5020567",378626,2026-04-27 11:02:39,28.7739124298096,-17.7406883239746,"Unknown"
"5020567",378626,2026-04-27 11:03:39,28.7738513946533,-17.7407112121582,"Unknown"
"5020567",378626,2026-04-27 11:04:39,28.7737884521484,-17.7407703399658,"Unknown"
"5020567",378626,2026-04-27 11:05:39,28.7737083435059,-17.7408142089844,"Unknown"
"5020567",378626,2026-04-27 11:06:39,28.7736663818359,-17.7408504486084,"Unknown"
"5020567",378626,2026-04-27 11:07:39,28.7736034393311,-17.7408504486084,"Unknown"
"5020567",378626,2026-04-27 11:08:39,28.7735347747803,-17.7409172058105,"Unknown"
"5020567",378626,2026-04-27 11:09:40,28.7734851837158,-17.7409343719482,"Unknown"
"5020567",378626,2026-04-27 11:10:39,28.7734260559082,-17.7409782409668,"Unknown"
"5020567",378626,2026-04-27 11:11:39,28.7733764648438,-17.7410354614258,"Unknown"
"5020567",378626,2026-04-27 11:12:39,28.7732772827148,-17.7410583496094,"Unknown"
"5020567",378626,2026-04-27 11:13:39,28.7732086181641,-17.7410640716553,"Unknown"
"5020567",378626,2026-04-27 11:14:39,28.7731533050537,-17.741096496582,"Unknown"
"5020567",378626,2026-04-27 11:15:40,28.7730731964111,-17.7411556243896,"Unknown"
"5020567",378626,2026-04-27 11:16:39,28.7729873657227,-17.7411880493164,"Unknown"
"5020567",378626,2026-04-27 11:17:39,28.7729091644287,-17.7412185668945,"Unknown"
"5020567",378626,2026-04-27 11:18:40,28.7728118896484,-17.7412528991699,"Unknown"
"5020567",378626,2026-04-27 11:19:39,28.7727508544922,-17.7412796020508,"Unknown"
"5020567",378626,2026-04-27 11:20:39,28.7726821899414,-17.7413368225098,"Unknown"
"5020567",378626,2026-04-27 11:21:39,28.7726039886475,-17.7413387298584,"Unknown"
"5020567",378626,2026-04-27 11:22:39,28.772533416748,-17.7413368225098,"Unknown"
"5020567",378626,2026-04-27 11:23:40,28.772481918335,-17.7413520812988,"Unknown"
"5020567",378626,2026-04-27 11:24:40,28.7724437713623,-17.7413520812988,"Unknown"
"5020567",378626,2026-04-27 11:25:40,28.7723846435547,-17.7413902282715,"Unknown"
"5020567",378626,2026-04-27 11:26:41,28.7723236083984,-17.7414321899414,"Unknown"
"5020567",378626,2026-04-27 11:27:40,28.7737731933594,-17.7428283691406,"Unknown"
"5020567",378626,2026-04-27 11:28:39,28.777515411377,-17.7453269958496,"Unknown"
"5020567",378626,2026-04-27 11:29:39,28.7817058563232,-17.7466697692871,"Unknown"
"5020567",378626,2026-04-27 11:30:40,28.7858734130859,-17.7474060058594,"Unknown"
"5020567",378626,2026-04-27 11:31:40,28.7902717590332,-17.7476978302002,"Unknown"
"5020567",378626,2026-04-27 11:32:40,28.794792175293,-17.7482471466064,"Unknown"
"5020567",378626,2026-04-27 11:33:40,28.7986373901367,-17.7516117095947,"Unknown"
"5020567",378626,2026-04-27 11:34:40,28.8025245666504,-17.7544918060303,"Unknown"
"5020567",378626,2026-04-27 11:35:40,28.8072185516357,-17.754861831665,"Unknown"
"5020567",378626,2026-04-27 11:36:40,28.811544418335,-17.7540817260742,"Unknown"
"5020567",378626,2026-04-27 11:37:40,28.8156604766846,-17.7553176879883,"Unknown"
"5020567",378626,2026-04-27 11:38:40,28.8196239471436,-17.7580642700195,"Unknown"
"5020567",378626,2026-04-27 11:39:41,28.8241882324219,-17.7594871520996,"Unknown"
"5020567",378626,2026-04-27 11:40:40,28.8284111022949,-17.7619552612305,"Unknown"
"5020567",378626,2026-04-27 11:41:41,28.8320388793945,-17.7640171051025,"Unknown"
"5020567",378626,2026-04-27 11:42:40,28.8354873657227,-17.7680130004883,"Unknown"
"5020567",378626,2026-04-27 11:43:40,28.8392963409424,-17.7721767425537,"Unknown"
"5020567",378626,2026-04-27 11:44:40,28.8430824279785,-17.7768898010254,"Unknown"
"5020567",378626,2026-04-27 11:45:40,28.8466548919678,-17.7811527252197,"Unknown"
"5020567",378626,2026-04-27 11:46:39,28.8484992980957,-17.7877807617188,"Unknown"
"5020567",378626,2026-04-27 11:47:42,28.8510608673096,-17.793327331543,"Unknown"
"5020567",378626,2026-04-27 11:48:41,28.8539695739746,-17.7989044189453,"Unknown"
"5020567",378626,2026-04-27 11:49:40,28.8564624786377,-17.800163269043,"Unknown"
"5020567",378626,2026-04-27 11:50:41,28.8563957214355,-17.8001976013184,"Unknown"
"5020567",378626,2026-04-27 11:51:40,28.8563613891602,-17.8001747131348,"Unknown"
"5020567",378626,2026-04-27 11:52:42,28.8563556671143,-17.8001270294189,"Unknown"
"5020567",378626,2026-04-27 11:53:42,28.8563480377197,-17.8001251220703,"Unknown"
"5020567",378626,2026-04-27 11:54:42,28.8563270568848,-17.8001747131348,"Unknown"
"5020567",378626,2026-04-27 11:56:03,28.8562965393066,-17.8003025054932,"Unknown"
"5020567",378626,2026-04-27 11:56:39,28.8562812805176,-17.8003826141357,"Unknown"
"5020567",378626,2026-04-27 11:57:39,28.8562450408936,-17.8004760742188,"Unknown"
"5020567",378626,2026-04-27 11:58:39,28.8562164306641,-17.8005752563477,"Unknown"
"5020567",378626,2026-04-27 11:59:39,28.8561840057373,-17.8006687164307,"Unknown"
"5020567",378626,2026-04-27 12:00:39,28.8561248779297,-17.8036212921143,"Unknown"
"5020567",378626,2026-04-27 12:01:39,28.8560657501221,-17.8036823272705,"Unknown"
"5020567",378626,2026-04-27 12:02:39,28.8560371398926,-17.8039112091064,"Unknown"
"5020567",378626,2026-04-27 12:03:41,28.856029510498,-17.8038883209229,"Unknown"
"5020567",378626,2026-04-27 12:04:39,28.856014251709,-17.803882598877,"Unknown"
"5020567",378626,2026-04-27 12:05:40,28.8560371398926,-17.803861618042,"Unknown"
"5020567",378626,2026-04-27 12:06:39,28.8560276031494,-17.803825378418,"Unknown"
"5020567",378626,2026-04-27 12:07:39,28.8560447692871,-17.8038005828857,"Unknown"
"5020567",378626,2026-04-27 12:08:39,28.8560314178467,-17.8037757873535,"Unknown"
"5020567",378626,2026-04-27 12:09:39,28.8559970855713,-17.8037395477295,"Unknown"
"5020567",378626,2026-04-27 12:10:39,28.8560028076172,-17.8037338256836,"Unknown"
"5020567",378626,2026-04-27 12:11:39,28.8581790924072,-17.811014175415,"Unknown"
"5020567",378626,2026-04-27 12:12:39,28.8579692840576,-17.8138236999512,"Unknown"
"5020567",378626,2026-04-27 12:13:39,28.8579883575439,-17.8133888244629,"Unknown"
"5020567",378626,2026-04-27 12:14:39,28.8580093383789,-17.8133563995361,"Unknown"
"5020567",378626,2026-04-27 12:15:39,28.8580131530762,-17.8136882781982,"Unknown"
"5020567",378626,2026-04-27 12:16:39,28.8573474884033,-17.8141593933105,"Unknown"
"5020567",378626,2026-04-27 12:17:39,28.8573589324951,-17.8141098022461,"Unknown"
"5020567",378626,2026-04-27 12:18:39,28.8574275970459,-17.8140563964844,"Unknown"
"5020567",378626,2026-04-27 12:19:39,28.8574752807617,-17.8140411376953,"Unknown"
"5020567",378626,2026-04-27 12:20:39,28.8575592041016,-17.8140144348145,"Unknown"
"5020567",378626,2026-04-27 12:21:39,28.8576412200928,-17.8139915466309,"Unknown"
"5020567",378626,2026-04-27 12:22:39,28.8577079772949,-17.814037322998,"Unknown"
"5020567",378626,2026-04-27 12:23:39,28.8577556610107,-17.8140735626221,"Unknown"
"5020567",378626,2026-04-27 12:24:39,28.8577690124512,-17.8140754699707,"Unknown"
"5020567",378626,2026-04-27 12:25:39,28.857759475708,-17.8141040802002,"Unknown"
"5020567",378626,2026-04-27 12:26:39,28.8578147888184,-17.8141460418701,"Unknown"
"5020567",378626,2026-04-27 12:27:39,28.8578281402588,-17.8141689300537,"Unknown"
"5020567",378626,2026-04-27 12:28:39,28.8578510284424,-17.8142375946045,"Unknown"
"5020567",378626,2026-04-27 12:29:39,28.8578872680664,-17.8142833709717,"Unknown"
"5020567",378626,2026-04-27 12:30:39,28.8578987121582,-17.8143062591553,"Unknown"
"5020567",378626,2026-04-27 12:31:39,28.8578910827637,-17.8143272399902,"Unknown"
"5020567",378626,2026-04-27 12:32:40,28.8578853607178,-17.8143634796143,"Unknown"
"5020567",378626,2026-04-27 12:33:41,28.8579006195068,-17.8143539428711,"Unknown"
"5020567",378626,2026-04-27 12:34:39,28.8579177856445,-17.8143768310547,"Unknown"
"5020567",378626,2026-04-27 12:35:39,28.8579177856445,-17.814338684082,"Unknown"
"5020567",378626,2026-04-27 12:36:39,28.8579235076904,-17.8143787384033,"Unknown"
"5020567",378626,2026-04-27 12:37:39,28.8579635620117,-17.8144054412842,"Unknown"
"5020567",378626,2026-04-27 12:38:39,28.8579597473145,-17.8144474029541,"Unknown"
"5020567",378626,2026-04-27 12:39:39,28.8579902648926,-17.8144874572754,"Unknown"
"5020567",378626,2026-04-27 12:40:40,28.8579807281494,-17.8145160675049,"Unknown"
"5020567",378626,2026-04-27 12:41:39,28.8579940795898,-17.814525604248,"Unknown"
"5020567",378626,2026-04-27 12:42:39,28.8580360412598,-17.8145179748535,"Unknown"
"5020567",378626,2026-04-27 12:43:39,28.8580532073975,-17.8145294189453,"Unknown"
"5020567",378626,2026-04-27 12:44:39,28.8581008911133,-17.8145523071289,"Unknown"
"5020567",378626,2026-04-27 12:45:39,28.8580551147461,-17.8145771026611,"Unknown"
"5020567",378626,2026-04-27 12:46:40,28.8580760955811,-17.8145961761475,"Unknown"
"5020567",378626,2026-04-27 12:47:39,28.8580341339111,-17.814603805542,"Unknown"
"5020567",378626,2026-04-27 12:48:39,28.8579883575439,-17.8146305084229,"Unknown"
"5020567",378626,2026-04-27 12:49:39,28.8579692840576,-17.8146648406982,"Unknown"
"5020567",378626,2026-04-27 12:50:40,28.8579750061035,-17.8146724700928,"Unknown"
"5020567",378626,2026-04-27 12:51:40,28.8579559326172,-17.8147010803223,"Unknown"
"5020567",378626,2026-04-27 12:52:40,28.8578872680664,-17.8146991729736,"Unknown"
"5020567",378626,2026-04-27 12:53:39,28.8578987121582,-17.8147239685059,"Unknown"
"5020567",378626,2026-04-27 12:54:39,28.8578758239746,-17.8147640228271,"Unknown"
"5020567",378626,2026-04-27 12:55:39,28.8579120635986,-17.8148078918457,"Unknown"
"5020567",378626,2026-04-27 12:56:40,28.8578720092773,-17.8148212432861,"Unknown"
"5020567",378626,2026-04-27 12:57:41,28.8578186035156,-17.814826965332,"Unknown"
"5020567",378626,2026-04-27 12:58:40,28.8577995300293,-17.8148174285889,"Unknown"
"5020567",378626,2026-04-27 12:59:39,28.857759475708,-17.8148212432861,"Unknown"
"5020567",378626,2026-04-27 13:00:39,28.8577823638916,-17.8148593902588,"Unknown"
"5020567",378626,2026-04-27 13:01:42,28.8580513000488,-17.8150825500488,"Unknown"
"5020567",378626,2026-04-27 13:02:39,28.8581066131592,-17.8150844573975,"Unknown"
"5020567",378626,2026-04-27 13:03:43,28.8581314086914,-17.8150882720947,"Unknown"
"5020567",378626,2026-04-27 13:04:41,28.8581809997559,-17.8150863647461,"Unknown"
"5020567",378626,2026-04-27 13:05:40,28.8582305908203,-17.8150863647461,"Unknown"
"5020567",378626,2026-04-27 13:06:39,28.8582229614258,-17.8150577545166,"Unknown"
"5020567",378626,2026-04-27 13:07:41,28.8582382202148,-17.8151035308838,"Unknown"
"5020567",378626,2026-04-27 13:08:40,28.8582553863525,-17.8151416778564,"Unknown"
"5020567",378626,2026-04-27 13:09:41,28.8575839996338,-17.8150444030762,"Unknown"
"5020567",378626,2026-04-27 13:10:40,28.8577575683594,-17.8149852752686,"Unknown"
"5020567",378626,2026-04-27 13:11:57,28.8576202392578,-17.8149909973145,"Unknown"
"5020567",378626,2026-04-27 13:12:40,28.8577365875244,-17.8150024414062,"Unknown"
"5020567",378626,2026-04-27 13:13:39,28.8577442169189,-17.8149700164795,"Unknown"
"5020567",378626,2026-04-27 13:14:43,28.8578147888184,-17.8149318695068,"Unknown"
"5020567",378626,2026-04-27 13:15:39,28.8578948974609,-17.8149662017822,"Unknown"
"5020567",378626,2026-04-27 13:16:40,28.8578796386719,-17.8149585723877,"Unknown"
"5020567",378626,2026-04-27 13:17:40,28.8578872680664,-17.8150081634521,"Unknown"
"5020567",378626,2026-04-27 13:18:44,28.8579139709473,-17.8150196075439,"Unknown"
"5020567",378626,2026-04-27 13:19:40,28.8579292297363,-17.8150482177734,"Unknown"
"5020567",378626,2026-04-27 13:20:42,28.857982635498,-17.8150768280029,"Unknown"
"5020567",378626,2026-04-27 13:21:39,28.8580303192139,-17.8150863647461,"Unknown"
"5020567",378626,2026-04-27 13:22:44,28.8580284118652,-17.815113067627,"Unknown"
"5020567",378626,2026-04-27 13:23:40,28.8580913543701,-17.8151454925537,"Unknown"
"5020567",378626,2026-04-27 13:24:42,28.8580799102783,-17.8151874542236,"Unknown"
"5020567",378626,2026-04-27 13:25:43,28.8580856323242,-17.8152236938477,"Unknown"
"5020567",378626,2026-04-27 13:26:48,28.8581104278564,-17.8153190612793,"Unknown"
"5020567",378626,2026-04-27 13:27:43,28.8581314086914,-17.8153800964355,"Unknown"
"5020567",378626,2026-04-27 13:28:43,28.8581352233887,-17.8154926300049,"Unknown"
"5020567",378626,2026-04-27 13:29:44,28.858118057251,-17.8155612945557,"Unknown"
"5020567",378626,2026-04-27 13:31:03,28.8580570220947,-17.8156566619873,"Unknown"
"5020567",378626,2026-04-27 13:31:40,28.8580379486084,-17.8157043457031,"Unknown"
"5020567",378626,2026-04-27 13:32:40,28.8579921722412,-17.8157920837402,"Unknown"
"5020567",378626,2026-04-27 13:33:41,28.8579769134521,-17.8158588409424,"Unknown"
"5020567",378626,2026-04-27 13:34:41,28.8579616546631,-17.815938949585,"Unknown"
"5020567",378626,2026-04-27 13:35:42,28.8579406738281,-17.8159999847412,"Unknown"
"5020567",378626,2026-04-27 13:36:42,28.8579235076904,-17.8160629272461,"Unknown"
"5020567",378626,2026-04-27 13:37:40,28.8578605651855,-17.8161315917969,"Unknown"
"5020567",378626,2026-04-27 13:38:41,28.857837677002,-17.8161773681641,"Unknown"
"5020567",378626,2026-04-27 13:39:40,28.8578052520752,-17.8162155151367,"Unknown"
"5020567",378626,2026-04-27 13:40:41,28.8577861785889,-17.8162651062012,"Unknown"
"5020567",378626,2026-04-27 13:41:41,28.8577404022217,-17.8162822723389,"Unknown"
"5020567",378626,2026-04-27 13:42:40,28.8576908111572,-17.8163261413574,"Unknown"
"5020567",378626,2026-04-27 13:43:41,28.8576469421387,-17.8163871765137,"Unknown"
"5020567",378626,2026-04-27 13:44:42,28.857593536377,-17.8164653778076,"Unknown"
"5020567",378626,2026-04-27 13:45:41,28.8575496673584,-17.8165378570557,"Unknown"
"5020567",378626,2026-04-27 13:46:42,28.8575077056885,-17.8166065216064,"Unknown"
"5020567",378626,2026-04-27 13:47:42,28.8574771881104,-17.81662940979,"Unknown"
"5020567",378626,2026-04-27 13:48:41,28.8574371337891,-17.8166923522949,"Unknown"
"5020567",378626,2026-04-27 13:49:42,28.8573989868164,-17.8167533874512,"Unknown"
"5020567",378626,2026-04-27 13:50:41,28.8573570251465,-17.8167934417725,"Unknown"
"5020567",378626,2026-04-27 13:51:42,28.8573055267334,-17.8168563842773,"Unknown"
"5020567",378626,2026-04-27 13:52:43,28.8572597503662,-17.8168869018555,"Unknown"
"5020567",378626,2026-04-27 13:53:43,28.8572158813477,-17.8169059753418,"Unknown"
"5020567",378626,2026-04-27 13:54:43,28.8571624755859,-17.8169059753418,"Unknown"
"5020567",378626,2026-04-27 13:55:43,28.8571243286133,-17.816951751709,"Unknown"
"5020567",378626,2026-04-27 13:56:43,28.8570880889893,-17.8170146942139,"Unknown"
"5020567",378626,2026-04-27 13:57:42,28.8570404052734,-17.8170585632324,"Unknown"
"5020567",378626,2026-04-27 13:58:43,28.8569889068604,-17.8171310424805,"Unknown"
"5020567",378626,2026-04-27 14:00:03,28.8568725585938,-17.8171997070312,"Unknown"
"5020567",378626,2026-04-27 14:00:40,28.8568248748779,-17.8172378540039,"Unknown"
"5020567",378626,2026-04-27 14:01:40,28.8567581176758,-17.8172969818115,"Unknown"
"5020567",378626,2026-04-27 14:02:40,28.8567276000977,-17.8173751831055,"Unknown"
"5020567",378626,2026-04-27 14:03:40,28.8566570281982,-17.817455291748,"Unknown"
"5020567",378626,2026-04-27 14:04:40,28.8565826416016,-17.8175735473633,"Unknown"
"5020567",378626,2026-04-27 14:05:40,28.8565311431885,-17.8176326751709,"Unknown"
"5020567",378626,2026-04-27 14:06:40,28.8564834594727,-17.8176708221436,"Unknown"
"5020567",378626,2026-04-27 14:07:42,28.8564147949219,-17.8177833557129,"Unknown"
"5020567",378626,2026-04-27 14:08:40,28.8563499450684,-17.817892074585,"Unknown"
"5020567",378626,2026-04-27 14:09:40,28.8563022613525,-17.818000793457,"Unknown"
"5020567",378626,2026-04-27 14:10:40,28.856258392334,-17.8181228637695,"Unknown"
"5020567",378626,2026-04-27 14:11:42,28.856201171875,-17.8182392120361,"Unknown"
"5020567",378626,2026-04-27 14:12:40,28.8561553955078,-17.8183536529541,"Unknown"
"5020567",378626,2026-04-27 14:13:40,28.8560962677002,-17.8184909820557,"Unknown"
"5020567",378626,2026-04-27 14:14:40,28.8560428619385,-17.8185977935791,"Unknown"
"5020567",378626,2026-04-27 14:15:41,28.8559722900391,-17.8187160491943,"Unknown"
"5020567",378626,2026-04-27 14:16:40,28.8559093475342,-17.8188323974609,"Unknown"
"5020567",378626,2026-04-27 14:17:40,28.8558464050293,-17.8189430236816,"Unknown"
"5020567",378626,2026-04-27 14:18:40,28.8558101654053,-17.8190250396729,"Unknown"
"5020567",378626,2026-04-27 14:19:40,28.8556995391846,-17.8191146850586,"Unknown"
"5020567",378626,2026-04-27 14:20:40,28.8556518554688,-17.8192100524902,"Unknown"
"5020567",378626,2026-04-27 14:21:40,28.8555545806885,-17.8192977905273,"Unknown"
"5020567",378626,2026-04-27 14:22:40,28.8554668426514,-17.8194408416748,"Unknown"
"5020567",378626,2026-04-27 14:23:40,28.855411529541,-17.8195724487305,"Unknown"
"5020567",378626,2026-04-27 14:24:40,28.8553428649902,-17.8196868896484,"Unknown"
"5020567",378626,2026-04-27 14:25:40,28.855260848999,-17.819803237915,"Unknown"
"5020567",378626,2026-04-27 14:26:40,28.8560695648193,-17.8192081451416,"Unknown"
"5020567",378626,2026-04-27 14:27:40,28.8559951782227,-17.8193626403809,"Unknown"
"5020567",378626,2026-04-27 14:28:40,28.8559188842773,-17.8195133209229,"Unknown"
"5020567",378626,2026-04-27 14:29:40,28.8558292388916,-17.8196334838867,"Unknown"
"5020567",378626,2026-04-27 14:30:40,28.8557624816895,-17.8197822570801,"Unknown"
"5020567",378626,2026-04-27 14:31:40,28.8557014465332,-17.8199272155762,"Unknown"
"5020567",378626,2026-04-27 14:32:40,28.8556461334229,-17.8200531005859,"Unknown"
"5020567",378626,2026-04-27 14:33:40,28.8555355072021,-17.8202304840088,"Unknown"
"5020567",378626,2026-04-27 14:34:40,28.855489730835,-17.8203678131104,"Unknown"
"5020567",378626,2026-04-27 14:35:40,28.8554229736328,-17.820520401001,"Unknown"
"5020567",378626,2026-04-27 14:36:40,28.8553466796875,-17.8206729888916,"Unknown"
"5020567",378626,2026-04-27 14:37:40,28.855297088623,-17.8208065032959,"Unknown"
"5020567",378626,2026-04-27 14:38:40,28.8552284240723,-17.8209381103516,"Unknown"
"5020567",378626,2026-04-27 14:39:40,28.8551864624023,-17.8211097717285,"Unknown"
"5020567",378626,2026-04-27 14:40:40,28.8551292419434,-17.8212795257568,"Unknown"
"5020567",378626,2026-04-27 14:41:40,28.8550491333008,-17.8214454650879,"Unknown"
"5020567",378626,2026-04-27 14:42:40,28.8549995422363,-17.8215770721436,"Unknown"
"5020567",378626,2026-04-27 14:43:40,28.854923248291,-17.8217353820801,"Unknown"
"5020567",378626,2026-04-27 14:44:40,28.8548259735107,-17.8218784332275,"Unknown"
"5020567",378626,2026-04-27 14:45:40,28.8547649383545,-17.8220462799072,"Unknown"
"5020567",378626,2026-04-27 14:46:40,28.8547325134277,-17.8221874237061,"Unknown"
"5020567",378626,2026-04-27 14:47:40,28.8547058105469,-17.8222885131836,"Unknown"
"5020567",378626,2026-04-27 14:48:40,28.8546371459961,-17.8224506378174,"Unknown"
"5020567",378626,2026-04-27 14:49:40,28.8545665740967,-17.8226222991943,"Unknown"
"5020567",378626,2026-04-27 14:50:40,28.8545360565186,-17.8227634429932,"Unknown"
"5020567",378626,2026-04-27 14:51:40,28.8544883728027,-17.8228759765625,"Unknown"
"5020567",378626,2026-04-27 14:52:40,28.8544330596924,-17.8230361938477,"Unknown"
"5020567",378626,2026-04-27 14:53:40,28.8544063568115,-17.8231639862061,"Unknown"
"5020567",378626,2026-04-27 14:54:40,28.8543510437012,-17.8232555389404,"Unknown"
"5020567",378626,2026-04-27 14:55:40,28.8543262481689,-17.8233642578125,"Unknown"
"5020567",378626,2026-04-27 14:56:40,28.8542766571045,-17.8235244750977,"Unknown"
"5020567",378626,2026-04-27 14:57:40,28.8542652130127,-17.8236999511719,"Unknown"
"5020567",378626,2026-04-27 14:58:40,28.8542404174805,-17.8238525390625,"Unknown"
"5020567",378626,2026-04-27 14:59:40,28.8542613983154,-17.8240585327148,"Unknown"
"5020567",378626,2026-04-27 15:00:40,28.8542709350586,-17.8242130279541,"Unknown"
"5020567",378626,2026-04-27 15:01:40,28.8542060852051,-17.8243846893311,"Unknown"
"5020567",378626,2026-04-27 15:02:42,28.8541088104248,-17.8245182037354,"Unknown"
"5020567",378626,2026-04-27 15:03:40,28.8540096282959,-17.8246212005615,"Unknown"
"5020567",378626,2026-04-27 15:04:41,28.8539161682129,-17.8247509002686,"Unknown"
"5020567",378626,2026-04-27 15:05:40,28.853832244873,-17.8249206542969,"Unknown"
"5020567",378626,2026-04-27 15:06:40,28.8537540435791,-17.8250751495361,"Unknown"
"5020567",378626,2026-04-27 15:07:40,28.8536510467529,-17.8252563476562,"Unknown"
"5020567",378626,2026-04-27 15:08:40,28.8535537719727,-17.8254051208496,"Unknown"
"5020567",378626,2026-04-27 15:09:40,28.8534851074219,-17.8255767822266,"Unknown"
"5020567",378626,2026-04-27 15:10:40,28.8533821105957,-17.8257122039795,"Unknown"
"5020567",378626,2026-04-27 15:11:40,28.8532943725586,-17.8258666992188,"Unknown"
"5020567",378626,2026-04-27 15:12:40,28.8532257080078,-17.8260021209717,"Unknown"
"5020567",378626,2026-04-27 15:13:40,28.8531265258789,-17.826171875,"Unknown"
"5020567",378626,2026-04-27 15:14:40,28.8530197143555,-17.8263568878174,"Unknown"
"5020567",378626,2026-04-27 15:15:40,28.8529071807861,-17.8265514373779,"Unknown"
"5020567",378626,2026-04-27 15:16:40,28.8528213500977,-17.8267307281494,"Unknown"
"5020567",378626,2026-04-27 15:17:40,28.8526649475098,-17.8269138336182,"Unknown"
"5020567",378626,2026-04-27 15:18:40,28.8525257110596,-17.8270416259766,"Unknown"
"5020567",378626,2026-04-27 15:19:40,28.8524379730225,-17.8271903991699,"Unknown"
"5020567",378626,2026-04-27 15:20:41,28.8523330688477,-17.8273811340332,"Unknown"
"5020567",378626,2026-04-27 15:21:40,28.8522205352783,-17.8275203704834,"Unknown"
"5020567",378626,2026-04-27 15:22:40,28.8521423339844,-17.8277320861816,"Unknown"
"5020567",378626,2026-04-27 15:23:40,28.8520660400391,-17.8279190063477,"Unknown"
"5020567",378626,2026-04-27 15:24:40,28.8519706726074,-17.8281135559082,"Unknown"
"5020567",378626,2026-04-27 15:25:40,28.8518867492676,-17.8283271789551,"Unknown"
"5020567",378626,2026-04-27 15:26:40,28.8518047332764,-17.8285179138184,"Unknown"
"5020567",378626,2026-04-27 15:27:41,28.8517456054688,-17.828742980957,"Unknown"
"5020567",378626,2026-04-27 15:28:41,28.8516788482666,-17.8289642333984,"Unknown"
"5020567",378626,2026-04-27 15:29:41,28.8516082763672,-17.8291702270508,"Unknown"
"5020567",378626,2026-04-27 15:30:42,28.8514957427979,-17.8293170928955,"Unknown"
"5020567",378626,2026-04-27 15:31:42,28.8514385223389,-17.8294448852539,"Unknown"
"5020567",378626,2026-04-27 15:32:42,28.8513355255127,-17.8295936584473,"Unknown"
"5020567",378626,2026-04-27 15:33:41,28.8512363433838,-17.8297004699707,"Unknown"
"5020567",378626,2026-04-27 15:34:41,28.8511657714844,-17.8298149108887,"Unknown"
"5020567",378626,2026-04-27 15:35:43,28.851095199585,-17.8299617767334,"Unknown"
"5020567",378626,2026-04-27 15:36:41,28.8510780334473,-17.8301105499268,"Unknown"
"5020567",378626,2026-04-27 15:37:41,28.850944519043,-17.8302974700928,"Unknown"
"5020567",378626,2026-04-27 15:38:43,28.8508853912354,-17.8304386138916,"Unknown"
"5020567",378626,2026-04-27 15:39:44,28.8507690429688,-17.8305759429932,"Unknown"
"5020567",378626,2026-04-27 15:41:03,28.8506927490234,-17.8308124542236,"Unknown"
"5020567",378626,2026-04-27 15:41:41,28.8506469726562,-17.8309650421143,"Unknown"
"5020567",378626,2026-04-27 15:42:41,28.8505535125732,-17.8311786651611,"Unknown"
"5020567",378626,2026-04-27 15:43:42,28.8505077362061,-17.8313407897949,"Unknown"
"5020567",378626,2026-04-27 15:44:42,28.850414276123,-17.8314628601074,"Unknown"
"5020567",378626,2026-04-27 15:45:42,28.8503227233887,-17.8315715789795,"Unknown"
"5020567",378626,2026-04-27 15:46:42,28.8502388000488,-17.8316841125488,"Unknown"
"5020567",378626,2026-04-27 15:47:42,28.8501663208008,-17.8319244384766,"Unknown"
"5020567",378626,2026-04-27 15:48:42,28.8501052856445,-17.8321361541748,"Unknown"
"5020567",378626,2026-04-27 15:49:42,28.8500366210938,-17.8323135375977,"Unknown"
"5020567",378626,2026-04-27 15:50:42,28.8499526977539,-17.8324241638184,"Unknown"
"5020567",378626,2026-04-27 15:51:42,28.8498916625977,-17.8325691223145,"Unknown"
"5020567",378626,2026-04-27 15:52:42,28.8497943878174,-17.8327217102051,"Unknown"
"5020567",378626,2026-04-27 15:53:42,28.8497333526611,-17.8328914642334,"Unknown"
"5020567",378626,2026-04-27 15:54:42,28.849666595459,-17.8330593109131,"Unknown"
"5020567",378626,2026-04-27 15:55:42,28.8496360778809,-17.8331451416016,"Unknown"
"5020567",378626,2026-04-27 15:56:42,28.8495979309082,-17.8332824707031,"Unknown"
"5020567",378626,2026-04-27 15:57:42,28.8496112823486,-17.8333988189697,"Unknown"
"5020567",378626,2026-04-27 15:58:42,28.8495616912842,-17.833459854126,"Unknown"
"5020567",378626,2026-04-27 15:59:43,28.8494606018066,-17.8335762023926,"Unknown"
"5020567",378626,2026-04-27 16:00:42,28.84938621521,-17.8336315155029,"Unknown"
"5020567",378626,2026-04-27 16:01:42,28.8492984771729,-17.8337345123291,"Unknown"
"5020567",378626,2026-04-27 16:02:42,28.8492259979248,-17.8338069915771,"Unknown"
"5020567",378626,2026-04-27 16:03:42,28.8491554260254,-17.8339080810547,"Unknown"
"5020567",378626,2026-04-27 16:04:42,28.849084854126,-17.8339996337891,"Unknown"
"5020567",378626,2026-04-27 16:05:42,28.848991394043,-17.8341121673584,"Unknown"
"5020567",378626,2026-04-27 16:06:42,28.8488845825195,-17.8342018127441,"Unknown"
"5020567",378626,2026-04-27 16:07:42,28.8487873077393,-17.8343200683594,"Unknown"
"5020567",378626,2026-04-27 16:08:42,28.8487243652344,-17.8344211578369,"Unknown"
"5020567",378626,2026-04-27 16:09:42,28.8486328125,-17.8345031738281,"Unknown"
"5020567",378626,2026-04-27 16:10:43,28.8485527038574,-17.8345851898193,"Unknown"
"5020567",378626,2026-04-27 16:11:43,28.8484573364258,-17.8346824645996,"Unknown"
"5020567",378626,2026-04-27 16:12:43,28.8483963012695,-17.8347187042236,"Unknown"
"5020567",378626,2026-04-27 16:13:43,28.8483276367188,-17.8347854614258,"Unknown"
"5020567",378626,2026-04-27 16:14:43,28.8482322692871,-17.8348598480225,"Unknown"
"5020567",378626,2026-04-27 16:15:43,28.8481693267822,-17.8349437713623,"Unknown"
"5020567",378626,2026-04-27 16:16:43,28.8481025695801,-17.8350028991699,"Unknown"
"5020567",378626,2026-04-27 16:17:43,28.848051071167,-17.8350601196289,"Unknown"
"5020567",378626,2026-04-27 16:18:43,28.847972869873,-17.8351364135742,"Unknown"
"5020567",378626,2026-04-27 16:19:43,28.847936630249,-17.8352661132812,"Unknown"
"5020567",378626,2026-04-27 16:20:43,28.8479309082031,-17.8354244232178,"Unknown"
"5020567",378626,2026-04-27 16:21:43,28.8479175567627,-17.8354549407959,"Unknown"
"5020567",378626,2026-04-27 16:22:43,28.8479137420654,-17.8355579376221,"Unknown"
"5020567",378626,2026-04-27 16:23:43,28.8478660583496,-17.8356819152832,"Unknown"
"5020567",378626,2026-04-27 16:24:44,28.8478317260742,-17.8358020782471,"Unknown"
"5020567",378626,2026-04-27 16:25:44,28.8477611541748,-17.8358974456787,"Unknown"
"5020567",378626,2026-04-27 16:26:45,28.847692489624,-17.8360290527344,"Unknown"
"5020567",378626,2026-04-27 16:27:44,28.8475856781006,-17.8361320495605,"Unknown"
"5020567",378626,2026-04-27 16:28:44,28.8474731445312,-17.836238861084,"Unknown"
"5020567",378626,2026-04-27 16:29:44,28.8473682403564,-17.8363399505615,"Unknown"
"5020567",378626,2026-04-27 16:30:44,28.8480453491211,-17.8376331329346,"Unknown"
"5020567",378626,2026-04-27 16:31:44,28.850757598877,-17.8407611846924,"Unknown"
"5020567",378626,2026-04-27 16:32:44,28.8531627655029,-17.8430233001709,"Unknown"
"5020567",378626,2026-04-27 16:33:44,28.8555698394775,-17.8472137451172,"Unknown"
"5020567",378626,2026-04-27 16:34:44,28.8568725585938,-17.8524074554443,"Unknown"
"5020567",378626,2026-04-27 16:35:44,28.8603324890137,-17.8529682159424,"Unknown"
"5020567",378626,2026-04-27 16:36:44,28.8641510009766,-17.8524875640869,"Unknown"
"5020567",378626,2026-04-27 16:37:45,28.8672122955322,-17.8491878509521,"Unknown"
"5020567",378626,2026-04-27 16:42:44,28.8819046020508,-17.853759765625,"Unknown"
"5020567",378626,2026-04-27 16:47:44,28.8830299377441,-17.8595161437988,"Unknown"
"5020567",378626,2026-04-27 16:52:44,28.8837547302246,-17.8589744567871,"Unknown"
"5020567",378626,2026-04-27 16:57:45,28.8838901519775,-17.8647899627686,"Unknown"
"5020567",378626,2026-04-27 17:02:44,28.8868637084961,-17.8773174285889,"Unknown"
"5020567",378626,2026-04-27 17:07:44,28.8868885040283,-17.8822536468506,"Unknown"
"5020567",378626,2026-04-27 17:12:45,28.8865394592285,-17.8826084136963,"Unknown"
"5020567",378626,2026-04-27 17:17:46,28.8657779693604,-17.9039268493652,"Unknown"
"5020567",378626,2026-04-27 17:22:45,28.8641357421875,-17.9169178009033,"Unknown"
"5020567",378626,2026-04-27 17:27:44,28.8650875091553,-17.901683807373,"Unknown"
"5020567",378626,2026-04-27 17:32:47,28.8777484893799,-17.9051551818848,"Unknown"
"5020567",378626,2026-04-27 17:37:45,28.8760223388672,-17.9107112884521,"Unknown"
"5020567",378626,2026-04-27 17:44:09,28.8691806793213,-17.9250717163086,"Unknown"
"5020567",378626,2026-04-27 17:48:21,28.8749294281006,-17.9206809997559,"Unknown"
"5020567",378626,2026-04-27 17:52:44,28.8730220794678,-17.9218044281006,"Unknown"
"5020567",378626,2026-04-27 17:57:44,28.878885269165,-17.9224910736084,"Unknown"
"5020567",378626,2026-04-27 18:02:44,28.8792896270752,-17.9236946105957,"Unknown"
"5020567",378626,2026-04-27 18:07:45,28.8825511932373,-17.919340133667,"Unknown"
"5020567",378626,2026-04-27 18:12:45,28.8706684112549,-17.8911800384521,"Unknown"
"5020567",378626,2026-04-27 18:17:44,28.8616943359375,-17.8652534484863,"Unknown"
"5020567",378626,2026-04-27 18:22:45,28.8640003204346,-17.8372669219971,"Unknown"
"5020567",378626,2026-04-27 18:23:44,28.8627891540527,-17.8302040100098,"Unknown"
"5020567",378626,2026-04-27 18:28:44,28.8637733459473,-17.8021965026855,"Unknown"
"5020567",378626,2026-04-27 18:33:45,28.8665714263916,-17.7769012451172,"Unknown"
"5020567",378626,2026-04-27 18:38:44,28.8821773529053,-17.7808074951172,"Unknown"
"5020567",378626,2026-04-27 18:43:46,28.8813629150391,-17.7802848815918,"Unknown"
"5020567",378626,2026-04-27 18:48:44,28.8812580108643,-17.7764625549316,"Unknown"
"5020567",378626,2026-04-27 18:53:44,28.8833923339844,-17.7768421173096,"Unknown"
"5020567",378626,2026-04-27 18:58:44,28.8842678070068,-17.7827816009521,"Unknown"
"5020567",378626,2026-04-27 19:03:44,28.8873062133789,-17.7755889892578,"Unknown"
"5020567",378626,2026-04-27 19:08:44,28.889066696167,-17.7819728851318,"Unknown"
"5020567",378626,2026-04-27 19:13:44,28.8875102996826,-17.7939186096191,"Unknown"
"5020567",378626,2026-04-27 19:18:46,28.8846340179443,-17.7968444824219,"Unknown"
"5020567",378626,2026-04-27 19:23:44,28.8902721405029,-17.7988872528076,"Unknown"
"5020567",378626,2026-04-27 19:28:44,28.8908271789551,-17.8058624267578,"Unknown"
"5020567",378626,2026-04-27 19:33:44,28.8913440704346,-17.8118591308594,"Unknown"
"5020567",378626,2026-04-27 19:38:46,28.8673934936523,-17.8269805908203,"Unknown"
"5020567",378626,2026-04-27 19:43:46,28.8488502502441,-17.8360385894775,"Unknown"
"5020567",378626,2026-04-27 19:48:46,28.8487110137939,-17.8364181518555,"Unknown"
"5020567",378626,2026-04-27 19:49:46,28.8486156463623,-17.8364734649658,"Unknown"
"5020567",378626,2026-04-27 19:50:44,28.8485431671143,-17.8365020751953,"Unknown"
"5020567",378626,2026-04-27 19:51:44,28.8484573364258,-17.8365783691406,"Unknown"
"5020567",378626,2026-04-27 19:52:44,28.8484172821045,-17.8366241455078,"Unknown"
"5020567",378626,2026-04-27 19:53:46,28.8483695983887,-17.83664894104,"Unknown"
"5020567",378626,2026-04-27 19:54:47,28.8483142852783,-17.8366870880127,"Unknown"
"5020567",378626,2026-04-27 19:55:46,28.848274230957,-17.8366622924805,"Unknown"
"5020567",378626,2026-04-27 19:56:47,28.8482131958008,-17.8366966247559,"Unknown"
"5020567",378626,2026-04-27 19:57:46,28.8481712341309,-17.8367156982422,"Unknown"
"5020567",378626,2026-04-27 19:58:49,28.8481044769287,-17.8367557525635,"Unknown"
"5020567",378626,2026-04-27 20:00:03,28.8479900360107,-17.8368396759033,"Unknown"
"5020567",378626,2026-04-27 20:00:44,28.8479671478271,-17.8368701934814,"Unknown"
"5020567",378626,2026-04-27 20:01:44,28.8478755950928,-17.8369159698486,"Unknown"
"5020567",378626,2026-04-27 20:02:44,28.8478603363037,-17.8369388580322,"Unknown"
"5020567",378626,2026-04-27 20:03:44,28.8478050231934,-17.8369884490967,"Unknown"
"5020567",378626,2026-04-27 20:04:44,28.8477630615234,-17.8369884490967,"Unknown"
"5020567",378626,2026-04-27 20:05:46,28.8476943969727,-17.8370342254639,"Unknown"
"5020567",378626,2026-04-27 20:06:44,28.8476428985596,-17.8370304107666,"Unknown"
"5020567",378626,2026-04-27 20:07:44,28.8475875854492,-17.837007522583,"Unknown"
"5020567",378626,2026-04-27 20:08:44,28.8475170135498,-17.8370342254639,"Unknown"
"5020567",378626,2026-04-27 20:09:45,28.8474540710449,-17.8370380401611,"Unknown"
"5020567",378626,2026-04-27 20:10:44,28.8474178314209,-17.8370304107666,"Unknown"
"5020567",378626,2026-04-27 20:11:44,28.847339630127,-17.8370475769043,"Unknown"
"5020567",378626,2026-04-27 20:12:44,28.8473091125488,-17.8370609283447,"Unknown"
"5020567",378626,2026-04-27 20:13:44,28.8472270965576,-17.8371257781982,"Unknown"
"5020567",378626,2026-04-27 20:14:44,28.847204208374,-17.8371677398682,"Unknown"
"5020567",378626,2026-04-27 20:15:44,28.8471565246582,-17.8372058868408,"Unknown"
"5020567",378626,2026-04-27 20:16:44,28.8471202850342,-17.837230682373,"Unknown"
"5020567",378626,2026-04-27 20:17:44,28.8470630645752,-17.8372325897217,"Unknown"
"5020567",378626,2026-04-27 20:18:44,28.847017288208,-17.8373050689697,"Unknown"
"5020567",378626,2026-04-27 20:19:44,28.846981048584,-17.8373107910156,"Unknown"
"5020567",378626,2026-04-27 20:20:44,28.8469505310059,-17.8373851776123,"Unknown"
"5020567",378626,2026-04-27 20:21:44,28.8468894958496,-17.8374423980713,"Unknown"
"5020567",378626,2026-04-27 20:22:44,28.8468437194824,-17.8375282287598,"Unknown"
"5020567",378626,2026-04-27 20:23:44,28.8467788696289,-17.8375606536865,"Unknown"
"5020567",378626,2026-04-27 20:24:44,28.8467350006104,-17.8375797271729,"Unknown"
"5020567",378626,2026-04-27 20:25:44,28.8466911315918,-17.8375644683838,"Unknown"
"5020567",378626,2026-04-27 20:26:44,28.8466396331787,-17.8375663757324,"Unknown"
"5020567",378626,2026-04-27 20:27:44,28.8465595245361,-17.8376617431641,"Unknown"
"5020567",378626,2026-04-27 20:28:44,28.8465538024902,-17.8377113342285,"Unknown"
"5020567",378626,2026-04-27 20:29:44,28.846508026123,-17.8377475738525,"Unknown"
"5020567",378626,2026-04-27 20:30:44,28.8464641571045,-17.8378620147705,"Unknown"
"5020567",378626,2026-04-27 20:31:44,28.8464508056641,-17.8378734588623,"Unknown"
"5020567",378626,2026-04-27 20:32:44,28.8464336395264,-17.8379364013672,"Unknown"
"5020567",378626,2026-04-27 20:33:44,28.8463897705078,-17.838005065918,"Unknown"
"5020567",378626,2026-04-27 20:34:44,28.8463516235352,-17.8380184173584,"Unknown"
"5020567",378626,2026-04-27 20:35:46,28.8463287353516,-17.8380584716797,"Unknown"
"5020567",378626,2026-04-27 20:36:44,28.8463001251221,-17.8380813598633,"Unknown"
"5020567",378626,2026-04-27 20:37:44,28.846284866333,-17.8380813598633,"Unknown"
"5020567",378626,2026-04-27 20:38:44,28.8462867736816,-17.8381080627441,"Unknown"
"5020567",378626,2026-04-27 20:39:44,28.8462600708008,-17.8380832672119,"Unknown"
"5020567",378626,2026-04-27 20:40:44,28.8462448120117,-17.8380851745605,"Unknown"
"5020567",378626,2026-04-27 20:41:44,28.8462238311768,-17.8380756378174,"Unknown"
"5020567",378626,2026-04-27 20:42:44,28.8461875915527,-17.8380832672119,"Unknown"
"5020567",378626,2026-04-27 20:43:44,28.8461837768555,-17.8380508422852,"Unknown"
"5020567",378626,2026-04-27 20:44:44,28.8461513519287,-17.8381061553955,"Unknown"
"5020567",378626,2026-04-27 20:45:44,28.8461360931396,-17.8381366729736,"Unknown"
"5020567",378626,2026-04-27 20:46:44,28.8461208343506,-17.8381500244141,"Unknown"
"5020567",378626,2026-04-27 20:47:44,28.8460922241211,-17.8381252288818,"Unknown"
"5020567",378626,2026-04-27 20:48:44,28.8460693359375,-17.8381290435791,"Unknown"
"5020567",378626,2026-04-27 20:49:44,28.8460330963135,-17.8381309509277,"Unknown"
"5020567",378626,2026-04-27 20:50:44,28.8460369110107,-17.8381404876709,"Unknown"
"5020567",378626,2026-04-27 20:51:44,28.8460178375244,-17.8381195068359,"Unknown"
"5020567",378626,2026-04-27 20:52:44,28.8460025787354,-17.8380966186523,"Unknown"
"5020567",378626,2026-04-27 20:53:44,28.8459930419922,-17.8380966186523,"Unknown"
"5020567",378626,2026-04-27 20:54:44,28.8459663391113,-17.8382015228271,"Unknown"
"5020567",378626,2026-04-27 20:55:44,28.8459510803223,-17.8382453918457,"Unknown"
"5020567",378626,2026-04-27 20:56:44,28.8459339141846,-17.8382682800293,"Unknown"
"5020567",378626,2026-04-27 20:57:44,28.8459358215332,-17.838321685791,"Unknown"
"5020567",378626,2026-04-27 20:58:44,28.8459510803223,-17.8383750915527,"Unknown"
"5020567",378626,2026-04-27 20:59:45,28.8459644317627,-17.8383960723877,"Unknown"
"5020567",378626,2026-04-27 21:00:44,28.8459568023682,-17.8383750915527,"Unknown"
"5020567",378626,2026-04-27 21:01:45,28.8459529876709,-17.8383922576904,"Unknown"
"5020567",378626,2026-04-27 21:02:44,28.8459510803223,-17.8383865356445,"Unknown"
"5020567",378626,2026-04-27 21:03:44,28.8459529876709,-17.8383827209473,"Unknown"
"5020567",378626,2026-04-27 21:04:44,28.8459606170654,-17.838357925415,"Unknown"
"5020567",378626,2026-04-27 21:05:44,28.8459644317627,-17.8383846282959,"Unknown"
"5020567",378626,2026-04-27 21:06:46,28.8459510803223,-17.8383712768555,"Unknown"
"5020567",378626,2026-04-27 21:07:46,28.8459854125977,-17.8383750915527,"Unknown"
"5020567",378626,2026-04-27 21:08:44,28.8460006713867,-17.8383293151855,"Unknown"
"5020567",378626,2026-04-27 21:09:44,28.8459911346436,-17.8383522033691,"Unknown"
"5020567",378626,2026-04-27 21:10:44,28.8459892272949,-17.8383045196533,"Unknown"
"5020567",378626,2026-04-27 21:11:44,28.8459968566895,-17.8383312225342,"Unknown"
"5020567",378626,2026-04-27 21:12:44,28.8460063934326,-17.8383026123047,"Unknown"
"5020567",378626,2026-04-27 21:13:44,28.8459911346436,-17.8382568359375,"Unknown"
"5020567",378626,2026-04-27 21:14:44,28.8459930419922,-17.8382625579834,"Unknown"
"5020567",378626,2026-04-27 21:15:44,28.8459815979004,-17.8382434844971,"Unknown"
"5020567",378626,2026-04-27 21:16:44,28.8459854125977,-17.8381977081299,"Unknown"
"5020567",378626,2026-04-27 21:17:44,28.8459873199463,-17.8381500244141,"Unknown"
"5020567",378626,2026-04-27 21:18:44,28.8459911346436,-17.8380966186523,"Unknown"
"5020567",378626,2026-04-27 21:19:44,28.8459987640381,-17.8380584716797,"Unknown"
"5020567",378626,2026-04-27 21:20:44,28.8459892272949,-17.8380088806152,"Unknown"
"5020567",378626,2026-04-27 21:21:44,28.8459892272949,-17.8379898071289,"Unknown"
"5020567",378626,2026-04-27 21:22:44,28.8459815979004,-17.8379611968994,"Unknown"
"5020567",378626,2026-04-27 21:23:44,28.8459720611572,-17.8378868103027,"Unknown"
"5020567",378626,2026-04-27 21:24:44,28.8459415435791,-17.8378162384033,"Unknown"
"5020567",378626,2026-04-27 21:25:44,28.8459243774414,-17.8377323150635,"Unknown"
"5020567",378626,2026-04-27 21:26:44,28.8459205627441,-17.8377342224121,"Unknown"
"5020567",378626,2026-04-27 21:27:44,28.8459358215332,-17.8377208709717,"Unknown"
"5020567",378626,2026-04-27 21:28:44,28.8459148406982,-17.8376617431641,"Unknown"
"5020567",378626,2026-04-27 21:29:44,28.8458366394043,-17.837574005127,"Unknown"
"5020567",378626,2026-04-27 21:30:44,28.8457908630371,-17.837459564209,"Unknown"
"5020567",378626,2026-04-27 21:31:44,28.8457908630371,-17.8374061584473,"Unknown"
"5020567",378626,2026-04-27 21:32:44,28.8457946777344,-17.837366104126,"Unknown"
"5020567",378626,2026-04-27 21:33:44,28.8458156585693,-17.8372974395752,"Unknown"
"5020567",378626,2026-04-27 21:34:44,28.8458232879639,-17.837230682373,"Unknown"
"5020567",378626,2026-04-27 21:35:45,28.8458614349365,-17.8371200561523,"Unknown"
"5020567",378626,2026-04-27 21:36:44,28.8458919525146,-17.8370742797852,"Unknown"
"5020567",378626,2026-04-27 21:37:46,28.8458881378174,-17.8370208740234,"Unknown"
"5020567",378626,2026-04-27 21:38:44,28.8458957672119,-17.8370323181152,"Unknown"
"5020567",378626,2026-04-27 21:39:44,28.8459148406982,-17.8369541168213,"Unknown"
"5020567",378626,2026-04-27 21:40:44,28.845947265625,-17.8368873596191,"Unknown"
"5020567",378626,2026-04-27 21:41:44,28.8459568023682,-17.8368263244629,"Unknown"
"5020567",378626,2026-04-27 21:42:44,28.8459854125977,-17.8367462158203,"Unknown"
"5020567",378626,2026-04-27 21:43:44,28.8460121154785,-17.8366661071777,"Unknown"
"5020567",378626,2026-04-27 21:44:44,28.8460464477539,-17.8365859985352,"Unknown"
"5020567",378626,2026-04-27 21:45:44,28.8460807800293,-17.836597442627,"Unknown"
"5020567",378626,2026-04-27 21:46:44,28.8461017608643,-17.8365306854248,"Unknown"
"5020567",378626,2026-04-27 21:47:46,28.8461475372314,-17.8365459442139,"Unknown"
"5020567",378626,2026-04-27 21:48:44,28.8462333679199,-17.8365116119385,"Unknown"
"5020567",378626,2026-04-27 21:49:44,28.846284866333,-17.8364734649658,"Unknown"
"5020567",378626,2026-04-27 21:50:44,28.8463134765625,-17.8363704681396,"Unknown"
"5020567",378626,2026-04-27 21:51:43,28.8463344573975,-17.8363037109375,"Unknown"
"5020567",378626,2026-04-27 21:52:45,28.8463745117188,-17.8362197875977,"Unknown"
"5020567",378626,2026-04-27 21:53:45,28.8464374542236,-17.8362083435059,"Unknown"
"5020567",378626,2026-04-27 21:54:45,28.84645652771,-17.8361644744873,"Unknown"
"5020567",378626,2026-04-27 21:56:03,28.8465576171875,-17.8360652923584,"Unknown"
"5020567",378626,2026-04-27 21:56:44,28.8465766906738,-17.8360424041748,"Unknown"
"5020567",378626,2026-04-27 21:57:44,28.8466339111328,-17.8359851837158,"Unknown"
"5020567",378626,2026-04-27 21:58:44,28.8466320037842,-17.8359413146973,"Unknown"
"5020567",378626,2026-04-27 21:59:44,28.8467044830322,-17.8359661102295,"Unknown"
"5020567",378626,2026-04-27 22:00:44,28.8467464447021,-17.8359622955322,"Unknown"
"5020567",378626,2026-04-27 22:01:46,28.8468074798584,-17.8360023498535,"Unknown"
"5020567",378626,2026-04-27 22:02:44,28.8468360900879,-17.8359851837158,"Unknown"
"5020567",378626,2026-04-27 22:03:44,28.8468894958496,-17.8359355926514,"Unknown"
"5020567",378626,2026-04-27 22:04:44,28.8469581604004,-17.8359107971191,"Unknown"
"5020567",378626,2026-04-27 22:05:44,28.8470039367676,-17.8359184265137,"Unknown"
"5020567",378626,2026-04-27 22:06:44,28.8470726013184,-17.8359184265137,"Unknown"
"5020567",378626,2026-04-27 22:07:44,28.8471069335938,-17.8359203338623,"Unknown"
"5020567",378626,2026-04-27 22:08:43,28.8471717834473,-17.8358840942383,"Unknown"
"5020567",378626,2026-04-27 22:09:44,28.8472061157227,-17.8358516693115,"Unknown"
"5020567",378626,2026-04-27 22:10:44,28.847240447998,-17.8358287811279,"Unknown"
"5020567",378626,2026-04-27 22:11:44,28.8472805023193,-17.8358459472656,"Unknown"
"5020567",378626,2026-04-27 22:12:44,28.8473606109619,-17.8358116149902,"Unknown"
"5020567",378626,2026-04-27 22:13:44,28.8474102020264,-17.8357715606689,"Unknown"
"5020567",378626,2026-04-27 22:14:45,28.8474540710449,-17.8357601165771,"Unknown"
"5020567",378626,2026-04-27 22:15:44,28.8475341796875,-17.8357353210449,"Unknown"
"5020567",378626,2026-04-27 22:16:44,28.8476009368896,-17.8356819152832,"Unknown"
"5020567",378626,2026-04-27 22:17:43,28.8476657867432,-17.8357028961182,"Unknown"
"5020567",378626,2026-04-27 22:18:46,28.8477210998535,-17.8357086181641,"Unknown"
"5020567",378626,2026-04-27 22:19:44,28.8478202819824,-17.8356857299805,"Unknown"
"5020567",378626,2026-04-27 22:20:44,28.8479156494141,-17.8356781005859,"Unknown"
"5020567",378626,2026-04-27 22:21:44,28.848014831543,-17.8356800079346,"Unknown"
"5020567",378626,2026-04-27 22:22:44,28.8481292724609,-17.8356475830078,"Unknown"
"5020567",378626,2026-04-27 22:23:46,28.8482456207275,-17.8356285095215,"Unknown"
"5020567",378626,2026-04-27 22:24:45,28.8483448028564,-17.8356742858887,"Unknown"
"5020567",378626,2026-04-27 22:25:44,28.8484916687012,-17.8357162475586,"Unknown"
"5020567",378626,2026-04-27 22:26:44,28.8486442565918,-17.83571434021,"Unknown"
"5020567",378626,2026-04-27 22:27:44,28.8487682342529,-17.8357124328613,"Unknown"
"5020567",378626,2026-04-27 22:28:44,28.848876953125,-17.835765838623,"Unknown"
"5020567",378626,2026-04-27 22:29:44,28.8489665985107,-17.8358268737793,"Unknown"
"5020567",378626,2026-04-27 22:30:44,28.8490524291992,-17.8358592987061,"Unknown"
"5020567",378626,2026-04-27 22:31:46,28.8490409851074,-17.8359107971191,"Unknown"
"5020567",378626,2026-04-27 22:32:46,28.8491020202637,-17.8359451293945,"Unknown"
"5020567",378626,2026-04-27 22:33:44,28.8491115570068,-17.8359298706055,"Unknown"
"5020567",378626,2026-04-27 22:34:44,28.8491249084473,-17.8359375,"Unknown"
"5020567",378626,2026-04-27 22:35:44,28.849100112915,-17.8359451293945,"Unknown"
"5020567",378626,2026-04-27 22:36:46,28.8490982055664,-17.8359680175781,"Unknown"
"5020567",378626,2026-04-27 22:37:46,28.8490829467773,-17.8360004425049,"Unknown"
"5020567",378626,2026-04-27 22:38:44,28.849100112915,-17.8360366821289,"Unknown"
"5020567",378626,2026-04-27 22:39:44,28.8491172790527,-17.8361148834229,"Unknown"
"5020567",378626,2026-04-27 22:40:44,28.8491535186768,-17.8361511230469,"Unknown"
"5020567",378626,2026-04-27 22:41:46,28.8491153717041,-17.8362007141113,"Unknown"
"5020567",378626,2026-04-27 22:42:46,28.8491153717041,-17.8362274169922,"Unknown"
"5020567",378626,2026-04-27 22:43:45,28.8491268157959,-17.8361759185791,"Unknown"
"5020567",378626,2026-04-27 22:44:44,28.8491287231445,-17.8362503051758,"Unknown"
"5020567",378626,2026-04-27 22:45:44,28.8490943908691,-17.8362865447998,"Unknown"
"5020567",378626,2026-04-27 22:46:44,28.8491363525391,-17.8362941741943,"Unknown"
"5020567",378626,2026-04-27 22:47:44,28.8491725921631,-17.8363075256348,"Unknown"
"5020567",378626,2026-04-27 22:48:44,28.8491725921631,-17.8363513946533,"Unknown"
"5020567",378626,2026-04-27 22:49:44,28.8492069244385,-17.8364219665527,"Unknown"
"5020567",378626,2026-04-27 22:50:44,28.8492126464844,-17.8364696502686,"Unknown"
"5020567",378626,2026-04-27 22:51:45,28.8492259979248,-17.8365001678467,"Unknown"
"5020567",378626,2026-04-27 22:52:45,28.8492107391357,-17.836483001709,"Unknown"
"5020567",378626,2026-04-27 22:53:45,28.8491973876953,-17.8365135192871,"Unknown"
"5020567",378626,2026-04-27 22:54:46,28.8492221832275,-17.8365173339844,"Unknown"
"5020567",378626,2026-04-27 22:55:44,28.8492336273193,-17.836519241333,"Unknown"
"5020567",378626,2026-04-27 22:56:46,28.8492546081543,-17.8365440368652,"Unknown"
"5020567",378626,2026-04-27 22:57:45,28.8492679595947,-17.8365821838379,"Unknown"
"5020567",378626,2026-04-27 22:58:46,28.8492851257324,-17.8366165161133,"Unknown"
"5020567",378626,2026-04-27 22:59:44,28.8493022918701,-17.8366584777832,"Unknown"
"5020567",378626,2026-04-27 23:00:44,28.8493270874023,-17.8367958068848,"Unknown"
"5020567",378626,2026-04-27 23:01:44,28.8493671417236,-17.8368167877197,"Unknown"
"5020567",378626,2026-04-27 23:02:45,28.8493919372559,-17.8368091583252,"Unknown"
"5020567",378626,2026-04-27 23:03:46,28.8494052886963,-17.8368377685547,"Unknown"
"5020567",378626,2026-04-27 23:04:44,28.8494491577148,-17.8368282318115,"Unknown"
"5020567",378626,2026-04-27 23:05:44,28.8494701385498,-17.8368663787842,"Unknown"
"5020567",378626,2026-04-27 23:06:44,28.8495273590088,-17.8369293212891,"Unknown"
"5020567",378626,2026-04-27 23:07:44,28.8495655059814,-17.8369827270508,"Unknown"
"5020567",378626,2026-04-27 23:08:44,28.8495712280273,-17.8370323181152,"Unknown"
"5020567",378626,2026-04-27 23:09:44,28.8496341705322,-17.8370609283447,"Unknown"
"5020567",378626,2026-04-27 23:10:49,28.8496742248535,-17.8370666503906,"Unknown"
"5020567",378626,2026-04-27 23:12:17,28.8497047424316,-17.8371276855469,"Unknown"
"5020567",378626,2026-04-27 23:12:43,28.8497276306152,-17.8371238708496,"Unknown"
"5020567",378626,2026-04-27 23:13:43,28.8497581481934,-17.8371410369873,"Unknown"
"5020567",378626,2026-04-27 23:14:43,28.849781036377,-17.837194442749,"Unknown"
"5020567",378626,2026-04-27 23:15:44,28.8498134613037,-17.8372230529785,"Unknown"
"5020567",378626,2026-04-27 23:16:43,28.8498268127441,-17.8372783660889,"Unknown"
"5020567",378626,2026-04-27 23:17:44,28.8498935699463,-17.8372917175293,"Unknown"
"5020567",378626,2026-04-27 23:18:43,28.8499584197998,-17.8372821807861,"Unknown"
"5020567",378626,2026-04-27 23:19:44,28.8500080108643,-17.8373260498047,"Unknown"
"5020567",378626,2026-04-27 23:20:44,28.8500385284424,-17.8373737335205,"Unknown"
"5020567",378626,2026-04-27 23:21:44,28.8500385284424,-17.8374500274658,"Unknown"
"5020567",378626,2026-04-27 23:22:44,28.8500328063965,-17.8375396728516,"Unknown"
"5020567",378626,2026-04-27 23:23:44,28.8500919342041,-17.8375911712646,"Unknown"
"5020567",378626,2026-04-27 23:24:44,28.850154876709,-17.8376350402832,"Unknown"
"5020567",378626,2026-04-27 23:25:43,28.8501987457275,-17.8376846313477,"Unknown"
"5020567",378626,2026-04-27 23:26:43,28.8502216339111,-17.8377285003662,"Unknown"
"5020567",378626,2026-04-27 23:27:44,28.8502807617188,-17.8377628326416,"Unknown"
"5020567",378626,2026-04-27 23:28:43,28.8503303527832,-17.837797164917,"Unknown"
"5020567",378626,2026-04-27 23:29:44,28.85032081604,-17.8378658294678,"Unknown"
"5020567",378626,2026-04-27 23:30:44,28.8503227233887,-17.837984085083,"Unknown"
"5020567",378626,2026-04-27 23:31:44,28.8503513336182,-17.8380699157715,"Unknown"
"5020567",378626,2026-04-27 23:32:43,28.8504333496094,-17.8381233215332,"Unknown"
"5020567",378626,2026-04-27 23:33:44,28.8505363464355,-17.8381977081299,"Unknown"
"5020567",378626,2026-04-27 23:34:44,28.850606918335,-17.838249206543,"Unknown"
"5020567",378626,2026-04-27 23:35:44,28.8506813049316,-17.8382911682129,"Unknown"
"5020567",378626,2026-04-27 23:36:43,28.850715637207,-17.8383865356445,"Unknown"
"5020567",378626,2026-04-27 23:37:43,28.8507518768311,-17.8383712768555,"Unknown"
"5020567",378626,2026-04-27 23:38:44,28.8507995605469,-17.8383197784424,"Unknown"
"5020567",378626,2026-04-27 23:39:43,28.850887298584,-17.8383140563965,"Unknown"
"5020567",378626,2026-04-27 23:40:44,28.8509273529053,-17.8383274078369,"Unknown"
"5020567",378626,2026-04-27 23:41:43,28.8509941101074,-17.8382778167725,"Unknown"
"5020567",378626,2026-04-27 23:42:43,28.8510570526123,-17.8382682800293,"Unknown"
"5020567",378626,2026-04-27 23:43:43,28.8510761260986,-17.8382472991943,"Unknown"
"5020567",378626,2026-04-27 23:44:43,28.8511085510254,-17.838228225708,"Unknown"
"5020567",378626,2026-04-27 23:45:43,28.8511238098145,-17.8382091522217,"Unknown"
"5020567",378626,2026-04-27 23:46:43,28.8511867523193,-17.8381786346436,"Unknown"
"5020567",378626,2026-04-27 23:47:43,28.8512401580811,-17.8382053375244,"Unknown"
"5020567",378626,2026-04-27 23:48:44,28.851318359375,-17.8381443023682,"Unknown"
"5020567",378626,2026-04-27 23:49:44,28.8513603210449,-17.8381500244141,"Unknown"
"5020567",378626,2026-04-27 23:50:44,28.851432800293,-17.838098526001,"Unknown"
"5020567",378626,2026-04-27 23:51:44,28.8514919281006,-17.8381099700928,"Unknown"
"5020567",378626,2026-04-27 23:52:43,28.8515567779541,-17.838098526001,"Unknown"
"5020567",378626,2026-04-27 23:53:43,28.8515892028809,-17.8381195068359,"Unknown"
"5020567",378626,2026-04-27 23:54:43,28.8516654968262,-17.8381099700928,"Unknown"
"5020567",378626,2026-04-27 23:55:43,28.8516883850098,-17.83811378479,"Unknown"
"5020567",378626,2026-04-27 23:56:43,28.8517017364502,-17.8381881713867,"Unknown"
"5020567",378626,2026-04-27 23:57:43,28.851770401001,-17.8382053375244,"Unknown"
"5020567",378626,2026-04-27 23:58:44,28.8518142700195,-17.8382129669189,"Unknown"
"5020567",378626,2026-04-27 23:59:43,28.8518562316895,-17.8381633758545,"Unknown"
"5020567",378626,2026-04-28 00:00:43,28.8519077301025,-17.8381671905518,"Unknown"
"5020567",378626,2026-04-28 00:01:43,28.8519687652588,-17.8381938934326,"Unknown"
"5020567",378626,2026-04-28 00:02:43,28.8520164489746,-17.8381767272949,"Unknown"
"5020567",378626,2026-04-28 00:03:46,28.8520832061768,-17.8381481170654,"Unknown"
"5020567",378626,2026-04-28 00:04:43,28.8521118164062,-17.8381404876709,"Unknown"
"5020567",378626,2026-04-28 00:05:43,28.8521518707275,-17.8381271362305,"Unknown"
"5020567",378626,2026-04-28 00:07:17,28.8522415161133,-17.8380756378174,"Unknown"
"5020567",378626,2026-04-28 00:07:43,28.8522472381592,-17.8380661010742,"Unknown"
"5020567",378626,2026-04-28 00:08:43,28.8522548675537,-17.8380260467529,"Unknown"
"5020567",378626,2026-04-28 00:09:44,28.85227394104,-17.8379421234131,"Unknown"
"5020567",378626,2026-04-28 00:10:44,28.8523178100586,-17.8378620147705,"Unknown"
"5020567",378626,2026-04-28 00:11:46,28.8523502349854,-17.837797164917,"Unknown"
"5020567",378626,2026-04-28 00:12:44,28.8523941040039,-17.8377571105957,"Unknown"
"5020567",378626,2026-04-28 00:13:44,28.8524131774902,-17.837739944458,"Unknown"
"5020567",378626,2026-04-28 00:14:44,28.8524379730225,-17.8376369476318,"Unknown"
"5020567",378626,2026-04-28 00:15:44,28.8524532318115,-17.837589263916,"Unknown"
"5020567",378626,2026-04-28 00:16:44,28.8524684906006,-17.8375396728516,"Unknown"
"5020567",378626,2026-04-28 00:17:44,28.852502822876,-17.8376274108887,"Unknown"
"5020567",378626,2026-04-28 00:18:44,28.8525257110596,-17.837646484375,"Unknown"
"5020567",378626,2026-04-28 00:19:44,28.8525791168213,-17.8376331329346,"Unknown"
"5020567",378626,2026-04-28 00:20:44,28.8526668548584,-17.8375205993652,"Unknown"
"5020567",378626,2026-04-28 00:21:44,28.8526554107666,-17.8374729156494,"Unknown"
"5020567",378626,2026-04-28 00:22:44,28.8526992797852,-17.8374652862549,"Unknown"
"5020567",378626,2026-04-28 00:23:44,28.8527431488037,-17.8374652862549,"Unknown"
"5020567",378626,2026-04-28 00:24:45,28.8527965545654,-17.8374710083008,"Unknown"
"5020567",378626,2026-04-28 00:25:43,28.8528785705566,-17.8374805450439,"Unknown"
"5020567",378626,2026-04-28 00:26:44,28.8529491424561,-17.8375148773193,"Unknown"
"5020567",378626,2026-04-28 00:27:44,28.8529777526855,-17.8375091552734,"Unknown"
"5020567",378626,2026-04-28 00:28:45,28.853006362915,-17.8374538421631,"Unknown"
"5020567",378626,2026-04-28 00:29:44,28.8530673980713,-17.8374462127686,"Unknown"
"5020567",378626,2026-04-28 00:30:44,28.8530864715576,-17.8373870849609,"Unknown"
"5020567",378626,2026-04-28 00:31:44,28.853141784668,-17.8373622894287,"Unknown"
"5020567",378626,2026-04-28 00:32:44,28.853141784668,-17.8373565673828,"Unknown"
"5020567",378626,2026-04-28 00:33:45,28.8532180786133,-17.8373203277588,"Unknown"
"5020567",378626,2026-04-28 00:34:44,28.8532752990723,-17.8373394012451,"Unknown"
"5020567",378626,2026-04-28 00:35:48,28.8533134460449,-17.8373279571533,"Unknown"
"5020567",378626,2026-04-28 00:36:44,28.8533763885498,-17.837251663208,"Unknown"
"5020567",378626,2026-04-28 00:37:44,28.8533954620361,-17.8372364044189,"Unknown"
"5020567",378626,2026-04-28 00:38:44,28.8534145355225,-17.8371849060059,"Unknown"
"5020567",378626,2026-04-28 00:39:47,28.8534507751465,-17.8370742797852,"Unknown"
"5020567",378626,2026-04-28 00:40:46,28.8534126281738,-17.8369388580322,"Unknown"
"5020567",378626,2026-04-28 00:41:43,28.8533744812012,-17.8368663787842,"Unknown"
"5020567",378626,2026-04-28 00:42:44,28.8533802032471,-17.8368663787842,"Unknown"
"5020567",378626,2026-04-28 00:43:43,28.853385925293,-17.8368053436279,"Unknown"
"5020567",378626,2026-04-28 00:44:44,28.8533916473389,-17.8367652893066,"Unknown"
"5020567",378626,2026-04-28 00:45:46,28.853443145752,-17.8367214202881,"Unknown"
"5020567",378626,2026-04-28 00:46:46,28.8534927368164,-17.8367004394531,"Unknown"
"5020567",378626,2026-04-28 00:47:46,28.8535251617432,-17.8366775512695,"Unknown"
"5020567",378626,2026-04-28 00:48:43,28.8535633087158,-17.8366470336914,"Unknown"
"5020567",378626,2026-04-28 00:49:44,28.8535804748535,-17.8366203308105,"Unknown"
"5020567",378626,2026-04-28 00:50:44,28.8536167144775,-17.8364582061768,"Unknown"
"5020567",378626,2026-04-28 00:51:44,28.8536376953125,-17.836368560791,"Unknown"
"5020567",378626,2026-04-28 00:52:44,28.8536853790283,-17.836353302002,"Unknown"
"5020567",378626,2026-04-28 00:53:43,28.8537502288818,-17.836311340332,"Unknown"
"5020567",378626,2026-04-28 00:54:44,28.8537845611572,-17.8362293243408,"Unknown"
"5020567",378626,2026-04-28 00:55:45,28.8537883758545,-17.8361701965332,"Unknown"
"5020567",378626,2026-04-28 00:56:44,28.8538398742676,-17.8361778259277,"Unknown"
"5020567",378626,2026-04-28 00:57:43,28.8538856506348,-17.8361167907715,"Unknown"
"5020567",378626,2026-04-28 00:58:45,28.8539180755615,-17.8360233306885,"Unknown"
"5020567",378626,2026-04-28 00:59:45,28.8538837432861,-17.8359699249268,"Unknown"
"5020567",378626,2026-04-28 01:00:46,28.8539295196533,-17.8358592987061,"Unknown"
"5020567",378626,2026-04-28 01:01:44,28.8539619445801,-17.8357448577881,"Unknown"
"5020567",378626,2026-04-28 01:02:44,28.8539848327637,-17.8356895446777,"Unknown"
"5020567",378626,2026-04-28 01:03:44,28.8540210723877,-17.8355541229248,"Unknown"
"5020567",378626,2026-04-28 01:04:44,28.8540592193604,-17.835521697998,"Unknown"
"5020567",378626,2026-04-28 01:05:44,28.8540744781494,-17.8354339599609,"Unknown"
"5020567",378626,2026-04-28 01:06:44,28.8540782928467,-17.8353500366211,"Unknown"
"5020567",378626,2026-04-28 01:07:45,28.8540935516357,-17.8352584838867,"Unknown"
"5020567",378626,2026-04-28 01:08:45,28.8540821075439,-17.8352394104004,"Unknown"
"5020567",378626,2026-04-28 01:09:46,28.8540916442871,-17.8352508544922,"Unknown"
"5020567",378626,2026-04-28 01:10:45,28.8541526794434,-17.8352832794189,"Unknown"
"5020567",378626,2026-04-28 01:11:45,28.8542137145996,-17.8353462219238,"Unknown"
"5020567",378626,2026-04-28 01:12:46,28.8542346954346,-17.8353652954102,"Unknown"
"5020567",378626,2026-04-28 01:13:44,28.8542346954346,-17.835277557373,"Unknown"
"5020567",378626,2026-04-28 01:14:45,28.8542366027832,-17.8352642059326,"Unknown"
"5020567",378626,2026-04-28 01:15:44,28.8542346954346,-17.8351821899414,"Unknown"
"5020567",378626,2026-04-28 01:16:46,28.8542709350586,-17.8351707458496,"Unknown"
"5020567",378626,2026-04-28 01:17:45,28.8543109893799,-17.835168838501,"Unknown"
"5020567",378626,2026-04-28 01:18:45,28.8543605804443,-17.8350811004639,"Unknown"
"5020567",378626,2026-04-28 01:19:44,28.8543796539307,-17.8350486755371,"Unknown"
"5020567",378626,2026-04-28 01:20:43,28.8544235229492,-17.8348789215088,"Unknown"
"5020567",378626,2026-04-28 01:21:45,28.8544158935547,-17.8347358703613,"Unknown"
"5020567",378626,2026-04-28 01:22:44,28.854528427124,-17.8347415924072,"Unknown"
"5020567",378626,2026-04-28 01:23:44,28.854564666748,-17.8347072601318,"Unknown"
"5020567",378626,2026-04-28 01:24:46,28.854528427124,-17.8346996307373,"Unknown"
"5020567",378626,2026-04-28 01:25:46,28.8545150756836,-17.8347091674805,"Unknown"
"5020567",378626,2026-04-28 01:26:46,28.8545322418213,-17.8346710205078,"Unknown"
"5020567",378626,2026-04-28 01:27:45,28.8545742034912,-17.8346519470215,"Unknown"
"5020567",378626,2026-04-28 01:28:46,28.8546028137207,-17.8346347808838,"Unknown"
"5020567",378626,2026-04-28 01:29:46,28.8546257019043,-17.8345413208008,"Unknown"
"5020567",378626,2026-04-28 01:30:47,28.8546447753906,-17.8345394134521,"Unknown"
"5020567",378626,2026-04-28 01:31:52,28.8546333312988,-17.8345260620117,"Unknown"
"5020567",378626,2026-04-28 01:32:46,28.854585647583,-17.8344211578369,"Unknown"
"5020567",378626,2026-04-28 01:33:47,28.8545818328857,-17.8343830108643,"Unknown"
"5020567",378626,2026-04-28 01:34:44,28.854549407959,-17.8343276977539,"Unknown"
"5020567",378626,2026-04-28 01:35:44,28.8545036315918,-17.8342781066895,"Unknown"
"5020567",378626,2026-04-28 01:36:46,28.8545074462891,-17.8342456817627,"Unknown"
"5020567",378626,2026-04-28 01:37:52,28.8545246124268,-17.834156036377,"Unknown"
"5020567",378626,2026-04-28 01:38:47,28.8544788360596,-17.8341255187988,"Unknown"
"5020567",378626,2026-04-28 01:39:50,28.8544788360596,-17.8339519500732,"Unknown"
"5020567",378626,2026-04-28 01:40:51,28.8544826507568,-17.8338584899902,"Unknown"
"5020567",378626,2026-04-28 01:41:44,28.8544826507568,-17.8337802886963,"Unknown"
"5020567",378626,2026-04-28 01:42:47,28.8544673919678,-17.8337211608887,"Unknown"
"5020567",378626,2026-04-28 01:43:45,28.8544788360596,-17.8336486816406,"Unknown"
"5020567",378626,2026-04-28 01:44:51,28.8545074462891,-17.8335208892822,"Unknown"
"5020567",378626,2026-04-28 01:45:51,28.8545246124268,-17.8334102630615,"Unknown"
"5020567",378626,2026-04-28 01:46:47,28.8545017242432,-17.8333892822266,"Unknown"
"5020567",378626,2026-04-28 01:47:47,28.8545379638672,-17.8332710266113,"Unknown"
"5020567",378626,2026-04-28 01:49:03,28.8545722961426,-17.8331413269043,"Unknown"
"5020567",378626,2026-04-28 01:49:44,28.8546104431152,-17.8330593109131,"Unknown"
"5020567",378626,2026-04-28 01:50:44,28.8546543121338,-17.8330192565918,"Unknown"
"5020567",378626,2026-04-28 01:51:44,28.8547019958496,-17.8329181671143,"Unknown"
"5020567",378626,2026-04-28 01:52:44,28.8547763824463,-17.8328609466553,"Unknown"
"5020567",378626,2026-04-28 01:53:44,28.8548393249512,-17.8328056335449,"Unknown"
"5020567",378626,2026-04-28 01:54:44,28.8548698425293,-17.8328056335449,"Unknown"
"5020567",378626,2026-04-28 01:55:44,28.8548583984375,-17.8327980041504,"Unknown"
"5020567",378626,2026-04-28 01:56:44,28.8549385070801,-17.832691192627,"Unknown"
"5020567",378626,2026-04-28 01:57:44,28.8549098968506,-17.8326778411865,"Unknown"
"5020567",378626,2026-04-28 01:58:44,28.8549041748047,-17.8326358795166,"Unknown"
"5020567",378626,2026-04-28 01:59:44,28.8548908233643,-17.8325366973877,"Unknown"
"5020567",378626,2026-04-28 02:00:44,28.8545799255371,-17.832649230957,"Unknown"
"5020567",378626,2026-04-28 02:01:46,28.8545722961426,-17.832592010498,"Unknown"
"5020567",378626,2026-04-28 02:02:43,28.8545837402344,-17.8325729370117,"Unknown"
"5020567",378626,2026-04-28 02:03:44,28.8546028137207,-17.8325634002686,"Unknown"
"5020567",378626,2026-04-28 02:04:43,28.8546409606934,-17.8325710296631,"Unknown"
"5020567",378626,2026-04-28 02:05:43,28.8546657562256,-17.8325729370117,"Unknown"
"5020567",378626,2026-04-28 02:06:43,28.854663848877,-17.83251953125,"Unknown"
"5020567",378626,2026-04-28 02:07:44,28.854663848877,-17.8324947357178,"Unknown"
"5020567",378626,2026-04-28 02:08:46,28.8546772003174,-17.8324851989746,"Unknown"
"5020567",378626,2026-04-28 02:18:46,28.8545169830322,-17.8321857452393,"Unknown"
"5020567",378626,2026-04-28 02:19:44,28.8545074462891,-17.8321495056152,"Unknown"
"5020567",378626,2026-04-28 02:20:46,28.8545551300049,-17.8321132659912,"Unknown"
"5020567",378626,2026-04-28 02:21:44,28.8546047210693,-17.832103729248,"Unknown"
"5020567",378626,2026-04-28 02:22:44,28.854642868042,-17.8320369720459,"Unknown"
"5020567",378626,2026-04-28 02:32:46,28.8549499511719,-17.8314437866211,"Unknown"
"5020567",378626,2026-04-28 02:33:44,28.8549690246582,-17.8314266204834,"Unknown"
"5020567",378626,2026-04-28 02:34:44,28.855016708374,-17.8313770294189,"Unknown"
"5020567",378626,2026-04-28 02:35:43,28.8549537658691,-17.8313083648682,"Unknown"
"5020567",378626,2026-04-28 02:36:44,28.8549327850342,-17.831241607666,"Unknown"
"5020567",378626,2026-04-28 02:37:43,28.8549270629883,-17.831169128418,"Unknown"
"5020567",378626,2026-04-28 02:47:44,28.8548355102539,-17.83056640625,"Unknown"
"5020567",378626,2026-04-28 02:48:44,28.8548145294189,-17.8305797576904,"Unknown"
"5020567",378626,2026-04-28 02:58:44,28.8547973632812,-17.8300685882568,"Unknown"
"5020567",378626,2026-04-28 03:09:03,28.8545551300049,-17.8283462524414,"Unknown"
"5020567",378626,2026-04-28 03:18:44,28.8544483184814,-17.8278369903564,"Unknown"
"5020567",378626,2026-04-28 03:28:44,28.8545303344727,-17.8276538848877,"Unknown"
"5020567",378626,2026-04-28 03:38:44,28.844123840332,-17.7753219604492,"Unknown"
"5020567",378626,2026-04-28 03:48:44,28.7684593200684,-17.7400817871094,"Unknown"
"5020567",378626,2026-04-28 03:58:44,28.7077789306641,-17.7435321807861,"Unknown"
"5020567",378626,2026-04-28 04:10:09,28.7195377349854,-17.764087677002,"Unknown"
"5020567",378626,2026-04-28 05:50:09,28.7094974517822,-17.7164840698242,"Unknown"
"5020567",378626,2026-04-28 05:59:03,28.7091407775879,-17.7161712646484,"Unknown"
"5020567",378626,2026-04-28 06:08:44,28.7088661193848,-17.7157726287842,"Unknown"
"5020567",378626,2026-04-28 06:18:44,28.7086200714111,-17.7155647277832,"Unknown"
"5020567",378626,2026-04-28 06:28:44,28.7251758575439,-17.7196846008301,"Unknown"
"5020567",378626,2026-04-28 06:38:45,28.7424449920654,-17.7029647827148,"Unknown"
"5020567",378626,2026-04-28 06:48:44,28.7642421722412,-17.7153053283691,"Unknown"
"5020567",378626,2026-04-28 06:58:44,28.7657165527344,-17.7225723266602,"Unknown"
"5020567",378626,2026-04-28 07:08:44,28.7669372558594,-17.7221088409424,"Unknown"
"5020567",378626,2026-04-28 07:18:44,28.7683734893799,-17.721700668335,"Unknown"
"5020567",378626,2026-04-28 07:28:44,28.7699584960938,-17.7211151123047,"Unknown"
"5020567",378626,2026-04-28 07:38:44,28.7868690490723,-17.7461090087891,"Unknown"
"5020567",378626,2026-04-28 07:48:46,28.8234043121338,-17.7293891906738,"Unknown"
"5020567",378626,2026-04-28 07:58:48,28.8277359008789,-17.7260971069336,"Unknown"
"5020567",378626,2026-04-28 08:09:02,28.8205757141113,-17.7312564849854,"Unknown"
"5020567",378626,2026-04-28 08:18:44,28.8139991760254,-17.7463474273682,"Unknown"
"5020567",378626,2026-04-28 08:28:44,28.8381958007812,-17.7676887512207,"Unknown"
"5020567",378626,2026-04-28 08:38:44,28.8194808959961,-17.7508316040039,"Unknown"
"5020567",378626,2026-04-28 08:48:44,28.806303024292,-17.7411346435547,"Unknown"
"5020567",378626,2026-04-28 08:58:44,28.7699317932129,-17.7110595703125,"Unknown"
"5020567",378626,2026-04-28 09:08:44,28.7704257965088,-17.7107219696045,"Unknown"
"5020567",378626,2026-04-28 09:18:44,28.774621963501,-17.7399883270264,"Unknown"
"5020567",378626,2026-04-28 09:28:49,28.786470413208,-17.7451171875,"Unknown"
"5020567",378626,2026-04-28 09:38:44,28.7851734161377,-17.7441711425781,"Unknown"
"5020567",378626,2026-04-28 09:49:01,28.7921981811523,-17.7469787597656,"Unknown"
"5020567",378626,2026-04-28 09:58:46,28.795690536499,-17.7488441467285,"Unknown"
"5020567",378626,2026-04-28 10:08:47,28.7946662902832,-17.7481632232666,"Unknown"
"5020567",378626,2026-04-28 10:18:44,28.7929649353027,-17.7475280761719,"Unknown"
"5020567",378626,2026-04-28 10:28:48,28.7920265197754,-17.7470474243164,"Unknown"
"5020567",378626,2026-04-28 10:29:49,28.7919788360596,-17.747049331665,"Unknown"
"5020567",378626,2026-04-28 10:30:53,28.791934967041,-17.7470092773438,"Unknown"
"5020567",378626,2026-04-28 10:31:48,28.7918701171875,-17.7469921112061,"Unknown"
"5020567",378626,2026-04-28 10:32:54,28.7917957305908,-17.7469673156738,"Unknown"
"5020567",378626,2026-04-28 10:33:50,28.79176902771,-17.7469348907471,"Unknown"
"5020567",378626,2026-04-28 10:34:49,28.7916736602783,-17.746997833252,"Unknown"
"5020567",378626,2026-04-28 10:36:03,28.7915420532227,-17.7469711303711,"Unknown"
"5020567",378626,2026-04-28 10:45:43,28.7905979156494,-17.7468566894531,"Unknown"
"5020567",378626,2026-04-28 10:46:44,28.7904434204102,-17.7468242645264,"Unknown"
"5020567",378626,2026-04-28 10:47:44,28.7903327941895,-17.746732711792,"Unknown"
"5020567",378626,2026-04-28 10:48:44,28.7902355194092,-17.7466983795166,"Unknown"
"5020567",378626,2026-04-28 10:49:44,28.7901172637939,-17.7466468811035,"Unknown"
"5020567",378626,2026-04-28 10:50:44,28.7899570465088,-17.7465362548828,"Unknown"
"5020567",378626,2026-04-28 10:51:44,28.7897987365723,-17.7464008331299,"Unknown"
"5020567",378626,2026-04-28 10:52:44,28.7896461486816,-17.7462787628174,"Unknown"
"5020567",378626,2026-04-28 10:53:44,28.7895069122314,-17.7461738586426,"Unknown"
"5020567",378626,2026-04-28 10:54:44,28.7893333435059,-17.7460594177246,"Unknown"
"5020567",378626,2026-04-28 10:55:44,28.7891635894775,-17.7459297180176,"Unknown"
"5020567",378626,2026-04-28 10:56:44,28.7889633178711,-17.7458381652832,"Unknown"
"5020567",378626,2026-04-28 10:57:44,28.7887763977051,-17.7457084655762,"Unknown"
"5020567",378626,2026-04-28 10:58:44,28.7886257171631,-17.7455577850342,"Unknown"
"5020567",378626,2026-04-28 10:59:44,28.7884502410889,-17.7454051971436,"Unknown"
"5020567",378626,2026-04-28 11:00:44,28.7882919311523,-17.7452793121338,"Unknown"
"5020567",378626,2026-04-28 11:01:44,28.7881774902344,-17.7452259063721,"Unknown"
"5020567",378626,2026-04-28 11:02:44,28.7880344390869,-17.7451457977295,"Unknown"
"5020567",378626,2026-04-28 11:03:44,28.7878913879395,-17.7450733184814,"Unknown"
"5020567",378626,2026-04-28 11:04:44,28.7877388000488,-17.7450218200684,"Unknown"
"5020567",378626,2026-04-28 11:05:44,28.787576675415,-17.7449474334717,"Unknown"
"5020567",378626,2026-04-28 11:06:44,28.7874298095703,-17.7449150085449,"Unknown"
"5020567",378626,2026-04-28 11:07:44,28.7872676849365,-17.7448844909668,"Unknown"
"5020567",378626,2026-04-28 11:08:44,28.7870864868164,-17.7448177337646,"Unknown"
"5020567",378626,2026-04-28 11:09:44,28.7869415283203,-17.7447204589844,"Unknown"
"5020567",378626,2026-04-28 11:10:44,28.7867622375488,-17.7446174621582,"Unknown"
"5020567",378626,2026-04-28 11:11:44,28.786563873291,-17.7445373535156,"Unknown"
"5020567",378626,2026-04-28 11:12:44,28.7863674163818,-17.7444248199463,"Unknown"
"5020567",378626,2026-04-28 11:13:44,28.7862033843994,-17.7443008422852,"Unknown"
"5020567",378626,2026-04-28 11:14:44,28.7860279083252,-17.7441692352295,"Unknown"
"5020567",378626,2026-04-28 11:15:44,28.7858238220215,-17.7440547943115,"Unknown"
"5020567",378626,2026-04-28 11:16:44,28.7856502532959,-17.7439250946045,"Unknown"
"5020567",378626,2026-04-28 11:17:43,28.7855167388916,-17.7438106536865,"Unknown"
"5020567",378626,2026-04-28 11:18:44,28.7853546142578,-17.743709564209,"Unknown"
"5020567",378626,2026-04-28 11:19:44,28.7852058410645,-17.7436027526855,"Unknown"
"5020567",378626,2026-04-28 11:20:44,28.785041809082,-17.7434711456299,"Unknown"
"5020567",378626,2026-04-28 11:21:44,28.7849464416504,-17.7434139251709,"Unknown"
"5020567",378626,2026-04-28 11:22:44,28.7848434448242,-17.7433815002441,"Unknown"
"5020567",378626,2026-04-28 11:23:44,28.7847099304199,-17.7433395385742,"Unknown"
"5020567",378626,2026-04-28 11:24:44,28.7846202850342,-17.7432613372803,"Unknown"
"5020567",378626,2026-04-28 11:25:44,28.784481048584,-17.7432022094727,"Unknown"
"5020567",378626,2026-04-28 11:26:44,28.7843589782715,-17.7431373596191,"Unknown"
"5020567",378626,2026-04-28 11:27:44,28.7842121124268,-17.7430934906006,"Unknown"
"5020567",378626,2026-04-28 11:28:44,28.7840881347656,-17.743070602417,"Unknown"
"5020567",378626,2026-04-28 11:29:44,28.7839603424072,-17.7430438995361,"Unknown"
"5020567",378626,2026-04-28 11:30:44,28.7838497161865,-17.7430324554443,"Unknown"
"5020567",378626,2026-04-28 11:31:44,28.7837047576904,-17.742992401123,"Unknown"
"5020567",378626,2026-04-28 11:32:44,28.783561706543,-17.7429904937744,"Unknown"
"5020567",378626,2026-04-28 11:33:44,28.783411026001,-17.7429504394531,"Unknown"
"5020567",378626,2026-04-28 11:34:44,28.7832489013672,-17.7429313659668,"Unknown"
"5020567",378626,2026-04-28 11:35:44,28.7830791473389,-17.7429237365723,"Unknown"
"5020567",378626,2026-04-28 11:36:44,28.7829151153564,-17.7429161071777,"Unknown"
"5020567",378626,2026-04-28 11:37:44,28.7827415466309,-17.7429161071777,"Unknown"
"5020567",378626,2026-04-28 11:38:44,28.7825679779053,-17.7429103851318,"Unknown"
"5020567",378626,2026-04-28 11:39:44,28.7823867797852,-17.7429313659668,"Unknown"
"5020567",378626,2026-04-28 11:40:44,28.7821941375732,-17.7429275512695,"Unknown"
"5020567",378626,2026-04-28 11:41:43,28.7820301055908,-17.7429313659668,"Unknown"
"5020567",378626,2026-04-28 11:42:44,28.7818450927734,-17.742826461792,"Unknown"
"5020567",378626,2026-04-28 11:43:44,28.781717300415,-17.7427101135254,"Unknown"
"5020567",378626,2026-04-28 11:44:44,28.7815818786621,-17.7425975799561,"Unknown"
"5020567",378626,2026-04-28 11:45:44,28.7814350128174,-17.7424774169922,"Unknown"
"5020567",378626,2026-04-28 11:46:44,28.7813148498535,-17.7423629760742,"Unknown"
"5020567",378626,2026-04-28 11:47:45,28.7811183929443,-17.7422580718994,"Unknown"
"5020567",378626,2026-04-28 11:48:46,28.7809104919434,-17.7421340942383,"Unknown"
"5020567",378626,2026-04-28 11:49:46,28.7807025909424,-17.7420291900635,"Unknown"
"5020567",378626,2026-04-28 11:50:44,28.7804908752441,-17.7419204711914,"Unknown"
"5020567",378626,2026-04-28 11:51:46,28.7795429229736,-17.7404136657715,"Unknown"
"5020567",378626,2026-04-28 11:52:44,28.7775287628174,-17.7376708984375,"Unknown"
"5020567",378626,2026-04-28 11:53:44,28.7774257659912,-17.7376346588135,"Unknown"
"5020567",378626,2026-04-28 11:54:44,28.7773342132568,-17.7375946044922,"Unknown"
"5020567",378626,2026-04-28 11:55:47,28.777229309082,-17.7375621795654,"Unknown"
"5020567",378626,2026-04-28 11:56:44,28.7771778106689,-17.7375316619873,"Unknown"
"5020567",378626,2026-04-28 11:57:46,28.7771015167236,-17.7375202178955,"Unknown"
"5020567",378626,2026-04-28 11:58:44,28.7770347595215,-17.7375431060791,"Unknown"
"5020567",378626,2026-04-28 11:59:45,28.7769470214844,-17.7375202178955,"Unknown"
"5020567",378626,2026-04-28 12:00:44,28.7768650054932,-17.7375144958496,"Unknown"
"5020567",378626,2026-04-28 12:01:44,28.7767810821533,-17.737512588501,"Unknown"
"5020567",378626,2026-04-28 12:02:44,28.7766780853271,-17.7375221252441,"Unknown"
"5020567",378626,2026-04-28 12:03:44,28.7765789031982,-17.7374629974365,"Unknown"
"5020567",378626,2026-04-28 12:04:44,28.7764739990234,-17.7374286651611,"Unknown"
"5020567",378626,2026-04-28 12:05:44,28.7763805389404,-17.7374248504639,"Unknown"
"5020567",378626,2026-04-28 12:06:44,28.7762870788574,-17.7374324798584,"Unknown"
"5020567",378626,2026-04-28 12:07:44,28.7761783599854,-17.7374134063721,"Unknown"
"5020567",378626,2026-04-28 12:08:44,28.7760887145996,-17.7374000549316,"Unknown"
"5020567",378626,2026-04-28 12:09:44,28.7759799957275,-17.7374019622803,"Unknown"
"5020567",378626,2026-04-28 12:10:44,28.7759208679199,-17.7373313903809,"Unknown"
"5020567",378626,2026-04-28 12:11:44,28.7758445739746,-17.7372875213623,"Unknown"
"5020567",378626,2026-04-28 12:12:44,28.7757377624512,-17.7373180389404,"Unknown"
"5020567",378626,2026-04-28 12:13:44,28.7756195068359,-17.7373218536377,"Unknown"
"5020567",378626,2026-04-28 12:14:44,28.7755088806152,-17.7372856140137,"Unknown"
"5020567",378626,2026-04-28 12:15:44,28.7754707336426,-17.737232208252,"Unknown"
"5020567",378626,2026-04-28 12:16:44,28.7753868103027,-17.7371730804443,"Unknown"
"5020567",378626,2026-04-28 12:17:44,28.7752704620361,-17.7371368408203,"Unknown"
"5020567",378626,2026-04-28 12:18:44,28.7751522064209,-17.7371063232422,"Unknown"
"5020567",378626,2026-04-28 12:19:44,28.7759780883789,-17.7388286590576,"Unknown"
"5020567",378626,2026-04-28 12:20:44,28.7804164886475,-17.7406253814697,"Unknown"
"5020567",378626,2026-04-28 12:21:44,28.7840995788574,-17.7416896820068,"Unknown"
"5020567",378626,2026-04-28 12:22:44,28.7831878662109,-17.7410564422607,"Unknown"
"5020567",378626,2026-04-28 12:23:44,28.783073425293,-17.7405586242676,"Unknown"
"5020567",378626,2026-04-28 12:24:44,28.7829837799072,-17.7404403686523,"Unknown"
"5020567",378626,2026-04-28 12:25:45,28.785493850708,-17.7400169372559,"Unknown"
"5020567",378626,2026-04-28 12:26:45,28.789680480957,-17.7411460876465,"Unknown"
"5020567",378626,2026-04-28 12:27:44,28.7933959960938,-17.7434329986572,"Unknown"
"5020567",378626,2026-04-28 12:28:44,28.7977638244629,-17.7451190948486,"Unknown"
"5020567",378626,2026-04-28 12:29:44,28.8015422821045,-17.7480754852295,"Unknown"
"5020567",378626,2026-04-28 12:30:44,28.8058185577393,-17.7505378723145,"Unknown"
"5020567",378626,2026-04-28 12:31:44,28.8089237213135,-17.747163772583,"Unknown"
"5020567",378626,2026-04-28 12:32:44,28.8123378753662,-17.7491455078125,"Unknown"
"5020567",378626,2026-04-28 12:33:44,28.8164672851562,-17.7518711090088,"Unknown"
"5020567",378626,2026-04-28 12:34:44,28.8199214935303,-17.7542114257812,"Unknown"
"5020567",378626,2026-04-28 12:35:45,28.8237915039062,-17.7568225860596,"Unknown"
"5020567",378626,2026-04-28 12:36:45,28.8275470733643,-17.7600479125977,"Unknown"
"5020567",378626,2026-04-28 12:37:44,28.830867767334,-17.7635383605957,"Unknown"
"5020567",378626,2026-04-28 12:38:44,28.8340263366699,-17.7671165466309,"Unknown"
"5020567",378626,2026-04-28 12:39:44,28.8369808197021,-17.7714004516602,"Unknown"
"5020567",378626,2026-04-28 12:40:44,28.8405914306641,-17.7749786376953,"Unknown"
"5020567",378626,2026-04-28 12:41:44,28.8445529937744,-17.7768898010254,"Unknown"
"5020567",378626,2026-04-28 12:42:44,28.8479766845703,-17.7794723510742,"Unknown"
"5020567",378626,2026-04-28 12:43:44,28.8493309020996,-17.7844791412354,"Unknown"
"5020567",378626,2026-04-28 12:44:44,28.8512420654297,-17.7897663116455,"Unknown"
"5020567",378626,2026-04-28 12:45:44,28.8521976470947,-17.7949466705322,"Unknown"
"5020567",378626,2026-04-28 12:46:44,28.8529796600342,-17.8004245758057,"Unknown"
"5020567",378626,2026-04-28 12:47:44,28.8530006408691,-17.8063354492188,"Unknown"
"5020567",378626,2026-04-28 12:48:44,28.8517894744873,-17.8117790222168,"Unknown"
"5020567",378626,2026-04-28 12:49:44,28.8516540527344,-17.8178558349609,"Unknown"
"5020567",378626,2026-04-28 12:50:44,28.8525257110596,-17.8196697235107,"Unknown"
"5020567",378626,2026-04-28 12:51:44,28.8524875640869,-17.8196182250977,"Unknown"
"5020567",378626,2026-04-28 12:52:45,28.8523902893066,-17.8195457458496,"Unknown"
"5020567",378626,2026-04-28 12:53:44,28.8523597717285,-17.8194904327393,"Unknown"
"5020567",378626,2026-04-28 12:54:44,28.8522930145264,-17.8194713592529,"Unknown"
"5020567",378626,2026-04-28 12:55:44,28.8521919250488,-17.8194122314453,"Unknown"
"5020567",378626,2026-04-28 12:56:45,28.8521327972412,-17.8193531036377,"Unknown"
"5020567",378626,2026-04-28 12:57:45,28.8520660400391,-17.8193225860596,"Unknown"
"5020567",378626,2026-04-28 12:58:45,28.8520069122314,-17.8192520141602,"Unknown"
"5020567",378626,2026-04-28 12:59:44,28.8519420623779,-17.8191947937012,"Unknown"
"5020567",378626,2026-04-28 13:00:45,28.8519420623779,-17.8190937042236,"Unknown"
"5020567",378626,2026-04-28 13:01:47,28.8518581390381,-17.8190822601318,"Unknown"
"5020567",378626,2026-04-28 13:02:44,28.8518505096436,-17.8190059661865,"Unknown"
"5020567",378626,2026-04-28 13:03:44,28.8518123626709,-17.8189067840576,"Unknown"
"5020567",378626,2026-04-28 13:04:46,28.8517265319824,-17.8188800811768,"Unknown"
"5020567",378626,2026-04-28 13:05:44,28.8517112731934,-17.8188285827637,"Unknown"
"5020567",378626,2026-04-28 13:06:44,28.8516674041748,-17.8187637329102,"Unknown"
"5020567",378626,2026-04-28 13:07:45,28.8516368865967,-17.818696975708,"Unknown"
"5020567",378626,2026-04-28 13:08:47,28.8515701293945,-17.8186416625977,"Unknown"
"5020567",378626,2026-04-28 13:09:48,28.8515243530273,-17.8185920715332,"Unknown"
"5020567",378626,2026-04-28 13:10:46,28.8514633178711,-17.8185691833496,"Unknown"
"5020567",378626,2026-04-28 13:11:47,28.8514595031738,-17.8186664581299,"Unknown"
"5020567",378626,2026-04-28 13:12:48,28.8514461517334,-17.8187046051025,"Unknown"
"5020567",378626,2026-04-28 13:13:48,28.851375579834,-17.818826675415,"Unknown"
"5020567",378626,2026-04-28 13:14:47,28.851921081543,-17.8190593719482,"Unknown"
"5020567",378626,2026-04-28 13:15:47,28.8519325256348,-17.8189220428467,"Unknown"
"5020567",378626,2026-04-28 13:16:46,28.8533325195312,-17.8226089477539,"Unknown"
"5020567",378626,2026-04-28 13:17:48,28.8534469604492,-17.8227043151855,"Unknown"
"5020567",378626,2026-04-28 13:18:45,28.8533592224121,-17.8225784301758,"Unknown"
"5020567",378626,2026-04-28 13:19:47,28.8533134460449,-17.8224639892578,"Unknown"
"5020567",378626,2026-04-28 13:20:46,28.8532257080078,-17.8224201202393,"Unknown"
"5020567",378626,2026-04-28 13:21:45,28.8532009124756,-17.8223247528076,"Unknown"
"5020567",378626,2026-04-28 13:22:51,28.8531055450439,-17.8222579956055,"Unknown"
"5020567",378626,2026-04-28 13:23:48,28.8531551361084,-17.8220252990723,"Unknown"
"5020567",378626,2026-04-28 13:25:03,28.8529567718506,-17.8221626281738,"Unknown"
"5020567",378626,2026-04-28 13:25:44,28.8529014587402,-17.8221244812012,"Unknown"
"5020567",378626,2026-04-28 13:26:45,28.8528442382812,-17.8220348358154,"Unknown"
"5020567",378626,2026-04-28 13:27:44,28.8527908325195,-17.8219623565674,"Unknown"
"5020567",378626,2026-04-28 13:28:46,28.8527431488037,-17.821870803833,"Unknown"
"5020567",378626,2026-04-28 13:29:44,28.8526554107666,-17.8217754364014,"Unknown"
"5020567",378626,2026-04-28 13:30:44,28.8525848388672,-17.8217086791992,"Unknown"
"5020567",378626,2026-04-28 13:31:45,28.8525257110596,-17.8216361999512,"Unknown"
"5020567",378626,2026-04-28 13:32:44,28.8524513244629,-17.8215789794922,"Unknown"
"5020567",378626,2026-04-28 13:33:45,28.8523788452148,-17.8215084075928,"Unknown"
"5020567",378626,2026-04-28 13:34:44,28.8523044586182,-17.8214340209961,"Unknown"
"5020567",378626,2026-04-28 13:35:44,28.8522300720215,-17.8213672637939,"Unknown"
"5020567",378626,2026-04-28 13:36:46,28.8521595001221,-17.8213043212891,"Unknown"
"5020567",378626,2026-04-28 13:37:46,28.852087020874,-17.821216583252,"Unknown"
"5020567",378626,2026-04-28 13:38:46,28.852029800415,-17.8211479187012,"Unknown"
"5020567",378626,2026-04-28 13:39:46,28.8519458770752,-17.8210792541504,"Unknown"
"5020567",378626,2026-04-28 13:40:46,28.8518867492676,-17.8210029602051,"Unknown"
"5020567",378626,2026-04-28 13:41:44,28.8518123626709,-17.8209190368652,"Unknown"
"5020567",378626,2026-04-28 13:42:46,28.8517284393311,-17.8208503723145,"Unknown"
"5020567",378626,2026-04-28 13:43:46,28.8516616821289,-17.8207931518555,"Unknown"
"5020567",378626,2026-04-28 13:44:44,28.8515968322754,-17.8207149505615,"Unknown"
"5020567",378626,2026-04-28 13:45:44,28.8515377044678,-17.8206443786621,"Unknown"
"5020567",378626,2026-04-28 13:46:46,28.8514804840088,-17.8205528259277,"Unknown"
"5020567",378626,2026-04-28 13:47:44,28.8514137268066,-17.8204784393311,"Unknown"
"5020567",378626,2026-04-28 13:48:44,28.8513584136963,-17.8204479217529,"Unknown"
"5020567",378626,2026-04-28 13:49:46,28.8512763977051,-17.8203735351562,"Unknown"
"5020567",378626,2026-04-28 13:50:46,28.8512096405029,-17.8202857971191,"Unknown"
"5020567",378626,2026-04-28 13:51:46,28.8511543273926,-17.8202285766602,"Unknown"
"5020567",378626,2026-04-28 13:52:46,28.8510723114014,-17.8201503753662,"Unknown"
"5020567",378626,2026-04-28 13:53:47,28.8509845733643,-17.820104598999,"Unknown"
"5020567",378626,2026-04-28 13:54:46,28.850902557373,-17.820011138916,"Unknown"
"5020567",378626,2026-04-28 13:55:46,28.8508167266846,-17.8199481964111,"Unknown"
"5020567",378626,2026-04-28 13:56:49,28.8507461547852,-17.819860458374,"Unknown"
"5020567",378626,2026-04-28 13:57:46,28.8506965637207,-17.8197898864746,"Unknown"
"5020567",378626,2026-04-28 13:58:47,28.8506145477295,-17.8197231292725,"Unknown"
"5020567",378626,2026-04-28 13:59:47,28.8505325317383,-17.8196392059326,"Unknown"
"5020567",378626,2026-04-28 14:00:46,28.8504390716553,-17.8195858001709,"Unknown"
"5020567",378626,2026-04-28 14:01:46,28.8503684997559,-17.8195114135742,"Unknown"
"5020567",378626,2026-04-28 14:02:46,28.8502941131592,-17.8194484710693,"Unknown"
"5020567",378626,2026-04-28 14:03:47,28.8503150939941,-17.8193550109863,"Unknown"
"5020567",378626,2026-04-28 14:04:49,28.8503608703613,-17.8192977905273,"Unknown"
"5020567",378626,2026-04-28 14:06:03,28.8503818511963,-17.8192863464355,"Unknown"
"5020567",378626,2026-04-28 14:06:44,28.8503589630127,-17.8192939758301,"Unknown"
"5020567",378626,2026-04-28 14:07:44,28.8503608703613,-17.8192901611328,"Unknown"
"5020567",378626,2026-04-28 14:08:44,28.8502922058105,-17.8192615509033,"Unknown"
"5020567",378626,2026-04-28 14:09:44,28.8502941131592,-17.8192043304443,"Unknown"
"5020567",378626,2026-04-28 14:10:44,28.8503475189209,-17.8191432952881,"Unknown"
"5020567",378626,2026-04-28 14:11:44,28.8504009246826,-17.8190879821777,"Unknown"
"5020567",378626,2026-04-28 14:12:44,28.8509426116943,-17.8192844390869,"Unknown"
"5020567",378626,2026-04-28 14:13:44,28.8560276031494,-17.8171005249023,"Unknown"
"5020567",378626,2026-04-28 14:14:44,28.8608665466309,-17.8167381286621,"Unknown"
"5020567",378626,2026-04-28 14:15:45,28.8639335632324,-17.8127365112305,"Unknown"
"5020567",378626,2026-04-28 14:16:44,28.8683166503906,-17.8174381256104,"Unknown"
"5020567",378626,2026-04-28 14:21:44,28.870677947998,-17.815242767334,"Unknown"
"5020567",378626,2026-04-28 14:26:44,28.8682842254639,-17.8087463378906,"Unknown"
"5020567",378626,2026-04-28 14:31:44,28.8685188293457,-17.8104858398438,"Unknown"
"5020567",378626,2026-04-28 14:36:46,28.8704147338867,-17.8113956451416,"Unknown"
"5020567",378626,2026-04-28 14:41:44,28.8702716827393,-17.8041763305664,"Unknown"
"5020567",378626,2026-04-28 14:46:44,28.8699569702148,-17.8055381774902,"Unknown"
"5020567",378626,2026-04-28 14:51:45,28.8763732910156,-17.8121776580811,"Unknown"
"5020567",378626,2026-04-28 14:56:44,28.8760356903076,-17.8117275238037,"Unknown"
"5020567",378626,2026-04-28 15:01:46,28.8787536621094,-17.8093910217285,"Unknown"
"5020567",378626,2026-04-28 15:06:46,28.882984161377,-17.8105278015137,"Unknown"
"5020567",378626,2026-04-28 15:11:46,28.8828716278076,-17.8103904724121,"Unknown"
"5020567",378626,2026-04-28 15:16:45,28.8826961517334,-17.8102626800537,"Unknown"
"5020567",378626,2026-04-28 15:21:45,28.8894062042236,-17.8063983917236,"Unknown"
"5020567",378626,2026-04-28 15:26:45,28.890172958374,-17.8036422729492,"Unknown"
"5020567",378626,2026-04-28 15:31:44,28.8926486968994,-17.8018665313721,"Unknown"
"5020567",378626,2026-04-28 15:37:03,28.8933601379395,-17.799488067627,"Unknown"
"5020567",378626,2026-04-28 15:41:45,28.8957977294922,-17.7983169555664,"Unknown"
"5020567",378626,2026-04-28 15:46:44,28.898983001709,-17.8001403808594,"Unknown"
"5020567",378626,2026-04-28 15:51:44,28.8996315002441,-17.7993564605713,"Unknown"
"5020567",378626,2026-04-28 15:56:44,28.9046993255615,-17.7984504699707,"Unknown"
"5020567",378626,2026-04-28 16:01:44,28.9072647094727,-17.7998867034912,"Unknown"
"5020567",378626,2026-04-28 16:06:50,28.9098281860352,-17.7992095947266,"Unknown"
"5020567",378626,2026-04-28 16:11:44,28.9101219177246,-17.7995529174805,"Unknown"
"5020567",378626,2026-04-28 16:16:44,28.9163951873779,-17.7972278594971,"Unknown"
"5020567",378626,2026-04-28 16:21:43,28.9184532165527,-17.7979183197021,"Unknown"
"5020567",378626,2026-04-28 16:26:45,28.9189643859863,-17.7985191345215,"Unknown"
"5020567",378626,2026-04-28 16:31:44,28.9204902648926,-17.8010559082031,"Unknown"
"5020567",378626,2026-04-28 16:36:44,28.9234619140625,-17.8027038574219,"Unknown"
"5020567",378626,2026-04-28 16:41:43,28.9237976074219,-17.8032112121582,"Unknown"
"5020567",378626,2026-04-28 16:46:45,28.9240283966064,-17.8037338256836,"Unknown"
"5020567",378626,2026-04-28 16:51:46,28.9243278503418,-17.8040981292725,"Unknown"
"5020567",378626,2026-04-28 16:56:46,28.9246826171875,-17.8042373657227,"Unknown"
"5020567",378626,2026-04-28 17:01:44,28.9224147796631,-17.8067779541016,"Unknown"
"5020567",378626,2026-04-28 17:06:46,28.9226837158203,-17.8068618774414,"Unknown"
"5020567",378626,2026-04-28 17:11:46,28.9227485656738,-17.8069152832031,"Unknown"
"5020567",378626,2026-04-28 17:16:44,28.9190254211426,-17.8091602325439,"Unknown"
"5020567",378626,2026-04-28 17:21:45,28.9234714508057,-17.8062763214111,"Unknown"
"5020567",378626,2026-04-28 17:26:47,28.9255771636963,-17.8120880126953,"Unknown"
"5020567",378626,2026-04-28 17:31:44,28.9231662750244,-17.8156089782715,"Unknown"
"5020567",378626,2026-04-28 17:36:47,28.9256858825684,-17.8159294128418,"Unknown"
"5020567",378626,2026-04-28 17:42:17,28.9285354614258,-17.8164176940918,"Unknown"
"5020567",378626,2026-04-28 17:46:44,28.9286785125732,-17.8166198730469,"Unknown"
"5020567",378626,2026-04-28 17:51:44,28.9312362670898,-17.8192386627197,"Unknown"
"5020567",378626,2026-04-28 17:56:43,28.935525894165,-17.8178520202637,"Unknown"
"5020567",378626,2026-04-28 18:02:33,28.9383811950684,-17.819450378418,"Unknown"
"5020567",378626,2026-04-28 18:06:43,28.9454135894775,-17.8062362670898,"Unknown"
"5020567",378626,2026-04-28 18:11:43,28.9286766052246,-17.7964382171631,"Unknown"
"5020567",378626,2026-04-28 18:16:43,28.9210433959961,-17.8056221008301,"Unknown"
"5020567",378626,2026-04-28 18:21:44,28.9229526519775,-17.8102645874023,"Unknown"
"5020567",378626,2026-04-28 18:26:44,28.9200401306152,-17.8106746673584,"Unknown"
"5020567",378626,2026-04-28 18:31:43,28.9171905517578,-17.8128337860107,"Unknown"
"5020567",378626,2026-04-28 18:36:44,28.9161548614502,-17.8148612976074,"Unknown"
"5020567",378626,2026-04-28 18:41:43,28.9126110076904,-17.8241195678711,"Unknown"
"5020567",378626,2026-04-28 18:46:43,28.9167556762695,-17.8393726348877,"Unknown"
"5020567",378626,2026-04-28 18:51:44,28.9185676574707,-17.8459873199463,"Unknown"
"5020567",378626,2026-04-28 18:56:43,28.9212627410889,-17.8515205383301,"Unknown"
"5020567",378626,2026-04-28 19:01:44,28.9243965148926,-17.8495483398438,"Unknown"
"5020567",378626,2026-04-28 19:06:43,28.9091396331787,-17.8517246246338,"Unknown"
"5020567",378626,2026-04-28 19:11:44,28.8896713256836,-17.851634979248,"Unknown"
"5020567",378626,2026-04-28 19:16:43,28.8677845001221,-17.8526973724365,"Unknown"
"5020567",378626,2026-04-28 19:21:43,28.8514289855957,-17.8589324951172,"Unknown"
"5020567",378626,2026-04-28 19:26:44,28.8514041900635,-17.8591537475586,"Unknown"
"5020567",378626,2026-04-28 19:27:44,28.8513832092285,-17.8591537475586,"Unknown"
"5020567",378626,2026-04-28 19:28:43,28.8513870239258,-17.8592166900635,"Unknown"
"5020567",378626,2026-04-28 19:29:44,28.851375579834,-17.8593235015869,"Unknown"
"5020567",378626,2026-04-28 19:30:43,28.8513717651367,-17.8593692779541,"Unknown"
"5020567",378626,2026-04-28 19:31:44,28.8513698577881,-17.8594360351562,"Unknown"
"5020567",378626,2026-04-28 19:32:44,28.8513774871826,-17.859546661377,"Unknown"
"5020567",378626,2026-04-28 19:33:44,28.8513832092285,-17.8595542907715,"Unknown"
"5020567",378626,2026-04-28 19:34:43,28.8513698577881,-17.8595714569092,"Unknown"
"5020567",378626,2026-04-28 19:35:44,28.8513565063477,-17.8596611022949,"Unknown"
"5020567",378626,2026-04-28 19:36:44,28.8513336181641,-17.8596820831299,"Unknown"
"5020567",378626,2026-04-28 19:37:44,28.8513469696045,-17.8597297668457,"Unknown"
"5020567",378626,2026-04-28 19:38:44,28.8513488769531,-17.8597640991211,"Unknown"
"5020567",378626,2026-04-28 19:39:44,28.8513679504395,-17.8598518371582,"Unknown"
"5020567",378626,2026-04-28 19:40:44,28.8513736724854,-17.8599090576172,"Unknown"
"5020567",378626,2026-04-28 19:41:44,28.8513813018799,-17.8599662780762,"Unknown"
"5020567",378626,2026-04-28 19:42:43,28.851390838623,-17.859977722168,"Unknown"
"5020567",378626,2026-04-28 19:43:43,28.8514003753662,-17.860013961792,"Unknown"
"5020567",378626,2026-04-28 19:44:43,28.8514137268066,-17.8600425720215,"Unknown"
"5020567",378626,2026-04-28 19:45:43,28.8514385223389,-17.8600692749023,"Unknown"
"5020567",378626,2026-04-28 19:46:43,28.8514614105225,-17.8601417541504,"Unknown"
"5020567",378626,2026-04-28 19:47:43,28.8514938354492,-17.8602046966553,"Unknown"
"5020567",378626,2026-04-28 19:48:43,28.851490020752,-17.8602046966553,"Unknown"
"5020567",378626,2026-04-28 19:49:43,28.8515110015869,-17.8602523803711,"Unknown"
"5020567",378626,2026-04-28 19:50:43,28.8515243530273,-17.860294342041,"Unknown"
"5020567",378626,2026-04-28 19:51:44,28.8515434265137,-17.8603439331055,"Unknown"
"5020567",378626,2026-04-28 19:52:43,28.8515434265137,-17.860330581665,"Unknown"
"5020567",378626,2026-04-28 19:53:44,28.8515701293945,-17.8603992462158,"Unknown"
"5020567",378626,2026-04-28 19:54:44,28.8515777587891,-17.860445022583,"Unknown"
"5020567",378626,2026-04-28 19:55:43,28.8516044616699,-17.8604640960693,"Unknown"
"5020567",378626,2026-04-28 19:56:43,28.8516101837158,-17.860466003418,"Unknown"
"5020567",378626,2026-04-28 19:57:43,28.8516273498535,-17.860502243042,"Unknown"
"5020567",378626,2026-04-28 19:59:03,28.8516426086426,-17.8604965209961,"Unknown"
"5020567",378626,2026-04-28 19:59:43,28.8516635894775,-17.8605136871338,"Unknown"
"5020567",378626,2026-04-28 20:00:43,28.8516750335693,-17.8605346679688,"Unknown"
"5020567",378626,2026-04-28 20:01:43,28.851692199707,-17.8605422973633,"Unknown"
"5020567",378626,2026-04-28 20:02:43,28.8517055511475,-17.8605289459229,"Unknown"
"5020567",378626,2026-04-28 20:03:44,28.8517074584961,-17.8605270385742,"Unknown"
"5020567",378626,2026-04-28 20:04:44,28.8517246246338,-17.8605213165283,"Unknown"
"5020567",378626,2026-04-28 20:05:43,28.8517436981201,-17.8605422973633,"Unknown"
"5020567",378626,2026-04-28 20:06:44,28.8517551422119,-17.8605537414551,"Unknown"
"5020567",378626,2026-04-28 20:07:44,28.8517665863037,-17.8605556488037,"Unknown"
"5020567",378626,2026-04-28 20:08:44,28.8517932891846,-17.8605499267578,"Unknown"
"5020567",378626,2026-04-28 20:09:44,28.8518123626709,-17.8605556488037,"Unknown"
"5020567",378626,2026-04-28 20:10:44,28.8518314361572,-17.8605499267578,"Unknown"
"5020567",378626,2026-04-28 20:11:43,28.8518924713135,-17.8605728149414,"Unknown"
"5020567",378626,2026-04-28 20:12:43,28.8519153594971,-17.8605995178223,"Unknown"
"5020567",378626,2026-04-28 20:13:43,28.8519268035889,-17.8606071472168,"Unknown"
"5020567",378626,2026-04-28 20:14:43,28.8519649505615,-17.8606262207031,"Unknown"
"5020567",378626,2026-04-28 20:15:44,28.8519611358643,-17.8606376647949,"Unknown"
"5020567",378626,2026-04-28 20:16:43,28.8519802093506,-17.860631942749,"Unknown"
"5020567",378626,2026-04-28 20:17:43,28.8520030975342,-17.8606376647949,"Unknown"
"5020567",378626,2026-04-28 20:18:43,28.8519973754883,-17.8606433868408,"Unknown"
"5020567",378626,2026-04-28 20:19:44,28.8520050048828,-17.8606948852539,"Unknown"
"5020567",378626,2026-04-28 20:20:43,28.8520011901855,-17.860668182373,"Unknown"
"5020567",378626,2026-04-28 20:21:44,28.8519763946533,-17.8607330322266,"Unknown"
"5020567",378626,2026-04-28 20:22:43,28.8520202636719,-17.8606929779053,"Unknown"
"5020567",378626,2026-04-28 20:23:44,28.8520088195801,-17.8606967926025,"Unknown"
"5020567",378626,2026-04-28 20:24:43,28.8520164489746,-17.8607349395752,"Unknown"
"5020567",378626,2026-04-28 20:25:44,28.8520069122314,-17.8607730865479,"Unknown"
"5020567",378626,2026-04-28 20:26:43,28.8520050048828,-17.8607578277588,"Unknown"
"5020567",378626,2026-04-28 20:27:43,28.8519973754883,-17.8607616424561,"Unknown"
"5020567",378626,2026-04-28 20:28:44,28.8520107269287,-17.860746383667,"Unknown"
"5020567",378626,2026-04-28 20:29:43,28.8520011901855,-17.8607540130615,"Unknown"
"5020567",378626,2026-04-28 20:30:43,28.8520183563232,-17.8607578277588,"Unknown"
"5020567",378626,2026-04-28 20:31:43,28.8520393371582,-17.8607482910156,"Unknown"
"5020567",378626,2026-04-28 20:32:43,28.8520565032959,-17.8607578277588,"Unknown"
"5020567",378626,2026-04-28 20:33:43,28.8520584106445,-17.8607616424561,"Unknown"
"5020567",378626,2026-04-28 20:34:43,28.8520488739014,-17.8607368469238,"Unknown"
"5020567",378626,2026-04-28 20:35:43,28.8520793914795,-17.8607864379883,"Unknown"
"5020567",378626,2026-04-28 20:36:43,28.8520488739014,-17.8608112335205,"Unknown"
"5020567",378626,2026-04-28 20:37:43,28.852087020874,-17.8607883453369,"Unknown"
"5020567",378626,2026-04-28 20:38:44,28.8520832061768,-17.8607997894287,"Unknown"
"5020567",378626,2026-04-28 20:39:44,28.8520545959473,-17.8608589172363,"Unknown"
"5020567",378626,2026-04-28 20:40:43,28.8520679473877,-17.8608646392822,"Unknown"
"5020567",378626,2026-04-28 20:41:44,28.8520336151123,-17.8609523773193,"Unknown"
"5020567",378626,2026-04-28 20:42:44,28.852029800415,-17.8609523773193,"Unknown"
"5020567",378626,2026-04-28 20:43:43,28.8520278930664,-17.8609504699707,"Unknown"
"5020567",378626,2026-04-28 20:44:44,28.8519973754883,-17.8610191345215,"Unknown"
"5020567",378626,2026-04-28 20:45:43,28.8519611358643,-17.8611278533936,"Unknown"
"5020567",378626,2026-04-28 20:46:43,28.8519344329834,-17.8612174987793,"Unknown"
"5020567",378626,2026-04-28 20:47:44,28.8519058227539,-17.8613262176514,"Unknown"
"5020567",378626,2026-04-28 20:48:44,28.8518772125244,-17.861328125,"Unknown"
"5020567",378626,2026-04-28 20:49:44,28.8518867492676,-17.8613834381104,"Unknown"
"5020567",378626,2026-04-28 20:50:44,28.8518962860107,-17.8613624572754,"Unknown"
"5020567",378626,2026-04-28 20:51:43,28.8519039154053,-17.861328125,"Unknown"
"5020567",378626,2026-04-28 20:52:44,28.851900100708,-17.8613338470459,"Unknown"
"5020567",378626,2026-04-28 20:53:46,28.8519744873047,-17.8612766265869,"Unknown"
"5020567",378626,2026-04-28 20:54:44,28.8519649505615,-17.861307144165,"Unknown"
"5020567",378626,2026-04-28 20:55:43,28.8519554138184,-17.8612880706787,"Unknown"
"5020567",378626,2026-04-28 20:56:44,28.8519611358643,-17.8613739013672,"Unknown"
"5020567",378626,2026-04-28 20:57:44,28.8519802093506,-17.8614616394043,"Unknown"
"5020567",378626,2026-04-28 20:58:45,28.8519878387451,-17.8615627288818,"Unknown"
"5020567",378626,2026-04-28 20:59:44,28.851978302002,-17.861608505249,"Unknown"
"5020567",378626,2026-04-28 21:01:03,28.8519992828369,-17.8616714477539,"Unknown"
"5020567",378626,2026-04-28 21:01:44,28.8520183563232,-17.861722946167,"Unknown"
"5020567",378626,2026-04-28 21:02:43,28.8520164489746,-17.8617820739746,"Unknown"
"5020567",378626,2026-04-28 21:03:44,28.8520202636719,-17.8618106842041,"Unknown"
"5020567",378626,2026-04-28 21:04:44,28.852029800415,-17.8618354797363,"Unknown"
"5020567",378626,2026-04-28 21:05:44,28.8520278930664,-17.8618984222412,"Unknown"
"5020567",378626,2026-04-28 21:06:44,28.8520030975342,-17.8619346618652,"Unknown"
"5020567",378626,2026-04-28 21:07:44,28.8520259857178,-17.8619747161865,"Unknown"
"5020567",378626,2026-04-28 21:08:44,28.8520622253418,-17.8619651794434,"Unknown"
"5020567",378626,2026-04-28 21:09:45,28.8520488739014,-17.8619575500488,"Unknown"
"5020567",378626,2026-04-28 21:10:43,28.8520812988281,-17.8618793487549,"Unknown"
"5020567",378626,2026-04-28 21:11:44,28.8521118164062,-17.8617534637451,"Unknown"
"5020567",378626,2026-04-28 21:12:44,28.8520946502686,-17.8617649078369,"Unknown"
"5020567",378626,2026-04-28 21:13:44,28.8520774841309,-17.8617630004883,"Unknown"
"5020567",378626,2026-04-28 21:14:44,28.8520565032959,-17.8617744445801,"Unknown"
"5020567",378626,2026-04-28 21:15:44,28.8520374298096,-17.8617382049561,"Unknown"
"5020567",378626,2026-04-28 21:16:44,28.8519973754883,-17.8617191314697,"Unknown"
"5020567",378626,2026-04-28 21:17:43,28.8520545959473,-17.8616638183594,"Unknown"
"5020567",378626,2026-04-28 21:18:44,28.8520336151123,-17.8615894317627,"Unknown"
"5020567",378626,2026-04-28 21:19:44,28.8520755767822,-17.861536026001,"Unknown"
"5020567",378626,2026-04-28 21:20:44,28.8521118164062,-17.8615226745605,"Unknown"
"5020567",378626,2026-04-28 21:21:44,28.8521575927734,-17.8614406585693,"Unknown"
"5020567",378626,2026-04-28 21:22:44,28.8522472381592,-17.8613586425781,"Unknown"
"5020567",378626,2026-04-28 21:23:44,28.8523006439209,-17.8612747192383,"Unknown"
"5020567",378626,2026-04-28 21:24:44,28.8523502349854,-17.8612403869629,"Unknown"
"5020567",378626,2026-04-28 21:25:44,28.8524036407471,-17.8611602783203,"Unknown"
"5020567",378626,2026-04-28 21:26:44,28.8524265289307,-17.8611183166504,"Unknown"
"5020567",378626,2026-04-28 21:27:44,28.8524799346924,-17.8610286712646,"Unknown"
"5020567",378626,2026-04-28 21:28:44,28.8524894714355,-17.8610382080078,"Unknown"
"5020567",378626,2026-04-28 21:29:44,28.852502822876,-17.8609848022461,"Unknown"
"5020567",378626,2026-04-28 21:30:44,28.8525352478027,-17.8609104156494,"Unknown"
"5020567",378626,2026-04-28 21:31:44,28.8525695800781,-17.8608932495117,"Unknown"
"5020567",378626,2026-04-28 21:32:44,28.8526458740234,-17.8609180450439,"Unknown"
"5020567",378626,2026-04-28 21:33:44,28.8526725769043,-17.8608417510986,"Unknown"
"5020567",378626,2026-04-28 21:34:44,28.8500919342041,-17.8603229522705,"Unknown"
"5020567",378626,2026-04-28 21:35:44,28.851879119873,-17.8625373840332,"Unknown"
"5020567",378626,2026-04-28 21:36:44,28.8518886566162,-17.8626003265381,"Unknown"
"5020567",378626,2026-04-28 21:37:44,28.8519115447998,-17.8626842498779,"Unknown"
"5020567",378626,2026-04-28 21:38:44,28.8518867492676,-17.8627605438232,"Unknown"
"5020567",378626,2026-04-28 21:39:44,28.8519325256348,-17.8628120422363,"Unknown"
"5020567",378626,2026-04-28 21:40:44,28.8519630432129,-17.8628883361816,"Unknown"
"5020567",378626,2026-04-28 21:41:44,28.851957321167,-17.8629379272461,"Unknown"
"5020567",378626,2026-04-28 21:42:44,28.8519725799561,-17.8629531860352,"Unknown"
"5020567",378626,2026-04-28 21:43:44,28.8520278930664,-17.8629302978516,"Unknown"
"5020567",378626,2026-04-28 21:44:44,28.8520317077637,-17.8628807067871,"Unknown"
"5020567",378626,2026-04-28 21:45:44,28.8520259857178,-17.8628540039062,"Unknown"
"5020567",378626,2026-04-28 21:46:44,28.8521022796631,-17.8627853393555,"Unknown"
"5020567",378626,2026-04-28 21:47:44,28.8521499633789,-17.8627529144287,"Unknown"
"5020567",378626,2026-04-28 21:48:44,28.8522109985352,-17.862663269043,"Unknown"
"5020567",378626,2026-04-28 21:49:44,28.8517436981201,-17.8595600128174,"Unknown"
"5020567",378626,2026-04-28 21:50:44,28.8534374237061,-17.8546142578125,"Unknown"
"5020567",378626,2026-04-28 21:51:44,28.8538608551025,-17.8502635955811,"Unknown"
"5020567",378626,2026-04-28 21:52:44,28.8538017272949,-17.8501682281494,"Unknown"
"5020567",378626,2026-04-28 21:53:44,28.8538608551025,-17.8500957489014,"Unknown"
"5020567",378626,2026-04-28 21:54:44,28.8539295196533,-17.8500957489014,"Unknown"
"5020567",378626,2026-04-28 21:55:44,28.8540325164795,-17.8500518798828,"Unknown"
"5020567",378626,2026-04-28 21:56:44,28.8540916442871,-17.8499908447266,"Unknown"
"5020567",378626,2026-04-28 21:57:44,28.8541736602783,-17.8499603271484,"Unknown"
"5020567",378626,2026-04-28 21:58:44,28.8541927337646,-17.8499011993408,"Unknown"
"5020567",378626,2026-04-28 21:59:45,28.854341506958,-17.8498954772949,"Unknown"
"5020567",378626,2026-04-28 22:00:45,28.8544216156006,-17.8498668670654,"Unknown"
"5020567",378626,2026-04-28 22:01:47,28.8544883728027,-17.84983253479,"Unknown"
"5020567",378626,2026-04-28 22:02:44,28.8545703887939,-17.8498249053955,"Unknown"
"5020567",378626,2026-04-28 22:03:47,28.854736328125,-17.8497619628906,"Unknown"
"5020567",378626,2026-04-28 22:04:44,28.854829788208,-17.8498439788818,"Unknown"
"5020567",378626,2026-04-28 22:05:44,28.85498046875,-17.8498916625977,"Unknown"
"5020567",378626,2026-04-28 22:06:46,28.8551502227783,-17.8498973846436,"Unknown"
"5020567",378626,2026-04-28 22:07:44,28.8552665710449,-17.8499450683594,"Unknown"
"5020567",378626,2026-04-28 22:08:46,28.8553943634033,-17.8498821258545,"Unknown"
"5020567",378626,2026-04-28 22:09:44,28.8555221557617,-17.8498554229736,"Unknown"
"5020567",378626,2026-04-28 22:10:44,28.8556423187256,-17.8498611450195,"Unknown"
"5020567",378626,2026-04-28 22:11:44,28.8557567596436,-17.8498554229736,"Unknown"
"5020567",378626,2026-04-28 22:12:44,28.8558197021484,-17.8498592376709,"Unknown"
"5020567",378626,2026-04-28 22:13:44,28.8559055328369,-17.8498268127441,"Unknown"
"5020567",378626,2026-04-28 22:14:46,28.8559551239014,-17.8497714996338,"Unknown"
"5020567",378626,2026-04-28 22:15:46,28.8560523986816,-17.8497161865234,"Unknown"
"5020567",378626,2026-04-28 22:16:44,28.8561534881592,-17.8496532440186,"Unknown"
"5020567",378626,2026-04-28 22:17:46,28.856201171875,-17.8495941162109,"Unknown"
"5020567",378626,2026-04-28 22:18:44,28.8561725616455,-17.8495426177979,"Unknown"
"5020567",378626,2026-04-28 22:19:44,28.8561344146729,-17.8495006561279,"Unknown"
"5020567",378626,2026-04-28 22:20:44,28.8561897277832,-17.8494434356689,"Unknown"
"5020567",378626,2026-04-28 22:21:44,28.8562259674072,-17.8493843078613,"Unknown"
"5020567",378626,2026-04-28 22:22:46,28.8562450408936,-17.8493003845215,"Unknown"
"5020567",378626,2026-04-28 22:23:43,28.8562622070312,-17.8492450714111,"Unknown"
"5020567",378626,2026-04-28 22:24:44,28.8562412261963,-17.8491802215576,"Unknown"
"5020567",378626,2026-04-28 22:25:44,28.8563594818115,-17.8491477966309,"Unknown"
"5020567",378626,2026-04-28 22:26:44,28.8564376831055,-17.8490676879883,"Unknown"
"5020567",378626,2026-04-28 22:27:46,28.856517791748,-17.8489761352539,"Unknown"
"5020567",378626,2026-04-28 22:28:44,28.856559753418,-17.8489017486572,"Unknown"
"5020567",378626,2026-04-28 22:29:44,28.8566055297852,-17.8488063812256,"Unknown"
"5020567",378626,2026-04-28 22:30:44,28.8566570281982,-17.8487091064453,"Unknown"
"5020567",378626,2026-04-28 22:31:44,28.8567142486572,-17.8486080169678,"Unknown"
"5020567",378626,2026-04-28 22:32:44,28.856725692749,-17.8485279083252,"Unknown"
"5020567",378626,2026-04-28 22:33:46,28.8567504882812,-17.8484764099121,"Unknown"
"5020567",378626,2026-04-28 22:34:46,28.8568439483643,-17.8484077453613,"Unknown"
"5020567",378626,2026-04-28 22:35:46,28.856990814209,-17.8483581542969,"Unknown"
"5020567",378626,2026-04-28 22:36:45,28.8571147918701,-17.8483200073242,"Unknown"
"5020567",378626,2026-04-28 22:37:44,28.857234954834,-17.8482322692871,"Unknown"
"5020567",378626,2026-04-28 22:38:46,28.8573265075684,-17.8481845855713,"Unknown"
"5020567",378626,2026-04-28 22:39:46,28.8574371337891,-17.8481578826904,"Unknown"
"5020567",378626,2026-04-28 22:40:44,28.8575477600098,-17.8480834960938,"Unknown"
"5020567",378626,2026-04-28 22:41:44,28.8576755523682,-17.8480243682861,"Unknown"
"5020567",378626,2026-04-28 22:42:44,28.8577995300293,-17.8479595184326,"Unknown"
"5020567",378626,2026-04-28 22:43:44,28.8579330444336,-17.847864151001,"Unknown"
"5020567",378626,2026-04-28 22:44:44,28.8580226898193,-17.8478012084961,"Unknown"
"5020567",378626,2026-04-28 22:45:44,28.8580226898193,-17.8477077484131,"Unknown"
"5020567",378626,2026-04-28 22:46:44,28.8580837249756,-17.8476142883301,"Unknown"
"5020567",378626,2026-04-28 22:47:44,28.8581485748291,-17.8474998474121,"Unknown"
"5020567",378626,2026-04-28 22:48:44,28.8582286834717,-17.8473930358887,"Unknown"
"5020567",378626,2026-04-28 22:49:44,28.8583221435547,-17.8472633361816,"Unknown"
"5020567",378626,2026-04-28 22:50:44,28.8584136962891,-17.8471355438232,"Unknown"
"5020567",378626,2026-04-28 22:51:44,28.8584308624268,-17.8470230102539,"Unknown"
"5020567",378626,2026-04-28 22:52:44,28.8585071563721,-17.8468914031982,"Unknown"
"5020567",378626,2026-04-28 22:53:44,28.858549118042,-17.8467330932617,"Unknown"
"5020567",378626,2026-04-28 22:54:47,28.8586006164551,-17.8466262817383,"Unknown"
"5020567",378626,2026-04-28 22:55:44,28.8583450317383,-17.8464584350586,"Unknown"
"5020567",378626,2026-04-28 22:56:44,28.8550586700439,-17.8446598052979,"Unknown"
"5020567",378626,2026-04-28 22:57:44,28.8531894683838,-17.843355178833,"Unknown"
"5020567",378626,2026-04-28 22:58:45,28.8531932830811,-17.8433513641357,"Unknown"
"5020567",378626,2026-04-28 22:59:45,28.853178024292,-17.8433017730713,"Unknown"
"5020567",378626,2026-04-28 23:00:44,28.8532409667969,-17.8432598114014,"Unknown"
"5020567",378626,2026-04-28 23:01:45,28.8532829284668,-17.8431644439697,"Unknown"
"5020567",378626,2026-04-28 23:02:44,28.8532981872559,-17.8431720733643,"Unknown"
"5020567",378626,2026-04-28 23:03:45,28.8533172607422,-17.8430938720703,"Unknown"
"5020567",378626,2026-04-28 23:04:45,28.8533229827881,-17.8430557250977,"Unknown"
"5020567",378626,2026-04-28 23:05:46,28.8533573150635,-17.8429565429688,"Unknown"
"5020567",378626,2026-04-28 23:06:51,28.8533973693848,-17.8428535461426,"Unknown"
"5020567",378626,2026-04-28 23:08:03,28.8534545898438,-17.8427734375,"Unknown"
"5020567",378626,2026-04-28 23:08:43,28.8535041809082,-17.8426952362061,"Unknown"
"5020567",378626,2026-04-28 23:09:43,28.8535995483398,-17.8425922393799,"Unknown"
"5020567",378626,2026-04-28 23:10:43,28.8536968231201,-17.8424549102783,"Unknown"
"5020567",378626,2026-04-28 23:11:43,28.8537845611572,-17.8423461914062,"Unknown"
"5020567",378626,2026-04-28 23:12:43,28.8524055480957,-17.8418884277344,"Unknown"
"5020567",378626,2026-04-28 23:13:44,28.8522891998291,-17.8418922424316,"Unknown"
"5020567",378626,2026-04-28 23:14:44,28.8522682189941,-17.8419437408447,"Unknown"
"5020567",378626,2026-04-28 23:15:44,28.8522758483887,-17.8419857025146,"Unknown"
"5020567",378626,2026-04-28 23:16:46,28.8522567749023,-17.842041015625,"Unknown"
"5020567",378626,2026-04-28 23:17:44,28.8522682189941,-17.8420753479004,"Unknown"
"5020567",378626,2026-04-28 23:18:44,28.8523006439209,-17.8420734405518,"Unknown"
"5020567",378626,2026-04-28 23:19:46,28.8523502349854,-17.84206199646,"Unknown"
"5020567",378626,2026-04-28 23:20:44,28.8524074554443,-17.8421154022217,"Unknown"
"5020567",378626,2026-04-28 23:21:44,28.852445602417,-17.8420906066895,"Unknown"
"5020567",378626,2026-04-28 23:22:44,28.8524856567383,-17.8421039581299,"Unknown"
"5020567",378626,2026-04-28 23:23:44,28.8524684906006,-17.842170715332,"Unknown"
"5020567",378626,2026-04-28 23:24:43,28.8524646759033,-17.8421840667725,"Unknown"
"5020567",378626,2026-04-28 23:25:43,28.8524875640869,-17.8422412872314,"Unknown"
"5020567",378626,2026-04-28 23:26:43,28.8524837493896,-17.8422336578369,"Unknown"
"5020567",378626,2026-04-28 23:27:43,28.852502822876,-17.8422660827637,"Unknown"
"5020567",378626,2026-04-28 23:28:44,28.8525466918945,-17.8422927856445,"Unknown"
"5020567",378626,2026-04-28 23:29:44,28.8525524139404,-17.8422889709473,"Unknown"
"5020567",378626,2026-04-28 23:30:43,28.8525905609131,-17.8423194885254,"Unknown"
"5020567",378626,2026-04-28 23:31:43,28.8526077270508,-17.8423137664795,"Unknown"
"5020567",378626,2026-04-28 23:32:44,28.8526744842529,-17.8423480987549,"Unknown"
"5020567",378626,2026-04-28 23:33:44,28.8527088165283,-17.8423404693604,"Unknown"
"5020567",378626,2026-04-28 23:34:43,28.852746963501,-17.8423500061035,"Unknown"
"5020567",378626,2026-04-28 23:35:44,28.8527984619141,-17.8423500061035,"Unknown"
"5020567",378626,2026-04-28 23:36:44,28.8528347015381,-17.8423919677734,"Unknown"
"5020567",378626,2026-04-28 23:37:44,28.8528423309326,-17.8424415588379,"Unknown"
"5020567",378626,2026-04-28 23:38:44,28.8528327941895,-17.8425045013428,"Unknown"
"5020567",378626,2026-04-28 23:39:44,28.8527965545654,-17.8425216674805,"Unknown"
"5020567",378626,2026-04-28 23:40:44,28.8528232574463,-17.8425807952881,"Unknown"
"5020567",378626,2026-04-28 23:41:44,28.8528366088867,-17.8426971435547,"Unknown"
"5020567",378626,2026-04-28 23:42:44,28.8528251647949,-17.8427314758301,"Unknown"
"5020567",378626,2026-04-28 23:43:43,28.8528652191162,-17.8427276611328,"Unknown"
"5020567",378626,2026-04-28 23:44:44,28.8529243469238,-17.8427066802979,"Unknown"
"5020567",378626,2026-04-28 23:45:44,28.8529376983643,-17.842716217041,"Unknown"
"5020567",378626,2026-04-28 23:46:43,28.8529644012451,-17.8427505493164,"Unknown"
"5020567",378626,2026-04-28 23:47:44,28.8529949188232,-17.8427619934082,"Unknown"
"5020567",378626,2026-04-28 23:48:44,28.8530120849609,-17.8427963256836,"Unknown"
"5020567",378626,2026-04-28 23:49:44,28.8530292510986,-17.8428955078125,"Unknown"
"5020567",378626,2026-04-28 23:50:43,28.853063583374,-17.8428421020508,"Unknown"
"5020567",378626,2026-04-28 23:51:43,28.8531093597412,-17.8427791595459,"Unknown"
"5020567",378626,2026-04-28 23:52:44,28.8531608581543,-17.8428077697754,"Unknown"
"5020567",378626,2026-04-28 23:53:44,28.8531799316406,-17.8428421020508,"Unknown"
"5020567",378626,2026-04-28 23:54:44,28.8532314300537,-17.8428211212158,"Unknown"
"5020567",378626,2026-04-28 23:55:44,28.8532848358154,-17.8427963256836,"Unknown"
"5020567",378626,2026-04-28 23:56:44,28.8533592224121,-17.8427772521973,"Unknown"
"5020567",378626,2026-04-28 23:57:43,28.8533840179443,-17.8427410125732,"Unknown"
"5020567",378626,2026-04-28 23:58:43,28.8534183502197,-17.8427276611328,"Unknown"
"5020567",378626,2026-04-28 23:59:43,28.8534564971924,-17.8426895141602,"Unknown"
"5020567",378626,2026-04-29 00:00:44,28.8534736633301,-17.8426570892334,"Unknown"
"5020567",378626,2026-04-29 00:01:44,28.8535118103027,-17.8425750732422,"Unknown"
"5020567",378626,2026-04-29 00:02:44,28.8535461425781,-17.8424854278564,"Unknown"
"5020567",378626,2026-04-29 00:03:44,28.8535804748535,-17.8423690795898,"Unknown"
"5020567",378626,2026-04-29 00:04:44,28.8536586761475,-17.8422451019287,"Unknown"
"5020567",378626,2026-04-29 00:05:44,28.8536968231201,-17.8421726226807,"Unknown"
"5020567",378626,2026-04-29 00:06:44,28.8537502288818,-17.842113494873,"Unknown"
"5020567",378626,2026-04-29 00:07:43,28.853832244873,-17.8420276641846,"Unknown"
"5020567",378626,2026-04-29 00:08:44,28.8538932800293,-17.8419189453125,"Unknown"
"5020567",378626,2026-04-29 00:09:44,28.8539543151855,-17.8418197631836,"Unknown"
"5020567",378626,2026-04-29 00:10:44,28.8540096282959,-17.841739654541,"Unknown"
"5020567",378626,2026-04-29 00:11:44,28.8541145324707,-17.8416748046875,"Unknown"
"5020567",378626,2026-04-29 00:12:44,28.8542003631592,-17.8416194915771,"Unknown"
"5020567",378626,2026-04-29 00:13:44,28.8542499542236,-17.8416156768799,"Unknown"
"5020567",378626,2026-04-29 00:14:44,28.8543586730957,-17.8415966033936,"Unknown"
"5020567",378626,2026-04-29 00:15:44,28.8544483184814,-17.8415546417236,"Unknown"
"5020567",378626,2026-04-29 00:16:44,28.8544921875,-17.8414058685303,"Unknown"
"5020567",378626,2026-04-29 00:17:44,28.8545207977295,-17.8412952423096,"Unknown"
"5020567",378626,2026-04-29 00:18:44,28.8545722961426,-17.8412055969238,"Unknown"
"5020567",378626,2026-04-29 00:19:44,28.8546104431152,-17.8411483764648,"Unknown"
"5020567",378626,2026-04-29 00:20:44,28.8546504974365,-17.8410720825195,"Unknown"
"5020567",378626,2026-04-29 00:21:45,28.8546581268311,-17.8410625457764,"Unknown"
"5020567",378626,2026-04-29 00:22:44,28.8546104431152,-17.8412017822266,"Unknown"
"5020567",378626,2026-04-29 00:23:44,28.854564666748,-17.8412590026855,"Unknown"
"5020567",378626,2026-04-29 00:24:44,28.8545627593994,-17.841287612915,"Unknown"
"5020567",378626,2026-04-29 00:25:44,28.8545589447021,-17.8412914276123,"Unknown"
"5020567",378626,2026-04-29 00:26:44,28.8545684814453,-17.8413391113281,"Unknown"
"5020567",378626,2026-04-29 00:27:44,28.8546333312988,-17.8413562774658,"Unknown"
"5020567",378626,2026-04-29 00:28:44,28.8546524047852,-17.8414516448975,"Unknown"
"5020567",378626,2026-04-29 00:29:44,28.8546409606934,-17.8414688110352,"Unknown"
"5020567",378626,2026-04-29 00:30:44,28.8546085357666,-17.8414764404297,"Unknown"
"5020567",378626,2026-04-29 00:31:44,28.8546295166016,-17.8414859771729,"Unknown"
"5020567",378626,2026-04-29 00:32:44,28.8546257019043,-17.8415279388428,"Unknown"
"5020567",378626,2026-04-29 00:33:44,28.8546352386475,-17.8414859771729,"Unknown"
"5020567",378626,2026-04-29 00:34:44,28.8546562194824,-17.8415069580078,"Unknown"
"5020567",378626,2026-04-29 00:35:44,28.8546295166016,-17.8416023254395,"Unknown"
"5020567",378626,2026-04-29 00:36:44,28.854606628418,-17.8416633605957,"Unknown"
"5020567",378626,2026-04-29 00:37:45,28.8546733856201,-17.8417091369629,"Unknown"
"5020567",378626,2026-04-29 00:38:44,28.8546905517578,-17.8418312072754,"Unknown"
"5020567",378626,2026-04-29 00:39:45,28.8546695709229,-17.8418979644775,"Unknown"
"5020567",378626,2026-04-29 00:40:46,28.8546619415283,-17.8419399261475,"Unknown"
"5020567",378626,2026-04-29 00:41:44,28.8546676635742,-17.8419761657715,"Unknown"
"5020567",378626,2026-04-29 00:42:44,28.8545055389404,-17.8420543670654,"Unknown"
"5020567",378626,2026-04-29 00:43:44,28.8545303344727,-17.8420925140381,"Unknown"
"5020567",378626,2026-04-29 00:44:44,28.8545551300049,-17.8420505523682,"Unknown"
"5020567",378626,2026-04-29 00:45:44,28.8546028137207,-17.8420372009277,"Unknown"
"5020567",378626,2026-04-29 00:46:44,28.854663848877,-17.8419570922852,"Unknown"
"5020567",378626,2026-04-29 00:47:45,28.8546714782715,-17.8419342041016,"Unknown"
"5020567",378626,2026-04-29 00:48:44,28.854679107666,-17.8419418334961,"Unknown"
"5020567",378626,2026-04-29 00:49:44,28.8546733856201,-17.8419609069824,"Unknown"
"5020567",378626,2026-04-29 00:50:46,28.8546657562256,-17.8420848846436,"Unknown"
"5020567",378626,2026-04-29 00:51:44,28.8546371459961,-17.8421897888184,"Unknown"
"5020567",378626,2026-04-29 00:52:44,28.8546276092529,-17.8422679901123,"Unknown"
"5020567",378626,2026-04-29 00:53:43,28.8545875549316,-17.8423652648926,"Unknown"
"5020567",378626,2026-04-29 00:54:44,28.8545570373535,-17.8423595428467,"Unknown"
"5020567",378626,2026-04-29 00:55:44,28.8545341491699,-17.8423957824707,"Unknown"
"5020567",378626,2026-04-29 00:56:45,28.8545093536377,-17.8424339294434,"Unknown"
"5020567",378626,2026-04-29 00:57:44,28.8544883728027,-17.84250831604,"Unknown"
"5020567",378626,2026-04-29 00:58:45,28.8545360565186,-17.8425426483154,"Unknown"
"5020567",378626,2026-04-29 00:59:44,28.8545112609863,-17.8426322937012,"Unknown"
"5020567",378626,2026-04-29 01:00:45,28.8545227050781,-17.842658996582,"Unknown"
"5020567",378626,2026-04-29 01:01:47,28.8545303344727,-17.8427429199219,"Unknown"
"5020567",378626,2026-04-29 01:02:46,28.8545188903809,-17.8428440093994,"Unknown"
"5020567",378626,2026-04-29 01:03:44,28.8545627593994,-17.8428955078125,"Unknown"
"5020567",378626,2026-04-29 01:04:46,28.8545722961426,-17.8428707122803,"Unknown"
"5020567",378626,2026-04-29 01:05:48,28.8546352386475,-17.8429145812988,"Unknown"
"5020567",378626,2026-04-29 01:06:45,28.8546829223633,-17.842924118042,"Unknown"
"5020567",378626,2026-04-29 01:07:44,28.8546848297119,-17.842981338501,"Unknown"
"5020567",378626,2026-04-29 01:08:46,28.8546161651611,-17.8430633544922,"Unknown"
"5020567",378626,2026-04-29 01:09:46,28.8545780181885,-17.8431663513184,"Unknown"
"5020567",378626,2026-04-29 01:10:50,28.8546009063721,-17.843189239502,"Unknown"
"5020567",378626,2026-04-29 01:11:46,28.8546257019043,-17.8432445526123,"Unknown"
"5020567",378626,2026-04-29 01:12:44,28.8535461425781,-17.8419914245605,"Unknown"
"5020567",378626,2026-04-29 01:13:46,28.8540287017822,-17.837251663208,"Unknown"
"5020567",378626,2026-04-29 01:14:48,28.8540840148926,-17.8372859954834,"Unknown"
"5020567",378626,2026-04-29 01:15:46,28.8541011810303,-17.8373470306396,"Unknown"
"5020567",378626,2026-04-29 01:16:46,28.8541717529297,-17.8373851776123,"Unknown"
"5020567",378626,2026-04-29 01:17:46,28.8541870117188,-17.8374271392822,"Unknown"
"5020567",378626,2026-04-29 01:18:45,28.854211807251,-17.8375263214111,"Unknown"
"5020567",378626,2026-04-29 01:19:46,28.8542346954346,-17.837553024292,"Unknown"
"5020567",378626,2026-04-29 01:20:44,28.8542385101318,-17.8376216888428,"Unknown"
"5020567",378626,2026-04-29 01:21:44,28.8543014526367,-17.8376502990723,"Unknown"
"5020567",378626,2026-04-29 01:22:45,28.8542919158936,-17.837718963623,"Unknown"
"5020567",378626,2026-04-29 01:23:46,28.8543300628662,-17.8377246856689,"Unknown"
"5020567",378626,2026-04-29 01:24:45,28.8543510437012,-17.8377590179443,"Unknown"
"5020567",378626,2026-04-29 01:25:44,28.8543510437012,-17.8378105163574,"Unknown"
"5020567",378626,2026-04-29 01:26:46,28.8543796539307,-17.8378734588623,"Unknown"
"5020567",378626,2026-04-29 01:27:46,28.8544445037842,-17.8379707336426,"Unknown"
"5020567",378626,2026-04-29 01:28:46,28.8544425964355,-17.8380298614502,"Unknown"
"5020567",378626,2026-04-29 01:29:46,28.8544940948486,-17.837984085083,"Unknown"
"5020567",378626,2026-04-29 01:30:47,28.854455947876,-17.8380546569824,"Unknown"
"5020567",378626,2026-04-29 01:31:47,28.8544521331787,-17.838077545166,"Unknown"
"5020567",378626,2026-04-29 01:32:45,28.8544654846191,-17.8380737304688,"Unknown"
"5020567",378626,2026-04-29 01:33:46,28.8544311523438,-17.8381690979004,"Unknown"
"5020567",378626,2026-04-29 01:34:45,28.8544254302979,-17.8382225036621,"Unknown"
"5020567",378626,2026-04-29 01:35:45,28.8544654846191,-17.8382034301758,"Unknown"
"5020567",378626,2026-04-29 01:36:46,28.8544521331787,-17.8382892608643,"Unknown"
"5020567",378626,2026-04-29 01:38:03,28.8544826507568,-17.83837890625,"Unknown"
"5020567",378626,2026-04-29 01:38:43,28.8544826507568,-17.8384227752686,"Unknown"
"5020567",378626,2026-04-29 01:39:43,28.8544807434082,-17.838472366333,"Unknown"
"5020567",378626,2026-04-29 01:40:43,28.8545055389404,-17.8384914398193,"Unknown"
"5020567",378626,2026-04-29 01:41:43,28.8544921875,-17.838586807251,"Unknown"
"5020567",378626,2026-04-29 01:42:43,28.8544616699219,-17.8386421203613,"Unknown"
"5020567",378626,2026-04-29 01:43:44,28.8544521331787,-17.8386993408203,"Unknown"
"5020567",378626,2026-04-29 01:44:44,28.8544464111328,-17.8387928009033,"Unknown"
"5020567",378626,2026-04-29 01:45:44,28.8544616699219,-17.8388195037842,"Unknown"
"5020567",378626,2026-04-29 01:46:44,28.8544692993164,-17.8388595581055,"Unknown"
"5020567",378626,2026-04-29 01:47:44,28.8544502258301,-17.838960647583,"Unknown"
"5020567",378626,2026-04-29 01:48:44,28.8544158935547,-17.8390159606934,"Unknown"
"5020567",378626,2026-04-29 01:49:44,28.8544330596924,-17.8390502929688,"Unknown"
"5020567",378626,2026-04-29 01:50:44,28.854434967041,-17.8390922546387,"Unknown"
"5020567",378626,2026-04-29 01:51:44,28.854419708252,-17.8391284942627,"Unknown"
"5020567",378626,2026-04-29 01:52:44,28.8543663024902,-17.8391437530518,"Unknown"
"5020567",378626,2026-04-29 01:53:44,28.8543357849121,-17.8391456604004,"Unknown"
"5020567",378626,2026-04-29 01:54:44,28.854305267334,-17.8391609191895,"Unknown"
"5020567",378626,2026-04-29 01:55:44,28.8543148040771,-17.839204788208,"Unknown"
"5020567",378626,2026-04-29 01:56:44,28.8543148040771,-17.8392734527588,"Unknown"
"5020567",378626,2026-04-29 01:57:44,28.8543014526367,-17.8393268585205,"Unknown"
"5020567",378626,2026-04-29 01:58:44,28.8542766571045,-17.8393993377686,"Unknown"
"5020567",378626,2026-04-29 01:59:44,28.8542938232422,-17.8394756317139,"Unknown"
"5020567",378626,2026-04-29 02:00:44,28.8542652130127,-17.8395328521729,"Unknown"
"5020567",378626,2026-04-29 02:01:44,28.854284286499,-17.8395862579346,"Unknown"
"5020567",378626,2026-04-29 02:02:44,28.8542709350586,-17.8396453857422,"Unknown"
"5020567",378626,2026-04-29 02:03:43,28.85422706604,-17.8396759033203,"Unknown"
"5020567",378626,2026-04-29 02:04:43,28.8542137145996,-17.8397350311279,"Unknown"
"5020567",378626,2026-04-29 02:05:44,28.8541603088379,-17.8398265838623,"Unknown"
"5020567",378626,2026-04-29 02:06:44,28.8541412353516,-17.8399181365967,"Unknown"
"5020567",378626,2026-04-29 02:07:43,28.8541469573975,-17.8399982452393,"Unknown"
"5020567",378626,2026-04-29 02:08:43,28.8541431427002,-17.8400840759277,"Unknown"
"5020567",378626,2026-04-29 02:09:44,28.8540935516357,-17.840145111084,"Unknown"
"5020567",378626,2026-04-29 02:10:44,28.854061126709,-17.8401851654053,"Unknown"
"5020567",378626,2026-04-29 02:11:43,28.8540458679199,-17.8402347564697,"Unknown"
"5020567",378626,2026-04-29 02:12:43,28.8540115356445,-17.8402881622314,"Unknown"
"5020567",378626,2026-04-29 02:13:43,28.8539714813232,-17.8403491973877,"Unknown"
"5020567",378626,2026-04-29 02:23:44,28.8539848327637,-17.8408908843994,"Unknown"
"5020567",378626,2026-04-29 02:24:43,28.8539772033691,-17.8409481048584,"Unknown"
"5020567",378626,2026-04-29 02:25:44,28.853931427002,-17.8410091400146,"Unknown"
"5020567",378626,2026-04-29 02:26:43,28.8539409637451,-17.8410816192627,"Unknown"
"5020567",378626,2026-04-29 02:36:44,28.8538208007812,-17.8413906097412,"Unknown"
"5020567",378626,2026-04-29 02:46:43,28.8539447784424,-17.8414878845215,"Unknown"
"5020567",378626,2026-04-29 02:56:44,28.8538627624512,-17.8423480987549,"Unknown"
"5020567",378626,2026-04-29 03:06:44,28.8539047241211,-17.843204498291,"Unknown"
"5020567",378626,2026-04-29 03:16:44,28.8536777496338,-17.8440570831299,"Unknown"
"5020567",378626,2026-04-29 03:17:44,28.8536949157715,-17.8440551757812,"Unknown"
"5020567",378626,2026-04-29 03:18:44,28.8537044525146,-17.844087600708,"Unknown"
"5020567",378626,2026-04-29 03:29:03,28.8539085388184,-17.8444061279297,"Unknown"
"5020567",378626,2026-04-29 03:38:44,28.8543949127197,-17.8445014953613,"Unknown"
"5020567",378626,2026-04-29 03:48:44,28.8549022674561,-17.844575881958,"Unknown"
"5020567",378626,2026-04-29 03:58:44,28.8549327850342,-17.8448047637939,"Unknown"
"5020567",378626,2026-04-29 04:08:44,28.8491535186768,-17.8273124694824,"Unknown"
"5020567",378626,2026-04-29 04:09:44,28.8515033721924,-17.8210124969482,"Unknown"
"5020567",378626,2026-04-29 04:19:46,28.8395957946777,-17.7481746673584,"Unknown"
"5020567",378626,2026-04-29 04:29:44,28.7987804412842,-17.7286548614502,"Unknown"
"5020567",378626,2026-04-29 04:30:44,28.7988433837891,-17.7286205291748,"Unknown"
"5020567",378626,2026-04-29 04:40:43,28.795804977417,-17.7302284240723,"Unknown"
"5020567",378626,2026-04-29 04:50:49,28.7600803375244,-17.7387237548828,"Unknown"
"5020567",378626,2026-04-29 05:00:43,28.7119255065918,-17.7449417114258,"Unknown"
"5020567",378626,2026-04-29 05:11:17,28.7195243835449,-17.7641468048096,"Unknown"
"5020567",378626,2026-04-30 07:56:47,28.585470199585,-17.4872188568115,"Unknown"
"5020567",378626,2026-04-30 09:53:57,28.59299659729,-17.4747104644775,"Unknown"
"5020567",378626,2026-04-30 11:54:41,28.5902538299561,-17.4971218109131,"Unknown"
"5020567",378626,2026-04-30 12:04:33,28.6477184295654,-17.5377311706543,"Unknown"
"5020567",378626,2026-04-30 12:08:26,28.6644859313965,-17.5601940155029,"Unknown"
"5020567",378626,2026-04-30 12:13:25,28.6859703063965,-17.5900115966797,"Unknown"
"5020567",378626,2026-04-30 12:18:25,28.7076740264893,-17.6214199066162,"Unknown"
"5020567",378626,2026-04-30 12:23:28,28.7308883666992,-17.6550922393799,"Unknown"
"5020567",378626,2026-04-30 12:28:25,28.7625198364258,-17.6813793182373,"Unknown"
"5020567",378626,2026-04-30 12:34:33,28.7666358947754,-17.6712646484375,"Unknown"
"5020567",378626,2026-04-30 12:38:25,28.7636966705322,-17.6680164337158,"Unknown"
"5020567",378626,2026-04-30 12:43:27,28.7606067657471,-17.6647071838379,"Unknown"
"5020567",378626,2026-04-30 12:48:24,28.7544403076172,-17.6589469909668,"Unknown"
"5020567",378626,2026-04-30 12:53:25,28.755126953125,-17.6590480804443,"Unknown"
"5020567",378626,2026-04-30 12:58:25,28.7560997009277,-17.6593494415283,"Unknown"
"5020567",378626,2026-04-30 13:03:24,28.7570457458496,-17.6597366333008,"Unknown"
"5020567",378626,2026-04-30 13:08:27,28.7580413818359,-17.6600856781006,"Unknown"
"5020567",378626,2026-04-30 13:13:26,28.7590866088867,-17.660364151001,"Unknown"
"5020567",378626,2026-04-30 13:18:26,28.760103225708,-17.6606330871582,"Unknown"
"5020567",378626,2026-04-30 13:23:25,28.7611408233643,-17.6608905792236,"Unknown"
"5020567",378626,2026-04-30 13:28:25,28.7621841430664,-17.6611480712891,"Unknown"
"5020567",378626,2026-04-30 13:33:27,28.7632217407227,-17.6614608764648,"Unknown"
"5020567",378626,2026-04-30 13:38:25,28.7642211914062,-17.6617259979248,"Unknown"
"5020567",378626,2026-04-30 13:43:26,28.7650985717773,-17.6619243621826,"Unknown"
"5020567",378626,2026-04-30 13:48:25,28.7659873962402,-17.6622657775879,"Unknown"
"5020567",378626,2026-04-30 13:53:25,28.7668914794922,-17.6626358032227,"Unknown"
"5020567",378626,2026-04-30 13:58:27,28.7678318023682,-17.6631107330322,"Unknown"
"5020567",378626,2026-04-30 14:03:27,28.7687931060791,-17.6634788513184,"Unknown"
"5020567",378626,2026-04-30 14:08:27,28.7697277069092,-17.6639022827148,"Unknown"
"5020567",378626,2026-04-30 14:13:28,28.770601272583,-17.6644878387451,"Unknown"
"5020567",378626,2026-04-30 14:18:26,28.7716522216797,-17.6647453308105,"Unknown"
"5020567",378626,2026-04-30 14:23:27,28.7726097106934,-17.6650257110596,"Unknown"
"5020567",378626,2026-04-30 14:28:27,28.7736053466797,-17.6653022766113,"Unknown"
"5020567",378626,2026-04-30 14:33:29,28.7747459411621,-17.6653518676758,"Unknown"
"5020567",378626,2026-04-30 14:38:28,28.7757225036621,-17.6653594970703,"Unknown"
"5020567",378626,2026-04-30 14:43:41,28.7769088745117,-17.6655464172363,"Unknown"
"5020567",378626,2026-04-30 14:48:28,28.7779407501221,-17.6654529571533,"Unknown"
"5020567",378626,2026-04-30 14:53:30,28.7790699005127,-17.6654605865479,"Unknown"
"5020567",378626,2026-04-30 14:58:28,28.7801837921143,-17.665340423584,"Unknown"
"5020567",378626,2026-04-30 15:03:47,28.7813377380371,-17.6653003692627,"Unknown"
"5020567",378626,2026-04-30 15:08:27,28.7823619842529,-17.6652851104736,"Unknown"
"5020567",378626,2026-04-30 15:13:24,28.7834053039551,-17.6652774810791,"Unknown"
"5020567",378626,2026-04-30 15:18:25,28.784496307373,-17.6653022766113,"Unknown"
"5020567",378626,2026-04-30 15:23:24,28.7855339050293,-17.6653881072998,"Unknown"
"5020567",378626,2026-04-30 15:28:27,28.7865200042725,-17.6655349731445,"Unknown"
"5020567",378626,2026-04-30 15:33:24,28.7874603271484,-17.665620803833,"Unknown"
"5020567",378626,2026-04-30 15:38:24,28.7923679351807,-17.6734580993652,"Unknown"
"5020567",378626,2026-04-30 15:43:25,28.8096866607666,-17.7086620330811,"Unknown"
"5020567",378626,2026-04-30 15:48:28,28.8185939788818,-17.7337398529053,"Unknown"
"5020567",378626,2026-04-30 15:53:27,28.8178768157959,-17.7423057556152,"Unknown"
"5020567",378626,2026-04-30 15:54:25,28.8136863708496,-17.7439765930176,"Unknown"
"5020567",378626,2026-04-30 15:55:57,28.8132972717285,-17.7435760498047,"Unknown"
"5020567",378626,2026-04-30 15:56:24,28.8125152587891,-17.7434368133545,"Unknown"
"5020567",378626,2026-04-30 15:57:24,28.8113079071045,-17.7416210174561,"Unknown"
"5020567",378626,2026-04-30 15:58:24,28.8111476898193,-17.7427749633789,"Unknown"
"5020567",378626,2026-04-30 15:59:25,28.8089199066162,-17.741979598999,"Unknown"
"5020567",378626,2026-04-30 16:00:24,28.8080444335938,-17.7415580749512,"Unknown"
"5020567",378626,2026-04-30 16:01:24,28.8082103729248,-17.7415866851807,"Unknown"
"5020567",378626,2026-04-30 16:02:28,28.8086528778076,-17.7398376464844,"Unknown"
"5020567",378626,2026-04-30 16:03:26,28.8095893859863,-17.7397193908691,"Unknown"
"5020567",378626,2026-04-30 16:04:25,28.8098106384277,-17.7399520874023,"Unknown"
"5020567",378626,2026-04-30 16:05:24,28.8099880218506,-17.7399578094482,"Unknown"
"5020567",378626,2026-04-30 16:06:25,28.8102111816406,-17.7399444580078,"Unknown"
"5020567",378626,2026-04-30 16:07:24,28.8103923797607,-17.7399787902832,"Unknown"
"5020567",378626,2026-04-30 16:08:25,28.8105010986328,-17.7399501800537,"Unknown"
"5020567",378626,2026-04-30 16:09:24,28.8076457977295,-17.7407684326172,"Unknown"
"5020567",378626,2026-04-30 16:10:24,28.807788848877,-17.740795135498,"Unknown"
"5020567",378626,2026-04-30 16:11:24,28.8079681396484,-17.7407779693604,"Unknown"
"5020567",378626,2026-04-30 16:12:25,28.807186126709,-17.74045753479,"Unknown"
"5020567",378626,2026-04-30 16:13:24,28.8045234680176,-17.7382297515869,"Unknown"
"5020567",378626,2026-04-30 16:14:24,28.8003959655762,-17.7370357513428,"Unknown"
"5020567",378626,2026-04-30 16:15:24,28.7989292144775,-17.7353324890137,"Unknown"
"5020567",378626,2026-04-30 16:16:24,28.7997512817383,-17.7361621856689,"Unknown"
"5020567",378626,2026-04-30 16:17:24,28.7999687194824,-17.7362308502197,"Unknown"
"5020567",378626,2026-04-30 16:18:24,28.8038635253906,-17.7376480102539,"Unknown"
"5020567",378626,2026-04-30 16:19:24,28.8049182891846,-17.7380428314209,"Unknown"
"5020567",378626,2026-04-30 16:20:24,28.8049354553223,-17.7387180328369,"Unknown"
"5020567",378626,2026-04-30 16:21:24,28.8043041229248,-17.7393436431885,"Unknown"
"5020567",378626,2026-04-30 16:22:24,28.804557800293,-17.7405624389648,"Unknown"
"5020567",378626,2026-04-30 16:23:24,28.8048286437988,-17.7397861480713,"Unknown"
"5020567",378626,2026-04-30 16:24:24,28.8050308227539,-17.739839553833,"Unknown"
"5020567",378626,2026-04-30 16:25:24,28.80517578125,-17.7398509979248,"Unknown"
"5020567",378626,2026-04-30 16:26:25,28.8051738739014,-17.7398815155029,"Unknown"
"5020567",378626,2026-04-30 16:27:26,28.8033027648926,-17.741060256958,"Unknown"
"5020567",378626,2026-04-30 16:29:00,28.8032855987549,-17.741060256958,"Unknown"
"5020567",378626,2026-04-30 16:29:24,28.8033657073975,-17.7409191131592,"Unknown"
"5020567",378626,2026-04-30 16:30:24,28.8033428192139,-17.7415504455566,"Unknown"
"5020567",378626,2026-04-30 16:31:24,28.8034934997559,-17.741626739502,"Unknown"
"5020567",378626,2026-04-30 16:32:24,28.8036785125732,-17.7416324615479,"Unknown"
"5020567",378626,2026-04-30 16:33:24,28.8038215637207,-17.7416648864746,"Unknown"
"5020567",378626,2026-04-30 16:34:25,28.8031539916992,-17.7435398101807,"Unknown"
"5020567",378626,2026-04-30 16:35:24,28.8032302856445,-17.7438163757324,"Unknown"
"5020567",378626,2026-04-30 16:36:24,28.8032646179199,-17.7442245483398,"Unknown"
"5020567",378626,2026-04-30 16:37:27,28.8033847808838,-17.7442893981934,"Unknown"
"5020567",378626,2026-04-30 16:38:27,28.8034896850586,-17.7443866729736,"Unknown"
"5020567",378626,2026-04-30 16:39:25,28.803596496582,-17.7443714141846,"Unknown"
"5020567",378626,2026-04-30 16:40:24,28.803731918335,-17.7443695068359,"Unknown"
"5020567",378626,2026-04-30 16:41:24,28.8014488220215,-17.7442779541016,"Unknown"
"5020567",378626,2026-04-30 16:42:24,28.8012199401855,-17.7443962097168,"Unknown"
"5020567",378626,2026-04-30 16:43:25,28.80002784729,-17.7431240081787,"Unknown"
"5020567",378626,2026-04-30 16:44:25,28.8001918792725,-17.7431755065918,"Unknown"
"5020567",378626,2026-04-30 16:45:24,28.8003025054932,-17.7431735992432,"Unknown"
"5020567",378626,2026-04-30 16:46:25,28.8004531860352,-17.7432479858398,"Unknown"
"5020567",378626,2026-04-30 16:47:24,28.8005523681641,-17.7433013916016,"Unknown"
"5020567",378626,2026-04-30 16:48:24,28.8003578186035,-17.7429275512695,"Unknown"
"5020567",378626,2026-04-30 16:49:24,28.7952461242676,-17.7408466339111,"Unknown"
"5020567",378626,2026-04-30 16:50:25,28.7914772033691,-17.7378330230713,"Unknown"
"5020567",378626,2026-04-30 16:51:24,28.7916641235352,-17.7378005981445,"Unknown"
"5020567",378626,2026-04-30 16:52:25,28.7907848358154,-17.7367649078369,"Unknown"
"5020567",378626,2026-04-30 16:53:26,28.7896862030029,-17.7358913421631,"Unknown"
"5020567",378626,2026-04-30 16:54:24,28.7902774810791,-17.732780456543,"Unknown"
"5020567",378626,2026-04-30 16:55:25,28.7896461486816,-17.7305335998535,"Unknown"
"5020567",378626,2026-04-30 16:56:24,28.789924621582,-17.7301406860352,"Unknown"
"5020567",378626,2026-04-30 16:57:26,28.7901191711426,-17.7300796508789,"Unknown"
"5020567",378626,2026-04-30 16:58:24,28.79026222229,-17.7301177978516,"Unknown"
"5020567",378626,2026-04-30 16:59:24,28.790454864502,-17.730152130127,"Unknown"
"5020567",378626,2026-04-30 17:00:26,28.7906761169434,-17.7302360534668,"Unknown"
"5020567",378626,2026-04-30 17:01:25,28.7908611297607,-17.7302551269531,"Unknown"
"5020567",378626,2026-04-30 17:02:25,28.7910709381104,-17.7302913665771,"Unknown"
"5020567",378626,2026-04-30 17:03:24,28.7912826538086,-17.7303485870361,"Unknown"
"5020567",378626,2026-04-30 17:04:24,28.7914752960205,-17.7303504943848,"Unknown"
"5020567",378626,2026-04-30 17:05:24,28.7916851043701,-17.7303581237793,"Unknown"
"5020567",378626,2026-04-30 17:06:25,28.7918910980225,-17.7303733825684,"Unknown"
"5020567",378626,2026-04-30 17:07:27,28.7921085357666,-17.7304039001465,"Unknown"
"5020567",378626,2026-04-30 17:08:27,28.7922973632812,-17.7303848266602,"Unknown"
"5020567",378626,2026-04-30 17:09:24,28.7924747467041,-17.7304058074951,"Unknown"
"5020567",378626,2026-04-30 17:10:24,28.7926616668701,-17.7304191589355,"Unknown"
"5020567",378626,2026-04-30 17:11:24,28.7928466796875,-17.7304058074951,"Unknown"
"5020567",378626,2026-04-30 17:12:25,28.7930603027344,-17.7303886413574,"Unknown"
"5020567",378626,2026-04-30 17:13:26,28.7933292388916,-17.7303295135498,"Unknown"
"5020567",378626,2026-04-30 17:14:25,28.7935123443604,-17.7302875518799,"Unknown"
"5020567",378626,2026-04-30 17:15:31,28.7936992645264,-17.7302436828613,"Unknown"
"5020567",378626,2026-04-30 17:16:24,28.7938365936279,-17.7301998138428,"Unknown"
"5020567",378626,2026-04-30 17:17:28,28.7940349578857,-17.7301864624023,"Unknown"
"5020567",378626,2026-04-30 17:18:32,28.7942085266113,-17.7301597595215,"Unknown"
"5020567",378626,2026-04-30 17:19:24,28.7942962646484,-17.7300796508789,"Unknown"
"5020567",378626,2026-04-30 17:20:27,28.7944355010986,-17.7300662994385,"Unknown"
"5020567",378626,2026-04-30 17:21:27,28.7945365905762,-17.7300415039062,"Unknown"
"5020567",378626,2026-04-30 17:22:24,28.7946662902832,-17.7300243377686,"Unknown"
"5020567",378626,2026-04-30 17:23:27,28.7950267791748,-17.7266788482666,"Unknown"
"5020567",378626,2026-04-30 17:24:27,28.7960357666016,-17.719217300415,"Unknown"
"5020567",378626,2026-04-30 17:25:27,28.7956428527832,-17.714298248291,"Unknown"
"5020567",378626,2026-04-30 17:30:57,28.7962741851807,-17.7140674591064,"Unknown"
"5020567",378626,2026-04-30 17:35:24,28.7974185943604,-17.7077560424805,"Unknown"
"5020567",378626,2026-04-30 17:40:24,28.79709815979,-17.6982765197754,"Unknown"
"5020567",378626,2026-04-30 17:45:24,28.7980651855469,-17.6981658935547,"Unknown"
"5020567",378626,2026-04-30 17:50:24,28.7937431335449,-17.6953964233398,"Unknown"
"5020567",378626,2026-04-30 17:55:24,28.7919673919678,-17.6953525543213,"Unknown"
"5020567",378626,2026-04-30 18:00:25,28.7915859222412,-17.6949138641357,"Unknown"
"5020567",378626,2026-04-30 18:05:24,28.7913589477539,-17.6924571990967,"Unknown"
"5020567",378626,2026-04-30 18:10:24,28.7957706451416,-17.694314956665,"Unknown"
"5020567",378626,2026-04-30 18:15:24,28.7951335906982,-17.6944198608398,"Unknown"
"5020567",378626,2026-04-30 18:20:25,28.7939338684082,-17.6969757080078,"Unknown"
"5020567",378626,2026-04-30 18:25:29,28.7806968688965,-17.675594329834,"Unknown"
"5020567",378626,2026-04-30 18:30:24,28.7971038818359,-17.6940422058105,"Unknown"
"5020567",378626,2026-04-30 18:35:27,28.8088474273682,-17.718843460083,"Unknown"
"5020567",378626,2026-04-30 18:40:33,28.823127746582,-17.7369804382324,"Unknown"
"5020567",378626,2026-04-30 18:45:27,28.821533203125,-17.7352294921875,"Unknown"
"5020567",378626,2026-04-30 18:46:27,28.8215637207031,-17.735143661499,"Unknown"
"5020567",378626,2026-04-30 18:47:27,28.8216323852539,-17.7351398468018,"Unknown"
"5020567",378626,2026-04-30 18:48:25,28.8216876983643,-17.7351341247559,"Unknown"
"5020567",378626,2026-04-30 18:49:28,28.8217353820801,-17.73508644104,"Unknown"
"5020567",378626,2026-04-30 18:50:27,28.8217678070068,-17.7350673675537,"Unknown"
"5020567",378626,2026-04-30 18:51:26,28.8218307495117,-17.7350234985352,"Unknown"
"5020567",378626,2026-04-30 18:52:27,28.8218975067139,-17.7350482940674,"Unknown"
"5020567",378626,2026-04-30 18:53:28,28.8219261169434,-17.7349700927734,"Unknown"
"5020567",378626,2026-04-30 18:54:28,28.8219776153564,-17.7349472045898,"Unknown"
"5020567",378626,2026-04-30 18:55:28,28.8220176696777,-17.7348480224609,"Unknown"
"5020567",378626,2026-04-30 18:56:28,28.8220386505127,-17.7348155975342,"Unknown"
"5020567",378626,2026-04-30 18:57:28,28.8220710754395,-17.7347545623779,"Unknown"
"5020567",378626,2026-04-30 18:58:29,28.8221054077148,-17.7347145080566,"Unknown"
"5020567",378626,2026-04-30 18:59:25,28.8221302032471,-17.7347316741943,"Unknown"
"5020567",378626,2026-04-30 19:00:24,28.8221225738525,-17.7347068786621,"Unknown"
"5020567",378626,2026-04-30 19:01:26,28.8221664428711,-17.7347240447998,"Unknown"
"5020567",378626,2026-04-30 19:02:29,28.8221817016602,-17.7347164154053,"Unknown"
"5020567",378626,2026-04-30 19:03:25,28.8222198486328,-17.7347106933594,"Unknown"
"5020567",378626,2026-04-30 19:04:27,28.8222427368164,-17.7347068786621,"Unknown"
"5020567",378626,2026-04-30 19:05:27,28.8222541809082,-17.7346954345703,"Unknown"
"5020567",378626,2026-04-30 19:06:28,28.8222923278809,-17.7347030639648,"Unknown"
"5020567",378626,2026-04-30 19:07:27,28.8223361968994,-17.7347183227539,"Unknown"
"5020567",378626,2026-04-30 19:08:27,28.8223476409912,-17.7347450256348,"Unknown"
"5020567",378626,2026-04-30 19:09:28,28.8223609924316,-17.734748840332,"Unknown"
"5020567",378626,2026-04-30 19:10:28,28.8223762512207,-17.7347736358643,"Unknown"
"5020567",378626,2026-04-30 19:11:28,28.8223705291748,-17.7347831726074,"Unknown"
"5020567",378626,2026-04-30 19:12:57,28.8224086761475,-17.7347755432129,"Unknown"
"5020567",378626,2026-04-30 19:13:24,28.822416305542,-17.7347850799561,"Unknown"
"5020567",378626,2026-04-30 19:14:24,28.8224201202393,-17.7347507476807,"Unknown"
"5020567",378626,2026-04-30 19:15:24,28.8224277496338,-17.7347812652588,"Unknown"
"5020567",378626,2026-04-30 19:16:24,28.8224487304688,-17.7347545623779,"Unknown"
"5020567",378626,2026-04-30 19:17:25,28.8224449157715,-17.7347030639648,"Unknown"
"5020567",378626,2026-04-30 19:18:25,28.8224964141846,-17.7347793579102,"Unknown"
"5020567",378626,2026-04-30 19:19:24,28.8225212097168,-17.7347831726074,"Unknown"
"5020567",378626,2026-04-30 19:20:25,28.8225440979004,-17.7348003387451,"Unknown"
"5020567",378626,2026-04-30 19:21:25,28.8225574493408,-17.7347526550293,"Unknown"
"5020567",378626,2026-04-30 19:22:25,28.8225746154785,-17.7347240447998,"Unknown"
"5020567",378626,2026-04-30 19:23:24,28.8225994110107,-17.7347049713135,"Unknown"
"5020567",378626,2026-04-30 19:24:24,28.8226222991943,-17.7347068786621,"Unknown"
"5020567",378626,2026-04-30 19:25:27,28.8226509094238,-17.7347469329834,"Unknown"
"5020567",378626,2026-04-30 19:26:24,28.8226795196533,-17.7347526550293,"Unknown"
"5020567",378626,2026-04-30 19:27:26,28.8227348327637,-17.7347984313965,"Unknown"
"5020567",378626,2026-04-30 19:28:26,28.8227787017822,-17.7348289489746,"Unknown"
"5020567",378626,2026-04-30 19:29:25,28.822790145874,-17.7348327636719,"Unknown"
"5020567",378626,2026-04-30 19:30:25,28.8228206634521,-17.7348575592041,"Unknown"
"5020567",378626,2026-04-30 19:31:26,28.822847366333,-17.7348499298096,"Unknown"
"5020567",378626,2026-04-30 19:32:27,28.8228893280029,-17.7348537445068,"Unknown"
"5020567",378626,2026-04-30 19:33:24,28.823169708252,-17.7387981414795,"Unknown"
"5020567",378626,2026-04-30 19:34:25,28.8230876922607,-17.745584487915,"Unknown"
"5020567",378626,2026-04-30 19:35:25,28.8234748840332,-17.7526054382324,"Unknown"
"5020567",378626,2026-04-30 19:36:25,28.824836730957,-17.7541332244873,"Unknown"
"5020567",378626,2026-04-30 19:37:24,28.8248996734619,-17.7541217803955,"Unknown"
"5020567",378626,2026-04-30 19:38:25,28.8249320983887,-17.754150390625,"Unknown"
"5020567",378626,2026-04-30 19:39:26,28.8249607086182,-17.7541885375977,"Unknown"
"5020567",378626,2026-04-30 19:40:25,28.8249778747559,-17.7541542053223,"Unknown"
"5020567",378626,2026-04-30 19:41:28,28.8250026702881,-17.7541885375977,"Unknown"
"5020567",378626,2026-04-30 19:42:25,28.8250331878662,-17.7541923522949,"Unknown"
"5020567",378626,2026-04-30 19:43:25,28.8250713348389,-17.7541999816895,"Unknown"
"5020567",378626,2026-04-30 19:44:25,28.825080871582,-17.7541828155518,"Unknown"
"5020567",378626,2026-04-30 19:45:25,28.8251190185547,-17.754222869873,"Unknown"
"5020567",378626,2026-04-30 19:46:24,28.8251419067383,-17.7542400360107,"Unknown"
"5020567",378626,2026-04-30 19:47:27,28.8251781463623,-17.7542514801025,"Unknown"
"5020567",378626,2026-04-30 19:48:27,28.8252124786377,-17.7542476654053,"Unknown"
"5020567",378626,2026-04-30 19:49:27,28.8252258300781,-17.7542591094971,"Unknown"
"5020567",378626,2026-04-30 19:50:24,28.8252849578857,-17.7542762756348,"Unknown"
"5020567",378626,2026-04-30 19:51:24,28.8253173828125,-17.7543067932129,"Unknown"
"5020567",378626,2026-04-30 19:52:25,28.8253402709961,-17.7543315887451,"Unknown"
"5020567",378626,2026-04-30 19:53:25,28.8253917694092,-17.7543563842773,"Unknown"
"5020567",378626,2026-04-30 19:54:24,28.8254165649414,-17.7543888092041,"Unknown"
"5020567",378626,2026-04-30 19:55:24,28.825439453125,-17.7544116973877,"Unknown"
"5020567",378626,2026-04-30 19:56:25,28.8255023956299,-17.7544288635254,"Unknown"
"5020567",378626,2026-04-30 19:57:25,28.8255405426025,-17.7544250488281,"Unknown"
"5020567",378626,2026-04-30 19:58:26,28.8256664276123,-17.754430770874,"Unknown"
"5020567",378626,2026-04-30 19:59:27,28.8257579803467,-17.7544708251953,"Unknown"
"5020567",378626,2026-04-30 20:00:26,28.8258190155029,-17.7544746398926,"Unknown"
"5020567",378626,2026-04-30 20:01:27,28.8258972167969,-17.7544536590576,"Unknown"
"5020567",378626,2026-04-30 20:02:25,28.8259544372559,-17.7544631958008,"Unknown"
"5020567",378626,2026-04-30 20:03:25,28.8260250091553,-17.7544994354248,"Unknown"
"5020567",378626,2026-04-30 20:04:25,28.8260612487793,-17.7545032501221,"Unknown"
"5020567",378626,2026-04-30 20:05:25,28.8261165618896,-17.7545585632324,"Unknown"
"5020567",378626,2026-04-30 20:06:26,28.826192855835,-17.7545700073242,"Unknown"
"5020567",378626,2026-04-30 20:07:25,28.8262462615967,-17.7545909881592,"Unknown"
"5020567",378626,2026-04-30 20:08:27,28.8262977600098,-17.7545738220215,"Unknown"
"5020567",378626,2026-04-30 20:09:27,28.8263721466064,-17.7545757293701,"Unknown"
"5020567",378626,2026-04-30 20:10:26,28.8264617919922,-17.7545166015625,"Unknown"
"5020567",378626,2026-04-30 20:11:26,28.8265075683594,-17.7545261383057,"Unknown"
"5020567",378626,2026-04-30 20:12:25,28.826509475708,-17.7546138763428,"Unknown"
"5020567",378626,2026-04-30 20:13:25,28.8265342712402,-17.7546329498291,"Unknown"
"5020567",378626,2026-04-30 20:14:28,28.8265514373779,-17.75461769104,"Unknown"
"5020567",378626,2026-04-30 20:15:26,28.826602935791,-17.7546138763428,"Unknown"
"5020567",378626,2026-04-30 20:16:26,28.8266696929932,-17.754638671875,"Unknown"
"5020567",378626,2026-04-30 20:17:25,28.8267593383789,-17.7546806335449,"Unknown"
"5020567",378626,2026-04-30 20:18:27,28.8268642425537,-17.7546539306641,"Unknown"
"5020567",378626,2026-04-30 20:19:26,28.8269653320312,-17.7546710968018,"Unknown"
"5020567",378626,2026-04-30 20:20:27,28.8270568847656,-17.7546939849854,"Unknown"
"5020567",378626,2026-04-30 20:21:29,28.8271541595459,-17.75465965271,"Unknown"
"5020567",378626,2026-04-30 20:22:47,28.827262878418,-17.7547454833984,"Unknown"
"5020567",378626,2026-04-30 20:23:24,28.8273296356201,-17.7547664642334,"Unknown"
"5020567",378626,2026-04-30 20:24:27,28.827392578125,-17.7547645568848,"Unknown"
"5020567",378626,2026-04-30 20:25:27,28.8274803161621,-17.7547626495361,"Unknown"
"5020567",378626,2026-04-30 20:26:25,28.8275508880615,-17.7548141479492,"Unknown"
"5020567",378626,2026-04-30 20:27:25,28.8276462554932,-17.7547912597656,"Unknown"
"5020567",378626,2026-04-30 20:28:25,28.8276958465576,-17.7548046112061,"Unknown"
"5020567",378626,2026-04-30 20:29:27,28.8277130126953,-17.7547969818115,"Unknown"
"5020567",378626,2026-04-30 20:30:27,28.8277950286865,-17.754861831665,"Unknown"
"5020567",378626,2026-04-30 20:31:24,28.8279151916504,-17.7549152374268,"Unknown"
"5020567",378626,2026-04-30 20:32:24,28.828031539917,-17.7549438476562,"Unknown"
"5020567",378626,2026-04-30 20:33:25,28.8281078338623,-17.754940032959,"Unknown"
"5020567",378626,2026-04-30 20:34:24,28.828145980835,-17.7549476623535,"Unknown"
"5020567",378626,2026-04-30 20:35:24,28.8282508850098,-17.7549381256104,"Unknown"
"5020567",378626,2026-04-30 20:36:25,28.8283271789551,-17.754955291748,"Unknown"
"5020567",378626,2026-04-30 20:37:26,28.828369140625,-17.754955291748,"Unknown"
"5020567",378626,2026-04-30 20:38:24,28.8283557891846,-17.754919052124,"Unknown"
"5020567",378626,2026-04-30 20:39:29,28.8283729553223,-17.7549057006836,"Unknown"
"5020567",378626,2026-04-30 20:40:25,28.8284149169922,-17.7549076080322,"Unknown"
"5020567",378626,2026-04-30 20:41:25,28.8284606933594,-17.7548713684082,"Unknown"
"5020567",378626,2026-04-30 20:42:25,28.8284893035889,-17.7548599243164,"Unknown"
"5020567",378626,2026-04-30 20:43:24,28.8285350799561,-17.7548503875732,"Unknown"
"5020567",378626,2026-04-30 20:44:25,28.8285884857178,-17.7548446655273,"Unknown"
"5020567",378626,2026-04-30 20:45:24,28.8286170959473,-17.7548675537109,"Unknown"
"5020567",378626,2026-04-30 20:46:24,28.8286323547363,-17.7548313140869,"Unknown"
"5020567",378626,2026-04-30 20:47:25,28.8286819458008,-17.7548351287842,"Unknown"
"5020567",378626,2026-04-30 20:48:24,28.8287010192871,-17.7548351287842,"Unknown"
"5020567",378626,2026-04-30 20:49:24,28.8287658691406,-17.7548160552979,"Unknown"
"5020567",378626,2026-04-30 20:50:24,28.8288021087646,-17.7548313140869,"Unknown"
"5020567",378626,2026-04-30 20:51:24,28.8288421630859,-17.7548446655273,"Unknown"
"5020567",378626,2026-04-30 20:52:27,28.828914642334,-17.7548217773438,"Unknown"
"5020567",378626,2026-04-30 20:53:26,28.8289680480957,-17.7548370361328,"Unknown"
"5020567",378626,2026-04-30 20:54:24,28.8290004730225,-17.7548446655273,"Unknown"
"5020567",378626,2026-04-30 20:55:24,28.8290920257568,-17.7549476623535,"Unknown"
"5020567",378626,2026-04-30 20:56:28,28.8291549682617,-17.7550144195557,"Unknown"
"5020567",378626,2026-04-30 20:57:24,28.8292236328125,-17.7550945281982,"Unknown"
"5020567",378626,2026-04-30 20:58:25,28.8292713165283,-17.7551574707031,"Unknown"
"5020567",378626,2026-04-30 20:59:27,28.8293590545654,-17.7552032470703,"Unknown"
"5020567",378626,2026-04-30 21:00:24,28.8293056488037,-17.7552051544189,"Unknown"
"5020567",378626,2026-04-30 21:01:28,28.8293361663818,-17.7552394866943,"Unknown"
"5020567",378626,2026-04-30 21:02:24,28.8293781280518,-17.7552509307861,"Unknown"
"5020567",378626,2026-04-30 21:03:25,28.8294486999512,-17.7552509307861,"Unknown"
"5020567",378626,2026-04-30 21:04:24,28.8295249938965,-17.755241394043,"Unknown"
"5020567",378626,2026-04-30 21:05:24,28.8295116424561,-17.7552452087402,"Unknown"
"5020567",378626,2026-04-30 21:06:24,28.8295421600342,-17.7552242279053,"Unknown"
"5020567",378626,2026-04-30 21:07:25,28.8295745849609,-17.755184173584,"Unknown"
"5020567",378626,2026-04-30 21:08:24,28.8296051025391,-17.7551727294922,"Unknown"
"5020567",378626,2026-04-30 21:09:24,28.8296165466309,-17.7551670074463,"Unknown"
"5020567",378626,2026-04-30 21:10:27,28.8296527862549,-17.7551975250244,"Unknown"
"5020567",378626,2026-04-30 21:11:24,28.8297138214111,-17.7552089691162,"Unknown"
"5020567",378626,2026-04-30 21:12:25,28.8297157287598,-17.7551708221436,"Unknown"
"5020567",378626,2026-04-30 21:13:25,28.8297138214111,-17.7551765441895,"Unknown"
"5020567",378626,2026-04-30 21:14:24,28.8297500610352,-17.7551326751709,"Unknown"
"5020567",378626,2026-04-30 21:15:30,28.8297729492188,-17.7551231384277,"Unknown"
"5020567",378626,2026-04-30 21:16:30,28.8298034667969,-17.7551078796387,"Unknown"
"5020567",378626,2026-04-30 21:17:32,28.8298091888428,-17.7550678253174,"Unknown"
"5020567",378626,2026-04-30 21:18:29,28.8298034667969,-17.7550354003906,"Unknown"
"5020567",378626,2026-04-30 21:19:32,28.8298034667969,-17.7550735473633,"Unknown"
"5020567",378626,2026-04-30 21:20:32,28.8297748565674,-17.7551097869873,"Unknown"
"5020567",378626,2026-04-30 21:21:29,28.8297481536865,-17.7551097869873,"Unknown"
"5020567",378626,2026-04-30 21:22:30,28.8297481536865,-17.7551212310791,"Unknown"
"5020567",378626,2026-04-30 21:23:29,28.8297119140625,-17.7551116943359,"Unknown"
"5020567",378626,2026-04-30 21:24:29,28.8296699523926,-17.7551002502441,"Unknown"
"5020567",378626,2026-04-30 21:25:29,28.8296051025391,-17.7550621032715,"Unknown"
"5020567",378626,2026-04-30 21:26:32,28.8295841217041,-17.7549724578857,"Unknown"
"5020567",378626,2026-04-30 21:27:29,28.8296012878418,-17.7549114227295,"Unknown"
"5020567",378626,2026-04-30 21:28:32,28.8295974731445,-17.7548389434814,"Unknown"
"5020567",378626,2026-04-30 21:29:30,28.8295822143555,-17.7548160552979,"Unknown"
"5020567",378626,2026-04-30 21:30:30,28.829568862915,-17.7548065185547,"Unknown"
"5020567",378626,2026-04-30 21:31:30,28.8295383453369,-17.7547969818115,"Unknown"
"5020567",378626,2026-04-30 21:32:30,28.8295211791992,-17.7547721862793,"Unknown"
"5020567",378626,2026-04-30 21:33:32,28.8294563293457,-17.754732131958,"Unknown"
"5020567",378626,2026-04-30 21:34:30,28.8294506072998,-17.7547073364258,"Unknown"
"5020567",378626,2026-04-30 21:35:32,28.8294296264648,-17.7547187805176,"Unknown"
"5020567",378626,2026-04-30 21:36:32,28.8294086456299,-17.7547073364258,"Unknown"
"5020567",378626,2026-04-30 21:37:32,28.8293895721436,-17.7546577453613,"Unknown"
"5020567",378626,2026-04-30 21:38:30,28.8293800354004,-17.7546672821045,"Unknown"
"5020567",378626,2026-04-30 21:39:29,28.8293571472168,-17.7546844482422,"Unknown"
"5020567",378626,2026-04-30 21:40:29,28.829288482666,-17.7545986175537,"Unknown"
"5020567",378626,2026-04-30 21:41:30,28.829252243042,-17.754545211792,"Unknown"
"5020567",378626,2026-04-30 21:42:29,28.829252243042,-17.7544269561768,"Unknown"
"5020567",378626,2026-04-30 21:43:29,28.8292427062988,-17.7543029785156,"Unknown"
"5020567",378626,2026-04-30 21:44:30,28.8292903900146,-17.7542819976807,"Unknown"
"5020567",378626,2026-04-30 21:45:32,28.8292140960693,-17.7542934417725,"Unknown"
"5020567",378626,2026-04-30 21:46:29,28.8291835784912,-17.7543029785156,"Unknown"
"5020567",378626,2026-04-30 21:47:29,28.8291339874268,-17.7542514801025,"Unknown"
"5020567",378626,2026-04-30 21:48:32,28.8291149139404,-17.7541828155518,"Unknown"
"5020567",378626,2026-04-30 21:49:29,28.8291091918945,-17.7541790008545,"Unknown"
"5020567",378626,2026-04-30 21:50:30,28.8291110992432,-17.7541580200195,"Unknown"
"5020567",378626,2026-04-30 21:51:33,28.8290672302246,-17.7541084289551,"Unknown"
"5020567",378626,2026-04-30 21:52:32,28.8290328979492,-17.754035949707,"Unknown"
"5020567",378626,2026-04-30 21:53:30,28.8290691375732,-17.7540855407715,"Unknown"
"5020567",378626,2026-04-30 21:54:30,28.8289680480957,-17.754056930542,"Unknown"
"5020567",378626,2026-04-30 21:55:30,28.8290004730225,-17.7540836334229,"Unknown"
"5020567",378626,2026-04-30 21:56:32,28.8289623260498,-17.7540435791016,"Unknown"
"5020567",378626,2026-04-30 21:57:32,28.8289413452148,-17.7539901733398,"Unknown"
"5020567",378626,2026-04-30 21:58:32,28.8288803100586,-17.7539367675781,"Unknown"
"5020567",378626,2026-04-30 21:59:32,28.8288555145264,-17.7539310455322,"Unknown"
"5020567",378626,2026-04-30 22:01:03,28.8289546966553,-17.7539882659912,"Unknown"
"5020567",378626,2026-04-30 22:01:29,28.8289089202881,-17.7540187835693,"Unknown"
"5020567",378626,2026-04-30 22:02:30,28.82887840271,-17.754035949707,"Unknown"
"5020567",378626,2026-04-30 22:03:29,28.8288440704346,-17.7540550231934,"Unknown"
"5020567",378626,2026-04-30 22:04:29,28.8288345336914,-17.7540702819824,"Unknown"
"5020567",378626,2026-04-30 22:05:30,28.8287963867188,-17.7539901733398,"Unknown"
"5020567",378626,2026-04-30 22:06:29,28.8287773132324,-17.7540092468262,"Unknown"
"5020567",378626,2026-04-30 22:07:29,28.8287563323975,-17.753978729248,"Unknown"
"5020567",378626,2026-04-30 22:08:29,28.8287162780762,-17.7539730072021,"Unknown"
"5020567",378626,2026-04-30 22:09:29,28.8286437988281,-17.7538986206055,"Unknown"
"5020567",378626,2026-04-30 22:10:29,28.8286037445068,-17.7539215087891,"Unknown"
"5020567",378626,2026-04-30 22:11:31,28.8285160064697,-17.7538967132568,"Unknown"
"5020567",378626,2026-04-30 22:12:29,28.828462600708,-17.7539100646973,"Unknown"
"5020567",378626,2026-04-30 22:13:29,28.8284492492676,-17.7539367675781,"Unknown"
"5020567",378626,2026-04-30 22:14:29,28.8284549713135,-17.7538890838623,"Unknown"
"5020567",378626,2026-04-30 22:15:30,28.8284816741943,-17.7538833618164,"Unknown"
"5020567",378626,2026-04-30 22:16:29,28.8284530639648,-17.7539043426514,"Unknown"
"5020567",378626,2026-04-30 22:17:29,28.8284244537354,-17.7539367675781,"Unknown"
"5020567",378626,2026-04-30 22:18:29,28.8283843994141,-17.7538833618164,"Unknown"
"5020567",378626,2026-04-30 22:19:30,28.8283061981201,-17.7538375854492,"Unknown"
"5020567",378626,2026-04-30 22:20:29,28.8282527923584,-17.7538375854492,"Unknown"
"5020567",378626,2026-04-30 22:21:29,28.8282146453857,-17.7537612915039,"Unknown"
"5020567",378626,2026-04-30 22:22:29,28.8282279968262,-17.7537002563477,"Unknown"
"5020567",378626,2026-04-30 22:23:29,28.8282012939453,-17.7536334991455,"Unknown"
"5020567",378626,2026-04-30 22:24:29,28.8281593322754,-17.7536067962646,"Unknown"
"5020567",378626,2026-04-30 22:25:30,28.8281002044678,-17.7535877227783,"Unknown"
"5020567",378626,2026-04-30 22:26:28,28.8280868530273,-17.7535419464111,"Unknown"
"5020567",378626,2026-04-30 22:27:30,28.8280487060547,-17.7535037994385,"Unknown"
"5020567",378626,2026-04-30 22:28:31,28.8280162811279,-17.7534313201904,"Unknown"
"5020567",378626,2026-04-30 22:29:30,28.8279762268066,-17.7533721923828,"Unknown"
"5020567",378626,2026-04-30 22:30:30,28.8279552459717,-17.753345489502,"Unknown"
"5020567",378626,2026-04-30 22:31:30,28.8279724121094,-17.7532730102539,"Unknown"
"5020567",378626,2026-04-30 22:32:29,28.8279342651367,-17.75315284729,"Unknown"
"5020567",378626,2026-04-30 22:33:29,28.8278503417969,-17.7530422210693,"Unknown"
"5020567",378626,2026-04-30 22:34:29,28.8278388977051,-17.752950668335,"Unknown"
"5020567",378626,2026-04-30 22:35:29,28.8278007507324,-17.7529182434082,"Unknown"
"5020567",378626,2026-04-30 22:36:28,28.8277606964111,-17.752872467041,"Unknown"
"5020567",378626,2026-04-30 22:37:29,28.827787399292,-17.7528553009033,"Unknown"
"5020567",378626,2026-04-30 22:38:28,28.827787399292,-17.7528057098389,"Unknown"
"5020567",378626,2026-04-30 22:39:29,28.8277893066406,-17.7527866363525,"Unknown"
"5020567",378626,2026-04-30 22:40:29,28.8277816772461,-17.7527732849121,"Unknown"
"5020567",378626,2026-04-30 22:41:29,28.8278541564941,-17.7527351379395,"Unknown"
"5020567",378626,2026-04-30 22:42:29,28.8278503417969,-17.7526741027832,"Unknown"
"5020567",378626,2026-04-30 22:43:29,28.827880859375,-17.7526435852051,"Unknown"
"5020567",378626,2026-04-30 22:44:29,28.8279094696045,-17.7526054382324,"Unknown"
"5020567",378626,2026-04-30 22:45:29,28.8279399871826,-17.7525329589844,"Unknown"
"5020567",378626,2026-04-30 22:46:29,28.8279647827148,-17.7524833679199,"Unknown"
"5020567",378626,2026-04-30 22:47:29,28.8279247283936,-17.7523956298828,"Unknown"
"5020567",378626,2026-04-30 22:48:29,28.8279247283936,-17.752368927002,"Unknown"
"5020567",378626,2026-04-30 22:49:29,28.8279113769531,-17.7523288726807,"Unknown"
"5020567",378626,2026-04-30 22:50:29,28.8279571533203,-17.7522888183594,"Unknown"
"5020567",378626,2026-04-30 22:51:29,28.827974319458,-17.7522563934326,"Unknown"
"5020567",378626,2026-04-30 22:52:30,28.8279342651367,-17.7522945404053,"Unknown"
"5020567",378626,2026-04-30 22:53:30,28.8279609680176,-17.7522792816162,"Unknown"
"5020567",378626,2026-04-30 22:54:29,28.8279800415039,-17.7522315979004,"Unknown"
"5020567",378626,2026-04-30 22:55:30,28.8280506134033,-17.7521800994873,"Unknown"
"5020567",378626,2026-04-30 22:56:30,28.8280506134033,-17.7521438598633,"Unknown"
"5020567",378626,2026-04-30 22:57:30,28.8280944824219,-17.7520980834961,"Unknown"
"5020567",378626,2026-04-30 22:58:29,28.8281173706055,-17.7520942687988,"Unknown"
"5020567",378626,2026-04-30 22:59:30,28.8281764984131,-17.7520561218262,"Unknown"
"5020567",378626,2026-04-30 23:00:29,28.8282051086426,-17.7519874572754,"Unknown"
"5020567",378626,2026-04-30 23:01:29,28.8281784057617,-17.7519073486328,"Unknown"
"5020567",378626,2026-04-30 23:02:30,28.8282012939453,-17.7519054412842,"Unknown"
"5020567",378626,2026-04-30 23:03:30,28.8282070159912,-17.7519588470459,"Unknown"
"5020567",378626,2026-04-30 23:04:31,28.8282127380371,-17.7519645690918,"Unknown"
"5020567",378626,2026-04-30 23:05:29,28.8282337188721,-17.7519512176514,"Unknown"
"5020567",378626,2026-04-30 23:06:30,28.8282470703125,-17.7519073486328,"Unknown"
"5020567",378626,2026-04-30 23:07:29,28.8282718658447,-17.751916885376,"Unknown"
"5020567",378626,2026-04-30 23:08:30,28.8282451629639,-17.7519569396973,"Unknown"
"5020567",378626,2026-04-30 23:09:30,28.8283405303955,-17.7519721984863,"Unknown"
"5020567",378626,2026-04-30 23:10:29,28.8283958435059,-17.7519264221191,"Unknown"
"5020567",378626,2026-04-30 23:11:29,28.8284130096436,-17.7518863677979,"Unknown"
"5020567",378626,2026-04-30 23:12:30,28.8284320831299,-17.7519073486328,"Unknown"
"5020567",378626,2026-04-30 23:13:29,28.8284339904785,-17.7519359588623,"Unknown"
"5020567",378626,2026-04-30 23:14:29,28.8285331726074,-17.7519454956055,"Unknown"
"5020567",378626,2026-04-30 23:15:29,28.8285865783691,-17.7519149780273,"Unknown"
"5020567",378626,2026-04-30 23:16:30,28.8285846710205,-17.751953125,"Unknown"
"5020567",378626,2026-04-30 23:17:29,28.8286914825439,-17.7519416809082,"Unknown"
"5020567",378626,2026-04-30 23:18:29,28.8287563323975,-17.7519607543945,"Unknown"
"5020567",378626,2026-04-30 23:19:29,28.828821182251,-17.7519874572754,"Unknown"
"5020567",378626,2026-04-30 23:20:32,28.828929901123,-17.7519989013672,"Unknown"
"5020567",378626,2026-04-30 23:21:30,28.8289985656738,-17.7520370483398,"Unknown"
"5020567",378626,2026-04-30 23:22:30,28.8290634155273,-17.7520771026611,"Unknown"
"5020567",378626,2026-04-30 23:23:29,28.8291358947754,-17.7520523071289,"Unknown"
"5020567",378626,2026-04-30 23:24:29,28.8292140960693,-17.7520427703857,"Unknown"
"5020567",378626,2026-04-30 23:25:29,28.8292713165283,-17.7520427703857,"Unknown"
"5020567",378626,2026-04-30 23:26:29,28.829345703125,-17.7520809173584,"Unknown"
"5020567",378626,2026-04-30 23:27:29,28.8294277191162,-17.7520751953125,"Unknown"
"5020567",378626,2026-04-30 23:28:30,28.8295154571533,-17.7520523071289,"Unknown"
"5020567",378626,2026-04-30 23:29:29,28.8296413421631,-17.7521018981934,"Unknown"
"5020567",378626,2026-04-30 23:30:29,28.8297424316406,-17.7521209716797,"Unknown"
"5020567",378626,2026-04-30 23:31:29,28.8298244476318,-17.7520790100098,"Unknown"
"5020567",378626,2026-04-30 23:32:29,28.8299026489258,-17.7520332336426,"Unknown"
"5020567",378626,2026-04-30 23:33:29,28.8299751281738,-17.7520084381104,"Unknown"
"5020567",378626,2026-04-30 23:34:29,28.8299942016602,-17.7520751953125,"Unknown"
"5020567",378626,2026-04-30 23:35:29,28.8300514221191,-17.752103805542,"Unknown"
"5020567",378626,2026-04-30 23:36:29,28.8301734924316,-17.752140045166,"Unknown"
"5020567",378626,2026-04-30 23:37:29,28.83030128479,-17.7521991729736,"Unknown"
"5020567",378626,2026-04-30 23:38:29,28.8303756713867,-17.7522277832031,"Unknown"
"5020567",378626,2026-04-30 23:39:29,28.830436706543,-17.7522659301758,"Unknown"
"5020567",378626,2026-04-30 23:40:29,28.8304996490479,-17.7522773742676,"Unknown"
"5020567",378626,2026-04-30 23:41:29,28.8305835723877,-17.7523174285889,"Unknown"
"5020567",378626,2026-04-30 23:42:29,28.8306713104248,-17.7523231506348,"Unknown"
"5020567",378626,2026-04-30 23:43:29,28.8307552337646,-17.7523460388184,"Unknown"
"5020567",378626,2026-04-30 23:44:29,28.8308429718018,-17.7523174285889,"Unknown"
"5020567",378626,2026-04-30 23:45:29,28.8308868408203,-17.7523040771484,"Unknown"
"5020567",378626,2026-04-30 23:46:29,28.8309555053711,-17.752311706543,"Unknown"
"5020567",378626,2026-04-30 23:47:29,28.8310356140137,-17.7523155212402,"Unknown"
"5020567",378626,2026-04-30 23:48:29,28.8310775756836,-17.7522945404053,"Unknown"
"5020567",378626,2026-04-30 23:49:29,28.8311061859131,-17.7522792816162,"Unknown"
"5020567",378626,2026-04-30 23:50:29,28.831148147583,-17.7522430419922,"Unknown"
"5020567",378626,2026-04-30 23:51:30,28.831226348877,-17.7522525787354,"Unknown"
"5020567",378626,2026-04-30 23:52:29,28.8313293457031,-17.7522430419922,"Unknown"
"5020567",378626,2026-04-30 23:53:30,28.8313961029053,-17.7522563934326,"Unknown"
"5020567",378626,2026-04-30 23:54:30,28.8314514160156,-17.7522583007812,"Unknown"
"5020567",378626,2026-04-30 23:55:29,28.8315486907959,-17.7522621154785,"Unknown"
"5020567",378626,2026-04-30 23:56:30,28.8316211700439,-17.7522583007812,"Unknown"
"5020567",378626,2026-04-30 23:57:30,28.8317489624023,-17.7522277832031,"Unknown"
"5020567",378626,2026-04-30 23:58:30,28.8318672180176,-17.7522296905518,"Unknown"
"5020567",378626,2026-04-30 23:59:30,28.8319606781006,-17.7522239685059,"Unknown"
"5020567",378626,2026-05-01 00:00:29,28.8345985412598,-17.7537307739258,"Unknown"
"5020567",378626,2026-05-01 00:01:29,28.8313274383545,-17.7552356719971,"Unknown"
"5020567",378626,2026-05-01 00:02:31,28.8318386077881,-17.7577438354492,"Unknown"
"5020567",378626,2026-05-01 00:03:29,28.8318920135498,-17.7576789855957,"Unknown"
"5020567",378626,2026-05-01 00:04:30,28.8319530487061,-17.7575855255127,"Unknown"
"5020567",378626,2026-05-01 00:05:29,28.8320026397705,-17.7574596405029,"Unknown"
"5020567",378626,2026-05-01 00:06:30,28.8320217132568,-17.7574672698975,"Unknown"
"5020567",378626,2026-05-01 00:07:29,28.8320388793945,-17.7574577331543,"Unknown"
"5020567",378626,2026-05-01 00:08:30,28.8321018218994,-17.7574520111084,"Unknown"
"5020567",378626,2026-05-01 00:09:30,28.8321971893311,-17.757474899292,"Unknown"
"5020567",378626,2026-05-01 00:10:29,28.8322372436523,-17.757453918457,"Unknown"
"5020567",378626,2026-05-01 00:11:29,28.8322925567627,-17.7574520111084,"Unknown"
"5020567",378626,2026-05-01 00:12:29,28.8323631286621,-17.7574272155762,"Unknown"
"5020567",378626,2026-05-01 00:13:29,28.8324127197266,-17.757438659668,"Unknown"
"5020567",378626,2026-05-01 00:14:29,28.8324794769287,-17.7574443817139,"Unknown"
"5020567",378626,2026-05-01 00:15:30,28.8325424194336,-17.7574501037598,"Unknown"
"5020567",378626,2026-05-01 00:16:30,28.8325996398926,-17.7574577331543,"Unknown"
"5020567",378626,2026-05-01 00:17:30,28.8326663970947,-17.7574558258057,"Unknown"
"5020567",378626,2026-05-01 00:18:29,28.8327293395996,-17.7574558258057,"Unknown"
"5020567",378626,2026-05-01 00:19:30,28.8328075408936,-17.757495880127,"Unknown"
"5020567",378626,2026-05-01 00:20:30,28.8328857421875,-17.7575092315674,"Unknown"
"5020567",378626,2026-05-01 00:21:30,28.832971572876,-17.7575302124023,"Unknown"
"5020567",378626,2026-05-01 00:22:29,28.8330249786377,-17.75754737854,"Unknown"
"5020567",378626,2026-05-01 00:23:30,28.8330936431885,-17.7575817108154,"Unknown"
"5020567",378626,2026-05-01 00:24:29,28.8331642150879,-17.7576236724854,"Unknown"
"5020567",378626,2026-05-01 00:25:29,28.833215713501,-17.7576580047607,"Unknown"
"5020567",378626,2026-05-01 00:26:29,28.8332901000977,-17.7576885223389,"Unknown"
"5020567",378626,2026-05-01 00:27:29,28.8333625793457,-17.757740020752,"Unknown"
"5020567",378626,2026-05-01 00:28:30,28.833423614502,-17.7577800750732,"Unknown"
"5020567",378626,2026-05-01 00:29:30,28.8335762023926,-17.7578125,"Unknown"
"5020567",378626,2026-05-01 00:30:29,28.8336334228516,-17.7578525543213,"Unknown"
"5020567",378626,2026-05-01 00:31:29,28.8337345123291,-17.757926940918,"Unknown"
"5020567",378626,2026-05-01 00:32:31,28.8338146209717,-17.7579021453857,"Unknown"
"5020567",378626,2026-05-01 00:33:29,28.8339042663574,-17.7579460144043,"Unknown"
"5020567",378626,2026-05-01 00:34:29,28.8339309692383,-17.7580184936523,"Unknown"
"5020567",378626,2026-05-01 00:35:29,28.8340358734131,-17.7580547332764,"Unknown"
"5020567",378626,2026-05-01 00:36:29,28.8341388702393,-17.7580757141113,"Unknown"
"5020567",378626,2026-05-01 00:37:29,28.8342533111572,-17.7580871582031,"Unknown"
"5020567",378626,2026-05-01 00:38:30,28.834321975708,-17.7581005096436,"Unknown"
"5020567",378626,2026-05-01 00:39:29,28.8344383239746,-17.7581119537354,"Unknown"
"5020567",378626,2026-05-01 00:40:29,28.8344841003418,-17.7581233978271,"Unknown"
"5020567",378626,2026-05-01 00:41:29,28.834545135498,-17.7581214904785,"Unknown"
"5020567",378626,2026-05-01 00:42:30,28.8346271514893,-17.7581119537354,"Unknown"
"5020567",378626,2026-05-01 00:43:30,28.8347301483154,-17.7580680847168,"Unknown"
"5020567",378626,2026-05-01 00:44:29,28.8348217010498,-17.7580547332764,"Unknown"
"5020567",378626,2026-05-01 00:45:29,28.8348617553711,-17.7580108642578,"Unknown"
"5020567",378626,2026-05-01 00:46:30,28.8349361419678,-17.7579231262207,"Unknown"
"5020567",378626,2026-05-01 00:47:30,28.8350524902344,-17.7578868865967,"Unknown"
"5020567",378626,2026-05-01 00:48:29,28.835132598877,-17.7578887939453,"Unknown"
"5020567",378626,2026-05-01 00:49:29,28.8352279663086,-17.7578830718994,"Unknown"
"5020567",378626,2026-05-01 00:50:29,28.8352718353271,-17.7578582763672,"Unknown"
"5020567",378626,2026-05-01 00:51:30,28.8353805541992,-17.7578182220459,"Unknown"
"5020567",378626,2026-05-01 00:52:32,28.8355045318604,-17.757755279541,"Unknown"
"5020567",378626,2026-05-01 00:53:30,28.8356113433838,-17.7577304840088,"Unknown"
"5020567",378626,2026-05-01 00:54:29,28.8356971740723,-17.7577247619629,"Unknown"
"5020567",378626,2026-05-01 00:55:29,28.8357601165771,-17.7577724456787,"Unknown"
"5020567",378626,2026-05-01 00:56:32,28.835865020752,-17.7576904296875,"Unknown"
"5020567",378626,2026-05-01 00:57:29,28.8358936309814,-17.7576751708984,"Unknown"
"5020567",378626,2026-05-01 00:58:30,28.8359718322754,-17.7576332092285,"Unknown"
"5020567",378626,2026-05-01 00:59:29,28.8360118865967,-17.7575645446777,"Unknown"
"5020567",378626,2026-05-01 01:00:32,28.836067199707,-17.7575149536133,"Unknown"
"5020567",378626,2026-05-01 01:01:32,28.8361320495605,-17.757474899292,"Unknown"
"5020567",378626,2026-05-01 01:02:33,28.8362331390381,-17.7573947906494,"Unknown"
"5020567",378626,2026-05-01 01:03:34,28.8362808227539,-17.7573680877686,"Unknown"
"5020567",378626,2026-05-01 01:04:32,28.8363590240479,-17.7573184967041,"Unknown"
"5020567",378626,2026-05-01 01:05:32,28.8364524841309,-17.7572441101074,"Unknown"
"5020567",378626,2026-05-01 01:06:32,28.8364944458008,-17.7572116851807,"Unknown"
"5020567",378626,2026-05-01 01:07:32,28.8365955352783,-17.7572021484375,"Unknown"
"5020567",378626,2026-05-01 01:08:32,28.8366966247559,-17.7571792602539,"Unknown"
"5020567",378626,2026-05-01 01:09:34,28.8368034362793,-17.7571601867676,"Unknown"
"5020567",378626,2026-05-01 01:10:35,28.8368949890137,-17.7571105957031,"Unknown"
"5020567",378626,2026-05-01 01:11:30,28.8370761871338,-17.7571277618408,"Unknown"
"5020567",378626,2026-05-01 01:12:32,28.8371639251709,-17.7571754455566,"Unknown"
"5020567",378626,2026-05-01 01:13:33,28.8372611999512,-17.7571868896484,"Unknown"
"5020567",378626,2026-05-01 01:14:31,28.8374176025391,-17.7572727203369,"Unknown"
"5020567",378626,2026-05-01 01:15:31,28.8375263214111,-17.7572822570801,"Unknown"
"5020567",378626,2026-05-01 01:16:31,28.8376426696777,-17.7572631835938,"Unknown"
"5020567",378626,2026-05-01 01:17:32,28.8377456665039,-17.7572765350342,"Unknown"
"5020567",378626,2026-05-01 01:18:33,28.8378353118896,-17.7573318481445,"Unknown"
"5020567",378626,2026-05-01 01:19:33,28.837947845459,-17.7573585510254,"Unknown"
"5020567",378626,2026-05-01 01:20:36,28.8380565643311,-17.7573699951172,"Unknown"
"5020567",378626,2026-05-01 01:21:35,28.8381271362305,-17.7574157714844,"Unknown"
"5020567",378626,2026-05-01 01:22:35,28.838285446167,-17.7573871612549,"Unknown"
"5020567",378626,2026-05-01 01:23:32,28.8383979797363,-17.757438659668,"Unknown"
"5020567",378626,2026-05-01 01:24:40,28.8385162353516,-17.7574272155762,"Unknown"
"5020567",378626,2026-05-01 01:25:39,28.8386325836182,-17.7574310302734,"Unknown"
"5020567",378626,2026-05-01 01:26:32,28.8387355804443,-17.7574272155762,"Unknown"
"5020567",378626,2026-05-01 01:27:34,28.8388404846191,-17.7573890686035,"Unknown"
"5020567",378626,2026-05-01 01:28:31,28.838924407959,-17.7574481964111,"Unknown"
"5020567",378626,2026-05-01 01:30:03,28.8391151428223,-17.7573471069336,"Unknown"
"5020567",378626,2026-05-01 01:30:28,28.8391723632812,-17.7573165893555,"Unknown"
"5020567",378626,2026-05-01 01:40:29,28.8403415679932,-17.7574806213379,"Unknown"
"5020567",378626,2026-05-01 01:41:28,28.8398857116699,-17.7571334838867,"Unknown"
"5020567",378626,2026-05-01 01:42:29,28.8376884460449,-17.756534576416,"Unknown"
"5020567",378626,2026-05-01 01:52:29,28.8382625579834,-17.758903503418,"Unknown"
"5020567",378626,2026-05-01 01:53:28,28.838264465332,-17.7588291168213,"Unknown"
"5020567",378626,2026-05-01 01:54:28,28.8382625579834,-17.7588081359863,"Unknown"
"5020567",378626,2026-05-01 01:55:29,28.8382587432861,-17.7588329315186,"Unknown"
"5020567",378626,2026-05-01 02:05:29,28.83669090271,-17.7597522735596,"Unknown"
"5020567",378626,2026-05-01 02:06:29,28.8367404937744,-17.7597751617432,"Unknown"
"5020567",378626,2026-05-01 02:07:29,28.8367824554443,-17.7598190307617,"Unknown"
"5020567",378626,2026-05-01 02:08:30,28.836856842041,-17.7598762512207,"Unknown"
"5020567",378626,2026-05-01 02:09:29,28.8369178771973,-17.7599105834961,"Unknown"
"5020567",378626,2026-05-01 02:10:29,28.8369731903076,-17.7599639892578,"Unknown"
"5020567",378626,2026-05-01 02:11:29,28.8370780944824,-17.760009765625,"Unknown"
"5020567",378626,2026-05-01 02:12:28,28.837121963501,-17.7600421905518,"Unknown"
"5020567",378626,2026-05-01 02:22:29,28.8377342224121,-17.7604541778564,"Unknown"
"5020567",378626,2026-05-01 02:23:29,28.8378086090088,-17.7605037689209,"Unknown"
"5020567",378626,2026-05-01 02:24:28,28.8378925323486,-17.7605171203613,"Unknown"
"5020567",378626,2026-05-01 02:25:29,28.837926864624,-17.7605438232422,"Unknown"
"5020567",378626,2026-05-01 02:26:29,28.837984085083,-17.760555267334,"Unknown"
"5020567",378626,2026-05-01 02:36:29,28.8389644622803,-17.7611312866211,"Unknown"
"5020567",378626,2026-05-01 02:46:29,28.8351173400879,-17.7607879638672,"Unknown"
"5020567",378626,2026-05-01 02:56:29,28.8363227844238,-17.7610111236572,"Unknown"
"5020567",378626,2026-05-01 02:57:29,28.836462020874,-17.7610569000244,"Unknown"
"5020567",378626,2026-05-01 02:58:29,28.8366031646729,-17.7611312866211,"Unknown"
"5020567",378626,2026-05-01 02:59:29,28.8367214202881,-17.7611885070801,"Unknown"
"5020567",378626,2026-05-01 03:09:29,28.8378601074219,-17.761604309082,"Unknown"
"5020567",378626,2026-05-01 03:19:29,28.8390216827393,-17.7619705200195,"Unknown"
"5020567",378626,2026-05-01 03:29:29,28.8405265808105,-17.7628841400146,"Unknown"
"5020567",378626,2026-05-01 03:39:29,28.8414192199707,-17.7632274627686,"Unknown"
"5020567",378626,2026-05-01 03:40:29,28.8415184020996,-17.763219833374,"Unknown"
"5020567",378626,2026-05-01 03:50:30,28.8422203063965,-17.7634105682373,"Unknown"
"5020567",378626,2026-05-01 04:01:02,28.8426971435547,-17.7634048461914,"Unknown"
"5020567",378626,2026-05-01 04:10:30,28.8429851531982,-17.7640781402588,"Unknown"
"5020567",378626,2026-05-01 04:20:31,28.8432922363281,-17.7648887634277,"Unknown"
"5020567",378626,2026-05-01 04:30:32,28.8431911468506,-17.7646999359131,"Unknown"
"5020567",378626,2026-05-01 04:40:29,28.8436622619629,-17.7647895812988,"Unknown"
"5020567",378626,2026-05-01 04:50:30,28.8469333648682,-17.7707138061523,"Unknown"
"5020567",378626,2026-05-01 05:00:29,28.8549957275391,-17.7883396148682,"Unknown"
"5020567",378626,2026-05-01 05:10:32,28.8554706573486,-17.7885761260986,"Unknown"
"5020567",378626,2026-05-01 05:20:30,28.8564834594727,-17.788257598877,"Unknown"
"5020567",378626,2026-05-01 05:30:30,28.8571395874023,-17.7878112792969,"Unknown"
"5020567",378626,2026-05-01 05:40:30,28.8584098815918,-17.7868423461914,"Unknown"
"5020567",378626,2026-05-01 05:51:55,28.8717193603516,-17.768627166748,"Unknown"
"5020567",378626,2026-05-01 06:01:03,28.8486251831055,-17.7396678924561,"Unknown"
"5020567",378626,2026-05-01 06:10:31,28.8322906494141,-17.7419509887695,"Unknown"
"5020567",378626,2026-05-01 06:20:30,28.831090927124,-17.7430973052979,"Unknown"
"5020567",378626,2026-05-01 06:30:30,28.8002910614014,-17.7483177185059,"Unknown"
"5020567",378626,2026-05-01 06:40:31,28.7944755554199,-17.7398662567139,"Unknown"
"5020567",378626,2026-05-01 06:50:30,28.7973403930664,-17.7484226226807,"Unknown"
"5020567",378626,2026-05-01 07:00:30,28.8125762939453,-17.7524547576904,"Unknown"
"5020567",378626,2026-05-01 07:10:30,28.818380355835,-17.7540969848633,"Unknown"
"5020567",378626,2026-05-01 07:20:30,28.8063697814941,-17.7417125701904,"Unknown"
"5020567",378626,2026-05-01 07:30:30,28.7768974304199,-17.7383880615234,"Unknown"
"5020567",378626,2026-05-01 07:40:33,28.7741374969482,-17.7296867370605,"Unknown"
"5020567",378626,2026-05-01 07:51:17,28.7643890380859,-17.721471786499,"Unknown"
"5020567",378626,2026-05-01 07:51:29,28.7639122009277,-17.7214469909668,"Unknown"
"5020567",378626,2026-05-01 08:01:32,28.7619819641113,-17.7187442779541,"Unknown"
"5020567",378626,2026-05-01 08:12:55,28.7514266967773,-17.7219562530518,"Unknown"
"5020567",378626,2026-05-01 08:17:47,28.7640075683594,-17.7123794555664,"Unknown"
"5020567",378626,2026-05-01 08:21:34,28.7643203735352,-17.7123069763184,"Unknown"
"5020567",378626,2026-05-01 08:31:29,28.7678546905518,-17.7003326416016,"Unknown"
"5020567",378626,2026-05-01 08:37:03,28.7715644836426,-17.6962604522705,"Unknown"
"5020567",378626,2026-05-01 08:41:29,28.7734241485596,-17.6960830688477,"Unknown"
"5020567",378626,2026-05-01 08:46:29,28.7785377502441,-17.6953392028809,"Unknown"
"5020567",378626,2026-05-01 08:51:29,28.7800788879395,-17.6983413696289,"Unknown"
"5020567",378626,2026-05-01 08:56:29,28.7825145721436,-17.6960315704346,"Unknown"
"5020567",378626,2026-05-01 09:01:29,28.7860774993896,-17.6964473724365,"Unknown"
"5020567",378626,2026-05-01 09:06:31,28.7881298065186,-17.6977252960205,"Unknown"
"5020567",378626,2026-05-01 09:11:30,28.7902679443359,-17.7041702270508,"Unknown"
"5020567",378626,2026-05-01 09:16:30,28.7945804595947,-17.734338760376,"Unknown"
"5020567",378626,2026-05-01 09:21:30,28.8214225769043,-17.7593841552734,"Unknown"
"5020567",378626,2026-05-01 09:22:29,28.827844619751,-17.7622356414795,"Unknown"
"5020567",378626,2026-05-01 09:23:29,28.8344802856445,-17.7619876861572,"Unknown"
"5020567",378626,2026-05-01 09:24:29,28.8398380279541,-17.7621040344238,"Unknown"
"5020567",378626,2026-05-01 09:25:29,28.8395195007324,-17.7692813873291,"Unknown"
"5020567",378626,2026-05-01 09:26:30,28.8433704376221,-17.7765312194824,"Unknown"
"5020567",378626,2026-05-01 09:27:30,28.8442707061768,-17.7826271057129,"Unknown"
"5020567",378626,2026-05-01 09:28:29,28.8476696014404,-17.7894954681396,"Unknown"
"5020567",378626,2026-05-01 09:29:30,28.8483543395996,-17.7973289489746,"Unknown"
"5020567",378626,2026-05-01 09:30:29,28.850212097168,-17.8023929595947,"Unknown"
"5020567",378626,2026-05-01 09:31:29,28.8499221801758,-17.810432434082,"Unknown"
"5020567",378626,2026-05-01 09:32:32,28.8506088256836,-17.8126888275146,"Unknown"
"5020567",378626,2026-05-01 09:33:33,28.849817276001,-17.8136787414551,"Unknown"
"5020567",378626,2026-05-01 09:34:44,28.8505229949951,-17.8131675720215,"Unknown"
"5020567",378626,2026-05-01 09:35:29,28.8508052825928,-17.814094543457,"Unknown"
"5020567",378626,2026-05-01 09:36:32,28.8502864837646,-17.8158988952637,"Unknown"
"5020567",378626,2026-05-01 09:37:33,28.8508129119873,-17.8172779083252,"Unknown"
"5020567",378626,2026-05-01 09:38:29,28.8505420684814,-17.8168239593506,"Unknown"
"5020567",378626,2026-05-01 09:39:29,28.8505783081055,-17.8168277740479,"Unknown"
"5020567",378626,2026-05-01 09:40:30,28.852668762207,-17.8171424865723,"Unknown"
"5020567",378626,2026-05-01 09:41:29,28.8508625030518,-17.8157806396484,"Unknown"
"5020567",378626,2026-05-01 09:42:29,28.8510723114014,-17.8141002655029,"Unknown"
"5020567",378626,2026-05-01 09:43:29,28.8501815795898,-17.8131008148193,"Unknown"
"5020567",378626,2026-05-01 09:44:32,28.8488159179688,-17.8124465942383,"Unknown"
"5020567",378626,2026-05-01 09:45:43,28.8473320007324,-17.8146076202393,"Unknown"
"5020567",378626,2026-05-01 09:46:29,28.8472995758057,-17.8146667480469,"Unknown"
"5020567",378626,2026-05-01 09:47:30,28.8473243713379,-17.8147754669189,"Unknown"
"5020567",378626,2026-05-01 09:48:32,28.8474464416504,-17.814661026001,"Unknown"
"5020567",378626,2026-05-01 09:49:30,28.8480491638184,-17.814432144165,"Unknown"
"5020567",378626,2026-05-01 09:50:30,28.8480892181396,-17.8145027160645,"Unknown"
"5020567",378626,2026-05-01 09:51:32,28.8481254577637,-17.814546585083,"Unknown"
"5020567",378626,2026-05-01 09:52:32,28.8480949401855,-17.8146305084229,"Unknown"
"5020567",378626,2026-05-01 09:53:30,28.8481216430664,-17.8146915435791,"Unknown"
"5020567",378626,2026-05-01 09:54:30,28.848108291626,-17.8147583007812,"Unknown"
"5020567",378626,2026-05-01 09:55:30,28.8481292724609,-17.8148097991943,"Unknown"
"5020567",378626,2026-05-01 09:56:29,28.8481388092041,-17.8148612976074,"Unknown"
"5020567",378626,2026-05-01 09:57:29,28.8481369018555,-17.8148880004883,"Unknown"
"5020567",378626,2026-05-01 09:58:32,28.8481712341309,-17.814977645874,"Unknown"
"5020567",378626,2026-05-01 09:59:29,28.8481788635254,-17.8150539398193,"Unknown"
"5020567",378626,2026-05-01 10:00:29,28.8482303619385,-17.8151016235352,"Unknown"
"5020567",378626,2026-05-01 10:01:30,28.8482627868652,-17.8152656555176,"Unknown"
"5020567",378626,2026-05-01 10:02:30,28.848274230957,-17.8153438568115,"Unknown"
"5020567",378626,2026-05-01 10:03:29,28.8484172821045,-17.8147068023682,"Unknown"
"5020567",378626,2026-05-01 10:04:30,28.8501472473145,-17.816385269165,"Unknown"
"5020567",378626,2026-05-01 10:05:29,28.8501796722412,-17.8164482116699,"Unknown"
"5020567",378626,2026-05-01 10:06:32,28.8502216339111,-17.8165607452393,"Unknown"
"5020567",378626,2026-05-01 10:07:30,28.8502616882324,-17.8166408538818,"Unknown"
"5020567",378626,2026-05-01 10:08:32,28.8503341674805,-17.8167209625244,"Unknown"
"5020567",378626,2026-05-01 10:09:29,28.8503303527832,-17.8167915344238,"Unknown"
"5020567",378626,2026-05-01 10:10:33,28.850378036499,-17.8168468475342,"Unknown"
"5020567",378626,2026-05-01 10:11:32,28.8478507995605,-17.8144149780273,"Unknown"
"5020567",378626,2026-05-01 10:12:30,28.8479862213135,-17.8144111633301,"Unknown"
"5020567",378626,2026-05-01 10:13:30,28.8476619720459,-17.8138961791992,"Unknown"
"5020567",378626,2026-05-01 10:15:03,28.8473110198975,-17.8118171691895,"Unknown"
"5020567",378626,2026-05-01 10:15:29,28.848237991333,-17.8113498687744,"Unknown"
"5020567",378626,2026-05-01 10:16:29,28.8486919403076,-17.8113708496094,"Unknown"
"5020567",378626,2026-05-01 10:17:30,28.8487396240234,-17.8115139007568,"Unknown"
"5020567",378626,2026-05-01 10:18:30,28.8488483428955,-17.8116073608398,"Unknown"
"5020567",378626,2026-05-01 10:19:29,28.8489398956299,-17.8116970062256,"Unknown"
"5020567",378626,2026-05-01 10:20:29,28.8489952087402,-17.81178855896,"Unknown"
"5020567",378626,2026-05-01 10:21:29,28.8489608764648,-17.8118476867676,"Unknown"
"5020567",378626,2026-05-01 10:22:30,28.8489742279053,-17.8117561340332,"Unknown"
"5020567",378626,2026-05-01 10:23:30,28.8489532470703,-17.8118705749512,"Unknown"
"5020567",378626,2026-05-01 10:24:29,28.8489952087402,-17.8119792938232,"Unknown"
"5020567",378626,2026-05-01 10:25:29,28.8490161895752,-17.8120861053467,"Unknown"
"5020567",378626,2026-05-01 10:26:30,28.8491344451904,-17.8122444152832,"Unknown"
"5020567",378626,2026-05-01 10:27:30,28.8492393493652,-17.8124046325684,"Unknown"
"5020567",378626,2026-05-01 10:28:30,28.8493556976318,-17.8125457763672,"Unknown"
"5020567",378626,2026-05-01 10:29:30,28.8494625091553,-17.8127269744873,"Unknown"
"5020567",378626,2026-05-01 10:30:30,28.849573135376,-17.8128757476807,"Unknown"
"5020567",378626,2026-05-01 10:31:29,28.8497085571289,-17.813024520874,"Unknown"
"5020567",378626,2026-05-01 10:32:30,28.8497772216797,-17.8131999969482,"Unknown"
"5020567",378626,2026-05-01 10:33:30,28.8498954772949,-17.813362121582,"Unknown"
"5020567",378626,2026-05-01 10:34:30,28.8499755859375,-17.8135261535645,"Unknown"
"5020567",378626,2026-05-01 10:35:30,28.8500518798828,-17.813627243042,"Unknown"
"5020567",378626,2026-05-01 10:36:30,28.8501739501953,-17.8137054443359,"Unknown"
"5020567",378626,2026-05-01 10:37:30,28.8502292633057,-17.8138294219971,"Unknown"
"5020567",378626,2026-05-01 10:38:31,28.8511390686035,-17.8128547668457,"Unknown"
"5020567",378626,2026-05-01 10:39:30,28.8512115478516,-17.812894821167,"Unknown"
"5020567",378626,2026-05-01 10:40:30,28.8512840270996,-17.8129577636719,"Unknown"
"5020567",378626,2026-05-01 10:41:30,28.8513317108154,-17.8130302429199,"Unknown"
"5020567",378626,2026-05-01 10:42:30,28.8513565063477,-17.8130893707275,"Unknown"
"5020567",378626,2026-05-01 10:43:30,28.8513374328613,-17.813196182251,"Unknown"
"5020567",378626,2026-05-01 10:44:30,28.8497886657715,-17.8150119781494,"Unknown"
"5020567",378626,2026-05-01 10:45:29,28.8487606048584,-17.8150062561035,"Unknown"
"5020567",378626,2026-05-01 10:46:56,28.8486137390137,-17.8155632019043,"Unknown"
"5020567",378626,2026-05-01 10:47:30,28.8490619659424,-17.8156127929688,"Unknown"
"5020567",378626,2026-05-01 10:48:30,28.8490180969238,-17.8160667419434,"Unknown"
"5020567",378626,2026-05-01 10:49:29,28.8490924835205,-17.8160667419434,"Unknown"
"5020567",378626,2026-05-01 10:50:30,28.8491115570068,-17.8161373138428,"Unknown"
"5020567",378626,2026-05-01 10:51:32,28.8491916656494,-17.8162002563477,"Unknown"
"5020567",378626,2026-05-01 10:52:30,28.8491611480713,-17.8162994384766,"Unknown"
"5020567",378626,2026-05-01 10:53:30,28.8492870330811,-17.8163719177246,"Unknown"
"5020567",378626,2026-05-01 10:54:30,28.8493518829346,-17.8164558410645,"Unknown"
"5020567",378626,2026-05-01 10:55:30,28.849422454834,-17.8164558410645,"Unknown"
"5020567",378626,2026-05-01 10:56:30,28.8494682312012,-17.8164920806885,"Unknown"
"5020567",378626,2026-05-01 10:57:30,28.849536895752,-17.8164978027344,"Unknown"
"5020567",378626,2026-05-01 10:58:30,28.8495998382568,-17.8165225982666,"Unknown"
"5020567",378626,2026-05-01 10:59:31,28.8496475219727,-17.8165836334229,"Unknown"
"5020567",378626,2026-05-01 11:00:31,28.8496704101562,-17.8166103363037,"Unknown"
"5020567",378626,2026-05-01 11:01:30,28.8496990203857,-17.8166465759277,"Unknown"
"5020567",378626,2026-05-01 11:02:31,28.8497829437256,-17.8167095184326,"Unknown"
"5020567",378626,2026-05-01 11:03:30,28.849817276001,-17.8167705535889,"Unknown"
"5020567",378626,2026-05-01 11:04:30,28.8499050140381,-17.816801071167,"Unknown"
"5020567",378626,2026-05-01 11:05:30,28.8500003814697,-17.8168048858643,"Unknown"
"5020567",378626,2026-05-01 11:06:30,28.8500938415527,-17.816873550415,"Unknown"
"5020567",378626,2026-05-01 11:07:30,28.8501777648926,-17.8169555664062,"Unknown"
"5020567",378626,2026-05-01 11:08:30,28.8502769470215,-17.8170490264893,"Unknown"
"5020567",378626,2026-05-01 11:09:30,28.8504047393799,-17.8171272277832,"Unknown"
"5020567",378626,2026-05-01 11:10:31,28.8505115509033,-17.8171443939209,"Unknown"
"5020567",378626,2026-05-01 11:11:30,28.8505764007568,-17.8171997070312,"Unknown"
"5020567",378626,2026-05-01 11:12:30,28.8505973815918,-17.8172359466553,"Unknown"
"5020567",378626,2026-05-01 11:13:30,28.8506622314453,-17.8172569274902,"Unknown"
"5020567",378626,2026-05-01 11:14:30,28.8506946563721,-17.8172550201416,"Unknown"
"5020567",378626,2026-05-01 11:15:30,28.8507385253906,-17.8172931671143,"Unknown"
"5020567",378626,2026-05-01 11:16:29,28.8507995605469,-17.8173332214355,"Unknown"
"5020567",378626,2026-05-01 11:17:29,28.8508567810059,-17.8173656463623,"Unknown"
"5020567",378626,2026-05-01 11:18:30,28.8508625030518,-17.8174285888672,"Unknown"
"5020567",378626,2026-05-01 11:19:30,28.8509044647217,-17.8174724578857,"Unknown"
"5020567",378626,2026-05-01 11:20:30,28.8509387969971,-17.8175296783447,"Unknown"
"5020567",378626,2026-05-01 11:21:31,28.8509559631348,-17.8175811767578,"Unknown"
"5020567",378626,2026-05-01 11:22:31,28.8509998321533,-17.8176517486572,"Unknown"
"5020567",378626,2026-05-01 11:23:31,28.8510341644287,-17.8177013397217,"Unknown"
"5020567",378626,2026-05-01 11:24:31,28.8510971069336,-17.8177528381348,"Unknown"
"5020567",378626,2026-05-01 11:25:30,28.8511409759521,-17.817798614502,"Unknown"
"5020567",378626,2026-05-01 11:26:31,28.8512153625488,-17.8178253173828,"Unknown"
"5020567",378626,2026-05-01 11:27:31,28.8512992858887,-17.8178424835205,"Unknown"
"5020567",378626,2026-05-01 11:28:31,28.8514060974121,-17.8178424835205,"Unknown"
"5020567",378626,2026-05-01 11:29:32,28.8515014648438,-17.8178577423096,"Unknown"
"5020567",378626,2026-05-01 11:30:31,28.8515892028809,-17.8178520202637,"Unknown"
"5020567",378626,2026-05-01 11:31:32,28.851713180542,-17.8178634643555,"Unknown"
"5020567",378626,2026-05-01 11:32:32,28.8517761230469,-17.8179168701172,"Unknown"
"5020567",378626,2026-05-01 11:33:32,28.8518390655518,-17.8179454803467,"Unknown"
"5020567",378626,2026-05-01 11:34:32,28.8519077301025,-17.8179607391357,"Unknown"
"5020567",378626,2026-05-01 11:35:32,28.8519477844238,-17.8179988861084,"Unknown"
"5020567",378626,2026-05-01 11:36:32,28.851993560791,-17.8180236816406,"Unknown"
"5020567",378626,2026-05-01 11:37:33,28.8520431518555,-17.8180446624756,"Unknown"
"5020567",378626,2026-05-01 11:38:32,28.8521175384521,-17.8180923461914,"Unknown"
"5020567",378626,2026-05-01 11:39:32,28.8519420623779,-17.8168773651123,"Unknown"
"5020567",378626,2026-05-01 11:40:32,28.8529644012451,-17.8140430450439,"Unknown"
"5020567",378626,2026-05-01 11:41:32,28.8530406951904,-17.8140335083008,"Unknown"
"5020567",378626,2026-05-01 11:42:33,28.8531665802002,-17.8140525817871,"Unknown"
"5020567",378626,2026-05-01 11:43:33,28.8532829284668,-17.8141002655029,"Unknown"
"5020567",378626,2026-05-01 11:44:33,28.8533382415771,-17.8141441345215,"Unknown"
"5020567",378626,2026-05-01 11:45:30,28.8533973693848,-17.8141956329346,"Unknown"
"5020567",378626,2026-05-01 11:46:31,28.8534278869629,-17.8142395019531,"Unknown"
"5020567",378626,2026-05-01 11:47:33,28.8534984588623,-17.8142967224121,"Unknown"
"5020567",378626,2026-05-01 11:48:33,28.8535251617432,-17.8143501281738,"Unknown"
"5020567",378626,2026-05-01 11:49:35,28.8535537719727,-17.8143901824951,"Unknown"
"5020567",378626,2026-05-01 11:50:33,28.8536205291748,-17.8144378662109,"Unknown"
"5020567",378626,2026-05-01 11:51:39,28.8536682128906,-17.8145065307617,"Unknown"
"5020567",378626,2026-05-01 11:52:31,28.8537101745605,-17.8145523071289,"Unknown"
"5020567",378626,2026-05-01 11:53:39,28.8537673950195,-17.8146114349365,"Unknown"
"5020567",378626,2026-05-01 11:54:46,28.8538036346436,-17.814640045166,"Unknown"
"5020567",378626,2026-05-01 11:56:03,28.8539295196533,-17.8147144317627,"Unknown"
"5020567",378626,2026-05-01 11:56:31,28.8539962768555,-17.8147468566895,"Unknown"
"5020567",378626,2026-05-01 11:57:31,28.8541088104248,-17.8147411346436,"Unknown"
"5020567",378626,2026-05-01 11:58:31,28.8542518615723,-17.8147964477539,"Unknown"
"5020567",378626,2026-05-01 11:59:31,28.854398727417,-17.8148460388184,"Unknown"
"5020567",378626,2026-05-01 12:00:31,28.8545341491699,-17.8149185180664,"Unknown"
"5020567",378626,2026-05-01 12:01:31,28.8546772003174,-17.8149547576904,"Unknown"
"5020567",378626,2026-05-01 12:02:31,28.8548011779785,-17.8149967193604,"Unknown"
"5020567",378626,2026-05-01 12:03:31,28.8549613952637,-17.8150272369385,"Unknown"
"5020567",378626,2026-05-01 12:04:31,28.855110168457,-17.8150615692139,"Unknown"
"5020567",378626,2026-05-01 12:05:31,28.8552303314209,-17.8151054382324,"Unknown"
"5020567",378626,2026-05-01 12:06:31,28.8554611206055,-17.8151817321777,"Unknown"
"5020567",378626,2026-05-01 12:07:31,28.8556251525879,-17.8152713775635,"Unknown"
"5020567",378626,2026-05-01 12:08:31,28.8558101654053,-17.8152923583984,"Unknown"
"5020567",378626,2026-05-01 12:09:31,28.8544998168945,-17.812427520752,"Unknown"
"5020567",378626,2026-05-01 12:10:30,28.8517303466797,-17.8077659606934,"Unknown"
"5020567",378626,2026-05-01 12:11:31,28.851978302002,-17.8035011291504,"Unknown"
"5020567",378626,2026-05-01 12:12:31,28.8520832061768,-17.8016529083252,"Unknown"
"5020567",378626,2026-05-01 12:13:31,28.8521671295166,-17.8017387390137,"Unknown"
"5020567",378626,2026-05-01 12:14:30,28.8521995544434,-17.8017845153809,"Unknown"
"5020567",378626,2026-05-01 12:15:30,28.8523139953613,-17.8018646240234,"Unknown"
"5020567",378626,2026-05-01 12:16:31,28.8524608612061,-17.8019218444824,"Unknown"
"5020567",378626,2026-05-01 12:17:31,28.8525905609131,-17.801965713501,"Unknown"
"5020567",378626,2026-05-01 12:18:31,28.8527412414551,-17.8020305633545,"Unknown"
"5020567",378626,2026-05-01 12:19:32,28.8528366088867,-17.8021068572998,"Unknown"
"5020567",378626,2026-05-01 12:20:31,28.8529319763184,-17.8022060394287,"Unknown"
"5020567",378626,2026-05-01 12:21:31,28.854679107666,-17.8028011322021,"Unknown"
"5020567",378626,2026-05-01 12:22:31,28.8538722991943,-17.8066921234131,"Unknown"
"5020567",378626,2026-05-01 12:23:31,28.8539600372314,-17.8067760467529,"Unknown"
"5020567",378626,2026-05-01 12:24:30,28.8540344238281,-17.8068599700928,"Unknown"
"5020567",378626,2026-05-01 12:25:30,28.8541088104248,-17.8069858551025,"Unknown"
"5020567",378626,2026-05-01 12:26:31,28.8542366027832,-17.8070507049561,"Unknown"
"5020567",378626,2026-05-01 12:27:31,28.8543357849121,-17.8071403503418,"Unknown"
"5020567",378626,2026-05-01 12:28:30,28.8543815612793,-17.8072071075439,"Unknown"
"5020567",378626,2026-05-01 12:29:32,28.8544654846191,-17.8072948455811,"Unknown"
"5020567",378626,2026-05-01 12:30:30,28.8545207977295,-17.8073768615723,"Unknown"
"5020567",378626,2026-05-01 12:31:31,28.8545837402344,-17.8074531555176,"Unknown"
"5020567",378626,2026-05-01 12:32:30,28.8546352386475,-17.8075275421143,"Unknown"
"5020567",378626,2026-05-01 12:33:32,28.8546848297119,-17.8076210021973,"Unknown"
"5020567",378626,2026-05-01 12:34:32,28.8547782897949,-17.8077087402344,"Unknown"
"5020567",378626,2026-05-01 12:35:32,28.8548202514648,-17.8077774047852,"Unknown"
"5020567",378626,2026-05-01 12:36:30,28.8548889160156,-17.8078517913818,"Unknown"
"5020567",378626,2026-05-01 12:37:32,28.8549690246582,-17.8079395294189,"Unknown"
"5020567",378626,2026-05-01 12:38:30,28.8550186157227,-17.8080272674561,"Unknown"
"5020567",378626,2026-05-01 12:39:30,28.8551235198975,-17.8080997467041,"Unknown"
"5020567",378626,2026-05-01 12:40:30,28.8551788330078,-17.808177947998,"Unknown"
"5020567",378626,2026-05-01 12:41:30,28.855260848999,-17.8082752227783,"Unknown"
"5020567",378626,2026-05-01 12:42:31,28.8553409576416,-17.8083667755127,"Unknown"
"5020567",378626,2026-05-01 12:43:30,28.8554344177246,-17.8084487915039,"Unknown"
"5020567",378626,2026-05-01 12:44:32,28.8555202484131,-17.8085422515869,"Unknown"
"5020567",378626,2026-05-01 12:45:30,28.8556213378906,-17.8086223602295,"Unknown"
"5020567",378626,2026-05-01 12:46:34,28.8557147979736,-17.8086929321289,"Unknown"
"5020567",378626,2026-05-01 12:47:30,28.8558387756348,-17.8087615966797,"Unknown"
"5020567",378626,2026-05-01 12:48:32,28.8559322357178,-17.8088359832764,"Unknown"
"5020567",378626,2026-05-01 12:49:31,28.856014251709,-17.808910369873,"Unknown"
"5020567",378626,2026-05-01 12:50:31,28.8565883636475,-17.804723739624,"Unknown"
"5020567",378626,2026-05-01 12:51:31,28.8567848205566,-17.7996215820312,"Unknown"
"5020567",378626,2026-05-01 12:52:31,28.8568744659424,-17.7996444702148,"Unknown"
"5020567",378626,2026-05-01 12:53:32,28.8569660186768,-17.7996559143066,"Unknown"
"5020567",378626,2026-05-01 12:54:32,28.8570327758789,-17.7997150421143,"Unknown"
"5020567",378626,2026-05-01 12:55:31,28.8571147918701,-17.7997989654541,"Unknown"
"5020567",378626,2026-05-01 12:56:30,28.8572158813477,-17.7998638153076,"Unknown"
"5020567",378626,2026-05-01 12:57:30,28.8573188781738,-17.7999477386475,"Unknown"
"5020567",378626,2026-05-01 12:58:31,28.8574199676514,-17.8000316619873,"Unknown"
"5020567",378626,2026-05-01 12:59:31,28.857494354248,-17.8001136779785,"Unknown"
"5020567",378626,2026-05-01 13:00:30,28.8576068878174,-17.8001918792725,"Unknown"
"5020567",378626,2026-05-01 13:01:31,28.8577041625977,-17.8002758026123,"Unknown"
"5020567",378626,2026-05-01 13:02:31,28.8578243255615,-17.8003635406494,"Unknown"
"5020567",378626,2026-05-01 13:03:30,28.8579120635986,-17.8004474639893,"Unknown"
"5020567",378626,2026-05-01 13:04:31,28.8580017089844,-17.8005218505859,"Unknown"
"5020567",378626,2026-05-01 13:05:34,28.8581218719482,-17.8006114959717,"Unknown"
"5020567",378626,2026-05-01 13:06:31,28.8582286834717,-17.800687789917,"Unknown"
"5020567",378626,2026-05-01 13:07:31,28.8583126068115,-17.8007564544678,"Unknown"
"5020567",378626,2026-05-01 13:08:31,28.8584022521973,-17.8008213043213,"Unknown"
"5020567",378626,2026-05-01 13:09:32,28.8584976196289,-17.8008766174316,"Unknown"
"5020567",378626,2026-05-01 13:10:34,28.8585968017578,-17.8009433746338,"Unknown"
"5020567",378626,2026-05-01 13:11:32,28.8587036132812,-17.8010139465332,"Unknown"
"5020567",378626,2026-05-01 13:12:34,28.858793258667,-17.8010768890381,"Unknown"
"5020567",378626,2026-05-01 13:13:32,28.8588600158691,-17.8011474609375,"Unknown"
"5020567",378626,2026-05-01 13:14:34,28.858943939209,-17.8012371063232,"Unknown"
"5020567",378626,2026-05-01 13:15:32,28.8590488433838,-17.8012847900391,"Unknown"
"5020567",378626,2026-05-01 13:16:39,28.8591594696045,-17.8013591766357,"Unknown"
"5020567",378626,2026-05-01 13:17:32,28.8592510223389,-17.8013858795166,"Unknown"
"5020567",378626,2026-05-01 13:18:31,28.8593559265137,-17.8014392852783,"Unknown"
"5020567",378626,2026-05-01 13:19:32,28.8594532012939,-17.8014965057373,"Unknown"
"5020567",378626,2026-05-01 13:20:34,28.8595390319824,-17.8015613555908,"Unknown"
"5020567",378626,2026-05-01 13:21:32,28.8596000671387,-17.8015956878662,"Unknown"
"5020567",378626,2026-05-01 13:22:34,28.8596992492676,-17.8016605377197,"Unknown"
"5020567",378626,2026-05-01 13:23:34,28.8597927093506,-17.8017177581787,"Unknown"
"5020567",378626,2026-05-01 13:24:34,28.859899520874,-17.8017978668213,"Unknown"
"5020567",378626,2026-05-01 13:25:31,28.8599987030029,-17.8018760681152,"Unknown"
"5020567",378626,2026-05-01 13:26:35,28.8600826263428,-17.8018932342529,"Unknown"
"5020567",378626,2026-05-01 13:27:34,28.8601608276367,-17.8019256591797,"Unknown"
"5020567",378626,2026-05-01 13:28:35,28.860279083252,-17.8020153045654,"Unknown"
"5020567",378626,2026-05-01 13:29:34,28.8603706359863,-17.8020858764648,"Unknown"
"5020567",378626,2026-05-01 13:30:34,28.8606433868408,-17.8010520935059,"Unknown"
"5020567",378626,2026-05-01 13:31:33,28.8607406616211,-17.8010005950928,"Unknown"
"5020567",378626,2026-05-01 13:32:34,28.8608837127686,-17.8010883331299,"Unknown"
"5020567",378626,2026-05-01 13:33:31,28.861011505127,-17.8011913299561,"Unknown"
"5020567",378626,2026-05-01 13:34:36,28.8611068725586,-17.8013362884521,"Unknown"
"5020567",378626,2026-05-01 13:35:34,28.8612174987793,-17.8014144897461,"Unknown"
"5020567",378626,2026-05-01 13:36:32,28.8613395690918,-17.8015232086182,"Unknown"
"5020567",378626,2026-05-01 13:37:35,28.8614521026611,-17.801643371582,"Unknown"
"5020567",378626,2026-05-01 13:38:34,28.8615550994873,-17.8017578125,"Unknown"
"5020567",378626,2026-05-01 13:39:34,28.861644744873,-17.8018531799316,"Unknown"
"5020567",378626,2026-05-01 13:40:32,28.8617610931396,-17.8019351959229,"Unknown"
"5020567",378626,2026-05-01 13:41:34,28.8618850708008,-17.8020458221436,"Unknown"
"5020567",378626,2026-05-01 13:42:31,28.8620090484619,-17.8021183013916,"Unknown"
"5020567",378626,2026-05-01 13:43:34,28.8621215820312,-17.8022117614746,"Unknown"
"5020567",378626,2026-05-01 13:48:34,28.8626823425293,-17.8025341033936,"Unknown"
"5020567",378626,2026-05-01 13:53:35,28.8632221221924,-17.8029441833496,"Unknown"
"5020567",378626,2026-05-01 13:58:34,28.8637313842773,-17.8033504486084,"Unknown"
"5020567",378626,2026-05-01 14:04:02,28.8642196655273,-17.8037414550781,"Unknown"
"5020567",378626,2026-05-01 14:08:32,28.8645534515381,-17.8036632537842,"Unknown"
"5020567",378626,2026-05-01 14:13:32,28.8650245666504,-17.8040885925293,"Unknown"
"5020567",378626,2026-05-01 14:18:32,28.8655529022217,-17.8044452667236,"Unknown"
"5020567",378626,2026-05-01 14:23:31,28.8660831451416,-17.8047733306885,"Unknown"
"5020567",378626,2026-05-01 14:28:31,28.8665962219238,-17.8050441741943,"Unknown"
"5020567",378626,2026-05-01 14:33:31,28.8670959472656,-17.8053340911865,"Unknown"
"5020567",378626,2026-05-01 14:38:34,28.8676300048828,-17.8055839538574,"Unknown"
"5020567",378626,2026-05-01 14:43:32,28.8681373596191,-17.8058547973633,"Unknown"
"5020567",378626,2026-05-01 14:48:34,28.8685913085938,-17.8061695098877,"Unknown"
"5020567",378626,2026-05-01 14:53:32,28.8691082000732,-17.8064785003662,"Unknown"
"5020567",378626,2026-05-01 14:58:32,28.8695316314697,-17.8067588806152,"Unknown"
"5020567",378626,2026-05-01 15:03:32,28.8644180297852,-17.8080291748047,"Unknown"
"5020567",378626,2026-05-01 15:08:32,28.8546237945557,-17.8131008148193,"Unknown"
"5020567",378626,2026-05-01 15:13:32,28.8539009094238,-17.8138771057129,"Unknown"
"5020567",378626,2026-05-01 15:14:32,28.8508529663086,-17.8180541992188,"Unknown"
"5020567",378626,2026-05-01 15:15:32,28.8473243713379,-17.82151222229,"Unknown"
"5020567",378626,2026-05-01 15:16:32,28.8461532592773,-17.8262557983398,"Unknown"
"5020567",378626,2026-05-01 15:17:32,28.8445148468018,-17.8309993743896,"Unknown"
"5020567",378626,2026-05-01 15:18:32,28.8478622436523,-17.8350772857666,"Unknown"
"5020567",378626,2026-05-01 15:19:32,28.8495502471924,-17.8390674591064,"Unknown"
"5020567",378626,2026-05-01 15:20:32,28.8488521575928,-17.8443775177002,"Unknown"
"5020567",378626,2026-05-01 15:21:32,28.849422454834,-17.8494567871094,"Unknown"
"5020567",378626,2026-05-01 15:22:32,28.8489017486572,-17.8549995422363,"Unknown"
"5020567",378626,2026-05-01 15:23:32,28.8502979278564,-17.8604469299316,"Unknown"
"5020567",378626,2026-05-01 15:25:57,28.8575172424316,-17.872428894043,"Unknown"
"5020567",378626,2026-05-01 15:25:58,28.8576049804688,-17.8724765777588,"Unknown"
"5020567",378626,2026-05-01 15:27:01,28.8567790985107,-17.8779220581055,"Unknown"
"5020567",378626,2026-05-01 15:28:01,28.8549861907959,-17.8831405639648,"Unknown"
"5020567",378626,2026-05-01 15:29:01,28.8550395965576,-17.888484954834,"Unknown"
"5020567",378626,2026-05-01 15:30:01,28.8573837280273,-17.8934860229492,"Unknown"
"5020567",378626,2026-05-01 15:31:05,28.8613548278809,-17.8950386047363,"Unknown"
"5020567",378626,2026-05-01 15:32:04,28.8614673614502,-17.8951683044434,"Unknown"
"5020567",378626,2026-05-01 15:33:02,28.8624687194824,-17.8949527740479,"Unknown"
"5020567",378626,2026-05-01 15:34:01,28.8625507354736,-17.8948650360107,"Unknown"
"5020567",378626,2026-05-01 15:39:04,28.8639469146729,-17.8959121704102,"Unknown"
"5020567",378626,2026-05-01 15:44:03,28.8675346374512,-17.9122409820557,"Unknown"
"5020567",378626,2026-05-01 15:49:01,28.8801574707031,-17.9155406951904,"Unknown"
"5020567",378626,2026-05-01 15:54:01,28.8912200927734,-17.8804893493652,"Unknown"
"5020567",378626,2026-05-01 15:59:05,28.8940048217773,-17.8808403015137,"Unknown"
"5020567",378626,2026-05-01 16:04:03,28.8963012695312,-17.8866138458252,"Unknown"
"5020567",378626,2026-05-01 16:09:06,28.8964500427246,-17.8865222930908,"Unknown"
"5020567",378626,2026-05-01 16:14:01,28.8967208862305,-17.8941268920898,"Unknown"
"5020567",378626,2026-05-01 16:19:03,28.8985538482666,-17.8987293243408,"Unknown"
"5020567",378626,2026-05-01 16:24:01,28.8990478515625,-17.9045238494873,"Unknown"
"5020567",378626,2026-05-01 16:29:00,28.9010448455811,-17.9075698852539,"Unknown"
"5020567",378626,2026-05-01 16:34:02,28.901008605957,-17.9082450866699,"Unknown"
"5020567",378626,2026-05-01 16:39:08,28.9031753540039,-17.9114284515381,"Unknown"
"5020567",378626,2026-05-01 16:44:01,28.9072208404541,-17.9118824005127,"Unknown"
"5020567",378626,2026-05-01 16:49:01,28.9079494476318,-17.9136428833008,"Unknown"
"5020567",378626,2026-05-01 16:54:02,28.9089260101318,-17.9153079986572,"Unknown"
"5020567",378626,2026-05-01 16:59:04,28.9146289825439,-17.9173526763916,"Unknown"
"5020567",378626,2026-05-01 17:04:02,28.9166507720947,-17.9193515777588,"Unknown"
"5020567",378626,2026-05-01 17:09:03,28.9199771881104,-17.9209041595459,"Unknown"
"5020567",378626,2026-05-01 17:14:04,28.9226055145264,-17.921537399292,"Unknown"
"5020567",378626,2026-05-01 17:19:17,28.9244155883789,-17.9236965179443,"Unknown"
"5020567",378626,2026-05-01 17:24:02,28.9244499206543,-17.9244747161865,"Unknown"
"5020567",378626,2026-05-01 17:29:33,28.9241828918457,-17.9246368408203,"Unknown"
"5020567",378626,2026-05-01 17:34:00,28.9280853271484,-17.9289455413818,"Unknown"
"5020567",378626,2026-05-01 17:39:00,28.9298458099365,-17.9325904846191,"Unknown"
"5020567",378626,2026-05-01 17:44:01,28.9292793273926,-17.9332160949707,"Unknown"
"5020567",378626,2026-05-01 17:49:00,28.9289379119873,-17.9334907531738,"Unknown"
"5020567",378626,2026-05-01 17:54:00,28.9286785125732,-17.9336013793945,"Unknown"
"5020567",378626,2026-05-01 17:59:00,28.9284439086914,-17.9337768554688,"Unknown"
"5020567",378626,2026-05-01 18:04:00,28.9282665252686,-17.9341487884521,"Unknown"
"5020567",378626,2026-05-01 18:09:00,28.9278984069824,-17.9344005584717,"Unknown"
"5020567",378626,2026-05-01 18:14:00,28.927619934082,-17.9346961975098,"Unknown"
"5020567",378626,2026-05-01 18:19:01,28.9273433685303,-17.9349670410156,"Unknown"
"5020567",378626,2026-05-01 18:24:01,28.9269046783447,-17.9353218078613,"Unknown"
"5020567",378626,2026-05-01 18:29:03,28.9153175354004,-17.9412689208984,"Unknown"
"5020567",378626,2026-05-01 18:34:04,28.8885250091553,-17.9314651489258,"Unknown"
"5020567",378626,2026-05-01 18:39:02,28.8759346008301,-17.9013175964355,"Unknown"
"5020567",378626,2026-05-01 18:44:06,28.8776988983154,-17.8678741455078,"Unknown"
"5020567",378626,2026-05-01 18:49:02,28.8799877166748,-17.8338069915771,"Unknown"
"5020567",378626,2026-05-01 18:54:04,28.857213973999,-17.8131561279297,"Unknown"
"5020567",378626,2026-05-01 18:59:04,28.863317489624,-17.7885627746582,"Unknown"
"5020567",378626,2026-05-01 19:00:01,28.8600654602051,-17.7837047576904,"Unknown"
"5020567",378626,2026-05-01 19:05:16,28.8391094207764,-17.7597465515137,"Unknown"
"5020567",378626,2026-05-01 19:06:05,28.8391532897949,-17.7597179412842,"Unknown"
"5020567",378626,2026-05-01 19:07:07,28.8391971588135,-17.7597141265869,"Unknown"
"5020567",378626,2026-05-01 19:08:08,28.8392467498779,-17.7596893310547,"Unknown"
"5020567",378626,2026-05-01 19:09:06,28.8393363952637,-17.7596797943115,"Unknown"
"5020567",378626,2026-05-01 19:10:05,28.8394184112549,-17.7596855163574,"Unknown"
"5020567",378626,2026-05-01 19:11:04,28.839506149292,-17.7596912384033,"Unknown"
"5020567",378626,2026-05-01 19:12:03,28.8395709991455,-17.7596530914307,"Unknown"
"5020567",378626,2026-05-01 19:13:04,28.8396301269531,-17.759635925293,"Unknown"
"5020567",378626,2026-05-01 19:14:08,28.8397274017334,-17.7595748901367,"Unknown"
"5020567",378626,2026-05-01 19:15:05,28.8397960662842,-17.7595462799072,"Unknown"
"5020567",378626,2026-05-01 19:16:06,28.8398704528809,-17.7595157623291,"Unknown"
"5020567",378626,2026-05-01 19:17:05,28.8399066925049,-17.7594604492188,"Unknown"
"5020567",378626,2026-05-01 19:18:04,28.8399868011475,-17.7594470977783,"Unknown"
"5020567",378626,2026-05-01 19:19:04,28.8400268554688,-17.7594089508057,"Unknown"
"5020567",378626,2026-05-01 19:20:04,28.8400802612305,-17.7593612670898,"Unknown"
"5020567",378626,2026-05-01 19:21:05,28.8401393890381,-17.7593193054199,"Unknown"
"5020567",378626,2026-05-01 19:22:04,28.8401794433594,-17.7592792510986,"Unknown"
"5020567",378626,2026-05-01 19:23:04,28.840238571167,-17.7592334747314,"Unknown"
"5020567",378626,2026-05-01 19:24:06,28.8403091430664,-17.759204864502,"Unknown"
"5020567",378626,2026-05-01 19:25:03,28.8403778076172,-17.7591781616211,"Unknown"
"5020567",378626,2026-05-01 19:26:04,28.8404006958008,-17.7591438293457,"Unknown"
"5020567",378626,2026-05-01 19:27:33,28.8404407501221,-17.7590789794922,"Unknown"
"5020567",378626,2026-05-01 19:28:01,28.8404445648193,-17.7590961456299,"Unknown"
"5020567",378626,2026-05-01 19:29:02,28.840446472168,-17.7590713500977,"Unknown"
"5020567",378626,2026-05-01 19:30:02,28.8403854370117,-17.7590847015381,"Unknown"
"5020567",378626,2026-05-01 19:31:01,28.8403034210205,-17.759090423584,"Unknown"
"5020567",378626,2026-05-01 19:32:01,28.840259552002,-17.7591094970703,"Unknown"
"5020567",378626,2026-05-01 19:33:02,28.8401660919189,-17.7591285705566,"Unknown"
"5020567",378626,2026-05-01 19:34:01,28.840160369873,-17.759090423584,"Unknown"
"5020567",378626,2026-05-01 19:35:01,28.8401718139648,-17.7590866088867,"Unknown"
"5020567",378626,2026-05-01 19:36:02,28.8401699066162,-17.7590675354004,"Unknown"
"5020567",378626,2026-05-01 19:37:01,28.8401832580566,-17.7590637207031,"Unknown"
"5020567",378626,2026-05-01 19:38:02,28.8401832580566,-17.7590446472168,"Unknown"
"5020567",378626,2026-05-01 19:39:03,28.8402061462402,-17.7590389251709,"Unknown"
"5020567",378626,2026-05-01 19:40:02,28.8402519226074,-17.7589912414551,"Unknown"
"5020567",378626,2026-05-01 19:41:04,28.8403053283691,-17.7589950561523,"Unknown"
"5020567",378626,2026-05-01 19:42:02,28.8403167724609,-17.7589511871338,"Unknown"
"5020567",378626,2026-05-01 19:43:01,28.840368270874,-17.7589054107666,"Unknown"
"5020567",378626,2026-05-01 19:44:01,28.8396587371826,-17.7592906951904,"Unknown"
"5020567",378626,2026-05-01 19:45:01,28.8343868255615,-17.7605438232422,"Unknown"
"5020567",378626,2026-05-01 19:46:01,28.8305835723877,-17.7597522735596,"Unknown"
"5020567",378626,2026-05-01 19:47:01,28.8306140899658,-17.7597217559814,"Unknown"
"5020567",378626,2026-05-01 19:48:01,28.8306503295898,-17.7597370147705,"Unknown"
"5020567",378626,2026-05-01 19:49:02,28.8306331634521,-17.7597923278809,"Unknown"
"5020567",378626,2026-05-01 19:50:01,28.8306789398193,-17.7598133087158,"Unknown"
"5020567",378626,2026-05-01 19:51:01,28.8307342529297,-17.7597942352295,"Unknown"
"5020567",378626,2026-05-01 19:52:01,28.8307647705078,-17.7598037719727,"Unknown"
"5020567",378626,2026-05-01 19:53:01,28.8308029174805,-17.7597885131836,"Unknown"
"5020567",378626,2026-05-01 19:54:02,28.8308391571045,-17.7597789764404,"Unknown"
"5020567",378626,2026-05-01 19:55:01,28.8308773040771,-17.7597885131836,"Unknown"
"5020567",378626,2026-05-01 19:56:01,28.8309383392334,-17.7597465515137,"Unknown"
"5020567",378626,2026-05-01 19:57:01,28.8310012817383,-17.7597007751465,"Unknown"
"5020567",378626,2026-05-01 19:58:01,28.8310451507568,-17.7596683502197,"Unknown"
"5020567",378626,2026-05-01 19:59:02,28.8310699462891,-17.759651184082,"Unknown"
"5020567",378626,2026-05-01 20:00:01,28.8311290740967,-17.7596607208252,"Unknown"
"5020567",378626,2026-05-01 20:01:01,28.8312072753906,-17.7596569061279,"Unknown"
"5020567",378626,2026-05-01 20:02:01,28.8312206268311,-17.7596435546875,"Unknown"
"5020567",378626,2026-05-01 20:03:01,28.831262588501,-17.7596187591553,"Unknown"
"5020567",378626,2026-05-01 20:04:01,28.8313179016113,-17.7596035003662,"Unknown"
"5020567",378626,2026-05-01 20:05:01,28.8313159942627,-17.7595710754395,"Unknown"
"5020567",378626,2026-05-01 20:06:01,28.8313598632812,-17.7595443725586,"Unknown"
"5020567",378626,2026-05-01 20:07:01,28.8314228057861,-17.7595100402832,"Unknown"
"5020567",378626,2026-05-01 20:08:01,28.8314743041992,-17.7594966888428,"Unknown"
"5020567",378626,2026-05-01 20:09:01,28.8315162658691,-17.7594566345215,"Unknown"
"5020567",378626,2026-05-01 20:10:01,28.8315525054932,-17.7594509124756,"Unknown"
"5020567",378626,2026-05-01 20:11:01,28.8315887451172,-17.7594203948975,"Unknown"
"5020567",378626,2026-05-01 20:12:01,28.8315334320068,-17.7593784332275,"Unknown"
"5020567",378626,2026-05-01 20:13:01,28.8315391540527,-17.7593898773193,"Unknown"
"5020567",378626,2026-05-01 20:14:01,28.8315048217773,-17.7593936920166,"Unknown"
"5020567",378626,2026-05-01 20:15:01,28.8315048217773,-17.7593593597412,"Unknown"
"5020567",378626,2026-05-01 20:16:01,28.8314723968506,-17.7593803405762,"Unknown"
"5020567",378626,2026-05-01 20:17:01,28.8314609527588,-17.7594089508057,"Unknown"
"5020567",378626,2026-05-01 20:18:01,28.8314838409424,-17.7594261169434,"Unknown"
"5020567",378626,2026-05-01 20:19:01,28.8315010070801,-17.7593994140625,"Unknown"
"5020567",378626,2026-05-01 20:20:01,28.8315277099609,-17.7594108581543,"Unknown"
"5020567",378626,2026-05-01 20:21:01,28.831485748291,-17.7594509124756,"Unknown"
"5020567",378626,2026-05-01 20:22:01,28.8314743041992,-17.7594394683838,"Unknown"
"5020567",378626,2026-05-01 20:23:01,28.8314456939697,-17.7595024108887,"Unknown"
"5020567",378626,2026-05-01 20:24:01,28.8314094543457,-17.7595405578613,"Unknown"
"5020567",378626,2026-05-01 20:25:01,28.8313579559326,-17.7596168518066,"Unknown"
"5020567",378626,2026-05-01 20:26:01,28.8313140869141,-17.7596035003662,"Unknown"
"5020567",378626,2026-05-01 20:27:01,28.8312606811523,-17.7595996856689,"Unknown"
"5020567",378626,2026-05-01 20:28:01,28.8312034606934,-17.7596492767334,"Unknown"
"5020567",378626,2026-05-01 20:29:01,28.8311805725098,-17.7596759796143,"Unknown"
"5020567",378626,2026-05-01 20:30:01,28.831111907959,-17.7596817016602,"Unknown"
"5020567",378626,2026-05-01 20:31:01,28.831090927124,-17.7597351074219,"Unknown"
"5020567",378626,2026-05-01 20:32:01,28.8310413360596,-17.7597332000732,"Unknown"
"5020567",378626,2026-05-01 20:33:01,28.8310050964355,-17.7597560882568,"Unknown"
"5020567",378626,2026-05-01 20:34:01,28.8309841156006,-17.7597904205322,"Unknown"
"5020567",378626,2026-05-01 20:35:01,28.8309574127197,-17.7598476409912,"Unknown"
"5020567",378626,2026-05-01 20:36:01,28.8308773040771,-17.7598438262939,"Unknown"
"5020567",378626,2026-05-01 20:37:01,28.8309154510498,-17.7602977752686,"Unknown"
"5020567",378626,2026-05-01 20:38:01,28.8268547058105,-17.7626495361328,"Unknown"
"5020567",378626,2026-05-01 20:39:01,28.8248920440674,-17.7615547180176,"Unknown"
"5020567",378626,2026-05-01 20:40:01,28.8248863220215,-17.7616233825684,"Unknown"
"5020567",378626,2026-05-01 20:41:01,28.8248596191406,-17.7616710662842,"Unknown"
"5020567",378626,2026-05-01 20:42:01,28.8248825073242,-17.7616710662842,"Unknown"
"5020567",378626,2026-05-01 20:43:04,28.8248748779297,-17.7616729736328,"Unknown"
"5020567",378626,2026-05-01 20:44:01,28.8249187469482,-17.7617454528809,"Unknown"
"5020567",378626,2026-05-01 20:45:01,28.8249607086182,-17.7617893218994,"Unknown"
"5020567",378626,2026-05-01 20:46:01,28.8249950408936,-17.7618217468262,"Unknown"
"5020567",378626,2026-05-01 20:47:01,28.8250293731689,-17.7618541717529,"Unknown"
"5020567",378626,2026-05-01 20:48:01,28.8250274658203,-17.7618789672852,"Unknown"
"5020567",378626,2026-05-01 20:49:01,28.8250484466553,-17.7618999481201,"Unknown"
"5020567",378626,2026-05-01 20:50:01,28.8250370025635,-17.7619342803955,"Unknown"
"5020567",378626,2026-05-01 20:51:01,28.8250408172607,-17.7620029449463,"Unknown"
"5020567",378626,2026-05-01 20:52:02,28.8250598907471,-17.7620582580566,"Unknown"
"5020567",378626,2026-05-01 20:53:02,28.825101852417,-17.7619781494141,"Unknown"
"5020567",378626,2026-05-01 20:54:02,28.825101852417,-17.7620449066162,"Unknown"
"5020567",378626,2026-05-01 20:55:02,28.8251552581787,-17.7620048522949,"Unknown"
"5020567",378626,2026-05-01 20:56:01,28.8251781463623,-17.7620258331299,"Unknown"
"5020567",378626,2026-05-01 20:57:01,28.825174331665,-17.7620487213135,"Unknown"
"5020567",378626,2026-05-01 20:58:01,28.8264255523682,-17.7643585205078,"Unknown"
"5020567",378626,2026-05-01 20:59:02,28.8231296539307,-17.7636604309082,"Unknown"
"5020567",378626,2026-05-01 21:00:01,28.8159313201904,-17.7608509063721,"Unknown"
"5020567",378626,2026-05-01 21:01:02,28.8138236999512,-17.7554931640625,"Unknown"
"5020567",378626,2026-05-01 21:02:01,28.8146648406982,-17.7518920898438,"Unknown"
"5020567",378626,2026-05-01 21:03:02,28.8140125274658,-17.7479457855225,"Unknown"
"5020567",378626,2026-05-01 21:04:02,28.8074684143066,-17.747989654541,"Unknown"
"5020567",378626,2026-05-01 21:05:03,28.8020973205566,-17.7485446929932,"Unknown"
"5020567",378626,2026-05-01 21:06:02,28.8009967803955,-17.7487850189209,"Unknown"
"5020567",378626,2026-05-01 21:07:02,28.800952911377,-17.748706817627,"Unknown"
"5020567",378626,2026-05-01 21:08:02,28.8008995056152,-17.7486133575439,"Unknown"
"5020567",378626,2026-05-01 21:09:02,28.8008689880371,-17.7485332489014,"Unknown"
"5020567",378626,2026-05-01 21:10:02,28.8008651733398,-17.7484531402588,"Unknown"
"5020567",378626,2026-05-01 21:11:02,28.8007888793945,-17.7483711242676,"Unknown"
"5020567",378626,2026-05-01 21:12:02,28.8007717132568,-17.7483100891113,"Unknown"
"5020567",378626,2026-05-01 21:13:02,28.800724029541,-17.7482261657715,"Unknown"
"5020567",378626,2026-05-01 21:14:02,28.8007392883301,-17.7481594085693,"Unknown"
"5020567",378626,2026-05-01 21:15:01,28.8007030487061,-17.7480964660645,"Unknown"
"5020567",378626,2026-05-01 21:16:02,28.800666809082,-17.7480125427246,"Unknown"
"5020567",378626,2026-05-01 21:17:01,28.8006439208984,-17.7479820251465,"Unknown"
"5020567",378626,2026-05-01 21:18:02,28.800594329834,-17.7479496002197,"Unknown"
"5020567",378626,2026-05-01 21:19:02,28.8005771636963,-17.7478809356689,"Unknown"
"5020567",378626,2026-05-01 21:20:02,28.8005485534668,-17.7478332519531,"Unknown"
"5020567",378626,2026-05-01 21:21:02,28.8005313873291,-17.7477340698242,"Unknown"
"5020567",378626,2026-05-01 21:22:02,28.8004932403564,-17.747673034668,"Unknown"
"5020567",378626,2026-05-01 21:23:02,28.8004684448242,-17.7476196289062,"Unknown"
"5020567",378626,2026-05-01 21:24:02,28.8004455566406,-17.7475566864014,"Unknown"
"5020567",378626,2026-05-01 21:25:02,28.8004188537598,-17.747522354126,"Unknown"
"5020567",378626,2026-05-01 21:26:02,28.8004112243652,-17.7474727630615,"Unknown"
"5020567",378626,2026-05-01 21:27:02,28.8003730773926,-17.7474040985107,"Unknown"
"5020567",378626,2026-05-01 21:28:02,28.8003578186035,-17.7473335266113,"Unknown"
"5020567",378626,2026-05-01 21:29:02,28.8003120422363,-17.7473239898682,"Unknown"
"5020567",378626,2026-05-01 21:30:02,28.800313949585,-17.7472801208496,"Unknown"
"5020567",378626,2026-05-01 21:31:02,28.8002891540527,-17.747220993042,"Unknown"
"5020567",378626,2026-05-01 21:32:02,28.80078125,-17.7479553222656,"Unknown"
"5020567",378626,2026-05-01 21:33:02,28.8007850646973,-17.7479667663574,"Unknown"
"5020567",378626,2026-05-01 21:34:03,28.8007583618164,-17.7479515075684,"Unknown"
"5020567",378626,2026-05-01 21:35:02,28.8007411956787,-17.7479152679443,"Unknown"
"5020567",378626,2026-05-01 21:36:02,28.8005867004395,-17.7501487731934,"Unknown"
"5020567",378626,2026-05-01 21:37:01,28.7941989898682,-17.7508029937744,"Unknown"
"5020567",378626,2026-05-01 21:38:02,28.7890548706055,-17.7456798553467,"Unknown"
"5020567",378626,2026-05-01 21:39:01,28.7834129333496,-17.7429656982422,"Unknown"
"5020567",378626,2026-05-01 21:40:02,28.7822608947754,-17.7419700622559,"Unknown"
"5020567",378626,2026-05-01 21:41:04,28.7821941375732,-17.7418727874756,"Unknown"
"5020567",378626,2026-05-01 21:42:02,28.7822132110596,-17.7418994903564,"Unknown"
"5020567",378626,2026-05-01 21:43:04,28.782169342041,-17.7418308258057,"Unknown"
"5020567",378626,2026-05-01 21:44:02,28.7821712493896,-17.741813659668,"Unknown"
"5020567",378626,2026-05-01 21:45:05,28.7821254730225,-17.7417259216309,"Unknown"
"5020567",378626,2026-05-01 21:46:05,28.7820892333984,-17.7416496276855,"Unknown"
"5020567",378626,2026-05-01 21:47:04,28.7820987701416,-17.7416305541992,"Unknown"
"5020567",378626,2026-05-01 21:48:05,28.7820606231689,-17.7415580749512,"Unknown"
"5020567",378626,2026-05-01 21:49:02,28.7820777893066,-17.741626739502,"Unknown"
"5020567",378626,2026-05-01 21:50:04,28.7820091247559,-17.7415180206299,"Unknown"
"5020567",378626,2026-05-01 21:51:04,28.7820110321045,-17.7415237426758,"Unknown"
"5020567",378626,2026-05-01 21:52:04,28.7819633483887,-17.7414875030518,"Unknown"
"5020567",378626,2026-05-01 21:53:03,28.7819366455078,-17.7415542602539,"Unknown"
"5020567",378626,2026-05-01 21:54:05,28.7819137573242,-17.7415428161621,"Unknown"
"5020567",378626,2026-05-01 21:55:04,28.7821178436279,-17.7420120239258,"Unknown"
"5020567",378626,2026-05-01 21:56:04,28.7822113037109,-17.7419395446777,"Unknown"
"5020567",378626,2026-05-01 21:57:07,28.7822971343994,-17.7418594360352,"Unknown"
"5020567",378626,2026-05-01 21:58:07,28.782356262207,-17.7417755126953,"Unknown"
"5020567",378626,2026-05-01 21:59:32,28.7824459075928,-17.7416095733643,"Unknown"
"5020567",378626,2026-05-01 22:00:02,28.782470703125,-17.7415409088135,"Unknown"
"5020567",378626,2026-05-01 22:01:02,28.7825222015381,-17.7413883209229,"Unknown"
"5020567",378626,2026-05-01 22:02:03,28.7825870513916,-17.7412891387939,"Unknown"
"5020567",378626,2026-05-01 22:03:02,28.7826290130615,-17.7411499023438,"Unknown"
"5020567",378626,2026-05-01 22:04:02,28.7827091217041,-17.7410049438477,"Unknown"
"5020567",378626,2026-05-01 22:05:02,28.7827491760254,-17.7408638000488,"Unknown"
"5020567",378626,2026-05-01 22:06:02,28.7828369140625,-17.7407646179199,"Unknown"
"5020567",378626,2026-05-01 22:07:03,28.782901763916,-17.7406368255615,"Unknown"
"5020567",378626,2026-05-01 22:08:04,28.782958984375,-17.7405261993408,"Unknown"
"5020567",378626,2026-05-01 22:09:02,28.7830142974854,-17.7403812408447,"Unknown"
"5020567",378626,2026-05-01 22:10:02,28.7830104827881,-17.7401752471924,"Unknown"
"5020567",378626,2026-05-01 22:11:04,28.7829971313477,-17.740047454834,"Unknown"
"5020567",378626,2026-05-01 22:12:04,28.7830257415771,-17.7398910522461,"Unknown"
"5020567",378626,2026-05-01 22:13:02,28.7831134796143,-17.7397804260254,"Unknown"
"5020567",378626,2026-05-01 22:14:02,28.7831535339355,-17.7396469116211,"Unknown"
"5020567",378626,2026-05-01 22:15:04,28.7832489013672,-17.7395095825195,"Unknown"
"5020567",378626,2026-05-01 22:16:01,28.7832870483398,-17.7394027709961,"Unknown"
"5020567",378626,2026-05-01 22:17:02,28.7833271026611,-17.7392501831055,"Unknown"
"5020567",378626,2026-05-01 22:18:02,28.7834014892578,-17.7390937805176,"Unknown"
"5020567",378626,2026-05-01 22:19:02,28.7834434509277,-17.7389736175537,"Unknown"
"5020567",378626,2026-05-01 22:20:03,28.7835159301758,-17.7388534545898,"Unknown"
"5020567",378626,2026-05-01 22:21:04,28.7835788726807,-17.7387256622314,"Unknown"
"5020567",378626,2026-05-01 22:22:04,28.7836227416992,-17.7386341094971,"Unknown"
"5020567",378626,2026-05-01 22:23:03,28.7836856842041,-17.7385234832764,"Unknown"
"5020567",378626,2026-05-01 22:24:03,28.7837238311768,-17.7384357452393,"Unknown"
"5020567",378626,2026-05-01 22:25:04,28.7837524414062,-17.7383785247803,"Unknown"
"5020567",378626,2026-05-01 22:26:04,28.783805847168,-17.7383003234863,"Unknown"
"5020567",378626,2026-05-01 22:27:05,28.7839260101318,-17.7381038665771,"Unknown"
"5020567",378626,2026-05-01 22:28:04,28.7839756011963,-17.738000869751,"Unknown"
"5020567",378626,2026-05-01 22:29:02,28.7840003967285,-17.7379531860352,"Unknown"
"5020567",378626,2026-05-01 22:30:01,28.7840824127197,-17.737850189209,"Unknown"
"5020567",378626,2026-05-01 22:31:02,28.7840614318848,-17.7378425598145,"Unknown"
"5020567",378626,2026-05-01 22:32:02,28.7840270996094,-17.7377872467041,"Unknown"
"5020567",378626,2026-05-01 22:33:02,28.7840042114258,-17.7377300262451,"Unknown"
"5020567",378626,2026-05-01 22:34:02,28.7840137481689,-17.737642288208,"Unknown"
"5020567",378626,2026-05-01 22:35:02,28.7840614318848,-17.7375526428223,"Unknown"
"5020567",378626,2026-05-01 22:36:02,28.7841053009033,-17.7374782562256,"Unknown"
"5020567",378626,2026-05-01 22:37:02,28.7841396331787,-17.7374229431152,"Unknown"
"5020567",378626,2026-05-01 22:38:02,28.7841796875,-17.7373580932617,"Unknown"
"5020567",378626,2026-05-01 22:39:02,28.7842025756836,-17.7373218536377,"Unknown"
"5020567",378626,2026-05-01 22:40:02,28.7842082977295,-17.7372856140137,"Unknown"
"5020567",378626,2026-05-01 22:41:02,28.7842617034912,-17.7372016906738,"Unknown"
"5020567",378626,2026-05-01 22:42:02,28.7842483520508,-17.7371520996094,"Unknown"
"5020567",378626,2026-05-01 22:43:02,28.7842979431152,-17.7370643615723,"Unknown"
"5020567",378626,2026-05-01 22:44:02,28.7843399047852,-17.7369251251221,"Unknown"
"5020567",378626,2026-05-01 22:45:02,28.7843399047852,-17.7368144989014,"Unknown"
"5020567",378626,2026-05-01 22:46:02,28.7843532562256,-17.7367420196533,"Unknown"
"5020567",378626,2026-05-01 22:47:02,28.7843971252441,-17.7366600036621,"Unknown"
"5020567",378626,2026-05-01 22:48:02,28.7844276428223,-17.7365684509277,"Unknown"
"5020567",378626,2026-05-01 22:49:02,28.7844123840332,-17.7364273071289,"Unknown"
"5020567",378626,2026-05-01 22:50:02,28.7844047546387,-17.7363567352295,"Unknown"
"5020567",378626,2026-05-01 22:51:02,28.784481048584,-17.7362728118896,"Unknown"
"5020567",378626,2026-05-01 22:52:02,28.7863330841064,-17.7347660064697,"Unknown"
"5020567",378626,2026-05-01 22:53:02,28.7865428924561,-17.7346096038818,"Unknown"
"5020567",378626,2026-05-01 22:54:02,28.7865562438965,-17.7346611022949,"Unknown"
"5020567",378626,2026-05-01 22:55:02,28.7865810394287,-17.7346496582031,"Unknown"
"5020567",378626,2026-05-01 22:56:02,28.7866325378418,-17.7346172332764,"Unknown"
"5020567",378626,2026-05-01 22:57:02,28.7866668701172,-17.7345905303955,"Unknown"
"5020567",378626,2026-05-01 22:58:02,28.7866268157959,-17.7346267700195,"Unknown"
"5020567",378626,2026-05-01 22:59:02,28.7866687774658,-17.7346630096436,"Unknown"
"5020567",378626,2026-05-01 23:00:02,28.7866821289062,-17.734691619873,"Unknown"
"5020567",378626,2026-05-01 23:01:02,28.7866630554199,-17.734712600708,"Unknown"
"5020567",378626,2026-05-01 23:02:04,28.7866668701172,-17.7346725463867,"Unknown"
"5020567",378626,2026-05-01 23:03:02,28.7867088317871,-17.7346172332764,"Unknown"
"5020567",378626,2026-05-01 23:04:02,28.7867069244385,-17.7346458435059,"Unknown"
"5020567",378626,2026-05-01 23:05:03,28.7867126464844,-17.7346172332764,"Unknown"
"5020567",378626,2026-05-01 23:06:02,28.7867221832275,-17.7346115112305,"Unknown"
"5020567",378626,2026-05-01 23:07:03,28.7870140075684,-17.734354019165,"Unknown"
"5020567",378626,2026-05-01 23:08:04,28.786792755127,-17.7343120574951,"Unknown"
"5020567",378626,2026-05-01 23:09:03,28.786750793457,-17.7344226837158,"Unknown"
"5020567",378626,2026-05-01 23:10:06,28.78684425354,-17.7343788146973,"Unknown"
"5020567",378626,2026-05-01 23:11:03,28.7868347167969,-17.7343559265137,"Unknown"
"5020567",378626,2026-05-01 23:12:02,28.7868309020996,-17.7343406677246,"Unknown"
"5020567",378626,2026-05-01 23:13:04,28.7868480682373,-17.7343368530273,"Unknown"
"5020567",378626,2026-05-01 23:14:03,28.78684425354,-17.7343654632568,"Unknown"
"5020567",378626,2026-05-01 23:15:32,28.7868576049805,-17.7343826293945,"Unknown"
"5020567",378626,2026-05-01 23:16:02,28.78684425354,-17.7343902587891,"Unknown"
"5020567",378626,2026-05-01 23:17:02,28.7868480682373,-17.7344017028809,"Unknown"
"5020567",378626,2026-05-01 23:18:02,28.7868938446045,-17.7344131469727,"Unknown"
"5020567",378626,2026-05-01 23:19:02,28.7869205474854,-17.7343902587891,"Unknown"
"5020567",378626,2026-05-01 23:20:04,28.7869396209717,-17.7343921661377,"Unknown"
"5020567",378626,2026-05-01 23:21:02,28.7869987487793,-17.7343997955322,"Unknown"
"5020567",378626,2026-05-01 23:22:02,28.787052154541,-17.7344284057617,"Unknown"
"5020567",378626,2026-05-01 23:23:02,28.7870807647705,-17.7344455718994,"Unknown"
"5020567",378626,2026-05-01 23:24:03,28.787109375,-17.7343826293945,"Unknown"
"5020567",378626,2026-05-01 23:25:01,28.7871494293213,-17.7343616485596,"Unknown"
"5020567",378626,2026-05-01 23:26:03,28.7871932983398,-17.7343521118164,"Unknown"
"5020567",378626,2026-05-01 23:27:04,28.7872524261475,-17.734317779541,"Unknown"
"5020567",378626,2026-05-01 23:28:02,28.7873153686523,-17.7343139648438,"Unknown"
"5020567",378626,2026-05-01 23:29:02,28.7873554229736,-17.734338760376,"Unknown"
"5020567",378626,2026-05-01 23:30:02,28.7873611450195,-17.7343502044678,"Unknown"
"5020567",378626,2026-05-01 23:31:02,28.7874050140381,-17.7343368530273,"Unknown"
"5020567",378626,2026-05-01 23:32:02,28.7874584197998,-17.7343292236328,"Unknown"
"5020567",378626,2026-05-01 23:33:02,28.7874794006348,-17.7343235015869,"Unknown"
"5020567",378626,2026-05-01 23:34:02,28.7875461578369,-17.7342510223389,"Unknown"
"5020567",378626,2026-05-01 23:35:02,28.7875995635986,-17.7341823577881,"Unknown"
"5020567",378626,2026-05-01 23:36:02,28.7876033782959,-17.7341041564941,"Unknown"
"5020567",378626,2026-05-01 23:37:02,28.7876491546631,-17.734058380127,"Unknown"
"5020567",378626,2026-05-01 23:38:02,28.787654876709,-17.734001159668,"Unknown"
"5020567",378626,2026-05-01 23:39:01,28.7876605987549,-17.7339706420898,"Unknown"
"5020567",378626,2026-05-01 23:40:02,28.7877025604248,-17.7339420318604,"Unknown"
"5020567",378626,2026-05-01 23:41:02,28.7877349853516,-17.7338600158691,"Unknown"
"5020567",378626,2026-05-01 23:42:02,28.7878131866455,-17.7337875366211,"Unknown"
"5020567",378626,2026-05-01 23:43:02,28.7878932952881,-17.7337245941162,"Unknown"
"5020567",378626,2026-05-01 23:44:02,28.7879467010498,-17.7336406707764,"Unknown"
"5020567",378626,2026-05-01 23:45:02,28.7880020141602,-17.7335243225098,"Unknown"
"5020567",378626,2026-05-01 23:46:02,28.788028717041,-17.7335224151611,"Unknown"
"5020567",378626,2026-05-01 23:47:02,28.7880935668945,-17.7334690093994,"Unknown"
"5020567",378626,2026-05-01 23:48:02,28.7881050109863,-17.733419418335,"Unknown"
"5020567",378626,2026-05-01 23:49:04,28.7881450653076,-17.7333507537842,"Unknown"
"5020567",378626,2026-05-01 23:50:02,28.7882118225098,-17.7332363128662,"Unknown"
"5020567",378626,2026-05-01 23:51:02,28.7882404327393,-17.733226776123,"Unknown"
"5020567",378626,2026-05-01 23:52:02,28.788293838501,-17.7331981658936,"Unknown"
"5020567",378626,2026-05-01 23:53:04,28.7883491516113,-17.7331199645996,"Unknown"
"5020567",378626,2026-05-01 23:54:02,28.7883720397949,-17.733081817627,"Unknown"
"5020567",378626,2026-05-01 23:55:02,28.7883892059326,-17.7329883575439,"Unknown"
"5020567",378626,2026-05-01 23:56:02,28.7884426116943,-17.7329006195068,"Unknown"
"5020567",378626,2026-05-01 23:57:02,28.7884960174561,-17.7329158782959,"Unknown"
"5020567",378626,2026-05-01 23:58:02,28.7885131835938,-17.732837677002,"Unknown"
"5020567",378626,2026-05-01 23:59:02,28.7885589599609,-17.7328014373779,"Unknown"
"5020567",378626,2026-05-02 00:00:02,28.7886276245117,-17.7327842712402,"Unknown"
"5020567",378626,2026-05-02 00:01:02,28.7886695861816,-17.7327671051025,"Unknown"
"5020567",378626,2026-05-02 00:02:01,28.7887096405029,-17.7327671051025,"Unknown"
"5020567",378626,2026-05-02 00:03:02,28.7886962890625,-17.7327365875244,"Unknown"
"5020567",378626,2026-05-02 00:04:02,28.7887535095215,-17.7326793670654,"Unknown"
"5020567",378626,2026-05-02 00:05:02,28.7887916564941,-17.7326335906982,"Unknown"
"5020567",378626,2026-05-02 00:06:04,28.7888584136963,-17.7326126098633,"Unknown"
"5020567",378626,2026-05-02 00:07:03,28.7888851165771,-17.7325801849365,"Unknown"
"5020567",378626,2026-05-02 00:08:04,28.7889347076416,-17.7326049804688,"Unknown"
"5020567",378626,2026-05-02 00:09:04,28.7889423370361,-17.732593536377,"Unknown"
"5020567",378626,2026-05-02 00:10:02,28.788990020752,-17.7325820922852,"Unknown"
"5020567",378626,2026-05-02 00:11:02,28.7889461517334,-17.7324867248535,"Unknown"
"5020567",378626,2026-05-02 00:12:04,28.7889232635498,-17.7324848175049,"Unknown"
"5020567",378626,2026-05-02 00:13:04,28.7888946533203,-17.7325267791748,"Unknown"
"5020567",378626,2026-05-02 00:14:04,28.7889137268066,-17.7325706481934,"Unknown"
"5020567",378626,2026-05-02 00:15:04,28.7889232635498,-17.7326049804688,"Unknown"
"5020567",378626,2026-05-02 00:16:02,28.7889537811279,-17.73264503479,"Unknown"
"5020567",378626,2026-05-02 00:17:02,28.7890033721924,-17.7326927185059,"Unknown"
"5020567",378626,2026-05-02 00:18:04,28.7890510559082,-17.7327480316162,"Unknown"
"5020567",378626,2026-05-02 00:19:04,28.7890567779541,-17.732780456543,"Unknown"
"5020567",378626,2026-05-02 00:20:02,28.7890605926514,-17.7328300476074,"Unknown"
"5020567",378626,2026-05-02 00:21:04,28.7890892028809,-17.7327690124512,"Unknown"
"5020567",378626,2026-05-02 00:22:04,28.7891139984131,-17.732738494873,"Unknown"
"5020567",378626,2026-05-02 00:23:02,28.7891578674316,-17.7327365875244,"Unknown"
"5020567",378626,2026-05-02 00:24:04,28.7891578674316,-17.7327079772949,"Unknown"
"5020567",378626,2026-05-02 00:25:02,28.7891540527344,-17.7327136993408,"Unknown"
"5020567",378626,2026-05-02 00:26:04,28.7891540527344,-17.7326927185059,"Unknown"
"5020567",378626,2026-05-02 00:27:04,28.7891235351562,-17.7327537536621,"Unknown"
"5020567",378626,2026-05-02 00:28:02,28.7891654968262,-17.732723236084,"Unknown"
"5020567",378626,2026-05-02 00:29:04,28.7891712188721,-17.732608795166,"Unknown"
"5020567",378626,2026-05-02 00:30:02,28.7891845703125,-17.7326908111572,"Unknown"
"5020567",378626,2026-05-02 00:31:05,28.789176940918,-17.7325687408447,"Unknown"
"5020567",378626,2026-05-02 00:32:04,28.789192199707,-17.7325668334961,"Unknown"
"5020567",378626,2026-05-02 00:33:04,28.7891712188721,-17.7325210571289,"Unknown"
"5020567",378626,2026-05-02 00:34:04,28.7891578674316,-17.7324638366699,"Unknown"
"5020567",378626,2026-05-02 00:35:05,28.7891731262207,-17.7324371337891,"Unknown"
"5020567",378626,2026-05-02 00:36:08,28.7891788482666,-17.7323760986328,"Unknown"
"5020567",378626,2026-05-02 00:37:05,28.7891674041748,-17.732400894165,"Unknown"
"5020567",378626,2026-05-02 00:38:04,28.7891883850098,-17.7324333190918,"Unknown"
"5020567",378626,2026-05-02 00:39:04,28.7891845703125,-17.7325210571289,"Unknown"
"5020567",378626,2026-05-02 00:40:04,28.7891788482666,-17.7325477600098,"Unknown"
"5020567",378626,2026-05-02 00:41:02,28.7891654968262,-17.732551574707,"Unknown"
"5020567",378626,2026-05-02 00:42:04,28.7891750335693,-17.7325630187988,"Unknown"
"5020567",378626,2026-05-02 00:43:04,28.7891521453857,-17.7325992584229,"Unknown"
"5020567",378626,2026-05-02 00:44:04,28.7891063690186,-17.7326545715332,"Unknown"
"5020567",378626,2026-05-02 00:45:01,28.7891082763672,-17.7326622009277,"Unknown"
"5020567",378626,2026-05-02 00:46:04,28.7891273498535,-17.7327423095703,"Unknown"
"5020567",378626,2026-05-02 00:47:05,28.7891082763672,-17.7328433990479,"Unknown"
"5020567",378626,2026-05-02 00:48:04,28.7891254425049,-17.7329196929932,"Unknown"
"5020567",378626,2026-05-02 00:49:02,28.7890739440918,-17.7328548431396,"Unknown"
"5020567",378626,2026-05-02 00:50:03,28.7890739440918,-17.732837677002,"Unknown"
"5020567",378626,2026-05-02 00:51:01,28.7890815734863,-17.7328834533691,"Unknown"
"5020567",378626,2026-05-02 00:52:02,28.7891159057617,-17.7328681945801,"Unknown"
"5020567",378626,2026-05-02 00:53:03,28.7891044616699,-17.7328624725342,"Unknown"
"5020567",378626,2026-05-02 00:54:03,28.7890853881836,-17.7329120635986,"Unknown"
"5020567",378626,2026-05-02 00:55:05,28.7890815734863,-17.7330532073975,"Unknown"
"5020567",378626,2026-05-02 00:56:06,28.7891120910645,-17.7330627441406,"Unknown"
"5020567",378626,2026-05-02 00:57:05,28.7891139984131,-17.7331657409668,"Unknown"
"5020567",378626,2026-05-02 00:58:02,28.7891330718994,-17.7332439422607,"Unknown"
"5020567",378626,2026-05-02 00:59:06,28.7891178131104,-17.7333240509033,"Unknown"
"5020567",378626,2026-05-02 01:00:04,28.7890796661377,-17.7334518432617,"Unknown"
"5020567",378626,2026-05-02 01:01:06,28.7890682220459,-17.7335071563721,"Unknown"
"5020567",378626,2026-05-02 01:02:06,28.7890701293945,-17.7336139678955,"Unknown"
"5020567",378626,2026-05-02 01:03:06,28.7891063690186,-17.7336940765381,"Unknown"
"5020567",378626,2026-05-02 01:04:05,28.7891464233398,-17.7337265014648,"Unknown"
"5020567",378626,2026-05-02 01:05:05,28.7891330718994,-17.7337970733643,"Unknown"
"5020567",378626,2026-05-02 01:06:05,28.7891502380371,-17.7338523864746,"Unknown"
"5020567",378626,2026-05-02 01:07:05,28.7891502380371,-17.7339286804199,"Unknown"
"5020567",378626,2026-05-02 01:08:04,28.7891464233398,-17.7340126037598,"Unknown"
"5020567",378626,2026-05-02 01:09:04,28.7891120910645,-17.7340240478516,"Unknown"
"5020567",378626,2026-05-02 01:10:04,28.7891006469727,-17.7339820861816,"Unknown"
"5020567",378626,2026-05-02 01:20:08,28.7891292572021,-17.733943939209,"Unknown"
"5020567",378626,2026-05-02 01:21:10,28.7891235351562,-17.7339515686035,"Unknown"
"5020567",378626,2026-05-02 01:22:06,28.7891082763672,-17.7339458465576,"Unknown"
"5020567",378626,2026-05-02 01:23:15,28.7890892028809,-17.7339324951172,"Unknown"
"5020567",378626,2026-05-02 01:33:33,28.7888698577881,-17.7336254119873,"Unknown"
"5020567",378626,2026-05-02 01:34:01,28.7888488769531,-17.7335662841797,"Unknown"
"5020567",378626,2026-05-02 01:44:01,28.7886219024658,-17.7331275939941,"Unknown"
"5020567",378626,2026-05-02 01:45:01,28.788610458374,-17.7330760955811,"Unknown"
"5020567",378626,2026-05-02 01:55:01,28.7883853912354,-17.732593536377,"Unknown"
"5020567",378626,2026-05-02 01:56:01,28.7882747650146,-17.7324829101562,"Unknown"
"5020567",378626,2026-05-02 02:06:01,28.7877292633057,-17.7316417694092,"Unknown"
"5020567",378626,2026-05-02 02:07:01,28.7876853942871,-17.7315425872803,"Unknown"
"5020567",378626,2026-05-02 02:08:02,28.7876205444336,-17.7314300537109,"Unknown"
"5020567",378626,2026-05-02 02:09:01,28.7875747680664,-17.7314395904541,"Unknown"
"5020567",378626,2026-05-02 02:19:01,28.7872257232666,-17.7312774658203,"Unknown"
"5020567",378626,2026-05-02 02:20:01,28.7871971130371,-17.7312984466553,"Unknown"
"5020567",378626,2026-05-02 02:30:01,28.7866878509521,-17.7310104370117,"Unknown"
"5020567",378626,2026-05-02 02:40:01,28.7861785888672,-17.7306594848633,"Unknown"
"5020567",378626,2026-05-02 02:41:01,28.7861156463623,-17.7305679321289,"Unknown"
"5020567",378626,2026-05-02 02:51:01,28.7857036590576,-17.7302856445312,"Unknown"
"5020567",378626,2026-05-02 03:01:01,28.7855682373047,-17.7303161621094,"Unknown"
"5020567",378626,2026-05-02 03:02:01,28.7855987548828,-17.7303218841553,"Unknown"
"5020567",378626,2026-05-02 03:12:01,28.7855777740479,-17.7304286956787,"Unknown"
"5020567",378626,2026-05-02 03:22:01,28.7855491638184,-17.7308597564697,"Unknown"
"5020567",378626,2026-05-02 03:32:03,28.785514831543,-17.7313652038574,"Unknown"
"5020567",378626,2026-05-02 03:42:02,28.7854900360107,-17.7323474884033,"Unknown"
"5020567",378626,2026-05-02 03:52:02,28.7854290008545,-17.7333450317383,"Unknown"
"5020567",378626,2026-05-02 04:02:32,28.7852725982666,-17.7345905303955,"Unknown"
"5020567",378626,2026-05-02 04:12:02,28.7850494384766,-17.7356796264648,"Unknown"
"5020567",378626,2026-05-02 04:22:03,28.7848453521729,-17.7365016937256,"Unknown"
"5020567",378626,2026-05-02 04:32:02,28.7845783233643,-17.7377510070801,"Unknown"
"5020567",378626,2026-05-02 04:42:03,28.7842426300049,-17.7391128540039,"Unknown"
"5020567",378626,2026-05-02 04:52:03,28.7840175628662,-17.740083694458,"Unknown"
"5020567",378626,2026-05-02 05:02:04,28.7840595245361,-17.7408351898193,"Unknown"
"5020567",378626,2026-05-02 05:12:05,28.7842407226562,-17.7413692474365,"Unknown"
"5020567",378626,2026-05-02 05:22:04,28.7849617004395,-17.7413101196289,"Unknown"
"5020567",378626,2026-05-02 05:32:04,28.7855739593506,-17.741039276123,"Unknown"
"5020567",378626,2026-05-02 05:42:33,28.7860794067383,-17.740550994873,"Unknown"
"5020567",378626,2026-05-02 05:52:01,28.786413192749,-17.7403144836426,"Unknown"
"5020567",378626,2026-05-02 06:02:01,28.7869625091553,-17.740327835083,"Unknown"
"5020567",378626,2026-05-02 06:12:03,28.8133602142334,-17.7522964477539,"Unknown"
"5020567",378626,2026-05-02 06:22:01,28.8461132049561,-17.7824516296387,"Unknown"
"5020567",378626,2026-05-02 06:32:02,28.8489151000977,-17.7914981842041,"Unknown"
"5020567",378626,2026-05-02 06:42:03,28.8485622406006,-17.7914543151855,"Unknown"
"5020567",378626,2026-05-02 06:52:01,28.8508110046387,-17.7891826629639,"Unknown"
"5020567",378626,2026-05-02 07:02:01,28.881175994873,-17.7696533203125,"Unknown"
"5020567",378626,2026-05-02 07:12:01,28.8780136108398,-17.7448463439941,"Unknown"
"5020567",378626,2026-05-02 07:22:06,28.8831405639648,-17.7332954406738,"Unknown"
"5020567",378626,2026-05-02 07:27:02,28.8819065093994,-17.7414779663086,"Unknown"
"5020567",378626,2026-05-02 07:32:06,28.8812160491943,-17.7452030181885,"Unknown"
"5020567",378626,2026-05-02 07:37:04,28.8839588165283,-17.7405872344971,"Unknown"
"5020567",378626,2026-05-02 07:42:03,28.8856029510498,-17.7343215942383,"Unknown"
"5020567",378626,2026-05-02 07:48:17,28.878438949585,-17.7322845458984,"Unknown"
"5020567",378626,2026-05-02 07:52:03,28.8730869293213,-17.7336978912354,"Unknown"
"5020567",378626,2026-05-02 08:02:32,28.839183807373,-17.763786315918,"Unknown"
"5020567",378626,2026-05-02 08:07:02,28.8480682373047,-17.7756786346436,"Unknown"
"5020567",378626,2026-05-02 08:08:01,28.8481426239014,-17.7758140563965,"Unknown"
"5020567",378626,2026-05-02 08:09:01,28.8482189178467,-17.775972366333,"Unknown"
"5020567",378626,2026-05-02 08:10:02,28.848295211792,-17.7761173248291,"Unknown"
"5020567",378626,2026-05-02 08:11:02,28.8483600616455,-17.7762680053711,"Unknown"
"5020567",378626,2026-05-02 08:12:02,28.848424911499,-17.776424407959,"Unknown"
"5020567",378626,2026-05-02 08:13:01,28.8484935760498,-17.7765655517578,"Unknown"
"5020567",378626,2026-05-02 08:14:01,28.8485813140869,-17.7767333984375,"Unknown"
"5020567",378626,2026-05-02 08:15:01,28.8486671447754,-17.7768745422363,"Unknown"
"5020567",378626,2026-05-02 08:16:02,28.8487415313721,-17.7770385742188,"Unknown"
"5020567",378626,2026-05-02 08:26:02,28.8532543182373,-17.7896995544434,"Unknown"
"5020567",378626,2026-05-02 08:27:01,28.8512630462646,-17.7962093353271,"Unknown"
"5020567",378626,2026-05-02 08:28:01,28.8517417907715,-17.8028888702393,"Unknown"
"5020567",378626,2026-05-02 08:29:02,28.8534507751465,-17.8107585906982,"Unknown"
"5020567",378626,2026-05-02 08:30:01,28.855770111084,-17.8127517700195,"Unknown"
"5020567",378626,2026-05-02 08:31:02,28.8558406829834,-17.8128108978271,"Unknown"
"5020567",378626,2026-05-02 08:32:01,28.855899810791,-17.8128681182861,"Unknown"
"5020567",378626,2026-05-02 08:33:02,28.8559455871582,-17.8129291534424,"Unknown"
"5020567",378626,2026-05-02 08:34:02,28.8559875488281,-17.81298828125,"Unknown"
"5020567",378626,2026-05-02 08:35:02,28.8560104370117,-17.8130378723145,"Unknown"
"5020567",378626,2026-05-02 08:36:01,28.8560447692871,-17.8131198883057,"Unknown"
"5020567",378626,2026-05-02 08:37:02,28.8560752868652,-17.8132247924805,"Unknown"
"5020567",378626,2026-05-02 08:38:01,28.8561534881592,-17.813289642334,"Unknown"
"5020567",378626,2026-05-02 08:39:02,28.8561992645264,-17.8133563995361,"Unknown"
"5020567",378626,2026-05-02 08:40:01,28.8547077178955,-17.8129386901855,"Unknown"
"5020567",378626,2026-05-02 08:41:02,28.8546619415283,-17.8136558532715,"Unknown"
"5020567",378626,2026-05-02 08:42:02,28.8546848297119,-17.8136940002441,"Unknown"
"5020567",378626,2026-05-02 08:43:02,28.8546981811523,-17.8137302398682,"Unknown"
"5020567",378626,2026-05-02 08:44:02,28.8547515869141,-17.813777923584,"Unknown"
"5020567",378626,2026-05-02 08:45:02,28.8547954559326,-17.8138618469238,"Unknown"
"5020567",378626,2026-05-02 08:46:02,28.8548107147217,-17.8139228820801,"Unknown"
"5020567",378626,2026-05-02 08:47:03,28.8548316955566,-17.8139762878418,"Unknown"
"5020567",378626,2026-05-02 08:48:01,28.8548755645752,-17.8140449523926,"Unknown"
"5020567",378626,2026-05-02 08:49:02,28.8549537658691,-17.8141136169434,"Unknown"
"5020567",378626,2026-05-02 08:50:02,28.8549900054932,-17.8141918182373,"Unknown"
"5020567",378626,2026-05-02 08:51:02,28.8550605773926,-17.8142871856689,"Unknown"
"5020567",378626,2026-05-02 08:52:01,28.8550987243652,-17.8143672943115,"Unknown"
"5020567",378626,2026-05-02 08:53:01,28.8551330566406,-17.8144474029541,"Unknown"
"5020567",378626,2026-05-02 08:54:02,28.8531589508057,-17.8158683776855,"Unknown"
"5020567",378626,2026-05-02 08:55:01,28.8568077087402,-17.8190765380859,"Unknown"
"5020567",378626,2026-05-02 08:56:02,28.8562316894531,-17.8206577301025,"Unknown"
"5020567",378626,2026-05-02 08:57:01,28.8563804626465,-17.8215675354004,"Unknown"
"5020567",378626,2026-05-02 08:58:02,28.856466293335,-17.8217468261719,"Unknown"
"5020567",378626,2026-05-02 08:59:02,28.8565292358398,-17.8219604492188,"Unknown"
"5020567",378626,2026-05-02 09:00:02,28.8596229553223,-17.8221454620361,"Unknown"
"5020567",378626,2026-05-02 09:01:01,28.8597278594971,-17.8222236633301,"Unknown"
"5020567",378626,2026-05-02 09:02:02,28.8597717285156,-17.8223438262939,"Unknown"
"5020567",378626,2026-05-02 09:03:02,28.8598003387451,-17.8224277496338,"Unknown"
"5020567",378626,2026-05-02 09:04:02,28.859806060791,-17.8225135803223,"Unknown"
"5020567",378626,2026-05-02 09:05:02,28.859842300415,-17.8225936889648,"Unknown"
"5020567",378626,2026-05-02 09:06:02,28.8598403930664,-17.8227081298828,"Unknown"
"5020567",378626,2026-05-02 09:07:02,28.8598613739014,-17.822868347168,"Unknown"
"5020567",378626,2026-05-02 09:08:02,28.8598651885986,-17.8229923248291,"Unknown"
"5020567",378626,2026-05-02 09:09:02,28.8584461212158,-17.8245639801025,"Unknown"
"5020567",378626,2026-05-02 09:10:01,28.8550682067871,-17.8309173583984,"Unknown"
"5020567",378626,2026-05-02 09:11:02,28.8545188903809,-17.8334217071533,"Unknown"
"5020567",378626,2026-05-02 09:12:01,28.8545303344727,-17.8334980010986,"Unknown"
"5020567",378626,2026-05-02 09:13:04,28.8528633117676,-17.8320045471191,"Unknown"
"5020567",378626,2026-05-02 09:14:01,28.8528385162354,-17.8321590423584,"Unknown"
"5020567",378626,2026-05-02 09:15:01,28.8519020080566,-17.8337516784668,"Unknown"
"5020567",378626,2026-05-02 09:16:02,28.8521747589111,-17.8331451416016,"Unknown"
"5020567",378626,2026-05-02 09:17:04,28.8522338867188,-17.8332195281982,"Unknown"
"5020567",378626,2026-05-02 09:18:02,28.8525371551514,-17.8353366851807,"Unknown"
"5020567",378626,2026-05-02 09:19:01,28.85329246521,-17.8360996246338,"Unknown"
"5020567",378626,2026-05-02 09:20:02,28.8531837463379,-17.8353786468506,"Unknown"
"5020567",378626,2026-05-02 09:21:03,28.8533630371094,-17.8345699310303,"Unknown"
"5020567",378626,2026-05-02 09:22:01,28.8531455993652,-17.8355846405029,"Unknown"
"5020567",378626,2026-05-02 09:23:03,28.8526153564453,-17.837682723999,"Unknown"
"5020567",378626,2026-05-02 09:24:03,28.8526172637939,-17.837797164917,"Unknown"
"5020567",378626,2026-05-02 09:25:01,28.8542995452881,-17.8381233215332,"Unknown"
"5020567",378626,2026-05-02 09:26:03,28.8550434112549,-17.8389739990234,"Unknown"
"5020567",378626,2026-05-02 09:27:02,28.8550415039062,-17.8390941619873,"Unknown"
"5020567",378626,2026-05-02 09:28:03,28.8550033569336,-17.8391532897949,"Unknown"
"5020567",378626,2026-05-02 09:29:02,28.8549785614014,-17.839282989502,"Unknown"
"5020567",378626,2026-05-02 09:30:01,28.854944229126,-17.8393745422363,"Unknown"
"5020567",378626,2026-05-02 09:31:04,28.8549327850342,-17.8394565582275,"Unknown"
"5020567",378626,2026-05-02 09:32:03,28.8549022674561,-17.8395156860352,"Unknown"
"5020567",378626,2026-05-02 09:33:04,28.8548793792725,-17.8396110534668,"Unknown"
"5020567",378626,2026-05-02 09:34:04,28.8548793792725,-17.8396892547607,"Unknown"
"5020567",378626,2026-05-02 09:35:05,28.8548774719238,-17.8398094177246,"Unknown"
"5020567",378626,2026-05-02 09:36:02,28.8549270629883,-17.8399124145508,"Unknown"
"5020567",378626,2026-05-02 09:37:01,28.8549346923828,-17.8399982452393,"Unknown"
"5020567",378626,2026-05-02 09:38:05,28.8549327850342,-17.8400897979736,"Unknown"
"5020567",378626,2026-05-02 09:39:04,28.8549118041992,-17.840160369873,"Unknown"
"5020567",378626,2026-05-02 09:40:02,28.8548774719238,-17.8402309417725,"Unknown"
"5020567",378626,2026-05-02 09:41:01,28.854850769043,-17.8402652740479,"Unknown"
"5020567",378626,2026-05-02 09:42:02,28.8527507781982,-17.8416175842285,"Unknown"
"5020567",378626,2026-05-02 09:43:01,28.8469657897949,-17.8431396484375,"Unknown"
"5020567",378626,2026-05-02 09:44:04,28.8439311981201,-17.8485908508301,"Unknown"
"5020567",378626,2026-05-02 09:45:04,28.8445816040039,-17.8496437072754,"Unknown"
"5020567",378626,2026-05-02 09:46:07,28.8419723510742,-17.8518848419189,"Unknown"
"5020567",378626,2026-05-02 09:47:12,28.8414306640625,-17.8511829376221,"Unknown"
"5020567",378626,2026-05-02 09:48:02,28.8419761657715,-17.8519096374512,"Unknown"
"5020567",378626,2026-05-02 09:49:03,28.8419494628906,-17.8519306182861,"Unknown"
"5020567",378626,2026-05-02 09:50:03,28.8420696258545,-17.8518257141113,"Unknown"
"5020567",378626,2026-05-02 09:51:01,28.8423099517822,-17.8502464294434,"Unknown"
"5020567",378626,2026-05-02 09:52:06,28.8443946838379,-17.8540019989014,"Unknown"
"5020567",378626,2026-05-02 09:53:02,28.8444232940674,-17.8541011810303,"Unknown"
"5020567",378626,2026-05-02 09:54:05,28.8444232940674,-17.8542308807373,"Unknown"
"5020567",378626,2026-05-02 09:55:05,28.844446182251,-17.8543281555176,"Unknown"
"5020567",378626,2026-05-02 09:56:05,28.844446182251,-17.8544330596924,"Unknown"
"5020567",378626,2026-05-02 09:57:06,28.8444652557373,-17.8545150756836,"Unknown"
"5020567",378626,2026-05-02 09:58:04,28.8445072174072,-17.8545589447021,"Unknown"
"5020567",378626,2026-05-02 09:59:03,28.8444919586182,-17.8518924713135,"Unknown"
"5020567",378626,2026-05-02 10:00:16,28.8454208374023,-17.852180480957,"Unknown"
"5020567",378626,2026-05-02 10:01:03,28.8477954864502,-17.8522624969482,"Unknown"
"5020567",378626,2026-05-02 10:02:04,28.8458309173584,-17.850887298584,"Unknown"
"5020567",378626,2026-05-02 10:03:06,28.845739364624,-17.8522338867188,"Unknown"
"5020567",378626,2026-05-02 10:04:03,28.8457317352295,-17.8523349761963,"Unknown"
"5020567",378626,2026-05-02 10:05:05,28.8457622528076,-17.8523769378662,"Unknown"
"5020567",378626,2026-05-02 10:06:04,28.8433494567871,-17.8540115356445,"Unknown"
"5020567",378626,2026-05-02 10:07:02,28.8436107635498,-17.8564300537109,"Unknown"
"5020567",378626,2026-05-02 10:08:02,28.8444137573242,-17.8529262542725,"Unknown"
"5020567",378626,2026-05-02 10:09:03,28.8442211151123,-17.8519153594971,"Unknown"
"5020567",378626,2026-05-02 10:10:01,28.8445377349854,-17.8524532318115,"Unknown"
"5020567",378626,2026-05-02 10:11:02,28.8439655303955,-17.8534259796143,"Unknown"
"5020567",378626,2026-05-02 10:12:04,28.8446998596191,-17.8528270721436,"Unknown"
"5020567",378626,2026-05-02 10:13:04,28.8430118560791,-17.8529796600342,"Unknown"
"5020567",378626,2026-05-02 10:14:04,28.8416633605957,-17.8560123443604,"Unknown"
"5020567",378626,2026-05-02 10:15:04,28.8413677215576,-17.8560123443604,"Unknown"
"5020567",378626,2026-05-02 10:16:06,28.8408050537109,-17.8555583953857,"Unknown"
"5020567",378626,2026-05-02 10:17:01,28.8415298461914,-17.8580589294434,"Unknown"
"5020567",378626,2026-05-02 10:18:03,28.8413562774658,-17.8574676513672,"Unknown"
"5020567",378626,2026-05-02 10:19:04,28.8415184020996,-17.85520362854,"Unknown"
"5020567",378626,2026-05-02 10:20:04,28.8424625396729,-17.8543148040771,"Unknown"
"5020567",378626,2026-05-02 10:21:02,28.8459091186523,-17.8534603118896,"Unknown"
"5020567",378626,2026-05-02 10:22:02,28.8459930419922,-17.8530807495117,"Unknown"
"5020567",378626,2026-05-02 10:23:33,28.8459987640381,-17.853271484375,"Unknown"
"5020567",378626,2026-05-02 10:24:02,28.8460006713867,-17.8533096313477,"Unknown"
"5020567",378626,2026-05-02 10:25:02,28.8468570709229,-17.8564968109131,"Unknown"
"5020567",378626,2026-05-02 10:26:01,28.8466854095459,-17.8625507354736,"Unknown"
"5020567",378626,2026-05-02 10:27:02,28.8479919433594,-17.8638229370117,"Unknown"
"5020567",378626,2026-05-02 10:28:02,28.8528614044189,-17.8642921447754,"Unknown"
"5020567",378626,2026-05-02 10:29:02,28.8545398712158,-17.86110496521,"Unknown"
"5020567",378626,2026-05-02 10:30:02,28.8539638519287,-17.8596744537354,"Unknown"
"5020567",378626,2026-05-02 10:31:02,28.8531074523926,-17.8574542999268,"Unknown"
"5020567",378626,2026-05-02 10:32:02,28.8526058197021,-17.8561820983887,"Unknown"
"5020567",378626,2026-05-02 10:33:02,28.8522186279297,-17.8532905578613,"Unknown"
"5020567",378626,2026-05-02 10:34:02,28.8480968475342,-17.8516960144043,"Unknown"
"5020567",378626,2026-05-02 10:35:02,28.8518505096436,-17.8518123626709,"Unknown"
"5020567",378626,2026-05-02 10:36:02,28.8525123596191,-17.8486957550049,"Unknown"
"5020567",378626,2026-05-02 10:37:02,28.8540191650391,-17.846284866333,"Unknown"
"5020567",378626,2026-05-02 10:38:02,28.8533916473389,-17.8440227508545,"Unknown"
"5020567",378626,2026-05-02 10:39:02,28.8482341766357,-17.8427677154541,"Unknown"
"5020567",378626,2026-05-02 10:40:02,28.8425617218018,-17.8454761505127,"Unknown"
"5020567",378626,2026-05-02 10:41:02,28.8405857086182,-17.8463821411133,"Unknown"
"5020567",378626,2026-05-02 10:42:02,28.8405342102051,-17.8469696044922,"Unknown"
"5020567",378626,2026-05-02 10:43:02,28.8411769866943,-17.8481254577637,"Unknown"
"5020567",378626,2026-05-02 10:44:21,28.8437252044678,-17.8543376922607,"Unknown"
"5020567",378626,2026-05-02 10:45:02,28.8437557220459,-17.8545360565186,"Unknown"
"5020567",378626,2026-05-02 10:46:05,28.8437347412109,-17.8543891906738,"Unknown"
"5020567",378626,2026-05-02 10:47:02,28.8437557220459,-17.8544254302979,"Unknown"
"5020567",378626,2026-05-02 10:48:26,28.8438911437988,-17.8545684814453,"Unknown"
"5020567",378626,2026-05-02 10:49:08,28.8438720703125,-17.8545265197754,"Unknown"
"5020567",378626,2026-05-02 10:50:09,28.8437633514404,-17.854585647583,"Unknown"
"5020567",378626,2026-05-02 10:51:02,28.8433952331543,-17.8542995452881,"Unknown"
"5020567",378626,2026-05-02 10:52:02,28.8438892364502,-17.8545951843262,"Unknown"
"5020567",378626,2026-05-02 10:53:02,28.8442573547363,-17.8551197052002,"Unknown"
"5020567",378626,2026-05-02 10:54:02,28.8451957702637,-17.8552284240723,"Unknown"
"5020567",378626,2026-05-02 10:55:02,28.8452644348145,-17.8552417755127,"Unknown"
"5020567",378626,2026-05-02 10:56:02,28.8452911376953,-17.8552665710449,"Unknown"
"5020567",378626,2026-05-02 10:57:38,28.8455410003662,-17.8556728363037,"Unknown"
"5020567",378626,2026-05-02 10:58:02,28.846715927124,-17.8549880981445,"Unknown"
"5020567",378626,2026-05-02 10:59:02,28.8470344543457,-17.855016708374,"Unknown"
"5020567",378626,2026-05-02 11:00:02,28.8460903167725,-17.8546981811523,"Unknown"
"5020567",378626,2026-05-02 11:01:03,28.8461227416992,-17.8547248840332,"Unknown"
"5020567",378626,2026-05-02 11:02:03,28.8475131988525,-17.8549118041992,"Unknown"
"5020567",378626,2026-05-02 11:03:03,28.8494262695312,-17.854923248291,"Unknown"
"5020567",378626,2026-05-02 11:04:03,28.8494682312012,-17.8550033569336,"Unknown"
"5020567",378626,2026-05-02 11:05:03,28.849536895752,-17.8550624847412,"Unknown"
"5020567",378626,2026-05-02 11:06:03,28.8496341705322,-17.8551197052002,"Unknown"
"5020567",378626,2026-05-02 11:07:03,28.8497581481934,-17.8551502227783,"Unknown"
"5020567",378626,2026-05-02 11:08:03,28.8498249053955,-17.8551635742188,"Unknown"
"5020567",378626,2026-05-02 11:09:04,28.8498859405518,-17.8551769256592,"Unknown"
"5020567",378626,2026-05-02 11:10:03,28.8500061035156,-17.8552017211914,"Unknown"
"5020567",378626,2026-05-02 11:11:03,28.8501434326172,-17.8552112579346,"Unknown"
"5020567",378626,2026-05-02 11:12:03,28.8502788543701,-17.8553619384766,"Unknown"
"5020567",378626,2026-05-02 11:13:03,28.8513813018799,-17.8594360351562,"Unknown"
"5020567",378626,2026-05-02 11:14:03,28.8525810241699,-17.8594989776611,"Unknown"
"5020567",378626,2026-05-02 11:15:03,28.8526020050049,-17.8595962524414,"Unknown"
"5020567",378626,2026-05-02 11:16:03,28.8526458740234,-17.8596954345703,"Unknown"
"5020567",378626,2026-05-02 11:17:03,28.8526668548584,-17.8598403930664,"Unknown"
"5020567",378626,2026-05-02 11:18:03,28.8527183532715,-17.8599472045898,"Unknown"
"5020567",378626,2026-05-02 11:19:03,28.8527908325195,-17.86008644104,"Unknown"
"5020567",378626,2026-05-02 11:20:03,28.8528690338135,-17.8602409362793,"Unknown"
"5020567",378626,2026-05-02 11:21:03,28.8529510498047,-17.8603477478027,"Unknown"
"5020567",378626,2026-05-02 11:22:03,28.8530368804932,-17.8604965209961,"Unknown"
"5020567",378626,2026-05-02 11:23:03,28.8531341552734,-17.8606376647949,"Unknown"
"5020567",378626,2026-05-02 11:24:03,28.8532314300537,-17.8607387542725,"Unknown"
"5020567",378626,2026-05-02 11:25:04,28.8532791137695,-17.8608131408691,"Unknown"
"5020567",378626,2026-05-02 11:26:03,28.8533687591553,-17.860933303833,"Unknown"
"5020567",378626,2026-05-02 11:27:03,28.8534679412842,-17.8609943389893,"Unknown"
"5020567",378626,2026-05-02 11:28:04,28.8535652160645,-17.8610649108887,"Unknown"
"5020567",378626,2026-05-02 11:29:03,28.8536434173584,-17.861120223999,"Unknown"
"5020567",378626,2026-05-02 11:30:03,28.8537559509277,-17.8612041473389,"Unknown"
"5020567",378626,2026-05-02 11:31:03,28.8538703918457,-17.8612670898438,"Unknown"
"5020567",378626,2026-05-02 11:32:04,28.8539752960205,-17.8613052368164,"Unknown"
"5020567",378626,2026-05-02 11:33:03,28.8540687561035,-17.8613834381104,"Unknown"
"5020567",378626,2026-05-02 11:34:03,28.8580989837646,-17.8605098724365,"Unknown"
"5020567",378626,2026-05-02 11:35:05,28.8580646514893,-17.8605213165283,"Unknown"
"5020567",378626,2026-05-02 11:36:03,28.8580627441406,-17.8605804443359,"Unknown"
"5020567",378626,2026-05-02 11:37:03,28.8580932617188,-17.8606357574463,"Unknown"
"5020567",378626,2026-05-02 11:38:03,28.8581295013428,-17.8606433868408,"Unknown"
"5020567",378626,2026-05-02 11:39:03,28.8581676483154,-17.860803604126,"Unknown"
"5020567",378626,2026-05-02 11:40:04,28.8601722717285,-17.8573093414307,"Unknown"
"5020567",378626,2026-05-02 11:41:04,28.861478805542,-17.857421875,"Unknown"
"5020567",378626,2026-05-02 11:42:04,28.8615894317627,-17.857479095459,"Unknown"
"5020567",378626,2026-05-02 11:43:04,28.8615837097168,-17.8575077056885,"Unknown"
"5020567",378626,2026-05-02 11:44:03,28.8615875244141,-17.8574314117432,"Unknown"
"5020567",378626,2026-05-02 11:45:03,28.8616237640381,-17.857421875,"Unknown"
"5020567",378626,2026-05-02 11:46:03,28.8616180419922,-17.8574104309082,"Unknown"
"5020567",378626,2026-05-02 11:47:05,28.8615608215332,-17.8574180603027,"Unknown"
"5020567",378626,2026-05-02 11:48:03,28.8615550994873,-17.8574352264404,"Unknown"
"5020567",378626,2026-05-02 11:49:03,28.86159324646,-17.8574848175049,"Unknown"
"5020567",378626,2026-05-02 11:50:03,28.8616275787354,-17.8575134277344,"Unknown"
"5020567",378626,2026-05-02 11:51:04,28.8615665435791,-17.8575305938721,"Unknown"
"5020567",378626,2026-05-02 11:52:05,28.8615779876709,-17.8575878143311,"Unknown"
"5020567",378626,2026-05-02 11:53:05,28.8615264892578,-17.8575859069824,"Unknown"
"5020567",378626,2026-05-02 11:54:03,28.8614730834961,-17.8575649261475,"Unknown"
"5020567",378626,2026-05-02 11:55:03,28.8614883422852,-17.8576183319092,"Unknown"
"5020567",378626,2026-05-02 11:56:03,28.8614902496338,-17.8576755523682,"Unknown"
"5020567",378626,2026-05-02 11:57:04,28.8615207672119,-17.8577423095703,"Unknown"
"5020567",378626,2026-05-02 11:58:03,28.8615055084229,-17.8577995300293,"Unknown"
"5020567",378626,2026-05-02 11:59:03,28.861478805542,-17.8579425811768,"Unknown"
"5020567",378626,2026-05-02 12:00:03,28.8614559173584,-17.8580455780029,"Unknown"
"5020567",378626,2026-05-02 12:01:02,28.8614177703857,-17.8581733703613,"Unknown"
"5020567",378626,2026-05-02 12:02:03,28.8614330291748,-17.8583106994629,"Unknown"
"5020567",378626,2026-05-02 12:03:03,28.8613128662109,-17.8583717346191,"Unknown"
"5020567",378626,2026-05-02 12:04:03,28.8612651824951,-17.8584766387939,"Unknown"
"5020567",378626,2026-05-02 12:05:03,28.8612155914307,-17.8585777282715,"Unknown"
"5020567",378626,2026-05-02 12:06:04,28.8611602783203,-17.8586769104004,"Unknown"
"5020567",378626,2026-05-02 12:07:05,28.8611145019531,-17.8587856292725,"Unknown"
"5020567",378626,2026-05-02 12:08:03,28.8611030578613,-17.8588905334473,"Unknown"
"5020567",378626,2026-05-02 12:09:03,28.8610858917236,-17.8589744567871,"Unknown"
"5020567",378626,2026-05-02 12:10:05,28.8610229492188,-17.8590641021729,"Unknown"
"5020567",378626,2026-05-02 12:11:04,28.8609638214111,-17.8591442108154,"Unknown"
"5020567",378626,2026-05-02 12:12:05,28.8609161376953,-17.8592319488525,"Unknown"
"5020567",378626,2026-05-02 12:13:04,28.8609066009521,-17.8593349456787,"Unknown"
"5020567",378626,2026-05-02 12:14:04,28.8609848022461,-17.8594341278076,"Unknown"
"5020567",378626,2026-05-02 12:15:08,28.8610286712646,-17.8594837188721,"Unknown"
"5020567",378626,2026-05-02 12:16:05,28.861083984375,-17.8595600128174,"Unknown"
"5020567",378626,2026-05-02 12:17:04,28.8611927032471,-17.859655380249,"Unknown"
"5020567",378626,2026-05-02 12:18:03,28.8612804412842,-17.8597564697266,"Unknown"
"5020567",378626,2026-05-02 12:19:03,28.8612937927246,-17.8598365783691,"Unknown"
"5020567",378626,2026-05-02 12:20:03,28.8612289428711,-17.8599090576172,"Unknown"
"5020567",378626,2026-05-02 12:21:04,28.8613033294678,-17.8600063323975,"Unknown"
"5020567",378626,2026-05-02 12:22:05,28.8613185882568,-17.8600902557373,"Unknown"
"5020567",378626,2026-05-02 12:23:03,28.8613586425781,-17.8601779937744,"Unknown"
"5020567",378626,2026-05-02 12:24:03,28.861421585083,-17.8601837158203,"Unknown"
"5020567",378626,2026-05-02 12:25:03,28.8615093231201,-17.8601512908936,"Unknown"
"5020567",378626,2026-05-02 12:26:03,28.86159324646,-17.8601207733154,"Unknown"
"5020567",378626,2026-05-02 12:27:03,28.8616733551025,-17.8601303100586,"Unknown"
"5020567",378626,2026-05-02 12:28:04,28.8617477416992,-17.8601188659668,"Unknown"
"5020567",378626,2026-05-02 12:29:03,28.8617858886719,-17.8601684570312,"Unknown"
"5020567",378626,2026-05-02 12:30:05,28.8618564605713,-17.8601589202881,"Unknown"
"5020567",378626,2026-05-02 12:31:03,28.8618793487549,-17.8601684570312,"Unknown"
"5020567",378626,2026-05-02 12:32:06,28.8619213104248,-17.8601837158203,"Unknown"
"5020567",378626,2026-05-02 12:33:03,28.8619823455811,-17.8602600097656,"Unknown"
"5020567",378626,2026-05-02 12:34:02,28.8619842529297,-17.8603477478027,"Unknown"
"5020567",378626,2026-05-02 12:35:03,28.8619422912598,-17.8603935241699,"Unknown"
"5020567",378626,2026-05-02 12:36:11,28.8619556427002,-17.8604717254639,"Unknown"
"5020567",378626,2026-05-02 12:37:03,28.8619766235352,-17.8605480194092,"Unknown"
"5020567",378626,2026-05-02 12:38:04,28.8620223999023,-17.8606204986572,"Unknown"
"5020567",378626,2026-05-02 12:39:02,28.8619976043701,-17.8607177734375,"Unknown"
"5020567",378626,2026-05-02 12:44:03,28.8620891571045,-17.8610305786133,"Unknown"
"5020567",378626,2026-05-02 12:45:03,28.862117767334,-17.8609867095947,"Unknown"
"5020567",378626,2026-05-02 12:50:07,28.8621368408203,-17.8611717224121,"Unknown"
"5020567",378626,2026-05-02 12:55:02,28.8621673583984,-17.86159324646,"Unknown"
"5020567",378626,2026-05-02 13:00:33,28.8622035980225,-17.8620433807373,"Unknown"
"5020567",378626,2026-05-02 13:05:02,28.8625373840332,-17.8623142242432,"Unknown"
"5020567",378626,2026-05-02 13:10:02,28.8625717163086,-17.8627414703369,"Unknown"
"5020567",378626,2026-05-02 13:15:02,28.8626117706299,-17.8631172180176,"Unknown"
"5020567",378626,2026-05-02 13:20:02,28.8627414703369,-17.8635139465332,"Unknown"
"5020567",378626,2026-05-02 13:25:03,28.8629360198975,-17.863956451416,"Unknown"
"5020567",378626,2026-05-02 13:30:05,28.8630714416504,-17.8644409179688,"Unknown"
"5020567",378626,2026-05-02 13:35:03,28.8631992340088,-17.8648853302002,"Unknown"
"5020567",378626,2026-05-02 13:40:05,28.8603401184082,-17.8625869750977,"Unknown"
"5020567",378626,2026-05-02 13:45:02,28.8606147766113,-17.8628520965576,"Unknown"
"5020567",378626,2026-05-02 13:46:05,28.8606548309326,-17.862886428833,"Unknown"
"5020567",378626,2026-05-02 13:47:08,28.860710144043,-17.8629856109619,"Unknown"
"5020567",378626,2026-05-02 13:48:07,28.8607921600342,-17.8630847930908,"Unknown"
"5020567",378626,2026-05-02 13:49:05,28.8608703613281,-17.8632278442383,"Unknown"
"5020567",378626,2026-05-02 13:50:07,28.8609409332275,-17.8633155822754,"Unknown"
"5020567",378626,2026-05-02 13:51:04,28.8610134124756,-17.8633937835693,"Unknown"
"5020567",378626,2026-05-02 13:52:06,28.8610687255859,-17.8634853363037,"Unknown"
"5020567",378626,2026-05-02 13:53:06,28.8610858917236,-17.863525390625,"Unknown"
"5020567",378626,2026-05-02 13:54:05,28.8611278533936,-17.8636474609375,"Unknown"
"5020567",378626,2026-05-02 13:55:06,28.8611888885498,-17.8637390136719,"Unknown"
"5020567",378626,2026-05-02 13:56:06,28.8612384796143,-17.8638496398926,"Unknown"
"5020567",378626,2026-05-02 13:57:05,28.8613014221191,-17.86399269104,"Unknown"
"5020567",378626,2026-05-02 13:58:04,28.8613700866699,-17.8640727996826,"Unknown"
"5020567",378626,2026-05-02 13:59:05,28.861400604248,-17.8641090393066,"Unknown"
"5020567",378626,2026-05-02 14:00:05,28.861457824707,-17.864236831665,"Unknown"
"5020567",378626,2026-05-02 14:01:12,28.8615226745605,-17.8643436431885,"Unknown"
"5020567",378626,2026-05-02 14:02:08,28.8615913391113,-17.8644771575928,"Unknown"
"5020567",378626,2026-05-02 14:03:06,28.861644744873,-17.8645610809326,"Unknown"
"5020567",378626,2026-05-02 14:04:10,28.8616847991943,-17.8646469116211,"Unknown"
"5020567",378626,2026-05-02 14:05:07,28.8617057800293,-17.8648166656494,"Unknown"
"5020567",378626,2026-05-02 14:06:10,28.8617572784424,-17.8649387359619,"Unknown"
"5020567",378626,2026-05-02 14:07:06,28.8618049621582,-17.8650360107422,"Unknown"
"5020567",378626,2026-05-02 14:08:05,28.8618717193604,-17.8651371002197,"Unknown"
"5020567",378626,2026-05-02 14:09:05,28.8619251251221,-17.8651943206787,"Unknown"
"5020567",378626,2026-05-02 14:10:07,28.8619823455811,-17.865306854248,"Unknown"
"5020567",378626,2026-05-02 14:11:41,28.8620624542236,-17.8654270172119,"Unknown"
"5020567",378626,2026-05-02 14:12:05,28.8620853424072,-17.8654537200928,"Unknown"
"5020567",378626,2026-05-02 14:17:05,28.8623352050781,-17.8659820556641,"Unknown"
"5020567",378626,2026-05-02 14:22:05,28.8626594543457,-17.8664379119873,"Unknown"
"5020567",378626,2026-05-02 14:27:33,28.863000869751,-17.8670387268066,"Unknown"
"5020567",378626,2026-05-02 14:32:03,28.8634338378906,-17.8677158355713,"Unknown"
"5020567",378626,2026-05-02 14:37:02,28.8653182983398,-17.868709564209,"Unknown"
"5020567",378626,2026-05-02 14:42:03,28.8654842376709,-17.8694381713867,"Unknown"
"5020567",378626,2026-05-02 14:47:02,28.8666114807129,-17.867525100708,"Unknown"
"5020567",378626,2026-05-02 14:52:02,28.8657112121582,-17.8751659393311,"Unknown"
"5020567",378626,2026-05-02 14:57:02,28.864330291748,-17.8748264312744,"Unknown"
"5020567",378626,2026-05-02 15:02:02,28.8642520904541,-17.8752059936523,"Unknown"
"5020567",378626,2026-05-02 15:07:02,28.8640689849854,-17.8756370544434,"Unknown"
"5020567",378626,2026-05-02 15:12:02,28.8637924194336,-17.8760833740234,"Unknown"
"5020567",378626,2026-05-02 15:17:02,28.8487510681152,-17.8716354370117,"Unknown"
"5020567",378626,2026-05-02 15:22:02,28.8472995758057,-17.8474903106689,"Unknown"
"5020567",378626,2026-05-02 15:23:02,28.8451728820801,-17.8428058624268,"Unknown"
"5020567",378626,2026-05-02 15:24:02,28.8473320007324,-17.8398952484131,"Unknown"
"5020567",378626,2026-05-02 15:25:03,28.8492774963379,-17.8355236053467,"Unknown"
"5020567",378626,2026-05-02 15:26:03,28.8509292602539,-17.8307113647461,"Unknown"
"5020567",378626,2026-05-02 15:27:03,28.8527793884277,-17.8263092041016,"Unknown"
"5020567",378626,2026-05-02 15:28:04,28.8570137023926,-17.8238296508789,"Unknown"
"5020567",378626,2026-05-02 15:29:03,28.8603591918945,-17.8205108642578,"Unknown"
"5020567",378626,2026-05-02 15:30:03,28.8650131225586,-17.8181991577148,"Unknown"
"5020567",378626,2026-05-02 15:31:03,28.869535446167,-17.8161697387695,"Unknown"
"5020567",378626,2026-05-02 15:36:03,28.8902206420898,-17.8059387207031,"Unknown"
"5020567",378626,2026-05-02 15:41:03,28.8982048034668,-17.7912216186523,"Unknown"
"5020567",378626,2026-05-02 15:46:03,28.8984642028809,-17.7902126312256,"Unknown"
"5020567",378626,2026-05-02 15:51:06,28.9055805206299,-17.7797508239746,"Unknown"
"5020567",378626,2026-05-02 15:56:03,28.906909942627,-17.7741107940674,"Unknown"
"5020567",378626,2026-05-02 16:01:04,28.9047870635986,-17.7844390869141,"Unknown"
"5020567",378626,2026-05-02 16:06:07,28.9040031433105,-17.7849903106689,"Unknown"
"5020567",378626,2026-05-02 16:11:06,28.9045238494873,-17.7866611480713,"Unknown"
"5020567",378626,2026-05-02 16:16:04,28.9109764099121,-17.7731895446777,"Unknown"
"5020567",378626,2026-05-02 16:21:04,28.9218711853027,-17.7676734924316,"Unknown"
"5020567",378626,2026-05-02 16:26:03,28.9269905090332,-17.7634925842285,"Unknown"
"5020567",378626,2026-05-02 16:31:04,28.9307498931885,-17.7611808776855,"Unknown"
"5020567",378626,2026-05-02 16:36:06,28.9347057342529,-17.763484954834,"Unknown"
"5020567",378626,2026-05-02 16:41:07,28.9375629425049,-17.7638320922852,"Unknown"
"5020567",378626,2026-05-02 16:46:03,28.9401054382324,-17.7641220092773,"Unknown"
"5020567",378626,2026-05-02 16:51:05,28.9436492919922,-17.7644824981689,"Unknown"
"5020567",378626,2026-05-02 16:56:04,28.9439334869385,-17.773738861084,"Unknown"
"5020567",378626,2026-05-02 17:01:04,28.9399967193604,-17.7909851074219,"Unknown"
"5020567",378626,2026-05-02 17:06:06,28.9387168884277,-17.7884101867676,"Unknown"
"5020567",378626,2026-05-02 17:11:13,28.9338073730469,-17.7868595123291,"Unknown"
"5020567",378626,2026-05-02 17:16:07,28.9315338134766,-17.7802829742432,"Unknown"
"5020567",378626,2026-05-02 17:21:08,28.9272003173828,-17.7807216644287,"Unknown"
"5020567",378626,2026-05-02 17:26:57,28.9268379211426,-17.7775840759277,"Unknown"
"5020567",378626,2026-05-02 17:31:05,28.9235992431641,-17.7715873718262,"Unknown"
"5020567",378626,2026-05-02 17:36:08,28.9186248779297,-17.7723178863525,"Unknown"
"5020567",378626,2026-05-02 17:41:05,28.9139366149902,-17.7769336700439,"Unknown"
"5020567",378626,2026-05-02 17:46:08,28.9170417785645,-17.7818279266357,"Unknown"
"5020567",378626,2026-05-02 17:51:05,28.9147815704346,-17.7839851379395,"Unknown"
"5020567",378626,2026-05-02 17:56:06,28.9172191619873,-17.7904071807861,"Unknown"
"5020567",378626,2026-05-02 18:01:32,28.9176769256592,-17.7982635498047,"Unknown"
"5020567",378626,2026-05-02 18:06:06,28.9152355194092,-17.8013362884521,"Unknown"
"5020567",378626,2026-05-02 18:11:04,28.9161643981934,-17.8010158538818,"Unknown"
"5020567",378626,2026-05-02 18:16:05,28.9035243988037,-17.7866039276123,"Unknown"
"5020567",378626,2026-05-02 18:21:04,28.8817081451416,-17.7656326293945,"Unknown"
"5020567",378626,2026-05-02 18:26:04,28.8693161010742,-17.7432823181152,"Unknown"
"5020567",378626,2026-05-02 18:31:04,28.8710613250732,-17.7187957763672,"Unknown"
"5020567",378626,2026-05-02 18:36:06,28.8452758789062,-17.7139091491699,"Unknown"
"5020567",378626,2026-05-02 18:41:06,28.8154850006104,-17.7106094360352,"Unknown"
"5020567",378626,2026-05-02 18:46:05,28.8142147064209,-17.724271774292,"Unknown"
"5020567",378626,2026-05-02 18:51:06,28.814151763916,-17.7238998413086,"Unknown"
"5020567",378626,2026-05-02 18:56:03,28.8012237548828,-17.7429141998291,"Unknown"
"5020567",378626,2026-05-02 19:01:04,28.7976493835449,-17.7471485137939,"Unknown"
"5020567",378626,2026-05-02 19:02:04,28.7976493835449,-17.747142791748,"Unknown"
"5020567",378626,2026-05-02 19:03:04,28.7975807189941,-17.7471351623535,"Unknown"
"5020567",378626,2026-05-02 19:04:04,28.7975120544434,-17.747127532959,"Unknown"
"5020567",378626,2026-05-02 19:05:06,28.7974872589111,-17.7471122741699,"Unknown"
"5020567",378626,2026-05-02 19:06:04,28.7974109649658,-17.7470760345459,"Unknown"
"5020567",378626,2026-05-02 19:07:04,28.7973804473877,-17.7470817565918,"Unknown"
"5020567",378626,2026-05-02 19:08:06,28.797306060791,-17.7470741271973,"Unknown"
"5020567",378626,2026-05-02 19:09:04,28.7972927093506,-17.7470226287842,"Unknown"
"5020567",378626,2026-05-02 19:10:03,28.7972221374512,-17.7470436096191,"Unknown"
"5020567",378626,2026-05-02 19:11:04,28.7971515655518,-17.7469921112061,"Unknown"
"5020567",378626,2026-05-02 19:12:04,28.79709815979,-17.7470016479492,"Unknown"
"5020567",378626,2026-05-02 19:13:03,28.7970561981201,-17.7470569610596,"Unknown"
"5020567",378626,2026-05-02 19:14:03,28.7970123291016,-17.7470111846924,"Unknown"
"5020567",378626,2026-05-02 19:15:03,28.7954025268555,-17.7434520721436,"Unknown"
"5020567",378626,2026-05-02 19:16:06,28.7924652099609,-17.7391357421875,"Unknown"
"5020567",378626,2026-05-02 19:17:06,28.7916278839111,-17.7377872467041,"Unknown"
"5020567",378626,2026-05-02 19:18:05,28.7917022705078,-17.737735748291,"Unknown"
"5020567",378626,2026-05-02 19:19:07,28.791748046875,-17.7376289367676,"Unknown"
"5020567",378626,2026-05-02 19:20:04,28.7918300628662,-17.7376880645752,"Unknown"
"5020567",378626,2026-05-02 19:21:06,28.7919063568115,-17.7376499176025,"Unknown"
"5020567",378626,2026-05-02 19:22:03,28.7919578552246,-17.7376041412354,"Unknown"
"5020567",378626,2026-05-02 19:23:06,28.7920265197754,-17.7375659942627,"Unknown"
"5020567",378626,2026-05-02 19:24:06,28.792085647583,-17.7376022338867,"Unknown"
"5020567",378626,2026-05-02 19:25:06,28.7921390533447,-17.73752784729,"Unknown"
"5020567",378626,2026-05-02 19:26:06,28.7921810150146,-17.7375068664551,"Unknown"
"5020567",378626,2026-05-02 19:27:06,28.7923107147217,-17.7374992370605,"Unknown"
"5020567",378626,2026-05-02 19:28:06,28.7923316955566,-17.7375049591064,"Unknown"
"5020567",378626,2026-05-02 19:29:05,28.7923889160156,-17.7374210357666,"Unknown"
"5020567",378626,2026-05-02 19:30:05,28.7884311676025,-17.7384433746338,"Unknown"
"5020567",378626,2026-05-02 19:31:04,28.788402557373,-17.7384777069092,"Unknown"
"5020567",378626,2026-05-02 19:32:06,28.7884101867676,-17.7384662628174,"Unknown"
"5020567",378626,2026-05-02 19:33:06,28.7884254455566,-17.7385082244873,"Unknown"
"5020567",378626,2026-05-02 19:34:07,28.7884368896484,-17.7385120391846,"Unknown"
"5020567",378626,2026-05-02 19:35:05,28.7878475189209,-17.7409782409668,"Unknown"
"5020567",378626,2026-05-02 19:36:03,28.7827911376953,-17.738151550293,"Unknown"
"5020567",378626,2026-05-02 19:37:06,28.782657623291,-17.7374649047852,"Unknown"
"5020567",378626,2026-05-02 19:38:07,28.7805728912354,-17.7365283966064,"Unknown"
"5020567",378626,2026-05-02 19:39:03,28.7796077728271,-17.7354354858398,"Unknown"
"5020567",378626,2026-05-02 19:40:06,28.7798156738281,-17.7348537445068,"Unknown"
"5020567",378626,2026-05-02 19:41:04,28.7743434906006,-17.7333793640137,"Unknown"
"5020567",378626,2026-05-02 19:42:06,28.7709121704102,-17.7286758422852,"Unknown"
"5020567",378626,2026-05-02 19:43:05,28.7663764953613,-17.7243576049805,"Unknown"
"5020567",378626,2026-05-02 19:44:06,28.7629127502441,-17.7213554382324,"Unknown"
"5020567",378626,2026-05-02 19:49:06,28.7630023956299,-17.7215557098389,"Unknown"
"5020567",378626,2026-05-02 19:54:04,28.7631416320801,-17.7216148376465,"Unknown"
"5020567",378626,2026-05-02 19:59:05,28.763277053833,-17.721658706665,"Unknown"
"5020567",378626,2026-05-02 20:04:33,28.7633266448975,-17.7217292785645,"Unknown"
"5020567",378626,2026-05-02 20:09:03,28.7633628845215,-17.7220039367676,"Unknown"
"5020567",378626,2026-05-02 20:14:04,28.7634010314941,-17.7222576141357,"Unknown"
"5020567",378626,2026-05-02 20:19:03,28.7639923095703,-17.72243309021,"Unknown"
"5020567",378626,2026-05-02 20:24:04,28.763858795166,-17.7228622436523,"Unknown"
"5020567",378626,2026-05-02 20:29:03,28.7639675140381,-17.7230224609375,"Unknown"
"5020567",378626,2026-05-02 20:34:04,28.7641983032227,-17.7229385375977,"Unknown"
"5020567",378626,2026-05-02 20:39:04,28.7645378112793,-17.7228832244873,"Unknown"
"5020567",378626,2026-05-02 20:44:04,28.7648983001709,-17.7229404449463,"Unknown"
"5020567",378626,2026-05-02 20:49:04,28.7652492523193,-17.7228717803955,"Unknown"
"5020567",378626,2026-05-02 20:54:03,28.7654914855957,-17.7229862213135,"Unknown"
"5020567",378626,2026-05-02 20:59:04,28.7656288146973,-17.723072052002,"Unknown"
"5020567",378626,2026-05-02 21:04:04,28.7657833099365,-17.7230968475342,"Unknown"
"5020567",378626,2026-05-02 21:09:06,28.765926361084,-17.7231140136719,"Unknown"
"5020567",378626,2026-05-02 21:14:04,28.765962600708,-17.7232055664062,"Unknown"
"5020567",378626,2026-05-02 21:19:04,28.7549896240234,-17.7271842956543,"Unknown"
"5020567",378626,2026-05-02 21:24:03,28.7244606018066,-17.7219886779785,"Unknown"
"5020567",378626,2026-05-02 21:25:04,28.7177867889404,-17.7252674102783,"Unknown"
"5020567",378626,2026-05-02 21:30:04,28.7007179260254,-17.7407913208008,"Unknown"
"5020567",378626,2026-05-02 21:31:04,28.699405670166,-17.7415065765381,"Unknown"
"5020567",378626,2026-05-02 21:32:04,28.6993637084961,-17.7422046661377,"Unknown"
"5020567",378626,2026-05-02 21:33:04,28.6981868743896,-17.7426166534424,"Unknown"
"5020567",378626,2026-05-02 21:34:19,28.6985130310059,-17.7459411621094,"Unknown"
"5020567",378626,2026-05-02 21:35:09,28.6968879699707,-17.7447147369385,"Unknown"
"5020567",378626,2026-05-02 21:36:03,28.6996688842773,-17.7479629516602,"Unknown"
"5020567",378626,2026-05-02 21:37:19,28.7025680541992,-17.7502479553223,"Unknown"
"5020567",378626,2026-05-02 21:38:21,28.7025279998779,-17.7512550354004,"Unknown"
"5020567",378626,2026-05-02 21:39:04,28.7055282592773,-17.7523708343506,"Unknown"
"5020567",378626,2026-05-02 21:40:03,28.7082824707031,-17.7515277862549,"Unknown"
"5020567",378626,2026-05-02 21:41:06,28.7135562896729,-17.754903793335,"Unknown"
"5020567",378626,2026-05-02 21:42:06,28.7192039489746,-17.7594985961914,"Unknown"
"5020567",378626,2026-05-02 21:43:06,28.7199039459229,-17.7642879486084,"Unknown"
"5020567",378626,2026-05-02 21:44:07,28.7199821472168,-17.7636375427246,"Unknown"
"5020567",378626,2026-05-03 05:10:41,28.7028656005859,-17.7372093200684,"Unknown"
"5020567",378626,2026-05-03 05:30:05,28.7024803161621,-17.7359962463379,"Unknown"
"5020567",378626,2026-05-03 05:50:03,28.7255535125732,-17.7063846588135,"Unknown"
"5020567",378626,2026-05-03 06:10:08,28.7662925720215,-17.7072906494141,"Unknown"
"5020567",378626,2026-05-03 07:10:05,28.7802619934082,-17.7351474761963,"Unknown"
"5020567",378626,2026-05-03 08:10:32,28.7683620452881,-17.7256278991699,"Unknown"
"5020567",378626,2026-05-03 08:30:04,28.7630157470703,-17.7354774475098,"Unknown"
"5020567",378626,2026-05-03 08:50:04,28.7628726959229,-17.7252445220947,"Unknown"
"5020567",378626,2026-05-03 09:10:04,28.7615280151367,-17.7249145507812,"Unknown"
"5020567",378626,2026-05-03 09:30:06,28.7612686157227,-17.7240867614746,"Unknown"
"5020567",378626,2026-05-03 10:31:05,28.7531566619873,-17.7257995605469,"Unknown"
"5020567",378626,2026-05-03 10:41:27,28.7452125549316,-17.7221050262451,"Unknown"
"5020567",378626,2026-05-03 10:50:08,28.7442665100098,-17.7158508300781,"Unknown"
"5020567",378626,2026-05-03 11:00:06,28.7415924072266,-17.7119121551514,"Unknown"
"5020567",378626,2026-05-03 11:10:07,28.7423191070557,-17.7130298614502,"Unknown"
"5020567",378626,2026-05-03 11:20:05,28.7429695129395,-17.7140464782715,"Unknown"
"5020567",378626,2026-05-03 11:30:04,28.7435836791992,-17.7148265838623,"Unknown"
"5020567",378626,2026-05-03 11:35:07,28.7440013885498,-17.7153186798096,"Unknown"
"5020567",378626,2026-05-03 11:45:08,28.7420864105225,-17.716064453125,"Unknown"
"5020567",378626,2026-05-03 11:50:07,28.7422122955322,-17.71630859375,"Unknown"
"5020567",378626,2026-05-03 11:55:07,28.7425098419189,-17.7167549133301,"Unknown"
"5020567",378626,2026-05-03 12:00:41,28.7384738922119,-17.7183971405029,"Unknown"
"5020567",378626,2026-05-03 12:05:03,28.7419967651367,-17.7193088531494,"Unknown"
"5020567",378626,2026-05-03 12:10:04,28.7562675476074,-17.7295932769775,"Unknown"
"5020567",378626,2026-05-03 12:15:04,28.7725696563721,-17.7365970611572,"Unknown"
"5020567",378626,2026-05-03 12:16:04,28.7727680206299,-17.7367172241211,"Unknown"
"5020567",378626,2026-05-03 12:17:06,28.7729606628418,-17.7368297576904,"Unknown"
"5020567",378626,2026-05-03 12:18:06,28.7731647491455,-17.736873626709,"Unknown"
"5020567",378626,2026-05-03 12:19:06,28.7733688354492,-17.7369537353516,"Unknown"
"5020567",378626,2026-05-03 12:20:07,28.7735538482666,-17.7370662689209,"Unknown"
"5020567",378626,2026-05-03 12:21:08,28.7737369537354,-17.737174987793,"Unknown"
"5020567",378626,2026-05-03 12:22:07,28.7739315032959,-17.7372913360596,"Unknown"
"5020567",378626,2026-05-03 12:23:06,28.7781581878662,-17.7345600128174,"Unknown"
"5020567",378626,2026-05-03 12:24:03,28.7801361083984,-17.7321014404297,"Unknown"
"5020567",378626,2026-05-03 12:25:03,28.779182434082,-17.7328414916992,"Unknown"
"5020567",378626,2026-05-03 12:26:06,28.7793197631836,-17.7330055236816,"Unknown"
"5020567",378626,2026-05-03 12:27:04,28.7794208526611,-17.7331256866455,"Unknown"
"5020567",378626,2026-05-03 12:28:03,28.77956199646,-17.7332439422607,"Unknown"
"5020567",378626,2026-05-03 12:29:03,28.7797088623047,-17.7333469390869,"Unknown"
"5020567",378626,2026-05-03 12:30:07,28.7798767089844,-17.733455657959,"Unknown"
"5020567",378626,2026-05-03 12:31:04,28.7799892425537,-17.7335739135742,"Unknown"
"5020567",378626,2026-05-03 12:32:05,28.7801399230957,-17.7337532043457,"Unknown"
"5020567",378626,2026-05-03 12:33:05,28.7802639007568,-17.7339153289795,"Unknown"
"5020567",378626,2026-05-03 12:34:06,28.7804298400879,-17.7340869903564,"Unknown"
"5020567",378626,2026-05-03 12:35:05,28.7805881500244,-17.7342510223389,"Unknown"
"5020567",378626,2026-05-03 12:36:06,28.7807102203369,-17.7344226837158,"Unknown"
"5020567",378626,2026-05-03 12:37:05,28.7808513641357,-17.7346076965332,"Unknown"
"5020567",378626,2026-05-03 12:38:04,28.7809791564941,-17.7347660064697,"Unknown"
"5020567",378626,2026-05-03 12:39:06,28.781120300293,-17.7349720001221,"Unknown"
"5020567",378626,2026-05-03 12:40:04,28.7812805175781,-17.7351303100586,"Unknown"
"5020567",378626,2026-05-03 12:41:06,28.7814254760742,-17.7353134155273,"Unknown"
"5020567",378626,2026-05-03 12:42:04,28.7815399169922,-17.7354755401611,"Unknown"
"5020567",378626,2026-05-03 12:43:03,28.7817192077637,-17.7356510162354,"Unknown"
"5020567",378626,2026-05-03 12:44:04,28.7818641662598,-17.735818862915,"Unknown"
"5020567",378626,2026-05-03 12:45:06,28.7820091247559,-17.735990524292,"Unknown"
"5020567",378626,2026-05-03 12:46:05,28.7821598052979,-17.736156463623,"Unknown"
"5020567",378626,2026-05-03 12:47:06,28.7823257446289,-17.7363338470459,"Unknown"
"5020567",378626,2026-05-03 12:48:04,28.7824363708496,-17.7364749908447,"Unknown"
"5020567",378626,2026-05-03 12:49:05,28.7826194763184,-17.7366580963135,"Unknown"
"5020567",378626,2026-05-03 12:50:06,28.7828197479248,-17.7368412017822,"Unknown"
"5020567",378626,2026-05-03 12:51:06,28.7829208374023,-17.7369689941406,"Unknown"
"5020567",378626,2026-05-03 12:52:05,28.7830276489258,-17.7370948791504,"Unknown"
"5020567",378626,2026-05-03 12:53:06,28.7831115722656,-17.7372531890869,"Unknown"
"5020567",378626,2026-05-03 12:54:03,28.7832164764404,-17.7374286651611,"Unknown"
"5020567",378626,2026-05-03 12:55:04,28.7833213806152,-17.7375259399414,"Unknown"
"5020567",378626,2026-05-03 12:56:04,28.7834548950195,-17.7376289367676,"Unknown"
"5020567",378626,2026-05-03 12:57:03,28.7835578918457,-17.7377586364746,"Unknown"
"5020567",378626,2026-05-03 12:58:04,28.7836742401123,-17.7378997802734,"Unknown"
"5020567",378626,2026-05-03 12:59:04,28.7837963104248,-17.738037109375,"Unknown"
"5020567",378626,2026-05-03 13:00:06,28.7839431762695,-17.7381973266602,"Unknown"
"5020567",378626,2026-05-03 13:01:05,28.7840595245361,-17.7384204864502,"Unknown"
"5020567",378626,2026-05-03 13:02:05,28.7841758728027,-17.7386646270752,"Unknown"
"5020567",378626,2026-05-03 13:03:04,28.7842998504639,-17.7388172149658,"Unknown"
"5020567",378626,2026-05-03 13:04:06,28.7843761444092,-17.7390384674072,"Unknown"
"5020567",378626,2026-05-03 13:05:06,28.7844333648682,-17.7392501831055,"Unknown"
"5020567",378626,2026-05-03 13:06:05,28.7844867706299,-17.739444732666,"Unknown"
"5020567",378626,2026-05-03 13:07:04,28.7845840454102,-17.7396373748779,"Unknown"
"5020567",378626,2026-05-03 13:08:05,28.7846984863281,-17.7397022247314,"Unknown"
"5020567",378626,2026-05-03 13:09:06,28.7848968505859,-17.739767074585,"Unknown"
"5020567",378626,2026-05-03 13:10:05,28.7850131988525,-17.7398548126221,"Unknown"
"5020567",378626,2026-05-03 13:11:03,28.7820377349854,-17.7403926849365,"Unknown"
"5020567",378626,2026-05-03 13:12:05,28.77952003479,-17.7382717132568,"Unknown"
"5020567",378626,2026-05-03 13:13:05,28.7796688079834,-17.738410949707,"Unknown"
"5020567",378626,2026-05-03 13:14:05,28.7795181274414,-17.7390594482422,"Unknown"
"5020567",378626,2026-05-03 13:15:08,28.7794361114502,-17.7399063110352,"Unknown"
"5020567",378626,2026-05-03 13:16:08,28.7795467376709,-17.7400493621826,"Unknown"
"5020567",378626,2026-05-03 13:17:06,28.7796649932861,-17.7402019500732,"Unknown"
"5020567",378626,2026-05-03 13:18:07,28.7797927856445,-17.7403964996338,"Unknown"
"5020567",378626,2026-05-03 13:19:06,28.7815742492676,-17.7403316497803,"Unknown"
"5020567",378626,2026-05-03 13:20:06,28.7817611694336,-17.7404232025146,"Unknown"
"5020567",378626,2026-05-03 13:21:09,28.7819061279297,-17.7405109405518,"Unknown"
"5020567",378626,2026-05-03 13:22:06,28.7820262908936,-17.7406272888184,"Unknown"
"5020567",378626,2026-05-03 13:23:05,28.7821750640869,-17.740795135498,"Unknown"
"5020567",378626,2026-05-03 13:24:07,28.7822685241699,-17.7409515380859,"Unknown"
"5020567",378626,2026-05-03 13:25:07,28.7823867797852,-17.7411022186279,"Unknown"
"5020567",378626,2026-05-03 13:26:08,28.7825050354004,-17.741268157959,"Unknown"
"5020567",378626,2026-05-03 13:27:07,28.7826232910156,-17.7413673400879,"Unknown"
"5020567",378626,2026-05-03 13:28:06,28.7826976776123,-17.74147605896,"Unknown"
"5020567",378626,2026-05-03 13:29:06,28.7828483581543,-17.7415637969971,"Unknown"
"5020567",378626,2026-05-03 13:30:07,28.78297996521,-17.7416820526123,"Unknown"
"5020567",378626,2026-05-03 13:31:07,28.7831802368164,-17.7417888641357,"Unknown"
"5020567",378626,2026-05-03 13:32:06,28.7833862304688,-17.7419471740723,"Unknown"
"5020567",378626,2026-05-03 13:33:06,28.7835350036621,-17.7421474456787,"Unknown"
"5020567",378626,2026-05-03 13:34:07,28.7836456298828,-17.7423248291016,"Unknown"
"5020567",378626,2026-05-03 13:35:06,28.783821105957,-17.742467880249,"Unknown"
"5020567",378626,2026-05-03 13:36:07,28.7839050292969,-17.7425689697266,"Unknown"
"5020567",378626,2026-05-03 13:37:08,28.7840175628662,-17.7427158355713,"Unknown"
"5020567",378626,2026-05-03 13:38:06,28.7841014862061,-17.7428741455078,"Unknown"
"5020567",378626,2026-05-03 13:39:08,28.7842636108398,-17.7430152893066,"Unknown"
"5020567",378626,2026-05-03 13:40:06,28.7844123840332,-17.7431545257568,"Unknown"
"5020567",378626,2026-05-03 13:41:06,28.7845706939697,-17.7432918548584,"Unknown"
"5020567",378626,2026-05-03 13:42:06,28.7847175598145,-17.7434387207031,"Unknown"
"5020567",378626,2026-05-03 13:43:07,28.7848815917969,-17.7435855865479,"Unknown"
"5020567",378626,2026-05-03 13:44:07,28.7850189208984,-17.743724822998,"Unknown"
"5020567",378626,2026-05-03 13:45:06,28.7851734161377,-17.7438297271729,"Unknown"
"5020567",378626,2026-05-03 13:46:07,28.7852916717529,-17.7439956665039,"Unknown"
"5020567",378626,2026-05-03 13:47:07,28.7854194641113,-17.7441291809082,"Unknown"
"5020567",378626,2026-05-03 13:48:07,28.7855491638184,-17.744291305542,"Unknown"
"5020567",378626,2026-05-03 13:49:07,28.7857074737549,-17.7444114685059,"Unknown"
"5020567",378626,2026-05-03 13:50:07,28.785795211792,-17.7445583343506,"Unknown"
"5020567",378626,2026-05-03 13:51:07,28.783971786499,-17.7433967590332,"Unknown"
"5020567",378626,2026-05-03 13:52:06,28.7816848754883,-17.7395324707031,"Unknown"
"5020567",378626,2026-05-03 13:53:04,28.7818450927734,-17.7396411895752,"Unknown"
"5020567",378626,2026-05-03 13:54:07,28.7819766998291,-17.7397537231445,"Unknown"
"5020567",378626,2026-05-03 13:55:05,28.782096862793,-17.7399005889893,"Unknown"
"5020567",378626,2026-05-03 13:56:08,28.7823963165283,-17.7401542663574,"Unknown"
"5020567",378626,2026-05-03 13:57:08,28.7825813293457,-17.7402400970459,"Unknown"
"5020567",378626,2026-05-03 13:58:07,28.782657623291,-17.7403297424316,"Unknown"
"5020567",378626,2026-05-03 13:59:07,28.7827606201172,-17.740421295166,"Unknown"
"5020567",378626,2026-05-03 14:00:07,28.7828750610352,-17.7405452728271,"Unknown"
"5020567",378626,2026-05-03 14:01:08,28.783016204834,-17.7406597137451,"Unknown"
"5020567",378626,2026-05-03 14:02:07,28.7831192016602,-17.7407875061035,"Unknown"
"5020567",378626,2026-05-03 14:03:06,28.7832431793213,-17.741003036499,"Unknown"
"5020567",378626,2026-05-03 14:04:05,28.7833766937256,-17.7411689758301,"Unknown"
"5020567",378626,2026-05-03 14:05:09,28.7834339141846,-17.7413539886475,"Unknown"
"5020567",378626,2026-05-03 14:06:07,28.7836036682129,-17.7414093017578,"Unknown"
"5020567",378626,2026-05-03 14:07:04,28.7837162017822,-17.7414932250977,"Unknown"
"5020567",378626,2026-05-03 14:08:04,28.7838191986084,-17.741584777832,"Unknown"
"5020567",378626,2026-05-03 14:09:08,28.7839527130127,-17.7416801452637,"Unknown"
"5020567",378626,2026-05-03 14:10:08,28.784065246582,-17.7418556213379,"Unknown"
"5020567",378626,2026-05-03 14:11:09,28.7841968536377,-17.7419815063477,"Unknown"
"5020567",378626,2026-05-03 14:12:07,28.784330368042,-17.7420749664307,"Unknown"
"5020567",378626,2026-05-03 14:13:08,28.7844791412354,-17.7421798706055,"Unknown"
"5020567",378626,2026-05-03 14:14:08,28.7846145629883,-17.7422981262207,"Unknown"
"5020567",378626,2026-05-03 14:15:08,28.7848491668701,-17.7424201965332,"Unknown"
"5020567",378626,2026-05-03 14:16:07,28.7848892211914,-17.7425403594971,"Unknown"
"5020567",378626,2026-05-03 14:17:07,28.7850360870361,-17.7426071166992,"Unknown"
"5020567",378626,2026-05-03 14:18:07,28.7852039337158,-17.7427196502686,"Unknown"
"5020567",378626,2026-05-03 14:19:09,28.785364151001,-17.7428226470947,"Unknown"
"5020567",378626,2026-05-03 14:20:08,28.7855110168457,-17.7429256439209,"Unknown"
"5020567",378626,2026-05-03 14:21:07,28.7856426239014,-17.7430171966553,"Unknown"
"5020567",378626,2026-05-03 14:22:05,28.78955078125,-17.744312286377,"Unknown"
"5020567",378626,2026-05-03 14:23:08,28.7903633117676,-17.7442035675049,"Unknown"
"5020567",378626,2026-05-03 14:24:08,28.7905406951904,-17.7443943023682,"Unknown"
"5020567",378626,2026-05-03 14:25:09,28.7899398803711,-17.7427291870117,"Unknown"
"5020567",378626,2026-05-03 14:26:07,28.7901172637939,-17.742805480957,"Unknown"
"5020567",378626,2026-05-03 14:27:07,28.7902946472168,-17.742956161499,"Unknown"
"5020567",378626,2026-05-03 14:28:09,28.7905178070068,-17.7431125640869,"Unknown"
"5020567",378626,2026-05-03 14:29:07,28.7907047271729,-17.7432441711426,"Unknown"
"5020567",378626,2026-05-03 14:30:09,28.7908363342285,-17.7434177398682,"Unknown"
"5020567",378626,2026-05-03 14:31:11,28.790943145752,-17.7436008453369,"Unknown"
"5020567",378626,2026-05-03 14:32:09,28.7910480499268,-17.7437305450439,"Unknown"
"5020567",378626,2026-05-03 14:33:14,28.7912425994873,-17.7438259124756,"Unknown"
"5020567",378626,2026-05-03 14:34:33,28.7915554046631,-17.7439708709717,"Unknown"
"5020567",378626,2026-05-03 14:35:05,28.7916736602783,-17.7440223693848,"Unknown"
"5020567",378626,2026-05-03 14:36:05,28.7918472290039,-17.7441120147705,"Unknown"
"5020567",378626,2026-05-03 14:37:05,28.7920970916748,-17.7441940307617,"Unknown"
"5020567",378626,2026-05-03 14:38:06,28.7923164367676,-17.7442932128906,"Unknown"
"5020567",378626,2026-05-03 14:39:06,28.7924919128418,-17.7444000244141,"Unknown"
"5020567",378626,2026-05-03 14:40:05,28.7927494049072,-17.7444820404053,"Unknown"
"5020567",378626,2026-05-03 14:41:05,28.7928028106689,-17.7445583343506,"Unknown"
"5020567",378626,2026-05-03 14:42:05,28.792932510376,-17.7446937561035,"Unknown"
"5020567",378626,2026-05-03 14:43:06,28.7931003570557,-17.7448501586914,"Unknown"
"5020567",378626,2026-05-03 14:44:06,28.7932434082031,-17.745002746582,"Unknown"
"5020567",378626,2026-05-03 14:45:06,28.7933921813965,-17.7451457977295,"Unknown"
"5020567",378626,2026-05-03 14:46:06,28.7935600280762,-17.7452907562256,"Unknown"
"5020567",378626,2026-05-03 14:47:08,28.793773651123,-17.7454032897949,"Unknown"
"5020567",378626,2026-05-03 14:48:05,28.7940139770508,-17.7454738616943,"Unknown"
"5020567",378626,2026-05-03 14:49:05,28.7941455841064,-17.7455635070801,"Unknown"
"5020567",378626,2026-05-03 14:50:06,28.7943305969238,-17.745641708374,"Unknown"
"5020567",378626,2026-05-03 14:51:06,28.7944984436035,-17.7457275390625,"Unknown"
"5020567",378626,2026-05-03 14:52:05,28.7946853637695,-17.7457447052002,"Unknown"
"5020567",378626,2026-05-03 14:53:06,28.7948875427246,-17.7458877563477,"Unknown"
"5020567",378626,2026-05-03 14:54:06,28.7951145172119,-17.7459564208984,"Unknown"
"5020567",378626,2026-05-03 14:55:06,28.7953968048096,-17.7460498809814,"Unknown"
"5020567",378626,2026-05-03 14:56:06,28.7956714630127,-17.74609375,"Unknown"
"5020567",378626,2026-05-03 14:57:06,28.7959423065186,-17.7461452484131,"Unknown"
"5020567",378626,2026-05-03 14:58:06,28.796215057373,-17.7461833953857,"Unknown"
"5020567",378626,2026-05-03 14:59:06,28.7964935302734,-17.7463512420654,"Unknown"
"5020567",378626,2026-05-03 15:00:06,28.7967796325684,-17.7465496063232,"Unknown"
"5020567",378626,2026-05-03 15:01:06,28.7970790863037,-17.7467193603516,"Unknown"
"5020567",378626,2026-05-03 15:02:06,28.797269821167,-17.7468719482422,"Unknown"
"5020567",378626,2026-05-03 15:03:06,28.7975082397461,-17.7470169067383,"Unknown"
"5020567",378626,2026-05-03 15:04:06,28.7977676391602,-17.7471370697021,"Unknown"
"5020567",378626,2026-05-03 15:05:06,28.7979583740234,-17.747257232666,"Unknown"
"5020567",378626,2026-05-03 15:06:06,28.798225402832,-17.7473735809326,"Unknown"
"5020567",378626,2026-05-03 15:07:06,28.7984714508057,-17.747465133667,"Unknown"
"5020567",378626,2026-05-03 15:08:06,28.79860496521,-17.7475414276123,"Unknown"
"5020567",378626,2026-05-03 15:09:05,28.7987785339355,-17.7476768493652,"Unknown"
"5020567",378626,2026-05-03 15:10:06,28.7989749908447,-17.7478218078613,"Unknown"
"5020567",378626,2026-05-03 15:11:06,28.7991695404053,-17.747974395752,"Unknown"
"5020567",378626,2026-05-03 15:12:07,28.7993545532227,-17.7481250762939,"Unknown"
"5020567",378626,2026-05-03 15:13:06,28.7995376586914,-17.7482738494873,"Unknown"
"5020567",378626,2026-05-03 15:14:06,28.7997665405273,-17.748405456543,"Unknown"
"5020567",378626,2026-05-03 15:15:06,28.799976348877,-17.7485370635986,"Unknown"
"5020567",378626,2026-05-03 15:16:06,28.8001842498779,-17.7486972808838,"Unknown"
"5020567",378626,2026-05-03 15:17:06,28.8045120239258,-17.7499904632568,"Unknown"
"5020567",378626,2026-05-03 15:18:06,28.8047618865967,-17.7500820159912,"Unknown"
"5020567",378626,2026-05-03 15:19:06,28.8049850463867,-17.7502250671387,"Unknown"
"5020567",378626,2026-05-03 15:20:06,28.8051509857178,-17.7503509521484,"Unknown"
"5020567",378626,2026-05-03 15:21:06,28.8053722381592,-17.7504692077637,"Unknown"
"5020567",378626,2026-05-03 15:22:06,28.8055305480957,-17.7504940032959,"Unknown"
"5020567",378626,2026-05-03 15:23:06,28.8057346343994,-17.7505741119385,"Unknown"
"5020567",378626,2026-05-03 15:24:05,28.8059234619141,-17.7506523132324,"Unknown"
"5020567",378626,2026-05-03 15:25:05,28.8060855865479,-17.7507305145264,"Unknown"
"5020567",378626,2026-05-03 15:26:06,28.8036346435547,-17.7502765655518,"Unknown"
"5020567",378626,2026-05-03 15:27:06,28.7993183135986,-17.7471332550049,"Unknown"
"5020567",378626,2026-05-03 15:28:06,28.7985572814941,-17.7460784912109,"Unknown"
"5020567",378626,2026-05-03 15:29:06,28.7987766265869,-17.7461700439453,"Unknown"
"5020567",378626,2026-05-03 15:30:06,28.7989654541016,-17.7463054656982,"Unknown"
"5020567",378626,2026-05-03 15:31:06,28.7991313934326,-17.7464408874512,"Unknown"
"5020567",378626,2026-05-03 15:32:06,28.7993392944336,-17.7465744018555,"Unknown"
"5020567",378626,2026-05-03 15:33:06,28.7995338439941,-17.746732711792,"Unknown"
"5020567",378626,2026-05-03 15:34:05,28.7997360229492,-17.7468910217285,"Unknown"
"5020567",378626,2026-05-03 15:35:05,28.7999744415283,-17.7470951080322,"Unknown"
"5020567",378626,2026-05-03 15:36:06,28.8002510070801,-17.7472534179688,"Unknown"
"5020567",378626,2026-05-03 15:37:06,28.8005256652832,-17.747386932373,"Unknown"
"5020567",378626,2026-05-03 15:38:06,28.8008155822754,-17.7474098205566,"Unknown"
"5020567",378626,2026-05-03 15:39:06,28.8011150360107,-17.7475032806396,"Unknown"
"5020567",378626,2026-05-03 15:40:07,28.8013725280762,-17.747522354126,"Unknown"
"5020567",378626,2026-05-03 15:41:08,28.8016090393066,-17.7475681304932,"Unknown"
"5020567",378626,2026-05-03 15:42:06,28.8018016815186,-17.7475433349609,"Unknown"
"5020567",378626,2026-05-03 15:43:07,28.8020839691162,-17.7475738525391,"Unknown"
"5020567",378626,2026-05-03 15:44:08,28.8023624420166,-17.7475624084473,"Unknown"
"5020567",378626,2026-05-03 15:45:06,28.802619934082,-17.7476196289062,"Unknown"
"5020567",378626,2026-05-03 15:46:06,28.8028736114502,-17.7477188110352,"Unknown"
"5020567",378626,2026-05-03 15:47:05,28.8030872344971,-17.7478466033936,"Unknown"
"5020567",378626,2026-05-03 15:48:07,28.8033313751221,-17.7479209899902,"Unknown"
"5020567",378626,2026-05-03 15:49:07,28.8035583496094,-17.7480068206787,"Unknown"
"5020567",378626,2026-05-03 15:50:06,28.8037052154541,-17.7480773925781,"Unknown"
"5020567",378626,2026-05-03 15:51:06,28.8038692474365,-17.7481822967529,"Unknown"
"5020567",378626,2026-05-03 15:52:06,28.8040161132812,-17.7482681274414,"Unknown"
"5020567",378626,2026-05-03 15:53:06,28.804162979126,-17.7483539581299,"Unknown"
"5020567",378626,2026-05-03 15:54:06,28.804292678833,-17.748420715332,"Unknown"
"5020567",378626,2026-05-03 15:55:06,28.804443359375,-17.7485160827637,"Unknown"
"5020567",378626,2026-05-03 15:56:06,28.8045444488525,-17.7486190795898,"Unknown"
"5020567",378626,2026-05-03 15:57:07,28.8046474456787,-17.7486839294434,"Unknown"
"5020567",378626,2026-05-03 15:58:06,28.804780960083,-17.748779296875,"Unknown"
"5020567",378626,2026-05-03 15:59:06,28.8049488067627,-17.7488689422607,"Unknown"
"5020567",378626,2026-05-03 16:00:08,28.8050746917725,-17.7489585876465,"Unknown"
"5020567",378626,2026-05-03 16:01:07,28.8052139282227,-17.7490234375,"Unknown"
"5020567",378626,2026-05-03 16:02:09,28.8053436279297,-17.749116897583,"Unknown"
"5020567",378626,2026-05-03 16:03:07,28.8054676055908,-17.749174118042,"Unknown"
"5020567",378626,2026-05-03 16:04:10,28.8056583404541,-17.7492370605469,"Unknown"
"5020567",378626,2026-05-03 16:05:07,28.8057632446289,-17.7492599487305,"Unknown"
"5020567",378626,2026-05-03 16:06:07,28.8059024810791,-17.7493324279785,"Unknown"
"5020567",378626,2026-05-03 16:07:08,28.8060398101807,-17.7493915557861,"Unknown"
"5020567",378626,2026-05-03 16:08:07,28.8061790466309,-17.7494812011719,"Unknown"
"5020567",378626,2026-05-03 16:09:07,28.8062934875488,-17.7495536804199,"Unknown"
"5020567",378626,2026-05-03 16:10:07,28.8064517974854,-17.7496299743652,"Unknown"
"5020567",378626,2026-05-03 16:11:07,28.8066024780273,-17.7497272491455,"Unknown"
"5020567",378626,2026-05-03 16:12:07,28.8067264556885,-17.7497825622559,"Unknown"
"5020567",378626,2026-05-03 16:13:07,28.8068675994873,-17.749870300293,"Unknown"
"5020567",378626,2026-05-03 16:14:07,28.8070220947266,-17.7499732971191,"Unknown"
"5020567",378626,2026-05-03 16:15:06,28.8071632385254,-17.7500514984131,"Unknown"
"5020567",378626,2026-05-03 16:16:07,28.8073139190674,-17.7501335144043,"Unknown"
"5020567",378626,2026-05-03 16:17:07,28.8074512481689,-17.7502193450928,"Unknown"
"5020567",378626,2026-05-03 16:18:09,28.8076477050781,-17.7503070831299,"Unknown"
"5020567",378626,2026-05-03 16:19:07,28.8077831268311,-17.7504081726074,"Unknown"
"5020567",378626,2026-05-03 16:20:08,28.8079719543457,-17.7505226135254,"Unknown"
"5020567",378626,2026-05-03 16:21:09,28.8081378936768,-17.7506351470947,"Unknown"
"5020567",378626,2026-05-03 16:22:08,28.8082675933838,-17.750732421875,"Unknown"
"5020567",378626,2026-05-03 16:23:09,28.8084449768066,-17.7508373260498,"Unknown"
"5020567",378626,2026-05-03 16:24:09,28.8086051940918,-17.7509460449219,"Unknown"
"5020567",378626,2026-05-03 16:25:08,28.8087768554688,-17.7510375976562,"Unknown"
"5020567",378626,2026-05-03 16:26:07,28.8089447021484,-17.7511711120605,"Unknown"
"5020567",378626,2026-05-03 16:27:09,28.8091659545898,-17.7513236999512,"Unknown"
"5020567",378626,2026-05-03 16:28:09,28.8093509674072,-17.7514495849609,"Unknown"
"5020567",378626,2026-05-03 16:29:07,28.8095054626465,-17.7515468597412,"Unknown"
"5020567",378626,2026-05-03 16:30:08,28.8097476959229,-17.7517013549805,"Unknown"
"5020567",378626,2026-05-03 16:31:08,28.8099536895752,-17.7518196105957,"Unknown"
"5020567",378626,2026-05-03 16:32:09,28.8101921081543,-17.7519721984863,"Unknown"
"5020567",378626,2026-05-03 16:33:09,28.8104476928711,-17.7521438598633,"Unknown"
"5020567",378626,2026-05-03 16:34:09,28.8106689453125,-17.7522869110107,"Unknown"
"5020567",378626,2026-05-03 16:35:09,28.810863494873,-17.752420425415,"Unknown"
"5020567",378626,2026-05-03 16:36:09,28.8109970092773,-17.7525405883789,"Unknown"
"5020567",378626,2026-05-03 16:37:09,28.8112888336182,-17.7526931762695,"Unknown"
"5020567",378626,2026-05-03 16:38:09,28.811559677124,-17.7528533935547,"Unknown"
"5020567",378626,2026-05-03 16:39:08,28.8117504119873,-17.7529792785645,"Unknown"
"5020567",378626,2026-05-03 16:40:06,28.8119163513184,-17.7530879974365,"Unknown"
"5020567",378626,2026-05-03 16:41:08,28.8121719360352,-17.7532386779785,"Unknown"
"5020567",378626,2026-05-03 16:42:07,28.8123722076416,-17.7533950805664,"Unknown"
"5020567",378626,2026-05-03 16:43:10,28.8125648498535,-17.7535724639893,"Unknown"
"5020567",378626,2026-05-03 16:44:12,28.8127403259277,-17.7536792755127,"Unknown"
"5020567",378626,2026-05-03 16:45:11,28.8128681182861,-17.7537994384766,"Unknown"
"5020567",378626,2026-05-03 16:46:10,28.8130893707275,-17.7539710998535,"Unknown"
"5020567",378626,2026-05-03 16:47:12,28.8132743835449,-17.7541351318359,"Unknown"
"5020567",378626,2026-05-03 16:48:09,28.8134155273438,-17.7542705535889,"Unknown"
"5020567",378626,2026-05-03 16:49:09,28.8136692047119,-17.7544231414795,"Unknown"
"5020567",378626,2026-05-03 16:50:08,28.8139228820801,-17.7545967102051,"Unknown"
"5020567",378626,2026-05-03 16:51:10,28.8140201568604,-17.7546348571777,"Unknown"
"5020567",378626,2026-05-03 16:52:18,28.8144111633301,-17.7548732757568,"Unknown"
"5020567",378626,2026-05-03 16:53:52,28.8172073364258,-17.7541446685791,"Unknown"
"5020567",378626,2026-05-03 16:55:27,28.8175678253174,-17.7542457580566,"Unknown"
"5020567",378626,2026-05-03 16:55:28,28.8175678253174,-17.754243850708,"Unknown"
"5020567",378626,2026-05-03 16:56:33,28.8177757263184,-17.7542972564697,"Unknown"
"5020567",378626,2026-05-03 16:57:33,28.8179798126221,-17.7543563842773,"Unknown"
"5020567",378626,2026-05-03 16:58:33,28.8181591033936,-17.7544441223145,"Unknown"
"5020567",378626,2026-05-03 16:59:33,28.8183727264404,-17.7544651031494,"Unknown"
"5020567",378626,2026-05-03 17:00:33,28.8185787200928,-17.7545547485352,"Unknown"
"5020567",378626,2026-05-03 17:01:30,28.8187713623047,-17.75461769104,"Unknown"
"5020567",378626,2026-05-03 17:02:33,28.819019317627,-17.7546787261963,"Unknown"
"5020567",378626,2026-05-03 17:03:35,28.8192195892334,-17.7547626495361,"Unknown"
"5020567",378626,2026-05-03 17:04:33,28.8193016052246,-17.7548732757568,"Unknown"
"5020567",378626,2026-05-03 17:05:33,28.8195972442627,-17.7549686431885,"Unknown"
"5020567",378626,2026-05-03 17:06:33,28.8198070526123,-17.755069732666,"Unknown"
"5020567",378626,2026-05-03 17:07:31,28.820011138916,-17.7551956176758,"Unknown"
"5020567",378626,2026-05-03 17:08:31,28.8202838897705,-17.7553100585938,"Unknown"
"5020567",378626,2026-05-03 17:09:31,28.820499420166,-17.7554149627686,"Unknown"
"5020567",378626,2026-05-03 17:10:31,28.8207263946533,-17.7555084228516,"Unknown"
"5020567",378626,2026-05-03 17:11:31,28.8209648132324,-17.7556324005127,"Unknown"
"5020567",378626,2026-05-03 17:12:32,28.8211708068848,-17.7556896209717,"Unknown"
"5020567",378626,2026-05-03 17:13:31,28.8213672637939,-17.7557582855225,"Unknown"
"5020567",378626,2026-05-03 17:14:31,28.8216209411621,-17.7558555603027,"Unknown"
"5020567",378626,2026-05-03 17:15:31,28.8218173980713,-17.7559509277344,"Unknown"
"5020567",378626,2026-05-03 17:16:32,28.82204246521,-17.7560939788818,"Unknown"
"5020567",378626,2026-05-03 17:17:32,28.8222332000732,-17.756217956543,"Unknown"
"5020567",378626,2026-05-03 17:18:31,28.8224277496338,-17.7563076019287,"Unknown"
"5020567",378626,2026-05-03 17:19:31,28.8226051330566,-17.7564220428467,"Unknown"
"5020567",378626,2026-05-03 17:20:31,28.8228549957275,-17.7564964294434,"Unknown"
"5020567",378626,2026-05-03 17:21:32,28.823091506958,-17.7565517425537,"Unknown"
"5020567",378626,2026-05-03 17:22:31,28.8233280181885,-17.7565937042236,"Unknown"
"5020567",378626,2026-05-03 17:23:31,28.8235492706299,-17.7566223144531,"Unknown"
"5020567",378626,2026-05-03 17:24:31,28.8238067626953,-17.7566890716553,"Unknown"
"5020567",378626,2026-05-03 17:25:32,28.8240394592285,-17.7567119598389,"Unknown"
"5020567",378626,2026-05-03 17:26:31,28.824275970459,-17.7567691802979,"Unknown"
"5020567",378626,2026-05-03 17:27:31,28.8245048522949,-17.7567882537842,"Unknown"
"5020567",378626,2026-05-03 17:28:31,28.8247661590576,-17.7569179534912,"Unknown"
"5020567",378626,2026-05-03 17:29:31,28.82497215271,-17.7570114135742,"Unknown"
"5020567",378626,2026-05-03 17:30:31,28.8252220153809,-17.7570858001709,"Unknown"
"5020567",378626,2026-05-03 17:31:31,28.82541847229,-17.7572154998779,"Unknown"
"5020567",378626,2026-05-03 17:32:31,28.8256149291992,-17.7573318481445,"Unknown"
"5020567",378626,2026-05-03 17:33:31,28.8258056640625,-17.7574405670166,"Unknown"
"5020567",378626,2026-05-03 17:34:31,28.8259983062744,-17.7575283050537,"Unknown"
"5020567",378626,2026-05-03 17:35:31,28.8261852264404,-17.7576446533203,"Unknown"
"5020567",378626,2026-05-03 17:36:30,28.8275547027588,-17.7561359405518,"Unknown"
"5020567",378626,2026-05-03 17:37:30,28.8312110900879,-17.7524681091309,"Unknown"
"5020567",378626,2026-05-03 17:38:31,28.8344039916992,-17.7488613128662,"Unknown"
"5020567",378626,2026-05-03 17:39:31,28.8344135284424,-17.7457714080811,"Unknown"
"5020567",378626,2026-05-03 17:40:31,28.8346138000488,-17.7458477020264,"Unknown"
"5020567",378626,2026-05-03 17:41:31,28.8347835540771,-17.7458343505859,"Unknown"
"5020567",378626,2026-05-03 17:42:31,28.8349723815918,-17.7458724975586,"Unknown"
"5020567",378626,2026-05-03 17:43:31,28.8351287841797,-17.745849609375,"Unknown"
"5020567",378626,2026-05-03 17:44:31,28.8352870941162,-17.7458057403564,"Unknown"
"5020567",378626,2026-05-03 17:45:31,28.8338890075684,-17.7457256317139,"Unknown"
"5020567",378626,2026-05-03 17:46:31,28.8335590362549,-17.7459487915039,"Unknown"
"5020567",378626,2026-05-03 17:47:32,28.8337230682373,-17.7459964752197,"Unknown"
"5020567",378626,2026-05-03 17:48:31,28.8339004516602,-17.7460594177246,"Unknown"
"5020567",378626,2026-05-03 17:49:31,28.8340759277344,-17.7461681365967,"Unknown"
"5020567",378626,2026-05-03 17:50:31,28.8342475891113,-17.7461643218994,"Unknown"
"5020567",378626,2026-05-03 17:51:31,28.8343486785889,-17.7462635040283,"Unknown"
"5020567",378626,2026-05-03 17:52:34,28.8320865631104,-17.7459392547607,"Unknown"
"5020567",378626,2026-05-03 17:53:31,28.8322906494141,-17.7459659576416,"Unknown"
"5020567",378626,2026-05-03 17:54:31,28.8324966430664,-17.7460327148438,"Unknown"
"5020567",378626,2026-05-03 17:55:30,28.8313407897949,-17.7479476928711,"Unknown"
"5020567",378626,2026-05-03 17:56:31,28.8315029144287,-17.7480583190918,"Unknown"
"5020567",378626,2026-05-03 17:57:31,28.8315868377686,-17.7480983734131,"Unknown"
"5020567",378626,2026-05-03 17:58:31,28.83176612854,-17.7481441497803,"Unknown"
"5020567",378626,2026-05-03 17:59:39,28.8319435119629,-17.7481365203857,"Unknown"
"5020567",378626,2026-05-03 18:00:32,28.8321437835693,-17.7482147216797,"Unknown"
"5020567",378626,2026-05-03 18:01:32,28.8323287963867,-17.7483024597168,"Unknown"
"5020567",378626,2026-05-03 18:02:32,28.8325443267822,-17.7483558654785,"Unknown"
"5020567",378626,2026-05-03 18:03:32,28.8327617645264,-17.7484474182129,"Unknown"
"5020567",378626,2026-05-03 18:04:31,28.832950592041,-17.7484760284424,"Unknown"
"5020567",378626,2026-05-03 18:05:31,28.8331394195557,-17.748514175415,"Unknown"
"5020567",378626,2026-05-03 18:06:31,28.8333015441895,-17.7485427856445,"Unknown"
"5020567",378626,2026-05-03 18:07:33,28.833517074585,-17.7484931945801,"Unknown"
"5020567",378626,2026-05-03 18:08:34,28.8337268829346,-17.7484893798828,"Unknown"
"5020567",378626,2026-05-03 18:09:35,28.8338966369629,-17.7485179901123,"Unknown"
"5020567",378626,2026-05-03 18:10:34,28.8340911865234,-17.748477935791,"Unknown"
"5020567",378626,2026-05-03 18:11:33,28.8342685699463,-17.7484607696533,"Unknown"
"5020567",378626,2026-05-03 18:12:34,28.8344383239746,-17.748462677002,"Unknown"
"5020567",378626,2026-05-03 18:13:34,28.8345928192139,-17.7484264373779,"Unknown"
"5020567",378626,2026-05-03 18:14:33,28.834789276123,-17.7484340667725,"Unknown"
"5020567",378626,2026-05-03 18:15:34,28.8350086212158,-17.7484226226807,"Unknown"
"5020567",378626,2026-05-03 18:16:36,28.8351993560791,-17.748420715332,"Unknown"
"5020567",378626,2026-05-03 18:17:32,28.8353996276855,-17.7484073638916,"Unknown"
"5020567",378626,2026-05-03 18:18:33,28.8356151580811,-17.7484378814697,"Unknown"
"5020567",378626,2026-05-03 18:19:31,28.8358116149902,-17.7484874725342,"Unknown"
"5020567",378626,2026-05-03 18:20:33,28.8360252380371,-17.7485370635986,"Unknown"
"5020567",378626,2026-05-03 18:21:32,28.8362102508545,-17.748607635498,"Unknown"
"5020567",378626,2026-05-03 18:22:34,28.8364162445068,-17.748649597168,"Unknown"
"5020567",378626,2026-05-03 18:23:33,28.8366260528564,-17.748685836792,"Unknown"
"5020567",378626,2026-05-03 18:24:31,28.8368549346924,-17.7487125396729,"Unknown"
"5020567",378626,2026-05-03 18:25:32,28.8370895385742,-17.7487659454346,"Unknown"
"5020567",378626,2026-05-03 18:26:32,28.8372745513916,-17.7488021850586,"Unknown"
"5020567",378626,2026-05-03 18:27:32,28.8374519348145,-17.7488346099854,"Unknown"
"5020567",378626,2026-05-03 18:28:32,28.8376293182373,-17.7488956451416,"Unknown"
"5020567",378626,2026-05-03 18:29:35,28.8378257751465,-17.7489414215088,"Unknown"
"5020567",378626,2026-05-03 18:30:32,28.838020324707,-17.7489566802979,"Unknown"
"5020567",378626,2026-05-03 18:31:34,28.8382167816162,-17.7489910125732,"Unknown"
"5020567",378626,2026-05-03 18:32:34,28.8384418487549,-17.7489929199219,"Unknown"
"5020567",378626,2026-05-03 18:33:36,28.8386478424072,-17.7489986419678,"Unknown"
"5020567",378626,2026-05-03 18:34:32,28.8388557434082,-17.7490406036377,"Unknown"
"5020567",378626,2026-05-03 18:35:31,28.8390235900879,-17.7490768432617,"Unknown"
"5020567",378626,2026-05-03 18:36:33,28.8391761779785,-17.7490615844727,"Unknown"
"5020567",378626,2026-05-03 18:37:35,28.8393383026123,-17.749080657959,"Unknown"
"5020567",378626,2026-05-03 18:38:34,28.8394718170166,-17.7491359710693,"Unknown"
"5020567",378626,2026-05-03 18:39:34,28.8396072387695,-17.7491683959961,"Unknown"
"5020567",378626,2026-05-03 18:40:34,28.8397789001465,-17.7492294311523,"Unknown"
"5020567",378626,2026-05-03 18:41:34,28.8399066925049,-17.7492294311523,"Unknown"
"5020567",378626,2026-05-03 18:42:34,28.8400421142578,-17.7492542266846,"Unknown"
"5020567",378626,2026-05-03 18:43:34,28.8401565551758,-17.7492752075195,"Unknown"
"5020567",378626,2026-05-03 18:44:34,28.8402824401855,-17.7493362426758,"Unknown"
"5020567",378626,2026-05-03 18:45:35,28.8404273986816,-17.7494049072266,"Unknown"
"5020567",378626,2026-05-03 18:46:35,28.8405742645264,-17.7494354248047,"Unknown"
"5020567",378626,2026-05-03 18:47:34,28.8406867980957,-17.7495079040527,"Unknown"
"5020567",378626,2026-05-03 18:48:35,28.8408393859863,-17.7495231628418,"Unknown"
"5020567",378626,2026-05-03 18:49:35,28.8409481048584,-17.7495193481445,"Unknown"
"5020567",378626,2026-05-03 18:50:35,28.8410549163818,-17.7495079040527,"Unknown"
"5020567",378626,2026-05-03 18:51:33,28.8412094116211,-17.7494983673096,"Unknown"
"5020567",378626,2026-05-03 18:52:34,28.8413696289062,-17.7495231628418,"Unknown"
"5020567",378626,2026-05-03 18:53:33,28.8415107727051,-17.7495555877686,"Unknown"
"5020567",378626,2026-05-03 18:54:31,28.8416366577148,-17.7495937347412,"Unknown"
"5020567",378626,2026-05-03 18:55:32,28.841775894165,-17.7496395111084,"Unknown"
"5020567",378626,2026-05-03 18:56:32,28.8419380187988,-17.7496871948242,"Unknown"
"5020567",378626,2026-05-03 18:57:31,28.8408317565918,-17.7479610443115,"Unknown"
"5020567",378626,2026-05-03 18:58:32,28.8366813659668,-17.7458267211914,"Unknown"
"5020567",378626,2026-05-03 18:59:32,28.8321723937988,-17.7450981140137,"Unknown"
"5020567",378626,2026-05-03 19:00:31,28.828498840332,-17.7415142059326,"Unknown"
"5020567",378626,2026-05-03 19:01:31,28.8236904144287,-17.739673614502,"Unknown"
"5020567",378626,2026-05-03 19:02:31,28.8197231292725,-17.7371940612793,"Unknown"
"5020567",378626,2026-05-03 19:03:32,28.8177528381348,-17.7370662689209,"Unknown"
"5020567",378626,2026-05-03 19:04:31,28.8174114227295,-17.7348976135254,"Unknown"
"5020567",378626,2026-05-03 19:05:32,28.8191604614258,-17.7376518249512,"Unknown"
"5020567",378626,2026-05-03 19:06:32,28.8206310272217,-17.7400588989258,"Unknown"
"5020567",378626,2026-05-03 19:07:32,28.8214855194092,-17.7399101257324,"Unknown"
"5020567",378626,2026-05-03 19:08:31,28.8200702667236,-17.7391662597656,"Unknown"
"5020567",378626,2026-05-03 19:09:31,28.8212280273438,-17.7397899627686,"Unknown"
"5020567",378626,2026-05-03 19:10:33,28.8225765228271,-17.7408065795898,"Unknown"
"5020567",378626,2026-05-03 19:11:33,28.8232555389404,-17.7384204864502,"Unknown"
"5020567",378626,2026-05-03 19:12:32,28.8238677978516,-17.7395915985107,"Unknown"
"5020567",378626,2026-05-03 19:13:31,28.8247451782227,-17.7379665374756,"Unknown"
"5020567",378626,2026-05-03 19:14:31,28.8248863220215,-17.7379550933838,"Unknown"
"5020567",378626,2026-05-03 19:15:32,28.824592590332,-17.7389335632324,"Unknown"
"5020567",378626,2026-05-03 19:16:33,28.82421875,-17.739351272583,"Unknown"
"5020567",378626,2026-05-03 19:17:32,28.8244400024414,-17.7393684387207,"Unknown"
"5020567",378626,2026-05-03 19:18:31,28.8256053924561,-17.7370452880859,"Unknown"
"5020567",378626,2026-05-03 19:19:33,28.82568359375,-17.7360572814941,"Unknown"
"5020567",378626,2026-05-03 19:20:31,28.8258457183838,-17.7355976104736,"Unknown"
"5020567",378626,2026-05-03 19:21:31,28.8268203735352,-17.7349815368652,"Unknown"
"5020567",378626,2026-05-03 19:22:36,28.8269882202148,-17.7350234985352,"Unknown"
"5020567",378626,2026-05-03 19:23:33,28.8289031982422,-17.7343330383301,"Unknown"
"5020567",378626,2026-05-03 19:24:32,28.8282737731934,-17.733024597168,"Unknown"
"5020567",378626,2026-05-03 19:25:31,28.8284511566162,-17.7329978942871,"Unknown"
"5020567",378626,2026-05-03 19:26:35,28.8286190032959,-17.7330169677734,"Unknown"
"5020567",378626,2026-05-03 19:27:33,28.828821182251,-17.7329978942871,"Unknown"
"5020567",378626,2026-05-03 19:28:32,28.8291492462158,-17.7326793670654,"Unknown"
"5020567",378626,2026-05-03 19:29:31,28.831111907959,-17.7317066192627,"Unknown"
"5020567",378626,2026-05-03 19:30:33,28.8313865661621,-17.731424331665,"Unknown"
"5020567",378626,2026-05-03 19:31:32,28.8299922943115,-17.7305927276611,"Unknown"
"5020567",378626,2026-05-03 19:32:33,28.830394744873,-17.7293930053711,"Unknown"
"5020567",378626,2026-05-03 19:33:34,28.8300704956055,-17.7293472290039,"Unknown"
"5020567",378626,2026-05-03 19:34:34,28.8317737579346,-17.729642868042,"Unknown"
"5020567",378626,2026-05-03 19:35:36,28.8319454193115,-17.7296409606934,"Unknown"
"5020567",378626,2026-05-03 19:36:33,28.8321228027344,-17.7296180725098,"Unknown"
"5020567",378626,2026-05-03 19:37:33,28.832275390625,-17.7295627593994,"Unknown"
"5020567",378626,2026-05-03 19:38:33,28.8323993682861,-17.7294845581055,"Unknown"
"5020567",378626,2026-05-03 19:40:03,28.8327121734619,-17.7294788360596,"Unknown"
"5020567",378626,2026-05-03 19:40:30,28.8339862823486,-17.7284145355225,"Unknown"
"5020567",378626,2026-05-03 19:41:30,28.8360061645508,-17.7262153625488,"Unknown"
"5020567",378626,2026-05-03 19:42:30,28.8361587524414,-17.7261600494385,"Unknown"
"5020567",378626,2026-05-03 19:43:30,28.8365249633789,-17.7253227233887,"Unknown"
"5020567",378626,2026-05-03 19:44:30,28.8367328643799,-17.7253551483154,"Unknown"
"5020567",378626,2026-05-03 19:45:30,28.836950302124,-17.7253799438477,"Unknown"
"5020567",378626,2026-05-03 19:46:30,28.8371524810791,-17.7254581451416,"Unknown"
"5020567",378626,2026-05-03 19:47:31,28.8373756408691,-17.7254524230957,"Unknown"
"5020567",378626,2026-05-03 19:48:30,28.8376007080078,-17.7254219055176,"Unknown"
"5020567",378626,2026-05-03 19:49:30,28.8400001525879,-17.7240028381348,"Unknown"
"5020567",378626,2026-05-03 19:50:30,28.8400897979736,-17.7238082885742,"Unknown"
"5020567",378626,2026-05-03 19:55:30,28.8415718078613,-17.7217254638672,"Unknown"
"5020567",378626,2026-05-03 20:00:30,28.8292808532715,-17.7259197235107,"Unknown"
"5020567",378626,2026-05-03 20:05:30,28.8119144439697,-17.7474689483643,"Unknown"
"5020567",378626,2026-05-03 20:06:30,28.8090801239014,-17.7508201599121,"Unknown"
"5020567",378626,2026-05-03 20:07:30,28.8091735839844,-17.7507781982422,"Unknown"
"5020567",378626,2026-05-03 20:08:30,28.8092479705811,-17.7507362365723,"Unknown"
"5020567",378626,2026-05-03 20:09:30,28.8093299865723,-17.7506904602051,"Unknown"
"5020567",378626,2026-05-03 20:10:30,28.8094234466553,-17.7506580352783,"Unknown"
"5020567",378626,2026-05-03 20:11:31,28.8095207214355,-17.7506484985352,"Unknown"
"5020567",378626,2026-05-03 20:12:30,28.8096008300781,-17.7505950927734,"Unknown"
"5020567",378626,2026-05-03 20:13:30,28.809684753418,-17.7505931854248,"Unknown"
"5020567",378626,2026-05-03 20:14:30,28.80979347229,-17.7505664825439,"Unknown"
"5020567",378626,2026-05-03 20:15:30,28.8098678588867,-17.7505111694336,"Unknown"
"5020567",378626,2026-05-03 20:16:30,28.8099422454834,-17.75048828125,"Unknown"
"5020567",378626,2026-05-03 20:17:30,28.8100337982178,-17.7504692077637,"Unknown"
"5020567",378626,2026-05-03 20:18:30,28.8101387023926,-17.7504558563232,"Unknown"
"5020567",378626,2026-05-03 20:19:31,28.8102359771729,-17.7504386901855,"Unknown"
"5020567",378626,2026-05-03 20:20:30,28.8103408813477,-17.7503967285156,"Unknown"
"5020567",378626,2026-05-03 20:21:31,28.810432434082,-17.7503814697266,"Unknown"
"5020567",378626,2026-05-03 20:22:30,28.8104820251465,-17.7503757476807,"Unknown"
"5020567",378626,2026-05-03 20:23:30,28.8105640411377,-17.7503604888916,"Unknown"
"5020567",378626,2026-05-03 20:24:31,28.810640335083,-17.7502822875977,"Unknown"
"5020567",378626,2026-05-03 20:25:30,28.8107051849365,-17.7502727508545,"Unknown"
"5020567",378626,2026-05-03 20:26:30,28.8107795715332,-17.7502994537354,"Unknown"
"5020567",378626,2026-05-03 20:27:30,28.8108768463135,-17.7503147125244,"Unknown"
"5020567",378626,2026-05-03 20:28:30,28.8109798431396,-17.7502613067627,"Unknown"
"5020567",378626,2026-05-03 20:29:30,28.8110828399658,-17.7502307891846,"Unknown"
"5020567",378626,2026-05-03 20:30:30,28.8111629486084,-17.7501907348633,"Unknown"
"5020567",378626,2026-05-03 20:31:30,28.8112373352051,-17.750186920166,"Unknown"
"5020567",378626,2026-05-03 20:32:30,28.8113346099854,-17.750207901001,"Unknown"
"5020567",378626,2026-05-03 20:33:30,28.8113880157471,-17.7502040863037,"Unknown"
"5020567",378626,2026-05-03 20:34:30,28.8114795684814,-17.7502269744873,"Unknown"
"5020567",378626,2026-05-03 20:35:30,28.8115234375,-17.7502403259277,"Unknown"
"5020567",378626,2026-05-03 20:36:30,28.8115997314453,-17.7502918243408,"Unknown"
"5020567",378626,2026-05-03 20:37:30,28.8116836547852,-17.7503261566162,"Unknown"
"5020567",378626,2026-05-03 20:38:30,28.81178855896,-17.7503108978271,"Unknown"
"5020567",378626,2026-05-03 20:39:30,28.8118476867676,-17.750316619873,"Unknown"
"5020567",378626,2026-05-03 20:40:30,28.811897277832,-17.7503147125244,"Unknown"
"5020567",378626,2026-05-03 20:41:30,28.8119525909424,-17.7503528594971,"Unknown"
"5020567",378626,2026-05-03 20:42:31,28.8120269775391,-17.7503852844238,"Unknown"
"5020567",378626,2026-05-03 20:43:30,28.8120861053467,-17.750394821167,"Unknown"
"5020567",378626,2026-05-03 20:44:30,28.8121490478516,-17.750415802002,"Unknown"
"5020567",378626,2026-05-03 20:45:30,28.8122100830078,-17.7503967285156,"Unknown"
"5020567",378626,2026-05-03 20:46:30,28.8122692108154,-17.7503871917725,"Unknown"
"5020567",378626,2026-05-03 20:47:30,28.8123245239258,-17.7503776550293,"Unknown"
"5020567",378626,2026-05-03 20:48:30,28.8123607635498,-17.7503528594971,"Unknown"
"5020567",378626,2026-05-03 20:49:30,28.8124294281006,-17.7503852844238,"Unknown"
"5020567",378626,2026-05-03 20:50:30,28.8124961853027,-17.7503967285156,"Unknown"
"5020567",378626,2026-05-03 20:51:30,28.8125171661377,-17.7504177093506,"Unknown"
"5020567",378626,2026-05-03 20:52:30,28.8125896453857,-17.750431060791,"Unknown"
"5020567",378626,2026-05-03 20:53:30,28.8125915527344,-17.7504024505615,"Unknown"
"5020567",378626,2026-05-03 20:54:30,28.8127174377441,-17.7503795623779,"Unknown"
"5020567",378626,2026-05-03 20:55:30,28.8127899169922,-17.7503395080566,"Unknown"
"5020567",378626,2026-05-03 20:56:31,28.8128471374512,-17.750316619873,"Unknown"
"5020567",378626,2026-05-03 20:57:30,28.812894821167,-17.7502841949463,"Unknown"
"5020567",378626,2026-05-03 20:58:31,28.8115406036377,-17.7513103485107,"Unknown"
"5020567",378626,2026-05-03 20:59:30,28.8075199127197,-17.7547359466553,"Unknown"
"5020567",378626,2026-05-03 21:00:30,28.8035564422607,-17.7533721923828,"Unknown"
"5020567",378626,2026-05-03 21:01:30,28.8014106750488,-17.7506809234619,"Unknown"
"5020567",378626,2026-05-03 21:02:31,28.801513671875,-17.7506828308105,"Unknown"
"5020567",378626,2026-05-03 21:03:31,28.8015880584717,-17.7506561279297,"Unknown"
"5020567",378626,2026-05-03 21:04:30,28.8016872406006,-17.7506217956543,"Unknown"
"5020567",378626,2026-05-03 21:05:30,28.8017711639404,-17.7506008148193,"Unknown"
"5020567",378626,2026-05-03 21:06:30,28.8018608093262,-17.750602722168,"Unknown"
"5020567",378626,2026-05-03 21:07:31,28.8019542694092,-17.7505931854248,"Unknown"
"5020567",378626,2026-05-03 21:08:31,28.8020210266113,-17.7505798339844,"Unknown"
"5020567",378626,2026-05-03 21:09:30,28.802116394043,-17.7505741119385,"Unknown"
"5020567",378626,2026-05-03 21:10:30,28.802188873291,-17.7505512237549,"Unknown"
"5020567",378626,2026-05-03 21:11:31,28.8022899627686,-17.7505645751953,"Unknown"
"5020567",378626,2026-05-03 21:12:30,28.802339553833,-17.7505340576172,"Unknown"
"5020567",378626,2026-05-03 21:13:31,28.8024120330811,-17.7505302429199,"Unknown"
"5020567",378626,2026-05-03 21:14:30,28.8024730682373,-17.7505207061768,"Unknown"
"5020567",378626,2026-05-03 21:15:31,28.802547454834,-17.7504997253418,"Unknown"
"5020567",378626,2026-05-03 21:16:30,28.8026313781738,-17.7504959106445,"Unknown"
"5020567",378626,2026-05-03 21:17:30,28.8026924133301,-17.7504711151123,"Unknown"
"5020567",378626,2026-05-03 21:18:30,28.8027629852295,-17.7504444122314,"Unknown"
"5020567",378626,2026-05-03 21:19:31,28.8028163909912,-17.750415802002,"Unknown"
"5020567",378626,2026-05-03 21:20:31,28.8028926849365,-17.7503871917725,"Unknown"
"5020567",378626,2026-05-03 21:21:30,28.8029537200928,-17.7503509521484,"Unknown"
"5020567",378626,2026-05-03 21:22:31,28.8030109405518,-17.750316619873,"Unknown"
"5020567",378626,2026-05-03 21:23:30,28.8030624389648,-17.7502727508545,"Unknown"
"5020567",378626,2026-05-03 21:24:31,28.8031444549561,-17.7502555847168,"Unknown"
"5020567",378626,2026-05-03 21:25:31,28.8032073974609,-17.7501888275146,"Unknown"
"5020567",378626,2026-05-03 21:26:31,28.8033027648926,-17.7501487731934,"Unknown"
"5020567",378626,2026-05-03 21:27:31,28.8033714294434,-17.7501163482666,"Unknown"
"5020567",378626,2026-05-03 21:28:31,28.8034381866455,-17.750093460083,"Unknown"
"5020567",378626,2026-05-03 21:29:31,28.803466796875,-17.7500915527344,"Unknown"
"5020567",378626,2026-05-03 21:30:31,28.8035297393799,-17.7500991821289,"Unknown"
"5020567",378626,2026-05-03 21:31:30,28.8035907745361,-17.7500801086426,"Unknown"
"5020567",378626,2026-05-03 21:32:30,28.803638458252,-17.7500324249268,"Unknown"
"5020567",378626,2026-05-03 21:33:30,28.8037052154541,-17.7499942779541,"Unknown"
"5020567",378626,2026-05-03 21:34:31,28.8037567138672,-17.7499504089355,"Unknown"
"5020567",378626,2026-05-03 21:35:31,28.8038311004639,-17.7498970031738,"Unknown"
"5020567",378626,2026-05-03 21:36:31,28.8022365570068,-17.7497367858887,"Unknown"
"5020567",378626,2026-05-03 21:37:31,28.7979488372803,-17.7459487915039,"Unknown"
"5020567",378626,2026-05-03 21:38:31,28.7935657501221,-17.741382598877,"Unknown"
"5020567",378626,2026-05-03 21:39:30,28.7889022827148,-17.7381076812744,"Unknown"
"5020567",378626,2026-05-03 21:40:31,28.7834815979004,-17.7349624633789,"Unknown"
"5020567",378626,2026-05-03 21:41:30,28.7781505584717,-17.7318706512451,"Unknown"
"5020567",378626,2026-05-03 21:42:30,28.7731590270996,-17.7279109954834,"Unknown"
"5020567",378626,2026-05-03 21:43:30,28.7681579589844,-17.7240676879883,"Unknown"
"5020567",378626,2026-05-03 21:44:31,28.762149810791,-17.7219505310059,"Unknown"
"5020567",378626,2026-05-03 21:49:30,28.7361660003662,-17.7203140258789,"Unknown"
"5020567",378626,2026-05-03 21:54:42,28.7088298797607,-17.7413311004639,"Unknown"
"5020567",378626,2026-05-03 21:59:30,28.7095260620117,-17.7577724456787,"Unknown"
"5020567",378626,2026-05-03 22:01:02,28.7181510925293,-17.7609577178955,"Unknown"
"5020567",378626,2026-05-03 22:01:30,28.7198143005371,-17.7631206512451,"Unknown"
"5020567",378626,2026-05-03 22:02:48,28.7198448181152,-17.7633571624756,"Unknown"
"5020567",378626,2026-05-03 22:04:05,28.7200736999512,-17.7638149261475,"Unknown"
"5020567",378626,2026-05-03 22:04:30,28.7199935913086,-17.7634010314941,"Unknown"
"5020567",378626,2026-05-03 22:05:30,28.7195110321045,-17.7636051177979,"Unknown"
"5020567",378626,2026-05-03 22:06:30,28.7175197601318,-17.7619686126709,"Unknown"
"5020567",378626,2026-05-03 22:07:31,28.719913482666,-17.7634582519531,"Unknown"
"5020567",378626,2026-05-03 22:08:33,28.7195491790771,-17.7640991210938,"Unknown"
"5020567",378626,2026-05-03 22:10:56,28.7190399169922,-17.7639865875244,"Unknown"
"5020567",378626,2026-05-04 04:51:35,28.7028770446777,-17.7383422851562,"Unknown"
"5020567",378626,2026-05-04 05:11:00,28.7017803192139,-17.7378330230713,"Unknown"
"5020567",378626,2026-05-04 05:31:00,28.7045669555664,-17.7331161499023,"Unknown"
"5020567",378626,2026-05-04 05:51:01,28.7219276428223,-17.7202796936035,"Unknown"
"5020567",378626,2026-05-04 06:10:59,28.7849006652832,-17.7290096282959,"Unknown"
"5020567",378626,2026-05-04 07:12:03,28.7913608551025,-17.7348918914795,"Unknown"
"5020567",378626,2026-05-04 07:31:00,28.8149814605713,-17.7368259429932,"Unknown"
"5020567",378626,2026-05-04 07:51:00,28.8199844360352,-17.7270317077637,"Unknown"
"5020567",378626,2026-05-04 08:11:00,28.7760639190674,-17.7438011169434,"Unknown"
"5020567",378626,2026-05-04 08:31:00,28.769323348999,-17.7296905517578,"Unknown"
"5020567",378626,2026-05-04 08:51:33,28.7671775817871,-17.7212162017822,"Unknown"
"5020567",378626,2026-05-04 09:11:01,28.7595272064209,-17.7072315216064,"Unknown"
"5020567",378626,2026-05-04 09:21:00,28.7587661743164,-17.7114429473877,"Unknown"
"5020567",378626,2026-05-04 09:31:00,28.765043258667,-17.7377243041992,"Unknown"
"5020567",378626,2026-05-04 09:41:03,28.8006572723389,-17.7487373352051,"Unknown"
"5020567",378626,2026-05-04 09:51:00,28.805196762085,-17.7568016052246,"Unknown"
"5020567",378626,2026-05-04 09:52:03,28.8024826049805,-17.7570629119873,"Unknown"
"5020567",378626,2026-05-04 10:02:32,28.812126159668,-17.7538375854492,"Unknown"
"5020567",378626,2026-05-04 10:02:59,28.8121643066406,-17.7538623809814,"Unknown"
"5020567",378626,2026-05-04 10:13:00,28.8026924133301,-17.7459201812744,"Unknown"
"5020567",378626,2026-05-04 10:13:59,28.8011951446533,-17.7457885742188,"Unknown"
"5020567",378626,2026-05-04 10:14:59,28.8011779785156,-17.7458744049072,"Unknown"
"5020567",378626,2026-05-04 10:15:59,28.7998161315918,-17.7457962036133,"Unknown"
"5020567",378626,2026-05-04 10:16:59,28.7998600006104,-17.7459125518799,"Unknown"
"5020567",378626,2026-05-04 10:17:59,28.7992534637451,-17.7463779449463,"Unknown"
"5020567",378626,2026-05-04 10:19:03,28.7974529266357,-17.7481632232666,"Unknown"
"5020567",378626,2026-05-04 10:19:59,28.7955207824707,-17.7472820281982,"Unknown"
"5020567",378626,2026-05-04 10:20:59,28.7941074371338,-17.7475757598877,"Unknown"
"5020567",378626,2026-05-04 10:22:00,28.7938365936279,-17.7478084564209,"Unknown"
"5020567",378626,2026-05-04 10:23:00,28.7920207977295,-17.7514610290527,"Unknown"
"5020567",378626,2026-05-04 10:23:59,28.791784286499,-17.7494258880615,"Unknown"
"5020567",378626,2026-05-04 10:25:01,28.7917366027832,-17.7471523284912,"Unknown"
"5020567",378626,2026-05-04 10:26:00,28.7919311523438,-17.7449531555176,"Unknown"
"5020567",378626,2026-05-04 10:27:00,28.7920074462891,-17.7449607849121,"Unknown"
"5020567",378626,2026-05-04 10:27:59,28.7920627593994,-17.7450065612793,"Unknown"
"5020567",378626,2026-05-04 10:29:00,28.7912578582764,-17.7471084594727,"Unknown"
"5020567",378626,2026-05-04 10:30:00,28.7912845611572,-17.7470722198486,"Unknown"
"5020567",378626,2026-05-04 10:30:59,28.7907409667969,-17.7462730407715,"Unknown"
"5020567",378626,2026-05-04 10:32:00,28.7894515991211,-17.7462997436523,"Unknown"
"5020567",378626,2026-05-04 10:32:59,28.787223815918,-17.7445602416992,"Unknown"
"5020567",378626,2026-05-04 10:33:59,28.787260055542,-17.7441177368164,"Unknown"
"5020567",378626,2026-05-04 10:34:59,28.7896900177002,-17.7453308105469,"Unknown"
"5020567",378626,2026-05-04 10:35:59,28.7910766601562,-17.7471313476562,"Unknown"
"5020567",378626,2026-05-04 10:37:00,28.7919845581055,-17.7477970123291,"Unknown"
"5020567",378626,2026-05-04 10:38:00,28.7920951843262,-17.7479095458984,"Unknown"
"5020567",378626,2026-05-04 10:38:59,28.7893619537354,-17.7491550445557,"Unknown"
"5020567",378626,2026-05-04 10:39:59,28.7872009277344,-17.7503814697266,"Unknown"
"5020567",378626,2026-05-04 10:40:59,28.7877826690674,-17.7508125305176,"Unknown"
"5020567",378626,2026-05-04 10:42:02,28.7898254394531,-17.7517642974854,"Unknown"
"5020567",378626,2026-05-04 10:42:59,28.7889518737793,-17.7525825500488,"Unknown"
"5020567",378626,2026-05-04 10:43:59,28.7863063812256,-17.7515048980713,"Unknown"
"5020567",378626,2026-05-04 10:44:59,28.7818489074707,-17.7505016326904,"Unknown"
"5020567",378626,2026-05-04 10:45:59,28.7779006958008,-17.7484893798828,"Unknown"
"5020567",378626,2026-05-04 10:47:00,28.7764129638672,-17.7454490661621,"Unknown"
"5020567",378626,2026-05-04 10:47:59,28.7767753601074,-17.7444019317627,"Unknown"
"5020567",378626,2026-05-04 10:48:59,28.7768726348877,-17.7444496154785,"Unknown"
"5020567",378626,2026-05-04 10:50:00,28.776948928833,-17.7445201873779,"Unknown"
"5020567",378626,2026-05-04 10:51:00,28.7770557403564,-17.7445869445801,"Unknown"
"5020567",378626,2026-05-04 10:52:00,28.777172088623,-17.744665145874,"Unknown"
"5020567",378626,2026-05-04 10:53:00,28.777250289917,-17.7447376251221,"Unknown"
"5020567",378626,2026-05-04 10:54:00,28.7773323059082,-17.744815826416,"Unknown"
"5020567",378626,2026-05-04 10:55:00,28.7774238586426,-17.7448616027832,"Unknown"
"5020567",378626,2026-05-04 10:55:59,28.7775020599365,-17.7448673248291,"Unknown"
"5020567",378626,2026-05-04 10:56:59,28.7809600830078,-17.7440128326416,"Unknown"
"5020567",378626,2026-05-04 10:58:00,28.787748336792,-17.7427597045898,"Unknown"
"5020567",378626,2026-05-04 10:58:59,28.7951850891113,-17.7430953979492,"Unknown"
"5020567",378626,2026-05-04 11:00:00,28.8024654388428,-17.7475318908691,"Unknown"
"5020567",378626,2026-05-04 11:01:00,28.8040294647217,-17.7494792938232,"Unknown"
"5020567",378626,2026-05-04 11:02:00,28.8041324615479,-17.7496547698975,"Unknown"
"5020567",378626,2026-05-04 11:02:59,28.8038902282715,-17.7510643005371,"Unknown"
"5020567",378626,2026-05-04 11:04:00,28.8050956726074,-17.7516498565674,"Unknown"
"5020567",378626,2026-05-04 11:05:00,28.8053417205811,-17.7528591156006,"Unknown"
"5020567",378626,2026-05-04 11:06:00,28.8054618835449,-17.7529582977295,"Unknown"
"5020567",378626,2026-05-04 11:07:00,28.8055801391602,-17.753044128418,"Unknown"
"5020567",378626,2026-05-04 11:08:00,28.8056697845459,-17.753137588501,"Unknown"
"5020567",378626,2026-05-04 11:08:59,28.8053340911865,-17.7530746459961,"Unknown"
"5020567",378626,2026-05-04 11:10:00,28.805456161499,-17.7531776428223,"Unknown"
"5020567",378626,2026-05-04 11:10:59,28.8055515289307,-17.7532844543457,"Unknown"
"5020567",378626,2026-05-04 11:12:00,28.8056926727295,-17.7533931732178,"Unknown"
"5020567",378626,2026-05-04 11:13:00,28.8057994842529,-17.7534732818604,"Unknown"
"5020567",378626,2026-05-04 11:14:00,28.8058776855469,-17.7535629272461,"Unknown"
"5020567",378626,2026-05-04 11:15:02,28.8059864044189,-17.7536792755127,"Unknown"
"5020567",378626,2026-05-04 11:16:02,28.8061065673828,-17.7537956237793,"Unknown"
"5020567",378626,2026-05-04 11:17:02,28.806209564209,-17.75390625,"Unknown"
"5020567",378626,2026-05-04 11:18:02,28.806324005127,-17.7540225982666,"Unknown"
"5020567",378626,2026-05-04 11:19:02,28.8064479827881,-17.7541351318359,"Unknown"
"5020567",378626,2026-05-04 11:20:02,28.806568145752,-17.7542266845703,"Unknown"
"5020567",378626,2026-05-04 11:21:02,28.8066921234131,-17.7543144226074,"Unknown"
"5020567",378626,2026-05-04 11:22:03,28.8068027496338,-17.7544136047363,"Unknown"
"5020567",378626,2026-05-04 11:23:03,28.8069648742676,-17.7545070648193,"Unknown"
"5020567",378626,2026-05-04 11:24:00,28.8126449584961,-17.7561130523682,"Unknown"
"5020567",378626,2026-05-04 11:25:00,28.8200302124023,-17.7597579956055,"Unknown"
"5020567",378626,2026-05-04 11:26:00,28.8251495361328,-17.7612190246582,"Unknown"
"5020567",378626,2026-05-04 11:26:59,28.8279914855957,-17.7651138305664,"Unknown"
"5020567",378626,2026-05-04 11:28:02,28.8281269073486,-17.7651138305664,"Unknown"
"5020567",378626,2026-05-04 11:29:02,28.8282318115234,-17.7651081085205,"Unknown"
"5020567",378626,2026-05-04 11:30:00,28.8283443450928,-17.76513671875,"Unknown"
"5020567",378626,2026-05-04 11:31:02,28.8284530639648,-17.7651557922363,"Unknown"
"5020567",378626,2026-05-04 11:32:03,28.8285598754883,-17.7651710510254,"Unknown"
"5020567",378626,2026-05-04 11:33:00,28.8286972045898,-17.7652072906494,"Unknown"
"5020567",378626,2026-05-04 11:34:02,28.8288593292236,-17.7652912139893,"Unknown"
"5020567",378626,2026-05-04 11:35:02,28.8290004730225,-17.7653541564941,"Unknown"
"5020567",378626,2026-05-04 11:36:00,28.8291110992432,-17.7653789520264,"Unknown"
"5020567",378626,2026-05-04 11:37:00,28.8292064666748,-17.7654361724854,"Unknown"
"5020567",378626,2026-05-04 11:38:02,28.8293170928955,-17.7654705047607,"Unknown"
"5020567",378626,2026-05-04 11:39:00,28.8294620513916,-17.7655372619629,"Unknown"
"5020567",378626,2026-05-04 11:40:02,28.8295192718506,-17.7656154632568,"Unknown"
"5020567",378626,2026-05-04 11:41:02,28.829568862915,-17.7656803131104,"Unknown"
"5020567",378626,2026-05-04 11:42:00,28.8274478912354,-17.7670269012451,"Unknown"
"5020567",378626,2026-05-04 11:43:00,28.8253364562988,-17.7671642303467,"Unknown"
"5020567",378626,2026-05-04 11:44:07,28.8245449066162,-17.7677555084229,"Unknown"
"5020567",378626,2026-05-04 11:45:01,28.8228302001953,-17.7676315307617,"Unknown"
"5020567",378626,2026-05-04 11:45:59,28.8242931365967,-17.7677936553955,"Unknown"
"5020567",378626,2026-05-04 11:47:01,28.8243923187256,-17.7676982879639,"Unknown"
"5020567",378626,2026-05-04 11:48:02,28.8244380950928,-17.7676811218262,"Unknown"
"5020567",378626,2026-05-04 11:49:01,28.8245220184326,-17.7676753997803,"Unknown"
"5020567",378626,2026-05-04 11:50:00,28.8245716094971,-17.7676448822021,"Unknown"
"5020567",378626,2026-05-04 11:50:59,28.8258533477783,-17.7663497924805,"Unknown"
"5020567",378626,2026-05-04 11:52:00,28.8263263702393,-17.7657089233398,"Unknown"
"5020567",378626,2026-05-04 11:53:00,28.8270988464355,-17.768404006958,"Unknown"
"5020567",378626,2026-05-04 11:54:00,28.8272190093994,-17.7683773040771,"Unknown"
"5020567",378626,2026-05-04 11:55:01,28.8313636779785,-17.7691593170166,"Unknown"
"5020567",378626,2026-05-04 11:56:00,28.8326015472412,-17.7686023712158,"Unknown"
"5020567",378626,2026-05-04 11:57:01,28.8384208679199,-17.7657680511475,"Unknown"
"5020567",378626,2026-05-04 11:58:03,28.8421077728271,-17.7647514343262,"Unknown"
"5020567",378626,2026-05-04 11:59:03,28.8421993255615,-17.7648696899414,"Unknown"
"5020567",378626,2026-05-04 12:00:01,28.8422927856445,-17.7649917602539,"Unknown"
"5020567",378626,2026-05-04 12:01:02,28.8423824310303,-17.7651138305664,"Unknown"
"5020567",378626,2026-05-04 12:02:02,28.8424797058105,-17.765230178833,"Unknown"
"5020567",378626,2026-05-04 12:03:03,28.8425903320312,-17.7653255462646,"Unknown"
"5020567",378626,2026-05-04 12:04:03,28.8426780700684,-17.7655010223389,"Unknown"
"5020567",378626,2026-05-04 12:05:04,28.8428020477295,-17.7656116485596,"Unknown"
"5020567",378626,2026-05-04 12:06:04,28.842887878418,-17.765739440918,"Unknown"
"5020567",378626,2026-05-04 12:07:02,28.8429794311523,-17.7658977508545,"Unknown"
"5020567",378626,2026-05-04 12:08:02,28.8430786132812,-17.7660446166992,"Unknown"
"5020567",378626,2026-05-04 12:09:02,28.8431797027588,-17.7661972045898,"Unknown"
"5020567",378626,2026-05-04 12:10:02,28.843282699585,-17.7663040161133,"Unknown"
"5020567",378626,2026-05-04 12:11:01,28.8434448242188,-17.7664737701416,"Unknown"
"5020567",378626,2026-05-04 12:12:01,28.8435134887695,-17.7666320800781,"Unknown"
"5020567",378626,2026-05-04 12:13:01,28.843635559082,-17.7668075561523,"Unknown"
"5020567",378626,2026-05-04 12:14:01,28.8437747955322,-17.7669429779053,"Unknown"
"5020567",378626,2026-05-04 12:15:02,28.8438758850098,-17.7671031951904,"Unknown"
"5020567",378626,2026-05-04 12:16:01,28.8439521789551,-17.7671661376953,"Unknown"
"5020567",378626,2026-05-04 12:17:00,28.8440399169922,-17.7673225402832,"Unknown"
"5020567",378626,2026-05-04 12:18:01,28.8440933227539,-17.7674961090088,"Unknown"
"5020567",378626,2026-05-04 12:19:02,28.8441905975342,-17.7676410675049,"Unknown"
"5020567",378626,2026-05-04 12:20:01,28.8477363586426,-17.7709712982178,"Unknown"
"5020567",378626,2026-05-04 12:21:01,28.8477973937988,-17.771125793457,"Unknown"
"5020567",378626,2026-05-04 12:22:00,28.8496799468994,-17.7789783477783,"Unknown"
"5020567",378626,2026-05-04 12:23:01,28.8517284393311,-17.7873497009277,"Unknown"
"5020567",378626,2026-05-04 12:24:01,28.8492889404297,-17.7939529418945,"Unknown"
"5020567",378626,2026-05-04 12:25:01,28.8473072052002,-17.8014659881592,"Unknown"
"5020567",378626,2026-05-04 12:26:02,28.8494930267334,-17.8085060119629,"Unknown"
"5020567",378626,2026-05-04 12:27:02,28.8483371734619,-17.8139839172363,"Unknown"
"5020567",378626,2026-05-04 12:28:02,28.8491268157959,-17.8156642913818,"Unknown"
"5020567",378626,2026-05-04 12:29:03,28.8550796508789,-17.8166923522949,"Unknown"
"5020567",378626,2026-05-04 12:30:02,28.8606338500977,-17.8202209472656,"Unknown"
"5020567",378626,2026-05-04 12:31:02,28.8642978668213,-17.8202972412109,"Unknown"
"5020567",378626,2026-05-04 12:32:02,28.869758605957,-17.8210220336914,"Unknown"
"5020567",378626,2026-05-04 12:37:03,28.8979396820068,-17.8191394805908,"Unknown"
"5020567",378626,2026-05-04 12:42:02,28.9184551239014,-17.8122062683105,"Unknown"
"5020567",378626,2026-05-04 12:47:03,28.9127807617188,-17.7940807342529,"Unknown"
"5020567",378626,2026-05-04 12:52:06,28.9120845794678,-17.7828254699707,"Unknown"
"5020567",378626,2026-05-04 12:57:05,28.9122943878174,-17.7832870483398,"Unknown"
"5020567",378626,2026-05-04 13:02:33,28.913948059082,-17.7870750427246,"Unknown"
"5020567",378626,2026-05-04 13:07:01,28.902214050293,-17.7888031005859,"Unknown"
"5020567",378626,2026-05-04 13:12:02,28.8900623321533,-17.7747840881348,"Unknown"
"5020567",378626,2026-05-04 13:17:01,28.8864479064941,-17.7664642333984,"Unknown"
"5020567",378626,2026-05-04 13:22:02,28.8831825256348,-17.7649269104004,"Unknown"
"5020567",378626,2026-05-04 13:27:03,28.8821907043457,-17.7630710601807,"Unknown"
"5020567",378626,2026-05-04 13:32:02,28.866641998291,-17.7586917877197,"Unknown"
"5020567",378626,2026-05-04 13:37:02,28.8439064025879,-17.7583599090576,"Unknown"
"5020567",378626,2026-05-04 13:42:02,28.8216075897217,-17.7653503417969,"Unknown"
"5020567",378626,2026-05-04 13:43:03,28.8174476623535,-17.7636795043945,"Unknown"
"5020567",378626,2026-05-04 13:44:02,28.8139896392822,-17.7608127593994,"Unknown"
"5020567",378626,2026-05-04 13:45:03,28.810173034668,-17.7578582763672,"Unknown"
"5020567",378626,2026-05-04 13:46:02,28.8063850402832,-17.7554244995117,"Unknown"
"5020567",378626,2026-05-04 13:47:02,28.8020458221436,-17.7532424926758,"Unknown"
"5020567",378626,2026-05-04 13:48:02,28.7976894378662,-17.7515964508057,"Unknown"
"5020567",378626,2026-05-04 13:49:02,28.7952327728271,-17.7480373382568,"Unknown"
"5020567",378626,2026-05-04 13:50:02,28.7910118103027,-17.7458934783936,"Unknown"
"5020567",378626,2026-05-04 13:51:02,28.7862377166748,-17.74440574646,"Unknown"
"5020567",378626,2026-05-04 13:52:02,28.7829074859619,-17.7420196533203,"Unknown"
"5020567",378626,2026-05-04 13:53:03,28.784646987915,-17.7398796081543,"Unknown"
"5020567",378626,2026-05-04 13:54:02,28.7847385406494,-17.740421295166,"Unknown"
"5020567",378626,2026-05-04 13:55:03,28.7848587036133,-17.740535736084,"Unknown"
"5020567",378626,2026-05-04 13:56:02,28.787052154541,-17.7445964813232,"Unknown"
"5020567",378626,2026-05-04 13:57:02,28.7871322631836,-17.7449951171875,"Unknown"
"5020567",378626,2026-05-04 13:58:02,28.7880477905273,-17.7445468902588,"Unknown"
"5020567",378626,2026-05-04 13:59:03,28.7881679534912,-17.7446479797363,"Unknown"
"5020567",378626,2026-05-04 14:00:04,28.7882881164551,-17.7447128295898,"Unknown"
"5020567",378626,2026-05-04 14:01:03,28.7884101867676,-17.7447910308838,"Unknown"
"5020567",378626,2026-05-04 14:02:03,28.7885303497314,-17.7448406219482,"Unknown"
"5020567",378626,2026-05-04 14:03:02,28.7887020111084,-17.7448863983154,"Unknown"
"5020567",378626,2026-05-04 14:04:03,28.7888240814209,-17.7449531555176,"Unknown"
"5020567",378626,2026-05-04 14:05:03,28.7889518737793,-17.745002746582,"Unknown"
"5020567",378626,2026-05-04 14:06:03,28.7890625,-17.7449836730957,"Unknown"
"5020567",378626,2026-05-04 14:07:04,28.7891426086426,-17.7450370788574,"Unknown"
"5020567",378626,2026-05-04 14:08:04,28.7892284393311,-17.7450695037842,"Unknown"
"5020567",378626,2026-05-04 14:09:04,28.7892761230469,-17.7451076507568,"Unknown"
"5020567",378626,2026-05-04 14:10:06,28.7893600463867,-17.7451572418213,"Unknown"
"5020567",378626,2026-05-04 14:11:04,28.7894706726074,-17.745153427124,"Unknown"
"5020567",378626,2026-05-04 14:12:06,28.7895584106445,-17.7451858520508,"Unknown"
"5020567",378626,2026-05-04 14:13:04,28.7896747589111,-17.7452239990234,"Unknown"
"5020567",378626,2026-05-04 14:14:04,28.7897815704346,-17.7452220916748,"Unknown"
"5020567",378626,2026-05-04 14:15:03,28.7893352508545,-17.7447109222412,"Unknown"
"5020567",378626,2026-05-04 14:16:03,28.7847862243652,-17.7431945800781,"Unknown"
"5020567",378626,2026-05-04 14:17:03,28.7797317504883,-17.7426815032959,"Unknown"
"5020567",378626,2026-05-04 14:18:03,28.7754440307617,-17.7407550811768,"Unknown"
"5020567",378626,2026-05-04 14:19:05,28.7706851959229,-17.7393455505371,"Unknown"
"5020567",378626,2026-05-04 14:20:04,28.7665271759033,-17.7368659973145,"Unknown"
"5020567",378626,2026-05-04 14:21:04,28.7645149230957,-17.7321357727051,"Unknown"
"5020567",378626,2026-05-04 14:22:04,28.7611274719238,-17.7287654876709,"Unknown"
"5020567",378626,2026-05-04 14:23:03,28.7619895935059,-17.723690032959,"Unknown"
"5020567",378626,2026-05-04 14:24:04,28.7642040252686,-17.7184677124023,"Unknown"
"5020567",378626,2026-05-04 14:29:05,28.7768077850342,-17.6949214935303,"Unknown"
"5020567",378626,2026-05-04 14:34:07,28.781530380249,-17.6943130493164,"Unknown"
"5020567",378626,2026-05-04 14:39:06,28.7826194763184,-17.6951198577881,"Unknown"
"5020567",378626,2026-05-04 14:44:05,28.7838001251221,-17.6958599090576,"Unknown"
"5020567",378626,2026-05-04 14:49:05,28.785005569458,-17.6965560913086,"Unknown"
"5020567",378626,2026-05-04 14:54:07,28.7862510681152,-17.6972770690918,"Unknown"
"5020567",378626,2026-05-04 14:59:04,28.7875938415527,-17.6978359222412,"Unknown"
"5020567",378626,2026-05-04 15:04:07,28.8160705566406,-17.7148265838623,"Unknown"
"5020567",378626,2026-05-04 15:09:06,28.8213043212891,-17.7146739959717,"Unknown"
"5020567",378626,2026-05-04 15:14:04,28.8336162567139,-17.7043933868408,"Unknown"
"5020567",378626,2026-05-04 15:19:04,28.8512840270996,-17.6968612670898,"Unknown"
"5020567",378626,2026-05-04 15:24:06,28.8774337768555,-17.6843280792236,"Unknown"
"5020567",378626,2026-05-04 15:29:07,28.898853302002,-17.6685619354248,"Unknown"
"5020567",378626,2026-05-04 15:34:07,28.9140739440918,-17.649471282959,"Unknown"
"5020567",378626,2026-05-04 15:39:04,28.921968460083,-17.6450939178467,"Unknown"
"5020567",378626,2026-05-04 15:44:05,28.9435520172119,-17.6339282989502,"Unknown"
"5020567",378626,2026-05-04 15:49:04,28.9603805541992,-17.6217708587646,"Unknown"
"5020567",378626,2026-05-04 15:54:06,28.9453163146973,-17.6049995422363,"Unknown"
"5020567",378626,2026-05-04 16:00:01,28.9265918731689,-17.5991458892822,"Unknown"
"5020567",378626,2026-05-04 16:04:04,28.9209251403809,-17.5989322662354,"Unknown"
"5020567",378626,2026-05-04 16:09:04,28.9018955230713,-17.5985488891602,"Unknown"
"5020567",378626,2026-05-04 16:14:04,28.8972110748291,-17.5990161895752,"Unknown"
"5020567",378626,2026-05-04 16:19:04,28.8737850189209,-17.6113452911377,"Unknown"
"5020567",378626,2026-05-04 16:24:04,28.8492279052734,-17.6240463256836,"Unknown"
"5020567",378626,2026-05-04 16:29:04,28.8428077697754,-17.6256866455078,"Unknown"
"5020567",378626,2026-05-04 16:34:05,28.8260345458984,-17.629467010498,"Unknown"
"5020567",378626,2026-05-04 16:39:04,28.8266544342041,-17.6299495697021,"Unknown"
"5020567",378626,2026-05-04 16:44:04,28.8272399902344,-17.6303596496582,"Unknown"
"5020567",378626,2026-05-04 16:49:04,28.8170356750488,-17.6323070526123,"Unknown"
"5020567",378626,2026-05-04 16:54:06,28.7969017028809,-17.6556720733643,"Unknown"
"5020567",378626,2026-05-04 16:59:04,28.7888240814209,-17.684642791748,"Unknown"
"5020567",378626,2026-05-04 17:04:04,28.7817440032959,-17.7125816345215,"Unknown"
"5020567",378626,2026-05-04 17:09:04,28.7872333526611,-17.7125720977783,"Unknown"
"5020567",378626,2026-05-04 17:14:04,28.7907409667969,-17.7043609619141,"Unknown"
"5020567",378626,2026-05-04 17:19:04,28.7884693145752,-17.7033557891846,"Unknown"
"5020567",378626,2026-05-04 17:24:05,28.7896537780762,-17.7035083770752,"Unknown"
"5020567",378626,2026-05-04 17:29:05,28.7904586791992,-17.7033157348633,"Unknown"
"5020567",378626,2026-05-04 17:34:04,28.7914752960205,-17.7036075592041,"Unknown"
"5020567",378626,2026-05-04 17:39:04,28.7924270629883,-17.6989135742188,"Unknown"
"5020567",378626,2026-05-04 17:44:06,28.7935447692871,-17.6990356445312,"Unknown"
"5020567",378626,2026-05-04 17:49:04,28.7945671081543,-17.6994247436523,"Unknown"
"5020567",378626,2026-05-04 17:54:04,28.7925205230713,-17.6982078552246,"Unknown"
"5020567",378626,2026-05-04 17:59:04,28.7935447692871,-17.6991348266602,"Unknown"
"5020567",378626,2026-05-04 18:05:30,28.7941970825195,-17.7186546325684,"Unknown"
"5020567",378626,2026-05-04 18:10:30,28.7883834838867,-17.7400608062744,"Unknown"
"5020567",378626,2026-05-04 18:14:33,28.7842292785645,-17.7335605621338,"Unknown"
"5020567",378626,2026-05-04 18:15:04,28.7842693328857,-17.733528137207,"Unknown"
"5020567",378626,2026-05-04 18:16:04,28.784351348877,-17.7334938049316,"Unknown"
"5020567",378626,2026-05-04 18:17:04,28.7844314575195,-17.7334213256836,"Unknown"
"5020567",378626,2026-05-04 18:18:04,28.784496307373,-17.733341217041,"Unknown"
"5020567",378626,2026-05-04 18:19:04,28.7845516204834,-17.7332630157471,"Unknown"
"5020567",378626,2026-05-04 18:20:04,28.7846145629883,-17.7331562042236,"Unknown"
"5020567",378626,2026-05-04 18:21:05,28.7824783325195,-17.7288246154785,"Unknown"
"5020567",378626,2026-05-04 18:22:04,28.7787837982178,-17.725414276123,"Unknown"
"5020567",378626,2026-05-04 18:23:05,28.7746353149414,-17.7222671508789,"Unknown"
"5020567",378626,2026-05-04 18:24:05,28.7710132598877,-17.7188816070557,"Unknown"
"5020567",378626,2026-05-04 18:29:04,28.7484855651855,-17.7144546508789,"Unknown"
"5020567",378626,2026-05-04 18:34:05,28.7253818511963,-17.7114810943604,"Unknown"
"5020567",378626,2026-05-04 18:39:05,28.7160549163818,-17.7140522003174,"Unknown"
"5020567",378626,2026-05-04 18:44:04,28.708963394165,-17.7181434631348,"Unknown"
"5020567",378626,2026-05-04 18:49:04,28.7182884216309,-17.7160377502441,"Unknown"
"5020567",378626,2026-05-04 18:54:05,28.7189693450928,-17.7163238525391,"Unknown"
"5020567",378626,2026-05-04 18:59:04,28.7202472686768,-17.7156295776367,"Unknown"
"5020567",378626,2026-05-04 19:04:07,28.7260112762451,-17.714672088623,"Unknown"
"5020567",378626,2026-05-04 19:09:07,28.7287197113037,-17.7157211303711,"Unknown"
"5020567",378626,2026-05-04 19:14:06,28.7297916412354,-17.7155380249023,"Unknown"
"5020567",378626,2026-05-04 19:19:06,28.7308902740479,-17.7154121398926,"Unknown"
"5020567",378626,2026-05-04 19:24:05,28.731954574585,-17.7153244018555,"Unknown"
"5020567",378626,2026-05-04 19:29:06,28.7329730987549,-17.7150630950928,"Unknown"
"5020567",378626,2026-05-04 19:34:05,28.7340698242188,-17.7149066925049,"Unknown"
"5020567",378626,2026-05-04 19:39:05,28.7351608276367,-17.7149028778076,"Unknown"
"5020567",378626,2026-05-04 19:44:05,28.7360973358154,-17.7148876190186,"Unknown"
"5020567",378626,2026-05-04 19:49:07,28.7371311187744,-17.7147598266602,"Unknown"
"5020567",378626,2026-05-04 19:54:05,28.738151550293,-17.7145862579346,"Unknown"
"5020567",378626,2026-05-04 19:59:08,28.7391777038574,-17.7144374847412,"Unknown"
"5020567",378626,2026-05-04 20:04:06,28.7401714324951,-17.7141208648682,"Unknown"
"5020567",378626,2026-05-04 20:09:05,28.741174697876,-17.7138824462891,"Unknown"
"5020567",378626,2026-05-04 20:14:09,28.7422256469727,-17.713565826416,"Unknown"
"5020567",378626,2026-05-04 20:19:08,28.7431869506836,-17.7134113311768,"Unknown"
"5020567",378626,2026-05-04 20:24:06,28.7439384460449,-17.713285446167,"Unknown"
"5020567",378626,2026-05-04 20:29:12,28.7448558807373,-17.7133502960205,"Unknown"
"5020567",378626,2026-05-04 20:34:08,28.745641708374,-17.7134304046631,"Unknown"
"5020567",378626,2026-05-04 20:39:07,28.7464179992676,-17.7135543823242,"Unknown"
"5020567",378626,2026-05-04 20:44:33,28.74733543396,-17.7137546539307,"Unknown"
"5020567",378626,2026-05-04 20:49:05,28.7480030059814,-17.7139549255371,"Unknown"
"5020567",378626,2026-05-04 20:54:04,28.7488346099854,-17.7138347625732,"Unknown"
"5020567",378626,2026-05-04 20:59:05,28.7496738433838,-17.7138805389404,"Unknown"
"5020567",378626,2026-05-04 21:04:05,28.7505130767822,-17.7140216827393,"Unknown"
"5020567",378626,2026-05-04 21:09:05,28.7513942718506,-17.7141456604004,"Unknown"
"5020567",378626,2026-05-04 21:14:05,28.7522640228271,-17.7142467498779,"Unknown"
"5020567",378626,2026-05-04 21:19:05,28.7533531188965,-17.7141857147217,"Unknown"
"5020567",378626,2026-05-04 21:24:05,28.7543315887451,-17.7141151428223,"Unknown"
"5020567",378626,2026-05-04 21:29:05,28.7553634643555,-17.7144966125488,"Unknown"
"5020567",378626,2026-05-04 21:34:06,28.7563076019287,-17.714994430542,"Unknown"
"5020567",378626,2026-05-04 21:39:06,28.7571926116943,-17.7155628204346,"Unknown"
"5020567",378626,2026-05-04 21:44:05,28.757999420166,-17.7157649993896,"Unknown"
"5020567",378626,2026-05-04 21:49:07,28.7589550018311,-17.7157974243164,"Unknown"
"5020567",378626,2026-05-04 21:54:05,28.7571067810059,-17.7127628326416,"Unknown"
"5020567",378626,2026-05-04 21:59:05,28.7580337524414,-17.7125759124756,"Unknown"
"5020567",378626,2026-05-04 22:04:07,28.7589988708496,-17.7124786376953,"Unknown"
"5020567",378626,2026-05-04 22:09:04,28.759895324707,-17.7123756408691,"Unknown"
"5020567",378626,2026-05-04 22:14:06,28.7608375549316,-17.7122459411621,"Unknown"
"5020567",378626,2026-05-04 22:19:05,28.7617568969727,-17.7120952606201,"Unknown"
"5020567",378626,2026-05-04 22:24:05,28.7626495361328,-17.7119064331055,"Unknown"
"5020567",378626,2026-05-04 22:29:05,28.7635555267334,-17.7117919921875,"Unknown"
"5020567",378626,2026-05-04 22:34:04,28.7644557952881,-17.7116680145264,"Unknown"
"5020567",378626,2026-05-04 22:39:06,28.7654247283936,-17.7115802764893,"Unknown"
"5020567",378626,2026-05-04 22:44:06,28.7664470672607,-17.7115802764893,"Unknown"
"5020567",378626,2026-05-04 22:49:07,28.7675018310547,-17.7114791870117,"Unknown"
"5020567",378626,2026-05-04 22:54:33,28.7687339782715,-17.711353302002,"Unknown"
"5020567",378626,2026-05-04 22:59:04,28.7697811126709,-17.711275100708,"Unknown"
"5020567",378626,2026-05-04 23:04:05,28.7708721160889,-17.7112426757812,"Unknown"
"5020567",378626,2026-05-04 23:09:05,28.7719268798828,-17.7111968994141,"Unknown"
"5020567",378626,2026-05-04 23:14:05,28.7729454040527,-17.7110652923584,"Unknown"
"5020567",378626,2026-05-04 23:19:05,28.7739391326904,-17.7109832763672,"Unknown"
"5020567",378626,2026-05-04 23:24:05,28.7749118804932,-17.7108516693115,"Unknown"
"5020567",378626,2026-05-04 23:29:05,28.7759342193604,-17.7106151580811,"Unknown"
"5020567",378626,2026-05-04 23:34:05,28.7769432067871,-17.7104434967041,"Unknown"
"5020567",378626,2026-05-04 23:39:05,28.7780208587646,-17.7103424072266,"Unknown"
"5020567",378626,2026-05-04 23:44:05,28.7790718078613,-17.7101573944092,"Unknown"
"5020567",378626,2026-05-04 23:49:05,28.7801761627197,-17.7099533081055,"Unknown"
"5020567",378626,2026-05-04 23:54:04,28.781322479248,-17.7097396850586,"Unknown"
"5020567",378626,2026-05-04 23:59:04,28.7825355529785,-17.7094173431396,"Unknown"
"5020567",378626,2026-05-05 00:04:05,28.7837791442871,-17.7090682983398,"Unknown"
"5020567",378626,2026-05-05 00:09:05,28.7850551605225,-17.7087898254395,"Unknown"
"5020567",378626,2026-05-05 00:14:06,28.7864074707031,-17.7085418701172,"Unknown"
"5020567",378626,2026-05-05 00:19:06,28.7876968383789,-17.7082214355469,"Unknown"
"5020567",378626,2026-05-05 00:24:05,28.7889575958252,-17.7078762054443,"Unknown"
"5020567",378626,2026-05-05 00:29:05,28.7902488708496,-17.7074432373047,"Unknown"
"5020567",378626,2026-05-05 00:34:05,28.7915229797363,-17.7069625854492,"Unknown"
"5020567",378626,2026-05-05 00:39:05,28.7873153686523,-17.7053318023682,"Unknown"
"5020567",378626,2026-05-05 00:44:05,28.7781219482422,-17.7050380706787,"Unknown"
"5020567",378626,2026-05-05 00:49:13,28.7642440795898,-17.7011375427246,"Unknown"
"5020567",378626,2026-05-05 00:54:13,28.765417098999,-17.7006416320801,"Unknown"
"5020567",378626,2026-05-05 00:59:09,28.7666282653809,-17.7000427246094,"Unknown"
"5020567",378626,2026-05-05 01:04:09,28.767822265625,-17.6995315551758,"Unknown"
"5020567",378626,2026-05-05 01:09:17,28.7689018249512,-17.6990528106689,"Unknown"
"5020567",378626,2026-05-05 01:14:33,28.7700958251953,-17.6984672546387,"Unknown"
"5020567",378626,2026-05-05 01:19:04,28.7710647583008,-17.6980667114258,"Unknown"
"5020567",378626,2026-05-05 01:24:05,28.7720680236816,-17.6976490020752,"Unknown"
"5020567",378626,2026-05-05 01:29:05,28.7731285095215,-17.6972904205322,"Unknown"
"5020567",378626,2026-05-05 01:34:06,28.7741661071777,-17.6968650817871,"Unknown"
"5020567",378626,2026-05-05 01:39:05,28.7753200531006,-17.6965503692627,"Unknown"
"5020567",378626,2026-05-05 01:44:05,28.776388168335,-17.6961326599121,"Unknown"
"5020567",378626,2026-05-05 01:49:05,28.7774066925049,-17.6956596374512,"Unknown"
"5020567",378626,2026-05-05 01:54:05,28.7783813476562,-17.6952056884766,"Unknown"
"5020567",378626,2026-05-05 01:59:05,28.7793102264404,-17.6946983337402,"Unknown"
"5020567",378626,2026-05-05 02:04:05,28.7802753448486,-17.6942405700684,"Unknown"
"5020567",378626,2026-05-05 02:09:05,28.7812938690186,-17.6937580108643,"Unknown"
"5020567",378626,2026-05-05 02:14:05,28.7821750640869,-17.6933460235596,"Unknown"
"5020567",378626,2026-05-05 02:19:05,28.7830905914307,-17.6929569244385,"Unknown"
"5020567",378626,2026-05-05 02:24:05,28.7840366363525,-17.6926002502441,"Unknown"
"5020567",378626,2026-05-05 02:29:07,28.7849445343018,-17.6922016143799,"Unknown"
"5020567",378626,2026-05-05 02:34:07,28.785961151123,-17.6918354034424,"Unknown"
"5020567",378626,2026-05-05 02:39:33,28.7868175506592,-17.6914196014404,"Unknown"
"5020567",378626,2026-05-05 02:44:05,28.776424407959,-17.6897964477539,"Unknown"
"5020567",378626,2026-05-05 02:49:04,28.7765083312988,-17.6895904541016,"Unknown"
"5020567",378626,2026-05-05 02:54:05,28.7773418426514,-17.6892013549805,"Unknown"
"5020567",378626,2026-05-05 02:59:05,28.7780838012695,-17.6887607574463,"Unknown"
"5020567",378626,2026-05-05 03:04:05,28.7786712646484,-17.6882839202881,"Unknown"
"5020567",378626,2026-05-05 03:09:04,28.7790489196777,-17.6878147125244,"Unknown"
"5020567",378626,2026-05-05 03:14:04,28.7794151306152,-17.6872901916504,"Unknown"
"5020567",378626,2026-05-05 03:19:05,28.7799682617188,-17.6869029998779,"Unknown"
"5020567",378626,2026-05-05 03:24:04,28.7683773040771,-17.6872596740723,"Unknown"
"5020567",378626,2026-05-05 03:29:05,28.7553234100342,-17.6851749420166,"Unknown"
"5020567",378626,2026-05-05 03:34:05,28.7558364868164,-17.6849956512451,"Unknown"
"5020567",378626,2026-05-05 03:39:06,28.7563705444336,-17.684778213501,"Unknown"
"5020567",378626,2026-05-05 03:44:07,28.7568817138672,-17.6844997406006,"Unknown"
"5020567",378626,2026-05-05 03:49:33,28.757511138916,-17.6842422485352,"Unknown"
"5020567",378626,2026-05-05 03:54:05,28.7579975128174,-17.6840133666992,"Unknown"
"5020567",378626,2026-05-05 03:59:05,28.7584857940674,-17.6837425231934,"Unknown"
"5020567",378626,2026-05-05 04:04:04,28.7589492797852,-17.6834964752197,"Unknown"
"5020567",378626,2026-05-05 04:09:05,28.7593784332275,-17.6833248138428,"Unknown"
"5020567",378626,2026-05-05 04:14:05,28.7597808837891,-17.6831703186035,"Unknown"
"5020567",378626,2026-05-05 04:19:05,28.7601013183594,-17.6830768585205,"Unknown"
"5020567",378626,2026-05-05 04:24:06,28.7604522705078,-17.6830596923828,"Unknown"
"5020567",378626,2026-05-05 04:29:05,28.7607955932617,-17.6829376220703,"Unknown"
"5020567",378626,2026-05-05 04:34:07,28.7611656188965,-17.682804107666,"Unknown"
"5020567",378626,2026-05-05 04:39:05,28.7615642547607,-17.6826515197754,"Unknown"
"5020567",378626,2026-05-05 04:44:05,28.7619609832764,-17.6824741363525,"Unknown"
"5020567",378626,2026-05-05 04:49:08,28.7622680664062,-17.6823024749756,"Unknown"
"5020567",378626,2026-05-05 04:54:10,28.7625732421875,-17.6820583343506,"Unknown"
"5020567",378626,2026-05-05 04:59:11,28.7629070281982,-17.6820182800293,"Unknown"
"5020567",378626,2026-05-05 05:04:06,28.7631759643555,-17.6820163726807,"Unknown"
"5020567",378626,2026-05-05 05:09:05,28.7634315490723,-17.6820068359375,"Unknown"
"5020567",378626,2026-05-05 05:14:05,28.7636280059814,-17.6819725036621,"Unknown"
"5020567",378626,2026-05-05 05:19:07,28.7638664245605,-17.6819610595703,"Unknown"
"5020567",378626,2026-05-05 05:24:05,28.7641086578369,-17.6819171905518,"Unknown"
"5020567",378626,2026-05-05 05:29:33,28.7634181976318,-17.6824798583984,"Unknown"
"5020567",378626,2026-05-05 05:34:05,28.7636394500732,-17.6826095581055,"Unknown"
"5020567",378626,2026-05-05 05:39:06,28.763973236084,-17.6826477050781,"Unknown"
"5020567",378626,2026-05-05 05:44:05,28.7635078430176,-17.6824512481689,"Unknown"
"5020567",378626,2026-05-05 05:49:05,28.7637252807617,-17.6826190948486,"Unknown"
"5020567",378626,2026-05-05 05:54:05,28.7639179229736,-17.6827831268311,"Unknown"
"5020567",378626,2026-05-05 05:59:05,28.7640972137451,-17.6830024719238,"Unknown"
"5020567",378626,2026-05-05 06:04:05,28.7642974853516,-17.6831703186035,"Unknown"
"5020567",378626,2026-05-05 06:09:04,28.7644519805908,-17.6832809448242,"Unknown"
"5020567",378626,2026-05-05 06:14:05,28.7618370056152,-17.684549331665,"Unknown"
"5020567",378626,2026-05-05 06:19:04,28.7480888366699,-17.6933860778809,"Unknown"
"5020567",378626,2026-05-05 06:24:05,28.7478713989258,-17.6933937072754,"Unknown"
"5020567",378626,2026-05-05 06:29:06,28.747953414917,-17.6934032440186,"Unknown"
"5020567",378626,2026-05-05 06:34:07,28.7480087280273,-17.6933002471924,"Unknown"
"5020567",378626,2026-05-05 06:39:05,28.7413272857666,-17.6947250366211,"Unknown"
"5020567",378626,2026-05-05 06:44:04,28.7238674163818,-17.6983261108398,"Unknown"
"5020567",378626,2026-05-05 06:49:07,28.723690032959,-17.6984081268311,"Unknown"
"5020567",378626,2026-05-05 06:54:07,28.725118637085,-17.717643737793,"Unknown"
"5020567",378626,2026-05-05 06:59:07,28.730770111084,-17.7183742523193,"Unknown"
"5020567",378626,2026-05-05 07:04:07,28.7305374145508,-17.7180061340332,"Unknown"
"5020567",378626,2026-05-05 07:09:04,28.7303524017334,-17.717622756958,"Unknown"
"5020567",378626,2026-05-05 07:14:04,28.730318069458,-17.7174167633057,"Unknown"
"5020567",378626,2026-05-05 07:19:09,28.7250537872314,-17.7264099121094,"Unknown"
"5020567",378626,2026-05-05 07:24:09,28.7251529693604,-17.72629737854,"Unknown"
"5020567",378626,2026-05-05 07:25:08,28.7251472473145,-17.7263145446777,"Unknown"
"5020567",378626,2026-05-05 07:26:08,28.725170135498,-17.7262229919434,"Unknown"
"5020567",378626,2026-05-05 07:27:08,28.7251663208008,-17.7262477874756,"Unknown"
"5020567",378626,2026-05-05 07:28:25,28.7251205444336,-17.7262325286865,"Unknown"
"5020567",378626,2026-05-05 07:29:07,28.7251205444336,-17.7262115478516,"Unknown"
"5020567",378626,2026-05-05 07:30:07,28.7251319885254,-17.7261447906494,"Unknown"
"5020567",378626,2026-05-05 07:31:09,28.7251510620117,-17.7261180877686,"Unknown"
"5020567",378626,2026-05-05 07:32:08,28.7251396179199,-17.7261619567871,"Unknown"
"5020567",378626,2026-05-05 07:33:06,28.72682762146,-17.7263412475586,"Unknown"
"5020567",378626,2026-05-05 07:35:27,28.7352542877197,-17.7228679656982,"Unknown"
"5020567",378626,2026-05-05 07:35:28,28.7352561950684,-17.7228679656982,"Unknown"
"5020567",378626,2026-05-05 07:40:30,28.7532577514648,-17.7252559661865,"Unknown"
"5020567",378626,2026-05-05 07:45:30,28.762845993042,-17.7231006622314,"Unknown"
"5020567",378626,2026-05-05 07:46:30,28.7623062133789,-17.7271785736084,"Unknown"
"5020567",378626,2026-05-05 07:51:31,28.7509250640869,-17.7244930267334,"Unknown"
"5020567",378626,2026-05-05 07:52:30,28.7508087158203,-17.7243518829346,"Unknown"
"5020567",378626,2026-05-05 07:57:30,28.7507419586182,-17.7236576080322,"Unknown"
"5020567",378626,2026-05-05 08:02:31,28.7489833831787,-17.7217597961426,"Unknown"
"5020567",378626,2026-05-05 08:07:30,28.7321395874023,-17.7133083343506,"Unknown"
"5020567",378626,2026-05-05 08:12:34,28.7357730865479,-17.7165565490723,"Unknown"
"5020567",378626,2026-05-05 08:17:34,28.7365341186523,-17.7188034057617,"Unknown"
"5020567",378626,2026-05-05 08:22:40,28.7388153076172,-17.7174892425537,"Unknown"
"5020567",378626,2026-05-05 08:27:30,28.7392234802246,-17.7154693603516,"Unknown"
"5020567",378626,2026-05-05 08:32:40,28.7408485412598,-17.7137413024902,"Unknown"
"5020567",378626,2026-05-05 08:37:33,28.7402877807617,-17.7127647399902,"Unknown"
"5020567",378626,2026-05-05 08:43:03,28.7399291992188,-17.7078437805176,"Unknown"
"5020567",378626,2026-05-05 08:47:30,28.7396602630615,-17.7077808380127,"Unknown"
"5020567",378626,2026-05-05 08:52:30,28.7394886016846,-17.7077388763428,"Unknown"
"5020567",378626,2026-05-05 08:57:30,28.739200592041,-17.7077236175537,"Unknown"
"5020567",378626,2026-05-05 09:02:30,28.738862991333,-17.7077140808105,"Unknown"
"5020567",378626,2026-05-05 09:07:30,28.7423629760742,-17.7079906463623,"Unknown"
"5020567",378626,2026-05-05 09:12:30,28.7388668060303,-17.7099056243896,"Unknown"
"5020567",378626,2026-05-05 09:17:30,28.749927520752,-17.714656829834,"Unknown"
"5020567",378626,2026-05-05 09:22:30,28.7580375671387,-17.7123432159424,"Unknown"
"5020567",378626,2026-05-05 09:27:33,28.7502479553223,-17.7045307159424,"Unknown"
"5020567",378626,2026-05-05 09:32:30,28.7445316314697,-17.702507019043,"Unknown"
"5020567",378626,2026-05-05 09:37:30,28.7368335723877,-17.6999092102051,"Unknown"
"5020567",378626,2026-05-05 09:42:30,28.7366886138916,-17.700719833374,"Unknown"
"5020567",378626,2026-05-05 09:47:30,28.7327899932861,-17.7068214416504,"Unknown"
"5020567",378626,2026-05-05 09:52:31,28.7271003723145,-17.7082824707031,"Unknown"
"5020567",378626,2026-05-05 09:57:34,28.7253742218018,-17.7062683105469,"Unknown"
"5020567",378626,2026-05-05 10:02:40,28.718843460083,-17.7069244384766,"Unknown"
"5020567",378626,2026-05-05 10:07:31,28.7144927978516,-17.7071094512939,"Unknown"
"5020567",378626,2026-05-05 10:12:47,28.7203922271729,-17.7096481323242,"Unknown"
"5020567",378626,2026-05-05 10:17:33,28.7271022796631,-17.7108955383301,"Unknown"
"5020567",378626,2026-05-05 10:22:33,28.7201347351074,-17.7138671875,"Unknown"
"5020567",378626,2026-05-05 10:28:03,28.7193775177002,-17.7122611999512,"Unknown"
"5020567",378626,2026-05-05 10:32:30,28.7167682647705,-17.7140712738037,"Unknown"
"5020567",378626,2026-05-05 10:37:30,28.7150611877441,-17.715238571167,"Unknown"
"5020567",378626,2026-05-05 10:42:30,28.714958190918,-17.7159843444824,"Unknown"
"5020567",378626,2026-05-05 10:47:30,28.7144985198975,-17.7167587280273,"Unknown"
"5020567",378626,2026-05-05 10:52:30,28.7186183929443,-17.7221336364746,"Unknown"
"5020567",378626,2026-05-05 10:57:30,28.7201824188232,-17.7197380065918,"Unknown"
"5020567",378626,2026-05-05 11:02:30,28.7268447875977,-17.7169227600098,"Unknown"
"5020567",378626,2026-05-05 11:07:31,28.7247200012207,-17.713659286499,"Unknown"
"5020567",378626,2026-05-05 11:12:30,28.7248458862305,-17.7135143280029,"Unknown"
"5020567",378626,2026-05-05 11:17:31,28.724946975708,-17.7134838104248,"Unknown"
"5020567",378626,2026-05-05 11:22:31,28.7304744720459,-17.7162704467773,"Unknown"
"5020567",378626,2026-05-05 11:27:31,28.7282066345215,-17.7165050506592,"Unknown"
"5020567",378626,2026-05-05 11:32:30,28.7310638427734,-17.7122688293457,"Unknown"
"5020567",378626,2026-05-05 11:37:31,28.7340888977051,-17.7117118835449,"Unknown"
"5020567",378626,2026-05-05 11:42:32,28.7344932556152,-17.7125148773193,"Unknown"
"5020567",378626,2026-05-05 11:47:31,28.7348175048828,-17.7131862640381,"Unknown"
"5020567",378626,2026-05-05 11:52:30,28.7306747436523,-17.7128944396973,"Unknown"
"5020567",378626,2026-05-05 11:57:30,28.7261734008789,-17.7135257720947,"Unknown"
"5020567",378626,2026-05-05 12:02:33,28.725772857666,-17.7132682800293,"Unknown"
"5020567",378626,2026-05-05 12:07:31,28.725378036499,-17.7130126953125,"Unknown"
"5020567",378626,2026-05-05 12:12:32,28.7247924804688,-17.7128391265869,"Unknown"
"5020567",378626,2026-05-05 12:17:31,28.7243003845215,-17.7127723693848,"Unknown"
"5020567",378626,2026-05-05 12:22:33,28.7239246368408,-17.712516784668,"Unknown"
"5020567",378626,2026-05-05 12:27:33,28.723518371582,-17.7123756408691,"Unknown"
"5020567",378626,2026-05-05 12:32:30,28.7227001190186,-17.7121353149414,"Unknown"
"5020567",378626,2026-05-05 12:37:33,28.7158851623535,-17.7133827209473,"Unknown"
"5020567",378626,2026-05-05 12:42:33,28.7159938812256,-17.7134113311768,"Unknown"
"5020567",378626,2026-05-05 12:47:33,28.7162475585938,-17.7133483886719,"Unknown"
"5020567",378626,2026-05-05 12:52:33,28.7165660858154,-17.7133121490479,"Unknown"
"5020567",378626,2026-05-05 12:57:32,28.7168006896973,-17.7133102416992,"Unknown"
"5020567",378626,2026-05-05 13:03:03,28.7170295715332,-17.7133388519287,"Unknown"
"5020567",378626,2026-05-05 13:07:33,28.7168922424316,-17.7133007049561,"Unknown"
"5020567",378626,2026-05-05 13:12:31,28.7166862487793,-17.7130699157715,"Unknown"
"5020567",378626,2026-05-05 13:17:33,28.7166175842285,-17.7130146026611,"Unknown"
"5020567",378626,2026-05-05 13:22:33,28.7166786193848,-17.713098526001,"Unknown"
"5020567",378626,2026-05-05 13:27:34,28.7169456481934,-17.7133464813232,"Unknown"
"5020567",378626,2026-05-05 13:32:34,28.7171096801758,-17.7136497497559,"Unknown"
"5020567",378626,2026-05-05 13:38:03,28.7173347473145,-17.7141647338867,"Unknown"
"5020567",378626,2026-05-05 13:42:30,28.7175331115723,-17.7144966125488,"Unknown"
"5020567",378626,2026-05-05 13:47:31,28.7179260253906,-17.7149562835693,"Unknown"
"5020567",378626,2026-05-05 13:52:30,28.7182998657227,-17.7153472900391,"Unknown"
"5020567",378626,2026-05-05 13:57:31,28.7186489105225,-17.7156429290771,"Unknown"
"5020567",378626,2026-05-05 14:02:31,28.7190589904785,-17.7158069610596,"Unknown"
"5020567",378626,2026-05-05 14:07:33,28.7192935943604,-17.7157974243164,"Unknown"
"5020567",378626,2026-05-05 14:12:31,28.7198486328125,-17.7158966064453,"Unknown"
"5020567",378626,2026-05-05 14:17:31,28.7205085754395,-17.7160682678223,"Unknown"
"5020567",378626,2026-05-05 14:22:30,28.7210273742676,-17.7163066864014,"Unknown"
"5020567",378626,2026-05-05 14:27:33,28.7214107513428,-17.7164115905762,"Unknown"
"5020567",378626,2026-05-05 14:32:31,28.7219295501709,-17.7167110443115,"Unknown"
"5020567",378626,2026-05-05 14:37:31,28.7227039337158,-17.7169723510742,"Unknown"
"5020567",378626,2026-05-05 14:42:30,28.7238082885742,-17.7172584533691,"Unknown"
"5020567",378626,2026-05-05 14:47:30,28.7244205474854,-17.717357635498,"Unknown"
"5020567",378626,2026-05-05 14:52:30,28.7251605987549,-17.7174320220947,"Unknown"
"5020567",378626,2026-05-05 14:57:30,28.7259292602539,-17.7175312042236,"Unknown"
"5020567",378626,2026-05-05 15:02:30,28.7267456054688,-17.7175407409668,"Unknown"
"5020567",378626,2026-05-05 15:07:30,28.7276401519775,-17.7175426483154,"Unknown"
"5020567",378626,2026-05-05 15:12:30,28.7284679412842,-17.7174739837646,"Unknown"
"5020567",378626,2026-05-05 15:17:36,28.7293529510498,-17.7173748016357,"Unknown"
"5020567",378626,2026-05-05 15:22:30,28.730188369751,-17.7173690795898,"Unknown"
"5020567",378626,2026-05-05 15:27:30,28.7312412261963,-17.7173614501953,"Unknown"
"5020567",378626,2026-05-05 15:32:30,28.7331485748291,-17.715669631958,"Unknown"
"5020567",378626,2026-05-05 15:37:32,28.7343063354492,-17.7151660919189,"Unknown"
"5020567",378626,2026-05-05 15:42:30,28.7352142333984,-17.7147274017334,"Unknown"
"5020567",378626,2026-05-05 15:47:37,28.7361621856689,-17.714376449585,"Unknown"
"5020567",378626,2026-05-05 15:52:31,28.7369651794434,-17.7138786315918,"Unknown"
"5020567",378626,2026-05-05 15:57:33,28.7376861572266,-17.7137260437012,"Unknown"
"5020567",378626,2026-05-05 16:03:02,28.7383327484131,-17.713695526123,"Unknown"
"5020567",378626,2026-05-05 16:07:30,28.7389163970947,-17.7137241363525,"Unknown"
"5020567",378626,2026-05-05 16:12:31,28.7395839691162,-17.7136287689209,"Unknown"
"5020567",378626,2026-05-05 16:17:31,28.7405052185059,-17.7133197784424,"Unknown"
"5020567",378626,2026-05-05 16:22:31,28.7412891387939,-17.7130393981934,"Unknown"
"5020567",378626,2026-05-05 16:27:30,28.7379112243652,-17.7110385894775,"Unknown"
"5020567",378626,2026-05-05 16:32:31,28.7326812744141,-17.7113647460938,"Unknown"
"5020567",378626,2026-05-05 16:37:31,28.7333221435547,-17.7120952606201,"Unknown"
"5020567",378626,2026-05-05 16:42:30,28.7340259552002,-17.7127666473389,"Unknown"
"5020567",378626,2026-05-05 16:47:32,28.734733581543,-17.7134895324707,"Unknown"
"5020567",378626,2026-05-05 16:52:31,28.7353439331055,-17.7141151428223,"Unknown"
"5020567",378626,2026-05-05 16:57:31,28.7360401153564,-17.7144069671631,"Unknown"
"5020567",378626,2026-05-05 17:02:31,28.736665725708,-17.7145462036133,"Unknown"
"5020567",378626,2026-05-05 17:07:31,28.7373123168945,-17.7148170471191,"Unknown"
"5020567",378626,2026-05-05 17:12:31,28.7379703521729,-17.7150497436523,"Unknown"
"5020567",378626,2026-05-05 17:17:31,28.7385749816895,-17.7151832580566,"Unknown"
"5020567",378626,2026-05-05 17:22:31,28.7390460968018,-17.7151756286621,"Unknown"
"5020567",378626,2026-05-05 17:27:31,28.7395172119141,-17.7152862548828,"Unknown"
"5020567",378626,2026-05-05 17:32:31,28.7399749755859,-17.7153205871582,"Unknown"
"5020567",378626,2026-05-05 17:37:31,28.7402534484863,-17.7152786254883,"Unknown"
"5020567",378626,2026-05-05 17:42:31,28.7377414703369,-17.7148265838623,"Unknown"
"5020567",378626,2026-05-05 17:48:03,28.738410949707,-17.7157077789307,"Unknown"
"5020567",378626,2026-05-05 17:52:30,28.7388610839844,-17.7158451080322,"Unknown"
"5020567",378626,2026-05-05 17:57:30,28.7395915985107,-17.7160186767578,"Unknown"
"5020567",378626,2026-05-05 18:02:30,28.7402667999268,-17.7161922454834,"Unknown"
"5020567",378626,2026-05-05 18:07:30,28.7405796051025,-17.7165699005127,"Unknown"
"5020567",378626,2026-05-05 18:12:30,28.7400913238525,-17.7163124084473,"Unknown"
"5020567",378626,2026-05-05 18:17:30,28.7410068511963,-17.7168922424316,"Unknown"
"5020567",378626,2026-05-05 18:22:30,28.7419033050537,-17.7176666259766,"Unknown"
"5020567",378626,2026-05-05 18:27:30,28.7316703796387,-17.71994972229,"Unknown"
"5020567",378626,2026-05-05 18:32:30,28.7184829711914,-17.7186737060547,"Unknown"
"5020567",378626,2026-05-05 18:37:30,28.7196655273438,-17.7176570892334,"Unknown"
"5020567",378626,2026-05-05 18:42:30,28.7255020141602,-17.7198829650879,"Unknown"
"5020567",378626,2026-05-05 18:47:30,28.728931427002,-17.7220268249512,"Unknown"
"5020567",378626,2026-05-05 18:52:30,28.729642868042,-17.7218990325928,"Unknown"
"5020567",378626,2026-05-05 18:57:30,28.7210807800293,-17.7232837677002,"Unknown"
"5020567",378626,2026-05-05 19:02:30,28.7217693328857,-17.7233581542969,"Unknown"
"5020567",378626,2026-05-05 19:07:30,28.722448348999,-17.7232723236084,"Unknown"
"5020567",378626,2026-05-05 19:12:30,28.7231788635254,-17.7232494354248,"Unknown"
"5020567",378626,2026-05-05 19:17:34,28.7239017486572,-17.7230625152588,"Unknown"
"5020567",378626,2026-05-05 19:22:30,28.7245674133301,-17.7231884002686,"Unknown"
"5020567",378626,2026-05-05 19:27:30,28.7251281738281,-17.7229919433594,"Unknown"
"5020567",378626,2026-05-05 19:32:30,28.725622177124,-17.7227191925049,"Unknown"
"5020567",378626,2026-05-05 19:37:30,28.726016998291,-17.7223167419434,"Unknown"
"5020567",378626,2026-05-05 19:42:30,28.7264995574951,-17.7219409942627,"Unknown"
"5020567",378626,2026-05-05 19:47:30,28.7268905639648,-17.7215480804443,"Unknown"
"5020567",378626,2026-05-05 19:52:31,28.727222442627,-17.7213039398193,"Unknown"
"5020567",378626,2026-05-05 19:57:30,28.727388381958,-17.7210025787354,"Unknown"
"5020567",378626,2026-05-05 20:03:02,28.7276000976562,-17.7208251953125,"Unknown"
"5020567",378626,2026-05-05 20:07:31,28.7277584075928,-17.7207107543945,"Unknown"
"5020567",378626,2026-05-05 20:12:31,28.7277507781982,-17.7206516265869,"Unknown"
"5020567",378626,2026-05-05 20:17:30,28.7277393341064,-17.720531463623,"Unknown"
"5020567",378626,2026-05-05 20:22:31,28.7278575897217,-17.7203845977783,"Unknown"
"5020567",378626,2026-05-05 20:27:30,28.7280559539795,-17.7201747894287,"Unknown"
"5020567",378626,2026-05-05 20:32:30,28.7280120849609,-17.7201194763184,"Unknown"
"5020567",378626,2026-05-05 20:37:30,28.7281074523926,-17.71999168396,"Unknown"
"5020567",378626,2026-05-05 20:42:30,28.7283725738525,-17.7198657989502,"Unknown"
"5020567",378626,2026-05-05 20:47:31,28.7286815643311,-17.7196769714355,"Unknown"
"5020567",378626,2026-05-05 20:52:30,28.729024887085,-17.7198429107666,"Unknown"
"5020567",378626,2026-05-05 20:57:31,28.7291355133057,-17.7202262878418,"Unknown"
"5020567",378626,2026-05-05 21:02:31,28.7290287017822,-17.7204875946045,"Unknown"
"5020567",378626,2026-05-05 21:07:31,28.7290821075439,-17.7204971313477,"Unknown"
"5020567",378626,2026-05-05 21:12:31,28.7293796539307,-17.7206535339355,"Unknown"
"5020567",378626,2026-05-05 21:17:31,28.7294673919678,-17.7206325531006,"Unknown"
"5020567",378626,2026-05-05 21:22:30,28.7295703887939,-17.7205810546875,"Unknown"
"5020567",378626,2026-05-05 21:27:31,28.7297058105469,-17.7205657958984,"Unknown"
"5020567",378626,2026-05-05 21:32:31,28.7298831939697,-17.7205982208252,"Unknown"
"5020567",378626,2026-05-05 21:37:31,28.730052947998,-17.7205600738525,"Unknown"
"5020567",378626,2026-05-05 21:42:31,28.7302532196045,-17.7205219268799,"Unknown"
"5020567",378626,2026-05-05 21:47:31,28.730504989624,-17.720588684082,"Unknown"
"5020567",378626,2026-05-05 21:52:31,28.7307796478271,-17.7206573486328,"Unknown"
"5020567",378626,2026-05-05 21:57:32,28.7311134338379,-17.7207622528076,"Unknown"
"5020567",378626,2026-05-05 22:02:31,28.7312850952148,-17.720682144165,"Unknown"
"5020567",378626,2026-05-05 22:07:32,28.7314624786377,-17.7205619812012,"Unknown"
"5020567",378626,2026-05-05 22:12:32,28.731876373291,-17.7204570770264,"Unknown"
"5020567",378626,2026-05-05 22:17:31,28.7320919036865,-17.720516204834,"Unknown"
"5020567",378626,2026-05-05 22:22:31,28.7324104309082,-17.7205905914307,"Unknown"
"5020567",378626,2026-05-05 22:27:32,28.7327308654785,-17.7206478118896,"Unknown"
"5020567",378626,2026-05-05 22:32:31,28.7331142425537,-17.7206974029541,"Unknown"
"5020567",378626,2026-05-05 22:37:32,28.7335891723633,-17.7207221984863,"Unknown"
"5020567",378626,2026-05-05 22:42:33,28.7340087890625,-17.7206611633301,"Unknown"
"5020567",378626,2026-05-05 22:47:32,28.734411239624,-17.7205429077148,"Unknown"
"5020567",378626,2026-05-05 22:53:03,28.7349891662598,-17.7203922271729,"Unknown"
"5020567",378626,2026-05-05 22:57:30,28.7354526519775,-17.7202796936035,"Unknown"
"5020567",378626,2026-05-05 23:02:30,28.7360134124756,-17.7201805114746,"Unknown"
"5020567",378626,2026-05-05 23:07:30,28.7365627288818,-17.7201175689697,"Unknown"
"5020567",378626,2026-05-05 23:12:30,28.7370929718018,-17.720064163208,"Unknown"
"5020567",378626,2026-05-05 23:17:30,28.7376270294189,-17.7200031280518,"Unknown"
"5020567",378626,2026-05-05 23:22:31,28.7382755279541,-17.719934463501,"Unknown"
"5020567",378626,2026-05-05 23:27:30,28.738862991333,-17.7199249267578,"Unknown"
"5020567",378626,2026-05-05 23:32:30,28.7394828796387,-17.7198505401611,"Unknown"
"5020567",378626,2026-05-05 23:37:30,28.7400932312012,-17.7197227478027,"Unknown"
"5020567",378626,2026-05-05 23:42:30,28.7407283782959,-17.7196311950684,"Unknown"
"5020567",378626,2026-05-05 23:47:30,28.7412605285645,-17.718677520752,"Unknown"
"5020567",378626,2026-05-05 23:52:30,28.7420196533203,-17.7185859680176,"Unknown"
"5020567",378626,2026-05-05 23:57:30,28.7428207397461,-17.7184600830078,"Unknown"
"5020567",378626,2026-05-06 00:02:30,28.7436618804932,-17.7182273864746,"Unknown"
"5020567",378626,2026-05-06 00:07:30,28.7444839477539,-17.7180976867676,"Unknown"
"5020567",378626,2026-05-06 00:12:30,28.7453289031982,-17.7180633544922,"Unknown"
"5020567",378626,2026-05-06 00:17:30,28.746223449707,-17.7181243896484,"Unknown"
"5020567",378626,2026-05-06 00:22:30,28.7471656799316,-17.7182483673096,"Unknown"
"5020567",378626,2026-05-06 00:27:31,28.7479343414307,-17.7183265686035,"Unknown"
"5020567",378626,2026-05-06 00:32:30,28.7487773895264,-17.718391418457,"Unknown"
"5020567",378626,2026-05-06 00:37:30,28.7496814727783,-17.7184619903564,"Unknown"
"5020567",378626,2026-05-06 00:42:30,28.7506904602051,-17.7174663543701,"Unknown"
"5020567",378626,2026-05-06 00:47:31,28.7515964508057,-17.7175235748291,"Unknown"
"5020567",378626,2026-05-06 00:52:31,28.7524890899658,-17.7175884246826,"Unknown"
"5020567",378626,2026-05-06 00:57:31,28.7533874511719,-17.717700958252,"Unknown"
"5020567",378626,2026-05-06 01:02:33,28.7543087005615,-17.7178382873535,"Unknown"
"5020567",378626,2026-05-06 01:07:33,28.7455272674561,-17.7120628356934,"Unknown"
"5020567",378626,2026-05-06 01:13:03,28.7436447143555,-17.7112560272217,"Unknown"
"5020567",378626,2026-05-06 01:17:30,28.7442893981934,-17.7111110687256,"Unknown"
"5020567",378626,2026-05-06 01:22:30,28.745096206665,-17.7109394073486,"Unknown"
"5020567",378626,2026-05-06 01:27:30,28.7459564208984,-17.7107944488525,"Unknown"
"5020567",378626,2026-05-06 01:32:30,28.7468147277832,-17.7106742858887,"Unknown"
"5020567",378626,2026-05-06 01:37:30,28.7476329803467,-17.7105522155762,"Unknown"
"5020567",378626,2026-05-06 01:42:30,28.7484550476074,-17.7104225158691,"Unknown"
"5020567",378626,2026-05-06 01:47:30,28.7372589111328,-17.7118377685547,"Unknown"
"5020567",378626,2026-05-06 01:52:30,28.7378349304199,-17.7115535736084,"Unknown"
"5020567",378626,2026-05-06 01:57:30,28.7384166717529,-17.711275100708,"Unknown"
"5020567",378626,2026-05-06 02:02:30,28.7390327453613,-17.7109851837158,"Unknown"
"5020567",378626,2026-05-06 02:07:30,28.7396469116211,-17.7106742858887,"Unknown"
"5020567",378626,2026-05-06 02:12:30,28.7356700897217,-17.7091674804688,"Unknown"
"5020567",378626,2026-05-06 02:17:30,28.7348136901855,-17.7080707550049,"Unknown"
"5020567",378626,2026-05-06 02:22:29,28.7147903442383,-17.6999015808105,"Unknown"
"5020567",378626,2026-05-06 02:27:30,28.7144184112549,-17.6999816894531,"Unknown"
"5020567",378626,2026-05-06 02:32:30,28.7147808074951,-17.6997566223145,"Unknown"
"5020567",378626,2026-05-06 02:37:30,28.7149639129639,-17.6993217468262,"Unknown"
"5020567",378626,2026-05-06 02:42:31,28.7152614593506,-17.6990966796875,"Unknown"
"5020567",378626,2026-05-06 02:47:30,28.7156581878662,-17.6988754272461,"Unknown"
"5020567",378626,2026-05-06 02:52:30,28.7160015106201,-17.6986312866211,"Unknown"
"5020567",378626,2026-05-06 02:57:30,28.716251373291,-17.6983680725098,"Unknown"
"5020567",378626,2026-05-06 03:02:30,28.7165069580078,-17.6981258392334,"Unknown"
"5020567",378626,2026-05-06 03:07:30,28.7073268890381,-17.6928062438965,"Unknown"
"5020567",378626,2026-05-06 03:12:30,28.6830101013184,-17.6833972930908,"Unknown"
"5020567",378626,2026-05-06 03:17:30,28.6569347381592,-17.6785011291504,"Unknown"
"5020567",378626,2026-05-06 03:22:31,28.6523494720459,-17.6784954071045,"Unknown"
"5020567",378626,2026-05-06 03:27:30,28.6517314910889,-17.678783416748,"Unknown"
"5020567",378626,2026-05-06 03:32:31,28.6511058807373,-17.6790161132812,"Unknown"
"5020567",378626,2026-05-06 03:37:30,28.6505107879639,-17.6793117523193,"Unknown"
"5020567",378626,2026-05-06 03:42:30,28.6499671936035,-17.6796226501465,"Unknown"
"5020567",378626,2026-05-06 03:47:31,28.6494750976562,-17.6799697875977,"Unknown"
"5020567",378626,2026-05-06 03:52:31,28.6490840911865,-17.680248260498,"Unknown"
"5020567",378626,2026-05-06 03:57:31,28.6486549377441,-17.6806373596191,"Unknown"
"5020567",378626,2026-05-06 04:03:02,28.6481227874756,-17.6810626983643,"Unknown"
"5020567",378626,2026-05-06 04:07:31,28.6477127075195,-17.6814079284668,"Unknown"
"5020567",378626,2026-05-06 04:12:33,28.6472625732422,-17.6818923950195,"Unknown"
"5020567",378626,2026-05-06 04:17:32,28.6467361450195,-17.6823310852051,"Unknown"
"5020567",378626,2026-05-06 04:22:31,28.6461601257324,-17.6828269958496,"Unknown"
"5020567",378626,2026-05-06 04:27:31,28.6455631256104,-17.6833724975586,"Unknown"
"5020567",378626,2026-05-06 04:33:05,28.6448783874512,-17.684045791626,"Unknown"
"5020567",378626,2026-05-06 04:37:30,28.6443099975586,-17.6845417022705,"Unknown"
"5020567",378626,2026-05-06 04:42:30,28.6436309814453,-17.6850738525391,"Unknown"
"5020567",378626,2026-05-06 04:47:31,28.642936706543,-17.6856269836426,"Unknown"
"5020567",378626,2026-05-06 04:52:30,28.6422538757324,-17.6861839294434,"Unknown"
"5020567",378626,2026-05-06 04:57:31,28.6414909362793,-17.6867332458496,"Unknown"
"5020567",378626,2026-05-06 05:02:30,28.6407661437988,-17.6873874664307,"Unknown"
"5020567",378626,2026-05-06 05:07:33,28.6400165557861,-17.6880931854248,"Unknown"
"5020567",378626,2026-05-06 05:12:31,28.6392784118652,-17.6887683868408,"Unknown"
"5020567",378626,2026-05-06 05:17:30,28.6385059356689,-17.6894760131836,"Unknown"
"5020567",378626,2026-05-06 05:22:31,28.6376762390137,-17.6902446746826,"Unknown"
"5020567",378626,2026-05-06 05:27:31,28.636833190918,-17.6910552978516,"Unknown"
"5020567",378626,2026-05-06 05:32:31,28.6359977722168,-17.6918601989746,"Unknown"
"5020567",378626,2026-05-06 05:37:33,28.6352863311768,-17.692720413208,"Unknown"
"5020567",378626,2026-05-06 05:42:32,28.6345157623291,-17.6935348510742,"Unknown"
"5020567",378626,2026-05-06 05:47:35,28.6337509155273,-17.6943817138672,"Unknown"
"5020567",378626,2026-05-06 05:52:30,28.6330165863037,-17.6951961517334,"Unknown"
"5020567",378626,2026-05-06 05:57:30,28.6322555541992,-17.6960201263428,"Unknown"
"5020567",378626,2026-05-06 06:02:34,28.6315956115723,-17.6969318389893,"Unknown"
"5020567",378626,2026-05-06 06:07:30,28.6134815216064,-17.6828727722168,"Unknown"
"5020567",378626,2026-05-06 06:12:33,28.5913619995117,-17.6685218811035,"Unknown"
"5020567",378626,2026-05-06 06:17:33,28.5713977813721,-17.6560192108154,"Unknown"
"5020567",378626,2026-05-06 06:22:31,28.5497016906738,-17.6465816497803,"Unknown"
"5020567",378626,2026-05-06 06:27:34,28.5238227844238,-17.6407527923584,"Unknown"
"5020567",378626,2026-05-06 06:32:31,28.5000782012939,-17.6316413879395,"Unknown"
"5020567",378626,2026-05-06 06:37:30,28.4757614135742,-17.6259231567383,"Unknown"
"5020567",378626,2026-05-06 06:42:33,28.4516773223877,-17.6148948669434,"Unknown"
"5020567",378626,2026-05-06 06:47:30,28.4411735534668,-17.6085071563721,"Unknown"
"5020567",378626,2026-05-06 06:52:33,28.4275798797607,-17.5981044769287,"Unknown"
"5020567",378626,2026-05-06 06:57:39,28.4241561889648,-17.5969181060791,"Unknown"
"5020567",378626,2026-05-06 07:03:56,28.4081897735596,-17.5923671722412,"Unknown"
"5020567",378626,2026-05-06 07:08:56,28.3845767974854,-17.5803775787354,"Unknown"
"5020567",378626,2026-05-06 07:13:27,28.3683452606201,-17.5713367462158,"Unknown"
"5020567",378626,2026-05-06 07:17:46,28.3632831573486,-17.5702819824219,"Unknown"
"5020567",378626,2026-05-06 07:22:33,28.3558959960938,-17.5745639801025,"Unknown"
"5020567",378626,2026-05-06 07:27:32,28.3480834960938,-17.5778141021729,"Unknown"
"5020567",378626,2026-05-06 07:38:35,28.3370037078857,-17.5913238525391,"Unknown"
"5020567",378626,2026-05-06 07:42:33,28.3375110626221,-17.5942401885986,"Unknown"
"5020567",378626,2026-05-06 07:47:30,28.3385162353516,-17.5894603729248,"Unknown"
"5020567",378626,2026-05-06 07:52:33,28.3344879150391,-17.5866260528564,"Unknown"
"5020567",378626,2026-05-06 07:57:30,28.3289279937744,-17.5900402069092,"Unknown"
"5020567",378626,2026-05-06 08:03:56,28.3255977630615,-17.5886554718018,"Unknown"
"5020567",378626,2026-05-06 08:08:56,28.3182983398438,-17.5907592773438,"Unknown"
"5020567",378626,2026-05-06 08:13:02,28.3206729888916,-17.5938243865967,"Unknown"
"5020567",378626,2026-05-06 08:17:31,28.3237438201904,-17.5901374816895,"Unknown"
"5020567",378626,2026-05-06 08:22:32,28.3297672271729,-17.5879688262939,"Unknown"
"5020567",378626,2026-05-06 08:27:30,28.3364181518555,-17.5880699157715,"Unknown"
"5020567",378626,2026-05-06 08:32:30,28.3379039764404,-17.5837154388428,"Unknown"
"5020567",378626,2026-05-06 08:37:30,28.3384037017822,-17.5789604187012,"Unknown"
"5020567",378626,2026-05-06 08:42:31,28.3351230621338,-17.5823936462402,"Unknown"
"5020567",378626,2026-05-06 08:47:30,28.3347129821777,-17.5784282684326,"Unknown"
"5020567",378626,2026-05-06 08:52:30,28.3390617370605,-17.5741100311279,"Unknown"
"5020567",378626,2026-05-06 08:57:30,28.3324794769287,-17.5716705322266,"Unknown"
"5020567",378626,2026-05-06 09:02:30,28.3323383331299,-17.5730495452881,"Unknown"
"5020567",378626,2026-05-06 09:07:30,28.3216323852539,-17.5643157958984,"Unknown"
"5020567",378626,2026-05-06 09:12:30,28.3014430999756,-17.550142288208,"Unknown"
"5020567",378626,2026-05-06 09:17:30,28.3027057647705,-17.5349826812744,"Unknown"
"5020567",378626,2026-05-06 09:22:34,28.3019199371338,-17.5369186401367,"Unknown"
"5020567",378626,2026-05-06 09:27:30,28.3009281158447,-17.5344619750977,"Unknown"
"5020567",378626,2026-05-06 09:32:30,28.2974948883057,-17.5339775085449,"Unknown"
"5020567",378626,2026-05-06 09:37:32,28.2957916259766,-17.5328731536865,"Unknown"
"5020567",378626,2026-05-06 09:42:33,28.2804126739502,-17.5209846496582,"Unknown"
"5020567",378626,2026-05-06 09:47:33,28.2704067230225,-17.5082664489746,"Unknown"
"5020567",378626,2026-05-06 09:52:33,28.2706203460693,-17.5087985992432,"Unknown"
"5020567",378626,2026-05-06 09:57:33,28.2708854675293,-17.509298324585,"Unknown"
"5020567",378626,2026-05-06 10:02:33,28.2710266113281,-17.5098628997803,"Unknown"
"5020567",378626,2026-05-06 10:08:03,28.2712383270264,-17.5104656219482,"Unknown"
"5020567",378626,2026-05-06 10:12:30,28.2713451385498,-17.5110549926758,"Unknown"
"5020567",378626,2026-05-06 10:17:30,28.2714176177979,-17.511646270752,"Unknown"
"5020567",378626,2026-05-06 10:22:30,28.2724685668945,-17.5003528594971,"Unknown"
"5020567",378626,2026-05-06 10:27:30,28.2598247528076,-17.4837131500244,"Unknown"
"5020567",378626,2026-05-06 10:32:30,28.262035369873,-17.4615020751953,"Unknown"
"5020567",378626,2026-05-06 10:37:30,28.2825145721436,-17.4523620605469,"Unknown"
"5020567",378626,2026-05-06 10:42:31,28.2884120941162,-17.4443244934082,"Unknown"
"5020567",378626,2026-05-06 10:47:30,28.3054180145264,-17.4313488006592,"Unknown"
"5020567",378626,2026-05-06 10:52:30,28.3143920898438,-17.426887512207,"Unknown"
"5020567",378626,2026-05-06 10:57:30,28.3149967193604,-17.427417755127,"Unknown"
"5020567",378626,2026-05-06 11:02:30,28.327995300293,-17.416259765625,"Unknown"
"5020567",378626,2026-05-06 11:07:30,28.347972869873,-17.4044494628906,"Unknown"
"5020567",378626,2026-05-06 11:12:30,28.3613967895508,-17.393196105957,"Unknown"
"5020567",378626,2026-05-06 11:17:31,28.3606510162354,-17.3727912902832,"Unknown"
"5020567",378626,2026-05-06 11:22:30,28.3449440002441,-17.3589344024658,"Unknown"
"5020567",378626,2026-05-06 11:27:30,28.3253612518311,-17.343656539917,"Unknown"
"5020567",378626,2026-05-06 11:32:30,28.3173274993896,-17.3331565856934,"Unknown"
"5020567",378626,2026-05-06 11:37:31,28.3146896362305,-17.3274326324463,"Unknown"
"5020567",378626,2026-05-06 11:42:31,28.312967300415,-17.3105964660645,"Unknown"
"5020567",378626,2026-05-06 11:47:36,28.3143920898438,-17.3080463409424,"Unknown"
"5020567",378626,2026-05-06 11:52:32,28.3164329528809,-17.3081855773926,"Unknown"
"5020567",378626,2026-05-06 11:57:31,28.31862449646,-17.3077507019043,"Unknown"
"5020567",378626,2026-05-06 12:02:31,28.3201198577881,-17.3063144683838,"Unknown"
"5020567",378626,2026-05-06 12:07:30,28.3232593536377,-17.3079719543457,"Unknown"
"5020567",378626,2026-05-06 12:12:30,28.3286266326904,-17.3074436187744,"Unknown"
"5020567",378626,2026-05-06 12:17:31,28.3326148986816,-17.3090744018555,"Unknown"
"5020567",378626,2026-05-06 12:22:31,28.3376197814941,-17.3081588745117,"Unknown"
"5020567",378626,2026-05-06 12:27:33,28.3409996032715,-17.309497833252,"Unknown"
"5020567",378626,2026-05-06 12:32:31,28.3446407318115,-17.3075332641602,"Unknown"
"5020567",378626,2026-05-06 12:37:33,28.3465270996094,-17.3075733184814,"Unknown"
"5020567",378626,2026-05-06 12:42:33,28.3491516113281,-17.3071727752686,"Unknown"
"5020567",378626,2026-05-06 12:47:32,28.3576927185059,-17.3019065856934,"Unknown"
"5020567",378626,2026-05-06 12:52:33,28.361873626709,-17.2815570831299,"Unknown"
"5020567",378626,2026-05-06 12:57:34,28.3668937683105,-17.2755680084229,"Unknown"
"5020567",378626,2026-05-06 13:28:27,28.3447723388672,-17.1968746185303,"Unknown"
"5020567",378626,2026-05-06 13:32:31,28.3317031860352,-17.1815338134766,"Unknown"
"5020567",378626,2026-05-06 13:37:33,28.3128795623779,-17.1665592193604,"Unknown"
"5020567",378626,2026-05-06 13:42:33,28.2894458770752,-17.1535186767578,"Unknown"
"5020567",378626,2026-05-06 13:47:34,28.2732887268066,-17.133960723877,"Unknown"
"5020567",378626,2026-05-06 13:52:32,28.2680740356445,-17.1380138397217,"Unknown"
"5020567",378626,2026-05-06 13:57:36,28.2678527832031,-17.1393356323242,"Unknown"
"5020567",378626,2026-05-06 14:03:03,28.2603225708008,-17.1471557617188,"Unknown"
"5020567",378626,2026-05-06 14:07:30,28.2565250396729,-17.1499767303467,"Unknown"
"5020567",378626,2026-05-06 14:12:30,28.248197555542,-17.1514949798584,"Unknown"
"5020567",378626,2026-05-06 14:17:30,28.2363815307617,-17.1553058624268,"Unknown"
"5020567",378626,2026-05-06 14:22:30,28.2275714874268,-17.158260345459,"Unknown"
"5020567",378626,2026-05-06 14:27:30,28.2188053131104,-17.1570262908936,"Unknown"
"5020567",378626,2026-05-06 14:32:30,28.2034969329834,-17.150764465332,"Unknown"
"5020567",378626,2026-05-06 14:37:31,28.1844749450684,-17.1258335113525,"Unknown"
"5020567",378626,2026-05-06 14:42:30,28.1695384979248,-17.1005744934082,"Unknown"
"5020567",378626,2026-05-06 14:47:30,28.1678047180176,-17.0980014801025,"Unknown"
"5020567",378626,2026-05-06 14:52:30,28.1687431335449,-17.095666885376,"Unknown"
"5020567",378626,2026-05-06 14:57:30,28.1690635681152,-17.0960369110107,"Unknown"
"5020567",378626,2026-05-06 15:02:31,28.1749629974365,-17.0783863067627,"Unknown"
"5020567",378626,2026-05-06 15:07:30,28.1793422698975,-17.080493927002,"Unknown"
"5020567",378626,2026-05-06 15:12:30,28.1787910461426,-17.0836544036865,"Unknown"
"5020567",378626,2026-05-06 15:17:30,28.1794452667236,-17.0822010040283,"Unknown"
"5020567",378626,2026-05-06 15:22:30,28.1752128601074,-17.0795116424561,"Unknown"
"5020567",378626,2026-05-06 15:27:30,28.1756610870361,-17.0815124511719,"Unknown"
"5020567",378626,2026-05-06 15:32:31,28.1759166717529,-17.0835762023926,"Unknown"
"5020567",378626,2026-05-06 15:37:30,28.1769866943359,-17.081018447876,"Unknown"
"5020567",378626,2026-05-06 15:42:31,28.1690406799316,-17.0738658905029,"Unknown"
"5020567",378626,2026-05-06 15:47:30,28.1559410095215,-17.0707874298096,"Unknown"
"5020567",378626,2026-05-06 15:52:32,28.1587524414062,-17.069263458252,"Unknown"
"5020567",378626,2026-05-06 15:57:30,28.1591053009033,-17.0706043243408,"Unknown"
"5020567",378626,2026-05-06 16:02:30,28.1497936248779,-17.0667304992676,"Unknown"
"5020567",378626,2026-05-06 16:07:30,28.1500453948975,-17.0660667419434,"Unknown"
"5020567",378626,2026-05-06 16:12:30,28.150972366333,-17.0690689086914,"Unknown"
"5020567",378626,2026-05-06 16:17:32,28.1511878967285,-17.0685291290283,"Unknown"
"5020567",378626,2026-05-06 16:22:31,28.1611862182617,-17.066873550415,"Unknown"
"5020567",378626,2026-05-06 16:27:33,28.1642799377441,-17.0650806427002,"Unknown"
"5020567",378626,2026-05-06 16:32:31,28.1706409454346,-17.0706424713135,"Unknown"
"5020567",378626,2026-05-06 16:37:31,28.1695709228516,-17.0710391998291,"Unknown"
"5020567",378626,2026-05-06 16:42:33,28.1828327178955,-17.0832939147949,"Unknown"
"5020567",378626,2026-05-06 16:47:33,28.1903686523438,-17.0815544128418,"Unknown"
"5020567",378626,2026-05-06 16:52:32,28.1889972686768,-17.1019420623779,"Unknown"
"5020567",378626,2026-05-06 16:57:31,28.2099533081055,-17.1154708862305,"Unknown"
"5020567",378626,2026-05-06 17:02:35,28.2293472290039,-17.1258792877197,"Unknown"
"5020567",378626,2026-05-06 17:08:56,28.2273979187012,-17.1201934814453,"Unknown"
"5020567",378626,2026-05-06 17:13:03,28.2274494171143,-17.1201820373535,"Unknown"
"5020567",378626,2026-05-06 17:17:30,28.22092628479,-17.1131858825684,"Unknown"
"5020567",378626,2026-05-06 17:22:30,28.2231407165527,-17.1089859008789,"Unknown"
"5020567",378626,2026-05-06 17:27:30,28.22629737854,-17.1054668426514,"Unknown"
"5020567",378626,2026-05-06 17:32:30,28.2294368743896,-17.1017055511475,"Unknown"
"5020567",378626,2026-05-06 17:37:30,28.2300281524658,-17.1016082763672,"Unknown"
"5020567",378626,2026-05-06 17:42:29,28.2307529449463,-17.099292755127,"Unknown"
"5020567",378626,2026-05-06 17:47:32,28.2292385101318,-17.0831642150879,"Unknown"
"5020567",378626,2026-05-06 17:52:31,28.2274875640869,-17.0856170654297,"Unknown"
"5020567",378626,2026-05-06 17:57:31,28.2280464172363,-17.0824451446533,"Unknown"
"5020567",378626,2026-05-06 18:02:36,28.2260780334473,-17.0717811584473,"Unknown"
"5020567",378626,2026-05-06 18:07:31,28.2265319824219,-17.0665721893311,"Unknown"
"5020567",378626,2026-05-06 18:12:31,28.2257289886475,-17.0581684112549,"Unknown"
"5020567",378626,2026-05-06 18:17:31,28.2233905792236,-17.0530796051025,"Unknown"
"5020567",378626,2026-05-06 18:22:32,28.2206363677979,-17.0572834014893,"Unknown"
"5020567",378626,2026-05-06 18:27:31,28.2097282409668,-17.0594367980957,"Unknown"
"5020567",378626,2026-05-06 18:32:32,28.222957611084,-17.0688419342041,"Unknown"
"5020567",378626,2026-05-06 18:37:31,28.2226753234863,-17.0678749084473,"Unknown"
"5020567",378626,2026-05-06 18:42:31,28.2222423553467,-17.0673675537109,"Unknown"
"5020567",378626,2026-05-06 18:47:31,28.2217769622803,-17.0672073364258,"Unknown"
"5020567",378626,2026-05-06 18:52:31,28.2213077545166,-17.0668601989746,"Unknown"
"5020567",378626,2026-05-06 18:57:31,28.2207927703857,-17.0668449401855,"Unknown"
"5020567",378626,2026-05-06 19:02:33,28.2202701568604,-17.0669116973877,"Unknown"
"5020567",378626,2026-05-06 19:07:31,28.2196407318115,-17.0672416687012,"Unknown"
"5020567",378626,2026-05-06 19:12:31,28.2189636230469,-17.0676345825195,"Unknown"
"5020567",378626,2026-05-06 19:17:31,28.2187042236328,-17.0677490234375,"Unknown"
"5020567",378626,2026-05-06 19:22:33,28.2183876037598,-17.068187713623,"Unknown"
"5020567",378626,2026-05-06 19:27:32,28.2179832458496,-17.0683727264404,"Unknown"
"5020567",378626,2026-05-06 19:32:31,28.2176284790039,-17.0683555603027,"Unknown"
"5020567",378626,2026-05-06 19:37:33,28.2172660827637,-17.0683250427246,"Unknown"
"5020567",378626,2026-05-06 19:42:37,28.2169723510742,-17.0680866241455,"Unknown"
"5020567",378626,2026-05-06 19:47:32,28.2133541107178,-17.0714263916016,"Unknown"
"5020567",378626,2026-05-06 19:52:36,28.2134952545166,-17.0720672607422,"Unknown"
"5020567",378626,2026-05-06 19:57:35,28.2130756378174,-17.0720195770264,"Unknown"
"5020567",378626,2026-05-06 20:03:02,28.2124366760254,-17.0719738006592,"Unknown"
"5020567",378626,2026-05-06 20:07:32,28.2118263244629,-17.071813583374,"Unknown"
"5020567",378626,2026-05-06 20:12:32,28.2112140655518,-17.0718593597412,"Unknown"
"5020567",378626,2026-05-06 20:17:32,28.2105464935303,-17.0718059539795,"Unknown"
"5020567",378626,2026-05-06 20:22:32,28.2098217010498,-17.0719146728516,"Unknown"
"5020567",378626,2026-05-06 20:27:32,28.2090301513672,-17.0720405578613,"Unknown"
"5020567",378626,2026-05-06 20:32:32,28.2082099914551,-17.0722255706787,"Unknown"
"5020567",378626,2026-05-06 20:37:32,28.2073593139648,-17.0723457336426,"Unknown"
"5020567",378626,2026-05-06 20:42:33,28.206392288208,-17.0723190307617,"Unknown"
"5020567",378626,2026-05-06 20:47:32,28.205358505249,-17.0721950531006,"Unknown"
"5020567",378626,2026-05-06 20:52:32,28.2043228149414,-17.0721130371094,"Unknown"
"5020567",378626,2026-05-06 20:57:32,28.2033672332764,-17.0721759796143,"Unknown"
"5020567",378626,2026-05-06 21:02:33,28.2023944854736,-17.0722026824951,"Unknown"
"5020567",378626,2026-05-06 21:07:33,28.2014236450195,-17.0723743438721,"Unknown"
"5020567",378626,2026-05-06 21:12:33,28.2004737854004,-17.0726528167725,"Unknown"
"5020567",378626,2026-05-06 21:17:35,28.1995735168457,-17.0729789733887,"Unknown"
"5020567",378626,2026-05-06 21:23:03,28.1986045837402,-17.0735034942627,"Unknown"
"5020567",378626,2026-05-06 21:27:31,28.1978034973145,-17.0738468170166,"Unknown"
"5020567",378626,2026-05-06 21:32:31,28.1968784332275,-17.0742435455322,"Unknown"
"5020567",378626,2026-05-06 21:37:31,28.1959629058838,-17.0746383666992,"Unknown"
"5020567",378626,2026-05-06 21:42:32,28.1951332092285,-17.0750522613525,"Unknown"
"5020567",378626,2026-05-06 21:47:32,28.1943435668945,-17.0756015777588,"Unknown"
"5020567",378626,2026-05-06 21:52:33,28.1935062408447,-17.0761737823486,"Unknown"
"5020567",378626,2026-05-06 21:57:31,28.1927604675293,-17.0765838623047,"Unknown"
"5020567",378626,2026-05-06 22:02:31,28.1919708251953,-17.0769481658936,"Unknown"
"5020567",378626,2026-05-06 22:07:33,28.1911544799805,-17.0773334503174,"Unknown"
"5020567",378626,2026-05-06 22:12:33,28.1904163360596,-17.0777969360352,"Unknown"
"5020567",378626,2026-05-06 22:17:33,28.1897239685059,-17.0783805847168,"Unknown"
"5020567",378626,2026-05-06 22:22:32,28.1890544891357,-17.0789203643799,"Unknown"
"5020567",378626,2026-05-06 22:27:33,28.1883487701416,-17.0794982910156,"Unknown"
"5020567",378626,2026-05-06 22:32:34,28.1877136230469,-17.0800094604492,"Unknown"
"5020567",378626,2026-05-06 22:37:34,28.1872634887695,-17.0802726745605,"Unknown"
"5020567",378626,2026-05-06 22:42:32,28.18678855896,-17.0805397033691,"Unknown"
"5020567",378626,2026-05-06 22:47:31,28.1863269805908,-17.0808448791504,"Unknown"
"5020567",378626,2026-05-06 22:52:32,28.1858825683594,-17.0811443328857,"Unknown"
"5020567",378626,2026-05-06 22:57:32,28.1853828430176,-17.0813541412354,"Unknown"
"5020567",378626,2026-05-06 23:02:32,28.1849193572998,-17.0815982818604,"Unknown"
"5020567",378626,2026-05-06 23:07:32,28.1845455169678,-17.0817718505859,"Unknown"
"5020567",378626,2026-05-06 23:12:31,28.1840858459473,-17.0819797515869,"Unknown"
"5020567",378626,2026-05-06 23:17:32,28.1835975646973,-17.0821704864502,"Unknown"
"5020567",378626,2026-05-06 23:22:36,28.1832370758057,-17.0824012756348,"Unknown"
"5020567",378626,2026-05-06 23:28:03,28.1826171875,-17.0825710296631,"Unknown"
"5020567",378626,2026-05-06 23:32:31,28.1820850372314,-17.0828590393066,"Unknown"
"5020567",378626,2026-05-06 23:37:31,28.1815624237061,-17.0831203460693,"Unknown"
"5020567",378626,2026-05-06 23:42:31,28.1810264587402,-17.083345413208,"Unknown"
"5020567",378626,2026-05-06 23:47:31,28.1805076599121,-17.0837898254395,"Unknown"
"5020567",378626,2026-05-06 23:52:31,28.1800479888916,-17.0845832824707,"Unknown"
"5020567",378626,2026-05-06 23:57:31,28.1795902252197,-17.0854911804199,"Unknown"
"5020567",378626,2026-05-07 00:02:32,28.1791896820068,-17.0864696502686,"Unknown"
"5020567",378626,2026-05-07 00:07:31,28.1787967681885,-17.0872974395752,"Unknown"
"5020568",370754,2026-04-28 19:38:17,28.6729545593262,-17.7691326141357,"Unknown"
"5020568",370754,2026-04-28 19:41:33,28.6729393005371,-17.7690753936768,"Unknown"
"5020568",370754,2026-04-28 19:41:53,28.6729736328125,-17.7690944671631,"Unknown"
"5020568",370754,2026-04-28 19:42:57,28.6729946136475,-17.769193649292,"Unknown"
"5020568",370754,2026-04-28 19:43:54,28.6729507446289,-17.7690525054932,"Unknown"
"5020568",370754,2026-04-28 19:44:56,28.6729488372803,-17.7689456939697,"Unknown"
"5020568",370754,2026-04-28 19:45:55,28.6729507446289,-17.7690544128418,"Unknown"
"5020568",370754,2026-04-28 19:46:58,28.6729850769043,-17.7691268920898,"Unknown"
"5020568",370754,2026-04-28 19:47:59,28.6729965209961,-17.7691898345947,"Unknown"
"5020568",370754,2026-04-28 19:48:53,28.6729621887207,-17.7691078186035,"Unknown"
"5020568",370754,2026-04-28 19:49:56,28.6729583740234,-17.7690982818604,"Unknown"
"5020568",370754,2026-04-28 19:50:57,28.6728286743164,-17.7689323425293,"Unknown"
"5020568",370754,2026-04-28 19:51:57,28.6729354858398,-17.7690734863281,"Unknown"
"5020568",370754,2026-04-28 19:52:56,28.6729698181152,-17.769115447998,"Unknown"
"5020568",370754,2026-04-28 19:53:56,28.672966003418,-17.7691116333008,"Unknown"
"5020568",370754,2026-04-28 19:54:59,28.672966003418,-17.7691116333008,"Unknown"
"5020568",370754,2026-04-28 19:55:53,28.6729793548584,-17.7691307067871,"Unknown"
"5020568",370754,2026-04-28 19:56:55,28.6729545593262,-17.7690982818604,"Unknown"
"5020568",370754,2026-04-28 19:57:57,28.6729774475098,-17.7691192626953,"Unknown"
"5020568",370754,2026-04-28 19:58:56,28.6729946136475,-17.7690563201904,"Unknown"
"5020568",370754,2026-04-28 19:59:56,28.6733074188232,-17.7688522338867,"Unknown"
"5020568",370754,2026-04-28 20:01:04,28.6717319488525,-17.7665119171143,"Unknown"
"5020568",370754,2026-04-28 20:01:56,28.6707363128662,-17.7624588012695,"Unknown"
"5020568",370754,2026-04-28 20:03:01,28.6710510253906,-17.7575244903564,"Unknown"
"5020568",370754,2026-04-28 20:03:56,28.6719913482666,-17.7535228729248,"Unknown"
"5020568",370754,2026-04-28 20:04:54,28.6721649169922,-17.7530326843262,"Unknown"
"5020568",370754,2026-04-28 20:05:53,28.6728744506836,-17.7502593994141,"Unknown"
"5020568",370754,2026-04-28 20:06:54,28.6739368438721,-17.7453002929688,"Unknown"
"5020568",370754,2026-04-28 20:07:53,28.6754474639893,-17.7416229248047,"Unknown"
"5020568",370754,2026-04-28 20:08:52,28.6779079437256,-17.7384185791016,"Unknown"
"5020568",370754,2026-04-28 20:09:54,28.679801940918,-17.7359371185303,"Unknown"
"5020568",370754,2026-04-28 20:10:54,28.6815299987793,-17.7340030670166,"Unknown"
"5020568",370754,2026-04-28 20:11:52,28.6826019287109,-17.7328052520752,"Unknown"
"5020568",370754,2026-04-28 20:12:52,28.6845169067383,-17.730785369873,"Unknown"
"5020568",370754,2026-04-28 20:13:55,28.6854763031006,-17.7301158905029,"Unknown"
"5020568",370754,2026-04-28 20:15:27,28.6875343322754,-17.7279739379883,"Unknown"
"5020568",370754,2026-04-28 20:15:53,28.6877727508545,-17.7276802062988,"Unknown"
"5020568",370754,2026-04-28 20:16:52,28.6885089874268,-17.72629737854,"Unknown"
"5020568",370754,2026-04-28 20:17:53,28.6887435913086,-17.7257423400879,"Unknown"
"5020568",370754,2026-04-28 20:18:52,28.6898460388184,-17.7243175506592,"Unknown"
"5020568",370754,2026-04-28 20:19:52,28.6910228729248,-17.7223834991455,"Unknown"
"5020568",370754,2026-04-28 20:24:52,28.7054767608643,-17.709077835083,"Unknown"
"5020568",370754,2026-04-28 20:29:52,28.7286128997803,-17.7009582519531,"Unknown"
"5020568",370754,2026-04-28 20:34:53,28.7526702880859,-17.7019634246826,"Unknown"
"5020568",370754,2026-04-28 20:39:52,28.7739200592041,-17.7186088562012,"Unknown"
"5020568",370754,2026-04-28 20:44:52,28.7913055419922,-17.7356357574463,"Unknown"
"5020568",370754,2026-04-28 20:49:52,28.802282333374,-17.7407836914062,"Unknown"
"5020568",370754,2026-04-28 20:50:52,28.8022918701172,-17.7407341003418,"Unknown"
"5020568",370754,2026-04-28 20:51:52,28.8023014068604,-17.7406768798828,"Unknown"
"5020568",370754,2026-04-28 20:52:52,28.802303314209,-17.7406215667725,"Unknown"
"5020568",370754,2026-04-28 20:53:52,28.8023204803467,-17.7405757904053,"Unknown"
"5020568",370754,2026-04-28 20:54:52,28.8023128509521,-17.7405281066895,"Unknown"
"5020568",370754,2026-04-28 20:55:52,28.8049221038818,-17.7409610748291,"Unknown"
"5020568",370754,2026-04-28 20:56:52,28.8091106414795,-17.74241065979,"Unknown"
"5020568",370754,2026-04-28 20:57:52,28.8137969970703,-17.7436809539795,"Unknown"
"5020568",370754,2026-04-28 20:58:52,28.8185634613037,-17.7457389831543,"Unknown"
"5020568",370754,2026-04-28 20:59:52,28.8233413696289,-17.7479381561279,"Unknown"
"5020568",370754,2026-04-28 21:00:52,28.8275318145752,-17.7503719329834,"Unknown"
"5020568",370754,2026-04-28 21:01:52,28.8269309997559,-17.7504901885986,"Unknown"
"5020568",370754,2026-04-28 21:02:52,28.8269290924072,-17.7504806518555,"Unknown"
"5020568",370754,2026-04-28 21:03:52,28.8268985748291,-17.7504444122314,"Unknown"
"5020568",370754,2026-04-28 21:04:52,28.8269138336182,-17.7504272460938,"Unknown"
"5020568",370754,2026-04-28 21:05:52,28.8269100189209,-17.7503910064697,"Unknown"
"5020568",370754,2026-04-28 21:06:52,28.8269157409668,-17.7503566741943,"Unknown"
"5020568",370754,2026-04-28 21:07:52,28.8268985748291,-17.7503356933594,"Unknown"
"5020568",370754,2026-04-28 21:08:52,28.8268661499023,-17.7503128051758,"Unknown"
"5020568",370754,2026-04-28 21:09:52,28.8268718719482,-17.7502746582031,"Unknown"
"5020568",370754,2026-04-28 21:10:52,28.8268489837646,-17.7502574920654,"Unknown"
"5020568",370754,2026-04-28 21:11:52,28.8268222808838,-17.7502136230469,"Unknown"
"5020568",370754,2026-04-28 21:12:52,28.8268375396729,-17.7501773834229,"Unknown"
"5020568",370754,2026-04-28 21:13:52,28.8268222808838,-17.7501373291016,"Unknown"
"5020568",370754,2026-04-28 21:14:52,28.8268432617188,-17.7501163482666,"Unknown"
"5020568",370754,2026-04-28 21:15:52,28.8268413543701,-17.7500801086426,"Unknown"
"5020568",370754,2026-04-28 21:16:52,28.8268585205078,-17.750057220459,"Unknown"
"5020568",370754,2026-04-28 21:17:52,28.8268527984619,-17.7500247955322,"Unknown"
"5020568",370754,2026-04-28 21:18:52,28.8268489837646,-17.749979019165,"Unknown"
"5020568",370754,2026-04-28 21:19:52,28.826831817627,-17.7499446868896,"Unknown"
"5020568",370754,2026-04-28 21:20:52,28.8268356323242,-17.7499256134033,"Unknown"
"5020568",370754,2026-04-28 21:21:52,28.8268375396729,-17.7499103546143,"Unknown"
"5020568",370754,2026-04-28 21:22:52,28.8268299102783,-17.7499027252197,"Unknown"
"5020568",370754,2026-04-28 21:23:52,28.8268299102783,-17.7498893737793,"Unknown"
"5020568",370754,2026-04-28 21:24:52,28.8268432617188,-17.7498626708984,"Unknown"
"5020568",370754,2026-04-28 21:25:52,28.826847076416,-17.7498321533203,"Unknown"
"5020568",370754,2026-04-28 21:26:52,28.8268871307373,-17.7497825622559,"Unknown"
"5020568",370754,2026-04-28 21:27:52,28.8269176483154,-17.7497367858887,"Unknown"
"5020568",370754,2026-04-28 21:28:53,28.8265800476074,-17.7523193359375,"Unknown"
"5020568",370754,2026-04-28 21:29:53,28.826000213623,-17.7554168701172,"Unknown"
"5020568",370754,2026-04-28 21:30:52,28.8296089172363,-17.7539539337158,"Unknown"
"5020568",370754,2026-04-28 21:31:52,28.8338832855225,-17.7526817321777,"Unknown"
"5020568",370754,2026-04-28 21:32:52,28.8355693817139,-17.7519950866699,"Unknown"
"5020568",370754,2026-04-28 21:33:52,28.8355731964111,-17.7519416809082,"Unknown"
"5020568",370754,2026-04-28 21:34:52,28.8355674743652,-17.7518825531006,"Unknown"
"5020568",370754,2026-04-28 21:35:52,28.8355541229248,-17.7518424987793,"Unknown"
"5020568",370754,2026-04-28 21:36:52,28.8355751037598,-17.751781463623,"Unknown"
"5020568",370754,2026-04-28 21:37:52,28.8355751037598,-17.7517204284668,"Unknown"
"5020568",370754,2026-04-28 21:38:52,28.8355731964111,-17.7516651153564,"Unknown"
"5020568",370754,2026-04-28 21:39:52,28.8355827331543,-17.7516212463379,"Unknown"
"5020568",370754,2026-04-28 21:40:52,28.8355712890625,-17.7515678405762,"Unknown"
"5020568",370754,2026-04-28 21:41:52,28.8355751037598,-17.7515163421631,"Unknown"
"5020568",370754,2026-04-28 21:42:52,28.835578918457,-17.7514591217041,"Unknown"
"5020568",370754,2026-04-28 21:43:52,28.8355522155762,-17.7514095306396,"Unknown"
"5020568",370754,2026-04-28 21:44:52,28.8355522155762,-17.7513618469238,"Unknown"
"5020568",370754,2026-04-28 21:45:52,28.8355484008789,-17.751314163208,"Unknown"
"5020568",370754,2026-04-28 21:46:52,28.8355350494385,-17.7512760162354,"Unknown"
"5020568",370754,2026-04-28 21:47:52,28.8355331420898,-17.7512340545654,"Unknown"
"5020568",370754,2026-04-28 21:48:52,28.835506439209,-17.7511730194092,"Unknown"
"5020568",370754,2026-04-28 21:49:52,28.831729888916,-17.7507743835449,"Unknown"
"5020568",370754,2026-04-28 21:50:52,28.8286018371582,-17.7533664703369,"Unknown"
"5020568",370754,2026-04-28 21:51:52,28.8264560699463,-17.7525100708008,"Unknown"
"5020568",370754,2026-04-28 21:52:52,28.8233222961426,-17.7540149688721,"Unknown"
"5020568",370754,2026-04-28 21:53:53,28.8232479095459,-17.7556610107422,"Unknown"
"5020568",370754,2026-04-28 21:54:53,28.8232364654541,-17.755672454834,"Unknown"
"5020568",370754,2026-04-28 21:55:52,28.8231964111328,-17.7557125091553,"Unknown"
"5020568",370754,2026-04-28 21:56:52,28.823263168335,-17.7557430267334,"Unknown"
"5020568",370754,2026-04-28 21:57:52,28.8233070373535,-17.7557239532471,"Unknown"
"5020568",370754,2026-04-28 21:58:52,28.8233261108398,-17.7557640075684,"Unknown"
"5020568",370754,2026-04-28 22:00:17,28.8233680725098,-17.7557678222656,"Unknown"
"5020568",370754,2026-04-28 22:00:52,28.8234462738037,-17.755765914917,"Unknown"
"5020568",370754,2026-04-28 22:01:52,28.8235416412354,-17.7558212280273,"Unknown"
"5020568",370754,2026-04-28 22:02:52,28.8235549926758,-17.7557888031006,"Unknown"
"5020568",370754,2026-04-28 22:03:53,28.8235702514648,-17.7557849884033,"Unknown"
"5020568",370754,2026-04-28 22:04:53,28.8236179351807,-17.7557506561279,"Unknown"
"5020568",370754,2026-04-28 22:05:52,28.8237075805664,-17.7557487487793,"Unknown"
"5020568",370754,2026-04-28 22:06:52,28.8237838745117,-17.755765914917,"Unknown"
"5020568",370754,2026-04-28 22:07:52,28.8238716125488,-17.7558040618896,"Unknown"
"5020568",370754,2026-04-28 22:08:52,28.8239440917969,-17.7558155059814,"Unknown"
"5020568",370754,2026-04-28 22:09:52,28.8240013122559,-17.7557811737061,"Unknown"
"5020568",370754,2026-04-28 22:10:52,28.8240280151367,-17.755744934082,"Unknown"
"5020568",370754,2026-04-28 22:11:52,28.8240852355957,-17.7556991577148,"Unknown"
"5020568",370754,2026-04-28 22:12:53,28.8241577148438,-17.75563621521,"Unknown"
"5020568",370754,2026-04-28 22:13:52,28.8241691589355,-17.7556209564209,"Unknown"
"5020568",370754,2026-04-28 22:14:52,28.8241710662842,-17.7555770874023,"Unknown"
"5020568",370754,2026-04-28 22:15:52,28.8241767883301,-17.7555255889893,"Unknown"
"5020568",370754,2026-04-28 22:16:52,28.8242092132568,-17.7554702758789,"Unknown"
"5020568",370754,2026-04-28 22:17:52,28.8242721557617,-17.7554569244385,"Unknown"
"5020568",370754,2026-04-28 22:18:52,28.8243198394775,-17.7554531097412,"Unknown"
"5020568",370754,2026-04-28 22:19:52,28.8243370056152,-17.755428314209,"Unknown"
"5020568",370754,2026-04-28 22:20:52,28.8243560791016,-17.7554016113281,"Unknown"
"5020568",370754,2026-04-28 22:21:52,28.8243751525879,-17.7553424835205,"Unknown"
"5020568",370754,2026-04-28 22:23:17,28.8244361877441,-17.7552852630615,"Unknown"
"5020568",370754,2026-04-28 22:23:52,28.8244590759277,-17.755256652832,"Unknown"
"5020568",370754,2026-04-28 22:24:52,28.8244705200195,-17.755199432373,"Unknown"
"5020568",370754,2026-04-28 22:25:52,28.82448387146,-17.7551765441895,"Unknown"
"5020568",370754,2026-04-28 22:26:52,28.8245429992676,-17.7551593780518,"Unknown"
"5020568",370754,2026-04-28 22:27:52,28.8245658874512,-17.7551555633545,"Unknown"
"5020568",370754,2026-04-28 22:28:52,28.8245830535889,-17.7551383972168,"Unknown"
"5020568",370754,2026-04-28 22:29:53,28.824592590332,-17.7551231384277,"Unknown"
"5020568",370754,2026-04-28 22:30:52,28.8246269226074,-17.7551002502441,"Unknown"
"5020568",370754,2026-04-28 22:31:52,28.8246231079102,-17.7550735473633,"Unknown"
"5020568",370754,2026-04-28 22:32:54,28.8247127532959,-17.7550144195557,"Unknown"
"5020568",370754,2026-04-28 22:33:52,28.8247585296631,-17.7549896240234,"Unknown"
"5020568",370754,2026-04-28 22:34:55,28.8248119354248,-17.7549533843994,"Unknown"
"5020568",370754,2026-04-28 22:35:58,28.8248329162598,-17.7549610137939,"Unknown"
"5020568",370754,2026-04-28 22:36:52,28.8248805999756,-17.7549457550049,"Unknown"
"5020568",370754,2026-04-28 22:37:52,28.8248710632324,-17.7549266815186,"Unknown"
"5020568",370754,2026-04-28 22:38:55,28.8249111175537,-17.7548942565918,"Unknown"
"5020568",370754,2026-04-28 22:39:55,28.824914932251,-17.7548809051514,"Unknown"
"5020568",370754,2026-04-28 22:41:17,28.8249473571777,-17.7547969818115,"Unknown"
"5020568",370754,2026-04-28 22:41:52,28.82497215271,-17.7547836303711,"Unknown"
"5020568",370754,2026-04-28 22:42:53,28.8250007629395,-17.7547359466553,"Unknown"
"5020568",370754,2026-04-28 22:43:52,28.8250293731689,-17.7547225952148,"Unknown"
"5020568",370754,2026-04-28 22:44:52,28.8250617980957,-17.7546901702881,"Unknown"
"5020568",370754,2026-04-28 22:45:53,28.8250942230225,-17.7546634674072,"Unknown"
"5020568",370754,2026-04-28 22:46:52,28.8251075744629,-17.754602432251,"Unknown"
"5020568",370754,2026-04-28 22:47:53,28.8251686096191,-17.7545871734619,"Unknown"
"5020568",370754,2026-04-28 22:48:55,28.8251953125,-17.7545261383057,"Unknown"
"5020568",370754,2026-04-28 22:49:52,28.8252334594727,-17.7544631958008,"Unknown"
"5020568",370754,2026-04-28 22:50:52,28.8252353668213,-17.7544174194336,"Unknown"
"5020568",370754,2026-04-28 22:51:53,28.8252754211426,-17.7544116973877,"Unknown"
"5020568",370754,2026-04-28 22:52:52,28.8253536224365,-17.7544174194336,"Unknown"
"5020568",370754,2026-04-28 22:53:52,28.8253803253174,-17.7543888092041,"Unknown"
"5020568",370754,2026-04-28 22:54:52,28.8254489898682,-17.7543697357178,"Unknown"
"5020568",370754,2026-04-28 22:55:53,28.8254814147949,-17.7543182373047,"Unknown"
"5020568",370754,2026-04-28 22:56:53,28.8255252838135,-17.7543048858643,"Unknown"
"5020568",370754,2026-04-28 22:57:53,28.8255710601807,-17.7542667388916,"Unknown"
"5020568",370754,2026-04-28 22:58:53,28.8256072998047,-17.7542247772217,"Unknown"
"5020568",370754,2026-04-28 22:59:53,28.8256511688232,-17.7541961669922,"Unknown"
"5020568",370754,2026-04-28 23:00:53,28.8256740570068,-17.754150390625,"Unknown"
"5020568",370754,2026-04-28 23:01:52,28.8257026672363,-17.7541160583496,"Unknown"
"5020568",370754,2026-04-28 23:02:53,28.8257312774658,-17.7541084289551,"Unknown"
"5020568",370754,2026-04-28 23:03:52,28.8257694244385,-17.7540683746338,"Unknown"
"5020568",370754,2026-04-28 23:04:52,28.8258323669434,-17.7540550231934,"Unknown"
"5020568",370754,2026-04-28 23:05:52,28.8259010314941,-17.7540435791016,"Unknown"
"5020568",370754,2026-04-28 23:06:52,28.8259620666504,-17.7540264129639,"Unknown"
"5020568",370754,2026-04-28 23:07:52,28.8260231018066,-17.7539482116699,"Unknown"
"5020568",370754,2026-04-28 23:08:52,28.8260631561279,-17.7538967132568,"Unknown"
"5020568",370754,2026-04-28 23:09:52,28.8261051177979,-17.7538223266602,"Unknown"
"5020568",370754,2026-04-28 23:10:52,28.8261165618896,-17.7538013458252,"Unknown"
"5020568",370754,2026-04-28 23:11:52,28.8261604309082,-17.7538146972656,"Unknown"
"5020568",370754,2026-04-28 23:12:52,28.8262367248535,-17.7538051605225,"Unknown"
"5020568",370754,2026-04-28 23:13:52,28.8263111114502,-17.7537727355957,"Unknown"
"5020568",370754,2026-04-28 23:14:52,28.8263931274414,-17.7537574768066,"Unknown"
"5020568",370754,2026-04-28 23:15:52,28.826473236084,-17.753734588623,"Unknown"
"5020568",370754,2026-04-28 23:16:52,28.8265647888184,-17.7537364959717,"Unknown"
"5020568",370754,2026-04-28 23:17:52,28.8266677856445,-17.7537097930908,"Unknown"
"5020568",370754,2026-04-28 23:18:55,28.8265190124512,-17.7539901733398,"Unknown"
"5020568",370754,2026-04-28 23:19:52,28.8260078430176,-17.7541847229004,"Unknown"
"5020568",370754,2026-04-28 23:20:52,28.8260173797607,-17.7541580200195,"Unknown"
"5020568",370754,2026-04-28 23:21:52,28.8260116577148,-17.7541313171387,"Unknown"
"5020568",370754,2026-04-28 23:22:55,28.8260154724121,-17.7540817260742,"Unknown"
"5020568",370754,2026-04-28 23:23:53,28.8260555267334,-17.7540893554688,"Unknown"
"5020568",370754,2026-04-28 23:24:52,28.826114654541,-17.7540512084961,"Unknown"
"5020568",370754,2026-04-28 23:25:55,28.826171875,-17.7540035247803,"Unknown"
"5020568",370754,2026-04-28 23:26:52,28.8262367248535,-17.7539024353027,"Unknown"
"5020568",370754,2026-04-28 23:27:54,28.8262691497803,-17.7538280487061,"Unknown"
"5020568",370754,2026-04-28 23:28:54,28.8263244628906,-17.7538242340088,"Unknown"
"5020568",370754,2026-04-28 23:29:53,28.826358795166,-17.7538661956787,"Unknown"
"5020568",370754,2026-04-28 23:30:53,28.8264083862305,-17.7539176940918,"Unknown"
"5020568",370754,2026-04-28 23:31:55,28.8264465332031,-17.7539367675781,"Unknown"
"5020568",370754,2026-04-28 23:32:56,28.8265113830566,-17.7539501190186,"Unknown"
"5020568",370754,2026-04-28 23:33:55,28.8265857696533,-17.7539443969727,"Unknown"
"5020568",370754,2026-04-28 23:34:52,28.8266582489014,-17.7539196014404,"Unknown"
"5020568",370754,2026-04-28 23:35:55,28.8267402648926,-17.7539196014404,"Unknown"
"5020568",370754,2026-04-28 23:37:17,28.8268737792969,-17.7539119720459,"Unknown"
"5020568",370754,2026-04-28 23:37:52,28.826904296875,-17.7538547515869,"Unknown"
"5020568",370754,2026-04-28 23:38:52,28.8269538879395,-17.7538661956787,"Unknown"
"5020568",370754,2026-04-28 23:39:52,28.827018737793,-17.7538871765137,"Unknown"
"5020568",370754,2026-04-28 23:40:52,28.8270530700684,-17.7539463043213,"Unknown"
"5020568",370754,2026-04-28 23:41:52,28.8271770477295,-17.7540760040283,"Unknown"
"5020568",370754,2026-04-28 23:42:54,28.8273258209229,-17.754114151001,"Unknown"
"5020568",370754,2026-04-28 23:43:52,28.8274402618408,-17.7541198730469,"Unknown"
"5020568",370754,2026-04-28 23:44:52,28.8275489807129,-17.7541484832764,"Unknown"
"5020568",370754,2026-04-28 23:45:51,28.8276252746582,-17.7542324066162,"Unknown"
"5020568",370754,2026-04-28 23:46:51,28.8276615142822,-17.7542972564697,"Unknown"
"5020568",370754,2026-04-28 23:47:52,28.8277530670166,-17.7542896270752,"Unknown"
"5020568",370754,2026-04-28 23:48:52,28.8278312683105,-17.7543106079102,"Unknown"
"5020568",370754,2026-04-28 23:49:52,28.8279132843018,-17.7542991638184,"Unknown"
"5020568",370754,2026-04-28 23:50:52,28.8279876708984,-17.7542953491211,"Unknown"
"5020568",370754,2026-04-28 23:51:52,28.828088760376,-17.7542915344238,"Unknown"
"5020568",370754,2026-04-28 23:52:52,28.8281784057617,-17.7543029785156,"Unknown"
"5020568",370754,2026-04-28 23:53:52,28.8282489776611,-17.7543087005615,"Unknown"
"5020568",370754,2026-04-28 23:54:52,28.8283367156982,-17.7543163299561,"Unknown"
"5020568",370754,2026-04-28 23:55:52,28.8284168243408,-17.754301071167,"Unknown"
"5020568",370754,2026-04-28 23:56:52,28.8284893035889,-17.7543182373047,"Unknown"
"5020568",370754,2026-04-28 23:57:55,28.8285312652588,-17.7543258666992,"Unknown"
"5020568",370754,2026-04-28 23:58:52,28.8285732269287,-17.7543659210205,"Unknown"
"5020568",370754,2026-04-28 23:59:55,28.8286895751953,-17.7543792724609,"Unknown"
"5020568",370754,2026-04-29 00:00:53,28.8287830352783,-17.7544097900391,"Unknown"
"5020568",370754,2026-04-29 00:01:53,28.8288631439209,-17.7544441223145,"Unknown"
"5020568",370754,2026-04-29 00:02:53,28.8289527893066,-17.7544422149658,"Unknown"
"5020568",370754,2026-04-29 00:03:53,28.8290386199951,-17.7544422149658,"Unknown"
"5020568",370754,2026-04-29 00:04:51,28.8291206359863,-17.7544574737549,"Unknown"
"5020568",370754,2026-04-29 00:05:51,28.8292064666748,-17.7544727325439,"Unknown"
"5020568",370754,2026-04-29 00:06:51,28.829288482666,-17.7545013427734,"Unknown"
"5020568",370754,2026-04-29 00:07:51,28.8294162750244,-17.7544956207275,"Unknown"
"5020568",370754,2026-04-29 00:08:51,28.8294811248779,-17.7545394897461,"Unknown"
"5020568",370754,2026-04-29 00:09:51,28.8295631408691,-17.7545261383057,"Unknown"
"5020568",370754,2026-04-29 00:10:51,28.8296585083008,-17.754524230957,"Unknown"
"5020568",370754,2026-04-29 00:11:51,28.8297748565674,-17.7545051574707,"Unknown"
"5020568",370754,2026-04-29 00:12:51,28.8298454284668,-17.7545204162598,"Unknown"
"5020568",370754,2026-04-29 00:13:51,28.8299713134766,-17.7545166015625,"Unknown"
"5020568",370754,2026-04-29 00:14:51,28.8300895690918,-17.7545604705811,"Unknown"
"5020568",370754,2026-04-29 00:15:55,28.8302040100098,-17.7545795440674,"Unknown"
"5020568",370754,2026-04-29 00:16:51,28.8302841186523,-17.75461769104,"Unknown"
"5020568",370754,2026-04-29 00:17:51,28.8303909301758,-17.7546310424805,"Unknown"
"5020568",370754,2026-04-29 00:18:55,28.830472946167,-17.754674911499,"Unknown"
"5020568",370754,2026-04-29 00:19:51,28.8305492401123,-17.7546806335449,"Unknown"
"5020568",370754,2026-04-29 00:20:55,28.8306522369385,-17.7547092437744,"Unknown"
"5020568",370754,2026-04-29 00:21:51,28.8307247161865,-17.7547245025635,"Unknown"
"5020568",370754,2026-04-29 00:22:55,28.8308010101318,-17.7547740936279,"Unknown"
"5020568",370754,2026-04-29 00:23:55,28.8308734893799,-17.7548484802246,"Unknown"
"5020568",370754,2026-04-29 00:24:55,28.830940246582,-17.7548580169678,"Unknown"
"5020568",370754,2026-04-29 00:25:55,28.8310451507568,-17.7548713684082,"Unknown"
"5020568",370754,2026-04-29 00:26:55,28.8311386108398,-17.7548751831055,"Unknown"
"5020568",370754,2026-04-29 00:27:55,28.8312492370605,-17.7549285888672,"Unknown"
"5020568",370754,2026-04-29 00:28:57,28.8313751220703,-17.7549629211426,"Unknown"
"5020568",370754,2026-04-29 00:29:55,28.8315124511719,-17.7549724578857,"Unknown"
"5020568",370754,2026-04-29 00:30:55,28.8316802978516,-17.7549591064453,"Unknown"
"5020568",370754,2026-04-29 00:31:53,28.8318157196045,-17.7549476623535,"Unknown"
"5020568",370754,2026-04-29 00:32:51,28.8319282531738,-17.7549591064453,"Unknown"
"5020568",370754,2026-04-29 00:33:55,28.832103729248,-17.7549476623535,"Unknown"
"5020568",370754,2026-04-29 00:34:56,28.832218170166,-17.7549686431885,"Unknown"
"5020568",370754,2026-04-29 00:35:51,28.8323364257812,-17.754997253418,"Unknown"
"5020568",370754,2026-04-29 00:37:17,28.8325252532959,-17.7549915313721,"Unknown"
"5020568",370754,2026-04-29 00:37:51,28.8325958251953,-17.7549800872803,"Unknown"
"5020568",370754,2026-04-29 00:38:52,28.8327140808105,-17.7550067901611,"Unknown"
"5020568",370754,2026-04-29 00:39:53,28.8328380584717,-17.7550277709961,"Unknown"
"5020568",370754,2026-04-29 00:40:51,28.8329925537109,-17.7550239562988,"Unknown"
"5020568",370754,2026-04-29 00:41:51,28.8331356048584,-17.7550563812256,"Unknown"
"5020568",370754,2026-04-29 00:42:51,28.83327293396,-17.7550754547119,"Unknown"
"5020568",370754,2026-04-29 00:43:51,28.8333950042725,-17.755090713501,"Unknown"
"5020568",370754,2026-04-29 00:44:51,28.833517074585,-17.7551155090332,"Unknown"
"5020568",370754,2026-04-29 00:45:51,28.8336582183838,-17.7551326751709,"Unknown"
"5020568",370754,2026-04-29 00:46:51,28.8338069915771,-17.7551326751709,"Unknown"
"5020568",370754,2026-04-29 00:47:52,28.8339538574219,-17.7551116943359,"Unknown"
"5020568",370754,2026-04-29 00:48:53,28.8341217041016,-17.75510597229,"Unknown"
"5020568",370754,2026-04-29 00:49:53,28.8342590332031,-17.7551116943359,"Unknown"
"5020568",370754,2026-04-29 00:50:53,28.8344459533691,-17.75510597229,"Unknown"
"5020568",370754,2026-04-29 00:51:51,28.8345699310303,-17.7551136016846,"Unknown"
"5020568",370754,2026-04-29 00:52:51,28.834716796875,-17.7550926208496,"Unknown"
"5020568",370754,2026-04-29 00:53:53,28.8348579406738,-17.7550888061523,"Unknown"
"5020568",370754,2026-04-29 00:54:53,28.8350067138672,-17.7550773620605,"Unknown"
"5020568",370754,2026-04-29 00:55:52,28.8351612091064,-17.7550659179688,"Unknown"
"5020568",370754,2026-04-29 00:56:52,28.8353233337402,-17.7551727294922,"Unknown"
"5020568",370754,2026-04-29 00:57:53,28.8354434967041,-17.7552261352539,"Unknown"
"5020568",370754,2026-04-29 00:58:51,28.8355674743652,-17.7552375793457,"Unknown"
"5020568",370754,2026-04-29 00:59:51,28.835693359375,-17.7552433013916,"Unknown"
"5020568",370754,2026-04-29 01:00:53,28.8358688354492,-17.7552452087402,"Unknown"
"5020568",370754,2026-04-29 01:01:51,28.8359775543213,-17.7552700042725,"Unknown"
"5020568",370754,2026-04-29 01:02:51,28.8361167907715,-17.7553043365479,"Unknown"
"5020568",370754,2026-04-29 01:03:51,28.8362407684326,-17.7553825378418,"Unknown"
"5020568",370754,2026-04-29 01:04:51,28.8363914489746,-17.7554244995117,"Unknown"
"5020568",370754,2026-04-29 01:05:51,28.8365383148193,-17.7554817199707,"Unknown"
"5020568",370754,2026-04-29 01:06:51,28.8366622924805,-17.755542755127,"Unknown"
"5020568",370754,2026-04-29 01:07:51,28.836820602417,-17.7555770874023,"Unknown"
"5020568",370754,2026-04-29 01:08:52,28.8369789123535,-17.7556056976318,"Unknown"
"5020568",370754,2026-04-29 01:09:51,28.8371295928955,-17.7556324005127,"Unknown"
"5020568",370754,2026-04-29 01:10:55,28.8372917175293,-17.7556438446045,"Unknown"
"5020568",370754,2026-04-29 01:11:53,28.8374614715576,-17.755615234375,"Unknown"
"5020568",370754,2026-04-29 01:12:55,28.8376216888428,-17.7555866241455,"Unknown"
"5020568",370754,2026-04-29 01:13:53,28.837776184082,-17.7556133270264,"Unknown"
"5020568",370754,2026-04-29 01:14:53,28.8379573822021,-17.7556629180908,"Unknown"
"5020568",370754,2026-04-29 01:15:53,28.8381156921387,-17.7557048797607,"Unknown"
"5020568",370754,2026-04-29 01:16:52,28.8382377624512,-17.755708694458,"Unknown"
"5020568",370754,2026-04-29 01:17:53,28.8383769989014,-17.755729675293,"Unknown"
"5020568",370754,2026-04-29 01:18:53,28.8385353088379,-17.7557544708252,"Unknown"
"5020568",370754,2026-04-29 01:19:53,28.8386840820312,-17.7557888031006,"Unknown"
"5020568",370754,2026-04-29 01:20:52,28.8388233184814,-17.7558059692383,"Unknown"
"5020568",370754,2026-04-29 01:21:53,28.8388576507568,-17.7562389373779,"Unknown"
"5020568",370754,2026-04-29 01:22:53,28.8388576507568,-17.7565841674805,"Unknown"
"5020568",370754,2026-04-29 01:23:53,28.8390426635742,-17.7566204071045,"Unknown"
"5020568",370754,2026-04-29 01:24:53,28.8391723632812,-17.7566871643066,"Unknown"
"5020568",370754,2026-04-29 01:25:53,28.8393650054932,-17.7567443847656,"Unknown"
"5020568",370754,2026-04-29 01:26:55,28.8395366668701,-17.7568321228027,"Unknown"
"5020568",370754,2026-04-29 01:27:55,28.8397064208984,-17.7569026947021,"Unknown"
"5020568",370754,2026-04-29 01:28:53,28.839864730835,-17.7569217681885,"Unknown"
"5020568",370754,2026-04-29 01:29:53,28.8400592803955,-17.7569122314453,"Unknown"
"5020568",370754,2026-04-29 01:30:53,28.8402919769287,-17.756872177124,"Unknown"
"5020568",370754,2026-04-29 01:31:55,28.8404502868652,-17.7568855285645,"Unknown"
"5020568",370754,2026-04-29 01:32:54,28.8405952453613,-17.7569465637207,"Unknown"
"5020568",370754,2026-04-29 01:33:52,28.8407649993896,-17.7569942474365,"Unknown"
"5020568",370754,2026-04-29 01:34:51,28.8409099578857,-17.757043838501,"Unknown"
"5020568",370754,2026-04-29 01:35:53,28.8410816192627,-17.7570533752441,"Unknown"
"5020568",370754,2026-04-29 01:36:56,28.8412342071533,-17.7570762634277,"Unknown"
"5020568",370754,2026-04-29 01:37:51,28.8413944244385,-17.7570705413818,"Unknown"
"5020568",370754,2026-04-29 01:38:51,28.84153175354,-17.7569942474365,"Unknown"
"5020568",370754,2026-04-29 01:39:53,28.841667175293,-17.7570171356201,"Unknown"
"5020568",370754,2026-04-29 01:40:53,28.8418102264404,-17.7570610046387,"Unknown"
"5020568",370754,2026-04-29 01:41:53,28.8419399261475,-17.7571067810059,"Unknown"
"5020568",370754,2026-04-29 01:42:53,28.8420696258545,-17.7571792602539,"Unknown"
"5020568",370754,2026-04-29 01:43:51,28.8422298431396,-17.7572422027588,"Unknown"
"5020568",370754,2026-04-29 01:44:55,28.8423404693604,-17.7573699951172,"Unknown"
"5020568",370754,2026-04-29 01:45:53,28.8425312042236,-17.7575836181641,"Unknown"
"5020568",370754,2026-04-29 01:46:52,28.8426704406738,-17.7577514648438,"Unknown"
"5020568",370754,2026-04-29 01:47:52,28.8428611755371,-17.7579040527344,"Unknown"
"5020568",370754,2026-04-29 01:48:52,28.8430480957031,-17.7579956054688,"Unknown"
"5020568",370754,2026-04-29 01:49:53,28.8432292938232,-17.7581233978271,"Unknown"
"5020568",370754,2026-04-29 01:50:52,28.8434600830078,-17.7581596374512,"Unknown"
"5020568",370754,2026-04-29 01:51:52,28.8436336517334,-17.7582454681396,"Unknown"
"5020568",370754,2026-04-29 01:52:52,28.8438339233398,-17.7582855224609,"Unknown"
"5020568",370754,2026-04-29 01:53:53,28.8439636230469,-17.7583541870117,"Unknown"
"5020568",370754,2026-04-29 01:54:52,28.8440380096436,-17.7584247589111,"Unknown"
"5020568",370754,2026-04-29 01:55:53,28.8442249298096,-17.7585105895996,"Unknown"
"5020568",370754,2026-04-29 01:56:52,28.8444061279297,-17.7586002349854,"Unknown"
"5020568",370754,2026-04-29 01:57:55,28.8445510864258,-17.7586669921875,"Unknown"
"5020568",370754,2026-04-29 01:58:52,28.8446960449219,-17.7587337493896,"Unknown"
"5020568",370754,2026-04-29 01:59:52,28.8448390960693,-17.7588005065918,"Unknown"
"5020568",370754,2026-04-29 02:00:52,28.8450222015381,-17.7588882446289,"Unknown"
"5020568",370754,2026-04-29 02:01:53,28.8452377319336,-17.758960723877,"Unknown"
"5020568",370754,2026-04-29 02:02:55,28.8454418182373,-17.7589931488037,"Unknown"
"5020568",370754,2026-04-29 02:03:53,28.8455753326416,-17.7590866088867,"Unknown"
"5020568",370754,2026-04-29 02:04:51,28.8457794189453,-17.7591667175293,"Unknown"
"5020568",370754,2026-04-29 02:05:53,28.8459510803223,-17.7592658996582,"Unknown"
"5020568",370754,2026-04-29 02:06:53,28.8460578918457,-17.7593402862549,"Unknown"
"5020568",370754,2026-04-29 02:07:53,28.8461837768555,-17.7594184875488,"Unknown"
"5020568",370754,2026-04-29 02:08:53,28.8462619781494,-17.7594604492188,"Unknown"
"5020568",370754,2026-04-29 02:09:52,28.8463706970215,-17.7595119476318,"Unknown"
"5020568",370754,2026-04-29 02:10:54,28.8464965820312,-17.759578704834,"Unknown"
"5020568",370754,2026-04-29 02:11:53,28.846622467041,-17.7596168518066,"Unknown"
"5020568",370754,2026-04-29 02:12:53,28.8467388153076,-17.7597045898438,"Unknown"
"5020568",370754,2026-04-29 02:13:52,28.8468723297119,-17.7598190307617,"Unknown"
"5020568",370754,2026-04-29 02:14:53,28.8470001220703,-17.7598991394043,"Unknown"
"5020568",370754,2026-04-29 02:15:53,28.8471374511719,-17.7599906921387,"Unknown"
"5020568",370754,2026-04-29 02:16:53,28.8472480773926,-17.7600402832031,"Unknown"
"5020568",370754,2026-04-29 02:17:53,28.8473701477051,-17.7600593566895,"Unknown"
"5020568",370754,2026-04-29 02:18:52,28.8475112915039,-17.7600803375244,"Unknown"
"5020568",370754,2026-04-29 02:19:52,28.8476276397705,-17.7601432800293,"Unknown"
"5020568",370754,2026-04-29 02:20:52,28.847749710083,-17.7601795196533,"Unknown"
"5020568",370754,2026-04-29 02:21:52,28.8479042053223,-17.760232925415,"Unknown"
"5020568",370754,2026-04-29 02:22:52,28.8480033874512,-17.7602424621582,"Unknown"
"5020568",370754,2026-04-29 02:24:17,28.8481845855713,-17.7603206634521,"Unknown"
"5020568",370754,2026-04-29 02:24:52,28.8482685089111,-17.7603549957275,"Unknown"
"5020568",370754,2026-04-29 02:25:52,28.848388671875,-17.7604370117188,"Unknown"
"5020568",370754,2026-04-29 02:26:53,28.8485374450684,-17.760555267334,"Unknown"
"5020568",370754,2026-04-29 02:27:52,28.8486557006836,-17.7606334686279,"Unknown"
"5020568",370754,2026-04-29 02:28:52,28.8487892150879,-17.760705947876,"Unknown"
"5020568",370754,2026-04-29 02:29:52,28.8489189147949,-17.7607517242432,"Unknown"
"5020568",370754,2026-04-29 02:30:52,28.8490505218506,-17.7607975006104,"Unknown"
"5020568",370754,2026-04-29 02:31:52,28.8491764068604,-17.7608814239502,"Unknown"
"5020568",370754,2026-04-29 02:32:52,28.8493137359619,-17.760929107666,"Unknown"
"5020568",370754,2026-04-29 02:33:52,28.8494338989258,-17.7609672546387,"Unknown"
"5020568",370754,2026-04-29 02:34:51,28.8495426177979,-17.7610263824463,"Unknown"
"5020568",370754,2026-04-29 02:35:52,28.8497047424316,-17.7610855102539,"Unknown"
"5020568",370754,2026-04-29 02:36:52,28.8498287200928,-17.7611236572266,"Unknown"
"5020568",370754,2026-04-29 02:37:52,28.8499450683594,-17.7612037658691,"Unknown"
"5020568",370754,2026-04-29 02:38:53,28.8500576019287,-17.7612724304199,"Unknown"
"5020568",370754,2026-04-29 02:39:53,28.8501625061035,-17.7613353729248,"Unknown"
"5020568",370754,2026-04-29 02:40:52,28.8502616882324,-17.7613983154297,"Unknown"
"5020568",370754,2026-04-29 02:41:52,28.8503799438477,-17.7614688873291,"Unknown"
"5020568",370754,2026-04-29 02:42:52,28.850492477417,-17.7615261077881,"Unknown"
"5020568",370754,2026-04-29 02:43:52,28.8506450653076,-17.7616119384766,"Unknown"
"5020568",370754,2026-04-29 02:44:52,28.8507499694824,-17.7616863250732,"Unknown"
"5020568",370754,2026-04-29 02:45:52,28.8508739471436,-17.7617378234863,"Unknown"
"5020568",370754,2026-04-29 02:46:52,28.8510208129883,-17.7617797851562,"Unknown"
"5020568",370754,2026-04-29 02:47:52,28.8512020111084,-17.7618789672852,"Unknown"
"5020568",370754,2026-04-29 02:48:53,28.8513317108154,-17.7618961334229,"Unknown"
"5020568",370754,2026-04-29 02:49:52,28.8514575958252,-17.7619400024414,"Unknown"
"5020568",370754,2026-04-29 02:50:52,28.8515872955322,-17.7619876861572,"Unknown"
"5020568",370754,2026-04-29 02:51:53,28.8516902923584,-17.7620429992676,"Unknown"
"5020568",370754,2026-04-29 02:52:52,28.8518161773682,-17.7620601654053,"Unknown"
"5020568",370754,2026-04-29 02:53:53,28.8519439697266,-17.7621078491211,"Unknown"
"5020568",370754,2026-04-29 02:54:52,28.8520793914795,-17.7621440887451,"Unknown"
"5020568",370754,2026-04-29 02:55:53,28.8521766662598,-17.762170791626,"Unknown"
"5020568",370754,2026-04-29 02:56:52,28.8522891998291,-17.7622585296631,"Unknown"
"5020568",370754,2026-04-29 02:57:52,28.8523845672607,-17.762321472168,"Unknown"
"5020568",370754,2026-04-29 02:58:52,28.8524971008301,-17.7624073028564,"Unknown"
"5020568",370754,2026-04-29 02:59:53,28.8526458740234,-17.7624778747559,"Unknown"
"5020568",370754,2026-04-29 03:00:51,28.8527507781982,-17.7624988555908,"Unknown"
"5020568",370754,2026-04-29 03:01:51,28.8528900146484,-17.7625408172607,"Unknown"
"5020568",370754,2026-04-29 03:02:52,28.8530158996582,-17.7625961303711,"Unknown"
"5020568",370754,2026-04-29 03:03:51,28.8531131744385,-17.7626266479492,"Unknown"
"5020568",370754,2026-04-29 03:04:52,28.8532772064209,-17.7626876831055,"Unknown"
"5020568",370754,2026-04-29 03:05:52,28.853328704834,-17.762716293335,"Unknown"
"5020568",370754,2026-04-29 03:06:52,28.853422164917,-17.7628021240234,"Unknown"
"5020568",370754,2026-04-29 03:07:51,28.853515625,-17.7628631591797,"Unknown"
"5020568",370754,2026-04-29 03:08:55,28.8536281585693,-17.7628860473633,"Unknown"
"5020568",370754,2026-04-29 03:09:52,28.8536949157715,-17.7629337310791,"Unknown"
"5020568",370754,2026-04-29 03:10:52,28.8537788391113,-17.7630043029785,"Unknown"
"5020568",370754,2026-04-29 03:11:52,28.8538818359375,-17.7630062103271,"Unknown"
"5020568",370754,2026-04-29 03:12:52,28.8539772033691,-17.7630367279053,"Unknown"
"5020568",370754,2026-04-29 03:13:53,28.8541049957275,-17.7630844116211,"Unknown"
"5020568",370754,2026-04-29 03:14:52,28.8542079925537,-17.7631492614746,"Unknown"
"5020568",370754,2026-04-29 03:15:52,28.8543167114258,-17.7631874084473,"Unknown"
"5020568",370754,2026-04-29 03:16:52,28.8544445037842,-17.7632274627686,"Unknown"
"5020568",370754,2026-04-29 03:17:51,28.854549407959,-17.7632884979248,"Unknown"
"5020568",370754,2026-04-29 03:18:53,28.8546600341797,-17.7633419036865,"Unknown"
"5020568",370754,2026-04-29 03:19:55,28.8547801971436,-17.7633934020996,"Unknown"
"5020568",370754,2026-04-29 03:20:52,28.854866027832,-17.7634105682373,"Unknown"
"5020568",370754,2026-04-29 03:21:52,28.8549842834473,-17.7634716033936,"Unknown"
"5020568",370754,2026-04-29 03:22:52,28.8550815582275,-17.7635307312012,"Unknown"
"5020568",370754,2026-04-29 03:23:52,28.8551788330078,-17.763671875,"Unknown"
"5020568",370754,2026-04-29 03:24:52,28.8552303314209,-17.7638187408447,"Unknown"
"5020568",370754,2026-04-29 03:25:54,28.8553161621094,-17.7639846801758,"Unknown"
"5020568",370754,2026-04-29 03:26:53,28.8553657531738,-17.7641620635986,"Unknown"
"5020568",370754,2026-04-29 03:27:55,28.8554420471191,-17.7643356323242,"Unknown"
"5020568",370754,2026-04-29 03:28:54,28.8555164337158,-17.7644386291504,"Unknown"
"5020568",370754,2026-04-29 03:29:55,28.8556365966797,-17.7645568847656,"Unknown"
"5020568",370754,2026-04-29 03:30:53,28.8557186126709,-17.7646217346191,"Unknown"
"5020568",370754,2026-04-29 03:31:53,28.8557662963867,-17.7647285461426,"Unknown"
"5020568",370754,2026-04-29 03:32:53,28.8558349609375,-17.764820098877,"Unknown"
"5020568",370754,2026-04-29 03:33:55,28.8559703826904,-17.7648544311523,"Unknown"
"5020568",370754,2026-04-29 03:34:53,28.8560752868652,-17.7649116516113,"Unknown"
"5020568",370754,2026-04-29 03:35:52,28.8561553955078,-17.7649517059326,"Unknown"
"5020568",370754,2026-04-29 03:36:52,28.8562622070312,-17.7649574279785,"Unknown"
"5020568",370754,2026-04-29 03:37:52,28.8562908172607,-17.7650547027588,"Unknown"
"5020568",370754,2026-04-29 03:38:52,28.8564262390137,-17.7651042938232,"Unknown"
"5020568",370754,2026-04-29 03:39:52,28.8565101623535,-17.7651596069336,"Unknown"
"5020568",370754,2026-04-29 03:40:52,28.8566074371338,-17.7651538848877,"Unknown"
"5020568",370754,2026-04-29 03:41:52,28.856725692749,-17.7652702331543,"Unknown"
"5020568",370754,2026-04-29 03:42:51,28.8568286895752,-17.7653503417969,"Unknown"
"5020568",370754,2026-04-29 03:43:52,28.856954574585,-17.7654037475586,"Unknown"
"5020568",370754,2026-04-29 03:44:51,28.8570365905762,-17.7655010223389,"Unknown"
"5020568",370754,2026-04-29 03:45:51,28.8571262359619,-17.765552520752,"Unknown"
"5020568",370754,2026-04-29 03:46:51,28.8572025299072,-17.7656059265137,"Unknown"
"5020568",370754,2026-04-29 03:47:51,28.8572998046875,-17.7656898498535,"Unknown"
"5020568",370754,2026-04-29 03:48:53,28.8573989868164,-17.7657642364502,"Unknown"
"5020568",370754,2026-04-29 03:49:52,28.8574638366699,-17.7658271789551,"Unknown"
"5020568",370754,2026-04-29 03:50:53,28.8575420379639,-17.7659130096436,"Unknown"
"5020568",370754,2026-04-29 03:51:56,28.8576183319092,-17.7660083770752,"Unknown"
"5020568",370754,2026-04-29 03:52:53,28.8576927185059,-17.7660675048828,"Unknown"
"5020568",370754,2026-04-29 03:53:53,28.8577270507812,-17.7661724090576,"Unknown"
"5020568",370754,2026-04-29 03:54:51,28.8578033447266,-17.7662811279297,"Unknown"
"5020568",370754,2026-04-29 03:55:52,28.8578643798828,-17.7663154602051,"Unknown"
"5020568",370754,2026-04-29 03:56:51,28.85791015625,-17.7663764953613,"Unknown"
"5020568",370754,2026-04-29 03:57:52,28.8579921722412,-17.766508102417,"Unknown"
"5020568",370754,2026-04-29 03:58:51,28.8580837249756,-17.7665672302246,"Unknown"
"5020568",370754,2026-04-29 03:59:51,28.8580741882324,-17.7666492462158,"Unknown"
"5020568",370754,2026-04-29 04:00:51,28.8580875396729,-17.7666664123535,"Unknown"
"5020568",370754,2026-04-29 04:01:52,28.8581199645996,-17.7666873931885,"Unknown"
"5020568",370754,2026-04-29 04:02:51,28.8581714630127,-17.766773223877,"Unknown"
"5020568",370754,2026-04-29 04:03:52,28.8582611083984,-17.7668857574463,"Unknown"
"5020568",370754,2026-04-29 04:04:52,28.8583602905273,-17.7669830322266,"Unknown"
"5020568",370754,2026-04-29 04:05:51,28.8583526611328,-17.7670841217041,"Unknown"
"5020568",370754,2026-04-29 04:06:52,28.8583736419678,-17.7671318054199,"Unknown"
"5020568",370754,2026-04-29 04:07:52,28.8584365844727,-17.7672061920166,"Unknown"
"5020568",370754,2026-04-29 04:08:51,28.8584861755371,-17.7672672271729,"Unknown"
"5020568",370754,2026-04-29 04:09:51,28.8585472106934,-17.7673053741455,"Unknown"
"5020568",370754,2026-04-29 04:10:51,28.8585872650146,-17.7673320770264,"Unknown"
"5020568",370754,2026-04-29 04:11:51,28.8586444854736,-17.7674350738525,"Unknown"
"5020568",370754,2026-04-29 04:12:53,28.8587169647217,-17.7674770355225,"Unknown"
"5020568",370754,2026-04-29 04:13:51,28.8588008880615,-17.7675476074219,"Unknown"
"5020568",370754,2026-04-29 04:14:52,28.8588981628418,-17.7675971984863,"Unknown"
"5020568",370754,2026-04-29 04:15:51,28.8589916229248,-17.7676296234131,"Unknown"
"5020568",370754,2026-04-29 04:16:51,28.8590888977051,-17.7676658630371,"Unknown"
"5020568",370754,2026-04-29 04:17:53,28.8592128753662,-17.7677059173584,"Unknown"
"5020568",370754,2026-04-29 04:18:52,28.8593215942383,-17.7677040100098,"Unknown"
"5020568",370754,2026-04-29 04:19:52,28.8594551086426,-17.7677478790283,"Unknown"
"5020568",370754,2026-04-29 04:20:52,28.8595581054688,-17.7677574157715,"Unknown"
"5020568",370754,2026-04-29 04:21:51,28.8596611022949,-17.7678127288818,"Unknown"
"5020568",370754,2026-04-29 04:22:57,28.8597354888916,-17.767822265625,"Unknown"
"5020568",370754,2026-04-29 04:23:52,28.8598213195801,-17.7678718566895,"Unknown"
"5020568",370754,2026-04-29 04:24:54,28.8599281311035,-17.7679443359375,"Unknown"
"5020568",370754,2026-04-29 04:25:55,28.8599967956543,-17.7679557800293,"Unknown"
"5020568",370754,2026-04-29 04:26:53,28.8600559234619,-17.7679710388184,"Unknown"
"5020568",370754,2026-04-29 04:27:53,28.8601226806641,-17.7680206298828,"Unknown"
"5020568",370754,2026-04-29 04:28:53,28.8602142333984,-17.7680606842041,"Unknown"
"5020568",370754,2026-04-29 04:29:55,28.8602924346924,-17.7680759429932,"Unknown"
"5020568",370754,2026-04-29 04:30:55,28.8603687286377,-17.768123626709,"Unknown"
"5020568",370754,2026-04-29 04:31:53,28.8604373931885,-17.7681274414062,"Unknown"
"5020568",370754,2026-04-29 04:32:53,28.860502243042,-17.7681503295898,"Unknown"
"5020568",370754,2026-04-29 04:33:54,28.860595703125,-17.7681751251221,"Unknown"
"5020568",370754,2026-04-29 04:34:53,28.8606872558594,-17.7682075500488,"Unknown"
"5020568",370754,2026-04-29 04:35:53,28.8607711791992,-17.7682209014893,"Unknown"
"5020568",370754,2026-04-29 04:36:53,28.8608798980713,-17.7682609558105,"Unknown"
"5020568",370754,2026-04-29 04:37:53,28.860969543457,-17.7682590484619,"Unknown"
"5020568",370754,2026-04-29 04:38:53,28.8610496520996,-17.7682838439941,"Unknown"
"5020568",370754,2026-04-29 04:39:53,28.8611373901367,-17.7683162689209,"Unknown"
"5020568",370754,2026-04-29 04:40:53,28.861213684082,-17.7683525085449,"Unknown"
"5020568",370754,2026-04-29 04:41:52,28.8612957000732,-17.768346786499,"Unknown"
"5020568",370754,2026-04-29 04:42:52,28.8613891601562,-17.768367767334,"Unknown"
"5020568",370754,2026-04-29 04:43:54,28.8615074157715,-17.7683620452881,"Unknown"
"5020568",370754,2026-04-29 04:44:52,28.8615856170654,-17.7683658599854,"Unknown"
"5020568",370754,2026-04-29 04:45:52,28.8616752624512,-17.7683944702148,"Unknown"
"5020568",370754,2026-04-29 04:46:55,28.8617858886719,-17.7683753967285,"Unknown"
"5020568",370754,2026-04-29 04:47:55,28.8618717193604,-17.7683849334717,"Unknown"
"5020568",370754,2026-04-29 04:48:54,28.8619651794434,-17.7683601379395,"Unknown"
"5020568",370754,2026-04-29 04:49:54,28.8620586395264,-17.7683887481689,"Unknown"
"5020568",370754,2026-04-29 04:50:55,28.8621406555176,-17.7683525085449,"Unknown"
"5020568",370754,2026-04-29 04:56:00,28.8625831604004,-17.7684078216553,"Unknown"
"5020568",370754,2026-04-29 05:01:16,28.8630847930908,-17.7684154510498,"Unknown"
"5020568",370754,2026-04-29 05:05:53,28.86350440979,-17.7684707641602,"Unknown"
"5020568",370754,2026-04-29 05:10:55,28.8639545440674,-17.7685356140137,"Unknown"
"5020568",370754,2026-04-29 05:15:52,28.8643321990967,-17.7686042785645,"Unknown"
"5020568",370754,2026-04-29 05:20:52,28.8647117614746,-17.7686786651611,"Unknown"
"5020568",370754,2026-04-29 05:25:52,28.8650093078613,-17.7687931060791,"Unknown"
"5020568",370754,2026-04-29 05:30:53,28.8652420043945,-17.768949508667,"Unknown"
"5020568",370754,2026-04-29 05:35:51,28.8652725219727,-17.7691459655762,"Unknown"
"5020568",370754,2026-04-29 05:40:54,28.8653755187988,-17.7692775726318,"Unknown"
"5020568",370754,2026-04-29 05:45:55,28.8655338287354,-17.7693271636963,"Unknown"
"5020568",370754,2026-04-29 05:50:55,28.8656806945801,-17.769401550293,"Unknown"
"5020568",370754,2026-04-29 05:55:53,28.8657779693604,-17.7694931030273,"Unknown"
"5020568",370754,2026-04-29 06:00:52,28.8660888671875,-17.7697105407715,"Unknown"
"5020568",370754,2026-04-29 06:05:53,28.8583488464355,-17.7795352935791,"Unknown"
"5020568",370754,2026-04-29 06:10:52,28.8555183410645,-17.7610931396484,"Unknown"
"5020568",370754,2026-04-29 06:11:52,28.8506813049316,-17.7593193054199,"Unknown"
"5020568",370754,2026-04-29 06:12:52,28.8459091186523,-17.7573757171631,"Unknown"
"5020568",370754,2026-04-29 06:14:12,28.8427600860596,-17.757833480835,"Unknown"
"5020568",370754,2026-04-29 06:14:53,28.838737487793,-17.756591796875,"Unknown"
"5020568",370754,2026-04-29 06:15:53,28.8335857391357,-17.7571182250977,"Unknown"
"5020568",370754,2026-04-29 06:16:53,28.8284149169922,-17.7551231384277,"Unknown"
"5020568",370754,2026-04-29 06:17:52,28.8241672515869,-17.751558303833,"Unknown"
"5020568",370754,2026-04-29 06:18:52,28.8189392089844,-17.7489852905273,"Unknown"
"5020568",370754,2026-04-29 06:19:52,28.8128986358643,-17.747386932373,"Unknown"
"5020568",370754,2026-04-29 06:20:52,28.8084354400635,-17.7449493408203,"Unknown"
"5020568",370754,2026-04-29 06:21:52,28.8031406402588,-17.7407665252686,"Unknown"
"5020568",370754,2026-04-29 06:22:52,28.7968788146973,-17.7394008636475,"Unknown"
"5020568",370754,2026-04-29 06:23:52,28.7938957214355,-17.7348899841309,"Unknown"
"5020568",370754,2026-04-29 06:24:51,28.7897930145264,-17.7318248748779,"Unknown"
"5020568",370754,2026-04-29 06:25:52,28.7861289978027,-17.7265644073486,"Unknown"
"5020568",370754,2026-04-29 06:26:55,28.7853775024414,-17.7263412475586,"Unknown"
"5020568",370754,2026-04-29 06:27:51,28.7854537963867,-17.7263946533203,"Unknown"
"5020568",370754,2026-04-29 06:28:51,28.7855091094971,-17.7263965606689,"Unknown"
"5020568",370754,2026-04-29 06:29:51,28.7855415344238,-17.726448059082,"Unknown"
"5020568",370754,2026-04-29 06:30:51,28.7855682373047,-17.7265510559082,"Unknown"
"5020568",370754,2026-04-29 06:31:51,28.7856674194336,-17.7266368865967,"Unknown"
"5020568",370754,2026-04-29 06:32:51,28.7809925079346,-17.7251968383789,"Unknown"
"5020568",370754,2026-04-29 06:33:55,28.7753028869629,-17.7212905883789,"Unknown"
"5020568",370754,2026-04-29 06:34:53,28.773889541626,-17.7153396606445,"Unknown"
"5020568",370754,2026-04-29 06:39:55,28.7606201171875,-17.714958190918,"Unknown"
"5020568",370754,2026-04-29 06:44:55,28.7607097625732,-17.7149448394775,"Unknown"
"5020568",370754,2026-04-29 06:49:51,28.7534484863281,-17.716890335083,"Unknown"
"5020568",370754,2026-04-29 06:54:55,28.7537670135498,-17.7209911346436,"Unknown"
"5020568",370754,2026-04-29 07:00:01,28.7539939880371,-17.7211017608643,"Unknown"
"5020568",370754,2026-04-29 07:04:56,28.7572345733643,-17.7221450805664,"Unknown"
"5020568",370754,2026-04-29 07:11:18,28.7764835357666,-17.7368564605713,"Unknown"
"5020568",370754,2026-04-29 07:15:17,28.7902011871338,-17.7360420227051,"Unknown"
"5020568",370754,2026-04-29 07:15:52,28.7902679443359,-17.7359924316406,"Unknown"
"5020568",370754,2026-04-29 07:45:55,28.8238677978516,-17.7525043487549,"Unknown"
"5020568",370754,2026-04-29 07:46:54,28.8239402770996,-17.7524642944336,"Unknown"
"5020568",370754,2026-04-29 07:47:54,28.8240070343018,-17.7524261474609,"Unknown"
"5020568",370754,2026-04-29 07:48:55,28.8240585327148,-17.7524108886719,"Unknown"
"5020568",370754,2026-04-29 07:49:55,28.8242607116699,-17.7524509429932,"Unknown"
"5020568",370754,2026-04-29 07:50:55,28.8259525299072,-17.7555446624756,"Unknown"
"5020568",370754,2026-04-29 07:51:55,28.8279914855957,-17.7588195800781,"Unknown"
"5020568",370754,2026-04-29 07:52:55,28.8316097259521,-17.7609443664551,"Unknown"
"5020568",370754,2026-04-29 07:53:55,28.8356742858887,-17.7632827758789,"Unknown"
"5020568",370754,2026-04-29 07:54:56,28.8383846282959,-17.7668342590332,"Unknown"
"5020568",370754,2026-04-29 07:55:58,28.8403358459473,-17.7718849182129,"Unknown"
"5020568",370754,2026-04-29 07:56:53,28.8430957794189,-17.773380279541,"Unknown"
"5020568",370754,2026-04-29 07:57:53,28.8438568115234,-17.7731800079346,"Unknown"
"5020568",370754,2026-04-29 07:58:55,28.8439197540283,-17.7731132507324,"Unknown"
"5020568",370754,2026-04-29 07:59:52,28.8439197540283,-17.7730979919434,"Unknown"
"5020568",370754,2026-04-29 08:00:55,28.8439292907715,-17.7729988098145,"Unknown"
"5020568",370754,2026-04-29 08:01:56,28.8439025878906,-17.7729530334473,"Unknown"
"5020568",370754,2026-04-29 08:02:56,28.8439121246338,-17.7728652954102,"Unknown"
"5020568",370754,2026-04-29 08:03:55,28.8439426422119,-17.7728576660156,"Unknown"
"5020568",370754,2026-04-29 08:04:55,28.843921661377,-17.7728404998779,"Unknown"
"5020568",370754,2026-04-29 08:05:56,28.8438949584961,-17.7728118896484,"Unknown"
"5020568",370754,2026-04-29 08:06:56,28.843879699707,-17.7727928161621,"Unknown"
"5020568",370754,2026-04-29 08:07:59,28.8438625335693,-17.7727546691895,"Unknown"
"5020568",370754,2026-04-29 08:08:57,28.8438549041748,-17.7726955413818,"Unknown"
"5020568",370754,2026-04-29 08:09:58,28.8438148498535,-17.7726516723633,"Unknown"
"5020568",370754,2026-04-29 08:11:00,28.8437728881836,-17.772611618042,"Unknown"
"5020568",370754,2026-04-29 08:11:57,28.8437480926514,-17.7725830078125,"Unknown"
"5020568",370754,2026-04-29 08:12:57,28.8437175750732,-17.7725524902344,"Unknown"
"5020568",370754,2026-04-29 08:13:56,28.8436603546143,-17.7725353240967,"Unknown"
"5020568",370754,2026-04-29 08:14:55,28.8436088562012,-17.7725086212158,"Unknown"
"5020568",370754,2026-04-29 08:15:56,28.8435764312744,-17.7724628448486,"Unknown"
"5020568",370754,2026-04-29 08:16:56,28.8435039520264,-17.7724475860596,"Unknown"
"5020568",370754,2026-04-29 08:17:57,28.8434524536133,-17.7724056243896,"Unknown"
"5020568",370754,2026-04-29 08:18:57,28.8434028625488,-17.7723503112793,"Unknown"
"5020568",370754,2026-04-29 08:19:57,28.8433589935303,-17.7722797393799,"Unknown"
"5020568",370754,2026-04-29 08:20:56,28.8433246612549,-17.7722358703613,"Unknown"
"5020568",370754,2026-04-29 08:21:56,28.8432674407959,-17.7722434997559,"Unknown"
"5020568",370754,2026-04-29 08:22:55,28.8432312011719,-17.7722187042236,"Unknown"
"5020568",370754,2026-04-29 08:23:56,28.8431930541992,-17.7721824645996,"Unknown"
"5020568",370754,2026-04-29 08:25:17,28.8431282043457,-17.7721500396729,"Unknown"
"5020568",370754,2026-04-29 08:25:52,28.8430824279785,-17.7721138000488,"Unknown"
"5020568",370754,2026-04-29 08:26:53,28.8430347442627,-17.7720642089844,"Unknown"
"5020568",370754,2026-04-29 08:27:51,28.8429794311523,-17.7720584869385,"Unknown"
"5020568",370754,2026-04-29 08:28:53,28.8429260253906,-17.7720317840576,"Unknown"
"5020568",370754,2026-04-29 08:29:53,28.8428401947021,-17.7720050811768,"Unknown"
"5020568",370754,2026-04-29 08:30:55,28.8427581787109,-17.7719573974609,"Unknown"
"5020568",370754,2026-04-29 08:31:53,28.8426895141602,-17.7719554901123,"Unknown"
"5020568",370754,2026-04-29 08:32:53,28.8425960540771,-17.7719612121582,"Unknown"
"5020568",370754,2026-04-29 08:33:54,28.8424968719482,-17.7719345092773,"Unknown"
"5020568",370754,2026-04-29 08:34:53,28.8424320220947,-17.7719287872314,"Unknown"
"5020568",370754,2026-04-29 08:35:51,28.8423633575439,-17.771915435791,"Unknown"
"5020568",370754,2026-04-29 08:36:52,28.8423099517822,-17.7718753814697,"Unknown"
"5020568",370754,2026-04-29 08:37:53,28.8422412872314,-17.7718505859375,"Unknown"
"5020568",370754,2026-04-29 08:38:52,28.8385143280029,-17.7738838195801,"Unknown"
"5020568",370754,2026-04-29 08:39:51,28.8398456573486,-17.7728385925293,"Unknown"
"5020568",370754,2026-04-29 08:40:53,28.842041015625,-17.7713317871094,"Unknown"
"5020568",370754,2026-04-29 08:41:53,28.8419513702393,-17.7712860107422,"Unknown"
"5020568",370754,2026-04-29 08:42:51,28.8418636322021,-17.7712230682373,"Unknown"
"5020568",370754,2026-04-29 08:43:55,28.8417549133301,-17.7712020874023,"Unknown"
"5020568",370754,2026-04-29 08:44:53,28.8416576385498,-17.771203994751,"Unknown"
"5020568",370754,2026-04-29 08:45:53,28.8415718078613,-17.7711887359619,"Unknown"
"5020568",370754,2026-04-29 08:46:53,28.8411884307861,-17.7724895477295,"Unknown"
"5020568",370754,2026-04-29 08:47:53,28.8400421142578,-17.7728843688965,"Unknown"
"5020568",370754,2026-04-29 08:48:53,28.8418445587158,-17.774938583374,"Unknown"
"5020568",370754,2026-04-29 08:49:53,28.842098236084,-17.7748374938965,"Unknown"
"5020568",370754,2026-04-29 08:50:54,28.8420181274414,-17.7748489379883,"Unknown"
"5020568",370754,2026-04-29 08:51:55,28.8419246673584,-17.7748680114746,"Unknown"
"5020568",370754,2026-04-29 08:52:52,28.8418617248535,-17.7748565673828,"Unknown"
"5020568",370754,2026-04-29 08:53:51,28.8417987823486,-17.7748756408691,"Unknown"
"5020568",370754,2026-04-29 08:54:51,28.841682434082,-17.7747554779053,"Unknown"
"5020568",370754,2026-04-29 08:55:55,28.8416519165039,-17.774772644043,"Unknown"
"5020568",370754,2026-04-29 08:56:53,28.8371963500977,-17.7718524932861,"Unknown"
"5020568",370754,2026-04-29 08:57:55,28.8371868133545,-17.7719268798828,"Unknown"
"5020568",370754,2026-04-29 08:58:52,28.8382377624512,-17.7733821868896,"Unknown"
"5020568",370754,2026-04-29 08:59:52,28.8385982513428,-17.773962020874,"Unknown"
"5020568",370754,2026-04-29 09:00:53,28.8388023376465,-17.7747840881348,"Unknown"
"5020568",370754,2026-04-29 09:01:56,28.8399543762207,-17.7741279602051,"Unknown"
"5020568",370754,2026-04-29 09:02:53,28.8381004333496,-17.772611618042,"Unknown"
"5020568",370754,2026-04-29 09:03:51,28.8385105133057,-17.7718257904053,"Unknown"
"5020568",370754,2026-04-29 09:04:51,28.8374767303467,-17.7680759429932,"Unknown"
"5020568",370754,2026-04-29 09:05:54,28.8373184204102,-17.7680644989014,"Unknown"
"5020568",370754,2026-04-29 09:06:55,28.837194442749,-17.7680320739746,"Unknown"
"5020568",370754,2026-04-29 09:07:53,28.8366374969482,-17.7700939178467,"Unknown"
"5020568",370754,2026-04-29 09:08:53,28.8378009796143,-17.7720775604248,"Unknown"
"5020568",370754,2026-04-29 09:09:51,28.8376636505127,-17.7720413208008,"Unknown"
"5020568",370754,2026-04-29 09:10:51,28.8375358581543,-17.7719993591309,"Unknown"
"5020568",370754,2026-04-29 09:11:55,28.8373870849609,-17.7719478607178,"Unknown"
"5020568",370754,2026-04-29 09:12:51,28.8372764587402,-17.7718811035156,"Unknown"
"5020568",370754,2026-04-29 09:13:55,28.837158203125,-17.7717761993408,"Unknown"
"5020568",370754,2026-04-29 09:14:55,28.8394069671631,-17.7727699279785,"Unknown"
"5020568",370754,2026-04-29 09:15:51,28.8414611816406,-17.776180267334,"Unknown"
"5020568",370754,2026-04-29 09:16:55,28.8445491790771,-17.7791137695312,"Unknown"
"5020568",370754,2026-04-29 09:17:52,28.8480224609375,-17.7753047943115,"Unknown"
"5020568",370754,2026-04-29 09:18:55,28.8495845794678,-17.7717037200928,"Unknown"
"5020568",370754,2026-04-29 09:19:52,28.8486614227295,-17.7712287902832,"Unknown"
"5020568",370754,2026-04-29 09:20:53,28.8485679626465,-17.7711658477783,"Unknown"
"5020568",370754,2026-04-29 09:21:51,28.8464450836182,-17.7700805664062,"Unknown"
"5020568",370754,2026-04-29 09:22:51,28.8448390960693,-17.7715759277344,"Unknown"
"5020568",370754,2026-04-29 09:23:53,28.8447456359863,-17.7714996337891,"Unknown"
"5020568",370754,2026-04-29 09:24:52,28.8446578979492,-17.7714233398438,"Unknown"
"5020568",370754,2026-04-29 09:25:52,28.8445377349854,-17.7714004516602,"Unknown"
"5020568",370754,2026-04-29 09:26:51,28.8414649963379,-17.7716331481934,"Unknown"
"5020568",370754,2026-04-29 09:27:54,28.8404350280762,-17.7670021057129,"Unknown"
"5020568",370754,2026-04-29 09:28:53,28.8393249511719,-17.7660655975342,"Unknown"
"5020568",370754,2026-04-29 09:29:53,28.839168548584,-17.7660293579102,"Unknown"
"5020568",370754,2026-04-29 09:30:53,28.8390293121338,-17.7659511566162,"Unknown"
"5020568",370754,2026-04-29 09:31:53,28.8380603790283,-17.7643489837646,"Unknown"
"5020568",370754,2026-04-29 09:32:51,28.8363361358643,-17.7629127502441,"Unknown"
"5020568",370754,2026-04-29 09:33:51,28.8361644744873,-17.7628612518311,"Unknown"
"5020568",370754,2026-04-29 09:34:51,28.8360080718994,-17.762809753418,"Unknown"
"5020568",370754,2026-04-29 09:35:51,28.835844039917,-17.7627143859863,"Unknown"
"5020568",370754,2026-04-29 09:36:51,28.8356685638428,-17.762622833252,"Unknown"
"5020568",370754,2026-04-29 09:37:51,28.8355045318604,-17.762544631958,"Unknown"
"5020568",370754,2026-04-29 09:38:51,28.8353538513184,-17.7624988555908,"Unknown"
"5020568",370754,2026-04-29 09:39:51,28.8351707458496,-17.7624397277832,"Unknown"
"5020568",370754,2026-04-29 09:40:51,28.8350219726562,-17.7623443603516,"Unknown"
"5020568",370754,2026-04-29 09:41:53,28.8350791931152,-17.7622108459473,"Unknown"
"5020568",370754,2026-04-29 09:42:51,28.835147857666,-17.7619476318359,"Unknown"
"5020568",370754,2026-04-29 09:43:51,28.8349456787109,-17.7618656158447,"Unknown"
"5020568",370754,2026-04-29 09:44:55,28.8347396850586,-17.7617816925049,"Unknown"
"5020568",370754,2026-04-29 09:45:51,28.8345470428467,-17.7617015838623,"Unknown"
"5020568",370754,2026-04-29 09:46:53,28.8343486785889,-17.7616271972656,"Unknown"
"5020568",370754,2026-04-29 09:47:51,28.8341274261475,-17.7615222930908,"Unknown"
"5020568",370754,2026-04-29 09:48:53,28.8339385986328,-17.7614345550537,"Unknown"
"5020568",370754,2026-04-29 09:49:51,28.8337211608887,-17.7613277435303,"Unknown"
"5020568",370754,2026-04-29 09:50:51,28.8335494995117,-17.7612380981445,"Unknown"
"5020568",370754,2026-04-29 09:51:51,28.8333492279053,-17.7611045837402,"Unknown"
"5020568",370754,2026-04-29 09:52:51,28.8331451416016,-17.7610034942627,"Unknown"
"5020568",370754,2026-04-29 09:53:51,28.832950592041,-17.7608966827393,"Unknown"
"5020568",370754,2026-04-29 09:54:51,28.8327484130859,-17.760799407959,"Unknown"
"5020568",370754,2026-04-29 09:55:54,28.8325462341309,-17.7606906890869,"Unknown"
"5020568",370754,2026-04-29 09:56:55,28.8324089050293,-17.7605991363525,"Unknown"
"5020568",370754,2026-04-29 09:57:53,28.8322639465332,-17.7605228424072,"Unknown"
"5020568",370754,2026-04-29 09:58:55,28.8321285247803,-17.7604732513428,"Unknown"
"5020568",370754,2026-04-29 09:59:53,28.8319892883301,-17.7603874206543,"Unknown"
"5020568",370754,2026-04-29 10:00:54,28.8318500518799,-17.7603206634521,"Unknown"
"5020568",370754,2026-04-29 10:01:53,28.8317184448242,-17.7602310180664,"Unknown"
"5020568",370754,2026-04-29 10:02:53,28.8316059112549,-17.7601776123047,"Unknown"
"5020568",370754,2026-04-29 10:03:54,28.8314933776855,-17.7601222991943,"Unknown"
"5020568",370754,2026-04-29 10:04:55,28.8313694000244,-17.7600688934326,"Unknown"
"5020568",370754,2026-04-29 10:05:51,28.8312873840332,-17.7599925994873,"Unknown"
"5020568",370754,2026-04-29 10:06:57,28.8311538696289,-17.7598857879639,"Unknown"
"5020568",370754,2026-04-29 10:07:57,28.8310432434082,-17.7598457336426,"Unknown"
"5020568",370754,2026-04-29 10:08:57,28.8309078216553,-17.7597961425781,"Unknown"
"5020568",370754,2026-04-29 10:09:53,28.8307838439941,-17.7597312927246,"Unknown"
"5020568",370754,2026-04-29 10:10:53,28.8306350708008,-17.7596626281738,"Unknown"
"5020568",370754,2026-04-29 10:11:53,28.8304805755615,-17.7596015930176,"Unknown"
"5020568",370754,2026-04-29 10:12:53,28.8303241729736,-17.75954246521,"Unknown"
"5020568",370754,2026-04-29 10:13:52,28.8301620483398,-17.7594757080078,"Unknown"
"5020568",370754,2026-04-29 10:14:53,28.8299942016602,-17.7594127655029,"Unknown"
"5020568",370754,2026-04-29 10:15:53,28.8298168182373,-17.7593574523926,"Unknown"
"5020568",370754,2026-04-29 10:16:53,28.8296451568604,-17.7592811584473,"Unknown"
"5020568",370754,2026-04-29 10:17:52,28.8294849395752,-17.7592010498047,"Unknown"
"5020568",370754,2026-04-29 10:18:52,28.8293037414551,-17.7591114044189,"Unknown"
"5020568",370754,2026-04-29 10:19:52,28.8291625976562,-17.7590274810791,"Unknown"
"5020568",370754,2026-04-29 10:20:52,28.8289947509766,-17.7589378356934,"Unknown"
"5020568",370754,2026-04-29 10:21:52,28.8288230895996,-17.7588405609131,"Unknown"
"5020568",370754,2026-04-29 10:22:52,28.8286628723145,-17.7587223052979,"Unknown"
"5020568",370754,2026-04-29 10:23:52,28.8285083770752,-17.758617401123,"Unknown"
"5020568",370754,2026-04-29 10:24:56,28.8283138275146,-17.7585315704346,"Unknown"
"5020568",370754,2026-04-29 10:25:56,28.8281517028809,-17.7584095001221,"Unknown"
"5020568",370754,2026-04-29 10:26:51,28.827995300293,-17.7583541870117,"Unknown"
"5020568",370754,2026-04-29 10:27:55,28.8277931213379,-17.7583122253418,"Unknown"
"5020568",370754,2026-04-29 10:28:53,28.8276596069336,-17.758207321167,"Unknown"
"5020568",370754,2026-04-29 10:29:55,28.8274517059326,-17.7581233978271,"Unknown"
"5020568",370754,2026-04-29 10:30:53,28.8272876739502,-17.7580490112305,"Unknown"
"5020568",370754,2026-04-29 10:31:52,28.8271007537842,-17.7579746246338,"Unknown"
"5020568",370754,2026-04-29 10:32:55,28.8269062042236,-17.7578983306885,"Unknown"
"5020568",370754,2026-04-29 10:33:53,28.8267364501953,-17.7578411102295,"Unknown"
"5020568",370754,2026-04-29 10:34:52,28.8265800476074,-17.7577705383301,"Unknown"
"5020568",370754,2026-04-29 10:35:55,28.8263931274414,-17.757698059082,"Unknown"
"5020568",370754,2026-04-29 10:36:53,28.8262233734131,-17.7576198577881,"Unknown"
"5020568",370754,2026-04-29 10:37:52,28.8260688781738,-17.7575359344482,"Unknown"
"5020568",370754,2026-04-29 10:38:52,28.8258934020996,-17.7574901580811,"Unknown"
"5020568",370754,2026-04-29 10:40:17,28.8256664276123,-17.7573509216309,"Unknown"
"5020568",370754,2026-04-29 10:40:54,28.825569152832,-17.7572975158691,"Unknown"
"5020568",370754,2026-04-29 10:41:53,28.8254051208496,-17.7572422027588,"Unknown"
"5020568",370754,2026-04-29 10:42:53,28.8252487182617,-17.7571849822998,"Unknown"
"5020568",370754,2026-04-29 10:43:53,28.8250846862793,-17.7571601867676,"Unknown"
"5020568",370754,2026-04-29 10:44:53,28.8249073028564,-17.75710105896,"Unknown"
"5020568",370754,2026-04-29 10:45:53,28.8247299194336,-17.7570514678955,"Unknown"
"5020568",370754,2026-04-29 10:46:52,28.8245410919189,-17.7570171356201,"Unknown"
"5020568",370754,2026-04-29 10:47:53,28.8243541717529,-17.7569828033447,"Unknown"
"5020568",370754,2026-04-29 10:48:53,28.8242034912109,-17.7569389343262,"Unknown"
"5020568",370754,2026-04-29 10:49:52,28.8240547180176,-17.756908416748,"Unknown"
"5020568",370754,2026-04-29 10:50:53,28.823860168457,-17.756908416748,"Unknown"
"5020568",370754,2026-04-29 10:51:52,28.8237323760986,-17.7568225860596,"Unknown"
"5020568",370754,2026-04-29 10:52:52,28.8235607147217,-17.7567844390869,"Unknown"
"5020568",370754,2026-04-29 10:53:51,28.8233852386475,-17.7567310333252,"Unknown"
"5020568",370754,2026-04-29 10:54:51,28.8232135772705,-17.7566890716553,"Unknown"
"5020568",370754,2026-04-29 10:55:51,28.8230457305908,-17.756628036499,"Unknown"
"5020568",370754,2026-04-29 10:56:54,28.8260097503662,-17.7583789825439,"Unknown"
"5020568",370754,2026-04-29 10:57:51,28.8291664123535,-17.7612419128418,"Unknown"
"5020568",370754,2026-04-29 10:58:51,28.8323211669922,-17.7642269134521,"Unknown"
"5020568",370754,2026-04-29 10:59:51,28.8359546661377,-17.766773223877,"Unknown"
"5020568",370754,2026-04-29 11:00:53,28.8396129608154,-17.768705368042,"Unknown"
"5020568",370754,2026-04-29 11:01:52,28.8422451019287,-17.7723579406738,"Unknown"
"5020568",370754,2026-04-29 11:02:51,28.8442840576172,-17.7768783569336,"Unknown"
"5020568",370754,2026-04-29 11:03:54,28.8461399078369,-17.7815036773682,"Unknown"
"5020568",370754,2026-04-29 11:04:52,28.8478107452393,-17.7856674194336,"Unknown"
"5020568",370754,2026-04-29 11:05:52,28.8497619628906,-17.7905502319336,"Unknown"
"5020568",370754,2026-04-29 11:06:55,28.8527812957764,-17.7936782836914,"Unknown"
"5020568",370754,2026-04-29 11:07:55,28.8567428588867,-17.7964992523193,"Unknown"
"5020568",370754,2026-04-29 11:08:54,28.860969543457,-17.7957534790039,"Unknown"
"5020568",370754,2026-04-29 11:09:55,28.8633251190186,-17.7925853729248,"Unknown"
"5020568",370754,2026-04-29 11:10:54,28.8640766143799,-17.7971973419189,"Unknown"
"5020568",370754,2026-04-29 11:15:53,28.8643226623535,-17.8229064941406,"Unknown"
"5020568",370754,2026-04-29 11:20:53,28.8504543304443,-17.8425521850586,"Unknown"
"5020568",370754,2026-04-29 11:25:52,28.8502883911133,-17.8425197601318,"Unknown"
"5020568",370754,2026-04-29 11:26:51,28.8502426147461,-17.8425197601318,"Unknown"
"5020568",370754,2026-04-29 11:27:52,28.8501873016357,-17.8425140380859,"Unknown"
"5020568",370754,2026-04-29 11:28:52,28.8501396179199,-17.8425064086914,"Unknown"
"5020568",370754,2026-04-29 11:29:51,28.8500881195068,-17.8425025939941,"Unknown"
"5020568",370754,2026-04-29 11:30:51,28.8500137329102,-17.8425197601318,"Unknown"
"5020568",370754,2026-04-29 11:31:51,28.8499374389648,-17.8425197601318,"Unknown"
"5020568",370754,2026-04-29 11:32:51,28.8498821258545,-17.8425331115723,"Unknown"
"5020568",370754,2026-04-29 11:33:52,28.849817276001,-17.8425598144531,"Unknown"
"5020568",370754,2026-04-29 11:34:51,28.8497543334961,-17.8425884246826,"Unknown"
"5020568",370754,2026-04-29 11:35:52,28.8496913909912,-17.8426055908203,"Unknown"
"5020568",370754,2026-04-29 11:36:52,28.8496055603027,-17.8426361083984,"Unknown"
"5020568",370754,2026-04-29 11:37:53,28.8495407104492,-17.8426342010498,"Unknown"
"5020568",370754,2026-04-29 11:38:53,28.8494834899902,-17.8426342010498,"Unknown"
"5020568",370754,2026-04-29 11:39:52,28.8494129180908,-17.8426189422607,"Unknown"
"5020568",370754,2026-04-29 11:40:53,28.849328994751,-17.8426380157471,"Unknown"
"5020568",370754,2026-04-29 11:41:54,28.849250793457,-17.842643737793,"Unknown"
"5020568",370754,2026-04-29 11:42:55,28.8491725921631,-17.8426418304443,"Unknown"
"5020568",370754,2026-04-29 11:43:55,28.849100112915,-17.8426208496094,"Unknown"
"5020568",370754,2026-04-29 11:44:52,28.8490219116211,-17.8426418304443,"Unknown"
"5020568",370754,2026-04-29 11:45:55,28.8489437103271,-17.8426456451416,"Unknown"
"5020568",370754,2026-04-29 11:47:02,28.8488674163818,-17.8426132202148,"Unknown"
"5020568",370754,2026-04-29 11:47:53,28.848819732666,-17.8426151275635,"Unknown"
"5020568",370754,2026-04-29 11:48:54,28.8488216400146,-17.8426303863525,"Unknown"
"5020568",370754,2026-04-29 11:49:54,28.8488273620605,-17.8425617218018,"Unknown"
"5020568",370754,2026-04-29 11:50:54,28.8488597869873,-17.8425579071045,"Unknown"
"5020568",370754,2026-04-29 11:51:55,28.8489246368408,-17.8425159454346,"Unknown"
"5020568",370754,2026-04-29 11:52:53,28.8489456176758,-17.8424491882324,"Unknown"
"5020568",370754,2026-04-29 11:53:53,28.8489093780518,-17.8424530029297,"Unknown"
"5020568",370754,2026-04-29 11:54:52,28.848876953125,-17.8424243927002,"Unknown"
"5020568",370754,2026-04-29 11:55:54,28.8488540649414,-17.8424282073975,"Unknown"
"5020568",370754,2026-04-29 11:56:53,28.8488349914551,-17.8424129486084,"Unknown"
"5020568",370754,2026-04-29 11:57:52,28.8488578796387,-17.8423938751221,"Unknown"
"5020568",370754,2026-04-29 11:58:55,28.8489227294922,-17.8424015045166,"Unknown"
"5020568",370754,2026-04-29 11:59:53,28.8489551544189,-17.8424110412598,"Unknown"
"5020568",370754,2026-04-29 12:00:52,28.8489665985107,-17.8424625396729,"Unknown"
"5020568",370754,2026-04-29 12:01:55,28.848934173584,-17.8424644470215,"Unknown"
"5020568",370754,2026-04-29 12:02:52,28.848913192749,-17.8425045013428,"Unknown"
"5020568",370754,2026-04-29 12:03:53,28.8488502502441,-17.8424949645996,"Unknown"
"5020568",370754,2026-04-29 12:04:52,28.8488483428955,-17.8425102233887,"Unknown"
"5020568",370754,2026-04-29 12:05:53,28.8488292694092,-17.8425064086914,"Unknown"
"5020568",370754,2026-04-29 12:06:53,28.8488121032715,-17.8425140380859,"Unknown"
"5020568",370754,2026-04-29 12:07:53,28.8487873077393,-17.8425273895264,"Unknown"
"5020568",370754,2026-04-29 12:08:53,28.8487606048584,-17.8425331115723,"Unknown"
"5020568",370754,2026-04-29 12:09:53,28.848747253418,-17.8425312042236,"Unknown"
"5020568",370754,2026-04-29 12:10:53,28.8487110137939,-17.8425140380859,"Unknown"
"5020568",370754,2026-04-29 12:11:54,28.8487110137939,-17.8425426483154,"Unknown"
"5020568",370754,2026-04-29 12:12:56,28.8487186431885,-17.8425464630127,"Unknown"
"5020568",370754,2026-04-29 12:13:56,28.8487148284912,-17.8425788879395,"Unknown"
"5020568",370754,2026-04-29 12:14:56,28.8486976623535,-17.8425941467285,"Unknown"
"5020568",370754,2026-04-29 12:15:54,28.8487091064453,-17.842601776123,"Unknown"
"5020568",370754,2026-04-29 12:16:53,28.8487148284912,-17.8426132202148,"Unknown"
"5020568",370754,2026-04-29 12:17:53,28.8487377166748,-17.8426418304443,"Unknown"
"5020568",370754,2026-04-29 12:18:53,28.8487567901611,-17.8426876068115,"Unknown"
"5020568",370754,2026-04-29 12:19:54,28.848747253418,-17.8427257537842,"Unknown"
"5020568",370754,2026-04-29 12:20:53,28.8487415313721,-17.8427562713623,"Unknown"
"5020568",370754,2026-04-29 12:21:54,28.8487396240234,-17.8427772521973,"Unknown"
"5020568",370754,2026-04-29 12:22:53,28.8487358093262,-17.8427867889404,"Unknown"
"5020568",370754,2026-04-29 12:23:53,28.8487071990967,-17.842794418335,"Unknown"
"5020568",370754,2026-04-29 12:24:53,28.8487033843994,-17.8428382873535,"Unknown"
"5020568",370754,2026-04-29 12:25:54,28.8486766815186,-17.8428344726562,"Unknown"
"5020568",370754,2026-04-29 12:26:54,28.8486576080322,-17.842845916748,"Unknown"
"5020568",370754,2026-04-29 12:27:53,28.8486156463623,-17.8428840637207,"Unknown"
"5020568",370754,2026-04-29 12:28:54,28.8485984802246,-17.8428955078125,"Unknown"
"5020568",370754,2026-04-29 12:29:54,28.8486003875732,-17.8428936004639,"Unknown"
"5020568",370754,2026-04-29 12:30:53,28.8485908508301,-17.8429203033447,"Unknown"
"5020568",370754,2026-04-29 12:31:53,28.8486099243164,-17.8431797027588,"Unknown"
"5020568",370754,2026-04-29 12:32:53,28.8486042022705,-17.8431987762451,"Unknown"
"5020568",370754,2026-04-29 12:33:54,28.8506164550781,-17.8461837768555,"Unknown"
"5020568",370754,2026-04-29 12:34:55,28.8521995544434,-17.8512592315674,"Unknown"
"5020568",370754,2026-04-29 12:35:54,28.8554916381836,-17.8560161590576,"Unknown"
"5020568",370754,2026-04-29 12:36:54,28.858907699585,-17.8605823516846,"Unknown"
"5020568",370754,2026-04-29 12:37:54,28.8619556427002,-17.865571975708,"Unknown"
"5020568",370754,2026-04-29 12:38:54,28.8644924163818,-17.8704681396484,"Unknown"
"5020568",370754,2026-04-29 12:40:05,28.8664417266846,-17.877534866333,"Unknown"
"5020568",370754,2026-04-29 12:44:55,28.8726902008057,-17.905065536499,"Unknown"
"5020568",370754,2026-04-29 12:50:33,28.8695487976074,-17.9257011413574,"Unknown"
"5020568",370754,2026-04-29 12:54:56,28.8617343902588,-17.9443321228027,"Unknown"
"5020568",370754,2026-04-29 13:00:49,28.8592777252197,-17.9482364654541,"Unknown"
"5020568",370754,2026-04-29 13:00:50,28.8592166900635,-17.9483318328857,"Unknown"
"5020568",370754,2026-04-29 13:01:53,28.8555641174316,-17.9532909393311,"Unknown"
"5020568",370754,2026-04-29 13:03:00,28.8552017211914,-17.9544982910156,"Unknown"
"5020568",370754,2026-04-29 13:03:53,28.8552188873291,-17.9543476104736,"Unknown"
"5020568",370754,2026-04-29 13:04:52,28.8554382324219,-17.9542675018311,"Unknown"
"5020568",370754,2026-04-29 13:05:55,28.8577575683594,-17.9571800231934,"Unknown"
"5020568",370754,2026-04-29 13:06:56,28.8578071594238,-17.9570407867432,"Unknown"
"5020568",370754,2026-04-29 13:07:55,28.8578300476074,-17.9569320678711,"Unknown"
"5020568",370754,2026-04-29 13:08:54,28.8578586578369,-17.9568367004395,"Unknown"
"5020568",370754,2026-04-29 13:09:55,28.8578796386719,-17.9566955566406,"Unknown"
"5020568",370754,2026-04-29 13:10:53,28.8578910827637,-17.9566078186035,"Unknown"
"5020568",370754,2026-04-29 13:11:53,28.8579044342041,-17.9564971923828,"Unknown"
"5020568",370754,2026-04-29 13:12:54,28.8579158782959,-17.9563407897949,"Unknown"
"5020568",370754,2026-04-29 13:13:54,28.8579254150391,-17.9562091827393,"Unknown"
"5020568",370754,2026-04-29 13:14:54,28.8579635620117,-17.9560546875,"Unknown"
"5020568",370754,2026-04-29 13:15:54,28.8579845428467,-17.9559230804443,"Unknown"
"5020568",370754,2026-04-29 13:16:54,28.8579578399658,-17.9557342529297,"Unknown"
"5020568",370754,2026-04-29 13:17:53,28.8579273223877,-17.9556446075439,"Unknown"
"5020568",370754,2026-04-29 13:18:54,28.8579330444336,-17.9554843902588,"Unknown"
"5020568",370754,2026-04-29 13:19:53,28.857931137085,-17.9553318023682,"Unknown"
"5020568",370754,2026-04-29 13:20:53,28.857931137085,-17.9551773071289,"Unknown"
"5020568",370754,2026-04-29 13:21:53,28.8579502105713,-17.9550476074219,"Unknown"
"5020568",370754,2026-04-29 13:22:55,28.8579845428467,-17.9549217224121,"Unknown"
"5020568",370754,2026-04-29 13:23:54,28.8579978942871,-17.9547328948975,"Unknown"
"5020568",370754,2026-04-29 13:24:53,28.8580284118652,-17.9545803070068,"Unknown"
"5020568",370754,2026-04-29 13:25:54,28.858003616333,-17.9544563293457,"Unknown"
"5020568",370754,2026-04-29 13:26:55,28.857982635498,-17.9543285369873,"Unknown"
"5020568",370754,2026-04-29 13:27:55,28.8579788208008,-17.9542045593262,"Unknown"
"5020568",370754,2026-04-29 13:28:57,28.8579654693604,-17.9540576934814,"Unknown"
"5020568",370754,2026-04-29 13:29:54,28.8579807281494,-17.9539566040039,"Unknown"
"5020568",370754,2026-04-29 13:30:56,28.8579788208008,-17.9538383483887,"Unknown"
"5020568",370754,2026-04-29 13:31:56,28.857931137085,-17.9537773132324,"Unknown"
"5020568",370754,2026-04-29 13:32:56,28.8578987121582,-17.9537200927734,"Unknown"
"5020568",370754,2026-04-29 13:33:54,28.8578968048096,-17.9536304473877,"Unknown"
"5020568",370754,2026-04-29 13:34:55,28.8579025268555,-17.9535465240479,"Unknown"
"5020568",370754,2026-04-29 13:35:58,28.857946395874,-17.9534206390381,"Unknown"
"5020568",370754,2026-04-29 13:36:54,28.8580932617188,-17.9534873962402,"Unknown"
"5020568",370754,2026-04-29 13:37:54,28.8599472045898,-17.9576091766357,"Unknown"
"5020568",370754,2026-04-29 13:38:54,28.8644962310791,-17.9598274230957,"Unknown"
"5020568",370754,2026-04-29 13:39:55,28.8691654205322,-17.9593753814697,"Unknown"
"5020568",370754,2026-04-29 13:44:54,28.8934211730957,-17.9669780731201,"Unknown"
"5020568",370754,2026-04-29 13:49:53,28.9160594940186,-17.9793224334717,"Unknown"
"5020568",370754,2026-04-29 13:54:54,28.9418048858643,-17.9780349731445,"Unknown"
"5020568",370754,2026-04-29 13:59:55,28.9603309631348,-17.9585514068604,"Unknown"
"5020568",370754,2026-04-29 14:04:55,28.9560508728027,-17.925708770752,"Unknown"
"5020568",370754,2026-04-29 14:09:53,28.935661315918,-17.9009761810303,"Unknown"
"5020568",370754,2026-04-29 14:14:54,28.9133930206299,-17.8807239532471,"Unknown"
"5020568",370754,2026-04-29 14:19:53,28.8991928100586,-17.8693771362305,"Unknown"
"5020568",370754,2026-04-29 14:24:53,28.8829002380371,-17.8472690582275,"Unknown"
"5020568",370754,2026-04-29 14:29:55,28.8653144836426,-17.8215141296387,"Unknown"
"5020568",370754,2026-04-29 14:34:53,28.866735458374,-17.8157939910889,"Unknown"
"5020568",370754,2026-04-29 14:39:53,28.866231918335,-17.8158149719238,"Unknown"
"5020568",370754,2026-04-29 14:44:53,28.8657150268555,-17.8159351348877,"Unknown"
"5020568",370754,2026-04-29 14:49:53,28.8652839660645,-17.8159599304199,"Unknown"
"5020568",370754,2026-04-29 14:54:53,28.8648052215576,-17.8160343170166,"Unknown"
"5020568",370754,2026-04-29 14:59:55,28.8643703460693,-17.8160953521729,"Unknown"
"5020568",370754,2026-04-29 15:04:54,28.8639888763428,-17.8162364959717,"Unknown"
"5020568",370754,2026-04-29 15:09:55,28.8636932373047,-17.8163433074951,"Unknown"
"5020568",370754,2026-04-29 15:14:53,28.8633861541748,-17.8164672851562,"Unknown"
"5020568",370754,2026-04-29 15:19:56,28.8630142211914,-17.8166427612305,"Unknown"
"5020568",370754,2026-04-29 15:25:17,28.8628520965576,-17.8169269561768,"Unknown"
"5020568",370754,2026-04-29 15:29:51,28.862642288208,-17.8170757293701,"Unknown"
"5020568",370754,2026-04-29 15:34:52,28.8623905181885,-17.8172664642334,"Unknown"
"5020568",370754,2026-04-29 15:39:52,28.8619251251221,-17.8173274993896,"Unknown"
"5020568",370754,2026-04-29 15:44:52,28.861198425293,-17.8255634307861,"Unknown"
"5020568",370754,2026-04-29 15:45:51,28.8606472015381,-17.8234157562256,"Unknown"
"5020568",370754,2026-04-29 15:46:51,28.8603534698486,-17.8224830627441,"Unknown"
"5020568",370754,2026-04-29 15:47:51,28.8603000640869,-17.8225975036621,"Unknown"
"5020568",370754,2026-04-29 15:48:51,28.8602619171143,-17.8226947784424,"Unknown"
"5020568",370754,2026-04-29 15:49:51,28.8602752685547,-17.8228054046631,"Unknown"
"5020568",370754,2026-04-29 15:50:51,28.8602333068848,-17.8229484558105,"Unknown"
"5020568",370754,2026-04-29 15:51:52,28.860179901123,-17.8230972290039,"Unknown"
"5020568",370754,2026-04-29 15:52:53,28.8600978851318,-17.8242263793945,"Unknown"
"5020568",370754,2026-04-29 15:53:53,28.8600234985352,-17.8247699737549,"Unknown"
"5020568",370754,2026-04-29 15:54:53,28.8599681854248,-17.8249530792236,"Unknown"
"5020568",370754,2026-04-29 15:55:51,28.8599319458008,-17.8250579833984,"Unknown"
"5020568",370754,2026-04-29 15:56:52,28.8599243164062,-17.8252639770508,"Unknown"
"5020568",370754,2026-04-29 15:57:51,28.8598670959473,-17.8254432678223,"Unknown"
"5020568",370754,2026-04-29 15:58:51,28.8598251342773,-17.8255729675293,"Unknown"
"5020568",370754,2026-04-29 15:59:52,28.8597869873047,-17.8257427215576,"Unknown"
"5020568",370754,2026-04-29 16:00:51,28.8597393035889,-17.8258647918701,"Unknown"
"5020568",370754,2026-04-29 16:01:55,28.8597145080566,-17.8260517120361,"Unknown"
"5020568",370754,2026-04-29 16:02:51,28.8596687316895,-17.8261966705322,"Unknown"
"5020568",370754,2026-04-29 16:03:52,28.8596458435059,-17.826379776001,"Unknown"
"5020568",370754,2026-04-29 16:04:56,28.8595581054688,-17.826488494873,"Unknown"
"5020568",370754,2026-04-29 16:05:51,28.8595333099365,-17.8266448974609,"Unknown"
"5020568",370754,2026-04-29 16:06:54,28.8594818115234,-17.826774597168,"Unknown"
"5020568",370754,2026-04-29 16:07:55,28.8594436645508,-17.8269386291504,"Unknown"
"5020568",370754,2026-04-29 16:08:56,28.8594017028809,-17.8270969390869,"Unknown"
"5020568",370754,2026-04-29 16:09:56,28.8593482971191,-17.8272571563721,"Unknown"
"5020568",370754,2026-04-29 16:10:55,28.8593082427979,-17.8274078369141,"Unknown"
"5020568",370754,2026-04-29 16:11:55,28.8592224121094,-17.827543258667,"Unknown"
"5020568",370754,2026-04-29 16:12:56,28.8591995239258,-17.8277015686035,"Unknown"
"5020568",370754,2026-04-29 16:13:56,28.8591556549072,-17.8278694152832,"Unknown"
"5020568",370754,2026-04-29 16:14:55,28.8590888977051,-17.8280220031738,"Unknown"
"5020568",370754,2026-04-29 16:15:55,28.859037399292,-17.8281955718994,"Unknown"
"5020568",370754,2026-04-29 16:16:55,28.858980178833,-17.8283672332764,"Unknown"
"5020568",370754,2026-04-29 16:17:57,28.8589057922363,-17.8285217285156,"Unknown"
"5020568",370754,2026-04-29 16:18:53,28.8588924407959,-17.8287181854248,"Unknown"
"5020568",370754,2026-04-29 16:19:56,28.8587665557861,-17.8288669586182,"Unknown"
"5020568",370754,2026-04-29 16:20:55,28.8586883544922,-17.829044342041,"Unknown"
"5020568",370754,2026-04-29 16:21:53,28.8585948944092,-17.8291835784912,"Unknown"
"5020568",370754,2026-04-29 16:23:01,28.8584957122803,-17.8293514251709,"Unknown"
"5020568",370754,2026-04-29 16:23:57,28.8584423065186,-17.8295078277588,"Unknown"
"5020568",370754,2026-04-29 16:24:54,28.8583793640137,-17.8296413421631,"Unknown"
"5020568",370754,2026-04-29 16:25:55,28.8583126068115,-17.82981300354,"Unknown"
"5020568",370754,2026-04-29 16:26:55,28.858211517334,-17.8299808502197,"Unknown"
"5020568",370754,2026-04-29 16:27:55,28.8581504821777,-17.830171585083,"Unknown"
"5020568",370754,2026-04-29 16:28:54,28.8580646514893,-17.8303127288818,"Unknown"
"5020568",370754,2026-04-29 16:29:55,28.8579978942871,-17.8304805755615,"Unknown"
"5020568",370754,2026-04-29 16:30:55,28.8579120635986,-17.8306541442871,"Unknown"
"5020568",370754,2026-04-29 16:31:56,28.8578643798828,-17.8308029174805,"Unknown"
"5020568",370754,2026-04-29 16:32:55,28.8578605651855,-17.8309154510498,"Unknown"
"5020568",370754,2026-04-29 16:33:59,28.8578395843506,-17.8310661315918,"Unknown"
"5020568",370754,2026-04-29 16:34:57,28.8578701019287,-17.831226348877,"Unknown"
"5020568",370754,2026-04-29 16:35:56,28.8578853607178,-17.8314094543457,"Unknown"
"5020568",370754,2026-04-29 16:36:56,28.8578624725342,-17.8316059112549,"Unknown"
"5020568",370754,2026-04-29 16:37:56,28.8578472137451,-17.8317928314209,"Unknown"
"5020568",370754,2026-04-29 16:38:56,28.8578186035156,-17.8319835662842,"Unknown"
"5020568",370754,2026-04-29 16:39:56,28.857780456543,-17.832202911377,"Unknown"
"5020568",370754,2026-04-29 16:40:55,28.8578109741211,-17.8323860168457,"Unknown"
"5020568",370754,2026-04-29 16:41:55,28.8578281402588,-17.832612991333,"Unknown"
"5020568",370754,2026-04-29 16:42:57,28.8577823638916,-17.8327941894531,"Unknown"
"5020568",370754,2026-04-29 16:43:55,28.8577518463135,-17.832971572876,"Unknown"
"5020568",370754,2026-04-29 16:44:55,28.8577213287354,-17.833137512207,"Unknown"
"5020568",370754,2026-04-29 16:45:57,28.8576889038086,-17.8333187103271,"Unknown"
"5020568",370754,2026-04-29 16:46:56,28.8576488494873,-17.8335475921631,"Unknown"
"5020568",370754,2026-04-29 16:47:56,28.8576011657715,-17.8337287902832,"Unknown"
"5020568",370754,2026-04-29 16:48:58,28.8575458526611,-17.8339252471924,"Unknown"
"5020568",370754,2026-04-29 16:49:54,28.8574905395508,-17.8341102600098,"Unknown"
"5020568",370754,2026-04-29 16:51:00,28.857442855835,-17.8342990875244,"Unknown"
"5020568",370754,2026-04-29 16:51:55,28.8574352264404,-17.8344326019287,"Unknown"
"5020568",370754,2026-04-29 16:52:54,28.8574028015137,-17.8345832824707,"Unknown"
"5020568",370754,2026-04-29 16:53:57,28.8573741912842,-17.8347396850586,"Unknown"
"5020568",370754,2026-04-29 16:55:57,28.8575992584229,-17.8288440704346,"Unknown"
"5020568",370754,2026-04-29 16:55:58,28.8575992584229,-17.8288478851318,"Unknown"
"5020568",370754,2026-04-29 16:57:01,28.8575763702393,-17.829008102417,"Unknown"
"5020568",370754,2026-04-29 16:58:01,28.8575229644775,-17.8292026519775,"Unknown"
"5020568",370754,2026-04-29 16:59:01,28.8574638366699,-17.8293685913086,"Unknown"
"5020568",370754,2026-04-29 17:00:00,28.8574142456055,-17.8295345306396,"Unknown"
"5020568",370754,2026-04-29 17:01:01,28.8573589324951,-17.829704284668,"Unknown"
"5020568",370754,2026-04-29 17:02:03,28.8577194213867,-17.8251495361328,"Unknown"
"5020568",370754,2026-04-29 17:03:01,28.857494354248,-17.8253517150879,"Unknown"
"5020568",370754,2026-04-29 17:04:01,28.8574752807617,-17.825532913208,"Unknown"
"5020568",370754,2026-04-29 17:05:01,28.8582019805908,-17.8254222869873,"Unknown"
"5020568",370754,2026-04-29 17:06:01,28.8590774536133,-17.8248348236084,"Unknown"
"5020568",370754,2026-04-29 17:07:01,28.8595676422119,-17.8243045806885,"Unknown"
"5020568",370754,2026-04-29 17:08:01,28.8599586486816,-17.823184967041,"Unknown"
"5020568",370754,2026-04-29 17:09:01,28.8599052429199,-17.8233699798584,"Unknown"
"5020568",370754,2026-04-29 17:10:01,28.8598556518555,-17.8235397338867,"Unknown"
"5020568",370754,2026-04-29 17:11:01,28.8598003387451,-17.8237247467041,"Unknown"
"5020568",370754,2026-04-29 17:12:00,28.859769821167,-17.8238735198975,"Unknown"
"5020568",370754,2026-04-29 17:13:01,28.8597297668457,-17.824047088623,"Unknown"
"5020568",370754,2026-04-29 17:14:07,28.8596935272217,-17.8242301940918,"Unknown"
"5020568",370754,2026-04-29 17:15:04,28.8596725463867,-17.8243789672852,"Unknown"
"5020568",370754,2026-04-29 17:16:04,28.8596611022949,-17.8245658874512,"Unknown"
"5020568",370754,2026-04-29 17:17:01,28.8596324920654,-17.8247184753418,"Unknown"
"5020568",370754,2026-04-29 17:18:03,28.8596153259277,-17.8248863220215,"Unknown"
"5020568",370754,2026-04-29 17:19:04,28.8596076965332,-17.8250865936279,"Unknown"
"5020568",370754,2026-04-29 17:20:04,28.8596057891846,-17.825252532959,"Unknown"
"5020568",370754,2026-04-29 17:21:01,28.8596000671387,-17.8253993988037,"Unknown"
"5020568",370754,2026-04-29 17:22:01,28.8595714569092,-17.8255615234375,"Unknown"
"5020568",370754,2026-04-29 17:23:01,28.8595867156982,-17.8257236480713,"Unknown"
"5020568",370754,2026-04-29 17:24:01,28.8585395812988,-17.8286323547363,"Unknown"
"5020568",370754,2026-04-29 17:25:01,28.8584289550781,-17.8292446136475,"Unknown"
"5020568",370754,2026-04-29 17:26:01,28.8583927154541,-17.829439163208,"Unknown"
"5020568",370754,2026-04-29 17:27:01,28.8583889007568,-17.8296089172363,"Unknown"
"5020568",370754,2026-04-29 17:28:01,28.8583641052246,-17.8297805786133,"Unknown"
"5020568",370754,2026-04-29 17:29:01,28.8583278656006,-17.8299579620361,"Unknown"
"5020568",370754,2026-04-29 17:30:01,28.8582916259766,-17.8301258087158,"Unknown"
"5020568",370754,2026-04-29 17:31:01,28.8582515716553,-17.8303279876709,"Unknown"
"5020568",370754,2026-04-29 17:32:01,28.8582057952881,-17.8305168151855,"Unknown"
"5020568",370754,2026-04-29 17:33:01,28.8581714630127,-17.8307018280029,"Unknown"
"5020568",370754,2026-04-29 17:34:01,28.85813331604,-17.8308887481689,"Unknown"
"5020568",370754,2026-04-29 17:35:04,28.8581027984619,-17.8310928344727,"Unknown"
"5020568",370754,2026-04-29 17:36:01,28.8580799102783,-17.8312549591064,"Unknown"
"5020568",370754,2026-04-29 17:37:01,28.858060836792,-17.8314399719238,"Unknown"
"5020568",370754,2026-04-29 17:38:02,28.8580131530762,-17.8316059112549,"Unknown"
"5020568",370754,2026-04-29 17:39:01,28.8580131530762,-17.8317546844482,"Unknown"
"5020568",370754,2026-04-29 17:40:01,28.8579711914062,-17.8319778442383,"Unknown"
"5020568",370754,2026-04-29 17:41:01,28.8579349517822,-17.832145690918,"Unknown"
"5020568",370754,2026-04-29 17:42:01,28.8579082489014,-17.8323154449463,"Unknown"
"5020568",370754,2026-04-29 17:43:01,28.857873916626,-17.8325004577637,"Unknown"
"5020568",370754,2026-04-29 17:44:01,28.8578090667725,-17.8326263427734,"Unknown"
"5020568",370754,2026-04-29 17:45:04,28.8577728271484,-17.8328495025635,"Unknown"
"5020568",370754,2026-04-29 17:46:04,28.8577175140381,-17.8329982757568,"Unknown"
"5020568",370754,2026-04-29 17:47:01,28.8576622009277,-17.8331432342529,"Unknown"
"5020568",370754,2026-04-29 17:48:01,28.8576335906982,-17.8333168029785,"Unknown"
"5020568",370754,2026-04-29 17:49:01,28.8575801849365,-17.8335113525391,"Unknown"
"5020568",370754,2026-04-29 17:50:01,28.8575401306152,-17.8336906433105,"Unknown"
"5020568",370754,2026-04-29 17:51:01,28.8574733734131,-17.8338794708252,"Unknown"
"5020568",370754,2026-04-29 17:52:01,28.8574237823486,-17.8340587615967,"Unknown"
"5020568",370754,2026-04-29 17:53:01,28.8574047088623,-17.8342208862305,"Unknown"
"5020568",370754,2026-04-29 17:54:04,28.857349395752,-17.8344173431396,"Unknown"
"5020568",370754,2026-04-29 17:55:01,28.8573436737061,-17.8345832824707,"Unknown"
"5020568",370754,2026-04-29 17:56:01,28.8573226928711,-17.8347263336182,"Unknown"
"5020568",370754,2026-04-29 17:57:01,28.857307434082,-17.8348979949951,"Unknown"
"5020568",370754,2026-04-29 17:58:01,28.857292175293,-17.8350696563721,"Unknown"
"5020568",370754,2026-04-29 17:59:01,28.8572692871094,-17.8352584838867,"Unknown"
"5020568",370754,2026-04-29 18:00:33,28.8572273254395,-17.8355484008789,"Unknown"
"5020568",370754,2026-04-29 18:01:00,28.8572158813477,-17.8356151580811,"Unknown"
"5020568",370754,2026-04-29 18:02:01,28.8571949005127,-17.8357887268066,"Unknown"
"5020568",370754,2026-04-29 18:03:01,28.8571834564209,-17.8359661102295,"Unknown"
"5020568",370754,2026-04-29 18:04:01,28.857177734375,-17.8361263275146,"Unknown"
"5020568",370754,2026-04-29 18:05:01,28.8571662902832,-17.8363094329834,"Unknown"
"5020568",370754,2026-04-29 18:06:01,28.8571434020996,-17.8364582061768,"Unknown"
"5020568",370754,2026-04-29 18:07:01,28.857105255127,-17.8366088867188,"Unknown"
"5020568",370754,2026-04-29 18:08:01,28.8570785522461,-17.836763381958,"Unknown"
"5020568",370754,2026-04-29 18:09:01,28.8570652008057,-17.8369598388672,"Unknown"
"5020568",370754,2026-04-29 18:10:01,28.8570671081543,-17.8371810913086,"Unknown"
"5020568",370754,2026-04-29 18:11:01,28.8570785522461,-17.8373851776123,"Unknown"
"5020568",370754,2026-04-29 18:12:01,28.8570804595947,-17.8375949859619,"Unknown"
"5020568",370754,2026-04-29 18:13:01,28.8570594787598,-17.8377933502197,"Unknown"
"5020568",370754,2026-04-29 18:14:01,28.8570137023926,-17.8379936218262,"Unknown"
"5020568",370754,2026-04-29 18:15:01,28.8570022583008,-17.8382034301758,"Unknown"
"5020568",370754,2026-04-29 18:16:01,28.8569774627686,-17.8383522033691,"Unknown"
"5020568",370754,2026-04-29 18:17:01,28.8569660186768,-17.8385162353516,"Unknown"
"5020568",370754,2026-04-29 18:18:01,28.8569202423096,-17.8387050628662,"Unknown"
"5020568",370754,2026-04-29 18:19:01,28.856876373291,-17.838888168335,"Unknown"
"5020568",370754,2026-04-29 18:20:01,28.8568382263184,-17.8390712738037,"Unknown"
"5020568",370754,2026-04-29 18:21:01,28.8568344116211,-17.8392581939697,"Unknown"
"5020568",370754,2026-04-29 18:22:01,28.8568210601807,-17.8394260406494,"Unknown"
"5020568",370754,2026-04-29 18:23:01,28.8568134307861,-17.83957862854,"Unknown"
"5020568",370754,2026-04-29 18:24:01,28.856782913208,-17.8397464752197,"Unknown"
"5020568",370754,2026-04-29 18:25:01,28.8567600250244,-17.8399181365967,"Unknown"
"5020568",370754,2026-04-29 18:26:01,28.8567543029785,-17.8400764465332,"Unknown"
"5020568",370754,2026-04-29 18:27:01,28.8567390441895,-17.8402252197266,"Unknown"
"5020568",370754,2026-04-29 18:28:01,28.8567295074463,-17.8403987884521,"Unknown"
"5020568",370754,2026-04-29 18:29:01,28.8567237854004,-17.8405666351318,"Unknown"
"5020568",370754,2026-04-29 18:30:01,28.8567180633545,-17.840747833252,"Unknown"
"5020568",370754,2026-04-29 18:31:01,28.8566932678223,-17.8409271240234,"Unknown"
"5020568",370754,2026-04-29 18:32:01,28.8566608428955,-17.8410911560059,"Unknown"
"5020568",370754,2026-04-29 18:33:01,28.8566436767578,-17.8412666320801,"Unknown"
"5020568",370754,2026-04-29 18:34:01,28.8566055297852,-17.8414726257324,"Unknown"
"5020568",370754,2026-04-29 18:35:01,28.8565711975098,-17.8416900634766,"Unknown"
"5020568",370754,2026-04-29 18:36:01,28.8565330505371,-17.8418788909912,"Unknown"
"5020568",370754,2026-04-29 18:37:01,28.8565044403076,-17.8420810699463,"Unknown"
"5020568",370754,2026-04-29 18:38:01,28.8564701080322,-17.8422412872314,"Unknown"
"5020568",370754,2026-04-29 18:39:01,28.8577098846436,-17.8423881530762,"Unknown"
"5020568",370754,2026-04-29 18:40:01,28.8556728363037,-17.8410587310791,"Unknown"
"5020568",370754,2026-04-29 18:41:01,28.8555564880371,-17.8342590332031,"Unknown"
"5020568",370754,2026-04-29 18:42:01,28.8537559509277,-17.8279209136963,"Unknown"
"5020568",370754,2026-04-29 18:43:01,28.8554534912109,-17.821268081665,"Unknown"
"5020568",370754,2026-04-29 18:44:01,28.8557720184326,-17.8213634490967,"Unknown"
"5020568",370754,2026-04-29 18:45:01,28.8557739257812,-17.8214588165283,"Unknown"
"5020568",370754,2026-04-29 18:46:01,28.855770111084,-17.8215351104736,"Unknown"
"5020568",370754,2026-04-29 18:47:01,28.8557586669922,-17.8216361999512,"Unknown"
"5020568",370754,2026-04-29 18:48:01,28.8557529449463,-17.8217296600342,"Unknown"
"5020568",370754,2026-04-29 18:49:01,28.8557472229004,-17.8218154907227,"Unknown"
"5020568",370754,2026-04-29 18:50:01,28.8557243347168,-17.8219242095947,"Unknown"
"5020568",370754,2026-04-29 18:51:01,28.8557319641113,-17.8220195770264,"Unknown"
"5020568",370754,2026-04-29 18:52:01,28.8557090759277,-17.8220958709717,"Unknown"
"5020568",370754,2026-04-29 18:53:01,28.8556938171387,-17.8221855163574,"Unknown"
"5020568",370754,2026-04-29 18:54:01,28.8557052612305,-17.8222751617432,"Unknown"
"5020568",370754,2026-04-29 18:55:01,28.8556823730469,-17.8223495483398,"Unknown"
"5020568",370754,2026-04-29 18:56:01,28.85569190979,-17.8224353790283,"Unknown"
"5020568",370754,2026-04-29 18:57:01,28.8557071685791,-17.8225269317627,"Unknown"
"5020568",370754,2026-04-29 18:58:01,28.8557033538818,-17.822624206543,"Unknown"
"5020568",370754,2026-04-29 18:59:01,28.8556938171387,-17.8227157592773,"Unknown"
"5020568",370754,2026-04-29 19:00:01,28.8553142547607,-17.8175563812256,"Unknown"
"5020568",370754,2026-04-29 19:01:01,28.8551807403564,-17.8154983520508,"Unknown"
"5020568",370754,2026-04-29 19:02:01,28.8551177978516,-17.8155784606934,"Unknown"
"5020568",370754,2026-04-29 19:03:01,28.855094909668,-17.8156986236572,"Unknown"
"5020568",370754,2026-04-29 19:04:02,28.8550548553467,-17.8157901763916,"Unknown"
"5020568",370754,2026-04-29 19:05:01,28.8554534912109,-17.815055847168,"Unknown"
"5020568",370754,2026-04-29 19:06:01,28.8557662963867,-17.8165321350098,"Unknown"
"5020568",370754,2026-04-29 19:07:01,28.8549022674561,-17.8169479370117,"Unknown"
"5020568",370754,2026-04-29 19:08:01,28.854887008667,-17.8170547485352,"Unknown"
"5020568",370754,2026-04-29 19:09:01,28.8548774719238,-17.8171844482422,"Unknown"
"5020568",370754,2026-04-29 19:10:01,28.854850769043,-17.8172798156738,"Unknown"
"5020568",370754,2026-04-29 19:11:01,28.8548011779785,-17.8174018859863,"Unknown"
"5020568",370754,2026-04-29 19:12:01,28.8547592163086,-17.8175468444824,"Unknown"
"5020568",370754,2026-04-29 19:13:01,28.854700088501,-17.8177032470703,"Unknown"
"5020568",370754,2026-04-29 19:14:01,28.8552989959717,-17.8188171386719,"Unknown"
"5020568",370754,2026-04-29 19:15:01,28.8557033538818,-17.8194828033447,"Unknown"
"5020568",370754,2026-04-29 19:16:01,28.8556785583496,-17.8195896148682,"Unknown"
"5020568",370754,2026-04-29 19:17:01,28.8556308746338,-17.819709777832,"Unknown"
"5020568",370754,2026-04-29 19:18:01,28.8555870056152,-17.8198070526123,"Unknown"
"5020568",370754,2026-04-29 19:19:01,28.8555603027344,-17.8199100494385,"Unknown"
"5020568",370754,2026-04-29 19:20:01,28.8555374145508,-17.8199996948242,"Unknown"
"5020568",370754,2026-04-29 19:21:01,28.8554801940918,-17.8200550079346,"Unknown"
"5020568",370754,2026-04-29 19:22:01,28.8554801940918,-17.8201522827148,"Unknown"
"5020568",370754,2026-04-29 19:23:01,28.8554725646973,-17.8202342987061,"Unknown"
"5020568",370754,2026-04-29 19:24:01,28.8554286956787,-17.8202972412109,"Unknown"
"5020568",370754,2026-04-29 19:25:01,28.8554172515869,-17.8203678131104,"Unknown"
"5020568",370754,2026-04-29 19:26:01,28.8553791046143,-17.8204193115234,"Unknown"
"5020568",370754,2026-04-29 19:27:01,28.8553504943848,-17.8204975128174,"Unknown"
"5020568",370754,2026-04-29 19:28:01,28.8553562164307,-17.8205757141113,"Unknown"
"5020568",370754,2026-04-29 19:29:01,28.8553485870361,-17.8206443786621,"Unknown"
"5020568",370754,2026-04-29 19:30:01,28.8553504943848,-17.8207454681396,"Unknown"
"5020568",370754,2026-04-29 19:31:01,28.8553676605225,-17.8208236694336,"Unknown"
"5020568",370754,2026-04-29 19:32:01,28.8553771972656,-17.8209075927734,"Unknown"
"5020568",370754,2026-04-29 19:33:01,28.8553981781006,-17.8209857940674,"Unknown"
"5020568",370754,2026-04-29 19:34:01,28.8554134368896,-17.8210945129395,"Unknown"
"5020568",370754,2026-04-29 19:35:00,28.8554077148438,-17.8211898803711,"Unknown"
"5020568",370754,2026-04-29 19:36:01,28.8554344177246,-17.8212642669678,"Unknown"
"5020568",370754,2026-04-29 19:37:01,28.8554382324219,-17.8213672637939,"Unknown"
"5020568",370754,2026-04-29 19:38:01,28.8554134368896,-17.8214721679688,"Unknown"
"5020568",370754,2026-04-29 19:39:01,28.8553810119629,-17.8215980529785,"Unknown"
"5020568",370754,2026-04-29 19:40:01,28.8553714752197,-17.8216972351074,"Unknown"
"5020568",370754,2026-04-29 19:41:01,28.8553276062012,-17.8217945098877,"Unknown"
"5020568",370754,2026-04-29 19:42:01,28.8553142547607,-17.8218898773193,"Unknown"
"5020568",370754,2026-04-29 19:43:01,28.8553199768066,-17.8219795227051,"Unknown"
"5020568",370754,2026-04-29 19:44:01,28.8553104400635,-17.8220615386963,"Unknown"
"5020568",370754,2026-04-29 19:45:01,28.8552913665771,-17.8221607208252,"Unknown"
"5020568",370754,2026-04-29 19:46:01,28.8553028106689,-17.8222522735596,"Unknown"
"5020568",370754,2026-04-29 19:47:01,28.8553218841553,-17.822359085083,"Unknown"
"5020568",370754,2026-04-29 19:48:01,28.8553237915039,-17.8224563598633,"Unknown"
"5020568",370754,2026-04-29 19:49:01,28.8570709228516,-17.8248405456543,"Unknown"
"5020568",370754,2026-04-29 19:50:01,28.8566436767578,-17.8308582305908,"Unknown"
"5020568",370754,2026-04-29 19:51:01,28.8572978973389,-17.8367557525635,"Unknown"
"5020568",370754,2026-04-29 19:52:01,28.8579044342041,-17.842866897583,"Unknown"
"5020568",370754,2026-04-29 19:53:01,28.8591861724854,-17.845760345459,"Unknown"
"5020568",370754,2026-04-29 19:54:01,28.8592109680176,-17.8458938598633,"Unknown"
"5020568",370754,2026-04-29 19:55:01,28.8592128753662,-17.845983505249,"Unknown"
"5020568",370754,2026-04-29 19:56:01,28.8592433929443,-17.8460731506348,"Unknown"
"5020568",370754,2026-04-29 19:57:01,28.8593235015869,-17.8462200164795,"Unknown"
"5020568",370754,2026-04-29 19:58:01,28.859411239624,-17.8462505340576,"Unknown"
"5020568",370754,2026-04-29 19:59:01,28.8594169616699,-17.8463230133057,"Unknown"
"5020568",370754,2026-04-29 20:00:01,28.8594341278076,-17.8463954925537,"Unknown"
"5020568",370754,2026-04-29 20:01:01,28.859432220459,-17.8464813232422,"Unknown"
"5020568",370754,2026-04-29 20:02:01,28.8594360351562,-17.8465843200684,"Unknown"
"5020568",370754,2026-04-29 20:03:02,28.8594417572021,-17.8466796875,"Unknown"
"5020568",370754,2026-04-29 20:04:01,28.8594417572021,-17.8467845916748,"Unknown"
"5020568",370754,2026-04-29 20:05:01,28.859447479248,-17.8468894958496,"Unknown"
"5020568",370754,2026-04-29 20:06:01,28.8594665527344,-17.846996307373,"Unknown"
"5020568",370754,2026-04-29 20:07:01,28.8594589233398,-17.8470668792725,"Unknown"
"5020568",370754,2026-04-29 20:08:01,28.8594512939453,-17.8471412658691,"Unknown"
"5020568",370754,2026-04-29 20:09:01,28.8594360351562,-17.8472118377686,"Unknown"
"5020568",370754,2026-04-29 20:10:01,28.8594360351562,-17.8472633361816,"Unknown"
"5020568",370754,2026-04-29 20:11:01,28.8594284057617,-17.8473491668701,"Unknown"
"5020568",370754,2026-04-29 20:12:01,28.8594360351562,-17.8474388122559,"Unknown"
"5020568",370754,2026-04-29 20:13:01,28.859468460083,-17.8475303649902,"Unknown"
"5020568",370754,2026-04-29 20:14:01,28.8594837188721,-17.8476276397705,"Unknown"
"5020568",370754,2026-04-29 20:15:01,28.8594932556152,-17.8477115631104,"Unknown"
"5020568",370754,2026-04-29 20:16:01,28.8595161437988,-17.8478126525879,"Unknown"
"5020568",370754,2026-04-29 20:17:01,28.8595333099365,-17.8478927612305,"Unknown"
"5020568",370754,2026-04-29 20:18:01,28.8595523834229,-17.8479633331299,"Unknown"
"5020568",370754,2026-04-29 20:19:01,28.8595638275146,-17.8480472564697,"Unknown"
"5020568",370754,2026-04-29 20:20:01,28.8595714569092,-17.8481197357178,"Unknown"
"5020568",370754,2026-04-29 20:21:01,28.8595962524414,-17.8482131958008,"Unknown"
"5020568",370754,2026-04-29 20:22:01,28.8596076965332,-17.8483028411865,"Unknown"
"5020568",370754,2026-04-29 20:23:01,28.8596267700195,-17.8484210968018,"Unknown"
"5020568",370754,2026-04-29 20:24:01,28.8596305847168,-17.8485546112061,"Unknown"
"5020568",370754,2026-04-29 20:25:01,28.8596363067627,-17.8486614227295,"Unknown"
"5020568",370754,2026-04-29 20:26:01,28.8596420288086,-17.848783493042,"Unknown"
"5020568",370754,2026-04-29 20:27:01,28.8596611022949,-17.8488864898682,"Unknown"
"5020568",370754,2026-04-29 20:28:01,28.8596668243408,-17.8489685058594,"Unknown"
"5020568",370754,2026-04-29 20:29:01,28.8596630096436,-17.8490772247314,"Unknown"
"5020568",370754,2026-04-29 20:30:01,28.8596630096436,-17.8491592407227,"Unknown"
"5020568",370754,2026-04-29 20:31:01,28.8596706390381,-17.8492374420166,"Unknown"
"5020568",370754,2026-04-29 20:32:01,28.8596878051758,-17.8493213653564,"Unknown"
"5020568",370754,2026-04-29 20:33:01,28.8596935272217,-17.8494167327881,"Unknown"
"5020568",370754,2026-04-29 20:34:01,28.8597087860107,-17.8495216369629,"Unknown"
"5020568",370754,2026-04-29 20:35:01,28.8597164154053,-17.8496208190918,"Unknown"
"5020568",370754,2026-04-29 20:36:01,28.8597354888916,-17.8497447967529,"Unknown"
"5020568",370754,2026-04-29 20:37:01,28.859748840332,-17.8498611450195,"Unknown"
"5020568",370754,2026-04-29 20:38:01,28.859748840332,-17.8499221801758,"Unknown"
"5020568",370754,2026-04-29 20:39:01,28.8597450256348,-17.8499908447266,"Unknown"
"5020568",370754,2026-04-29 20:40:01,28.8597450256348,-17.8500823974609,"Unknown"
"5020568",370754,2026-04-29 20:41:01,28.8597278594971,-17.850212097168,"Unknown"
"5020568",370754,2026-04-29 20:42:01,28.8597278594971,-17.8503952026367,"Unknown"
"5020568",370754,2026-04-29 20:43:01,28.8597278594971,-17.8505306243896,"Unknown"
"5020568",370754,2026-04-29 20:44:01,28.8597297668457,-17.8506774902344,"Unknown"
"5020568",370754,2026-04-29 20:45:01,28.8597602844238,-17.8508071899414,"Unknown"
"5020568",370754,2026-04-29 20:46:01,28.8597736358643,-17.8509426116943,"Unknown"
"5020568",370754,2026-04-29 20:47:01,28.8598117828369,-17.8510913848877,"Unknown"
"5020568",370754,2026-04-29 20:48:01,28.859827041626,-17.8511962890625,"Unknown"
"5020568",370754,2026-04-29 20:49:01,28.8598346710205,-17.8512954711914,"Unknown"
"5020568",370754,2026-04-29 20:50:01,28.8598518371582,-17.8514099121094,"Unknown"
"5020568",370754,2026-04-29 20:51:01,28.8598499298096,-17.8515300750732,"Unknown"
"5020568",370754,2026-04-29 20:52:01,28.8598308563232,-17.8516540527344,"Unknown"
"5020568",370754,2026-04-29 20:53:01,28.859827041626,-17.8517742156982,"Unknown"
"5020568",370754,2026-04-29 20:54:01,28.8598213195801,-17.8519153594971,"Unknown"
"5020568",370754,2026-04-29 20:55:01,28.8598117828369,-17.8520336151123,"Unknown"
"5020568",370754,2026-04-29 20:56:01,28.8598308563232,-17.852144241333,"Unknown"
"5020568",370754,2026-04-29 20:57:01,28.8598575592041,-17.8522834777832,"Unknown"
"5020568",370754,2026-04-29 20:58:01,28.8598575592041,-17.8523998260498,"Unknown"
"5020568",370754,2026-04-29 20:59:04,28.8598518371582,-17.8525199890137,"Unknown"
"5020568",370754,2026-04-29 21:00:33,28.8598136901855,-17.8526725769043,"Unknown"
"5020568",370754,2026-04-29 21:01:01,28.8597965240479,-17.852725982666,"Unknown"
"5020568",370754,2026-04-29 21:02:01,28.8597679138184,-17.852855682373,"Unknown"
"5020568",370754,2026-04-29 21:03:01,28.8597259521484,-17.8529586791992,"Unknown"
"5020568",370754,2026-04-29 21:04:01,28.8597087860107,-17.8531074523926,"Unknown"
"5020568",370754,2026-04-29 21:05:01,28.8597087860107,-17.8532695770264,"Unknown"
"5020568",370754,2026-04-29 21:06:01,28.859691619873,-17.8533668518066,"Unknown"
"5020568",370754,2026-04-29 21:07:01,28.8596820831299,-17.8534755706787,"Unknown"
"5020568",370754,2026-04-29 21:08:01,28.8597030639648,-17.8536224365234,"Unknown"
"5020568",370754,2026-04-29 21:09:01,28.8597087860107,-17.8537368774414,"Unknown"
"5020568",370754,2026-04-29 21:10:01,28.8596744537354,-17.8538398742676,"Unknown"
"5020568",370754,2026-04-29 21:11:01,28.8596611022949,-17.8538761138916,"Unknown"
"5020568",370754,2026-04-29 21:12:01,28.8596267700195,-17.8539352416992,"Unknown"
"5020568",370754,2026-04-29 21:13:01,28.8596019744873,-17.8540592193604,"Unknown"
"5020568",370754,2026-04-29 21:14:01,28.8595638275146,-17.8541622161865,"Unknown"
"5020568",370754,2026-04-29 21:15:01,28.859582901001,-17.8542442321777,"Unknown"
"5020568",370754,2026-04-29 21:16:01,28.8595581054688,-17.8543281555176,"Unknown"
"5020568",370754,2026-04-29 21:17:01,28.8595542907715,-17.8544216156006,"Unknown"
"5020568",370754,2026-04-29 21:18:01,28.8595371246338,-17.854528427124,"Unknown"
"5020568",370754,2026-04-29 21:19:01,28.8595485687256,-17.854621887207,"Unknown"
"5020568",370754,2026-04-29 21:20:01,28.8595790863037,-17.8547096252441,"Unknown"
"5020568",370754,2026-04-29 21:21:01,28.8596019744873,-17.854793548584,"Unknown"
"5020568",370754,2026-04-29 21:22:01,28.8596153259277,-17.8548831939697,"Unknown"
"5020568",370754,2026-04-29 21:23:01,28.8596534729004,-17.8548984527588,"Unknown"
"5020568",370754,2026-04-29 21:24:01,28.8596687316895,-17.8550186157227,"Unknown"
"5020568",370754,2026-04-29 21:25:01,28.8596496582031,-17.8550968170166,"Unknown"
"5020568",370754,2026-04-29 21:26:01,28.859655380249,-17.8551578521729,"Unknown"
"5020568",370754,2026-04-29 21:27:01,28.8596458435059,-17.8552322387695,"Unknown"
"5020568",370754,2026-04-29 21:28:01,28.8596572875977,-17.8553218841553,"Unknown"
"5020568",370754,2026-04-29 21:29:01,28.8596611022949,-17.8554286956787,"Unknown"
"5020568",370754,2026-04-29 21:30:01,28.859655380249,-17.8555335998535,"Unknown"
"5020568",370754,2026-04-29 21:31:01,28.8596687316895,-17.8556137084961,"Unknown"
"5020568",370754,2026-04-29 21:32:01,28.8596744537354,-17.8556938171387,"Unknown"
"5020568",370754,2026-04-29 21:33:01,28.8596782684326,-17.8557796478271,"Unknown"
"5020568",370754,2026-04-29 21:34:01,28.8596668243408,-17.8558406829834,"Unknown"
"5020568",370754,2026-04-29 21:35:01,28.8596782684326,-17.8559226989746,"Unknown"
"5020568",370754,2026-04-29 21:36:01,28.8596668243408,-17.8560352325439,"Unknown"
"5020568",370754,2026-04-29 21:37:01,28.8596858978271,-17.8561115264893,"Unknown"
"5020568",370754,2026-04-29 21:38:01,28.8596973419189,-17.8561935424805,"Unknown"
"5020568",370754,2026-04-29 21:39:01,28.8597221374512,-17.8562831878662,"Unknown"
"5020568",370754,2026-04-29 21:40:01,28.8597297668457,-17.8563747406006,"Unknown"
"5020568",370754,2026-04-29 21:41:01,28.8597450256348,-17.8564472198486,"Unknown"
"5020568",370754,2026-04-29 21:42:01,28.8597412109375,-17.8565444946289,"Unknown"
"5020568",370754,2026-04-29 21:43:01,28.8597373962402,-17.8566513061523,"Unknown"
"5020568",370754,2026-04-29 21:44:01,28.8597297668457,-17.8567447662354,"Unknown"
"5020568",370754,2026-04-29 21:45:01,28.859733581543,-17.8568267822266,"Unknown"
"5020568",370754,2026-04-29 21:46:01,28.859733581543,-17.8569164276123,"Unknown"
"5020568",370754,2026-04-29 21:47:01,28.859748840332,-17.8570365905762,"Unknown"
"5020568",370754,2026-04-29 21:48:01,28.8597183227539,-17.8571586608887,"Unknown"
"5020568",370754,2026-04-29 21:49:01,28.8597221374512,-17.8572292327881,"Unknown"
"5020568",370754,2026-04-29 21:50:01,28.8597393035889,-17.8573265075684,"Unknown"
"5020568",370754,2026-04-29 21:51:01,28.859748840332,-17.8574085235596,"Unknown"
"5020568",370754,2026-04-29 21:52:01,28.8597431182861,-17.8574600219727,"Unknown"
"5020568",370754,2026-04-29 21:53:01,28.8597450256348,-17.8575439453125,"Unknown"
"5020568",370754,2026-04-29 21:54:01,28.8597164154053,-17.8576393127441,"Unknown"
"5020568",370754,2026-04-29 21:55:01,28.859733581543,-17.857702255249,"Unknown"
"5020568",370754,2026-04-29 21:56:01,28.8597736358643,-17.8577842712402,"Unknown"
"5020568",370754,2026-04-29 21:57:01,28.8597679138184,-17.8578777313232,"Unknown"
"5020568",370754,2026-04-29 21:58:01,28.8597660064697,-17.8579711914062,"Unknown"
"5020568",370754,2026-04-29 21:59:01,28.8597793579102,-17.8580341339111,"Unknown"
"5020568",370754,2026-04-29 22:00:01,28.8597850799561,-17.8581256866455,"Unknown"
"5020568",370754,2026-04-29 22:01:01,28.859806060791,-17.8581962585449,"Unknown"
"5020568",370754,2026-04-29 22:02:01,28.8598213195801,-17.8582592010498,"Unknown"
"5020568",370754,2026-04-29 22:03:01,28.859842300415,-17.8583145141602,"Unknown"
"5020568",370754,2026-04-29 22:04:01,28.8598575592041,-17.8583583831787,"Unknown"
"5020568",370754,2026-04-29 22:05:01,28.8598823547363,-17.8583831787109,"Unknown"
"5020568",370754,2026-04-29 22:06:01,28.8599033355713,-17.8584308624268,"Unknown"
"5020568",370754,2026-04-29 22:07:01,28.859920501709,-17.8584747314453,"Unknown"
"5020568",370754,2026-04-29 22:08:01,28.8599300384521,-17.8585319519043,"Unknown"
"5020568",370754,2026-04-29 22:09:01,28.8599319458008,-17.8585815429688,"Unknown"
"5020568",370754,2026-04-29 22:10:01,28.8599605560303,-17.8586196899414,"Unknown"
"5020568",370754,2026-04-29 22:11:01,28.8599586486816,-17.8586502075195,"Unknown"
"5020568",370754,2026-04-29 22:12:01,28.8599643707275,-17.8587265014648,"Unknown"
"5020568",370754,2026-04-29 22:13:01,28.8599605560303,-17.858757019043,"Unknown"
"5020568",370754,2026-04-29 22:14:01,28.8599586486816,-17.8587989807129,"Unknown"
"5020568",370754,2026-04-29 22:15:01,28.8599662780762,-17.8588428497314,"Unknown"
"5020568",370754,2026-04-29 22:16:01,28.8599815368652,-17.8588638305664,"Unknown"
"5020568",370754,2026-04-29 22:17:01,28.8599891662598,-17.8589019775391,"Unknown"
"5020568",370754,2026-04-29 22:18:01,28.8600082397461,-17.8589210510254,"Unknown"
"5020568",370754,2026-04-29 22:19:01,28.8600292205811,-17.8589668273926,"Unknown"
"5020568",370754,2026-04-29 22:20:01,28.8600292205811,-17.8589973449707,"Unknown"
"5020568",370754,2026-04-29 22:21:01,28.8600215911865,-17.8590221405029,"Unknown"
"5020568",370754,2026-04-29 22:22:01,28.8600311279297,-17.8590393066406,"Unknown"
"5020568",370754,2026-04-29 22:23:01,28.8600482940674,-17.8590621948242,"Unknown"
"5020568",370754,2026-04-29 22:24:01,28.860071182251,-17.8590908050537,"Unknown"
"5020568",370754,2026-04-29 22:25:01,28.8601112365723,-17.8591136932373,"Unknown"
"5020568",370754,2026-04-29 22:26:01,28.8601226806641,-17.8591289520264,"Unknown"
"5020568",370754,2026-04-29 22:27:01,28.8601360321045,-17.8591995239258,"Unknown"
"5020568",370754,2026-04-29 22:28:01,28.8601379394531,-17.8592510223389,"Unknown"
"5020568",370754,2026-04-29 22:29:01,28.8601226806641,-17.8592987060547,"Unknown"
"5020568",370754,2026-04-29 22:30:01,28.8601055145264,-17.8593273162842,"Unknown"
"5020568",370754,2026-04-29 22:31:01,28.8601036071777,-17.8593425750732,"Unknown"
"5020568",370754,2026-04-29 22:32:03,28.8600673675537,-17.8593730926514,"Unknown"
"5020568",370754,2026-04-29 22:33:01,28.8600654602051,-17.8594036102295,"Unknown"
"5020568",370754,2026-04-29 22:34:01,28.860071182251,-17.8594284057617,"Unknown"
"5020568",370754,2026-04-29 22:35:01,28.859899520874,-17.8598670959473,"Unknown"
"5020568",370754,2026-04-29 22:36:01,28.856689453125,-17.8597621917725,"Unknown"
"5020568",370754,2026-04-29 22:37:01,28.85325050354,-17.8604373931885,"Unknown"
"5020568",370754,2026-04-29 22:38:04,28.8531684875488,-17.8604145050049,"Unknown"
"5020568",370754,2026-04-29 22:39:01,28.8532104492188,-17.8603744506836,"Unknown"
"5020568",370754,2026-04-29 22:40:01,28.8532600402832,-17.8603706359863,"Unknown"
"5020568",370754,2026-04-29 22:41:01,28.8532848358154,-17.8603382110596,"Unknown"
"5020568",370754,2026-04-29 22:42:01,28.8533592224121,-17.8602466583252,"Unknown"
"5020568",370754,2026-04-29 22:43:04,28.8534278869629,-17.8602123260498,"Unknown"
"5020568",370754,2026-04-29 22:44:01,28.8534450531006,-17.8601951599121,"Unknown"
"5020568",370754,2026-04-29 22:45:04,28.853458404541,-17.8601341247559,"Unknown"
"5020568",370754,2026-04-29 22:46:01,28.8534908294678,-17.8601036071777,"Unknown"
"5020568",370754,2026-04-29 22:47:01,28.8535346984863,-17.860034942627,"Unknown"
"5020568",370754,2026-04-29 22:48:02,28.8536128997803,-17.8599662780762,"Unknown"
"5020568",370754,2026-04-29 22:49:01,28.8536720275879,-17.859884262085,"Unknown"
"5020568",370754,2026-04-29 22:50:02,28.853723526001,-17.8598442077637,"Unknown"
"5020568",370754,2026-04-29 22:51:01,28.8537654876709,-17.8597831726074,"Unknown"
"5020568",370754,2026-04-29 22:52:03,28.8537979125977,-17.8597297668457,"Unknown"
"5020568",370754,2026-04-29 22:53:01,28.8538265228271,-17.8596458435059,"Unknown"
"5020568",370754,2026-04-29 22:54:05,28.8538436889648,-17.8595943450928,"Unknown"
"5020568",370754,2026-04-29 22:55:04,28.8538551330566,-17.8595581054688,"Unknown"
"5020568",370754,2026-04-29 22:56:01,28.8539237976074,-17.8595161437988,"Unknown"
"5020568",370754,2026-04-29 22:57:04,28.8539695739746,-17.8595390319824,"Unknown"
"5020568",370754,2026-04-29 22:58:04,28.8539943695068,-17.8595561981201,"Unknown"
"5020568",370754,2026-04-29 22:59:01,28.8540382385254,-17.8595771789551,"Unknown"
"5020568",370754,2026-04-29 23:00:04,28.8541126251221,-17.8595638275146,"Unknown"
"5020568",370754,2026-04-29 23:01:04,28.8541011810303,-17.859546661377,"Unknown"
"5020568",370754,2026-04-29 23:02:12,28.8541297912598,-17.8595008850098,"Unknown"
"5020568",370754,2026-04-29 23:03:33,28.8541412353516,-17.8594264984131,"Unknown"
"5020568",370754,2026-04-29 23:04:01,28.8541603088379,-17.8593864440918,"Unknown"
"5020568",370754,2026-04-29 23:05:01,28.8542060852051,-17.859411239624,"Unknown"
"5020568",370754,2026-04-29 23:06:01,28.8542175292969,-17.8593063354492,"Unknown"
"5020568",370754,2026-04-29 23:07:01,28.8542366027832,-17.859203338623,"Unknown"
"5020568",370754,2026-04-29 23:08:01,28.8542766571045,-17.85910987854,"Unknown"
"5020568",370754,2026-04-29 23:09:01,28.8543224334717,-17.8590126037598,"Unknown"
"5020568",370754,2026-04-29 23:10:01,28.8543167114258,-17.8589382171631,"Unknown"
"5020568",370754,2026-04-29 23:11:01,28.8543529510498,-17.8589096069336,"Unknown"
"5020568",370754,2026-04-29 23:12:01,28.8544120788574,-17.8588905334473,"Unknown"
"5020568",370754,2026-04-29 23:13:01,28.8544464111328,-17.8588542938232,"Unknown"
"5020568",370754,2026-04-29 23:14:01,28.8544940948486,-17.8588428497314,"Unknown"
"5020568",370754,2026-04-29 23:15:01,28.8545112609863,-17.8588180541992,"Unknown"
"5020568",370754,2026-04-29 23:16:01,28.854513168335,-17.8588047027588,"Unknown"
"5020568",370754,2026-04-29 23:17:01,28.8545417785645,-17.8587913513184,"Unknown"
"5020568",370754,2026-04-29 23:18:01,28.8545780181885,-17.8587512969971,"Unknown"
"5020568",370754,2026-04-29 23:19:01,28.854606628418,-17.8586845397949,"Unknown"
"5020568",370754,2026-04-29 23:20:01,28.854621887207,-17.8585891723633,"Unknown"
"5020568",370754,2026-04-29 23:21:01,28.8546714782715,-17.8585338592529,"Unknown"
"5020568",370754,2026-04-29 23:22:01,28.854679107666,-17.8584442138672,"Unknown"
"5020568",370754,2026-04-29 23:23:01,28.8547058105469,-17.8583850860596,"Unknown"
"5020568",370754,2026-04-29 23:24:01,28.8547458648682,-17.8583450317383,"Unknown"
"5020568",370754,2026-04-29 23:25:01,28.8547763824463,-17.8582649230957,"Unknown"
"5020568",370754,2026-04-29 23:26:01,28.8547973632812,-17.8582363128662,"Unknown"
"5020568",370754,2026-04-29 23:27:01,28.8548259735107,-17.8581886291504,"Unknown"
"5020568",370754,2026-04-29 23:28:01,28.8548202514648,-17.8580551147461,"Unknown"
"5020568",370754,2026-04-29 23:29:01,28.8548412322998,-17.8579559326172,"Unknown"
"5020568",370754,2026-04-29 23:30:01,28.8548488616943,-17.8578815460205,"Unknown"
"5020568",370754,2026-04-29 23:31:01,28.8548908233643,-17.8578243255615,"Unknown"
"5020568",370754,2026-04-29 23:32:01,28.8549327850342,-17.857780456543,"Unknown"
"5020568",370754,2026-04-29 23:33:01,28.854959487915,-17.8577156066895,"Unknown"
"5020568",370754,2026-04-29 23:34:01,28.8549842834473,-17.8576717376709,"Unknown"
"5020568",370754,2026-04-29 23:35:01,28.8550109863281,-17.857536315918,"Unknown"
"5020568",370754,2026-04-29 23:36:01,28.8550071716309,-17.8573379516602,"Unknown"
"5020568",370754,2026-04-29 23:37:01,28.8550491333008,-17.8571338653564,"Unknown"
"5020568",370754,2026-04-29 23:38:01,28.8550891876221,-17.8569889068604,"Unknown"
"5020568",370754,2026-04-29 23:39:01,28.8551177978516,-17.856819152832,"Unknown"
"5020568",370754,2026-04-29 23:40:01,28.855110168457,-17.856689453125,"Unknown"
"5020568",370754,2026-04-29 23:41:01,28.8551139831543,-17.8565559387207,"Unknown"
"5020568",370754,2026-04-29 23:42:01,28.8551254272461,-17.8564395904541,"Unknown"
"5020568",370754,2026-04-29 23:43:01,28.8551254272461,-17.8563976287842,"Unknown"
"5020568",370754,2026-04-29 23:44:01,28.8551368713379,-17.8563480377197,"Unknown"
"5020568",370754,2026-04-29 23:45:01,28.8551425933838,-17.8563003540039,"Unknown"
"5020568",370754,2026-04-29 23:46:01,28.8551940917969,-17.8562183380127,"Unknown"
"5020568",370754,2026-04-29 23:47:01,28.8552494049072,-17.8561744689941,"Unknown"
"5020568",370754,2026-04-29 23:48:01,28.8553066253662,-17.8561477661133,"Unknown"
"5020568",370754,2026-04-29 23:49:01,28.8553829193115,-17.8561477661133,"Unknown"
"5020568",370754,2026-04-29 23:50:01,28.8554039001465,-17.856143951416,"Unknown"
"5020568",370754,2026-04-29 23:51:01,28.8553981781006,-17.8561172485352,"Unknown"
"5020568",370754,2026-04-29 23:52:01,28.8554229736328,-17.8561134338379,"Unknown"
"5020568",370754,2026-04-29 23:53:01,28.8554763793945,-17.8560943603516,"Unknown"
"5020568",370754,2026-04-29 23:54:01,28.8555297851562,-17.8560447692871,"Unknown"
"5020568",370754,2026-04-29 23:55:01,28.8555698394775,-17.8559818267822,"Unknown"
"5020568",370754,2026-04-29 23:56:01,28.8556251525879,-17.8559455871582,"Unknown"
"5020568",370754,2026-04-29 23:57:01,28.8556652069092,-17.8558788299561,"Unknown"
"5020568",370754,2026-04-29 23:58:01,28.8557205200195,-17.8558769226074,"Unknown"
"5020568",370754,2026-04-29 23:59:01,28.855770111084,-17.8558292388916,"Unknown"
"5020568",370754,2026-04-30 00:00:01,28.8558120727539,-17.8558025360107,"Unknown"
"5020568",370754,2026-04-30 00:01:01,28.8558616638184,-17.8557796478271,"Unknown"
"5020568",370754,2026-04-30 00:02:01,28.8559665679932,-17.8558235168457,"Unknown"
"5020568",370754,2026-04-30 00:03:01,28.8560333251953,-17.8557891845703,"Unknown"
"5020568",370754,2026-04-30 00:04:01,28.8560810089111,-17.855785369873,"Unknown"
"5020568",370754,2026-04-30 00:05:01,28.8561038970947,-17.8557395935059,"Unknown"
"5020568",370754,2026-04-30 00:06:01,28.8560752868652,-17.8556137084961,"Unknown"
"5020568",370754,2026-04-30 00:07:01,28.8546142578125,-17.856014251709,"Unknown"
"5020568",370754,2026-04-30 00:08:01,28.8556613922119,-17.855073928833,"Unknown"
"5020568",370754,2026-04-30 00:09:01,28.8557567596436,-17.854923248291,"Unknown"
"5020568",370754,2026-04-30 00:10:01,28.8551082611084,-17.8514823913574,"Unknown"
"5020568",370754,2026-04-30 00:11:01,28.8534049987793,-17.8482189178467,"Unknown"
"5020568",370754,2026-04-30 00:12:01,28.8532752990723,-17.84423828125,"Unknown"
"5020568",370754,2026-04-30 00:13:01,28.8533306121826,-17.8441772460938,"Unknown"
"5020568",370754,2026-04-30 00:14:01,28.8534088134766,-17.8441696166992,"Unknown"
"5020568",370754,2026-04-30 00:15:01,28.8534355163574,-17.8440971374512,"Unknown"
"5020568",370754,2026-04-30 00:16:01,28.853443145752,-17.8439788818359,"Unknown"
"5020568",370754,2026-04-30 00:17:01,28.8534679412842,-17.8438873291016,"Unknown"
"5020568",370754,2026-04-30 00:18:01,28.8534374237061,-17.8438262939453,"Unknown"
"5020568",370754,2026-04-30 00:19:01,28.8534450531006,-17.8437957763672,"Unknown"
"5020568",370754,2026-04-30 00:20:01,28.8534355163574,-17.8437557220459,"Unknown"
"5020568",370754,2026-04-30 00:21:01,28.8534450531006,-17.8437252044678,"Unknown"
"5020568",370754,2026-04-30 00:22:01,28.8534488677979,-17.8436450958252,"Unknown"
"5020568",370754,2026-04-30 00:23:01,28.8534812927246,-17.8435745239258,"Unknown"
"5020568",370754,2026-04-30 00:24:01,28.8534450531006,-17.8435115814209,"Unknown"
"5020568",370754,2026-04-30 00:25:01,28.8534698486328,-17.8434677124023,"Unknown"
"5020568",370754,2026-04-30 00:26:01,28.8534870147705,-17.8434371948242,"Unknown"
"5020568",370754,2026-04-30 00:27:01,28.8535099029541,-17.8433742523193,"Unknown"
"5020568",370754,2026-04-30 00:28:01,28.8535461425781,-17.8433494567871,"Unknown"
"5020568",370754,2026-04-30 00:29:01,28.8536052703857,-17.843355178833,"Unknown"
"5020568",370754,2026-04-30 00:30:01,28.8536071777344,-17.8433818817139,"Unknown"
"5020568",370754,2026-04-30 00:31:01,28.853645324707,-17.8433952331543,"Unknown"
"5020568",370754,2026-04-30 00:32:00,28.8534049987793,-17.8433322906494,"Unknown"
"5020568",370754,2026-04-30 00:33:01,28.8531761169434,-17.8423194885254,"Unknown"
"5020568",370754,2026-04-30 00:34:01,28.8532104492188,-17.8423519134521,"Unknown"
"5020568",370754,2026-04-30 00:35:01,28.8532276153564,-17.8423843383789,"Unknown"
"5020568",370754,2026-04-30 00:36:01,28.8532562255859,-17.8423976898193,"Unknown"
"5020568",370754,2026-04-30 00:37:01,28.8532848358154,-17.8423900604248,"Unknown"
"5020568",370754,2026-04-30 00:38:01,28.8533363342285,-17.842342376709,"Unknown"
"5020568",370754,2026-04-30 00:39:01,28.8533477783203,-17.8423519134521,"Unknown"
"5020568",370754,2026-04-30 00:40:01,28.8533878326416,-17.8423290252686,"Unknown"
"5020568",370754,2026-04-30 00:41:01,28.8534069061279,-17.8423252105713,"Unknown"
"5020568",370754,2026-04-30 00:42:01,28.8534202575684,-17.8423538208008,"Unknown"
"5020568",370754,2026-04-30 00:43:01,28.8534202575684,-17.8424434661865,"Unknown"
"5020568",370754,2026-04-30 00:44:01,28.8534603118896,-17.8425579071045,"Unknown"
"5020568",370754,2026-04-30 00:45:01,28.8534717559814,-17.8425941467285,"Unknown"
"5020568",370754,2026-04-30 00:46:01,28.8534774780273,-17.8426113128662,"Unknown"
"5020568",370754,2026-04-30 00:47:01,28.8522644042969,-17.8430290222168,"Unknown"
"5020568",370754,2026-04-30 00:48:01,28.8533744812012,-17.8423538208008,"Unknown"
"5020568",370754,2026-04-30 00:49:01,28.8564891815186,-17.8394832611084,"Unknown"
"5020568",370754,2026-04-30 00:50:01,28.8565196990967,-17.839412689209,"Unknown"
"5020568",370754,2026-04-30 00:51:01,28.8565368652344,-17.8393039703369,"Unknown"
"5020568",370754,2026-04-30 00:52:01,28.8566036224365,-17.8392601013184,"Unknown"
"5020568",370754,2026-04-30 00:53:01,28.8566837310791,-17.8392333984375,"Unknown"
"5020568",370754,2026-04-30 00:54:01,28.8567504882812,-17.8392868041992,"Unknown"
"5020568",370754,2026-04-30 00:55:01,28.8568305969238,-17.8393497467041,"Unknown"
"5020568",370754,2026-04-30 00:56:01,28.856840133667,-17.8393573760986,"Unknown"
"5020568",370754,2026-04-30 00:57:01,28.8568172454834,-17.8393211364746,"Unknown"
"5020568",370754,2026-04-30 00:58:01,28.8567981719971,-17.8392639160156,"Unknown"
"5020568",370754,2026-04-30 00:59:01,28.8567905426025,-17.8393077850342,"Unknown"
"5020568",370754,2026-04-30 01:00:00,28.8568019866943,-17.8393096923828,"Unknown"
"5020568",370754,2026-04-30 01:01:01,28.8568267822266,-17.8392848968506,"Unknown"
"5020568",370754,2026-04-30 01:02:01,28.8568382263184,-17.8392906188965,"Unknown"
"5020568",370754,2026-04-30 01:03:01,28.856861114502,-17.8392639160156,"Unknown"
"5020568",370754,2026-04-30 01:04:04,28.8568572998047,-17.8392944335938,"Unknown"
"5020568",370754,2026-04-30 01:05:01,28.8568916320801,-17.8392887115479,"Unknown"
"5020568",370754,2026-04-30 01:06:01,28.8569087982178,-17.839319229126,"Unknown"
"5020568",370754,2026-04-30 01:07:01,28.8569602966309,-17.8392677307129,"Unknown"
"5020568",370754,2026-04-30 01:08:04,28.8569564819336,-17.8393154144287,"Unknown"
"5020568",370754,2026-04-30 01:09:02,28.8569641113281,-17.83935546875,"Unknown"
"5020568",370754,2026-04-30 01:10:01,28.8569869995117,-17.839412689209,"Unknown"
"5020568",370754,2026-04-30 01:11:01,28.8570213317871,-17.8394393920898,"Unknown"
"5020568",370754,2026-04-30 01:12:02,28.8570594787598,-17.8394680023193,"Unknown"
"5020568",370754,2026-04-30 01:13:01,28.8570861816406,-17.8395023345947,"Unknown"
"5020568",370754,2026-04-30 01:14:01,28.8571281433105,-17.8395538330078,"Unknown"
"5020568",370754,2026-04-30 01:15:01,28.8571338653564,-17.8395957946777,"Unknown"
"5020568",370754,2026-04-30 01:16:01,28.8571548461914,-17.8396339416504,"Unknown"
"5020568",370754,2026-04-30 01:17:01,28.8571662902832,-17.8396911621094,"Unknown"
"5020568",370754,2026-04-30 01:18:01,28.8571910858154,-17.8398094177246,"Unknown"
"5020568",370754,2026-04-30 01:19:01,28.8571853637695,-17.8398857116699,"Unknown"
"5020568",370754,2026-04-30 01:20:01,28.85719871521,-17.8399658203125,"Unknown"
"5020568",370754,2026-04-30 01:21:02,28.8572235107422,-17.8400573730469,"Unknown"
"5020568",370754,2026-04-30 01:22:02,28.8572826385498,-17.8401489257812,"Unknown"
"5020568",370754,2026-04-30 01:23:03,28.8573150634766,-17.8402404785156,"Unknown"
"5020568",370754,2026-04-30 01:24:04,28.8573513031006,-17.8403568267822,"Unknown"
"5020568",370754,2026-04-30 01:25:01,28.8574123382568,-17.8404693603516,"Unknown"
"5020568",370754,2026-04-30 01:26:03,28.8574733734131,-17.8405838012695,"Unknown"
"5020568",370754,2026-04-30 01:27:06,28.8575248718262,-17.8406867980957,"Unknown"
"5020568",370754,2026-04-30 01:28:01,28.8575534820557,-17.840784072876,"Unknown"
"5020568",370754,2026-04-30 01:29:05,28.8575820922852,-17.8409080505371,"Unknown"
"5020568",370754,2026-04-30 01:30:04,28.8576469421387,-17.8409843444824,"Unknown"
"5020568",370754,2026-04-30 01:31:03,28.8577117919922,-17.8410186767578,"Unknown"
"5020568",370754,2026-04-30 01:32:03,28.8577651977539,-17.8410053253174,"Unknown"
"5020568",370754,2026-04-30 01:33:08,28.8577709197998,-17.8410987854004,"Unknown"
"5020568",370754,2026-04-30 01:34:33,28.8577976226807,-17.8411712646484,"Unknown"
"5020568",370754,2026-04-30 01:35:01,28.8578205108643,-17.8411846160889,"Unknown"
"5020568",370754,2026-04-30 01:36:01,28.8578624725342,-17.8412170410156,"Unknown"
"5020568",370754,2026-04-30 01:37:01,28.8578796386719,-17.8412532806396,"Unknown"
"5020568",370754,2026-04-30 01:38:01,28.8579750061035,-17.8413276672363,"Unknown"
"5020568",370754,2026-04-30 01:39:01,28.8580360412598,-17.8413715362549,"Unknown"
"5020568",370754,2026-04-30 01:40:01,28.8580532073975,-17.8414516448975,"Unknown"
"5020568",370754,2026-04-30 01:41:01,28.8581352233887,-17.8415050506592,"Unknown"
"5020568",370754,2026-04-30 01:42:01,28.8582897186279,-17.8414611816406,"Unknown"
"5020568",370754,2026-04-30 01:43:00,28.858419418335,-17.8414134979248,"Unknown"
"5020568",370754,2026-04-30 01:44:01,28.8585033416748,-17.841344833374,"Unknown"
"5020568",370754,2026-04-30 01:45:01,28.8585987091064,-17.8412990570068,"Unknown"
"5020568",370754,2026-04-30 01:46:01,28.8586883544922,-17.8412399291992,"Unknown"
"5020568",370754,2026-04-30 01:47:01,28.8583755493164,-17.8396530151367,"Unknown"
"5020568",370754,2026-04-30 01:48:01,28.8571071624756,-17.8360843658447,"Unknown"
"5020568",370754,2026-04-30 01:49:01,28.8557453155518,-17.8373832702637,"Unknown"
"5020568",370754,2026-04-30 01:50:01,28.8557987213135,-17.8374443054199,"Unknown"
"5020568",370754,2026-04-30 01:51:01,28.8558673858643,-17.8374443054199,"Unknown"
"5020568",370754,2026-04-30 01:52:01,28.8559513092041,-17.8374347686768,"Unknown"
"5020568",370754,2026-04-30 01:53:01,28.8560390472412,-17.8374519348145,"Unknown"
"5020568",370754,2026-04-30 01:54:01,28.8561000823975,-17.8374786376953,"Unknown"
"5020568",370754,2026-04-30 01:55:01,28.8561840057373,-17.8374691009521,"Unknown"
"5020568",370754,2026-04-30 01:56:01,28.8562774658203,-17.8374919891357,"Unknown"
"5020568",370754,2026-04-30 01:57:01,28.8563632965088,-17.8375015258789,"Unknown"
"5020568",370754,2026-04-30 01:58:00,28.8564777374268,-17.8375053405762,"Unknown"
"5020568",370754,2026-04-30 01:59:01,28.8565692901611,-17.8375263214111,"Unknown"
"5020568",370754,2026-04-30 02:00:01,28.8566303253174,-17.8375434875488,"Unknown"
"5020568",370754,2026-04-30 02:01:01,28.8566856384277,-17.837610244751,"Unknown"
"5020568",370754,2026-04-30 02:02:01,28.8567752838135,-17.8376026153564,"Unknown"
"5020568",370754,2026-04-30 02:03:01,28.8568553924561,-17.8376083374023,"Unknown"
"5020568",370754,2026-04-30 02:04:01,28.8569259643555,-17.8376083374023,"Unknown"
"5020568",370754,2026-04-30 02:05:01,28.8570785522461,-17.8375511169434,"Unknown"
"5020568",370754,2026-04-30 02:06:01,28.8571662902832,-17.837516784668,"Unknown"
"5020568",370754,2026-04-30 02:07:01,28.8572597503662,-17.8374557495117,"Unknown"
"5020568",370754,2026-04-30 02:08:01,28.8573417663574,-17.83740234375,"Unknown"
"5020568",370754,2026-04-30 02:09:01,28.8574295043945,-17.8373775482178,"Unknown"
"5020568",370754,2026-04-30 02:10:01,28.8575229644775,-17.8373222351074,"Unknown"
"5020568",370754,2026-04-30 02:11:01,28.8575878143311,-17.8372974395752,"Unknown"
"5020568",370754,2026-04-30 02:12:01,28.857629776001,-17.8372955322266,"Unknown"
"5020568",370754,2026-04-30 02:13:01,28.85768699646,-17.8372383117676,"Unknown"
"5020568",370754,2026-04-30 02:14:01,28.8577251434326,-17.8372116088867,"Unknown"
"5020568",370754,2026-04-30 02:15:01,28.8577632904053,-17.8371753692627,"Unknown"
"5020568",370754,2026-04-30 02:16:01,28.8578128814697,-17.837158203125,"Unknown"
"5020568",370754,2026-04-30 02:17:01,28.8578701019287,-17.8371391296387,"Unknown"
"5020568",370754,2026-04-30 02:18:01,28.8579483032227,-17.8370819091797,"Unknown"
"5020568",370754,2026-04-30 02:19:01,28.8580188751221,-17.8370418548584,"Unknown"
"5020568",370754,2026-04-30 02:20:01,28.858097076416,-17.836971282959,"Unknown"
"5020568",370754,2026-04-30 02:21:01,28.8581829071045,-17.8369026184082,"Unknown"
"5020568",370754,2026-04-30 02:22:01,28.8582229614258,-17.8368186950684,"Unknown"
"5020568",370754,2026-04-30 02:23:01,28.8582344055176,-17.8367328643799,"Unknown"
"5020568",370754,2026-04-30 02:24:01,28.8581943511963,-17.8367080688477,"Unknown"
"5020568",370754,2026-04-30 02:25:01,28.8581237792969,-17.8367214202881,"Unknown"
"5020568",370754,2026-04-30 02:26:01,28.858097076416,-17.8366527557373,"Unknown"
"5020568",370754,2026-04-30 02:27:01,28.8581142425537,-17.836597442627,"Unknown"
"5020568",370754,2026-04-30 02:28:01,28.8581352233887,-17.8365135192871,"Unknown"
"5020568",370754,2026-04-30 02:29:01,28.85813331604,-17.8364353179932,"Unknown"
"5020568",370754,2026-04-30 02:30:01,28.8581409454346,-17.836389541626,"Unknown"
"5020568",370754,2026-04-30 02:31:01,28.8581562042236,-17.8363132476807,"Unknown"
"5020568",370754,2026-04-30 02:32:01,28.858154296875,-17.8362693786621,"Unknown"
"5020568",370754,2026-04-30 02:33:01,28.8581638336182,-17.836217880249,"Unknown"
"5020568",370754,2026-04-30 02:34:01,28.8581676483154,-17.8361797332764,"Unknown"
"5020568",370754,2026-04-30 02:35:01,28.8581790924072,-17.836145401001,"Unknown"
"5020568",370754,2026-04-30 02:36:01,28.8581790924072,-17.8361320495605,"Unknown"
"5020568",370754,2026-04-30 02:37:01,28.8581504821777,-17.836109161377,"Unknown"
"5020568",370754,2026-04-30 02:38:01,28.8581314086914,-17.836067199707,"Unknown"
"5020568",370754,2026-04-30 02:39:01,28.8581562042236,-17.8359699249268,"Unknown"
"5020568",370754,2026-04-30 02:40:01,28.8581619262695,-17.8358592987061,"Unknown"
"5020568",370754,2026-04-30 02:41:01,28.858211517334,-17.8357734680176,"Unknown"
"5020568",370754,2026-04-30 02:42:01,28.8582191467285,-17.8356838226318,"Unknown"
"5020568",370754,2026-04-30 02:43:01,28.8582458496094,-17.8356437683105,"Unknown"
"5020568",370754,2026-04-30 02:44:01,28.8582248687744,-17.8356246948242,"Unknown"
"5020568",370754,2026-04-30 02:45:01,28.858226776123,-17.835599899292,"Unknown"
"5020568",370754,2026-04-30 02:46:01,28.8582496643066,-17.8355922698975,"Unknown"
"5020568",370754,2026-04-30 02:47:01,28.8582859039307,-17.8355140686035,"Unknown"
"5020568",370754,2026-04-30 02:48:01,28.8583106994629,-17.8354434967041,"Unknown"
"5020568",370754,2026-04-30 02:49:01,28.8581314086914,-17.8356437683105,"Unknown"
"5020568",370754,2026-04-30 02:50:01,28.8580875396729,-17.8357429504395,"Unknown"
"5020568",370754,2026-04-30 02:51:01,28.8574314117432,-17.8335990905762,"Unknown"
"5020568",370754,2026-04-30 02:52:01,28.857479095459,-17.8336524963379,"Unknown"
"5020568",370754,2026-04-30 02:53:01,28.8575057983398,-17.8337230682373,"Unknown"
"5020568",370754,2026-04-30 02:54:01,28.857494354248,-17.8337879180908,"Unknown"
"5020568",370754,2026-04-30 02:55:01,28.8575077056885,-17.8338470458984,"Unknown"
"5020568",370754,2026-04-30 02:56:01,28.8575668334961,-17.8338623046875,"Unknown"
"5020568",370754,2026-04-30 02:57:01,28.8575820922852,-17.8339004516602,"Unknown"
"5020568",370754,2026-04-30 02:58:01,28.8575744628906,-17.8339233398438,"Unknown"
"5020568",370754,2026-04-30 02:59:01,28.8575744628906,-17.833927154541,"Unknown"
"5020568",370754,2026-04-30 03:00:01,28.8575439453125,-17.8339519500732,"Unknown"
"5020568",370754,2026-04-30 03:01:01,28.8575534820557,-17.8340072631836,"Unknown"
"5020568",370754,2026-04-30 03:02:01,28.8575553894043,-17.834056854248,"Unknown"
"5020568",370754,2026-04-30 03:03:01,28.8575553894043,-17.8340969085693,"Unknown"
"5020568",370754,2026-04-30 03:04:01,28.8575401306152,-17.8341388702393,"Unknown"
"5020568",370754,2026-04-30 03:05:01,28.8575077056885,-17.83420753479,"Unknown"
"5020568",370754,2026-04-30 03:06:01,28.8574752807617,-17.8342895507812,"Unknown"
"5020568",370754,2026-04-30 03:07:01,28.8574562072754,-17.8343391418457,"Unknown"
"5020568",370754,2026-04-30 03:08:01,28.8574275970459,-17.8343982696533,"Unknown"
"5020568",370754,2026-04-30 03:09:01,28.8574028015137,-17.8344345092773,"Unknown"
"5020568",370754,2026-04-30 03:10:01,28.8573989868164,-17.8344783782959,"Unknown"
"5020568",370754,2026-04-30 03:11:10,28.8573913574219,-17.8345336914062,"Unknown"
"5020568",370754,2026-04-30 03:12:10,28.8573799133301,-17.8346080780029,"Unknown"
"5020568",370754,2026-04-30 03:13:10,28.8573226928711,-17.8346309661865,"Unknown"
"5020568",370754,2026-04-30 03:14:10,28.8572425842285,-17.8346672058105,"Unknown"
"5020568",370754,2026-04-30 03:15:10,28.8572177886963,-17.8346939086914,"Unknown"
"5020568",370754,2026-04-30 03:16:10,28.8571853637695,-17.8346767425537,"Unknown"
"5020568",370754,2026-04-30 03:17:10,28.8571262359619,-17.8346729278564,"Unknown"
"5020568",370754,2026-04-30 03:18:10,28.8570976257324,-17.8347206115723,"Unknown"
"5020568",370754,2026-04-30 03:19:10,28.8570594787598,-17.8347358703613,"Unknown"
"5020568",370754,2026-04-30 03:20:10,28.8570308685303,-17.8347816467285,"Unknown"
"5020568",370754,2026-04-30 03:21:10,28.8569679260254,-17.834846496582,"Unknown"
"5020568",370754,2026-04-30 03:22:10,28.8569412231445,-17.8348751068115,"Unknown"
"5020568",370754,2026-04-30 03:23:10,28.8569240570068,-17.8349018096924,"Unknown"
"5020568",370754,2026-04-30 03:24:10,28.8568916320801,-17.8349781036377,"Unknown"
"5020568",370754,2026-04-30 03:25:10,28.8568992614746,-17.8350124359131,"Unknown"
"5020568",370754,2026-04-30 03:26:10,28.8569393157959,-17.8350658416748,"Unknown"
"5020568",370754,2026-04-30 03:27:10,28.8569583892822,-17.835054397583,"Unknown"
"5020568",370754,2026-04-30 03:28:10,28.8570232391357,-17.8350849151611,"Unknown"
"5020568",370754,2026-04-30 03:29:10,28.8570938110352,-17.8351249694824,"Unknown"
"5020568",370754,2026-04-30 03:30:10,28.8571090698242,-17.8351707458496,"Unknown"
"5020568",370754,2026-04-30 03:31:10,28.8571796417236,-17.8351955413818,"Unknown"
"5020568",370754,2026-04-30 03:32:10,28.8572254180908,-17.8352012634277,"Unknown"
"5020568",370754,2026-04-30 03:33:10,28.8572731018066,-17.8352146148682,"Unknown"
"5020568",370754,2026-04-30 03:34:10,28.857328414917,-17.8352470397949,"Unknown"
"5020568",370754,2026-04-30 03:35:10,28.8573970794678,-17.8352680206299,"Unknown"
"5020568",370754,2026-04-30 03:36:10,28.8574466705322,-17.8352546691895,"Unknown"
"5020568",370754,2026-04-30 03:37:10,28.8574199676514,-17.8352851867676,"Unknown"
"5020568",370754,2026-04-30 03:38:10,28.857458114624,-17.8352851867676,"Unknown"
"5020568",370754,2026-04-30 03:39:10,28.8574600219727,-17.8353366851807,"Unknown"
"5020568",370754,2026-04-30 03:40:10,28.8574657440186,-17.8354053497314,"Unknown"
"5020568",370754,2026-04-30 03:41:10,28.8574447631836,-17.8354320526123,"Unknown"
"5020568",370754,2026-04-30 03:42:10,28.8574695587158,-17.8354644775391,"Unknown"
"5020568",370754,2026-04-30 03:43:10,28.8575134277344,-17.8354759216309,"Unknown"
"5020568",370754,2026-04-30 03:44:10,28.8575668334961,-17.8354892730713,"Unknown"
"5020568",370754,2026-04-30 03:45:10,28.8576221466064,-17.8354759216309,"Unknown"
"5020568",370754,2026-04-30 03:46:10,28.8577060699463,-17.8354606628418,"Unknown"
"5020568",370754,2026-04-30 03:47:10,28.8577709197998,-17.8354568481445,"Unknown"
"5020568",370754,2026-04-30 03:48:10,28.8578033447266,-17.8354759216309,"Unknown"
"5020568",370754,2026-04-30 03:49:10,28.8578205108643,-17.8354759216309,"Unknown"
"5020568",370754,2026-04-30 03:50:10,28.8578605651855,-17.8354587554932,"Unknown"
"5020568",370754,2026-04-30 03:51:10,28.8577938079834,-17.8355274200439,"Unknown"
"5020568",370754,2026-04-30 03:52:10,28.8577632904053,-17.8356399536133,"Unknown"
"5020568",370754,2026-04-30 03:53:10,28.857723236084,-17.8357753753662,"Unknown"
"5020568",370754,2026-04-30 03:54:10,28.8576755523682,-17.8358669281006,"Unknown"
"5020568",370754,2026-04-30 03:55:10,28.8576507568359,-17.8359642028809,"Unknown"
"5020568",370754,2026-04-30 03:56:10,28.857593536377,-17.8361377716064,"Unknown"
"5020568",370754,2026-04-30 03:57:10,28.8575325012207,-17.8362445831299,"Unknown"
"5020568",370754,2026-04-30 03:58:10,28.8574619293213,-17.8363857269287,"Unknown"
"5020568",370754,2026-04-30 03:59:10,28.857400894165,-17.8365135192871,"Unknown"
"5020568",370754,2026-04-30 04:00:32,28.8573570251465,-17.8367004394531,"Unknown"
"5020568",370754,2026-04-30 04:01:10,28.8573188781738,-17.8368110656738,"Unknown"
"5020568",370754,2026-04-30 04:02:10,28.8573226928711,-17.8369541168213,"Unknown"
"5020568",370754,2026-04-30 04:03:10,28.8572826385498,-17.8370609283447,"Unknown"
"5020568",370754,2026-04-30 04:04:10,28.8572063446045,-17.8372020721436,"Unknown"
"5020568",370754,2026-04-30 04:05:10,28.8571491241455,-17.8373107910156,"Unknown"
"5020568",370754,2026-04-30 04:06:10,28.8570880889893,-17.837423324585,"Unknown"
"5020568",370754,2026-04-30 04:07:10,28.8570499420166,-17.8375225067139,"Unknown"
"5020568",370754,2026-04-30 04:08:10,28.8570232391357,-17.8376159667969,"Unknown"
"5020568",370754,2026-04-30 04:09:10,28.857006072998,-17.8377532958984,"Unknown"
"5020568",370754,2026-04-30 04:10:10,28.8569602966309,-17.837911605835,"Unknown"
"5020568",370754,2026-04-30 04:11:10,28.8569278717041,-17.8380393981934,"Unknown"
"5020568",370754,2026-04-30 04:12:10,28.8568916320801,-17.8381843566895,"Unknown"
"5020568",370754,2026-04-30 04:13:10,28.8568325042725,-17.8382987976074,"Unknown"
"5020568",370754,2026-04-30 04:14:10,28.8567886352539,-17.8384094238281,"Unknown"
"5020568",370754,2026-04-30 04:15:10,28.8567371368408,-17.8385066986084,"Unknown"
"5020568",370754,2026-04-30 04:16:11,28.8566932678223,-17.8385906219482,"Unknown"
"5020568",370754,2026-04-30 04:17:11,28.8566856384277,-17.8387222290039,"Unknown"
"5020568",370754,2026-04-30 04:18:10,28.85666847229,-17.8388481140137,"Unknown"
"5020568",370754,2026-04-30 04:19:10,28.8566150665283,-17.8389759063721,"Unknown"
"5020568",370754,2026-04-30 04:20:10,28.8565826416016,-17.8390464782715,"Unknown"
"5020568",370754,2026-04-30 04:21:10,28.8565425872803,-17.8391532897949,"Unknown"
"5020568",370754,2026-04-30 04:22:10,28.8565235137939,-17.8392486572266,"Unknown"
"5020568",370754,2026-04-30 04:23:10,28.8564624786377,-17.8393821716309,"Unknown"
"5020568",370754,2026-04-30 04:24:10,28.8564472198486,-17.8394947052002,"Unknown"
"5020568",370754,2026-04-30 04:25:10,28.8564376831055,-17.8396244049072,"Unknown"
"5020568",370754,2026-04-30 04:26:10,28.856409072876,-17.8398132324219,"Unknown"
"5020568",370754,2026-04-30 04:27:10,28.8564376831055,-17.8399486541748,"Unknown"
"5020568",370754,2026-04-30 04:28:10,28.8564624786377,-17.840051651001,"Unknown"
"5020568",370754,2026-04-30 04:29:10,28.8564891815186,-17.8402309417725,"Unknown"
"5020568",370754,2026-04-30 04:30:10,28.8565063476562,-17.8402805328369,"Unknown"
"5020568",370754,2026-04-30 04:31:10,28.8564987182617,-17.8403930664062,"Unknown"
"5020568",370754,2026-04-30 04:32:10,28.8557929992676,-17.840217590332,"Unknown"
"5020568",370754,2026-04-30 04:33:10,28.8559436798096,-17.840368270874,"Unknown"
"5020568",370754,2026-04-30 04:34:12,28.8559970855713,-17.8405456542969,"Unknown"
"5020568",370754,2026-04-30 04:35:10,28.8560333251953,-17.8406352996826,"Unknown"
"5020568",370754,2026-04-30 04:36:11,28.8560485839844,-17.8407325744629,"Unknown"
"5020568",370754,2026-04-30 04:37:10,28.8560676574707,-17.8408660888672,"Unknown"
"5020568",370754,2026-04-30 04:38:10,28.8560600280762,-17.8410415649414,"Unknown"
"5020568",370754,2026-04-30 04:39:10,28.8560485839844,-17.8411712646484,"Unknown"
"5020568",370754,2026-04-30 04:40:10,28.8560009002686,-17.8412952423096,"Unknown"
"5020568",370754,2026-04-30 04:41:11,28.8559722900391,-17.841344833374,"Unknown"
"5020568",370754,2026-04-30 04:42:11,28.8559455871582,-17.8413963317871,"Unknown"
"5020568",370754,2026-04-30 04:43:10,28.8558902740479,-17.8415451049805,"Unknown"
"5020568",370754,2026-04-30 04:44:10,28.8558292388916,-17.8416938781738,"Unknown"
"5020568",370754,2026-04-30 04:45:11,28.8558025360107,-17.8418712615967,"Unknown"
"5020568",370754,2026-04-30 04:46:11,28.8558044433594,-17.8419322967529,"Unknown"
"5020568",370754,2026-04-30 04:47:11,28.8557624816895,-17.8420372009277,"Unknown"
"5020568",370754,2026-04-30 04:48:11,28.8557319641113,-17.8421611785889,"Unknown"
"5020568",370754,2026-04-30 04:49:10,28.854305267334,-17.844409942627,"Unknown"
"5020568",370754,2026-04-30 04:50:11,28.8513813018799,-17.8458042144775,"Unknown"
"5020568",370754,2026-04-30 04:51:11,28.85107421875,-17.8460216522217,"Unknown"
"5020568",370754,2026-04-30 04:52:11,28.8510684967041,-17.8460083007812,"Unknown"
"5020568",370754,2026-04-30 04:53:10,28.851053237915,-17.846019744873,"Unknown"
"5020568",370754,2026-04-30 04:54:10,28.8510398864746,-17.8460311889648,"Unknown"
"5020568",370754,2026-04-30 04:55:10,28.8510265350342,-17.8460502624512,"Unknown"
"5020568",370754,2026-04-30 04:56:10,28.8510265350342,-17.8460655212402,"Unknown"
"5020568",370754,2026-04-30 04:57:10,28.851037979126,-17.8460941314697,"Unknown"
"5020568",370754,2026-04-30 04:58:10,28.8510456085205,-17.846118927002,"Unknown"
"5020568",370754,2026-04-30 04:59:11,28.8510265350342,-17.8462009429932,"Unknown"
"5020568",370754,2026-04-30 05:00:11,28.851053237915,-17.8462448120117,"Unknown"
"5020568",370754,2026-04-30 05:01:12,28.8510227203369,-17.8462829589844,"Unknown"
"5020568",370754,2026-04-30 05:02:13,28.8510932922363,-17.8463535308838,"Unknown"
"5020568",370754,2026-04-30 05:03:10,28.8511238098145,-17.8464450836182,"Unknown"
"5020568",370754,2026-04-30 05:04:13,28.8511257171631,-17.8465023040771,"Unknown"
"5020568",370754,2026-04-30 05:05:10,28.8511238098145,-17.8465175628662,"Unknown"
"5020568",370754,2026-04-30 05:06:10,28.8495635986328,-17.8457469940186,"Unknown"
"5020568",370754,2026-04-30 05:07:10,28.8493671417236,-17.8434963226318,"Unknown"
"5020568",370754,2026-04-30 05:08:10,28.8493003845215,-17.8405742645264,"Unknown"
"5020568",370754,2026-04-30 05:09:10,28.8493022918701,-17.8405342102051,"Unknown"
"5020568",370754,2026-04-30 05:10:11,28.8493747711182,-17.8405075073242,"Unknown"
"5020568",370754,2026-04-30 05:11:10,28.8493804931641,-17.8404579162598,"Unknown"
"5020568",370754,2026-04-30 05:12:12,28.8493881225586,-17.840353012085,"Unknown"
"5020568",370754,2026-04-30 05:13:12,28.8493480682373,-17.8403434753418,"Unknown"
"5020568",370754,2026-04-30 05:14:10,28.849365234375,-17.8403949737549,"Unknown"
"5020568",370754,2026-04-30 05:15:10,28.8493728637695,-17.8403434753418,"Unknown"
"5020568",370754,2026-04-30 05:16:13,28.8493766784668,-17.8402538299561,"Unknown"
"5020568",370754,2026-04-30 05:17:10,28.8493747711182,-17.8401565551758,"Unknown"
"5020568",370754,2026-04-30 05:18:17,28.8492584228516,-17.8401165008545,"Unknown"
"5020568",370754,2026-04-30 05:19:17,28.8492908477783,-17.8400955200195,"Unknown"
"5020568",370754,2026-04-30 05:20:33,28.849292755127,-17.84006690979,"Unknown"
"5020568",370754,2026-04-30 05:21:10,28.8493156433105,-17.84006690979,"Unknown"
"5020568",370754,2026-04-30 05:22:10,28.8493232727051,-17.8400707244873,"Unknown"
"5020568",370754,2026-04-30 05:23:10,28.8493309020996,-17.8400650024414,"Unknown"
"5020568",370754,2026-04-30 05:24:10,28.8493385314941,-17.8400974273682,"Unknown"
"5020568",370754,2026-04-30 05:25:10,28.8493709564209,-17.8400783538818,"Unknown"
"5020568",370754,2026-04-30 05:26:10,28.8494148254395,-17.8400993347168,"Unknown"
"5020568",370754,2026-04-30 05:27:10,28.849437713623,-17.8400974273682,"Unknown"
"5020568",370754,2026-04-30 05:28:10,28.8489551544189,-17.8407611846924,"Unknown"
"5020568",370754,2026-04-30 05:29:11,28.8487701416016,-17.8371963500977,"Unknown"
"5020568",370754,2026-04-30 05:30:10,28.8485736846924,-17.835241317749,"Unknown"
"5020568",370754,2026-04-30 05:31:10,28.8486709594727,-17.8351898193359,"Unknown"
"5020568",370754,2026-04-30 05:32:10,28.8487319946289,-17.8351364135742,"Unknown"
"5020568",370754,2026-04-30 05:33:10,28.8488235473633,-17.8350715637207,"Unknown"
"5020568",370754,2026-04-30 05:34:10,28.8488903045654,-17.8350028991699,"Unknown"
"5020568",370754,2026-04-30 05:35:10,28.8489456176758,-17.8349456787109,"Unknown"
"5020568",370754,2026-04-30 05:36:10,28.8490180969238,-17.8349151611328,"Unknown"
"5020568",370754,2026-04-30 05:37:10,28.8490791320801,-17.8348484039307,"Unknown"
"5020568",370754,2026-04-30 05:38:10,28.8491764068604,-17.8347606658936,"Unknown"
"5020568",370754,2026-04-30 05:39:10,28.8492298126221,-17.8347072601318,"Unknown"
"5020568",370754,2026-04-30 05:40:10,28.8493022918701,-17.8346405029297,"Unknown"
"5020568",370754,2026-04-30 05:41:10,28.8493690490723,-17.834566116333,"Unknown"
"5020568",370754,2026-04-30 05:42:10,28.8494167327881,-17.8345069885254,"Unknown"
"5020568",370754,2026-04-30 05:43:10,28.849458694458,-17.8344230651855,"Unknown"
"5020568",370754,2026-04-30 05:44:10,28.8495006561279,-17.834358215332,"Unknown"
"5020568",370754,2026-04-30 05:45:10,28.8495464324951,-17.8342456817627,"Unknown"
"5020568",370754,2026-04-30 05:46:10,28.8496265411377,-17.834228515625,"Unknown"
"5020568",370754,2026-04-30 05:47:10,28.8496532440186,-17.8341999053955,"Unknown"
"5020568",370754,2026-04-30 05:48:10,28.8496990203857,-17.8341255187988,"Unknown"
"5020568",370754,2026-04-30 05:49:10,28.8497657775879,-17.8340950012207,"Unknown"
"5020568",370754,2026-04-30 05:50:10,28.8498420715332,-17.834156036377,"Unknown"
"5020568",370754,2026-04-30 05:51:10,28.8498802185059,-17.8340950012207,"Unknown"
"5020568",370754,2026-04-30 05:52:10,28.8499164581299,-17.8339748382568,"Unknown"
"5020568",370754,2026-04-30 05:53:10,28.8499374389648,-17.8339042663574,"Unknown"
"5020568",370754,2026-04-30 05:54:10,28.8512992858887,-17.8309688568115,"Unknown"
"5020568",370754,2026-04-30 05:55:10,28.8512058258057,-17.8305397033691,"Unknown"
"5020568",370754,2026-04-30 05:56:10,28.8512115478516,-17.8305149078369,"Unknown"
"5020568",370754,2026-04-30 05:57:10,28.8517627716064,-17.8268909454346,"Unknown"
"5020568",370754,2026-04-30 05:58:10,28.8525810241699,-17.820484161377,"Unknown"
"5020568",370754,2026-04-30 05:59:10,28.8533973693848,-17.813549041748,"Unknown"
"5020568",370754,2026-04-30 06:00:10,28.8542079925537,-17.8093662261963,"Unknown"
"5020568",370754,2026-04-30 06:01:10,28.8542175292969,-17.8093109130859,"Unknown"
"5020568",370754,2026-04-30 06:02:10,28.8542213439941,-17.8092365264893,"Unknown"
"5020568",370754,2026-04-30 06:03:10,28.854248046875,-17.8091812133789,"Unknown"
"5020568",370754,2026-04-30 06:04:10,28.8542385101318,-17.8091468811035,"Unknown"
"5020568",370754,2026-04-30 06:05:10,28.8542194366455,-17.8090496063232,"Unknown"
"5020568",370754,2026-04-30 06:06:11,28.8539981842041,-17.8079433441162,"Unknown"
"5020568",370754,2026-04-30 06:07:11,28.8553333282471,-17.8016452789307,"Unknown"
"5020568",370754,2026-04-30 06:08:11,28.857120513916,-17.7950553894043,"Unknown"
"5020568",370754,2026-04-30 06:09:11,28.8597660064697,-17.788402557373,"Unknown"
"5020568",370754,2026-04-30 06:10:10,28.8621826171875,-17.781831741333,"Unknown"
"5020568",370754,2026-04-30 06:11:10,28.863245010376,-17.7738342285156,"Unknown"
"5020568",370754,2026-04-30 06:16:10,28.8604679107666,-17.7377643585205,"Unknown"
"5020568",370754,2026-04-30 06:21:10,28.8571243286133,-17.7023010253906,"Unknown"
"5020568",370754,2026-04-30 06:22:11,28.8551826477051,-17.6961536407471,"Unknown"
"5020568",370754,2026-04-30 06:27:11,28.8500461578369,-17.6602592468262,"Unknown"
"5020568",370754,2026-04-30 06:32:11,28.8470230102539,-17.6230316162109,"Unknown"
"5020568",370754,2026-04-30 06:37:11,28.8468570709229,-17.5886383056641,"Unknown"
"5020568",370754,2026-04-30 06:42:11,28.846996307373,-17.5532512664795,"Unknown"
"5020568",370754,2026-04-30 06:47:11,28.8468265533447,-17.5152225494385,"Unknown"
"5020568",370754,2026-04-30 06:52:10,28.8478012084961,-17.4772510528564,"Unknown"
"5020568",370754,2026-04-30 06:57:10,28.8447151184082,-17.4416732788086,"Unknown"
"5020568",370754,2026-04-30 07:02:10,28.8384876251221,-17.4060592651367,"Unknown"
"5020568",370754,2026-04-30 07:07:10,28.8358879089355,-17.3688907623291,"Unknown"
"5020568",370754,2026-04-30 07:12:10,28.8325729370117,-17.3368587493896,"Unknown"
"5020568",370754,2026-04-30 07:17:10,28.831579208374,-17.3013496398926,"Unknown"
"5020568",370754,2026-04-30 07:22:12,28.8468914031982,-17.2856597900391,"Unknown"
"5020568",370754,2026-04-30 07:27:10,28.8501529693604,-17.2508888244629,"Unknown"
"5020568",370754,2026-04-30 07:32:10,28.8493251800537,-17.2181568145752,"Unknown"
"5020568",370754,2026-04-30 07:37:10,28.8457469940186,-17.1860389709473,"Unknown"
"5020568",370754,2026-04-30 07:42:11,28.8419723510742,-17.1637172698975,"Unknown"
"5020568",370754,2026-04-30 07:47:13,28.8341274261475,-17.1494140625,"Unknown"
"5020568",370754,2026-04-30 07:52:12,28.8195514678955,-17.1198024749756,"Unknown"
"5020568",370754,2026-04-30 07:57:57,28.8072071075439,-17.08180809021,"Unknown"
"5020568",370754,2026-04-30 08:02:10,28.8011474609375,-17.0529918670654,"Unknown"
"5020568",370754,2026-04-30 08:07:10,28.7989768981934,-17.0178775787354,"Unknown"
"5020568",370754,2026-04-30 08:12:10,28.7972106933594,-16.9879989624023,"Unknown"
"5020568",370754,2026-04-30 08:17:10,28.7955207824707,-16.9558486938477,"Unknown"
"5020568",370754,2026-04-30 08:22:10,28.7916469573975,-16.9275665283203,"Unknown"
"5020568",370754,2026-04-30 08:27:10,28.7866821289062,-16.8939933776855,"Unknown"
"5020568",370754,2026-04-30 08:32:15,28.7827548980713,-16.8706970214844,"Unknown"
"5020568",370754,2026-04-30 08:37:11,28.7829341888428,-16.8709487915039,"Unknown"
"5020568",370754,2026-04-30 08:42:11,28.7821960449219,-16.8473949432373,"Unknown"
"5020568",370754,2026-04-30 08:47:11,28.7814865112305,-16.8181228637695,"Unknown"
"5020568",370754,2026-04-30 08:52:11,28.7789249420166,-16.7874965667725,"Unknown"
"5020568",370754,2026-04-30 08:57:13,28.77712059021,-16.7577953338623,"Unknown"
"5020568",370754,2026-04-30 09:02:12,28.7768459320068,-16.7264404296875,"Unknown"
"5020568",370754,2026-04-30 09:07:12,28.7772026062012,-16.7182846069336,"Unknown"
"5020568",370754,2026-04-30 09:12:12,28.7759647369385,-16.6883964538574,"Unknown"
"5020568",370754,2026-04-30 09:17:12,28.7741203308105,-16.6584644317627,"Unknown"
"5020568",370754,2026-04-30 09:22:11,28.7698230743408,-16.6269702911377,"Unknown"
"5020568",370754,2026-04-30 09:27:12,28.7703990936279,-16.5925636291504,"Unknown"
"5020568",370754,2026-04-30 09:33:11,28.7681121826172,-16.5540351867676,"Unknown"
"5020568",370754,2026-04-30 09:38:27,28.7738933563232,-16.5202102661133,"Unknown"
"5020568",370754,2026-04-30 09:42:11,28.77414894104,-16.4948921203613,"Unknown"
"5020568",370754,2026-04-30 09:47:11,28.7744960784912,-16.461238861084,"Unknown"
"5020568",370754,2026-04-30 09:52:11,28.77099609375,-16.4261837005615,"Unknown"
"5020568",370754,2026-04-30 09:57:12,28.7672882080078,-16.3909778594971,"Unknown"
"5020568",370754,2026-04-30 10:02:12,28.7629413604736,-16.3563766479492,"Unknown"
"5020568",370754,2026-04-30 10:07:12,28.7599182128906,-16.3256721496582,"Unknown"
"5020568",370754,2026-04-30 10:12:12,28.762113571167,-16.297342300415,"Unknown"
"5020568",370754,2026-04-30 10:17:13,28.7578239440918,-16.263011932373,"Unknown"
"5020568",370754,2026-04-30 10:22:13,28.7537879943848,-16.2280826568604,"Unknown"
"5020568",370754,2026-04-30 10:27:12,28.7460155487061,-16.195743560791,"Unknown"
"5020568",370754,2026-04-30 10:32:12,28.7434692382812,-16.1630764007568,"Unknown"
"5020568",370754,2026-04-30 10:37:33,28.7419414520264,-16.1293678283691,"Unknown"
"5020568",370754,2026-04-30 10:42:11,28.7390632629395,-16.0991344451904,"Unknown"
"5020568",370754,2026-04-30 10:47:11,28.7344264984131,-16.0677299499512,"Unknown"
"5020568",370754,2026-04-30 10:52:12,28.7255764007568,-16.0406742095947,"Unknown"
"5020568",370754,2026-04-30 10:57:11,28.7187385559082,-16.0108623504639,"Unknown"
"5020568",370754,2026-04-30 11:02:11,28.7140502929688,-15.9823551177979,"Unknown"
"5020568",370754,2026-04-30 11:07:12,28.7132358551025,-15.9588203430176,"Unknown"
"5020568",370754,2026-04-30 11:16:19,28.7169761657715,-15.9294118881226,"Unknown"
"5020568",370754,2026-04-30 11:21:18,28.7233028411865,-15.9006776809692,"Unknown"
"5020568",370754,2026-04-30 11:26:19,28.7295532226562,-15.8725967407227,"Unknown"
"5020568",370754,2026-04-30 11:31:19,28.7340431213379,-15.8436527252197,"Unknown"
"5020568",370754,2026-04-30 11:36:19,28.7386474609375,-15.813684463501,"Unknown"
"5020568",370754,2026-04-30 11:41:19,28.7423248291016,-15.7836284637451,"Unknown"
"5020568",370754,2026-04-30 11:46:21,28.7501430511475,-15.7572736740112,"Unknown"
"5020568",370754,2026-04-30 11:51:20,28.7580833435059,-15.7315235137939,"Unknown"
"5020568",370754,2026-04-30 11:57:27,28.7740802764893,-15.6950645446777,"Unknown"
"5020568",370754,2026-04-30 12:01:45,28.7886829376221,-15.6720342636108,"Unknown"
"5020568",370754,2026-04-30 12:06:18,28.8029289245605,-15.6443796157837,"Unknown"
"5020568",370754,2026-04-30 12:12:05,28.8170795440674,-15.6143922805786,"Unknown"
"5020568",370754,2026-04-30 12:16:21,28.8345375061035,-15.5889005661011,"Unknown"
"5020568",370754,2026-04-30 12:21:20,28.8519325256348,-15.5576362609863,"Unknown"
"5020568",370754,2026-04-30 12:26:23,28.8664245605469,-15.5250082015991,"Unknown"
"5020568",370754,2026-04-30 12:31:21,28.883810043335,-15.4947481155396,"Unknown"
"5020568",370754,2026-04-30 12:36:21,28.8965377807617,-15.4622240066528,"Unknown"
"5020568",370754,2026-04-30 12:42:03,28.9104633331299,-15.4268741607666,"Unknown"
"5020568",370754,2026-04-30 12:46:18,28.9220180511475,-15.4055805206299,"Unknown"
"5020568",370754,2026-04-30 12:51:18,28.929515838623,-15.3894462585449,"Unknown"
"5020568",370754,2026-04-30 12:56:20,28.9430122375488,-15.3573780059814,"Unknown"
"5020568",370754,2026-04-30 13:01:18,28.9543266296387,-15.3273906707764,"Unknown"
"5020568",370754,2026-04-30 13:06:20,28.9624710083008,-15.293625831604,"Unknown"
"5020568",370754,2026-04-30 13:12:03,28.9751262664795,-15.2572154998779,"Unknown"
"5020568",370754,2026-04-30 13:16:19,28.989049911499,-15.2335262298584,"Unknown"
"5020568",370754,2026-04-30 13:21:24,28.9916172027588,-15.2275142669678,"Unknown"
"5020568",370754,2026-04-30 13:26:51,29.0030632019043,-15.1971578598022,"Unknown"
"5020568",370754,2026-04-30 13:31:27,29.0159893035889,-15.1747407913208,"Unknown"
"5020568",370754,2026-04-30 13:36:18,29.0313091278076,-15.1437635421753,"Unknown"
"5020568",370754,2026-04-30 13:41:19,29.0449352264404,-15.1114025115967,"Unknown"
"5020568",370754,2026-04-30 13:46:20,29.0578460693359,-15.0825481414795,"Unknown"
"5020568",370754,2026-04-30 13:51:19,29.0764217376709,-15.053936958313,"Unknown"
"5020568",370754,2026-04-30 13:56:19,29.092565536499,-15.0254516601562,"Unknown"
"5020568",370754,2026-04-30 14:01:51,29.1128349304199,-14.9962558746338,"Unknown"
"5020568",370754,2026-04-30 14:06:19,29.1210765838623,-14.9847793579102,"Unknown"
"5020568",370754,2026-04-30 14:11:18,29.1265182495117,-14.974757194519,"Unknown"
"5020568",370754,2026-04-30 14:16:18,29.1332340240479,-14.9607810974121,"Unknown"
"5020568",370754,2026-04-30 14:21:19,29.1509437561035,-14.9301376342773,"Unknown"
"5020568",370754,2026-04-30 14:26:19,29.1675987243652,-14.899510383606,"Unknown"
"5020568",370754,2026-04-30 14:31:21,29.1764087677002,-14.8689651489258,"Unknown"
"5020568",370754,2026-04-30 14:36:21,29.1915760040283,-14.8383893966675,"Unknown"
"5020568",370754,2026-04-30 14:41:18,29.2066955566406,-14.8061790466309,"Unknown"
"5020568",370754,2026-04-30 14:46:21,29.2234516143799,-14.7765016555786,"Unknown"
"5020568",370754,2026-04-30 14:51:19,29.240083694458,-14.7466917037964,"Unknown"
"5020568",370754,2026-04-30 14:56:21,29.2565746307373,-14.7143545150757,"Unknown"
"5020568",370754,2026-04-30 15:01:19,29.2724857330322,-14.6830453872681,"Unknown"
"5020568",370754,2026-04-30 15:06:20,29.2857036590576,-14.6521940231323,"Unknown"
"5020568",370754,2026-04-30 15:16:21,29.3135471343994,-14.5933351516724,"Unknown"
"5020568",370754,2026-04-30 15:22:43,29.3237628936768,-14.5609722137451,"Unknown"
"5020568",370754,2026-04-30 15:26:51,29.3364429473877,-14.5323514938354,"Unknown"
"5020568",370754,2026-04-30 15:31:18,29.3468208312988,-14.5057029724121,"Unknown"
"5020568",370754,2026-04-30 15:36:20,29.3578758239746,-14.4809341430664,"Unknown"
"5020568",370754,2026-04-30 15:41:20,29.3635787963867,-14.4636087417603,"Unknown"
"5020568",370754,2026-04-30 15:46:19,29.3679046630859,-14.4627323150635,"Unknown"
"5020568",370754,2026-04-30 15:51:18,29.3738040924072,-14.4394989013672,"Unknown"
"5020568",370754,2026-04-30 15:56:18,29.3757457733154,-14.4128932952881,"Unknown"
"5020568",370754,2026-04-30 16:02:03,29.3956432342529,-14.3812770843506,"Unknown"
"5020568",370754,2026-04-30 16:06:19,29.4120769500732,-14.3554658889771,"Unknown"
"5020568",370754,2026-04-30 16:11:18,29.4306564331055,-14.3234996795654,"Unknown"
"5020568",370754,2026-04-30 16:16:18,29.4455280303955,-14.2923011779785,"Unknown"
"5020568",370754,2026-04-30 16:21:18,29.451997756958,-14.2775812149048,"Unknown"
"5020568",370754,2026-04-30 16:26:18,29.4606685638428,-14.2579879760742,"Unknown"
"5020568",370754,2026-04-30 16:31:18,29.4606342315674,-14.237587928772,"Unknown"
"5020568",370754,2026-04-30 16:36:18,29.4690227508545,-14.2218532562256,"Unknown"
"5020568",370754,2026-04-30 16:41:18,29.4724578857422,-14.2161731719971,"Unknown"
"5020568",370754,2026-04-30 16:46:18,29.4749507904053,-14.1947584152222,"Unknown"
"5020568",370754,2026-04-30 16:51:18,29.4785861968994,-14.1635370254517,"Unknown"
"5020568",370754,2026-04-30 16:56:19,29.485200881958,-14.1281061172485,"Unknown"
"5020568",370754,2026-04-30 17:01:18,29.494722366333,-14.0939445495605,"Unknown"
"5020568",370754,2026-04-30 17:06:18,29.5011520385742,-14.0583066940308,"Unknown"
"5020568",370754,2026-04-30 17:11:18,29.5073795318604,-14.0246286392212,"Unknown"
"5020568",370754,2026-04-30 17:16:18,29.5205059051514,-13.9952554702759,"Unknown"
"5020568",370754,2026-04-30 17:21:18,29.532205581665,-13.9641799926758,"Unknown"
"5020568",370754,2026-04-30 17:26:18,29.5480175018311,-13.9352159500122,"Unknown"
"5020568",370754,2026-04-30 17:31:18,29.5577621459961,-13.9038162231445,"Unknown"
"5020568",370754,2026-04-30 17:36:18,29.5692672729492,-13.8727922439575,"Unknown"
"5020568",370754,2026-04-30 17:41:18,29.5765819549561,-13.8416757583618,"Unknown"
"5020568",370754,2026-04-30 17:46:18,29.5802574157715,-13.8090791702271,"Unknown"
"5020568",370754,2026-04-30 17:51:18,29.584285736084,-13.7771968841553,"Unknown"
"5020568",370754,2026-04-30 17:56:19,29.5897159576416,-13.7465190887451,"Unknown"
"5020568",370754,2026-04-30 18:01:51,29.5949306488037,-13.7135696411133,"Unknown"
"5020568",370754,2026-04-30 18:06:18,29.6003913879395,-13.6842842102051,"Unknown"
"5020568",370754,2026-04-30 18:11:21,29.6027431488037,-13.651782989502,"Unknown"
"5020568",370754,2026-04-30 18:16:18,29.6045722961426,-13.6196041107178,"Unknown"
"5020568",370754,2026-04-30 18:21:19,29.6072406768799,-13.5886859893799,"Unknown"
"5020568",370754,2026-04-30 18:26:20,29.6082153320312,-13.5573501586914,"Unknown"
"5020568",370754,2026-04-30 18:31:19,29.6077575683594,-13.527382850647,"Unknown"
"5020568",370754,2026-04-30 18:36:22,29.608154296875,-13.5227861404419,"Unknown"
"5020568",370754,2026-04-30 18:41:20,29.5947742462158,-13.4984655380249,"Unknown"
"5020568",370754,2026-04-30 18:46:21,29.5787010192871,-13.4821996688843,"Unknown"
"5020568",370754,2026-04-30 18:52:43,29.5733947753906,-13.4767484664917,"Unknown"
"5020568",370754,2026-04-30 18:56:51,29.5660419464111,-13.4540157318115,"Unknown"
"5020568",370754,2026-04-30 19:01:19,29.5479774475098,-13.43385887146,"Unknown"
"5020568",370754,2026-04-30 19:06:18,29.53395652771,-13.4058790206909,"Unknown"
"5020568",370754,2026-04-30 19:13:30,29.5185565948486,-13.380841255188,"Unknown"
"5020568",370754,2026-04-30 19:18:32,29.517972946167,-13.3799076080322,"Unknown"
"5020568",370754,2026-04-30 19:23:28,29.498420715332,-13.3903188705444,"Unknown"
"5020568",370754,2026-04-30 19:28:29,29.4748821258545,-13.4135875701904,"Unknown"
"5020568",370754,2026-04-30 19:33:57,29.4655437469482,-13.4275531768799,"Unknown"
"5020568",370754,2026-04-30 19:38:28,29.4650936126709,-13.4275512695312,"Unknown"
"5020568",370754,2026-04-30 19:43:28,29.4645214080811,-13.4274349212646,"Unknown"
"5020568",370754,2026-04-30 19:48:28,29.4638977050781,-13.4272861480713,"Unknown"
"5020568",370754,2026-04-30 19:53:28,29.4632472991943,-13.4271450042725,"Unknown"
"5020568",370754,2026-04-30 19:58:28,29.4626026153564,-13.4269723892212,"Unknown"
"5020568",370754,2026-04-30 20:03:28,29.4620018005371,-13.4268531799316,"Unknown"
"5020568",370754,2026-04-30 20:08:28,29.453125,-13.4211807250977,"Unknown"
"5020568",370754,2026-04-30 20:13:28,29.4525909423828,-13.4211359024048,"Unknown"
"5020568",370754,2026-04-30 20:18:28,29.4520034790039,-13.421046257019,"Unknown"
"5020568",370754,2026-04-30 20:23:28,29.4514598846436,-13.420952796936,"Unknown"
"5020568",370754,2026-04-30 20:28:28,29.4509105682373,-13.4208059310913,"Unknown"
"5020568",370754,2026-04-30 20:33:28,29.4504451751709,-13.4207553863525,"Unknown"
"5020568",370754,2026-04-30 20:38:28,29.4498538970947,-13.4206485748291,"Unknown"
"5020568",370754,2026-04-30 20:43:28,29.449275970459,-13.4205617904663,"Unknown"
"5020568",370754,2026-04-30 20:48:28,29.4486999511719,-13.4205093383789,"Unknown"
"5020568",370754,2026-04-30 20:53:28,29.4480953216553,-13.4204549789429,"Unknown"
"5020568",370754,2026-04-30 20:58:29,29.4323921203613,-13.4122838973999,"Unknown"
"5020568",370754,2026-04-30 21:03:28,29.4300518035889,-13.4118175506592,"Unknown"
"5020568",370754,2026-04-30 21:08:28,29.4297218322754,-13.411810874939,"Unknown"
"5020568",370754,2026-04-30 21:13:28,29.4293403625488,-13.4117727279663,"Unknown"
"5020568",370754,2026-04-30 21:18:28,29.4289855957031,-13.411696434021,"Unknown"
"5020568",370754,2026-04-30 21:23:28,29.4286060333252,-13.4115762710571,"Unknown"
"5020568",370754,2026-04-30 21:28:28,29.4282417297363,-13.4114370346069,"Unknown"
"5020568",370754,2026-04-30 21:33:28,29.427827835083,-13.4112567901611,"Unknown"
"5020568",370754,2026-04-30 21:38:30,29.4262466430664,-13.4096250534058,"Unknown"
"5020568",370754,2026-04-30 21:43:28,29.4214000701904,-13.4046325683594,"Unknown"
"5020568",370754,2026-04-30 21:48:28,29.421272277832,-13.4049520492554,"Unknown"
"5020568",370754,2026-04-30 21:53:28,29.4051513671875,-13.4041090011597,"Unknown"
"5020568",370754,2026-04-30 21:58:28,29.4048519134521,-13.4043769836426,"Unknown"
"5020568",370754,2026-04-30 22:03:56,29.4044418334961,-13.4045867919922,"Unknown"
"5020568",370754,2026-04-30 22:08:28,29.4041194915771,-13.4047689437866,"Unknown"
"5020568",370754,2026-04-30 22:13:28,29.4037742614746,-13.4049844741821,"Unknown"
"5020568",370754,2026-04-30 22:18:28,29.403434753418,-13.4051837921143,"Unknown"
"5020568",370754,2026-04-30 22:23:28,29.4030475616455,-13.4054193496704,"Unknown"
"5020568",370754,2026-04-30 22:28:28,29.4026718139648,-13.4056816101074,"Unknown"
"5020568",370754,2026-04-30 22:33:28,29.4022884368896,-13.4059019088745,"Unknown"
"5020568",370754,2026-04-30 22:38:28,29.4019565582275,-13.4061365127563,"Unknown"
"5020568",370754,2026-04-30 22:43:28,29.4016952514648,-13.4063425064087,"Unknown"
"5020568",370754,2026-04-30 22:48:32,29.4014472961426,-13.4065914154053,"Unknown"
"5020568",370754,2026-04-30 22:53:28,29.4011745452881,-13.4067678451538,"Unknown"
"5020568",370754,2026-04-30 22:58:29,29.4009380340576,-13.4069471359253,"Unknown"
"5020568",370754,2026-04-30 23:03:30,29.4006652832031,-13.4071311950684,"Unknown"
"5020568",370754,2026-04-30 23:08:29,29.4004650115967,-13.4072704315186,"Unknown"
"5020568",370754,2026-04-30 23:13:29,29.3985862731934,-13.4038410186768,"Unknown"
"5020568",370754,2026-04-30 23:18:29,29.3917961120605,-13.3862743377686,"Unknown"
"5020568",370754,2026-04-30 23:23:28,29.3882522583008,-13.3827724456787,"Unknown"
"5020568",370754,2026-04-30 23:28:28,29.3879070281982,-13.3828792572021,"Unknown"
"5020568",370754,2026-04-30 23:33:29,29.387659072876,-13.3830394744873,"Unknown"
"5020568",370754,2026-04-30 23:38:28,29.3874397277832,-13.3831844329834,"Unknown"
"5020568",370754,2026-04-30 23:43:28,29.3871746063232,-13.3833494186401,"Unknown"
"5020568",370754,2026-04-30 23:48:35,29.3868179321289,-13.3834648132324,"Unknown"
"5020568",370754,2026-04-30 23:53:57,29.3864727020264,-13.3836030960083,"Unknown"
"5020568",370754,2026-04-30 23:58:28,29.3861751556396,-13.3837051391602,"Unknown"
"5020568",370754,2026-05-01 00:03:28,29.3855133056641,-13.3822116851807,"Unknown"
"5020568",370754,2026-05-01 00:08:28,29.3756351470947,-13.3601350784302,"Unknown"
"5020568",370754,2026-05-01 00:13:28,29.3751621246338,-13.360179901123,"Unknown"
"5020568",370754,2026-05-01 00:18:29,29.3746681213379,-13.3602437973022,"Unknown"
"5020568",370754,2026-05-01 00:23:28,29.3741397857666,-13.360387802124,"Unknown"
"5020568",370754,2026-05-01 00:28:28,29.3735446929932,-13.3605804443359,"Unknown"
"5020568",370754,2026-05-01 00:33:28,29.3729591369629,-13.3607397079468,"Unknown"
"5020568",370754,2026-05-01 00:38:29,29.3719787597656,-13.3597087860107,"Unknown"
"5020568",370754,2026-05-01 00:43:28,29.3673114776611,-13.3467197418213,"Unknown"
"5020568",370754,2026-05-01 00:48:31,29.3666744232178,-13.3468236923218,"Unknown"
"5020568",370754,2026-05-01 00:53:28,29.3661060333252,-13.3469638824463,"Unknown"
"5020568",370754,2026-05-01 00:58:28,29.3654689788818,-13.3470706939697,"Unknown"
"5020568",370754,2026-05-01 01:03:30,29.3613758087158,-13.3391571044922,"Unknown"
"5020568",370754,2026-05-01 01:08:33,29.3614234924316,-13.3330955505371,"Unknown"
"5020568",370754,2026-05-01 01:13:30,29.360912322998,-13.3334512710571,"Unknown"
"5020568",370754,2026-05-01 01:18:32,29.3604125976562,-13.3338775634766,"Unknown"
"5020568",370754,2026-05-01 01:23:28,29.3599128723145,-13.3343191146851,"Unknown"
"5020568",370754,2026-05-01 01:28:31,29.3593006134033,-13.3347864151001,"Unknown"
"5020568",370754,2026-05-01 01:33:31,29.3587589263916,-13.335352897644,"Unknown"
"5020568",370754,2026-05-01 01:38:47,29.358211517334,-13.3361215591431,"Unknown"
"5020568",370754,2026-05-01 01:43:28,29.3578414916992,-13.3367652893066,"Unknown"
"5020568",370754,2026-05-01 01:48:28,29.3574542999268,-13.337459564209,"Unknown"
"5020568",370754,2026-05-01 01:53:28,29.3571815490723,-13.3382997512817,"Unknown"
"5020568",370754,2026-05-01 01:58:28,29.3570442199707,-13.3389883041382,"Unknown"
"5020568",370754,2026-05-01 02:03:57,29.3569221496582,-13.3396978378296,"Unknown"
"5020568",370754,2026-05-01 02:08:28,29.3568153381348,-13.340350151062,"Unknown"
"5020568",370754,2026-05-01 02:13:28,29.3566398620605,-13.3408937454224,"Unknown"
"5020568",370754,2026-05-01 02:18:28,29.3564376831055,-13.341625213623,"Unknown"
"5020568",370754,2026-05-01 02:23:28,29.3560199737549,-13.3423957824707,"Unknown"
"5020568",370754,2026-05-01 02:28:28,29.3556175231934,-13.3432121276855,"Unknown"
"5020568",370754,2026-05-01 02:33:28,29.3551635742188,-13.3439521789551,"Unknown"
"5020568",370754,2026-05-01 02:38:28,29.3548107147217,-13.3447380065918,"Unknown"
"5020568",370754,2026-05-01 02:43:28,29.3546390533447,-13.3454370498657,"Unknown"
"5020568",370754,2026-05-01 02:48:28,29.3544597625732,-13.346001625061,"Unknown"
"5020568",370754,2026-05-01 02:53:28,29.3542785644531,-13.3467273712158,"Unknown"
"5020568",370754,2026-05-01 02:58:28,29.3541984558105,-13.3473834991455,"Unknown"
"5020568",370754,2026-05-01 03:03:28,29.3545055389404,-13.3484144210815,"Unknown"
"5020568",370754,2026-05-01 03:08:28,29.3541297912598,-13.3492088317871,"Unknown"
"5020568",370754,2026-05-01 03:13:30,29.3537731170654,-13.3499450683594,"Unknown"
"5020568",370754,2026-05-01 03:18:28,29.3534564971924,-13.3507652282715,"Unknown"
"5020568",370754,2026-05-01 03:23:28,29.3531322479248,-13.3514099121094,"Unknown"
"5020568",370754,2026-05-01 03:28:28,29.3528289794922,-13.3520164489746,"Unknown"
"5020568",370754,2026-05-01 03:33:28,29.3525505065918,-13.3528652191162,"Unknown"
"5020568",370754,2026-05-01 03:38:28,29.3523044586182,-13.3535814285278,"Unknown"
"5020568",370754,2026-05-01 03:43:28,29.3566436767578,-13.3635320663452,"Unknown"
"5020568",370754,2026-05-01 03:48:28,29.3563270568848,-13.3642253875732,"Unknown"
"5020568",370754,2026-05-01 03:53:28,29.3560047149658,-13.3648347854614,"Unknown"
"5020568",370754,2026-05-01 03:58:29,29.3556690216064,-13.365382194519,"Unknown"
"5020568",370754,2026-05-01 04:03:32,29.3553810119629,-13.3659725189209,"Unknown"
"5020568",370754,2026-05-01 04:08:31,29.3549976348877,-13.3664693832397,"Unknown"
"5020568",370754,2026-05-01 04:13:30,29.3546848297119,-13.3670587539673,"Unknown"
"5020568",370754,2026-05-01 04:18:57,29.3553447723389,-13.3536653518677,"Unknown"
"5020568",370754,2026-05-01 04:23:29,29.3550701141357,-13.3541965484619,"Unknown"
"5020568",370754,2026-05-01 04:28:28,29.3547325134277,-13.354697227478,"Unknown"
"5020568",370754,2026-05-01 04:33:28,29.3543815612793,-13.3552103042603,"Unknown"
"5020568",370754,2026-05-01 04:38:28,29.3540706634521,-13.3556909561157,"Unknown"
"5020568",370754,2026-05-01 04:43:28,29.3537178039551,-13.3561773300171,"Unknown"
"5020568",370754,2026-05-01 04:48:28,29.353364944458,-13.3566875457764,"Unknown"
"5020568",370754,2026-05-01 04:53:28,29.3530158996582,-13.3571729660034,"Unknown"
"5020568",370754,2026-05-01 04:58:28,29.3525924682617,-13.3576154708862,"Unknown"
"5020568",370754,2026-05-01 05:03:57,29.3522205352783,-13.3581638336182,"Unknown"
"5020568",370754,2026-05-01 05:08:28,29.3519554138184,-13.3586597442627,"Unknown"
"5020568",370754,2026-05-01 05:13:28,29.3523368835449,-13.352349281311,"Unknown"
"5020568",370754,2026-05-01 05:18:30,29.3525333404541,-13.3432474136353,"Unknown"
"5020568",370754,2026-05-01 05:23:30,29.3521347045898,-13.3439922332764,"Unknown"
"5020568",370754,2026-05-01 05:28:30,29.351713180542,-13.3446846008301,"Unknown"
"5020568",370754,2026-05-01 05:33:28,29.352331161499,-13.3394966125488,"Unknown"
"5020568",370754,2026-05-01 05:38:28,29.3520317077637,-13.3400192260742,"Unknown"
"5020568",370754,2026-05-01 05:43:29,29.35178565979,-13.3405084609985,"Unknown"
"5020568",370754,2026-05-01 05:48:28,29.3516674041748,-13.3409214019775,"Unknown"
"5020568",370754,2026-05-01 05:53:28,29.3485126495361,-13.3244409561157,"Unknown"
"5020568",370754,2026-05-01 05:58:28,29.3482437133789,-13.3250169754028,"Unknown"
"5020568",370754,2026-05-01 06:03:30,29.3477458953857,-13.3229551315308,"Unknown"
"5020568",370754,2026-05-01 06:08:28,29.3496341705322,-13.298451423645,"Unknown"
"5020568",370754,2026-05-01 06:13:28,29.3497104644775,-13.275975227356,"Unknown"
"5020568",370754,2026-05-01 06:18:28,29.3491477966309,-13.2585144042969,"Unknown"
"5020568",370754,2026-05-01 06:23:29,29.3519382476807,-13.2498912811279,"Unknown"
"5020568",370754,2026-05-01 06:28:28,29.3550090789795,-13.2481527328491,"Unknown"
"5020568",370754,2026-05-01 06:33:29,29.3600158691406,-13.2434616088867,"Unknown"
"5020568",370754,2026-05-01 06:38:29,29.3658237457275,-13.2358770370483,"Unknown"
"5020568",370754,2026-05-01 06:43:29,29.3682155609131,-13.2186861038208,"Unknown"
"5020568",370754,2026-05-01 06:48:28,29.3816165924072,-13.1952505111694,"Unknown"
"5020568",370754,2026-05-01 06:53:30,29.3958263397217,-13.1806163787842,"Unknown"
"5020568",370754,2026-05-01 06:58:28,29.4054107666016,-13.1775341033936,"Unknown"
"5020568",370754,2026-05-01 07:03:28,29.4108734130859,-13.1783056259155,"Unknown"
"5020568",370754,2026-05-01 07:08:28,29.417610168457,-13.1763582229614,"Unknown"
"5020568",370754,2026-05-01 07:13:31,29.4231128692627,-13.1768617630005,"Unknown"
"5020568",370754,2026-05-01 07:18:30,29.4202861785889,-13.1865348815918,"Unknown"
"5020568",370754,2026-05-01 07:23:29,29.4222526550293,-13.1913595199585,"Unknown"
"5020568",370754,2026-05-01 07:28:29,29.4242973327637,-13.1975498199463,"Unknown"
"5020568",370754,2026-05-01 07:33:48,29.4248294830322,-13.1981172561646,"Unknown"
"5020568",370754,2026-05-01 07:38:46,29.4244804382324,-13.1987380981445,"Unknown"
"5020568",370754,2026-05-01 07:43:46,29.4275588989258,-13.2051982879639,"Unknown"
"5020568",370754,2026-05-01 07:49:03,29.4300727844238,-13.2073040008545,"Unknown"
"5020568",370754,2026-05-01 07:53:46,29.431245803833,-13.2082347869873,"Unknown"
"5020568",370754,2026-05-01 07:58:44,29.4344787597656,-13.2088718414307,"Unknown"
"5020568",370754,2026-05-01 08:03:44,29.4349155426025,-13.2093868255615,"Unknown"
"5020568",370754,2026-05-01 08:08:44,29.4352111816406,-13.2100191116333,"Unknown"
"5020568",370754,2026-05-01 08:13:44,29.4354476928711,-13.2105932235718,"Unknown"
"5020568",370754,2026-05-01 08:18:44,29.4357147216797,-13.2111759185791,"Unknown"
"5020568",370754,2026-05-01 08:23:44,29.4360523223877,-13.2117700576782,"Unknown"
"5020568",370754,2026-05-01 08:28:44,29.4363784790039,-13.2123260498047,"Unknown"
"5020568",370754,2026-05-01 08:33:44,29.4366645812988,-13.212908744812,"Unknown"
"5020568",370754,2026-05-01 08:38:44,29.4370059967041,-13.2134294509888,"Unknown"
"5020568",370754,2026-05-01 08:43:44,29.4373378753662,-13.2138919830322,"Unknown"
"5020568",370754,2026-05-01 08:48:44,29.4377403259277,-13.2143335342407,"Unknown"
"5020568",370754,2026-05-01 08:53:44,29.434232711792,-13.2037620544434,"Unknown"
"5020568",370754,2026-05-01 08:58:44,29.4262275695801,-13.2012491226196,"Unknown"
"5020568",370754,2026-05-01 09:03:44,29.4137783050537,-13.206072807312,"Unknown"
"5020568",370754,2026-05-01 09:08:45,29.4140682220459,-13.2065382003784,"Unknown"
"5020568",370754,2026-05-01 09:13:45,29.4144725799561,-13.2070484161377,"Unknown"
"5020568",370754,2026-05-01 09:18:45,29.4146614074707,-13.2075643539429,"Unknown"
"5020568",370754,2026-05-01 09:23:46,29.4147815704346,-13.2080421447754,"Unknown"
"5020568",370754,2026-05-01 09:28:45,29.4150676727295,-13.2085723876953,"Unknown"
"5020568",370754,2026-05-01 09:33:46,29.4154300689697,-13.2091579437256,"Unknown"
"5020568",370754,2026-05-01 09:38:46,29.4157257080078,-13.2097330093384,"Unknown"
"5020568",370754,2026-05-01 09:43:48,29.4159889221191,-13.2102565765381,"Unknown"
"5020568",370754,2026-05-01 09:48:45,29.4162712097168,-13.2107753753662,"Unknown"
"5020568",370754,2026-05-01 09:53:47,29.4165859222412,-13.211275100708,"Unknown"
"5020568",370754,2026-05-01 09:58:45,29.4167861938477,-13.2117338180542,"Unknown"
"5020568",370754,2026-05-01 10:04:02,29.4169998168945,-13.2122001647949,"Unknown"
"5020568",370754,2026-05-01 10:08:45,29.4171371459961,-13.2126274108887,"Unknown"
"5020568",370754,2026-05-01 10:13:45,29.4173240661621,-13.2131500244141,"Unknown"
"5020568",370754,2026-05-01 10:18:45,29.4175586700439,-13.2135696411133,"Unknown"
"5020568",370754,2026-05-01 10:23:45,29.4178657531738,-13.2140531539917,"Unknown"
"5020568",370754,2026-05-01 10:28:45,29.4182281494141,-13.2139101028442,"Unknown"
"5020568",370754,2026-05-01 10:33:45,29.4185218811035,-13.2143640518188,"Unknown"
"5020568",370754,2026-05-01 10:38:45,29.4187335968018,-13.214771270752,"Unknown"
"5020568",370754,2026-05-01 10:43:46,29.4190311431885,-13.2152996063232,"Unknown"
"5020568",370754,2026-05-01 10:48:45,29.419340133667,-13.2158269882202,"Unknown"
"5020568",370754,2026-05-01 10:53:45,29.4196681976318,-13.2163715362549,"Unknown"
"5020568",370754,2026-05-01 10:58:45,29.4198379516602,-13.2169828414917,"Unknown"
"5020568",370754,2026-05-01 11:03:45,29.4200763702393,-13.217547416687,"Unknown"
"5020568",370754,2026-05-01 11:08:46,29.4205570220947,-13.2181997299194,"Unknown"
"5020568",370754,2026-05-01 11:13:45,29.4208602905273,-13.218900680542,"Unknown"
"5020568",370754,2026-05-01 11:18:45,29.421178817749,-13.2195224761963,"Unknown"
"5020568",370754,2026-05-01 11:23:45,29.4214458465576,-13.2199726104736,"Unknown"
"5020568",370754,2026-05-01 11:28:45,29.4217472076416,-13.2204694747925,"Unknown"
"5020568",370754,2026-05-01 11:33:46,29.4220905303955,-13.2210550308228,"Unknown"
"5020568",370754,2026-05-01 11:38:46,29.4224395751953,-13.2215604782104,"Unknown"
"5020568",370754,2026-05-01 11:43:46,29.4227981567383,-13.2220268249512,"Unknown"
"5020568",370754,2026-05-01 11:48:45,29.4231204986572,-13.2224540710449,"Unknown"
"5020568",370754,2026-05-01 11:53:48,29.4234428405762,-13.2228565216064,"Unknown"
"5020568",370754,2026-05-01 11:58:46,29.423770904541,-13.2232055664062,"Unknown"
"5020568",370754,2026-05-01 12:03:46,29.4241046905518,-13.2235918045044,"Unknown"
"5020568",370754,2026-05-01 12:08:46,29.4244594573975,-13.2239217758179,"Unknown"
"5020568",370754,2026-05-01 12:13:45,29.4245662689209,-13.2241764068604,"Unknown"
"5020568",370754,2026-05-01 12:18:47,29.4246997833252,-13.224458694458,"Unknown"
"5020568",370754,2026-05-01 12:23:46,29.4251327514648,-13.2248563766479,"Unknown"
"5020568",370754,2026-05-01 12:28:47,29.4256343841553,-13.2252235412598,"Unknown"
"5020568",370754,2026-05-01 12:33:47,29.4261474609375,-13.2254505157471,"Unknown"
"5020568",370754,2026-05-01 12:38:47,29.4266262054443,-13.2257699966431,"Unknown"
"5020568",370754,2026-05-01 12:43:47,29.4426155090332,-13.2332572937012,"Unknown"
"5020568",370754,2026-05-01 12:48:45,29.4439792633057,-13.2370328903198,"Unknown"
"5020568",370754,2026-05-01 12:53:49,29.4488677978516,-13.2370471954346,"Unknown"
"5020568",370754,2026-05-01 12:58:47,29.451639175415,-13.238374710083,"Unknown"
"5020568",370754,2026-05-01 13:03:50,29.4548320770264,-13.2408933639526,"Unknown"
"5020568",370754,2026-05-01 13:09:03,29.4622211456299,-13.2468452453613,"Unknown"
"5020568",370754,2026-05-01 13:13:46,29.4626617431641,-13.2474822998047,"Unknown"
"5020568",370754,2026-05-01 13:18:46,29.4712619781494,-13.2487211227417,"Unknown"
"5020568",370754,2026-05-01 13:23:47,29.4717140197754,-13.249568939209,"Unknown"
"5020568",370754,2026-05-01 13:28:48,29.4715919494629,-13.2443246841431,"Unknown"
"5020568",370754,2026-05-01 13:33:45,29.4752197265625,-13.2419910430908,"Unknown"
"5020568",370754,2026-05-01 13:38:57,29.4789981842041,-13.2415904998779,"Unknown"
"5020568",370754,2026-05-01 13:43:56,29.4825687408447,-13.2399444580078,"Unknown"
"5020568",370754,2026-05-01 13:49:02,29.4851551055908,-13.2429809570312,"Unknown"
"5020568",370754,2026-05-01 13:53:59,29.4860229492188,-13.2452630996704,"Unknown"
"5020568",370754,2026-05-01 13:59:33,29.486400604248,-13.2462301254272,"Unknown"
"5020568",370754,2026-05-01 14:03:59,29.4868259429932,-13.2469425201416,"Unknown"
"5020568",370754,2026-05-01 14:08:59,29.4872646331787,-13.2477979660034,"Unknown"
"5020568",370754,2026-05-01 14:13:59,29.4876918792725,-13.2486515045166,"Unknown"
"5020568",370754,2026-05-01 14:18:59,29.4880638122559,-13.2493753433228,"Unknown"
"5020568",370754,2026-05-01 14:23:58,29.488452911377,-13.2501029968262,"Unknown"
"5020568",370754,2026-05-01 14:28:59,29.488748550415,-13.2507228851318,"Unknown"
"5020568",370754,2026-05-01 14:33:58,29.4890937805176,-13.2513370513916,"Unknown"
"5020568",370754,2026-05-01 14:38:59,29.4895515441895,-13.2520198822021,"Unknown"
"5020568",370754,2026-05-01 14:43:59,29.4899501800537,-13.2526292800903,"Unknown"
"5020568",370754,2026-05-01 14:48:59,29.4903011322021,-13.2530603408813,"Unknown"
"5020568",370754,2026-05-01 14:53:59,29.4907474517822,-13.2536134719849,"Unknown"
"5020568",370754,2026-05-01 14:58:58,29.4911575317383,-13.2542524337769,"Unknown"
"5020568",370754,2026-05-01 15:03:59,29.4915618896484,-13.2548637390137,"Unknown"
"5020568",370754,2026-05-01 15:08:59,29.491886138916,-13.2552461624146,"Unknown"
"5020568",370754,2026-05-01 15:15:40,29.4923992156982,-13.2557640075684,"Unknown"
"5020568",370754,2026-05-01 15:20:40,29.4927520751953,-13.2561292648315,"Unknown"
"5020568",370754,2026-05-01 15:25:40,29.4931240081787,-13.2565145492554,"Unknown"
"5020568",370754,2026-05-01 15:30:40,29.4934272766113,-13.2568559646606,"Unknown"
"5020568",370754,2026-05-01 15:35:40,29.4937210083008,-13.2571249008179,"Unknown"
"5020568",370754,2026-05-01 15:40:40,29.4940757751465,-13.2573595046997,"Unknown"
"5020568",370754,2026-05-01 15:45:40,29.4943046569824,-13.2576837539673,"Unknown"
"5020568",370754,2026-05-01 15:50:40,29.4918003082275,-13.2500152587891,"Unknown"
"5020568",370754,2026-05-01 15:55:40,29.5003566741943,-13.2426109313965,"Unknown"
"5020568",370754,2026-05-01 16:01:26,29.5011615753174,-13.2355585098267,"Unknown"
"5020568",370754,2026-05-01 16:05:40,29.4990425109863,-13.2366552352905,"Unknown"
"5020568",370754,2026-05-01 16:10:40,29.5002841949463,-13.237265586853,"Unknown"
"5020568",370754,2026-05-01 16:15:40,29.5009212493896,-13.2374258041382,"Unknown"
"5020568",370754,2026-05-01 16:20:40,29.4934844970703,-13.243390083313,"Unknown"
"5020568",370754,2026-05-01 16:25:40,29.4972496032715,-13.2656745910645,"Unknown"
"5020568",370754,2026-05-01 16:30:40,29.4996299743652,-13.2706756591797,"Unknown"
"5020568",370754,2026-05-01 16:35:40,29.502950668335,-13.2900314331055,"Unknown"
"5020568",370754,2026-05-01 16:40:40,29.5020408630371,-13.2920055389404,"Unknown"
"5020568",370754,2026-05-01 16:45:40,29.5026779174805,-13.2968416213989,"Unknown"
"5020568",370754,2026-05-01 16:50:40,29.5017127990723,-13.3001403808594,"Unknown"
"5020568",370754,2026-05-01 16:55:40,29.4992580413818,-13.3029747009277,"Unknown"
"5020568",370754,2026-05-01 17:00:40,29.4957618713379,-13.3194179534912,"Unknown"
"5020568",370754,2026-05-01 17:05:41,29.4994163513184,-13.3198709487915,"Unknown"
"5020568",370754,2026-05-01 17:10:41,29.5001163482666,-13.3174676895142,"Unknown"
"5020568",370754,2026-05-01 17:15:52,29.5031604766846,-13.3132381439209,"Unknown"
"5020568",370754,2026-05-01 17:20:50,29.504997253418,-13.3090124130249,"Unknown"
"5020568",370754,2026-05-01 17:25:51,29.5054054260254,-13.3087387084961,"Unknown"
"5020568",370754,2026-05-01 17:30:51,29.5057334899902,-13.3086242675781,"Unknown"
"5020568",370754,2026-05-01 17:35:50,29.5059833526611,-13.3084049224854,"Unknown"
"5020568",370754,2026-05-01 17:40:52,29.5062770843506,-13.3081169128418,"Unknown"
"5020568",370754,2026-05-01 17:45:51,29.5064945220947,-13.3076810836792,"Unknown"
"5020568",370754,2026-05-01 17:50:53,29.5067596435547,-13.3073015213013,"Unknown"
"5020568",370754,2026-05-01 17:56:17,29.5070476531982,-13.3069515228271,"Unknown"
"5020568",370754,2026-05-01 18:00:50,29.4980983734131,-13.3161468505859,"Unknown"
"5020568",370754,2026-05-01 18:05:50,29.4981441497803,-13.315806388855,"Unknown"
"5020568",370754,2026-05-01 18:10:50,29.4950408935547,-13.3213682174683,"Unknown"
"5020568",370754,2026-05-01 18:15:50,29.4803714752197,-13.3490772247314,"Unknown"
"5020568",370754,2026-05-01 18:20:51,29.4871082305908,-13.3630514144897,"Unknown"
"5020568",370754,2026-05-01 18:25:50,29.4850826263428,-13.3337564468384,"Unknown"
"5020568",370754,2026-05-01 18:30:50,29.4909572601318,-13.325608253479,"Unknown"
"5020568",370754,2026-05-01 18:35:53,29.4908771514893,-13.3253793716431,"Unknown"
"5020568",370754,2026-05-01 18:40:50,29.4863739013672,-13.3232927322388,"Unknown"
"5020568",370754,2026-05-01 18:45:50,29.470588684082,-13.2970714569092,"Unknown"
"5020568",370754,2026-05-01 18:50:50,29.4483089447021,-13.2771043777466,"Unknown"
"5020568",370754,2026-05-01 18:55:50,29.4349060058594,-13.2769088745117,"Unknown"
"5020568",370754,2026-05-01 19:00:49,29.4337501525879,-13.2753553390503,"Unknown"
"5020568",370754,2026-05-01 19:05:50,29.4292659759521,-13.2681493759155,"Unknown"
"5020568",370754,2026-05-01 19:10:50,29.4227123260498,-13.2443752288818,"Unknown"
"5020568",370754,2026-05-01 19:15:50,29.4183368682861,-13.2483692169189,"Unknown"
"5020568",370754,2026-05-01 19:20:50,29.4152908325195,-13.2521619796753,"Unknown"
"5020568",370754,2026-05-01 19:25:50,29.4120006561279,-13.2592077255249,"Unknown"
"5020568",370754,2026-05-01 19:30:51,29.4112987518311,-13.2609329223633,"Unknown"
"5020568",370754,2026-05-01 19:35:50,29.4104251861572,-13.2563104629517,"Unknown"
"5020568",370754,2026-05-01 19:40:50,29.4064483642578,-13.2324733734131,"Unknown"
"5020568",370754,2026-05-01 19:45:52,29.4150524139404,-13.2438974380493,"Unknown"
"5020568",370754,2026-05-01 19:50:50,29.4206809997559,-13.2708177566528,"Unknown"
"5020568",370754,2026-05-01 19:55:50,29.4196815490723,-13.3010892868042,"Unknown"
"5020568",370754,2026-05-01 20:06:16,29.4030685424805,-13.3651161193848,"Unknown"
"5020568",370754,2026-05-01 20:10:50,29.4025745391846,-13.3648319244385,"Unknown"
"5020568",370754,2026-05-01 20:15:50,29.402006149292,-13.364559173584,"Unknown"
"5020568",370754,2026-05-01 20:20:50,29.4013996124268,-13.3642578125,"Unknown"
"5020568",370754,2026-05-01 20:25:50,29.4008636474609,-13.3638858795166,"Unknown"
"5020568",370754,2026-05-01 20:30:51,29.4003658294678,-13.3634738922119,"Unknown"
"5020568",370754,2026-05-01 20:35:50,29.3998889923096,-13.3630218505859,"Unknown"
"5020568",370754,2026-05-01 20:40:50,29.399377822876,-13.3625545501709,"Unknown"
"5020568",370754,2026-05-01 20:45:50,29.3977584838867,-13.3677444458008,"Unknown"
"5020568",370754,2026-05-01 20:50:49,29.3982715606689,-13.3712692260742,"Unknown"
"5020568",370754,2026-05-01 20:55:49,29.3976440429688,-13.3708295822144,"Unknown"
"5020568",370754,2026-05-01 21:00:50,29.3969955444336,-13.3703575134277,"Unknown"
"5020568",370754,2026-05-01 21:05:51,29.3963794708252,-13.3699140548706,"Unknown"
"5020568",370754,2026-05-01 21:10:51,29.3956184387207,-13.3694467544556,"Unknown"
"5020568",370754,2026-05-01 21:15:50,29.3949222564697,-13.3690280914307,"Unknown"
"5020568",370754,2026-05-01 21:20:51,29.3941612243652,-13.36865234375,"Unknown"
"5020568",370754,2026-05-01 21:25:51,29.3934936523438,-13.3682737350464,"Unknown"
"5020568",370754,2026-05-01 21:30:51,29.3927421569824,-13.36789894104,"Unknown"
"5020568",370754,2026-05-01 21:35:52,29.3920097351074,-13.3674926757812,"Unknown"
"5020568",370754,2026-05-01 21:40:51,29.3913326263428,-13.367166519165,"Unknown"
"5020568",370754,2026-05-01 21:45:50,29.3906707763672,-13.3668422698975,"Unknown"
"5020568",370754,2026-05-01 21:50:50,29.385181427002,-13.3816204071045,"Unknown"
"5020568",370754,2026-05-01 21:55:50,29.3844032287598,-13.3813962936401,"Unknown"
"5020568",370754,2026-05-01 22:00:50,29.3836269378662,-13.3811235427856,"Unknown"
"5020568",370754,2026-05-01 22:05:55,29.3828220367432,-13.3808851242065,"Unknown"
"5020568",370754,2026-05-01 22:10:55,29.3820648193359,-13.3807258605957,"Unknown"
"5020568",370754,2026-05-01 22:15:50,29.3813228607178,-13.3805294036865,"Unknown"
"5020568",370754,2026-05-01 22:20:54,29.3774127960205,-13.3776931762695,"Unknown"
"5020568",370754,2026-05-01 22:27:05,29.3745727539062,-13.3601875305176,"Unknown"
"5020568",370754,2026-05-01 22:30:54,29.3748188018799,-13.3454809188843,"Unknown"
"5020568",370754,2026-05-01 22:35:56,29.3725147247314,-13.3213682174683,"Unknown"
"5020568",370754,2026-05-01 22:40:53,29.3742847442627,-13.3028697967529,"Unknown"
"5020568",370754,2026-05-01 22:45:52,29.3733177185059,-13.3024740219116,"Unknown"
"5020568",370754,2026-05-01 22:51:17,29.3722248077393,-13.3019857406616,"Unknown"
"5020568",370754,2026-05-01 22:55:52,29.3712673187256,-13.3013925552368,"Unknown"
"5020568",370754,2026-05-01 23:00:53,29.3689937591553,-13.2996225357056,"Unknown"
"5020568",370754,2026-05-01 23:05:54,29.3678722381592,-13.2992687225342,"Unknown"
"5020568",370754,2026-05-01 23:10:51,29.366720199585,-13.2987966537476,"Unknown"
"5020568",370754,2026-05-01 23:16:17,29.3655109405518,-13.2982730865479,"Unknown"
"5020568",370754,2026-05-01 23:20:51,29.3645782470703,-13.2980155944824,"Unknown"
"5020568",370754,2026-05-01 23:25:50,29.3635101318359,-13.297664642334,"Unknown"
"5020568",370754,2026-05-01 23:30:50,29.3624515533447,-13.2972812652588,"Unknown"
"5020568",370754,2026-05-01 23:35:50,29.3614177703857,-13.297043800354,"Unknown"
"5020568",370754,2026-05-01 23:40:51,29.3603668212891,-13.296727180481,"Unknown"
"5020568",370754,2026-05-01 23:45:54,29.3593635559082,-13.296724319458,"Unknown"
"5020568",370754,2026-05-01 23:50:50,29.3583869934082,-13.2968139648438,"Unknown"
"5020568",370754,2026-05-01 23:55:50,29.357458114624,-13.2970714569092,"Unknown"
"5020568",370754,2026-05-02 00:00:49,29.3564949035645,-13.2971563339233,"Unknown"
"5020568",370754,2026-05-02 00:05:51,29.3550910949707,-13.2986354827881,"Unknown"
"5020568",370754,2026-05-02 00:10:51,29.3541259765625,-13.2987947463989,"Unknown"
"5020568",370754,2026-05-02 00:15:49,29.3531341552734,-13.2991485595703,"Unknown"
"5020568",370754,2026-05-02 00:20:54,29.3522491455078,-13.2995262145996,"Unknown"
"5020568",370754,2026-05-02 00:25:49,29.3514003753662,-13.2998819351196,"Unknown"
"5020568",370754,2026-05-02 00:30:49,29.3505249023438,-13.3002986907959,"Unknown"
"5020568",370754,2026-05-02 00:35:52,29.3495769500732,-13.3009357452393,"Unknown"
"5020568",370754,2026-05-02 00:41:17,29.3485355377197,-13.3015279769897,"Unknown"
"5020568",370754,2026-05-02 00:45:53,29.347635269165,-13.3021469116211,"Unknown"
"5020568",370754,2026-05-02 00:50:55,29.3467216491699,-13.3027906417847,"Unknown"
"5020568",370754,2026-05-02 00:55:51,29.3459186553955,-13.3033027648926,"Unknown"
"5020568",370754,2026-05-02 01:00:51,29.3452014923096,-13.3038663864136,"Unknown"
"5020568",370754,2026-05-02 01:05:50,29.3443908691406,-13.3045616149902,"Unknown"
"5020568",370754,2026-05-02 01:10:51,29.3434810638428,-13.3052034378052,"Unknown"
"5020568",370754,2026-05-02 01:15:51,29.3425483703613,-13.306022644043,"Unknown"
"5020568",370754,2026-05-02 01:20:54,29.3415451049805,-13.3068685531616,"Unknown"
"5020568",370754,2026-05-02 01:25:49,29.3405570983887,-13.3077507019043,"Unknown"
"5020568",370754,2026-05-02 01:30:54,29.3395709991455,-13.3086404800415,"Unknown"
"5020568",370754,2026-05-02 01:35:49,29.3385429382324,-13.309549331665,"Unknown"
"5020568",370754,2026-05-02 01:40:49,29.3374156951904,-13.3104972839355,"Unknown"
"5020568",370754,2026-05-02 01:45:53,29.3364715576172,-13.3113689422607,"Unknown"
"5020568",370754,2026-05-02 01:50:49,29.335578918457,-13.3123865127563,"Unknown"
"5020568",370754,2026-05-02 01:55:54,29.3347129821777,-13.313286781311,"Unknown"
"5020568",370754,2026-05-02 02:01:17,29.3338871002197,-13.3142499923706,"Unknown"
"5020568",370754,2026-05-02 02:05:49,29.3332595825195,-13.3150615692139,"Unknown"
"5020568",370754,2026-05-02 02:10:50,29.3326168060303,-13.3158292770386,"Unknown"
"5020568",370754,2026-05-02 02:15:49,29.3319816589355,-13.3166446685791,"Unknown"
"5020568",370754,2026-05-02 02:20:50,29.3313884735107,-13.3175077438354,"Unknown"
"5020568",370754,2026-05-02 02:25:50,29.3307781219482,-13.318320274353,"Unknown"
"5020568",370754,2026-05-02 02:30:49,29.3301029205322,-13.3193588256836,"Unknown"
"5020568",370754,2026-05-02 02:35:50,29.3294124603271,-13.3204545974731,"Unknown"
"5020568",370754,2026-05-02 02:40:50,29.3287792205811,-13.3214197158813,"Unknown"
"5020568",370754,2026-05-02 02:45:54,29.3279457092285,-13.3226718902588,"Unknown"
"5020568",370754,2026-05-02 02:50:53,29.3271675109863,-13.3238487243652,"Unknown"
"5020568",370754,2026-05-02 02:56:17,29.3264961242676,-13.3249139785767,"Unknown"
"5020568",370754,2026-05-02 03:00:53,29.3258514404297,-13.3258953094482,"Unknown"
"5020568",370754,2026-05-02 03:05:49,29.325231552124,-13.3269882202148,"Unknown"
"5020568",370754,2026-05-02 03:10:53,29.3245716094971,-13.3281564712524,"Unknown"
"5020568",370754,2026-05-02 03:15:49,29.3238754272461,-13.32936668396,"Unknown"
"5020568",370754,2026-05-02 03:20:49,29.3232574462891,-13.3304529190063,"Unknown"
"5020568",370754,2026-05-02 03:25:49,29.3227157592773,-13.3314590454102,"Unknown"
"5020568",370754,2026-05-02 03:30:53,29.322135925293,-13.3326377868652,"Unknown"
"5020568",370754,2026-05-02 03:35:52,29.3216571807861,-13.3337678909302,"Unknown"
"5020568",370754,2026-05-02 03:40:49,29.3211345672607,-13.3349695205688,"Unknown"
"5020568",370754,2026-05-02 03:45:49,29.3206443786621,-13.3361492156982,"Unknown"
"5020568",370754,2026-05-02 03:50:53,29.3202095031738,-13.3373517990112,"Unknown"
"5020568",370754,2026-05-02 03:55:57,29.3197631835938,-13.3385248184204,"Unknown"
"5020568",370754,2026-05-02 04:00:52,29.3193912506104,-13.33962059021,"Unknown"
"5020568",370754,2026-05-02 04:05:51,29.318941116333,-13.3408422470093,"Unknown"
"5020568",370754,2026-05-02 04:11:21,29.3267383575439,-13.3273630142212,"Unknown"
"5020568",370754,2026-05-02 04:17:15,29.3241310119629,-13.2996263504028,"Unknown"
"5020568",370754,2026-05-02 04:22:15,29.336856842041,-13.2943153381348,"Unknown"
"5020568",370754,2026-05-02 04:27:15,29.3563327789307,-13.3056859970093,"Unknown"
"5020568",370754,2026-05-02 04:32:15,29.3641262054443,-13.2907962799072,"Unknown"
"5020568",370754,2026-05-02 04:37:15,29.3687553405762,-13.2756462097168,"Unknown"
"5020568",370754,2026-05-02 04:40:52,29.3781394958496,-13.2802829742432,"Unknown"
"5020568",370754,2026-05-02 04:45:51,29.3863334655762,-13.2940216064453,"Unknown"
"5020568",370754,2026-05-02 04:50:52,29.3858852386475,-13.295280456543,"Unknown"
"5020568",370754,2026-05-02 04:55:50,29.3854904174805,-13.2964944839478,"Unknown"
"5020568",370754,2026-05-02 05:02:15,29.3896408081055,-13.2874555587769,"Unknown"
"5020568",370754,2026-05-02 05:06:33,29.3904056549072,-13.2686128616333,"Unknown"
"5020568",370754,2026-05-02 05:10:50,29.3896236419678,-13.2496891021729,"Unknown"
"5020568",370754,2026-05-02 05:15:50,29.3789863586426,-13.2394704818726,"Unknown"
"5020568",370754,2026-05-02 05:20:52,29.3759841918945,-13.2701902389526,"Unknown"
"5020568",370754,2026-05-02 05:25:52,29.3759880065918,-13.2980642318726,"Unknown"
"5020568",370754,2026-05-02 05:30:51,29.3727550506592,-13.3242330551147,"Unknown"
"5020568",370754,2026-05-02 05:35:52,29.3635311126709,-13.3265380859375,"Unknown"
"5020568",370754,2026-05-02 05:40:52,29.3632545471191,-13.3274097442627,"Unknown"
"5020568",370754,2026-05-02 05:45:52,29.3628978729248,-13.3282356262207,"Unknown"
"5020568",370754,2026-05-02 05:50:54,29.3624935150146,-13.3290424346924,"Unknown"
"5020568",370754,2026-05-02 05:55:51,29.3599910736084,-13.3201379776001,"Unknown"
"5020568",370754,2026-05-02 06:00:53,29.3597164154053,-13.3214139938354,"Unknown"
"5020568",370754,2026-05-02 06:05:51,29.3585510253906,-13.3027620315552,"Unknown"
"5020568",370754,2026-05-02 06:10:51,29.3520984649658,-13.2791547775269,"Unknown"
"5020568",370754,2026-05-02 06:15:51,29.3467063903809,-13.2512989044189,"Unknown"
"5020568",370754,2026-05-02 06:20:52,29.3481159210205,-13.2483968734741,"Unknown"
"5020568",370754,2026-05-02 06:26:57,29.3476581573486,-13.2507553100586,"Unknown"
"5020568",370754,2026-05-02 06:30:50,29.3475971221924,-13.2518377304077,"Unknown"
"5020568",370754,2026-05-02 06:35:50,29.346342086792,-13.2527694702148,"Unknown"
"5020568",370754,2026-05-02 06:40:50,29.3394145965576,-13.2252349853516,"Unknown"
"5020568",370754,2026-05-02 06:45:50,29.3420925140381,-13.2067880630493,"Unknown"
"5020568",370754,2026-05-02 06:50:52,29.3419704437256,-13.2079954147339,"Unknown"
"5020568",370754,2026-05-02 06:55:50,29.3420333862305,-13.2091464996338,"Unknown"
"5020568",370754,2026-05-02 07:00:51,29.3421020507812,-13.2102041244507,"Unknown"
"5020568",370754,2026-05-02 07:05:50,29.3421669006348,-13.2111797332764,"Unknown"
"5020568",370754,2026-05-02 07:10:50,29.3422298431396,-13.2122230529785,"Unknown"
"5020568",370754,2026-05-02 07:15:50,29.3417510986328,-13.209361076355,"Unknown"
"5020568",370754,2026-05-02 07:20:52,29.3299160003662,-13.1760034561157,"Unknown"
"5020568",370754,2026-05-02 07:25:57,29.3266906738281,-13.16663646698,"Unknown"
"5020568",370754,2026-05-02 07:30:53,29.3288078308105,-13.1646099090576,"Unknown"
"5020568",370754,2026-05-02 07:35:56,29.331750869751,-13.162938117981,"Unknown"
"5020568",370754,2026-05-02 07:40:57,29.3301277160645,-13.1623983383179,"Unknown"
"5020568",370754,2026-05-02 07:47:15,29.3365993499756,-13.1635427474976,"Unknown"
"5020568",370754,2026-05-02 07:50:50,29.3406639099121,-13.1777105331421,"Unknown"
"5020568",370754,2026-05-02 07:55:51,29.3248424530029,-13.1505861282349,"Unknown"
"5020568",370754,2026-05-02 08:02:59,29.3078479766846,-13.1506547927856,"Unknown"
"5020568",370754,2026-05-02 08:07:33,29.3068370819092,-13.1543207168579,"Unknown"
"5020568",370754,2026-05-02 08:11:34,29.3075256347656,-13.1506652832031,"Unknown"
"5020568",370754,2026-05-02 08:16:34,29.3006343841553,-13.1320858001709,"Unknown"
"5020568",370754,2026-05-02 08:21:34,29.3086681365967,-13.1170139312744,"Unknown"
"5020568",370754,2026-05-02 08:26:34,29.3112754821777,-13.1181840896606,"Unknown"
"5020568",370754,2026-05-02 08:31:34,29.3116550445557,-13.1194715499878,"Unknown"
"5020568",370754,2026-05-02 08:36:34,29.3116321563721,-13.1202764511108,"Unknown"
"5020568",370754,2026-05-02 08:41:34,29.3115921020508,-13.1208982467651,"Unknown"
"5020568",370754,2026-05-02 08:46:34,29.3114223480225,-13.1215391159058,"Unknown"
"5020568",370754,2026-05-02 08:51:34,29.3112468719482,-13.1221446990967,"Unknown"
"5020568",370754,2026-05-02 08:56:34,29.3110733032227,-13.122784614563,"Unknown"
"5020568",370754,2026-05-02 09:01:34,29.3109645843506,-13.123571395874,"Unknown"
"5020568",370754,2026-05-02 09:06:34,29.3108997344971,-13.1240949630737,"Unknown"
"5020568",370754,2026-05-02 09:11:34,29.3107814788818,-13.1244850158691,"Unknown"
"5020568",370754,2026-05-02 09:16:35,29.3107814788818,-13.1249294281006,"Unknown"
"5020568",370754,2026-05-02 09:21:34,29.3152332305908,-13.1035242080688,"Unknown"
"5020568",370754,2026-05-02 09:26:34,29.3135719299316,-13.0795822143555,"Unknown"
"5020568",370754,2026-05-02 09:31:34,29.3174133300781,-13.0661087036133,"Unknown"
"5020568",370754,2026-05-02 09:36:34,29.3164577484131,-13.0650405883789,"Unknown"
"5020568",370754,2026-05-02 09:41:34,29.3246841430664,-13.0576286315918,"Unknown"
"5020568",370754,2026-05-02 09:46:34,29.3067932128906,-13.0588684082031,"Unknown"
"5020568",370754,2026-05-02 09:51:36,29.3063182830811,-13.0948934555054,"Unknown"
"5020568",370754,2026-05-02 09:56:35,29.3101959228516,-13.1312255859375,"Unknown"
"5020568",370754,2026-05-02 10:01:34,29.3148498535156,-13.1671209335327,"Unknown"
"5020568",370754,2026-05-02 10:06:34,29.3243675231934,-13.2014284133911,"Unknown"
"5020568",370754,2026-05-02 10:11:34,29.3418006896973,-13.2296094894409,"Unknown"
"5020568",370754,2026-05-02 10:16:34,29.3540229797363,-13.2616748809814,"Unknown"
"5020568",370754,2026-05-02 10:21:37,29.3740653991699,-13.2869520187378,"Unknown"
"5020568",370754,2026-05-02 10:26:37,29.392951965332,-13.2725601196289,"Unknown"
"5020568",370754,2026-05-02 10:31:38,29.4166316986084,-13.290057182312,"Unknown"
"5020568",370754,2026-05-02 10:36:37,29.43212890625,-13.318660736084,"Unknown"
"5020568",370754,2026-05-02 10:41:35,29.4484748840332,-13.34889793396,"Unknown"
"5020568",370754,2026-05-02 10:49:03,29.4486503601074,-13.3482809066772,"Unknown"
"5020568",370754,2026-05-02 10:53:37,29.4484310150146,-13.3481540679932,"Unknown"
"5020568",370754,2026-05-02 10:58:38,29.4529666900635,-13.3561687469482,"Unknown"
"5020568",370754,2026-05-02 11:03:37,29.4663105010986,-13.3824815750122,"Unknown"
"5020568",370754,2026-05-02 11:08:37,29.4626789093018,-13.4104843139648,"Unknown"
"5020568",370754,2026-05-02 11:13:38,29.4538841247559,-13.4352951049805,"Unknown"
"5020568",370754,2026-05-02 11:18:38,29.46262550354,-13.458815574646,"Unknown"
"5020568",370754,2026-05-02 11:23:38,29.4628200531006,-13.459415435791,"Unknown"
"5020568",370754,2026-05-02 11:28:40,29.4630680084229,-13.4600343704224,"Unknown"
"5020568",370754,2026-05-02 11:33:38,29.4633197784424,-13.4606256484985,"Unknown"
"5020568",370754,2026-05-02 11:38:40,29.4635524749756,-13.4612598419189,"Unknown"
"5020568",370754,2026-05-02 11:43:39,29.4638175964355,-13.4618673324585,"Unknown"
"5020568",370754,2026-05-02 11:48:39,29.4640464782715,-13.4623107910156,"Unknown"
"5020568",370754,2026-05-02 11:53:39,29.4642715454102,-13.462610244751,"Unknown"
"5020568",370754,2026-05-02 11:58:39,29.4645042419434,-13.4628849029541,"Unknown"
"5020568",370754,2026-05-02 12:03:38,29.4648265838623,-13.4632635116577,"Unknown"
"5020568",370754,2026-05-02 12:08:37,29.4651260375977,-13.4633989334106,"Unknown"
"5020568",370754,2026-05-02 12:13:40,29.4654903411865,-13.4635829925537,"Unknown"
"5020568",370754,2026-05-02 12:18:38,29.470121383667,-13.4513530731201,"Unknown"
"5020568",370754,2026-05-02 12:23:38,29.4762096405029,-13.4560279846191,"Unknown"
"5020568",370754,2026-05-02 12:28:39,29.4804973602295,-13.4611511230469,"Unknown"
"5020568",370754,2026-05-02 12:33:40,29.5026874542236,-13.4612293243408,"Unknown"
"5020568",370754,2026-05-02 12:38:37,29.5057621002197,-13.4624795913696,"Unknown"
"5020568",370754,2026-05-02 12:43:40,29.5050964355469,-13.4640369415283,"Unknown"
"5020568",370754,2026-05-02 12:48:39,29.5156669616699,-13.4612083435059,"Unknown"
"5020568",370754,2026-05-02 12:53:39,29.5186042785645,-13.4608154296875,"Unknown"
"5020568",370754,2026-05-02 12:58:39,29.5216217041016,-13.4331550598145,"Unknown"
"5020568",370754,2026-05-02 13:04:03,29.5106735229492,-13.4046354293823,"Unknown"
"5020568",370754,2026-05-02 13:08:37,29.4881591796875,-13.3872499465942,"Unknown"
"5020568",370754,2026-05-02 13:13:38,29.461597442627,-13.3684520721436,"Unknown"
"5020568",370754,2026-05-02 13:18:39,29.4434242248535,-13.3590002059937,"Unknown"
"5020568",370754,2026-05-02 13:23:39,29.4377937316895,-13.355993270874,"Unknown"
"5020568",370754,2026-05-02 13:28:39,29.4261798858643,-13.351505279541,"Unknown"
"5020568",370754,2026-05-02 13:33:40,29.397087097168,-13.3457345962524,"Unknown"
"5020568",370754,2026-05-02 13:38:38,29.3683910369873,-13.33957862854,"Unknown"
"5020568",370754,2026-05-02 13:45:02,29.3623008728027,-13.316912651062,"Unknown"
"5020568",370754,2026-05-02 13:49:47,29.345796585083,-13.2954969406128,"Unknown"
"5020568",370754,2026-05-02 13:53:39,29.3429489135742,-13.2758750915527,"Unknown"
"5020568",370754,2026-05-02 13:58:38,29.3311614990234,-13.251781463623,"Unknown"
"5020568",370754,2026-05-02 14:08:06,29.3129138946533,-13.2269792556763,"Unknown"
"5020568",370754,2026-05-02 14:13:03,29.3151664733887,-13.2206153869629,"Unknown"
"5020568",370754,2026-05-02 14:17:29,29.3159446716309,-13.2220125198364,"Unknown"
"5020568",370754,2026-05-02 14:22:29,29.3181304931641,-13.2219171524048,"Unknown"
"5020568",370754,2026-05-02 14:27:28,29.3182563781738,-13.222264289856,"Unknown"
"5020568",370754,2026-05-02 14:32:28,29.3183689117432,-13.2225427627563,"Unknown"
"5020568",370754,2026-05-02 14:37:28,29.3184604644775,-13.2228469848633,"Unknown"
"5020568",370754,2026-05-02 14:42:29,29.3185329437256,-13.2230911254883,"Unknown"
"5020568",370754,2026-05-02 14:47:29,29.3185977935791,-13.2232666015625,"Unknown"
"5020568",370754,2026-05-02 14:52:29,29.3186054229736,-13.2234497070312,"Unknown"
"5020568",370754,2026-05-02 14:57:29,29.3186359405518,-13.2236366271973,"Unknown"
"5020568",370754,2026-05-02 15:02:29,29.318660736084,-13.2237873077393,"Unknown"
"5020568",370754,2026-05-02 15:07:29,29.3187465667725,-13.2239847183228,"Unknown"
"5020568",370754,2026-05-02 15:12:29,29.3187580108643,-13.2241878509521,"Unknown"
"5020568",370754,2026-05-02 15:17:29,29.3187923431396,-13.2243690490723,"Unknown"
"5020568",370754,2026-05-02 15:22:29,29.3187675476074,-13.2244882583618,"Unknown"
"5020568",370754,2026-05-02 15:27:29,29.3187465667725,-13.2246227264404,"Unknown"
"5020568",370754,2026-05-02 15:32:29,29.318675994873,-13.2248668670654,"Unknown"
"5020568",370754,2026-05-02 15:37:29,29.3185997009277,-13.224983215332,"Unknown"
"5020568",370754,2026-05-02 15:42:41,29.3185348510742,-13.2251844406128,"Unknown"
"5020568",370754,2026-05-02 15:47:29,29.3184413909912,-13.2254428863525,"Unknown"
"5020568",370754,2026-05-02 15:52:29,29.3177604675293,-13.2272081375122,"Unknown"
"5020568",370754,2026-05-02 15:57:29,29.3123340606689,-13.2304744720459,"Unknown"
"5020568",370754,2026-05-02 16:02:28,29.3000717163086,-13.2254705429077,"Unknown"
"5020568",370754,2026-05-02 16:07:29,29.29319190979,-13.2192811965942,"Unknown"
"5020568",370754,2026-05-02 16:12:29,29.2987613677979,-13.2167901992798,"Unknown"
"5020568",370754,2026-05-02 16:17:30,29.3046360015869,-13.2159967422485,"Unknown"
"5020568",370754,2026-05-02 16:22:29,29.3064422607422,-13.2125577926636,"Unknown"
"5020568",370754,2026-05-02 16:27:30,29.3084144592285,-13.2055654525757,"Unknown"
"5020568",370754,2026-05-02 16:32:29,29.3121299743652,-13.2056245803833,"Unknown"
"5020568",370754,2026-05-02 16:37:29,29.3165416717529,-13.2066211700439,"Unknown"
"5020568",370754,2026-05-02 16:42:29,29.3194217681885,-13.2053480148315,"Unknown"
"5020568",370754,2026-05-02 16:47:31,29.320686340332,-13.2031850814819,"Unknown"
"5020568",370754,2026-05-02 16:52:29,29.3262329101562,-13.199686050415,"Unknown"
"5020568",370754,2026-05-02 16:57:30,29.3282623291016,-13.2001428604126,"Unknown"
"5020568",370754,2026-05-02 17:02:31,29.3332328796387,-13.2005844116211,"Unknown"
"5020568",370754,2026-05-02 17:07:32,29.33251953125,-13.1938562393188,"Unknown"
"5020568",370754,2026-05-02 17:13:03,29.345027923584,-13.1918239593506,"Unknown"
"5020568",370754,2026-05-02 17:17:29,29.3475761413574,-13.1949863433838,"Unknown"
"5020568",370754,2026-05-02 17:22:29,29.3508796691895,-13.195426940918,"Unknown"
"5020568",370754,2026-05-02 17:27:29,29.3563365936279,-13.1954860687256,"Unknown"
"5020568",370754,2026-05-02 17:32:29,29.3581562042236,-13.1951961517334,"Unknown"
"5020568",370754,2026-05-02 17:37:29,29.365161895752,-13.1887969970703,"Unknown"
"5020568",370754,2026-05-02 17:42:29,29.3648242950439,-13.1883554458618,"Unknown"
"5020568",370754,2026-05-02 17:47:29,29.3715705871582,-13.1776905059814,"Unknown"
"5020568",370754,2026-05-02 17:52:29,29.3775196075439,-13.1725273132324,"Unknown"
"5020568",370754,2026-05-02 17:57:29,29.374828338623,-13.1587924957275,"Unknown"
"5020568",370754,2026-05-02 18:02:29,29.3757839202881,-13.1506395339966,"Unknown"
"5020568",370754,2026-05-02 18:07:29,29.3751277923584,-13.1412506103516,"Unknown"
"5020568",370754,2026-05-02 18:12:30,29.3676071166992,-13.1324691772461,"Unknown"
"5020568",370754,2026-05-02 18:17:32,29.3643569946289,-13.1274471282959,"Unknown"
"5020568",370754,2026-05-02 18:22:29,29.3630428314209,-13.1242437362671,"Unknown"
"5020568",370754,2026-05-02 18:27:29,29.3616142272949,-13.1217479705811,"Unknown"
"5020568",370754,2026-05-02 18:32:29,29.3532638549805,-13.1128664016724,"Unknown"
"5020568",370754,2026-05-02 18:37:29,29.3489723205566,-13.1062326431274,"Unknown"
"5020568",370754,2026-05-02 18:42:29,29.3479595184326,-13.0986299514771,"Unknown"
"5020568",370754,2026-05-02 18:47:31,29.34645652771,-13.0920181274414,"Unknown"
"5020568",370754,2026-05-02 18:52:38,29.3430080413818,-13.0870599746704,"Unknown"
"5020568",370754,2026-05-02 18:57:33,29.3418350219727,-13.083646774292,"Unknown"
"5020568",370754,2026-05-02 19:02:30,29.3395366668701,-13.0781192779541,"Unknown"
"5020568",370754,2026-05-02 19:07:37,29.3391494750977,-13.0783720016479,"Unknown"
"5020568",370754,2026-05-02 19:12:51,29.3368606567383,-13.0745391845703,"Unknown"
"5020568",370754,2026-05-02 19:18:21,29.3329582214355,-13.0708227157593,"Unknown"
"5020568",370754,2026-05-02 19:22:48,29.3281517028809,-13.0621433258057,"Unknown"
"5020568",370754,2026-05-02 19:27:50,29.3132781982422,-13.0288257598877,"Unknown"
"5020568",370754,2026-05-02 19:32:48,29.3030986785889,-12.9946632385254,"Unknown"
"5020568",370754,2026-05-02 19:37:48,29.2904930114746,-12.9586200714111,"Unknown"
"5020568",370754,2026-05-02 19:42:51,29.2735481262207,-12.922679901123,"Unknown"
"5020568",370754,2026-05-02 19:47:48,29.2608318328857,-12.8885841369629,"Unknown"
"5020568",370754,2026-05-02 19:52:51,29.2448749542236,-12.8527612686157,"Unknown"
"5020568",370754,2026-05-02 19:59:13,29.223560333252,-12.8075132369995,"Unknown"
"5020568",370754,2026-05-02 20:04:13,29.2092685699463,-12.7711343765259,"Unknown"
"5020568",370754,2026-05-02 20:09:13,29.1925277709961,-12.7378005981445,"Unknown"
"5020568",370754,2026-05-02 20:14:13,29.1762752532959,-12.7039566040039,"Unknown"
"5020568",370754,2026-05-02 20:19:13,29.1606750488281,-12.6713180541992,"Unknown"
"5020568",370754,2026-05-02 20:24:13,29.14231300354,-12.6381378173828,"Unknown"
"5020568",370754,2026-05-02 20:29:13,29.1235332489014,-12.6056356430054,"Unknown"
"5020568",370754,2026-05-02 20:34:13,29.104700088501,-12.5714550018311,"Unknown"
"5020568",370754,2026-05-02 20:39:13,29.0844135284424,-12.5378217697144,"Unknown"
"5020568",370754,2026-05-02 20:44:13,29.0681419372559,-12.505802154541,"Unknown"
"5020568",370754,2026-05-02 20:49:13,29.0493450164795,-12.4720144271851,"Unknown"
"5020568",370754,2026-05-02 20:54:13,29.0336494445801,-12.437912940979,"Unknown"
"5020568",370754,2026-05-02 20:59:13,29.0192489624023,-12.4057006835938,"Unknown"
"5020568",370754,2026-05-02 21:02:47,29.0051460266113,-12.3812026977539,"Unknown"
"5020568",370754,2026-05-02 21:07:49,28.9867877960205,-12.3487119674683,"Unknown"
"5020568",370754,2026-05-02 21:12:53,28.9675521850586,-12.3147773742676,"Unknown"
"5020568",370754,2026-05-02 21:17:51,28.9547462463379,-12.2851533889771,"Unknown"
"5020568",370754,2026-05-02 21:22:51,28.9461097717285,-12.2655086517334,"Unknown"
"5020568",370754,2026-05-02 21:27:49,28.9312953948975,-12.2339315414429,"Unknown"
"5020568",370754,2026-05-02 21:32:48,28.9206409454346,-12.2048139572144,"Unknown"
"5020568",370754,2026-05-02 21:37:53,28.9175052642822,-12.1986827850342,"Unknown"
"5020568",370754,2026-05-02 21:42:52,28.916654586792,-12.1987771987915,"Unknown"
"5020568",370754,2026-05-02 21:47:50,28.9122486114502,-12.1902151107788,"Unknown"
"5020568",370754,2026-05-02 21:52:48,28.8996849060059,-12.1676006317139,"Unknown"
"5020568",370754,2026-05-02 21:57:48,28.8853511810303,-12.1367425918579,"Unknown"
"5020568",370754,2026-05-02 22:39:13,28.8196697235107,-11.8981552124023,"Unknown"
"5020568",370754,2026-05-02 22:43:21,28.820915222168,-11.8943252563477,"Unknown"
"5020568",370754,2026-05-02 22:47:48,28.8204040527344,-11.8951854705811,"Unknown"
"5020568",370754,2026-05-02 22:52:48,28.8198375701904,-11.8961410522461,"Unknown"
"5020568",370754,2026-05-02 22:57:48,28.8193054199219,-11.8968362808228,"Unknown"
"5020568",370754,2026-05-02 23:02:48,28.8187637329102,-11.8974685668945,"Unknown"
"5020568",370754,2026-05-02 23:07:48,28.8182411193848,-11.8980655670166,"Unknown"
"5020568",370754,2026-05-02 23:16:20,28.8174591064453,-11.8994216918945,"Unknown"
"5020568",370754,2026-05-02 23:21:20,28.816987991333,-11.9005784988403,"Unknown"
"5020568",370754,2026-05-02 23:26:20,28.8165512084961,-11.9016637802124,"Unknown"
"5020568",370754,2026-05-02 23:31:20,28.8161754608154,-11.9028997421265,"Unknown"
"5020568",370754,2026-05-02 23:36:21,28.8157730102539,-11.9041261672974,"Unknown"
"5020568",370754,2026-05-02 23:41:21,28.8153800964355,-11.9053974151611,"Unknown"
"5020568",370754,2026-05-02 23:46:20,28.8150310516357,-11.9065732955933,"Unknown"
"5020568",370754,2026-05-02 23:51:20,28.8147678375244,-11.9078168869019,"Unknown"
"5020568",370754,2026-05-02 23:56:20,28.8144721984863,-11.9088010787964,"Unknown"
"5020568",370754,2026-05-03 00:01:20,28.815954208374,-11.9016809463501,"Unknown"
"5020568",370754,2026-05-03 00:06:20,28.816478729248,-11.8997859954834,"Unknown"
"5020568",370754,2026-05-03 00:11:21,28.8161163330078,-11.9002647399902,"Unknown"
"5020568",370754,2026-05-03 00:16:22,28.8157405853271,-11.9006824493408,"Unknown"
"5020568",370754,2026-05-03 00:21:21,28.8153476715088,-11.9012184143066,"Unknown"
"5020568",370754,2026-05-03 00:26:22,28.8149795532227,-11.9016742706299,"Unknown"
"5020568",370754,2026-05-03 00:31:20,28.814697265625,-11.9020652770996,"Unknown"
"5020568",370754,2026-05-03 00:36:21,28.8144626617432,-11.9027376174927,"Unknown"
"5020568",370754,2026-05-03 00:41:23,28.8142528533936,-11.903281211853,"Unknown"
"5020568",370754,2026-05-03 00:46:22,28.8140182495117,-11.9036731719971,"Unknown"
"5020568",370754,2026-05-03 00:51:20,28.8137474060059,-11.9040584564209,"Unknown"
"5020568",370754,2026-05-03 00:56:22,28.8134574890137,-11.9044399261475,"Unknown"
"5020568",370754,2026-05-03 01:01:22,28.8131847381592,-11.904767036438,"Unknown"
"5020568",370754,2026-05-03 01:06:24,28.812967300415,-11.9050817489624,"Unknown"
"5020568",370754,2026-05-03 01:11:25,28.8128623962402,-11.9055032730103,"Unknown"
"5020568",370754,2026-05-03 01:16:25,28.8127784729004,-11.9059362411499,"Unknown"
"5020568",370754,2026-05-03 01:21:27,28.812629699707,-11.9063692092896,"Unknown"
"5020568",370754,2026-05-03 01:26:23,28.8124828338623,-11.9067726135254,"Unknown"
"5020568",370754,2026-05-03 01:31:51,28.8121814727783,-11.9069118499756,"Unknown"
"5020568",370754,2026-05-03 01:36:20,28.8114776611328,-11.8964920043945,"Unknown"
"5020568",370754,2026-05-03 01:41:20,28.8114051818848,-11.8969316482544,"Unknown"
"5020568",370754,2026-05-03 01:46:20,28.8128318786621,-11.8934497833252,"Unknown"
"5020568",370754,2026-05-03 01:51:22,28.8077945709229,-11.8627014160156,"Unknown"
"5020568",370754,2026-05-03 01:56:20,28.806697845459,-11.8554000854492,"Unknown"
"5020568",370754,2026-05-03 02:01:20,28.8066329956055,-11.8560590744019,"Unknown"
"5020568",370754,2026-05-03 02:06:20,28.8065319061279,-11.8566694259644,"Unknown"
"5020568",370754,2026-05-03 02:11:20,28.8064975738525,-11.8573007583618,"Unknown"
"5020568",370754,2026-05-03 02:16:20,28.806489944458,-11.8578968048096,"Unknown"
"5020568",370754,2026-05-03 02:21:20,28.8064765930176,-11.8585748672485,"Unknown"
"5020568",370754,2026-05-03 02:26:20,28.8064956665039,-11.8592023849487,"Unknown"
"5020568",370754,2026-05-03 02:31:20,28.8065223693848,-11.8597965240479,"Unknown"
"5020568",370754,2026-05-03 02:36:20,28.806468963623,-11.8603754043579,"Unknown"
"5020568",370754,2026-05-03 02:41:20,28.8066921234131,-11.8578929901123,"Unknown"
"5020568",370754,2026-05-03 02:46:20,28.8082904815674,-11.8535213470459,"Unknown"
"5020568",370754,2026-05-03 02:51:20,28.8133125305176,-11.8506755828857,"Unknown"
"5020568",370754,2026-05-03 02:56:20,28.8135147094727,-11.8512229919434,"Unknown"
"5020568",370754,2026-05-03 03:01:20,28.8136901855469,-11.8517036437988,"Unknown"
"5020568",370754,2026-05-03 03:06:24,28.8138980865479,-11.8522453308105,"Unknown"
"5020568",370754,2026-05-03 03:16:47,28.8145141601562,-11.8536491394043,"Unknown"
"5020568",370754,2026-05-03 03:21:19,28.8147430419922,-11.8544511795044,"Unknown"
"5020568",370754,2026-05-03 03:26:19,28.8150272369385,-11.8551654815674,"Unknown"
"5020568",370754,2026-05-03 03:31:19,28.8153285980225,-11.8558444976807,"Unknown"
"5020568",370754,2026-05-03 03:36:19,28.8156642913818,-11.8565235137939,"Unknown"
"5020568",370754,2026-05-03 03:41:19,28.8160228729248,-11.8572940826416,"Unknown"
"5020568",370754,2026-05-03 03:46:20,28.8163642883301,-11.8580093383789,"Unknown"
"5020568",370754,2026-05-03 03:51:19,28.8167762756348,-11.8587684631348,"Unknown"
"5020568",370754,2026-05-03 03:56:25,28.8171768188477,-11.8594064712524,"Unknown"
"5020568",370754,2026-05-03 04:01:20,28.8175621032715,-11.8599510192871,"Unknown"
"5020568",370754,2026-05-03 04:06:20,28.8179149627686,-11.8605556488037,"Unknown"
"5020568",370754,2026-05-03 04:11:20,28.8182678222656,-11.861123085022,"Unknown"
"5020568",370754,2026-05-03 04:16:20,28.8186264038086,-11.8618049621582,"Unknown"
"5020568",370754,2026-05-03 04:21:20,28.819019317627,-11.8624658584595,"Unknown"
"5020568",370754,2026-05-03 04:26:20,28.8194046020508,-11.8631458282471,"Unknown"
"5020568",370754,2026-05-03 04:31:20,28.8198204040527,-11.8638553619385,"Unknown"
"5020568",370754,2026-05-03 04:36:20,28.8202323913574,-11.8646087646484,"Unknown"
"5020568",370754,2026-05-03 04:41:20,28.820671081543,-11.8652620315552,"Unknown"
"5020568",370754,2026-05-03 04:46:19,28.8214130401611,-11.8614702224731,"Unknown"
"5020568",370754,2026-05-03 04:51:20,28.8202972412109,-11.852463722229,"Unknown"
"5020568",370754,2026-05-03 04:56:20,28.8203659057617,-11.8529043197632,"Unknown"
"5020568",370754,2026-05-03 05:01:20,28.8184471130371,-11.8316221237183,"Unknown"
"5020568",370754,2026-05-03 05:06:21,28.8173789978027,-11.8265514373779,"Unknown"
"5020568",370754,2026-05-03 05:11:28,28.817440032959,-11.826961517334,"Unknown"
"5020568",370754,2026-05-03 05:16:25,28.8175163269043,-11.8273544311523,"Unknown"
"5020568",370754,2026-05-03 05:21:24,28.8176231384277,-11.8277168273926,"Unknown"
"5020568",370754,2026-05-03 05:26:27,28.8177471160889,-11.8277187347412,"Unknown"
"5020568",370754,2026-05-03 05:31:22,28.8181457519531,-11.8045063018799,"Unknown"
"5020568",370754,2026-05-03 05:36:22,28.8215427398682,-11.7811069488525,"Unknown"
"5020568",370754,2026-05-03 05:41:24,28.8252201080322,-11.7580070495605,"Unknown"
"5020568",370754,2026-05-03 05:46:23,28.8347759246826,-11.7410726547241,"Unknown"
"5020568",370754,2026-05-03 05:51:25,28.8523826599121,-11.7348346710205,"Unknown"
"5020568",370754,2026-05-03 05:56:22,28.8681716918945,-11.7476501464844,"Unknown"
"5020568",370754,2026-05-03 06:01:46,28.8760204315186,-11.7620964050293,"Unknown"
"5020568",370754,2026-05-03 06:06:22,28.8789310455322,-11.7556104660034,"Unknown"
"5020568",370754,2026-05-03 06:11:22,28.8824939727783,-11.7858428955078,"Unknown"
"5020568",370754,2026-05-03 06:16:22,28.8901901245117,-11.8150491714478,"Unknown"
"5020568",370754,2026-05-03 06:21:22,28.9069652557373,-11.8356142044067,"Unknown"
"5020568",370754,2026-05-03 06:26:19,28.926139831543,-11.8487977981567,"Unknown"
"5020568",370754,2026-05-03 06:31:21,28.9279632568359,-11.8510055541992,"Unknown"
"5020568",370754,2026-05-03 06:36:26,28.9466400146484,-11.8711557388306,"Unknown"
"5020568",370754,2026-05-03 06:41:21,28.9692459106445,-11.8679628372192,"Unknown"
"5020568",370754,2026-05-03 06:46:22,28.9898281097412,-11.8833627700806,"Unknown"
"5020568",370754,2026-05-03 06:51:20,29.0067005157471,-11.9100713729858,"Unknown"
"5020568",370754,2026-05-03 06:57:23,29.026237487793,-11.9420413970947,"Unknown"
"5020568",370754,2026-05-03 07:01:22,29.0364227294922,-11.9641494750977,"Unknown"
"5020568",370754,2026-05-03 07:06:21,29.0543308258057,-11.960657119751,"Unknown"
"5020568",370754,2026-05-03 07:17:45,29.0798721313477,-11.9295587539673,"Unknown"
"5020568",370754,2026-05-03 07:22:45,29.0580177307129,-11.9481630325317,"Unknown"
"5020568",370754,2026-05-03 07:26:47,29.0525779724121,-11.9521961212158,"Unknown"
"5020568",370754,2026-05-03 07:31:20,29.0575218200684,-11.9487686157227,"Unknown"
"5020568",370754,2026-05-03 07:36:20,29.0614356994629,-11.9456567764282,"Unknown"
"5020568",370754,2026-05-03 07:41:20,29.0488796234131,-11.9148378372192,"Unknown"
"5020568",370754,2026-05-03 07:46:19,29.0296897888184,-11.892466545105,"Unknown"
"5020568",370754,2026-05-03 07:51:22,29.0196971893311,-11.8837547302246,"Unknown"
"5020568",370754,2026-05-03 07:56:23,29.0099201202393,-11.8970670700073,"Unknown"
"5020568",370754,2026-05-03 08:01:22,29.0048160552979,-11.8975191116333,"Unknown"
"5020568",370754,2026-05-03 08:06:20,29.00390625,-11.8698205947876,"Unknown"
"5020568",370754,2026-05-03 08:11:19,28.9967575073242,-11.8351898193359,"Unknown"
"5020568",370754,2026-05-03 08:16:19,28.9865970611572,-11.8019409179688,"Unknown"
"5020568",370754,2026-05-03 08:21:22,28.9831867218018,-11.7680406570435,"Unknown"
"5020568",370754,2026-05-03 08:26:29,28.991512298584,-11.748366355896,"Unknown"
"5020568",370754,2026-05-03 08:31:22,28.9853038787842,-11.740743637085,"Unknown"
"5020568",370754,2026-05-03 08:36:24,28.9677333831787,-11.7235546112061,"Unknown"
"5020568",370754,2026-05-03 08:42:57,28.9647312164307,-11.7014312744141,"Unknown"
"5020568",370754,2026-05-03 08:47:03,28.9640960693359,-11.7016324996948,"Unknown"
"5020568",370754,2026-05-03 08:51:31,28.9601764678955,-11.6826620101929,"Unknown"
"5020568",370754,2026-05-03 08:56:31,28.9439220428467,-11.6552543640137,"Unknown"
"5020568",370754,2026-05-03 09:01:32,28.9307880401611,-11.6699895858765,"Unknown"
"5020568",370754,2026-05-03 09:06:39,28.9309787750244,-11.7029781341553,"Unknown"
"5020568",370754,2026-05-03 09:11:40,28.924430847168,-11.7065315246582,"Unknown"
"5020568",370754,2026-05-03 09:16:40,28.9171142578125,-11.7222719192505,"Unknown"
"5020568",370754,2026-05-03 09:21:40,28.919527053833,-11.7228689193726,"Unknown"
"5020568",370754,2026-05-03 09:26:40,28.9194869995117,-11.7233953475952,"Unknown"
"5020568",370754,2026-05-03 09:31:40,28.9195213317871,-11.7237577438354,"Unknown"
"5020568",370754,2026-05-03 09:36:39,28.9165630340576,-11.7172288894653,"Unknown"
"5020568",370754,2026-05-03 09:41:40,28.9161262512207,-11.7174730300903,"Unknown"
"5020568",370754,2026-05-03 09:46:40,28.9157543182373,-11.7178783416748,"Unknown"
"5020568",370754,2026-05-03 09:51:39,28.9153537750244,-11.718316078186,"Unknown"
"5020568",370754,2026-05-03 09:56:41,28.9148998260498,-11.7187585830688,"Unknown"
"5020568",370754,2026-05-03 10:01:40,28.9143600463867,-11.7192096710205,"Unknown"
"5020568",370754,2026-05-03 10:06:42,28.9139156341553,-11.7196712493896,"Unknown"
"5020568",370754,2026-05-03 10:11:40,28.9135284423828,-11.720067024231,"Unknown"
"5020568",370754,2026-05-03 10:16:40,28.9130611419678,-11.7204885482788,"Unknown"
"5020568",370754,2026-05-03 10:21:43,28.9125728607178,-11.7208261489868,"Unknown"
"5020568",370754,2026-05-03 10:26:40,28.9121437072754,-11.7212257385254,"Unknown"
"5020568",370754,2026-05-03 10:31:42,28.9116592407227,-11.7218456268311,"Unknown"
"5020568",370754,2026-05-03 10:36:40,28.9112167358398,-11.7224464416504,"Unknown"
"5020568",370754,2026-05-03 10:41:40,28.9107723236084,-11.7230339050293,"Unknown"
"5020568",370754,2026-05-03 10:46:42,28.9103202819824,-11.7234191894531,"Unknown"
"5020568",370754,2026-05-03 10:51:43,28.9098167419434,-11.7236204147339,"Unknown"
"5020568",370754,2026-05-03 10:56:41,28.9092102050781,-11.7237224578857,"Unknown"
"5020568",370754,2026-05-03 11:02:03,28.9086513519287,-11.7240447998047,"Unknown"
"5020568",370754,2026-05-03 11:06:40,28.9081840515137,-11.7243614196777,"Unknown"
"5020568",370754,2026-05-03 11:16:19,28.9070320129395,-11.7249689102173,"Unknown"
"5020568",370754,2026-05-03 11:21:19,28.906322479248,-11.7251396179199,"Unknown"
"5020568",370754,2026-05-03 11:26:19,28.9055881500244,-11.7252674102783,"Unknown"
"5020568",370754,2026-05-03 11:31:19,28.9047794342041,-11.7254495620728,"Unknown"
"5020568",370754,2026-05-03 11:36:19,28.9039764404297,-11.7254638671875,"Unknown"
"5020568",370754,2026-05-03 11:41:19,28.9031505584717,-11.7254304885864,"Unknown"
"5020568",370754,2026-05-03 11:46:19,28.9023780822754,-11.7254276275635,"Unknown"
"5020568",370754,2026-05-03 11:51:19,28.901554107666,-11.7254304885864,"Unknown"
"5020568",370754,2026-05-03 11:56:21,28.9006958007812,-11.7254734039307,"Unknown"
"5020568",370754,2026-05-03 12:01:20,28.8958015441895,-11.7358560562134,"Unknown"
"5020568",370754,2026-05-03 12:06:20,28.8825283050537,-11.7149810791016,"Unknown"
"5020568",370754,2026-05-03 12:11:19,28.8790225982666,-11.708797454834,"Unknown"
"5020568",370754,2026-05-03 12:16:21,28.8786640167236,-11.7091693878174,"Unknown"
"5020568",370754,2026-05-03 12:21:22,28.8782176971436,-11.7096281051636,"Unknown"
"5020568",370754,2026-05-03 12:26:21,28.8776779174805,-11.7100410461426,"Unknown"
"5020568",370754,2026-05-03 12:31:21,28.8771305084229,-11.7102794647217,"Unknown"
"5020568",370754,2026-05-03 12:36:20,28.8765201568604,-11.7105731964111,"Unknown"
"5020568",370754,2026-05-03 12:41:21,28.8759632110596,-11.7109184265137,"Unknown"
"5020568",370754,2026-05-03 12:46:24,28.8754959106445,-11.7113990783691,"Unknown"
"5020568",370754,2026-05-03 12:51:22,28.8754329681396,-11.7109413146973,"Unknown"
"5020568",370754,2026-05-03 12:56:23,28.8757419586182,-11.7114114761353,"Unknown"
"5020568",370754,2026-05-03 13:01:24,28.8754062652588,-11.7118148803711,"Unknown"
"5020568",370754,2026-05-03 13:06:23,28.8752365112305,-11.7120637893677,"Unknown"
"5020568",370754,2026-05-03 13:11:21,28.8732471466064,-11.7257080078125,"Unknown"
"5020568",370754,2026-05-03 13:17:44,28.8790683746338,-11.7289695739746,"Unknown"
"5020568",370754,2026-05-03 13:22:47,28.8773555755615,-11.7306528091431,"Unknown"
"5020568",370754,2026-05-03 13:27:46,28.8737621307373,-11.7280855178833,"Unknown"
"5020568",370754,2026-05-03 13:32:46,28.8733730316162,-11.7281894683838,"Unknown"
"5020568",370754,2026-05-03 13:37:47,28.8721408843994,-11.7343759536743,"Unknown"
"5020568",370754,2026-05-03 13:42:46,28.8691940307617,-11.7495021820068,"Unknown"
"5020568",370754,2026-05-03 13:47:46,28.8684768676758,-11.7497119903564,"Unknown"
"5020568",370754,2026-05-03 13:52:46,28.8678741455078,-11.7502250671387,"Unknown"
"5020568",370754,2026-05-03 13:57:46,28.8672676086426,-11.7507562637329,"Unknown"
"5020568",370754,2026-05-03 14:03:03,28.8666172027588,-11.7509860992432,"Unknown"
"5020568",370754,2026-05-03 14:07:49,28.8660888671875,-11.7513561248779,"Unknown"
"5020568",370754,2026-05-03 14:12:46,28.8656444549561,-11.7518558502197,"Unknown"
"5020568",370754,2026-05-03 14:17:50,28.8652095794678,-11.7523832321167,"Unknown"
"5020568",370754,2026-05-03 14:22:46,28.8649139404297,-11.7530155181885,"Unknown"
"5020568",370754,2026-05-03 14:27:46,28.8645515441895,-11.7535190582275,"Unknown"
"5020568",370754,2026-05-03 14:32:47,28.8642272949219,-11.7541265487671,"Unknown"
"5020568",370754,2026-05-03 14:37:48,28.8638648986816,-11.7547807693481,"Unknown"
"5020568",370754,2026-05-03 14:42:48,28.8635368347168,-11.7553339004517,"Unknown"
"5020568",370754,2026-05-03 14:47:49,28.8632869720459,-11.7558317184448,"Unknown"
"5020568",370754,2026-05-03 14:53:03,28.8629760742188,-11.7565431594849,"Unknown"
"5020568",370754,2026-05-03 14:57:47,28.8627090454102,-11.7572441101074,"Unknown"
"5020568",370754,2026-05-03 15:02:47,28.8624038696289,-11.7579498291016,"Unknown"
"5020568",370754,2026-05-03 15:07:47,28.8537788391113,-11.7523603439331,"Unknown"
"5020568",370754,2026-05-03 15:16:21,28.8540363311768,-11.7524213790894,"Unknown"
"5020568",370754,2026-05-03 15:21:18,28.8541011810303,-11.752965927124,"Unknown"
"5020568",370754,2026-05-03 15:26:19,28.8542804718018,-11.7535648345947,"Unknown"
"5020568",370754,2026-05-03 15:31:21,28.854341506958,-11.7543649673462,"Unknown"
"5020568",370754,2026-05-03 15:36:22,28.8540306091309,-11.7550830841064,"Unknown"
"5020568",370754,2026-05-03 15:41:22,28.8537445068359,-11.7556400299072,"Unknown"
"5020568",370754,2026-05-03 15:46:21,28.8535614013672,-11.7564649581909,"Unknown"
"5020568",370754,2026-05-03 15:51:19,28.8494186401367,-11.7524700164795,"Unknown"
"5020568",370754,2026-05-03 15:56:18,28.8420658111572,-11.7594804763794,"Unknown"
"5020568",370754,2026-05-03 16:01:47,28.8136940002441,-11.7505111694336,"Unknown"
"5020568",370754,2026-05-03 16:06:18,28.813419342041,-11.7509260177612,"Unknown"
"5020568",370754,2026-05-03 16:11:18,28.8088645935059,-11.7499475479126,"Unknown"
"5020568",370754,2026-05-03 16:16:18,28.7899551391602,-11.7559566497803,"Unknown"
"5020568",370754,2026-05-03 16:21:19,28.7829284667969,-11.757999420166,"Unknown"
"5020568",370754,2026-05-03 16:26:23,28.7778759002686,-11.7579898834229,"Unknown"
"5020568",370754,2026-05-03 16:31:23,28.7733192443848,-11.7523918151855,"Unknown"
"5020568",370754,2026-05-03 16:36:25,28.7661075592041,-11.7455101013184,"Unknown"
"5020568",370754,2026-05-03 16:41:23,28.7647342681885,-11.7445945739746,"Unknown"
"5020568",370754,2026-05-03 16:46:24,28.7441844940186,-11.7299795150757,"Unknown"
"5020568",370754,2026-05-03 16:51:24,28.7429847717285,-11.7311382293701,"Unknown"
"5020568",370754,2026-05-03 16:56:24,28.7428169250488,-11.7317562103271,"Unknown"
"5020568",370754,2026-05-03 17:01:24,28.7386989593506,-11.7238855361938,"Unknown"
"5020568",370754,2026-05-03 17:07:33,28.7319774627686,-11.7198505401611,"Unknown"
"5020568",370754,2026-05-03 17:11:51,28.7183399200439,-11.6967210769653,"Unknown"
"5020568",370754,2026-05-03 17:16:51,28.7029438018799,-11.6947240829468,"Unknown"
"5020568",370754,2026-05-03 17:21:50,28.7018966674805,-11.7140893936157,"Unknown"
"5020568",370754,2026-05-03 17:26:51,28.7016906738281,-11.7145004272461,"Unknown"
"5020568",370754,2026-05-03 17:31:51,28.7015476226807,-11.7148094177246,"Unknown"
"5020568",370754,2026-05-03 17:36:51,28.7014923095703,-11.715181350708,"Unknown"
"5020568",370754,2026-05-03 17:41:51,28.7012691497803,-11.7154741287231,"Unknown"
"5020568",370754,2026-05-03 17:46:51,28.7008857727051,-11.715913772583,"Unknown"
"5020568",370754,2026-05-03 17:51:51,28.7005405426025,-11.7164459228516,"Unknown"
"5020568",370754,2026-05-03 17:56:51,28.7001991271973,-11.7170915603638,"Unknown"
"5020568",370754,2026-05-03 18:01:51,28.6997909545898,-11.7176790237427,"Unknown"
"5020568",370754,2026-05-03 18:06:51,28.6994113922119,-11.7182788848877,"Unknown"
"5020568",370754,2026-05-03 18:11:52,28.6989879608154,-11.7188968658447,"Unknown"
"5020568",370754,2026-05-03 18:16:51,28.6985759735107,-11.719651222229,"Unknown"
"5020568",370754,2026-05-03 18:22:06,28.6980609893799,-11.7202939987183,"Unknown"
"5020568",370754,2026-05-03 18:26:57,28.6975803375244,-11.7207880020142,"Unknown"
"5020568",370754,2026-05-03 18:31:55,28.6971244812012,-11.7213678359985,"Unknown"
"5020568",370754,2026-05-03 18:36:57,28.6965675354004,-11.7219552993774,"Unknown"
"5020568",370754,2026-05-03 18:41:54,28.693603515625,-11.7409820556641,"Unknown"
"5020568",370754,2026-05-03 18:48:03,28.6945571899414,-11.7445116043091,"Unknown"
"5020568",370754,2026-05-03 18:52:08,28.6974906921387,-11.7543811798096,"Unknown"
"5020568",370754,2026-05-03 18:57:09,28.6969203948975,-11.7549819946289,"Unknown"
"5020568",370754,2026-05-03 19:02:08,28.6907596588135,-11.7454385757446,"Unknown"
"5020568",370754,2026-05-03 19:07:08,28.6901702880859,-11.7785615921021,"Unknown"
"5020568",370754,2026-05-03 19:16:20,28.6895771026611,-11.786979675293,"Unknown"
"5020568",370754,2026-05-03 19:21:20,28.6887969970703,-11.7874526977539,"Unknown"
"5020568",370754,2026-05-03 19:26:19,28.6855087280273,-11.7724533081055,"Unknown"
"5020568",370754,2026-05-03 19:31:20,28.670352935791,-11.7401371002197,"Unknown"
"5020568",370754,2026-05-03 19:36:20,28.6660346984863,-11.7296056747437,"Unknown"
"5020568",370754,2026-05-03 19:41:19,28.6652870178223,-11.7301263809204,"Unknown"
"5020568",370754,2026-05-03 19:46:19,28.6639366149902,-11.7270050048828,"Unknown"
"5020568",370754,2026-05-03 19:51:20,28.6580333709717,-11.7197875976562,"Unknown"
"5020568",370754,2026-05-03 19:56:20,28.6475772857666,-11.6928052902222,"Unknown"
"5020568",370754,2026-05-03 20:01:20,28.64674949646,-11.6932954788208,"Unknown"
"5020568",370754,2026-05-03 20:06:21,28.6458835601807,-11.6938009262085,"Unknown"
"5020568",370754,2026-05-03 20:11:20,28.6449718475342,-11.6943454742432,"Unknown"
"5020568",370754,2026-05-03 20:16:20,28.6440849304199,-11.6950397491455,"Unknown"
"5020568",370754,2026-05-03 20:21:19,28.6432266235352,-11.6957206726074,"Unknown"
"5020568",370754,2026-05-03 20:26:20,28.642333984375,-11.6963205337524,"Unknown"
"5020568",370754,2026-05-03 20:31:20,28.6414184570312,-11.6969194412231,"Unknown"
"5020568",370754,2026-05-03 20:36:20,28.6404857635498,-11.6974658966064,"Unknown"
"5020568",370754,2026-05-03 20:41:20,28.6396312713623,-11.6979761123657,"Unknown"
"5020568",370754,2026-05-03 20:46:20,28.638729095459,-11.6984634399414,"Unknown"
"5020568",370754,2026-05-03 20:51:20,28.6378173828125,-11.6989755630493,"Unknown"
"5020568",370754,2026-05-03 20:56:20,28.6368618011475,-11.6997079849243,"Unknown"
"5020568",370754,2026-05-03 21:01:47,28.6358604431152,-11.7004871368408,"Unknown"
"5020568",370754,2026-05-03 21:06:19,28.6350593566895,-11.7009925842285,"Unknown"
"5020568",370754,2026-05-03 21:11:19,28.6341457366943,-11.7016267776489,"Unknown"
"5020568",370754,2026-05-03 21:16:20,28.633243560791,-11.7023258209229,"Unknown"
"5020568",370754,2026-05-03 21:21:19,28.6323223114014,-11.7029886245728,"Unknown"
"5020568",370754,2026-05-03 21:26:19,28.6314125061035,-11.7036008834839,"Unknown"
"5020568",370754,2026-05-03 21:31:19,28.6304512023926,-11.704231262207,"Unknown"
"5020568",370754,2026-05-03 21:36:19,28.6294651031494,-11.704815864563,"Unknown"
"5020568",370754,2026-05-03 21:41:19,28.6282730102539,-11.7045040130615,"Unknown"
"5020568",370754,2026-05-03 21:46:20,28.6269950866699,-11.7028846740723,"Unknown"
"5020568",370754,2026-05-03 21:51:19,28.6260108947754,-11.7033710479736,"Unknown"
"5020568",370754,2026-05-03 21:56:20,28.6249485015869,-11.7039461135864,"Unknown"
"5020568",370754,2026-05-03 22:01:22,28.6236972808838,-11.7039575576782,"Unknown"
"5020568",370754,2026-05-03 22:06:19,28.6206111907959,-11.6958236694336,"Unknown"
"5020568",370754,2026-05-03 22:11:22,28.6195240020752,-11.6963806152344,"Unknown"
"5020568",370754,2026-05-03 22:16:22,28.6184673309326,-11.6969184875488,"Unknown"
"5020568",370754,2026-05-03 22:21:19,28.6173572540283,-11.6974334716797,"Unknown"
"5020568",370754,2026-05-03 22:26:18,28.6162815093994,-11.6979551315308,"Unknown"
"5020568",370754,2026-05-03 22:31:19,28.6152248382568,-11.6984634399414,"Unknown"
"5020568",370754,2026-05-03 22:36:22,28.6141452789307,-11.6989278793335,"Unknown"
"5020568",370754,2026-05-03 22:41:22,28.6130867004395,-11.699426651001,"Unknown"
"5020568",370754,2026-05-03 22:46:28,28.6133060455322,-11.6961679458618,"Unknown"
"5020568",370754,2026-05-03 22:51:47,28.6124095916748,-11.6967725753784,"Unknown"
"5020568",370754,2026-05-03 22:56:23,28.6115341186523,-11.6973218917847,"Unknown"
"5020568",370754,2026-05-03 23:01:19,28.6106357574463,-11.6978015899658,"Unknown"
"5020568",370754,2026-05-03 23:06:20,28.6096363067627,-11.6980648040771,"Unknown"
"5020568",370754,2026-05-03 23:16:22,28.6075344085693,-11.6987056732178,"Unknown"
"5020568",370754,2026-05-03 23:21:23,28.6065502166748,-11.6990804672241,"Unknown"
"5020568",370754,2026-05-03 23:26:19,28.6055431365967,-11.6994075775146,"Unknown"
"5020568",370754,2026-05-03 23:31:21,28.6044960021973,-11.6997222900391,"Unknown"
"5020568",370754,2026-05-03 23:36:18,28.6034488677979,-11.6999835968018,"Unknown"
"5020568",370754,2026-05-03 23:41:24,28.6022891998291,-11.7002172470093,"Unknown"
"5020568",370754,2026-05-03 23:46:23,28.6012516021729,-11.7004232406616,"Unknown"
"5020568",370754,2026-05-03 23:51:51,28.6001262664795,-11.7007808685303,"Unknown"
"5020568",370754,2026-05-03 23:56:19,28.5991344451904,-11.700984954834,"Unknown"
"5020568",370754,2026-05-04 00:01:19,28.5980529785156,-11.7013149261475,"Unknown"
"5020568",370754,2026-05-04 00:06:19,28.5970020294189,-11.7016286849976,"Unknown"
"5020568",370754,2026-05-04 00:11:18,28.5959968566895,-11.7019557952881,"Unknown"
"5020568",370754,2026-05-04 00:16:19,28.5902805328369,-11.6858129501343,"Unknown"
"5020568",370754,2026-05-04 00:21:19,28.5899295806885,-11.6747627258301,"Unknown"
"5020568",370754,2026-05-04 00:26:19,28.5889682769775,-11.6756639480591,"Unknown"
"5020568",370754,2026-05-04 00:31:19,28.5880393981934,-11.676568031311,"Unknown"
"5020568",370754,2026-05-04 00:36:20,28.5862846374512,-11.668532371521,"Unknown"
"5020568",370754,2026-05-04 00:41:19,28.5865898132324,-11.6658201217651,"Unknown"
"5020568",370754,2026-05-04 00:46:20,28.5855236053467,-11.6664695739746,"Unknown"
"5020568",370754,2026-05-04 00:51:21,28.5845165252686,-11.6671466827393,"Unknown"
"5020568",370754,2026-05-04 00:56:19,28.5820369720459,-11.65793800354,"Unknown"
"5020568",370754,2026-05-04 01:01:19,28.5809993743896,-11.658745765686,"Unknown"
"5020568",370754,2026-05-04 01:06:19,28.579963684082,-11.6595230102539,"Unknown"
"5020568",370754,2026-05-04 01:11:19,28.5789737701416,-11.6603384017944,"Unknown"
"5020568",370754,2026-05-04 01:16:19,28.5799827575684,-11.6584987640381,"Unknown"
"5020568",370754,2026-05-04 01:21:19,28.5791358947754,-11.6593322753906,"Unknown"
"5020568",370754,2026-05-04 01:26:19,28.5783042907715,-11.6601982116699,"Unknown"
"5020568",370754,2026-05-04 01:31:19,28.5775127410889,-11.6611394882202,"Unknown"
"5020568",370754,2026-05-04 01:36:19,28.5766906738281,-11.6621770858765,"Unknown"
"5020568",370754,2026-05-04 01:41:19,28.5759410858154,-11.6631765365601,"Unknown"
"5020568",370754,2026-05-04 01:46:19,28.5751457214355,-11.6641311645508,"Unknown"
"5020568",370754,2026-05-04 01:51:19,28.5743541717529,-11.6649618148804,"Unknown"
"5020568",370754,2026-05-04 01:56:19,28.5736217498779,-11.665867805481,"Unknown"
"5020568",370754,2026-05-04 02:01:46,28.5728034973145,-11.6668262481689,"Unknown"
"5020568",370754,2026-05-04 02:06:19,28.5721473693848,-11.6675996780396,"Unknown"
"5020568",370754,2026-05-04 02:11:18,28.5714645385742,-11.6684675216675,"Unknown"
"5020568",370754,2026-05-04 02:16:18,28.5706825256348,-11.6695289611816,"Unknown"
"5020568",370754,2026-05-04 02:21:18,28.5699882507324,-11.6705503463745,"Unknown"
"5020568",370754,2026-05-04 02:26:22,28.5692920684814,-11.6715307235718,"Unknown"
"5020568",370754,2026-05-04 02:31:24,28.5685768127441,-11.6725902557373,"Unknown"
"5020568",370754,2026-05-04 02:36:18,28.5679702758789,-11.6736488342285,"Unknown"
"5020568",370754,2026-05-04 02:41:18,28.5673561096191,-11.6747331619263,"Unknown"
"5020568",370754,2026-05-04 02:46:23,28.5667896270752,-11.6757965087891,"Unknown"
"5020568",370754,2026-05-04 02:51:20,28.566162109375,-11.6768884658813,"Unknown"
"5020568",370754,2026-05-04 02:56:21,28.5655689239502,-11.6779832839966,"Unknown"
"5020568",370754,2026-05-04 03:01:24,28.5649375915527,-11.6791725158691,"Unknown"
"5020568",370754,2026-05-04 03:06:18,28.5643787384033,-11.6803884506226,"Unknown"
"5020568",370754,2026-05-04 03:16:22,28.5632839202881,-11.6826124191284,"Unknown"
"5020568",370754,2026-05-04 03:21:19,28.5627574920654,-11.6837682723999,"Unknown"
"5020568",370754,2026-05-04 03:26:19,28.5621700286865,-11.6850357055664,"Unknown"
"5020568",370754,2026-05-04 03:31:22,28.5616092681885,-11.6862201690674,"Unknown"
"5020568",370754,2026-05-04 03:36:22,28.5610904693604,-11.6873846054077,"Unknown"
"5020568",370754,2026-05-04 03:41:25,28.5605621337891,-11.6885013580322,"Unknown"
"5020568",370754,2026-05-04 03:46:19,28.5601139068604,-11.6895408630371,"Unknown"
"5020568",370754,2026-05-04 03:51:22,28.5596103668213,-11.6905508041382,"Unknown"
"5020568",370754,2026-05-04 03:56:23,28.5591125488281,-11.6918182373047,"Unknown"
"5020568",370754,2026-05-04 04:01:26,28.5586357116699,-11.693286895752,"Unknown"
"5020568",370754,2026-05-04 04:06:23,28.5581951141357,-11.6946725845337,"Unknown"
"5020568",370754,2026-05-04 04:11:25,28.5577926635742,-11.6960487365723,"Unknown"
"5020568",370754,2026-05-04 04:16:27,28.5573921203613,-11.6973848342896,"Unknown"
"5020568",370754,2026-05-04 04:21:47,28.5568943023682,-11.698691368103,"Unknown"
"5020568",370754,2026-05-04 04:26:21,28.5565052032471,-11.6997623443604,"Unknown"
"5020568",370754,2026-05-04 04:31:20,28.5561370849609,-11.7010259628296,"Unknown"
"5020568",370754,2026-05-04 04:36:20,28.5557670593262,-11.7023363113403,"Unknown"
"5020568",370754,2026-05-04 04:41:20,28.5591468811035,-11.6987009048462,"Unknown"
"5020568",370754,2026-05-04 04:46:21,28.5754108428955,-11.7123670578003,"Unknown"
"5020568",370754,2026-05-04 04:51:19,28.5870761871338,-11.7200784683228,"Unknown"
"5020568",370754,2026-05-04 04:56:19,28.6024894714355,-11.7204437255859,"Unknown"
"5020568",370754,2026-05-04 05:01:19,28.6061210632324,-11.7238779067993,"Unknown"
"5020568",370754,2026-05-04 05:06:19,28.6057147979736,-11.7250909805298,"Unknown"
"5020568",370754,2026-05-04 05:11:21,28.6053447723389,-11.7262725830078,"Unknown"
"5020568",370754,2026-05-04 05:16:19,28.6050090789795,-11.7273817062378,"Unknown"
"5020568",370754,2026-05-04 05:21:22,28.6096019744873,-11.7352495193481,"Unknown"
"5020568",370754,2026-05-04 05:26:25,28.6222076416016,-11.7499876022339,"Unknown"
"5020568",370754,2026-05-04 05:31:19,28.6217632293701,-11.7496862411499,"Unknown"
"5020568",370754,2026-05-04 05:36:33,28.6263179779053,-11.7594900131226,"Unknown"
"5020568",370754,2026-05-04 05:41:18,28.6318225860596,-11.7830114364624,"Unknown"
"5020568",370754,2026-05-04 05:46:25,28.6316928863525,-11.7840919494629,"Unknown"
"5020568",370754,2026-05-04 05:51:18,28.6316757202148,-11.785285949707,"Unknown"
"5020568",370754,2026-05-04 05:56:18,28.6317710876465,-11.7863845825195,"Unknown"
"5020568",370754,2026-05-04 06:01:47,28.6318664550781,-11.7893600463867,"Unknown"
"5020568",370754,2026-05-04 06:06:18,28.6331539154053,-11.7983961105347,"Unknown"
"5020568",370754,2026-05-04 06:11:21,28.6409149169922,-11.8319425582886,"Unknown"
"5020568",370754,2026-05-04 06:16:20,28.6554737091064,-11.8551568984985,"Unknown"
"5020568",370754,2026-05-04 06:21:20,28.6745738983154,-11.8596982955933,"Unknown"
"5020568",370754,2026-05-04 06:26:22,28.6907863616943,-11.8378820419312,"Unknown"
"5020568",370754,2026-05-04 06:31:24,28.6837711334229,-11.8301820755005,"Unknown"
"5020568",370754,2026-05-04 06:36:31,28.6721725463867,-11.8370599746704,"Unknown"
"5020568",370754,2026-05-04 06:41:35,28.6703147888184,-11.8391561508179,"Unknown"
"5020568",370754,2026-05-04 06:46:36,28.6677799224854,-11.8421201705933,"Unknown"
"5020568",370754,2026-05-04 06:51:33,28.6675548553467,-11.8441905975342,"Unknown"
"5020568",370754,2026-05-04 06:56:33,28.6672840118408,-11.8450899124146,"Unknown"
"5020568",370754,2026-05-04 07:02:03,28.6670780181885,-11.8628721237183,"Unknown"
"5020568",370754,2026-05-04 07:06:32,28.6668243408203,-11.8636388778687,"Unknown"
"5020568",370754,2026-05-04 07:16:19,28.6663360595703,-11.8652896881104,"Unknown"
"5020568",370754,2026-05-04 07:21:19,28.6660251617432,-11.8661155700684,"Unknown"
"5020568",370754,2026-05-04 07:26:19,28.6656818389893,-11.8669710159302,"Unknown"
"5020568",370754,2026-05-04 07:31:19,28.6653728485107,-11.8678216934204,"Unknown"
"5020568",370754,2026-05-04 07:36:19,28.6650047302246,-11.8686943054199,"Unknown"
"5020568",370754,2026-05-04 07:41:19,28.6646194458008,-11.8694467544556,"Unknown"
"5020568",370754,2026-05-04 07:46:19,28.6641845703125,-11.8702077865601,"Unknown"
"5020568",370754,2026-05-04 07:51:19,28.6638202667236,-11.87109375,"Unknown"
"5020568",370754,2026-05-04 07:56:19,28.6634368896484,-11.8720102310181,"Unknown"
"5020568",370754,2026-05-04 08:01:19,28.6632099151611,-11.8730440139771,"Unknown"
"5020568",370754,2026-05-04 08:06:19,28.6630268096924,-11.8740043640137,"Unknown"
"5020568",370754,2026-05-04 08:11:19,28.6627864837646,-11.8749589920044,"Unknown"
"5020568",370754,2026-05-04 08:16:20,28.6625118255615,-11.8758640289307,"Unknown"
"5020568",370754,2026-05-04 08:21:19,28.6622257232666,-11.8767786026001,"Unknown"
"5020568",370754,2026-05-04 08:26:19,28.6617965698242,-11.8775453567505,"Unknown"
"5020568",370754,2026-05-04 08:31:19,28.6614513397217,-11.8784093856812,"Unknown"
"5020568",370754,2026-05-04 08:36:19,28.6611232757568,-11.8792381286621,"Unknown"
"5020568",370754,2026-05-04 08:41:19,28.6607608795166,-11.8799800872803,"Unknown"
"5020568",370754,2026-05-04 08:46:19,28.6604690551758,-11.8807973861694,"Unknown"
"5020568",370754,2026-05-04 08:51:19,28.6601753234863,-11.8814735412598,"Unknown"
"5020568",370754,2026-05-04 08:56:19,28.6597843170166,-11.8820114135742,"Unknown"
"5020568",370754,2026-05-04 09:01:22,28.6594867706299,-11.8825044631958,"Unknown"
"5020568",370754,2026-05-04 09:06:20,28.659538269043,-11.8834142684937,"Unknown"
"5020568",370754,2026-05-04 09:11:19,28.6618194580078,-11.8886194229126,"Unknown"
"5020568",370754,2026-05-04 09:16:23,28.667236328125,-11.8892240524292,"Unknown"
"5020568",370754,2026-05-04 09:21:22,28.6669387817383,-11.8900461196899,"Unknown"
"5020568",370754,2026-05-04 09:26:23,28.6666202545166,-11.8908500671387,"Unknown"
"5020568",370754,2026-05-04 09:31:47,28.6662731170654,-11.891713142395,"Unknown"
"5020568",370754,2026-05-04 09:36:20,28.6659622192383,-11.8923406600952,"Unknown"
"5020568",370754,2026-05-04 09:41:20,28.665699005127,-11.8930416107178,"Unknown"
"5020568",370754,2026-05-04 09:46:20,28.6653270721436,-11.8937702178955,"Unknown"
"5020568",370754,2026-05-04 09:51:20,28.6649112701416,-11.8944873809814,"Unknown"
"5020568",370754,2026-05-04 09:56:20,28.6644725799561,-11.8950967788696,"Unknown"
"5020568",370754,2026-05-04 10:01:22,28.6640701293945,-11.8957366943359,"Unknown"
"5020568",370754,2026-05-04 10:06:21,28.6637382507324,-11.8963975906372,"Unknown"
"5020568",370754,2026-05-04 10:11:19,28.6634159088135,-11.8970518112183,"Unknown"
"5020568",370754,2026-05-04 10:16:19,28.6630420684814,-11.8976669311523,"Unknown"
"5020568",370754,2026-05-04 10:21:21,28.6626758575439,-11.8982343673706,"Unknown"
"5020568",370754,2026-05-04 10:26:19,28.6623840332031,-11.8988876342773,"Unknown"
"5020568",370754,2026-05-04 10:31:23,28.6619453430176,-11.8993921279907,"Unknown"
"5020568",370754,2026-05-04 10:36:22,28.6615409851074,-11.8999347686768,"Unknown"
"5020568",370754,2026-05-04 10:41:25,28.6611156463623,-11.9005222320557,"Unknown"
"5020568",370754,2026-05-04 10:46:23,28.6606540679932,-11.9010486602783,"Unknown"
"5020568",370754,2026-05-04 10:51:23,28.6602439880371,-11.9015140533447,"Unknown"
"5020568",370754,2026-05-04 10:56:22,28.6599655151367,-11.9020671844482,"Unknown"
"5020568",370754,2026-05-04 11:01:22,28.6596965789795,-11.9026393890381,"Unknown"
"5020568",370754,2026-05-04 11:06:23,28.6594104766846,-11.9030523300171,"Unknown"
"5020568",370754,2026-05-04 11:16:22,28.6585025787354,-11.8999996185303,"Unknown"
"5020568",370754,2026-05-04 11:21:47,28.65260887146,-11.8853206634521,"Unknown"
"5020568",370754,2026-05-04 11:26:21,28.6522083282471,-11.8857469558716,"Unknown"
"5020568",370754,2026-05-04 11:31:22,28.6518878936768,-11.8863954544067,"Unknown"
"5020568",370754,2026-05-04 11:36:24,28.6514320373535,-11.8869943618774,"Unknown"
"5020568",370754,2026-05-04 11:41:19,28.6510314941406,-11.8875780105591,"Unknown"
"5020568",370754,2026-05-04 11:46:20,28.6506881713867,-11.8881578445435,"Unknown"
"5020568",370754,2026-05-04 11:51:20,28.6503562927246,-11.8887042999268,"Unknown"
"5020568",370754,2026-05-04 11:56:20,28.649995803833,-11.8892278671265,"Unknown"
"5020568",370754,2026-05-04 12:01:24,28.6496257781982,-11.8897371292114,"Unknown"
"5020568",370754,2026-05-04 12:06:22,28.6492328643799,-11.8902378082275,"Unknown"
"5020568",370754,2026-05-04 12:11:20,28.648811340332,-11.8907108306885,"Unknown"
"5020568",370754,2026-05-04 12:16:22,28.6484088897705,-11.8912048339844,"Unknown"
"5020568",370754,2026-05-04 12:21:24,28.6451148986816,-11.863525390625,"Unknown"
"5020568",370754,2026-05-04 12:27:45,28.6367588043213,-11.8229417800903,"Unknown"
"5020568",370754,2026-05-04 12:32:03,28.6359214782715,-11.800085067749,"Unknown"
"5020568",370754,2026-05-04 12:36:22,28.6354389190674,-11.8005342483521,"Unknown"
"5020568",370754,2026-05-04 12:41:23,28.6349811553955,-11.8011522293091,"Unknown"
"5020568",370754,2026-05-04 12:46:47,28.6344661712646,-11.8017520904541,"Unknown"
"5020568",370754,2026-05-04 12:51:20,28.6339721679688,-11.8022689819336,"Unknown"
"5020568",370754,2026-05-04 12:56:20,28.633373260498,-11.8027381896973,"Unknown"
"5020568",370754,2026-05-04 13:01:20,28.6327610015869,-11.8031492233276,"Unknown"
"5020568",370754,2026-05-04 13:06:20,28.6321659088135,-11.8035249710083,"Unknown"
"5020568",370754,2026-05-04 13:11:19,28.6315689086914,-11.8040962219238,"Unknown"
"5020568",370754,2026-05-04 13:16:20,28.6310749053955,-11.8046016693115,"Unknown"
"5020568",370754,2026-05-04 13:21:20,28.6305694580078,-11.8050193786621,"Unknown"
"5020568",370754,2026-05-04 13:26:20,28.6301536560059,-11.8057222366333,"Unknown"
"5020568",370754,2026-05-04 13:31:19,28.6353893280029,-11.8067560195923,"Unknown"
"5020568",370754,2026-05-04 13:36:19,28.6516551971436,-11.7970342636108,"Unknown"
"5020568",370754,2026-05-04 13:41:19,28.6689720153809,-11.8094387054443,"Unknown"
"5020568",370754,2026-05-04 13:46:19,28.6825046539307,-11.8371839523315,"Unknown"
"5020568",370754,2026-05-04 13:51:21,28.6886901855469,-11.8476552963257,"Unknown"
"5020568",370754,2026-05-04 13:56:21,28.7026271820068,-11.8741102218628,"Unknown"
"5020568",370754,2026-05-04 14:01:20,28.7065124511719,-11.8863315582275,"Unknown"
"5020568",370754,2026-05-04 14:06:19,28.7071075439453,-11.8934164047241,"Unknown"
"5020568",370754,2026-05-04 14:11:20,28.7151775360107,-11.9088687896729,"Unknown"
"5020568",370754,2026-05-04 14:16:19,28.7151031494141,-11.9090671539307,"Unknown"
"5020568",370754,2026-05-04 14:21:19,28.7147655487061,-11.9095306396484,"Unknown"
"5020568",370754,2026-05-04 14:26:19,28.714262008667,-11.9100732803345,"Unknown"
"5020568",370754,2026-05-04 14:31:20,28.7185249328613,-11.9271373748779,"Unknown"
"5020568",370754,2026-05-04 14:36:19,28.7287654876709,-11.9559707641602,"Unknown"
"5020568",370754,2026-05-04 14:41:21,28.7387943267822,-11.9835300445557,"Unknown"
"5020568",370754,2026-05-04 14:46:19,28.7472343444824,-12.0149278640747,"Unknown"
"5020568",370754,2026-05-04 14:51:21,28.7522506713867,-12.0271120071411,"Unknown"
"5020568",370754,2026-05-04 14:57:03,28.7690849304199,-12.0531826019287,"Unknown"
"5020568",370754,2026-05-04 15:07:03,28.8091678619385,-12.0567750930786,"Unknown"
"5020568",370754,2026-05-04 15:16:18,28.8359127044678,-12.0359392166138,"Unknown"
"5020568",370754,2026-05-04 15:21:18,28.8434238433838,-12.0282936096191,"Unknown"
"5020568",370754,2026-05-04 15:26:18,28.8423976898193,-12.0477695465088,"Unknown"
"5020568",370754,2026-05-04 15:31:18,28.8266525268555,-12.0616579055786,"Unknown"
"5020568",370754,2026-05-04 15:36:18,28.830602645874,-12.0898723602295,"Unknown"
"5020568",370754,2026-05-04 15:41:17,28.8360443115234,-12.124361038208,"Unknown"
"5020568",370754,2026-05-04 15:46:18,28.8434295654297,-12.1270275115967,"Unknown"
"5020568",370754,2026-05-04 15:51:17,28.8417263031006,-12.1264123916626,"Unknown"
"5020568",370754,2026-05-04 15:56:17,28.840934753418,-12.1244354248047,"Unknown"
"5020568",370754,2026-05-04 16:01:18,28.8404903411865,-12.1249074935913,"Unknown"
"5020568",370754,2026-05-04 16:06:18,28.8415412902832,-12.1065492630005,"Unknown"
"5020568",370754,2026-05-04 16:11:17,28.8432369232178,-12.1082630157471,"Unknown"
"5020568",370754,2026-05-04 16:16:18,28.8427925109863,-12.1090021133423,"Unknown"
"5020568",370754,2026-05-04 16:21:18,28.8424339294434,-12.1095685958862,"Unknown"
"5020568",370754,2026-05-04 16:26:17,28.8419914245605,-12.1102657318115,"Unknown"
"5020568",370754,2026-05-04 16:31:17,28.8468036651611,-12.1184949874878,"Unknown"
"5020568",370754,2026-05-04 16:36:19,28.8549613952637,-12.1465187072754,"Unknown"
"5020568",370754,2026-05-04 16:41:17,28.8695640563965,-12.1677570343018,"Unknown"
"5020568",370754,2026-05-04 16:46:18,28.8844299316406,-12.1863746643066,"Unknown"
"5020568",370754,2026-05-04 16:51:18,28.8912982940674,-12.2184562683105,"Unknown"
"5020568",370754,2026-05-04 16:56:18,28.8966255187988,-12.2526092529297,"Unknown"
"5020568",370754,2026-05-04 17:01:19,28.9073810577393,-12.2781229019165,"Unknown"
"5020568",370754,2026-05-04 17:06:18,28.9072952270508,-12.3078584671021,"Unknown"
"5020568",370754,2026-05-04 17:11:19,28.9133930206299,-12.3289489746094,"Unknown"
"5020568",370754,2026-05-04 17:16:18,28.9158668518066,-12.3658046722412,"Unknown"
"5020568",370754,2026-05-04 17:21:18,28.9118614196777,-12.4063749313354,"Unknown"
"5020568",370754,2026-05-04 17:27:43,28.8793830871582,-12.4339971542358,"Unknown"
"5020568",370754,2026-05-04 17:33:09,28.8780097961426,-12.4392223358154,"Unknown"
"5020568",370754,2026-05-04 17:38:33,28.8775749206543,-12.4342908859253,"Unknown"
"5020568",370754,2026-05-04 17:43:01,28.8642387390137,-12.433051109314,"Unknown"
"5020568",370754,2026-05-04 17:47:59,28.8614196777344,-12.430643081665,"Unknown"
"5020568",370754,2026-05-04 17:53:00,28.8608703613281,-12.428858757019,"Unknown"
"5020568",370754,2026-05-04 17:57:59,28.8606948852539,-12.4297389984131,"Unknown"
"5020568",370754,2026-05-04 18:03:17,28.853479385376,-12.4240484237671,"Unknown"
"5020568",370754,2026-05-04 18:08:02,28.8531284332275,-12.4247226715088,"Unknown"
"5020568",370754,2026-05-04 18:12:57,28.8528957366943,-12.4254112243652,"Unknown"
"5020568",370754,2026-05-04 18:17:58,28.8526782989502,-12.4262161254883,"Unknown"
"5020568",370754,2026-05-04 18:22:57,28.8525333404541,-12.4270477294922,"Unknown"
"5020568",370754,2026-05-04 18:27:58,28.852331161499,-12.4277219772339,"Unknown"
"5020568",370754,2026-05-04 18:32:58,28.8521823883057,-12.4283428192139,"Unknown"
"5020568",370754,2026-05-04 18:37:58,28.8571014404297,-12.432427406311,"Unknown"
"5020568",370754,2026-05-04 18:42:57,28.8623561859131,-12.4374742507935,"Unknown"
"5020568",370754,2026-05-04 18:47:57,28.8679275512695,-12.4436149597168,"Unknown"
"5020568",370754,2026-05-04 18:52:59,28.8506603240967,-12.4712953567505,"Unknown"
"5020568",370754,2026-05-04 18:57:57,28.8497676849365,-12.4734449386597,"Unknown"
"5020568",370754,2026-05-04 19:03:00,28.8459892272949,-12.4819869995117,"Unknown"
"5020568",370754,2026-05-04 19:07:57,28.8457088470459,-12.4832162857056,"Unknown"
"5020568",370754,2026-05-04 19:16:20,28.8459987640381,-12.4879779815674,"Unknown"
"5020568",370754,2026-05-04 19:21:19,28.8470325469971,-12.5054597854614,"Unknown"
"5020568",370754,2026-05-04 19:26:20,28.8363456726074,-12.5085391998291,"Unknown"
"5020568",370754,2026-05-04 19:31:30,28.8243255615234,-12.4997110366821,"Unknown"
"5020568",370754,2026-05-04 19:36:30,28.8101577758789,-12.4894962310791,"Unknown"
"5020568",370754,2026-05-04 19:41:31,28.8095588684082,-12.4904489517212,"Unknown"
"5020568",370754,2026-05-04 19:46:32,28.8058986663818,-12.4991903305054,"Unknown"
"5020568",370754,2026-05-04 19:51:33,28.8051776885986,-12.5001974105835,"Unknown"
"5020568",370754,2026-05-04 19:56:31,28.7994174957275,-12.4974069595337,"Unknown"
"5020568",370754,2026-05-04 20:01:57,28.7952861785889,-12.4947061538696,"Unknown"
"5020568",370754,2026-05-04 20:06:28,28.79469871521,-12.4955196380615,"Unknown"
"5020568",370754,2026-05-04 20:11:28,28.7939891815186,-12.4963645935059,"Unknown"
"5020568",370754,2026-05-04 20:16:29,28.7932548522949,-12.4972152709961,"Unknown"
"5020568",370754,2026-05-04 20:21:29,28.7924957275391,-12.4981079101562,"Unknown"
"5020568",370754,2026-05-04 20:26:28,28.7917499542236,-12.4989643096924,"Unknown"
"5020568",370754,2026-05-04 20:31:29,28.7910346984863,-12.4999647140503,"Unknown"
"5020568",370754,2026-05-04 20:36:28,28.7903270721436,-12.5009651184082,"Unknown"
"5020568",370754,2026-05-04 20:41:28,28.7800559997559,-12.4904670715332,"Unknown"
"5020568",370754,2026-05-04 20:46:29,28.7794342041016,-12.491397857666,"Unknown"
"5020568",370754,2026-05-04 20:51:29,28.7787704467773,-12.4922542572021,"Unknown"
"5020568",370754,2026-05-04 20:56:30,28.7781085968018,-12.4930849075317,"Unknown"
"5020568",370754,2026-05-04 21:01:29,28.7774715423584,-12.493935585022,"Unknown"
"5020568",370754,2026-05-04 21:06:31,28.7767524719238,-12.4948854446411,"Unknown"
"5020568",370754,2026-05-04 21:11:30,28.7760543823242,-12.4957895278931,"Unknown"
"5020568",370754,2026-05-04 21:16:30,28.7753353118896,-12.4967250823975,"Unknown"
"5020568",370754,2026-05-04 21:21:30,28.7746124267578,-12.4975833892822,"Unknown"
"5020568",370754,2026-05-04 21:26:30,28.7739295959473,-12.4984922409058,"Unknown"
"5020568",370754,2026-05-04 21:31:30,28.7732906341553,-12.4994144439697,"Unknown"
"5020568",370754,2026-05-04 21:36:30,28.7727031707764,-12.5003995895386,"Unknown"
"5020568",370754,2026-05-04 21:41:29,28.7721519470215,-12.5013570785522,"Unknown"
"5020568",370754,2026-05-04 21:46:31,28.7715682983398,-12.5022830963135,"Unknown"
"5020568",370754,2026-05-04 21:51:34,28.771017074585,-12.5032510757446,"Unknown"
"5020568",370754,2026-05-04 21:56:47,28.7705020904541,-12.5042562484741,"Unknown"
"5020568",370754,2026-05-04 22:01:29,28.7700138092041,-12.5051193237305,"Unknown"
"5020568",370754,2026-05-04 22:06:29,28.7694549560547,-12.5060577392578,"Unknown"
"5020568",370754,2026-05-04 22:11:31,28.7689056396484,-12.5069255828857,"Unknown"
"5020568",370754,2026-05-04 22:16:30,28.7683525085449,-12.5077877044678,"Unknown"
"5020568",370754,2026-05-04 22:21:32,28.7679328918457,-12.5087871551514,"Unknown"
"5020568",370754,2026-05-04 22:26:32,28.7675323486328,-12.5097208023071,"Unknown"
"5020568",370754,2026-05-04 22:31:31,28.7671661376953,-12.5106029510498,"Unknown"
"5020568",370754,2026-05-04 22:36:33,28.7667236328125,-12.5114374160767,"Unknown"
"5020568",370754,2026-05-04 22:41:30,28.7663631439209,-12.5122556686401,"Unknown"
"5020568",370754,2026-05-04 22:46:32,28.7660541534424,-12.5130777359009,"Unknown"
"5020568",370754,2026-05-04 22:51:32,28.7650165557861,-12.5104513168335,"Unknown"
"5020568",370754,2026-05-04 22:56:39,28.7646484375,-12.511212348938,"Unknown"
"5020568",370754,2026-05-04 23:01:40,28.7642955780029,-12.5119562149048,"Unknown"
"5020568",370754,2026-05-04 23:06:57,28.763952255249,-12.5127286911011,"Unknown"
"5020568",370754,2026-05-04 23:16:19,28.754508972168,-12.5049114227295,"Unknown"
"5020568",370754,2026-05-04 23:21:19,28.7475147247314,-12.4980316162109,"Unknown"
"5020568",370754,2026-05-04 23:26:19,28.7470798492432,-12.4988479614258,"Unknown"
"5020568",370754,2026-05-04 23:31:20,28.7465648651123,-12.4996662139893,"Unknown"
"5020568",370754,2026-05-04 23:36:20,28.7461242675781,-12.5003080368042,"Unknown"
"5020568",370754,2026-05-04 23:41:19,28.7456188201904,-12.5009260177612,"Unknown"
"5020568",370754,2026-05-04 23:46:19,28.7416706085205,-12.4854564666748,"Unknown"
"5020568",370754,2026-05-04 23:51:19,28.7360153198242,-12.4641675949097,"Unknown"
"5020568",370754,2026-05-04 23:56:19,28.7353248596191,-12.4647302627563,"Unknown"
"5020568",370754,2026-05-05 00:01:19,28.7346439361572,-12.4651985168457,"Unknown"
"5020568",370754,2026-05-05 00:06:19,28.726526260376,-12.4425716400146,"Unknown"
"5020568",370754,2026-05-05 00:11:19,28.7225666046143,-12.4377927780151,"Unknown"
"5020568",370754,2026-05-05 00:16:22,28.7217464447021,-12.4380235671997,"Unknown"
"5020568",370754,2026-05-05 00:21:21,28.7209186553955,-12.4381828308105,"Unknown"
"5020568",370754,2026-05-05 00:26:19,28.7161083221436,-12.4181957244873,"Unknown"
"5020568",370754,2026-05-05 00:31:20,28.7087249755859,-12.3914108276367,"Unknown"
"5020568",370754,2026-05-05 00:36:22,28.7066078186035,-12.3791427612305,"Unknown"
"5020568",370754,2026-05-05 00:41:22,28.7061958312988,-12.3795938491821,"Unknown"
"5020568",370754,2026-05-05 00:47:17,28.7009868621826,-12.3595972061157,"Unknown"
"5020568",370754,2026-05-05 00:51:20,28.6971244812012,-12.3358898162842,"Unknown"
"5020568",370754,2026-05-05 00:56:24,28.6897926330566,-12.3176860809326,"Unknown"
"5020568",370754,2026-05-05 01:01:22,28.6891002655029,-12.3181591033936,"Unknown"
"5020568",370754,2026-05-05 01:06:25,28.688419342041,-12.3186197280884,"Unknown"
"5020568",370754,2026-05-05 01:11:24,28.6878280639648,-12.3191118240356,"Unknown"
"5020568",370754,2026-05-05 01:16:21,28.6872482299805,-12.319616317749,"Unknown"
"5020568",370754,2026-05-05 01:21:23,28.6866664886475,-12.3200149536133,"Unknown"
"5020568",370754,2026-05-05 01:26:29,28.6860599517822,-12.3205595016479,"Unknown"
"5020568",370754,2026-05-05 01:31:29,28.6856155395508,-12.3210372924805,"Unknown"
"5020568",370754,2026-05-05 01:37:45,28.6842708587646,-12.3158330917358,"Unknown"
"5020568",370754,2026-05-05 01:41:47,28.6852321624756,-12.3166828155518,"Unknown"
"5020568",370754,2026-05-05 01:46:19,28.683967590332,-12.3117914199829,"Unknown"
"5020568",370754,2026-05-05 01:51:24,28.6788463592529,-12.284158706665,"Unknown"
"5020568",370754,2026-05-05 01:56:18,28.6749973297119,-12.2617568969727,"Unknown"
"5020568",370754,2026-05-05 02:01:18,28.6707820892334,-12.2510223388672,"Unknown"
"5020568",370754,2026-05-05 02:06:19,28.6702003479004,-12.2516212463379,"Unknown"
"5020568",370754,2026-05-05 02:11:22,28.6696605682373,-12.2523164749146,"Unknown"
"5020568",370754,2026-05-05 02:16:19,28.6728820800781,-12.2522459030151,"Unknown"
"5020568",370754,2026-05-05 02:21:19,28.6714992523193,-12.2491331100464,"Unknown"
"5020568",370754,2026-05-05 02:26:19,28.6708011627197,-12.2490682601929,"Unknown"
"5020568",370754,2026-05-05 02:31:22,28.6687049865723,-12.2433423995972,"Unknown"
"5020568",370754,2026-05-05 02:36:23,28.6680946350098,-12.243860244751,"Unknown"
"5020568",370754,2026-05-05 02:41:22,28.6675262451172,-12.2444267272949,"Unknown"
"5020568",370754,2026-05-05 02:46:25,28.675910949707,-12.2561750411987,"Unknown"
"5020568",370754,2026-05-05 02:51:51,28.6754016876221,-12.2568511962891,"Unknown"
"5020568",370754,2026-05-05 02:56:19,28.6750221252441,-12.2574310302734,"Unknown"
"5020568",370754,2026-05-05 03:01:20,28.6746482849121,-12.2580633163452,"Unknown"
"5020568",370754,2026-05-05 03:06:19,28.6742992401123,-12.2587633132935,"Unknown"
"5020568",370754,2026-05-05 03:16:19,28.6735706329346,-12.2602052688599,"Unknown"
"5020568",370754,2026-05-05 03:21:19,28.6732387542725,-12.2608938217163,"Unknown"
"5020568",370754,2026-05-05 03:26:19,28.672945022583,-12.2616119384766,"Unknown"
"5020568",370754,2026-05-05 03:31:20,28.6726188659668,-12.2624006271362,"Unknown"
"5020568",370754,2026-05-05 03:36:20,28.6722393035889,-12.2630786895752,"Unknown"
"5020568",370754,2026-05-05 03:41:19,28.6705665588379,-12.2620258331299,"Unknown"
"5020568",370754,2026-05-05 03:46:19,28.6790370941162,-12.2652816772461,"Unknown"
"5020568",370754,2026-05-05 03:51:20,28.6791591644287,-12.2656850814819,"Unknown"
"5020568",370754,2026-05-05 03:56:19,28.6787910461426,-12.2664127349854,"Unknown"
"5020568",370754,2026-05-05 04:01:19,28.678524017334,-12.2673501968384,"Unknown"
"5020568",370754,2026-05-05 04:06:19,28.6782894134521,-12.2679882049561,"Unknown"
"5020568",370754,2026-05-05 04:11:21,28.6780014038086,-12.2687397003174,"Unknown"
"5020568",370754,2026-05-05 04:16:19,28.6776542663574,-12.2695894241333,"Unknown"
"5020568",370754,2026-05-05 04:21:20,28.6773834228516,-12.2705526351929,"Unknown"
"5020568",370754,2026-05-05 04:26:20,28.6771430969238,-12.2715253829956,"Unknown"
"5020568",370754,2026-05-05 04:31:21,28.6769638061523,-12.2726030349731,"Unknown"
"5020568",370754,2026-05-05 04:36:19,28.6767349243164,-12.2737894058228,"Unknown"
"5020568",370754,2026-05-05 04:41:20,28.6765003204346,-12.2748727798462,"Unknown"
"5020568",370754,2026-05-05 04:46:22,28.6762313842773,-12.2759599685669,"Unknown"
"5020568",370754,2026-05-05 04:51:19,28.6759815216064,-12.2771072387695,"Unknown"
"5020568",370754,2026-05-05 04:56:21,28.676233291626,-12.2793598175049,"Unknown"
"5020568",370754,2026-05-05 05:02:45,28.6803398132324,-12.2793254852295,"Unknown"
"5020568",370754,2026-05-05 05:07:45,28.6785049438477,-12.2735385894775,"Unknown"
"5020568",370754,2026-05-05 05:12:45,28.6841564178467,-12.2789726257324,"Unknown"
"5020568",370754,2026-05-05 05:17:17,28.6875972747803,-12.2735834121704,"Unknown"
"5020568",370754,2026-05-05 05:21:19,28.6876525878906,-12.2746849060059,"Unknown"
"5020568",370754,2026-05-05 05:26:19,28.6876964569092,-12.2760000228882,"Unknown"
"5020568",370754,2026-05-05 05:31:19,28.6877822875977,-12.2773971557617,"Unknown"
"5020568",370754,2026-05-05 05:36:18,28.6879119873047,-12.2787656784058,"Unknown"
"5020568",370754,2026-05-05 05:41:18,28.6881122589111,-12.2802438735962,"Unknown"
"5020568",370754,2026-05-05 05:46:21,28.688196182251,-12.2812204360962,"Unknown"
"5020568",370754,2026-05-05 05:51:19,28.688045501709,-12.281795501709,"Unknown"
"5020568",370754,2026-05-05 05:56:20,28.6880054473877,-12.2825393676758,"Unknown"
"5020568",370754,2026-05-05 06:01:20,28.6879653930664,-12.2832794189453,"Unknown"
"5020568",370754,2026-05-05 06:06:21,28.6880493164062,-12.2841320037842,"Unknown"
"5020568",370754,2026-05-05 06:11:20,28.6880226135254,-12.2848215103149,"Unknown"
"5020568",370754,2026-05-05 06:16:21,28.6893043518066,-12.3008480072021,"Unknown"
"5020568",370754,2026-05-05 06:21:20,28.6978797912598,-12.3361129760742,"Unknown"
"5020568",370754,2026-05-05 06:26:20,28.7125988006592,-12.3682746887207,"Unknown"
"5020568",370754,2026-05-05 06:31:20,28.72780418396,-12.3989696502686,"Unknown"
"5020568",370754,2026-05-05 06:36:20,28.745267868042,-12.4263210296631,"Unknown"
"5020568",370754,2026-05-05 06:41:19,28.7640724182129,-12.4464416503906,"Unknown"
"5020568",370754,2026-05-05 06:46:18,28.7789192199707,-12.4783267974854,"Unknown"
"5020568",370754,2026-05-05 06:51:21,28.8003826141357,-12.5007801055908,"Unknown"
"5020568",370754,2026-05-05 06:56:20,28.8116416931152,-12.5071401596069,"Unknown"
"5020568",370754,2026-05-05 07:01:25,28.8141460418701,-12.5085554122925,"Unknown"
"5020568",370754,2026-05-05 07:06:22,28.8139095306396,-12.5093393325806,"Unknown"
"5020568",370754,2026-05-05 07:16:21,28.8060111999512,-12.5470705032349,"Unknown"
"5020568",370754,2026-05-05 07:21:23,28.8098754882812,-12.5695991516113,"Unknown"
"5020568",370754,2026-05-05 07:27:45,28.8158626556396,-12.5600633621216,"Unknown"
"5020568",370754,2026-05-05 07:31:47,28.8177547454834,-12.5562257766724,"Unknown"
"5020568",370754,2026-05-05 07:36:24,28.8242797851562,-12.5506906509399,"Unknown"
"5020568",370754,2026-05-05 07:41:21,28.8263206481934,-12.5471277236938,"Unknown"
"5020568",370754,2026-05-05 07:46:20,28.83620262146,-12.5466413497925,"Unknown"
"5020568",370754,2026-05-05 07:51:22,28.8382740020752,-12.5342512130737,"Unknown"
"5020568",370754,2026-05-05 07:56:19,28.8408985137939,-12.5216541290283,"Unknown"
"5020568",370754,2026-05-05 08:02:27,28.8476390838623,-12.5133752822876,"Unknown"
"5020568",370754,2026-05-05 08:06:19,28.8505096435547,-12.5074911117554,"Unknown"
"5020568",370754,2026-05-05 08:11:21,28.8557090759277,-12.5216283798218,"Unknown"
"5020568",370754,2026-05-05 08:16:19,28.8556880950928,-12.5226249694824,"Unknown"
"5020568",370754,2026-05-05 08:21:21,28.8554553985596,-12.5236644744873,"Unknown"
"5020568",370754,2026-05-05 08:26:21,28.8552093505859,-12.5247058868408,"Unknown"
"5020568",370754,2026-05-05 08:31:25,28.8550472259521,-12.5257654190063,"Unknown"
"5020568",370754,2026-05-05 08:36:25,28.854850769043,-12.5268564224243,"Unknown"
"5020568",370754,2026-05-05 08:41:20,28.8545913696289,-12.5277481079102,"Unknown"
"5020568",370754,2026-05-05 08:46:20,28.8543167114258,-12.5286312103271,"Unknown"
"5020568",370754,2026-05-05 08:51:20,28.854040145874,-12.529483795166,"Unknown"
"5020568",370754,2026-05-05 08:56:24,28.8537445068359,-12.5303449630737,"Unknown"
"5020568",370754,2026-05-05 09:01:19,28.8534526824951,-12.5312061309814,"Unknown"
"5020568",370754,2026-05-05 09:06:20,28.8532314300537,-12.5321388244629,"Unknown"
"5020568",370754,2026-05-05 09:11:20,28.8530788421631,-12.5330247879028,"Unknown"
"5020568",370754,2026-05-05 09:16:19,28.8529148101807,-12.5340566635132,"Unknown"
"5020568",370754,2026-05-05 09:21:24,28.854850769043,-12.5329456329346,"Unknown"
"5020568",370754,2026-05-05 09:26:22,28.8546314239502,-12.5338306427002,"Unknown"
"5020568",370754,2026-05-05 09:31:20,28.8543815612793,-12.5347166061401,"Unknown"
"5020568",370754,2026-05-05 09:36:21,28.8541812896729,-12.5356550216675,"Unknown"
"5020568",370754,2026-05-05 09:41:20,28.8539962768555,-12.5366201400757,"Unknown"
"5020568",370754,2026-05-05 09:46:22,28.8537483215332,-12.5375356674194,"Unknown"
"5020568",370754,2026-05-05 09:51:47,28.8534832000732,-12.5386009216309,"Unknown"
"5020568",370754,2026-05-05 09:56:20,28.8532810211182,-12.5395259857178,"Unknown"
"5020568",370754,2026-05-05 10:01:22,28.8531360626221,-12.5405673980713,"Unknown"
"5020568",370754,2026-05-05 10:06:24,28.8530158996582,-12.5415258407593,"Unknown"
"5020568",370754,2026-05-05 10:11:20,28.8528842926025,-12.5424251556396,"Unknown"
"5020568",370754,2026-05-05 10:16:20,28.8528156280518,-12.5433416366577,"Unknown"
"5020568",370754,2026-05-05 10:21:20,28.8527297973633,-12.5442399978638,"Unknown"
"5020568",370754,2026-05-05 10:26:21,28.8525619506836,-12.5450315475464,"Unknown"
"5020568",370754,2026-05-05 10:31:19,28.8523406982422,-12.5458097457886,"Unknown"
"5020568",370754,2026-05-05 10:36:19,28.8520984649658,-12.5466442108154,"Unknown"
"5020568",370754,2026-05-05 10:41:22,28.8519229888916,-12.5474834442139,"Unknown"
"5020568",370754,2026-05-05 10:46:19,28.8517913818359,-12.5483312606812,"Unknown"
"5020568",370754,2026-05-05 10:51:19,28.8516616821289,-12.5490942001343,"Unknown"
"5020568",370754,2026-05-05 10:56:19,28.8514404296875,-12.5498294830322,"Unknown"
"5020568",370754,2026-05-05 11:01:19,28.8511772155762,-12.550630569458,"Unknown"
"5020568",370754,2026-05-05 11:06:19,28.8509826660156,-12.5514440536499,"Unknown"
"5020568",370754,2026-05-05 11:16:21,28.8506050109863,-12.5529747009277,"Unknown"
"5020568",370754,2026-05-05 11:21:20,28.8505439758301,-12.5537357330322,"Unknown"
"5020568",370754,2026-05-05 11:26:21,28.8504638671875,-12.5545816421509,"Unknown"
"5020568",370754,2026-05-05 11:31:21,28.8502731323242,-12.5553960800171,"Unknown"
"5020568",370754,2026-05-05 11:36:21,28.8500270843506,-12.5560874938965,"Unknown"
"5020568",370754,2026-05-05 11:41:21,28.849781036377,-12.5568037033081,"Unknown"
"5020568",370754,2026-05-05 11:46:23,28.8495273590088,-12.5575017929077,"Unknown"
"5020568",370754,2026-05-05 11:51:25,28.8493137359619,-12.5581817626953,"Unknown"
"5020568",370754,2026-05-05 11:56:21,28.8369674682617,-12.5742063522339,"Unknown"
"5020568",370754,2026-05-05 12:01:46,28.8337478637695,-12.5782508850098,"Unknown"
"5020568",370754,2026-05-05 12:06:17,28.8332748413086,-12.5787010192871,"Unknown"
"5020568",370754,2026-05-05 12:11:20,28.834192276001,-12.5808963775635,"Unknown"
"5020568",370754,2026-05-05 12:16:17,28.8347721099854,-12.5824012756348,"Unknown"
"5020568",370754,2026-05-05 12:21:17,28.8348197937012,-12.5841159820557,"Unknown"
"5020568",370754,2026-05-05 12:26:21,28.8345069885254,-12.5848035812378,"Unknown"
"5020568",370754,2026-05-05 12:31:19,28.8415126800537,-12.5837669372559,"Unknown"
"5020568",370754,2026-05-05 12:36:21,28.8430843353271,-12.5766086578369,"Unknown"
"5020568",370754,2026-05-05 12:41:23,28.8440322875977,-12.5751171112061,"Unknown"
"5020568",370754,2026-05-05 12:46:21,28.8499011993408,-12.5664262771606,"Unknown"
"5020568",370754,2026-05-05 12:51:22,28.8492794036865,-12.5615577697754,"Unknown"
"5020568",370754,2026-05-05 12:56:21,28.848653793335,-12.5582752227783,"Unknown"
"5020568",370754,2026-05-05 13:01:22,28.8480739593506,-12.5588417053223,"Unknown"
"5020568",370754,2026-05-05 13:06:24,28.8472766876221,-12.5552015304565,"Unknown"
"5020568",370754,2026-05-05 13:11:22,28.8493576049805,-12.5432910919189,"Unknown"
"5020568",370754,2026-05-05 13:16:19,28.8489322662354,-12.5437593460083,"Unknown"
"5020568",370754,2026-05-05 13:21:28,28.8483219146729,-12.5441856384277,"Unknown"
"5020568",370754,2026-05-05 13:26:22,28.847448348999,-12.5438318252563,"Unknown"
"5020568",370754,2026-05-05 13:31:22,28.8160400390625,-12.5401163101196,"Unknown"
"5020568",370754,2026-05-05 13:36:26,28.8102512359619,-12.5559272766113,"Unknown"
"5020568",370754,2026-05-05 13:48:11,28.8005084991455,-12.5439577102661,"Unknown"
"5020568",370754,2026-05-05 13:52:06,28.8001518249512,-12.5441780090332,"Unknown"
"5020568",370754,2026-05-05 13:57:06,28.7995910644531,-12.5443735122681,"Unknown"
"5020568",370754,2026-05-05 14:02:07,28.8039093017578,-12.5384244918823,"Unknown"
"5020568",370754,2026-05-05 14:07:09,28.8143768310547,-12.5302810668945,"Unknown"
"5020568",370754,2026-05-05 14:12:10,28.8235416412354,-12.5195188522339,"Unknown"
"5020568",370754,2026-05-05 14:17:11,28.8274784088135,-12.5196313858032,"Unknown"
"5020568",370754,2026-05-05 14:22:07,28.8276748657227,-12.5204706192017,"Unknown"
"5020568",370754,2026-05-05 14:27:07,28.8273086547852,-12.5210275650024,"Unknown"
"5020568",370754,2026-05-05 14:32:06,28.8345050811768,-12.5244760513306,"Unknown"
"5020568",370754,2026-05-05 14:37:07,28.8400020599365,-12.5244445800781,"Unknown"
"5020568",370754,2026-05-05 14:42:10,28.8454723358154,-12.5190906524658,"Unknown"
"5020568",370754,2026-05-05 14:47:06,28.849681854248,-12.5215473175049,"Unknown"
"5020568",370754,2026-05-05 14:52:12,28.849271774292,-12.5220727920532,"Unknown"
"5020568",370754,2026-05-05 14:57:10,28.8490657806396,-12.5227708816528,"Unknown"
"5020568",370754,2026-05-05 15:03:03,28.8477230072021,-12.5182695388794,"Unknown"
"5020568",370754,2026-05-05 15:07:07,28.8463726043701,-12.5237531661987,"Unknown"
"5020568",370754,2026-05-05 15:16:19,28.8553733825684,-12.576584815979,"Unknown"
"5020568",370754,2026-05-05 15:21:18,28.8609390258789,-12.6077547073364,"Unknown"
"5020568",370754,2026-05-05 15:26:20,28.8647499084473,-12.6404905319214,"Unknown"
"5020568",370754,2026-05-05 15:31:19,28.8650989532471,-12.6497573852539,"Unknown"
"5020568",370754,2026-05-05 15:36:20,28.873025894165,-12.6571102142334,"Unknown"
"5020568",370754,2026-05-05 15:41:19,28.8810882568359,-12.6552600860596,"Unknown"
"5020568",370754,2026-05-05 15:46:19,28.8840255737305,-12.650411605835,"Unknown"
"5020568",370754,2026-05-05 15:51:24,28.8865604400635,-12.6489601135254,"Unknown"
"5020568",370754,2026-05-05 15:56:21,28.886812210083,-12.6492700576782,"Unknown"
"5020568",370754,2026-05-05 16:01:21,28.8871154785156,-12.6496257781982,"Unknown"
"5020568",370754,2026-05-05 16:06:21,28.8872108459473,-12.6500024795532,"Unknown"
"5020568",370754,2026-05-05 16:11:21,28.8872833251953,-12.6505270004272,"Unknown"
"5020568",370754,2026-05-05 16:16:21,28.887336730957,-12.6509399414062,"Unknown"
"5020568",370754,2026-05-05 16:21:21,28.8873233795166,-12.651219367981,"Unknown"
"5020568",370754,2026-05-05 16:26:21,28.8873329162598,-12.6515617370605,"Unknown"
"5020568",370754,2026-05-05 16:31:21,28.8872585296631,-12.6518020629883,"Unknown"
"5020568",370754,2026-05-05 16:36:22,28.8872985839844,-12.6521024703979,"Unknown"
"5020568",370754,2026-05-05 16:41:22,28.8872947692871,-12.6524868011475,"Unknown"
"5020568",370754,2026-05-05 16:46:22,28.8872814178467,-12.6527528762817,"Unknown"
"5020568",370754,2026-05-05 16:51:21,28.8873443603516,-12.6531810760498,"Unknown"
"5020568",370754,2026-05-05 16:56:23,28.8873672485352,-12.6537027359009,"Unknown"
"5020568",370754,2026-05-05 17:01:22,28.8873176574707,-12.6542453765869,"Unknown"
"5020568",370754,2026-05-05 17:06:22,28.8921794891357,-12.6589374542236,"Unknown"
"5020568",370754,2026-05-05 17:11:22,28.8970317840576,-12.6566066741943,"Unknown"
"5020568",370754,2026-05-05 17:16:22,28.9000015258789,-12.6510019302368,"Unknown"
"5020568",370754,2026-05-05 17:22:03,28.9026374816895,-12.643458366394,"Unknown"
"5020568",370754,2026-05-05 17:26:22,28.8997402191162,-12.646445274353,"Unknown"
"5020568",370754,2026-05-05 17:31:22,28.9014682769775,-12.6516990661621,"Unknown"
"5020568",370754,2026-05-05 17:36:21,28.9053726196289,-12.6567878723145,"Unknown"
"5020568",370754,2026-05-05 17:41:22,28.90989112854,-12.6609010696411,"Unknown"
"5020568",370754,2026-05-05 17:47:46,28.9259223937988,-12.66481590271,"Unknown"
"5020568",370754,2026-05-05 17:51:47,28.9293823242188,-12.6695146560669,"Unknown"
"5020568",370754,2026-05-05 17:56:21,28.930736541748,-12.6728792190552,"Unknown"
"5020568",370754,2026-05-05 18:01:21,28.9218921661377,-12.656928062439,"Unknown"
"5020568",370754,2026-05-05 18:06:21,28.9046764373779,-12.627836227417,"Unknown"
"5020568",370754,2026-05-05 18:11:22,28.891487121582,-12.5987253189087,"Unknown"
"5020568",370754,2026-05-05 18:16:21,28.8775234222412,-12.5708379745483,"Unknown"
"5020568",370754,2026-05-05 18:21:21,28.8611297607422,-12.5420036315918,"Unknown"
"5020568",370754,2026-05-05 18:26:21,28.8417987823486,-12.5128202438354,"Unknown"
"5020568",370754,2026-05-05 18:31:21,28.8228168487549,-12.4935302734375,"Unknown"
"5020568",370754,2026-05-05 18:36:22,28.807056427002,-12.4660844802856,"Unknown"
"5020568",370754,2026-05-05 18:41:21,28.7944259643555,-12.4357013702393,"Unknown"
"5020568",370754,2026-05-05 18:46:21,28.8016109466553,-12.4285459518433,"Unknown"
"5020568",370754,2026-05-05 18:51:21,28.8043594360352,-12.4280939102173,"Unknown"
"5020568",370754,2026-05-05 18:56:21,28.7932167053223,-12.4037370681763,"Unknown"
"5020568",370754,2026-05-05 19:01:21,28.7793922424316,-12.3736619949341,"Unknown"
"5020568",370754,2026-05-05 19:06:21,28.7731304168701,-12.3535938262939,"Unknown"
"5020568",370754,2026-05-05 19:16:20,28.7558555603027,-12.326470375061,"Unknown"
"5020568",370754,2026-05-05 19:21:20,28.7582969665527,-12.3520135879517,"Unknown"
"5020568",370754,2026-05-05 19:26:18,28.7652816772461,-12.3613023757935,"Unknown"
"5020568",370754,2026-05-05 19:31:18,28.7714462280273,-12.3767919540405,"Unknown"
"5020568",370754,2026-05-05 19:57:32,28.6747665405273,-12.3243923187256,"Unknown"
"5020568",370754,2026-05-05 20:01:18,28.6625213623047,-12.3092880249023,"Unknown"
"5020568",370754,2026-05-05 20:06:19,28.6579742431641,-12.2993583679199,"Unknown"
"5020568",370754,2026-05-05 20:11:18,28.6562900543213,-12.2992715835571,"Unknown"
"5020568",370754,2026-05-05 20:16:18,28.6415557861328,-12.279257774353,"Unknown"
"5020568",370754,2026-05-05 20:21:18,28.6407718658447,-12.2802133560181,"Unknown"
"5020568",370754,2026-05-05 20:26:18,28.6399421691895,-12.2811632156372,"Unknown"
"5020568",370754,2026-05-05 20:31:18,28.6390972137451,-12.2819328308105,"Unknown"
"5020568",370754,2026-05-05 20:36:18,28.6382122039795,-12.2827644348145,"Unknown"
"5020568",370754,2026-05-05 20:41:18,28.6373615264893,-12.2835712432861,"Unknown"
"5020568",370754,2026-05-05 20:46:18,28.6365528106689,-12.2844772338867,"Unknown"
"5020568",370754,2026-05-05 20:51:18,28.6358108520508,-12.2855672836304,"Unknown"
"5020568",370754,2026-05-05 20:56:18,28.6350173950195,-12.2865581512451,"Unknown"
"5020568",370754,2026-05-05 21:01:18,28.6342620849609,-12.2874765396118,"Unknown"
"5020568",370754,2026-05-05 21:06:18,28.633451461792,-12.2882947921753,"Unknown"
"5020568",370754,2026-05-05 21:11:19,28.6325969696045,-12.2892084121704,"Unknown"
"5020568",370754,2026-05-05 21:16:19,28.631742477417,-12.2900285720825,"Unknown"
"5020568",370754,2026-05-05 21:21:19,28.6308937072754,-12.2908449172974,"Unknown"
"5020568",370754,2026-05-05 21:26:19,28.6300487518311,-12.2917165756226,"Unknown"
"5020568",370754,2026-05-05 21:31:18,28.6292495727539,-12.2927570343018,"Unknown"
"5020568",370754,2026-05-05 21:36:18,28.6284999847412,-12.2938117980957,"Unknown"
"5020568",370754,2026-05-05 21:41:18,28.6277275085449,-12.2948541641235,"Unknown"
"5020568",370754,2026-05-05 21:46:19,28.6273517608643,-12.2961940765381,"Unknown"
"5020568",370754,2026-05-05 21:51:18,28.626522064209,-12.2971210479736,"Unknown"
"5020568",370754,2026-05-05 21:56:18,28.6256809234619,-12.2980480194092,"Unknown"
"5020568",370754,2026-05-05 22:01:46,28.6245765686035,-12.2987575531006,"Unknown"
"5020568",370754,2026-05-05 22:06:18,28.6160526275635,-12.2943801879883,"Unknown"
"5020568",370754,2026-05-05 22:11:18,28.6117916107178,-12.2908382415771,"Unknown"
"5020568",370754,2026-05-05 22:16:17,28.6108169555664,-12.2917709350586,"Unknown"
"5020568",370754,2026-05-05 22:21:17,28.6097812652588,-12.2927007675171,"Unknown"
"5020568",370754,2026-05-05 22:26:18,28.6087226867676,-12.2935800552368,"Unknown"
"5020568",370754,2026-05-05 22:31:18,28.6078014373779,-12.2944326400757,"Unknown"
"5020568",370754,2026-05-05 22:36:18,28.6043224334717,-12.2918424606323,"Unknown"
"5020568",370754,2026-05-05 22:41:21,28.6033802032471,-12.2929649353027,"Unknown"
"5020568",370754,2026-05-05 22:46:47,28.602388381958,-12.2940349578857,"Unknown"
"5020568",370754,2026-05-05 22:51:17,28.6013011932373,-12.2940797805786,"Unknown"
"5020568",370754,2026-05-05 22:56:26,28.6003112792969,-12.2950325012207,"Unknown"
"5020568",370754,2026-05-05 23:01:18,28.59938621521,-12.2959270477295,"Unknown"
"5020568",370754,2026-05-05 23:06:21,28.598424911499,-12.2968444824219,"Unknown"
"5020568",370754,2026-05-05 23:16:19,28.5964756011963,-12.2986011505127,"Unknown"
"5020568",370754,2026-05-05 23:21:20,28.5955677032471,-12.2994918823242,"Unknown"
"5020568",370754,2026-05-05 23:26:19,28.5946655273438,-12.3004236221313,"Unknown"
"5020568",370754,2026-05-05 23:31:20,28.5937557220459,-12.3013324737549,"Unknown"
"5020568",370754,2026-05-05 23:36:28,28.5927982330322,-12.3022699356079,"Unknown"
"5020568",370754,2026-05-05 23:41:22,28.591983795166,-12.3031435012817,"Unknown"
"5020568",370754,2026-05-05 23:46:20,28.5911445617676,-12.30397605896,"Unknown"
"5020568",370754,2026-05-05 23:51:20,28.5903816223145,-12.3046598434448,"Unknown"
"5020568",370754,2026-05-05 23:56:22,28.588171005249,-12.3035182952881,"Unknown"
"5020568",370754,2026-05-06 00:01:22,28.5797481536865,-12.2945108413696,"Unknown"
"5020568",370754,2026-05-06 00:06:22,28.5743846893311,-12.2772407531738,"Unknown"
"5020568",370754,2026-05-06 00:11:22,28.5737113952637,-12.2778282165527,"Unknown"
"5020568",370754,2026-05-06 00:16:22,28.5728874206543,-12.2785387039185,"Unknown"
"5020568",370754,2026-05-06 00:21:22,28.5721130371094,-12.2793111801147,"Unknown"
"5020568",370754,2026-05-06 00:26:47,28.5644187927246,-12.2707347869873,"Unknown"
"5020568",370754,2026-05-06 00:31:20,28.5637340545654,-12.2716197967529,"Unknown"
"5020568",370754,2026-05-06 00:36:22,28.5629692077637,-12.2725458145142,"Unknown"
"5020568",370754,2026-05-06 00:41:18,28.562385559082,-12.273416519165,"Unknown"
"5020568",370754,2026-05-06 00:46:20,28.5618438720703,-12.2742938995361,"Unknown"
"5020568",370754,2026-05-06 00:51:21,28.5612869262695,-12.2751808166504,"Unknown"
"5020568",370754,2026-05-06 00:56:20,28.5607452392578,-12.2761611938477,"Unknown"
"5020568",370754,2026-05-06 01:01:19,28.5598220825195,-12.2761392593384,"Unknown"
"5020568",370754,2026-05-06 01:06:22,28.5556259155273,-12.2546405792236,"Unknown"
"5020568",370754,2026-05-06 01:11:21,28.5546169281006,-12.2552452087402,"Unknown"
"5020568",370754,2026-05-06 01:16:24,28.5539073944092,-12.2557954788208,"Unknown"
"5020568",370754,2026-05-06 01:21:20,28.5531673431396,-12.2563762664795,"Unknown"
"5020568",370754,2026-05-06 01:26:18,28.5513973236084,-12.238597869873,"Unknown"
"5020568",370754,2026-05-06 01:31:22,28.549373626709,-12.2309045791626,"Unknown"
"5020568",370754,2026-05-06 01:36:19,28.5446662902832,-12.2145748138428,"Unknown"
"5020568",370754,2026-05-06 01:41:19,28.5391731262207,-12.1890068054199,"Unknown"
"5020568",370754,2026-05-06 01:46:19,28.5385818481445,-12.1897420883179,"Unknown"
"5020568",370754,2026-05-06 01:51:19,28.5380973815918,-12.1905183792114,"Unknown"
"5020568",370754,2026-05-06 01:56:20,28.5375099182129,-12.1912851333618,"Unknown"
"5020568",370754,2026-05-06 02:01:19,28.5369682312012,-12.1920108795166,"Unknown"
"5020568",370754,2026-05-06 02:06:19,28.5364189147949,-12.1927795410156,"Unknown"
"5020568",370754,2026-05-06 02:11:22,28.5358390808105,-12.1936082839966,"Unknown"
"5020568",370754,2026-05-06 02:16:47,28.5352420806885,-12.1944160461426,"Unknown"
"5020568",370754,2026-05-06 02:21:21,28.534725189209,-12.1950235366821,"Unknown"
"5020568",370754,2026-05-06 02:26:22,28.5341014862061,-12.1956739425659,"Unknown"
"5020568",370754,2026-05-06 02:31:19,28.5334529876709,-12.1963577270508,"Unknown"
"5020568",370754,2026-05-06 02:36:20,28.5329074859619,-12.1970319747925,"Unknown"
"5020568",370754,2026-05-06 02:41:23,28.5323791503906,-12.1977529525757,"Unknown"
"5020568",370754,2026-05-06 02:46:20,28.5319137573242,-12.1985158920288,"Unknown"
"5020568",370754,2026-05-06 02:51:19,28.5279178619385,-12.18394947052,"Unknown"
"5020568",370754,2026-05-06 02:56:21,28.5231418609619,-12.1568574905396,"Unknown"
"5020568",370754,2026-05-06 03:01:22,28.5227546691895,-12.1397914886475,"Unknown"
"5020568",370754,2026-05-06 03:06:22,28.5215225219727,-12.1374387741089,"Unknown"
"5020568",370754,2026-05-06 03:16:22,28.5203838348389,-12.1391706466675,"Unknown"
"5020568",370754,2026-05-06 03:21:19,28.5198078155518,-12.1401205062866,"Unknown"
"5020568",370754,2026-05-06 03:26:19,28.5192642211914,-12.1410999298096,"Unknown"
"5020568",370754,2026-05-06 03:31:27,28.5187034606934,-12.1420345306396,"Unknown"
"5020568",370754,2026-05-06 03:36:19,28.5180644989014,-12.1427726745605,"Unknown"
"5020568",370754,2026-05-06 03:41:21,28.5174617767334,-12.1435432434082,"Unknown"
"5020568",370754,2026-05-06 03:46:24,28.5168590545654,-12.1443271636963,"Unknown"
"5020568",370754,2026-05-06 03:51:21,28.5162620544434,-12.1452007293701,"Unknown"
"5020568",370754,2026-05-06 03:56:21,28.515811920166,-12.1334686279297,"Unknown"
"5020568",370754,2026-05-06 04:01:26,28.5153961181641,-12.1169376373291,"Unknown"
"5020568",370754,2026-05-06 04:06:22,28.5147018432617,-12.1178073883057,"Unknown"
"5020568",370754,2026-05-06 04:11:27,28.5139865875244,-12.1187000274658,"Unknown"
"5020568",370754,2026-05-06 04:16:27,28.5132617950439,-12.1194982528687,"Unknown"
"5020568",370754,2026-05-06 04:21:24,28.5125675201416,-12.120304107666,"Unknown"
"5020568",370754,2026-05-06 04:26:24,28.5118179321289,-12.1211786270142,"Unknown"
"5020568",370754,2026-05-06 04:31:23,28.5109729766846,-12.1219387054443,"Unknown"
"5020568",370754,2026-05-06 04:36:26,28.5101070404053,-12.1228055953979,"Unknown"
"5020568",370754,2026-05-06 04:41:29,28.5094757080078,-12.1239032745361,"Unknown"
"5020568",370754,2026-05-06 04:46:26,28.5087623596191,-12.1249504089355,"Unknown"
"5020568",370754,2026-05-06 04:51:23,28.5080127716064,-12.1255893707275,"Unknown"
"5020568",370754,2026-05-06 04:57:44,28.506031036377,-12.1140489578247,"Unknown"
"5020568",370754,2026-05-06 05:01:51,28.5044479370117,-12.1043758392334,"Unknown"
"5020568",370754,2026-05-06 05:06:19,28.503776550293,-12.1052522659302,"Unknown"
"5020568",370754,2026-05-06 05:11:19,28.4980239868164,-12.0875225067139,"Unknown"
"5020568",370754,2026-05-06 05:16:19,28.4934463500977,-12.0661716461182,"Unknown"
"5020568",370754,2026-05-06 05:21:19,28.4868602752686,-12.0435943603516,"Unknown"
"5020568",370754,2026-05-06 05:26:19,28.4882698059082,-12.0256490707397,"Unknown"
"5020568",370754,2026-05-06 05:31:19,28.4991550445557,-12.0165462493896,"Unknown"
"5020568",370754,2026-05-06 05:36:19,28.5113620758057,-12.009202003479,"Unknown"
"5020568",370754,2026-05-06 05:41:19,28.52463722229,-12.0005235671997,"Unknown"
"5020568",370754,2026-05-06 05:46:19,28.5415344238281,-12.0135107040405,"Unknown"
"5020568",370754,2026-05-06 05:51:19,28.5569190979004,-12.0244026184082,"Unknown"
"5020568",370754,2026-05-06 05:56:18,28.5736656188965,-12.0408878326416,"Unknown"
"5020568",370754,2026-05-06 06:01:18,28.5874137878418,-12.0449419021606,"Unknown"
"5020568",370754,2026-05-06 06:06:19,28.6048469543457,-12.0638027191162,"Unknown"
"5020568",370754,2026-05-06 06:11:20,28.6214733123779,-12.0818195343018,"Unknown"
"5020568",370754,2026-05-06 06:16:19,28.6374416351318,-12.1044969558716,"Unknown"
"5020568",370754,2026-05-06 06:21:18,28.6534576416016,-12.1155996322632,"Unknown"
"5020568",370754,2026-05-06 06:26:18,28.6661148071289,-12.1438255310059,"Unknown"
"5020568",370754,2026-05-06 06:31:19,28.6771297454834,-12.1737632751465,"Unknown"
"5020568",370754,2026-05-06 06:36:19,28.6860771179199,-12.2079410552979,"Unknown"
"5020568",370754,2026-05-06 06:41:19,28.6949329376221,-12.2417821884155,"Unknown"
"5020568",370754,2026-05-06 06:46:19,28.7050704956055,-12.2747945785522,"Unknown"
"5020568",370754,2026-05-06 06:51:20,28.715368270874,-12.3083868026733,"Unknown"
"5020568",370754,2026-05-06 06:56:19,28.7268142700195,-12.3394021987915,"Unknown"
"5020568",370754,2026-05-06 07:01:19,28.734676361084,-12.3756628036499,"Unknown"
"5020568",370754,2026-05-06 07:06:19,28.7431964874268,-12.4114389419556,"Unknown"
"5020568",370754,2026-05-06 07:16:19,28.7639904022217,-12.4828882217407,"Unknown"
"5020568",370754,2026-05-06 07:21:21,28.7790222167969,-12.5013341903687,"Unknown"
"5020568",370754,2026-05-06 07:26:20,28.7930965423584,-12.5073976516724,"Unknown"
"5020568",370754,2026-05-06 07:31:51,28.7999076843262,-12.4988317489624,"Unknown"
"5020568",370754,2026-05-06 07:36:21,28.7976188659668,-12.4974632263184,"Unknown"
"5020568",370754,2026-05-06 07:41:20,28.7963523864746,-12.495810508728,"Unknown"
"5020568",370754,2026-05-06 07:46:19,28.7961444854736,-12.4967966079712,"Unknown"
"5020568",370754,2026-05-06 07:51:19,28.8083534240723,-12.5206909179688,"Unknown"
"5020568",370754,2026-05-06 07:56:19,28.8147811889648,-12.5567827224731,"Unknown"
"5020568",370754,2026-05-06 08:01:19,28.8251724243164,-12.5930051803589,"Unknown"
"5020568",370754,2026-05-06 08:06:22,28.8363952636719,-12.6241703033447,"Unknown"
"5020568",370754,2026-05-06 08:11:19,28.8471164703369,-12.6574039459229,"Unknown"
"5020568",370754,2026-05-06 08:16:19,28.8546905517578,-12.691463470459,"Unknown"
"5020568",370754,2026-05-06 08:21:21,28.8624744415283,-12.729284286499,"Unknown"
"5020568",370754,2026-05-06 08:26:20,28.8585357666016,-12.7539157867432,"Unknown"
"5020568",370754,2026-05-06 08:31:19,28.8681297302246,-12.7912950515747,"Unknown"
"5020568",370754,2026-05-06 08:36:19,28.8779315948486,-12.8288202285767,"Unknown"
"5020568",370754,2026-05-06 08:41:35,28.8859062194824,-12.8700170516968,"Unknown"
"5020568",370754,2026-05-06 08:46:19,28.888557434082,-12.8828954696655,"Unknown"
"5020568",370754,2026-05-06 08:51:19,28.8922348022461,-12.9123992919922,"Unknown"
"5020568",370754,2026-05-06 08:56:22,28.899169921875,-12.9507236480713,"Unknown"
"5020568",370754,2026-05-06 09:01:22,28.9103031158447,-12.9850482940674,"Unknown"
"5020568",370754,2026-05-06 09:06:19,28.9200057983398,-13.0196237564087,"Unknown"
"5020568",370754,2026-05-06 09:11:19,28.9317951202393,-13.0546503067017,"Unknown"
"5020568",370754,2026-05-06 09:16:19,28.9434700012207,-13.0885496139526,"Unknown"
"5020568",370754,2026-05-06 09:21:19,28.9565048217773,-13.1221265792847,"Unknown"
"5020568",370754,2026-05-06 09:26:20,28.9701919555664,-13.155797958374,"Unknown"
"5020568",370754,2026-05-06 09:31:19,28.981128692627,-13.1900224685669,"Unknown"
"5020568",370754,2026-05-06 09:36:22,28.9898891448975,-13.2261257171631,"Unknown"
"5020568",370754,2026-05-06 09:41:21,29.0002193450928,-13.2619104385376,"Unknown"
"5020568",370754,2026-05-06 09:46:21,29.0108089447021,-13.299015045166,"Unknown"
"5020568",370754,2026-05-06 09:51:22,29.0262107849121,-13.3308839797974,"Unknown"
"5020568",370754,2026-05-06 09:56:19,29.0391521453857,-13.364013671875,"Unknown"
"5020568",370754,2026-05-06 10:07:44,29.0624237060547,-13.4084014892578,"Unknown"
"5020568",370754,2026-05-06 10:12:44,29.0827617645264,-13.4176244735718,"Unknown"
"5020568",370754,2026-05-06 10:17:03,29.0984020233154,-13.4085502624512,"Unknown"
"5020568",370754,2026-05-06 10:21:19,29.1151733398438,-13.4027271270752,"Unknown"
"5020568",370754,2026-05-06 10:26:20,29.1361923217773,-13.4020185470581,"Unknown"
"5020568",370754,2026-05-06 10:31:19,29.1562423706055,-13.3982172012329,"Unknown"
"5020568",370754,2026-05-06 10:36:20,29.177547454834,-13.3926448822021,"Unknown"
"5020568",370754,2026-05-06 10:42:44,29.2049961090088,-13.3956604003906,"Unknown"
"5020568",370754,2026-05-06 10:46:47,29.2079181671143,-13.3966255187988,"Unknown"
"5020568",370754,2026-05-06 10:51:19,29.2081146240234,-13.3977365493774,"Unknown"
"5020568",370754,2026-05-06 10:56:22,29.2083702087402,-13.3986320495605,"Unknown"
"5020568",370754,2026-05-06 11:01:22,29.2144451141357,-13.4007272720337,"Unknown"
"5020568",370754,2026-05-06 11:06:21,29.2365226745605,-13.4014863967896,"Unknown"
"5020568",370754,2026-05-06 11:11:20,29.2447242736816,-13.3816833496094,"Unknown"
"5020568",370754,2026-05-06 11:16:19,29.2595062255859,-13.3685207366943,"Unknown"
"5020568",370754,2026-05-06 11:21:19,29.2707767486572,-13.3550958633423,"Unknown"
"5020568",370754,2026-05-06 11:26:20,29.2716102600098,-13.3404207229614,"Unknown"
"5020568",370754,2026-05-06 11:31:21,29.2723217010498,-13.3417358398438,"Unknown"
"5020568",370754,2026-05-06 11:36:22,29.2724990844727,-13.3425617218018,"Unknown"
"5020568",370754,2026-05-06 11:41:22,29.273006439209,-13.3440265655518,"Unknown"
"5020568",370754,2026-05-06 11:46:47,29.2741870880127,-13.344988822937,"Unknown"
"5020568",370754,2026-05-06 11:51:18,29.2748031616211,-13.3464870452881,"Unknown"
"5020568",370754,2026-05-06 11:56:19,29.2754898071289,-13.3479022979736,"Unknown"
"5020568",370754,2026-05-06 12:01:19,29.2705421447754,-13.3424606323242,"Unknown"
"5020568",370754,2026-05-06 12:06:19,29.2723293304443,-13.3376121520996,"Unknown"
"5020568",370754,2026-05-06 12:11:19,29.2707252502441,-13.3369340896606,"Unknown"
"5020568",370754,2026-05-06 12:16:19,29.2726650238037,-13.3404893875122,"Unknown"
"5020568",370754,2026-05-06 12:21:19,29.2738380432129,-13.3328609466553,"Unknown"
"5020568",370754,2026-05-06 12:26:19,29.2740287780762,-13.3334150314331,"Unknown"
"5020568",370754,2026-05-06 12:31:19,29.2736320495605,-13.3332347869873,"Unknown"
"5020568",370754,2026-05-06 12:36:21,29.2736167907715,-13.3296117782593,"Unknown"
"5020568",370754,2026-05-06 12:41:21,29.2774085998535,-13.3287591934204,"Unknown"
"5020568",370754,2026-05-06 12:46:19,29.2781715393066,-13.3234567642212,"Unknown"
"5020568",370754,2026-05-06 12:51:22,29.2786712646484,-13.3244714736938,"Unknown"
"5020568",370754,2026-05-06 12:56:19,29.2791957855225,-13.3253812789917,"Unknown"
"5020568",370754,2026-05-06 13:01:19,29.2797336578369,-13.3262739181519,"Unknown"
"5020568",370754,2026-05-06 13:06:19,29.280345916748,-13.3271455764771,"Unknown"
"5020568",370754,2026-05-06 13:11:23,29.2780647277832,-13.3284606933594,"Unknown"
"5020568",370754,2026-05-06 13:16:19,29.2810649871826,-13.3275699615479,"Unknown"
"5020568",370754,2026-05-06 13:21:22,29.2816562652588,-13.3284511566162,"Unknown"
"5020568",370754,2026-05-06 13:26:22,29.2926063537598,-13.3256769180298,"Unknown"
"5020568",370754,2026-05-06 13:31:19,29.3097038269043,-13.3132619857788,"Unknown"
"5020568",370754,2026-05-06 13:36:22,29.3261051177979,-13.3181209564209,"Unknown"
"5020568",370754,2026-05-06 13:41:22,29.3281230926514,-13.315863609314,"Unknown"
"5020568",370754,2026-05-06 13:46:21,29.3290863037109,-13.3162288665771,"Unknown"
"5020568",370754,2026-05-06 13:51:19,29.329906463623,-13.3166399002075,"Unknown"
"5020568",370754,2026-05-06 13:56:32,29.3308601379395,-13.3169450759888,"Unknown"
"5020568",370754,2026-05-06 14:01:46,29.3291816711426,-13.3156518936157,"Unknown"
"5020568",370754,2026-05-06 14:06:20,29.3301181793213,-13.3158397674561,"Unknown"
"5020568",370754,2026-05-06 14:11:22,29.3310508728027,-13.3157634735107,"Unknown"
"5020568",370754,2026-05-06 14:16:19,29.3318977355957,-13.3159494400024,"Unknown"
"5020568",370754,2026-05-06 14:21:26,29.3327198028564,-13.3162202835083,"Unknown"
"5020568",370754,2026-05-06 14:26:21,29.3334922790527,-13.3163871765137,"Unknown"
"5020568",370754,2026-05-06 14:31:23,29.3342838287354,-13.3164205551147,"Unknown"
"5020568",370754,2026-05-06 14:36:23,29.3350486755371,-13.3164205551147,"Unknown"
"5020568",370754,2026-05-06 14:41:24,29.3358535766602,-13.3165121078491,"Unknown"
"5020568",370754,2026-05-06 14:46:51,29.3366775512695,-13.3167486190796,"Unknown"
"5020568",370754,2026-05-06 14:51:19,29.3373470306396,-13.3169298171997,"Unknown"
"5020568",370754,2026-05-06 14:56:19,29.3380527496338,-13.3170557022095,"Unknown"
"5020568",370754,2026-05-06 15:01:19,29.3388328552246,-13.3170595169067,"Unknown"
"5020568",370754,2026-05-06 15:06:19,29.3396873474121,-13.3171586990356,"Unknown"
"5020568",370754,2026-05-06 15:11:20,29.3405303955078,-13.3171796798706,"Unknown"
"5020568",370754,2026-05-06 15:16:19,29.3477573394775,-13.3155822753906,"Unknown"
"5020568",370754,2026-05-06 15:21:20,29.3483791351318,-13.3154697418213,"Unknown"
"5020568",370754,2026-05-06 15:26:20,29.3491973876953,-13.3152351379395,"Unknown"
"5020568",370754,2026-05-06 15:31:20,29.3499984741211,-13.3150854110718,"Unknown"
"5020568",370754,2026-05-06 15:36:20,29.3564014434814,-13.3162403106689,"Unknown"
"5020568",370754,2026-05-06 15:41:19,29.35036277771,-13.2929449081421,"Unknown"
"5020568",370754,2026-05-06 15:46:20,29.3528175354004,-13.2909622192383,"Unknown"
"5020568",370754,2026-05-06 15:51:19,29.35715675354,-13.2776679992676,"Unknown"
"5020568",370754,2026-05-06 15:56:20,29.3730850219727,-13.2700347900391,"Unknown"
"5020568",370754,2026-05-06 16:01:20,29.3771705627441,-13.272084236145,"Unknown"
"5020568",370754,2026-05-06 16:06:20,29.3775234222412,-13.272572517395,"Unknown"
"5020568",370754,2026-05-06 16:11:20,29.3784236907959,-13.2720355987549,"Unknown"
"5020568",370754,2026-05-06 16:16:20,29.3807048797607,-13.2709684371948,"Unknown"
"5020568",370754,2026-05-06 16:21:20,29.3833408355713,-13.2723140716553,"Unknown"
"5020568",370754,2026-05-06 16:26:20,29.3857936859131,-13.2728967666626,"Unknown"
"5020568",370754,2026-05-06 16:31:20,29.3856391906738,-13.2732849121094,"Unknown"
"5020568",370754,2026-05-06 16:36:20,29.3968143463135,-13.2653322219849,"Unknown"
"5020568",370754,2026-05-06 16:41:20,29.4118175506592,-13.2615003585815,"Unknown"
"5020568",370754,2026-05-06 16:46:20,29.4287929534912,-13.2608337402344,"Unknown"
"5020568",370754,2026-05-06 16:51:21,29.4490242004395,-13.2719507217407,"Unknown"
"5020568",370754,2026-05-06 16:56:21,29.4671325683594,-13.280252456665,"Unknown"
"5020568",370754,2026-05-06 17:01:22,29.4819049835205,-13.2756195068359,"Unknown"
"5020568",370754,2026-05-06 17:06:21,29.4937705993652,-13.2606134414673,"Unknown"
"5020568",370754,2026-05-06 17:11:21,29.4907722473145,-13.2381649017334,"Unknown"
"5020568",370754,2026-05-06 17:17:45,29.4885368347168,-13.2062301635742,"Unknown"
"5020568",370754,2026-05-06 17:22:45,29.4902286529541,-13.1863594055176,"Unknown"
"5020568",370754,2026-05-06 17:27:45,29.4906444549561,-13.1607723236084,"Unknown"
"5020568",370754,2026-05-06 17:31:47,29.4968891143799,-13.1547613143921,"Unknown"
"5020568",370754,2026-05-06 17:36:20,29.4989910125732,-13.1518583297729,"Unknown"
"5020568",370754,2026-05-06 17:41:20,29.5030822753906,-13.1476135253906,"Unknown"
"5020568",370754,2026-05-06 17:46:20,29.5079250335693,-13.1441555023193,"Unknown"
"5020568",370754,2026-05-06 17:51:20,29.512659072876,-13.1437368392944,"Unknown"
"5020568",370754,2026-05-06 17:56:21,29.5128650665283,-13.1436433792114,"Unknown"
"5020568",370754,2026-05-06 18:01:23,29.5127639770508,-13.1430654525757,"Unknown"
"5020568",370754,2026-05-06 18:06:20,29.5130043029785,-13.1404285430908,"Unknown"
"5020568",370754,2026-05-06 18:11:19,29.5235042572021,-13.1196718215942,"Unknown"
"5020568",370754,2026-05-06 18:16:21,29.5231990814209,-13.1092386245728,"Unknown"
"5020568",370754,2026-05-06 18:21:21,29.5200023651123,-13.1063604354858,"Unknown"
"5020568",370754,2026-05-06 18:26:21,29.5199890136719,-13.1063823699951,"Unknown"
"5020568",370754,2026-05-06 18:31:20,29.5106678009033,-13.0981922149658,"Unknown"
"5020568",370754,2026-05-06 18:36:20,29.5082206726074,-13.0926399230957,"Unknown"
"5020568",370754,2026-05-06 18:41:21,29.5044822692871,-13.0983304977417,"Unknown"
"5020568",370754,2026-05-06 18:46:21,29.4930267333984,-13.0972461700439,"Unknown"
"5020568",370754,2026-05-06 18:51:22,29.4992713928223,-13.0853595733643,"Unknown"
"5020568",370754,2026-05-06 18:56:21,29.4947681427002,-13.0769138336182,"Unknown"
"5020568",370754,2026-05-06 19:01:20,29.4934043884277,-13.0709276199341,"Unknown"
"5020568",370754,2026-05-06 19:06:21,29.490743637085,-13.0665836334229,"Unknown"
"5020592",378627,2026-04-16 17:22:34,28.7856349945068,-17.7447338104248,"Unknown"
"5020592",378627,2026-04-16 17:35:35,28.7838516235352,-17.7465782165527,"Unknown"
"5020592",378627,2026-04-16 17:51:35,28.7838611602783,-17.7472953796387,"Unknown"
"5020592",378627,2026-04-16 18:06:47,28.7842178344727,-17.7437343597412,"Unknown"
"5020592",378627,2026-04-16 18:20:30,28.7871341705322,-17.729513168335,"Unknown"
"5020592",378627,2026-04-16 18:35:30,28.7959289550781,-17.7173099517822,"Unknown"
"5020592",378627,2026-04-16 18:50:31,28.8082981109619,-17.6935615539551,"Unknown"
"5020592",378627,2026-04-16 19:05:31,28.8084297180176,-17.6724586486816,"Unknown"
"5020592",378627,2026-04-16 19:20:30,28.8103981018066,-17.6726627349854,"Unknown"
"5020592",378627,2026-04-16 19:35:31,28.7761478424072,-17.6361675262451,"Unknown"
"5020592",378627,2026-04-16 19:50:31,28.7662696838379,-17.5931625366211,"Unknown"
"5020592",378627,2026-04-16 20:06:55,28.7721347808838,-17.5375709533691,"Unknown"
"5020592",378627,2026-04-16 20:21:55,28.762134552002,-17.4820976257324,"Unknown"
"5020592",378627,2026-04-16 20:36:03,28.7585353851318,-17.4456329345703,"Unknown"
"5020592",378627,2026-04-16 20:50:30,28.7570190429688,-17.4469547271729,"Unknown"
"5020592",378627,2026-04-16 21:05:30,28.756046295166,-17.4485378265381,"Unknown"
"5020592",378627,2026-04-16 21:22:32,28.7548389434814,-17.4503974914551,"Unknown"
"5020592",378627,2026-04-16 21:37:31,28.7537975311279,-17.4520874023438,"Unknown"
"5020592",378627,2026-04-16 21:52:31,28.752950668335,-17.453821182251,"Unknown"
"5020592",378627,2026-04-16 22:07:31,28.7519912719727,-17.4554290771484,"Unknown"
"5020592",378627,2026-04-16 22:22:32,28.7514896392822,-17.4574565887451,"Unknown"
"5020592",378627,2026-04-16 22:37:32,28.751012802124,-17.4590167999268,"Unknown"
"5020592",378627,2026-04-16 22:52:33,28.7508010864258,-17.4607772827148,"Unknown"
"5020592",378627,2026-04-16 23:07:34,28.7507781982422,-17.4622611999512,"Unknown"
"5020592",378627,2026-04-16 23:22:34,28.7507667541504,-17.4576683044434,"Unknown"
"5020592",378627,2026-04-16 23:37:33,28.7504920959473,-17.4589424133301,"Unknown"
"5020592",378627,2026-04-16 23:52:33,28.7502937316895,-17.4602794647217,"Unknown"
"5020592",378627,2026-04-17 00:08:02,28.7502956390381,-17.4617042541504,"Unknown"
"5020592",378627,2026-04-17 00:22:32,28.7496547698975,-17.4639301300049,"Unknown"
"5020592",378627,2026-04-17 00:37:32,28.7493362426758,-17.464635848999,"Unknown"
"5020592",378627,2026-04-17 00:52:32,28.7491321563721,-17.4647808074951,"Unknown"
"5020592",378627,2026-04-17 01:07:33,28.7489852905273,-17.465051651001,"Unknown"
"5020592",378627,2026-04-17 01:22:31,28.7489738464355,-17.4652938842773,"Unknown"
"5020592",378627,2026-04-17 01:37:31,28.7487983703613,-17.4656066894531,"Unknown"
"5020592",378627,2026-04-17 01:52:31,28.7484645843506,-17.4659786224365,"Unknown"
"5020592",378627,2026-04-17 02:07:33,28.7475433349609,-17.4657936096191,"Unknown"
"5020592",378627,2026-04-17 02:22:33,28.7464237213135,-17.4661083221436,"Unknown"
"5020592",378627,2026-04-17 02:38:56,28.7416801452637,-17.4511127471924,"Unknown"
"5020592",378627,2026-04-17 02:53:03,28.719181060791,-17.4050540924072,"Unknown"
"5020592",378627,2026-04-17 03:07:31,28.7178325653076,-17.4059829711914,"Unknown"
"5020592",378627,2026-04-17 03:22:31,28.7163314819336,-17.4068603515625,"Unknown"
"5020592",378627,2026-04-17 03:37:31,28.7147254943848,-17.4076347351074,"Unknown"
"5020592",378627,2026-04-17 03:52:30,28.7128429412842,-17.4083843231201,"Unknown"
"5020592",378627,2026-04-17 04:07:32,28.7107315063477,-17.4095973968506,"Unknown"
"5020592",378627,2026-04-17 04:22:32,28.7083835601807,-17.4108600616455,"Unknown"
"5020592",378627,2026-04-17 04:37:32,28.7060241699219,-17.4120597839355,"Unknown"
"5020592",378627,2026-04-17 04:52:32,28.703369140625,-17.4134044647217,"Unknown"
"5020592",378627,2026-04-17 05:08:03,28.7010288238525,-17.4153842926025,"Unknown"
"5020592",378627,2026-04-17 05:25:55,28.6978893280029,-17.4173774719238,"Unknown"
"5020592",378627,2026-04-17 05:40:55,28.6952056884766,-17.4189891815186,"Unknown"
"5020592",378627,2026-04-17 05:55:56,28.6908397674561,-17.4155025482178,"Unknown"
"5020592",378627,2026-04-17 06:10:56,28.6863021850586,-17.4077796936035,"Unknown"
"5020592",378627,2026-04-17 06:25:56,28.6333560943604,-17.3400211334229,"Unknown"
"5020592",378627,2026-04-17 06:40:56,28.6012897491455,-17.2993583679199,"Unknown"
"5020592",378627,2026-04-17 06:55:56,28.5811195373535,-17.2797813415527,"Unknown"
"5020592",378627,2026-04-17 07:10:57,28.5766086578369,-17.270845413208,"Unknown"
"5020592",378627,2026-04-17 07:25:57,28.5770664215088,-17.2738189697266,"Unknown"
"5020592",378627,2026-04-17 07:40:56,28.5772438049316,-17.2768173217773,"Unknown"
"5020592",378627,2026-04-17 07:55:59,28.5620613098145,-17.2611045837402,"Unknown"
"5020592",378627,2026-04-17 08:41:27,28.4929962158203,-17.12548828125,"Unknown"
"5020592",378627,2026-04-17 08:55:56,28.4922695159912,-17.1298656463623,"Unknown"
"5020592",378627,2026-04-17 09:10:56,28.4919414520264,-17.1342010498047,"Unknown"
"5020592",378627,2026-04-17 09:25:56,28.4917430877686,-17.1382694244385,"Unknown"
"5020592",378627,2026-04-17 09:40:56,28.4916248321533,-17.1424579620361,"Unknown"
"5020592",378627,2026-04-17 09:55:57,28.491735458374,-17.1465587615967,"Unknown"
"5020592",378627,2026-04-17 10:10:57,28.4923362731934,-17.1507797241211,"Unknown"
"5020592",378627,2026-04-17 10:26:17,28.4930171966553,-17.1551151275635,"Unknown"
"5020592",378627,2026-04-17 10:40:56,28.4940872192383,-17.1589889526367,"Unknown"
"5020592",378627,2026-04-17 10:55:57,28.4702777862549,-17.1320037841797,"Unknown"
"5020592",378627,2026-04-17 11:10:57,28.4644184112549,-17.1239337921143,"Unknown"
"5020592",378627,2026-04-17 11:25:55,28.4554042816162,-17.1250457763672,"Unknown"
"5020592",378627,2026-04-17 11:41:00,28.4411678314209,-17.0972595214844,"Unknown"
"5020592",378627,2026-04-17 11:55:58,28.4460411071777,-17.1042747497559,"Unknown"
"5020592",378627,2026-04-17 12:11:17,28.4493713378906,-17.1084289550781,"Unknown"
"5020592",378627,2026-04-17 12:25:58,28.4527835845947,-17.1121120452881,"Unknown"
"5020592",378627,2026-04-17 12:40:58,28.4565258026123,-17.1154899597168,"Unknown"
"5020592",378627,2026-04-17 12:55:58,28.4604530334473,-17.1187953948975,"Unknown"
"5020592",378627,2026-04-17 13:10:55,28.4644355773926,-17.1223773956299,"Unknown"
"5020592",378627,2026-04-17 13:26:06,28.4677581787109,-17.1131496429443,"Unknown"
"5020592",378627,2026-04-17 13:41:00,28.4761848449707,-17.1195487976074,"Unknown"
"5020592",378627,2026-04-17 13:56:00,28.4792957305908,-17.1231346130371,"Unknown"
"5020592",378627,2026-04-17 14:11:17,28.4824295043945,-17.1266822814941,"Unknown"
"5020592",378627,2026-04-17 14:25:57,28.4854183197021,-17.1299324035645,"Unknown"
"5020592",378627,2026-04-17 14:40:58,28.4887199401855,-17.1333656311035,"Unknown"
"5020592",378627,2026-04-17 14:55:58,28.49196434021,-17.1368923187256,"Unknown"
"5020592",378627,2026-04-17 15:11:17,28.4949932098389,-17.1406097412109,"Unknown"
"5020592",378627,2026-04-17 15:25:59,28.4978122711182,-17.1440505981445,"Unknown"
"5020592",378627,2026-04-17 15:40:58,28.5120944976807,-17.1426467895508,"Unknown"
"5020592",378627,2026-04-17 15:56:01,28.5192165374756,-17.137378692627,"Unknown"
"5020592",378627,2026-04-17 16:11:27,28.5214385986328,-17.139892578125,"Unknown"
"5020592",378627,2026-04-17 16:25:56,28.5228691101074,-17.1423969268799,"Unknown"
"5020592",378627,2026-04-17 16:40:56,28.5238552093506,-17.1436195373535,"Unknown"
"5020592",378627,2026-04-17 16:55:56,28.515941619873,-17.1383857727051,"Unknown"
"5020592",378627,2026-04-17 17:10:56,28.5171489715576,-17.1404285430908,"Unknown"
"5020592",378627,2026-04-17 17:25:55,28.5183067321777,-17.1427345275879,"Unknown"
"5020592",378627,2026-04-17 17:40:55,28.51930809021,-17.1450996398926,"Unknown"
"5020592",378627,2026-04-17 17:55:55,28.5314846038818,-17.1513233184814,"Unknown"
"5020592",378627,2026-04-17 18:10:59,28.5299453735352,-17.1569213867188,"Unknown"
"5020592",378627,2026-04-17 18:26:17,28.5301342010498,-17.1610317230225,"Unknown"
"5020592",378627,2026-04-17 18:40:55,28.5349178314209,-17.169713973999,"Unknown"
"5020592",378627,2026-04-17 18:55:58,28.5451164245605,-17.1777458190918,"Unknown"
"5020592",378627,2026-04-17 19:10:57,28.5444412231445,-17.1811790466309,"Unknown"
"5020592",378627,2026-04-17 19:25:57,28.5447311401367,-17.1851615905762,"Unknown"
"5020592",378627,2026-04-17 19:40:57,28.5449390411377,-17.1894378662109,"Unknown"
"5020592",378627,2026-04-17 19:56:17,28.5445442199707,-17.1936206817627,"Unknown"
"5020592",378627,2026-04-17 20:10:57,28.5249652862549,-17.1718730926514,"Unknown"
"5020592",378627,2026-04-17 20:25:55,28.508581161499,-17.1455173492432,"Unknown"
"5020592",378627,2026-04-17 20:40:57,28.5067157745361,-17.1485633850098,"Unknown"
"5020592",378627,2026-04-17 20:55:55,28.5050563812256,-17.1517581939697,"Unknown"
"5020592",378627,2026-04-17 21:10:57,28.5038318634033,-17.155294418335,"Unknown"
"5020592",378627,2026-04-17 21:25:58,28.5021057128906,-17.158504486084,"Unknown"
"5020592",378627,2026-04-17 21:41:17,28.5008163452148,-17.1622104644775,"Unknown"
"5020592",378627,2026-04-17 21:55:57,28.4995250701904,-17.1660747528076,"Unknown"
"5020592",378627,2026-04-17 22:11:17,28.4980297088623,-17.1702671051025,"Unknown"
"5020592",378627,2026-04-17 22:25:57,28.4966430664062,-17.1740036010742,"Unknown"
"5020592",378627,2026-04-17 22:40:55,28.4956798553467,-17.1779689788818,"Unknown"
"5020592",378627,2026-04-17 22:55:59,28.4942607879639,-17.183084487915,"Unknown"
"5020592",378627,2026-04-17 23:10:57,28.4945240020752,-17.1860885620117,"Unknown"
"5020592",378627,2026-04-17 23:25:57,28.4942188262939,-17.1899375915527,"Unknown"
"5020592",378627,2026-04-17 23:40:57,28.494441986084,-17.1939029693604,"Unknown"
"5020592",378627,2026-04-17 23:55:58,28.4961204528809,-17.1987628936768,"Unknown"
"5020592",378627,2026-04-18 00:11:33,28.4970455169678,-17.2017822265625,"Unknown"
"5020592",378627,2026-04-18 00:25:56,28.4977359771729,-17.2059345245361,"Unknown"
"5020592",378627,2026-04-18 00:40:55,28.4984073638916,-17.2102146148682,"Unknown"
"5020592",378627,2026-04-18 00:55:56,28.4992980957031,-17.2150344848633,"Unknown"
"5020592",378627,2026-04-18 01:10:55,28.5000286102295,-17.2196846008301,"Unknown"
"5020592",378627,2026-04-18 01:25:58,28.5008926391602,-17.2246475219727,"Unknown"
"5020592",378627,2026-04-18 01:40:58,28.5016345977783,-17.2300815582275,"Unknown"
"5020592",378627,2026-04-18 01:56:17,28.5025310516357,-17.2356643676758,"Unknown"
"5020592",378627,2026-04-18 02:10:55,28.5034580230713,-17.2409057617188,"Unknown"
"5020592",378627,2026-04-18 02:25:57,28.5044727325439,-17.246603012085,"Unknown"
"5020592",378627,2026-04-18 02:41:00,28.5051021575928,-17.2520713806152,"Unknown"
"5020592",378627,2026-04-18 02:56:27,28.5056247711182,-17.2574615478516,"Unknown"
"5020592",378627,2026-04-18 03:10:55,28.5060348510742,-17.2622184753418,"Unknown"
"5020592",378627,2026-04-18 03:25:55,28.5064792633057,-17.2670078277588,"Unknown"
"5020592",378627,2026-04-18 03:40:55,28.5068378448486,-17.2715034484863,"Unknown"
"5020592",378627,2026-04-18 03:55:55,28.5072212219238,-17.2760238647461,"Unknown"
"5020592",378627,2026-04-18 04:10:55,28.5074768066406,-17.2804985046387,"Unknown"
"5020592",378627,2026-04-18 04:25:55,28.507625579834,-17.2850780487061,"Unknown"
"5020592",378627,2026-04-18 04:40:56,28.5077381134033,-17.2892875671387,"Unknown"
"5020592",378627,2026-04-18 04:55:59,28.507453918457,-17.29345703125,"Unknown"
"5020592",378627,2026-04-18 05:11:17,28.5068054199219,-17.297700881958,"Unknown"
"5020592",378627,2026-04-18 05:25:56,28.5062732696533,-17.3018817901611,"Unknown"
"5020592",378627,2026-04-18 05:40:56,28.5055522918701,-17.3060779571533,"Unknown"
"5020592",378627,2026-04-18 05:55:56,28.5045375823975,-17.3103656768799,"Unknown"
"5020592",378627,2026-04-18 06:11:16,28.5034236907959,-17.314769744873,"Unknown"
"5020592",378627,2026-04-18 06:25:55,28.5028419494629,-17.3190994262695,"Unknown"
"5020592",378627,2026-04-18 06:40:56,28.5020599365234,-17.3231945037842,"Unknown"
"5020592",378627,2026-04-18 06:55:54,28.4939842224121,-17.305944442749,"Unknown"
"5020592",378627,2026-04-18 07:10:56,28.4564208984375,-17.2325038909912,"Unknown"
"5020592",378627,2026-04-18 07:25:58,28.4302501678467,-17.1806297302246,"Unknown"
"5020592",378627,2026-04-18 07:40:54,28.4211330413818,-17.1420860290527,"Unknown"
"5020592",378627,2026-04-18 07:57:20,28.39231300354,-17.0577754974365,"Unknown"
"5020592",378627,2026-04-18 08:11:27,28.3941688537598,-17.0352516174316,"Unknown"
"5020592",378627,2026-04-18 08:25:56,28.3937549591064,-17.0387058258057,"Unknown"
"5020592",378627,2026-04-18 08:40:55,28.3747520446777,-16.9661884307861,"Unknown"
"5020592",378627,2026-04-18 08:55:56,28.3905334472656,-16.9605808258057,"Unknown"
"5020592",378627,2026-04-18 09:10:56,28.3900241851807,-16.9588012695312,"Unknown"
"5020592",378627,2026-04-18 09:25:56,28.3909015655518,-16.9619998931885,"Unknown"
"5020592",378627,2026-04-18 09:40:56,28.3918571472168,-16.9642734527588,"Unknown"
"5020592",378627,2026-04-18 09:55:56,28.3931350708008,-16.9660224914551,"Unknown"
"5020592",378627,2026-04-18 10:10:57,28.39426612854,-16.9675445556641,"Unknown"
"5020592",378627,2026-04-18 10:26:05,28.3955841064453,-16.9689083099365,"Unknown"
"5020592",378627,2026-04-18 10:40:58,28.3978595733643,-16.9689769744873,"Unknown"
"5020592",378627,2026-04-18 10:55:59,28.4056186676025,-16.960485458374,"Unknown"
"5020592",378627,2026-04-18 11:10:59,28.4078025817871,-16.9609432220459,"Unknown"
"5020592",378627,2026-04-18 11:26:27,28.3931503295898,-16.9643592834473,"Unknown"
"5020592",378627,2026-04-18 11:40:56,28.4066734313965,-16.9569816589355,"Unknown"
"5020592",378627,2026-04-18 11:55:55,28.4122848510742,-16.9575672149658,"Unknown"
"5020592",378627,2026-04-18 12:11:27,28.4149799346924,-16.9557609558105,"Unknown"
"5020592",378627,2026-04-18 12:25:56,28.4176292419434,-16.9534111022949,"Unknown"
"5020592",378627,2026-04-18 12:40:57,28.4206371307373,-16.9507789611816,"Unknown"
"5020592",378627,2026-04-18 12:55:59,28.4234294891357,-16.947566986084,"Unknown"
"5020592",378627,2026-04-18 13:10:58,28.4257946014404,-16.948221206665,"Unknown"
"5020592",378627,2026-04-18 13:25:58,28.4296207427979,-16.9432773590088,"Unknown"
"5020592",378627,2026-04-18 13:40:57,28.4326858520508,-16.9388618469238,"Unknown"
"5020592",378627,2026-04-18 13:55:58,28.4354286193848,-16.9344463348389,"Unknown"
"5020592",378627,2026-04-18 14:10:59,28.4311065673828,-16.9254379272461,"Unknown"
"5020592",378627,2026-04-18 14:26:00,28.4335174560547,-16.9241485595703,"Unknown"
"5020592",378627,2026-04-18 14:41:02,28.4339714050293,-16.9191570281982,"Unknown"
"5020592",378627,2026-04-18 14:56:04,28.4333438873291,-16.9146518707275,"Unknown"
"5020592",378627,2026-04-18 15:11:17,28.4326286315918,-16.9105319976807,"Unknown"
"5020592",378627,2026-04-18 15:25:55,28.4314270019531,-16.90651512146,"Unknown"
"5020592",378627,2026-04-18 15:40:55,28.4298419952393,-16.9031963348389,"Unknown"
"5020592",378627,2026-04-18 15:55:58,28.4279918670654,-16.8994903564453,"Unknown"
"5020592",378627,2026-04-18 16:11:17,28.4255809783936,-16.8967323303223,"Unknown"
"5020592",378627,2026-04-18 16:25:58,28.4229907989502,-16.8943290710449,"Unknown"
"5020592",378627,2026-04-18 16:40:57,28.4204330444336,-16.8924312591553,"Unknown"
"5020592",378627,2026-04-18 16:56:17,28.4180603027344,-16.8902702331543,"Unknown"
"5020592",378627,2026-04-18 17:11:00,28.4157657623291,-16.8890838623047,"Unknown"
"5020592",378627,2026-04-18 17:25:57,28.406192779541,-16.8973770141602,"Unknown"
"5020592",378627,2026-04-18 17:41:18,28.3870067596436,-16.9032592773438,"Unknown"
"5020592",378627,2026-04-18 17:55:59,28.3858451843262,-16.9052963256836,"Unknown"
"5020592",378627,2026-04-18 18:11:00,28.3845386505127,-16.9080009460449,"Unknown"
"5020592",378627,2026-04-18 18:25:58,28.383056640625,-16.9107704162598,"Unknown"
"5020592",378627,2026-04-18 18:40:59,28.3813457489014,-16.9139785766602,"Unknown"
"5020592",378627,2026-04-18 18:55:57,28.3795757293701,-16.9177207946777,"Unknown"
"5020592",378627,2026-04-18 19:10:55,28.3772792816162,-16.9219303131104,"Unknown"
"5020592",378627,2026-04-18 19:25:58,28.3775234222412,-16.907398223877,"Unknown"
"5020592",378627,2026-04-18 19:40:58,28.3773212432861,-16.9108657836914,"Unknown"
"5020592",378627,2026-04-18 19:55:59,28.4234237670898,-16.8887462615967,"Unknown"
"5020592",378627,2026-04-18 20:11:27,28.4196166992188,-16.8912010192871,"Unknown"
"5020592",378627,2026-04-18 20:25:58,28.4162368774414,-16.8924903869629,"Unknown"
"5020592",378627,2026-04-18 20:40:57,28.4127922058105,-16.8943634033203,"Unknown"
"5020592",378627,2026-04-18 20:55:57,28.4093151092529,-16.8965187072754,"Unknown"
"5020592",378627,2026-04-18 21:10:57,28.4053192138672,-16.8987064361572,"Unknown"
"5020592",378627,2026-04-18 21:25:57,28.4021415710449,-16.9006824493408,"Unknown"
"5020592",378627,2026-04-18 21:40:58,28.3996772766113,-16.9029941558838,"Unknown"
"5020592",378627,2026-04-18 21:56:17,28.3974876403809,-16.9058685302734,"Unknown"
"5020592",378627,2026-04-18 22:10:57,28.3959064483643,-16.9081268310547,"Unknown"
"5020592",378627,2026-04-18 22:25:56,28.3951358795166,-16.9096069335938,"Unknown"
"5020592",378627,2026-04-18 22:40:56,28.3958873748779,-16.9106788635254,"Unknown"
"5020592",378627,2026-04-18 22:55:58,28.397575378418,-16.9115829467773,"Unknown"
"5020592",378627,2026-04-18 23:10:56,28.402229309082,-16.9127788543701,"Unknown"
"5020592",378627,2026-04-18 23:25:57,28.4053192138672,-16.9127006530762,"Unknown"
"5020592",378627,2026-04-18 23:40:56,28.4151630401611,-16.91233253479,"Unknown"
"5020592",378627,2026-04-18 23:55:58,28.4149932861328,-16.9115180969238,"Unknown"
"5020592",378627,2026-04-19 00:11:27,28.4155101776123,-16.9104671478271,"Unknown"
"5020592",378627,2026-04-19 00:25:56,28.4289989471436,-16.9080562591553,"Unknown"
"5020592",378627,2026-04-19 00:40:56,28.4283866882324,-16.9076995849609,"Unknown"
"5020592",378627,2026-04-19 00:55:56,28.4284362792969,-16.9065628051758,"Unknown"
"5020592",378627,2026-04-19 01:10:56,28.4288387298584,-16.9050350189209,"Unknown"
"5020592",378627,2026-04-19 01:25:57,28.4298133850098,-16.903226852417,"Unknown"
"5020592",378627,2026-04-19 01:40:57,28.430793762207,-16.9013633728027,"Unknown"
"5020592",378627,2026-04-19 01:55:57,28.4321708679199,-16.8990592956543,"Unknown"
"5020592",378627,2026-04-19 02:10:57,28.4337348937988,-16.8966770172119,"Unknown"
"5020592",378627,2026-04-19 02:26:01,28.4352893829346,-16.8939208984375,"Unknown"
"5020592",378627,2026-04-19 02:41:17,28.4368934631348,-16.8912563323975,"Unknown"
"5020592",378627,2026-04-19 02:55:58,28.4378070831299,-16.8893547058105,"Unknown"
"5020592",378627,2026-04-19 03:11:17,28.4387607574463,-16.8868141174316,"Unknown"
"5020592",378627,2026-04-19 03:25:59,28.4394569396973,-16.8841991424561,"Unknown"
"5020592",378627,2026-04-19 03:40:59,28.4400386810303,-16.8815021514893,"Unknown"
"5020592",378627,2026-04-19 03:55:59,28.4405345916748,-16.8780899047852,"Unknown"
"5020592",378627,2026-04-19 04:10:58,28.4408874511719,-16.8743572235107,"Unknown"
"5020592",378627,2026-04-19 04:25:58,28.440486907959,-16.8705215454102,"Unknown"
"5020592",378627,2026-04-19 04:41:01,28.4401397705078,-16.8664855957031,"Unknown"
"5020592",378627,2026-04-19 04:56:27,28.439697265625,-16.8627605438232,"Unknown"
"5020592",378627,2026-04-19 05:10:56,28.4395503997803,-16.8600120544434,"Unknown"
"5020592",378627,2026-04-19 05:25:57,28.4396629333496,-16.8573570251465,"Unknown"
"5020592",378627,2026-04-19 05:40:56,28.4395866394043,-16.8546676635742,"Unknown"
"5020592",378627,2026-04-19 05:55:58,28.4294033050537,-16.8639450073242,"Unknown"
"5020592",378627,2026-04-19 06:10:57,28.428840637207,-16.8615531921387,"Unknown"
"5020592",378627,2026-04-19 06:25:58,28.4265594482422,-16.8609714508057,"Unknown"
"5020592",378627,2026-04-19 06:41:02,28.4574813842773,-16.9053592681885,"Unknown"
"5020592",378627,2026-04-19 06:56:33,28.4848117828369,-16.9024085998535,"Unknown"
"5020592",378627,2026-04-19 07:12:21,28.5038909912109,-16.8836135864258,"Unknown"
"5020592",378627,2026-04-19 07:26:17,28.5092906951904,-16.8509120941162,"Unknown"
"5020592",378627,2026-04-19 07:40:56,28.501916885376,-16.8560218811035,"Unknown"
"5020592",378627,2026-04-19 07:55:56,28.4999237060547,-16.8612289428711,"Unknown"
"5020592",378627,2026-04-19 08:11:01,28.4993324279785,-16.8632488250732,"Unknown"
"5020592",378627,2026-04-19 08:25:56,28.4989280700684,-16.8649501800537,"Unknown"
"5020592",378627,2026-04-19 08:55:59,28.4756870269775,-16.8516807556152,"Unknown"
"5020592",378627,2026-04-19 09:12:21,28.4196376800537,-16.8249912261963,"Unknown"
"5020592",378627,2026-04-19 09:26:27,28.4181461334229,-16.8250160217285,"Unknown"
"5020592",378627,2026-04-19 09:40:56,28.4176120758057,-16.8258438110352,"Unknown"
"5020592",378627,2026-04-19 09:55:56,28.4171123504639,-16.8267288208008,"Unknown"
"5020592",378627,2026-04-19 10:10:57,28.416332244873,-16.8277969360352,"Unknown"
"5020592",378627,2026-04-19 10:25:56,28.4150772094727,-16.8285598754883,"Unknown"
"5020592",378627,2026-04-19 10:40:57,28.4140892028809,-16.8293914794922,"Unknown"
"5020592",378627,2026-04-19 10:55:58,28.4129810333252,-16.8301391601562,"Unknown"
"5020592",378627,2026-04-19 11:10:59,28.4119262695312,-16.8307323455811,"Unknown"
"5020592",378627,2026-04-19 11:26:01,28.4111099243164,-16.8313751220703,"Unknown"
"5020592",378627,2026-04-19 11:42:21,28.4066047668457,-16.8398818969727,"Unknown"
"5020592",378627,2026-04-19 11:56:27,28.4048023223877,-16.84104347229,"Unknown"
"5020592",378627,2026-04-19 12:10:59,28.4044208526611,-16.8412189483643,"Unknown"
"5020592",378627,2026-04-19 12:25:57,28.4041442871094,-16.8403377532959,"Unknown"
"5020592",378627,2026-04-19 12:41:27,28.4040184020996,-16.8391304016113,"Unknown"
"5020592",378627,2026-04-19 12:55:57,28.4156665802002,-16.8326225280762,"Unknown"
"5020592",378627,2026-04-19 13:10:57,28.4158592224121,-16.8322105407715,"Unknown"
"5020592",378627,2026-04-19 13:25:57,28.4162006378174,-16.8317699432373,"Unknown"
"5020592",378627,2026-04-19 13:40:59,28.4168090820312,-16.8315086364746,"Unknown"
"5020592",378627,2026-04-19 13:56:10,28.4175395965576,-16.831205368042,"Unknown"
"5020592",378627,2026-04-19 14:11:17,28.4183979034424,-16.8297214508057,"Unknown"
"5020592",378627,2026-04-19 14:25:58,28.4192218780518,-16.8275032043457,"Unknown"
"5020592",378627,2026-04-19 14:40:58,28.4201545715332,-16.8249950408936,"Unknown"
"5020592",378627,2026-04-19 14:56:27,28.405065536499,-16.8526630401611,"Unknown"
"5020592",378627,2026-04-19 15:10:57,28.4003810882568,-16.8650588989258,"Unknown"
"5020592",378627,2026-04-19 15:26:17,28.397928237915,-16.8700904846191,"Unknown"
"5020592",378627,2026-04-19 15:40:57,28.4016628265381,-16.8911533355713,"Unknown"
"5020592",378627,2026-04-19 15:55:57,28.3843288421631,-16.9014835357666,"Unknown"
"5020592",378627,2026-04-19 16:10:58,28.3596324920654,-16.9605731964111,"Unknown"
"5020592",378627,2026-04-19 16:27:21,28.3694972991943,-17.0095043182373,"Unknown"
"5020592",378627,2026-04-19 16:41:17,28.3771343231201,-17.008394241333,"Unknown"
"5020592",378627,2026-04-19 16:55:58,28.3913669586182,-17.0079803466797,"Unknown"
"5020592",378627,2026-04-19 17:10:58,28.4103336334229,-17.0094985961914,"Unknown"
"5020592",378627,2026-04-19 17:25:41,28.4147663116455,-17.0010375976562,"Unknown"
"5020592",378627,2026-04-19 17:30:43,28.4175834655762,-17.001953125,"Unknown"
"5020592",378627,2026-04-19 17:35:44,28.421895980835,-17.0034198760986,"Unknown"
"5020592",378627,2026-04-19 17:40:41,28.4235401153564,-17.0036926269531,"Unknown"
"5020592",378627,2026-04-19 17:45:39,28.4249248504639,-17.0094470977783,"Unknown"
"5020592",378627,2026-04-19 17:50:43,28.4262580871582,-17.0141296386719,"Unknown"
"5020592",378627,2026-04-19 17:55:42,28.4255485534668,-17.0175457000732,"Unknown"
"5020592",378627,2026-04-19 18:00:42,28.4283485412598,-17.0219764709473,"Unknown"
"5020592",378627,2026-04-19 18:05:41,28.4268245697021,-17.0271072387695,"Unknown"
"5020592",378627,2026-04-19 18:10:42,28.4252319335938,-17.0309238433838,"Unknown"
"5020592",378627,2026-04-19 18:15:39,28.4259700775146,-17.0314273834229,"Unknown"
"5020592",378627,2026-04-19 18:20:42,28.4455146789551,-17.0469150543213,"Unknown"
"5020592",378627,2026-04-19 18:25:39,28.466775894165,-17.0642127990723,"Unknown"
"5020592",378627,2026-04-19 18:30:39,28.4895477294922,-17.0822582244873,"Unknown"
"5020592",378627,2026-04-19 18:35:39,28.5086650848389,-17.1027584075928,"Unknown"
"5020592",378627,2026-04-19 18:40:43,28.5270709991455,-17.1253452301025,"Unknown"
"5020592",378627,2026-04-19 18:45:43,28.5340232849121,-17.1494045257568,"Unknown"
"5020592",378627,2026-04-19 18:50:43,28.5430660247803,-17.172384262085,"Unknown"
"5020592",378627,2026-04-19 18:55:47,28.5523300170898,-17.1977519989014,"Unknown"
"5020592",378627,2026-04-19 19:17:05,28.6040287017822,-17.3095951080322,"Unknown"
"5020592",378627,2026-04-19 19:42:05,28.6471252441406,-17.4671897888184,"Unknown"
"5020592",378627,2026-04-19 19:47:05,28.6577491760254,-17.5044651031494,"Unknown"
"5020592",378627,2026-04-19 19:52:05,28.6722965240479,-17.541187286377,"Unknown"
"5020592",378627,2026-04-19 19:55:42,28.6856803894043,-17.5649795532227,"Unknown"
"5020592",378627,2026-04-19 20:00:44,28.6993236541748,-17.5937957763672,"Unknown"
"5020592",378627,2026-04-19 20:05:40,28.7095890045166,-17.6139850616455,"Unknown"
"5020592",378627,2026-04-19 20:10:40,28.7210083007812,-17.643180847168,"Unknown"
"5020592",378627,2026-04-19 20:15:40,28.7310924530029,-17.6714706420898,"Unknown"
"5020592",378627,2026-04-19 20:20:41,28.7442321777344,-17.6994533538818,"Unknown"
"5020592",378627,2026-04-19 20:25:41,28.7633781433105,-17.7230052947998,"Unknown"
"5020592",378627,2026-04-19 20:30:43,28.7649517059326,-17.730489730835,"Unknown"
"5020592",378627,2026-04-19 20:35:42,28.7645778656006,-17.7301063537598,"Unknown"
"5020592",378627,2026-04-19 20:36:42,28.7644958496094,-17.7300338745117,"Unknown"
"5020592",378627,2026-04-19 20:37:42,28.7644023895264,-17.7299842834473,"Unknown"
"5020592",378627,2026-04-19 20:38:43,28.7643089294434,-17.7299461364746,"Unknown"
"5020592",378627,2026-04-19 20:39:44,28.7642555236816,-17.7298526763916,"Unknown"
"5020592",378627,2026-04-19 20:40:42,28.7641468048096,-17.7297668457031,"Unknown"
"5020592",378627,2026-04-19 20:41:42,28.7640323638916,-17.7297058105469,"Unknown"
"5020592",378627,2026-04-19 20:42:41,28.7639999389648,-17.7296333312988,"Unknown"
"5020592",378627,2026-04-19 20:43:42,28.7639255523682,-17.7295894622803,"Unknown"
"5020592",378627,2026-04-19 20:44:44,28.7638626098633,-17.7295017242432,"Unknown"
"5020592",378627,2026-04-19 20:45:46,28.7637310028076,-17.7293815612793,"Unknown"
"5020592",378627,2026-04-19 20:46:42,28.7636909484863,-17.7293148040771,"Unknown"
"5020592",378627,2026-04-19 20:47:43,28.7636280059814,-17.729248046875,"Unknown"
"5020592",378627,2026-04-19 20:48:42,28.7635154724121,-17.7291717529297,"Unknown"
"5020592",378627,2026-04-19 20:49:43,28.7634048461914,-17.7291355133057,"Unknown"
"5020592",378627,2026-04-19 20:50:41,28.7633285522461,-17.7290687561035,"Unknown"
"5020592",378627,2026-04-19 20:51:42,28.7632522583008,-17.7289962768555,"Unknown"
"5020592",378627,2026-04-19 20:52:41,28.7631721496582,-17.7289218902588,"Unknown"
"5020592",378627,2026-04-19 20:53:41,28.7631301879883,-17.7288665771484,"Unknown"
"5020592",378627,2026-04-19 20:54:41,28.7630290985107,-17.7288227081299,"Unknown"
"5020592",378627,2026-04-19 20:55:41,28.762825012207,-17.7290000915527,"Unknown"
"5020592",378627,2026-04-19 20:56:41,28.7612991333008,-17.7343330383301,"Unknown"
"5020592",378627,2026-04-19 20:57:41,28.7673816680908,-17.7331886291504,"Unknown"
"5020592",378627,2026-04-19 20:58:41,28.7731647491455,-17.7300491333008,"Unknown"
"5020592",378627,2026-04-19 20:59:40,28.775951385498,-17.7357940673828,"Unknown"
"5020592",378627,2026-04-19 21:00:40,28.7795066833496,-17.7363910675049,"Unknown"
"5020592",378627,2026-04-19 21:01:41,28.778787612915,-17.7373008728027,"Unknown"
"5020592",378627,2026-04-19 21:02:40,28.7775192260742,-17.7336864471436,"Unknown"
"5020592",378627,2026-04-19 21:03:41,28.7819309234619,-17.7315196990967,"Unknown"
"5020592",378627,2026-04-19 21:04:41,28.7814178466797,-17.7278175354004,"Unknown"
"5020592",378627,2026-04-19 21:05:41,28.7772445678711,-17.7271156311035,"Unknown"
"5020592",378627,2026-04-19 21:06:42,28.7724647521973,-17.733325958252,"Unknown"
"5020592",378627,2026-04-19 21:07:42,28.7717037200928,-17.7403678894043,"Unknown"
"5020592",378627,2026-04-19 21:08:42,28.7733974456787,-17.744312286377,"Unknown"
"5020592",378627,2026-04-19 21:09:41,28.7757148742676,-17.7426433563232,"Unknown"
"5020592",378627,2026-04-19 21:10:41,28.7785091400146,-17.7385940551758,"Unknown"
"5020592",378627,2026-04-19 21:11:42,28.780611038208,-17.7398052215576,"Unknown"
"5020592",378627,2026-04-19 21:12:41,28.7805194854736,-17.7397346496582,"Unknown"
"5020592",378627,2026-04-19 21:13:51,28.7804412841797,-17.7396602630615,"Unknown"
"5020592",378627,2026-04-19 21:14:42,28.7803554534912,-17.7396011352539,"Unknown"
"5020592",378627,2026-04-19 21:15:42,28.780294418335,-17.7395210266113,"Unknown"
"5020592",378627,2026-04-19 21:16:42,28.7802276611328,-17.7394618988037,"Unknown"
"5020592",378627,2026-04-19 21:17:42,28.780143737793,-17.7393817901611,"Unknown"
"5020592",378627,2026-04-19 21:18:41,28.7800960540771,-17.7393341064453,"Unknown"
"5020592",378627,2026-04-19 21:19:42,28.7800064086914,-17.7392826080322,"Unknown"
"5020592",378627,2026-04-19 21:20:44,28.7799472808838,-17.7392292022705,"Unknown"
"5020592",378627,2026-04-19 21:21:41,28.7818412780762,-17.7392597198486,"Unknown"
"5020592",378627,2026-04-19 21:22:41,28.7862987518311,-17.7416248321533,"Unknown"
"5020592",378627,2026-04-19 21:23:43,28.7853126525879,-17.7365303039551,"Unknown"
"5020592",378627,2026-04-19 21:24:41,28.7842254638672,-17.7357769012451,"Unknown"
"5020592",378627,2026-04-19 21:25:42,28.7802696228027,-17.7324924468994,"Unknown"
"5020592",378627,2026-04-19 21:26:41,28.7798671722412,-17.7331409454346,"Unknown"
"5020592",378627,2026-04-19 21:27:42,28.7779064178467,-17.7312355041504,"Unknown"
"5020592",378627,2026-04-19 21:28:41,28.7753963470459,-17.726879119873,"Unknown"
"5020592",378627,2026-04-19 21:29:41,28.7778301239014,-17.7282657623291,"Unknown"
"5020592",378627,2026-04-19 21:30:43,28.7742080688477,-17.7199993133545,"Unknown"
"5020592",378627,2026-04-19 21:31:41,28.771427154541,-17.7142333984375,"Unknown"
"5020592",378627,2026-04-19 21:37:03,28.7649478912354,-17.7123546600342,"Unknown"
"5020592",378627,2026-04-19 21:41:40,28.7646198272705,-17.7123603820801,"Unknown"
"5020592",378627,2026-04-19 21:46:40,28.7642612457275,-17.712329864502,"Unknown"
"5020592",378627,2026-04-19 21:51:40,28.7639427185059,-17.7122955322266,"Unknown"
"5020592",378627,2026-04-19 21:56:40,28.7636833190918,-17.7123165130615,"Unknown"
"5020592",378627,2026-04-19 22:01:41,28.7662487030029,-17.7313404083252,"Unknown"
"5020592",378627,2026-04-19 22:06:41,28.7672061920166,-17.7332611083984,"Unknown"
"5020592",378627,2026-04-19 22:07:40,28.7671737670898,-17.7331295013428,"Unknown"
"5020592",378627,2026-04-19 22:08:40,28.767147064209,-17.7330112457275,"Unknown"
"5020592",378627,2026-04-19 22:09:40,28.7671279907227,-17.7328968048096,"Unknown"
"5020592",378627,2026-04-19 22:10:40,28.7670974731445,-17.7327785491943,"Unknown"
"5020592",378627,2026-04-19 22:11:40,28.7670841217041,-17.7326889038086,"Unknown"
"5020592",378627,2026-04-19 22:12:40,28.7670478820801,-17.7325763702393,"Unknown"
"5020592",378627,2026-04-19 22:13:40,28.7670402526855,-17.7324542999268,"Unknown"
"5020592",378627,2026-04-19 22:14:41,28.766996383667,-17.7323226928711,"Unknown"
"5020592",378627,2026-04-19 22:15:40,28.766975402832,-17.732213973999,"Unknown"
"5020592",378627,2026-04-19 22:16:41,28.7669506072998,-17.7320728302002,"Unknown"
"5020592",378627,2026-04-19 22:17:41,28.766939163208,-17.7319622039795,"Unknown"
"5020592",378627,2026-04-19 22:18:41,28.7669105529785,-17.7318649291992,"Unknown"
"5020592",378627,2026-04-19 22:19:40,28.7669219970703,-17.7317581176758,"Unknown"
"5020592",378627,2026-04-19 22:20:40,28.7669010162354,-17.7316589355469,"Unknown"
"5020592",378627,2026-04-19 22:21:41,28.7668609619141,-17.731517791748,"Unknown"
"5020592",378627,2026-04-19 22:22:41,28.7668590545654,-17.7314224243164,"Unknown"
"5020592",378627,2026-04-19 22:23:40,28.76682472229,-17.7313137054443,"Unknown"
"5020592",378627,2026-04-19 22:24:41,28.7667846679688,-17.7312335968018,"Unknown"
"5020592",378627,2026-04-19 22:25:40,28.7667617797852,-17.7311248779297,"Unknown"
"5020592",378627,2026-04-19 22:26:41,28.7667274475098,-17.7310237884521,"Unknown"
"5020592",378627,2026-04-19 22:27:41,28.7667255401611,-17.7308979034424,"Unknown"
"5020592",378627,2026-04-19 22:28:40,28.7666873931885,-17.7308216094971,"Unknown"
"5020592",378627,2026-04-19 22:29:40,28.7666854858398,-17.7307262420654,"Unknown"
"5020592",378627,2026-04-19 22:30:40,28.7666664123535,-17.730640411377,"Unknown"
"5020592",378627,2026-04-19 22:31:41,28.7665920257568,-17.7305335998535,"Unknown"
"5020592",378627,2026-04-19 22:32:41,28.7665424346924,-17.7304172515869,"Unknown"
"5020592",378627,2026-04-19 22:33:41,28.7665176391602,-17.7303142547607,"Unknown"
"5020592",378627,2026-04-19 22:34:42,28.7664890289307,-17.7302093505859,"Unknown"
"5020592",378627,2026-04-19 22:35:40,28.7664489746094,-17.7301158905029,"Unknown"
"5020592",378627,2026-04-19 22:36:40,28.7663860321045,-17.7300090789795,"Unknown"
"5020592",378627,2026-04-19 22:37:40,28.7663650512695,-17.7299404144287,"Unknown"
"5020592",378627,2026-04-19 22:38:40,28.7663307189941,-17.7298431396484,"Unknown"
"5020592",378627,2026-04-19 22:39:40,28.7662982940674,-17.7297325134277,"Unknown"
"5020592",378627,2026-04-19 22:40:40,28.7662563323975,-17.7296314239502,"Unknown"
"5020592",378627,2026-04-19 22:41:40,28.7662181854248,-17.7295532226562,"Unknown"
"5020592",378627,2026-04-19 22:42:41,28.7661781311035,-17.729455947876,"Unknown"
"5020592",378627,2026-04-19 22:43:40,28.7661323547363,-17.7293586730957,"Unknown"
"5020592",378627,2026-04-19 22:44:40,28.7661056518555,-17.7292671203613,"Unknown"
"5020592",378627,2026-04-19 22:45:40,28.7660541534424,-17.7291717529297,"Unknown"
"5020592",378627,2026-04-19 22:46:40,28.7660255432129,-17.7290744781494,"Unknown"
"5020592",378627,2026-04-19 22:47:41,28.7659740447998,-17.7289943695068,"Unknown"
"5020592",378627,2026-04-19 22:48:41,28.7659435272217,-17.7288951873779,"Unknown"
"5020592",378627,2026-04-19 22:49:40,28.7658977508545,-17.7288265228271,"Unknown"
"5020592",378627,2026-04-19 22:50:40,28.7658710479736,-17.7287368774414,"Unknown"
"5020592",378627,2026-04-19 22:51:40,28.7658138275146,-17.728645324707,"Unknown"
"5020592",378627,2026-04-19 22:52:41,28.7657909393311,-17.7285614013672,"Unknown"
"5020592",378627,2026-04-19 22:53:40,28.765739440918,-17.7284908294678,"Unknown"
"5020592",378627,2026-04-19 22:54:40,28.7656898498535,-17.7284049987793,"Unknown"
"5020592",378627,2026-04-19 22:55:40,28.7656440734863,-17.7283954620361,"Unknown"
"5020592",378627,2026-04-19 22:56:40,28.7656211853027,-17.7283878326416,"Unknown"
"5020592",378627,2026-04-19 22:57:42,28.7656364440918,-17.7283744812012,"Unknown"
"5020592",378627,2026-04-19 22:58:42,28.7656135559082,-17.7283191680908,"Unknown"
"5020592",378627,2026-04-19 22:59:40,28.7655925750732,-17.7282524108887,"Unknown"
"5020592",378627,2026-04-19 23:00:42,28.7655696868896,-17.7281360626221,"Unknown"
"5020592",378627,2026-04-19 23:01:40,28.7655429840088,-17.7280693054199,"Unknown"
"5020592",378627,2026-04-19 23:02:40,28.7655258178711,-17.7279834747314,"Unknown"
"5020592",378627,2026-04-19 23:03:40,28.7655124664307,-17.7279090881348,"Unknown"
"5020592",378627,2026-04-19 23:04:42,28.7654571533203,-17.7278480529785,"Unknown"
"5020592",378627,2026-04-19 23:05:40,28.7654418945312,-17.7277565002441,"Unknown"
"5020592",378627,2026-04-19 23:06:42,28.7654342651367,-17.7276935577393,"Unknown"
"5020592",378627,2026-04-19 23:07:41,28.7653980255127,-17.7276153564453,"Unknown"
"5020592",378627,2026-04-19 23:08:40,28.7653903961182,-17.7275505065918,"Unknown"
"5020592",378627,2026-04-19 23:09:40,28.7653541564941,-17.7274646759033,"Unknown"
"5020592",378627,2026-04-19 23:10:42,28.7653369903564,-17.727388381958,"Unknown"
"5020592",378627,2026-04-19 23:11:41,28.7653121948242,-17.7273349761963,"Unknown"
"5020592",378627,2026-04-19 23:12:40,28.7652854919434,-17.7272472381592,"Unknown"
"5020592",378627,2026-04-19 23:13:40,28.7652645111084,-17.7271823883057,"Unknown"
"5020592",378627,2026-04-19 23:14:40,28.7652568817139,-17.7271366119385,"Unknown"
"5020592",378627,2026-04-19 23:15:40,28.7652397155762,-17.7270584106445,"Unknown"
"5020592",378627,2026-04-19 23:16:42,28.7652168273926,-17.7269897460938,"Unknown"
"5020592",378627,2026-04-19 23:17:40,28.7652416229248,-17.7269439697266,"Unknown"
"5020592",378627,2026-04-19 23:18:41,28.7652206420898,-17.7268905639648,"Unknown"
"5020592",378627,2026-04-19 23:19:40,28.7652053833008,-17.72682762146,"Unknown"
"5020592",378627,2026-04-19 23:20:40,28.7651805877686,-17.7268085479736,"Unknown"
"5020592",378627,2026-04-19 23:21:40,28.7651500701904,-17.7267513275146,"Unknown"
"5020592",378627,2026-04-19 23:22:40,28.7651195526123,-17.7266597747803,"Unknown"
"5020592",378627,2026-04-19 23:23:40,28.7651042938232,-17.726583480835,"Unknown"
"5020592",378627,2026-04-19 23:24:41,28.7650852203369,-17.7265148162842,"Unknown"
"5020592",378627,2026-04-19 23:25:40,28.7650814056396,-17.7264270782471,"Unknown"
"5020592",378627,2026-04-19 23:26:41,28.7650814056396,-17.7263469696045,"Unknown"
"5020592",378627,2026-04-19 23:27:40,28.7650585174561,-17.7262954711914,"Unknown"
"5020592",378627,2026-04-19 23:28:40,28.7650413513184,-17.7262420654297,"Unknown"
"5020592",378627,2026-04-19 23:29:40,28.7650146484375,-17.7262134552002,"Unknown"
"5020592",378627,2026-04-19 23:30:40,28.765022277832,-17.7261619567871,"Unknown"
"5020592",378627,2026-04-19 23:31:42,28.7650108337402,-17.7261238098145,"Unknown"
"5020592",378627,2026-04-19 23:32:40,28.7649841308594,-17.7260265350342,"Unknown"
"5020592",378627,2026-04-19 23:33:40,28.7649974822998,-17.7259750366211,"Unknown"
"5020592",378627,2026-04-19 23:34:40,28.7649822235107,-17.7259311676025,"Unknown"
"5020592",378627,2026-04-19 23:35:40,28.7649726867676,-17.7259273529053,"Unknown"
"5020592",378627,2026-04-19 23:36:41,28.7649879455566,-17.7258129119873,"Unknown"
"5020592",378627,2026-04-19 23:37:41,28.765007019043,-17.7257308959961,"Unknown"
"5020592",378627,2026-04-19 23:38:46,28.7650318145752,-17.7256164550781,"Unknown"
"5020592",378627,2026-04-19 23:39:41,28.7650337219238,-17.7255382537842,"Unknown"
"5020592",378627,2026-04-19 23:40:42,28.7650947570801,-17.7254943847656,"Unknown"
"5020592",378627,2026-04-19 23:41:41,28.7651252746582,-17.7253494262695,"Unknown"
"5020592",378627,2026-04-19 23:42:40,28.7651691436768,-17.7252960205078,"Unknown"
"5020592",378627,2026-04-19 23:43:41,28.7652225494385,-17.7251777648926,"Unknown"
"5020592",378627,2026-04-19 23:44:43,28.7652320861816,-17.7251033782959,"Unknown"
"5020592",378627,2026-04-19 23:45:42,28.7652473449707,-17.7249450683594,"Unknown"
"5020592",378627,2026-04-19 23:46:40,28.7652454376221,-17.7249145507812,"Unknown"
"5020592",378627,2026-04-19 23:51:43,28.7647266387939,-17.7268390655518,"Unknown"
"5020592",378627,2026-04-19 23:56:43,28.7647132873535,-17.7265853881836,"Unknown"
"5020592",378627,2026-04-19 23:57:40,28.764720916748,-17.7265720367432,"Unknown"
"5020592",378627,2026-04-19 23:58:41,28.7647342681885,-17.7265281677246,"Unknown"
"5020592",378627,2026-04-20 00:00:03,28.764741897583,-17.7264957427979,"Unknown"
"5020592",378627,2026-04-20 00:00:40,28.7647533416748,-17.7264862060547,"Unknown"
"5020592",378627,2026-04-20 00:01:40,28.7647705078125,-17.7264652252197,"Unknown"
"5020592",378627,2026-04-20 00:02:40,28.7648124694824,-17.7264938354492,"Unknown"
"5020592",378627,2026-04-20 00:03:40,28.7648410797119,-17.7265529632568,"Unknown"
"5020592",378627,2026-04-20 00:04:40,28.7648620605469,-17.7265472412109,"Unknown"
"5020592",378627,2026-04-20 00:05:40,28.7648792266846,-17.7265453338623,"Unknown"
"5020592",378627,2026-04-20 00:06:40,28.764892578125,-17.7265033721924,"Unknown"
"5020592",378627,2026-04-20 00:07:40,28.7649002075195,-17.7264862060547,"Unknown"
"5020592",378627,2026-04-20 00:08:40,28.7649097442627,-17.7264881134033,"Unknown"
"5020592",378627,2026-04-20 00:09:40,28.7649402618408,-17.7264747619629,"Unknown"
"5020592",378627,2026-04-20 00:10:40,28.7649555206299,-17.7264385223389,"Unknown"
"5020592",378627,2026-04-20 00:11:40,28.7649688720703,-17.7264194488525,"Unknown"
"5020592",378627,2026-04-20 00:12:40,28.7649955749512,-17.7264423370361,"Unknown"
"5020592",378627,2026-04-20 00:13:40,28.7650146484375,-17.7264633178711,"Unknown"
"5020592",378627,2026-04-20 00:14:40,28.7650241851807,-17.7264537811279,"Unknown"
"5020592",378627,2026-04-20 00:15:40,28.765100479126,-17.7264137268066,"Unknown"
"5020592",378627,2026-04-20 00:16:40,28.7651710510254,-17.7264556884766,"Unknown"
"5020592",378627,2026-04-20 00:17:41,28.7652835845947,-17.726375579834,"Unknown"
"5020592",378627,2026-04-20 00:18:40,28.7653980255127,-17.7264194488525,"Unknown"
"5020592",378627,2026-04-20 00:19:40,28.7655048370361,-17.7263298034668,"Unknown"
"5020592",378627,2026-04-20 00:20:40,28.7655506134033,-17.7262001037598,"Unknown"
"5020592",378627,2026-04-20 00:21:40,28.7655754089355,-17.7261619567871,"Unknown"
"5020592",378627,2026-04-20 00:22:40,28.7655792236328,-17.7261486053467,"Unknown"
"5020592",378627,2026-04-20 00:23:40,28.7656021118164,-17.726110458374,"Unknown"
"5020592",378627,2026-04-20 00:24:40,28.7655868530273,-17.7261085510254,"Unknown"
"5020592",378627,2026-04-20 00:25:40,28.7655906677246,-17.7260932922363,"Unknown"
"5020592",378627,2026-04-20 00:26:40,28.7655944824219,-17.7260513305664,"Unknown"
"5020592",378627,2026-04-20 00:27:40,28.7656192779541,-17.7260341644287,"Unknown"
"5020592",378627,2026-04-20 00:28:40,28.7656288146973,-17.7260131835938,"Unknown"
"5020592",378627,2026-04-20 00:38:41,28.7659149169922,-17.7256031036377,"Unknown"
"5020592",378627,2026-04-20 00:39:40,28.765962600708,-17.7255611419678,"Unknown"
"5020592",378627,2026-04-20 00:40:40,28.7659854888916,-17.7254772186279,"Unknown"
"5020592",378627,2026-04-20 00:41:40,28.7660331726074,-17.725435256958,"Unknown"
"5020592",378627,2026-04-20 00:42:40,28.766092300415,-17.7254238128662,"Unknown"
"5020592",378627,2026-04-20 00:43:40,28.7661380767822,-17.7253513336182,"Unknown"
"5020592",378627,2026-04-20 00:53:42,28.7667140960693,-17.7248401641846,"Unknown"
"5020592",378627,2026-04-20 00:54:40,28.7667980194092,-17.7248039245605,"Unknown"
"5020592",378627,2026-04-20 01:04:41,28.767505645752,-17.7243385314941,"Unknown"
"5020592",378627,2026-04-20 01:09:40,28.7727127075195,-17.7342319488525,"Unknown"
"5020592",378627,2026-04-20 01:19:40,28.7893886566162,-17.7470054626465,"Unknown"
"5020592",378627,2026-04-20 01:29:40,28.7912521362305,-17.7418117523193,"Unknown"
"5020592",378627,2026-04-20 01:39:45,28.7759132385254,-17.749044418335,"Unknown"
"5020592",378627,2026-04-20 01:49:42,28.7839508056641,-17.762674331665,"Unknown"
"5020592",378627,2026-04-20 01:50:41,28.7852439880371,-17.7611427307129,"Unknown"
"5020592",378627,2026-04-20 02:00:40,28.7757225036621,-17.7617721557617,"Unknown"
"5020592",378627,2026-04-20 02:01:54,28.7750511169434,-17.7629871368408,"Unknown"
"5020592",378627,2026-05-01 07:12:03,28.8835601806641,-17.3843517303467,"Unknown"
"5020592",378627,2026-05-01 09:10:59,29.0660457611084,-17.1086177825928,"Unknown"
"5020592",378627,2026-05-01 10:11:26,29.0642185211182,-17.072057723999,"Unknown"
"5020592",378627,2026-05-01 11:10:58,29.0685253143311,-17.0691299438477,"Unknown"
"5020592",378627,2026-05-01 12:11:27,29.0740165710449,-17.0410232543945,"Unknown"
"5020592",378627,2026-05-01 12:16:00,29.0745468139648,-17.0408420562744,"Unknown"
"5020592",378627,2026-05-01 12:20:59,29.0752143859863,-17.0406875610352,"Unknown"
"5020592",378627,2026-05-01 12:26:00,29.075777053833,-17.0405139923096,"Unknown"
"5020592",378627,2026-05-01 12:31:00,29.0763721466064,-17.0401573181152,"Unknown"
"5020592",378627,2026-05-01 12:35:59,29.0770530700684,-17.0398235321045,"Unknown"
"5020592",378627,2026-05-01 12:41:01,29.0777111053467,-17.0394687652588,"Unknown"
"5020592",378627,2026-05-01 12:46:00,29.0783214569092,-17.0389556884766,"Unknown"
"5020592",378627,2026-05-01 12:51:00,29.0789775848389,-17.0384521484375,"Unknown"
"5020592",378627,2026-05-01 12:56:02,29.0853023529053,-17.0386848449707,"Unknown"
"5020592",378627,2026-05-01 13:01:01,29.0815143585205,-17.0375499725342,"Unknown"
"5020592",378627,2026-05-01 13:06:00,29.081916809082,-17.0371265411377,"Unknown"
"5020592",378627,2026-05-01 13:11:02,29.0825309753418,-17.0367183685303,"Unknown"
"5020592",378627,2026-05-01 13:16:27,29.0832023620605,-17.0362186431885,"Unknown"
"5020592",378627,2026-05-01 13:21:00,29.0832996368408,-17.0352973937988,"Unknown"
"5020592",378627,2026-05-01 13:26:59,29.084077835083,-17.0347423553467,"Unknown"
"5020592",378627,2026-05-01 13:32:01,29.0846385955811,-17.0343208312988,"Unknown"
"5020592",378627,2026-05-01 13:36:59,29.0851440429688,-17.034107208252,"Unknown"
"5020592",378627,2026-05-01 13:42:01,29.0856590270996,-17.0337181091309,"Unknown"
"5020592",378627,2026-05-01 13:47:33,29.0863952636719,-17.0332088470459,"Unknown"
"5020592",378627,2026-05-01 13:51:59,29.0871162414551,-17.0327205657959,"Unknown"
"5020592",378627,2026-05-01 13:56:59,29.0880851745605,-17.0321273803711,"Unknown"
"5020592",378627,2026-05-01 14:01:59,29.0887413024902,-17.0316696166992,"Unknown"
"5020592",378627,2026-05-01 14:07:00,29.0895652770996,-17.0312614440918,"Unknown"
"5020592",378627,2026-05-01 14:11:58,29.09033203125,-17.030855178833,"Unknown"
"5020592",378627,2026-05-01 14:16:59,29.0910987854004,-17.0304698944092,"Unknown"
"5020592",378627,2026-05-01 14:22:00,29.0917568206787,-17.0298976898193,"Unknown"
"5020592",378627,2026-05-01 14:26:58,29.0923480987549,-17.0294513702393,"Unknown"
"5020592",378627,2026-05-01 14:31:59,29.0928821563721,-17.0289974212646,"Unknown"
"5020592",378627,2026-05-01 14:36:59,29.0935974121094,-17.0293273925781,"Unknown"
"5020592",378627,2026-05-01 14:41:59,29.1062088012695,-17.0341300964355,"Unknown"
"5020592",378627,2026-05-01 14:46:59,29.1094779968262,-17.0310230255127,"Unknown"
"5020592",378627,2026-05-01 14:51:58,29.123987197876,-17.007230758667,"Unknown"
"5020592",378627,2026-05-01 14:56:59,29.1489009857178,-16.9754161834717,"Unknown"
"5020592",378627,2026-05-01 15:02:01,29.157751083374,-16.9372177124023,"Unknown"
"5020592",378627,2026-05-01 15:07:01,29.1721000671387,-16.9013023376465,"Unknown"
"5020592",378627,2026-05-01 15:12:00,29.1853694915771,-16.8634700775146,"Unknown"
"5020592",378627,2026-05-01 15:17:00,29.1973876953125,-16.8238487243652,"Unknown"
"5020592",378627,2026-05-01 15:22:01,29.2004051208496,-16.7864856719971,"Unknown"
"5020592",378627,2026-05-01 15:26:59,29.2039585113525,-16.7517051696777,"Unknown"
"5020592",378627,2026-05-01 15:31:58,29.2150077819824,-16.7149906158447,"Unknown"
"5020592",378627,2026-05-01 15:36:59,29.2286949157715,-16.6782970428467,"Unknown"
"5020592",378627,2026-05-01 15:42:09,29.2384757995605,-16.647632598877,"Unknown"
"5020592",378627,2026-05-01 15:47:01,29.2492408752441,-16.6146850585938,"Unknown"
"5020592",378627,2026-05-01 15:52:33,29.2588729858398,-16.5726299285889,"Unknown"
"5020592",378627,2026-05-01 15:56:58,29.2669715881348,-16.5437812805176,"Unknown"
"5020592",378627,2026-05-01 16:02:27,29.2671737670898,-16.5427284240723,"Unknown"
"5020592",378627,2026-05-01 16:06:59,29.2713527679443,-16.5106220245361,"Unknown"
"5020592",378627,2026-05-01 16:11:59,29.2719192504883,-16.5059261322021,"Unknown"
"5020592",378627,2026-05-01 16:16:59,29.2714710235596,-16.5030193328857,"Unknown"
"5020592",378627,2026-05-01 16:21:59,29.2715377807617,-16.4668235778809,"Unknown"
"5020592",378627,2026-05-01 16:26:59,29.276554107666,-16.4297828674316,"Unknown"
"5020592",378627,2026-05-01 16:31:59,29.2815799713135,-16.3929328918457,"Unknown"
"5020592",378627,2026-05-01 16:36:59,29.2871704101562,-16.3554267883301,"Unknown"
"5020592",378627,2026-05-01 16:42:01,29.2930583953857,-16.3185176849365,"Unknown"
"5020592",378627,2026-05-01 16:46:59,29.3019962310791,-16.2835960388184,"Unknown"
"5020592",378627,2026-05-01 16:51:59,29.3125476837158,-16.2496242523193,"Unknown"
"5020592",378627,2026-05-01 16:57:00,29.3257160186768,-16.2152271270752,"Unknown"
"5020592",378627,2026-05-01 17:01:59,29.3377532958984,-16.180850982666,"Unknown"
"5020592",378627,2026-05-01 17:06:59,29.3514652252197,-16.1463432312012,"Unknown"
"5020592",378627,2026-05-01 17:11:59,29.3635025024414,-16.1125564575195,"Unknown"
"5020592",378627,2026-05-01 17:16:59,29.3734703063965,-16.0766582489014,"Unknown"
"5020592",378627,2026-05-01 17:27:00,29.3948917388916,-16.0045700073242,"Unknown"
"5020592",378627,2026-05-01 17:31:59,29.4054431915283,-15.9696769714355,"Unknown"
"5020592",378627,2026-05-01 17:36:59,29.4147930145264,-15.932562828064,"Unknown"
"5020592",378627,2026-05-01 17:42:00,29.4259910583496,-15.8956470489502,"Unknown"
"5020592",378627,2026-05-01 17:47:02,29.4346141815186,-15.8593530654907,"Unknown"
"5020592",378627,2026-05-01 17:51:59,29.4398536682129,-15.8229637145996,"Unknown"
"5020592",378627,2026-05-01 17:57:35,29.442798614502,-15.8139705657959,"Unknown"
"5020592",378627,2026-05-01 18:01:58,29.4430656433105,-15.8135099411011,"Unknown"
"5020592",378627,2026-05-01 18:06:59,29.4544582366943,-15.7812442779541,"Unknown"
"5020592",378627,2026-05-01 18:11:58,29.4601097106934,-15.743483543396,"Unknown"
"5020592",378627,2026-05-01 18:16:58,29.467658996582,-15.7040634155273,"Unknown"
"5020592",378627,2026-05-01 18:21:59,29.4730758666992,-15.6710042953491,"Unknown"
"5020592",378627,2026-05-01 18:26:59,29.479471206665,-15.6343069076538,"Unknown"
"5020592",378627,2026-05-01 18:31:59,29.4865856170654,-15.5977449417114,"Unknown"
"5020592",378627,2026-05-01 18:37:33,29.4964542388916,-15.5578193664551,"Unknown"
"5020592",378627,2026-05-01 18:41:59,29.5050888061523,-15.526029586792,"Unknown"
"5020592",378627,2026-05-01 18:46:58,29.5099315643311,-15.4924783706665,"Unknown"
"5020592",378627,2026-05-01 18:51:58,29.5227088928223,-15.459264755249,"Unknown"
"5020592",378627,2026-05-01 18:56:58,29.5364036560059,-15.425573348999,"Unknown"
"5020592",378627,2026-05-01 19:02:00,29.5503387451172,-15.3936672210693,"Unknown"
"5020592",378627,2026-05-01 19:06:59,29.5546970367432,-15.367883682251,"Unknown"
"5020592",378627,2026-05-01 19:11:59,29.5628280639648,-15.3323421478271,"Unknown"
"5020592",378627,2026-05-01 19:16:59,29.5674839019775,-15.3158111572266,"Unknown"
"5020592",378627,2026-05-01 19:21:58,29.5680503845215,-15.3140249252319,"Unknown"
"5020592",378627,2026-05-01 19:26:58,29.5666675567627,-15.2773914337158,"Unknown"
"5020592",378627,2026-05-01 19:31:59,29.5690650939941,-15.2403898239136,"Unknown"
"5020592",378627,2026-05-01 19:36:59,29.5653419494629,-15.2031660079956,"Unknown"
"5020592",378627,2026-05-01 19:41:59,29.5652904510498,-15.1661014556885,"Unknown"
"5020592",378627,2026-05-01 19:46:58,29.5664520263672,-15.128942489624,"Unknown"
"5020592",378627,2026-05-01 19:51:58,29.5679721832275,-15.0913858413696,"Unknown"
"5020592",378627,2026-05-01 19:56:59,29.5660190582275,-15.0521974563599,"Unknown"
"5020592",378627,2026-05-01 20:02:33,29.5681533813477,-15.0113935470581,"Unknown"
"5020592",378627,2026-05-01 20:06:58,29.5701351165771,-14.9780282974243,"Unknown"
"5020592",378627,2026-05-01 20:12:00,29.5724182128906,-14.9397487640381,"Unknown"
"5020592",378627,2026-05-01 20:16:59,29.5708866119385,-14.9023294448853,"Unknown"
"5020592",378627,2026-05-01 20:21:59,29.571174621582,-14.8655939102173,"Unknown"
"5020592",378627,2026-05-01 20:26:59,29.5739364624023,-14.8296508789062,"Unknown"
"5020592",378627,2026-05-01 20:31:59,29.574649810791,-14.7937526702881,"Unknown"
"5020592",378627,2026-05-01 20:36:59,29.5750045776367,-14.7585334777832,"Unknown"
"5020592",378627,2026-05-01 20:42:02,29.5779933929443,-14.7237129211426,"Unknown"
"5020592",378627,2026-05-01 20:46:59,29.5808219909668,-14.6882696151733,"Unknown"
"5020592",378627,2026-05-01 20:52:06,29.5808391571045,-14.6765270233154,"Unknown"
"5020592",378627,2026-05-01 20:57:01,29.5801963806152,-14.6760177612305,"Unknown"
"5020592",378627,2026-05-01 21:01:59,29.5794906616211,-14.6754236221313,"Unknown"
"5020592",378627,2026-05-01 21:07:01,29.5787944793701,-14.6748447418213,"Unknown"
"5020592",378627,2026-05-01 21:12:01,29.5781154632568,-14.6742057800293,"Unknown"
"5020592",378627,2026-05-01 21:17:01,29.5773830413818,-14.6735954284668,"Unknown"
"5020592",378627,2026-05-01 21:27:00,29.5742130279541,-14.6224765777588,"Unknown"
"5020592",378627,2026-05-01 21:32:47,29.5719451904297,-14.5834512710571,"Unknown"
"5020592",378627,2026-05-01 21:37:00,29.5734786987305,-14.5553827285767,"Unknown"
"5020592",378627,2026-05-01 21:42:00,29.5743789672852,-14.5229005813599,"Unknown"
"5020592",378627,2026-05-01 21:47:02,29.5757083892822,-14.4893026351929,"Unknown"
"5020592",378627,2026-05-01 21:52:02,29.5751934051514,-14.456356048584,"Unknown"
"5020592",378627,2026-05-01 21:57:01,29.5729351043701,-14.4226913452148,"Unknown"
"5020592",378627,2026-05-01 22:02:02,29.5728054046631,-14.3901567459106,"Unknown"
"5020592",378627,2026-05-01 22:07:02,29.5741157531738,-14.3587379455566,"Unknown"
"5020592",378627,2026-05-01 22:12:02,29.5761222839355,-14.3267469406128,"Unknown"
"5020592",378627,2026-05-01 22:17:00,29.5768070220947,-14.2965621948242,"Unknown"
"5020592",378627,2026-05-01 22:22:02,29.5773487091064,-14.2649736404419,"Unknown"
"5020592",378627,2026-05-01 22:27:02,29.5752029418945,-14.2332248687744,"Unknown"
"5020592",378627,2026-05-01 22:32:02,29.5726089477539,-14.2001895904541,"Unknown"
"5020592",378627,2026-05-01 22:37:06,29.5689182281494,-14.1690893173218,"Unknown"
"5020592",378627,2026-05-01 22:42:02,29.5652294158936,-14.1383323669434,"Unknown"
"5020592",378627,2026-05-01 22:47:02,29.5586318969727,-14.1068878173828,"Unknown"
"5020592",378627,2026-05-01 22:52:57,29.5555801391602,-14.0699806213379,"Unknown"
"5020592",378627,2026-05-01 22:56:59,29.5542793273926,-14.0455236434937,"Unknown"
"5020592",378627,2026-05-01 23:02:00,29.5524120330811,-14.0149402618408,"Unknown"
"5020592",378627,2026-05-01 23:06:59,29.5472984313965,-13.9846019744873,"Unknown"
"5020592",378627,2026-05-01 23:18:25,29.5343265533447,-13.9173126220703,"Unknown"
"5020592",378627,2026-05-01 23:22:00,29.5304489135742,-13.8955698013306,"Unknown"
"5020592",378627,2026-05-01 23:27:02,29.5266647338867,-13.8652515411377,"Unknown"
"5020592",378627,2026-05-01 23:31:59,29.5220146179199,-13.8355436325073,"Unknown"
"5020592",378627,2026-05-01 23:37:00,29.518346786499,-13.8055219650269,"Unknown"
"5020592",378627,2026-05-01 23:42:00,29.5167331695557,-13.7757186889648,"Unknown"
"5020592",378627,2026-05-01 23:47:01,29.5074806213379,-13.7458524703979,"Unknown"
"5020592",378627,2026-05-01 23:52:00,29.5016918182373,-13.7160024642944,"Unknown"
"5020592",378627,2026-05-01 23:58:25,29.4913425445557,-13.6780633926392,"Unknown"
"5020592",378627,2026-05-02 00:01:59,29.4861831665039,-13.6572704315186,"Unknown"
"5020592",378627,2026-05-02 00:07:00,29.4798278808594,-13.6288461685181,"Unknown"
"5020592",378627,2026-05-02 00:12:00,29.4695281982422,-13.6006355285645,"Unknown"
"5020592",378627,2026-05-02 00:17:02,29.4617862701416,-13.5726070404053,"Unknown"
"5020592",378627,2026-05-02 00:22:02,29.4606952667236,-13.5453834533691,"Unknown"
"5020592",378627,2026-05-02 00:27:02,29.4566020965576,-13.5189905166626,"Unknown"
"5020592",378627,2026-05-02 00:32:00,29.4491519927979,-13.5024890899658,"Unknown"
"5020592",378627,2026-05-02 00:37:02,29.4385051727295,-13.5093450546265,"Unknown"
"5020592",378627,2026-05-02 00:42:01,29.4332294464111,-13.4970169067383,"Unknown"
"5020592",378627,2026-05-02 00:47:01,29.4345722198486,-13.496057510376,"Unknown"
"5020592",378627,2026-05-02 00:52:02,29.4342365264893,-13.4955530166626,"Unknown"
"5020592",378627,2026-05-02 00:58:25,29.4348182678223,-13.4956912994385,"Unknown"
"5020592",378627,2026-05-02 01:02:02,29.4349498748779,-13.4946556091309,"Unknown"
"5020592",378627,2026-05-02 01:07:02,29.4350833892822,-13.4939498901367,"Unknown"
"5020592",378627,2026-05-02 01:12:00,29.4361476898193,-13.487359046936,"Unknown"
"5020592",378627,2026-05-02 01:17:00,29.4334564208984,-13.4770421981812,"Unknown"
"5020592",378627,2026-05-02 01:22:00,29.432580947876,-13.4773864746094,"Unknown"
"5020592",378627,2026-05-02 01:32:00,29.4247360229492,-13.4500408172607,"Unknown"
"5020592",378627,2026-05-02 01:37:00,29.4223823547363,-13.4231290817261,"Unknown"
"5020592",378627,2026-05-02 01:41:59,29.4206886291504,-13.3967657089233,"Unknown"
"5020592",378627,2026-05-02 01:47:00,29.4164810180664,-13.3696231842041,"Unknown"
"5020592",378627,2026-05-02 01:52:00,29.4113521575928,-13.3432636260986,"Unknown"
"5020592",378627,2026-05-02 01:57:01,29.4087696075439,-13.321234703064,"Unknown"
"5020592",378627,2026-05-02 02:02:01,29.4084014892578,-13.3216180801392,"Unknown"
"5020592",378627,2026-05-02 02:07:01,29.4077167510986,-13.3219966888428,"Unknown"
"5020592",378627,2026-05-02 02:12:02,29.4070949554443,-13.3224582672119,"Unknown"
"5020592",378627,2026-05-02 02:17:00,29.4064884185791,-13.3229608535767,"Unknown"
"5020592",378627,2026-05-02 02:22:33,29.4057769775391,-13.3234510421753,"Unknown"
"5020592",378627,2026-05-02 02:26:59,29.4052562713623,-13.3239402770996,"Unknown"
"5020592",378627,2026-05-02 02:31:59,29.4046497344971,-13.3243837356567,"Unknown"
"5020592",378627,2026-05-02 02:36:59,29.4041290283203,-13.3248510360718,"Unknown"
"5020592",378627,2026-05-02 02:41:59,29.4034996032715,-13.3253183364868,"Unknown"
"5020592",378627,2026-05-02 02:46:59,29.4027976989746,-13.3257732391357,"Unknown"
"5020592",378627,2026-05-02 02:51:59,29.4021072387695,-13.3262405395508,"Unknown"
"5020592",378627,2026-05-02 02:56:59,29.4014358520508,-13.3266983032227,"Unknown"
"5020592",378627,2026-05-02 03:01:59,29.4020900726318,-13.3046779632568,"Unknown"
"5020592",378627,2026-05-02 03:06:59,29.4018611907959,-13.3011102676392,"Unknown"
"5020592",378627,2026-05-02 03:11:58,29.4010047912598,-13.3019113540649,"Unknown"
"5020592",378627,2026-05-02 03:17:00,29.3999671936035,-13.3025827407837,"Unknown"
"5020592",378627,2026-05-02 03:21:59,29.3992881774902,-13.3032970428467,"Unknown"
"5020592",378627,2026-05-02 03:27:00,29.398738861084,-13.3042268753052,"Unknown"
"5020592",378627,2026-05-02 03:31:59,29.3981323242188,-13.3050889968872,"Unknown"
"5020592",378627,2026-05-02 03:36:59,29.397647857666,-13.3060483932495,"Unknown"
"5020592",378627,2026-05-02 03:41:59,29.3971710205078,-13.3070335388184,"Unknown"
"5020592",378627,2026-05-02 03:46:59,29.3964900970459,-13.3078107833862,"Unknown"
"5020592",378627,2026-05-02 03:51:59,29.3960189819336,-13.3088026046753,"Unknown"
"5020592",378627,2026-05-02 03:56:58,29.3957691192627,-13.3075981140137,"Unknown"
"5020592",378627,2026-05-02 04:01:59,29.3986396789551,-13.2880039215088,"Unknown"
"5020592",378627,2026-05-02 04:06:59,29.3982448577881,-13.2889938354492,"Unknown"
"5020592",378627,2026-05-02 04:11:59,29.3977928161621,-13.2899312973022,"Unknown"
"5020592",378627,2026-05-02 04:16:59,29.3973484039307,-13.2908191680908,"Unknown"
"5020592",378627,2026-05-02 04:21:59,29.3969993591309,-13.2918109893799,"Unknown"
"5020592",378627,2026-05-02 04:32:00,29.3986701965332,-13.2598991394043,"Unknown"
"5020592",378627,2026-05-02 04:42:01,29.4004859924316,-13.2052345275879,"Unknown"
"5020592",378627,2026-05-02 04:52:00,29.4012641906738,-13.187385559082,"Unknown"
"5020592",378627,2026-05-02 04:57:02,29.4017028808594,-13.1828374862671,"Unknown"
"5020592",378627,2026-05-02 05:02:33,29.401575088501,-13.184588432312,"Unknown"
"5020592",378627,2026-05-02 05:06:59,29.4014778137207,-13.185996055603,"Unknown"
"5020592",378627,2026-05-02 05:16:59,29.4013633728027,-13.1891355514526,"Unknown"
"5020592",378627,2026-05-02 05:26:59,29.4012489318848,-13.1921310424805,"Unknown"
"5020592",378627,2026-05-02 05:36:59,29.409200668335,-13.172082901001,"Unknown"
"5020592",378627,2026-05-02 05:46:59,29.420446395874,-13.1177368164062,"Unknown"
"5020592",378627,2026-05-02 05:56:59,29.4280376434326,-13.0590648651123,"Unknown"
"5020592",378627,2026-05-02 06:07:00,29.4349727630615,-13.0102243423462,"Unknown"
"5020592",378627,2026-05-02 06:17:01,29.4330577850342,-13.0224771499634,"Unknown"
"5020592",378627,2026-05-02 06:27:00,29.4321765899658,-13.0283498764038,"Unknown"
"5020592",378627,2026-05-02 06:37:00,29.4318161010742,-13.0294666290283,"Unknown"
"5020592",378627,2026-05-02 06:47:00,29.4315662384033,-13.0307483673096,"Unknown"
"5020592",378627,2026-05-02 06:57:00,29.4313430786133,-13.0317687988281,"Unknown"
"5020592",378627,2026-05-02 07:07:00,29.4295921325684,-12.9875726699829,"Unknown"
"5020592",378627,2026-05-02 07:12:03,29.4342250823975,-12.9623861312866,"Unknown"
"5020592",378627,2026-05-02 07:16:59,29.4338150024414,-12.9345760345459,"Unknown"
"5020592",378627,2026-05-02 07:22:00,29.4396076202393,-12.9064445495605,"Unknown"
"5020592",378627,2026-05-02 07:27:02,29.4395027160645,-12.8758430480957,"Unknown"
"5020592",378627,2026-05-02 07:31:59,29.434986114502,-12.8438234329224,"Unknown"
"5020592",378627,2026-05-02 07:37:02,29.4327907562256,-12.812388420105,"Unknown"
"5020592",378627,2026-05-02 07:42:33,29.4307994842529,-12.8126735687256,"Unknown"
"5020592",378627,2026-05-02 07:46:59,29.4289207458496,-12.8138523101807,"Unknown"
"5020592",378627,2026-05-02 07:51:59,29.4285984039307,-12.8138990402222,"Unknown"
"5020592",378627,2026-05-02 07:56:59,29.4240798950195,-12.815616607666,"Unknown"
"5020592",378627,2026-05-02 08:01:59,29.416877746582,-12.8119029998779,"Unknown"
"5020592",378627,2026-05-02 08:06:59,29.4146099090576,-12.8121709823608,"Unknown"
"5020592",378627,2026-05-02 08:11:59,29.41064453125,-12.8107223510742,"Unknown"
"5020592",378627,2026-05-02 08:16:59,29.4082660675049,-12.8109197616577,"Unknown"
"5020592",378627,2026-05-02 08:21:59,29.4064998626709,-12.8173532485962,"Unknown"
"5020592",378627,2026-05-02 08:26:59,29.4062728881836,-12.8178644180298,"Unknown"
"5020592",378627,2026-05-02 08:32:01,29.4163246154785,-12.8149471282959,"Unknown"
"5020592",378627,2026-05-02 08:36:59,29.4232749938965,-12.8151550292969,"Unknown"
"5020592",378627,2026-05-02 08:42:00,29.4309844970703,-12.8124141693115,"Unknown"
"5020592",378627,2026-05-02 08:47:07,29.4387054443359,-12.8108243942261,"Unknown"
"5020592",378627,2026-05-02 08:51:59,29.4375324249268,-12.8190517425537,"Unknown"
"5020592",378627,2026-05-02 08:56:59,29.4371662139893,-12.8190021514893,"Unknown"
"5020592",378627,2026-05-02 09:02:00,29.436840057373,-12.8190279006958,"Unknown"
"5020592",378627,2026-05-02 09:07:00,29.4365825653076,-12.818977355957,"Unknown"
"5020592",378627,2026-05-02 09:12:00,29.4362297058105,-12.8188705444336,"Unknown"
"5020592",378627,2026-05-02 09:17:00,29.4359340667725,-12.8187131881714,"Unknown"
"5020592",378627,2026-05-02 09:26:59,29.4355735778809,-12.8185052871704,"Unknown"
"5020592",378627,2026-05-02 09:31:58,29.4342098236084,-12.7966003417969,"Unknown"
"5020592",378627,2026-05-02 09:36:58,29.4265003204346,-12.7752647399902,"Unknown"
"5020592",378627,2026-05-02 09:41:59,29.4260864257812,-12.7694540023804,"Unknown"
"5020592",378627,2026-05-02 09:47:01,29.4292774200439,-12.7616815567017,"Unknown"
"5020592",378627,2026-05-02 09:51:58,29.4271640777588,-12.7564096450806,"Unknown"
"5020592",378627,2026-05-02 09:56:59,29.4294815063477,-12.7571859359741,"Unknown"
"5020592",378627,2026-05-02 10:07:33,29.4288959503174,-12.7542333602905,"Unknown"
"5020592",378627,2026-05-02 10:11:58,29.4292240142822,-12.7544412612915,"Unknown"
"5020592",378627,2026-05-02 10:16:58,29.4295063018799,-12.7546739578247,"Unknown"
"5020592",378627,2026-05-02 10:21:58,29.4392070770264,-12.7539367675781,"Unknown"
"5020592",378627,2026-05-02 10:26:58,29.4617748260498,-12.7562112808228,"Unknown"
"5020592",378627,2026-05-02 10:31:57,29.4708671569824,-12.760308265686,"Unknown"
"5020592",378627,2026-05-02 10:36:59,29.4702091217041,-12.7668752670288,"Unknown"
"5020592",378627,2026-05-02 10:41:59,29.465482711792,-12.7729320526123,"Unknown"
"5020592",378627,2026-05-02 10:46:59,29.4642868041992,-12.7752447128296,"Unknown"
"5020592",378627,2026-05-02 10:51:59,29.4621429443359,-12.7787427902222,"Unknown"
"5020592",378627,2026-05-02 10:57:00,29.4595813751221,-12.783595085144,"Unknown"
"5020592",378627,2026-05-02 11:01:59,29.459903717041,-12.7884941101074,"Unknown"
"5020592",378627,2026-05-02 11:06:59,29.4636878967285,-12.7891530990601,"Unknown"
"5020592",378627,2026-05-02 11:12:00,29.4649353027344,-12.7814855575562,"Unknown"
"5020592",378627,2026-05-02 11:16:59,29.4668712615967,-12.7740831375122,"Unknown"
"5020592",378627,2026-05-02 11:21:59,29.4668197631836,-12.7740898132324,"Unknown"
"5020592",378627,2026-05-02 11:27:00,29.4667682647705,-12.7738361358643,"Unknown"
"5020592",378627,2026-05-02 11:32:00,29.4667282104492,-12.7738075256348,"Unknown"
"5020592",378627,2026-05-02 11:37:00,29.4667053222656,-12.7736682891846,"Unknown"
"5020592",378627,2026-05-02 11:42:00,29.4666042327881,-12.7735738754272,"Unknown"
"5020592",378627,2026-05-02 11:46:59,29.466459274292,-12.773512840271,"Unknown"
"5020592",378627,2026-05-02 11:51:59,29.4663753509521,-12.7735862731934,"Unknown"
"5020592",378627,2026-05-02 11:56:59,29.4662685394287,-12.7736434936523,"Unknown"
"5020592",378627,2026-05-02 12:01:59,29.4661312103271,-12.7737579345703,"Unknown"
"5020592",378627,2026-05-02 12:06:59,29.4659442901611,-12.773943901062,"Unknown"
"5020592",378627,2026-05-02 12:11:59,29.4657516479492,-12.7740926742554,"Unknown"
"5020592",378627,2026-05-02 12:16:59,29.4654865264893,-12.7742614746094,"Unknown"
"5020592",378627,2026-05-02 12:21:59,29.4653224945068,-12.7743787765503,"Unknown"
"5020592",378627,2026-05-02 12:26:59,29.465030670166,-12.7745542526245,"Unknown"
"5020592",378627,2026-05-02 12:32:00,29.4648094177246,-12.7747488021851,"Unknown"
"5020592",378627,2026-05-02 12:37:00,29.4691352844238,-12.7421741485596,"Unknown"
"5020592",378627,2026-05-02 12:42:00,29.4731884002686,-12.7158575057983,"Unknown"
"5020592",378627,2026-05-02 12:46:59,29.4659881591797,-12.7226486206055,"Unknown"
"5020592",378627,2026-05-02 12:52:02,29.4659862518311,-12.7247095108032,"Unknown"
"5020592",378627,2026-05-02 12:57:02,29.4567604064941,-12.7171688079834,"Unknown"
"5020592",378627,2026-05-02 13:02:02,29.4501323699951,-12.7181825637817,"Unknown"
"5020592",378627,2026-05-02 13:08:03,29.4552688598633,-12.7032833099365,"Unknown"
"5020592",378627,2026-05-02 13:12:00,29.4638652801514,-12.6796960830688,"Unknown"
"5020592",378627,2026-05-02 13:17:04,29.4620361328125,-12.6768007278442,"Unknown"
"5020592",378627,2026-05-02 13:27:47,29.4608955383301,-12.6720247268677,"Unknown"
"5020592",378627,2026-05-02 13:32:00,29.4557132720947,-12.6636257171631,"Unknown"
"5020592",378627,2026-05-02 13:37:01,29.4472236633301,-12.6624317169189,"Unknown"
"5020592",378627,2026-05-02 13:41:58,29.4453372955322,-12.6501483917236,"Unknown"
"5020592",378627,2026-05-02 13:46:58,29.4379577636719,-12.620379447937,"Unknown"
"5020592",378627,2026-05-02 13:51:57,29.4427871704102,-12.6211223602295,"Unknown"
"5020592",378627,2026-05-02 13:56:58,29.4476051330566,-12.6223936080933,"Unknown"
"5020592",378627,2026-05-02 14:01:58,29.4517402648926,-12.6253032684326,"Unknown"
"5020592",378627,2026-05-02 14:06:58,29.4533729553223,-12.623649597168,"Unknown"
"5020592",378627,2026-05-02 14:11:59,29.4558715820312,-12.6209020614624,"Unknown"
"5020592",378627,2026-05-02 14:16:57,29.4548835754395,-12.6286172866821,"Unknown"
"5020592",378627,2026-05-02 14:21:59,29.4556903839111,-12.6337928771973,"Unknown"
"5020592",378627,2026-05-02 14:27:01,29.4595813751221,-12.6338777542114,"Unknown"
"5020592",378627,2026-05-02 14:31:57,29.4616279602051,-12.6344108581543,"Unknown"
"5020592",378627,2026-05-02 14:36:57,29.4621829986572,-12.633641242981,"Unknown"
"5020592",378627,2026-05-02 14:41:59,29.4684352874756,-12.6391696929932,"Unknown"
"5020592",378627,2026-05-02 14:47:02,29.4694290161133,-12.6439294815063,"Unknown"
"5020592",378627,2026-05-02 14:52:02,29.4696063995361,-12.6436557769775,"Unknown"
"5020592",378627,2026-05-02 14:56:58,29.4751472473145,-12.6488933563232,"Unknown"
"5020592",378627,2026-05-02 15:02:05,29.4800338745117,-12.6527967453003,"Unknown"
"5020592",378627,2026-05-02 15:07:05,29.4852542877197,-12.6534996032715,"Unknown"
"5020592",378627,2026-05-02 15:12:02,29.4861011505127,-12.6523380279541,"Unknown"
"5020592",378627,2026-05-02 15:17:03,29.485818862915,-12.6475219726562,"Unknown"
"5020592",378627,2026-05-02 15:22:06,29.4849529266357,-12.6430988311768,"Unknown"
"5020592",378627,2026-05-02 15:27:03,29.4858474731445,-12.6387376785278,"Unknown"
"5020592",378627,2026-05-02 15:32:01,29.4885540008545,-12.6347818374634,"Unknown"
"5020592",378627,2026-05-02 15:37:33,29.4876518249512,-12.629111289978,"Unknown"
"5020592",378627,2026-05-02 15:41:58,29.4860496520996,-12.6266450881958,"Unknown"
"5020592",378627,2026-05-02 15:46:58,29.4898128509521,-12.6220951080322,"Unknown"
"5020592",378627,2026-05-02 15:51:59,29.4891929626465,-12.6167964935303,"Unknown"
"5020592",378627,2026-05-02 15:56:58,29.4902496337891,-12.6105718612671,"Unknown"
"5020592",378627,2026-05-02 16:01:58,29.4887199401855,-12.6066837310791,"Unknown"
"5020592",378627,2026-05-02 16:06:59,29.4908847808838,-12.6018953323364,"Unknown"
"5020592",378627,2026-05-02 16:11:58,29.4894638061523,-12.5964832305908,"Unknown"
"5020592",378627,2026-05-02 16:16:58,29.4914245605469,-12.5946969985962,"Unknown"
"5020592",378627,2026-05-02 16:21:58,29.4930610656738,-12.5907506942749,"Unknown"
"5020592",378627,2026-05-02 16:26:58,29.4924373626709,-12.5876836776733,"Unknown"
"5020592",378627,2026-05-02 16:31:58,29.4933929443359,-12.5837516784668,"Unknown"
"5020592",378627,2026-05-02 16:36:59,29.4939785003662,-12.5802936553955,"Unknown"
"5020592",378627,2026-05-02 16:41:59,29.4937553405762,-12.5799884796143,"Unknown"
"5020592",378627,2026-05-02 16:46:59,29.4877834320068,-12.5450191497803,"Unknown"
"5020592",378627,2026-05-02 16:51:59,29.4808025360107,-12.5074586868286,"Unknown"
"5020592",378627,2026-05-02 16:56:59,29.4729385375977,-12.4680728912354,"Unknown"
"5020592",378627,2026-05-02 17:02:00,29.4626541137695,-12.429105758667,"Unknown"
"5020592",378627,2026-05-02 17:06:59,29.454517364502,-12.3911848068237,"Unknown"
"5020592",378627,2026-05-02 17:11:59,29.4436798095703,-12.3522062301636,"Unknown"
"5020592",378627,2026-05-02 17:17:02,29.4310855865479,-12.3126277923584,"Unknown"
"5020592",378627,2026-05-02 17:27:00,29.4101428985596,-12.2335538864136,"Unknown"
"5020592",378627,2026-05-02 17:33:24,29.3924732208252,-12.1827793121338,"Unknown"
"5020592",378627,2026-05-02 17:36:59,29.3810958862305,-12.153076171875,"Unknown"
"5020592",378627,2026-05-02 17:41:59,29.3924713134766,-12.1403694152832,"Unknown"
"5020592",378627,2026-05-02 17:46:59,29.3886489868164,-12.1365814208984,"Unknown"
"5020592",378627,2026-05-02 17:52:10,29.3864822387695,-12.1304750442505,"Unknown"
"5020592",378627,2026-05-02 17:58:24,29.3859214782715,-12.1252498626709,"Unknown"
"5020592",378627,2026-05-02 18:08:24,29.3768196105957,-12.1162586212158,"Unknown"
"5020592",378627,2026-05-02 18:13:24,29.3658676147461,-12.0756826400757,"Unknown"
"5020592",378627,2026-05-02 18:18:24,29.3532238006592,-12.0357513427734,"Unknown"
"5020592",378627,2026-05-02 18:23:24,29.3428058624268,-11.9961833953857,"Unknown"
"5020592",378627,2026-05-02 18:28:24,29.3313446044922,-11.9565782546997,"Unknown"
"5020592",378627,2026-05-02 18:33:24,29.3182506561279,-11.9150133132935,"Unknown"
"5020592",378627,2026-05-02 19:13:24,29.2224044799805,-11.6041994094849,"Unknown"
"5020592",378627,2026-05-02 19:18:24,29.2090377807617,-11.5626878738403,"Unknown"
"5020592",378627,2026-05-02 19:23:24,29.2035236358643,-11.539568901062,"Unknown"
"5020592",378627,2026-05-02 19:28:24,29.1964721679688,-11.5144882202148,"Unknown"
"5020592",378627,2026-05-02 19:33:24,29.1856441497803,-11.4757165908813,"Unknown"
"5020592",378627,2026-05-02 19:37:57,29.18186378479,-11.4554805755615,"Unknown"
"5020592",378627,2026-05-02 19:42:01,29.1730976104736,-11.4315996170044,"Unknown"
"5020592",378627,2026-05-02 19:51:59,29.1573734283447,-11.3568706512451,"Unknown"
"5020592",378627,2026-05-02 19:56:59,29.1499328613281,-11.3191976547241,"Unknown"
"5020592",378627,2026-05-02 20:01:59,29.1453418731689,-11.2851839065552,"Unknown"
"5020592",378627,2026-05-02 20:06:59,29.143856048584,-11.2777576446533,"Unknown"
"5020592",378627,2026-05-02 20:11:59,29.143705368042,-11.262131690979,"Unknown"
"5020592",378627,2026-05-02 20:16:59,29.1424770355225,-11.2626600265503,"Unknown"
"5020592",378627,2026-05-02 20:21:59,29.1413192749023,-11.2631750106812,"Unknown"
"5020592",378627,2026-05-02 20:26:59,29.1401176452637,-11.2636766433716,"Unknown"
"5020592",378627,2026-05-02 20:31:59,29.1389636993408,-11.2641372680664,"Unknown"
"5020592",378627,2026-05-02 20:41:59,29.1367721557617,-11.2647104263306,"Unknown"
"5020592",378627,2026-05-02 20:47:01,29.135705947876,-11.2647876739502,"Unknown"
"5020592",378627,2026-05-02 20:51:59,29.1346797943115,-11.2648782730103,"Unknown"
"5020592",378627,2026-05-02 20:57:01,29.1336135864258,-11.2648944854736,"Unknown"
"5020592",378627,2026-05-02 21:02:00,29.1325149536133,-11.2650747299194,"Unknown"
"5020592",378627,2026-05-02 21:06:59,29.1313858032227,-11.2654027938843,"Unknown"
"5020592",378627,2026-05-02 21:11:59,29.1301975250244,-11.2655296325684,"Unknown"
"5020592",378627,2026-05-02 21:17:00,29.1290416717529,-11.2656536102295,"Unknown"
"5020592",378627,2026-05-02 21:27:02,29.1267910003662,-11.2341117858887,"Unknown"
"5020592",378627,2026-05-02 21:37:02,29.1303520202637,-11.171688079834,"Unknown"
"5020592",378627,2026-05-02 21:47:33,29.1273708343506,-11.1432180404663,"Unknown"
"5020592",378627,2026-05-02 21:56:59,29.1252994537354,-11.1416826248169,"Unknown"
"5020592",378627,2026-05-02 22:07:00,29.1231536865234,-11.1420278549194,"Unknown"
"5020592",378627,2026-05-02 22:17:00,29.1212825775146,-11.1588430404663,"Unknown"
"5020592",378627,2026-05-02 22:27:00,29.1192150115967,-11.1598434448242,"Unknown"
"5020592",378627,2026-05-02 22:36:59,29.1201610565186,-11.12535572052,"Unknown"
"5020592",378627,2026-05-02 22:47:00,29.1238842010498,-11.0906267166138,"Unknown"
"5020592",378627,2026-05-02 22:57:00,29.1216564178467,-11.0918188095093,"Unknown"
"5020592",378627,2026-05-02 23:06:59,29.1195659637451,-11.0931949615479,"Unknown"
"5020592",378627,2026-05-02 23:17:00,29.1174468994141,-11.094482421875,"Unknown"
"5020592",378627,2026-05-02 23:26:59,29.1154117584229,-11.0956172943115,"Unknown"
"5020592",378627,2026-05-02 23:37:00,29.1133594512939,-11.0966758728027,"Unknown"
"5020592",378627,2026-05-02 23:46:59,29.1116733551025,-11.0957593917847,"Unknown"
"5020592",378627,2026-05-02 23:56:59,29.1191482543945,-11.0709428787231,"Unknown"
"5020592",378627,2026-05-03 00:07:32,29.1204109191895,-11.0619878768921,"Unknown"
"5020592",378627,2026-05-03 00:16:59,29.1189479827881,-11.0636920928955,"Unknown"
"5020592",378627,2026-05-03 00:26:59,29.117525100708,-11.0656499862671,"Unknown"
"5020592",378627,2026-05-03 00:37:01,29.1162414550781,-11.0669784545898,"Unknown"
"5020592",378627,2026-05-03 00:47:00,29.1151390075684,-11.0682277679443,"Unknown"
"5020592",378627,2026-05-03 00:57:00,29.1142024993896,-11.0695505142212,"Unknown"
"5020592",378627,2026-05-03 01:07:01,29.1132335662842,-11.0708446502686,"Unknown"
"5020592",378627,2026-05-03 01:17:00,29.1121273040771,-11.0720119476318,"Unknown"
"5020592",378627,2026-05-03 01:27:00,29.1109638214111,-11.0732917785645,"Unknown"
"5020592",378627,2026-05-03 02:27:00,29.1084289550781,-11.0705270767212,"Unknown"
"5020592",378627,2026-05-03 03:27:33,29.103214263916,-11.0824365615845,"Unknown"
"5020592",378627,2026-05-03 04:27:00,29.1001720428467,-11.0924081802368,"Unknown"
"5020592",378627,2026-05-03 05:27:03,29.1113719940186,-11.0831003189087,"Unknown"
"5020592",378627,2026-05-03 06:27:32,29.1237163543701,-11.0569667816162,"Unknown"
"5020592",378627,2026-05-03 07:27:01,29.1098728179932,-11.1836824417114,"Unknown"
"5020592",378627,2026-05-03 08:27:33,29.1058750152588,-11.1775703430176,"Unknown"
"5020592",378627,2026-05-03 08:36:59,29.1139087677002,-11.1786003112793,"Unknown"
"5020592",378627,2026-05-03 08:46:58,29.1138038635254,-11.1786804199219,"Unknown"
"5020592",378627,2026-05-03 08:56:59,29.1109848022461,-11.175085067749,"Unknown"
"5020592",378627,2026-05-03 09:06:59,29.1084594726562,-11.185694694519,"Unknown"
"5020592",378627,2026-05-03 09:16:59,29.107780456543,-11.1829223632812,"Unknown"
"5020592",378627,2026-05-03 09:26:59,29.1049842834473,-11.1750621795654,"Unknown"
"5020592",378627,2026-05-03 09:37:00,29.1049690246582,-11.1758403778076,"Unknown"
"5020592",378627,2026-05-03 09:47:02,29.1025676727295,-11.177451133728,"Unknown"
"5020592",378627,2026-05-03 09:52:01,29.1024589538574,-11.1778335571289,"Unknown"
"5020592",378627,2026-05-03 09:56:59,29.0990715026855,-11.1837663650513,"Unknown"
"5020592",378627,2026-05-03 10:02:00,29.0963726043701,-11.1809988021851,"Unknown"
"5020592",378627,2026-05-03 10:07:00,29.0960865020752,-11.1813764572144,"Unknown"
"5020592",378627,2026-05-03 10:12:02,29.0958671569824,-11.1815853118896,"Unknown"
"5020592",378627,2026-05-03 10:16:59,29.0956115722656,-11.1819372177124,"Unknown"
"5020592",378627,2026-05-03 10:22:01,29.0954895019531,-11.182032585144,"Unknown"
"5020592",378627,2026-05-03 10:26:59,29.0955924987793,-11.1820106506348,"Unknown"
"5020592",378627,2026-05-03 10:31:59,29.0956192016602,-11.1820096969604,"Unknown"
"5020592",378627,2026-05-03 10:36:59,29.0955791473389,-11.1820735931396,"Unknown"
"5020592",378627,2026-05-03 10:42:03,29.0954093933105,-11.1824207305908,"Unknown"
"5020592",378627,2026-05-03 10:46:59,29.0943202972412,-11.1883630752563,"Unknown"
"5020592",378627,2026-05-03 10:51:59,29.0912837982178,-11.2012348175049,"Unknown"
"5020592",378627,2026-05-03 10:57:02,29.0822238922119,-11.2296323776245,"Unknown"
"5020592",378627,2026-05-03 11:02:33,29.081657409668,-11.2300424575806,"Unknown"
"5020592",378627,2026-05-03 11:06:59,29.0813407897949,-11.2303304672241,"Unknown"
"5020592",378627,2026-05-03 11:11:59,29.0810737609863,-11.2307844161987,"Unknown"
"5020592",378627,2026-05-03 11:16:59,29.0808868408203,-11.2312622070312,"Unknown"
"5020592",378627,2026-05-03 11:21:59,29.0806903839111,-11.2316913604736,"Unknown"
"5020592",378627,2026-05-03 11:26:59,29.0801830291748,-11.2320861816406,"Unknown"
"5020592",378627,2026-05-03 11:31:59,29.0795860290527,-11.232536315918,"Unknown"
"5020592",378627,2026-05-03 11:36:59,29.0789432525635,-11.2329034805298,"Unknown"
"5020592",378627,2026-05-03 11:42:00,29.0786514282227,-11.233021736145,"Unknown"
"5020592",378627,2026-05-03 11:46:59,29.0781154632568,-11.2333745956421,"Unknown"
"5020592",378627,2026-05-03 11:51:59,29.0779666900635,-11.2338848114014,"Unknown"
"5020592",378627,2026-05-03 11:56:59,29.0777626037598,-11.2342109680176,"Unknown"
"5020592",378627,2026-05-03 12:01:59,29.0773792266846,-11.2345895767212,"Unknown"
"5020592",378627,2026-05-03 12:06:59,29.0769500732422,-11.2351722717285,"Unknown"
"5020592",378627,2026-05-03 12:12:00,29.0769004821777,-11.2480716705322,"Unknown"
"5020592",378627,2026-05-03 12:16:59,29.0765514373779,-11.2500190734863,"Unknown"
"5020592",378627,2026-05-03 12:22:00,29.0762481689453,-11.2507410049438,"Unknown"
"5020592",378627,2026-05-03 12:26:59,29.0760173797607,-11.2513380050659,"Unknown"
"5020592",378627,2026-05-03 12:32:03,29.0687599182129,-11.2549448013306,"Unknown"
"5020592",378627,2026-05-03 12:37:00,29.0677947998047,-11.2616500854492,"Unknown"
"5020592",378627,2026-05-03 12:42:01,29.0732498168945,-11.2843370437622,"Unknown"
"5020592",378627,2026-05-03 12:47:01,29.0729217529297,-11.2900018692017,"Unknown"
"5020592",378627,2026-05-03 12:52:00,29.0724544525146,-11.2902164459229,"Unknown"
"5020592",378627,2026-05-03 12:57:00,29.0719547271729,-11.2903747558594,"Unknown"
"5020592",378627,2026-05-03 13:02:03,29.0715236663818,-11.2906293869019,"Unknown"
"5020592",378627,2026-05-03 13:07:01,29.0710983276367,-11.290997505188,"Unknown"
"5020592",378627,2026-05-03 13:12:00,29.0705890655518,-11.2911624908447,"Unknown"
"5020592",378627,2026-05-03 13:17:01,29.0701751708984,-11.2913913726807,"Unknown"
"5020592",378627,2026-05-03 13:27:01,29.0710773468018,-11.3266830444336,"Unknown"
"5020592",378627,2026-05-03 13:31:59,29.0723705291748,-11.3387699127197,"Unknown"
"5020592",378627,2026-05-03 13:37:00,29.072322845459,-11.34752368927,"Unknown"
"5020592",378627,2026-05-03 13:41:59,29.0709571838379,-11.3574237823486,"Unknown"
"5020592",378627,2026-05-03 13:47:01,29.0704002380371,-11.3581733703613,"Unknown"
"5020592",378627,2026-05-03 13:51:59,29.0696964263916,-11.3588933944702,"Unknown"
"5020592",378627,2026-05-03 13:56:59,29.0690612792969,-11.3595018386841,"Unknown"
"5020592",378627,2026-05-03 14:02:32,29.0683116912842,-11.3600978851318,"Unknown"
"5020592",378627,2026-05-03 14:07:00,29.0677280426025,-11.3606338500977,"Unknown"
"5020592",378627,2026-05-03 14:12:00,29.0670204162598,-11.3612880706787,"Unknown"
"5020592",378627,2026-05-03 14:17:01,29.0663280487061,-11.3620586395264,"Unknown"
"5020592",378627,2026-05-03 14:22:00,29.0655708312988,-11.3627090454102,"Unknown"
"5020592",378627,2026-05-03 14:27:00,29.0416584014893,-11.3747835159302,"Unknown"
"5020592",378627,2026-05-03 14:32:00,29.0394802093506,-11.3828372955322,"Unknown"
"5020592",378627,2026-05-03 14:37:00,29.037576675415,-11.3836002349854,"Unknown"
"5020592",378627,2026-05-03 14:42:01,29.0356006622314,-11.3874216079712,"Unknown"
"5020592",378627,2026-05-03 14:47:01,29.035026550293,-11.3963422775269,"Unknown"
"5020592",378627,2026-05-03 14:52:01,29.033821105957,-11.4027614593506,"Unknown"
"5020592",378627,2026-05-03 14:57:01,29.034984588623,-11.415509223938,"Unknown"
"5020592",378627,2026-05-03 15:02:05,29.0349712371826,-11.418212890625,"Unknown"
"5020592",378627,2026-05-03 15:07:02,29.034029006958,-11.4185800552368,"Unknown"
"5020592",378627,2026-05-03 15:12:01,29.0240345001221,-11.4231309890747,"Unknown"
"5020592",378627,2026-05-03 15:18:26,29.0207061767578,-11.4240131378174,"Unknown"
"5020592",378627,2026-05-03 15:22:33,29.0201721191406,-11.4240827560425,"Unknown"
"5020592",378627,2026-05-03 15:27:00,29.0196590423584,-11.4233417510986,"Unknown"
"5020592",378627,2026-05-03 15:32:01,29.0160713195801,-11.4248685836792,"Unknown"
"5020592",378627,2026-05-03 15:37:00,29.0144519805908,-11.4290332794189,"Unknown"
"5020592",378627,2026-05-03 15:42:00,29.0131855010986,-11.4330596923828,"Unknown"
"5020592",378627,2026-05-03 15:47:00,29.0127716064453,-11.4360980987549,"Unknown"
"5020592",378627,2026-05-03 15:52:00,29.0118503570557,-11.4365453720093,"Unknown"
"5020592",378627,2026-05-03 15:57:00,29.0113086700439,-11.4358224868774,"Unknown"
"5020592",378627,2026-05-03 16:02:00,29.009744644165,-11.4334077835083,"Unknown"
"5020592",378627,2026-05-03 16:07:00,29.0088672637939,-11.433895111084,"Unknown"
"5020592",378627,2026-05-03 16:12:00,29.0079650878906,-11.4344425201416,"Unknown"
"5020592",378627,2026-05-03 16:17:00,29.0070705413818,-11.4351119995117,"Unknown"
"5020592",378627,2026-05-03 16:22:00,29.0063285827637,-11.4357109069824,"Unknown"
"5020592",378627,2026-05-03 16:27:01,29.0055713653564,-11.4362945556641,"Unknown"
"5020592",378627,2026-05-03 16:32:00,29.0048294067383,-11.4367189407349,"Unknown"
"5020592",378627,2026-05-03 16:37:14,29.0042381286621,-11.4405326843262,"Unknown"
"5020592",378627,2026-05-03 16:42:01,29.0022773742676,-11.4405670166016,"Unknown"
"5020592",378627,2026-05-03 16:47:01,29.0015316009521,-11.4413089752197,"Unknown"
"5020592",378627,2026-05-03 16:52:01,29.0009326934814,-11.4419994354248,"Unknown"
"5020592",378627,2026-05-03 16:57:01,29.0001850128174,-11.4427299499512,"Unknown"
"5020592",378627,2026-05-03 17:02:00,29.0013275146484,-11.4642200469971,"Unknown"
"5020592",378627,2026-05-03 17:07:00,29.0029449462891,-11.5019674301147,"Unknown"
"5020592",378627,2026-05-03 17:12:00,29.0088977813721,-11.5367603302002,"Unknown"
"5020592",378627,2026-05-03 17:17:01,29.0151290893555,-11.5723829269409,"Unknown"
"5020592",378627,2026-05-03 17:27:01,29.0430908203125,-11.5518884658813,"Unknown"
"5020592",378627,2026-05-03 17:32:03,29.0429878234863,-11.5158882141113,"Unknown"
"5020592",378627,2026-05-03 17:37:00,29.0412368774414,-11.4810991287231,"Unknown"
"5020592",378627,2026-05-03 17:42:01,29.0276298522949,-11.445143699646,"Unknown"
"5020592",378627,2026-05-03 17:47:02,29.0149002075195,-11.4095239639282,"Unknown"
"5020592",378627,2026-05-03 17:52:01,29.0141372680664,-11.384744644165,"Unknown"
"5020592",378627,2026-05-03 17:57:00,29.0205230712891,-11.3532390594482,"Unknown"
"5020592",378627,2026-05-03 18:13:22,29.030216217041,-11.304253578186,"Unknown"
"5020592",378627,2026-05-03 18:17:00,29.0276584625244,-11.3017845153809,"Unknown"
"5020592",378627,2026-05-03 18:21:59,29.0229072570801,-11.3075370788574,"Unknown"
"5020592",378627,2026-05-03 18:26:59,29.0200634002686,-11.2974843978882,"Unknown"
"5020592",378627,2026-05-03 18:32:00,29.0194110870361,-11.29749584198,"Unknown"
"5020592",378627,2026-05-03 18:36:59,29.0189266204834,-11.2978820800781,"Unknown"
"5020592",378627,2026-05-03 18:41:59,29.0186252593994,-11.2983016967773,"Unknown"
"5020592",378627,2026-05-03 18:46:59,29.0181522369385,-11.2985019683838,"Unknown"
"5020592",378627,2026-05-03 18:51:59,29.017879486084,-11.298511505127,"Unknown"
"5020592",378627,2026-05-03 18:57:02,29.0176296234131,-11.2984838485718,"Unknown"
"5020592",378627,2026-05-03 19:02:01,29.0173034667969,-11.2987155914307,"Unknown"
"5020592",378627,2026-05-03 19:06:59,29.0166759490967,-11.3024806976318,"Unknown"
"5020592",378627,2026-05-03 19:12:00,29.0151462554932,-11.2993326187134,"Unknown"
"5020592",378627,2026-05-03 19:17:03,29.0149040222168,-11.2991533279419,"Unknown"
"5020592",378627,2026-05-03 19:22:01,29.0146999359131,-11.2989482879639,"Unknown"
"5020592",378627,2026-05-03 19:27:01,29.0144062042236,-11.298620223999,"Unknown"
"5020592",378627,2026-05-03 19:32:03,29.0140476226807,-11.2984609603882,"Unknown"
"5020592",378627,2026-05-03 19:37:27,29.0134716033936,-11.2982416152954,"Unknown"
"5020592",378627,2026-05-03 19:42:02,29.0129909515381,-11.2979307174683,"Unknown"
"5020592",378627,2026-05-03 19:47:01,29.0124187469482,-11.2975006103516,"Unknown"
"5020592",378627,2026-05-03 19:52:00,29.0117874145508,-11.2969455718994,"Unknown"
"5020592",378627,2026-05-03 19:57:00,29.010986328125,-11.2966785430908,"Unknown"
"5020592",378627,2026-05-03 20:01:59,29.0100955963135,-11.2962818145752,"Unknown"
"5020592",378627,2026-05-03 20:06:59,29.0092105865479,-11.2958507537842,"Unknown"
"5020592",378627,2026-05-03 20:11:59,29.0082817077637,-11.2954559326172,"Unknown"
"5020592",378627,2026-05-03 20:16:59,29.0072631835938,-11.2949771881104,"Unknown"
"5020592",378627,2026-05-03 20:21:59,29.0062942504883,-11.2945098876953,"Unknown"
"5020592",378627,2026-05-03 20:26:59,29.0053997039795,-11.2941226959229,"Unknown"
"5020592",378627,2026-05-03 20:31:59,29.0045299530029,-11.2938365936279,"Unknown"
"5020592",378627,2026-05-03 20:36:59,29.0036296844482,-11.2934732437134,"Unknown"
"5020592",378627,2026-05-03 20:41:59,29.0026683807373,-11.2927169799805,"Unknown"
"5020592",378627,2026-05-03 20:47:17,29.0019016265869,-11.2928161621094,"Unknown"
"5020592",378627,2026-05-03 20:51:59,29.0014934539795,-11.2913494110107,"Unknown"
"5020592",378627,2026-05-03 20:57:27,29.0007991790771,-11.2920074462891,"Unknown"
"5020592",378627,2026-05-03 21:01:59,29.0001468658447,-11.2927646636963,"Unknown"
"5020592",378627,2026-05-03 21:06:59,28.9993991851807,-11.2929906845093,"Unknown"
"5020592",378627,2026-05-03 21:11:59,28.9986896514893,-11.2937498092651,"Unknown"
"5020592",378627,2026-05-03 21:16:59,28.9979782104492,-11.2945251464844,"Unknown"
"5020592",378627,2026-05-03 21:27:00,28.996431350708,-11.2960996627808,"Unknown"
"5020592",378627,2026-05-03 21:37:00,28.9947776794434,-11.2976884841919,"Unknown"
"5020592",378627,2026-05-03 21:42:00,28.9939022064209,-11.2983684539795,"Unknown"
"5020592",378627,2026-05-03 21:47:00,28.9931163787842,-11.2991790771484,"Unknown"
"5020592",378627,2026-05-03 21:52:00,28.9925060272217,-11.2998723983765,"Unknown"
"5020592",378627,2026-05-03 21:57:00,28.9917392730713,-11.3006210327148,"Unknown"
"5020592",378627,2026-05-03 22:02:00,28.9908008575439,-11.3012094497681,"Unknown"
"5020592",378627,2026-05-03 22:07:00,28.989351272583,-11.3015565872192,"Unknown"
"5020592",378627,2026-05-03 22:12:00,28.9878749847412,-11.3015794754028,"Unknown"
"5020592",378627,2026-05-03 22:16:59,28.9858474731445,-11.3009033203125,"Unknown"
"5020592",378627,2026-05-03 22:22:01,28.9841232299805,-11.3010673522949,"Unknown"
"5020592",378627,2026-05-03 22:27:01,28.9829044342041,-11.3014688491821,"Unknown"
"5020592",378627,2026-05-03 22:32:02,28.9817638397217,-11.3020353317261,"Unknown"
"5020592",378627,2026-05-03 22:37:00,28.9807014465332,-11.3023529052734,"Unknown"
"5020592",378627,2026-05-03 22:42:01,28.9782962799072,-11.2961111068726,"Unknown"
"5020592",378627,2026-05-03 22:47:00,28.9853439331055,-11.2937278747559,"Unknown"
"5020592",378627,2026-05-03 22:52:02,28.9843864440918,-11.2942123413086,"Unknown"
"5020592",378627,2026-05-03 22:57:01,28.9836196899414,-11.293984413147,"Unknown"
"5020592",378627,2026-05-03 23:02:33,28.9828681945801,-11.2935333251953,"Unknown"
"5020592",378627,2026-05-03 23:06:59,28.9817390441895,-11.2934398651123,"Unknown"
"5020592",378627,2026-05-03 23:11:59,28.9806098937988,-11.2933177947998,"Unknown"
"5020592",378627,2026-05-03 23:16:59,28.979434967041,-11.2931394577026,"Unknown"
"5020592",378627,2026-05-03 23:21:59,28.9779872894287,-11.293065071106,"Unknown"
"5020592",378627,2026-05-03 23:26:59,28.9766845703125,-11.2929162979126,"Unknown"
"5020592",378627,2026-05-03 23:31:59,28.9752235412598,-11.2928075790405,"Unknown"
"5020592",378627,2026-05-03 23:36:59,28.9738464355469,-11.2926158905029,"Unknown"
"5020592",378627,2026-05-03 23:41:59,28.9726905822754,-11.2924375534058,"Unknown"
"5020592",378627,2026-05-03 23:46:59,28.970458984375,-11.2910461425781,"Unknown"
"5020592",378627,2026-05-03 23:51:59,28.969539642334,-11.291184425354,"Unknown"
"5020592",378627,2026-05-03 23:56:59,28.9683609008789,-11.2910671234131,"Unknown"
"5020592",378627,2026-05-04 00:01:59,28.9670238494873,-11.290994644165,"Unknown"
"5020592",378627,2026-05-04 00:06:59,28.9654808044434,-11.2910127639771,"Unknown"
"5020592",378627,2026-05-04 00:11:59,28.9638290405273,-11.2912044525146,"Unknown"
"5020592",378627,2026-05-04 00:17:00,28.9620780944824,-11.2914638519287,"Unknown"
"5020592",378627,2026-05-04 00:22:00,28.9605464935303,-11.2915010452271,"Unknown"
"5020592",378627,2026-05-04 00:26:59,28.9590320587158,-11.2915601730347,"Unknown"
"5020592",378627,2026-05-04 00:31:59,28.9579277038574,-11.2915706634521,"Unknown"
"5020592",378627,2026-05-04 00:36:59,28.9570655822754,-11.2917308807373,"Unknown"
"5020592",378627,2026-05-04 00:41:59,28.9560737609863,-11.2917556762695,"Unknown"
"5020592",378627,2026-05-04 00:46:59,28.9546985626221,-11.2918977737427,"Unknown"
"5020592",378627,2026-05-04 00:51:59,28.9535713195801,-11.2919492721558,"Unknown"
"5020592",378627,2026-05-04 00:57:00,28.9507369995117,-11.2870044708252,"Unknown"
"5020592",378627,2026-05-04 01:02:01,28.9560642242432,-11.2860536575317,"Unknown"
"5020592",378627,2026-05-04 01:07:00,28.9556369781494,-11.2874193191528,"Unknown"
"5020592",378627,2026-05-04 01:12:03,28.9552040100098,-11.2887582778931,"Unknown"
"5020592",378627,2026-05-04 01:17:01,28.9546871185303,-11.2900638580322,"Unknown"
"5020592",378627,2026-05-04 01:27:02,28.9539813995361,-11.2926445007324,"Unknown"
"5020592",378627,2026-05-04 01:36:59,28.9533462524414,-11.2951049804688,"Unknown"
"5020592",378627,2026-05-04 01:47:33,28.9525623321533,-11.2980728149414,"Unknown"
"5020592",378627,2026-05-04 01:56:59,28.9519443511963,-11.3008985519409,"Unknown"
"5020592",378627,2026-05-04 02:06:59,28.9513759613037,-11.303804397583,"Unknown"
"5020592",378627,2026-05-04 02:17:00,28.9508819580078,-11.3067255020142,"Unknown"
"5020592",378627,2026-05-04 02:26:59,28.9604415893555,-11.3170747756958,"Unknown"
"5020592",378627,2026-05-04 02:37:00,28.9595355987549,-11.3175182342529,"Unknown"
"5020592",378627,2026-05-04 02:47:00,28.9587326049805,-11.3181133270264,"Unknown"
"5020592",378627,2026-05-04 02:57:00,28.9576148986816,-11.3175802230835,"Unknown"
"5020592",378627,2026-05-04 03:06:59,28.9567947387695,-11.3179016113281,"Unknown"
"5020592",378627,2026-05-04 03:16:59,28.9561061859131,-11.3184900283813,"Unknown"
"5020592",378627,2026-05-04 03:27:00,28.9554920196533,-11.319206237793,"Unknown"
"5020592",378627,2026-05-04 03:37:02,28.9549732208252,-11.3195953369141,"Unknown"
"5020592",378627,2026-05-04 03:47:00,28.9545135498047,-11.3200349807739,"Unknown"
"5020592",378627,2026-05-04 03:57:00,28.9540843963623,-11.3206233978271,"Unknown"
"5020592",378627,2026-05-04 04:07:32,28.9534759521484,-11.3205642700195,"Unknown"
"5020592",378627,2026-05-04 04:16:59,28.9529914855957,-11.3207693099976,"Unknown"
"5020592",378627,2026-05-04 04:26:59,28.9526042938232,-11.3212356567383,"Unknown"
"5020592",378627,2026-05-04 04:36:59,28.9521522521973,-11.3213653564453,"Unknown"
"5020592",378627,2026-05-04 04:47:33,28.9517860412598,-11.321533203125,"Unknown"
"5020592",378627,2026-05-04 04:56:59,28.9513969421387,-11.3216037750244,"Unknown"
"5020592",378627,2026-05-04 05:06:59,28.9511222839355,-11.3219776153564,"Unknown"
"5020592",378627,2026-05-04 05:16:58,28.9507923126221,-11.3220319747925,"Unknown"
"5020592",378627,2026-05-04 05:26:59,28.9507122039795,-11.3222618103027,"Unknown"
"5020592",378627,2026-05-04 05:36:59,28.9502201080322,-11.3219470977783,"Unknown"
"5020592",378627,2026-05-04 05:46:59,28.96315574646,-11.3492031097412,"Unknown"
"5020592",378627,2026-05-04 05:56:58,28.9727191925049,-11.418023109436,"Unknown"
"5020592",378627,2026-05-04 06:07:00,28.9704608917236,-11.4938507080078,"Unknown"
"5020592",378627,2026-05-04 06:16:58,28.9999580383301,-11.5205564498901,"Unknown"
"5020592",378627,2026-05-04 06:27:00,29.0094299316406,-11.5205678939819,"Unknown"
"5020592",378627,2026-05-04 06:36:59,29.0260848999023,-11.5036964416504,"Unknown"
"5020592",378627,2026-05-04 06:46:59,29.0221080780029,-11.5054759979248,"Unknown"
"5020592",378627,2026-05-04 06:57:02,29.0382690429688,-11.5022268295288,"Unknown"
"5020592",378627,2026-05-04 07:07:01,29.0400714874268,-11.518702507019,"Unknown"
"5020592",378627,2026-05-04 07:17:02,29.0379428863525,-11.5266609191895,"Unknown"
"5020592",378627,2026-05-04 07:27:05,29.0458393096924,-11.5292549133301,"Unknown"
"5020592",378627,2026-05-04 07:37:33,29.0488910675049,-11.5310497283936,"Unknown"
"5020592",378627,2026-05-04 07:46:58,29.0441055297852,-11.5257368087769,"Unknown"
"5020592",378627,2026-05-04 07:56:58,29.0441074371338,-11.5260791778564,"Unknown"
"5020592",378627,2026-05-04 08:07:00,29.0547275543213,-11.5188961029053,"Unknown"
"5020592",378627,2026-05-04 08:11:59,29.0561199188232,-11.5167150497437,"Unknown"
"5020592",378627,2026-05-04 08:16:59,29.0575046539307,-11.5152454376221,"Unknown"
"5020592",378627,2026-05-04 08:21:59,29.0576229095459,-11.5150547027588,"Unknown"
"5020592",378627,2026-05-04 08:26:59,29.0576248168945,-11.5150537490845,"Unknown"
"5020592",378627,2026-05-04 08:31:59,29.0576705932617,-11.5150842666626,"Unknown"
"5020592",378627,2026-05-04 08:36:59,29.0601921081543,-11.4889478683472,"Unknown"
"5020592",378627,2026-05-04 08:41:59,29.0598850250244,-11.4733448028564,"Unknown"
"5020592",378627,2026-05-04 08:46:59,29.0600624084473,-11.4735250473022,"Unknown"
"5020592",378627,2026-05-04 08:51:59,29.0603427886963,-11.4739646911621,"Unknown"
"5020592",378627,2026-05-04 08:57:00,29.0606956481934,-11.4743509292603,"Unknown"
"5020592",378627,2026-05-04 09:01:59,29.0609836578369,-11.4748973846436,"Unknown"
"5020592",378627,2026-05-04 09:06:59,29.0611591339111,-11.4754276275635,"Unknown"
"5020592",378627,2026-05-04 09:11:59,29.0716075897217,-11.4893264770508,"Unknown"
"5020592",378627,2026-05-04 09:16:59,29.0731372833252,-11.4934225082397,"Unknown"
"5020592",378627,2026-05-04 09:26:59,29.0709629058838,-11.4989862442017,"Unknown"
"5020592",378627,2026-05-04 09:31:59,29.0705814361572,-11.4995098114014,"Unknown"
"5020592",378627,2026-05-04 09:36:59,29.0657424926758,-11.5122146606445,"Unknown"
"5020592",378627,2026-05-04 09:41:59,29.0660629272461,-11.5368738174438,"Unknown"
"5020592",378627,2026-05-04 09:47:04,29.0657787322998,-11.5397777557373,"Unknown"
"5020592",378627,2026-05-04 09:52:02,29.0650196075439,-11.5401201248169,"Unknown"
"5020592",378627,2026-05-04 09:56:59,29.0644359588623,-11.5405521392822,"Unknown"
"5020592",378627,2026-05-04 10:02:32,29.0638866424561,-11.5410652160645,"Unknown"
"5020592",378627,2026-05-04 10:07:00,29.0635643005371,-11.5413646697998,"Unknown"
"5020592",378627,2026-05-04 10:12:00,29.0631313323975,-11.5418090820312,"Unknown"
"5020592",378627,2026-05-04 10:16:59,29.0623779296875,-11.5421209335327,"Unknown"
"5020592",378627,2026-05-04 10:22:00,29.0616989135742,-11.5425462722778,"Unknown"
"5020592",378627,2026-05-04 10:27:00,29.0609531402588,-11.5428247451782,"Unknown"
"5020592",378627,2026-05-04 10:32:00,29.0600967407227,-11.5434036254883,"Unknown"
"5020592",378627,2026-05-04 10:37:00,29.0594387054443,-11.5439949035645,"Unknown"
"5020592",378627,2026-05-04 10:42:00,29.0588684082031,-11.5444993972778,"Unknown"
"5020592",378627,2026-05-04 10:47:00,29.0584754943848,-11.545072555542,"Unknown"
"5020592",378627,2026-05-04 10:52:00,29.0579490661621,-11.5456733703613,"Unknown"
"5020592",378627,2026-05-04 10:57:04,29.0572738647461,-11.5461854934692,"Unknown"
"5020592",378627,2026-05-04 11:02:00,29.056526184082,-11.5467443466187,"Unknown"
"5020592",378627,2026-05-04 11:07:01,29.0526103973389,-11.5679264068604,"Unknown"
"5020592",378627,2026-05-04 11:12:00,29.0248012542725,-11.5626974105835,"Unknown"
"5020592",378627,2026-05-04 11:17:01,29.0254573822021,-11.5701122283936,"Unknown"
"5020592",378627,2026-05-04 11:22:03,29.0291767120361,-11.5630350112915,"Unknown"
"5020592",378627,2026-05-04 11:27:02,29.029224395752,-11.5643110275269,"Unknown"
"5020592",378627,2026-05-04 11:32:01,29.0287590026855,-11.5644035339355,"Unknown"
"5020592",378627,2026-05-04 11:37:02,29.0283908843994,-11.5646276473999,"Unknown"
"5020592",378627,2026-05-04 11:42:01,29.0279731750488,-11.5648040771484,"Unknown"
"5020592",378627,2026-05-04 11:47:02,29.0275001525879,-11.564977645874,"Unknown"
"5020592",378627,2026-05-04 11:52:03,29.0270252227783,-11.5651721954346,"Unknown"
"5020592",378627,2026-05-04 11:57:04,29.0265693664551,-11.5653247833252,"Unknown"
"5020592",378627,2026-05-04 12:02:02,29.026050567627,-11.5654916763306,"Unknown"
"5020592",378627,2026-05-04 12:07:05,29.0255680084229,-11.5657939910889,"Unknown"
"5020592",378627,2026-05-04 12:12:04,29.0179538726807,-11.5558052062988,"Unknown"
"5020592",378627,2026-05-04 12:17:07,29.0125102996826,-11.5437850952148,"Unknown"
"5020592",378627,2026-05-04 12:22:03,29.012077331543,-11.5437726974487,"Unknown"
"5020592",378627,2026-05-04 12:27:05,29.0115451812744,-11.5437202453613,"Unknown"
"5020592",378627,2026-05-04 12:32:05,29.0112857818604,-11.5436248779297,"Unknown"
"5020592",378627,2026-05-04 12:37:04,29.0101661682129,-11.5400867462158,"Unknown"
"5020592",378627,2026-05-04 12:42:04,29.007719039917,-11.5075950622559,"Unknown"
"5020592",378627,2026-05-04 12:47:05,29.0074043273926,-11.5020618438721,"Unknown"
"5020592",378627,2026-05-04 12:52:04,29.0052337646484,-11.500750541687,"Unknown"
"5020592",378627,2026-05-04 12:57:05,29.0002632141113,-11.4966516494751,"Unknown"
"5020592",378627,2026-05-04 13:02:33,28.9992084503174,-11.4885101318359,"Unknown"
"5020592",378627,2026-05-04 13:07:03,28.998441696167,-11.4884233474731,"Unknown"
"5020592",378627,2026-05-04 13:12:03,28.997594833374,-11.4883441925049,"Unknown"
"5020592",378627,2026-05-04 13:17:03,28.9967632293701,-11.4883804321289,"Unknown"
"5020592",378627,2026-05-04 13:26:59,28.9952602386475,-11.4886293411255,"Unknown"
"5020592",378627,2026-05-04 13:31:59,28.9943790435791,-11.4888038635254,"Unknown"
"5020592",378627,2026-05-04 13:37:00,28.9935035705566,-11.4889507293701,"Unknown"
"5020592",378627,2026-05-04 13:42:07,28.9925537109375,-11.4890842437744,"Unknown"
"5020592",378627,2026-05-04 13:47:10,28.9916858673096,-11.4891719818115,"Unknown"
"5020592",378627,2026-05-04 13:52:07,28.9908256530762,-11.4892654418945,"Unknown"
"5020592",378627,2026-05-04 13:57:27,28.9898700714111,-11.4894218444824,"Unknown"
"5020592",378627,2026-05-04 14:01:58,28.9890518188477,-11.4897117614746,"Unknown"
"5020592",378627,2026-05-04 14:06:58,28.9880676269531,-11.4898462295532,"Unknown"
"5020592",378627,2026-05-04 14:11:58,28.9871768951416,-11.4900426864624,"Unknown"
"5020592",378627,2026-05-04 14:16:59,28.9864749908447,-11.4902248382568,"Unknown"
"5020592",378627,2026-05-04 14:21:58,28.9856357574463,-11.4906129837036,"Unknown"
"5020592",378627,2026-05-04 14:27:01,28.9847869873047,-11.4909009933472,"Unknown"
"5020592",378627,2026-05-04 14:31:59,28.9839859008789,-11.4910774230957,"Unknown"
"5020592",378627,2026-05-04 14:36:59,28.9831142425537,-11.4915323257446,"Unknown"
"5020592",378627,2026-05-04 14:42:00,28.9718894958496,-11.4664239883423,"Unknown"
"5020592",378627,2026-05-04 14:47:01,28.9678077697754,-11.4612016677856,"Unknown"
"5020592",378627,2026-05-04 14:51:59,28.9714412689209,-11.4559650421143,"Unknown"
"5020592",378627,2026-05-04 14:56:59,28.9785251617432,-11.4624719619751,"Unknown"
"5020592",378627,2026-05-04 15:01:59,28.9742546081543,-11.4530544281006,"Unknown"
"5020592",378627,2026-05-04 15:07:01,28.9724254608154,-11.4452466964722,"Unknown"
"5020592",378627,2026-05-04 15:12:01,28.9713191986084,-11.4441070556641,"Unknown"
"5020592",378627,2026-05-04 15:16:58,28.9705715179443,-11.4446992874146,"Unknown"
"5020592",378627,2026-05-04 15:22:00,28.9733200073242,-11.43860912323,"Unknown"
"5020592",378627,2026-05-04 15:27:02,28.9726753234863,-11.4349422454834,"Unknown"
"5020592",378627,2026-05-04 15:32:05,28.9725437164307,-11.4353981018066,"Unknown"
"5020592",378627,2026-05-04 15:37:01,28.9724864959717,-11.4356002807617,"Unknown"
"5020592",378627,2026-05-04 15:41:59,28.9723873138428,-11.435601234436,"Unknown"
"5020592",378627,2026-05-04 15:46:59,28.9721088409424,-11.4356069564819,"Unknown"
"5020592",378627,2026-05-04 15:52:01,28.9718532562256,-11.4355430603027,"Unknown"
"5020592",378627,2026-05-04 15:56:58,28.9716396331787,-11.4355554580688,"Unknown"
"5020592",378627,2026-05-04 16:02:26,28.9714508056641,-11.4354982376099,"Unknown"
"5020592",378627,2026-05-04 16:06:58,28.9712219238281,-11.4354944229126,"Unknown"
"5020592",378627,2026-05-04 16:11:58,28.9709186553955,-11.4354772567749,"Unknown"
"5020592",378627,2026-05-04 16:16:58,28.9704933166504,-11.435396194458,"Unknown"
"5020592",378627,2026-05-04 16:21:58,28.9700889587402,-11.4354057312012,"Unknown"
"5020592",378627,2026-05-04 16:26:58,28.9696617126465,-11.4354286193848,"Unknown"
"5020592",378627,2026-05-04 16:31:58,28.9691390991211,-11.4353656768799,"Unknown"
"5020592",378627,2026-05-04 16:36:58,28.9686851501465,-11.435266494751,"Unknown"
"5020592",378627,2026-05-04 16:41:58,28.9682216644287,-11.4351558685303,"Unknown"
"5020592",378627,2026-05-04 16:46:59,28.9678401947021,-11.4350690841675,"Unknown"
"5020592",378627,2026-05-04 16:51:59,28.9676780700684,-11.4137134552002,"Unknown"
"5020592",378627,2026-05-04 16:56:59,28.9667320251465,-11.4121370315552,"Unknown"
"5020592",378627,2026-05-04 17:01:59,28.9643230438232,-11.4092121124268,"Unknown"
"5020592",378627,2026-05-04 17:06:59,28.9600028991699,-11.4042901992798,"Unknown"
"5020592",378627,2026-05-04 17:11:59,28.9616851806641,-11.4036855697632,"Unknown"
"5020592",378627,2026-05-04 17:16:58,28.9619388580322,-11.4032640457153,"Unknown"
"5020592",378627,2026-05-04 17:26:59,28.9615020751953,-11.4057273864746,"Unknown"
"5020592",378627,2026-05-04 17:31:59,28.9644775390625,-11.4026575088501,"Unknown"
"5020592",378627,2026-05-04 17:37:01,28.9824771881104,-11.3914413452148,"Unknown"
"5020592",378627,2026-05-04 17:41:58,28.9980926513672,-11.3839550018311,"Unknown"
"5020592",378627,2026-05-04 17:47:01,28.9985485076904,-11.385781288147,"Unknown"
"5020592",378627,2026-05-04 17:52:01,28.9975833892822,-11.3820991516113,"Unknown"
"5020592",378627,2026-05-04 17:57:00,28.9865322113037,-11.3476438522339,"Unknown"
"5020592",378627,2026-05-04 18:02:47,28.9755077362061,-11.3357286453247,"Unknown"
"5020592",378627,2026-05-04 18:06:58,28.9746742248535,-11.3375282287598,"Unknown"
"5020592",378627,2026-05-04 18:11:58,28.9710311889648,-11.3458757400513,"Unknown"
"5020592",378627,2026-05-04 18:16:58,28.9635982513428,-11.3520240783691,"Unknown"
"5020592",378627,2026-05-04 18:21:59,28.9612674713135,-11.3509349822998,"Unknown"
"5020592",378627,2026-05-04 18:26:58,28.9671459197998,-11.3823566436768,"Unknown"
"5020592",378627,2026-05-04 18:31:58,28.9806175231934,-11.4138097763062,"Unknown"
"5020592",378627,2026-05-04 18:36:59,28.9929981231689,-11.4179840087891,"Unknown"
"5020592",378627,2026-05-04 18:41:59,28.9930839538574,-11.3889656066895,"Unknown"
"5020592",378627,2026-05-04 18:46:58,28.9804534912109,-11.3572998046875,"Unknown"
"5020592",378627,2026-05-04 18:51:59,28.9752731323242,-11.3566884994507,"Unknown"
"5020592",378627,2026-05-04 18:57:01,28.9686107635498,-11.332706451416,"Unknown"
"5020592",378627,2026-05-04 19:01:58,28.9510402679443,-11.2991065979004,"Unknown"
"5020592",378627,2026-05-04 19:07:01,28.9291076660156,-11.2629795074463,"Unknown"
"5020592",378627,2026-05-04 19:11:58,28.9094676971436,-11.2275543212891,"Unknown"
"5020592",378627,2026-05-04 19:17:02,28.8998546600342,-11.2005672454834,"Unknown"
"5020592",378627,2026-05-04 19:22:27,28.8955764770508,-11.1885137557983,"Unknown"
"5020592",378627,2026-05-04 19:26:58,28.8727169036865,-11.1591930389404,"Unknown"
"5020592",378627,2026-05-04 19:31:58,28.8535861968994,-11.1258897781372,"Unknown"
"5020592",378627,2026-05-04 19:37:02,28.8452758789062,-11.0898036956787,"Unknown"
"5020592",378627,2026-05-04 19:41:59,28.8459091186523,-11.0557479858398,"Unknown"
"5020592",378627,2026-05-04 19:47:02,28.8507652282715,-11.0266895294189,"Unknown"
"5020592",378627,2026-05-04 19:51:58,28.8562240600586,-10.9966249465942,"Unknown"
"5020592",378627,2026-05-04 19:57:01,28.8615570068359,-10.9758329391479,"Unknown"
"5020592",378627,2026-05-04 20:02:00,28.8607406616211,-10.976975440979,"Unknown"
"5020592",378627,2026-05-04 20:06:59,28.860200881958,-10.977879524231,"Unknown"
"5020592",378627,2026-05-04 20:11:59,28.8594627380371,-10.9786214828491,"Unknown"
"5020592",378627,2026-05-04 20:17:02,28.8587036132812,-10.9794511795044,"Unknown"
"5020592",378627,2026-05-04 20:22:02,28.8579502105713,-10.9803800582886,"Unknown"
"5020592",378627,2026-05-04 20:27:02,28.8573894500732,-10.9816341400146,"Unknown"
"5020592",378627,2026-05-04 20:31:58,28.8567867279053,-10.9825811386108,"Unknown"
"5020592",378627,2026-05-04 20:37:02,28.8562641143799,-10.9837245941162,"Unknown"
"5020592",378627,2026-05-04 20:42:03,28.855842590332,-10.9848661422729,"Unknown"
"5020592",378627,2026-05-04 20:47:01,28.8554134368896,-10.9859437942505,"Unknown"
"5020592",378627,2026-05-04 20:52:01,28.8549461364746,-10.9870290756226,"Unknown"
"5020592",378627,2026-05-04 20:57:02,28.8544311523438,-10.9881210327148,"Unknown"
"5020592",378627,2026-05-04 21:02:26,28.8539085388184,-10.9893379211426,"Unknown"
"5020592",378627,2026-05-04 21:06:59,28.8533840179443,-10.990330696106,"Unknown"
"5020592",378627,2026-05-04 21:11:59,28.8528594970703,-10.991358757019,"Unknown"
"5020592",378627,2026-05-04 21:17:00,28.8523178100586,-10.9925270080566,"Unknown"
"5020592",378627,2026-05-04 21:24:09,28.8515682220459,-10.9939346313477,"Unknown"
"5020592",378627,2026-05-04 21:34:10,28.8504810333252,-10.9958419799805,"Unknown"
"5020592",378627,2026-05-04 21:39:09,28.8498287200928,-10.9967699050903,"Unknown"
"5020592",378627,2026-05-04 21:44:09,28.8492584228516,-10.9978065490723,"Unknown"
"5020592",378627,2026-05-04 21:49:09,28.8487453460693,-10.9988832473755,"Unknown"
"5020592",378627,2026-05-04 21:54:09,28.8482704162598,-10.9998474121094,"Unknown"
"5020592",378627,2026-05-04 21:59:10,28.8477783203125,-11.0007276535034,"Unknown"
"5020592",378627,2026-05-04 22:04:09,28.8473091125488,-11.0016107559204,"Unknown"
"5020592",378627,2026-05-04 22:09:08,28.8468399047852,-11.0025806427002,"Unknown"
"5020592",378627,2026-05-04 22:14:10,28.8463668823242,-11.0035629272461,"Unknown"
"5020592",378627,2026-05-04 22:19:09,28.8458251953125,-11.0045852661133,"Unknown"
"5020592",378627,2026-05-04 22:24:10,28.845251083374,-11.0055809020996,"Unknown"
"5020592",378627,2026-05-04 22:29:10,28.8447036743164,-11.0065574645996,"Unknown"
"5020592",378627,2026-05-04 22:34:10,28.8442211151123,-11.0074844360352,"Unknown"
"5020592",378627,2026-05-04 22:39:10,28.8438205718994,-11.0083408355713,"Unknown"
"5020592",378627,2026-05-04 22:44:12,28.8433628082275,-11.0093126296997,"Unknown"
"5020592",378627,2026-05-04 22:49:12,28.842924118042,-11.010235786438,"Unknown"
"5020592",378627,2026-05-04 22:54:11,28.8424701690674,-11.011176109314,"Unknown"
"5020592",378627,2026-05-04 22:59:33,28.8419818878174,-11.0120372772217,"Unknown"
"5020592",378627,2026-05-04 23:04:08,28.8415584564209,-11.0128402709961,"Unknown"
"5020592",378627,2026-05-04 23:09:08,28.84104347229,-11.0137424468994,"Unknown"
"5020592",378627,2026-05-04 23:14:08,28.8406028747559,-11.0146188735962,"Unknown"
"5020592",378627,2026-05-04 23:19:09,28.8401718139648,-11.0154705047607,"Unknown"
"5020592",378627,2026-05-04 23:24:08,28.8397445678711,-11.016339302063,"Unknown"
"5020592",378627,2026-05-04 23:29:08,28.8392562866211,-11.0171985626221,"Unknown"
"5020592",378627,2026-05-04 23:34:08,28.8388004302979,-11.0180854797363,"Unknown"
"5020592",378627,2026-05-04 23:39:08,28.8384037017822,-11.0189819335938,"Unknown"
"5020592",378627,2026-05-04 23:44:08,28.8379821777344,-11.0198059082031,"Unknown"
"5020592",378627,2026-05-04 23:49:08,28.8375568389893,-11.0206003189087,"Unknown"
"5020592",378627,2026-05-04 23:54:08,28.837121963501,-11.0214252471924,"Unknown"
"5020592",378627,2026-05-04 23:59:09,28.8366966247559,-11.0222787857056,"Unknown"
"5020592",378627,2026-05-05 00:04:08,28.8362941741943,-11.0231342315674,"Unknown"
"5020592",378627,2026-05-05 00:09:08,28.8358821868896,-11.0239238739014,"Unknown"
"5020592",378627,2026-05-05 00:14:10,28.8354892730713,-11.0247669219971,"Unknown"
"5020592",378627,2026-05-05 00:19:09,28.8350887298584,-11.0256309509277,"Unknown"
"5020592",378627,2026-05-05 00:24:10,28.8346309661865,-11.0265607833862,"Unknown"
"5020592",378627,2026-05-05 00:29:10,28.8341636657715,-11.0273599624634,"Unknown"
"5020592",378627,2026-05-05 00:34:08,28.8337478637695,-11.0281572341919,"Unknown"
"5020592",378627,2026-05-05 00:39:10,28.8334121704102,-11.0287742614746,"Unknown"
"5020592",378627,2026-05-05 00:44:11,28.8329849243164,-11.0295324325562,"Unknown"
"5020592",378627,2026-05-05 00:49:11,28.8325004577637,-11.0302248001099,"Unknown"
"5020592",378627,2026-05-05 00:54:14,28.8319854736328,-11.031044960022,"Unknown"
"5020592",378627,2026-05-05 00:59:10,28.8315773010254,-11.0317440032959,"Unknown"
"5020592",378627,2026-05-05 01:04:12,28.8311252593994,-11.032543182373,"Unknown"
"5020592",378627,2026-05-05 01:09:13,28.8306617736816,-11.0331172943115,"Unknown"
"5020592",378627,2026-05-05 01:14:19,28.830192565918,-11.033881187439,"Unknown"
"5020592",378627,2026-05-05 01:19:14,28.8297080993652,-11.0346641540527,"Unknown"
"5020592",378627,2026-05-05 01:24:33,28.8291778564453,-11.0352945327759,"Unknown"
"5020592",378627,2026-05-05 01:29:08,28.8319702148438,-11.0310144424438,"Unknown"
"5020592",378627,2026-05-05 01:34:08,28.8314647674561,-11.0317430496216,"Unknown"
"5020592",378627,2026-05-05 01:39:08,28.8309650421143,-11.0324659347534,"Unknown"
"5020592",378627,2026-05-05 01:44:08,28.8305053710938,-11.0330657958984,"Unknown"
"5020592",378627,2026-05-05 01:49:08,28.8300628662109,-11.0337247848511,"Unknown"
"5020592",378627,2026-05-05 01:54:08,28.8296318054199,-11.0345230102539,"Unknown"
"5020592",378627,2026-05-05 01:59:08,28.8291988372803,-11.0351848602295,"Unknown"
"5020592",378627,2026-05-05 02:04:09,28.8288059234619,-11.0359077453613,"Unknown"
"5020592",378627,2026-05-05 02:09:08,28.8283882141113,-11.0365781784058,"Unknown"
"5020592",378627,2026-05-05 02:14:09,28.8279876708984,-11.0372753143311,"Unknown"
"5020592",378627,2026-05-05 02:19:09,28.8276100158691,-11.037992477417,"Unknown"
"5020592",378627,2026-05-05 02:24:10,28.8272533416748,-11.0387125015259,"Unknown"
"5020592",378627,2026-05-05 02:29:08,28.8269424438477,-11.0393152236938,"Unknown"
"5020592",378627,2026-05-05 02:34:09,28.8275966644287,-11.0395240783691,"Unknown"
"5020592",378627,2026-05-05 02:39:10,28.8295211791992,-11.0351409912109,"Unknown"
"5020592",378627,2026-05-05 02:44:08,28.8291816711426,-11.0359582901001,"Unknown"
"5020592",378627,2026-05-05 02:49:08,28.8287410736084,-11.0363893508911,"Unknown"
"5020592",378627,2026-05-05 02:54:09,28.8283977508545,-11.037091255188,"Unknown"
"5020592",378627,2026-05-05 02:59:08,28.828067779541,-11.0378742218018,"Unknown"
"5020592",378627,2026-05-05 03:04:09,28.82763671875,-11.0386638641357,"Unknown"
"5020592",378627,2026-05-05 03:09:11,28.8273181915283,-11.0394420623779,"Unknown"
"5020592",378627,2026-05-05 03:14:09,28.8269138336182,-11.0401582717896,"Unknown"
"5020592",378627,2026-05-05 03:19:10,28.8266639709473,-11.040885925293,"Unknown"
"5020592",378627,2026-05-05 03:24:33,28.8263149261475,-11.041693687439,"Unknown"
"5020592",378627,2026-05-05 03:29:08,28.8260879516602,-11.0422916412354,"Unknown"
"5020592",378627,2026-05-05 03:34:08,28.8257865905762,-11.0429058074951,"Unknown"
"5020592",378627,2026-05-05 03:39:08,28.8253860473633,-11.0434923171997,"Unknown"
"5020592",378627,2026-05-05 03:44:08,28.8268203735352,-11.0354099273682,"Unknown"
"5020592",378627,2026-05-05 03:49:08,28.8265724182129,-11.0360231399536,"Unknown"
"5020592",378627,2026-05-05 03:54:09,28.8263339996338,-11.0365905761719,"Unknown"
"5020592",378627,2026-05-05 03:59:09,28.8260078430176,-11.0371999740601,"Unknown"
"5020592",378627,2026-05-05 04:04:09,28.8257236480713,-11.0378589630127,"Unknown"
"5020592",378627,2026-05-05 04:09:08,28.8254432678223,-11.0384950637817,"Unknown"
"5020592",378627,2026-05-05 04:14:09,28.8252372741699,-11.0391407012939,"Unknown"
"5020592",378627,2026-05-05 04:19:09,28.8249759674072,-11.0397434234619,"Unknown"
"5020592",378627,2026-05-05 04:24:09,28.8246002197266,-11.0402965545654,"Unknown"
"5020592",378627,2026-05-05 04:29:09,28.8242435455322,-11.0408926010132,"Unknown"
"5020592",378627,2026-05-05 04:34:09,28.8239326477051,-11.0415058135986,"Unknown"
"5020592",378627,2026-05-05 04:39:09,28.8234558105469,-11.0420827865601,"Unknown"
"5020592",378627,2026-05-05 04:44:09,28.8230667114258,-11.0426692962646,"Unknown"
"5020592",378627,2026-05-05 04:49:10,28.822717666626,-11.0433368682861,"Unknown"
"5020592",378627,2026-05-05 04:54:10,28.8223896026611,-11.0439186096191,"Unknown"
"5020592",378627,2026-05-05 04:59:11,28.8221015930176,-11.0445861816406,"Unknown"
"5020592",378627,2026-05-05 05:04:12,28.8217811584473,-11.0452499389648,"Unknown"
"5020592",378627,2026-05-05 05:09:11,28.8214263916016,-11.0458564758301,"Unknown"
"5020592",378627,2026-05-05 05:14:11,28.8211097717285,-11.0464525222778,"Unknown"
"5020592",378627,2026-05-05 05:19:14,28.8207015991211,-11.0470094680786,"Unknown"
